03-21 22:57:39[INFO]-log4cpp init over!
03-21 22:57:39[INFO]-==========glinkd setup begin==========
03-21 22:57:39[INFO]-LinkServer:LimitConfig:window=10,high=3
03-21 22:57:39[INFO]-LinkServer.checkunknownprotocol=0,listen_port_open=1
03-21 22:57:39[INFO]-LinkServer.session_state_check=1
03-21 22:57:39[INFO]-LinkServer.keepalive_open=1,keepalive_interval=30
03-21 22:57:39[INFO]-LinkServer.max_user=10000,halflogin_limit=3000
03-21 22:57:39[INFO]-LinkServer:StartListen
03-21 22:57:39[INFO]-LinkServer init success,ip=0.0.0.0,port=42001.
03-21 22:57:39[INFO]-ProviderServer init success,ip=127.0.0.1,port=43001.
03-21 22:57:39[INFO]-DeliveryClient init success.
03-21 22:57:39[INFO]-==========glinkd setup success==========
03-21 22:57:39[INFO]-DeliveryClient:OnAbortSession:connect to deliver failed,sid=0
03-21 22:57:41[INFO]-DeliveryClient:OnAbortSession:connect to deliver failed,sid=0
03-21 22:57:45[INFO]-DeliveryClient:OnAddSession:connect to deliver success,sid=10
03-21 22:57:46[INFO]-AnnounceServerAttribute:Process:from deliver.
03-21 22:57:46[INFO]-ServerIDResponse:Process:palttype=1,serverid=1000000001
03-21 22:57:59[INFO]-ProviderServer:OnAddSession:add a gs,sid=11
03-21 22:57:59[INFO]-AnnounceServerAttribute:Process:from deliver.
03-21 22:57:59[INFO]-Bind:Process:from gs,pvid=12,sid=11
03-21 22:57:59[INFO]-LinkSessions:bind:linkids.size = 0
03-21 22:57:59[INFO]-glinkd bind provider ok,pvid=12
03-21 22:57:59[INFO]-LinkServerControl::Process:from gs,ptype=0
03-21 22:57:59[DEBUG]-LinkServerControl::Process:from gs,ptype=E_START_LISTEN
03-21 22:58:39[DEBUG]-CheckTimer:CheckConnection:===========
03-21 22:58:54[DEBUG]-CheckTimer:CheckConnection:===========
03-21 22:59:09[DEBUG]-CheckTimer:CheckConnection:===========
03-21 22:59:24[DEBUG]-CheckTimer:CheckConnection:===========
03-21 22:59:39[DEBUG]-CheckTimer:CheckConnection:===========
03-21 22:59:54[DEBUG]-CheckTimer:CheckConnection:===========
03-21 23:00:09[DEBUG]-CheckTimer:CheckConnection:===========
03-21 23:00:24[DEBUG]-CheckTimer:CheckConnection:===========
03-21 23:00:28[DEBUG]-Broadcast:Process:type=7
03-21 23:00:39[DEBUG]-CheckTimer:CheckConnection:===========
03-21 23:00:54[DEBUG]-CheckTimer:CheckConnection:===========
03-21 23:01:09[DEBUG]-CheckTimer:CheckConnection:===========
03-21 23:01:24[DEBUG]-CheckTimer:CheckConnection:===========
03-21 23:01:39[DEBUG]-CheckTimer:CheckConnection:===========
03-21 23:01:54[DEBUG]-CheckTimer:CheckConnection:===========
03-21 23:02:09[DEBUG]-CheckTimer:CheckConnection:===========
03-21 23:02:24[DEBUG]-CheckTimer:CheckConnection:===========
03-21 23:02:39[DEBUG]-CheckTimer:CheckConnection:===========
03-21 23:02:54[DEBUG]-CheckTimer:CheckConnection:===========
03-21 23:02:58[DEBUG]-Broadcast:Process:type=7
03-21 23:03:09[DEBUG]-CheckTimer:CheckConnection:===========
03-21 23:03:24[DEBUG]-CheckTimer:CheckConnection:===========
03-21 23:03:39[DEBUG]-CheckTimer:CheckConnection:===========
03-21 23:03:54[DEBUG]-CheckTimer:CheckConnection:===========
03-21 23:04:09[DEBUG]-CheckTimer:CheckConnection:===========
03-21 23:04:24[DEBUG]-CheckTimer:CheckConnection:===========
03-21 23:04:39[DEBUG]-CheckTimer:CheckConnection:===========
03-21 23:04:54[DEBUG]-CheckTimer:CheckConnection:===========
03-21 23:05:09[DEBUG]-CheckTimer:CheckConnection:===========
03-21 23:05:24[DEBUG]-CheckTimer:CheckConnection:===========
03-21 23:05:28[DEBUG]-Broadcast:Process:type=7
03-21 23:05:39[DEBUG]-CheckTimer:CheckConnection:===========
03-21 23:05:54[DEBUG]-CheckTimer:CheckConnection:===========
03-21 23:06:09[DEBUG]-CheckTimer:CheckConnection:===========
03-21 23:06:24[DEBUG]-CheckTimer:CheckConnection:===========
03-21 23:06:39[DEBUG]-CheckTimer:CheckConnection:===========
03-21 23:06:54[DEBUG]-CheckTimer:CheckConnection:===========
03-21 23:07:09[DEBUG]-CheckTimer:CheckConnection:===========
03-21 23:07:24[DEBUG]-CheckTimer:CheckConnection:===========
03-21 23:07:39[DEBUG]-CheckTimer:CheckConnection:===========
03-21 23:07:54[DEBUG]-CheckTimer:CheckConnection:===========
03-21 23:07:58[DEBUG]-Broadcast:Process:type=7
03-21 23:08:09[DEBUG]-CheckTimer:CheckConnection:===========
03-21 23:08:24[DEBUG]-CheckTimer:CheckConnection:===========
03-21 23:08:39[DEBUG]-CheckTimer:CheckConnection:===========
03-21 23:08:54[DEBUG]-CheckTimer:CheckConnection:===========
03-21 23:09:09[DEBUG]-CheckTimer:CheckConnection:===========
03-21 23:09:24[DEBUG]-CheckTimer:CheckConnection:===========
03-21 23:09:39[DEBUG]-CheckTimer:CheckConnection:===========
03-21 23:09:54[DEBUG]-CheckTimer:CheckConnection:===========
03-21 23:10:09[DEBUG]-CheckTimer:CheckConnection:===========
03-21 23:10:24[DEBUG]-CheckTimer:CheckConnection:===========
03-21 23:10:28[DEBUG]-Broadcast:Process:type=7
03-21 23:10:39[DEBUG]-CheckTimer:CheckConnection:===========
03-21 23:10:54[DEBUG]-CheckTimer:CheckConnection:===========
03-21 23:11:09[DEBUG]-CheckTimer:CheckConnection:===========
03-21 23:11:24[DEBUG]-CheckTimer:CheckConnection:===========
03-21 23:11:39[DEBUG]-CheckTimer:CheckConnection:===========
03-21 23:11:47[DEBUG]-LinkServer:OnAddSession:add new client,sid=12.
03-21 23:11:47[INFO]-LinkServer:OnDelSession:close a client,userid=0,sid=12,reason=1
03-21 23:11:50[DEBUG]-LinkServer:OnAddSession:add new client,sid=13.
03-21 23:11:50[INFO]-Response:Process:user(account=www888),logintype=1.
03-21 23:11:50[INFO]-MatrixPasswdRep:Process:user(id=4) sid=13,retcode=0
03-21 23:11:50[INFO]-MatrixPasswdRep:Process:user(id=4) sid=13,blkickuser=0
03-21 23:11:50[INFO]-KeyExchange:Process:user(id=4) sid=13
03-21 23:11:50[INFO]-OnlineAnnounce:Process:user(id=4) algorithm=0x0
03-21 23:11:50[INFO]-OnlineAnnounce:Process:accountid=4,account=www888,peer=27.23.191.141,mid=locojoy login!
03-21 23:11:50[INFO]-AnnounceServerAttribute:Process:from deliver.
03-21 23:11:50[DEBUG]-LinkServer:DispatchUnknownProtocol:user(id=4,sid=13) send Dispatch ok,pvid=12,type=1
03-21 23:11:50[INFO]-SetLogin::Process:roleid=-1,linksid=13,login=1
03-21 23:11:50[DEBUG]-Send:Process:user(id=4,sid=13) type=84
03-21 23:11:50[DEBUG]-Send:Process:user(id=4,sid=13) type=2
03-21 23:11:50[DEBUG]-LinkServer:DispatchUnknownProtocol:user(id=4,sid=13) send Dispatch ok,pvid=12,type=82
03-21 23:11:50[DEBUG]-Send:Process:user(id=4,sid=13) type=83
03-21 23:11:51[DEBUG]-LinkServer:DispatchUnknownProtocol:user(id=4,sid=13) send Dispatch ok,pvid=12,type=21020
03-21 23:11:54[DEBUG]-CheckTimer:CheckConnection:===========
03-21 23:11:54[DEBUG]-CheckTimer:CheckConnection:user(id=4,sid=13) alivetime:15.
03-21 23:11:54[DEBUG]-LinkServer:DispatchUnknownProtocol:user(id=4,sid=13) send Dispatch ok,pvid=12,type=42
03-21 23:11:54[DEBUG]-KeepAlive:Process:user(id=4) code=54079,sid=13
03-21 23:11:54[DEBUG]-Send:Process:user(id=4,sid=13) type=43
03-21 23:11:54[DEBUG]-LinkServer:DispatchUnknownProtocol:user(id=4,sid=13) send Dispatch ok,pvid=12,type=3
03-21 23:11:54[DEBUG]-Send:Process:user(id=4,sid=13) type=4
03-21 23:11:55[DEBUG]-LinkServer:DispatchUnknownProtocol:user(id=4,sid=13) send Dispatch ok,pvid=12,type=5
03-21 23:11:55[DEBUG]-Send:Process:user(id=4,sid=13) type=6
03-21 23:11:55[DEBUG]-Send:Process:user(id=4,sid=13) type=7
03-21 23:11:55[DEBUG]-Send:Process:user(id=4,sid=13) type=97
03-21 23:11:55[DEBUG]-LinkServer:DispatchUnknownProtocol:user(id=4,sid=13) send Dispatch ok,pvid=12,type=23942
03-21 23:11:55[DEBUG]-Send:Process:user(id=4,sid=13) type=14014
03-21 23:11:55[DEBUG]-Send:Process:user(id=4,sid=13) type=13000
03-21 23:11:55[DEBUG]-Send:Process:user(id=4,sid=13) type=14014
03-21 23:11:55[DEBUG]-Send:Process:user(id=4,sid=13) type=13000
03-21 23:11:55[DEBUG]-Send:Process:user(id=4,sid=13) type=14014
03-21 23:11:55[DEBUG]-Send:Process:user(id=4,sid=13) type=13000
03-21 23:11:55[DEBUG]-Send:Process:user(id=4,sid=13) type=23907
03-21 23:11:55[DEBUG]-Send:Process:user(id=4,sid=13) type=13000
03-21 23:11:55[DEBUG]-Send:Process:user(id=4,sid=13) type=26010
03-21 23:11:55[DEBUG]-Send:Process:user(id=4,sid=13) type=26256
03-21 23:11:55[DEBUG]-Send:Process:user(id=4,sid=13) type=26029
03-21 23:11:55[DEBUG]-Send:Process:user(id=4,sid=13) type=19025
03-21 23:11:55[DEBUG]-Send:Process:user(id=4,sid=13) type=29
03-21 23:11:55[DEBUG]-Send:Process:user(id=4,sid=13) type=89
03-21 23:11:55[DEBUG]-Send:Process:user(id=4,sid=13) type=31550
03-21 23:11:55[DEBUG]-Send:Process:user(id=4,sid=13) type=4009
03-21 23:11:55[DEBUG]-Send:Process:user(id=4,sid=13) type=20001
03-21 23:11:55[DEBUG]-Send:Process:user(id=4,sid=13) type=32712
03-21 23:11:55[DEBUG]-Send:Process:user(id=4,sid=13) type=4005
03-21 23:11:55[DEBUG]-Send:Process:user(id=4,sid=13) type=4005
03-21 23:11:55[DEBUG]-Send:Process:user(id=4,sid=13) type=22085
03-21 23:11:55[DEBUG]-Send:Process:user(id=4,sid=13) type=32404
03-21 23:11:55[DEBUG]-Send:Process:user(id=4,sid=13) type=32401
03-21 23:11:55[DEBUG]-Send:Process:user(id=4,sid=13) type=14015
03-21 23:11:55[DEBUG]-Send:Process:user(id=4,sid=13) type=14057
03-21 23:11:55[DEBUG]-Send:Process:user(id=4,sid=13) type=14011
03-21 23:11:55[DEBUG]-Send:Process:user(id=4,sid=13) type=1075
03-21 23:11:55[DEBUG]-Send:Process:user(id=4,sid=13) type=99
03-21 23:11:55[DEBUG]-Send:Process:user(id=4,sid=13) type=1299
03-21 23:11:55[DEBUG]-Send:Process:user(id=4,sid=13) type=26214
03-21 23:11:55[DEBUG]-Send:Process:user(id=4,sid=13) type=13004
03-21 23:11:55[DEBUG]-Send:Process:user(id=4,sid=13) type=13004
03-21 23:11:55[DEBUG]-Send:Process:user(id=4,sid=13) type=13005
03-21 23:11:55[DEBUG]-Send:Process:user(id=4,sid=13) type=8043
03-21 23:11:55[DEBUG]-Send:Process:user(id=4,sid=13) type=32407
03-21 23:11:55[DEBUG]-Send:Process:user(id=4,sid=13) type=23907
03-21 23:11:55[DEBUG]-Send:Process:user(id=4,sid=13) type=23908
03-21 23:11:55[DEBUG]-Send:Process:user(id=4,sid=13) type=19013
03-21 23:11:55[DEBUG]-Send:Process:user(id=4,sid=13) type=19017
03-21 23:11:55[DEBUG]-Send:Process:user(id=4,sid=13) type=4005
03-21 23:11:55[DEBUG]-Send:Process:user(id=4,sid=13) type=4033
03-21 23:11:55[DEBUG]-Send:Process:user(id=4,sid=13) type=6005
03-21 23:11:55[DEBUG]-LinkServer:DispatchUnknownProtocol:user(id=4,sid=13) send Dispatch ok,pvid=12,type=4060
03-21 23:11:55[DEBUG]-LinkServer:DispatchUnknownProtocol:user(id=4,sid=13) send Dispatch ok,pvid=12,type=26055
03-21 23:11:55[DEBUG]-Send:Process:user(id=4,sid=13) type=26057
03-21 23:11:56[DEBUG]-LinkServer:DispatchUnknownProtocol:user(id=4,sid=13) send Dispatch ok,pvid=12,type=26055
03-21 23:11:56[DEBUG]-Send:Process:user(id=4,sid=13) type=26057
03-21 23:11:56[DEBUG]-LinkServer:DispatchUnknownProtocol:user(id=4,sid=13) send Dispatch ok,pvid=12,type=32764
03-21 23:11:56[DEBUG]-LinkServer:DispatchUnknownProtocol:user(id=4,sid=13) send Dispatch ok,pvid=12,type=26051
03-21 23:11:56[DEBUG]-LinkServer:DispatchUnknownProtocol:user(id=4,sid=13) send Dispatch ok,pvid=12,type=22086
03-21 23:11:56[DEBUG]-LinkServer:DispatchUnknownProtocol:user(id=4,sid=13) send Dispatch ok,pvid=12,type=126
03-21 23:11:56[DEBUG]-LinkServer:DispatchUnknownProtocol:user(id=4,sid=13) send Dispatch ok,pvid=12,type=22022
03-21 23:11:56[DEBUG]-Send:Process:user(id=4,sid=13) type=32765
03-21 23:11:56[DEBUG]-LinkServer:DispatchUnknownProtocol:user(id=4,sid=13) send Dispatch ok,pvid=12,type=19052
03-21 23:11:56[DEBUG]-Send:Process:user(id=4,sid=13) type=22087
03-21 23:11:56[DEBUG]-Send:Process:user(id=4,sid=13) type=127
03-21 23:11:56[DEBUG]-Send:Process:user(id=4,sid=13) type=19053
03-21 23:11:56[DEBUG]-LinkServer:DispatchUnknownProtocol:user(id=4,sid=13) send Dispatch ok,pvid=12,type=24205
03-21 23:11:56[DEBUG]-LinkServer:DispatchUnknownProtocol:user(id=4,sid=13) send Dispatch ok,pvid=12,type=24205
03-21 23:11:56[DEBUG]-Send:Process:user(id=4,sid=13) type=24206
03-21 23:11:56[DEBUG]-Send:Process:user(id=4,sid=13) type=24206
03-21 23:11:56[DEBUG]-LinkServer:DispatchUnknownProtocol:user(id=4,sid=13) send Dispatch ok,pvid=12,type=19108
03-21 23:11:56[DEBUG]-LinkServer:DispatchUnknownProtocol:user(id=4,sid=13) send Dispatch ok,pvid=12,type=94
03-21 23:11:56[DEBUG]-LinkServer:DispatchUnknownProtocol:user(id=4,sid=13) send Dispatch ok,pvid=12,type=9037
03-21 23:11:56[DEBUG]-LinkServer:DispatchUnknownProtocol:user(id=4,sid=13) send Dispatch ok,pvid=12,type=24100
03-21 23:11:56[DEBUG]-LinkServer:DispatchUnknownProtocol:user(id=4,sid=13) send Dispatch ok,pvid=12,type=22044
03-21 23:11:56[DEBUG]-LinkServer:DispatchUnknownProtocol:user(id=4,sid=13) send Dispatch ok,pvid=12,type=61
03-21 23:11:56[DEBUG]-Send:Process:user(id=4,sid=13) type=95
03-21 23:11:56[DEBUG]-Send:Process:user(id=4,sid=13) type=9038
03-21 23:11:56[DEBUG]-Send:Process:user(id=4,sid=13) type=19109
03-21 23:11:56[DEBUG]-Send:Process:user(id=4,sid=13) type=24101
03-21 23:11:56[DEBUG]-LinkServer:DispatchUnknownProtocol:user(id=4,sid=13) send Dispatch ok,pvid=12,type=19104
03-21 23:11:56[DEBUG]-Send:Process:user(id=4,sid=13) type=19105
03-21 23:11:56[DEBUG]-LinkServer:DispatchUnknownProtocol:user(id=4,sid=13) send Dispatch ok,pvid=12,type=19104
03-21 23:11:56[DEBUG]-Send:Process:user(id=4,sid=13) type=19105
03-21 23:11:58[DEBUG]-LinkServer:DispatchUnknownProtocol:user(id=4,sid=13) send Dispatch ok,pvid=12,type=111
03-21 23:11:58[DEBUG]-KeepAlive:Process:user(id=4) code=57929,sid=13
03-21 23:11:58[DEBUG]-LinkServer:DispatchUnknownProtocol:user(id=4,sid=13) send Dispatch ok,pvid=12,type=27
03-21 23:11:58[DEBUG]-LinkServer:DispatchUnknownProtocol:user(id=4,sid=13) send Dispatch ok,pvid=12,type=19084
03-21 23:11:58[DEBUG]-Send:Process:user(id=4,sid=13) type=4009
03-21 23:11:58[DEBUG]-Send:Process:user(id=4,sid=13) type=4006
03-21 23:11:58[DEBUG]-Send:Process:user(id=4,sid=13) type=4005
03-21 23:11:58[DEBUG]-LinkServer:DispatchUnknownProtocol:user(id=4,sid=13) send Dispatch ok,pvid=12,type=4001
03-21 23:11:58[DEBUG]-LinkServer:DispatchUnknownProtocol:user(id=4,sid=13) send Dispatch ok,pvid=12,type=4001
03-21 23:11:59[DEBUG]-LinkServer:DispatchUnknownProtocol:user(id=4,sid=13) send Dispatch ok,pvid=12,type=4003
03-21 23:11:59[DEBUG]-LinkServer:DispatchUnknownProtocol:user(id=4,sid=13) send Dispatch ok,pvid=12,type=4003
03-21 23:12:00[DEBUG]-LinkServer:DispatchUnknownProtocol:user(id=4,sid=13) send Dispatch ok,pvid=12,type=4003
03-21 23:12:00[DEBUG]-LinkServer:DispatchUnknownProtocol:user(id=4,sid=13) send Dispatch ok,pvid=12,type=4003
03-21 23:12:01[DEBUG]-LinkServer:DispatchUnknownProtocol:user(id=4,sid=13) send Dispatch ok,pvid=12,type=4003
03-21 23:12:01[DEBUG]-LinkServer:DispatchUnknownProtocol:user(id=4,sid=13) send Dispatch ok,pvid=12,type=4003
03-21 23:12:01[DEBUG]-KeepAlive:Process:user(id=4) code=61602,sid=13
03-21 23:12:02[DEBUG]-LinkServer:DispatchUnknownProtocol:user(id=4,sid=13) send Dispatch ok,pvid=12,type=4003
03-21 23:12:02[DEBUG]-LinkServer:DispatchUnknownProtocol:user(id=4,sid=13) send Dispatch ok,pvid=12,type=4003
03-21 23:12:03[DEBUG]-LinkServer:DispatchUnknownProtocol:user(id=4,sid=13) send Dispatch ok,pvid=12,type=4003
03-21 23:12:03[DEBUG]-LinkServer:DispatchUnknownProtocol:user(id=4,sid=13) send Dispatch ok,pvid=12,type=4001
03-21 23:12:03[DEBUG]-LinkServer:DispatchUnknownProtocol:user(id=4,sid=13) send Dispatch ok,pvid=12,type=9001
03-21 23:12:03[DEBUG]-Send:Process:user(id=4,sid=13) type=9002
03-21 23:12:03[DEBUG]-LinkServer:DispatchUnknownProtocol:user(id=4,sid=13) send Dispatch ok,pvid=12,type=4010
03-21 23:12:03[DEBUG]-LinkServer:DispatchUnknownProtocol:user(id=4,sid=13) send Dispatch ok,pvid=12,type=4010
03-21 23:12:05[DEBUG]-KeepAlive:Process:user(id=4) code=65556,sid=13
03-21 23:12:08[DEBUG]-KeepAlive:Process:user(id=4) code=68611,sid=13
03-21 23:12:09[DEBUG]-CheckTimer:CheckConnection:===========
03-21 23:12:09[DEBUG]-CheckTimer:CheckConnection:user(id=4,sid=13) alivetime:15.
03-21 23:12:11[DEBUG]-KeepAlive:Process:user(id=4) code=71658,sid=13
03-21 23:12:14[DEBUG]-KeepAlive:Process:user(id=4) code=74698,sid=13
03-21 23:12:17[DEBUG]-KeepAlive:Process:user(id=4) code=77747,sid=13
03-21 23:12:20[DEBUG]-KeepAlive:Process:user(id=4) code=80796,sid=13
03-21 23:12:21[DEBUG]-LinkServer:DispatchUnknownProtocol:user(id=4,sid=13) send Dispatch ok,pvid=12,type=19012
03-21 23:12:21[DEBUG]-Send:Process:user(id=4,sid=13) type=19015
03-21 23:12:21[DEBUG]-Send:Process:user(id=4,sid=13) type=19013
03-21 23:12:21[DEBUG]-Send:Process:user(id=4,sid=13) type=6015
03-21 23:12:21[DEBUG]-Send:Process:user(id=4,sid=13) type=13
03-21 23:12:21[DEBUG]-Send:Process:user(id=4,sid=13) type=1018
03-21 23:12:21[DEBUG]-Send:Process:user(id=4,sid=13) type=6005
03-21 23:12:21[DEBUG]-Send:Process:user(id=4,sid=13) type=19017
03-21 23:12:24[DEBUG]-CheckTimer:CheckConnection:===========
03-21 23:12:24[DEBUG]-CheckTimer:CheckConnection:user(id=4,sid=13) alivetime:15.
03-21 23:12:24[DEBUG]-KeepAlive:Process:user(id=4) code=84764,sid=13
03-21 23:12:27[DEBUG]-KeepAlive:Process:user(id=4) code=87799,sid=13
03-21 23:12:31[DEBUG]-KeepAlive:Process:user(id=4) code=90840,sid=13
03-21 23:12:34[DEBUG]-KeepAlive:Process:user(id=4) code=93894,sid=13
03-21 23:12:37[DEBUG]-KeepAlive:Process:user(id=4) code=96940,sid=13
03-21 23:12:39[DEBUG]-CheckTimer:CheckConnection:===========
03-21 23:12:39[DEBUG]-CheckTimer:CheckConnection:user(id=4,sid=13) alivetime:15.
03-21 23:12:40[DEBUG]-KeepAlive:Process:user(id=4) code=99985,sid=13
03-21 23:12:43[DEBUG]-KeepAlive:Process:user(id=4) code=103022,sid=13
03-21 23:12:46[DEBUG]-KeepAlive:Process:user(id=4) code=106058,sid=13
03-21 23:12:49[DEBUG]-KeepAlive:Process:user(id=4) code=109109,sid=13
03-21 23:12:52[DEBUG]-KeepAlive:Process:user(id=4) code=112136,sid=13
03-21 23:12:54[DEBUG]-CheckTimer:CheckConnection:===========
03-21 23:12:54[DEBUG]-CheckTimer:CheckConnection:user(id=4,sid=13) alivetime:15.
03-21 23:12:55[DEBUG]-KeepAlive:Process:user(id=4) code=115188,sid=13
03-21 23:12:58[DEBUG]-LinkServer:DispatchUnknownProtocol:user(id=4,sid=13) send Dispatch ok,pvid=12,type=23944
03-21 23:12:58[DEBUG]-KeepAlive:Process:user(id=4) code=118080,sid=13
03-21 23:12:58[DEBUG]-Broadcast:Process:type=7
03-21 23:13:01[DEBUG]-KeepAlive:Process:user(id=4) code=121510,sid=13
03-21 23:13:04[DEBUG]-KeepAlive:Process:user(id=4) code=124565,sid=13
03-21 23:13:07[DEBUG]-KeepAlive:Process:user(id=4) code=127606,sid=13
03-21 23:13:09[DEBUG]-CheckTimer:CheckConnection:===========
03-21 23:13:09[DEBUG]-CheckTimer:CheckConnection:user(id=4,sid=13) alivetime:15.
03-21 23:13:10[DEBUG]-KeepAlive:Process:user(id=4) code=130645,sid=13
03-21 23:13:13[DEBUG]-KeepAlive:Process:user(id=4) code=133687,sid=13
03-21 23:13:16[DEBUG]-KeepAlive:Process:user(id=4) code=136714,sid=13
03-21 23:13:19[DEBUG]-KeepAlive:Process:user(id=4) code=139759,sid=13
03-21 23:13:22[DEBUG]-KeepAlive:Process:user(id=4) code=142804,sid=13
03-21 23:13:24[DEBUG]-CheckTimer:CheckConnection:===========
03-21 23:13:24[DEBUG]-CheckTimer:CheckConnection:user(id=4,sid=13) alivetime:15.
03-21 23:13:26[DEBUG]-KeepAlive:Process:user(id=4) code=145837,sid=13
03-21 23:13:29[DEBUG]-KeepAlive:Process:user(id=4) code=148896,sid=13
03-21 23:13:32[DEBUG]-KeepAlive:Process:user(id=4) code=151938,sid=13
03-21 23:13:35[DEBUG]-KeepAlive:Process:user(id=4) code=154985,sid=13
03-21 23:13:38[DEBUG]-KeepAlive:Process:user(id=4) code=158035,sid=13
03-21 23:13:39[DEBUG]-CheckTimer:CheckConnection:===========
03-21 23:13:39[DEBUG]-CheckTimer:CheckConnection:user(id=4,sid=13) alivetime:15.
03-21 23:13:41[DEBUG]-KeepAlive:Process:user(id=4) code=161072,sid=13
03-21 23:13:44[DEBUG]-KeepAlive:Process:user(id=4) code=164110,sid=13
03-21 23:13:47[DEBUG]-KeepAlive:Process:user(id=4) code=167169,sid=13
03-21 23:13:50[DEBUG]-KeepAlive:Process:user(id=4) code=170219,sid=13
03-21 23:13:53[DEBUG]-KeepAlive:Process:user(id=4) code=173259,sid=13
03-21 23:13:54[DEBUG]-CheckTimer:CheckConnection:===========
03-21 23:13:54[DEBUG]-CheckTimer:CheckConnection:user(id=4,sid=13) alivetime:15.
03-21 23:13:56[DEBUG]-KeepAlive:Process:user(id=4) code=176317,sid=13
03-21 23:13:58[DEBUG]-LinkServer:DispatchUnknownProtocol:user(id=4,sid=13) send Dispatch ok,pvid=12,type=23944
03-21 23:14:00[DEBUG]-KeepAlive:Process:user(id=4) code=180100,sid=13
03-21 23:14:03[DEBUG]-KeepAlive:Process:user(id=4) code=183137,sid=13
03-21 23:14:06[DEBUG]-KeepAlive:Process:user(id=4) code=186181,sid=13
03-21 23:14:09[DEBUG]-CheckTimer:CheckConnection:===========
03-21 23:14:09[DEBUG]-CheckTimer:CheckConnection:user(id=4,sid=13) alivetime:15.
03-21 23:14:09[DEBUG]-KeepAlive:Process:user(id=4) code=189219,sid=13
03-21 23:14:12[DEBUG]-KeepAlive:Process:user(id=4) code=192265,sid=13
03-21 23:14:15[DEBUG]-KeepAlive:Process:user(id=4) code=195313,sid=13
03-21 23:14:18[DEBUG]-KeepAlive:Process:user(id=4) code=198355,sid=13
03-21 23:14:21[DEBUG]-KeepAlive:Process:user(id=4) code=201392,sid=13
03-21 23:14:24[DEBUG]-CheckTimer:CheckConnection:===========
03-21 23:14:24[DEBUG]-CheckTimer:CheckConnection:user(id=4,sid=13) alivetime:15.
03-21 23:14:24[DEBUG]-KeepAlive:Process:user(id=4) code=204433,sid=13
03-21 23:14:27[DEBUG]-KeepAlive:Process:user(id=4) code=207497,sid=13
03-21 23:14:30[DEBUG]-KeepAlive:Process:user(id=4) code=210550,sid=13
03-21 23:14:33[DEBUG]-KeepAlive:Process:user(id=4) code=213591,sid=13
03-21 23:14:36[DEBUG]-KeepAlive:Process:user(id=4) code=216639,sid=13
03-21 23:14:39[DEBUG]-CheckTimer:CheckConnection:===========
03-21 23:14:39[DEBUG]-CheckTimer:CheckConnection:user(id=4,sid=13) alivetime:15.
03-21 23:14:39[DEBUG]-KeepAlive:Process:user(id=4) code=219691,sid=13
03-21 23:14:42[DEBUG]-KeepAlive:Process:user(id=4) code=222735,sid=13
03-21 23:14:45[DEBUG]-KeepAlive:Process:user(id=4) code=225795,sid=13
03-21 23:14:49[DEBUG]-KeepAlive:Process:user(id=4) code=228853,sid=13
03-21 23:14:52[DEBUG]-KeepAlive:Process:user(id=4) code=231897,sid=13
03-21 23:14:54[DEBUG]-CheckTimer:CheckConnection:===========
03-21 23:14:54[DEBUG]-CheckTimer:CheckConnection:user(id=4,sid=13) alivetime:15.
03-21 23:14:55[DEBUG]-KeepAlive:Process:user(id=4) code=234947,sid=13
03-21 23:14:58[DEBUG]-KeepAlive:Process:user(id=4) code=237980,sid=13
03-21 23:14:58[DEBUG]-LinkServer:DispatchUnknownProtocol:user(id=4,sid=13) send Dispatch ok,pvid=12,type=23944
03-21 23:15:01[DEBUG]-KeepAlive:Process:user(id=4) code=241107,sid=13
03-21 23:15:04[DEBUG]-KeepAlive:Process:user(id=4) code=244155,sid=13
03-21 23:15:07[DEBUG]-KeepAlive:Process:user(id=4) code=247212,sid=13
03-21 23:15:09[DEBUG]-CheckTimer:CheckConnection:===========
03-21 23:15:09[DEBUG]-CheckTimer:CheckConnection:user(id=4,sid=13) alivetime:15.
03-21 23:15:10[DEBUG]-KeepAlive:Process:user(id=4) code=250246,sid=13
03-21 23:15:13[DEBUG]-KeepAlive:Process:user(id=4) code=253292,sid=13
03-21 23:15:16[DEBUG]-KeepAlive:Process:user(id=4) code=256334,sid=13
03-21 23:15:19[DEBUG]-KeepAlive:Process:user(id=4) code=259364,sid=13
03-21 23:15:22[DEBUG]-KeepAlive:Process:user(id=4) code=262408,sid=13
03-21 23:15:24[DEBUG]-CheckTimer:CheckConnection:===========
03-21 23:15:24[DEBUG]-CheckTimer:CheckConnection:user(id=4,sid=13) alivetime:15.
03-21 23:15:25[DEBUG]-KeepAlive:Process:user(id=4) code=265459,sid=13
03-21 23:15:28[DEBUG]-Broadcast:Process:type=7
03-21 23:15:28[DEBUG]-KeepAlive:Process:user(id=4) code=268495,sid=13
03-21 23:15:31[DEBUG]-KeepAlive:Process:user(id=4) code=271544,sid=13
03-21 23:15:34[DEBUG]-KeepAlive:Process:user(id=4) code=274586,sid=13
03-21 23:15:37[DEBUG]-KeepAlive:Process:user(id=4) code=277641,sid=13
03-21 23:15:39[DEBUG]-CheckTimer:CheckConnection:===========
03-21 23:15:39[DEBUG]-CheckTimer:CheckConnection:user(id=4,sid=13) alivetime:15.
03-21 23:15:40[DEBUG]-KeepAlive:Process:user(id=4) code=280693,sid=13
03-21 23:15:43[DEBUG]-KeepAlive:Process:user(id=4) code=283741,sid=13
03-21 23:15:46[DEBUG]-KeepAlive:Process:user(id=4) code=286773,sid=13
03-21 23:15:50[DEBUG]-KeepAlive:Process:user(id=4) code=289825,sid=13
03-21 23:15:53[DEBUG]-KeepAlive:Process:user(id=4) code=292872,sid=13
03-21 23:15:54[DEBUG]-CheckTimer:CheckConnection:===========
03-21 23:15:54[DEBUG]-CheckTimer:CheckConnection:user(id=4,sid=13) alivetime:15.
03-21 23:15:56[DEBUG]-KeepAlive:Process:user(id=4) code=295925,sid=13
03-21 23:15:58[DEBUG]-LinkServer:DispatchUnknownProtocol:user(id=4,sid=13) send Dispatch ok,pvid=12,type=23944
03-21 23:15:58[DEBUG]-KeepAlive:Process:user(id=4) code=298080,sid=13
03-21 23:16:02[DEBUG]-KeepAlive:Process:user(id=4) code=302116,sid=13
03-21 23:16:05[DEBUG]-KeepAlive:Process:user(id=4) code=305145,sid=13
03-21 23:16:08[DEBUG]-KeepAlive:Process:user(id=4) code=308186,sid=13
03-21 23:16:09[DEBUG]-CheckTimer:CheckConnection:===========
03-21 23:16:09[DEBUG]-CheckTimer:CheckConnection:user(id=4,sid=13) alivetime:15.
03-21 23:16:11[DEBUG]-KeepAlive:Process:user(id=4) code=311229,sid=13
03-21 23:16:14[DEBUG]-KeepAlive:Process:user(id=4) code=314290,sid=13
03-21 23:16:17[DEBUG]-KeepAlive:Process:user(id=4) code=317334,sid=13
03-21 23:16:20[DEBUG]-KeepAlive:Process:user(id=4) code=320378,sid=13
03-21 23:16:23[DEBUG]-KeepAlive:Process:user(id=4) code=323434,sid=13
03-21 23:16:24[DEBUG]-CheckTimer:CheckConnection:===========
03-21 23:16:24[DEBUG]-CheckTimer:CheckConnection:user(id=4,sid=13) alivetime:15.
03-21 23:16:26[DEBUG]-KeepAlive:Process:user(id=4) code=326481,sid=13
03-21 23:16:29[DEBUG]-KeepAlive:Process:user(id=4) code=329523,sid=13
03-21 23:16:32[DEBUG]-KeepAlive:Process:user(id=4) code=332565,sid=13
03-21 23:16:35[DEBUG]-KeepAlive:Process:user(id=4) code=335625,sid=13
03-21 23:16:38[DEBUG]-KeepAlive:Process:user(id=4) code=338668,sid=13
03-21 23:16:39[DEBUG]-CheckTimer:CheckConnection:===========
03-21 23:16:39[DEBUG]-CheckTimer:CheckConnection:user(id=4,sid=13) alivetime:15.
03-21 23:16:41[DEBUG]-KeepAlive:Process:user(id=4) code=341715,sid=13
03-21 23:16:44[DEBUG]-KeepAlive:Process:user(id=4) code=344778,sid=13
03-21 23:16:48[DEBUG]-KeepAlive:Process:user(id=4) code=347831,sid=13
03-21 23:16:51[DEBUG]-KeepAlive:Process:user(id=4) code=350869,sid=13
03-21 23:16:54[DEBUG]-CheckTimer:CheckConnection:===========
03-21 23:16:54[DEBUG]-CheckTimer:CheckConnection:user(id=4,sid=13) alivetime:15.
03-21 23:16:54[DEBUG]-KeepAlive:Process:user(id=4) code=353912,sid=13
03-21 23:16:57[DEBUG]-KeepAlive:Process:user(id=4) code=356953,sid=13
03-21 23:16:58[DEBUG]-LinkServer:DispatchUnknownProtocol:user(id=4,sid=13) send Dispatch ok,pvid=12,type=23944
03-21 23:17:00[DEBUG]-KeepAlive:Process:user(id=4) code=360086,sid=13
03-21 23:17:03[DEBUG]-KeepAlive:Process:user(id=4) code=363129,sid=13
03-21 23:17:06[DEBUG]-KeepAlive:Process:user(id=4) code=366171,sid=13
03-21 23:17:09[DEBUG]-CheckTimer:CheckConnection:===========
03-21 23:17:09[DEBUG]-CheckTimer:CheckConnection:user(id=4,sid=13) alivetime:15.
03-21 23:17:09[DEBUG]-KeepAlive:Process:user(id=4) code=369229,sid=13
03-21 23:17:12[DEBUG]-KeepAlive:Process:user(id=4) code=372268,sid=13
03-21 23:17:15[DEBUG]-KeepAlive:Process:user(id=4) code=375319,sid=13
03-21 23:17:18[DEBUG]-KeepAlive:Process:user(id=4) code=378370,sid=13
03-21 23:17:21[DEBUG]-KeepAlive:Process:user(id=4) code=381425,sid=13
03-21 23:17:24[DEBUG]-CheckTimer:CheckConnection:===========
03-21 23:17:24[DEBUG]-CheckTimer:CheckConnection:user(id=4,sid=13) alivetime:15.
03-21 23:17:24[DEBUG]-KeepAlive:Process:user(id=4) code=384466,sid=13
03-21 23:17:27[DEBUG]-KeepAlive:Process:user(id=4) code=387510,sid=13
03-21 23:17:30[DEBUG]-KeepAlive:Process:user(id=4) code=390549,sid=13
03-21 23:17:33[DEBUG]-KeepAlive:Process:user(id=4) code=393609,sid=13
03-21 23:17:36[DEBUG]-KeepAlive:Process:user(id=4) code=396643,sid=13
03-21 23:17:39[DEBUG]-CheckTimer:CheckConnection:===========
03-21 23:17:39[DEBUG]-CheckTimer:CheckConnection:user(id=4,sid=13) alivetime:15.
03-21 23:17:39[DEBUG]-KeepAlive:Process:user(id=4) code=399688,sid=13
03-21 23:17:42[DEBUG]-KeepAlive:Process:user(id=4) code=402731,sid=13
03-21 23:17:45[DEBUG]-KeepAlive:Process:user(id=4) code=405771,sid=13
03-21 23:17:48[DEBUG]-KeepAlive:Process:user(id=4) code=408807,sid=13
03-21 23:17:52[DEBUG]-KeepAlive:Process:user(id=4) code=411837,sid=13
03-21 23:17:54[DEBUG]-CheckTimer:CheckConnection:===========
03-21 23:17:54[DEBUG]-CheckTimer:CheckConnection:user(id=4,sid=13) alivetime:15.
03-21 23:17:55[DEBUG]-KeepAlive:Process:user(id=4) code=414884,sid=13
03-21 23:17:58[DEBUG]-KeepAlive:Process:user(id=4) code=417918,sid=13
03-21 23:17:58[DEBUG]-LinkServer:DispatchUnknownProtocol:user(id=4,sid=13) send Dispatch ok,pvid=12,type=23944
03-21 23:17:58[DEBUG]-Broadcast:Process:type=7
03-21 23:18:01[DEBUG]-KeepAlive:Process:user(id=4) code=421523,sid=13
03-21 23:18:04[DEBUG]-KeepAlive:Process:user(id=4) code=424573,sid=13
03-21 23:18:04[DEBUG]-LinkServer:DispatchUnknownProtocol:user(id=4,sid=13) send Dispatch ok,pvid=12,type=58
03-21 23:18:07[DEBUG]-KeepAlive:Process:user(id=4) code=427618,sid=13
03-21 23:18:09[DEBUG]-CheckTimer:CheckConnection:===========
03-21 23:18:09[DEBUG]-CheckTimer:CheckConnection:user(id=4,sid=13) alivetime:15.
03-21 23:18:10[DEBUG]-KeepAlive:Process:user(id=4) code=430667,sid=13
03-21 23:18:13[DEBUG]-KeepAlive:Process:user(id=4) code=433719,sid=13
03-21 23:18:16[DEBUG]-KeepAlive:Process:user(id=4) code=436768,sid=13
03-21 23:18:20[DEBUG]-KeepAlive:Process:user(id=4) code=439834,sid=13
03-21 23:18:23[DEBUG]-KeepAlive:Process:user(id=4) code=442874,sid=13
03-21 23:18:24[DEBUG]-CheckTimer:CheckConnection:===========
03-21 23:18:24[DEBUG]-CheckTimer:CheckConnection:user(id=4,sid=13) alivetime:15.
03-21 23:18:26[DEBUG]-KeepAlive:Process:user(id=4) code=445915,sid=13
03-21 23:18:29[DEBUG]-KeepAlive:Process:user(id=4) code=448959,sid=13
03-21 23:18:32[DEBUG]-KeepAlive:Process:user(id=4) code=451999,sid=13
03-21 23:18:35[DEBUG]-KeepAlive:Process:user(id=4) code=455036,sid=13
03-21 23:18:38[DEBUG]-KeepAlive:Process:user(id=4) code=458070,sid=13
03-21 23:18:39[DEBUG]-CheckTimer:CheckConnection:===========
03-21 23:18:39[DEBUG]-CheckTimer:CheckConnection:user(id=4,sid=13) alivetime:15.
03-21 23:18:41[DEBUG]-KeepAlive:Process:user(id=4) code=461116,sid=13
03-21 23:18:44[DEBUG]-KeepAlive:Process:user(id=4) code=464180,sid=13
03-21 23:18:47[DEBUG]-KeepAlive:Process:user(id=4) code=467233,sid=13
03-21 23:18:50[DEBUG]-KeepAlive:Process:user(id=4) code=470267,sid=13
03-21 23:18:53[DEBUG]-KeepAlive:Process:user(id=4) code=473334,sid=13
03-21 23:18:54[DEBUG]-CheckTimer:CheckConnection:===========
03-21 23:18:54[DEBUG]-CheckTimer:CheckConnection:user(id=4,sid=13) alivetime:15.
03-21 23:18:56[DEBUG]-KeepAlive:Process:user(id=4) code=476377,sid=13
03-21 23:18:58[DEBUG]-LinkServer:DispatchUnknownProtocol:user(id=4,sid=13) send Dispatch ok,pvid=12,type=23944
03-21 23:19:00[DEBUG]-KeepAlive:Process:user(id=4) code=480169,sid=13
03-21 23:19:03[DEBUG]-KeepAlive:Process:user(id=4) code=483204,sid=13
03-21 23:19:06[DEBUG]-KeepAlive:Process:user(id=4) code=486248,sid=13
03-21 23:19:09[DEBUG]-CheckTimer:CheckConnection:===========
03-21 23:19:09[DEBUG]-CheckTimer:CheckConnection:user(id=4,sid=13) alivetime:15.
03-21 23:19:09[DEBUG]-KeepAlive:Process:user(id=4) code=489288,sid=13
03-21 23:19:12[DEBUG]-KeepAlive:Process:user(id=4) code=492338,sid=13
03-21 23:19:15[DEBUG]-KeepAlive:Process:user(id=4) code=495375,sid=13
03-21 23:19:18[DEBUG]-KeepAlive:Process:user(id=4) code=498424,sid=13
03-21 23:19:21[DEBUG]-KeepAlive:Process:user(id=4) code=501475,sid=13
03-21 23:19:24[DEBUG]-CheckTimer:CheckConnection:===========
03-21 23:19:24[DEBUG]-CheckTimer:CheckConnection:user(id=4,sid=13) alivetime:15.
03-21 23:19:24[DEBUG]-KeepAlive:Process:user(id=4) code=504520,sid=13
03-21 23:19:27[DEBUG]-KeepAlive:Process:user(id=4) code=507571,sid=13
03-21 23:19:30[DEBUG]-KeepAlive:Process:user(id=4) code=510624,sid=13
03-21 23:19:33[DEBUG]-KeepAlive:Process:user(id=4) code=513668,sid=13
03-21 23:19:36[DEBUG]-KeepAlive:Process:user(id=4) code=516726,sid=13
03-21 23:19:39[DEBUG]-CheckTimer:CheckConnection:===========
03-21 23:19:39[DEBUG]-CheckTimer:CheckConnection:user(id=4,sid=13) alivetime:15.
03-21 23:19:39[DEBUG]-KeepAlive:Process:user(id=4) code=519766,sid=13
03-21 23:19:43[DEBUG]-KeepAlive:Process:user(id=4) code=522821,sid=13
03-21 23:19:46[DEBUG]-KeepAlive:Process:user(id=4) code=525872,sid=13
03-21 23:19:49[DEBUG]-KeepAlive:Process:user(id=4) code=528926,sid=13
03-21 23:19:52[DEBUG]-KeepAlive:Process:user(id=4) code=531968,sid=13
03-21 23:19:54[DEBUG]-CheckTimer:CheckConnection:===========
03-21 23:19:54[DEBUG]-CheckTimer:CheckConnection:user(id=4,sid=13) alivetime:15.
03-21 23:19:55[DEBUG]-KeepAlive:Process:user(id=4) code=535015,sid=13
03-21 23:19:58[DEBUG]-KeepAlive:Process:user(id=4) code=538060,sid=13
03-21 23:19:58[DEBUG]-LinkServer:DispatchUnknownProtocol:user(id=4,sid=13) send Dispatch ok,pvid=12,type=23944
03-21 23:20:01[DEBUG]-KeepAlive:Process:user(id=4) code=541172,sid=13
03-21 23:20:04[DEBUG]-KeepAlive:Process:user(id=4) code=544226,sid=13
03-21 23:20:07[DEBUG]-KeepAlive:Process:user(id=4) code=547278,sid=13
03-21 23:20:09[DEBUG]-CheckTimer:CheckConnection:===========
03-21 23:20:09[DEBUG]-CheckTimer:CheckConnection:user(id=4,sid=13) alivetime:15.
03-21 23:20:10[DEBUG]-KeepAlive:Process:user(id=4) code=550324,sid=13
03-21 23:20:13[DEBUG]-KeepAlive:Process:user(id=4) code=553377,sid=13
03-21 23:20:16[DEBUG]-KeepAlive:Process:user(id=4) code=556425,sid=13
03-21 23:20:19[DEBUG]-KeepAlive:Process:user(id=4) code=559476,sid=13
03-21 23:20:22[DEBUG]-KeepAlive:Process:user(id=4) code=562518,sid=13
03-21 23:20:24[DEBUG]-CheckTimer:CheckConnection:===========
03-21 23:20:24[DEBUG]-CheckTimer:CheckConnection:user(id=4,sid=13) alivetime:15.
03-21 23:20:25[DEBUG]-KeepAlive:Process:user(id=4) code=565549,sid=13
03-21 23:20:28[DEBUG]-Broadcast:Process:type=7
03-21 23:20:28[DEBUG]-KeepAlive:Process:user(id=4) code=568494,sid=13
03-21 23:20:32[DEBUG]-KeepAlive:Process:user(id=4) code=572552,sid=13
03-21 23:20:35[DEBUG]-KeepAlive:Process:user(id=4) code=575593,sid=13
03-21 23:20:38[DEBUG]-KeepAlive:Process:user(id=4) code=578631,sid=13
03-21 23:20:39[DEBUG]-CheckTimer:CheckConnection:===========
03-21 23:20:39[DEBUG]-CheckTimer:CheckConnection:user(id=4,sid=13) alivetime:15.
03-21 23:20:41[DEBUG]-KeepAlive:Process:user(id=4) code=581676,sid=13
03-21 23:20:44[DEBUG]-KeepAlive:Process:user(id=4) code=584720,sid=13
03-21 23:20:47[DEBUG]-KeepAlive:Process:user(id=4) code=587774,sid=13
03-21 23:20:51[DEBUG]-KeepAlive:Process:user(id=4) code=590826,sid=13
03-21 23:20:54[DEBUG]-CheckTimer:CheckConnection:===========
03-21 23:20:54[DEBUG]-CheckTimer:CheckConnection:user(id=4,sid=13) alivetime:15.
03-21 23:20:54[DEBUG]-KeepAlive:Process:user(id=4) code=593867,sid=13
03-21 23:20:57[DEBUG]-KeepAlive:Process:user(id=4) code=596923,sid=13
03-21 23:20:58[DEBUG]-LinkServer:DispatchUnknownProtocol:user(id=4,sid=13) send Dispatch ok,pvid=12,type=23944
03-21 23:21:00[DEBUG]-KeepAlive:Process:user(id=4) code=600233,sid=13
03-21 23:21:03[DEBUG]-KeepAlive:Process:user(id=4) code=603294,sid=13
03-21 23:21:06[DEBUG]-KeepAlive:Process:user(id=4) code=606332,sid=13
03-21 23:21:09[DEBUG]-CheckTimer:CheckConnection:===========
03-21 23:21:09[DEBUG]-CheckTimer:CheckConnection:user(id=4,sid=13) alivetime:15.
03-21 23:21:09[DEBUG]-KeepAlive:Process:user(id=4) code=609372,sid=13
03-21 23:21:12[DEBUG]-KeepAlive:Process:user(id=4) code=612431,sid=13
03-21 23:21:15[DEBUG]-KeepAlive:Process:user(id=4) code=615470,sid=13
03-21 23:21:18[DEBUG]-KeepAlive:Process:user(id=4) code=618511,sid=13
03-21 23:21:21[DEBUG]-KeepAlive:Process:user(id=4) code=621560,sid=13
03-21 23:21:24[DEBUG]-CheckTimer:CheckConnection:===========
03-21 23:21:24[DEBUG]-CheckTimer:CheckConnection:user(id=4,sid=13) alivetime:15.
03-21 23:21:24[DEBUG]-KeepAlive:Process:user(id=4) code=624613,sid=13
03-21 23:21:27[DEBUG]-KeepAlive:Process:user(id=4) code=627662,sid=13
03-21 23:21:30[DEBUG]-KeepAlive:Process:user(id=4) code=630705,sid=13
03-21 23:21:33[DEBUG]-KeepAlive:Process:user(id=4) code=633738,sid=13
03-21 23:21:36[DEBUG]-KeepAlive:Process:user(id=4) code=636784,sid=13
03-21 23:21:39[DEBUG]-CheckTimer:CheckConnection:===========
03-21 23:21:39[DEBUG]-CheckTimer:CheckConnection:user(id=4,sid=13) alivetime:15.
03-21 23:21:40[DEBUG]-KeepAlive:Process:user(id=4) code=639833,sid=13
03-21 23:21:43[DEBUG]-KeepAlive:Process:user(id=4) code=642874,sid=13
03-21 23:21:46[DEBUG]-KeepAlive:Process:user(id=4) code=645928,sid=13
03-21 23:21:49[DEBUG]-KeepAlive:Process:user(id=4) code=648963,sid=13
03-21 23:21:52[DEBUG]-KeepAlive:Process:user(id=4) code=652011,sid=13
03-21 23:21:54[DEBUG]-CheckTimer:CheckConnection:===========
03-21 23:21:54[DEBUG]-CheckTimer:CheckConnection:user(id=4,sid=13) alivetime:15.
03-21 23:21:55[DEBUG]-KeepAlive:Process:user(id=4) code=655064,sid=13
03-21 23:21:58[DEBUG]-KeepAlive:Process:user(id=4) code=658112,sid=13
03-21 23:21:58[DEBUG]-LinkServer:DispatchUnknownProtocol:user(id=4,sid=13) send Dispatch ok,pvid=12,type=23944
03-21 23:22:01[DEBUG]-KeepAlive:Process:user(id=4) code=661545,sid=13
03-21 23:22:03[DEBUG]-LinkServer:DispatchUnknownProtocol:user(id=4,sid=13) send Dispatch ok,pvid=12,type=23943
03-21 23:22:03[DEBUG]-Send:Process:user(id=4,sid=13) type=51
03-21 23:22:03[DEBUG]-KeepAlive:Process:user(id=4) code=663560,sid=13
03-21 23:22:04[DEBUG]-LinkServer:broadcast:proto=10 to provider.
03-21 23:22:04[INFO]-LinkServer:OnDelSession:accountid=4,account=www888,time=614,peer=27.23.191.141,reason=1,mid=locojoy,logout!
03-21 23:22:04[INFO]-LinkServer:OnDelSession:close a client,userid=4,sid=13,reason=1
03-21 23:22:04[DEBUG]-LinkServer:OnAddSession:add new client,sid=14.
03-21 23:22:04[INFO]-AnnounceServerAttribute:Process:from deliver.
03-21 23:22:04[INFO]-SetLogin::Process:roleid=-1,linksid=13,login=0
03-21 23:22:04[INFO]-LinkServer:OnDelSession:close a client,userid=0,sid=14,reason=1
03-21 23:22:09[DEBUG]-CheckTimer:CheckConnection:===========
03-21 23:22:24[DEBUG]-CheckTimer:CheckConnection:===========
03-21 23:22:39[DEBUG]-CheckTimer:CheckConnection:===========
03-21 23:22:54[DEBUG]-CheckTimer:CheckConnection:===========
03-21 23:22:58[DEBUG]-Broadcast:Process:type=7
03-21 23:23:04[DEBUG]-LinkServer:OnAddSession:add new client,sid=15.
03-21 23:23:04[INFO]-LinkServer:OnDelSession:close a client,userid=0,sid=15,reason=1
03-21 23:23:09[DEBUG]-CheckTimer:CheckConnection:===========
03-21 23:23:24[DEBUG]-CheckTimer:CheckConnection:===========
03-21 23:23:39[DEBUG]-CheckTimer:CheckConnection:===========
03-21 23:23:54[DEBUG]-CheckTimer:CheckConnection:===========
03-21 23:24:04[DEBUG]-LinkServer:OnAddSession:add new client,sid=16.
03-21 23:24:04[INFO]-LinkServer:OnDelSession:close a client,userid=0,sid=16,reason=1
03-21 23:24:09[DEBUG]-CheckTimer:CheckConnection:===========
03-21 23:24:24[DEBUG]-CheckTimer:CheckConnection:===========
03-21 23:24:39[DEBUG]-CheckTimer:CheckConnection:===========
03-21 23:24:54[DEBUG]-CheckTimer:CheckConnection:===========
03-21 23:25:04[DEBUG]-LinkServer:OnAddSession:add new client,sid=17.
03-21 23:25:04[INFO]-LinkServer:OnDelSession:close a client,userid=0,sid=17,reason=1
03-21 23:25:09[DEBUG]-CheckTimer:CheckConnection:===========
03-21 23:25:24[DEBUG]-CheckTimer:CheckConnection:===========
03-21 23:25:28[DEBUG]-Broadcast:Process:type=7
03-21 23:25:39[DEBUG]-CheckTimer:CheckConnection:===========
03-21 23:25:54[DEBUG]-CheckTimer:CheckConnection:===========
03-21 23:26:04[DEBUG]-LinkServer:OnAddSession:add new client,sid=18.
03-21 23:26:04[INFO]-LinkServer:OnDelSession:close a client,userid=0,sid=18,reason=1
03-21 23:26:09[DEBUG]-CheckTimer:CheckConnection:===========
03-21 23:26:24[DEBUG]-CheckTimer:CheckConnection:===========
03-21 23:26:39[DEBUG]-CheckTimer:CheckConnection:===========
03-21 23:26:54[DEBUG]-CheckTimer:CheckConnection:===========
03-21 23:27:04[DEBUG]-LinkServer:OnAddSession:add new client,sid=19.
03-21 23:27:04[INFO]-LinkServer:OnDelSession:close a client,userid=0,sid=19,reason=1
03-21 23:27:09[DEBUG]-CheckTimer:CheckConnection:===========
03-21 23:27:24[DEBUG]-CheckTimer:CheckConnection:===========
03-21 23:27:39[DEBUG]-CheckTimer:CheckConnection:===========
03-21 23:27:54[DEBUG]-CheckTimer:CheckConnection:===========
03-21 23:27:58[DEBUG]-Broadcast:Process:type=7
03-21 23:28:04[DEBUG]-LinkServer:OnAddSession:add new client,sid=20.
03-21 23:28:04[INFO]-LinkServer:OnDelSession:close a client,userid=0,sid=20,reason=1
03-21 23:28:09[DEBUG]-CheckTimer:CheckConnection:===========
03-21 23:28:24[DEBUG]-CheckTimer:CheckConnection:===========
03-21 23:28:39[DEBUG]-CheckTimer:CheckConnection:===========
03-21 23:28:54[DEBUG]-CheckTimer:CheckConnection:===========
03-21 23:29:04[DEBUG]-LinkServer:OnAddSession:add new client,sid=21.
03-21 23:29:04[INFO]-LinkServer:OnDelSession:close a client,userid=0,sid=21,reason=1
03-21 23:29:09[DEBUG]-CheckTimer:CheckConnection:===========
03-21 23:29:24[DEBUG]-CheckTimer:CheckConnection:===========
03-21 23:29:39[DEBUG]-CheckTimer:CheckConnection:===========
03-21 23:29:54[DEBUG]-CheckTimer:CheckConnection:===========
03-21 23:30:04[DEBUG]-LinkServer:OnAddSession:add new client,sid=22.
03-21 23:30:04[INFO]-LinkServer:OnDelSession:close a client,userid=0,sid=22,reason=1
03-21 23:30:09[DEBUG]-CheckTimer:CheckConnection:===========
03-21 23:30:24[DEBUG]-CheckTimer:CheckConnection:===========
03-21 23:30:28[DEBUG]-Broadcast:Process:type=7
03-21 23:30:39[DEBUG]-CheckTimer:CheckConnection:===========
03-21 23:30:54[DEBUG]-CheckTimer:CheckConnection:===========
03-21 23:31:04[DEBUG]-LinkServer:OnAddSession:add new client,sid=23.
03-21 23:31:04[INFO]-LinkServer:OnDelSession:close a client,userid=0,sid=23,reason=1
03-21 23:31:09[DEBUG]-CheckTimer:CheckConnection:===========
03-21 23:31:20[DEBUG]-LinkServer:OnAddSession:add new client,sid=24.
03-21 23:31:20[INFO]-Response:Process:user(account=www888),logintype=1.
03-21 23:31:20[INFO]-MatrixPasswdRep:Process:user(id=4) sid=24,retcode=0
03-21 23:31:20[INFO]-MatrixPasswdRep:Process:user(id=4) sid=24,blkickuser=0
03-21 23:31:20[INFO]-KeyExchange:Process:user(id=4) sid=24
03-21 23:31:20[INFO]-OnlineAnnounce:Process:user(id=4) algorithm=0x0
03-21 23:31:20[INFO]-OnlineAnnounce:Process:accountid=4,account=www888,peer=27.23.191.141,mid=locojoy login!
03-21 23:31:20[INFO]-AnnounceServerAttribute:Process:from deliver.
03-21 23:31:20[DEBUG]-LinkServer:DispatchUnknownProtocol:user(id=4,sid=24) send Dispatch ok,pvid=12,type=1
03-21 23:31:20[INFO]-SetLogin::Process:roleid=-1,linksid=24,login=1
03-21 23:31:20[DEBUG]-Send:Process:user(id=4,sid=24) type=84
03-21 23:31:20[DEBUG]-Send:Process:user(id=4,sid=24) type=2
03-21 23:31:20[DEBUG]-LinkServer:DispatchUnknownProtocol:user(id=4,sid=24) send Dispatch ok,pvid=12,type=82
03-21 23:31:20[DEBUG]-Send:Process:user(id=4,sid=24) type=83
03-21 23:31:20[DEBUG]-LinkServer:DispatchUnknownProtocol:user(id=4,sid=24) send Dispatch ok,pvid=12,type=5
03-21 23:31:20[DEBUG]-Send:Process:user(id=4,sid=24) type=6
03-21 23:31:20[DEBUG]-Send:Process:user(id=4,sid=24) type=7
03-21 23:31:20[DEBUG]-Send:Process:user(id=4,sid=24) type=97
03-21 23:31:20[DEBUG]-Send:Process:user(id=4,sid=24) type=19013
03-21 23:31:20[DEBUG]-Send:Process:user(id=4,sid=24) type=19029
03-21 23:31:20[DEBUG]-Send:Process:user(id=4,sid=24) type=13000
03-21 23:31:20[DEBUG]-Send:Process:user(id=4,sid=24) type=26010
03-21 23:31:20[DEBUG]-Send:Process:user(id=4,sid=24) type=26256
03-21 23:31:20[DEBUG]-Send:Process:user(id=4,sid=24) type=4009
03-21 23:31:20[DEBUG]-Send:Process:user(id=4,sid=24) type=22085
03-21 23:31:20[DEBUG]-Send:Process:user(id=4,sid=24) type=4005
03-21 23:31:20[DEBUG]-Send:Process:user(id=4,sid=24) type=4005
03-21 23:31:20[DEBUG]-Send:Process:user(id=4,sid=24) type=26029
03-21 23:31:20[DEBUG]-Send:Process:user(id=4,sid=24) type=19025
03-21 23:31:20[DEBUG]-Send:Process:user(id=4,sid=24) type=29
03-21 23:31:20[DEBUG]-Send:Process:user(id=4,sid=24) type=89
03-21 23:31:20[DEBUG]-Send:Process:user(id=4,sid=24) type=6005
03-21 23:31:20[DEBUG]-Send:Process:user(id=4,sid=24) type=31550
03-21 23:31:20[DEBUG]-Send:Process:user(id=4,sid=24) type=72
03-21 23:31:20[DEBUG]-Send:Process:user(id=4,sid=24) type=32712
03-21 23:31:20[DEBUG]-Send:Process:user(id=4,sid=24) type=19025
03-21 23:31:20[DEBUG]-Send:Process:user(id=4,sid=24) type=99
03-21 23:31:20[DEBUG]-LinkServer:DispatchUnknownProtocol:user(id=4,sid=24) send Dispatch ok,pvid=12,type=21020
03-21 23:31:20[DEBUG]-Send:Process:user(id=4,sid=24) type=26214
03-21 23:31:20[DEBUG]-Send:Process:user(id=4,sid=24) type=23907
03-21 23:31:20[DEBUG]-Send:Process:user(id=4,sid=24) type=23908
03-21 23:31:20[DEBUG]-Send:Process:user(id=4,sid=24) type=13004
03-21 23:31:20[DEBUG]-LinkServer:DispatchUnknownProtocol:user(id=4,sid=24) send Dispatch ok,pvid=12,type=23942
03-21 23:31:20[DEBUG]-Send:Process:user(id=4,sid=24) type=13005
03-21 23:31:20[DEBUG]-Send:Process:user(id=4,sid=24) type=21021
03-21 23:31:20[DEBUG]-Send:Process:user(id=4,sid=24) type=20001
03-21 23:31:20[DEBUG]-Send:Process:user(id=4,sid=24) type=32404
03-21 23:31:20[DEBUG]-Send:Process:user(id=4,sid=24) type=32401
03-21 23:31:20[DEBUG]-Send:Process:user(id=4,sid=24) type=14015
03-21 23:31:20[DEBUG]-Send:Process:user(id=4,sid=24) type=14057
03-21 23:31:20[DEBUG]-Send:Process:user(id=4,sid=24) type=14011
03-21 23:31:20[DEBUG]-Send:Process:user(id=4,sid=24) type=1075
03-21 23:31:20[DEBUG]-Send:Process:user(id=4,sid=24) type=1299
03-21 23:31:20[DEBUG]-Send:Process:user(id=4,sid=24) type=13004
03-21 23:31:20[DEBUG]-Send:Process:user(id=4,sid=24) type=8043
03-21 23:31:20[DEBUG]-Send:Process:user(id=4,sid=24) type=32407
03-21 23:31:20[DEBUG]-Send:Process:user(id=4,sid=24) type=6005
03-21 23:31:20[DEBUG]-LinkServer:DispatchUnknownProtocol:user(id=4,sid=24) send Dispatch ok,pvid=12,type=4060
03-21 23:31:24[DEBUG]-CheckTimer:CheckConnection:===========
03-21 23:31:24[DEBUG]-CheckTimer:CheckConnection:user(id=4,sid=24) alivetime:15.
03-21 23:31:24[DEBUG]-LinkServer:broadcast:proto=10 to provider.
03-21 23:31:24[INFO]-LinkServer:OnDelSession:accountid=4,account=www888,time=4,peer=27.23.191.141,reason=2,mid=locojoy,logout!
03-21 23:31:24[INFO]-LinkServer:OnDelSession:close a client,userid=4,sid=24,reason=2
03-21 23:31:25[INFO]-SetLogin::Process:roleid=-1,linksid=24,login=0
03-21 23:31:39[DEBUG]-CheckTimer:CheckConnection:===========
03-21 23:31:54[DEBUG]-CheckTimer:CheckConnection:===========
03-21 23:32:09[DEBUG]-CheckTimer:CheckConnection:===========
03-21 23:32:24[DEBUG]-CheckTimer:CheckConnection:===========
03-21 23:32:39[DEBUG]-CheckTimer:CheckConnection:===========
03-21 23:32:54[DEBUG]-CheckTimer:CheckConnection:===========
03-21 23:32:58[DEBUG]-Broadcast:Process:type=7
03-21 23:33:09[DEBUG]-CheckTimer:CheckConnection:===========
03-21 23:33:24[DEBUG]-CheckTimer:CheckConnection:===========
03-21 23:33:39[DEBUG]-CheckTimer:CheckConnection:===========
03-21 23:33:54[DEBUG]-CheckTimer:CheckConnection:===========
03-21 23:34:09[DEBUG]-CheckTimer:CheckConnection:===========
03-21 23:34:24[DEBUG]-CheckTimer:CheckConnection:===========
03-21 23:34:39[DEBUG]-CheckTimer:CheckConnection:===========
03-21 23:34:54[DEBUG]-CheckTimer:CheckConnection:===========
03-21 23:35:09[DEBUG]-CheckTimer:CheckConnection:===========
03-21 23:35:24[DEBUG]-CheckTimer:CheckConnection:===========
03-21 23:35:28[DEBUG]-Broadcast:Process:type=7
03-21 23:35:39[DEBUG]-CheckTimer:CheckConnection:===========
03-21 23:35:54[DEBUG]-CheckTimer:CheckConnection:===========
03-21 23:36:09[DEBUG]-CheckTimer:CheckConnection:===========
03-21 23:36:24[DEBUG]-CheckTimer:CheckConnection:===========
03-21 23:36:39[DEBUG]-CheckTimer:CheckConnection:===========
03-21 23:36:54[DEBUG]-CheckTimer:CheckConnection:===========
03-21 23:37:09[DEBUG]-CheckTimer:CheckConnection:===========
03-21 23:37:24[DEBUG]-CheckTimer:CheckConnection:===========
03-21 23:37:39[DEBUG]-CheckTimer:CheckConnection:===========
03-21 23:37:54[DEBUG]-CheckTimer:CheckConnection:===========
03-21 23:37:58[DEBUG]-Broadcast:Process:type=7
03-21 23:38:09[DEBUG]-CheckTimer:CheckConnection:===========
03-21 23:38:24[DEBUG]-CheckTimer:CheckConnection:===========
03-21 23:38:39[DEBUG]-CheckTimer:CheckConnection:===========
03-21 23:38:54[DEBUG]-CheckTimer:CheckConnection:===========
03-21 23:39:09[DEBUG]-CheckTimer:CheckConnection:===========
03-21 23:39:24[DEBUG]-CheckTimer:CheckConnection:===========
03-21 23:39:39[DEBUG]-CheckTimer:CheckConnection:===========
03-21 23:39:54[DEBUG]-CheckTimer:CheckConnection:===========
03-21 23:40:09[DEBUG]-CheckTimer:CheckConnection:===========
03-21 23:40:24[DEBUG]-CheckTimer:CheckConnection:===========
03-21 23:40:28[DEBUG]-Broadcast:Process:type=7
03-21 23:40:39[DEBUG]-CheckTimer:CheckConnection:===========
03-21 23:40:54[DEBUG]-CheckTimer:CheckConnection:===========
03-21 23:41:09[DEBUG]-CheckTimer:CheckConnection:===========
03-21 23:41:24[DEBUG]-CheckTimer:CheckConnection:===========
03-21 23:41:39[DEBUG]-CheckTimer:CheckConnection:===========
03-21 23:41:54[DEBUG]-CheckTimer:CheckConnection:===========
03-21 23:42:09[DEBUG]-CheckTimer:CheckConnection:===========
03-21 23:42:24[DEBUG]-CheckTimer:CheckConnection:===========
03-21 23:42:39[DEBUG]-CheckTimer:CheckConnection:===========
03-21 23:42:54[DEBUG]-CheckTimer:CheckConnection:===========
03-21 23:42:58[DEBUG]-Broadcast:Process:type=7
03-21 23:43:09[DEBUG]-CheckTimer:CheckConnection:===========
03-21 23:43:24[DEBUG]-CheckTimer:CheckConnection:===========
03-21 23:43:39[DEBUG]-CheckTimer:CheckConnection:===========
03-21 23:43:54[DEBUG]-CheckTimer:CheckConnection:===========
03-21 23:44:09[DEBUG]-CheckTimer:CheckConnection:===========
03-21 23:44:24[DEBUG]-CheckTimer:CheckConnection:===========
03-21 23:44:39[DEBUG]-CheckTimer:CheckConnection:===========
03-21 23:44:54[DEBUG]-CheckTimer:CheckConnection:===========
03-21 23:45:09[DEBUG]-CheckTimer:CheckConnection:===========
03-21 23:45:24[DEBUG]-CheckTimer:CheckConnection:===========
03-21 23:45:28[DEBUG]-Broadcast:Process:type=7
03-21 23:45:39[DEBUG]-CheckTimer:CheckConnection:===========
03-21 23:45:54[DEBUG]-CheckTimer:CheckConnection:===========
03-21 23:46:09[DEBUG]-CheckTimer:CheckConnection:===========
03-21 23:46:24[DEBUG]-CheckTimer:CheckConnection:===========
03-21 23:46:39[DEBUG]-CheckTimer:CheckConnection:===========
03-21 23:46:54[DEBUG]-CheckTimer:CheckConnection:===========
03-21 23:47:09[DEBUG]-CheckTimer:CheckConnection:===========
03-21 23:47:24[DEBUG]-CheckTimer:CheckConnection:===========
03-21 23:47:39[DEBUG]-CheckTimer:CheckConnection:===========
03-21 23:47:54[DEBUG]-CheckTimer:CheckConnection:===========
03-21 23:47:58[DEBUG]-Broadcast:Process:type=7
03-21 23:48:09[DEBUG]-CheckTimer:CheckConnection:===========
03-21 23:48:24[DEBUG]-CheckTimer:CheckConnection:===========
03-21 23:48:39[DEBUG]-CheckTimer:CheckConnection:===========
03-21 23:48:54[DEBUG]-CheckTimer:CheckConnection:===========
03-21 23:49:09[DEBUG]-CheckTimer:CheckConnection:===========
03-21 23:49:24[DEBUG]-CheckTimer:CheckConnection:===========
03-21 23:49:39[DEBUG]-CheckTimer:CheckConnection:===========
03-21 23:49:54[DEBUG]-CheckTimer:CheckConnection:===========
03-21 23:50:09[DEBUG]-CheckTimer:CheckConnection:===========
03-21 23:50:24[DEBUG]-CheckTimer:CheckConnection:===========
03-21 23:50:28[DEBUG]-Broadcast:Process:type=7
03-21 23:50:39[DEBUG]-CheckTimer:CheckConnection:===========
03-21 23:50:54[DEBUG]-CheckTimer:CheckConnection:===========
03-21 23:51:09[DEBUG]-CheckTimer:CheckConnection:===========
03-21 23:51:24[DEBUG]-CheckTimer:CheckConnection:===========
03-21 23:51:39[DEBUG]-CheckTimer:CheckConnection:===========
03-21 23:51:54[DEBUG]-CheckTimer:CheckConnection:===========
03-21 23:52:09[DEBUG]-CheckTimer:CheckConnection:===========
03-21 23:52:24[DEBUG]-CheckTimer:CheckConnection:===========
03-21 23:52:39[DEBUG]-CheckTimer:CheckConnection:===========
03-21 23:52:54[DEBUG]-CheckTimer:CheckConnection:===========
03-21 23:52:58[DEBUG]-Broadcast:Process:type=7
03-21 23:53:09[DEBUG]-CheckTimer:CheckConnection:===========
03-21 23:53:24[DEBUG]-CheckTimer:CheckConnection:===========
03-21 23:53:39[DEBUG]-CheckTimer:CheckConnection:===========
03-21 23:53:54[DEBUG]-CheckTimer:CheckConnection:===========
03-21 23:54:09[DEBUG]-CheckTimer:CheckConnection:===========
03-21 23:54:24[DEBUG]-CheckTimer:CheckConnection:===========
03-21 23:54:39[DEBUG]-CheckTimer:CheckConnection:===========
03-21 23:54:54[DEBUG]-CheckTimer:CheckConnection:===========
03-21 23:55:09[DEBUG]-CheckTimer:CheckConnection:===========
03-21 23:55:24[DEBUG]-CheckTimer:CheckConnection:===========
03-21 23:55:28[DEBUG]-Broadcast:Process:type=7
03-21 23:55:39[DEBUG]-CheckTimer:CheckConnection:===========
03-21 23:55:54[DEBUG]-CheckTimer:CheckConnection:===========
03-21 23:56:09[DEBUG]-CheckTimer:CheckConnection:===========
03-21 23:56:24[DEBUG]-CheckTimer:CheckConnection:===========
03-21 23:56:39[DEBUG]-CheckTimer:CheckConnection:===========
03-21 23:56:54[DEBUG]-CheckTimer:CheckConnection:===========
03-21 23:57:09[DEBUG]-CheckTimer:CheckConnection:===========
03-21 23:57:24[DEBUG]-CheckTimer:CheckConnection:===========
03-21 23:57:39[DEBUG]-CheckTimer:CheckConnection:===========
03-21 23:57:54[DEBUG]-CheckTimer:CheckConnection:===========
03-21 23:57:58[DEBUG]-Broadcast:Process:type=7
03-21 23:58:09[DEBUG]-CheckTimer:CheckConnection:===========
03-21 23:58:24[DEBUG]-CheckTimer:CheckConnection:===========
03-21 23:58:39[DEBUG]-CheckTimer:CheckConnection:===========
03-21 23:58:54[DEBUG]-CheckTimer:CheckConnection:===========
03-21 23:59:09[DEBUG]-CheckTimer:CheckConnection:===========
03-21 23:59:24[DEBUG]-CheckTimer:CheckConnection:===========
03-21 23:59:39[DEBUG]-CheckTimer:CheckConnection:===========
03-21 23:59:54[DEBUG]-CheckTimer:CheckConnection:===========
03-22 00:00:09[DEBUG]-CheckTimer:CheckConnection:===========
03-22 00:00:24[DEBUG]-CheckTimer:CheckConnection:===========
03-22 00:00:28[DEBUG]-Broadcast:Process:type=7
03-22 00:00:39[DEBUG]-CheckTimer:CheckConnection:===========
03-22 00:00:54[DEBUG]-CheckTimer:CheckConnection:===========
03-22 00:01:09[DEBUG]-CheckTimer:CheckConnection:===========
03-22 00:01:24[DEBUG]-CheckTimer:CheckConnection:===========
03-22 00:01:39[DEBUG]-CheckTimer:CheckConnection:===========
03-22 00:01:54[DEBUG]-CheckTimer:CheckConnection:===========
03-22 00:02:09[DEBUG]-CheckTimer:CheckConnection:===========
03-22 00:02:24[DEBUG]-CheckTimer:CheckConnection:===========
03-22 00:02:39[DEBUG]-CheckTimer:CheckConnection:===========
03-22 00:02:54[DEBUG]-CheckTimer:CheckConnection:===========
03-22 00:02:58[DEBUG]-Broadcast:Process:type=7
03-22 00:03:09[DEBUG]-CheckTimer:CheckConnection:===========
03-22 00:03:24[DEBUG]-CheckTimer:CheckConnection:===========
03-22 00:03:39[DEBUG]-CheckTimer:CheckConnection:===========
03-22 00:03:54[DEBUG]-CheckTimer:CheckConnection:===========
03-22 00:04:09[DEBUG]-CheckTimer:CheckConnection:===========
03-22 00:04:24[DEBUG]-CheckTimer:CheckConnection:===========
03-22 00:04:39[DEBUG]-CheckTimer:CheckConnection:===========
03-22 00:04:54[DEBUG]-CheckTimer:CheckConnection:===========
03-22 00:05:09[DEBUG]-CheckTimer:CheckConnection:===========
03-22 00:05:24[DEBUG]-CheckTimer:CheckConnection:===========
03-22 00:05:28[DEBUG]-Broadcast:Process:type=7
03-22 00:05:39[DEBUG]-CheckTimer:CheckConnection:===========
03-22 00:05:54[DEBUG]-CheckTimer:CheckConnection:===========
03-22 00:06:09[DEBUG]-CheckTimer:CheckConnection:===========
03-22 00:06:24[DEBUG]-CheckTimer:CheckConnection:===========
03-22 00:06:39[DEBUG]-CheckTimer:CheckConnection:===========
03-22 00:06:54[DEBUG]-CheckTimer:CheckConnection:===========
03-22 00:07:09[DEBUG]-CheckTimer:CheckConnection:===========
03-22 00:07:24[DEBUG]-CheckTimer:CheckConnection:===========
03-22 00:07:39[DEBUG]-CheckTimer:CheckConnection:===========
03-22 00:07:54[DEBUG]-CheckTimer:CheckConnection:===========
03-22 00:07:58[DEBUG]-Broadcast:Process:type=7
03-22 00:08:09[DEBUG]-CheckTimer:CheckConnection:===========
03-22 00:08:24[DEBUG]-CheckTimer:CheckConnection:===========
03-22 00:08:39[DEBUG]-CheckTimer:CheckConnection:===========
03-22 00:08:54[DEBUG]-CheckTimer:CheckConnection:===========
03-22 00:09:09[DEBUG]-CheckTimer:CheckConnection:===========
03-22 00:09:24[DEBUG]-CheckTimer:CheckConnection:===========
03-22 00:09:39[DEBUG]-CheckTimer:CheckConnection:===========
03-22 00:09:54[DEBUG]-CheckTimer:CheckConnection:===========
03-22 00:10:09[DEBUG]-CheckTimer:CheckConnection:===========
03-22 00:10:24[DEBUG]-CheckTimer:CheckConnection:===========
03-22 00:10:28[DEBUG]-Broadcast:Process:type=7
03-22 00:10:39[DEBUG]-CheckTimer:CheckConnection:===========
03-22 00:10:54[DEBUG]-CheckTimer:CheckConnection:===========
03-22 00:11:09[DEBUG]-CheckTimer:CheckConnection:===========
03-22 00:11:24[DEBUG]-CheckTimer:CheckConnection:===========
03-22 00:11:39[DEBUG]-CheckTimer:CheckConnection:===========
03-22 00:11:54[DEBUG]-CheckTimer:CheckConnection:===========
03-22 00:12:09[DEBUG]-CheckTimer:CheckConnection:===========
03-22 00:12:24[DEBUG]-CheckTimer:CheckConnection:===========
03-22 00:12:39[DEBUG]-CheckTimer:CheckConnection:===========
03-22 00:12:54[DEBUG]-CheckTimer:CheckConnection:===========
03-22 00:12:58[DEBUG]-Broadcast:Process:type=7
03-22 00:13:09[DEBUG]-CheckTimer:CheckConnection:===========
03-22 00:13:24[DEBUG]-CheckTimer:CheckConnection:===========
03-22 00:13:39[DEBUG]-CheckTimer:CheckConnection:===========
03-22 00:13:54[DEBUG]-CheckTimer:CheckConnection:===========
03-22 00:14:09[DEBUG]-CheckTimer:CheckConnection:===========
03-22 00:14:24[DEBUG]-CheckTimer:CheckConnection:===========
03-22 00:14:39[DEBUG]-CheckTimer:CheckConnection:===========
03-22 00:14:54[DEBUG]-CheckTimer:CheckConnection:===========
03-22 00:15:09[DEBUG]-CheckTimer:CheckConnection:===========
03-22 00:15:24[DEBUG]-CheckTimer:CheckConnection:===========
03-22 00:15:28[DEBUG]-Broadcast:Process:type=7
03-22 00:15:39[DEBUG]-CheckTimer:CheckConnection:===========
03-22 00:15:54[DEBUG]-CheckTimer:CheckConnection:===========
03-22 00:16:09[DEBUG]-CheckTimer:CheckConnection:===========
03-22 00:16:24[DEBUG]-CheckTimer:CheckConnection:===========
03-22 00:16:39[DEBUG]-CheckTimer:CheckConnection:===========
03-22 00:16:54[DEBUG]-CheckTimer:CheckConnection:===========
03-22 00:17:09[DEBUG]-CheckTimer:CheckConnection:===========
03-22 00:17:24[DEBUG]-CheckTimer:CheckConnection:===========
03-22 00:17:39[DEBUG]-CheckTimer:CheckConnection:===========
03-22 00:17:54[DEBUG]-CheckTimer:CheckConnection:===========
03-22 00:17:58[DEBUG]-Broadcast:Process:type=7
03-22 00:18:09[DEBUG]-CheckTimer:CheckConnection:===========
03-22 00:18:24[DEBUG]-CheckTimer:CheckConnection:===========
03-22 00:18:39[DEBUG]-CheckTimer:CheckConnection:===========
03-22 00:18:54[DEBUG]-CheckTimer:CheckConnection:===========
03-22 00:19:09[DEBUG]-CheckTimer:CheckConnection:===========
03-22 00:19:24[DEBUG]-CheckTimer:CheckConnection:===========
03-22 00:19:39[DEBUG]-CheckTimer:CheckConnection:===========
03-22 00:19:54[DEBUG]-CheckTimer:CheckConnection:===========
03-22 00:20:09[DEBUG]-CheckTimer:CheckConnection:===========
03-22 00:20:24[DEBUG]-CheckTimer:CheckConnection:===========
03-22 00:20:28[DEBUG]-Broadcast:Process:type=7
03-22 00:20:39[DEBUG]-CheckTimer:CheckConnection:===========
03-22 00:20:54[DEBUG]-CheckTimer:CheckConnection:===========
03-22 00:21:09[DEBUG]-CheckTimer:CheckConnection:===========
03-22 00:21:24[DEBUG]-CheckTimer:CheckConnection:===========
03-22 00:21:39[DEBUG]-CheckTimer:CheckConnection:===========
03-22 00:21:54[DEBUG]-CheckTimer:CheckConnection:===========
03-22 00:22:09[DEBUG]-CheckTimer:CheckConnection:===========
03-22 00:22:24[DEBUG]-CheckTimer:CheckConnection:===========
03-22 00:22:39[DEBUG]-CheckTimer:CheckConnection:===========
03-22 00:22:54[DEBUG]-CheckTimer:CheckConnection:===========
03-22 00:22:58[DEBUG]-Broadcast:Process:type=7
03-22 00:23:09[DEBUG]-CheckTimer:CheckConnection:===========
03-22 00:23:24[DEBUG]-CheckTimer:CheckConnection:===========
03-22 00:23:39[DEBUG]-CheckTimer:CheckConnection:===========
03-22 00:23:54[DEBUG]-CheckTimer:CheckConnection:===========
03-22 00:24:09[DEBUG]-CheckTimer:CheckConnection:===========
03-22 00:24:24[DEBUG]-CheckTimer:CheckConnection:===========
03-22 00:24:39[DEBUG]-CheckTimer:CheckConnection:===========
03-22 00:24:54[DEBUG]-CheckTimer:CheckConnection:===========
03-22 00:25:09[DEBUG]-CheckTimer:CheckConnection:===========
03-22 00:25:24[DEBUG]-CheckTimer:CheckConnection:===========
03-22 00:25:28[DEBUG]-Broadcast:Process:type=7
03-22 00:25:39[DEBUG]-CheckTimer:CheckConnection:===========
03-22 00:25:54[DEBUG]-CheckTimer:CheckConnection:===========
03-22 00:26:09[DEBUG]-CheckTimer:CheckConnection:===========
03-22 00:26:24[DEBUG]-CheckTimer:CheckConnection:===========
03-22 00:26:39[DEBUG]-CheckTimer:CheckConnection:===========
03-22 00:26:54[DEBUG]-CheckTimer:CheckConnection:===========
03-22 00:27:09[DEBUG]-CheckTimer:CheckConnection:===========
03-22 00:27:24[DEBUG]-CheckTimer:CheckConnection:===========
03-22 00:27:39[DEBUG]-CheckTimer:CheckConnection:===========
03-22 00:27:54[DEBUG]-CheckTimer:CheckConnection:===========
03-22 00:27:58[DEBUG]-Broadcast:Process:type=7
03-22 00:28:09[DEBUG]-CheckTimer:CheckConnection:===========
03-22 00:28:24[DEBUG]-CheckTimer:CheckConnection:===========
03-22 00:28:39[DEBUG]-CheckTimer:CheckConnection:===========
03-22 00:28:54[DEBUG]-CheckTimer:CheckConnection:===========
03-22 00:29:09[DEBUG]-CheckTimer:CheckConnection:===========
03-22 00:29:24[DEBUG]-CheckTimer:CheckConnection:===========
03-22 00:29:39[DEBUG]-CheckTimer:CheckConnection:===========
03-22 00:29:54[DEBUG]-CheckTimer:CheckConnection:===========
03-22 00:30:09[DEBUG]-CheckTimer:CheckConnection:===========
03-22 00:30:24[DEBUG]-CheckTimer:CheckConnection:===========
03-22 00:30:28[DEBUG]-Broadcast:Process:type=7
03-22 00:30:39[DEBUG]-CheckTimer:CheckConnection:===========
03-22 00:30:54[DEBUG]-CheckTimer:CheckConnection:===========
03-22 00:31:09[DEBUG]-CheckTimer:CheckConnection:===========
03-22 00:31:24[DEBUG]-CheckTimer:CheckConnection:===========
03-22 00:31:39[DEBUG]-CheckTimer:CheckConnection:===========
03-22 00:31:54[DEBUG]-CheckTimer:CheckConnection:===========
03-22 00:32:09[DEBUG]-CheckTimer:CheckConnection:===========
03-22 00:32:24[DEBUG]-CheckTimer:CheckConnection:===========
03-22 00:32:39[DEBUG]-CheckTimer:CheckConnection:===========
03-22 00:32:54[DEBUG]-CheckTimer:CheckConnection:===========
03-22 00:32:58[DEBUG]-Broadcast:Process:type=7
03-22 00:33:09[DEBUG]-CheckTimer:CheckConnection:===========
03-22 00:33:24[DEBUG]-CheckTimer:CheckConnection:===========
03-22 00:33:39[DEBUG]-CheckTimer:CheckConnection:===========
03-22 00:33:54[DEBUG]-CheckTimer:CheckConnection:===========
03-22 00:34:09[DEBUG]-CheckTimer:CheckConnection:===========
03-22 00:34:24[DEBUG]-CheckTimer:CheckConnection:===========
03-22 00:34:39[DEBUG]-CheckTimer:CheckConnection:===========
03-22 00:34:54[DEBUG]-CheckTimer:CheckConnection:===========
03-22 00:35:09[DEBUG]-CheckTimer:CheckConnection:===========
03-22 00:35:24[DEBUG]-CheckTimer:CheckConnection:===========
03-22 00:35:28[DEBUG]-Broadcast:Process:type=7
03-22 00:35:39[DEBUG]-CheckTimer:CheckConnection:===========
03-22 00:35:54[DEBUG]-CheckTimer:CheckConnection:===========
03-22 00:36:09[DEBUG]-CheckTimer:CheckConnection:===========
03-22 00:36:24[DEBUG]-CheckTimer:CheckConnection:===========
03-22 00:36:39[DEBUG]-CheckTimer:CheckConnection:===========
03-22 00:36:54[DEBUG]-CheckTimer:CheckConnection:===========
03-22 00:37:09[DEBUG]-CheckTimer:CheckConnection:===========
03-22 00:37:24[DEBUG]-CheckTimer:CheckConnection:===========
03-22 00:37:39[DEBUG]-CheckTimer:CheckConnection:===========
03-22 00:37:54[DEBUG]-CheckTimer:CheckConnection:===========
03-22 00:37:58[DEBUG]-Broadcast:Process:type=7
03-22 00:38:09[DEBUG]-CheckTimer:CheckConnection:===========
03-22 00:38:24[DEBUG]-CheckTimer:CheckConnection:===========
03-22 00:38:39[DEBUG]-CheckTimer:CheckConnection:===========
03-22 00:38:54[DEBUG]-CheckTimer:CheckConnection:===========
03-22 00:39:09[DEBUG]-CheckTimer:CheckConnection:===========
03-22 00:39:24[DEBUG]-CheckTimer:CheckConnection:===========
03-22 00:39:39[DEBUG]-CheckTimer:CheckConnection:===========
03-22 00:39:54[DEBUG]-CheckTimer:CheckConnection:===========
03-22 00:40:09[DEBUG]-CheckTimer:CheckConnection:===========
03-22 00:40:24[DEBUG]-CheckTimer:CheckConnection:===========
03-22 00:40:28[DEBUG]-Broadcast:Process:type=7
03-22 00:40:39[DEBUG]-CheckTimer:CheckConnection:===========
03-22 00:40:54[DEBUG]-CheckTimer:CheckConnection:===========
03-22 00:41:09[DEBUG]-CheckTimer:CheckConnection:===========
03-22 00:41:24[DEBUG]-CheckTimer:CheckConnection:===========
03-22 00:41:39[DEBUG]-CheckTimer:CheckConnection:===========
03-22 00:41:54[DEBUG]-CheckTimer:CheckConnection:===========
03-22 00:42:09[DEBUG]-CheckTimer:CheckConnection:===========
03-22 00:42:24[DEBUG]-CheckTimer:CheckConnection:===========
03-22 00:42:39[DEBUG]-CheckTimer:CheckConnection:===========
03-22 00:42:54[DEBUG]-CheckTimer:CheckConnection:===========
03-22 00:42:58[DEBUG]-Broadcast:Process:type=7
03-22 00:43:09[DEBUG]-CheckTimer:CheckConnection:===========
03-22 00:43:24[DEBUG]-CheckTimer:CheckConnection:===========
03-22 00:43:39[DEBUG]-CheckTimer:CheckConnection:===========
03-22 00:43:54[DEBUG]-CheckTimer:CheckConnection:===========
03-22 00:44:09[DEBUG]-CheckTimer:CheckConnection:===========
03-22 00:44:24[DEBUG]-CheckTimer:CheckConnection:===========
03-22 00:44:39[DEBUG]-CheckTimer:CheckConnection:===========
03-22 00:44:54[DEBUG]-CheckTimer:CheckConnection:===========
03-22 00:45:09[DEBUG]-CheckTimer:CheckConnection:===========
03-22 00:45:24[DEBUG]-CheckTimer:CheckConnection:===========
03-22 00:45:28[DEBUG]-Broadcast:Process:type=7
03-22 00:45:39[DEBUG]-CheckTimer:CheckConnection:===========
03-22 00:45:54[DEBUG]-CheckTimer:CheckConnection:===========
03-22 00:46:09[DEBUG]-CheckTimer:CheckConnection:===========
03-22 00:46:24[DEBUG]-CheckTimer:CheckConnection:===========
03-22 00:46:39[DEBUG]-CheckTimer:CheckConnection:===========
03-22 00:46:54[DEBUG]-CheckTimer:CheckConnection:===========
03-22 00:47:09[DEBUG]-CheckTimer:CheckConnection:===========
03-22 00:47:24[DEBUG]-CheckTimer:CheckConnection:===========
03-22 00:47:39[DEBUG]-CheckTimer:CheckConnection:===========
03-22 00:47:54[DEBUG]-CheckTimer:CheckConnection:===========
03-22 00:47:58[DEBUG]-Broadcast:Process:type=7
03-22 00:48:09[DEBUG]-CheckTimer:CheckConnection:===========
03-22 00:48:24[DEBUG]-CheckTimer:CheckConnection:===========
03-22 00:48:39[DEBUG]-CheckTimer:CheckConnection:===========
03-22 00:48:41[DEBUG]-LinkServer:OnAddSession:add new client,sid=25.
03-22 00:48:41[INFO]-LinkServer:OnDelSession:close a client,userid=0,sid=25,reason=1
03-22 00:48:43[DEBUG]-LinkServer:OnAddSession:add new client,sid=26.
03-22 00:48:43[INFO]-Response:Process:user(account=www888,020000000000),logintype=1.
03-22 00:48:43[INFO]-MatrixPasswdRep:Process:user(id=5) sid=26,retcode=0
03-22 00:48:43[INFO]-MatrixPasswdRep:Process:user(id=5) sid=26,blkickuser=0
03-22 00:48:43[INFO]-KeyExchange:Process:user(id=5) sid=26
03-22 00:48:43[INFO]-OnlineAnnounce:Process:user(id=5) algorithm=0x0
03-22 00:48:43[INFO]-OnlineAnnounce:Process:accountid=5,account=www888,020000000000,peer=27.23.191.141,mid=locojoy login!
03-22 00:48:43[INFO]-AnnounceServerAttribute:Process:from deliver.
03-22 00:48:43[DEBUG]-LinkServer:DispatchUnknownProtocol:user(id=5,sid=26) send Dispatch ok,pvid=12,type=1
03-22 00:48:43[INFO]-SetLogin::Process:roleid=-1,linksid=26,login=1
03-22 00:48:43[DEBUG]-Send:Process:user(id=5,sid=26) type=84
03-22 00:48:43[DEBUG]-Send:Process:user(id=5,sid=26) type=2
03-22 00:48:43[DEBUG]-LinkServer:DispatchUnknownProtocol:user(id=5,sid=26) send Dispatch ok,pvid=12,type=82
03-22 00:48:43[DEBUG]-Send:Process:user(id=5,sid=26) type=83
03-22 00:48:43[DEBUG]-LinkServer:DispatchUnknownProtocol:user(id=5,sid=26) send Dispatch ok,pvid=12,type=21020
03-22 00:48:48[DEBUG]-KeepAlive:Process:user(id=5) code=27808,sid=26
03-22 00:48:48[DEBUG]-LinkServer:DispatchUnknownProtocol:user(id=5,sid=26) send Dispatch ok,pvid=12,type=42
03-22 00:48:48[DEBUG]-Send:Process:user(id=5,sid=26) type=43
03-22 00:48:50[DEBUG]-LinkServer:DispatchUnknownProtocol:user(id=5,sid=26) send Dispatch ok,pvid=12,type=3
03-22 00:48:50[DEBUG]-KeepAlive:Process:user(id=5) code=30222,sid=26
03-22 00:48:50[DEBUG]-Send:Process:user(id=5,sid=26) type=4
03-22 00:48:50[DEBUG]-LinkServer:DispatchUnknownProtocol:user(id=5,sid=26) send Dispatch ok,pvid=12,type=5
03-22 00:48:50[DEBUG]-Send:Process:user(id=5,sid=26) type=6
03-22 00:48:50[DEBUG]-Send:Process:user(id=5,sid=26) type=7
03-22 00:48:50[DEBUG]-Send:Process:user(id=5,sid=26) type=97
03-22 00:48:50[DEBUG]-Send:Process:user(id=5,sid=26) type=14014
03-22 00:48:50[DEBUG]-Send:Process:user(id=5,sid=26) type=13000
03-22 00:48:50[DEBUG]-Send:Process:user(id=5,sid=26) type=14014
03-22 00:48:50[DEBUG]-Send:Process:user(id=5,sid=26) type=13000
03-22 00:48:50[DEBUG]-Send:Process:user(id=5,sid=26) type=14014
03-22 00:48:50[DEBUG]-Send:Process:user(id=5,sid=26) type=13000
03-22 00:48:50[DEBUG]-Send:Process:user(id=5,sid=26) type=23907
03-22 00:48:50[DEBUG]-Send:Process:user(id=5,sid=26) type=13000
03-22 00:48:50[DEBUG]-Send:Process:user(id=5,sid=26) type=26010
03-22 00:48:50[DEBUG]-Send:Process:user(id=5,sid=26) type=26256
03-22 00:48:50[DEBUG]-Send:Process:user(id=5,sid=26) type=26029
03-22 00:48:50[DEBUG]-Send:Process:user(id=5,sid=26) type=19025
03-22 00:48:50[DEBUG]-Send:Process:user(id=5,sid=26) type=29
03-22 00:48:50[DEBUG]-Send:Process:user(id=5,sid=26) type=89
03-22 00:48:50[DEBUG]-Send:Process:user(id=5,sid=26) type=31550
03-22 00:48:50[DEBUG]-Send:Process:user(id=5,sid=26) type=4009
03-22 00:48:50[DEBUG]-Send:Process:user(id=5,sid=26) type=20001
03-22 00:48:50[DEBUG]-Send:Process:user(id=5,sid=26) type=32404
03-22 00:48:50[DEBUG]-Send:Process:user(id=5,sid=26) type=32401
03-22 00:48:50[DEBUG]-Send:Process:user(id=5,sid=26) type=22085
03-22 00:48:50[DEBUG]-Send:Process:user(id=5,sid=26) type=14015
03-22 00:48:50[DEBUG]-Send:Process:user(id=5,sid=26) type=14057
03-22 00:48:50[DEBUG]-Send:Process:user(id=5,sid=26) type=14011
03-22 00:48:50[DEBUG]-Send:Process:user(id=5,sid=26) type=32712
03-22 00:48:50[DEBUG]-Send:Process:user(id=5,sid=26) type=1075
03-22 00:48:50[DEBUG]-Send:Process:user(id=5,sid=26) type=1299
03-22 00:48:50[DEBUG]-Send:Process:user(id=5,sid=26) type=99
03-22 00:48:50[DEBUG]-Send:Process:user(id=5,sid=26) type=4005
03-22 00:48:50[DEBUG]-LinkServer:DispatchUnknownProtocol:user(id=5,sid=26) send Dispatch ok,pvid=12,type=23942
03-22 00:48:50[DEBUG]-Send:Process:user(id=5,sid=26) type=13004
03-22 00:48:50[DEBUG]-Send:Process:user(id=5,sid=26) type=4005
03-22 00:48:50[DEBUG]-Send:Process:user(id=5,sid=26) type=13004
03-22 00:48:50[DEBUG]-Send:Process:user(id=5,sid=26) type=13005
03-22 00:48:50[DEBUG]-Send:Process:user(id=5,sid=26) type=26214
03-22 00:48:50[DEBUG]-Send:Process:user(id=5,sid=26) type=23907
03-22 00:48:50[DEBUG]-Send:Process:user(id=5,sid=26) type=23908
03-22 00:48:50[DEBUG]-Send:Process:user(id=5,sid=26) type=19013
03-22 00:48:50[DEBUG]-Send:Process:user(id=5,sid=26) type=4005
03-22 00:48:50[DEBUG]-Send:Process:user(id=5,sid=26) type=4033
03-22 00:48:50[DEBUG]-Send:Process:user(id=5,sid=26) type=6005
03-22 00:48:50[DEBUG]-Send:Process:user(id=5,sid=26) type=19017
03-22 00:48:50[DEBUG]-Send:Process:user(id=5,sid=26) type=8043
03-22 00:48:50[DEBUG]-Send:Process:user(id=5,sid=26) type=32407
03-22 00:48:51[DEBUG]-LinkServer:DispatchUnknownProtocol:user(id=5,sid=26) send Dispatch ok,pvid=12,type=4060
03-22 00:48:51[DEBUG]-LinkServer:DispatchUnknownProtocol:user(id=5,sid=26) send Dispatch ok,pvid=12,type=26055
03-22 00:48:51[DEBUG]-Send:Process:user(id=5,sid=26) type=26057
03-22 00:48:51[DEBUG]-LinkServer:DispatchUnknownProtocol:user(id=5,sid=26) send Dispatch ok,pvid=12,type=26055
03-22 00:48:51[DEBUG]-Send:Process:user(id=5,sid=26) type=26057
03-22 00:48:51[DEBUG]-LinkServer:DispatchUnknownProtocol:user(id=5,sid=26) send Dispatch ok,pvid=12,type=32764
03-22 00:48:51[DEBUG]-LinkServer:DispatchUnknownProtocol:user(id=5,sid=26) send Dispatch ok,pvid=12,type=26051
03-22 00:48:51[DEBUG]-LinkServer:DispatchUnknownProtocol:user(id=5,sid=26) send Dispatch ok,pvid=12,type=22086
03-22 00:48:51[DEBUG]-LinkServer:DispatchUnknownProtocol:user(id=5,sid=26) send Dispatch ok,pvid=12,type=126
03-22 00:48:51[DEBUG]-Send:Process:user(id=5,sid=26) type=32765
03-22 00:48:51[DEBUG]-LinkServer:DispatchUnknownProtocol:user(id=5,sid=26) send Dispatch ok,pvid=12,type=22022
03-22 00:48:51[DEBUG]-Send:Process:user(id=5,sid=26) type=127
03-22 00:48:51[DEBUG]-Send:Process:user(id=5,sid=26) type=22087
03-22 00:48:51[DEBUG]-LinkServer:DispatchUnknownProtocol:user(id=5,sid=26) send Dispatch ok,pvid=12,type=19052
03-22 00:48:51[DEBUG]-Send:Process:user(id=5,sid=26) type=19053
03-22 00:48:52[DEBUG]-LinkServer:DispatchUnknownProtocol:user(id=5,sid=26) send Dispatch ok,pvid=12,type=24205
03-22 00:48:52[DEBUG]-LinkServer:DispatchUnknownProtocol:user(id=5,sid=26) send Dispatch ok,pvid=12,type=24205
03-22 00:48:52[DEBUG]-Send:Process:user(id=5,sid=26) type=24206
03-22 00:48:52[DEBUG]-Send:Process:user(id=5,sid=26) type=24206
03-22 00:48:52[DEBUG]-LinkServer:DispatchUnknownProtocol:user(id=5,sid=26) send Dispatch ok,pvid=12,type=19108
03-22 00:48:52[DEBUG]-LinkServer:DispatchUnknownProtocol:user(id=5,sid=26) send Dispatch ok,pvid=12,type=94
03-22 00:48:52[DEBUG]-LinkServer:DispatchUnknownProtocol:user(id=5,sid=26) send Dispatch ok,pvid=12,type=9037
03-22 00:48:52[DEBUG]-LinkServer:DispatchUnknownProtocol:user(id=5,sid=26) send Dispatch ok,pvid=12,type=24100
03-22 00:48:52[DEBUG]-LinkServer:DispatchUnknownProtocol:user(id=5,sid=26) send Dispatch ok,pvid=12,type=22044
03-22 00:48:52[DEBUG]-Send:Process:user(id=5,sid=26) type=19109
03-22 00:48:52[DEBUG]-Send:Process:user(id=5,sid=26) type=95
03-22 00:48:52[DEBUG]-Send:Process:user(id=5,sid=26) type=9038
03-22 00:48:52[DEBUG]-LinkServer:DispatchUnknownProtocol:user(id=5,sid=26) send Dispatch ok,pvid=12,type=61
03-22 00:48:52[DEBUG]-Send:Process:user(id=5,sid=26) type=24101
03-22 00:48:52[DEBUG]-LinkServer:DispatchUnknownProtocol:user(id=5,sid=26) send Dispatch ok,pvid=12,type=19104
03-22 00:48:52[DEBUG]-Send:Process:user(id=5,sid=26) type=19105
03-22 00:48:52[DEBUG]-LinkServer:DispatchUnknownProtocol:user(id=5,sid=26) send Dispatch ok,pvid=12,type=19104
03-22 00:48:52[DEBUG]-Send:Process:user(id=5,sid=26) type=19105
03-22 00:48:53[DEBUG]-LinkServer:DispatchUnknownProtocol:user(id=5,sid=26) send Dispatch ok,pvid=12,type=4001
03-22 00:48:53[DEBUG]-LinkServer:DispatchUnknownProtocol:user(id=5,sid=26) send Dispatch ok,pvid=12,type=4003
03-22 00:48:53[DEBUG]-LinkServer:DispatchUnknownProtocol:user(id=5,sid=26) send Dispatch ok,pvid=12,type=4001
03-22 00:48:53[DEBUG]-LinkServer:DispatchUnknownProtocol:user(id=5,sid=26) send Dispatch ok,pvid=12,type=4003
03-22 00:48:53[DEBUG]-KeepAlive:Process:user(id=5) code=33446,sid=26
03-22 00:48:53[DEBUG]-LinkServer:DispatchUnknownProtocol:user(id=5,sid=26) send Dispatch ok,pvid=12,type=4010
03-22 00:48:54[DEBUG]-CheckTimer:CheckConnection:===========
03-22 00:48:54[DEBUG]-CheckTimer:CheckConnection:user(id=5,sid=26) alivetime:15.
03-22 00:48:58[DEBUG]-KeepAlive:Process:user(id=5) code=37828,sid=26
03-22 00:49:01[DEBUG]-KeepAlive:Process:user(id=5) code=40882,sid=26
03-22 00:49:04[DEBUG]-KeepAlive:Process:user(id=5) code=43931,sid=26
03-22 00:49:07[DEBUG]-KeepAlive:Process:user(id=5) code=46973,sid=26
03-22 00:49:09[DEBUG]-CheckTimer:CheckConnection:===========
03-22 00:49:09[DEBUG]-CheckTimer:CheckConnection:user(id=5,sid=26) alivetime:15.
03-22 00:49:10[DEBUG]-KeepAlive:Process:user(id=5) code=50022,sid=26
03-22 00:49:13[DEBUG]-KeepAlive:Process:user(id=5) code=53079,sid=26
03-22 00:49:16[DEBUG]-KeepAlive:Process:user(id=5) code=56118,sid=26
03-22 00:49:19[DEBUG]-KeepAlive:Process:user(id=5) code=59165,sid=26
03-22 00:49:22[DEBUG]-KeepAlive:Process:user(id=5) code=62208,sid=26
03-22 00:49:24[DEBUG]-CheckTimer:CheckConnection:===========
03-22 00:49:24[DEBUG]-CheckTimer:CheckConnection:user(id=5,sid=26) alivetime:15.
03-22 00:49:25[DEBUG]-KeepAlive:Process:user(id=5) code=65267,sid=26
03-22 00:49:28[DEBUG]-KeepAlive:Process:user(id=5) code=68317,sid=26
03-22 00:49:31[DEBUG]-KeepAlive:Process:user(id=5) code=71370,sid=26
03-22 00:49:34[DEBUG]-LinkServer:DispatchUnknownProtocol:user(id=5,sid=26) send Dispatch ok,pvid=12,type=22086
03-22 00:49:34[DEBUG]-KeepAlive:Process:user(id=5) code=73924,sid=26
03-22 00:49:34[DEBUG]-Send:Process:user(id=5,sid=26) type=22087
03-22 00:49:34[DEBUG]-LinkServer:DispatchUnknownProtocol:user(id=5,sid=26) send Dispatch ok,pvid=12,type=13006
03-22 00:49:34[DEBUG]-Send:Process:user(id=5,sid=26) type=13007
03-22 00:49:34[DEBUG]-LinkServer:DispatchUnknownProtocol:user(id=5,sid=26) send Dispatch ok,pvid=12,type=14098
03-22 00:49:34[DEBUG]-Send:Process:user(id=5,sid=26) type=13000
03-22 00:49:38[DEBUG]-KeepAlive:Process:user(id=5) code=78048,sid=26
03-22 00:49:39[DEBUG]-CheckTimer:CheckConnection:===========
03-22 00:49:39[DEBUG]-CheckTimer:CheckConnection:user(id=5,sid=26) alivetime:15.
03-22 00:49:41[DEBUG]-KeepAlive:Process:user(id=5) code=81104,sid=26
03-22 00:49:44[DEBUG]-KeepAlive:Process:user(id=5) code=84158,sid=26
03-22 00:49:46[DEBUG]-Send:Process:user(id=5,sid=26) type=6015
03-22 00:49:46[DEBUG]-Send:Process:user(id=5,sid=26) type=13
03-22 00:49:46[DEBUG]-Send:Process:user(id=5,sid=26) type=13
03-22 00:49:46[DEBUG]-Send:Process:user(id=5,sid=26) type=13000
03-22 00:49:46[DEBUG]-Send:Process:user(id=5,sid=26) type=13003
03-22 00:49:46[DEBUG]-Send:Process:user(id=5,sid=26) type=13
03-22 00:49:46[DEBUG]-Send:Process:user(id=5,sid=26) type=6015
03-22 00:49:46[DEBUG]-Send:Process:user(id=5,sid=26) type=13
03-22 00:49:46[DEBUG]-Send:Process:user(id=5,sid=26) type=13
03-22 00:49:46[DEBUG]-Send:Process:user(id=5,sid=26) type=13000
03-22 00:49:46[DEBUG]-Send:Process:user(id=5,sid=26) type=13003
03-22 00:49:46[DEBUG]-Send:Process:user(id=5,sid=26) type=13
03-22 00:49:46[DEBUG]-Send:Process:user(id=5,sid=26) type=6015
03-22 00:49:46[DEBUG]-Send:Process:user(id=5,sid=26) type=13
03-22 00:49:46[DEBUG]-Send:Process:user(id=5,sid=26) type=13
03-22 00:49:46[DEBUG]-Send:Process:user(id=5,sid=26) type=13000
03-22 00:49:46[DEBUG]-Send:Process:user(id=5,sid=26) type=13003
03-22 00:49:46[DEBUG]-Send:Process:user(id=5,sid=26) type=13004
03-22 00:49:46[DEBUG]-Send:Process:user(id=5,sid=26) type=13
03-22 00:49:46[DEBUG]-Send:Process:user(id=5,sid=26) type=6015
03-22 00:49:46[DEBUG]-Send:Process:user(id=5,sid=26) type=13
03-22 00:49:46[DEBUG]-Send:Process:user(id=5,sid=26) type=13
03-22 00:49:46[DEBUG]-Send:Process:user(id=5,sid=26) type=13000
03-22 00:49:46[DEBUG]-Send:Process:user(id=5,sid=26) type=13003
03-22 00:49:46[DEBUG]-Send:Process:user(id=5,sid=26) type=13
03-22 00:49:46[DEBUG]-Send:Process:user(id=5,sid=26) type=6015
03-22 00:49:46[DEBUG]-Send:Process:user(id=5,sid=26) type=13
03-22 00:49:46[DEBUG]-Send:Process:user(id=5,sid=26) type=13
03-22 00:49:46[DEBUG]-Send:Process:user(id=5,sid=26) type=13000
03-22 00:49:46[DEBUG]-Send:Process:user(id=5,sid=26) type=13003
03-22 00:49:46[DEBUG]-Send:Process:user(id=5,sid=26) type=13
03-22 00:49:46[DEBUG]-Send:Process:user(id=5,sid=26) type=6015
03-22 00:49:46[DEBUG]-Send:Process:user(id=5,sid=26) type=13
03-22 00:49:46[DEBUG]-Send:Process:user(id=5,sid=26) type=13
03-22 00:49:46[DEBUG]-Send:Process:user(id=5,sid=26) type=13000
03-22 00:49:46[DEBUG]-Send:Process:user(id=5,sid=26) type=13003
03-22 00:49:46[DEBUG]-Send:Process:user(id=5,sid=26) type=13
03-22 00:49:46[DEBUG]-Send:Process:user(id=5,sid=26) type=6015
03-22 00:49:46[DEBUG]-Send:Process:user(id=5,sid=26) type=13
03-22 00:49:46[DEBUG]-Send:Process:user(id=5,sid=26) type=13
03-22 00:49:46[DEBUG]-Send:Process:user(id=5,sid=26) type=19025
03-22 00:49:46[DEBUG]-Send:Process:user(id=5,sid=26) type=13000
03-22 00:49:46[DEBUG]-Send:Process:user(id=5,sid=26) type=13003
03-22 00:49:46[DEBUG]-Send:Process:user(id=5,sid=26) type=13
03-22 00:49:46[DEBUG]-Send:Process:user(id=5,sid=26) type=6015
03-22 00:49:46[DEBUG]-Send:Process:user(id=5,sid=26) type=13
03-22 00:49:46[DEBUG]-Send:Process:user(id=5,sid=26) type=13
03-22 00:49:46[DEBUG]-Send:Process:user(id=5,sid=26) type=13000
03-22 00:49:46[DEBUG]-Send:Process:user(id=5,sid=26) type=13003
03-22 00:49:46[DEBUG]-Send:Process:user(id=5,sid=26) type=13
03-22 00:49:46[DEBUG]-Send:Process:user(id=5,sid=26) type=19025
03-22 00:49:46[DEBUG]-Send:Process:user(id=5,sid=26) type=13004
03-22 00:49:46[DEBUG]-Send:Process:user(id=5,sid=26) type=19025
03-22 00:49:46[DEBUG]-Send:Process:user(id=5,sid=26) type=13004
03-22 00:49:46[DEBUG]-Send:Process:user(id=5,sid=26) type=19025
03-22 00:49:46[DEBUG]-Send:Process:user(id=5,sid=26) type=19025
03-22 00:49:46[DEBUG]-Send:Process:user(id=5,sid=26) type=13004
03-22 00:49:46[DEBUG]-Send:Process:user(id=5,sid=26) type=19025
03-22 00:49:46[DEBUG]-Send:Process:user(id=5,sid=26) type=19025
03-22 00:49:46[DEBUG]-Send:Process:user(id=5,sid=26) type=6015
03-22 00:49:46[DEBUG]-Send:Process:user(id=5,sid=26) type=13
03-22 00:49:46[DEBUG]-Send:Process:user(id=5,sid=26) type=13
03-22 00:49:46[DEBUG]-Send:Process:user(id=5,sid=26) type=13000
03-22 00:49:46[DEBUG]-Send:Process:user(id=5,sid=26) type=13003
03-22 00:49:46[DEBUG]-Send:Process:user(id=5,sid=26) type=19025
03-22 00:49:46[DEBUG]-Send:Process:user(id=5,sid=26) type=13
03-22 00:49:46[DEBUG]-Send:Process:user(id=5,sid=26) type=6015
03-22 00:49:46[DEBUG]-Send:Process:user(id=5,sid=26) type=13
03-22 00:49:46[DEBUG]-Send:Process:user(id=5,sid=26) type=13
03-22 00:49:46[DEBUG]-Send:Process:user(id=5,sid=26) type=13000
03-22 00:49:46[DEBUG]-Send:Process:user(id=5,sid=26) type=13003
03-22 00:49:46[DEBUG]-Send:Process:user(id=5,sid=26) type=13004
03-22 00:49:46[DEBUG]-Send:Process:user(id=5,sid=26) type=13
03-22 00:49:46[DEBUG]-Send:Process:user(id=5,sid=26) type=13000
03-22 00:49:46[DEBUG]-Send:Process:user(id=5,sid=26) type=13004
03-22 00:49:46[DEBUG]-Send:Process:user(id=5,sid=26) type=13004
03-22 00:49:46[DEBUG]-Send:Process:user(id=5,sid=26) type=13004
03-22 00:49:46[DEBUG]-Send:Process:user(id=5,sid=26) type=19025
03-22 00:49:46[DEBUG]-Send:Process:user(id=5,sid=26) type=13004
03-22 00:49:46[DEBUG]-Send:Process:user(id=5,sid=26) type=19025
03-22 00:49:46[DEBUG]-Send:Process:user(id=5,sid=26) type=13004
03-22 00:49:46[DEBUG]-Send:Process:user(id=5,sid=26) type=13004
03-22 00:49:46[DEBUG]-KeepAlive:Process:user(id=5) code=86448,sid=26
03-22 00:49:46[DEBUG]-LinkServer:DispatchUnknownProtocol:user(id=5,sid=26) send Dispatch ok,pvid=12,type=15
03-22 00:49:46[DEBUG]-LinkServer:DispatchUnknownProtocol:user(id=5,sid=26) send Dispatch ok,pvid=12,type=19052
03-22 00:49:46[DEBUG]-LinkServer:DispatchUnknownProtocol:user(id=5,sid=26) send Dispatch ok,pvid=12,type=21020
03-22 00:49:46[DEBUG]-Send:Process:user(id=5,sid=26) type=21021
03-22 00:49:46[DEBUG]-Send:Process:user(id=5,sid=26) type=19053
03-22 00:49:46[DEBUG]-Send:Process:user(id=5,sid=26) type=16
03-22 00:49:46[DEBUG]-LinkServer:DispatchUnknownProtocol:user(id=5,sid=26) send Dispatch ok,pvid=12,type=19052
03-22 00:49:46[DEBUG]-Send:Process:user(id=5,sid=26) type=19053
03-22 00:49:46[DEBUG]-LinkServer:DispatchUnknownProtocol:user(id=5,sid=26) send Dispatch ok,pvid=12,type=21020
03-22 00:49:46[DEBUG]-Send:Process:user(id=5,sid=26) type=21021
03-22 00:49:46[DEBUG]-LinkServer:DispatchUnknownProtocol:user(id=5,sid=26) send Dispatch ok,pvid=12,type=19052
03-22 00:49:46[DEBUG]-Send:Process:user(id=5,sid=26) type=19053
03-22 00:49:46[DEBUG]-LinkServer:DispatchUnknownProtocol:user(id=5,sid=26) send Dispatch ok,pvid=12,type=21020
03-22 00:49:46[DEBUG]-Send:Process:user(id=5,sid=26) type=21021
03-22 00:49:46[DEBUG]-LinkServer:DispatchUnknownProtocol:user(id=5,sid=26) send Dispatch ok,pvid=12,type=19052
03-22 00:49:46[DEBUG]-Send:Process:user(id=5,sid=26) type=19053
03-22 00:49:46[DEBUG]-LinkServer:DispatchUnknownProtocol:user(id=5,sid=26) send Dispatch ok,pvid=12,type=21020
03-22 00:49:46[DEBUG]-Send:Process:user(id=5,sid=26) type=21021
03-22 00:49:46[DEBUG]-LinkServer:DispatchUnknownProtocol:user(id=5,sid=26) send Dispatch ok,pvid=12,type=19052
03-22 00:49:46[DEBUG]-Send:Process:user(id=5,sid=26) type=19053
03-22 00:49:46[DEBUG]-LinkServer:DispatchUnknownProtocol:user(id=5,sid=26) send Dispatch ok,pvid=12,type=21020
03-22 00:49:46[DEBUG]-Send:Process:user(id=5,sid=26) type=21021
03-22 00:49:46[DEBUG]-LinkServer:DispatchUnknownProtocol:user(id=5,sid=26) send Dispatch ok,pvid=12,type=19052
03-22 00:49:46[DEBUG]-LinkServer:DispatchUnknownProtocol:user(id=5,sid=26) send Dispatch ok,pvid=12,type=21020
03-22 00:49:46[DEBUG]-Send:Process:user(id=5,sid=26) type=19053
03-22 00:49:46[DEBUG]-Send:Process:user(id=5,sid=26) type=21021
03-22 00:49:47[DEBUG]-LinkServer:DispatchUnknownProtocol:user(id=5,sid=26) send Dispatch ok,pvid=12,type=19052
03-22 00:49:47[DEBUG]-Send:Process:user(id=5,sid=26) type=19053
03-22 00:49:47[DEBUG]-LinkServer:DispatchUnknownProtocol:user(id=5,sid=26) send Dispatch ok,pvid=12,type=21020
03-22 00:49:47[DEBUG]-Send:Process:user(id=5,sid=26) type=21021
03-22 00:49:47[DEBUG]-LinkServer:DispatchUnknownProtocol:user(id=5,sid=26) send Dispatch ok,pvid=12,type=19052
03-22 00:49:47[DEBUG]-LinkServer:DispatchUnknownProtocol:user(id=5,sid=26) send Dispatch ok,pvid=12,type=21020
03-22 00:49:47[DEBUG]-Send:Process:user(id=5,sid=26) type=21021
03-22 00:49:47[DEBUG]-Send:Process:user(id=5,sid=26) type=19053
03-22 00:49:47[DEBUG]-LinkServer:DispatchUnknownProtocol:user(id=5,sid=26) send Dispatch ok,pvid=12,type=26051
03-22 00:49:47[DEBUG]-Send:Process:user(id=5,sid=26) type=26052
03-22 00:49:47[DEBUG]-LinkServer:DispatchUnknownProtocol:user(id=5,sid=26) send Dispatch ok,pvid=12,type=19052
03-22 00:49:47[DEBUG]-LinkServer:DispatchUnknownProtocol:user(id=5,sid=26) send Dispatch ok,pvid=12,type=21020
03-22 00:49:47[DEBUG]-Send:Process:user(id=5,sid=26) type=19053
03-22 00:49:47[DEBUG]-Send:Process:user(id=5,sid=26) type=21021
03-22 00:49:47[DEBUG]-LinkServer:DispatchUnknownProtocol:user(id=5,sid=26) send Dispatch ok,pvid=12,type=19052
03-22 00:49:47[DEBUG]-LinkServer:DispatchUnknownProtocol:user(id=5,sid=26) send Dispatch ok,pvid=12,type=21020
03-22 00:49:47[DEBUG]-Send:Process:user(id=5,sid=26) type=19053
03-22 00:49:47[DEBUG]-Send:Process:user(id=5,sid=26) type=21021
03-22 00:49:47[DEBUG]-LinkServer:DispatchUnknownProtocol:user(id=5,sid=26) send Dispatch ok,pvid=12,type=19104
03-22 00:49:47[DEBUG]-Send:Process:user(id=5,sid=26) type=19105
03-22 00:49:47[DEBUG]-LinkServer:DispatchUnknownProtocol:user(id=5,sid=26) send Dispatch ok,pvid=12,type=19104
03-22 00:49:47[DEBUG]-Send:Process:user(id=5,sid=26) type=19105
03-22 00:49:47[DEBUG]-LinkServer:DispatchUnknownProtocol:user(id=5,sid=26) send Dispatch ok,pvid=12,type=19104
03-22 00:49:47[DEBUG]-LinkServer:DispatchUnknownProtocol:user(id=5,sid=26) send Dispatch ok,pvid=12,type=19104
03-22 00:49:47[DEBUG]-LinkServer:DispatchUnknownProtocol:user(id=5,sid=26) send Dispatch ok,pvid=12,type=19104
03-22 00:49:47[DEBUG]-LinkServer:DispatchUnknownProtocol:user(id=5,sid=26) send Dispatch ok,pvid=12,type=19104
03-22 00:49:47[DEBUG]-Send:Process:user(id=5,sid=26) type=19105
03-22 00:49:47[DEBUG]-LinkServer:DispatchUnknownProtocol:user(id=5,sid=26) send Dispatch ok,pvid=12,type=19104
03-22 00:49:47[DEBUG]-LinkServer:DispatchUnknownProtocol:user(id=5,sid=26) send Dispatch ok,pvid=12,type=19104
03-22 00:49:47[DEBUG]-LinkServer:DispatchUnknownProtocol:user(id=5,sid=26) send Dispatch ok,pvid=12,type=19104
03-22 00:49:47[DEBUG]-LinkServer:DispatchUnknownProtocol:user(id=5,sid=26) send Dispatch ok,pvid=12,type=19104
03-22 00:49:47[DEBUG]-LinkServer:DispatchUnknownProtocol:user(id=5,sid=26) send Dispatch ok,pvid=12,type=19104
03-22 00:49:47[DEBUG]-LinkServer:DispatchUnknownProtocol:user(id=5,sid=26) send Dispatch ok,pvid=12,type=19104
03-22 00:49:47[DEBUG]-Send:Process:user(id=5,sid=26) type=19105
03-22 00:49:47[DEBUG]-Send:Process:user(id=5,sid=26) type=19105
03-22 00:49:47[DEBUG]-Send:Process:user(id=5,sid=26) type=19105
03-22 00:49:47[DEBUG]-LinkServer:DispatchUnknownProtocol:user(id=5,sid=26) send Dispatch ok,pvid=12,type=19104
03-22 00:49:47[DEBUG]-LinkServer:DispatchUnknownProtocol:user(id=5,sid=26) send Dispatch ok,pvid=12,type=19104
03-22 00:49:47[DEBUG]-LinkServer:DispatchUnknownProtocol:user(id=5,sid=26) send Dispatch ok,pvid=12,type=19104
03-22 00:49:47[DEBUG]-LinkServer:DispatchUnknownProtocol:user(id=5,sid=26) send Dispatch ok,pvid=12,type=19104
03-22 00:49:47[DEBUG]-LinkServer:DispatchUnknownProtocol:user(id=5,sid=26) send Dispatch ok,pvid=12,type=19104
03-22 00:49:47[DEBUG]-LinkServer:DispatchUnknownProtocol:user(id=5,sid=26) send Dispatch ok,pvid=12,type=19104
03-22 00:49:47[DEBUG]-Send:Process:user(id=5,sid=26) type=19105
03-22 00:49:47[DEBUG]-Send:Process:user(id=5,sid=26) type=19105
03-22 00:49:47[DEBUG]-Send:Process:user(id=5,sid=26) type=19105
03-22 00:49:47[DEBUG]-Send:Process:user(id=5,sid=26) type=19105
03-22 00:49:47[DEBUG]-Send:Process:user(id=5,sid=26) type=19105
03-22 00:49:47[DEBUG]-Send:Process:user(id=5,sid=26) type=19105
03-22 00:49:47[DEBUG]-LinkServer:DispatchUnknownProtocol:user(id=5,sid=26) send Dispatch ok,pvid=12,type=19104
03-22 00:49:47[DEBUG]-LinkServer:DispatchUnknownProtocol:user(id=5,sid=26) send Dispatch ok,pvid=12,type=19104
03-22 00:49:47[DEBUG]-Send:Process:user(id=5,sid=26) type=19105
03-22 00:49:47[DEBUG]-Send:Process:user(id=5,sid=26) type=19105
03-22 00:49:47[DEBUG]-Send:Process:user(id=5,sid=26) type=19105
03-22 00:49:47[DEBUG]-Send:Process:user(id=5,sid=26) type=19105
03-22 00:49:47[DEBUG]-Send:Process:user(id=5,sid=26) type=19105
03-22 00:49:47[DEBUG]-Send:Process:user(id=5,sid=26) type=19105
03-22 00:49:47[DEBUG]-Send:Process:user(id=5,sid=26) type=19105
03-22 00:49:47[DEBUG]-Send:Process:user(id=5,sid=26) type=19105
03-22 00:49:47[DEBUG]-Send:Process:user(id=5,sid=26) type=32404
03-22 00:49:47[DEBUG]-Send:Process:user(id=5,sid=26) type=32401
03-22 00:49:47[DEBUG]-Send:Process:user(id=5,sid=26) type=6015
03-22 00:49:47[DEBUG]-Send:Process:user(id=5,sid=26) type=13
03-22 00:49:47[DEBUG]-Send:Process:user(id=5,sid=26) type=13
03-22 00:49:47[DEBUG]-Send:Process:user(id=5,sid=26) type=13000
03-22 00:49:47[DEBUG]-Send:Process:user(id=5,sid=26) type=13003
03-22 00:49:47[DEBUG]-Send:Process:user(id=5,sid=26) type=13
03-22 00:49:47[DEBUG]-Send:Process:user(id=5,sid=26) type=6015
03-22 00:49:47[DEBUG]-Send:Process:user(id=5,sid=26) type=13
03-22 00:49:47[DEBUG]-Send:Process:user(id=5,sid=26) type=13
03-22 00:49:47[DEBUG]-Send:Process:user(id=5,sid=26) type=13000
03-22 00:49:47[DEBUG]-Send:Process:user(id=5,sid=26) type=13003
03-22 00:49:47[DEBUG]-Send:Process:user(id=5,sid=26) type=13
03-22 00:49:47[DEBUG]-Send:Process:user(id=5,sid=26) type=6015
03-22 00:49:47[DEBUG]-Send:Process:user(id=5,sid=26) type=13
03-22 00:49:47[DEBUG]-Send:Process:user(id=5,sid=26) type=13
03-22 00:49:47[DEBUG]-Send:Process:user(id=5,sid=26) type=13000
03-22 00:49:47[DEBUG]-Send:Process:user(id=5,sid=26) type=13003
03-22 00:49:47[DEBUG]-Send:Process:user(id=5,sid=26) type=13
03-22 00:49:47[DEBUG]-Send:Process:user(id=5,sid=26) type=6015
03-22 00:49:47[DEBUG]-Send:Process:user(id=5,sid=26) type=13
03-22 00:49:47[DEBUG]-Send:Process:user(id=5,sid=26) type=13
03-22 00:49:47[DEBUG]-Send:Process:user(id=5,sid=26) type=13000
03-22 00:49:47[DEBUG]-Send:Process:user(id=5,sid=26) type=13003
03-22 00:49:47[DEBUG]-Send:Process:user(id=5,sid=26) type=13
03-22 00:49:47[DEBUG]-Send:Process:user(id=5,sid=26) type=6015
03-22 00:49:47[DEBUG]-Send:Process:user(id=5,sid=26) type=13
03-22 00:49:47[DEBUG]-Send:Process:user(id=5,sid=26) type=13
03-22 00:49:47[DEBUG]-Send:Process:user(id=5,sid=26) type=13000
03-22 00:49:47[DEBUG]-Send:Process:user(id=5,sid=26) type=13003
03-22 00:49:47[DEBUG]-Send:Process:user(id=5,sid=26) type=13
03-22 00:49:47[DEBUG]-Send:Process:user(id=5,sid=26) type=6015
03-22 00:49:47[DEBUG]-Send:Process:user(id=5,sid=26) type=13
03-22 00:49:47[DEBUG]-Send:Process:user(id=5,sid=26) type=13
03-22 00:49:47[DEBUG]-Send:Process:user(id=5,sid=26) type=13000
03-22 00:49:47[DEBUG]-Send:Process:user(id=5,sid=26) type=13003
03-22 00:49:47[DEBUG]-Send:Process:user(id=5,sid=26) type=32407
03-22 00:49:47[DEBUG]-Send:Process:user(id=5,sid=26) type=13
03-22 00:49:47[DEBUG]-Send:Process:user(id=5,sid=26) type=6015
03-22 00:49:47[DEBUG]-Send:Process:user(id=5,sid=26) type=13
03-22 00:49:47[DEBUG]-Send:Process:user(id=5,sid=26) type=13
03-22 00:49:47[DEBUG]-Send:Process:user(id=5,sid=26) type=13000
03-22 00:49:47[DEBUG]-Send:Process:user(id=5,sid=26) type=13003
03-22 00:49:47[DEBUG]-Send:Process:user(id=5,sid=26) type=13
03-22 00:49:47[DEBUG]-Send:Process:user(id=5,sid=26) type=6015
03-22 00:49:47[DEBUG]-Send:Process:user(id=5,sid=26) type=13
03-22 00:49:47[DEBUG]-Send:Process:user(id=5,sid=26) type=13
03-22 00:49:47[DEBUG]-Send:Process:user(id=5,sid=26) type=13000
03-22 00:49:47[DEBUG]-Send:Process:user(id=5,sid=26) type=13003
03-22 00:49:47[DEBUG]-Send:Process:user(id=5,sid=26) type=13
03-22 00:49:47[DEBUG]-Send:Process:user(id=5,sid=26) type=6015
03-22 00:49:47[DEBUG]-Send:Process:user(id=5,sid=26) type=13
03-22 00:49:47[DEBUG]-Send:Process:user(id=5,sid=26) type=13
03-22 00:49:47[DEBUG]-Send:Process:user(id=5,sid=26) type=13000
03-22 00:49:47[DEBUG]-Send:Process:user(id=5,sid=26) type=13003
03-22 00:49:47[DEBUG]-Send:Process:user(id=5,sid=26) type=13
03-22 00:49:47[DEBUG]-Send:Process:user(id=5,sid=26) type=6015
03-22 00:49:47[DEBUG]-Send:Process:user(id=5,sid=26) type=13
03-22 00:49:47[DEBUG]-Send:Process:user(id=5,sid=26) type=13
03-22 00:49:47[DEBUG]-Send:Process:user(id=5,sid=26) type=13000
03-22 00:49:47[DEBUG]-Send:Process:user(id=5,sid=26) type=13003
03-22 00:49:47[DEBUG]-Send:Process:user(id=5,sid=26) type=13
03-22 00:49:47[DEBUG]-Send:Process:user(id=5,sid=26) type=13000
03-22 00:49:47[DEBUG]-Send:Process:user(id=5,sid=26) type=13004
03-22 00:49:47[DEBUG]-Send:Process:user(id=5,sid=26) type=19025
03-22 00:49:47[DEBUG]-Send:Process:user(id=5,sid=26) type=13004
03-22 00:49:47[DEBUG]-Send:Process:user(id=5,sid=26) type=13004
03-22 00:49:47[DEBUG]-Send:Process:user(id=5,sid=26) type=19025
03-22 00:49:47[DEBUG]-Send:Process:user(id=5,sid=26) type=19025
03-22 00:49:47[DEBUG]-Send:Process:user(id=5,sid=26) type=13004
03-22 00:49:47[DEBUG]-Send:Process:user(id=5,sid=26) type=19025
03-22 00:49:47[DEBUG]-Send:Process:user(id=5,sid=26) type=19025
03-22 00:49:47[DEBUG]-Send:Process:user(id=5,sid=26) type=13004
03-22 00:49:47[DEBUG]-Send:Process:user(id=5,sid=26) type=19025
03-22 00:49:47[DEBUG]-Send:Process:user(id=5,sid=26) type=13004
03-22 00:49:47[DEBUG]-Send:Process:user(id=5,sid=26) type=19025
03-22 00:49:47[DEBUG]-Send:Process:user(id=5,sid=26) type=19025
03-22 00:49:47[DEBUG]-Send:Process:user(id=5,sid=26) type=13004
03-22 00:49:47[DEBUG]-Send:Process:user(id=5,sid=26) type=19025
03-22 00:49:47[DEBUG]-Send:Process:user(id=5,sid=26) type=13004
03-22 00:49:47[DEBUG]-Send:Process:user(id=5,sid=26) type=19013
03-22 00:49:47[DEBUG]-Send:Process:user(id=5,sid=26) type=19017
03-22 00:49:47[DEBUG]-Send:Process:user(id=5,sid=26) type=19025
03-22 00:49:47[DEBUG]-Send:Process:user(id=5,sid=26) type=13004
03-22 00:49:47[DEBUG]-Send:Process:user(id=5,sid=26) type=13004
03-22 00:49:47[DEBUG]-Send:Process:user(id=5,sid=26) type=13004
03-22 00:49:47[DEBUG]-LinkServer:DispatchUnknownProtocol:user(id=5,sid=26) send Dispatch ok,pvid=12,type=19052
03-22 00:49:47[DEBUG]-Send:Process:user(id=5,sid=26) type=19053
03-22 00:49:47[DEBUG]-LinkServer:DispatchUnknownProtocol:user(id=5,sid=26) send Dispatch ok,pvid=12,type=21020
03-22 00:49:47[DEBUG]-Send:Process:user(id=5,sid=26) type=21021
03-22 00:49:47[DEBUG]-LinkServer:DispatchUnknownProtocol:user(id=5,sid=26) send Dispatch ok,pvid=12,type=19052
03-22 00:49:47[DEBUG]-Send:Process:user(id=5,sid=26) type=19053
03-22 00:49:47[DEBUG]-LinkServer:DispatchUnknownProtocol:user(id=5,sid=26) send Dispatch ok,pvid=12,type=21020
03-22 00:49:47[DEBUG]-Send:Process:user(id=5,sid=26) type=21021
03-22 00:49:47[DEBUG]-LinkServer:DispatchUnknownProtocol:user(id=5,sid=26) send Dispatch ok,pvid=12,type=19052
03-22 00:49:47[DEBUG]-Send:Process:user(id=5,sid=26) type=19053
03-22 00:49:47[DEBUG]-LinkServer:DispatchUnknownProtocol:user(id=5,sid=26) send Dispatch ok,pvid=12,type=21020
03-22 00:49:47[DEBUG]-Send:Process:user(id=5,sid=26) type=21021
03-22 00:49:47[DEBUG]-Send:Process:user(id=5,sid=26) type=6015
03-22 00:49:47[DEBUG]-Send:Process:user(id=5,sid=26) type=13
03-22 00:49:47[DEBUG]-Send:Process:user(id=5,sid=26) type=13
03-22 00:49:47[DEBUG]-Send:Process:user(id=5,sid=26) type=13000
03-22 00:49:47[DEBUG]-Send:Process:user(id=5,sid=26) type=13003
03-22 00:49:47[DEBUG]-Send:Process:user(id=5,sid=26) type=13
03-22 00:49:47[DEBUG]-Send:Process:user(id=5,sid=26) type=6015
03-22 00:49:47[DEBUG]-Send:Process:user(id=5,sid=26) type=13
03-22 00:49:47[DEBUG]-Send:Process:user(id=5,sid=26) type=13
03-22 00:49:47[DEBUG]-Send:Process:user(id=5,sid=26) type=13000
03-22 00:49:47[DEBUG]-Send:Process:user(id=5,sid=26) type=13003
03-22 00:49:47[DEBUG]-Send:Process:user(id=5,sid=26) type=13
03-22 00:49:47[DEBUG]-Send:Process:user(id=5,sid=26) type=6015
03-22 00:49:47[DEBUG]-Send:Process:user(id=5,sid=26) type=13
03-22 00:49:47[DEBUG]-Send:Process:user(id=5,sid=26) type=13
03-22 00:49:47[DEBUG]-Send:Process:user(id=5,sid=26) type=13000
03-22 00:49:47[DEBUG]-Send:Process:user(id=5,sid=26) type=13003
03-22 00:49:47[DEBUG]-Send:Process:user(id=5,sid=26) type=13
03-22 00:49:47[DEBUG]-Send:Process:user(id=5,sid=26) type=6015
03-22 00:49:47[DEBUG]-Send:Process:user(id=5,sid=26) type=13
03-22 00:49:47[DEBUG]-Send:Process:user(id=5,sid=26) type=13
03-22 00:49:47[DEBUG]-Send:Process:user(id=5,sid=26) type=13000
03-22 00:49:47[DEBUG]-Send:Process:user(id=5,sid=26) type=13003
03-22 00:49:47[DEBUG]-Send:Process:user(id=5,sid=26) type=13
03-22 00:49:47[DEBUG]-Send:Process:user(id=5,sid=26) type=6015
03-22 00:49:47[DEBUG]-Send:Process:user(id=5,sid=26) type=13
03-22 00:49:47[DEBUG]-Send:Process:user(id=5,sid=26) type=13
03-22 00:49:47[DEBUG]-Send:Process:user(id=5,sid=26) type=13000
03-22 00:49:47[DEBUG]-Send:Process:user(id=5,sid=26) type=13003
03-22 00:49:47[DEBUG]-Send:Process:user(id=5,sid=26) type=13
03-22 00:49:47[DEBUG]-Send:Process:user(id=5,sid=26) type=6015
03-22 00:49:47[DEBUG]-Send:Process:user(id=5,sid=26) type=13
03-22 00:49:47[DEBUG]-Send:Process:user(id=5,sid=26) type=13
03-22 00:49:47[DEBUG]-Send:Process:user(id=5,sid=26) type=13000
03-22 00:49:47[DEBUG]-Send:Process:user(id=5,sid=26) type=13003
03-22 00:49:47[DEBUG]-Send:Process:user(id=5,sid=26) type=13
03-22 00:49:47[DEBUG]-Send:Process:user(id=5,sid=26) type=6015
03-22 00:49:47[DEBUG]-Send:Process:user(id=5,sid=26) type=13
03-22 00:49:47[DEBUG]-Send:Process:user(id=5,sid=26) type=13
03-22 00:49:47[DEBUG]-Send:Process:user(id=5,sid=26) type=13000
03-22 00:49:47[DEBUG]-Send:Process:user(id=5,sid=26) type=13003
03-22 00:49:47[DEBUG]-Send:Process:user(id=5,sid=26) type=13
03-22 00:49:47[DEBUG]-Send:Process:user(id=5,sid=26) type=6015
03-22 00:49:47[DEBUG]-Send:Process:user(id=5,sid=26) type=13
03-22 00:49:47[DEBUG]-Send:Process:user(id=5,sid=26) type=13
03-22 00:49:47[DEBUG]-Send:Process:user(id=5,sid=26) type=13000
03-22 00:49:47[DEBUG]-Send:Process:user(id=5,sid=26) type=13003
03-22 00:49:47[DEBUG]-Send:Process:user(id=5,sid=26) type=13
03-22 00:49:47[DEBUG]-Send:Process:user(id=5,sid=26) type=6015
03-22 00:49:47[DEBUG]-Send:Process:user(id=5,sid=26) type=13
03-22 00:49:47[DEBUG]-Send:Process:user(id=5,sid=26) type=13
03-22 00:49:47[DEBUG]-Send:Process:user(id=5,sid=26) type=13000
03-22 00:49:47[DEBUG]-Send:Process:user(id=5,sid=26) type=13003
03-22 00:49:47[DEBUG]-Send:Process:user(id=5,sid=26) type=13
03-22 00:49:47[DEBUG]-Send:Process:user(id=5,sid=26) type=6015
03-22 00:49:47[DEBUG]-Send:Process:user(id=5,sid=26) type=13
03-22 00:49:47[DEBUG]-Send:Process:user(id=5,sid=26) type=13
03-22 00:49:47[DEBUG]-Send:Process:user(id=5,sid=26) type=13000
03-22 00:49:47[DEBUG]-Send:Process:user(id=5,sid=26) type=13003
03-22 00:49:47[DEBUG]-Send:Process:user(id=5,sid=26) type=13
03-22 00:49:47[DEBUG]-Send:Process:user(id=5,sid=26) type=13000
03-22 00:49:47[DEBUG]-Send:Process:user(id=5,sid=26) type=19025
03-22 00:49:47[DEBUG]-LinkServer:DispatchUnknownProtocol:user(id=5,sid=26) send Dispatch ok,pvid=12,type=19052
03-22 00:49:47[DEBUG]-Send:Process:user(id=5,sid=26) type=13004
03-22 00:49:47[DEBUG]-LinkServer:DispatchUnknownProtocol:user(id=5,sid=26) send Dispatch ok,pvid=12,type=21020
03-22 00:49:47[DEBUG]-Send:Process:user(id=5,sid=26) type=19025
03-22 00:49:47[DEBUG]-Send:Process:user(id=5,sid=26) type=13004
03-22 00:49:47[DEBUG]-Send:Process:user(id=5,sid=26) type=19025
03-22 00:49:47[DEBUG]-Send:Process:user(id=5,sid=26) type=13004
03-22 00:49:47[DEBUG]-Send:Process:user(id=5,sid=26) type=19025
03-22 00:49:47[DEBUG]-Send:Process:user(id=5,sid=26) type=13004
03-22 00:49:47[DEBUG]-Send:Process:user(id=5,sid=26) type=19025
03-22 00:49:47[DEBUG]-Send:Process:user(id=5,sid=26) type=13004
03-22 00:49:47[DEBUG]-Send:Process:user(id=5,sid=26) type=19025
03-22 00:49:47[DEBUG]-Send:Process:user(id=5,sid=26) type=13004
03-22 00:49:47[DEBUG]-Send:Process:user(id=5,sid=26) type=19025
03-22 00:49:47[DEBUG]-Send:Process:user(id=5,sid=26) type=13004
03-22 00:49:47[DEBUG]-Send:Process:user(id=5,sid=26) type=19053
03-22 00:49:47[DEBUG]-Send:Process:user(id=5,sid=26) type=13004
03-22 00:49:47[DEBUG]-Send:Process:user(id=5,sid=26) type=19025
03-22 00:49:47[DEBUG]-Send:Process:user(id=5,sid=26) type=19013
03-22 00:49:47[DEBUG]-Send:Process:user(id=5,sid=26) type=19017
03-22 00:49:47[DEBUG]-Send:Process:user(id=5,sid=26) type=19025
03-22 00:49:47[DEBUG]-Send:Process:user(id=5,sid=26) type=13004
03-22 00:49:47[DEBUG]-Send:Process:user(id=5,sid=26) type=19025
03-22 00:49:47[DEBUG]-Send:Process:user(id=5,sid=26) type=13004
03-22 00:49:47[DEBUG]-Send:Process:user(id=5,sid=26) type=19013
03-22 00:49:47[DEBUG]-Send:Process:user(id=5,sid=26) type=19017
03-22 00:49:47[DEBUG]-Send:Process:user(id=5,sid=26) type=13004
03-22 00:49:47[DEBUG]-Send:Process:user(id=5,sid=26) type=21021
03-22 00:49:47[DEBUG]-LinkServer:DispatchUnknownProtocol:user(id=5,sid=26) send Dispatch ok,pvid=12,type=19052
03-22 00:49:47[DEBUG]-Send:Process:user(id=5,sid=26) type=19053
03-22 00:49:47[DEBUG]-LinkServer:DispatchUnknownProtocol:user(id=5,sid=26) send Dispatch ok,pvid=12,type=21020
03-22 00:49:47[DEBUG]-Send:Process:user(id=5,sid=26) type=21021
03-22 00:49:47[DEBUG]-LinkServer:DispatchUnknownProtocol:user(id=5,sid=26) send Dispatch ok,pvid=12,type=19052
03-22 00:49:47[DEBUG]-Send:Process:user(id=5,sid=26) type=19053
03-22 00:49:47[DEBUG]-LinkServer:DispatchUnknownProtocol:user(id=5,sid=26) send Dispatch ok,pvid=12,type=21020
03-22 00:49:47[DEBUG]-Send:Process:user(id=5,sid=26) type=21021
03-22 00:49:48[DEBUG]-LinkServer:DispatchUnknownProtocol:user(id=5,sid=26) send Dispatch ok,pvid=12,type=19052
03-22 00:49:48[DEBUG]-LinkServer:DispatchUnknownProtocol:user(id=5,sid=26) send Dispatch ok,pvid=12,type=21020
03-22 00:49:48[DEBUG]-Send:Process:user(id=5,sid=26) type=19053
03-22 00:49:48[DEBUG]-Send:Process:user(id=5,sid=26) type=21021
03-22 00:49:48[DEBUG]-LinkServer:DispatchUnknownProtocol:user(id=5,sid=26) send Dispatch ok,pvid=12,type=19052
03-22 00:49:48[DEBUG]-Send:Process:user(id=5,sid=26) type=19053
03-22 00:49:48[DEBUG]-LinkServer:DispatchUnknownProtocol:user(id=5,sid=26) send Dispatch ok,pvid=12,type=21020
03-22 00:49:48[DEBUG]-Send:Process:user(id=5,sid=26) type=21021
03-22 00:49:48[DEBUG]-LinkServer:DispatchUnknownProtocol:user(id=5,sid=26) send Dispatch ok,pvid=12,type=19052
03-22 00:49:48[DEBUG]-Send:Process:user(id=5,sid=26) type=19053
03-22 00:49:48[DEBUG]-LinkServer:DispatchUnknownProtocol:user(id=5,sid=26) send Dispatch ok,pvid=12,type=21020
03-22 00:49:48[DEBUG]-Send:Process:user(id=5,sid=26) type=21021
03-22 00:49:48[DEBUG]-LinkServer:DispatchUnknownProtocol:user(id=5,sid=26) send Dispatch ok,pvid=12,type=19052
03-22 00:49:48[DEBUG]-Send:Process:user(id=5,sid=26) type=19053
03-22 00:49:48[DEBUG]-LinkServer:DispatchUnknownProtocol:user(id=5,sid=26) send Dispatch ok,pvid=12,type=21020
03-22 00:49:48[DEBUG]-Send:Process:user(id=5,sid=26) type=21021
03-22 00:49:48[DEBUG]-Send:Process:user(id=5,sid=26) type=6015
03-22 00:49:48[DEBUG]-Send:Process:user(id=5,sid=26) type=13
03-22 00:49:48[DEBUG]-Send:Process:user(id=5,sid=26) type=13
03-22 00:49:48[DEBUG]-Send:Process:user(id=5,sid=26) type=13000
03-22 00:49:48[DEBUG]-Send:Process:user(id=5,sid=26) type=13003
03-22 00:49:48[DEBUG]-Send:Process:user(id=5,sid=26) type=13
03-22 00:49:48[DEBUG]-Send:Process:user(id=5,sid=26) type=6015
03-22 00:49:48[DEBUG]-Send:Process:user(id=5,sid=26) type=13
03-22 00:49:48[DEBUG]-Send:Process:user(id=5,sid=26) type=13
03-22 00:49:48[DEBUG]-Send:Process:user(id=5,sid=26) type=13000
03-22 00:49:48[DEBUG]-Send:Process:user(id=5,sid=26) type=13003
03-22 00:49:48[DEBUG]-Send:Process:user(id=5,sid=26) type=13
03-22 00:49:48[DEBUG]-Send:Process:user(id=5,sid=26) type=6015
03-22 00:49:48[DEBUG]-Send:Process:user(id=5,sid=26) type=13
03-22 00:49:48[DEBUG]-Send:Process:user(id=5,sid=26) type=13
03-22 00:49:48[DEBUG]-Send:Process:user(id=5,sid=26) type=13000
03-22 00:49:48[DEBUG]-Send:Process:user(id=5,sid=26) type=13003
03-22 00:49:48[DEBUG]-Send:Process:user(id=5,sid=26) type=13
03-22 00:49:48[DEBUG]-Send:Process:user(id=5,sid=26) type=6015
03-22 00:49:48[DEBUG]-Send:Process:user(id=5,sid=26) type=13
03-22 00:49:48[DEBUG]-Send:Process:user(id=5,sid=26) type=13
03-22 00:49:48[DEBUG]-Send:Process:user(id=5,sid=26) type=19013
03-22 00:49:48[DEBUG]-Send:Process:user(id=5,sid=26) type=19017
03-22 00:49:48[DEBUG]-Send:Process:user(id=5,sid=26) type=19013
03-22 00:49:48[DEBUG]-Send:Process:user(id=5,sid=26) type=19025
03-22 00:49:48[DEBUG]-Send:Process:user(id=5,sid=26) type=19017
03-22 00:49:48[DEBUG]-Send:Process:user(id=5,sid=26) type=13000
03-22 00:49:48[DEBUG]-Send:Process:user(id=5,sid=26) type=13003
03-22 00:49:48[DEBUG]-Send:Process:user(id=5,sid=26) type=13
03-22 00:49:48[DEBUG]-Send:Process:user(id=5,sid=26) type=6015
03-22 00:49:48[DEBUG]-Send:Process:user(id=5,sid=26) type=13
03-22 00:49:48[DEBUG]-Send:Process:user(id=5,sid=26) type=13
03-22 00:49:48[DEBUG]-Send:Process:user(id=5,sid=26) type=13000
03-22 00:49:48[DEBUG]-Send:Process:user(id=5,sid=26) type=13003
03-22 00:49:48[DEBUG]-Send:Process:user(id=5,sid=26) type=13
03-22 00:49:48[DEBUG]-Send:Process:user(id=5,sid=26) type=6015
03-22 00:49:48[DEBUG]-Send:Process:user(id=5,sid=26) type=13
03-22 00:49:48[DEBUG]-Send:Process:user(id=5,sid=26) type=13
03-22 00:49:48[DEBUG]-Send:Process:user(id=5,sid=26) type=13000
03-22 00:49:48[DEBUG]-Send:Process:user(id=5,sid=26) type=13003
03-22 00:49:48[DEBUG]-Send:Process:user(id=5,sid=26) type=13
03-22 00:49:48[DEBUG]-Send:Process:user(id=5,sid=26) type=6015
03-22 00:49:48[DEBUG]-Send:Process:user(id=5,sid=26) type=13
03-22 00:49:48[DEBUG]-Send:Process:user(id=5,sid=26) type=13
03-22 00:49:48[DEBUG]-Send:Process:user(id=5,sid=26) type=13000
03-22 00:49:48[DEBUG]-Send:Process:user(id=5,sid=26) type=13003
03-22 00:49:48[DEBUG]-Send:Process:user(id=5,sid=26) type=13
03-22 00:49:48[DEBUG]-Send:Process:user(id=5,sid=26) type=6015
03-22 00:49:48[DEBUG]-Send:Process:user(id=5,sid=26) type=13
03-22 00:49:48[DEBUG]-Send:Process:user(id=5,sid=26) type=13
03-22 00:49:48[DEBUG]-Send:Process:user(id=5,sid=26) type=13000
03-22 00:49:48[DEBUG]-Send:Process:user(id=5,sid=26) type=13003
03-22 00:49:48[DEBUG]-Send:Process:user(id=5,sid=26) type=13004
03-22 00:49:48[DEBUG]-Send:Process:user(id=5,sid=26) type=19025
03-22 00:49:48[DEBUG]-Send:Process:user(id=5,sid=26) type=13
03-22 00:49:48[DEBUG]-Send:Process:user(id=5,sid=26) type=6015
03-22 00:49:48[DEBUG]-Send:Process:user(id=5,sid=26) type=13
03-22 00:49:48[DEBUG]-Send:Process:user(id=5,sid=26) type=13
03-22 00:49:48[DEBUG]-Send:Process:user(id=5,sid=26) type=13000
03-22 00:49:48[DEBUG]-Send:Process:user(id=5,sid=26) type=13003
03-22 00:49:48[DEBUG]-Send:Process:user(id=5,sid=26) type=13
03-22 00:49:48[DEBUG]-Send:Process:user(id=5,sid=26) type=6015
03-22 00:49:48[DEBUG]-Send:Process:user(id=5,sid=26) type=13
03-22 00:49:48[DEBUG]-Send:Process:user(id=5,sid=26) type=13
03-22 00:49:48[DEBUG]-Send:Process:user(id=5,sid=26) type=13000
03-22 00:49:48[DEBUG]-Send:Process:user(id=5,sid=26) type=13003
03-22 00:49:48[DEBUG]-Send:Process:user(id=5,sid=26) type=13004
03-22 00:49:48[DEBUG]-Send:Process:user(id=5,sid=26) type=13
03-22 00:49:48[DEBUG]-Send:Process:user(id=5,sid=26) type=13000
03-22 00:49:48[DEBUG]-Send:Process:user(id=5,sid=26) type=19013
03-22 00:49:48[DEBUG]-Send:Process:user(id=5,sid=26) type=19017
03-22 00:49:48[DEBUG]-Send:Process:user(id=5,sid=26) type=19013
03-22 00:49:48[DEBUG]-Send:Process:user(id=5,sid=26) type=19017
03-22 00:49:48[DEBUG]-Send:Process:user(id=5,sid=26) type=19025
03-22 00:49:48[DEBUG]-Send:Process:user(id=5,sid=26) type=13004
03-22 00:49:48[DEBUG]-Send:Process:user(id=5,sid=26) type=13004
03-22 00:49:48[DEBUG]-Send:Process:user(id=5,sid=26) type=19025
03-22 00:49:48[DEBUG]-Send:Process:user(id=5,sid=26) type=13004
03-22 00:49:48[DEBUG]-Send:Process:user(id=5,sid=26) type=19025
03-22 00:49:48[DEBUG]-Send:Process:user(id=5,sid=26) type=13004
03-22 00:49:48[DEBUG]-Send:Process:user(id=5,sid=26) type=19013
03-22 00:49:48[DEBUG]-Send:Process:user(id=5,sid=26) type=19017
03-22 00:49:48[DEBUG]-Send:Process:user(id=5,sid=26) type=19025
03-22 00:49:48[DEBUG]-Send:Process:user(id=5,sid=26) type=13004
03-22 00:49:48[DEBUG]-Send:Process:user(id=5,sid=26) type=19025
03-22 00:49:48[DEBUG]-Send:Process:user(id=5,sid=26) type=13004
03-22 00:49:48[DEBUG]-Send:Process:user(id=5,sid=26) type=13004
03-22 00:49:48[DEBUG]-Send:Process:user(id=5,sid=26) type=19025
03-22 00:49:48[DEBUG]-Send:Process:user(id=5,sid=26) type=13004
03-22 00:49:48[DEBUG]-Send:Process:user(id=5,sid=26) type=19013
03-22 00:49:48[DEBUG]-Send:Process:user(id=5,sid=26) type=19017
03-22 00:49:48[DEBUG]-Send:Process:user(id=5,sid=26) type=19013
03-22 00:49:48[DEBUG]-Send:Process:user(id=5,sid=26) type=19025
03-22 00:49:48[DEBUG]-Send:Process:user(id=5,sid=26) type=13004
03-22 00:49:48[DEBUG]-Send:Process:user(id=5,sid=26) type=19025
03-22 00:49:48[DEBUG]-Send:Process:user(id=5,sid=26) type=19017
03-22 00:49:48[DEBUG]-LinkServer:DispatchUnknownProtocol:user(id=5,sid=26) send Dispatch ok,pvid=12,type=19104
03-22 00:49:48[DEBUG]-Send:Process:user(id=5,sid=26) type=19105
03-22 00:49:48[DEBUG]-LinkServer:DispatchUnknownProtocol:user(id=5,sid=26) send Dispatch ok,pvid=12,type=19104
03-22 00:49:48[DEBUG]-LinkServer:DispatchUnknownProtocol:user(id=5,sid=26) send Dispatch ok,pvid=12,type=19104
03-22 00:49:48[DEBUG]-LinkServer:DispatchUnknownProtocol:user(id=5,sid=26) send Dispatch ok,pvid=12,type=19104
03-22 00:49:48[DEBUG]-Send:Process:user(id=5,sid=26) type=19105
03-22 00:49:48[DEBUG]-Send:Process:user(id=5,sid=26) type=19105
03-22 00:49:48[DEBUG]-Send:Process:user(id=5,sid=26) type=19105
03-22 00:49:48[DEBUG]-LinkServer:DispatchUnknownProtocol:user(id=5,sid=26) send Dispatch ok,pvid=12,type=19104
03-22 00:49:48[DEBUG]-LinkServer:DispatchUnknownProtocol:user(id=5,sid=26) send Dispatch ok,pvid=12,type=19104
03-22 00:49:48[DEBUG]-Send:Process:user(id=5,sid=26) type=19105
03-22 00:49:48[DEBUG]-LinkServer:DispatchUnknownProtocol:user(id=5,sid=26) send Dispatch ok,pvid=12,type=19052
03-22 00:49:48[DEBUG]-Send:Process:user(id=5,sid=26) type=19105
03-22 00:49:48[DEBUG]-LinkServer:DispatchUnknownProtocol:user(id=5,sid=26) send Dispatch ok,pvid=12,type=21020
03-22 00:49:48[DEBUG]-Send:Process:user(id=5,sid=26) type=19053
03-22 00:49:48[DEBUG]-LinkServer:DispatchUnknownProtocol:user(id=5,sid=26) send Dispatch ok,pvid=12,type=19052
03-22 00:49:48[DEBUG]-LinkServer:DispatchUnknownProtocol:user(id=5,sid=26) send Dispatch ok,pvid=12,type=21020
03-22 00:49:48[DEBUG]-Send:Process:user(id=5,sid=26) type=21021
03-22 00:49:48[DEBUG]-Send:Process:user(id=5,sid=26) type=6015
03-22 00:49:48[DEBUG]-Send:Process:user(id=5,sid=26) type=21021
03-22 00:49:48[DEBUG]-Send:Process:user(id=5,sid=26) type=13
03-22 00:49:48[DEBUG]-Send:Process:user(id=5,sid=26) type=13
03-22 00:49:48[DEBUG]-Send:Process:user(id=5,sid=26) type=13000
03-22 00:49:48[DEBUG]-Send:Process:user(id=5,sid=26) type=13003
03-22 00:49:48[DEBUG]-Send:Process:user(id=5,sid=26) type=13
03-22 00:49:48[DEBUG]-Send:Process:user(id=5,sid=26) type=6015
03-22 00:49:48[DEBUG]-Send:Process:user(id=5,sid=26) type=13
03-22 00:49:48[DEBUG]-Send:Process:user(id=5,sid=26) type=13
03-22 00:49:48[DEBUG]-Send:Process:user(id=5,sid=26) type=13000
03-22 00:49:48[DEBUG]-Send:Process:user(id=5,sid=26) type=13003
03-22 00:49:48[DEBUG]-Send:Process:user(id=5,sid=26) type=13
03-22 00:49:48[DEBUG]-Send:Process:user(id=5,sid=26) type=6015
03-22 00:49:48[DEBUG]-Send:Process:user(id=5,sid=26) type=13
03-22 00:49:48[DEBUG]-Send:Process:user(id=5,sid=26) type=13
03-22 00:49:48[DEBUG]-Send:Process:user(id=5,sid=26) type=13000
03-22 00:49:48[DEBUG]-Send:Process:user(id=5,sid=26) type=13003
03-22 00:49:48[DEBUG]-Send:Process:user(id=5,sid=26) type=13
03-22 00:49:48[DEBUG]-Send:Process:user(id=5,sid=26) type=6015
03-22 00:49:48[DEBUG]-Send:Process:user(id=5,sid=26) type=13
03-22 00:49:48[DEBUG]-Send:Process:user(id=5,sid=26) type=13
03-22 00:49:48[DEBUG]-Send:Process:user(id=5,sid=26) type=13000
03-22 00:49:48[DEBUG]-Send:Process:user(id=5,sid=26) type=13003
03-22 00:49:48[DEBUG]-Send:Process:user(id=5,sid=26) type=13
03-22 00:49:48[DEBUG]-Send:Process:user(id=5,sid=26) type=6015
03-22 00:49:48[DEBUG]-Send:Process:user(id=5,sid=26) type=13
03-22 00:49:48[DEBUG]-Send:Process:user(id=5,sid=26) type=13
03-22 00:49:48[DEBUG]-Send:Process:user(id=5,sid=26) type=13000
03-22 00:49:48[DEBUG]-Send:Process:user(id=5,sid=26) type=13003
03-22 00:49:48[DEBUG]-Send:Process:user(id=5,sid=26) type=13
03-22 00:49:48[DEBUG]-Send:Process:user(id=5,sid=26) type=6015
03-22 00:49:48[DEBUG]-Send:Process:user(id=5,sid=26) type=13
03-22 00:49:48[DEBUG]-Send:Process:user(id=5,sid=26) type=13
03-22 00:49:48[DEBUG]-Send:Process:user(id=5,sid=26) type=13000
03-22 00:49:48[DEBUG]-Send:Process:user(id=5,sid=26) type=13003
03-22 00:49:48[DEBUG]-Send:Process:user(id=5,sid=26) type=13
03-22 00:49:48[DEBUG]-Send:Process:user(id=5,sid=26) type=6015
03-22 00:49:48[DEBUG]-Send:Process:user(id=5,sid=26) type=13
03-22 00:49:48[DEBUG]-Send:Process:user(id=5,sid=26) type=13
03-22 00:49:48[DEBUG]-Send:Process:user(id=5,sid=26) type=13000
03-22 00:49:48[DEBUG]-Send:Process:user(id=5,sid=26) type=13003
03-22 00:49:48[DEBUG]-LinkServer:DispatchUnknownProtocol:user(id=5,sid=26) send Dispatch ok,pvid=12,type=19052
03-22 00:49:48[DEBUG]-Send:Process:user(id=5,sid=26) type=13
03-22 00:49:48[DEBUG]-Send:Process:user(id=5,sid=26) type=6015
03-22 00:49:48[DEBUG]-Send:Process:user(id=5,sid=26) type=13
03-22 00:49:48[DEBUG]-Send:Process:user(id=5,sid=26) type=13
03-22 00:49:48[DEBUG]-Send:Process:user(id=5,sid=26) type=13000
03-22 00:49:48[DEBUG]-Send:Process:user(id=5,sid=26) type=13003
03-22 00:49:48[DEBUG]-Send:Process:user(id=5,sid=26) type=13
03-22 00:49:48[DEBUG]-Send:Process:user(id=5,sid=26) type=6015
03-22 00:49:48[DEBUG]-Send:Process:user(id=5,sid=26) type=13
03-22 00:49:48[DEBUG]-Send:Process:user(id=5,sid=26) type=13
03-22 00:49:48[DEBUG]-Send:Process:user(id=5,sid=26) type=13000
03-22 00:49:48[DEBUG]-Send:Process:user(id=5,sid=26) type=13003
03-22 00:49:48[DEBUG]-Send:Process:user(id=5,sid=26) type=21022
03-22 00:49:48[DEBUG]-Send:Process:user(id=5,sid=26) type=13
03-22 00:49:48[DEBUG]-Send:Process:user(id=5,sid=26) type=6015
03-22 00:49:48[DEBUG]-Send:Process:user(id=5,sid=26) type=13
03-22 00:49:48[DEBUG]-Send:Process:user(id=5,sid=26) type=13
03-22 00:49:48[DEBUG]-Send:Process:user(id=5,sid=26) type=13000
03-22 00:49:48[DEBUG]-Send:Process:user(id=5,sid=26) type=13003
03-22 00:49:48[DEBUG]-Send:Process:user(id=5,sid=26) type=21022
03-22 00:49:48[DEBUG]-Send:Process:user(id=5,sid=26) type=13004
03-22 00:49:48[DEBUG]-Send:Process:user(id=5,sid=26) type=19025
03-22 00:49:48[DEBUG]-Send:Process:user(id=5,sid=26) type=19025
03-22 00:49:48[DEBUG]-Send:Process:user(id=5,sid=26) type=13004
03-22 00:49:48[DEBUG]-Send:Process:user(id=5,sid=26) type=19025
03-22 00:49:48[DEBUG]-Send:Process:user(id=5,sid=26) type=13004
03-22 00:49:48[DEBUG]-Send:Process:user(id=5,sid=26) type=19025
03-22 00:49:48[DEBUG]-Send:Process:user(id=5,sid=26) type=13004
03-22 00:49:48[DEBUG]-Send:Process:user(id=5,sid=26) type=19025
03-22 00:49:48[DEBUG]-Send:Process:user(id=5,sid=26) type=13004
03-22 00:49:48[DEBUG]-Send:Process:user(id=5,sid=26) type=19025
03-22 00:49:48[DEBUG]-Send:Process:user(id=5,sid=26) type=13004
03-22 00:49:48[DEBUG]-LinkServer:DispatchUnknownProtocol:user(id=5,sid=26) send Dispatch ok,pvid=12,type=21020
03-22 00:49:48[DEBUG]-Send:Process:user(id=5,sid=26) type=13
03-22 00:49:48[DEBUG]-Send:Process:user(id=5,sid=26) type=13000
03-22 00:49:48[DEBUG]-Send:Process:user(id=5,sid=26) type=19025
03-22 00:49:48[DEBUG]-Send:Process:user(id=5,sid=26) type=13004
03-22 00:49:48[DEBUG]-Send:Process:user(id=5,sid=26) type=19053
03-22 00:49:48[DEBUG]-Send:Process:user(id=5,sid=26) type=13004
03-22 00:49:48[DEBUG]-Send:Process:user(id=5,sid=26) type=19053
03-22 00:49:48[DEBUG]-Send:Process:user(id=5,sid=26) type=19025
03-22 00:49:48[DEBUG]-Send:Process:user(id=5,sid=26) type=19025
03-22 00:49:48[DEBUG]-Send:Process:user(id=5,sid=26) type=13004
03-22 00:49:48[DEBUG]-Send:Process:user(id=5,sid=26) type=19025
03-22 00:49:48[DEBUG]-Send:Process:user(id=5,sid=26) type=13004
03-22 00:49:48[DEBUG]-Send:Process:user(id=5,sid=26) type=21021
03-22 00:49:48[DEBUG]-Send:Process:user(id=5,sid=26) type=13004
03-22 00:49:48[DEBUG]-LinkServer:DispatchUnknownProtocol:user(id=5,sid=26) send Dispatch ok,pvid=12,type=19052
03-22 00:49:48[DEBUG]-Send:Process:user(id=5,sid=26) type=19053
03-22 00:49:48[DEBUG]-LinkServer:DispatchUnknownProtocol:user(id=5,sid=26) send Dispatch ok,pvid=12,type=21020
03-22 00:49:48[DEBUG]-Send:Process:user(id=5,sid=26) type=21021
03-22 00:49:48[DEBUG]-LinkServer:DispatchUnknownProtocol:user(id=5,sid=26) send Dispatch ok,pvid=12,type=19052
03-22 00:49:48[DEBUG]-LinkServer:DispatchUnknownProtocol:user(id=5,sid=26) send Dispatch ok,pvid=12,type=21020
03-22 00:49:48[DEBUG]-Send:Process:user(id=5,sid=26) type=19053
03-22 00:49:48[DEBUG]-Send:Process:user(id=5,sid=26) type=6015
03-22 00:49:48[DEBUG]-Send:Process:user(id=5,sid=26) type=13
03-22 00:49:48[DEBUG]-Send:Process:user(id=5,sid=26) type=13
03-22 00:49:48[DEBUG]-Send:Process:user(id=5,sid=26) type=13000
03-22 00:49:48[DEBUG]-Send:Process:user(id=5,sid=26) type=13003
03-22 00:49:48[DEBUG]-Send:Process:user(id=5,sid=26) type=21022
03-22 00:49:48[DEBUG]-Send:Process:user(id=5,sid=26) type=13
03-22 00:49:48[DEBUG]-Send:Process:user(id=5,sid=26) type=6015
03-22 00:49:48[DEBUG]-Send:Process:user(id=5,sid=26) type=13
03-22 00:49:48[DEBUG]-Send:Process:user(id=5,sid=26) type=13
03-22 00:49:48[DEBUG]-Send:Process:user(id=5,sid=26) type=13000
03-22 00:49:48[DEBUG]-Send:Process:user(id=5,sid=26) type=13003
03-22 00:49:48[DEBUG]-Send:Process:user(id=5,sid=26) type=21022
03-22 00:49:48[DEBUG]-Send:Process:user(id=5,sid=26) type=13
03-22 00:49:48[DEBUG]-Send:Process:user(id=5,sid=26) type=6015
03-22 00:49:48[DEBUG]-Send:Process:user(id=5,sid=26) type=13
03-22 00:49:48[DEBUG]-Send:Process:user(id=5,sid=26) type=13
03-22 00:49:48[DEBUG]-Send:Process:user(id=5,sid=26) type=13000
03-22 00:49:48[DEBUG]-Send:Process:user(id=5,sid=26) type=13003
03-22 00:49:48[DEBUG]-Send:Process:user(id=5,sid=26) type=21022
03-22 00:49:48[DEBUG]-Send:Process:user(id=5,sid=26) type=13
03-22 00:49:48[DEBUG]-Send:Process:user(id=5,sid=26) type=6015
03-22 00:49:48[DEBUG]-Send:Process:user(id=5,sid=26) type=13
03-22 00:49:48[DEBUG]-Send:Process:user(id=5,sid=26) type=13
03-22 00:49:48[DEBUG]-Send:Process:user(id=5,sid=26) type=13000
03-22 00:49:48[DEBUG]-Send:Process:user(id=5,sid=26) type=13003
03-22 00:49:48[DEBUG]-Send:Process:user(id=5,sid=26) type=21022
03-22 00:49:48[DEBUG]-Send:Process:user(id=5,sid=26) type=13
03-22 00:49:48[DEBUG]-Send:Process:user(id=5,sid=26) type=6015
03-22 00:49:48[DEBUG]-Send:Process:user(id=5,sid=26) type=13
03-22 00:49:48[DEBUG]-Send:Process:user(id=5,sid=26) type=13
03-22 00:49:48[DEBUG]-Send:Process:user(id=5,sid=26) type=13000
03-22 00:49:48[DEBUG]-Send:Process:user(id=5,sid=26) type=13003
03-22 00:49:48[DEBUG]-Send:Process:user(id=5,sid=26) type=21022
03-22 00:49:48[DEBUG]-Send:Process:user(id=5,sid=26) type=21021
03-22 00:49:48[DEBUG]-Send:Process:user(id=5,sid=26) type=19025
03-22 00:49:48[DEBUG]-Send:Process:user(id=5,sid=26) type=13
03-22 00:49:48[DEBUG]-Send:Process:user(id=5,sid=26) type=13004
03-22 00:49:48[DEBUG]-Send:Process:user(id=5,sid=26) type=6015
03-22 00:49:48[DEBUG]-Send:Process:user(id=5,sid=26) type=13
03-22 00:49:48[DEBUG]-Send:Process:user(id=5,sid=26) type=13
03-22 00:49:48[DEBUG]-Send:Process:user(id=5,sid=26) type=13000
03-22 00:49:48[DEBUG]-Send:Process:user(id=5,sid=26) type=13003
03-22 00:49:48[DEBUG]-Send:Process:user(id=5,sid=26) type=21022
03-22 00:49:48[DEBUG]-Send:Process:user(id=5,sid=26) type=19025
03-22 00:49:48[DEBUG]-Send:Process:user(id=5,sid=26) type=13004
03-22 00:49:48[DEBUG]-Send:Process:user(id=5,sid=26) type=19025
03-22 00:49:48[DEBUG]-Send:Process:user(id=5,sid=26) type=13004
03-22 00:49:48[DEBUG]-Send:Process:user(id=5,sid=26) type=19025
03-22 00:49:48[DEBUG]-Send:Process:user(id=5,sid=26) type=13
03-22 00:49:48[DEBUG]-Send:Process:user(id=5,sid=26) type=6015
03-22 00:49:48[DEBUG]-Send:Process:user(id=5,sid=26) type=13
03-22 00:49:48[DEBUG]-Send:Process:user(id=5,sid=26) type=13
03-22 00:49:48[DEBUG]-Send:Process:user(id=5,sid=26) type=13000
03-22 00:49:48[DEBUG]-Send:Process:user(id=5,sid=26) type=13003
03-22 00:49:48[DEBUG]-Send:Process:user(id=5,sid=26) type=21022
03-22 00:49:48[DEBUG]-Send:Process:user(id=5,sid=26) type=13
03-22 00:49:48[DEBUG]-Send:Process:user(id=5,sid=26) type=6015
03-22 00:49:48[DEBUG]-Send:Process:user(id=5,sid=26) type=13
03-22 00:49:48[DEBUG]-Send:Process:user(id=5,sid=26) type=13
03-22 00:49:48[DEBUG]-Send:Process:user(id=5,sid=26) type=13000
03-22 00:49:48[DEBUG]-Send:Process:user(id=5,sid=26) type=13003
03-22 00:49:48[DEBUG]-Send:Process:user(id=5,sid=26) type=21022
03-22 00:49:48[DEBUG]-Send:Process:user(id=5,sid=26) type=13
03-22 00:49:48[DEBUG]-Send:Process:user(id=5,sid=26) type=6015
03-22 00:49:48[DEBUG]-Send:Process:user(id=5,sid=26) type=13
03-22 00:49:48[DEBUG]-Send:Process:user(id=5,sid=26) type=13
03-22 00:49:48[DEBUG]-Send:Process:user(id=5,sid=26) type=13000
03-22 00:49:48[DEBUG]-Send:Process:user(id=5,sid=26) type=13003
03-22 00:49:48[DEBUG]-Send:Process:user(id=5,sid=26) type=21022
03-22 00:49:48[DEBUG]-LinkServer:DispatchUnknownProtocol:user(id=5,sid=26) send Dispatch ok,pvid=12,type=19052
03-22 00:49:48[DEBUG]-Send:Process:user(id=5,sid=26) type=13004
03-22 00:49:48[DEBUG]-Send:Process:user(id=5,sid=26) type=19025
03-22 00:49:48[DEBUG]-Send:Process:user(id=5,sid=26) type=13004
03-22 00:49:48[DEBUG]-Send:Process:user(id=5,sid=26) type=19025
03-22 00:49:48[DEBUG]-Send:Process:user(id=5,sid=26) type=19025
03-22 00:49:48[DEBUG]-Send:Process:user(id=5,sid=26) type=13
03-22 00:49:48[DEBUG]-Send:Process:user(id=5,sid=26) type=6015
03-22 00:49:48[DEBUG]-Send:Process:user(id=5,sid=26) type=13
03-22 00:49:48[DEBUG]-Send:Process:user(id=5,sid=26) type=13
03-22 00:49:48[DEBUG]-Send:Process:user(id=5,sid=26) type=13000
03-22 00:49:48[DEBUG]-Send:Process:user(id=5,sid=26) type=13003
03-22 00:49:48[DEBUG]-Send:Process:user(id=5,sid=26) type=21022
03-22 00:49:48[DEBUG]-Send:Process:user(id=5,sid=26) type=13004
03-22 00:49:48[DEBUG]-Send:Process:user(id=5,sid=26) type=13
03-22 00:49:48[DEBUG]-Send:Process:user(id=5,sid=26) type=13000
03-22 00:49:48[DEBUG]-Send:Process:user(id=5,sid=26) type=19025
03-22 00:49:48[DEBUG]-Send:Process:user(id=5,sid=26) type=13004
03-22 00:49:48[DEBUG]-Send:Process:user(id=5,sid=26) type=13004
03-22 00:49:48[DEBUG]-Send:Process:user(id=5,sid=26) type=13004
03-22 00:49:48[DEBUG]-Send:Process:user(id=5,sid=26) type=19025
03-22 00:49:48[DEBUG]-Send:Process:user(id=5,sid=26) type=13004
03-22 00:49:48[DEBUG]-Send:Process:user(id=5,sid=26) type=13004
03-22 00:49:48[DEBUG]-Send:Process:user(id=5,sid=26) type=19025
03-22 00:49:48[DEBUG]-LinkServer:DispatchUnknownProtocol:user(id=5,sid=26) send Dispatch ok,pvid=12,type=21020
03-22 00:49:48[DEBUG]-Send:Process:user(id=5,sid=26) type=19053
03-22 00:49:48[DEBUG]-LinkServer:DispatchUnknownProtocol:user(id=5,sid=26) send Dispatch ok,pvid=12,type=19052
03-22 00:49:48[DEBUG]-Send:Process:user(id=5,sid=26) type=21021
03-22 00:49:48[DEBUG]-LinkServer:DispatchUnknownProtocol:user(id=5,sid=26) send Dispatch ok,pvid=12,type=21020
03-22 00:49:48[DEBUG]-Send:Process:user(id=5,sid=26) type=19053
03-22 00:49:48[DEBUG]-LinkServer:DispatchUnknownProtocol:user(id=5,sid=26) send Dispatch ok,pvid=12,type=19052
03-22 00:49:48[DEBUG]-Send:Process:user(id=5,sid=26) type=21021
03-22 00:49:48[DEBUG]-LinkServer:DispatchUnknownProtocol:user(id=5,sid=26) send Dispatch ok,pvid=12,type=21020
03-22 00:49:48[DEBUG]-Send:Process:user(id=5,sid=26) type=19053
03-22 00:49:48[DEBUG]-Send:Process:user(id=5,sid=26) type=21021
03-22 00:49:48[DEBUG]-LinkServer:DispatchUnknownProtocol:user(id=5,sid=26) send Dispatch ok,pvid=12,type=19052
03-22 00:49:48[DEBUG]-Send:Process:user(id=5,sid=26) type=19053
03-22 00:49:48[DEBUG]-LinkServer:DispatchUnknownProtocol:user(id=5,sid=26) send Dispatch ok,pvid=12,type=21020
03-22 00:49:48[DEBUG]-Send:Process:user(id=5,sid=26) type=21021
03-22 00:49:49[DEBUG]-LinkServer:DispatchUnknownProtocol:user(id=5,sid=26) send Dispatch ok,pvid=12,type=19052
03-22 00:49:49[DEBUG]-Send:Process:user(id=5,sid=26) type=19053
03-22 00:49:49[DEBUG]-LinkServer:DispatchUnknownProtocol:user(id=5,sid=26) send Dispatch ok,pvid=12,type=21020
03-22 00:49:49[DEBUG]-Send:Process:user(id=5,sid=26) type=21021
03-22 00:49:49[DEBUG]-LinkServer:DispatchUnknownProtocol:user(id=5,sid=26) send Dispatch ok,pvid=12,type=19104
03-22 00:49:49[DEBUG]-Send:Process:user(id=5,sid=26) type=19105
03-22 00:49:49[DEBUG]-LinkServer:DispatchUnknownProtocol:user(id=5,sid=26) send Dispatch ok,pvid=12,type=19104
03-22 00:49:49[DEBUG]-Send:Process:user(id=5,sid=26) type=19105
03-22 00:49:49[DEBUG]-LinkServer:DispatchUnknownProtocol:user(id=5,sid=26) send Dispatch ok,pvid=12,type=19104
03-22 00:49:49[DEBUG]-Send:Process:user(id=5,sid=26) type=19105
03-22 00:49:49[DEBUG]-LinkServer:DispatchUnknownProtocol:user(id=5,sid=26) send Dispatch ok,pvid=12,type=19104
03-22 00:49:49[DEBUG]-LinkServer:DispatchUnknownProtocol:user(id=5,sid=26) send Dispatch ok,pvid=12,type=19104
03-22 00:49:49[DEBUG]-LinkServer:DispatchUnknownProtocol:user(id=5,sid=26) send Dispatch ok,pvid=12,type=19104
03-22 00:49:49[DEBUG]-LinkServer:DispatchUnknownProtocol:user(id=5,sid=26) send Dispatch ok,pvid=12,type=19104
03-22 00:49:49[DEBUG]-LinkServer:DispatchUnknownProtocol:user(id=5,sid=26) send Dispatch ok,pvid=12,type=19104
03-22 00:49:49[DEBUG]-Send:Process:user(id=5,sid=26) type=19105
03-22 00:49:49[DEBUG]-Send:Process:user(id=5,sid=26) type=19105
03-22 00:49:49[DEBUG]-Send:Process:user(id=5,sid=26) type=19105
03-22 00:49:49[DEBUG]-LinkServer:DispatchUnknownProtocol:user(id=5,sid=26) send Dispatch ok,pvid=12,type=19104
03-22 00:49:49[DEBUG]-LinkServer:DispatchUnknownProtocol:user(id=5,sid=26) send Dispatch ok,pvid=12,type=19104
03-22 00:49:49[DEBUG]-LinkServer:DispatchUnknownProtocol:user(id=5,sid=26) send Dispatch ok,pvid=12,type=19104
03-22 00:49:49[DEBUG]-LinkServer:DispatchUnknownProtocol:user(id=5,sid=26) send Dispatch ok,pvid=12,type=19104
03-22 00:49:49[DEBUG]-LinkServer:DispatchUnknownProtocol:user(id=5,sid=26) send Dispatch ok,pvid=12,type=19104
03-22 00:49:49[DEBUG]-LinkServer:DispatchUnknownProtocol:user(id=5,sid=26) send Dispatch ok,pvid=12,type=19104
03-22 00:49:49[DEBUG]-Send:Process:user(id=5,sid=26) type=19105
03-22 00:49:49[DEBUG]-Send:Process:user(id=5,sid=26) type=19105
03-22 00:49:49[DEBUG]-Send:Process:user(id=5,sid=26) type=19105
03-22 00:49:49[DEBUG]-Send:Process:user(id=5,sid=26) type=19105
03-22 00:49:49[DEBUG]-Send:Process:user(id=5,sid=26) type=19105
03-22 00:49:49[DEBUG]-Send:Process:user(id=5,sid=26) type=19105
03-22 00:49:49[DEBUG]-Send:Process:user(id=5,sid=26) type=19105
03-22 00:49:49[DEBUG]-Send:Process:user(id=5,sid=26) type=19105
03-22 00:49:49[DEBUG]-LinkServer:DispatchUnknownProtocol:user(id=5,sid=26) send Dispatch ok,pvid=12,type=19052
03-22 00:49:49[DEBUG]-Send:Process:user(id=5,sid=26) type=19053
03-22 00:49:49[DEBUG]-LinkServer:DispatchUnknownProtocol:user(id=5,sid=26) send Dispatch ok,pvid=12,type=21020
03-22 00:49:49[DEBUG]-Send:Process:user(id=5,sid=26) type=21021
03-22 00:49:49[DEBUG]-KeepAlive:Process:user(id=5) code=89226,sid=26
03-22 00:49:49[DEBUG]-LinkServer:DispatchUnknownProtocol:user(id=5,sid=26) send Dispatch ok,pvid=12,type=19052
03-22 00:49:49[DEBUG]-LinkServer:DispatchUnknownProtocol:user(id=5,sid=26) send Dispatch ok,pvid=12,type=21020
03-22 00:49:49[DEBUG]-Send:Process:user(id=5,sid=26) type=19053
03-22 00:49:49[DEBUG]-Send:Process:user(id=5,sid=26) type=21021
03-22 00:49:49[DEBUG]-LinkServer:DispatchUnknownProtocol:user(id=5,sid=26) send Dispatch ok,pvid=12,type=19052
03-22 00:49:49[DEBUG]-LinkServer:DispatchUnknownProtocol:user(id=5,sid=26) send Dispatch ok,pvid=12,type=21020
03-22 00:49:49[DEBUG]-Send:Process:user(id=5,sid=26) type=21021
03-22 00:49:49[DEBUG]-Send:Process:user(id=5,sid=26) type=19053
03-22 00:49:49[DEBUG]-LinkServer:DispatchUnknownProtocol:user(id=5,sid=26) send Dispatch ok,pvid=12,type=19052
03-22 00:49:49[DEBUG]-Send:Process:user(id=5,sid=26) type=19053
03-22 00:49:49[DEBUG]-LinkServer:DispatchUnknownProtocol:user(id=5,sid=26) send Dispatch ok,pvid=12,type=21020
03-22 00:49:49[DEBUG]-Send:Process:user(id=5,sid=26) type=21021
03-22 00:49:49[DEBUG]-LinkServer:DispatchUnknownProtocol:user(id=5,sid=26) send Dispatch ok,pvid=12,type=19052
03-22 00:49:49[DEBUG]-Send:Process:user(id=5,sid=26) type=19053
03-22 00:49:49[DEBUG]-LinkServer:DispatchUnknownProtocol:user(id=5,sid=26) send Dispatch ok,pvid=12,type=21020
03-22 00:49:49[DEBUG]-Send:Process:user(id=5,sid=26) type=21021
03-22 00:49:49[DEBUG]-LinkServer:DispatchUnknownProtocol:user(id=5,sid=26) send Dispatch ok,pvid=12,type=19052
03-22 00:49:49[DEBUG]-Send:Process:user(id=5,sid=26) type=19053
03-22 00:49:49[DEBUG]-LinkServer:DispatchUnknownProtocol:user(id=5,sid=26) send Dispatch ok,pvid=12,type=21020
03-22 00:49:49[DEBUG]-Send:Process:user(id=5,sid=26) type=21021
03-22 00:49:49[DEBUG]-LinkServer:DispatchUnknownProtocol:user(id=5,sid=26) send Dispatch ok,pvid=12,type=19052
03-22 00:49:49[DEBUG]-LinkServer:DispatchUnknownProtocol:user(id=5,sid=26) send Dispatch ok,pvid=12,type=21020
03-22 00:49:49[DEBUG]-Send:Process:user(id=5,sid=26) type=21021
03-22 00:49:49[DEBUG]-Send:Process:user(id=5,sid=26) type=19053
03-22 00:49:49[DEBUG]-LinkServer:DispatchUnknownProtocol:user(id=5,sid=26) send Dispatch ok,pvid=12,type=19052
03-22 00:49:49[DEBUG]-Send:Process:user(id=5,sid=26) type=19053
03-22 00:49:49[DEBUG]-LinkServer:DispatchUnknownProtocol:user(id=5,sid=26) send Dispatch ok,pvid=12,type=21020
03-22 00:49:49[DEBUG]-Send:Process:user(id=5,sid=26) type=21021
03-22 00:49:49[DEBUG]-LinkServer:DispatchUnknownProtocol:user(id=5,sid=26) send Dispatch ok,pvid=12,type=19052
03-22 00:49:49[DEBUG]-Send:Process:user(id=5,sid=26) type=19053
03-22 00:49:49[DEBUG]-LinkServer:DispatchUnknownProtocol:user(id=5,sid=26) send Dispatch ok,pvid=12,type=21020
03-22 00:49:49[DEBUG]-Send:Process:user(id=5,sid=26) type=21021
03-22 00:49:49[DEBUG]-LinkServer:DispatchUnknownProtocol:user(id=5,sid=26) send Dispatch ok,pvid=12,type=15
03-22 00:49:49[DEBUG]-LinkServer:DispatchUnknownProtocol:user(id=5,sid=26) send Dispatch ok,pvid=12,type=19052
03-22 00:49:49[DEBUG]-LinkServer:DispatchUnknownProtocol:user(id=5,sid=26) send Dispatch ok,pvid=12,type=21020
03-22 00:49:49[DEBUG]-Send:Process:user(id=5,sid=26) type=16
03-22 00:49:50[DEBUG]-Send:Process:user(id=5,sid=26) type=19053
03-22 00:49:50[DEBUG]-Send:Process:user(id=5,sid=26) type=21021
03-22 00:49:50[DEBUG]-LinkServer:DispatchUnknownProtocol:user(id=5,sid=26) send Dispatch ok,pvid=12,type=19104
03-22 00:49:50[DEBUG]-Send:Process:user(id=5,sid=26) type=19105
03-22 00:49:50[DEBUG]-LinkServer:DispatchUnknownProtocol:user(id=5,sid=26) send Dispatch ok,pvid=12,type=19104
03-22 00:49:50[DEBUG]-Send:Process:user(id=5,sid=26) type=19105
03-22 00:49:50[DEBUG]-LinkServer:DispatchUnknownProtocol:user(id=5,sid=26) send Dispatch ok,pvid=12,type=19052
03-22 00:49:50[DEBUG]-LinkServer:DispatchUnknownProtocol:user(id=5,sid=26) send Dispatch ok,pvid=12,type=21020
03-22 00:49:50[DEBUG]-Send:Process:user(id=5,sid=26) type=19053
03-22 00:49:50[DEBUG]-Send:Process:user(id=5,sid=26) type=21021
03-22 00:49:50[DEBUG]-LinkServer:DispatchUnknownProtocol:user(id=5,sid=26) send Dispatch ok,pvid=12,type=19052
03-22 00:49:50[DEBUG]-Send:Process:user(id=5,sid=26) type=19053
03-22 00:49:50[DEBUG]-LinkServer:DispatchUnknownProtocol:user(id=5,sid=26) send Dispatch ok,pvid=12,type=21020
03-22 00:49:50[DEBUG]-Send:Process:user(id=5,sid=26) type=21021
03-22 00:49:50[DEBUG]-LinkServer:DispatchUnknownProtocol:user(id=5,sid=26) send Dispatch ok,pvid=12,type=19052
03-22 00:49:50[DEBUG]-LinkServer:DispatchUnknownProtocol:user(id=5,sid=26) send Dispatch ok,pvid=12,type=21020
03-22 00:49:50[DEBUG]-Send:Process:user(id=5,sid=26) type=21021
03-22 00:49:50[DEBUG]-Send:Process:user(id=5,sid=26) type=19053
03-22 00:49:50[DEBUG]-LinkServer:DispatchUnknownProtocol:user(id=5,sid=26) send Dispatch ok,pvid=12,type=19052
03-22 00:49:50[DEBUG]-Send:Process:user(id=5,sid=26) type=19053
03-22 00:49:50[DEBUG]-LinkServer:DispatchUnknownProtocol:user(id=5,sid=26) send Dispatch ok,pvid=12,type=21020
03-22 00:49:50[DEBUG]-Send:Process:user(id=5,sid=26) type=21021
03-22 00:49:50[DEBUG]-LinkServer:DispatchUnknownProtocol:user(id=5,sid=26) send Dispatch ok,pvid=12,type=19052
03-22 00:49:50[DEBUG]-Send:Process:user(id=5,sid=26) type=19053
03-22 00:49:50[DEBUG]-LinkServer:DispatchUnknownProtocol:user(id=5,sid=26) send Dispatch ok,pvid=12,type=21020
03-22 00:49:50[DEBUG]-Send:Process:user(id=5,sid=26) type=21021
03-22 00:49:50[DEBUG]-LinkServer:DispatchUnknownProtocol:user(id=5,sid=26) send Dispatch ok,pvid=12,type=19052
03-22 00:49:50[DEBUG]-LinkServer:DispatchUnknownProtocol:user(id=5,sid=26) send Dispatch ok,pvid=12,type=21020
03-22 00:49:50[DEBUG]-Send:Process:user(id=5,sid=26) type=21021
03-22 00:49:50[DEBUG]-Send:Process:user(id=5,sid=26) type=19053
03-22 00:49:50[DEBUG]-LinkServer:DispatchUnknownProtocol:user(id=5,sid=26) send Dispatch ok,pvid=12,type=19052
03-22 00:49:50[DEBUG]-Send:Process:user(id=5,sid=26) type=19053
03-22 00:49:50[DEBUG]-LinkServer:DispatchUnknownProtocol:user(id=5,sid=26) send Dispatch ok,pvid=12,type=21020
03-22 00:49:50[DEBUG]-Send:Process:user(id=5,sid=26) type=21021
03-22 00:49:50[DEBUG]-LinkServer:DispatchUnknownProtocol:user(id=5,sid=26) send Dispatch ok,pvid=12,type=19052
03-22 00:49:50[DEBUG]-Send:Process:user(id=5,sid=26) type=19053
03-22 00:49:50[DEBUG]-LinkServer:DispatchUnknownProtocol:user(id=5,sid=26) send Dispatch ok,pvid=12,type=21020
03-22 00:49:50[DEBUG]-Send:Process:user(id=5,sid=26) type=21021
03-22 00:49:50[DEBUG]-LinkServer:DispatchUnknownProtocol:user(id=5,sid=26) send Dispatch ok,pvid=12,type=19052
03-22 00:49:50[DEBUG]-LinkServer:DispatchUnknownProtocol:user(id=5,sid=26) send Dispatch ok,pvid=12,type=21020
03-22 00:49:50[DEBUG]-Send:Process:user(id=5,sid=26) type=21021
03-22 00:49:50[DEBUG]-Send:Process:user(id=5,sid=26) type=19053
03-22 00:49:50[DEBUG]-LinkServer:DispatchUnknownProtocol:user(id=5,sid=26) send Dispatch ok,pvid=12,type=19052
03-22 00:49:50[DEBUG]-Send:Process:user(id=5,sid=26) type=19053
03-22 00:49:50[DEBUG]-LinkServer:DispatchUnknownProtocol:user(id=5,sid=26) send Dispatch ok,pvid=12,type=21020
03-22 00:49:50[DEBUG]-Send:Process:user(id=5,sid=26) type=21021
03-22 00:49:51[DEBUG]-LinkServer:DispatchUnknownProtocol:user(id=5,sid=26) send Dispatch ok,pvid=12,type=19104
03-22 00:49:51[DEBUG]-Send:Process:user(id=5,sid=26) type=19105
03-22 00:49:51[DEBUG]-LinkServer:DispatchUnknownProtocol:user(id=5,sid=26) send Dispatch ok,pvid=12,type=19104
03-22 00:49:51[DEBUG]-LinkServer:DispatchUnknownProtocol:user(id=5,sid=26) send Dispatch ok,pvid=12,type=19104
03-22 00:49:51[DEBUG]-LinkServer:DispatchUnknownProtocol:user(id=5,sid=26) send Dispatch ok,pvid=12,type=19104
03-22 00:49:51[DEBUG]-Send:Process:user(id=5,sid=26) type=19105
03-22 00:49:51[DEBUG]-Send:Process:user(id=5,sid=26) type=19105
03-22 00:49:51[DEBUG]-LinkServer:DispatchUnknownProtocol:user(id=5,sid=26) send Dispatch ok,pvid=12,type=19104
03-22 00:49:51[DEBUG]-Send:Process:user(id=5,sid=26) type=19105
03-22 00:49:51[DEBUG]-LinkServer:DispatchUnknownProtocol:user(id=5,sid=26) send Dispatch ok,pvid=12,type=19104
03-22 00:49:51[DEBUG]-LinkServer:DispatchUnknownProtocol:user(id=5,sid=26) send Dispatch ok,pvid=12,type=19104
03-22 00:49:51[DEBUG]-LinkServer:DispatchUnknownProtocol:user(id=5,sid=26) send Dispatch ok,pvid=12,type=19104
03-22 00:49:51[DEBUG]-Send:Process:user(id=5,sid=26) type=19105
03-22 00:49:51[DEBUG]-LinkServer:DispatchUnknownProtocol:user(id=5,sid=26) send Dispatch ok,pvid=12,type=19052
03-22 00:49:51[DEBUG]-LinkServer:DispatchUnknownProtocol:user(id=5,sid=26) send Dispatch ok,pvid=12,type=21020
03-22 00:49:51[DEBUG]-Send:Process:user(id=5,sid=26) type=19105
03-22 00:49:51[DEBUG]-Send:Process:user(id=5,sid=26) type=19105
03-22 00:49:51[DEBUG]-Send:Process:user(id=5,sid=26) type=19105
03-22 00:49:51[DEBUG]-Send:Process:user(id=5,sid=26) type=21021
03-22 00:49:51[DEBUG]-Send:Process:user(id=5,sid=26) type=19053
03-22 00:49:51[DEBUG]-LinkServer:DispatchUnknownProtocol:user(id=5,sid=26) send Dispatch ok,pvid=12,type=19052
03-22 00:49:51[DEBUG]-Send:Process:user(id=5,sid=26) type=19053
03-22 00:49:51[DEBUG]-LinkServer:DispatchUnknownProtocol:user(id=5,sid=26) send Dispatch ok,pvid=12,type=21020
03-22 00:49:51[DEBUG]-Send:Process:user(id=5,sid=26) type=21021
03-22 00:49:51[DEBUG]-LinkServer:DispatchUnknownProtocol:user(id=5,sid=26) send Dispatch ok,pvid=12,type=19052
03-22 00:49:51[DEBUG]-Send:Process:user(id=5,sid=26) type=19053
03-22 00:49:51[DEBUG]-LinkServer:DispatchUnknownProtocol:user(id=5,sid=26) send Dispatch ok,pvid=12,type=21020
03-22 00:49:51[DEBUG]-Send:Process:user(id=5,sid=26) type=21021
03-22 00:49:51[DEBUG]-LinkServer:DispatchUnknownProtocol:user(id=5,sid=26) send Dispatch ok,pvid=12,type=19052
03-22 00:49:51[DEBUG]-Send:Process:user(id=5,sid=26) type=19053
03-22 00:49:51[DEBUG]-LinkServer:DispatchUnknownProtocol:user(id=5,sid=26) send Dispatch ok,pvid=12,type=21020
03-22 00:49:51[DEBUG]-Send:Process:user(id=5,sid=26) type=21021
03-22 00:49:51[DEBUG]-LinkServer:DispatchUnknownProtocol:user(id=5,sid=26) send Dispatch ok,pvid=12,type=19052
03-22 00:49:51[DEBUG]-Send:Process:user(id=5,sid=26) type=19053
03-22 00:49:51[DEBUG]-LinkServer:DispatchUnknownProtocol:user(id=5,sid=26) send Dispatch ok,pvid=12,type=21020
03-22 00:49:51[DEBUG]-Send:Process:user(id=5,sid=26) type=21021
03-22 00:49:51[DEBUG]-LinkServer:DispatchUnknownProtocol:user(id=5,sid=26) send Dispatch ok,pvid=12,type=19052
03-22 00:49:51[DEBUG]-Send:Process:user(id=5,sid=26) type=19053
03-22 00:49:51[DEBUG]-LinkServer:DispatchUnknownProtocol:user(id=5,sid=26) send Dispatch ok,pvid=12,type=21020
03-22 00:49:51[DEBUG]-Send:Process:user(id=5,sid=26) type=21021
03-22 00:49:51[DEBUG]-LinkServer:DispatchUnknownProtocol:user(id=5,sid=26) send Dispatch ok,pvid=12,type=19052
03-22 00:49:51[DEBUG]-Send:Process:user(id=5,sid=26) type=19053
03-22 00:49:51[DEBUG]-LinkServer:DispatchUnknownProtocol:user(id=5,sid=26) send Dispatch ok,pvid=12,type=21020
03-22 00:49:51[DEBUG]-Send:Process:user(id=5,sid=26) type=21021
03-22 00:49:51[DEBUG]-LinkServer:DispatchUnknownProtocol:user(id=5,sid=26) send Dispatch ok,pvid=12,type=19052
03-22 00:49:51[DEBUG]-LinkServer:DispatchUnknownProtocol:user(id=5,sid=26) send Dispatch ok,pvid=12,type=21020
03-22 00:49:51[DEBUG]-Send:Process:user(id=5,sid=26) type=19053
03-22 00:49:51[DEBUG]-Send:Process:user(id=5,sid=26) type=21021
03-22 00:49:51[DEBUG]-LinkServer:DispatchUnknownProtocol:user(id=5,sid=26) send Dispatch ok,pvid=12,type=19052
03-22 00:49:51[DEBUG]-Send:Process:user(id=5,sid=26) type=19053
03-22 00:49:51[DEBUG]-LinkServer:DispatchUnknownProtocol:user(id=5,sid=26) send Dispatch ok,pvid=12,type=21020
03-22 00:49:51[DEBUG]-Send:Process:user(id=5,sid=26) type=21021
03-22 00:49:51[DEBUG]-LinkServer:DispatchUnknownProtocol:user(id=5,sid=26) send Dispatch ok,pvid=12,type=19052
03-22 00:49:51[DEBUG]-Send:Process:user(id=5,sid=26) type=19053
03-22 00:49:51[DEBUG]-LinkServer:DispatchUnknownProtocol:user(id=5,sid=26) send Dispatch ok,pvid=12,type=21020
03-22 00:49:51[DEBUG]-Send:Process:user(id=5,sid=26) type=21021
03-22 00:49:51[DEBUG]-LinkServer:DispatchUnknownProtocol:user(id=5,sid=26) send Dispatch ok,pvid=12,type=19104
03-22 00:49:51[DEBUG]-Send:Process:user(id=5,sid=26) type=19105
03-22 00:49:51[DEBUG]-LinkServer:DispatchUnknownProtocol:user(id=5,sid=26) send Dispatch ok,pvid=12,type=19104
03-22 00:49:51[DEBUG]-LinkServer:DispatchUnknownProtocol:user(id=5,sid=26) send Dispatch ok,pvid=12,type=19104
03-22 00:49:51[DEBUG]-LinkServer:DispatchUnknownProtocol:user(id=5,sid=26) send Dispatch ok,pvid=12,type=19104
03-22 00:49:51[DEBUG]-LinkServer:DispatchUnknownProtocol:user(id=5,sid=26) send Dispatch ok,pvid=12,type=19104
03-22 00:49:51[DEBUG]-LinkServer:DispatchUnknownProtocol:user(id=5,sid=26) send Dispatch ok,pvid=12,type=19104
03-22 00:49:51[DEBUG]-Send:Process:user(id=5,sid=26) type=19105
03-22 00:49:51[DEBUG]-Send:Process:user(id=5,sid=26) type=19105
03-22 00:49:51[DEBUG]-Send:Process:user(id=5,sid=26) type=19105
03-22 00:49:51[DEBUG]-Send:Process:user(id=5,sid=26) type=19105
03-22 00:49:51[DEBUG]-LinkServer:DispatchUnknownProtocol:user(id=5,sid=26) send Dispatch ok,pvid=12,type=19104
03-22 00:49:51[DEBUG]-LinkServer:DispatchUnknownProtocol:user(id=5,sid=26) send Dispatch ok,pvid=12,type=19104
03-22 00:49:51[DEBUG]-LinkServer:DispatchUnknownProtocol:user(id=5,sid=26) send Dispatch ok,pvid=12,type=19104
03-22 00:49:51[DEBUG]-LinkServer:DispatchUnknownProtocol:user(id=5,sid=26) send Dispatch ok,pvid=12,type=19104
03-22 00:49:51[DEBUG]-Send:Process:user(id=5,sid=26) type=19105
03-22 00:49:52[DEBUG]-Send:Process:user(id=5,sid=26) type=19105
03-22 00:49:52[DEBUG]-Send:Process:user(id=5,sid=26) type=19105
03-22 00:49:52[DEBUG]-Send:Process:user(id=5,sid=26) type=19105
03-22 00:49:52[DEBUG]-Send:Process:user(id=5,sid=26) type=19105
03-22 00:49:52[DEBUG]-LinkServer:DispatchUnknownProtocol:user(id=5,sid=26) send Dispatch ok,pvid=12,type=19104
03-22 00:49:52[DEBUG]-Send:Process:user(id=5,sid=26) type=19105
03-22 00:49:52[DEBUG]-LinkServer:DispatchUnknownProtocol:user(id=5,sid=26) send Dispatch ok,pvid=12,type=19104
03-22 00:49:52[DEBUG]-LinkServer:DispatchUnknownProtocol:user(id=5,sid=26) send Dispatch ok,pvid=12,type=19104
03-22 00:49:52[DEBUG]-LinkServer:DispatchUnknownProtocol:user(id=5,sid=26) send Dispatch ok,pvid=12,type=19104
03-22 00:49:52[DEBUG]-Send:Process:user(id=5,sid=26) type=19105
03-22 00:49:52[DEBUG]-Send:Process:user(id=5,sid=26) type=19105
03-22 00:49:52[DEBUG]-LinkServer:DispatchUnknownProtocol:user(id=5,sid=26) send Dispatch ok,pvid=12,type=19104
03-22 00:49:52[DEBUG]-LinkServer:DispatchUnknownProtocol:user(id=5,sid=26) send Dispatch ok,pvid=12,type=19104
03-22 00:49:52[DEBUG]-LinkServer:DispatchUnknownProtocol:user(id=5,sid=26) send Dispatch ok,pvid=12,type=19104
03-22 00:49:52[DEBUG]-LinkServer:DispatchUnknownProtocol:user(id=5,sid=26) send Dispatch ok,pvid=12,type=19104
03-22 00:49:52[DEBUG]-LinkServer:DispatchUnknownProtocol:user(id=5,sid=26) send Dispatch ok,pvid=12,type=19104
03-22 00:49:52[DEBUG]-LinkServer:DispatchUnknownProtocol:user(id=5,sid=26) send Dispatch ok,pvid=12,type=19104
03-22 00:49:52[DEBUG]-KeepAlive:Process:user(id=5) code=92287,sid=26
03-22 00:49:52[DEBUG]-Send:Process:user(id=5,sid=26) type=19105
03-22 00:49:52[DEBUG]-LinkServer:DispatchUnknownProtocol:user(id=5,sid=26) send Dispatch ok,pvid=12,type=19104
03-22 00:49:52[DEBUG]-LinkServer:DispatchUnknownProtocol:user(id=5,sid=26) send Dispatch ok,pvid=12,type=19104
03-22 00:49:52[DEBUG]-LinkServer:DispatchUnknownProtocol:user(id=5,sid=26) send Dispatch ok,pvid=12,type=19104
03-22 00:49:52[DEBUG]-LinkServer:DispatchUnknownProtocol:user(id=5,sid=26) send Dispatch ok,pvid=12,type=19104
03-22 00:49:52[DEBUG]-LinkServer:DispatchUnknownProtocol:user(id=5,sid=26) send Dispatch ok,pvid=12,type=19104
03-22 00:49:52[DEBUG]-LinkServer:DispatchUnknownProtocol:user(id=5,sid=26) send Dispatch ok,pvid=12,type=19104
03-22 00:49:52[DEBUG]-Send:Process:user(id=5,sid=26) type=19105
03-22 00:49:52[DEBUG]-Send:Process:user(id=5,sid=26) type=19105
03-22 00:49:52[DEBUG]-Send:Process:user(id=5,sid=26) type=19105
03-22 00:49:52[DEBUG]-Send:Process:user(id=5,sid=26) type=19105
03-22 00:49:52[DEBUG]-Send:Process:user(id=5,sid=26) type=19105
03-22 00:49:52[DEBUG]-Send:Process:user(id=5,sid=26) type=19105
03-22 00:49:52[DEBUG]-LinkServer:DispatchUnknownProtocol:user(id=5,sid=26) send Dispatch ok,pvid=12,type=19104
03-22 00:49:52[DEBUG]-LinkServer:DispatchUnknownProtocol:user(id=5,sid=26) send Dispatch ok,pvid=12,type=19104
03-22 00:49:52[DEBUG]-Send:Process:user(id=5,sid=26) type=19105
03-22 00:49:52[DEBUG]-Send:Process:user(id=5,sid=26) type=19105
03-22 00:49:52[DEBUG]-Send:Process:user(id=5,sid=26) type=19105
03-22 00:49:52[DEBUG]-Send:Process:user(id=5,sid=26) type=19105
03-22 00:49:52[DEBUG]-Send:Process:user(id=5,sid=26) type=19105
03-22 00:49:52[DEBUG]-Send:Process:user(id=5,sid=26) type=19105
03-22 00:49:52[DEBUG]-Send:Process:user(id=5,sid=26) type=19105
03-22 00:49:52[DEBUG]-Send:Process:user(id=5,sid=26) type=19105
03-22 00:49:52[DEBUG]-LinkServer:DispatchUnknownProtocol:user(id=5,sid=26) send Dispatch ok,pvid=12,type=19104
03-22 00:49:52[DEBUG]-Send:Process:user(id=5,sid=26) type=19105
03-22 00:49:52[DEBUG]-LinkServer:DispatchUnknownProtocol:user(id=5,sid=26) send Dispatch ok,pvid=12,type=19104
03-22 00:49:52[DEBUG]-Send:Process:user(id=5,sid=26) type=19105
03-22 00:49:52[DEBUG]-LinkServer:DispatchUnknownProtocol:user(id=5,sid=26) send Dispatch ok,pvid=12,type=19104
03-22 00:49:52[DEBUG]-LinkServer:DispatchUnknownProtocol:user(id=5,sid=26) send Dispatch ok,pvid=12,type=19104
03-22 00:49:52[DEBUG]-LinkServer:DispatchUnknownProtocol:user(id=5,sid=26) send Dispatch ok,pvid=12,type=19104
03-22 00:49:52[DEBUG]-LinkServer:DispatchUnknownProtocol:user(id=5,sid=26) send Dispatch ok,pvid=12,type=19104
03-22 00:49:52[DEBUG]-Send:Process:user(id=5,sid=26) type=19105
03-22 00:49:52[DEBUG]-Send:Process:user(id=5,sid=26) type=19105
03-22 00:49:52[DEBUG]-Send:Process:user(id=5,sid=26) type=19105
03-22 00:49:52[DEBUG]-LinkServer:DispatchUnknownProtocol:user(id=5,sid=26) send Dispatch ok,pvid=12,type=19104
03-22 00:49:52[DEBUG]-LinkServer:DispatchUnknownProtocol:user(id=5,sid=26) send Dispatch ok,pvid=12,type=19104
03-22 00:49:52[DEBUG]-LinkServer:DispatchUnknownProtocol:user(id=5,sid=26) send Dispatch ok,pvid=12,type=19104
03-22 00:49:52[DEBUG]-LinkServer:DispatchUnknownProtocol:user(id=5,sid=26) send Dispatch ok,pvid=12,type=19104
03-22 00:49:52[DEBUG]-LinkServer:DispatchUnknownProtocol:user(id=5,sid=26) send Dispatch ok,pvid=12,type=19104
03-22 00:49:52[DEBUG]-LinkServer:DispatchUnknownProtocol:user(id=5,sid=26) send Dispatch ok,pvid=12,type=19104
03-22 00:49:52[DEBUG]-Send:Process:user(id=5,sid=26) type=19105
03-22 00:49:52[DEBUG]-LinkServer:DispatchUnknownProtocol:user(id=5,sid=26) send Dispatch ok,pvid=12,type=19104
03-22 00:49:52[DEBUG]-LinkServer:DispatchUnknownProtocol:user(id=5,sid=26) send Dispatch ok,pvid=12,type=19104
03-22 00:49:52[DEBUG]-LinkServer:DispatchUnknownProtocol:user(id=5,sid=26) send Dispatch ok,pvid=12,type=19104
03-22 00:49:52[DEBUG]-LinkServer:DispatchUnknownProtocol:user(id=5,sid=26) send Dispatch ok,pvid=12,type=19104
03-22 00:49:52[DEBUG]-LinkServer:DispatchUnknownProtocol:user(id=5,sid=26) send Dispatch ok,pvid=12,type=19104
03-22 00:49:52[DEBUG]-LinkServer:DispatchUnknownProtocol:user(id=5,sid=26) send Dispatch ok,pvid=12,type=19104
03-22 00:49:52[DEBUG]-Send:Process:user(id=5,sid=26) type=19105
03-22 00:49:52[DEBUG]-Send:Process:user(id=5,sid=26) type=19105
03-22 00:49:52[DEBUG]-Send:Process:user(id=5,sid=26) type=19105
03-22 00:49:52[DEBUG]-Send:Process:user(id=5,sid=26) type=19105
03-22 00:49:52[DEBUG]-Send:Process:user(id=5,sid=26) type=19105
03-22 00:49:52[DEBUG]-Send:Process:user(id=5,sid=26) type=19105
03-22 00:49:52[DEBUG]-LinkServer:DispatchUnknownProtocol:user(id=5,sid=26) send Dispatch ok,pvid=12,type=19104
03-22 00:49:52[DEBUG]-Send:Process:user(id=5,sid=26) type=19105
03-22 00:49:52[DEBUG]-Send:Process:user(id=5,sid=26) type=19105
03-22 00:49:52[DEBUG]-Send:Process:user(id=5,sid=26) type=19105
03-22 00:49:52[DEBUG]-Send:Process:user(id=5,sid=26) type=19105
03-22 00:49:52[DEBUG]-Send:Process:user(id=5,sid=26) type=19105
03-22 00:49:52[DEBUG]-Send:Process:user(id=5,sid=26) type=19105
03-22 00:49:52[DEBUG]-LinkServer:DispatchUnknownProtocol:user(id=5,sid=26) send Dispatch ok,pvid=12,type=19104
03-22 00:49:52[DEBUG]-LinkServer:DispatchUnknownProtocol:user(id=5,sid=26) send Dispatch ok,pvid=12,type=19104
03-22 00:49:52[DEBUG]-LinkServer:DispatchUnknownProtocol:user(id=5,sid=26) send Dispatch ok,pvid=12,type=19104
03-22 00:49:52[DEBUG]-Send:Process:user(id=5,sid=26) type=19105
03-22 00:49:52[DEBUG]-Send:Process:user(id=5,sid=26) type=19105
03-22 00:49:52[DEBUG]-Send:Process:user(id=5,sid=26) type=19105
03-22 00:49:52[DEBUG]-Send:Process:user(id=5,sid=26) type=19105
03-22 00:49:52[DEBUG]-LinkServer:DispatchUnknownProtocol:user(id=5,sid=26) send Dispatch ok,pvid=12,type=19104
03-22 00:49:52[DEBUG]-Send:Process:user(id=5,sid=26) type=19105
03-22 00:49:52[DEBUG]-LinkServer:DispatchUnknownProtocol:user(id=5,sid=26) send Dispatch ok,pvid=12,type=19104
03-22 00:49:52[DEBUG]-LinkServer:DispatchUnknownProtocol:user(id=5,sid=26) send Dispatch ok,pvid=12,type=19104
03-22 00:49:52[DEBUG]-LinkServer:DispatchUnknownProtocol:user(id=5,sid=26) send Dispatch ok,pvid=12,type=19104
03-22 00:49:52[DEBUG]-LinkServer:DispatchUnknownProtocol:user(id=5,sid=26) send Dispatch ok,pvid=12,type=19104
03-22 00:49:52[DEBUG]-LinkServer:DispatchUnknownProtocol:user(id=5,sid=26) send Dispatch ok,pvid=12,type=19104
03-22 00:49:52[DEBUG]-LinkServer:DispatchUnknownProtocol:user(id=5,sid=26) send Dispatch ok,pvid=12,type=19104
03-22 00:49:52[DEBUG]-LinkServer:DispatchUnknownProtocol:user(id=5,sid=26) send Dispatch ok,pvid=12,type=19104
03-22 00:49:52[DEBUG]-Send:Process:user(id=5,sid=26) type=19105
03-22 00:49:52[DEBUG]-Send:Process:user(id=5,sid=26) type=19105
03-22 00:49:52[DEBUG]-Send:Process:user(id=5,sid=26) type=19105
03-22 00:49:52[DEBUG]-Send:Process:user(id=5,sid=26) type=19105
03-22 00:49:52[DEBUG]-Send:Process:user(id=5,sid=26) type=19105
03-22 00:49:52[DEBUG]-Send:Process:user(id=5,sid=26) type=19105
03-22 00:49:52[DEBUG]-LinkServer:DispatchUnknownProtocol:user(id=5,sid=26) send Dispatch ok,pvid=12,type=19104
03-22 00:49:52[DEBUG]-LinkServer:DispatchUnknownProtocol:user(id=5,sid=26) send Dispatch ok,pvid=12,type=19104
03-22 00:49:52[DEBUG]-LinkServer:DispatchUnknownProtocol:user(id=5,sid=26) send Dispatch ok,pvid=12,type=19104
03-22 00:49:52[DEBUG]-LinkServer:DispatchUnknownProtocol:user(id=5,sid=26) send Dispatch ok,pvid=12,type=19104
03-22 00:49:52[DEBUG]-LinkServer:DispatchUnknownProtocol:user(id=5,sid=26) send Dispatch ok,pvid=12,type=19104
03-22 00:49:52[DEBUG]-LinkServer:DispatchUnknownProtocol:user(id=5,sid=26) send Dispatch ok,pvid=12,type=19104
03-22 00:49:52[DEBUG]-Send:Process:user(id=5,sid=26) type=19105
03-22 00:49:52[DEBUG]-LinkServer:DispatchUnknownProtocol:user(id=5,sid=26) send Dispatch ok,pvid=12,type=19104
03-22 00:49:52[DEBUG]-LinkServer:DispatchUnknownProtocol:user(id=5,sid=26) send Dispatch ok,pvid=12,type=19104
03-22 00:49:52[DEBUG]-LinkServer:DispatchUnknownProtocol:user(id=5,sid=26) send Dispatch ok,pvid=12,type=19104
03-22 00:49:52[DEBUG]-LinkServer:DispatchUnknownProtocol:user(id=5,sid=26) send Dispatch ok,pvid=12,type=19104
03-22 00:49:52[DEBUG]-LinkServer:DispatchUnknownProtocol:user(id=5,sid=26) send Dispatch ok,pvid=12,type=19104
03-22 00:49:52[DEBUG]-LinkServer:DispatchUnknownProtocol:user(id=5,sid=26) send Dispatch ok,pvid=12,type=19104
03-22 00:49:52[DEBUG]-Send:Process:user(id=5,sid=26) type=19105
03-22 00:49:52[DEBUG]-Send:Process:user(id=5,sid=26) type=19105
03-22 00:49:52[DEBUG]-Send:Process:user(id=5,sid=26) type=19105
03-22 00:49:52[DEBUG]-Send:Process:user(id=5,sid=26) type=19105
03-22 00:49:52[DEBUG]-Send:Process:user(id=5,sid=26) type=19105
03-22 00:49:52[DEBUG]-Send:Process:user(id=5,sid=26) type=19105
03-22 00:49:52[DEBUG]-Send:Process:user(id=5,sid=26) type=19105
03-22 00:49:52[DEBUG]-Send:Process:user(id=5,sid=26) type=19105
03-22 00:49:52[DEBUG]-Send:Process:user(id=5,sid=26) type=19105
03-22 00:49:52[DEBUG]-Send:Process:user(id=5,sid=26) type=19105
03-22 00:49:52[DEBUG]-Send:Process:user(id=5,sid=26) type=19105
03-22 00:49:52[DEBUG]-Send:Process:user(id=5,sid=26) type=19105
03-22 00:49:53[DEBUG]-LinkServer:DispatchUnknownProtocol:user(id=5,sid=26) send Dispatch ok,pvid=12,type=23944
03-22 00:49:54[DEBUG]-CheckTimer:CheckConnection:===========
03-22 00:49:54[DEBUG]-CheckTimer:CheckConnection:user(id=5,sid=26) alivetime:15.
03-22 00:49:55[DEBUG]-LinkServer:DispatchUnknownProtocol:user(id=5,sid=26) send Dispatch ok,pvid=12,type=4001
03-22 00:49:55[DEBUG]-LinkServer:DispatchUnknownProtocol:user(id=5,sid=26) send Dispatch ok,pvid=12,type=4003
03-22 00:49:56[DEBUG]-LinkServer:DispatchUnknownProtocol:user(id=5,sid=26) send Dispatch ok,pvid=12,type=4003
03-22 00:49:56[DEBUG]-KeepAlive:Process:user(id=5) code=96081,sid=26
03-22 00:49:56[DEBUG]-LinkServer:DispatchUnknownProtocol:user(id=5,sid=26) send Dispatch ok,pvid=12,type=4003
03-22 00:49:56[DEBUG]-LinkServer:DispatchUnknownProtocol:user(id=5,sid=26) send Dispatch ok,pvid=12,type=4010
03-22 00:49:59[DEBUG]-KeepAlive:Process:user(id=5) code=99712,sid=26
03-22 00:50:02[DEBUG]-KeepAlive:Process:user(id=5) code=102752,sid=26
03-22 00:50:06[DEBUG]-KeepAlive:Process:user(id=5) code=105810,sid=26
03-22 00:50:09[DEBUG]-CheckTimer:CheckConnection:===========
03-22 00:50:09[DEBUG]-CheckTimer:CheckConnection:user(id=5,sid=26) alivetime:15.
03-22 00:50:09[DEBUG]-KeepAlive:Process:user(id=5) code=108849,sid=26
03-22 00:50:12[DEBUG]-KeepAlive:Process:user(id=5) code=111895,sid=26
03-22 00:50:13[DEBUG]-LinkServer:DispatchUnknownProtocol:user(id=5,sid=26) send Dispatch ok,pvid=12,type=19084
03-22 00:50:13[DEBUG]-Send:Process:user(id=5,sid=26) type=4009
03-22 00:50:13[DEBUG]-Send:Process:user(id=5,sid=26) type=4006
03-22 00:50:13[DEBUG]-Send:Process:user(id=5,sid=26) type=4005
03-22 00:50:13[DEBUG]-LinkServer:DispatchUnknownProtocol:user(id=5,sid=26) send Dispatch ok,pvid=12,type=4001
03-22 00:50:13[DEBUG]-LinkServer:DispatchUnknownProtocol:user(id=5,sid=26) send Dispatch ok,pvid=12,type=4001
03-22 00:50:14[DEBUG]-LinkServer:DispatchUnknownProtocol:user(id=5,sid=26) send Dispatch ok,pvid=12,type=4003
03-22 00:50:14[DEBUG]-LinkServer:DispatchUnknownProtocol:user(id=5,sid=26) send Dispatch ok,pvid=12,type=4003
03-22 00:50:15[DEBUG]-LinkServer:DispatchUnknownProtocol:user(id=5,sid=26) send Dispatch ok,pvid=12,type=4003
03-22 00:50:15[DEBUG]-KeepAlive:Process:user(id=5) code=114883,sid=26
03-22 00:50:15[DEBUG]-LinkServer:DispatchUnknownProtocol:user(id=5,sid=26) send Dispatch ok,pvid=12,type=4003
03-22 00:50:16[DEBUG]-LinkServer:DispatchUnknownProtocol:user(id=5,sid=26) send Dispatch ok,pvid=12,type=4003
03-22 00:50:16[DEBUG]-LinkServer:DispatchUnknownProtocol:user(id=5,sid=26) send Dispatch ok,pvid=12,type=4003
03-22 00:50:16[DEBUG]-LinkServer:DispatchUnknownProtocol:user(id=5,sid=26) send Dispatch ok,pvid=12,type=4001
03-22 00:50:16[DEBUG]-LinkServer:DispatchUnknownProtocol:user(id=5,sid=26) send Dispatch ok,pvid=12,type=9001
03-22 00:50:16[DEBUG]-Send:Process:user(id=5,sid=26) type=9002
03-22 00:50:16[DEBUG]-LinkServer:DispatchUnknownProtocol:user(id=5,sid=26) send Dispatch ok,pvid=12,type=4010
03-22 00:50:16[DEBUG]-LinkServer:DispatchUnknownProtocol:user(id=5,sid=26) send Dispatch ok,pvid=12,type=4010
03-22 00:50:18[DEBUG]-KeepAlive:Process:user(id=5) code=118537,sid=26
03-22 00:50:20[DEBUG]-LinkServer:DispatchUnknownProtocol:user(id=5,sid=26) send Dispatch ok,pvid=12,type=19012
03-22 00:50:20[DEBUG]-Send:Process:user(id=5,sid=26) type=19015
03-22 00:50:20[DEBUG]-Send:Process:user(id=5,sid=26) type=19013
03-22 00:50:20[DEBUG]-Send:Process:user(id=5,sid=26) type=6015
03-22 00:50:20[DEBUG]-Send:Process:user(id=5,sid=26) type=13
03-22 00:50:20[DEBUG]-Send:Process:user(id=5,sid=26) type=1018
03-22 00:50:20[DEBUG]-Send:Process:user(id=5,sid=26) type=6005
03-22 00:50:20[DEBUG]-Send:Process:user(id=5,sid=26) type=19017
03-22 00:50:22[DEBUG]-KeepAlive:Process:user(id=5) code=121953,sid=26
03-22 00:50:22[DEBUG]-LinkServer:DispatchUnknownProtocol:user(id=5,sid=26) send Dispatch ok,pvid=12,type=19084
03-22 00:50:22[DEBUG]-Send:Process:user(id=5,sid=26) type=4009
03-22 00:50:22[DEBUG]-Send:Process:user(id=5,sid=26) type=4006
03-22 00:50:22[DEBUG]-Send:Process:user(id=5,sid=26) type=4005
03-22 00:50:23[DEBUG]-LinkServer:DispatchUnknownProtocol:user(id=5,sid=26) send Dispatch ok,pvid=12,type=4001
03-22 00:50:23[DEBUG]-LinkServer:DispatchUnknownProtocol:user(id=5,sid=26) send Dispatch ok,pvid=12,type=4003
03-22 00:50:24[DEBUG]-LinkServer:DispatchUnknownProtocol:user(id=5,sid=26) send Dispatch ok,pvid=12,type=4003
03-22 00:50:24[DEBUG]-CheckTimer:CheckConnection:===========
03-22 00:50:24[DEBUG]-CheckTimer:CheckConnection:user(id=5,sid=26) alivetime:15.
03-22 00:50:24[DEBUG]-Send:Process:user(id=5,sid=26) type=4006
03-22 00:50:24[DEBUG]-Send:Process:user(id=5,sid=26) type=4005
03-22 00:50:24[DEBUG]-KeepAlive:Process:user(id=5) code=123975,sid=26
03-22 00:50:24[DEBUG]-LinkServer:DispatchUnknownProtocol:user(id=5,sid=26) send Dispatch ok,pvid=12,type=4003
03-22 00:50:25[DEBUG]-LinkServer:DispatchUnknownProtocol:user(id=5,sid=26) send Dispatch ok,pvid=12,type=4003
03-22 00:50:25[DEBUG]-LinkServer:DispatchUnknownProtocol:user(id=5,sid=26) send Dispatch ok,pvid=12,type=4003
03-22 00:50:26[DEBUG]-LinkServer:DispatchUnknownProtocol:user(id=5,sid=26) send Dispatch ok,pvid=12,type=4003
03-22 00:50:26[DEBUG]-LinkServer:DispatchUnknownProtocol:user(id=5,sid=26) send Dispatch ok,pvid=12,type=4003
03-22 00:50:27[DEBUG]-LinkServer:DispatchUnknownProtocol:user(id=5,sid=26) send Dispatch ok,pvid=12,type=4003
03-22 00:50:27[DEBUG]-LinkServer:DispatchUnknownProtocol:user(id=5,sid=26) send Dispatch ok,pvid=12,type=4003
03-22 00:50:27[DEBUG]-KeepAlive:Process:user(id=5) code=127475,sid=26
03-22 00:50:28[DEBUG]-LinkServer:DispatchUnknownProtocol:user(id=5,sid=26) send Dispatch ok,pvid=12,type=4003
03-22 00:50:28[DEBUG]-Broadcast:Process:type=7
03-22 00:50:28[DEBUG]-LinkServer:DispatchUnknownProtocol:user(id=5,sid=26) send Dispatch ok,pvid=12,type=4003
03-22 00:50:29[DEBUG]-LinkServer:DispatchUnknownProtocol:user(id=5,sid=26) send Dispatch ok,pvid=12,type=4003
03-22 00:50:29[DEBUG]-LinkServer:DispatchUnknownProtocol:user(id=5,sid=26) send Dispatch ok,pvid=12,type=4003
03-22 00:50:30[DEBUG]-LinkServer:DispatchUnknownProtocol:user(id=5,sid=26) send Dispatch ok,pvid=12,type=4003
03-22 00:50:30[DEBUG]-LinkServer:DispatchUnknownProtocol:user(id=5,sid=26) send Dispatch ok,pvid=12,type=4003
03-22 00:50:30[DEBUG]-KeepAlive:Process:user(id=5) code=130504,sid=26
03-22 00:50:31[DEBUG]-LinkServer:DispatchUnknownProtocol:user(id=5,sid=26) send Dispatch ok,pvid=12,type=4003
03-22 00:50:31[DEBUG]-LinkServer:DispatchUnknownProtocol:user(id=5,sid=26) send Dispatch ok,pvid=12,type=4003
03-22 00:50:31[DEBUG]-LinkServer:DispatchUnknownProtocol:user(id=5,sid=26) send Dispatch ok,pvid=12,type=4010
03-22 00:50:31[DEBUG]-LinkServer:DispatchUnknownProtocol:user(id=5,sid=26) send Dispatch ok,pvid=12,type=4001
03-22 00:50:32[DEBUG]-LinkServer:DispatchUnknownProtocol:user(id=5,sid=26) send Dispatch ok,pvid=12,type=4003
03-22 00:50:32[DEBUG]-LinkServer:DispatchUnknownProtocol:user(id=5,sid=26) send Dispatch ok,pvid=12,type=4003
03-22 00:50:32[DEBUG]-Send:Process:user(id=5,sid=26) type=4006
03-22 00:50:32[DEBUG]-Send:Process:user(id=5,sid=26) type=4005
03-22 00:50:33[DEBUG]-LinkServer:DispatchUnknownProtocol:user(id=5,sid=26) send Dispatch ok,pvid=12,type=4003
03-22 00:50:33[DEBUG]-LinkServer:DispatchUnknownProtocol:user(id=5,sid=26) send Dispatch ok,pvid=12,type=4003
03-22 00:50:33[DEBUG]-KeepAlive:Process:user(id=5) code=133525,sid=26
03-22 00:50:34[DEBUG]-LinkServer:DispatchUnknownProtocol:user(id=5,sid=26) send Dispatch ok,pvid=12,type=4003
03-22 00:50:34[DEBUG]-LinkServer:DispatchUnknownProtocol:user(id=5,sid=26) send Dispatch ok,pvid=12,type=4010
03-22 00:50:37[DEBUG]-KeepAlive:Process:user(id=5) code=137065,sid=26
03-22 00:50:39[DEBUG]-CheckTimer:CheckConnection:===========
03-22 00:50:39[DEBUG]-CheckTimer:CheckConnection:user(id=5,sid=26) alivetime:15.
03-22 00:50:40[DEBUG]-KeepAlive:Process:user(id=5) code=140108,sid=26
03-22 00:50:43[DEBUG]-KeepAlive:Process:user(id=5) code=143156,sid=26
03-22 00:50:46[DEBUG]-KeepAlive:Process:user(id=5) code=146226,sid=26
03-22 00:50:48[DEBUG]-LinkServer:DispatchUnknownProtocol:user(id=5,sid=26) send Dispatch ok,pvid=12,type=4001
03-22 00:50:48[DEBUG]-KeepAlive:Process:user(id=5) code=148324,sid=26
03-22 00:50:48[DEBUG]-LinkServer:DispatchUnknownProtocol:user(id=5,sid=26) send Dispatch ok,pvid=12,type=4001
03-22 00:50:48[DEBUG]-LinkServer:DispatchUnknownProtocol:user(id=5,sid=26) send Dispatch ok,pvid=12,type=9001
03-22 00:50:48[DEBUG]-Send:Process:user(id=5,sid=26) type=9002
03-22 00:50:48[DEBUG]-LinkServer:DispatchUnknownProtocol:user(id=5,sid=26) send Dispatch ok,pvid=12,type=4010
03-22 00:50:48[DEBUG]-LinkServer:DispatchUnknownProtocol:user(id=5,sid=26) send Dispatch ok,pvid=12,type=4010
03-22 00:50:49[DEBUG]-LinkServer:DispatchUnknownProtocol:user(id=5,sid=26) send Dispatch ok,pvid=12,type=19012
03-22 00:50:49[DEBUG]-Send:Process:user(id=5,sid=26) type=19015
03-22 00:50:49[DEBUG]-Send:Process:user(id=5,sid=26) type=6015
03-22 00:50:49[DEBUG]-Send:Process:user(id=5,sid=26) type=13
03-22 00:50:49[DEBUG]-Send:Process:user(id=5,sid=26) type=1018
03-22 00:50:49[DEBUG]-Send:Process:user(id=5,sid=26) type=6005
03-22 00:50:49[DEBUG]-Send:Process:user(id=5,sid=26) type=19025
03-22 00:50:51[DEBUG]-LinkServer:DispatchUnknownProtocol:user(id=5,sid=26) send Dispatch ok,pvid=12,type=19084
03-22 00:50:51[DEBUG]-Send:Process:user(id=5,sid=26) type=4009
03-22 00:50:51[DEBUG]-Send:Process:user(id=5,sid=26) type=4006
03-22 00:50:51[DEBUG]-Send:Process:user(id=5,sid=26) type=4005
03-22 00:50:51[DEBUG]-LinkServer:DispatchUnknownProtocol:user(id=5,sid=26) send Dispatch ok,pvid=12,type=4001
03-22 00:50:52[DEBUG]-LinkServer:DispatchUnknownProtocol:user(id=5,sid=26) send Dispatch ok,pvid=12,type=4003
03-22 00:50:52[DEBUG]-KeepAlive:Process:user(id=5) code=152043,sid=26
03-22 00:50:52[DEBUG]-LinkServer:DispatchUnknownProtocol:user(id=5,sid=26) send Dispatch ok,pvid=12,type=4003
03-22 00:50:53[DEBUG]-LinkServer:DispatchUnknownProtocol:user(id=5,sid=26) send Dispatch ok,pvid=12,type=4003
03-22 00:50:53[DEBUG]-LinkServer:DispatchUnknownProtocol:user(id=5,sid=26) send Dispatch ok,pvid=12,type=4003
03-22 00:50:54[DEBUG]-LinkServer:DispatchUnknownProtocol:user(id=5,sid=26) send Dispatch ok,pvid=12,type=4003
03-22 00:50:54[DEBUG]-CheckTimer:CheckConnection:===========
03-22 00:50:54[DEBUG]-CheckTimer:CheckConnection:user(id=5,sid=26) alivetime:15.
03-22 00:50:54[DEBUG]-LinkServer:DispatchUnknownProtocol:user(id=5,sid=26) send Dispatch ok,pvid=12,type=4003
03-22 00:50:55[DEBUG]-LinkServer:DispatchUnknownProtocol:user(id=5,sid=26) send Dispatch ok,pvid=12,type=4003
03-22 00:50:55[DEBUG]-KeepAlive:Process:user(id=5) code=155085,sid=26
03-22 00:50:55[DEBUG]-LinkServer:DispatchUnknownProtocol:user(id=5,sid=26) send Dispatch ok,pvid=12,type=4003
03-22 00:50:56[DEBUG]-LinkServer:DispatchUnknownProtocol:user(id=5,sid=26) send Dispatch ok,pvid=12,type=4003
03-22 00:50:56[DEBUG]-LinkServer:DispatchUnknownProtocol:user(id=5,sid=26) send Dispatch ok,pvid=12,type=23944
03-22 00:50:56[DEBUG]-LinkServer:DispatchUnknownProtocol:user(id=5,sid=26) send Dispatch ok,pvid=12,type=4003
03-22 00:50:56[DEBUG]-LinkServer:DispatchUnknownProtocol:user(id=5,sid=26) send Dispatch ok,pvid=12,type=4001
03-22 00:50:57[DEBUG]-LinkServer:DispatchUnknownProtocol:user(id=5,sid=26) send Dispatch ok,pvid=12,type=4003
03-22 00:50:57[DEBUG]-LinkServer:DispatchUnknownProtocol:user(id=5,sid=26) send Dispatch ok,pvid=12,type=4003
03-22 00:50:57[DEBUG]-Send:Process:user(id=5,sid=26) type=4005
03-22 00:50:57[DEBUG]-KeepAlive:Process:user(id=5) code=157667,sid=26
03-22 00:50:58[DEBUG]-LinkServer:DispatchUnknownProtocol:user(id=5,sid=26) send Dispatch ok,pvid=12,type=4003
03-22 00:50:58[DEBUG]-LinkServer:DispatchUnknownProtocol:user(id=5,sid=26) send Dispatch ok,pvid=12,type=4003
03-22 00:50:59[DEBUG]-LinkServer:DispatchUnknownProtocol:user(id=5,sid=26) send Dispatch ok,pvid=12,type=4003
03-22 00:50:59[DEBUG]-LinkServer:DispatchUnknownProtocol:user(id=5,sid=26) send Dispatch ok,pvid=12,type=4003
03-22 00:51:00[DEBUG]-LinkServer:DispatchUnknownProtocol:user(id=5,sid=26) send Dispatch ok,pvid=12,type=4003
03-22 00:51:00[DEBUG]-LinkServer:DispatchUnknownProtocol:user(id=5,sid=26) send Dispatch ok,pvid=12,type=4003
03-22 00:51:00[DEBUG]-LinkServer:DispatchUnknownProtocol:user(id=5,sid=26) send Dispatch ok,pvid=12,type=4001
03-22 00:51:00[DEBUG]-LinkServer:DispatchUnknownProtocol:user(id=5,sid=26) send Dispatch ok,pvid=12,type=4007
03-22 00:51:00[DEBUG]-LinkServer:DispatchUnknownProtocol:user(id=5,sid=26) send Dispatch ok,pvid=12,type=9001
03-22 00:51:00[DEBUG]-KeepAlive:Process:user(id=5) code=160783,sid=26
03-22 00:51:00[DEBUG]-Send:Process:user(id=5,sid=26) type=9002
03-22 00:51:01[DEBUG]-LinkServer:DispatchUnknownProtocol:user(id=5,sid=26) send Dispatch ok,pvid=12,type=4010
03-22 00:51:01[DEBUG]-LinkServer:DispatchUnknownProtocol:user(id=5,sid=26) send Dispatch ok,pvid=12,type=4010
03-22 00:51:03[DEBUG]-LinkServer:DispatchUnknownProtocol:user(id=5,sid=26) send Dispatch ok,pvid=12,type=19012
03-22 00:51:03[DEBUG]-Send:Process:user(id=5,sid=26) type=19015
03-22 00:51:03[DEBUG]-Send:Process:user(id=5,sid=26) type=19013
03-22 00:51:03[DEBUG]-Send:Process:user(id=5,sid=26) type=6015
03-22 00:51:03[DEBUG]-Send:Process:user(id=5,sid=26) type=13
03-22 00:51:03[DEBUG]-Send:Process:user(id=5,sid=26) type=1018
03-22 00:51:03[DEBUG]-Send:Process:user(id=5,sid=26) type=6005
03-22 00:51:03[DEBUG]-Send:Process:user(id=5,sid=26) type=19017
03-22 00:51:04[DEBUG]-KeepAlive:Process:user(id=5) code=164690,sid=26
03-22 00:51:05[DEBUG]-LinkServer:DispatchUnknownProtocol:user(id=5,sid=26) send Dispatch ok,pvid=12,type=19084
03-22 00:51:05[DEBUG]-Send:Process:user(id=5,sid=26) type=4009
03-22 00:51:05[DEBUG]-Send:Process:user(id=5,sid=26) type=4006
03-22 00:51:05[DEBUG]-Send:Process:user(id=5,sid=26) type=4005
03-22 00:51:06[DEBUG]-LinkServer:DispatchUnknownProtocol:user(id=5,sid=26) send Dispatch ok,pvid=12,type=4001
03-22 00:51:06[DEBUG]-LinkServer:DispatchUnknownProtocol:user(id=5,sid=26) send Dispatch ok,pvid=12,type=4003
03-22 00:51:07[DEBUG]-LinkServer:DispatchUnknownProtocol:user(id=5,sid=26) send Dispatch ok,pvid=12,type=4003
03-22 00:51:07[DEBUG]-Send:Process:user(id=5,sid=26) type=4006
03-22 00:51:07[DEBUG]-Send:Process:user(id=5,sid=26) type=4005
03-22 00:51:07[DEBUG]-KeepAlive:Process:user(id=5) code=167121,sid=26
03-22 00:51:07[DEBUG]-LinkServer:DispatchUnknownProtocol:user(id=5,sid=26) send Dispatch ok,pvid=12,type=4003
03-22 00:51:08[DEBUG]-LinkServer:DispatchUnknownProtocol:user(id=5,sid=26) send Dispatch ok,pvid=12,type=4003
03-22 00:51:08[DEBUG]-LinkServer:DispatchUnknownProtocol:user(id=5,sid=26) send Dispatch ok,pvid=12,type=4003
03-22 00:51:09[DEBUG]-LinkServer:DispatchUnknownProtocol:user(id=5,sid=26) send Dispatch ok,pvid=12,type=4003
03-22 00:51:09[DEBUG]-CheckTimer:CheckConnection:===========
03-22 00:51:09[DEBUG]-CheckTimer:CheckConnection:user(id=5,sid=26) alivetime:15.
03-22 00:51:09[DEBUG]-LinkServer:DispatchUnknownProtocol:user(id=5,sid=26) send Dispatch ok,pvid=12,type=4003
03-22 00:51:10[DEBUG]-LinkServer:DispatchUnknownProtocol:user(id=5,sid=26) send Dispatch ok,pvid=12,type=4003
03-22 00:51:10[DEBUG]-LinkServer:DispatchUnknownProtocol:user(id=5,sid=26) send Dispatch ok,pvid=12,type=4003
03-22 00:51:10[DEBUG]-KeepAlive:Process:user(id=5) code=170638,sid=26
03-22 00:51:11[DEBUG]-LinkServer:DispatchUnknownProtocol:user(id=5,sid=26) send Dispatch ok,pvid=12,type=4003
03-22 00:51:11[DEBUG]-LinkServer:DispatchUnknownProtocol:user(id=5,sid=26) send Dispatch ok,pvid=12,type=4003
03-22 00:51:12[DEBUG]-LinkServer:DispatchUnknownProtocol:user(id=5,sid=26) send Dispatch ok,pvid=12,type=4003
03-22 00:51:12[DEBUG]-LinkServer:DispatchUnknownProtocol:user(id=5,sid=26) send Dispatch ok,pvid=12,type=4003
03-22 00:51:13[DEBUG]-LinkServer:DispatchUnknownProtocol:user(id=5,sid=26) send Dispatch ok,pvid=12,type=4003
03-22 00:51:13[DEBUG]-LinkServer:DispatchUnknownProtocol:user(id=5,sid=26) send Dispatch ok,pvid=12,type=4003
03-22 00:51:13[DEBUG]-KeepAlive:Process:user(id=5) code=173676,sid=26
03-22 00:51:14[DEBUG]-LinkServer:DispatchUnknownProtocol:user(id=5,sid=26) send Dispatch ok,pvid=12,type=4003
03-22 00:51:14[DEBUG]-LinkServer:DispatchUnknownProtocol:user(id=5,sid=26) send Dispatch ok,pvid=12,type=4003
03-22 00:51:15[DEBUG]-LinkServer:DispatchUnknownProtocol:user(id=5,sid=26) send Dispatch ok,pvid=12,type=4003
03-22 00:51:15[DEBUG]-Send:Process:user(id=5,sid=26) type=4006
03-22 00:51:15[DEBUG]-Send:Process:user(id=5,sid=26) type=4005
03-22 00:51:15[DEBUG]-LinkServer:DispatchUnknownProtocol:user(id=5,sid=26) send Dispatch ok,pvid=12,type=4003
03-22 00:51:16[DEBUG]-LinkServer:DispatchUnknownProtocol:user(id=5,sid=26) send Dispatch ok,pvid=12,type=4003
03-22 00:51:16[DEBUG]-Send:Process:user(id=5,sid=26) type=4006
03-22 00:51:16[DEBUG]-Send:Process:user(id=5,sid=26) type=4005
03-22 00:51:16[DEBUG]-KeepAlive:Process:user(id=5) code=176233,sid=26
03-22 00:51:16[DEBUG]-LinkServer:DispatchUnknownProtocol:user(id=5,sid=26) send Dispatch ok,pvid=12,type=4003
03-22 00:51:17[DEBUG]-LinkServer:DispatchUnknownProtocol:user(id=5,sid=26) send Dispatch ok,pvid=12,type=4003
03-22 00:51:17[DEBUG]-LinkServer:DispatchUnknownProtocol:user(id=5,sid=26) send Dispatch ok,pvid=12,type=4003
03-22 00:51:18[DEBUG]-LinkServer:DispatchUnknownProtocol:user(id=5,sid=26) send Dispatch ok,pvid=12,type=4003
03-22 00:51:18[DEBUG]-LinkServer:DispatchUnknownProtocol:user(id=5,sid=26) send Dispatch ok,pvid=12,type=4003
03-22 00:51:19[DEBUG]-LinkServer:DispatchUnknownProtocol:user(id=5,sid=26) send Dispatch ok,pvid=12,type=4001
03-22 00:51:19[DEBUG]-LinkServer:DispatchUnknownProtocol:user(id=5,sid=26) send Dispatch ok,pvid=12,type=9001
03-22 00:51:19[DEBUG]-Send:Process:user(id=5,sid=26) type=9002
03-22 00:51:19[DEBUG]-LinkServer:DispatchUnknownProtocol:user(id=5,sid=26) send Dispatch ok,pvid=12,type=4010
03-22 00:51:19[DEBUG]-LinkServer:DispatchUnknownProtocol:user(id=5,sid=26) send Dispatch ok,pvid=12,type=4010
03-22 00:51:21[DEBUG]-KeepAlive:Process:user(id=5) code=181053,sid=26
03-22 00:51:24[DEBUG]-CheckTimer:CheckConnection:===========
03-22 00:51:24[DEBUG]-CheckTimer:CheckConnection:user(id=5,sid=26) alivetime:15.
03-22 00:51:24[DEBUG]-KeepAlive:Process:user(id=5) code=184094,sid=26
03-22 00:51:27[DEBUG]-KeepAlive:Process:user(id=5) code=187156,sid=26
03-22 00:51:30[DEBUG]-KeepAlive:Process:user(id=5) code=190207,sid=26
03-22 00:51:33[DEBUG]-KeepAlive:Process:user(id=5) code=193260,sid=26
03-22 00:51:36[DEBUG]-KeepAlive:Process:user(id=5) code=196327,sid=26
03-22 00:51:39[DEBUG]-CheckTimer:CheckConnection:===========
03-22 00:51:39[DEBUG]-CheckTimer:CheckConnection:user(id=5,sid=26) alivetime:15.
03-22 00:51:39[DEBUG]-KeepAlive:Process:user(id=5) code=199381,sid=26
03-22 00:51:42[DEBUG]-KeepAlive:Process:user(id=5) code=202433,sid=26
03-22 00:51:45[DEBUG]-KeepAlive:Process:user(id=5) code=205481,sid=26
03-22 00:51:48[DEBUG]-KeepAlive:Process:user(id=5) code=208530,sid=26
03-22 00:51:51[DEBUG]-KeepAlive:Process:user(id=5) code=211596,sid=26
03-22 00:51:54[DEBUG]-CheckTimer:CheckConnection:===========
03-22 00:51:54[DEBUG]-CheckTimer:CheckConnection:user(id=5,sid=26) alivetime:15.
03-22 00:51:54[DEBUG]-KeepAlive:Process:user(id=5) code=214651,sid=26
03-22 00:51:57[DEBUG]-LinkServer:DispatchUnknownProtocol:user(id=5,sid=26) send Dispatch ok,pvid=12,type=23944
03-22 00:51:57[DEBUG]-KeepAlive:Process:user(id=5) code=217041,sid=26
03-22 00:52:01[DEBUG]-KeepAlive:Process:user(id=5) code=221094,sid=26
03-22 00:52:01[DEBUG]-LinkServer:DispatchUnknownProtocol:user(id=5,sid=26) send Dispatch ok,pvid=12,type=19012
03-22 00:52:01[DEBUG]-Send:Process:user(id=5,sid=26) type=19015
03-22 00:52:01[DEBUG]-Send:Process:user(id=5,sid=26) type=19013
03-22 00:52:01[DEBUG]-Send:Process:user(id=5,sid=26) type=6015
03-22 00:52:01[DEBUG]-Send:Process:user(id=5,sid=26) type=13
03-22 00:52:01[DEBUG]-Send:Process:user(id=5,sid=26) type=1018
03-22 00:52:01[DEBUG]-Send:Process:user(id=5,sid=26) type=6005
03-22 00:52:01[DEBUG]-Send:Process:user(id=5,sid=26) type=19017
03-22 00:52:04[DEBUG]-KeepAlive:Process:user(id=5) code=224401,sid=26
03-22 00:52:07[DEBUG]-KeepAlive:Process:user(id=5) code=227461,sid=26
03-22 00:52:09[DEBUG]-CheckTimer:CheckConnection:===========
03-22 00:52:09[DEBUG]-CheckTimer:CheckConnection:user(id=5,sid=26) alivetime:15.
03-22 00:52:10[DEBUG]-KeepAlive:Process:user(id=5) code=230505,sid=26
03-22 00:52:13[DEBUG]-KeepAlive:Process:user(id=5) code=233548,sid=26
03-22 00:52:16[DEBUG]-KeepAlive:Process:user(id=5) code=236593,sid=26
03-22 00:52:19[DEBUG]-KeepAlive:Process:user(id=5) code=239645,sid=26
03-22 00:52:22[DEBUG]-KeepAlive:Process:user(id=5) code=242699,sid=26
03-22 00:52:24[DEBUG]-CheckTimer:CheckConnection:===========
03-22 00:52:24[DEBUG]-CheckTimer:CheckConnection:user(id=5,sid=26) alivetime:15.
03-22 00:52:25[DEBUG]-KeepAlive:Process:user(id=5) code=245752,sid=26
03-22 00:52:29[DEBUG]-KeepAlive:Process:user(id=5) code=248806,sid=26
03-22 00:52:32[DEBUG]-KeepAlive:Process:user(id=5) code=251857,sid=26
03-22 00:52:35[DEBUG]-KeepAlive:Process:user(id=5) code=254917,sid=26
03-22 00:52:38[DEBUG]-KeepAlive:Process:user(id=5) code=257958,sid=26
03-22 00:52:39[DEBUG]-CheckTimer:CheckConnection:===========
03-22 00:52:39[DEBUG]-CheckTimer:CheckConnection:user(id=5,sid=26) alivetime:15.
03-22 00:52:41[DEBUG]-KeepAlive:Process:user(id=5) code=261002,sid=26
03-22 00:52:44[DEBUG]-KeepAlive:Process:user(id=5) code=264052,sid=26
03-22 00:52:47[DEBUG]-KeepAlive:Process:user(id=5) code=267096,sid=26
03-22 00:52:50[DEBUG]-KeepAlive:Process:user(id=5) code=270145,sid=26
03-22 00:52:53[DEBUG]-KeepAlive:Process:user(id=5) code=273190,sid=26
03-22 00:52:54[DEBUG]-CheckTimer:CheckConnection:===========
03-22 00:52:54[DEBUG]-CheckTimer:CheckConnection:user(id=5,sid=26) alivetime:15.
03-22 00:52:56[DEBUG]-KeepAlive:Process:user(id=5) code=276235,sid=26
03-22 00:52:57[DEBUG]-LinkServer:DispatchUnknownProtocol:user(id=5,sid=26) send Dispatch ok,pvid=12,type=23944
03-22 00:52:58[DEBUG]-Broadcast:Process:type=7
03-22 00:52:59[DEBUG]-KeepAlive:Process:user(id=5) code=279484,sid=26
03-22 00:53:02[DEBUG]-KeepAlive:Process:user(id=5) code=282533,sid=26
03-22 00:53:05[DEBUG]-KeepAlive:Process:user(id=5) code=285580,sid=26
03-22 00:53:08[DEBUG]-KeepAlive:Process:user(id=5) code=288632,sid=26
03-22 00:53:09[DEBUG]-CheckTimer:CheckConnection:===========
03-22 00:53:09[DEBUG]-CheckTimer:CheckConnection:user(id=5,sid=26) alivetime:15.
03-22 00:53:11[DEBUG]-KeepAlive:Process:user(id=5) code=291682,sid=26
03-22 00:53:14[DEBUG]-KeepAlive:Process:user(id=5) code=294732,sid=26
03-22 00:53:17[DEBUG]-KeepAlive:Process:user(id=5) code=297777,sid=26
03-22 00:53:21[DEBUG]-KeepAlive:Process:user(id=5) code=300825,sid=26
03-22 00:53:24[DEBUG]-CheckTimer:CheckConnection:===========
03-22 00:53:24[DEBUG]-CheckTimer:CheckConnection:user(id=5,sid=26) alivetime:15.
03-22 00:53:24[DEBUG]-KeepAlive:Process:user(id=5) code=303897,sid=26
03-22 00:53:27[DEBUG]-KeepAlive:Process:user(id=5) code=306952,sid=26
03-22 00:53:30[DEBUG]-KeepAlive:Process:user(id=5) code=309988,sid=26
03-22 00:53:33[DEBUG]-KeepAlive:Process:user(id=5) code=313051,sid=26
03-22 00:53:36[DEBUG]-KeepAlive:Process:user(id=5) code=316111,sid=26
03-22 00:53:39[DEBUG]-CheckTimer:CheckConnection:===========
03-22 00:53:39[DEBUG]-CheckTimer:CheckConnection:user(id=5,sid=26) alivetime:15.
03-22 00:53:39[DEBUG]-KeepAlive:Process:user(id=5) code=319158,sid=26
03-22 00:53:42[DEBUG]-KeepAlive:Process:user(id=5) code=322215,sid=26
03-22 00:53:45[DEBUG]-KeepAlive:Process:user(id=5) code=325284,sid=26
03-22 00:53:48[DEBUG]-KeepAlive:Process:user(id=5) code=328322,sid=26
03-22 00:53:51[DEBUG]-KeepAlive:Process:user(id=5) code=331367,sid=26
03-22 00:53:54[DEBUG]-CheckTimer:CheckConnection:===========
03-22 00:53:54[DEBUG]-CheckTimer:CheckConnection:user(id=5,sid=26) alivetime:15.
03-22 00:53:54[DEBUG]-KeepAlive:Process:user(id=5) code=334422,sid=26
03-22 00:53:57[DEBUG]-LinkServer:DispatchUnknownProtocol:user(id=5,sid=26) send Dispatch ok,pvid=12,type=23944
03-22 00:53:57[DEBUG]-KeepAlive:Process:user(id=5) code=337039,sid=26
03-22 00:54:01[DEBUG]-KeepAlive:Process:user(id=5) code=341093,sid=26
03-22 00:54:04[DEBUG]-KeepAlive:Process:user(id=5) code=344150,sid=26
03-22 00:54:07[DEBUG]-KeepAlive:Process:user(id=5) code=347200,sid=26
03-22 00:54:09[DEBUG]-CheckTimer:CheckConnection:===========
03-22 00:54:09[DEBUG]-CheckTimer:CheckConnection:user(id=5,sid=26) alivetime:15.
03-22 00:54:10[DEBUG]-KeepAlive:Process:user(id=5) code=350254,sid=26
03-22 00:54:13[DEBUG]-KeepAlive:Process:user(id=5) code=353285,sid=26
03-22 00:54:16[DEBUG]-KeepAlive:Process:user(id=5) code=356335,sid=26
03-22 00:54:19[DEBUG]-KeepAlive:Process:user(id=5) code=359380,sid=26
03-22 00:54:22[DEBUG]-KeepAlive:Process:user(id=5) code=362435,sid=26
03-22 00:54:24[DEBUG]-CheckTimer:CheckConnection:===========
03-22 00:54:24[DEBUG]-CheckTimer:CheckConnection:user(id=5,sid=26) alivetime:15.
03-22 00:54:25[DEBUG]-KeepAlive:Process:user(id=5) code=365499,sid=26
03-22 00:54:28[DEBUG]-KeepAlive:Process:user(id=5) code=368542,sid=26
03-22 00:54:31[DEBUG]-KeepAlive:Process:user(id=5) code=371598,sid=26
03-22 00:54:34[DEBUG]-KeepAlive:Process:user(id=5) code=374644,sid=26
03-22 00:54:37[DEBUG]-KeepAlive:Process:user(id=5) code=377690,sid=26
03-22 00:54:39[DEBUG]-CheckTimer:CheckConnection:===========
03-22 00:54:39[DEBUG]-CheckTimer:CheckConnection:user(id=5,sid=26) alivetime:15.
03-22 00:54:40[DEBUG]-KeepAlive:Process:user(id=5) code=380741,sid=26
03-22 00:54:43[DEBUG]-KeepAlive:Process:user(id=5) code=383791,sid=26
03-22 00:54:47[DEBUG]-KeepAlive:Process:user(id=5) code=386848,sid=26
03-22 00:54:50[DEBUG]-KeepAlive:Process:user(id=5) code=389896,sid=26
03-22 00:54:53[DEBUG]-KeepAlive:Process:user(id=5) code=392935,sid=26
03-22 00:54:54[DEBUG]-CheckTimer:CheckConnection:===========
03-22 00:54:54[DEBUG]-CheckTimer:CheckConnection:user(id=5,sid=26) alivetime:15.
03-22 00:54:56[DEBUG]-KeepAlive:Process:user(id=5) code=395984,sid=26
03-22 00:54:57[DEBUG]-LinkServer:DispatchUnknownProtocol:user(id=5,sid=26) send Dispatch ok,pvid=12,type=23944
03-22 00:54:59[DEBUG]-KeepAlive:Process:user(id=5) code=399064,sid=26
03-22 00:55:02[DEBUG]-KeepAlive:Process:user(id=5) code=402110,sid=26
03-22 00:55:02[DEBUG]-LinkServer:DispatchUnknownProtocol:user(id=5,sid=26) send Dispatch ok,pvid=12,type=58
03-22 00:55:05[DEBUG]-KeepAlive:Process:user(id=5) code=405154,sid=26
03-22 00:55:08[DEBUG]-KeepAlive:Process:user(id=5) code=408213,sid=26
03-22 00:55:09[DEBUG]-CheckTimer:CheckConnection:===========
03-22 00:55:09[DEBUG]-CheckTimer:CheckConnection:user(id=5,sid=26) alivetime:15.
03-22 00:55:11[DEBUG]-KeepAlive:Process:user(id=5) code=411262,sid=26
03-22 00:55:14[DEBUG]-KeepAlive:Process:user(id=5) code=414305,sid=26
03-22 00:55:17[DEBUG]-KeepAlive:Process:user(id=5) code=417350,sid=26
03-22 00:55:20[DEBUG]-KeepAlive:Process:user(id=5) code=420402,sid=26
03-22 00:55:23[DEBUG]-KeepAlive:Process:user(id=5) code=423444,sid=26
03-22 00:55:24[DEBUG]-CheckTimer:CheckConnection:===========
03-22 00:55:24[DEBUG]-CheckTimer:CheckConnection:user(id=5,sid=26) alivetime:15.
03-22 00:55:26[DEBUG]-KeepAlive:Process:user(id=5) code=426499,sid=26
03-22 00:55:28[DEBUG]-Broadcast:Process:type=7
03-22 00:55:30[DEBUG]-KeepAlive:Process:user(id=5) code=430494,sid=26
03-22 00:55:33[DEBUG]-KeepAlive:Process:user(id=5) code=433524,sid=26
03-22 00:55:36[DEBUG]-KeepAlive:Process:user(id=5) code=436568,sid=26
03-22 00:55:39[DEBUG]-CheckTimer:CheckConnection:===========
03-22 00:55:39[DEBUG]-CheckTimer:CheckConnection:user(id=5,sid=26) alivetime:15.
03-22 00:55:39[DEBUG]-KeepAlive:Process:user(id=5) code=439620,sid=26
03-22 00:55:42[DEBUG]-KeepAlive:Process:user(id=5) code=442684,sid=26
03-22 00:55:45[DEBUG]-KeepAlive:Process:user(id=5) code=445743,sid=26
03-22 00:55:48[DEBUG]-KeepAlive:Process:user(id=5) code=448785,sid=26
03-22 00:55:52[DEBUG]-KeepAlive:Process:user(id=5) code=451840,sid=26
03-22 00:55:54[DEBUG]-CheckTimer:CheckConnection:===========
03-22 00:55:54[DEBUG]-CheckTimer:CheckConnection:user(id=5,sid=26) alivetime:15.
03-22 00:55:55[DEBUG]-KeepAlive:Process:user(id=5) code=454894,sid=26
03-22 00:55:57[DEBUG]-LinkServer:DispatchUnknownProtocol:user(id=5,sid=26) send Dispatch ok,pvid=12,type=23944
03-22 00:55:57[DEBUG]-KeepAlive:Process:user(id=5) code=457040,sid=26
03-22 00:56:01[DEBUG]-KeepAlive:Process:user(id=5) code=461095,sid=26
03-22 00:56:04[DEBUG]-KeepAlive:Process:user(id=5) code=464144,sid=26
03-22 00:56:07[DEBUG]-KeepAlive:Process:user(id=5) code=467203,sid=26
03-22 00:56:09[DEBUG]-CheckTimer:CheckConnection:===========
03-22 00:56:09[DEBUG]-CheckTimer:CheckConnection:user(id=5,sid=26) alivetime:15.
03-22 00:56:10[DEBUG]-KeepAlive:Process:user(id=5) code=470257,sid=26
03-22 00:56:13[DEBUG]-KeepAlive:Process:user(id=5) code=473314,sid=26
03-22 00:56:16[DEBUG]-KeepAlive:Process:user(id=5) code=476355,sid=26
03-22 00:56:19[DEBUG]-KeepAlive:Process:user(id=5) code=479398,sid=26
03-22 00:56:22[DEBUG]-KeepAlive:Process:user(id=5) code=482445,sid=26
03-22 00:56:24[DEBUG]-CheckTimer:CheckConnection:===========
03-22 00:56:24[DEBUG]-CheckTimer:CheckConnection:user(id=5,sid=26) alivetime:15.
03-22 00:56:25[DEBUG]-KeepAlive:Process:user(id=5) code=485494,sid=26
03-22 00:56:28[DEBUG]-KeepAlive:Process:user(id=5) code=488545,sid=26
03-22 00:56:31[DEBUG]-KeepAlive:Process:user(id=5) code=491589,sid=26
03-22 00:56:34[DEBUG]-KeepAlive:Process:user(id=5) code=494635,sid=26
03-22 00:56:37[DEBUG]-KeepAlive:Process:user(id=5) code=497696,sid=26
03-22 00:56:39[DEBUG]-CheckTimer:CheckConnection:===========
03-22 00:56:39[DEBUG]-CheckTimer:CheckConnection:user(id=5,sid=26) alivetime:15.
03-22 00:56:40[DEBUG]-KeepAlive:Process:user(id=5) code=500764,sid=26
03-22 00:56:44[DEBUG]-KeepAlive:Process:user(id=5) code=503822,sid=26
03-22 00:56:47[DEBUG]-KeepAlive:Process:user(id=5) code=506871,sid=26
03-22 00:56:50[DEBUG]-KeepAlive:Process:user(id=5) code=509906,sid=26
03-22 00:56:53[DEBUG]-KeepAlive:Process:user(id=5) code=512962,sid=26
03-22 00:56:54[DEBUG]-CheckTimer:CheckConnection:===========
03-22 00:56:54[DEBUG]-CheckTimer:CheckConnection:user(id=5,sid=26) alivetime:15.
03-22 00:56:56[DEBUG]-KeepAlive:Process:user(id=5) code=516018,sid=26
03-22 00:56:57[DEBUG]-LinkServer:DispatchUnknownProtocol:user(id=5,sid=26) send Dispatch ok,pvid=12,type=23944
03-22 00:56:59[DEBUG]-KeepAlive:Process:user(id=5) code=519038,sid=26
03-22 00:57:02[DEBUG]-KeepAlive:Process:user(id=5) code=522098,sid=26
03-22 00:57:05[DEBUG]-KeepAlive:Process:user(id=5) code=525152,sid=26
03-22 00:57:08[DEBUG]-KeepAlive:Process:user(id=5) code=528212,sid=26
03-22 00:57:09[DEBUG]-CheckTimer:CheckConnection:===========
03-22 00:57:09[DEBUG]-CheckTimer:CheckConnection:user(id=5,sid=26) alivetime:15.
03-22 00:57:11[DEBUG]-KeepAlive:Process:user(id=5) code=531272,sid=26
03-22 00:57:14[DEBUG]-KeepAlive:Process:user(id=5) code=534318,sid=26
03-22 00:57:17[DEBUG]-KeepAlive:Process:user(id=5) code=537364,sid=26
03-22 00:57:20[DEBUG]-KeepAlive:Process:user(id=5) code=540413,sid=26
03-22 00:57:23[DEBUG]-KeepAlive:Process:user(id=5) code=543470,sid=26
03-22 00:57:24[DEBUG]-CheckTimer:CheckConnection:===========
03-22 00:57:24[DEBUG]-CheckTimer:CheckConnection:user(id=5,sid=26) alivetime:15.
03-22 00:57:26[DEBUG]-KeepAlive:Process:user(id=5) code=546519,sid=26
03-22 00:57:29[DEBUG]-KeepAlive:Process:user(id=5) code=549576,sid=26
03-22 00:57:32[DEBUG]-KeepAlive:Process:user(id=5) code=552635,sid=26
03-22 00:57:35[DEBUG]-KeepAlive:Process:user(id=5) code=555689,sid=26
03-22 00:57:38[DEBUG]-KeepAlive:Process:user(id=5) code=558746,sid=26
03-22 00:57:39[DEBUG]-CheckTimer:CheckConnection:===========
03-22 00:57:39[DEBUG]-CheckTimer:CheckConnection:user(id=5,sid=26) alivetime:15.
03-22 00:57:41[DEBUG]-KeepAlive:Process:user(id=5) code=561788,sid=26
03-22 00:57:45[DEBUG]-KeepAlive:Process:user(id=5) code=564839,sid=26
03-22 00:57:48[DEBUG]-KeepAlive:Process:user(id=5) code=567881,sid=26
03-22 00:57:51[DEBUG]-KeepAlive:Process:user(id=5) code=570929,sid=26
03-22 00:57:54[DEBUG]-CheckTimer:CheckConnection:===========
03-22 00:57:54[DEBUG]-CheckTimer:CheckConnection:user(id=5,sid=26) alivetime:15.
03-22 00:57:54[DEBUG]-KeepAlive:Process:user(id=5) code=573963,sid=26
03-22 00:57:57[DEBUG]-KeepAlive:Process:user(id=5) code=577024,sid=26
03-22 00:57:57[DEBUG]-LinkServer:DispatchUnknownProtocol:user(id=5,sid=26) send Dispatch ok,pvid=12,type=23944
03-22 00:57:58[DEBUG]-Broadcast:Process:type=7
03-22 00:58:00[DEBUG]-KeepAlive:Process:user(id=5) code=580477,sid=26
03-22 00:58:03[DEBUG]-KeepAlive:Process:user(id=5) code=583523,sid=26
03-22 00:58:06[DEBUG]-KeepAlive:Process:user(id=5) code=586579,sid=26
03-22 00:58:09[DEBUG]-CheckTimer:CheckConnection:===========
03-22 00:58:09[DEBUG]-CheckTimer:CheckConnection:user(id=5,sid=26) alivetime:15.
03-22 00:58:09[DEBUG]-KeepAlive:Process:user(id=5) code=589622,sid=26
03-22 00:58:12[DEBUG]-KeepAlive:Process:user(id=5) code=592663,sid=26
03-22 00:58:15[DEBUG]-KeepAlive:Process:user(id=5) code=595722,sid=26
03-22 00:58:18[DEBUG]-KeepAlive:Process:user(id=5) code=598764,sid=26
03-22 00:58:22[DEBUG]-KeepAlive:Process:user(id=5) code=601829,sid=26
03-22 00:58:24[DEBUG]-CheckTimer:CheckConnection:===========
03-22 00:58:24[DEBUG]-CheckTimer:CheckConnection:user(id=5,sid=26) alivetime:15.
03-22 00:58:25[DEBUG]-KeepAlive:Process:user(id=5) code=604872,sid=26
03-22 00:58:28[DEBUG]-KeepAlive:Process:user(id=5) code=607913,sid=26
03-22 00:58:31[DEBUG]-KeepAlive:Process:user(id=5) code=610966,sid=26
03-22 00:58:34[DEBUG]-KeepAlive:Process:user(id=5) code=614028,sid=26
03-22 00:58:37[DEBUG]-KeepAlive:Process:user(id=5) code=617081,sid=26
03-22 00:58:39[DEBUG]-CheckTimer:CheckConnection:===========
03-22 00:58:39[DEBUG]-CheckTimer:CheckConnection:user(id=5,sid=26) alivetime:15.
03-22 00:58:40[DEBUG]-KeepAlive:Process:user(id=5) code=620130,sid=26
03-22 00:58:43[DEBUG]-KeepAlive:Process:user(id=5) code=623185,sid=26
03-22 00:58:46[DEBUG]-KeepAlive:Process:user(id=5) code=626243,sid=26
03-22 00:58:49[DEBUG]-KeepAlive:Process:user(id=5) code=629282,sid=26
03-22 00:58:52[DEBUG]-KeepAlive:Process:user(id=5) code=632320,sid=26
03-22 00:58:54[DEBUG]-CheckTimer:CheckConnection:===========
03-22 00:58:54[DEBUG]-CheckTimer:CheckConnection:user(id=5,sid=26) alivetime:15.
03-22 00:58:55[DEBUG]-KeepAlive:Process:user(id=5) code=635365,sid=26
03-22 00:58:57[DEBUG]-LinkServer:DispatchUnknownProtocol:user(id=5,sid=26) send Dispatch ok,pvid=12,type=23944
03-22 00:58:59[DEBUG]-KeepAlive:Process:user(id=5) code=639064,sid=26
03-22 00:59:02[DEBUG]-KeepAlive:Process:user(id=5) code=642104,sid=26
03-22 00:59:05[DEBUG]-KeepAlive:Process:user(id=5) code=645155,sid=26
03-22 00:59:08[DEBUG]-KeepAlive:Process:user(id=5) code=648198,sid=26
03-22 00:59:09[DEBUG]-CheckTimer:CheckConnection:===========
03-22 00:59:09[DEBUG]-CheckTimer:CheckConnection:user(id=5,sid=26) alivetime:15.
03-22 00:59:11[DEBUG]-KeepAlive:Process:user(id=5) code=651249,sid=26
03-22 00:59:12[DEBUG]-LinkServer:DispatchUnknownProtocol:user(id=5,sid=26) send Dispatch ok,pvid=12,type=4001
03-22 00:59:12[DEBUG]-LinkServer:DispatchUnknownProtocol:user(id=5,sid=26) send Dispatch ok,pvid=12,type=4003
03-22 00:59:13[DEBUG]-LinkServer:DispatchUnknownProtocol:user(id=5,sid=26) send Dispatch ok,pvid=12,type=4003
03-22 00:59:13[DEBUG]-LinkServer:DispatchUnknownProtocol:user(id=5,sid=26) send Dispatch ok,pvid=12,type=23902
03-22 00:59:13[DEBUG]-LinkServer:DispatchUnknownProtocol:user(id=5,sid=26) send Dispatch ok,pvid=12,type=23912
03-22 00:59:13[DEBUG]-LinkServer:DispatchUnknownProtocol:user(id=5,sid=26) send Dispatch ok,pvid=12,type=4003
03-22 00:59:13[DEBUG]-KeepAlive:Process:user(id=5) code=653604,sid=26
03-22 00:59:14[DEBUG]-LinkServer:DispatchUnknownProtocol:user(id=5,sid=26) send Dispatch ok,pvid=12,type=4010
03-22 00:59:18[DEBUG]-KeepAlive:Process:user(id=5) code=658065,sid=26
03-22 00:59:21[DEBUG]-KeepAlive:Process:user(id=5) code=661123,sid=26
03-22 00:59:24[DEBUG]-CheckTimer:CheckConnection:===========
03-22 00:59:24[DEBUG]-CheckTimer:CheckConnection:user(id=5,sid=26) alivetime:15.
03-22 00:59:24[DEBUG]-KeepAlive:Process:user(id=5) code=664171,sid=26
03-22 00:59:27[DEBUG]-KeepAlive:Process:user(id=5) code=667217,sid=26
03-22 00:59:30[DEBUG]-KeepAlive:Process:user(id=5) code=670266,sid=26
03-22 00:59:33[DEBUG]-KeepAlive:Process:user(id=5) code=673320,sid=26
03-22 00:59:36[DEBUG]-KeepAlive:Process:user(id=5) code=676358,sid=26
03-22 00:59:39[DEBUG]-CheckTimer:CheckConnection:===========
03-22 00:59:39[DEBUG]-CheckTimer:CheckConnection:user(id=5,sid=26) alivetime:15.
03-22 00:59:39[DEBUG]-KeepAlive:Process:user(id=5) code=679407,sid=26
03-22 00:59:42[DEBUG]-KeepAlive:Process:user(id=5) code=682462,sid=26
03-22 00:59:45[DEBUG]-KeepAlive:Process:user(id=5) code=685501,sid=26
03-22 00:59:48[DEBUG]-KeepAlive:Process:user(id=5) code=688534,sid=26
03-22 00:59:51[DEBUG]-KeepAlive:Process:user(id=5) code=691570,sid=26
03-22 00:59:54[DEBUG]-CheckTimer:CheckConnection:===========
03-22 00:59:54[DEBUG]-CheckTimer:CheckConnection:user(id=5,sid=26) alivetime:15.
03-22 00:59:54[DEBUG]-KeepAlive:Process:user(id=5) code=694619,sid=26
03-22 00:59:57[DEBUG]-LinkServer:DispatchUnknownProtocol:user(id=5,sid=26) send Dispatch ok,pvid=12,type=23944
03-22 00:59:57[DEBUG]-KeepAlive:Process:user(id=5) code=697109,sid=26
03-22 01:00:00[DEBUG]-Send:Process:user(id=5,sid=26) type=6005
03-22 01:00:00[DEBUG]-KeepAlive:Process:user(id=5) code=700588,sid=26
03-22 01:00:01[DEBUG]-Send:Process:user(id=5,sid=26) type=6005
03-22 01:00:01[DEBUG]-Send:Process:user(id=5,sid=26) type=6005
03-22 01:00:01[DEBUG]-Send:Process:user(id=5,sid=26) type=6005
03-22 01:00:01[DEBUG]-Send:Process:user(id=5,sid=26) type=6005
03-22 01:00:01[DEBUG]-Send:Process:user(id=5,sid=26) type=6005
03-22 01:00:01[DEBUG]-Send:Process:user(id=5,sid=26) type=6005
03-22 01:00:01[DEBUG]-Send:Process:user(id=5,sid=26) type=6005
03-22 01:00:01[DEBUG]-Send:Process:user(id=5,sid=26) type=6005
03-22 01:00:01[DEBUG]-Send:Process:user(id=5,sid=26) type=6005
03-22 01:00:01[DEBUG]-Send:Process:user(id=5,sid=26) type=6005
03-22 01:00:03[DEBUG]-Send:Process:user(id=5,sid=26) type=4006
03-22 01:00:03[DEBUG]-Send:Process:user(id=5,sid=26) type=4006
03-22 01:00:03[DEBUG]-Send:Process:user(id=5,sid=26) type=4006
03-22 01:00:05[DEBUG]-KeepAlive:Process:user(id=5) code=704856,sid=26
03-22 01:00:05[DEBUG]-Send:Process:user(id=5,sid=26) type=6005
03-22 01:00:05[DEBUG]-Send:Process:user(id=5,sid=26) type=6005
03-22 01:00:05[DEBUG]-Send:Process:user(id=5,sid=26) type=6005
03-22 01:00:05[DEBUG]-Send:Process:user(id=5,sid=26) type=6005
03-22 01:00:05[DEBUG]-Send:Process:user(id=5,sid=26) type=6005
03-22 01:00:05[DEBUG]-Send:Process:user(id=5,sid=26) type=4005
03-22 01:00:05[DEBUG]-Send:Process:user(id=5,sid=26) type=4005
03-22 01:00:05[DEBUG]-Send:Process:user(id=5,sid=26) type=6005
03-22 01:00:05[DEBUG]-Send:Process:user(id=5,sid=26) type=6005
03-22 01:00:05[DEBUG]-Send:Process:user(id=5,sid=26) type=6005
03-22 01:00:05[DEBUG]-Send:Process:user(id=5,sid=26) type=6005
03-22 01:00:05[DEBUG]-Send:Process:user(id=5,sid=26) type=6005
03-22 01:00:05[DEBUG]-Send:Process:user(id=5,sid=26) type=6005
03-22 01:00:05[DEBUG]-Send:Process:user(id=5,sid=26) type=6005
03-22 01:00:05[DEBUG]-Send:Process:user(id=5,sid=26) type=6005
03-22 01:00:05[DEBUG]-Send:Process:user(id=5,sid=26) type=6005
03-22 01:00:05[DEBUG]-Send:Process:user(id=5,sid=26) type=6005
03-22 01:00:05[DEBUG]-Send:Process:user(id=5,sid=26) type=6005
03-22 01:00:05[DEBUG]-Send:Process:user(id=5,sid=26) type=6005
03-22 01:00:05[DEBUG]-Send:Process:user(id=5,sid=26) type=6005
03-22 01:00:05[DEBUG]-Send:Process:user(id=5,sid=26) type=6005
03-22 01:00:05[DEBUG]-Send:Process:user(id=5,sid=26) type=6005
03-22 01:00:05[DEBUG]-Send:Process:user(id=5,sid=26) type=6005
03-22 01:00:05[DEBUG]-Send:Process:user(id=5,sid=26) type=6005
03-22 01:00:05[DEBUG]-Send:Process:user(id=5,sid=26) type=6005
03-22 01:00:05[DEBUG]-Send:Process:user(id=5,sid=26) type=6005
03-22 01:00:05[DEBUG]-Send:Process:user(id=5,sid=26) type=6005
03-22 01:00:05[DEBUG]-Send:Process:user(id=5,sid=26) type=6005
03-22 01:00:05[DEBUG]-Send:Process:user(id=5,sid=26) type=6005
03-22 01:00:05[DEBUG]-Send:Process:user(id=5,sid=26) type=6005
03-22 01:00:05[DEBUG]-Send:Process:user(id=5,sid=26) type=6005
03-22 01:00:05[DEBUG]-Send:Process:user(id=5,sid=26) type=6005
03-22 01:00:05[DEBUG]-Send:Process:user(id=5,sid=26) type=6005
03-22 01:00:05[DEBUG]-Send:Process:user(id=5,sid=26) type=6005
03-22 01:00:05[DEBUG]-Send:Process:user(id=5,sid=26) type=6005
03-22 01:00:05[DEBUG]-Send:Process:user(id=5,sid=26) type=6005
03-22 01:00:05[DEBUG]-Send:Process:user(id=5,sid=26) type=6005
03-22 01:00:05[DEBUG]-Send:Process:user(id=5,sid=26) type=6005
03-22 01:00:05[DEBUG]-Send:Process:user(id=5,sid=26) type=6005
03-22 01:00:05[DEBUG]-Send:Process:user(id=5,sid=26) type=6005
03-22 01:00:05[DEBUG]-Send:Process:user(id=5,sid=26) type=6005
03-22 01:00:05[DEBUG]-Send:Process:user(id=5,sid=26) type=6005
03-22 01:00:05[DEBUG]-Send:Process:user(id=5,sid=26) type=6005
03-22 01:00:05[DEBUG]-Send:Process:user(id=5,sid=26) type=6005
03-22 01:00:05[DEBUG]-Send:Process:user(id=5,sid=26) type=6005
03-22 01:00:05[DEBUG]-Send:Process:user(id=5,sid=26) type=6005
03-22 01:00:05[DEBUG]-Send:Process:user(id=5,sid=26) type=6005
03-22 01:00:05[DEBUG]-Send:Process:user(id=5,sid=26) type=6005
03-22 01:00:05[DEBUG]-Send:Process:user(id=5,sid=26) type=6005
03-22 01:00:05[DEBUG]-Send:Process:user(id=5,sid=26) type=6005
03-22 01:00:05[DEBUG]-Send:Process:user(id=5,sid=26) type=6005
03-22 01:00:05[DEBUG]-Send:Process:user(id=5,sid=26) type=6005
03-22 01:00:05[DEBUG]-Send:Process:user(id=5,sid=26) type=6005
03-22 01:00:05[DEBUG]-Send:Process:user(id=5,sid=26) type=6005
03-22 01:00:05[DEBUG]-Send:Process:user(id=5,sid=26) type=6005
03-22 01:00:05[DEBUG]-Send:Process:user(id=5,sid=26) type=4005
03-22 01:00:05[DEBUG]-Send:Process:user(id=5,sid=26) type=4005
03-22 01:00:05[DEBUG]-Send:Process:user(id=5,sid=26) type=6005
03-22 01:00:05[DEBUG]-Send:Process:user(id=5,sid=26) type=4005
03-22 01:00:05[DEBUG]-Send:Process:user(id=5,sid=26) type=4005
03-22 01:00:05[DEBUG]-Send:Process:user(id=5,sid=26) type=4005
03-22 01:00:05[DEBUG]-Send:Process:user(id=5,sid=26) type=6005
03-22 01:00:05[DEBUG]-Send:Process:user(id=5,sid=26) type=6005
03-22 01:00:08[DEBUG]-KeepAlive:Process:user(id=5) code=708770,sid=26
03-22 01:00:09[DEBUG]-CheckTimer:CheckConnection:===========
03-22 01:00:09[DEBUG]-CheckTimer:CheckConnection:user(id=5,sid=26) alivetime:15.
03-22 01:00:10[DEBUG]-Send:Process:user(id=5,sid=26) type=6005
03-22 01:00:10[DEBUG]-Send:Process:user(id=5,sid=26) type=6005
03-22 01:00:10[DEBUG]-Send:Process:user(id=5,sid=26) type=6005
03-22 01:00:12[DEBUG]-KeepAlive:Process:user(id=5) code=712556,sid=26
03-22 01:00:15[DEBUG]-KeepAlive:Process:user(id=5) code=715601,sid=26
03-22 01:00:18[DEBUG]-KeepAlive:Process:user(id=5) code=718660,sid=26
03-22 01:00:21[DEBUG]-KeepAlive:Process:user(id=5) code=721709,sid=26
03-22 01:00:24[DEBUG]-CheckTimer:CheckConnection:===========
03-22 01:00:24[DEBUG]-CheckTimer:CheckConnection:user(id=5,sid=26) alivetime:15.
03-22 01:00:24[DEBUG]-KeepAlive:Process:user(id=5) code=724770,sid=26
03-22 01:00:28[DEBUG]-KeepAlive:Process:user(id=5) code=727811,sid=26
03-22 01:00:28[DEBUG]-Broadcast:Process:type=7
03-22 01:00:31[DEBUG]-KeepAlive:Process:user(id=5) code=731493,sid=26
03-22 01:00:34[DEBUG]-KeepAlive:Process:user(id=5) code=734550,sid=26
03-22 01:00:37[DEBUG]-KeepAlive:Process:user(id=5) code=737602,sid=26
03-22 01:00:39[DEBUG]-CheckTimer:CheckConnection:===========
03-22 01:00:39[DEBUG]-CheckTimer:CheckConnection:user(id=5,sid=26) alivetime:15.
03-22 01:00:40[DEBUG]-KeepAlive:Process:user(id=5) code=740654,sid=26
03-22 01:00:43[DEBUG]-KeepAlive:Process:user(id=5) code=743711,sid=26
03-22 01:00:46[DEBUG]-KeepAlive:Process:user(id=5) code=746761,sid=26
03-22 01:00:50[DEBUG]-KeepAlive:Process:user(id=5) code=749811,sid=26
03-22 01:00:53[DEBUG]-KeepAlive:Process:user(id=5) code=752855,sid=26
03-22 01:00:54[DEBUG]-CheckTimer:CheckConnection:===========
03-22 01:00:54[DEBUG]-CheckTimer:CheckConnection:user(id=5,sid=26) alivetime:15.
03-22 01:00:56[DEBUG]-KeepAlive:Process:user(id=5) code=755907,sid=26
03-22 01:00:57[DEBUG]-LinkServer:DispatchUnknownProtocol:user(id=5,sid=26) send Dispatch ok,pvid=12,type=23944
03-22 01:00:59[DEBUG]-KeepAlive:Process:user(id=5) code=759160,sid=26
03-22 01:01:02[DEBUG]-KeepAlive:Process:user(id=5) code=762203,sid=26
03-22 01:01:05[DEBUG]-KeepAlive:Process:user(id=5) code=765249,sid=26
03-22 01:01:08[DEBUG]-KeepAlive:Process:user(id=5) code=768301,sid=26
03-22 01:01:09[DEBUG]-CheckTimer:CheckConnection:===========
03-22 01:01:09[DEBUG]-CheckTimer:CheckConnection:user(id=5,sid=26) alivetime:15.
03-22 01:01:11[DEBUG]-KeepAlive:Process:user(id=5) code=771363,sid=26
03-22 01:01:14[DEBUG]-KeepAlive:Process:user(id=5) code=774417,sid=26
03-22 01:01:14[DEBUG]-LinkServer:DispatchUnknownProtocol:user(id=5,sid=26) send Dispatch ok,pvid=12,type=58
03-22 01:01:17[DEBUG]-KeepAlive:Process:user(id=5) code=777471,sid=26
03-22 01:01:20[DEBUG]-KeepAlive:Process:user(id=5) code=780525,sid=26
03-22 01:01:23[DEBUG]-KeepAlive:Process:user(id=5) code=783569,sid=26
03-22 01:01:24[DEBUG]-CheckTimer:CheckConnection:===========
03-22 01:01:24[DEBUG]-CheckTimer:CheckConnection:user(id=5,sid=26) alivetime:15.
03-22 01:01:26[DEBUG]-KeepAlive:Process:user(id=5) code=786618,sid=26
03-22 01:01:29[DEBUG]-KeepAlive:Process:user(id=5) code=789666,sid=26
03-22 01:01:32[DEBUG]-KeepAlive:Process:user(id=5) code=792707,sid=26
03-22 01:01:35[DEBUG]-KeepAlive:Process:user(id=5) code=795751,sid=26
03-22 01:01:39[DEBUG]-KeepAlive:Process:user(id=5) code=798800,sid=26
03-22 01:01:39[DEBUG]-CheckTimer:CheckConnection:===========
03-22 01:01:39[DEBUG]-CheckTimer:CheckConnection:user(id=5,sid=26) alivetime:15.
03-22 01:01:42[DEBUG]-KeepAlive:Process:user(id=5) code=801843,sid=26
03-22 01:01:45[DEBUG]-KeepAlive:Process:user(id=5) code=804889,sid=26
03-22 01:01:48[DEBUG]-KeepAlive:Process:user(id=5) code=807940,sid=26
03-22 01:01:51[DEBUG]-KeepAlive:Process:user(id=5) code=810986,sid=26
03-22 01:01:54[DEBUG]-CheckTimer:CheckConnection:===========
03-22 01:01:54[DEBUG]-CheckTimer:CheckConnection:user(id=5,sid=26) alivetime:15.
03-22 01:01:54[DEBUG]-KeepAlive:Process:user(id=5) code=814047,sid=26
03-22 01:01:57[DEBUG]-KeepAlive:Process:user(id=5) code=817110,sid=26
03-22 01:01:57[DEBUG]-LinkServer:DispatchUnknownProtocol:user(id=5,sid=26) send Dispatch ok,pvid=12,type=23944
03-22 01:02:00[DEBUG]-KeepAlive:Process:user(id=5) code=820184,sid=26
03-22 01:02:03[DEBUG]-KeepAlive:Process:user(id=5) code=823241,sid=26
03-22 01:02:06[DEBUG]-KeepAlive:Process:user(id=5) code=826295,sid=26
03-22 01:02:09[DEBUG]-CheckTimer:CheckConnection:===========
03-22 01:02:09[DEBUG]-CheckTimer:CheckConnection:user(id=5,sid=26) alivetime:15.
03-22 01:02:09[DEBUG]-KeepAlive:Process:user(id=5) code=829360,sid=26
03-22 01:02:12[DEBUG]-KeepAlive:Process:user(id=5) code=832415,sid=26
03-22 01:02:15[DEBUG]-KeepAlive:Process:user(id=5) code=835474,sid=26
03-22 01:02:18[DEBUG]-KeepAlive:Process:user(id=5) code=838518,sid=26
03-22 01:02:21[DEBUG]-KeepAlive:Process:user(id=5) code=841571,sid=26
03-22 01:02:24[DEBUG]-CheckTimer:CheckConnection:===========
03-22 01:02:24[DEBUG]-CheckTimer:CheckConnection:user(id=5,sid=26) alivetime:15.
03-22 01:02:24[DEBUG]-KeepAlive:Process:user(id=5) code=844621,sid=26
03-22 01:02:27[DEBUG]-KeepAlive:Process:user(id=5) code=847665,sid=26
03-22 01:02:30[DEBUG]-KeepAlive:Process:user(id=5) code=850714,sid=26
03-22 01:02:33[DEBUG]-KeepAlive:Process:user(id=5) code=853765,sid=26
03-22 01:02:37[DEBUG]-KeepAlive:Process:user(id=5) code=856808,sid=26
03-22 01:02:39[DEBUG]-CheckTimer:CheckConnection:===========
03-22 01:02:39[DEBUG]-CheckTimer:CheckConnection:user(id=5,sid=26) alivetime:15.
03-22 01:02:40[DEBUG]-KeepAlive:Process:user(id=5) code=859867,sid=26
03-22 01:02:43[DEBUG]-Kee