"技能id","技能名","技能定位","技能类型","图标编号","消耗1属性编号","消耗系数a1","消耗系数b1","显示消耗1","消耗2属性编号","消耗系数a2","消耗系数b2","显示消耗2","目标类型","战斗内外使用","魔法入口","技能剧情描述","技能描述","排序","技能描述1","技能描述2","技能描述3","技能描述4","技能描述5","技能描述6","技能描述7","技能升级描述","技能升级描述1","技能升级描述2","技能升级描述3","技能升级描述4","技能升级描述5","技能升级描述6","技能升级描述7","技能等级1","技能等级2","技能等级3","技能等级4","技能等级5","技能等级6","技能等级7"
"110000","为官之道","为官之道","官场如战场，万事休鲁莽。精学为官道，万事皆无妄。","17","-1","0","0","无消耗","-1","0","0","","1","1","","官场如战场，万事休鲁莽。精学为官道，万事皆无妄。大幅度增加物理暴击几率！","大唐官府基础技能","1","大唐官府基础技能","大唐官府基础技能","大唐官府基础技能","大唐官府基础技能","大唐官府基础技能","大唐官府基础技能","大唐官府基础技能","永久增加角色的物理伤害、气血。","永久增加角色的物理伤害、气血。","永久增加角色的物理伤害、气血。","永久增加角色的物理伤害、气血。","永久增加角色的物理伤害、气血。","永久增加角色的物理伤害、气血。","永久增加角色的物理伤害、气血。","永久增加角色的物理伤害、气血。","1","200","200","200","200","200","200"
"110001","破釜沉舟","破釜沉舟","危急时刻，以一敌众，经常起到以少胜多的奇效。","18","100","1.2","10","消耗：$parameter1$魔法","-1","0","0","","480","1","","危急时刻，以一敌众，经常起到以少胜多的奇效。","攻击敌方多个目标，伤害结果逐个降低。","2","攻击敌方多个目标，伤害结果逐个降低。","攻击敌方多个目标，伤害结果逐个降低。","攻击敌方多个目标，伤害结果逐个降低。","攻击敌方多个目标，伤害结果逐个降低。","攻击敌方多个目标，伤害结果逐个降低。","攻击敌方多个目标，伤害结果逐个降低。","攻击敌方多个目标，伤害结果逐个降低。","增加使用时的伤害，40级可攻击3个目标。","增加使用时的伤害，40级可攻击3个目标。","增加使用时的伤害，70级可攻击4个目标。","增加使用时的伤害，70级可攻击4个目标。","增加使用时的伤害，70级可攻击4个目标。","增加使用时的伤害，70级可攻击4个目标。","增加使用时的伤害，70级可攻击4个目标。","增加使用时的伤害，70级可攻击4个目标。","1","40","70","200","200","200","200"
"110002","翩鸿一击","翩鸿一击","翩若惊鸿，婉若游龙。大唐官府深谙兵贵神速的道理。","19","100","1.2","10","消耗：$parameter1$魔法","-1","0","0","","480","1","","翩若惊鸿，婉若游龙。大唐官府深谙兵贵神速的道理。","攻击敌方单个目标，并提升自身速度，反击，格挡持续4回合。","3","攻击敌方单个目标，并提升自身速度，反击，格挡持续4回合。","攻击敌方单个目标，并提升自身速度，反击，格挡持续4回合。","攻击敌方单个目标，并提升自身速度，反击，格挡持续4回合。","攻击敌方单个目标，并提升自身速度，反击，格挡持续4回合。","攻击敌方单个目标，并提升自身速度，反击，格挡持续4回合。","攻击敌方单个目标，并提升自身速度，反击，格挡持续4回合。","攻击敌方单个目标，并提升自身速度，反击，格挡持续4回合。","攻击敌方单个目标，并提升自身速度，反击，格挡持续4回合。","攻击敌方单个目标，并提升自身速度，反击，格挡持续4回合。","攻击敌方单个目标，并提升自身速度，反击，格挡持续4回合。","攻击敌方单个目标，并提升自身速度，反击，格挡持续4回合。","攻击敌方单个目标，并提升自身速度，反击，格挡持续4回合。","攻击敌方单个目标，并提升自身速度，反击，格挡持续4回合。","攻击敌方单个目标，并提升自身速度，反击，格挡持续4回合。","攻击敌方单个目标，并提升自身速度，反击，格挡持续4回合。","1","60","200","200","200","200","200"
"110003","横扫千军","横扫千军","以攻代守，战场上一往无前，给敌人致命打击。","20","100","0","10","消耗：$parameter1$%最大气血","-1","0","0","","480","1","","以攻代守，战场上一往无前，给敌人致命打击。","攻击目标4次，使用时气血不能低于气血上限的50%，使用后虚弱休息一回合。","4","攻击目标4次，使用时气血不能低于气血上限的50%，使用后虚弱休息一回合。","攻击目标4次，使用时气血不能低于气血上限的50%，使用后虚弱休息一回合。","攻击目标4次，使用时气血不能低于气血上限的50%，使用后虚弱休息一回合。","攻击目标4次，使用时气血不能低于气血上限的50%，使用后虚弱休息一回合。","攻击目标4次，使用时气血不能低于气血上限的50%，使用后虚弱休息一回合。","攻击目标4次，使用时气血不能低于气血上限的50%，使用后虚弱休息一回合。","攻击目标4次，使用时气血不能低于气血上限的50%，使用后虚弱休息一回合。","增加使用时的伤害，永久增加角色的速度。","增加使用时的伤害，永久增加角色的速度。","增加使用时的伤害，永久增加角色的速度。","增加使用时的伤害，永久增加角色的速度。","增加使用时的伤害，永久增加角色的速度。","增加使用时的伤害，永久增加角色的速度。","增加使用时的伤害，永久增加角色的速度。","增加使用时的伤害，永久增加角色的速度。","1","200","200","200","200","200","200"
"110004","后发制人","后发制人","从孙子兵法中悟出的绝学，避敌锐气而后发制人。","21","100","1.2","10","消耗：$parameter1$魔法","-1","0","0","","480","1","","从孙子兵法中悟出的绝学，避敌锐气而后发制人。","临时提高大量双防和封印抵抗，下回合首先出手攻击目标","5","临时提高大量双防和封印抵抗，下回合首先出手攻击目标","临时提高大量双防和封印抵抗，下回合首先出手攻击目标","临时提高大量双防和封印抵抗，下回合首先出手攻击目标","临时提高大量双防和封印抵抗，下回合首先出手攻击目标","临时提高大量双防和封印抵抗，下回合首先出手攻击目标","临时提高大量双防和封印抵抗，下回合首先出手攻击目标","临时提高大量双防和封印抵抗，下回合首先出手攻击目标","增加使用时的伤害，增加临时提高双防的效果。永久增加角色的封印抵抗","增加使用时的伤害，增加临时提高双防的效果。永久增加角色的封印抵抗","增加使用时的伤害，增加临时提高双防的效果。永久增加角色的封印抵抗","增加使用时的伤害，增加临时提高双防的效果。永久增加角色的封印抵抗","增加使用时的伤害，增加临时提高双防的效果。永久增加角色的封印抵抗","增加使用时的伤害，增加临时提高双防的效果。永久增加角色的封印抵抗","增加使用时的伤害，增加临时提高双防的效果。永久增加角色的封印抵抗","增加使用时的伤害，增加临时提高双防的效果。永久增加角色的封印抵抗","1","200","200","200","200","200","200"
"110005","杀气诀","杀气诀","将全身杀气凝聚于武器上，厚积而薄发。","22","100","1.2","10","消耗：$parameter1$魔法","-1","0","0","","1","1","","将全身杀气凝聚于武器上，厚积而薄发。","附加5回合的杀气状态，提升物理伤害，物理攻击敌方单人时，如果造成击败则对其它目标再次发动该技能，伤害结果为原先的50%。","6","附加5回合的杀气状态，提升物理伤害，物理攻击敌方单人时，如果造成击败则对其它目标再次发动该技能，伤害结果为原先的50%。","附加5回合的杀气状态，提升物理伤害，物理攻击敌方单人时，如果造成击败则对其它目标再次发动该技能，伤害结果为原先的50%。","附加5回合的杀气状态，提升物理伤害，物理攻击敌方单人时，如果造成击败则对其它目标再次发动该技能，伤害结果为原先的50%。","附加5回合的杀气状态，提升物理伤害，物理攻击敌方单人时，如果造成击败则对其它目标再次发动该技能，伤害结果为原先的50%。","附加5回合的杀气状态，提升物理伤害，物理攻击敌方单人时，如果造成击败则对其它目标再次发动该技能，伤害结果为原先的50%。","附加5回合的杀气状态，提升物理伤害，物理攻击敌方单人时，如果造成击败则对其它目标再次发动该技能，伤害结果为原先的50%。","附加5回合的杀气状态，提升物理伤害，物理攻击敌方单人时，如果造成击败则对其它目标再次发动该技能，伤害结果为原先的50%。","增加杀气决物伤，永久增加角色的物理防御。","增加杀气决物伤，永久增加角色的物理防御。","增加杀气决物伤，永久增加角色的物理防御。","增加杀气决物伤，永久增加角色的物理防御。","增加杀气决物伤，永久增加角色的物理防御。","增加杀气决物伤，永久增加角色的物理防御。","增加杀气决物伤，永久增加角色的物理防御。","增加杀气决物伤，永久增加角色的物理防御。","1","60","200","200","200","200","200"
"110006","嗜血","嗜血","金戈铁马，嗜血沙场。大唐官府弟子有更精壮的体魄。","23","-1","0.667","6","消耗：$parameter1$活力","-1","0","0","","1","1","","金戈铁马，嗜血沙场。大唐官府弟子有更精壮的体魄。","制造一张临时符，可给衣甲增加气血","7","制造一张临时符，可给衣甲增加气血","制造一张临时符，可给衣甲增加气血","制造一张临时符，可给衣甲增加气血","制造一张临时符，可给衣甲增加气血","制造一张临时符，可给衣甲增加气血","制造一张临时符，可给衣甲增加气血","制造一张临时符，可给衣甲增加气血","增加临时符附加气血的效果。","增加临时符附加气血的效果。","增加临时符附加气血的效果。","增加临时符附加气血的效果。","增加临时符附加气血的效果。","增加临时符附加气血的效果。","增加临时符附加气血的效果。","增加临时符附加气血的效果。","1","200","200","200","200","200","200"
"110007","万剑归一","万剑归一","大唐官府门派绝技，手中只一剑，却化作万道剑气飞向敌人，极少有人能在这样的攻势下幸免","24","120","0","120","消耗：$parameter1$愤怒","-1","0","0","","480","1","","大唐官府门派绝技，手中只一剑，却化作万道剑气飞向敌人，极少有人能在这样的攻势下幸免","直接对目标发动5-9次攻击，自身气血越低攻击次数越多。伤害是普通攻击的50%，无法被防御和保护，使用后虚弱休息1回合，虚弱休息状态下双防降低。","8","直接对目标发动5-9次攻击，自身气血越低攻击次数越多。伤害是普通攻击的50%，无法被防御和保护，使用后虚弱休息1回合，虚弱休息状态下双防降低。","直接对目标发动5-9次攻击，自身气血越低攻击次数越多。伤害是普通攻击的50%，无法被防御和保护，使用后虚弱休息1回合，虚弱休息状态下双防降低。","直接对目标发动5-9次攻击，自身气血越低攻击次数越多。伤害是普通攻击的50%，无法被防御和保护，使用后虚弱休息1回合，虚弱休息状态下双防降低。","直接对目标发动5-9次攻击，自身气血越低攻击次数越多。伤害是普通攻击的50%，无法被防御和保护，使用后虚弱休息1回合，虚弱休息状态下双防降低。","直接对目标发动5-9次攻击，自身气血越低攻击次数越多。伤害是普通攻击的50%，无法被防御和保护，使用后虚弱休息1回合，虚弱休息状态下双防降低。","直接对目标发动5-9次攻击，自身气血越低攻击次数越多。伤害是普通攻击的50%，无法被防御和保护，使用后虚弱休息1回合，虚弱休息状态下双防降低。","直接对目标发动5-9次攻击，自身气血越低攻击次数越多。伤害是普通攻击的50%，无法被防御和保护，使用后虚弱休息1回合，虚弱休息状态下双防降低。","增加技能使用时的效果","增加技能使用时的效果","增加技能使用时的效果","增加技能使用时的效果","增加技能使用时的效果","增加技能使用时的效果","增加技能使用时的效果","增加技能使用时的效果","1","2","3","4","5","6","7"
"110012","目空","目空","铜墙铁壁：增加人物物理防御","25","-1","0","0","无消耗","-1","0","0","","1","1","","目空","目空","9","目空","目空","目空","目空","目空","目空","目空","无","无","无","无","无","无","无","无","1","2","3","4","5","6","7"
"110013","翩鸿","翩鸿","千里神行：增加人物速度","26","-1","0","0","无消耗","-1","0","0","","1","1","","翩鸿","翩鸿","10","翩鸿","翩鸿","翩鸿","翩鸿","翩鸿","翩鸿","翩鸿","无","无","无","无","无","无","无","无","1","2","3","4","5","6","7"
"110014","亢强","亢强","坚若磐石：增加人物法术防御","27","-1","0","0","无消耗","-1","0","0","","1","1","","亢强","亢强","11","亢强","亢强","亢强","亢强","亢强","亢强","亢强","无","无","无","无","无","无","无","无","1","2","3","4","5","6","7"
"110015","干将","干将","风驰霆击：增加人物物理暴击","28","-1","0","0","无消耗","-1","0","0","","1","1","","干将","干将","12","干将","干将","干将","干将","干将","干将","干将","无","无","无","无","无","无","无","无","1","2","3","4","5","6","7"
"110016","惊天动地","惊天动地","救死扶伤：增加人物治疗强度","29","-1","0","0","无消耗","-1","0","0","","1","1","","惊天动地","惊天动地","13","惊天动地","惊天动地","惊天动地","惊天动地","惊天动地","惊天动地","惊天动地","无","无","无","无","无","无","无","无","1","2","3","4","5","6","7"
"110017","破势","破势","道高魔重：增加人物法术抗暴","30","-1","0","0","无消耗","-1","0","0","","1","1","","破势","破势","14","破势","破势","破势","破势","破势","破势","破势","无","无","无","无","无","无","无","无","1","2","3","4","5","6","7"
"110018","额外能力","额外能力","干将莫邪：增加人物物理伤害","31","-1","0","0","无消耗","-1","0","0","","1","1","","额外能力","额外能力","15","额外能力","额外能力","额外能力","额外能力","额外能力","额外能力","额外能力","无","无","无","无","无","无","无","无","1","2","3","4","5","6","7"
"110019","勇进","勇进","气血方刚：增加人物气血","32","-1","0","0","无消耗","-1","0","0","","1","1","","勇进","勇进","16","勇进","勇进","勇进","勇进","勇进","勇进","勇进","无","无","无","无","无","无","无","无","1","2","3","4","5","6","7"
"110020","勇武","勇武","铜墙铁壁：增加人物物理防御","33","-1","0","0","无消耗","-1","0","0","","1","1","","勇武","勇武","17","勇武","勇武","勇武","勇武","勇武","勇武","勇武","无","无","无","无","无","无","无","无","1","2","3","4","5","6","7"
"110021","念心","念心","道高魔重：增加人物法术抗暴","34","-1","0","0","无消耗","-1","0","0","","1","1","","念心","念心","18","念心","念心","念心","念心","念心","念心","念心","无","无","无","无","无","无","无","无","1","2","3","4","5","6","7"
"110022","勇念","勇念","风驱电击：增加人物法术暴击","35","-1","0","0","无消耗","-1","0","0","","1","1","","勇念","勇念","19","勇念","勇念","勇念","勇念","勇念","勇念","勇念","无","无","无","无","无","无","无","无","1","2","3","4","5","6","7"
"110023","不惊","不惊","道高魔重：增加人物法术抗暴","36","-1","0","0","无消耗","-1","0","0","","1","1","","不惊","不惊","20","不惊","不惊","不惊","不惊","不惊","不惊","不惊","无","无","无","无","无","无","无","无","1","2","3","4","5","6","7"
"110024","孤勇","孤勇","杯弓蛇影：增加人物物理抗暴","37","-1","0","0","无消耗","-1","0","0","","1","1","","孤勇","孤勇","21","孤勇","孤勇","孤勇","孤勇","孤勇","孤勇","孤勇","无","无","无","无","无","无","无","无","1","2","3","4","5","6","7"
"110025","破军","破军","换斗移星：增加人物法术伤害","38","-1","0","0","无消耗","-1","0","0","","1","1","","破军","破军","22","破军","破军","破军","破军","破军","破军","破军","无","无","无","无","无","无","无","无","1","2","3","4","5","6","7"
"110026","突刺","突刺","千里神行：增加人物速度","39","-1","0","0","无消耗","-1","0","0","","1","1","","突刺","突刺","23","突刺","突刺","突刺","突刺","突刺","突刺","突刺","无","无","无","无","无","无","无","无","1","2","3","4","5","6","7"
"110027","长驱直入","长驱直入","气血方刚：增加人物气血","40","-1","0","0","无消耗","-1","0","0","","1","1","","长驱直入","长驱直入","24","长驱直入","长驱直入","长驱直入","长驱直入","长驱直入","长驱直入","长驱直入","无","无","无","无","无","无","无","无","1","2","3","4","5","6","7"
"110028","静岳","静岳","铜墙铁壁：增加人物物理防御","41","-1","0","0","无消耗","-1","0","0","","1","1","","静岳","静岳","25","静岳","静岳","静岳","静岳","静岳","静岳","静岳","无","无","无","无","无","无","无","无","1","2","3","4","5","6","7"
"110029","神凝","神凝","救死扶伤：增加人物治疗强度","42","-1","0","0","无消耗","-1","0","0","","1","1","","神凝","神凝","26","神凝","神凝","神凝","神凝","神凝","神凝","神凝","无","无","无","无","无","无","无","无","1","2","3","4","5","6","7"
"110030","突进","突进","杯弓蛇影：增加人物物理抗暴","43","-1","0","0","无消耗","-1","0","0","","1","1","","突进","突进","27","突进","突进","突进","突进","突进","突进","突进","无","无","无","无","无","无","无","无","1","2","3","4","5","6","7"
"110031","熟练","熟练","气血方刚：增加人物气血","44","-1","0","0","无消耗","-1","0","0","","1","1","","熟练","熟练","28","熟练","熟练","熟练","熟练","熟练","熟练","熟练","无","无","无","无","无","无","无","无","1","2","3","4","5","6","7"
"110032","无双战神","无双战神","救死扶伤：增加人物治疗强度，挂金封印：增加人物封印命中","45","-1","0","0","无消耗","-1","0","0","","1","1","","无双战神","无双战神","29","无双战神","无双战神","无双战神","无双战神","无双战神","无双战神","无双战神","无","无","无","无","无","无","无","无","1","2","3","4","5","6","7"
"120000","黄庭经","黄庭经","道学曰太清，修气心自明。紫阁仙府内，仙人诵黄庭。","25","-1","0","0","无消耗","-1","0","0","","1","1","","道学曰太清，修气心自明。紫阁仙府内，仙人诵黄庭。","方寸山基础技能。","1","方寸山基础技能。","方寸山基础技能。","方寸山基础技能。","方寸山基础技能。","方寸山基础技能。","方寸山基础技能。","方寸山基础技能。","永久增加角色的封印命中、气血。","永久增加角色的封印命中、气血。","永久增加角色的封印命中、气血。","永久增加角色的封印命中、气血。","永久增加角色的封印命中、气血。","永久增加角色的封印命中、气血。","永久增加角色的封印命中、气血。","永久增加角色的封印命中、气血。","1","200","200","200","200","200","200"
"120001","五雷咒","五雷咒","催动霹雳鬼神惊，斩妖除魔仗雷霆。","26","100","1.4","10","消耗：$parameter1$魔法","-1","0","0","","480","1","","催动霹雳鬼神惊，斩妖除魔仗雷霆。","法术攻击3个目标。小概率引发雷暴对敌方产生雷击效果持续扣血并且对首目标概率附加失心符。","2","法术攻击3个目标。小概率引发雷暴对敌方产生火烧效果持续扣血并且对首目标概率附加失心符。","法术攻击3个目标。小概率引发雷暴对敌方产生火烧效果持续扣血并且对首目标概率附加失心符。","法术攻击3个目标。小概率引发雷暴对敌方产生火烧效果持续扣血并且对首目标概率附加失心符。","法术攻击3个目标。小概率引发雷暴对敌方产生火烧效果持续扣血并且对首目标概率附加失心符。","法术攻击3个目标。小概率引发雷暴对敌方产生火烧效果持续扣血并且对首目标概率附加失心符。","法术攻击3个目标。小概率引发雷暴对敌方产生火烧效果持续扣血并且对首目标概率附加失心符。","法术攻击3个目标。小概率引发雷暴对敌方产生火烧效果持续扣血并且对首目标概率附加失心符。","增加使用时的伤害，60级可攻击4个目标。","增加使用时的伤害，70级可攻击5个目标。","增加使用时的伤害，70级可攻击5个目标。","增加使用时的伤害，70级可攻击5个目标。","增加使用时的伤害，70级可攻击5个目标。","增加使用时的伤害，70级可攻击5个目标。","增加使用时的伤害，70级可攻击5个目标。","增加使用时的伤害，70级可攻击5个目标。","1","60","70","90","200","200","200"
"120002","定身符","定身符","极为强大的符咒，让敌人无法动弹。","27","100","1.4","10","消耗：$parameter1$魔法","-1","0","0","","480","1","","极为强大的符咒，让敌人无法动弹。","封印目标物理和法术，下回合封印命中率降低,且不可连续使用。","4","封印目标物理和法术，下回合封印命中率降低,且不可连续使用。","封印目标物理和法术，下回合封印命中率降低,且不可连续使用。","封印目标物理和法术，下回合封印命中率降低,且不可连续使用。","封印目标物理和法术，下回合封印命中率降低,且不可连续使用。","封印目标物理和法术，下回合封印命中率降低,且不可连续使用。","封印目标物理和法术，下回合封印命中率降低,且不可连续使用。","临时提升命中率封印目标物理和法术，下回合封印命中率降低，且不可连续使用。","增加技能使用时的效果。","增加技能使用时的效果。","增加技能使用时的效果。","增加技能使用时的效果。","增加技能使用时的效果。","增加技能使用时的效果。","增加技能使用时的效果。","增加技能使用时的效果。","1","60","200","200","200","200","200"
"120003","失忆符","失忆符","失传已久的符咒，让敌人心神不定。","28","100","1.4","10","消耗：$parameter1$魔法","-1","0","0","","480","1","","失传已久的符咒，让敌人心神不定。","封印敌方，使敌方无法使用药品，特技。","6","封印敌方，使敌方无法使用药品，特技。","封印敌方，使敌方无法使用药品，特技。","封印敌方，使敌方无法使用药品，特技。","封印敌方，使敌方无法使用药品，特技。","封印敌方，使敌方无法使用药品，特技。","封印敌方，使敌方无法使用药品，特技。","封印敌方，使敌方无法使用药品，特技。","增加技能使用时的效果，永久增加角色的速度。","增加技能使用时的效果，永久增加角色的速度。","增加技能使用时的效果，永久增加角色的速度。","增加技能使用时的效果，永久增加角色的速度。","增加技能使用时的效果，永久增加角色的速度。","增加技能使用时的效果，永久增加角色的速度。","增加技能使用时的效果，永久增加角色的速度。","增加技能使用时的效果，永久增加角色的速度。","1","200","200","200","200","200","200"
"120004","离魂符","离魂符","上古天书中的怪异符咒，让敌人魂魄迷乱，身不由己。","29","100","1.4","10","消耗：$parameter1$魔法","-1","0","0","","480","1","","上古天书中的怪异符咒，让敌人魂魄迷乱，身不由己。","以较低命中率混乱目标，使其不分敌我攻击。混乱状态不能被药品解除。","5","以较低命中率混乱目标，使其不分敌我攻击。混乱状态不能被药品解除。","以较低命中率混乱目标，使其不分敌我攻击。混乱状态不能被药品解除。","以较低命中率混乱目标，使其不分敌我攻击。混乱状态不能被药品解除。","以较低命中率混乱目标，使其不分敌我攻击。混乱状态不能被药品解除。","以较低命中率混乱目标，使其不分敌我攻击。混乱状态不能被药品解除。","以较低命中率混乱目标，使其不分敌我攻击。混乱状态不能被药品解除。","以较低命中率混乱目标，使其不分敌我攻击。混乱状态不能被药品解除。","增加技能使用时的效果，永久增加角色的封印抵抗。","增加技能使用时的效果，永久增加角色的封印抵抗。","增加技能使用时的效果，永久增加角色的封印抵抗。","增加技能使用时的效果，永久增加角色的封印抵抗。","增加技能使用时的效果，永久增加角色的封印抵抗。","增加技能使用时的效果，永久增加角色的封印抵抗。","增加技能使用时的效果，永久增加角色的封印抵抗。","增加技能使用时的效果，永久增加角色的封印抵抗。","1","200","200","200","200","200","200"
"120005","失心符","失心符","抛出有箴言的符咒，让敌人呆若木鸡，漏洞百出。","30","100","1.4","10","消耗：$parameter1$魔法","-1","0","0","","480","1","","失传已久的符咒，让敌人心神不定，而自己更加气定神闲。","封印目标法术，命中后降低敌方物理防御。","3","封印目标法术，命中后降低敌方物理防御。","封印目标法术，命中后降低敌方物理防御。","封印目标法术，命中后降低敌方物理防御。","封印目标法术，命中后降低敌方物理防御。","封印目标法术，命中后降低敌方物理防御。","封印目标法术，命中后降低敌方物理防御。","封印目标法术，命中后降低敌方物理防御。","增加降低物防效果，永久增加角色的物理防御。","增加降低物防效果，永久增加角色的物理防御。","增加降低物防效果，永久增加角色的物理防御。","增加降低物防效果，永久增加角色的物理防御。","增加降低物防效果，永久增加角色的物理防御。","增加降低物防效果，永久增加角色的物理防御。","增加降低物防效果，永久增加角色的物理防御。","增加降低物防效果，永久增加角色的物理防御。","1","60","200","200","200","200","200"
"120006","神兵护法","神兵护法","方寸山弟子可以用符咒召唤神兵之力，让装备更坚固。","31","-1","0.667","6","消耗：$parameter1$活力","-1","0","0","","1","1","","方寸山弟子可以用符咒召唤神兵之力，让装备更坚固。","制造一张临时符，可给头盔增加物理防御。","7","制造一张临时符，可给头盔增加物理防御。","制造一张临时符，可给头盔增加物理防御。","制造一张临时符，可给头盔增加物理防御。","制造一张临时符，可给头盔增加物理防御。","制造一张临时符，可给头盔增加物理防御。","制造一张临时符，可给头盔增加物理防御。","制造一张临时符，可给头盔增加物理防御。","增加临时符附加物理防御的效果。","增加临时符附加物理防御的效果。","增加临时符附加物理防御的效果。","增加临时符附加物理防御的效果。","增加临时符附加物理防御的效果。","增加临时符附加物理防御的效果。","增加临时符附加物理防御的效果。","增加临时符附加物理防御的效果。","1","200","200","200","200","200","200"
"120007","幻音古钟","幻音古钟","方寸山门派绝技。相传三星洞中有古钟一座，其声响彻万里，神仙鬼怪听闻，无不心旌荡漾。","32","120","0","120","消耗：$parameter1$愤怒","-1","0","0","","480","1","","方寸山门派绝技。相传三星洞中有古钟一座，其声响彻万里，神仙鬼怪听闻，无不心旌荡漾。","干扰敌方5个目标，随机使其进入失心、定身，离魂状态，持续3回合，首目标必中，其他目标为基础命中率的35%，使用后虚弱休息1回合。","8","干扰敌方5个目标，随机使其进入失心、定身，离魂状态，持续3回合，首目标必中，其他目标为基础命中率的35%，使用后虚弱休息1回合。","干扰敌方5个目标，随机使其进入失心、定身，离魂状态，持续3回合，首目标必中，其他目标为基础命中率的35%，使用后虚弱休息1回合。","干扰敌方5个目标，随机使其进入失心、定身，离魂状态，持续3回合，首目标必中，其他目标为基础命中率的35%，使用后虚弱休息1回合。","干扰敌方5个目标，随机使其进入失心、定身，离魂状态，持续3回合，首目标必中，其他目标为基础命中率的35%，使用后虚弱休息1回合。","干扰敌方5个目标，随机使其进入失心、定身，离魂状态，持续3回合，首目标必中，其他目标为基础命中率的35%，使用后虚弱休息1回合。","干扰敌方5个目标，随机使其进入失心、定身，离魂状态，持续3回合，首目标必中，其他目标为基础命中率的35%，使用后虚弱休息1回合。","干扰敌方5个目标，随机使其进入失心、定身，离魂状态，持续3回合，首目标必中，其他目标为基础命中率的35%，使用后虚弱休息1回合。","增加技能使用时的效果。","增加技能使用时的效果。","增加技能使用时的效果。","增加技能使用时的效果。","增加技能使用时的效果。","增加技能使用时的效果。","增加技能使用时的效果。","增加技能使用时的效果。","1","2","3","4","5","6","7"
"120012","雷动","雷动","铜墙铁壁：增加人物物理防御","2381","-1","0","0","无消耗","-1","0","0","","1","1","","奇经八脉","奇经八脉","9","雷动","雷动","雷动","雷动","雷动","雷动","雷动","无","无","无","无","无","无","无","无","1","2","3","4","5","6","7"
"120013","黄粱","黄粱","千里神行：增加人物速度","2382","-1","0","0","无消耗","-1","0","0","","1","1","","奇经八脉","奇经八脉","10","黄粱","黄粱","黄粱","黄粱","黄粱","黄粱","黄粱","无","无","无","无","无","无","无","无","1","2","3","4","5","6","7"
"120014","补缺","补缺","坚若磐石：增加人物法术防御","2383","-1","0","0","无消耗","-1","0","0","","1","1","","奇经八脉","奇经八脉","11","补缺","补缺","补缺","补缺","补缺","补缺","补缺","无","无","无","无","无","无","无","无","1","2","3","4","5","6","7"
"120015","化身","化身","风驰霆击：增加人物物理暴击","2384","-1","0","0","无消耗","-1","0","0","","1","1","","奇经八脉","奇经八脉","12","化身","化身","化身","化身","化身","化身","化身","无","无","无","无","无","无","无","无","1","2","3","4","5","6","7"
"120016","斗法","斗法","救死扶伤：增加人物治疗强度","2385","-1","0","0","无消耗","-1","0","0","","1","1","","奇经八脉","奇经八脉","13","斗法","斗法","斗法","斗法","斗法","斗法","斗法","无","无","无","无","无","无","无","无","1","2","3","4","5","6","7"
"120017","鬼念","鬼念","道高魔重：增加人物法术抗暴","2386","-1","0","0","无消耗","-1","0","0","","1","1","","奇经八脉","奇经八脉","14","鬼念","鬼念","鬼念","鬼念","鬼念","鬼念","鬼念","无","无","无","无","无","无","无","无","1","2","3","4","5","6","7"
"120018","额外能力","额外能力","干将莫邪：增加人物物理伤害","2379","-1","0","0","无消耗","-1","0","0","","1","1","","奇经八脉","奇经八脉","15","额外能力","额外能力","额外能力","额外能力","额外能力","额外能力","额外能力","无","无","无","无","无","无","无","无","1","2","3","4","5","6","7"
"120019","苦缠","苦缠","气血方刚：增加人物气血","2387","-1","0","0","无消耗","-1","0","0","","1","1","","奇经八脉","奇经八脉","16","苦缠","苦缠","苦缠","苦缠","苦缠","苦缠","苦缠","无","无","无","无","无","无","无","无","1","2","3","4","5","6","7"
"120020","制约","制约","铜墙铁壁：增加人物物理防御","2388","-1","0","0","无消耗","-1","0","0","","1","1","","奇经八脉","奇经八脉","17","制约","制约","制约","制约","制约","制约","制约","无","无","无","无","无","无","无","无","1","2","3","4","5","6","7"
"120021","不倦","不倦","道高魔重：增加人物法术抗暴","2389","-1","0","0","无消耗","-1","0","0","","1","1","","奇经八脉","奇经八脉","18","不倦","不倦","不倦","不倦","不倦","不倦","不倦","无","无","无","无","无","无","无","无","1","2","3","4","5","6","7"
"120022","调息","调息","风驱电击：增加人物法术暴击","2390","-1","0","0","无消耗","-1","0","0","","1","1","","奇经八脉","奇经八脉","19","调息","调息","调息","调息","调息","调息","调息","无","无","无","无","无","无","无","无","1","2","3","4","5","6","7"
"120023","吐纳","吐纳","道高魔重：增加人物法术抗暴","2391","-1","0","0","无消耗","-1","0","0","","1","1","","奇经八脉","奇经八脉","20","吐纳","吐纳","吐纳","吐纳","吐纳","吐纳","吐纳","无","无","无","无","无","无","无","无","1","2","3","4","5","6","7"
"120024","灵威","灵威","杯弓蛇影：增加人物物理抗暴","2392","-1","0","0","无消耗","-1","0","0","","1","1","","奇经八脉","奇经八脉","21","灵威","灵威","灵威","灵威","灵威","灵威","灵威","无","无","无","无","无","无","无","无","1","2","3","4","5","6","7"
"120025","顺势而为","顺势而为","换斗移星：增加人物法术伤害","2393","-1","0","0","无消耗","-1","0","0","","1","1","","奇经八脉","奇经八脉","22","顺势而为","顺势而为","顺势而为","顺势而为","顺势而为","顺势而为","顺势而为","无","无","无","无","无","无","无","无","1","2","3","4","5","6","7"
"120026","灵咒","灵咒","千里神行：增加人物速度","2394","-1","0","0","无消耗","-1","0","0","","1","1","","奇经八脉","奇经八脉","23","灵咒","灵咒","灵咒","灵咒","灵咒","灵咒","灵咒","无","无","无","无","无","无","无","无","1","2","3","4","5","6","7"
"120027","必果","必果","气血方刚：增加人物气血","2395","-1","0","0","无消耗","-1","0","0","","1","1","","奇经八脉","奇经八脉","24","必果","必果","必果","必果","必果","必果","必果","无","无","无","无","无","无","无","无","1","2","3","4","5","6","7"
"120028","精炼","精炼","铜墙铁壁：增加人物物理防御","2396","-1","0","0","无消耗","-1","0","0","","1","1","","奇经八脉","奇经八脉","25","精炼","精炼","精炼","精炼","精炼","精炼","精炼","无","无","无","无","无","无","无","无","1","2","3","4","5","6","7"
"120029","幻变","幻变","救死扶伤：增加人物治疗强度","2397","-1","0","0","无消耗","-1","0","0","","1","1","","奇经八脉","奇经八脉","26","幻变","幻变","幻变","幻变","幻变","幻变","幻变","无","无","无","无","无","无","无","无","1","2","3","4","5","6","7"
"120030","专神","专神","杯弓蛇影：增加人物物理抗暴","2398","-1","0","0","无消耗","-1","0","0","","1","1","","奇经八脉","奇经八脉","27","专神","专神","专神","专神","专神","专神","专神","无","无","无","无","无","无","无","无","1","2","3","4","5","6","7"
"120031","碎甲","碎甲","气血方刚：增加人物气血","2399","-1","0","0","无消耗","-1","0","0","","1","1","","奇经八脉","奇经八脉","28","碎甲","碎甲","碎甲","碎甲","碎甲","碎甲","碎甲","无","无","无","无","无","无","无","无","1","2","3","4","5","6","7"
"120032","拘灵散修","拘灵散修","救死扶伤：增加人物治疗强度，挂金封印：增加人物封印命中","2380","-1","0","0","无消耗","-1","0","0","","1","1","","奇经八脉","奇经八脉","29","拘灵散修","拘灵散修","拘灵散修","拘灵散修","拘灵散修","拘灵散修","拘灵散修","无","无","无","无","无","无","无","无","1","2","3","4","5","6","7"
"130000","变身","变身","三位大王从百兽生死相搏中领悟到的高超武艺。","33","-1","0","0","无消耗","-1","0","0","","1","1","","三位大王从百兽生死相搏中领悟到的高超武艺。大幅度增加物理暴击几率！","狮驼岭基础技能。变身状态下提升物理暴击，是释放鹰击，狮搏，连环击的前提。战斗开始前自动释放一次。","0","狮驼岭基础技能。变身状态下提升物理暴击，是释放鹰击，狮搏，连环击的前提。战斗开始前自动释放一次。","狮驼岭基础技能。变身状态下提升物理暴击，是释放鹰击，狮搏，连环击的前提。战斗开始前自动释放一次。","狮驼岭基础技能。变身状态下提升物理暴击，是释放鹰击，狮搏，连环击的前提。战斗开始前自动释放一次。","狮驼岭基础技能。变身状态下提升物理暴击，是释放鹰击，狮搏，连环击的前提。战斗开始前自动释放一次。","狮驼岭基础技能。变身状态下提升物理暴击，是释放鹰击，狮搏，连环击的前提。战斗开始前自动释放一次。","狮驼岭基础技能。变身状态下提升物理暴击，是释放鹰击，狮搏，连环击的前提。战斗开始前自动释放一次。","狮驼岭基础技能。变身状态下提升物理暴击，是释放鹰击，狮搏，连环击的前提。战斗开始前自动释放一次。","增加变身状态的物理暴击效果。永久增加角色的物理伤害","增加变身状态的物理暴击效果。永久增加角色的物理伤害","增加变身状态的物理暴击效果。永久增加角色的物理伤害","增加变身状态的物理暴击效果。永久增加角色的物理伤害","增加变身状态的物理暴击效果。永久增加角色的物理伤害","增加变身状态的物理暴击效果。永久增加角色的物理伤害","增加变身状态的物理暴击效果。永久增加角色的物理伤害","增加变身状态的物理暴击效果。永久增加角色的物理伤害","1","60","90","200","200","200","200"
"130001","鹰击","鹰击","三大王所创绝技，振翅千里发动攻击，敌人避之不及。","34","100","1.2","10","消耗：$parameter1$魔法","-1","0","0","","480","1","","三大王所创绝技，振翅千里发动攻击，敌人避之不及。","变身状态下，攻击多个目标，下回合休息。非变身状态，使用变身。","1","变身状态下，攻击多个目标，下回合休息。非变身状态，使用变身。","变身状态下，攻击多个目标，下回合休息。非变身状态，使用变身。","变身状态下，攻击多个目标，下回合休息。非变身状态，使用变身。","变身状态下，攻击多个目标，下回合休息。非变身状态，使用变身。","变身状态下，攻击多个目标，下回合休息。非变身状态，使用变身。","变身状态下，攻击多个目标，下回合休息。非变身状态，使用变身。","变身状态下，攻击多个目标，下回合休息。非变身状态，使用变身。","增加使用时的伤害，50级可攻击4个单位。","增加使用时的伤害，70级可攻击5个单位。","增加使用时的伤害，90级可攻击6个单位。","增加使用时的伤害，90级可攻击6个单位。","增加使用时的伤害，90级可攻击6个单位。","增加使用时的伤害，90级可攻击6个单位。","增加使用时的伤害，90级可攻击6个单位。","增加使用时的伤害，90级可攻击6个单位。","1","50","70","90","200","200","200"
"130002","狮搏","狮搏","大大王所创绝技，钢齿钢牙，号令万兽无所不从。","35","100","1.2","10","消耗：$parameter1$魔法","-1","0","0","","480","1","","大大王所创绝技，钢齿钢牙，号令万兽无所不从。","变身状态下，对目标进行强有力的攻击。非变身状态，使用变身。","2","变身状态下，对目标进行强有力的攻击。非变身状态，使用变身。","变身状态下，对目标进行强有力的攻击。非变身状态，使用变身。","变身状态下，对目标进行强有力的攻击。非变身状态，使用变身。","变身状态下，对目标进行强有力的攻击。非变身状态，使用变身。","变身状态下，对目标进行强有力的攻击。非变身状态，使用变身。","变身状态下，对目标进行强有力的攻击。非变身状态，使用变身。","变身状态下，对目标进行强有力的攻击。非变身状态，使用变身。","增加使用时的伤害","增加使用时的伤害","增加使用时的伤害","增加使用时的伤害","增加使用时的伤害","增加使用时的伤害","增加使用时的伤害","增加使用时的伤害","1","200","200","200","200","200","200"
"130003","魔息术","魔息术","以兽王之威，吸纳百兽精魄，恢复精神。","36","100","1.2","10","消耗：$parameter1$魔法","-1","0","0","","4127","1","","以兽王之威，吸纳百兽精魄，恢复精神。","为己方4个单位附加状态，回复魔法。持续4回合。","3","为己方4个单位附加状态，回复魔法。持续4回合。","为己方4个单位附加状态，回复魔法。持续4回合。","为己方4个单位附加状态，回复魔法。持续4回合。","为己方4个单位附加状态，回复魔法。持续4回合。","为己方4个单位附加状态，回复魔法。持续4回合。","为己方4个单位附加状态，回复魔法。持续4回合。","为己方4个单位附加状态，回复魔法。持续4回合。","永久增加角色的速度","永久增加角色的速度","永久增加角色的速度","永久增加角色的速度","永久增加角色的速度","永久增加角色的速度","永久增加角色的速度","永久增加角色的速度","1","60","90","200","200","200","200"
"130004","象形","象形","二大王所创绝技，化鼻为索，让敌人束手待毙。","37","100","1.2","10","消耗：$parameter1$魔法","-1","0","0","","480","1","","二大王所创绝技，化鼻为索，让敌人束手待毙。","对目标进行攻击并使目标进入封印状态1回合，使用休息1回合。","4","对目标进行攻击并使目标进入封印状态1回合，使用休息1回合。","对目标进行攻击并使目标进入封印状态1回合，使用休息1回合。","对目标进行攻击并使目标进入封印状态1回合，使用休息1回合。","对目标进行攻击并使目标进入封印状态1回合，使用休息1回合。","对目标进行攻击并使目标进入封印状态1回合，使用休息1回合。","对目标进行攻击并使目标进入封印状态1回合，使用休息1回合。","对目标进行攻击并使目标进入封印状态1回合，使用休息1回合。","增加使用时的伤害，永久增加角色的封印抵抗","增加使用时的伤害，永久增加角色的封印抵抗","增加使用时的伤害，永久增加角色的封印抵抗","增加使用时的伤害，永久增加角色的封印抵抗","增加使用时的伤害，永久增加角色的封印抵抗","增加使用时的伤害，永久增加角色的封印抵抗","增加使用时的伤害，永久增加角色的封印抵抗","增加使用时的伤害，永久增加角色的封印抵抗","1","200","200","200","200","200","200"
"130005","连环击","连环击","集中全部力量，给与敌人最后的疯狂一击。","38","100","1.2","10","消耗：$parameter1$魔法","-1","0","0","","480","1","","集中全部力量，给与敌人最后的疯狂一击。","变身状态下，对单个敌人进行4次攻击，变身结束并休息一回合。非变身状态，使用变身。","5","变身状态下，对单个敌人进行4次攻击，变身结束并休息一回合。非变身状态，使用变身。","变身状态下，对单个敌人进行4次攻击，变身结束并休息一回合。非变身状态，使用变身。","变身状态下，对单个敌人进行4次攻击，变身结束并休息一回合。非变身状态，使用变身。","变身状态下，对单个敌人进行4次攻击，变身结束并休息一回合。非变身状态，使用变身。","变身状态下，对单个敌人进行4次攻击，变身结束并休息一回合。非变身状态，使用变身。","变身状态下，对单个敌人进行4次攻击，变身结束并休息一回合。非变身状态，使用变身。","变身状态下，对单个敌人进行4次攻击，变身结束并休息一回合。非变身状态，使用变身。","增加使用时的伤害，70级可攻击5次，永久增加角色的气血上限。","增加使用时的伤害，70级可攻击5次，永久增加角色的气血上限。","增加使用时的伤害，90级可攻击6次，永久增加角色的气血上限。","增加使用时的伤害，90级可攻击6次，永久增加角色的气血上限。","增加使用时的伤害，90级可攻击6次，永久增加角色的气血上限。","增加使用时的伤害，90级可攻击6次，永久增加角色的气血上限。","增加使用时的伤害，90级可攻击6次，永久增加角色的气血上限。","增加使用时的伤害，90级可攻击6次，永久增加角色的气血上限。","1","60","70","90","200","200","200"
"130006","神力无穷","神力无穷","三位大王神力无边，脾气也大的很，切莫惹怒。","39","-1","0.667","6","消耗：$parameter1$活力","-1","0","0","","1","1","","三位大王神力无边，脾气也大的很，切莫惹怒。","制造一张临时符，可给腰带增加愤怒上限","6","制造一张临时符，可给腰带增加愤怒上限","制造一张临时符，可给腰带增加愤怒上限","制造一张临时符，可给腰带增加愤怒上限","制造一张临时符，可给腰带增加愤怒上限","制造一张临时符，可给腰带增加愤怒上限","制造一张临时符，可给腰带增加愤怒上限","制造一张临时符，可给腰带增加愤怒上限","增加临时符附加怒气上限的效果","增加临时符附加怒气上限的效果","增加临时符附加怒气上限的效果","增加临时符附加怒气上限的效果","增加临时符附加怒气上限的效果","增加临时符附加怒气上限的效果","增加临时符附加怒气上限的效果","增加临时符附加怒气上限的效果","1","200","200","200","200","200","200"
"130007","鹰击长空","鹰击长空","狮驼岭门派绝技。魔兽能在极度愤怒的情况下，化身上古巨鹰，对敌人发动毁灭性的群体攻击。 ","40","120","0","120","消耗：$parameter1$愤怒","-1","0","0","","480","1","","狮驼岭门派绝技，魔兽能在极度愤怒的情况下，化身上古巨鹰，对敌人发动毁灭性的群体攻击","鹰击的进阶，攻击10个单位，使用后休息1回合","7","鹰击的进阶，攻击10个单位，使用后休息1回合","鹰击的进阶，攻击10个单位，使用后休息1回合","鹰击的进阶，攻击10个单位，使用后休息1回合","鹰击的进阶，攻击10个单位，使用后休息1回合","鹰击的进阶，攻击10个单位，使用后休息1回合","鹰击的进阶，攻击10个单位，使用后休息1回合","鹰击的进阶，攻击10个单位，使用后休息1回合","增加技能使用时的效果","增加技能使用时的效果","增加技能使用时的效果","增加技能使用时的效果","增加技能使用时的效果","增加技能使用时的效果","增加技能使用时的效果","增加技能使用时的效果","1","2","3","4","5","6","7"
"130012","爪印","爪印","铜墙铁壁：增加人物物理防御","2400","-1","0","0","无消耗","-1","0","0","","1","1","","奇经八脉","奇经八脉","9","爪印","爪印","爪印","爪印","爪印","爪印","爪印","无","无","无","无","无","无","无","无","1","2","3","4","5","6","7"
"130013","化血","化血","千里神行：增加人物速度","2401","-1","0","0","无消耗","-1","0","0","","1","1","","奇经八脉","奇经八脉","10","化血","化血","化血","化血","化血","化血","化血","无","无","无","无","无","无","无","无","1","2","3","4","5","6","7"
"130014","威压","威压","坚若磐石：增加人物法术防御","2402","-1","0","0","无消耗","-1","0","0","","1","1","","奇经八脉","奇经八脉","11","威压","威压","威压","威压","威压","威压","威压","无","无","无","无","无","无","无","无","1","2","3","4","5","6","7"
"130015","九天","九天","风驰霆击：增加人物物理暴击","2403","-1","0","0","无消耗","-1","0","0","","1","1","","奇经八脉","奇经八脉","12","九天","九天","九天","九天","九天","九天","九天","无","无","无","无","无","无","无","无","1","2","3","4","5","6","7"
"130016","怒火","怒火","救死扶伤：增加人物治疗强度","2404","-1","0","0","无消耗","-1","0","0","","1","1","","奇经八脉","奇经八脉","13","怒火","怒火","怒火","怒火","怒火","怒火","怒火","无","无","无","无","无","无","无","无","1","2","3","4","5","6","7"
"130017","死地","死地","道高魔重：增加人物法术抗暴","2405","-1","0","0","无消耗","-1","0","0","","1","1","","奇经八脉","奇经八脉","14","死地","死地","死地","死地","死地","死地","死地","无","无","无","无","无","无","无","无","1","2","3","4","5","6","7"
"130018","额外能力","额外能力","干将莫邪：增加人物物理伤害","2379","-1","0","0","无消耗","-1","0","0","","1","1","","奇经八脉","奇经八脉","15","额外能力","额外能力","额外能力","额外能力","额外能力","额外能力","额外能力","无","无","无","无","无","无","无","无","1","2","3","4","5","6","7"
"130019","迅捷","迅捷","气血方刚：增加人物气血","2406","-1","0","0","无消耗","-1","0","0","","1","1","","奇经八脉","奇经八脉","16","迅捷","迅捷","迅捷","迅捷","迅捷","迅捷","迅捷","无","无","无","无","无","无","无","无","1","2","3","4","5","6","7"
"130020","宁息","宁息","铜墙铁壁：增加人物物理防御","2407","-1","0","0","无消耗","-1","0","0","","1","1","","奇经八脉","奇经八脉","17","宁息","宁息","宁息","宁息","宁息","宁息","宁息","无","无","无","无","无","无","无","无","1","2","3","4","5","6","7"
"130021","怒象","怒象","道高魔重：增加人物法术抗暴","2408","-1","0","0","无消耗","-1","0","0","","1","1","","奇经八脉","奇经八脉","18","怒象","怒象","怒象","怒象","怒象","怒象","怒象","无","无","无","无","无","无","无","无","1","2","3","4","5","6","7"
"130022","魔息","魔息","风驱电击：增加人物法术暴击","2409","-1","0","0","无消耗","-1","0","0","","1","1","","奇经八脉","奇经八脉","19","魔息","魔息","魔息","魔息","魔息","魔息","魔息","无","无","无","无","无","无","无","无","1","2","3","4","5","6","7"
"130023","狂袭","狂袭","道高魔重：增加人物法术抗暴","2410","-1","0","0","无消耗","-1","0","0","","1","1","","奇经八脉","奇经八脉","20","狂袭","狂袭","狂袭","狂袭","狂袭","狂袭","狂袭","无","无","无","无","无","无","无","无","1","2","3","4","5","6","7"
"130024","乱击","乱击","杯弓蛇影：增加人物物理抗暴","2411","-1","0","0","无消耗","-1","0","0","","1","1","","奇经八脉","奇经八脉","21","乱击","乱击","乱击","乱击","乱击","乱击","乱击","无","无","无","无","无","无","无","无","1","2","3","4","5","6","7"
"130025","背水","背水","换斗移星：增加人物法术伤害","2412","-1","0","0","无消耗","-1","0","0","","1","1","","奇经八脉","奇经八脉","22","背水","背水","背水","背水","背水","背水","背水","无","无","无","无","无","无","无","无","1","2","3","4","5","6","7"
"130026","驭兽","驭兽","千里神行：增加人物速度","2413","-1","0","0","无消耗","-1","0","0","","1","1","","奇经八脉","奇经八脉","23","驭兽","驭兽","驭兽","驭兽","驭兽","驭兽","驭兽","无","无","无","无","无","无","无","无","1","2","3","4","5","6","7"
"130027","兽王","兽王","气血方刚：增加人物气血","2414","-1","0","0","无消耗","-1","0","0","","1","1","","奇经八脉","奇经八脉","24","兽王","兽王","兽王","兽王","兽王","兽王","兽王","无","无","无","无","无","无","无","无","1","2","3","4","5","6","7"
"130028","虎啸","虎啸","铜墙铁壁：增加人物物理防御","2415","-1","0","0","无消耗","-1","0","0","","1","1","","奇经八脉","奇经八脉","25","虎啸","虎啸","虎啸","虎啸","虎啸","虎啸","虎啸","无","无","无","无","无","无","无","无","1","2","3","4","5","6","7"
"130029","协战","协战","救死扶伤：增加人物治疗强度","2416","-1","0","0","无消耗","-1","0","0","","1","1","","奇经八脉","奇经八脉","26","协战","协战","协战","协战","协战","协战","协战","无","无","无","无","无","无","无","无","1","2","3","4","5","6","7"
"130030","癫狂","癫狂","杯弓蛇影：增加人物物理抗暴","2417","-1","0","0","无消耗","-1","0","0","","1","1","","奇经八脉","奇经八脉","27","癫狂","癫狂","癫狂","癫狂","癫狂","癫狂","癫狂","无","无","无","无","无","无","无","无","1","2","3","4","5","6","7"
"130031","肝胆","肝胆","气血方刚：增加人物气血","2418","-1","0","0","无消耗","-1","0","0","","1","1","","奇经八脉","奇经八脉","28","肝胆","肝胆","肝胆","肝胆","肝胆","肝胆","肝胆","无","无","无","无","无","无","无","无","1","2","3","4","5","6","7"
"130032","嗜血狂魔","嗜血狂魔","救死扶伤：增加人物治疗强度，挂金封印：增加人物封印命中","2380","-1","0","0","无消耗","-1","0","0","","1","1","","奇经八脉","奇经八脉","29","嗜血狂魔","嗜血狂魔","嗜血狂魔","嗜血狂魔","嗜血狂魔","嗜血狂魔","嗜血狂魔","无","无","无","无","无","无","无","无","1","2","3","4","5","6","7"
"140000","拘魂诀","拘魂诀","夜半鬼索魂，哀哭骇人心，拘魂乃地府天责。","41","-1","0","0","无消耗","-1","0","0","","1","1","","夜半鬼索魂，哀哭骇人心，拘魂乃地府天责。","阴曹地府基础技能。","1","阴曹地府基础技能。","阴曹地府基础技能。","阴曹地府基础技能。","阴曹地府基础技能。","阴曹地府基础技能。","阴曹地府基础技能。","阴曹地府基础技能。","永久增加角色的气血","永久增加角色的气血上限","永久增加角色的气血上限","永久增加角色的气血上限","永久增加角色的气血上限","永久增加角色的气血上限","永久增加角色的气血上限","永久增加角色的气血上限","1","200","200","200","200","200","200"
"140001","阎罗令","阎罗令","阎罗王是地狱的主宰，控制人间生死。","42","100","2.4","10","消耗：$parameter1$魔法","-1","0","0","","480","1","","阎罗王是地狱的主宰，控制人间生死。","法术攻击3个目标，玩家施法对首目标附加六道轮回。","2","法术攻击3个目标，玩家施法对首目标附加六道轮回。","法术攻击3个目标，玩家施法对首目标附加六道轮回。","法术攻击3个目标，玩家施法对首目标附加六道轮回。","法术攻击3个目标，玩家施法对首目标附加六道轮回。","法术攻击3个目标，玩家施法对首目标附加六道轮回。","法术攻击3个目标，玩家施法对首目标附加六道轮回。","法术攻击3个目标，玩家施法对首目标附加六道轮回。","增加使用时的伤害，60级可攻击4个目标。","增加使用时的伤害，70级可攻击5个目标。","增加使用时的伤害，70级可攻击5个目标。","增加使用时的伤害，70级可攻击5个目标。","增加使用时的伤害，70级可攻击5个目标。","增加使用时的伤害，70级可攻击5个目标。","增加使用时的伤害，70级可攻击5个目标。","增加使用时的伤害，70级可攻击5个目标。","1","60","70","90","200","200","200"
"140002","尸腐毒","尸腐毒","千年僵尸所带剧毒，触之，轻则伤，重则亡。","43","100","1.2","10","消耗：$parameter1$魔法","-1","0","0","","480","1","","千年僵尸所带剧毒，触之，轻则伤，重则亡。","使目标中毒5回合。给队友回复气血，无法回复宠物。","3","使目标中毒5回合。给队友回复气血，无法回复宠物。","使目标中毒5回合。给队友回复气血，无法回复宠物。","使目标中毒5回合。给队友回复气血，无法回复宠物。","使目标中毒5回合。给队友回复气血，无法回复宠物。","使目标中毒5回合。给队友回复气血，无法回复宠物。","使目标中毒5回合。给队友回复气血，无法回复宠物。","使目标中毒5回合。给队友回复气血，无法回复宠物。","增加伤害和治疗效果，永久增加角色的封印抵抗","增加伤害和治疗效果，永久增加角色的封印抵抗","增加伤害和治疗效果，永久增加角色的封印抵抗","增加伤害和治疗效果，永久增加角色的封印抵抗","增加伤害和治疗效果，永久增加角色的封印抵抗","增加伤害和治疗效果，永久增加角色的封印抵抗","增加伤害和治疗效果，永久增加角色的封印抵抗","增加伤害和治疗效果，永久增加角色的封印抵抗","1","200","200","200","200","200","200"
"140003","六道轮回","六道轮回","天、人、鬼、畜、修罗、地狱，参透六道，洞察众生弱点。","44","100","1.2","10","消耗：$parameter1$魔法","-1","0","0","","480","1","","天、人、鬼、畜、修罗、地狱，参透六道，洞察众生弱点。","降低敌方4个单位的物理防御，持续5回合","4","降低敌方4个单位的物理防御，持续5回合","降低敌方4个单位的物理防御，持续5回合","降低敌方4个单位的物理防御，持续5回合","降低敌方4个单位的物理防御，持续5回合","降低敌方4个单位的物理防御，持续5回合","降低敌方4个单位的物理防御，持续5回合","降低敌方4个单位的物理防御，持续5回合","60级可作用5个单位，永久增加角色的速度。","60级可作用5个单位，永久增加角色的速度。","60级可作用5个单位，永久增加角色的速度。","60级可作用5个单位，永久增加角色的速度。","60级可作用5个单位，永久增加角色的速度。","60级可作用5个单位，永久增加角色的速度。","60级可作用5个单位，永久增加角色的速度。","60级可作用5个单位，永久增加角色的速度。","1","50","70","90","200","200","200"
"140004","修罗隐身","修罗隐身","将日月交替之际的黄昏花蕾召唤而来，催眠敌人。","45","100","1.2","10","消耗：$parameter1$魔法","-1","0","0","","4127","1","","将日月交替之际的黄昏花蕾召唤而来，催眠敌人。","给己方附加隐身状态，提升物理伤害结果，持续3回合。隐身下使用法术、特技、立即显形。","5","给己方附加隐身状态，提升物理伤害结果，持续3回合。隐身下使用法术、特技、立即显形。","给己方附加隐身状态，提升物理伤害结果，持续3回合。隐身下使用法术、特技、立即显形。","给己方附加隐身状态，提升物理伤害结果，持续3回合。隐身下使用法术、特技、立即显形。","给己方附加隐身状态，提升物理伤害结果，持续3回合。隐身下使用法术、特技、立即显形。","给己方附加隐身状态，提升物理伤害结果，持续3回合。隐身下使用法术、特技、立即显形。","给己方附加隐身状态，提升物理伤害结果，持续3回合。隐身下使用法术、特技、立即显形。","给己方附加隐身状态，提升物理伤害结果，持续3回合。隐身下使用法术、特技、立即显形。","永久增加角色的封印抵抗","永久增加角色的封印抵抗","永久增加角色的封印抵抗","永久增加角色的封印抵抗","永久增加角色的封印抵抗","永久增加角色的封印抵抗","永久增加角色的封印抵抗","永久增加角色的封印抵抗","1","60","200","200","200","200","200"
"140005","幽冥鬼眼","幽冥鬼眼","鬼眼幽幽，练就鬼眼，可以看见常人看不见的咒印。","46","100","1.2","10","消耗：$parameter1$魔法","-1","0","0","","4127","1","","鬼眼幽幽，练就鬼眼，可以看见常人看不见的咒印。","战斗中提高己方多人封印抵抗，并使其可以攻击隐身单位。","6","战斗中提高己方多人封印抵抗，并使其可以攻击隐身单位。","战斗中提高己方多人封印抵抗，并使其可以攻击隐身单位。","战斗中提高己方多人封印抵抗，并使其可以攻击隐身单位。","战斗中提高己方多人封印抵抗，并使其可以攻击隐身单位。","战斗中提高己方多人封印抵抗，并使其可以攻击隐身单位。","战斗中提高己方多人封印抵抗，并使其可以攻击隐身单位。","战斗中提高己方多人封印抵抗，并使其可以攻击隐身单位。","增加作用效果，永久增加角色的治疗强度。","增加作用效果，永久增加角色的治疗强度。","增加作用效果，永久增加角色的治疗强度。","增加作用效果，永久增加角色的治疗强度。","增加作用效果，永久增加角色的治疗强度。","增加作用效果，永久增加角色的治疗强度。","增加作用效果，永久增加角色的治疗强度。","增加作用效果，永久增加角色的治疗强度。","1","50","60","70","90","200","200"
"140006","尸气漫天","尸气漫天","汲取阴司幽冥之气，得到法力难侵的神秘力量。","47","-1","0.667","6","消耗：$parameter1$活力","-1","0","0","","1","1","","汲取阴司幽冥之气，得到法力难侵的神秘力量。","制造一张临时符，给鞋子增加法术防御。","7","制造一张临时符，给鞋子增加法术防御。","制造一张临时符，给鞋子增加法术防御。","制造一张临时符，给鞋子增加法术防御。","制造一张临时符，给鞋子增加法术防御。","制造一张临时符，给鞋子增加法术防御。","制造一张临时符，给鞋子增加法术防御。","制造一张临时符，给鞋子增加法术防御。","增加临时符附加法术防御的效果","增加临时符附加法术防御的效果","增加临时符附加法术防御的效果","增加临时符附加法术防御的效果","增加临时符附加法术防御的效果","增加临时符附加法术防御的效果","增加临时符附加法术防御的效果","增加临时符附加法术防御的效果","1","200","200","200","200","200","200"
"140007","锁魂判官","锁魂判官","阴曹地府门派绝技。喜荣华正好，恨无常又到。地府判官专司锁魂判罪。 ","48","120","0","120","消耗：$parameter1$愤怒","-1","0","0","","480","1","","阴曹地府门派绝技。喜荣华正好，恨无常又到。地府判官专司锁魂判罪。 ","对目标造成伤害，使其6回合内无法被复活。使用后休息一回合。","8","对目标造成伤害，使其6回合内无法被复活。使用后休息一回合。","对目标造成伤害，使其6回合内无法被复活。使用后休息一回合。","对目标造成伤害，使其6回合内无法被复活。使用后休息一回合。","对目标造成伤害，使其6回合内无法被复活。使用后休息一回合。","对目标造成伤害，使其6回合内无法被复活。使用后休息一回合。","对目标造成伤害，使其6回合内无法被复活。使用后休息一回合。","对目标造成伤害，使其6回合内无法被复活。使用后休息一回合。","增加技能使用时的效果","增加技能使用时的效果","增加技能使用时的效果","增加技能使用时的效果","增加技能使用时的效果","增加技能使用时的效果","增加技能使用时的效果","增加技能使用时的效果","1","2","3","4","5","6","7"
"140012","阎罗","阎罗","铜墙铁壁：增加人物物理防御","2419","-1","0","0","无消耗","-1","0","0","","1","1","","奇经八脉","奇经八脉","9","阎罗","阎罗","阎罗","阎罗","阎罗","阎罗","阎罗","无","无","无","无","无","无","无","无","1","2","3","4","5","6","7"
"140013","入骨","入骨","千里神行：增加人物速度","2420","-1","0","0","无消耗","-1","0","0","","1","1","","奇经八脉","奇经八脉","10","入骨","入骨","入骨","入骨","入骨","入骨","入骨","无","无","无","无","无","无","无","无","1","2","3","4","5","6","7"
"140014","索魂","索魂","坚若磐石：增加人物法术防御","2421","-1","0","0","无消耗","-1","0","0","","1","1","","奇经八脉","奇经八脉","11","索魂","索魂","索魂","索魂","索魂","索魂","索魂","无","无","无","无","无","无","无","无","1","2","3","4","5","6","7"
"140015","黄泉","黄泉","风驰霆击：增加人物物理暴击","2422","-1","0","0","无消耗","-1","0","0","","1","1","","奇经八脉","奇经八脉","12","黄泉","黄泉","黄泉","黄泉","黄泉","黄泉","黄泉","无","无","无","无","无","无","无","无","1","2","3","4","5","6","7"
"140016","幽光","幽光","救死扶伤：增加人物治疗强度","2423","-1","0","0","无消耗","-1","0","0","","1","1","","奇经八脉","奇经八脉","13","幽光","幽光","幽光","幽光","幽光","幽光","幽光","无","无","无","无","无","无","无","无","1","2","3","4","5","6","7"
"140017","魂飞","魂飞","道高魔重：增加人物法术抗暴","2424","-1","0","0","无消耗","-1","0","0","","1","1","","奇经八脉","奇经八脉","14","魂飞","魂飞","魂飞","魂飞","魂飞","魂飞","魂飞","无","无","无","无","无","无","无","无","1","2","3","4","5","6","7"
"140018","额外能力","额外能力","干将莫邪：增加人物物理伤害","2379","-1","0","0","无消耗","-1","0","0","","1","1","","奇经八脉","奇经八脉","15","额外能力","额外能力","额外能力","额外能力","额外能力","额外能力","额外能力","无","无","无","无","无","无","无","无","1","2","3","4","5","6","7"
"140019","回旋","回旋","气血方刚：增加人物气血","2425","-1","0","0","无消耗","-1","0","0","","1","1","","奇经八脉","奇经八脉","16","回旋","回旋","回旋","回旋","回旋","回旋","回旋","无","无","无","无","无","无","无","无","1","2","3","4","5","6","7"
"140020","聚魂","聚魂","铜墙铁壁：增加人物物理防御","2426","-1","0","0","无消耗","-1","0","0","","1","1","","奇经八脉","奇经八脉","17","聚魂","聚魂","聚魂","聚魂","聚魂","聚魂","聚魂","无","无","无","无","无","无","无","无","1","2","3","4","5","6","7"
"140021","伤魂","伤魂","道高魔重：增加人物法术抗暴","2427","-1","0","0","无消耗","-1","0","0","","1","1","","奇经八脉","奇经八脉","18","伤魂","伤魂","伤魂","伤魂","伤魂","伤魂","伤魂","无","无","无","无","无","无","无","无","1","2","3","4","5","6","7"
"140022","幽冥","幽冥","风驱电击：增加人物法术暴击","2428","-1","0","0","无消耗","-1","0","0","","1","1","","奇经八脉","奇经八脉","19","幽冥","幽冥","幽冥","幽冥","幽冥","幽冥","幽冥","无","无","无","无","无","无","无","无","1","2","3","4","5","6","7"
"140023","泉爆","泉爆","道高魔重：增加人物法术抗暴","2429","-1","0","0","无消耗","-1","0","0","","1","1","","奇经八脉","奇经八脉","20","泉爆","泉爆","泉爆","泉爆","泉爆","泉爆","泉爆","无","无","无","无","无","无","无","无","1","2","3","4","5","6","7"
"140024","汲魂","汲魂","杯弓蛇影：增加人物物理抗暴","2430","-1","0","0","无消耗","-1","0","0","","1","1","","奇经八脉","奇经八脉","21","汲魂","汲魂","汲魂","汲魂","汲魂","汲魂","汲魂","无","无","无","无","无","无","无","无","1","2","3","4","5","6","7"
"140025","魍魉追魂","魍魉追魂","换斗移星：增加人物法术伤害","2431","-1","0","0","100点魔法","-1","0","0","","1","1","","奇经八脉","奇经八脉","22","魍魉追魂","魍魉追魂","魍魉追魂","魍魉追魂","魍魉追魂","魍魉追魂","魍魉追魂","【冷却】4回合","【冷却】4回合","【冷却】4回合","【冷却】4回合","【冷却】4回合","【冷却】4回合","【冷却】4回合","【冷却】4回合","1","2","3","4","5","6","7"
"140026","夜行","夜行","千里神行：增加人物速度","2432","-1","0","0","无消耗","-1","0","0","","1","1","","奇经八脉","奇经八脉","23","夜行","夜行","夜行","夜行","夜行","夜行","夜行","无","无","无","无","无","无","无","无","1","2","3","4","5","6","7"
"140027","拘魄","拘魄","气血方刚：增加人物气血","2433","-1","0","0","无消耗","-1","0","0","","1","1","","奇经八脉","奇经八脉","24","拘魄","拘魄","拘魄","拘魄","拘魄","拘魄","拘魄","无","无","无","无","无","无","无","无","1","2","3","4","5","6","7"
"140028","瘴幕","瘴幕","铜墙铁壁：增加人物物理防御","2434","-1","0","0","无消耗","-1","0","0","","1","1","","奇经八脉","奇经八脉","25","瘴幕","瘴幕","瘴幕","瘴幕","瘴幕","瘴幕","瘴幕","无","无","无","无","无","无","无","无","1","2","3","4","5","6","7"
"140029","冥视","冥视","救死扶伤：增加人物治疗强度","2435","-1","0","0","无消耗","-1","0","0","","1","1","","奇经八脉","奇经八脉","26","冥视","冥视","冥视","冥视","冥视","冥视","冥视","无","无","无","无","无","无","无","无","1","2","3","4","5","6","7"
"140030","鬼火","鬼火","杯弓蛇影：增加人物物理抗暴","2436","-1","0","0","无消耗","-1","0","0","","1","1","","奇经八脉","奇经八脉","27","鬼火","鬼火","鬼火","鬼火","鬼火","鬼火","鬼火","无","无","无","无","无","无","无","无","1","2","3","4","5","6","7"
"140031","扼命","扼命","气血方刚：增加人物气血","2437","-1","0","0","无消耗","-1","0","0","","1","1","","奇经八脉","奇经八脉","28","扼命","扼命","扼命","扼命","扼命","扼命","扼命","无","无","无","无","无","无","无","无","1","2","3","4","5","6","7"
"140032","勾魂阎罗","勾魂阎罗","救死扶伤：增加人物治疗强度，挂金封印：增加人物封印命中","2380","-1","0","0","无消耗","-1","0","0","","1","1","","奇经八脉","奇经八脉","29","勾魂阎罗","勾魂阎罗","勾魂阎罗","勾魂阎罗","勾魂阎罗","勾魂阎罗","勾魂阎罗","无","无","无","无","无","无","无","无","1","2","3","4","5","6","7"
"150000","九龙诀","九龙诀","九龙出水鬼神惊，扶摇直上云霄里。","49","-1","0","0","无消耗","-1","0","0","","1","1","","九龙出水鬼神惊，扶摇直上云霄里。大幅度增加法术连接几率！","龙宫基础技能。","1","龙宫基础技能。","龙宫基础技能。","龙宫基础技能。","龙宫基础技能。","龙宫基础技能。","龙宫基础技能。","龙宫基础技能。","永久增加角色的法术伤害、气血","永久增加角色的法术伤害、气血","永久增加角色的法术伤害、气血","永久增加角色的法术伤害、气血","永久增加角色的法术伤害、气血","永久增加角色的法术伤害、气血","永久增加角色的法术伤害、气血","永久增加角色的法术伤害、气血","1","200","200","200","200","200","200"
"150001","龙卷雨击","龙卷雨击","云从龙，风从雨，龙举四海之力，毁天灭地。","50","100","2.4","10","消耗：$parameter1$魔法","-1","0","0","","480","1","","云从龙，风从雨，龙举四海之力，毁天灭地。","法术攻击6个目标","2","法术攻击多个目标。","法术攻击多个目标。","法术攻击多个目标。","法术攻击多个目标。","法术攻击多个目标。","法术攻击多个目标。","法术攻击多个目标。","增加使用时的伤害，60级可攻击5个目标。","增加使用时的伤害，90级可攻击6个目标。","增加使用时的伤害，90级可攻击6个目标。","增加使用时的伤害，90级可攻击7个目标。","增加使用时的伤害，90级可攻击7个目标。","增加使用时的伤害，90级可攻击7个目标。","增加使用时的伤害，90级可攻击7个目标。","增加使用时的伤害，90级可攻击7个目标。","1","60","70","90","200","200","200"
"150002","龙腾","龙腾","龙腾四海，浩大声势让世人惊叹。","51","100","2.4","10","消耗：$parameter1$魔法","-1","0","0","","480","1","","龙腾四海，浩大声势让世人惊叹。","法术攻击单个目标。","3","法术攻击单个目标。","法术攻击单个目标。","法术攻击单个目标。","法术攻击单个目标。","法术攻击单个目标。","法术攻击单个目标。","法术攻击单个目标。","增加使用时的伤害","增加使用时的伤害","增加使用时的伤害","增加使用时的伤害","增加使用时的伤害","增加使用时的伤害","增加使用时的伤害","增加使用时的伤害","1","200","200","200","200","200","200"
"150003","逆鳞","逆鳞","龙喉下有逆鳞，触之必怒，怒则天地变色。","52","100","2.4","10","消耗：$parameter1$魔法","-1","0","0","","1","1","","龙喉下有逆鳞，触之必怒，怒则天地变色。","提升自己的法术连击概率和法连伤害，持续5回合。","4","提升自己的法术连击概率和法连伤害，持续5回合。","提升自己的法术连击概率和法连伤害，持续5回合。","提升自己的法术连击概率和法连伤害，持续5回合。","提升自己的法术连击概率和法连伤害，持续5回合。","提升自己的法术连击概率和法连伤害，持续5回合。","提升自己的法术连击概率和法连伤害，持续5回合。","提升自己的法术连击概率和法连伤害，持续5回合。","永久增加角色的速度","永久增加角色的速度","永久增加角色的速度","永久增加角色的速度","永久增加角色的速度","永久增加角色的速度","永久增加角色的速度","永久增加角色的速度","1","60","200","200","200","200","200"
"150004","龙吟","龙吟","神龙长吟，鬼神心惊。龙族绝技，声势骇人。","53","100","2.4","10","消耗：$parameter1$魔法","-1","0","0","","480","1","","神龙长吟，鬼神心惊。龙族绝技，声势骇人。","法术攻击敌方全体，消耗目标魔法。","5","法术攻击敌方全体，消耗目标魔法。","法术攻击敌方全体，消耗目标魔法。","法术攻击敌方全体，消耗目标魔法。","法术攻击敌方全体，消耗目标魔法。","法术攻击敌方全体，消耗目标魔法。","法术攻击敌方全体，消耗目标魔法。","法术攻击敌方全体，消耗目标魔法。","增加使用时的伤害和消耗对方魔法。永久增加角色的封印抵抗","增加使用时的伤害和消耗对方魔法。永久增加角色的封印抵抗","增加使用时的伤害和消耗对方魔法。永久增加角色的封印抵抗","增加使用时的伤害和消耗对方魔法。永久增加角色的封印抵抗","增加使用时的伤害和消耗对方魔法。永久增加角色的封印抵抗","增加使用时的伤害和消耗对方魔法。永久增加角色的封印抵抗","增加使用时的伤害和消耗对方魔法。永久增加角色的封印抵抗","增加使用时的伤害和消耗对方魔法。永久增加角色的封印抵抗","1","200","200","200","200","200","200"
"150005","清心","清心","召唤风雨的神奇力量，清除一切无名毒咒。","54","100","2.4","10","消耗：$parameter1$魔法","-1","0","0","","4127","1","","召唤风雨的神奇力量，清除一切无名毒咒。","净化友方单位的异常状态.","6","净化友方单位的异常状态.","净化友方单位的异常状态.","净化友方单位的异常状态.","净化友方单位的异常状态.","净化友方单位的异常状态.","净化友方单位的异常状态.","净化友方单位的异常状态.","增加气血回复效果。永久增加角色的法术防御","增加气血回复效果。永久增加角色的法术防御","增加气血回复效果。永久增加角色的法术防御","增加气血回复效果。永久增加角色的法术防御","增加气血回复效果。永久增加角色的法术防御","增加气血回复效果。永久增加角色的法术防御","增加气血回复效果。永久增加角色的法术防御","增加气血回复效果。永久增加角色的法术防御","1","200","200","200","200","200","200"
"150006","龙附","龙附","龙，四灵之首，有着神奇而骇人的力量。","55","-1","0.667","6","消耗：$parameter1$活力","-1","0","0","","1","1","","龙，四灵之首，有着神奇而骇人的力量。","制造一张临时符，给武器增加物理伤害。 ","7","制造一张临时符，给武器增加物理伤害。 ","制造一张临时符，给武器增加物理伤害。 ","制造一张临时符，给武器增加物理伤害。 ","制造一张临时符，给武器增加物理伤害。 ","制造一张临时符，给武器增加物理伤害。 ","制造一张临时符，给武器增加物理伤害。 ","制造一张临时符，给武器增加物理伤害。 ","增加临时符附加物理伤害的效果","增加临时符附加物理伤害的效果","增加临时符附加物理伤害的效果","增加临时符附加物理伤害的效果","增加临时符附加物理伤害的效果","增加临时符附加物理伤害的效果","增加临时符附加物理伤害的效果","增加临时符附加物理伤害的效果","1","200","200","200","200","200","200"
"150007","魔浪滔天","魔浪滔天","龙宫门派绝技，召唤上古魔龙化身，掀起滔天魔浪，气海空虚之人无法抵抗这声势浩大的一击。","56","120","0","120","消耗：$parameter1$愤怒","-1","0","0","","480","1","","龙宫门派绝技，召唤上古魔龙化身，掀起滔天魔浪，气海空虚之人无法抵抗这声势浩大的一击。","对敌方全体单位造成法术伤害，目标已损失魔法值越多，伤害越高。最高为龙卷雨击伤害的200％。","8","对敌方全体单位造成法术伤害，目标已损失魔法值越多，伤害越高。最高为龙卷雨击伤害的200％。","对敌方7个单位造成极端法术伤害，目标剩余的魔法值越少，伤害越高，最高为龙卷雨击伤害的200%。","对敌方7个单位造成极端法术伤害，目标剩余的魔法值越少，伤害越高，最高为龙卷雨击伤害的200%。","对敌方7个单位造成极端法术伤害，目标剩余的魔法值越少，伤害越高，最高为龙卷雨击伤害的260%。","对敌方全体单位造成法术伤害，目标已损失魔法值越多，伤害越高。最高为龙卷雨击伤害的200％。","对敌方全体单位造成法术伤害，目标已损失魔法值越多，伤害越高。最高为龙卷雨击伤害的200％。","对敌方全体单位造成法术伤害，目标已损失魔法值越多，伤害越高。最高为龙卷雨击伤害的200％。","增加技能使用时的效果","增加技能使用时的效果","增加技能使用时的效果","增加技能使用时的效果","增加技能使用时的效果","增加技能使用时的效果","增加技能使用时的效果","增加技能使用时的效果","1","2","3","4","5","6","7"
"150012","波涛","波涛","铜墙铁壁：增加人物物理防御","2438","-1","0","0","无消耗","-1","0","0","","1","1","","奇经八脉","奇经八脉","9","波涛","波涛","波涛","波涛","波涛","波涛","波涛","无","无","无","无","无","无","无","无","1","2","3","4","5","6","7"
"150013","叱咤","叱咤","千里神行：增加人物速度","2439","-1","0","0","无消耗","-1","0","0","","1","1","","奇经八脉","奇经八脉","10","叱咤","叱咤","叱咤","叱咤","叱咤","叱咤","叱咤","无","无","无","无","无","无","无","无","1","2","3","4","5","6","7"
"150014","逐浪","逐浪","坚若磐石：增加人物法术防御","2440","-1","0","0","无消耗","-1","0","0","","1","1","","奇经八脉","奇经八脉","11","逐浪","逐浪","逐浪","逐浪","逐浪","逐浪","逐浪","无","无","无","无","无","无","无","无","1","2","3","4","5","6","7"
"150015","龙慑","龙慑","风驰霆击：增加人物物理暴击","2441","-1","0","0","无消耗","-1","0","0","","1","1","","奇经八脉","奇经八脉","12","龙慑","龙慑","龙慑","龙慑","龙慑","龙慑","龙慑","无","无","无","无","无","无","无","无","1","2","3","4","5","6","7"
"150016","骇浪","骇浪","救死扶伤：增加人物治疗强度","2442","-1","0","0","无消耗","-1","0","0","","1","1","","奇经八脉","奇经八脉","13","骇浪","骇浪","骇浪","骇浪","骇浪","骇浪","骇浪","无","无","无","无","无","无","无","无","1","2","3","4","5","6","7"
"150017","汹涌","汹涌","道高魔重：增加人物法术抗暴","2443","-1","0","0","无消耗","-1","0","0","","1","1","","奇经八脉","奇经八脉","14","汹涌","汹涌","汹涌","汹涌","汹涌","汹涌","汹涌","无","无","无","无","无","无","无","无","1","2","3","4","5","6","7"
"150018","额外能力","额外能力","干将莫邪：增加人物物理伤害","2379","-1","0","0","无消耗","-1","0","0","","1","1","","奇经八脉","奇经八脉","15","额外能力","额外能力","额外能力","额外能力","额外能力","额外能力","额外能力","无","无","无","无","无","无","无","无","1","2","3","4","5","6","7"
"150019","破浪","破浪","气血方刚：增加人物气血","2444","-1","0","0","无消耗","-1","0","0","","1","1","","奇经八脉","奇经八脉","16","破浪","破浪","破浪","破浪","破浪","破浪","破浪","无","无","无","无","无","无","无","无","1","2","3","4","5","6","7"
"150020","踏涛","踏涛","铜墙铁壁：增加人物物理防御","2445","-1","0","0","无消耗","-1","0","0","","1","1","","奇经八脉","奇经八脉","17","踏涛","踏涛","踏涛","踏涛","踏涛","踏涛","踏涛","无","无","无","无","无","无","无","无","1","2","3","4","5","6","7"
"150021","龙珠","龙珠","道高魔重：增加人物法术抗暴","2446","-1","0","0","无消耗","-1","0","0","","1","1","","奇经八脉","奇经八脉","18","龙珠","龙珠","龙珠","龙珠","龙珠","龙珠","龙珠","无","无","无","无","无","无","无","无","1","2","3","4","5","6","7"
"150022","傲翔","傲翔","风驱电击：增加人物法术暴击","2447","-1","0","0","无消耗","-1","0","0","","1","1","","奇经八脉","奇经八脉","19","傲翔","傲翔","傲翔","傲翔","傲翔","傲翔","傲翔","无","无","无","无","无","无","无","无","1","2","3","4","5","6","7"
"150023","月光","月光","道高魔重：增加人物法术抗暴","2448","-1","0","0","无消耗","-1","0","0","","1","1","","奇经八脉","奇经八脉","20","月光","月光","月光","月光","月光","月光","月光","无","无","无","无","无","无","无","无","1","2","3","4","5","6","7"
"150024","龙魄","龙魄","杯弓蛇影：增加人物物理抗暴","2449","-1","0","0","无消耗","-1","0","0","","1","1","","奇经八脉","奇经八脉","21","龙魄","龙魄","龙魄","龙魄","龙魄","龙魄","龙魄","无","无","无","无","无","无","无","无","1","2","3","4","5","6","7"
"150025","亢龙归海","亢龙归海","换斗移星：增加人物法术伤害","2450","-1","0","0","200点魔法","-1","0","0","","1","1","","奇经八脉","奇经八脉","22","亢龙归海","亢龙归海","亢龙归海","亢龙归海","亢龙归海","亢龙归海","亢龙归海","6回合，战斗开始时具有3回合冷却","6回合，战斗开始时具有3回合冷却","6回合，战斗开始时具有3回合冷却","6回合，战斗开始时具有3回合冷却","6回合，战斗开始时具有3回合冷却","6回合，战斗开始时具有3回合冷却","6回合，战斗开始时具有3回合冷却","6回合，战斗开始时具有3回合冷却","1","2","3","4","5","6","7"
"150026","狂浪","狂浪","千里神行：增加人物速度","2451","-1","0","0","无消耗","-1","0","0","","1","1","","奇经八脉","奇经八脉","23","狂浪","狂浪","狂浪","狂浪","狂浪","狂浪","狂浪","无","无","无","无","无","无","无","无","1","2","3","4","5","6","7"
"150027","龙哮","龙哮","气血方刚：增加人物气血","2452","-1","0","0","无消耗","-1","0","0","","1","1","","奇经八脉","奇经八脉","24","龙哮","龙哮","龙哮","龙哮","龙哮","龙哮","龙哮","无","无","无","无","无","无","无","无","1","2","3","4","5","6","7"
"150028","龙息","龙息","铜墙铁壁：增加人物物理防御","2453","-1","0","0","无消耗","-1","0","0","","1","1","","奇经八脉","奇经八脉","25","龙息","龙息","龙息","龙息","龙息","龙息","龙息","无","无","无","无","无","无","无","无","1","2","3","4","5","6","7"
"150029","飞龙","飞龙","救死扶伤：增加人物治疗强度","2454","-1","0","0","无消耗","-1","0","0","","1","1","","奇经八脉","奇经八脉","26","飞龙","飞龙","飞龙","飞龙","飞龙","飞龙","飞龙","无","无","无","无","无","无","无","无","1","2","3","4","5","6","7"
"150030","戏珠","戏珠","杯弓蛇影：增加人物物理抗暴","2455","-1","0","0","无消耗","-1","0","0","","1","1","","奇经八脉","奇经八脉","27","戏珠","戏珠","戏珠","戏珠","戏珠","戏珠","戏珠","无","无","无","无","无","无","无","无","1","2","3","4","5","6","7"
"150031","斩浪","斩浪","气血方刚：增加人物气血","2456","-1","0","0","无消耗","-1","0","0","","1","1","","奇经八脉","奇经八脉","28","斩浪","斩浪","斩浪","斩浪","斩浪","斩浪","斩浪","无","无","无","无","无","无","无","无","1","2","3","4","5","6","7"
"150032","海中蛟虬","海中蛟虬","救死扶伤：增加人物治疗强度，挂金封印：增加人物封印命中","2380","-1","0","0","无消耗","-1","0","0","","1","1","","奇经八脉","奇经八脉","29","海中蛟虬","海中蛟虬","海中蛟虬","海中蛟虬","海中蛟虬","海中蛟虬","海中蛟虬","无","无","无","无","无","无","无","无","1","2","3","4","5","6","7"
"160000","金刚经","金刚经","菩萨低眉，金刚怒目，除魔卫道。","57","-1","0","0","无消耗","-1","0","0","","1","1","","菩萨低眉，金刚怒目，除魔卫道。","普陀山基础技能。","1","普陀山基础技能。","普陀山基础技能。","普陀山基础技能。","普陀山基础技能。","普陀山基础技能。","普陀山基础技能。","普陀山基础技能。","永久增加角色的气血上限","永久增加角色的气血上限","永久增加角色的气血上限","永久增加角色的气血上限","永久增加角色的气血上限","永久增加角色的气血上限","永久增加角色的气血上限","永久增加角色的气血上限","1","200","200","200","200","200","200"
"160001","五行咒","五行咒","金木水火土，循环相生，往复相克。","58","100","1.4","10","消耗：$parameter1$魔法","-1","0","0","","480","1","","金木水火土，循环相生，往复相克。","法术攻击3个目标。对首目标造成额外伤害。","2","法术攻击3个目标。对首目标造成额外伤害。","法术攻击3个目标。对首目标造成额外伤害。","法术攻击3个目标。对首目标造成额外伤害。","法术攻击3个目标。对首目标造成额外伤害。","法术攻击3个目标。对首目标造成额外伤害。","法术攻击3个目标。对首目标造成额外伤害。","法术攻击3个目标。对首目标造成额外伤害。","增加使用时的伤害，60级可攻击4个目标。","增加使用时的伤害，70级可攻击5个目标。","增加使用时的伤害，70级可攻击5个目标。","增加使用时的伤害，70级可攻击5个目标。","增加使用时的伤害，70级可攻击5个目标。","增加使用时的伤害，70级可攻击5个目标。","增加使用时的伤害，70级可攻击5个目标。","增加使用时的伤害，70级可攻击5个目标。","1","60","70","90","200","200","200"
"160002","普度众生","普度众生","以慈悲心济世救人，渡重伤者达平乐之岸。 ","59","100","1.4","10","消耗：$parameter1$魔法","-1","0","0","","4127","1","","以慈悲心济世救人，渡重伤者达平乐之岸。 ","回复2个目标气血，附加5回合持续气血回复。对有普渡众生状态的目标产生额外治疗，目标气血越低治疗量越高。","3","回复2个目标气血，附加5回合持续气血回复。对有普渡众生状态的目标产生额外治疗，目标气血越低治疗量越高。","回复2个目标气血，附加5回合持续气血回复。对有普渡众生状态的目标产生额外治疗，目标气血越低治疗量越高。","回复2个目标气血，附加5回合持续气血回复。对有普渡众生状态的目标产生额外治疗，目标气血越低治疗量越高。","回复2个目标气血，附加5回合持续气血回复。对有普渡众生状态的目标产生额外治疗，目标气血越低治疗量越高。","回复2个目标气血，附加5回合持续气血回复。对有普渡众生状态的目标产生额外治疗，目标气血越低治疗量越高。","回复2个目标气血，附加5回合持续气血回复。对有普渡众生状态的目标产生额外治疗，目标气血越低治疗量越高。","回复2个目标气血，附加5回合持续气血回复。对有普渡众生状态的目标产生额外治疗，目标气血越低治疗量越高。","增加气血回复效果","增加气血回复效果","增加气血回复效果","增加气血回复效果","增加气血回复效果","增加气血回复效果","增加气血回复效果","增加气血回复效果","1","200","200","200","200","200","200"
"160003","杨柳甘露","杨柳甘露","净瓶甘露年年盛，救人杨柳岁岁青。","60","100","1.4","10","消耗：$parameter1$魔法","-1","0","0","","4126","1","","净瓶甘露年年盛，救人杨柳岁岁青。","复活死亡目标，鬼魂术除外。复活后附加普渡众生状态","4","复活死亡目标，鬼魂术除外。复活后附加普渡众生状态","复活死亡目标，鬼魂术除外。复活后附加普渡众生状态","复活死亡目标，鬼魂术除外。复活后附加普渡众生状态","复活死亡目标，鬼魂术除外。复活后附加普渡众生状态","复活死亡目标，鬼魂术除外。复活后附加普渡众生状态","复活死亡目标，鬼魂术除外。复活后附加普渡众生状态","复活死亡目标，鬼魂术除外。复活后附加普渡众生状态","增加气血回复。永久增加角色的速度","增加气血回复。永久增加角色的速度","增加气血回复。永久增加角色的速度","增加气血回复。永久增加角色的速度","增加气血回复。永久增加角色的速度","增加气血回复。永久增加角色的速度","增加气血回复。永久增加角色的速度","增加气血回复。永久增加角色的速度","1","200","200","200","200","200","200"
"160004","灵动九天","灵动九天","参透法华经，灵力便能动彻九天之上。","61","100","1.4","10","消耗：$parameter1$魔法","-1","0","0","","4127","1","","参透法华经，灵力便能动彻九天之上。","战斗中增加4个友方单位的法术伤害和法术防御，持续5回合。","5","战斗中增加4个友方单位的法术伤害和法术防御，持续5回合。","战斗中增加4个友方单位的法术伤害和法术防御，持续5回合。","战斗中增加4个友方单位的法术伤害和法术防御，持续5回合。","战斗中增加4个友方单位的法术伤害和法术防御，持续5回合。","战斗中增加4个友方单位的法术伤害和法术防御，持续5回合。","战斗中增加4个友方单位的法术伤害和法术防御，持续5回合。","战斗中增加4个友方单位的法术伤害和法术防御，持续5回合。","增加使用效果。永久增加角色的封印抵抗","增加使用效果。永久增加角色的封印抵抗","增加使用效果。永久增加角色的封印抵抗","增加使用效果。永久增加角色的封印抵抗","增加使用效果。永久增加角色的封印抵抗","增加使用效果。永久增加角色的封印抵抗","增加使用效果。永久增加角色的封印抵抗","增加使用效果。永久增加角色的封印抵抗","1","50","60","70","90","200","200"
"160005","自在心法","自在心法","似轻云出岫，似微风拂柳","62","120","0","10","消耗：$parameter1$愤怒","-1","0","0","","4127","1","","似轻云出岫，似微风拂柳","结束己方单位的普渡众生状态，恢复气血等同于两次普渡众生。","6","结束己方单位的普渡众生状态，恢复气血等同于两次普渡众生。","结束己方单位的普渡众生状态，恢复气血等同于两次普渡众生。","解除1至4个己方队友的所有异常状态(恐惧和眩晕除外）","结束己方单位的普渡众生状态，恢复气血等同于两次普渡众生。","结束己方单位的普渡众生状态，恢复气血等同于两次普渡众生。","结束己方单位的普渡众生状态，恢复气血等同于两次普渡众生。","结束己方单位的普渡众生状态，恢复气血等同于两次普渡众生。","永久增加角色的法术伤害","增加使用效果，永久增加角色治疗强度","增加使用效果，永久增加角色治疗强度","增加使用效果，永久增加角色治疗强度","增加使用效果，永久增加角色治疗强度","增加使用效果，永久增加角色治疗强度","增加使用效果，永久增加角色治疗强度","增加使用效果，永久增加角色治疗强度","1","200","200","200","200","200","200"
"160006","莲华妙法","莲华妙法","不如法华，不知佛恩浩瀚。","63","-1","0.667","6","消耗：$parameter1$活力","-1","0","0","","1","1","","不如法华，不知佛恩浩瀚。","制造一张临时符，给项链增加法术伤害。","7","制造一张临时符，给项链增加法术伤害。","制造一张临时符，给项链增加法术伤害。","制造一张临时符，给项链增加法术伤害。","制造一张临时符，给项链增加法术伤害。","制造一张临时符，给项链增加法术伤害。","制造一张临时符，给项链增加法术伤害。","制造一张临时符，给项链增加法术伤害。","增加临时符附加术攻击的效果","增加临时符附加法术伤害的效果","增加临时符附加法术伤害的效果","增加临时符附加法术伤害的效果","增加临时符附加法术伤害的效果","增加临时符附加法术伤害的效果","增加临时符附加法术伤害的效果","增加临时符附加法术伤害的效果","1","200","200","200","200","200","200"
"160007","沐日慈悲","沐日慈悲","普陀山门派绝技。观世音以尘世为苦海，一慈悲救众生。曾发宏愿，让莲花开满人间。","64","120","0","120","消耗：$parameter1$愤怒","-1","0","0","","4127","1","","<T t=""普陀山门派绝技。观世音以尘世为苦海，一慈悲救众生。曾发宏愿，让莲花开满人间。”"" c=""ffd729ea""></T>","使全体队友在2回合内免疫1次死亡，濒死瞬间回复气血为气血上限的25%。使用后休息1回合。","8","使全体队友在2回合内免疫1次死亡，濒死瞬间回复气血为气血上限的25%。使用后休息1回合。","使全体队友在2回合内免疫1次死亡，濒死瞬间回复气血为气血上限的25%。使用后休息1回合。","使全体队友在2回合内免疫1次死亡，濒死瞬间回复气血为气血上限的25%。使用后休息1回合。","使全体队友在2回合内免疫1次死亡，濒死瞬间回复气血为气血上限的25%。使用后休息1回合。","使全体队友在2回合内免疫1次死亡，濒死瞬间回复气血为气血上限的25%。使用后休息1回合。","使全体队友在2回合内免疫1次死亡，濒死瞬间回复气血为气血上限的25%。使用后休息1回合。","使全体队友在2回合内免疫1次死亡，濒死瞬间回复气血为气血上限的25%。使用后休息1回合。","增加技能使用时的效果","增加技能使用时的效果","增加技能使用时的效果","增加技能使用时的效果","增加技能使用时的效果","增加技能使用时的效果","增加技能使用时的效果","增加技能使用时的效果","1","2","3","4","5","6","7"
"160012","推衍","推衍","铜墙铁壁：增加人物物理防御","2457","-1","0","0","无消耗","-1","0","0","","1","1","","奇经八脉","奇经八脉","9","推衍","推衍","推衍","推衍","推衍","推衍","推衍","无","无","无","无","无","无","无","无","1","2","3","4","5","6","7"
"160013","莲花心音","莲花心音","千里神行：增加人物速度","2458","-1","0","0","60点魔法","-1","0","0","","1","1","","奇经八脉","奇经八脉","10","莲花心音","莲花心音","莲花心音","莲花心音","莲花心音","莲花心音","莲花心音","无","无","无","无","无","无","无","无","1","2","3","4","5","6","7"
"160014","劳心","劳心","坚若磐石：增加人物法术防御","2459","-1","0","0","无消耗","-1","0","0","","1","1","","奇经八脉","奇经八脉","11","劳心","劳心","劳心","劳心","劳心","劳心","劳心","无","无","无","无","无","无","无","无","1","2","3","4","5","6","7"
"160015","甘露","甘露","风驰霆击：增加人物物理暴击","2460","-1","0","0","无消耗","-1","0","0","","1","1","","奇经八脉","奇经八脉","12","甘露","甘露","甘露","甘露","甘露","甘露","甘露","无","无","无","无","无","无","无","无","1","2","3","4","5","6","7"
"160016","法华","法华","救死扶伤：增加人物治疗强度","2461","-1","0","0","无消耗","-1","0","0","","1","1","","奇经八脉","奇经八脉","13","法华","法华","法华","法华","法华","法华","法华","无","无","无","无","无","无","无","无","1","2","3","4","5","6","7"
"160017","玉帛","玉帛","道高魔重：增加人物法术抗暴","2462","-1","0","0","无消耗","-1","0","0","","1","1","","奇经八脉","奇经八脉","14","玉帛","玉帛","玉帛","玉帛","玉帛","玉帛","玉帛","无","无","无","无","无","无","无","无","1","2","3","4","5","6","7"
"160018","额外能力","额外能力","干将莫邪：增加人物物理伤害","2379","-1","0","0","无消耗","-1","0","0","","1","1","","奇经八脉","奇经八脉","15","额外能力","额外能力","额外能力","额外能力","额外能力","额外能力","额外能力","无","无","无","无","无","无","无","无","1","2","3","4","5","6","7"
"160019","化戈","化戈","气血方刚：增加人物气血","2463","-1","0","0","无消耗","-1","0","0","","1","1","","奇经八脉","奇经八脉","16","化戈","化戈","化戈","化戈","化戈","化戈","化戈","无","无","无","无","无","无","无","无","1","2","3","4","5","6","7"
"160020","精心","精心","铜墙铁壁：增加人物物理防御","2464","-1","0","0","无消耗","-1","0","0","","1","1","","奇经八脉","奇经八脉","17","精心","精心","精心","精心","精心","精心","精心","无","无","无","无","无","无","无","无","1","2","3","4","5","6","7"
"160021","普渡","普渡","道高魔重：增加人物法术抗暴","2465","-1","0","0","无消耗","-1","0","0","","1","1","","奇经八脉","奇经八脉","18","普渡","普渡","普渡","普渡","普渡","普渡","普渡","无","无","无","无","无","无","无","无","1","2","3","4","5","6","7"
"160022","清净","清净","风驱电击：增加人物法术暴击","2466","-1","0","0","无消耗","-1","0","0","","1","1","","奇经八脉","奇经八脉","19","清净","清净","清净","清净","清净","清净","清净","无","无","无","无","无","无","无","无","1","2","3","4","5","6","7"
"160023","灵动","灵动","道高魔重：增加人物法术抗暴","2467","-1","0","0","无消耗","-1","0","0","","1","1","","奇经八脉","奇经八脉","20","灵动","灵动","灵动","灵动","灵动","灵动","灵动","无","无","无","无","无","无","无","无","1","2","3","4","5","6","7"
"160024","雨润","雨润","杯弓蛇影：增加人物物理抗暴","2468","-1","0","0","无消耗","-1","0","0","","1","1","","奇经八脉","奇经八脉","21","雨润","雨润","雨润","雨润","雨润","雨润","雨润","无","无","无","无","无","无","无","无","1","2","3","4","5","6","7"
"160025","波澜不惊","波澜不惊","换斗移星：增加人物法术伤害","2469","-1","0","0","60点魔法","-1","0","0","","1","1","","奇经八脉","奇经八脉","22","波澜不惊","波澜不惊","波澜不惊","波澜不惊","波澜不惊","波澜不惊","波澜不惊","无","无","无","无","无","无","无","无","1","2","3","4","5","6","7"
"160026","普照","普照","千里神行：增加人物速度","2470","-1","0","0","无消耗","-1","0","0","","1","1","","奇经八脉","奇经八脉","23","普照","普照","普照","普照","普照","普照","普照","无","无","无","无","无","无","无","无","1","2","3","4","5","6","7"
"160027","慈佑","慈佑","气血方刚：增加人物气血","2471","-1","0","0","无消耗","-1","0","0","","1","1","","奇经八脉","奇经八脉","24","慈佑","慈佑","慈佑","慈佑","慈佑","慈佑","慈佑","无","无","无","无","无","无","无","无","1","2","3","4","5","6","7"
"160028","度厄","度厄","铜墙铁壁：增加人物物理防御","2472","-1","0","0","无消耗","-1","0","0","","1","1","","奇经八脉","奇经八脉","25","度厄","度厄","度厄","度厄","度厄","度厄","度厄","无","无","无","无","无","无","无","无","1","2","3","4","5","6","7"
"160029","莲动","莲动","救死扶伤：增加人物治疗强度","2473","-1","0","0","无消耗","-1","0","0","","1","1","","奇经八脉","奇经八脉","26","莲动","莲动","莲动","莲动","莲动","莲动","莲动","无","无","无","无","无","无","无","无","1","2","3","4","5","6","7"
"160030","感念","感念","杯弓蛇影：增加人物物理抗暴","2474","-1","0","0","无消耗","-1","0","0","","1","1","","奇经八脉","奇经八脉","27","感念","感念","感念","感念","感念","感念","感念","无","无","无","无","无","无","无","无","1","2","3","4","5","6","7"
"160031","道衍","道衍","气血方刚：增加人物气血","2475","-1","0","0","无消耗","-1","0","0","","1","1","","奇经八脉","奇经八脉","28","道衍","道衍","道衍","道衍","道衍","道衍","道衍","无","无","无","无","无","无","无","无","1","2","3","4","5","6","7"
"160032","莲台仙子","莲台仙子","救死扶伤：增加人物治疗强度，挂金封印：增加人物封印命中","2380","-1","0","0","无消耗","-1","0","0","","1","1","","奇经八脉","奇经八脉","29","莲台仙子","莲台仙子","莲台仙子","莲台仙子","莲台仙子","莲台仙子","莲台仙子","无","无","无","无","无","无","无","无","1","2","3","4","5","6","7"
"161000","氏族之力","氏族之力","来自上古魔神的神秘力量，通过血脉世代传承。","65","-1","0","0","无消耗","-1","0","0","","1","1","","来自上古魔神的神秘力量，通过血脉世代传承。","魔王寨基础技能。","1","魔王寨基础技能。","魔王寨基础技能。","魔王寨基础技能。","魔王寨基础技能。","魔王寨基础技能。","魔王寨基础技能。","魔王寨基础技能。","永久增加角色的法术伤害、气血","永久增加角色的法术伤害、气血","永久增加角色的法术伤害、气血","永久增加角色的法术伤害、气血","永久增加角色的法术伤害、气血","永久增加角色的法术伤害、气血","永久增加角色的法术伤害、气血","永久增加角色的法术伤害、气血","1","200","200","200","200","200","200"
"161001","飞沙走石","飞沙走石","疾风迅雷，魔神经过之处狂风走石，一般人都要退避三舍，以免受到波及。","66","100","2.4","10","消耗：$parameter1$魔法","-1","0","0","","480","1","","疾风迅雷，魔神经过之处狂风走石，一般人都要退避三舍，以免受到波及。","法术攻击4个目标，伤害结果会产生法术波动。","2","法术攻击4个目标，伤害结果会产生法术波动。","法术攻击4个目标，伤害结果会产生法术波动。","法术攻击4个目标，伤害结果会产生法术波动。","法术攻击4个目标，伤害结果会产生法术波动。","法术攻击4个目标，伤害结果会产生法术波动。","法术攻击4个目标，伤害结果会产生法术波动。","法术攻击4个目标，伤害结果会产生法术波动。","增加使用时的伤害","增加使用时的伤害","增加使用时的伤害","增加使用时的伤害，90级攻击4个目标","增加使用时的伤害","增加使用时的伤害","增加使用时的伤害","增加使用时的伤害","1","60","70","90","200","200","200"
"161002","三味真火","三味真火","此火非凡物，乃由一点丹田元气修炼而成，精、气、神练成三昧，养就离精。","67","100","2.4","10","消耗：$parameter1$魔法","-1","0","0","","480","1","","此火非凡物，乃由一点丹田元气修炼而成，精、气、神练成三昧，养就离精。","法术强力打击单个目标，伤害结果会产生法术波动，该技能使用时附带一定的法术暴击","3","法术强力打击单个目标，伤害结果会产生法术波动，该技能使用时附带一定的法术暴击","法术强力打击单个目标，伤害结果会产生法术波动，该技能使用时附带一定的法术暴击","法术强力打击单个目标，伤害结果会产生法术波动，该技能使用时附带一定的法术暴击","法术强力打击单个目标，伤害结果会产生法术波动，该技能使用时附带一定的法术暴击","法术强力打击单个目标，伤害结果会产生法术波动，该技能使用时附带一定的法术暴击","法术强力打击单个目标，伤害结果会产生法术波动，该技能使用时附带一定的法术暴击","法术强力打击单个目标，伤害结果会产生法术波动，该技能使用时附带一定的法术暴击","增加使用时的伤害，永久增加角色的速度","增加使用时的伤害","增加使用时的伤害","增加使用时的伤害","增加使用时的伤害","增加使用时的伤害","增加使用时的伤害","增加使用时的伤害","1","200","200","200","200","200","200"
"161003","魔王降临","魔王降临","四海有名称混世，西方大力号魔王。行动威风气势赫赫，崇武尚勇斗能争强。","68","100","2.4","10","消耗：$parameter1$魔法","-1","0","0","","1","1","","四海有名称混世，西方大力号魔王。行动威风气势赫赫，崇武尚勇斗能争强。","提升法术暴击和法术伤害，持续4回合。","4","提升法术暴击和法术伤害，持续4回合。","提升法术暴击和法术伤害，持续4回合。","提升法术暴击和法术伤害，持续4回合。","提升法术暴击和法术伤害，持续4回合。","提升法术暴击和法术伤害，持续4回合。","提升法术暴击和法术伤害，持续4回合。","提升法术暴击和法术伤害，持续4回合。","增加使用效果，永久增加角色的封印抵抗","增加使用效果，永久增加角色的速度","增加使用效果，永久增加角色的速度","增加使用效果，永久增加角色的速度","增加使用效果，永久增加角色的速度","增加使用效果，永久增加角色的速度","增加使用效果，永久增加角色的速度","增加使用效果，永久增加角色的速度","1","60","90","200","200","200","200"
"161004","踏山裂石","踏山裂石","魔王寨秘传法术之一，修炼至极致的丹田元气，威力非普通的三昧真火可比拟。对单个敌方目标造成极高的法术伤害","69","100","2.4","10","消耗：$parameter1$魔法","-1","0","0","","480","1","","魔王寨秘传法术之一，修炼至极致的丹田元气，威力非普通的三昧真火可比拟。对单个敌方目标造成极高的法术伤害","法术强力打击目标，并使敌方降低法术防御。","5","法术强力打击目标，并使敌方降低法术防御。","法术强力打击目标，并使敌方降低法术防御。","法术强力打击目标，并使敌方降低法术防御。","法术强力打击目标，并使敌方降低法术防御。","法术强力打击目标，并使敌方降低法术防御。","法术强力打击目标，并使敌方降低法术防御。","法术强力打击目标，并使敌方降低法术防御。","增加使用时的伤害，永久增加角色的封印抵抗","增加使用时的伤害，永久增加角色的封印抵抗","增加使用时的伤害，永久增加角色的封印抵抗","增加使用时的伤害，永久增加角色的封印抵抗","增加使用时的伤害，永久增加角色的封印抵抗","增加使用时的伤害，永久增加角色的封印抵抗","增加使用时的伤害，永久增加角色的封印抵抗","增加使用时的伤害，永久增加角色的封印抵抗","1","60","90","200","200","200","200"
"161005","先祖火灵","先祖火灵","魔神修炼多年领悟的绝技，可以召唤出先祖火灵，可释放治疗技能或输出技能","70","100","2.4","10","消耗：$parameter1$魔法","-1","0","0","","1","1","","魔神修炼多年领悟的绝技，可以召唤出先祖火灵，可释放治疗技能或输出技能","召唤一个先祖火灵，火灵存在时可以起到法术输出或者治疗作用，持续8回合。","6","召唤一个先祖火灵，火灵存在时可以起到法术输出或者治疗作用，持续8回合。","召唤一个先祖火灵，火灵存在时可以起到法术输出或者治疗作用，持续8回合。","召唤一个先祖火灵，火灵存在时可以起到法术输出或者治疗作用，持续8回合。","召唤一个先祖火灵，火灵存在时可以起到法术输出或者治疗作用，持续8回合。","召唤一个先祖火灵，火灵存在时可以起到法术输出或者治疗作用，持续8回合。","召唤一个先祖火灵，火灵存在时可以起到法术输出或者治疗作用，持续8回合。","召唤一个先祖火灵，火灵存在时可以起到法术输出或者治疗作用，持续8回合。","增加技能使用时的效果，永久增加角色的法术防御","增加技能使用时的效果，永久增加角色的物理防御","增加技能使用时的效果，永久增加角色的物理防御","增加技能使用时的效果，永久增加角色的物理防御","增加技能使用时的效果，永久增加角色的物理防御","增加技能使用时的效果，永久增加角色的物理防御","增加技能使用时的效果，永久增加角色的物理防御","增加技能使用时的效果，永久增加角色的物理防御","1","60","90","200","200","200","200"
"161006","引火乘风","引火乘风","风涨火势，魔王弟子懂得如何借助风的力量。","71","-1","0.667","6","消耗：$parameter1$活力","-1","0","0","","1","1","","风涨火势，魔王弟子懂得如何借助风的力量。","制造一张临时符，可给鞋子增加速度","7","制造一张临时符，可给鞋子增加速度","制造一张临时符，可给鞋子增加速度","制造一张临时符，可给鞋子增加速度","制造一张临时符，可给鞋子增加速度","制造一张临时符，可给鞋子增加速度","制造一张临时符，可给鞋子增加速度","制造一张临时符，可给鞋子增加速度","增加临时符附加速度的效果","增加临时符附加速度的效果","增加临时符附加速度的效果","增加临时符附加速度的效果","增加临时符附加速度的效果","增加临时符附加速度的效果","增加临时符附加速度的效果","增加临时符附加速度的效果","1","200","200","200","200","200","200"
"161007","飞星流火","飞星流火","魔王寨门派绝技，飞星流火，炎天炽地，以魔王之力摇天撼地，三界为之变色。","72","120","0","120","消耗：$parameter1$愤怒","-1","0","0","","480","1","","魔王寨门派绝技，飞星流火，炎天炽地，以魔王之力摇天撼地，三界为之变色。","召唤朱雀离火随机攻击敌人，使用后休息一回合。","8","召唤朱雀离火随机攻击敌人，使用后休息一回合。","召唤朱雀离火随机攻击敌人，使用后休息一回合。","召唤朱雀离火随机攻击敌人，使用后休息一回合。","召唤朱雀离火随机攻击敌人，使用后休息一回合。","召唤朱雀离火随机攻击敌人，使用后休息一回合。","召唤朱雀离火随机攻击敌人，使用后休息一回合。","召唤朱雀离火随机攻击敌人，使用后休息一回合。","增加技能使用时的效果","增加技能使用时的效果","增加技能使用时的效果","增加技能使用时的效果","增加技能使用时的效果","增加技能使用时的效果","增加技能使用时的效果","增加技能使用时的效果","1","2","3","4","5","6","7"
"161015","充沛","充沛","铜墙铁壁：增加人物物理防御","2476","-1","0","0","无消耗","-1","0","0","","1","1","","奇经八脉","奇经八脉","9","充沛","充沛","充沛","充沛","充沛","充沛","充沛","无","无","无","无","无","无","无","无","1","2","3","4","5","6","7"
"161016","蚀天","蚀天","千里神行：增加人物速度","2477","-1","0","0","无消耗","-1","0","0","","1","1","","奇经八脉","奇经八脉","10","蚀天","蚀天","蚀天","蚀天","蚀天","蚀天","蚀天","无","无","无","无","无","无","无","无","1","2","3","4","5","6","7"
"161017","火神","火神","坚若磐石：增加人物法术防御","2478","-1","0","0","无消耗","-1","0","0","","1","1","","奇经八脉","奇经八脉","11","火神","火神","火神","火神","火神","火神","火神","无","无","无","无","无","无","无","无","1","2","3","4","5","6","7"
"161018","神焰","神焰","风驰霆击：增加人物物理暴击","2479","-1","0","0","无消耗","-1","0","0","","1","1","","奇经八脉","奇经八脉","12","神焰","神焰","神焰","神焰","神焰","神焰","神焰","无","无","无","无","无","无","无","无","1","2","3","4","5","6","7"
"161019","咆哮","咆哮","救死扶伤：增加人物治疗强度","2480","-1","0","0","无消耗","-1","0","0","","1","1","","奇经八脉","奇经八脉","13","咆哮","咆哮","咆哮","咆哮","咆哮","咆哮","咆哮","无","无","无","无","无","无","无","无","1","2","3","4","5","6","7"
"161020","威吓","威吓","道高魔重：增加人物法术抗暴","2481","-1","0","0","无消耗","-1","0","0","","1","1","","奇经八脉","奇经八脉","14","威吓","威吓","威吓","威吓","威吓","威吓","威吓","无","无","无","无","无","无","无","无","1","2","3","4","5","6","7"
"161021","额外能力","额外能力","干将莫邪：增加人物物理伤害","2379","-1","0","0","无消耗","-1","0","0","","1","1","","奇经八脉","奇经八脉","15","额外能力","额外能力","额外能力","额外能力","额外能力","额外能力","额外能力","无","无","无","无","无","无","无","无","1","2","3","4","5","6","7"
"161022","震怒","震怒","气血方刚：增加人物气血","2482","-1","0","0","无消耗","-1","0","0","","1","1","","奇经八脉","奇经八脉","16","震怒","震怒","震怒","震怒","震怒","震怒","震怒","无","无","无","无","无","无","无","无","1","2","3","4","5","6","7"
"161023","邪火","邪火","铜墙铁壁：增加人物物理防御","2483","-1","0","0","无消耗","-1","0","0","","1","1","","奇经八脉","奇经八脉","17","邪火","邪火","邪火","邪火","邪火","邪火","邪火","无","无","无","无","无","无","无","无","1","2","3","4","5","6","7"
"161024","震天","震天","道高魔重：增加人物法术抗暴","2484","-1","0","0","无消耗","-1","0","0","","1","1","","奇经八脉","奇经八脉","18","震天","震天","震天","震天","震天","震天","震天","无","无","无","无","无","无","无","无","1","2","3","4","5","6","7"
"161025","崩摧","崩摧","风驱电击：增加人物法术暴击","2485","-1","0","0","无消耗","-1","0","0","","1","1","","奇经八脉","奇经八脉","19","崩摧","崩摧","崩摧","崩摧","崩摧","崩摧","崩摧","无","无","无","无","无","无","无","无","1","2","3","4","5","6","7"
"161026","狂月","狂月","道高魔重：增加人物法术抗暴","2486","-1","0","0","无消耗","-1","0","0","","1","1","","奇经八脉","奇经八脉","20","狂月","狂月","狂月","狂月","狂月","狂月","狂月","无","无","无","无","无","无","无","无","1","2","3","4","5","6","7"
"161027","连营","连营","杯弓蛇影：增加人物物理抗暴","2487","-1","0","0","无消耗","-1","0","0","","1","1","","奇经八脉","奇经八脉","21","连营","连营","连营","连营","连营","连营","连营","无","无","无","无","无","无","无","无","1","2","3","4","5","6","7"
"161028","魔焰滔天","魔焰滔天","换斗移星：增加人物法术伤害","2488","-1","0","0","60点魔法","-1","0","0","","1","1","","奇经八脉","奇经八脉","22","魔焰滔天","魔焰滔天","魔焰滔天","魔焰滔天","魔焰滔天","魔焰滔天","魔焰滔天","6回合，战斗开始时具有3回合冷却","6回合，战斗开始时具有3回合冷却","6回合，战斗开始时具有3回合冷却","6回合，战斗开始时具有3回合冷却","6回合，战斗开始时具有3回合冷却","6回合，战斗开始时具有3回合冷却","6回合，战斗开始时具有3回合冷却","6回合，战斗开始时具有3回合冷却","1","2","3","4","5","6","7"
"161029","激怒","激怒","千里神行：增加人物速度","2489","-1","0","0","无消耗","-1","0","0","","1","1","","奇经八脉","奇经八脉","23","激怒","激怒","激怒","激怒","激怒","激怒","激怒","无","无","无","无","无","无","无","无","1","2","3","4","5","6","7"
"161030","赤暖","赤暖","气血方刚：增加人物气血","2490","-1","0","0","无消耗","-1","0","0","","1","1","","奇经八脉","奇经八脉","24","赤暖","赤暖","赤暖","赤暖","赤暖","赤暖","赤暖","无","无","无","无","无","无","无","无","1","2","3","4","5","6","7"
"161031","真炎","真炎","铜墙铁壁：增加人物物理防御","2491","-1","0","0","无消耗","-1","0","0","","1","1","","奇经八脉","奇经八脉","25","真炎","真炎","真炎","真炎","真炎","真炎","真炎","无","无","无","无","无","无","无","无","1","2","3","4","5","6","7"
"161032","焚尽","焚尽","救死扶伤：增加人物治疗强度","2492","-1","0","0","无消耗","-1","0","0","","1","1","","奇经八脉","奇经八脉","26","焚尽","焚尽","焚尽","焚尽","焚尽","焚尽","焚尽","无","无","无","无","无","无","无","无","1","2","3","4","5","6","7"
"161033","燃魂","燃魂","杯弓蛇影：增加人物物理抗暴","2493","-1","0","0","无消耗","-1","0","0","","1","1","","奇经八脉","奇经八脉","27","燃魂","燃魂","燃魂","燃魂","燃魂","燃魂","燃魂","无","无","无","无","无","无","无","无","1","2","3","4","5","6","7"
"161034","魔心","魔心","气血方刚：增加人物气血","2494","-1","0","0","无消耗","-1","0","0","","1","1","","奇经八脉","奇经八脉","28","魔心","魔心","魔心","魔心","魔心","魔心","魔心","无","无","无","无","无","无","无","无","1","2","3","4","5","6","7"
"161035","平天大圣","平天大圣","救死扶伤：增加人物治疗强度，挂金封印：增加人物封印命中","2380","-1","0","0","无消耗","-1","0","0","","1","1","","奇经八脉","奇经八脉","29","平天大圣","平天大圣","平天大圣","平天大圣","平天大圣","平天大圣","平天大圣","无","无","无","无","无","无","无","无","1","2","3","4","5","6","7"
"162000","时之月","时之月","三五明月满，四五蟾兔缺。阴晴圆缺见天时","73","-1","0","0","无消耗","-1","0","0","","1","1","","三五明月满，四五蟾兔缺。阴晴圆缺见天时","月宫基础技能","1","月宫基础技能","月宫基础技能","月宫基础技能","月宫基础技能","月宫基础技能","月宫基础技能","月宫基础技能","永久增加角色的物理伤害","永久增加角色的物理伤害","永久增加角色的物理伤害","永久增加角色的物理伤害","永久增加角色的物理伤害","永久增加角色的物理伤害","永久增加角色的物理伤害","永久增加角色的物理伤害","1","200","200","200","200","200","200"
"162001","月影摇光","月影摇光","桂树摇影，皎皎有光。在光与影的切换中，攻其不备","74","100","1.2","10","消耗：$parameter1$魔法","-1","0","0","","480","1","","桂树摇影，皎皎有光。在光与影的切换中，攻其不备","物理攻击多个目标，概率对目标进行冰冻。","2","物理攻击多个目标，概率对目标进行冰冻。","物理攻击多个目标，概率对目标进行冰冻。","物理攻击多个目标，概率对目标进行冰冻。","物理攻击多个目标，概率对目标进行冰冻。","物理攻击多个目标，概率对目标进行冰冻。","物理攻击多个目标，概率对目标进行冰冻。","物理攻击多个目标，概率对目标进行冰冻。","增加使用时的伤害，40级可攻击3个目标","增加使用时的伤害，70级可攻击4个目标，需在桂花醉状态下。","增加使用时的伤害，70级可攻击4个目标，需在桂花醉状态下。","增加使用时的伤害，70级可攻击4个目标，需在桂花醉状态下。","增加使用时的伤害，70级可攻击4个目标，需在桂花醉状态下。","增加使用时的伤害，70级可攻击4个目标，需在桂花醉状态下。","增加使用时的伤害，70级可攻击4个目标，需在桂花醉状态下。","增加使用时的伤害，70级可攻击4个目标，需在桂花醉状态下。","1","40","70","200","200","200","200"
"162002","碎玉击","碎玉击","万籟入沉冥，坐深观月明。决战清辉下，琅琅碎玉声","75","100","1.2","10","消耗：$parameter1$魔法","-1","0","0","","480","1","","万籟入沉冥，坐深观月明。决战清辉下，琅琅碎玉声","物理攻击单个目标，如目标被击败，则对血量最低的单位进行月刃攻击。","3","物理攻击单个目标，如目标被击败，则对血量最低的单位进行月刃攻击。","物理攻击单个目标，如目标被击败，则对血量最低的单位进行月刃攻击。","物理攻击单个目标，如目标被击败，则对血量最低的单位进行月刃攻击。","物理攻击单个目标，如目标被击败，则对血量最低的单位进行月刃攻击。","物理攻击单个目标，如目标被击败，则对血量最低的单位进行月刃攻击。","物理攻击单个目标，如目标被击败，则对血量最低的单位进行月刃攻击。","物理攻击单个目标，如目标被击败，则对血量最低的单位进行月刃攻击。","增加使用时的伤害","增加使用时的伤害","增加使用时的伤害","增加使用时的伤害","增加使用时的伤害","增加使用时的伤害","增加使用时的伤害","增加使用时的伤害","1","200","200","200","200","200","200"
"162003","月刃","月刃","月光清若水，刃芒冷如霜。怀月刃而动，杀机显露","76","100","0","0","无消耗","-1","0","0","","480","1","","月光清若水，刃芒冷如霜。怀月刃而动，杀机显露","对单个目标进行2次物理攻击。降低目标物理伤害，持续3回合。","4","对单个目标进行2次物理攻击。降低目标物理伤害，持续3回合。","对单个目标进行2次物理攻击。降低目标物理伤害，持续3回合。","对单个目标进行2次物理攻击。降低目标物理伤害，持续3回合。","对单个目标进行2次物理攻击。降低目标物理伤害，持续3回合。","对单个目标进行2次物理攻击。降低目标物理伤害，持续3回合。","对单个目标进行2次物理攻击。降低目标物理伤害，持续3回合。","对单个目标进行2次物理攻击。降低目标物理伤害，持续3回合。","增加使用时的伤害，永久增加角色的速度","增加使用时的伤害，永久增加角色的速度","增加使用时的伤害，永久增加角色的速度","增加使用时的伤害，永久增加角色的速度","增加使用时的伤害，永久增加角色的速度","增加使用时的伤害，永久增加角色的速度","增加使用时的伤害，永久增加角色的速度","增加使用时的伤害，永久增加角色的速度","1","200","200","200","200","200","200"
"162004","桂花醉","桂花醉","夜凉如洗，冷露无声。倚树嗅桂酿，落花额上清寒","77","100","1.2","10","消耗：$parameter1$魔法","-1","0","0","","1","1","","夜凉如洗，冷露无声。倚树嗅桂酿，落花额上清寒","给自己施加一个持续5回合的状态，使月影摇光增加一个目标。","5","给自己施加一个持续5回合的状态，使月影摇光增加一个目标。","给自己施加一个持续5回合的状态，使月影摇光增加一个目标。","给自己施加一个持续5回合的状态，使月影摇光增加一个目标。","给自己施加一个持续5回合的状态，使月影摇光增加一个目标。","给自己施加一个持续5回合的状态，使月影摇光增加一个目标。","给自己施加一个持续5回合的状态，使月影摇光增加一个目标。","给自己施加一个持续5回合的状态，使月影摇光增加一个目标。","增加使用效果，永久增加角色的封印抵抗","增加使用效果，永久增加角色的封印抵抗","增加使用效果，永久增加角色的封印抵抗","增加使用效果，永久增加角色的封印抵抗","增加使用效果，永久增加角色的封印抵抗","增加使用效果，永久增加角色的封印抵抗","增加使用效果，永久增加角色的封印抵抗","增加使用效果，永久增加角色的封印抵抗","1","200","200","200","200","200","200"
"162005","月凝","月凝","广寒宫千年的寂寞结成了冰魄，冒险接近的人会被凝为冰块","78","100","1.2","10","消耗：$parameter1$魔法","-1","0","0","","480","1","","广寒宫千年的寂寞结成了冰魄，冒险接近的人会被凝为冰块","冰冻一个敌方目标，使其无法执行任何动作,持续4回合。","6","冰冻一个敌方目标，使其无法执行任何动作,持续4回合。","冰冻一个敌方目标，使其无法执行任何动作,持续4回合。","冰冻一个敌方目标，使其无法执行任何动作,持续4回合。","冰冻一个敌方目标，使其无法执行任何动作,持续4回合。","冰冻一个敌方目标，使其无法执行任何动作,持续4回合。","冰冻一个敌方目标，使其无法执行任何动作,持续4回合。","冰冻一个敌方目标，使其无法执行任何动作,持续4回合。","增加使用时的伤害。永久增加角色的物理防御","增加使用时的伤害。永久增加角色的物理防御","增加使用时的伤害。永久增加角色的物理防御","增加使用时的伤害。永久增加角色的物理防御","增加使用时的伤害。永久增加角色的物理防御","增加使用时的伤害。永久增加角色的物理防御","增加使用时的伤害。永久增加角色的物理防御","增加使用时的伤害。永久增加角色的物理防御","1","200","200","200","200","200","200"
"162006","羽衣曲","羽衣曲","一首羽衣曲，闻者衣袂飘飘似要临风而去","79","-1","0.667","6","消耗：$parameter1$活力","-1","0","0","","1","1","","一首羽衣曲，闻者衣袂飘飘似要临风而去","制造一张临时符，可给衣服增加封印命中","7","制造一张临时符，可给衣服增加封印命中","制造一张临时符，可给衣服增加封印命中","制造一张临时符，可给衣服增加封印命中","制造一张临时符，可给衣服增加封印命中","制造一张临时符，可给衣服增加封印命中","制造一张临时符，可给衣服增加封印命中","制造一张临时符，可给衣服增加封印命中","增加临时符附加封印命中的效果","增加临时符附加封印命中的效果","增加临时符附加封印命中的效果","增加临时符附加封印命中的效果","增加临时符附加封印命中的效果","增加临时符附加封印命中的效果","增加临时符附加封印命中的效果","增加临时符附加封印命中的效果","1","200","200","200","200","200","200"
"162007","广寒清辉","广寒清辉","月宫门派绝技。在时之月的清辉中展露凛冽的身姿，如雪亮的刃芒直刺四方，不负广寒清秋","80","120","0","120","消耗：$parameter1$愤怒","-1","0","0","","480","1","","月宫门派绝技。在时之月的清辉中展露凛冽的身姿，如雪亮的刃芒直刺四方，不负广寒清秋","物理攻击7个敌方目标，有15%几率月凝目标。使用后休息一回合。","8","物理攻击7个敌方目标，有15%几率月凝目标。使用后休息一回合。","物理攻击7个敌方目标，有15%几率月凝目标。使用后休息一回合。","物理攻击7个敌方目标，有15%几率月凝目标。使用后休息一回合。","物理攻击7个敌方目标，有15%几率月凝目标。使用后休息一回合。","物理攻击7个敌方目标，有15%几率月凝目标。使用后休息一回合。","物理攻击7个敌方目标，有15%几率月凝目标。使用后休息一回合。","物理攻击7个敌方目标，有15%几率月凝目标。使用后休息一回合。","增加技能使用时的效果","增加技能使用时的效果","增加技能使用时的效果","增加技能使用时的效果","增加技能使用时的效果","增加技能使用时的效果","增加技能使用时的效果","增加技能使用时的效果","1","2","3","4","5","6","7"
"162012","威吓","威吓","铜墙铁壁：增加人物物理防御","2495","-1","0","0","无消耗","-1","0","0","","1","1","","奇经八脉","奇经八脉","9","威吓","威吓","威吓","威吓","威吓","威吓","威吓","无","无","无","无","无","无","无","无","1","2","3","4","5","6","7"
"162013","趁虚","趁虚","千里神行：增加人物速度","2496","-1","0","0","无消耗","-1","0","0","","1","1","","奇经八脉","奇经八脉","10","趁虚","趁虚","趁虚","趁虚","趁虚","趁虚","趁虚","无","无","无","无","无","无","无","无","1","2","3","4","5","6","7"
"162014","震慑","震慑","坚若磐石：增加人物法术防御","2497","-1","0","0","无消耗","-1","0","0","","1","1","","奇经八脉","奇经八脉","11","震慑","震慑","震慑","震慑","震慑","震慑","震慑","无","无","无","无","无","无","无","无","1","2","3","4","5","6","7"
"162015","苏醒","苏醒","风驰霆击：增加人物物理暴击","2498","-1","0","0","无消耗","-1","0","0","","1","1","","奇经八脉","奇经八脉","12","苏醒","苏醒","苏醒","苏醒","苏醒","苏醒","苏醒","无","无","无","无","无","无","无","无","1","2","3","4","5","6","7"
"162016","月桂","月桂","救死扶伤：增加人物治疗强度","2499","-1","0","0","无消耗","-1","0","0","","1","1","","奇经八脉","奇经八脉","13","月桂","月桂","月桂","月桂","月桂","月桂","月桂","无","无","无","无","无","无","无","无","1","2","3","4","5","6","7"
"162017","神律","神律","道高魔重：增加人物法术抗暴","2500","-1","0","0","无消耗","-1","0","0","","1","1","","奇经八脉","奇经八脉","14","神律","神律","神律","神律","神律","神律","神律","无","无","无","无","无","无","无","无","1","2","3","4","5","6","7"
"162018","额外能力","额外能力","干将莫邪：增加人物物理伤害","2379","-1","0","0","无消耗","-1","0","0","","1","1","","奇经八脉","奇经八脉","15","额外能力","额外能力","额外能力","额外能力","额外能力","额外能力","额外能力","无","无","无","无","无","无","无","无","1","2","3","4","5","6","7"
"162019","疾雷","疾雷","气血方刚：增加人物气血","2501","-1","0","0","无消耗","-1","0","0","","1","1","","奇经八脉","奇经八脉","16","疾雷","疾雷","疾雷","疾雷","疾雷","疾雷","疾雷","无","无","无","无","无","无","无","无","1","2","3","4","5","6","7"
"162020","余韵","余韵","铜墙铁壁：增加人物物理防御","2502","-1","0","0","无消耗","-1","0","0","","1","1","","奇经八脉","奇经八脉","17","余韵","余韵","余韵","余韵","余韵","余韵","余韵","无","无","无","无","无","无","无","无","1","2","3","4","5","6","7"
"162021","神念","神念","道高魔重：增加人物法术抗暴","2503","-1","0","0","无消耗","-1","0","0","","1","1","","奇经八脉","奇经八脉","18","神念","神念","神念","神念","神念","神念","神念","无","无","无","无","无","无","无","无","1","2","3","4","5","6","7"
"162022","护佑","护佑","风驱电击：增加人物法术暴击","2504","-1","0","0","无消耗","-1","0","0","","1","1","","奇经八脉","奇经八脉","19","护佑","护佑","护佑","护佑","护佑","护佑","护佑","无","无","无","无","无","无","无","无","1","2","3","4","5","6","7"
"162023","怒火","怒火","道高魔重：增加人物法术抗暴","2505","-1","0","0","无消耗","-1","0","0","","1","1","","奇经八脉","奇经八脉","20","怒火","怒火","怒火","怒火","怒火","怒火","怒火","无","无","无","无","无","无","无","无","1","2","3","4","5","6","7"
"162024","神尊","神尊","杯弓蛇影：增加人物物理抗暴","2506","-1","0","0","无消耗","-1","0","0","","1","1","","奇经八脉","奇经八脉","21","神尊","神尊","神尊","神尊","神尊","神尊","神尊","无","无","无","无","无","无","无","无","1","2","3","4","5","6","7"
"162025","画地为牢","画地为牢","换斗移星：增加人物法术伤害","2507","-1","0","0","50点魔法","-1","0","0","","1","1","","奇经八脉","奇经八脉","22","画地为牢","画地为牢","画地为牢","画地为牢","画地为牢","画地为牢","画地为牢","【冷却】5回合","【冷却】5回合","【冷却】5回合","【冷却】5回合","【冷却】5回合","【冷却】5回合","【冷却】5回合","【冷却】5回合","1","2","3","4","5","6","7"
"162026","轰鸣","轰鸣","千里神行：增加人物速度","2508","-1","0","0","无消耗","-1","0","0","","1","1","","奇经八脉","奇经八脉","23","轰鸣","轰鸣","轰鸣","轰鸣","轰鸣","轰鸣","轰鸣","无","无","无","无","无","无","无","无","1","2","3","4","5","6","7"
"162027","缭乱","缭乱","气血方刚：增加人物气血","2509","-1","0","0","无消耗","-1","0","0","","1","1","","奇经八脉","奇经八脉","24","缭乱","缭乱","缭乱","缭乱","缭乱","缭乱","缭乱","无","无","无","无","无","无","无","无","1","2","3","4","5","6","7"
"162028","藏招","藏招","铜墙铁壁：增加人物物理防御","2510","-1","0","0","无消耗","-1","0","0","","1","1","","奇经八脉","奇经八脉","25","藏招","藏招","藏招","藏招","藏招","藏招","藏招","无","无","无","无","无","无","无","无","1","2","3","4","5","6","7"
"162029","坚壁","坚壁","救死扶伤：增加人物治疗强度","2511","-1","0","0","无消耗","-1","0","0","","1","1","","奇经八脉","奇经八脉","26","坚壁","坚壁","坚壁","坚壁","坚壁","坚壁","坚壁","无","无","无","无","无","无","无","无","1","2","3","4","5","6","7"
"162030","套索","套索","杯弓蛇影：增加人物物理抗暴","2512","-1","0","0","无消耗","-1","0","0","","1","1","","奇经八脉","奇经八脉","27","套索","套索","套索","套索","套索","套索","套索","无","无","无","无","无","无","无","无","1","2","3","4","5","6","7"
"162031","洞察","洞察","气血方刚：增加人物气血","2513","-1","0","0","无消耗","-1","0","0","","1","1","","奇经八脉","奇经八脉","28","洞察","洞察","洞察","洞察","洞察","洞察","洞察","无","无","无","无","无","无","无","无","1","2","3","4","5","6","7"
"162032","镇妖神使","镇妖神使","救死扶伤：增加人物治疗强度，挂金封印：增加人物封印命中","2380","-1","0","0","无消耗","-1","0","0","","1","1","","奇经八脉","奇经八脉","29","镇妖神使","镇妖神使","镇妖神使","镇妖神使","镇妖神使","镇妖神使","镇妖神使","无","无","无","无","无","无","无","无","1","2","3","4","5","6","7"
"163000","法华经","法华经","领悟精研佛典，渐渐掌握其中的佛法神通","81","-1","0","0","无消耗","-1","0","0","","1","1","","领悟精研佛典，渐渐掌握其中的佛法神通","化生寺基础技能","1","化生寺基础技能","化生寺基础技能","化生寺基础技能","化生寺基础技能","化生寺基础技能","化生寺基础技能","化生寺基础技能","永久增加角色的气血上限","永久增加角色的气血上限","永久增加角色的气血上限","永久增加角色的气血上限","永久增加角色的气血上限","永久增加角色的气血上限","永久增加角色的气血上限","永久增加角色的气血上限","1","200","200","200","200","200","200"
"163001","唧唧歪歪","唧唧歪歪","佛家弟子大量诵读经书，见谁都想度化，不免会有些叨叨唠唠。","82","100","2","10","消耗：$parameter1$魔法","-1","0","0","","480","1","","佛家弟子大量诵读经书，见谁都想度化，不免会有些叨叨唠唠。","法术攻击3个目标。当回合降低首目标的物理伤害。","2","法术攻击3个目标。当回合降低首目标的物理伤害。","法术攻击3个目标。当回合降低首目标的物理伤害。","法术攻击3个目标。当回合降低首目标的物理伤害。","法术攻击3个目标。当回合降低首目标的物理伤害。","法术攻击3个目标。当回合降低首目标的物理伤害。","法术攻击3个目标。当回合降低首目标的物理伤害。","法术攻击3个目标。当回合降低首目标的物理伤害。","增加使用时的伤害，60级可攻击4个目标。","增加使用时的伤害，70级可攻击5个目标。","增加使用时的伤害，70级可攻击5个目标。","增加使用时的伤害，70级可攻击5个目标。","增加使用时的伤害，70级可攻击5个目标。","增加使用时的伤害，70级可攻击5个目标。","增加使用时的伤害，70级可攻击5个目标。","增加使用时的伤害，70级可攻击5个目标。","1","60","70","90","200","200","200"
"163002","推气过宫","推气过宫","本着仁慈之心的化生寺弟子，为普众生，渡世人，尽心研习医疗之术。","83","100","2","10","消耗：$parameter1$魔法","-1","0","0","","4127","1","","本着仁慈之心的化生寺弟子，为普众生，渡世人，尽心研习医疗之术。","回复己方4个目标的气血，目标气血越低治疗量越高","3","回复己方4个目标的气血，目标气血越低治疗量越高","回复己方4个目标的气血，目标气血越低治疗量越高","回复己方4个目标的气血，目标气血越低治疗量越高","回复己方4个目标的气血，目标气血越低治疗量越高","回复己方4个目标的气血，目标气血越低治疗量越高","回复己方4个目标的气血，目标气血越低治疗量越高","回复己方4个目标的气血，目标气血越低治疗量越高","增加气血回复效果","增加气血回复效果","增加气血回复效果","增加气血回复效果","增加气血回复效果","增加气血回复效果","增加气血回复效果","增加气血回复效果","1","200","200","200","200","200","200"
"163003","金刚护法","金刚护法","信奉佛教的信徒，召唤护法金刚前来卫护","84","100","2","10","消耗：$parameter1$魔法","-1","0","0","","4127","1","","信奉佛教的信徒，召唤护法金刚前来卫护","增加己方4个目标的物理伤害，物理防御，持续5回合。","3","增加己方4个目标的物理伤害，物理防御，持续5回合。","增加己方4个目标的物理伤害，物理防御，持续5回合。","增加己方4个目标的物理伤害，物理防御，持续5回合。","增加己方4个目标的物理伤害，物理防御，持续5回合。","增加己方4个目标的物理伤害，物理防御，持续5回合。","增加己方4个目标的物理伤害，物理防御，持续5回合。","增加己方4个目标的物理伤害，物理防御，持续5回合。","增加物理防御","增加气血回复效果，永久增加角色的速度。","增加气血回复效果，永久增加角色的速度。","增加气血回复效果，永久增加角色的速度。","增加气血回复效果，永久增加角色的速度。","增加气血回复效果，永久增加角色的速度。","增加气血回复效果，永久增加角色的速度。","增加气血回复效果，永久增加角色的速度。","1","200","200","200","200","200","200"
"163004","我佛慈悲","我佛慈悲","大慈与一切众生乐，大悲拔一切众生苦。慈悲之要，全生为重","85","100","2","10","消耗：$parameter1$魔法","-1","0","0","","4127","1","","大慈与一切众生乐，大悲拔一切众生苦。慈悲之要，全生为重","复活倒地目标，鬼魂术除外。","5","复活倒地目标，鬼魂术除外。","复活倒地目标，鬼魂术除外。","复活倒地目标，鬼魂术除外。","复活倒地目标，鬼魂术除外。","复活倒地目标，鬼魂术除外。","复活倒地目标，鬼魂术除外。","复活倒地目标，鬼魂术除外。","增加防御和物理伤害","增加防御和物理伤害，永久增加角色的封印抵抗。","增加防御和物理伤害，永久增加角色的封印抵抗。","增加防御和物理伤害，永久增加角色的封印抵抗。","增加防御和物理伤害，永久增加角色的封印抵抗。","增加防御和物理伤害，永久增加角色的封印抵抗。","增加防御和物理伤害，永久增加角色的封印抵抗。","增加防御和物理伤害，永久增加角色的封印抵抗。","1","200","200","200","200","200","200"
"163005","一苇渡江","一苇渡江","身体轻如鸿毛，却有擎天之力，达摩祖师曾用此法渡江而去","86","100","2","10","消耗：$parameter1$魔法","-1","0","0","","4127","1","","禅宗祖师常对弟子突然一棒一喝，点醒其心中迷乱","提升3个友方目标的速度，持续5回合","4","提升3个友方目标的速度，持续5回合","提升3个友方目标的速度，持续5回合","提升3个友方目标的速度，持续5回合","提升3个友方目标的速度，持续5回合","提升3个友方目标的速度，持续5回合","提升3个友方目标的速度，持续5回合","提升3个友方目标的速度，持续5回合","提升技能效果,永久增加角色的速度","提升技能效果,永久增加角色的治疗强度。","提升技能效果,永久增加角色的治疗强度。","提升技能效果,永久增加角色的治疗强度。","提升技能效果,永久增加角色的治疗强度。","提升技能效果,永久增加角色的治疗强度。","提升技能效果,永久增加角色的治疗强度。","提升技能效果,永久增加角色的治疗强度。","1","200","200","200","200","200","200"
"163006","佛光普照","佛光普照","佛光注照，本命元辰，灾星退度福星临，九曜保长生","87","-1","0.667","6","消耗：$parameter1$活力","-1","0","0","","1","1","","佛光注照，本命元辰，灾星退度福星临，九曜保长生","制造一张临时符，可给武器增加治疗强度","7","制造一张临时符，可给武器增加治疗强度","制造一张临时符，可给武器增加治疗强度","制造一张临时符，可给武器增加治疗强度","制造一张临时符，可给武器增加治疗强度","制造一张临时符，可给武器增加治疗强度","制造一张临时符，可给武器增加治疗强度","制造一张临时符，可给武器增加治疗强度","增加临时符附加治疗强度的效果","增加临时符附加治疗强度的效果","增加临时符附加治疗强度的效果","增加临时符附加治疗强度的效果","增加临时符附加治疗强度的效果","增加临时符附加治疗强度的效果","增加临时符附加治疗强度的效果","增加临时符附加治疗强度的效果","1","200","200","200","200","200","200"
"163007","一元复始","一元复始","化生寺门派绝技。在强大的佛法庇佑下，气入丹田六神相通，恢复到绝佳的状态。","88","120","0","120","消耗：$parameter1$愤怒","-1","0","0","","4127","1","","化生寺门派绝技。在强大的佛法庇佑下，气入丹田六神相通，恢复到绝佳的状态。","回复1个友方目标大量气血并清除异常状态，无论目标是否倒地均可使用。使用后休息一回合。","8","回复1个友方目标大量气血并清除异常状态，无论目标是否倒地均可使用。使用后休息一回合。","回复1个友方目标大量气血并清除异常状态，无论目标是否倒地均可使用。使用后休息一回合。","回复1个友方目标大量气血并清除异常状态，无论目标是否倒地均可使用。使用后休息一回合。","回复1个友方目标大量气血并清除异常状态，无论目标是否倒地均可使用。使用后休息一回合。","回复1个友方目标大量气血并清除异常状态，无论目标是否倒地均可使用。使用后休息一回合。","回复1个友方目标大量气血并清除异常状态，无论目标是否倒地均可使用。使用后休息一回合。","回复1个友方目标大量气血并清除异常状态，无论目标是否倒地均可使用。使用后休息一回合。","增加技能使用时的效果","增加技能使用时的效果","增加技能使用时的效果","增加技能使用时的效果","增加技能使用时的效果","增加技能使用时的效果","增加技能使用时的效果","增加技能使用时的效果","1","2","3","4","5","6","7"
"163012","销武","销武","铜墙铁壁：增加人物物理防御","2514","-1","0","0","无消耗","-1","0","0","","1","1","","奇经八脉","奇经八脉","9","销武","销武","销武","销武","销武","销武","销武","无","无","无","无","无","无","无","无","1","2","3","4","5","6","7"
"163013","妙手","妙手","千里神行：增加人物速度","2515","-1","0","0","无消耗","-1","0","0","","1","1","","奇经八脉","奇经八脉","10","妙手","妙手","妙手","妙手","妙手","妙手","妙手","无","无","无","无","无","无","无","无","1","2","3","4","5","6","7"
"163014","佛显","佛显","坚若磐石：增加人物法术防御","2516","-1","0","0","无消耗","-1","0","0","","1","1","","奇经八脉","奇经八脉","11","佛显","佛显","佛显","佛显","佛显","佛显","佛显","无","无","无","无","无","无","无","无","1","2","3","4","5","6","7"
"163015","天照","天照","风驰霆击：增加人物物理暴击","2517","-1","0","0","无消耗","-1","0","0","","1","1","","奇经八脉","奇经八脉","12","天照","天照","天照","天照","天照","天照","天照","无","无","无","无","无","无","无","无","1","2","3","4","5","6","7"
"163016","佛法","佛法","救死扶伤：增加人物治疗强度","2518","-1","0","0","无消耗","-1","0","0","","1","1","","奇经八脉","奇经八脉","13","佛法","佛法","佛法","佛法","佛法","佛法","佛法","无","无","无","无","无","无","无","无","1","2","3","4","5","6","7"
"163017","慈心","慈心","道高魔重：增加人物法术抗暴","2519","-1","0","0","无消耗","-1","0","0","","1","1","","奇经八脉","奇经八脉","14","慈心","慈心","慈心","慈心","慈心","慈心","慈心","无","无","无","无","无","无","无","无","1","2","3","4","5","6","7"
"163018","额外能力","额外能力","干将莫邪：增加人物物理伤害","2379","-1","0","0","无消耗","-1","0","0","","1","1","","奇经八脉","奇经八脉","15","额外能力","额外能力","额外能力","额外能力","额外能力","额外能力","额外能力","无","无","无","无","无","无","无","无","1","2","3","4","5","6","7"
"163019","止戈","止戈","气血方刚：增加人物气血","2520","-1","0","0","无消耗","-1","0","0","","1","1","","奇经八脉","奇经八脉","16","止戈","止戈","止戈","止戈","止戈","止戈","止戈","无","无","无","无","无","无","无","无","1","2","3","4","5","6","7"
"163020","仁心","仁心","铜墙铁壁：增加人物物理防御","2521","-1","0","0","无消耗","-1","0","0","","1","1","","奇经八脉","奇经八脉","17","仁心","仁心","仁心","仁心","仁心","仁心","仁心","无","无","无","无","无","无","无","无","1","2","3","4","5","6","7"
"163021","心韧","心韧","道高魔重：增加人物法术抗暴","2522","-1","0","0","无消耗","-1","0","0","","1","1","","奇经八脉","奇经八脉","18","心韧","心韧","心韧","心韧","心韧","心韧","心韧","无","无","无","无","无","无","无","无","1","2","3","4","5","6","7"
"163022","舍利","舍利","风驱电击：增加人物法术暴击","2523","-1","0","0","无消耗","-1","0","0","","1","1","","奇经八脉","奇经八脉","19","舍利","舍利","舍利","舍利","舍利","舍利","舍利","无","无","无","无","无","无","无","无","1","2","3","4","5","6","7"
"163023","佛性","佛性","道高魔重：增加人物法术抗暴","2524","-1","0","0","无消耗","-1","0","0","","1","1","","奇经八脉","奇经八脉","20","佛性","佛性","佛性","佛性","佛性","佛性","佛性","无","无","无","无","无","无","无","无","1","2","3","4","5","6","7"
"163024","虔诚","虔诚","杯弓蛇影：增加人物物理抗暴","2525","-1","0","0","无消耗","-1","0","0","","1","1","","奇经八脉","奇经八脉","21","虔诚","虔诚","虔诚","虔诚","虔诚","虔诚","虔诚","无","无","无","无","无","无","无","无","1","2","3","4","5","6","7"
"163025","渡劫金身","渡劫金身","换斗移星：增加人物法术伤害","2526","-1","0","0","10点愤怒","-1","0","0","","1","1","","奇经八脉","奇经八脉","22","渡劫金身","渡劫金身","渡劫金身","渡劫金身","渡劫金身","渡劫金身","渡劫金身","【冷却】4回合(该技能为法术技能，受封印法术限制)","【冷却】4回合(该技能为法术技能，受封印法术限制)","【冷却】4回合(该技能为法术技能，受封印法术限制)","【冷却】4回合(该技能为法术技能，受封印法术限制)","【冷却】4回合(该技能为法术技能，受封印法术限制)","【冷却】4回合(该技能为法术技能，受封印法术限制)","【冷却】4回合(该技能为法术技能，受封印法术限制)","【冷却】4回合(该技能为法术技能，受封印法术限制)","1","2","3","4","5","6","7"
"163026","圣手","圣手","千里神行：增加人物速度","2527","-1","0","0","无消耗","-1","0","0","","1","1","","奇经八脉","奇经八脉","23","圣手","圣手","圣手","圣手","圣手","圣手","圣手","无","无","无","无","无","无","无","无","1","2","3","4","5","6","7"
"163027","化瘀","化瘀","气血方刚：增加人物气血","2528","-1","0","0","无消耗","-1","0","0","","1","1","","奇经八脉","奇经八脉","24","化瘀","化瘀","化瘀","化瘀","化瘀","化瘀","化瘀","无","无","无","无","无","无","无","无","1","2","3","4","5","6","7"
"163028","归气","归气","铜墙铁壁：增加人物物理防御","2529","-1","0","0","无消耗","-1","0","0","","1","1","","奇经八脉","奇经八脉","25","归气","归气","归气","归气","归气","归气","归气","无","无","无","无","无","无","无","无","1","2","3","4","5","6","7"
"163029","佛佑","佛佑","救死扶伤：增加人物治疗强度","2530","-1","0","0","无消耗","-1","0","0","","1","1","","奇经八脉","奇经八脉","26","佛佑","佛佑","佛佑","佛佑","佛佑","佛佑","佛佑","无","无","无","无","无","无","无","无","1","2","3","4","5","6","7"
"163030","妙悟","妙悟","杯弓蛇影：增加人物物理抗暴","2531","-1","0","0","50点魔法","-1","0","0","","1","1","","奇经八脉","奇经八脉","27","妙悟","妙悟","妙悟","妙悟","妙悟","妙悟","妙悟","【冷却】2回合","【冷却】2回合","【冷却】2回合","【冷却】2回合","【冷却】2回合","【冷却】2回合","【冷却】2回合","【冷却】2回合","1","2","3","4","5","6","7"
"163031","佛缘","佛缘","气血方刚：增加人物气血","2532","-1","0","0","无消耗","-1","0","0","","1","1","","奇经八脉","奇经八脉","28","佛缘","佛缘","佛缘","佛缘","佛缘","佛缘","佛缘","无","无","无","无","无","无","无","无","1","2","3","4","5","6","7"
"163032","杏林妙手","杏林妙手","救死扶伤：增加人物治疗强度，挂金封印：增加人物封印命中","2380","-1","0","0","无消耗","-1","0","0","","1","1","","奇经八脉","奇经八脉","29","杏林妙手","杏林妙手","杏林妙手","杏林妙手","杏林妙手","杏林妙手","杏林妙手","无","无","无","无","无","无","无","无","1","2","3","4","5","6","7"
"171006","万剑归一","万剑归一","大唐官府门派绝技，手中只一剑，却化作万道剑气飞向敌人，极少有人能在这样的攻势下幸免","24","120","0","0","消耗：$parameter1$愤怒","-1","0","0","","480","1","","大唐官府门派绝技，手中只一剑，却化作万道剑气飞向敌人，极少有人能在这样的攻势下幸免","直接对目标发动5-9次攻击，自身气血越低攻击次数越多。伤害是普通攻击的50%，无法被防御和保护，使用后虚弱休息1回合，虚弱休息状态下双防降低。","8","直接对目标发动5-9次攻击，自身气血越低攻击次数越多。伤害是普通攻击的50%，无法被防御和保护，使用后虚弱休息1回合，虚弱休息状态下双防降低。","直接对目标发动5-9次攻击，自身气血越低攻击次数越多。伤害是普通攻击的50%，无法被防御和保护，使用后虚弱休息1回合，虚弱休息状态下双防降低。","直接对目标发动5-9次攻击，自身气血越低攻击次数越多。伤害是普通攻击的50%，无法被防御和保护，使用后虚弱休息1回合，虚弱休息状态下双防降低。","直接对目标发动5-9次攻击，自身气血越低攻击次数越多。伤害是普通攻击的50%，无法被防御和保护，使用后虚弱休息1回合，虚弱休息状态下双防降低。","直接对目标发动5-9次攻击，自身气血越低攻击次数越多。伤害是普通攻击的50%，无法被防御和保护，使用后虚弱休息1回合，虚弱休息状态下双防降低。","直接对目标发动5-9次攻击，自身气血越低攻击次数越多。伤害是普通攻击的50%，无法被防御和保护，使用后虚弱休息1回合，虚弱休息状态下双防降低。","直接对目标发动5-9次攻击，自身气血越低攻击次数越多。伤害是普通攻击的50%，无法被防御和保护，使用后虚弱休息1回合，虚弱休息状态下双防降低。","增加技能使用时的效果","增加技能使用时的效果","增加技能使用时的效果","增加技能使用时的效果","增加技能使用时的效果","增加技能使用时的效果","增加技能使用时的效果","增加技能使用时的效果","1","2","3","4","5","6","7"
"172006","幻音古钟","幻音古钟","方寸山门派绝技。相传三星洞中有古钟一座，其声响彻万里，神仙鬼怪听闻，无不心旌荡漾。","32","120","0","0","消耗：$parameter1$愤怒","-1","0","0","","480","1","","方寸山门派绝技。相传三星洞中有古钟一座，其声响彻万里，神仙鬼怪听闻，无不心旌荡漾。","干扰敌方5个目标，随机使其进入失心、定身，离魂状态，持续3回合，首目标必中，其他目标为基础命中率的35%，使用后虚弱休息1回合。","8","干扰敌方5个目标，随机使其进入失心、定身，离魂状态，持续3回合，首目标必中，其他目标为基础命中率的35%，使用后虚弱休息1回合。","干扰敌方5个目标，随机使其进入失心、定身，离魂状态，持续3回合，首目标必中，其他目标为基础命中率的35%，使用后虚弱休息1回合。","干扰敌方5个目标，随机使其进入失心、定身，离魂状态，持续3回合，首目标必中，其他目标为基础命中率的35%，使用后虚弱休息1回合。","干扰敌方5个目标，随机使其进入失心、定身，离魂状态，持续3回合，首目标必中，其他目标为基础命中率的35%，使用后虚弱休息1回合。","干扰敌方5个目标，随机使其进入失心、定身，离魂状态，持续3回合，首目标必中，其他目标为基础命中率的35%，使用后虚弱休息1回合。","干扰敌方5个目标，随机使其进入失心、定身，离魂状态，持续3回合，首目标必中，其他目标为基础命中率的35%，使用后虚弱休息1回合。","干扰敌方5个目标，随机使其进入失心、定身，离魂状态，持续3回合，首目标必中，其他目标为基础命中率的35%，使用后虚弱休息1回合。","增加技能使用时的效果。","增加技能使用时的效果。","增加技能使用时的效果。","增加技能使用时的效果。","增加技能使用时的效果。","增加技能使用时的效果。","增加技能使用时的效果。","增加技能使用时的效果。","1","2","3","4","5","6","7"
"173006","鹰击长空","鹰击长空","狮驼岭门派绝技。魔兽能在极度愤怒的情况下，化身上古巨鹰，对敌人发动毁灭性的群体攻击。 ","40","120","0","0","消耗：$parameter1$愤怒","-1","0","0","","480","1","","狮驼岭门派绝技，魔兽能在极度愤怒的情况下，化身上古巨鹰，对敌人发动毁灭性的群体攻击","鹰击的进阶，攻击10个单位，使用后休息1回合","7","鹰击的进阶，攻击10个单位，使用后休息1回合","鹰击的进阶，攻击10个单位，使用后休息1回合","鹰击的进阶，攻击10个单位，使用后休息1回合","鹰击的进阶，攻击10个单位，使用后休息1回合","鹰击的进阶，攻击10个单位，使用后休息1回合","鹰击的进阶，攻击10个单位，使用后休息1回合","鹰击的进阶，攻击10个单位，使用后休息1回合","增加技能使用时的效果","增加技能使用时的效果","增加技能使用时的效果","增加技能使用时的效果","增加技能使用时的效果","增加技能使用时的效果","增加技能使用时的效果","增加技能使用时的效果","1","2","3","4","5","6","7"
"174006","锁魂判官","锁魂判官","阴曹地府门派绝技。喜荣华正好，恨无常又到。地府判官专司锁魂判罪。 ","48","120","0","0","消耗：$parameter1$愤怒","-1","0","0","","480","1","","阴曹地府门派绝技。喜荣华正好，恨无常又到。地府判官专司锁魂判罪。 ","对目标造成伤害，使其6回合内无法被复活。使用后休息一回合。","8","对目标造成伤害，使其6回合内无法被复活。使用后休息一回合。","对目标造成伤害，使其6回合内无法被复活。使用后休息一回合。","对目标造成伤害，使其6回合内无法被复活。使用后休息一回合。","对目标造成伤害，使其6回合内无法被复活。使用后休息一回合。","对目标造成伤害，使其6回合内无法被复活。使用后休息一回合。","对目标造成伤害，使其6回合内无法被复活。使用后休息一回合。","对目标造成伤害，使其6回合内无法被复活。使用后休息一回合。","增加技能使用时的效果","增加技能使用时的效果","增加技能使用时的效果","#REF!","增加技能使用时的效果","增加技能使用时的效果","增加技能使用时的效果","增加技能使用时的效果","1","2","3","4","5","6","7"
"175006","魔浪滔天","魔浪滔天","龙宫门派绝技，召唤上古魔龙化身，掀起滔天魔浪，气海空虚之人无法抵抗这声势浩大的一击。","56","120","0","0","消耗：$parameter1$愤怒","-1","0","0","","480","1","","龙宫门派绝技，召唤上古魔龙化身，掀起滔天魔浪，气海空虚之人无法抵抗这声势浩大的一击。","对敌方全体单位造成法术伤害，目标已损失魔法值越多，伤害越高。最高为龙卷雨击伤害的200％。","8","对敌方全体单位造成法术伤害，目标已损失魔法值越多，伤害越高。最高为龙卷雨击伤害的200％。","对敌方7个单位造成极端法术伤害，目标剩余的魔法值越少，伤害越高，最高为龙卷雨击伤害的200%。","对敌方7个单位造成极端法术伤害，目标剩余的魔法值越少，伤害越高，最高为龙卷雨击伤害的200%。","对敌方7个单位造成极端法术伤害，目标剩余的魔法值越少，伤害越高，最高为龙卷雨击伤害的260%。","对敌方全体单位造成法术伤害，目标已损失魔法值越多，伤害越高。最高为龙卷雨击伤害的200％。","对敌方全体单位造成法术伤害，目标已损失魔法值越多，伤害越高。最高为龙卷雨击伤害的200％。","对敌方全体单位造成法术伤害，目标已损失魔法值越多，伤害越高。最高为龙卷雨击伤害的200％。","增加技能使用时的效果","增加技能使用时的效果","增加技能使用时的效果","增加技能使用时的效果","增加技能使用时的效果","增加技能使用时的效果","增加技能使用时的效果","增加技能使用时的效果","1","2","3","4","5","6","7"
"176006","沐日慈悲","沐日慈悲","普陀山门派绝技。观世音以尘世为苦海，一慈悲救众生。曾发宏愿，让莲花开满人间。","64","120","0","0","消耗：$parameter1$愤怒","-1","0","0","","4127","1","","<T t=""普陀山门派绝技。观世音以尘世为苦海，一慈悲救众生。曾发宏愿，让莲花开满人间。”"" c=""ffd729ea""></T>","使全体队友在2回合内免疫1次死亡，濒死瞬间回复气血为气血上限的25%。使用后休息1回合。","8","使全体队友在2回合内免疫1次死亡，濒死瞬间回复气血为气血上限的25%。使用后休息1回合。","使全体队友在2回合内免疫1次死亡，濒死瞬间回复气血为气血上限的25%。使用后休息1回合。","使全体队友在2回合内免疫1次死亡，濒死瞬间回复气血为气血上限的25%。使用后休息1回合。","使全体队友在2回合内免疫1次死亡，濒死瞬间回复气血为气血上限的25%。使用后休息1回合。","使全体队友在2回合内免疫1次死亡，濒死瞬间回复气血为气血上限的25%。使用后休息1回合。","使全体队友在2回合内免疫1次死亡，濒死瞬间回复气血为气血上限的25%。使用后休息1回合。","使全体队友在2回合内免疫1次死亡，濒死瞬间回复气血为气血上限的25%。使用后休息1回合。","增加技能使用时的效果","增加技能使用时的效果","增加技能使用时的效果","增加技能使用时的效果","增加技能使用时的效果","增加技能使用时的效果","增加技能使用时的效果","增加技能使用时的效果","1","2","3","4","5","6","7"
"177006","飞星流火","飞星流火","魔王寨门派绝技，飞星流火，炎天炽地，以魔王之力摇天撼地，三界为之变色。","72","120","0","0","消耗：$parameter1$愤怒","-1","0","0","","480","1","","魔王寨门派绝技，飞星流火，炎天炽地，以魔王之力摇天撼地，三界为之变色。","召唤朱雀离火随机攻击敌人，使用后休息一回合。","8","召唤朱雀离火随机攻击敌人，使用后休息一回合。","召唤朱雀离火随机攻击敌人，使用后休息一回合。","召唤朱雀离火随机攻击敌人，使用后休息一回合。","召唤朱雀离火随机攻击敌人，使用后休息一回合。","召唤朱雀离火随机攻击敌人，使用后休息一回合。","召唤朱雀离火随机攻击敌人，使用后休息一回合。","召唤朱雀离火随机攻击敌人，使用后休息一回合。","增加技能使用时的效果","增加技能使用时的效果","增加技能使用时的效果","增加技能使用时的效果","增加技能使用时的效果","增加技能使用时的效果","增加技能使用时的效果","增加技能使用时的效果","1","2","3","4","5","6","7"
"178006","广寒清辉","广寒清辉","月宫门派绝技。在时之月的清辉中展露凛冽的身姿，如雪亮的刃芒直刺四方，不负广寒清秋","80","120","0","0","消耗：$parameter1$愤怒","-1","0","0","","480","1","","月宫门派绝技。在时之月的清辉中展露凛冽的身姿，如雪亮的刃芒直刺四方，不负广寒清秋","物理攻击7个敌方目标，有15%几率月凝目标。使用后休息一回合。","8","物理攻击7个敌方目标，有15%几率月凝目标。使用后休息一回合。","物理攻击7个敌方目标，有15%几率月凝目标。使用后休息一回合。","物理攻击7个敌方目标，有15%几率月凝目标。使用后休息一回合。","物理攻击7个敌方目标，有15%几率月凝目标。使用后休息一回合。","物理攻击7个敌方目标，有15%几率月凝目标。使用后休息一回合。","物理攻击7个敌方目标，有15%几率月凝目标。使用后休息一回合。","物理攻击7个敌方目标，有15%几率月凝目标。使用后休息一回合。","增加技能使用时的效果","增加技能使用时的效果","增加技能使用时的效果","增加技能使用时的效果","增加技能使用时的效果","增加技能使用时的效果","增加技能使用时的效果","增加技能使用时的效果","1","2","3","4","5","6","7"
"179006","舍生取义","舍生取义","化生寺门派绝技。在强大的佛法庇佑下，气入丹田六神相通，恢复到绝佳的状态。","88","120","0","0","消耗：$parameter1$愤怒","-1","0","0","","4127","1","","化生寺门派绝技。在强大的佛法庇佑下，气入丹田六神相通，恢复到绝佳的状态。","回复1个友方目标大量气血并清除异常状态，无论目标是否倒地均可使用。使用后休息一回合。","8","回复1个友方目标大量气血并清除异常状态，无论目标是否倒地均可使用。使用后休息一回合。","回复1个友方目标大量气血并清除异常状态，无论目标是否倒地均可使用。使用后休息一回合。","回复1个友方目标大量气血并清除异常状态，无论目标是否倒地均可使用。使用后休息一回合。","回复1个友方目标大量气血并清除异常状态，无论目标是否倒地均可使用。使用后休息一回合。","回复1个友方目标大量气血并清除异常状态，无论目标是否倒地均可使用。使用后休息一回合。","回复1个友方目标大量气血并清除异常状态，无论目标是否倒地均可使用。使用后休息一回合。","回复1个友方目标大量气血并清除异常状态，无论目标是否倒地均可使用。使用后休息一回合。","增加技能使用时的效果","增加技能使用时的效果","增加技能使用时的效果","增加技能使用时的效果","增加技能使用时的效果","增加技能使用时的效果","增加技能使用时的效果","增加技能使用时的效果","1","2","3","4","5","6","7"
"180006","新门派大招1","新门派大招1","<T t=""龙宫门派绝技，召唤上古魔龙化身，掀起滔天魔浪，气海空虚之人无法抵抗这声势浩大的一击。”"" c=""ffd729ea""></T>","211","120","0","0","消耗：$parameter1$愤怒","-1","0","0","","480","1","","<T t=""龙宫门派绝技，召唤上古魔龙化身，掀起滔天魔浪，气海空虚之人无法抵抗这声势浩大的一击。”"" c=""ffd729ea""></T>","对敌方全体单位造成法术伤害，目标已损失魔法值越多，伤害越高。最高为龙卷雨击伤害的200％。使用后休息一回合。 双防降低","8","对敌方全体单位造成法术伤害，目标已损失魔法值越多，伤害越高。最高为龙卷雨击伤害的200％。使用后休息一回合。 双防降低","对敌方全体单位造成法术伤害，目标已损失魔法值越多，伤害越高。最高为龙卷雨击伤害的200％。使用后休息一回合。 双防降低","对敌方全体单位造成法术伤害，目标已损失魔法值越多，伤害越高。最高为龙卷雨击伤害的200％。使用后休息一回合。 双防降低","对敌方全体单位造成法术伤害，目标已损失魔法值越多，伤害越高。最高为龙卷雨击伤害的200％。使用后休息一回合。 双防降低","对敌方全体单位造成法术伤害，目标已损失魔法值越多，伤害越高。最高为龙卷雨击伤害的200％。使用后休息一回合。 双防降低","对敌方全体单位造成法术伤害，目标已损失魔法值越多，伤害越高。最高为龙卷雨击伤害的200％。使用后休息一回合。 双防降低","对敌方全体单位造成法术伤害，目标已损失魔法值越多，伤害越高。最高为龙卷雨击伤害的200％。使用后休息一回合。 双防降低","","最高为龙卷雨击伤害的220%","最高为龙卷雨击伤害的240%","最高为龙卷雨击伤害的260%","最高为龙卷雨击伤害的260%","最高为龙卷雨击伤害的260%","最高为龙卷雨击伤害的260%","最高为龙卷雨击伤害的260%","1","2","3","4","5","6","7"
"180007","新门派大招2","新门派大招2","<T t=""魔王寨门派绝技，飞星流火，炎天炽地，以魔王之力摇天撼地，三界为之变色。”"" c=""ffd729ea""></T>","321","120","0","0","消耗：$parameter1$愤怒","-1","0","0","","480","1","","<T t=""魔王寨门派绝技，飞星流火，炎天炽地，以魔王之力摇天撼地，三界为之变色。”"" c=""ffd729ea""></T>","强力法术伤害敌方2个单位，血量越少伤害越高，最高为正常五雷轰顶伤害的150%。使用后虚弱休息1回合，休息状态下双防降低。","8","强力法术伤害敌方2个单位，血量越少伤害越高，最高为正常五雷轰顶伤害的150%。使用后虚弱休息1回合，休息状态下双防降低。","强力法术伤害敌方2个单位，血量越少伤害越高，最高为正常五雷轰顶伤害的150%。使用后虚弱休息1回合，休息状态下双防降低。","强力法术伤害敌方2个单位，血量越少伤害越高，最高为正常五雷轰顶伤害的150%。使用后虚弱休息1回合，休息状态下双防降低。","强力法术伤害敌方2个单位，血量越少伤害越高，最高为正常五雷轰顶伤害的150%。使用后虚弱休息1回合，休息状态下双防降低。","强力法术伤害敌方2个单位，血量越少伤害越高，最高为正常五雷轰顶伤害的150%。使用后虚弱休息1回合，休息状态下双防降低。","强力法术伤害敌方2个单位，血量越少伤害越高，最高为正常五雷轰顶伤害的150%。使用后虚弱休息1回合，休息状态下双防降低。","强力法术伤害敌方2个单位，血量越少伤害越高，最高为正常五雷轰顶伤害的150%。使用后虚弱休息1回合，休息状态下双防降低。","","最高为五雷轰顶伤害的160%","最高为五雷轰顶伤害的170%","最高为五雷轰顶伤害的180%","最高为五雷轰顶伤害的180%","最高为五雷轰顶伤害的180%","最高为五雷轰顶伤害的180%","最高为五雷轰顶伤害的180%","1","2","3","4","5","6","7"
"180008","新门派大招3","新门派大招3","<T t=""月宫门派绝技。在时之月的清辉中展露凛冽的身姿，如雪亮的刃芒直刺四方，不负广寒清秋”"" c=""ffd729ea""></T>","330","120","0","0","消耗：$parameter1$愤怒","-1","0","0","","480","1","","<T t=""月宫门派绝技。在时之月的清辉中展露凛冽的身姿，如雪亮的刃芒直刺四方，不负广寒清秋”"" c=""ffd729ea""></T>","对敌方单位随机发动7连击，除首目标外每下独立随机目标，伤害系数为正常伤害的50%，每消耗一个连击点追加两次连击，最多使用3个连击点，使用后虚弱休息1回合，虚弱休息状态下双防降低","8","对敌方单位随机发动7连击，除首目标外每下独立随机目标，伤害系数为正常伤害的50%，每消耗一个连击点追加两次连击，最多使用3个连击点，使用后虚弱休息1回合，虚弱休息状态下双防降低","对敌方单位随机发动7连击，除首目标外每下独立随机目标，伤害系数为正常伤害的50%，每消耗一个连击点追加两次连击，最多使用3个连击点，使用后虚弱休息1回合，虚弱休息状态下双防降低","对敌方单位随机发动7连击，除首目标外每下独立随机目标，伤害系数为正常伤害的50%，每消耗一个连击点追加两次连击，最多使用3个连击点，使用后虚弱休息1回合，虚弱休息状态下双防降低","对敌方单位随机发动7连击，除首目标外每下独立随机目标，伤害系数为正常伤害的50%，每消耗一个连击点追加两次连击，最多使用3个连击点，使用后虚弱休息1回合，虚弱休息状态下双防降低","对敌方单位随机发动7连击，除首目标外每下独立随机目标，伤害系数为正常伤害的50%，每消耗一个连击点追加两次连击，最多使用3个连击点，使用后虚弱休息1回合，虚弱休息状态下双防降低","对敌方单位随机发动7连击，除首目标外每下独立随机目标，伤害系数为正常伤害的50%，每消耗一个连击点追加两次连击，最多使用3个连击点，使用后虚弱休息1回合，虚弱休息状态下双防降低","对敌方单位随机发动7连击，除首目标外每下独立随机目标，伤害系数为正常伤害的50%，每消耗一个连击点追加两次连击，最多使用3个连击点，使用后虚弱休息1回合，虚弱休息状态下双防降低","","每次造成普通攻击55%的伤害","每次造成普通攻击60%的伤害","每次造成普通攻击65%的伤害","每次造成普通攻击65%的伤害","每次造成普通攻击65%的伤害","每次造成普通攻击65%的伤害","每次造成普通攻击65%的伤害","1","2","3","4","5","6","7"
"180009","新门派大招4","新门派大招4","<T t=""龙宫门派绝技，召唤上古魔龙化身，掀起滔天魔浪，气海空虚之人无法抵抗这声势浩大的一击。”"" c=""ffd729ea""></T>","211","120","0","0","消耗：$parameter1$愤怒","-1","0","0","","480","1","","<T t=""龙宫门派绝技，召唤上古魔龙化身，掀起滔天魔浪，气海空虚之人无法抵抗这声势浩大的一击。”"" c=""ffd729ea""></T>","对敌方全体单位造成法术伤害，目标已损失魔法值越多，伤害越高。最高为龙卷雨击伤害的200％。使用后休息一回合。 双防降低","8","对敌方全体单位造成法术伤害，目标已损失魔法值越多，伤害越高。最高为龙卷雨击伤害的200％。使用后休息一回合。 双防降低","对敌方全体单位造成法术伤害，目标已损失魔法值越多，伤害越高。最高为龙卷雨击伤害的200％。使用后休息一回合。 双防降低","对敌方全体单位造成法术伤害，目标已损失魔法值越多，伤害越高。最高为龙卷雨击伤害的200％。使用后休息一回合。 双防降低","对敌方全体单位造成法术伤害，目标已损失魔法值越多，伤害越高。最高为龙卷雨击伤害的200％。使用后休息一回合。 双防降低","对敌方全体单位造成法术伤害，目标已损失魔法值越多，伤害越高。最高为龙卷雨击伤害的200％。使用后休息一回合。 双防降低","对敌方全体单位造成法术伤害，目标已损失魔法值越多，伤害越高。最高为龙卷雨击伤害的200％。使用后休息一回合。 双防降低","对敌方全体单位造成法术伤害，目标已损失魔法值越多，伤害越高。最高为龙卷雨击伤害的200％。使用后休息一回合。 双防降低","","最高为龙卷雨击伤害的220%","最高为龙卷雨击伤害的240%","最高为龙卷雨击伤害的260%","最高为龙卷雨击伤害的260%","最高为龙卷雨击伤害的260%","最高为龙卷雨击伤害的260%","最高为龙卷雨击伤害的260%","1","2","3","4","5","6","7"
"180010","新门派大招5","新门派大招5","<T t=""魔王寨门派绝技，飞星流火，炎天炽地，以魔王之力摇天撼地，三界为之变色。”"" c=""ffd729ea""></T>","321","120","0","0","消耗：$parameter1$愤怒","-1","0","0","","480","1","","<T t=""魔王寨门派绝技，飞星流火，炎天炽地，以魔王之力摇天撼地，三界为之变色。”"" c=""ffd729ea""></T>","强力法术伤害敌方2个单位，血量越少伤害越高，最高为正常五雷轰顶伤害的150%。使用后虚弱休息1回合，休息状态下双防降低。","8","强力法术伤害敌方2个单位，血量越少伤害越高，最高为正常五雷轰顶伤害的150%。使用后虚弱休息1回合，休息状态下双防降低。","强力法术伤害敌方2个单位，血量越少伤害越高，最高为正常五雷轰顶伤害的150%。使用后虚弱休息1回合，休息状态下双防降低。","强力法术伤害敌方2个单位，血量越少伤害越高，最高为正常五雷轰顶伤害的150%。使用后虚弱休息1回合，休息状态下双防降低。","强力法术伤害敌方2个单位，血量越少伤害越高，最高为正常五雷轰顶伤害的150%。使用后虚弱休息1回合，休息状态下双防降低。","强力法术伤害敌方2个单位，血量越少伤害越高，最高为正常五雷轰顶伤害的150%。使用后虚弱休息1回合，休息状态下双防降低。","强力法术伤害敌方2个单位，血量越少伤害越高，最高为正常五雷轰顶伤害的150%。使用后虚弱休息1回合，休息状态下双防降低。","强力法术伤害敌方2个单位，血量越少伤害越高，最高为正常五雷轰顶伤害的150%。使用后虚弱休息1回合，休息状态下双防降低。","","最高为五雷轰顶伤害的160%","最高为五雷轰顶伤害的170%","最高为五雷轰顶伤害的180%","最高为五雷轰顶伤害的180%","最高为五雷轰顶伤害的180%","最高为五雷轰顶伤害的180%","最高为五雷轰顶伤害的180%","1","2","3","4","5","6","7"
"180011","新门派大招6","新门派大招6","<T t=""月宫门派绝技。在时之月的清辉中展露凛冽的身姿，如雪亮的刃芒直刺四方，不负广寒清秋”"" c=""ffd729ea""></T>","330","120","0","0","消耗：$parameter1$愤怒","-1","0","0","","480","1","","<T t=""月宫门派绝技。在时之月的清辉中展露凛冽的身姿，如雪亮的刃芒直刺四方，不负广寒清秋”"" c=""ffd729ea""></T>","对敌方单位随机发动7连击，除首目标外每下独立随机目标，伤害系数为正常伤害的50%，每消耗一个连击点追加两次连击，最多使用3个连击点，使用后虚弱休息1回合，虚弱休息状态下双防降低","8","对敌方单位随机发动7连击，除首目标外每下独立随机目标，伤害系数为正常伤害的50%，每消耗一个连击点追加两次连击，最多使用3个连击点，使用后虚弱休息1回合，虚弱休息状态下双防降低","对敌方单位随机发动7连击，除首目标外每下独立随机目标，伤害系数为正常伤害的50%，每消耗一个连击点追加两次连击，最多使用3个连击点，使用后虚弱休息1回合，虚弱休息状态下双防降低","对敌方单位随机发动7连击，除首目标外每下独立随机目标，伤害系数为正常伤害的50%，每消耗一个连击点追加两次连击，最多使用3个连击点，使用后虚弱休息1回合，虚弱休息状态下双防降低","对敌方单位随机发动7连击，除首目标外每下独立随机目标，伤害系数为正常伤害的50%，每消耗一个连击点追加两次连击，最多使用3个连击点，使用后虚弱休息1回合，虚弱休息状态下双防降低","对敌方单位随机发动7连击，除首目标外每下独立随机目标，伤害系数为正常伤害的50%，每消耗一个连击点追加两次连击，最多使用3个连击点，使用后虚弱休息1回合，虚弱休息状态下双防降低","对敌方单位随机发动7连击，除首目标外每下独立随机目标，伤害系数为正常伤害的50%，每消耗一个连击点追加两次连击，最多使用3个连击点，使用后虚弱休息1回合，虚弱休息状态下双防降低","对敌方单位随机发动7连击，除首目标外每下独立随机目标，伤害系数为正常伤害的50%，每消耗一个连击点追加两次连击，最多使用3个连击点，使用后虚弱休息1回合，虚弱休息状态下双防降低","","每次造成普通攻击55%的伤害","每次造成普通攻击60%的伤害","每次造成普通攻击65%的伤害","每次造成普通攻击65%的伤害","每次造成普通攻击65%的伤害","每次造成普通攻击65%的伤害","每次造成普通攻击65%的伤害","1","2","3","4","5","6","7"
"164000","周易学","周易学","五庄观基础技能","1631","-1","0","0","无消耗","-1","0","0","","1","1","","五庄观基础技能","五庄观基础技能","1","五庄观基础技能","五庄观基础技能","五庄观基础技能","五庄观基础技能","五庄观基础技能","五庄观基础技能","五庄观基础技能","永久增加主角的物理伤害","永久增加主角的物理伤害","永久增加主角的物理伤害","永久增加主角的物理伤害","永久增加主角的物理伤害","永久增加主角的物理伤害","永久增加主角的物理伤害","永久增加主角的物理伤害","1","200","200","200","200","200","200"
"164001","日月乾坤","日月乾坤","对敌人进行物理伤害，并有几率使目标进入混乱状态","1628","100","1.2","10","消耗：$parameter1$魔法","-1","0","0","","480","1","","对敌人进行物理伤害，并有几率使目标进入混乱状态","对敌人进行物理伤害，并有几率使目标进入混乱状态","2","对敌人进行物理伤害，并有几率使目标进入混乱状态","对敌人进行物理伤害，并有几率使目标进入混乱状态","对敌人进行物理伤害，并有几率使目标进入混乱状态","对敌人进行物理伤害，并有几率使目标进入混乱状态","对敌人进行物理伤害，并有几率使目标进入混乱状态","对敌人进行物理伤害，并有几率使目标进入混乱状态","对敌人进行物理伤害，并有几率使目标进入混乱状态","增加使用时的伤害，40级可攻击3个目标","永久增加角色的封印命中","永久增加角色的封印命中","永久增加角色的封印命中","永久增加角色的封印命中","永久增加角色的封印命中","永久增加角色的封印命中","永久增加角色的封印命中","1","40","70","200","200","200","200"
"164002","炼气化神","炼气化神","一定回合内补充自己和队友的魔法","1635","100","1.2","10","消耗：$parameter1$魔法","-1","0","0","","4127","1","","一定回合内补充自己和队友的魔法","一定回合内补充自己和队友的魔法","3","一定回合内补充自己和队友的魔法","一定回合内补充自己和队友的魔法","一定回合内补充自己和队友的魔法","一定回合内补充自己和队友的魔法","一定回合内补充自己和队友的魔法","一定回合内补充自己和队友的魔法","一定回合内补充自己和队友的魔法","升级提升技能伤害","升级提升技能伤害","永久增加角色速度","永久增加角色速度","永久增加角色速度","永久增加角色速度","永久增加角色速度","永久增加角色速度","1","60","200","200","200","200","200"
"164003","气血之泉","气血之泉","一定回合内补充自己和队友的气血","1630","100","0","10","消耗：$parameter1$%最大气血","-1","0","0","","4127","1","","一定回合内补充自己和队友的气血","一定回合内补充自己和队友的气血","4","一定回合内补充自己和队友的气血","一定回合内补充自己和队友的气血","一定回合内补充自己和队友的气血","一定回合内补充自己和队友的气血","一定回合内补充自己和队友的气血","一定回合内补充自己和队友的气血","一定回合内补充自己和队友的气血","增加使用时的伤害，永久增加角色的速度","增加使用时的伤害，永久增加角色的速度","增加使用时的伤害，永久增加角色的速度","增加使用时的伤害，永久增加角色的速度","增加使用时的伤害，永久增加角色的速度","增加使用时的伤害，永久增加角色的速度","增加使用时的伤害，永久增加角色的速度","增加使用时的伤害，永久增加角色的速度","1","200","200","200","200","200","200"
"164004","烟雨剑法","烟雨剑法","使用后可以连续攻击对手两次","1633","100","1.2","10","消耗：$parameter1$魔法","-1","0","0","","480","1","","使用后可以连续攻击对手两次","使用后可以连续攻击对手两次","5","使用后可以连续攻击对手两次","使用后可以连续攻击对手两次","使用后可以连续攻击对手两次","使用后可以连续攻击对手两次","使用后可以连续攻击对手两次","使用后可以连续攻击对手两次","使用后可以连续攻击对手两次","增加使用时的伤害，70级可攻击目标3次","增加使用时的伤害，70级可攻击目标3次","增加使用时的伤害，70级可攻击目标3次","增加使用时的伤害，70级可攻击目标3次","增加使用时的伤害，增加临时提高双防的效果。永久增加角色的封印抵抗","增加使用时的伤害，增加临时提高双防的效果。永久增加角色的封印抵抗","增加使用时的伤害，增加临时提高双防的效果。永久增加角色的封印抵抗","增加使用时的伤害，增加临时提高双防的效果。永久增加角色的封印抵抗","1","200","200","200","200","200","200"
"164005","飘渺式","飘渺式","作用为当目标为怪物时，通过法术启动物理伤害对方多个目标","1627","100","1.2","10","消耗：$parameter1$魔法","-1","0","0","","480","1","","作用为当目标为怪物时，通过法术启动物理伤害对方多个目标","作用为当目标为怪物时，通过法术启动物理伤害对方多个目标","6","作用为当目标为怪物时，通过法术启动物理伤害对方多个目标","作用为当目标为怪物时，通过法术启动物理伤害对方多个目标","作用为当目标为怪物时，通过法术启动物理伤害对方多个目标","作用为当目标为怪物时，通过法术启动物理伤害对方多个目标","作用为当目标为怪物时，通过法术启动物理伤害对方多个目标","作用为当目标为怪物时，通过法术启动物理伤害对方多个目标","作用为当目标为怪物时，通过法术启动物理伤害对方多个目标","增加使用时的伤害，70级可攻击3个目标","增加使用时的伤害，70级可攻击3个目标","增加使用时的伤害，70级可攻击3个目标","增加使用时的伤害，70级可攻击3个目标","增加使用时的伤害，70级可攻击3个目标","增加使用时的伤害，70级可攻击3个目标","增加使用时的伤害，70级可攻击3个目标","增加使用时的伤害，70级可攻击3个目标","1","60","200","200","200","200","200"
"164006","山海经","山海经","五庄观弟子可以用符咒召唤神兵之力，让装备更坚固。","1629","-1","0.667","6","消耗：$parameter1$活力","-1","0","0","","1","1","","五庄观弟子可以用符咒召唤神兵之力，让装备更坚固。","制造一张临时符，可给鞋子增加速度","7","制造一张临时符，可给鞋子增加速度","制造一张临时符，可给鞋子增加速度","制造一张临时符，可给鞋子增加速度","制造一张临时符，可给鞋子增加速度","制造一张临时符，可给鞋子增加速度","制造一张临时符，可给鞋子增加速度","制造一张临时符，可给鞋子增加速度","增加临时符附加物理防御的效果","增加临时符附加物理防御的效果","增加临时符附加物理防御的效果","增加临时符附加物理防御的效果","增加临时符附加物理防御的效果","增加临时符附加物理防御的效果","增加临时符附加物理防御的效果","增加临时符附加物理防御的效果","1","200","200","200","200","200","200"
"164007","五重天","五重天","<T t=""五庄观门派绝技，召唤五重法术对目标进行死亡打击。。"" c=""ffd729ea""></T>","1632","120","0","150","消耗：$parameter1$愤怒","-1","0","0","","480","1","","<T t=""五庄观门派绝技，召唤五重法术对目标进行死亡打击。。"" c=""ffd729ea""></T>","五庄观门派绝技，召唤五重法术对目标进行死亡打击。","8","对目标五人使用日月乾坤。使用后休息一回合。","对目标五人使用日月乾坤。使用后休息一回合。","对目标五人使用日月乾坤。使用后休息一回合。","对目标五人使用日月乾坤。使用后休息一回合。","对目标五人使用日月乾坤。使用后休息一回合。","对目标五人使用日月乾坤。使用后休息一回合。","对目标五人使用日月乾坤。使用后休息一回合。","对目标五人使用日月乾坤。使用后休息一回合。","对目标五人使用日月乾坤。使用后休息一回合。","对目标五人使用日月乾坤。使用后休息一回合。","对目标五人使用日月乾坤。使用后休息一回合。","对目标五人使用日月乾坤。使用后休息一回合。","对目标五人使用日月乾坤。使用后休息一回合。","对目标五人使用日月乾坤。使用后休息一回合。","对目标五人使用日月乾坤。使用后休息一回合。","1","2","3","4","5","6","7"
"165000","红袖添香","红袖添香"," 灯下对红袖，浮香夜黄昏。纤纤皓素腕，研墨对月明。","101","-1","0","0","无消耗","-1","0","0","","1","1",""," 灯下对红袖，浮香夜黄昏。纤纤皓素腕，研墨对月明。"," 灯下对红袖，浮香夜黄昏。纤纤皓素腕，研墨对月明。","1","女儿村基础技能。使用女儿村封印技能时会额外造成伤害，伤害结果和武器的法术伤害有关","女儿村基础技能。使用女儿村封印技能时会额外造成伤害，伤害结果和武器的法术伤害有关","女儿村基础技能。使用女儿村封印技能时会额外造成伤害，伤害结果和武器的法术伤害有关","女儿村基础技能。使用女儿村封印技能时会额外造成伤害，伤害结果和武器的法术伤害有关","女儿村基础技能。使用女儿村封印技能时会额外造成伤害，伤害结果和武器的法术伤害有关","女儿村基础技能。使用女儿村封印技能时会额外造成伤害，伤害结果和武器的法术伤害有关","女儿村基础技能。使用女儿村封印技能时会额外造成伤害，伤害结果和武器的法术伤害有关","永久增加角色的法术防御。","永久增加角色的法术防御。","永久增加角色的法术防御。","永久增加角色的法术防御。","永久增加角色的法术防御。","永久增加角色的法术防御。","永久增加角色的法术防御。","永久增加角色的法术防御。","1","200","200","200","200","200","200"
"165001","飞花摘叶","飞花摘叶","一叶微风起，谁解落花意。拾花在手，亦可降敌。","106","100","1.2","10","消耗：$parameter1$魔法","-1","0","0","","480","1","","一叶微风起，谁解落花意。拾花在手，亦可降敌。","一叶微风起，谁解落花意。拾花在手，亦可降敌。","2","法术攻击4个目标，小概率使敌方中毒。玩家施法对首目标小概率附加一笑倾城","法术攻击4个目标，小概率使敌方中毒。玩家施法对首目标小概率附加一笑倾城","法术攻击4个目标，小概率使敌方中毒。玩家施法对首目标小概率附加一笑倾城","法术攻击4个目标，小概率使敌方中毒。玩家施法对首目标小概率附加一笑倾城","法术攻击4个目标，小概率使敌方中毒。玩家施法对首目标小概率附加一笑倾城","法术攻击4个目标，小概率使敌方中毒。玩家施法对首目标小概率附加一笑倾城","法术攻击4个目标，小概率使敌方中毒。玩家施法对首目标小概率附加一笑倾城"," 0-59级 增加使用时的伤害，60级可攻击4个目标；60-69级 增加使用时的伤害，70级可攻击5个目标；70-89级 增加使用时的伤害，90级可攻击6个目标；90-120级 增加使用时的伤害。"," 0-59级 增加使用时的伤害，60级可攻击4个目标；60-69级 增加使用时的伤害，70级可攻击5个目标；70-89级 增加使用时的伤害，90级可攻击6个目标；90-120级 增加使用时的伤害。"," 0-59级 增加使用时的伤害，60级可攻击4个目标；60-69级 增加使用时的伤害，70级可攻击5个目标；70-89级 增加使用时的伤害，90级可攻击6个目标；90-120级 增加使用时的伤害。"," 0-59级 增加使用时的伤害，60级可攻击4个目标；60-69级 增加使用时的伤害，70级可攻击5个目标；70-89级 增加使用时的伤害，90级可攻击6个目标；90-120级 增加使用时的伤害。"," 0-59级 增加使用时的伤害，60级可攻击4个目标；60-69级 增加使用时的伤害，70级可攻击5个目标；70-89级 增加使用时的伤害，90级可攻击6个目标；90-120级 增加使用时的伤害。"," 0-59级 增加使用时的伤害，60级可攻击4个目标；60-69级 增加使用时的伤害，70级可攻击5个目标；70-89级 增加使用时的伤害，90级可攻击6个目标；90-120级 增加使用时的伤害。"," 0-59级 增加使用时的伤害，60级可攻击4个目标；60-69级 增加使用时的伤害，70级可攻击5个目标；70-89级 增加使用时的伤害，90级可攻击6个目标；90-120级 增加使用时的伤害。"," 0-59级 增加使用时的伤害，60级可攻击4个目标；60-69级 增加使用时的伤害，70级可攻击5个目标；70-89级 增加使用时的伤害，90级可攻击6个目标；90-120级 增加使用时的伤害。","1","40","70","200","200","200","200"
"165002","一笑倾城","一笑倾城"," 北方有佳人，绝世而独立。宁不知倾城与倾国，佳人难再得。","104","100","1.2","10","消耗：$parameter1$魔法","-1","0","0","","480","1",""," 北方有佳人，绝世而独立。宁不知倾城与倾国，佳人难再得。"," 北方有佳人，绝世而独立。宁不知倾城与倾国，佳人难再得。","3","封印敌方3个目标的法术，首目标命中率较高，次目标较低，持续2回合。","封印敌方3个目标的法术，首目标命中率较高，次目标较低，持续2回合。","封印敌方3个目标的法术，首目标命中率较高，次目标较低，持续2回合。","封印敌方3个目标的法术，首目标命中率较高，次目标较低，持续2回合。","封印敌方3个目标的法术，首目标命中率较高，次目标较低，持续2回合。","封印敌方3个目标的法术，首目标命中率较高，次目标较低，持续2回合。","封印敌方3个目标的法术，首目标命中率较高，次目标较低，持续2回合。","永久增加角色的封印命中。","永久增加角色的封印命中。","永久增加角色的封印命中。","永久增加角色的封印命中。","永久增加角色的封印命中。","永久增加角色的封印命中。","永久增加角色的封印命中。","永久增加角色的封印命中。","1","60","200","200","200","200","200"
"165003","观心镜","观心镜","明慧晓百术，静思以观心。水月为镜，可观敌方绝学。","100","100","0","10","消耗：$parameter1$%最大生命值","-1","0","0","","480","1","","明慧晓百术，静思以观心。水月为镜，可观敌方绝学。","明慧晓百术，静思以观心。水月为镜，可观敌方绝学。","4","提升命中率，封印敌方目标法术3回合","提升命中率，封印敌方目标法术3回合","提升命中率，封印敌方目标法术3回合","提升命中率，封印敌方目标法术3回合","提升命中率，封印敌方目标法术3回合","提升命中率，封印敌方目标法术3回合","提升命中率，封印敌方目标法术3回合","永久增加角色的抵抗封印。","永久增加角色的抵抗封印。","永久增加角色的抵抗封印。","永久增加角色的抵抗封印。","永久增加角色的抵抗封印。","永久增加角色的抵抗封印。","永久增加角色的抵抗封印。","永久增加角色的抵抗封印。","1","200","200","200","200","200","200"
"165004","唤花灵","唤花灵","以吾之名，唤花之灵；守我以彼，共我以生。召唤花灵，共同作战。","102","100","1.2","10","消耗：$parameter1$魔法","-1","0","0","","4127","1","","以吾之名，唤花之灵；守我以彼，共我以生。召唤花灵，共同作战。","以吾之名，唤花之灵；守我以彼，共我以生。召唤花灵，共同作战。","5","召唤一朵四色花灵，花灵每回合会给召唤者一片随机增益花瓣并回复少量气血。","召唤一朵四色花灵，花灵每回合会给召唤者一片随机增益花瓣并回复少量气血。","召唤一朵四色花灵，花灵每回合会给召唤者一片随机增益花瓣并回复少量气血。","召唤一朵四色花灵，花灵每回合会给召唤者一片随机增益花瓣并回复少量气血。","召唤一朵四色花灵，花灵每回合会给召唤者一片随机增益花瓣并回复少量气血。","召唤一朵四色花灵，花灵每回合会给召唤者一片随机增益花瓣并回复少量气血。","召唤一朵四色花灵，花灵每回合会给召唤者一片随机增益花瓣并回复少量气血。","提升花灵属性。","提升花灵属性。","提升花灵属性。","提升花灵属性。","提升花灵属性。","提升花灵属性。","提升花灵属性。","提升花灵属性。","1","200","200","200","200","200","200"
"165005","镜花隐","镜花隐","水映花月色，身藏疏影中。镜隐花移，唯余暗香，佳人无处寻。","99","100","1.2","10","消耗：$parameter1$魔法","-1","0","0","","1","1","","水映花月色，身藏疏影中。镜隐花移，唯余暗香，佳人无处寻。","水映花月色，身藏疏影中。镜隐花移，唯余暗香，佳人无处寻。","6","2回合内有几率格挡并反弹来自敌方的伤害。","2回合内有几率格挡并反弹来自敌方的伤害。","2回合内有几率格挡并反弹来自敌方的伤害。","2回合内有几率格挡并反弹来自敌方的伤害。","2回合内有几率格挡并反弹来自敌方的伤害。","2回合内有几率格挡并反弹来自敌方的伤害。","2回合内有几率格挡并反弹来自敌方的伤害。","永久增加角色的气血。","永久增加角色的气血。","永久增加角色的气血。","永久增加角色的气血。","永久增加角色的气血。","永久增加角色的气血。","永久增加角色的气血。","永久增加角色的气血。","1","60","200","200","200","200","200"
"165006","轻如鸿毛","轻如鸿毛","盈盈掌中舞，沾露羽衣轻。翩若惊鸿，一顾而已。","103","-1","0.667","6","消耗：$parameter1$活力","-1","0","0","","1","1","","盈盈掌中舞，沾露羽衣轻。翩若惊鸿，一顾而已。","盈盈掌中舞，沾露羽衣轻。翩若惊鸿，一顾而已。","7","制造一张临时符，给武器增加封印命中。","制造一张临时符，给武器增加封印命中。","制造一张临时符，给武器增加封印命中。","制造一张临时符，给武器增加封印命中。","制造一张临时符，给武器增加封印命中。","制造一张临时符，给武器增加封印命中。","制造一张临时符，给武器增加封印命中。","永久增加角色的速度。","永久增加角色的速度。","永久增加角色的速度。","永久增加角色的速度。","永久增加角色的速度。","永久增加角色的速度。","永久增加角色的速度。","永久增加角色的速度。","1","200","200","200","200","200","200"
"165007","镜花水月","镜花水月","<T t=""女儿村门派绝技。山水花木皆有灵。天地万物之灵，变无穷奥妙，为我所用。"" c=""ffd729ea""></T>","98","120","0","150","消耗：$parameter1$愤怒","-1","0","0","","4127","1","","<T t=""女儿村门派绝技。山水花木皆有灵。天地万物之灵，变无穷奥妙，为我所用。"" c=""ffd729ea""></T>","<T t=""女儿村门派绝技。山水花木皆有灵。天地万物之灵，变无穷奥妙，为我所用。"" c=""ffd729ea""></T>","8","使己方全体进入镜花隐状态1回合，使用后休息一回合。","使己方全体进入镜花隐状态1回合，使用后休息一回合。","使己方全体进入镜花隐状态1回合，使用后休息一回合。","使己方全体进入镜花隐状态1回合，使用后休息一回合。","使己方全体进入镜花隐状态1回合，使用后休息一回合。","使己方全体进入镜花隐状态1回合，使用后休息一回合。","使己方全体进入镜花隐状态1回合，使用后休息一回合。","","提升格挡和反弹的几率。","提升格挡和反弹的几率。","提升格挡和反弹的几率。","提升格挡和反弹的几率。","提升格挡和反弹的几率。","提升格挡和反弹的几率。","提升格挡和反弹的几率。","1","2","3","4","5","6","7"
"166000","梵心魔罗","梵心魔罗","万法从心生，佛魔一念间，浮生不骄狂，何以笑流年。梵魔由心，逍遥不羁，正是小雷音法术的精髓所在。","89","-1","0","0","无消耗","-1","0","0","","1","1","","万法从心生，佛魔一念间，浮生不骄狂，何以笑流年。梵魔由心，逍遥不羁，正是小雷音法术的精髓所在。","小雷音寺基础技能。当头顶灵渊的灵珠被挤出时，会根据灵珠的属性来强化当前释放的法术。","1","小雷音寺基础技能。当头顶灵渊的灵珠被挤出时，会根据灵珠的属性来强化当前释放的法术。","小雷音寺基础技能。当头顶灵渊的灵珠被挤出时，会根据灵珠的属性来强化当前释放的法术。","小雷音寺基础技能。当头顶灵渊的灵珠被挤出时，会根据灵珠的属性来强化当前释放的法术。","小雷音寺基础技能。当头顶灵渊的灵珠被挤出时，会根据灵珠的属性来强化当前释放的法术。","小雷音寺基础技能。当头顶灵渊的灵珠被挤出时，会根据灵珠的属性来强化当前释放的法术。","小雷音寺基础技能。当头顶灵渊的灵珠被挤出时，会根据灵珠的属性来强化当前释放的法术。","小雷音寺基础技能。当头顶灵渊的灵珠被挤出时，会根据灵珠的属性来强化当前释放的法术。","永久增加角色的法术伤害","永久增加角色的法术伤害","永久增加角色的法术伤害","永久增加角色的法术伤害","永久增加角色的法术伤害","永久增加角色的法术伤害","永久增加角色的法术伤害","永久增加角色的法术伤害","1","200","200","200","200","200","200"
"166001","斩业火","斩业火","妙法生流火，照世焚罪邪，予我如意法，斩业非斩人。","90","100","1.2","10","消耗：$parameter1$魔法","-1","0","0","","480","1","","妙法生流火，照世焚罪邪，予我如意法，斩业非斩人。","法术伤害4个目标，并获得一枚佛珠置于灵渊中,伤害不衰减","2","法术伤害4个目标，并获得一枚佛珠置于灵渊中,伤害不衰减","法术伤害4个目标，并获得一枚佛珠置于灵渊中,伤害不衰减","法术伤害4个目标，并获得一枚佛珠置于灵渊中,伤害不衰减","法术伤害4个目标，并获得一枚佛珠置于灵渊中,伤害不衰减","法术伤害4个目标，并获得一枚佛珠置于灵渊中,伤害不衰减","法术伤害4个目标，并获得一枚佛珠置于灵渊中,伤害不衰减","法术伤害4个目标，并获得一枚佛珠置于灵渊中,伤害不衰减","增加使用时伤害","增加使用时伤害","增加使用时伤害","增加使用时伤害","增加使用时伤害","增加使用时伤害","增加使用时伤害","增加使用时伤害","1","40","70","200","200","200","200"
"166002","迷心障","迷心障","世间万物，皆有其障，以力催之，或可迷心。","91","100","1.2","10","消耗：$parameter1$魔法","-1","0","0","","480","1","","世间万物，皆有其障，以力催之，或可迷心。","对单体目标造成2次伤害，有几率冰冻目标，概率与伤害相关，并获得一枚魔珠置于灵渊中","3","对单体目标造成2次伤害，有几率冰冻目标，概率与伤害相关，并获得一枚魔珠置于灵渊中","对单体目标造成2次伤害，有几率冰冻目标，概率与伤害相关，并获得一枚魔珠置于灵渊中","对单体目标造成2次伤害，有几率冰冻目标，概率与伤害相关，并获得一枚魔珠置于灵渊中","对单体目标造成2次伤害，有几率冰冻目标，概率与伤害相关，并获得一枚魔珠置于灵渊中","对单体目标造成2次伤害，有几率冰冻目标，概率与伤害相关，并获得一枚魔珠置于灵渊中","对单体目标造成2次伤害，有几率冰冻目标，概率与伤害相关，并获得一枚魔珠置于灵渊中","对单体目标造成2次伤害，有几率冰冻目标，概率与伤害相关，并获得一枚魔珠置于灵渊中","增加使用时的伤害","增加使用时的伤害","增加使用时的伤害","增加使用时的伤害","增加使用时的伤害","增加使用时的伤害","增加使用时的伤害","增加使用时的伤害","1","200","200","200","200","200","200"
"166003","一念成佛","一念成佛","火海赫焱渡厄业，一念成仁即佛陀。","92","100","0","0","无消耗","-1","0","0","","480","1","","火海赫焱渡厄业，一念成仁即佛陀。","法术伤害3个目标，消耗灵渊里所有佛珠，每消耗一颗佛珠，增加一个伤害目标，伤害不衰减，最多消耗三颗佛珠！","4","法术伤害3个目标，消耗灵渊里所有佛珠，每消耗一颗佛珠，增加一个伤害目标，伤害不衰减，最多消耗三颗佛珠！","法术伤害3个目标，消耗灵渊里所有佛珠，每消耗一颗佛珠，增加一个伤害目标，伤害不衰减，最多消耗三颗佛珠！","法术伤害3个目标，消耗灵渊里所有佛珠，每消耗一颗佛珠，增加一个伤害目标，伤害不衰减，最多消耗三颗佛珠！","法术伤害3个目标，消耗灵渊里所有佛珠，每消耗一颗佛珠，增加一个伤害目标，伤害不衰减，最多消耗三颗佛珠！","法术伤害3个目标，消耗灵渊里所有佛珠，每消耗一颗佛珠，增加一个伤害目标，伤害不衰减，最多消耗三颗佛珠！","法术伤害3个目标，消耗灵渊里所有佛珠，每消耗一颗佛珠，增加一个伤害目标，伤害不衰减，最多消耗三颗佛珠！","法术伤害3个目标，消耗灵渊里所有佛珠，每消耗一颗佛珠，增加一个伤害目标，伤害不衰减，最多消耗三颗佛珠！","增加使用时伤害,永久增加抵抗封印","增加使用时伤害,永久增加抵抗封印","增加使用时伤害,永久增加抵抗封印","增加使用时伤害,永久增加抵抗封印","增加使用时伤害,永久增加抵抗封印","增加使用时伤害,永久增加抵抗封印","增加使用时伤害,永久增加抵抗封印","增加使用时伤害,永久增加抵抗封印","1","200","200","200","200","200","200"
"166004","一劫为魔","一劫为魔-渡人","生灭予夺囚心魄，一念成痴本疯魔。","93","100","1.2","10","消耗：$parameter1$魔法","-1","0","0","","480","1","","生灭予夺囚心魄，一念成痴本疯魔。","对单体目标造成3次伤害，消耗灵渊里所有魔珠，每消耗一颗魔珠，额外造成一次伤害。有几率冰冻目标，概率与伤害相关，最多消耗三颗佛珠！","5","对单体目标造成3次伤害，消耗灵渊里所有魔珠，每消耗一颗魔珠，额外造成一次伤害。有几率冰冻目标，概率与伤害相关，最多消耗三颗佛珠！","对单体目标造成3次伤害，消耗灵渊里所有魔珠，每消耗一颗魔珠，额外造成一次伤害。有几率冰冻目标，概率与伤害相关，最多消耗三颗佛珠！","对单体目标造成3次伤害，消耗灵渊里所有魔珠，每消耗一颗魔珠，额外造成一次伤害。有几率冰冻目标，概率与伤害相关，最多消耗三颗佛珠！","对单体目标造成3次伤害，消耗灵渊里所有魔珠，每消耗一颗魔珠，额外造成一次伤害。有几率冰冻目标，概率与伤害相关，最多消耗三颗佛珠！","对单体目标造成3次伤害，消耗灵渊里所有魔珠，每消耗一颗魔珠，额外造成一次伤害。有几率冰冻目标，概率与伤害相关，最多消耗三颗佛珠！","对单体目标造成3次伤害，消耗灵渊里所有魔珠，每消耗一颗魔珠，额外造成一次伤害。有几率冰冻目标，概率与伤害相关，最多消耗三颗佛珠！","对单体目标造成3次伤害，消耗灵渊里所有魔珠，每消耗一颗魔珠，额外造成一次伤害。有几率冰冻目标，概率与伤害相关，最多消耗三颗佛珠！","增强使用时伤害，永久增加角色的物理防御","增强使用时伤害，永久增加角色的物理防御","增强使用时伤害，永久增加角色的物理防御","增强使用时伤害，永久增加角色的物理防御","增强使用时伤害，永久增加角色的物理防御","增强使用时伤害，永久增加角色的物理防御","增强使用时伤害，永久增加角色的物理防御","增强使用时伤害，永久增加角色的物理防御","1","200","200","200","200","200","200"
"166005","雷音度厄","雷音度厄","痛饮狂歌翻尘浪，飞扬跋扈自称雄。胆聚一腔傲然气，不生不灭不低头。","94","100","1.2","10","消耗：$parameter1$魔法","-1","0","0","","4127","1","","痛饮狂歌翻尘浪，飞扬跋扈自称雄。胆聚一腔傲然气，不生不灭不低头。","给己方单体施加一个护盾并消耗灵渊里2颗灵珠，附加百分之30的物理法术免伤！","6","给己方单体施加一个护盾并消耗灵渊里2颗灵珠，附加百分之30的物理法术免伤！","给己方单体施加一个护盾并消耗灵渊里2颗灵珠，附加百分之30的物理法术免伤！","给己方单体施加一个护盾并消耗灵渊里2颗灵珠，附加百分之30的物理法术免伤！","给己方单体施加一个护盾并消耗灵渊里2颗灵珠，附加百分之30的物理法术免伤！","给己方单体施加一个护盾并消耗灵渊里2颗灵珠，附加百分之30的物理法术免伤！","给己方单体施加一个护盾并消耗灵渊里2颗灵珠，附加百分之30的物理法术免伤！","给己方单体施加一个护盾并消耗灵渊里2颗灵珠，附加百分之30的物理法术免伤！","提升持续的效果。","提升持续的效果。","提升持续的效果。","提升持续的效果。","提升持续的效果。","提升持续的效果。","提升持续的效果。","提升持续的效果。","1","200","200","200","200","200","200"
"166006","天魔护体","天魔护体","命里仅一尺，我偏求一丈，激笑平生畅，逍遥魔王心。","95","-1","0.667","6","消耗：$parameter1$活力","-1","0","0","","1","1","","命里仅一尺，我偏求一丈，激笑平生畅，逍遥魔王心。","制造一张临时符，给武器增加治疗效果！","7","制造一张临时符，给武器增加治疗效果！","制造一张临时符，给武器增加治疗效果！","制造一张临时符，给武器增加治疗效果！","制造一张临时符，给武器增加治疗效果！","制造一张临时符，给武器增加治疗效果！","制造一张临时符，给武器增加治疗效果！","制造一张临时符，给武器增加治疗效果！","增强临时符附加的治疗值，永久增加角色的速度","增强临时符附加的治疗值，永久增加角色的速度","增强临时符附加的治疗值，永久增加角色的速度","增强临时符附加的治疗值，永久增加角色的速度","增强临时符附加的治疗值，永久增加角色的速度","增强临时符附加的治疗值，永久增加角色的速度","增强临时符附加的治疗值，永久增加角色的速度","增强临时符附加的治疗值，永久增加角色的速度","1","200","200","200","200","200","200"
"166007","问天一战","问天一战","踏南天，碎凌霄，气壮意满仰天啸，问苍天，敢一战？","96","120","0","120","消耗：$parameter1$愤怒","-1","0","0","","480","1","","踏南天，碎凌霄，气壮意满仰天啸，问苍天，敢一战？","随机召唤10颗灵珠攻击敌方","8","随机召唤10颗灵珠攻击敌方","随机召唤10颗灵珠攻击敌方","随机召唤10颗灵珠攻击敌方","随机召唤10颗灵珠攻击敌方","随机召唤10颗灵珠攻击敌方","随机召唤10颗灵珠攻击敌方","随机召唤10颗灵珠攻击敌方","","提升召唤珠子的数量","提升召唤珠子的数量","提升召唤珠子的数量","提升召唤珠子的数量","提升召唤珠子的数量","提升召唤珠子的数量","提升召唤珠子的数量","1","2","3","4","5","6","7"
"167000","天罡气","天罡气","再带必杀、物穿、物理防御提升百分之40!","1376","-1","0","0","无消耗","-1","0","0","","1","1","","再带必杀、物穿、物理防御提升百分之40!","再带必杀、物穿、物理防御提升百分之40!","1","天宫基础技能","天宫基础技能","天宫基础技能","天宫基础技能","天宫基础技能","天宫基础技能","天宫基础技能","天宫基础技能","天宫基础技能","天宫基础技能","天宫基础技能","天宫基础技能","天宫基础技能","天宫基础技能","天宫基础技能","1","200","200","200","200","200","200"
"167001","雷霆万钧","雷霆万钧","物理伤害多个目标，最多攻击4人","1377","100","1.2","10","消耗：$parameter1$魔法","-1","0","0","","480","1","","物理伤害多个目标，最多攻击4人","物理伤害多个目标，最多攻击4人","2","物理伤害多个目标，最多攻击4人","物理伤害多个目标，最多攻击4人","物理伤害多个目标，最多攻击4人","物理伤害多个目标，最多攻击4人","物理伤害多个目标，最多攻击4人","物理伤害多个目标，最多攻击4人","物理伤害多个目标，最多攻击4人0-59攻击2个目标50-89攻击3个90级后攻击4个","物理伤害多个目标，最多攻击4人0-59攻击2个目标50-89攻击3个90级后攻击4个","物理伤害多个目标，最多攻击4人0-59攻击2个目标50-89攻击3个90级后攻击4个","物理伤害多个目标，最多攻击4人0-59攻击2个目标50-89攻击3个90级后攻击4个","物理伤害多个目标，最多攻击4人0-59攻击2个目标50-89攻击3个90级后攻击4个","物理伤害多个目标，最多攻击4人0-59攻击2个目标50-89攻击3个90级后攻击4个","物理伤害多个目标，最多攻击4人0-59攻击2个目标50-89攻击3个90级后攻击4个","物理伤害多个目标，最多攻击4人0-59攻击2个目标50-89攻击3个90级后攻击4个","物理伤害多个目标，最多攻击4人0-59攻击2个目标50-89攻击3个90级后攻击4个","1","40","70","200","200","200","200"
"167002","天雷斩","天雷斩","提升百分之20的暴击 和物理伤害对敌人进行伤害","1378","100","1.2","10","消耗：$parameter1$魔法","-1","0","0","","480","1","","提升百分之20的暴击 和物理伤害对敌人进行伤害","提升百分之20的暴击 和物理伤害对敌人进行伤害","3","提升百分之20的暴击 和物理伤害对敌人进行伤害","提升百分之20的暴击 和物理伤害对敌人进行伤害","提升百分之20的暴击 和物理伤害对敌人进行伤害","提升百分之20的暴击 和物理伤害对敌人进行伤害","提升百分之20的暴击 和物理伤害对敌人进行伤害","提升百分之20的暴击 和物理伤害对敌人进行伤害","提升百分之20的暴击 和物理伤害对敌人进行伤害","提升百分之20的暴击 和物理伤害对敌人进行伤害","提升百分之20的暴击 和物理伤害对敌人进行伤害","提升百分之20的暴击 和物理伤害对敌人进行伤害","提升百分之20的暴击 和物理伤害对敌人进行伤害","提升百分之20的暴击 和物理伤害对敌人进行伤害","提升百分之20的暴击 和物理伤害对敌人进行伤害","提升百分之20的暴击 和物理伤害对敌人进行伤害","提升百分之20的暴击 和物理伤害对敌人进行伤害","1","60","200","200","200","200","200"
"167003","错乱","错乱","封印敌人法术伤害","1379","100","0","10","消耗：$parameter1$%最大气血","-1","0","0","","480","1","","封印敌人法术伤害","封印敌人法术伤害","4","封印敌人法术伤害","封印敌人法术伤害","封印敌人法术伤害","封印敌人法术伤害","封印敌人法术伤害","封印敌人法术伤害","封印敌人法术伤害","封印敌人法术伤害","封印敌人法术伤害","封印敌人法术伤害","封印敌人法术伤害","封印敌人法术伤害","封印敌人法术伤害","封印敌人法术伤害","封印敌人法术伤害","1","200","200","200","200","200","200"
"167004","百万神兵","百万神兵","临时提升物理百分之50伤害","1380","100","1.2","10","消耗：$parameter1$魔法","-1","0","0","","480","1","","临时提升物理百分之50伤害","临时提升物理百分之50伤害","5","临时提升物理百分之50伤害","临时提升物理百分之50伤害","临时提升物理百分之50伤害","临时提升物理百分之50伤害","临时提升物理百分之50伤害","临时提升物理百分之50伤害","临时提升物理百分之50伤害","临时提升物理百分之50伤害","临时提升物理百分之50伤害","临时提升物理百分之50伤害","临时提升物理百分之50伤害","临时提升物理百分之50伤害","临时提升物理百分之50伤害","临时提升物理百分之50伤害","临时提升物理百分之50伤害","1","200","200","200","200","200","200"
"167005","五雷轰顶","五雷轰顶","100%减少敌方20%的气血，失败减少5%的气血！","1381","100","1.2","10","消耗：$parameter1$魔法","-1","0","0","","480","1","","100%减少敌方20%的气血，失败减少5%的气血！","100%减少敌方20%的气血，失败减少5%的气血！","6","100%减少敌方20%的气血，失败减少5%的气血！","100%减少敌方20%的气血，失败减少5%的气血！","100%减少敌方20%的气血，失败减少5%的气血！","100%减少敌方20%的气血，失败减少5%的气血！","100%减少敌方20%的气血，失败减少5%的气血！","100%减少敌方20%的气血，失败减少5%的气血！","100%减少敌方20%的气血，失败减少5%的气血！","100%减少敌方20%的气血，失败减少5%的气血！","100%减少敌方20%的气血，失败减少5%的气血！","100%减少敌方20%的气血，失败减少5%的气血！","100%减少敌方20%的气血，失败减少5%的气血！","100%减少敌方20%的气血，失败减少5%的气血！","100%减少敌方20%的气血，失败减少5%的气血！","100%减少敌方20%的气血，失败减少5%的气血！","100%减少敌方20%的气血，失败减少5%的气血！","1","60","200","200","200","200","200"
"167006","天罡气","天罡气","附魔：纳鲁恩赐","1382","-1","0.667","6","消耗：$parameter1$活力","-1","0","0","","1","1","","附魔：纳鲁恩赐","附魔：纳鲁恩赐","7","附魔：纳鲁恩赐","附魔：纳鲁恩赐","附魔：纳鲁恩赐","附魔：纳鲁恩赐","附魔：纳鲁恩赐","附魔：纳鲁恩赐","附魔：纳鲁恩赐","附魔：纳鲁恩赐","附魔：纳鲁恩赐","附魔：纳鲁恩赐","附魔：纳鲁恩赐","附魔：纳鲁恩赐","附魔：纳鲁恩赐","附魔：纳鲁恩赐","附魔：纳鲁恩赐","1","200","200","200","200","200","200"
"167007","诸天灭地","诸天灭地","提升百分之百的伤害暴击对敌人造成伤害并且百分之百封印敌人物理法术伤害5回合","1383","120","0","150","消耗：$parameter1$愤怒","-1","0","0","","480","1","","提升百分之百的伤害暴击对敌人造成伤害并且百分之百封印敌人物理法术伤害5回合","提升百分之百的伤害暴击对敌人造成伤害并且百分之百封印敌人物理法术伤害5回合","8","提升百分之百的伤害暴击对敌人造成伤害并且百分之百封印敌人物理法术伤害5回合","提升百分之百的伤害暴击对敌人造成伤害并且百分之百封印敌人物理法术伤害5回合","提升百分之百的伤害暴击对敌人造成伤害并且百分之百封印敌人物理法术伤害5回合","提升百分之百的伤害暴击对敌人造成伤害并且百分之百封印敌人物理法术伤害5回合","提升百分之百的伤害暴击对敌人造成伤害并且百分之百封印敌人物理法术伤害5回合","提升百分之百的伤害暴击对敌人造成伤害并且百分之百封印敌人物理法术伤害5回合","提升百分之百的伤害暴击对敌人造成伤害并且百分之百封印敌人物理法术伤害5回合","提升百分之百的伤害暴击对敌人造成伤害并且百分之百封印敌人物理法术伤害5回合","提升百分之百的伤害暴击对敌人造成伤害并且百分之百封印敌人物理法术伤害5回合","提升百分之百的伤害暴击对敌人造成伤害并且百分之百封印敌人物理法术伤害5回合","提升百分之百的伤害暴击对敌人造成伤害并且百分之百封印敌人物理法术伤害5回合","提升百分之百的伤害暴击对敌人造成伤害并且百分之百封印敌人物理法术伤害5回合","提升百分之百的伤害暴击对敌人造成伤害并且百分之百封印敌人物理法术伤害5回合","提升百分之百的伤害暴击对敌人造成伤害并且百分之百封印敌人物理法术伤害5回合","提升百分之百的伤害暴击对敌人造成伤害并且百分之百封印敌人物理法术伤害5回合","1","2","3","4","5","6","7"
"168000","如意金箍棒","如意金箍棒","威宁天地诛妖棒，势镇汪洋定海针。","2402","-1","0","0","无消耗","-1","0","0","","1","1","","威宁天地诛妖棒，势镇汪洋定海针。","花果山基础技能。","1","花果山基础技能。","花果山基础技能。","花果山基础技能。","花果山基础技能。","花果山基础技能。","花果山基础技能。","花果山基础技能。","花果山基础技能。","花果山基础技能。","花果山基础技能。","花果山基础技能。","花果山基础技能。","花果山基础技能。","花果山基础技能。","花果山基础技能。","1","200","200","200","200","200","200"
"168001","当头一棒","当头一棒","当头一棒撼天地，一发千钧竞锋芒","2403","100","1.2","10","消耗：$parameter1$魔法","-1","0","0","","480","1","","云卷万里浮云涌，尘起千峦战意浓。莫笑乱棍似猴戏，泼天蔽日搅灵霄。","物理攻击3个敌方目标","2","物理攻击3个敌方目标","物理攻击3个敌方目标","物理攻击3个敌方目标","物理攻击3个敌方目标","物理攻击3个敌方目标","物理攻击3个敌方目标","物理攻击3个敌方目标","物理攻击3个敌方目标","物理攻击3个敌方目标","物理攻击3个敌方目标","物理攻击3个敌方目标","物理攻击3个敌方目标","物理攻击3个敌方目标","物理攻击3个敌方目标","物理攻击3个敌方目标","1","40","70","200","200","200","200"
"168002","泼天乱棍","泼天乱棍","云卷万里浮光涌，尘起千峦战意浓。莫笑乱棍似猴戏，泼天蔽日搅凌霄。","2392","100","1.2","10","消耗：$parameter1$魔法","-1","0","0","","480","1","","当头一棒憾天地，一发千钧竞锋芒。","临时提高一定物理暴击后对敌方单体发动一次强力攻击。","3","临时提高一定物理暴击后对敌方单体发动一次强力攻击。","临时提高一定物理暴击后对敌方单体发动一次强力攻击。","临时提高一定物理暴击后对敌方单体发动一次强力攻击。","临时提高一定物理暴击后对敌方单体发动一次强力攻击。","临时提高一定物理暴击后对敌方单体发动一次强力攻击。","临时提高一定物理暴击后对敌方单体发动一次强力攻击。","临时提高一定物理暴击后对敌方单体发动一次强力攻击。","临时提高一定物理暴击后对敌方单体发动一次强力攻击。","临时提高一定物理暴击后对敌方单体发动一次强力攻击。","临时提高一定物理暴击后对敌方单体发动一次强力攻击。","临时提高一定物理暴击后对敌方单体发动一次强力攻击。","临时提高一定物理暴击后对敌方单体发动一次强力攻击。","临时提高一定物理暴击后对敌方单体发动一次强力攻击。","临时提高一定物理暴击后对敌方单体发动一次强力攻击。","临时提高一定物理暴击后对敌方单体发动一次强力攻击。","1","60","200","200","200","200","200"
"168003","筋斗云","筋斗云","霞举飞升腾云雾，朝游北海暮苍梧。","2393","100","1.2","10","消耗：$parameter1$魔法","-1","0","0","","1","1","","霞举飞升腾云霄，朝游北海暮苍梧。","提升自身速度，提升值随着技能等级进行提升！","4","提升自身速度，提升值随着技能等级进行提升！","提升自身速度，提升值随着技能等级进行提升！","提升自身速度，提升值随着技能等级进行提升！","提升自身速度，提升值随着技能等级进行提升！","提升自身速度，提升值随着技能等级进行提升！","提升自身速度，提升值随着技能等级进行提升！","提升自身速度，提升值随着技能等级进行提升！","提升自身速度，提升值随着技能等级进行提升！","提升自身速度，提升值随着技能等级进行提升！","提升自身速度，提升值随着技能等级进行提升！","提升自身速度，提升值随着技能等级进行提升！","提升自身速度，提升值随着技能等级进行提升！","提升自身速度，提升值随着技能等级进行提升！","提升自身速度，提升值随着技能等级进行提升！","提升自身速度，提升值随着技能等级进行提升！","1","200","200","200","200","200","200"
"168004","乾坤一掷","乾坤一掷","对敌方单体发动一次攻击，并有概率附加1回合定身状态","2396","100","1.2","10","消耗：$parameter1$魔法","-1","0","0","","480","1","","势如罡风裂流云，气吞五行锁乾坤变。","对敌方单体发动一次攻击，并有概率附加1回合定身状态","5","对敌方单体发动一次攻击，并有概率附加1回合定身状态","对敌方单体发动一次攻击，并有概率附加1回合定身状态","对敌方单体发动一次攻击，并有概率附加1回合定身状态","对敌方单体发动一次攻击，并有概率附加1回合定身状态","对敌方单体发动一次攻击，并有概率附加1回合定身状态","对敌方单体发动一次攻击，并有概率附加1回合定身状态","对敌方单体发动一次攻击，并有概率附加1回合定身状态","对敌方单体发动一次攻击，并有概率附加1回合定身状态","对敌方单体发动一次攻击，并有概率附加1回合定身状态","对敌方单体发动一次攻击，并有概率附加1回合定身状态","对敌方单体发动一次攻击，并有概率附加1回合定身状态","对敌方单体发动一次攻击，并有概率附加1回合定身状态","对敌方单体发动一次攻击，并有概率附加1回合定身状态","对敌方单体发动一次攻击，并有概率附加1回合定身状态","对敌方单体发动一次攻击，并有概率附加1回合定身状态","1","200","200","200","200","200","200"
"168005","千变万化","千变万化","覆载群生仰至仁，化石补天自风流。千变不改初心意，万化无悔烬余生。","2394","100","1.2","10","消耗：$parameter1$魔法","-1","0","0","","1","1","","形意无形乱迷浊，身外化身穷碧落","提升自身物理伤害或提升自身物理防御。","6","提升自身物理伤害或提升自身物理防御。","提升自身物理伤害或提升自身物理防御。","提升自身物理伤害或提升自身物理防御。","提升自身物理伤害或提升自身物理防御。","提升自身物理伤害或提升自身物理防御。","提升自身物理伤害或提升自身物理防御。","提升自身物理伤害或提升自身物理防御。","提升自身物理伤害或提升自身物理防御。","提升自身物理伤害或提升自身物理防御。","提升自身物理伤害或提升自身物理防御。","提升自身物理伤害或提升自身物理防御。","提升自身物理伤害或提升自身物理防御。","提升自身物理伤害或提升自身物理防御。","提升自身物理伤害或提升自身物理防御。","提升自身物理伤害或提升自身物理防御。","1","60","200","200","200","200","200"
"168006","铜头铁臂","铜头铁臂","头似铜铸身如铁，烈火天雷亦等闲。","2395","-1","0.667","6","消耗：$parameter1$活力","-1","0","0","","1","1","","头似铜铸身如铁，烈火天雷亦等闲","制造一张临时符，增加法术暴击几率。 ","7","制造一张临时符，增加法术暴击几率。 ","制造一张临时符，增加法术暴击几率。 ","制造一张临时符，增加法术暴击几率。 ","制造一张临时符，增加法术暴击几率。 ","制造一张临时符，增加法术暴击几率。 ","制造一张临时符，增加法术暴击几率。 ","制造一张临时符，增加法术暴击几率。 ","制造一张临时符，增加法术暴击几率。 ","制造一张临时符，增加法术暴击几率。 ","制造一张临时符，增加法术暴击几率。 ","制造一张临时符，增加法术暴击几率。 ","制造一张临时符，增加法术暴击几率。 ","制造一张临时符，增加法术暴击几率。 ","制造一张临时符，增加法术暴击几率。 ","制造一张临时符，增加法术暴击几率。 ","1","200","200","200","200","200","200"
"168007","大闹天宫","大闹天宫","神针漫舞闯千宫，乱棍泼天意万重。百战之躯何惧哉，十万天兵溅星河！","2397","120","0","150","消耗：$parameter1$愤怒","-1","0","0","","480","1","","神针漫舞闯千宫，乱棍泼天意万重。百战之躯何惧哉，十万天兵溅星河","对同一个目标依次释放乾坤一掷、泼天乱棍、当头一棒，伤害结果为原技能的80%，使用后休息一回合。","8","对同一个目标依次释放乾坤一掷、泼天乱棍、当头一棒，伤害结果为原技能的80%，使用后休息一回合。","对同一个目标依次释放乾坤一掷、泼天乱棍、当头一棒，伤害结果为原技能的80%，使用后休息一回合。","对同一个目标依次释放乾坤一掷、泼天乱棍、当头一棒，伤害结果为原技能的80%，使用后休息一回合。","对同一个目标依次释放乾坤一掷、泼天乱棍、当头一棒，伤害结果为原技能的80%，使用后休息一回合。","对同一个目标依次释放乾坤一掷、泼天乱棍、当头一棒，伤害结果为原技能的80%，使用后休息一回合。","对同一个目标依次释放乾坤一掷、泼天乱棍、当头一棒，伤害结果为原技能的80%，使用后休息一回合。","对同一个目标依次释放乾坤一掷、泼天乱棍、当头一棒，伤害结果为原技能的80%，使用后休息一回合。","对同一个目标依次释放乾坤一掷、泼天乱棍、当头一棒，伤害结果为原技能的80%，使用后休息一回合。","对同一个目标依次释放乾坤一掷、泼天乱棍、当头一棒，伤害结果为原技能的80%，使用后休息一回合。","对同一个目标依次释放乾坤一掷、泼天乱棍、当头一棒，伤害结果为原技能的80%，使用后休息一回合。","对同一个目标依次释放乾坤一掷、泼天乱棍、当头一棒，伤害结果为原技能的80%，使用后休息一回合。","对同一个目标依次释放乾坤一掷、泼天乱棍、当头一棒，伤害结果为原技能的80%，使用后休息一回合。","对同一个目标依次释放乾坤一掷、泼天乱棍、当头一棒，伤害结果为原技能的80%，使用后休息一回合。","对同一个目标依次释放乾坤一掷、泼天乱棍、当头一棒，伤害结果为原技能的80%，使用后休息一回合。","对同一个目标依次释放乾坤一掷、泼天乱棍、当头一棒，伤害结果为原技能的80%，使用后休息一回合。","1","2","3","4","5","6","7"
"169000","星鲲","星鲲","以其强大的溅射效果成为门派的基础技能，越猛烈的攻击和溅射效果。","159","-1","0","0","无消耗","-1","0","0","","1","1","","以其强大的溅射效果成为门派的基础技能，越猛烈的攻击和溅射效果。","须弥海基础技能。","1","须弥海基础技能。","须弥海基础技能。","须弥海基础技能。","须弥海基础技能。","须弥海基础技能。","须弥海基础技能。","须弥海基础技能。","永久增加主角的法术攻击","永久增加主角的法术攻击","永久增加主角的法术攻击","永久增加主角的法术攻击","永久增加主角的法术攻击","永久增加主角的法术攻击","永久增加主角的法术攻击","永久增加主角的法术攻击","1","200","200","200","200","200","200"
"169001","击水三千","击水三千","则是一种法术攻击技能，攻击4个目标，不仅能够攻击多个目标，提高后续技能的威力。这些技能和法宝的组合，将让我们在战斗中自如驰骋，化腐朽为神奇。","160","100","2.4","10","消耗：$parameter1$魔法","-1","0","0","","480","1","","则是一种法术攻击技能，攻击4个目标，不仅能够攻击多个目标，提高后续技能的威力。这些技能和法宝的组合，将让我们在战斗中自如驰骋，化腐朽为神奇。","法术攻击4个目标","2","法术攻击5个目标","法术攻击5个目标","法术攻击5个目标","法术攻击5个目标","法术攻击5个目标","法术攻击5个目标","法术攻击5个目标","增加使用时的伤害","增加使用时的伤害","增加使用时的伤害","增加使用时的伤害","增加使用时的伤害","增加使用时的伤害","增加使用时的伤害","增加使用时的伤害","1","60","70","90","200","200","200"
"169002","扶摇直上","扶摇直上","使用该技能时，单个目标发动法术暴击的几率也就越高。在释放完毕后，提升你的法术攻击能力。","155","100","2.4","10","消耗：$parameter1$魔法","-1","0","0","","480","1","","使用该技能时，单个目标发动法术暴击的几率也就越高。在释放完毕后，提升你的法术攻击能力。","法术强力打击单个目标40％几率攻击3个目标","3","法术强力打击单个目标40％几率攻击3个目标","法术强力打击单个目标40％几率攻击3个目标","法术强力打击单个目标40％几率攻击3个目标","法术强力打击单个目标40％几率攻击3个目标","法术强力打击单个目标40％几率攻击3个目标","法术强力打击单个目标40％几率攻击3个目标","法术强力打击单个目标40％几率攻击3个目标","增加使用时的伤害","增加使用时的伤害","增加使用时的伤害","增加使用时的伤害","增加使用时的伤害","增加使用时的伤害","增加使用时的伤害","增加使用时的伤害","1","200","200","200","200","200","200"
"169003","飞流吟","飞流吟","在释放该技能之后，你的队友的速度会得到提升，同时你的法术伤害也会提高。在持续的5个回合中，你将受到更多的伤害，但也将获得更高的战斗力。","153","100","2.4","10","消耗：$parameter1$魔法","-1","0","0","","4126","1","","在释放该技能之后，你的队友的速度会得到提升，同时你的法术伤害也会提高。在持续的5个回合中，你将受到更多的伤害，但也将获得更高的战斗力。","提升队友速度，法术伤害，并附加隐身状态持续5回合","4","提升队友速度，法术伤害，并附加隐身状态持续5回合","提升队友速度，法术伤害，并附加隐身状态持续5回合","提升队友速度，法术伤害，并附加隐身状态持续5回合","提升队友速度，法术伤害，并附加隐身状态持续5回合","提升队友速度，法术伤害，并附加隐身状态持续5回合","提升队友速度，法术伤害，并附加隐身状态持续5回合","提升队友速度，法术伤害，并附加隐身状态持续5回合","增加使用时的伤害","增加使用时的伤害","增加使用时的伤害","增加使用时的伤害","增加使用时的伤害","增加使用时的伤害","增加使用时的伤害","增加使用时的伤害","1","200","200","200","200","200","200"
"169004","朔风斩","朔风斩","使用该技能后，你的队友的物理伤害将得到提升，同时你的法术伤害也会有所增加。在持续的5个回合中，你将获得更高的攻击力和生存能力。","1906","100","2.4","10","消耗：$parameter1$魔法","-1","0","0","","4126","1","","使用该技能后，你的队友的物理伤害将得到提升，同时你的法术伤害也会有所增加。在持续的5个回合中，你将获得更高的攻击力和生存能力。","为队友带来守护之翼并提升队友物防，法防，持续5回合","5","为队友带来守护之翼并提升队友物防，法防，持续5回合","为队友带来守护之翼并提升队友物防，法防，持续5回合","为队友带来守护之翼并提升队友物防，法防，持续5回合","为队友带来守护之翼并提升队友物防，法防，持续5回合","为队友带来守护之翼并提升队友物防，法防，持续5回合","为队友带来守护之翼并提升队友物防，法防，持续5回合","为队友带来守护之翼并提升队友物防，法防，持续5回合","增加使用时的伤害","增加使用时的伤害","增加使用时的伤害","增加使用时的伤害","增加使用时的伤害","增加使用时的伤害","增加使用时的伤害","增加使用时的伤害","1","200","200","200","200","200","200"
"169005","刹那须弥","刹那须弥","使用该技能能够让你消耗一部分自身的气血值来能够让你在战斗中更灵活地运用技能，并且得到更好的表现。","154","100","2.4","10","消耗：$parameter1$魔法","-1","0","0","","480","1","","使用该技能能够让你消耗一部分自身的气血值来能够让你在战斗中更灵活地运用技能，并且得到更好的表现。","法术攻击多个目标，消耗魔法同时并消耗自身20点愤怒","6","一定几率把对方目标变成鲲鹏，并产生错乱行为，对同伴进行攻击","一定几率把对方目标变成鲲鹏，并产生错乱行为，对同伴进行攻击","一定几率把对方目标变成鲲鹏，并产生错乱行为，对同伴进行攻击","一定几率把对方目标变成鲲鹏，并产生错乱行为，对同伴进行攻击","一定几率把对方目标变成鲲鹏，并产生错乱行为，对同伴进行攻击","一定几率把对方目标变成鲲鹏，并产生错乱行为，对同伴进行攻击","一定几率把对方目标变成鲲鹏，并产生错乱行为，对同伴进行攻击","增加降低速度效果，增加变羊命中率，60级可持续4回合。永久增加主角的速度","增加降低速度效果，增加变羊命中率，60级可持续4回合。永久增加主角的速度","增加降低速度效果，增加变羊命中率。永久增加主角的速度","增加降低速度效果，增加变羊命中率。永久增加主角的速度","增加降低速度效果，增加变羊命中率。永久增加主角的速度","增加降低速度效果，增加变羊命中率。永久增加主角的速度","增加降低速度效果，增加变羊命中率。永久增加主角的速度","增加降低速度效果，增加变羊命中率。永久增加主角的速度","1","60","200","200","200","200","200"
"169006","鸣潮","鸣潮","使用该技能后，你可以制造一张临时符，用于给自己的腰带增加魔力属性点。这样可以让你更轻松地掌握战斗节奏，并以更高效的方式击败敌人。","157","-1","0.667","6","消耗：$parameter1$活力","-1","0","0","","1","1","","使用该技能后，你可以制造一张临时符，用于给自己的腰带增加魔力属性点。这样可以让你更轻松地掌握战斗节奏，并以更高效的方式击败敌人。","制造一张临时符，给武器增加物理攻击。 ","7","制造一张临时符，给武器增加物理攻击。 ","制造一张临时符，给武器增加物理攻击。 ","制造一张临时符，给武器增加物理攻击。 ","制造一张临时符，给武器增加物理攻击。 ","制造一张临时符，给武器增加物理攻击。 ","制造一张临时符，给武器增加物理攻击。 ","制造一张临时符，给武器增加物理攻击。 ","增加使用时的伤害","增加使用时的伤害","增加使用时的伤害","增加使用时的伤害","增加使用时的伤害","增加使用时的伤害","增加使用时的伤害","增加使用时的伤害","1","200","200","200","200","200","200"
"169007","一梦天地","一梦天地","在梦幻天地中，激活星鲲状态可以大幅提升星鲲造成的伤害，同时也能够增加其攻击范围，在击中敌人时会产生更广泛的伤害溅射效果。这个状态下，星鲲的攻击范围可以扩散至敌方全体，使得敌人无处可逃，无法躲避到更安全的地方。","158","120","0","130","消耗：$parameter1$愤怒","-1","0","0","","480","1","","在梦幻天地中，激活星鲲状态可以大幅提升星鲲造成的伤害，同时也能够增加其攻击范围，在击中敌人时会产生更广泛的伤害溅射效果。这个状态下，星鲲的攻击范围可以扩散至敌方全体，使得敌人无处可逃，无法躲避到更安全的地方。","集合自身所有法术为一身，对敌人造成伤害","8","集合自身所有法术为一身，对敌人造成伤害","集合自身所有法术为一身，对敌人造成伤害","集合自身所有法术为一身，对敌人造成伤害","集合自身所有法术为一身，对敌人造成伤害","集合自身所有法术为一身，对敌人造成伤害","集合自身所有法术为一身，对敌人造成伤害","集合自身所有法术为一身，对敌人造成伤害","增加使用时的伤害","增加使用时的伤害","增加使用时的伤害","增加使用时的伤害","增加使用时的伤害","增加使用时的伤害","增加使用时的伤害","增加使用时的伤害","1","2","3","4","5","6","7"
