2026-07-04 06:30:33.009 INFO  <mkdb.Checkpoint> ---------------- begin ----------------
2026-07-04 06:30:33.009 INFO  <mkdb.Checkpoint> marshalN=1/0
2026-07-04 06:30:33.009 INFO  <mkdb.Checkpoint> snapshot=0 marshal0=0
2026-07-04 06:30:33.009 INFO  <mkdb.Checkpoint> flush=0
2026-07-04 06:30:33.009 INFO  <mkdb.Checkpoint> ----------------- end -----------------
2026-07-04 06:31:33.061 INFO  <mkdb.Checkpoint> ---------------- begin ----------------
2026-07-04 06:31:33.061 INFO  <mkdb.Checkpoint> marshalN=1/0
2026-07-04 06:31:33.061 INFO  <mkdb.Checkpoint> snapshot=0 marshal0=0
2026-07-04 06:31:33.061 INFO  <mkdb.Checkpoint> flush=0
2026-07-04 06:31:33.061 INFO  <mkdb.Checkpoint> ----------------- end -----------------
2026-07-04 06:32:33.113 INFO  <mkdb.Checkpoint> ---------------- begin ----------------
2026-07-04 06:32:33.113 INFO  <mkdb.Checkpoint> marshalN=1/0
2026-07-04 06:32:33.113 INFO  <mkdb.Checkpoint> snapshot=0 marshal0=0
2026-07-04 06:32:33.113 INFO  <mkdb.Checkpoint> flush=0
2026-07-04 06:32:33.113 INFO  <mkdb.Checkpoint> ----------------- end -----------------
2026-07-04 06:33:33.164 INFO  <mkdb.Checkpoint> ---------------- begin ----------------
2026-07-04 06:33:33.164 INFO  <mkdb.Checkpoint> marshalN=1/0
2026-07-04 06:33:33.164 INFO  <mkdb.Checkpoint> snapshot=0 marshal0=0
2026-07-04 06:33:33.164 INFO  <mkdb.Checkpoint> flush=0
2026-07-04 06:33:33.164 INFO  <mkdb.Checkpoint> ----------------- end -----------------
2026-07-04 06:34:33.212 INFO  <mkdb.Checkpoint> ---------------- begin ----------------
2026-07-04 06:34:33.212 INFO  <mkdb.Checkpoint> marshalN=1/0
2026-07-04 06:34:33.212 INFO  <mkdb.Checkpoint> snapshot=0 marshal0=0
2026-07-04 06:34:33.212 INFO  <mkdb.Checkpoint> flush=0
2026-07-04 06:34:33.212 INFO  <mkdb.Checkpoint> ----------------- end -----------------
2026-07-04 06:35:33.264 INFO  <mkdb.Checkpoint> ---------------- begin ----------------
2026-07-04 06:35:33.264 INFO  <mkdb.Checkpoint> marshalN=1/0
2026-07-04 06:35:33.264 INFO  <mkdb.Checkpoint> snapshot=0 marshal0=0
2026-07-04 06:35:33.264 INFO  <mkdb.Checkpoint> flush=0
2026-07-04 06:35:33.264 INFO  <mkdb.Checkpoint> ----------------- end -----------------
2026-07-04 06:36:33.319 INFO  <mkdb.Checkpoint> ---------------- begin ----------------
2026-07-04 06:36:33.319 INFO  <mkdb.Checkpoint> marshalN=1/0
2026-07-04 06:36:33.319 INFO  <mkdb.Checkpoint> snapshot=0 marshal0=0
2026-07-04 06:36:33.319 INFO  <mkdb.Checkpoint> flush=0
2026-07-04 06:36:33.319 INFO  <mkdb.Checkpoint> ----------------- end -----------------
2026-07-04 06:37:33.371 INFO  <mkdb.Checkpoint> ---------------- begin ----------------
2026-07-04 06:37:33.371 INFO  <mkdb.Checkpoint> marshalN=1/0
2026-07-04 06:37:33.371 INFO  <mkdb.Checkpoint> snapshot=0 marshal0=0
2026-07-04 06:37:33.371 INFO  <mkdb.Checkpoint> flush=0
2026-07-04 06:37:33.371 INFO  <mkdb.Checkpoint> ----------------- end -----------------
2026-07-04 06:38:33.422 INFO  <mkdb.Checkpoint> ---------------- begin ----------------
2026-07-04 06:38:33.423 INFO  <mkdb.Checkpoint> marshalN=1/0
2026-07-04 06:38:33.423 INFO  <mkdb.Checkpoint> snapshot=0 marshal0=0
2026-07-04 06:38:33.423 INFO  <mkdb.Checkpoint> flush=0
2026-07-04 06:38:33.423 INFO  <mkdb.Checkpoint> ----------------- end -----------------
2026-07-04 06:39:33.476 INFO  <mkdb.Checkpoint> ---------------- begin ----------------
2026-07-04 06:39:33.476 INFO  <mkdb.Checkpoint> marshalN=1/0
2026-07-04 06:39:33.476 INFO  <mkdb.Checkpoint> snapshot=0 marshal0=0
2026-07-04 06:39:33.476 INFO  <mkdb.Checkpoint> flush=0
2026-07-04 06:39:33.476 INFO  <mkdb.Checkpoint> ----------------- end -----------------
2026-07-04 06:40:33.529 INFO  <mkdb.Checkpoint> ---------------- begin ----------------
2026-07-04 06:40:33.529 INFO  <mkdb.Checkpoint> marshalN=1/0
2026-07-04 06:40:33.529 INFO  <mkdb.Checkpoint> snapshot=0 marshal0=0
2026-07-04 06:40:33.529 INFO  <mkdb.Checkpoint> flush=0
2026-07-04 06:40:33.529 INFO  <mkdb.Checkpoint> ----------------- end -----------------
2026-07-04 06:41:33.581 INFO  <mkdb.Checkpoint> ---------------- begin ----------------
2026-07-04 06:41:33.581 INFO  <mkdb.Checkpoint> marshalN=1/0
2026-07-04 06:41:33.581 INFO  <mkdb.Checkpoint> snapshot=0 marshal0=0
2026-07-04 06:41:33.581 INFO  <mkdb.Checkpoint> flush=0
2026-07-04 06:41:33.581 INFO  <mkdb.Checkpoint> ----------------- end -----------------
2026-07-04 06:42:33.649 INFO  <mkdb.Checkpoint> ---------------- begin ----------------
2026-07-04 06:42:33.649 INFO  <mkdb.Checkpoint> marshalN=1/0
2026-07-04 06:42:33.649 INFO  <mkdb.Checkpoint> snapshot=0 marshal0=0
2026-07-04 06:42:33.649 INFO  <mkdb.Checkpoint> flush=0
2026-07-04 06:42:33.649 INFO  <mkdb.Checkpoint> ----------------- end -----------------
2026-07-04 06:43:33.699 INFO  <mkdb.Checkpoint> ---------------- begin ----------------
2026-07-04 06:43:33.699 INFO  <mkdb.Checkpoint> marshalN=1/0
2026-07-04 06:43:33.699 INFO  <mkdb.Checkpoint> snapshot=0 marshal0=0
2026-07-04 06:43:33.699 INFO  <mkdb.Checkpoint> flush=0
2026-07-04 06:43:33.699 INFO  <mkdb.Checkpoint> ----------------- end -----------------
2026-07-04 06:44:33.750 INFO  <mkdb.Checkpoint> ---------------- begin ----------------
2026-07-04 06:44:33.750 INFO  <mkdb.Checkpoint> marshalN=1/0
2026-07-04 06:44:33.750 INFO  <mkdb.Checkpoint> snapshot=0 marshal0=0
2026-07-04 06:44:33.750 INFO  <mkdb.Checkpoint> flush=0
2026-07-04 06:44:33.750 INFO  <mkdb.Checkpoint> ----------------- end -----------------
2026-07-04 06:45:33.814 INFO  <mkdb.Checkpoint> ---------------- begin ----------------
2026-07-04 06:45:33.814 INFO  <mkdb.Checkpoint> marshalN=1/0
2026-07-04 06:45:33.814 INFO  <mkdb.Checkpoint> snapshot=0 marshal0=0
2026-07-04 06:45:33.814 INFO  <mkdb.Checkpoint> flush=0
2026-07-04 06:45:33.814 INFO  <mkdb.Checkpoint> ----------------- end -----------------
2026-07-04 06:46:33.865 INFO  <mkdb.Checkpoint> ---------------- begin ----------------
2026-07-04 06:46:33.865 INFO  <mkdb.Checkpoint> marshalN=1/0
2026-07-04 06:46:33.865 INFO  <mkdb.Checkpoint> snapshot=0 marshal0=0
2026-07-04 06:46:33.865 INFO  <mkdb.Checkpoint> flush=0
2026-07-04 06:46:33.865 INFO  <mkdb.Checkpoint> ----------------- end -----------------
2026-07-04 06:47:33.918 INFO  <mkdb.Checkpoint> ---------------- begin ----------------
2026-07-04 06:47:33.918 INFO  <mkdb.Checkpoint> marshalN=1/0
2026-07-04 06:47:33.918 INFO  <mkdb.Checkpoint> snapshot=0 marshal0=0
2026-07-04 06:47:33.918 INFO  <mkdb.Checkpoint> flush=0
2026-07-04 06:47:33.918 INFO  <mkdb.Checkpoint> ----------------- end -----------------
2026-07-04 06:48:33.970 INFO  <mkdb.Checkpoint> ---------------- begin ----------------
2026-07-04 06:48:33.970 INFO  <mkdb.Checkpoint> marshalN=1/0
2026-07-04 06:48:33.970 INFO  <mkdb.Checkpoint> snapshot=0 marshal0=0
2026-07-04 06:48:33.970 INFO  <mkdb.Checkpoint> flush=0
2026-07-04 06:48:33.970 INFO  <mkdb.Checkpoint> ----------------- end -----------------
2026-07-04 06:49:34.023 INFO  <mkdb.Checkpoint> ---------------- begin ----------------
2026-07-04 06:49:34.023 INFO  <mkdb.Checkpoint> marshalN=1/0
2026-07-04 06:49:34.023 INFO  <mkdb.Checkpoint> snapshot=0 marshal0=0
2026-07-04 06:49:34.023 INFO  <mkdb.Checkpoint> flush=0
2026-07-04 06:49:34.023 INFO  <mkdb.Checkpoint> ----------------- end -----------------
2026-07-04 06:50:34.075 INFO  <mkdb.Checkpoint> ---------------- begin ----------------
2026-07-04 06:50:34.075 INFO  <mkdb.Checkpoint> marshalN=1/0
2026-07-04 06:50:34.075 INFO  <mkdb.Checkpoint> snapshot=0 marshal0=0
2026-07-04 06:50:34.075 INFO  <mkdb.Checkpoint> flush=0
2026-07-04 06:50:34.075 INFO  <mkdb.Checkpoint> ----------------- end -----------------
2026-07-04 06:51:34.127 INFO  <mkdb.Checkpoint> ---------------- begin ----------------
2026-07-04 06:51:34.127 INFO  <mkdb.Checkpoint> marshalN=1/0
2026-07-04 06:51:34.127 INFO  <mkdb.Checkpoint> snapshot=0 marshal0=0
2026-07-04 06:51:34.127 INFO  <mkdb.Checkpoint> flush=0
2026-07-04 06:51:34.127 INFO  <mkdb.Checkpoint> ----------------- end -----------------
2026-07-04 06:52:34.177 INFO  <mkdb.Checkpoint> ---------------- begin ----------------
2026-07-04 06:52:34.177 INFO  <mkdb.Checkpoint> marshalN=1/0
2026-07-04 06:52:34.177 INFO  <mkdb.Checkpoint> snapshot=0 marshal0=0
2026-07-04 06:52:34.177 INFO  <mkdb.Checkpoint> flush=0
2026-07-04 06:52:34.177 INFO  <mkdb.Checkpoint> ----------------- end -----------------
2026-07-04 06:53:34.226 INFO  <mkdb.Checkpoint> ---------------- begin ----------------
2026-07-04 06:53:34.226 INFO  <mkdb.Checkpoint> marshalN=1/0
2026-07-04 06:53:34.226 INFO  <mkdb.Checkpoint> snapshot=0 marshal0=0
2026-07-04 06:53:34.226 INFO  <mkdb.Checkpoint> flush=0
2026-07-04 06:53:34.226 INFO  <mkdb.Checkpoint> ----------------- end -----------------
2026-07-04 06:54:34.276 INFO  <mkdb.Checkpoint> ---------------- begin ----------------
2026-07-04 06:54:34.276 INFO  <mkdb.Checkpoint> marshalN=1/0
2026-07-04 06:54:34.276 INFO  <mkdb.Checkpoint> snapshot=0 marshal0=0
2026-07-04 06:54:34.276 INFO  <mkdb.Checkpoint> flush=0
2026-07-04 06:54:34.276 INFO  <mkdb.Checkpoint> ----------------- end -----------------
2026-07-04 06:55:34.327 INFO  <mkdb.Checkpoint> ---------------- begin ----------------
2026-07-04 06:55:34.327 INFO  <mkdb.Checkpoint> marshalN=1/0
2026-07-04 06:55:34.327 INFO  <mkdb.Checkpoint> snapshot=0 marshal0=0
2026-07-04 06:55:34.327 INFO  <mkdb.Checkpoint> flush=0
2026-07-04 06:55:34.327 INFO  <mkdb.Checkpoint> ----------------- end -----------------
2026-07-04 06:56:34.379 INFO  <mkdb.Checkpoint> ---------------- begin ----------------
2026-07-04 06:56:34.379 INFO  <mkdb.Checkpoint> marshalN=1/0
2026-07-04 06:56:34.379 INFO  <mkdb.Checkpoint> snapshot=0 marshal0=0
2026-07-04 06:56:34.380 INFO  <mkdb.Checkpoint> flush=0
2026-07-04 06:56:34.380 INFO  <mkdb.Checkpoint> ----------------- end -----------------
2026-07-04 06:57:34.432 INFO  <mkdb.Checkpoint> ---------------- begin ----------------
2026-07-04 06:57:34.432 INFO  <mkdb.Checkpoint> marshalN=1/0
2026-07-04 06:57:34.432 INFO  <mkdb.Checkpoint> snapshot=0 marshal0=0
2026-07-04 06:57:34.432 INFO  <mkdb.Checkpoint> flush=0
2026-07-04 06:57:34.432 INFO  <mkdb.Checkpoint> ----------------- end -----------------
2026-07-04 06:58:34.487 INFO  <mkdb.Checkpoint> ---------------- begin ----------------
2026-07-04 06:58:34.487 INFO  <mkdb.Checkpoint> marshalN=1/0
2026-07-04 06:58:34.487 INFO  <mkdb.Checkpoint> snapshot=0 marshal0=0
2026-07-04 06:58:34.487 INFO  <mkdb.Checkpoint> flush=0
2026-07-04 06:58:34.487 INFO  <mkdb.Checkpoint> ----------------- end -----------------
2026-07-04 06:59:34.542 INFO  <mkdb.Checkpoint> ---------------- begin ----------------
2026-07-04 06:59:34.542 INFO  <mkdb.Checkpoint> marshalN=1/0
2026-07-04 06:59:34.542 INFO  <mkdb.Checkpoint> snapshot=0 marshal0=0
2026-07-04 06:59:34.542 INFO  <mkdb.Checkpoint> flush=0
2026-07-04 06:59:34.542 INFO  <mkdb.Checkpoint> ----------------- end -----------------
2026-07-04 07:00:34.596 INFO  <mkdb.Checkpoint> ---------------- begin ----------------
2026-07-04 07:00:34.596 INFO  <mkdb.Checkpoint> marshalN=1/0
2026-07-04 07:00:34.596 INFO  <mkdb.Checkpoint> snapshot=0 marshal0=0
2026-07-04 07:00:34.596 INFO  <mkdb.Checkpoint> flush=0
2026-07-04 07:00:34.596 INFO  <mkdb.Checkpoint> ----------------- end -----------------
2026-07-04 07:01:34.652 INFO  <mkdb.Checkpoint> ---------------- begin ----------------
2026-07-04 07:01:34.652 INFO  <mkdb.Checkpoint> marshalN=1/0
2026-07-04 07:01:34.652 INFO  <mkdb.Checkpoint> snapshot=0 marshal0=0
2026-07-04 07:01:34.652 INFO  <mkdb.Checkpoint> flush=0
2026-07-04 07:01:34.652 INFO  <mkdb.Checkpoint> ----------------- end -----------------
2026-07-04 07:02:34.707 INFO  <mkdb.Checkpoint> ---------------- begin ----------------
2026-07-04 07:02:34.707 INFO  <mkdb.Checkpoint> marshalN=1/0
2026-07-04 07:02:34.707 INFO  <mkdb.Checkpoint> snapshot=0 marshal0=0
2026-07-04 07:02:34.707 INFO  <mkdb.Checkpoint> flush=0
2026-07-04 07:02:34.707 INFO  <mkdb.Checkpoint> ----------------- end -----------------
2026-07-04 07:03:34.761 INFO  <mkdb.Checkpoint> ---------------- begin ----------------
2026-07-04 07:03:34.761 INFO  <mkdb.Checkpoint> marshalN=1/0
2026-07-04 07:03:34.761 INFO  <mkdb.Checkpoint> snapshot=0 marshal0=0
2026-07-04 07:03:34.761 INFO  <mkdb.Checkpoint> flush=0
2026-07-04 07:03:34.761 INFO  <mkdb.Checkpoint> ----------------- end -----------------
2026-07-04 07:04:34.818 INFO  <mkdb.Checkpoint> ---------------- begin ----------------
2026-07-04 07:04:34.818 INFO  <mkdb.Checkpoint> marshalN=1/0
2026-07-04 07:04:34.818 INFO  <mkdb.Checkpoint> snapshot=0 marshal0=0
2026-07-04 07:04:34.818 INFO  <mkdb.Checkpoint> flush=0
2026-07-04 07:04:34.818 INFO  <mkdb.Checkpoint> ----------------- end -----------------
2026-07-04 07:05:34.874 INFO  <mkdb.Checkpoint> ---------------- begin ----------------
2026-07-04 07:05:34.874 INFO  <mkdb.Checkpoint> marshalN=1/0
2026-07-04 07:05:34.874 INFO  <mkdb.Checkpoint> snapshot=0 marshal0=0
2026-07-04 07:05:34.874 INFO  <mkdb.Checkpoint> flush=0
2026-07-04 07:05:34.874 INFO  <mkdb.Checkpoint> ----------------- end -----------------
2026-07-04 07:06:34.932 INFO  <mkdb.Checkpoint> ---------------- begin ----------------
2026-07-04 07:06:34.932 INFO  <mkdb.Checkpoint> marshalN=1/0
2026-07-04 07:06:34.932 INFO  <mkdb.Checkpoint> snapshot=0 marshal0=0
2026-07-04 07:06:34.932 INFO  <mkdb.Checkpoint> flush=0
2026-07-04 07:06:34.932 INFO  <mkdb.Checkpoint> ----------------- end -----------------
2026-07-04 07:07:34.988 INFO  <mkdb.Checkpoint> ---------------- begin ----------------
2026-07-04 07:07:34.988 INFO  <mkdb.Checkpoint> marshalN=1/0
2026-07-04 07:07:34.988 INFO  <mkdb.Checkpoint> snapshot=0 marshal0=0
2026-07-04 07:07:34.988 INFO  <mkdb.Checkpoint> flush=0
2026-07-04 07:07:34.988 INFO  <mkdb.Checkpoint> ----------------- end -----------------
2026-07-04 07:08:35.044 INFO  <mkdb.Checkpoint> ---------------- begin ----------------
2026-07-04 07:08:35.044 INFO  <mkdb.Checkpoint> marshalN=1/0
2026-07-04 07:08:35.044 INFO  <mkdb.Checkpoint> snapshot=0 marshal0=0
2026-07-04 07:08:35.044 INFO  <mkdb.Checkpoint> flush=0
2026-07-04 07:08:35.044 INFO  <mkdb.Checkpoint> ----------------- end -----------------
2026-07-04 07:09:35.100 INFO  <mkdb.Checkpoint> ---------------- begin ----------------
2026-07-04 07:09:35.100 INFO  <mkdb.Checkpoint> marshalN=1/0
2026-07-04 07:09:35.100 INFO  <mkdb.Checkpoint> snapshot=0 marshal0=0
2026-07-04 07:09:35.100 INFO  <mkdb.Checkpoint> flush=0
2026-07-04 07:09:35.100 INFO  <mkdb.Checkpoint> ----------------- end -----------------
2026-07-04 07:10:35.155 INFO  <mkdb.Checkpoint> ---------------- begin ----------------
2026-07-04 07:10:35.155 INFO  <mkdb.Checkpoint> marshalN=1/0
2026-07-04 07:10:35.155 INFO  <mkdb.Checkpoint> snapshot=0 marshal0=0
2026-07-04 07:10:35.155 INFO  <mkdb.Checkpoint> flush=0
2026-07-04 07:10:35.155 INFO  <mkdb.Checkpoint> ----------------- end -----------------
2026-07-04 07:11:35.212 INFO  <mkdb.Checkpoint> ---------------- begin ----------------
2026-07-04 07:11:35.212 INFO  <mkdb.Checkpoint> marshalN=1/0
2026-07-04 07:11:35.212 INFO  <mkdb.Checkpoint> snapshot=0 marshal0=0
2026-07-04 07:11:35.212 INFO  <mkdb.Checkpoint> flush=0
2026-07-04 07:11:35.212 INFO  <mkdb.Checkpoint> ----------------- end -----------------
2026-07-04 07:12:35.270 INFO  <mkdb.Checkpoint> ---------------- begin ----------------
2026-07-04 07:12:35.270 INFO  <mkdb.Checkpoint> marshalN=1/0
2026-07-04 07:12:35.270 INFO  <mkdb.Checkpoint> snapshot=0 marshal0=0
2026-07-04 07:12:35.270 INFO  <mkdb.Checkpoint> flush=0
2026-07-04 07:12:35.270 INFO  <mkdb.Checkpoint> ----------------- end -----------------
2026-07-04 07:13:35.327 INFO  <mkdb.Checkpoint> ---------------- begin ----------------
2026-07-04 07:13:35.327 INFO  <mkdb.Checkpoint> marshalN=1/0
2026-07-04 07:13:35.327 INFO  <mkdb.Checkpoint> snapshot=0 marshal0=0
2026-07-04 07:13:35.327 INFO  <mkdb.Checkpoint> flush=0
2026-07-04 07:13:35.327 INFO  <mkdb.Checkpoint> ----------------- end -----------------
2026-07-04 07:14:35.380 INFO  <mkdb.Checkpoint> ---------------- begin ----------------
2026-07-04 07:14:35.380 INFO  <mkdb.Checkpoint> marshalN=1/0
2026-07-04 07:14:35.380 INFO  <mkdb.Checkpoint> snapshot=0 marshal0=0
2026-07-04 07:14:35.380 INFO  <mkdb.Checkpoint> flush=0
2026-07-04 07:14:35.380 INFO  <mkdb.Checkpoint> ----------------- end -----------------
2026-07-04 07:15:03.003 WARN  <mkdb.Backup> backup FULL begin
2026-07-04 07:15:03.004 WARN  <mkdb.Backup> backup FULL end
2026-07-04 07:15:35.432 INFO  <mkdb.Checkpoint> ---------------- begin ----------------
2026-07-04 07:15:35.432 INFO  <mkdb.Checkpoint> marshalN=1/0
2026-07-04 07:15:35.432 INFO  <mkdb.Checkpoint> snapshot=0 marshal0=0
2026-07-04 07:15:35.432 INFO  <mkdb.Checkpoint> flush=0
2026-07-04 07:15:35.432 INFO  <mkdb.Checkpoint> ----------------- end -----------------
2026-07-04 07:16:35.489 INFO  <mkdb.Checkpoint> ---------------- begin ----------------
2026-07-04 07:16:35.489 INFO  <mkdb.Checkpoint> marshalN=1/0
2026-07-04 07:16:35.489 INFO  <mkdb.Checkpoint> snapshot=0 marshal0=0
2026-07-04 07:16:35.489 INFO  <mkdb.Checkpoint> flush=0
2026-07-04 07:16:35.489 INFO  <mkdb.Checkpoint> ----------------- end -----------------
2026-07-04 07:17:35.545 INFO  <mkdb.Checkpoint> ---------------- begin ----------------
2026-07-04 07:17:35.545 INFO  <mkdb.Checkpoint> marshalN=1/0
2026-07-04 07:17:35.545 INFO  <mkdb.Checkpoint> snapshot=0 marshal0=0
2026-07-04 07:17:35.545 INFO  <mkdb.Checkpoint> flush=0
2026-07-04 07:17:35.545 INFO  <mkdb.Checkpoint> ----------------- end -----------------
2026-07-04 07:18:35.601 INFO  <mkdb.Checkpoint> ---------------- begin ----------------
2026-07-04 07:18:35.601 INFO  <mkdb.Checkpoint> marshalN=1/0
2026-07-04 07:18:35.601 INFO  <mkdb.Checkpoint> snapshot=0 marshal0=0
2026-07-04 07:18:35.601 INFO  <mkdb.Checkpoint> flush=0
2026-07-04 07:18:35.601 INFO  <mkdb.Checkpoint> ----------------- end -----------------
2026-07-04 07:19:35.655 INFO  <mkdb.Checkpoint> ---------------- begin ----------------
2026-07-04 07:19:35.655 INFO  <mkdb.Checkpoint> marshalN=1/0
2026-07-04 07:19:35.655 INFO  <mkdb.Checkpoint> snapshot=0 marshal0=0
2026-07-04 07:19:35.655 INFO  <mkdb.Checkpoint> flush=0
2026-07-04 07:19:35.655 INFO  <mkdb.Checkpoint> ----------------- end -----------------
2026-07-04 07:20:35.710 INFO  <mkdb.Checkpoint> ---------------- begin ----------------
2026-07-04 07:20:35.710 INFO  <mkdb.Checkpoint> marshalN=1/0
2026-07-04 07:20:35.710 INFO  <mkdb.Checkpoint> snapshot=0 marshal0=0
2026-07-04 07:20:35.710 INFO  <mkdb.Checkpoint> flush=0
2026-07-04 07:20:35.710 INFO  <mkdb.Checkpoint> ----------------- end -----------------
2026-07-04 07:21:35.765 INFO  <mkdb.Checkpoint> ---------------- begin ----------------
2026-07-04 07:21:35.765 INFO  <mkdb.Checkpoint> marshalN=1/0
2026-07-04 07:21:35.765 INFO  <mkdb.Checkpoint> snapshot=0 marshal0=0
2026-07-04 07:21:35.765 INFO  <mkdb.Checkpoint> flush=0
2026-07-04 07:21:35.765 INFO  <mkdb.Checkpoint> ----------------- end -----------------
2026-07-04 07:22:35.821 INFO  <mkdb.Checkpoint> ---------------- begin ----------------
2026-07-04 07:22:35.821 INFO  <mkdb.Checkpoint> marshalN=1/0
2026-07-04 07:22:35.821 INFO  <mkdb.Checkpoint> snapshot=0 marshal0=0
2026-07-04 07:22:35.821 INFO  <mkdb.Checkpoint> flush=0
2026-07-04 07:22:35.821 INFO  <mkdb.Checkpoint> ----------------- end -----------------
2026-07-04 07:23:35.872 INFO  <mkdb.Checkpoint> ---------------- begin ----------------
2026-07-04 07:23:35.872 INFO  <mkdb.Checkpoint> marshalN=1/0
2026-07-04 07:23:35.872 INFO  <mkdb.Checkpoint> snapshot=0 marshal0=0
2026-07-04 07:23:35.872 INFO  <mkdb.Checkpoint> flush=0
2026-07-04 07:23:35.872 INFO  <mkdb.Checkpoint> ----------------- end -----------------
2026-07-04 07:24:35.924 INFO  <mkdb.Checkpoint> ---------------- begin ----------------
2026-07-04 07:24:35.924 INFO  <mkdb.Checkpoint> marshalN=1/0
2026-07-04 07:24:35.924 INFO  <mkdb.Checkpoint> snapshot=0 marshal0=0
2026-07-04 07:24:35.924 INFO  <mkdb.Checkpoint> flush=0
2026-07-04 07:24:35.924 INFO  <mkdb.Checkpoint> ----------------- end -----------------
2026-07-04 07:25:35.977 INFO  <mkdb.Checkpoint> ---------------- begin ----------------
2026-07-04 07:25:35.977 INFO  <mkdb.Checkpoint> marshalN=1/0
2026-07-04 07:25:35.977 INFO  <mkdb.Checkpoint> snapshot=0 marshal0=0
2026-07-04 07:25:35.977 INFO  <mkdb.Checkpoint> flush=0
2026-07-04 07:25:35.977 INFO  <mkdb.Checkpoint> ----------------- end -----------------
2026-07-04 07:26:36.029 INFO  <mkdb.Checkpoint> ---------------- begin ----------------
2026-07-04 07:26:36.029 INFO  <mkdb.Checkpoint> marshalN=1/0
2026-07-04 07:26:36.029 INFO  <mkdb.Checkpoint> snapshot=0 marshal0=0
2026-07-04 07:26:36.029 INFO  <mkdb.Checkpoint> flush=0
2026-07-04 07:26:36.029 INFO  <mkdb.Checkpoint> ----------------- end -----------------
2026-07-04 07:27:36.078 INFO  <mkdb.Checkpoint> ---------------- begin ----------------
2026-07-04 07:27:36.078 INFO  <mkdb.Checkpoint> marshalN=1/0
2026-07-04 07:27:36.078 INFO  <mkdb.Checkpoint> snapshot=0 marshal0=0
2026-07-04 07:27:36.078 INFO  <mkdb.Checkpoint> flush=0
2026-07-04 07:27:36.078 INFO  <mkdb.Checkpoint> ----------------- end -----------------
2026-07-04 07:28:36.126 INFO  <mkdb.Checkpoint> ---------------- begin ----------------
2026-07-04 07:28:36.126 INFO  <mkdb.Checkpoint> marshalN=1/0
2026-07-04 07:28:36.126 INFO  <mkdb.Checkpoint> snapshot=0 marshal0=0
2026-07-04 07:28:36.126 INFO  <mkdb.Checkpoint> flush=0
2026-07-04 07:28:36.126 INFO  <mkdb.Checkpoint> ----------------- end -----------------
2026-07-04 07:29:36.177 INFO  <mkdb.Checkpoint> ---------------- begin ----------------
2026-07-04 07:29:36.177 INFO  <mkdb.Checkpoint> marshalN=1/0
2026-07-04 07:29:36.177 INFO  <mkdb.Checkpoint> snapshot=0 marshal0=0
2026-07-04 07:29:36.177 INFO  <mkdb.Checkpoint> flush=0
2026-07-04 07:29:36.177 INFO  <mkdb.Checkpoint> ----------------- end -----------------
2026-07-04 07:30:36.229 INFO  <mkdb.Checkpoint> ---------------- begin ----------------
2026-07-04 07:30:36.229 INFO  <mkdb.Checkpoint> marshalN=1/0
2026-07-04 07:30:36.229 INFO  <mkdb.Checkpoint> snapshot=0 marshal0=0
2026-07-04 07:30:36.229 INFO  <mkdb.Checkpoint> flush=0
2026-07-04 07:30:36.229 INFO  <mkdb.Checkpoint> ----------------- end -----------------
2026-07-04 07:31:36.281 INFO  <mkdb.Checkpoint> ---------------- begin ----------------
2026-07-04 07:31:36.281 INFO  <mkdb.Checkpoint> marshalN=1/0
2026-07-04 07:31:36.281 INFO  <mkdb.Checkpoint> snapshot=0 marshal0=0
2026-07-04 07:31:36.281 INFO  <mkdb.Checkpoint> flush=0
2026-07-04 07:31:36.281 INFO  <mkdb.Checkpoint> ----------------- end -----------------
2026-07-04 07:32:36.333 INFO  <mkdb.Checkpoint> ---------------- begin ----------------
2026-07-04 07:32:36.333 INFO  <mkdb.Checkpoint> marshalN=1/0
2026-07-04 07:32:36.333 INFO  <mkdb.Checkpoint> snapshot=0 marshal0=0
2026-07-04 07:32:36.333 INFO  <mkdb.Checkpoint> flush=0
2026-07-04 07:32:36.333 INFO  <mkdb.Checkpoint> ----------------- end -----------------
2026-07-04 07:33:36.382 INFO  <mkdb.Checkpoint> ---------------- begin ----------------
2026-07-04 07:33:36.382 INFO  <mkdb.Checkpoint> marshalN=1/0
2026-07-04 07:33:36.382 INFO  <mkdb.Checkpoint> snapshot=0 marshal0=0
2026-07-04 07:33:36.382 INFO  <mkdb.Checkpoint> flush=0
2026-07-04 07:33:36.382 INFO  <mkdb.Checkpoint> ----------------- end -----------------
2026-07-04 07:34:36.433 INFO  <mkdb.Checkpoint> ---------------- begin ----------------
2026-07-04 07:34:36.433 INFO  <mkdb.Checkpoint> marshalN=1/0
2026-07-04 07:34:36.433 INFO  <mkdb.Checkpoint> snapshot=0 marshal0=0
2026-07-04 07:34:36.433 INFO  <mkdb.Checkpoint> flush=0
2026-07-04 07:34:36.433 INFO  <mkdb.Checkpoint> ----------------- end -----------------
2026-07-04 07:35:36.482 INFO  <mkdb.Checkpoint> ---------------- begin ----------------
2026-07-04 07:35:36.482 INFO  <mkdb.Checkpoint> marshalN=1/0
2026-07-04 07:35:36.483 INFO  <mkdb.Checkpoint> snapshot=0 marshal0=0
2026-07-04 07:35:36.483 INFO  <mkdb.Checkpoint> flush=0
2026-07-04 07:35:36.483 INFO  <mkdb.Checkpoint> ----------------- end -----------------
2026-07-04 07:36:36.535 INFO  <mkdb.Checkpoint> ---------------- begin ----------------
2026-07-04 07:36:36.535 INFO  <mkdb.Checkpoint> marshalN=1/0
2026-07-04 07:36:36.535 INFO  <mkdb.Checkpoint> snapshot=0 marshal0=0
2026-07-04 07:36:36.535 INFO  <mkdb.Checkpoint> flush=0
2026-07-04 07:36:36.535 INFO  <mkdb.Checkpoint> ----------------- end -----------------
2026-07-04 07:37:36.587 INFO  <mkdb.Checkpoint> ---------------- begin ----------------
2026-07-04 07:37:36.587 INFO  <mkdb.Checkpoint> marshalN=1/0
2026-07-04 07:37:36.587 INFO  <mkdb.Checkpoint> snapshot=0 marshal0=0
2026-07-04 07:37:36.587 INFO  <mkdb.Checkpoint> flush=0
2026-07-04 07:37:36.587 INFO  <mkdb.Checkpoint> ----------------- end -----------------
2026-07-04 07:38:36.638 INFO  <mkdb.Checkpoint> ---------------- begin ----------------
2026-07-04 07:38:36.639 INFO  <mkdb.Checkpoint> marshalN=1/0
2026-07-04 07:38:36.639 INFO  <mkdb.Checkpoint> snapshot=0 marshal0=0
2026-07-04 07:38:36.639 INFO  <mkdb.Checkpoint> flush=0
2026-07-04 07:38:36.639 INFO  <mkdb.Checkpoint> ----------------- end -----------------
2026-07-04 07:39:36.693 INFO  <mkdb.Checkpoint> ---------------- begin ----------------
2026-07-04 07:39:36.693 INFO  <mkdb.Checkpoint> marshalN=1/0
2026-07-04 07:39:36.693 INFO  <mkdb.Checkpoint> snapshot=0 marshal0=0
2026-07-04 07:39:36.693 INFO  <mkdb.Checkpoint> flush=0
2026-07-04 07:39:36.693 INFO  <mkdb.Checkpoint> ----------------- end -----------------
2026-07-04 07:40:36.743 INFO  <mkdb.Checkpoint> ---------------- begin ----------------
2026-07-04 07:40:36.743 INFO  <mkdb.Checkpoint> marshalN=1/0
2026-07-04 07:40:36.743 INFO  <mkdb.Checkpoint> snapshot=0 marshal0=0
2026-07-04 07:40:36.743 INFO  <mkdb.Checkpoint> flush=0
2026-07-04 07:40:36.743 INFO  <mkdb.Checkpoint> ----------------- end -----------------
2026-07-04 07:41:36.793 INFO  <mkdb.Checkpoint> ---------------- begin ----------------
2026-07-04 07:41:36.793 INFO  <mkdb.Checkpoint> marshalN=1/0
2026-07-04 07:41:36.793 INFO  <mkdb.Checkpoint> snapshot=0 marshal0=0
2026-07-04 07:41:36.793 INFO  <mkdb.Checkpoint> flush=0
2026-07-04 07:41:36.793 INFO  <mkdb.Checkpoint> ----------------- end -----------------
2026-07-04 07:42:36.845 INFO  <mkdb.Checkpoint> ---------------- begin ----------------
2026-07-04 07:42:36.845 INFO  <mkdb.Checkpoint> marshalN=1/0
2026-07-04 07:42:36.845 INFO  <mkdb.Checkpoint> snapshot=0 marshal0=0
2026-07-04 07:42:36.845 INFO  <mkdb.Checkpoint> flush=0
2026-07-04 07:42:36.845 INFO  <mkdb.Checkpoint> ----------------- end -----------------
2026-07-04 07:43:36.895 INFO  <mkdb.Checkpoint> ---------------- begin ----------------
2026-07-04 07:43:36.895 INFO  <mkdb.Checkpoint> marshalN=1/0
2026-07-04 07:43:36.895 INFO  <mkdb.Checkpoint> snapshot=0 marshal0=0
2026-07-04 07:43:36.895 INFO  <mkdb.Checkpoint> flush=0
2026-07-04 07:43:36.895 INFO  <mkdb.Checkpoint> ----------------- end -----------------
2026-07-04 07:44:36.947 INFO  <mkdb.Checkpoint> ---------------- begin ----------------
2026-07-04 07:44:36.947 INFO  <mkdb.Checkpoint> marshalN=1/0
2026-07-04 07:44:36.947 INFO  <mkdb.Checkpoint> snapshot=0 marshal0=0
2026-07-04 07:44:36.947 INFO  <mkdb.Checkpoint> flush=0
2026-07-04 07:44:36.947 INFO  <mkdb.Checkpoint> ----------------- end -----------------
2026-07-04 07:45:36.999 INFO  <mkdb.Checkpoint> ---------------- begin ----------------
2026-07-04 07:45:36.999 INFO  <mkdb.Checkpoint> marshalN=1/0
2026-07-04 07:45:36.999 INFO  <mkdb.Checkpoint> snapshot=0 marshal0=0
2026-07-04 07:45:36.999 INFO  <mkdb.Checkpoint> flush=0
2026-07-04 07:45:36.999 INFO  <mkdb.Checkpoint> ----------------- end -----------------
2026-07-04 07:46:37.051 INFO  <mkdb.Checkpoint> ---------------- begin ----------------
2026-07-04 07:46:37.051 INFO  <mkdb.Checkpoint> marshalN=1/0
2026-07-04 07:46:37.051 INFO  <mkdb.Checkpoint> snapshot=0 marshal0=0
2026-07-04 07:46:37.051 INFO  <mkdb.Checkpoint> flush=0
2026-07-04 07:46:37.051 INFO  <mkdb.Checkpoint> ----------------- end -----------------
2026-07-04 07:47:37.101 INFO  <mkdb.Checkpoint> ---------------- begin ----------------
2026-07-04 07:47:37.101 INFO  <mkdb.Checkpoint> marshalN=1/0
2026-07-04 07:47:37.101 INFO  <mkdb.Checkpoint> snapshot=0 marshal0=0
2026-07-04 07:47:37.101 INFO  <mkdb.Checkpoint> flush=0
2026-07-04 07:47:37.101 INFO  <mkdb.Checkpoint> ----------------- end -----------------
2026-07-04 07:48:37.154 INFO  <mkdb.Checkpoint> ---------------- begin ----------------
2026-07-04 07:48:37.154 INFO  <mkdb.Checkpoint> marshalN=1/0
2026-07-04 07:48:37.154 INFO  <mkdb.Checkpoint> snapshot=0 marshal0=0
2026-07-04 07:48:37.154 INFO  <mkdb.Checkpoint> flush=0
2026-07-04 07:48:37.154 INFO  <mkdb.Checkpoint> ----------------- end -----------------
2026-07-04 07:49:37.206 INFO  <mkdb.Checkpoint> ---------------- begin ----------------
2026-07-04 07:49:37.206 INFO  <mkdb.Checkpoint> marshalN=1/0
2026-07-04 07:49:37.206 INFO  <mkdb.Checkpoint> snapshot=0 marshal0=0
2026-07-04 07:49:37.206 INFO  <mkdb.Checkpoint> flush=0
2026-07-04 07:49:37.206 INFO  <mkdb.Checkpoint> ----------------- end -----------------
2026-07-04 07:50:37.255 INFO  <mkdb.Checkpoint> ---------------- begin ----------------
2026-07-04 07:50:37.255 INFO  <mkdb.Checkpoint> marshalN=1/0
2026-07-04 07:50:37.255 INFO  <mkdb.Checkpoint> snapshot=0 marshal0=0
2026-07-04 07:50:37.255 INFO  <mkdb.Checkpoint> flush=0
2026-07-04 07:50:37.255 INFO  <mkdb.Checkpoint> ----------------- end -----------------
2026-07-04 07:51:37.309 INFO  <mkdb.Checkpoint> ---------------- begin ----------------
2026-07-04 07:51:37.309 INFO  <mkdb.Checkpoint> marshalN=1/0
2026-07-04 07:51:37.309 INFO  <mkdb.Checkpoint> snapshot=0 marshal0=0
2026-07-04 07:51:37.309 INFO  <mkdb.Checkpoint> flush=0
2026-07-04 07:51:37.309 INFO  <mkdb.Checkpoint> ----------------- end -----------------
2026-07-04 07:52:37.359 INFO  <mkdb.Checkpoint> ---------------- begin ----------------
2026-07-04 07:52:37.359 INFO  <mkdb.Checkpoint> marshalN=1/0
2026-07-04 07:52:37.359 INFO  <mkdb.Checkpoint> snapshot=0 marshal0=0
2026-07-04 07:52:37.359 INFO  <mkdb.Checkpoint> flush=0
2026-07-04 07:52:37.359 INFO  <mkdb.Checkpoint> ----------------- end -----------------
2026-07-04 07:53:37.411 INFO  <mkdb.Checkpoint> ---------------- begin ----------------
2026-07-04 07:53:37.411 INFO  <mkdb.Checkpoint> marshalN=1/0
2026-07-04 07:53:37.411 INFO  <mkdb.Checkpoint> snapshot=0 marshal0=0
2026-07-04 07:53:37.411 INFO  <mkdb.Checkpoint> flush=0
2026-07-04 07:53:37.411 INFO  <mkdb.Checkpoint> ----------------- end -----------------
2026-07-04 07:54:37.464 INFO  <mkdb.Checkpoint> ---------------- begin ----------------
2026-07-04 07:54:37.464 INFO  <mkdb.Checkpoint> marshalN=1/0
2026-07-04 07:54:37.464 INFO  <mkdb.Checkpoint> snapshot=0 marshal0=0
2026-07-04 07:54:37.464 INFO  <mkdb.Checkpoint> flush=0
2026-07-04 07:54:37.464 INFO  <mkdb.Checkpoint> ----------------- end -----------------
2026-07-04 07:55:37.517 INFO  <mkdb.Checkpoint> ---------------- begin ----------------
2026-07-04 07:55:37.517 INFO  <mkdb.Checkpoint> marshalN=1/0
2026-07-04 07:55:37.517 INFO  <mkdb.Checkpoint> snapshot=0 marshal0=0
2026-07-04 07:55:37.517 INFO  <mkdb.Checkpoint> flush=0
2026-07-04 07:55:37.517 INFO  <mkdb.Checkpoint> ----------------- end -----------------
2026-07-04 07:56:37.570 INFO  <mkdb.Checkpoint> ---------------- begin ----------------
2026-07-04 07:56:37.570 INFO  <mkdb.Checkpoint> marshalN=1/0
2026-07-04 07:56:37.570 INFO  <mkdb.Checkpoint> snapshot=0 marshal0=0
2026-07-04 07:56:37.570 INFO  <mkdb.Checkpoint> flush=0
2026-07-04 07:56:37.570 INFO  <mkdb.Checkpoint> ----------------- end -----------------
2026-07-04 07:57:37.622 INFO  <mkdb.Checkpoint> ---------------- begin ----------------
2026-07-04 07:57:37.622 INFO  <mkdb.Checkpoint> marshalN=1/0
2026-07-04 07:57:37.622 INFO  <mkdb.Checkpoint> snapshot=0 marshal0=0
2026-07-04 07:57:37.622 INFO  <mkdb.Checkpoint> flush=0
2026-07-04 07:57:37.622 INFO  <mkdb.Checkpoint> ----------------- end -----------------
2026-07-04 07:58:37.677 INFO  <mkdb.Checkpoint> ---------------- begin ----------------
2026-07-04 07:58:37.677 INFO  <mkdb.Checkpoint> marshalN=1/0
2026-07-04 07:58:37.677 INFO  <mkdb.Checkpoint> snapshot=0 marshal0=0
2026-07-04 07:58:37.677 INFO  <mkdb.Checkpoint> flush=0
2026-07-04 07:58:37.677 INFO  <mkdb.Checkpoint> ----------------- end -----------------
2026-07-04 07:59:37.734 INFO  <mkdb.Checkpoint> ---------------- begin ----------------
2026-07-04 07:59:37.734 INFO  <mkdb.Checkpoint> marshalN=1/0
2026-07-04 07:59:37.734 INFO  <mkdb.Checkpoint> snapshot=0 marshal0=0
2026-07-04 07:59:37.734 INFO  <mkdb.Checkpoint> flush=0
2026-07-04 07:59:37.734 INFO  <mkdb.Checkpoint> ----------------- end -----------------
2026-07-04 08:00:37.792 INFO  <mkdb.Checkpoint> ---------------- begin ----------------
2026-07-04 08:00:37.792 INFO  <mkdb.Checkpoint> marshalN=1/0
2026-07-04 08:00:37.792 INFO  <mkdb.Checkpoint> snapshot=0 marshal0=0
2026-07-04 08:00:37.792 INFO  <mkdb.Checkpoint> flush=0
2026-07-04 08:00:37.792 INFO  <mkdb.Checkpoint> ----------------- end -----------------
2026-07-04 08:01:37.853 INFO  <mkdb.Checkpoint> ---------------- begin ----------------
2026-07-04 08:01:37.853 INFO  <mkdb.Checkpoint> marshalN=1/0
2026-07-04 08:01:37.853 INFO  <mkdb.Checkpoint> snapshot=0 marshal0=0
2026-07-04 08:01:37.853 INFO  <mkdb.Checkpoint> flush=0
2026-07-04 08:01:37.853 INFO  <mkdb.Checkpoint> ----------------- end -----------------
2026-07-04 08:02:37.911 INFO  <mkdb.Checkpoint> ---------------- begin ----------------
2026-07-04 08:02:37.911 INFO  <mkdb.Checkpoint> marshalN=1/0
2026-07-04 08:02:37.911 INFO  <mkdb.Checkpoint> snapshot=0 marshal0=0
2026-07-04 08:02:37.911 INFO  <mkdb.Checkpoint> flush=0
2026-07-04 08:02:37.911 INFO  <mkdb.Checkpoint> ----------------- end -----------------
2026-07-04 08:03:37.969 INFO  <mkdb.Checkpoint> ---------------- begin ----------------
2026-07-04 08:03:37.969 INFO  <mkdb.Checkpoint> marshalN=1/0
2026-07-04 08:03:37.969 INFO  <mkdb.Checkpoint> snapshot=0 marshal0=0
2026-07-04 08:03:37.969 INFO  <mkdb.Checkpoint> flush=0
2026-07-04 08:03:37.969 INFO  <mkdb.Checkpoint> ----------------- end -----------------
2026-07-04 08:04:38.028 INFO  <mkdb.Checkpoint> ---------------- begin ----------------
2026-07-04 08:04:38.028 INFO  <mkdb.Checkpoint> marshalN=1/0
2026-07-04 08:04:38.028 INFO  <mkdb.Checkpoint> snapshot=0 marshal0=0
2026-07-04 08:04:38.028 INFO  <mkdb.Checkpoint> flush=0
2026-07-04 08:04:38.028 INFO  <mkdb.Checkpoint> ----------------- end -----------------
2026-07-04 08:05:38.084 INFO  <mkdb.Checkpoint> ---------------- begin ----------------
2026-07-04 08:05:38.084 INFO  <mkdb.Checkpoint> marshalN=1/0
2026-07-04 08:05:38.084 INFO  <mkdb.Checkpoint> snapshot=0 marshal0=0
2026-07-04 08:05:38.084 INFO  <mkdb.Checkpoint> flush=0
2026-07-04 08:05:38.084 INFO  <mkdb.Checkpoint> ----------------- end -----------------
2026-07-04 08:06:38.140 INFO  <mkdb.Checkpoint> ---------------- begin ----------------
2026-07-04 08:06:38.140 INFO  <mkdb.Checkpoint> marshalN=1/0
2026-07-04 08:06:38.140 INFO  <mkdb.Checkpoint> snapshot=0 marshal0=0
2026-07-04 08:06:38.140 INFO  <mkdb.Checkpoint> flush=0
2026-07-04 08:06:38.140 INFO  <mkdb.Checkpoint> ----------------- end -----------------
2026-07-04 08:07:38.197 INFO  <mkdb.Checkpoint> ---------------- begin ----------------
2026-07-04 08:07:38.197 INFO  <mkdb.Checkpoint> marshalN=1/0
2026-07-04 08:07:38.197 INFO  <mkdb.Checkpoint> snapshot=0 marshal0=0
2026-07-04 08:07:38.197 INFO  <mkdb.Checkpoint> flush=0
2026-07-04 08:07:38.197 INFO  <mkdb.Checkpoint> ----------------- end -----------------
2026-07-04 08:08:38.256 INFO  <mkdb.Checkpoint> ---------------- begin ----------------
2026-07-04 08:08:38.256 INFO  <mkdb.Checkpoint> marshalN=1/0
2026-07-04 08:08:38.256 INFO  <mkdb.Checkpoint> snapshot=0 marshal0=0
2026-07-04 08:08:38.256 INFO  <mkdb.Checkpoint> flush=0
2026-07-04 08:08:38.256 INFO  <mkdb.Checkpoint> ----------------- end -----------------
2026-07-04 08:09:38.313 INFO  <mkdb.Checkpoint> ---------------- begin ----------------
2026-07-04 08:09:38.313 INFO  <mkdb.Checkpoint> marshalN=1/0
2026-07-04 08:09:38.313 INFO  <mkdb.Checkpoint> snapshot=0 marshal0=0
2026-07-04 08:09:38.314 INFO  <mkdb.Checkpoint> flush=0
2026-07-04 08:09:38.314 INFO  <mkdb.Checkpoint> ----------------- end -----------------
2026-07-04 08:10:38.371 INFO  <mkdb.Checkpoint> ---------------- begin ----------------
2026-07-04 08:10:38.372 INFO  <mkdb.Checkpoint> marshalN=1/0
2026-07-04 08:10:38.372 INFO  <mkdb.Checkpoint> snapshot=0 marshal0=0
2026-07-04 08:10:38.372 INFO  <mkdb.Checkpoint> flush=0
2026-07-04 08:10:38.372 INFO  <mkdb.Checkpoint> ----------------- end -----------------
2026-07-04 08:11:38.429 INFO  <mkdb.Checkpoint> ---------------- begin ----------------
2026-07-04 08:11:38.429 INFO  <mkdb.Checkpoint> marshalN=1/0
2026-07-04 08:11:38.429 INFO  <mkdb.Checkpoint> snapshot=0 marshal0=0
2026-07-04 08:11:38.429 INFO  <mkdb.Checkpoint> flush=0
2026-07-04 08:11:38.429 INFO  <mkdb.Checkpoint> ----------------- end -----------------
2026-07-04 08:12:38.486 INFO  <mkdb.Checkpoint> ---------------- begin ----------------
2026-07-04 08:12:38.486 INFO  <mkdb.Checkpoint> marshalN=1/0
2026-07-04 08:12:38.486 INFO  <mkdb.Checkpoint> snapshot=0 marshal0=0
2026-07-04 08:12:38.486 INFO  <mkdb.Checkpoint> flush=0
2026-07-04 08:12:38.486 INFO  <mkdb.Checkpoint> ----------------- end -----------------
2026-07-04 08:13:38.544 INFO  <mkdb.Checkpoint> ---------------- begin ----------------
2026-07-04 08:13:38.544 INFO  <mkdb.Checkpoint> marshalN=1/0
2026-07-04 08:13:38.544 INFO  <mkdb.Checkpoint> snapshot=0 marshal0=0
2026-07-04 08:13:38.544 INFO  <mkdb.Checkpoint> flush=0
2026-07-04 08:13:38.544 INFO  <mkdb.Checkpoint> ----------------- end -----------------
2026-07-04 08:14:38.601 INFO  <mkdb.Checkpoint> ---------------- begin ----------------
2026-07-04 08:14:38.602 INFO  <mkdb.Checkpoint> marshalN=1/0
2026-07-04 08:14:38.602 INFO  <mkdb.Checkpoint> snapshot=0 marshal0=0
2026-07-04 08:14:38.602 INFO  <mkdb.Checkpoint> flush=0
2026-07-04 08:14:38.602 INFO  <mkdb.Checkpoint> ----------------- end -----------------
2026-07-04 08:15:38.656 INFO  <mkdb.Checkpoint> ---------------- begin ----------------
2026-07-04 08:15:38.656 INFO  <mkdb.Checkpoint> marshalN=1/0
2026-07-04 08:15:38.656 INFO  <mkdb.Checkpoint> snapshot=0 marshal0=0
2026-07-04 08:15:38.656 INFO  <mkdb.Checkpoint> flush=0
2026-07-04 08:15:38.656 INFO  <mkdb.Checkpoint> ----------------- end -----------------
2026-07-04 08:16:38.706 INFO  <mkdb.Checkpoint> ---------------- begin ----------------
2026-07-04 08:16:38.706 INFO  <mkdb.Checkpoint> marshalN=1/0
2026-07-04 08:16:38.706 INFO  <mkdb.Checkpoint> snapshot=0 marshal0=0
2026-07-04 08:16:38.706 INFO  <mkdb.Checkpoint> flush=0
2026-07-04 08:16:38.706 INFO  <mkdb.Checkpoint> ----------------- end -----------------
2026-07-04 08:17:38.758 INFO  <mkdb.Checkpoint> ---------------- begin ----------------
2026-07-04 08:17:38.758 INFO  <mkdb.Checkpoint> marshalN=1/0
2026-07-04 08:17:38.758 INFO  <mkdb.Checkpoint> snapshot=0 marshal0=0
2026-07-04 08:17:38.758 INFO  <mkdb.Checkpoint> flush=0
2026-07-04 08:17:38.758 INFO  <mkdb.Checkpoint> ----------------- end -----------------
2026-07-04 08:18:38.814 INFO  <mkdb.Checkpoint> ---------------- begin ----------------
2026-07-04 08:18:38.814 INFO  <mkdb.Checkpoint> marshalN=1/0
2026-07-04 08:18:38.814 INFO  <mkdb.Checkpoint> snapshot=0 marshal0=0
2026-07-04 08:18:38.814 INFO  <mkdb.Checkpoint> flush=0
2026-07-04 08:18:38.814 INFO  <mkdb.Checkpoint> ----------------- end -----------------
2026-07-04 08:19:38.865 INFO  <mkdb.Checkpoint> ---------------- begin ----------------
2026-07-04 08:19:38.865 INFO  <mkdb.Checkpoint> marshalN=1/0
2026-07-04 08:19:38.865 INFO  <mkdb.Checkpoint> snapshot=0 marshal0=0
2026-07-04 08:19:38.865 INFO  <mkdb.Checkpoint> flush=0
2026-07-04 08:19:38.865 INFO  <mkdb.Checkpoint> ----------------- end -----------------
2026-07-04 08:20:38.932 INFO  <mkdb.Checkpoint> ---------------- begin ----------------
2026-07-04 08:20:38.932 INFO  <mkdb.Checkpoint> marshalN=1/0
2026-07-04 08:20:38.932 INFO  <mkdb.Checkpoint> snapshot=0 marshal0=0
2026-07-04 08:20:38.932 INFO  <mkdb.Checkpoint> flush=0
2026-07-04 08:20:38.932 INFO  <mkdb.Checkpoint> ----------------- end -----------------
2026-07-04 08:21:38.985 INFO  <mkdb.Checkpoint> ---------------- begin ----------------
2026-07-04 08:21:38.985 INFO  <mkdb.Checkpoint> marshalN=1/0
2026-07-04 08:21:38.985 INFO  <mkdb.Checkpoint> snapshot=0 marshal0=0
2026-07-04 08:21:38.985 INFO  <mkdb.Checkpoint> flush=0
2026-07-04 08:21:38.985 INFO  <mkdb.Checkpoint> ----------------- end -----------------
2026-07-04 08:22:39.037 INFO  <mkdb.Checkpoint> ---------------- begin ----------------
2026-07-04 08:22:39.037 INFO  <mkdb.Checkpoint> marshalN=1/0
2026-07-04 08:22:39.037 INFO  <mkdb.Checkpoint> snapshot=0 marshal0=0
2026-07-04 08:22:39.037 INFO  <mkdb.Checkpoint> flush=0
2026-07-04 08:22:39.037 INFO  <mkdb.Checkpoint> ----------------- end -----------------
2026-07-04 08:23:39.088 INFO  <mkdb.Checkpoint> ---------------- begin ----------------
2026-07-04 08:23:39.088 INFO  <mkdb.Checkpoint> marshalN=1/0
2026-07-04 08:23:39.088 INFO  <mkdb.Checkpoint> snapshot=0 marshal0=0
2026-07-04 08:23:39.088 INFO  <mkdb.Checkpoint> flush=0
2026-07-04 08:23:39.088 INFO  <mkdb.Checkpoint> ----------------- end -----------------
2026-07-04 08:24:39.141 INFO  <mkdb.Checkpoint> ---------------- begin ----------------
2026-07-04 08:24:39.141 INFO  <mkdb.Checkpoint> marshalN=1/0
2026-07-04 08:24:39.141 INFO  <mkdb.Checkpoint> snapshot=0 marshal0=0
2026-07-04 08:24:39.141 INFO  <mkdb.Checkpoint> flush=0
2026-07-04 08:24:39.141 INFO  <mkdb.Checkpoint> ----------------- end -----------------
2026-07-04 08:25:39.194 INFO  <mkdb.Checkpoint> ---------------- begin ----------------
2026-07-04 08:25:39.194 INFO  <mkdb.Checkpoint> marshalN=1/0
2026-07-04 08:25:39.194 INFO  <mkdb.Checkpoint> snapshot=0 marshal0=0
2026-07-04 08:25:39.194 INFO  <mkdb.Checkpoint> flush=0
2026-07-04 08:25:39.194 INFO  <mkdb.Checkpoint> ----------------- end -----------------
2026-07-04 08:26:39.246 INFO  <mkdb.Checkpoint> ---------------- begin ----------------
2026-07-04 08:26:39.247 INFO  <mkdb.Checkpoint> marshalN=1/0
2026-07-04 08:26:39.247 INFO  <mkdb.Checkpoint> snapshot=0 marshal0=0
2026-07-04 08:26:39.247 INFO  <mkdb.Checkpoint> flush=0
2026-07-04 08:26:39.247 INFO  <mkdb.Checkpoint> ----------------- end -----------------
2026-07-04 08:27:39.299 INFO  <mkdb.Checkpoint> ---------------- begin ----------------
2026-07-04 08:27:39.299 INFO  <mkdb.Checkpoint> marshalN=1/0
2026-07-04 08:27:39.299 INFO  <mkdb.Checkpoint> snapshot=0 marshal0=0
2026-07-04 08:27:39.299 INFO  <mkdb.Checkpoint> flush=0
2026-07-04 08:27:39.299 INFO  <mkdb.Checkpoint> ----------------- end -----------------
2026-07-04 08:27:52.011 WARN  <mkdb.Backup> backup FULL begin
2026-07-04 08:27:52.011 WARN  <mkdb.Backup> backup FULL end
2026-07-04 08:28:39.352 INFO  <mkdb.Checkpoint> ---------------- begin ----------------
2026-07-04 08:28:39.352 INFO  <mkdb.Checkpoint> marshalN=1/0
2026-07-04 08:28:39.352 INFO  <mkdb.Checkpoint> snapshot=0 marshal0=0
2026-07-04 08:28:39.352 INFO  <mkdb.Checkpoint> flush=0
2026-07-04 08:28:39.352 INFO  <mkdb.Checkpoint> ----------------- end -----------------
2026-07-04 08:29:39.405 INFO  <mkdb.Checkpoint> ---------------- begin ----------------
2026-07-04 08:29:39.405 INFO  <mkdb.Checkpoint> marshalN=1/0
2026-07-04 08:29:39.405 INFO  <mkdb.Checkpoint> snapshot=0 marshal0=0
2026-07-04 08:29:39.405 INFO  <mkdb.Checkpoint> flush=0
2026-07-04 08:29:39.405 INFO  <mkdb.Checkpoint> ----------------- end -----------------
2026-07-04 08:30:39.471 INFO  <mkdb.Checkpoint> ---------------- begin ----------------
2026-07-04 08:30:39.471 INFO  <mkdb.Checkpoint> marshalN=1/0
2026-07-04 08:30:39.471 INFO  <mkdb.Checkpoint> snapshot=0 marshal0=0
2026-07-04 08:30:39.471 INFO  <mkdb.Checkpoint> flush=0
2026-07-04 08:30:39.471 INFO  <mkdb.Checkpoint> ----------------- end -----------------
2026-07-04 08:31:39.522 INFO  <mkdb.Checkpoint> ---------------- begin ----------------
2026-07-04 08:31:39.522 INFO  <mkdb.Checkpoint> marshalN=1/0
2026-07-04 08:31:39.522 INFO  <mkdb.Checkpoint> snapshot=0 marshal0=0
2026-07-04 08:31:39.522 INFO  <mkdb.Checkpoint> flush=0
2026-07-04 08:31:39.522 INFO  <mkdb.Checkpoint> ----------------- end -----------------
2026-07-04 08:32:39.575 INFO  <mkdb.Checkpoint> ---------------- begin ----------------
2026-07-04 08:32:39.575 INFO  <mkdb.Checkpoint> marshalN=1/0
2026-07-04 08:32:39.575 INFO  <mkdb.Checkpoint> snapshot=0 marshal0=0
2026-07-04 08:32:39.575 INFO  <mkdb.Checkpoint> flush=0
2026-07-04 08:32:39.575 INFO  <mkdb.Checkpoint> ----------------- end -----------------
2026-07-04 08:33:39.626 INFO  <mkdb.Checkpoint> ---------------- begin ----------------
2026-07-04 08:33:39.626 INFO  <mkdb.Checkpoint> marshalN=1/0
2026-07-04 08:33:39.626 INFO  <mkdb.Checkpoint> snapshot=0 marshal0=0
2026-07-04 08:33:39.626 INFO  <mkdb.Checkpoint> flush=0
2026-07-04 08:33:39.626 INFO  <mkdb.Checkpoint> ----------------- end -----------------
2026-07-04 08:34:39.681 INFO  <mkdb.Checkpoint> ---------------- begin ----------------
2026-07-04 08:34:39.681 INFO  <mkdb.Checkpoint> marshalN=1/0
2026-07-04 08:34:39.681 INFO  <mkdb.Checkpoint> snapshot=0 marshal0=0
2026-07-04 08:34:39.681 INFO  <mkdb.Checkpoint> flush=0
2026-07-04 08:34:39.681 INFO  <mkdb.Checkpoint> ----------------- end -----------------
2026-07-04 08:35:39.735 INFO  <mkdb.Checkpoint> ---------------- begin ----------------
2026-07-04 08:35:39.735 INFO  <mkdb.Checkpoint> marshalN=1/0
2026-07-04 08:35:39.735 INFO  <mkdb.Checkpoint> snapshot=0 marshal0=0
2026-07-04 08:35:39.735 INFO  <mkdb.Checkpoint> flush=0
2026-07-04 08:35:39.735 INFO  <mkdb.Checkpoint> ----------------- end -----------------
2026-07-04 08:36:39.791 INFO  <mkdb.Checkpoint> ---------------- begin ----------------
2026-07-04 08:36:39.791 INFO  <mkdb.Checkpoint> marshalN=1/0
2026-07-04 08:36:39.791 INFO  <mkdb.Checkpoint> snapshot=0 marshal0=0
2026-07-04 08:36:39.791 INFO  <mkdb.Checkpoint> flush=0
2026-07-04 08:36:39.791 INFO  <mkdb.Checkpoint> ----------------- end -----------------
2026-07-04 08:37:39.846 INFO  <mkdb.Checkpoint> ---------------- begin ----------------
2026-07-04 08:37:39.846 INFO  <mkdb.Checkpoint> marshalN=1/0
2026-07-04 08:37:39.846 INFO  <mkdb.Checkpoint> snapshot=0 marshal0=0
2026-07-04 08:37:39.846 INFO  <mkdb.Checkpoint> flush=0
2026-07-04 08:37:39.846 INFO  <mkdb.Checkpoint> ----------------- end -----------------
2026-07-04 08:38:39.902 INFO  <mkdb.Checkpoint> ---------------- begin ----------------
2026-07-04 08:38:39.902 INFO  <mkdb.Checkpoint> marshalN=1/0
2026-07-04 08:38:39.902 INFO  <mkdb.Checkpoint> snapshot=0 marshal0=0
2026-07-04 08:38:39.902 INFO  <mkdb.Checkpoint> flush=0
2026-07-04 08:38:39.902 INFO  <mkdb.Checkpoint> ----------------- end -----------------
2026-07-04 08:39:39.957 INFO  <mkdb.Checkpoint> ---------------- begin ----------------
2026-07-04 08:39:39.957 INFO  <mkdb.Checkpoint> marshalN=1/0
2026-07-04 08:39:39.957 INFO  <mkdb.Checkpoint> snapshot=0 marshal0=0
2026-07-04 08:39:39.957 INFO  <mkdb.Checkpoint> flush=0
2026-07-04 08:39:39.957 INFO  <mkdb.Checkpoint> ----------------- end -----------------
2026-07-04 08:40:40.014 INFO  <mkdb.Checkpoint> ---------------- begin ----------------
2026-07-04 08:40:40.014 INFO  <mkdb.Checkpoint> marshalN=1/0
2026-07-04 08:40:40.014 INFO  <mkdb.Checkpoint> snapshot=0 marshal0=0
2026-07-04 08:40:40.014 INFO  <mkdb.Checkpoint> flush=0
2026-07-04 08:40:40.014 INFO  <mkdb.Checkpoint> ----------------- end -----------------
2026-07-04 08:41:40.073 INFO  <mkdb.Checkpoint> ---------------- begin ----------------
2026-07-04 08:41:40.073 INFO  <mkdb.Checkpoint> marshalN=1/0
2026-07-04 08:41:40.073 INFO  <mkdb.Checkpoint> snapshot=0 marshal0=0
2026-07-04 08:41:40.073 INFO  <mkdb.Checkpoint> flush=0
2026-07-04 08:41:40.073 INFO  <mkdb.Checkpoint> ----------------- end -----------------
2026-07-04 08:42:40.130 INFO  <mkdb.Checkpoint> ---------------- begin ----------------
2026-07-04 08:42:40.130 INFO  <mkdb.Checkpoint> marshalN=1/0
2026-07-04 08:42:40.130 INFO  <mkdb.Checkpoint> snapshot=0 marshal0=0
2026-07-04 08:42:40.130 INFO  <mkdb.Checkpoint> flush=0
2026-07-04 08:42:40.130 INFO  <mkdb.Checkpoint> ----------------- end -----------------
2026-07-04 08:43:40.190 INFO  <mkdb.Checkpoint> ---------------- begin ----------------
2026-07-04 08:43:40.190 INFO  <mkdb.Checkpoint> marshalN=1/0
2026-07-04 08:43:40.190 INFO  <mkdb.Checkpoint> snapshot=0 marshal0=0
2026-07-04 08:43:40.190 INFO  <mkdb.Checkpoint> flush=0
2026-07-04 08:43:40.190 INFO  <mkdb.Checkpoint> ----------------- end -----------------
2026-07-04 08:44:40.246 INFO  <mkdb.Checkpoint> ---------------- begin ----------------
2026-07-04 08:44:40.246 INFO  <mkdb.Checkpoint> marshalN=1/0
2026-07-04 08:44:40.246 INFO  <mkdb.Checkpoint> snapshot=0 marshal0=0
2026-07-04 08:44:40.246 INFO  <mkdb.Checkpoint> flush=0
2026-07-04 08:44:40.246 INFO  <mkdb.Checkpoint> ----------------- end -----------------
2026-07-04 08:45:40.302 INFO  <mkdb.Checkpoint> ---------------- begin ----------------
2026-07-04 08:45:40.302 INFO  <mkdb.Checkpoint> marshalN=1/0
2026-07-04 08:45:40.302 INFO  <mkdb.Checkpoint> snapshot=0 marshal0=0
2026-07-04 08:45:40.302 INFO  <mkdb.Checkpoint> flush=0
2026-07-04 08:45:40.302 INFO  <mkdb.Checkpoint> ----------------- end -----------------
2026-07-04 08:46:40.356 INFO  <mkdb.Checkpoint> ---------------- begin ----------------
2026-07-04 08:46:40.356 INFO  <mkdb.Checkpoint> marshalN=1/0
2026-07-04 08:46:40.356 INFO  <mkdb.Checkpoint> snapshot=0 marshal0=0
2026-07-04 08:46:40.356 INFO  <mkdb.Checkpoint> flush=0
2026-07-04 08:46:40.356 INFO  <mkdb.Checkpoint> ----------------- end -----------------
2026-07-04 08:47:40.409 INFO  <mkdb.Checkpoint> ---------------- begin ----------------
2026-07-04 08:47:40.409 INFO  <mkdb.Checkpoint> marshalN=1/0
2026-07-04 08:47:40.409 INFO  <mkdb.Checkpoint> snapshot=0 marshal0=0
2026-07-04 08:47:40.409 INFO  <mkdb.Checkpoint> flush=0
2026-07-04 08:47:40.409 INFO  <mkdb.Checkpoint> ----------------- end -----------------
2026-07-04 08:48:40.460 INFO  <mkdb.Checkpoint> ---------------- begin ----------------
2026-07-04 08:48:40.460 INFO  <mkdb.Checkpoint> marshalN=1/0
2026-07-04 08:48:40.460 INFO  <mkdb.Checkpoint> snapshot=0 marshal0=0
2026-07-04 08:48:40.460 INFO  <mkdb.Checkpoint> flush=0
2026-07-04 08:48:40.460 INFO  <mkdb.Checkpoint> ----------------- end -----------------
2026-07-04 08:49:40.516 INFO  <mkdb.Checkpoint> ---------------- begin ----------------
2026-07-04 08:49:40.517 INFO  <mkdb.Checkpoint> marshalN=1/0
2026-07-04 08:49:40.517 INFO  <mkdb.Checkpoint> snapshot=0 marshal0=0
2026-07-04 08:49:40.517 INFO  <mkdb.Checkpoint> flush=0
2026-07-04 08:49:40.517 INFO  <mkdb.Checkpoint> ----------------- end -----------------
2026-07-04 08:50:40.568 INFO  <mkdb.Checkpoint> ---------------- begin ----------------
2026-07-04 08:50:40.568 INFO  <mkdb.Checkpoint> marshalN=1/0
2026-07-04 08:50:40.568 INFO  <mkdb.Checkpoint> snapshot=0 marshal0=0
2026-07-04 08:50:40.568 INFO  <mkdb.Checkpoint> flush=0
2026-07-04 08:50:40.568 INFO  <mkdb.Checkpoint> ----------------- end -----------------
2026-07-04 08:51:40.620 INFO  <mkdb.Checkpoint> ---------------- begin ----------------
2026-07-04 08:51:40.620 INFO  <mkdb.Checkpoint> marshalN=1/0
2026-07-04 08:51:40.620 INFO  <mkdb.Checkpoint> snapshot=0 marshal0=0
2026-07-04 08:51:40.620 INFO  <mkdb.Checkpoint> flush=0
2026-07-04 08:51:40.620 INFO  <mkdb.Checkpoint> ----------------- end -----------------
2026-07-04 08:52:40.674 INFO  <mkdb.Checkpoint> ---------------- begin ----------------
2026-07-04 08:52:40.674 INFO  <mkdb.Checkpoint> marshalN=1/0
2026-07-04 08:52:40.674 INFO  <mkdb.Checkpoint> snapshot=0 marshal0=0
2026-07-04 08:52:40.674 INFO  <mkdb.Checkpoint> flush=0
2026-07-04 08:52:40.674 INFO  <mkdb.Checkpoint> ----------------- end -----------------
2026-07-04 08:53:40.726 INFO  <mkdb.Checkpoint> ---------------- begin ----------------
2026-07-04 08:53:40.726 INFO  <mkdb.Checkpoint> marshalN=1/0
2026-07-04 08:53:40.726 INFO  <mkdb.Checkpoint> snapshot=0 marshal0=0
2026-07-04 08:53:40.726 INFO  <mkdb.Checkpoint> flush=0
2026-07-04 08:53:40.726 INFO  <mkdb.Checkpoint> ----------------- end -----------------
2026-07-04 08:54:40.778 INFO  <mkdb.Checkpoint> ---------------- begin ----------------
2026-07-04 08:54:40.778 INFO  <mkdb.Checkpoint> marshalN=1/0
2026-07-04 08:54:40.778 INFO  <mkdb.Checkpoint> snapshot=0 marshal0=0
2026-07-04 08:54:40.778 INFO  <mkdb.Checkpoint> flush=0
2026-07-04 08:54:40.778 INFO  <mkdb.Checkpoint> ----------------- end -----------------
2026-07-04 08:55:40.833 INFO  <mkdb.Checkpoint> ---------------- begin ----------------
2026-07-04 08:55:40.833 INFO  <mkdb.Checkpoint> marshalN=1/0
2026-07-04 08:55:40.833 INFO  <mkdb.Checkpoint> snapshot=0 marshal0=0
2026-07-04 08:55:40.833 INFO  <mkdb.Checkpoint> flush=0
2026-07-04 08:55:40.833 INFO  <mkdb.Checkpoint> ----------------- end -----------------
2026-07-04 08:56:40.886 INFO  <mkdb.Checkpoint> ---------------- begin ----------------
2026-07-04 08:56:40.886 INFO  <mkdb.Checkpoint> marshalN=1/0
2026-07-04 08:56:40.886 INFO  <mkdb.Checkpoint> snapshot=0 marshal0=0
2026-07-04 08:56:40.886 INFO  <mkdb.Checkpoint> flush=0
2026-07-04 08:56:40.886 INFO  <mkdb.Checkpoint> ----------------- end -----------------
2026-07-04 08:57:40.943 INFO  <mkdb.Checkpoint> ---------------- begin ----------------
2026-07-04 08:57:40.943 INFO  <mkdb.Checkpoint> marshalN=1/0
2026-07-04 08:57:40.943 INFO  <mkdb.Checkpoint> snapshot=0 marshal0=0
2026-07-04 08:57:40.943 INFO  <mkdb.Checkpoint> flush=0
2026-07-04 08:57:40.943 INFO  <mkdb.Checkpoint> ----------------- end -----------------
2026-07-04 08:58:40.995 INFO  <mkdb.Checkpoint> ---------------- begin ----------------
2026-07-04 08:58:40.995 INFO  <mkdb.Checkpoint> marshalN=1/0
2026-07-04 08:58:40.995 INFO  <mkdb.Checkpoint> snapshot=0 marshal0=0
2026-07-04 08:58:40.995 INFO  <mkdb.Checkpoint> flush=0
2026-07-04 08:58:40.995 INFO  <mkdb.Checkpoint> ----------------- end -----------------
2026-07-04 08:59:41.046 INFO  <mkdb.Checkpoint> ---------------- begin ----------------
2026-07-04 08:59:41.046 INFO  <mkdb.Checkpoint> marshalN=1/0
2026-07-04 08:59:41.046 INFO  <mkdb.Checkpoint> snapshot=0 marshal0=0
2026-07-04 08:59:41.046 INFO  <mkdb.Checkpoint> flush=0
2026-07-04 08:59:41.046 INFO  <mkdb.Checkpoint> ----------------- end -----------------
2026-07-04 09:00:41.099 INFO  <mkdb.Checkpoint> ---------------- begin ----------------
2026-07-04 09:00:41.099 INFO  <mkdb.Checkpoint> marshalN=1/0
2026-07-04 09:00:41.099 INFO  <mkdb.Checkpoint> snapshot=0 marshal0=0
2026-07-04 09:00:41.099 INFO  <mkdb.Checkpoint> flush=0
2026-07-04 09:00:41.099 INFO  <mkdb.Checkpoint> ----------------- end -----------------
2026-07-04 09:01:41.152 INFO  <mkdb.Checkpoint> ---------------- begin ----------------
2026-07-04 09:01:41.152 INFO  <mkdb.Checkpoint> marshalN=1/0
2026-07-04 09:01:41.152 INFO  <mkdb.Checkpoint> snapshot=0 marshal0=0
2026-07-04 09:01:41.152 INFO  <mkdb.Checkpoint> flush=0
2026-07-04 09:01:41.152 INFO  <mkdb.Checkpoint> ----------------- end -----------------
2026-07-04 09:02:41.204 INFO  <mkdb.Checkpoint> ---------------- begin ----------------
2026-07-04 09:02:41.204 INFO  <mkdb.Checkpoint> marshalN=1/0
2026-07-04 09:02:41.204 INFO  <mkdb.Checkpoint> snapshot=0 marshal0=0
2026-07-04 09:02:41.204 INFO  <mkdb.Checkpoint> flush=0
2026-07-04 09:02:41.204 INFO  <mkdb.Checkpoint> ----------------- end -----------------
2026-07-04 09:03:41.260 INFO  <mkdb.Checkpoint> ---------------- begin ----------------
2026-07-04 09:03:41.260 INFO  <mkdb.Checkpoint> marshalN=1/0
2026-07-04 09:03:41.260 INFO  <mkdb.Checkpoint> snapshot=0 marshal0=0
2026-07-04 09:03:41.260 INFO  <mkdb.Checkpoint> flush=0
2026-07-04 09:03:41.260 INFO  <mkdb.Checkpoint> ----------------- end -----------------
2026-07-04 09:04:41.311 INFO  <mkdb.Checkpoint> ---------------- begin ----------------
2026-07-04 09:04:41.311 INFO  <mkdb.Checkpoint> marshalN=1/0
2026-07-04 09:04:41.311 INFO  <mkdb.Checkpoint> snapshot=0 marshal0=0
2026-07-04 09:04:41.311 INFO  <mkdb.Checkpoint> flush=0
2026-07-04 09:04:41.311 INFO  <mkdb.Checkpoint> ----------------- end -----------------
2026-07-04 09:05:41.365 INFO  <mkdb.Checkpoint> ---------------- begin ----------------
2026-07-04 09:05:41.365 INFO  <mkdb.Checkpoint> marshalN=1/0
2026-07-04 09:05:41.365 INFO  <mkdb.Checkpoint> snapshot=0 marshal0=0
2026-07-04 09:05:41.365 INFO  <mkdb.Checkpoint> flush=0
2026-07-04 09:05:41.365 INFO  <mkdb.Checkpoint> ----------------- end -----------------
2026-07-04 09:06:41.416 INFO  <mkdb.Checkpoint> ---------------- begin ----------------
2026-07-04 09:06:41.416 INFO  <mkdb.Checkpoint> marshalN=1/0
2026-07-04 09:06:41.416 INFO  <mkdb.Checkpoint> snapshot=0 marshal0=0
2026-07-04 09:06:41.416 INFO  <mkdb.Checkpoint> flush=0
2026-07-04 09:06:41.416 INFO  <mkdb.Checkpoint> ----------------- end -----------------
2026-07-04 09:07:41.470 INFO  <mkdb.Checkpoint> ---------------- begin ----------------
2026-07-04 09:07:41.470 INFO  <mkdb.Checkpoint> marshalN=1/0
2026-07-04 09:07:41.470 INFO  <mkdb.Checkpoint> snapshot=0 marshal0=0
2026-07-04 09:07:41.470 INFO  <mkdb.Checkpoint> flush=0
2026-07-04 09:07:41.470 INFO  <mkdb.Checkpoint> ----------------- end -----------------
2026-07-04 09:08:41.523 INFO  <mkdb.Checkpoint> ---------------- begin ----------------
2026-07-04 09:08:41.523 INFO  <mkdb.Checkpoint> marshalN=1/0
2026-07-04 09:08:41.523 INFO  <mkdb.Checkpoint> snapshot=0 marshal0=0
2026-07-04 09:08:41.523 INFO  <mkdb.Checkpoint> flush=0
2026-07-04 09:08:41.523 INFO  <mkdb.Checkpoint> ----------------- end -----------------
2026-07-04 09:09:41.577 INFO  <mkdb.Checkpoint> ---------------- begin ----------------
2026-07-04 09:09:41.577 INFO  <mkdb.Checkpoint> marshalN=1/0
2026-07-04 09:09:41.577 INFO  <mkdb.Checkpoint> snapshot=0 marshal0=0
2026-07-04 09:09:41.577 INFO  <mkdb.Checkpoint> flush=0
2026-07-04 09:09:41.577 INFO  <mkdb.Checkpoint> ----------------- end -----------------
2026-07-04 09:10:41.629 INFO  <mkdb.Checkpoint> ---------------- begin ----------------
2026-07-04 09:10:41.629 INFO  <mkdb.Checkpoint> marshalN=1/0
2026-07-04 09:10:41.629 INFO  <mkdb.Checkpoint> snapshot=0 marshal0=0
2026-07-04 09:10:41.629 INFO  <mkdb.Checkpoint> flush=0
2026-07-04 09:10:41.629 INFO  <mkdb.Checkpoint> ----------------- end -----------------
2026-07-04 09:11:41.680 INFO  <mkdb.Checkpoint> ---------------- begin ----------------
2026-07-04 09:11:41.681 INFO  <mkdb.Checkpoint> marshalN=1/0
2026-07-04 09:11:41.681 INFO  <mkdb.Checkpoint> snapshot=0 marshal0=0
2026-07-04 09:11:41.681 INFO  <mkdb.Checkpoint> flush=0
2026-07-04 09:11:41.681 INFO  <mkdb.Checkpoint> ----------------- end -----------------
2026-07-04 09:12:41.734 INFO  <mkdb.Checkpoint> ---------------- begin ----------------
2026-07-04 09:12:41.734 INFO  <mkdb.Checkpoint> marshalN=1/0
2026-07-04 09:12:41.734 INFO  <mkdb.Checkpoint> snapshot=0 marshal0=0
2026-07-04 09:12:41.734 INFO  <mkdb.Checkpoint> flush=0
2026-07-04 09:12:41.734 INFO  <mkdb.Checkpoint> ----------------- end -----------------
2026-07-04 09:13:41.789 INFO  <mkdb.Checkpoint> ---------------- begin ----------------
2026-07-04 09:13:41.789 INFO  <mkdb.Checkpoint> marshalN=1/0
2026-07-04 09:13:41.789 INFO  <mkdb.Checkpoint> snapshot=0 marshal0=0
2026-07-04 09:13:41.789 INFO  <mkdb.Checkpoint> flush=0
2026-07-04 09:13:41.789 INFO  <mkdb.Checkpoint> ----------------- end -----------------
2026-07-04 09:14:41.843 INFO  <mkdb.Checkpoint> ---------------- begin ----------------
2026-07-04 09:14:41.843 INFO  <mkdb.Checkpoint> marshalN=1/0
2026-07-04 09:14:41.843 INFO  <mkdb.Checkpoint> snapshot=0 marshal0=0
2026-07-04 09:14:41.843 INFO  <mkdb.Checkpoint> flush=0
2026-07-04 09:14:41.843 INFO  <mkdb.Checkpoint> ----------------- end -----------------
2026-07-04 09:15:41.896 INFO  <mkdb.Checkpoint> ---------------- begin ----------------
2026-07-04 09:15:41.896 INFO  <mkdb.Checkpoint> marshalN=1/0
2026-07-04 09:15:41.896 INFO  <mkdb.Checkpoint> snapshot=0 marshal0=0
2026-07-04 09:15:41.896 INFO  <mkdb.Checkpoint> flush=0
2026-07-04 09:15:41.896 INFO  <mkdb.Checkpoint> ----------------- end -----------------
2026-07-04 09:16:41.949 INFO  <mkdb.Checkpoint> ---------------- begin ----------------
2026-07-04 09:16:41.949 INFO  <mkdb.Checkpoint> marshalN=1/0
2026-07-04 09:16:41.949 INFO  <mkdb.Checkpoint> snapshot=0 marshal0=0
2026-07-04 09:16:41.949 INFO  <mkdb.Checkpoint> flush=0
2026-07-04 09:16:41.949 INFO  <mkdb.Checkpoint> ----------------- end -----------------
2026-07-04 09:17:42.002 INFO  <mkdb.Checkpoint> ---------------- begin ----------------
2026-07-04 09:17:42.002 INFO  <mkdb.Checkpoint> marshalN=1/0
2026-07-04 09:17:42.002 INFO  <mkdb.Checkpoint> snapshot=0 marshal0=0
2026-07-04 09:17:42.002 INFO  <mkdb.Checkpoint> flush=0
2026-07-04 09:17:42.002 INFO  <mkdb.Checkpoint> ----------------- end -----------------
2026-07-04 09:18:42.055 INFO  <mkdb.Checkpoint> ---------------- begin ----------------
2026-07-04 09:18:42.055 INFO  <mkdb.Checkpoint> marshalN=1/0
2026-07-04 09:18:42.055 INFO  <mkdb.Checkpoint> snapshot=0 marshal0=0
2026-07-04 09:18:42.055 INFO  <mkdb.Checkpoint> flush=0
2026-07-04 09:18:42.055 INFO  <mkdb.Checkpoint> ----------------- end -----------------
2026-07-04 09:19:42.109 INFO  <mkdb.Checkpoint> ---------------- begin ----------------
2026-07-04 09:19:42.109 INFO  <mkdb.Checkpoint> marshalN=1/0
2026-07-04 09:19:42.109 INFO  <mkdb.Checkpoint> snapshot=0 marshal0=0
2026-07-04 09:19:42.109 INFO  <mkdb.Checkpoint> flush=0
2026-07-04 09:19:42.109 INFO  <mkdb.Checkpoint> ----------------- end -----------------
2026-07-04 09:20:42.161 INFO  <mkdb.Checkpoint> ---------------- begin ----------------
2026-07-04 09:20:42.161 INFO  <mkdb.Checkpoint> marshalN=1/0
2026-07-04 09:20:42.161 INFO  <mkdb.Checkpoint> snapshot=0 marshal0=0
2026-07-04 09:20:42.161 INFO  <mkdb.Checkpoint> flush=0
2026-07-04 09:20:42.161 INFO  <mkdb.Checkpoint> ----------------- end -----------------
2026-07-04 09:21:42.214 INFO  <mkdb.Checkpoint> ---------------- begin ----------------
2026-07-04 09:21:42.214 INFO  <mkdb.Checkpoint> marshalN=1/0
2026-07-04 09:21:42.214 INFO  <mkdb.Checkpoint> snapshot=0 marshal0=0
2026-07-04 09:21:42.214 INFO  <mkdb.Checkpoint> flush=0
2026-07-04 09:21:42.214 INFO  <mkdb.Checkpoint> ----------------- end -----------------
2026-07-04 09:22:42.269 INFO  <mkdb.Checkpoint> ---------------- begin ----------------
2026-07-04 09:22:42.269 INFO  <mkdb.Checkpoint> marshalN=1/0
2026-07-04 09:22:42.269 INFO  <mkdb.Checkpoint> snapshot=0 marshal0=0
2026-07-04 09:22:42.269 INFO  <mkdb.Checkpoint> flush=0
2026-07-04 09:22:42.269 INFO  <mkdb.Checkpoint> ----------------- end -----------------
2026-07-04 09:23:42.319 INFO  <mkdb.Checkpoint> ---------------- begin ----------------
2026-07-04 09:23:42.319 INFO  <mkdb.Checkpoint> marshalN=1/0
2026-07-04 09:23:42.319 INFO  <mkdb.Checkpoint> snapshot=0 marshal0=0
2026-07-04 09:23:42.319 INFO  <mkdb.Checkpoint> flush=0
2026-07-04 09:23:42.319 INFO  <mkdb.Checkpoint> ----------------- end -----------------
2026-07-04 09:24:42.370 INFO  <mkdb.Checkpoint> ---------------- begin ----------------
2026-07-04 09:24:42.370 INFO  <mkdb.Checkpoint> marshalN=1/0
2026-07-04 09:24:42.370 INFO  <mkdb.Checkpoint> snapshot=0 marshal0=0
2026-07-04 09:24:42.370 INFO  <mkdb.Checkpoint> flush=0
2026-07-04 09:24:42.370 INFO  <mkdb.Checkpoint> ----------------- end -----------------
2026-07-04 09:25:28.009 WARN  <mkdb.Backup> backup FULL begin
2026-07-04 09:25:28.010 WARN  <mkdb.Backup> backup FULL end
2026-07-04 09:25:42.421 INFO  <mkdb.Checkpoint> ---------------- begin ----------------
2026-07-04 09:25:42.421 INFO  <mkdb.Checkpoint> marshalN=1/0
2026-07-04 09:25:42.421 INFO  <mkdb.Checkpoint> snapshot=0 marshal0=0
2026-07-04 09:25:42.421 INFO  <mkdb.Checkpoint> flush=0
2026-07-04 09:25:42.421 INFO  <mkdb.Checkpoint> ----------------- end -----------------
2026-07-04 09:26:42.474 INFO  <mkdb.Checkpoint> ---------------- begin ----------------
2026-07-04 09:26:42.474 INFO  <mkdb.Checkpoint> marshalN=1/0
2026-07-04 09:26:42.474 INFO  <mkdb.Checkpoint> snapshot=0 marshal0=0
2026-07-04 09:26:42.474 INFO  <mkdb.Checkpoint> flush=0
2026-07-04 09:26:42.474 INFO  <mkdb.Checkpoint> ----------------- end -----------------
2026-07-04 09:27:42.526 INFO  <mkdb.Checkpoint> ---------------- begin ----------------
2026-07-04 09:27:42.526 INFO  <mkdb.Checkpoint> marshalN=1/0
2026-07-04 09:27:42.526 INFO  <mkdb.Checkpoint> snapshot=0 marshal0=0
2026-07-04 09:27:42.526 INFO  <mkdb.Checkpoint> flush=0
2026-07-04 09:27:42.526 INFO  <mkdb.Checkpoint> ----------------- end -----------------
2026-07-04 09:28:42.579 INFO  <mkdb.Checkpoint> ---------------- begin ----------------
2026-07-04 09:28:42.580 INFO  <mkdb.Checkpoint> marshalN=1/0
2026-07-04 09:28:42.580 INFO  <mkdb.Checkpoint> snapshot=0 marshal0=0
2026-07-04 09:28:42.580 INFO  <mkdb.Checkpoint> flush=0
2026-07-04 09:28:42.580 INFO  <mkdb.Checkpoint> ----------------- end -----------------
2026-07-04 09:29:42.634 INFO  <mkdb.Checkpoint> ---------------- begin ----------------
2026-07-04 09:29:42.635 INFO  <mkdb.Checkpoint> marshalN=1/0
2026-07-04 09:29:42.635 INFO  <mkdb.Checkpoint> snapshot=0 marshal0=0
2026-07-04 09:29:42.635 INFO  <mkdb.Checkpoint> flush=0
2026-07-04 09:29:42.635 INFO  <mkdb.Checkpoint> ----------------- end -----------------
2026-07-04 09:30:42.689 INFO  <mkdb.Checkpoint> ---------------- begin ----------------
2026-07-04 09:30:42.689 INFO  <mkdb.Checkpoint> marshalN=1/0
2026-07-04 09:30:42.689 INFO  <mkdb.Checkpoint> snapshot=0 marshal0=0
2026-07-04 09:30:42.689 INFO  <mkdb.Checkpoint> flush=0
2026-07-04 09:30:42.689 INFO  <mkdb.Checkpoint> ----------------- end -----------------
2026-07-04 09:31:42.742 INFO  <mkdb.Checkpoint> ---------------- begin ----------------
2026-07-04 09:31:42.743 INFO  <mkdb.Checkpoint> marshalN=1/0
2026-07-04 09:31:42.743 INFO  <mkdb.Checkpoint> snapshot=0 marshal0=0
2026-07-04 09:31:42.743 INFO  <mkdb.Checkpoint> flush=0
2026-07-04 09:31:42.743 INFO  <mkdb.Checkpoint> ----------------- end -----------------
2026-07-04 09:32:42.795 INFO  <mkdb.Checkpoint> ---------------- begin ----------------
2026-07-04 09:32:42.795 INFO  <mkdb.Checkpoint> marshalN=1/0
2026-07-04 09:32:42.795 INFO  <mkdb.Checkpoint> snapshot=0 marshal0=0
2026-07-04 09:32:42.795 INFO  <mkdb.Checkpoint> flush=0
2026-07-04 09:32:42.795 INFO  <mkdb.Checkpoint> ----------------- end -----------------
2026-07-04 09:33:42.849 INFO  <mkdb.Checkpoint> ---------------- begin ----------------
2026-07-04 09:33:42.849 INFO  <mkdb.Checkpoint> marshalN=1/0
2026-07-04 09:33:42.849 INFO  <mkdb.Checkpoint> snapshot=0 marshal0=0
2026-07-04 09:33:42.849 INFO  <mkdb.Checkpoint> flush=0
2026-07-04 09:33:42.849 INFO  <mkdb.Checkpoint> ----------------- end -----------------
2026-07-04 09:34:42.897 INFO  <mkdb.Checkpoint> ---------------- begin ----------------
2026-07-04 09:34:42.898 INFO  <mkdb.Checkpoint> marshalN=1/0
2026-07-04 09:34:42.898 INFO  <mkdb.Checkpoint> snapshot=0 marshal0=0
2026-07-04 09:34:42.898 INFO  <mkdb.Checkpoint> flush=0
2026-07-04 09:34:42.898 INFO  <mkdb.Checkpoint> ----------------- end -----------------
2026-07-04 09:35:42.946 INFO  <mkdb.Checkpoint> ---------------- begin ----------------
2026-07-04 09:35:42.947 INFO  <mkdb.Checkpoint> marshalN=1/0
2026-07-04 09:35:42.947 INFO  <mkdb.Checkpoint> snapshot=0 marshal0=0
2026-07-04 09:35:42.947 INFO  <mkdb.Checkpoint> flush=0
2026-07-04 09:35:42.947 INFO  <mkdb.Checkpoint> ----------------- end -----------------
2026-07-04 09:36:42.998 INFO  <mkdb.Checkpoint> ---------------- begin ----------------
2026-07-04 09:36:42.998 INFO  <mkdb.Checkpoint> marshalN=1/0
2026-07-04 09:36:42.998 INFO  <mkdb.Checkpoint> snapshot=0 marshal0=0
2026-07-04 09:36:42.998 INFO  <mkdb.Checkpoint> flush=0
2026-07-04 09:36:42.998 INFO  <mkdb.Checkpoint> ----------------- end -----------------
2026-07-04 09:37:43.047 INFO  <mkdb.Checkpoint> ---------------- begin ----------------
2026-07-04 09:37:43.048 INFO  <mkdb.Checkpoint> marshalN=1/0
2026-07-04 09:37:43.048 INFO  <mkdb.Checkpoint> snapshot=0 marshal0=0
2026-07-04 09:37:43.048 INFO  <mkdb.Checkpoint> flush=0
2026-07-04 09:37:43.048 INFO  <mkdb.Checkpoint> ----------------- end -----------------
2026-07-04 09:38:43.097 INFO  <mkdb.Checkpoint> ---------------- begin ----------------
2026-07-04 09:38:43.097 INFO  <mkdb.Checkpoint> marshalN=1/0
2026-07-04 09:38:43.097 INFO  <mkdb.Checkpoint> snapshot=0 marshal0=0
2026-07-04 09:38:43.097 INFO  <mkdb.Checkpoint> flush=0
2026-07-04 09:38:43.097 INFO  <mkdb.Checkpoint> ----------------- end -----------------
2026-07-04 09:39:43.150 INFO  <mkdb.Checkpoint> ---------------- begin ----------------
2026-07-04 09:39:43.150 INFO  <mkdb.Checkpoint> marshalN=1/0
2026-07-04 09:39:43.150 INFO  <mkdb.Checkpoint> snapshot=0 marshal0=0
2026-07-04 09:39:43.150 INFO  <mkdb.Checkpoint> flush=0
2026-07-04 09:39:43.150 INFO  <mkdb.Checkpoint> ----------------- end -----------------
2026-07-04 09:40:43.200 INFO  <mkdb.Checkpoint> ---------------- begin ----------------
2026-07-04 09:40:43.200 INFO  <mkdb.Checkpoint> marshalN=1/0
2026-07-04 09:40:43.200 INFO  <mkdb.Checkpoint> snapshot=0 marshal0=0
2026-07-04 09:40:43.200 INFO  <mkdb.Checkpoint> flush=0
2026-07-04 09:40:43.200 INFO  <mkdb.Checkpoint> ----------------- end -----------------
2026-07-04 09:41:43.251 INFO  <mkdb.Checkpoint> ---------------- begin ----------------
2026-07-04 09:41:43.251 INFO  <mkdb.Checkpoint> marshalN=1/0
2026-07-04 09:41:43.251 INFO  <mkdb.Checkpoint> snapshot=0 marshal0=0
2026-07-04 09:41:43.251 INFO  <mkdb.Checkpoint> flush=0
2026-07-04 09:41:43.251 INFO  <mkdb.Checkpoint> ----------------- end -----------------
2026-07-04 09:42:43.303 INFO  <mkdb.Checkpoint> ---------------- begin ----------------
2026-07-04 09:42:43.303 INFO  <mkdb.Checkpoint> marshalN=1/0
2026-07-04 09:42:43.303 INFO  <mkdb.Checkpoint> snapshot=0 marshal0=0
2026-07-04 09:42:43.303 INFO  <mkdb.Checkpoint> flush=0
2026-07-04 09:42:43.303 INFO  <mkdb.Checkpoint> ----------------- end -----------------
2026-07-04 09:43:43.356 INFO  <mkdb.Checkpoint> ---------------- begin ----------------
2026-07-04 09:43:43.356 INFO  <mkdb.Checkpoint> marshalN=1/0
2026-07-04 09:43:43.356 INFO  <mkdb.Checkpoint> snapshot=0 marshal0=0
2026-07-04 09:43:43.356 INFO  <mkdb.Checkpoint> flush=0
2026-07-04 09:43:43.356 INFO  <mkdb.Checkpoint> ----------------- end -----------------
2026-07-04 09:44:43.408 INFO  <mkdb.Checkpoint> ---------------- begin ----------------
2026-07-04 09:44:43.408 INFO  <mkdb.Checkpoint> marshalN=1/0
2026-07-04 09:44:43.408 INFO  <mkdb.Checkpoint> snapshot=0 marshal0=0
2026-07-04 09:44:43.408 INFO  <mkdb.Checkpoint> flush=0
2026-07-04 09:44:43.408 INFO  <mkdb.Checkpoint> ----------------- end -----------------
2026-07-04 09:45:43.460 INFO  <mkdb.Checkpoint> ---------------- begin ----------------
2026-07-04 09:45:43.460 INFO  <mkdb.Checkpoint> marshalN=1/0
2026-07-04 09:45:43.460 INFO  <mkdb.Checkpoint> snapshot=0 marshal0=0
2026-07-04 09:45:43.460 INFO  <mkdb.Checkpoint> flush=0
2026-07-04 09:45:43.460 INFO  <mkdb.Checkpoint> ----------------- end -----------------
2026-07-04 09:46:43.513 INFO  <mkdb.Checkpoint> ---------------- begin ----------------
2026-07-04 09:46:43.514 INFO  <mkdb.Checkpoint> marshalN=1/0
2026-07-04 09:46:43.514 INFO  <mkdb.Checkpoint> snapshot=0 marshal0=0
2026-07-04 09:46:43.514 INFO  <mkdb.Checkpoint> flush=0
2026-07-04 09:46:43.514 INFO  <mkdb.Checkpoint> ----------------- end -----------------
2026-07-04 09:47:43.566 INFO  <mkdb.Checkpoint> ---------------- begin ----------------
2026-07-04 09:47:43.566 INFO  <mkdb.Checkpoint> marshalN=1/0
2026-07-04 09:47:43.566 INFO  <mkdb.Checkpoint> snapshot=0 marshal0=0
2026-07-04 09:47:43.566 INFO  <mkdb.Checkpoint> flush=0
2026-07-04 09:47:43.566 INFO  <mkdb.Checkpoint> ----------------- end -----------------
2026-07-04 09:48:43.617 INFO  <mkdb.Checkpoint> ---------------- begin ----------------
2026-07-04 09:48:43.617 INFO  <mkdb.Checkpoint> marshalN=1/0
2026-07-04 09:48:43.617 INFO  <mkdb.Checkpoint> snapshot=0 marshal0=0
2026-07-04 09:48:43.617 INFO  <mkdb.Checkpoint> flush=0
2026-07-04 09:48:43.617 INFO  <mkdb.Checkpoint> ----------------- end -----------------
2026-07-04 09:49:43.668 INFO  <mkdb.Checkpoint> ---------------- begin ----------------
2026-07-04 09:49:43.668 INFO  <mkdb.Checkpoint> marshalN=1/0
2026-07-04 09:49:43.668 INFO  <mkdb.Checkpoint> snapshot=0 marshal0=0
2026-07-04 09:49:43.668 INFO  <mkdb.Checkpoint> flush=0
2026-07-04 09:49:43.668 INFO  <mkdb.Checkpoint> ----------------- end -----------------
2026-07-04 09:50:43.721 INFO  <mkdb.Checkpoint> ---------------- begin ----------------
2026-07-04 09:50:43.721 INFO  <mkdb.Checkpoint> marshalN=1/0
2026-07-04 09:50:43.721 INFO  <mkdb.Checkpoint> snapshot=0 marshal0=0
2026-07-04 09:50:43.721 INFO  <mkdb.Checkpoint> flush=0
2026-07-04 09:50:43.721 INFO  <mkdb.Checkpoint> ----------------- end -----------------
2026-07-04 09:51:43.774 INFO  <mkdb.Checkpoint> ---------------- begin ----------------
2026-07-04 09:51:43.774 INFO  <mkdb.Checkpoint> marshalN=1/0
2026-07-04 09:51:43.774 INFO  <mkdb.Checkpoint> snapshot=0 marshal0=0
2026-07-04 09:51:43.774 INFO  <mkdb.Checkpoint> flush=0
2026-07-04 09:51:43.774 INFO  <mkdb.Checkpoint> ----------------- end -----------------
2026-07-04 09:52:43.827 INFO  <mkdb.Checkpoint> ---------------- begin ----------------
2026-07-04 09:52:43.827 INFO  <mkdb.Checkpoint> marshalN=1/0
2026-07-04 09:52:43.827 INFO  <mkdb.Checkpoint> snapshot=0 marshal0=0
2026-07-04 09:52:43.827 INFO  <mkdb.Checkpoint> flush=0
2026-07-04 09:52:43.827 INFO  <mkdb.Checkpoint> ----------------- end -----------------
2026-07-04 09:53:43.879 INFO  <mkdb.Checkpoint> ---------------- begin ----------------
2026-07-04 09:53:43.879 INFO  <mkdb.Checkpoint> marshalN=1/0
2026-07-04 09:53:43.879 INFO  <mkdb.Checkpoint> snapshot=0 marshal0=0
2026-07-04 09:53:43.879 INFO  <mkdb.Checkpoint> flush=0
2026-07-04 09:53:43.879 INFO  <mkdb.Checkpoint> ----------------- end -----------------
2026-07-04 09:54:43.930 INFO  <mkdb.Checkpoint> ---------------- begin ----------------
2026-07-04 09:54:43.930 INFO  <mkdb.Checkpoint> marshalN=1/0
2026-07-04 09:54:43.930 INFO  <mkdb.Checkpoint> snapshot=0 marshal0=0
2026-07-04 09:54:43.931 INFO  <mkdb.Checkpoint> flush=0
2026-07-04 09:54:43.931 INFO  <mkdb.Checkpoint> ----------------- end -----------------
2026-07-04 09:55:43.981 INFO  <mkdb.Checkpoint> ---------------- begin ----------------
2026-07-04 09:55:43.981 INFO  <mkdb.Checkpoint> marshalN=1/0
2026-07-04 09:55:43.981 INFO  <mkdb.Checkpoint> snapshot=0 marshal0=0
2026-07-04 09:55:43.981 INFO  <mkdb.Checkpoint> flush=0
2026-07-04 09:55:43.981 INFO  <mkdb.Checkpoint> ----------------- end -----------------
2026-07-04 09:56:44.036 INFO  <mkdb.Checkpoint> ---------------- begin ----------------
2026-07-04 09:56:44.036 INFO  <mkdb.Checkpoint> marshalN=1/0
2026-07-04 09:56:44.036 INFO  <mkdb.Checkpoint> snapshot=0 marshal0=0
2026-07-04 09:56:44.036 INFO  <mkdb.Checkpoint> flush=0
2026-07-04 09:56:44.036 INFO  <mkdb.Checkpoint> ----------------- end -----------------
2026-07-04 09:57:44.087 INFO  <mkdb.Checkpoint> ---------------- begin ----------------
2026-07-04 09:57:44.087 INFO  <mkdb.Checkpoint> marshalN=1/0
2026-07-04 09:57:44.087 INFO  <mkdb.Checkpoint> snapshot=0 marshal0=0
2026-07-04 09:57:44.087 INFO  <mkdb.Checkpoint> flush=0
2026-07-04 09:57:44.087 INFO  <mkdb.Checkpoint> ----------------- end -----------------
2026-07-04 09:58:44.140 INFO  <mkdb.Checkpoint> ---------------- begin ----------------
2026-07-04 09:58:44.140 INFO  <mkdb.Checkpoint> marshalN=1/0
2026-07-04 09:58:44.140 INFO  <mkdb.Checkpoint> snapshot=0 marshal0=0
2026-07-04 09:58:44.140 INFO  <mkdb.Checkpoint> flush=0
2026-07-04 09:58:44.140 INFO  <mkdb.Checkpoint> ----------------- end -----------------
2026-07-04 09:59:44.193 INFO  <mkdb.Checkpoint> ---------------- begin ----------------
2026-07-04 09:59:44.194 INFO  <mkdb.Checkpoint> marshalN=1/0
2026-07-04 09:59:44.194 INFO  <mkdb.Checkpoint> snapshot=0 marshal0=0
2026-07-04 09:59:44.194 INFO  <mkdb.Checkpoint> flush=0
2026-07-04 09:59:44.194 INFO  <mkdb.Checkpoint> ----------------- end -----------------
2026-07-04 10:00:44.248 INFO  <mkdb.Checkpoint> ---------------- begin ----------------
2026-07-04 10:00:44.248 INFO  <mkdb.Checkpoint> marshalN=1/0
2026-07-04 10:00:44.248 INFO  <mkdb.Checkpoint> snapshot=0 marshal0=0
2026-07-04 10:00:44.248 INFO  <mkdb.Checkpoint> flush=0
2026-07-04 10:00:44.248 INFO  <mkdb.Checkpoint> ----------------- end -----------------
2026-07-04 10:01:44.299 INFO  <mkdb.Checkpoint> ---------------- begin ----------------
2026-07-04 10:01:44.299 INFO  <mkdb.Checkpoint> marshalN=1/0
2026-07-04 10:01:44.299 INFO  <mkdb.Checkpoint> snapshot=0 marshal0=0
2026-07-04 10:01:44.299 INFO  <mkdb.Checkpoint> flush=0
2026-07-04 10:01:44.299 INFO  <mkdb.Checkpoint> ----------------- end -----------------
2026-07-04 10:02:44.352 INFO  <mkdb.Checkpoint> ---------------- begin ----------------
2026-07-04 10:02:44.353 INFO  <mkdb.Checkpoint> marshalN=1/0
2026-07-04 10:02:44.353 INFO  <mkdb.Checkpoint> snapshot=0 marshal0=0
2026-07-04 10:02:44.353 INFO  <mkdb.Checkpoint> flush=0
2026-07-04 10:02:44.353 INFO  <mkdb.Checkpoint> ----------------- end -----------------
2026-07-04 10:03:44.405 INFO  <mkdb.Checkpoint> ---------------- begin ----------------
2026-07-04 10:03:44.405 INFO  <mkdb.Checkpoint> marshalN=1/0
2026-07-04 10:03:44.405 INFO  <mkdb.Checkpoint> snapshot=0 marshal0=0
2026-07-04 10:03:44.405 INFO  <mkdb.Checkpoint> flush=0
2026-07-04 10:03:44.405 INFO  <mkdb.Checkpoint> ----------------- end -----------------
2026-07-04 10:04:44.470 INFO  <mkdb.Checkpoint> ---------------- begin ----------------
2026-07-04 10:04:44.470 INFO  <mkdb.Checkpoint> marshalN=1/0
2026-07-04 10:04:44.470 INFO  <mkdb.Checkpoint> snapshot=0 marshal0=0
2026-07-04 10:04:44.470 INFO  <mkdb.Checkpoint> flush=0
2026-07-04 10:04:44.470 INFO  <mkdb.Checkpoint> ----------------- end -----------------
2026-07-04 10:05:44.521 INFO  <mkdb.Checkpoint> ---------------- begin ----------------
2026-07-04 10:05:44.521 INFO  <mkdb.Checkpoint> marshalN=1/0
2026-07-04 10:05:44.521 INFO  <mkdb.Checkpoint> snapshot=0 marshal0=0
2026-07-04 10:05:44.521 INFO  <mkdb.Checkpoint> flush=0
2026-07-04 10:05:44.521 INFO  <mkdb.Checkpoint> ----------------- end -----------------
2026-07-04 10:06:44.570 INFO  <mkdb.Checkpoint> ---------------- begin ----------------
2026-07-04 10:06:44.571 INFO  <mkdb.Checkpoint> marshalN=1/0
2026-07-04 10:06:44.571 INFO  <mkdb.Checkpoint> snapshot=0 marshal0=0
2026-07-04 10:06:44.571 INFO  <mkdb.Checkpoint> flush=0
2026-07-04 10:06:44.571 INFO  <mkdb.Checkpoint> ----------------- end -----------------
2026-07-04 10:07:44.625 INFO  <mkdb.Checkpoint> ---------------- begin ----------------
2026-07-04 10:07:44.625 INFO  <mkdb.Checkpoint> marshalN=1/0
2026-07-04 10:07:44.625 INFO  <mkdb.Checkpoint> snapshot=0 marshal0=0
2026-07-04 10:07:44.625 INFO  <mkdb.Checkpoint> flush=0
2026-07-04 10:07:44.625 INFO  <mkdb.Checkpoint> ----------------- end -----------------
2026-07-04 10:08:44.675 INFO  <mkdb.Checkpoint> ---------------- begin ----------------
2026-07-04 10:08:44.675 INFO  <mkdb.Checkpoint> marshalN=1/0
2026-07-04 10:08:44.675 INFO  <mkdb.Checkpoint> snapshot=0 marshal0=0
2026-07-04 10:08:44.675 INFO  <mkdb.Checkpoint> flush=0
2026-07-04 10:08:44.675 INFO  <mkdb.Checkpoint> ----------------- end -----------------
2026-07-04 10:09:44.727 INFO  <mkdb.Checkpoint> ---------------- begin ----------------
2026-07-04 10:09:44.727 INFO  <mkdb.Checkpoint> marshalN=1/0
2026-07-04 10:09:44.727 INFO  <mkdb.Checkpoint> snapshot=0 marshal0=0
2026-07-04 10:09:44.727 INFO  <mkdb.Checkpoint> flush=0
2026-07-04 10:09:44.727 INFO  <mkdb.Checkpoint> ----------------- end -----------------
2026-07-04 10:10:44.780 INFO  <mkdb.Checkpoint> ---------------- begin ----------------
2026-07-04 10:10:44.780 INFO  <mkdb.Checkpoint> marshalN=1/0
2026-07-04 10:10:44.780 INFO  <mkdb.Checkpoint> snapshot=0 marshal0=0
2026-07-04 10:10:44.780 INFO  <mkdb.Checkpoint> flush=0
2026-07-04 10:10:44.780 INFO  <mkdb.Checkpoint> ----------------- end -----------------
2026-07-04 10:11:44.832 INFO  <mkdb.Checkpoint> ---------------- begin ----------------
2026-07-04 10:11:44.832 INFO  <mkdb.Checkpoint> marshalN=1/0
2026-07-04 10:11:44.832 INFO  <mkdb.Checkpoint> snapshot=0 marshal0=0
2026-07-04 10:11:44.832 INFO  <mkdb.Checkpoint> flush=0
2026-07-04 10:11:44.832 INFO  <mkdb.Checkpoint> ----------------- end -----------------
2026-07-04 10:12:44.885 INFO  <mkdb.Checkpoint> ---------------- begin ----------------
2026-07-04 10:12:44.885 INFO  <mkdb.Checkpoint> marshalN=1/0
2026-07-04 10:12:44.885 INFO  <mkdb.Checkpoint> snapshot=0 marshal0=0
2026-07-04 10:12:44.885 INFO  <mkdb.Checkpoint> flush=0
2026-07-04 10:12:44.885 INFO  <mkdb.Checkpoint> ----------------- end -----------------
2026-07-04 10:13:44.935 INFO  <mkdb.Checkpoint> ---------------- begin ----------------
2026-07-04 10:13:44.935 INFO  <mkdb.Checkpoint> marshalN=1/0
2026-07-04 10:13:44.935 INFO  <mkdb.Checkpoint> snapshot=0 marshal0=0
2026-07-04 10:13:44.935 INFO  <mkdb.Checkpoint> flush=0
2026-07-04 10:13:44.935 INFO  <mkdb.Checkpoint> ----------------- end -----------------
2026-07-04 10:14:44.985 INFO  <mkdb.Checkpoint> ---------------- begin ----------------
2026-07-04 10:14:44.985 INFO  <mkdb.Checkpoint> marshalN=1/0
2026-07-04 10:14:44.985 INFO  <mkdb.Checkpoint> snapshot=0 marshal0=0
2026-07-04 10:14:44.985 INFO  <mkdb.Checkpoint> flush=0
2026-07-04 10:14:44.985 INFO  <mkdb.Checkpoint> ----------------- end -----------------
2026-07-04 10:15:45.038 INFO  <mkdb.Checkpoint> ---------------- begin ----------------
2026-07-04 10:15:45.038 INFO  <mkdb.Checkpoint> marshalN=1/0
2026-07-04 10:15:45.038 INFO  <mkdb.Checkpoint> snapshot=0 marshal0=0
2026-07-04 10:15:45.038 INFO  <mkdb.Checkpoint> flush=0
2026-07-04 10:15:45.038 INFO  <mkdb.Checkpoint> ----------------- end -----------------
2026-07-04 10:16:45.090 INFO  <mkdb.Checkpoint> ---------------- begin ----------------
2026-07-04 10:16:45.090 INFO  <mkdb.Checkpoint> marshalN=1/0
2026-07-04 10:16:45.090 INFO  <mkdb.Checkpoint> snapshot=0 marshal0=0
2026-07-04 10:16:45.090 INFO  <mkdb.Checkpoint> flush=0
2026-07-04 10:16:45.090 INFO  <mkdb.Checkpoint> ----------------- end -----------------
2026-07-04 10:17:45.156 INFO  <mkdb.Checkpoint> ---------------- begin ----------------
2026-07-04 10:17:45.156 INFO  <mkdb.Checkpoint> marshalN=1/0
2026-07-04 10:17:45.156 INFO  <mkdb.Checkpoint> snapshot=0 marshal0=0
2026-07-04 10:17:45.156 INFO  <mkdb.Checkpoint> flush=0
2026-07-04 10:17:45.156 INFO  <mkdb.Checkpoint> ----------------- end -----------------
2026-07-04 10:18:45.206 INFO  <mkdb.Checkpoint> ---------------- begin ----------------
2026-07-04 10:18:45.206 INFO  <mkdb.Checkpoint> marshalN=1/0
2026-07-04 10:18:45.206 INFO  <mkdb.Checkpoint> snapshot=0 marshal0=0
2026-07-04 10:18:45.206 INFO  <mkdb.Checkpoint> flush=0
2026-07-04 10:18:45.206 INFO  <mkdb.Checkpoint> ----------------- end -----------------
2026-07-04 10:19:45.256 INFO  <mkdb.Checkpoint> ---------------- begin ----------------
2026-07-04 10:19:45.256 INFO  <mkdb.Checkpoint> marshalN=1/0
2026-07-04 10:19:45.256 INFO  <mkdb.Checkpoint> snapshot=0 marshal0=0
2026-07-04 10:19:45.256 INFO  <mkdb.Checkpoint> flush=0
2026-07-04 10:19:45.256 INFO  <mkdb.Checkpoint> ----------------- end -----------------
2026-07-04 10:20:45.312 INFO  <mkdb.Checkpoint> ---------------- begin ----------------
2026-07-04 10:20:45.312 INFO  <mkdb.Checkpoint> marshalN=1/0
2026-07-04 10:20:45.312 INFO  <mkdb.Checkpoint> snapshot=0 marshal0=0
2026-07-04 10:20:45.312 INFO  <mkdb.Checkpoint> flush=0
2026-07-04 10:20:45.312 INFO  <mkdb.Checkpoint> ----------------- end -----------------
2026-07-04 10:21:45.365 INFO  <mkdb.Checkpoint> ---------------- begin ----------------
2026-07-04 10:21:45.365 INFO  <mkdb.Checkpoint> marshalN=1/0
2026-07-04 10:21:45.365 INFO  <mkdb.Checkpoint> snapshot=0 marshal0=0
2026-07-04 10:21:45.365 INFO  <mkdb.Checkpoint> flush=0
2026-07-04 10:21:45.365 INFO  <mkdb.Checkpoint> ----------------- end -----------------
2026-07-04 10:22:45.423 INFO  <mkdb.Checkpoint> ---------------- begin ----------------
2026-07-04 10:22:45.423 INFO  <mkdb.Checkpoint> marshalN=1/0
2026-07-04 10:22:45.423 INFO  <mkdb.Checkpoint> snapshot=0 marshal0=0
2026-07-04 10:22:45.423 INFO  <mkdb.Checkpoint> flush=0
2026-07-04 10:22:45.423 INFO  <mkdb.Checkpoint> ----------------- end -----------------
2026-07-04 10:23:45.475 INFO  <mkdb.Checkpoint> ---------------- begin ----------------
2026-07-04 10:23:45.475 INFO  <mkdb.Checkpoint> marshalN=1/0
2026-07-04 10:23:45.475 INFO  <mkdb.Checkpoint> snapshot=0 marshal0=0
2026-07-04 10:23:45.475 INFO  <mkdb.Checkpoint> flush=0
2026-07-04 10:23:45.475 INFO  <mkdb.Checkpoint> ----------------- end -----------------
2026-07-04 10:23:49.079 WARN  <mkdb.Backup> backup FULL begin
2026-07-04 10:23:49.080 WARN  <mkdb.Backup> backup FULL end
2026-07-04 10:24:45.530 INFO  <mkdb.Checkpoint> ---------------- begin ----------------
2026-07-04 10:24:45.530 INFO  <mkdb.Checkpoint> marshalN=1/0
2026-07-04 10:24:45.530 INFO  <mkdb.Checkpoint> snapshot=0 marshal0=0
2026-07-04 10:24:45.530 INFO  <mkdb.Checkpoint> flush=0
2026-07-04 10:24:45.530 INFO  <mkdb.Checkpoint> ----------------- end -----------------
2026-07-04 10:25:45.584 INFO  <mkdb.Checkpoint> ---------------- begin ----------------
2026-07-04 10:25:45.584 INFO  <mkdb.Checkpoint> marshalN=1/0
2026-07-04 10:25:45.584 INFO  <mkdb.Checkpoint> snapshot=0 marshal0=0
2026-07-04 10:25:45.584 INFO  <mkdb.Checkpoint> flush=0
2026-07-04 10:25:45.584 INFO  <mkdb.Checkpoint> ----------------- end -----------------
2026-07-04 10:26:45.639 INFO  <mkdb.Checkpoint> ---------------- begin ----------------
2026-07-04 10:26:45.639 INFO  <mkdb.Checkpoint> marshalN=1/0
2026-07-04 10:26:45.639 INFO  <mkdb.Checkpoint> snapshot=0 marshal0=0
2026-07-04 10:26:45.639 INFO  <mkdb.Checkpoint> flush=0
2026-07-04 10:26:45.639 INFO  <mkdb.Checkpoint> ----------------- end -----------------
2026-07-04 10:27:45.694 INFO  <mkdb.Checkpoint> ---------------- begin ----------------
2026-07-04 10:27:45.694 INFO  <mkdb.Checkpoint> marshalN=1/0
2026-07-04 10:27:45.694 INFO  <mkdb.Checkpoint> snapshot=0 marshal0=0
2026-07-04 10:27:45.694 INFO  <mkdb.Checkpoint> flush=0
2026-07-04 10:27:45.694 INFO  <mkdb.Checkpoint> ----------------- end -----------------
2026-07-04 10:28:45.751 INFO  <mkdb.Checkpoint> ---------------- begin ----------------
2026-07-04 10:28:45.751 INFO  <mkdb.Checkpoint> marshalN=1/0
2026-07-04 10:28:45.751 INFO  <mkdb.Checkpoint> snapshot=0 marshal0=0
2026-07-04 10:28:45.751 INFO  <mkdb.Checkpoint> flush=0
2026-07-04 10:28:45.751 INFO  <mkdb.Checkpoint> ----------------- end -----------------
2026-07-04 10:29:45.806 INFO  <mkdb.Checkpoint> ---------------- begin ----------------
2026-07-04 10:29:45.806 INFO  <mkdb.Checkpoint> marshalN=1/0
2026-07-04 10:29:45.806 INFO  <mkdb.Checkpoint> snapshot=0 marshal0=0
2026-07-04 10:29:45.806 INFO  <mkdb.Checkpoint> flush=0
2026-07-04 10:29:45.806 INFO  <mkdb.Checkpoint> ----------------- end -----------------
2026-07-04 10:30:45.861 INFO  <mkdb.Checkpoint> ---------------- begin ----------------
2026-07-04 10:30:45.861 INFO  <mkdb.Checkpoint> marshalN=1/0
2026-07-04 10:30:45.861 INFO  <mkdb.Checkpoint> snapshot=0 marshal0=0
2026-07-04 10:30:45.861 INFO  <mkdb.Checkpoint> flush=0
2026-07-04 10:30:45.861 INFO  <mkdb.Checkpoint> ----------------- end -----------------
2026-07-04 10:31:45.919 INFO  <mkdb.Checkpoint> ---------------- begin ----------------
2026-07-04 10:31:45.919 INFO  <mkdb.Checkpoint> marshalN=1/0
2026-07-04 10:31:45.919 INFO  <mkdb.Checkpoint> snapshot=0 marshal0=0
2026-07-04 10:31:45.919 INFO  <mkdb.Checkpoint> flush=0
2026-07-04 10:31:45.919 INFO  <mkdb.Checkpoint> ----------------- end -----------------
2026-07-04 10:32:45.975 INFO  <mkdb.Checkpoint> ---------------- begin ----------------
2026-07-04 10:32:45.975 INFO  <mkdb.Checkpoint> marshalN=1/0
2026-07-04 10:32:45.975 INFO  <mkdb.Checkpoint> snapshot=0 marshal0=0
2026-07-04 10:32:45.975 INFO  <mkdb.Checkpoint> flush=0
2026-07-04 10:32:45.975 INFO  <mkdb.Checkpoint> ----------------- end -----------------
2026-07-04 10:33:46.034 INFO  <mkdb.Checkpoint> ---------------- begin ----------------
2026-07-04 10:33:46.034 INFO  <mkdb.Checkpoint> marshalN=1/0
2026-07-04 10:33:46.034 INFO  <mkdb.Checkpoint> snapshot=0 marshal0=0
2026-07-04 10:33:46.034 INFO  <mkdb.Checkpoint> flush=0
2026-07-04 10:33:46.034 INFO  <mkdb.Checkpoint> ----------------- end -----------------
2026-07-04 10:34:46.089 INFO  <mkdb.Checkpoint> ---------------- begin ----------------
2026-07-04 10:34:46.089 INFO  <mkdb.Checkpoint> marshalN=1/0
2026-07-04 10:34:46.089 INFO  <mkdb.Checkpoint> snapshot=0 marshal0=0
2026-07-04 10:34:46.089 INFO  <mkdb.Checkpoint> flush=0
2026-07-04 10:34:46.089 INFO  <mkdb.Checkpoint> ----------------- end -----------------
2026-07-04 10:35:46.146 INFO  <mkdb.Checkpoint> ---------------- begin ----------------
2026-07-04 10:35:46.146 INFO  <mkdb.Checkpoint> marshalN=1/0
2026-07-04 10:35:46.146 INFO  <mkdb.Checkpoint> snapshot=0 marshal0=0
2026-07-04 10:35:46.146 INFO  <mkdb.Checkpoint> flush=0
2026-07-04 10:35:46.146 INFO  <mkdb.Checkpoint> ----------------- end -----------------
2026-07-04 10:36:46.202 INFO  <mkdb.Checkpoint> ---------------- begin ----------------
2026-07-04 10:36:46.202 INFO  <mkdb.Checkpoint> marshalN=1/0
2026-07-04 10:36:46.202 INFO  <mkdb.Checkpoint> snapshot=0 marshal0=0
2026-07-04 10:36:46.202 INFO  <mkdb.Checkpoint> flush=0
2026-07-04 10:36:46.202 INFO  <mkdb.Checkpoint> ----------------- end -----------------
2026-07-04 10:37:46.260 INFO  <mkdb.Checkpoint> ---------------- begin ----------------
2026-07-04 10:37:46.260 INFO  <mkdb.Checkpoint> marshalN=1/0
2026-07-04 10:37:46.260 INFO  <mkdb.Checkpoint> snapshot=0 marshal0=0
2026-07-04 10:37:46.260 INFO  <mkdb.Checkpoint> flush=0
2026-07-04 10:37:46.260 INFO  <mkdb.Checkpoint> ----------------- end -----------------
2026-07-04 10:38:46.312 INFO  <mkdb.Checkpoint> ---------------- begin ----------------
2026-07-04 10:38:46.312 INFO  <mkdb.Checkpoint> marshalN=1/0
2026-07-04 10:38:46.312 INFO  <mkdb.Checkpoint> snapshot=0 marshal0=0
2026-07-04 10:38:46.312 INFO  <mkdb.Checkpoint> flush=0
2026-07-04 10:38:46.312 INFO  <mkdb.Checkpoint> ----------------- end -----------------
2026-07-04 10:39:46.363 INFO  <mkdb.Checkpoint> ---------------- begin ----------------
2026-07-04 10:39:46.363 INFO  <mkdb.Checkpoint> marshalN=1/0
2026-07-04 10:39:46.363 INFO  <mkdb.Checkpoint> snapshot=0 marshal0=0
2026-07-04 10:39:46.363 INFO  <mkdb.Checkpoint> flush=0
2026-07-04 10:39:46.363 INFO  <mkdb.Checkpoint> ----------------- end -----------------
2026-07-04 10:40:46.412 INFO  <mkdb.Checkpoint> ---------------- begin ----------------
2026-07-04 10:40:46.412 INFO  <mkdb.Checkpoint> marshalN=1/0
2026-07-04 10:40:46.412 INFO  <mkdb.Checkpoint> snapshot=0 marshal0=0
2026-07-04 10:40:46.412 INFO  <mkdb.Checkpoint> flush=0
2026-07-04 10:40:46.412 INFO  <mkdb.Checkpoint> ----------------- end -----------------
2026-07-04 10:41:46.463 INFO  <mkdb.Checkpoint> ---------------- begin ----------------
2026-07-04 10:41:46.463 INFO  <mkdb.Checkpoint> marshalN=1/0
2026-07-04 10:41:46.463 INFO  <mkdb.Checkpoint> snapshot=0 marshal0=0
2026-07-04 10:41:46.463 INFO  <mkdb.Checkpoint> flush=0
2026-07-04 10:41:46.463 INFO  <mkdb.Checkpoint> ----------------- end -----------------
2026-07-04 10:42:46.515 INFO  <mkdb.Checkpoint> ---------------- begin ----------------
2026-07-04 10:42:46.515 INFO  <mkdb.Checkpoint> marshalN=1/0
2026-07-04 10:42:46.515 INFO  <mkdb.Checkpoint> snapshot=0 marshal0=0
2026-07-04 10:42:46.515 INFO  <mkdb.Checkpoint> flush=0
2026-07-04 10:42:46.515 INFO  <mkdb.Checkpoint> ----------------- end -----------------
2026-07-04 10:43:46.566 INFO  <mkdb.Checkpoint> ---------------- begin ----------------
2026-07-04 10:43:46.566 INFO  <mkdb.Checkpoint> marshalN=1/0
2026-07-04 10:43:46.566 INFO  <mkdb.Checkpoint> snapshot=0 marshal0=0
2026-07-04 10:43:46.566 INFO  <mkdb.Checkpoint> flush=0
2026-07-04 10:43:46.566 INFO  <mkdb.Checkpoint> ----------------- end -----------------
2026-07-04 10:44:46.618 INFO  <mkdb.Checkpoint> ---------------- begin ----------------
2026-07-04 10:44:46.619 INFO  <mkdb.Checkpoint> marshalN=1/0
2026-07-04 10:44:46.619 INFO  <mkdb.Checkpoint> snapshot=0 marshal0=0
2026-07-04 10:44:46.619 INFO  <mkdb.Checkpoint> flush=0
2026-07-04 10:44:46.619 INFO  <mkdb.Checkpoint> ----------------- end -----------------
2026-07-04 10:45:46.673 INFO  <mkdb.Checkpoint> ---------------- begin ----------------
2026-07-04 10:45:46.673 INFO  <mkdb.Checkpoint> marshalN=1/0
2026-07-04 10:45:46.673 INFO  <mkdb.Checkpoint> snapshot=0 marshal0=0
2026-07-04 10:45:46.673 INFO  <mkdb.Checkpoint> flush=0
2026-07-04 10:45:46.673 INFO  <mkdb.Checkpoint> ----------------- end -----------------
2026-07-04 10:46:46.724 INFO  <mkdb.Checkpoint> ---------------- begin ----------------
2026-07-04 10:46:46.724 INFO  <mkdb.Checkpoint> marshalN=1/0
2026-07-04 10:46:46.724 INFO  <mkdb.Checkpoint> snapshot=0 marshal0=0
2026-07-04 10:46:46.724 INFO  <mkdb.Checkpoint> flush=0
2026-07-04 10:46:46.724 INFO  <mkdb.Checkpoint> ----------------- end -----------------
2026-07-04 10:47:46.776 INFO  <mkdb.Checkpoint> ---------------- begin ----------------
2026-07-04 10:47:46.776 INFO  <mkdb.Checkpoint> marshalN=1/0
2026-07-04 10:47:46.776 INFO  <mkdb.Checkpoint> snapshot=0 marshal0=0
2026-07-04 10:47:46.776 INFO  <mkdb.Checkpoint> flush=0
2026-07-04 10:47:46.776 INFO  <mkdb.Checkpoint> ----------------- end -----------------
2026-07-04 10:48:46.830 INFO  <mkdb.Checkpoint> ---------------- begin ----------------
2026-07-04 10:48:46.830 INFO  <mkdb.Checkpoint> marshalN=1/0
2026-07-04 10:48:46.830 INFO  <mkdb.Checkpoint> snapshot=0 marshal0=0
2026-07-04 10:48:46.830 INFO  <mkdb.Checkpoint> flush=0
2026-07-04 10:48:46.830 INFO  <mkdb.Checkpoint> ----------------- end -----------------
2026-07-04 10:49:46.883 INFO  <mkdb.Checkpoint> ---------------- begin ----------------
2026-07-04 10:49:46.883 INFO  <mkdb.Checkpoint> marshalN=1/0
2026-07-04 10:49:46.883 INFO  <mkdb.Checkpoint> snapshot=0 marshal0=0
2026-07-04 10:49:46.883 INFO  <mkdb.Checkpoint> flush=0
2026-07-04 10:49:46.883 INFO  <mkdb.Checkpoint> ----------------- end -----------------
2026-07-04 10:50:46.935 INFO  <mkdb.Checkpoint> ---------------- begin ----------------
2026-07-04 10:50:46.935 INFO  <mkdb.Checkpoint> marshalN=1/0
2026-07-04 10:50:46.935 INFO  <mkdb.Checkpoint> snapshot=0 marshal0=0
2026-07-04 10:50:46.935 INFO  <mkdb.Checkpoint> flush=0
2026-07-04 10:50:46.935 INFO  <mkdb.Checkpoint> ----------------- end -----------------
2026-07-04 10:51:46.988 INFO  <mkdb.Checkpoint> ---------------- begin ----------------
2026-07-04 10:51:46.988 INFO  <mkdb.Checkpoint> marshalN=1/0
2026-07-04 10:51:46.988 INFO  <mkdb.Checkpoint> snapshot=0 marshal0=0
2026-07-04 10:51:46.988 INFO  <mkdb.Checkpoint> flush=0
2026-07-04 10:51:46.988 INFO  <mkdb.Checkpoint> ----------------- end -----------------
2026-07-04 10:52:47.041 INFO  <mkdb.Checkpoint> ---------------- begin ----------------
2026-07-04 10:52:47.041 INFO  <mkdb.Checkpoint> marshalN=1/0
2026-07-04 10:52:47.041 INFO  <mkdb.Checkpoint> snapshot=0 marshal0=0
2026-07-04 10:52:47.041 INFO  <mkdb.Checkpoint> flush=0
2026-07-04 10:52:47.041 INFO  <mkdb.Checkpoint> ----------------- end -----------------
2026-07-04 10:53:47.093 INFO  <mkdb.Checkpoint> ---------------- begin ----------------
2026-07-04 10:53:47.093 INFO  <mkdb.Checkpoint> marshalN=1/0
2026-07-04 10:53:47.093 INFO  <mkdb.Checkpoint> snapshot=0 marshal0=0
2026-07-04 10:53:47.093 INFO  <mkdb.Checkpoint> flush=0
2026-07-04 10:53:47.093 INFO  <mkdb.Checkpoint> ----------------- end -----------------
2026-07-04 10:54:47.146 INFO  <mkdb.Checkpoint> ---------------- begin ----------------
2026-07-04 10:54:47.147 INFO  <mkdb.Checkpoint> marshalN=1/0
2026-07-04 10:54:47.147 INFO  <mkdb.Checkpoint> snapshot=0 marshal0=0
2026-07-04 10:54:47.147 INFO  <mkdb.Checkpoint> flush=0
2026-07-04 10:54:47.147 INFO  <mkdb.Checkpoint> ----------------- end -----------------
2026-07-04 10:55:47.200 INFO  <mkdb.Checkpoint> ---------------- begin ----------------
2026-07-04 10:55:47.200 INFO  <mkdb.Checkpoint> marshalN=1/0
2026-07-04 10:55:47.200 INFO  <mkdb.Checkpoint> snapshot=0 marshal0=0
2026-07-04 10:55:47.200 INFO  <mkdb.Checkpoint> flush=0
2026-07-04 10:55:47.200 INFO  <mkdb.Checkpoint> ----------------- end -----------------
2026-07-04 10:56:47.251 INFO  <mkdb.Checkpoint> ---------------- begin ----------------
2026-07-04 10:56:47.251 INFO  <mkdb.Checkpoint> marshalN=1/0
2026-07-04 10:56:47.251 INFO  <mkdb.Checkpoint> snapshot=0 marshal0=0
2026-07-04 10:56:47.251 INFO  <mkdb.Checkpoint> flush=0
2026-07-04 10:56:47.251 INFO  <mkdb.Checkpoint> ----------------- end -----------------
2026-07-04 10:57:47.304 INFO  <mkdb.Checkpoint> ---------------- begin ----------------
2026-07-04 10:57:47.304 INFO  <mkdb.Checkpoint> marshalN=1/0
2026-07-04 10:57:47.305 INFO  <mkdb.Checkpoint> snapshot=0 marshal0=0
2026-07-04 10:57:47.305 INFO  <mkdb.Checkpoint> flush=0
2026-07-04 10:57:47.305 INFO  <mkdb.Checkpoint> ----------------- end -----------------
2026-07-04 10:58:47.358 INFO  <mkdb.Checkpoint> ---------------- begin ----------------
2026-07-04 10:58:47.358 INFO  <mkdb.Checkpoint> marshalN=1/0
2026-07-04 10:58:47.358 INFO  <mkdb.Checkpoint> snapshot=0 marshal0=0
2026-07-04 10:58:47.358 INFO  <mkdb.Checkpoint> flush=0
2026-07-04 10:58:47.358 INFO  <mkdb.Checkpoint> ----------------- end -----------------
2026-07-04 10:59:47.408 INFO  <mkdb.Checkpoint> ---------------- begin ----------------
2026-07-04 10:59:47.408 INFO  <mkdb.Checkpoint> marshalN=1/0
2026-07-04 10:59:47.408 INFO  <mkdb.Checkpoint> snapshot=0 marshal0=0
2026-07-04 10:59:47.408 INFO  <mkdb.Checkpoint> flush=0
2026-07-04 10:59:47.408 INFO  <mkdb.Checkpoint> ----------------- end -----------------
2026-07-04 11:00:47.460 INFO  <mkdb.Checkpoint> ---------------- begin ----------------
2026-07-04 11:00:47.460 INFO  <mkdb.Checkpoint> marshalN=1/0
2026-07-04 11:00:47.460 INFO  <mkdb.Checkpoint> snapshot=0 marshal0=0
2026-07-04 11:00:47.460 INFO  <mkdb.Checkpoint> flush=0
2026-07-04 11:00:47.460 INFO  <mkdb.Checkpoint> ----------------- end -----------------
2026-07-04 11:01:47.514 INFO  <mkdb.Checkpoint> ---------------- begin ----------------
2026-07-04 11:01:47.514 INFO  <mkdb.Checkpoint> marshalN=1/0
2026-07-04 11:01:47.514 INFO  <mkdb.Checkpoint> snapshot=0 marshal0=0
2026-07-04 11:01:47.514 INFO  <mkdb.Checkpoint> flush=0
2026-07-04 11:01:47.514 INFO  <mkdb.Checkpoint> ----------------- end -----------------
2026-07-04 11:02:47.566 INFO  <mkdb.Checkpoint> ---------------- begin ----------------
2026-07-04 11:02:47.566 INFO  <mkdb.Checkpoint> marshalN=1/0
2026-07-04 11:02:47.566 INFO  <mkdb.Checkpoint> snapshot=0 marshal0=0
2026-07-04 11:02:47.566 INFO  <mkdb.Checkpoint> flush=0
2026-07-04 11:02:47.566 INFO  <mkdb.Checkpoint> ----------------- end -----------------
2026-07-04 11:03:47.619 INFO  <mkdb.Checkpoint> ---------------- begin ----------------
2026-07-04 11:03:47.619 INFO  <mkdb.Checkpoint> marshalN=1/0
2026-07-04 11:03:47.619 INFO  <mkdb.Checkpoint> snapshot=0 marshal0=0
2026-07-04 11:03:47.619 INFO  <mkdb.Checkpoint> flush=0
2026-07-04 11:03:47.619 INFO  <mkdb.Checkpoint> ----------------- end -----------------
2026-07-04 11:04:47.670 INFO  <mkdb.Checkpoint> ---------------- begin ----------------
2026-07-04 11:04:47.670 INFO  <mkdb.Checkpoint> marshalN=1/0
2026-07-04 11:04:47.670 INFO  <mkdb.Checkpoint> snapshot=0 marshal0=0
2026-07-04 11:04:47.670 INFO  <mkdb.Checkpoint> flush=0
2026-07-04 11:04:47.670 INFO  <mkdb.Checkpoint> ----------------- end -----------------
2026-07-04 11:05:47.720 INFO  <mkdb.Checkpoint> ---------------- begin ----------------
2026-07-04 11:05:47.720 INFO  <mkdb.Checkpoint> marshalN=1/0
2026-07-04 11:05:47.720 INFO  <mkdb.Checkpoint> snapshot=0 marshal0=0
2026-07-04 11:05:47.721 INFO  <mkdb.Checkpoint> flush=0
2026-07-04 11:05:47.721 INFO  <mkdb.Checkpoint> ----------------- end -----------------
2026-07-04 11:06:47.776 INFO  <mkdb.Checkpoint> ---------------- begin ----------------
2026-07-04 11:06:47.777 INFO  <mkdb.Checkpoint> marshalN=1/0
2026-07-04 11:06:47.777 INFO  <mkdb.Checkpoint> snapshot=0 marshal0=0
2026-07-04 11:06:47.777 INFO  <mkdb.Checkpoint> flush=0
2026-07-04 11:06:47.777 INFO  <mkdb.Checkpoint> ----------------- end -----------------
2026-07-04 11:07:47.831 INFO  <mkdb.Checkpoint> ---------------- begin ----------------
2026-07-04 11:07:47.831 INFO  <mkdb.Checkpoint> marshalN=1/0
2026-07-04 11:07:47.831 INFO  <mkdb.Checkpoint> snapshot=0 marshal0=0
2026-07-04 11:07:47.831 INFO  <mkdb.Checkpoint> flush=0
2026-07-04 11:07:47.831 INFO  <mkdb.Checkpoint> ----------------- end -----------------
2026-07-04 11:08:47.886 INFO  <mkdb.Checkpoint> ---------------- begin ----------------
2026-07-04 11:08:47.886 INFO  <mkdb.Checkpoint> marshalN=1/0
2026-07-04 11:08:47.886 INFO  <mkdb.Checkpoint> snapshot=0 marshal0=0
2026-07-04 11:08:47.886 INFO  <mkdb.Checkpoint> flush=0
2026-07-04 11:08:47.886 INFO  <mkdb.Checkpoint> ----------------- end -----------------
2026-07-04 11:09:47.939 INFO  <mkdb.Checkpoint> ---------------- begin ----------------
2026-07-04 11:09:47.939 INFO  <mkdb.Checkpoint> marshalN=1/0
2026-07-04 11:09:47.939 INFO  <mkdb.Checkpoint> snapshot=0 marshal0=0
2026-07-04 11:09:47.939 INFO  <mkdb.Checkpoint> flush=0
2026-07-04 11:09:47.939 INFO  <mkdb.Checkpoint> ----------------- end -----------------
2026-07-04 11:10:47.990 INFO  <mkdb.Checkpoint> ---------------- begin ----------------
2026-07-04 11:10:47.990 INFO  <mkdb.Checkpoint> marshalN=1/0
2026-07-04 11:10:47.990 INFO  <mkdb.Checkpoint> snapshot=0 marshal0=0
2026-07-04 11:10:47.990 INFO  <mkdb.Checkpoint> flush=0
2026-07-04 11:10:47.991 INFO  <mkdb.Checkpoint> ----------------- end -----------------
2026-07-04 11:11:48.045 INFO  <mkdb.Checkpoint> ---------------- begin ----------------
2026-07-04 11:11:48.046 INFO  <mkdb.Checkpoint> marshalN=1/0
2026-07-04 11:11:48.046 INFO  <mkdb.Checkpoint> snapshot=0 marshal0=0
2026-07-04 11:11:48.046 INFO  <mkdb.Checkpoint> flush=0
2026-07-04 11:11:48.046 INFO  <mkdb.Checkpoint> ----------------- end -----------------
2026-07-04 11:12:48.099 INFO  <mkdb.Checkpoint> ---------------- begin ----------------
2026-07-04 11:12:48.099 INFO  <mkdb.Checkpoint> marshalN=1/0
2026-07-04 11:12:48.099 INFO  <mkdb.Checkpoint> snapshot=0 marshal0=0
2026-07-04 11:12:48.099 INFO  <mkdb.Checkpoint> flush=0
2026-07-04 11:12:48.099 INFO  <mkdb.Checkpoint> ----------------- end -----------------
2026-07-04 11:13:48.153 INFO  <mkdb.Checkpoint> ---------------- begin ----------------
2026-07-04 11:13:48.153 INFO  <mkdb.Checkpoint> marshalN=1/0
2026-07-04 11:13:48.153 INFO  <mkdb.Checkpoint> snapshot=0 marshal0=0
2026-07-04 11:13:48.153 INFO  <mkdb.Checkpoint> flush=0
2026-07-04 11:13:48.153 INFO  <mkdb.Checkpoint> ----------------- end -----------------
2026-07-04 11:14:48.208 INFO  <mkdb.Checkpoint> ---------------- begin ----------------
2026-07-04 11:14:48.208 INFO  <mkdb.Checkpoint> marshalN=1/0
2026-07-04 11:14:48.208 INFO  <mkdb.Checkpoint> snapshot=0 marshal0=0
2026-07-04 11:14:48.208 INFO  <mkdb.Checkpoint> flush=0
2026-07-04 11:14:48.208 INFO  <mkdb.Checkpoint> ----------------- end -----------------
2026-07-04 11:15:48.263 INFO  <mkdb.Checkpoint> ---------------- begin ----------------
2026-07-04 11:15:48.263 INFO  <mkdb.Checkpoint> marshalN=1/0
2026-07-04 11:15:48.263 INFO  <mkdb.Checkpoint> snapshot=0 marshal0=0
2026-07-04 11:15:48.263 INFO  <mkdb.Checkpoint> flush=0
2026-07-04 11:15:48.263 INFO  <mkdb.Checkpoint> ----------------- end -----------------
2026-07-04 11:16:48.314 INFO  <mkdb.Checkpoint> ---------------- begin ----------------
2026-07-04 11:16:48.314 INFO  <mkdb.Checkpoint> marshalN=1/0
2026-07-04 11:16:48.314 INFO  <mkdb.Checkpoint> snapshot=0 marshal0=0
2026-07-04 11:16:48.314 INFO  <mkdb.Checkpoint> flush=0
2026-07-04 11:16:48.314 INFO  <mkdb.Checkpoint> ----------------- end -----------------
2026-07-04 11:17:48.365 INFO  <mkdb.Checkpoint> ---------------- begin ----------------
2026-07-04 11:17:48.365 INFO  <mkdb.Checkpoint> marshalN=1/0
2026-07-04 11:17:48.365 INFO  <mkdb.Checkpoint> snapshot=0 marshal0=0
2026-07-04 11:17:48.365 INFO  <mkdb.Checkpoint> flush=0
2026-07-04 11:17:48.365 INFO  <mkdb.Checkpoint> ----------------- end -----------------
2026-07-04 11:18:48.413 INFO  <mkdb.Checkpoint> ---------------- begin ----------------
2026-07-04 11:18:48.413 INFO  <mkdb.Checkpoint> marshalN=1/0
2026-07-04 11:18:48.413 INFO  <mkdb.Checkpoint> snapshot=0 marshal0=0
2026-07-04 11:18:48.413 INFO  <mkdb.Checkpoint> flush=0
2026-07-04 11:18:48.413 INFO  <mkdb.Checkpoint> ----------------- end -----------------
2026-07-04 11:19:48.464 INFO  <mkdb.Checkpoint> ---------------- begin ----------------
2026-07-04 11:19:48.464 INFO  <mkdb.Checkpoint> marshalN=1/0
2026-07-04 11:19:48.464 INFO  <mkdb.Checkpoint> snapshot=0 marshal0=0
2026-07-04 11:19:48.464 INFO  <mkdb.Checkpoint> flush=0
2026-07-04 11:19:48.464 INFO  <mkdb.Checkpoint> ----------------- end -----------------
2026-07-04 11:20:48.534 INFO  <mkdb.Checkpoint> ---------------- begin ----------------
2026-07-04 11:20:48.534 INFO  <mkdb.Checkpoint> marshalN=1/0
2026-07-04 11:20:48.534 INFO  <mkdb.Checkpoint> snapshot=0 marshal0=0
2026-07-04 11:20:48.534 INFO  <mkdb.Checkpoint> flush=0
2026-07-04 11:20:48.534 INFO  <mkdb.Checkpoint> ----------------- end -----------------
2026-07-04 11:21:06.048 WARN  <mkdb.Backup> backup FULL begin
2026-07-04 11:21:06.048 WARN  <mkdb.Backup> backup FULL end
2026-07-04 11:21:48.583 INFO  <mkdb.Checkpoint> ---------------- begin ----------------
2026-07-04 11:21:48.583 INFO  <mkdb.Checkpoint> marshalN=1/0
2026-07-04 11:21:48.583 INFO  <mkdb.Checkpoint> snapshot=0 marshal0=0
2026-07-04 11:21:48.583 INFO  <mkdb.Checkpoint> flush=0
2026-07-04 11:21:48.583 INFO  <mkdb.Checkpoint> ----------------- end -----------------
2026-07-04 11:22:48.633 INFO  <mkdb.Checkpoint> ---------------- begin ----------------
2026-07-04 11:22:48.633 INFO  <mkdb.Checkpoint> marshalN=1/0
2026-07-04 11:22:48.633 INFO  <mkdb.Checkpoint> snapshot=0 marshal0=0
2026-07-04 11:22:48.633 INFO  <mkdb.Checkpoint> flush=0
2026-07-04 11:22:48.633 INFO  <mkdb.Checkpoint> ----------------- end -----------------
2026-07-04 11:23:48.685 INFO  <mkdb.Checkpoint> ---------------- begin ----------------
2026-07-04 11:23:48.685 INFO  <mkdb.Checkpoint> marshalN=1/0
2026-07-04 11:23:48.685 INFO  <mkdb.Checkpoint> snapshot=0 marshal0=0
2026-07-04 11:23:48.685 INFO  <mkdb.Checkpoint> flush=0
2026-07-04 11:23:48.685 INFO  <mkdb.Checkpoint> ----------------- end -----------------
2026-07-04 11:24:48.735 INFO  <mkdb.Checkpoint> ---------------- begin ----------------
2026-07-04 11:24:48.735 INFO  <mkdb.Checkpoint> marshalN=1/0
2026-07-04 11:24:48.735 INFO  <mkdb.Checkpoint> snapshot=0 marshal0=0
2026-07-04 11:24:48.735 INFO  <mkdb.Checkpoint> flush=0
2026-07-04 11:24:48.735 INFO  <mkdb.Checkpoint> ----------------- end -----------------
2026-07-04 11:25:48.788 INFO  <mkdb.Checkpoint> ---------------- begin ----------------
2026-07-04 11:25:48.788 INFO  <mkdb.Checkpoint> marshalN=1/0
2026-07-04 11:25:48.788 INFO  <mkdb.Checkpoint> snapshot=0 marshal0=0
2026-07-04 11:25:48.788 INFO  <mkdb.Checkpoint> flush=0
2026-07-04 11:25:48.788 INFO  <mkdb.Checkpoint> ----------------- end -----------------
2026-07-04 11:26:48.841 INFO  <mkdb.Checkpoint> ---------------- begin ----------------
2026-07-04 11:26:48.841 INFO  <mkdb.Checkpoint> marshalN=1/0
2026-07-04 11:26:48.841 INFO  <mkdb.Checkpoint> snapshot=0 marshal0=0
2026-07-04 11:26:48.841 INFO  <mkdb.Checkpoint> flush=0
2026-07-04 11:26:48.841 INFO  <mkdb.Checkpoint> ----------------- end -----------------
2026-07-04 11:27:48.894 INFO  <mkdb.Checkpoint> ---------------- begin ----------------
2026-07-04 11:27:48.894 INFO  <mkdb.Checkpoint> marshalN=1/0
2026-07-04 11:27:48.894 INFO  <mkdb.Checkpoint> snapshot=0 marshal0=0
2026-07-04 11:27:48.894 INFO  <mkdb.Checkpoint> flush=0
2026-07-04 11:27:48.894 INFO  <mkdb.Checkpoint> ----------------- end -----------------
2026-07-04 11:28:48.945 INFO  <mkdb.Checkpoint> ---------------- begin ----------------
2026-07-04 11:28:48.945 INFO  <mkdb.Checkpoint> marshalN=1/0
2026-07-04 11:28:48.945 INFO  <mkdb.Checkpoint> snapshot=0 marshal0=0
2026-07-04 11:28:48.945 INFO  <mkdb.Checkpoint> flush=0
2026-07-04 11:28:48.945 INFO  <mkdb.Checkpoint> ----------------- end -----------------
2026-07-04 11:29:48.995 INFO  <mkdb.Checkpoint> ---------------- begin ----------------
2026-07-04 11:29:48.996 INFO  <mkdb.Checkpoint> marshalN=1/0
2026-07-04 11:29:48.996 INFO  <mkdb.Checkpoint> snapshot=0 marshal0=0
2026-07-04 11:29:48.996 INFO  <mkdb.Checkpoint> flush=0
2026-07-04 11:29:48.996 INFO  <mkdb.Checkpoint> ----------------- end -----------------
2026-07-04 11:30:49.049 INFO  <mkdb.Checkpoint> ---------------- begin ----------------
2026-07-04 11:30:49.049 INFO  <mkdb.Checkpoint> marshalN=1/0
2026-07-04 11:30:49.049 INFO  <mkdb.Checkpoint> snapshot=0 marshal0=0
2026-07-04 11:30:49.049 INFO  <mkdb.Checkpoint> flush=0
2026-07-04 11:30:49.049 INFO  <mkdb.Checkpoint> ----------------- end -----------------
2026-07-04 11:31:49.101 INFO  <mkdb.Checkpoint> ---------------- begin ----------------
2026-07-04 11:31:49.101 INFO  <mkdb.Checkpoint> marshalN=1/0
2026-07-04 11:31:49.101 INFO  <mkdb.Checkpoint> snapshot=0 marshal0=0
2026-07-04 11:31:49.101 INFO  <mkdb.Checkpoint> flush=0
2026-07-04 11:31:49.101 INFO  <mkdb.Checkpoint> ----------------- end -----------------
2026-07-04 11:32:49.156 INFO  <mkdb.Checkpoint> ---------------- begin ----------------
2026-07-04 11:32:49.156 INFO  <mkdb.Checkpoint> marshalN=1/0
2026-07-04 11:32:49.156 INFO  <mkdb.Checkpoint> snapshot=0 marshal0=0
2026-07-04 11:32:49.156 INFO  <mkdb.Checkpoint> flush=0
2026-07-04 11:32:49.156 INFO  <mkdb.Checkpoint> ----------------- end -----------------
2026-07-04 11:33:49.207 INFO  <mkdb.Checkpoint> ---------------- begin ----------------
2026-07-04 11:33:49.207 INFO  <mkdb.Checkpoint> marshalN=1/0
2026-07-04 11:33:49.207 INFO  <mkdb.Checkpoint> snapshot=0 marshal0=0
2026-07-04 11:33:49.207 INFO  <mkdb.Checkpoint> flush=0
2026-07-04 11:33:49.207 INFO  <mkdb.Checkpoint> ----------------- end -----------------
2026-07-04 11:34:49.260 INFO  <mkdb.Checkpoint> ---------------- begin ----------------
2026-07-04 11:34:49.260 INFO  <mkdb.Checkpoint> marshalN=1/0
2026-07-04 11:34:49.260 INFO  <mkdb.Checkpoint> snapshot=0 marshal0=0
2026-07-04 11:34:49.260 INFO  <mkdb.Checkpoint> flush=0
2026-07-04 11:34:49.260 INFO  <mkdb.Checkpoint> ----------------- end -----------------
2026-07-04 11:35:49.313 INFO  <mkdb.Checkpoint> ---------------- begin ----------------
2026-07-04 11:35:49.313 INFO  <mkdb.Checkpoint> marshalN=1/0
2026-07-04 11:35:49.313 INFO  <mkdb.Checkpoint> snapshot=0 marshal0=0
2026-07-04 11:35:49.313 INFO  <mkdb.Checkpoint> flush=0
2026-07-04 11:35:49.313 INFO  <mkdb.Checkpoint> ----------------- end -----------------
2026-07-04 11:36:49.364 INFO  <mkdb.Checkpoint> ---------------- begin ----------------
2026-07-04 11:36:49.364 INFO  <mkdb.Checkpoint> marshalN=1/0
2026-07-04 11:36:49.364 INFO  <mkdb.Checkpoint> snapshot=0 marshal0=0
2026-07-04 11:36:49.364 INFO  <mkdb.Checkpoint> flush=0
2026-07-04 11:36:49.364 INFO  <mkdb.Checkpoint> ----------------- end -----------------
2026-07-04 11:37:49.431 INFO  <mkdb.Checkpoint> ---------------- begin ----------------
2026-07-04 11:37:49.431 INFO  <mkdb.Checkpoint> marshalN=1/0
2026-07-04 11:37:49.431 INFO  <mkdb.Checkpoint> snapshot=0 marshal0=0
2026-07-04 11:37:49.431 INFO  <mkdb.Checkpoint> flush=0
2026-07-04 11:37:49.431 INFO  <mkdb.Checkpoint> ----------------- end -----------------
2026-07-04 11:38:49.483 INFO  <mkdb.Checkpoint> ---------------- begin ----------------
2026-07-04 11:38:49.483 INFO  <mkdb.Checkpoint> marshalN=1/0
2026-07-04 11:38:49.483 INFO  <mkdb.Checkpoint> snapshot=0 marshal0=0
2026-07-04 11:38:49.483 INFO  <mkdb.Checkpoint> flush=0
2026-07-04 11:38:49.483 INFO  <mkdb.Checkpoint> ----------------- end -----------------
2026-07-04 11:39:49.537 INFO  <mkdb.Checkpoint> ---------------- begin ----------------
2026-07-04 11:39:49.537 INFO  <mkdb.Checkpoint> marshalN=1/0
2026-07-04 11:39:49.537 INFO  <mkdb.Checkpoint> snapshot=0 marshal0=0
2026-07-04 11:39:49.537 INFO  <mkdb.Checkpoint> flush=0
2026-07-04 11:39:49.537 INFO  <mkdb.Checkpoint> ----------------- end -----------------
2026-07-04 11:40:49.589 INFO  <mkdb.Checkpoint> ---------------- begin ----------------
2026-07-04 11:40:49.589 INFO  <mkdb.Checkpoint> marshalN=1/0
2026-07-04 11:40:49.589 INFO  <mkdb.Checkpoint> snapshot=0 marshal0=0
2026-07-04 11:40:49.589 INFO  <mkdb.Checkpoint> flush=0
2026-07-04 11:40:49.589 INFO  <mkdb.Checkpoint> ----------------- end -----------------
2026-07-04 11:41:49.642 INFO  <mkdb.Checkpoint> ---------------- begin ----------------
2026-07-04 11:41:49.642 INFO  <mkdb.Checkpoint> marshalN=1/0
2026-07-04 11:41:49.642 INFO  <mkdb.Checkpoint> snapshot=0 marshal0=0
2026-07-04 11:41:49.642 INFO  <mkdb.Checkpoint> flush=0
2026-07-04 11:41:49.642 INFO  <mkdb.Checkpoint> ----------------- end -----------------
2026-07-04 11:42:49.693 INFO  <mkdb.Checkpoint> ---------------- begin ----------------
2026-07-04 11:42:49.693 INFO  <mkdb.Checkpoint> marshalN=1/0
2026-07-04 11:42:49.693 INFO  <mkdb.Checkpoint> snapshot=0 marshal0=0
2026-07-04 11:42:49.693 INFO  <mkdb.Checkpoint> flush=0
2026-07-04 11:42:49.693 INFO  <mkdb.Checkpoint> ----------------- end -----------------
2026-07-04 11:43:49.749 INFO  <mkdb.Checkpoint> ---------------- begin ----------------
2026-07-04 11:43:49.749 INFO  <mkdb.Checkpoint> marshalN=1/0
2026-07-04 11:43:49.749 INFO  <mkdb.Checkpoint> snapshot=0 marshal0=0
2026-07-04 11:43:49.749 INFO  <mkdb.Checkpoint> flush=0
2026-07-04 11:43:49.749 INFO  <mkdb.Checkpoint> ----------------- end -----------------
2026-07-04 11:44:49.806 INFO  <mkdb.Checkpoint> ---------------- begin ----------------
2026-07-04 11:44:49.806 INFO  <mkdb.Checkpoint> marshalN=1/0
2026-07-04 11:44:49.806 INFO  <mkdb.Checkpoint> snapshot=0 marshal0=0
2026-07-04 11:44:49.806 INFO  <mkdb.Checkpoint> flush=0
2026-07-04 11:44:49.806 INFO  <mkdb.Checkpoint> ----------------- end -----------------
2026-07-04 11:45:49.865 INFO  <mkdb.Checkpoint> ---------------- begin ----------------
2026-07-04 11:45:49.865 INFO  <mkdb.Checkpoint> marshalN=1/0
2026-07-04 11:45:49.865 INFO  <mkdb.Checkpoint> snapshot=0 marshal0=0
2026-07-04 11:45:49.865 INFO  <mkdb.Checkpoint> flush=0
2026-07-04 11:45:49.865 INFO  <mkdb.Checkpoint> ----------------- end -----------------
2026-07-04 11:46:49.924 INFO  <mkdb.Checkpoint> ---------------- begin ----------------
2026-07-04 11:46:49.925 INFO  <mkdb.Checkpoint> marshalN=1/0
2026-07-04 11:46:49.925 INFO  <mkdb.Checkpoint> snapshot=0 marshal0=0
2026-07-04 11:46:49.925 INFO  <mkdb.Checkpoint> flush=0
2026-07-04 11:46:49.925 INFO  <mkdb.Checkpoint> ----------------- end -----------------
2026-07-04 11:47:49.980 INFO  <mkdb.Checkpoint> ---------------- begin ----------------
2026-07-04 11:47:49.980 INFO  <mkdb.Checkpoint> marshalN=1/0
2026-07-04 11:47:49.980 INFO  <mkdb.Checkpoint> snapshot=0 marshal0=0
2026-07-04 11:47:49.980 INFO  <mkdb.Checkpoint> flush=0
2026-07-04 11:47:49.980 INFO  <mkdb.Checkpoint> ----------------- end -----------------
2026-07-04 11:48:50.032 INFO  <mkdb.Checkpoint> ---------------- begin ----------------
2026-07-04 11:48:50.032 INFO  <mkdb.Checkpoint> marshalN=1/0
2026-07-04 11:48:50.032 INFO  <mkdb.Checkpoint> snapshot=0 marshal0=0
2026-07-04 11:48:50.032 INFO  <mkdb.Checkpoint> flush=0
2026-07-04 11:48:50.032 INFO  <mkdb.Checkpoint> ----------------- end -----------------
2026-07-04 11:49:50.089 INFO  <mkdb.Checkpoint> ---------------- begin ----------------
2026-07-04 11:49:50.089 INFO  <mkdb.Checkpoint> marshalN=1/0
2026-07-04 11:49:50.090 INFO  <mkdb.Checkpoint> snapshot=0 marshal0=0
2026-07-04 11:49:50.090 INFO  <mkdb.Checkpoint> flush=0
2026-07-04 11:49:50.090 INFO  <mkdb.Checkpoint> ----------------- end -----------------
2026-07-04 11:50:50.147 INFO  <mkdb.Checkpoint> ---------------- begin ----------------
2026-07-04 11:50:50.148 INFO  <mkdb.Checkpoint> marshalN=1/0
2026-07-04 11:50:50.148 INFO  <mkdb.Checkpoint> snapshot=0 marshal0=0
2026-07-04 11:50:50.148 INFO  <mkdb.Checkpoint> flush=0
2026-07-04 11:50:50.148 INFO  <mkdb.Checkpoint> ----------------- end -----------------
2026-07-04 11:51:50.206 INFO  <mkdb.Checkpoint> ---------------- begin ----------------
2026-07-04 11:51:50.206 INFO  <mkdb.Checkpoint> marshalN=1/0
2026-07-04 11:51:50.206 INFO  <mkdb.Checkpoint> snapshot=0 marshal0=0
2026-07-04 11:51:50.206 INFO  <mkdb.Checkpoint> flush=0
2026-07-04 11:51:50.206 INFO  <mkdb.Checkpoint> ----------------- end -----------------
2026-07-04 11:52:50.266 INFO  <mkdb.Checkpoint> ---------------- begin ----------------
2026-07-04 11:52:50.266 INFO  <mkdb.Checkpoint> marshalN=1/0
2026-07-04 11:52:50.266 INFO  <mkdb.Checkpoint> snapshot=0 marshal0=0
2026-07-04 11:52:50.266 INFO  <mkdb.Checkpoint> flush=0
2026-07-04 11:52:50.266 INFO  <mkdb.Checkpoint> ----------------- end -----------------
2026-07-04 11:53:50.320 INFO  <mkdb.Checkpoint> ---------------- begin ----------------
2026-07-04 11:53:50.320 INFO  <mkdb.Checkpoint> marshalN=1/0
2026-07-04 11:53:50.320 INFO  <mkdb.Checkpoint> snapshot=0 marshal0=0
2026-07-04 11:53:50.320 INFO  <mkdb.Checkpoint> flush=0
2026-07-04 11:53:50.320 INFO  <mkdb.Checkpoint> ----------------- end -----------------
2026-07-04 11:54:50.372 INFO  <mkdb.Checkpoint> ---------------- begin ----------------
2026-07-04 11:54:50.372 INFO  <mkdb.Checkpoint> marshalN=1/0
2026-07-04 11:54:50.372 INFO  <mkdb.Checkpoint> snapshot=0 marshal0=0
2026-07-04 11:54:50.372 INFO  <mkdb.Checkpoint> flush=0
2026-07-04 11:54:50.372 INFO  <mkdb.Checkpoint> ----------------- end -----------------
2026-07-04 11:55:50.425 INFO  <mkdb.Checkpoint> ---------------- begin ----------------
2026-07-04 11:55:50.425 INFO  <mkdb.Checkpoint> marshalN=1/0
2026-07-04 11:55:50.425 INFO  <mkdb.Checkpoint> snapshot=0 marshal0=0
2026-07-04 11:55:50.425 INFO  <mkdb.Checkpoint> flush=0
2026-07-04 11:55:50.425 INFO  <mkdb.Checkpoint> ----------------- end -----------------
2026-07-04 11:56:50.479 INFO  <mkdb.Checkpoint> ---------------- begin ----------------
2026-07-04 11:56:50.479 INFO  <mkdb.Checkpoint> marshalN=1/0
2026-07-04 11:56:50.479 INFO  <mkdb.Checkpoint> snapshot=0 marshal0=0
2026-07-04 11:56:50.479 INFO  <mkdb.Checkpoint> flush=0
2026-07-04 11:56:50.479 INFO  <mkdb.Checkpoint> ----------------- end -----------------
2026-07-04 11:57:50.531 INFO  <mkdb.Checkpoint> ---------------- begin ----------------
2026-07-04 11:57:50.531 INFO  <mkdb.Checkpoint> marshalN=1/0
2026-07-04 11:57:50.531 INFO  <mkdb.Checkpoint> snapshot=0 marshal0=0
2026-07-04 11:57:50.531 INFO  <mkdb.Checkpoint> flush=0
2026-07-04 11:57:50.531 INFO  <mkdb.Checkpoint> ----------------- end -----------------
2026-07-04 11:58:50.586 INFO  <mkdb.Checkpoint> ---------------- begin ----------------
2026-07-04 11:58:50.586 INFO  <mkdb.Checkpoint> marshalN=1/0
2026-07-04 11:58:50.586 INFO  <mkdb.Checkpoint> snapshot=0 marshal0=0
2026-07-04 11:58:50.586 INFO  <mkdb.Checkpoint> flush=0
2026-07-04 11:58:50.586 INFO  <mkdb.Checkpoint> ----------------- end -----------------
2026-07-04 11:59:50.643 INFO  <mkdb.Checkpoint> ---------------- begin ----------------
2026-07-04 11:59:50.643 INFO  <mkdb.Checkpoint> marshalN=1/0
2026-07-04 11:59:50.643 INFO  <mkdb.Checkpoint> snapshot=0 marshal0=0
2026-07-04 11:59:50.643 INFO  <mkdb.Checkpoint> flush=0
2026-07-04 11:59:50.643 INFO  <mkdb.Checkpoint> ----------------- end -----------------
2026-07-04 12:00:50.697 INFO  <mkdb.Checkpoint> ---------------- begin ----------------
2026-07-04 12:00:50.697 INFO  <mkdb.Checkpoint> marshalN=1/0
2026-07-04 12:00:50.697 INFO  <mkdb.Checkpoint> snapshot=0 marshal0=0
2026-07-04 12:00:50.697 INFO  <mkdb.Checkpoint> flush=0
2026-07-04 12:00:50.697 INFO  <mkdb.Checkpoint> ----------------- end -----------------
2026-07-04 12:01:50.747 INFO  <mkdb.Checkpoint> ---------------- begin ----------------
2026-07-04 12:01:50.747 INFO  <mkdb.Checkpoint> marshalN=1/0
2026-07-04 12:01:50.747 INFO  <mkdb.Checkpoint> snapshot=0 marshal0=0
2026-07-04 12:01:50.747 INFO  <mkdb.Checkpoint> flush=0
2026-07-04 12:01:50.747 INFO  <mkdb.Checkpoint> ----------------- end -----------------
2026-07-04 12:02:50.800 INFO  <mkdb.Checkpoint> ---------------- begin ----------------
2026-07-04 12:02:50.800 INFO  <mkdb.Checkpoint> marshalN=1/0
2026-07-04 12:02:50.800 INFO  <mkdb.Checkpoint> snapshot=0 marshal0=0
2026-07-04 12:02:50.800 INFO  <mkdb.Checkpoint> flush=0
2026-07-04 12:02:50.800 INFO  <mkdb.Checkpoint> ----------------- end -----------------
2026-07-04 12:03:50.852 INFO  <mkdb.Checkpoint> ---------------- begin ----------------
2026-07-04 12:03:50.852 INFO  <mkdb.Checkpoint> marshalN=1/0
2026-07-04 12:03:50.852 INFO  <mkdb.Checkpoint> snapshot=0 marshal0=0
2026-07-04 12:03:50.852 INFO  <mkdb.Checkpoint> flush=0
2026-07-04 12:03:50.852 INFO  <mkdb.Checkpoint> ----------------- end -----------------
2026-07-04 12:04:50.905 INFO  <mkdb.Checkpoint> ---------------- begin ----------------
2026-07-04 12:04:50.905 INFO  <mkdb.Checkpoint> marshalN=1/0
2026-07-04 12:04:50.905 INFO  <mkdb.Checkpoint> snapshot=0 marshal0=0
2026-07-04 12:04:50.905 INFO  <mkdb.Checkpoint> flush=0
2026-07-04 12:04:50.905 INFO  <mkdb.Checkpoint> ----------------- end -----------------
2026-07-04 12:05:50.955 INFO  <mkdb.Checkpoint> ---------------- begin ----------------
2026-07-04 12:05:50.955 INFO  <mkdb.Checkpoint> marshalN=1/0
2026-07-04 12:05:50.955 INFO  <mkdb.Checkpoint> snapshot=0 marshal0=0
2026-07-04 12:05:50.955 INFO  <mkdb.Checkpoint> flush=0
2026-07-04 12:05:50.955 INFO  <mkdb.Checkpoint> ----------------- end -----------------
2026-07-04 12:06:51.009 INFO  <mkdb.Checkpoint> ---------------- begin ----------------
2026-07-04 12:06:51.009 INFO  <mkdb.Checkpoint> marshalN=1/0
2026-07-04 12:06:51.009 INFO  <mkdb.Checkpoint> snapshot=0 marshal0=0
2026-07-04 12:06:51.009 INFO  <mkdb.Checkpoint> flush=0
2026-07-04 12:06:51.009 INFO  <mkdb.Checkpoint> ----------------- end -----------------
2026-07-04 12:07:51.060 INFO  <mkdb.Checkpoint> ---------------- begin ----------------
2026-07-04 12:07:51.060 INFO  <mkdb.Checkpoint> marshalN=1/0
2026-07-04 12:07:51.060 INFO  <mkdb.Checkpoint> snapshot=0 marshal0=0
2026-07-04 12:07:51.060 INFO  <mkdb.Checkpoint> flush=0
2026-07-04 12:07:51.060 INFO  <mkdb.Checkpoint> ----------------- end -----------------
2026-07-04 12:08:51.112 INFO  <mkdb.Checkpoint> ---------------- begin ----------------
2026-07-04 12:08:51.112 INFO  <mkdb.Checkpoint> marshalN=1/0
2026-07-04 12:08:51.112 INFO  <mkdb.Checkpoint> snapshot=0 marshal0=0
2026-07-04 12:08:51.113 INFO  <mkdb.Checkpoint> flush=0
2026-07-04 12:08:51.113 INFO  <mkdb.Checkpoint> ----------------- end -----------------
2026-07-04 12:09:51.163 INFO  <mkdb.Checkpoint> ---------------- begin ----------------
2026-07-04 12:09:51.163 INFO  <mkdb.Checkpoint> marshalN=1/0
2026-07-04 12:09:51.163 INFO  <mkdb.Checkpoint> snapshot=0 marshal0=0
2026-07-04 12:09:51.163 INFO  <mkdb.Checkpoint> flush=0
2026-07-04 12:09:51.163 INFO  <mkdb.Checkpoint> ----------------- end -----------------
2026-07-04 12:10:51.217 INFO  <mkdb.Checkpoint> ---------------- begin ----------------
2026-07-04 12:10:51.217 INFO  <mkdb.Checkpoint> marshalN=1/0
2026-07-04 12:10:51.217 INFO  <mkdb.Checkpoint> snapshot=0 marshal0=0
2026-07-04 12:10:51.217 INFO  <mkdb.Checkpoint> flush=0
2026-07-04 12:10:51.217 INFO  <mkdb.Checkpoint> ----------------- end -----------------
2026-07-04 12:11:51.270 INFO  <mkdb.Checkpoint> ---------------- begin ----------------
2026-07-04 12:11:51.270 INFO  <mkdb.Checkpoint> marshalN=1/0
2026-07-04 12:11:51.270 INFO  <mkdb.Checkpoint> snapshot=0 marshal0=0
2026-07-04 12:11:51.270 INFO  <mkdb.Checkpoint> flush=0
2026-07-04 12:11:51.270 INFO  <mkdb.Checkpoint> ----------------- end -----------------
2026-07-04 12:12:51.320 INFO  <mkdb.Checkpoint> ---------------- begin ----------------
2026-07-04 12:12:51.321 INFO  <mkdb.Checkpoint> marshalN=1/0
2026-07-04 12:12:51.321 INFO  <mkdb.Checkpoint> snapshot=0 marshal0=0
2026-07-04 12:12:51.321 INFO  <mkdb.Checkpoint> flush=0
2026-07-04 12:12:51.321 INFO  <mkdb.Checkpoint> ----------------- end -----------------
2026-07-04 12:13:51.373 INFO  <mkdb.Checkpoint> ---------------- begin ----------------
2026-07-04 12:13:51.373 INFO  <mkdb.Checkpoint> marshalN=1/0
2026-07-04 12:13:51.373 INFO  <mkdb.Checkpoint> snapshot=0 marshal0=0
2026-07-04 12:13:51.373 INFO  <mkdb.Checkpoint> flush=0
2026-07-04 12:13:51.373 INFO  <mkdb.Checkpoint> ----------------- end -----------------
2026-07-04 12:14:39.015 WARN  <mkdb.Backup> backup FULL begin
2026-07-04 12:14:39.016 WARN  <mkdb.Backup> backup FULL end
2026-07-04 12:14:51.426 INFO  <mkdb.Checkpoint> ---------------- begin ----------------
2026-07-04 12:14:51.426 INFO  <mkdb.Checkpoint> marshalN=1/0
2026-07-04 12:14:51.426 INFO  <mkdb.Checkpoint> snapshot=0 marshal0=0
2026-07-04 12:14:51.426 INFO  <mkdb.Checkpoint> flush=0
2026-07-04 12:14:51.426 INFO  <mkdb.Checkpoint> ----------------- end -----------------
2026-07-04 12:15:51.479 INFO  <mkdb.Checkpoint> ---------------- begin ----------------
2026-07-04 12:15:51.479 INFO  <mkdb.Checkpoint> marshalN=1/0
2026-07-04 12:15:51.479 INFO  <mkdb.Checkpoint> snapshot=0 marshal0=0
2026-07-04 12:15:51.479 INFO  <mkdb.Checkpoint> flush=0
2026-07-04 12:15:51.479 INFO  <mkdb.Checkpoint> ----------------- end -----------------
2026-07-04 12:16:51.533 INFO  <mkdb.Checkpoint> ---------------- begin ----------------
2026-07-04 12:16:51.533 INFO  <mkdb.Checkpoint> marshalN=1/0
2026-07-04 12:16:51.533 INFO  <mkdb.Checkpoint> snapshot=0 marshal0=0
2026-07-04 12:16:51.533 INFO  <mkdb.Checkpoint> flush=0
2026-07-04 12:16:51.533 INFO  <mkdb.Checkpoint> ----------------- end -----------------
2026-07-04 12:17:51.584 INFO  <mkdb.Checkpoint> ---------------- begin ----------------
2026-07-04 12:17:51.584 INFO  <mkdb.Checkpoint> marshalN=1/0
2026-07-04 12:17:51.584 INFO  <mkdb.Checkpoint> snapshot=0 marshal0=0
2026-07-04 12:17:51.584 INFO  <mkdb.Checkpoint> flush=0
2026-07-04 12:17:51.584 INFO  <mkdb.Checkpoint> ----------------- end -----------------
2026-07-04 12:18:51.634 INFO  <mkdb.Checkpoint> ---------------- begin ----------------
2026-07-04 12:18:51.634 INFO  <mkdb.Checkpoint> marshalN=1/0
2026-07-04 12:18:51.634 INFO  <mkdb.Checkpoint> snapshot=0 marshal0=0
2026-07-04 12:18:51.634 INFO  <mkdb.Checkpoint> flush=0
2026-07-04 12:18:51.634 INFO  <mkdb.Checkpoint> ----------------- end -----------------
2026-07-04 12:19:51.683 INFO  <mkdb.Checkpoint> ---------------- begin ----------------
2026-07-04 12:19:51.683 INFO  <mkdb.Checkpoint> marshalN=1/0
2026-07-04 12:19:51.683 INFO  <mkdb.Checkpoint> snapshot=0 marshal0=0
2026-07-04 12:19:51.683 INFO  <mkdb.Checkpoint> flush=0
2026-07-04 12:19:51.683 INFO  <mkdb.Checkpoint> ----------------- end -----------------
2026-07-04 12:20:51.734 INFO  <mkdb.Checkpoint> ---------------- begin ----------------
2026-07-04 12:20:51.734 INFO  <mkdb.Checkpoint> marshalN=1/0
2026-07-04 12:20:51.734 INFO  <mkdb.Checkpoint> snapshot=0 marshal0=0
2026-07-04 12:20:51.734 INFO  <mkdb.Checkpoint> flush=0
2026-07-04 12:20:51.734 INFO  <mkdb.Checkpoint> ----------------- end -----------------
2026-07-04 12:21:51.788 INFO  <mkdb.Checkpoint> ---------------- begin ----------------
2026-07-04 12:21:51.788 INFO  <mkdb.Checkpoint> marshalN=1/0
2026-07-04 12:21:51.788 INFO  <mkdb.Checkpoint> snapshot=0 marshal0=0
2026-07-04 12:21:51.788 INFO  <mkdb.Checkpoint> flush=0
2026-07-04 12:21:51.788 INFO  <mkdb.Checkpoint> ----------------- end -----------------
2026-07-04 12:22:51.840 INFO  <mkdb.Checkpoint> ---------------- begin ----------------
2026-07-04 12:22:51.840 INFO  <mkdb.Checkpoint> marshalN=1/0
2026-07-04 12:22:51.840 INFO  <mkdb.Checkpoint> snapshot=0 marshal0=0
2026-07-04 12:22:51.840 INFO  <mkdb.Checkpoint> flush=0
2026-07-04 12:22:51.840 INFO  <mkdb.Checkpoint> ----------------- end -----------------
2026-07-04 12:23:51.895 INFO  <mkdb.Checkpoint> ---------------- begin ----------------
2026-07-04 12:23:51.895 INFO  <mkdb.Checkpoint> marshalN=1/0
2026-07-04 12:23:51.895 INFO  <mkdb.Checkpoint> snapshot=0 marshal0=0
2026-07-04 12:23:51.895 INFO  <mkdb.Checkpoint> flush=0
2026-07-04 12:23:51.895 INFO  <mkdb.Checkpoint> ----------------- end -----------------
2026-07-04 12:24:51.948 INFO  <mkdb.Checkpoint> ---------------- begin ----------------
2026-07-04 12:24:51.948 INFO  <mkdb.Checkpoint> marshalN=1/0
2026-07-04 12:24:51.948 INFO  <mkdb.Checkpoint> snapshot=0 marshal0=0
2026-07-04 12:24:51.948 INFO  <mkdb.Checkpoint> flush=0
2026-07-04 12:24:51.948 INFO  <mkdb.Checkpoint> ----------------- end -----------------
2026-07-04 12:25:52.001 INFO  <mkdb.Checkpoint> ---------------- begin ----------------
2026-07-04 12:25:52.001 INFO  <mkdb.Checkpoint> marshalN=1/0
2026-07-04 12:25:52.001 INFO  <mkdb.Checkpoint> snapshot=0 marshal0=0
2026-07-04 12:25:52.001 INFO  <mkdb.Checkpoint> flush=0
2026-07-04 12:25:52.001 INFO  <mkdb.Checkpoint> ----------------- end -----------------
2026-07-04 12:26:52.069 INFO  <mkdb.Checkpoint> ---------------- begin ----------------
2026-07-04 12:26:52.069 INFO  <mkdb.Checkpoint> marshalN=1/0
2026-07-04 12:26:52.069 INFO  <mkdb.Checkpoint> snapshot=0 marshal0=0
2026-07-04 12:26:52.069 INFO  <mkdb.Checkpoint> flush=0
2026-07-04 12:26:52.069 INFO  <mkdb.Checkpoint> ----------------- end -----------------
2026-07-04 12:27:52.120 INFO  <mkdb.Checkpoint> ---------------- begin ----------------
2026-07-04 12:27:52.120 INFO  <mkdb.Checkpoint> marshalN=1/0
2026-07-04 12:27:52.120 INFO  <mkdb.Checkpoint> snapshot=0 marshal0=0
2026-07-04 12:27:52.120 INFO  <mkdb.Checkpoint> flush=0
2026-07-04 12:27:52.120 INFO  <mkdb.Checkpoint> ----------------- end -----------------
2026-07-04 12:28:52.167 INFO  <mkdb.Checkpoint> ---------------- begin ----------------
2026-07-04 12:28:52.167 INFO  <mkdb.Checkpoint> marshalN=1/0
2026-07-04 12:28:52.167 INFO  <mkdb.Checkpoint> snapshot=0 marshal0=0
2026-07-04 12:28:52.167 INFO  <mkdb.Checkpoint> flush=0
2026-07-04 12:28:52.167 INFO  <mkdb.Checkpoint> ----------------- end -----------------
2026-07-04 12:29:52.215 INFO  <mkdb.Checkpoint> ---------------- begin ----------------
2026-07-04 12:29:52.216 INFO  <mkdb.Checkpoint> marshalN=1/0
2026-07-04 12:29:52.216 INFO  <mkdb.Checkpoint> snapshot=0 marshal0=0
2026-07-04 12:29:52.216 INFO  <mkdb.Checkpoint> flush=0
2026-07-04 12:29:52.216 INFO  <mkdb.Checkpoint> ----------------- end -----------------
2026-07-04 12:30:52.266 INFO  <mkdb.Checkpoint> ---------------- begin ----------------
2026-07-04 12:30:52.266 INFO  <mkdb.Checkpoint> marshalN=1/0
2026-07-04 12:30:52.266 INFO  <mkdb.Checkpoint> snapshot=0 marshal0=0
2026-07-04 12:30:52.266 INFO  <mkdb.Checkpoint> flush=0
2026-07-04 12:30:52.266 INFO  <mkdb.Checkpoint> ----------------- end -----------------
2026-07-04 12:31:52.317 INFO  <mkdb.Checkpoint> ---------------- begin ----------------
2026-07-04 12:31:52.317 INFO  <mkdb.Checkpoint> marshalN=1/0
2026-07-04 12:31:52.317 INFO  <mkdb.Checkpoint> snapshot=0 marshal0=0
2026-07-04 12:31:52.317 INFO  <mkdb.Checkpoint> flush=0
2026-07-04 12:31:52.317 INFO  <mkdb.Checkpoint> ----------------- end -----------------
2026-07-04 12:32:52.367 INFO  <mkdb.Checkpoint> ---------------- begin ----------------
2026-07-04 12:32:52.367 INFO  <mkdb.Checkpoint> marshalN=1/0
2026-07-04 12:32:52.367 INFO  <mkdb.Checkpoint> snapshot=0 marshal0=0
2026-07-04 12:32:52.367 INFO  <mkdb.Checkpoint> flush=0
2026-07-04 12:32:52.367 INFO  <mkdb.Checkpoint> ----------------- end -----------------
2026-07-04 12:33:52.418 INFO  <mkdb.Checkpoint> ---------------- begin ----------------
2026-07-04 12:33:52.418 INFO  <mkdb.Checkpoint> marshalN=1/0
2026-07-04 12:33:52.418 INFO  <mkdb.Checkpoint> snapshot=0 marshal0=0
2026-07-04 12:33:52.418 INFO  <mkdb.Checkpoint> flush=0
2026-07-04 12:33:52.418 INFO  <mkdb.Checkpoint> ----------------- end -----------------
2026-07-04 12:34:52.475 INFO  <mkdb.Checkpoint> ---------------- begin ----------------
2026-07-04 12:34:52.475 INFO  <mkdb.Checkpoint> marshalN=1/0
2026-07-04 12:34:52.475 INFO  <mkdb.Checkpoint> snapshot=0 marshal0=0
2026-07-04 12:34:52.475 INFO  <mkdb.Checkpoint> flush=0
2026-07-04 12:34:52.475 INFO  <mkdb.Checkpoint> ----------------- end -----------------
2026-07-04 12:35:52.531 INFO  <mkdb.Checkpoint> ---------------- begin ----------------
2026-07-04 12:35:52.531 INFO  <mkdb.Checkpoint> marshalN=1/0
2026-07-04 12:35:52.531 INFO  <mkdb.Checkpoint> snapshot=0 marshal0=0
2026-07-04 12:35:52.531 INFO  <mkdb.Checkpoint> flush=0
2026-07-04 12:35:52.531 INFO  <mkdb.Checkpoint> ----------------- end -----------------
2026-07-04 12:36:52.591 INFO  <mkdb.Checkpoint> ---------------- begin ----------------
2026-07-04 12:36:52.591 INFO  <mkdb.Checkpoint> marshalN=1/0
2026-07-04 12:36:52.591 INFO  <mkdb.Checkpoint> snapshot=0 marshal0=0
2026-07-04 12:36:52.591 INFO  <mkdb.Checkpoint> flush=0
2026-07-04 12:36:52.591 INFO  <mkdb.Checkpoint> ----------------- end -----------------
2026-07-04 12:37:52.650 INFO  <mkdb.Checkpoint> ---------------- begin ----------------
2026-07-04 12:37:52.650 INFO  <mkdb.Checkpoint> marshalN=1/0
2026-07-04 12:37:52.650 INFO  <mkdb.Checkpoint> snapshot=0 marshal0=0
2026-07-04 12:37:52.650 INFO  <mkdb.Checkpoint> flush=0
2026-07-04 12:37:52.650 INFO  <mkdb.Checkpoint> ----------------- end -----------------
2026-07-04 12:38:52.709 INFO  <mkdb.Checkpoint> ---------------- begin ----------------
2026-07-04 12:38:52.709 INFO  <mkdb.Checkpoint> marshalN=1/0
2026-07-04 12:38:52.709 INFO  <mkdb.Checkpoint> snapshot=0 marshal0=0
2026-07-04 12:38:52.709 INFO  <mkdb.Checkpoint> flush=0
2026-07-04 12:38:52.709 INFO  <mkdb.Checkpoint> ----------------- end -----------------
2026-07-04 12:39:52.766 INFO  <mkdb.Checkpoint> ---------------- begin ----------------
2026-07-04 12:39:52.766 INFO  <mkdb.Checkpoint> marshalN=1/0
2026-07-04 12:39:52.766 INFO  <mkdb.Checkpoint> snapshot=0 marshal0=0
2026-07-04 12:39:52.766 INFO  <mkdb.Checkpoint> flush=0
2026-07-04 12:39:52.766 INFO  <mkdb.Checkpoint> ----------------- end -----------------
2026-07-04 12:40:52.823 INFO  <mkdb.Checkpoint> ---------------- begin ----------------
2026-07-04 12:40:52.823 INFO  <mkdb.Checkpoint> marshalN=1/0
2026-07-04 12:40:52.823 INFO  <mkdb.Checkpoint> snapshot=0 marshal0=0
2026-07-04 12:40:52.823 INFO  <mkdb.Checkpoint> flush=0
2026-07-04 12:40:52.823 INFO  <mkdb.Checkpoint> ----------------- end -----------------
2026-07-04 12:41:52.878 INFO  <mkdb.Checkpoint> ---------------- begin ----------------
2026-07-04 12:41:52.878 INFO  <mkdb.Checkpoint> marshalN=1/0
2026-07-04 12:41:52.878 INFO  <mkdb.Checkpoint> snapshot=0 marshal0=0
2026-07-04 12:41:52.878 INFO  <mkdb.Checkpoint> flush=0
2026-07-04 12:41:52.878 INFO  <mkdb.Checkpoint> ----------------- end -----------------
2026-07-04 12:42:52.937 INFO  <mkdb.Checkpoint> ---------------- begin ----------------
2026-07-04 12:42:52.937 INFO  <mkdb.Checkpoint> marshalN=1/0
2026-07-04 12:42:52.937 INFO  <mkdb.Checkpoint> snapshot=0 marshal0=0
2026-07-04 12:42:52.937 INFO  <mkdb.Checkpoint> flush=0
2026-07-04 12:42:52.937 INFO  <mkdb.Checkpoint> ----------------- end -----------------
2026-07-04 12:43:52.995 INFO  <mkdb.Checkpoint> ---------------- begin ----------------
2026-07-04 12:43:52.996 INFO  <mkdb.Checkpoint> marshalN=1/0
2026-07-04 12:43:52.996 INFO  <mkdb.Checkpoint> snapshot=0 marshal0=0
2026-07-04 12:43:52.996 INFO  <mkdb.Checkpoint> flush=0
2026-07-04 12:43:52.996 INFO  <mkdb.Checkpoint> ----------------- end -----------------
2026-07-04 12:44:53.052 INFO  <mkdb.Checkpoint> ---------------- begin ----------------
2026-07-04 12:44:53.052 INFO  <mkdb.Checkpoint> marshalN=1/0
2026-07-04 12:44:53.052 INFO  <mkdb.Checkpoint> snapshot=0 marshal0=0
2026-07-04 12:44:53.052 INFO  <mkdb.Checkpoint> flush=0
2026-07-04 12:44:53.052 INFO  <mkdb.Checkpoint> ----------------- end -----------------
2026-07-04 12:45:53.108 INFO  <mkdb.Checkpoint> ---------------- begin ----------------
2026-07-04 12:45:53.108 INFO  <mkdb.Checkpoint> marshalN=1/0
2026-07-04 12:45:53.108 INFO  <mkdb.Checkpoint> snapshot=0 marshal0=0
2026-07-04 12:45:53.108 INFO  <mkdb.Checkpoint> flush=0
2026-07-04 12:45:53.108 INFO  <mkdb.Checkpoint> ----------------- end -----------------
2026-07-04 12:46:12.003 INFO  <mkdb.Worker.procedure.23> com.locojoy.ns.Exist(activeuser:1:1) result=5
2026-07-04 12:46:53.165 INFO  <mkdb.Checkpoint> ---------------- begin ----------------
2026-07-04 12:46:53.165 INFO  <mkdb.Checkpoint> marshalN=1/0
2026-07-04 12:46:53.166 INFO  <mkdb.Checkpoint> snapshot=0 marshal0=0
2026-07-04 12:46:53.166 INFO  <mkdb.Checkpoint> flush=0
2026-07-04 12:46:53.166 INFO  <mkdb.Checkpoint> ----------------- end -----------------
2026-07-04 12:47:53.222 INFO  <mkdb.Checkpoint> ---------------- begin ----------------
2026-07-04 12:47:53.222 INFO  <mkdb.Checkpoint> marshalN=1/0
2026-07-04 12:47:53.222 INFO  <mkdb.Checkpoint> snapshot=0 marshal0=0
2026-07-04 12:47:53.222 INFO  <mkdb.Checkpoint> flush=0
2026-07-04 12:47:53.222 INFO  <mkdb.Checkpoint> ----------------- end -----------------
2026-07-04 12:48:53.272 INFO  <mkdb.Checkpoint> ---------------- begin ----------------
2026-07-04 12:48:53.272 INFO  <mkdb.Checkpoint> marshalN=1/0
2026-07-04 12:48:53.272 INFO  <mkdb.Checkpoint> snapshot=0 marshal0=0
2026-07-04 12:48:53.273 INFO  <mkdb.Checkpoint> flush=0
2026-07-04 12:48:53.273 INFO  <mkdb.Checkpoint> ----------------- end -----------------
2026-07-04 12:49:53.327 INFO  <mkdb.Checkpoint> ---------------- begin ----------------
2026-07-04 12:49:53.327 INFO  <mkdb.Checkpoint> marshalN=1/0
2026-07-04 12:49:53.327 INFO  <mkdb.Checkpoint> snapshot=0 marshal0=0
2026-07-04 12:49:53.327 INFO  <mkdb.Checkpoint> flush=0
2026-07-04 12:49:53.327 INFO  <mkdb.Checkpoint> ----------------- end -----------------
2026-07-04 12:50:53.381 INFO  <mkdb.Checkpoint> ---------------- begin ----------------
2026-07-04 12:50:53.381 INFO  <mkdb.Checkpoint> marshalN=1/0
2026-07-04 12:50:53.382 INFO  <mkdb.Checkpoint> snapshot=0 marshal0=0
2026-07-04 12:50:53.382 INFO  <mkdb.Checkpoint> flush=0
2026-07-04 12:50:53.382 INFO  <mkdb.Checkpoint> ----------------- end -----------------
2026-07-04 12:51:53.436 INFO  <mkdb.Checkpoint> ---------------- begin ----------------
2026-07-04 12:51:53.436 INFO  <mkdb.Checkpoint> marshalN=1/0
2026-07-04 12:51:53.436 INFO  <mkdb.Checkpoint> snapshot=0 marshal0=0
2026-07-04 12:51:53.436 INFO  <mkdb.Checkpoint> flush=0
2026-07-04 12:51:53.436 INFO  <mkdb.Checkpoint> ----------------- end -----------------
2026-07-04 12:52:53.488 INFO  <mkdb.Checkpoint> ---------------- begin ----------------
2026-07-04 12:52:53.488 INFO  <mkdb.Checkpoint> marshalN=1/0
2026-07-04 12:52:53.488 INFO  <mkdb.Checkpoint> snapshot=0 marshal0=0
2026-07-04 12:52:53.488 INFO  <mkdb.Checkpoint> flush=0
2026-07-04 12:52:53.488 INFO  <mkdb.Checkpoint> ----------------- end -----------------
2026-07-04 12:53:53.542 INFO  <mkdb.Checkpoint> ---------------- begin ----------------
2026-07-04 12:53:53.542 INFO  <mkdb.Checkpoint> marshalN=1/0
2026-07-04 12:53:53.542 INFO  <mkdb.Checkpoint> snapshot=0 marshal0=0
2026-07-04 12:53:53.542 INFO  <mkdb.Checkpoint> flush=0
2026-07-04 12:53:53.542 INFO  <mkdb.Checkpoint> ----------------- end -----------------
2026-07-04 12:54:53.598 INFO  <mkdb.Checkpoint> ---------------- begin ----------------
2026-07-04 12:54:53.598 INFO  <mkdb.Checkpoint> marshalN=1/0
2026-07-04 12:54:53.598 INFO  <mkdb.Checkpoint> snapshot=0 marshal0=0
2026-07-04 12:54:53.598 INFO  <mkdb.Checkpoint> flush=0
2026-07-04 12:54:53.598 INFO  <mkdb.Checkpoint> ----------------- end -----------------
2026-07-04 12:55:53.653 INFO  <mkdb.Checkpoint> ---------------- begin ----------------
2026-07-04 12:55:53.653 INFO  <mkdb.Checkpoint> marshalN=1/0
2026-07-04 12:55:53.653 INFO  <mkdb.Checkpoint> snapshot=0 marshal0=0
2026-07-04 12:55:53.653 INFO  <mkdb.Checkpoint> flush=0
2026-07-04 12:55:53.653 INFO  <mkdb.Checkpoint> ----------------- end -----------------
2026-07-04 12:56:53.708 INFO  <mkdb.Checkpoint> ---------------- begin ----------------
2026-07-04 12:56:53.708 INFO  <mkdb.Checkpoint> marshalN=1/0
2026-07-04 12:56:53.708 INFO  <mkdb.Checkpoint> snapshot=0 marshal0=0
2026-07-04 12:56:53.708 INFO  <mkdb.Checkpoint> flush=0
2026-07-04 12:56:53.708 INFO  <mkdb.Checkpoint> ----------------- end -----------------
2026-07-04 12:57:53.763 INFO  <mkdb.Checkpoint> ---------------- begin ----------------
2026-07-04 12:57:53.763 INFO  <mkdb.Checkpoint> marshalN=1/0
2026-07-04 12:57:53.763 INFO  <mkdb.Checkpoint> snapshot=0 marshal0=0
2026-07-04 12:57:53.763 INFO  <mkdb.Checkpoint> flush=0
2026-07-04 12:57:53.763 INFO  <mkdb.Checkpoint> ----------------- end -----------------
2026-07-04 12:58:53.819 INFO  <mkdb.Checkpoint> ---------------- begin ----------------
2026-07-04 12:58:53.819 INFO  <mkdb.Checkpoint> marshalN=1/0
2026-07-04 12:58:53.819 INFO  <mkdb.Checkpoint> snapshot=0 marshal0=0
2026-07-04 12:58:53.819 INFO  <mkdb.Checkpoint> flush=0
2026-07-04 12:58:53.819 INFO  <mkdb.Checkpoint> ----------------- end -----------------
2026-07-04 12:59:53.875 INFO  <mkdb.Checkpoint> ---------------- begin ----------------
2026-07-04 12:59:53.875 INFO  <mkdb.Checkpoint> marshalN=1/0
2026-07-04 12:59:53.875 INFO  <mkdb.Checkpoint> snapshot=0 marshal0=0
2026-07-04 12:59:53.875 INFO  <mkdb.Checkpoint> flush=0
2026-07-04 12:59:53.875 INFO  <mkdb.Checkpoint> ----------------- end -----------------
2026-07-04 13:00:53.932 INFO  <mkdb.Checkpoint> ---------------- begin ----------------
2026-07-04 13:00:53.932 INFO  <mkdb.Checkpoint> marshalN=1/0
2026-07-04 13:00:53.932 INFO  <mkdb.Checkpoint> snapshot=0 marshal0=0
2026-07-04 13:00:53.932 INFO  <mkdb.Checkpoint> flush=0
2026-07-04 13:00:53.932 INFO  <mkdb.Checkpoint> ----------------- end -----------------
2026-07-04 13:01:53.987 INFO  <mkdb.Checkpoint> ---------------- begin ----------------
2026-07-04 13:01:53.987 INFO  <mkdb.Checkpoint> marshalN=1/0
2026-07-04 13:01:53.987 INFO  <mkdb.Checkpoint> snapshot=0 marshal0=0
2026-07-04 13:01:53.987 INFO  <mkdb.Checkpoint> flush=0
2026-07-04 13:01:53.987 INFO  <mkdb.Checkpoint> ----------------- end -----------------
2026-07-04 13:02:54.040 INFO  <mkdb.Checkpoint> ---------------- begin ----------------
2026-07-04 13:02:54.040 INFO  <mkdb.Checkpoint> marshalN=1/0
2026-07-04 13:02:54.040 INFO  <mkdb.Checkpoint> snapshot=0 marshal0=0
2026-07-04 13:02:54.040 INFO  <mkdb.Checkpoint> flush=0
2026-07-04 13:02:54.040 INFO  <mkdb.Checkpoint> ----------------- end -----------------
2026-07-04 13:03:54.094 INFO  <mkdb.Checkpoint> ---------------- begin ----------------
2026-07-04 13:03:54.094 INFO  <mkdb.Checkpoint> marshalN=1/0
2026-07-04 13:03:54.094 INFO  <mkdb.Checkpoint> snapshot=0 marshal0=0
2026-07-04 13:03:54.094 INFO  <mkdb.Checkpoint> flush=0
2026-07-04 13:03:54.094 INFO  <mkdb.Checkpoint> ----------------- end -----------------
2026-07-04 13:04:54.150 INFO  <mkdb.Checkpoint> ---------------- begin ----------------
2026-07-04 13:04:54.150 INFO  <mkdb.Checkpoint> marshalN=1/0
2026-07-04 13:04:54.150 INFO  <mkdb.Checkpoint> snapshot=0 marshal0=0
2026-07-04 13:04:54.150 INFO  <mkdb.Checkpoint> flush=0
2026-07-04 13:04:54.150 INFO  <mkdb.Checkpoint> ----------------- end -----------------
2026-07-04 13:05:54.204 INFO  <mkdb.Checkpoint> ---------------- begin ----------------
2026-07-04 13:05:54.204 INFO  <mkdb.Checkpoint> marshalN=1/0
2026-07-04 13:05:54.204 INFO  <mkdb.Checkpoint> snapshot=0 marshal0=0
2026-07-04 13:05:54.204 INFO  <mkdb.Checkpoint> flush=0
2026-07-04 13:05:54.204 INFO  <mkdb.Checkpoint> ----------------- end -----------------
2026-07-04 13:06:54.258 INFO  <mkdb.Checkpoint> ---------------- begin ----------------
2026-07-04 13:06:54.258 INFO  <mkdb.Checkpoint> marshalN=1/0
2026-07-04 13:06:54.258 INFO  <mkdb.Checkpoint> snapshot=0 marshal0=0
2026-07-04 13:06:54.258 INFO  <mkdb.Checkpoint> flush=0
2026-07-04 13:06:54.258 INFO  <mkdb.Checkpoint> ----------------- end -----------------
2026-07-04 13:07:54.311 INFO  <mkdb.Checkpoint> ---------------- begin ----------------
2026-07-04 13:07:54.311 INFO  <mkdb.Checkpoint> marshalN=1/0
2026-07-04 13:07:54.311 INFO  <mkdb.Checkpoint> snapshot=0 marshal0=0
2026-07-04 13:07:54.311 INFO  <mkdb.Checkpoint> flush=0
2026-07-04 13:07:54.311 INFO  <mkdb.Checkpoint> ----------------- end -----------------
2026-07-04 13:08:54.366 INFO  <mkdb.Checkpoint> ---------------- begin ----------------
2026-07-04 13:08:54.366 INFO  <mkdb.Checkpoint> marshalN=1/0
2026-07-04 13:08:54.366 INFO  <mkdb.Checkpoint> snapshot=0 marshal0=0
2026-07-04 13:08:54.366 INFO  <mkdb.Checkpoint> flush=0
2026-07-04 13:08:54.366 INFO  <mkdb.Checkpoint> ----------------- end -----------------
2026-07-04 13:09:54.419 INFO  <mkdb.Checkpoint> ---------------- begin ----------------
2026-07-04 13:09:54.419 INFO  <mkdb.Checkpoint> marshalN=1/0
2026-07-04 13:09:54.419 INFO  <mkdb.Checkpoint> snapshot=0 marshal0=0
2026-07-04 13:09:54.419 INFO  <mkdb.Checkpoint> flush=0
2026-07-04 13:09:54.419 INFO  <mkdb.Checkpoint> ----------------- end -----------------
2026-07-04 13:10:54.471 INFO  <mkdb.Checkpoint> ---------------- begin ----------------
2026-07-04 13:10:54.471 INFO  <mkdb.Checkpoint> marshalN=1/0
2026-07-04 13:10:54.471 INFO  <mkdb.Checkpoint> snapshot=0 marshal0=0
2026-07-04 13:10:54.471 INFO  <mkdb.Checkpoint> flush=0
2026-07-04 13:10:54.471 INFO  <mkdb.Checkpoint> ----------------- end -----------------
2026-07-04 13:11:54.522 INFO  <mkdb.Checkpoint> ---------------- begin ----------------
2026-07-04 13:11:54.523 INFO  <mkdb.Checkpoint> marshalN=1/0
2026-07-04 13:11:54.523 INFO  <mkdb.Checkpoint> snapshot=0 marshal0=0
2026-07-04 13:11:54.523 INFO  <mkdb.Checkpoint> flush=0
2026-07-04 13:11:54.523 INFO  <mkdb.Checkpoint> ----------------- end -----------------
2026-07-04 13:12:54.574 INFO  <mkdb.Checkpoint> ---------------- begin ----------------
2026-07-04 13:12:54.574 INFO  <mkdb.Checkpoint> marshalN=1/0
2026-07-04 13:12:54.574 INFO  <mkdb.Checkpoint> snapshot=0 marshal0=0
2026-07-04 13:12:54.574 INFO  <mkdb.Checkpoint> flush=0
2026-07-04 13:12:54.574 INFO  <mkdb.Checkpoint> ----------------- end -----------------
2026-07-04 13:13:54.627 INFO  <mkdb.Checkpoint> ---------------- begin ----------------
2026-07-04 13:13:54.627 INFO  <mkdb.Checkpoint> marshalN=1/0
2026-07-04 13:13:54.627 INFO  <mkdb.Checkpoint> snapshot=0 marshal0=0
2026-07-04 13:13:54.627 INFO  <mkdb.Checkpoint> flush=0
2026-07-04 13:13:54.627 INFO  <mkdb.Checkpoint> ----------------- end -----------------
2026-07-04 13:14:54.679 INFO  <mkdb.Checkpoint> ---------------- begin ----------------
2026-07-04 13:14:54.679 INFO  <mkdb.Checkpoint> marshalN=1/0
2026-07-04 13:14:54.679 INFO  <mkdb.Checkpoint> snapshot=0 marshal0=0
2026-07-04 13:14:54.680 INFO  <mkdb.Checkpoint> flush=0
2026-07-04 13:14:54.680 INFO  <mkdb.Checkpoint> ----------------- end -----------------
2026-07-04 13:15:54.746 INFO  <mkdb.Checkpoint> ---------------- begin ----------------
2026-07-04 13:15:54.746 INFO  <mkdb.Checkpoint> marshalN=1/0
2026-07-04 13:15:54.746 INFO  <mkdb.Checkpoint> snapshot=0 marshal0=0
2026-07-04 13:15:54.746 INFO  <mkdb.Checkpoint> flush=0
2026-07-04 13:15:54.746 INFO  <mkdb.Checkpoint> ----------------- end -----------------
2026-07-04 13:16:54.797 INFO  <mkdb.Checkpoint> ---------------- begin ----------------
2026-07-04 13:16:54.797 INFO  <mkdb.Checkpoint> marshalN=1/0
2026-07-04 13:16:54.797 INFO  <mkdb.Checkpoint> snapshot=0 marshal0=0
2026-07-04 13:16:54.797 INFO  <mkdb.Checkpoint> flush=0
2026-07-04 13:16:54.797 INFO  <mkdb.Checkpoint> ----------------- end -----------------
2026-07-04 13:17:54.847 INFO  <mkdb.Checkpoint> ---------------- begin ----------------
2026-07-04 13:17:54.847 INFO  <mkdb.Checkpoint> marshalN=1/0
2026-07-04 13:17:54.847 INFO  <mkdb.Checkpoint> snapshot=0 marshal0=0
2026-07-04 13:17:54.847 INFO  <mkdb.Checkpoint> flush=0
2026-07-04 13:17:54.847 INFO  <mkdb.Checkpoint> ----------------- end -----------------
2026-07-04 13:18:54.895 INFO  <mkdb.Checkpoint> ---------------- begin ----------------
2026-07-04 13:18:54.895 INFO  <mkdb.Checkpoint> marshalN=1/0
2026-07-04 13:18:54.895 INFO  <mkdb.Checkpoint> snapshot=0 marshal0=0
2026-07-04 13:18:54.895 INFO  <mkdb.Checkpoint> flush=0
2026-07-04 13:18:54.895 INFO  <mkdb.Checkpoint> ----------------- end -----------------
2026-07-04 13:19:54.944 INFO  <mkdb.Checkpoint> ---------------- begin ----------------
2026-07-04 13:19:54.944 INFO  <mkdb.Checkpoint> marshalN=1/0
2026-07-04 13:19:54.944 INFO  <mkdb.Checkpoint> snapshot=0 marshal0=0
2026-07-04 13:19:54.944 INFO  <mkdb.Checkpoint> flush=0
2026-07-04 13:19:54.944 INFO  <mkdb.Checkpoint> ----------------- end -----------------
2026-07-04 13:20:54.998 INFO  <mkdb.Checkpoint> ---------------- begin ----------------
2026-07-04 13:20:54.998 INFO  <mkdb.Checkpoint> marshalN=1/0
2026-07-04 13:20:54.998 INFO  <mkdb.Checkpoint> snapshot=0 marshal0=0
2026-07-04 13:20:54.999 INFO  <mkdb.Checkpoint> flush=0
2026-07-04 13:20:54.999 INFO  <mkdb.Checkpoint> ----------------- end -----------------
2026-07-04 13:21:55.051 INFO  <mkdb.Checkpoint> ---------------- begin ----------------
2026-07-04 13:21:55.051 INFO  <mkdb.Checkpoint> marshalN=1/0
2026-07-04 13:21:55.051 INFO  <mkdb.Checkpoint> snapshot=0 marshal0=0
2026-07-04 13:21:55.051 INFO  <mkdb.Checkpoint> flush=0
2026-07-04 13:21:55.051 INFO  <mkdb.Checkpoint> ----------------- end -----------------
2026-07-04 13:22:46.097 WARN  <mkdb.Backup> backup FULL begin
2026-07-04 13:22:46.098 WARN  <mkdb.Backup> backup FULL end
2026-07-04 13:22:55.105 INFO  <mkdb.Checkpoint> ---------------- begin ----------------
2026-07-04 13:22:55.105 INFO  <mkdb.Checkpoint> marshalN=1/0
2026-07-04 13:22:55.105 INFO  <mkdb.Checkpoint> snapshot=0 marshal0=0
2026-07-04 13:22:55.105 INFO  <mkdb.Checkpoint> flush=0
2026-07-04 13:22:55.105 INFO  <mkdb.Checkpoint> ----------------- end -----------------
2026-07-04 13:23:55.156 INFO  <mkdb.Checkpoint> ---------------- begin ----------------
2026-07-04 13:23:55.156 INFO  <mkdb.Checkpoint> marshalN=1/0
2026-07-04 13:23:55.156 INFO  <mkdb.Checkpoint> snapshot=0 marshal0=0
2026-07-04 13:23:55.156 INFO  <mkdb.Checkpoint> flush=0
2026-07-04 13:23:55.157 INFO  <mkdb.Checkpoint> ----------------- end -----------------
2026-07-04 13:24:55.209 INFO  <mkdb.Checkpoint> ---------------- begin ----------------
2026-07-04 13:24:55.209 INFO  <mkdb.Checkpoint> marshalN=1/0
2026-07-04 13:24:55.209 INFO  <mkdb.Checkpoint> snapshot=0 marshal0=0
2026-07-04 13:24:55.209 INFO  <mkdb.Checkpoint> flush=0
2026-07-04 13:24:55.209 INFO  <mkdb.Checkpoint> ----------------- end -----------------
2026-07-04 13:25:55.262 INFO  <mkdb.Checkpoint> ---------------- begin ----------------
2026-07-04 13:25:55.262 INFO  <mkdb.Checkpoint> marshalN=1/0
2026-07-04 13:25:55.262 INFO  <mkdb.Checkpoint> snapshot=0 marshal0=0
2026-07-04 13:25:55.262 INFO  <mkdb.Checkpoint> flush=0
2026-07-04 13:25:55.262 INFO  <mkdb.Checkpoint> ----------------- end -----------------
2026-07-04 13:26:55.314 INFO  <mkdb.Checkpoint> ---------------- begin ----------------
2026-07-04 13:26:55.314 INFO  <mkdb.Checkpoint> marshalN=1/0
2026-07-04 13:26:55.314 INFO  <mkdb.Checkpoint> snapshot=0 marshal0=0
2026-07-04 13:26:55.314 INFO  <mkdb.Checkpoint> flush=0
2026-07-04 13:26:55.314 INFO  <mkdb.Checkpoint> ----------------- end -----------------
2026-07-04 13:27:55.364 INFO  <mkdb.Checkpoint> ---------------- begin ----------------
2026-07-04 13:27:55.364 INFO  <mkdb.Checkpoint> marshalN=1/0
2026-07-04 13:27:55.364 INFO  <mkdb.Checkpoint> snapshot=0 marshal0=0
2026-07-04 13:27:55.364 INFO  <mkdb.Checkpoint> flush=0
2026-07-04 13:27:55.364 INFO  <mkdb.Checkpoint> ----------------- end -----------------
2026-07-04 13:28:55.417 INFO  <mkdb.Checkpoint> ---------------- begin ----------------
2026-07-04 13:28:55.417 INFO  <mkdb.Checkpoint> marshalN=1/0
2026-07-04 13:28:55.417 INFO  <mkdb.Checkpoint> snapshot=0 marshal0=0
2026-07-04 13:28:55.417 INFO  <mkdb.Checkpoint> flush=0
2026-07-04 13:28:55.417 INFO  <mkdb.Checkpoint> ----------------- end -----------------
2026-07-04 13:29:55.466 INFO  <mkdb.Checkpoint> ---------------- begin ----------------
2026-07-04 13:29:55.466 INFO  <mkdb.Checkpoint> marshalN=1/0
2026-07-04 13:29:55.466 INFO  <mkdb.Checkpoint> snapshot=0 marshal0=0
2026-07-04 13:29:55.466 INFO  <mkdb.Checkpoint> flush=0
2026-07-04 13:29:55.466 INFO  <mkdb.Checkpoint> ----------------- end -----------------
2026-07-04 13:30:55.518 INFO  <mkdb.Checkpoint> ---------------- begin ----------------
2026-07-04 13:30:55.518 INFO  <mkdb.Checkpoint> marshalN=1/0
2026-07-04 13:30:55.518 INFO  <mkdb.Checkpoint> snapshot=0 marshal0=0
2026-07-04 13:30:55.518 INFO  <mkdb.Checkpoint> flush=0
2026-07-04 13:30:55.518 INFO  <mkdb.Checkpoint> ----------------- end -----------------
2026-07-04 13:31:55.568 INFO  <mkdb.Checkpoint> ---------------- begin ----------------
2026-07-04 13:31:55.568 INFO  <mkdb.Checkpoint> marshalN=1/0
2026-07-04 13:31:55.568 INFO  <mkdb.Checkpoint> snapshot=0 marshal0=0
2026-07-04 13:31:55.568 INFO  <mkdb.Checkpoint> flush=0
2026-07-04 13:31:55.568 INFO  <mkdb.Checkpoint> ----------------- end -----------------
2026-07-04 13:32:55.621 INFO  <mkdb.Checkpoint> ---------------- begin ----------------
2026-07-04 13:32:55.621 INFO  <mkdb.Checkpoint> marshalN=1/0
2026-07-04 13:32:55.621 INFO  <mkdb.Checkpoint> snapshot=0 marshal0=0
2026-07-04 13:32:55.621 INFO  <mkdb.Checkpoint> flush=0
2026-07-04 13:32:55.621 INFO  <mkdb.Checkpoint> ----------------- end -----------------
2026-07-04 13:33:55.673 INFO  <mkdb.Checkpoint> ---------------- begin ----------------
2026-07-04 13:33:55.673 INFO  <mkdb.Checkpoint> marshalN=1/0
2026-07-04 13:33:55.673 INFO  <mkdb.Checkpoint> snapshot=0 marshal0=0
2026-07-04 13:33:55.673 INFO  <mkdb.Checkpoint> flush=0
2026-07-04 13:33:55.673 INFO  <mkdb.Checkpoint> ----------------- end -----------------
2026-07-04 13:34:55.725 INFO  <mkdb.Checkpoint> ---------------- begin ----------------
2026-07-04 13:34:55.725 INFO  <mkdb.Checkpoint> marshalN=1/0
2026-07-04 13:34:55.725 INFO  <mkdb.Checkpoint> snapshot=0 marshal0=0
2026-07-04 13:34:55.725 INFO  <mkdb.Checkpoint> flush=0
2026-07-04 13:34:55.725 INFO  <mkdb.Checkpoint> ----------------- end -----------------
2026-07-04 13:35:55.778 INFO  <mkdb.Checkpoint> ---------------- begin ----------------
2026-07-04 13:35:55.778 INFO  <mkdb.Checkpoint> marshalN=1/0
2026-07-04 13:35:55.778 INFO  <mkdb.Checkpoint> snapshot=0 marshal0=0
2026-07-04 13:35:55.778 INFO  <mkdb.Checkpoint> flush=0
2026-07-04 13:35:55.778 INFO  <mkdb.Checkpoint> ----------------- end -----------------
2026-07-04 13:36:55.838 INFO  <mkdb.Checkpoint> ---------------- begin ----------------
2026-07-04 13:36:55.838 INFO  <mkdb.Checkpoint> marshalN=1/0
2026-07-04 13:36:55.838 INFO  <mkdb.Checkpoint> snapshot=0 marshal0=0
2026-07-04 13:36:55.838 INFO  <mkdb.Checkpoint> flush=0
2026-07-04 13:36:55.838 INFO  <mkdb.Checkpoint> ----------------- end -----------------
2026-07-04 13:37:55.886 INFO  <mkdb.Checkpoint> ---------------- begin ----------------
2026-07-04 13:37:55.886 INFO  <mkdb.Checkpoint> marshalN=1/0
2026-07-04 13:37:55.886 INFO  <mkdb.Checkpoint> snapshot=0 marshal0=0
2026-07-04 13:37:55.886 INFO  <mkdb.Checkpoint> flush=0
2026-07-04 13:37:55.886 INFO  <mkdb.Checkpoint> ----------------- end -----------------
2026-07-04 13:38:55.939 INFO  <mkdb.Checkpoint> ---------------- begin ----------------
2026-07-04 13:38:55.939 INFO  <mkdb.Checkpoint> marshalN=1/0
2026-07-04 13:38:55.939 INFO  <mkdb.Checkpoint> snapshot=0 marshal0=0
2026-07-04 13:38:55.939 INFO  <mkdb.Checkpoint> flush=0
2026-07-04 13:38:55.939 INFO  <mkdb.Checkpoint> ----------------- end -----------------
2026-07-04 13:39:55.996 INFO  <mkdb.Checkpoint> ---------------- begin ----------------
2026-07-04 13:39:55.996 INFO  <mkdb.Checkpoint> marshalN=1/0
2026-07-04 13:39:55.996 INFO  <mkdb.Checkpoint> snapshot=0 marshal0=0
2026-07-04 13:39:55.996 INFO  <mkdb.Checkpoint> flush=0
2026-07-04 13:39:55.996 INFO  <mkdb.Checkpoint> ----------------- end -----------------
2026-07-04 13:40:56.048 INFO  <mkdb.Checkpoint> ---------------- begin ----------------
2026-07-04 13:40:56.048 INFO  <mkdb.Checkpoint> marshalN=1/0
2026-07-04 13:40:56.048 INFO  <mkdb.Checkpoint> snapshot=0 marshal0=0
2026-07-04 13:40:56.049 INFO  <mkdb.Checkpoint> flush=0
2026-07-04 13:40:56.049 INFO  <mkdb.Checkpoint> ----------------- end -----------------
2026-07-04 13:41:56.106 INFO  <mkdb.Checkpoint> ---------------- begin ----------------
2026-07-04 13:41:56.106 INFO  <mkdb.Checkpoint> marshalN=1/0
2026-07-04 13:41:56.106 INFO  <mkdb.Checkpoint> snapshot=0 marshal0=0
2026-07-04 13:41:56.106 INFO  <mkdb.Checkpoint> flush=0
2026-07-04 13:41:56.106 INFO  <mkdb.Checkpoint> ----------------- end -----------------
2026-07-04 13:42:56.163 INFO  <mkdb.Checkpoint> ---------------- begin ----------------
2026-07-04 13:42:56.163 INFO  <mkdb.Checkpoint> marshalN=1/0
2026-07-04 13:42:56.163 INFO  <mkdb.Checkpoint> snapshot=0 marshal0=0
2026-07-04 13:42:56.163 INFO  <mkdb.Checkpoint> flush=0
2026-07-04 13:42:56.163 INFO  <mkdb.Checkpoint> ----------------- end -----------------
2026-07-04 13:43:56.220 INFO  <mkdb.Checkpoint> ---------------- begin ----------------
2026-07-04 13:43:56.220 INFO  <mkdb.Checkpoint> marshalN=1/0
2026-07-04 13:43:56.220 INFO  <mkdb.Checkpoint> snapshot=0 marshal0=0
2026-07-04 13:43:56.220 INFO  <mkdb.Checkpoint> flush=0
2026-07-04 13:43:56.220 INFO  <mkdb.Checkpoint> ----------------- end -----------------
2026-07-04 13:44:56.271 INFO  <mkdb.Checkpoint> ---------------- begin ----------------
2026-07-04 13:44:56.271 INFO  <mkdb.Checkpoint> marshalN=1/0
2026-07-04 13:44:56.271 INFO  <mkdb.Checkpoint> snapshot=0 marshal0=0
2026-07-04 13:44:56.271 INFO  <mkdb.Checkpoint> flush=0
2026-07-04 13:44:56.271 INFO  <mkdb.Checkpoint> ----------------- end -----------------
2026-07-04 13:45:56.320 INFO  <mkdb.Checkpoint> ---------------- begin ----------------
2026-07-04 13:45:56.320 INFO  <mkdb.Checkpoint> marshalN=1/0
2026-07-04 13:45:56.320 INFO  <mkdb.Checkpoint> snapshot=0 marshal0=0
2026-07-04 13:45:56.320 INFO  <mkdb.Checkpoint> flush=0
2026-07-04 13:45:56.320 INFO  <mkdb.Checkpoint> ----------------- end -----------------
2026-07-04 13:46:56.371 INFO  <mkdb.Checkpoint> ---------------- begin ----------------
2026-07-04 13:46:56.371 INFO  <mkdb.Checkpoint> marshalN=1/0
2026-07-04 13:46:56.371 INFO  <mkdb.Checkpoint> snapshot=0 marshal0=0
2026-07-04 13:46:56.371 INFO  <mkdb.Checkpoint> flush=0
2026-07-04 13:46:56.371 INFO  <mkdb.Checkpoint> ----------------- end -----------------
2026-07-04 13:47:56.422 INFO  <mkdb.Checkpoint> ---------------- begin ----------------
2026-07-04 13:47:56.422 INFO  <mkdb.Checkpoint> marshalN=1/0
2026-07-04 13:47:56.422 INFO  <mkdb.Checkpoint> snapshot=0 marshal0=0
2026-07-04 13:47:56.422 INFO  <mkdb.Checkpoint> flush=0
2026-07-04 13:47:56.422 INFO  <mkdb.Checkpoint> ----------------- end -----------------
2026-07-04 13:48:56.472 INFO  <mkdb.Checkpoint> ---------------- begin ----------------
2026-07-04 13:48:56.472 INFO  <mkdb.Checkpoint> marshalN=1/0
2026-07-04 13:48:56.472 INFO  <mkdb.Checkpoint> snapshot=0 marshal0=0
2026-07-04 13:48:56.472 INFO  <mkdb.Checkpoint> flush=0
2026-07-04 13:48:56.472 INFO  <mkdb.Checkpoint> ----------------- end -----------------
2026-07-04 13:49:56.520 INFO  <mkdb.Checkpoint> ---------------- begin ----------------
2026-07-04 13:49:56.520 INFO  <mkdb.Checkpoint> marshalN=1/0
2026-07-04 13:49:56.520 INFO  <mkdb.Checkpoint> snapshot=0 marshal0=0
2026-07-04 13:49:56.520 INFO  <mkdb.Checkpoint> flush=0
2026-07-04 13:49:56.520 INFO  <mkdb.Checkpoint> ----------------- end -----------------
2026-07-04 13:50:56.571 INFO  <mkdb.Checkpoint> ---------------- begin ----------------
2026-07-04 13:50:56.571 INFO  <mkdb.Checkpoint> marshalN=1/0
2026-07-04 13:50:56.571 INFO  <mkdb.Checkpoint> snapshot=0 marshal0=0
2026-07-04 13:50:56.571 INFO  <mkdb.Checkpoint> flush=0
2026-07-04 13:50:56.571 INFO  <mkdb.Checkpoint> ----------------- end -----------------
2026-07-04 13:51:56.623 INFO  <mkdb.Checkpoint> ---------------- begin ----------------
2026-07-04 13:51:56.623 INFO  <mkdb.Checkpoint> marshalN=1/0
2026-07-04 13:51:56.623 INFO  <mkdb.Checkpoint> snapshot=0 marshal0=0
2026-07-04 13:51:56.623 INFO  <mkdb.Checkpoint> flush=0
2026-07-04 13:51:56.623 INFO  <mkdb.Checkpoint> ----------------- end -----------------
2026-07-04 13:52:56.676 INFO  <mkdb.Checkpoint> ---------------- begin ----------------
2026-07-04 13:52:56.676 INFO  <mkdb.Checkpoint> marshalN=1/0
2026-07-04 13:52:56.676 INFO  <mkdb.Checkpoint> snapshot=0 marshal0=0
2026-07-04 13:52:56.676 INFO  <mkdb.Checkpoint> flush=0
2026-07-04 13:52:56.676 INFO  <mkdb.Checkpoint> ----------------- end -----------------
2026-07-04 13:53:56.730 INFO  <mkdb.Checkpoint> ---------------- begin ----------------
2026-07-04 13:53:56.731 INFO  <mkdb.Checkpoint> marshalN=1/0
2026-07-04 13:53:56.731 INFO  <mkdb.Checkpoint> snapshot=0 marshal0=0
2026-07-04 13:53:56.731 INFO  <mkdb.Checkpoint> flush=0
2026-07-04 13:53:56.731 INFO  <mkdb.Checkpoint> ----------------- end -----------------
2026-07-04 13:54:56.782 INFO  <mkdb.Checkpoint> ---------------- begin ----------------
2026-07-04 13:54:56.782 INFO  <mkdb.Checkpoint> marshalN=1/0
2026-07-04 13:54:56.782 INFO  <mkdb.Checkpoint> snapshot=0 marshal0=0
2026-07-04 13:54:56.782 INFO  <mkdb.Checkpoint> flush=0
2026-07-04 13:54:56.782 INFO  <mkdb.Checkpoint> ----------------- end -----------------
2026-07-04 13:55:56.835 INFO  <mkdb.Checkpoint> ---------------- begin ----------------
2026-07-04 13:55:56.835 INFO  <mkdb.Checkpoint> marshalN=1/0
2026-07-04 13:55:56.835 INFO  <mkdb.Checkpoint> snapshot=0 marshal0=0
2026-07-04 13:55:56.835 INFO  <mkdb.Checkpoint> flush=0
2026-07-04 13:55:56.835 INFO  <mkdb.Checkpoint> ----------------- end -----------------
2026-07-04 13:56:56.887 INFO  <mkdb.Checkpoint> ---------------- begin ----------------
2026-07-04 13:56:56.887 INFO  <mkdb.Checkpoint> marshalN=1/0
2026-07-04 13:56:56.887 INFO  <mkdb.Checkpoint> snapshot=0 marshal0=0
2026-07-04 13:56:56.887 INFO  <mkdb.Checkpoint> flush=0
2026-07-04 13:56:56.887 INFO  <mkdb.Checkpoint> ----------------- end -----------------
2026-07-04 13:57:56.938 INFO  <mkdb.Checkpoint> ---------------- begin ----------------
2026-07-04 13:57:56.939 INFO  <mkdb.Checkpoint> marshalN=1/0
2026-07-04 13:57:56.939 INFO  <mkdb.Checkpoint> snapshot=0 marshal0=0
2026-07-04 13:57:56.939 INFO  <mkdb.Checkpoint> flush=0
2026-07-04 13:57:56.939 INFO  <mkdb.Checkpoint> ----------------- end -----------------
2026-07-04 13:58:56.992 INFO  <mkdb.Checkpoint> ---------------- begin ----------------
2026-07-04 13:58:56.992 INFO  <mkdb.Checkpoint> marshalN=1/0
2026-07-04 13:58:56.992 INFO  <mkdb.Checkpoint> snapshot=0 marshal0=0
2026-07-04 13:58:56.992 INFO  <mkdb.Checkpoint> flush=0
2026-07-04 13:58:56.992 INFO  <mkdb.Checkpoint> ----------------- end -----------------
2026-07-04 13:59:57.045 INFO  <mkdb.Checkpoint> ---------------- begin ----------------
2026-07-04 13:59:57.045 INFO  <mkdb.Checkpoint> marshalN=1/0
2026-07-04 13:59:57.045 INFO  <mkdb.Checkpoint> snapshot=0 marshal0=0
2026-07-04 13:59:57.045 INFO  <mkdb.Checkpoint> flush=0
2026-07-04 13:59:57.045 INFO  <mkdb.Checkpoint> ----------------- end -----------------
2026-07-04 14:00:57.099 INFO  <mkdb.Checkpoint> ---------------- begin ----------------
2026-07-04 14:00:57.099 INFO  <mkdb.Checkpoint> marshalN=1/0
2026-07-04 14:00:57.099 INFO  <mkdb.Checkpoint> snapshot=0 marshal0=0
2026-07-04 14:00:57.099 INFO  <mkdb.Checkpoint> flush=0
2026-07-04 14:00:57.099 INFO  <mkdb.Checkpoint> ----------------- end -----------------
2026-07-04 14:01:57.152 INFO  <mkdb.Checkpoint> ---------------- begin ----------------
2026-07-04 14:01:57.152 INFO  <mkdb.Checkpoint> marshalN=1/0
2026-07-04 14:01:57.152 INFO  <mkdb.Checkpoint> snapshot=0 marshal0=0
2026-07-04 14:01:57.152 INFO  <mkdb.Checkpoint> flush=0
2026-07-04 14:01:57.152 INFO  <mkdb.Checkpoint> ----------------- end -----------------
2026-07-04 14:02:57.204 INFO  <mkdb.Checkpoint> ---------------- begin ----------------
2026-07-04 14:02:57.204 INFO  <mkdb.Checkpoint> marshalN=1/0
2026-07-04 14:02:57.204 INFO  <mkdb.Checkpoint> snapshot=0 marshal0=0
2026-07-04 14:02:57.204 INFO  <mkdb.Checkpoint> flush=0
2026-07-04 14:02:57.204 INFO  <mkdb.Checkpoint> ----------------- end -----------------
2026-07-04 14:03:57.257 INFO  <mkdb.Checkpoint> ---------------- begin ----------------
2026-07-04 14:03:57.257 INFO  <mkdb.Checkpoint> marshalN=1/0
2026-07-04 14:03:57.257 INFO  <mkdb.Checkpoint> snapshot=0 marshal0=0
2026-07-04 14:03:57.257 INFO  <mkdb.Checkpoint> flush=0
2026-07-04 14:03:57.257 INFO  <mkdb.Checkpoint> ----------------- end -----------------
2026-07-04 14:04:57.312 INFO  <mkdb.Checkpoint> ---------------- begin ----------------
2026-07-04 14:04:57.312 INFO  <mkdb.Checkpoint> marshalN=1/0
2026-07-04 14:04:57.312 INFO  <mkdb.Checkpoint> snapshot=0 marshal0=0
2026-07-04 14:04:57.312 INFO  <mkdb.Checkpoint> flush=0
2026-07-04 14:04:57.312 INFO  <mkdb.Checkpoint> ----------------- end -----------------
2026-07-04 14:05:57.363 INFO  <mkdb.Checkpoint> ---------------- begin ----------------
2026-07-04 14:05:57.363 INFO  <mkdb.Checkpoint> marshalN=1/0
2026-07-04 14:05:57.363 INFO  <mkdb.Checkpoint> snapshot=0 marshal0=0
2026-07-04 14:05:57.363 INFO  <mkdb.Checkpoint> flush=0
2026-07-04 14:05:57.363 INFO  <mkdb.Checkpoint> ----------------- end -----------------
2026-07-04 14:06:57.416 INFO  <mkdb.Checkpoint> ---------------- begin ----------------
2026-07-04 14:06:57.416 INFO  <mkdb.Checkpoint> marshalN=1/0
2026-07-04 14:06:57.416 INFO  <mkdb.Checkpoint> snapshot=0 marshal0=0
2026-07-04 14:06:57.416 INFO  <mkdb.Checkpoint> flush=0
2026-07-04 14:06:57.416 INFO  <mkdb.Checkpoint> ----------------- end -----------------
2026-07-04 14:07:57.465 INFO  <mkdb.Checkpoint> ---------------- begin ----------------
2026-07-04 14:07:57.465 INFO  <mkdb.Checkpoint> marshalN=1/0
2026-07-04 14:07:57.465 INFO  <mkdb.Checkpoint> snapshot=0 marshal0=0
2026-07-04 14:07:57.465 INFO  <mkdb.Checkpoint> flush=0
2026-07-04 14:07:57.465 INFO  <mkdb.Checkpoint> ----------------- end -----------------
2026-07-04 14:08:57.516 INFO  <mkdb.Checkpoint> ---------------- begin ----------------
2026-07-04 14:08:57.516 INFO  <mkdb.Checkpoint> marshalN=1/0
2026-07-04 14:08:57.516 INFO  <mkdb.Checkpoint> snapshot=0 marshal0=0
2026-07-04 14:08:57.516 INFO  <mkdb.Checkpoint> flush=0
2026-07-04 14:08:57.516 INFO  <mkdb.Checkpoint> ----------------- end -----------------
2026-07-04 14:09:57.570 INFO  <mkdb.Checkpoint> ---------------- begin ----------------
2026-07-04 14:09:57.570 INFO  <mkdb.Checkpoint> marshalN=1/0
2026-07-04 14:09:57.571 INFO  <mkdb.Checkpoint> snapshot=0 marshal0=0
2026-07-04 14:09:57.571 INFO  <mkdb.Checkpoint> flush=0
2026-07-04 14:09:57.571 INFO  <mkdb.Checkpoint> ----------------- end -----------------
2026-07-04 14:10:57.623 INFO  <mkdb.Checkpoint> ---------------- begin ----------------
2026-07-04 14:10:57.623 INFO  <mkdb.Checkpoint> marshalN=1/0
2026-07-04 14:10:57.623 INFO  <mkdb.Checkpoint> snapshot=0 marshal0=0
2026-07-04 14:10:57.623 INFO  <mkdb.Checkpoint> flush=0
2026-07-04 14:10:57.623 INFO  <mkdb.Checkpoint> ----------------- end -----------------
2026-07-04 14:11:57.675 INFO  <mkdb.Checkpoint> ---------------- begin ----------------
2026-07-04 14:11:57.675 INFO  <mkdb.Checkpoint> marshalN=1/0
2026-07-04 14:11:57.675 INFO  <mkdb.Checkpoint> snapshot=0 marshal0=0
2026-07-04 14:11:57.675 INFO  <mkdb.Checkpoint> flush=0
2026-07-04 14:11:57.675 INFO  <mkdb.Checkpoint> ----------------- end -----------------
2026-07-04 14:12:57.728 INFO  <mkdb.Checkpoint> ---------------- begin ----------------
2026-07-04 14:12:57.728 INFO  <mkdb.Checkpoint> marshalN=1/0
2026-07-04 14:12:57.728 INFO  <mkdb.Checkpoint> snapshot=0 marshal0=0
2026-07-04 14:12:57.728 INFO  <mkdb.Checkpoint> flush=0
2026-07-04 14:12:57.728 INFO  <mkdb.Checkpoint> ----------------- end -----------------
2026-07-04 14:13:57.781 INFO  <mkdb.Checkpoint> ---------------- begin ----------------
2026-07-04 14:13:57.781 INFO  <mkdb.Checkpoint> marshalN=1/0
2026-07-04 14:13:57.781 INFO  <mkdb.Checkpoint> snapshot=0 marshal0=0
2026-07-04 14:13:57.781 INFO  <mkdb.Checkpoint> flush=0
2026-07-04 14:13:57.781 INFO  <mkdb.Checkpoint> ----------------- end -----------------
2026-07-04 14:14:57.842 INFO  <mkdb.Checkpoint> ---------------- begin ----------------
2026-07-04 14:14:57.842 INFO  <mkdb.Checkpoint> marshalN=1/0
2026-07-04 14:14:57.842 INFO  <mkdb.Checkpoint> snapshot=0 marshal0=0
2026-07-04 14:14:57.842 INFO  <mkdb.Checkpoint> flush=0
2026-07-04 14:14:57.842 INFO  <mkdb.Checkpoint> ----------------- end -----------------
2026-07-04 14:15:57.890 INFO  <mkdb.Checkpoint> ---------------- begin ----------------
2026-07-04 14:15:57.890 INFO  <mkdb.Checkpoint> marshalN=1/0
2026-07-04 14:15:57.890 INFO  <mkdb.Checkpoint> snapshot=0 marshal0=0
2026-07-04 14:15:57.890 INFO  <mkdb.Checkpoint> flush=0
2026-07-04 14:15:57.890 INFO  <mkdb.Checkpoint> ----------------- end -----------------
2026-07-04 14:16:03.094 WARN  <mkdb.Backup> backup FULL begin
2026-07-04 14:16:03.095 WARN  <mkdb.Backup> backup FULL end
2026-07-04 14:16:57.942 INFO  <mkdb.Checkpoint> ---------------- begin ----------------
2026-07-04 14:16:57.942 INFO  <mkdb.Checkpoint> marshalN=1/0
2026-07-04 14:16:57.942 INFO  <mkdb.Checkpoint> snapshot=0 marshal0=0
2026-07-04 14:16:57.942 INFO  <mkdb.Checkpoint> flush=0
2026-07-04 14:16:57.942 INFO  <mkdb.Checkpoint> ----------------- end -----------------
2026-07-04 14:17:57.994 INFO  <mkdb.Checkpoint> ---------------- begin ----------------
2026-07-04 14:17:57.994 INFO  <mkdb.Checkpoint> marshalN=1/0
2026-07-04 14:17:57.994 INFO  <mkdb.Checkpoint> snapshot=0 marshal0=0
2026-07-04 14:17:57.994 INFO  <mkdb.Checkpoint> flush=0
2026-07-04 14:17:57.994 INFO  <mkdb.Checkpoint> ----------------- end -----------------
2026-07-04 14:18:58.046 INFO  <mkdb.Checkpoint> ---------------- begin ----------------
2026-07-04 14:18:58.046 INFO  <mkdb.Checkpoint> marshalN=1/0
2026-07-04 14:18:58.046 INFO  <mkdb.Checkpoint> snapshot=0 marshal0=0
2026-07-04 14:18:58.046 INFO  <mkdb.Checkpoint> flush=0
2026-07-04 14:18:58.046 INFO  <mkdb.Checkpoint> ----------------- end -----------------
2026-07-04 14:19:58.100 INFO  <mkdb.Checkpoint> ---------------- begin ----------------
2026-07-04 14:19:58.100 INFO  <mkdb.Checkpoint> marshalN=1/0
2026-07-04 14:19:58.100 INFO  <mkdb.Checkpoint> snapshot=0 marshal0=0
2026-07-04 14:19:58.100 INFO  <mkdb.Checkpoint> flush=0
2026-07-04 14:19:58.100 INFO  <mkdb.Checkpoint> ----------------- end -----------------
2026-07-04 14:20:58.152 INFO  <mkdb.Checkpoint> ---------------- begin ----------------
2026-07-04 14:20:58.152 INFO  <mkdb.Checkpoint> marshalN=1/0
2026-07-04 14:20:58.152 INFO  <mkdb.Checkpoint> snapshot=0 marshal0=0
2026-07-04 14:20:58.152 INFO  <mkdb.Checkpoint> flush=0
2026-07-04 14:20:58.152 INFO  <mkdb.Checkpoint> ----------------- end -----------------
2026-07-04 14:21:58.199 INFO  <mkdb.Checkpoint> ---------------- begin ----------------
2026-07-04 14:21:58.199 INFO  <mkdb.Checkpoint> marshalN=1/0
2026-07-04 14:21:58.199 INFO  <mkdb.Checkpoint> snapshot=0 marshal0=0
2026-07-04 14:21:58.199 INFO  <mkdb.Checkpoint> flush=0
2026-07-04 14:21:58.199 INFO  <mkdb.Checkpoint> ----------------- end -----------------
2026-07-04 14:22:58.253 INFO  <mkdb.Checkpoint> ---------------- begin ----------------
2026-07-04 14:22:58.253 INFO  <mkdb.Checkpoint> marshalN=1/0
2026-07-04 14:22:58.253 INFO  <mkdb.Checkpoint> snapshot=0 marshal0=0
2026-07-04 14:22:58.253 INFO  <mkdb.Checkpoint> flush=0
2026-07-04 14:22:58.253 INFO  <mkdb.Checkpoint> ----------------- end -----------------
2026-07-04 14:23:58.305 INFO  <mkdb.Checkpoint> ---------------- begin ----------------
2026-07-04 14:23:58.305 INFO  <mkdb.Checkpoint> marshalN=1/0
2026-07-04 14:23:58.305 INFO  <mkdb.Checkpoint> snapshot=0 marshal0=0
2026-07-04 14:23:58.305 INFO  <mkdb.Checkpoint> flush=0
2026-07-04 14:23:58.305 INFO  <mkdb.Checkpoint> ----------------- end -----------------
2026-07-04 14:24:58.357 INFO  <mkdb.Checkpoint> ---------------- begin ----------------
2026-07-04 14:24:58.357 INFO  <mkdb.Checkpoint> marshalN=1/0
2026-07-04 14:24:58.357 INFO  <mkdb.Checkpoint> snapshot=0 marshal0=0
2026-07-04 14:24:58.357 INFO  <mkdb.Checkpoint> flush=0
2026-07-04 14:24:58.357 INFO  <mkdb.Checkpoint> ----------------- end -----------------
2026-07-04 14:25:58.409 INFO  <mkdb.Checkpoint> ---------------- begin ----------------
2026-07-04 14:25:58.409 INFO  <mkdb.Checkpoint> marshalN=1/0
2026-07-04 14:25:58.409 INFO  <mkdb.Checkpoint> snapshot=0 marshal0=0
2026-07-04 14:25:58.409 INFO  <mkdb.Checkpoint> flush=0
2026-07-04 14:25:58.409 INFO  <mkdb.Checkpoint> ----------------- end -----------------
2026-07-04 14:26:58.459 INFO  <mkdb.Checkpoint> ---------------- begin ----------------
2026-07-04 14:26:58.459 INFO  <mkdb.Checkpoint> marshalN=1/0
2026-07-04 14:26:58.459 INFO  <mkdb.Checkpoint> snapshot=0 marshal0=0
2026-07-04 14:26:58.459 INFO  <mkdb.Checkpoint> flush=0
2026-07-04 14:26:58.459 INFO  <mkdb.Checkpoint> ----------------- end -----------------
2026-07-04 14:27:58.509 INFO  <mkdb.Checkpoint> ---------------- begin ----------------
2026-07-04 14:27:58.509 INFO  <mkdb.Checkpoint> marshalN=1/0
2026-07-04 14:27:58.509 INFO  <mkdb.Checkpoint> snapshot=0 marshal0=0
2026-07-04 14:27:58.509 INFO  <mkdb.Checkpoint> flush=0
2026-07-04 14:27:58.509 INFO  <mkdb.Checkpoint> ----------------- end -----------------
2026-07-04 14:28:58.563 INFO  <mkdb.Checkpoint> ---------------- begin ----------------
2026-07-04 14:28:58.563 INFO  <mkdb.Checkpoint> marshalN=1/0
2026-07-04 14:28:58.563 INFO  <mkdb.Checkpoint> snapshot=0 marshal0=0
2026-07-04 14:28:58.563 INFO  <mkdb.Checkpoint> flush=0
2026-07-04 14:28:58.563 INFO  <mkdb.Checkpoint> ----------------- end -----------------
2026-07-04 14:29:58.615 INFO  <mkdb.Checkpoint> ---------------- begin ----------------
2026-07-04 14:29:58.615 INFO  <mkdb.Checkpoint> marshalN=1/0
2026-07-04 14:29:58.615 INFO  <mkdb.Checkpoint> snapshot=0 marshal0=0
2026-07-04 14:29:58.615 INFO  <mkdb.Checkpoint> flush=0
2026-07-04 14:29:58.615 INFO  <mkdb.Checkpoint> ----------------- end -----------------
2026-07-04 14:30:58.666 INFO  <mkdb.Checkpoint> ---------------- begin ----------------
2026-07-04 14:30:58.666 INFO  <mkdb.Checkpoint> marshalN=1/0
2026-07-04 14:30:58.666 INFO  <mkdb.Checkpoint> snapshot=0 marshal0=0
2026-07-04 14:30:58.666 INFO  <mkdb.Checkpoint> flush=0
2026-07-04 14:30:58.666 INFO  <mkdb.Checkpoint> ----------------- end -----------------
2026-07-04 14:31:58.732 INFO  <mkdb.Checkpoint> ---------------- begin ----------------
2026-07-04 14:31:58.732 INFO  <mkdb.Checkpoint> marshalN=1/0
2026-07-04 14:31:58.732 INFO  <mkdb.Checkpoint> snapshot=0 marshal0=0
2026-07-04 14:31:58.732 INFO  <mkdb.Checkpoint> flush=0
2026-07-04 14:31:58.732 INFO  <mkdb.Checkpoint> ----------------- end -----------------
2026-07-04 14:32:58.781 INFO  <mkdb.Checkpoint> ---------------- begin ----------------
2026-07-04 14:32:58.781 INFO  <mkdb.Checkpoint> marshalN=1/0
2026-07-04 14:32:58.781 INFO  <mkdb.Checkpoint> snapshot=0 marshal0=0
2026-07-04 14:32:58.781 INFO  <mkdb.Checkpoint> flush=0
2026-07-04 14:32:58.781 INFO  <mkdb.Checkpoint> ----------------- end -----------------
2026-07-04 14:33:58.831 INFO  <mkdb.Checkpoint> ---------------- begin ----------------
2026-07-04 14:33:58.831 INFO  <mkdb.Checkpoint> marshalN=1/0
2026-07-04 14:33:58.831 INFO  <mkdb.Checkpoint> snapshot=0 marshal0=0
2026-07-04 14:33:58.831 INFO  <mkdb.Checkpoint> flush=0
2026-07-04 14:33:58.831 INFO  <mkdb.Checkpoint> ----------------- end -----------------
2026-07-04 14:34:58.878 INFO  <mkdb.Checkpoint> ---------------- begin ----------------
2026-07-04 14:34:58.878 INFO  <mkdb.Checkpoint> marshalN=1/0
2026-07-04 14:34:58.878 INFO  <mkdb.Checkpoint> snapshot=0 marshal0=0
2026-07-04 14:34:58.878 INFO  <mkdb.Checkpoint> flush=0
2026-07-04 14:34:58.878 INFO  <mkdb.Checkpoint> ----------------- end -----------------
2026-07-04 14:35:58.938 INFO  <mkdb.Checkpoint> ---------------- begin ----------------
2026-07-04 14:35:58.938 INFO  <mkdb.Checkpoint> marshalN=1/0
2026-07-04 14:35:58.938 INFO  <mkdb.Checkpoint> snapshot=0 marshal0=0
2026-07-04 14:35:58.938 INFO  <mkdb.Checkpoint> flush=0
2026-07-04 14:35:58.938 INFO  <mkdb.Checkpoint> ----------------- end -----------------
2026-07-04 14:36:58.991 INFO  <mkdb.Checkpoint> ---------------- begin ----------------
2026-07-04 14:36:58.991 INFO  <mkdb.Checkpoint> marshalN=1/0
2026-07-04 14:36:58.991 INFO  <mkdb.Checkpoint> snapshot=0 marshal0=0
2026-07-04 14:36:58.991 INFO  <mkdb.Checkpoint> flush=0
2026-07-04 14:36:58.991 INFO  <mkdb.Checkpoint> ----------------- end -----------------
2026-07-04 14:37:59.044 INFO  <mkdb.Checkpoint> ---------------- begin ----------------
2026-07-04 14:37:59.044 INFO  <mkdb.Checkpoint> marshalN=1/0
2026-07-04 14:37:59.044 INFO  <mkdb.Checkpoint> snapshot=0 marshal0=0
2026-07-04 14:37:59.044 INFO  <mkdb.Checkpoint> flush=0
2026-07-04 14:37:59.044 INFO  <mkdb.Checkpoint> ----------------- end -----------------
2026-07-04 14:38:59.093 INFO  <mkdb.Checkpoint> ---------------- begin ----------------
2026-07-04 14:38:59.093 INFO  <mkdb.Checkpoint> marshalN=1/0
2026-07-04 14:38:59.093 INFO  <mkdb.Checkpoint> snapshot=0 marshal0=0
2026-07-04 14:38:59.093 INFO  <mkdb.Checkpoint> flush=0
2026-07-04 14:38:59.093 INFO  <mkdb.Checkpoint> ----------------- end -----------------
2026-07-04 14:39:59.140 INFO  <mkdb.Checkpoint> ---------------- begin ----------------
2026-07-04 14:39:59.140 INFO  <mkdb.Checkpoint> marshalN=1/0
2026-07-04 14:39:59.140 INFO  <mkdb.Checkpoint> snapshot=0 marshal0=0
2026-07-04 14:39:59.140 INFO  <mkdb.Checkpoint> flush=0
2026-07-04 14:39:59.140 INFO  <mkdb.Checkpoint> ----------------- end -----------------
2026-07-04 14:40:59.194 INFO  <mkdb.Checkpoint> ---------------- begin ----------------
2026-07-04 14:40:59.194 INFO  <mkdb.Checkpoint> marshalN=1/0
2026-07-04 14:40:59.194 INFO  <mkdb.Checkpoint> snapshot=0 marshal0=0
2026-07-04 14:40:59.194 INFO  <mkdb.Checkpoint> flush=0
2026-07-04 14:40:59.194 INFO  <mkdb.Checkpoint> ----------------- end -----------------
2026-07-04 14:41:59.248 INFO  <mkdb.Checkpoint> ---------------- begin ----------------
2026-07-04 14:41:59.248 INFO  <mkdb.Checkpoint> marshalN=1/0
2026-07-04 14:41:59.248 INFO  <mkdb.Checkpoint> snapshot=0 marshal0=0
2026-07-04 14:41:59.248 INFO  <mkdb.Checkpoint> flush=0
2026-07-04 14:41:59.248 INFO  <mkdb.Checkpoint> ----------------- end -----------------
2026-07-04 14:42:59.302 INFO  <mkdb.Checkpoint> ---------------- begin ----------------
2026-07-04 14:42:59.302 INFO  <mkdb.Checkpoint> marshalN=1/0
2026-07-04 14:42:59.302 INFO  <mkdb.Checkpoint> snapshot=0 marshal0=0
2026-07-04 14:42:59.302 INFO  <mkdb.Checkpoint> flush=0
2026-07-04 14:42:59.302 INFO  <mkdb.Checkpoint> ----------------- end -----------------
2026-07-04 14:43:59.354 INFO  <mkdb.Checkpoint> ---------------- begin ----------------
2026-07-04 14:43:59.354 INFO  <mkdb.Checkpoint> marshalN=1/0
2026-07-04 14:43:59.354 INFO  <mkdb.Checkpoint> snapshot=0 marshal0=0
2026-07-04 14:43:59.354 INFO  <mkdb.Checkpoint> flush=0
2026-07-04 14:43:59.354 INFO  <mkdb.Checkpoint> ----------------- end -----------------
2026-07-04 14:44:59.410 INFO  <mkdb.Checkpoint> ---------------- begin ----------------
2026-07-04 14:44:59.411 INFO  <mkdb.Checkpoint> marshalN=1/0
2026-07-04 14:44:59.411 INFO  <mkdb.Checkpoint> snapshot=0 marshal0=0
2026-07-04 14:44:59.411 INFO  <mkdb.Checkpoint> flush=0
2026-07-04 14:44:59.411 INFO  <mkdb.Checkpoint> ----------------- end -----------------
2026-07-04 14:45:59.462 INFO  <mkdb.Checkpoint> ---------------- begin ----------------
2026-07-04 14:45:59.462 INFO  <mkdb.Checkpoint> marshalN=1/0
2026-07-04 14:45:59.462 INFO  <mkdb.Checkpoint> snapshot=0 marshal0=0
2026-07-04 14:45:59.462 INFO  <mkdb.Checkpoint> flush=0
2026-07-04 14:45:59.462 INFO  <mkdb.Checkpoint> ----------------- end -----------------
2026-07-04 14:46:59.515 INFO  <mkdb.Checkpoint> ---------------- begin ----------------
2026-07-04 14:46:59.515 INFO  <mkdb.Checkpoint> marshalN=1/0
2026-07-04 14:46:59.515 INFO  <mkdb.Checkpoint> snapshot=0 marshal0=0
2026-07-04 14:46:59.515 INFO  <mkdb.Checkpoint> flush=0
2026-07-04 14:46:59.515 INFO  <mkdb.Checkpoint> ----------------- end -----------------
2026-07-04 14:47:59.569 INFO  <mkdb.Checkpoint> ---------------- begin ----------------
2026-07-04 14:47:59.569 INFO  <mkdb.Checkpoint> marshalN=1/0
2026-07-04 14:47:59.569 INFO  <mkdb.Checkpoint> snapshot=0 marshal0=0
2026-07-04 14:47:59.569 INFO  <mkdb.Checkpoint> flush=0
2026-07-04 14:47:59.569 INFO  <mkdb.Checkpoint> ----------------- end -----------------
2026-07-04 14:48:59.620 INFO  <mkdb.Checkpoint> ---------------- begin ----------------
2026-07-04 14:48:59.620 INFO  <mkdb.Checkpoint> marshalN=1/0
2026-07-04 14:48:59.620 INFO  <mkdb.Checkpoint> snapshot=0 marshal0=0
2026-07-04 14:48:59.620 INFO  <mkdb.Checkpoint> flush=0
2026-07-04 14:48:59.620 INFO  <mkdb.Checkpoint> ----------------- end -----------------
2026-07-04 14:49:59.672 INFO  <mkdb.Checkpoint> ---------------- begin ----------------
2026-07-04 14:49:59.672 INFO  <mkdb.Checkpoint> marshalN=1/0
2026-07-04 14:49:59.672 INFO  <mkdb.Checkpoint> snapshot=0 marshal0=0
2026-07-04 14:49:59.672 INFO  <mkdb.Checkpoint> flush=0
2026-07-04 14:49:59.672 INFO  <mkdb.Checkpoint> ----------------- end -----------------
2026-07-04 14:50:59.722 INFO  <mkdb.Checkpoint> ---------------- begin ----------------
2026-07-04 14:50:59.722 INFO  <mkdb.Checkpoint> marshalN=1/0
2026-07-04 14:50:59.722 INFO  <mkdb.Checkpoint> snapshot=0 marshal0=0
2026-07-04 14:50:59.722 INFO  <mkdb.Checkpoint> flush=0
2026-07-04 14:50:59.722 INFO  <mkdb.Checkpoint> ----------------- end -----------------
2026-07-04 14:51:59.777 INFO  <mkdb.Checkpoint> ---------------- begin ----------------
2026-07-04 14:51:59.777 INFO  <mkdb.Checkpoint> marshalN=1/0
2026-07-04 14:51:59.777 INFO  <mkdb.Checkpoint> snapshot=0 marshal0=0
2026-07-04 14:51:59.777 INFO  <mkdb.Checkpoint> flush=0
2026-07-04 14:51:59.777 INFO  <mkdb.Checkpoint> ----------------- end -----------------
2026-07-04 14:52:59.827 INFO  <mkdb.Checkpoint> ---------------- begin ----------------
2026-07-04 14:52:59.827 INFO  <mkdb.Checkpoint> marshalN=1/0
2026-07-04 14:52:59.827 INFO  <mkdb.Checkpoint> snapshot=0 marshal0=0
2026-07-04 14:52:59.827 INFO  <mkdb.Checkpoint> flush=0
2026-07-04 14:52:59.827 INFO  <mkdb.Checkpoint> ----------------- end -----------------
2026-07-04 14:53:59.880 INFO  <mkdb.Checkpoint> ---------------- begin ----------------
2026-07-04 14:53:59.880 INFO  <mkdb.Checkpoint> marshalN=1/0
2026-07-04 14:53:59.880 INFO  <mkdb.Checkpoint> snapshot=0 marshal0=0
2026-07-04 14:53:59.880 INFO  <mkdb.Checkpoint> flush=0
2026-07-04 14:53:59.880 INFO  <mkdb.Checkpoint> ----------------- end -----------------
2026-07-04 14:54:59.935 INFO  <mkdb.Checkpoint> ---------------- begin ----------------
2026-07-04 14:54:59.935 INFO  <mkdb.Checkpoint> marshalN=1/0
2026-07-04 14:54:59.935 INFO  <mkdb.Checkpoint> snapshot=0 marshal0=0
2026-07-04 14:54:59.935 INFO  <mkdb.Checkpoint> flush=0
2026-07-04 14:54:59.935 INFO  <mkdb.Checkpoint> ----------------- end -----------------
2026-07-04 14:55:59.985 INFO  <mkdb.Checkpoint> ---------------- begin ----------------
2026-07-04 14:55:59.985 INFO  <mkdb.Checkpoint> marshalN=1/0
2026-07-04 14:55:59.985 INFO  <mkdb.Checkpoint> snapshot=0 marshal0=0
2026-07-04 14:55:59.985 INFO  <mkdb.Checkpoint> flush=0
2026-07-04 14:55:59.985 INFO  <mkdb.Checkpoint> ----------------- end -----------------
2026-07-04 14:57:00.037 INFO  <mkdb.Checkpoint> ---------------- begin ----------------
2026-07-04 14:57:00.037 INFO  <mkdb.Checkpoint> marshalN=1/0
2026-07-04 14:57:00.037 INFO  <mkdb.Checkpoint> snapshot=0 marshal0=0
2026-07-04 14:57:00.037 INFO  <mkdb.Checkpoint> flush=0
2026-07-04 14:57:00.037 INFO  <mkdb.Checkpoint> ----------------- end -----------------
2026-07-04 14:58:00.091 INFO  <mkdb.Checkpoint> ---------------- begin ----------------
2026-07-04 14:58:00.091 INFO  <mkdb.Checkpoint> marshalN=1/0
2026-07-04 14:58:00.091 INFO  <mkdb.Checkpoint> snapshot=0 marshal0=0
2026-07-04 14:58:00.092 INFO  <mkdb.Checkpoint> flush=0
2026-07-04 14:58:00.092 INFO  <mkdb.Checkpoint> ----------------- end -----------------
2026-07-04 14:59:00.142 INFO  <mkdb.Checkpoint> ---------------- begin ----------------
2026-07-04 14:59:00.142 INFO  <mkdb.Checkpoint> marshalN=1/0
2026-07-04 14:59:00.142 INFO  <mkdb.Checkpoint> snapshot=0 marshal0=0
2026-07-04 14:59:00.142 INFO  <mkdb.Checkpoint> flush=0
2026-07-04 14:59:00.142 INFO  <mkdb.Checkpoint> ----------------- end -----------------
2026-07-04 15:00:00.194 INFO  <mkdb.Checkpoint> ---------------- begin ----------------
2026-07-04 15:00:00.194 INFO  <mkdb.Checkpoint> marshalN=1/0
2026-07-04 15:00:00.194 INFO  <mkdb.Checkpoint> snapshot=0 marshal0=0
2026-07-04 15:00:00.194 INFO  <mkdb.Checkpoint> flush=0
2026-07-04 15:00:00.194 INFO  <mkdb.Checkpoint> ----------------- end -----------------
2026-07-04 15:01:00.245 INFO  <mkdb.Checkpoint> ---------------- begin ----------------
2026-07-04 15:01:00.245 INFO  <mkdb.Checkpoint> marshalN=1/0
2026-07-04 15:01:00.245 INFO  <mkdb.Checkpoint> snapshot=0 marshal0=0
2026-07-04 15:01:00.245 INFO  <mkdb.Checkpoint> flush=0
2026-07-04 15:01:00.245 INFO  <mkdb.Checkpoint> ----------------- end -----------------
2026-07-04 15:02:00.297 INFO  <mkdb.Checkpoint> ---------------- begin ----------------
2026-07-04 15:02:00.297 INFO  <mkdb.Checkpoint> marshalN=1/0
2026-07-04 15:02:00.297 INFO  <mkdb.Checkpoint> snapshot=0 marshal0=0
2026-07-04 15:02:00.297 INFO  <mkdb.Checkpoint> flush=0
2026-07-04 15:02:00.297 INFO  <mkdb.Checkpoint> ----------------- end -----------------
2026-07-04 15:02:45.035 WARN  <mkdb.Backup> backup FULL begin
2026-07-04 15:02:45.035 WARN  <mkdb.Backup> backup FULL end
2026-07-04 15:03:00.347 INFO  <mkdb.Checkpoint> ---------------- begin ----------------
2026-07-04 15:03:00.347 INFO  <mkdb.Checkpoint> marshalN=1/0
2026-07-04 15:03:00.347 INFO  <mkdb.Checkpoint> snapshot=0 marshal0=0
2026-07-04 15:03:00.347 INFO  <mkdb.Checkpoint> flush=0
2026-07-04 15:03:00.347 INFO  <mkdb.Checkpoint> ----------------- end -----------------
2026-07-04 15:04:00.399 INFO  <mkdb.Checkpoint> ---------------- begin ----------------
2026-07-04 15:04:00.399 INFO  <mkdb.Checkpoint> marshalN=1/0
2026-07-04 15:04:00.399 INFO  <mkdb.Checkpoint> snapshot=0 marshal0=0
2026-07-04 15:04:00.399 INFO  <mkdb.Checkpoint> flush=0
2026-07-04 15:04:00.399 INFO  <mkdb.Checkpoint> ----------------- end -----------------
2026-07-04 15:05:00.451 INFO  <mkdb.Checkpoint> ---------------- begin ----------------
2026-07-04 15:05:00.451 INFO  <mkdb.Checkpoint> marshalN=1/0
2026-07-04 15:05:00.451 INFO  <mkdb.Checkpoint> snapshot=0 marshal0=0
2026-07-04 15:05:00.451 INFO  <mkdb.Checkpoint> flush=0
2026-07-04 15:05:00.451 INFO  <mkdb.Checkpoint> ----------------- end -----------------
2026-07-04 15:06:00.501 INFO  <mkdb.Checkpoint> ---------------- begin ----------------
2026-07-04 15:06:00.501 INFO  <mkdb.Checkpoint> marshalN=1/0
2026-07-04 15:06:00.501 INFO  <mkdb.Checkpoint> snapshot=0 marshal0=0
2026-07-04 15:06:00.502 INFO  <mkdb.Checkpoint> flush=0
2026-07-04 15:06:00.502 INFO  <mkdb.Checkpoint> ----------------- end -----------------
2026-07-04 15:07:00.554 INFO  <mkdb.Checkpoint> ---------------- begin ----------------
2026-07-04 15:07:00.554 INFO  <mkdb.Checkpoint> marshalN=1/0
2026-07-04 15:07:00.554 INFO  <mkdb.Checkpoint> snapshot=0 marshal0=0
2026-07-04 15:07:00.555 INFO  <mkdb.Checkpoint> flush=0
2026-07-04 15:07:00.555 INFO  <mkdb.Checkpoint> ----------------- end -----------------
2026-07-04 15:08:00.606 INFO  <mkdb.Checkpoint> ---------------- begin ----------------
2026-07-04 15:08:00.607 INFO  <mkdb.Checkpoint> marshalN=1/0
2026-07-04 15:08:00.607 INFO  <mkdb.Checkpoint> snapshot=0 marshal0=0
2026-07-04 15:08:00.607 INFO  <mkdb.Checkpoint> flush=0
2026-07-04 15:08:00.607 INFO  <mkdb.Checkpoint> ----------------- end -----------------
2026-07-04 15:09:00.656 INFO  <mkdb.Checkpoint> ---------------- begin ----------------
2026-07-04 15:09:00.656 INFO  <mkdb.Checkpoint> marshalN=1/0
2026-07-04 15:09:00.656 INFO  <mkdb.Checkpoint> snapshot=0 marshal0=0
2026-07-04 15:09:00.656 INFO  <mkdb.Checkpoint> flush=0
2026-07-04 15:09:00.656 INFO  <mkdb.Checkpoint> ----------------- end -----------------
2026-07-04 15:10:00.710 INFO  <mkdb.Checkpoint> ---------------- begin ----------------
2026-07-04 15:10:00.710 INFO  <mkdb.Checkpoint> marshalN=1/0
2026-07-04 15:10:00.710 INFO  <mkdb.Checkpoint> snapshot=0 marshal0=0
2026-07-04 15:10:00.710 INFO  <mkdb.Checkpoint> flush=0
2026-07-04 15:10:00.710 INFO  <mkdb.Checkpoint> ----------------- end -----------------
2026-07-04 15:11:00.763 INFO  <mkdb.Checkpoint> ---------------- begin ----------------
2026-07-04 15:11:00.763 INFO  <mkdb.Checkpoint> marshalN=1/0
2026-07-04 15:11:00.763 INFO  <mkdb.Checkpoint> snapshot=0 marshal0=0
2026-07-04 15:11:00.763 INFO  <mkdb.Checkpoint> flush=0
2026-07-04 15:11:00.763 INFO  <mkdb.Checkpoint> ----------------- end -----------------
2026-07-04 15:12:00.820 INFO  <mkdb.Checkpoint> ---------------- begin ----------------
2026-07-04 15:12:00.820 INFO  <mkdb.Checkpoint> marshalN=1/0
2026-07-04 15:12:00.820 INFO  <mkdb.Checkpoint> snapshot=0 marshal0=0
2026-07-04 15:12:00.820 INFO  <mkdb.Checkpoint> flush=0
2026-07-04 15:12:00.820 INFO  <mkdb.Checkpoint> ----------------- end -----------------
2026-07-04 15:13:00.879 INFO  <mkdb.Checkpoint> ---------------- begin ----------------
2026-07-04 15:13:00.879 INFO  <mkdb.Checkpoint> marshalN=1/0
2026-07-04 15:13:00.879 INFO  <mkdb.Checkpoint> snapshot=0 marshal0=0
2026-07-04 15:13:00.879 INFO  <mkdb.Checkpoint> flush=0
2026-07-04 15:13:00.879 INFO  <mkdb.Checkpoint> ----------------- end -----------------
2026-07-04 15:14:00.939 INFO  <mkdb.Checkpoint> ---------------- begin ----------------
2026-07-04 15:14:00.939 INFO  <mkdb.Checkpoint> marshalN=1/0
2026-07-04 15:14:00.939 INFO  <mkdb.Checkpoint> snapshot=0 marshal0=0
2026-07-04 15:14:00.939 INFO  <mkdb.Checkpoint> flush=0
2026-07-04 15:14:00.939 INFO  <mkdb.Checkpoint> ----------------- end -----------------
2026-07-04 15:15:00.998 INFO  <mkdb.Checkpoint> ---------------- begin ----------------
2026-07-04 15:15:00.998 INFO  <mkdb.Checkpoint> marshalN=1/0
2026-07-04 15:15:00.998 INFO  <mkdb.Checkpoint> snapshot=0 marshal0=0
2026-07-04 15:15:00.998 INFO  <mkdb.Checkpoint> flush=0
2026-07-04 15:15:00.998 INFO  <mkdb.Checkpoint> ----------------- end -----------------
2026-07-04 15:16:01.057 INFO  <mkdb.Checkpoint> ---------------- begin ----------------
2026-07-04 15:16:01.057 INFO  <mkdb.Checkpoint> marshalN=1/0
2026-07-04 15:16:01.057 INFO  <mkdb.Checkpoint> snapshot=0 marshal0=0
2026-07-04 15:16:01.057 INFO  <mkdb.Checkpoint> flush=0
2026-07-04 15:16:01.057 INFO  <mkdb.Checkpoint> ----------------- end -----------------
2026-07-04 15:17:01.116 INFO  <mkdb.Checkpoint> ---------------- begin ----------------
2026-07-04 15:17:01.116 INFO  <mkdb.Checkpoint> marshalN=1/0
2026-07-04 15:17:01.116 INFO  <mkdb.Checkpoint> snapshot=0 marshal0=0
2026-07-04 15:17:01.116 INFO  <mkdb.Checkpoint> flush=0
2026-07-04 15:17:01.116 INFO  <mkdb.Checkpoint> ----------------- end -----------------
2026-07-04 15:18:01.172 INFO  <mkdb.Checkpoint> ---------------- begin ----------------
2026-07-04 15:18:01.172 INFO  <mkdb.Checkpoint> marshalN=1/0
2026-07-04 15:18:01.172 INFO  <mkdb.Checkpoint> snapshot=0 marshal0=0
2026-07-04 15:18:01.172 INFO  <mkdb.Checkpoint> flush=0
2026-07-04 15:18:01.172 INFO  <mkdb.Checkpoint> ----------------- end -----------------
2026-07-04 15:19:01.231 INFO  <mkdb.Checkpoint> ---------------- begin ----------------
2026-07-04 15:19:01.231 INFO  <mkdb.Checkpoint> marshalN=1/0
2026-07-04 15:19:01.231 INFO  <mkdb.Checkpoint> snapshot=0 marshal0=0
2026-07-04 15:19:01.231 INFO  <mkdb.Checkpoint> flush=0
2026-07-04 15:19:01.231 INFO  <mkdb.Checkpoint> ----------------- end -----------------
2026-07-04 15:20:01.296 INFO  <mkdb.Checkpoint> ---------------- begin ----------------
2026-07-04 15:20:01.296 INFO  <mkdb.Checkpoint> marshalN=1/0
2026-07-04 15:20:01.297 INFO  <mkdb.Checkpoint> snapshot=0 marshal0=0
2026-07-04 15:20:01.297 INFO  <mkdb.Checkpoint> flush=0
2026-07-04 15:20:01.297 INFO  <mkdb.Checkpoint> ----------------- end -----------------
2026-07-04 15:21:01.354 INFO  <mkdb.Checkpoint> ---------------- begin ----------------
2026-07-04 15:21:01.354 INFO  <mkdb.Checkpoint> marshalN=1/0
2026-07-04 15:21:01.354 INFO  <mkdb.Checkpoint> snapshot=0 marshal0=0
2026-07-04 15:21:01.354 INFO  <mkdb.Checkpoint> flush=0
2026-07-04 15:21:01.354 INFO  <mkdb.Checkpoint> ----------------- end -----------------
2026-07-04 15:22:01.413 INFO  <mkdb.Checkpoint> ---------------- begin ----------------
2026-07-04 15:22:01.413 INFO  <mkdb.Checkpoint> marshalN=1/0
2026-07-04 15:22:01.413 INFO  <mkdb.Checkpoint> snapshot=0 marshal0=0
2026-07-04 15:22:01.413 INFO  <mkdb.Checkpoint> flush=0
2026-07-04 15:22:01.413 INFO  <mkdb.Checkpoint> ----------------- end -----------------
2026-07-04 15:23:01.466 INFO  <mkdb.Checkpoint> ---------------- begin ----------------
2026-07-04 15:23:01.466 INFO  <mkdb.Checkpoint> marshalN=1/0
2026-07-04 15:23:01.466 INFO  <mkdb.Checkpoint> snapshot=0 marshal0=0
2026-07-04 15:23:01.466 INFO  <mkdb.Checkpoint> flush=0
2026-07-04 15:23:01.466 INFO  <mkdb.Checkpoint> ----------------- end -----------------
2026-07-04 15:24:01.518 INFO  <mkdb.Checkpoint> ---------------- begin ----------------
2026-07-04 15:24:01.519 INFO  <mkdb.Checkpoint> marshalN=1/0
2026-07-04 15:24:01.519 INFO  <mkdb.Checkpoint> snapshot=0 marshal0=0
2026-07-04 15:24:01.519 INFO  <mkdb.Checkpoint> flush=0
2026-07-04 15:24:01.519 INFO  <mkdb.Checkpoint> ----------------- end -----------------
2026-07-04 15:25:01.571 INFO  <mkdb.Checkpoint> ---------------- begin ----------------
2026-07-04 15:25:01.571 INFO  <mkdb.Checkpoint> marshalN=1/0
2026-07-04 15:25:01.571 INFO  <mkdb.Checkpoint> snapshot=0 marshal0=0
2026-07-04 15:25:01.571 INFO  <mkdb.Checkpoint> flush=0
2026-07-04 15:25:01.571 INFO  <mkdb.Checkpoint> ----------------- end -----------------
2026-07-04 15:26:01.621 INFO  <mkdb.Checkpoint> ---------------- begin ----------------
2026-07-04 15:26:01.621 INFO  <mkdb.Checkpoint> marshalN=1/0
2026-07-04 15:26:01.621 INFO  <mkdb.Checkpoint> snapshot=0 marshal0=0
2026-07-04 15:26:01.621 INFO  <mkdb.Checkpoint> flush=0
2026-07-04 15:26:01.621 INFO  <mkdb.Checkpoint> ----------------- end -----------------
2026-07-04 15:27:01.672 INFO  <mkdb.Checkpoint> ---------------- begin ----------------
2026-07-04 15:27:01.672 INFO  <mkdb.Checkpoint> marshalN=1/0
2026-07-04 15:27:01.672 INFO  <mkdb.Checkpoint> snapshot=0 marshal0=0
2026-07-04 15:27:01.672 INFO  <mkdb.Checkpoint> flush=0
2026-07-04 15:27:01.673 INFO  <mkdb.Checkpoint> ----------------- end -----------------
2026-07-04 15:28:01.725 INFO  <mkdb.Checkpoint> ---------------- begin ----------------
2026-07-04 15:28:01.725 INFO  <mkdb.Checkpoint> marshalN=1/0
2026-07-04 15:28:01.725 INFO  <mkdb.Checkpoint> snapshot=0 marshal0=0
2026-07-04 15:28:01.725 INFO  <mkdb.Checkpoint> flush=0
2026-07-04 15:28:01.725 INFO  <mkdb.Checkpoint> ----------------- end -----------------
2026-07-04 15:29:01.778 INFO  <mkdb.Checkpoint> ---------------- begin ----------------
2026-07-04 15:29:01.778 INFO  <mkdb.Checkpoint> marshalN=1/0
2026-07-04 15:29:01.778 INFO  <mkdb.Checkpoint> snapshot=0 marshal0=0
2026-07-04 15:29:01.778 INFO  <mkdb.Checkpoint> flush=0
2026-07-04 15:29:01.779 INFO  <mkdb.Checkpoint> ----------------- end -----------------
2026-07-04 15:30:01.835 INFO  <mkdb.Checkpoint> ---------------- begin ----------------
2026-07-04 15:30:01.835 INFO  <mkdb.Checkpoint> marshalN=1/0
2026-07-04 15:30:01.835 INFO  <mkdb.Checkpoint> snapshot=0 marshal0=0
2026-07-04 15:30:01.835 INFO  <mkdb.Checkpoint> flush=0
2026-07-04 15:30:01.835 INFO  <mkdb.Checkpoint> ----------------- end -----------------
2026-07-04 15:31:01.883 INFO  <mkdb.Checkpoint> ---------------- begin ----------------
2026-07-04 15:31:01.883 INFO  <mkdb.Checkpoint> marshalN=1/0
2026-07-04 15:31:01.883 INFO  <mkdb.Checkpoint> snapshot=0 marshal0=0
2026-07-04 15:31:01.883 INFO  <mkdb.Checkpoint> flush=0
2026-07-04 15:31:01.883 INFO  <mkdb.Checkpoint> ----------------- end -----------------
2026-07-04 15:32:01.931 INFO  <mkdb.Checkpoint> ---------------- begin ----------------
2026-07-04 15:32:01.931 INFO  <mkdb.Checkpoint> marshalN=1/0
2026-07-04 15:32:01.931 INFO  <mkdb.Checkpoint> snapshot=0 marshal0=0
2026-07-04 15:32:01.931 INFO  <mkdb.Checkpoint> flush=0
2026-07-04 15:32:01.931 INFO  <mkdb.Checkpoint> ----------------- end -----------------
2026-07-04 15:33:01.982 INFO  <mkdb.Checkpoint> ---------------- begin ----------------
2026-07-04 15:33:01.982 INFO  <mkdb.Checkpoint> marshalN=1/0
2026-07-04 15:33:01.982 INFO  <mkdb.Checkpoint> snapshot=0 marshal0=0
2026-07-04 15:33:01.982 INFO  <mkdb.Checkpoint> flush=0
2026-07-04 15:33:01.982 INFO  <mkdb.Checkpoint> ----------------- end -----------------
2026-07-04 15:34:02.035 INFO  <mkdb.Checkpoint> ---------------- begin ----------------
2026-07-04 15:34:02.035 INFO  <mkdb.Checkpoint> marshalN=1/0
2026-07-04 15:34:02.035 INFO  <mkdb.Checkpoint> snapshot=0 marshal0=0
2026-07-04 15:34:02.035 INFO  <mkdb.Checkpoint> flush=0
2026-07-04 15:34:02.035 INFO  <mkdb.Checkpoint> ----------------- end -----------------
2026-07-04 15:35:02.087 INFO  <mkdb.Checkpoint> ---------------- begin ----------------
2026-07-04 15:35:02.087 INFO  <mkdb.Checkpoint> marshalN=1/0
2026-07-04 15:35:02.087 INFO  <mkdb.Checkpoint> snapshot=0 marshal0=0
2026-07-04 15:35:02.087 INFO  <mkdb.Checkpoint> flush=0
2026-07-04 15:35:02.087 INFO  <mkdb.Checkpoint> ----------------- end -----------------
2026-07-04 15:36:02.138 INFO  <mkdb.Checkpoint> ---------------- begin ----------------
2026-07-04 15:36:02.138 INFO  <mkdb.Checkpoint> marshalN=1/0
2026-07-04 15:36:02.138 INFO  <mkdb.Checkpoint> snapshot=0 marshal0=0
2026-07-04 15:36:02.138 INFO  <mkdb.Checkpoint> flush=0
2026-07-04 15:36:02.138 INFO  <mkdb.Checkpoint> ----------------- end -----------------
2026-07-04 15:37:02.191 INFO  <mkdb.Checkpoint> ---------------- begin ----------------
2026-07-04 15:37:02.191 INFO  <mkdb.Checkpoint> marshalN=1/0
2026-07-04 15:37:02.191 INFO  <mkdb.Checkpoint> snapshot=0 marshal0=0
2026-07-04 15:37:02.191 INFO  <mkdb.Checkpoint> flush=0
2026-07-04 15:37:02.191 INFO  <mkdb.Checkpoint> ----------------- end -----------------
2026-07-04 15:38:02.244 INFO  <mkdb.Checkpoint> ---------------- begin ----------------
2026-07-04 15:38:02.244 INFO  <mkdb.Checkpoint> marshalN=1/0
2026-07-04 15:38:02.244 INFO  <mkdb.Checkpoint> snapshot=0 marshal0=0
2026-07-04 15:38:02.244 INFO  <mkdb.Checkpoint> flush=0
2026-07-04 15:38:02.244 INFO  <mkdb.Checkpoint> ----------------- end -----------------
2026-07-04 15:39:02.295 INFO  <mkdb.Checkpoint> ---------------- begin ----------------
2026-07-04 15:39:02.295 INFO  <mkdb.Checkpoint> marshalN=1/0
2026-07-04 15:39:02.295 INFO  <mkdb.Checkpoint> snapshot=0 marshal0=0
2026-07-04 15:39:02.295 INFO  <mkdb.Checkpoint> flush=0
2026-07-04 15:39:02.295 INFO  <mkdb.Checkpoint> ----------------- end -----------------
2026-07-04 15:40:02.345 INFO  <mkdb.Checkpoint> ---------------- begin ----------------
2026-07-04 15:40:02.345 INFO  <mkdb.Checkpoint> marshalN=1/0
2026-07-04 15:40:02.345 INFO  <mkdb.Checkpoint> snapshot=0 marshal0=0
2026-07-04 15:40:02.345 INFO  <mkdb.Checkpoint> flush=0
2026-07-04 15:40:02.345 INFO  <mkdb.Checkpoint> ----------------- end -----------------
2026-07-04 15:41:02.399 INFO  <mkdb.Checkpoint> ---------------- begin ----------------
2026-07-04 15:41:02.399 INFO  <mkdb.Checkpoint> marshalN=1/0
2026-07-04 15:41:02.399 INFO  <mkdb.Checkpoint> snapshot=0 marshal0=0
2026-07-04 15:41:02.399 INFO  <mkdb.Checkpoint> flush=0
2026-07-04 15:41:02.399 INFO  <mkdb.Checkpoint> ----------------- end -----------------
2026-07-04 15:42:02.451 INFO  <mkdb.Checkpoint> ---------------- begin ----------------
2026-07-04 15:42:02.451 INFO  <mkdb.Checkpoint> marshalN=1/0
2026-07-04 15:42:02.451 INFO  <mkdb.Checkpoint> snapshot=0 marshal0=0
2026-07-04 15:42:02.451 INFO  <mkdb.Checkpoint> flush=0
2026-07-04 15:42:02.451 INFO  <mkdb.Checkpoint> ----------------- end -----------------
2026-07-04 15:43:02.504 INFO  <mkdb.Checkpoint> ---------------- begin ----------------
2026-07-04 15:43:02.504 INFO  <mkdb.Checkpoint> marshalN=1/0
2026-07-04 15:43:02.504 INFO  <mkdb.Checkpoint> snapshot=0 marshal0=0
2026-07-04 15:43:02.504 INFO  <mkdb.Checkpoint> flush=0
2026-07-04 15:43:02.504 INFO  <mkdb.Checkpoint> ----------------- end -----------------
2026-07-04 15:44:02.559 INFO  <mkdb.Checkpoint> ---------------- begin ----------------
2026-07-04 15:44:02.559 INFO  <mkdb.Checkpoint> marshalN=1/0
2026-07-04 15:44:02.559 INFO  <mkdb.Checkpoint> snapshot=0 marshal0=0
2026-07-04 15:44:02.559 INFO  <mkdb.Checkpoint> flush=0
2026-07-04 15:44:02.559 INFO  <mkdb.Checkpoint> ----------------- end -----------------
2026-07-04 15:45:02.611 INFO  <mkdb.Checkpoint> ---------------- begin ----------------
2026-07-04 15:45:02.611 INFO  <mkdb.Checkpoint> marshalN=1/0
2026-07-04 15:45:02.611 INFO  <mkdb.Checkpoint> snapshot=0 marshal0=0
2026-07-04 15:45:02.611 INFO  <mkdb.Checkpoint> flush=0
2026-07-04 15:45:02.611 INFO  <mkdb.Checkpoint> ----------------- end -----------------
2026-07-04 15:46:02.663 INFO  <mkdb.Checkpoint> ---------------- begin ----------------
2026-07-04 15:46:02.663 INFO  <mkdb.Checkpoint> marshalN=1/0
2026-07-04 15:46:02.663 INFO  <mkdb.Checkpoint> snapshot=0 marshal0=0
2026-07-04 15:46:02.663 INFO  <mkdb.Checkpoint> flush=0
2026-07-04 15:46:02.663 INFO  <mkdb.Checkpoint> ----------------- end -----------------
2026-07-04 15:47:02.717 INFO  <mkdb.Checkpoint> ---------------- begin ----------------
2026-07-04 15:47:02.717 INFO  <mkdb.Checkpoint> marshalN=1/0
2026-07-04 15:47:02.717 INFO  <mkdb.Checkpoint> snapshot=0 marshal0=0
2026-07-04 15:47:02.717 INFO  <mkdb.Checkpoint> flush=0
2026-07-04 15:47:02.717 INFO  <mkdb.Checkpoint> ----------------- end -----------------
2026-07-04 15:48:02.769 INFO  <mkdb.Checkpoint> ---------------- begin ----------------
2026-07-04 15:48:02.769 INFO  <mkdb.Checkpoint> marshalN=1/0
2026-07-04 15:48:02.769 INFO  <mkdb.Checkpoint> snapshot=0 marshal0=0
2026-07-04 15:48:02.769 INFO  <mkdb.Checkpoint> flush=0
2026-07-04 15:48:02.769 INFO  <mkdb.Checkpoint> ----------------- end -----------------
2026-07-04 15:49:02.821 INFO  <mkdb.Checkpoint> ---------------- begin ----------------
2026-07-04 15:49:02.821 INFO  <mkdb.Checkpoint> marshalN=1/0
2026-07-04 15:49:02.821 INFO  <mkdb.Checkpoint> snapshot=0 marshal0=0
2026-07-04 15:49:02.821 INFO  <mkdb.Checkpoint> flush=0
2026-07-04 15:49:02.821 INFO  <mkdb.Checkpoint> ----------------- end -----------------
2026-07-04 15:50:02.872 INFO  <mkdb.Checkpoint> ---------------- begin ----------------
2026-07-04 15:50:02.872 INFO  <mkdb.Checkpoint> marshalN=1/0
2026-07-04 15:50:02.873 INFO  <mkdb.Checkpoint> snapshot=0 marshal0=0
2026-07-04 15:50:02.873 INFO  <mkdb.Checkpoint> flush=0
2026-07-04 15:50:02.873 INFO  <mkdb.Checkpoint> ----------------- end -----------------
2026-07-04 15:51:02.926 INFO  <mkdb.Checkpoint> ---------------- begin ----------------
2026-07-04 15:51:02.926 INFO  <mkdb.Checkpoint> marshalN=1/0
2026-07-04 15:51:02.926 INFO  <mkdb.Checkpoint> snapshot=0 marshal0=0
2026-07-04 15:51:02.926 INFO  <mkdb.Checkpoint> flush=0
2026-07-04 15:51:02.926 INFO  <mkdb.Checkpoint> ----------------- end -----------------
2026-07-04 15:52:02.979 INFO  <mkdb.Checkpoint> ---------------- begin ----------------
2026-07-04 15:52:02.979 INFO  <mkdb.Checkpoint> marshalN=1/0
2026-07-04 15:52:02.979 INFO  <mkdb.Checkpoint> snapshot=0 marshal0=0
2026-07-04 15:52:02.979 INFO  <mkdb.Checkpoint> flush=0
2026-07-04 15:52:02.979 INFO  <mkdb.Checkpoint> ----------------- end -----------------
2026-07-04 15:53:03.033 INFO  <mkdb.Checkpoint> ---------------- begin ----------------
2026-07-04 15:53:03.033 INFO  <mkdb.Checkpoint> marshalN=1/0
2026-07-04 15:53:03.033 INFO  <mkdb.Checkpoint> snapshot=0 marshal0=0
2026-07-04 15:53:03.033 INFO  <mkdb.Checkpoint> flush=0
2026-07-04 15:53:03.033 INFO  <mkdb.Checkpoint> ----------------- end -----------------
2026-07-04 15:54:03.084 INFO  <mkdb.Checkpoint> ---------------- begin ----------------
2026-07-04 15:54:03.085 INFO  <mkdb.Checkpoint> marshalN=1/0
2026-07-04 15:54:03.085 INFO  <mkdb.Checkpoint> snapshot=0 marshal0=0
2026-07-04 15:54:03.085 INFO  <mkdb.Checkpoint> flush=0
2026-07-04 15:54:03.085 INFO  <mkdb.Checkpoint> ----------------- end -----------------
2026-07-04 15:55:03.137 INFO  <mkdb.Checkpoint> ---------------- begin ----------------
2026-07-04 15:55:03.137 INFO  <mkdb.Checkpoint> marshalN=1/0
2026-07-04 15:55:03.137 INFO  <mkdb.Checkpoint> snapshot=0 marshal0=0
2026-07-04 15:55:03.137 INFO  <mkdb.Checkpoint> flush=0
2026-07-04 15:55:03.137 INFO  <mkdb.Checkpoint> ----------------- end -----------------
2026-07-04 15:56:03.190 INFO  <mkdb.Checkpoint> ---------------- begin ----------------
2026-07-04 15:56:03.190 INFO  <mkdb.Checkpoint> marshalN=1/0
2026-07-04 15:56:03.190 INFO  <mkdb.Checkpoint> snapshot=0 marshal0=0
2026-07-04 15:56:03.190 INFO  <mkdb.Checkpoint> flush=0
2026-07-04 15:56:03.190 INFO  <mkdb.Checkpoint> ----------------- end -----------------
2026-07-04 15:57:03.243 INFO  <mkdb.Checkpoint> ---------------- begin ----------------
2026-07-04 15:57:03.243 INFO  <mkdb.Checkpoint> marshalN=1/0
2026-07-04 15:57:03.243 INFO  <mkdb.Checkpoint> snapshot=0 marshal0=0
2026-07-04 15:57:03.243 INFO  <mkdb.Checkpoint> flush=0
2026-07-04 15:57:03.243 INFO  <mkdb.Checkpoint> ----------------- end -----------------
2026-07-04 15:58:03.295 INFO  <mkdb.Checkpoint> ---------------- begin ----------------
2026-07-04 15:58:03.295 INFO  <mkdb.Checkpoint> marshalN=1/0
2026-07-04 15:58:03.295 INFO  <mkdb.Checkpoint> snapshot=0 marshal0=0
2026-07-04 15:58:03.295 INFO  <mkdb.Checkpoint> flush=0
2026-07-04 15:58:03.295 INFO  <mkdb.Checkpoint> ----------------- end -----------------
2026-07-04 15:59:03.347 INFO  <mkdb.Checkpoint> ---------------- begin ----------------
2026-07-04 15:59:03.347 INFO  <mkdb.Checkpoint> marshalN=1/0
2026-07-04 15:59:03.347 INFO  <mkdb.Checkpoint> snapshot=0 marshal0=0
2026-07-04 15:59:03.347 INFO  <mkdb.Checkpoint> flush=0
2026-07-04 15:59:03.347 INFO  <mkdb.Checkpoint> ----------------- end -----------------
2026-07-04 16:00:03.398 INFO  <mkdb.Checkpoint> ---------------- begin ----------------
2026-07-04 16:00:03.398 INFO  <mkdb.Checkpoint> marshalN=1/0
2026-07-04 16:00:03.398 INFO  <mkdb.Checkpoint> snapshot=0 marshal0=0
2026-07-04 16:00:03.398 INFO  <mkdb.Checkpoint> flush=0
2026-07-04 16:00:03.398 INFO  <mkdb.Checkpoint> ----------------- end -----------------
2026-07-04 16:01:03.462 INFO  <mkdb.Checkpoint> ---------------- begin ----------------
2026-07-04 16:01:03.462 INFO  <mkdb.Checkpoint> marshalN=1/0
2026-07-04 16:01:03.462 INFO  <mkdb.Checkpoint> snapshot=0 marshal0=0
2026-07-04 16:01:03.462 INFO  <mkdb.Checkpoint> flush=0
2026-07-04 16:01:03.462 INFO  <mkdb.Checkpoint> ----------------- end -----------------
2026-07-04 16:02:03.516 INFO  <mkdb.Checkpoint> ---------------- begin ----------------
2026-07-04 16:02:03.516 INFO  <mkdb.Checkpoint> marshalN=1/0
2026-07-04 16:02:03.516 INFO  <mkdb.Checkpoint> snapshot=0 marshal0=0
2026-07-04 16:02:03.516 INFO  <mkdb.Checkpoint> flush=0
2026-07-04 16:02:03.516 INFO  <mkdb.Checkpoint> ----------------- end -----------------
2026-07-04 16:03:03.566 INFO  <mkdb.Checkpoint> ---------------- begin ----------------
2026-07-04 16:03:03.566 INFO  <mkdb.Checkpoint> marshalN=1/0
2026-07-04 16:03:03.566 INFO  <mkdb.Checkpoint> snapshot=0 marshal0=0
2026-07-04 16:03:03.566 INFO  <mkdb.Checkpoint> flush=0
2026-07-04 16:03:03.566 INFO  <mkdb.Checkpoint> ----------------- end -----------------
2026-07-04 16:04:03.635 INFO  <mkdb.Checkpoint> ---------------- begin ----------------
2026-07-04 16:04:03.635 INFO  <mkdb.Checkpoint> marshalN=1/0
2026-07-04 16:04:03.635 INFO  <mkdb.Checkpoint> snapshot=0 marshal0=0
2026-07-04 16:04:03.635 INFO  <mkdb.Checkpoint> flush=0
2026-07-04 16:04:03.635 INFO  <mkdb.Checkpoint> ----------------- end -----------------
2026-07-04 16:05:03.688 INFO  <mkdb.Checkpoint> ---------------- begin ----------------
2026-07-04 16:05:03.688 INFO  <mkdb.Checkpoint> marshalN=1/0
2026-07-04 16:05:03.688 INFO  <mkdb.Checkpoint> snapshot=0 marshal0=0
2026-07-04 16:05:03.688 INFO  <mkdb.Checkpoint> flush=0
2026-07-04 16:05:03.688 INFO  <mkdb.Checkpoint> ----------------- end -----------------
2026-07-04 16:06:03.743 INFO  <mkdb.Checkpoint> ---------------- begin ----------------
2026-07-04 16:06:03.743 INFO  <mkdb.Checkpoint> marshalN=1/0
2026-07-04 16:06:03.743 INFO  <mkdb.Checkpoint> snapshot=0 marshal0=0
2026-07-04 16:06:03.743 INFO  <mkdb.Checkpoint> flush=0
2026-07-04 16:06:03.743 INFO  <mkdb.Checkpoint> ----------------- end -----------------
2026-07-04 16:06:16.469 INFO  <mkdb.Worker.procedure.25> com.locojoy.ns.Exist(activeuser:1:1) result=5
2026-07-04 16:07:03.797 INFO  <mkdb.Checkpoint> ---------------- begin ----------------
2026-07-04 16:07:03.797 INFO  <mkdb.Checkpoint> marshalN=1/0
2026-07-04 16:07:03.797 INFO  <mkdb.Checkpoint> snapshot=0 marshal0=0
2026-07-04 16:07:03.797 INFO  <mkdb.Checkpoint> flush=0
2026-07-04 16:07:03.797 INFO  <mkdb.Checkpoint> ----------------- end -----------------
2026-07-04 16:08:03.852 INFO  <mkdb.Checkpoint> ---------------- begin ----------------
2026-07-04 16:08:03.852 INFO  <mkdb.Checkpoint> marshalN=1/0
2026-07-04 16:08:03.852 INFO  <mkdb.Checkpoint> snapshot=0 marshal0=0
2026-07-04 16:08:03.852 INFO  <mkdb.Checkpoint> flush=0
2026-07-04 16:08:03.852 INFO  <mkdb.Checkpoint> ----------------- end -----------------
2026-07-04 16:09:03.907 INFO  <mkdb.Checkpoint> ---------------- begin ----------------
2026-07-04 16:09:03.907 INFO  <mkdb.Checkpoint> marshalN=1/0
2026-07-04 16:09:03.907 INFO  <mkdb.Checkpoint> snapshot=0 marshal0=0
2026-07-04 16:09:03.907 INFO  <mkdb.Checkpoint> flush=0
2026-07-04 16:09:03.907 INFO  <mkdb.Checkpoint> ----------------- end -----------------
2026-07-04 16:10:03.963 INFO  <mkdb.Checkpoint> ---------------- begin ----------------
2026-07-04 16:10:03.963 INFO  <mkdb.Checkpoint> marshalN=1/0
2026-07-04 16:10:03.963 INFO  <mkdb.Checkpoint> snapshot=0 marshal0=0
2026-07-04 16:10:03.963 INFO  <mkdb.Checkpoint> flush=0
2026-07-04 16:10:03.963 INFO  <mkdb.Checkpoint> ----------------- end -----------------
2026-07-04 16:11:04.019 INFO  <mkdb.Checkpoint> ---------------- begin ----------------
2026-07-04 16:11:04.019 INFO  <mkdb.Checkpoint> marshalN=1/0
2026-07-04 16:11:04.019 INFO  <mkdb.Checkpoint> snapshot=0 marshal0=0
2026-07-04 16:11:04.019 INFO  <mkdb.Checkpoint> flush=0
2026-07-04 16:11:04.019 INFO  <mkdb.Checkpoint> ----------------- end -----------------
2026-07-04 16:12:04.074 INFO  <mkdb.Checkpoint> ---------------- begin ----------------
2026-07-04 16:12:04.074 INFO  <mkdb.Checkpoint> marshalN=1/0
2026-07-04 16:12:04.074 INFO  <mkdb.Checkpoint> snapshot=0 marshal0=0
2026-07-04 16:12:04.074 INFO  <mkdb.Checkpoint> flush=0
2026-07-04 16:12:04.074 INFO  <mkdb.Checkpoint> ----------------- end -----------------
2026-07-04 16:13:04.129 INFO  <mkdb.Checkpoint> ---------------- begin ----------------
2026-07-04 16:13:04.129 INFO  <mkdb.Checkpoint> marshalN=1/0
2026-07-04 16:13:04.129 INFO  <mkdb.Checkpoint> snapshot=0 marshal0=0
2026-07-04 16:13:04.129 INFO  <mkdb.Checkpoint> flush=0
2026-07-04 16:13:04.129 INFO  <mkdb.Checkpoint> ----------------- end -----------------
2026-07-04 16:14:04.184 INFO  <mkdb.Checkpoint> ---------------- begin ----------------
2026-07-04 16:14:04.184 INFO  <mkdb.Checkpoint> marshalN=1/0
2026-07-04 16:14:04.184 INFO  <mkdb.Checkpoint> snapshot=0 marshal0=0
2026-07-04 16:14:04.184 INFO  <mkdb.Checkpoint> flush=0
2026-07-04 16:14:04.184 INFO  <mkdb.Checkpoint> ----------------- end -----------------
2026-07-04 16:15:04.241 INFO  <mkdb.Checkpoint> ---------------- begin ----------------
2026-07-04 16:15:04.241 INFO  <mkdb.Checkpoint> marshalN=1/0
2026-07-04 16:15:04.241 INFO  <mkdb.Checkpoint> snapshot=0 marshal0=0
2026-07-04 16:15:04.241 INFO  <mkdb.Checkpoint> flush=0
2026-07-04 16:15:04.241 INFO  <mkdb.Checkpoint> ----------------- end -----------------
2026-07-04 16:16:04.293 INFO  <mkdb.Checkpoint> ---------------- begin ----------------
2026-07-04 16:16:04.293 INFO  <mkdb.Checkpoint> marshalN=1/0
2026-07-04 16:16:04.293 INFO  <mkdb.Checkpoint> snapshot=0 marshal0=0
2026-07-04 16:16:04.293 INFO  <mkdb.Checkpoint> flush=0
2026-07-04 16:16:04.293 INFO  <mkdb.Checkpoint> ----------------- end -----------------
2026-07-04 16:17:04.359 INFO  <mkdb.Checkpoint> ---------------- begin ----------------
2026-07-04 16:17:04.359 INFO  <mkdb.Checkpoint> marshalN=1/0
2026-07-04 16:17:04.359 INFO  <mkdb.Checkpoint> snapshot=0 marshal0=0
2026-07-04 16:17:04.359 INFO  <mkdb.Checkpoint> flush=0
2026-07-04 16:17:04.359 INFO  <mkdb.Checkpoint> ----------------- end -----------------
2026-07-04 16:18:04.413 INFO  <mkdb.Checkpoint> ---------------- begin ----------------
2026-07-04 16:18:04.413 INFO  <mkdb.Checkpoint> marshalN=1/0
2026-07-04 16:18:04.413 INFO  <mkdb.Checkpoint> snapshot=0 marshal0=0
2026-07-04 16:18:04.413 INFO  <mkdb.Checkpoint> flush=0
2026-07-04 16:18:04.413 INFO  <mkdb.Checkpoint> ----------------- end -----------------
2026-07-04 16:19:04.465 INFO  <mkdb.Checkpoint> ---------------- begin ----------------
2026-07-04 16:19:04.465 INFO  <mkdb.Checkpoint> marshalN=1/0
2026-07-04 16:19:04.465 INFO  <mkdb.Checkpoint> snapshot=0 marshal0=0
2026-07-04 16:19:04.465 INFO  <mkdb.Checkpoint> flush=0
2026-07-04 16:19:04.465 INFO  <mkdb.Checkpoint> ----------------- end -----------------
2026-07-04 16:20:04.525 INFO  <mkdb.Checkpoint> ---------------- begin ----------------
2026-07-04 16:20:04.525 INFO  <mkdb.Checkpoint> marshalN=1/0
2026-07-04 16:20:04.525 INFO  <mkdb.Checkpoint> snapshot=0 marshal0=0
2026-07-04 16:20:04.525 INFO  <mkdb.Checkpoint> flush=0
2026-07-04 16:20:04.525 INFO  <mkdb.Checkpoint> ----------------- end -----------------
2026-07-04 16:21:04.579 INFO  <mkdb.Checkpoint> ---------------- begin ----------------
2026-07-04 16:21:04.579 INFO  <mkdb.Checkpoint> marshalN=1/0
2026-07-04 16:21:04.579 INFO  <mkdb.Checkpoint> snapshot=0 marshal0=0
2026-07-04 16:21:04.579 INFO  <mkdb.Checkpoint> flush=0
2026-07-04 16:21:04.579 INFO  <mkdb.Checkpoint> ----------------- end -----------------
2026-07-04 16:22:04.633 INFO  <mkdb.Checkpoint> ---------------- begin ----------------
2026-07-04 16:22:04.633 INFO  <mkdb.Checkpoint> marshalN=1/0
2026-07-04 16:22:04.633 INFO  <mkdb.Checkpoint> snapshot=0 marshal0=0
2026-07-04 16:22:04.633 INFO  <mkdb.Checkpoint> flush=0
2026-07-04 16:22:04.633 INFO  <mkdb.Checkpoint> ----------------- end -----------------
2026-07-04 16:23:04.685 INFO  <mkdb.Checkpoint> ---------------- begin ----------------
2026-07-04 16:23:04.685 INFO  <mkdb.Checkpoint> marshalN=1/0
2026-07-04 16:23:04.685 INFO  <mkdb.Checkpoint> snapshot=0 marshal0=0
2026-07-04 16:23:04.685 INFO  <mkdb.Checkpoint> flush=0
2026-07-04 16:23:04.685 INFO  <mkdb.Checkpoint> ----------------- end -----------------
2026-07-04 16:24:04.738 INFO  <mkdb.Checkpoint> ---------------- begin ----------------
2026-07-04 16:24:04.738 INFO  <mkdb.Checkpoint> marshalN=1/0
2026-07-04 16:24:04.738 INFO  <mkdb.Checkpoint> snapshot=0 marshal0=0
2026-07-04 16:24:04.738 INFO  <mkdb.Checkpoint> flush=0
2026-07-04 16:24:04.738 INFO  <mkdb.Checkpoint> ----------------- end -----------------
2026-07-04 16:25:04.794 INFO  <mkdb.Checkpoint> ---------------- begin ----------------
2026-07-04 16:25:04.794 INFO  <mkdb.Checkpoint> marshalN=1/0
2026-07-04 16:25:04.794 INFO  <mkdb.Checkpoint> snapshot=0 marshal0=0
2026-07-04 16:25:04.794 INFO  <mkdb.Checkpoint> flush=0
2026-07-04 16:25:04.794 INFO  <mkdb.Checkpoint> ----------------- end -----------------
2026-07-04 16:25:35.021 WARN  <mkdb.Backup> backup FULL begin
2026-07-04 16:25:35.021 WARN  <mkdb.Backup> backup FULL end
2026-07-04 16:26:04.849 INFO  <mkdb.Checkpoint> ---------------- begin ----------------
2026-07-04 16:26:04.849 INFO  <mkdb.Checkpoint> marshalN=1/0
2026-07-04 16:26:04.849 INFO  <mkdb.Checkpoint> snapshot=0 marshal0=0
2026-07-04 16:26:04.849 INFO  <mkdb.Checkpoint> flush=0
2026-07-04 16:26:04.849 INFO  <mkdb.Checkpoint> ----------------- end -----------------
2026-07-04 16:27:04.904 INFO  <mkdb.Checkpoint> ---------------- begin ----------------
2026-07-04 16:27:04.904 INFO  <mkdb.Checkpoint> marshalN=1/0
2026-07-04 16:27:04.904 INFO  <mkdb.Checkpoint> snapshot=0 marshal0=0
2026-07-04 16:27:04.904 INFO  <mkdb.Checkpoint> flush=0
2026-07-04 16:27:04.904 INFO  <mkdb.Checkpoint> ----------------- end -----------------
2026-07-04 16:28:04.960 INFO  <mkdb.Checkpoint> ---------------- begin ----------------
2026-07-04 16:28:04.960 INFO  <mkdb.Checkpoint> marshalN=1/0
2026-07-04 16:28:04.960 INFO  <mkdb.Checkpoint> snapshot=0 marshal0=0
2026-07-04 16:28:04.960 INFO  <mkdb.Checkpoint> flush=0
2026-07-04 16:28:04.960 INFO  <mkdb.Checkpoint> ----------------- end -----------------
2026-07-04 16:29:05.017 INFO  <mkdb.Checkpoint> ---------------- begin ----------------
2026-07-04 16:29:05.017 INFO  <mkdb.Checkpoint> marshalN=1/0
2026-07-04 16:29:05.017 INFO  <mkdb.Checkpoint> snapshot=0 marshal0=0
2026-07-04 16:29:05.017 INFO  <mkdb.Checkpoint> flush=0
2026-07-04 16:29:05.017 INFO  <mkdb.Checkpoint> ----------------- end -----------------
2026-07-04 16:30:05.074 INFO  <mkdb.Checkpoint> ---------------- begin ----------------
2026-07-04 16:30:05.074 INFO  <mkdb.Checkpoint> marshalN=1/0
2026-07-04 16:30:05.074 INFO  <mkdb.Checkpoint> snapshot=0 marshal0=0
2026-07-04 16:30:05.074 INFO  <mkdb.Checkpoint> flush=0
2026-07-04 16:30:05.074 INFO  <mkdb.Checkpoint> ----------------- end -----------------
2026-07-04 16:31:05.132 INFO  <mkdb.Checkpoint> ---------------- begin ----------------
2026-07-04 16:31:05.132 INFO  <mkdb.Checkpoint> marshalN=1/0
2026-07-04 16:31:05.132 INFO  <mkdb.Checkpoint> snapshot=0 marshal0=0
2026-07-04 16:31:05.132 INFO  <mkdb.Checkpoint> flush=0
2026-07-04 16:31:05.132 INFO  <mkdb.Checkpoint> ----------------- end -----------------
2026-07-04 16:32:05.189 INFO  <mkdb.Checkpoint> ---------------- begin ----------------
2026-07-04 16:32:05.190 INFO  <mkdb.Checkpoint> marshalN=1/0
2026-07-04 16:32:05.190 INFO  <mkdb.Checkpoint> snapshot=0 marshal0=0
2026-07-04 16:32:05.190 INFO  <mkdb.Checkpoint> flush=0
2026-07-04 16:32:05.190 INFO  <mkdb.Checkpoint> ----------------- end -----------------
2026-07-04 16:33:05.248 INFO  <mkdb.Checkpoint> ---------------- begin ----------------
2026-07-04 16:33:05.249 INFO  <mkdb.Checkpoint> marshalN=1/0
2026-07-04 16:33:05.249 INFO  <mkdb.Checkpoint> snapshot=0 marshal0=0
2026-07-04 16:33:05.249 INFO  <mkdb.Checkpoint> flush=0
2026-07-04 16:33:05.249 INFO  <mkdb.Checkpoint> ----------------- end -----------------
2026-07-04 16:34:05.305 INFO  <mkdb.Checkpoint> ---------------- begin ----------------
2026-07-04 16:34:05.305 INFO  <mkdb.Checkpoint> marshalN=1/0
2026-07-04 16:34:05.305 INFO  <mkdb.Checkpoint> snapshot=0 marshal0=0
2026-07-04 16:34:05.305 INFO  <mkdb.Checkpoint> flush=0
2026-07-04 16:34:05.305 INFO  <mkdb.Checkpoint> ----------------- end -----------------
2026-07-04 16:35:05.358 INFO  <mkdb.Checkpoint> ---------------- begin ----------------
2026-07-04 16:35:05.358 INFO  <mkdb.Checkpoint> marshalN=1/0
2026-07-04 16:35:05.358 INFO  <mkdb.Checkpoint> snapshot=0 marshal0=0
2026-07-04 16:35:05.358 INFO  <mkdb.Checkpoint> flush=0
2026-07-04 16:35:05.358 INFO  <mkdb.Checkpoint> ----------------- end -----------------
2026-07-04 16:36:05.409 INFO  <mkdb.Checkpoint> ---------------- begin ----------------
2026-07-04 16:36:05.409 INFO  <mkdb.Checkpoint> marshalN=1/0
2026-07-04 16:36:05.409 INFO  <mkdb.Checkpoint> snapshot=0 marshal0=0
2026-07-04 16:36:05.409 INFO  <mkdb.Checkpoint> flush=0
2026-07-04 16:36:05.409 INFO  <mkdb.Checkpoint> ----------------- end -----------------
2026-07-04 16:37:05.461 INFO  <mkdb.Checkpoint> ---------------- begin ----------------
2026-07-04 16:37:05.462 INFO  <mkdb.Checkpoint> marshalN=1/0
2026-07-04 16:37:05.462 INFO  <mkdb.Checkpoint> snapshot=0 marshal0=0
2026-07-04 16:37:05.462 INFO  <mkdb.Checkpoint> flush=0
2026-07-04 16:37:05.462 INFO  <mkdb.Checkpoint> ----------------- end -----------------
2026-07-04 16:38:05.511 INFO  <mkdb.Checkpoint> ---------------- begin ----------------
2026-07-04 16:38:05.511 INFO  <mkdb.Checkpoint> marshalN=1/0
2026-07-04 16:38:05.511 INFO  <mkdb.Checkpoint> snapshot=0 marshal0=0
2026-07-04 16:38:05.511 INFO  <mkdb.Checkpoint> flush=0
2026-07-04 16:38:05.511 INFO  <mkdb.Checkpoint> ----------------- end -----------------
2026-07-04 16:39:05.564 INFO  <mkdb.Checkpoint> ---------------- begin ----------------
2026-07-04 16:39:05.564 INFO  <mkdb.Checkpoint> marshalN=1/0
2026-07-04 16:39:05.564 INFO  <mkdb.Checkpoint> snapshot=0 marshal0=0
2026-07-04 16:39:05.564 INFO  <mkdb.Checkpoint> flush=0
2026-07-04 16:39:05.564 INFO  <mkdb.Checkpoint> ----------------- end -----------------
2026-07-04 16:40:05.620 INFO  <mkdb.Checkpoint> ---------------- begin ----------------
2026-07-04 16:40:05.620 INFO  <mkdb.Checkpoint> marshalN=1/0
2026-07-04 16:40:05.620 INFO  <mkdb.Checkpoint> snapshot=0 marshal0=0
2026-07-04 16:40:05.620 INFO  <mkdb.Checkpoint> flush=0
2026-07-04 16:40:05.620 INFO  <mkdb.Checkpoint> ----------------- end -----------------
2026-07-04 16:41:05.676 INFO  <mkdb.Checkpoint> ---------------- begin ----------------
2026-07-04 16:41:05.676 INFO  <mkdb.Checkpoint> marshalN=1/0
2026-07-04 16:41:05.676 INFO  <mkdb.Checkpoint> snapshot=0 marshal0=0
2026-07-04 16:41:05.676 INFO  <mkdb.Checkpoint> flush=0
2026-07-04 16:41:05.676 INFO  <mkdb.Checkpoint> ----------------- end -----------------
2026-07-04 16:42:05.731 INFO  <mkdb.Checkpoint> ---------------- begin ----------------
2026-07-04 16:42:05.731 INFO  <mkdb.Checkpoint> marshalN=1/0
2026-07-04 16:42:05.731 INFO  <mkdb.Checkpoint> snapshot=0 marshal0=0
2026-07-04 16:42:05.731 INFO  <mkdb.Checkpoint> flush=0
2026-07-04 16:42:05.731 INFO  <mkdb.Checkpoint> ----------------- end -----------------
2026-07-04 16:43:05.783 INFO  <mkdb.Checkpoint> ---------------- begin ----------------
2026-07-04 16:43:05.783 INFO  <mkdb.Checkpoint> marshalN=1/0
2026-07-04 16:43:05.783 INFO  <mkdb.Checkpoint> snapshot=0 marshal0=0
2026-07-04 16:43:05.783 INFO  <mkdb.Checkpoint> flush=0
2026-07-04 16:43:05.783 INFO  <mkdb.Checkpoint> ----------------- end -----------------
2026-07-04 16:44:05.833 INFO  <mkdb.Checkpoint> ---------------- begin ----------------
2026-07-04 16:44:05.833 INFO  <mkdb.Checkpoint> marshalN=1/0
2026-07-04 16:44:05.833 INFO  <mkdb.Checkpoint> snapshot=0 marshal0=0
2026-07-04 16:44:05.833 INFO  <mkdb.Checkpoint> flush=0
2026-07-04 16:44:05.833 INFO  <mkdb.Checkpoint> ----------------- end -----------------
2026-07-04 16:45:05.882 INFO  <mkdb.Checkpoint> ---------------- begin ----------------
2026-07-04 16:45:05.882 INFO  <mkdb.Checkpoint> marshalN=1/0
2026-07-04 16:45:05.882 INFO  <mkdb.Checkpoint> snapshot=0 marshal0=0
2026-07-04 16:45:05.882 INFO  <mkdb.Checkpoint> flush=0
2026-07-04 16:45:05.882 INFO  <mkdb.Checkpoint> ----------------- end -----------------
2026-07-04 16:46:05.933 INFO  <mkdb.Checkpoint> ---------------- begin ----------------
2026-07-04 16:46:05.933 INFO  <mkdb.Checkpoint> marshalN=1/0
2026-07-04 16:46:05.933 INFO  <mkdb.Checkpoint> snapshot=0 marshal0=0
2026-07-04 16:46:05.933 INFO  <mkdb.Checkpoint> flush=0
2026-07-04 16:46:05.933 INFO  <mkdb.Checkpoint> ----------------- end -----------------
2026-07-04 16:47:05.987 INFO  <mkdb.Checkpoint> ---------------- begin ----------------
2026-07-04 16:47:05.987 INFO  <mkdb.Checkpoint> marshalN=1/0
2026-07-04 16:47:05.987 INFO  <mkdb.Checkpoint> snapshot=0 marshal0=0
2026-07-04 16:47:05.987 INFO  <mkdb.Checkpoint> flush=0
2026-07-04 16:47:05.987 INFO  <mkdb.Checkpoint> ----------------- end -----------------
2026-07-04 16:48:06.041 INFO  <mkdb.Checkpoint> ---------------- begin ----------------
2026-07-04 16:48:06.041 INFO  <mkdb.Checkpoint> marshalN=1/0
2026-07-04 16:48:06.041 INFO  <mkdb.Checkpoint> snapshot=0 marshal0=0
2026-07-04 16:48:06.041 INFO  <mkdb.Checkpoint> flush=0
2026-07-04 16:48:06.041 INFO  <mkdb.Checkpoint> ----------------- end -----------------
2026-07-04 16:49:06.106 INFO  <mkdb.Checkpoint> ---------------- begin ----------------
2026-07-04 16:49:06.106 INFO  <mkdb.Checkpoint> marshalN=1/0
2026-07-04 16:49:06.106 INFO  <mkdb.Checkpoint> snapshot=0 marshal0=0
2026-07-04 16:49:06.106 INFO  <mkdb.Checkpoint> flush=0
2026-07-04 16:49:06.106 INFO  <mkdb.Checkpoint> ----------------- end -----------------
2026-07-04 16:50:06.156 INFO  <mkdb.Checkpoint> ---------------- begin ----------------
2026-07-04 16:50:06.156 INFO  <mkdb.Checkpoint> marshalN=1/0
2026-07-04 16:50:06.156 INFO  <mkdb.Checkpoint> snapshot=0 marshal0=0
2026-07-04 16:50:06.156 INFO  <mkdb.Checkpoint> flush=0
2026-07-04 16:50:06.156 INFO  <mkdb.Checkpoint> ----------------- end -----------------
2026-07-04 16:51:06.205 INFO  <mkdb.Checkpoint> ---------------- begin ----------------
2026-07-04 16:51:06.205 INFO  <mkdb.Checkpoint> marshalN=1/0
2026-07-04 16:51:06.205 INFO  <mkdb.Checkpoint> snapshot=0 marshal0=0
2026-07-04 16:51:06.205 INFO  <mkdb.Checkpoint> flush=0
2026-07-04 16:51:06.205 INFO  <mkdb.Checkpoint> ----------------- end -----------------
2026-07-04 16:52:06.256 INFO  <mkdb.Checkpoint> ---------------- begin ----------------
2026-07-04 16:52:06.256 INFO  <mkdb.Checkpoint> marshalN=1/0
2026-07-04 16:52:06.256 INFO  <mkdb.Checkpoint> snapshot=0 marshal0=0
2026-07-04 16:52:06.256 INFO  <mkdb.Checkpoint> flush=0
2026-07-04 16:52:06.256 INFO  <mkdb.Checkpoint> ----------------- end -----------------
2026-07-04 16:53:06.305 INFO  <mkdb.Checkpoint> ---------------- begin ----------------
2026-07-04 16:53:06.305 INFO  <mkdb.Checkpoint> marshalN=1/0
2026-07-04 16:53:06.305 INFO  <mkdb.Checkpoint> snapshot=0 marshal0=0
2026-07-04 16:53:06.305 INFO  <mkdb.Checkpoint> flush=0
2026-07-04 16:53:06.305 INFO  <mkdb.Checkpoint> ----------------- end -----------------
2026-07-04 16:54:06.354 INFO  <mkdb.Checkpoint> ---------------- begin ----------------
2026-07-04 16:54:06.354 INFO  <mkdb.Checkpoint> marshalN=1/0
2026-07-04 16:54:06.354 INFO  <mkdb.Checkpoint> snapshot=0 marshal0=0
2026-07-04 16:54:06.354 INFO  <mkdb.Checkpoint> flush=0
2026-07-04 16:54:06.354 INFO  <mkdb.Checkpoint> ----------------- end -----------------
2026-07-04 16:55:06.407 INFO  <mkdb.Checkpoint> ---------------- begin ----------------
2026-07-04 16:55:06.407 INFO  <mkdb.Checkpoint> marshalN=1/0
2026-07-04 16:55:06.407 INFO  <mkdb.Checkpoint> snapshot=0 marshal0=0
2026-07-04 16:55:06.407 INFO  <mkdb.Checkpoint> flush=0
2026-07-04 16:55:06.407 INFO  <mkdb.Checkpoint> ----------------- end -----------------
2026-07-04 16:56:06.461 INFO  <mkdb.Checkpoint> ---------------- begin ----------------
2026-07-04 16:56:06.461 INFO  <mkdb.Checkpoint> marshalN=1/0
2026-07-04 16:56:06.461 INFO  <mkdb.Checkpoint> snapshot=0 marshal0=0
2026-07-04 16:56:06.461 INFO  <mkdb.Checkpoint> flush=0
2026-07-04 16:56:06.461 INFO  <mkdb.Checkpoint> ----------------- end -----------------
2026-07-04 16:57:06.512 INFO  <mkdb.Checkpoint> ---------------- begin ----------------
2026-07-04 16:57:06.512 INFO  <mkdb.Checkpoint> marshalN=1/0
2026-07-04 16:57:06.512 INFO  <mkdb.Checkpoint> snapshot=0 marshal0=0
2026-07-04 16:57:06.512 INFO  <mkdb.Checkpoint> flush=0
2026-07-04 16:57:06.512 INFO  <mkdb.Checkpoint> ----------------- end -----------------
2026-07-04 16:58:06.565 INFO  <mkdb.Checkpoint> ---------------- begin ----------------
2026-07-04 16:58:06.565 INFO  <mkdb.Checkpoint> marshalN=1/0
2026-07-04 16:58:06.565 INFO  <mkdb.Checkpoint> snapshot=0 marshal0=0
2026-07-04 16:58:06.565 INFO  <mkdb.Checkpoint> flush=0
2026-07-04 16:58:06.565 INFO  <mkdb.Checkpoint> ----------------- end -----------------
2026-07-04 16:59:06.619 INFO  <mkdb.Checkpoint> ---------------- begin ----------------
2026-07-04 16:59:06.619 INFO  <mkdb.Checkpoint> marshalN=1/0
2026-07-04 16:59:06.619 INFO  <mkdb.Checkpoint> snapshot=0 marshal0=0
2026-07-04 16:59:06.619 INFO  <mkdb.Checkpoint> flush=0
2026-07-04 16:59:06.619 INFO  <mkdb.Checkpoint> ----------------- end -----------------
2026-07-04 17:00:06.673 INFO  <mkdb.Checkpoint> ---------------- begin ----------------
2026-07-04 17:00:06.673 INFO  <mkdb.Checkpoint> marshalN=1/0
2026-07-04 17:00:06.673 INFO  <mkdb.Checkpoint> snapshot=0 marshal0=0
2026-07-04 17:00:06.673 INFO  <mkdb.Checkpoint> flush=0
2026-07-04 17:00:06.673 INFO  <mkdb.Checkpoint> ----------------- end -----------------
2026-07-04 17:00:49.151 INFO  <mkdb.Worker.procedure.28> com.locojoy.ns.Exist(activeuser:1:1) result=5
2026-07-04 17:01:06.726 INFO  <mkdb.Checkpoint> ---------------- begin ----------------
2026-07-04 17:01:06.726 INFO  <mkdb.Checkpoint> marshalN=1/0
2026-07-04 17:01:06.726 INFO  <mkdb.Checkpoint> snapshot=0 marshal0=0
2026-07-04 17:01:06.726 INFO  <mkdb.Checkpoint> flush=0
2026-07-04 17:01:06.726 INFO  <mkdb.Checkpoint> ----------------- end -----------------
2026-07-04 17:02:06.781 INFO  <mkdb.Checkpoint> ---------------- begin ----------------
2026-07-04 17:02:06.781 INFO  <mkdb.Checkpoint> marshalN=1/0
2026-07-04 17:02:06.781 INFO  <mkdb.Checkpoint> snapshot=0 marshal0=0
2026-07-04 17:02:06.781 INFO  <mkdb.Checkpoint> flush=0
2026-07-04 17:02:06.781 INFO  <mkdb.Checkpoint> ----------------- end -----------------
2026-07-04 17:03:06.836 INFO  <mkdb.Checkpoint> ---------------- begin ----------------
2026-07-04 17:03:06.836 INFO  <mkdb.Checkpoint> marshalN=1/0
2026-07-04 17:03:06.836 INFO  <mkdb.Checkpoint> snapshot=0 marshal0=0
2026-07-04 17:03:06.836 INFO  <mkdb.Checkpoint> flush=0
2026-07-04 17:03:06.836 INFO  <mkdb.Checkpoint> ----------------- end -----------------
2026-07-04 17:04:06.887 INFO  <mkdb.Checkpoint> ---------------- begin ----------------
2026-07-04 17:04:06.887 INFO  <mkdb.Checkpoint> marshalN=1/0
2026-07-04 17:04:06.887 INFO  <mkdb.Checkpoint> snapshot=0 marshal0=0
2026-07-04 17:04:06.887 INFO  <mkdb.Checkpoint> flush=0
2026-07-04 17:04:06.887 INFO  <mkdb.Checkpoint> ----------------- end -----------------
2026-07-04 17:05:06.937 INFO  <mkdb.Checkpoint> ---------------- begin ----------------
2026-07-04 17:05:06.937 INFO  <mkdb.Checkpoint> marshalN=1/0
2026-07-04 17:05:06.937 INFO  <mkdb.Checkpoint> snapshot=0 marshal0=0
2026-07-04 17:05:06.938 INFO  <mkdb.Checkpoint> flush=0
2026-07-04 17:05:06.938 INFO  <mkdb.Checkpoint> ----------------- end -----------------
2026-07-04 17:06:06.989 INFO  <mkdb.Checkpoint> ---------------- begin ----------------
2026-07-04 17:06:06.989 INFO  <mkdb.Checkpoint> marshalN=1/0
2026-07-04 17:06:06.989 INFO  <mkdb.Checkpoint> snapshot=0 marshal0=0
2026-07-04 17:06:06.989 INFO  <mkdb.Checkpoint> flush=0
2026-07-04 17:06:06.989 INFO  <mkdb.Checkpoint> ----------------- end -----------------
2026-07-04 17:07:07.040 INFO  <mkdb.Checkpoint> ---------------- begin ----------------
2026-07-04 17:07:07.040 INFO  <mkdb.Checkpoint> marshalN=1/0
2026-07-04 17:07:07.040 INFO  <mkdb.Checkpoint> snapshot=0 marshal0=0
2026-07-04 17:07:07.040 INFO  <mkdb.Checkpoint> flush=0
2026-07-04 17:07:07.040 INFO  <mkdb.Checkpoint> ----------------- end -----------------
2026-07-04 17:08:07.089 INFO  <mkdb.Checkpoint> ---------------- begin ----------------
2026-07-04 17:08:07.089 INFO  <mkdb.Checkpoint> marshalN=1/0
2026-07-04 17:08:07.089 INFO  <mkdb.Checkpoint> snapshot=0 marshal0=0
2026-07-04 17:08:07.089 INFO  <mkdb.Checkpoint> flush=0
2026-07-04 17:08:07.089 INFO  <mkdb.Checkpoint> ----------------- end -----------------
2026-07-04 17:09:07.144 INFO  <mkdb.Checkpoint> ---------------- begin ----------------
2026-07-04 17:09:07.144 INFO  <mkdb.Checkpoint> marshalN=1/0
2026-07-04 17:09:07.144 INFO  <mkdb.Checkpoint> snapshot=0 marshal0=0
2026-07-04 17:09:07.144 INFO  <mkdb.Checkpoint> flush=0
2026-07-04 17:09:07.144 INFO  <mkdb.Checkpoint> ----------------- end -----------------
2026-07-04 17:10:07.197 INFO  <mkdb.Checkpoint> ---------------- begin ----------------
2026-07-04 17:10:07.197 INFO  <mkdb.Checkpoint> marshalN=1/0
2026-07-04 17:10:07.197 INFO  <mkdb.Checkpoint> snapshot=0 marshal0=0
2026-07-04 17:10:07.197 INFO  <mkdb.Checkpoint> flush=0
2026-07-04 17:10:07.197 INFO  <mkdb.Checkpoint> ----------------- end -----------------
2026-07-04 17:11:07.250 INFO  <mkdb.Checkpoint> ---------------- begin ----------------
2026-07-04 17:11:07.250 INFO  <mkdb.Checkpoint> marshalN=1/0
2026-07-04 17:11:07.250 INFO  <mkdb.Checkpoint> snapshot=0 marshal0=0
2026-07-04 17:11:07.250 INFO  <mkdb.Checkpoint> flush=0
2026-07-04 17:11:07.250 INFO  <mkdb.Checkpoint> ----------------- end -----------------
2026-07-04 17:12:07.304 INFO  <mkdb.Checkpoint> ---------------- begin ----------------
2026-07-04 17:12:07.304 INFO  <mkdb.Checkpoint> marshalN=1/0
2026-07-04 17:12:07.304 INFO  <mkdb.Checkpoint> snapshot=0 marshal0=0
2026-07-04 17:12:07.304 INFO  <mkdb.Checkpoint> flush=0
2026-07-04 17:12:07.304 INFO  <mkdb.Checkpoint> ----------------- end -----------------
2026-07-04 17:13:07.356 INFO  <mkdb.Checkpoint> ---------------- begin ----------------
2026-07-04 17:13:07.356 INFO  <mkdb.Checkpoint> marshalN=1/0
2026-07-04 17:13:07.356 INFO  <mkdb.Checkpoint> snapshot=0 marshal0=0
2026-07-04 17:13:07.356 INFO  <mkdb.Checkpoint> flush=0
2026-07-04 17:13:07.356 INFO  <mkdb.Checkpoint> ----------------- end -----------------
2026-07-04 17:14:07.409 INFO  <mkdb.Checkpoint> ---------------- begin ----------------
2026-07-04 17:14:07.409 INFO  <mkdb.Checkpoint> marshalN=1/0
2026-07-04 17:14:07.409 INFO  <mkdb.Checkpoint> snapshot=0 marshal0=0
2026-07-04 17:14:07.410 INFO  <mkdb.Checkpoint> flush=0
2026-07-04 17:14:07.410 INFO  <mkdb.Checkpoint> ----------------- end -----------------
2026-07-04 17:15:07.458 INFO  <mkdb.Checkpoint> ---------------- begin ----------------
2026-07-04 17:15:07.458 INFO  <mkdb.Checkpoint> marshalN=1/0
2026-07-04 17:15:07.458 INFO  <mkdb.Checkpoint> snapshot=0 marshal0=0
2026-07-04 17:15:07.458 INFO  <mkdb.Checkpoint> flush=0
2026-07-04 17:15:07.458 INFO  <mkdb.Checkpoint> ----------------- end -----------------
2026-07-04 17:16:07.511 INFO  <mkdb.Checkpoint> ---------------- begin ----------------
2026-07-04 17:16:07.511 INFO  <mkdb.Checkpoint> marshalN=1/0
2026-07-04 17:16:07.511 INFO  <mkdb.Checkpoint> snapshot=0 marshal0=0
2026-07-04 17:16:07.511 INFO  <mkdb.Checkpoint> flush=0
2026-07-04 17:16:07.511 INFO  <mkdb.Checkpoint> ----------------- end -----------------
2026-07-04 17:17:07.562 INFO  <mkdb.Checkpoint> ---------------- begin ----------------
2026-07-04 17:17:07.562 INFO  <mkdb.Checkpoint> marshalN=1/0
2026-07-04 17:17:07.562 INFO  <mkdb.Checkpoint> snapshot=0 marshal0=0
2026-07-04 17:17:07.562 INFO  <mkdb.Checkpoint> flush=0
2026-07-04 17:17:07.562 INFO  <mkdb.Checkpoint> ----------------- end -----------------
2026-07-04 17:18:07.616 INFO  <mkdb.Checkpoint> ---------------- begin ----------------
2026-07-04 17:18:07.616 INFO  <mkdb.Checkpoint> marshalN=1/0
2026-07-04 17:18:07.616 INFO  <mkdb.Checkpoint> snapshot=0 marshal0=0
2026-07-04 17:18:07.616 INFO  <mkdb.Checkpoint> flush=0
2026-07-04 17:18:07.616 INFO  <mkdb.Checkpoint> ----------------- end -----------------
2026-07-04 17:19:07.669 INFO  <mkdb.Checkpoint> ---------------- begin ----------------
2026-07-04 17:19:07.669 INFO  <mkdb.Checkpoint> marshalN=1/0
2026-07-04 17:19:07.669 INFO  <mkdb.Checkpoint> snapshot=0 marshal0=0
2026-07-04 17:19:07.669 INFO  <mkdb.Checkpoint> flush=0
2026-07-04 17:19:07.669 INFO  <mkdb.Checkpoint> ----------------- end -----------------
2026-07-04 17:20:07.724 INFO  <mkdb.Checkpoint> ---------------- begin ----------------
2026-07-04 17:20:07.724 INFO  <mkdb.Checkpoint> marshalN=1/0
2026-07-04 17:20:07.724 INFO  <mkdb.Checkpoint> snapshot=0 marshal0=0
2026-07-04 17:20:07.724 INFO  <mkdb.Checkpoint> flush=0
2026-07-04 17:20:07.724 INFO  <mkdb.Checkpoint> ----------------- end -----------------
2026-07-04 17:21:07.776 INFO  <mkdb.Checkpoint> ---------------- begin ----------------
2026-07-04 17:21:07.776 INFO  <mkdb.Checkpoint> marshalN=1/0
2026-07-04 17:21:07.776 INFO  <mkdb.Checkpoint> snapshot=0 marshal0=0
2026-07-04 17:21:07.776 INFO  <mkdb.Checkpoint> flush=0
2026-07-04 17:21:07.776 INFO  <mkdb.Checkpoint> ----------------- end -----------------
2026-07-04 17:22:07.829 INFO  <mkdb.Checkpoint> ---------------- begin ----------------
2026-07-04 17:22:07.829 INFO  <mkdb.Checkpoint> marshalN=1/0
2026-07-04 17:22:07.829 INFO  <mkdb.Checkpoint> snapshot=0 marshal0=0
2026-07-04 17:22:07.829 INFO  <mkdb.Checkpoint> flush=0
2026-07-04 17:22:07.829 INFO  <mkdb.Checkpoint> ----------------- end -----------------
2026-07-04 17:23:07.892 INFO  <mkdb.Checkpoint> ---------------- begin ----------------
2026-07-04 17:23:07.892 INFO  <mkdb.Checkpoint> marshalN=1/0
2026-07-04 17:23:07.892 INFO  <mkdb.Checkpoint> snapshot=0 marshal0=0
2026-07-04 17:23:07.892 INFO  <mkdb.Checkpoint> flush=0
2026-07-04 17:23:07.892 INFO  <mkdb.Checkpoint> ----------------- end -----------------
2026-07-04 17:24:07.950 INFO  <mkdb.Checkpoint> ---------------- begin ----------------
2026-07-04 17:24:07.950 INFO  <mkdb.Checkpoint> marshalN=1/0
2026-07-04 17:24:07.950 INFO  <mkdb.Checkpoint> snapshot=0 marshal0=0
2026-07-04 17:24:07.950 INFO  <mkdb.Checkpoint> flush=0
2026-07-04 17:24:07.950 INFO  <mkdb.Checkpoint> ----------------- end -----------------
2026-07-04 17:25:08.000 INFO  <mkdb.Checkpoint> ---------------- begin ----------------
2026-07-04 17:25:08.000 INFO  <mkdb.Checkpoint> marshalN=1/0
2026-07-04 17:25:08.000 INFO  <mkdb.Checkpoint> snapshot=0 marshal0=0
2026-07-04 17:25:08.000 INFO  <mkdb.Checkpoint> flush=0
2026-07-04 17:25:08.000 INFO  <mkdb.Checkpoint> ----------------- end -----------------
2026-07-04 17:26:08.049 INFO  <mkdb.Checkpoint> ---------------- begin ----------------
2026-07-04 17:26:08.049 INFO  <mkdb.Checkpoint> marshalN=1/0
2026-07-04 17:26:08.049 INFO  <mkdb.Checkpoint> snapshot=0 marshal0=0
2026-07-04 17:26:08.049 INFO  <mkdb.Checkpoint> flush=0
2026-07-04 17:26:08.049 INFO  <mkdb.Checkpoint> ----------------- end -----------------
2026-07-04 17:27:08.100 INFO  <mkdb.Checkpoint> ---------------- begin ----------------
2026-07-04 17:27:08.101 INFO  <mkdb.Checkpoint> marshalN=1/0
2026-07-04 17:27:08.101 INFO  <mkdb.Checkpoint> snapshot=0 marshal0=0
2026-07-04 17:27:08.101 INFO  <mkdb.Checkpoint> flush=0
2026-07-04 17:27:08.101 INFO  <mkdb.Checkpoint> ----------------- end -----------------
2026-07-04 17:27:30.020 WARN  <mkdb.Backup> backup FULL begin
2026-07-04 17:27:30.020 WARN  <mkdb.Backup> backup FULL end
2026-07-04 17:28:08.155 INFO  <mkdb.Checkpoint> ---------------- begin ----------------
2026-07-04 17:28:08.155 INFO  <mkdb.Checkpoint> marshalN=1/0
2026-07-04 17:28:08.155 INFO  <mkdb.Checkpoint> snapshot=0 marshal0=0
2026-07-04 17:28:08.155 INFO  <mkdb.Checkpoint> flush=0
2026-07-04 17:28:08.155 INFO  <mkdb.Checkpoint> ----------------- end -----------------
2026-07-04 17:29:08.206 INFO  <mkdb.Checkpoint> ---------------- begin ----------------
2026-07-04 17:29:08.206 INFO  <mkdb.Checkpoint> marshalN=1/0
2026-07-04 17:29:08.206 INFO  <mkdb.Checkpoint> snapshot=0 marshal0=0
2026-07-04 17:29:08.206 INFO  <mkdb.Checkpoint> flush=0
2026-07-04 17:29:08.206 INFO  <mkdb.Checkpoint> ----------------- end -----------------
2026-07-04 17:30:08.258 INFO  <mkdb.Checkpoint> ---------------- begin ----------------
2026-07-04 17:30:08.258 INFO  <mkdb.Checkpoint> marshalN=1/0
2026-07-04 17:30:08.258 INFO  <mkdb.Checkpoint> snapshot=0 marshal0=0
2026-07-04 17:30:08.258 INFO  <mkdb.Checkpoint> flush=0
2026-07-04 17:30:08.258 INFO  <mkdb.Checkpoint> ----------------- end -----------------
2026-07-04 17:31:08.313 INFO  <mkdb.Checkpoint> ---------------- begin ----------------
2026-07-04 17:31:08.313 INFO  <mkdb.Checkpoint> marshalN=1/0
2026-07-04 17:31:08.313 INFO  <mkdb.Checkpoint> snapshot=0 marshal0=0
2026-07-04 17:31:08.313 INFO  <mkdb.Checkpoint> flush=0
2026-07-04 17:31:08.313 INFO  <mkdb.Checkpoint> ----------------- end -----------------
2026-07-04 17:32:08.364 INFO  <mkdb.Checkpoint> ---------------- begin ----------------
2026-07-04 17:32:08.364 INFO  <mkdb.Checkpoint> marshalN=1/0
2026-07-04 17:32:08.364 INFO  <mkdb.Checkpoint> snapshot=0 marshal0=0
2026-07-04 17:32:08.364 INFO  <mkdb.Checkpoint> flush=0
2026-07-04 17:32:08.364 INFO  <mkdb.Checkpoint> ----------------- end -----------------
2026-07-04 17:33:08.415 INFO  <mkdb.Checkpoint> ---------------- begin ----------------
2026-07-04 17:33:08.415 INFO  <mkdb.Checkpoint> marshalN=1/0
2026-07-04 17:33:08.415 INFO  <mkdb.Checkpoint> snapshot=0 marshal0=0
2026-07-04 17:33:08.415 INFO  <mkdb.Checkpoint> flush=0
2026-07-04 17:33:08.415 INFO  <mkdb.Checkpoint> ----------------- end -----------------
2026-07-04 17:34:08.469 INFO  <mkdb.Checkpoint> ---------------- begin ----------------
2026-07-04 17:34:08.469 INFO  <mkdb.Checkpoint> marshalN=1/0
2026-07-04 17:34:08.469 INFO  <mkdb.Checkpoint> snapshot=0 marshal0=0
2026-07-04 17:34:08.469 INFO  <mkdb.Checkpoint> flush=0
2026-07-04 17:34:08.469 INFO  <mkdb.Checkpoint> ----------------- end -----------------
2026-07-04 17:35:08.521 INFO  <mkdb.Checkpoint> ---------------- begin ----------------
2026-07-04 17:35:08.521 INFO  <mkdb.Checkpoint> marshalN=1/0
2026-07-04 17:35:08.521 INFO  <mkdb.Checkpoint> snapshot=0 marshal0=0
2026-07-04 17:35:08.521 INFO  <mkdb.Checkpoint> flush=0
2026-07-04 17:35:08.521 INFO  <mkdb.Checkpoint> ----------------- end -----------------
2026-07-04 17:36:08.575 INFO  <mkdb.Checkpoint> ---------------- begin ----------------
2026-07-04 17:36:08.575 INFO  <mkdb.Checkpoint> marshalN=1/0
2026-07-04 17:36:08.575 INFO  <mkdb.Checkpoint> snapshot=0 marshal0=0
2026-07-04 17:36:08.575 INFO  <mkdb.Checkpoint> flush=0
2026-07-04 17:36:08.575 INFO  <mkdb.Checkpoint> ----------------- end -----------------
2026-07-04 17:37:08.629 INFO  <mkdb.Checkpoint> ---------------- begin ----------------
2026-07-04 17:37:08.629 INFO  <mkdb.Checkpoint> marshalN=1/0
2026-07-04 17:37:08.629 INFO  <mkdb.Checkpoint> snapshot=0 marshal0=0
2026-07-04 17:37:08.629 INFO  <mkdb.Checkpoint> flush=0
2026-07-04 17:37:08.629 INFO  <mkdb.Checkpoint> ----------------- end -----------------
2026-07-04 17:38:08.684 INFO  <mkdb.Checkpoint> ---------------- begin ----------------
2026-07-04 17:38:08.684 INFO  <mkdb.Checkpoint> marshalN=1/0
2026-07-04 17:38:08.684 INFO  <mkdb.Checkpoint> snapshot=0 marshal0=0
2026-07-04 17:38:08.684 INFO  <mkdb.Checkpoint> flush=0
2026-07-04 17:38:08.684 INFO  <mkdb.Checkpoint> ----------------- end -----------------
2026-07-04 17:39:08.738 INFO  <mkdb.Checkpoint> ---------------- begin ----------------
2026-07-04 17:39:08.738 INFO  <mkdb.Checkpoint> marshalN=1/0
2026-07-04 17:39:08.738 INFO  <mkdb.Checkpoint> snapshot=0 marshal0=0
2026-07-04 17:39:08.738 INFO  <mkdb.Checkpoint> flush=0
2026-07-04 17:39:08.738 INFO  <mkdb.Checkpoint> ----------------- end -----------------
2026-07-04 17:40:08.792 INFO  <mkdb.Checkpoint> ---------------- begin ----------------
2026-07-04 17:40:08.792 INFO  <mkdb.Checkpoint> marshalN=1/0
2026-07-04 17:40:08.792 INFO  <mkdb.Checkpoint> snapshot=0 marshal0=0
2026-07-04 17:40:08.792 INFO  <mkdb.Checkpoint> flush=0
2026-07-04 17:40:08.792 INFO  <mkdb.Checkpoint> ----------------- end -----------------
2026-07-04 17:41:08.844 INFO  <mkdb.Checkpoint> ---------------- begin ----------------
2026-07-04 17:41:08.844 INFO  <mkdb.Checkpoint> marshalN=1/0
2026-07-04 17:41:08.844 INFO  <mkdb.Checkpoint> snapshot=0 marshal0=0
2026-07-04 17:41:08.844 INFO  <mkdb.Checkpoint> flush=0
2026-07-04 17:41:08.844 INFO  <mkdb.Checkpoint> ----------------- end -----------------
2026-07-04 17:42:08.895 INFO  <mkdb.Checkpoint> ---------------- begin ----------------
2026-07-04 17:42:08.895 INFO  <mkdb.Checkpoint> marshalN=1/0
2026-07-04 17:42:08.895 INFO  <mkdb.Checkpoint> snapshot=0 marshal0=0
2026-07-04 17:42:08.895 INFO  <mkdb.Checkpoint> flush=0
2026-07-04 17:42:08.895 INFO  <mkdb.Checkpoint> ----------------- end -----------------
2026-07-04 17:43:08.947 INFO  <mkdb.Checkpoint> ---------------- begin ----------------
2026-07-04 17:43:08.947 INFO  <mkdb.Checkpoint> marshalN=1/0
2026-07-04 17:43:08.947 INFO  <mkdb.Checkpoint> snapshot=0 marshal0=0
2026-07-04 17:43:08.947 INFO  <mkdb.Checkpoint> flush=0
2026-07-04 17:43:08.947 INFO  <mkdb.Checkpoint> ----------------- end -----------------
2026-07-04 17:44:08.999 INFO  <mkdb.Checkpoint> ---------------- begin ----------------
2026-07-04 17:44:08.999 INFO  <mkdb.Checkpoint> marshalN=1/0
2026-07-04 17:44:08.999 INFO  <mkdb.Checkpoint> snapshot=0 marshal0=0
2026-07-04 17:44:08.999 INFO  <mkdb.Checkpoint> flush=0
2026-07-04 17:44:08.999 INFO  <mkdb.Checkpoint> ----------------- end -----------------
2026-07-04 17:45:09.050 INFO  <mkdb.Checkpoint> ---------------- begin ----------------
2026-07-04 17:45:09.050 INFO  <mkdb.Checkpoint> marshalN=1/0
2026-07-04 17:45:09.050 INFO  <mkdb.Checkpoint> snapshot=0 marshal0=0
2026-07-04 17:45:09.050 INFO  <mkdb.Checkpoint> flush=0
2026-07-04 17:45:09.050 INFO  <mkdb.Checkpoint> ----------------- end -----------------
2026-07-04 17:46:09.103 INFO  <mkdb.Checkpoint> ---------------- begin ----------------
2026-07-04 17:46:09.104 INFO  <mkdb.Checkpoint> marshalN=1/0
2026-07-04 17:46:09.104 INFO  <mkdb.Checkpoint> snapshot=0 marshal0=0
2026-07-04 17:46:09.104 INFO  <mkdb.Checkpoint> flush=0
2026-07-04 17:46:09.104 INFO  <mkdb.Checkpoint> ----------------- end -----------------
2026-07-04 17:47:09.159 INFO  <mkdb.Checkpoint> ---------------- begin ----------------
2026-07-04 17:47:09.160 INFO  <mkdb.Checkpoint> marshalN=1/0
2026-07-04 17:47:09.160 INFO  <mkdb.Checkpoint> snapshot=0 marshal0=0
2026-07-04 17:47:09.160 INFO  <mkdb.Checkpoint> flush=0
2026-07-04 17:47:09.160 INFO  <mkdb.Checkpoint> ----------------- end -----------------
2026-07-04 17:48:09.209 INFO  <mkdb.Checkpoint> ---------------- begin ----------------
2026-07-04 17:48:09.209 INFO  <mkdb.Checkpoint> marshalN=1/0
2026-07-04 17:48:09.209 INFO  <mkdb.Checkpoint> snapshot=0 marshal0=0
2026-07-04 17:48:09.209 INFO  <mkdb.Checkpoint> flush=0
2026-07-04 17:48:09.209 INFO  <mkdb.Checkpoint> ----------------- end -----------------
2026-07-04 17:49:09.260 INFO  <mkdb.Checkpoint> ---------------- begin ----------------
2026-07-04 17:49:09.260 INFO  <mkdb.Checkpoint> marshalN=1/0
2026-07-04 17:49:09.260 INFO  <mkdb.Checkpoint> snapshot=0 marshal0=0
2026-07-04 17:49:09.260 INFO  <mkdb.Checkpoint> flush=0
2026-07-04 17:49:09.260 INFO  <mkdb.Checkpoint> ----------------- end -----------------
2026-07-04 17:50:09.310 INFO  <mkdb.Checkpoint> ---------------- begin ----------------
2026-07-04 17:50:09.310 INFO  <mkdb.Checkpoint> marshalN=1/0
2026-07-04 17:50:09.310 INFO  <mkdb.Checkpoint> snapshot=0 marshal0=0
2026-07-04 17:50:09.310 INFO  <mkdb.Checkpoint> flush=0
2026-07-04 17:50:09.310 INFO  <mkdb.Checkpoint> ----------------- end -----------------
2026-07-04 17:51:09.367 INFO  <mkdb.Checkpoint> ---------------- begin ----------------
2026-07-04 17:51:09.367 INFO  <mkdb.Checkpoint> marshalN=1/0
2026-07-04 17:51:09.367 INFO  <mkdb.Checkpoint> snapshot=0 marshal0=0
2026-07-04 17:51:09.367 INFO  <mkdb.Checkpoint> flush=0
2026-07-04 17:51:09.367 INFO  <mkdb.Checkpoint> ----------------- end -----------------
2026-07-04 17:52:09.420 INFO  <mkdb.Checkpoint> ---------------- begin ----------------
2026-07-04 17:52:09.420 INFO  <mkdb.Checkpoint> marshalN=1/0
2026-07-04 17:52:09.420 INFO  <mkdb.Checkpoint> snapshot=0 marshal0=0
2026-07-04 17:52:09.420 INFO  <mkdb.Checkpoint> flush=0
2026-07-04 17:52:09.420 INFO  <mkdb.Checkpoint> ----------------- end -----------------
2026-07-04 17:53:09.471 INFO  <mkdb.Checkpoint> ---------------- begin ----------------
2026-07-04 17:53:09.471 INFO  <mkdb.Checkpoint> marshalN=1/0
2026-07-04 17:53:09.471 INFO  <mkdb.Checkpoint> snapshot=0 marshal0=0
2026-07-04 17:53:09.471 INFO  <mkdb.Checkpoint> flush=0
2026-07-04 17:53:09.471 INFO  <mkdb.Checkpoint> ----------------- end -----------------
2026-07-04 17:54:09.525 INFO  <mkdb.Checkpoint> ---------------- begin ----------------
2026-07-04 17:54:09.525 INFO  <mkdb.Checkpoint> marshalN=1/0
2026-07-04 17:54:09.525 INFO  <mkdb.Checkpoint> snapshot=0 marshal0=0
2026-07-04 17:54:09.525 INFO  <mkdb.Checkpoint> flush=0
2026-07-04 17:54:09.525 INFO  <mkdb.Checkpoint> ----------------- end -----------------
2026-07-04 17:55:09.577 INFO  <mkdb.Checkpoint> ---------------- begin ----------------
2026-07-04 17:55:09.577 INFO  <mkdb.Checkpoint> marshalN=1/0
2026-07-04 17:55:09.577 INFO  <mkdb.Checkpoint> snapshot=0 marshal0=0
2026-07-04 17:55:09.577 INFO  <mkdb.Checkpoint> flush=0
2026-07-04 17:55:09.577 INFO  <mkdb.Checkpoint> ----------------- end -----------------
2026-07-04 17:56:09.627 INFO  <mkdb.Checkpoint> ---------------- begin ----------------
2026-07-04 17:56:09.627 INFO  <mkdb.Checkpoint> marshalN=1/0
2026-07-04 17:56:09.627 INFO  <mkdb.Checkpoint> snapshot=0 marshal0=0
2026-07-04 17:56:09.627 INFO  <mkdb.Checkpoint> flush=0
2026-07-04 17:56:09.627 INFO  <mkdb.Checkpoint> ----------------- end -----------------
2026-07-04 17:57:09.682 INFO  <mkdb.Checkpoint> ---------------- begin ----------------
2026-07-04 17:57:09.682 INFO  <mkdb.Checkpoint> marshalN=1/0
2026-07-04 17:57:09.682 INFO  <mkdb.Checkpoint> snapshot=0 marshal0=0
2026-07-04 17:57:09.682 INFO  <mkdb.Checkpoint> flush=0
2026-07-04 17:57:09.682 INFO  <mkdb.Checkpoint> ----------------- end -----------------
2026-07-04 17:58:09.737 INFO  <mkdb.Checkpoint> ---------------- begin ----------------
2026-07-04 17:58:09.737 INFO  <mkdb.Checkpoint> marshalN=1/0
2026-07-04 17:58:09.737 INFO  <mkdb.Checkpoint> snapshot=0 marshal0=0
2026-07-04 17:58:09.737 INFO  <mkdb.Checkpoint> flush=0
2026-07-04 17:58:09.737 INFO  <mkdb.Checkpoint> ----------------- end -----------------
2026-07-04 17:59:09.788 INFO  <mkdb.Checkpoint> ---------------- begin ----------------
2026-07-04 17:59:09.788 INFO  <mkdb.Checkpoint> marshalN=1/0
2026-07-04 17:59:09.788 INFO  <mkdb.Checkpoint> snapshot=0 marshal0=0
2026-07-04 17:59:09.788 INFO  <mkdb.Checkpoint> flush=0
2026-07-04 17:59:09.788 INFO  <mkdb.Checkpoint> ----------------- end -----------------
2026-07-04 18:00:09.842 INFO  <mkdb.Checkpoint> ---------------- begin ----------------
2026-07-04 18:00:09.842 INFO  <mkdb.Checkpoint> marshalN=1/0
2026-07-04 18:00:09.842 INFO  <mkdb.Checkpoint> snapshot=0 marshal0=0
2026-07-04 18:00:09.842 INFO  <mkdb.Checkpoint> flush=0
2026-07-04 18:00:09.842 INFO  <mkdb.Checkpoint> ----------------- end -----------------
2026-07-04 18:01:09.895 INFO  <mkdb.Checkpoint> ---------------- begin ----------------
2026-07-04 18:01:09.895 INFO  <mkdb.Checkpoint> marshalN=1/0
2026-07-04 18:01:09.895 INFO  <mkdb.Checkpoint> snapshot=0 marshal0=0
2026-07-04 18:01:09.895 INFO  <mkdb.Checkpoint> flush=0
2026-07-04 18:01:09.895 INFO  <mkdb.Checkpoint> ----------------- end -----------------
2026-07-04 18:02:09.948 INFO  <mkdb.Checkpoint> ---------------- begin ----------------
2026-07-04 18:02:09.948 INFO  <mkdb.Checkpoint> marshalN=1/0
2026-07-04 18:02:09.948 INFO  <mkdb.Checkpoint> snapshot=0 marshal0=0
2026-07-04 18:02:09.948 INFO  <mkdb.Checkpoint> flush=0
2026-07-04 18:02:09.948 INFO  <mkdb.Checkpoint> ----------------- end -----------------
2026-07-04 18:03:10.003 INFO  <mkdb.Checkpoint> ---------------- begin ----------------
2026-07-04 18:03:10.003 INFO  <mkdb.Checkpoint> marshalN=1/0
2026-07-04 18:03:10.003 INFO  <mkdb.Checkpoint> snapshot=0 marshal0=0
2026-07-04 18:03:10.003 INFO  <mkdb.Checkpoint> flush=0
2026-07-04 18:03:10.003 INFO  <mkdb.Checkpoint> ----------------- end -----------------
2026-07-04 18:04:10.053 INFO  <mkdb.Checkpoint> ---------------- begin ----------------
2026-07-04 18:04:10.053 INFO  <mkdb.Checkpoint> marshalN=1/0
2026-07-04 18:04:10.053 INFO  <mkdb.Checkpoint> snapshot=0 marshal0=0
2026-07-04 18:04:10.053 INFO  <mkdb.Checkpoint> flush=0
2026-07-04 18:04:10.053 INFO  <mkdb.Checkpoint> ----------------- end -----------------
2026-07-04 18:05:10.105 INFO  <mkdb.Checkpoint> ---------------- begin ----------------
2026-07-04 18:05:10.105 INFO  <mkdb.Checkpoint> marshalN=1/0
2026-07-04 18:05:10.105 INFO  <mkdb.Checkpoint> snapshot=0 marshal0=0
2026-07-04 18:05:10.105 INFO  <mkdb.Checkpoint> flush=0
2026-07-04 18:05:10.105 INFO  <mkdb.Checkpoint> ----------------- end -----------------
2026-07-04 18:06:10.155 INFO  <mkdb.Checkpoint> ---------------- begin ----------------
2026-07-04 18:06:10.155 INFO  <mkdb.Checkpoint> marshalN=1/0
2026-07-04 18:06:10.155 INFO  <mkdb.Checkpoint> snapshot=0 marshal0=0
2026-07-04 18:06:10.155 INFO  <mkdb.Checkpoint> flush=0
2026-07-04 18:06:10.155 INFO  <mkdb.Checkpoint> ----------------- end -----------------
2026-07-04 18:07:10.210 INFO  <mkdb.Checkpoint> ---------------- begin ----------------
2026-07-04 18:07:10.210 INFO  <mkdb.Checkpoint> marshalN=1/0
2026-07-04 18:07:10.210 INFO  <mkdb.Checkpoint> snapshot=0 marshal0=0
2026-07-04 18:07:10.210 INFO  <mkdb.Checkpoint> flush=0
2026-07-04 18:07:10.210 INFO  <mkdb.Checkpoint> ----------------- end -----------------
2026-07-04 18:08:10.261 INFO  <mkdb.Checkpoint> ---------------- begin ----------------
2026-07-04 18:08:10.261 INFO  <mkdb.Checkpoint> marshalN=1/0
2026-07-04 18:08:10.261 INFO  <mkdb.Checkpoint> snapshot=0 marshal0=0
2026-07-04 18:08:10.261 INFO  <mkdb.Checkpoint> flush=0
2026-07-04 18:08:10.261 INFO  <mkdb.Checkpoint> ----------------- end -----------------
2026-07-04 18:09:10.316 INFO  <mkdb.Checkpoint> ---------------- begin ----------------
2026-07-04 18:09:10.316 INFO  <mkdb.Checkpoint> marshalN=1/0
2026-07-04 18:09:10.316 INFO  <mkdb.Checkpoint> snapshot=0 marshal0=0
2026-07-04 18:09:10.316 INFO  <mkdb.Checkpoint> flush=0
2026-07-04 18:09:10.316 INFO  <mkdb.Checkpoint> ----------------- end -----------------
2026-07-04 18:10:10.366 INFO  <mkdb.Checkpoint> ---------------- begin ----------------
2026-07-04 18:10:10.366 INFO  <mkdb.Checkpoint> marshalN=1/0
2026-07-04 18:10:10.366 INFO  <mkdb.Checkpoint> snapshot=0 marshal0=0
2026-07-04 18:10:10.366 INFO  <mkdb.Checkpoint> flush=0
2026-07-04 18:10:10.366 INFO  <mkdb.Checkpoint> ----------------- end -----------------
2026-07-04 18:11:10.419 INFO  <mkdb.Checkpoint> ---------------- begin ----------------
2026-07-04 18:11:10.419 INFO  <mkdb.Checkpoint> marshalN=1/0
2026-07-04 18:11:10.419 INFO  <mkdb.Checkpoint> snapshot=0 marshal0=0
2026-07-04 18:11:10.419 INFO  <mkdb.Checkpoint> flush=0
2026-07-04 18:11:10.419 INFO  <mkdb.Checkpoint> ----------------- end -----------------
2026-07-04 18:12:10.470 INFO  <mkdb.Checkpoint> ---------------- begin ----------------
2026-07-04 18:12:10.470 INFO  <mkdb.Checkpoint> marshalN=1/0
2026-07-04 18:12:10.470 INFO  <mkdb.Checkpoint> snapshot=0 marshal0=0
2026-07-04 18:12:10.470 INFO  <mkdb.Checkpoint> flush=0
2026-07-04 18:12:10.470 INFO  <mkdb.Checkpoint> ----------------- end -----------------
2026-07-04 18:13:10.524 INFO  <mkdb.Checkpoint> ---------------- begin ----------------
2026-07-04 18:13:10.524 INFO  <mkdb.Checkpoint> marshalN=1/0
2026-07-04 18:13:10.524 INFO  <mkdb.Checkpoint> snapshot=0 marshal0=0
2026-07-04 18:13:10.524 INFO  <mkdb.Checkpoint> flush=0
2026-07-04 18:13:10.524 INFO  <mkdb.Checkpoint> ----------------- end -----------------
2026-07-04 18:14:10.575 INFO  <mkdb.Checkpoint> ---------------- begin ----------------
2026-07-04 18:14:10.575 INFO  <mkdb.Checkpoint> marshalN=1/0
2026-07-04 18:14:10.575 INFO  <mkdb.Checkpoint> snapshot=0 marshal0=0
2026-07-04 18:14:10.575 INFO  <mkdb.Checkpoint> flush=0
2026-07-04 18:14:10.575 INFO  <mkdb.Checkpoint> ----------------- end -----------------
2026-07-04 18:15:10.626 INFO  <mkdb.Checkpoint> ---------------- begin ----------------
2026-07-04 18:15:10.626 INFO  <mkdb.Checkpoint> marshalN=1/0
2026-07-04 18:15:10.626 INFO  <mkdb.Checkpoint> snapshot=0 marshal0=0
2026-07-04 18:15:10.626 INFO  <mkdb.Checkpoint> flush=0
2026-07-04 18:15:10.626 INFO  <mkdb.Checkpoint> ----------------- end -----------------
2026-07-04 18:16:10.679 INFO  <mkdb.Checkpoint> ---------------- begin ----------------
2026-07-04 18:16:10.679 INFO  <mkdb.Checkpoint> marshalN=1/0
2026-07-04 18:16:10.679 INFO  <mkdb.Checkpoint> snapshot=0 marshal0=0
2026-07-04 18:16:10.679 INFO  <mkdb.Checkpoint> flush=0
2026-07-04 18:16:10.679 INFO  <mkdb.Checkpoint> ----------------- end -----------------
2026-07-04 18:17:10.733 INFO  <mkdb.Checkpoint> ---------------- begin ----------------
2026-07-04 18:17:10.733 INFO  <mkdb.Checkpoint> marshalN=1/0
2026-07-04 18:17:10.733 INFO  <mkdb.Checkpoint> snapshot=0 marshal0=0
2026-07-04 18:17:10.733 INFO  <mkdb.Checkpoint> flush=0
2026-07-04 18:17:10.733 INFO  <mkdb.Checkpoint> ----------------- end -----------------
2026-07-04 18:18:10.786 INFO  <mkdb.Checkpoint> ---------------- begin ----------------
2026-07-04 18:18:10.786 INFO  <mkdb.Checkpoint> marshalN=1/0
2026-07-04 18:18:10.786 INFO  <mkdb.Checkpoint> snapshot=0 marshal0=0
2026-07-04 18:18:10.786 INFO  <mkdb.Checkpoint> flush=0
2026-07-04 18:18:10.786 INFO  <mkdb.Checkpoint> ----------------- end -----------------
2026-07-04 18:18:30.003 WARN  <mkdb.Backup> backup FULL begin
2026-07-04 18:18:30.005 WARN  <mkdb.Backup> backup FULL end
2026-07-04 18:19:10.838 INFO  <mkdb.Checkpoint> ---------------- begin ----------------
2026-07-04 18:19:10.838 INFO  <mkdb.Checkpoint> marshalN=1/0
2026-07-04 18:19:10.838 INFO  <mkdb.Checkpoint> snapshot=0 marshal0=0
2026-07-04 18:19:10.838 INFO  <mkdb.Checkpoint> flush=0
2026-07-04 18:19:10.838 INFO  <mkdb.Checkpoint> ----------------- end -----------------
2026-07-04 18:20:10.892 INFO  <mkdb.Checkpoint> ---------------- begin ----------------
2026-07-04 18:20:10.892 INFO  <mkdb.Checkpoint> marshalN=1/0
2026-07-04 18:20:10.892 INFO  <mkdb.Checkpoint> snapshot=0 marshal0=0
2026-07-04 18:20:10.892 INFO  <mkdb.Checkpoint> flush=0
2026-07-04 18:20:10.892 INFO  <mkdb.Checkpoint> ----------------- end -----------------
2026-07-04 18:21:10.957 INFO  <mkdb.Checkpoint> ---------------- begin ----------------
2026-07-04 18:21:10.957 INFO  <mkdb.Checkpoint> marshalN=1/0
2026-07-04 18:21:10.957 INFO  <mkdb.Checkpoint> snapshot=0 marshal0=0
2026-07-04 18:21:10.957 INFO  <mkdb.Checkpoint> flush=0
2026-07-04 18:21:10.957 INFO  <mkdb.Checkpoint> ----------------- end -----------------
2026-07-04 18:22:11.012 INFO  <mkdb.Checkpoint> ---------------- begin ----------------
2026-07-04 18:22:11.012 INFO  <mkdb.Checkpoint> marshalN=1/0
2026-07-04 18:22:11.012 INFO  <mkdb.Checkpoint> snapshot=0 marshal0=0
2026-07-04 18:22:11.012 INFO  <mkdb.Checkpoint> flush=0
2026-07-04 18:22:11.012 INFO  <mkdb.Checkpoint> ----------------- end -----------------
2026-07-04 18:23:11.060 INFO  <mkdb.Checkpoint> ---------------- begin ----------------
2026-07-04 18:23:11.060 INFO  <mkdb.Checkpoint> marshalN=1/0
2026-07-04 18:23:11.060 INFO  <mkdb.Checkpoint> snapshot=0 marshal0=0
2026-07-04 18:23:11.060 INFO  <mkdb.Checkpoint> flush=0
2026-07-04 18:23:11.060 INFO  <mkdb.Checkpoint> ----------------- end -----------------
2026-07-04 18:24:11.113 INFO  <mkdb.Checkpoint> ---------------- begin ----------------
2026-07-04 18:24:11.113 INFO  <mkdb.Checkpoint> marshalN=1/0
2026-07-04 18:24:11.113 INFO  <mkdb.Checkpoint> snapshot=0 marshal0=0
2026-07-04 18:24:11.113 INFO  <mkdb.Checkpoint> flush=0
2026-07-04 18:24:11.113 INFO  <mkdb.Checkpoint> ----------------- end -----------------
2026-07-04 18:25:11.165 INFO  <mkdb.Checkpoint> ---------------- begin ----------------
2026-07-04 18:25:11.165 INFO  <mkdb.Checkpoint> marshalN=1/0
2026-07-04 18:25:11.165 INFO  <mkdb.Checkpoint> snapshot=0 marshal0=0
2026-07-04 18:25:11.165 INFO  <mkdb.Checkpoint> flush=0
2026-07-04 18:25:11.165 INFO  <mkdb.Checkpoint> ----------------- end -----------------
2026-07-04 18:26:11.221 INFO  <mkdb.Checkpoint> ---------------- begin ----------------
2026-07-04 18:26:11.221 INFO  <mkdb.Checkpoint> marshalN=1/0
2026-07-04 18:26:11.221 INFO  <mkdb.Checkpoint> snapshot=0 marshal0=0
2026-07-04 18:26:11.221 INFO  <mkdb.Checkpoint> flush=0
2026-07-04 18:26:11.221 INFO  <mkdb.Checkpoint> ----------------- end -----------------
2026-07-04 18:27:11.274 INFO  <mkdb.Checkpoint> ---------------- begin ----------------
2026-07-04 18:27:11.274 INFO  <mkdb.Checkpoint> marshalN=1/0
2026-07-04 18:27:11.274 INFO  <mkdb.Checkpoint> snapshot=0 marshal0=0
2026-07-04 18:27:11.274 INFO  <mkdb.Checkpoint> flush=0
2026-07-04 18:27:11.274 INFO  <mkdb.Checkpoint> ----------------- end -----------------
2026-07-04 18:28:11.328 INFO  <mkdb.Checkpoint> ---------------- begin ----------------
2026-07-04 18:28:11.329 INFO  <mkdb.Checkpoint> marshalN=1/0
2026-07-04 18:28:11.329 INFO  <mkdb.Checkpoint> snapshot=0 marshal0=0
2026-07-04 18:28:11.329 INFO  <mkdb.Checkpoint> flush=0
2026-07-04 18:28:11.329 INFO  <mkdb.Checkpoint> ----------------- end -----------------
2026-07-04 18:29:11.384 INFO  <mkdb.Checkpoint> ---------------- begin ----------------
2026-07-04 18:29:11.384 INFO  <mkdb.Checkpoint> marshalN=1/0
2026-07-04 18:29:11.384 INFO  <mkdb.Checkpoint> snapshot=0 marshal0=0
2026-07-04 18:29:11.384 INFO  <mkdb.Checkpoint> flush=0
2026-07-04 18:29:11.384 INFO  <mkdb.Checkpoint> ----------------- end -----------------
2026-07-04 18:30:11.438 INFO  <mkdb.Checkpoint> ---------------- begin ----------------
2026-07-04 18:30:11.438 INFO  <mkdb.Checkpoint> marshalN=1/0
2026-07-04 18:30:11.438 INFO  <mkdb.Checkpoint> snapshot=0 marshal0=0
2026-07-04 18:30:11.438 INFO  <mkdb.Checkpoint> flush=0
2026-07-04 18:30:11.438 INFO  <mkdb.Checkpoint> ----------------- end -----------------
2026-07-04 18:31:11.493 INFO  <mkdb.Checkpoint> ---------------- begin ----------------
2026-07-04 18:31:11.494 INFO  <mkdb.Checkpoint> marshalN=1/0
2026-07-04 18:31:11.494 INFO  <mkdb.Checkpoint> snapshot=0 marshal0=0
2026-07-04 18:31:11.494 INFO  <mkdb.Checkpoint> flush=0
2026-07-04 18:31:11.494 INFO  <mkdb.Checkpoint> ----------------- end -----------------
2026-07-04 18:32:11.548 INFO  <mkdb.Checkpoint> ---------------- begin ----------------
2026-07-04 18:32:11.548 INFO  <mkdb.Checkpoint> marshalN=1/0
2026-07-04 18:32:11.548 INFO  <mkdb.Checkpoint> snapshot=0 marshal0=0
2026-07-04 18:32:11.548 INFO  <mkdb.Checkpoint> flush=0
2026-07-04 18:32:11.548 INFO  <mkdb.Checkpoint> ----------------- end -----------------
2026-07-04 18:33:11.604 INFO  <mkdb.Checkpoint> ---------------- begin ----------------
2026-07-04 18:33:11.604 INFO  <mkdb.Checkpoint> marshalN=1/0
2026-07-04 18:33:11.604 INFO  <mkdb.Checkpoint> snapshot=0 marshal0=0
2026-07-04 18:33:11.604 INFO  <mkdb.Checkpoint> flush=0
2026-07-04 18:33:11.604 INFO  <mkdb.Checkpoint> ----------------- end -----------------
2026-07-04 18:34:11.660 INFO  <mkdb.Checkpoint> ---------------- begin ----------------
2026-07-04 18:34:11.660 INFO  <mkdb.Checkpoint> marshalN=1/0
2026-07-04 18:34:11.660 INFO  <mkdb.Checkpoint> snapshot=0 marshal0=0
2026-07-04 18:34:11.660 INFO  <mkdb.Checkpoint> flush=0
2026-07-04 18:34:11.660 INFO  <mkdb.Checkpoint> ----------------- end -----------------
2026-07-04 18:35:11.718 INFO  <mkdb.Checkpoint> ---------------- begin ----------------
2026-07-04 18:35:11.718 INFO  <mkdb.Checkpoint> marshalN=1/0
2026-07-04 18:35:11.718 INFO  <mkdb.Checkpoint> snapshot=0 marshal0=0
2026-07-04 18:35:11.718 INFO  <mkdb.Checkpoint> flush=0
2026-07-04 18:35:11.718 INFO  <mkdb.Checkpoint> ----------------- end -----------------
2026-07-04 18:36:11.774 INFO  <mkdb.Checkpoint> ---------------- begin ----------------
2026-07-04 18:36:11.774 INFO  <mkdb.Checkpoint> marshalN=1/0
2026-07-04 18:36:11.774 INFO  <mkdb.Checkpoint> snapshot=0 marshal0=0
2026-07-04 18:36:11.774 INFO  <mkdb.Checkpoint> flush=0
2026-07-04 18:36:11.774 INFO  <mkdb.Checkpoint> ----------------- end -----------------
2026-07-04 18:37:11.829 INFO  <mkdb.Checkpoint> ---------------- begin ----------------
2026-07-04 18:37:11.829 INFO  <mkdb.Checkpoint> marshalN=1/0
2026-07-04 18:37:11.830 INFO  <mkdb.Checkpoint> snapshot=0 marshal0=0
2026-07-04 18:37:11.830 INFO  <mkdb.Checkpoint> flush=0
2026-07-04 18:37:11.830 INFO  <mkdb.Checkpoint> ----------------- end -----------------
2026-07-04 18:38:11.887 INFO  <mkdb.Checkpoint> ---------------- begin ----------------
2026-07-04 18:38:11.887 INFO  <mkdb.Checkpoint> marshalN=1/0
2026-07-04 18:38:11.887 INFO  <mkdb.Checkpoint> snapshot=0 marshal0=0
2026-07-04 18:38:11.887 INFO  <mkdb.Checkpoint> flush=0
2026-07-04 18:38:11.887 INFO  <mkdb.Checkpoint> ----------------- end -----------------
2026-07-04 18:39:11.942 INFO  <mkdb.Checkpoint> ---------------- begin ----------------
2026-07-04 18:39:11.942 INFO  <mkdb.Checkpoint> marshalN=1/0
2026-07-04 18:39:11.942 INFO  <mkdb.Checkpoint> snapshot=0 marshal0=0
2026-07-04 18:39:11.942 INFO  <mkdb.Checkpoint> flush=0
2026-07-04 18:39:11.942 INFO  <mkdb.Checkpoint> ----------------- end -----------------
2026-07-04 18:40:11.999 INFO  <mkdb.Checkpoint> ---------------- begin ----------------
2026-07-04 18:40:11.999 INFO  <mkdb.Checkpoint> marshalN=1/0
2026-07-04 18:40:11.999 INFO  <mkdb.Checkpoint> snapshot=0 marshal0=0
2026-07-04 18:40:11.999 INFO  <mkdb.Checkpoint> flush=0
2026-07-04 18:40:11.999 INFO  <mkdb.Checkpoint> ----------------- end -----------------
2026-07-04 18:41:12.055 INFO  <mkdb.Checkpoint> ---------------- begin ----------------
2026-07-04 18:41:12.055 INFO  <mkdb.Checkpoint> marshalN=1/0
2026-07-04 18:41:12.055 INFO  <mkdb.Checkpoint> snapshot=0 marshal0=0
2026-07-04 18:41:12.055 INFO  <mkdb.Checkpoint> flush=0
2026-07-04 18:41:12.055 INFO  <mkdb.Checkpoint> ----------------- end -----------------
2026-07-04 18:42:12.111 INFO  <mkdb.Checkpoint> ---------------- begin ----------------
2026-07-04 18:42:12.111 INFO  <mkdb.Checkpoint> marshalN=1/0
2026-07-04 18:42:12.111 INFO  <mkdb.Checkpoint> snapshot=0 marshal0=0
2026-07-04 18:42:12.111 INFO  <mkdb.Checkpoint> flush=0
2026-07-04 18:42:12.111 INFO  <mkdb.Checkpoint> ----------------- end -----------------
2026-07-04 18:43:12.166 INFO  <mkdb.Checkpoint> ---------------- begin ----------------
2026-07-04 18:43:12.166 INFO  <mkdb.Checkpoint> marshalN=1/0
2026-07-04 18:43:12.166 INFO  <mkdb.Checkpoint> snapshot=0 marshal0=0
2026-07-04 18:43:12.166 INFO  <mkdb.Checkpoint> flush=0
2026-07-04 18:43:12.166 INFO  <mkdb.Checkpoint> ----------------- end -----------------
2026-07-04 18:44:12.223 INFO  <mkdb.Checkpoint> ---------------- begin ----------------
2026-07-04 18:44:12.223 INFO  <mkdb.Checkpoint> marshalN=1/0
2026-07-04 18:44:12.223 INFO  <mkdb.Checkpoint> snapshot=0 marshal0=0
2026-07-04 18:44:12.223 INFO  <mkdb.Checkpoint> flush=0
2026-07-04 18:44:12.223 INFO  <mkdb.Checkpoint> ----------------- end -----------------
2026-07-04 18:45:12.278 INFO  <mkdb.Checkpoint> ---------------- begin ----------------
2026-07-04 18:45:12.279 INFO  <mkdb.Checkpoint> marshalN=1/0
2026-07-04 18:45:12.279 INFO  <mkdb.Checkpoint> snapshot=0 marshal0=0
2026-07-04 18:45:12.279 INFO  <mkdb.Checkpoint> flush=0
2026-07-04 18:45:12.279 INFO  <mkdb.Checkpoint> ----------------- end -----------------
2026-07-04 18:46:12.335 INFO  <mkdb.Checkpoint> ---------------- begin ----------------
2026-07-04 18:46:12.335 INFO  <mkdb.Checkpoint> marshalN=1/0
2026-07-04 18:46:12.335 INFO  <mkdb.Checkpoint> snapshot=0 marshal0=0
2026-07-04 18:46:12.335 INFO  <mkdb.Checkpoint> flush=0
2026-07-04 18:46:12.335 INFO  <mkdb.Checkpoint> ----------------- end -----------------
2026-07-04 18:47:12.390 INFO  <mkdb.Checkpoint> ---------------- begin ----------------
2026-07-04 18:47:12.390 INFO  <mkdb.Checkpoint> marshalN=1/0
2026-07-04 18:47:12.390 INFO  <mkdb.Checkpoint> snapshot=0 marshal0=0
2026-07-04 18:47:12.390 INFO  <mkdb.Checkpoint> flush=0
2026-07-04 18:47:12.390 INFO  <mkdb.Checkpoint> ----------------- end -----------------
2026-07-04 18:48:12.446 INFO  <mkdb.Checkpoint> ---------------- begin ----------------
2026-07-04 18:48:12.446 INFO  <mkdb.Checkpoint> marshalN=1/0
2026-07-04 18:48:12.446 INFO  <mkdb.Checkpoint> snapshot=0 marshal0=0
2026-07-04 18:48:12.446 INFO  <mkdb.Checkpoint> flush=0
2026-07-04 18:48:12.446 INFO  <mkdb.Checkpoint> ----------------- end -----------------
2026-07-04 18:49:12.503 INFO  <mkdb.Checkpoint> ---------------- begin ----------------
2026-07-04 18:49:12.503 INFO  <mkdb.Checkpoint> marshalN=1/0
2026-07-04 18:49:12.503 INFO  <mkdb.Checkpoint> snapshot=0 marshal0=0
2026-07-04 18:49:12.503 INFO  <mkdb.Checkpoint> flush=0
2026-07-04 18:49:12.503 INFO  <mkdb.Checkpoint> ----------------- end -----------------
2026-07-04 18:50:12.553 INFO  <mkdb.Checkpoint> ---------------- begin ----------------
2026-07-04 18:50:12.553 INFO  <mkdb.Checkpoint> marshalN=1/0
2026-07-04 18:50:12.553 INFO  <mkdb.Checkpoint> snapshot=0 marshal0=0
2026-07-04 18:50:12.553 INFO  <mkdb.Checkpoint> flush=0
2026-07-04 18:50:12.553 INFO  <mkdb.Checkpoint> ----------------- end -----------------
2026-07-04 18:51:12.606 INFO  <mkdb.Checkpoint> ---------------- begin ----------------
2026-07-04 18:51:12.606 INFO  <mkdb.Checkpoint> marshalN=1/0
2026-07-04 18:51:12.606 INFO  <mkdb.Checkpoint> snapshot=0 marshal0=0
2026-07-04 18:51:12.606 INFO  <mkdb.Checkpoint> flush=0
2026-07-04 18:51:12.606 INFO  <mkdb.Checkpoint> ----------------- end -----------------
2026-07-04 18:52:12.658 INFO  <mkdb.Checkpoint> ---------------- begin ----------------
2026-07-04 18:52:12.658 INFO  <mkdb.Checkpoint> marshalN=1/0
2026-07-04 18:52:12.658 INFO  <mkdb.Checkpoint> snapshot=0 marshal0=0
2026-07-04 18:52:12.658 INFO  <mkdb.Checkpoint> flush=0
2026-07-04 18:52:12.658 INFO  <mkdb.Checkpoint> ----------------- end -----------------
2026-07-04 18:53:12.708 INFO  <mkdb.Checkpoint> ---------------- begin ----------------
2026-07-04 18:53:12.708 INFO  <mkdb.Checkpoint> marshalN=1/0
2026-07-04 18:53:12.708 INFO  <mkdb.Checkpoint> snapshot=0 marshal0=0
2026-07-04 18:53:12.709 INFO  <mkdb.Checkpoint> flush=0
2026-07-04 18:53:12.709 INFO  <mkdb.Checkpoint> ----------------- end -----------------
2026-07-04 18:54:12.761 INFO  <mkdb.Checkpoint> ---------------- begin ----------------
2026-07-04 18:54:12.761 INFO  <mkdb.Checkpoint> marshalN=1/0
2026-07-04 18:54:12.761 INFO  <mkdb.Checkpoint> snapshot=0 marshal0=0
2026-07-04 18:54:12.761 INFO  <mkdb.Checkpoint> flush=0
2026-07-04 18:54:12.761 INFO  <mkdb.Checkpoint> ----------------- end -----------------
2026-07-04 18:55:12.811 INFO  <mkdb.Checkpoint> ---------------- begin ----------------
2026-07-04 18:55:12.811 INFO  <mkdb.Checkpoint> marshalN=1/0
2026-07-04 18:55:12.811 INFO  <mkdb.Checkpoint> snapshot=0 marshal0=0
2026-07-04 18:55:12.811 INFO  <mkdb.Checkpoint> flush=0
2026-07-04 18:55:12.811 INFO  <mkdb.Checkpoint> ----------------- end -----------------
2026-07-04 18:56:12.863 INFO  <mkdb.Checkpoint> ---------------- begin ----------------
2026-07-04 18:56:12.863 INFO  <mkdb.Checkpoint> marshalN=1/0
2026-07-04 18:56:12.863 INFO  <mkdb.Checkpoint> snapshot=0 marshal0=0
2026-07-04 18:56:12.863 INFO  <mkdb.Checkpoint> flush=0
2026-07-04 18:56:12.863 INFO  <mkdb.Checkpoint> ----------------- end -----------------
2026-07-04 18:57:12.913 INFO  <mkdb.Checkpoint> ---------------- begin ----------------
2026-07-04 18:57:12.913 INFO  <mkdb.Checkpoint> marshalN=1/0
2026-07-04 18:57:12.914 INFO  <mkdb.Checkpoint> snapshot=0 marshal0=0
2026-07-04 18:57:12.914 INFO  <mkdb.Checkpoint> flush=0
2026-07-04 18:57:12.914 INFO  <mkdb.Checkpoint> ----------------- end -----------------
2026-07-04 18:58:12.965 INFO  <mkdb.Checkpoint> ---------------- begin ----------------
2026-07-04 18:58:12.965 INFO  <mkdb.Checkpoint> marshalN=1/0
2026-07-04 18:58:12.965 INFO  <mkdb.Checkpoint> snapshot=0 marshal0=0
2026-07-04 18:58:12.965 INFO  <mkdb.Checkpoint> flush=0
2026-07-04 18:58:12.965 INFO  <mkdb.Checkpoint> ----------------- end -----------------
2026-07-04 18:59:13.016 INFO  <mkdb.Checkpoint> ---------------- begin ----------------
2026-07-04 18:59:13.016 INFO  <mkdb.Checkpoint> marshalN=1/0
2026-07-04 18:59:13.016 INFO  <mkdb.Checkpoint> snapshot=0 marshal0=0
2026-07-04 18:59:13.016 INFO  <mkdb.Checkpoint> flush=0
2026-07-04 18:59:13.016 INFO  <mkdb.Checkpoint> ----------------- end -----------------
2026-07-04 19:00:13.067 INFO  <mkdb.Checkpoint> ---------------- begin ----------------
2026-07-04 19:00:13.067 INFO  <mkdb.Checkpoint> marshalN=1/0
2026-07-04 19:00:13.067 INFO  <mkdb.Checkpoint> snapshot=0 marshal0=0
2026-07-04 19:00:13.067 INFO  <mkdb.Checkpoint> flush=0
2026-07-04 19:00:13.067 INFO  <mkdb.Checkpoint> ----------------- end -----------------
2026-07-04 19:01:13.118 INFO  <mkdb.Checkpoint> ---------------- begin ----------------
2026-07-04 19:01:13.118 INFO  <mkdb.Checkpoint> marshalN=1/0
2026-07-04 19:01:13.118 INFO  <mkdb.Checkpoint> snapshot=0 marshal0=0
2026-07-04 19:01:13.118 INFO  <mkdb.Checkpoint> flush=0
2026-07-04 19:01:13.118 INFO  <mkdb.Checkpoint> ----------------- end -----------------
2026-07-04 19:02:13.165 INFO  <mkdb.Checkpoint> ---------------- begin ----------------
2026-07-04 19:02:13.166 INFO  <mkdb.Checkpoint> marshalN=1/0
2026-07-04 19:02:13.166 INFO  <mkdb.Checkpoint> snapshot=0 marshal0=0
2026-07-04 19:02:13.166 INFO  <mkdb.Checkpoint> flush=0
2026-07-04 19:02:13.166 INFO  <mkdb.Checkpoint> ----------------- end -----------------
2026-07-04 19:03:13.213 INFO  <mkdb.Checkpoint> ---------------- begin ----------------
2026-07-04 19:03:13.213 INFO  <mkdb.Checkpoint> marshalN=1/0
2026-07-04 19:03:13.213 INFO  <mkdb.Checkpoint> snapshot=0 marshal0=0
2026-07-04 19:03:13.213 INFO  <mkdb.Checkpoint> flush=0
2026-07-04 19:03:13.213 INFO  <mkdb.Checkpoint> ----------------- end -----------------
2026-07-04 19:04:13.263 INFO  <mkdb.Checkpoint> ---------------- begin ----------------
2026-07-04 19:04:13.263 INFO  <mkdb.Checkpoint> marshalN=1/0
2026-07-04 19:04:13.263 INFO  <mkdb.Checkpoint> snapshot=0 marshal0=0
2026-07-04 19:04:13.263 INFO  <mkdb.Checkpoint> flush=0
2026-07-04 19:04:13.263 INFO  <mkdb.Checkpoint> ----------------- end -----------------
2026-07-04 19:05:13.315 INFO  <mkdb.Checkpoint> ---------------- begin ----------------
2026-07-04 19:05:13.315 INFO  <mkdb.Checkpoint> marshalN=1/0
2026-07-04 19:05:13.315 INFO  <mkdb.Checkpoint> snapshot=0 marshal0=0
2026-07-04 19:05:13.315 INFO  <mkdb.Checkpoint> flush=0
2026-07-04 19:05:13.315 INFO  <mkdb.Checkpoint> ----------------- end -----------------
2026-07-04 19:06:13.368 INFO  <mkdb.Checkpoint> ---------------- begin ----------------
2026-07-04 19:06:13.368 INFO  <mkdb.Checkpoint> marshalN=1/0
2026-07-04 19:06:13.368 INFO  <mkdb.Checkpoint> snapshot=0 marshal0=0
2026-07-04 19:06:13.368 INFO  <mkdb.Checkpoint> flush=0
2026-07-04 19:06:13.368 INFO  <mkdb.Checkpoint> ----------------- end -----------------
2026-07-04 19:07:13.420 INFO  <mkdb.Checkpoint> ---------------- begin ----------------
2026-07-04 19:07:13.420 INFO  <mkdb.Checkpoint> marshalN=1/0
2026-07-04 19:07:13.420 INFO  <mkdb.Checkpoint> snapshot=0 marshal0=0
2026-07-04 19:07:13.420 INFO  <mkdb.Checkpoint> flush=0
2026-07-04 19:07:13.420 INFO  <mkdb.Checkpoint> ----------------- end -----------------
2026-07-04 19:08:13.472 INFO  <mkdb.Checkpoint> ---------------- begin ----------------
2026-07-04 19:08:13.472 INFO  <mkdb.Checkpoint> marshalN=1/0
2026-07-04 19:08:13.472 INFO  <mkdb.Checkpoint> snapshot=0 marshal0=0
2026-07-04 19:08:13.472 INFO  <mkdb.Checkpoint> flush=0
2026-07-04 19:08:13.472 INFO  <mkdb.Checkpoint> ----------------- end -----------------
2026-07-04 19:09:13.522 INFO  <mkdb.Checkpoint> ---------------- begin ----------------
2026-07-04 19:09:13.522 INFO  <mkdb.Checkpoint> marshalN=1/0
2026-07-04 19:09:13.522 INFO  <mkdb.Checkpoint> snapshot=0 marshal0=0
2026-07-04 19:09:13.522 INFO  <mkdb.Checkpoint> flush=0
2026-07-04 19:09:13.522 INFO  <mkdb.Checkpoint> ----------------- end -----------------
2026-07-04 19:10:13.572 INFO  <mkdb.Checkpoint> ---------------- begin ----------------
2026-07-04 19:10:13.572 INFO  <mkdb.Checkpoint> marshalN=1/0
2026-07-04 19:10:13.573 INFO  <mkdb.Checkpoint> snapshot=0 marshal0=0
2026-07-04 19:10:13.573 INFO  <mkdb.Checkpoint> flush=0
2026-07-04 19:10:13.573 INFO  <mkdb.Checkpoint> ----------------- end -----------------
2026-07-04 19:11:13.627 INFO  <mkdb.Checkpoint> ---------------- begin ----------------
2026-07-04 19:11:13.627 INFO  <mkdb.Checkpoint> marshalN=1/0
2026-07-04 19:11:13.627 INFO  <mkdb.Checkpoint> snapshot=0 marshal0=0
2026-07-04 19:11:13.627 INFO  <mkdb.Checkpoint> flush=0
2026-07-04 19:11:13.627 INFO  <mkdb.Checkpoint> ----------------- end -----------------
2026-07-04 19:12:13.676 INFO  <mkdb.Checkpoint> ---------------- begin ----------------
2026-07-04 19:12:13.676 INFO  <mkdb.Checkpoint> marshalN=1/0
2026-07-04 19:12:13.676 INFO  <mkdb.Checkpoint> snapshot=0 marshal0=0
2026-07-04 19:12:13.676 INFO  <mkdb.Checkpoint> flush=0
2026-07-04 19:12:13.676 INFO  <mkdb.Checkpoint> ----------------- end -----------------
2026-07-04 19:13:13.729 INFO  <mkdb.Checkpoint> ---------------- begin ----------------
2026-07-04 19:13:13.729 INFO  <mkdb.Checkpoint> marshalN=1/0
2026-07-04 19:13:13.729 INFO  <mkdb.Checkpoint> snapshot=0 marshal0=0
2026-07-04 19:13:13.729 INFO  <mkdb.Checkpoint> flush=0
2026-07-04 19:13:13.729 INFO  <mkdb.Checkpoint> ----------------- end -----------------
2026-07-04 19:14:13.777 INFO  <mkdb.Checkpoint> ---------------- begin ----------------
2026-07-04 19:14:13.777 INFO  <mkdb.Checkpoint> marshalN=1/0
2026-07-04 19:14:13.777 INFO  <mkdb.Checkpoint> snapshot=0 marshal0=0
2026-07-04 19:14:13.777 INFO  <mkdb.Checkpoint> flush=0
2026-07-04 19:14:13.777 INFO  <mkdb.Checkpoint> ----------------- end -----------------
2026-07-04 19:15:13.824 INFO  <mkdb.Checkpoint> ---------------- begin ----------------
2026-07-04 19:15:13.824 INFO  <mkdb.Checkpoint> marshalN=1/0
2026-07-04 19:15:13.824 INFO  <mkdb.Checkpoint> snapshot=0 marshal0=0
2026-07-04 19:15:13.824 INFO  <mkdb.Checkpoint> flush=0
2026-07-04 19:15:13.824 INFO  <mkdb.Checkpoint> ----------------- end -----------------
2026-07-04 19:16:13.876 INFO  <mkdb.Checkpoint> ---------------- begin ----------------
2026-07-04 19:16:13.876 INFO  <mkdb.Checkpoint> marshalN=1/0
2026-07-04 19:16:13.876 INFO  <mkdb.Checkpoint> snapshot=0 marshal0=0
2026-07-04 19:16:13.876 INFO  <mkdb.Checkpoint> flush=0
2026-07-04 19:16:13.876 INFO  <mkdb.Checkpoint> ----------------- end -----------------
2026-07-04 19:17:13.928 INFO  <mkdb.Checkpoint> ---------------- begin ----------------
2026-07-04 19:17:13.928 INFO  <mkdb.Checkpoint> marshalN=1/0
2026-07-04 19:17:13.928 INFO  <mkdb.Checkpoint> snapshot=0 marshal0=0
2026-07-04 19:17:13.928 INFO  <mkdb.Checkpoint> flush=0
2026-07-04 19:17:13.928 INFO  <mkdb.Checkpoint> ----------------- end -----------------
2026-07-04 19:18:13.977 INFO  <mkdb.Checkpoint> ---------------- begin ----------------
2026-07-04 19:18:13.977 INFO  <mkdb.Checkpoint> marshalN=1/0
2026-07-04 19:18:13.977 INFO  <mkdb.Checkpoint> snapshot=0 marshal0=0
2026-07-04 19:18:13.977 INFO  <mkdb.Checkpoint> flush=0
2026-07-04 19:18:13.977 INFO  <mkdb.Checkpoint> ----------------- end -----------------
2026-07-04 19:19:14.030 INFO  <mkdb.Checkpoint> ---------------- begin ----------------
2026-07-04 19:19:14.030 INFO  <mkdb.Checkpoint> marshalN=1/0
2026-07-04 19:19:14.030 INFO  <mkdb.Checkpoint> snapshot=0 marshal0=0
2026-07-04 19:19:14.030 INFO  <mkdb.Checkpoint> flush=0
2026-07-04 19:19:14.030 INFO  <mkdb.Checkpoint> ----------------- end -----------------
2026-07-04 19:20:14.083 INFO  <mkdb.Checkpoint> ---------------- begin ----------------
2026-07-04 19:20:14.083 INFO  <mkdb.Checkpoint> marshalN=1/0
2026-07-04 19:20:14.083 INFO  <mkdb.Checkpoint> snapshot=0 marshal0=0
2026-07-04 19:20:14.083 INFO  <mkdb.Checkpoint> flush=0
2026-07-04 19:20:14.083 INFO  <mkdb.Checkpoint> ----------------- end -----------------
2026-07-04 19:21:14.135 INFO  <mkdb.Checkpoint> ---------------- begin ----------------
2026-07-04 19:21:14.135 INFO  <mkdb.Checkpoint> marshalN=1/0
2026-07-04 19:21:14.136 INFO  <mkdb.Checkpoint> snapshot=0 marshal0=0
2026-07-04 19:21:14.136 INFO  <mkdb.Checkpoint> flush=0
2026-07-04 19:21:14.136 INFO  <mkdb.Checkpoint> ----------------- end -----------------
2026-07-04 19:22:14.188 INFO  <mkdb.Checkpoint> ---------------- begin ----------------
2026-07-04 19:22:14.188 INFO  <mkdb.Checkpoint> marshalN=1/0
2026-07-04 19:22:14.188 INFO  <mkdb.Checkpoint> snapshot=0 marshal0=0
2026-07-04 19:22:14.188 INFO  <mkdb.Checkpoint> flush=0
2026-07-04 19:22:14.188 INFO  <mkdb.Checkpoint> ----------------- end -----------------
2026-07-04 19:23:14.241 INFO  <mkdb.Checkpoint> ---------------- begin ----------------
2026-07-04 19:23:14.241 INFO  <mkdb.Checkpoint> marshalN=1/0
2026-07-04 19:23:14.241 INFO  <mkdb.Checkpoint> snapshot=0 marshal0=0
2026-07-04 19:23:14.241 INFO  <mkdb.Checkpoint> flush=0
2026-07-04 19:23:14.241 INFO  <mkdb.Checkpoint> ----------------- end -----------------
2026-07-04 19:24:14.293 INFO  <mkdb.Checkpoint> ---------------- begin ----------------
2026-07-04 19:24:14.293 INFO  <mkdb.Checkpoint> marshalN=1/0
2026-07-04 19:24:14.293 INFO  <mkdb.Checkpoint> snapshot=0 marshal0=0
2026-07-04 19:24:14.293 INFO  <mkdb.Checkpoint> flush=0
2026-07-04 19:24:14.293 INFO  <mkdb.Checkpoint> ----------------- end -----------------
2026-07-04 19:24:22.100 WARN  <mkdb.Backup> backup FULL begin
2026-07-04 19:24:22.100 WARN  <mkdb.Backup> backup FULL end
2026-07-04 19:25:14.353 INFO  <mkdb.Checkpoint> ---------------- begin ----------------
2026-07-04 19:25:14.353 INFO  <mkdb.Checkpoint> marshalN=1/0
2026-07-04 19:25:14.353 INFO  <mkdb.Checkpoint> snapshot=0 marshal0=0
2026-07-04 19:25:14.353 INFO  <mkdb.Checkpoint> flush=0
2026-07-04 19:25:14.353 INFO  <mkdb.Checkpoint> ----------------- end -----------------
2026-07-04 19:26:14.408 INFO  <mkdb.Checkpoint> ---------------- begin ----------------
2026-07-04 19:26:14.408 INFO  <mkdb.Checkpoint> marshalN=1/0
2026-07-04 19:26:14.408 INFO  <mkdb.Checkpoint> snapshot=0 marshal0=0
2026-07-04 19:26:14.408 INFO  <mkdb.Checkpoint> flush=0
2026-07-04 19:26:14.408 INFO  <mkdb.Checkpoint> ----------------- end -----------------
2026-07-04 19:27:14.465 INFO  <mkdb.Checkpoint> ---------------- begin ----------------
2026-07-04 19:27:14.465 INFO  <mkdb.Checkpoint> marshalN=1/0
2026-07-04 19:27:14.465 INFO  <mkdb.Checkpoint> snapshot=0 marshal0=0
2026-07-04 19:27:14.465 INFO  <mkdb.Checkpoint> flush=0
2026-07-04 19:27:14.465 INFO  <mkdb.Checkpoint> ----------------- end -----------------
2026-07-04 19:28:14.525 INFO  <mkdb.Checkpoint> ---------------- begin ----------------
2026-07-04 19:28:14.525 INFO  <mkdb.Checkpoint> marshalN=1/0
2026-07-04 19:28:14.525 INFO  <mkdb.Checkpoint> snapshot=0 marshal0=0
2026-07-04 19:28:14.525 INFO  <mkdb.Checkpoint> flush=0
2026-07-04 19:28:14.525 INFO  <mkdb.Checkpoint> ----------------- end -----------------
2026-07-04 19:29:14.586 INFO  <mkdb.Checkpoint> ---------------- begin ----------------
2026-07-04 19:29:14.586 INFO  <mkdb.Checkpoint> marshalN=1/0
2026-07-04 19:29:14.586 INFO  <mkdb.Checkpoint> snapshot=0 marshal0=0
2026-07-04 19:29:14.586 INFO  <mkdb.Checkpoint> flush=0
2026-07-04 19:29:14.586 INFO  <mkdb.Checkpoint> ----------------- end -----------------
2026-07-04 19:30:14.644 INFO  <mkdb.Checkpoint> ---------------- begin ----------------
2026-07-04 19:30:14.644 INFO  <mkdb.Checkpoint> marshalN=1/0
2026-07-04 19:30:14.644 INFO  <mkdb.Checkpoint> snapshot=0 marshal0=0
2026-07-04 19:30:14.644 INFO  <mkdb.Checkpoint> flush=0
2026-07-04 19:30:14.644 INFO  <mkdb.Checkpoint> ----------------- end -----------------
2026-07-04 19:31:14.701 INFO  <mkdb.Checkpoint> ---------------- begin ----------------
2026-07-04 19:31:14.701 INFO  <mkdb.Checkpoint> marshalN=1/0
2026-07-04 19:31:14.701 INFO  <mkdb.Checkpoint> snapshot=0 marshal0=0
2026-07-04 19:31:14.701 INFO  <mkdb.Checkpoint> flush=0
2026-07-04 19:31:14.701 INFO  <mkdb.Checkpoint> ----------------- end -----------------
2026-07-04 19:32:14.757 INFO  <mkdb.Checkpoint> ---------------- begin ----------------
2026-07-04 19:32:14.757 INFO  <mkdb.Checkpoint> marshalN=1/0
2026-07-04 19:32:14.757 INFO  <mkdb.Checkpoint> snapshot=0 marshal0=0
2026-07-04 19:32:14.757 INFO  <mkdb.Checkpoint> flush=0
2026-07-04 19:32:14.757 INFO  <mkdb.Checkpoint> ----------------- end -----------------
2026-07-04 19:33:14.814 INFO  <mkdb.Checkpoint> ---------------- begin ----------------
2026-07-04 19:33:14.814 INFO  <mkdb.Checkpoint> marshalN=1/0
2026-07-04 19:33:14.814 INFO  <mkdb.Checkpoint> snapshot=0 marshal0=0
2026-07-04 19:33:14.814 INFO  <mkdb.Checkpoint> flush=0
2026-07-04 19:33:14.814 INFO  <mkdb.Checkpoint> ----------------- end -----------------
2026-07-04 19:34:14.870 INFO  <mkdb.Checkpoint> ---------------- begin ----------------
2026-07-04 19:34:14.870 INFO  <mkdb.Checkpoint> marshalN=1/0
2026-07-04 19:34:14.870 INFO  <mkdb.Checkpoint> snapshot=0 marshal0=0
2026-07-04 19:34:14.870 INFO  <mkdb.Checkpoint> flush=0
2026-07-04 19:34:14.870 INFO  <mkdb.Checkpoint> ----------------- end -----------------
2026-07-04 19:35:14.928 INFO  <mkdb.Checkpoint> ---------------- begin ----------------
2026-07-04 19:35:14.928 INFO  <mkdb.Checkpoint> marshalN=1/0
2026-07-04 19:35:14.928 INFO  <mkdb.Checkpoint> snapshot=0 marshal0=0
2026-07-04 19:35:14.928 INFO  <mkdb.Checkpoint> flush=0
2026-07-04 19:35:14.928 INFO  <mkdb.Checkpoint> ----------------- end -----------------
2026-07-04 19:36:14.981 INFO  <mkdb.Checkpoint> ---------------- begin ----------------
2026-07-04 19:36:14.981 INFO  <mkdb.Checkpoint> marshalN=1/0
2026-07-04 19:36:14.981 INFO  <mkdb.Checkpoint> snapshot=0 marshal0=0
2026-07-04 19:36:14.981 INFO  <mkdb.Checkpoint> flush=0
2026-07-04 19:36:14.981 INFO  <mkdb.Checkpoint> ----------------- end -----------------
2026-07-04 19:37:15.039 INFO  <mkdb.Checkpoint> ---------------- begin ----------------
2026-07-04 19:37:15.039 INFO  <mkdb.Checkpoint> marshalN=1/0
2026-07-04 19:37:15.039 INFO  <mkdb.Checkpoint> snapshot=0 marshal0=0
2026-07-04 19:37:15.039 INFO  <mkdb.Checkpoint> flush=0
2026-07-04 19:37:15.039 INFO  <mkdb.Checkpoint> ----------------- end -----------------
2026-07-04 19:38:15.096 INFO  <mkdb.Checkpoint> ---------------- begin ----------------
2026-07-04 19:38:15.096 INFO  <mkdb.Checkpoint> marshalN=1/0
2026-07-04 19:38:15.096 INFO  <mkdb.Checkpoint> snapshot=0 marshal0=0
2026-07-04 19:38:15.097 INFO  <mkdb.Checkpoint> flush=0
2026-07-04 19:38:15.097 INFO  <mkdb.Checkpoint> ----------------- end -----------------
2026-07-04 19:39:15.151 INFO  <mkdb.Checkpoint> ---------------- begin ----------------
2026-07-04 19:39:15.151 INFO  <mkdb.Checkpoint> marshalN=1/0
2026-07-04 19:39:15.151 INFO  <mkdb.Checkpoint> snapshot=0 marshal0=0
2026-07-04 19:39:15.151 INFO  <mkdb.Checkpoint> flush=0
2026-07-04 19:39:15.151 INFO  <mkdb.Checkpoint> ----------------- end -----------------
2026-07-04 19:40:15.207 INFO  <mkdb.Checkpoint> ---------------- begin ----------------
2026-07-04 19:40:15.207 INFO  <mkdb.Checkpoint> marshalN=1/0
2026-07-04 19:40:15.207 INFO  <mkdb.Checkpoint> snapshot=0 marshal0=0
2026-07-04 19:40:15.207 INFO  <mkdb.Checkpoint> flush=0
2026-07-04 19:40:15.207 INFO  <mkdb.Checkpoint> ----------------- end -----------------
2026-07-04 19:41:15.260 INFO  <mkdb.Checkpoint> ---------------- begin ----------------
2026-07-04 19:41:15.260 INFO  <mkdb.Checkpoint> marshalN=1/0
2026-07-04 19:41:15.260 INFO  <mkdb.Checkpoint> snapshot=0 marshal0=0
2026-07-04 19:41:15.260 INFO  <mkdb.Checkpoint> flush=0
2026-07-04 19:41:15.260 INFO  <mkdb.Checkpoint> ----------------- end -----------------
2026-07-04 19:42:15.313 INFO  <mkdb.Checkpoint> ---------------- begin ----------------
2026-07-04 19:42:15.313 INFO  <mkdb.Checkpoint> marshalN=1/0
2026-07-04 19:42:15.313 INFO  <mkdb.Checkpoint> snapshot=0 marshal0=0
2026-07-04 19:42:15.313 INFO  <mkdb.Checkpoint> flush=0
2026-07-04 19:42:15.313 INFO  <mkdb.Checkpoint> ----------------- end -----------------
2026-07-04 19:43:15.365 INFO  <mkdb.Checkpoint> ---------------- begin ----------------
2026-07-04 19:43:15.365 INFO  <mkdb.Checkpoint> marshalN=1/0
2026-07-04 19:43:15.365 INFO  <mkdb.Checkpoint> snapshot=0 marshal0=0
2026-07-04 19:43:15.365 INFO  <mkdb.Checkpoint> flush=0
2026-07-04 19:43:15.365 INFO  <mkdb.Checkpoint> ----------------- end -----------------
2026-07-04 19:44:15.418 INFO  <mkdb.Checkpoint> ---------------- begin ----------------
2026-07-04 19:44:15.418 INFO  <mkdb.Checkpoint> marshalN=1/0
2026-07-04 19:44:15.418 INFO  <mkdb.Checkpoint> snapshot=0 marshal0=0
2026-07-04 19:44:15.418 INFO  <mkdb.Checkpoint> flush=0
2026-07-04 19:44:15.418 INFO  <mkdb.Checkpoint> ----------------- end -----------------
2026-07-04 19:45:15.471 INFO  <mkdb.Checkpoint> ---------------- begin ----------------
2026-07-04 19:45:15.471 INFO  <mkdb.Checkpoint> marshalN=1/0
2026-07-04 19:45:15.471 INFO  <mkdb.Checkpoint> snapshot=0 marshal0=0
2026-07-04 19:45:15.471 INFO  <mkdb.Checkpoint> flush=0
2026-07-04 19:45:15.471 INFO  <mkdb.Checkpoint> ----------------- end -----------------
2026-07-04 19:46:15.523 INFO  <mkdb.Checkpoint> ---------------- begin ----------------
2026-07-04 19:46:15.523 INFO  <mkdb.Checkpoint> marshalN=1/0
2026-07-04 19:46:15.523 INFO  <mkdb.Checkpoint> snapshot=0 marshal0=0
2026-07-04 19:46:15.523 INFO  <mkdb.Checkpoint> flush=0
2026-07-04 19:46:15.523 INFO  <mkdb.Checkpoint> ----------------- end -----------------
2026-07-04 19:47:15.576 INFO  <mkdb.Checkpoint> ---------------- begin ----------------
2026-07-04 19:47:15.576 INFO  <mkdb.Checkpoint> marshalN=1/0
2026-07-04 19:47:15.576 INFO  <mkdb.Checkpoint> snapshot=0 marshal0=0
2026-07-04 19:47:15.576 INFO  <mkdb.Checkpoint> flush=0
2026-07-04 19:47:15.576 INFO  <mkdb.Checkpoint> ----------------- end -----------------
2026-07-04 19:48:15.625 INFO  <mkdb.Checkpoint> ---------------- begin ----------------
2026-07-04 19:48:15.625 INFO  <mkdb.Checkpoint> marshalN=1/0
2026-07-04 19:48:15.625 INFO  <mkdb.Checkpoint> snapshot=0 marshal0=0
2026-07-04 19:48:15.625 INFO  <mkdb.Checkpoint> flush=0
2026-07-04 19:48:15.625 INFO  <mkdb.Checkpoint> ----------------- end -----------------
2026-07-04 19:49:15.677 INFO  <mkdb.Checkpoint> ---------------- begin ----------------
2026-07-04 19:49:15.677 INFO  <mkdb.Checkpoint> marshalN=1/0
2026-07-04 19:49:15.677 INFO  <mkdb.Checkpoint> snapshot=0 marshal0=0
2026-07-04 19:49:15.677 INFO  <mkdb.Checkpoint> flush=0
2026-07-04 19:49:15.677 INFO  <mkdb.Checkpoint> ----------------- end -----------------
2026-07-04 19:50:15.730 INFO  <mkdb.Checkpoint> ---------------- begin ----------------
2026-07-04 19:50:15.730 INFO  <mkdb.Checkpoint> marshalN=1/0
2026-07-04 19:50:15.730 INFO  <mkdb.Checkpoint> snapshot=0 marshal0=0
2026-07-04 19:50:15.730 INFO  <mkdb.Checkpoint> flush=0
2026-07-04 19:50:15.730 INFO  <mkdb.Checkpoint> ----------------- end -----------------
2026-07-04 19:51:15.783 INFO  <mkdb.Checkpoint> ---------------- begin ----------------
2026-07-04 19:51:15.783 INFO  <mkdb.Checkpoint> marshalN=1/0
2026-07-04 19:51:15.784 INFO  <mkdb.Checkpoint> snapshot=0 marshal0=0
2026-07-04 19:51:15.784 INFO  <mkdb.Checkpoint> flush=0
2026-07-04 19:51:15.785 INFO  <mkdb.Checkpoint> ----------------- end -----------------
2026-07-04 19:52:15.836 INFO  <mkdb.Checkpoint> ---------------- begin ----------------
2026-07-04 19:52:15.836 INFO  <mkdb.Checkpoint> marshalN=1/0
2026-07-04 19:52:15.836 INFO  <mkdb.Checkpoint> snapshot=0 marshal0=0
2026-07-04 19:52:15.836 INFO  <mkdb.Checkpoint> flush=0
2026-07-04 19:52:15.837 INFO  <mkdb.Checkpoint> ----------------- end -----------------
2026-07-04 19:53:15.889 INFO  <mkdb.Checkpoint> ---------------- begin ----------------
2026-07-04 19:53:15.889 INFO  <mkdb.Checkpoint> marshalN=1/0
2026-07-04 19:53:15.890 INFO  <mkdb.Checkpoint> snapshot=0 marshal0=0
2026-07-04 19:53:15.890 INFO  <mkdb.Checkpoint> flush=0
2026-07-04 19:53:15.890 INFO  <mkdb.Checkpoint> ----------------- end -----------------
2026-07-04 19:54:15.942 INFO  <mkdb.Checkpoint> ---------------- begin ----------------
2026-07-04 19:54:15.942 INFO  <mkdb.Checkpoint> marshalN=1/0
2026-07-04 19:54:15.942 INFO  <mkdb.Checkpoint> snapshot=0 marshal0=0
2026-07-04 19:54:15.942 INFO  <mkdb.Checkpoint> flush=0
2026-07-04 19:54:15.942 INFO  <mkdb.Checkpoint> ----------------- end -----------------
2026-07-04 19:55:15.993 INFO  <mkdb.Checkpoint> ---------------- begin ----------------
2026-07-04 19:55:15.993 INFO  <mkdb.Checkpoint> marshalN=1/0
2026-07-04 19:55:15.993 INFO  <mkdb.Checkpoint> snapshot=0 marshal0=0
2026-07-04 19:55:15.993 INFO  <mkdb.Checkpoint> flush=0
2026-07-04 19:55:15.993 INFO  <mkdb.Checkpoint> ----------------- end -----------------
2026-07-04 19:56:16.046 INFO  <mkdb.Checkpoint> ---------------- begin ----------------
2026-07-04 19:56:16.046 INFO  <mkdb.Checkpoint> marshalN=1/0
2026-07-04 19:56:16.046 INFO  <mkdb.Checkpoint> snapshot=0 marshal0=0
2026-07-04 19:56:16.046 INFO  <mkdb.Checkpoint> flush=0
2026-07-04 19:56:16.046 INFO  <mkdb.Checkpoint> ----------------- end -----------------
2026-07-04 19:57:16.097 INFO  <mkdb.Checkpoint> ---------------- begin ----------------
2026-07-04 19:57:16.097 INFO  <mkdb.Checkpoint> marshalN=1/0
2026-07-04 19:57:16.097 INFO  <mkdb.Checkpoint> snapshot=0 marshal0=0
2026-07-04 19:57:16.097 INFO  <mkdb.Checkpoint> flush=0
2026-07-04 19:57:16.097 INFO  <mkdb.Checkpoint> ----------------- end -----------------
2026-07-04 19:58:16.152 INFO  <mkdb.Checkpoint> ---------------- begin ----------------
2026-07-04 19:58:16.152 INFO  <mkdb.Checkpoint> marshalN=1/0
2026-07-04 19:58:16.152 INFO  <mkdb.Checkpoint> snapshot=0 marshal0=0
2026-07-04 19:58:16.152 INFO  <mkdb.Checkpoint> flush=0
2026-07-04 19:58:16.152 INFO  <mkdb.Checkpoint> ----------------- end -----------------
2026-07-04 19:59:16.202 INFO  <mkdb.Checkpoint> ---------------- begin ----------------
2026-07-04 19:59:16.202 INFO  <mkdb.Checkpoint> marshalN=1/0
2026-07-04 19:59:16.202 INFO  <mkdb.Checkpoint> snapshot=0 marshal0=0
2026-07-04 19:59:16.202 INFO  <mkdb.Checkpoint> flush=0
2026-07-04 19:59:16.202 INFO  <mkdb.Checkpoint> ----------------- end -----------------
2026-07-04 20:00:16.253 INFO  <mkdb.Checkpoint> ---------------- begin ----------------
2026-07-04 20:00:16.253 INFO  <mkdb.Checkpoint> marshalN=1/0
2026-07-04 20:00:16.253 INFO  <mkdb.Checkpoint> snapshot=0 marshal0=0
2026-07-04 20:00:16.253 INFO  <mkdb.Checkpoint> flush=0
2026-07-04 20:00:16.253 INFO  <mkdb.Checkpoint> ----------------- end -----------------
2026-07-04 20:01:16.305 INFO  <mkdb.Checkpoint> ---------------- begin ----------------
2026-07-04 20:01:16.305 INFO  <mkdb.Checkpoint> marshalN=1/0
2026-07-04 20:01:16.305 INFO  <mkdb.Checkpoint> snapshot=0 marshal0=0
2026-07-04 20:01:16.305 INFO  <mkdb.Checkpoint> flush=0
2026-07-04 20:01:16.305 INFO  <mkdb.Checkpoint> ----------------- end -----------------
2026-07-04 20:02:16.356 INFO  <mkdb.Checkpoint> ---------------- begin ----------------
2026-07-04 20:02:16.356 INFO  <mkdb.Checkpoint> marshalN=1/0
2026-07-04 20:02:16.356 INFO  <mkdb.Checkpoint> snapshot=0 marshal0=0
2026-07-04 20:02:16.356 INFO  <mkdb.Checkpoint> flush=0
2026-07-04 20:02:16.356 INFO  <mkdb.Checkpoint> ----------------- end -----------------
2026-07-04 20:03:16.409 INFO  <mkdb.Checkpoint> ---------------- begin ----------------
2026-07-04 20:03:16.409 INFO  <mkdb.Checkpoint> marshalN=1/0
2026-07-04 20:03:16.409 INFO  <mkdb.Checkpoint> snapshot=0 marshal0=0
2026-07-04 20:03:16.409 INFO  <mkdb.Checkpoint> flush=0
2026-07-04 20:03:16.410 INFO  <mkdb.Checkpoint> ----------------- end -----------------
2026-07-04 20:04:16.463 INFO  <mkdb.Checkpoint> ---------------- begin ----------------
2026-07-04 20:04:16.463 INFO  <mkdb.Checkpoint> marshalN=1/0
2026-07-04 20:04:16.463 INFO  <mkdb.Checkpoint> snapshot=0 marshal0=0
2026-07-04 20:04:16.463 INFO  <mkdb.Checkpoint> flush=0
2026-07-04 20:04:16.463 INFO  <mkdb.Checkpoint> ----------------- end -----------------
2026-07-04 20:05:16.516 INFO  <mkdb.Checkpoint> ---------------- begin ----------------
2026-07-04 20:05:16.516 INFO  <mkdb.Checkpoint> marshalN=1/0
2026-07-04 20:05:16.516 INFO  <mkdb.Checkpoint> snapshot=0 marshal0=0
2026-07-04 20:05:16.516 INFO  <mkdb.Checkpoint> flush=0
2026-07-04 20:05:16.516 INFO  <mkdb.Checkpoint> ----------------- end -----------------
2026-07-04 20:06:16.567 INFO  <mkdb.Checkpoint> ---------------- begin ----------------
2026-07-04 20:06:16.567 INFO  <mkdb.Checkpoint> marshalN=1/0
2026-07-04 20:06:16.567 INFO  <mkdb.Checkpoint> snapshot=0 marshal0=0
2026-07-04 20:06:16.567 INFO  <mkdb.Checkpoint> flush=0
2026-07-04 20:06:16.567 INFO  <mkdb.Checkpoint> ----------------- end -----------------
2026-07-04 20:07:16.621 INFO  <mkdb.Checkpoint> ---------------- begin ----------------
2026-07-04 20:07:16.621 INFO  <mkdb.Checkpoint> marshalN=1/0
2026-07-04 20:07:16.621 INFO  <mkdb.Checkpoint> snapshot=0 marshal0=0
2026-07-04 20:07:16.621 INFO  <mkdb.Checkpoint> flush=0
2026-07-04 20:07:16.621 INFO  <mkdb.Checkpoint> ----------------- end -----------------
2026-07-04 20:08:16.673 INFO  <mkdb.Checkpoint> ---------------- begin ----------------
2026-07-04 20:08:16.673 INFO  <mkdb.Checkpoint> marshalN=1/0
2026-07-04 20:08:16.673 INFO  <mkdb.Checkpoint> snapshot=0 marshal0=0
2026-07-04 20:08:16.673 INFO  <mkdb.Checkpoint> flush=0
2026-07-04 20:08:16.673 INFO  <mkdb.Checkpoint> ----------------- end -----------------
2026-07-04 20:09:16.724 INFO  <mkdb.Checkpoint> ---------------- begin ----------------
2026-07-04 20:09:16.724 INFO  <mkdb.Checkpoint> marshalN=1/0
2026-07-04 20:09:16.724 INFO  <mkdb.Checkpoint> snapshot=0 marshal0=0
2026-07-04 20:09:16.724 INFO  <mkdb.Checkpoint> flush=0
2026-07-04 20:09:16.724 INFO  <mkdb.Checkpoint> ----------------- end -----------------
2026-07-04 20:10:16.779 INFO  <mkdb.Checkpoint> ---------------- begin ----------------
2026-07-04 20:10:16.779 INFO  <mkdb.Checkpoint> marshalN=1/0
2026-07-04 20:10:16.779 INFO  <mkdb.Checkpoint> snapshot=0 marshal0=0
2026-07-04 20:10:16.779 INFO  <mkdb.Checkpoint> flush=0
2026-07-04 20:10:16.779 INFO  <mkdb.Checkpoint> ----------------- end -----------------
2026-07-04 20:11:16.833 INFO  <mkdb.Checkpoint> ---------------- begin ----------------
2026-07-04 20:11:16.833 INFO  <mkdb.Checkpoint> marshalN=1/0
2026-07-04 20:11:16.833 INFO  <mkdb.Checkpoint> snapshot=0 marshal0=0
2026-07-04 20:11:16.833 INFO  <mkdb.Checkpoint> flush=0
2026-07-04 20:11:16.833 INFO  <mkdb.Checkpoint> ----------------- end -----------------
2026-07-04 20:12:16.887 INFO  <mkdb.Checkpoint> ---------------- begin ----------------
2026-07-04 20:12:16.887 INFO  <mkdb.Checkpoint> marshalN=1/0
2026-07-04 20:12:16.888 INFO  <mkdb.Checkpoint> snapshot=0 marshal0=0
2026-07-04 20:12:16.888 INFO  <mkdb.Checkpoint> flush=0
2026-07-04 20:12:16.888 INFO  <mkdb.Checkpoint> ----------------- end -----------------
2026-07-04 20:13:16.940 INFO  <mkdb.Checkpoint> ---------------- begin ----------------
2026-07-04 20:13:16.940 INFO  <mkdb.Checkpoint> marshalN=1/0
2026-07-04 20:13:16.940 INFO  <mkdb.Checkpoint> snapshot=0 marshal0=0
2026-07-04 20:13:16.940 INFO  <mkdb.Checkpoint> flush=0
2026-07-04 20:13:16.940 INFO  <mkdb.Checkpoint> ----------------- end -----------------
2026-07-04 20:14:16.992 INFO  <mkdb.Checkpoint> ---------------- begin ----------------
2026-07-04 20:14:16.992 INFO  <mkdb.Checkpoint> marshalN=1/0
2026-07-04 20:14:16.992 INFO  <mkdb.Checkpoint> snapshot=0 marshal0=0
2026-07-04 20:14:16.992 INFO  <mkdb.Checkpoint> flush=0
2026-07-04 20:14:16.992 INFO  <mkdb.Checkpoint> ----------------- end -----------------
2026-07-04 20:15:17.048 INFO  <mkdb.Checkpoint> ---------------- begin ----------------
2026-07-04 20:15:17.048 INFO  <mkdb.Checkpoint> marshalN=1/0
2026-07-04 20:15:17.048 INFO  <mkdb.Checkpoint> snapshot=0 marshal0=0
2026-07-04 20:15:17.048 INFO  <mkdb.Checkpoint> flush=0
2026-07-04 20:15:17.048 INFO  <mkdb.Checkpoint> ----------------- end -----------------
2026-07-04 20:16:17.100 INFO  <mkdb.Checkpoint> ---------------- begin ----------------
2026-07-04 20:16:17.101 INFO  <mkdb.Checkpoint> marshalN=1/0
2026-07-04 20:16:17.101 INFO  <mkdb.Checkpoint> snapshot=0 marshal0=0
2026-07-04 20:16:17.101 INFO  <mkdb.Checkpoint> flush=0
2026-07-04 20:16:17.101 INFO  <mkdb.Checkpoint> ----------------- end -----------------
2026-07-04 20:16:24.006 WARN  <mkdb.Backup> backup FULL begin
2026-07-04 20:16:24.007 WARN  <mkdb.Backup> backup FULL end
2026-07-04 20:17:17.153 INFO  <mkdb.Checkpoint> ---------------- begin ----------------
2026-07-04 20:17:17.153 INFO  <mkdb.Checkpoint> marshalN=1/0
2026-07-04 20:17:17.153 INFO  <mkdb.Checkpoint> snapshot=0 marshal0=0
2026-07-04 20:17:17.153 INFO  <mkdb.Checkpoint> flush=0
2026-07-04 20:17:17.153 INFO  <mkdb.Checkpoint> ----------------- end -----------------
2026-07-04 20:18:17.207 INFO  <mkdb.Checkpoint> ---------------- begin ----------------
2026-07-04 20:18:17.207 INFO  <mkdb.Checkpoint> marshalN=1/0
2026-07-04 20:18:17.207 INFO  <mkdb.Checkpoint> snapshot=0 marshal0=0
2026-07-04 20:18:17.207 INFO  <mkdb.Checkpoint> flush=0
2026-07-04 20:18:17.207 INFO  <mkdb.Checkpoint> ----------------- end -----------------
2026-07-04 20:19:17.261 INFO  <mkdb.Checkpoint> ---------------- begin ----------------
2026-07-04 20:19:17.261 INFO  <mkdb.Checkpoint> marshalN=1/0
2026-07-04 20:19:17.261 INFO  <mkdb.Checkpoint> snapshot=0 marshal0=0
2026-07-04 20:19:17.261 INFO  <mkdb.Checkpoint> flush=0
2026-07-04 20:19:17.261 INFO  <mkdb.Checkpoint> ----------------- end -----------------
2026-07-04 20:20:17.315 INFO  <mkdb.Checkpoint> ---------------- begin ----------------
2026-07-04 20:20:17.315 INFO  <mkdb.Checkpoint> marshalN=1/0
2026-07-04 20:20:17.315 INFO  <mkdb.Checkpoint> snapshot=0 marshal0=0
2026-07-04 20:20:17.315 INFO  <mkdb.Checkpoint> flush=0
2026-07-04 20:20:17.315 INFO  <mkdb.Checkpoint> ----------------- end -----------------
2026-07-04 20:21:17.367 INFO  <mkdb.Checkpoint> ---------------- begin ----------------
2026-07-04 20:21:17.367 INFO  <mkdb.Checkpoint> marshalN=1/0
2026-07-04 20:21:17.367 INFO  <mkdb.Checkpoint> snapshot=0 marshal0=0
2026-07-04 20:21:17.367 INFO  <mkdb.Checkpoint> flush=0
2026-07-04 20:21:17.367 INFO  <mkdb.Checkpoint> ----------------- end -----------------
2026-07-04 20:22:17.434 INFO  <mkdb.Checkpoint> ---------------- begin ----------------
2026-07-04 20:22:17.434 INFO  <mkdb.Checkpoint> marshalN=1/0
2026-07-04 20:22:17.434 INFO  <mkdb.Checkpoint> snapshot=0 marshal0=0
2026-07-04 20:22:17.434 INFO  <mkdb.Checkpoint> flush=0
2026-07-04 20:22:17.434 INFO  <mkdb.Checkpoint> ----------------- end -----------------
2026-07-04 20:23:17.487 INFO  <mkdb.Checkpoint> ---------------- begin ----------------
2026-07-04 20:23:17.487 INFO  <mkdb.Checkpoint> marshalN=1/0
2026-07-04 20:23:17.487 INFO  <mkdb.Checkpoint> snapshot=0 marshal0=0
2026-07-04 20:23:17.487 INFO  <mkdb.Checkpoint> flush=0
2026-07-04 20:23:17.487 INFO  <mkdb.Checkpoint> ----------------- end -----------------
2026-07-04 20:24:17.537 INFO  <mkdb.Checkpoint> ---------------- begin ----------------
2026-07-04 20:24:17.537 INFO  <mkdb.Checkpoint> marshalN=1/0
2026-07-04 20:24:17.537 INFO  <mkdb.Checkpoint> snapshot=0 marshal0=0
2026-07-04 20:24:17.537 INFO  <mkdb.Checkpoint> flush=0
2026-07-04 20:24:17.537 INFO  <mkdb.Checkpoint> ----------------- end -----------------
2026-07-04 20:25:17.586 INFO  <mkdb.Checkpoint> ---------------- begin ----------------
2026-07-04 20:25:17.586 INFO  <mkdb.Checkpoint> marshalN=1/0
2026-07-04 20:25:17.586 INFO  <mkdb.Checkpoint> snapshot=0 marshal0=0
2026-07-04 20:25:17.586 INFO  <mkdb.Checkpoint> flush=0
2026-07-04 20:25:17.586 INFO  <mkdb.Checkpoint> ----------------- end -----------------
2026-07-04 20:26:17.640 INFO  <mkdb.Checkpoint> ---------------- begin ----------------
2026-07-04 20:26:17.640 INFO  <mkdb.Checkpoint> marshalN=1/0
2026-07-04 20:26:17.640 INFO  <mkdb.Checkpoint> snapshot=0 marshal0=0
2026-07-04 20:26:17.640 INFO  <mkdb.Checkpoint> flush=0
2026-07-04 20:26:17.640 INFO  <mkdb.Checkpoint> ----------------- end -----------------
2026-07-04 20:27:17.692 INFO  <mkdb.Checkpoint> ---------------- begin ----------------
2026-07-04 20:27:17.692 INFO  <mkdb.Checkpoint> marshalN=1/0
2026-07-04 20:27:17.692 INFO  <mkdb.Checkpoint> snapshot=0 marshal0=0
2026-07-04 20:27:17.692 INFO  <mkdb.Checkpoint> flush=0
2026-07-04 20:27:17.692 INFO  <mkdb.Checkpoint> ----------------- end -----------------
2026-07-04 20:28:17.745 INFO  <mkdb.Checkpoint> ---------------- begin ----------------
2026-07-04 20:28:17.745 INFO  <mkdb.Checkpoint> marshalN=1/0
2026-07-04 20:28:17.745 INFO  <mkdb.Checkpoint> snapshot=0 marshal0=0
2026-07-04 20:28:17.745 INFO  <mkdb.Checkpoint> flush=0
2026-07-04 20:28:17.745 INFO  <mkdb.Checkpoint> ----------------- end -----------------
2026-07-04 20:29:17.798 INFO  <mkdb.Checkpoint> ---------------- begin ----------------
2026-07-04 20:29:17.798 INFO  <mkdb.Checkpoint> marshalN=1/0
2026-07-04 20:29:17.798 INFO  <mkdb.Checkpoint> snapshot=0 marshal0=0
2026-07-04 20:29:17.798 INFO  <mkdb.Checkpoint> flush=0
2026-07-04 20:29:17.798 INFO  <mkdb.Checkpoint> ----------------- end -----------------
2026-07-04 20:30:17.851 INFO  <mkdb.Checkpoint> ---------------- begin ----------------
2026-07-04 20:30:17.851 INFO  <mkdb.Checkpoint> marshalN=1/0
2026-07-04 20:30:17.851 INFO  <mkdb.Checkpoint> snapshot=0 marshal0=0
2026-07-04 20:30:17.851 INFO  <mkdb.Checkpoint> flush=0
2026-07-04 20:30:17.851 INFO  <mkdb.Checkpoint> ----------------- end -----------------
2026-07-04 20:31:17.902 INFO  <mkdb.Checkpoint> ---------------- begin ----------------
2026-07-04 20:31:17.902 INFO  <mkdb.Checkpoint> marshalN=1/0
2026-07-04 20:31:17.902 INFO  <mkdb.Checkpoint> snapshot=0 marshal0=0
2026-07-04 20:31:17.902 INFO  <mkdb.Checkpoint> flush=0
2026-07-04 20:31:17.902 INFO  <mkdb.Checkpoint> ----------------- end -----------------
2026-07-04 20:32:17.956 INFO  <mkdb.Checkpoint> ---------------- begin ----------------
2026-07-04 20:32:17.956 INFO  <mkdb.Checkpoint> marshalN=1/0
2026-07-04 20:32:17.956 INFO  <mkdb.Checkpoint> snapshot=0 marshal0=0
2026-07-04 20:32:17.956 INFO  <mkdb.Checkpoint> flush=0
2026-07-04 20:32:17.956 INFO  <mkdb.Checkpoint> ----------------- end -----------------
2026-07-04 20:33:18.010 INFO  <mkdb.Checkpoint> ---------------- begin ----------------
2026-07-04 20:33:18.011 INFO  <mkdb.Checkpoint> marshalN=1/0
2026-07-04 20:33:18.011 INFO  <mkdb.Checkpoint> snapshot=0 marshal0=0
2026-07-04 20:33:18.011 INFO  <mkdb.Checkpoint> flush=0
2026-07-04 20:33:18.011 INFO  <mkdb.Checkpoint> ----------------- end -----------------
2026-07-04 20:34:18.060 INFO  <mkdb.Checkpoint> ---------------- begin ----------------
2026-07-04 20:34:18.060 INFO  <mkdb.Checkpoint> marshalN=1/0
2026-07-04 20:34:18.060 INFO  <mkdb.Checkpoint> snapshot=0 marshal0=0
2026-07-04 20:34:18.060 INFO  <mkdb.Checkpoint> flush=0
2026-07-04 20:34:18.060 INFO  <mkdb.Checkpoint> ----------------- end -----------------
2026-07-04 20:35:18.114 INFO  <mkdb.Checkpoint> ---------------- begin ----------------
2026-07-04 20:35:18.114 INFO  <mkdb.Checkpoint> marshalN=1/0
2026-07-04 20:35:18.114 INFO  <mkdb.Checkpoint> snapshot=0 marshal0=0
2026-07-04 20:35:18.114 INFO  <mkdb.Checkpoint> flush=0
2026-07-04 20:35:18.114 INFO  <mkdb.Checkpoint> ----------------- end -----------------
2026-07-04 20:36:18.171 INFO  <mkdb.Checkpoint> ---------------- begin ----------------
2026-07-04 20:36:18.171 INFO  <mkdb.Checkpoint> marshalN=1/0
2026-07-04 20:36:18.171 INFO  <mkdb.Checkpoint> snapshot=0 marshal0=0
2026-07-04 20:36:18.171 INFO  <mkdb.Checkpoint> flush=0
2026-07-04 20:36:18.171 INFO  <mkdb.Checkpoint> ----------------- end -----------------
2026-07-04 20:37:18.225 INFO  <mkdb.Checkpoint> ---------------- begin ----------------
2026-07-04 20:37:18.225 INFO  <mkdb.Checkpoint> marshalN=1/0
2026-07-04 20:37:18.225 INFO  <mkdb.Checkpoint> snapshot=0 marshal0=0
2026-07-04 20:37:18.226 INFO  <mkdb.Checkpoint> flush=0
2026-07-04 20:37:18.226 INFO  <mkdb.Checkpoint> ----------------- end -----------------
2026-07-04 20:38:18.276 INFO  <mkdb.Checkpoint> ---------------- begin ----------------
2026-07-04 20:38:18.276 INFO  <mkdb.Checkpoint> marshalN=1/0
2026-07-04 20:38:18.276 INFO  <mkdb.Checkpoint> snapshot=0 marshal0=0
2026-07-04 20:38:18.276 INFO  <mkdb.Checkpoint> flush=0
2026-07-04 20:38:18.276 INFO  <mkdb.Checkpoint> ----------------- end -----------------
2026-07-04 20:39:18.326 INFO  <mkdb.Checkpoint> ---------------- begin ----------------
2026-07-04 20:39:18.326 INFO  <mkdb.Checkpoint> marshalN=1/0
2026-07-04 20:39:18.326 INFO  <mkdb.Checkpoint> snapshot=0 marshal0=0
2026-07-04 20:39:18.326 INFO  <mkdb.Checkpoint> flush=0
2026-07-04 20:39:18.326 INFO  <mkdb.Checkpoint> ----------------- end -----------------
2026-07-04 20:40:18.377 INFO  <mkdb.Checkpoint> ---------------- begin ----------------
2026-07-04 20:40:18.378 INFO  <mkdb.Checkpoint> marshalN=1/0
2026-07-04 20:40:18.378 INFO  <mkdb.Checkpoint> snapshot=0 marshal0=0
2026-07-04 20:40:18.378 INFO  <mkdb.Checkpoint> flush=0
2026-07-04 20:40:18.378 INFO  <mkdb.Checkpoint> ----------------- end -----------------
2026-07-04 20:41:18.430 INFO  <mkdb.Checkpoint> ---------------- begin ----------------
2026-07-04 20:41:18.430 INFO  <mkdb.Checkpoint> marshalN=1/0
2026-07-04 20:41:18.430 INFO  <mkdb.Checkpoint> snapshot=0 marshal0=0
2026-07-04 20:41:18.430 INFO  <mkdb.Checkpoint> flush=0
2026-07-04 20:41:18.430 INFO  <mkdb.Checkpoint> ----------------- end -----------------
2026-07-04 20:42:18.481 INFO  <mkdb.Checkpoint> ---------------- begin ----------------
2026-07-04 20:42:18.481 INFO  <mkdb.Checkpoint> marshalN=1/0
2026-07-04 20:42:18.481 INFO  <mkdb.Checkpoint> snapshot=0 marshal0=0
2026-07-04 20:42:18.481 INFO  <mkdb.Checkpoint> flush=0
2026-07-04 20:42:18.481 INFO  <mkdb.Checkpoint> ----------------- end -----------------
2026-07-04 20:43:18.536 INFO  <mkdb.Checkpoint> ---------------- begin ----------------
2026-07-04 20:43:18.536 INFO  <mkdb.Checkpoint> marshalN=1/0
2026-07-04 20:43:18.536 INFO  <mkdb.Checkpoint> snapshot=0 marshal0=0
2026-07-04 20:43:18.536 INFO  <mkdb.Checkpoint> flush=0
2026-07-04 20:43:18.536 INFO  <mkdb.Checkpoint> ----------------- end -----------------
2026-07-04 20:44:18.589 INFO  <mkdb.Checkpoint> ---------------- begin ----------------
2026-07-04 20:44:18.589 INFO  <mkdb.Checkpoint> marshalN=1/0
2026-07-04 20:44:18.589 INFO  <mkdb.Checkpoint> snapshot=0 marshal0=0
2026-07-04 20:44:18.589 INFO  <mkdb.Checkpoint> flush=0
2026-07-04 20:44:18.589 INFO  <mkdb.Checkpoint> ----------------- end -----------------
2026-07-04 20:45:18.641 INFO  <mkdb.Checkpoint> ---------------- begin ----------------
2026-07-04 20:45:18.641 INFO  <mkdb.Checkpoint> marshalN=1/0
2026-07-04 20:45:18.641 INFO  <mkdb.Checkpoint> snapshot=0 marshal0=0
2026-07-04 20:45:18.641 INFO  <mkdb.Checkpoint> flush=0
2026-07-04 20:45:18.641 INFO  <mkdb.Checkpoint> ----------------- end -----------------
2026-07-04 20:46:18.695 INFO  <mkdb.Checkpoint> ---------------- begin ----------------
2026-07-04 20:46:18.695 INFO  <mkdb.Checkpoint> marshalN=1/0
2026-07-04 20:46:18.695 INFO  <mkdb.Checkpoint> snapshot=0 marshal0=0
2026-07-04 20:46:18.695 INFO  <mkdb.Checkpoint> flush=0
2026-07-04 20:46:18.695 INFO  <mkdb.Checkpoint> ----------------- end -----------------
2026-07-04 20:47:18.746 INFO  <mkdb.Checkpoint> ---------------- begin ----------------
2026-07-04 20:47:18.746 INFO  <mkdb.Checkpoint> marshalN=1/0
2026-07-04 20:47:18.746 INFO  <mkdb.Checkpoint> snapshot=0 marshal0=0
2026-07-04 20:47:18.746 INFO  <mkdb.Checkpoint> flush=0
2026-07-04 20:47:18.746 INFO  <mkdb.Checkpoint> ----------------- end -----------------
2026-07-04 20:48:18.800 INFO  <mkdb.Checkpoint> ---------------- begin ----------------
2026-07-04 20:48:18.800 INFO  <mkdb.Checkpoint> marshalN=1/0
2026-07-04 20:48:18.800 INFO  <mkdb.Checkpoint> snapshot=0 marshal0=0
2026-07-04 20:48:18.800 INFO  <mkdb.Checkpoint> flush=0
2026-07-04 20:48:18.800 INFO  <mkdb.Checkpoint> ----------------- end -----------------
2026-07-04 20:49:18.851 INFO  <mkdb.Checkpoint> ---------------- begin ----------------
2026-07-04 20:49:18.851 INFO  <mkdb.Checkpoint> marshalN=1/0
2026-07-04 20:49:18.851 INFO  <mkdb.Checkpoint> snapshot=0 marshal0=0
2026-07-04 20:49:18.851 INFO  <mkdb.Checkpoint> flush=0
2026-07-04 20:49:18.851 INFO  <mkdb.Checkpoint> ----------------- end -----------------
2026-07-04 20:50:18.924 INFO  <mkdb.Checkpoint> ---------------- begin ----------------
2026-07-04 20:50:18.924 INFO  <mkdb.Checkpoint> marshalN=1/0
2026-07-04 20:50:18.924 INFO  <mkdb.Checkpoint> snapshot=0 marshal0=0
2026-07-04 20:50:18.924 INFO  <mkdb.Checkpoint> flush=0
2026-07-04 20:50:18.924 INFO  <mkdb.Checkpoint> ----------------- end -----------------
2026-07-04 20:51:18.975 INFO  <mkdb.Checkpoint> ---------------- begin ----------------
2026-07-04 20:51:18.975 INFO  <mkdb.Checkpoint> marshalN=1/0
2026-07-04 20:51:18.975 INFO  <mkdb.Checkpoint> snapshot=0 marshal0=0
2026-07-04 20:51:18.975 INFO  <mkdb.Checkpoint> flush=0
2026-07-04 20:51:18.975 INFO  <mkdb.Checkpoint> ----------------- end -----------------
2026-07-04 20:52:19.028 INFO  <mkdb.Checkpoint> ---------------- begin ----------------
2026-07-04 20:52:19.028 INFO  <mkdb.Checkpoint> marshalN=1/0
2026-07-04 20:52:19.028 INFO  <mkdb.Checkpoint> snapshot=0 marshal0=0
2026-07-04 20:52:19.028 INFO  <mkdb.Checkpoint> flush=0
2026-07-04 20:52:19.028 INFO  <mkdb.Checkpoint> ----------------- end -----------------
2026-07-04 20:53:19.081 INFO  <mkdb.Checkpoint> ---------------- begin ----------------
2026-07-04 20:53:19.081 INFO  <mkdb.Checkpoint> marshalN=1/0
2026-07-04 20:53:19.081 INFO  <mkdb.Checkpoint> snapshot=0 marshal0=0
2026-07-04 20:53:19.081 INFO  <mkdb.Checkpoint> flush=0
2026-07-04 20:53:19.081 INFO  <mkdb.Checkpoint> ----------------- end -----------------
2026-07-04 20:54:19.132 INFO  <mkdb.Checkpoint> ---------------- begin ----------------
2026-07-04 20:54:19.132 INFO  <mkdb.Checkpoint> marshalN=1/0
2026-07-04 20:54:19.132 INFO  <mkdb.Checkpoint> snapshot=0 marshal0=0
2026-07-04 20:54:19.132 INFO  <mkdb.Checkpoint> flush=0
2026-07-04 20:54:19.132 INFO  <mkdb.Checkpoint> ----------------- end -----------------
2026-07-04 20:55:19.183 INFO  <mkdb.Checkpoint> ---------------- begin ----------------
2026-07-04 20:55:19.183 INFO  <mkdb.Checkpoint> marshalN=1/0
2026-07-04 20:55:19.183 INFO  <mkdb.Checkpoint> snapshot=0 marshal0=0
2026-07-04 20:55:19.183 INFO  <mkdb.Checkpoint> flush=0
2026-07-04 20:55:19.183 INFO  <mkdb.Checkpoint> ----------------- end -----------------
2026-07-04 20:56:19.233 INFO  <mkdb.Checkpoint> ---------------- begin ----------------
2026-07-04 20:56:19.233 INFO  <mkdb.Checkpoint> marshalN=1/0
2026-07-04 20:56:19.233 INFO  <mkdb.Checkpoint> snapshot=0 marshal0=0
2026-07-04 20:56:19.233 INFO  <mkdb.Checkpoint> flush=0
2026-07-04 20:56:19.233 INFO  <mkdb.Checkpoint> ----------------- end -----------------
2026-07-04 20:57:19.284 INFO  <mkdb.Checkpoint> ---------------- begin ----------------
2026-07-04 20:57:19.285 INFO  <mkdb.Checkpoint> marshalN=1/0
2026-07-04 20:57:19.285 INFO  <mkdb.Checkpoint> snapshot=0 marshal0=0
2026-07-04 20:57:19.285 INFO  <mkdb.Checkpoint> flush=0
2026-07-04 20:57:19.285 INFO  <mkdb.Checkpoint> ----------------- end -----------------
2026-07-04 20:58:19.335 INFO  <mkdb.Checkpoint> ---------------- begin ----------------
2026-07-04 20:58:19.335 INFO  <mkdb.Checkpoint> marshalN=1/0
2026-07-04 20:58:19.335 INFO  <mkdb.Checkpoint> snapshot=0 marshal0=0
2026-07-04 20:58:19.335 INFO  <mkdb.Checkpoint> flush=0
2026-07-04 20:58:19.335 INFO  <mkdb.Checkpoint> ----------------- end -----------------
2026-07-04 20:59:19.383 INFO  <mkdb.Checkpoint> ---------------- begin ----------------
2026-07-04 20:59:19.383 INFO  <mkdb.Checkpoint> marshalN=1/0
2026-07-04 20:59:19.383 INFO  <mkdb.Checkpoint> snapshot=0 marshal0=0
2026-07-04 20:59:19.383 INFO  <mkdb.Checkpoint> flush=0
2026-07-04 20:59:19.383 INFO  <mkdb.Checkpoint> ----------------- end -----------------
2026-07-04 21:00:19.436 INFO  <mkdb.Checkpoint> ---------------- begin ----------------
2026-07-04 21:00:19.437 INFO  <mkdb.Checkpoint> marshalN=1/0
2026-07-04 21:00:19.437 INFO  <mkdb.Checkpoint> snapshot=0 marshal0=0
2026-07-04 21:00:19.437 INFO  <mkdb.Checkpoint> flush=0
2026-07-04 21:00:19.437 INFO  <mkdb.Checkpoint> ----------------- end -----------------
2026-07-04 21:01:19.487 INFO  <mkdb.Checkpoint> ---------------- begin ----------------
2026-07-04 21:01:19.487 INFO  <mkdb.Checkpoint> marshalN=1/0
2026-07-04 21:01:19.488 INFO  <mkdb.Checkpoint> snapshot=0 marshal0=0
2026-07-04 21:01:19.488 INFO  <mkdb.Checkpoint> flush=0
2026-07-04 21:01:19.488 INFO  <mkdb.Checkpoint> ----------------- end -----------------
2026-07-04 21:02:19.540 INFO  <mkdb.Checkpoint> ---------------- begin ----------------
2026-07-04 21:02:19.541 INFO  <mkdb.Checkpoint> marshalN=1/0
2026-07-04 21:02:19.541 INFO  <mkdb.Checkpoint> snapshot=0 marshal0=0
2026-07-04 21:02:19.541 INFO  <mkdb.Checkpoint> flush=0
2026-07-04 21:02:19.541 INFO  <mkdb.Checkpoint> ----------------- end -----------------
2026-07-04 21:03:19.592 INFO  <mkdb.Checkpoint> ---------------- begin ----------------
2026-07-04 21:03:19.592 INFO  <mkdb.Checkpoint> marshalN=1/0
2026-07-04 21:03:19.592 INFO  <mkdb.Checkpoint> snapshot=0 marshal0=0
2026-07-04 21:03:19.593 INFO  <mkdb.Checkpoint> flush=0
2026-07-04 21:03:19.593 INFO  <mkdb.Checkpoint> ----------------- end -----------------
2026-07-04 21:04:19.642 INFO  <mkdb.Checkpoint> ---------------- begin ----------------
2026-07-04 21:04:19.642 INFO  <mkdb.Checkpoint> marshalN=1/0
2026-07-04 21:04:19.642 INFO  <mkdb.Checkpoint> snapshot=0 marshal0=0
2026-07-04 21:04:19.642 INFO  <mkdb.Checkpoint> flush=0
2026-07-04 21:04:19.642 INFO  <mkdb.Checkpoint> ----------------- end -----------------
2026-07-04 21:05:19.697 INFO  <mkdb.Checkpoint> ---------------- begin ----------------
2026-07-04 21:05:19.697 INFO  <mkdb.Checkpoint> marshalN=1/0
2026-07-04 21:05:19.697 INFO  <mkdb.Checkpoint> snapshot=0 marshal0=0
2026-07-04 21:05:19.697 INFO  <mkdb.Checkpoint> flush=0
2026-07-04 21:05:19.697 INFO  <mkdb.Checkpoint> ----------------- end -----------------
2026-07-04 21:06:19.751 INFO  <mkdb.Checkpoint> ---------------- begin ----------------
2026-07-04 21:06:19.751 INFO  <mkdb.Checkpoint> marshalN=1/0
2026-07-04 21:06:19.751 INFO  <mkdb.Checkpoint> snapshot=0 marshal0=0
2026-07-04 21:06:19.751 INFO  <mkdb.Checkpoint> flush=0
2026-07-04 21:06:19.751 INFO  <mkdb.Checkpoint> ----------------- end -----------------
2026-07-04 21:07:19.801 INFO  <mkdb.Checkpoint> ---------------- begin ----------------
2026-07-04 21:07:19.801 INFO  <mkdb.Checkpoint> marshalN=1/0
2026-07-04 21:07:19.801 INFO  <mkdb.Checkpoint> snapshot=0 marshal0=0
2026-07-04 21:07:19.801 INFO  <mkdb.Checkpoint> flush=0
2026-07-04 21:07:19.801 INFO  <mkdb.Checkpoint> ----------------- end -----------------
2026-07-04 21:08:19.853 INFO  <mkdb.Checkpoint> ---------------- begin ----------------
2026-07-04 21:08:19.853 INFO  <mkdb.Checkpoint> marshalN=1/0
2026-07-04 21:08:19.853 INFO  <mkdb.Checkpoint> snapshot=0 marshal0=0
2026-07-04 21:08:19.853 INFO  <mkdb.Checkpoint> flush=0
2026-07-04 21:08:19.853 INFO  <mkdb.Checkpoint> ----------------- end -----------------
2026-07-04 21:09:19.902 INFO  <mkdb.Checkpoint> ---------------- begin ----------------
2026-07-04 21:09:19.902 INFO  <mkdb.Checkpoint> marshalN=1/0
2026-07-04 21:09:19.902 INFO  <mkdb.Checkpoint> snapshot=0 marshal0=0
2026-07-04 21:09:19.902 INFO  <mkdb.Checkpoint> flush=0
2026-07-04 21:09:19.902 INFO  <mkdb.Checkpoint> ----------------- end -----------------
2026-07-04 21:10:19.949 INFO  <mkdb.Checkpoint> ---------------- begin ----------------
2026-07-04 21:10:19.950 INFO  <mkdb.Checkpoint> marshalN=1/0
2026-07-04 21:10:19.950 INFO  <mkdb.Checkpoint> snapshot=0 marshal0=0
2026-07-04 21:10:19.950 INFO  <mkdb.Checkpoint> flush=0
2026-07-04 21:10:19.950 INFO  <mkdb.Checkpoint> ----------------- end -----------------
2026-07-04 21:11:20.002 INFO  <mkdb.Checkpoint> ---------------- begin ----------------
2026-07-04 21:11:20.002 INFO  <mkdb.Checkpoint> marshalN=1/0
2026-07-04 21:11:20.002 INFO  <mkdb.Checkpoint> snapshot=0 marshal0=0
2026-07-04 21:11:20.002 INFO  <mkdb.Checkpoint> flush=0
2026-07-04 21:11:20.002 INFO  <mkdb.Checkpoint> ----------------- end -----------------
2026-07-04 21:12:20.054 INFO  <mkdb.Checkpoint> ---------------- begin ----------------
2026-07-04 21:12:20.054 INFO  <mkdb.Checkpoint> marshalN=1/0
2026-07-04 21:12:20.054 INFO  <mkdb.Checkpoint> snapshot=0 marshal0=0
2026-07-04 21:12:20.054 INFO  <mkdb.Checkpoint> flush=0
2026-07-04 21:12:20.054 INFO  <mkdb.Checkpoint> ----------------- end -----------------
2026-07-04 21:13:20.106 INFO  <mkdb.Checkpoint> ---------------- begin ----------------
2026-07-04 21:13:20.106 INFO  <mkdb.Checkpoint> marshalN=1/0
2026-07-04 21:13:20.106 INFO  <mkdb.Checkpoint> snapshot=0 marshal0=0
2026-07-04 21:13:20.106 INFO  <mkdb.Checkpoint> flush=0
2026-07-04 21:13:20.106 INFO  <mkdb.Checkpoint> ----------------- end -----------------
2026-07-04 21:14:20.157 INFO  <mkdb.Checkpoint> ---------------- begin ----------------
2026-07-04 21:14:20.158 INFO  <mkdb.Checkpoint> marshalN=1/0
2026-07-04 21:14:20.158 INFO  <mkdb.Checkpoint> snapshot=0 marshal0=0
2026-07-04 21:14:20.158 INFO  <mkdb.Checkpoint> flush=0
2026-07-04 21:14:20.158 INFO  <mkdb.Checkpoint> ----------------- end -----------------
2026-07-04 21:15:20.210 INFO  <mkdb.Checkpoint> ---------------- begin ----------------
2026-07-04 21:15:20.210 INFO  <mkdb.Checkpoint> marshalN=1/0
2026-07-04 21:15:20.210 INFO  <mkdb.Checkpoint> snapshot=0 marshal0=0
2026-07-04 21:15:20.210 INFO  <mkdb.Checkpoint> flush=0
2026-07-04 21:15:20.210 INFO  <mkdb.Checkpoint> ----------------- end -----------------
2026-07-04 21:16:20.264 INFO  <mkdb.Checkpoint> ---------------- begin ----------------
2026-07-04 21:16:20.264 INFO  <mkdb.Checkpoint> marshalN=1/0
2026-07-04 21:16:20.264 INFO  <mkdb.Checkpoint> snapshot=0 marshal0=0
2026-07-04 21:16:20.264 INFO  <mkdb.Checkpoint> flush=0
2026-07-04 21:16:20.264 INFO  <mkdb.Checkpoint> ----------------- end -----------------
2026-07-04 21:17:20.317 INFO  <mkdb.Checkpoint> ---------------- begin ----------------
2026-07-04 21:17:20.317 INFO  <mkdb.Checkpoint> marshalN=1/0
2026-07-04 21:17:20.317 INFO  <mkdb.Checkpoint> snapshot=0 marshal0=0
2026-07-04 21:17:20.317 INFO  <mkdb.Checkpoint> flush=0
2026-07-04 21:17:20.317 INFO  <mkdb.Checkpoint> ----------------- end -----------------
2026-07-04 21:18:20.369 INFO  <mkdb.Checkpoint> ---------------- begin ----------------
2026-07-04 21:18:20.369 INFO  <mkdb.Checkpoint> marshalN=1/0
2026-07-04 21:18:20.369 INFO  <mkdb.Checkpoint> snapshot=0 marshal0=0
2026-07-04 21:18:20.369 INFO  <mkdb.Checkpoint> flush=0
2026-07-04 21:18:20.369 INFO  <mkdb.Checkpoint> ----------------- end -----------------
2026-07-04 21:19:20.421 INFO  <mkdb.Checkpoint> ---------------- begin ----------------
2026-07-04 21:19:20.421 INFO  <mkdb.Checkpoint> marshalN=1/0
2026-07-04 21:19:20.421 INFO  <mkdb.Checkpoint> snapshot=0 marshal0=0
2026-07-04 21:19:20.421 INFO  <mkdb.Checkpoint> flush=0
2026-07-04 21:19:20.421 INFO  <mkdb.Checkpoint> ----------------- end -----------------
2026-07-04 21:19:47.046 WARN  <mkdb.Backup> backup FULL begin
2026-07-04 21:19:47.046 WARN  <mkdb.Backup> backup FULL end
2026-07-04 21:20:20.475 INFO  <mkdb.Checkpoint> ---------------- begin ----------------
2026-07-04 21:20:20.475 INFO  <mkdb.Checkpoint> marshalN=1/0
2026-07-04 21:20:20.475 INFO  <mkdb.Checkpoint> snapshot=0 marshal0=0
2026-07-04 21:20:20.475 INFO  <mkdb.Checkpoint> flush=0
2026-07-04 21:20:20.475 INFO  <mkdb.Checkpoint> ----------------- end -----------------
2026-07-04 21:21:20.528 INFO  <mkdb.Checkpoint> ---------------- begin ----------------
2026-07-04 21:21:20.528 INFO  <mkdb.Checkpoint> marshalN=1/0
2026-07-04 21:21:20.528 INFO  <mkdb.Checkpoint> snapshot=0 marshal0=0
2026-07-04 21:21:20.528 INFO  <mkdb.Checkpoint> flush=0
2026-07-04 21:21:20.528 INFO  <mkdb.Checkpoint> ----------------- end -----------------
2026-07-04 21:22:20.582 INFO  <mkdb.Checkpoint> ---------------- begin ----------------
2026-07-04 21:22:20.582 INFO  <mkdb.Checkpoint> marshalN=1/0
2026-07-04 21:22:20.582 INFO  <mkdb.Checkpoint> snapshot=0 marshal0=0
2026-07-04 21:22:20.582 INFO  <mkdb.Checkpoint> flush=0
2026-07-04 21:22:20.582 INFO  <mkdb.Checkpoint> ----------------- end -----------------
2026-07-04 21:23:20.635 INFO  <mkdb.Checkpoint> ---------------- begin ----------------
2026-07-04 21:23:20.635 INFO  <mkdb.Checkpoint> marshalN=1/0
2026-07-04 21:23:20.635 INFO  <mkdb.Checkpoint> snapshot=0 marshal0=0
2026-07-04 21:23:20.635 INFO  <mkdb.Checkpoint> flush=0
2026-07-04 21:23:20.635 INFO  <mkdb.Checkpoint> ----------------- end -----------------
2026-07-04 21:24:20.687 INFO  <mkdb.Checkpoint> ---------------- begin ----------------
2026-07-04 21:24:20.688 INFO  <mkdb.Checkpoint> marshalN=1/0
2026-07-04 21:24:20.688 INFO  <mkdb.Checkpoint> snapshot=0 marshal0=0
2026-07-04 21:24:20.688 INFO  <mkdb.Checkpoint> flush=0
2026-07-04 21:24:20.688 INFO  <mkdb.Checkpoint> ----------------- end -----------------
2026-07-04 21:25:20.743 INFO  <mkdb.Checkpoint> ---------------- begin ----------------
2026-07-04 21:25:20.743 INFO  <mkdb.Checkpoint> marshalN=1/0
2026-07-04 21:25:20.743 INFO  <mkdb.Checkpoint> snapshot=0 marshal0=0
2026-07-04 21:25:20.743 INFO  <mkdb.Checkpoint> flush=0
2026-07-04 21:25:20.743 INFO  <mkdb.Checkpoint> ----------------- end -----------------
2026-07-04 21:26:20.795 INFO  <mkdb.Checkpoint> ---------------- begin ----------------
2026-07-04 21:26:20.795 INFO  <mkdb.Checkpoint> marshalN=1/0
2026-07-04 21:26:20.795 INFO  <mkdb.Checkpoint> snapshot=0 marshal0=0
2026-07-04 21:26:20.795 INFO  <mkdb.Checkpoint> flush=0
2026-07-04 21:26:20.795 INFO  <mkdb.Checkpoint> ----------------- end -----------------
2026-07-04 21:27:20.847 INFO  <mkdb.Checkpoint> ---------------- begin ----------------
2026-07-04 21:27:20.847 INFO  <mkdb.Checkpoint> marshalN=1/0
2026-07-04 21:27:20.847 INFO  <mkdb.Checkpoint> snapshot=0 marshal0=0
2026-07-04 21:27:20.847 INFO  <mkdb.Checkpoint> flush=0
2026-07-04 21:27:20.847 INFO  <mkdb.Checkpoint> ----------------- end -----------------
2026-07-04 21:28:20.901 INFO  <mkdb.Checkpoint> ---------------- begin ----------------
2026-07-04 21:28:20.901 INFO  <mkdb.Checkpoint> marshalN=1/0
2026-07-04 21:28:20.901 INFO  <mkdb.Checkpoint> snapshot=0 marshal0=0
2026-07-04 21:28:20.901 INFO  <mkdb.Checkpoint> flush=0
2026-07-04 21:28:20.901 INFO  <mkdb.Checkpoint> ----------------- end -----------------
2026-07-04 21:29:20.956 INFO  <mkdb.Checkpoint> ---------------- begin ----------------
2026-07-04 21:29:20.956 INFO  <mkdb.Checkpoint> marshalN=1/0
2026-07-04 21:29:20.956 INFO  <mkdb.Checkpoint> snapshot=0 marshal0=0
2026-07-04 21:29:20.956 INFO  <mkdb.Checkpoint> flush=0
2026-07-04 21:29:20.956 INFO  <mkdb.Checkpoint> ----------------- end -----------------
2026-07-04 21:30:21.009 INFO  <mkdb.Checkpoint> ---------------- begin ----------------
2026-07-04 21:30:21.009 INFO  <mkdb.Checkpoint> marshalN=1/0
2026-07-04 21:30:21.009 INFO  <mkdb.Checkpoint> snapshot=0 marshal0=0
2026-07-04 21:30:21.009 INFO  <mkdb.Checkpoint> flush=0
2026-07-04 21:30:21.009 INFO  <mkdb.Checkpoint> ----------------- end -----------------
2026-07-04 21:31:21.070 INFO  <mkdb.Checkpoint> ---------------- begin ----------------
2026-07-04 21:31:21.070 INFO  <mkdb.Checkpoint> marshalN=1/0
2026-07-04 21:31:21.070 INFO  <mkdb.Checkpoint> snapshot=0 marshal0=0
2026-07-04 21:31:21.070 INFO  <mkdb.Checkpoint> flush=0
2026-07-04 21:31:21.070 INFO  <mkdb.Checkpoint> ----------------- end -----------------
2026-07-04 21:32:21.127 INFO  <mkdb.Checkpoint> ---------------- begin ----------------
2026-07-04 21:32:21.127 INFO  <mkdb.Checkpoint> marshalN=1/0
2026-07-04 21:32:21.127 INFO  <mkdb.Checkpoint> snapshot=0 marshal0=0
2026-07-04 21:32:21.127 INFO  <mkdb.Checkpoint> flush=0
2026-07-04 21:32:21.127 INFO  <mkdb.Checkpoint> ----------------- end -----------------
2026-07-04 21:33:21.185 INFO  <mkdb.Checkpoint> ---------------- begin ----------------
2026-07-04 21:33:21.185 INFO  <mkdb.Checkpoint> marshalN=1/0
2026-07-04 21:33:21.185 INFO  <mkdb.Checkpoint> snapshot=0 marshal0=0
2026-07-04 21:33:21.185 INFO  <mkdb.Checkpoint> flush=0
2026-07-04 21:33:21.185 INFO  <mkdb.Checkpoint> ----------------- end -----------------
2026-07-04 21:34:21.242 INFO  <mkdb.Checkpoint> ---------------- begin ----------------
2026-07-04 21:34:21.242 INFO  <mkdb.Checkpoint> marshalN=1/0
2026-07-04 21:34:21.242 INFO  <mkdb.Checkpoint> snapshot=0 marshal0=0
2026-07-04 21:34:21.242 INFO  <mkdb.Checkpoint> flush=0
2026-07-04 21:34:21.242 INFO  <mkdb.Checkpoint> ----------------- end -----------------
2026-07-04 21:35:21.301 INFO  <mkdb.Checkpoint> ---------------- begin ----------------
2026-07-04 21:35:21.301 INFO  <mkdb.Checkpoint> marshalN=1/0
2026-07-04 21:35:21.301 INFO  <mkdb.Checkpoint> snapshot=0 marshal0=0
2026-07-04 21:35:21.302 INFO  <mkdb.Checkpoint> flush=0
2026-07-04 21:35:21.302 INFO  <mkdb.Checkpoint> ----------------- end -----------------
2026-07-04 21:36:21.360 INFO  <mkdb.Checkpoint> ---------------- begin ----------------
2026-07-04 21:36:21.360 INFO  <mkdb.Checkpoint> marshalN=1/0
2026-07-04 21:36:21.360 INFO  <mkdb.Checkpoint> snapshot=0 marshal0=0
2026-07-04 21:36:21.360 INFO  <mkdb.Checkpoint> flush=0
2026-07-04 21:36:21.360 INFO  <mkdb.Checkpoint> ----------------- end -----------------
2026-07-04 21:37:21.420 INFO  <mkdb.Checkpoint> ---------------- begin ----------------
2026-07-04 21:37:21.420 INFO  <mkdb.Checkpoint> marshalN=1/0
2026-07-04 21:37:21.420 INFO  <mkdb.Checkpoint> snapshot=0 marshal0=0
2026-07-04 21:37:21.420 INFO  <mkdb.Checkpoint> flush=0
2026-07-04 21:37:21.420 INFO  <mkdb.Checkpoint> ----------------- end -----------------
2026-07-04 21:38:21.477 INFO  <mkdb.Checkpoint> ---------------- begin ----------------
2026-07-04 21:38:21.477 INFO  <mkdb.Checkpoint> marshalN=1/0
2026-07-04 21:38:21.477 INFO  <mkdb.Checkpoint> snapshot=0 marshal0=0
2026-07-04 21:38:21.477 INFO  <mkdb.Checkpoint> flush=0
2026-07-04 21:38:21.477 INFO  <mkdb.Checkpoint> ----------------- end -----------------
2026-07-04 21:39:21.533 INFO  <mkdb.Checkpoint> ---------------- begin ----------------
2026-07-04 21:39:21.533 INFO  <mkdb.Checkpoint> marshalN=1/0
2026-07-04 21:39:21.533 INFO  <mkdb.Checkpoint> snapshot=0 marshal0=0
2026-07-04 21:39:21.533 INFO  <mkdb.Checkpoint> flush=0
2026-07-04 21:39:21.533 INFO  <mkdb.Checkpoint> ----------------- end -----------------
2026-07-04 21:40:21.586 INFO  <mkdb.Checkpoint> ---------------- begin ----------------
2026-07-04 21:40:21.586 INFO  <mkdb.Checkpoint> marshalN=1/0
2026-07-04 21:40:21.586 INFO  <mkdb.Checkpoint> snapshot=0 marshal0=0
2026-07-04 21:40:21.586 INFO  <mkdb.Checkpoint> flush=0
2026-07-04 21:40:21.586 INFO  <mkdb.Checkpoint> ----------------- end -----------------
2026-07-04 21:41:21.647 INFO  <mkdb.Checkpoint> ---------------- begin ----------------
2026-07-04 21:41:21.647 INFO  <mkdb.Checkpoint> marshalN=1/0
2026-07-04 21:41:21.647 INFO  <mkdb.Checkpoint> snapshot=0 marshal0=0
2026-07-04 21:41:21.647 INFO  <mkdb.Checkpoint> flush=0
2026-07-04 21:41:21.647 INFO  <mkdb.Checkpoint> ----------------- end -----------------
2026-07-04 21:42:21.704 INFO  <mkdb.Checkpoint> ---------------- begin ----------------
2026-07-04 21:42:21.704 INFO  <mkdb.Checkpoint> marshalN=1/0
2026-07-04 21:42:21.704 INFO  <mkdb.Checkpoint> snapshot=0 marshal0=0
2026-07-04 21:42:21.705 INFO  <mkdb.Checkpoint> flush=0
2026-07-04 21:42:21.705 INFO  <mkdb.Checkpoint> ----------------- end -----------------
2026-07-04 21:43:21.765 INFO  <mkdb.Checkpoint> ---------------- begin ----------------
2026-07-04 21:43:21.765 INFO  <mkdb.Checkpoint> marshalN=1/0
2026-07-04 21:43:21.765 INFO  <mkdb.Checkpoint> snapshot=0 marshal0=0
2026-07-04 21:43:21.765 INFO  <mkdb.Checkpoint> flush=0
2026-07-04 21:43:21.765 INFO  <mkdb.Checkpoint> ----------------- end -----------------
2026-07-04 21:44:21.823 INFO  <mkdb.Checkpoint> ---------------- begin ----------------
2026-07-04 21:44:21.823 INFO  <mkdb.Checkpoint> marshalN=1/0
2026-07-04 21:44:21.823 INFO  <mkdb.Checkpoint> snapshot=0 marshal0=0
2026-07-04 21:44:21.823 INFO  <mkdb.Checkpoint> flush=0
2026-07-04 21:44:21.823 INFO  <mkdb.Checkpoint> ----------------- end -----------------
2026-07-04 21:45:21.882 INFO  <mkdb.Checkpoint> ---------------- begin ----------------
2026-07-04 21:45:21.882 INFO  <mkdb.Checkpoint> marshalN=1/0
2026-07-04 21:45:21.882 INFO  <mkdb.Checkpoint> snapshot=0 marshal0=0
2026-07-04 21:45:21.882 INFO  <mkdb.Checkpoint> flush=0
2026-07-04 21:45:21.882 INFO  <mkdb.Checkpoint> ----------------- end -----------------
2026-07-04 21:46:21.943 INFO  <mkdb.Checkpoint> ---------------- begin ----------------
2026-07-04 21:46:21.943 INFO  <mkdb.Checkpoint> marshalN=1/0
2026-07-04 21:46:21.943 INFO  <mkdb.Checkpoint> snapshot=0 marshal0=0
2026-07-04 21:46:21.943 INFO  <mkdb.Checkpoint> flush=0
2026-07-04 21:46:21.943 INFO  <mkdb.Checkpoint> ----------------- end -----------------
2026-07-04 21:47:21.995 INFO  <mkdb.Checkpoint> ---------------- begin ----------------
2026-07-04 21:47:21.995 INFO  <mkdb.Checkpoint> marshalN=1/0
2026-07-04 21:47:21.995 INFO  <mkdb.Checkpoint> snapshot=0 marshal0=0
2026-07-04 21:47:21.995 INFO  <mkdb.Checkpoint> flush=0
2026-07-04 21:47:21.996 INFO  <mkdb.Checkpoint> ----------------- end -----------------
2026-07-04 21:48:22.047 INFO  <mkdb.Checkpoint> ---------------- begin ----------------
2026-07-04 21:48:22.047 INFO  <mkdb.Checkpoint> marshalN=1/0
2026-07-04 21:48:22.048 INFO  <mkdb.Checkpoint> snapshot=0 marshal0=0
2026-07-04 21:48:22.048 INFO  <mkdb.Checkpoint> flush=0
2026-07-04 21:48:22.048 INFO  <mkdb.Checkpoint> ----------------- end -----------------
2026-07-04 21:49:22.100 INFO  <mkdb.Checkpoint> ---------------- begin ----------------
2026-07-04 21:49:22.100 INFO  <mkdb.Checkpoint> marshalN=1/0
2026-07-04 21:49:22.100 INFO  <mkdb.Checkpoint> snapshot=0 marshal0=0
2026-07-04 21:49:22.100 INFO  <mkdb.Checkpoint> flush=0
2026-07-04 21:49:22.100 INFO  <mkdb.Checkpoint> ----------------- end -----------------
2026-07-04 21:50:22.152 INFO  <mkdb.Checkpoint> ---------------- begin ----------------
2026-07-04 21:50:22.152 INFO  <mkdb.Checkpoint> marshalN=1/0
2026-07-04 21:50:22.152 INFO  <mkdb.Checkpoint> snapshot=0 marshal0=0
2026-07-04 21:50:22.152 INFO  <mkdb.Checkpoint> flush=0
2026-07-04 21:50:22.152 INFO  <mkdb.Checkpoint> ----------------- end -----------------
2026-07-04 21:51:22.207 INFO  <mkdb.Checkpoint> ---------------- begin ----------------
2026-07-04 21:51:22.207 INFO  <mkdb.Checkpoint> marshalN=1/0
2026-07-04 21:51:22.207 INFO  <mkdb.Checkpoint> snapshot=0 marshal0=0
2026-07-04 21:51:22.207 INFO  <mkdb.Checkpoint> flush=0
2026-07-04 21:51:22.207 INFO  <mkdb.Checkpoint> ----------------- end -----------------
2026-07-04 21:52:22.260 INFO  <mkdb.Checkpoint> ---------------- begin ----------------
2026-07-04 21:52:22.260 INFO  <mkdb.Checkpoint> marshalN=1/0
2026-07-04 21:52:22.260 INFO  <mkdb.Checkpoint> snapshot=0 marshal0=0
2026-07-04 21:52:22.260 INFO  <mkdb.Checkpoint> flush=0
2026-07-04 21:52:22.260 INFO  <mkdb.Checkpoint> ----------------- end -----------------
2026-07-04 21:53:22.314 INFO  <mkdb.Checkpoint> ---------------- begin ----------------
2026-07-04 21:53:22.314 INFO  <mkdb.Checkpoint> marshalN=1/0
2026-07-04 21:53:22.314 INFO  <mkdb.Checkpoint> snapshot=0 marshal0=0
2026-07-04 21:53:22.314 INFO  <mkdb.Checkpoint> flush=0
2026-07-04 21:53:22.314 INFO  <mkdb.Checkpoint> ----------------- end -----------------
2026-07-04 21:54:22.366 INFO  <mkdb.Checkpoint> ---------------- begin ----------------
2026-07-04 21:54:22.366 INFO  <mkdb.Checkpoint> marshalN=1/0
2026-07-04 21:54:22.366 INFO  <mkdb.Checkpoint> snapshot=0 marshal0=0
2026-07-04 21:54:22.366 INFO  <mkdb.Checkpoint> flush=0
2026-07-04 21:54:22.366 INFO  <mkdb.Checkpoint> ----------------- end -----------------
2026-07-04 21:55:22.417 INFO  <mkdb.Checkpoint> ---------------- begin ----------------
2026-07-04 21:55:22.417 INFO  <mkdb.Checkpoint> marshalN=1/0
2026-07-04 21:55:22.417 INFO  <mkdb.Checkpoint> snapshot=0 marshal0=0
2026-07-04 21:55:22.417 INFO  <mkdb.Checkpoint> flush=0
2026-07-04 21:55:22.417 INFO  <mkdb.Checkpoint> ----------------- end -----------------
2026-07-04 21:56:22.470 INFO  <mkdb.Checkpoint> ---------------- begin ----------------
2026-07-04 21:56:22.470 INFO  <mkdb.Checkpoint> marshalN=1/0
2026-07-04 21:56:22.470 INFO  <mkdb.Checkpoint> snapshot=0 marshal0=0
2026-07-04 21:56:22.470 INFO  <mkdb.Checkpoint> flush=0
2026-07-04 21:56:22.470 INFO  <mkdb.Checkpoint> ----------------- end -----------------
2026-07-04 21:57:22.521 INFO  <mkdb.Checkpoint> ---------------- begin ----------------
2026-07-04 21:57:22.521 INFO  <mkdb.Checkpoint> marshalN=1/0
2026-07-04 21:57:22.521 INFO  <mkdb.Checkpoint> snapshot=0 marshal0=0
2026-07-04 21:57:22.521 INFO  <mkdb.Checkpoint> flush=0
2026-07-04 21:57:22.521 INFO  <mkdb.Checkpoint> ----------------- end -----------------
2026-07-04 21:58:22.574 INFO  <mkdb.Checkpoint> ---------------- begin ----------------
2026-07-04 21:58:22.574 INFO  <mkdb.Checkpoint> marshalN=1/0
2026-07-04 21:58:22.574 INFO  <mkdb.Checkpoint> snapshot=0 marshal0=0
2026-07-04 21:58:22.574 INFO  <mkdb.Checkpoint> flush=0
2026-07-04 21:58:22.574 INFO  <mkdb.Checkpoint> ----------------- end -----------------
2026-07-04 21:59:22.626 INFO  <mkdb.Checkpoint> ---------------- begin ----------------
2026-07-04 21:59:22.626 INFO  <mkdb.Checkpoint> marshalN=1/0
2026-07-04 21:59:22.626 INFO  <mkdb.Checkpoint> snapshot=0 marshal0=0
2026-07-04 21:59:22.626 INFO  <mkdb.Checkpoint> flush=0
2026-07-04 21:59:22.626 INFO  <mkdb.Checkpoint> ----------------- end -----------------
2026-07-04 22:00:22.677 INFO  <mkdb.Checkpoint> ---------------- begin ----------------
2026-07-04 22:00:22.677 INFO  <mkdb.Checkpoint> marshalN=1/0
2026-07-04 22:00:22.677 INFO  <mkdb.Checkpoint> snapshot=0 marshal0=0
2026-07-04 22:00:22.677 INFO  <mkdb.Checkpoint> flush=0
2026-07-04 22:00:22.677 INFO  <mkdb.Checkpoint> ----------------- end -----------------
2026-07-04 22:01:22.731 INFO  <mkdb.Checkpoint> ---------------- begin ----------------
2026-07-04 22:01:22.731 INFO  <mkdb.Checkpoint> marshalN=1/0
2026-07-04 22:01:22.731 INFO  <mkdb.Checkpoint> snapshot=0 marshal0=0
2026-07-04 22:01:22.731 INFO  <mkdb.Checkpoint> flush=0
2026-07-04 22:01:22.731 INFO  <mkdb.Checkpoint> ----------------- end -----------------
2026-07-04 22:02:22.783 INFO  <mkdb.Checkpoint> ---------------- begin ----------------
2026-07-04 22:02:22.783 INFO  <mkdb.Checkpoint> marshalN=1/0
2026-07-04 22:02:22.783 INFO  <mkdb.Checkpoint> snapshot=0 marshal0=0
2026-07-04 22:02:22.783 INFO  <mkdb.Checkpoint> flush=0
2026-07-04 22:02:22.783 INFO  <mkdb.Checkpoint> ----------------- end -----------------
2026-07-04 22:03:22.832 INFO  <mkdb.Checkpoint> ---------------- begin ----------------
2026-07-04 22:03:22.832 INFO  <mkdb.Checkpoint> marshalN=1/0
2026-07-04 22:03:22.832 INFO  <mkdb.Checkpoint> snapshot=0 marshal0=0
2026-07-04 22:03:22.832 INFO  <mkdb.Checkpoint> flush=0
2026-07-04 22:03:22.832 INFO  <mkdb.Checkpoint> ----------------- end -----------------
2026-07-04 22:04:22.886 INFO  <mkdb.Checkpoint> ---------------- begin ----------------
2026-07-04 22:04:22.886 INFO  <mkdb.Checkpoint> marshalN=1/0
2026-07-04 22:04:22.886 INFO  <mkdb.Checkpoint> snapshot=0 marshal0=0
2026-07-04 22:04:22.886 INFO  <mkdb.Checkpoint> flush=0
2026-07-04 22:04:22.886 INFO  <mkdb.Checkpoint> ----------------- end -----------------
2026-07-04 22:05:22.939 INFO  <mkdb.Checkpoint> ---------------- begin ----------------
2026-07-04 22:05:22.939 INFO  <mkdb.Checkpoint> marshalN=1/0
2026-07-04 22:05:22.939 INFO  <mkdb.Checkpoint> snapshot=0 marshal0=0
2026-07-04 22:05:22.939 INFO  <mkdb.Checkpoint> flush=0
2026-07-04 22:05:22.939 INFO  <mkdb.Checkpoint> ----------------- end -----------------
2026-07-04 22:06:22.991 INFO  <mkdb.Checkpoint> ---------------- begin ----------------
2026-07-04 22:06:22.991 INFO  <mkdb.Checkpoint> marshalN=1/0
2026-07-04 22:06:22.991 INFO  <mkdb.Checkpoint> snapshot=0 marshal0=0
2026-07-04 22:06:22.991 INFO  <mkdb.Checkpoint> flush=0
2026-07-04 22:06:22.991 INFO  <mkdb.Checkpoint> ----------------- end -----------------
2026-07-04 22:07:23.067 INFO  <mkdb.Checkpoint> ---------------- begin ----------------
2026-07-04 22:07:23.068 INFO  <mkdb.Checkpoint> marshalN=1/0
2026-07-04 22:07:23.068 INFO  <mkdb.Checkpoint> snapshot=0 marshal0=0
2026-07-04 22:07:23.068 INFO  <mkdb.Checkpoint> flush=0
2026-07-04 22:07:23.068 INFO  <mkdb.Checkpoint> ----------------- end -----------------
2026-07-04 22:08:23.122 INFO  <mkdb.Checkpoint> ---------------- begin ----------------
2026-07-04 22:08:23.122 INFO  <mkdb.Checkpoint> marshalN=1/0
2026-07-04 22:08:23.122 INFO  <mkdb.Checkpoint> snapshot=0 marshal0=0
2026-07-04 22:08:23.122 INFO  <mkdb.Checkpoint> flush=0
2026-07-04 22:08:23.122 INFO  <mkdb.Checkpoint> ----------------- end -----------------
2026-07-04 22:09:23.177 INFO  <mkdb.Checkpoint> ---------------- begin ----------------
2026-07-04 22:09:23.177 INFO  <mkdb.Checkpoint> marshalN=1/0
2026-07-04 22:09:23.177 INFO  <mkdb.Checkpoint> snapshot=0 marshal0=0
2026-07-04 22:09:23.177 INFO  <mkdb.Checkpoint> flush=0
2026-07-04 22:09:23.177 INFO  <mkdb.Checkpoint> ----------------- end -----------------
2026-07-04 22:10:23.233 INFO  <mkdb.Checkpoint> ---------------- begin ----------------
2026-07-04 22:10:23.233 INFO  <mkdb.Checkpoint> marshalN=1/0
2026-07-04 22:10:23.233 INFO  <mkdb.Checkpoint> snapshot=0 marshal0=0
2026-07-04 22:10:23.233 INFO  <mkdb.Checkpoint> flush=0
2026-07-04 22:10:23.233 INFO  <mkdb.Checkpoint> ----------------- end -----------------
2026-07-04 22:11:23.284 INFO  <mkdb.Checkpoint> ---------------- begin ----------------
2026-07-04 22:11:23.284 INFO  <mkdb.Checkpoint> marshalN=1/0
2026-07-04 22:11:23.284 INFO  <mkdb.Checkpoint> snapshot=0 marshal0=0
2026-07-04 22:11:23.284 INFO  <mkdb.Checkpoint> flush=0
2026-07-04 22:11:23.284 INFO  <mkdb.Checkpoint> ----------------- end -----------------
2026-07-04 22:12:23.336 INFO  <mkdb.Checkpoint> ---------------- begin ----------------
2026-07-04 22:12:23.337 INFO  <mkdb.Checkpoint> marshalN=1/0
2026-07-04 22:12:23.337 INFO  <mkdb.Checkpoint> snapshot=0 marshal0=0
2026-07-04 22:12:23.337 INFO  <mkdb.Checkpoint> flush=0
2026-07-04 22:12:23.337 INFO  <mkdb.Checkpoint> ----------------- end -----------------
2026-07-04 22:13:23.391 INFO  <mkdb.Checkpoint> ---------------- begin ----------------
2026-07-04 22:13:23.391 INFO  <mkdb.Checkpoint> marshalN=1/0
2026-07-04 22:13:23.391 INFO  <mkdb.Checkpoint> snapshot=0 marshal0=0
2026-07-04 22:13:23.391 INFO  <mkdb.Checkpoint> flush=0
2026-07-04 22:13:23.391 INFO  <mkdb.Checkpoint> ----------------- end -----------------
2026-07-04 22:14:23.442 INFO  <mkdb.Checkpoint> ---------------- begin ----------------
2026-07-04 22:14:23.442 INFO  <mkdb.Checkpoint> marshalN=1/0
2026-07-04 22:14:23.442 INFO  <mkdb.Checkpoint> snapshot=0 marshal0=0
2026-07-04 22:14:23.442 INFO  <mkdb.Checkpoint> flush=0
2026-07-04 22:14:23.442 INFO  <mkdb.Checkpoint> ----------------- end -----------------
2026-07-04 22:15:23.494 INFO  <mkdb.Checkpoint> ---------------- begin ----------------
2026-07-04 22:15:23.494 INFO  <mkdb.Checkpoint> marshalN=1/0
2026-07-04 22:15:23.494 INFO  <mkdb.Checkpoint> snapshot=0 marshal0=0
2026-07-04 22:15:23.494 INFO  <mkdb.Checkpoint> flush=0
2026-07-04 22:15:23.494 INFO  <mkdb.Checkpoint> ----------------- end -----------------
2026-07-04 22:16:23.552 INFO  <mkdb.Checkpoint> ---------------- begin ----------------
2026-07-04 22:16:23.552 INFO  <mkdb.Checkpoint> marshalN=1/0
2026-07-04 22:16:23.552 INFO  <mkdb.Checkpoint> snapshot=0 marshal0=0
2026-07-04 22:16:23.552 INFO  <mkdb.Checkpoint> flush=0
2026-07-04 22:16:23.552 INFO  <mkdb.Checkpoint> ----------------- end -----------------
2026-07-04 22:17:23.607 INFO  <mkdb.Checkpoint> ---------------- begin ----------------
2026-07-04 22:17:23.607 INFO  <mkdb.Checkpoint> marshalN=1/0
2026-07-04 22:17:23.607 INFO  <mkdb.Checkpoint> snapshot=0 marshal0=0
2026-07-04 22:17:23.607 INFO  <mkdb.Checkpoint> flush=0
2026-07-04 22:17:23.607 INFO  <mkdb.Checkpoint> ----------------- end -----------------
2026-07-04 22:18:23.662 INFO  <mkdb.Checkpoint> ---------------- begin ----------------
2026-07-04 22:18:23.662 INFO  <mkdb.Checkpoint> marshalN=1/0
2026-07-04 22:18:23.662 INFO  <mkdb.Checkpoint> snapshot=0 marshal0=0
2026-07-04 22:18:23.662 INFO  <mkdb.Checkpoint> flush=0
2026-07-04 22:18:23.662 INFO  <mkdb.Checkpoint> ----------------- end -----------------
2026-07-04 22:19:23.716 INFO  <mkdb.Checkpoint> ---------------- begin ----------------
2026-07-04 22:19:23.716 INFO  <mkdb.Checkpoint> marshalN=1/0
2026-07-04 22:19:23.716 INFO  <mkdb.Checkpoint> snapshot=0 marshal0=0
2026-07-04 22:19:23.716 INFO  <mkdb.Checkpoint> flush=0
2026-07-04 22:19:23.716 INFO  <mkdb.Checkpoint> ----------------- end -----------------
2026-07-04 22:20:23.770 INFO  <mkdb.Checkpoint> ---------------- begin ----------------
2026-07-04 22:20:23.770 INFO  <mkdb.Checkpoint> marshalN=1/0
2026-07-04 22:20:23.770 INFO  <mkdb.Checkpoint> snapshot=0 marshal0=0
2026-07-04 22:20:23.770 INFO  <mkdb.Checkpoint> flush=0
2026-07-04 22:20:23.770 INFO  <mkdb.Checkpoint> ----------------- end -----------------
2026-07-04 22:21:23.838 INFO  <mkdb.Checkpoint> ---------------- begin ----------------
2026-07-04 22:21:23.838 INFO  <mkdb.Checkpoint> marshalN=1/0
2026-07-04 22:21:23.838 INFO  <mkdb.Checkpoint> snapshot=0 marshal0=0
2026-07-04 22:21:23.838 INFO  <mkdb.Checkpoint> flush=0
2026-07-04 22:21:23.838 INFO  <mkdb.Checkpoint> ----------------- end -----------------
2026-07-04 22:22:23.893 INFO  <mkdb.Checkpoint> ---------------- begin ----------------
2026-07-04 22:22:23.893 INFO  <mkdb.Checkpoint> marshalN=1/0
2026-07-04 22:22:23.894 INFO  <mkdb.Checkpoint> snapshot=0 marshal0=0
2026-07-04 22:22:23.894 INFO  <mkdb.Checkpoint> flush=0
2026-07-04 22:22:23.894 INFO  <mkdb.Checkpoint> ----------------- end -----------------
2026-07-04 22:23:23.965 INFO  <mkdb.Checkpoint> ---------------- begin ----------------
2026-07-04 22:23:23.965 INFO  <mkdb.Checkpoint> marshalN=1/0
2026-07-04 22:23:23.965 INFO  <mkdb.Checkpoint> snapshot=0 marshal0=0
2026-07-04 22:23:23.965 INFO  <mkdb.Checkpoint> flush=0
2026-07-04 22:23:23.965 INFO  <mkdb.Checkpoint> ----------------- end -----------------
2026-07-04 22:24:24.022 INFO  <mkdb.Checkpoint> ---------------- begin ----------------
2026-07-04 22:24:24.022 INFO  <mkdb.Checkpoint> marshalN=1/0
2026-07-04 22:24:24.022 INFO  <mkdb.Checkpoint> snapshot=0 marshal0=0
2026-07-04 22:24:24.022 INFO  <mkdb.Checkpoint> flush=0
2026-07-04 22:24:24.022 INFO  <mkdb.Checkpoint> ----------------- end -----------------
2026-07-04 22:25:24.077 INFO  <mkdb.Checkpoint> ---------------- begin ----------------
2026-07-04 22:25:24.077 INFO  <mkdb.Checkpoint> marshalN=1/0
2026-07-04 22:25:24.077 INFO  <mkdb.Checkpoint> snapshot=0 marshal0=0
2026-07-04 22:25:24.078 INFO  <mkdb.Checkpoint> flush=0
2026-07-04 22:25:24.078 INFO  <mkdb.Checkpoint> ----------------- end -----------------
2026-07-04 22:26:24.128 INFO  <mkdb.Checkpoint> ---------------- begin ----------------
2026-07-04 22:26:24.128 INFO  <mkdb.Checkpoint> marshalN=1/0
2026-07-04 22:26:24.128 INFO  <mkdb.Checkpoint> snapshot=0 marshal0=0
2026-07-04 22:26:24.128 INFO  <mkdb.Checkpoint> flush=0
2026-07-04 22:26:24.128 INFO  <mkdb.Checkpoint> ----------------- end -----------------
2026-07-04 22:27:24.176 INFO  <mkdb.Checkpoint> ---------------- begin ----------------
2026-07-04 22:27:24.176 INFO  <mkdb.Checkpoint> marshalN=1/0
2026-07-04 22:27:24.176 INFO  <mkdb.Checkpoint> snapshot=0 marshal0=0
2026-07-04 22:27:24.177 INFO  <mkdb.Checkpoint> flush=0
2026-07-04 22:27:24.177 INFO  <mkdb.Checkpoint> ----------------- end -----------------
2026-07-04 22:28:19.025 WARN  <mkdb.Backup> backup FULL begin
2026-07-04 22:28:19.026 WARN  <mkdb.Backup> backup FULL end
2026-07-04 22:28:24.230 INFO  <mkdb.Checkpoint> ---------------- begin ----------------
2026-07-04 22:28:24.230 INFO  <mkdb.Checkpoint> marshalN=1/0
2026-07-04 22:28:24.230 INFO  <mkdb.Checkpoint> snapshot=0 marshal0=0
2026-07-04 22:28:24.230 INFO  <mkdb.Checkpoint> flush=0
2026-07-04 22:28:24.230 INFO  <mkdb.Checkpoint> ----------------- end -----------------
2026-07-04 22:29:24.285 INFO  <mkdb.Checkpoint> ---------------- begin ----------------
2026-07-04 22:29:24.285 INFO  <mkdb.Checkpoint> marshalN=1/0
2026-07-04 22:29:24.285 INFO  <mkdb.Checkpoint> snapshot=0 marshal0=0
2026-07-04 22:29:24.285 INFO  <mkdb.Checkpoint> flush=0
2026-07-04 22:29:24.285 INFO  <mkdb.Checkpoint> ----------------- end -----------------
2026-07-04 22:30:24.345 INFO  <mkdb.Checkpoint> ---------------- begin ----------------
2026-07-04 22:30:24.345 INFO  <mkdb.Checkpoint> marshalN=1/0
2026-07-04 22:30:24.345 INFO  <mkdb.Checkpoint> snapshot=0 marshal0=0
2026-07-04 22:30:24.345 INFO  <mkdb.Checkpoint> flush=0
2026-07-04 22:30:24.345 INFO  <mkdb.Checkpoint> ----------------- end -----------------
2026-07-04 22:31:24.395 INFO  <mkdb.Checkpoint> ---------------- begin ----------------
2026-07-04 22:31:24.395 INFO  <mkdb.Checkpoint> marshalN=1/0
2026-07-04 22:31:24.395 INFO  <mkdb.Checkpoint> snapshot=0 marshal0=0
2026-07-04 22:31:24.395 INFO  <mkdb.Checkpoint> flush=0
2026-07-04 22:31:24.395 INFO  <mkdb.Checkpoint> ----------------- end -----------------
2026-07-04 22:32:24.446 INFO  <mkdb.Checkpoint> ---------------- begin ----------------
2026-07-04 22:32:24.446 INFO  <mkdb.Checkpoint> marshalN=1/0
2026-07-04 22:32:24.446 INFO  <mkdb.Checkpoint> snapshot=0 marshal0=0
2026-07-04 22:32:24.446 INFO  <mkdb.Checkpoint> flush=0
2026-07-04 22:32:24.446 INFO  <mkdb.Checkpoint> ----------------- end -----------------
2026-07-04 22:33:24.499 INFO  <mkdb.Checkpoint> ---------------- begin ----------------
2026-07-04 22:33:24.499 INFO  <mkdb.Checkpoint> marshalN=1/0
2026-07-04 22:33:24.499 INFO  <mkdb.Checkpoint> snapshot=0 marshal0=0
2026-07-04 22:33:24.499 INFO  <mkdb.Checkpoint> flush=0
2026-07-04 22:33:24.499 INFO  <mkdb.Checkpoint> ----------------- end -----------------
2026-07-04 22:34:24.555 INFO  <mkdb.Checkpoint> ---------------- begin ----------------
2026-07-04 22:34:24.555 INFO  <mkdb.Checkpoint> marshalN=1/0
2026-07-04 22:34:24.555 INFO  <mkdb.Checkpoint> snapshot=0 marshal0=0
2026-07-04 22:34:24.555 INFO  <mkdb.Checkpoint> flush=0
2026-07-04 22:34:24.555 INFO  <mkdb.Checkpoint> ----------------- end -----------------
2026-07-04 22:35:24.607 INFO  <mkdb.Checkpoint> ---------------- begin ----------------
2026-07-04 22:35:24.607 INFO  <mkdb.Checkpoint> marshalN=1/0
2026-07-04 22:35:24.607 INFO  <mkdb.Checkpoint> snapshot=0 marshal0=0
2026-07-04 22:35:24.607 INFO  <mkdb.Checkpoint> flush=0
2026-07-04 22:35:24.607 INFO  <mkdb.Checkpoint> ----------------- end -----------------
2026-07-04 22:36:24.659 INFO  <mkdb.Checkpoint> ---------------- begin ----------------
2026-07-04 22:36:24.659 INFO  <mkdb.Checkpoint> marshalN=1/0
2026-07-04 22:36:24.659 INFO  <mkdb.Checkpoint> snapshot=0 marshal0=0
2026-07-04 22:36:24.659 INFO  <mkdb.Checkpoint> flush=0
2026-07-04 22:36:24.659 INFO  <mkdb.Checkpoint> ----------------- end -----------------
2026-07-04 22:37:24.712 INFO  <mkdb.Checkpoint> ---------------- begin ----------------
2026-07-04 22:37:24.712 INFO  <mkdb.Checkpoint> marshalN=1/0
2026-07-04 22:37:24.712 INFO  <mkdb.Checkpoint> snapshot=0 marshal0=0
2026-07-04 22:37:24.712 INFO  <mkdb.Checkpoint> flush=0
2026-07-04 22:37:24.712 INFO  <mkdb.Checkpoint> ----------------- end -----------------
2026-07-04 22:38:24.768 INFO  <mkdb.Checkpoint> ---------------- begin ----------------
2026-07-04 22:38:24.768 INFO  <mkdb.Checkpoint> marshalN=1/0
2026-07-04 22:38:24.768 INFO  <mkdb.Checkpoint> snapshot=0 marshal0=0
2026-07-04 22:38:24.768 INFO  <mkdb.Checkpoint> flush=0
2026-07-04 22:38:24.768 INFO  <mkdb.Checkpoint> ----------------- end -----------------
2026-07-04 22:39:13.552 INFO  <mkdb.Worker.procedure.30> com.locojoy.ns.Exist(activeuser:1:1) result=5
2026-07-04 22:39:24.831 INFO  <mkdb.Checkpoint> ---------------- begin ----------------
2026-07-04 22:39:24.831 INFO  <mkdb.Checkpoint> marshalN=1/0
2026-07-04 22:39:24.831 INFO  <mkdb.Checkpoint> snapshot=0 marshal0=0
2026-07-04 22:39:24.831 INFO  <mkdb.Checkpoint> flush=0
2026-07-04 22:39:24.831 INFO  <mkdb.Checkpoint> ----------------- end -----------------
2026-07-04 22:40:24.885 INFO  <mkdb.Checkpoint> ---------------- begin ----------------
2026-07-04 22:40:24.885 INFO  <mkdb.Checkpoint> marshalN=1/0
2026-07-04 22:40:24.885 INFO  <mkdb.Checkpoint> snapshot=0 marshal0=0
2026-07-04 22:40:24.885 INFO  <mkdb.Checkpoint> flush=0
2026-07-04 22:40:24.885 INFO  <mkdb.Checkpoint> ----------------- end -----------------
2026-07-04 22:41:24.940 INFO  <mkdb.Checkpoint> ---------------- begin ----------------
2026-07-04 22:41:24.940 INFO  <mkdb.Checkpoint> marshalN=1/0
2026-07-04 22:41:24.940 INFO  <mkdb.Checkpoint> snapshot=0 marshal0=0
2026-07-04 22:41:24.940 INFO  <mkdb.Checkpoint> flush=0
2026-07-04 22:41:24.940 INFO  <mkdb.Checkpoint> ----------------- end -----------------
2026-07-04 22:42:24.996 INFO  <mkdb.Checkpoint> ---------------- begin ----------------
2026-07-04 22:42:24.996 INFO  <mkdb.Checkpoint> marshalN=1/0
2026-07-04 22:42:24.996 INFO  <mkdb.Checkpoint> snapshot=0 marshal0=0
2026-07-04 22:42:24.996 INFO  <mkdb.Checkpoint> flush=0
2026-07-04 22:42:24.996 INFO  <mkdb.Checkpoint> ----------------- end -----------------
2026-07-04 22:43:25.054 INFO  <mkdb.Checkpoint> ---------------- begin ----------------
2026-07-04 22:43:25.054 INFO  <mkdb.Checkpoint> marshalN=1/0
2026-07-04 22:43:25.054 INFO  <mkdb.Checkpoint> snapshot=0 marshal0=0
2026-07-04 22:43:25.054 INFO  <mkdb.Checkpoint> flush=0
2026-07-04 22:43:25.054 INFO  <mkdb.Checkpoint> ----------------- end -----------------
2026-07-04 22:44:25.112 INFO  <mkdb.Checkpoint> ---------------- begin ----------------
2026-07-04 22:44:25.112 INFO  <mkdb.Checkpoint> marshalN=1/0
2026-07-04 22:44:25.112 INFO  <mkdb.Checkpoint> snapshot=0 marshal0=0
2026-07-04 22:44:25.112 INFO  <mkdb.Checkpoint> flush=0
2026-07-04 22:44:25.112 INFO  <mkdb.Checkpoint> ----------------- end -----------------
2026-07-04 22:45:25.171 INFO  <mkdb.Checkpoint> ---------------- begin ----------------
2026-07-04 22:45:25.171 INFO  <mkdb.Checkpoint> marshalN=1/0
2026-07-04 22:45:25.171 INFO  <mkdb.Checkpoint> snapshot=0 marshal0=0
2026-07-04 22:45:25.171 INFO  <mkdb.Checkpoint> flush=0
2026-07-04 22:45:25.171 INFO  <mkdb.Checkpoint> ----------------- end -----------------
2026-07-04 22:46:25.230 INFO  <mkdb.Checkpoint> ---------------- begin ----------------
2026-07-04 22:46:25.230 INFO  <mkdb.Checkpoint> marshalN=1/0
2026-07-04 22:46:25.230 INFO  <mkdb.Checkpoint> snapshot=0 marshal0=0
2026-07-04 22:46:25.230 INFO  <mkdb.Checkpoint> flush=0
2026-07-04 22:46:25.230 INFO  <mkdb.Checkpoint> ----------------- end -----------------
2026-07-04 22:47:25.287 INFO  <mkdb.Checkpoint> ---------------- begin ----------------
2026-07-04 22:47:25.287 INFO  <mkdb.Checkpoint> marshalN=1/0
2026-07-04 22:47:25.287 INFO  <mkdb.Checkpoint> snapshot=0 marshal0=0
2026-07-04 22:47:25.287 INFO  <mkdb.Checkpoint> flush=0
2026-07-04 22:47:25.287 INFO  <mkdb.Checkpoint> ----------------- end -----------------
2026-07-04 22:48:25.346 INFO  <mkdb.Checkpoint> ---------------- begin ----------------
2026-07-04 22:48:25.346 INFO  <mkdb.Checkpoint> marshalN=1/0
2026-07-04 22:48:25.346 INFO  <mkdb.Checkpoint> snapshot=0 marshal0=0
2026-07-04 22:48:25.346 INFO  <mkdb.Checkpoint> flush=0
2026-07-04 22:48:25.346 INFO  <mkdb.Checkpoint> ----------------- end -----------------
2026-07-04 22:49:25.406 INFO  <mkdb.Checkpoint> ---------------- begin ----------------
2026-07-04 22:49:25.406 INFO  <mkdb.Checkpoint> marshalN=1/0
2026-07-04 22:49:25.406 INFO  <mkdb.Checkpoint> snapshot=0 marshal0=0
2026-07-04 22:49:25.406 INFO  <mkdb.Checkpoint> flush=0
2026-07-04 22:49:25.406 INFO  <mkdb.Checkpoint> ----------------- end -----------------
2026-07-04 22:50:25.461 INFO  <mkdb.Checkpoint> ---------------- begin ----------------
2026-07-04 22:50:25.461 INFO  <mkdb.Checkpoint> marshalN=1/0
2026-07-04 22:50:25.461 INFO  <mkdb.Checkpoint> snapshot=0 marshal0=0
2026-07-04 22:50:25.461 INFO  <mkdb.Checkpoint> flush=0
2026-07-04 22:50:25.461 INFO  <mkdb.Checkpoint> ----------------- end -----------------
2026-07-04 22:51:25.513 INFO  <mkdb.Checkpoint> ---------------- begin ----------------
2026-07-04 22:51:25.513 INFO  <mkdb.Checkpoint> marshalN=1/0
2026-07-04 22:51:25.513 INFO  <mkdb.Checkpoint> snapshot=0 marshal0=0
2026-07-04 22:51:25.513 INFO  <mkdb.Checkpoint> flush=0
2026-07-04 22:51:25.513 INFO  <mkdb.Checkpoint> ----------------- end -----------------
2026-07-04 22:52:25.565 INFO  <mkdb.Checkpoint> ---------------- begin ----------------
2026-07-04 22:52:25.566 INFO  <mkdb.Checkpoint> marshalN=1/0
2026-07-04 22:52:25.566 INFO  <mkdb.Checkpoint> snapshot=0 marshal0=0
2026-07-04 22:52:25.566 INFO  <mkdb.Checkpoint> flush=0
2026-07-04 22:52:25.566 INFO  <mkdb.Checkpoint> ----------------- end -----------------
2026-07-04 22:53:25.618 INFO  <mkdb.Checkpoint> ---------------- begin ----------------
2026-07-04 22:53:25.619 INFO  <mkdb.Checkpoint> marshalN=1/0
2026-07-04 22:53:25.619 INFO  <mkdb.Checkpoint> snapshot=0 marshal0=0
2026-07-04 22:53:25.619 INFO  <mkdb.Checkpoint> flush=0
2026-07-04 22:53:25.619 INFO  <mkdb.Checkpoint> ----------------- end -----------------
2026-07-04 22:54:25.668 INFO  <mkdb.Checkpoint> ---------------- begin ----------------
2026-07-04 22:54:25.668 INFO  <mkdb.Checkpoint> marshalN=1/0
2026-07-04 22:54:25.668 INFO  <mkdb.Checkpoint> snapshot=0 marshal0=0
2026-07-04 22:54:25.668 INFO  <mkdb.Checkpoint> flush=0
2026-07-04 22:54:25.668 INFO  <mkdb.Checkpoint> ----------------- end -----------------
2026-07-04 22:55:25.718 INFO  <mkdb.Checkpoint> ---------------- begin ----------------
2026-07-04 22:55:25.718 INFO  <mkdb.Checkpoint> marshalN=1/0
2026-07-04 22:55:25.718 INFO  <mkdb.Checkpoint> snapshot=0 marshal0=0
2026-07-04 22:55:25.718 INFO  <mkdb.Checkpoint> flush=0
2026-07-04 22:55:25.718 INFO  <mkdb.Checkpoint> ----------------- end -----------------
2026-07-04 22:56:25.771 INFO  <mkdb.Checkpoint> ---------------- begin ----------------
2026-07-04 22:56:25.771 INFO  <mkdb.Checkpoint> marshalN=1/0
2026-07-04 22:56:25.771 INFO  <mkdb.Checkpoint> snapshot=0 marshal0=0
2026-07-04 22:56:25.772 INFO  <mkdb.Checkpoint> flush=0
2026-07-04 22:56:25.772 INFO  <mkdb.Checkpoint> ----------------- end -----------------
2026-07-04 22:57:25.823 INFO  <mkdb.Checkpoint> ---------------- begin ----------------
2026-07-04 22:57:25.823 INFO  <mkdb.Checkpoint> marshalN=1/0
2026-07-04 22:57:25.823 INFO  <mkdb.Checkpoint> snapshot=0 marshal0=0
2026-07-04 22:57:25.823 INFO  <mkdb.Checkpoint> flush=0
2026-07-04 22:57:25.823 INFO  <mkdb.Checkpoint> ----------------- end -----------------
2026-07-04 22:58:25.874 INFO  <mkdb.Checkpoint> ---------------- begin ----------------
2026-07-04 22:58:25.874 INFO  <mkdb.Checkpoint> marshalN=1/0
2026-07-04 22:58:25.874 INFO  <mkdb.Checkpoint> snapshot=0 marshal0=0
2026-07-04 22:58:25.874 INFO  <mkdb.Checkpoint> flush=0
2026-07-04 22:58:25.874 INFO  <mkdb.Checkpoint> ----------------- end -----------------
2026-07-04 22:59:25.926 INFO  <mkdb.Checkpoint> ---------------- begin ----------------
2026-07-04 22:59:25.926 INFO  <mkdb.Checkpoint> marshalN=1/0
2026-07-04 22:59:25.926 INFO  <mkdb.Checkpoint> snapshot=0 marshal0=0
2026-07-04 22:59:25.926 INFO  <mkdb.Checkpoint> flush=0
2026-07-04 22:59:25.926 INFO  <mkdb.Checkpoint> ----------------- end -----------------
2026-07-04 23:00:25.977 INFO  <mkdb.Checkpoint> ---------------- begin ----------------
2026-07-04 23:00:25.977 INFO  <mkdb.Checkpoint> marshalN=1/0
2026-07-04 23:00:25.977 INFO  <mkdb.Checkpoint> snapshot=0 marshal0=0
2026-07-04 23:00:25.977 INFO  <mkdb.Checkpoint> flush=0
2026-07-04 23:00:25.977 INFO  <mkdb.Checkpoint> ----------------- end -----------------
2026-07-04 23:01:26.040 INFO  <mkdb.Checkpoint> ---------------- begin ----------------
2026-07-04 23:01:26.040 INFO  <mkdb.Checkpoint> marshalN=1/0
2026-07-04 23:01:26.040 INFO  <mkdb.Checkpoint> snapshot=0 marshal0=0
2026-07-04 23:01:26.040 INFO  <mkdb.Checkpoint> flush=0
2026-07-04 23:01:26.040 INFO  <mkdb.Checkpoint> ----------------- end -----------------
2026-07-04 23:02:26.094 INFO  <mkdb.Checkpoint> ---------------- begin ----------------
2026-07-04 23:02:26.095 INFO  <mkdb.Checkpoint> marshalN=1/0
2026-07-04 23:02:26.095 INFO  <mkdb.Checkpoint> snapshot=0 marshal0=0
2026-07-04 23:02:26.095 INFO  <mkdb.Checkpoint> flush=0
2026-07-04 23:02:26.095 INFO  <mkdb.Checkpoint> ----------------- end -----------------
2026-07-04 23:03:26.151 INFO  <mkdb.Checkpoint> ---------------- begin ----------------
2026-07-04 23:03:26.151 INFO  <mkdb.Checkpoint> marshalN=1/0
2026-07-04 23:03:26.151 INFO  <mkdb.Checkpoint> snapshot=0 marshal0=0
2026-07-04 23:03:26.151 INFO  <mkdb.Checkpoint> flush=0
2026-07-04 23:03:26.151 INFO  <mkdb.Checkpoint> ----------------- end -----------------
2026-07-04 23:04:26.209 INFO  <mkdb.Checkpoint> ---------------- begin ----------------
2026-07-04 23:04:26.210 INFO  <mkdb.Checkpoint> marshalN=1/0
2026-07-04 23:04:26.210 INFO  <mkdb.Checkpoint> snapshot=0 marshal0=0
2026-07-04 23:04:26.210 INFO  <mkdb.Checkpoint> flush=0
2026-07-04 23:04:26.210 INFO  <mkdb.Checkpoint> ----------------- end -----------------
2026-07-04 23:05:26.265 INFO  <mkdb.Checkpoint> ---------------- begin ----------------
2026-07-04 23:05:26.265 INFO  <mkdb.Checkpoint> marshalN=1/0
2026-07-04 23:05:26.265 INFO  <mkdb.Checkpoint> snapshot=0 marshal0=0
2026-07-04 23:05:26.265 INFO  <mkdb.Checkpoint> flush=0
2026-07-04 23:05:26.265 INFO  <mkdb.Checkpoint> ----------------- end -----------------
2026-07-04 23:06:26.320 INFO  <mkdb.Checkpoint> ---------------- begin ----------------
2026-07-04 23:06:26.321 INFO  <mkdb.Checkpoint> marshalN=1/0
2026-07-04 23:06:26.321 INFO  <mkdb.Checkpoint> snapshot=0 marshal0=0
2026-07-04 23:06:26.321 INFO  <mkdb.Checkpoint> flush=0
2026-07-04 23:06:26.321 INFO  <mkdb.Checkpoint> ----------------- end -----------------
2026-07-04 23:07:26.373 INFO  <mkdb.Checkpoint> ---------------- begin ----------------
2026-07-04 23:07:26.373 INFO  <mkdb.Checkpoint> marshalN=1/0
2026-07-04 23:07:26.373 INFO  <mkdb.Checkpoint> snapshot=0 marshal0=0
2026-07-04 23:07:26.373 INFO  <mkdb.Checkpoint> flush=0
2026-07-04 23:07:26.373 INFO  <mkdb.Checkpoint> ----------------- end -----------------
2026-07-04 23:08:26.436 INFO  <mkdb.Checkpoint> ---------------- begin ----------------
2026-07-04 23:08:26.436 INFO  <mkdb.Checkpoint> marshalN=1/0
2026-07-04 23:08:26.436 INFO  <mkdb.Checkpoint> snapshot=0 marshal0=0
2026-07-04 23:08:26.436 INFO  <mkdb.Checkpoint> flush=0
2026-07-04 23:08:26.436 INFO  <mkdb.Checkpoint> ----------------- end -----------------
2026-07-04 23:09:26.492 INFO  <mkdb.Checkpoint> ---------------- begin ----------------
2026-07-04 23:09:26.492 INFO  <mkdb.Checkpoint> marshalN=1/0
2026-07-04 23:09:26.492 INFO  <mkdb.Checkpoint> snapshot=0 marshal0=0
2026-07-04 23:09:26.492 INFO  <mkdb.Checkpoint> flush=0
2026-07-04 23:09:26.492 INFO  <mkdb.Checkpoint> ----------------- end -----------------
2026-07-04 23:10:26.549 INFO  <mkdb.Checkpoint> ---------------- begin ----------------
2026-07-04 23:10:26.549 INFO  <mkdb.Checkpoint> marshalN=1/0
2026-07-04 23:10:26.549 INFO  <mkdb.Checkpoint> snapshot=0 marshal0=0
2026-07-04 23:10:26.549 INFO  <mkdb.Checkpoint> flush=0
2026-07-04 23:10:26.549 INFO  <mkdb.Checkpoint> ----------------- end -----------------
2026-07-04 23:11:26.606 INFO  <mkdb.Checkpoint> ---------------- begin ----------------
2026-07-04 23:11:26.606 INFO  <mkdb.Checkpoint> marshalN=1/0
2026-07-04 23:11:26.606 INFO  <mkdb.Checkpoint> snapshot=0 marshal0=0
2026-07-04 23:11:26.606 INFO  <mkdb.Checkpoint> flush=0
2026-07-04 23:11:26.606 INFO  <mkdb.Checkpoint> ----------------- end -----------------
2026-07-04 23:12:26.664 INFO  <mkdb.Checkpoint> ---------------- begin ----------------
2026-07-04 23:12:26.664 INFO  <mkdb.Checkpoint> marshalN=1/0
2026-07-04 23:12:26.664 INFO  <mkdb.Checkpoint> snapshot=0 marshal0=0
2026-07-04 23:12:26.664 INFO  <mkdb.Checkpoint> flush=0
2026-07-04 23:12:26.664 INFO  <mkdb.Checkpoint> ----------------- end -----------------
2026-07-04 23:13:26.720 INFO  <mkdb.Checkpoint> ---------------- begin ----------------
2026-07-04 23:13:26.720 INFO  <mkdb.Checkpoint> marshalN=1/0
2026-07-04 23:13:26.720 INFO  <mkdb.Checkpoint> snapshot=0 marshal0=0
2026-07-04 23:13:26.720 INFO  <mkdb.Checkpoint> flush=0
2026-07-04 23:13:26.720 INFO  <mkdb.Checkpoint> ----------------- end -----------------
2026-07-04 23:14:26.773 INFO  <mkdb.Checkpoint> ---------------- begin ----------------
2026-07-04 23:14:26.773 INFO  <mkdb.Checkpoint> marshalN=1/0
2026-07-04 23:14:26.773 INFO  <mkdb.Checkpoint> snapshot=0 marshal0=0
2026-07-04 23:14:26.773 INFO  <mkdb.Checkpoint> flush=0
2026-07-04 23:14:26.773 INFO  <mkdb.Checkpoint> ----------------- end -----------------
2026-07-04 23:15:26.825 INFO  <mkdb.Checkpoint> ---------------- begin ----------------
2026-07-04 23:15:26.825 INFO  <mkdb.Checkpoint> marshalN=1/0
2026-07-04 23:15:26.825 INFO  <mkdb.Checkpoint> snapshot=0 marshal0=0
2026-07-04 23:15:26.825 INFO  <mkdb.Checkpoint> flush=0
2026-07-04 23:15:26.825 INFO  <mkdb.Checkpoint> ----------------- end -----------------
2026-07-04 23:16:26.876 INFO  <mkdb.Checkpoint> ---------------- begin ----------------
2026-07-04 23:16:26.876 INFO  <mkdb.Checkpoint> marshalN=1/0
2026-07-04 23:16:26.876 INFO  <mkdb.Checkpoint> snapshot=0 marshal0=0
2026-07-04 23:16:26.876 INFO  <mkdb.Checkpoint> flush=0
2026-07-04 23:16:26.876 INFO  <mkdb.Checkpoint> ----------------- end -----------------
2026-07-04 23:17:26.930 INFO  <mkdb.Checkpoint> ---------------- begin ----------------
2026-07-04 23:17:26.930 INFO  <mkdb.Checkpoint> marshalN=1/0
2026-07-04 23:17:26.930 INFO  <mkdb.Checkpoint> snapshot=0 marshal0=0
2026-07-04 23:17:26.930 INFO  <mkdb.Checkpoint> flush=0
2026-07-04 23:17:26.930 INFO  <mkdb.Checkpoint> ----------------- end -----------------
2026-07-04 23:18:26.983 INFO  <mkdb.Checkpoint> ---------------- begin ----------------
2026-07-04 23:18:26.983 INFO  <mkdb.Checkpoint> marshalN=1/0
2026-07-04 23:18:26.983 INFO  <mkdb.Checkpoint> snapshot=0 marshal0=0
2026-07-04 23:18:26.983 INFO  <mkdb.Checkpoint> flush=0
2026-07-04 23:18:26.983 INFO  <mkdb.Checkpoint> ----------------- end -----------------
2026-07-04 23:19:27.044 INFO  <mkdb.Checkpoint> ---------------- begin ----------------
2026-07-04 23:19:27.044 INFO  <mkdb.Checkpoint> marshalN=1/0
2026-07-04 23:19:27.044 INFO  <mkdb.Checkpoint> snapshot=0 marshal0=0
2026-07-04 23:19:27.044 INFO  <mkdb.Checkpoint> flush=0
2026-07-04 23:19:27.044 INFO  <mkdb.Checkpoint> ----------------- end -----------------
2026-07-04 23:20:27.095 INFO  <mkdb.Checkpoint> ---------------- begin ----------------
2026-07-04 23:20:27.095 INFO  <mkdb.Checkpoint> marshalN=1/0
2026-07-04 23:20:27.095 INFO  <mkdb.Checkpoint> snapshot=0 marshal0=0
2026-07-04 23:20:27.096 INFO  <mkdb.Checkpoint> flush=0
2026-07-04 23:20:27.096 INFO  <mkdb.Checkpoint> ----------------- end -----------------
2026-07-04 23:21:27.147 INFO  <mkdb.Checkpoint> ---------------- begin ----------------
2026-07-04 23:21:27.147 INFO  <mkdb.Checkpoint> marshalN=1/0
2026-07-04 23:21:27.147 INFO  <mkdb.Checkpoint> snapshot=0 marshal0=0
2026-07-04 23:21:27.147 INFO  <mkdb.Checkpoint> flush=0
2026-07-04 23:21:27.147 INFO  <mkdb.Checkpoint> ----------------- end -----------------
2026-07-04 23:22:27.199 INFO  <mkdb.Checkpoint> ---------------- begin ----------------
2026-07-04 23:22:27.199 INFO  <mkdb.Checkpoint> marshalN=1/0
2026-07-04 23:22:27.199 INFO  <mkdb.Checkpoint> snapshot=0 marshal0=0
2026-07-04 23:22:27.199 INFO  <mkdb.Checkpoint> flush=0
2026-07-04 23:22:27.199 INFO  <mkdb.Checkpoint> ----------------- end -----------------
2026-07-04 23:23:27.249 INFO  <mkdb.Checkpoint> ---------------- begin ----------------
2026-07-04 23:23:27.249 INFO  <mkdb.Checkpoint> marshalN=1/0
2026-07-04 23:23:27.249 INFO  <mkdb.Checkpoint> snapshot=0 marshal0=0
2026-07-04 23:23:27.249 INFO  <mkdb.Checkpoint> flush=0
2026-07-04 23:23:27.249 INFO  <mkdb.Checkpoint> ----------------- end -----------------
2026-07-04 23:24:27.301 INFO  <mkdb.Checkpoint> ---------------- begin ----------------
2026-07-04 23:24:27.301 INFO  <mkdb.Checkpoint> marshalN=1/0
2026-07-04 23:24:27.301 INFO  <mkdb.Checkpoint> snapshot=0 marshal0=0
2026-07-04 23:24:27.301 INFO  <mkdb.Checkpoint> flush=0
2026-07-04 23:24:27.301 INFO  <mkdb.Checkpoint> ----------------- end -----------------
2026-07-04 23:25:27.354 INFO  <mkdb.Checkpoint> ---------------- begin ----------------
2026-07-04 23:25:27.354 INFO  <mkdb.Checkpoint> marshalN=1/0
2026-07-04 23:25:27.354 INFO  <mkdb.Checkpoint> snapshot=0 marshal0=0
2026-07-04 23:25:27.354 INFO  <mkdb.Checkpoint> flush=0
2026-07-04 23:25:27.354 INFO  <mkdb.Checkpoint> ----------------- end -----------------
2026-07-04 23:26:27.405 INFO  <mkdb.Checkpoint> ---------------- begin ----------------
2026-07-04 23:26:27.405 INFO  <mkdb.Checkpoint> marshalN=1/0
2026-07-04 23:26:27.405 INFO  <mkdb.Checkpoint> snapshot=0 marshal0=0
2026-07-04 23:26:27.405 INFO  <mkdb.Checkpoint> flush=0
2026-07-04 23:26:27.405 INFO  <mkdb.Checkpoint> ----------------- end -----------------
2026-07-04 23:27:24.053 WARN  <mkdb.Backup> backup FULL begin
2026-07-04 23:27:24.054 WARN  <mkdb.Backup> backup FULL end
2026-07-04 23:27:27.456 INFO  <mkdb.Checkpoint> ---------------- begin ----------------
2026-07-04 23:27:27.456 INFO  <mkdb.Checkpoint> marshalN=1/0
2026-07-04 23:27:27.456 INFO  <mkdb.Checkpoint> snapshot=0 marshal0=0
2026-07-04 23:27:27.456 INFO  <mkdb.Checkpoint> flush=0
2026-07-04 23:27:27.456 INFO  <mkdb.Checkpoint> ----------------- end -----------------
2026-07-04 23:28:27.509 INFO  <mkdb.Checkpoint> ---------------- begin ----------------
2026-07-04 23:28:27.509 INFO  <mkdb.Checkpoint> marshalN=1/0
2026-07-04 23:28:27.509 INFO  <mkdb.Checkpoint> snapshot=0 marshal0=0
2026-07-04 23:28:27.509 INFO  <mkdb.Checkpoint> flush=0
2026-07-04 23:28:27.509 INFO  <mkdb.Checkpoint> ----------------- end -----------------
2026-07-04 23:29:27.567 INFO  <mkdb.Checkpoint> ---------------- begin ----------------
2026-07-04 23:29:27.567 INFO  <mkdb.Checkpoint> marshalN=1/0
2026-07-04 23:29:27.567 INFO  <mkdb.Checkpoint> snapshot=0 marshal0=0
2026-07-04 23:29:27.567 INFO  <mkdb.Checkpoint> flush=0
2026-07-04 23:29:27.567 INFO  <mkdb.Checkpoint> ----------------- end -----------------
2026-07-04 23:30:27.618 INFO  <mkdb.Checkpoint> ---------------- begin ----------------
2026-07-04 23:30:27.618 INFO  <mkdb.Checkpoint> marshalN=1/0
2026-07-04 23:30:27.618 INFO  <mkdb.Checkpoint> snapshot=0 marshal0=0
2026-07-04 23:30:27.618 INFO  <mkdb.Checkpoint> flush=0
2026-07-04 23:30:27.618 INFO  <mkdb.Checkpoint> ----------------- end -----------------
2026-07-04 23:31:27.668 INFO  <mkdb.Checkpoint> ---------------- begin ----------------
2026-07-04 23:31:27.668 INFO  <mkdb.Checkpoint> marshalN=1/0
2026-07-04 23:31:27.668 INFO  <mkdb.Checkpoint> snapshot=0 marshal0=0
2026-07-04 23:31:27.668 INFO  <mkdb.Checkpoint> flush=0
2026-07-04 23:31:27.668 INFO  <mkdb.Checkpoint> ----------------- end -----------------
2026-07-04 23:32:27.719 INFO  <mkdb.Checkpoint> ---------------- begin ----------------
2026-07-04 23:32:27.720 INFO  <mkdb.Checkpoint> marshalN=1/0
2026-07-04 23:32:27.720 INFO  <mkdb.Checkpoint> snapshot=0 marshal0=0
2026-07-04 23:32:27.720 INFO  <mkdb.Checkpoint> flush=0
2026-07-04 23:32:27.720 INFO  <mkdb.Checkpoint> ----------------- end -----------------
2026-07-04 23:33:27.778 INFO  <mkdb.Checkpoint> ---------------- begin ----------------
2026-07-04 23:33:27.778 INFO  <mkdb.Checkpoint> marshalN=1/0
2026-07-04 23:33:27.778 INFO  <mkdb.Checkpoint> snapshot=0 marshal0=0
2026-07-04 23:33:27.778 INFO  <mkdb.Checkpoint> flush=0
2026-07-04 23:33:27.778 INFO  <mkdb.Checkpoint> ----------------- end -----------------
2026-07-04 23:34:27.832 INFO  <mkdb.Checkpoint> ---------------- begin ----------------
2026-07-04 23:34:27.832 INFO  <mkdb.Checkpoint> marshalN=1/0
2026-07-04 23:34:27.832 INFO  <mkdb.Checkpoint> snapshot=0 marshal0=0
2026-07-04 23:34:27.832 INFO  <mkdb.Checkpoint> flush=0
2026-07-04 23:34:27.832 INFO  <mkdb.Checkpoint> ----------------- end -----------------
2026-07-04 23:35:27.886 INFO  <mkdb.Checkpoint> ---------------- begin ----------------
2026-07-04 23:35:27.886 INFO  <mkdb.Checkpoint> marshalN=1/0
2026-07-04 23:35:27.886 INFO  <mkdb.Checkpoint> snapshot=0 marshal0=0
2026-07-04 23:35:27.886 INFO  <mkdb.Checkpoint> flush=0
2026-07-04 23:35:27.886 INFO  <mkdb.Checkpoint> ----------------- end -----------------
2026-07-04 23:36:27.941 INFO  <mkdb.Checkpoint> ---------------- begin ----------------
2026-07-04 23:36:27.941 INFO  <mkdb.Checkpoint> marshalN=1/0
2026-07-04 23:36:27.941 INFO  <mkdb.Checkpoint> snapshot=0 marshal0=0
2026-07-04 23:36:27.941 INFO  <mkdb.Checkpoint> flush=0
2026-07-04 23:36:27.941 INFO  <mkdb.Checkpoint> ----------------- end -----------------
2026-07-04 23:37:27.997 INFO  <mkdb.Checkpoint> ---------------- begin ----------------
2026-07-04 23:37:27.997 INFO  <mkdb.Checkpoint> marshalN=1/0
2026-07-04 23:37:27.997 INFO  <mkdb.Checkpoint> snapshot=0 marshal0=0
2026-07-04 23:37:27.997 INFO  <mkdb.Checkpoint> flush=0
2026-07-04 23:37:27.997 INFO  <mkdb.Checkpoint> ----------------- end -----------------
2026-07-04 23:38:28.053 INFO  <mkdb.Checkpoint> ---------------- begin ----------------
2026-07-04 23:38:28.053 INFO  <mkdb.Checkpoint> marshalN=1/0
2026-07-04 23:38:28.053 INFO  <mkdb.Checkpoint> snapshot=0 marshal0=0
2026-07-04 23:38:28.053 INFO  <mkdb.Checkpoint> flush=0
2026-07-04 23:38:28.053 INFO  <mkdb.Checkpoint> ----------------- end -----------------
2026-07-04 23:39:28.113 INFO  <mkdb.Checkpoint> ---------------- begin ----------------
2026-07-04 23:39:28.113 INFO  <mkdb.Checkpoint> marshalN=1/0
2026-07-04 23:39:28.113 INFO  <mkdb.Checkpoint> snapshot=0 marshal0=0
2026-07-04 23:39:28.113 INFO  <mkdb.Checkpoint> flush=0
2026-07-04 23:39:28.113 INFO  <mkdb.Checkpoint> ----------------- end -----------------
2026-07-04 23:40:28.169 INFO  <mkdb.Checkpoint> ---------------- begin ----------------
2026-07-04 23:40:28.169 INFO  <mkdb.Checkpoint> marshalN=1/0
2026-07-04 23:40:28.169 INFO  <mkdb.Checkpoint> snapshot=0 marshal0=0
2026-07-04 23:40:28.169 INFO  <mkdb.Checkpoint> flush=0
2026-07-04 23:40:28.169 INFO  <mkdb.Checkpoint> ----------------- end -----------------
2026-07-04 23:41:28.224 INFO  <mkdb.Checkpoint> ---------------- begin ----------------
2026-07-04 23:41:28.224 INFO  <mkdb.Checkpoint> marshalN=1/0
2026-07-04 23:41:28.224 INFO  <mkdb.Checkpoint> snapshot=0 marshal0=0
2026-07-04 23:41:28.224 INFO  <mkdb.Checkpoint> flush=0
2026-07-04 23:41:28.224 INFO  <mkdb.Checkpoint> ----------------- end -----------------
2026-07-04 23:42:28.280 INFO  <mkdb.Checkpoint> ---------------- begin ----------------
2026-07-04 23:42:28.280 INFO  <mkdb.Checkpoint> marshalN=1/0
2026-07-04 23:42:28.280 INFO  <mkdb.Checkpoint> snapshot=0 marshal0=0
2026-07-04 23:42:28.280 INFO  <mkdb.Checkpoint> flush=0
2026-07-04 23:42:28.280 INFO  <mkdb.Checkpoint> ----------------- end -----------------
2026-07-04 23:43:28.335 INFO  <mkdb.Checkpoint> ---------------- begin ----------------
2026-07-04 23:43:28.335 INFO  <mkdb.Checkpoint> marshalN=1/0
2026-07-04 23:43:28.336 INFO  <mkdb.Checkpoint> snapshot=0 marshal0=0
2026-07-04 23:43:28.336 INFO  <mkdb.Checkpoint> flush=0
2026-07-04 23:43:28.336 INFO  <mkdb.Checkpoint> ----------------- end -----------------
2026-07-04 23:44:28.391 INFO  <mkdb.Checkpoint> ---------------- begin ----------------
2026-07-04 23:44:28.391 INFO  <mkdb.Checkpoint> marshalN=1/0
2026-07-04 23:44:28.391 INFO  <mkdb.Checkpoint> snapshot=0 marshal0=0
2026-07-04 23:44:28.391 INFO  <mkdb.Checkpoint> flush=0
2026-07-04 23:44:28.391 INFO  <mkdb.Checkpoint> ----------------- end -----------------
2026-07-04 23:45:28.465 INFO  <mkdb.Checkpoint> ---------------- begin ----------------
2026-07-04 23:45:28.465 INFO  <mkdb.Checkpoint> marshalN=1/0
2026-07-04 23:45:28.465 INFO  <mkdb.Checkpoint> snapshot=0 marshal0=0
2026-07-04 23:45:28.465 INFO  <mkdb.Checkpoint> flush=0
2026-07-04 23:45:28.465 INFO  <mkdb.Checkpoint> ----------------- end -----------------
2026-07-04 23:46:28.522 INFO  <mkdb.Checkpoint> ---------------- begin ----------------
2026-07-04 23:46:28.522 INFO  <mkdb.Checkpoint> marshalN=1/0
2026-07-04 23:46:28.522 INFO  <mkdb.Checkpoint> snapshot=0 marshal0=0
2026-07-04 23:46:28.522 INFO  <mkdb.Checkpoint> flush=0
2026-07-04 23:46:28.522 INFO  <mkdb.Checkpoint> ----------------- end -----------------
2026-07-04 23:47:28.578 INFO  <mkdb.Checkpoint> ---------------- begin ----------------
2026-07-04 23:47:28.579 INFO  <mkdb.Checkpoint> marshalN=1/0
2026-07-04 23:47:28.579 INFO  <mkdb.Checkpoint> snapshot=0 marshal0=0
2026-07-04 23:47:28.579 INFO  <mkdb.Checkpoint> flush=0
2026-07-04 23:47:28.579 INFO  <mkdb.Checkpoint> ----------------- end -----------------
2026-07-04 23:48:28.632 INFO  <mkdb.Checkpoint> ---------------- begin ----------------
2026-07-04 23:48:28.632 INFO  <mkdb.Checkpoint> marshalN=1/0
2026-07-04 23:48:28.632 INFO  <mkdb.Checkpoint> snapshot=0 marshal0=0
2026-07-04 23:48:28.632 INFO  <mkdb.Checkpoint> flush=0
2026-07-04 23:48:28.632 INFO  <mkdb.Checkpoint> ----------------- end -----------------
2026-07-04 23:49:28.687 INFO  <mkdb.Checkpoint> ---------------- begin ----------------
2026-07-04 23:49:28.687 INFO  <mkdb.Checkpoint> marshalN=1/0
2026-07-04 23:49:28.687 INFO  <mkdb.Checkpoint> snapshot=0 marshal0=0
2026-07-04 23:49:28.687 INFO  <mkdb.Checkpoint> flush=0
2026-07-04 23:49:28.687 INFO  <mkdb.Checkpoint> ----------------- end -----------------
2026-07-04 23:50:28.738 INFO  <mkdb.Checkpoint> ---------------- begin ----------------
2026-07-04 23:50:28.738 INFO  <mkdb.Checkpoint> marshalN=1/0
2026-07-04 23:50:28.738 INFO  <mkdb.Checkpoint> snapshot=0 marshal0=0
2026-07-04 23:50:28.738 INFO  <mkdb.Checkpoint> flush=0
2026-07-04 23:50:28.738 INFO  <mkdb.Checkpoint> ----------------- end -----------------
2026-07-04 23:51:28.794 INFO  <mkdb.Checkpoint> ---------------- begin ----------------
2026-07-04 23:51:28.794 INFO  <mkdb.Checkpoint> marshalN=1/0
2026-07-04 23:51:28.794 INFO  <mkdb.Checkpoint> snapshot=0 marshal0=0
2026-07-04 23:51:28.794 INFO  <mkdb.Checkpoint> flush=0
2026-07-04 23:51:28.794 INFO  <mkdb.Checkpoint> ----------------- end -----------------
2026-07-04 23:52:28.849 INFO  <mkdb.Checkpoint> ---------------- begin ----------------
2026-07-04 23:52:28.849 INFO  <mkdb.Checkpoint> marshalN=1/0
2026-07-04 23:52:28.849 INFO  <mkdb.Checkpoint> snapshot=0 marshal0=0
2026-07-04 23:52:28.849 INFO  <mkdb.Checkpoint> flush=0
2026-07-04 23:52:28.849 INFO  <mkdb.Checkpoint> ----------------- end -----------------
2026-07-04 23:53:28.902 INFO  <mkdb.Checkpoint> ---------------- begin ----------------
2026-07-04 23:53:28.902 INFO  <mkdb.Checkpoint> marshalN=1/0
2026-07-04 23:53:28.902 INFO  <mkdb.Checkpoint> snapshot=0 marshal0=0
2026-07-04 23:53:28.902 INFO  <mkdb.Checkpoint> flush=0
2026-07-04 23:53:28.902 INFO  <mkdb.Checkpoint> ----------------- end -----------------
2026-07-04 23:54:28.958 INFO  <mkdb.Checkpoint> ---------------- begin ----------------
2026-07-04 23:54:28.958 INFO  <mkdb.Checkpoint> marshalN=1/0
2026-07-04 23:54:28.958 INFO  <mkdb.Checkpoint> snapshot=0 marshal0=0
2026-07-04 23:54:28.958 INFO  <mkdb.Checkpoint> flush=0
2026-07-04 23:54:28.958 INFO  <mkdb.Checkpoint> ----------------- end -----------------
2026-07-04 23:55:29.015 INFO  <mkdb.Checkpoint> ---------------- begin ----------------
2026-07-04 23:55:29.015 INFO  <mkdb.Checkpoint> marshalN=1/0
2026-07-04 23:55:29.015 INFO  <mkdb.Checkpoint> snapshot=0 marshal0=0
2026-07-04 23:55:29.015 INFO  <mkdb.Checkpoint> flush=0
2026-07-04 23:55:29.015 INFO  <mkdb.Checkpoint> ----------------- end -----------------
2026-07-04 23:56:29.073 INFO  <mkdb.Checkpoint> ---------------- begin ----------------
2026-07-04 23:56:29.073 INFO  <mkdb.Checkpoint> marshalN=1/0
2026-07-04 23:56:29.073 INFO  <mkdb.Checkpoint> snapshot=0 marshal0=0
2026-07-04 23:56:29.073 INFO  <mkdb.Checkpoint> flush=0
2026-07-04 23:56:29.073 INFO  <mkdb.Checkpoint> ----------------- end -----------------
2026-07-04 23:57:29.127 INFO  <mkdb.Checkpoint> ---------------- begin ----------------
2026-07-04 23:57:29.127 INFO  <mkdb.Checkpoint> marshalN=1/0
2026-07-04 23:57:29.127 INFO  <mkdb.Checkpoint> snapshot=0 marshal0=0
2026-07-04 23:57:29.127 INFO  <mkdb.Checkpoint> flush=0
2026-07-04 23:57:29.127 INFO  <mkdb.Checkpoint> ----------------- end -----------------
2026-07-04 23:58:29.184 INFO  <mkdb.Checkpoint> ---------------- begin ----------------
2026-07-04 23:58:29.184 INFO  <mkdb.Checkpoint> marshalN=1/0
2026-07-04 23:58:29.184 INFO  <mkdb.Checkpoint> snapshot=0 marshal0=0
2026-07-04 23:58:29.184 INFO  <mkdb.Checkpoint> flush=0
2026-07-04 23:58:29.184 INFO  <mkdb.Checkpoint> ----------------- end -----------------
2026-07-04 23:59:29.241 INFO  <mkdb.Checkpoint> ---------------- begin ----------------
2026-07-04 23:59:29.241 INFO  <mkdb.Checkpoint> marshalN=1/0
2026-07-04 23:59:29.241 INFO  <mkdb.Checkpoint> snapshot=0 marshal0=0
2026-07-04 23:59:29.241 INFO  <mkdb.Checkpoint> flush=0
2026-07-04 23:59:29.241 INFO  <mkdb.Checkpoint> ----------------- end -----------------
2026-07-05 00:00:29.296 INFO  <mkdb.Checkpoint> ---------------- begin ----------------
2026-07-05 00:00:29.296 INFO  <mkdb.Checkpoint> marshalN=1/0
2026-07-05 00:00:29.296 INFO  <mkdb.Checkpoint> snapshot=0 marshal0=0
2026-07-05 00:00:29.296 INFO  <mkdb.Checkpoint> flush=0
2026-07-05 00:00:29.296 INFO  <mkdb.Checkpoint> ----------------- end -----------------
2026-07-05 00:01:29.352 INFO  <mkdb.Checkpoint> ---------------- begin ----------------
2026-07-05 00:01:29.352 INFO  <mkdb.Checkpoint> marshalN=1/0
2026-07-05 00:01:29.352 INFO  <mkdb.Checkpoint> snapshot=0 marshal0=0
2026-07-05 00:01:29.352 INFO  <mkdb.Checkpoint> flush=0
2026-07-05 00:01:29.352 INFO  <mkdb.Checkpoint> ----------------- end -----------------
2026-07-05 00:02:29.407 INFO  <mkdb.Checkpoint> ---------------- begin ----------------
2026-07-05 00:02:29.407 INFO  <mkdb.Checkpoint> marshalN=1/0
2026-07-05 00:02:29.407 INFO  <mkdb.Checkpoint> snapshot=0 marshal0=0
2026-07-05 00:02:29.407 INFO  <mkdb.Checkpoint> flush=0
2026-07-05 00:02:29.407 INFO  <mkdb.Checkpoint> ----------------- end -----------------
2026-07-05 00:03:29.465 INFO  <mkdb.Checkpoint> ---------------- begin ----------------
2026-07-05 00:03:29.465 INFO  <mkdb.Checkpoint> marshalN=1/0
2026-07-05 00:03:29.465 INFO  <mkdb.Checkpoint> snapshot=0 marshal0=0
2026-07-05 00:03:29.465 INFO  <mkdb.Checkpoint> flush=0
2026-07-05 00:03:29.465 INFO  <mkdb.Checkpoint> ----------------- end -----------------
2026-07-05 00:04:29.520 INFO  <mkdb.Checkpoint> ---------------- begin ----------------
2026-07-05 00:04:29.520 INFO  <mkdb.Checkpoint> marshalN=1/0
2026-07-05 00:04:29.520 INFO  <mkdb.Checkpoint> snapshot=0 marshal0=0
2026-07-05 00:04:29.520 INFO  <mkdb.Checkpoint> flush=0
2026-07-05 00:04:29.520 INFO  <mkdb.Checkpoint> ----------------- end -----------------
2026-07-05 00:05:29.580 INFO  <mkdb.Checkpoint> ---------------- begin ----------------
2026-07-05 00:05:29.580 INFO  <mkdb.Checkpoint> marshalN=1/0
2026-07-05 00:05:29.580 INFO  <mkdb.Checkpoint> snapshot=0 marshal0=0
2026-07-05 00:05:29.580 INFO  <mkdb.Checkpoint> flush=0
2026-07-05 00:05:29.580 INFO  <mkdb.Checkpoint> ----------------- end -----------------
2026-07-05 00:06:29.642 INFO  <mkdb.Checkpoint> ---------------- begin ----------------
2026-07-05 00:06:29.642 INFO  <mkdb.Checkpoint> marshalN=1/0
2026-07-05 00:06:29.642 INFO  <mkdb.Checkpoint> snapshot=0 marshal0=0
2026-07-05 00:06:29.642 INFO  <mkdb.Checkpoint> flush=0
2026-07-05 00:06:29.642 INFO  <mkdb.Checkpoint> ----------------- end -----------------
2026-07-05 00:07:29.695 INFO  <mkdb.Checkpoint> ---------------- begin ----------------
2026-07-05 00:07:29.695 INFO  <mkdb.Checkpoint> marshalN=1/0
2026-07-05 00:07:29.695 INFO  <mkdb.Checkpoint> snapshot=0 marshal0=0
2026-07-05 00:07:29.695 INFO  <mkdb.Checkpoint> flush=0
2026-07-05 00:07:29.695 INFO  <mkdb.Checkpoint> ----------------- end -----------------
2026-07-05 00:08:29.752 INFO  <mkdb.Checkpoint> ---------------- begin ----------------
2026-07-05 00:08:29.752 INFO  <mkdb.Checkpoint> marshalN=1/0
2026-07-05 00:08:29.752 INFO  <mkdb.Checkpoint> snapshot=0 marshal0=0
2026-07-05 00:08:29.752 INFO  <mkdb.Checkpoint> flush=0
2026-07-05 00:08:29.752 INFO  <mkdb.Checkpoint> ----------------- end -----------------
2026-07-05 00:09:29.805 INFO  <mkdb.Checkpoint> ---------------- begin ----------------
2026-07-05 00:09:29.805 INFO  <mkdb.Checkpoint> marshalN=1/0
2026-07-05 00:09:29.805 INFO  <mkdb.Checkpoint> snapshot=0 marshal0=0
2026-07-05 00:09:29.805 INFO  <mkdb.Checkpoint> flush=0
2026-07-05 00:09:29.805 INFO  <mkdb.Checkpoint> ----------------- end -----------------
2026-07-05 00:10:29.861 INFO  <mkdb.Checkpoint> ---------------- begin ----------------
2026-07-05 00:10:29.861 INFO  <mkdb.Checkpoint> marshalN=1/0
2026-07-05 00:10:29.861 INFO  <mkdb.Checkpoint> snapshot=0 marshal0=0
2026-07-05 00:10:29.861 INFO  <mkdb.Checkpoint> flush=0
2026-07-05 00:10:29.861 INFO  <mkdb.Checkpoint> ----------------- end -----------------
2026-07-05 00:11:29.915 INFO  <mkdb.Checkpoint> ---------------- begin ----------------
2026-07-05 00:11:29.915 INFO  <mkdb.Checkpoint> marshalN=1/0
2026-07-05 00:11:29.915 INFO  <mkdb.Checkpoint> snapshot=0 marshal0=0
2026-07-05 00:11:29.915 INFO  <mkdb.Checkpoint> flush=0
2026-07-05 00:11:29.915 INFO  <mkdb.Checkpoint> ----------------- end -----------------
2026-07-05 00:11:37.021 WARN  <mkdb.Backup> backup FULL begin
2026-07-05 00:11:37.022 WARN  <mkdb.Backup> backup FULL end
2026-07-05 00:12:29.969 INFO  <mkdb.Checkpoint> ---------------- begin ----------------
2026-07-05 00:12:29.969 INFO  <mkdb.Checkpoint> marshalN=1/0
2026-07-05 00:12:29.969 INFO  <mkdb.Checkpoint> snapshot=0 marshal0=0
2026-07-05 00:12:29.969 INFO  <mkdb.Checkpoint> flush=0
2026-07-05 00:12:29.969 INFO  <mkdb.Checkpoint> ----------------- end -----------------
2026-07-05 00:13:30.027 INFO  <mkdb.Checkpoint> ---------------- begin ----------------
2026-07-05 00:13:30.027 INFO  <mkdb.Checkpoint> marshalN=1/0
2026-07-05 00:13:30.027 INFO  <mkdb.Checkpoint> snapshot=0 marshal0=0
2026-07-05 00:13:30.027 INFO  <mkdb.Checkpoint> flush=0
2026-07-05 00:13:30.027 INFO  <mkdb.Checkpoint> ----------------- end -----------------
2026-07-05 00:14:30.086 INFO  <mkdb.Checkpoint> ---------------- begin ----------------
2026-07-05 00:14:30.086 INFO  <mkdb.Checkpoint> marshalN=1/0
2026-07-05 00:14:30.086 INFO  <mkdb.Checkpoint> snapshot=0 marshal0=0
2026-07-05 00:14:30.086 INFO  <mkdb.Checkpoint> flush=0
2026-07-05 00:14:30.086 INFO  <mkdb.Checkpoint> ----------------- end -----------------
2026-07-05 00:15:30.142 INFO  <mkdb.Checkpoint> ---------------- begin ----------------
2026-07-05 00:15:30.143 INFO  <mkdb.Checkpoint> marshalN=1/0
2026-07-05 00:15:30.143 INFO  <mkdb.Checkpoint> snapshot=0 marshal0=0
2026-07-05 00:15:30.143 INFO  <mkdb.Checkpoint> flush=0
2026-07-05 00:15:30.143 INFO  <mkdb.Checkpoint> ----------------- end -----------------
2026-07-05 00:16:30.206 INFO  <mkdb.Checkpoint> ---------------- begin ----------------
2026-07-05 00:16:30.206 INFO  <mkdb.Checkpoint> marshalN=1/0
2026-07-05 00:16:30.206 INFO  <mkdb.Checkpoint> snapshot=0 marshal0=0
2026-07-05 00:16:30.206 INFO  <mkdb.Checkpoint> flush=0
2026-07-05 00:16:30.206 INFO  <mkdb.Checkpoint> ----------------- end -----------------
2026-07-05 00:17:30.264 INFO  <mkdb.Checkpoint> ---------------- begin ----------------
2026-07-05 00:17:30.264 INFO  <mkdb.Checkpoint> marshalN=1/0
2026-07-05 00:17:30.264 INFO  <mkdb.Checkpoint> snapshot=0 marshal0=0
2026-07-05 00:17:30.264 INFO  <mkdb.Checkpoint> flush=0
2026-07-05 00:17:30.264 INFO  <mkdb.Checkpoint> ----------------- end -----------------
2026-07-05 00:18:30.320 INFO  <mkdb.Checkpoint> ---------------- begin ----------------
2026-07-05 00:18:30.320 INFO  <mkdb.Checkpoint> marshalN=1/0
2026-07-05 00:18:30.320 INFO  <mkdb.Checkpoint> snapshot=0 marshal0=0
2026-07-05 00:18:30.320 INFO  <mkdb.Checkpoint> flush=0
2026-07-05 00:18:30.320 INFO  <mkdb.Checkpoint> ----------------- end -----------------
2026-07-05 00:19:30.377 INFO  <mkdb.Checkpoint> ---------------- begin ----------------
2026-07-05 00:19:30.377 INFO  <mkdb.Checkpoint> marshalN=1/0
2026-07-05 00:19:30.377 INFO  <mkdb.Checkpoint> snapshot=0 marshal0=0
2026-07-05 00:19:30.377 INFO  <mkdb.Checkpoint> flush=0
2026-07-05 00:19:30.377 INFO  <mkdb.Checkpoint> ----------------- end -----------------
2026-07-05 00:20:30.436 INFO  <mkdb.Checkpoint> ---------------- begin ----------------
2026-07-05 00:20:30.436 INFO  <mkdb.Checkpoint> marshalN=1/0
2026-07-05 00:20:30.436 INFO  <mkdb.Checkpoint> snapshot=0 marshal0=0
2026-07-05 00:20:30.436 INFO  <mkdb.Checkpoint> flush=0
2026-07-05 00:20:30.436 INFO  <mkdb.Checkpoint> ----------------- end -----------------
2026-07-05 00:21:30.493 INFO  <mkdb.Checkpoint> ---------------- begin ----------------
2026-07-05 00:21:30.493 INFO  <mkdb.Checkpoint> marshalN=1/0
2026-07-05 00:21:30.493 INFO  <mkdb.Checkpoint> snapshot=0 marshal0=0
2026-07-05 00:21:30.493 INFO  <mkdb.Checkpoint> flush=0
2026-07-05 00:21:30.493 INFO  <mkdb.Checkpoint> ----------------- end -----------------
2026-07-05 00:22:30.551 INFO  <mkdb.Checkpoint> ---------------- begin ----------------
2026-07-05 00:22:30.551 INFO  <mkdb.Checkpoint> marshalN=1/0
2026-07-05 00:22:30.551 INFO  <mkdb.Checkpoint> snapshot=0 marshal0=0
2026-07-05 00:22:30.551 INFO  <mkdb.Checkpoint> flush=0
2026-07-05 00:22:30.551 INFO  <mkdb.Checkpoint> ----------------- end -----------------
2026-07-05 00:23:30.614 INFO  <mkdb.Checkpoint> ---------------- begin ----------------
2026-07-05 00:23:30.614 INFO  <mkdb.Checkpoint> marshalN=1/0
2026-07-05 00:23:30.614 INFO  <mkdb.Checkpoint> snapshot=0 marshal0=0
2026-07-05 00:23:30.614 INFO  <mkdb.Checkpoint> flush=0
2026-07-05 00:23:30.614 INFO  <mkdb.Checkpoint> ----------------- end -----------------
2026-07-05 00:24:30.674 INFO  <mkdb.Checkpoint> ---------------- begin ----------------
2026-07-05 00:24:30.674 INFO  <mkdb.Checkpoint> marshalN=1/0
2026-07-05 00:24:30.674 INFO  <mkdb.Checkpoint> snapshot=0 marshal0=0
2026-07-05 00:24:30.674 INFO  <mkdb.Checkpoint> flush=0
2026-07-05 00:24:30.674 INFO  <mkdb.Checkpoint> ----------------- end -----------------
2026-07-05 00:25:22.286 INFO  <mkdb.Worker.procedure.20> com.locojoy.ns.Exist(activeuser:1:1) result=5
2026-07-05 00:25:30.732 INFO  <mkdb.Checkpoint> ---------------- begin ----------------
2026-07-05 00:25:30.732 INFO  <mkdb.Checkpoint> marshalN=1/0
2026-07-05 00:25:30.732 INFO  <mkdb.Checkpoint> snapshot=0 marshal0=0
2026-07-05 00:25:30.732 INFO  <mkdb.Checkpoint> flush=0
2026-07-05 00:25:30.732 INFO  <mkdb.Checkpoint> ----------------- end -----------------
2026-07-05 00:26:30.786 INFO  <mkdb.Checkpoint> ---------------- begin ----------------
2026-07-05 00:26:30.786 INFO  <mkdb.Checkpoint> marshalN=1/0
2026-07-05 00:26:30.786 INFO  <mkdb.Checkpoint> snapshot=0 marshal0=0
2026-07-05 00:26:30.786 INFO  <mkdb.Checkpoint> flush=0
2026-07-05 00:26:30.786 INFO  <mkdb.Checkpoint> ----------------- end -----------------
2026-07-05 00:27:30.845 INFO  <mkdb.Checkpoint> ---------------- begin ----------------
2026-07-05 00:27:30.845 INFO  <mkdb.Checkpoint> marshalN=1/0
2026-07-05 00:27:30.845 INFO  <mkdb.Checkpoint> snapshot=0 marshal0=0
2026-07-05 00:27:30.845 INFO  <mkdb.Checkpoint> flush=0
2026-07-05 00:27:30.845 INFO  <mkdb.Checkpoint> ----------------- end -----------------
2026-07-05 00:28:30.898 INFO  <mkdb.Checkpoint> ---------------- begin ----------------
2026-07-05 00:28:30.898 INFO  <mkdb.Checkpoint> marshalN=1/0
2026-07-05 00:28:30.898 INFO  <mkdb.Checkpoint> snapshot=0 marshal0=0
2026-07-05 00:28:30.898 INFO  <mkdb.Checkpoint> flush=0
2026-07-05 00:28:30.898 INFO  <mkdb.Checkpoint> ----------------- end -----------------
2026-07-05 00:28:53.565 INFO  <mkdb.Worker.procedure.23> com.locojoy.ns.Exist(activeuser:1:1) result=5
2026-07-05 00:29:30.954 INFO  <mkdb.Checkpoint> ---------------- begin ----------------
2026-07-05 00:29:30.954 INFO  <mkdb.Checkpoint> marshalN=1/0
2026-07-05 00:29:30.954 INFO  <mkdb.Checkpoint> snapshot=0 marshal0=0
2026-07-05 00:29:30.954 INFO  <mkdb.Checkpoint> flush=0
2026-07-05 00:29:30.954 INFO  <mkdb.Checkpoint> ----------------- end -----------------
2026-07-05 00:30:31.013 INFO  <mkdb.Checkpoint> ---------------- begin ----------------
2026-07-05 00:30:31.013 INFO  <mkdb.Checkpoint> marshalN=1/0
2026-07-05 00:30:31.013 INFO  <mkdb.Checkpoint> snapshot=0 marshal0=0
2026-07-05 00:30:31.013 INFO  <mkdb.Checkpoint> flush=0
2026-07-05 00:30:31.013 INFO  <mkdb.Checkpoint> ----------------- end -----------------
2026-07-05 00:31:31.069 INFO  <mkdb.Checkpoint> ---------------- begin ----------------
2026-07-05 00:31:31.069 INFO  <mkdb.Checkpoint> marshalN=1/0
2026-07-05 00:31:31.069 INFO  <mkdb.Checkpoint> snapshot=0 marshal0=0
2026-07-05 00:31:31.069 INFO  <mkdb.Checkpoint> flush=0
2026-07-05 00:31:31.069 INFO  <mkdb.Checkpoint> ----------------- end -----------------
2026-07-05 00:32:31.123 INFO  <mkdb.Checkpoint> ---------------- begin ----------------
2026-07-05 00:32:31.124 INFO  <mkdb.Checkpoint> marshalN=1/0
2026-07-05 00:32:31.124 INFO  <mkdb.Checkpoint> snapshot=0 marshal0=0
2026-07-05 00:32:31.124 INFO  <mkdb.Checkpoint> flush=0
2026-07-05 00:32:31.124 INFO  <mkdb.Checkpoint> ----------------- end -----------------
2026-07-05 00:33:31.178 INFO  <mkdb.Checkpoint> ---------------- begin ----------------
2026-07-05 00:33:31.178 INFO  <mkdb.Checkpoint> marshalN=1/0
2026-07-05 00:33:31.178 INFO  <mkdb.Checkpoint> snapshot=0 marshal0=0
2026-07-05 00:33:31.178 INFO  <mkdb.Checkpoint> flush=0
2026-07-05 00:33:31.178 INFO  <mkdb.Checkpoint> ----------------- end -----------------
2026-07-05 00:34:31.235 INFO  <mkdb.Checkpoint> ---------------- begin ----------------
2026-07-05 00:34:31.235 INFO  <mkdb.Checkpoint> marshalN=1/0
2026-07-05 00:34:31.235 INFO  <mkdb.Checkpoint> snapshot=0 marshal0=0
2026-07-05 00:34:31.235 INFO  <mkdb.Checkpoint> flush=0
2026-07-05 00:34:31.235 INFO  <mkdb.Checkpoint> ----------------- end -----------------
2026-07-05 00:35:31.285 INFO  <mkdb.Checkpoint> ---------------- begin ----------------
2026-07-05 00:35:31.285 INFO  <mkdb.Checkpoint> marshalN=1/0
2026-07-05 00:35:31.285 INFO  <mkdb.Checkpoint> snapshot=0 marshal0=0
2026-07-05 00:35:31.285 INFO  <mkdb.Checkpoint> flush=0
2026-07-05 00:35:31.285 INFO  <mkdb.Checkpoint> ----------------- end -----------------
2026-07-05 00:36:31.340 INFO  <mkdb.Checkpoint> ---------------- begin ----------------
2026-07-05 00:36:31.340 INFO  <mkdb.Checkpoint> marshalN=1/0
2026-07-05 00:36:31.340 INFO  <mkdb.Checkpoint> snapshot=0 marshal0=0
2026-07-05 00:36:31.340 INFO  <mkdb.Checkpoint> flush=0
2026-07-05 00:36:31.340 INFO  <mkdb.Checkpoint> ----------------- end -----------------
2026-07-05 00:37:31.394 INFO  <mkdb.Checkpoint> ---------------- begin ----------------
2026-07-05 00:37:31.394 INFO  <mkdb.Checkpoint> marshalN=1/0
2026-07-05 00:37:31.394 INFO  <mkdb.Checkpoint> snapshot=0 marshal0=0
2026-07-05 00:37:31.394 INFO  <mkdb.Checkpoint> flush=0
2026-07-05 00:37:31.394 INFO  <mkdb.Checkpoint> ----------------- end -----------------
2026-07-05 00:38:31.450 INFO  <mkdb.Checkpoint> ---------------- begin ----------------
2026-07-05 00:38:31.450 INFO  <mkdb.Checkpoint> marshalN=1/0
2026-07-05 00:38:31.450 INFO  <mkdb.Checkpoint> snapshot=0 marshal0=0
2026-07-05 00:38:31.450 INFO  <mkdb.Checkpoint> flush=0
2026-07-05 00:38:31.450 INFO  <mkdb.Checkpoint> ----------------- end -----------------
2026-07-05 00:39:31.504 INFO  <mkdb.Checkpoint> ---------------- begin ----------------
2026-07-05 00:39:31.504 INFO  <mkdb.Checkpoint> marshalN=1/0
2026-07-05 00:39:31.504 INFO  <mkdb.Checkpoint> snapshot=0 marshal0=0
2026-07-05 00:39:31.504 INFO  <mkdb.Checkpoint> flush=0
2026-07-05 00:39:31.504 INFO  <mkdb.Checkpoint> ----------------- end -----------------
2026-07-05 00:40:31.567 INFO  <mkdb.Checkpoint> ---------------- begin ----------------
2026-07-05 00:40:31.567 INFO  <mkdb.Checkpoint> marshalN=1/0
2026-07-05 00:40:31.567 INFO  <mkdb.Checkpoint> snapshot=0 marshal0=0
2026-07-05 00:40:31.567 INFO  <mkdb.Checkpoint> flush=0
2026-07-05 00:40:31.567 INFO  <mkdb.Checkpoint> ----------------- end -----------------
2026-07-05 00:41:31.621 INFO  <mkdb.Checkpoint> ---------------- begin ----------------
2026-07-05 00:41:31.621 INFO  <mkdb.Checkpoint> marshalN=1/0
2026-07-05 00:41:31.621 INFO  <mkdb.Checkpoint> snapshot=0 marshal0=0
2026-07-05 00:41:31.621 INFO  <mkdb.Checkpoint> flush=0
2026-07-05 00:41:31.621 INFO  <mkdb.Checkpoint> ----------------- end -----------------
2026-07-05 00:42:31.681 INFO  <mkdb.Checkpoint> ---------------- begin ----------------
2026-07-05 00:42:31.681 INFO  <mkdb.Checkpoint> marshalN=1/0
2026-07-05 00:42:31.681 INFO  <mkdb.Checkpoint> snapshot=0 marshal0=0
2026-07-05 00:42:31.681 INFO  <mkdb.Checkpoint> flush=0
2026-07-05 00:42:31.681 INFO  <mkdb.Checkpoint> ----------------- end -----------------
2026-07-05 00:43:31.737 INFO  <mkdb.Checkpoint> ---------------- begin ----------------
2026-07-05 00:43:31.737 INFO  <mkdb.Checkpoint> marshalN=1/0
2026-07-05 00:43:31.737 INFO  <mkdb.Checkpoint> snapshot=0 marshal0=0
2026-07-05 00:43:31.738 INFO  <mkdb.Checkpoint> flush=0
2026-07-05 00:43:31.738 INFO  <mkdb.Checkpoint> ----------------- end -----------------
2026-07-05 00:44:31.795 INFO  <mkdb.Checkpoint> ---------------- begin ----------------
2026-07-05 00:44:31.795 INFO  <mkdb.Checkpoint> marshalN=1/0
2026-07-05 00:44:31.795 INFO  <mkdb.Checkpoint> snapshot=0 marshal0=0
2026-07-05 00:44:31.795 INFO  <mkdb.Checkpoint> flush=0
2026-07-05 00:44:31.795 INFO  <mkdb.Checkpoint> ----------------- end -----------------
2026-07-05 00:45:31.853 INFO  <mkdb.Checkpoint> ---------------- begin ----------------
2026-07-05 00:45:31.853 INFO  <mkdb.Checkpoint> marshalN=1/0
2026-07-05 00:45:31.853 INFO  <mkdb.Checkpoint> snapshot=0 marshal0=0
2026-07-05 00:45:31.853 INFO  <mkdb.Checkpoint> flush=0
2026-07-05 00:45:31.853 INFO  <mkdb.Checkpoint> ----------------- end -----------------
2026-07-05 00:46:31.909 INFO  <mkdb.Checkpoint> ---------------- begin ----------------
2026-07-05 00:46:31.909 INFO  <mkdb.Checkpoint> marshalN=1/0
2026-07-05 00:46:31.909 INFO  <mkdb.Checkpoint> snapshot=0 marshal0=0
2026-07-05 00:46:31.909 INFO  <mkdb.Checkpoint> flush=0
2026-07-05 00:46:31.909 INFO  <mkdb.Checkpoint> ----------------- end -----------------
2026-07-05 00:47:31.969 INFO  <mkdb.Checkpoint> ---------------- begin ----------------
2026-07-05 00:47:31.969 INFO  <mkdb.Checkpoint> marshalN=1/0
2026-07-05 00:47:31.969 INFO  <mkdb.Checkpoint> snapshot=0 marshal0=0
2026-07-05 00:47:31.969 INFO  <mkdb.Checkpoint> flush=0
2026-07-05 00:47:31.969 INFO  <mkdb.Checkpoint> ----------------- end -----------------
2026-07-05 00:48:32.024 INFO  <mkdb.Checkpoint> ---------------- begin ----------------
2026-07-05 00:48:32.024 INFO  <mkdb.Checkpoint> marshalN=1/0
2026-07-05 00:48:32.024 INFO  <mkdb.Checkpoint> snapshot=0 marshal0=0
2026-07-05 00:48:32.024 INFO  <mkdb.Checkpoint> flush=0
2026-07-05 00:48:32.024 INFO  <mkdb.Checkpoint> ----------------- end -----------------
2026-07-05 00:49:32.079 INFO  <mkdb.Checkpoint> ---------------- begin ----------------
2026-07-05 00:49:32.079 INFO  <mkdb.Checkpoint> marshalN=1/0
2026-07-05 00:49:32.079 INFO  <mkdb.Checkpoint> snapshot=0 marshal0=0
2026-07-05 00:49:32.079 INFO  <mkdb.Checkpoint> flush=0
2026-07-05 00:49:32.079 INFO  <mkdb.Checkpoint> ----------------- end -----------------
2026-07-05 00:50:32.133 INFO  <mkdb.Checkpoint> ---------------- begin ----------------
2026-07-05 00:50:32.133 INFO  <mkdb.Checkpoint> marshalN=1/0
2026-07-05 00:50:32.133 INFO  <mkdb.Checkpoint> snapshot=0 marshal0=0
2026-07-05 00:50:32.133 INFO  <mkdb.Checkpoint> flush=0
2026-07-05 00:50:32.133 INFO  <mkdb.Checkpoint> ----------------- end -----------------
2026-07-05 00:51:32.189 INFO  <mkdb.Checkpoint> ---------------- begin ----------------
2026-07-05 00:51:32.189 INFO  <mkdb.Checkpoint> marshalN=1/0
2026-07-05 00:51:32.189 INFO  <mkdb.Checkpoint> snapshot=0 marshal0=0
2026-07-05 00:51:32.189 INFO  <mkdb.Checkpoint> flush=0
2026-07-05 00:51:32.189 INFO  <mkdb.Checkpoint> ----------------- end -----------------
2026-07-05 00:52:32.244 INFO  <mkdb.Checkpoint> ---------------- begin ----------------
2026-07-05 00:52:32.244 INFO  <mkdb.Checkpoint> marshalN=1/0
2026-07-05 00:52:32.244 INFO  <mkdb.Checkpoint> snapshot=0 marshal0=0
2026-07-05 00:52:32.244 INFO  <mkdb.Checkpoint> flush=0
2026-07-05 00:52:32.244 INFO  <mkdb.Checkpoint> ----------------- end -----------------
2026-07-05 00:53:32.299 INFO  <mkdb.Checkpoint> ---------------- begin ----------------
2026-07-05 00:53:32.299 INFO  <mkdb.Checkpoint> marshalN=1/0
2026-07-05 00:53:32.299 INFO  <mkdb.Checkpoint> snapshot=0 marshal0=0
2026-07-05 00:53:32.299 INFO  <mkdb.Checkpoint> flush=0
2026-07-05 00:53:32.299 INFO  <mkdb.Checkpoint> ----------------- end -----------------
2026-07-05 00:54:32.352 INFO  <mkdb.Checkpoint> ---------------- begin ----------------
2026-07-05 00:54:32.352 INFO  <mkdb.Checkpoint> marshalN=1/0
2026-07-05 00:54:32.352 INFO  <mkdb.Checkpoint> snapshot=0 marshal0=0
2026-07-05 00:54:32.352 INFO  <mkdb.Checkpoint> flush=0
2026-07-05 00:54:32.352 INFO  <mkdb.Checkpoint> ----------------- end -----------------
2026-07-05 00:55:32.406 INFO  <mkdb.Checkpoint> ---------------- begin ----------------
2026-07-05 00:55:32.406 INFO  <mkdb.Checkpoint> marshalN=1/0
2026-07-05 00:55:32.406 INFO  <mkdb.Checkpoint> snapshot=0 marshal0=0
2026-07-05 00:55:32.406 INFO  <mkdb.Checkpoint> flush=0
2026-07-05 00:55:32.406 INFO  <mkdb.Checkpoint> ----------------- end -----------------
2026-07-05 00:56:32.465 INFO  <mkdb.Checkpoint> ---------------- begin ----------------
2026-07-05 00:56:32.465 INFO  <mkdb.Checkpoint> marshalN=1/0
2026-07-05 00:56:32.465 INFO  <mkdb.Checkpoint> snapshot=0 marshal0=0
2026-07-05 00:56:32.465 INFO  <mkdb.Checkpoint> flush=0
2026-07-05 00:56:32.465 INFO  <mkdb.Checkpoint> ----------------- end -----------------
2026-07-05 00:57:32.521 INFO  <mkdb.Checkpoint> ---------------- begin ----------------
2026-07-05 00:57:32.521 INFO  <mkdb.Checkpoint> marshalN=1/0
2026-07-05 00:57:32.521 INFO  <mkdb.Checkpoint> snapshot=0 marshal0=0
2026-07-05 00:57:32.521 INFO  <mkdb.Checkpoint> flush=0
2026-07-05 00:57:32.521 INFO  <mkdb.Checkpoint> ----------------- end -----------------
2026-07-05 00:58:32.574 INFO  <mkdb.Checkpoint> ---------------- begin ----------------
2026-07-05 00:58:32.574 INFO  <mkdb.Checkpoint> marshalN=1/0
2026-07-05 00:58:32.574 INFO  <mkdb.Checkpoint> snapshot=0 marshal0=0
2026-07-05 00:58:32.574 INFO  <mkdb.Checkpoint> flush=0
2026-07-05 00:58:32.574 INFO  <mkdb.Checkpoint> ----------------- end -----------------
2026-07-05 00:59:32.629 INFO  <mkdb.Checkpoint> ---------------- begin ----------------
2026-07-05 00:59:32.629 INFO  <mkdb.Checkpoint> marshalN=1/0
2026-07-05 00:59:32.629 INFO  <mkdb.Checkpoint> snapshot=0 marshal0=0
2026-07-05 00:59:32.629 INFO  <mkdb.Checkpoint> flush=0
2026-07-05 00:59:32.629 INFO  <mkdb.Checkpoint> ----------------- end -----------------
2026-07-05 01:00:32.687 INFO  <mkdb.Checkpoint> ---------------- begin ----------------
2026-07-05 01:00:32.687 INFO  <mkdb.Checkpoint> marshalN=1/0
2026-07-05 01:00:32.687 INFO  <mkdb.Checkpoint> snapshot=0 marshal0=0
2026-07-05 01:00:32.687 INFO  <mkdb.Checkpoint> flush=0
2026-07-05 01:00:32.687 INFO  <mkdb.Checkpoint> ----------------- end -----------------
2026-07-05 01:00:48.100 WARN  <mkdb.Backup> backup FULL begin
2026-07-05 01:00:48.100 WARN  <mkdb.Backup> backup FULL end
2026-07-05 01:01:32.740 INFO  <mkdb.Checkpoint> ---------------- begin ----------------
2026-07-05 01:01:32.740 INFO  <mkdb.Checkpoint> marshalN=1/0
2026-07-05 01:01:32.740 INFO  <mkdb.Checkpoint> snapshot=0 marshal0=0
2026-07-05 01:01:32.740 INFO  <mkdb.Checkpoint> flush=0
2026-07-05 01:01:32.740 INFO  <mkdb.Checkpoint> ----------------- end -----------------
2026-07-05 01:02:32.796 INFO  <mkdb.Checkpoint> ---------------- begin ----------------
2026-07-05 01:02:32.796 INFO  <mkdb.Checkpoint> marshalN=1/0
2026-07-05 01:02:32.796 INFO  <mkdb.Checkpoint> snapshot=0 marshal0=0
2026-07-05 01:02:32.796 INFO  <mkdb.Checkpoint> flush=0
2026-07-05 01:02:32.796 INFO  <mkdb.Checkpoint> ----------------- end -----------------
2026-07-05 01:03:32.851 INFO  <mkdb.Checkpoint> ---------------- begin ----------------
2026-07-05 01:03:32.851 INFO  <mkdb.Checkpoint> marshalN=1/0
2026-07-05 01:03:32.851 INFO  <mkdb.Checkpoint> snapshot=0 marshal0=0
2026-07-05 01:03:32.851 INFO  <mkdb.Checkpoint> flush=0
2026-07-05 01:03:32.851 INFO  <mkdb.Checkpoint> ----------------- end -----------------
2026-07-05 01:04:32.913 INFO  <mkdb.Checkpoint> ---------------- begin ----------------
2026-07-05 01:04:32.913 INFO  <mkdb.Checkpoint> marshalN=1/0
2026-07-05 01:04:32.913 INFO  <mkdb.Checkpoint> snapshot=0 marshal0=0
2026-07-05 01:04:32.913 INFO  <mkdb.Checkpoint> flush=0
2026-07-05 01:04:32.913 INFO  <mkdb.Checkpoint> ----------------- end -----------------
2026-07-05 01:05:32.968 INFO  <mkdb.Checkpoint> ---------------- begin ----------------
2026-07-05 01:05:32.968 INFO  <mkdb.Checkpoint> marshalN=1/0
2026-07-05 01:05:32.968 INFO  <mkdb.Checkpoint> snapshot=0 marshal0=0
2026-07-05 01:05:32.968 INFO  <mkdb.Checkpoint> flush=0
2026-07-05 01:05:32.968 INFO  <mkdb.Checkpoint> ----------------- end -----------------
2026-07-05 01:06:33.022 INFO  <mkdb.Checkpoint> ---------------- begin ----------------
2026-07-05 01:06:33.022 INFO  <mkdb.Checkpoint> marshalN=1/0
2026-07-05 01:06:33.022 INFO  <mkdb.Checkpoint> snapshot=0 marshal0=0
2026-07-05 01:06:33.022 INFO  <mkdb.Checkpoint> flush=0
2026-07-05 01:06:33.022 INFO  <mkdb.Checkpoint> ----------------- end -----------------
2026-07-05 01:07:33.079 INFO  <mkdb.Checkpoint> ---------------- begin ----------------
2026-07-05 01:07:33.079 INFO  <mkdb.Checkpoint> marshalN=1/0
2026-07-05 01:07:33.079 INFO  <mkdb.Checkpoint> snapshot=0 marshal0=0
2026-07-05 01:07:33.079 INFO  <mkdb.Checkpoint> flush=0
2026-07-05 01:07:33.079 INFO  <mkdb.Checkpoint> ----------------- end -----------------
2026-07-05 01:08:33.131 INFO  <mkdb.Checkpoint> ---------------- begin ----------------
2026-07-05 01:08:33.131 INFO  <mkdb.Checkpoint> marshalN=1/0
2026-07-05 01:08:33.131 INFO  <mkdb.Checkpoint> snapshot=0 marshal0=0
2026-07-05 01:08:33.131 INFO  <mkdb.Checkpoint> flush=0
2026-07-05 01:08:33.131 INFO  <mkdb.Checkpoint> ----------------- end -----------------
2026-07-05 01:09:33.183 INFO  <mkdb.Checkpoint> ---------------- begin ----------------
2026-07-05 01:09:33.183 INFO  <mkdb.Checkpoint> marshalN=1/0
2026-07-05 01:09:33.183 INFO  <mkdb.Checkpoint> snapshot=0 marshal0=0
2026-07-05 01:09:33.183 INFO  <mkdb.Checkpoint> flush=0
2026-07-05 01:09:33.183 INFO  <mkdb.Checkpoint> ----------------- end -----------------
2026-07-05 01:10:33.236 INFO  <mkdb.Checkpoint> ---------------- begin ----------------
2026-07-05 01:10:33.236 INFO  <mkdb.Checkpoint> marshalN=1/0
2026-07-05 01:10:33.236 INFO  <mkdb.Checkpoint> snapshot=0 marshal0=0
2026-07-05 01:10:33.236 INFO  <mkdb.Checkpoint> flush=0
2026-07-05 01:10:33.236 INFO  <mkdb.Checkpoint> ----------------- end -----------------
2026-07-05 01:11:33.291 INFO  <mkdb.Checkpoint> ---------------- begin ----------------
2026-07-05 01:11:33.291 INFO  <mkdb.Checkpoint> marshalN=1/0
2026-07-05 01:11:33.291 INFO  <mkdb.Checkpoint> snapshot=0 marshal0=0
2026-07-05 01:11:33.291 INFO  <mkdb.Checkpoint> flush=0
2026-07-05 01:11:33.291 INFO  <mkdb.Checkpoint> ----------------- end -----------------
2026-07-05 01:12:33.346 INFO  <mkdb.Checkpoint> ---------------- begin ----------------
2026-07-05 01:12:33.346 INFO  <mkdb.Checkpoint> marshalN=1/0
2026-07-05 01:12:33.346 INFO  <mkdb.Checkpoint> snapshot=0 marshal0=0
2026-07-05 01:12:33.346 INFO  <mkdb.Checkpoint> flush=0
2026-07-05 01:12:33.346 INFO  <mkdb.Checkpoint> ----------------- end -----------------
2026-07-05 01:13:33.405 INFO  <mkdb.Checkpoint> ---------------- begin ----------------
2026-07-05 01:13:33.405 INFO  <mkdb.Checkpoint> marshalN=1/0
2026-07-05 01:13:33.406 INFO  <mkdb.Checkpoint> snapshot=0 marshal0=0
2026-07-05 01:13:33.406 INFO  <mkdb.Checkpoint> flush=0
2026-07-05 01:13:33.406 INFO  <mkdb.Checkpoint> ----------------- end -----------------
2026-07-05 01:14:33.459 INFO  <mkdb.Checkpoint> ---------------- begin ----------------
2026-07-05 01:14:33.459 INFO  <mkdb.Checkpoint> marshalN=1/0
2026-07-05 01:14:33.459 INFO  <mkdb.Checkpoint> snapshot=0 marshal0=0
2026-07-05 01:14:33.459 INFO  <mkdb.Checkpoint> flush=0
2026-07-05 01:14:33.459 INFO  <mkdb.Checkpoint> ----------------- end -----------------
2026-07-05 01:15:33.513 INFO  <mkdb.Checkpoint> ---------------- begin ----------------
2026-07-05 01:15:33.513 INFO  <mkdb.Checkpoint> marshalN=1/0
2026-07-05 01:15:33.513 INFO  <mkdb.Checkpoint> snapshot=0 marshal0=0
2026-07-05 01:15:33.513 INFO  <mkdb.Checkpoint> flush=0
2026-07-05 01:15:33.513 INFO  <mkdb.Checkpoint> ----------------- end -----------------
2026-07-05 01:16:33.568 INFO  <mkdb.Checkpoint> ---------------- begin ----------------
2026-07-05 01:16:33.568 INFO  <mkdb.Checkpoint> marshalN=1/0
2026-07-05 01:16:33.568 INFO  <mkdb.Checkpoint> snapshot=0 marshal0=0
2026-07-05 01:16:33.568 INFO  <mkdb.Checkpoint> flush=0
2026-07-05 01:16:33.568 INFO  <mkdb.Checkpoint> ----------------- end -----------------
2026-07-05 01:17:33.623 INFO  <mkdb.Checkpoint> ---------------- begin ----------------
2026-07-05 01:17:33.623 INFO  <mkdb.Checkpoint> marshalN=1/0
2026-07-05 01:17:33.623 INFO  <mkdb.Checkpoint> snapshot=0 marshal0=0
2026-07-05 01:17:33.623 INFO  <mkdb.Checkpoint> flush=0
2026-07-05 01:17:33.623 INFO  <mkdb.Checkpoint> ----------------- end -----------------
2026-07-05 01:18:33.676 INFO  <mkdb.Checkpoint> ---------------- begin ----------------
2026-07-05 01:18:33.676 INFO  <mkdb.Checkpoint> marshalN=1/0
2026-07-05 01:18:33.676 INFO  <mkdb.Checkpoint> snapshot=0 marshal0=0
2026-07-05 01:18:33.676 INFO  <mkdb.Checkpoint> flush=0
2026-07-05 01:18:33.676 INFO  <mkdb.Checkpoint> ----------------- end -----------------
2026-07-05 01:19:33.735 INFO  <mkdb.Checkpoint> ---------------- begin ----------------
2026-07-05 01:19:33.735 INFO  <mkdb.Checkpoint> marshalN=1/0
2026-07-05 01:19:33.735 INFO  <mkdb.Checkpoint> snapshot=0 marshal0=0
2026-07-05 01:19:33.735 INFO  <mkdb.Checkpoint> flush=0
2026-07-05 01:19:33.735 INFO  <mkdb.Checkpoint> ----------------- end -----------------
2026-07-05 01:20:33.791 INFO  <mkdb.Checkpoint> ---------------- begin ----------------
2026-07-05 01:20:33.791 INFO  <mkdb.Checkpoint> marshalN=1/0
2026-07-05 01:20:33.791 INFO  <mkdb.Checkpoint> snapshot=0 marshal0=0
2026-07-05 01:20:33.791 INFO  <mkdb.Checkpoint> flush=0
2026-07-05 01:20:33.791 INFO  <mkdb.Checkpoint> ----------------- end -----------------
2026-07-05 01:21:33.847 INFO  <mkdb.Checkpoint> ---------------- begin ----------------
2026-07-05 01:21:33.847 INFO  <mkdb.Checkpoint> marshalN=1/0
2026-07-05 01:21:33.847 INFO  <mkdb.Checkpoint> snapshot=0 marshal0=0
2026-07-05 01:21:33.847 INFO  <mkdb.Checkpoint> flush=0
2026-07-05 01:21:33.847 INFO  <mkdb.Checkpoint> ----------------- end -----------------
2026-07-05 01:22:33.903 INFO  <mkdb.Checkpoint> ---------------- begin ----------------
2026-07-05 01:22:33.903 INFO  <mkdb.Checkpoint> marshalN=1/0
2026-07-05 01:22:33.903 INFO  <mkdb.Checkpoint> snapshot=0 marshal0=0
2026-07-05 01:22:33.903 INFO  <mkdb.Checkpoint> flush=0
2026-07-05 01:22:33.903 INFO  <mkdb.Checkpoint> ----------------- end -----------------
2026-07-05 01:23:33.955 INFO  <mkdb.Checkpoint> ---------------- begin ----------------
2026-07-05 01:23:33.955 INFO  <mkdb.Checkpoint> marshalN=1/0
2026-07-05 01:23:33.955 INFO  <mkdb.Checkpoint> snapshot=0 marshal0=0
2026-07-05 01:23:33.955 INFO  <mkdb.Checkpoint> flush=0
2026-07-05 01:23:33.955 INFO  <mkdb.Checkpoint> ----------------- end -----------------
2026-07-05 01:24:34.007 INFO  <mkdb.Checkpoint> ---------------- begin ----------------
2026-07-05 01:24:34.007 INFO  <mkdb.Checkpoint> marshalN=1/0
2026-07-05 01:24:34.007 INFO  <mkdb.Checkpoint> snapshot=0 marshal0=0
2026-07-05 01:24:34.007 INFO  <mkdb.Checkpoint> flush=0
2026-07-05 01:24:34.007 INFO  <mkdb.Checkpoint> ----------------- end -----------------
2026-07-05 01:25:34.073 INFO  <mkdb.Checkpoint> ---------------- begin ----------------
2026-07-05 01:25:34.073 INFO  <mkdb.Checkpoint> marshalN=1/0
2026-07-05 01:25:34.073 INFO  <mkdb.Checkpoint> snapshot=0 marshal0=0
2026-07-05 01:25:34.073 INFO  <mkdb.Checkpoint> flush=0
2026-07-05 01:25:34.073 INFO  <mkdb.Checkpoint> ----------------- end -----------------
2026-07-05 01:26:34.128 INFO  <mkdb.Checkpoint> ---------------- begin ----------------
2026-07-05 01:26:34.128 INFO  <mkdb.Checkpoint> marshalN=1/0
2026-07-05 01:26:34.128 INFO  <mkdb.Checkpoint> snapshot=0 marshal0=0
2026-07-05 01:26:34.128 INFO  <mkdb.Checkpoint> flush=0
2026-07-05 01:26:34.128 INFO  <mkdb.Checkpoint> ----------------- end -----------------
2026-07-05 01:27:34.188 INFO  <mkdb.Checkpoint> ---------------- begin ----------------
2026-07-05 01:27:34.188 INFO  <mkdb.Checkpoint> marshalN=1/0
2026-07-05 01:27:34.188 INFO  <mkdb.Checkpoint> snapshot=0 marshal0=0
2026-07-05 01:27:34.188 INFO  <mkdb.Checkpoint> flush=0
2026-07-05 01:27:34.188 INFO  <mkdb.Checkpoint> ----------------- end -----------------
2026-07-05 01:28:34.245 INFO  <mkdb.Checkpoint> ---------------- begin ----------------
2026-07-05 01:28:34.245 INFO  <mkdb.Checkpoint> marshalN=1/0
2026-07-05 01:28:34.245 INFO  <mkdb.Checkpoint> snapshot=0 marshal0=0
2026-07-05 01:28:34.245 INFO  <mkdb.Checkpoint> flush=0
2026-07-05 01:28:34.245 INFO  <mkdb.Checkpoint> ----------------- end -----------------
2026-07-05 01:29:34.301 INFO  <mkdb.Checkpoint> ---------------- begin ----------------
2026-07-05 01:29:34.301 INFO  <mkdb.Checkpoint> marshalN=1/0
2026-07-05 01:29:34.301 INFO  <mkdb.Checkpoint> snapshot=0 marshal0=0
2026-07-05 01:29:34.301 INFO  <mkdb.Checkpoint> flush=0
2026-07-05 01:29:34.301 INFO  <mkdb.Checkpoint> ----------------- end -----------------
2026-07-05 01:30:34.357 INFO  <mkdb.Checkpoint> ---------------- begin ----------------
2026-07-05 01:30:34.357 INFO  <mkdb.Checkpoint> marshalN=1/0
2026-07-05 01:30:34.357 INFO  <mkdb.Checkpoint> snapshot=0 marshal0=0
2026-07-05 01:30:34.357 INFO  <mkdb.Checkpoint> flush=0
2026-07-05 01:30:34.357 INFO  <mkdb.Checkpoint> ----------------- end -----------------
2026-07-05 01:31:34.410 INFO  <mkdb.Checkpoint> ---------------- begin ----------------
2026-07-05 01:31:34.410 INFO  <mkdb.Checkpoint> marshalN=1/0
2026-07-05 01:31:34.410 INFO  <mkdb.Checkpoint> snapshot=0 marshal0=0
2026-07-05 01:31:34.410 INFO  <mkdb.Checkpoint> flush=0
2026-07-05 01:31:34.410 INFO  <mkdb.Checkpoint> ----------------- end -----------------
2026-07-05 01:32:34.465 INFO  <mkdb.Checkpoint> ---------------- begin ----------------
2026-07-05 01:32:34.465 INFO  <mkdb.Checkpoint> marshalN=1/0
2026-07-05 01:32:34.465 INFO  <mkdb.Checkpoint> snapshot=0 marshal0=0
2026-07-05 01:32:34.465 INFO  <mkdb.Checkpoint> flush=0
2026-07-05 01:32:34.465 INFO  <mkdb.Checkpoint> ----------------- end -----------------
2026-07-05 01:33:34.520 INFO  <mkdb.Checkpoint> ---------------- begin ----------------
2026-07-05 01:33:34.520 INFO  <mkdb.Checkpoint> marshalN=1/0
2026-07-05 01:33:34.520 INFO  <mkdb.Checkpoint> snapshot=0 marshal0=0
2026-07-05 01:33:34.520 INFO  <mkdb.Checkpoint> flush=0
2026-07-05 01:33:34.520 INFO  <mkdb.Checkpoint> ----------------- end -----------------
2026-07-05 01:34:34.575 INFO  <mkdb.Checkpoint> ---------------- begin ----------------
2026-07-05 01:34:34.575 INFO  <mkdb.Checkpoint> marshalN=1/0
2026-07-05 01:34:34.575 INFO  <mkdb.Checkpoint> snapshot=0 marshal0=0
2026-07-05 01:34:34.575 INFO  <mkdb.Checkpoint> flush=0
2026-07-05 01:34:34.576 INFO  <mkdb.Checkpoint> ----------------- end -----------------
2026-07-05 01:35:34.632 INFO  <mkdb.Checkpoint> ---------------- begin ----------------
2026-07-05 01:35:34.632 INFO  <mkdb.Checkpoint> marshalN=1/0
2026-07-05 01:35:34.632 INFO  <mkdb.Checkpoint> snapshot=0 marshal0=0
2026-07-05 01:35:34.632 INFO  <mkdb.Checkpoint> flush=0
2026-07-05 01:35:34.632 INFO  <mkdb.Checkpoint> ----------------- end -----------------
2026-07-05 01:36:34.685 INFO  <mkdb.Checkpoint> ---------------- begin ----------------
2026-07-05 01:36:34.685 INFO  <mkdb.Checkpoint> marshalN=1/0
2026-07-05 01:36:34.685 INFO  <mkdb.Checkpoint> snapshot=0 marshal0=0
2026-07-05 01:36:34.685 INFO  <mkdb.Checkpoint> flush=0
2026-07-05 01:36:34.685 INFO  <mkdb.Checkpoint> ----------------- end -----------------
2026-07-05 01:37:34.737 INFO  <mkdb.Checkpoint> ---------------- begin ----------------
2026-07-05 01:37:34.737 INFO  <mkdb.Checkpoint> marshalN=1/0
2026-07-05 01:37:34.737 INFO  <mkdb.Checkpoint> snapshot=0 marshal0=0
2026-07-05 01:37:34.737 INFO  <mkdb.Checkpoint> flush=0
2026-07-05 01:37:34.737 INFO  <mkdb.Checkpoint> ----------------- end -----------------
2026-07-05 01:38:34.793 INFO  <mkdb.Checkpoint> ---------------- begin ----------------
2026-07-05 01:38:34.793 INFO  <mkdb.Checkpoint> marshalN=1/0
2026-07-05 01:38:34.793 INFO  <mkdb.Checkpoint> snapshot=0 marshal0=0
2026-07-05 01:38:34.793 INFO  <mkdb.Checkpoint> flush=0
2026-07-05 01:38:34.793 INFO  <mkdb.Checkpoint> ----------------- end -----------------
2026-07-05 01:39:34.848 INFO  <mkdb.Checkpoint> ---------------- begin ----------------
2026-07-05 01:39:34.848 INFO  <mkdb.Checkpoint> marshalN=1/0
2026-07-05 01:39:34.848 INFO  <mkdb.Checkpoint> snapshot=0 marshal0=0
2026-07-05 01:39:34.848 INFO  <mkdb.Checkpoint> flush=0
2026-07-05 01:39:34.848 INFO  <mkdb.Checkpoint> ----------------- end -----------------
2026-07-05 01:40:34.904 INFO  <mkdb.Checkpoint> ---------------- begin ----------------
2026-07-05 01:40:34.904 INFO  <mkdb.Checkpoint> marshalN=1/0
2026-07-05 01:40:34.904 INFO  <mkdb.Checkpoint> snapshot=0 marshal0=0
2026-07-05 01:40:34.904 INFO  <mkdb.Checkpoint> flush=0
2026-07-05 01:40:34.904 INFO  <mkdb.Checkpoint> ----------------- end -----------------
2026-07-05 01:41:34.962 INFO  <mkdb.Checkpoint> ---------------- begin ----------------
2026-07-05 01:41:34.962 INFO  <mkdb.Checkpoint> marshalN=1/0
2026-07-05 01:41:34.962 INFO  <mkdb.Checkpoint> snapshot=0 marshal0=0
2026-07-05 01:41:34.962 INFO  <mkdb.Checkpoint> flush=0
2026-07-05 01:41:34.962 INFO  <mkdb.Checkpoint> ----------------- end -----------------
2026-07-05 01:42:35.019 INFO  <mkdb.Checkpoint> ---------------- begin ----------------
2026-07-05 01:42:35.019 INFO  <mkdb.Checkpoint> marshalN=1/0
2026-07-05 01:42:35.019 INFO  <mkdb.Checkpoint> snapshot=0 marshal0=0
2026-07-05 01:42:35.019 INFO  <mkdb.Checkpoint> flush=0
2026-07-05 01:42:35.019 INFO  <mkdb.Checkpoint> ----------------- end -----------------
2026-07-05 01:43:35.077 INFO  <mkdb.Checkpoint> ---------------- begin ----------------
2026-07-05 01:43:35.077 INFO  <mkdb.Checkpoint> marshalN=1/0
2026-07-05 01:43:35.077 INFO  <mkdb.Checkpoint> snapshot=0 marshal0=0
2026-07-05 01:43:35.077 INFO  <mkdb.Checkpoint> flush=0
2026-07-05 01:43:35.077 INFO  <mkdb.Checkpoint> ----------------- end -----------------
2026-07-05 01:44:35.133 INFO  <mkdb.Checkpoint> ---------------- begin ----------------
2026-07-05 01:44:35.133 INFO  <mkdb.Checkpoint> marshalN=1/0
2026-07-05 01:44:35.133 INFO  <mkdb.Checkpoint> snapshot=0 marshal0=0
2026-07-05 01:44:35.133 INFO  <mkdb.Checkpoint> flush=0
2026-07-05 01:44:35.133 INFO  <mkdb.Checkpoint> ----------------- end -----------------
2026-07-05 01:45:35.193 INFO  <mkdb.Checkpoint> ---------------- begin ----------------
2026-07-05 01:45:35.193 INFO  <mkdb.Checkpoint> marshalN=1/0
2026-07-05 01:45:35.193 INFO  <mkdb.Checkpoint> snapshot=0 marshal0=0
2026-07-05 01:45:35.193 INFO  <mkdb.Checkpoint> flush=0
2026-07-05 01:45:35.193 INFO  <mkdb.Checkpoint> ----------------- end -----------------
2026-07-05 01:46:35.249 INFO  <mkdb.Checkpoint> ---------------- begin ----------------
2026-07-05 01:46:35.249 INFO  <mkdb.Checkpoint> marshalN=1/0
2026-07-05 01:46:35.249 INFO  <mkdb.Checkpoint> snapshot=0 marshal0=0
2026-07-05 01:46:35.249 INFO  <mkdb.Checkpoint> flush=0
2026-07-05 01:46:35.249 INFO  <mkdb.Checkpoint> ----------------- end -----------------
2026-07-05 01:47:35.307 INFO  <mkdb.Checkpoint> ---------------- begin ----------------
2026-07-05 01:47:35.307 INFO  <mkdb.Checkpoint> marshalN=1/0
2026-07-05 01:47:35.307 INFO  <mkdb.Checkpoint> snapshot=0 marshal0=0
2026-07-05 01:47:35.307 INFO  <mkdb.Checkpoint> flush=0
2026-07-05 01:47:35.307 INFO  <mkdb.Checkpoint> ----------------- end -----------------
2026-07-05 01:48:35.368 INFO  <mkdb.Checkpoint> ---------------- begin ----------------
2026-07-05 01:48:35.368 INFO  <mkdb.Checkpoint> marshalN=1/0
2026-07-05 01:48:35.368 INFO  <mkdb.Checkpoint> snapshot=0 marshal0=0
2026-07-05 01:48:35.368 INFO  <mkdb.Checkpoint> flush=0
2026-07-05 01:48:35.368 INFO  <mkdb.Checkpoint> ----------------- end -----------------
2026-07-05 01:49:35.426 INFO  <mkdb.Checkpoint> ---------------- begin ----------------
2026-07-05 01:49:35.426 INFO  <mkdb.Checkpoint> marshalN=1/0
2026-07-05 01:49:35.426 INFO  <mkdb.Checkpoint> snapshot=0 marshal0=0
2026-07-05 01:49:35.426 INFO  <mkdb.Checkpoint> flush=0
2026-07-05 01:49:35.426 INFO  <mkdb.Checkpoint> ----------------- end -----------------
2026-07-05 01:50:35.484 INFO  <mkdb.Checkpoint> ---------------- begin ----------------
2026-07-05 01:50:35.484 INFO  <mkdb.Checkpoint> marshalN=1/0
2026-07-05 01:50:35.484 INFO  <mkdb.Checkpoint> snapshot=0 marshal0=0
2026-07-05 01:50:35.484 INFO  <mkdb.Checkpoint> flush=0
2026-07-05 01:50:35.484 INFO  <mkdb.Checkpoint> ----------------- end -----------------
2026-07-05 01:51:35.541 INFO  <mkdb.Checkpoint> ---------------- begin ----------------
2026-07-05 01:51:35.541 INFO  <mkdb.Checkpoint> marshalN=1/0
2026-07-05 01:51:35.541 INFO  <mkdb.Checkpoint> snapshot=0 marshal0=0
2026-07-05 01:51:35.541 INFO  <mkdb.Checkpoint> flush=0
2026-07-05 01:51:35.541 INFO  <mkdb.Checkpoint> ----------------- end -----------------
2026-07-05 01:52:35.596 INFO  <mkdb.Checkpoint> ---------------- begin ----------------
2026-07-05 01:52:35.596 INFO  <mkdb.Checkpoint> marshalN=1/0
2026-07-05 01:52:35.596 INFO  <mkdb.Checkpoint> snapshot=0 marshal0=0
2026-07-05 01:52:35.596 INFO  <mkdb.Checkpoint> flush=0
2026-07-05 01:52:35.596 INFO  <mkdb.Checkpoint> ----------------- end -----------------
2026-07-05 01:53:35.653 INFO  <mkdb.Checkpoint> ---------------- begin ----------------
2026-07-05 01:53:35.653 INFO  <mkdb.Checkpoint> marshalN=1/0
2026-07-05 01:53:35.653 INFO  <mkdb.Checkpoint> snapshot=0 marshal0=0
2026-07-05 01:53:35.653 INFO  <mkdb.Checkpoint> flush=0
2026-07-05 01:53:35.653 INFO  <mkdb.Checkpoint> ----------------- end -----------------
2026-07-05 01:54:35.709 INFO  <mkdb.Checkpoint> ---------------- begin ----------------
2026-07-05 01:54:35.709 INFO  <mkdb.Checkpoint> marshalN=1/0
2026-07-05 01:54:35.709 INFO  <mkdb.Checkpoint> snapshot=0 marshal0=0
2026-07-05 01:54:35.709 INFO  <mkdb.Checkpoint> flush=0
2026-07-05 01:54:35.709 INFO  <mkdb.Checkpoint> ----------------- end -----------------
2026-07-05 01:55:35.761 INFO  <mkdb.Checkpoint> ---------------- begin ----------------
2026-07-05 01:55:35.761 INFO  <mkdb.Checkpoint> marshalN=1/0
2026-07-05 01:55:35.761 INFO  <mkdb.Checkpoint> snapshot=0 marshal0=0
2026-07-05 01:55:35.761 INFO  <mkdb.Checkpoint> flush=0
2026-07-05 01:55:35.761 INFO  <mkdb.Checkpoint> ----------------- end -----------------
2026-07-05 01:56:35.813 INFO  <mkdb.Checkpoint> ---------------- begin ----------------
2026-07-05 01:56:35.813 INFO  <mkdb.Checkpoint> marshalN=1/0
2026-07-05 01:56:35.813 INFO  <mkdb.Checkpoint> snapshot=0 marshal0=0
2026-07-05 01:56:35.813 INFO  <mkdb.Checkpoint> flush=0
2026-07-05 01:56:35.813 INFO  <mkdb.Checkpoint> ----------------- end -----------------
2026-07-05 01:57:35.864 INFO  <mkdb.Checkpoint> ---------------- begin ----------------
2026-07-05 01:57:35.864 INFO  <mkdb.Checkpoint> marshalN=1/0
2026-07-05 01:57:35.864 INFO  <mkdb.Checkpoint> snapshot=0 marshal0=0
2026-07-05 01:57:35.864 INFO  <mkdb.Checkpoint> flush=0
2026-07-05 01:57:35.864 INFO  <mkdb.Checkpoint> ----------------- end -----------------
2026-07-05 01:58:35.912 INFO  <mkdb.Checkpoint> ---------------- begin ----------------
2026-07-05 01:58:35.912 INFO  <mkdb.Checkpoint> marshalN=1/0
2026-07-05 01:58:35.912 INFO  <mkdb.Checkpoint> snapshot=0 marshal0=0
2026-07-05 01:58:35.912 INFO  <mkdb.Checkpoint> flush=0
2026-07-05 01:58:35.912 INFO  <mkdb.Checkpoint> ----------------- end -----------------
2026-07-05 01:59:35.969 INFO  <mkdb.Checkpoint> ---------------- begin ----------------
2026-07-05 01:59:35.969 INFO  <mkdb.Checkpoint> marshalN=1/0
2026-07-05 01:59:35.969 INFO  <mkdb.Checkpoint> snapshot=0 marshal0=0
2026-07-05 01:59:35.969 INFO  <mkdb.Checkpoint> flush=0
2026-07-05 01:59:35.969 INFO  <mkdb.Checkpoint> ----------------- end -----------------
2026-07-05 02:00:36.020 INFO  <mkdb.Checkpoint> ---------------- begin ----------------
2026-07-05 02:00:36.020 INFO  <mkdb.Checkpoint> marshalN=1/0
2026-07-05 02:00:36.021 INFO  <mkdb.Checkpoint> snapshot=0 marshal0=0
2026-07-05 02:00:36.021 INFO  <mkdb.Checkpoint> flush=0
2026-07-05 02:00:36.021 INFO  <mkdb.Checkpoint> ----------------- end -----------------
2026-07-05 02:01:28.065 WARN  <mkdb.Backup> backup FULL begin
2026-07-05 02:01:28.066 WARN  <mkdb.Backup> backup FULL end
2026-07-05 02:01:36.072 INFO  <mkdb.Checkpoint> ---------------- begin ----------------
2026-07-05 02:01:36.072 INFO  <mkdb.Checkpoint> marshalN=1/0
2026-07-05 02:01:36.072 INFO  <mkdb.Checkpoint> snapshot=0 marshal0=0
2026-07-05 02:01:36.072 INFO  <mkdb.Checkpoint> flush=0
2026-07-05 02:01:36.072 INFO  <mkdb.Checkpoint> ----------------- end -----------------
2026-07-05 02:02:36.124 INFO  <mkdb.Checkpoint> ---------------- begin ----------------
2026-07-05 02:02:36.124 INFO  <mkdb.Checkpoint> marshalN=1/0
2026-07-05 02:02:36.124 INFO  <mkdb.Checkpoint> snapshot=0 marshal0=0
2026-07-05 02:02:36.124 INFO  <mkdb.Checkpoint> flush=0
2026-07-05 02:02:36.124 INFO  <mkdb.Checkpoint> ----------------- end -----------------
2026-07-05 02:03:36.177 INFO  <mkdb.Checkpoint> ---------------- begin ----------------
2026-07-05 02:03:36.177 INFO  <mkdb.Checkpoint> marshalN=1/0
2026-07-05 02:03:36.177 INFO  <mkdb.Checkpoint> snapshot=0 marshal0=0
2026-07-05 02:03:36.177 INFO  <mkdb.Checkpoint> flush=0
2026-07-05 02:03:36.177 INFO  <mkdb.Checkpoint> ----------------- end -----------------
2026-07-05 02:04:36.228 INFO  <mkdb.Checkpoint> ---------------- begin ----------------
2026-07-05 02:04:36.228 INFO  <mkdb.Checkpoint> marshalN=1/0
2026-07-05 02:04:36.228 INFO  <mkdb.Checkpoint> snapshot=0 marshal0=0
2026-07-05 02:04:36.228 INFO  <mkdb.Checkpoint> flush=0
2026-07-05 02:04:36.228 INFO  <mkdb.Checkpoint> ----------------- end -----------------
2026-07-05 02:05:36.279 INFO  <mkdb.Checkpoint> ---------------- begin ----------------
2026-07-05 02:05:36.279 INFO  <mkdb.Checkpoint> marshalN=1/0
2026-07-05 02:05:36.279 INFO  <mkdb.Checkpoint> snapshot=0 marshal0=0
2026-07-05 02:05:36.279 INFO  <mkdb.Checkpoint> flush=0
2026-07-05 02:05:36.280 INFO  <mkdb.Checkpoint> ----------------- end -----------------
2026-07-05 02:06:36.336 INFO  <mkdb.Checkpoint> ---------------- begin ----------------
2026-07-05 02:06:36.336 INFO  <mkdb.Checkpoint> marshalN=1/0
2026-07-05 02:06:36.336 INFO  <mkdb.Checkpoint> snapshot=0 marshal0=0
2026-07-05 02:06:36.336 INFO  <mkdb.Checkpoint> flush=0
2026-07-05 02:06:36.336 INFO  <mkdb.Checkpoint> ----------------- end -----------------
2026-07-05 02:07:36.387 INFO  <mkdb.Checkpoint> ---------------- begin ----------------
2026-07-05 02:07:36.387 INFO  <mkdb.Checkpoint> marshalN=1/0
2026-07-05 02:07:36.387 INFO  <mkdb.Checkpoint> snapshot=0 marshal0=0
2026-07-05 02:07:36.387 INFO  <mkdb.Checkpoint> flush=0
2026-07-05 02:07:36.387 INFO  <mkdb.Checkpoint> ----------------- end -----------------
2026-07-05 02:08:36.440 INFO  <mkdb.Checkpoint> ---------------- begin ----------------
2026-07-05 02:08:36.440 INFO  <mkdb.Checkpoint> marshalN=1/0
2026-07-05 02:08:36.440 INFO  <mkdb.Checkpoint> snapshot=0 marshal0=0
2026-07-05 02:08:36.440 INFO  <mkdb.Checkpoint> flush=0
2026-07-05 02:08:36.440 INFO  <mkdb.Checkpoint> ----------------- end -----------------
2026-07-05 02:09:36.495 INFO  <mkdb.Checkpoint> ---------------- begin ----------------
2026-07-05 02:09:36.495 INFO  <mkdb.Checkpoint> marshalN=1/0
2026-07-05 02:09:36.495 INFO  <mkdb.Checkpoint> snapshot=0 marshal0=0
2026-07-05 02:09:36.495 INFO  <mkdb.Checkpoint> flush=0
2026-07-05 02:09:36.495 INFO  <mkdb.Checkpoint> ----------------- end -----------------
2026-07-05 02:10:36.548 INFO  <mkdb.Checkpoint> ---------------- begin ----------------
2026-07-05 02:10:36.548 INFO  <mkdb.Checkpoint> marshalN=1/0
2026-07-05 02:10:36.548 INFO  <mkdb.Checkpoint> snapshot=0 marshal0=0
2026-07-05 02:10:36.548 INFO  <mkdb.Checkpoint> flush=0
2026-07-05 02:10:36.548 INFO  <mkdb.Checkpoint> ----------------- end -----------------
2026-07-05 02:11:36.600 INFO  <mkdb.Checkpoint> ---------------- begin ----------------
2026-07-05 02:11:36.600 INFO  <mkdb.Checkpoint> marshalN=1/0
2026-07-05 02:11:36.600 INFO  <mkdb.Checkpoint> snapshot=0 marshal0=0
2026-07-05 02:11:36.600 INFO  <mkdb.Checkpoint> flush=0
2026-07-05 02:11:36.600 INFO  <mkdb.Checkpoint> ----------------- end -----------------
2026-07-05 02:12:36.658 INFO  <mkdb.Checkpoint> ---------------- begin ----------------
2026-07-05 02:12:36.658 INFO  <mkdb.Checkpoint> marshalN=1/0
2026-07-05 02:12:36.658 INFO  <mkdb.Checkpoint> snapshot=0 marshal0=0
2026-07-05 02:12:36.658 INFO  <mkdb.Checkpoint> flush=0
2026-07-05 02:12:36.658 INFO  <mkdb.Checkpoint> ----------------- end -----------------
2026-07-05 02:13:36.709 INFO  <mkdb.Checkpoint> ---------------- begin ----------------
2026-07-05 02:13:36.709 INFO  <mkdb.Checkpoint> marshalN=1/0
2026-07-05 02:13:36.709 INFO  <mkdb.Checkpoint> snapshot=0 marshal0=0
2026-07-05 02:13:36.709 INFO  <mkdb.Checkpoint> flush=0
2026-07-05 02:13:36.709 INFO  <mkdb.Checkpoint> ----------------- end -----------------
2026-07-05 02:14:36.761 INFO  <mkdb.Checkpoint> ---------------- begin ----------------
2026-07-05 02:14:36.761 INFO  <mkdb.Checkpoint> marshalN=1/0
2026-07-05 02:14:36.761 INFO  <mkdb.Checkpoint> snapshot=0 marshal0=0
2026-07-05 02:14:36.761 INFO  <mkdb.Checkpoint> flush=0
2026-07-05 02:14:36.761 INFO  <mkdb.Checkpoint> ----------------- end -----------------
2026-07-05 02:15:36.816 INFO  <mkdb.Checkpoint> ---------------- begin ----------------
2026-07-05 02:15:36.816 INFO  <mkdb.Checkpoint> marshalN=1/0
2026-07-05 02:15:36.816 INFO  <mkdb.Checkpoint> snapshot=0 marshal0=0
2026-07-05 02:15:36.816 INFO  <mkdb.Checkpoint> flush=0
2026-07-05 02:15:36.816 INFO  <mkdb.Checkpoint> ----------------- end -----------------
2026-07-05 02:16:36.868 INFO  <mkdb.Checkpoint> ---------------- begin ----------------
2026-07-05 02:16:36.868 INFO  <mkdb.Checkpoint> marshalN=1/0
2026-07-05 02:16:36.868 INFO  <mkdb.Checkpoint> snapshot=0 marshal0=0
2026-07-05 02:16:36.868 INFO  <mkdb.Checkpoint> flush=0
2026-07-05 02:16:36.868 INFO  <mkdb.Checkpoint> ----------------- end -----------------
2026-07-05 02:17:36.920 INFO  <mkdb.Checkpoint> ---------------- begin ----------------
2026-07-05 02:17:36.920 INFO  <mkdb.Checkpoint> marshalN=1/0
2026-07-05 02:17:36.920 INFO  <mkdb.Checkpoint> snapshot=0 marshal0=0
2026-07-05 02:17:36.920 INFO  <mkdb.Checkpoint> flush=0
2026-07-05 02:17:36.920 INFO  <mkdb.Checkpoint> ----------------- end -----------------
2026-07-05 02:18:36.974 INFO  <mkdb.Checkpoint> ---------------- begin ----------------
2026-07-05 02:18:36.974 INFO  <mkdb.Checkpoint> marshalN=1/0
2026-07-05 02:18:36.974 INFO  <mkdb.Checkpoint> snapshot=0 marshal0=0
2026-07-05 02:18:36.974 INFO  <mkdb.Checkpoint> flush=0
2026-07-05 02:18:36.974 INFO  <mkdb.Checkpoint> ----------------- end -----------------
2026-07-05 02:19:37.043 INFO  <mkdb.Checkpoint> ---------------- begin ----------------
2026-07-05 02:19:37.044 INFO  <mkdb.Checkpoint> marshalN=1/0
2026-07-05 02:19:37.044 INFO  <mkdb.Checkpoint> snapshot=0 marshal0=0
2026-07-05 02:19:37.044 INFO  <mkdb.Checkpoint> flush=0
2026-07-05 02:19:37.044 INFO  <mkdb.Checkpoint> ----------------- end -----------------
2026-07-05 02:20:37.094 INFO  <mkdb.Checkpoint> ---------------- begin ----------------
2026-07-05 02:20:37.094 INFO  <mkdb.Checkpoint> marshalN=1/0
2026-07-05 02:20:37.094 INFO  <mkdb.Checkpoint> snapshot=0 marshal0=0
2026-07-05 02:20:37.094 INFO  <mkdb.Checkpoint> flush=0
2026-07-05 02:20:37.094 INFO  <mkdb.Checkpoint> ----------------- end -----------------
2026-07-05 02:21:37.148 INFO  <mkdb.Checkpoint> ---------------- begin ----------------
2026-07-05 02:21:37.148 INFO  <mkdb.Checkpoint> marshalN=1/0
2026-07-05 02:21:37.149 INFO  <mkdb.Checkpoint> snapshot=0 marshal0=0
2026-07-05 02:21:37.149 INFO  <mkdb.Checkpoint> flush=0
2026-07-05 02:21:37.149 INFO  <mkdb.Checkpoint> ----------------- end -----------------
2026-07-05 02:22:37.200 INFO  <mkdb.Checkpoint> ---------------- begin ----------------
2026-07-05 02:22:37.200 INFO  <mkdb.Checkpoint> marshalN=1/0
2026-07-05 02:22:37.200 INFO  <mkdb.Checkpoint> snapshot=0 marshal0=0
2026-07-05 02:22:37.200 INFO  <mkdb.Checkpoint> flush=0
2026-07-05 02:22:37.200 INFO  <mkdb.Checkpoint> ----------------- end -----------------
2026-07-05 02:23:37.262 INFO  <mkdb.Checkpoint> ---------------- begin ----------------
2026-07-05 02:23:37.262 INFO  <mkdb.Checkpoint> marshalN=1/0
2026-07-05 02:23:37.262 INFO  <mkdb.Checkpoint> snapshot=0 marshal0=0
2026-07-05 02:23:37.262 INFO  <mkdb.Checkpoint> flush=0
2026-07-05 02:23:37.262 INFO  <mkdb.Checkpoint> ----------------- end -----------------
2026-07-05 02:24:37.319 INFO  <mkdb.Checkpoint> ---------------- begin ----------------
2026-07-05 02:24:37.319 INFO  <mkdb.Checkpoint> marshalN=1/0
2026-07-05 02:24:37.319 INFO  <mkdb.Checkpoint> snapshot=0 marshal0=0
2026-07-05 02:24:37.319 INFO  <mkdb.Checkpoint> flush=0
2026-07-05 02:24:37.319 INFO  <mkdb.Checkpoint> ----------------- end -----------------
2026-07-05 02:25:37.374 INFO  <mkdb.Checkpoint> ---------------- begin ----------------
2026-07-05 02:25:37.374 INFO  <mkdb.Checkpoint> marshalN=1/0
2026-07-05 02:25:37.374 INFO  <mkdb.Checkpoint> snapshot=0 marshal0=0
2026-07-05 02:25:37.374 INFO  <mkdb.Checkpoint> flush=0
2026-07-05 02:25:37.374 INFO  <mkdb.Checkpoint> ----------------- end -----------------
2026-07-05 02:26:37.431 INFO  <mkdb.Checkpoint> ---------------- begin ----------------
2026-07-05 02:26:37.431 INFO  <mkdb.Checkpoint> marshalN=1/0
2026-07-05 02:26:37.431 INFO  <mkdb.Checkpoint> snapshot=0 marshal0=0
2026-07-05 02:26:37.431 INFO  <mkdb.Checkpoint> flush=0
2026-07-05 02:26:37.431 INFO  <mkdb.Checkpoint> ----------------- end -----------------
2026-07-05 02:27:37.492 INFO  <mkdb.Checkpoint> ---------------- begin ----------------
2026-07-05 02:27:37.492 INFO  <mkdb.Checkpoint> marshalN=1/0
2026-07-05 02:27:37.492 INFO  <mkdb.Checkpoint> snapshot=0 marshal0=0
2026-07-05 02:27:37.492 INFO  <mkdb.Checkpoint> flush=0
2026-07-05 02:27:37.492 INFO  <mkdb.Checkpoint> ----------------- end -----------------
2026-07-05 02:28:37.553 INFO  <mkdb.Checkpoint> ---------------- begin ----------------
2026-07-05 02:28:37.553 INFO  <mkdb.Checkpoint> marshalN=1/0
2026-07-05 02:28:37.553 INFO  <mkdb.Checkpoint> snapshot=0 marshal0=0
2026-07-05 02:28:37.553 INFO  <mkdb.Checkpoint> flush=0
2026-07-05 02:28:37.553 INFO  <mkdb.Checkpoint> ----------------- end -----------------
2026-07-05 02:29:37.612 INFO  <mkdb.Checkpoint> ---------------- begin ----------------
2026-07-05 02:29:37.612 INFO  <mkdb.Checkpoint> marshalN=1/0
2026-07-05 02:29:37.612 INFO  <mkdb.Checkpoint> snapshot=0 marshal0=0
2026-07-05 02:29:37.612 INFO  <mkdb.Checkpoint> flush=0
2026-07-05 02:29:37.612 INFO  <mkdb.Checkpoint> ----------------- end -----------------
2026-07-05 02:30:37.669 INFO  <mkdb.Checkpoint> ---------------- begin ----------------
2026-07-05 02:30:37.669 INFO  <mkdb.Checkpoint> marshalN=1/0
2026-07-05 02:30:37.669 INFO  <mkdb.Checkpoint> snapshot=0 marshal0=0
2026-07-05 02:30:37.669 INFO  <mkdb.Checkpoint> flush=0
2026-07-05 02:30:37.669 INFO  <mkdb.Checkpoint> ----------------- end -----------------
2026-07-05 02:31:37.726 INFO  <mkdb.Checkpoint> ---------------- begin ----------------
2026-07-05 02:31:37.727 INFO  <mkdb.Checkpoint> marshalN=1/0
2026-07-05 02:31:37.727 INFO  <mkdb.Checkpoint> snapshot=0 marshal0=0
2026-07-05 02:31:37.727 INFO  <mkdb.Checkpoint> flush=0
2026-07-05 02:31:37.727 INFO  <mkdb.Checkpoint> ----------------- end -----------------
2026-07-05 02:32:37.788 INFO  <mkdb.Checkpoint> ---------------- begin ----------------
2026-07-05 02:32:37.788 INFO  <mkdb.Checkpoint> marshalN=1/0
2026-07-05 02:32:37.788 INFO  <mkdb.Checkpoint> snapshot=0 marshal0=0
2026-07-05 02:32:37.788 INFO  <mkdb.Checkpoint> flush=0
2026-07-05 02:32:37.788 INFO  <mkdb.Checkpoint> ----------------- end -----------------
2026-07-05 02:33:37.846 INFO  <mkdb.Checkpoint> ---------------- begin ----------------
2026-07-05 02:33:37.846 INFO  <mkdb.Checkpoint> marshalN=1/0
2026-07-05 02:33:37.846 INFO  <mkdb.Checkpoint> snapshot=0 marshal0=0
2026-07-05 02:33:37.846 INFO  <mkdb.Checkpoint> flush=0
2026-07-05 02:33:37.846 INFO  <mkdb.Checkpoint> ----------------- end -----------------
2026-07-05 02:34:37.905 INFO  <mkdb.Checkpoint> ---------------- begin ----------------
2026-07-05 02:34:37.905 INFO  <mkdb.Checkpoint> marshalN=1/0
2026-07-05 02:34:37.905 INFO  <mkdb.Checkpoint> snapshot=0 marshal0=0
2026-07-05 02:34:37.905 INFO  <mkdb.Checkpoint> flush=0
2026-07-05 02:34:37.905 INFO  <mkdb.Checkpoint> ----------------- end -----------------
2026-07-05 02:35:37.965 INFO  <mkdb.Checkpoint> ---------------- begin ----------------
2026-07-05 02:35:37.965 INFO  <mkdb.Checkpoint> marshalN=1/0
2026-07-05 02:35:37.965 INFO  <mkdb.Checkpoint> snapshot=0 marshal0=0
2026-07-05 02:35:37.965 INFO  <mkdb.Checkpoint> flush=0
2026-07-05 02:35:37.965 INFO  <mkdb.Checkpoint> ----------------- end -----------------
2026-07-05 02:36:38.021 INFO  <mkdb.Checkpoint> ---------------- begin ----------------
2026-07-05 02:36:38.021 INFO  <mkdb.Checkpoint> marshalN=1/0
2026-07-05 02:36:38.021 INFO  <mkdb.Checkpoint> snapshot=0 marshal0=0
2026-07-05 02:36:38.021 INFO  <mkdb.Checkpoint> flush=0
2026-07-05 02:36:38.021 INFO  <mkdb.Checkpoint> ----------------- end -----------------
2026-07-05 02:37:38.080 INFO  <mkdb.Checkpoint> ---------------- begin ----------------
2026-07-05 02:37:38.081 INFO  <mkdb.Checkpoint> marshalN=1/0
2026-07-05 02:37:38.081 INFO  <mkdb.Checkpoint> snapshot=0 marshal0=0
2026-07-05 02:37:38.081 INFO  <mkdb.Checkpoint> flush=0
2026-07-05 02:37:38.081 INFO  <mkdb.Checkpoint> ----------------- end -----------------
2026-07-05 02:38:38.134 INFO  <mkdb.Checkpoint> ---------------- begin ----------------
2026-07-05 02:38:38.134 INFO  <mkdb.Checkpoint> marshalN=1/0
2026-07-05 02:38:38.134 INFO  <mkdb.Checkpoint> snapshot=0 marshal0=0
2026-07-05 02:38:38.134 INFO  <mkdb.Checkpoint> flush=0
2026-07-05 02:38:38.134 INFO  <mkdb.Checkpoint> ----------------- end -----------------
2026-07-05 02:39:38.186 INFO  <mkdb.Checkpoint> ---------------- begin ----------------
2026-07-05 02:39:38.186 INFO  <mkdb.Checkpoint> marshalN=1/0
2026-07-05 02:39:38.186 INFO  <mkdb.Checkpoint> snapshot=0 marshal0=0
2026-07-05 02:39:38.186 INFO  <mkdb.Checkpoint> flush=0
2026-07-05 02:39:38.186 INFO  <mkdb.Checkpoint> ----------------- end -----------------
2026-07-05 02:40:38.238 INFO  <mkdb.Checkpoint> ---------------- begin ----------------
2026-07-05 02:40:38.238 INFO  <mkdb.Checkpoint> marshalN=1/0
2026-07-05 02:40:38.238 INFO  <mkdb.Checkpoint> snapshot=0 marshal0=0
2026-07-05 02:40:38.238 INFO  <mkdb.Checkpoint> flush=0
2026-07-05 02:40:38.238 INFO  <mkdb.Checkpoint> ----------------- end -----------------
2026-07-05 02:41:38.292 INFO  <mkdb.Checkpoint> ---------------- begin ----------------
2026-07-05 02:41:38.292 INFO  <mkdb.Checkpoint> marshalN=1/0
2026-07-05 02:41:38.292 INFO  <mkdb.Checkpoint> snapshot=0 marshal0=0
2026-07-05 02:41:38.292 INFO  <mkdb.Checkpoint> flush=0
2026-07-05 02:41:38.292 INFO  <mkdb.Checkpoint> ----------------- end -----------------
2026-07-05 02:42:38.344 INFO  <mkdb.Checkpoint> ---------------- begin ----------------
2026-07-05 02:42:38.344 INFO  <mkdb.Checkpoint> marshalN=1/0
2026-07-05 02:42:38.344 INFO  <mkdb.Checkpoint> snapshot=0 marshal0=0
2026-07-05 02:42:38.344 INFO  <mkdb.Checkpoint> flush=0
2026-07-05 02:42:38.344 INFO  <mkdb.Checkpoint> ----------------- end -----------------
2026-07-05 02:43:38.396 INFO  <mkdb.Checkpoint> ---------------- begin ----------------
2026-07-05 02:43:38.396 INFO  <mkdb.Checkpoint> marshalN=1/0
2026-07-05 02:43:38.396 INFO  <mkdb.Checkpoint> snapshot=0 marshal0=0
2026-07-05 02:43:38.396 INFO  <mkdb.Checkpoint> flush=0
2026-07-05 02:43:38.396 INFO  <mkdb.Checkpoint> ----------------- end -----------------
2026-07-05 02:44:38.453 INFO  <mkdb.Checkpoint> ---------------- begin ----------------
2026-07-05 02:44:38.453 INFO  <mkdb.Checkpoint> marshalN=1/0
2026-07-05 02:44:38.453 INFO  <mkdb.Checkpoint> snapshot=0 marshal0=0
2026-07-05 02:44:38.453 INFO  <mkdb.Checkpoint> flush=0
2026-07-05 02:44:38.453 INFO  <mkdb.Checkpoint> ----------------- end -----------------
2026-07-05 02:45:38.507 INFO  <mkdb.Checkpoint> ---------------- begin ----------------
2026-07-05 02:45:38.507 INFO  <mkdb.Checkpoint> marshalN=1/0
2026-07-05 02:45:38.507 INFO  <mkdb.Checkpoint> snapshot=0 marshal0=0
2026-07-05 02:45:38.507 INFO  <mkdb.Checkpoint> flush=0
2026-07-05 02:45:38.507 INFO  <mkdb.Checkpoint> ----------------- end -----------------
2026-07-05 02:46:38.562 INFO  <mkdb.Checkpoint> ---------------- begin ----------------
2026-07-05 02:46:38.562 INFO  <mkdb.Checkpoint> marshalN=1/0
2026-07-05 02:46:38.562 INFO  <mkdb.Checkpoint> snapshot=0 marshal0=0
2026-07-05 02:46:38.562 INFO  <mkdb.Checkpoint> flush=0
2026-07-05 02:46:38.562 INFO  <mkdb.Checkpoint> ----------------- end -----------------
2026-07-05 02:47:38.623 INFO  <mkdb.Checkpoint> ---------------- begin ----------------
2026-07-05 02:47:38.623 INFO  <mkdb.Checkpoint> marshalN=1/0
2026-07-05 02:47:38.623 INFO  <mkdb.Checkpoint> snapshot=0 marshal0=0
2026-07-05 02:47:38.623 INFO  <mkdb.Checkpoint> flush=0
2026-07-05 02:47:38.623 INFO  <mkdb.Checkpoint> ----------------- end -----------------
2026-07-05 02:48:38.678 INFO  <mkdb.Checkpoint> ---------------- begin ----------------
2026-07-05 02:48:38.678 INFO  <mkdb.Checkpoint> marshalN=1/0
2026-07-05 02:48:38.678 INFO  <mkdb.Checkpoint> snapshot=0 marshal0=0
2026-07-05 02:48:38.678 INFO  <mkdb.Checkpoint> flush=0
2026-07-05 02:48:38.678 INFO  <mkdb.Checkpoint> ----------------- end -----------------
2026-07-05 02:49:38.745 INFO  <mkdb.Checkpoint> ---------------- begin ----------------
2026-07-05 02:49:38.745 INFO  <mkdb.Checkpoint> marshalN=1/0
2026-07-05 02:49:38.745 INFO  <mkdb.Checkpoint> snapshot=0 marshal0=0
2026-07-05 02:49:38.745 INFO  <mkdb.Checkpoint> flush=0
2026-07-05 02:49:38.745 INFO  <mkdb.Checkpoint> ----------------- end -----------------
2026-07-05 02:50:38.802 INFO  <mkdb.Checkpoint> ---------------- begin ----------------
2026-07-05 02:50:38.802 INFO  <mkdb.Checkpoint> marshalN=1/0
2026-07-05 02:50:38.802 INFO  <mkdb.Checkpoint> snapshot=0 marshal0=0
2026-07-05 02:50:38.802 INFO  <mkdb.Checkpoint> flush=0
2026-07-05 02:50:38.802 INFO  <mkdb.Checkpoint> ----------------- end -----------------
2026-07-05 02:51:38.858 INFO  <mkdb.Checkpoint> ---------------- begin ----------------
2026-07-05 02:51:38.858 INFO  <mkdb.Checkpoint> marshalN=1/0
2026-07-05 02:51:38.858 INFO  <mkdb.Checkpoint> snapshot=0 marshal0=0
2026-07-05 02:51:38.858 INFO  <mkdb.Checkpoint> flush=0
2026-07-05 02:51:38.858 INFO  <mkdb.Checkpoint> ----------------- end -----------------
2026-07-05 02:52:38.915 INFO  <mkdb.Checkpoint> ---------------- begin ----------------
2026-07-05 02:52:38.915 INFO  <mkdb.Checkpoint> marshalN=1/0
2026-07-05 02:52:38.915 INFO  <mkdb.Checkpoint> snapshot=0 marshal0=0
2026-07-05 02:52:38.915 INFO  <mkdb.Checkpoint> flush=0
2026-07-05 02:52:38.915 INFO  <mkdb.Checkpoint> ----------------- end -----------------
2026-07-05 02:53:38.971 INFO  <mkdb.Checkpoint> ---------------- begin ----------------
2026-07-05 02:53:38.971 INFO  <mkdb.Checkpoint> marshalN=1/0
2026-07-05 02:53:38.971 INFO  <mkdb.Checkpoint> snapshot=0 marshal0=0
2026-07-05 02:53:38.971 INFO  <mkdb.Checkpoint> flush=0
2026-07-05 02:53:38.971 INFO  <mkdb.Checkpoint> ----------------- end -----------------
2026-07-05 02:54:39.030 INFO  <mkdb.Checkpoint> ---------------- begin ----------------
2026-07-05 02:54:39.030 INFO  <mkdb.Checkpoint> marshalN=1/0
2026-07-05 02:54:39.030 INFO  <mkdb.Checkpoint> snapshot=0 marshal0=0
2026-07-05 02:54:39.030 INFO  <mkdb.Checkpoint> flush=0
2026-07-05 02:54:39.030 INFO  <mkdb.Checkpoint> ----------------- end -----------------
2026-07-05 02:55:39.090 INFO  <mkdb.Checkpoint> ---------------- begin ----------------
2026-07-05 02:55:39.090 INFO  <mkdb.Checkpoint> marshalN=1/0
2026-07-05 02:55:39.090 INFO  <mkdb.Checkpoint> snapshot=0 marshal0=0
2026-07-05 02:55:39.090 INFO  <mkdb.Checkpoint> flush=0
2026-07-05 02:55:39.090 INFO  <mkdb.Checkpoint> ----------------- end -----------------
2026-07-05 02:56:39.147 INFO  <mkdb.Checkpoint> ---------------- begin ----------------
2026-07-05 02:56:39.147 INFO  <mkdb.Checkpoint> marshalN=1/0
2026-07-05 02:56:39.147 INFO  <mkdb.Checkpoint> snapshot=0 marshal0=0
2026-07-05 02:56:39.147 INFO  <mkdb.Checkpoint> flush=0
2026-07-05 02:56:39.147 INFO  <mkdb.Checkpoint> ----------------- end -----------------
2026-07-05 02:57:39.207 INFO  <mkdb.Checkpoint> ---------------- begin ----------------
2026-07-05 02:57:39.207 INFO  <mkdb.Checkpoint> marshalN=1/0
2026-07-05 02:57:39.207 INFO  <mkdb.Checkpoint> snapshot=0 marshal0=0
2026-07-05 02:57:39.207 INFO  <mkdb.Checkpoint> flush=0
2026-07-05 02:57:39.207 INFO  <mkdb.Checkpoint> ----------------- end -----------------
2026-07-05 02:58:39.265 INFO  <mkdb.Checkpoint> ---------------- begin ----------------
2026-07-05 02:58:39.265 INFO  <mkdb.Checkpoint> marshalN=1/0
2026-07-05 02:58:39.265 INFO  <mkdb.Checkpoint> snapshot=0 marshal0=0
2026-07-05 02:58:39.265 INFO  <mkdb.Checkpoint> flush=0
2026-07-05 02:58:39.265 INFO  <mkdb.Checkpoint> ----------------- end -----------------
2026-07-05 02:59:39.324 INFO  <mkdb.Checkpoint> ---------------- begin ----------------
2026-07-05 02:59:39.324 INFO  <mkdb.Checkpoint> marshalN=1/0
2026-07-05 02:59:39.324 INFO  <mkdb.Checkpoint> snapshot=0 marshal0=0
2026-07-05 02:59:39.324 INFO  <mkdb.Checkpoint> flush=0
2026-07-05 02:59:39.324 INFO  <mkdb.Checkpoint> ----------------- end -----------------
2026-07-05 03:00:39.376 INFO  <mkdb.Checkpoint> ---------------- begin ----------------
2026-07-05 03:00:39.376 INFO  <mkdb.Checkpoint> marshalN=1/0
2026-07-05 03:00:39.376 INFO  <mkdb.Checkpoint> snapshot=0 marshal0=0
2026-07-05 03:00:39.376 INFO  <mkdb.Checkpoint> flush=0
2026-07-05 03:00:39.376 INFO  <mkdb.Checkpoint> ----------------- end -----------------
2026-07-05 03:01:39.430 INFO  <mkdb.Checkpoint> ---------------- begin ----------------
2026-07-05 03:01:39.430 INFO  <mkdb.Checkpoint> marshalN=1/0
2026-07-05 03:01:39.430 INFO  <mkdb.Checkpoint> snapshot=0 marshal0=0
2026-07-05 03:01:39.430 INFO  <mkdb.Checkpoint> flush=0
2026-07-05 03:01:39.430 INFO  <mkdb.Checkpoint> ----------------- end -----------------
2026-07-05 03:02:39.492 INFO  <mkdb.Checkpoint> ---------------- begin ----------------
2026-07-05 03:02:39.492 INFO  <mkdb.Checkpoint> marshalN=1/0
2026-07-05 03:02:39.492 INFO  <mkdb.Checkpoint> snapshot=0 marshal0=0
2026-07-05 03:02:39.492 INFO  <mkdb.Checkpoint> flush=0
2026-07-05 03:02:39.492 INFO  <mkdb.Checkpoint> ----------------- end -----------------
2026-07-05 03:03:39.552 INFO  <mkdb.Checkpoint> ---------------- begin ----------------
2026-07-05 03:03:39.552 INFO  <mkdb.Checkpoint> marshalN=1/0
2026-07-05 03:03:39.552 INFO  <mkdb.Checkpoint> snapshot=0 marshal0=0
2026-07-05 03:03:39.552 INFO  <mkdb.Checkpoint> flush=0
2026-07-05 03:03:39.552 INFO  <mkdb.Checkpoint> ----------------- end -----------------
2026-07-05 03:04:39.607 INFO  <mkdb.Checkpoint> ---------------- begin ----------------
2026-07-05 03:04:39.607 INFO  <mkdb.Checkpoint> marshalN=1/0
2026-07-05 03:04:39.607 INFO  <mkdb.Checkpoint> snapshot=0 marshal0=0
2026-07-05 03:04:39.607 INFO  <mkdb.Checkpoint> flush=0
2026-07-05 03:04:39.607 INFO  <mkdb.Checkpoint> ----------------- end -----------------
2026-07-05 03:05:39.666 INFO  <mkdb.Checkpoint> ---------------- begin ----------------
2026-07-05 03:05:39.666 INFO  <mkdb.Checkpoint> marshalN=1/0
2026-07-05 03:05:39.666 INFO  <mkdb.Checkpoint> snapshot=0 marshal0=0
2026-07-05 03:05:39.666 INFO  <mkdb.Checkpoint> flush=0
2026-07-05 03:05:39.666 INFO  <mkdb.Checkpoint> ----------------- end -----------------
2026-07-05 03:06:39.724 INFO  <mkdb.Checkpoint> ---------------- begin ----------------
2026-07-05 03:06:39.724 INFO  <mkdb.Checkpoint> marshalN=1/0
2026-07-05 03:06:39.724 INFO  <mkdb.Checkpoint> snapshot=0 marshal0=0
2026-07-05 03:06:39.724 INFO  <mkdb.Checkpoint> flush=0
2026-07-05 03:06:39.724 INFO  <mkdb.Checkpoint> ----------------- end -----------------
2026-07-05 03:07:39.781 INFO  <mkdb.Checkpoint> ---------------- begin ----------------
2026-07-05 03:07:39.781 INFO  <mkdb.Checkpoint> marshalN=1/0
2026-07-05 03:07:39.781 INFO  <mkdb.Checkpoint> snapshot=0 marshal0=0
2026-07-05 03:07:39.781 INFO  <mkdb.Checkpoint> flush=0
2026-07-05 03:07:39.781 INFO  <mkdb.Checkpoint> ----------------- end -----------------
2026-07-05 03:08:39.837 INFO  <mkdb.Checkpoint> ---------------- begin ----------------
2026-07-05 03:08:39.838 INFO  <mkdb.Checkpoint> marshalN=1/0
2026-07-05 03:08:39.838 INFO  <mkdb.Checkpoint> snapshot=0 marshal0=0
2026-07-05 03:08:39.838 INFO  <mkdb.Checkpoint> flush=0
2026-07-05 03:08:39.838 INFO  <mkdb.Checkpoint> ----------------- end -----------------
2026-07-05 03:09:39.895 INFO  <mkdb.Checkpoint> ---------------- begin ----------------
2026-07-05 03:09:39.895 INFO  <mkdb.Checkpoint> marshalN=1/0
2026-07-05 03:09:39.895 INFO  <mkdb.Checkpoint> snapshot=0 marshal0=0
2026-07-05 03:09:39.895 INFO  <mkdb.Checkpoint> flush=0
2026-07-05 03:09:39.895 INFO  <mkdb.Checkpoint> ----------------- end -----------------
2026-07-05 03:10:39.953 INFO  <mkdb.Checkpoint> ---------------- begin ----------------
2026-07-05 03:10:39.953 INFO  <mkdb.Checkpoint> marshalN=1/0
2026-07-05 03:10:39.953 INFO  <mkdb.Checkpoint> snapshot=0 marshal0=0
2026-07-05 03:10:39.953 INFO  <mkdb.Checkpoint> flush=0
2026-07-05 03:10:39.953 INFO  <mkdb.Checkpoint> ----------------- end -----------------
2026-07-05 03:11:40.013 INFO  <mkdb.Checkpoint> ---------------- begin ----------------
2026-07-05 03:11:40.013 INFO  <mkdb.Checkpoint> marshalN=1/0
2026-07-05 03:11:40.013 INFO  <mkdb.Checkpoint> snapshot=0 marshal0=0
2026-07-05 03:11:40.013 INFO  <mkdb.Checkpoint> flush=0
2026-07-05 03:11:40.013 INFO  <mkdb.Checkpoint> ----------------- end -----------------
2026-07-05 03:12:40.070 INFO  <mkdb.Checkpoint> ---------------- begin ----------------
2026-07-05 03:12:40.070 INFO  <mkdb.Checkpoint> marshalN=1/0
2026-07-05 03:12:40.070 INFO  <mkdb.Checkpoint> snapshot=0 marshal0=0
2026-07-05 03:12:40.070 INFO  <mkdb.Checkpoint> flush=0
2026-07-05 03:12:40.070 INFO  <mkdb.Checkpoint> ----------------- end -----------------
2026-07-05 03:13:40.125 INFO  <mkdb.Checkpoint> ---------------- begin ----------------
2026-07-05 03:13:40.125 INFO  <mkdb.Checkpoint> marshalN=1/0
2026-07-05 03:13:40.125 INFO  <mkdb.Checkpoint> snapshot=0 marshal0=0
2026-07-05 03:13:40.125 INFO  <mkdb.Checkpoint> flush=0
2026-07-05 03:13:40.125 INFO  <mkdb.Checkpoint> ----------------- end -----------------
2026-07-05 03:14:40.181 INFO  <mkdb.Checkpoint> ---------------- begin ----------------
2026-07-05 03:14:40.181 INFO  <mkdb.Checkpoint> marshalN=1/0
2026-07-05 03:14:40.181 INFO  <mkdb.Checkpoint> snapshot=0 marshal0=0
2026-07-05 03:14:40.181 INFO  <mkdb.Checkpoint> flush=0
2026-07-05 03:14:40.181 INFO  <mkdb.Checkpoint> ----------------- end -----------------
2026-07-05 03:15:40.241 INFO  <mkdb.Checkpoint> ---------------- begin ----------------
2026-07-05 03:15:40.241 INFO  <mkdb.Checkpoint> marshalN=1/0
2026-07-05 03:15:40.241 INFO  <mkdb.Checkpoint> snapshot=0 marshal0=0
2026-07-05 03:15:40.241 INFO  <mkdb.Checkpoint> flush=0
2026-07-05 03:15:40.241 INFO  <mkdb.Checkpoint> ----------------- end -----------------
2026-07-05 03:16:40.292 INFO  <mkdb.Checkpoint> ---------------- begin ----------------
2026-07-05 03:16:40.292 INFO  <mkdb.Checkpoint> marshalN=1/0
2026-07-05 03:16:40.292 INFO  <mkdb.Checkpoint> snapshot=0 marshal0=0
2026-07-05 03:16:40.292 INFO  <mkdb.Checkpoint> flush=0
2026-07-05 03:16:40.292 INFO  <mkdb.Checkpoint> ----------------- end -----------------
2026-07-05 03:17:40.345 INFO  <mkdb.Checkpoint> ---------------- begin ----------------
2026-07-05 03:17:40.345 INFO  <mkdb.Checkpoint> marshalN=1/0
2026-07-05 03:17:40.345 INFO  <mkdb.Checkpoint> snapshot=0 marshal0=0
2026-07-05 03:17:40.345 INFO  <mkdb.Checkpoint> flush=0
2026-07-05 03:17:40.345 INFO  <mkdb.Checkpoint> ----------------- end -----------------
2026-07-05 03:18:40.395 INFO  <mkdb.Checkpoint> ---------------- begin ----------------
2026-07-05 03:18:40.395 INFO  <mkdb.Checkpoint> marshalN=1/0
2026-07-05 03:18:40.395 INFO  <mkdb.Checkpoint> snapshot=0 marshal0=0
2026-07-05 03:18:40.395 INFO  <mkdb.Checkpoint> flush=0
2026-07-05 03:18:40.395 INFO  <mkdb.Checkpoint> ----------------- end -----------------
2026-07-05 03:19:40.446 INFO  <mkdb.Checkpoint> ---------------- begin ----------------
2026-07-05 03:19:40.446 INFO  <mkdb.Checkpoint> marshalN=1/0
2026-07-05 03:19:40.446 INFO  <mkdb.Checkpoint> snapshot=0 marshal0=0
2026-07-05 03:19:40.446 INFO  <mkdb.Checkpoint> flush=0
2026-07-05 03:19:40.446 INFO  <mkdb.Checkpoint> ----------------- end -----------------
2026-07-05 03:20:40.498 INFO  <mkdb.Checkpoint> ---------------- begin ----------------
2026-07-05 03:20:40.498 INFO  <mkdb.Checkpoint> marshalN=1/0
2026-07-05 03:20:40.498 INFO  <mkdb.Checkpoint> snapshot=0 marshal0=0
2026-07-05 03:20:40.498 INFO  <mkdb.Checkpoint> flush=0
2026-07-05 03:20:40.498 INFO  <mkdb.Checkpoint> ----------------- end -----------------
2026-07-05 03:21:40.550 INFO  <mkdb.Checkpoint> ---------------- begin ----------------
2026-07-05 03:21:40.550 INFO  <mkdb.Checkpoint> marshalN=1/0
2026-07-05 03:21:40.550 INFO  <mkdb.Checkpoint> snapshot=0 marshal0=0
2026-07-05 03:21:40.550 INFO  <mkdb.Checkpoint> flush=0
2026-07-05 03:21:40.550 INFO  <mkdb.Checkpoint> ----------------- end -----------------
2026-07-05 03:22:40.603 INFO  <mkdb.Checkpoint> ---------------- begin ----------------
2026-07-05 03:22:40.603 INFO  <mkdb.Checkpoint> marshalN=1/0
2026-07-05 03:22:40.603 INFO  <mkdb.Checkpoint> snapshot=0 marshal0=0
2026-07-05 03:22:40.603 INFO  <mkdb.Checkpoint> flush=0
2026-07-05 03:22:40.603 INFO  <mkdb.Checkpoint> ----------------- end -----------------
2026-07-05 03:23:40.656 INFO  <mkdb.Checkpoint> ---------------- begin ----------------
2026-07-05 03:23:40.656 INFO  <mkdb.Checkpoint> marshalN=1/0
2026-07-05 03:23:40.656 INFO  <mkdb.Checkpoint> snapshot=0 marshal0=0
2026-07-05 03:23:40.656 INFO  <mkdb.Checkpoint> flush=0
2026-07-05 03:23:40.656 INFO  <mkdb.Checkpoint> ----------------- end -----------------
2026-07-05 03:24:40.706 INFO  <mkdb.Checkpoint> ---------------- begin ----------------
2026-07-05 03:24:40.706 INFO  <mkdb.Checkpoint> marshalN=1/0
2026-07-05 03:24:40.706 INFO  <mkdb.Checkpoint> snapshot=0 marshal0=0
2026-07-05 03:24:40.706 INFO  <mkdb.Checkpoint> flush=0
2026-07-05 03:24:40.706 INFO  <mkdb.Checkpoint> ----------------- end -----------------
2026-07-05 03:25:40.758 INFO  <mkdb.Checkpoint> ---------------- begin ----------------
2026-07-05 03:25:40.758 INFO  <mkdb.Checkpoint> marshalN=1/0
2026-07-05 03:25:40.758 INFO  <mkdb.Checkpoint> snapshot=0 marshal0=0
2026-07-05 03:25:40.758 INFO  <mkdb.Checkpoint> flush=0
2026-07-05 03:25:40.758 INFO  <mkdb.Checkpoint> ----------------- end -----------------
2026-07-05 03:26:14.091 WARN  <mkdb.Backup> backup FULL begin
2026-07-05 03:26:14.092 WARN  <mkdb.Backup> backup FULL end
2026-07-05 03:26:40.814 INFO  <mkdb.Checkpoint> ---------------- begin ----------------
2026-07-05 03:26:40.814 INFO  <mkdb.Checkpoint> marshalN=1/0
2026-07-05 03:26:40.814 INFO  <mkdb.Checkpoint> snapshot=0 marshal0=0
2026-07-05 03:26:40.814 INFO  <mkdb.Checkpoint> flush=0
2026-07-05 03:26:40.814 INFO  <mkdb.Checkpoint> ----------------- end -----------------
2026-07-05 03:27:40.865 INFO  <mkdb.Checkpoint> ---------------- begin ----------------
2026-07-05 03:27:40.865 INFO  <mkdb.Checkpoint> marshalN=1/0
2026-07-05 03:27:40.865 INFO  <mkdb.Checkpoint> snapshot=0 marshal0=0
2026-07-05 03:27:40.865 INFO  <mkdb.Checkpoint> flush=0
2026-07-05 03:27:40.865 INFO  <mkdb.Checkpoint> ----------------- end -----------------
2026-07-05 03:28:40.918 INFO  <mkdb.Checkpoint> ---------------- begin ----------------
2026-07-05 03:28:40.918 INFO  <mkdb.Checkpoint> marshalN=1/0
2026-07-05 03:28:40.918 INFO  <mkdb.Checkpoint> snapshot=0 marshal0=0
2026-07-05 03:28:40.918 INFO  <mkdb.Checkpoint> flush=0
2026-07-05 03:28:40.918 INFO  <mkdb.Checkpoint> ----------------- end -----------------
2026-07-05 03:29:40.970 INFO  <mkdb.Checkpoint> ---------------- begin ----------------
2026-07-05 03:29:40.970 INFO  <mkdb.Checkpoint> marshalN=1/0
2026-07-05 03:29:40.970 INFO  <mkdb.Checkpoint> snapshot=0 marshal0=0
2026-07-05 03:29:40.970 INFO  <mkdb.Checkpoint> flush=0
2026-07-05 03:29:40.970 INFO  <mkdb.Checkpoint> ----------------- end -----------------
2026-07-05 03:30:41.022 INFO  <mkdb.Checkpoint> ---------------- begin ----------------
2026-07-05 03:30:41.022 INFO  <mkdb.Checkpoint> marshalN=1/0
2026-07-05 03:30:41.022 INFO  <mkdb.Checkpoint> snapshot=0 marshal0=0
2026-07-05 03:30:41.022 INFO  <mkdb.Checkpoint> flush=0
2026-07-05 03:30:41.022 INFO  <mkdb.Checkpoint> ----------------- end -----------------
2026-07-05 03:31:41.072 INFO  <mkdb.Checkpoint> ---------------- begin ----------------
2026-07-05 03:31:41.072 INFO  <mkdb.Checkpoint> marshalN=1/0
2026-07-05 03:31:41.072 INFO  <mkdb.Checkpoint> snapshot=0 marshal0=0
2026-07-05 03:31:41.072 INFO  <mkdb.Checkpoint> flush=0
2026-07-05 03:31:41.072 INFO  <mkdb.Checkpoint> ----------------- end -----------------
2026-07-05 03:32:41.125 INFO  <mkdb.Checkpoint> ---------------- begin ----------------
2026-07-05 03:32:41.125 INFO  <mkdb.Checkpoint> marshalN=1/0
2026-07-05 03:32:41.125 INFO  <mkdb.Checkpoint> snapshot=0 marshal0=0
2026-07-05 03:32:41.125 INFO  <mkdb.Checkpoint> flush=0
2026-07-05 03:32:41.125 INFO  <mkdb.Checkpoint> ----------------- end -----------------
2026-07-05 03:33:41.175 INFO  <mkdb.Checkpoint> ---------------- begin ----------------
2026-07-05 03:33:41.175 INFO  <mkdb.Checkpoint> marshalN=1/0
2026-07-05 03:33:41.175 INFO  <mkdb.Checkpoint> snapshot=0 marshal0=0
2026-07-05 03:33:41.175 INFO  <mkdb.Checkpoint> flush=0
2026-07-05 03:33:41.175 INFO  <mkdb.Checkpoint> ----------------- end -----------------
2026-07-05 03:34:41.228 INFO  <mkdb.Checkpoint> ---------------- begin ----------------
2026-07-05 03:34:41.228 INFO  <mkdb.Checkpoint> marshalN=1/0
2026-07-05 03:34:41.228 INFO  <mkdb.Checkpoint> snapshot=0 marshal0=0
2026-07-05 03:34:41.228 INFO  <mkdb.Checkpoint> flush=0
2026-07-05 03:34:41.228 INFO  <mkdb.Checkpoint> ----------------- end -----------------
2026-07-05 03:35:41.280 INFO  <mkdb.Checkpoint> ---------------- begin ----------------
2026-07-05 03:35:41.280 INFO  <mkdb.Checkpoint> marshalN=1/0
2026-07-05 03:35:41.280 INFO  <mkdb.Checkpoint> snapshot=0 marshal0=0
2026-07-05 03:35:41.280 INFO  <mkdb.Checkpoint> flush=0
2026-07-05 03:35:41.280 INFO  <mkdb.Checkpoint> ----------------- end -----------------
2026-07-05 03:36:41.331 INFO  <mkdb.Checkpoint> ---------------- begin ----------------
2026-07-05 03:36:41.331 INFO  <mkdb.Checkpoint> marshalN=1/0
2026-07-05 03:36:41.331 INFO  <mkdb.Checkpoint> snapshot=0 marshal0=0
2026-07-05 03:36:41.331 INFO  <mkdb.Checkpoint> flush=0
2026-07-05 03:36:41.331 INFO  <mkdb.Checkpoint> ----------------- end -----------------
2026-07-05 03:37:41.382 INFO  <mkdb.Checkpoint> ---------------- begin ----------------
2026-07-05 03:37:41.382 INFO  <mkdb.Checkpoint> marshalN=1/0
2026-07-05 03:37:41.382 INFO  <mkdb.Checkpoint> snapshot=0 marshal0=0
2026-07-05 03:37:41.382 INFO  <mkdb.Checkpoint> flush=0
2026-07-05 03:37:41.382 INFO  <mkdb.Checkpoint> ----------------- end -----------------
2026-07-05 03:38:41.434 INFO  <mkdb.Checkpoint> ---------------- begin ----------------
2026-07-05 03:38:41.434 INFO  <mkdb.Checkpoint> marshalN=1/0
2026-07-05 03:38:41.434 INFO  <mkdb.Checkpoint> snapshot=0 marshal0=0
2026-07-05 03:38:41.434 INFO  <mkdb.Checkpoint> flush=0
2026-07-05 03:38:41.434 INFO  <mkdb.Checkpoint> ----------------- end -----------------
2026-07-05 03:39:41.486 INFO  <mkdb.Checkpoint> ---------------- begin ----------------
2026-07-05 03:39:41.486 INFO  <mkdb.Checkpoint> marshalN=1/0
2026-07-05 03:39:41.486 INFO  <mkdb.Checkpoint> snapshot=0 marshal0=0
2026-07-05 03:39:41.486 INFO  <mkdb.Checkpoint> flush=0
2026-07-05 03:39:41.486 INFO  <mkdb.Checkpoint> ----------------- end -----------------
2026-07-05 03:40:41.541 INFO  <mkdb.Checkpoint> ---------------- begin ----------------
2026-07-05 03:40:41.541 INFO  <mkdb.Checkpoint> marshalN=1/0
2026-07-05 03:40:41.541 INFO  <mkdb.Checkpoint> snapshot=0 marshal0=0
2026-07-05 03:40:41.541 INFO  <mkdb.Checkpoint> flush=0
2026-07-05 03:40:41.541 INFO  <mkdb.Checkpoint> ----------------- end -----------------
2026-07-05 03:41:41.596 INFO  <mkdb.Checkpoint> ---------------- begin ----------------
2026-07-05 03:41:41.596 INFO  <mkdb.Checkpoint> marshalN=1/0
2026-07-05 03:41:41.596 INFO  <mkdb.Checkpoint> snapshot=0 marshal0=0
2026-07-05 03:41:41.596 INFO  <mkdb.Checkpoint> flush=0
2026-07-05 03:41:41.596 INFO  <mkdb.Checkpoint> ----------------- end -----------------
2026-07-05 03:42:41.648 INFO  <mkdb.Checkpoint> ---------------- begin ----------------
2026-07-05 03:42:41.648 INFO  <mkdb.Checkpoint> marshalN=1/0
2026-07-05 03:42:41.648 INFO  <mkdb.Checkpoint> snapshot=0 marshal0=0
2026-07-05 03:42:41.648 INFO  <mkdb.Checkpoint> flush=0
2026-07-05 03:42:41.648 INFO  <mkdb.Checkpoint> ----------------- end -----------------
2026-07-05 03:43:41.699 INFO  <mkdb.Checkpoint> ---------------- begin ----------------
2026-07-05 03:43:41.699 INFO  <mkdb.Checkpoint> marshalN=1/0
2026-07-05 03:43:41.699 INFO  <mkdb.Checkpoint> snapshot=0 marshal0=0
2026-07-05 03:43:41.699 INFO  <mkdb.Checkpoint> flush=0
2026-07-05 03:43:41.699 INFO  <mkdb.Checkpoint> ----------------- end -----------------
2026-07-05 03:44:41.751 INFO  <mkdb.Checkpoint> ---------------- begin ----------------
2026-07-05 03:44:41.751 INFO  <mkdb.Checkpoint> marshalN=1/0
2026-07-05 03:44:41.751 INFO  <mkdb.Checkpoint> snapshot=0 marshal0=0
2026-07-05 03:44:41.751 INFO  <mkdb.Checkpoint> flush=0
2026-07-05 03:44:41.751 INFO  <mkdb.Checkpoint> ----------------- end -----------------
2026-07-05 03:45:41.803 INFO  <mkdb.Checkpoint> ---------------- begin ----------------
2026-07-05 03:45:41.803 INFO  <mkdb.Checkpoint> marshalN=1/0
2026-07-05 03:45:41.804 INFO  <mkdb.Checkpoint> snapshot=0 marshal0=0
2026-07-05 03:45:41.804 INFO  <mkdb.Checkpoint> flush=0
2026-07-05 03:45:41.804 INFO  <mkdb.Checkpoint> ----------------- end -----------------
2026-07-05 03:46:41.854 INFO  <mkdb.Checkpoint> ---------------- begin ----------------
2026-07-05 03:46:41.854 INFO  <mkdb.Checkpoint> marshalN=1/0
2026-07-05 03:46:41.854 INFO  <mkdb.Checkpoint> snapshot=0 marshal0=0
2026-07-05 03:46:41.854 INFO  <mkdb.Checkpoint> flush=0
2026-07-05 03:46:41.854 INFO  <mkdb.Checkpoint> ----------------- end -----------------
2026-07-05 03:47:41.905 INFO  <mkdb.Checkpoint> ---------------- begin ----------------
2026-07-05 03:47:41.905 INFO  <mkdb.Checkpoint> marshalN=1/0
2026-07-05 03:47:41.905 INFO  <mkdb.Checkpoint> snapshot=0 marshal0=0
2026-07-05 03:47:41.905 INFO  <mkdb.Checkpoint> flush=0
2026-07-05 03:47:41.905 INFO  <mkdb.Checkpoint> ----------------- end -----------------
2026-07-05 03:48:41.957 INFO  <mkdb.Checkpoint> ---------------- begin ----------------
2026-07-05 03:48:41.957 INFO  <mkdb.Checkpoint> marshalN=1/0
2026-07-05 03:48:41.957 INFO  <mkdb.Checkpoint> snapshot=0 marshal0=0
2026-07-05 03:48:41.957 INFO  <mkdb.Checkpoint> flush=0
2026-07-05 03:48:41.957 INFO  <mkdb.Checkpoint> ----------------- end -----------------
2026-07-05 03:49:42.005 INFO  <mkdb.Checkpoint> ---------------- begin ----------------
2026-07-05 03:49:42.005 INFO  <mkdb.Checkpoint> marshalN=1/0
2026-07-05 03:49:42.005 INFO  <mkdb.Checkpoint> snapshot=0 marshal0=0
2026-07-05 03:49:42.005 INFO  <mkdb.Checkpoint> flush=0
2026-07-05 03:49:42.005 INFO  <mkdb.Checkpoint> ----------------- end -----------------
2026-07-05 03:50:42.063 INFO  <mkdb.Checkpoint> ---------------- begin ----------------
2026-07-05 03:50:42.063 INFO  <mkdb.Checkpoint> marshalN=1/0
2026-07-05 03:50:42.063 INFO  <mkdb.Checkpoint> snapshot=0 marshal0=0
2026-07-05 03:50:42.063 INFO  <mkdb.Checkpoint> flush=0
2026-07-05 03:50:42.063 INFO  <mkdb.Checkpoint> ----------------- end -----------------
2026-07-05 03:51:42.115 INFO  <mkdb.Checkpoint> ---------------- begin ----------------
2026-07-05 03:51:42.115 INFO  <mkdb.Checkpoint> marshalN=1/0
2026-07-05 03:51:42.115 INFO  <mkdb.Checkpoint> snapshot=0 marshal0=0
2026-07-05 03:51:42.115 INFO  <mkdb.Checkpoint> flush=0
2026-07-05 03:51:42.116 INFO  <mkdb.Checkpoint> ----------------- end -----------------
2026-07-05 03:52:42.165 INFO  <mkdb.Checkpoint> ---------------- begin ----------------
2026-07-05 03:52:42.165 INFO  <mkdb.Checkpoint> marshalN=1/0
2026-07-05 03:52:42.165 INFO  <mkdb.Checkpoint> snapshot=0 marshal0=0
2026-07-05 03:52:42.165 INFO  <mkdb.Checkpoint> flush=0
2026-07-05 03:52:42.165 INFO  <mkdb.Checkpoint> ----------------- end -----------------
2026-07-05 03:53:42.217 INFO  <mkdb.Checkpoint> ---------------- begin ----------------
2026-07-05 03:53:42.217 INFO  <mkdb.Checkpoint> marshalN=1/0
2026-07-05 03:53:42.217 INFO  <mkdb.Checkpoint> snapshot=0 marshal0=0
2026-07-05 03:53:42.217 INFO  <mkdb.Checkpoint> flush=0
2026-07-05 03:53:42.217 INFO  <mkdb.Checkpoint> ----------------- end -----------------
2026-07-05 03:54:42.269 INFO  <mkdb.Checkpoint> ---------------- begin ----------------
2026-07-05 03:54:42.269 INFO  <mkdb.Checkpoint> marshalN=1/0
2026-07-05 03:54:42.269 INFO  <mkdb.Checkpoint> snapshot=0 marshal0=0
2026-07-05 03:54:42.269 INFO  <mkdb.Checkpoint> flush=0
2026-07-05 03:54:42.269 INFO  <mkdb.Checkpoint> ----------------- end -----------------
2026-07-05 03:55:42.324 INFO  <mkdb.Checkpoint> ---------------- begin ----------------
2026-07-05 03:55:42.324 INFO  <mkdb.Checkpoint> marshalN=1/0
2026-07-05 03:55:42.324 INFO  <mkdb.Checkpoint> snapshot=0 marshal0=0
2026-07-05 03:55:42.324 INFO  <mkdb.Checkpoint> flush=0
2026-07-05 03:55:42.324 INFO  <mkdb.Checkpoint> ----------------- end -----------------
2026-07-05 03:56:42.383 INFO  <mkdb.Checkpoint> ---------------- begin ----------------
2026-07-05 03:56:42.384 INFO  <mkdb.Checkpoint> marshalN=1/0
2026-07-05 03:56:42.384 INFO  <mkdb.Checkpoint> snapshot=0 marshal0=0
2026-07-05 03:56:42.384 INFO  <mkdb.Checkpoint> flush=0
2026-07-05 03:56:42.384 INFO  <mkdb.Checkpoint> ----------------- end -----------------
2026-07-05 03:57:42.439 INFO  <mkdb.Checkpoint> ---------------- begin ----------------
2026-07-05 03:57:42.439 INFO  <mkdb.Checkpoint> marshalN=1/0
2026-07-05 03:57:42.439 INFO  <mkdb.Checkpoint> snapshot=0 marshal0=0
2026-07-05 03:57:42.439 INFO  <mkdb.Checkpoint> flush=0
2026-07-05 03:57:42.439 INFO  <mkdb.Checkpoint> ----------------- end -----------------
2026-07-05 03:58:42.495 INFO  <mkdb.Checkpoint> ---------------- begin ----------------
2026-07-05 03:58:42.495 INFO  <mkdb.Checkpoint> marshalN=1/0
2026-07-05 03:58:42.495 INFO  <mkdb.Checkpoint> snapshot=0 marshal0=0
2026-07-05 03:58:42.495 INFO  <mkdb.Checkpoint> flush=0
2026-07-05 03:58:42.495 INFO  <mkdb.Checkpoint> ----------------- end -----------------
2026-07-05 03:59:42.552 INFO  <mkdb.Checkpoint> ---------------- begin ----------------
2026-07-05 03:59:42.552 INFO  <mkdb.Checkpoint> marshalN=1/0
2026-07-05 03:59:42.552 INFO  <mkdb.Checkpoint> snapshot=0 marshal0=0
2026-07-05 03:59:42.552 INFO  <mkdb.Checkpoint> flush=0
2026-07-05 03:59:42.552 INFO  <mkdb.Checkpoint> ----------------- end -----------------
2026-07-05 04:00:42.608 INFO  <mkdb.Checkpoint> ---------------- begin ----------------
2026-07-05 04:00:42.608 INFO  <mkdb.Checkpoint> marshalN=1/0
2026-07-05 04:00:42.608 INFO  <mkdb.Checkpoint> snapshot=0 marshal0=0
2026-07-05 04:00:42.608 INFO  <mkdb.Checkpoint> flush=0
2026-07-05 04:00:42.608 INFO  <mkdb.Checkpoint> ----------------- end -----------------
2026-07-05 04:01:42.666 INFO  <mkdb.Checkpoint> ---------------- begin ----------------
2026-07-05 04:01:42.666 INFO  <mkdb.Checkpoint> marshalN=1/0
2026-07-05 04:01:42.666 INFO  <mkdb.Checkpoint> snapshot=0 marshal0=0
2026-07-05 04:01:42.666 INFO  <mkdb.Checkpoint> flush=0
2026-07-05 04:01:42.666 INFO  <mkdb.Checkpoint> ----------------- end -----------------
2026-07-05 04:02:42.726 INFO  <mkdb.Checkpoint> ---------------- begin ----------------
2026-07-05 04:02:42.726 INFO  <mkdb.Checkpoint> marshalN=1/0
2026-07-05 04:02:42.726 INFO  <mkdb.Checkpoint> snapshot=0 marshal0=0
2026-07-05 04:02:42.726 INFO  <mkdb.Checkpoint> flush=0
2026-07-05 04:02:42.726 INFO  <mkdb.Checkpoint> ----------------- end -----------------
2026-07-05 04:03:42.784 INFO  <mkdb.Checkpoint> ---------------- begin ----------------
2026-07-05 04:03:42.784 INFO  <mkdb.Checkpoint> marshalN=1/0
2026-07-05 04:03:42.784 INFO  <mkdb.Checkpoint> snapshot=0 marshal0=0
2026-07-05 04:03:42.784 INFO  <mkdb.Checkpoint> flush=0
2026-07-05 04:03:42.784 INFO  <mkdb.Checkpoint> ----------------- end -----------------
2026-07-05 04:04:42.841 INFO  <mkdb.Checkpoint> ---------------- begin ----------------
2026-07-05 04:04:42.841 INFO  <mkdb.Checkpoint> marshalN=1/0
2026-07-05 04:04:42.841 INFO  <mkdb.Checkpoint> snapshot=0 marshal0=0
2026-07-05 04:04:42.841 INFO  <mkdb.Checkpoint> flush=0
2026-07-05 04:04:42.841 INFO  <mkdb.Checkpoint> ----------------- end -----------------
2026-07-05 04:05:42.897 INFO  <mkdb.Checkpoint> ---------------- begin ----------------
2026-07-05 04:05:42.897 INFO  <mkdb.Checkpoint> marshalN=1/0
2026-07-05 04:05:42.897 INFO  <mkdb.Checkpoint> snapshot=0 marshal0=0
2026-07-05 04:05:42.897 INFO  <mkdb.Checkpoint> flush=0
2026-07-05 04:05:42.897 INFO  <mkdb.Checkpoint> ----------------- end -----------------
2026-07-05 04:06:42.952 INFO  <mkdb.Checkpoint> ---------------- begin ----------------
2026-07-05 04:06:42.952 INFO  <mkdb.Checkpoint> marshalN=1/0
2026-07-05 04:06:42.952 INFO  <mkdb.Checkpoint> snapshot=0 marshal0=0
2026-07-05 04:06:42.953 INFO  <mkdb.Checkpoint> flush=0
2026-07-05 04:06:42.953 INFO  <mkdb.Checkpoint> ----------------- end -----------------
2026-07-05 04:07:43.010 INFO  <mkdb.Checkpoint> ---------------- begin ----------------
2026-07-05 04:07:43.011 INFO  <mkdb.Checkpoint> marshalN=1/0
2026-07-05 04:07:43.011 INFO  <mkdb.Checkpoint> snapshot=0 marshal0=0
2026-07-05 04:07:43.011 INFO  <mkdb.Checkpoint> flush=0
2026-07-05 04:07:43.011 INFO  <mkdb.Checkpoint> ----------------- end -----------------
2026-07-05 04:08:43.071 INFO  <mkdb.Checkpoint> ---------------- begin ----------------
2026-07-05 04:08:43.071 INFO  <mkdb.Checkpoint> marshalN=1/0
2026-07-05 04:08:43.071 INFO  <mkdb.Checkpoint> snapshot=0 marshal0=0
2026-07-05 04:08:43.071 INFO  <mkdb.Checkpoint> flush=0
2026-07-05 04:08:43.071 INFO  <mkdb.Checkpoint> ----------------- end -----------------
2026-07-05 04:09:43.130 INFO  <mkdb.Checkpoint> ---------------- begin ----------------
2026-07-05 04:09:43.130 INFO  <mkdb.Checkpoint> marshalN=1/0
2026-07-05 04:09:43.130 INFO  <mkdb.Checkpoint> snapshot=0 marshal0=0
2026-07-05 04:09:43.130 INFO  <mkdb.Checkpoint> flush=0
2026-07-05 04:09:43.130 INFO  <mkdb.Checkpoint> ----------------- end -----------------
2026-07-05 04:10:43.184 INFO  <mkdb.Checkpoint> ---------------- begin ----------------
2026-07-05 04:10:43.185 INFO  <mkdb.Checkpoint> marshalN=1/0
2026-07-05 04:10:43.185 INFO  <mkdb.Checkpoint> snapshot=0 marshal0=0
2026-07-05 04:10:43.185 INFO  <mkdb.Checkpoint> flush=0
2026-07-05 04:10:43.185 INFO  <mkdb.Checkpoint> ----------------- end -----------------
2026-07-05 04:11:43.236 INFO  <mkdb.Checkpoint> ---------------- begin ----------------
2026-07-05 04:11:43.236 INFO  <mkdb.Checkpoint> marshalN=1/0
2026-07-05 04:11:43.236 INFO  <mkdb.Checkpoint> snapshot=0 marshal0=0
2026-07-05 04:11:43.236 INFO  <mkdb.Checkpoint> flush=0
2026-07-05 04:11:43.236 INFO  <mkdb.Checkpoint> ----------------- end -----------------
2026-07-05 04:12:43.287 INFO  <mkdb.Checkpoint> ---------------- begin ----------------
2026-07-05 04:12:43.287 INFO  <mkdb.Checkpoint> marshalN=1/0
2026-07-05 04:12:43.287 INFO  <mkdb.Checkpoint> snapshot=0 marshal0=0
2026-07-05 04:12:43.287 INFO  <mkdb.Checkpoint> flush=0
2026-07-05 04:12:43.287 INFO  <mkdb.Checkpoint> ----------------- end -----------------
2026-07-05 04:13:43.340 INFO  <mkdb.Checkpoint> ---------------- begin ----------------
2026-07-05 04:13:43.340 INFO  <mkdb.Checkpoint> marshalN=1/0
2026-07-05 04:13:43.340 INFO  <mkdb.Checkpoint> snapshot=0 marshal0=0
2026-07-05 04:13:43.340 INFO  <mkdb.Checkpoint> flush=0
2026-07-05 04:13:43.340 INFO  <mkdb.Checkpoint> ----------------- end -----------------
2026-07-05 04:14:43.394 INFO  <mkdb.Checkpoint> ---------------- begin ----------------
2026-07-05 04:14:43.394 INFO  <mkdb.Checkpoint> marshalN=1/0
2026-07-05 04:14:43.394 INFO  <mkdb.Checkpoint> snapshot=0 marshal0=0
2026-07-05 04:14:43.394 INFO  <mkdb.Checkpoint> flush=0
2026-07-05 04:14:43.394 INFO  <mkdb.Checkpoint> ----------------- end -----------------
2026-07-05 04:15:43.446 INFO  <mkdb.Checkpoint> ---------------- begin ----------------
2026-07-05 04:15:43.446 INFO  <mkdb.Checkpoint> marshalN=1/0
2026-07-05 04:15:43.446 INFO  <mkdb.Checkpoint> snapshot=0 marshal0=0
2026-07-05 04:15:43.446 INFO  <mkdb.Checkpoint> flush=0
2026-07-05 04:15:43.446 INFO  <mkdb.Checkpoint> ----------------- end -----------------
2026-07-05 04:16:43.502 INFO  <mkdb.Checkpoint> ---------------- begin ----------------
2026-07-05 04:16:43.502 INFO  <mkdb.Checkpoint> marshalN=1/0
2026-07-05 04:16:43.502 INFO  <mkdb.Checkpoint> snapshot=0 marshal0=0
2026-07-05 04:16:43.502 INFO  <mkdb.Checkpoint> flush=0
2026-07-05 04:16:43.502 INFO  <mkdb.Checkpoint> ----------------- end -----------------
2026-07-05 04:17:43.555 INFO  <mkdb.Checkpoint> ---------------- begin ----------------
2026-07-05 04:17:43.555 INFO  <mkdb.Checkpoint> marshalN=1/0
2026-07-05 04:17:43.555 INFO  <mkdb.Checkpoint> snapshot=0 marshal0=0
2026-07-05 04:17:43.555 INFO  <mkdb.Checkpoint> flush=0
2026-07-05 04:17:43.555 INFO  <mkdb.Checkpoint> ----------------- end -----------------
2026-07-05 04:18:43.604 INFO  <mkdb.Checkpoint> ---------------- begin ----------------
2026-07-05 04:18:43.604 INFO  <mkdb.Checkpoint> marshalN=1/0
2026-07-05 04:18:43.604 INFO  <mkdb.Checkpoint> snapshot=0 marshal0=0
2026-07-05 04:18:43.604 INFO  <mkdb.Checkpoint> flush=0
2026-07-05 04:18:43.604 INFO  <mkdb.Checkpoint> ----------------- end -----------------
2026-07-05 04:19:11.029 WARN  <mkdb.Backup> backup FULL begin
2026-07-05 04:19:11.029 WARN  <mkdb.Backup> backup FULL end
2026-07-05 04:19:43.658 INFO  <mkdb.Checkpoint> ---------------- begin ----------------
2026-07-05 04:19:43.658 INFO  <mkdb.Checkpoint> marshalN=1/0
2026-07-05 04:19:43.658 INFO  <mkdb.Checkpoint> snapshot=0 marshal0=0
2026-07-05 04:19:43.658 INFO  <mkdb.Checkpoint> flush=0
2026-07-05 04:19:43.658 INFO  <mkdb.Checkpoint> ----------------- end -----------------
2026-07-05 04:20:43.708 INFO  <mkdb.Checkpoint> ---------------- begin ----------------
2026-07-05 04:20:43.708 INFO  <mkdb.Checkpoint> marshalN=1/0
2026-07-05 04:20:43.708 INFO  <mkdb.Checkpoint> snapshot=0 marshal0=0
2026-07-05 04:20:43.708 INFO  <mkdb.Checkpoint> flush=0
2026-07-05 04:20:43.708 INFO  <mkdb.Checkpoint> ----------------- end -----------------
2026-07-05 04:21:43.761 INFO  <mkdb.Checkpoint> ---------------- begin ----------------
2026-07-05 04:21:43.761 INFO  <mkdb.Checkpoint> marshalN=1/0
2026-07-05 04:21:43.761 INFO  <mkdb.Checkpoint> snapshot=0 marshal0=0
2026-07-05 04:21:43.762 INFO  <mkdb.Checkpoint> flush=0
2026-07-05 04:21:43.762 INFO  <mkdb.Checkpoint> ----------------- end -----------------
2026-07-05 04:22:43.814 INFO  <mkdb.Checkpoint> ---------------- begin ----------------
2026-07-05 04:22:43.814 INFO  <mkdb.Checkpoint> marshalN=1/0
2026-07-05 04:22:43.814 INFO  <mkdb.Checkpoint> snapshot=0 marshal0=0
2026-07-05 04:22:43.814 INFO  <mkdb.Checkpoint> flush=0
2026-07-05 04:22:43.814 INFO  <mkdb.Checkpoint> ----------------- end -----------------
2026-07-05 04:23:43.866 INFO  <mkdb.Checkpoint> ---------------- begin ----------------
2026-07-05 04:23:43.866 INFO  <mkdb.Checkpoint> marshalN=1/0
2026-07-05 04:23:43.866 INFO  <mkdb.Checkpoint> snapshot=0 marshal0=0
2026-07-05 04:23:43.866 INFO  <mkdb.Checkpoint> flush=0
2026-07-05 04:23:43.866 INFO  <mkdb.Checkpoint> ----------------- end -----------------
2026-07-05 04:24:43.919 INFO  <mkdb.Checkpoint> ---------------- begin ----------------
2026-07-05 04:24:43.919 INFO  <mkdb.Checkpoint> marshalN=1/0
2026-07-05 04:24:43.919 INFO  <mkdb.Checkpoint> snapshot=0 marshal0=0
2026-07-05 04:24:43.919 INFO  <mkdb.Checkpoint> flush=0
2026-07-05 04:24:43.919 INFO  <mkdb.Checkpoint> ----------------- end -----------------
2026-07-05 04:25:43.974 INFO  <mkdb.Checkpoint> ---------------- begin ----------------
2026-07-05 04:25:43.974 INFO  <mkdb.Checkpoint> marshalN=1/0
2026-07-05 04:25:43.974 INFO  <mkdb.Checkpoint> snapshot=0 marshal0=0
2026-07-05 04:25:43.974 INFO  <mkdb.Checkpoint> flush=0
2026-07-05 04:25:43.974 INFO  <mkdb.Checkpoint> ----------------- end -----------------
2026-07-05 04:26:44.024 INFO  <mkdb.Checkpoint> ---------------- begin ----------------
2026-07-05 04:26:44.024 INFO  <mkdb.Checkpoint> marshalN=1/0
2026-07-05 04:26:44.024 INFO  <mkdb.Checkpoint> snapshot=0 marshal0=0
2026-07-05 04:26:44.024 INFO  <mkdb.Checkpoint> flush=0
2026-07-05 04:26:44.024 INFO  <mkdb.Checkpoint> ----------------- end -----------------
2026-07-05 04:27:44.078 INFO  <mkdb.Checkpoint> ---------------- begin ----------------
2026-07-05 04:27:44.078 INFO  <mkdb.Checkpoint> marshalN=1/0
2026-07-05 04:27:44.078 INFO  <mkdb.Checkpoint> snapshot=0 marshal0=0
2026-07-05 04:27:44.078 INFO  <mkdb.Checkpoint> flush=0
2026-07-05 04:27:44.078 INFO  <mkdb.Checkpoint> ----------------- end -----------------
2026-07-05 04:28:44.131 INFO  <mkdb.Checkpoint> ---------------- begin ----------------
2026-07-05 04:28:44.131 INFO  <mkdb.Checkpoint> marshalN=1/0
2026-07-05 04:28:44.131 INFO  <mkdb.Checkpoint> snapshot=0 marshal0=0
2026-07-05 04:28:44.131 INFO  <mkdb.Checkpoint> flush=0
2026-07-05 04:28:44.131 INFO  <mkdb.Checkpoint> ----------------- end -----------------
2026-07-05 04:29:44.183 INFO  <mkdb.Checkpoint> ---------------- begin ----------------
2026-07-05 04:29:44.183 INFO  <mkdb.Checkpoint> marshalN=1/0
2026-07-05 04:29:44.183 INFO  <mkdb.Checkpoint> snapshot=0 marshal0=0
2026-07-05 04:29:44.183 INFO  <mkdb.Checkpoint> flush=0
2026-07-05 04:29:44.183 INFO  <mkdb.Checkpoint> ----------------- end -----------------
2026-07-05 04:30:44.233 INFO  <mkdb.Checkpoint> ---------------- begin ----------------
2026-07-05 04:30:44.234 INFO  <mkdb.Checkpoint> marshalN=1/0
2026-07-05 04:30:44.234 INFO  <mkdb.Checkpoint> snapshot=0 marshal0=0
2026-07-05 04:30:44.234 INFO  <mkdb.Checkpoint> flush=0
2026-07-05 04:30:44.234 INFO  <mkdb.Checkpoint> ----------------- end -----------------
2026-07-05 04:31:44.287 INFO  <mkdb.Checkpoint> ---------------- begin ----------------
2026-07-05 04:31:44.287 INFO  <mkdb.Checkpoint> marshalN=1/0
2026-07-05 04:31:44.287 INFO  <mkdb.Checkpoint> snapshot=0 marshal0=0
2026-07-05 04:31:44.287 INFO  <mkdb.Checkpoint> flush=0
2026-07-05 04:31:44.287 INFO  <mkdb.Checkpoint> ----------------- end -----------------
2026-07-05 04:32:44.339 INFO  <mkdb.Checkpoint> ---------------- begin ----------------
2026-07-05 04:32:44.339 INFO  <mkdb.Checkpoint> marshalN=1/0
2026-07-05 04:32:44.339 INFO  <mkdb.Checkpoint> snapshot=0 marshal0=0
2026-07-05 04:32:44.339 INFO  <mkdb.Checkpoint> flush=0
2026-07-05 04:32:44.339 INFO  <mkdb.Checkpoint> ----------------- end -----------------
2026-07-05 04:33:44.391 INFO  <mkdb.Checkpoint> ---------------- begin ----------------
2026-07-05 04:33:44.392 INFO  <mkdb.Checkpoint> marshalN=1/0
2026-07-05 04:33:44.392 INFO  <mkdb.Checkpoint> snapshot=0 marshal0=0
2026-07-05 04:33:44.392 INFO  <mkdb.Checkpoint> flush=0
2026-07-05 04:33:44.392 INFO  <mkdb.Checkpoint> ----------------- end -----------------
2026-07-05 04:34:44.448 INFO  <mkdb.Checkpoint> ---------------- begin ----------------
2026-07-05 04:34:44.448 INFO  <mkdb.Checkpoint> marshalN=1/0
2026-07-05 04:34:44.448 INFO  <mkdb.Checkpoint> snapshot=0 marshal0=0
2026-07-05 04:34:44.448 INFO  <mkdb.Checkpoint> flush=0
2026-07-05 04:34:44.448 INFO  <mkdb.Checkpoint> ----------------- end -----------------
2026-07-05 04:35:44.502 INFO  <mkdb.Checkpoint> ---------------- begin ----------------
2026-07-05 04:35:44.502 INFO  <mkdb.Checkpoint> marshalN=1/0
2026-07-05 04:35:44.502 INFO  <mkdb.Checkpoint> snapshot=0 marshal0=0
2026-07-05 04:35:44.502 INFO  <mkdb.Checkpoint> flush=0
2026-07-05 04:35:44.502 INFO  <mkdb.Checkpoint> ----------------- end -----------------
2026-07-05 04:36:44.558 INFO  <mkdb.Checkpoint> ---------------- begin ----------------
2026-07-05 04:36:44.558 INFO  <mkdb.Checkpoint> marshalN=1/0
2026-07-05 04:36:44.558 INFO  <mkdb.Checkpoint> snapshot=0 marshal0=0
2026-07-05 04:36:44.558 INFO  <mkdb.Checkpoint> flush=0
2026-07-05 04:36:44.558 INFO  <mkdb.Checkpoint> ----------------- end -----------------
2026-07-05 04:37:44.617 INFO  <mkdb.Checkpoint> ---------------- begin ----------------
2026-07-05 04:37:44.617 INFO  <mkdb.Checkpoint> marshalN=1/0
2026-07-05 04:37:44.617 INFO  <mkdb.Checkpoint> snapshot=0 marshal0=0
2026-07-05 04:37:44.617 INFO  <mkdb.Checkpoint> flush=0
2026-07-05 04:37:44.617 INFO  <mkdb.Checkpoint> ----------------- end -----------------
2026-07-05 04:38:44.676 INFO  <mkdb.Checkpoint> ---------------- begin ----------------
2026-07-05 04:38:44.676 INFO  <mkdb.Checkpoint> marshalN=1/0
2026-07-05 04:38:44.676 INFO  <mkdb.Checkpoint> snapshot=0 marshal0=0
2026-07-05 04:38:44.676 INFO  <mkdb.Checkpoint> flush=0
2026-07-05 04:38:44.676 INFO  <mkdb.Checkpoint> ----------------- end -----------------
2026-07-05 04:39:44.735 INFO  <mkdb.Checkpoint> ---------------- begin ----------------
2026-07-05 04:39:44.736 INFO  <mkdb.Checkpoint> marshalN=1/0
2026-07-05 04:39:44.736 INFO  <mkdb.Checkpoint> snapshot=0 marshal0=0
2026-07-05 04:39:44.736 INFO  <mkdb.Checkpoint> flush=0
2026-07-05 04:39:44.736 INFO  <mkdb.Checkpoint> ----------------- end -----------------
2026-07-05 04:40:44.794 INFO  <mkdb.Checkpoint> ---------------- begin ----------------
2026-07-05 04:40:44.794 INFO  <mkdb.Checkpoint> marshalN=1/0
2026-07-05 04:40:44.794 INFO  <mkdb.Checkpoint> snapshot=0 marshal0=0
2026-07-05 04:40:44.794 INFO  <mkdb.Checkpoint> flush=0
2026-07-05 04:40:44.794 INFO  <mkdb.Checkpoint> ----------------- end -----------------
2026-07-05 04:41:44.853 INFO  <mkdb.Checkpoint> ---------------- begin ----------------
2026-07-05 04:41:44.854 INFO  <mkdb.Checkpoint> marshalN=1/0
2026-07-05 04:41:44.854 INFO  <mkdb.Checkpoint> snapshot=0 marshal0=0
2026-07-05 04:41:44.854 INFO  <mkdb.Checkpoint> flush=0
2026-07-05 04:41:44.854 INFO  <mkdb.Checkpoint> ----------------- end -----------------
2026-07-05 04:42:44.914 INFO  <mkdb.Checkpoint> ---------------- begin ----------------
2026-07-05 04:42:44.914 INFO  <mkdb.Checkpoint> marshalN=1/0
2026-07-05 04:42:44.914 INFO  <mkdb.Checkpoint> snapshot=0 marshal0=0
2026-07-05 04:42:44.914 INFO  <mkdb.Checkpoint> flush=0
2026-07-05 04:42:44.914 INFO  <mkdb.Checkpoint> ----------------- end -----------------
2026-07-05 04:43:44.971 INFO  <mkdb.Checkpoint> ---------------- begin ----------------
2026-07-05 04:43:44.971 INFO  <mkdb.Checkpoint> marshalN=1/0
2026-07-05 04:43:44.971 INFO  <mkdb.Checkpoint> snapshot=0 marshal0=0
2026-07-05 04:43:44.971 INFO  <mkdb.Checkpoint> flush=0
2026-07-05 04:43:44.971 INFO  <mkdb.Checkpoint> ----------------- end -----------------
2026-07-05 04:44:45.028 INFO  <mkdb.Checkpoint> ---------------- begin ----------------
2026-07-05 04:44:45.028 INFO  <mkdb.Checkpoint> marshalN=1/0
2026-07-05 04:44:45.028 INFO  <mkdb.Checkpoint> snapshot=0 marshal0=0
2026-07-05 04:44:45.029 INFO  <mkdb.Checkpoint> flush=0
2026-07-05 04:44:45.029 INFO  <mkdb.Checkpoint> ----------------- end -----------------
2026-07-05 04:45:45.091 INFO  <mkdb.Checkpoint> ---------------- begin ----------------
2026-07-05 04:45:45.091 INFO  <mkdb.Checkpoint> marshalN=1/0
2026-07-05 04:45:45.091 INFO  <mkdb.Checkpoint> snapshot=0 marshal0=0
2026-07-05 04:45:45.091 INFO  <mkdb.Checkpoint> flush=0
2026-07-05 04:45:45.091 INFO  <mkdb.Checkpoint> ----------------- end -----------------
2026-07-05 04:46:45.150 INFO  <mkdb.Checkpoint> ---------------- begin ----------------
2026-07-05 04:46:45.150 INFO  <mkdb.Checkpoint> marshalN=1/0
2026-07-05 04:46:45.150 INFO  <mkdb.Checkpoint> snapshot=0 marshal0=0
2026-07-05 04:46:45.150 INFO  <mkdb.Checkpoint> flush=0
2026-07-05 04:46:45.150 INFO  <mkdb.Checkpoint> ----------------- end -----------------
2026-07-05 04:47:45.210 INFO  <mkdb.Checkpoint> ---------------- begin ----------------
2026-07-05 04:47:45.210 INFO  <mkdb.Checkpoint> marshalN=1/0
2026-07-05 04:47:45.210 INFO  <mkdb.Checkpoint> snapshot=0 marshal0=0
2026-07-05 04:47:45.210 INFO  <mkdb.Checkpoint> flush=0
2026-07-05 04:47:45.210 INFO  <mkdb.Checkpoint> ----------------- end -----------------
2026-07-05 04:48:45.262 INFO  <mkdb.Checkpoint> ---------------- begin ----------------
2026-07-05 04:48:45.262 INFO  <mkdb.Checkpoint> marshalN=1/0
2026-07-05 04:48:45.262 INFO  <mkdb.Checkpoint> snapshot=0 marshal0=0
2026-07-05 04:48:45.262 INFO  <mkdb.Checkpoint> flush=0
2026-07-05 04:48:45.262 INFO  <mkdb.Checkpoint> ----------------- end -----------------
2026-07-05 04:49:45.321 INFO  <mkdb.Checkpoint> ---------------- begin ----------------
2026-07-05 04:49:45.321 INFO  <mkdb.Checkpoint> marshalN=1/0
2026-07-05 04:49:45.321 INFO  <mkdb.Checkpoint> snapshot=0 marshal0=0
2026-07-05 04:49:45.321 INFO  <mkdb.Checkpoint> flush=0
2026-07-05 04:49:45.321 INFO  <mkdb.Checkpoint> ----------------- end -----------------
2026-07-05 04:50:45.372 INFO  <mkdb.Checkpoint> ---------------- begin ----------------
2026-07-05 04:50:45.373 INFO  <mkdb.Checkpoint> marshalN=1/0
2026-07-05 04:50:45.373 INFO  <mkdb.Checkpoint> snapshot=0 marshal0=0
2026-07-05 04:50:45.373 INFO  <mkdb.Checkpoint> flush=0
2026-07-05 04:50:45.373 INFO  <mkdb.Checkpoint> ----------------- end -----------------
2026-07-05 04:51:45.423 INFO  <mkdb.Checkpoint> ---------------- begin ----------------
2026-07-05 04:51:45.423 INFO  <mkdb.Checkpoint> marshalN=1/0
2026-07-05 04:51:45.423 INFO  <mkdb.Checkpoint> snapshot=0 marshal0=0
2026-07-05 04:51:45.423 INFO  <mkdb.Checkpoint> flush=0
2026-07-05 04:51:45.423 INFO  <mkdb.Checkpoint> ----------------- end -----------------
2026-07-05 04:52:45.472 INFO  <mkdb.Checkpoint> ---------------- begin ----------------
2026-07-05 04:52:45.472 INFO  <mkdb.Checkpoint> marshalN=1/0
2026-07-05 04:52:45.472 INFO  <mkdb.Checkpoint> snapshot=0 marshal0=0
2026-07-05 04:52:45.472 INFO  <mkdb.Checkpoint> flush=0
2026-07-05 04:52:45.472 INFO  <mkdb.Checkpoint> ----------------- end -----------------
2026-07-05 04:53:45.524 INFO  <mkdb.Checkpoint> ---------------- begin ----------------
2026-07-05 04:53:45.524 INFO  <mkdb.Checkpoint> marshalN=1/0
2026-07-05 04:53:45.524 INFO  <mkdb.Checkpoint> snapshot=0 marshal0=0
2026-07-05 04:53:45.524 INFO  <mkdb.Checkpoint> flush=0
2026-07-05 04:53:45.524 INFO  <mkdb.Checkpoint> ----------------- end -----------------
2026-07-05 04:54:45.577 INFO  <mkdb.Checkpoint> ---------------- begin ----------------
2026-07-05 04:54:45.577 INFO  <mkdb.Checkpoint> marshalN=1/0
2026-07-05 04:54:45.577 INFO  <mkdb.Checkpoint> snapshot=0 marshal0=0
2026-07-05 04:54:45.577 INFO  <mkdb.Checkpoint> flush=0
2026-07-05 04:54:45.577 INFO  <mkdb.Checkpoint> ----------------- end -----------------
2026-07-05 04:55:45.630 INFO  <mkdb.Checkpoint> ---------------- begin ----------------
2026-07-05 04:55:45.630 INFO  <mkdb.Checkpoint> marshalN=1/0
2026-07-05 04:55:45.630 INFO  <mkdb.Checkpoint> snapshot=0 marshal0=0
2026-07-05 04:55:45.630 INFO  <mkdb.Checkpoint> flush=0
2026-07-05 04:55:45.630 INFO  <mkdb.Checkpoint> ----------------- end -----------------
2026-07-05 04:56:45.687 INFO  <mkdb.Checkpoint> ---------------- begin ----------------
2026-07-05 04:56:45.687 INFO  <mkdb.Checkpoint> marshalN=1/0
2026-07-05 04:56:45.687 INFO  <mkdb.Checkpoint> snapshot=0 marshal0=0
2026-07-05 04:56:45.687 INFO  <mkdb.Checkpoint> flush=0
2026-07-05 04:56:45.687 INFO  <mkdb.Checkpoint> ----------------- end -----------------
2026-07-05 04:57:45.737 INFO  <mkdb.Checkpoint> ---------------- begin ----------------
2026-07-05 04:57:45.737 INFO  <mkdb.Checkpoint> marshalN=1/0
2026-07-05 04:57:45.737 INFO  <mkdb.Checkpoint> snapshot=0 marshal0=0
2026-07-05 04:57:45.737 INFO  <mkdb.Checkpoint> flush=0
2026-07-05 04:57:45.737 INFO  <mkdb.Checkpoint> ----------------- end -----------------
2026-07-05 04:58:45.789 INFO  <mkdb.Checkpoint> ---------------- begin ----------------
2026-07-05 04:58:45.789 INFO  <mkdb.Checkpoint> marshalN=1/0
2026-07-05 04:58:45.789 INFO  <mkdb.Checkpoint> snapshot=0 marshal0=0
2026-07-05 04:58:45.790 INFO  <mkdb.Checkpoint> flush=0
2026-07-05 04:58:45.790 INFO  <mkdb.Checkpoint> ----------------- end -----------------
2026-07-05 04:59:45.842 INFO  <mkdb.Checkpoint> ---------------- begin ----------------
2026-07-05 04:59:45.842 INFO  <mkdb.Checkpoint> marshalN=1/0
2026-07-05 04:59:45.842 INFO  <mkdb.Checkpoint> snapshot=0 marshal0=0
2026-07-05 04:59:45.842 INFO  <mkdb.Checkpoint> flush=0
2026-07-05 04:59:45.842 INFO  <mkdb.Checkpoint> ----------------- end -----------------
2026-07-05 05:00:45.896 INFO  <mkdb.Checkpoint> ---------------- begin ----------------
2026-07-05 05:00:45.896 INFO  <mkdb.Checkpoint> marshalN=1/0
2026-07-05 05:00:45.896 INFO  <mkdb.Checkpoint> snapshot=0 marshal0=0
2026-07-05 05:00:45.896 INFO  <mkdb.Checkpoint> flush=0
2026-07-05 05:00:45.896 INFO  <mkdb.Checkpoint> ----------------- end -----------------
2026-07-05 05:01:45.949 INFO  <mkdb.Checkpoint> ---------------- begin ----------------
2026-07-05 05:01:45.949 INFO  <mkdb.Checkpoint> marshalN=1/0
2026-07-05 05:01:45.949 INFO  <mkdb.Checkpoint> snapshot=0 marshal0=0
2026-07-05 05:01:45.949 INFO  <mkdb.Checkpoint> flush=0
2026-07-05 05:01:45.949 INFO  <mkdb.Checkpoint> ----------------- end -----------------
2026-07-05 05:02:45.999 INFO  <mkdb.Checkpoint> ---------------- begin ----------------
2026-07-05 05:02:45.999 INFO  <mkdb.Checkpoint> marshalN=1/0
2026-07-05 05:02:45.999 INFO  <mkdb.Checkpoint> snapshot=0 marshal0=0
2026-07-05 05:02:45.999 INFO  <mkdb.Checkpoint> flush=0
2026-07-05 05:02:45.999 INFO  <mkdb.Checkpoint> ----------------- end -----------------
2026-07-05 05:03:46.053 INFO  <mkdb.Checkpoint> ---------------- begin ----------------
2026-07-05 05:03:46.053 INFO  <mkdb.Checkpoint> marshalN=1/0
2026-07-05 05:03:46.053 INFO  <mkdb.Checkpoint> snapshot=0 marshal0=0
2026-07-05 05:03:46.053 INFO  <mkdb.Checkpoint> flush=0
2026-07-05 05:03:46.053 INFO  <mkdb.Checkpoint> ----------------- end -----------------
2026-07-05 05:04:46.106 INFO  <mkdb.Checkpoint> ---------------- begin ----------------
2026-07-05 05:04:46.106 INFO  <mkdb.Checkpoint> marshalN=1/0
2026-07-05 05:04:46.106 INFO  <mkdb.Checkpoint> snapshot=0 marshal0=0
2026-07-05 05:04:46.106 INFO  <mkdb.Checkpoint> flush=0
2026-07-05 05:04:46.106 INFO  <mkdb.Checkpoint> ----------------- end -----------------
2026-07-05 05:05:46.158 INFO  <mkdb.Checkpoint> ---------------- begin ----------------
2026-07-05 05:05:46.158 INFO  <mkdb.Checkpoint> marshalN=1/0
2026-07-05 05:05:46.158 INFO  <mkdb.Checkpoint> snapshot=0 marshal0=0
2026-07-05 05:05:46.158 INFO  <mkdb.Checkpoint> flush=0
2026-07-05 05:05:46.158 INFO  <mkdb.Checkpoint> ----------------- end -----------------
2026-07-05 05:06:46.206 INFO  <mkdb.Checkpoint> ---------------- begin ----------------
2026-07-05 05:06:46.206 INFO  <mkdb.Checkpoint> marshalN=1/0
2026-07-05 05:06:46.206 INFO  <mkdb.Checkpoint> snapshot=0 marshal0=0
2026-07-05 05:06:46.206 INFO  <mkdb.Checkpoint> flush=0
2026-07-05 05:06:46.206 INFO  <mkdb.Checkpoint> ----------------- end -----------------
2026-07-05 05:07:46.259 INFO  <mkdb.Checkpoint> ---------------- begin ----------------
2026-07-05 05:07:46.259 INFO  <mkdb.Checkpoint> marshalN=1/0
2026-07-05 05:07:46.259 INFO  <mkdb.Checkpoint> snapshot=0 marshal0=0
2026-07-05 05:07:46.259 INFO  <mkdb.Checkpoint> flush=0
2026-07-05 05:07:46.259 INFO  <mkdb.Checkpoint> ----------------- end -----------------
2026-07-05 05:08:46.311 INFO  <mkdb.Checkpoint> ---------------- begin ----------------
2026-07-05 05:08:46.311 INFO  <mkdb.Checkpoint> marshalN=1/0
2026-07-05 05:08:46.311 INFO  <mkdb.Checkpoint> snapshot=0 marshal0=0
2026-07-05 05:08:46.311 INFO  <mkdb.Checkpoint> flush=0
2026-07-05 05:08:46.311 INFO  <mkdb.Checkpoint> ----------------- end -----------------
2026-07-05 05:09:46.364 INFO  <mkdb.Checkpoint> ---------------- begin ----------------
2026-07-05 05:09:46.364 INFO  <mkdb.Checkpoint> marshalN=1/0
2026-07-05 05:09:46.364 INFO  <mkdb.Checkpoint> snapshot=0 marshal0=0
2026-07-05 05:09:46.364 INFO  <mkdb.Checkpoint> flush=0
2026-07-05 05:09:46.364 INFO  <mkdb.Checkpoint> ----------------- end -----------------
2026-07-05 05:10:46.420 INFO  <mkdb.Checkpoint> ---------------- begin ----------------
2026-07-05 05:10:46.420 INFO  <mkdb.Checkpoint> marshalN=1/0
2026-07-05 05:10:46.420 INFO  <mkdb.Checkpoint> snapshot=0 marshal0=0
2026-07-05 05:10:46.420 INFO  <mkdb.Checkpoint> flush=0
2026-07-05 05:10:46.420 INFO  <mkdb.Checkpoint> ----------------- end -----------------
2026-07-05 05:11:46.478 INFO  <mkdb.Checkpoint> ---------------- begin ----------------
2026-07-05 05:11:46.478 INFO  <mkdb.Checkpoint> marshalN=1/0
2026-07-05 05:11:46.478 INFO  <mkdb.Checkpoint> snapshot=0 marshal0=0
2026-07-05 05:11:46.478 INFO  <mkdb.Checkpoint> flush=0
2026-07-05 05:11:46.478 INFO  <mkdb.Checkpoint> ----------------- end -----------------
2026-07-05 05:12:27.017 WARN  <mkdb.Backup> backup FULL begin
2026-07-05 05:12:27.017 WARN  <mkdb.Backup> backup FULL end
2026-07-05 05:12:46.537 INFO  <mkdb.Checkpoint> ---------------- begin ----------------
2026-07-05 05:12:46.537 INFO  <mkdb.Checkpoint> marshalN=1/0
2026-07-05 05:12:46.537 INFO  <mkdb.Checkpoint> snapshot=0 marshal0=0
2026-07-05 05:12:46.537 INFO  <mkdb.Checkpoint> flush=0
2026-07-05 05:12:46.537 INFO  <mkdb.Checkpoint> ----------------- end -----------------
2026-07-05 05:13:46.595 INFO  <mkdb.Checkpoint> ---------------- begin ----------------
2026-07-05 05:13:46.595 INFO  <mkdb.Checkpoint> marshalN=1/0
2026-07-05 05:13:46.595 INFO  <mkdb.Checkpoint> snapshot=0 marshal0=0
2026-07-05 05:13:46.595 INFO  <mkdb.Checkpoint> flush=0
2026-07-05 05:13:46.595 INFO  <mkdb.Checkpoint> ----------------- end -----------------
2026-07-05 05:14:46.653 INFO  <mkdb.Checkpoint> ---------------- begin ----------------
2026-07-05 05:14:46.653 INFO  <mkdb.Checkpoint> marshalN=1/0
2026-07-05 05:14:46.653 INFO  <mkdb.Checkpoint> snapshot=0 marshal0=0
2026-07-05 05:14:46.653 INFO  <mkdb.Checkpoint> flush=0
2026-07-05 05:14:46.653 INFO  <mkdb.Checkpoint> ----------------- end -----------------
2026-07-05 05:15:46.713 INFO  <mkdb.Checkpoint> ---------------- begin ----------------
2026-07-05 05:15:46.713 INFO  <mkdb.Checkpoint> marshalN=1/0
2026-07-05 05:15:46.713 INFO  <mkdb.Checkpoint> snapshot=0 marshal0=0
2026-07-05 05:15:46.713 INFO  <mkdb.Checkpoint> flush=0
2026-07-05 05:15:46.713 INFO  <mkdb.Checkpoint> ----------------- end -----------------
2026-07-05 05:16:46.767 INFO  <mkdb.Checkpoint> ---------------- begin ----------------
2026-07-05 05:16:46.767 INFO  <mkdb.Checkpoint> marshalN=1/0
2026-07-05 05:16:46.767 INFO  <mkdb.Checkpoint> snapshot=0 marshal0=0
2026-07-05 05:16:46.767 INFO  <mkdb.Checkpoint> flush=0
2026-07-05 05:16:46.767 INFO  <mkdb.Checkpoint> ----------------- end -----------------
2026-07-05 05:17:46.817 INFO  <mkdb.Checkpoint> ---------------- begin ----------------
2026-07-05 05:17:46.817 INFO  <mkdb.Checkpoint> marshalN=1/0
2026-07-05 05:17:46.817 INFO  <mkdb.Checkpoint> snapshot=0 marshal0=0
2026-07-05 05:17:46.817 INFO  <mkdb.Checkpoint> flush=0
2026-07-05 05:17:46.817 INFO  <mkdb.Checkpoint> ----------------- end -----------------
2026-07-05 05:18:46.873 INFO  <mkdb.Checkpoint> ---------------- begin ----------------
2026-07-05 05:18:46.873 INFO  <mkdb.Checkpoint> marshalN=1/0
2026-07-05 05:18:46.873 INFO  <mkdb.Checkpoint> snapshot=0 marshal0=0
2026-07-05 05:18:46.873 INFO  <mkdb.Checkpoint> flush=0
2026-07-05 05:18:46.873 INFO  <mkdb.Checkpoint> ----------------- end -----------------
2026-07-05 05:19:46.933 INFO  <mkdb.Checkpoint> ---------------- begin ----------------
2026-07-05 05:19:46.933 INFO  <mkdb.Checkpoint> marshalN=1/0
2026-07-05 05:19:46.933 INFO  <mkdb.Checkpoint> snapshot=0 marshal0=0
2026-07-05 05:19:46.933 INFO  <mkdb.Checkpoint> flush=0
2026-07-05 05:19:46.933 INFO  <mkdb.Checkpoint> ----------------- end -----------------
2026-07-05 05:20:46.984 INFO  <mkdb.Checkpoint> ---------------- begin ----------------
2026-07-05 05:20:46.984 INFO  <mkdb.Checkpoint> marshalN=1/0
2026-07-05 05:20:46.984 INFO  <mkdb.Checkpoint> snapshot=0 marshal0=0
2026-07-05 05:20:46.984 INFO  <mkdb.Checkpoint> flush=0
2026-07-05 05:20:46.984 INFO  <mkdb.Checkpoint> ----------------- end -----------------
2026-07-05 05:21:47.035 INFO  <mkdb.Checkpoint> ---------------- begin ----------------
2026-07-05 05:21:47.035 INFO  <mkdb.Checkpoint> marshalN=1/0
2026-07-05 05:21:47.035 INFO  <mkdb.Checkpoint> snapshot=0 marshal0=0
2026-07-05 05:21:47.035 INFO  <mkdb.Checkpoint> flush=0
2026-07-05 05:21:47.035 INFO  <mkdb.Checkpoint> ----------------- end -----------------
2026-07-05 05:22:47.090 INFO  <mkdb.Checkpoint> ---------------- begin ----------------
2026-07-05 05:22:47.090 INFO  <mkdb.Checkpoint> marshalN=1/0
2026-07-05 05:22:47.090 INFO  <mkdb.Checkpoint> snapshot=0 marshal0=0
2026-07-05 05:22:47.090 INFO  <mkdb.Checkpoint> flush=0
2026-07-05 05:22:47.090 INFO  <mkdb.Checkpoint> ----------------- end -----------------
2026-07-05 05:23:47.149 INFO  <mkdb.Checkpoint> ---------------- begin ----------------
2026-07-05 05:23:47.149 INFO  <mkdb.Checkpoint> marshalN=1/0
2026-07-05 05:23:47.149 INFO  <mkdb.Checkpoint> snapshot=0 marshal0=0
2026-07-05 05:23:47.149 INFO  <mkdb.Checkpoint> flush=0
2026-07-05 05:23:47.149 INFO  <mkdb.Checkpoint> ----------------- end -----------------
2026-07-05 05:24:47.208 INFO  <mkdb.Checkpoint> ---------------- begin ----------------
2026-07-05 05:24:47.208 INFO  <mkdb.Checkpoint> marshalN=1/0
2026-07-05 05:24:47.208 INFO  <mkdb.Checkpoint> snapshot=0 marshal0=0
2026-07-05 05:24:47.208 INFO  <mkdb.Checkpoint> flush=0
2026-07-05 05:24:47.208 INFO  <mkdb.Checkpoint> ----------------- end -----------------
2026-07-05 05:25:47.269 INFO  <mkdb.Checkpoint> ---------------- begin ----------------
2026-07-05 05:25:47.269 INFO  <mkdb.Checkpoint> marshalN=1/0
2026-07-05 05:25:47.269 INFO  <mkdb.Checkpoint> snapshot=0 marshal0=0
2026-07-05 05:25:47.269 INFO  <mkdb.Checkpoint> flush=0
2026-07-05 05:25:47.269 INFO  <mkdb.Checkpoint> ----------------- end -----------------
2026-07-05 05:26:47.326 INFO  <mkdb.Checkpoint> ---------------- begin ----------------
2026-07-05 05:26:47.326 INFO  <mkdb.Checkpoint> marshalN=1/0
2026-07-05 05:26:47.327 INFO  <mkdb.Checkpoint> snapshot=0 marshal0=0
2026-07-05 05:26:47.327 INFO  <mkdb.Checkpoint> flush=0
2026-07-05 05:26:47.327 INFO  <mkdb.Checkpoint> ----------------- end -----------------
2026-07-05 05:27:47.384 INFO  <mkdb.Checkpoint> ---------------- begin ----------------
2026-07-05 05:27:47.385 INFO  <mkdb.Checkpoint> marshalN=1/0
2026-07-05 05:27:47.385 INFO  <mkdb.Checkpoint> snapshot=0 marshal0=0
2026-07-05 05:27:47.385 INFO  <mkdb.Checkpoint> flush=0
2026-07-05 05:27:47.385 INFO  <mkdb.Checkpoint> ----------------- end -----------------
2026-07-05 05:28:47.441 INFO  <mkdb.Checkpoint> ---------------- begin ----------------
2026-07-05 05:28:47.441 INFO  <mkdb.Checkpoint> marshalN=1/0
2026-07-05 05:28:47.441 INFO  <mkdb.Checkpoint> snapshot=0 marshal0=0
2026-07-05 05:28:47.441 INFO  <mkdb.Checkpoint> flush=0
2026-07-05 05:28:47.441 INFO  <mkdb.Checkpoint> ----------------- end -----------------
2026-07-05 05:29:47.501 INFO  <mkdb.Checkpoint> ---------------- begin ----------------
2026-07-05 05:29:47.501 INFO  <mkdb.Checkpoint> marshalN=1/0
2026-07-05 05:29:47.501 INFO  <mkdb.Checkpoint> snapshot=0 marshal0=0
2026-07-05 05:29:47.501 INFO  <mkdb.Checkpoint> flush=0
2026-07-05 05:29:47.501 INFO  <mkdb.Checkpoint> ----------------- end -----------------
2026-07-05 05:30:47.554 INFO  <mkdb.Checkpoint> ---------------- begin ----------------
2026-07-05 05:30:47.554 INFO  <mkdb.Checkpoint> marshalN=1/0
2026-07-05 05:30:47.554 INFO  <mkdb.Checkpoint> snapshot=0 marshal0=0
2026-07-05 05:30:47.554 INFO  <mkdb.Checkpoint> flush=0
2026-07-05 05:30:47.554 INFO  <mkdb.Checkpoint> ----------------- end -----------------
2026-07-05 05:31:47.608 INFO  <mkdb.Checkpoint> ---------------- begin ----------------
2026-07-05 05:31:47.608 INFO  <mkdb.Checkpoint> marshalN=1/0
2026-07-05 05:31:47.608 INFO  <mkdb.Checkpoint> snapshot=0 marshal0=0
2026-07-05 05:31:47.608 INFO  <mkdb.Checkpoint> flush=0
2026-07-05 05:31:47.608 INFO  <mkdb.Checkpoint> ----------------- end -----------------
2026-07-05 05:32:47.661 INFO  <mkdb.Checkpoint> ---------------- begin ----------------
2026-07-05 05:32:47.661 INFO  <mkdb.Checkpoint> marshalN=1/0
2026-07-05 05:32:47.661 INFO  <mkdb.Checkpoint> snapshot=0 marshal0=0
2026-07-05 05:32:47.661 INFO  <mkdb.Checkpoint> flush=0
2026-07-05 05:32:47.661 INFO  <mkdb.Checkpoint> ----------------- end -----------------
2026-07-05 05:33:47.717 INFO  <mkdb.Checkpoint> ---------------- begin ----------------
2026-07-05 05:33:47.717 INFO  <mkdb.Checkpoint> marshalN=1/0
2026-07-05 05:33:47.717 INFO  <mkdb.Checkpoint> snapshot=0 marshal0=0
2026-07-05 05:33:47.717 INFO  <mkdb.Checkpoint> flush=0
2026-07-05 05:33:47.717 INFO  <mkdb.Checkpoint> ----------------- end -----------------
2026-07-05 05:34:47.768 INFO  <mkdb.Checkpoint> ---------------- begin ----------------
2026-07-05 05:34:47.768 INFO  <mkdb.Checkpoint> marshalN=1/0
2026-07-05 05:34:47.768 INFO  <mkdb.Checkpoint> snapshot=0 marshal0=0
2026-07-05 05:34:47.768 INFO  <mkdb.Checkpoint> flush=0
2026-07-05 05:34:47.768 INFO  <mkdb.Checkpoint> ----------------- end -----------------
2026-07-05 05:35:47.821 INFO  <mkdb.Checkpoint> ---------------- begin ----------------
2026-07-05 05:35:47.821 INFO  <mkdb.Checkpoint> marshalN=1/0
2026-07-05 05:35:47.821 INFO  <mkdb.Checkpoint> snapshot=0 marshal0=0
2026-07-05 05:35:47.821 INFO  <mkdb.Checkpoint> flush=0
2026-07-05 05:35:47.821 INFO  <mkdb.Checkpoint> ----------------- end -----------------
2026-07-05 05:36:47.872 INFO  <mkdb.Checkpoint> ---------------- begin ----------------
2026-07-05 05:36:47.872 INFO  <mkdb.Checkpoint> marshalN=1/0
2026-07-05 05:36:47.872 INFO  <mkdb.Checkpoint> snapshot=0 marshal0=0
2026-07-05 05:36:47.872 INFO  <mkdb.Checkpoint> flush=0
2026-07-05 05:36:47.872 INFO  <mkdb.Checkpoint> ----------------- end -----------------
2026-07-05 05:37:47.923 INFO  <mkdb.Checkpoint> ---------------- begin ----------------
2026-07-05 05:37:47.923 INFO  <mkdb.Checkpoint> marshalN=1/0
2026-07-05 05:37:47.923 INFO  <mkdb.Checkpoint> snapshot=0 marshal0=0
2026-07-05 05:37:47.923 INFO  <mkdb.Checkpoint> flush=0
2026-07-05 05:37:47.923 INFO  <mkdb.Checkpoint> ----------------- end -----------------
2026-07-05 05:38:47.977 INFO  <mkdb.Checkpoint> ---------------- begin ----------------
2026-07-05 05:38:47.977 INFO  <mkdb.Checkpoint> marshalN=1/0
2026-07-05 05:38:47.977 INFO  <mkdb.Checkpoint> snapshot=0 marshal0=0
2026-07-05 05:38:47.977 INFO  <mkdb.Checkpoint> flush=0
2026-07-05 05:38:47.977 INFO  <mkdb.Checkpoint> ----------------- end -----------------
2026-07-05 05:39:48.030 INFO  <mkdb.Checkpoint> ---------------- begin ----------------
2026-07-05 05:39:48.030 INFO  <mkdb.Checkpoint> marshalN=1/0
2026-07-05 05:39:48.031 INFO  <mkdb.Checkpoint> snapshot=0 marshal0=0
2026-07-05 05:39:48.031 INFO  <mkdb.Checkpoint> flush=0
2026-07-05 05:39:48.031 INFO  <mkdb.Checkpoint> ----------------- end -----------------
2026-07-05 05:40:48.084 INFO  <mkdb.Checkpoint> ---------------- begin ----------------
2026-07-05 05:40:48.084 INFO  <mkdb.Checkpoint> marshalN=1/0
2026-07-05 05:40:48.084 INFO  <mkdb.Checkpoint> snapshot=0 marshal0=0
2026-07-05 05:40:48.084 INFO  <mkdb.Checkpoint> flush=0
2026-07-05 05:40:48.084 INFO  <mkdb.Checkpoint> ----------------- end -----------------
2026-07-05 05:41:48.136 INFO  <mkdb.Checkpoint> ---------------- begin ----------------
2026-07-05 05:41:48.136 INFO  <mkdb.Checkpoint> marshalN=1/0
2026-07-05 05:41:48.136 INFO  <mkdb.Checkpoint> snapshot=0 marshal0=0
2026-07-05 05:41:48.136 INFO  <mkdb.Checkpoint> flush=0
2026-07-05 05:41:48.136 INFO  <mkdb.Checkpoint> ----------------- end -----------------
2026-07-05 05:42:48.190 INFO  <mkdb.Checkpoint> ---------------- begin ----------------
2026-07-05 05:42:48.190 INFO  <mkdb.Checkpoint> marshalN=1/0
2026-07-05 05:42:48.190 INFO  <mkdb.Checkpoint> snapshot=0 marshal0=0
2026-07-05 05:42:48.190 INFO  <mkdb.Checkpoint> flush=0
2026-07-05 05:42:48.190 INFO  <mkdb.Checkpoint> ----------------- end -----------------
2026-07-05 05:43:48.241 INFO  <mkdb.Checkpoint> ---------------- begin ----------------
2026-07-05 05:43:48.241 INFO  <mkdb.Checkpoint> marshalN=1/0
2026-07-05 05:43:48.241 INFO  <mkdb.Checkpoint> snapshot=0 marshal0=0
2026-07-05 05:43:48.241 INFO  <mkdb.Checkpoint> flush=0
2026-07-05 05:43:48.241 INFO  <mkdb.Checkpoint> ----------------- end -----------------
2026-07-05 05:44:48.294 INFO  <mkdb.Checkpoint> ---------------- begin ----------------
2026-07-05 05:44:48.295 INFO  <mkdb.Checkpoint> marshalN=1/0
2026-07-05 05:44:48.295 INFO  <mkdb.Checkpoint> snapshot=0 marshal0=0
2026-07-05 05:44:48.295 INFO  <mkdb.Checkpoint> flush=0
2026-07-05 05:44:48.295 INFO  <mkdb.Checkpoint> ----------------- end -----------------
2026-07-05 05:45:48.347 INFO  <mkdb.Checkpoint> ---------------- begin ----------------
2026-07-05 05:45:48.347 INFO  <mkdb.Checkpoint> marshalN=1/0
2026-07-05 05:45:48.347 INFO  <mkdb.Checkpoint> snapshot=0 marshal0=0
2026-07-05 05:45:48.347 INFO  <mkdb.Checkpoint> flush=0
2026-07-05 05:45:48.347 INFO  <mkdb.Checkpoint> ----------------- end -----------------
2026-07-05 05:46:48.400 INFO  <mkdb.Checkpoint> ---------------- begin ----------------
2026-07-05 05:46:48.400 INFO  <mkdb.Checkpoint> marshalN=1/0
2026-07-05 05:46:48.400 INFO  <mkdb.Checkpoint> snapshot=0 marshal0=0
2026-07-05 05:46:48.401 INFO  <mkdb.Checkpoint> flush=0
2026-07-05 05:46:48.401 INFO  <mkdb.Checkpoint> ----------------- end -----------------
2026-07-05 05:47:48.454 INFO  <mkdb.Checkpoint> ---------------- begin ----------------
2026-07-05 05:47:48.454 INFO  <mkdb.Checkpoint> marshalN=1/0
2026-07-05 05:47:48.454 INFO  <mkdb.Checkpoint> snapshot=0 marshal0=0
2026-07-05 05:47:48.454 INFO  <mkdb.Checkpoint> flush=0
2026-07-05 05:47:48.454 INFO  <mkdb.Checkpoint> ----------------- end -----------------
2026-07-05 05:48:48.505 INFO  <mkdb.Checkpoint> ---------------- begin ----------------
2026-07-05 05:48:48.505 INFO  <mkdb.Checkpoint> marshalN=1/0
2026-07-05 05:48:48.505 INFO  <mkdb.Checkpoint> snapshot=0 marshal0=0
2026-07-05 05:48:48.505 INFO  <mkdb.Checkpoint> flush=0
2026-07-05 05:48:48.505 INFO  <mkdb.Checkpoint> ----------------- end -----------------
2026-07-05 05:49:48.559 INFO  <mkdb.Checkpoint> ---------------- begin ----------------
2026-07-05 05:49:48.559 INFO  <mkdb.Checkpoint> marshalN=1/0
2026-07-05 05:49:48.559 INFO  <mkdb.Checkpoint> snapshot=0 marshal0=0
2026-07-05 05:49:48.559 INFO  <mkdb.Checkpoint> flush=0
2026-07-05 05:49:48.559 INFO  <mkdb.Checkpoint> ----------------- end -----------------
2026-07-05 05:50:48.614 INFO  <mkdb.Checkpoint> ---------------- begin ----------------
2026-07-05 05:50:48.614 INFO  <mkdb.Checkpoint> marshalN=1/0
2026-07-05 05:50:48.614 INFO  <mkdb.Checkpoint> snapshot=0 marshal0=0
2026-07-05 05:50:48.614 INFO  <mkdb.Checkpoint> flush=0
2026-07-05 05:50:48.614 INFO  <mkdb.Checkpoint> ----------------- end -----------------
2026-07-05 05:51:48.664 INFO  <mkdb.Checkpoint> ---------------- begin ----------------
2026-07-05 05:51:48.664 INFO  <mkdb.Checkpoint> marshalN=1/0
2026-07-05 05:51:48.664 INFO  <mkdb.Checkpoint> snapshot=0 marshal0=0
2026-07-05 05:51:48.664 INFO  <mkdb.Checkpoint> flush=0
2026-07-05 05:51:48.665 INFO  <mkdb.Checkpoint> ----------------- end -----------------
2026-07-05 05:52:48.719 INFO  <mkdb.Checkpoint> ---------------- begin ----------------
2026-07-05 05:52:48.719 INFO  <mkdb.Checkpoint> marshalN=1/0
2026-07-05 05:52:48.719 INFO  <mkdb.Checkpoint> snapshot=0 marshal0=0
2026-07-05 05:52:48.719 INFO  <mkdb.Checkpoint> flush=0
2026-07-05 05:52:48.719 INFO  <mkdb.Checkpoint> ----------------- end -----------------
2026-07-05 05:53:48.774 INFO  <mkdb.Checkpoint> ---------------- begin ----------------
2026-07-05 05:53:48.774 INFO  <mkdb.Checkpoint> marshalN=1/0
2026-07-05 05:53:48.774 INFO  <mkdb.Checkpoint> snapshot=0 marshal0=0
2026-07-05 05:53:48.774 INFO  <mkdb.Checkpoint> flush=0
2026-07-05 05:53:48.774 INFO  <mkdb.Checkpoint> ----------------- end -----------------
2026-07-05 05:54:48.825 INFO  <mkdb.Checkpoint> ---------------- begin ----------------
2026-07-05 05:54:48.826 INFO  <mkdb.Checkpoint> marshalN=1/0
2026-07-05 05:54:48.826 INFO  <mkdb.Checkpoint> snapshot=0 marshal0=0
2026-07-05 05:54:48.826 INFO  <mkdb.Checkpoint> flush=0
2026-07-05 05:54:48.826 INFO  <mkdb.Checkpoint> ----------------- end -----------------
2026-07-05 05:55:48.876 INFO  <mkdb.Checkpoint> ---------------- begin ----------------
2026-07-05 05:55:48.876 INFO  <mkdb.Checkpoint> marshalN=1/0
2026-07-05 05:55:48.877 INFO  <mkdb.Checkpoint> snapshot=0 marshal0=0
2026-07-05 05:55:48.877 INFO  <mkdb.Checkpoint> flush=0
2026-07-05 05:55:48.877 INFO  <mkdb.Checkpoint> ----------------- end -----------------
2026-07-05 05:56:48.931 INFO  <mkdb.Checkpoint> ---------------- begin ----------------
2026-07-05 05:56:48.931 INFO  <mkdb.Checkpoint> marshalN=1/0
2026-07-05 05:56:48.931 INFO  <mkdb.Checkpoint> snapshot=0 marshal0=0
2026-07-05 05:56:48.931 INFO  <mkdb.Checkpoint> flush=0
2026-07-05 05:56:48.931 INFO  <mkdb.Checkpoint> ----------------- end -----------------
2026-07-05 05:57:48.982 INFO  <mkdb.Checkpoint> ---------------- begin ----------------
2026-07-05 05:57:48.982 INFO  <mkdb.Checkpoint> marshalN=1/0
2026-07-05 05:57:48.982 INFO  <mkdb.Checkpoint> snapshot=0 marshal0=0
2026-07-05 05:57:48.982 INFO  <mkdb.Checkpoint> flush=0
2026-07-05 05:57:48.982 INFO  <mkdb.Checkpoint> ----------------- end -----------------
2026-07-05 05:58:49.037 INFO  <mkdb.Checkpoint> ---------------- begin ----------------
2026-07-05 05:58:49.037 INFO  <mkdb.Checkpoint> marshalN=1/0
2026-07-05 05:58:49.037 INFO  <mkdb.Checkpoint> snapshot=0 marshal0=0
2026-07-05 05:58:49.037 INFO  <mkdb.Checkpoint> flush=0
2026-07-05 05:58:49.037 INFO  <mkdb.Checkpoint> ----------------- end -----------------
2026-07-05 05:59:49.089 INFO  <mkdb.Checkpoint> ---------------- begin ----------------
2026-07-05 05:59:49.089 INFO  <mkdb.Checkpoint> marshalN=1/0
2026-07-05 05:59:49.089 INFO  <mkdb.Checkpoint> snapshot=0 marshal0=0
2026-07-05 05:59:49.089 INFO  <mkdb.Checkpoint> flush=0
2026-07-05 05:59:49.089 INFO  <mkdb.Checkpoint> ----------------- end -----------------
2026-07-05 06:00:49.142 INFO  <mkdb.Checkpoint> ---------------- begin ----------------
2026-07-05 06:00:49.142 INFO  <mkdb.Checkpoint> marshalN=1/0
2026-07-05 06:00:49.142 INFO  <mkdb.Checkpoint> snapshot=0 marshal0=0
2026-07-05 06:00:49.142 INFO  <mkdb.Checkpoint> flush=0
2026-07-05 06:00:49.142 INFO  <mkdb.Checkpoint> ----------------- end -----------------
2026-07-05 06:01:49.197 INFO  <mkdb.Checkpoint> ---------------- begin ----------------
2026-07-05 06:01:49.197 INFO  <mkdb.Checkpoint> marshalN=1/0
2026-07-05 06:01:49.197 INFO  <mkdb.Checkpoint> snapshot=0 marshal0=0
2026-07-05 06:01:49.197 INFO  <mkdb.Checkpoint> flush=0
2026-07-05 06:01:49.197 INFO  <mkdb.Checkpoint> ----------------- end -----------------
2026-07-05 06:02:49.248 INFO  <mkdb.Checkpoint> ---------------- begin ----------------
2026-07-05 06:02:49.248 INFO  <mkdb.Checkpoint> marshalN=1/0
2026-07-05 06:02:49.248 INFO  <mkdb.Checkpoint> snapshot=0 marshal0=0
2026-07-05 06:02:49.248 INFO  <mkdb.Checkpoint> flush=0
2026-07-05 06:02:49.248 INFO  <mkdb.Checkpoint> ----------------- end -----------------
2026-07-05 06:03:49.301 INFO  <mkdb.Checkpoint> ---------------- begin ----------------
2026-07-05 06:03:49.301 INFO  <mkdb.Checkpoint> marshalN=1/0
2026-07-05 06:03:49.301 INFO  <mkdb.Checkpoint> snapshot=0 marshal0=0
2026-07-05 06:03:49.301 INFO  <mkdb.Checkpoint> flush=0
2026-07-05 06:03:49.301 INFO  <mkdb.Checkpoint> ----------------- end -----------------
2026-07-05 06:04:49.351 INFO  <mkdb.Checkpoint> ---------------- begin ----------------
2026-07-05 06:04:49.351 INFO  <mkdb.Checkpoint> marshalN=1/0
2026-07-05 06:04:49.351 INFO  <mkdb.Checkpoint> snapshot=0 marshal0=0
2026-07-05 06:04:49.351 INFO  <mkdb.Checkpoint> flush=0
2026-07-05 06:04:49.351 INFO  <mkdb.Checkpoint> ----------------- end -----------------
2026-07-05 06:05:49.406 INFO  <mkdb.Checkpoint> ---------------- begin ----------------
2026-07-05 06:05:49.406 INFO  <mkdb.Checkpoint> marshalN=1/0
2026-07-05 06:05:49.406 INFO  <mkdb.Checkpoint> snapshot=0 marshal0=0
2026-07-05 06:05:49.406 INFO  <mkdb.Checkpoint> flush=0
2026-07-05 06:05:49.406 INFO  <mkdb.Checkpoint> ----------------- end -----------------
2026-07-05 06:06:49.458 INFO  <mkdb.Checkpoint> ---------------- begin ----------------
2026-07-05 06:06:49.458 INFO  <mkdb.Checkpoint> marshalN=1/0
2026-07-05 06:06:49.458 INFO  <mkdb.Checkpoint> snapshot=0 marshal0=0
2026-07-05 06:06:49.458 INFO  <mkdb.Checkpoint> flush=0
2026-07-05 06:06:49.458 INFO  <mkdb.Checkpoint> ----------------- end -----------------
2026-07-05 06:07:49.512 INFO  <mkdb.Checkpoint> ---------------- begin ----------------
2026-07-05 06:07:49.512 INFO  <mkdb.Checkpoint> marshalN=1/0
2026-07-05 06:07:49.512 INFO  <mkdb.Checkpoint> snapshot=0 marshal0=0
2026-07-05 06:07:49.512 INFO  <mkdb.Checkpoint> flush=0
2026-07-05 06:07:49.512 INFO  <mkdb.Checkpoint> ----------------- end -----------------
2026-07-05 06:08:49.566 INFO  <mkdb.Checkpoint> ---------------- begin ----------------
2026-07-05 06:08:49.566 INFO  <mkdb.Checkpoint> marshalN=1/0
2026-07-05 06:08:49.566 INFO  <mkdb.Checkpoint> snapshot=0 marshal0=0
2026-07-05 06:08:49.566 INFO  <mkdb.Checkpoint> flush=0
2026-07-05 06:08:49.566 INFO  <mkdb.Checkpoint> ----------------- end -----------------
2026-07-05 06:09:49.618 INFO  <mkdb.Checkpoint> ---------------- begin ----------------
2026-07-05 06:09:49.618 INFO  <mkdb.Checkpoint> marshalN=1/0
2026-07-05 06:09:49.618 INFO  <mkdb.Checkpoint> snapshot=0 marshal0=0
2026-07-05 06:09:49.618 INFO  <mkdb.Checkpoint> flush=0
2026-07-05 06:09:49.618 INFO  <mkdb.Checkpoint> ----------------- end -----------------
2026-07-05 06:10:49.670 INFO  <mkdb.Checkpoint> ---------------- begin ----------------
2026-07-05 06:10:49.670 INFO  <mkdb.Checkpoint> marshalN=1/0
2026-07-05 06:10:49.670 INFO  <mkdb.Checkpoint> snapshot=0 marshal0=0
2026-07-05 06:10:49.670 INFO  <mkdb.Checkpoint> flush=0
2026-07-05 06:10:49.670 INFO  <mkdb.Checkpoint> ----------------- end -----------------
2026-07-05 06:11:46.026 WARN  <mkdb.Backup> backup FULL begin
2026-07-05 06:11:46.027 WARN  <mkdb.Backup> backup FULL end
2026-07-05 06:11:49.729 INFO  <mkdb.Checkpoint> ---------------- begin ----------------
2026-07-05 06:11:49.729 INFO  <mkdb.Checkpoint> marshalN=1/0
2026-07-05 06:11:49.729 INFO  <mkdb.Checkpoint> snapshot=0 marshal0=0
2026-07-05 06:11:49.729 INFO  <mkdb.Checkpoint> flush=0
2026-07-05 06:11:49.729 INFO  <mkdb.Checkpoint> ----------------- end -----------------
2026-07-05 06:12:49.785 INFO  <mkdb.Checkpoint> ---------------- begin ----------------
2026-07-05 06:12:49.785 INFO  <mkdb.Checkpoint> marshalN=1/0
2026-07-05 06:12:49.785 INFO  <mkdb.Checkpoint> snapshot=0 marshal0=0
2026-07-05 06:12:49.785 INFO  <mkdb.Checkpoint> flush=0
2026-07-05 06:12:49.785 INFO  <mkdb.Checkpoint> ----------------- end -----------------
2026-07-05 06:13:49.840 INFO  <mkdb.Checkpoint> ---------------- begin ----------------
2026-07-05 06:13:49.840 INFO  <mkdb.Checkpoint> marshalN=1/0
2026-07-05 06:13:49.840 INFO  <mkdb.Checkpoint> snapshot=0 marshal0=0
2026-07-05 06:13:49.840 INFO  <mkdb.Checkpoint> flush=0
2026-07-05 06:13:49.840 INFO  <mkdb.Checkpoint> ----------------- end -----------------
2026-07-05 06:14:49.897 INFO  <mkdb.Checkpoint> ---------------- begin ----------------
2026-07-05 06:14:49.897 INFO  <mkdb.Checkpoint> marshalN=1/0
2026-07-05 06:14:49.897 INFO  <mkdb.Checkpoint> snapshot=0 marshal0=0
2026-07-05 06:14:49.897 INFO  <mkdb.Checkpoint> flush=0
2026-07-05 06:14:49.897 INFO  <mkdb.Checkpoint> ----------------- end -----------------
2026-07-05 06:15:49.953 INFO  <mkdb.Checkpoint> ---------------- begin ----------------
2026-07-05 06:15:49.953 INFO  <mkdb.Checkpoint> marshalN=1/0
2026-07-05 06:15:49.953 INFO  <mkdb.Checkpoint> snapshot=0 marshal0=0
2026-07-05 06:15:49.953 INFO  <mkdb.Checkpoint> flush=0
2026-07-05 06:15:49.953 INFO  <mkdb.Checkpoint> ----------------- end -----------------
2026-07-05 06:16:50.012 INFO  <mkdb.Checkpoint> ---------------- begin ----------------
2026-07-05 06:16:50.013 INFO  <mkdb.Checkpoint> marshalN=1/0
2026-07-05 06:16:50.013 INFO  <mkdb.Checkpoint> snapshot=0 marshal0=0
2026-07-05 06:16:50.013 INFO  <mkdb.Checkpoint> flush=0
2026-07-05 06:16:50.013 INFO  <mkdb.Checkpoint> ----------------- end -----------------
2026-07-05 06:17:50.077 INFO  <mkdb.Checkpoint> ---------------- begin ----------------
2026-07-05 06:17:50.077 INFO  <mkdb.Checkpoint> marshalN=1/0
2026-07-05 06:17:50.077 INFO  <mkdb.Checkpoint> snapshot=0 marshal0=0
2026-07-05 06:17:50.077 INFO  <mkdb.Checkpoint> flush=0
2026-07-05 06:17:50.077 INFO  <mkdb.Checkpoint> ----------------- end -----------------
2026-07-05 06:18:50.133 INFO  <mkdb.Checkpoint> ---------------- begin ----------------
2026-07-05 06:18:50.133 INFO  <mkdb.Checkpoint> marshalN=1/0
2026-07-05 06:18:50.133 INFO  <mkdb.Checkpoint> snapshot=0 marshal0=0
2026-07-05 06:18:50.133 INFO  <mkdb.Checkpoint> flush=0
2026-07-05 06:18:50.133 INFO  <mkdb.Checkpoint> ----------------- end -----------------
2026-07-05 06:19:50.189 INFO  <mkdb.Checkpoint> ---------------- begin ----------------
2026-07-05 06:19:50.189 INFO  <mkdb.Checkpoint> marshalN=1/0
2026-07-05 06:19:50.189 INFO  <mkdb.Checkpoint> snapshot=0 marshal0=0
2026-07-05 06:19:50.189 INFO  <mkdb.Checkpoint> flush=0
2026-07-05 06:19:50.189 INFO  <mkdb.Checkpoint> ----------------- end -----------------
2026-07-05 06:20:50.247 INFO  <mkdb.Checkpoint> ---------------- begin ----------------
2026-07-05 06:20:50.247 INFO  <mkdb.Checkpoint> marshalN=1/0
2026-07-05 06:20:50.247 INFO  <mkdb.Checkpoint> snapshot=0 marshal0=0
2026-07-05 06:20:50.247 INFO  <mkdb.Checkpoint> flush=0
2026-07-05 06:20:50.247 INFO  <mkdb.Checkpoint> ----------------- end -----------------
2026-07-05 06:21:50.304 INFO  <mkdb.Checkpoint> ---------------- begin ----------------
2026-07-05 06:21:50.304 INFO  <mkdb.Checkpoint> marshalN=1/0
2026-07-05 06:21:50.304 INFO  <mkdb.Checkpoint> snapshot=0 marshal0=0
2026-07-05 06:21:50.304 INFO  <mkdb.Checkpoint> flush=0
2026-07-05 06:21:50.304 INFO  <mkdb.Checkpoint> ----------------- end -----------------
2026-07-05 06:22:50.362 INFO  <mkdb.Checkpoint> ---------------- begin ----------------
2026-07-05 06:22:50.362 INFO  <mkdb.Checkpoint> marshalN=1/0
2026-07-05 06:22:50.362 INFO  <mkdb.Checkpoint> snapshot=0 marshal0=0
2026-07-05 06:22:50.362 INFO  <mkdb.Checkpoint> flush=0
2026-07-05 06:22:50.362 INFO  <mkdb.Checkpoint> ----------------- end -----------------
2026-07-05 06:23:50.418 INFO  <mkdb.Checkpoint> ---------------- begin ----------------
2026-07-05 06:23:50.418 INFO  <mkdb.Checkpoint> marshalN=1/0
2026-07-05 06:23:50.418 INFO  <mkdb.Checkpoint> snapshot=0 marshal0=0
2026-07-05 06:23:50.418 INFO  <mkdb.Checkpoint> flush=0
2026-07-05 06:23:50.418 INFO  <mkdb.Checkpoint> ----------------- end -----------------
2026-07-05 06:24:50.478 INFO  <mkdb.Checkpoint> ---------------- begin ----------------
2026-07-05 06:24:50.478 INFO  <mkdb.Checkpoint> marshalN=1/0
2026-07-05 06:24:50.478 INFO  <mkdb.Checkpoint> snapshot=0 marshal0=0
2026-07-05 06:24:50.478 INFO  <mkdb.Checkpoint> flush=0
2026-07-05 06:24:50.478 INFO  <mkdb.Checkpoint> ----------------- end -----------------
2026-07-05 06:25:50.535 INFO  <mkdb.Checkpoint> ---------------- begin ----------------
2026-07-05 06:25:50.535 INFO  <mkdb.Checkpoint> marshalN=1/0
2026-07-05 06:25:50.535 INFO  <mkdb.Checkpoint> snapshot=0 marshal0=0
2026-07-05 06:25:50.535 INFO  <mkdb.Checkpoint> flush=0
2026-07-05 06:25:50.535 INFO  <mkdb.Checkpoint> ----------------- end -----------------
2026-07-05 06:26:50.591 INFO  <mkdb.Checkpoint> ---------------- begin ----------------
2026-07-05 06:26:50.591 INFO  <mkdb.Checkpoint> marshalN=1/0
2026-07-05 06:26:50.591 INFO  <mkdb.Checkpoint> snapshot=0 marshal0=0
2026-07-05 06:26:50.591 INFO  <mkdb.Checkpoint> flush=0
2026-07-05 06:26:50.591 INFO  <mkdb.Checkpoint> ----------------- end -----------------
2026-07-05 06:27:50.645 INFO  <mkdb.Checkpoint> ---------------- begin ----------------
2026-07-05 06:27:50.645 INFO  <mkdb.Checkpoint> marshalN=1/0
2026-07-05 06:27:50.645 INFO  <mkdb.Checkpoint> snapshot=0 marshal0=0
2026-07-05 06:27:50.645 INFO  <mkdb.Checkpoint> flush=0
2026-07-05 06:27:50.645 INFO  <mkdb.Checkpoint> ----------------- end -----------------
2026-07-05 06:28:50.700 INFO  <mkdb.Checkpoint> ---------------- begin ----------------
2026-07-05 06:28:50.700 INFO  <mkdb.Checkpoint> marshalN=1/0
2026-07-05 06:28:50.700 INFO  <mkdb.Checkpoint> snapshot=0 marshal0=0
2026-07-05 06:28:50.700 INFO  <mkdb.Checkpoint> flush=0
2026-07-05 06:28:50.700 INFO  <mkdb.Checkpoint> ----------------- end -----------------
2026-07-05 06:29:50.752 INFO  <mkdb.Checkpoint> ---------------- begin ----------------
2026-07-05 06:29:50.752 INFO  <mkdb.Checkpoint> marshalN=1/0
2026-07-05 06:29:50.752 INFO  <mkdb.Checkpoint> snapshot=0 marshal0=0
2026-07-05 06:29:50.752 INFO  <mkdb.Checkpoint> flush=0
2026-07-05 06:29:50.752 INFO  <mkdb.Checkpoint> ----------------- end -----------------
