2026-07-05 06:30:50.806 INFO  <mkdb.Checkpoint> ---------------- begin ----------------
2026-07-05 06:30:50.806 INFO  <mkdb.Checkpoint> marshalN=1/0
2026-07-05 06:30:50.806 INFO  <mkdb.Checkpoint> snapshot=0 marshal0=0
2026-07-05 06:30:50.806 INFO  <mkdb.Checkpoint> flush=0
2026-07-05 06:30:50.806 INFO  <mkdb.Checkpoint> ----------------- end -----------------
2026-07-05 06:31:50.858 INFO  <mkdb.Checkpoint> ---------------- begin ----------------
2026-07-05 06:31:50.858 INFO  <mkdb.Checkpoint> marshalN=1/0
2026-07-05 06:31:50.858 INFO  <mkdb.Checkpoint> snapshot=0 marshal0=0
2026-07-05 06:31:50.858 INFO  <mkdb.Checkpoint> flush=0
2026-07-05 06:31:50.858 INFO  <mkdb.Checkpoint> ----------------- end -----------------
2026-07-05 06:32:50.910 INFO  <mkdb.Checkpoint> ---------------- begin ----------------
2026-07-05 06:32:50.910 INFO  <mkdb.Checkpoint> marshalN=1/0
2026-07-05 06:32:50.910 INFO  <mkdb.Checkpoint> snapshot=0 marshal0=0
2026-07-05 06:32:50.910 INFO  <mkdb.Checkpoint> flush=0
2026-07-05 06:32:50.910 INFO  <mkdb.Checkpoint> ----------------- end -----------------
2026-07-05 06:33:50.966 INFO  <mkdb.Checkpoint> ---------------- begin ----------------
2026-07-05 06:33:50.966 INFO  <mkdb.Checkpoint> marshalN=1/0
2026-07-05 06:33:50.966 INFO  <mkdb.Checkpoint> snapshot=0 marshal0=0
2026-07-05 06:33:50.966 INFO  <mkdb.Checkpoint> flush=0
2026-07-05 06:33:50.966 INFO  <mkdb.Checkpoint> ----------------- end -----------------
2026-07-05 06:34:51.030 INFO  <mkdb.Checkpoint> ---------------- begin ----------------
2026-07-05 06:34:51.030 INFO  <mkdb.Checkpoint> marshalN=1/0
2026-07-05 06:34:51.030 INFO  <mkdb.Checkpoint> snapshot=0 marshal0=0
2026-07-05 06:34:51.030 INFO  <mkdb.Checkpoint> flush=0
2026-07-05 06:34:51.030 INFO  <mkdb.Checkpoint> ----------------- end -----------------
2026-07-05 06:35:51.088 INFO  <mkdb.Checkpoint> ---------------- begin ----------------
2026-07-05 06:35:51.088 INFO  <mkdb.Checkpoint> marshalN=1/0
2026-07-05 06:35:51.088 INFO  <mkdb.Checkpoint> snapshot=0 marshal0=0
2026-07-05 06:35:51.088 INFO  <mkdb.Checkpoint> flush=0
2026-07-05 06:35:51.088 INFO  <mkdb.Checkpoint> ----------------- end -----------------
2026-07-05 06:36:51.143 INFO  <mkdb.Checkpoint> ---------------- begin ----------------
2026-07-05 06:36:51.143 INFO  <mkdb.Checkpoint> marshalN=1/0
2026-07-05 06:36:51.143 INFO  <mkdb.Checkpoint> snapshot=0 marshal0=0
2026-07-05 06:36:51.143 INFO  <mkdb.Checkpoint> flush=0
2026-07-05 06:36:51.143 INFO  <mkdb.Checkpoint> ----------------- end -----------------
2026-07-05 06:37:51.200 INFO  <mkdb.Checkpoint> ---------------- begin ----------------
2026-07-05 06:37:51.200 INFO  <mkdb.Checkpoint> marshalN=1/0
2026-07-05 06:37:51.200 INFO  <mkdb.Checkpoint> snapshot=0 marshal0=0
2026-07-05 06:37:51.200 INFO  <mkdb.Checkpoint> flush=0
2026-07-05 06:37:51.200 INFO  <mkdb.Checkpoint> ----------------- end -----------------
2026-07-05 06:38:51.258 INFO  <mkdb.Checkpoint> ---------------- begin ----------------
2026-07-05 06:38:51.258 INFO  <mkdb.Checkpoint> marshalN=1/0
2026-07-05 06:38:51.258 INFO  <mkdb.Checkpoint> snapshot=0 marshal0=0
2026-07-05 06:38:51.258 INFO  <mkdb.Checkpoint> flush=0
2026-07-05 06:38:51.258 INFO  <mkdb.Checkpoint> ----------------- end -----------------
2026-07-05 06:39:51.318 INFO  <mkdb.Checkpoint> ---------------- begin ----------------
2026-07-05 06:39:51.318 INFO  <mkdb.Checkpoint> marshalN=1/0
2026-07-05 06:39:51.318 INFO  <mkdb.Checkpoint> snapshot=0 marshal0=0
2026-07-05 06:39:51.318 INFO  <mkdb.Checkpoint> flush=0
2026-07-05 06:39:51.318 INFO  <mkdb.Checkpoint> ----------------- end -----------------
2026-07-05 06:40:51.376 INFO  <mkdb.Checkpoint> ---------------- begin ----------------
2026-07-05 06:40:51.376 INFO  <mkdb.Checkpoint> marshalN=1/0
2026-07-05 06:40:51.376 INFO  <mkdb.Checkpoint> snapshot=0 marshal0=0
2026-07-05 06:40:51.376 INFO  <mkdb.Checkpoint> flush=0
2026-07-05 06:40:51.376 INFO  <mkdb.Checkpoint> ----------------- end -----------------
2026-07-05 06:41:51.429 INFO  <mkdb.Checkpoint> ---------------- begin ----------------
2026-07-05 06:41:51.429 INFO  <mkdb.Checkpoint> marshalN=1/0
2026-07-05 06:41:51.429 INFO  <mkdb.Checkpoint> snapshot=0 marshal0=0
2026-07-05 06:41:51.429 INFO  <mkdb.Checkpoint> flush=0
2026-07-05 06:41:51.429 INFO  <mkdb.Checkpoint> ----------------- end -----------------
2026-07-05 06:42:51.487 INFO  <mkdb.Checkpoint> ---------------- begin ----------------
2026-07-05 06:42:51.487 INFO  <mkdb.Checkpoint> marshalN=1/0
2026-07-05 06:42:51.487 INFO  <mkdb.Checkpoint> snapshot=0 marshal0=0
2026-07-05 06:42:51.487 INFO  <mkdb.Checkpoint> flush=0
2026-07-05 06:42:51.487 INFO  <mkdb.Checkpoint> ----------------- end -----------------
2026-07-05 06:43:51.546 INFO  <mkdb.Checkpoint> ---------------- begin ----------------
2026-07-05 06:43:51.546 INFO  <mkdb.Checkpoint> marshalN=1/0
2026-07-05 06:43:51.546 INFO  <mkdb.Checkpoint> snapshot=0 marshal0=0
2026-07-05 06:43:51.546 INFO  <mkdb.Checkpoint> flush=0
2026-07-05 06:43:51.546 INFO  <mkdb.Checkpoint> ----------------- end -----------------
2026-07-05 06:44:51.605 INFO  <mkdb.Checkpoint> ---------------- begin ----------------
2026-07-05 06:44:51.605 INFO  <mkdb.Checkpoint> marshalN=1/0
2026-07-05 06:44:51.605 INFO  <mkdb.Checkpoint> snapshot=0 marshal0=0
2026-07-05 06:44:51.605 INFO  <mkdb.Checkpoint> flush=0
2026-07-05 06:44:51.605 INFO  <mkdb.Checkpoint> ----------------- end -----------------
2026-07-05 06:45:51.661 INFO  <mkdb.Checkpoint> ---------------- begin ----------------
2026-07-05 06:45:51.661 INFO  <mkdb.Checkpoint> marshalN=1/0
2026-07-05 06:45:51.661 INFO  <mkdb.Checkpoint> snapshot=0 marshal0=0
2026-07-05 06:45:51.661 INFO  <mkdb.Checkpoint> flush=0
2026-07-05 06:45:51.661 INFO  <mkdb.Checkpoint> ----------------- end -----------------
2026-07-05 06:46:51.715 INFO  <mkdb.Checkpoint> ---------------- begin ----------------
2026-07-05 06:46:51.715 INFO  <mkdb.Checkpoint> marshalN=1/0
2026-07-05 06:46:51.715 INFO  <mkdb.Checkpoint> snapshot=0 marshal0=0
2026-07-05 06:46:51.715 INFO  <mkdb.Checkpoint> flush=0
2026-07-05 06:46:51.715 INFO  <mkdb.Checkpoint> ----------------- end -----------------
2026-07-05 06:47:51.767 INFO  <mkdb.Checkpoint> ---------------- begin ----------------
2026-07-05 06:47:51.767 INFO  <mkdb.Checkpoint> marshalN=1/0
2026-07-05 06:47:51.767 INFO  <mkdb.Checkpoint> snapshot=0 marshal0=0
2026-07-05 06:47:51.767 INFO  <mkdb.Checkpoint> flush=0
2026-07-05 06:47:51.768 INFO  <mkdb.Checkpoint> ----------------- end -----------------
2026-07-05 06:48:51.821 INFO  <mkdb.Checkpoint> ---------------- begin ----------------
2026-07-05 06:48:51.821 INFO  <mkdb.Checkpoint> marshalN=1/0
2026-07-05 06:48:51.821 INFO  <mkdb.Checkpoint> snapshot=0 marshal0=0
2026-07-05 06:48:51.821 INFO  <mkdb.Checkpoint> flush=0
2026-07-05 06:48:51.821 INFO  <mkdb.Checkpoint> ----------------- end -----------------
2026-07-05 06:49:51.875 INFO  <mkdb.Checkpoint> ---------------- begin ----------------
2026-07-05 06:49:51.875 INFO  <mkdb.Checkpoint> marshalN=1/0
2026-07-05 06:49:51.875 INFO  <mkdb.Checkpoint> snapshot=0 marshal0=0
2026-07-05 06:49:51.875 INFO  <mkdb.Checkpoint> flush=0
2026-07-05 06:49:51.875 INFO  <mkdb.Checkpoint> ----------------- end -----------------
2026-07-05 06:50:51.933 INFO  <mkdb.Checkpoint> ---------------- begin ----------------
2026-07-05 06:50:51.933 INFO  <mkdb.Checkpoint> marshalN=1/0
2026-07-05 06:50:51.933 INFO  <mkdb.Checkpoint> snapshot=0 marshal0=0
2026-07-05 06:50:51.933 INFO  <mkdb.Checkpoint> flush=0
2026-07-05 06:50:51.933 INFO  <mkdb.Checkpoint> ----------------- end -----------------
2026-07-05 06:51:51.990 INFO  <mkdb.Checkpoint> ---------------- begin ----------------
2026-07-05 06:51:51.990 INFO  <mkdb.Checkpoint> marshalN=1/0
2026-07-05 06:51:51.990 INFO  <mkdb.Checkpoint> snapshot=0 marshal0=0
2026-07-05 06:51:51.990 INFO  <mkdb.Checkpoint> flush=0
2026-07-05 06:51:51.990 INFO  <mkdb.Checkpoint> ----------------- end -----------------
2026-07-05 06:52:52.046 INFO  <mkdb.Checkpoint> ---------------- begin ----------------
2026-07-05 06:52:52.046 INFO  <mkdb.Checkpoint> marshalN=1/0
2026-07-05 06:52:52.046 INFO  <mkdb.Checkpoint> snapshot=0 marshal0=0
2026-07-05 06:52:52.046 INFO  <mkdb.Checkpoint> flush=0
2026-07-05 06:52:52.046 INFO  <mkdb.Checkpoint> ----------------- end -----------------
2026-07-05 06:53:52.105 INFO  <mkdb.Checkpoint> ---------------- begin ----------------
2026-07-05 06:53:52.105 INFO  <mkdb.Checkpoint> marshalN=1/0
2026-07-05 06:53:52.105 INFO  <mkdb.Checkpoint> snapshot=0 marshal0=0
2026-07-05 06:53:52.105 INFO  <mkdb.Checkpoint> flush=0
2026-07-05 06:53:52.105 INFO  <mkdb.Checkpoint> ----------------- end -----------------
2026-07-05 06:54:52.163 INFO  <mkdb.Checkpoint> ---------------- begin ----------------
2026-07-05 06:54:52.163 INFO  <mkdb.Checkpoint> marshalN=1/0
2026-07-05 06:54:52.163 INFO  <mkdb.Checkpoint> snapshot=0 marshal0=0
2026-07-05 06:54:52.163 INFO  <mkdb.Checkpoint> flush=0
2026-07-05 06:54:52.163 INFO  <mkdb.Checkpoint> ----------------- end -----------------
2026-07-05 06:55:52.219 INFO  <mkdb.Checkpoint> ---------------- begin ----------------
2026-07-05 06:55:52.220 INFO  <mkdb.Checkpoint> marshalN=1/0
2026-07-05 06:55:52.220 INFO  <mkdb.Checkpoint> snapshot=0 marshal0=0
2026-07-05 06:55:52.220 INFO  <mkdb.Checkpoint> flush=0
2026-07-05 06:55:52.220 INFO  <mkdb.Checkpoint> ----------------- end -----------------
2026-07-05 06:56:52.276 INFO  <mkdb.Checkpoint> ---------------- begin ----------------
2026-07-05 06:56:52.276 INFO  <mkdb.Checkpoint> marshalN=1/0
2026-07-05 06:56:52.276 INFO  <mkdb.Checkpoint> snapshot=0 marshal0=0
2026-07-05 06:56:52.276 INFO  <mkdb.Checkpoint> flush=0
2026-07-05 06:56:52.276 INFO  <mkdb.Checkpoint> ----------------- end -----------------
2026-07-05 06:57:52.335 INFO  <mkdb.Checkpoint> ---------------- begin ----------------
2026-07-05 06:57:52.335 INFO  <mkdb.Checkpoint> marshalN=1/0
2026-07-05 06:57:52.335 INFO  <mkdb.Checkpoint> snapshot=0 marshal0=0
2026-07-05 06:57:52.335 INFO  <mkdb.Checkpoint> flush=0
2026-07-05 06:57:52.335 INFO  <mkdb.Checkpoint> ----------------- end -----------------
2026-07-05 06:58:52.387 INFO  <mkdb.Checkpoint> ---------------- begin ----------------
2026-07-05 06:58:52.387 INFO  <mkdb.Checkpoint> marshalN=1/0
2026-07-05 06:58:52.387 INFO  <mkdb.Checkpoint> snapshot=0 marshal0=0
2026-07-05 06:58:52.387 INFO  <mkdb.Checkpoint> flush=0
2026-07-05 06:58:52.387 INFO  <mkdb.Checkpoint> ----------------- end -----------------
2026-07-05 06:59:52.438 INFO  <mkdb.Checkpoint> ---------------- begin ----------------
2026-07-05 06:59:52.438 INFO  <mkdb.Checkpoint> marshalN=1/0
2026-07-05 06:59:52.438 INFO  <mkdb.Checkpoint> snapshot=0 marshal0=0
2026-07-05 06:59:52.438 INFO  <mkdb.Checkpoint> flush=0
2026-07-05 06:59:52.438 INFO  <mkdb.Checkpoint> ----------------- end -----------------
2026-07-05 07:00:52.493 INFO  <mkdb.Checkpoint> ---------------- begin ----------------
2026-07-05 07:00:52.493 INFO  <mkdb.Checkpoint> marshalN=1/0
2026-07-05 07:00:52.493 INFO  <mkdb.Checkpoint> snapshot=0 marshal0=0
2026-07-05 07:00:52.493 INFO  <mkdb.Checkpoint> flush=0
2026-07-05 07:00:52.493 INFO  <mkdb.Checkpoint> ----------------- end -----------------
2026-07-05 07:01:52.546 INFO  <mkdb.Checkpoint> ---------------- begin ----------------
2026-07-05 07:01:52.546 INFO  <mkdb.Checkpoint> marshalN=1/0
2026-07-05 07:01:52.546 INFO  <mkdb.Checkpoint> snapshot=0 marshal0=0
2026-07-05 07:01:52.546 INFO  <mkdb.Checkpoint> flush=0
2026-07-05 07:01:52.546 INFO  <mkdb.Checkpoint> ----------------- end -----------------
2026-07-05 07:02:52.597 INFO  <mkdb.Checkpoint> ---------------- begin ----------------
2026-07-05 07:02:52.597 INFO  <mkdb.Checkpoint> marshalN=1/0
2026-07-05 07:02:52.597 INFO  <mkdb.Checkpoint> snapshot=0 marshal0=0
2026-07-05 07:02:52.597 INFO  <mkdb.Checkpoint> flush=0
2026-07-05 07:02:52.597 INFO  <mkdb.Checkpoint> ----------------- end -----------------
2026-07-05 07:03:52.649 INFO  <mkdb.Checkpoint> ---------------- begin ----------------
2026-07-05 07:03:52.649 INFO  <mkdb.Checkpoint> marshalN=1/0
2026-07-05 07:03:52.649 INFO  <mkdb.Checkpoint> snapshot=0 marshal0=0
2026-07-05 07:03:52.649 INFO  <mkdb.Checkpoint> flush=0
2026-07-05 07:03:52.649 INFO  <mkdb.Checkpoint> ----------------- end -----------------
2026-07-05 07:04:52.702 INFO  <mkdb.Checkpoint> ---------------- begin ----------------
2026-07-05 07:04:52.702 INFO  <mkdb.Checkpoint> marshalN=1/0
2026-07-05 07:04:52.702 INFO  <mkdb.Checkpoint> snapshot=0 marshal0=0
2026-07-05 07:04:52.702 INFO  <mkdb.Checkpoint> flush=0
2026-07-05 07:04:52.702 INFO  <mkdb.Checkpoint> ----------------- end -----------------
2026-07-05 07:05:52.755 INFO  <mkdb.Checkpoint> ---------------- begin ----------------
2026-07-05 07:05:52.755 INFO  <mkdb.Checkpoint> marshalN=1/0
2026-07-05 07:05:52.755 INFO  <mkdb.Checkpoint> snapshot=0 marshal0=0
2026-07-05 07:05:52.755 INFO  <mkdb.Checkpoint> flush=0
2026-07-05 07:05:52.755 INFO  <mkdb.Checkpoint> ----------------- end -----------------
2026-07-05 07:06:52.807 INFO  <mkdb.Checkpoint> ---------------- begin ----------------
2026-07-05 07:06:52.807 INFO  <mkdb.Checkpoint> marshalN=1/0
2026-07-05 07:06:52.807 INFO  <mkdb.Checkpoint> snapshot=0 marshal0=0
2026-07-05 07:06:52.807 INFO  <mkdb.Checkpoint> flush=0
2026-07-05 07:06:52.807 INFO  <mkdb.Checkpoint> ----------------- end -----------------
2026-07-05 07:07:52.861 INFO  <mkdb.Checkpoint> ---------------- begin ----------------
2026-07-05 07:07:52.861 INFO  <mkdb.Checkpoint> marshalN=1/0
2026-07-05 07:07:52.861 INFO  <mkdb.Checkpoint> snapshot=0 marshal0=0
2026-07-05 07:07:52.861 INFO  <mkdb.Checkpoint> flush=0
2026-07-05 07:07:52.861 INFO  <mkdb.Checkpoint> ----------------- end -----------------
2026-07-05 07:08:52.915 INFO  <mkdb.Checkpoint> ---------------- begin ----------------
2026-07-05 07:08:52.915 INFO  <mkdb.Checkpoint> marshalN=1/0
2026-07-05 07:08:52.915 INFO  <mkdb.Checkpoint> snapshot=0 marshal0=0
2026-07-05 07:08:52.915 INFO  <mkdb.Checkpoint> flush=0
2026-07-05 07:08:52.915 INFO  <mkdb.Checkpoint> ----------------- end -----------------
2026-07-05 07:09:52.965 INFO  <mkdb.Checkpoint> ---------------- begin ----------------
2026-07-05 07:09:52.965 INFO  <mkdb.Checkpoint> marshalN=1/0
2026-07-05 07:09:52.965 INFO  <mkdb.Checkpoint> snapshot=0 marshal0=0
2026-07-05 07:09:52.965 INFO  <mkdb.Checkpoint> flush=0
2026-07-05 07:09:52.965 INFO  <mkdb.Checkpoint> ----------------- end -----------------
2026-07-05 07:10:53.019 INFO  <mkdb.Checkpoint> ---------------- begin ----------------
2026-07-05 07:10:53.020 INFO  <mkdb.Checkpoint> marshalN=1/0
2026-07-05 07:10:53.020 INFO  <mkdb.Checkpoint> snapshot=0 marshal0=0
2026-07-05 07:10:53.020 INFO  <mkdb.Checkpoint> flush=0
2026-07-05 07:10:53.020 INFO  <mkdb.Checkpoint> ----------------- end -----------------
2026-07-05 07:11:53.071 INFO  <mkdb.Checkpoint> ---------------- begin ----------------
2026-07-05 07:11:53.071 INFO  <mkdb.Checkpoint> marshalN=1/0
2026-07-05 07:11:53.071 INFO  <mkdb.Checkpoint> snapshot=0 marshal0=0
2026-07-05 07:11:53.071 INFO  <mkdb.Checkpoint> flush=0
2026-07-05 07:11:53.071 INFO  <mkdb.Checkpoint> ----------------- end -----------------
2026-07-05 07:12:53.123 INFO  <mkdb.Checkpoint> ---------------- begin ----------------
2026-07-05 07:12:53.123 INFO  <mkdb.Checkpoint> marshalN=1/0
2026-07-05 07:12:53.123 INFO  <mkdb.Checkpoint> snapshot=0 marshal0=0
2026-07-05 07:12:53.123 INFO  <mkdb.Checkpoint> flush=0
2026-07-05 07:12:53.123 INFO  <mkdb.Checkpoint> ----------------- end -----------------
2026-07-05 07:12:57.027 WARN  <mkdb.Backup> backup FULL begin
2026-07-05 07:12:57.028 WARN  <mkdb.Backup> backup FULL end
2026-07-05 07:13:53.176 INFO  <mkdb.Checkpoint> ---------------- begin ----------------
2026-07-05 07:13:53.176 INFO  <mkdb.Checkpoint> marshalN=1/0
2026-07-05 07:13:53.176 INFO  <mkdb.Checkpoint> snapshot=0 marshal0=0
2026-07-05 07:13:53.176 INFO  <mkdb.Checkpoint> flush=0
2026-07-05 07:13:53.177 INFO  <mkdb.Checkpoint> ----------------- end -----------------
2026-07-05 07:14:53.228 INFO  <mkdb.Checkpoint> ---------------- begin ----------------
2026-07-05 07:14:53.228 INFO  <mkdb.Checkpoint> marshalN=1/0
2026-07-05 07:14:53.228 INFO  <mkdb.Checkpoint> snapshot=0 marshal0=0
2026-07-05 07:14:53.228 INFO  <mkdb.Checkpoint> flush=0
2026-07-05 07:14:53.228 INFO  <mkdb.Checkpoint> ----------------- end -----------------
2026-07-05 07:15:53.279 INFO  <mkdb.Checkpoint> ---------------- begin ----------------
2026-07-05 07:15:53.279 INFO  <mkdb.Checkpoint> marshalN=1/0
2026-07-05 07:15:53.279 INFO  <mkdb.Checkpoint> snapshot=0 marshal0=0
2026-07-05 07:15:53.279 INFO  <mkdb.Checkpoint> flush=0
2026-07-05 07:15:53.279 INFO  <mkdb.Checkpoint> ----------------- end -----------------
2026-07-05 07:16:53.332 INFO  <mkdb.Checkpoint> ---------------- begin ----------------
2026-07-05 07:16:53.332 INFO  <mkdb.Checkpoint> marshalN=1/0
2026-07-05 07:16:53.332 INFO  <mkdb.Checkpoint> snapshot=0 marshal0=0
2026-07-05 07:16:53.332 INFO  <mkdb.Checkpoint> flush=0
2026-07-05 07:16:53.332 INFO  <mkdb.Checkpoint> ----------------- end -----------------
2026-07-05 07:17:53.383 INFO  <mkdb.Checkpoint> ---------------- begin ----------------
2026-07-05 07:17:53.383 INFO  <mkdb.Checkpoint> marshalN=1/0
2026-07-05 07:17:53.383 INFO  <mkdb.Checkpoint> snapshot=0 marshal0=0
2026-07-05 07:17:53.383 INFO  <mkdb.Checkpoint> flush=0
2026-07-05 07:17:53.383 INFO  <mkdb.Checkpoint> ----------------- end -----------------
2026-07-05 07:18:53.441 INFO  <mkdb.Checkpoint> ---------------- begin ----------------
2026-07-05 07:18:53.441 INFO  <mkdb.Checkpoint> marshalN=1/0
2026-07-05 07:18:53.441 INFO  <mkdb.Checkpoint> snapshot=0 marshal0=0
2026-07-05 07:18:53.441 INFO  <mkdb.Checkpoint> flush=0
2026-07-05 07:18:53.441 INFO  <mkdb.Checkpoint> ----------------- end -----------------
2026-07-05 07:19:53.490 INFO  <mkdb.Checkpoint> ---------------- begin ----------------
2026-07-05 07:19:53.490 INFO  <mkdb.Checkpoint> marshalN=1/0
2026-07-05 07:19:53.490 INFO  <mkdb.Checkpoint> snapshot=0 marshal0=0
2026-07-05 07:19:53.490 INFO  <mkdb.Checkpoint> flush=0
2026-07-05 07:19:53.490 INFO  <mkdb.Checkpoint> ----------------- end -----------------
2026-07-05 07:20:53.542 INFO  <mkdb.Checkpoint> ---------------- begin ----------------
2026-07-05 07:20:53.542 INFO  <mkdb.Checkpoint> marshalN=1/0
2026-07-05 07:20:53.542 INFO  <mkdb.Checkpoint> snapshot=0 marshal0=0
2026-07-05 07:20:53.542 INFO  <mkdb.Checkpoint> flush=0
2026-07-05 07:20:53.542 INFO  <mkdb.Checkpoint> ----------------- end -----------------
2026-07-05 07:21:53.592 INFO  <mkdb.Checkpoint> ---------------- begin ----------------
2026-07-05 07:21:53.592 INFO  <mkdb.Checkpoint> marshalN=1/0
2026-07-05 07:21:53.592 INFO  <mkdb.Checkpoint> snapshot=0 marshal0=0
2026-07-05 07:21:53.592 INFO  <mkdb.Checkpoint> flush=0
2026-07-05 07:21:53.592 INFO  <mkdb.Checkpoint> ----------------- end -----------------
2026-07-05 07:22:53.643 INFO  <mkdb.Checkpoint> ---------------- begin ----------------
2026-07-05 07:22:53.643 INFO  <mkdb.Checkpoint> marshalN=1/0
2026-07-05 07:22:53.643 INFO  <mkdb.Checkpoint> snapshot=0 marshal0=0
2026-07-05 07:22:53.643 INFO  <mkdb.Checkpoint> flush=0
2026-07-05 07:22:53.643 INFO  <mkdb.Checkpoint> ----------------- end -----------------
2026-07-05 07:23:53.694 INFO  <mkdb.Checkpoint> ---------------- begin ----------------
2026-07-05 07:23:53.694 INFO  <mkdb.Checkpoint> marshalN=1/0
2026-07-05 07:23:53.694 INFO  <mkdb.Checkpoint> snapshot=0 marshal0=0
2026-07-05 07:23:53.694 INFO  <mkdb.Checkpoint> flush=0
2026-07-05 07:23:53.694 INFO  <mkdb.Checkpoint> ----------------- end -----------------
2026-07-05 07:24:53.747 INFO  <mkdb.Checkpoint> ---------------- begin ----------------
2026-07-05 07:24:53.747 INFO  <mkdb.Checkpoint> marshalN=1/0
2026-07-05 07:24:53.747 INFO  <mkdb.Checkpoint> snapshot=0 marshal0=0
2026-07-05 07:24:53.747 INFO  <mkdb.Checkpoint> flush=0
2026-07-05 07:24:53.747 INFO  <mkdb.Checkpoint> ----------------- end -----------------
2026-07-05 07:25:53.800 INFO  <mkdb.Checkpoint> ---------------- begin ----------------
2026-07-05 07:25:53.800 INFO  <mkdb.Checkpoint> marshalN=1/0
2026-07-05 07:25:53.800 INFO  <mkdb.Checkpoint> snapshot=0 marshal0=0
2026-07-05 07:25:53.800 INFO  <mkdb.Checkpoint> flush=0
2026-07-05 07:25:53.800 INFO  <mkdb.Checkpoint> ----------------- end -----------------
2026-07-05 07:26:53.850 INFO  <mkdb.Checkpoint> ---------------- begin ----------------
2026-07-05 07:26:53.850 INFO  <mkdb.Checkpoint> marshalN=1/0
2026-07-05 07:26:53.850 INFO  <mkdb.Checkpoint> snapshot=0 marshal0=0
2026-07-05 07:26:53.850 INFO  <mkdb.Checkpoint> flush=0
2026-07-05 07:26:53.850 INFO  <mkdb.Checkpoint> ----------------- end -----------------
2026-07-05 07:27:53.904 INFO  <mkdb.Checkpoint> ---------------- begin ----------------
2026-07-05 07:27:53.904 INFO  <mkdb.Checkpoint> marshalN=1/0
2026-07-05 07:27:53.904 INFO  <mkdb.Checkpoint> snapshot=0 marshal0=0
2026-07-05 07:27:53.904 INFO  <mkdb.Checkpoint> flush=0
2026-07-05 07:27:53.904 INFO  <mkdb.Checkpoint> ----------------- end -----------------
2026-07-05 07:28:53.955 INFO  <mkdb.Checkpoint> ---------------- begin ----------------
2026-07-05 07:28:53.955 INFO  <mkdb.Checkpoint> marshalN=1/0
2026-07-05 07:28:53.955 INFO  <mkdb.Checkpoint> snapshot=0 marshal0=0
2026-07-05 07:28:53.955 INFO  <mkdb.Checkpoint> flush=0
2026-07-05 07:28:53.955 INFO  <mkdb.Checkpoint> ----------------- end -----------------
2026-07-05 07:29:54.009 INFO  <mkdb.Checkpoint> ---------------- begin ----------------
2026-07-05 07:29:54.009 INFO  <mkdb.Checkpoint> marshalN=1/0
2026-07-05 07:29:54.009 INFO  <mkdb.Checkpoint> snapshot=0 marshal0=0
2026-07-05 07:29:54.009 INFO  <mkdb.Checkpoint> flush=0
2026-07-05 07:29:54.009 INFO  <mkdb.Checkpoint> ----------------- end -----------------
2026-07-05 07:30:54.062 INFO  <mkdb.Checkpoint> ---------------- begin ----------------
2026-07-05 07:30:54.062 INFO  <mkdb.Checkpoint> marshalN=1/0
2026-07-05 07:30:54.062 INFO  <mkdb.Checkpoint> snapshot=0 marshal0=0
2026-07-05 07:30:54.062 INFO  <mkdb.Checkpoint> flush=0
2026-07-05 07:30:54.062 INFO  <mkdb.Checkpoint> ----------------- end -----------------
2026-07-05 07:31:54.114 INFO  <mkdb.Checkpoint> ---------------- begin ----------------
2026-07-05 07:31:54.114 INFO  <mkdb.Checkpoint> marshalN=1/0
2026-07-05 07:31:54.114 INFO  <mkdb.Checkpoint> snapshot=0 marshal0=0
2026-07-05 07:31:54.114 INFO  <mkdb.Checkpoint> flush=0
2026-07-05 07:31:54.114 INFO  <mkdb.Checkpoint> ----------------- end -----------------
2026-07-05 07:32:54.167 INFO  <mkdb.Checkpoint> ---------------- begin ----------------
2026-07-05 07:32:54.167 INFO  <mkdb.Checkpoint> marshalN=1/0
2026-07-05 07:32:54.167 INFO  <mkdb.Checkpoint> snapshot=0 marshal0=0
2026-07-05 07:32:54.167 INFO  <mkdb.Checkpoint> flush=0
2026-07-05 07:32:54.167 INFO  <mkdb.Checkpoint> ----------------- end -----------------
2026-07-05 07:33:54.222 INFO  <mkdb.Checkpoint> ---------------- begin ----------------
2026-07-05 07:33:54.222 INFO  <mkdb.Checkpoint> marshalN=1/0
2026-07-05 07:33:54.222 INFO  <mkdb.Checkpoint> snapshot=0 marshal0=0
2026-07-05 07:33:54.222 INFO  <mkdb.Checkpoint> flush=0
2026-07-05 07:33:54.222 INFO  <mkdb.Checkpoint> ----------------- end -----------------
2026-07-05 07:34:54.275 INFO  <mkdb.Checkpoint> ---------------- begin ----------------
2026-07-05 07:34:54.275 INFO  <mkdb.Checkpoint> marshalN=1/0
2026-07-05 07:34:54.275 INFO  <mkdb.Checkpoint> snapshot=0 marshal0=0
2026-07-05 07:34:54.275 INFO  <mkdb.Checkpoint> flush=0
2026-07-05 07:34:54.275 INFO  <mkdb.Checkpoint> ----------------- end -----------------
2026-07-05 07:35:54.328 INFO  <mkdb.Checkpoint> ---------------- begin ----------------
2026-07-05 07:35:54.328 INFO  <mkdb.Checkpoint> marshalN=1/0
2026-07-05 07:35:54.328 INFO  <mkdb.Checkpoint> snapshot=0 marshal0=0
2026-07-05 07:35:54.328 INFO  <mkdb.Checkpoint> flush=0
2026-07-05 07:35:54.328 INFO  <mkdb.Checkpoint> ----------------- end -----------------
2026-07-05 07:36:54.379 INFO  <mkdb.Checkpoint> ---------------- begin ----------------
2026-07-05 07:36:54.379 INFO  <mkdb.Checkpoint> marshalN=1/0
2026-07-05 07:36:54.379 INFO  <mkdb.Checkpoint> snapshot=0 marshal0=0
2026-07-05 07:36:54.379 INFO  <mkdb.Checkpoint> flush=0
2026-07-05 07:36:54.379 INFO  <mkdb.Checkpoint> ----------------- end -----------------
2026-07-05 07:37:54.431 INFO  <mkdb.Checkpoint> ---------------- begin ----------------
2026-07-05 07:37:54.431 INFO  <mkdb.Checkpoint> marshalN=1/0
2026-07-05 07:37:54.431 INFO  <mkdb.Checkpoint> snapshot=0 marshal0=0
2026-07-05 07:37:54.431 INFO  <mkdb.Checkpoint> flush=0
2026-07-05 07:37:54.431 INFO  <mkdb.Checkpoint> ----------------- end -----------------
2026-07-05 07:38:54.481 INFO  <mkdb.Checkpoint> ---------------- begin ----------------
2026-07-05 07:38:54.481 INFO  <mkdb.Checkpoint> marshalN=1/0
2026-07-05 07:38:54.481 INFO  <mkdb.Checkpoint> snapshot=0 marshal0=0
2026-07-05 07:38:54.481 INFO  <mkdb.Checkpoint> flush=0
2026-07-05 07:38:54.481 INFO  <mkdb.Checkpoint> ----------------- end -----------------
2026-07-05 07:39:54.533 INFO  <mkdb.Checkpoint> ---------------- begin ----------------
2026-07-05 07:39:54.533 INFO  <mkdb.Checkpoint> marshalN=1/0
2026-07-05 07:39:54.533 INFO  <mkdb.Checkpoint> snapshot=0 marshal0=0
2026-07-05 07:39:54.533 INFO  <mkdb.Checkpoint> flush=0
2026-07-05 07:39:54.533 INFO  <mkdb.Checkpoint> ----------------- end -----------------
2026-07-05 07:40:54.586 INFO  <mkdb.Checkpoint> ---------------- begin ----------------
2026-07-05 07:40:54.586 INFO  <mkdb.Checkpoint> marshalN=1/0
2026-07-05 07:40:54.586 INFO  <mkdb.Checkpoint> snapshot=0 marshal0=0
2026-07-05 07:40:54.586 INFO  <mkdb.Checkpoint> flush=0
2026-07-05 07:40:54.586 INFO  <mkdb.Checkpoint> ----------------- end -----------------
2026-07-05 07:41:54.637 INFO  <mkdb.Checkpoint> ---------------- begin ----------------
2026-07-05 07:41:54.637 INFO  <mkdb.Checkpoint> marshalN=1/0
2026-07-05 07:41:54.637 INFO  <mkdb.Checkpoint> snapshot=0 marshal0=0
2026-07-05 07:41:54.637 INFO  <mkdb.Checkpoint> flush=0
2026-07-05 07:41:54.637 INFO  <mkdb.Checkpoint> ----------------- end -----------------
2026-07-05 07:42:54.687 INFO  <mkdb.Checkpoint> ---------------- begin ----------------
2026-07-05 07:42:54.687 INFO  <mkdb.Checkpoint> marshalN=1/0
2026-07-05 07:42:54.687 INFO  <mkdb.Checkpoint> snapshot=0 marshal0=0
2026-07-05 07:42:54.687 INFO  <mkdb.Checkpoint> flush=0
2026-07-05 07:42:54.687 INFO  <mkdb.Checkpoint> ----------------- end -----------------
2026-07-05 07:43:54.740 INFO  <mkdb.Checkpoint> ---------------- begin ----------------
2026-07-05 07:43:54.740 INFO  <mkdb.Checkpoint> marshalN=1/0
2026-07-05 07:43:54.740 INFO  <mkdb.Checkpoint> snapshot=0 marshal0=0
2026-07-05 07:43:54.740 INFO  <mkdb.Checkpoint> flush=0
2026-07-05 07:43:54.740 INFO  <mkdb.Checkpoint> ----------------- end -----------------
2026-07-05 07:44:54.796 INFO  <mkdb.Checkpoint> ---------------- begin ----------------
2026-07-05 07:44:54.796 INFO  <mkdb.Checkpoint> marshalN=1/0
2026-07-05 07:44:54.796 INFO  <mkdb.Checkpoint> snapshot=0 marshal0=0
2026-07-05 07:44:54.797 INFO  <mkdb.Checkpoint> flush=0
2026-07-05 07:44:54.797 INFO  <mkdb.Checkpoint> ----------------- end -----------------
2026-07-05 07:45:54.851 INFO  <mkdb.Checkpoint> ---------------- begin ----------------
2026-07-05 07:45:54.851 INFO  <mkdb.Checkpoint> marshalN=1/0
2026-07-05 07:45:54.851 INFO  <mkdb.Checkpoint> snapshot=0 marshal0=0
2026-07-05 07:45:54.851 INFO  <mkdb.Checkpoint> flush=0
2026-07-05 07:45:54.851 INFO  <mkdb.Checkpoint> ----------------- end -----------------
2026-07-05 07:46:54.906 INFO  <mkdb.Checkpoint> ---------------- begin ----------------
2026-07-05 07:46:54.906 INFO  <mkdb.Checkpoint> marshalN=1/0
2026-07-05 07:46:54.906 INFO  <mkdb.Checkpoint> snapshot=0 marshal0=0
2026-07-05 07:46:54.906 INFO  <mkdb.Checkpoint> flush=0
2026-07-05 07:46:54.906 INFO  <mkdb.Checkpoint> ----------------- end -----------------
2026-07-05 07:47:54.962 INFO  <mkdb.Checkpoint> ---------------- begin ----------------
2026-07-05 07:47:54.962 INFO  <mkdb.Checkpoint> marshalN=1/0
2026-07-05 07:47:54.962 INFO  <mkdb.Checkpoint> snapshot=0 marshal0=0
2026-07-05 07:47:54.962 INFO  <mkdb.Checkpoint> flush=0
2026-07-05 07:47:54.962 INFO  <mkdb.Checkpoint> ----------------- end -----------------
2026-07-05 07:48:55.018 INFO  <mkdb.Checkpoint> ---------------- begin ----------------
2026-07-05 07:48:55.018 INFO  <mkdb.Checkpoint> marshalN=1/0
2026-07-05 07:48:55.018 INFO  <mkdb.Checkpoint> snapshot=0 marshal0=0
2026-07-05 07:48:55.018 INFO  <mkdb.Checkpoint> flush=0
2026-07-05 07:48:55.018 INFO  <mkdb.Checkpoint> ----------------- end -----------------
2026-07-05 07:49:55.074 INFO  <mkdb.Checkpoint> ---------------- begin ----------------
2026-07-05 07:49:55.074 INFO  <mkdb.Checkpoint> marshalN=1/0
2026-07-05 07:49:55.074 INFO  <mkdb.Checkpoint> snapshot=0 marshal0=0
2026-07-05 07:49:55.074 INFO  <mkdb.Checkpoint> flush=0
2026-07-05 07:49:55.074 INFO  <mkdb.Checkpoint> ----------------- end -----------------
2026-07-05 07:50:55.124 INFO  <mkdb.Checkpoint> ---------------- begin ----------------
2026-07-05 07:50:55.124 INFO  <mkdb.Checkpoint> marshalN=1/0
2026-07-05 07:50:55.124 INFO  <mkdb.Checkpoint> snapshot=0 marshal0=0
2026-07-05 07:50:55.124 INFO  <mkdb.Checkpoint> flush=0
2026-07-05 07:50:55.124 INFO  <mkdb.Checkpoint> ----------------- end -----------------
2026-07-05 07:51:55.181 INFO  <mkdb.Checkpoint> ---------------- begin ----------------
2026-07-05 07:51:55.181 INFO  <mkdb.Checkpoint> marshalN=1/0
2026-07-05 07:51:55.181 INFO  <mkdb.Checkpoint> snapshot=0 marshal0=0
2026-07-05 07:51:55.181 INFO  <mkdb.Checkpoint> flush=0
2026-07-05 07:51:55.181 INFO  <mkdb.Checkpoint> ----------------- end -----------------
2026-07-05 07:52:55.237 INFO  <mkdb.Checkpoint> ---------------- begin ----------------
2026-07-05 07:52:55.238 INFO  <mkdb.Checkpoint> marshalN=1/0
2026-07-05 07:52:55.238 INFO  <mkdb.Checkpoint> snapshot=0 marshal0=0
2026-07-05 07:52:55.238 INFO  <mkdb.Checkpoint> flush=0
2026-07-05 07:52:55.238 INFO  <mkdb.Checkpoint> ----------------- end -----------------
2026-07-05 07:53:55.294 INFO  <mkdb.Checkpoint> ---------------- begin ----------------
2026-07-05 07:53:55.294 INFO  <mkdb.Checkpoint> marshalN=1/0
2026-07-05 07:53:55.294 INFO  <mkdb.Checkpoint> snapshot=0 marshal0=0
2026-07-05 07:53:55.294 INFO  <mkdb.Checkpoint> flush=0
2026-07-05 07:53:55.294 INFO  <mkdb.Checkpoint> ----------------- end -----------------
2026-07-05 07:54:55.344 INFO  <mkdb.Checkpoint> ---------------- begin ----------------
2026-07-05 07:54:55.344 INFO  <mkdb.Checkpoint> marshalN=1/0
2026-07-05 07:54:55.344 INFO  <mkdb.Checkpoint> snapshot=0 marshal0=0
2026-07-05 07:54:55.344 INFO  <mkdb.Checkpoint> flush=0
2026-07-05 07:54:55.344 INFO  <mkdb.Checkpoint> ----------------- end -----------------
2026-07-05 07:55:55.396 INFO  <mkdb.Checkpoint> ---------------- begin ----------------
2026-07-05 07:55:55.397 INFO  <mkdb.Checkpoint> marshalN=1/0
2026-07-05 07:55:55.397 INFO  <mkdb.Checkpoint> snapshot=0 marshal0=0
2026-07-05 07:55:55.397 INFO  <mkdb.Checkpoint> flush=0
2026-07-05 07:55:55.397 INFO  <mkdb.Checkpoint> ----------------- end -----------------
2026-07-05 07:56:55.453 INFO  <mkdb.Checkpoint> ---------------- begin ----------------
2026-07-05 07:56:55.453 INFO  <mkdb.Checkpoint> marshalN=1/0
2026-07-05 07:56:55.453 INFO  <mkdb.Checkpoint> snapshot=0 marshal0=0
2026-07-05 07:56:55.453 INFO  <mkdb.Checkpoint> flush=0
2026-07-05 07:56:55.453 INFO  <mkdb.Checkpoint> ----------------- end -----------------
2026-07-05 07:57:55.508 INFO  <mkdb.Checkpoint> ---------------- begin ----------------
2026-07-05 07:57:55.508 INFO  <mkdb.Checkpoint> marshalN=1/0
2026-07-05 07:57:55.508 INFO  <mkdb.Checkpoint> snapshot=0 marshal0=0
2026-07-05 07:57:55.508 INFO  <mkdb.Checkpoint> flush=0
2026-07-05 07:57:55.508 INFO  <mkdb.Checkpoint> ----------------- end -----------------
2026-07-05 07:58:55.566 INFO  <mkdb.Checkpoint> ---------------- begin ----------------
2026-07-05 07:58:55.566 INFO  <mkdb.Checkpoint> marshalN=1/0
2026-07-05 07:58:55.566 INFO  <mkdb.Checkpoint> snapshot=0 marshal0=0
2026-07-05 07:58:55.566 INFO  <mkdb.Checkpoint> flush=0
2026-07-05 07:58:55.566 INFO  <mkdb.Checkpoint> ----------------- end -----------------
2026-07-05 07:59:55.625 INFO  <mkdb.Checkpoint> ---------------- begin ----------------
2026-07-05 07:59:55.625 INFO  <mkdb.Checkpoint> marshalN=1/0
2026-07-05 07:59:55.625 INFO  <mkdb.Checkpoint> snapshot=0 marshal0=0
2026-07-05 07:59:55.625 INFO  <mkdb.Checkpoint> flush=0
2026-07-05 07:59:55.625 INFO  <mkdb.Checkpoint> ----------------- end -----------------
2026-07-05 08:00:55.688 INFO  <mkdb.Checkpoint> ---------------- begin ----------------
2026-07-05 08:00:55.688 INFO  <mkdb.Checkpoint> marshalN=1/0
2026-07-05 08:00:55.688 INFO  <mkdb.Checkpoint> snapshot=0 marshal0=0
2026-07-05 08:00:55.688 INFO  <mkdb.Checkpoint> flush=0
2026-07-05 08:00:55.688 INFO  <mkdb.Checkpoint> ----------------- end -----------------
2026-07-05 08:01:55.746 INFO  <mkdb.Checkpoint> ---------------- begin ----------------
2026-07-05 08:01:55.746 INFO  <mkdb.Checkpoint> marshalN=1/0
2026-07-05 08:01:55.747 INFO  <mkdb.Checkpoint> snapshot=0 marshal0=0
2026-07-05 08:01:55.747 INFO  <mkdb.Checkpoint> flush=0
2026-07-05 08:01:55.747 INFO  <mkdb.Checkpoint> ----------------- end -----------------
2026-07-05 08:02:55.804 INFO  <mkdb.Checkpoint> ---------------- begin ----------------
2026-07-05 08:02:55.805 INFO  <mkdb.Checkpoint> marshalN=1/0
2026-07-05 08:02:55.805 INFO  <mkdb.Checkpoint> snapshot=0 marshal0=0
2026-07-05 08:02:55.805 INFO  <mkdb.Checkpoint> flush=0
2026-07-05 08:02:55.805 INFO  <mkdb.Checkpoint> ----------------- end -----------------
2026-07-05 08:03:55.863 INFO  <mkdb.Checkpoint> ---------------- begin ----------------
2026-07-05 08:03:55.863 INFO  <mkdb.Checkpoint> marshalN=1/0
2026-07-05 08:03:55.863 INFO  <mkdb.Checkpoint> snapshot=0 marshal0=0
2026-07-05 08:03:55.863 INFO  <mkdb.Checkpoint> flush=0
2026-07-05 08:03:55.863 INFO  <mkdb.Checkpoint> ----------------- end -----------------
2026-07-05 08:04:55.919 INFO  <mkdb.Checkpoint> ---------------- begin ----------------
2026-07-05 08:04:55.919 INFO  <mkdb.Checkpoint> marshalN=1/0
2026-07-05 08:04:55.919 INFO  <mkdb.Checkpoint> snapshot=0 marshal0=0
2026-07-05 08:04:55.919 INFO  <mkdb.Checkpoint> flush=0
2026-07-05 08:04:55.919 INFO  <mkdb.Checkpoint> ----------------- end -----------------
2026-07-05 08:05:55.975 INFO  <mkdb.Checkpoint> ---------------- begin ----------------
2026-07-05 08:05:55.975 INFO  <mkdb.Checkpoint> marshalN=1/0
2026-07-05 08:05:55.975 INFO  <mkdb.Checkpoint> snapshot=0 marshal0=0
2026-07-05 08:05:55.975 INFO  <mkdb.Checkpoint> flush=0
2026-07-05 08:05:55.975 INFO  <mkdb.Checkpoint> ----------------- end -----------------
2026-07-05 08:06:56.032 INFO  <mkdb.Checkpoint> ---------------- begin ----------------
2026-07-05 08:06:56.033 INFO  <mkdb.Checkpoint> marshalN=1/0
2026-07-05 08:06:56.033 INFO  <mkdb.Checkpoint> snapshot=0 marshal0=0
2026-07-05 08:06:56.033 INFO  <mkdb.Checkpoint> flush=0
2026-07-05 08:06:56.033 INFO  <mkdb.Checkpoint> ----------------- end -----------------
2026-07-05 08:07:56.087 INFO  <mkdb.Checkpoint> ---------------- begin ----------------
2026-07-05 08:07:56.087 INFO  <mkdb.Checkpoint> marshalN=1/0
2026-07-05 08:07:56.087 INFO  <mkdb.Checkpoint> snapshot=0 marshal0=0
2026-07-05 08:07:56.087 INFO  <mkdb.Checkpoint> flush=0
2026-07-05 08:07:56.087 INFO  <mkdb.Checkpoint> ----------------- end -----------------
2026-07-05 08:08:50.041 WARN  <mkdb.Backup> backup FULL begin
2026-07-05 08:08:50.042 WARN  <mkdb.Backup> backup FULL end
2026-07-05 08:08:56.146 INFO  <mkdb.Checkpoint> ---------------- begin ----------------
2026-07-05 08:08:56.146 INFO  <mkdb.Checkpoint> marshalN=1/0
2026-07-05 08:08:56.146 INFO  <mkdb.Checkpoint> snapshot=0 marshal0=0
2026-07-05 08:08:56.146 INFO  <mkdb.Checkpoint> flush=0
2026-07-05 08:08:56.146 INFO  <mkdb.Checkpoint> ----------------- end -----------------
2026-07-05 08:09:56.203 INFO  <mkdb.Checkpoint> ---------------- begin ----------------
2026-07-05 08:09:56.203 INFO  <mkdb.Checkpoint> marshalN=1/0
2026-07-05 08:09:56.203 INFO  <mkdb.Checkpoint> snapshot=0 marshal0=0
2026-07-05 08:09:56.203 INFO  <mkdb.Checkpoint> flush=0
2026-07-05 08:09:56.203 INFO  <mkdb.Checkpoint> ----------------- end -----------------
2026-07-05 08:10:56.253 INFO  <mkdb.Checkpoint> ---------------- begin ----------------
2026-07-05 08:10:56.253 INFO  <mkdb.Checkpoint> marshalN=1/0
2026-07-05 08:10:56.253 INFO  <mkdb.Checkpoint> snapshot=0 marshal0=0
2026-07-05 08:10:56.253 INFO  <mkdb.Checkpoint> flush=0
2026-07-05 08:10:56.253 INFO  <mkdb.Checkpoint> ----------------- end -----------------
2026-07-05 08:11:56.303 INFO  <mkdb.Checkpoint> ---------------- begin ----------------
2026-07-05 08:11:56.303 INFO  <mkdb.Checkpoint> marshalN=1/0
2026-07-05 08:11:56.303 INFO  <mkdb.Checkpoint> snapshot=0 marshal0=0
2026-07-05 08:11:56.303 INFO  <mkdb.Checkpoint> flush=0
2026-07-05 08:11:56.303 INFO  <mkdb.Checkpoint> ----------------- end -----------------
2026-07-05 08:12:56.354 INFO  <mkdb.Checkpoint> ---------------- begin ----------------
2026-07-05 08:12:56.354 INFO  <mkdb.Checkpoint> marshalN=1/0
2026-07-05 08:12:56.354 INFO  <mkdb.Checkpoint> snapshot=0 marshal0=0
2026-07-05 08:12:56.354 INFO  <mkdb.Checkpoint> flush=0
2026-07-05 08:12:56.354 INFO  <mkdb.Checkpoint> ----------------- end -----------------
2026-07-05 08:13:56.404 INFO  <mkdb.Checkpoint> ---------------- begin ----------------
2026-07-05 08:13:56.404 INFO  <mkdb.Checkpoint> marshalN=1/0
2026-07-05 08:13:56.404 INFO  <mkdb.Checkpoint> snapshot=0 marshal0=0
2026-07-05 08:13:56.404 INFO  <mkdb.Checkpoint> flush=0
2026-07-05 08:13:56.404 INFO  <mkdb.Checkpoint> ----------------- end -----------------
2026-07-05 08:14:56.457 INFO  <mkdb.Checkpoint> ---------------- begin ----------------
2026-07-05 08:14:56.457 INFO  <mkdb.Checkpoint> marshalN=1/0
2026-07-05 08:14:56.457 INFO  <mkdb.Checkpoint> snapshot=0 marshal0=0
2026-07-05 08:14:56.457 INFO  <mkdb.Checkpoint> flush=0
2026-07-05 08:14:56.457 INFO  <mkdb.Checkpoint> ----------------- end -----------------
2026-07-05 08:15:56.512 INFO  <mkdb.Checkpoint> ---------------- begin ----------------
2026-07-05 08:15:56.512 INFO  <mkdb.Checkpoint> marshalN=1/0
2026-07-05 08:15:56.512 INFO  <mkdb.Checkpoint> snapshot=0 marshal0=0
2026-07-05 08:15:56.512 INFO  <mkdb.Checkpoint> flush=0
2026-07-05 08:15:56.512 INFO  <mkdb.Checkpoint> ----------------- end -----------------
2026-07-05 08:16:56.563 INFO  <mkdb.Checkpoint> ---------------- begin ----------------
2026-07-05 08:16:56.563 INFO  <mkdb.Checkpoint> marshalN=1/0
2026-07-05 08:16:56.563 INFO  <mkdb.Checkpoint> snapshot=0 marshal0=0
2026-07-05 08:16:56.563 INFO  <mkdb.Checkpoint> flush=0
2026-07-05 08:16:56.563 INFO  <mkdb.Checkpoint> ----------------- end -----------------
2026-07-05 08:17:56.617 INFO  <mkdb.Checkpoint> ---------------- begin ----------------
2026-07-05 08:17:56.617 INFO  <mkdb.Checkpoint> marshalN=1/0
2026-07-05 08:17:56.617 INFO  <mkdb.Checkpoint> snapshot=0 marshal0=0
2026-07-05 08:17:56.617 INFO  <mkdb.Checkpoint> flush=0
2026-07-05 08:17:56.617 INFO  <mkdb.Checkpoint> ----------------- end -----------------
2026-07-05 08:18:56.671 INFO  <mkdb.Checkpoint> ---------------- begin ----------------
2026-07-05 08:18:56.671 INFO  <mkdb.Checkpoint> marshalN=1/0
2026-07-05 08:18:56.671 INFO  <mkdb.Checkpoint> snapshot=0 marshal0=0
2026-07-05 08:18:56.671 INFO  <mkdb.Checkpoint> flush=0
2026-07-05 08:18:56.671 INFO  <mkdb.Checkpoint> ----------------- end -----------------
2026-07-05 08:19:56.736 INFO  <mkdb.Checkpoint> ---------------- begin ----------------
2026-07-05 08:19:56.736 INFO  <mkdb.Checkpoint> marshalN=1/0
2026-07-05 08:19:56.737 INFO  <mkdb.Checkpoint> snapshot=0 marshal0=0
2026-07-05 08:19:56.737 INFO  <mkdb.Checkpoint> flush=0
2026-07-05 08:19:56.737 INFO  <mkdb.Checkpoint> ----------------- end -----------------
2026-07-05 08:20:56.792 INFO  <mkdb.Checkpoint> ---------------- begin ----------------
2026-07-05 08:20:56.792 INFO  <mkdb.Checkpoint> marshalN=1/0
2026-07-05 08:20:56.792 INFO  <mkdb.Checkpoint> snapshot=0 marshal0=0
2026-07-05 08:20:56.792 INFO  <mkdb.Checkpoint> flush=0
2026-07-05 08:20:56.792 INFO  <mkdb.Checkpoint> ----------------- end -----------------
2026-07-05 08:21:56.846 INFO  <mkdb.Checkpoint> ---------------- begin ----------------
2026-07-05 08:21:56.846 INFO  <mkdb.Checkpoint> marshalN=1/0
2026-07-05 08:21:56.846 INFO  <mkdb.Checkpoint> snapshot=0 marshal0=0
2026-07-05 08:21:56.846 INFO  <mkdb.Checkpoint> flush=0
2026-07-05 08:21:56.846 INFO  <mkdb.Checkpoint> ----------------- end -----------------
2026-07-05 08:22:56.898 INFO  <mkdb.Checkpoint> ---------------- begin ----------------
2026-07-05 08:22:56.898 INFO  <mkdb.Checkpoint> marshalN=1/0
2026-07-05 08:22:56.898 INFO  <mkdb.Checkpoint> snapshot=0 marshal0=0
2026-07-05 08:22:56.898 INFO  <mkdb.Checkpoint> flush=0
2026-07-05 08:22:56.898 INFO  <mkdb.Checkpoint> ----------------- end -----------------
2026-07-05 08:23:56.947 INFO  <mkdb.Checkpoint> ---------------- begin ----------------
2026-07-05 08:23:56.947 INFO  <mkdb.Checkpoint> marshalN=1/0
2026-07-05 08:23:56.947 INFO  <mkdb.Checkpoint> snapshot=0 marshal0=0
2026-07-05 08:23:56.947 INFO  <mkdb.Checkpoint> flush=0
2026-07-05 08:23:56.947 INFO  <mkdb.Checkpoint> ----------------- end -----------------
2026-07-05 08:24:57.001 INFO  <mkdb.Checkpoint> ---------------- begin ----------------
2026-07-05 08:24:57.001 INFO  <mkdb.Checkpoint> marshalN=1/0
2026-07-05 08:24:57.001 INFO  <mkdb.Checkpoint> snapshot=0 marshal0=0
2026-07-05 08:24:57.001 INFO  <mkdb.Checkpoint> flush=0
2026-07-05 08:24:57.001 INFO  <mkdb.Checkpoint> ----------------- end -----------------
2026-07-05 08:25:57.057 INFO  <mkdb.Checkpoint> ---------------- begin ----------------
2026-07-05 08:25:57.057 INFO  <mkdb.Checkpoint> marshalN=1/0
2026-07-05 08:25:57.057 INFO  <mkdb.Checkpoint> snapshot=0 marshal0=0
2026-07-05 08:25:57.057 INFO  <mkdb.Checkpoint> flush=0
2026-07-05 08:25:57.057 INFO  <mkdb.Checkpoint> ----------------- end -----------------
2026-07-05 08:26:57.115 INFO  <mkdb.Checkpoint> ---------------- begin ----------------
2026-07-05 08:26:57.115 INFO  <mkdb.Checkpoint> marshalN=1/0
2026-07-05 08:26:57.115 INFO  <mkdb.Checkpoint> snapshot=0 marshal0=0
2026-07-05 08:26:57.115 INFO  <mkdb.Checkpoint> flush=0
2026-07-05 08:26:57.115 INFO  <mkdb.Checkpoint> ----------------- end -----------------
2026-07-05 08:27:57.172 INFO  <mkdb.Checkpoint> ---------------- begin ----------------
2026-07-05 08:27:57.172 INFO  <mkdb.Checkpoint> marshalN=1/0
2026-07-05 08:27:57.172 INFO  <mkdb.Checkpoint> snapshot=0 marshal0=0
2026-07-05 08:27:57.172 INFO  <mkdb.Checkpoint> flush=0
2026-07-05 08:27:57.172 INFO  <mkdb.Checkpoint> ----------------- end -----------------
2026-07-05 08:28:57.230 INFO  <mkdb.Checkpoint> ---------------- begin ----------------
2026-07-05 08:28:57.230 INFO  <mkdb.Checkpoint> marshalN=1/0
2026-07-05 08:28:57.230 INFO  <mkdb.Checkpoint> snapshot=0 marshal0=0
2026-07-05 08:28:57.230 INFO  <mkdb.Checkpoint> flush=0
2026-07-05 08:28:57.230 INFO  <mkdb.Checkpoint> ----------------- end -----------------
2026-07-05 08:29:57.288 INFO  <mkdb.Checkpoint> ---------------- begin ----------------
2026-07-05 08:29:57.288 INFO  <mkdb.Checkpoint> marshalN=1/0
2026-07-05 08:29:57.288 INFO  <mkdb.Checkpoint> snapshot=0 marshal0=0
2026-07-05 08:29:57.288 INFO  <mkdb.Checkpoint> flush=0
2026-07-05 08:29:57.288 INFO  <mkdb.Checkpoint> ----------------- end -----------------
2026-07-05 08:30:57.351 INFO  <mkdb.Checkpoint> ---------------- begin ----------------
2026-07-05 08:30:57.351 INFO  <mkdb.Checkpoint> marshalN=1/0
2026-07-05 08:30:57.351 INFO  <mkdb.Checkpoint> snapshot=0 marshal0=0
2026-07-05 08:30:57.351 INFO  <mkdb.Checkpoint> flush=0
2026-07-05 08:30:57.351 INFO  <mkdb.Checkpoint> ----------------- end -----------------
2026-07-05 08:31:57.407 INFO  <mkdb.Checkpoint> ---------------- begin ----------------
2026-07-05 08:31:57.407 INFO  <mkdb.Checkpoint> marshalN=1/0
2026-07-05 08:31:57.407 INFO  <mkdb.Checkpoint> snapshot=0 marshal0=0
2026-07-05 08:31:57.407 INFO  <mkdb.Checkpoint> flush=0
2026-07-05 08:31:57.407 INFO  <mkdb.Checkpoint> ----------------- end -----------------
2026-07-05 08:32:57.463 INFO  <mkdb.Checkpoint> ---------------- begin ----------------
2026-07-05 08:32:57.464 INFO  <mkdb.Checkpoint> marshalN=1/0
2026-07-05 08:32:57.464 INFO  <mkdb.Checkpoint> snapshot=0 marshal0=0
2026-07-05 08:32:57.464 INFO  <mkdb.Checkpoint> flush=0
2026-07-05 08:32:57.464 INFO  <mkdb.Checkpoint> ----------------- end -----------------
2026-07-05 08:33:57.521 INFO  <mkdb.Checkpoint> ---------------- begin ----------------
2026-07-05 08:33:57.521 INFO  <mkdb.Checkpoint> marshalN=1/0
2026-07-05 08:33:57.521 INFO  <mkdb.Checkpoint> snapshot=0 marshal0=0
2026-07-05 08:33:57.521 INFO  <mkdb.Checkpoint> flush=0
2026-07-05 08:33:57.521 INFO  <mkdb.Checkpoint> ----------------- end -----------------
2026-07-05 08:34:57.580 INFO  <mkdb.Checkpoint> ---------------- begin ----------------
2026-07-05 08:34:57.580 INFO  <mkdb.Checkpoint> marshalN=1/0
2026-07-05 08:34:57.580 INFO  <mkdb.Checkpoint> snapshot=0 marshal0=0
2026-07-05 08:34:57.580 INFO  <mkdb.Checkpoint> flush=0
2026-07-05 08:34:57.580 INFO  <mkdb.Checkpoint> ----------------- end -----------------
2026-07-05 08:35:57.639 INFO  <mkdb.Checkpoint> ---------------- begin ----------------
2026-07-05 08:35:57.639 INFO  <mkdb.Checkpoint> marshalN=1/0
2026-07-05 08:35:57.639 INFO  <mkdb.Checkpoint> snapshot=0 marshal0=0
2026-07-05 08:35:57.639 INFO  <mkdb.Checkpoint> flush=0
2026-07-05 08:35:57.639 INFO  <mkdb.Checkpoint> ----------------- end -----------------
2026-07-05 08:36:57.696 INFO  <mkdb.Checkpoint> ---------------- begin ----------------
2026-07-05 08:36:57.696 INFO  <mkdb.Checkpoint> marshalN=1/0
2026-07-05 08:36:57.696 INFO  <mkdb.Checkpoint> snapshot=0 marshal0=0
2026-07-05 08:36:57.696 INFO  <mkdb.Checkpoint> flush=0
2026-07-05 08:36:57.696 INFO  <mkdb.Checkpoint> ----------------- end -----------------
2026-07-05 08:37:57.755 INFO  <mkdb.Checkpoint> ---------------- begin ----------------
2026-07-05 08:37:57.755 INFO  <mkdb.Checkpoint> marshalN=1/0
2026-07-05 08:37:57.755 INFO  <mkdb.Checkpoint> snapshot=0 marshal0=0
2026-07-05 08:37:57.755 INFO  <mkdb.Checkpoint> flush=0
2026-07-05 08:37:57.755 INFO  <mkdb.Checkpoint> ----------------- end -----------------
2026-07-05 08:38:57.813 INFO  <mkdb.Checkpoint> ---------------- begin ----------------
2026-07-05 08:38:57.813 INFO  <mkdb.Checkpoint> marshalN=1/0
2026-07-05 08:38:57.813 INFO  <mkdb.Checkpoint> snapshot=0 marshal0=0
2026-07-05 08:38:57.814 INFO  <mkdb.Checkpoint> flush=0
2026-07-05 08:38:57.814 INFO  <mkdb.Checkpoint> ----------------- end -----------------
2026-07-05 08:39:57.871 INFO  <mkdb.Checkpoint> ---------------- begin ----------------
2026-07-05 08:39:57.871 INFO  <mkdb.Checkpoint> marshalN=1/0
2026-07-05 08:39:57.871 INFO  <mkdb.Checkpoint> snapshot=0 marshal0=0
2026-07-05 08:39:57.871 INFO  <mkdb.Checkpoint> flush=0
2026-07-05 08:39:57.871 INFO  <mkdb.Checkpoint> ----------------- end -----------------
2026-07-05 08:40:57.926 INFO  <mkdb.Checkpoint> ---------------- begin ----------------
2026-07-05 08:40:57.926 INFO  <mkdb.Checkpoint> marshalN=1/0
2026-07-05 08:40:57.926 INFO  <mkdb.Checkpoint> snapshot=0 marshal0=0
2026-07-05 08:40:57.926 INFO  <mkdb.Checkpoint> flush=0
2026-07-05 08:40:57.926 INFO  <mkdb.Checkpoint> ----------------- end -----------------
2026-07-05 08:41:57.979 INFO  <mkdb.Checkpoint> ---------------- begin ----------------
2026-07-05 08:41:57.979 INFO  <mkdb.Checkpoint> marshalN=1/0
2026-07-05 08:41:57.979 INFO  <mkdb.Checkpoint> snapshot=0 marshal0=0
2026-07-05 08:41:57.979 INFO  <mkdb.Checkpoint> flush=0
2026-07-05 08:41:57.979 INFO  <mkdb.Checkpoint> ----------------- end -----------------
2026-07-05 08:42:58.030 INFO  <mkdb.Checkpoint> ---------------- begin ----------------
2026-07-05 08:42:58.030 INFO  <mkdb.Checkpoint> marshalN=1/0
2026-07-05 08:42:58.030 INFO  <mkdb.Checkpoint> snapshot=0 marshal0=0
2026-07-05 08:42:58.030 INFO  <mkdb.Checkpoint> flush=0
2026-07-05 08:42:58.030 INFO  <mkdb.Checkpoint> ----------------- end -----------------
2026-07-05 08:43:58.086 INFO  <mkdb.Checkpoint> ---------------- begin ----------------
2026-07-05 08:43:58.086 INFO  <mkdb.Checkpoint> marshalN=1/0
2026-07-05 08:43:58.086 INFO  <mkdb.Checkpoint> snapshot=0 marshal0=0
2026-07-05 08:43:58.086 INFO  <mkdb.Checkpoint> flush=0
2026-07-05 08:43:58.086 INFO  <mkdb.Checkpoint> ----------------- end -----------------
2026-07-05 08:44:58.137 INFO  <mkdb.Checkpoint> ---------------- begin ----------------
2026-07-05 08:44:58.137 INFO  <mkdb.Checkpoint> marshalN=1/0
2026-07-05 08:44:58.137 INFO  <mkdb.Checkpoint> snapshot=0 marshal0=0
2026-07-05 08:44:58.137 INFO  <mkdb.Checkpoint> flush=0
2026-07-05 08:44:58.137 INFO  <mkdb.Checkpoint> ----------------- end -----------------
2026-07-05 08:45:58.188 INFO  <mkdb.Checkpoint> ---------------- begin ----------------
2026-07-05 08:45:58.188 INFO  <mkdb.Checkpoint> marshalN=1/0
2026-07-05 08:45:58.188 INFO  <mkdb.Checkpoint> snapshot=0 marshal0=0
2026-07-05 08:45:58.188 INFO  <mkdb.Checkpoint> flush=0
2026-07-05 08:45:58.188 INFO  <mkdb.Checkpoint> ----------------- end -----------------
2026-07-05 08:46:58.239 INFO  <mkdb.Checkpoint> ---------------- begin ----------------
2026-07-05 08:46:58.239 INFO  <mkdb.Checkpoint> marshalN=1/0
2026-07-05 08:46:58.239 INFO  <mkdb.Checkpoint> snapshot=0 marshal0=0
2026-07-05 08:46:58.239 INFO  <mkdb.Checkpoint> flush=0
2026-07-05 08:46:58.239 INFO  <mkdb.Checkpoint> ----------------- end -----------------
2026-07-05 08:47:58.290 INFO  <mkdb.Checkpoint> ---------------- begin ----------------
2026-07-05 08:47:58.290 INFO  <mkdb.Checkpoint> marshalN=1/0
2026-07-05 08:47:58.290 INFO  <mkdb.Checkpoint> snapshot=0 marshal0=0
2026-07-05 08:47:58.290 INFO  <mkdb.Checkpoint> flush=0
2026-07-05 08:47:58.290 INFO  <mkdb.Checkpoint> ----------------- end -----------------
2026-07-05 08:48:58.342 INFO  <mkdb.Checkpoint> ---------------- begin ----------------
2026-07-05 08:48:58.342 INFO  <mkdb.Checkpoint> marshalN=1/0
2026-07-05 08:48:58.342 INFO  <mkdb.Checkpoint> snapshot=0 marshal0=0
2026-07-05 08:48:58.342 INFO  <mkdb.Checkpoint> flush=0
2026-07-05 08:48:58.342 INFO  <mkdb.Checkpoint> ----------------- end -----------------
2026-07-05 08:49:58.394 INFO  <mkdb.Checkpoint> ---------------- begin ----------------
2026-07-05 08:49:58.394 INFO  <mkdb.Checkpoint> marshalN=1/0
2026-07-05 08:49:58.394 INFO  <mkdb.Checkpoint> snapshot=0 marshal0=0
2026-07-05 08:49:58.394 INFO  <mkdb.Checkpoint> flush=0
2026-07-05 08:49:58.395 INFO  <mkdb.Checkpoint> ----------------- end -----------------
2026-07-05 08:50:58.446 INFO  <mkdb.Checkpoint> ---------------- begin ----------------
2026-07-05 08:50:58.446 INFO  <mkdb.Checkpoint> marshalN=1/0
2026-07-05 08:50:58.446 INFO  <mkdb.Checkpoint> snapshot=0 marshal0=0
2026-07-05 08:50:58.446 INFO  <mkdb.Checkpoint> flush=0
2026-07-05 08:50:58.447 INFO  <mkdb.Checkpoint> ----------------- end -----------------
2026-07-05 08:51:58.499 INFO  <mkdb.Checkpoint> ---------------- begin ----------------
2026-07-05 08:51:58.499 INFO  <mkdb.Checkpoint> marshalN=1/0
2026-07-05 08:51:58.499 INFO  <mkdb.Checkpoint> snapshot=0 marshal0=0
2026-07-05 08:51:58.499 INFO  <mkdb.Checkpoint> flush=0
2026-07-05 08:51:58.499 INFO  <mkdb.Checkpoint> ----------------- end -----------------
2026-07-05 08:52:58.552 INFO  <mkdb.Checkpoint> ---------------- begin ----------------
2026-07-05 08:52:58.552 INFO  <mkdb.Checkpoint> marshalN=1/0
2026-07-05 08:52:58.552 INFO  <mkdb.Checkpoint> snapshot=0 marshal0=0
2026-07-05 08:52:58.552 INFO  <mkdb.Checkpoint> flush=0
2026-07-05 08:52:58.552 INFO  <mkdb.Checkpoint> ----------------- end -----------------
2026-07-05 08:53:58.605 INFO  <mkdb.Checkpoint> ---------------- begin ----------------
2026-07-05 08:53:58.605 INFO  <mkdb.Checkpoint> marshalN=1/0
2026-07-05 08:53:58.605 INFO  <mkdb.Checkpoint> snapshot=0 marshal0=0
2026-07-05 08:53:58.605 INFO  <mkdb.Checkpoint> flush=0
2026-07-05 08:53:58.605 INFO  <mkdb.Checkpoint> ----------------- end -----------------
2026-07-05 08:54:58.658 INFO  <mkdb.Checkpoint> ---------------- begin ----------------
2026-07-05 08:54:58.658 INFO  <mkdb.Checkpoint> marshalN=1/0
2026-07-05 08:54:58.658 INFO  <mkdb.Checkpoint> snapshot=0 marshal0=0
2026-07-05 08:54:58.658 INFO  <mkdb.Checkpoint> flush=0
2026-07-05 08:54:58.658 INFO  <mkdb.Checkpoint> ----------------- end -----------------
2026-07-05 08:55:58.711 INFO  <mkdb.Checkpoint> ---------------- begin ----------------
2026-07-05 08:55:58.711 INFO  <mkdb.Checkpoint> marshalN=1/0
2026-07-05 08:55:58.711 INFO  <mkdb.Checkpoint> snapshot=0 marshal0=0
2026-07-05 08:55:58.711 INFO  <mkdb.Checkpoint> flush=0
2026-07-05 08:55:58.711 INFO  <mkdb.Checkpoint> ----------------- end -----------------
2026-07-05 08:56:58.763 INFO  <mkdb.Checkpoint> ---------------- begin ----------------
2026-07-05 08:56:58.763 INFO  <mkdb.Checkpoint> marshalN=1/0
2026-07-05 08:56:58.763 INFO  <mkdb.Checkpoint> snapshot=0 marshal0=0
2026-07-05 08:56:58.763 INFO  <mkdb.Checkpoint> flush=0
2026-07-05 08:56:58.763 INFO  <mkdb.Checkpoint> ----------------- end -----------------
2026-07-05 08:57:58.815 INFO  <mkdb.Checkpoint> ---------------- begin ----------------
2026-07-05 08:57:58.815 INFO  <mkdb.Checkpoint> marshalN=1/0
2026-07-05 08:57:58.815 INFO  <mkdb.Checkpoint> snapshot=0 marshal0=0
2026-07-05 08:57:58.815 INFO  <mkdb.Checkpoint> flush=0
2026-07-05 08:57:58.815 INFO  <mkdb.Checkpoint> ----------------- end -----------------
2026-07-05 08:58:58.868 INFO  <mkdb.Checkpoint> ---------------- begin ----------------
2026-07-05 08:58:58.868 INFO  <mkdb.Checkpoint> marshalN=1/0
2026-07-05 08:58:58.868 INFO  <mkdb.Checkpoint> snapshot=0 marshal0=0
2026-07-05 08:58:58.868 INFO  <mkdb.Checkpoint> flush=0
2026-07-05 08:58:58.868 INFO  <mkdb.Checkpoint> ----------------- end -----------------
2026-07-05 08:59:58.921 INFO  <mkdb.Checkpoint> ---------------- begin ----------------
2026-07-05 08:59:58.921 INFO  <mkdb.Checkpoint> marshalN=1/0
2026-07-05 08:59:58.921 INFO  <mkdb.Checkpoint> snapshot=0 marshal0=0
2026-07-05 08:59:58.921 INFO  <mkdb.Checkpoint> flush=0
2026-07-05 08:59:58.921 INFO  <mkdb.Checkpoint> ----------------- end -----------------
2026-07-05 09:00:58.974 INFO  <mkdb.Checkpoint> ---------------- begin ----------------
2026-07-05 09:00:58.974 INFO  <mkdb.Checkpoint> marshalN=1/0
2026-07-05 09:00:58.974 INFO  <mkdb.Checkpoint> snapshot=0 marshal0=0
2026-07-05 09:00:58.974 INFO  <mkdb.Checkpoint> flush=0
2026-07-05 09:00:58.974 INFO  <mkdb.Checkpoint> ----------------- end -----------------
2026-07-05 09:01:59.024 INFO  <mkdb.Checkpoint> ---------------- begin ----------------
2026-07-05 09:01:59.024 INFO  <mkdb.Checkpoint> marshalN=1/0
2026-07-05 09:01:59.024 INFO  <mkdb.Checkpoint> snapshot=0 marshal0=0
2026-07-05 09:01:59.024 INFO  <mkdb.Checkpoint> flush=0
2026-07-05 09:01:59.024 INFO  <mkdb.Checkpoint> ----------------- end -----------------
2026-07-05 09:02:59.076 INFO  <mkdb.Checkpoint> ---------------- begin ----------------
2026-07-05 09:02:59.076 INFO  <mkdb.Checkpoint> marshalN=1/0
2026-07-05 09:02:59.076 INFO  <mkdb.Checkpoint> snapshot=0 marshal0=0
2026-07-05 09:02:59.076 INFO  <mkdb.Checkpoint> flush=0
2026-07-05 09:02:59.076 INFO  <mkdb.Checkpoint> ----------------- end -----------------
2026-07-05 09:03:59.130 INFO  <mkdb.Checkpoint> ---------------- begin ----------------
2026-07-05 09:03:59.130 INFO  <mkdb.Checkpoint> marshalN=1/0
2026-07-05 09:03:59.130 INFO  <mkdb.Checkpoint> snapshot=0 marshal0=0
2026-07-05 09:03:59.130 INFO  <mkdb.Checkpoint> flush=0
2026-07-05 09:03:59.130 INFO  <mkdb.Checkpoint> ----------------- end -----------------
2026-07-05 09:04:59.182 INFO  <mkdb.Checkpoint> ---------------- begin ----------------
2026-07-05 09:04:59.183 INFO  <mkdb.Checkpoint> marshalN=1/0
2026-07-05 09:04:59.183 INFO  <mkdb.Checkpoint> snapshot=0 marshal0=0
2026-07-05 09:04:59.183 INFO  <mkdb.Checkpoint> flush=0
2026-07-05 09:04:59.183 INFO  <mkdb.Checkpoint> ----------------- end -----------------
2026-07-05 09:05:59.237 INFO  <mkdb.Checkpoint> ---------------- begin ----------------
2026-07-05 09:05:59.237 INFO  <mkdb.Checkpoint> marshalN=1/0
2026-07-05 09:05:59.237 INFO  <mkdb.Checkpoint> snapshot=0 marshal0=0
2026-07-05 09:05:59.237 INFO  <mkdb.Checkpoint> flush=0
2026-07-05 09:05:59.237 INFO  <mkdb.Checkpoint> ----------------- end -----------------
2026-07-05 09:06:59.288 INFO  <mkdb.Checkpoint> ---------------- begin ----------------
2026-07-05 09:06:59.288 INFO  <mkdb.Checkpoint> marshalN=1/0
2026-07-05 09:06:59.288 INFO  <mkdb.Checkpoint> snapshot=0 marshal0=0
2026-07-05 09:06:59.288 INFO  <mkdb.Checkpoint> flush=0
2026-07-05 09:06:59.288 INFO  <mkdb.Checkpoint> ----------------- end -----------------
2026-07-05 09:07:59.340 INFO  <mkdb.Checkpoint> ---------------- begin ----------------
2026-07-05 09:07:59.340 INFO  <mkdb.Checkpoint> marshalN=1/0
2026-07-05 09:07:59.340 INFO  <mkdb.Checkpoint> snapshot=0 marshal0=0
2026-07-05 09:07:59.340 INFO  <mkdb.Checkpoint> flush=0
2026-07-05 09:07:59.340 INFO  <mkdb.Checkpoint> ----------------- end -----------------
2026-07-05 09:08:59.396 INFO  <mkdb.Checkpoint> ---------------- begin ----------------
2026-07-05 09:08:59.396 INFO  <mkdb.Checkpoint> marshalN=1/0
2026-07-05 09:08:59.396 INFO  <mkdb.Checkpoint> snapshot=0 marshal0=0
2026-07-05 09:08:59.396 INFO  <mkdb.Checkpoint> flush=0
2026-07-05 09:08:59.396 INFO  <mkdb.Checkpoint> ----------------- end -----------------
2026-07-05 09:09:59.450 INFO  <mkdb.Checkpoint> ---------------- begin ----------------
2026-07-05 09:09:59.450 INFO  <mkdb.Checkpoint> marshalN=1/0
2026-07-05 09:09:59.450 INFO  <mkdb.Checkpoint> snapshot=0 marshal0=0
2026-07-05 09:09:59.450 INFO  <mkdb.Checkpoint> flush=0
2026-07-05 09:09:59.450 INFO  <mkdb.Checkpoint> ----------------- end -----------------
2026-07-05 09:10:59.501 INFO  <mkdb.Checkpoint> ---------------- begin ----------------
2026-07-05 09:10:59.501 INFO  <mkdb.Checkpoint> marshalN=1/0
2026-07-05 09:10:59.501 INFO  <mkdb.Checkpoint> snapshot=0 marshal0=0
2026-07-05 09:10:59.501 INFO  <mkdb.Checkpoint> flush=0
2026-07-05 09:10:59.501 INFO  <mkdb.Checkpoint> ----------------- end -----------------
2026-07-05 09:11:59.553 INFO  <mkdb.Checkpoint> ---------------- begin ----------------
2026-07-05 09:11:59.553 INFO  <mkdb.Checkpoint> marshalN=1/0
2026-07-05 09:11:59.553 INFO  <mkdb.Checkpoint> snapshot=0 marshal0=0
2026-07-05 09:11:59.553 INFO  <mkdb.Checkpoint> flush=0
2026-07-05 09:11:59.553 INFO  <mkdb.Checkpoint> ----------------- end -----------------
2026-07-05 09:12:59.605 INFO  <mkdb.Checkpoint> ---------------- begin ----------------
2026-07-05 09:12:59.605 INFO  <mkdb.Checkpoint> marshalN=1/0
2026-07-05 09:12:59.605 INFO  <mkdb.Checkpoint> snapshot=0 marshal0=0
2026-07-05 09:12:59.605 INFO  <mkdb.Checkpoint> flush=0
2026-07-05 09:12:59.605 INFO  <mkdb.Checkpoint> ----------------- end -----------------
2026-07-05 09:13:59.657 INFO  <mkdb.Checkpoint> ---------------- begin ----------------
2026-07-05 09:13:59.657 INFO  <mkdb.Checkpoint> marshalN=1/0
2026-07-05 09:13:59.657 INFO  <mkdb.Checkpoint> snapshot=0 marshal0=0
2026-07-05 09:13:59.657 INFO  <mkdb.Checkpoint> flush=0
2026-07-05 09:13:59.657 INFO  <mkdb.Checkpoint> ----------------- end -----------------
2026-07-05 09:14:59.717 INFO  <mkdb.Checkpoint> ---------------- begin ----------------
2026-07-05 09:14:59.717 INFO  <mkdb.Checkpoint> marshalN=1/0
2026-07-05 09:14:59.717 INFO  <mkdb.Checkpoint> snapshot=0 marshal0=0
2026-07-05 09:14:59.717 INFO  <mkdb.Checkpoint> flush=0
2026-07-05 09:14:59.717 INFO  <mkdb.Checkpoint> ----------------- end -----------------
2026-07-05 09:15:59.774 INFO  <mkdb.Checkpoint> ---------------- begin ----------------
2026-07-05 09:15:59.774 INFO  <mkdb.Checkpoint> marshalN=1/0
2026-07-05 09:15:59.774 INFO  <mkdb.Checkpoint> snapshot=0 marshal0=0
2026-07-05 09:15:59.774 INFO  <mkdb.Checkpoint> flush=0
2026-07-05 09:15:59.774 INFO  <mkdb.Checkpoint> ----------------- end -----------------
2026-07-05 09:16:59.830 INFO  <mkdb.Checkpoint> ---------------- begin ----------------
2026-07-05 09:16:59.830 INFO  <mkdb.Checkpoint> marshalN=1/0
2026-07-05 09:16:59.830 INFO  <mkdb.Checkpoint> snapshot=0 marshal0=0
2026-07-05 09:16:59.830 INFO  <mkdb.Checkpoint> flush=0
2026-07-05 09:16:59.830 INFO  <mkdb.Checkpoint> ----------------- end -----------------
2026-07-05 09:17:59.886 INFO  <mkdb.Checkpoint> ---------------- begin ----------------
2026-07-05 09:17:59.886 INFO  <mkdb.Checkpoint> marshalN=1/0
2026-07-05 09:17:59.886 INFO  <mkdb.Checkpoint> snapshot=0 marshal0=0
2026-07-05 09:17:59.886 INFO  <mkdb.Checkpoint> flush=0
2026-07-05 09:17:59.886 INFO  <mkdb.Checkpoint> ----------------- end -----------------
2026-07-05 09:18:27.015 WARN  <mkdb.Backup> backup FULL begin
2026-07-05 09:18:27.016 WARN  <mkdb.Backup> backup FULL end
2026-07-05 09:18:59.945 INFO  <mkdb.Checkpoint> ---------------- begin ----------------
2026-07-05 09:18:59.945 INFO  <mkdb.Checkpoint> marshalN=1/0
2026-07-05 09:18:59.945 INFO  <mkdb.Checkpoint> snapshot=0 marshal0=0
2026-07-05 09:18:59.945 INFO  <mkdb.Checkpoint> flush=0
2026-07-05 09:18:59.945 INFO  <mkdb.Checkpoint> ----------------- end -----------------
2026-07-05 09:20:00.003 INFO  <mkdb.Checkpoint> ---------------- begin ----------------
2026-07-05 09:20:00.003 INFO  <mkdb.Checkpoint> marshalN=1/0
2026-07-05 09:20:00.003 INFO  <mkdb.Checkpoint> snapshot=0 marshal0=0
2026-07-05 09:20:00.003 INFO  <mkdb.Checkpoint> flush=0
2026-07-05 09:20:00.003 INFO  <mkdb.Checkpoint> ----------------- end -----------------
2026-07-05 09:21:00.060 INFO  <mkdb.Checkpoint> ---------------- begin ----------------
2026-07-05 09:21:00.060 INFO  <mkdb.Checkpoint> marshalN=1/0
2026-07-05 09:21:00.060 INFO  <mkdb.Checkpoint> snapshot=0 marshal0=0
2026-07-05 09:21:00.061 INFO  <mkdb.Checkpoint> flush=0
2026-07-05 09:21:00.061 INFO  <mkdb.Checkpoint> ----------------- end -----------------
2026-07-05 09:22:00.120 INFO  <mkdb.Checkpoint> ---------------- begin ----------------
2026-07-05 09:22:00.120 INFO  <mkdb.Checkpoint> marshalN=1/0
2026-07-05 09:22:00.120 INFO  <mkdb.Checkpoint> snapshot=0 marshal0=0
2026-07-05 09:22:00.120 INFO  <mkdb.Checkpoint> flush=0
2026-07-05 09:22:00.120 INFO  <mkdb.Checkpoint> ----------------- end -----------------
2026-07-05 09:23:00.177 INFO  <mkdb.Checkpoint> ---------------- begin ----------------
2026-07-05 09:23:00.177 INFO  <mkdb.Checkpoint> marshalN=1/0
2026-07-05 09:23:00.177 INFO  <mkdb.Checkpoint> snapshot=0 marshal0=0
2026-07-05 09:23:00.177 INFO  <mkdb.Checkpoint> flush=0
2026-07-05 09:23:00.177 INFO  <mkdb.Checkpoint> ----------------- end -----------------
2026-07-05 09:24:00.234 INFO  <mkdb.Checkpoint> ---------------- begin ----------------
2026-07-05 09:24:00.234 INFO  <mkdb.Checkpoint> marshalN=1/0
2026-07-05 09:24:00.234 INFO  <mkdb.Checkpoint> snapshot=0 marshal0=0
2026-07-05 09:24:00.234 INFO  <mkdb.Checkpoint> flush=0
2026-07-05 09:24:00.234 INFO  <mkdb.Checkpoint> ----------------- end -----------------
2026-07-05 09:25:00.291 INFO  <mkdb.Checkpoint> ---------------- begin ----------------
2026-07-05 09:25:00.291 INFO  <mkdb.Checkpoint> marshalN=1/0
2026-07-05 09:25:00.291 INFO  <mkdb.Checkpoint> snapshot=0 marshal0=0
2026-07-05 09:25:00.291 INFO  <mkdb.Checkpoint> flush=0
2026-07-05 09:25:00.291 INFO  <mkdb.Checkpoint> ----------------- end -----------------
2026-07-05 09:26:00.348 INFO  <mkdb.Checkpoint> ---------------- begin ----------------
2026-07-05 09:26:00.348 INFO  <mkdb.Checkpoint> marshalN=1/0
2026-07-05 09:26:00.348 INFO  <mkdb.Checkpoint> snapshot=0 marshal0=0
2026-07-05 09:26:00.348 INFO  <mkdb.Checkpoint> flush=0
2026-07-05 09:26:00.348 INFO  <mkdb.Checkpoint> ----------------- end -----------------
2026-07-05 09:27:00.407 INFO  <mkdb.Checkpoint> ---------------- begin ----------------
2026-07-05 09:27:00.407 INFO  <mkdb.Checkpoint> marshalN=1/0
2026-07-05 09:27:00.407 INFO  <mkdb.Checkpoint> snapshot=0 marshal0=0
2026-07-05 09:27:00.407 INFO  <mkdb.Checkpoint> flush=0
2026-07-05 09:27:00.407 INFO  <mkdb.Checkpoint> ----------------- end -----------------
2026-07-05 09:28:00.463 INFO  <mkdb.Checkpoint> ---------------- begin ----------------
2026-07-05 09:28:00.463 INFO  <mkdb.Checkpoint> marshalN=1/0
2026-07-05 09:28:00.463 INFO  <mkdb.Checkpoint> snapshot=0 marshal0=0
2026-07-05 09:28:00.463 INFO  <mkdb.Checkpoint> flush=0
2026-07-05 09:28:00.463 INFO  <mkdb.Checkpoint> ----------------- end -----------------
2026-07-05 09:29:00.519 INFO  <mkdb.Checkpoint> ---------------- begin ----------------
2026-07-05 09:29:00.519 INFO  <mkdb.Checkpoint> marshalN=1/0
2026-07-05 09:29:00.519 INFO  <mkdb.Checkpoint> snapshot=0 marshal0=0
2026-07-05 09:29:00.519 INFO  <mkdb.Checkpoint> flush=0
2026-07-05 09:29:00.519 INFO  <mkdb.Checkpoint> ----------------- end -----------------
2026-07-05 09:30:00.580 INFO  <mkdb.Checkpoint> ---------------- begin ----------------
2026-07-05 09:30:00.580 INFO  <mkdb.Checkpoint> marshalN=1/0
2026-07-05 09:30:00.580 INFO  <mkdb.Checkpoint> snapshot=0 marshal0=0
2026-07-05 09:30:00.580 INFO  <mkdb.Checkpoint> flush=0
2026-07-05 09:30:00.580 INFO  <mkdb.Checkpoint> ----------------- end -----------------
2026-07-05 09:31:00.636 INFO  <mkdb.Checkpoint> ---------------- begin ----------------
2026-07-05 09:31:00.636 INFO  <mkdb.Checkpoint> marshalN=1/0
2026-07-05 09:31:00.636 INFO  <mkdb.Checkpoint> snapshot=0 marshal0=0
2026-07-05 09:31:00.636 INFO  <mkdb.Checkpoint> flush=0
2026-07-05 09:31:00.636 INFO  <mkdb.Checkpoint> ----------------- end -----------------
2026-07-05 09:32:00.689 INFO  <mkdb.Checkpoint> ---------------- begin ----------------
2026-07-05 09:32:00.689 INFO  <mkdb.Checkpoint> marshalN=1/0
2026-07-05 09:32:00.689 INFO  <mkdb.Checkpoint> snapshot=0 marshal0=0
2026-07-05 09:32:00.689 INFO  <mkdb.Checkpoint> flush=0
2026-07-05 09:32:00.689 INFO  <mkdb.Checkpoint> ----------------- end -----------------
2026-07-05 09:33:00.741 INFO  <mkdb.Checkpoint> ---------------- begin ----------------
2026-07-05 09:33:00.741 INFO  <mkdb.Checkpoint> marshalN=1/0
2026-07-05 09:33:00.741 INFO  <mkdb.Checkpoint> snapshot=0 marshal0=0
2026-07-05 09:33:00.741 INFO  <mkdb.Checkpoint> flush=0
2026-07-05 09:33:00.741 INFO  <mkdb.Checkpoint> ----------------- end -----------------
2026-07-05 09:34:00.793 INFO  <mkdb.Checkpoint> ---------------- begin ----------------
2026-07-05 09:34:00.793 INFO  <mkdb.Checkpoint> marshalN=1/0
2026-07-05 09:34:00.793 INFO  <mkdb.Checkpoint> snapshot=0 marshal0=0
2026-07-05 09:34:00.793 INFO  <mkdb.Checkpoint> flush=0
2026-07-05 09:34:00.793 INFO  <mkdb.Checkpoint> ----------------- end -----------------
2026-07-05 09:35:00.847 INFO  <mkdb.Checkpoint> ---------------- begin ----------------
2026-07-05 09:35:00.847 INFO  <mkdb.Checkpoint> marshalN=1/0
2026-07-05 09:35:00.847 INFO  <mkdb.Checkpoint> snapshot=0 marshal0=0
2026-07-05 09:35:00.847 INFO  <mkdb.Checkpoint> flush=0
2026-07-05 09:35:00.847 INFO  <mkdb.Checkpoint> ----------------- end -----------------
2026-07-05 09:36:00.899 INFO  <mkdb.Checkpoint> ---------------- begin ----------------
2026-07-05 09:36:00.899 INFO  <mkdb.Checkpoint> marshalN=1/0
2026-07-05 09:36:00.899 INFO  <mkdb.Checkpoint> snapshot=0 marshal0=0
2026-07-05 09:36:00.899 INFO  <mkdb.Checkpoint> flush=0
2026-07-05 09:36:00.899 INFO  <mkdb.Checkpoint> ----------------- end -----------------
2026-07-05 09:37:00.957 INFO  <mkdb.Checkpoint> ---------------- begin ----------------
2026-07-05 09:37:00.957 INFO  <mkdb.Checkpoint> marshalN=1/0
2026-07-05 09:37:00.957 INFO  <mkdb.Checkpoint> snapshot=0 marshal0=0
2026-07-05 09:37:00.957 INFO  <mkdb.Checkpoint> flush=0
2026-07-05 09:37:00.957 INFO  <mkdb.Checkpoint> ----------------- end -----------------
2026-07-05 09:38:01.011 INFO  <mkdb.Checkpoint> ---------------- begin ----------------
2026-07-05 09:38:01.011 INFO  <mkdb.Checkpoint> marshalN=1/0
2026-07-05 09:38:01.011 INFO  <mkdb.Checkpoint> snapshot=0 marshal0=0
2026-07-05 09:38:01.011 INFO  <mkdb.Checkpoint> flush=0
2026-07-05 09:38:01.011 INFO  <mkdb.Checkpoint> ----------------- end -----------------
2026-07-05 09:39:01.071 INFO  <mkdb.Checkpoint> ---------------- begin ----------------
2026-07-05 09:39:01.071 INFO  <mkdb.Checkpoint> marshalN=1/0
2026-07-05 09:39:01.071 INFO  <mkdb.Checkpoint> snapshot=0 marshal0=0
2026-07-05 09:39:01.071 INFO  <mkdb.Checkpoint> flush=0
2026-07-05 09:39:01.071 INFO  <mkdb.Checkpoint> ----------------- end -----------------
2026-07-05 09:40:01.127 INFO  <mkdb.Checkpoint> ---------------- begin ----------------
2026-07-05 09:40:01.127 INFO  <mkdb.Checkpoint> marshalN=1/0
2026-07-05 09:40:01.127 INFO  <mkdb.Checkpoint> snapshot=0 marshal0=0
2026-07-05 09:40:01.127 INFO  <mkdb.Checkpoint> flush=0
2026-07-05 09:40:01.127 INFO  <mkdb.Checkpoint> ----------------- end -----------------
2026-07-05 09:41:01.185 INFO  <mkdb.Checkpoint> ---------------- begin ----------------
2026-07-05 09:41:01.185 INFO  <mkdb.Checkpoint> marshalN=1/0
2026-07-05 09:41:01.185 INFO  <mkdb.Checkpoint> snapshot=0 marshal0=0
2026-07-05 09:41:01.185 INFO  <mkdb.Checkpoint> flush=0
2026-07-05 09:41:01.185 INFO  <mkdb.Checkpoint> ----------------- end -----------------
2026-07-05 09:42:01.242 INFO  <mkdb.Checkpoint> ---------------- begin ----------------
2026-07-05 09:42:01.242 INFO  <mkdb.Checkpoint> marshalN=1/0
2026-07-05 09:42:01.242 INFO  <mkdb.Checkpoint> snapshot=0 marshal0=0
2026-07-05 09:42:01.242 INFO  <mkdb.Checkpoint> flush=0
2026-07-05 09:42:01.242 INFO  <mkdb.Checkpoint> ----------------- end -----------------
2026-07-05 09:43:01.298 INFO  <mkdb.Checkpoint> ---------------- begin ----------------
2026-07-05 09:43:01.298 INFO  <mkdb.Checkpoint> marshalN=1/0
2026-07-05 09:43:01.298 INFO  <mkdb.Checkpoint> snapshot=0 marshal0=0
2026-07-05 09:43:01.298 INFO  <mkdb.Checkpoint> flush=0
2026-07-05 09:43:01.298 INFO  <mkdb.Checkpoint> ----------------- end -----------------
2026-07-05 09:44:01.356 INFO  <mkdb.Checkpoint> ---------------- begin ----------------
2026-07-05 09:44:01.356 INFO  <mkdb.Checkpoint> marshalN=1/0
2026-07-05 09:44:01.356 INFO  <mkdb.Checkpoint> snapshot=0 marshal0=0
2026-07-05 09:44:01.356 INFO  <mkdb.Checkpoint> flush=0
2026-07-05 09:44:01.356 INFO  <mkdb.Checkpoint> ----------------- end -----------------
2026-07-05 09:45:01.414 INFO  <mkdb.Checkpoint> ---------------- begin ----------------
2026-07-05 09:45:01.414 INFO  <mkdb.Checkpoint> marshalN=1/0
2026-07-05 09:45:01.414 INFO  <mkdb.Checkpoint> snapshot=0 marshal0=0
2026-07-05 09:45:01.414 INFO  <mkdb.Checkpoint> flush=0
2026-07-05 09:45:01.414 INFO  <mkdb.Checkpoint> ----------------- end -----------------
2026-07-05 09:46:01.474 INFO  <mkdb.Checkpoint> ---------------- begin ----------------
2026-07-05 09:46:01.474 INFO  <mkdb.Checkpoint> marshalN=1/0
2026-07-05 09:46:01.474 INFO  <mkdb.Checkpoint> snapshot=0 marshal0=0
2026-07-05 09:46:01.474 INFO  <mkdb.Checkpoint> flush=0
2026-07-05 09:46:01.474 INFO  <mkdb.Checkpoint> ----------------- end -----------------
2026-07-05 09:47:01.528 INFO  <mkdb.Checkpoint> ---------------- begin ----------------
2026-07-05 09:47:01.528 INFO  <mkdb.Checkpoint> marshalN=1/0
2026-07-05 09:47:01.528 INFO  <mkdb.Checkpoint> snapshot=0 marshal0=0
2026-07-05 09:47:01.529 INFO  <mkdb.Checkpoint> flush=0
2026-07-05 09:47:01.529 INFO  <mkdb.Checkpoint> ----------------- end -----------------
2026-07-05 09:48:01.583 INFO  <mkdb.Checkpoint> ---------------- begin ----------------
2026-07-05 09:48:01.583 INFO  <mkdb.Checkpoint> marshalN=1/0
2026-07-05 09:48:01.583 INFO  <mkdb.Checkpoint> snapshot=0 marshal0=0
2026-07-05 09:48:01.583 INFO  <mkdb.Checkpoint> flush=0
2026-07-05 09:48:01.583 INFO  <mkdb.Checkpoint> ----------------- end -----------------
2026-07-05 09:49:01.637 INFO  <mkdb.Checkpoint> ---------------- begin ----------------
2026-07-05 09:49:01.637 INFO  <mkdb.Checkpoint> marshalN=1/0
2026-07-05 09:49:01.637 INFO  <mkdb.Checkpoint> snapshot=0 marshal0=0
2026-07-05 09:49:01.637 INFO  <mkdb.Checkpoint> flush=0
2026-07-05 09:49:01.637 INFO  <mkdb.Checkpoint> ----------------- end -----------------
2026-07-05 09:50:01.691 INFO  <mkdb.Checkpoint> ---------------- begin ----------------
2026-07-05 09:50:01.691 INFO  <mkdb.Checkpoint> marshalN=1/0
2026-07-05 09:50:01.691 INFO  <mkdb.Checkpoint> snapshot=0 marshal0=0
2026-07-05 09:50:01.691 INFO  <mkdb.Checkpoint> flush=0
2026-07-05 09:50:01.691 INFO  <mkdb.Checkpoint> ----------------- end -----------------
2026-07-05 09:51:01.750 INFO  <mkdb.Checkpoint> ---------------- begin ----------------
2026-07-05 09:51:01.750 INFO  <mkdb.Checkpoint> marshalN=1/0
2026-07-05 09:51:01.750 INFO  <mkdb.Checkpoint> snapshot=0 marshal0=0
2026-07-05 09:51:01.750 INFO  <mkdb.Checkpoint> flush=0
2026-07-05 09:51:01.750 INFO  <mkdb.Checkpoint> ----------------- end -----------------
2026-07-05 09:52:01.804 INFO  <mkdb.Checkpoint> ---------------- begin ----------------
2026-07-05 09:52:01.804 INFO  <mkdb.Checkpoint> marshalN=1/0
2026-07-05 09:52:01.804 INFO  <mkdb.Checkpoint> snapshot=0 marshal0=0
2026-07-05 09:52:01.804 INFO  <mkdb.Checkpoint> flush=0
2026-07-05 09:52:01.804 INFO  <mkdb.Checkpoint> ----------------- end -----------------
2026-07-05 09:53:01.860 INFO  <mkdb.Checkpoint> ---------------- begin ----------------
2026-07-05 09:53:01.860 INFO  <mkdb.Checkpoint> marshalN=1/0
2026-07-05 09:53:01.860 INFO  <mkdb.Checkpoint> snapshot=0 marshal0=0
2026-07-05 09:53:01.860 INFO  <mkdb.Checkpoint> flush=0
2026-07-05 09:53:01.860 INFO  <mkdb.Checkpoint> ----------------- end -----------------
2026-07-05 09:54:01.915 INFO  <mkdb.Checkpoint> ---------------- begin ----------------
2026-07-05 09:54:01.915 INFO  <mkdb.Checkpoint> marshalN=1/0
2026-07-05 09:54:01.915 INFO  <mkdb.Checkpoint> snapshot=0 marshal0=0
2026-07-05 09:54:01.915 INFO  <mkdb.Checkpoint> flush=0
2026-07-05 09:54:01.915 INFO  <mkdb.Checkpoint> ----------------- end -----------------
2026-07-05 09:55:01.971 INFO  <mkdb.Checkpoint> ---------------- begin ----------------
2026-07-05 09:55:01.971 INFO  <mkdb.Checkpoint> marshalN=1/0
2026-07-05 09:55:01.971 INFO  <mkdb.Checkpoint> snapshot=0 marshal0=0
2026-07-05 09:55:01.971 INFO  <mkdb.Checkpoint> flush=0
2026-07-05 09:55:01.971 INFO  <mkdb.Checkpoint> ----------------- end -----------------
2026-07-05 09:56:02.028 INFO  <mkdb.Checkpoint> ---------------- begin ----------------
2026-07-05 09:56:02.028 INFO  <mkdb.Checkpoint> marshalN=1/0
2026-07-05 09:56:02.028 INFO  <mkdb.Checkpoint> snapshot=0 marshal0=0
2026-07-05 09:56:02.028 INFO  <mkdb.Checkpoint> flush=0
2026-07-05 09:56:02.028 INFO  <mkdb.Checkpoint> ----------------- end -----------------
2026-07-05 09:57:02.083 INFO  <mkdb.Checkpoint> ---------------- begin ----------------
2026-07-05 09:57:02.083 INFO  <mkdb.Checkpoint> marshalN=1/0
2026-07-05 09:57:02.083 INFO  <mkdb.Checkpoint> snapshot=0 marshal0=0
2026-07-05 09:57:02.083 INFO  <mkdb.Checkpoint> flush=0
2026-07-05 09:57:02.083 INFO  <mkdb.Checkpoint> ----------------- end -----------------
2026-07-05 09:58:02.137 INFO  <mkdb.Checkpoint> ---------------- begin ----------------
2026-07-05 09:58:02.137 INFO  <mkdb.Checkpoint> marshalN=1/0
2026-07-05 09:58:02.137 INFO  <mkdb.Checkpoint> snapshot=0 marshal0=0
2026-07-05 09:58:02.137 INFO  <mkdb.Checkpoint> flush=0
2026-07-05 09:58:02.137 INFO  <mkdb.Checkpoint> ----------------- end -----------------
2026-07-05 09:59:02.189 INFO  <mkdb.Checkpoint> ---------------- begin ----------------
2026-07-05 09:59:02.189 INFO  <mkdb.Checkpoint> marshalN=1/0
2026-07-05 09:59:02.189 INFO  <mkdb.Checkpoint> snapshot=0 marshal0=0
2026-07-05 09:59:02.189 INFO  <mkdb.Checkpoint> flush=0
2026-07-05 09:59:02.189 INFO  <mkdb.Checkpoint> ----------------- end -----------------
2026-07-05 10:00:02.244 INFO  <mkdb.Checkpoint> ---------------- begin ----------------
2026-07-05 10:00:02.244 INFO  <mkdb.Checkpoint> marshalN=1/0
2026-07-05 10:00:02.244 INFO  <mkdb.Checkpoint> snapshot=0 marshal0=0
2026-07-05 10:00:02.244 INFO  <mkdb.Checkpoint> flush=0
2026-07-05 10:00:02.244 INFO  <mkdb.Checkpoint> ----------------- end -----------------
2026-07-05 10:01:02.295 INFO  <mkdb.Checkpoint> ---------------- begin ----------------
2026-07-05 10:01:02.295 INFO  <mkdb.Checkpoint> marshalN=1/0
2026-07-05 10:01:02.295 INFO  <mkdb.Checkpoint> snapshot=0 marshal0=0
2026-07-05 10:01:02.295 INFO  <mkdb.Checkpoint> flush=0
2026-07-05 10:01:02.295 INFO  <mkdb.Checkpoint> ----------------- end -----------------
2026-07-05 10:02:02.349 INFO  <mkdb.Checkpoint> ---------------- begin ----------------
2026-07-05 10:02:02.349 INFO  <mkdb.Checkpoint> marshalN=1/0
2026-07-05 10:02:02.349 INFO  <mkdb.Checkpoint> snapshot=0 marshal0=0
2026-07-05 10:02:02.349 INFO  <mkdb.Checkpoint> flush=0
2026-07-05 10:02:02.349 INFO  <mkdb.Checkpoint> ----------------- end -----------------
2026-07-05 10:03:02.400 INFO  <mkdb.Checkpoint> ---------------- begin ----------------
2026-07-05 10:03:02.400 INFO  <mkdb.Checkpoint> marshalN=1/0
2026-07-05 10:03:02.400 INFO  <mkdb.Checkpoint> snapshot=0 marshal0=0
2026-07-05 10:03:02.400 INFO  <mkdb.Checkpoint> flush=0
2026-07-05 10:03:02.400 INFO  <mkdb.Checkpoint> ----------------- end -----------------
2026-07-05 10:04:02.456 INFO  <mkdb.Checkpoint> ---------------- begin ----------------
2026-07-05 10:04:02.456 INFO  <mkdb.Checkpoint> marshalN=1/0
2026-07-05 10:04:02.456 INFO  <mkdb.Checkpoint> snapshot=0 marshal0=0
2026-07-05 10:04:02.456 INFO  <mkdb.Checkpoint> flush=0
2026-07-05 10:04:02.456 INFO  <mkdb.Checkpoint> ----------------- end -----------------
2026-07-05 10:05:02.508 INFO  <mkdb.Checkpoint> ---------------- begin ----------------
2026-07-05 10:05:02.508 INFO  <mkdb.Checkpoint> marshalN=1/0
2026-07-05 10:05:02.508 INFO  <mkdb.Checkpoint> snapshot=0 marshal0=0
2026-07-05 10:05:02.508 INFO  <mkdb.Checkpoint> flush=0
2026-07-05 10:05:02.508 INFO  <mkdb.Checkpoint> ----------------- end -----------------
2026-07-05 10:06:02.562 INFO  <mkdb.Checkpoint> ---------------- begin ----------------
2026-07-05 10:06:02.562 INFO  <mkdb.Checkpoint> marshalN=1/0
2026-07-05 10:06:02.562 INFO  <mkdb.Checkpoint> snapshot=0 marshal0=0
2026-07-05 10:06:02.562 INFO  <mkdb.Checkpoint> flush=0
2026-07-05 10:06:02.562 INFO  <mkdb.Checkpoint> ----------------- end -----------------
2026-07-05 10:07:02.616 INFO  <mkdb.Checkpoint> ---------------- begin ----------------
2026-07-05 10:07:02.616 INFO  <mkdb.Checkpoint> marshalN=1/0
2026-07-05 10:07:02.616 INFO  <mkdb.Checkpoint> snapshot=0 marshal0=0
2026-07-05 10:07:02.616 INFO  <mkdb.Checkpoint> flush=0
2026-07-05 10:07:02.616 INFO  <mkdb.Checkpoint> ----------------- end -----------------
2026-07-05 10:08:02.670 INFO  <mkdb.Checkpoint> ---------------- begin ----------------
2026-07-05 10:08:02.670 INFO  <mkdb.Checkpoint> marshalN=1/0
2026-07-05 10:08:02.670 INFO  <mkdb.Checkpoint> snapshot=0 marshal0=0
2026-07-05 10:08:02.670 INFO  <mkdb.Checkpoint> flush=0
2026-07-05 10:08:02.670 INFO  <mkdb.Checkpoint> ----------------- end -----------------
2026-07-05 10:09:02.729 INFO  <mkdb.Checkpoint> ---------------- begin ----------------
2026-07-05 10:09:02.729 INFO  <mkdb.Checkpoint> marshalN=1/0
2026-07-05 10:09:02.729 INFO  <mkdb.Checkpoint> snapshot=0 marshal0=0
2026-07-05 10:09:02.729 INFO  <mkdb.Checkpoint> flush=0
2026-07-05 10:09:02.729 INFO  <mkdb.Checkpoint> ----------------- end -----------------
2026-07-05 10:10:02.784 INFO  <mkdb.Checkpoint> ---------------- begin ----------------
2026-07-05 10:10:02.784 INFO  <mkdb.Checkpoint> marshalN=1/0
2026-07-05 10:10:02.784 INFO  <mkdb.Checkpoint> snapshot=0 marshal0=0
2026-07-05 10:10:02.784 INFO  <mkdb.Checkpoint> flush=0
2026-07-05 10:10:02.784 INFO  <mkdb.Checkpoint> ----------------- end -----------------
2026-07-05 10:11:02.843 INFO  <mkdb.Checkpoint> ---------------- begin ----------------
2026-07-05 10:11:02.844 INFO  <mkdb.Checkpoint> marshalN=1/0
2026-07-05 10:11:02.844 INFO  <mkdb.Checkpoint> snapshot=0 marshal0=0
2026-07-05 10:11:02.844 INFO  <mkdb.Checkpoint> flush=0
2026-07-05 10:11:02.844 INFO  <mkdb.Checkpoint> ----------------- end -----------------
2026-07-05 10:12:02.900 INFO  <mkdb.Checkpoint> ---------------- begin ----------------
2026-07-05 10:12:02.900 INFO  <mkdb.Checkpoint> marshalN=1/0
2026-07-05 10:12:02.900 INFO  <mkdb.Checkpoint> snapshot=0 marshal0=0
2026-07-05 10:12:02.900 INFO  <mkdb.Checkpoint> flush=0
2026-07-05 10:12:02.900 INFO  <mkdb.Checkpoint> ----------------- end -----------------
2026-07-05 10:13:02.957 INFO  <mkdb.Checkpoint> ---------------- begin ----------------
2026-07-05 10:13:02.957 INFO  <mkdb.Checkpoint> marshalN=1/0
2026-07-05 10:13:02.958 INFO  <mkdb.Checkpoint> snapshot=0 marshal0=0
2026-07-05 10:13:02.958 INFO  <mkdb.Checkpoint> flush=0
2026-07-05 10:13:02.958 INFO  <mkdb.Checkpoint> ----------------- end -----------------
2026-07-05 10:14:03.018 INFO  <mkdb.Checkpoint> ---------------- begin ----------------
2026-07-05 10:14:03.018 INFO  <mkdb.Checkpoint> marshalN=1/0
2026-07-05 10:14:03.018 INFO  <mkdb.Checkpoint> snapshot=0 marshal0=0
2026-07-05 10:14:03.018 INFO  <mkdb.Checkpoint> flush=0
2026-07-05 10:14:03.018 INFO  <mkdb.Checkpoint> ----------------- end -----------------
2026-07-05 10:15:03.078 INFO  <mkdb.Checkpoint> ---------------- begin ----------------
2026-07-05 10:15:03.078 INFO  <mkdb.Checkpoint> marshalN=1/0
2026-07-05 10:15:03.078 INFO  <mkdb.Checkpoint> snapshot=0 marshal0=0
2026-07-05 10:15:03.078 INFO  <mkdb.Checkpoint> flush=0
2026-07-05 10:15:03.079 INFO  <mkdb.Checkpoint> ----------------- end -----------------
2026-07-05 10:16:03.137 INFO  <mkdb.Checkpoint> ---------------- begin ----------------
2026-07-05 10:16:03.137 INFO  <mkdb.Checkpoint> marshalN=1/0
2026-07-05 10:16:03.137 INFO  <mkdb.Checkpoint> snapshot=0 marshal0=0
2026-07-05 10:16:03.137 INFO  <mkdb.Checkpoint> flush=0
2026-07-05 10:16:03.137 INFO  <mkdb.Checkpoint> ----------------- end -----------------
2026-07-05 10:17:03.197 INFO  <mkdb.Checkpoint> ---------------- begin ----------------
2026-07-05 10:17:03.197 INFO  <mkdb.Checkpoint> marshalN=1/0
2026-07-05 10:17:03.197 INFO  <mkdb.Checkpoint> snapshot=0 marshal0=0
2026-07-05 10:17:03.197 INFO  <mkdb.Checkpoint> flush=0
2026-07-05 10:17:03.197 INFO  <mkdb.Checkpoint> ----------------- end -----------------
2026-07-05 10:18:03.254 INFO  <mkdb.Checkpoint> ---------------- begin ----------------
2026-07-05 10:18:03.254 INFO  <mkdb.Checkpoint> marshalN=1/0
2026-07-05 10:18:03.254 INFO  <mkdb.Checkpoint> snapshot=0 marshal0=0
2026-07-05 10:18:03.254 INFO  <mkdb.Checkpoint> flush=0
2026-07-05 10:18:03.254 INFO  <mkdb.Checkpoint> ----------------- end -----------------
2026-07-05 10:19:03.308 INFO  <mkdb.Checkpoint> ---------------- begin ----------------
2026-07-05 10:19:03.308 INFO  <mkdb.Checkpoint> marshalN=1/0
2026-07-05 10:19:03.308 INFO  <mkdb.Checkpoint> snapshot=0 marshal0=0
2026-07-05 10:19:03.308 INFO  <mkdb.Checkpoint> flush=0
2026-07-05 10:19:03.308 INFO  <mkdb.Checkpoint> ----------------- end -----------------
2026-07-05 10:20:03.365 INFO  <mkdb.Checkpoint> ---------------- begin ----------------
2026-07-05 10:20:03.365 INFO  <mkdb.Checkpoint> marshalN=1/0
2026-07-05 10:20:03.365 INFO  <mkdb.Checkpoint> snapshot=0 marshal0=0
2026-07-05 10:20:03.365 INFO  <mkdb.Checkpoint> flush=0
2026-07-05 10:20:03.365 INFO  <mkdb.Checkpoint> ----------------- end -----------------
2026-07-05 10:21:03.420 INFO  <mkdb.Checkpoint> ---------------- begin ----------------
2026-07-05 10:21:03.420 INFO  <mkdb.Checkpoint> marshalN=1/0
2026-07-05 10:21:03.420 INFO  <mkdb.Checkpoint> snapshot=0 marshal0=0
2026-07-05 10:21:03.420 INFO  <mkdb.Checkpoint> flush=0
2026-07-05 10:21:03.420 INFO  <mkdb.Checkpoint> ----------------- end -----------------
2026-07-05 10:21:13.029 WARN  <mkdb.Backup> backup FULL begin
2026-07-05 10:21:13.036 WARN  <mkdb.Backup> backup FULL end
2026-07-05 10:22:03.475 INFO  <mkdb.Checkpoint> ---------------- begin ----------------
2026-07-05 10:22:03.476 INFO  <mkdb.Checkpoint> marshalN=1/0
2026-07-05 10:22:03.476 INFO  <mkdb.Checkpoint> snapshot=0 marshal0=0
2026-07-05 10:22:03.476 INFO  <mkdb.Checkpoint> flush=0
2026-07-05 10:22:03.476 INFO  <mkdb.Checkpoint> ----------------- end -----------------
2026-07-05 10:23:03.531 INFO  <mkdb.Checkpoint> ---------------- begin ----------------
2026-07-05 10:23:03.531 INFO  <mkdb.Checkpoint> marshalN=1/0
2026-07-05 10:23:03.531 INFO  <mkdb.Checkpoint> snapshot=0 marshal0=0
2026-07-05 10:23:03.531 INFO  <mkdb.Checkpoint> flush=0
2026-07-05 10:23:03.531 INFO  <mkdb.Checkpoint> ----------------- end -----------------
2026-07-05 10:24:03.583 INFO  <mkdb.Checkpoint> ---------------- begin ----------------
2026-07-05 10:24:03.583 INFO  <mkdb.Checkpoint> marshalN=1/0
2026-07-05 10:24:03.583 INFO  <mkdb.Checkpoint> snapshot=0 marshal0=0
2026-07-05 10:24:03.583 INFO  <mkdb.Checkpoint> flush=0
2026-07-05 10:24:03.583 INFO  <mkdb.Checkpoint> ----------------- end -----------------
2026-07-05 10:24:11.148 WARN  <mkio.Engine.2> onMkioRemoved=Mkio/127.0.0.1:49244-/0.0.0.0:22200@Server
2026-07-05 10:24:44.098 FATAL <main> mkdb start begin
2026-07-05 10:24:44.111 INFO  <main> System.load(/home/game/common/name_server/libdb_amd64.so)
2026-07-05 10:24:44.126 FATAL <main> mkdb start end
2026-07-05 10:24:44.133 INFO  <main> mkio.Engine started
2026-07-05 10:25:08.301 WARN  <mkio.Engine.2> onMkioAdded=Mkio/127.0.0.1:53502-/0.0.0.0:22200@Server
2026-07-05 10:25:44.221 INFO  <mkdb.Checkpoint> ---------------- begin ----------------
2026-07-05 10:25:44.221 INFO  <mkdb.Checkpoint> marshalN=1/0
2026-07-05 10:25:44.222 INFO  <mkdb.Checkpoint> snapshot=0 marshal0=0
2026-07-05 10:25:44.222 INFO  <mkdb.Checkpoint> flush=0
2026-07-05 10:25:44.222 INFO  <mkdb.Checkpoint> ----------------- end -----------------
2026-07-05 10:25:56.773 INFO  <mkdb.Worker.procedure.20> com.locojoy.ns.Exist(activeuser:1:1) result=5
2026-07-05 10:26:44.292 INFO  <mkdb.Checkpoint> ---------------- begin ----------------
2026-07-05 10:26:44.292 INFO  <mkdb.Checkpoint> marshalN=1/0
2026-07-05 10:26:44.293 INFO  <mkdb.Checkpoint> snapshot=0 marshal0=0
2026-07-05 10:26:44.293 INFO  <mkdb.Checkpoint> flush=0
2026-07-05 10:26:44.293 INFO  <mkdb.Checkpoint> ----------------- end -----------------
2026-07-05 10:27:44.351 INFO  <mkdb.Checkpoint> ---------------- begin ----------------
2026-07-05 10:27:44.352 INFO  <mkdb.Checkpoint> marshalN=1/0
2026-07-05 10:27:44.352 INFO  <mkdb.Checkpoint> snapshot=0 marshal0=0
2026-07-05 10:27:44.352 INFO  <mkdb.Checkpoint> flush=0
2026-07-05 10:27:44.352 INFO  <mkdb.Checkpoint> ----------------- end -----------------
2026-07-05 10:28:44.412 INFO  <mkdb.Checkpoint> ---------------- begin ----------------
2026-07-05 10:28:44.412 INFO  <mkdb.Checkpoint> marshalN=1/0
2026-07-05 10:28:44.412 INFO  <mkdb.Checkpoint> snapshot=0 marshal0=0
2026-07-05 10:28:44.413 INFO  <mkdb.Checkpoint> flush=0
2026-07-05 10:28:44.413 INFO  <mkdb.Checkpoint> ----------------- end -----------------
2026-07-05 10:29:44.472 INFO  <mkdb.Checkpoint> ---------------- begin ----------------
2026-07-05 10:29:44.472 INFO  <mkdb.Checkpoint> marshalN=1/0
2026-07-05 10:29:44.472 INFO  <mkdb.Checkpoint> snapshot=0 marshal0=0
2026-07-05 10:29:44.472 INFO  <mkdb.Checkpoint> flush=0
2026-07-05 10:29:44.472 INFO  <mkdb.Checkpoint> ----------------- end -----------------
2026-07-05 10:30:44.533 INFO  <mkdb.Checkpoint> ---------------- begin ----------------
2026-07-05 10:30:44.534 INFO  <mkdb.Checkpoint> marshalN=1/0
2026-07-05 10:30:44.534 INFO  <mkdb.Checkpoint> snapshot=0 marshal0=0
2026-07-05 10:30:44.534 INFO  <mkdb.Checkpoint> flush=0
2026-07-05 10:30:44.534 INFO  <mkdb.Checkpoint> ----------------- end -----------------
2026-07-05 10:31:44.597 INFO  <mkdb.Checkpoint> ---------------- begin ----------------
2026-07-05 10:31:44.598 INFO  <mkdb.Checkpoint> marshalN=1/0
2026-07-05 10:31:44.598 INFO  <mkdb.Checkpoint> snapshot=0 marshal0=0
2026-07-05 10:31:44.598 INFO  <mkdb.Checkpoint> flush=0
2026-07-05 10:31:44.598 INFO  <mkdb.Checkpoint> ----------------- end -----------------
2026-07-05 10:32:44.661 INFO  <mkdb.Checkpoint> ---------------- begin ----------------
2026-07-05 10:32:44.662 INFO  <mkdb.Checkpoint> marshalN=1/0
2026-07-05 10:32:44.662 INFO  <mkdb.Checkpoint> snapshot=0 marshal0=0
2026-07-05 10:32:44.662 INFO  <mkdb.Checkpoint> flush=0
2026-07-05 10:32:44.662 INFO  <mkdb.Checkpoint> ----------------- end -----------------
2026-07-05 10:33:44.726 INFO  <mkdb.Checkpoint> ---------------- begin ----------------
2026-07-05 10:33:44.726 INFO  <mkdb.Checkpoint> marshalN=1/0
2026-07-05 10:33:44.726 INFO  <mkdb.Checkpoint> snapshot=0 marshal0=0
2026-07-05 10:33:44.726 INFO  <mkdb.Checkpoint> flush=0
2026-07-05 10:33:44.726 INFO  <mkdb.Checkpoint> ----------------- end -----------------
2026-07-05 10:34:44.790 INFO  <mkdb.Checkpoint> ---------------- begin ----------------
2026-07-05 10:34:44.790 INFO  <mkdb.Checkpoint> marshalN=1/0
2026-07-05 10:34:44.790 INFO  <mkdb.Checkpoint> snapshot=0 marshal0=0
2026-07-05 10:34:44.790 INFO  <mkdb.Checkpoint> flush=0
2026-07-05 10:34:44.790 INFO  <mkdb.Checkpoint> ----------------- end -----------------
2026-07-05 10:35:44.855 INFO  <mkdb.Checkpoint> ---------------- begin ----------------
2026-07-05 10:35:44.855 INFO  <mkdb.Checkpoint> marshalN=1/0
2026-07-05 10:35:44.855 INFO  <mkdb.Checkpoint> snapshot=0 marshal0=0
2026-07-05 10:35:44.855 INFO  <mkdb.Checkpoint> flush=0
2026-07-05 10:35:44.855 INFO  <mkdb.Checkpoint> ----------------- end -----------------
2026-07-05 10:36:44.917 INFO  <mkdb.Checkpoint> ---------------- begin ----------------
2026-07-05 10:36:44.917 INFO  <mkdb.Checkpoint> marshalN=1/0
2026-07-05 10:36:44.917 INFO  <mkdb.Checkpoint> snapshot=0 marshal0=0
2026-07-05 10:36:44.918 INFO  <mkdb.Checkpoint> flush=0
2026-07-05 10:36:44.918 INFO  <mkdb.Checkpoint> ----------------- end -----------------
2026-07-05 10:37:44.970 INFO  <mkdb.Checkpoint> ---------------- begin ----------------
2026-07-05 10:37:44.970 INFO  <mkdb.Checkpoint> marshalN=1/0
2026-07-05 10:37:44.971 INFO  <mkdb.Checkpoint> snapshot=0 marshal0=0
2026-07-05 10:37:44.971 INFO  <mkdb.Checkpoint> flush=0
2026-07-05 10:37:44.971 INFO  <mkdb.Checkpoint> ----------------- end -----------------
2026-07-05 10:38:45.021 INFO  <mkdb.Checkpoint> ---------------- begin ----------------
2026-07-05 10:38:45.021 INFO  <mkdb.Checkpoint> marshalN=1/0
2026-07-05 10:38:45.022 INFO  <mkdb.Checkpoint> snapshot=0 marshal0=0
2026-07-05 10:38:45.022 INFO  <mkdb.Checkpoint> flush=0
2026-07-05 10:38:45.022 INFO  <mkdb.Checkpoint> ----------------- end -----------------
2026-07-05 10:39:45.078 INFO  <mkdb.Checkpoint> ---------------- begin ----------------
2026-07-05 10:39:45.079 INFO  <mkdb.Checkpoint> marshalN=1/0
2026-07-05 10:39:45.079 INFO  <mkdb.Checkpoint> snapshot=0 marshal0=0
2026-07-05 10:39:45.079 INFO  <mkdb.Checkpoint> flush=0
2026-07-05 10:39:45.079 INFO  <mkdb.Checkpoint> ----------------- end -----------------
2026-07-05 10:40:45.140 INFO  <mkdb.Checkpoint> ---------------- begin ----------------
2026-07-05 10:40:45.141 INFO  <mkdb.Checkpoint> marshalN=1/0
2026-07-05 10:40:45.141 INFO  <mkdb.Checkpoint> snapshot=0 marshal0=0
2026-07-05 10:40:45.141 INFO  <mkdb.Checkpoint> flush=0
2026-07-05 10:40:45.141 INFO  <mkdb.Checkpoint> ----------------- end -----------------
2026-07-05 10:41:45.204 INFO  <mkdb.Checkpoint> ---------------- begin ----------------
2026-07-05 10:41:45.204 INFO  <mkdb.Checkpoint> marshalN=1/0
2026-07-05 10:41:45.204 INFO  <mkdb.Checkpoint> snapshot=0 marshal0=0
2026-07-05 10:41:45.205 INFO  <mkdb.Checkpoint> flush=0
2026-07-05 10:41:45.205 INFO  <mkdb.Checkpoint> ----------------- end -----------------
2026-07-05 10:42:45.259 INFO  <mkdb.Checkpoint> ---------------- begin ----------------
2026-07-05 10:42:45.259 INFO  <mkdb.Checkpoint> marshalN=1/0
2026-07-05 10:42:45.260 INFO  <mkdb.Checkpoint> snapshot=0 marshal0=0
2026-07-05 10:42:45.260 INFO  <mkdb.Checkpoint> flush=0
2026-07-05 10:42:45.260 INFO  <mkdb.Checkpoint> ----------------- end -----------------
2026-07-05 10:43:45.316 INFO  <mkdb.Checkpoint> ---------------- begin ----------------
2026-07-05 10:43:45.316 INFO  <mkdb.Checkpoint> marshalN=1/0
2026-07-05 10:43:45.316 INFO  <mkdb.Checkpoint> snapshot=0 marshal0=0
2026-07-05 10:43:45.316 INFO  <mkdb.Checkpoint> flush=0
2026-07-05 10:43:45.316 INFO  <mkdb.Checkpoint> ----------------- end -----------------
2026-07-05 10:44:45.375 INFO  <mkdb.Checkpoint> ---------------- begin ----------------
2026-07-05 10:44:45.376 INFO  <mkdb.Checkpoint> marshalN=1/0
2026-07-05 10:44:45.376 INFO  <mkdb.Checkpoint> snapshot=0 marshal0=0
2026-07-05 10:44:45.376 INFO  <mkdb.Checkpoint> flush=0
2026-07-05 10:44:45.376 INFO  <mkdb.Checkpoint> ----------------- end -----------------
2026-07-05 10:45:45.435 INFO  <mkdb.Checkpoint> ---------------- begin ----------------
2026-07-05 10:45:45.436 INFO  <mkdb.Checkpoint> marshalN=1/0
2026-07-05 10:45:45.436 INFO  <mkdb.Checkpoint> snapshot=0 marshal0=0
2026-07-05 10:45:45.436 INFO  <mkdb.Checkpoint> flush=0
2026-07-05 10:45:45.436 INFO  <mkdb.Checkpoint> ----------------- end -----------------
2026-07-05 10:46:45.499 INFO  <mkdb.Checkpoint> ---------------- begin ----------------
2026-07-05 10:46:45.499 INFO  <mkdb.Checkpoint> marshalN=1/0
2026-07-05 10:46:45.499 INFO  <mkdb.Checkpoint> snapshot=0 marshal0=0
2026-07-05 10:46:45.499 INFO  <mkdb.Checkpoint> flush=0
2026-07-05 10:46:45.499 INFO  <mkdb.Checkpoint> ----------------- end -----------------
2026-07-05 10:47:45.564 INFO  <mkdb.Checkpoint> ---------------- begin ----------------
2026-07-05 10:47:45.565 INFO  <mkdb.Checkpoint> marshalN=1/0
2026-07-05 10:47:45.565 INFO  <mkdb.Checkpoint> snapshot=0 marshal0=0
2026-07-05 10:47:45.565 INFO  <mkdb.Checkpoint> flush=0
2026-07-05 10:47:45.565 INFO  <mkdb.Checkpoint> ----------------- end -----------------
2026-07-05 10:48:45.630 INFO  <mkdb.Checkpoint> ---------------- begin ----------------
2026-07-05 10:48:45.630 INFO  <mkdb.Checkpoint> marshalN=1/0
2026-07-05 10:48:45.630 INFO  <mkdb.Checkpoint> snapshot=0 marshal0=0
2026-07-05 10:48:45.630 INFO  <mkdb.Checkpoint> flush=0
2026-07-05 10:48:45.630 INFO  <mkdb.Checkpoint> ----------------- end -----------------
2026-07-05 10:49:45.695 INFO  <mkdb.Checkpoint> ---------------- begin ----------------
2026-07-05 10:49:45.695 INFO  <mkdb.Checkpoint> marshalN=1/0
2026-07-05 10:49:45.696 INFO  <mkdb.Checkpoint> snapshot=0 marshal0=0
2026-07-05 10:49:45.696 INFO  <mkdb.Checkpoint> flush=0
2026-07-05 10:49:45.696 INFO  <mkdb.Checkpoint> ----------------- end -----------------
2026-07-05 10:50:45.763 INFO  <mkdb.Checkpoint> ---------------- begin ----------------
2026-07-05 10:50:45.763 INFO  <mkdb.Checkpoint> marshalN=1/0
2026-07-05 10:50:45.763 INFO  <mkdb.Checkpoint> snapshot=0 marshal0=0
2026-07-05 10:50:45.764 INFO  <mkdb.Checkpoint> flush=0
2026-07-05 10:50:45.764 INFO  <mkdb.Checkpoint> ----------------- end -----------------
2026-07-05 10:51:45.818 INFO  <mkdb.Checkpoint> ---------------- begin ----------------
2026-07-05 10:51:45.818 INFO  <mkdb.Checkpoint> marshalN=1/0
2026-07-05 10:51:45.818 INFO  <mkdb.Checkpoint> snapshot=0 marshal0=0
2026-07-05 10:51:45.818 INFO  <mkdb.Checkpoint> flush=0
2026-07-05 10:51:45.818 INFO  <mkdb.Checkpoint> ----------------- end -----------------
2026-07-05 10:52:45.870 INFO  <mkdb.Checkpoint> ---------------- begin ----------------
2026-07-05 10:52:45.870 INFO  <mkdb.Checkpoint> marshalN=1/0
2026-07-05 10:52:45.870 INFO  <mkdb.Checkpoint> snapshot=0 marshal0=0
2026-07-05 10:52:45.870 INFO  <mkdb.Checkpoint> flush=0
2026-07-05 10:52:45.870 INFO  <mkdb.Checkpoint> ----------------- end -----------------
2026-07-05 10:53:45.923 INFO  <mkdb.Checkpoint> ---------------- begin ----------------
2026-07-05 10:53:45.924 INFO  <mkdb.Checkpoint> marshalN=1/0
2026-07-05 10:53:45.924 INFO  <mkdb.Checkpoint> snapshot=0 marshal0=0
2026-07-05 10:53:45.924 INFO  <mkdb.Checkpoint> flush=0
2026-07-05 10:53:45.924 INFO  <mkdb.Checkpoint> ----------------- end -----------------
2026-07-05 10:54:45.977 INFO  <mkdb.Checkpoint> ---------------- begin ----------------
2026-07-05 10:54:45.978 INFO  <mkdb.Checkpoint> marshalN=1/0
2026-07-05 10:54:45.978 INFO  <mkdb.Checkpoint> snapshot=0 marshal0=0
2026-07-05 10:54:45.978 INFO  <mkdb.Checkpoint> flush=0
2026-07-05 10:54:45.978 INFO  <mkdb.Checkpoint> ----------------- end -----------------
2026-07-05 10:55:46.029 INFO  <mkdb.Checkpoint> ---------------- begin ----------------
2026-07-05 10:55:46.029 INFO  <mkdb.Checkpoint> marshalN=1/0
2026-07-05 10:55:46.029 INFO  <mkdb.Checkpoint> snapshot=0 marshal0=0
2026-07-05 10:55:46.029 INFO  <mkdb.Checkpoint> flush=0
2026-07-05 10:55:46.029 INFO  <mkdb.Checkpoint> ----------------- end -----------------
2026-07-05 10:56:46.083 INFO  <mkdb.Checkpoint> ---------------- begin ----------------
2026-07-05 10:56:46.084 INFO  <mkdb.Checkpoint> marshalN=1/0
2026-07-05 10:56:46.084 INFO  <mkdb.Checkpoint> snapshot=0 marshal0=0
2026-07-05 10:56:46.084 INFO  <mkdb.Checkpoint> flush=0
2026-07-05 10:56:46.084 INFO  <mkdb.Checkpoint> ----------------- end -----------------
2026-07-05 10:57:46.140 INFO  <mkdb.Checkpoint> ---------------- begin ----------------
2026-07-05 10:57:46.140 INFO  <mkdb.Checkpoint> marshalN=1/0
2026-07-05 10:57:46.141 INFO  <mkdb.Checkpoint> snapshot=0 marshal0=0
2026-07-05 10:57:46.141 INFO  <mkdb.Checkpoint> flush=0
2026-07-05 10:57:46.141 INFO  <mkdb.Checkpoint> ----------------- end -----------------
2026-07-05 10:58:46.200 INFO  <mkdb.Checkpoint> ---------------- begin ----------------
2026-07-05 10:58:46.200 INFO  <mkdb.Checkpoint> marshalN=1/0
2026-07-05 10:58:46.200 INFO  <mkdb.Checkpoint> snapshot=0 marshal0=0
2026-07-05 10:58:46.200 INFO  <mkdb.Checkpoint> flush=0
2026-07-05 10:58:46.200 INFO  <mkdb.Checkpoint> ----------------- end -----------------
2026-07-05 10:59:46.265 INFO  <mkdb.Checkpoint> ---------------- begin ----------------
2026-07-05 10:59:46.265 INFO  <mkdb.Checkpoint> marshalN=1/0
2026-07-05 10:59:46.265 INFO  <mkdb.Checkpoint> snapshot=0 marshal0=0
2026-07-05 10:59:46.265 INFO  <mkdb.Checkpoint> flush=0
2026-07-05 10:59:46.265 INFO  <mkdb.Checkpoint> ----------------- end -----------------
2026-07-05 11:00:46.330 INFO  <mkdb.Checkpoint> ---------------- begin ----------------
2026-07-05 11:00:46.331 INFO  <mkdb.Checkpoint> marshalN=1/0
2026-07-05 11:00:46.331 INFO  <mkdb.Checkpoint> snapshot=0 marshal0=0
2026-07-05 11:00:46.331 INFO  <mkdb.Checkpoint> flush=0
2026-07-05 11:00:46.331 INFO  <mkdb.Checkpoint> ----------------- end -----------------
2026-07-05 11:01:46.390 INFO  <mkdb.Checkpoint> ---------------- begin ----------------
2026-07-05 11:01:46.390 INFO  <mkdb.Checkpoint> marshalN=1/0
2026-07-05 11:01:46.390 INFO  <mkdb.Checkpoint> snapshot=0 marshal0=0
2026-07-05 11:01:46.390 INFO  <mkdb.Checkpoint> flush=0
2026-07-05 11:01:46.390 INFO  <mkdb.Checkpoint> ----------------- end -----------------
2026-07-05 11:02:46.451 INFO  <mkdb.Checkpoint> ---------------- begin ----------------
2026-07-05 11:02:46.451 INFO  <mkdb.Checkpoint> marshalN=1/0
2026-07-05 11:02:46.451 INFO  <mkdb.Checkpoint> snapshot=0 marshal0=0
2026-07-05 11:02:46.451 INFO  <mkdb.Checkpoint> flush=0
2026-07-05 11:02:46.452 INFO  <mkdb.Checkpoint> ----------------- end -----------------
2026-07-05 11:03:46.517 INFO  <mkdb.Checkpoint> ---------------- begin ----------------
2026-07-05 11:03:46.517 INFO  <mkdb.Checkpoint> marshalN=1/0
2026-07-05 11:03:46.517 INFO  <mkdb.Checkpoint> snapshot=0 marshal0=0
2026-07-05 11:03:46.517 INFO  <mkdb.Checkpoint> flush=0
2026-07-05 11:03:46.517 INFO  <mkdb.Checkpoint> ----------------- end -----------------
2026-07-05 11:04:46.585 INFO  <mkdb.Checkpoint> ---------------- begin ----------------
2026-07-05 11:04:46.585 INFO  <mkdb.Checkpoint> marshalN=1/0
2026-07-05 11:04:46.585 INFO  <mkdb.Checkpoint> snapshot=0 marshal0=0
2026-07-05 11:04:46.585 INFO  <mkdb.Checkpoint> flush=0
2026-07-05 11:04:46.585 INFO  <mkdb.Checkpoint> ----------------- end -----------------
2026-07-05 11:05:46.648 INFO  <mkdb.Checkpoint> ---------------- begin ----------------
2026-07-05 11:05:46.648 INFO  <mkdb.Checkpoint> marshalN=1/0
2026-07-05 11:05:46.648 INFO  <mkdb.Checkpoint> snapshot=0 marshal0=0
2026-07-05 11:05:46.648 INFO  <mkdb.Checkpoint> flush=0
2026-07-05 11:05:46.648 INFO  <mkdb.Checkpoint> ----------------- end -----------------
2026-07-05 11:06:46.708 INFO  <mkdb.Checkpoint> ---------------- begin ----------------
2026-07-05 11:06:46.709 INFO  <mkdb.Checkpoint> marshalN=1/0
2026-07-05 11:06:46.709 INFO  <mkdb.Checkpoint> snapshot=0 marshal0=0
2026-07-05 11:06:46.709 INFO  <mkdb.Checkpoint> flush=0
2026-07-05 11:06:46.709 INFO  <mkdb.Checkpoint> ----------------- end -----------------
2026-07-05 11:07:46.761 INFO  <mkdb.Checkpoint> ---------------- begin ----------------
2026-07-05 11:07:46.762 INFO  <mkdb.Checkpoint> marshalN=1/0
2026-07-05 11:07:46.762 INFO  <mkdb.Checkpoint> snapshot=0 marshal0=0
2026-07-05 11:07:46.762 INFO  <mkdb.Checkpoint> flush=0
2026-07-05 11:07:46.762 INFO  <mkdb.Checkpoint> ----------------- end -----------------
2026-07-05 11:08:46.813 INFO  <mkdb.Checkpoint> ---------------- begin ----------------
2026-07-05 11:08:46.813 INFO  <mkdb.Checkpoint> marshalN=1/0
2026-07-05 11:08:46.814 INFO  <mkdb.Checkpoint> snapshot=0 marshal0=0
2026-07-05 11:08:46.814 INFO  <mkdb.Checkpoint> flush=0
2026-07-05 11:08:46.814 INFO  <mkdb.Checkpoint> ----------------- end -----------------
2026-07-05 11:09:46.868 INFO  <mkdb.Checkpoint> ---------------- begin ----------------
2026-07-05 11:09:46.868 INFO  <mkdb.Checkpoint> marshalN=1/0
2026-07-05 11:09:46.868 INFO  <mkdb.Checkpoint> snapshot=0 marshal0=0
2026-07-05 11:09:46.868 INFO  <mkdb.Checkpoint> flush=0
2026-07-05 11:09:46.868 INFO  <mkdb.Checkpoint> ----------------- end -----------------
2026-07-05 11:09:47.069 WARN  <mkdb.Backup> backup FULL begin
2026-07-05 11:09:47.071 WARN  <mkdb.Backup> backup FULL end
2026-07-05 11:10:46.925 INFO  <mkdb.Checkpoint> ---------------- begin ----------------
2026-07-05 11:10:46.925 INFO  <mkdb.Checkpoint> marshalN=1/0
2026-07-05 11:10:46.925 INFO  <mkdb.Checkpoint> snapshot=0 marshal0=0
2026-07-05 11:10:46.925 INFO  <mkdb.Checkpoint> flush=0
2026-07-05 11:10:46.925 INFO  <mkdb.Checkpoint> ----------------- end -----------------
2026-07-05 11:11:46.982 INFO  <mkdb.Checkpoint> ---------------- begin ----------------
2026-07-05 11:11:46.983 INFO  <mkdb.Checkpoint> marshalN=1/0
2026-07-05 11:11:46.983 INFO  <mkdb.Checkpoint> snapshot=0 marshal0=0
2026-07-05 11:11:46.983 INFO  <mkdb.Checkpoint> flush=0
2026-07-05 11:11:46.983 INFO  <mkdb.Checkpoint> ----------------- end -----------------
2026-07-05 11:12:47.038 INFO  <mkdb.Checkpoint> ---------------- begin ----------------
2026-07-05 11:12:47.039 INFO  <mkdb.Checkpoint> marshalN=1/0
2026-07-05 11:12:47.039 INFO  <mkdb.Checkpoint> snapshot=0 marshal0=0
2026-07-05 11:12:47.039 INFO  <mkdb.Checkpoint> flush=0
2026-07-05 11:12:47.039 INFO  <mkdb.Checkpoint> ----------------- end -----------------
2026-07-05 11:13:47.096 INFO  <mkdb.Checkpoint> ---------------- begin ----------------
2026-07-05 11:13:47.097 INFO  <mkdb.Checkpoint> marshalN=1/0
2026-07-05 11:13:47.097 INFO  <mkdb.Checkpoint> snapshot=0 marshal0=0
2026-07-05 11:13:47.097 INFO  <mkdb.Checkpoint> flush=0
2026-07-05 11:13:47.097 INFO  <mkdb.Checkpoint> ----------------- end -----------------
2026-07-05 11:14:47.157 INFO  <mkdb.Checkpoint> ---------------- begin ----------------
2026-07-05 11:14:47.157 INFO  <mkdb.Checkpoint> marshalN=1/0
2026-07-05 11:14:47.157 INFO  <mkdb.Checkpoint> snapshot=0 marshal0=0
2026-07-05 11:14:47.157 INFO  <mkdb.Checkpoint> flush=0
2026-07-05 11:14:47.157 INFO  <mkdb.Checkpoint> ----------------- end -----------------
2026-07-05 11:15:47.215 INFO  <mkdb.Checkpoint> ---------------- begin ----------------
2026-07-05 11:15:47.215 INFO  <mkdb.Checkpoint> marshalN=1/0
2026-07-05 11:15:47.215 INFO  <mkdb.Checkpoint> snapshot=0 marshal0=0
2026-07-05 11:15:47.215 INFO  <mkdb.Checkpoint> flush=0
2026-07-05 11:15:47.215 INFO  <mkdb.Checkpoint> ----------------- end -----------------
2026-07-05 11:16:47.276 INFO  <mkdb.Checkpoint> ---------------- begin ----------------
2026-07-05 11:16:47.276 INFO  <mkdb.Checkpoint> marshalN=1/0
2026-07-05 11:16:47.276 INFO  <mkdb.Checkpoint> snapshot=0 marshal0=0
2026-07-05 11:16:47.276 INFO  <mkdb.Checkpoint> flush=0
2026-07-05 11:16:47.276 INFO  <mkdb.Checkpoint> ----------------- end -----------------
2026-07-05 11:17:47.338 INFO  <mkdb.Checkpoint> ---------------- begin ----------------
2026-07-05 11:17:47.338 INFO  <mkdb.Checkpoint> marshalN=1/0
2026-07-05 11:17:47.338 INFO  <mkdb.Checkpoint> snapshot=0 marshal0=0
2026-07-05 11:17:47.338 INFO  <mkdb.Checkpoint> flush=0
2026-07-05 11:17:47.338 INFO  <mkdb.Checkpoint> ----------------- end -----------------
2026-07-05 11:18:47.393 INFO  <mkdb.Checkpoint> ---------------- begin ----------------
2026-07-05 11:18:47.393 INFO  <mkdb.Checkpoint> marshalN=1/0
2026-07-05 11:18:47.393 INFO  <mkdb.Checkpoint> snapshot=0 marshal0=0
2026-07-05 11:18:47.394 INFO  <mkdb.Checkpoint> flush=0
2026-07-05 11:18:47.394 INFO  <mkdb.Checkpoint> ----------------- end -----------------
2026-07-05 11:19:47.450 INFO  <mkdb.Checkpoint> ---------------- begin ----------------
2026-07-05 11:19:47.450 INFO  <mkdb.Checkpoint> marshalN=1/0
2026-07-05 11:19:47.450 INFO  <mkdb.Checkpoint> snapshot=0 marshal0=0
2026-07-05 11:19:47.450 INFO  <mkdb.Checkpoint> flush=0
2026-07-05 11:19:47.450 INFO  <mkdb.Checkpoint> ----------------- end -----------------
2026-07-05 11:20:47.512 INFO  <mkdb.Checkpoint> ---------------- begin ----------------
2026-07-05 11:20:47.512 INFO  <mkdb.Checkpoint> marshalN=1/0
2026-07-05 11:20:47.512 INFO  <mkdb.Checkpoint> snapshot=0 marshal0=0
2026-07-05 11:20:47.512 INFO  <mkdb.Checkpoint> flush=0
2026-07-05 11:20:47.512 INFO  <mkdb.Checkpoint> ----------------- end -----------------
2026-07-05 11:21:47.577 INFO  <mkdb.Checkpoint> ---------------- begin ----------------
2026-07-05 11:21:47.577 INFO  <mkdb.Checkpoint> marshalN=1/0
2026-07-05 11:21:47.577 INFO  <mkdb.Checkpoint> snapshot=0 marshal0=0
2026-07-05 11:21:47.577 INFO  <mkdb.Checkpoint> flush=0
2026-07-05 11:21:47.577 INFO  <mkdb.Checkpoint> ----------------- end -----------------
2026-07-05 11:22:47.643 INFO  <mkdb.Checkpoint> ---------------- begin ----------------
2026-07-05 11:22:47.644 INFO  <mkdb.Checkpoint> marshalN=1/0
2026-07-05 11:22:47.644 INFO  <mkdb.Checkpoint> snapshot=0 marshal0=0
2026-07-05 11:22:47.644 INFO  <mkdb.Checkpoint> flush=0
2026-07-05 11:22:47.644 INFO  <mkdb.Checkpoint> ----------------- end -----------------
2026-07-05 11:23:47.702 INFO  <mkdb.Checkpoint> ---------------- begin ----------------
2026-07-05 11:23:47.702 INFO  <mkdb.Checkpoint> marshalN=1/0
2026-07-05 11:23:47.702 INFO  <mkdb.Checkpoint> snapshot=0 marshal0=0
2026-07-05 11:23:47.702 INFO  <mkdb.Checkpoint> flush=0
2026-07-05 11:23:47.702 INFO  <mkdb.Checkpoint> ----------------- end -----------------
2026-07-05 11:24:47.756 INFO  <mkdb.Checkpoint> ---------------- begin ----------------
2026-07-05 11:24:47.756 INFO  <mkdb.Checkpoint> marshalN=1/0
2026-07-05 11:24:47.756 INFO  <mkdb.Checkpoint> snapshot=0 marshal0=0
2026-07-05 11:24:47.756 INFO  <mkdb.Checkpoint> flush=0
2026-07-05 11:24:47.756 INFO  <mkdb.Checkpoint> ----------------- end -----------------
2026-07-05 11:25:47.810 INFO  <mkdb.Checkpoint> ---------------- begin ----------------
2026-07-05 11:25:47.810 INFO  <mkdb.Checkpoint> marshalN=1/0
2026-07-05 11:25:47.810 INFO  <mkdb.Checkpoint> snapshot=0 marshal0=0
2026-07-05 11:25:47.810 INFO  <mkdb.Checkpoint> flush=0
2026-07-05 11:25:47.810 INFO  <mkdb.Checkpoint> ----------------- end -----------------
2026-07-05 11:26:47.864 INFO  <mkdb.Checkpoint> ---------------- begin ----------------
2026-07-05 11:26:47.864 INFO  <mkdb.Checkpoint> marshalN=1/0
2026-07-05 11:26:47.864 INFO  <mkdb.Checkpoint> snapshot=0 marshal0=0
2026-07-05 11:26:47.864 INFO  <mkdb.Checkpoint> flush=0
2026-07-05 11:26:47.864 INFO  <mkdb.Checkpoint> ----------------- end -----------------
2026-07-05 11:27:47.922 INFO  <mkdb.Checkpoint> ---------------- begin ----------------
2026-07-05 11:27:47.922 INFO  <mkdb.Checkpoint> marshalN=1/0
2026-07-05 11:27:47.922 INFO  <mkdb.Checkpoint> snapshot=0 marshal0=0
2026-07-05 11:27:47.922 INFO  <mkdb.Checkpoint> flush=0
2026-07-05 11:27:47.922 INFO  <mkdb.Checkpoint> ----------------- end -----------------
2026-07-05 11:28:47.985 INFO  <mkdb.Checkpoint> ---------------- begin ----------------
2026-07-05 11:28:47.985 INFO  <mkdb.Checkpoint> marshalN=1/0
2026-07-05 11:28:47.985 INFO  <mkdb.Checkpoint> snapshot=0 marshal0=0
2026-07-05 11:28:47.985 INFO  <mkdb.Checkpoint> flush=0
2026-07-05 11:28:47.985 INFO  <mkdb.Checkpoint> ----------------- end -----------------
2026-07-05 11:29:48.048 INFO  <mkdb.Checkpoint> ---------------- begin ----------------
2026-07-05 11:29:48.048 INFO  <mkdb.Checkpoint> marshalN=1/0
2026-07-05 11:29:48.048 INFO  <mkdb.Checkpoint> snapshot=0 marshal0=0
2026-07-05 11:29:48.048 INFO  <mkdb.Checkpoint> flush=0
2026-07-05 11:29:48.048 INFO  <mkdb.Checkpoint> ----------------- end -----------------
2026-07-05 11:30:48.113 INFO  <mkdb.Checkpoint> ---------------- begin ----------------
2026-07-05 11:30:48.113 INFO  <mkdb.Checkpoint> marshalN=1/0
2026-07-05 11:30:48.113 INFO  <mkdb.Checkpoint> snapshot=0 marshal0=0
2026-07-05 11:30:48.113 INFO  <mkdb.Checkpoint> flush=0
2026-07-05 11:30:48.113 INFO  <mkdb.Checkpoint> ----------------- end -----------------
2026-07-05 11:31:48.177 INFO  <mkdb.Checkpoint> ---------------- begin ----------------
2026-07-05 11:31:48.177 INFO  <mkdb.Checkpoint> marshalN=1/0
2026-07-05 11:31:48.177 INFO  <mkdb.Checkpoint> snapshot=0 marshal0=0
2026-07-05 11:31:48.177 INFO  <mkdb.Checkpoint> flush=0
2026-07-05 11:31:48.177 INFO  <mkdb.Checkpoint> ----------------- end -----------------
2026-07-05 11:32:48.244 INFO  <mkdb.Checkpoint> ---------------- begin ----------------
2026-07-05 11:32:48.244 INFO  <mkdb.Checkpoint> marshalN=1/0
2026-07-05 11:32:48.244 INFO  <mkdb.Checkpoint> snapshot=0 marshal0=0
2026-07-05 11:32:48.245 INFO  <mkdb.Checkpoint> flush=0
2026-07-05 11:32:48.245 INFO  <mkdb.Checkpoint> ----------------- end -----------------
2026-07-05 11:33:48.312 INFO  <mkdb.Checkpoint> ---------------- begin ----------------
2026-07-05 11:33:48.313 INFO  <mkdb.Checkpoint> marshalN=1/0
2026-07-05 11:33:48.313 INFO  <mkdb.Checkpoint> snapshot=0 marshal0=0
2026-07-05 11:33:48.313 INFO  <mkdb.Checkpoint> flush=0
2026-07-05 11:33:48.313 INFO  <mkdb.Checkpoint> ----------------- end -----------------
2026-07-05 11:34:48.373 INFO  <mkdb.Checkpoint> ---------------- begin ----------------
2026-07-05 11:34:48.373 INFO  <mkdb.Checkpoint> marshalN=1/0
2026-07-05 11:34:48.373 INFO  <mkdb.Checkpoint> snapshot=0 marshal0=0
2026-07-05 11:34:48.373 INFO  <mkdb.Checkpoint> flush=0
2026-07-05 11:34:48.373 INFO  <mkdb.Checkpoint> ----------------- end -----------------
2026-07-05 11:35:48.424 INFO  <mkdb.Checkpoint> ---------------- begin ----------------
2026-07-05 11:35:48.424 INFO  <mkdb.Checkpoint> marshalN=1/0
2026-07-05 11:35:48.424 INFO  <mkdb.Checkpoint> snapshot=0 marshal0=0
2026-07-05 11:35:48.424 INFO  <mkdb.Checkpoint> flush=0
2026-07-05 11:35:48.424 INFO  <mkdb.Checkpoint> ----------------- end -----------------
2026-07-05 11:36:48.475 INFO  <mkdb.Checkpoint> ---------------- begin ----------------
2026-07-05 11:36:48.475 INFO  <mkdb.Checkpoint> marshalN=1/0
2026-07-05 11:36:48.475 INFO  <mkdb.Checkpoint> snapshot=0 marshal0=0
2026-07-05 11:36:48.475 INFO  <mkdb.Checkpoint> flush=0
2026-07-05 11:36:48.475 INFO  <mkdb.Checkpoint> ----------------- end -----------------
2026-07-05 11:37:48.528 INFO  <mkdb.Checkpoint> ---------------- begin ----------------
2026-07-05 11:37:48.528 INFO  <mkdb.Checkpoint> marshalN=1/0
2026-07-05 11:37:48.528 INFO  <mkdb.Checkpoint> snapshot=0 marshal0=0
2026-07-05 11:37:48.529 INFO  <mkdb.Checkpoint> flush=0
2026-07-05 11:37:48.529 INFO  <mkdb.Checkpoint> ----------------- end -----------------
2026-07-05 11:38:48.581 INFO  <mkdb.Checkpoint> ---------------- begin ----------------
2026-07-05 11:38:48.581 INFO  <mkdb.Checkpoint> marshalN=1/0
2026-07-05 11:38:48.581 INFO  <mkdb.Checkpoint> snapshot=0 marshal0=0
2026-07-05 11:38:48.581 INFO  <mkdb.Checkpoint> flush=0
2026-07-05 11:38:48.581 INFO  <mkdb.Checkpoint> ----------------- end -----------------
2026-07-05 11:39:48.634 INFO  <mkdb.Checkpoint> ---------------- begin ----------------
2026-07-05 11:39:48.634 INFO  <mkdb.Checkpoint> marshalN=1/0
2026-07-05 11:39:48.634 INFO  <mkdb.Checkpoint> snapshot=0 marshal0=0
2026-07-05 11:39:48.634 INFO  <mkdb.Checkpoint> flush=0
2026-07-05 11:39:48.634 INFO  <mkdb.Checkpoint> ----------------- end -----------------
2026-07-05 11:40:48.685 INFO  <mkdb.Checkpoint> ---------------- begin ----------------
2026-07-05 11:40:48.685 INFO  <mkdb.Checkpoint> marshalN=1/0
2026-07-05 11:40:48.686 INFO  <mkdb.Checkpoint> snapshot=0 marshal0=0
2026-07-05 11:40:48.686 INFO  <mkdb.Checkpoint> flush=0
2026-07-05 11:40:48.686 INFO  <mkdb.Checkpoint> ----------------- end -----------------
2026-07-05 11:41:48.738 INFO  <mkdb.Checkpoint> ---------------- begin ----------------
2026-07-05 11:41:48.738 INFO  <mkdb.Checkpoint> marshalN=1/0
2026-07-05 11:41:48.739 INFO  <mkdb.Checkpoint> snapshot=0 marshal0=0
2026-07-05 11:41:48.739 INFO  <mkdb.Checkpoint> flush=0
2026-07-05 11:41:48.739 INFO  <mkdb.Checkpoint> ----------------- end -----------------
2026-07-05 11:42:48.793 INFO  <mkdb.Checkpoint> ---------------- begin ----------------
2026-07-05 11:42:48.793 INFO  <mkdb.Checkpoint> marshalN=1/0
2026-07-05 11:42:48.793 INFO  <mkdb.Checkpoint> snapshot=0 marshal0=0
2026-07-05 11:42:48.793 INFO  <mkdb.Checkpoint> flush=0
2026-07-05 11:42:48.793 INFO  <mkdb.Checkpoint> ----------------- end -----------------
2026-07-05 11:43:48.849 INFO  <mkdb.Checkpoint> ---------------- begin ----------------
2026-07-05 11:43:48.850 INFO  <mkdb.Checkpoint> marshalN=1/0
2026-07-05 11:43:48.850 INFO  <mkdb.Checkpoint> snapshot=0 marshal0=0
2026-07-05 11:43:48.850 INFO  <mkdb.Checkpoint> flush=0
2026-07-05 11:43:48.850 INFO  <mkdb.Checkpoint> ----------------- end -----------------
2026-07-05 11:44:48.910 INFO  <mkdb.Checkpoint> ---------------- begin ----------------
2026-07-05 11:44:48.911 INFO  <mkdb.Checkpoint> marshalN=1/0
2026-07-05 11:44:48.911 INFO  <mkdb.Checkpoint> snapshot=0 marshal0=0
2026-07-05 11:44:48.911 INFO  <mkdb.Checkpoint> flush=0
2026-07-05 11:44:48.911 INFO  <mkdb.Checkpoint> ----------------- end -----------------
2026-07-05 11:45:48.975 INFO  <mkdb.Checkpoint> ---------------- begin ----------------
2026-07-05 11:45:48.975 INFO  <mkdb.Checkpoint> marshalN=1/0
2026-07-05 11:45:48.975 INFO  <mkdb.Checkpoint> snapshot=0 marshal0=0
2026-07-05 11:45:48.975 INFO  <mkdb.Checkpoint> flush=0
2026-07-05 11:45:48.976 INFO  <mkdb.Checkpoint> ----------------- end -----------------
2026-07-05 11:46:49.040 INFO  <mkdb.Checkpoint> ---------------- begin ----------------
2026-07-05 11:46:49.040 INFO  <mkdb.Checkpoint> marshalN=1/0
2026-07-05 11:46:49.040 INFO  <mkdb.Checkpoint> snapshot=0 marshal0=0
2026-07-05 11:46:49.040 INFO  <mkdb.Checkpoint> flush=0
2026-07-05 11:46:49.040 INFO  <mkdb.Checkpoint> ----------------- end -----------------
2026-07-05 11:47:49.107 INFO  <mkdb.Checkpoint> ---------------- begin ----------------
2026-07-05 11:47:49.107 INFO  <mkdb.Checkpoint> marshalN=1/0
2026-07-05 11:47:49.107 INFO  <mkdb.Checkpoint> snapshot=0 marshal0=0
2026-07-05 11:47:49.107 INFO  <mkdb.Checkpoint> flush=0
2026-07-05 11:47:49.107 INFO  <mkdb.Checkpoint> ----------------- end -----------------
2026-07-05 11:48:49.174 INFO  <mkdb.Checkpoint> ---------------- begin ----------------
2026-07-05 11:48:49.174 INFO  <mkdb.Checkpoint> marshalN=1/0
2026-07-05 11:48:49.174 INFO  <mkdb.Checkpoint> snapshot=0 marshal0=0
2026-07-05 11:48:49.174 INFO  <mkdb.Checkpoint> flush=0
2026-07-05 11:48:49.174 INFO  <mkdb.Checkpoint> ----------------- end -----------------
2026-07-05 11:49:49.239 INFO  <mkdb.Checkpoint> ---------------- begin ----------------
2026-07-05 11:49:49.239 INFO  <mkdb.Checkpoint> marshalN=1/0
2026-07-05 11:49:49.239 INFO  <mkdb.Checkpoint> snapshot=0 marshal0=0
2026-07-05 11:49:49.239 INFO  <mkdb.Checkpoint> flush=0
2026-07-05 11:49:49.239 INFO  <mkdb.Checkpoint> ----------------- end -----------------
2026-07-05 11:50:49.304 INFO  <mkdb.Checkpoint> ---------------- begin ----------------
2026-07-05 11:50:49.304 INFO  <mkdb.Checkpoint> marshalN=1/0
2026-07-05 11:50:49.304 INFO  <mkdb.Checkpoint> snapshot=0 marshal0=0
2026-07-05 11:50:49.304 INFO  <mkdb.Checkpoint> flush=0
2026-07-05 11:50:49.304 INFO  <mkdb.Checkpoint> ----------------- end -----------------
2026-07-05 11:51:49.359 INFO  <mkdb.Checkpoint> ---------------- begin ----------------
2026-07-05 11:51:49.359 INFO  <mkdb.Checkpoint> marshalN=1/0
2026-07-05 11:51:49.359 INFO  <mkdb.Checkpoint> snapshot=0 marshal0=0
2026-07-05 11:51:49.359 INFO  <mkdb.Checkpoint> flush=0
2026-07-05 11:51:49.359 INFO  <mkdb.Checkpoint> ----------------- end -----------------
2026-07-05 11:52:49.412 INFO  <mkdb.Checkpoint> ---------------- begin ----------------
2026-07-05 11:52:49.412 INFO  <mkdb.Checkpoint> marshalN=1/0
2026-07-05 11:52:49.412 INFO  <mkdb.Checkpoint> snapshot=0 marshal0=0
2026-07-05 11:52:49.412 INFO  <mkdb.Checkpoint> flush=0
2026-07-05 11:52:49.412 INFO  <mkdb.Checkpoint> ----------------- end -----------------
2026-07-05 11:53:49.466 INFO  <mkdb.Checkpoint> ---------------- begin ----------------
2026-07-05 11:53:49.466 INFO  <mkdb.Checkpoint> marshalN=1/0
2026-07-05 11:53:49.466 INFO  <mkdb.Checkpoint> snapshot=0 marshal0=0
2026-07-05 11:53:49.467 INFO  <mkdb.Checkpoint> flush=0
2026-07-05 11:53:49.467 INFO  <mkdb.Checkpoint> ----------------- end -----------------
2026-07-05 11:54:49.518 INFO  <mkdb.Checkpoint> ---------------- begin ----------------
2026-07-05 11:54:49.518 INFO  <mkdb.Checkpoint> marshalN=1/0
2026-07-05 11:54:49.518 INFO  <mkdb.Checkpoint> snapshot=0 marshal0=0
2026-07-05 11:54:49.519 INFO  <mkdb.Checkpoint> flush=0
2026-07-05 11:54:49.519 INFO  <mkdb.Checkpoint> ----------------- end -----------------
2026-07-05 11:55:40.499 INFO  <mkdb.Worker.procedure.23> com.locojoy.ns.Exist(activeuser:1:1) result=5
2026-07-05 11:55:49.572 INFO  <mkdb.Checkpoint> ---------------- begin ----------------
2026-07-05 11:55:49.572 INFO  <mkdb.Checkpoint> marshalN=1/0
2026-07-05 11:55:49.572 INFO  <mkdb.Checkpoint> snapshot=0 marshal0=0
2026-07-05 11:55:49.573 INFO  <mkdb.Checkpoint> flush=0
2026-07-05 11:55:49.573 INFO  <mkdb.Checkpoint> ----------------- end -----------------
2026-07-05 11:56:49.628 INFO  <mkdb.Checkpoint> ---------------- begin ----------------
2026-07-05 11:56:49.628 INFO  <mkdb.Checkpoint> marshalN=1/0
2026-07-05 11:56:49.628 INFO  <mkdb.Checkpoint> snapshot=0 marshal0=0
2026-07-05 11:56:49.629 INFO  <mkdb.Checkpoint> flush=0
2026-07-05 11:56:49.629 INFO  <mkdb.Checkpoint> ----------------- end -----------------
2026-07-05 11:57:49.680 INFO  <mkdb.Checkpoint> ---------------- begin ----------------
2026-07-05 11:57:49.680 INFO  <mkdb.Checkpoint> marshalN=1/0
2026-07-05 11:57:49.680 INFO  <mkdb.Checkpoint> snapshot=0 marshal0=0
2026-07-05 11:57:49.680 INFO  <mkdb.Checkpoint> flush=0
2026-07-05 11:57:49.680 INFO  <mkdb.Checkpoint> ----------------- end -----------------
2026-07-05 11:58:49.732 INFO  <mkdb.Checkpoint> ---------------- begin ----------------
2026-07-05 11:58:49.732 INFO  <mkdb.Checkpoint> marshalN=1/0
2026-07-05 11:58:49.732 INFO  <mkdb.Checkpoint> snapshot=0 marshal0=0
2026-07-05 11:58:49.732 INFO  <mkdb.Checkpoint> flush=0
2026-07-05 11:58:49.732 INFO  <mkdb.Checkpoint> ----------------- end -----------------
2026-07-05 11:59:49.784 INFO  <mkdb.Checkpoint> ---------------- begin ----------------
2026-07-05 11:59:49.784 INFO  <mkdb.Checkpoint> marshalN=1/0
2026-07-05 11:59:49.784 INFO  <mkdb.Checkpoint> snapshot=0 marshal0=0
2026-07-05 11:59:49.784 INFO  <mkdb.Checkpoint> flush=0
2026-07-05 11:59:49.784 INFO  <mkdb.Checkpoint> ----------------- end -----------------
2026-07-05 12:00:49.843 INFO  <mkdb.Checkpoint> ---------------- begin ----------------
2026-07-05 12:00:49.843 INFO  <mkdb.Checkpoint> marshalN=1/0
2026-07-05 12:00:49.843 INFO  <mkdb.Checkpoint> snapshot=0 marshal0=0
2026-07-05 12:00:49.843 INFO  <mkdb.Checkpoint> flush=0
2026-07-05 12:00:49.843 INFO  <mkdb.Checkpoint> ----------------- end -----------------
2026-07-05 12:01:49.902 INFO  <mkdb.Checkpoint> ---------------- begin ----------------
2026-07-05 12:01:49.902 INFO  <mkdb.Checkpoint> marshalN=1/0
2026-07-05 12:01:49.902 INFO  <mkdb.Checkpoint> snapshot=0 marshal0=0
2026-07-05 12:01:49.902 INFO  <mkdb.Checkpoint> flush=0
2026-07-05 12:01:49.902 INFO  <mkdb.Checkpoint> ----------------- end -----------------
2026-07-05 12:02:49.962 INFO  <mkdb.Checkpoint> ---------------- begin ----------------
2026-07-05 12:02:49.962 INFO  <mkdb.Checkpoint> marshalN=1/0
2026-07-05 12:02:49.962 INFO  <mkdb.Checkpoint> snapshot=0 marshal0=0
2026-07-05 12:02:49.962 INFO  <mkdb.Checkpoint> flush=0
2026-07-05 12:02:49.962 INFO  <mkdb.Checkpoint> ----------------- end -----------------
2026-07-05 12:03:50.022 INFO  <mkdb.Checkpoint> ---------------- begin ----------------
2026-07-05 12:03:50.022 INFO  <mkdb.Checkpoint> marshalN=1/0
2026-07-05 12:03:50.022 INFO  <mkdb.Checkpoint> snapshot=0 marshal0=0
2026-07-05 12:03:50.022 INFO  <mkdb.Checkpoint> flush=0
2026-07-05 12:03:50.022 INFO  <mkdb.Checkpoint> ----------------- end -----------------
2026-07-05 12:04:50.082 INFO  <mkdb.Checkpoint> ---------------- begin ----------------
2026-07-05 12:04:50.082 INFO  <mkdb.Checkpoint> marshalN=1/0
2026-07-05 12:04:50.082 INFO  <mkdb.Checkpoint> snapshot=0 marshal0=0
2026-07-05 12:04:50.083 INFO  <mkdb.Checkpoint> flush=0
2026-07-05 12:04:50.083 INFO  <mkdb.Checkpoint> ----------------- end -----------------
2026-07-05 12:05:50.144 INFO  <mkdb.Checkpoint> ---------------- begin ----------------
2026-07-05 12:05:50.144 INFO  <mkdb.Checkpoint> marshalN=1/0
2026-07-05 12:05:50.144 INFO  <mkdb.Checkpoint> snapshot=0 marshal0=0
2026-07-05 12:05:50.144 INFO  <mkdb.Checkpoint> flush=0
2026-07-05 12:05:50.144 INFO  <mkdb.Checkpoint> ----------------- end -----------------
2026-07-05 12:06:50.204 INFO  <mkdb.Checkpoint> ---------------- begin ----------------
2026-07-05 12:06:50.204 INFO  <mkdb.Checkpoint> marshalN=1/0
2026-07-05 12:06:50.204 INFO  <mkdb.Checkpoint> snapshot=0 marshal0=0
2026-07-05 12:06:50.204 INFO  <mkdb.Checkpoint> flush=0
2026-07-05 12:06:50.204 INFO  <mkdb.Checkpoint> ----------------- end -----------------
2026-07-05 12:07:50.261 INFO  <mkdb.Checkpoint> ---------------- begin ----------------
2026-07-05 12:07:50.262 INFO  <mkdb.Checkpoint> marshalN=1/0
2026-07-05 12:07:50.262 INFO  <mkdb.Checkpoint> snapshot=0 marshal0=0
2026-07-05 12:07:50.262 INFO  <mkdb.Checkpoint> flush=0
2026-07-05 12:07:50.262 INFO  <mkdb.Checkpoint> ----------------- end -----------------
2026-07-05 12:08:50.316 INFO  <mkdb.Checkpoint> ---------------- begin ----------------
2026-07-05 12:08:50.316 INFO  <mkdb.Checkpoint> marshalN=1/0
2026-07-05 12:08:50.316 INFO  <mkdb.Checkpoint> snapshot=0 marshal0=0
2026-07-05 12:08:50.316 INFO  <mkdb.Checkpoint> flush=0
2026-07-05 12:08:50.316 INFO  <mkdb.Checkpoint> ----------------- end -----------------
2026-07-05 12:09:50.373 INFO  <mkdb.Checkpoint> ---------------- begin ----------------
2026-07-05 12:09:50.373 INFO  <mkdb.Checkpoint> marshalN=1/0
2026-07-05 12:09:50.373 INFO  <mkdb.Checkpoint> snapshot=0 marshal0=0
2026-07-05 12:09:50.373 INFO  <mkdb.Checkpoint> flush=0
2026-07-05 12:09:50.373 INFO  <mkdb.Checkpoint> ----------------- end -----------------
2026-07-05 12:10:50.434 INFO  <mkdb.Checkpoint> ---------------- begin ----------------
2026-07-05 12:10:50.434 INFO  <mkdb.Checkpoint> marshalN=1/0
2026-07-05 12:10:50.434 INFO  <mkdb.Checkpoint> snapshot=0 marshal0=0
2026-07-05 12:10:50.434 INFO  <mkdb.Checkpoint> flush=0
2026-07-05 12:10:50.434 INFO  <mkdb.Checkpoint> ----------------- end -----------------
2026-07-05 12:11:50.490 INFO  <mkdb.Checkpoint> ---------------- begin ----------------
2026-07-05 12:11:50.490 INFO  <mkdb.Checkpoint> marshalN=1/0
2026-07-05 12:11:50.490 INFO  <mkdb.Checkpoint> snapshot=0 marshal0=0
2026-07-05 12:11:50.490 INFO  <mkdb.Checkpoint> flush=0
2026-07-05 12:11:50.490 INFO  <mkdb.Checkpoint> ----------------- end -----------------
2026-07-05 12:12:50.543 INFO  <mkdb.Checkpoint> ---------------- begin ----------------
2026-07-05 12:12:50.543 INFO  <mkdb.Checkpoint> marshalN=1/0
2026-07-05 12:12:50.543 INFO  <mkdb.Checkpoint> snapshot=0 marshal0=0
2026-07-05 12:12:50.543 INFO  <mkdb.Checkpoint> flush=0
2026-07-05 12:12:50.543 INFO  <mkdb.Checkpoint> ----------------- end -----------------
2026-07-05 12:13:50.600 INFO  <mkdb.Checkpoint> ---------------- begin ----------------
2026-07-05 12:13:50.600 INFO  <mkdb.Checkpoint> marshalN=1/0
2026-07-05 12:13:50.600 INFO  <mkdb.Checkpoint> snapshot=0 marshal0=0
2026-07-05 12:13:50.600 INFO  <mkdb.Checkpoint> flush=0
2026-07-05 12:13:50.600 INFO  <mkdb.Checkpoint> ----------------- end -----------------
2026-07-05 12:14:50.657 INFO  <mkdb.Checkpoint> ---------------- begin ----------------
2026-07-05 12:14:50.657 INFO  <mkdb.Checkpoint> marshalN=1/0
2026-07-05 12:14:50.657 INFO  <mkdb.Checkpoint> snapshot=0 marshal0=0
2026-07-05 12:14:50.657 INFO  <mkdb.Checkpoint> flush=0
2026-07-05 12:14:50.657 INFO  <mkdb.Checkpoint> ----------------- end -----------------
2026-07-05 12:15:50.716 INFO  <mkdb.Checkpoint> ---------------- begin ----------------
2026-07-05 12:15:50.716 INFO  <mkdb.Checkpoint> marshalN=1/0
2026-07-05 12:15:50.717 INFO  <mkdb.Checkpoint> snapshot=0 marshal0=0
2026-07-05 12:15:50.717 INFO  <mkdb.Checkpoint> flush=0
2026-07-05 12:15:50.717 INFO  <mkdb.Checkpoint> ----------------- end -----------------
2026-07-05 12:16:50.772 INFO  <mkdb.Checkpoint> ---------------- begin ----------------
2026-07-05 12:16:50.772 INFO  <mkdb.Checkpoint> marshalN=1/0
2026-07-05 12:16:50.772 INFO  <mkdb.Checkpoint> snapshot=0 marshal0=0
2026-07-05 12:16:50.772 INFO  <mkdb.Checkpoint> flush=0
2026-07-05 12:16:50.772 INFO  <mkdb.Checkpoint> ----------------- end -----------------
2026-07-05 12:17:50.828 INFO  <mkdb.Checkpoint> ---------------- begin ----------------
2026-07-05 12:17:50.829 INFO  <mkdb.Checkpoint> marshalN=1/0
2026-07-05 12:17:50.829 INFO  <mkdb.Checkpoint> snapshot=0 marshal0=0
2026-07-05 12:17:50.829 INFO  <mkdb.Checkpoint> flush=0
2026-07-05 12:17:50.829 INFO  <mkdb.Checkpoint> ----------------- end -----------------
2026-07-05 12:18:50.880 INFO  <mkdb.Checkpoint> ---------------- begin ----------------
2026-07-05 12:18:50.880 INFO  <mkdb.Checkpoint> marshalN=1/0
2026-07-05 12:18:50.881 INFO  <mkdb.Checkpoint> snapshot=0 marshal0=0
2026-07-05 12:18:50.881 INFO  <mkdb.Checkpoint> flush=0
2026-07-05 12:18:50.881 INFO  <mkdb.Checkpoint> ----------------- end -----------------
2026-07-05 12:19:50.934 INFO  <mkdb.Checkpoint> ---------------- begin ----------------
2026-07-05 12:19:50.934 INFO  <mkdb.Checkpoint> marshalN=1/0
2026-07-05 12:19:50.934 INFO  <mkdb.Checkpoint> snapshot=0 marshal0=0
2026-07-05 12:19:50.934 INFO  <mkdb.Checkpoint> flush=0
2026-07-05 12:19:50.934 INFO  <mkdb.Checkpoint> ----------------- end -----------------
2026-07-05 12:20:25.062 WARN  <mkdb.Backup> backup FULL begin
2026-07-05 12:20:25.063 WARN  <mkdb.Backup> backup FULL end
2026-07-05 12:20:50.985 INFO  <mkdb.Checkpoint> ---------------- begin ----------------
2026-07-05 12:20:50.985 INFO  <mkdb.Checkpoint> marshalN=1/0
2026-07-05 12:20:50.986 INFO  <mkdb.Checkpoint> snapshot=0 marshal0=0
2026-07-05 12:20:50.986 INFO  <mkdb.Checkpoint> flush=0
2026-07-05 12:20:50.986 INFO  <mkdb.Checkpoint> ----------------- end -----------------
2026-07-05 12:21:51.040 INFO  <mkdb.Checkpoint> ---------------- begin ----------------
2026-07-05 12:21:51.040 INFO  <mkdb.Checkpoint> marshalN=1/0
2026-07-05 12:21:51.040 INFO  <mkdb.Checkpoint> snapshot=0 marshal0=0
2026-07-05 12:21:51.040 INFO  <mkdb.Checkpoint> flush=0
2026-07-05 12:21:51.040 INFO  <mkdb.Checkpoint> ----------------- end -----------------
2026-07-05 12:22:51.093 INFO  <mkdb.Checkpoint> ---------------- begin ----------------
2026-07-05 12:22:51.093 INFO  <mkdb.Checkpoint> marshalN=1/0
2026-07-05 12:22:51.094 INFO  <mkdb.Checkpoint> snapshot=0 marshal0=0
2026-07-05 12:22:51.094 INFO  <mkdb.Checkpoint> flush=0
2026-07-05 12:22:51.094 INFO  <mkdb.Checkpoint> ----------------- end -----------------
2026-07-05 12:23:51.149 INFO  <mkdb.Checkpoint> ---------------- begin ----------------
2026-07-05 12:23:51.149 INFO  <mkdb.Checkpoint> marshalN=1/0
2026-07-05 12:23:51.149 INFO  <mkdb.Checkpoint> snapshot=0 marshal0=0
2026-07-05 12:23:51.149 INFO  <mkdb.Checkpoint> flush=0
2026-07-05 12:23:51.149 INFO  <mkdb.Checkpoint> ----------------- end -----------------
2026-07-05 12:24:51.203 INFO  <mkdb.Checkpoint> ---------------- begin ----------------
2026-07-05 12:24:51.203 INFO  <mkdb.Checkpoint> marshalN=1/0
2026-07-05 12:24:51.203 INFO  <mkdb.Checkpoint> snapshot=0 marshal0=0
2026-07-05 12:24:51.204 INFO  <mkdb.Checkpoint> flush=0
2026-07-05 12:24:51.204 INFO  <mkdb.Checkpoint> ----------------- end -----------------
2026-07-05 12:25:51.257 INFO  <mkdb.Checkpoint> ---------------- begin ----------------
2026-07-05 12:25:51.257 INFO  <mkdb.Checkpoint> marshalN=1/0
2026-07-05 12:25:51.257 INFO  <mkdb.Checkpoint> snapshot=0 marshal0=0
2026-07-05 12:25:51.257 INFO  <mkdb.Checkpoint> flush=0
2026-07-05 12:25:51.257 INFO  <mkdb.Checkpoint> ----------------- end -----------------
2026-07-05 12:26:51.311 INFO  <mkdb.Checkpoint> ---------------- begin ----------------
2026-07-05 12:26:51.311 INFO  <mkdb.Checkpoint> marshalN=1/0
2026-07-05 12:26:51.311 INFO  <mkdb.Checkpoint> snapshot=0 marshal0=0
2026-07-05 12:26:51.311 INFO  <mkdb.Checkpoint> flush=0
2026-07-05 12:26:51.311 INFO  <mkdb.Checkpoint> ----------------- end -----------------
2026-07-05 12:27:51.361 INFO  <mkdb.Checkpoint> ---------------- begin ----------------
2026-07-05 12:27:51.361 INFO  <mkdb.Checkpoint> marshalN=1/0
2026-07-05 12:27:51.362 INFO  <mkdb.Checkpoint> snapshot=0 marshal0=0
2026-07-05 12:27:51.362 INFO  <mkdb.Checkpoint> flush=0
2026-07-05 12:27:51.362 INFO  <mkdb.Checkpoint> ----------------- end -----------------
2026-07-05 12:28:51.421 INFO  <mkdb.Checkpoint> ---------------- begin ----------------
2026-07-05 12:28:51.421 INFO  <mkdb.Checkpoint> marshalN=1/0
2026-07-05 12:28:51.421 INFO  <mkdb.Checkpoint> snapshot=0 marshal0=0
2026-07-05 12:28:51.421 INFO  <mkdb.Checkpoint> flush=0
2026-07-05 12:28:51.421 INFO  <mkdb.Checkpoint> ----------------- end -----------------
2026-07-05 12:29:51.476 INFO  <mkdb.Checkpoint> ---------------- begin ----------------
2026-07-05 12:29:51.476 INFO  <mkdb.Checkpoint> marshalN=1/0
2026-07-05 12:29:51.476 INFO  <mkdb.Checkpoint> snapshot=0 marshal0=0
2026-07-05 12:29:51.476 INFO  <mkdb.Checkpoint> flush=0
2026-07-05 12:29:51.476 INFO  <mkdb.Checkpoint> ----------------- end -----------------
2026-07-05 12:30:51.533 INFO  <mkdb.Checkpoint> ---------------- begin ----------------
2026-07-05 12:30:51.533 INFO  <mkdb.Checkpoint> marshalN=1/0
2026-07-05 12:30:51.533 INFO  <mkdb.Checkpoint> snapshot=0 marshal0=0
2026-07-05 12:30:51.533 INFO  <mkdb.Checkpoint> flush=0
2026-07-05 12:30:51.533 INFO  <mkdb.Checkpoint> ----------------- end -----------------
2026-07-05 12:31:51.590 INFO  <mkdb.Checkpoint> ---------------- begin ----------------
2026-07-05 12:31:51.590 INFO  <mkdb.Checkpoint> marshalN=1/0
2026-07-05 12:31:51.590 INFO  <mkdb.Checkpoint> snapshot=0 marshal0=0
2026-07-05 12:31:51.590 INFO  <mkdb.Checkpoint> flush=0
2026-07-05 12:31:51.590 INFO  <mkdb.Checkpoint> ----------------- end -----------------
2026-07-05 12:32:51.647 INFO  <mkdb.Checkpoint> ---------------- begin ----------------
2026-07-05 12:32:51.647 INFO  <mkdb.Checkpoint> marshalN=1/0
2026-07-05 12:32:51.648 INFO  <mkdb.Checkpoint> snapshot=0 marshal0=0
2026-07-05 12:32:51.648 INFO  <mkdb.Checkpoint> flush=0
2026-07-05 12:32:51.648 INFO  <mkdb.Checkpoint> ----------------- end -----------------
2026-07-05 12:33:51.707 INFO  <mkdb.Checkpoint> ---------------- begin ----------------
2026-07-05 12:33:51.707 INFO  <mkdb.Checkpoint> marshalN=1/0
2026-07-05 12:33:51.707 INFO  <mkdb.Checkpoint> snapshot=0 marshal0=0
2026-07-05 12:33:51.707 INFO  <mkdb.Checkpoint> flush=0
2026-07-05 12:33:51.707 INFO  <mkdb.Checkpoint> ----------------- end -----------------
2026-07-05 12:34:51.767 INFO  <mkdb.Checkpoint> ---------------- begin ----------------
2026-07-05 12:34:51.767 INFO  <mkdb.Checkpoint> marshalN=1/0
2026-07-05 12:34:51.767 INFO  <mkdb.Checkpoint> snapshot=0 marshal0=0
2026-07-05 12:34:51.767 INFO  <mkdb.Checkpoint> flush=0
2026-07-05 12:34:51.767 INFO  <mkdb.Checkpoint> ----------------- end -----------------
2026-07-05 12:35:51.828 INFO  <mkdb.Checkpoint> ---------------- begin ----------------
2026-07-05 12:35:51.828 INFO  <mkdb.Checkpoint> marshalN=1/0
2026-07-05 12:35:51.828 INFO  <mkdb.Checkpoint> snapshot=0 marshal0=0
2026-07-05 12:35:51.828 INFO  <mkdb.Checkpoint> flush=0
2026-07-05 12:35:51.829 INFO  <mkdb.Checkpoint> ----------------- end -----------------
2026-07-05 12:36:51.890 INFO  <mkdb.Checkpoint> ---------------- begin ----------------
2026-07-05 12:36:51.890 INFO  <mkdb.Checkpoint> marshalN=1/0
2026-07-05 12:36:51.890 INFO  <mkdb.Checkpoint> snapshot=0 marshal0=0
2026-07-05 12:36:51.890 INFO  <mkdb.Checkpoint> flush=0
2026-07-05 12:36:51.890 INFO  <mkdb.Checkpoint> ----------------- end -----------------
2026-07-05 12:37:51.946 INFO  <mkdb.Checkpoint> ---------------- begin ----------------
2026-07-05 12:37:51.947 INFO  <mkdb.Checkpoint> marshalN=1/0
2026-07-05 12:37:51.947 INFO  <mkdb.Checkpoint> snapshot=0 marshal0=0
2026-07-05 12:37:51.947 INFO  <mkdb.Checkpoint> flush=0
2026-07-05 12:37:51.947 INFO  <mkdb.Checkpoint> ----------------- end -----------------
2026-07-05 12:38:52.004 INFO  <mkdb.Checkpoint> ---------------- begin ----------------
2026-07-05 12:38:52.004 INFO  <mkdb.Checkpoint> marshalN=1/0
2026-07-05 12:38:52.004 INFO  <mkdb.Checkpoint> snapshot=0 marshal0=0
2026-07-05 12:38:52.004 INFO  <mkdb.Checkpoint> flush=0
2026-07-05 12:38:52.004 INFO  <mkdb.Checkpoint> ----------------- end -----------------
2026-07-05 12:39:52.061 INFO  <mkdb.Checkpoint> ---------------- begin ----------------
2026-07-05 12:39:52.061 INFO  <mkdb.Checkpoint> marshalN=1/0
2026-07-05 12:39:52.062 INFO  <mkdb.Checkpoint> snapshot=0 marshal0=0
2026-07-05 12:39:52.062 INFO  <mkdb.Checkpoint> flush=0
2026-07-05 12:39:52.062 INFO  <mkdb.Checkpoint> ----------------- end -----------------
2026-07-05 12:40:52.120 INFO  <mkdb.Checkpoint> ---------------- begin ----------------
2026-07-05 12:40:52.121 INFO  <mkdb.Checkpoint> marshalN=1/0
2026-07-05 12:40:52.121 INFO  <mkdb.Checkpoint> snapshot=0 marshal0=0
2026-07-05 12:40:52.121 INFO  <mkdb.Checkpoint> flush=0
2026-07-05 12:40:52.121 INFO  <mkdb.Checkpoint> ----------------- end -----------------
2026-07-05 12:41:52.179 INFO  <mkdb.Checkpoint> ---------------- begin ----------------
2026-07-05 12:41:52.179 INFO  <mkdb.Checkpoint> marshalN=1/0
2026-07-05 12:41:52.179 INFO  <mkdb.Checkpoint> snapshot=0 marshal0=0
2026-07-05 12:41:52.179 INFO  <mkdb.Checkpoint> flush=0
2026-07-05 12:41:52.179 INFO  <mkdb.Checkpoint> ----------------- end -----------------
2026-07-05 12:42:52.237 INFO  <mkdb.Checkpoint> ---------------- begin ----------------
2026-07-05 12:42:52.237 INFO  <mkdb.Checkpoint> marshalN=1/0
2026-07-05 12:42:52.237 INFO  <mkdb.Checkpoint> snapshot=0 marshal0=0
2026-07-05 12:42:52.237 INFO  <mkdb.Checkpoint> flush=0
2026-07-05 12:42:52.237 INFO  <mkdb.Checkpoint> ----------------- end -----------------
2026-07-05 12:43:52.294 INFO  <mkdb.Checkpoint> ---------------- begin ----------------
2026-07-05 12:43:52.294 INFO  <mkdb.Checkpoint> marshalN=1/0
2026-07-05 12:43:52.294 INFO  <mkdb.Checkpoint> snapshot=0 marshal0=0
2026-07-05 12:43:52.294 INFO  <mkdb.Checkpoint> flush=0
2026-07-05 12:43:52.294 INFO  <mkdb.Checkpoint> ----------------- end -----------------
2026-07-05 12:44:52.353 INFO  <mkdb.Checkpoint> ---------------- begin ----------------
2026-07-05 12:44:52.353 INFO  <mkdb.Checkpoint> marshalN=1/0
2026-07-05 12:44:52.354 INFO  <mkdb.Checkpoint> snapshot=0 marshal0=0
2026-07-05 12:44:52.354 INFO  <mkdb.Checkpoint> flush=0
2026-07-05 12:44:52.354 INFO  <mkdb.Checkpoint> ----------------- end -----------------
2026-07-05 12:45:52.412 INFO  <mkdb.Checkpoint> ---------------- begin ----------------
2026-07-05 12:45:52.412 INFO  <mkdb.Checkpoint> marshalN=1/0
2026-07-05 12:45:52.412 INFO  <mkdb.Checkpoint> snapshot=0 marshal0=0
2026-07-05 12:45:52.412 INFO  <mkdb.Checkpoint> flush=0
2026-07-05 12:45:52.412 INFO  <mkdb.Checkpoint> ----------------- end -----------------
2026-07-05 12:46:52.470 INFO  <mkdb.Checkpoint> ---------------- begin ----------------
2026-07-05 12:46:52.470 INFO  <mkdb.Checkpoint> marshalN=1/0
2026-07-05 12:46:52.470 INFO  <mkdb.Checkpoint> snapshot=0 marshal0=0
2026-07-05 12:46:52.470 INFO  <mkdb.Checkpoint> flush=0
2026-07-05 12:46:52.470 INFO  <mkdb.Checkpoint> ----------------- end -----------------
2026-07-05 12:47:52.521 INFO  <mkdb.Checkpoint> ---------------- begin ----------------
2026-07-05 12:47:52.521 INFO  <mkdb.Checkpoint> marshalN=1/0
2026-07-05 12:47:52.521 INFO  <mkdb.Checkpoint> snapshot=0 marshal0=0
2026-07-05 12:47:52.521 INFO  <mkdb.Checkpoint> flush=0
2026-07-05 12:47:52.521 INFO  <mkdb.Checkpoint> ----------------- end -----------------
2026-07-05 12:48:52.574 INFO  <mkdb.Checkpoint> ---------------- begin ----------------
2026-07-05 12:48:52.574 INFO  <mkdb.Checkpoint> marshalN=1/0
2026-07-05 12:48:52.574 INFO  <mkdb.Checkpoint> snapshot=0 marshal0=0
2026-07-05 12:48:52.574 INFO  <mkdb.Checkpoint> flush=0
2026-07-05 12:48:52.574 INFO  <mkdb.Checkpoint> ----------------- end -----------------
2026-07-05 12:49:52.627 INFO  <mkdb.Checkpoint> ---------------- begin ----------------
2026-07-05 12:49:52.627 INFO  <mkdb.Checkpoint> marshalN=1/0
2026-07-05 12:49:52.627 INFO  <mkdb.Checkpoint> snapshot=0 marshal0=0
2026-07-05 12:49:52.627 INFO  <mkdb.Checkpoint> flush=0
2026-07-05 12:49:52.627 INFO  <mkdb.Checkpoint> ----------------- end -----------------
2026-07-05 12:50:52.680 INFO  <mkdb.Checkpoint> ---------------- begin ----------------
2026-07-05 12:50:52.680 INFO  <mkdb.Checkpoint> marshalN=1/0
2026-07-05 12:50:52.680 INFO  <mkdb.Checkpoint> snapshot=0 marshal0=0
2026-07-05 12:50:52.680 INFO  <mkdb.Checkpoint> flush=0
2026-07-05 12:50:52.680 INFO  <mkdb.Checkpoint> ----------------- end -----------------
2026-07-05 12:51:52.735 INFO  <mkdb.Checkpoint> ---------------- begin ----------------
2026-07-05 12:51:52.735 INFO  <mkdb.Checkpoint> marshalN=1/0
2026-07-05 12:51:52.735 INFO  <mkdb.Checkpoint> snapshot=0 marshal0=0
2026-07-05 12:51:52.735 INFO  <mkdb.Checkpoint> flush=0
2026-07-05 12:51:52.735 INFO  <mkdb.Checkpoint> ----------------- end -----------------
2026-07-05 12:52:52.788 INFO  <mkdb.Checkpoint> ---------------- begin ----------------
2026-07-05 12:52:52.788 INFO  <mkdb.Checkpoint> marshalN=1/0
2026-07-05 12:52:52.788 INFO  <mkdb.Checkpoint> snapshot=0 marshal0=0
2026-07-05 12:52:52.788 INFO  <mkdb.Checkpoint> flush=0
2026-07-05 12:52:52.788 INFO  <mkdb.Checkpoint> ----------------- end -----------------
2026-07-05 12:53:52.842 INFO  <mkdb.Checkpoint> ---------------- begin ----------------
2026-07-05 12:53:52.842 INFO  <mkdb.Checkpoint> marshalN=1/0
2026-07-05 12:53:52.842 INFO  <mkdb.Checkpoint> snapshot=0 marshal0=0
2026-07-05 12:53:52.842 INFO  <mkdb.Checkpoint> flush=0
2026-07-05 12:53:52.842 INFO  <mkdb.Checkpoint> ----------------- end -----------------
2026-07-05 12:54:52.896 INFO  <mkdb.Checkpoint> ---------------- begin ----------------
2026-07-05 12:54:52.896 INFO  <mkdb.Checkpoint> marshalN=1/0
2026-07-05 12:54:52.897 INFO  <mkdb.Checkpoint> snapshot=0 marshal0=0
2026-07-05 12:54:52.897 INFO  <mkdb.Checkpoint> flush=0
2026-07-05 12:54:52.897 INFO  <mkdb.Checkpoint> ----------------- end -----------------
2026-07-05 12:55:52.949 INFO  <mkdb.Checkpoint> ---------------- begin ----------------
2026-07-05 12:55:52.949 INFO  <mkdb.Checkpoint> marshalN=1/0
2026-07-05 12:55:52.949 INFO  <mkdb.Checkpoint> snapshot=0 marshal0=0
2026-07-05 12:55:52.949 INFO  <mkdb.Checkpoint> flush=0
2026-07-05 12:55:52.949 INFO  <mkdb.Checkpoint> ----------------- end -----------------
2026-07-05 12:56:53.004 INFO  <mkdb.Checkpoint> ---------------- begin ----------------
2026-07-05 12:56:53.004 INFO  <mkdb.Checkpoint> marshalN=1/0
2026-07-05 12:56:53.005 INFO  <mkdb.Checkpoint> snapshot=0 marshal0=0
2026-07-05 12:56:53.005 INFO  <mkdb.Checkpoint> flush=0
2026-07-05 12:56:53.005 INFO  <mkdb.Checkpoint> ----------------- end -----------------
2026-07-05 12:57:53.057 INFO  <mkdb.Checkpoint> ---------------- begin ----------------
2026-07-05 12:57:53.057 INFO  <mkdb.Checkpoint> marshalN=1/0
2026-07-05 12:57:53.058 INFO  <mkdb.Checkpoint> snapshot=0 marshal0=0
2026-07-05 12:57:53.058 INFO  <mkdb.Checkpoint> flush=0
2026-07-05 12:57:53.058 INFO  <mkdb.Checkpoint> ----------------- end -----------------
2026-07-05 12:58:53.109 INFO  <mkdb.Checkpoint> ---------------- begin ----------------
2026-07-05 12:58:53.109 INFO  <mkdb.Checkpoint> marshalN=1/0
2026-07-05 12:58:53.109 INFO  <mkdb.Checkpoint> snapshot=0 marshal0=0
2026-07-05 12:58:53.109 INFO  <mkdb.Checkpoint> flush=0
2026-07-05 12:58:53.109 INFO  <mkdb.Checkpoint> ----------------- end -----------------
2026-07-05 12:59:53.163 INFO  <mkdb.Checkpoint> ---------------- begin ----------------
2026-07-05 12:59:53.163 INFO  <mkdb.Checkpoint> marshalN=1/0
2026-07-05 12:59:53.163 INFO  <mkdb.Checkpoint> snapshot=0 marshal0=0
2026-07-05 12:59:53.163 INFO  <mkdb.Checkpoint> flush=0
2026-07-05 12:59:53.163 INFO  <mkdb.Checkpoint> ----------------- end -----------------
2026-07-05 13:00:53.217 INFO  <mkdb.Checkpoint> ---------------- begin ----------------
2026-07-05 13:00:53.218 INFO  <mkdb.Checkpoint> marshalN=1/0
2026-07-05 13:00:53.218 INFO  <mkdb.Checkpoint> snapshot=0 marshal0=0
2026-07-05 13:00:53.218 INFO  <mkdb.Checkpoint> flush=0
2026-07-05 13:00:53.218 INFO  <mkdb.Checkpoint> ----------------- end -----------------
2026-07-05 13:01:53.271 INFO  <mkdb.Checkpoint> ---------------- begin ----------------
2026-07-05 13:01:53.271 INFO  <mkdb.Checkpoint> marshalN=1/0
2026-07-05 13:01:53.271 INFO  <mkdb.Checkpoint> snapshot=0 marshal0=0
2026-07-05 13:01:53.271 INFO  <mkdb.Checkpoint> flush=0
2026-07-05 13:01:53.272 INFO  <mkdb.Checkpoint> ----------------- end -----------------
2026-07-05 13:02:53.326 INFO  <mkdb.Checkpoint> ---------------- begin ----------------
2026-07-05 13:02:53.326 INFO  <mkdb.Checkpoint> marshalN=1/0
2026-07-05 13:02:53.326 INFO  <mkdb.Checkpoint> snapshot=0 marshal0=0
2026-07-05 13:02:53.326 INFO  <mkdb.Checkpoint> flush=0
2026-07-05 13:02:53.326 INFO  <mkdb.Checkpoint> ----------------- end -----------------
2026-07-05 13:03:53.381 INFO  <mkdb.Checkpoint> ---------------- begin ----------------
2026-07-05 13:03:53.381 INFO  <mkdb.Checkpoint> marshalN=1/0
2026-07-05 13:03:53.381 INFO  <mkdb.Checkpoint> snapshot=0 marshal0=0
2026-07-05 13:03:53.381 INFO  <mkdb.Checkpoint> flush=0
2026-07-05 13:03:53.381 INFO  <mkdb.Checkpoint> ----------------- end -----------------
2026-07-05 13:04:53.432 INFO  <mkdb.Checkpoint> ---------------- begin ----------------
2026-07-05 13:04:53.432 INFO  <mkdb.Checkpoint> marshalN=1/0
2026-07-05 13:04:53.432 INFO  <mkdb.Checkpoint> snapshot=0 marshal0=0
2026-07-05 13:04:53.432 INFO  <mkdb.Checkpoint> flush=0
2026-07-05 13:04:53.432 INFO  <mkdb.Checkpoint> ----------------- end -----------------
2026-07-05 13:05:53.086 WARN  <mkdb.Backup> backup FULL begin
2026-07-05 13:05:53.087 WARN  <mkdb.Backup> backup FULL end
2026-07-05 13:05:53.486 INFO  <mkdb.Checkpoint> ---------------- begin ----------------
2026-07-05 13:05:53.486 INFO  <mkdb.Checkpoint> marshalN=1/0
2026-07-05 13:05:53.486 INFO  <mkdb.Checkpoint> snapshot=0 marshal0=0
2026-07-05 13:05:53.486 INFO  <mkdb.Checkpoint> flush=0
2026-07-05 13:05:53.486 INFO  <mkdb.Checkpoint> ----------------- end -----------------
2026-07-05 13:06:53.539 INFO  <mkdb.Checkpoint> ---------------- begin ----------------
2026-07-05 13:06:53.539 INFO  <mkdb.Checkpoint> marshalN=1/0
2026-07-05 13:06:53.539 INFO  <mkdb.Checkpoint> snapshot=0 marshal0=0
2026-07-05 13:06:53.539 INFO  <mkdb.Checkpoint> flush=0
2026-07-05 13:06:53.539 INFO  <mkdb.Checkpoint> ----------------- end -----------------
2026-07-05 13:07:53.592 INFO  <mkdb.Checkpoint> ---------------- begin ----------------
2026-07-05 13:07:53.592 INFO  <mkdb.Checkpoint> marshalN=1/0
2026-07-05 13:07:53.592 INFO  <mkdb.Checkpoint> snapshot=0 marshal0=0
2026-07-05 13:07:53.592 INFO  <mkdb.Checkpoint> flush=0
2026-07-05 13:07:53.592 INFO  <mkdb.Checkpoint> ----------------- end -----------------
2026-07-05 13:08:53.645 INFO  <mkdb.Checkpoint> ---------------- begin ----------------
2026-07-05 13:08:53.645 INFO  <mkdb.Checkpoint> marshalN=1/0
2026-07-05 13:08:53.645 INFO  <mkdb.Checkpoint> snapshot=0 marshal0=0
2026-07-05 13:08:53.645 INFO  <mkdb.Checkpoint> flush=0
2026-07-05 13:08:53.645 INFO  <mkdb.Checkpoint> ----------------- end -----------------
2026-07-05 13:09:53.698 INFO  <mkdb.Checkpoint> ---------------- begin ----------------
2026-07-05 13:09:53.698 INFO  <mkdb.Checkpoint> marshalN=1/0
2026-07-05 13:09:53.698 INFO  <mkdb.Checkpoint> snapshot=0 marshal0=0
2026-07-05 13:09:53.698 INFO  <mkdb.Checkpoint> flush=0
2026-07-05 13:09:53.698 INFO  <mkdb.Checkpoint> ----------------- end -----------------
2026-07-05 13:10:53.753 INFO  <mkdb.Checkpoint> ---------------- begin ----------------
2026-07-05 13:10:53.753 INFO  <mkdb.Checkpoint> marshalN=1/0
2026-07-05 13:10:53.754 INFO  <mkdb.Checkpoint> snapshot=0 marshal0=0
2026-07-05 13:10:53.754 INFO  <mkdb.Checkpoint> flush=0
2026-07-05 13:10:53.754 INFO  <mkdb.Checkpoint> ----------------- end -----------------
2026-07-05 13:11:53.806 INFO  <mkdb.Checkpoint> ---------------- begin ----------------
2026-07-05 13:11:53.806 INFO  <mkdb.Checkpoint> marshalN=1/0
2026-07-05 13:11:53.806 INFO  <mkdb.Checkpoint> snapshot=0 marshal0=0
2026-07-05 13:11:53.806 INFO  <mkdb.Checkpoint> flush=0
2026-07-05 13:11:53.806 INFO  <mkdb.Checkpoint> ----------------- end -----------------
2026-07-05 13:12:53.859 INFO  <mkdb.Checkpoint> ---------------- begin ----------------
2026-07-05 13:12:53.859 INFO  <mkdb.Checkpoint> marshalN=1/0
2026-07-05 13:12:53.860 INFO  <mkdb.Checkpoint> snapshot=0 marshal0=0
2026-07-05 13:12:53.860 INFO  <mkdb.Checkpoint> flush=0
2026-07-05 13:12:53.860 INFO  <mkdb.Checkpoint> ----------------- end -----------------
2026-07-05 13:13:53.911 INFO  <mkdb.Checkpoint> ---------------- begin ----------------
2026-07-05 13:13:53.911 INFO  <mkdb.Checkpoint> marshalN=1/0
2026-07-05 13:13:53.911 INFO  <mkdb.Checkpoint> snapshot=0 marshal0=0
2026-07-05 13:13:53.911 INFO  <mkdb.Checkpoint> flush=0
2026-07-05 13:13:53.911 INFO  <mkdb.Checkpoint> ----------------- end -----------------
2026-07-05 13:14:53.966 INFO  <mkdb.Checkpoint> ---------------- begin ----------------
2026-07-05 13:14:53.966 INFO  <mkdb.Checkpoint> marshalN=1/0
2026-07-05 13:14:53.966 INFO  <mkdb.Checkpoint> snapshot=0 marshal0=0
2026-07-05 13:14:53.966 INFO  <mkdb.Checkpoint> flush=0
2026-07-05 13:14:53.966 INFO  <mkdb.Checkpoint> ----------------- end -----------------
2026-07-05 13:15:54.019 INFO  <mkdb.Checkpoint> ---------------- begin ----------------
2026-07-05 13:15:54.019 INFO  <mkdb.Checkpoint> marshalN=1/0
2026-07-05 13:15:54.019 INFO  <mkdb.Checkpoint> snapshot=0 marshal0=0
2026-07-05 13:15:54.019 INFO  <mkdb.Checkpoint> flush=0
2026-07-05 13:15:54.019 INFO  <mkdb.Checkpoint> ----------------- end -----------------
2026-07-05 13:16:54.075 INFO  <mkdb.Checkpoint> ---------------- begin ----------------
2026-07-05 13:16:54.075 INFO  <mkdb.Checkpoint> marshalN=1/0
2026-07-05 13:16:54.075 INFO  <mkdb.Checkpoint> snapshot=0 marshal0=0
2026-07-05 13:16:54.075 INFO  <mkdb.Checkpoint> flush=0
2026-07-05 13:16:54.075 INFO  <mkdb.Checkpoint> ----------------- end -----------------
2026-07-05 13:17:54.126 INFO  <mkdb.Checkpoint> ---------------- begin ----------------
2026-07-05 13:17:54.126 INFO  <mkdb.Checkpoint> marshalN=1/0
2026-07-05 13:17:54.126 INFO  <mkdb.Checkpoint> snapshot=0 marshal0=0
2026-07-05 13:17:54.126 INFO  <mkdb.Checkpoint> flush=0
2026-07-05 13:17:54.126 INFO  <mkdb.Checkpoint> ----------------- end -----------------
2026-07-05 13:18:54.179 INFO  <mkdb.Checkpoint> ---------------- begin ----------------
2026-07-05 13:18:54.179 INFO  <mkdb.Checkpoint> marshalN=1/0
2026-07-05 13:18:54.179 INFO  <mkdb.Checkpoint> snapshot=0 marshal0=0
2026-07-05 13:18:54.179 INFO  <mkdb.Checkpoint> flush=0
2026-07-05 13:18:54.179 INFO  <mkdb.Checkpoint> ----------------- end -----------------
2026-07-05 13:19:54.233 INFO  <mkdb.Checkpoint> ---------------- begin ----------------
2026-07-05 13:19:54.233 INFO  <mkdb.Checkpoint> marshalN=1/0
2026-07-05 13:19:54.233 INFO  <mkdb.Checkpoint> snapshot=0 marshal0=0
2026-07-05 13:19:54.233 INFO  <mkdb.Checkpoint> flush=0
2026-07-05 13:19:54.233 INFO  <mkdb.Checkpoint> ----------------- end -----------------
2026-07-05 13:20:54.285 INFO  <mkdb.Checkpoint> ---------------- begin ----------------
2026-07-05 13:20:54.285 INFO  <mkdb.Checkpoint> marshalN=1/0
2026-07-05 13:20:54.285 INFO  <mkdb.Checkpoint> snapshot=0 marshal0=0
2026-07-05 13:20:54.285 INFO  <mkdb.Checkpoint> flush=0
2026-07-05 13:20:54.285 INFO  <mkdb.Checkpoint> ----------------- end -----------------
2026-07-05 13:21:54.338 INFO  <mkdb.Checkpoint> ---------------- begin ----------------
2026-07-05 13:21:54.338 INFO  <mkdb.Checkpoint> marshalN=1/0
2026-07-05 13:21:54.338 INFO  <mkdb.Checkpoint> snapshot=0 marshal0=0
2026-07-05 13:21:54.338 INFO  <mkdb.Checkpoint> flush=0
2026-07-05 13:21:54.338 INFO  <mkdb.Checkpoint> ----------------- end -----------------
2026-07-05 13:22:54.390 INFO  <mkdb.Checkpoint> ---------------- begin ----------------
2026-07-05 13:22:54.390 INFO  <mkdb.Checkpoint> marshalN=1/0
2026-07-05 13:22:54.390 INFO  <mkdb.Checkpoint> snapshot=0 marshal0=0
2026-07-05 13:22:54.390 INFO  <mkdb.Checkpoint> flush=0
2026-07-05 13:22:54.390 INFO  <mkdb.Checkpoint> ----------------- end -----------------
2026-07-05 13:23:54.443 INFO  <mkdb.Checkpoint> ---------------- begin ----------------
2026-07-05 13:23:54.444 INFO  <mkdb.Checkpoint> marshalN=1/0
2026-07-05 13:23:54.444 INFO  <mkdb.Checkpoint> snapshot=0 marshal0=0
2026-07-05 13:23:54.444 INFO  <mkdb.Checkpoint> flush=0
2026-07-05 13:23:54.444 INFO  <mkdb.Checkpoint> ----------------- end -----------------
2026-07-05 13:24:54.500 INFO  <mkdb.Checkpoint> ---------------- begin ----------------
2026-07-05 13:24:54.500 INFO  <mkdb.Checkpoint> marshalN=1/0
2026-07-05 13:24:54.500 INFO  <mkdb.Checkpoint> snapshot=0 marshal0=0
2026-07-05 13:24:54.500 INFO  <mkdb.Checkpoint> flush=0
2026-07-05 13:24:54.500 INFO  <mkdb.Checkpoint> ----------------- end -----------------
2026-07-05 13:25:54.551 INFO  <mkdb.Checkpoint> ---------------- begin ----------------
2026-07-05 13:25:54.551 INFO  <mkdb.Checkpoint> marshalN=1/0
2026-07-05 13:25:54.551 INFO  <mkdb.Checkpoint> snapshot=0 marshal0=0
2026-07-05 13:25:54.551 INFO  <mkdb.Checkpoint> flush=0
2026-07-05 13:25:54.551 INFO  <mkdb.Checkpoint> ----------------- end -----------------
2026-07-05 13:26:54.603 INFO  <mkdb.Checkpoint> ---------------- begin ----------------
2026-07-05 13:26:54.603 INFO  <mkdb.Checkpoint> marshalN=1/0
2026-07-05 13:26:54.603 INFO  <mkdb.Checkpoint> snapshot=0 marshal0=0
2026-07-05 13:26:54.603 INFO  <mkdb.Checkpoint> flush=0
2026-07-05 13:26:54.604 INFO  <mkdb.Checkpoint> ----------------- end -----------------
2026-07-05 13:27:15.867 INFO  <mkdb.Worker.procedure.27> com.locojoy.ns.Exist(activeuser:1:1) result=5
2026-07-05 13:27:54.658 INFO  <mkdb.Checkpoint> ---------------- begin ----------------
2026-07-05 13:27:54.658 INFO  <mkdb.Checkpoint> marshalN=1/0
2026-07-05 13:27:54.658 INFO  <mkdb.Checkpoint> snapshot=0 marshal0=0
2026-07-05 13:27:54.658 INFO  <mkdb.Checkpoint> flush=0
2026-07-05 13:27:54.658 INFO  <mkdb.Checkpoint> ----------------- end -----------------
2026-07-05 13:28:54.716 INFO  <mkdb.Checkpoint> ---------------- begin ----------------
2026-07-05 13:28:54.716 INFO  <mkdb.Checkpoint> marshalN=1/0
2026-07-05 13:28:54.716 INFO  <mkdb.Checkpoint> snapshot=0 marshal0=0
2026-07-05 13:28:54.716 INFO  <mkdb.Checkpoint> flush=0
2026-07-05 13:28:54.716 INFO  <mkdb.Checkpoint> ----------------- end -----------------
2026-07-05 13:29:54.774 INFO  <mkdb.Checkpoint> ---------------- begin ----------------
2026-07-05 13:29:54.775 INFO  <mkdb.Checkpoint> marshalN=1/0
2026-07-05 13:29:54.775 INFO  <mkdb.Checkpoint> snapshot=0 marshal0=0
2026-07-05 13:29:54.775 INFO  <mkdb.Checkpoint> flush=0
2026-07-05 13:29:54.775 INFO  <mkdb.Checkpoint> ----------------- end -----------------
2026-07-05 13:30:54.831 INFO  <mkdb.Checkpoint> ---------------- begin ----------------
2026-07-05 13:30:54.831 INFO  <mkdb.Checkpoint> marshalN=1/0
2026-07-05 13:30:54.831 INFO  <mkdb.Checkpoint> snapshot=0 marshal0=0
2026-07-05 13:30:54.831 INFO  <mkdb.Checkpoint> flush=0
2026-07-05 13:30:54.831 INFO  <mkdb.Checkpoint> ----------------- end -----------------
2026-07-05 13:31:54.888 INFO  <mkdb.Checkpoint> ---------------- begin ----------------
2026-07-05 13:31:54.888 INFO  <mkdb.Checkpoint> marshalN=1/0
2026-07-05 13:31:54.888 INFO  <mkdb.Checkpoint> snapshot=0 marshal0=0
2026-07-05 13:31:54.888 INFO  <mkdb.Checkpoint> flush=0
2026-07-05 13:31:54.888 INFO  <mkdb.Checkpoint> ----------------- end -----------------
2026-07-05 13:32:54.943 INFO  <mkdb.Checkpoint> ---------------- begin ----------------
2026-07-05 13:32:54.943 INFO  <mkdb.Checkpoint> marshalN=1/0
2026-07-05 13:32:54.943 INFO  <mkdb.Checkpoint> snapshot=0 marshal0=0
2026-07-05 13:32:54.944 INFO  <mkdb.Checkpoint> flush=0
2026-07-05 13:32:54.944 INFO  <mkdb.Checkpoint> ----------------- end -----------------
2026-07-05 13:33:54.998 INFO  <mkdb.Checkpoint> ---------------- begin ----------------
2026-07-05 13:33:54.998 INFO  <mkdb.Checkpoint> marshalN=1/0
2026-07-05 13:33:54.999 INFO  <mkdb.Checkpoint> snapshot=0 marshal0=0
2026-07-05 13:33:54.999 INFO  <mkdb.Checkpoint> flush=0
2026-07-05 13:33:54.999 INFO  <mkdb.Checkpoint> ----------------- end -----------------
2026-07-05 13:34:55.055 INFO  <mkdb.Checkpoint> ---------------- begin ----------------
2026-07-05 13:34:55.055 INFO  <mkdb.Checkpoint> marshalN=1/0
2026-07-05 13:34:55.055 INFO  <mkdb.Checkpoint> snapshot=0 marshal0=0
2026-07-05 13:34:55.055 INFO  <mkdb.Checkpoint> flush=0
2026-07-05 13:34:55.055 INFO  <mkdb.Checkpoint> ----------------- end -----------------
2026-07-05 13:35:55.114 INFO  <mkdb.Checkpoint> ---------------- begin ----------------
2026-07-05 13:35:55.114 INFO  <mkdb.Checkpoint> marshalN=1/0
2026-07-05 13:35:55.114 INFO  <mkdb.Checkpoint> snapshot=0 marshal0=0
2026-07-05 13:35:55.114 INFO  <mkdb.Checkpoint> flush=0
2026-07-05 13:35:55.114 INFO  <mkdb.Checkpoint> ----------------- end -----------------
2026-07-05 13:36:55.172 INFO  <mkdb.Checkpoint> ---------------- begin ----------------
2026-07-05 13:36:55.172 INFO  <mkdb.Checkpoint> marshalN=1/0
2026-07-05 13:36:55.173 INFO  <mkdb.Checkpoint> snapshot=0 marshal0=0
2026-07-05 13:36:55.173 INFO  <mkdb.Checkpoint> flush=0
2026-07-05 13:36:55.173 INFO  <mkdb.Checkpoint> ----------------- end -----------------
2026-07-05 13:37:55.227 INFO  <mkdb.Checkpoint> ---------------- begin ----------------
2026-07-05 13:37:55.228 INFO  <mkdb.Checkpoint> marshalN=1/0
2026-07-05 13:37:55.228 INFO  <mkdb.Checkpoint> snapshot=0 marshal0=0
2026-07-05 13:37:55.228 INFO  <mkdb.Checkpoint> flush=0
2026-07-05 13:37:55.228 INFO  <mkdb.Checkpoint> ----------------- end -----------------
2026-07-05 13:38:55.281 INFO  <mkdb.Checkpoint> ---------------- begin ----------------
2026-07-05 13:38:55.281 INFO  <mkdb.Checkpoint> marshalN=1/0
2026-07-05 13:38:55.281 INFO  <mkdb.Checkpoint> snapshot=0 marshal0=0
2026-07-05 13:38:55.281 INFO  <mkdb.Checkpoint> flush=0
2026-07-05 13:38:55.281 INFO  <mkdb.Checkpoint> ----------------- end -----------------
2026-07-05 13:39:55.335 INFO  <mkdb.Checkpoint> ---------------- begin ----------------
2026-07-05 13:39:55.335 INFO  <mkdb.Checkpoint> marshalN=1/0
2026-07-05 13:39:55.340 INFO  <mkdb.Checkpoint> snapshot=0 marshal0=0
2026-07-05 13:39:55.340 INFO  <mkdb.Checkpoint> flush=0
2026-07-05 13:39:55.340 INFO  <mkdb.Checkpoint> ----------------- end -----------------
2026-07-05 13:40:55.394 INFO  <mkdb.Checkpoint> ---------------- begin ----------------
2026-07-05 13:40:55.395 INFO  <mkdb.Checkpoint> marshalN=1/0
2026-07-05 13:40:55.395 INFO  <mkdb.Checkpoint> snapshot=0 marshal0=0
2026-07-05 13:40:55.395 INFO  <mkdb.Checkpoint> flush=0
2026-07-05 13:40:55.395 INFO  <mkdb.Checkpoint> ----------------- end -----------------
2026-07-05 13:41:55.447 INFO  <mkdb.Checkpoint> ---------------- begin ----------------
2026-07-05 13:41:55.447 INFO  <mkdb.Checkpoint> marshalN=1/0
2026-07-05 13:41:55.447 INFO  <mkdb.Checkpoint> snapshot=0 marshal0=0
2026-07-05 13:41:55.447 INFO  <mkdb.Checkpoint> flush=0
2026-07-05 13:41:55.447 INFO  <mkdb.Checkpoint> ----------------- end -----------------
2026-07-05 13:42:55.502 INFO  <mkdb.Checkpoint> ---------------- begin ----------------
2026-07-05 13:42:55.502 INFO  <mkdb.Checkpoint> marshalN=1/0
2026-07-05 13:42:55.503 INFO  <mkdb.Checkpoint> snapshot=0 marshal0=0
2026-07-05 13:42:55.503 INFO  <mkdb.Checkpoint> flush=0
2026-07-05 13:42:55.503 INFO  <mkdb.Checkpoint> ----------------- end -----------------
2026-07-05 13:43:55.556 INFO  <mkdb.Checkpoint> ---------------- begin ----------------
2026-07-05 13:43:55.556 INFO  <mkdb.Checkpoint> marshalN=1/0
2026-07-05 13:43:55.556 INFO  <mkdb.Checkpoint> snapshot=0 marshal0=0
2026-07-05 13:43:55.556 INFO  <mkdb.Checkpoint> flush=0
2026-07-05 13:43:55.556 INFO  <mkdb.Checkpoint> ----------------- end -----------------
2026-07-05 13:44:55.611 INFO  <mkdb.Checkpoint> ---------------- begin ----------------
2026-07-05 13:44:55.611 INFO  <mkdb.Checkpoint> marshalN=1/0
2026-07-05 13:44:55.611 INFO  <mkdb.Checkpoint> snapshot=0 marshal0=0
2026-07-05 13:44:55.611 INFO  <mkdb.Checkpoint> flush=0
2026-07-05 13:44:55.611 INFO  <mkdb.Checkpoint> ----------------- end -----------------
2026-07-05 13:45:55.663 INFO  <mkdb.Checkpoint> ---------------- begin ----------------
2026-07-05 13:45:55.664 INFO  <mkdb.Checkpoint> marshalN=1/0
2026-07-05 13:45:55.664 INFO  <mkdb.Checkpoint> snapshot=0 marshal0=0
2026-07-05 13:45:55.664 INFO  <mkdb.Checkpoint> flush=0
2026-07-05 13:45:55.664 INFO  <mkdb.Checkpoint> ----------------- end -----------------
2026-07-05 13:46:55.718 INFO  <mkdb.Checkpoint> ---------------- begin ----------------
2026-07-05 13:46:55.718 INFO  <mkdb.Checkpoint> marshalN=1/0
2026-07-05 13:46:55.718 INFO  <mkdb.Checkpoint> snapshot=0 marshal0=0
2026-07-05 13:46:55.718 INFO  <mkdb.Checkpoint> flush=0
2026-07-05 13:46:55.718 INFO  <mkdb.Checkpoint> ----------------- end -----------------
2026-07-05 13:47:55.770 INFO  <mkdb.Checkpoint> ---------------- begin ----------------
2026-07-05 13:47:55.770 INFO  <mkdb.Checkpoint> marshalN=1/0
2026-07-05 13:47:55.770 INFO  <mkdb.Checkpoint> snapshot=0 marshal0=0
2026-07-05 13:47:55.770 INFO  <mkdb.Checkpoint> flush=0
2026-07-05 13:47:55.770 INFO  <mkdb.Checkpoint> ----------------- end -----------------
2026-07-05 13:48:55.827 INFO  <mkdb.Checkpoint> ---------------- begin ----------------
2026-07-05 13:48:55.827 INFO  <mkdb.Checkpoint> marshalN=1/0
2026-07-05 13:48:55.827 INFO  <mkdb.Checkpoint> snapshot=0 marshal0=0
2026-07-05 13:48:55.827 INFO  <mkdb.Checkpoint> flush=0
2026-07-05 13:48:55.827 INFO  <mkdb.Checkpoint> ----------------- end -----------------
2026-07-05 13:49:55.881 INFO  <mkdb.Checkpoint> ---------------- begin ----------------
2026-07-05 13:49:55.881 INFO  <mkdb.Checkpoint> marshalN=1/0
2026-07-05 13:49:55.881 INFO  <mkdb.Checkpoint> snapshot=0 marshal0=0
2026-07-05 13:49:55.881 INFO  <mkdb.Checkpoint> flush=0
2026-07-05 13:49:55.881 INFO  <mkdb.Checkpoint> ----------------- end -----------------
2026-07-05 13:50:55.936 INFO  <mkdb.Checkpoint> ---------------- begin ----------------
2026-07-05 13:50:55.936 INFO  <mkdb.Checkpoint> marshalN=1/0
2026-07-05 13:50:55.936 INFO  <mkdb.Checkpoint> snapshot=0 marshal0=0
2026-07-05 13:50:55.936 INFO  <mkdb.Checkpoint> flush=0
2026-07-05 13:50:55.936 INFO  <mkdb.Checkpoint> ----------------- end -----------------
2026-07-05 13:51:55.990 INFO  <mkdb.Checkpoint> ---------------- begin ----------------
2026-07-05 13:51:55.990 INFO  <mkdb.Checkpoint> marshalN=1/0
2026-07-05 13:51:55.990 INFO  <mkdb.Checkpoint> snapshot=0 marshal0=0
2026-07-05 13:51:55.990 INFO  <mkdb.Checkpoint> flush=0
2026-07-05 13:51:55.990 INFO  <mkdb.Checkpoint> ----------------- end -----------------
2026-07-05 13:52:56.045 INFO  <mkdb.Checkpoint> ---------------- begin ----------------
2026-07-05 13:52:56.045 INFO  <mkdb.Checkpoint> marshalN=1/0
2026-07-05 13:52:56.045 INFO  <mkdb.Checkpoint> snapshot=0 marshal0=0
2026-07-05 13:52:56.045 INFO  <mkdb.Checkpoint> flush=0
2026-07-05 13:52:56.045 INFO  <mkdb.Checkpoint> ----------------- end -----------------
2026-07-05 13:53:56.099 INFO  <mkdb.Checkpoint> ---------------- begin ----------------
2026-07-05 13:53:56.099 INFO  <mkdb.Checkpoint> marshalN=1/0
2026-07-05 13:53:56.099 INFO  <mkdb.Checkpoint> snapshot=0 marshal0=0
2026-07-05 13:53:56.099 INFO  <mkdb.Checkpoint> flush=0
2026-07-05 13:53:56.099 INFO  <mkdb.Checkpoint> ----------------- end -----------------
2026-07-05 13:54:56.155 INFO  <mkdb.Checkpoint> ---------------- begin ----------------
2026-07-05 13:54:56.155 INFO  <mkdb.Checkpoint> marshalN=1/0
2026-07-05 13:54:56.155 INFO  <mkdb.Checkpoint> snapshot=0 marshal0=0
2026-07-05 13:54:56.155 INFO  <mkdb.Checkpoint> flush=0
2026-07-05 13:54:56.155 INFO  <mkdb.Checkpoint> ----------------- end -----------------
2026-07-05 13:55:56.212 INFO  <mkdb.Checkpoint> ---------------- begin ----------------
2026-07-05 13:55:56.212 INFO  <mkdb.Checkpoint> marshalN=1/0
2026-07-05 13:55:56.212 INFO  <mkdb.Checkpoint> snapshot=0 marshal0=0
2026-07-05 13:55:56.212 INFO  <mkdb.Checkpoint> flush=0
2026-07-05 13:55:56.212 INFO  <mkdb.Checkpoint> ----------------- end -----------------
2026-07-05 13:56:56.270 INFO  <mkdb.Checkpoint> ---------------- begin ----------------
2026-07-05 13:56:56.270 INFO  <mkdb.Checkpoint> marshalN=1/0
2026-07-05 13:56:56.270 INFO  <mkdb.Checkpoint> snapshot=0 marshal0=0
2026-07-05 13:56:56.270 INFO  <mkdb.Checkpoint> flush=0
2026-07-05 13:56:56.270 INFO  <mkdb.Checkpoint> ----------------- end -----------------
2026-07-05 13:57:56.326 INFO  <mkdb.Checkpoint> ---------------- begin ----------------
2026-07-05 13:57:56.326 INFO  <mkdb.Checkpoint> marshalN=1/0
2026-07-05 13:57:56.326 INFO  <mkdb.Checkpoint> snapshot=0 marshal0=0
2026-07-05 13:57:56.326 INFO  <mkdb.Checkpoint> flush=0
2026-07-05 13:57:56.326 INFO  <mkdb.Checkpoint> ----------------- end -----------------
2026-07-05 13:58:56.379 INFO  <mkdb.Checkpoint> ---------------- begin ----------------
2026-07-05 13:58:56.379 INFO  <mkdb.Checkpoint> marshalN=1/0
2026-07-05 13:58:56.379 INFO  <mkdb.Checkpoint> snapshot=0 marshal0=0
2026-07-05 13:58:56.379 INFO  <mkdb.Checkpoint> flush=0
2026-07-05 13:58:56.379 INFO  <mkdb.Checkpoint> ----------------- end -----------------
2026-07-05 13:59:56.433 INFO  <mkdb.Checkpoint> ---------------- begin ----------------
2026-07-05 13:59:56.433 INFO  <mkdb.Checkpoint> marshalN=1/0
2026-07-05 13:59:56.433 INFO  <mkdb.Checkpoint> snapshot=0 marshal0=0
2026-07-05 13:59:56.433 INFO  <mkdb.Checkpoint> flush=0
2026-07-05 13:59:56.433 INFO  <mkdb.Checkpoint> ----------------- end -----------------
2026-07-05 14:00:56.488 INFO  <mkdb.Checkpoint> ---------------- begin ----------------
2026-07-05 14:00:56.488 INFO  <mkdb.Checkpoint> marshalN=1/0
2026-07-05 14:00:56.488 INFO  <mkdb.Checkpoint> snapshot=0 marshal0=0
2026-07-05 14:00:56.488 INFO  <mkdb.Checkpoint> flush=0
2026-07-05 14:00:56.488 INFO  <mkdb.Checkpoint> ----------------- end -----------------
2026-07-05 14:01:56.543 INFO  <mkdb.Checkpoint> ---------------- begin ----------------
2026-07-05 14:01:56.543 INFO  <mkdb.Checkpoint> marshalN=1/0
2026-07-05 14:01:56.543 INFO  <mkdb.Checkpoint> snapshot=0 marshal0=0
2026-07-05 14:01:56.543 INFO  <mkdb.Checkpoint> flush=0
2026-07-05 14:01:56.543 INFO  <mkdb.Checkpoint> ----------------- end -----------------
2026-07-05 14:02:56.597 INFO  <mkdb.Checkpoint> ---------------- begin ----------------
2026-07-05 14:02:56.597 INFO  <mkdb.Checkpoint> marshalN=1/0
2026-07-05 14:02:56.597 INFO  <mkdb.Checkpoint> snapshot=0 marshal0=0
2026-07-05 14:02:56.597 INFO  <mkdb.Checkpoint> flush=0
2026-07-05 14:02:56.597 INFO  <mkdb.Checkpoint> ----------------- end -----------------
2026-07-05 14:03:56.649 INFO  <mkdb.Checkpoint> ---------------- begin ----------------
2026-07-05 14:03:56.649 INFO  <mkdb.Checkpoint> marshalN=1/0
2026-07-05 14:03:56.649 INFO  <mkdb.Checkpoint> snapshot=0 marshal0=0
2026-07-05 14:03:56.649 INFO  <mkdb.Checkpoint> flush=0
2026-07-05 14:03:56.649 INFO  <mkdb.Checkpoint> ----------------- end -----------------
2026-07-05 14:04:56.704 INFO  <mkdb.Checkpoint> ---------------- begin ----------------
2026-07-05 14:04:56.704 INFO  <mkdb.Checkpoint> marshalN=1/0
2026-07-05 14:04:56.704 INFO  <mkdb.Checkpoint> snapshot=0 marshal0=0
2026-07-05 14:04:56.704 INFO  <mkdb.Checkpoint> flush=0
2026-07-05 14:04:56.704 INFO  <mkdb.Checkpoint> ----------------- end -----------------
2026-07-05 14:05:56.756 INFO  <mkdb.Checkpoint> ---------------- begin ----------------
2026-07-05 14:05:56.757 INFO  <mkdb.Checkpoint> marshalN=1/0
2026-07-05 14:05:56.757 INFO  <mkdb.Checkpoint> snapshot=0 marshal0=0
2026-07-05 14:05:56.757 INFO  <mkdb.Checkpoint> flush=0
2026-07-05 14:05:56.757 INFO  <mkdb.Checkpoint> ----------------- end -----------------
2026-07-05 14:06:33.095 WARN  <mkdb.Backup> backup FULL begin
2026-07-05 14:06:33.096 WARN  <mkdb.Backup> backup FULL end
2026-07-05 14:06:56.813 INFO  <mkdb.Checkpoint> ---------------- begin ----------------
2026-07-05 14:06:56.813 INFO  <mkdb.Checkpoint> marshalN=1/0
2026-07-05 14:06:56.813 INFO  <mkdb.Checkpoint> snapshot=0 marshal0=0
2026-07-05 14:06:56.813 INFO  <mkdb.Checkpoint> flush=0
2026-07-05 14:06:56.813 INFO  <mkdb.Checkpoint> ----------------- end -----------------
2026-07-05 14:07:56.865 INFO  <mkdb.Checkpoint> ---------------- begin ----------------
2026-07-05 14:07:56.865 INFO  <mkdb.Checkpoint> marshalN=1/0
2026-07-05 14:07:56.865 INFO  <mkdb.Checkpoint> snapshot=0 marshal0=0
2026-07-05 14:07:56.865 INFO  <mkdb.Checkpoint> flush=0
2026-07-05 14:07:56.865 INFO  <mkdb.Checkpoint> ----------------- end -----------------
2026-07-05 14:08:56.923 INFO  <mkdb.Checkpoint> ---------------- begin ----------------
2026-07-05 14:08:56.923 INFO  <mkdb.Checkpoint> marshalN=1/0
2026-07-05 14:08:56.923 INFO  <mkdb.Checkpoint> snapshot=0 marshal0=0
2026-07-05 14:08:56.923 INFO  <mkdb.Checkpoint> flush=0
2026-07-05 14:08:56.923 INFO  <mkdb.Checkpoint> ----------------- end -----------------
2026-07-05 14:09:56.973 INFO  <mkdb.Checkpoint> ---------------- begin ----------------
2026-07-05 14:09:56.974 INFO  <mkdb.Checkpoint> marshalN=1/0
2026-07-05 14:09:56.974 INFO  <mkdb.Checkpoint> snapshot=0 marshal0=0
2026-07-05 14:09:56.974 INFO  <mkdb.Checkpoint> flush=0
2026-07-05 14:09:56.974 INFO  <mkdb.Checkpoint> ----------------- end -----------------
2026-07-05 14:10:46.681 INFO  <mkdb.Worker.procedure.30> com.locojoy.ns.Exist(activeuser:1:1) result=5
2026-07-05 14:10:57.025 INFO  <mkdb.Checkpoint> ---------------- begin ----------------
2026-07-05 14:10:57.025 INFO  <mkdb.Checkpoint> marshalN=1/0
2026-07-05 14:10:57.025 INFO  <mkdb.Checkpoint> snapshot=0 marshal0=0
2026-07-05 14:10:57.025 INFO  <mkdb.Checkpoint> flush=0
2026-07-05 14:10:57.025 INFO  <mkdb.Checkpoint> ----------------- end -----------------
2026-07-05 14:11:57.074 INFO  <mkdb.Checkpoint> ---------------- begin ----------------
2026-07-05 14:11:57.074 INFO  <mkdb.Checkpoint> marshalN=1/0
2026-07-05 14:11:57.074 INFO  <mkdb.Checkpoint> snapshot=0 marshal0=0
2026-07-05 14:11:57.074 INFO  <mkdb.Checkpoint> flush=0
2026-07-05 14:11:57.074 INFO  <mkdb.Checkpoint> ----------------- end -----------------
2026-07-05 14:12:57.128 INFO  <mkdb.Checkpoint> ---------------- begin ----------------
2026-07-05 14:12:57.128 INFO  <mkdb.Checkpoint> marshalN=1/0
2026-07-05 14:12:57.128 INFO  <mkdb.Checkpoint> snapshot=0 marshal0=0
2026-07-05 14:12:57.128 INFO  <mkdb.Checkpoint> flush=0
2026-07-05 14:12:57.128 INFO  <mkdb.Checkpoint> ----------------- end -----------------
2026-07-05 14:13:57.180 INFO  <mkdb.Checkpoint> ---------------- begin ----------------
2026-07-05 14:13:57.180 INFO  <mkdb.Checkpoint> marshalN=1/0
2026-07-05 14:13:57.180 INFO  <mkdb.Checkpoint> snapshot=0 marshal0=0
2026-07-05 14:13:57.180 INFO  <mkdb.Checkpoint> flush=0
2026-07-05 14:13:57.180 INFO  <mkdb.Checkpoint> ----------------- end -----------------
2026-07-05 14:14:57.236 INFO  <mkdb.Checkpoint> ---------------- begin ----------------
2026-07-05 14:14:57.236 INFO  <mkdb.Checkpoint> marshalN=1/0
2026-07-05 14:14:57.236 INFO  <mkdb.Checkpoint> snapshot=0 marshal0=0
2026-07-05 14:14:57.236 INFO  <mkdb.Checkpoint> flush=0
2026-07-05 14:14:57.236 INFO  <mkdb.Checkpoint> ----------------- end -----------------
2026-07-05 14:15:57.289 INFO  <mkdb.Checkpoint> ---------------- begin ----------------
2026-07-05 14:15:57.289 INFO  <mkdb.Checkpoint> marshalN=1/0
2026-07-05 14:15:57.289 INFO  <mkdb.Checkpoint> snapshot=0 marshal0=0
2026-07-05 14:15:57.289 INFO  <mkdb.Checkpoint> flush=0
2026-07-05 14:15:57.289 INFO  <mkdb.Checkpoint> ----------------- end -----------------
2026-07-05 14:16:57.342 INFO  <mkdb.Checkpoint> ---------------- begin ----------------
2026-07-05 14:16:57.342 INFO  <mkdb.Checkpoint> marshalN=1/0
2026-07-05 14:16:57.342 INFO  <mkdb.Checkpoint> snapshot=0 marshal0=0
2026-07-05 14:16:57.342 INFO  <mkdb.Checkpoint> flush=0
2026-07-05 14:16:57.342 INFO  <mkdb.Checkpoint> ----------------- end -----------------
2026-07-05 14:17:57.395 INFO  <mkdb.Checkpoint> ---------------- begin ----------------
2026-07-05 14:17:57.395 INFO  <mkdb.Checkpoint> marshalN=1/0
2026-07-05 14:17:57.395 INFO  <mkdb.Checkpoint> snapshot=0 marshal0=0
2026-07-05 14:17:57.395 INFO  <mkdb.Checkpoint> flush=0
2026-07-05 14:17:57.395 INFO  <mkdb.Checkpoint> ----------------- end -----------------
2026-07-05 14:18:57.448 INFO  <mkdb.Checkpoint> ---------------- begin ----------------
2026-07-05 14:18:57.448 INFO  <mkdb.Checkpoint> marshalN=1/0
2026-07-05 14:18:57.448 INFO  <mkdb.Checkpoint> snapshot=0 marshal0=0
2026-07-05 14:18:57.448 INFO  <mkdb.Checkpoint> flush=0
2026-07-05 14:18:57.448 INFO  <mkdb.Checkpoint> ----------------- end -----------------
2026-07-05 14:19:57.501 INFO  <mkdb.Checkpoint> ---------------- begin ----------------
2026-07-05 14:19:57.501 INFO  <mkdb.Checkpoint> marshalN=1/0
2026-07-05 14:19:57.501 INFO  <mkdb.Checkpoint> snapshot=0 marshal0=0
2026-07-05 14:19:57.501 INFO  <mkdb.Checkpoint> flush=0
2026-07-05 14:19:57.501 INFO  <mkdb.Checkpoint> ----------------- end -----------------
2026-07-05 14:20:57.556 INFO  <mkdb.Checkpoint> ---------------- begin ----------------
2026-07-05 14:20:57.556 INFO  <mkdb.Checkpoint> marshalN=1/0
2026-07-05 14:20:57.556 INFO  <mkdb.Checkpoint> snapshot=0 marshal0=0
2026-07-05 14:20:57.556 INFO  <mkdb.Checkpoint> flush=0
2026-07-05 14:20:57.556 INFO  <mkdb.Checkpoint> ----------------- end -----------------
2026-07-05 14:21:57.610 INFO  <mkdb.Checkpoint> ---------------- begin ----------------
2026-07-05 14:21:57.610 INFO  <mkdb.Checkpoint> marshalN=1/0
2026-07-05 14:21:57.610 INFO  <mkdb.Checkpoint> snapshot=0 marshal0=0
2026-07-05 14:21:57.610 INFO  <mkdb.Checkpoint> flush=0
2026-07-05 14:21:57.610 INFO  <mkdb.Checkpoint> ----------------- end -----------------
2026-07-05 14:22:57.662 INFO  <mkdb.Checkpoint> ---------------- begin ----------------
2026-07-05 14:22:57.663 INFO  <mkdb.Checkpoint> marshalN=1/0
2026-07-05 14:22:57.663 INFO  <mkdb.Checkpoint> snapshot=0 marshal0=0
2026-07-05 14:22:57.663 INFO  <mkdb.Checkpoint> flush=0
2026-07-05 14:22:57.663 INFO  <mkdb.Checkpoint> ----------------- end -----------------
2026-07-05 14:23:57.716 INFO  <mkdb.Checkpoint> ---------------- begin ----------------
2026-07-05 14:23:57.716 INFO  <mkdb.Checkpoint> marshalN=1/0
2026-07-05 14:23:57.716 INFO  <mkdb.Checkpoint> snapshot=0 marshal0=0
2026-07-05 14:23:57.716 INFO  <mkdb.Checkpoint> flush=0
2026-07-05 14:23:57.716 INFO  <mkdb.Checkpoint> ----------------- end -----------------
2026-07-05 14:24:57.769 INFO  <mkdb.Checkpoint> ---------------- begin ----------------
2026-07-05 14:24:57.769 INFO  <mkdb.Checkpoint> marshalN=1/0
2026-07-05 14:24:57.769 INFO  <mkdb.Checkpoint> snapshot=0 marshal0=0
2026-07-05 14:24:57.769 INFO  <mkdb.Checkpoint> flush=0
2026-07-05 14:24:57.769 INFO  <mkdb.Checkpoint> ----------------- end -----------------
2026-07-05 14:25:57.823 INFO  <mkdb.Checkpoint> ---------------- begin ----------------
2026-07-05 14:25:57.823 INFO  <mkdb.Checkpoint> marshalN=1/0
2026-07-05 14:25:57.823 INFO  <mkdb.Checkpoint> snapshot=0 marshal0=0
2026-07-05 14:25:57.823 INFO  <mkdb.Checkpoint> flush=0
2026-07-05 14:25:57.823 INFO  <mkdb.Checkpoint> ----------------- end -----------------
2026-07-05 14:26:57.877 INFO  <mkdb.Checkpoint> ---------------- begin ----------------
2026-07-05 14:26:57.877 INFO  <mkdb.Checkpoint> marshalN=1/0
2026-07-05 14:26:57.877 INFO  <mkdb.Checkpoint> snapshot=0 marshal0=0
2026-07-05 14:26:57.877 INFO  <mkdb.Checkpoint> flush=0
2026-07-05 14:26:57.877 INFO  <mkdb.Checkpoint> ----------------- end -----------------
2026-07-05 14:27:57.933 INFO  <mkdb.Checkpoint> ---------------- begin ----------------
2026-07-05 14:27:57.933 INFO  <mkdb.Checkpoint> marshalN=1/0
2026-07-05 14:27:57.933 INFO  <mkdb.Checkpoint> snapshot=0 marshal0=0
2026-07-05 14:27:57.933 INFO  <mkdb.Checkpoint> flush=0
2026-07-05 14:27:57.933 INFO  <mkdb.Checkpoint> ----------------- end -----------------
2026-07-05 14:28:57.988 INFO  <mkdb.Checkpoint> ---------------- begin ----------------
2026-07-05 14:28:57.988 INFO  <mkdb.Checkpoint> marshalN=1/0
2026-07-05 14:28:57.988 INFO  <mkdb.Checkpoint> snapshot=0 marshal0=0
2026-07-05 14:28:57.988 INFO  <mkdb.Checkpoint> flush=0
2026-07-05 14:28:57.988 INFO  <mkdb.Checkpoint> ----------------- end -----------------
2026-07-05 14:29:58.042 INFO  <mkdb.Checkpoint> ---------------- begin ----------------
2026-07-05 14:29:58.042 INFO  <mkdb.Checkpoint> marshalN=1/0
2026-07-05 14:29:58.042 INFO  <mkdb.Checkpoint> snapshot=0 marshal0=0
2026-07-05 14:29:58.042 INFO  <mkdb.Checkpoint> flush=0
2026-07-05 14:29:58.042 INFO  <mkdb.Checkpoint> ----------------- end -----------------
2026-07-05 14:30:58.095 INFO  <mkdb.Checkpoint> ---------------- begin ----------------
2026-07-05 14:30:58.095 INFO  <mkdb.Checkpoint> marshalN=1/0
2026-07-05 14:30:58.095 INFO  <mkdb.Checkpoint> snapshot=0 marshal0=0
2026-07-05 14:30:58.095 INFO  <mkdb.Checkpoint> flush=0
2026-07-05 14:30:58.095 INFO  <mkdb.Checkpoint> ----------------- end -----------------
2026-07-05 14:31:58.148 INFO  <mkdb.Checkpoint> ---------------- begin ----------------
2026-07-05 14:31:58.148 INFO  <mkdb.Checkpoint> marshalN=1/0
2026-07-05 14:31:58.148 INFO  <mkdb.Checkpoint> snapshot=0 marshal0=0
2026-07-05 14:31:58.148 INFO  <mkdb.Checkpoint> flush=0
2026-07-05 14:31:58.148 INFO  <mkdb.Checkpoint> ----------------- end -----------------
2026-07-05 14:32:58.199 INFO  <mkdb.Checkpoint> ---------------- begin ----------------
2026-07-05 14:32:58.199 INFO  <mkdb.Checkpoint> marshalN=1/0
2026-07-05 14:32:58.199 INFO  <mkdb.Checkpoint> snapshot=0 marshal0=0
2026-07-05 14:32:58.199 INFO  <mkdb.Checkpoint> flush=0
2026-07-05 14:32:58.199 INFO  <mkdb.Checkpoint> ----------------- end -----------------
2026-07-05 14:33:58.248 INFO  <mkdb.Checkpoint> ---------------- begin ----------------
2026-07-05 14:33:58.248 INFO  <mkdb.Checkpoint> marshalN=1/0
2026-07-05 14:33:58.248 INFO  <mkdb.Checkpoint> snapshot=0 marshal0=0
2026-07-05 14:33:58.248 INFO  <mkdb.Checkpoint> flush=0
2026-07-05 14:33:58.248 INFO  <mkdb.Checkpoint> ----------------- end -----------------
2026-07-05 14:34:58.303 INFO  <mkdb.Checkpoint> ---------------- begin ----------------
2026-07-05 14:34:58.303 INFO  <mkdb.Checkpoint> marshalN=1/0
2026-07-05 14:34:58.303 INFO  <mkdb.Checkpoint> snapshot=0 marshal0=0
2026-07-05 14:34:58.303 INFO  <mkdb.Checkpoint> flush=0
2026-07-05 14:34:58.303 INFO  <mkdb.Checkpoint> ----------------- end -----------------
2026-07-05 14:35:58.356 INFO  <mkdb.Checkpoint> ---------------- begin ----------------
2026-07-05 14:35:58.357 INFO  <mkdb.Checkpoint> marshalN=1/0
2026-07-05 14:35:58.357 INFO  <mkdb.Checkpoint> snapshot=0 marshal0=0
2026-07-05 14:35:58.357 INFO  <mkdb.Checkpoint> flush=0
2026-07-05 14:35:58.357 INFO  <mkdb.Checkpoint> ----------------- end -----------------
2026-07-05 14:36:58.410 INFO  <mkdb.Checkpoint> ---------------- begin ----------------
2026-07-05 14:36:58.410 INFO  <mkdb.Checkpoint> marshalN=1/0
2026-07-05 14:36:58.410 INFO  <mkdb.Checkpoint> snapshot=0 marshal0=0
2026-07-05 14:36:58.410 INFO  <mkdb.Checkpoint> flush=0
2026-07-05 14:36:58.410 INFO  <mkdb.Checkpoint> ----------------- end -----------------
2026-07-05 14:37:58.464 INFO  <mkdb.Checkpoint> ---------------- begin ----------------
2026-07-05 14:37:58.464 INFO  <mkdb.Checkpoint> marshalN=1/0
2026-07-05 14:37:58.464 INFO  <mkdb.Checkpoint> snapshot=0 marshal0=0
2026-07-05 14:37:58.464 INFO  <mkdb.Checkpoint> flush=0
2026-07-05 14:37:58.464 INFO  <mkdb.Checkpoint> ----------------- end -----------------
2026-07-05 14:38:58.519 INFO  <mkdb.Checkpoint> ---------------- begin ----------------
2026-07-05 14:38:58.519 INFO  <mkdb.Checkpoint> marshalN=1/0
2026-07-05 14:38:58.519 INFO  <mkdb.Checkpoint> snapshot=0 marshal0=0
2026-07-05 14:38:58.519 INFO  <mkdb.Checkpoint> flush=0
2026-07-05 14:38:58.519 INFO  <mkdb.Checkpoint> ----------------- end -----------------
2026-07-05 14:39:58.573 INFO  <mkdb.Checkpoint> ---------------- begin ----------------
2026-07-05 14:39:58.573 INFO  <mkdb.Checkpoint> marshalN=1/0
2026-07-05 14:39:58.573 INFO  <mkdb.Checkpoint> snapshot=0 marshal0=0
2026-07-05 14:39:58.573 INFO  <mkdb.Checkpoint> flush=0
2026-07-05 14:39:58.573 INFO  <mkdb.Checkpoint> ----------------- end -----------------
2026-07-05 14:40:58.625 INFO  <mkdb.Checkpoint> ---------------- begin ----------------
2026-07-05 14:40:58.625 INFO  <mkdb.Checkpoint> marshalN=1/0
2026-07-05 14:40:58.625 INFO  <mkdb.Checkpoint> snapshot=0 marshal0=0
2026-07-05 14:40:58.625 INFO  <mkdb.Checkpoint> flush=0
2026-07-05 14:40:58.625 INFO  <mkdb.Checkpoint> ----------------- end -----------------
2026-07-05 14:41:58.679 INFO  <mkdb.Checkpoint> ---------------- begin ----------------
2026-07-05 14:41:58.679 INFO  <mkdb.Checkpoint> marshalN=1/0
2026-07-05 14:41:58.679 INFO  <mkdb.Checkpoint> snapshot=0 marshal0=0
2026-07-05 14:41:58.679 INFO  <mkdb.Checkpoint> flush=0
2026-07-05 14:41:58.679 INFO  <mkdb.Checkpoint> ----------------- end -----------------
2026-07-05 14:42:58.733 INFO  <mkdb.Checkpoint> ---------------- begin ----------------
2026-07-05 14:42:58.733 INFO  <mkdb.Checkpoint> marshalN=1/0
2026-07-05 14:42:58.733 INFO  <mkdb.Checkpoint> snapshot=0 marshal0=0
2026-07-05 14:42:58.733 INFO  <mkdb.Checkpoint> flush=0
2026-07-05 14:42:58.733 INFO  <mkdb.Checkpoint> ----------------- end -----------------
2026-07-05 14:43:58.786 INFO  <mkdb.Checkpoint> ---------------- begin ----------------
2026-07-05 14:43:58.786 INFO  <mkdb.Checkpoint> marshalN=1/0
2026-07-05 14:43:58.786 INFO  <mkdb.Checkpoint> snapshot=0 marshal0=0
2026-07-05 14:43:58.786 INFO  <mkdb.Checkpoint> flush=0
2026-07-05 14:43:58.786 INFO  <mkdb.Checkpoint> ----------------- end -----------------
2026-07-05 14:44:58.843 INFO  <mkdb.Checkpoint> ---------------- begin ----------------
2026-07-05 14:44:58.844 INFO  <mkdb.Checkpoint> marshalN=1/0
2026-07-05 14:44:58.844 INFO  <mkdb.Checkpoint> snapshot=0 marshal0=0
2026-07-05 14:44:58.844 INFO  <mkdb.Checkpoint> flush=0
2026-07-05 14:44:58.844 INFO  <mkdb.Checkpoint> ----------------- end -----------------
2026-07-05 14:45:04.228 INFO  <mkdb.Worker.procedure.32> com.locojoy.ns.Exist(activeuser:1:1) result=5
2026-07-05 14:45:58.902 INFO  <mkdb.Checkpoint> ---------------- begin ----------------
2026-07-05 14:45:58.902 INFO  <mkdb.Checkpoint> marshalN=1/0
2026-07-05 14:45:58.902 INFO  <mkdb.Checkpoint> snapshot=0 marshal0=0
2026-07-05 14:45:58.902 INFO  <mkdb.Checkpoint> flush=0
2026-07-05 14:45:58.902 INFO  <mkdb.Checkpoint> ----------------- end -----------------
2026-07-05 14:46:58.959 INFO  <mkdb.Checkpoint> ---------------- begin ----------------
2026-07-05 14:46:58.959 INFO  <mkdb.Checkpoint> marshalN=1/0
2026-07-05 14:46:58.959 INFO  <mkdb.Checkpoint> snapshot=0 marshal0=0
2026-07-05 14:46:58.959 INFO  <mkdb.Checkpoint> flush=0
2026-07-05 14:46:58.959 INFO  <mkdb.Checkpoint> ----------------- end -----------------
2026-07-05 14:47:59.015 INFO  <mkdb.Checkpoint> ---------------- begin ----------------
2026-07-05 14:47:59.015 INFO  <mkdb.Checkpoint> marshalN=1/0
2026-07-05 14:47:59.016 INFO  <mkdb.Checkpoint> snapshot=0 marshal0=0
2026-07-05 14:47:59.016 INFO  <mkdb.Checkpoint> flush=0
2026-07-05 14:47:59.016 INFO  <mkdb.Checkpoint> ----------------- end -----------------
2026-07-05 14:48:59.073 INFO  <mkdb.Checkpoint> ---------------- begin ----------------
2026-07-05 14:48:59.074 INFO  <mkdb.Checkpoint> marshalN=1/0
2026-07-05 14:48:59.074 INFO  <mkdb.Checkpoint> snapshot=0 marshal0=0
2026-07-05 14:48:59.074 INFO  <mkdb.Checkpoint> flush=0
2026-07-05 14:48:59.074 INFO  <mkdb.Checkpoint> ----------------- end -----------------
2026-07-05 14:49:59.132 INFO  <mkdb.Checkpoint> ---------------- begin ----------------
2026-07-05 14:49:59.132 INFO  <mkdb.Checkpoint> marshalN=1/0
2026-07-05 14:49:59.132 INFO  <mkdb.Checkpoint> snapshot=0 marshal0=0
2026-07-05 14:49:59.132 INFO  <mkdb.Checkpoint> flush=0
2026-07-05 14:49:59.132 INFO  <mkdb.Checkpoint> ----------------- end -----------------
2026-07-05 14:50:24.366 INFO  <mkdb.Worker.procedure.20> com.locojoy.ns.Exist(activeuser:1:1) result=5
2026-07-05 14:50:59.192 INFO  <mkdb.Checkpoint> ---------------- begin ----------------
2026-07-05 14:50:59.192 INFO  <mkdb.Checkpoint> marshalN=1/0
2026-07-05 14:50:59.192 INFO  <mkdb.Checkpoint> snapshot=0 marshal0=0
2026-07-05 14:50:59.192 INFO  <mkdb.Checkpoint> flush=0
2026-07-05 14:50:59.192 INFO  <mkdb.Checkpoint> ----------------- end -----------------
2026-07-05 14:51:59.246 INFO  <mkdb.Checkpoint> ---------------- begin ----------------
2026-07-05 14:51:59.246 INFO  <mkdb.Checkpoint> marshalN=1/0
2026-07-05 14:51:59.247 INFO  <mkdb.Checkpoint> snapshot=0 marshal0=0
2026-07-05 14:51:59.247 INFO  <mkdb.Checkpoint> flush=0
2026-07-05 14:51:59.247 INFO  <mkdb.Checkpoint> ----------------- end -----------------
2026-07-05 14:52:59.302 INFO  <mkdb.Checkpoint> ---------------- begin ----------------
2026-07-05 14:52:59.302 INFO  <mkdb.Checkpoint> marshalN=1/0
2026-07-05 14:52:59.302 INFO  <mkdb.Checkpoint> snapshot=0 marshal0=0
2026-07-05 14:52:59.302 INFO  <mkdb.Checkpoint> flush=0
2026-07-05 14:52:59.302 INFO  <mkdb.Checkpoint> ----------------- end -----------------
2026-07-05 14:53:59.359 INFO  <mkdb.Checkpoint> ---------------- begin ----------------
2026-07-05 14:53:59.360 INFO  <mkdb.Checkpoint> marshalN=1/0
2026-07-05 14:53:59.360 INFO  <mkdb.Checkpoint> snapshot=0 marshal0=0
2026-07-05 14:53:59.360 INFO  <mkdb.Checkpoint> flush=0
2026-07-05 14:53:59.360 INFO  <mkdb.Checkpoint> ----------------- end -----------------
2026-07-05 14:54:59.415 INFO  <mkdb.Checkpoint> ---------------- begin ----------------
2026-07-05 14:54:59.415 INFO  <mkdb.Checkpoint> marshalN=1/0
2026-07-05 14:54:59.415 INFO  <mkdb.Checkpoint> snapshot=0 marshal0=0
2026-07-05 14:54:59.415 INFO  <mkdb.Checkpoint> flush=0
2026-07-05 14:54:59.415 INFO  <mkdb.Checkpoint> ----------------- end -----------------
2026-07-05 14:55:59.471 INFO  <mkdb.Checkpoint> ---------------- begin ----------------
2026-07-05 14:55:59.471 INFO  <mkdb.Checkpoint> marshalN=1/0
2026-07-05 14:55:59.471 INFO  <mkdb.Checkpoint> snapshot=0 marshal0=0
2026-07-05 14:55:59.472 INFO  <mkdb.Checkpoint> flush=0
2026-07-05 14:55:59.472 INFO  <mkdb.Checkpoint> ----------------- end -----------------
2026-07-05 14:56:59.532 INFO  <mkdb.Checkpoint> ---------------- begin ----------------
2026-07-05 14:56:59.532 INFO  <mkdb.Checkpoint> marshalN=1/0
2026-07-05 14:56:59.532 INFO  <mkdb.Checkpoint> snapshot=0 marshal0=0
2026-07-05 14:56:59.532 INFO  <mkdb.Checkpoint> flush=0
2026-07-05 14:56:59.532 INFO  <mkdb.Checkpoint> ----------------- end -----------------
2026-07-05 14:57:59.584 INFO  <mkdb.Checkpoint> ---------------- begin ----------------
2026-07-05 14:57:59.584 INFO  <mkdb.Checkpoint> marshalN=1/0
2026-07-05 14:57:59.584 INFO  <mkdb.Checkpoint> snapshot=0 marshal0=0
2026-07-05 14:57:59.584 INFO  <mkdb.Checkpoint> flush=0
2026-07-05 14:57:59.584 INFO  <mkdb.Checkpoint> ----------------- end -----------------
2026-07-05 14:58:59.642 INFO  <mkdb.Checkpoint> ---------------- begin ----------------
2026-07-05 14:58:59.642 INFO  <mkdb.Checkpoint> marshalN=1/0
2026-07-05 14:58:59.642 INFO  <mkdb.Checkpoint> snapshot=0 marshal0=0
2026-07-05 14:58:59.642 INFO  <mkdb.Checkpoint> flush=0
2026-07-05 14:58:59.642 INFO  <mkdb.Checkpoint> ----------------- end -----------------
2026-07-05 14:59:59.700 INFO  <mkdb.Checkpoint> ---------------- begin ----------------
2026-07-05 14:59:59.700 INFO  <mkdb.Checkpoint> marshalN=1/0
2026-07-05 14:59:59.700 INFO  <mkdb.Checkpoint> snapshot=0 marshal0=0
2026-07-05 14:59:59.700 INFO  <mkdb.Checkpoint> flush=0
2026-07-05 14:59:59.700 INFO  <mkdb.Checkpoint> ----------------- end -----------------
2026-07-05 15:00:59.758 INFO  <mkdb.Checkpoint> ---------------- begin ----------------
2026-07-05 15:00:59.758 INFO  <mkdb.Checkpoint> marshalN=1/0
2026-07-05 15:00:59.758 INFO  <mkdb.Checkpoint> snapshot=0 marshal0=0
2026-07-05 15:00:59.758 INFO  <mkdb.Checkpoint> flush=0
2026-07-05 15:00:59.758 INFO  <mkdb.Checkpoint> ----------------- end -----------------
2026-07-05 15:01:59.812 INFO  <mkdb.Checkpoint> ---------------- begin ----------------
2026-07-05 15:01:59.812 INFO  <mkdb.Checkpoint> marshalN=1/0
2026-07-05 15:01:59.812 INFO  <mkdb.Checkpoint> snapshot=0 marshal0=0
2026-07-05 15:01:59.812 INFO  <mkdb.Checkpoint> flush=0
2026-07-05 15:01:59.813 INFO  <mkdb.Checkpoint> ----------------- end -----------------
2026-07-05 15:02:59.870 INFO  <mkdb.Checkpoint> ---------------- begin ----------------
2026-07-05 15:02:59.870 INFO  <mkdb.Checkpoint> marshalN=1/0
2026-07-05 15:02:59.870 INFO  <mkdb.Checkpoint> snapshot=0 marshal0=0
2026-07-05 15:02:59.870 INFO  <mkdb.Checkpoint> flush=0
2026-07-05 15:02:59.870 INFO  <mkdb.Checkpoint> ----------------- end -----------------
2026-07-05 15:03:59.924 INFO  <mkdb.Checkpoint> ---------------- begin ----------------
2026-07-05 15:03:59.924 INFO  <mkdb.Checkpoint> marshalN=1/0
2026-07-05 15:03:59.925 INFO  <mkdb.Checkpoint> snapshot=0 marshal0=0
2026-07-05 15:03:59.925 INFO  <mkdb.Checkpoint> flush=0
2026-07-05 15:03:59.925 INFO  <mkdb.Checkpoint> ----------------- end -----------------
2026-07-05 15:04:59.983 INFO  <mkdb.Checkpoint> ---------------- begin ----------------
2026-07-05 15:04:59.983 INFO  <mkdb.Checkpoint> marshalN=1/0
2026-07-05 15:04:59.984 INFO  <mkdb.Checkpoint> snapshot=0 marshal0=0
2026-07-05 15:04:59.984 INFO  <mkdb.Checkpoint> flush=0
2026-07-05 15:04:59.984 INFO  <mkdb.Checkpoint> ----------------- end -----------------
2026-07-05 15:06:00.039 INFO  <mkdb.Checkpoint> ---------------- begin ----------------
2026-07-05 15:06:00.039 INFO  <mkdb.Checkpoint> marshalN=1/0
2026-07-05 15:06:00.039 INFO  <mkdb.Checkpoint> snapshot=0 marshal0=0
2026-07-05 15:06:00.039 INFO  <mkdb.Checkpoint> flush=0
2026-07-05 15:06:00.039 INFO  <mkdb.Checkpoint> ----------------- end -----------------
2026-07-05 15:07:00.093 INFO  <mkdb.Checkpoint> ---------------- begin ----------------
2026-07-05 15:07:00.093 INFO  <mkdb.Checkpoint> marshalN=1/0
2026-07-05 15:07:00.093 INFO  <mkdb.Checkpoint> snapshot=0 marshal0=0
2026-07-05 15:07:00.093 INFO  <mkdb.Checkpoint> flush=0
2026-07-05 15:07:00.093 INFO  <mkdb.Checkpoint> ----------------- end -----------------
2026-07-05 15:08:00.148 INFO  <mkdb.Checkpoint> ---------------- begin ----------------
2026-07-05 15:08:00.148 INFO  <mkdb.Checkpoint> marshalN=1/0
2026-07-05 15:08:00.148 INFO  <mkdb.Checkpoint> snapshot=0 marshal0=0
2026-07-05 15:08:00.148 INFO  <mkdb.Checkpoint> flush=0
2026-07-05 15:08:00.148 INFO  <mkdb.Checkpoint> ----------------- end -----------------
2026-07-05 15:09:00.205 INFO  <mkdb.Checkpoint> ---------------- begin ----------------
2026-07-05 15:09:00.205 INFO  <mkdb.Checkpoint> marshalN=1/0
2026-07-05 15:09:00.205 INFO  <mkdb.Checkpoint> snapshot=0 marshal0=0
2026-07-05 15:09:00.205 INFO  <mkdb.Checkpoint> flush=0
2026-07-05 15:09:00.205 INFO  <mkdb.Checkpoint> ----------------- end -----------------
2026-07-05 15:10:00.262 INFO  <mkdb.Checkpoint> ---------------- begin ----------------
2026-07-05 15:10:00.262 INFO  <mkdb.Checkpoint> marshalN=1/0
2026-07-05 15:10:00.262 INFO  <mkdb.Checkpoint> snapshot=0 marshal0=0
2026-07-05 15:10:00.262 INFO  <mkdb.Checkpoint> flush=0
2026-07-05 15:10:00.262 INFO  <mkdb.Checkpoint> ----------------- end -----------------
2026-07-05 15:11:00.317 INFO  <mkdb.Checkpoint> ---------------- begin ----------------
2026-07-05 15:11:00.318 INFO  <mkdb.Checkpoint> marshalN=1/0
2026-07-05 15:11:00.318 INFO  <mkdb.Checkpoint> snapshot=0 marshal0=0
2026-07-05 15:11:00.318 INFO  <mkdb.Checkpoint> flush=0
2026-07-05 15:11:00.318 INFO  <mkdb.Checkpoint> ----------------- end -----------------
2026-07-05 15:12:00.375 INFO  <mkdb.Checkpoint> ---------------- begin ----------------
2026-07-05 15:12:00.375 INFO  <mkdb.Checkpoint> marshalN=1/0
2026-07-05 15:12:00.375 INFO  <mkdb.Checkpoint> snapshot=0 marshal0=0
2026-07-05 15:12:00.375 INFO  <mkdb.Checkpoint> flush=0
2026-07-05 15:12:00.375 INFO  <mkdb.Checkpoint> ----------------- end -----------------
2026-07-05 15:13:00.429 INFO  <mkdb.Checkpoint> ---------------- begin ----------------
2026-07-05 15:13:00.429 INFO  <mkdb.Checkpoint> marshalN=1/0
2026-07-05 15:13:00.429 INFO  <mkdb.Checkpoint> snapshot=0 marshal0=0
2026-07-05 15:13:00.429 INFO  <mkdb.Checkpoint> flush=0
2026-07-05 15:13:00.429 INFO  <mkdb.Checkpoint> ----------------- end -----------------
2026-07-05 15:14:00.484 INFO  <mkdb.Checkpoint> ---------------- begin ----------------
2026-07-05 15:14:00.484 INFO  <mkdb.Checkpoint> marshalN=1/0
2026-07-05 15:14:00.484 INFO  <mkdb.Checkpoint> snapshot=0 marshal0=0
2026-07-05 15:14:00.484 INFO  <mkdb.Checkpoint> flush=0
2026-07-05 15:14:00.484 INFO  <mkdb.Checkpoint> ----------------- end -----------------
2026-07-05 15:15:00.538 INFO  <mkdb.Checkpoint> ---------------- begin ----------------
2026-07-05 15:15:00.538 INFO  <mkdb.Checkpoint> marshalN=1/0
2026-07-05 15:15:00.538 INFO  <mkdb.Checkpoint> snapshot=0 marshal0=0
2026-07-05 15:15:00.538 INFO  <mkdb.Checkpoint> flush=0
2026-07-05 15:15:00.538 INFO  <mkdb.Checkpoint> ----------------- end -----------------
2026-07-05 15:15:54.088 WARN  <mkdb.Backup> backup FULL begin
2026-07-05 15:15:54.089 WARN  <mkdb.Backup> backup FULL end
2026-07-05 15:16:00.594 INFO  <mkdb.Checkpoint> ---------------- begin ----------------
2026-07-05 15:16:00.594 INFO  <mkdb.Checkpoint> marshalN=1/0
2026-07-05 15:16:00.594 INFO  <mkdb.Checkpoint> snapshot=0 marshal0=0
2026-07-05 15:16:00.594 INFO  <mkdb.Checkpoint> flush=0
2026-07-05 15:16:00.594 INFO  <mkdb.Checkpoint> ----------------- end -----------------
2026-07-05 15:17:00.648 INFO  <mkdb.Checkpoint> ---------------- begin ----------------
2026-07-05 15:17:00.648 INFO  <mkdb.Checkpoint> marshalN=1/0
2026-07-05 15:17:00.648 INFO  <mkdb.Checkpoint> snapshot=0 marshal0=0
2026-07-05 15:17:00.648 INFO  <mkdb.Checkpoint> flush=0
2026-07-05 15:17:00.648 INFO  <mkdb.Checkpoint> ----------------- end -----------------
2026-07-05 15:18:00.703 INFO  <mkdb.Checkpoint> ---------------- begin ----------------
2026-07-05 15:18:00.703 INFO  <mkdb.Checkpoint> marshalN=1/0
2026-07-05 15:18:00.703 INFO  <mkdb.Checkpoint> snapshot=0 marshal0=0
2026-07-05 15:18:00.703 INFO  <mkdb.Checkpoint> flush=0
2026-07-05 15:18:00.703 INFO  <mkdb.Checkpoint> ----------------- end -----------------
2026-07-05 15:19:00.757 INFO  <mkdb.Checkpoint> ---------------- begin ----------------
2026-07-05 15:19:00.757 INFO  <mkdb.Checkpoint> marshalN=1/0
2026-07-05 15:19:00.757 INFO  <mkdb.Checkpoint> snapshot=0 marshal0=0
2026-07-05 15:19:00.757 INFO  <mkdb.Checkpoint> flush=0
2026-07-05 15:19:00.757 INFO  <mkdb.Checkpoint> ----------------- end -----------------
2026-07-05 15:20:00.808 INFO  <mkdb.Checkpoint> ---------------- begin ----------------
2026-07-05 15:20:00.808 INFO  <mkdb.Checkpoint> marshalN=1/0
2026-07-05 15:20:00.808 INFO  <mkdb.Checkpoint> snapshot=0 marshal0=0
2026-07-05 15:20:00.808 INFO  <mkdb.Checkpoint> flush=0
2026-07-05 15:20:00.808 INFO  <mkdb.Checkpoint> ----------------- end -----------------
2026-07-05 15:21:00.863 INFO  <mkdb.Checkpoint> ---------------- begin ----------------
2026-07-05 15:21:00.863 INFO  <mkdb.Checkpoint> marshalN=1/0
2026-07-05 15:21:00.863 INFO  <mkdb.Checkpoint> snapshot=0 marshal0=0
2026-07-05 15:21:00.863 INFO  <mkdb.Checkpoint> flush=0
2026-07-05 15:21:00.863 INFO  <mkdb.Checkpoint> ----------------- end -----------------
2026-07-05 15:22:00.917 INFO  <mkdb.Checkpoint> ---------------- begin ----------------
2026-07-05 15:22:00.917 INFO  <mkdb.Checkpoint> marshalN=1/0
2026-07-05 15:22:00.917 INFO  <mkdb.Checkpoint> snapshot=0 marshal0=0
2026-07-05 15:22:00.917 INFO  <mkdb.Checkpoint> flush=0
2026-07-05 15:22:00.917 INFO  <mkdb.Checkpoint> ----------------- end -----------------
2026-07-05 15:23:00.970 INFO  <mkdb.Checkpoint> ---------------- begin ----------------
2026-07-05 15:23:00.970 INFO  <mkdb.Checkpoint> marshalN=1/0
2026-07-05 15:23:00.970 INFO  <mkdb.Checkpoint> snapshot=0 marshal0=0
2026-07-05 15:23:00.970 INFO  <mkdb.Checkpoint> flush=0
2026-07-05 15:23:00.970 INFO  <mkdb.Checkpoint> ----------------- end -----------------
2026-07-05 15:24:01.024 INFO  <mkdb.Checkpoint> ---------------- begin ----------------
2026-07-05 15:24:01.024 INFO  <mkdb.Checkpoint> marshalN=1/0
2026-07-05 15:24:01.024 INFO  <mkdb.Checkpoint> snapshot=0 marshal0=0
2026-07-05 15:24:01.024 INFO  <mkdb.Checkpoint> flush=0
2026-07-05 15:24:01.024 INFO  <mkdb.Checkpoint> ----------------- end -----------------
2026-07-05 15:25:01.078 INFO  <mkdb.Checkpoint> ---------------- begin ----------------
2026-07-05 15:25:01.078 INFO  <mkdb.Checkpoint> marshalN=1/0
2026-07-05 15:25:01.078 INFO  <mkdb.Checkpoint> snapshot=0 marshal0=0
2026-07-05 15:25:01.078 INFO  <mkdb.Checkpoint> flush=0
2026-07-05 15:25:01.078 INFO  <mkdb.Checkpoint> ----------------- end -----------------
2026-07-05 15:26:01.133 INFO  <mkdb.Checkpoint> ---------------- begin ----------------
2026-07-05 15:26:01.133 INFO  <mkdb.Checkpoint> marshalN=1/0
2026-07-05 15:26:01.133 INFO  <mkdb.Checkpoint> snapshot=0 marshal0=0
2026-07-05 15:26:01.133 INFO  <mkdb.Checkpoint> flush=0
2026-07-05 15:26:01.133 INFO  <mkdb.Checkpoint> ----------------- end -----------------
2026-07-05 15:27:01.184 INFO  <mkdb.Checkpoint> ---------------- begin ----------------
2026-07-05 15:27:01.184 INFO  <mkdb.Checkpoint> marshalN=1/0
2026-07-05 15:27:01.184 INFO  <mkdb.Checkpoint> snapshot=0 marshal0=0
2026-07-05 15:27:01.184 INFO  <mkdb.Checkpoint> flush=0
2026-07-05 15:27:01.184 INFO  <mkdb.Checkpoint> ----------------- end -----------------
2026-07-05 15:28:01.239 INFO  <mkdb.Checkpoint> ---------------- begin ----------------
2026-07-05 15:28:01.239 INFO  <mkdb.Checkpoint> marshalN=1/0
2026-07-05 15:28:01.239 INFO  <mkdb.Checkpoint> snapshot=0 marshal0=0
2026-07-05 15:28:01.239 INFO  <mkdb.Checkpoint> flush=0
2026-07-05 15:28:01.239 INFO  <mkdb.Checkpoint> ----------------- end -----------------
2026-07-05 15:29:01.294 INFO  <mkdb.Checkpoint> ---------------- begin ----------------
2026-07-05 15:29:01.294 INFO  <mkdb.Checkpoint> marshalN=1/0
2026-07-05 15:29:01.294 INFO  <mkdb.Checkpoint> snapshot=0 marshal0=0
2026-07-05 15:29:01.294 INFO  <mkdb.Checkpoint> flush=0
2026-07-05 15:29:01.294 INFO  <mkdb.Checkpoint> ----------------- end -----------------
2026-07-05 15:30:01.346 INFO  <mkdb.Checkpoint> ---------------- begin ----------------
2026-07-05 15:30:01.346 INFO  <mkdb.Checkpoint> marshalN=1/0
2026-07-05 15:30:01.346 INFO  <mkdb.Checkpoint> snapshot=0 marshal0=0
2026-07-05 15:30:01.346 INFO  <mkdb.Checkpoint> flush=0
2026-07-05 15:30:01.346 INFO  <mkdb.Checkpoint> ----------------- end -----------------
2026-07-05 15:31:01.399 INFO  <mkdb.Checkpoint> ---------------- begin ----------------
2026-07-05 15:31:01.399 INFO  <mkdb.Checkpoint> marshalN=1/0
2026-07-05 15:31:01.399 INFO  <mkdb.Checkpoint> snapshot=0 marshal0=0
2026-07-05 15:31:01.399 INFO  <mkdb.Checkpoint> flush=0
2026-07-05 15:31:01.399 INFO  <mkdb.Checkpoint> ----------------- end -----------------
2026-07-05 15:32:01.454 INFO  <mkdb.Checkpoint> ---------------- begin ----------------
2026-07-05 15:32:01.454 INFO  <mkdb.Checkpoint> marshalN=1/0
2026-07-05 15:32:01.454 INFO  <mkdb.Checkpoint> snapshot=0 marshal0=0
2026-07-05 15:32:01.454 INFO  <mkdb.Checkpoint> flush=0
2026-07-05 15:32:01.454 INFO  <mkdb.Checkpoint> ----------------- end -----------------
2026-07-05 15:33:01.507 INFO  <mkdb.Checkpoint> ---------------- begin ----------------
2026-07-05 15:33:01.507 INFO  <mkdb.Checkpoint> marshalN=1/0
2026-07-05 15:33:01.507 INFO  <mkdb.Checkpoint> snapshot=0 marshal0=0
2026-07-05 15:33:01.507 INFO  <mkdb.Checkpoint> flush=0
2026-07-05 15:33:01.507 INFO  <mkdb.Checkpoint> ----------------- end -----------------
2026-07-05 15:34:01.562 INFO  <mkdb.Checkpoint> ---------------- begin ----------------
2026-07-05 15:34:01.562 INFO  <mkdb.Checkpoint> marshalN=1/0
2026-07-05 15:34:01.562 INFO  <mkdb.Checkpoint> snapshot=0 marshal0=0
2026-07-05 15:34:01.562 INFO  <mkdb.Checkpoint> flush=0
2026-07-05 15:34:01.562 INFO  <mkdb.Checkpoint> ----------------- end -----------------
2026-07-05 15:35:01.616 INFO  <mkdb.Checkpoint> ---------------- begin ----------------
2026-07-05 15:35:01.616 INFO  <mkdb.Checkpoint> marshalN=1/0
2026-07-05 15:35:01.616 INFO  <mkdb.Checkpoint> snapshot=0 marshal0=0
2026-07-05 15:35:01.616 INFO  <mkdb.Checkpoint> flush=0
2026-07-05 15:35:01.616 INFO  <mkdb.Checkpoint> ----------------- end -----------------
2026-07-05 15:36:01.669 INFO  <mkdb.Checkpoint> ---------------- begin ----------------
2026-07-05 15:36:01.669 INFO  <mkdb.Checkpoint> marshalN=1/0
2026-07-05 15:36:01.669 INFO  <mkdb.Checkpoint> snapshot=0 marshal0=0
2026-07-05 15:36:01.669 INFO  <mkdb.Checkpoint> flush=0
2026-07-05 15:36:01.669 INFO  <mkdb.Checkpoint> ----------------- end -----------------
2026-07-05 15:37:01.721 INFO  <mkdb.Checkpoint> ---------------- begin ----------------
2026-07-05 15:37:01.721 INFO  <mkdb.Checkpoint> marshalN=1/0
2026-07-05 15:37:01.721 INFO  <mkdb.Checkpoint> snapshot=0 marshal0=0
2026-07-05 15:37:01.721 INFO  <mkdb.Checkpoint> flush=0
2026-07-05 15:37:01.721 INFO  <mkdb.Checkpoint> ----------------- end -----------------
2026-07-05 15:38:01.780 INFO  <mkdb.Checkpoint> ---------------- begin ----------------
2026-07-05 15:38:01.780 INFO  <mkdb.Checkpoint> marshalN=1/0
2026-07-05 15:38:01.780 INFO  <mkdb.Checkpoint> snapshot=0 marshal0=0
2026-07-05 15:38:01.780 INFO  <mkdb.Checkpoint> flush=0
2026-07-05 15:38:01.780 INFO  <mkdb.Checkpoint> ----------------- end -----------------
2026-07-05 15:39:01.831 INFO  <mkdb.Checkpoint> ---------------- begin ----------------
2026-07-05 15:39:01.831 INFO  <mkdb.Checkpoint> marshalN=1/0
2026-07-05 15:39:01.831 INFO  <mkdb.Checkpoint> snapshot=0 marshal0=0
2026-07-05 15:39:01.831 INFO  <mkdb.Checkpoint> flush=0
2026-07-05 15:39:01.831 INFO  <mkdb.Checkpoint> ----------------- end -----------------
2026-07-05 15:40:01.883 INFO  <mkdb.Checkpoint> ---------------- begin ----------------
2026-07-05 15:40:01.883 INFO  <mkdb.Checkpoint> marshalN=1/0
2026-07-05 15:40:01.883 INFO  <mkdb.Checkpoint> snapshot=0 marshal0=0
2026-07-05 15:40:01.883 INFO  <mkdb.Checkpoint> flush=0
2026-07-05 15:40:01.883 INFO  <mkdb.Checkpoint> ----------------- end -----------------
2026-07-05 15:41:01.938 INFO  <mkdb.Checkpoint> ---------------- begin ----------------
2026-07-05 15:41:01.938 INFO  <mkdb.Checkpoint> marshalN=1/0
2026-07-05 15:41:01.938 INFO  <mkdb.Checkpoint> snapshot=0 marshal0=0
2026-07-05 15:41:01.938 INFO  <mkdb.Checkpoint> flush=0
2026-07-05 15:41:01.938 INFO  <mkdb.Checkpoint> ----------------- end -----------------
2026-07-05 15:42:01.991 INFO  <mkdb.Checkpoint> ---------------- begin ----------------
2026-07-05 15:42:01.992 INFO  <mkdb.Checkpoint> marshalN=1/0
2026-07-05 15:42:01.992 INFO  <mkdb.Checkpoint> snapshot=0 marshal0=0
2026-07-05 15:42:01.992 INFO  <mkdb.Checkpoint> flush=0
2026-07-05 15:42:01.992 INFO  <mkdb.Checkpoint> ----------------- end -----------------
2026-07-05 15:43:02.047 INFO  <mkdb.Checkpoint> ---------------- begin ----------------
2026-07-05 15:43:02.047 INFO  <mkdb.Checkpoint> marshalN=1/0
2026-07-05 15:43:02.047 INFO  <mkdb.Checkpoint> snapshot=0 marshal0=0
2026-07-05 15:43:02.047 INFO  <mkdb.Checkpoint> flush=0
2026-07-05 15:43:02.047 INFO  <mkdb.Checkpoint> ----------------- end -----------------
2026-07-05 15:44:02.102 INFO  <mkdb.Checkpoint> ---------------- begin ----------------
2026-07-05 15:44:02.103 INFO  <mkdb.Checkpoint> marshalN=1/0
2026-07-05 15:44:02.103 INFO  <mkdb.Checkpoint> snapshot=0 marshal0=0
2026-07-05 15:44:02.103 INFO  <mkdb.Checkpoint> flush=0
2026-07-05 15:44:02.103 INFO  <mkdb.Checkpoint> ----------------- end -----------------
2026-07-05 15:45:02.156 INFO  <mkdb.Checkpoint> ---------------- begin ----------------
2026-07-05 15:45:02.156 INFO  <mkdb.Checkpoint> marshalN=1/0
2026-07-05 15:45:02.156 INFO  <mkdb.Checkpoint> snapshot=0 marshal0=0
2026-07-05 15:45:02.156 INFO  <mkdb.Checkpoint> flush=0
2026-07-05 15:45:02.156 INFO  <mkdb.Checkpoint> ----------------- end -----------------
2026-07-05 15:46:02.208 INFO  <mkdb.Checkpoint> ---------------- begin ----------------
2026-07-05 15:46:02.208 INFO  <mkdb.Checkpoint> marshalN=1/0
2026-07-05 15:46:02.208 INFO  <mkdb.Checkpoint> snapshot=0 marshal0=0
2026-07-05 15:46:02.208 INFO  <mkdb.Checkpoint> flush=0
2026-07-05 15:46:02.208 INFO  <mkdb.Checkpoint> ----------------- end -----------------
2026-07-05 15:47:02.263 INFO  <mkdb.Checkpoint> ---------------- begin ----------------
2026-07-05 15:47:02.263 INFO  <mkdb.Checkpoint> marshalN=1/0
2026-07-05 15:47:02.263 INFO  <mkdb.Checkpoint> snapshot=0 marshal0=0
2026-07-05 15:47:02.263 INFO  <mkdb.Checkpoint> flush=0
2026-07-05 15:47:02.263 INFO  <mkdb.Checkpoint> ----------------- end -----------------
2026-07-05 15:48:02.315 INFO  <mkdb.Checkpoint> ---------------- begin ----------------
2026-07-05 15:48:02.315 INFO  <mkdb.Checkpoint> marshalN=1/0
2026-07-05 15:48:02.315 INFO  <mkdb.Checkpoint> snapshot=0 marshal0=0
2026-07-05 15:48:02.315 INFO  <mkdb.Checkpoint> flush=0
2026-07-05 15:48:02.315 INFO  <mkdb.Checkpoint> ----------------- end -----------------
2026-07-05 15:49:02.369 INFO  <mkdb.Checkpoint> ---------------- begin ----------------
2026-07-05 15:49:02.369 INFO  <mkdb.Checkpoint> marshalN=1/0
2026-07-05 15:49:02.369 INFO  <mkdb.Checkpoint> snapshot=0 marshal0=0
2026-07-05 15:49:02.369 INFO  <mkdb.Checkpoint> flush=0
2026-07-05 15:49:02.369 INFO  <mkdb.Checkpoint> ----------------- end -----------------
2026-07-05 15:50:02.426 INFO  <mkdb.Checkpoint> ---------------- begin ----------------
2026-07-05 15:50:02.426 INFO  <mkdb.Checkpoint> marshalN=1/0
2026-07-05 15:50:02.426 INFO  <mkdb.Checkpoint> snapshot=0 marshal0=0
2026-07-05 15:50:02.426 INFO  <mkdb.Checkpoint> flush=0
2026-07-05 15:50:02.426 INFO  <mkdb.Checkpoint> ----------------- end -----------------
2026-07-05 15:51:02.476 INFO  <mkdb.Checkpoint> ---------------- begin ----------------
2026-07-05 15:51:02.476 INFO  <mkdb.Checkpoint> marshalN=1/0
2026-07-05 15:51:02.476 INFO  <mkdb.Checkpoint> snapshot=0 marshal0=0
2026-07-05 15:51:02.476 INFO  <mkdb.Checkpoint> flush=0
2026-07-05 15:51:02.476 INFO  <mkdb.Checkpoint> ----------------- end -----------------
2026-07-05 15:52:02.528 INFO  <mkdb.Checkpoint> ---------------- begin ----------------
2026-07-05 15:52:02.528 INFO  <mkdb.Checkpoint> marshalN=1/0
2026-07-05 15:52:02.528 INFO  <mkdb.Checkpoint> snapshot=0 marshal0=0
2026-07-05 15:52:02.528 INFO  <mkdb.Checkpoint> flush=0
2026-07-05 15:52:02.528 INFO  <mkdb.Checkpoint> ----------------- end -----------------
2026-07-05 15:53:02.582 INFO  <mkdb.Checkpoint> ---------------- begin ----------------
2026-07-05 15:53:02.582 INFO  <mkdb.Checkpoint> marshalN=1/0
2026-07-05 15:53:02.582 INFO  <mkdb.Checkpoint> snapshot=0 marshal0=0
2026-07-05 15:53:02.582 INFO  <mkdb.Checkpoint> flush=0
2026-07-05 15:53:02.582 INFO  <mkdb.Checkpoint> ----------------- end -----------------
2026-07-05 15:54:02.637 INFO  <mkdb.Checkpoint> ---------------- begin ----------------
2026-07-05 15:54:02.637 INFO  <mkdb.Checkpoint> marshalN=1/0
2026-07-05 15:54:02.637 INFO  <mkdb.Checkpoint> snapshot=0 marshal0=0
2026-07-05 15:54:02.637 INFO  <mkdb.Checkpoint> flush=0
2026-07-05 15:54:02.637 INFO  <mkdb.Checkpoint> ----------------- end -----------------
2026-07-05 15:55:02.690 INFO  <mkdb.Checkpoint> ---------------- begin ----------------
2026-07-05 15:55:02.690 INFO  <mkdb.Checkpoint> marshalN=1/0
2026-07-05 15:55:02.690 INFO  <mkdb.Checkpoint> snapshot=0 marshal0=0
2026-07-05 15:55:02.690 INFO  <mkdb.Checkpoint> flush=0
2026-07-05 15:55:02.690 INFO  <mkdb.Checkpoint> ----------------- end -----------------
2026-07-05 15:56:02.744 INFO  <mkdb.Checkpoint> ---------------- begin ----------------
2026-07-05 15:56:02.744 INFO  <mkdb.Checkpoint> marshalN=1/0
2026-07-05 15:56:02.744 INFO  <mkdb.Checkpoint> snapshot=0 marshal0=0
2026-07-05 15:56:02.744 INFO  <mkdb.Checkpoint> flush=0
2026-07-05 15:56:02.744 INFO  <mkdb.Checkpoint> ----------------- end -----------------
2026-07-05 15:57:02.796 INFO  <mkdb.Checkpoint> ---------------- begin ----------------
2026-07-05 15:57:02.796 INFO  <mkdb.Checkpoint> marshalN=1/0
2026-07-05 15:57:02.796 INFO  <mkdb.Checkpoint> snapshot=0 marshal0=0
2026-07-05 15:57:02.796 INFO  <mkdb.Checkpoint> flush=0
2026-07-05 15:57:02.796 INFO  <mkdb.Checkpoint> ----------------- end -----------------
2026-07-05 15:58:02.848 INFO  <mkdb.Checkpoint> ---------------- begin ----------------
2026-07-05 15:58:02.848 INFO  <mkdb.Checkpoint> marshalN=1/0
2026-07-05 15:58:02.848 INFO  <mkdb.Checkpoint> snapshot=0 marshal0=0
2026-07-05 15:58:02.848 INFO  <mkdb.Checkpoint> flush=0
2026-07-05 15:58:02.848 INFO  <mkdb.Checkpoint> ----------------- end -----------------
2026-07-05 15:59:02.900 INFO  <mkdb.Checkpoint> ---------------- begin ----------------
2026-07-05 15:59:02.900 INFO  <mkdb.Checkpoint> marshalN=1/0
2026-07-05 15:59:02.900 INFO  <mkdb.Checkpoint> snapshot=0 marshal0=0
2026-07-05 15:59:02.900 INFO  <mkdb.Checkpoint> flush=0
2026-07-05 15:59:02.900 INFO  <mkdb.Checkpoint> ----------------- end -----------------
2026-07-05 16:00:02.953 INFO  <mkdb.Checkpoint> ---------------- begin ----------------
2026-07-05 16:00:02.954 INFO  <mkdb.Checkpoint> marshalN=1/0
2026-07-05 16:00:02.954 INFO  <mkdb.Checkpoint> snapshot=0 marshal0=0
2026-07-05 16:00:02.954 INFO  <mkdb.Checkpoint> flush=0
2026-07-05 16:00:02.954 INFO  <mkdb.Checkpoint> ----------------- end -----------------
2026-07-05 16:01:03.019 INFO  <mkdb.Checkpoint> ---------------- begin ----------------
2026-07-05 16:01:03.019 INFO  <mkdb.Checkpoint> marshalN=1/0
2026-07-05 16:01:03.019 INFO  <mkdb.Checkpoint> snapshot=0 marshal0=0
2026-07-05 16:01:03.019 INFO  <mkdb.Checkpoint> flush=0
2026-07-05 16:01:03.019 INFO  <mkdb.Checkpoint> ----------------- end -----------------
2026-07-05 16:02:03.077 INFO  <mkdb.Checkpoint> ---------------- begin ----------------
2026-07-05 16:02:03.077 INFO  <mkdb.Checkpoint> marshalN=1/0
2026-07-05 16:02:03.077 INFO  <mkdb.Checkpoint> snapshot=0 marshal0=0
2026-07-05 16:02:03.077 INFO  <mkdb.Checkpoint> flush=0
2026-07-05 16:02:03.077 INFO  <mkdb.Checkpoint> ----------------- end -----------------
2026-07-05 16:03:03.136 INFO  <mkdb.Checkpoint> ---------------- begin ----------------
2026-07-05 16:03:03.136 INFO  <mkdb.Checkpoint> marshalN=1/0
2026-07-05 16:03:03.136 INFO  <mkdb.Checkpoint> snapshot=0 marshal0=0
2026-07-05 16:03:03.136 INFO  <mkdb.Checkpoint> flush=0
2026-07-05 16:03:03.136 INFO  <mkdb.Checkpoint> ----------------- end -----------------
2026-07-05 16:04:03.198 INFO  <mkdb.Checkpoint> ---------------- begin ----------------
2026-07-05 16:04:03.198 INFO  <mkdb.Checkpoint> marshalN=1/0
2026-07-05 16:04:03.198 INFO  <mkdb.Checkpoint> snapshot=0 marshal0=0
2026-07-05 16:04:03.198 INFO  <mkdb.Checkpoint> flush=0
2026-07-05 16:04:03.198 INFO  <mkdb.Checkpoint> ----------------- end -----------------
2026-07-05 16:05:03.258 INFO  <mkdb.Checkpoint> ---------------- begin ----------------
2026-07-05 16:05:03.258 INFO  <mkdb.Checkpoint> marshalN=1/0
2026-07-05 16:05:03.258 INFO  <mkdb.Checkpoint> snapshot=0 marshal0=0
2026-07-05 16:05:03.258 INFO  <mkdb.Checkpoint> flush=0
2026-07-05 16:05:03.258 INFO  <mkdb.Checkpoint> ----------------- end -----------------
2026-07-05 16:06:03.320 INFO  <mkdb.Checkpoint> ---------------- begin ----------------
2026-07-05 16:06:03.320 INFO  <mkdb.Checkpoint> marshalN=1/0
2026-07-05 16:06:03.320 INFO  <mkdb.Checkpoint> snapshot=0 marshal0=0
2026-07-05 16:06:03.320 INFO  <mkdb.Checkpoint> flush=0
2026-07-05 16:06:03.320 INFO  <mkdb.Checkpoint> ----------------- end -----------------
2026-07-05 16:07:03.381 INFO  <mkdb.Checkpoint> ---------------- begin ----------------
2026-07-05 16:07:03.381 INFO  <mkdb.Checkpoint> marshalN=1/0
2026-07-05 16:07:03.381 INFO  <mkdb.Checkpoint> snapshot=0 marshal0=0
2026-07-05 16:07:03.381 INFO  <mkdb.Checkpoint> flush=0
2026-07-05 16:07:03.381 INFO  <mkdb.Checkpoint> ----------------- end -----------------
2026-07-05 16:08:03.441 INFO  <mkdb.Checkpoint> ---------------- begin ----------------
2026-07-05 16:08:03.441 INFO  <mkdb.Checkpoint> marshalN=1/0
2026-07-05 16:08:03.441 INFO  <mkdb.Checkpoint> snapshot=0 marshal0=0
2026-07-05 16:08:03.441 INFO  <mkdb.Checkpoint> flush=0
2026-07-05 16:08:03.441 INFO  <mkdb.Checkpoint> ----------------- end -----------------
2026-07-05 16:09:03.498 INFO  <mkdb.Checkpoint> ---------------- begin ----------------
2026-07-05 16:09:03.498 INFO  <mkdb.Checkpoint> marshalN=1/0
2026-07-05 16:09:03.498 INFO  <mkdb.Checkpoint> snapshot=0 marshal0=0
2026-07-05 16:09:03.498 INFO  <mkdb.Checkpoint> flush=0
2026-07-05 16:09:03.498 INFO  <mkdb.Checkpoint> ----------------- end -----------------
2026-07-05 16:10:03.561 INFO  <mkdb.Checkpoint> ---------------- begin ----------------
2026-07-05 16:10:03.561 INFO  <mkdb.Checkpoint> marshalN=1/0
2026-07-05 16:10:03.561 INFO  <mkdb.Checkpoint> snapshot=0 marshal0=0
2026-07-05 16:10:03.561 INFO  <mkdb.Checkpoint> flush=0
2026-07-05 16:10:03.561 INFO  <mkdb.Checkpoint> ----------------- end -----------------
2026-07-05 16:11:03.623 INFO  <mkdb.Checkpoint> ---------------- begin ----------------
2026-07-05 16:11:03.623 INFO  <mkdb.Checkpoint> marshalN=1/0
2026-07-05 16:11:03.623 INFO  <mkdb.Checkpoint> snapshot=0 marshal0=0
2026-07-05 16:11:03.623 INFO  <mkdb.Checkpoint> flush=0
2026-07-05 16:11:03.623 INFO  <mkdb.Checkpoint> ----------------- end -----------------
2026-07-05 16:12:03.683 INFO  <mkdb.Checkpoint> ---------------- begin ----------------
2026-07-05 16:12:03.683 INFO  <mkdb.Checkpoint> marshalN=1/0
2026-07-05 16:12:03.683 INFO  <mkdb.Checkpoint> snapshot=0 marshal0=0
2026-07-05 16:12:03.683 INFO  <mkdb.Checkpoint> flush=0
2026-07-05 16:12:03.683 INFO  <mkdb.Checkpoint> ----------------- end -----------------
2026-07-05 16:13:03.742 INFO  <mkdb.Checkpoint> ---------------- begin ----------------
2026-07-05 16:13:03.742 INFO  <mkdb.Checkpoint> marshalN=1/0
2026-07-05 16:13:03.742 INFO  <mkdb.Checkpoint> snapshot=0 marshal0=0
2026-07-05 16:13:03.742 INFO  <mkdb.Checkpoint> flush=0
2026-07-05 16:13:03.742 INFO  <mkdb.Checkpoint> ----------------- end -----------------
2026-07-05 16:14:03.798 INFO  <mkdb.Checkpoint> ---------------- begin ----------------
2026-07-05 16:14:03.798 INFO  <mkdb.Checkpoint> marshalN=1/0
2026-07-05 16:14:03.798 INFO  <mkdb.Checkpoint> snapshot=0 marshal0=0
2026-07-05 16:14:03.798 INFO  <mkdb.Checkpoint> flush=0
2026-07-05 16:14:03.798 INFO  <mkdb.Checkpoint> ----------------- end -----------------
2026-07-05 16:15:03.850 INFO  <mkdb.Checkpoint> ---------------- begin ----------------
2026-07-05 16:15:03.850 INFO  <mkdb.Checkpoint> marshalN=1/0
2026-07-05 16:15:03.850 INFO  <mkdb.Checkpoint> snapshot=0 marshal0=0
2026-07-05 16:15:03.850 INFO  <mkdb.Checkpoint> flush=0
2026-07-05 16:15:03.850 INFO  <mkdb.Checkpoint> ----------------- end -----------------
2026-07-05 16:16:03.904 INFO  <mkdb.Checkpoint> ---------------- begin ----------------
2026-07-05 16:16:03.904 INFO  <mkdb.Checkpoint> marshalN=1/0
2026-07-05 16:16:03.904 INFO  <mkdb.Checkpoint> snapshot=0 marshal0=0
2026-07-05 16:16:03.904 INFO  <mkdb.Checkpoint> flush=0
2026-07-05 16:16:03.904 INFO  <mkdb.Checkpoint> ----------------- end -----------------
2026-07-05 16:17:03.959 INFO  <mkdb.Checkpoint> ---------------- begin ----------------
2026-07-05 16:17:03.959 INFO  <mkdb.Checkpoint> marshalN=1/0
2026-07-05 16:17:03.959 INFO  <mkdb.Checkpoint> snapshot=0 marshal0=0
2026-07-05 16:17:03.959 INFO  <mkdb.Checkpoint> flush=0
2026-07-05 16:17:03.959 INFO  <mkdb.Checkpoint> ----------------- end -----------------
2026-07-05 16:18:04.009 INFO  <mkdb.Checkpoint> ---------------- begin ----------------
2026-07-05 16:18:04.009 INFO  <mkdb.Checkpoint> marshalN=1/0
2026-07-05 16:18:04.009 INFO  <mkdb.Checkpoint> snapshot=0 marshal0=0
2026-07-05 16:18:04.009 INFO  <mkdb.Checkpoint> flush=0
2026-07-05 16:18:04.009 INFO  <mkdb.Checkpoint> ----------------- end -----------------
2026-07-05 16:19:04.062 INFO  <mkdb.Checkpoint> ---------------- begin ----------------
2026-07-05 16:19:04.062 INFO  <mkdb.Checkpoint> marshalN=1/0
2026-07-05 16:19:04.062 INFO  <mkdb.Checkpoint> snapshot=0 marshal0=0
2026-07-05 16:19:04.063 INFO  <mkdb.Checkpoint> flush=0
2026-07-05 16:19:04.063 INFO  <mkdb.Checkpoint> ----------------- end -----------------
2026-07-05 16:20:04.115 INFO  <mkdb.Checkpoint> ---------------- begin ----------------
2026-07-05 16:20:04.115 INFO  <mkdb.Checkpoint> marshalN=1/0
2026-07-05 16:20:04.115 INFO  <mkdb.Checkpoint> snapshot=0 marshal0=0
2026-07-05 16:20:04.115 INFO  <mkdb.Checkpoint> flush=0
2026-07-05 16:20:04.115 INFO  <mkdb.Checkpoint> ----------------- end -----------------
2026-07-05 16:21:04.170 INFO  <mkdb.Checkpoint> ---------------- begin ----------------
2026-07-05 16:21:04.170 INFO  <mkdb.Checkpoint> marshalN=1/0
2026-07-05 16:21:04.170 INFO  <mkdb.Checkpoint> snapshot=0 marshal0=0
2026-07-05 16:21:04.170 INFO  <mkdb.Checkpoint> flush=0
2026-07-05 16:21:04.170 INFO  <mkdb.Checkpoint> ----------------- end -----------------
2026-07-05 16:22:04.223 INFO  <mkdb.Checkpoint> ---------------- begin ----------------
2026-07-05 16:22:04.223 INFO  <mkdb.Checkpoint> marshalN=1/0
2026-07-05 16:22:04.223 INFO  <mkdb.Checkpoint> snapshot=0 marshal0=0
2026-07-05 16:22:04.223 INFO  <mkdb.Checkpoint> flush=0
2026-07-05 16:22:04.223 INFO  <mkdb.Checkpoint> ----------------- end -----------------
2026-07-05 16:23:04.276 INFO  <mkdb.Checkpoint> ---------------- begin ----------------
2026-07-05 16:23:04.276 INFO  <mkdb.Checkpoint> marshalN=1/0
2026-07-05 16:23:04.276 INFO  <mkdb.Checkpoint> snapshot=0 marshal0=0
2026-07-05 16:23:04.276 INFO  <mkdb.Checkpoint> flush=0
2026-07-05 16:23:04.276 INFO  <mkdb.Checkpoint> ----------------- end -----------------
2026-07-05 16:24:04.330 INFO  <mkdb.Checkpoint> ---------------- begin ----------------
2026-07-05 16:24:04.330 INFO  <mkdb.Checkpoint> marshalN=1/0
2026-07-05 16:24:04.330 INFO  <mkdb.Checkpoint> snapshot=0 marshal0=0
2026-07-05 16:24:04.330 INFO  <mkdb.Checkpoint> flush=0
2026-07-05 16:24:04.330 INFO  <mkdb.Checkpoint> ----------------- end -----------------
2026-07-05 16:25:04.384 INFO  <mkdb.Checkpoint> ---------------- begin ----------------
2026-07-05 16:25:04.384 INFO  <mkdb.Checkpoint> marshalN=1/0
2026-07-05 16:25:04.384 INFO  <mkdb.Checkpoint> snapshot=0 marshal0=0
2026-07-05 16:25:04.384 INFO  <mkdb.Checkpoint> flush=0
2026-07-05 16:25:04.384 INFO  <mkdb.Checkpoint> ----------------- end -----------------
2026-07-05 16:26:04.437 INFO  <mkdb.Checkpoint> ---------------- begin ----------------
2026-07-05 16:26:04.437 INFO  <mkdb.Checkpoint> marshalN=1/0
2026-07-05 16:26:04.437 INFO  <mkdb.Checkpoint> snapshot=0 marshal0=0
2026-07-05 16:26:04.437 INFO  <mkdb.Checkpoint> flush=0
2026-07-05 16:26:04.437 INFO  <mkdb.Checkpoint> ----------------- end -----------------
2026-07-05 16:27:04.492 INFO  <mkdb.Checkpoint> ---------------- begin ----------------
2026-07-05 16:27:04.492 INFO  <mkdb.Checkpoint> marshalN=1/0
2026-07-05 16:27:04.492 INFO  <mkdb.Checkpoint> snapshot=0 marshal0=0
2026-07-05 16:27:04.492 INFO  <mkdb.Checkpoint> flush=0
2026-07-05 16:27:04.492 INFO  <mkdb.Checkpoint> ----------------- end -----------------
2026-07-05 16:27:38.019 WARN  <mkdb.Backup> backup FULL begin
2026-07-05 16:27:38.020 WARN  <mkdb.Backup> backup FULL end
2026-07-05 16:28:04.542 INFO  <mkdb.Checkpoint> ---------------- begin ----------------
2026-07-05 16:28:04.543 INFO  <mkdb.Checkpoint> marshalN=1/0
2026-07-05 16:28:04.543 INFO  <mkdb.Checkpoint> snapshot=0 marshal0=0
2026-07-05 16:28:04.543 INFO  <mkdb.Checkpoint> flush=0
2026-07-05 16:28:04.543 INFO  <mkdb.Checkpoint> ----------------- end -----------------
2026-07-05 16:29:04.594 INFO  <mkdb.Checkpoint> ---------------- begin ----------------
2026-07-05 16:29:04.595 INFO  <mkdb.Checkpoint> marshalN=1/0
2026-07-05 16:29:04.595 INFO  <mkdb.Checkpoint> snapshot=0 marshal0=0
2026-07-05 16:29:04.595 INFO  <mkdb.Checkpoint> flush=0
2026-07-05 16:29:04.595 INFO  <mkdb.Checkpoint> ----------------- end -----------------
2026-07-05 16:30:04.648 INFO  <mkdb.Checkpoint> ---------------- begin ----------------
2026-07-05 16:30:04.648 INFO  <mkdb.Checkpoint> marshalN=1/0
2026-07-05 16:30:04.648 INFO  <mkdb.Checkpoint> snapshot=0 marshal0=0
2026-07-05 16:30:04.648 INFO  <mkdb.Checkpoint> flush=0
2026-07-05 16:30:04.648 INFO  <mkdb.Checkpoint> ----------------- end -----------------
2026-07-05 16:31:04.702 INFO  <mkdb.Checkpoint> ---------------- begin ----------------
2026-07-05 16:31:04.702 INFO  <mkdb.Checkpoint> marshalN=1/0
2026-07-05 16:31:04.702 INFO  <mkdb.Checkpoint> snapshot=0 marshal0=0
2026-07-05 16:31:04.702 INFO  <mkdb.Checkpoint> flush=0
2026-07-05 16:31:04.702 INFO  <mkdb.Checkpoint> ----------------- end -----------------
2026-07-05 16:32:04.758 INFO  <mkdb.Checkpoint> ---------------- begin ----------------
2026-07-05 16:32:04.758 INFO  <mkdb.Checkpoint> marshalN=1/0
2026-07-05 16:32:04.758 INFO  <mkdb.Checkpoint> snapshot=0 marshal0=0
2026-07-05 16:32:04.758 INFO  <mkdb.Checkpoint> flush=0
2026-07-05 16:32:04.758 INFO  <mkdb.Checkpoint> ----------------- end -----------------
2026-07-05 16:33:04.810 INFO  <mkdb.Checkpoint> ---------------- begin ----------------
2026-07-05 16:33:04.810 INFO  <mkdb.Checkpoint> marshalN=1/0
2026-07-05 16:33:04.810 INFO  <mkdb.Checkpoint> snapshot=0 marshal0=0
2026-07-05 16:33:04.810 INFO  <mkdb.Checkpoint> flush=0
2026-07-05 16:33:04.810 INFO  <mkdb.Checkpoint> ----------------- end -----------------
2026-07-05 16:34:04.864 INFO  <mkdb.Checkpoint> ---------------- begin ----------------
2026-07-05 16:34:04.864 INFO  <mkdb.Checkpoint> marshalN=1/0
2026-07-05 16:34:04.864 INFO  <mkdb.Checkpoint> snapshot=0 marshal0=0
2026-07-05 16:34:04.864 INFO  <mkdb.Checkpoint> flush=0
2026-07-05 16:34:04.864 INFO  <mkdb.Checkpoint> ----------------- end -----------------
2026-07-05 16:35:04.921 INFO  <mkdb.Checkpoint> ---------------- begin ----------------
2026-07-05 16:35:04.921 INFO  <mkdb.Checkpoint> marshalN=1/0
2026-07-05 16:35:04.921 INFO  <mkdb.Checkpoint> snapshot=0 marshal0=0
2026-07-05 16:35:04.921 INFO  <mkdb.Checkpoint> flush=0
2026-07-05 16:35:04.921 INFO  <mkdb.Checkpoint> ----------------- end -----------------
2026-07-05 16:36:04.974 INFO  <mkdb.Checkpoint> ---------------- begin ----------------
2026-07-05 16:36:04.974 INFO  <mkdb.Checkpoint> marshalN=1/0
2026-07-05 16:36:04.974 INFO  <mkdb.Checkpoint> snapshot=0 marshal0=0
2026-07-05 16:36:04.974 INFO  <mkdb.Checkpoint> flush=0
2026-07-05 16:36:04.974 INFO  <mkdb.Checkpoint> ----------------- end -----------------
2026-07-05 16:37:05.028 INFO  <mkdb.Checkpoint> ---------------- begin ----------------
2026-07-05 16:37:05.028 INFO  <mkdb.Checkpoint> marshalN=1/0
2026-07-05 16:37:05.028 INFO  <mkdb.Checkpoint> snapshot=0 marshal0=0
2026-07-05 16:37:05.028 INFO  <mkdb.Checkpoint> flush=0
2026-07-05 16:37:05.028 INFO  <mkdb.Checkpoint> ----------------- end -----------------
2026-07-05 16:38:05.082 INFO  <mkdb.Checkpoint> ---------------- begin ----------------
2026-07-05 16:38:05.082 INFO  <mkdb.Checkpoint> marshalN=1/0
2026-07-05 16:38:05.082 INFO  <mkdb.Checkpoint> snapshot=0 marshal0=0
2026-07-05 16:38:05.082 INFO  <mkdb.Checkpoint> flush=0
2026-07-05 16:38:05.082 INFO  <mkdb.Checkpoint> ----------------- end -----------------
2026-07-05 16:39:05.137 INFO  <mkdb.Checkpoint> ---------------- begin ----------------
2026-07-05 16:39:05.137 INFO  <mkdb.Checkpoint> marshalN=1/0
2026-07-05 16:39:05.137 INFO  <mkdb.Checkpoint> snapshot=0 marshal0=0
2026-07-05 16:39:05.137 INFO  <mkdb.Checkpoint> flush=0
2026-07-05 16:39:05.137 INFO  <mkdb.Checkpoint> ----------------- end -----------------
2026-07-05 16:40:05.189 INFO  <mkdb.Checkpoint> ---------------- begin ----------------
2026-07-05 16:40:05.189 INFO  <mkdb.Checkpoint> marshalN=1/0
2026-07-05 16:40:05.189 INFO  <mkdb.Checkpoint> snapshot=0 marshal0=0
2026-07-05 16:40:05.189 INFO  <mkdb.Checkpoint> flush=0
2026-07-05 16:40:05.189 INFO  <mkdb.Checkpoint> ----------------- end -----------------
2026-07-05 16:41:05.242 INFO  <mkdb.Checkpoint> ---------------- begin ----------------
2026-07-05 16:41:05.242 INFO  <mkdb.Checkpoint> marshalN=1/0
2026-07-05 16:41:05.242 INFO  <mkdb.Checkpoint> snapshot=0 marshal0=0
2026-07-05 16:41:05.242 INFO  <mkdb.Checkpoint> flush=0
2026-07-05 16:41:05.242 INFO  <mkdb.Checkpoint> ----------------- end -----------------
2026-07-05 16:42:05.297 INFO  <mkdb.Checkpoint> ---------------- begin ----------------
2026-07-05 16:42:05.297 INFO  <mkdb.Checkpoint> marshalN=1/0
2026-07-05 16:42:05.297 INFO  <mkdb.Checkpoint> snapshot=0 marshal0=0
2026-07-05 16:42:05.297 INFO  <mkdb.Checkpoint> flush=0
2026-07-05 16:42:05.297 INFO  <mkdb.Checkpoint> ----------------- end -----------------
2026-07-05 16:43:05.350 INFO  <mkdb.Checkpoint> ---------------- begin ----------------
2026-07-05 16:43:05.350 INFO  <mkdb.Checkpoint> marshalN=1/0
2026-07-05 16:43:05.350 INFO  <mkdb.Checkpoint> snapshot=0 marshal0=0
2026-07-05 16:43:05.350 INFO  <mkdb.Checkpoint> flush=0
2026-07-05 16:43:05.350 INFO  <mkdb.Checkpoint> ----------------- end -----------------
2026-07-05 16:44:05.403 INFO  <mkdb.Checkpoint> ---------------- begin ----------------
2026-07-05 16:44:05.403 INFO  <mkdb.Checkpoint> marshalN=1/0
2026-07-05 16:44:05.403 INFO  <mkdb.Checkpoint> snapshot=0 marshal0=0
2026-07-05 16:44:05.403 INFO  <mkdb.Checkpoint> flush=0
2026-07-05 16:44:05.403 INFO  <mkdb.Checkpoint> ----------------- end -----------------
2026-07-05 16:45:05.458 INFO  <mkdb.Checkpoint> ---------------- begin ----------------
2026-07-05 16:45:05.458 INFO  <mkdb.Checkpoint> marshalN=1/0
2026-07-05 16:45:05.458 INFO  <mkdb.Checkpoint> snapshot=0 marshal0=0
2026-07-05 16:45:05.458 INFO  <mkdb.Checkpoint> flush=0
2026-07-05 16:45:05.458 INFO  <mkdb.Checkpoint> ----------------- end -----------------
2026-07-05 16:46:05.511 INFO  <mkdb.Checkpoint> ---------------- begin ----------------
2026-07-05 16:46:05.512 INFO  <mkdb.Checkpoint> marshalN=1/0
2026-07-05 16:46:05.512 INFO  <mkdb.Checkpoint> snapshot=0 marshal0=0
2026-07-05 16:46:05.512 INFO  <mkdb.Checkpoint> flush=0
2026-07-05 16:46:05.512 INFO  <mkdb.Checkpoint> ----------------- end -----------------
2026-07-05 16:47:05.565 INFO  <mkdb.Checkpoint> ---------------- begin ----------------
2026-07-05 16:47:05.565 INFO  <mkdb.Checkpoint> marshalN=1/0
2026-07-05 16:47:05.565 INFO  <mkdb.Checkpoint> snapshot=0 marshal0=0
2026-07-05 16:47:05.565 INFO  <mkdb.Checkpoint> flush=0
2026-07-05 16:47:05.565 INFO  <mkdb.Checkpoint> ----------------- end -----------------
2026-07-05 16:48:05.621 INFO  <mkdb.Checkpoint> ---------------- begin ----------------
2026-07-05 16:48:05.621 INFO  <mkdb.Checkpoint> marshalN=1/0
2026-07-05 16:48:05.621 INFO  <mkdb.Checkpoint> snapshot=0 marshal0=0
2026-07-05 16:48:05.621 INFO  <mkdb.Checkpoint> flush=0
2026-07-05 16:48:05.621 INFO  <mkdb.Checkpoint> ----------------- end -----------------
2026-07-05 16:49:05.674 INFO  <mkdb.Checkpoint> ---------------- begin ----------------
2026-07-05 16:49:05.674 INFO  <mkdb.Checkpoint> marshalN=1/0
2026-07-05 16:49:05.674 INFO  <mkdb.Checkpoint> snapshot=0 marshal0=0
2026-07-05 16:49:05.674 INFO  <mkdb.Checkpoint> flush=0
2026-07-05 16:49:05.674 INFO  <mkdb.Checkpoint> ----------------- end -----------------
2026-07-05 16:50:05.728 INFO  <mkdb.Checkpoint> ---------------- begin ----------------
2026-07-05 16:50:05.728 INFO  <mkdb.Checkpoint> marshalN=1/0
2026-07-05 16:50:05.728 INFO  <mkdb.Checkpoint> snapshot=0 marshal0=0
2026-07-05 16:50:05.728 INFO  <mkdb.Checkpoint> flush=0
2026-07-05 16:50:05.728 INFO  <mkdb.Checkpoint> ----------------- end -----------------
2026-07-05 16:51:03.435 INFO  <mkdb.Worker.procedure.23> com.locojoy.ns.Exist(activeuser:1:1) result=5
2026-07-05 16:51:05.783 INFO  <mkdb.Checkpoint> ---------------- begin ----------------
2026-07-05 16:51:05.783 INFO  <mkdb.Checkpoint> marshalN=1/0
2026-07-05 16:51:05.783 INFO  <mkdb.Checkpoint> snapshot=0 marshal0=0
2026-07-05 16:51:05.783 INFO  <mkdb.Checkpoint> flush=0
2026-07-05 16:51:05.783 INFO  <mkdb.Checkpoint> ----------------- end -----------------
2026-07-05 16:52:03.937 INFO  <mkdb.Worker.procedure.27> com.locojoy.ns.Exist(activeuser:1:1) result=5
2026-07-05 16:52:05.839 INFO  <mkdb.Checkpoint> ---------------- begin ----------------
2026-07-05 16:52:05.839 INFO  <mkdb.Checkpoint> marshalN=1/0
2026-07-05 16:52:05.839 INFO  <mkdb.Checkpoint> snapshot=0 marshal0=0
2026-07-05 16:52:05.839 INFO  <mkdb.Checkpoint> flush=0
2026-07-05 16:52:05.839 INFO  <mkdb.Checkpoint> ----------------- end -----------------
2026-07-05 16:53:05.893 INFO  <mkdb.Checkpoint> ---------------- begin ----------------
2026-07-05 16:53:05.893 INFO  <mkdb.Checkpoint> marshalN=1/0
2026-07-05 16:53:05.893 INFO  <mkdb.Checkpoint> snapshot=0 marshal0=0
2026-07-05 16:53:05.894 INFO  <mkdb.Checkpoint> flush=0
2026-07-05 16:53:05.894 INFO  <mkdb.Checkpoint> ----------------- end -----------------
2026-07-05 16:54:05.950 INFO  <mkdb.Checkpoint> ---------------- begin ----------------
2026-07-05 16:54:05.950 INFO  <mkdb.Checkpoint> marshalN=1/0
2026-07-05 16:54:05.950 INFO  <mkdb.Checkpoint> snapshot=0 marshal0=0
2026-07-05 16:54:05.950 INFO  <mkdb.Checkpoint> flush=0
2026-07-05 16:54:05.950 INFO  <mkdb.Checkpoint> ----------------- end -----------------
2026-07-05 16:55:06.001 INFO  <mkdb.Checkpoint> ---------------- begin ----------------
2026-07-05 16:55:06.001 INFO  <mkdb.Checkpoint> marshalN=1/0
2026-07-05 16:55:06.001 INFO  <mkdb.Checkpoint> snapshot=0 marshal0=0
2026-07-05 16:55:06.001 INFO  <mkdb.Checkpoint> flush=0
2026-07-05 16:55:06.001 INFO  <mkdb.Checkpoint> ----------------- end -----------------
2026-07-05 16:56:06.054 INFO  <mkdb.Checkpoint> ---------------- begin ----------------
2026-07-05 16:56:06.054 INFO  <mkdb.Checkpoint> marshalN=1/0
2026-07-05 16:56:06.055 INFO  <mkdb.Checkpoint> snapshot=0 marshal0=0
2026-07-05 16:56:06.055 INFO  <mkdb.Checkpoint> flush=0
2026-07-05 16:56:06.055 INFO  <mkdb.Checkpoint> ----------------- end -----------------
2026-07-05 16:57:06.110 INFO  <mkdb.Checkpoint> ---------------- begin ----------------
2026-07-05 16:57:06.110 INFO  <mkdb.Checkpoint> marshalN=1/0
2026-07-05 16:57:06.110 INFO  <mkdb.Checkpoint> snapshot=0 marshal0=0
2026-07-05 16:57:06.110 INFO  <mkdb.Checkpoint> flush=0
2026-07-05 16:57:06.110 INFO  <mkdb.Checkpoint> ----------------- end -----------------
2026-07-05 16:58:06.165 INFO  <mkdb.Checkpoint> ---------------- begin ----------------
2026-07-05 16:58:06.165 INFO  <mkdb.Checkpoint> marshalN=1/0
2026-07-05 16:58:06.165 INFO  <mkdb.Checkpoint> snapshot=0 marshal0=0
2026-07-05 16:58:06.165 INFO  <mkdb.Checkpoint> flush=0
2026-07-05 16:58:06.165 INFO  <mkdb.Checkpoint> ----------------- end -----------------
2026-07-05 16:59:06.219 INFO  <mkdb.Checkpoint> ---------------- begin ----------------
2026-07-05 16:59:06.219 INFO  <mkdb.Checkpoint> marshalN=1/0
2026-07-05 16:59:06.219 INFO  <mkdb.Checkpoint> snapshot=0 marshal0=0
2026-07-05 16:59:06.219 INFO  <mkdb.Checkpoint> flush=0
2026-07-05 16:59:06.219 INFO  <mkdb.Checkpoint> ----------------- end -----------------
2026-07-05 17:00:06.284 INFO  <mkdb.Checkpoint> ---------------- begin ----------------
2026-07-05 17:00:06.284 INFO  <mkdb.Checkpoint> marshalN=1/0
2026-07-05 17:00:06.284 INFO  <mkdb.Checkpoint> snapshot=0 marshal0=0
2026-07-05 17:00:06.284 INFO  <mkdb.Checkpoint> flush=0
2026-07-05 17:00:06.284 INFO  <mkdb.Checkpoint> ----------------- end -----------------
2026-07-05 17:01:06.339 INFO  <mkdb.Checkpoint> ---------------- begin ----------------
2026-07-05 17:01:06.339 INFO  <mkdb.Checkpoint> marshalN=1/0
2026-07-05 17:01:06.339 INFO  <mkdb.Checkpoint> snapshot=0 marshal0=0
2026-07-05 17:01:06.339 INFO  <mkdb.Checkpoint> flush=0
2026-07-05 17:01:06.339 INFO  <mkdb.Checkpoint> ----------------- end -----------------
2026-07-05 17:02:06.392 INFO  <mkdb.Checkpoint> ---------------- begin ----------------
2026-07-05 17:02:06.392 INFO  <mkdb.Checkpoint> marshalN=1/0
2026-07-05 17:02:06.392 INFO  <mkdb.Checkpoint> snapshot=0 marshal0=0
2026-07-05 17:02:06.392 INFO  <mkdb.Checkpoint> flush=0
2026-07-05 17:02:06.392 INFO  <mkdb.Checkpoint> ----------------- end -----------------
2026-07-05 17:03:06.445 INFO  <mkdb.Checkpoint> ---------------- begin ----------------
2026-07-05 17:03:06.446 INFO  <mkdb.Checkpoint> marshalN=1/0
2026-07-05 17:03:06.446 INFO  <mkdb.Checkpoint> snapshot=0 marshal0=0
2026-07-05 17:03:06.446 INFO  <mkdb.Checkpoint> flush=0
2026-07-05 17:03:06.446 INFO  <mkdb.Checkpoint> ----------------- end -----------------
2026-07-05 17:04:06.499 INFO  <mkdb.Checkpoint> ---------------- begin ----------------
2026-07-05 17:04:06.499 INFO  <mkdb.Checkpoint> marshalN=1/0
2026-07-05 17:04:06.499 INFO  <mkdb.Checkpoint> snapshot=0 marshal0=0
2026-07-05 17:04:06.499 INFO  <mkdb.Checkpoint> flush=0
2026-07-05 17:04:06.499 INFO  <mkdb.Checkpoint> ----------------- end -----------------
2026-07-05 17:05:06.558 INFO  <mkdb.Checkpoint> ---------------- begin ----------------
2026-07-05 17:05:06.558 INFO  <mkdb.Checkpoint> marshalN=1/0
2026-07-05 17:05:06.558 INFO  <mkdb.Checkpoint> snapshot=0 marshal0=0
2026-07-05 17:05:06.558 INFO  <mkdb.Checkpoint> flush=0
2026-07-05 17:05:06.558 INFO  <mkdb.Checkpoint> ----------------- end -----------------
2026-07-05 17:06:06.619 INFO  <mkdb.Checkpoint> ---------------- begin ----------------
2026-07-05 17:06:06.620 INFO  <mkdb.Checkpoint> marshalN=1/0
2026-07-05 17:06:06.620 INFO  <mkdb.Checkpoint> snapshot=0 marshal0=0
2026-07-05 17:06:06.620 INFO  <mkdb.Checkpoint> flush=0
2026-07-05 17:06:06.620 INFO  <mkdb.Checkpoint> ----------------- end -----------------
2026-07-05 17:07:06.672 INFO  <mkdb.Checkpoint> ---------------- begin ----------------
2026-07-05 17:07:06.672 INFO  <mkdb.Checkpoint> marshalN=1/0
2026-07-05 17:07:06.672 INFO  <mkdb.Checkpoint> snapshot=0 marshal0=0
2026-07-05 17:07:06.672 INFO  <mkdb.Checkpoint> flush=0
2026-07-05 17:07:06.672 INFO  <mkdb.Checkpoint> ----------------- end -----------------
2026-07-05 17:08:06.725 INFO  <mkdb.Checkpoint> ---------------- begin ----------------
2026-07-05 17:08:06.725 INFO  <mkdb.Checkpoint> marshalN=1/0
2026-07-05 17:08:06.725 INFO  <mkdb.Checkpoint> snapshot=0 marshal0=0
2026-07-05 17:08:06.725 INFO  <mkdb.Checkpoint> flush=0
2026-07-05 17:08:06.725 INFO  <mkdb.Checkpoint> ----------------- end -----------------
2026-07-05 17:09:06.777 INFO  <mkdb.Checkpoint> ---------------- begin ----------------
2026-07-05 17:09:06.777 INFO  <mkdb.Checkpoint> marshalN=1/0
2026-07-05 17:09:06.777 INFO  <mkdb.Checkpoint> snapshot=0 marshal0=0
2026-07-05 17:09:06.777 INFO  <mkdb.Checkpoint> flush=0
2026-07-05 17:09:06.777 INFO  <mkdb.Checkpoint> ----------------- end -----------------
2026-07-05 17:10:06.831 INFO  <mkdb.Checkpoint> ---------------- begin ----------------
2026-07-05 17:10:06.831 INFO  <mkdb.Checkpoint> marshalN=1/0
2026-07-05 17:10:06.831 INFO  <mkdb.Checkpoint> snapshot=0 marshal0=0
2026-07-05 17:10:06.831 INFO  <mkdb.Checkpoint> flush=0
2026-07-05 17:10:06.831 INFO  <mkdb.Checkpoint> ----------------- end -----------------
2026-07-05 17:11:06.886 INFO  <mkdb.Checkpoint> ---------------- begin ----------------
2026-07-05 17:11:06.886 INFO  <mkdb.Checkpoint> marshalN=1/0
2026-07-05 17:11:06.886 INFO  <mkdb.Checkpoint> snapshot=0 marshal0=0
2026-07-05 17:11:06.886 INFO  <mkdb.Checkpoint> flush=0
2026-07-05 17:11:06.886 INFO  <mkdb.Checkpoint> ----------------- end -----------------
2026-07-05 17:12:06.941 INFO  <mkdb.Checkpoint> ---------------- begin ----------------
2026-07-05 17:12:06.941 INFO  <mkdb.Checkpoint> marshalN=1/0
2026-07-05 17:12:06.941 INFO  <mkdb.Checkpoint> snapshot=0 marshal0=0
2026-07-05 17:12:06.941 INFO  <mkdb.Checkpoint> flush=0
2026-07-05 17:12:06.941 INFO  <mkdb.Checkpoint> ----------------- end -----------------
2026-07-05 17:13:06.995 INFO  <mkdb.Checkpoint> ---------------- begin ----------------
2026-07-05 17:13:06.995 INFO  <mkdb.Checkpoint> marshalN=1/0
2026-07-05 17:13:06.995 INFO  <mkdb.Checkpoint> snapshot=0 marshal0=0
2026-07-05 17:13:06.995 INFO  <mkdb.Checkpoint> flush=0
2026-07-05 17:13:06.995 INFO  <mkdb.Checkpoint> ----------------- end -----------------
2026-07-05 17:14:07.050 INFO  <mkdb.Checkpoint> ---------------- begin ----------------
2026-07-05 17:14:07.050 INFO  <mkdb.Checkpoint> marshalN=1/0
2026-07-05 17:14:07.050 INFO  <mkdb.Checkpoint> snapshot=0 marshal0=0
2026-07-05 17:14:07.050 INFO  <mkdb.Checkpoint> flush=0
2026-07-05 17:14:07.050 INFO  <mkdb.Checkpoint> ----------------- end -----------------
2026-07-05 17:15:07.106 INFO  <mkdb.Checkpoint> ---------------- begin ----------------
2026-07-05 17:15:07.106 INFO  <mkdb.Checkpoint> marshalN=1/0
2026-07-05 17:15:07.106 INFO  <mkdb.Checkpoint> snapshot=0 marshal0=0
2026-07-05 17:15:07.106 INFO  <mkdb.Checkpoint> flush=0
2026-07-05 17:15:07.106 INFO  <mkdb.Checkpoint> ----------------- end -----------------
2026-07-05 17:16:07.160 INFO  <mkdb.Checkpoint> ---------------- begin ----------------
2026-07-05 17:16:07.161 INFO  <mkdb.Checkpoint> marshalN=1/0
2026-07-05 17:16:07.161 INFO  <mkdb.Checkpoint> snapshot=0 marshal0=0
2026-07-05 17:16:07.161 INFO  <mkdb.Checkpoint> flush=0
2026-07-05 17:16:07.161 INFO  <mkdb.Checkpoint> ----------------- end -----------------
2026-07-05 17:17:07.212 INFO  <mkdb.Checkpoint> ---------------- begin ----------------
2026-07-05 17:17:07.212 INFO  <mkdb.Checkpoint> marshalN=1/0
2026-07-05 17:17:07.212 INFO  <mkdb.Checkpoint> snapshot=0 marshal0=0
2026-07-05 17:17:07.212 INFO  <mkdb.Checkpoint> flush=0
2026-07-05 17:17:07.212 INFO  <mkdb.Checkpoint> ----------------- end -----------------
2026-07-05 17:18:07.267 INFO  <mkdb.Checkpoint> ---------------- begin ----------------
2026-07-05 17:18:07.267 INFO  <mkdb.Checkpoint> marshalN=1/0
2026-07-05 17:18:07.267 INFO  <mkdb.Checkpoint> snapshot=0 marshal0=0
2026-07-05 17:18:07.267 INFO  <mkdb.Checkpoint> flush=0
2026-07-05 17:18:07.267 INFO  <mkdb.Checkpoint> ----------------- end -----------------
2026-07-05 17:19:07.321 INFO  <mkdb.Checkpoint> ---------------- begin ----------------
2026-07-05 17:19:07.321 INFO  <mkdb.Checkpoint> marshalN=1/0
2026-07-05 17:19:07.321 INFO  <mkdb.Checkpoint> snapshot=0 marshal0=0
2026-07-05 17:19:07.321 INFO  <mkdb.Checkpoint> flush=0
2026-07-05 17:19:07.321 INFO  <mkdb.Checkpoint> ----------------- end -----------------
2026-07-05 17:20:07.376 INFO  <mkdb.Checkpoint> ---------------- begin ----------------
2026-07-05 17:20:07.376 INFO  <mkdb.Checkpoint> marshalN=1/0
2026-07-05 17:20:07.376 INFO  <mkdb.Checkpoint> snapshot=0 marshal0=0
2026-07-05 17:20:07.377 INFO  <mkdb.Checkpoint> flush=0
2026-07-05 17:20:07.377 INFO  <mkdb.Checkpoint> ----------------- end -----------------
2026-07-05 17:21:07.431 INFO  <mkdb.Checkpoint> ---------------- begin ----------------
2026-07-05 17:21:07.431 INFO  <mkdb.Checkpoint> marshalN=1/0
2026-07-05 17:21:07.431 INFO  <mkdb.Checkpoint> snapshot=0 marshal0=0
2026-07-05 17:21:07.431 INFO  <mkdb.Checkpoint> flush=0
2026-07-05 17:21:07.431 INFO  <mkdb.Checkpoint> ----------------- end -----------------
2026-07-05 17:22:07.484 INFO  <mkdb.Checkpoint> ---------------- begin ----------------
2026-07-05 17:22:07.484 INFO  <mkdb.Checkpoint> marshalN=1/0
2026-07-05 17:22:07.484 INFO  <mkdb.Checkpoint> snapshot=0 marshal0=0
2026-07-05 17:22:07.484 INFO  <mkdb.Checkpoint> flush=0
2026-07-05 17:22:07.484 INFO  <mkdb.Checkpoint> ----------------- end -----------------
2026-07-05 17:23:07.539 INFO  <mkdb.Checkpoint> ---------------- begin ----------------
2026-07-05 17:23:07.539 INFO  <mkdb.Checkpoint> marshalN=1/0
2026-07-05 17:23:07.540 INFO  <mkdb.Checkpoint> snapshot=0 marshal0=0
2026-07-05 17:23:07.540 INFO  <mkdb.Checkpoint> flush=0
2026-07-05 17:23:07.540 INFO  <mkdb.Checkpoint> ----------------- end -----------------
2026-07-05 17:24:07.594 INFO  <mkdb.Checkpoint> ---------------- begin ----------------
2026-07-05 17:24:07.594 INFO  <mkdb.Checkpoint> marshalN=1/0
2026-07-05 17:24:07.594 INFO  <mkdb.Checkpoint> snapshot=0 marshal0=0
2026-07-05 17:24:07.594 INFO  <mkdb.Checkpoint> flush=0
2026-07-05 17:24:07.594 INFO  <mkdb.Checkpoint> ----------------- end -----------------
2026-07-05 17:25:07.648 INFO  <mkdb.Checkpoint> ---------------- begin ----------------
2026-07-05 17:25:07.648 INFO  <mkdb.Checkpoint> marshalN=1/0
2026-07-05 17:25:07.648 INFO  <mkdb.Checkpoint> snapshot=0 marshal0=0
2026-07-05 17:25:07.648 INFO  <mkdb.Checkpoint> flush=0
2026-07-05 17:25:07.648 INFO  <mkdb.Checkpoint> ----------------- end -----------------
2026-07-05 17:26:07.701 INFO  <mkdb.Checkpoint> ---------------- begin ----------------
2026-07-05 17:26:07.701 INFO  <mkdb.Checkpoint> marshalN=1/0
2026-07-05 17:26:07.701 INFO  <mkdb.Checkpoint> snapshot=0 marshal0=0
2026-07-05 17:26:07.701 INFO  <mkdb.Checkpoint> flush=0
2026-07-05 17:26:07.701 INFO  <mkdb.Checkpoint> ----------------- end -----------------
2026-07-05 17:27:07.753 INFO  <mkdb.Checkpoint> ---------------- begin ----------------
2026-07-05 17:27:07.753 INFO  <mkdb.Checkpoint> marshalN=1/0
2026-07-05 17:27:07.753 INFO  <mkdb.Checkpoint> snapshot=0 marshal0=0
2026-07-05 17:27:07.753 INFO  <mkdb.Checkpoint> flush=0
2026-07-05 17:27:07.753 INFO  <mkdb.Checkpoint> ----------------- end -----------------
2026-07-05 17:27:36.139 INFO  <mkdb.Worker.procedure.30> com.locojoy.ns.Exist(activeuser:1:1) result=5
2026-07-05 17:27:47.779 INFO  <mkdb.Worker.procedure.32> com.locojoy.ns.Exist(activeuser:1:1) result=5
2026-07-05 17:27:51.672 INFO  <mkdb.Worker.procedure.20> com.locojoy.ns.Exist(activeuser:1:1) result=5
2026-07-05 17:27:56.079 INFO  <mkdb.Worker.procedure.23> com.locojoy.ns.Exist(activeuser:1:1) result=5
2026-07-05 17:28:07.098 INFO  <mkdb.Worker.procedure.27> com.locojoy.ns.Exist(activeuser:1:1) result=5
2026-07-05 17:28:07.807 INFO  <mkdb.Checkpoint> ---------------- begin ----------------
2026-07-05 17:28:07.807 INFO  <mkdb.Checkpoint> marshalN=1/0
2026-07-05 17:28:07.807 INFO  <mkdb.Checkpoint> snapshot=0 marshal0=0
2026-07-05 17:28:07.807 INFO  <mkdb.Checkpoint> flush=0
2026-07-05 17:28:07.807 INFO  <mkdb.Checkpoint> ----------------- end -----------------
2026-07-05 17:28:18.485 INFO  <mkdb.Worker.procedure.30> com.locojoy.ns.Exist(activeuser:1:1) result=5
2026-07-05 17:28:29.027 WARN  <mkdb.Backup> backup FULL begin
2026-07-05 17:28:29.028 WARN  <mkdb.Backup> backup FULL end
2026-07-05 17:29:07.860 INFO  <mkdb.Checkpoint> ---------------- begin ----------------
2026-07-05 17:29:07.860 INFO  <mkdb.Checkpoint> marshalN=1/0
2026-07-05 17:29:07.860 INFO  <mkdb.Checkpoint> snapshot=0 marshal0=0
2026-07-05 17:29:07.860 INFO  <mkdb.Checkpoint> flush=0
2026-07-05 17:29:07.860 INFO  <mkdb.Checkpoint> ----------------- end -----------------
2026-07-05 17:30:07.911 INFO  <mkdb.Checkpoint> ---------------- begin ----------------
2026-07-05 17:30:07.911 INFO  <mkdb.Checkpoint> marshalN=1/0
2026-07-05 17:30:07.911 INFO  <mkdb.Checkpoint> snapshot=0 marshal0=0
2026-07-05 17:30:07.911 INFO  <mkdb.Checkpoint> flush=0
2026-07-05 17:30:07.911 INFO  <mkdb.Checkpoint> ----------------- end -----------------
2026-07-05 17:31:07.964 INFO  <mkdb.Checkpoint> ---------------- begin ----------------
2026-07-05 17:31:07.964 INFO  <mkdb.Checkpoint> marshalN=1/0
2026-07-05 17:31:07.964 INFO  <mkdb.Checkpoint> snapshot=0 marshal0=0
2026-07-05 17:31:07.964 INFO  <mkdb.Checkpoint> flush=0
2026-07-05 17:31:07.964 INFO  <mkdb.Checkpoint> ----------------- end -----------------
2026-07-05 17:32:08.019 INFO  <mkdb.Checkpoint> ---------------- begin ----------------
2026-07-05 17:32:08.019 INFO  <mkdb.Checkpoint> marshalN=1/0
2026-07-05 17:32:08.019 INFO  <mkdb.Checkpoint> snapshot=0 marshal0=0
2026-07-05 17:32:08.019 INFO  <mkdb.Checkpoint> flush=0
2026-07-05 17:32:08.019 INFO  <mkdb.Checkpoint> ----------------- end -----------------
2026-07-05 17:33:08.072 INFO  <mkdb.Checkpoint> ---------------- begin ----------------
2026-07-05 17:33:08.072 INFO  <mkdb.Checkpoint> marshalN=1/0
2026-07-05 17:33:08.072 INFO  <mkdb.Checkpoint> snapshot=0 marshal0=0
2026-07-05 17:33:08.072 INFO  <mkdb.Checkpoint> flush=0
2026-07-05 17:33:08.072 INFO  <mkdb.Checkpoint> ----------------- end -----------------
2026-07-05 17:34:08.123 INFO  <mkdb.Checkpoint> ---------------- begin ----------------
2026-07-05 17:34:08.123 INFO  <mkdb.Checkpoint> marshalN=1/0
2026-07-05 17:34:08.123 INFO  <mkdb.Checkpoint> snapshot=0 marshal0=0
2026-07-05 17:34:08.123 INFO  <mkdb.Checkpoint> flush=0
2026-07-05 17:34:08.123 INFO  <mkdb.Checkpoint> ----------------- end -----------------
2026-07-05 17:35:08.176 INFO  <mkdb.Checkpoint> ---------------- begin ----------------
2026-07-05 17:35:08.177 INFO  <mkdb.Checkpoint> marshalN=1/0
2026-07-05 17:35:08.177 INFO  <mkdb.Checkpoint> snapshot=0 marshal0=0
2026-07-05 17:35:08.177 INFO  <mkdb.Checkpoint> flush=0
2026-07-05 17:35:08.177 INFO  <mkdb.Checkpoint> ----------------- end -----------------
2026-07-05 17:36:08.230 INFO  <mkdb.Checkpoint> ---------------- begin ----------------
2026-07-05 17:36:08.230 INFO  <mkdb.Checkpoint> marshalN=1/0
2026-07-05 17:36:08.230 INFO  <mkdb.Checkpoint> snapshot=0 marshal0=0
2026-07-05 17:36:08.230 INFO  <mkdb.Checkpoint> flush=0
2026-07-05 17:36:08.230 INFO  <mkdb.Checkpoint> ----------------- end -----------------
2026-07-05 17:37:08.281 INFO  <mkdb.Checkpoint> ---------------- begin ----------------
2026-07-05 17:37:08.281 INFO  <mkdb.Checkpoint> marshalN=1/0
2026-07-05 17:37:08.281 INFO  <mkdb.Checkpoint> snapshot=0 marshal0=0
2026-07-05 17:37:08.281 INFO  <mkdb.Checkpoint> flush=0
2026-07-05 17:37:08.281 INFO  <mkdb.Checkpoint> ----------------- end -----------------
2026-07-05 17:38:08.334 INFO  <mkdb.Checkpoint> ---------------- begin ----------------
2026-07-05 17:38:08.334 INFO  <mkdb.Checkpoint> marshalN=1/0
2026-07-05 17:38:08.334 INFO  <mkdb.Checkpoint> snapshot=0 marshal0=0
2026-07-05 17:38:08.334 INFO  <mkdb.Checkpoint> flush=0
2026-07-05 17:38:08.334 INFO  <mkdb.Checkpoint> ----------------- end -----------------
2026-07-05 17:39:08.388 INFO  <mkdb.Checkpoint> ---------------- begin ----------------
2026-07-05 17:39:08.388 INFO  <mkdb.Checkpoint> marshalN=1/0
2026-07-05 17:39:08.388 INFO  <mkdb.Checkpoint> snapshot=0 marshal0=0
2026-07-05 17:39:08.388 INFO  <mkdb.Checkpoint> flush=0
2026-07-05 17:39:08.388 INFO  <mkdb.Checkpoint> ----------------- end -----------------
2026-07-05 17:40:08.440 INFO  <mkdb.Checkpoint> ---------------- begin ----------------
2026-07-05 17:40:08.440 INFO  <mkdb.Checkpoint> marshalN=1/0
2026-07-05 17:40:08.440 INFO  <mkdb.Checkpoint> snapshot=0 marshal0=0
2026-07-05 17:40:08.440 INFO  <mkdb.Checkpoint> flush=0
2026-07-05 17:40:08.440 INFO  <mkdb.Checkpoint> ----------------- end -----------------
2026-07-05 17:41:08.491 INFO  <mkdb.Checkpoint> ---------------- begin ----------------
2026-07-05 17:41:08.491 INFO  <mkdb.Checkpoint> marshalN=1/0
2026-07-05 17:41:08.491 INFO  <mkdb.Checkpoint> snapshot=0 marshal0=0
2026-07-05 17:41:08.491 INFO  <mkdb.Checkpoint> flush=0
2026-07-05 17:41:08.491 INFO  <mkdb.Checkpoint> ----------------- end -----------------
2026-07-05 17:42:08.545 INFO  <mkdb.Checkpoint> ---------------- begin ----------------
2026-07-05 17:42:08.545 INFO  <mkdb.Checkpoint> marshalN=1/0
2026-07-05 17:42:08.545 INFO  <mkdb.Checkpoint> snapshot=0 marshal0=0
2026-07-05 17:42:08.545 INFO  <mkdb.Checkpoint> flush=0
2026-07-05 17:42:08.545 INFO  <mkdb.Checkpoint> ----------------- end -----------------
2026-07-05 17:43:08.594 INFO  <mkdb.Checkpoint> ---------------- begin ----------------
2026-07-05 17:43:08.595 INFO  <mkdb.Checkpoint> marshalN=1/0
2026-07-05 17:43:08.595 INFO  <mkdb.Checkpoint> snapshot=0 marshal0=0
2026-07-05 17:43:08.595 INFO  <mkdb.Checkpoint> flush=0
2026-07-05 17:43:08.595 INFO  <mkdb.Checkpoint> ----------------- end -----------------
2026-07-05 17:44:08.648 INFO  <mkdb.Checkpoint> ---------------- begin ----------------
2026-07-05 17:44:08.648 INFO  <mkdb.Checkpoint> marshalN=1/0
2026-07-05 17:44:08.648 INFO  <mkdb.Checkpoint> snapshot=0 marshal0=0
2026-07-05 17:44:08.648 INFO  <mkdb.Checkpoint> flush=0
2026-07-05 17:44:08.648 INFO  <mkdb.Checkpoint> ----------------- end -----------------
2026-07-05 17:45:08.702 INFO  <mkdb.Checkpoint> ---------------- begin ----------------
2026-07-05 17:45:08.702 INFO  <mkdb.Checkpoint> marshalN=1/0
2026-07-05 17:45:08.702 INFO  <mkdb.Checkpoint> snapshot=0 marshal0=0
2026-07-05 17:45:08.702 INFO  <mkdb.Checkpoint> flush=0
2026-07-05 17:45:08.702 INFO  <mkdb.Checkpoint> ----------------- end -----------------
2026-07-05 17:46:08.755 INFO  <mkdb.Checkpoint> ---------------- begin ----------------
2026-07-05 17:46:08.755 INFO  <mkdb.Checkpoint> marshalN=1/0
2026-07-05 17:46:08.755 INFO  <mkdb.Checkpoint> snapshot=0 marshal0=0
2026-07-05 17:46:08.755 INFO  <mkdb.Checkpoint> flush=0
2026-07-05 17:46:08.755 INFO  <mkdb.Checkpoint> ----------------- end -----------------
2026-07-05 17:47:08.810 INFO  <mkdb.Checkpoint> ---------------- begin ----------------
2026-07-05 17:47:08.810 INFO  <mkdb.Checkpoint> marshalN=1/0
2026-07-05 17:47:08.811 INFO  <mkdb.Checkpoint> snapshot=0 marshal0=0
2026-07-05 17:47:08.811 INFO  <mkdb.Checkpoint> flush=0
2026-07-05 17:47:08.811 INFO  <mkdb.Checkpoint> ----------------- end -----------------
2026-07-05 17:48:08.864 INFO  <mkdb.Checkpoint> ---------------- begin ----------------
2026-07-05 17:48:08.864 INFO  <mkdb.Checkpoint> marshalN=1/0
2026-07-05 17:48:08.864 INFO  <mkdb.Checkpoint> snapshot=0 marshal0=0
2026-07-05 17:48:08.864 INFO  <mkdb.Checkpoint> flush=0
2026-07-05 17:48:08.864 INFO  <mkdb.Checkpoint> ----------------- end -----------------
2026-07-05 17:49:08.915 INFO  <mkdb.Checkpoint> ---------------- begin ----------------
2026-07-05 17:49:08.915 INFO  <mkdb.Checkpoint> marshalN=1/0
2026-07-05 17:49:08.915 INFO  <mkdb.Checkpoint> snapshot=0 marshal0=0
2026-07-05 17:49:08.915 INFO  <mkdb.Checkpoint> flush=0
2026-07-05 17:49:08.915 INFO  <mkdb.Checkpoint> ----------------- end -----------------
2026-07-05 17:50:08.967 INFO  <mkdb.Checkpoint> ---------------- begin ----------------
2026-07-05 17:50:08.967 INFO  <mkdb.Checkpoint> marshalN=1/0
2026-07-05 17:50:08.967 INFO  <mkdb.Checkpoint> snapshot=0 marshal0=0
2026-07-05 17:50:08.967 INFO  <mkdb.Checkpoint> flush=0
2026-07-05 17:50:08.967 INFO  <mkdb.Checkpoint> ----------------- end -----------------
2026-07-05 17:51:09.021 INFO  <mkdb.Checkpoint> ---------------- begin ----------------
2026-07-05 17:51:09.021 INFO  <mkdb.Checkpoint> marshalN=1/0
2026-07-05 17:51:09.021 INFO  <mkdb.Checkpoint> snapshot=0 marshal0=0
2026-07-05 17:51:09.021 INFO  <mkdb.Checkpoint> flush=0
2026-07-05 17:51:09.021 INFO  <mkdb.Checkpoint> ----------------- end -----------------
2026-07-05 17:52:09.076 INFO  <mkdb.Checkpoint> ---------------- begin ----------------
2026-07-05 17:52:09.077 INFO  <mkdb.Checkpoint> marshalN=1/0
2026-07-05 17:52:09.077 INFO  <mkdb.Checkpoint> snapshot=0 marshal0=0
2026-07-05 17:52:09.077 INFO  <mkdb.Checkpoint> flush=0
2026-07-05 17:52:09.077 INFO  <mkdb.Checkpoint> ----------------- end -----------------
2026-07-05 17:53:09.128 INFO  <mkdb.Checkpoint> ---------------- begin ----------------
2026-07-05 17:53:09.128 INFO  <mkdb.Checkpoint> marshalN=1/0
2026-07-05 17:53:09.128 INFO  <mkdb.Checkpoint> snapshot=0 marshal0=0
2026-07-05 17:53:09.128 INFO  <mkdb.Checkpoint> flush=0
2026-07-05 17:53:09.128 INFO  <mkdb.Checkpoint> ----------------- end -----------------
2026-07-05 17:54:09.182 INFO  <mkdb.Checkpoint> ---------------- begin ----------------
2026-07-05 17:54:09.182 INFO  <mkdb.Checkpoint> marshalN=1/0
2026-07-05 17:54:09.182 INFO  <mkdb.Checkpoint> snapshot=0 marshal0=0
2026-07-05 17:54:09.182 INFO  <mkdb.Checkpoint> flush=0
2026-07-05 17:54:09.182 INFO  <mkdb.Checkpoint> ----------------- end -----------------
2026-07-05 17:55:09.235 INFO  <mkdb.Checkpoint> ---------------- begin ----------------
2026-07-05 17:55:09.235 INFO  <mkdb.Checkpoint> marshalN=1/0
2026-07-05 17:55:09.235 INFO  <mkdb.Checkpoint> snapshot=0 marshal0=0
2026-07-05 17:55:09.235 INFO  <mkdb.Checkpoint> flush=0
2026-07-05 17:55:09.235 INFO  <mkdb.Checkpoint> ----------------- end -----------------
2026-07-05 17:56:09.290 INFO  <mkdb.Checkpoint> ---------------- begin ----------------
2026-07-05 17:56:09.290 INFO  <mkdb.Checkpoint> marshalN=1/0
2026-07-05 17:56:09.290 INFO  <mkdb.Checkpoint> snapshot=0 marshal0=0
2026-07-05 17:56:09.290 INFO  <mkdb.Checkpoint> flush=0
2026-07-05 17:56:09.290 INFO  <mkdb.Checkpoint> ----------------- end -----------------
2026-07-05 17:57:09.345 INFO  <mkdb.Checkpoint> ---------------- begin ----------------
2026-07-05 17:57:09.345 INFO  <mkdb.Checkpoint> marshalN=1/0
2026-07-05 17:57:09.345 INFO  <mkdb.Checkpoint> snapshot=0 marshal0=0
2026-07-05 17:57:09.345 INFO  <mkdb.Checkpoint> flush=0
2026-07-05 17:57:09.345 INFO  <mkdb.Checkpoint> ----------------- end -----------------
2026-07-05 17:58:09.398 INFO  <mkdb.Checkpoint> ---------------- begin ----------------
2026-07-05 17:58:09.398 INFO  <mkdb.Checkpoint> marshalN=1/0
2026-07-05 17:58:09.398 INFO  <mkdb.Checkpoint> snapshot=0 marshal0=0
2026-07-05 17:58:09.398 INFO  <mkdb.Checkpoint> flush=0
2026-07-05 17:58:09.398 INFO  <mkdb.Checkpoint> ----------------- end -----------------
2026-07-05 17:59:09.452 INFO  <mkdb.Checkpoint> ---------------- begin ----------------
2026-07-05 17:59:09.452 INFO  <mkdb.Checkpoint> marshalN=1/0
2026-07-05 17:59:09.452 INFO  <mkdb.Checkpoint> snapshot=0 marshal0=0
2026-07-05 17:59:09.452 INFO  <mkdb.Checkpoint> flush=0
2026-07-05 17:59:09.452 INFO  <mkdb.Checkpoint> ----------------- end -----------------
2026-07-05 18:00:09.507 INFO  <mkdb.Checkpoint> ---------------- begin ----------------
2026-07-05 18:00:09.507 INFO  <mkdb.Checkpoint> marshalN=1/0
2026-07-05 18:00:09.507 INFO  <mkdb.Checkpoint> snapshot=0 marshal0=0
2026-07-05 18:00:09.507 INFO  <mkdb.Checkpoint> flush=0
2026-07-05 18:00:09.507 INFO  <mkdb.Checkpoint> ----------------- end -----------------
2026-07-05 18:01:09.559 INFO  <mkdb.Checkpoint> ---------------- begin ----------------
2026-07-05 18:01:09.559 INFO  <mkdb.Checkpoint> marshalN=1/0
2026-07-05 18:01:09.559 INFO  <mkdb.Checkpoint> snapshot=0 marshal0=0
2026-07-05 18:01:09.559 INFO  <mkdb.Checkpoint> flush=0
2026-07-05 18:01:09.559 INFO  <mkdb.Checkpoint> ----------------- end -----------------
2026-07-05 18:02:09.614 INFO  <mkdb.Checkpoint> ---------------- begin ----------------
2026-07-05 18:02:09.614 INFO  <mkdb.Checkpoint> marshalN=1/0
2026-07-05 18:02:09.614 INFO  <mkdb.Checkpoint> snapshot=0 marshal0=0
2026-07-05 18:02:09.614 INFO  <mkdb.Checkpoint> flush=0
2026-07-05 18:02:09.614 INFO  <mkdb.Checkpoint> ----------------- end -----------------
2026-07-05 18:03:09.670 INFO  <mkdb.Checkpoint> ---------------- begin ----------------
2026-07-05 18:03:09.670 INFO  <mkdb.Checkpoint> marshalN=1/0
2026-07-05 18:03:09.670 INFO  <mkdb.Checkpoint> snapshot=0 marshal0=0
2026-07-05 18:03:09.670 INFO  <mkdb.Checkpoint> flush=0
2026-07-05 18:03:09.670 INFO  <mkdb.Checkpoint> ----------------- end -----------------
2026-07-05 18:04:09.724 INFO  <mkdb.Checkpoint> ---------------- begin ----------------
2026-07-05 18:04:09.724 INFO  <mkdb.Checkpoint> marshalN=1/0
2026-07-05 18:04:09.724 INFO  <mkdb.Checkpoint> snapshot=0 marshal0=0
2026-07-05 18:04:09.725 INFO  <mkdb.Checkpoint> flush=0
2026-07-05 18:04:09.725 INFO  <mkdb.Checkpoint> ----------------- end -----------------
2026-07-05 18:05:09.778 INFO  <mkdb.Checkpoint> ---------------- begin ----------------
2026-07-05 18:05:09.778 INFO  <mkdb.Checkpoint> marshalN=1/0
2026-07-05 18:05:09.778 INFO  <mkdb.Checkpoint> snapshot=0 marshal0=0
2026-07-05 18:05:09.778 INFO  <mkdb.Checkpoint> flush=0
2026-07-05 18:05:09.778 INFO  <mkdb.Checkpoint> ----------------- end -----------------
2026-07-05 18:06:09.831 INFO  <mkdb.Checkpoint> ---------------- begin ----------------
2026-07-05 18:06:09.831 INFO  <mkdb.Checkpoint> marshalN=1/0
2026-07-05 18:06:09.831 INFO  <mkdb.Checkpoint> snapshot=0 marshal0=0
2026-07-05 18:06:09.831 INFO  <mkdb.Checkpoint> flush=0
2026-07-05 18:06:09.831 INFO  <mkdb.Checkpoint> ----------------- end -----------------
2026-07-05 18:06:41.058 WARN  <mkdb.Backup> backup FULL begin
2026-07-05 18:06:41.059 WARN  <mkdb.Backup> backup FULL end
2026-07-05 18:07:09.884 INFO  <mkdb.Checkpoint> ---------------- begin ----------------
2026-07-05 18:07:09.884 INFO  <mkdb.Checkpoint> marshalN=1/0
2026-07-05 18:07:09.884 INFO  <mkdb.Checkpoint> snapshot=0 marshal0=0
2026-07-05 18:07:09.884 INFO  <mkdb.Checkpoint> flush=0
2026-07-05 18:07:09.884 INFO  <mkdb.Checkpoint> ----------------- end -----------------
2026-07-05 18:08:09.939 INFO  <mkdb.Checkpoint> ---------------- begin ----------------
2026-07-05 18:08:09.939 INFO  <mkdb.Checkpoint> marshalN=1/0
2026-07-05 18:08:09.939 INFO  <mkdb.Checkpoint> snapshot=0 marshal0=0
2026-07-05 18:08:09.939 INFO  <mkdb.Checkpoint> flush=0
2026-07-05 18:08:09.939 INFO  <mkdb.Checkpoint> ----------------- end -----------------
2026-07-05 18:09:09.994 INFO  <mkdb.Checkpoint> ---------------- begin ----------------
2026-07-05 18:09:09.994 INFO  <mkdb.Checkpoint> marshalN=1/0
2026-07-05 18:09:09.994 INFO  <mkdb.Checkpoint> snapshot=0 marshal0=0
2026-07-05 18:09:09.994 INFO  <mkdb.Checkpoint> flush=0
2026-07-05 18:09:09.994 INFO  <mkdb.Checkpoint> ----------------- end -----------------
2026-07-05 18:10:10.048 INFO  <mkdb.Checkpoint> ---------------- begin ----------------
2026-07-05 18:10:10.048 INFO  <mkdb.Checkpoint> marshalN=1/0
2026-07-05 18:10:10.048 INFO  <mkdb.Checkpoint> snapshot=0 marshal0=0
2026-07-05 18:10:10.048 INFO  <mkdb.Checkpoint> flush=0
2026-07-05 18:10:10.048 INFO  <mkdb.Checkpoint> ----------------- end -----------------
2026-07-05 18:11:10.098 INFO  <mkdb.Checkpoint> ---------------- begin ----------------
2026-07-05 18:11:10.098 INFO  <mkdb.Checkpoint> marshalN=1/0
2026-07-05 18:11:10.098 INFO  <mkdb.Checkpoint> snapshot=0 marshal0=0
2026-07-05 18:11:10.098 INFO  <mkdb.Checkpoint> flush=0
2026-07-05 18:11:10.098 INFO  <mkdb.Checkpoint> ----------------- end -----------------
2026-07-05 18:12:10.153 INFO  <mkdb.Checkpoint> ---------------- begin ----------------
2026-07-05 18:12:10.153 INFO  <mkdb.Checkpoint> marshalN=1/0
2026-07-05 18:12:10.153 INFO  <mkdb.Checkpoint> snapshot=0 marshal0=0
2026-07-05 18:12:10.153 INFO  <mkdb.Checkpoint> flush=0
2026-07-05 18:12:10.153 INFO  <mkdb.Checkpoint> ----------------- end -----------------
2026-07-05 18:13:10.206 INFO  <mkdb.Checkpoint> ---------------- begin ----------------
2026-07-05 18:13:10.206 INFO  <mkdb.Checkpoint> marshalN=1/0
2026-07-05 18:13:10.206 INFO  <mkdb.Checkpoint> snapshot=0 marshal0=0
2026-07-05 18:13:10.206 INFO  <mkdb.Checkpoint> flush=0
2026-07-05 18:13:10.206 INFO  <mkdb.Checkpoint> ----------------- end -----------------
2026-07-05 18:14:10.261 INFO  <mkdb.Checkpoint> ---------------- begin ----------------
2026-07-05 18:14:10.261 INFO  <mkdb.Checkpoint> marshalN=1/0
2026-07-05 18:14:10.261 INFO  <mkdb.Checkpoint> snapshot=0 marshal0=0
2026-07-05 18:14:10.261 INFO  <mkdb.Checkpoint> flush=0
2026-07-05 18:14:10.261 INFO  <mkdb.Checkpoint> ----------------- end -----------------
2026-07-05 18:15:10.317 INFO  <mkdb.Checkpoint> ---------------- begin ----------------
2026-07-05 18:15:10.317 INFO  <mkdb.Checkpoint> marshalN=1/0
2026-07-05 18:15:10.317 INFO  <mkdb.Checkpoint> snapshot=0 marshal0=0
2026-07-05 18:15:10.318 INFO  <mkdb.Checkpoint> flush=0
2026-07-05 18:15:10.318 INFO  <mkdb.Checkpoint> ----------------- end -----------------
2026-07-05 18:16:10.370 INFO  <mkdb.Checkpoint> ---------------- begin ----------------
2026-07-05 18:16:10.370 INFO  <mkdb.Checkpoint> marshalN=1/0
2026-07-05 18:16:10.370 INFO  <mkdb.Checkpoint> snapshot=0 marshal0=0
2026-07-05 18:16:10.370 INFO  <mkdb.Checkpoint> flush=0
2026-07-05 18:16:10.370 INFO  <mkdb.Checkpoint> ----------------- end -----------------
2026-07-05 18:17:10.425 INFO  <mkdb.Checkpoint> ---------------- begin ----------------
2026-07-05 18:17:10.425 INFO  <mkdb.Checkpoint> marshalN=1/0
2026-07-05 18:17:10.425 INFO  <mkdb.Checkpoint> snapshot=0 marshal0=0
2026-07-05 18:17:10.425 INFO  <mkdb.Checkpoint> flush=0
2026-07-05 18:17:10.425 INFO  <mkdb.Checkpoint> ----------------- end -----------------
2026-07-05 18:18:10.479 INFO  <mkdb.Checkpoint> ---------------- begin ----------------
2026-07-05 18:18:10.479 INFO  <mkdb.Checkpoint> marshalN=1/0
2026-07-05 18:18:10.479 INFO  <mkdb.Checkpoint> snapshot=0 marshal0=0
2026-07-05 18:18:10.479 INFO  <mkdb.Checkpoint> flush=0
2026-07-05 18:18:10.479 INFO  <mkdb.Checkpoint> ----------------- end -----------------
2026-07-05 18:19:10.534 INFO  <mkdb.Checkpoint> ---------------- begin ----------------
2026-07-05 18:19:10.534 INFO  <mkdb.Checkpoint> marshalN=1/0
2026-07-05 18:19:10.534 INFO  <mkdb.Checkpoint> snapshot=0 marshal0=0
2026-07-05 18:19:10.534 INFO  <mkdb.Checkpoint> flush=0
2026-07-05 18:19:10.534 INFO  <mkdb.Checkpoint> ----------------- end -----------------
2026-07-05 18:20:10.588 INFO  <mkdb.Checkpoint> ---------------- begin ----------------
2026-07-05 18:20:10.588 INFO  <mkdb.Checkpoint> marshalN=1/0
2026-07-05 18:20:10.588 INFO  <mkdb.Checkpoint> snapshot=0 marshal0=0
2026-07-05 18:20:10.588 INFO  <mkdb.Checkpoint> flush=0
2026-07-05 18:20:10.588 INFO  <mkdb.Checkpoint> ----------------- end -----------------
2026-07-05 18:21:10.644 INFO  <mkdb.Checkpoint> ---------------- begin ----------------
2026-07-05 18:21:10.644 INFO  <mkdb.Checkpoint> marshalN=1/0
2026-07-05 18:21:10.644 INFO  <mkdb.Checkpoint> snapshot=0 marshal0=0
2026-07-05 18:21:10.644 INFO  <mkdb.Checkpoint> flush=0
2026-07-05 18:21:10.644 INFO  <mkdb.Checkpoint> ----------------- end -----------------
2026-07-05 18:22:10.696 INFO  <mkdb.Checkpoint> ---------------- begin ----------------
2026-07-05 18:22:10.696 INFO  <mkdb.Checkpoint> marshalN=1/0
2026-07-05 18:22:10.696 INFO  <mkdb.Checkpoint> snapshot=0 marshal0=0
2026-07-05 18:22:10.696 INFO  <mkdb.Checkpoint> flush=0
2026-07-05 18:22:10.696 INFO  <mkdb.Checkpoint> ----------------- end -----------------
2026-07-05 18:23:10.748 INFO  <mkdb.Checkpoint> ---------------- begin ----------------
2026-07-05 18:23:10.749 INFO  <mkdb.Checkpoint> marshalN=1/0
2026-07-05 18:23:10.749 INFO  <mkdb.Checkpoint> snapshot=0 marshal0=0
2026-07-05 18:23:10.749 INFO  <mkdb.Checkpoint> flush=0
2026-07-05 18:23:10.749 INFO  <mkdb.Checkpoint> ----------------- end -----------------
2026-07-05 18:24:10.804 INFO  <mkdb.Checkpoint> ---------------- begin ----------------
2026-07-05 18:24:10.804 INFO  <mkdb.Checkpoint> marshalN=1/0
2026-07-05 18:24:10.804 INFO  <mkdb.Checkpoint> snapshot=0 marshal0=0
2026-07-05 18:24:10.804 INFO  <mkdb.Checkpoint> flush=0
2026-07-05 18:24:10.804 INFO  <mkdb.Checkpoint> ----------------- end -----------------
2026-07-05 18:25:10.858 INFO  <mkdb.Checkpoint> ---------------- begin ----------------
2026-07-05 18:25:10.858 INFO  <mkdb.Checkpoint> marshalN=1/0
2026-07-05 18:25:10.858 INFO  <mkdb.Checkpoint> snapshot=0 marshal0=0
2026-07-05 18:25:10.858 INFO  <mkdb.Checkpoint> flush=0
2026-07-05 18:25:10.858 INFO  <mkdb.Checkpoint> ----------------- end -----------------
2026-07-05 18:26:10.913 INFO  <mkdb.Checkpoint> ---------------- begin ----------------
2026-07-05 18:26:10.913 INFO  <mkdb.Checkpoint> marshalN=1/0
2026-07-05 18:26:10.913 INFO  <mkdb.Checkpoint> snapshot=0 marshal0=0
2026-07-05 18:26:10.913 INFO  <mkdb.Checkpoint> flush=0
2026-07-05 18:26:10.913 INFO  <mkdb.Checkpoint> ----------------- end -----------------
2026-07-05 18:27:10.966 INFO  <mkdb.Checkpoint> ---------------- begin ----------------
2026-07-05 18:27:10.966 INFO  <mkdb.Checkpoint> marshalN=1/0
2026-07-05 18:27:10.966 INFO  <mkdb.Checkpoint> snapshot=0 marshal0=0
2026-07-05 18:27:10.966 INFO  <mkdb.Checkpoint> flush=0
2026-07-05 18:27:10.966 INFO  <mkdb.Checkpoint> ----------------- end -----------------
2026-07-05 18:27:46.572 INFO  <mkdb.Worker.procedure.32> com.locojoy.ns.Exist(activeuser:1:1) result=5
2026-07-05 18:27:57.435 INFO  <mkdb.Worker.procedure.20> com.locojoy.ns.Exist(activeuser:1:1) result=5
2026-07-05 18:28:02.604 INFO  <mkdb.Worker.procedure.23> com.locojoy.ns.Exist(activeuser:1:1) result=5
2026-07-05 18:28:07.871 INFO  <mkdb.Worker.procedure.27> com.locojoy.ns.Exist(activeuser:1:1) result=5
2026-07-05 18:28:11.020 INFO  <mkdb.Checkpoint> ---------------- begin ----------------
2026-07-05 18:28:11.020 INFO  <mkdb.Checkpoint> marshalN=1/0
2026-07-05 18:28:11.020 INFO  <mkdb.Checkpoint> snapshot=0 marshal0=0
2026-07-05 18:28:11.020 INFO  <mkdb.Checkpoint> flush=0
2026-07-05 18:28:11.020 INFO  <mkdb.Checkpoint> ----------------- end -----------------
2026-07-05 18:29:11.075 INFO  <mkdb.Checkpoint> ---------------- begin ----------------
2026-07-05 18:29:11.075 INFO  <mkdb.Checkpoint> marshalN=1/0
2026-07-05 18:29:11.075 INFO  <mkdb.Checkpoint> snapshot=0 marshal0=0
2026-07-05 18:29:11.075 INFO  <mkdb.Checkpoint> flush=0
2026-07-05 18:29:11.075 INFO  <mkdb.Checkpoint> ----------------- end -----------------
2026-07-05 18:30:11.125 INFO  <mkdb.Checkpoint> ---------------- begin ----------------
2026-07-05 18:30:11.125 INFO  <mkdb.Checkpoint> marshalN=1/0
2026-07-05 18:30:11.126 INFO  <mkdb.Checkpoint> snapshot=0 marshal0=0
2026-07-05 18:30:11.126 INFO  <mkdb.Checkpoint> flush=0
2026-07-05 18:30:11.126 INFO  <mkdb.Checkpoint> ----------------- end -----------------
