26/03/2014 15:15:35 (Std) 	+-+-+-+-+-+-+-+-+-+-+-+-+-+-+-+-+-+-+-+-+-+-+-+-+-+-+-+-+-+-+-+-+-+-+-+-+-+-+-+
26/03/2014 15:15:35 (Std) 	+                     Crazy Eddie's GUI System - Event log                    +
26/03/2014 15:15:35 (Std) 	+                          (http://www.cegui.org.uk/)                         +
26/03/2014 15:15:35 (Std) 	+-+-+-+-+-+-+-+-+-+-+-+-+-+-+-+-+-+-+-+-+-+-+-+-+-+-+-+-+-+-+-+-+-+-+-+-+-+-+-+

26/03/2014 15:15:35 (Std) 	CEGUI::Logger singleton created. (0423B7D0)
26/03/2014 15:15:35 (Std) 	
26/03/2014 15:15:35 (Std) 	********************************************************************************
26/03/2014 15:15:35 (Std) 	* Important:                                                                   *
26/03/2014 15:15:35 (Std) 	*     To get support at the CEGUI forums, you must post _at least_ the section *
26/03/2014 15:15:35 (Std) 	*     of this log file indicated below.  Failure to do this will result in no  *
26/03/2014 15:15:35 (Std) 	*     support being given; please do not waste our time.                       *
26/03/2014 15:15:35 (Std) 	********************************************************************************
26/03/2014 15:15:35 (Std) 	********************************************************************************
26/03/2014 15:15:35 (Std) 	* -------- START OF ESSENTIAL SECTION TO BE POSTED ON THE FORUM       -------- *
26/03/2014 15:15:35 (Std) 	********************************************************************************
26/03/2014 15:15:35 (Std) 	---- Version 0.7.9 (Build: Feb 19 2014 Debug Microsoft Windows MSVC++ 10.0 32 bit) ----
26/03/2014 15:15:35 (Std) 	---- Renderer module is: CEGUI::Direct3D9Renderer - Official Direct3D 9 based 2nd generation renderer module. ----
26/03/2014 15:15:35 (Std) 	---- XML Parser module is: CEGUI::ExpatParser - Official expat based parser module for CEGUI ----
26/03/2014 15:15:35 (Std) 	---- Image Codec module is: SILLYImageCodec - Official SILLY based image codec ----
26/03/2014 15:15:35 (Std) 	---- Scripting module is: None ----
26/03/2014 15:15:35 (Std) 	********************************************************************************
26/03/2014 15:15:35 (Std) 	* -------- END OF ESSENTIAL SECTION TO BE POSTED ON THE FORUM         -------- *
26/03/2014 15:15:35 (Std) 	********************************************************************************
26/03/2014 15:15:35 (Std) 	
26/03/2014 15:15:35 (Std) 	---- Begining CEGUI System initialisation ----
26/03/2014 15:15:35 (Std) 	CEGUI::ImagesetManager singleton created (0423D030)
26/03/2014 15:15:35 (Std) 	CEGUI::FontManager singleton created. (0423D5C8)
26/03/2014 15:15:35 (Std) 	CEGUI::WindowFactoryManager singleton created
26/03/2014 15:15:35 (Std) 	CEGUI::WindowManager singleton created (0423BCE8)
26/03/2014 15:15:35 (Std) 	CEGUI::SchemeManager singleton created. (0423F540)
26/03/2014 15:15:35 (Std) 	CEGUI::MouseCursor singleton created. (0423F3C0)
26/03/2014 15:15:35 (Std) 	CEGUI::GlobalEventSet singleton created. (0423F818)
26/03/2014 15:15:35 (Std) 	CEGUI::AnimationManager singleton created (0423FB88)
26/03/2014 15:15:35 (Std) 	CEGUI::WidgetLookManager singleton created. (042411F0)
26/03/2014 15:15:35 (Std) 	CEGUI::WindowRendererManager singleton created (042414B8)
26/03/2014 15:15:35 (Std) 	CEGUI::RenderEffectManager singleton created (04241638)
26/03/2014 15:15:35 (Std) 	Created WindowFactory for 'DefaultWindow' windows.
26/03/2014 15:15:35 (Std) 	WindowFactory for 'DefaultWindow' windows added. (04241870)
26/03/2014 15:15:35 (Std) 	Created WindowFactory for 'DragContainer' windows.
26/03/2014 15:15:35 (Std) 	WindowFactory for 'DragContainer' windows added. (04241A70)
26/03/2014 15:15:35 (Std) 	Created WindowFactory for 'ScrolledContainer' windows.
26/03/2014 15:15:35 (Std) 	WindowFactory for 'ScrolledContainer' windows added. (04241C78)
26/03/2014 15:15:35 (Std) 	Created WindowFactory for 'ClippedContainer' windows.
26/03/2014 15:15:35 (Std) 	WindowFactory for 'ClippedContainer' windows added. (04241E80)
26/03/2014 15:15:35 (Std) 	Created WindowFactory for 'CEGUI/Checkbox' windows.
26/03/2014 15:15:35 (Std) 	WindowFactory for 'CEGUI/Checkbox' windows added. (04242090)
26/03/2014 15:15:35 (Std) 	Created WindowFactory for 'CEGUI/PushButton' windows.
26/03/2014 15:15:35 (Std) 	WindowFactory for 'CEGUI/PushButton' windows added. (042422A8)
26/03/2014 15:15:35 (Std) 	Created WindowFactory for 'CEGUI/RadioButton' windows.
26/03/2014 15:15:35 (Std) 	WindowFactory for 'CEGUI/RadioButton' windows added. (04242468)
26/03/2014 15:15:36 (Std) 	Created WindowFactory for 'CEGUI/Combobox' windows.
26/03/2014 15:15:36 (Std) 	WindowFactory for 'CEGUI/Combobox' windows added. (04242688)
26/03/2014 15:15:36 (Std) 	Created WindowFactory for 'CEGUI/ComboDropList' windows.
26/03/2014 15:15:36 (Std) 	WindowFactory for 'CEGUI/ComboDropList' windows added. (04242848)
26/03/2014 15:15:36 (Std) 	Created WindowFactory for 'CEGUI/Editbox' windows.
26/03/2014 15:15:36 (Std) 	WindowFactory for 'CEGUI/Editbox' windows added. (04242A08)
26/03/2014 15:15:36 (Std) 	Created WindowFactory for 'CEGUI/FrameWindow' windows.
26/03/2014 15:15:36 (Std) 	WindowFactory for 'CEGUI/FrameWindow' windows added. (04242C38)
26/03/2014 15:15:36 (Std) 	Created WindowFactory for 'CEGUI/ItemEntry' windows.
26/03/2014 15:15:36 (Std) 	WindowFactory for 'CEGUI/ItemEntry' windows added. (04242DF8)
26/03/2014 15:15:36 (Std) 	Created WindowFactory for 'CEGUI/Listbox' windows.
26/03/2014 15:15:36 (Std) 	WindowFactory for 'CEGUI/Listbox' windows added. (04242FB8)
26/03/2014 15:15:36 (Std) 	Created WindowFactory for 'CEGUI/ListHeader' windows.
26/03/2014 15:15:36 (Std) 	WindowFactory for 'CEGUI/ListHeader' windows added. (04243178)
26/03/2014 15:15:36 (Std) 	Created WindowFactory for 'CEGUI/ListHeaderSegment' windows.
26/03/2014 15:15:36 (Std) 	WindowFactory for 'CEGUI/ListHeaderSegment' windows added. (04243338)
26/03/2014 15:15:36 (Std) 	Created WindowFactory for 'CEGUI/Menubar' windows.
26/03/2014 15:15:36 (Std) 	WindowFactory for 'CEGUI/Menubar' windows added. (042435C8)
26/03/2014 15:15:36 (Std) 	Created WindowFactory for 'CEGUI/PopupMenu' windows.
26/03/2014 15:15:36 (Std) 	WindowFactory for 'CEGUI/PopupMenu' windows added. (04243988)
26/03/2014 15:15:36 (Std) 	Created WindowFactory for 'CEGUI/MenuItem' windows.
26/03/2014 15:15:36 (Std) 	WindowFactory for 'CEGUI/MenuItem' windows added. (04243A60)
26/03/2014 15:15:36 (Std) 	Created WindowFactory for 'CEGUI/MultiColumnList' windows.
26/03/2014 15:15:36 (Std) 	WindowFactory for 'CEGUI/MultiColumnList' windows added. (04243C20)
26/03/2014 15:15:36 (Std) 	Created WindowFactory for 'CEGUI/MultiLineEditbox' windows.
26/03/2014 15:15:36 (Std) 	WindowFactory for 'CEGUI/MultiLineEditbox' windows added. (04243E80)
26/03/2014 15:15:36 (Std) 	Created WindowFactory for 'CEGUI/ProgressBar' windows.
26/03/2014 15:15:36 (Std) 	WindowFactory for 'CEGUI/ProgressBar' windows added. (042440F0)
26/03/2014 15:15:36 (Std) 	Created WindowFactory for 'CEGUI/ScrollablePane' windows.
26/03/2014 15:15:36 (Std) 	WindowFactory for 'CEGUI/ScrollablePane' windows added. (042442B0)
26/03/2014 15:15:36 (Std) 	Created WindowFactory for 'CEGUI/Scrollbar' windows.
26/03/2014 15:15:36 (Std) 	WindowFactory for 'CEGUI/Scrollbar' windows added. (04244470)
26/03/2014 15:15:36 (Std) 	Created WindowFactory for 'CEGUI/Slider' windows.
26/03/2014 15:15:36 (Std) 	WindowFactory for 'CEGUI/Slider' windows added. (04244630)
26/03/2014 15:15:36 (Std) 	Created WindowFactory for 'CEGUI/Spinner' windows.
26/03/2014 15:15:36 (Std) 	WindowFactory for 'CEGUI/Spinner' windows added. (042447F0)
26/03/2014 15:15:36 (Std) 	Created WindowFactory for 'CEGUI/TabButton' windows.
26/03/2014 15:15:36 (Std) 	WindowFactory for 'CEGUI/TabButton' windows added. (042449B0)
26/03/2014 15:15:36 (Std) 	Created WindowFactory for 'CEGUI/TabControl' windows.
26/03/2014 15:15:36 (Std) 	WindowFactory for 'CEGUI/TabControl' windows added. (04244B70)
26/03/2014 15:15:36 (Std) 	Created WindowFactory for 'CEGUI/Thumb' windows.
26/03/2014 15:15:36 (Std) 	WindowFactory for 'CEGUI/Thumb' windows added. (04244D30)
26/03/2014 15:15:36 (Std) 	Created WindowFactory for 'CEGUI/Titlebar' windows.
26/03/2014 15:15:36 (Std) 	WindowFactory for 'CEGUI/Titlebar' windows added. (04244EF0)
26/03/2014 15:15:36 (Std) 	Created WindowFactory for 'CEGUI/Tooltip' windows.
26/03/2014 15:15:36 (Std) 	WindowFactory for 'CEGUI/Tooltip' windows added. (04245198)
26/03/2014 15:15:36 (Std) 	Created WindowFactory for 'CEGUI/ItemListbox' windows.
26/03/2014 15:15:36 (Std) 	WindowFactory for 'CEGUI/ItemListbox' windows added. (04245358)
26/03/2014 15:15:36 (Std) 	Created WindowFactory for 'CEGUI/GroupBox' windows.
26/03/2014 15:15:36 (Std) 	WindowFactory for 'CEGUI/GroupBox' windows added. (04245518)
26/03/2014 15:15:36 (Std) 	Created WindowFactory for 'CEGUI/Tree' windows.
26/03/2014 15:15:36 (Std) 	WindowFactory for 'CEGUI/Tree' windows added. (042456D8)
26/03/2014 15:15:36 (Std) 	Created WindowFactory for 'HorizontalLayoutContainer' windows.
26/03/2014 15:15:36 (Std) 	WindowFactory for 'HorizontalLayoutContainer' windows added. (04245898)
26/03/2014 15:15:36 (Std) 	Created WindowFactory for 'VerticalLayoutContainer' windows.
26/03/2014 15:15:36 (Std) 	WindowFactory for 'VerticalLayoutContainer' windows added. (04245A58)
26/03/2014 15:15:36 (Std) 	Created WindowFactory for 'GridLayoutContainer' windows.
26/03/2014 15:15:36 (Std) 	WindowFactory for 'GridLayoutContainer' windows added. (04245C18)
26/03/2014 15:15:36 (Std) 	Window type alias named 'DefaultGUISheet' added for window type 'DefaultWindow'.
26/03/2014 15:15:36 (Std) 	CEGUI::System singleton created. (0423B1F8)
26/03/2014 15:15:36 (Std) 	---- CEGUI System initialisation completed ----
26/03/2014 15:15:36 (Std) 	
26/03/2014 15:15:36 (Std) 	Attempting to create Imageset 'cegui_logo' using image file 'logo.png'.
26/03/2014 15:15:36 (Std) 	Started creation of Scheme from XML specification:
26/03/2014 15:15:36 (Std) 	---- CEGUI GUIScheme name: TaharezLook
26/03/2014 15:15:36 (Info) 	Finished creation of GUIScheme 'TaharezLook' via XML file. (0424CAE8)
26/03/2014 15:15:36 (Info) 	---- Begining resource loading for GUI scheme 'TaharezLook' ----
26/03/2014 15:15:36 (Std) 	Started creation of Imageset from XML specification:
26/03/2014 15:15:36 (Std) 	---- CEGUI Imageset name: TaharezLook
26/03/2014 15:15:36 (Std) 	---- Source texture file: TaharezLook.tga in resource group: (Default)
26/03/2014 15:15:36 (Info) 	Finished creation of Imageset 'TaharezLook' via XML file. (04263368)
26/03/2014 15:15:36 (Std) 	Started creation of Font from XML specification:
26/03/2014 15:15:36 (Std) 	---- CEGUI font name: DejaVuSans-10
26/03/2014 15:15:36 (Std) 	----       Font type: FreeType
26/03/2014 15:15:36 (Std) 	----     Source file: DejaVuSans.ttf in resource group: (Default)
26/03/2014 15:15:36 (Std) 	---- Real point size: 10
26/03/2014 15:15:36 (Info) 	Successfully loaded 3045 glyphs
26/03/2014 15:15:36 (Info) 	Finished creation of Font 'DejaVuSans-10' via XML file. (04247AA8)
26/03/2014 15:15:36 (Std) 	===== Falagard 'root' element: look and feel parsing begins =====
26/03/2014 15:15:36 (Info) 	---> Start of definition for widget look 'TaharezLook/Button'.
26/03/2014 15:15:36 (Info) 	---< End of definition for widget look 'TaharezLook/Button'.
26/03/2014 15:15:36 (Info) 	---> Start of definition for widget look 'TaharezLook/RadioButton'.
26/03/2014 15:15:36 (Info) 	---< End of definition for widget look 'TaharezLook/RadioButton'.
26/03/2014 15:15:36 (Info) 	---> Start of definition for widget look 'TaharezLook/Checkbox'.
26/03/2014 15:15:36 (Info) 	---< End of definition for widget look 'TaharezLook/Checkbox'.
26/03/2014 15:15:36 (Info) 	---> Start of definition for widget look 'TaharezLook/Editbox'.
26/03/2014 15:15:36 (Info) 	---< End of definition for widget look 'TaharezLook/Editbox'.
26/03/2014 15:15:36 (Info) 	---> Start of definition for widget look 'TaharezLook/Titlebar'.
26/03/2014 15:15:36 (Info) 	---< End of definition for widget look 'TaharezLook/Titlebar'.
26/03/2014 15:15:36 (Info) 	---> Start of definition for widget look 'TaharezLook/FrameWindow'.
26/03/2014 15:15:36 (Info) 	---< End of definition for widget look 'TaharezLook/FrameWindow'.
26/03/2014 15:15:36 (Info) 	---> Start of definition for widget look 'TaharezLook/GroupBox'.
26/03/2014 15:15:36 (Info) 	---< End of definition for widget look 'TaharezLook/GroupBox'.
26/03/2014 15:15:36 (Info) 	---> Start of definition for widget look 'TaharezLook/ProgressBar'.
26/03/2014 15:15:36 (Info) 	---< End of definition for widget look 'TaharezLook/ProgressBar'.
26/03/2014 15:15:36 (Info) 	---> Start of definition for widget look 'TaharezLook/AltProgressBar'.
26/03/2014 15:15:36 (Info) 	---< End of definition for widget look 'TaharezLook/AltProgressBar'.
26/03/2014 15:15:36 (Info) 	---> Start of definition for widget look 'TaharezLook/VUMeter'.
26/03/2014 15:15:36 (Info) 	---< End of definition for widget look 'TaharezLook/VUMeter'.
26/03/2014 15:15:36 (Info) 	---> Start of definition for widget look 'TaharezLook/SliderThumb'.
26/03/2014 15:15:36 (Info) 	---< End of definition for widget look 'TaharezLook/SliderThumb'.
26/03/2014 15:15:36 (Info) 	---> Start of definition for widget look 'TaharezLook/Slider'.
26/03/2014 15:15:36 (Info) 	---< End of definition for widget look 'TaharezLook/Slider'.
26/03/2014 15:15:36 (Info) 	---> Start of definition for widget look 'TaharezLook/HorizontalScrollbarThumb'.
26/03/2014 15:15:36 (Info) 	---< End of definition for widget look 'TaharezLook/HorizontalScrollbarThumb'.
26/03/2014 15:15:36 (Info) 	---> Start of definition for widget look 'TaharezLook/HorizontalScrollbar'.
26/03/2014 15:15:36 (Info) 	---< End of definition for widget look 'TaharezLook/HorizontalScrollbar'.
26/03/2014 15:15:36 (Info) 	---> Start of definition for widget look 'TaharezLook/VerticalScrollbarThumb'.
26/03/2014 15:15:36 (Info) 	---< End of definition for widget look 'TaharezLook/VerticalScrollbarThumb'.
26/03/2014 15:15:36 (Info) 	---> Start of definition for widget look 'TaharezLook/VerticalScrollbar'.
26/03/2014 15:15:36 (Info) 	---< End of definition for widget look 'TaharezLook/VerticalScrollbar'.
26/03/2014 15:15:36 (Info) 	---> Start of definition for widget look 'TaharezLook/Listbox'.
26/03/2014 15:15:36 (Info) 	---< End of definition for widget look 'TaharezLook/Listbox'.
26/03/2014 15:15:36 (Info) 	---> Start of definition for widget look 'TaharezLook/ComboDropList'.
26/03/2014 15:15:36 (Info) 	---< End of definition for widget look 'TaharezLook/ComboDropList'.
26/03/2014 15:15:36 (Info) 	---> Start of definition for widget look 'TaharezLook/ComboEditbox'.
26/03/2014 15:15:36 (Info) 	---< End of definition for widget look 'TaharezLook/ComboEditbox'.
26/03/2014 15:15:36 (Info) 	---> Start of definition for widget look 'TaharezLook/Combobox'.
26/03/2014 15:15:36 (Info) 	---< End of definition for widget look 'TaharezLook/Combobox'.
26/03/2014 15:15:36 (Info) 	---> Start of definition for widget look 'TaharezLook/Spinner'.
26/03/2014 15:15:36 (Info) 	---< End of definition for widget look 'TaharezLook/Spinner'.
26/03/2014 15:15:36 (Info) 	---> Start of definition for widget look 'TaharezLook/StaticShared'.
26/03/2014 15:15:36 (Info) 	---< End of definition for widget look 'TaharezLook/StaticShared'.
26/03/2014 15:15:36 (Info) 	---> Start of definition for widget look 'TaharezLook/StaticImage'.
26/03/2014 15:15:36 (Info) 	---< End of definition for widget look 'TaharezLook/StaticImage'.
26/03/2014 15:15:36 (Info) 	---> Start of definition for widget look 'TaharezLook/StaticText'.
26/03/2014 15:15:36 (Info) 	---< End of definition for widget look 'TaharezLook/StaticText'.
26/03/2014 15:15:36 (Info) 	---> Start of definition for widget look 'TaharezLook/ListHeaderSegment'.
26/03/2014 15:15:36 (Info) 	---< End of definition for widget look 'TaharezLook/ListHeaderSegment'.
26/03/2014 15:15:36 (Info) 	---> Start of definition for widget look 'TaharezLook/ListHeader'.
26/03/2014 15:15:36 (Info) 	---< End of definition for widget look 'TaharezLook/ListHeader'.
26/03/2014 15:15:36 (Info) 	---> Start of definition for widget look 'TaharezLook/MultiColumnList'.
26/03/2014 15:15:36 (Info) 	---< End of definition for widget look 'TaharezLook/MultiColumnList'.
26/03/2014 15:15:36 (Info) 	---> Start of definition for widget look 'TaharezLook/MultiLineEditbox'.
26/03/2014 15:15:36 (Info) 	---< End of definition for widget look 'TaharezLook/MultiLineEditbox'.
26/03/2014 15:15:36 (Info) 	---> Start of definition for widget look 'TaharezLook/Tooltip'.
26/03/2014 15:15:36 (Info) 	---< End of definition for widget look 'TaharezLook/Tooltip'.
26/03/2014 15:15:36 (Info) 	---> Start of definition for widget look 'TaharezLook/ScrollablePane'.
26/03/2014 15:15:36 (Info) 	---< End of definition for widget look 'TaharezLook/ScrollablePane'.
26/03/2014 15:15:36 (Info) 	---> Start of definition for widget look 'TaharezLook/TabButton'.
26/03/2014 15:15:36 (Info) 	---< End of definition for widget look 'TaharezLook/TabButton'.
26/03/2014 15:15:36 (Info) 	---> Start of definition for widget look 'TaharezLook/TabContentPane'.
26/03/2014 15:15:36 (Info) 	---< End of definition for widget look 'TaharezLook/TabContentPane'.
26/03/2014 15:15:36 (Info) 	---> Start of definition for widget look 'TaharezLook/TabButtonPane'.
26/03/2014 15:15:36 (Info) 	---< End of definition for widget look 'TaharezLook/TabButtonPane'.
26/03/2014 15:15:36 (Info) 	---> Start of definition for widget look 'TaharezLook/TabControl'.
26/03/2014 15:15:36 (Info) 	---< End of definition for widget look 'TaharezLook/TabControl'.
26/03/2014 15:15:36 (Info) 	---> Start of definition for widget look 'TaharezLook/MenuItem'.
26/03/2014 15:15:36 (Info) 	---< End of definition for widget look 'TaharezLook/MenuItem'.
26/03/2014 15:15:36 (Info) 	---> Start of definition for widget look 'TaharezLook/PopupMenu'.
26/03/2014 15:15:36 (Info) 	---< End of definition for widget look 'TaharezLook/PopupMenu'.
26/03/2014 15:15:36 (Info) 	---> Start of definition for widget look 'TaharezLook/Menubar'.
26/03/2014 15:15:36 (Info) 	---< End of definition for widget look 'TaharezLook/Menubar'.
26/03/2014 15:15:36 (Info) 	---> Start of definition for widget look 'TaharezLook/LargeVerticalScrollbarThumb'.
26/03/2014 15:15:36 (Info) 	---< End of definition for widget look 'TaharezLook/LargeVerticalScrollbarThumb'.
26/03/2014 15:15:36 (Info) 	---> Start of definition for widget look 'TaharezLook/LargeVerticalScrollbar'.
26/03/2014 15:15:36 (Info) 	---< End of definition for widget look 'TaharezLook/LargeVerticalScrollbar'.
26/03/2014 15:15:36 (Info) 	---> Start of definition for widget look 'TaharezLook/ImageButton'.
26/03/2014 15:15:36 (Info) 	---< End of definition for widget look 'TaharezLook/ImageButton'.
26/03/2014 15:15:36 (Info) 	---> Start of definition for widget look 'TaharezLook/ItemListbox'.
26/03/2014 15:15:36 (Info) 	---< End of definition for widget look 'TaharezLook/ItemListbox'.
26/03/2014 15:15:36 (Info) 	---> Start of definition for widget look 'TaharezLook/ListboxItem'.
26/03/2014 15:15:36 (Info) 	---< End of definition for widget look 'TaharezLook/ListboxItem'.
26/03/2014 15:15:36 (Info) 	---> Start of definition for widget look 'TaharezLook/Tree'.
26/03/2014 15:15:36 (Info) 	---< End of definition for widget look 'TaharezLook/Tree'.
26/03/2014 15:15:36 (Std) 	===== Look and feel parsing completed =====
26/03/2014 15:15:36 (Std) 	No window renderer factories specified for module 'CEGUIFalagardWRBase' - adding all available factories...
26/03/2014 15:15:36 (Std) 	Created WindowRendererFactory for 'Falagard/Button' WindowRenderers.
26/03/2014 15:15:36 (Std) 	WindowRendererFactory 'Falagard/Button' added. (0800A9B8)
26/03/2014 15:15:36 (Std) 	Created WindowRendererFactory for 'Falagard/Default' WindowRenderers.
26/03/2014 15:15:36 (Std) 	WindowRendererFactory 'Falagard/Default' added. (07F410B0)
26/03/2014 15:15:36 (Std) 	Created WindowRendererFactory for 'Falagard/Editbox' WindowRenderers.
26/03/2014 15:15:36 (Std) 	WindowRendererFactory 'Falagard/Editbox' added. (07FEFDC8)
26/03/2014 15:15:36 (Std) 	Created WindowRendererFactory for 'Falagard/FrameWindow' WindowRenderers.
26/03/2014 15:15:36 (Std) 	WindowRendererFactory 'Falagard/FrameWindow' added. (07F364D0)
26/03/2014 15:15:36 (Std) 	Created WindowRendererFactory for 'Falagard/ItemEntry' WindowRenderers.
26/03/2014 15:15:36 (Std) 	WindowRendererFactory 'Falagard/ItemEntry' added. (07F41DC0)
26/03/2014 15:15:36 (Std) 	Created WindowRendererFactory for 'Falagard/ListHeader' WindowRenderers.
26/03/2014 15:15:36 (Std) 	WindowRendererFactory 'Falagard/ListHeader' added. (04262858)
26/03/2014 15:15:36 (Std) 	Created WindowRendererFactory for 'Falagard/ListHeaderSegment' WindowRenderers.
26/03/2014 15:15:36 (Std) 	WindowRendererFactory 'Falagard/ListHeaderSegment' added. (042642E0)
26/03/2014 15:15:36 (Std) 	Created WindowRendererFactory for 'Falagard/Listbox' WindowRenderers.
26/03/2014 15:15:36 (Std) 	WindowRendererFactory 'Falagard/Listbox' added. (0424CEE8)
26/03/2014 15:15:36 (Std) 	Created WindowRendererFactory for 'Falagard/Menubar' WindowRenderers.
26/03/2014 15:15:36 (Std) 	WindowRendererFactory 'Falagard/Menubar' added. (0800F458)
26/03/2014 15:15:36 (Std) 	Created WindowRendererFactory for 'Falagard/MenuItem' WindowRenderers.
26/03/2014 15:15:36 (Std) 	WindowRendererFactory 'Falagard/MenuItem' added. (07F89108)
26/03/2014 15:15:36 (Std) 	Created WindowRendererFactory for 'Falagard/MultiColumnList' WindowRenderers.
26/03/2014 15:15:36 (Std) 	WindowRendererFactory 'Falagard/MultiColumnList' added. (07FF1E08)
26/03/2014 15:15:36 (Std) 	Created WindowRendererFactory for 'Falagard/MultiLineEditbox' WindowRenderers.
26/03/2014 15:15:36 (Std) 	WindowRendererFactory 'Falagard/MultiLineEditbox' added. (07FF6468)
26/03/2014 15:15:36 (Std) 	Created WindowRendererFactory for 'Falagard/PopupMenu' WindowRenderers.
26/03/2014 15:15:36 (Std) 	WindowRendererFactory 'Falagard/PopupMenu' added. (07FF6540)
26/03/2014 15:15:36 (Std) 	Created WindowRendererFactory for 'Falagard/ProgressBar' WindowRenderers.
26/03/2014 15:15:36 (Std) 	WindowRendererFactory 'Falagard/ProgressBar' added. (04264060)
26/03/2014 15:15:36 (Std) 	Created WindowRendererFactory for 'Falagard/ScrollablePane' WindowRenderers.
26/03/2014 15:15:36 (Std) 	WindowRendererFactory 'Falagard/ScrollablePane' added. (04247710)
26/03/2014 15:15:36 (Std) 	Created WindowRendererFactory for 'Falagard/Scrollbar' WindowRenderers.
26/03/2014 15:15:36 (Std) 	WindowRendererFactory 'Falagard/Scrollbar' added. (08033968)
26/03/2014 15:15:36 (Std) 	Created WindowRendererFactory for 'Falagard/Slider' WindowRenderers.
26/03/2014 15:15:36 (Std) 	WindowRendererFactory 'Falagard/Slider' added. (0424DC40)
26/03/2014 15:15:36 (Std) 	Created WindowRendererFactory for 'Falagard/Static' WindowRenderers.
26/03/2014 15:15:36 (Std) 	WindowRendererFactory 'Falagard/Static' added. (0424DE00)
26/03/2014 15:15:36 (Std) 	Created WindowRendererFactory for 'Falagard/StaticImage' WindowRenderers.
26/03/2014 15:15:36 (Std) 	WindowRendererFactory 'Falagard/StaticImage' added. (0424DFC0)
26/03/2014 15:15:36 (Std) 	Created WindowRendererFactory for 'Falagard/StaticText' WindowRenderers.
26/03/2014 15:15:36 (Std) 	WindowRendererFactory 'Falagard/StaticText' added. (0427D430)
26/03/2014 15:15:36 (Std) 	Created WindowRendererFactory for 'Falagard/SystemButton' WindowRenderers.
26/03/2014 15:15:36 (Std) 	WindowRendererFactory 'Falagard/SystemButton' added. (0427D5F0)
26/03/2014 15:15:36 (Std) 	Created WindowRendererFactory for 'Falagard/TabButton' WindowRenderers.
26/03/2014 15:15:36 (Std) 	WindowRendererFactory 'Falagard/TabButton' added. (0427D7B0)
26/03/2014 15:15:36 (Std) 	Created WindowRendererFactory for 'Falagard/TabControl' WindowRenderers.
26/03/2014 15:15:36 (Std) 	WindowRendererFactory 'Falagard/TabControl' added. (0427D970)
26/03/2014 15:15:36 (Std) 	Created WindowRendererFactory for 'Falagard/Titlebar' WindowRenderers.
26/03/2014 15:15:36 (Std) 	WindowRendererFactory 'Falagard/Titlebar' added. (0427DB30)
26/03/2014 15:15:36 (Std) 	Created WindowRendererFactory for 'Falagard/ToggleButton' WindowRenderers.
26/03/2014 15:15:36 (Std) 	WindowRendererFactory 'Falagard/ToggleButton' added. (0803A2D8)
26/03/2014 15:15:36 (Std) 	Created WindowRendererFactory for 'Falagard/Tooltip' WindowRenderers.
26/03/2014 15:15:36 (Std) 	WindowRendererFactory 'Falagard/Tooltip' added. (0803A498)
26/03/2014 15:15:36 (Std) 	Created WindowRendererFactory for 'Falagard/ItemListbox' WindowRenderers.
26/03/2014 15:15:36 (Std) 	WindowRendererFactory 'Falagard/ItemListbox' added. (0803A658)
26/03/2014 15:15:36 (Std) 	Created WindowRendererFactory for 'Falagard/Tree' WindowRenderers.
26/03/2014 15:15:36 (Std) 	WindowRendererFactory 'Falagard/Tree' added. (0803A818)
26/03/2014 15:15:36 (Std) 	Creating falagard mapping for type 'TaharezLook/Button' using base type 'CEGUI/PushButton', window renderer 'Falagard/Button' Look'N'Feel 'TaharezLook/Button' and RenderEffect ''. (002FC210)
26/03/2014 15:15:36 (Std) 	Creating falagard mapping for type 'TaharezLook/Checkbox' using base type 'CEGUI/Checkbox', window renderer 'Falagard/ToggleButton' Look'N'Feel 'TaharezLook/Checkbox' and RenderEffect ''. (002FC210)
26/03/2014 15:15:36 (Std) 	Creating falagard mapping for type 'TaharezLook/ImageButton' using base type 'CEGUI/PushButton', window renderer 'Falagard/Button' Look'N'Feel 'TaharezLook/ImageButton' and RenderEffect ''. (002FC210)
26/03/2014 15:15:36 (Std) 	Creating falagard mapping for type 'TaharezLook/RadioButton' using base type 'CEGUI/RadioButton', window renderer 'Falagard/ToggleButton' Look'N'Feel 'TaharezLook/RadioButton' and RenderEffect ''. (002FC210)
26/03/2014 15:15:36 (Std) 	Creating falagard mapping for type 'TaharezLook/FrameWindow' using base type 'CEGUI/FrameWindow', window renderer 'Falagard/FrameWindow' Look'N'Feel 'TaharezLook/FrameWindow' and RenderEffect ''. (002FC210)
26/03/2014 15:15:36 (Std) 	Creating falagard mapping for type 'TaharezLook/Titlebar' using base type 'CEGUI/Titlebar', window renderer 'Falagard/Titlebar' Look'N'Feel 'TaharezLook/Titlebar' and RenderEffect ''. (002FC210)
26/03/2014 15:15:36 (Std) 	Creating falagard mapping for type 'TaharezLook/SystemButton' using base type 'CEGUI/PushButton', window renderer 'Falagard/Button' Look'N'Feel 'TaharezLook/Button' and RenderEffect ''. (002FC210)
26/03/2014 15:15:36 (Std) 	Creating falagard mapping for type 'TaharezLook/Editbox' using base type 'CEGUI/Editbox', window renderer 'Falagard/Editbox' Look'N'Feel 'TaharezLook/Editbox' and RenderEffect ''. (002FC210)
26/03/2014 15:15:36 (Std) 	Creating falagard mapping for type 'TaharezLook/MultiLineEditbox' using base type 'CEGUI/MultiLineEditbox', window renderer 'Falagard/MultiLineEditbox' Look'N'Feel 'TaharezLook/MultiLineEditbox' and RenderEffect ''. (002FC210)
26/03/2014 15:15:36 (Std) 	Creating falagard mapping for type 'TaharezLook/Menubar' using base type 'CEGUI/Menubar', window renderer 'Falagard/Menubar' Look'N'Feel 'TaharezLook/Menubar' and RenderEffect ''. (002FC210)
26/03/2014 15:15:36 (Std) 	Creating falagard mapping for type 'TaharezLook/PopupMenu' using base type 'CEGUI/PopupMenu', window renderer 'Falagard/PopupMenu' Look'N'Feel 'TaharezLook/PopupMenu' and RenderEffect ''. (002FC210)
26/03/2014 15:15:36 (Std) 	Creating falagard mapping for type 'TaharezLook/MenuItem' using base type 'CEGUI/MenuItem', window renderer 'Falagard/MenuItem' Look'N'Feel 'TaharezLook/MenuItem' and RenderEffect ''. (002FC210)
26/03/2014 15:15:36 (Std) 	Creating falagard mapping for type 'TaharezLook/AlternateProgressBar' using base type 'CEGUI/ProgressBar', window renderer 'Falagard/ProgressBar' Look'N'Feel 'TaharezLook/AltProgressBar' and RenderEffect ''. (002FC210)
26/03/2014 15:15:36 (Std) 	Creating falagard mapping for type 'TaharezLook/ProgressBar' using base type 'CEGUI/ProgressBar', window renderer 'Falagard/ProgressBar' Look'N'Feel 'TaharezLook/ProgressBar' and RenderEffect ''. (002FC210)
26/03/2014 15:15:36 (Std) 	Creating falagard mapping for type 'TaharezLook/VUMeter' using base type 'CEGUI/ProgressBar', window renderer 'Falagard/ProgressBar' Look'N'Feel 'TaharezLook/VUMeter' and RenderEffect ''. (002FC210)
26/03/2014 15:15:36 (Std) 	Creating falagard mapping for type 'TaharezLook/VerticalScrollbar' using base type 'CEGUI/Scrollbar', window renderer 'Falagard/Scrollbar' Look'N'Feel 'TaharezLook/VerticalScrollbar' and RenderEffect ''. (002FC210)
26/03/2014 15:15:36 (Std) 	Creating falagard mapping for type 'TaharezLook/HorizontalScrollbar' using base type 'CEGUI/Scrollbar', window renderer 'Falagard/Scrollbar' Look'N'Feel 'TaharezLook/HorizontalScrollbar' and RenderEffect ''. (002FC210)
26/03/2014 15:15:36 (Std) 	Creating falagard mapping for type 'TaharezLook/VerticalScrollbarThumb' using base type 'CEGUI/Thumb', window renderer 'Falagard/Button' Look'N'Feel 'TaharezLook/VerticalScrollbarThumb' and RenderEffect ''. (002FC210)
26/03/2014 15:15:36 (Std) 	Creating falagard mapping for type 'TaharezLook/HorizontalScrollbarThumb' using base type 'CEGUI/Thumb', window renderer 'Falagard/Button' Look'N'Feel 'TaharezLook/HorizontalScrollbarThumb' and RenderEffect ''. (002FC210)
26/03/2014 15:15:36 (Std) 	Creating falagard mapping for type 'TaharezLook/LargeVerticalScrollbar' using base type 'CEGUI/Scrollbar', window renderer 'Falagard/Scrollbar' Look'N'Feel 'TaharezLook/LargeVerticalScrollbar' and RenderEffect ''. (002FC210)
26/03/2014 15:15:36 (Std) 	Creating falagard mapping for type 'TaharezLook/LargeVerticalScrollbarThumb' using base type 'CEGUI/Thumb', window renderer 'Falagard/Button' Look'N'Feel 'TaharezLook/LargeVerticalScrollbarThumb' and RenderEffect ''. (002FC210)
26/03/2014 15:15:36 (Std) 	Creating falagard mapping for type 'TaharezLook/TabButton' using base type 'CEGUI/TabButton', window renderer 'Falagard/TabButton' Look'N'Feel 'TaharezLook/TabButton' and RenderEffect ''. (002FC210)
26/03/2014 15:15:36 (Std) 	Creating falagard mapping for type 'TaharezLook/TabControl' using base type 'CEGUI/TabControl', window renderer 'Falagard/TabControl' Look'N'Feel 'TaharezLook/TabControl' and RenderEffect ''. (002FC210)
26/03/2014 15:15:36 (Std) 	Creating falagard mapping for type 'TaharezLook/TabContentPane' using base type 'DefaultWindow', window renderer 'Falagard/Default' Look'N'Feel 'TaharezLook/TabContentPane' and RenderEffect ''. (002FC210)
26/03/2014 15:15:36 (Std) 	Creating falagard mapping for type 'TaharezLook/TabButtonPane' using base type 'DefaultWindow', window renderer 'Falagard/Default' Look'N'Feel 'TaharezLook/TabButtonPane' and RenderEffect ''. (002FC210)
26/03/2014 15:15:36 (Std) 	Creating falagard mapping for type 'TaharezLook/ComboDropList' using base type 'CEGUI/ComboDropList', window renderer 'Falagard/Listbox' Look'N'Feel 'TaharezLook/ComboDropList' and RenderEffect ''. (002FC210)
26/03/2014 15:15:36 (Std) 	Creating falagard mapping for type 'TaharezLook/ComboEditbox' using base type 'CEGUI/Editbox', window renderer 'Falagard/Editbox' Look'N'Feel 'TaharezLook/ComboEditbox' and RenderEffect ''. (002FC210)
26/03/2014 15:15:36 (Std) 	Creating falagard mapping for type 'TaharezLook/Combobox' using base type 'CEGUI/Combobox', window renderer 'Falagard/Default' Look'N'Feel 'TaharezLook/Combobox' and RenderEffect ''. (002FC210)
26/03/2014 15:15:36 (Std) 	Creating falagard mapping for type 'TaharezLook/Listbox' using base type 'CEGUI/Listbox', window renderer 'Falagard/Listbox' Look'N'Feel 'TaharezLook/Listbox' and RenderEffect ''. (002FC210)
26/03/2014 15:15:36 (Std) 	Creating falagard mapping for type 'TaharezLook/ListHeader' using base type 'CEGUI/ListHeader', window renderer 'Falagard/ListHeader' Look'N'Feel 'TaharezLook/ListHeader' and RenderEffect ''. (002FC210)
26/03/2014 15:15:36 (Std) 	Creating falagard mapping for type 'TaharezLook/ListHeaderSegment' using base type 'CEGUI/ListHeaderSegment', window renderer 'Falagard/ListHeaderSegment' Look'N'Feel 'TaharezLook/ListHeaderSegment' and RenderEffect ''. (002FC210)
26/03/2014 15:15:36 (Std) 	Creating falagard mapping for type 'TaharezLook/MultiColumnList' using base type 'CEGUI/MultiColumnList', window renderer 'Falagard/MultiColumnList' Look'N'Feel 'TaharezLook/MultiColumnList' and RenderEffect ''. (002FC210)
26/03/2014 15:15:36 (Std) 	Creating falagard mapping for type 'TaharezLook/Slider' using base type 'CEGUI/Slider', window renderer 'Falagard/Slider' Look'N'Feel 'TaharezLook/Slider' and RenderEffect ''. (002FC210)
26/03/2014 15:15:36 (Std) 	Creating falagard mapping for type 'TaharezLook/SliderThumb' using base type 'CEGUI/Thumb', window renderer 'Falagard/Button' Look'N'Feel 'TaharezLook/SliderThumb' and RenderEffect ''. (002FC210)
26/03/2014 15:15:36 (Std) 	Creating falagard mapping for type 'TaharezLook/ScrollablePane' using base type 'CEGUI/ScrollablePane', window renderer 'Falagard/ScrollablePane' Look'N'Feel 'TaharezLook/ScrollablePane' and RenderEffect ''. (002FC210)
26/03/2014 15:15:36 (Std) 	Creating falagard mapping for type 'TaharezLook/Spinner' using base type 'CEGUI/Spinner', window renderer 'Falagard/Default' Look'N'Feel 'TaharezLook/Spinner' and RenderEffect ''. (002FC210)
26/03/2014 15:15:36 (Std) 	Creating falagard mapping for type 'TaharezLook/Tooltip' using base type 'CEGUI/Tooltip', window renderer 'Falagard/Tooltip' Look'N'Feel 'TaharezLook/Tooltip' and RenderEffect ''. (002FC210)
26/03/2014 15:15:36 (Std) 	Creating falagard mapping for type 'TaharezLook/StaticImage' using base type 'DefaultWindow', window renderer 'Falagard/StaticImage' Look'N'Feel 'TaharezLook/StaticImage' and RenderEffect ''. (002FC210)
26/03/2014 15:15:36 (Std) 	Creating falagard mapping for type 'TaharezLook/StaticText' using base type 'DefaultWindow', window renderer 'Falagard/StaticText' Look'N'Feel 'TaharezLook/StaticText' and RenderEffect ''. (002FC210)
26/03/2014 15:15:36 (Std) 	Creating falagard mapping for type 'TaharezLook/ItemListbox' using base type 'CEGUI/ItemListbox', window renderer 'Falagard/ItemListbox' Look'N'Feel 'TaharezLook/ItemListbox' and RenderEffect ''. (002FC210)
26/03/2014 15:15:36 (Std) 	Creating falagard mapping for type 'TaharezLook/ListboxItem' using base type 'CEGUI/ItemEntry', window renderer 'Falagard/ItemEntry' Look'N'Feel 'TaharezLook/ListboxItem' and RenderEffect ''. (002FC210)
26/03/2014 15:15:36 (Std) 	Creating falagard mapping for type 'TaharezLook/GroupBox' using base type 'CEGUI/GroupBox', window renderer 'Falagard/Default' Look'N'Feel 'TaharezLook/GroupBox' and RenderEffect ''. (002FC210)
26/03/2014 15:15:36 (Std) 	Creating falagard mapping for type 'TaharezLook/Tree' using base type 'CEGUI/Tree', window renderer 'Falagard/Tree' Look'N'Feel 'TaharezLook/Tree' and RenderEffect ''. (002FC210)
26/03/2014 15:15:36 (Info) 	---- Resource loading for GUI scheme 'TaharezLook' completed ----
26/03/2014 15:15:36 (Std) 	Started creation of Font from XML specification:
26/03/2014 15:15:36 (Std) 	---- CEGUI font name: DejaVuSans-10
26/03/2014 15:15:36 (Std) 	----       Font type: FreeType
26/03/2014 15:15:36 (Std) 	----     Source file: DejaVuSans.ttf in resource group: (Default)
26/03/2014 15:15:36 (Std) 	---- Real point size: 10
26/03/2014 15:15:37 (Info) 	Successfully loaded 3045 glyphs
26/03/2014 15:15:37 (Info) 	Finished creation of Font 'DejaVuSans-10' via XML file. (07EC3C60)
26/03/2014 15:15:37 (Std) 	---- Returning existing instance of Font named 'DejaVuSans-10'.
26/03/2014 15:15:37 (Std) 	Attempting to create Imageset 'BackgroundImage' using image file 'GPN-2000-001437.tga'.
26/03/2014 15:15:37 (Info) 	Window 'root_wnd' of type 'TaharezLook/StaticImage' has been created. (0803DF90)
26/03/2014 15:15:37 (Info) 	Assigning the window renderer 'Falagard/StaticImage' to the window 'root_wnd'
26/03/2014 15:15:37 (Info) 	Assigning LookNFeel 'TaharezLook/StaticImage' to window 'root_wnd'.
26/03/2014 15:15:37 (Info) 	Window 'Demo6/MainList' of type 'TaharezLook/MultiColumnList' has been created. (080428E0)
26/03/2014 15:15:37 (Info) 	Assigning the window renderer 'Falagard/MultiColumnList' to the window 'Demo6/MainList'
26/03/2014 15:15:37 (Info) 	Assigning LookNFeel 'TaharezLook/MultiColumnList' to window 'Demo6/MainList'.
26/03/2014 15:15:37 (Info) 	Window 'Demo6/MainList__auto_listheader__' of type 'TaharezLook/ListHeader' has been created. (08046E68)
26/03/2014 15:15:37 (Info) 	Assigning the window renderer 'Falagard/ListHeader' to the window 'Demo6/MainList__auto_listheader__'
26/03/2014 15:15:37 (Info) 	Assigning LookNFeel 'TaharezLook/ListHeader' to window 'Demo6/MainList__auto_listheader__'.
26/03/2014 15:15:37 (Info) 	Window 'Demo6/MainList__auto_hscrollbar__' of type 'TaharezLook/HorizontalScrollbar' has been created. (0804BAE8)
26/03/2014 15:15:37 (Info) 	Assigning the window renderer 'Falagard/Scrollbar' to the window 'Demo6/MainList__auto_hscrollbar__'
26/03/2014 15:15:37 (Info) 	Assigning LookNFeel 'TaharezLook/HorizontalScrollbar' to window 'Demo6/MainList__auto_hscrollbar__'.
26/03/2014 15:15:37 (Info) 	Window 'Demo6/MainList__auto_hscrollbar____auto_incbtn__' of type 'TaharezLook/ImageButton' has been created. (08050E70)
26/03/2014 15:15:37 (Info) 	Assigning the window renderer 'Falagard/Button' to the window 'Demo6/MainList__auto_hscrollbar____auto_incbtn__'
26/03/2014 15:15:37 (Info) 	Assigning LookNFeel 'TaharezLook/ImageButton' to window 'Demo6/MainList__auto_hscrollbar____auto_incbtn__'.
26/03/2014 15:15:37 (Info) 	Window 'Demo6/MainList__auto_hscrollbar____auto_decbtn__' of type 'TaharezLook/ImageButton' has been created. (08057458)
26/03/2014 15:15:37 (Info) 	Assigning the window renderer 'Falagard/Button' to the window 'Demo6/MainList__auto_hscrollbar____auto_decbtn__'
26/03/2014 15:15:37 (Info) 	Assigning LookNFeel 'TaharezLook/ImageButton' to window 'Demo6/MainList__auto_hscrollbar____auto_decbtn__'.
26/03/2014 15:15:37 (Info) 	Window 'Demo6/MainList__auto_hscrollbar____auto_thumb__' of type 'TaharezLook/HorizontalScrollbarThumb' has been created. (0805DDA0)
26/03/2014 15:15:37 (Info) 	Assigning the window renderer 'Falagard/Button' to the window 'Demo6/MainList__auto_hscrollbar____auto_thumb__'
26/03/2014 15:15:37 (Info) 	Assigning LookNFeel 'TaharezLook/HorizontalScrollbarThumb' to window 'Demo6/MainList__auto_hscrollbar____auto_thumb__'.
26/03/2014 15:15:37 (Info) 	Window 'Demo6/MainList__auto_vscrollbar__' of type 'TaharezLook/VerticalScrollbar' has been created. (080643E0)
26/03/2014 15:15:37 (Info) 	Assigning the window renderer 'Falagard/Scrollbar' to the window 'Demo6/MainList__auto_vscrollbar__'
26/03/2014 15:15:37 (Info) 	Assigning LookNFeel 'TaharezLook/VerticalScrollbar' to window 'Demo6/MainList__auto_vscrollbar__'.
26/03/2014 15:15:37 (Info) 	Window 'Demo6/MainList__auto_vscrollbar____auto_incbtn__' of type 'TaharezLook/ImageButton' has been created. (08069B90)
26/03/2014 15:15:37 (Info) 	Assigning the window renderer 'Falagard/Button' to the window 'Demo6/MainList__auto_vscrollbar____auto_incbtn__'
26/03/2014 15:15:37 (Info) 	Assigning LookNFeel 'TaharezLook/ImageButton' to window 'Demo6/MainList__auto_vscrollbar____auto_incbtn__'.
26/03/2014 15:15:37 (Info) 	Window 'Demo6/MainList__auto_vscrollbar____auto_decbtn__' of type 'TaharezLook/ImageButton' has been created. (08070608)
26/03/2014 15:15:37 (Info) 	Assigning the window renderer 'Falagard/Button' to the window 'Demo6/MainList__auto_vscrollbar____auto_decbtn__'
26/03/2014 15:15:37 (Info) 	Assigning LookNFeel 'TaharezLook/ImageButton' to window 'Demo6/MainList__auto_vscrollbar____auto_decbtn__'.
26/03/2014 15:15:37 (Info) 	Window 'Demo6/MainList__auto_vscrollbar____auto_thumb__' of type 'TaharezLook/VerticalScrollbarThumb' has been created. (08077030)
26/03/2014 15:15:37 (Info) 	Assigning the window renderer 'Falagard/Button' to the window 'Demo6/MainList__auto_vscrollbar____auto_thumb__'
26/03/2014 15:15:37 (Info) 	Assigning LookNFeel 'TaharezLook/VerticalScrollbarThumb' to window 'Demo6/MainList__auto_vscrollbar____auto_thumb__'.
26/03/2014 15:15:37 (Info) 	Window 'Demo6/ControlPanel' of type 'TaharezLook/FrameWindow' has been created. (07EC4C98)
26/03/2014 15:15:37 (Info) 	Assigning the window renderer 'Falagard/FrameWindow' to the window 'Demo6/ControlPanel'
26/03/2014 15:15:37 (Info) 	Assigning LookNFeel 'TaharezLook/FrameWindow' to window 'Demo6/ControlPanel'.
26/03/2014 15:15:37 (Info) 	Window 'Demo6/ControlPanel__auto_titlebar__' of type 'TaharezLook/Titlebar' has been created. (07EC9910)
26/03/2014 15:15:37 (Info) 	Assigning the window renderer 'Falagard/Titlebar' to the window 'Demo6/ControlPanel__auto_titlebar__'
26/03/2014 15:15:37 (Info) 	Assigning LookNFeel 'TaharezLook/Titlebar' to window 'Demo6/ControlPanel__auto_titlebar__'.
26/03/2014 15:15:37 (Info) 	Window 'Demo6/ControlPanel__auto_closebutton__' of type 'TaharezLook/ImageButton' has been created. (07ECE770)
26/03/2014 15:15:37 (Info) 	Assigning the window renderer 'Falagard/Button' to the window 'Demo6/ControlPanel__auto_closebutton__'
26/03/2014 15:15:37 (Info) 	Assigning LookNFeel 'TaharezLook/ImageButton' to window 'Demo6/ControlPanel__auto_closebutton__'.
26/03/2014 15:15:37 (Info) 	Window 'Demo6/ControlPanel/SelModeBox' of type 'TaharezLook/Combobox' has been created. (07ED5C60)
26/03/2014 15:15:37 (Info) 	Assigning the window renderer 'Falagard/Default' to the window 'Demo6/ControlPanel/SelModeBox'
26/03/2014 15:15:37 (Info) 	Assigning LookNFeel 'TaharezLook/Combobox' to window 'Demo6/ControlPanel/SelModeBox'.
26/03/2014 15:15:37 (Info) 	Window 'Demo6/ControlPanel/SelModeBox__auto_editbox__' of type 'TaharezLook/ComboEditbox' has been created. (07EDA5D0)
26/03/2014 15:15:37 (Info) 	Assigning the window renderer 'Falagard/Editbox' to the window 'Demo6/ControlPanel/SelModeBox__auto_editbox__'
26/03/2014 15:15:37 (Info) 	Assigning LookNFeel 'TaharezLook/ComboEditbox' to window 'Demo6/ControlPanel/SelModeBox__auto_editbox__'.
26/03/2014 15:15:37 (Info) 	Window 'Demo6/ControlPanel/SelModeBox__auto_droplist__' of type 'TaharezLook/ComboDropList' has been created. (07EE0978)
26/03/2014 15:15:37 (Info) 	Assigning the window renderer 'Falagard/Listbox' to the window 'Demo6/ControlPanel/SelModeBox__auto_droplist__'
26/03/2014 15:15:37 (Info) 	Assigning LookNFeel 'TaharezLook/ComboDropList' to window 'Demo6/ControlPanel/SelModeBox__auto_droplist__'.
26/03/2014 15:15:37 (Info) 	Window 'Demo6/ControlPanel/SelModeBox__auto_droplist____auto_hscrollbar__' of type 'TaharezLook/HorizontalScrollbar' has been created. (07EE5A88)
26/03/2014 15:15:37 (Info) 	Assigning the window renderer 'Falagard/Scrollbar' to the window 'Demo6/ControlPanel/SelModeBox__auto_droplist____auto_hscrollbar__'
26/03/2014 15:15:37 (Info) 	Assigning LookNFeel 'TaharezLook/HorizontalScrollbar' to window 'Demo6/ControlPanel/SelModeBox__auto_droplist____auto_hscrollbar__'.
26/03/2014 15:15:37 (Info) 	Window 'Demo6/ControlPanel/SelModeBox__auto_droplist____auto_hscrollbar____auto_incbtn__' of type 'TaharezLook/ImageButton' has been created. (07EEB200)
26/03/2014 15:15:37 (Info) 	Assigning the window renderer 'Falagard/Button' to the window 'Demo6/ControlPanel/SelModeBox__auto_droplist____auto_hscrollbar____auto_incbtn__'
26/03/2014 15:15:37 (Info) 	Assigning LookNFeel 'TaharezLook/ImageButton' to window 'Demo6/ControlPanel/SelModeBox__auto_droplist____auto_hscrollbar____auto_incbtn__'.
26/03/2014 15:15:37 (Info) 	Window 'Demo6/ControlPanel/SelModeBox__auto_droplist____auto_hscrollbar____auto_decbtn__' of type 'TaharezLook/ImageButton' has been created. (07EF1E18)
26/03/2014 15:15:37 (Info) 	Assigning the window renderer 'Falagard/Button' to the window 'Demo6/ControlPanel/SelModeBox__auto_droplist____auto_hscrollbar____auto_decbtn__'
26/03/2014 15:15:37 (Info) 	Assigning LookNFeel 'TaharezLook/ImageButton' to window 'Demo6/ControlPanel/SelModeBox__auto_droplist____auto_hscrollbar____auto_decbtn__'.
26/03/2014 15:15:37 (Info) 	Window 'Demo6/ControlPanel/SelModeBox__auto_droplist____auto_hscrollbar____auto_thumb__' of type 'TaharezLook/HorizontalScrollbarThumb' has been created. (07EF8A38)
26/03/2014 15:15:37 (Info) 	Assigning the window renderer 'Falagard/Button' to the window 'Demo6/ControlPanel/SelModeBox__auto_droplist____auto_hscrollbar____auto_thumb__'
26/03/2014 15:15:37 (Info) 	Assigning LookNFeel 'TaharezLook/HorizontalScrollbarThumb' to window 'Demo6/ControlPanel/SelModeBox__auto_droplist____auto_hscrollbar____auto_thumb__'.
26/03/2014 15:15:37 (Info) 	Window 'Demo6/ControlPanel/SelModeBox__auto_droplist____auto_vscrollbar__' of type 'TaharezLook/VerticalScrollbar' has been created. (07EFEFC0)
26/03/2014 15:15:37 (Info) 	Assigning the window renderer 'Falagard/Scrollbar' to the window 'Demo6/ControlPanel/SelModeBox__auto_droplist____auto_vscrollbar__'
26/03/2014 15:15:37 (Info) 	Assigning LookNFeel 'TaharezLook/VerticalScrollbar' to window 'Demo6/ControlPanel/SelModeBox__auto_droplist____auto_vscrollbar__'.
26/03/2014 15:15:37 (Info) 	Window 'Demo6/ControlPanel/SelModeBox__auto_droplist____auto_vscrollbar____auto_incbtn__' of type 'TaharezLook/ImageButton' has been created. (07F049E0)
26/03/2014 15:15:37 (Info) 	Assigning the window renderer 'Falagard/Button' to the window 'Demo6/ControlPanel/SelModeBox__auto_droplist____auto_vscrollbar____auto_incbtn__'
26/03/2014 15:15:37 (Info) 	Assigning LookNFeel 'TaharezLook/ImageButton' to window 'Demo6/ControlPanel/SelModeBox__auto_droplist____auto_vscrollbar____auto_incbtn__'.
26/03/2014 15:15:37 (Info) 	Window 'Demo6/ControlPanel/SelModeBox__auto_droplist____auto_vscrollbar____auto_decbtn__' of type 'TaharezLook/ImageButton' has been created. (07F0B548)
26/03/2014 15:15:37 (Info) 	Assigning the window renderer 'Falagard/Button' to the window 'Demo6/ControlPanel/SelModeBox__auto_droplist____auto_vscrollbar____auto_decbtn__'
26/03/2014 15:15:37 (Info) 	Assigning LookNFeel 'TaharezLook/ImageButton' to window 'Demo6/ControlPanel/SelModeBox__auto_droplist____auto_vscrollbar____auto_decbtn__'.
26/03/2014 15:15:37 (Info) 	Window 'Demo6/ControlPanel/SelModeBox__auto_droplist____auto_vscrollbar____auto_thumb__' of type 'TaharezLook/VerticalScrollbarThumb' has been created. (07F12190)
26/03/2014 15:15:37 (Info) 	Assigning the window renderer 'Falagard/Button' to the window 'Demo6/ControlPanel/SelModeBox__auto_droplist____auto_vscrollbar____auto_thumb__'
26/03/2014 15:15:37 (Info) 	Assigning LookNFeel 'TaharezLook/VerticalScrollbarThumb' to window 'Demo6/ControlPanel/SelModeBox__auto_droplist____auto_vscrollbar____auto_thumb__'.
26/03/2014 15:15:37 (Info) 	Window 'Demo6/ControlPanel/SelModeBox__auto_button__' of type 'TaharezLook/ImageButton' has been created. (07F18DE8)
26/03/2014 15:15:37 (Info) 	Assigning the window renderer 'Falagard/Button' to the window 'Demo6/ControlPanel/SelModeBox__auto_button__'
26/03/2014 15:15:37 (Info) 	Assigning LookNFeel 'TaharezLook/ImageButton' to window 'Demo6/ControlPanel/SelModeBox__auto_button__'.
26/03/2014 15:15:37 (Std) 	Attempting to create Imageset 'DejaVuSans-10_auto_glyph_images_ ' with texture only.
26/03/2014 15:15:37 (Info) 	Window 'Demo6/ControlPanel/ColumnPanel' of type 'TaharezLook/StaticText' has been created. (080FA658)
26/03/2014 15:15:37 (Info) 	Assigning the window renderer 'Falagard/StaticText' to the window 'Demo6/ControlPanel/ColumnPanel'
26/03/2014 15:15:37 (Info) 	Assigning LookNFeel 'TaharezLook/StaticText' to window 'Demo6/ControlPanel/ColumnPanel'.
26/03/2014 15:15:37 (Info) 	Window 'Demo6/ControlPanel/ColumnPanel__auto_hscrollbar__' of type 'TaharezLook/HorizontalScrollbar' has been created. (080FF8D0)
26/03/2014 15:15:37 (Info) 	Assigning the window renderer 'Falagard/Scrollbar' to the window 'Demo6/ControlPanel/ColumnPanel__auto_hscrollbar__'
26/03/2014 15:15:37 (Info) 	Assigning LookNFeel 'TaharezLook/HorizontalScrollbar' to window 'Demo6/ControlPanel/ColumnPanel__auto_hscrollbar__'.
26/03/2014 15:15:37 (Info) 	Window 'Demo6/ControlPanel/ColumnPanel__auto_hscrollbar____auto_incbtn__' of type 'TaharezLook/ImageButton' has been created. (08105208)
26/03/2014 15:15:37 (Info) 	Assigning the window renderer 'Falagard/Button' to the window 'Demo6/ControlPanel/ColumnPanel__auto_hscrollbar____auto_incbtn__'
26/03/2014 15:15:37 (Info) 	Assigning LookNFeel 'TaharezLook/ImageButton' to window 'Demo6/ControlPanel/ColumnPanel__auto_hscrollbar____auto_incbtn__'.
26/03/2014 15:15:37 (Info) 	Window 'Demo6/ControlPanel/ColumnPanel__auto_hscrollbar____auto_decbtn__' of type 'TaharezLook/ImageButton' has been created. (0810BC60)
26/03/2014 15:15:37 (Info) 	Assigning the window renderer 'Falagard/Button' to the window 'Demo6/ControlPanel/ColumnPanel__auto_hscrollbar____auto_decbtn__'
26/03/2014 15:15:37 (Info) 	Assigning LookNFeel 'TaharezLook/ImageButton' to window 'Demo6/ControlPanel/ColumnPanel__auto_hscrollbar____auto_decbtn__'.
26/03/2014 15:15:37 (Info) 	Window 'Demo6/ControlPanel/ColumnPanel__auto_hscrollbar____auto_thumb__' of type 'TaharezLook/HorizontalScrollbarThumb' has been created. (081127B8)
26/03/2014 15:15:37 (Info) 	Assigning the window renderer 'Falagard/Button' to the window 'Demo6/ControlPanel/ColumnPanel__auto_hscrollbar____auto_thumb__'
26/03/2014 15:15:37 (Info) 	Assigning LookNFeel 'TaharezLook/HorizontalScrollbarThumb' to window 'Demo6/ControlPanel/ColumnPanel__auto_hscrollbar____auto_thumb__'.
26/03/2014 15:15:37 (Info) 	Window 'Demo6/ControlPanel/ColumnPanel__auto_vscrollbar__' of type 'TaharezLook/VerticalScrollbar' has been created. (080A1E60)
26/03/2014 15:15:37 (Info) 	Assigning the window renderer 'Falagard/Scrollbar' to the window 'Demo6/ControlPanel/ColumnPanel__auto_vscrollbar__'
26/03/2014 15:15:37 (Info) 	Assigning LookNFeel 'TaharezLook/VerticalScrollbar' to window 'Demo6/ControlPanel/ColumnPanel__auto_vscrollbar__'.
26/03/2014 15:15:37 (Info) 	Window 'Demo6/ControlPanel/ColumnPanel__auto_vscrollbar____auto_incbtn__' of type 'TaharezLook/ImageButton' has been created. (080A7630)
26/03/2014 15:15:37 (Info) 	Assigning the window renderer 'Falagard/Button' to the window 'Demo6/ControlPanel/ColumnPanel__auto_vscrollbar____auto_incbtn__'
26/03/2014 15:15:37 (Info) 	Assigning LookNFeel 'TaharezLook/ImageButton' to window 'Demo6/ControlPanel/ColumnPanel__auto_vscrollbar____auto_incbtn__'.
26/03/2014 15:15:37 (Info) 	Window 'Demo6/ControlPanel/ColumnPanel__auto_vscrollbar____auto_decbtn__' of type 'TaharezLook/ImageButton' has been created. (080AE128)
26/03/2014 15:15:37 (Info) 	Assigning the window renderer 'Falagard/Button' to the window 'Demo6/ControlPanel/ColumnPanel__auto_vscrollbar____auto_decbtn__'
26/03/2014 15:15:37 (Info) 	Assigning LookNFeel 'TaharezLook/ImageButton' to window 'Demo6/ControlPanel/ColumnPanel__auto_vscrollbar____auto_decbtn__'.
26/03/2014 15:15:37 (Info) 	Window 'Demo6/ControlPanel/ColumnPanel__auto_vscrollbar____auto_thumb__' of type 'TaharezLook/VerticalScrollbarThumb' has been created. (080B4CC0)
26/03/2014 15:15:37 (Info) 	Assigning the window renderer 'Falagard/Button' to the window 'Demo6/ControlPanel/ColumnPanel__auto_vscrollbar____auto_thumb__'
26/03/2014 15:15:37 (Info) 	Assigning LookNFeel 'TaharezLook/VerticalScrollbarThumb' to window 'Demo6/ControlPanel/ColumnPanel__auto_vscrollbar____auto_thumb__'.
26/03/2014 15:15:37 (Info) 	Window 'Demo6/ControlPanel/Label1' of type 'TaharezLook/StaticText' has been created. (080BD690)
26/03/2014 15:15:37 (Info) 	Assigning the window renderer 'Falagard/StaticText' to the window 'Demo6/ControlPanel/Label1'
26/03/2014 15:15:37 (Info) 	Assigning LookNFeel 'TaharezLook/StaticText' to window 'Demo6/ControlPanel/Label1'.
26/03/2014 15:15:37 (Info) 	Window 'Demo6/ControlPanel/Label1__auto_hscrollbar__' of type 'TaharezLook/HorizontalScrollbar' has been created. (080C27B0)
26/03/2014 15:15:37 (Info) 	Assigning the window renderer 'Falagard/Scrollbar' to the window 'Demo6/ControlPanel/Label1__auto_hscrollbar__'
26/03/2014 15:15:37 (Info) 	Assigning LookNFeel 'TaharezLook/HorizontalScrollbar' to window 'Demo6/ControlPanel/Label1__auto_hscrollbar__'.
26/03/2014 15:15:37 (Info) 	Window 'Demo6/ControlPanel/Label1__auto_hscrollbar____auto_incbtn__' of type 'TaharezLook/ImageButton' has been created. (080C7F08)
26/03/2014 15:15:37 (Info) 	Assigning the window renderer 'Falagard/Button' to the window 'Demo6/ControlPanel/Label1__auto_hscrollbar____auto_incbtn__'
26/03/2014 15:15:37 (Info) 	Assigning LookNFeel 'TaharezLook/ImageButton' to window 'Demo6/ControlPanel/Label1__auto_hscrollbar____auto_incbtn__'.
26/03/2014 15:15:37 (Info) 	Window 'Demo6/ControlPanel/Label1__auto_hscrollbar____auto_decbtn__' of type 'TaharezLook/ImageButton' has been created. (080CEA98)
26/03/2014 15:15:37 (Info) 	Assigning the window renderer 'Falagard/Button' to the window 'Demo6/ControlPanel/Label1__auto_hscrollbar____auto_decbtn__'
26/03/2014 15:15:37 (Info) 	Assigning LookNFeel 'TaharezLook/ImageButton' to window 'Demo6/ControlPanel/Label1__auto_hscrollbar____auto_decbtn__'.
26/03/2014 15:15:37 (Info) 	Window 'Demo6/ControlPanel/Label1__auto_hscrollbar____auto_thumb__' of type 'TaharezLook/HorizontalScrollbarThumb' has been created. (080D56D0)
26/03/2014 15:15:37 (Info) 	Assigning the window renderer 'Falagard/Button' to the window 'Demo6/ControlPanel/Label1__auto_hscrollbar____auto_thumb__'
26/03/2014 15:15:37 (Info) 	Assigning LookNFeel 'TaharezLook/HorizontalScrollbarThumb' to window 'Demo6/ControlPanel/Label1__auto_hscrollbar____auto_thumb__'.
26/03/2014 15:15:37 (Info) 	Window 'Demo6/ControlPanel/Label1__auto_vscrollbar__' of type 'TaharezLook/VerticalScrollbar' has been created. (080DBD48)
26/03/2014 15:15:37 (Info) 	Assigning the window renderer 'Falagard/Scrollbar' to the window 'Demo6/ControlPanel/Label1__auto_vscrollbar__'
26/03/2014 15:15:37 (Info) 	Assigning LookNFeel 'TaharezLook/VerticalScrollbar' to window 'Demo6/ControlPanel/Label1__auto_vscrollbar__'.
26/03/2014 15:15:37 (Info) 	Window 'Demo6/ControlPanel/Label1__auto_vscrollbar____auto_incbtn__' of type 'TaharezLook/ImageButton' has been created. (0807D760)
26/03/2014 15:15:37 (Info) 	Assigning the window renderer 'Falagard/Button' to the window 'Demo6/ControlPanel/Label1__auto_vscrollbar____auto_incbtn__'
26/03/2014 15:15:37 (Info) 	Assigning LookNFeel 'TaharezLook/ImageButton' to window 'Demo6/ControlPanel/Label1__auto_vscrollbar____auto_incbtn__'.
26/03/2014 15:15:37 (Info) 	Window 'Demo6/ControlPanel/Label1__auto_vscrollbar____auto_decbtn__' of type 'TaharezLook/ImageButton' has been created. (08083FC0)
26/03/2014 15:15:37 (Info) 	Assigning the window renderer 'Falagard/Button' to the window 'Demo6/ControlPanel/Label1__auto_vscrollbar____auto_decbtn__'
26/03/2014 15:15:37 (Info) 	Assigning LookNFeel 'TaharezLook/ImageButton' to window 'Demo6/ControlPanel/Label1__auto_vscrollbar____auto_decbtn__'.
26/03/2014 15:15:37 (Info) 	Window 'Demo6/ControlPanel/Label1__auto_vscrollbar____auto_thumb__' of type 'TaharezLook/VerticalScrollbarThumb' has been created. (0808AB40)
26/03/2014 15:15:37 (Info) 	Assigning the window renderer 'Falagard/Button' to the window 'Demo6/ControlPanel/Label1__auto_vscrollbar____auto_thumb__'
26/03/2014 15:15:37 (Info) 	Assigning LookNFeel 'TaharezLook/VerticalScrollbarThumb' to window 'Demo6/ControlPanel/Label1__auto_vscrollbar____auto_thumb__'.
26/03/2014 15:15:37 (Info) 	Window 'Demo6/ControlPanel/Label2' of type 'TaharezLook/StaticText' has been created. (080928B0)
26/03/2014 15:15:37 (Info) 	Assigning the window renderer 'Falagard/StaticText' to the window 'Demo6/ControlPanel/Label2'
26/03/2014 15:15:37 (Info) 	Assigning LookNFeel 'TaharezLook/StaticText' to window 'Demo6/ControlPanel/Label2'.
26/03/2014 15:15:37 (Info) 	Window 'Demo6/ControlPanel/Label2__auto_hscrollbar__' of type 'TaharezLook/HorizontalScrollbar' has been created. (08097AA8)
26/03/2014 15:15:37 (Info) 	Assigning the window renderer 'Falagard/Scrollbar' to the window 'Demo6/ControlPanel/Label2__auto_hscrollbar__'
26/03/2014 15:15:37 (Info) 	Assigning LookNFeel 'TaharezLook/HorizontalScrollbar' to window 'Demo6/ControlPanel/Label2__auto_hscrollbar__'.
26/03/2014 15:15:37 (Info) 	Window 'Demo6/ControlPanel/Label2__auto_hscrollbar____auto_incbtn__' of type 'TaharezLook/ImageButton' has been created. (0809D130)
26/03/2014 15:15:37 (Info) 	Assigning the window renderer 'Falagard/Button' to the window 'Demo6/ControlPanel/Label2__auto_hscrollbar____auto_incbtn__'
26/03/2014 15:15:37 (Info) 	Assigning LookNFeel 'TaharezLook/ImageButton' to window 'Demo6/ControlPanel/Label2__auto_hscrollbar____auto_incbtn__'.
26/03/2014 15:15:37 (Info) 	Window 'Demo6/ControlPanel/Label2__auto_hscrollbar____auto_decbtn__' of type 'TaharezLook/ImageButton' has been created. (0811AC90)
26/03/2014 15:15:37 (Info) 	Assigning the window renderer 'Falagard/Button' to the window 'Demo6/ControlPanel/Label2__auto_hscrollbar____auto_decbtn__'
26/03/2014 15:15:37 (Info) 	Assigning LookNFeel 'TaharezLook/ImageButton' to window 'Demo6/ControlPanel/Label2__auto_hscrollbar____auto_decbtn__'.
26/03/2014 15:15:37 (Info) 	Window 'Demo6/ControlPanel/Label2__auto_hscrollbar____auto_thumb__' of type 'TaharezLook/HorizontalScrollbarThumb' has been created. (08121868)
26/03/2014 15:15:37 (Info) 	Assigning the window renderer 'Falagard/Button' to the window 'Demo6/ControlPanel/Label2__auto_hscrollbar____auto_thumb__'
26/03/2014 15:15:37 (Info) 	Assigning LookNFeel 'TaharezLook/HorizontalScrollbarThumb' to window 'Demo6/ControlPanel/Label2__auto_hscrollbar____auto_thumb__'.
26/03/2014 15:15:37 (Info) 	Window 'Demo6/ControlPanel/Label2__auto_vscrollbar__' of type 'TaharezLook/VerticalScrollbar' has been created. (08127EE0)
26/03/2014 15:15:37 (Info) 	Assigning the window renderer 'Falagard/Scrollbar' to the window 'Demo6/ControlPanel/Label2__auto_vscrollbar__'
26/03/2014 15:15:37 (Info) 	Assigning LookNFeel 'TaharezLook/VerticalScrollbar' to window 'Demo6/ControlPanel/Label2__auto_vscrollbar__'.
26/03/2014 15:15:37 (Info) 	Window 'Demo6/ControlPanel/Label2__auto_vscrollbar____auto_incbtn__' of type 'TaharezLook/ImageButton' has been created. (0812D640)
26/03/2014 15:15:37 (Info) 	Assigning the window renderer 'Falagard/Button' to the window 'Demo6/ControlPanel/Label2__auto_vscrollbar____auto_incbtn__'
26/03/2014 15:15:37 (Info) 	Assigning LookNFeel 'TaharezLook/ImageButton' to window 'Demo6/ControlPanel/Label2__auto_vscrollbar____auto_incbtn__'.
26/03/2014 15:15:37 (Info) 	Window 'Demo6/ControlPanel/Label2__auto_vscrollbar____auto_decbtn__' of type 'TaharezLook/ImageButton' has been created. (081341D0)
26/03/2014 15:15:37 (Info) 	Assigning the window renderer 'Falagard/Button' to the window 'Demo6/ControlPanel/Label2__auto_vscrollbar____auto_decbtn__'
26/03/2014 15:15:37 (Info) 	Assigning LookNFeel 'TaharezLook/ImageButton' to window 'Demo6/ControlPanel/Label2__auto_vscrollbar____auto_decbtn__'.
26/03/2014 15:15:37 (Info) 	Window 'Demo6/ControlPanel/Label2__auto_vscrollbar____auto_thumb__' of type 'TaharezLook/VerticalScrollbarThumb' has been created. (0813ADC0)
26/03/2014 15:15:37 (Info) 	Assigning the window renderer 'Falagard/Button' to the window 'Demo6/ControlPanel/Label2__auto_vscrollbar____auto_thumb__'
26/03/2014 15:15:37 (Info) 	Assigning LookNFeel 'TaharezLook/VerticalScrollbarThumb' to window 'Demo6/ControlPanel/Label2__auto_vscrollbar____auto_thumb__'.
26/03/2014 15:15:37 (Info) 	Window 'Demo6/ControlPanel/Label3' of type 'TaharezLook/StaticText' has been created. (08142FE8)
26/03/2014 15:15:37 (Info) 	Assigning the window renderer 'Falagard/StaticText' to the window 'Demo6/ControlPanel/Label3'
26/03/2014 15:15:37 (Info) 	Assigning LookNFeel 'TaharezLook/StaticText' to window 'Demo6/ControlPanel/Label3'.
26/03/2014 15:15:37 (Info) 	Window 'Demo6/ControlPanel/Label3__auto_hscrollbar__' of type 'TaharezLook/HorizontalScrollbar' has been created. (08147D60)
26/03/2014 15:15:37 (Info) 	Assigning the window renderer 'Falagard/Scrollbar' to the window 'Demo6/ControlPanel/Label3__auto_hscrollbar__'
26/03/2014 15:15:37 (Info) 	Assigning LookNFeel 'TaharezLook/HorizontalScrollbar' to window 'Demo6/ControlPanel/Label3__auto_hscrollbar__'.
26/03/2014 15:15:37 (Info) 	Window 'Demo6/ControlPanel/Label3__auto_hscrollbar____auto_incbtn__' of type 'TaharezLook/ImageButton' has been created. (0814D3E8)
26/03/2014 15:15:37 (Info) 	Assigning the window renderer 'Falagard/Button' to the window 'Demo6/ControlPanel/Label3__auto_hscrollbar____auto_incbtn__'
26/03/2014 15:15:37 (Info) 	Assigning LookNFeel 'TaharezLook/ImageButton' to window 'Demo6/ControlPanel/Label3__auto_hscrollbar____auto_incbtn__'.
26/03/2014 15:15:37 (Info) 	Window 'Demo6/ControlPanel/Label3__auto_hscrollbar____auto_decbtn__' of type 'TaharezLook/ImageButton' has been created. (08153F88)
26/03/2014 15:15:37 (Info) 	Assigning the window renderer 'Falagard/Button' to the window 'Demo6/ControlPanel/Label3__auto_hscrollbar____auto_decbtn__'
26/03/2014 15:15:37 (Info) 	Assigning LookNFeel 'TaharezLook/ImageButton' to window 'Demo6/ControlPanel/Label3__auto_hscrollbar____auto_decbtn__'.
26/03/2014 15:15:37 (Info) 	Window 'Demo6/ControlPanel/Label3__auto_hscrollbar____auto_thumb__' of type 'TaharezLook/HorizontalScrollbarThumb' has been created. (0815AB60)
26/03/2014 15:15:37 (Info) 	Assigning the window renderer 'Falagard/Button' to the window 'Demo6/ControlPanel/Label3__auto_hscrollbar____auto_thumb__'
26/03/2014 15:15:37 (Info) 	Assigning LookNFeel 'TaharezLook/HorizontalScrollbarThumb' to window 'Demo6/ControlPanel/Label3__auto_hscrollbar____auto_thumb__'.
26/03/2014 15:15:37 (Info) 	Window 'Demo6/ControlPanel/Label3__auto_vscrollbar__' of type 'TaharezLook/VerticalScrollbar' has been created. (081611E0)
26/03/2014 15:15:37 (Info) 	Assigning the window renderer 'Falagard/Scrollbar' to the window 'Demo6/ControlPanel/Label3__auto_vscrollbar__'
26/03/2014 15:15:37 (Info) 	Assigning LookNFeel 'TaharezLook/VerticalScrollbar' to window 'Demo6/ControlPanel/Label3__auto_vscrollbar__'.
26/03/2014 15:15:37 (Info) 	Window 'Demo6/ControlPanel/Label3__auto_vscrollbar____auto_incbtn__' of type 'TaharezLook/ImageButton' has been created. (081668E8)
26/03/2014 15:15:37 (Info) 	Assigning the window renderer 'Falagard/Button' to the window 'Demo6/ControlPanel/Label3__auto_vscrollbar____auto_incbtn__'
26/03/2014 15:15:37 (Info) 	Assigning LookNFeel 'TaharezLook/ImageButton' to window 'Demo6/ControlPanel/Label3__auto_vscrollbar____auto_incbtn__'.
26/03/2014 15:15:37 (Info) 	Window 'Demo6/ControlPanel/Label3__auto_vscrollbar____auto_decbtn__' of type 'TaharezLook/ImageButton' has been created. (0816D550)
26/03/2014 15:15:37 (Info) 	Assigning the window renderer 'Falagard/Button' to the window 'Demo6/ControlPanel/Label3__auto_vscrollbar____auto_decbtn__'
26/03/2014 15:15:37 (Info) 	Assigning LookNFeel 'TaharezLook/ImageButton' to window 'Demo6/ControlPanel/Label3__auto_vscrollbar____auto_decbtn__'.
26/03/2014 15:15:37 (Info) 	Window 'Demo6/ControlPanel/Label3__auto_vscrollbar____auto_thumb__' of type 'TaharezLook/VerticalScrollbarThumb' has been created. (081740F0)
26/03/2014 15:15:37 (Info) 	Assigning the window renderer 'Falagard/Button' to the window 'Demo6/ControlPanel/Label3__auto_vscrollbar____auto_thumb__'
26/03/2014 15:15:37 (Info) 	Assigning LookNFeel 'TaharezLook/VerticalScrollbarThumb' to window 'Demo6/ControlPanel/Label3__auto_vscrollbar____auto_thumb__'.
26/03/2014 15:15:37 (Info) 	Window 'Demo6/ControlPanel/ColumnPanel/AddColButton' of type 'TaharezLook/Button' has been created. (0817C180)
26/03/2014 15:15:37 (Info) 	Assigning the window renderer 'Falagard/Button' to the window 'Demo6/ControlPanel/ColumnPanel/AddColButton'
26/03/2014 15:15:37 (Info) 	Assigning LookNFeel 'TaharezLook/Button' to window 'Demo6/ControlPanel/ColumnPanel/AddColButton'.
26/03/2014 15:15:37 (Info) 	Window 'Demo6/ControlPanel/ColumnPanel/NewColIDBox' of type 'TaharezLook/Editbox' has been created. (081821F8)
26/03/2014 15:15:37 (Info) 	Assigning the window renderer 'Falagard/Editbox' to the window 'Demo6/ControlPanel/ColumnPanel/NewColIDBox'
26/03/2014 15:15:37 (Info) 	Assigning LookNFeel 'TaharezLook/Editbox' to window 'Demo6/ControlPanel/ColumnPanel/NewColIDBox'.
26/03/2014 15:15:37 (Info) 	Window 'Demo6/ControlPanel/ColumnPanel/NewColWidthBox' of type 'TaharezLook/Editbox' has been created. (08187DE8)
26/03/2014 15:15:37 (Info) 	Assigning the window renderer 'Falagard/Editbox' to the window 'Demo6/ControlPanel/ColumnPanel/NewColWidthBox'
26/03/2014 15:15:37 (Info) 	Assigning LookNFeel 'TaharezLook/Editbox' to window 'Demo6/ControlPanel/ColumnPanel/NewColWidthBox'.
26/03/2014 15:15:37 (Info) 	Window 'Demo6/ControlPanel/ColumnPanel/NewColTextBox' of type 'TaharezLook/Editbox' has been created. (0818D378)
26/03/2014 15:15:37 (Info) 	Assigning the window renderer 'Falagard/Editbox' to the window 'Demo6/ControlPanel/ColumnPanel/NewColTextBox'
26/03/2014 15:15:37 (Info) 	Assigning LookNFeel 'TaharezLook/Editbox' to window 'Demo6/ControlPanel/ColumnPanel/NewColTextBox'.
26/03/2014 15:15:37 (Info) 	Window 'Demo6/ControlPanel/Label4' of type 'TaharezLook/StaticText' has been created. (08192B10)
26/03/2014 15:15:37 (Info) 	Assigning the window renderer 'Falagard/StaticText' to the window 'Demo6/ControlPanel/Label4'
26/03/2014 15:15:37 (Info) 	Assigning LookNFeel 'TaharezLook/StaticText' to window 'Demo6/ControlPanel/Label4'.
26/03/2014 15:15:37 (Info) 	Window 'Demo6/ControlPanel/Label4__auto_hscrollbar__' of type 'TaharezLook/HorizontalScrollbar' has been created. (08197670)
26/03/2014 15:15:37 (Info) 	Assigning the window renderer 'Falagard/Scrollbar' to the window 'Demo6/ControlPanel/Label4__auto_hscrollbar__'
26/03/2014 15:15:37 (Info) 	Assigning LookNFeel 'TaharezLook/HorizontalScrollbar' to window 'Demo6/ControlPanel/Label4__auto_hscrollbar__'.
26/03/2014 15:15:37 (Info) 	Window 'Demo6/ControlPanel/Label4__auto_hscrollbar____auto_incbtn__' of type 'TaharezLook/ImageButton' has been created. (0819CDC8)
26/03/2014 15:15:37 (Info) 	Assigning the window renderer 'Falagard/Button' to the window 'Demo6/ControlPanel/Label4__auto_hscrollbar____auto_incbtn__'
26/03/2014 15:15:37 (Info) 	Assigning LookNFeel 'TaharezLook/ImageButton' to window 'Demo6/ControlPanel/Label4__auto_hscrollbar____auto_incbtn__'.
26/03/2014 15:15:37 (Info) 	Window 'Demo6/ControlPanel/Label4__auto_hscrollbar____auto_decbtn__' of type 'TaharezLook/ImageButton' has been created. (081A3958)
26/03/2014 15:15:37 (Info) 	Assigning the window renderer 'Falagard/Button' to the window 'Demo6/ControlPanel/Label4__auto_hscrollbar____auto_decbtn__'
26/03/2014 15:15:37 (Info) 	Assigning LookNFeel 'TaharezLook/ImageButton' to window 'Demo6/ControlPanel/Label4__auto_hscrollbar____auto_decbtn__'.
26/03/2014 15:15:37 (Info) 	Window 'Demo6/ControlPanel/Label4__auto_hscrollbar____auto_thumb__' of type 'TaharezLook/HorizontalScrollbarThumb' has been created. (081AA4E8)
26/03/2014 15:15:37 (Info) 	Assigning the window renderer 'Falagard/Button' to the window 'Demo6/ControlPanel/Label4__auto_hscrollbar____auto_thumb__'
26/03/2014 15:15:37 (Info) 	Assigning LookNFeel 'TaharezLook/HorizontalScrollbarThumb' to window 'Demo6/ControlPanel/Label4__auto_hscrollbar____auto_thumb__'.
26/03/2014 15:15:37 (Info) 	Window 'Demo6/ControlPanel/Label4__auto_vscrollbar__' of type 'TaharezLook/VerticalScrollbar' has been created. (081B0B68)
26/03/2014 15:15:37 (Info) 	Assigning the window renderer 'Falagard/Scrollbar' to the window 'Demo6/ControlPanel/Label4__auto_vscrollbar__'
26/03/2014 15:15:37 (Info) 	Assigning LookNFeel 'TaharezLook/VerticalScrollbar' to window 'Demo6/ControlPanel/Label4__auto_vscrollbar__'.
26/03/2014 15:15:37 (Info) 	Window 'Demo6/ControlPanel/Label4__auto_vscrollbar____auto_incbtn__' of type 'TaharezLook/ImageButton' has been created. (081B6270)
26/03/2014 15:15:37 (Info) 	Assigning the window renderer 'Falagard/Button' to the window 'Demo6/ControlPanel/Label4__auto_vscrollbar____auto_incbtn__'
26/03/2014 15:15:37 (Info) 	Assigning LookNFeel 'TaharezLook/ImageButton' to window 'Demo6/ControlPanel/Label4__auto_vscrollbar____auto_incbtn__'.
26/03/2014 15:15:37 (Info) 	Window 'Demo6/ControlPanel/Label4__auto_vscrollbar____auto_decbtn__' of type 'TaharezLook/ImageButton' has been created. (081BCE48)
26/03/2014 15:15:37 (Info) 	Assigning the window renderer 'Falagard/Button' to the window 'Demo6/ControlPanel/Label4__auto_vscrollbar____auto_decbtn__'
26/03/2014 15:15:37 (Info) 	Assigning LookNFeel 'TaharezLook/ImageButton' to window 'Demo6/ControlPanel/Label4__auto_vscrollbar____auto_decbtn__'.
26/03/2014 15:15:37 (Info) 	Window 'Demo6/ControlPanel/Label4__auto_vscrollbar____auto_thumb__' of type 'TaharezLook/VerticalScrollbarThumb' has been created. (081C39E8)
26/03/2014 15:15:37 (Info) 	Assigning the window renderer 'Falagard/Button' to the window 'Demo6/ControlPanel/Label4__auto_vscrollbar____auto_thumb__'
26/03/2014 15:15:37 (Info) 	Assigning LookNFeel 'TaharezLook/VerticalScrollbarThumb' to window 'Demo6/ControlPanel/Label4__auto_vscrollbar____auto_thumb__'.
26/03/2014 15:15:37 (Info) 	Window 'Demo6/ControlPanel/ColumnPanel/DelColIDBox' of type 'TaharezLook/Editbox' has been created. (081CBB40)
26/03/2014 15:15:37 (Info) 	Assigning the window renderer 'Falagard/Editbox' to the window 'Demo6/ControlPanel/ColumnPanel/DelColIDBox'
26/03/2014 15:15:37 (Info) 	Assigning LookNFeel 'TaharezLook/Editbox' to window 'Demo6/ControlPanel/ColumnPanel/DelColIDBox'.
26/03/2014 15:15:37 (Info) 	Window 'Demo6/ControlPanel/ColumnPanel/DelColButton' of type 'TaharezLook/Button' has been created. (081D1780)
26/03/2014 15:15:37 (Info) 	Assigning the window renderer 'Falagard/Button' to the window 'Demo6/ControlPanel/ColumnPanel/DelColButton'
26/03/2014 15:15:37 (Info) 	Assigning LookNFeel 'TaharezLook/Button' to window 'Demo6/ControlPanel/ColumnPanel/DelColButton'.
26/03/2014 15:15:37 (Info) 	Window 'Demo6/ControlPanel/RowControl' of type 'TaharezLook/StaticText' has been created. (081D7448)
26/03/2014 15:15:37 (Info) 	Assigning the window renderer 'Falagard/StaticText' to the window 'Demo6/ControlPanel/RowControl'
26/03/2014 15:15:37 (Info) 	Assigning LookNFeel 'TaharezLook/StaticText' to window 'Demo6/ControlPanel/RowControl'.
26/03/2014 15:15:37 (Info) 	Window 'Demo6/ControlPanel/RowControl__auto_hscrollbar__' of type 'TaharezLook/HorizontalScrollbar' has been created. (081DC208)
26/03/2014 15:15:37 (Info) 	Assigning the window renderer 'Falagard/Scrollbar' to the window 'Demo6/ControlPanel/RowControl__auto_hscrollbar__'
26/03/2014 15:15:37 (Info) 	Assigning LookNFeel 'TaharezLook/HorizontalScrollbar' to window 'Demo6/ControlPanel/RowControl__auto_hscrollbar__'.
26/03/2014 15:15:37 (Info) 	Window 'Demo6/ControlPanel/RowControl__auto_hscrollbar____auto_incbtn__' of type 'TaharezLook/ImageButton' has been created. (081E1928)
26/03/2014 15:15:37 (Info) 	Assigning the window renderer 'Falagard/Button' to the window 'Demo6/ControlPanel/RowControl__auto_hscrollbar____auto_incbtn__'
26/03/2014 15:15:37 (Info) 	Assigning LookNFeel 'TaharezLook/ImageButton' to window 'Demo6/ControlPanel/RowControl__auto_hscrollbar____auto_incbtn__'.
26/03/2014 15:15:37 (Info) 	Window 'Demo6/ControlPanel/RowControl__auto_hscrollbar____auto_decbtn__' of type 'TaharezLook/ImageButton' has been created. (081E8508)
26/03/2014 15:15:37 (Info) 	Assigning the window renderer 'Falagard/Button' to the window 'Demo6/ControlPanel/RowControl__auto_hscrollbar____auto_decbtn__'
26/03/2014 15:15:37 (Info) 	Assigning LookNFeel 'TaharezLook/ImageButton' to window 'Demo6/ControlPanel/RowControl__auto_hscrollbar____auto_decbtn__'.
26/03/2014 15:15:37 (Info) 	Window 'Demo6/ControlPanel/RowControl__auto_hscrollbar____auto_thumb__' of type 'TaharezLook/HorizontalScrollbarThumb' has been created. (081EF0B0)
26/03/2014 15:15:37 (Info) 	Assigning the window renderer 'Falagard/Button' to the window 'Demo6/ControlPanel/RowControl__auto_hscrollbar____auto_thumb__'
26/03/2014 15:15:37 (Info) 	Assigning LookNFeel 'TaharezLook/HorizontalScrollbarThumb' to window 'Demo6/ControlPanel/RowControl__auto_hscrollbar____auto_thumb__'.
26/03/2014 15:15:37 (Info) 	Window 'Demo6/ControlPanel/RowControl__auto_vscrollbar__' of type 'TaharezLook/VerticalScrollbar' has been created. (081F55F8)
26/03/2014 15:15:37 (Info) 	Assigning the window renderer 'Falagard/Scrollbar' to the window 'Demo6/ControlPanel/RowControl__auto_vscrollbar__'
26/03/2014 15:15:37 (Info) 	Assigning LookNFeel 'TaharezLook/VerticalScrollbar' to window 'Demo6/ControlPanel/RowControl__auto_vscrollbar__'.
26/03/2014 15:15:37 (Info) 	Window 'Demo6/ControlPanel/RowControl__auto_vscrollbar____auto_incbtn__' of type 'TaharezLook/ImageButton' has been created. (081FAE00)
26/03/2014 15:15:37 (Info) 	Assigning the window renderer 'Falagard/Button' to the window 'Demo6/ControlPanel/RowControl__auto_vscrollbar____auto_incbtn__'
26/03/2014 15:15:37 (Info) 	Assigning LookNFeel 'TaharezLook/ImageButton' to window 'Demo6/ControlPanel/RowControl__auto_vscrollbar____auto_incbtn__'.
26/03/2014 15:15:37 (Info) 	Window 'Demo6/ControlPanel/RowControl__auto_vscrollbar____auto_decbtn__' of type 'TaharezLook/ImageButton' has been created. (082019F0)
26/03/2014 15:15:37 (Info) 	Assigning the window renderer 'Falagard/Button' to the window 'Demo6/ControlPanel/RowControl__auto_vscrollbar____auto_decbtn__'
26/03/2014 15:15:37 (Info) 	Assigning LookNFeel 'TaharezLook/ImageButton' to window 'Demo6/ControlPanel/RowControl__auto_vscrollbar____auto_decbtn__'.
26/03/2014 15:15:37 (Info) 	Window 'Demo6/ControlPanel/RowControl__auto_vscrollbar____auto_thumb__' of type 'TaharezLook/VerticalScrollbarThumb' has been created. (08208590)
26/03/2014 15:15:37 (Info) 	Assigning the window renderer 'Falagard/Button' to the window 'Demo6/ControlPanel/RowControl__auto_vscrollbar____auto_thumb__'
26/03/2014 15:15:37 (Info) 	Assigning LookNFeel 'TaharezLook/VerticalScrollbarThumb' to window 'Demo6/ControlPanel/RowControl__auto_vscrollbar____auto_thumb__'.
26/03/2014 15:15:37 (Info) 	Window 'Demo6/ControlPanel/Label5' of type 'TaharezLook/StaticText' has been created. (08210230)
26/03/2014 15:15:37 (Info) 	Assigning the window renderer 'Falagard/StaticText' to the window 'Demo6/ControlPanel/Label5'
26/03/2014 15:15:37 (Info) 	Assigning LookNFeel 'TaharezLook/StaticText' to window 'Demo6/ControlPanel/Label5'.
26/03/2014 15:15:37 (Info) 	Window 'Demo6/ControlPanel/Label5__auto_hscrollbar__' of type 'TaharezLook/HorizontalScrollbar' has been created. (08215350)
26/03/2014 15:15:37 (Info) 	Assigning the window renderer 'Falagard/Scrollbar' to the window 'Demo6/ControlPanel/Label5__auto_hscrollbar__'
26/03/2014 15:15:37 (Info) 	Assigning LookNFeel 'TaharezLook/HorizontalScrollbar' to window 'Demo6/ControlPanel/Label5__auto_hscrollbar__'.
26/03/2014 15:15:37 (Info) 	Window 'Demo6/ControlPanel/Label5__auto_hscrollbar____auto_incbtn__' of type 'TaharezLook/ImageButton' has been created. (0821AAA8)
26/03/2014 15:15:37 (Info) 	Assigning the window renderer 'Falagard/Button' to the window 'Demo6/ControlPanel/Label5__auto_hscrollbar____auto_incbtn__'
26/03/2014 15:15:37 (Info) 	Assigning LookNFeel 'TaharezLook/ImageButton' to window 'Demo6/ControlPanel/Label5__auto_hscrollbar____auto_incbtn__'.
26/03/2014 15:15:37 (Info) 	Window 'Demo6/ControlPanel/Label5__auto_hscrollbar____auto_decbtn__' of type 'TaharezLook/ImageButton' has been created. (08221638)
26/03/2014 15:15:37 (Info) 	Assigning the window renderer 'Falagard/Button' to the window 'Demo6/ControlPanel/Label5__auto_hscrollbar____auto_decbtn__'
26/03/2014 15:15:37 (Info) 	Assigning LookNFeel 'TaharezLook/ImageButton' to window 'Demo6/ControlPanel/Label5__auto_hscrollbar____auto_decbtn__'.
26/03/2014 15:15:37 (Info) 	Window 'Demo6/ControlPanel/Label5__auto_hscrollbar____auto_thumb__' of type 'TaharezLook/HorizontalScrollbarThumb' has been created. (08228210)
26/03/2014 15:15:37 (Info) 	Assigning the window renderer 'Falagard/Button' to the window 'Demo6/ControlPanel/Label5__auto_hscrollbar____auto_thumb__'
26/03/2014 15:15:37 (Info) 	Assigning LookNFeel 'TaharezLook/HorizontalScrollbarThumb' to window 'Demo6/ControlPanel/Label5__auto_hscrollbar____auto_thumb__'.
26/03/2014 15:15:37 (Info) 	Window 'Demo6/ControlPanel/Label5__auto_vscrollbar__' of type 'TaharezLook/VerticalScrollbar' has been created. (0822E910)
26/03/2014 15:15:37 (Info) 	Assigning the window renderer 'Falagard/Scrollbar' to the window 'Demo6/ControlPanel/Label5__auto_vscrollbar__'
26/03/2014 15:15:37 (Info) 	Assigning LookNFeel 'TaharezLook/VerticalScrollbar' to window 'Demo6/ControlPanel/Label5__auto_vscrollbar__'.
26/03/2014 15:15:37 (Info) 	Window 'Demo6/ControlPanel/Label5__auto_vscrollbar____auto_incbtn__' of type 'TaharezLook/ImageButton' has been created. (08234070)
26/03/2014 15:15:37 (Info) 	Assigning the window renderer 'Falagard/Button' to the window 'Demo6/ControlPanel/Label5__auto_vscrollbar____auto_incbtn__'
26/03/2014 15:15:37 (Info) 	Assigning LookNFeel 'TaharezLook/ImageButton' to window 'Demo6/ControlPanel/Label5__auto_vscrollbar____auto_incbtn__'.
26/03/2014 15:15:37 (Info) 	Window 'Demo6/ControlPanel/Label5__auto_vscrollbar____auto_decbtn__' of type 'TaharezLook/ImageButton' has been created. (0823ABF8)
26/03/2014 15:15:37 (Info) 	Assigning the window renderer 'Falagard/Button' to the window 'Demo6/ControlPanel/Label5__auto_vscrollbar____auto_decbtn__'
26/03/2014 15:15:37 (Info) 	Assigning LookNFeel 'TaharezLook/ImageButton' to window 'Demo6/ControlPanel/Label5__auto_vscrollbar____auto_decbtn__'.
26/03/2014 15:15:37 (Info) 	Window 'Demo6/ControlPanel/Label5__auto_vscrollbar____auto_thumb__' of type 'TaharezLook/VerticalScrollbarThumb' has been created. (082417E0)
26/03/2014 15:15:37 (Info) 	Assigning the window renderer 'Falagard/Button' to the window 'Demo6/ControlPanel/Label5__auto_vscrollbar____auto_thumb__'
26/03/2014 15:15:37 (Info) 	Assigning LookNFeel 'TaharezLook/VerticalScrollbarThumb' to window 'Demo6/ControlPanel/Label5__auto_vscrollbar____auto_thumb__'.
26/03/2014 15:15:37 (Info) 	Window 'Demo6/ControlPanel/Label6' of type 'TaharezLook/StaticText' has been created. (08249560)
26/03/2014 15:15:37 (Info) 	Assigning the window renderer 'Falagard/StaticText' to the window 'Demo6/ControlPanel/Label6'
26/03/2014 15:15:37 (Info) 	Assigning LookNFeel 'TaharezLook/StaticText' to window 'Demo6/ControlPanel/Label6'.
26/03/2014 15:15:37 (Info) 	Window 'Demo6/ControlPanel/Label6__auto_hscrollbar__' of type 'TaharezLook/HorizontalScrollbar' has been created. (0824E750)
26/03/2014 15:15:37 (Info) 	Assigning the window renderer 'Falagard/Scrollbar' to the window 'Demo6/ControlPanel/Label6__auto_hscrollbar__'
26/03/2014 15:15:37 (Info) 	Assigning LookNFeel 'TaharezLook/HorizontalScrollbar' to window 'Demo6/ControlPanel/Label6__auto_hscrollbar__'.
26/03/2014 15:15:37 (Info) 	Window 'Demo6/ControlPanel/Label6__auto_hscrollbar____auto_incbtn__' of type 'TaharezLook/ImageButton' has been created. (08253DD0)
26/03/2014 15:15:37 (Info) 	Assigning the window renderer 'Falagard/Button' to the window 'Demo6/ControlPanel/Label6__auto_hscrollbar____auto_incbtn__'
26/03/2014 15:15:37 (Info) 	Assigning LookNFeel 'TaharezLook/ImageButton' to window 'Demo6/ControlPanel/Label6__auto_hscrollbar____auto_incbtn__'.
26/03/2014 15:15:37 (Info) 	Window 'Demo6/ControlPanel/Label6__auto_hscrollbar____auto_decbtn__' of type 'TaharezLook/ImageButton' has been created. (0825A960)
26/03/2014 15:15:37 (Info) 	Assigning the window renderer 'Falagard/Button' to the window 'Demo6/ControlPanel/Label6__auto_hscrollbar____auto_decbtn__'
26/03/2014 15:15:37 (Info) 	Assigning LookNFeel 'TaharezLook/ImageButton' to window 'Demo6/ControlPanel/Label6__auto_hscrollbar____auto_decbtn__'.
26/03/2014 15:15:37 (Info) 	Window 'Demo6/ControlPanel/Label6__auto_hscrollbar____auto_thumb__' of type 'TaharezLook/HorizontalScrollbarThumb' has been created. (08261538)
26/03/2014 15:15:37 (Info) 	Assigning the window renderer 'Falagard/Button' to the window 'Demo6/ControlPanel/Label6__auto_hscrollbar____auto_thumb__'
26/03/2014 15:15:37 (Info) 	Assigning LookNFeel 'TaharezLook/HorizontalScrollbarThumb' to window 'Demo6/ControlPanel/Label6__auto_hscrollbar____auto_thumb__'.
26/03/2014 15:15:37 (Info) 	Window 'Demo6/ControlPanel/Label6__auto_vscrollbar__' of type 'TaharezLook/VerticalScrollbar' has been created. (08267BB0)
26/03/2014 15:15:37 (Info) 	Assigning the window renderer 'Falagard/Scrollbar' to the window 'Demo6/ControlPanel/Label6__auto_vscrollbar__'
26/03/2014 15:15:37 (Info) 	Assigning LookNFeel 'TaharezLook/VerticalScrollbar' to window 'Demo6/ControlPanel/Label6__auto_vscrollbar__'.
26/03/2014 15:15:37 (Info) 	Window 'Demo6/ControlPanel/Label6__auto_vscrollbar____auto_incbtn__' of type 'TaharezLook/ImageButton' has been created. (0826D2C0)
26/03/2014 15:15:37 (Info) 	Assigning the window renderer 'Falagard/Button' to the window 'Demo6/ControlPanel/Label6__auto_vscrollbar____auto_incbtn__'
26/03/2014 15:15:37 (Info) 	Assigning LookNFeel 'TaharezLook/ImageButton' to window 'Demo6/ControlPanel/Label6__auto_vscrollbar____auto_incbtn__'.
26/03/2014 15:15:37 (Info) 	Window 'Demo6/ControlPanel/Label6__auto_vscrollbar____auto_decbtn__' of type 'TaharezLook/ImageButton' has been created. (08273E98)
26/03/2014 15:15:37 (Info) 	Assigning the window renderer 'Falagard/Button' to the window 'Demo6/ControlPanel/Label6__auto_vscrollbar____auto_decbtn__'
26/03/2014 15:15:37 (Info) 	Assigning LookNFeel 'TaharezLook/ImageButton' to window 'Demo6/ControlPanel/Label6__auto_vscrollbar____auto_decbtn__'.
26/03/2014 15:15:37 (Info) 	Window 'Demo6/ControlPanel/Label6__auto_vscrollbar____auto_thumb__' of type 'TaharezLook/VerticalScrollbarThumb' has been created. (0827AA38)
26/03/2014 15:15:37 (Info) 	Assigning the window renderer 'Falagard/Button' to the window 'Demo6/ControlPanel/Label6__auto_vscrollbar____auto_thumb__'
26/03/2014 15:15:37 (Info) 	Assigning LookNFeel 'TaharezLook/VerticalScrollbarThumb' to window 'Demo6/ControlPanel/Label6__auto_vscrollbar____auto_thumb__'.
26/03/2014 15:15:37 (Info) 	Window 'Demo6/ControlPanel/ColumnPanel/RowColIDBox' of type 'TaharezLook/Editbox' has been created. (08282AB0)
26/03/2014 15:15:37 (Info) 	Assigning the window renderer 'Falagard/Editbox' to the window 'Demo6/ControlPanel/ColumnPanel/RowColIDBox'
26/03/2014 15:15:37 (Info) 	Assigning LookNFeel 'TaharezLook/Editbox' to window 'Demo6/ControlPanel/ColumnPanel/RowColIDBox'.
26/03/2014 15:15:37 (Info) 	Window 'Demo6/ControlPanel/ColumnPanel/RowTextBox' of type 'TaharezLook/Editbox' has been created. (082884C0)
26/03/2014 15:15:37 (Info) 	Assigning the window renderer 'Falagard/Editbox' to the window 'Demo6/ControlPanel/ColumnPanel/RowTextBox'
26/03/2014 15:15:37 (Info) 	Assigning LookNFeel 'TaharezLook/Editbox' to window 'Demo6/ControlPanel/ColumnPanel/RowTextBox'.
26/03/2014 15:15:37 (Info) 	Window 'Demo6/ControlPanel/ColumnPanel/AddRowButton' of type 'TaharezLook/Button' has been created. (0828DE68)
26/03/2014 15:15:37 (Info) 	Assigning the window renderer 'Falagard/Button' to the window 'Demo6/ControlPanel/ColumnPanel/AddRowButton'
26/03/2014 15:15:37 (Info) 	Assigning LookNFeel 'TaharezLook/Button' to window 'Demo6/ControlPanel/ColumnPanel/AddRowButton'.
26/03/2014 15:15:37 (Info) 	Window 'Demo6/ControlPanel/Label7' of type 'TaharezLook/StaticText' has been created. (082939D8)
26/03/2014 15:15:37 (Info) 	Assigning the window renderer 'Falagard/StaticText' to the window 'Demo6/ControlPanel/Label7'
26/03/2014 15:15:37 (Info) 	Assigning LookNFeel 'TaharezLook/StaticText' to window 'Demo6/ControlPanel/Label7'.
26/03/2014 15:15:37 (Info) 	Window 'Demo6/ControlPanel/Label7__auto_hscrollbar__' of type 'TaharezLook/HorizontalScrollbar' has been created. (08298820)
26/03/2014 15:15:37 (Info) 	Assigning the window renderer 'Falagard/Scrollbar' to the window 'Demo6/ControlPanel/Label7__auto_hscrollbar__'
26/03/2014 15:15:37 (Info) 	Assigning LookNFeel 'TaharezLook/HorizontalScrollbar' to window 'Demo6/ControlPanel/Label7__auto_hscrollbar__'.
26/03/2014 15:15:37 (Info) 	Window 'Demo6/ControlPanel/Label7__auto_hscrollbar____auto_incbtn__' of type 'TaharezLook/ImageButton' has been created. (0829E2D0)
26/03/2014 15:15:37 (Info) 	Assigning the window renderer 'Falagard/Button' to the window 'Demo6/ControlPanel/Label7__auto_hscrollbar____auto_incbtn__'
26/03/2014 15:15:37 (Info) 	Assigning LookNFeel 'TaharezLook/ImageButton' to window 'Demo6/ControlPanel/Label7__auto_hscrollbar____auto_incbtn__'.
26/03/2014 15:15:37 (Info) 	Window 'Demo6/ControlPanel/Label7__auto_hscrollbar____auto_decbtn__' of type 'TaharezLook/ImageButton' has been created. (082A4AC0)
26/03/2014 15:15:37 (Info) 	Assigning the window renderer 'Falagard/Button' to the window 'Demo6/ControlPanel/Label7__auto_hscrollbar____auto_decbtn__'
26/03/2014 15:15:37 (Info) 	Assigning LookNFeel 'TaharezLook/ImageButton' to window 'Demo6/ControlPanel/Label7__auto_hscrollbar____auto_decbtn__'.
26/03/2014 15:15:37 (Info) 	Window 'Demo6/ControlPanel/Label7__auto_hscrollbar____auto_thumb__' of type 'TaharezLook/HorizontalScrollbarThumb' has been created. (082AB608)
26/03/2014 15:15:37 (Info) 	Assigning the window renderer 'Falagard/Button' to the window 'Demo6/ControlPanel/Label7__auto_hscrollbar____auto_thumb__'
26/03/2014 15:15:37 (Info) 	Assigning LookNFeel 'TaharezLook/HorizontalScrollbarThumb' to window 'Demo6/ControlPanel/Label7__auto_hscrollbar____auto_thumb__'.
26/03/2014 15:15:37 (Info) 	Window 'Demo6/ControlPanel/Label7__auto_vscrollbar__' of type 'TaharezLook/VerticalScrollbar' has been created. (082B1CC8)
26/03/2014 15:15:37 (Info) 	Assigning the window renderer 'Falagard/Scrollbar' to the window 'Demo6/ControlPanel/Label7__auto_vscrollbar__'
26/03/2014 15:15:37 (Info) 	Assigning LookNFeel 'TaharezLook/VerticalScrollbar' to window 'Demo6/ControlPanel/Label7__auto_vscrollbar__'.
26/03/2014 15:15:37 (Info) 	Window 'Demo6/ControlPanel/Label7__auto_vscrollbar____auto_incbtn__' of type 'TaharezLook/ImageButton' has been created. (082B73D0)
26/03/2014 15:15:37 (Info) 	Assigning the window renderer 'Falagard/Button' to the window 'Demo6/ControlPanel/Label7__auto_vscrollbar____auto_incbtn__'
26/03/2014 15:15:37 (Info) 	Assigning LookNFeel 'TaharezLook/ImageButton' to window 'Demo6/ControlPanel/Label7__auto_vscrollbar____auto_incbtn__'.
26/03/2014 15:15:37 (Info) 	Window 'Demo6/ControlPanel/Label7__auto_vscrollbar____auto_decbtn__' of type 'TaharezLook/ImageButton' has been created. (082BDFA0)
26/03/2014 15:15:37 (Info) 	Assigning the window renderer 'Falagard/Button' to the window 'Demo6/ControlPanel/Label7__auto_vscrollbar____auto_decbtn__'
26/03/2014 15:15:37 (Info) 	Assigning LookNFeel 'TaharezLook/ImageButton' to window 'Demo6/ControlPanel/Label7__auto_vscrollbar____auto_decbtn__'.
26/03/2014 15:15:37 (Info) 	Window 'Demo6/ControlPanel/Label7__auto_vscrollbar____auto_thumb__' of type 'TaharezLook/VerticalScrollbarThumb' has been created. (082C4B40)
26/03/2014 15:15:37 (Info) 	Assigning the window renderer 'Falagard/Button' to the window 'Demo6/ControlPanel/Label7__auto_vscrollbar____auto_thumb__'
26/03/2014 15:15:37 (Info) 	Assigning LookNFeel 'TaharezLook/VerticalScrollbarThumb' to window 'Demo6/ControlPanel/Label7__auto_vscrollbar____auto_thumb__'.
26/03/2014 15:15:37 (Info) 	Window 'Demo6/ControlPanel/ColumnPanel/DelRowIdxBox' of type 'TaharezLook/Editbox' has been created. (082CCBD0)
26/03/2014 15:15:37 (Info) 	Assigning the window renderer 'Falagard/Editbox' to the window 'Demo6/ControlPanel/ColumnPanel/DelRowIdxBox'
26/03/2014 15:15:37 (Info) 	Assigning LookNFeel 'TaharezLook/Editbox' to window 'Demo6/ControlPanel/ColumnPanel/DelRowIdxBox'.
26/03/2014 15:15:37 (Info) 	Window 'Demo6/ControlPanel/ColumnPanel/DelRowButton' of type 'TaharezLook/Button' has been created. (082D25F8)
26/03/2014 15:15:37 (Info) 	Assigning the window renderer 'Falagard/Button' to the window 'Demo6/ControlPanel/ColumnPanel/DelRowButton'
26/03/2014 15:15:37 (Info) 	Assigning LookNFeel 'TaharezLook/Button' to window 'Demo6/ControlPanel/ColumnPanel/DelRowButton'.
26/03/2014 15:15:37 (Info) 	Window 'Demo6/ControlPanel/SetItemPanel' of type 'TaharezLook/StaticText' has been created. (082D8568)
26/03/2014 15:15:37 (Info) 	Assigning the window renderer 'Falagard/StaticText' to the window 'Demo6/ControlPanel/SetItemPanel'
26/03/2014 15:15:37 (Info) 	Assigning LookNFeel 'TaharezLook/StaticText' to window 'Demo6/ControlPanel/SetItemPanel'.
26/03/2014 15:15:37 (Info) 	Window 'Demo6/ControlPanel/SetItemPanel__auto_hscrollbar__' of type 'TaharezLook/HorizontalScrollbar' has been created. (082DD300)
26/03/2014 15:15:37 (Info) 	Assigning the window renderer 'Falagard/Scrollbar' to the window 'Demo6/ControlPanel/SetItemPanel__auto_hscrollbar__'
26/03/2014 15:15:37 (Info) 	Assigning LookNFeel 'TaharezLook/HorizontalScrollbar' to window 'Demo6/ControlPanel/SetItemPanel__auto_hscrollbar__'.
26/03/2014 15:15:37 (Info) 	Window 'Demo6/ControlPanel/SetItemPanel__auto_hscrollbar____auto_incbtn__' of type 'TaharezLook/ImageButton' has been created. (082E2C38)
26/03/2014 15:15:37 (Info) 	Assigning the window renderer 'Falagard/Button' to the window 'Demo6/ControlPanel/SetItemPanel__auto_hscrollbar____auto_incbtn__'
26/03/2014 15:15:37 (Info) 	Assigning LookNFeel 'TaharezLook/ImageButton' to window 'Demo6/ControlPanel/SetItemPanel__auto_hscrollbar____auto_incbtn__'.
26/03/2014 15:15:37 (Info) 	Window 'Demo6/ControlPanel/SetItemPanel__auto_hscrollbar____auto_decbtn__' of type 'TaharezLook/ImageButton' has been created. (082E96B0)
26/03/2014 15:15:37 (Info) 	Assigning the window renderer 'Falagard/Button' to the window 'Demo6/ControlPanel/SetItemPanel__auto_hscrollbar____auto_decbtn__'
26/03/2014 15:15:37 (Info) 	Assigning LookNFeel 'TaharezLook/ImageButton' to window 'Demo6/ControlPanel/SetItemPanel__auto_hscrollbar____auto_decbtn__'.
26/03/2014 15:15:37 (Info) 	Window 'Demo6/ControlPanel/SetItemPanel__auto_hscrollbar____auto_thumb__' of type 'TaharezLook/HorizontalScrollbarThumb' has been created. (082F01A8)
26/03/2014 15:15:37 (Info) 	Assigning the window renderer 'Falagard/Button' to the window 'Demo6/ControlPanel/SetItemPanel__auto_hscrollbar____auto_thumb__'
26/03/2014 15:15:37 (Info) 	Assigning LookNFeel 'TaharezLook/HorizontalScrollbarThumb' to window 'Demo6/ControlPanel/SetItemPanel__auto_hscrollbar____auto_thumb__'.
26/03/2014 15:15:37 (Info) 	Window 'Demo6/ControlPanel/SetItemPanel__auto_vscrollbar__' of type 'TaharezLook/VerticalScrollbar' has been created. (082F66F8)
26/03/2014 15:15:37 (Info) 	Assigning the window renderer 'Falagard/Scrollbar' to the window 'Demo6/ControlPanel/SetItemPanel__auto_vscrollbar__'
26/03/2014 15:15:37 (Info) 	Assigning LookNFeel 'TaharezLook/VerticalScrollbar' to window 'Demo6/ControlPanel/SetItemPanel__auto_vscrollbar__'.
26/03/2014 15:15:37 (Info) 	Window 'Demo6/ControlPanel/SetItemPanel__auto_vscrollbar____auto_incbtn__' of type 'TaharezLook/ImageButton' has been created. (082FC1B0)
26/03/2014 15:15:37 (Info) 	Assigning the window renderer 'Falagard/Button' to the window 'Demo6/ControlPanel/SetItemPanel__auto_vscrollbar____auto_incbtn__'
26/03/2014 15:15:37 (Info) 	Assigning LookNFeel 'TaharezLook/ImageButton' to window 'Demo6/ControlPanel/SetItemPanel__auto_vscrollbar____auto_incbtn__'.
26/03/2014 15:15:37 (Info) 	Window 'Demo6/ControlPanel/SetItemPanel__auto_vscrollbar____auto_decbtn__' of type 'TaharezLook/ImageButton' has been created. (08302BB0)
26/03/2014 15:15:37 (Info) 	Assigning the window renderer 'Falagard/Button' to the window 'Demo6/ControlPanel/SetItemPanel__auto_vscrollbar____auto_decbtn__'
26/03/2014 15:15:37 (Info) 	Assigning LookNFeel 'TaharezLook/ImageButton' to window 'Demo6/ControlPanel/SetItemPanel__auto_vscrollbar____auto_decbtn__'.
26/03/2014 15:15:37 (Info) 	Window 'Demo6/ControlPanel/SetItemPanel__auto_vscrollbar____auto_thumb__' of type 'TaharezLook/VerticalScrollbarThumb' has been created. (083096D8)
26/03/2014 15:15:37 (Info) 	Assigning the window renderer 'Falagard/Button' to the window 'Demo6/ControlPanel/SetItemPanel__auto_vscrollbar____auto_thumb__'
26/03/2014 15:15:37 (Info) 	Assigning LookNFeel 'TaharezLook/VerticalScrollbarThumb' to window 'Demo6/ControlPanel/SetItemPanel__auto_vscrollbar____auto_thumb__'.
26/03/2014 15:15:38 (Info) 	Window 'Demo6/ControlPanel/Label8' of type 'TaharezLook/StaticText' has been created. (083112E8)
26/03/2014 15:15:38 (Info) 	Assigning the window renderer 'Falagard/StaticText' to the window 'Demo6/ControlPanel/Label8'
26/03/2014 15:15:38 (Info) 	Assigning LookNFeel 'TaharezLook/StaticText' to window 'Demo6/ControlPanel/Label8'.
26/03/2014 15:15:38 (Info) 	Window 'Demo6/ControlPanel/Label8__auto_hscrollbar__' of type 'TaharezLook/HorizontalScrollbar' has been created. (08316408)
26/03/2014 15:15:38 (Info) 	Assigning the window renderer 'Falagard/Scrollbar' to the window 'Demo6/ControlPanel/Label8__auto_hscrollbar__'
26/03/2014 15:15:38 (Info) 	Assigning LookNFeel 'TaharezLook/HorizontalScrollbar' to window 'Demo6/ControlPanel/Label8__auto_hscrollbar__'.
26/03/2014 15:15:38 (Info) 	Window 'Demo6/ControlPanel/Label8__auto_hscrollbar____auto_incbtn__' of type 'TaharezLook/ImageButton' has been created. (0831BB60)
26/03/2014 15:15:38 (Info) 	Assigning the window renderer 'Falagard/Button' to the window 'Demo6/ControlPanel/Label8__auto_hscrollbar____auto_incbtn__'
26/03/2014 15:15:38 (Info) 	Assigning LookNFeel 'TaharezLook/ImageButton' to window 'Demo6/ControlPanel/Label8__auto_hscrollbar____auto_incbtn__'.
26/03/2014 15:15:38 (Info) 	Window 'Demo6/ControlPanel/Label8__auto_hscrollbar____auto_decbtn__' of type 'TaharezLook/ImageButton' has been created. (083226F0)
26/03/2014 15:15:38 (Info) 	Assigning the window renderer 'Falagard/Button' to the window 'Demo6/ControlPanel/Label8__auto_hscrollbar____auto_decbtn__'
26/03/2014 15:15:38 (Info) 	Assigning LookNFeel 'TaharezLook/ImageButton' to window 'Demo6/ControlPanel/Label8__auto_hscrollbar____auto_decbtn__'.
26/03/2014 15:15:38 (Info) 	Window 'Demo6/ControlPanel/Label8__auto_hscrollbar____auto_thumb__' of type 'TaharezLook/HorizontalScrollbarThumb' has been created. (083292D0)
26/03/2014 15:15:38 (Info) 	Assigning the window renderer 'Falagard/Button' to the window 'Demo6/ControlPanel/Label8__auto_hscrollbar____auto_thumb__'
26/03/2014 15:15:38 (Info) 	Assigning LookNFeel 'TaharezLook/HorizontalScrollbarThumb' to window 'Demo6/ControlPanel/Label8__auto_hscrollbar____auto_thumb__'.
26/03/2014 15:15:38 (Info) 	Window 'Demo6/ControlPanel/Label8__auto_vscrollbar__' of type 'TaharezLook/VerticalScrollbar' has been created. (0832F948)
26/03/2014 15:15:38 (Info) 	Assigning the window renderer 'Falagard/Scrollbar' to the window 'Demo6/ControlPanel/Label8__auto_vscrollbar__'
26/03/2014 15:15:38 (Info) 	Assigning LookNFeel 'TaharezLook/VerticalScrollbar' to window 'Demo6/ControlPanel/Label8__auto_vscrollbar__'.
26/03/2014 15:15:38 (Info) 	Window 'Demo6/ControlPanel/Label8__auto_vscrollbar____auto_incbtn__' of type 'TaharezLook/ImageButton' has been created. (08335050)
26/03/2014 15:15:38 (Info) 	Assigning the window renderer 'Falagard/Button' to the window 'Demo6/ControlPanel/Label8__auto_vscrollbar____auto_incbtn__'
26/03/2014 15:15:38 (Info) 	Assigning LookNFeel 'TaharezLook/ImageButton' to window 'Demo6/ControlPanel/Label8__auto_vscrollbar____auto_incbtn__'.
26/03/2014 15:15:38 (Info) 	Window 'Demo6/ControlPanel/Label8__auto_vscrollbar____auto_decbtn__' of type 'TaharezLook/ImageButton' has been created. (0833BC30)
26/03/2014 15:15:38 (Info) 	Assigning the window renderer 'Falagard/Button' to the window 'Demo6/ControlPanel/Label8__auto_vscrollbar____auto_decbtn__'
26/03/2014 15:15:38 (Info) 	Assigning LookNFeel 'TaharezLook/ImageButton' to window 'Demo6/ControlPanel/Label8__auto_vscrollbar____auto_decbtn__'.
26/03/2014 15:15:38 (Info) 	Window 'Demo6/ControlPanel/Label8__auto_vscrollbar____auto_thumb__' of type 'TaharezLook/VerticalScrollbarThumb' has been created. (083427D0)
26/03/2014 15:15:38 (Info) 	Assigning the window renderer 'Falagard/Button' to the window 'Demo6/ControlPanel/Label8__auto_vscrollbar____auto_thumb__'
26/03/2014 15:15:38 (Info) 	Assigning LookNFeel 'TaharezLook/VerticalScrollbarThumb' to window 'Demo6/ControlPanel/Label8__auto_vscrollbar____auto_thumb__'.
26/03/2014 15:15:38 (Info) 	Window 'Demo6/ControlPanel/Label9' of type 'TaharezLook/StaticText' has been created. (0834A590)
26/03/2014 15:15:38 (Info) 	Assigning the window renderer 'Falagard/StaticText' to the window 'Demo6/ControlPanel/Label9'
26/03/2014 15:15:38 (Info) 	Assigning LookNFeel 'TaharezLook/StaticText' to window 'Demo6/ControlPanel/Label9'.
26/03/2014 15:15:38 (Info) 	Window 'Demo6/ControlPanel/Label9__auto_hscrollbar__' of type 'TaharezLook/HorizontalScrollbar' has been created. (0834F780)
26/03/2014 15:15:38 (Info) 	Assigning the window renderer 'Falagard/Scrollbar' to the window 'Demo6/ControlPanel/Label9__auto_hscrollbar__'
26/03/2014 15:15:38 (Info) 	Assigning LookNFeel 'TaharezLook/HorizontalScrollbar' to window 'Demo6/ControlPanel/Label9__auto_hscrollbar__'.
26/03/2014 15:15:38 (Info) 	Window 'Demo6/ControlPanel/Label9__auto_hscrollbar____auto_incbtn__' of type 'TaharezLook/ImageButton' has been created. (08354F38)
26/03/2014 15:15:38 (Info) 	Assigning the window renderer 'Falagard/Button' to the window 'Demo6/ControlPanel/Label9__auto_hscrollbar____auto_incbtn__'
26/03/2014 15:15:38 (Info) 	Assigning LookNFeel 'TaharezLook/ImageButton' to window 'Demo6/ControlPanel/Label9__auto_hscrollbar____auto_incbtn__'.
26/03/2014 15:15:38 (Info) 	Window 'Demo6/ControlPanel/Label9__auto_hscrollbar____auto_decbtn__' of type 'TaharezLook/ImageButton' has been created. (0835BAC8)
26/03/2014 15:15:38 (Info) 	Assigning the window renderer 'Falagard/Button' to the window 'Demo6/ControlPanel/Label9__auto_hscrollbar____auto_decbtn__'
26/03/2014 15:15:38 (Info) 	Assigning LookNFeel 'TaharezLook/ImageButton' to window 'Demo6/ControlPanel/Label9__auto_hscrollbar____auto_decbtn__'.
26/03/2014 15:15:38 (Info) 	Window 'Demo6/ControlPanel/Label9__auto_hscrollbar____auto_thumb__' of type 'TaharezLook/HorizontalScrollbarThumb' has been created. (083626A0)
26/03/2014 15:15:38 (Info) 	Assigning the window renderer 'Falagard/Button' to the window 'Demo6/ControlPanel/Label9__auto_hscrollbar____auto_thumb__'
26/03/2014 15:15:38 (Info) 	Assigning LookNFeel 'TaharezLook/HorizontalScrollbarThumb' to window 'Demo6/ControlPanel/Label9__auto_hscrollbar____auto_thumb__'.
26/03/2014 15:15:38 (Info) 	Window 'Demo6/ControlPanel/Label9__auto_vscrollbar__' of type 'TaharezLook/VerticalScrollbar' has been created. (08368D18)
26/03/2014 15:15:38 (Info) 	Assigning the window renderer 'Falagard/Scrollbar' to the window 'Demo6/ControlPanel/Label9__auto_vscrollbar__'
26/03/2014 15:15:38 (Info) 	Assigning LookNFeel 'TaharezLook/VerticalScrollbar' to window 'Demo6/ControlPanel/Label9__auto_vscrollbar__'.
26/03/2014 15:15:38 (Info) 	Window 'Demo6/ControlPanel/Label9__auto_vscrollbar____auto_incbtn__' of type 'TaharezLook/ImageButton' has been created. (0836E420)
26/03/2014 15:15:38 (Info) 	Assigning the window renderer 'Falagard/Button' to the window 'Demo6/ControlPanel/Label9__auto_vscrollbar____auto_incbtn__'
26/03/2014 15:15:38 (Info) 	Assigning LookNFeel 'TaharezLook/ImageButton' to window 'Demo6/ControlPanel/Label9__auto_vscrollbar____auto_incbtn__'.
26/03/2014 15:15:38 (Info) 	Window 'Demo6/ControlPanel/Label9__auto_vscrollbar____auto_decbtn__' of type 'TaharezLook/ImageButton' has been created. (08374FF0)
26/03/2014 15:15:38 (Info) 	Assigning the window renderer 'Falagard/Button' to the window 'Demo6/ControlPanel/Label9__auto_vscrollbar____auto_decbtn__'
26/03/2014 15:15:38 (Info) 	Assigning LookNFeel 'TaharezLook/ImageButton' to window 'Demo6/ControlPanel/Label9__auto_vscrollbar____auto_decbtn__'.
26/03/2014 15:15:38 (Info) 	Window 'Demo6/ControlPanel/Label9__auto_vscrollbar____auto_thumb__' of type 'TaharezLook/VerticalScrollbarThumb' has been created. (0837BB90)
26/03/2014 15:15:38 (Info) 	Assigning the window renderer 'Falagard/Button' to the window 'Demo6/ControlPanel/Label9__auto_vscrollbar____auto_thumb__'
26/03/2014 15:15:38 (Info) 	Assigning LookNFeel 'TaharezLook/VerticalScrollbarThumb' to window 'Demo6/ControlPanel/Label9__auto_vscrollbar____auto_thumb__'.
26/03/2014 15:15:38 (Info) 	Window 'Demo6/ControlPanel/Label10' of type 'TaharezLook/StaticText' has been created. (08383950)
26/03/2014 15:15:38 (Info) 	Assigning the window renderer 'Falagard/StaticText' to the window 'Demo6/ControlPanel/Label10'
26/03/2014 15:15:38 (Info) 	Assigning LookNFeel 'TaharezLook/StaticText' to window 'Demo6/ControlPanel/Label10'.
26/03/2014 15:15:38 (Info) 	Window 'Demo6/ControlPanel/Label10__auto_hscrollbar__' of type 'TaharezLook/HorizontalScrollbar' has been created. (08388B38)
26/03/2014 15:15:38 (Info) 	Assigning the window renderer 'Falagard/Scrollbar' to the window 'Demo6/ControlPanel/Label10__auto_hscrollbar__'
26/03/2014 15:15:38 (Info) 	Assigning LookNFeel 'TaharezLook/HorizontalScrollbar' to window 'Demo6/ControlPanel/Label10__auto_hscrollbar__'.
26/03/2014 15:15:38 (Info) 	Window 'Demo6/ControlPanel/Label10__auto_hscrollbar____auto_incbtn__' of type 'TaharezLook/ImageButton' has been created. (0838E358)
26/03/2014 15:15:38 (Info) 	Assigning the window renderer 'Falagard/Button' to the window 'Demo6/ControlPanel/Label10__auto_hscrollbar____auto_incbtn__'
26/03/2014 15:15:38 (Info) 	Assigning LookNFeel 'TaharezLook/ImageButton' to window 'Demo6/ControlPanel/Label10__auto_hscrollbar____auto_incbtn__'.
26/03/2014 15:15:38 (Info) 	Window 'Demo6/ControlPanel/Label10__auto_hscrollbar____auto_decbtn__' of type 'TaharezLook/ImageButton' has been created. (08394DC8)
26/03/2014 15:15:38 (Info) 	Assigning the window renderer 'Falagard/Button' to the window 'Demo6/ControlPanel/Label10__auto_hscrollbar____auto_decbtn__'
26/03/2014 15:15:38 (Info) 	Assigning LookNFeel 'TaharezLook/ImageButton' to window 'Demo6/ControlPanel/Label10__auto_hscrollbar____auto_decbtn__'.
26/03/2014 15:15:38 (Info) 	Window 'Demo6/ControlPanel/Label10__auto_hscrollbar____auto_thumb__' of type 'TaharezLook/HorizontalScrollbarThumb' has been created. (0839B960)
26/03/2014 15:15:38 (Info) 	Assigning the window renderer 'Falagard/Button' to the window 'Demo6/ControlPanel/Label10__auto_hscrollbar____auto_thumb__'
26/03/2014 15:15:38 (Info) 	Assigning LookNFeel 'TaharezLook/HorizontalScrollbarThumb' to window 'Demo6/ControlPanel/Label10__auto_hscrollbar____auto_thumb__'.
26/03/2014 15:15:38 (Info) 	Window 'Demo6/ControlPanel/Label10__auto_vscrollbar__' of type 'TaharezLook/VerticalScrollbar' has been created. (083A1FA0)
26/03/2014 15:15:38 (Info) 	Assigning the window renderer 'Falagard/Scrollbar' to the window 'Demo6/ControlPanel/Label10__auto_vscrollbar__'
26/03/2014 15:15:38 (Info) 	Assigning LookNFeel 'TaharezLook/VerticalScrollbar' to window 'Demo6/ControlPanel/Label10__auto_vscrollbar__'.
26/03/2014 15:15:38 (Info) 	Window 'Demo6/ControlPanel/Label10__auto_vscrollbar____auto_incbtn__' of type 'TaharezLook/ImageButton' has been created. (083A7D08)
26/03/2014 15:15:38 (Info) 	Assigning the window renderer 'Falagard/Button' to the window 'Demo6/ControlPanel/Label10__auto_vscrollbar____auto_incbtn__'
26/03/2014 15:15:38 (Info) 	Assigning LookNFeel 'TaharezLook/ImageButton' to window 'Demo6/ControlPanel/Label10__auto_vscrollbar____auto_incbtn__'.
26/03/2014 15:15:38 (Info) 	Window 'Demo6/ControlPanel/Label10__auto_vscrollbar____auto_decbtn__' of type 'TaharezLook/ImageButton' has been created. (083AE378)
26/03/2014 15:15:38 (Info) 	Assigning the window renderer 'Falagard/Button' to the window 'Demo6/ControlPanel/Label10__auto_vscrollbar____auto_decbtn__'
26/03/2014 15:15:38 (Info) 	Assigning LookNFeel 'TaharezLook/ImageButton' to window 'Demo6/ControlPanel/Label10__auto_vscrollbar____auto_decbtn__'.
26/03/2014 15:15:38 (Info) 	Window 'Demo6/ControlPanel/Label10__auto_vscrollbar____auto_thumb__' of type 'TaharezLook/VerticalScrollbarThumb' has been created. (083B4F78)
26/03/2014 15:15:38 (Info) 	Assigning the window renderer 'Falagard/Button' to the window 'Demo6/ControlPanel/Label10__auto_vscrollbar____auto_thumb__'
26/03/2014 15:15:38 (Info) 	Assigning LookNFeel 'TaharezLook/VerticalScrollbarThumb' to window 'Demo6/ControlPanel/Label10__auto_vscrollbar____auto_thumb__'.
26/03/2014 15:15:38 (Info) 	Window 'Demo6/ControlPanel/ColumnPanel/SetItemRowBox' of type 'TaharezLook/Editbox' has been created. (083BCF60)
26/03/2014 15:15:38 (Info) 	Assigning the window renderer 'Falagard/Editbox' to the window 'Demo6/ControlPanel/ColumnPanel/SetItemRowBox'
26/03/2014 15:15:38 (Info) 	Assigning LookNFeel 'TaharezLook/Editbox' to window 'Demo6/ControlPanel/ColumnPanel/SetItemRowBox'.
26/03/2014 15:15:38 (Info) 	Window 'Demo6/ControlPanel/ColumnPanel/SetItemIDBox' of type 'TaharezLook/Editbox' has been created. (083C2848)
26/03/2014 15:15:38 (Info) 	Assigning the window renderer 'Falagard/Editbox' to the window 'Demo6/ControlPanel/ColumnPanel/SetItemIDBox'
26/03/2014 15:15:38 (Info) 	Assigning LookNFeel 'TaharezLook/Editbox' to window 'Demo6/ControlPanel/ColumnPanel/SetItemIDBox'.
26/03/2014 15:15:38 (Info) 	Window 'Demo6/ControlPanel/ColumnPanel/SetItemTextBox' of type 'TaharezLook/Editbox' has been created. (083C82D0)
26/03/2014 15:15:38 (Info) 	Assigning the window renderer 'Falagard/Editbox' to the window 'Demo6/ControlPanel/ColumnPanel/SetItemTextBox'
26/03/2014 15:15:38 (Info) 	Assigning LookNFeel 'TaharezLook/Editbox' to window 'Demo6/ControlPanel/ColumnPanel/SetItemTextBox'.
26/03/2014 15:15:38 (Info) 	Window 'Demo6/ControlPanel/ColumnPanel/SetItemButton' of type 'TaharezLook/Button' has been created. (083CD800)
26/03/2014 15:15:38 (Info) 	Assigning the window renderer 'Falagard/Button' to the window 'Demo6/ControlPanel/ColumnPanel/SetItemButton'
26/03/2014 15:15:38 (Info) 	Assigning LookNFeel 'TaharezLook/Button' to window 'Demo6/ControlPanel/ColumnPanel/SetItemButton'.
26/03/2014 15:15:38 (Info) 	Window 'Demo6/ControlPanel/RowCount' of type 'TaharezLook/StaticText' has been created. (083D3658)
26/03/2014 15:15:38 (Info) 	Assigning the window renderer 'Falagard/StaticText' to the window 'Demo6/ControlPanel/RowCount'
26/03/2014 15:15:38 (Info) 	Assigning LookNFeel 'TaharezLook/StaticText' to window 'Demo6/ControlPanel/RowCount'.
26/03/2014 15:15:38 (Info) 	Window 'Demo6/ControlPanel/RowCount__auto_hscrollbar__' of type 'TaharezLook/HorizontalScrollbar' has been created. (083D84A0)
26/03/2014 15:15:38 (Info) 	Assigning the window renderer 'Falagard/Scrollbar' to the window 'Demo6/ControlPanel/RowCount__auto_hscrollbar__'
26/03/2014 15:15:38 (Info) 	Assigning LookNFeel 'TaharezLook/HorizontalScrollbar' to window 'Demo6/ControlPanel/RowCount__auto_hscrollbar__'.
26/03/2014 15:15:38 (Info) 	Window 'Demo6/ControlPanel/RowCount__auto_hscrollbar____auto_incbtn__' of type 'TaharezLook/ImageButton' has been created. (083DDBE0)
26/03/2014 15:15:38 (Info) 	Assigning the window renderer 'Falagard/Button' to the window 'Demo6/ControlPanel/RowCount__auto_hscrollbar____auto_incbtn__'
26/03/2014 15:15:38 (Info) 	Assigning LookNFeel 'TaharezLook/ImageButton' to window 'Demo6/ControlPanel/RowCount__auto_hscrollbar____auto_incbtn__'.
26/03/2014 15:15:38 (Info) 	Window 'Demo6/ControlPanel/RowCount__auto_hscrollbar____auto_decbtn__' of type 'TaharezLook/ImageButton' has been created. (083E47A0)
26/03/2014 15:15:38 (Info) 	Assigning the window renderer 'Falagard/Button' to the window 'Demo6/ControlPanel/RowCount__auto_hscrollbar____auto_decbtn__'
26/03/2014 15:15:38 (Info) 	Assigning LookNFeel 'TaharezLook/ImageButton' to window 'Demo6/ControlPanel/RowCount__auto_hscrollbar____auto_decbtn__'.
26/03/2014 15:15:38 (Info) 	Window 'Demo6/ControlPanel/RowCount__auto_hscrollbar____auto_thumb__' of type 'TaharezLook/HorizontalScrollbarThumb' has been created. (083EB360)
26/03/2014 15:15:38 (Info) 	Assigning the window renderer 'Falagard/Button' to the window 'Demo6/ControlPanel/RowCount__auto_hscrollbar____auto_thumb__'
26/03/2014 15:15:38 (Info) 	Assigning LookNFeel 'TaharezLook/HorizontalScrollbarThumb' to window 'Demo6/ControlPanel/RowCount__auto_hscrollbar____auto_thumb__'.
26/03/2014 15:15:38 (Info) 	Window 'Demo6/ControlPanel/RowCount__auto_vscrollbar__' of type 'TaharezLook/VerticalScrollbar' has been created. (083F1890)
26/03/2014 15:15:38 (Info) 	Assigning the window renderer 'Falagard/Scrollbar' to the window 'Demo6/ControlPanel/RowCount__auto_vscrollbar__'
26/03/2014 15:15:38 (Info) 	Assigning LookNFeel 'TaharezLook/VerticalScrollbar' to window 'Demo6/ControlPanel/RowCount__auto_vscrollbar__'.
26/03/2014 15:15:38 (Info) 	Window 'Demo6/ControlPanel/RowCount__auto_vscrollbar____auto_incbtn__' of type 'TaharezLook/ImageButton' has been created. (083F75B0)
26/03/2014 15:15:38 (Info) 	Assigning the window renderer 'Falagard/Button' to the window 'Demo6/ControlPanel/RowCount__auto_vscrollbar____auto_incbtn__'
26/03/2014 15:15:38 (Info) 	Assigning LookNFeel 'TaharezLook/ImageButton' to window 'Demo6/ControlPanel/RowCount__auto_vscrollbar____auto_incbtn__'.
26/03/2014 15:15:38 (Info) 	Window 'Demo6/ControlPanel/RowCount__auto_vscrollbar____auto_decbtn__' of type 'TaharezLook/ImageButton' has been created. (083FDC00)
26/03/2014 15:15:38 (Info) 	Assigning the window renderer 'Falagard/Button' to the window 'Demo6/ControlPanel/RowCount__auto_vscrollbar____auto_decbtn__'
26/03/2014 15:15:38 (Info) 	Assigning LookNFeel 'TaharezLook/ImageButton' to window 'Demo6/ControlPanel/RowCount__auto_vscrollbar____auto_decbtn__'.
26/03/2014 15:15:38 (Info) 	Window 'Demo6/ControlPanel/RowCount__auto_vscrollbar____auto_thumb__' of type 'TaharezLook/VerticalScrollbarThumb' has been created. (084047A8)
26/03/2014 15:15:38 (Info) 	Assigning the window renderer 'Falagard/Button' to the window 'Demo6/ControlPanel/RowCount__auto_vscrollbar____auto_thumb__'
26/03/2014 15:15:38 (Info) 	Assigning LookNFeel 'TaharezLook/VerticalScrollbarThumb' to window 'Demo6/ControlPanel/RowCount__auto_vscrollbar____auto_thumb__'.
26/03/2014 15:15:38 (Info) 	Window 'Demo6/ControlPanel/ColCount' of type 'TaharezLook/StaticText' has been created. (0840C498)
26/03/2014 15:15:38 (Info) 	Assigning the window renderer 'Falagard/StaticText' to the window 'Demo6/ControlPanel/ColCount'
26/03/2014 15:15:38 (Info) 	Assigning LookNFeel 'TaharezLook/StaticText' to window 'Demo6/ControlPanel/ColCount'.
26/03/2014 15:15:38 (Info) 	Window 'Demo6/ControlPanel/ColCount__auto_hscrollbar__' of type 'TaharezLook/HorizontalScrollbar' has been created. (08411668)
26/03/2014 15:15:38 (Info) 	Assigning the window renderer 'Falagard/Scrollbar' to the window 'Demo6/ControlPanel/ColCount__auto_hscrollbar__'
26/03/2014 15:15:38 (Info) 	Assigning LookNFeel 'TaharezLook/HorizontalScrollbar' to window 'Demo6/ControlPanel/ColCount__auto_hscrollbar__'.
26/03/2014 15:15:38 (Info) 	Window 'Demo6/ControlPanel/ColCount__auto_hscrollbar____auto_incbtn__' of type 'TaharezLook/ImageButton' has been created. (08416D60)
26/03/2014 15:15:38 (Info) 	Assigning the window renderer 'Falagard/Button' to the window 'Demo6/ControlPanel/ColCount__auto_hscrollbar____auto_incbtn__'
26/03/2014 15:15:38 (Info) 	Assigning LookNFeel 'TaharezLook/ImageButton' to window 'Demo6/ControlPanel/ColCount__auto_hscrollbar____auto_incbtn__'.
26/03/2014 15:15:38 (Info) 	Window 'Demo6/ControlPanel/ColCount__auto_hscrollbar____auto_decbtn__' of type 'TaharezLook/ImageButton' has been created. (0841D920)
26/03/2014 15:15:38 (Info) 	Assigning the window renderer 'Falagard/Button' to the window 'Demo6/ControlPanel/ColCount__auto_hscrollbar____auto_decbtn__'
26/03/2014 15:15:38 (Info) 	Assigning LookNFeel 'TaharezLook/ImageButton' to window 'Demo6/ControlPanel/ColCount__auto_hscrollbar____auto_decbtn__'.
26/03/2014 15:15:38 (Info) 	Window 'Demo6/ControlPanel/ColCount__auto_hscrollbar____auto_thumb__' of type 'TaharezLook/HorizontalScrollbarThumb' has been created. (08424528)
26/03/2014 15:15:38 (Info) 	Assigning the window renderer 'Falagard/Button' to the window 'Demo6/ControlPanel/ColCount__auto_hscrollbar____auto_thumb__'
26/03/2014 15:15:38 (Info) 	Assigning LookNFeel 'TaharezLook/HorizontalScrollbarThumb' to window 'Demo6/ControlPanel/ColCount__auto_hscrollbar____auto_thumb__'.
26/03/2014 15:15:38 (Info) 	Window 'Demo6/ControlPanel/ColCount__auto_vscrollbar__' of type 'TaharezLook/VerticalScrollbar' has been created. (0842AAD0)
26/03/2014 15:15:38 (Info) 	Assigning the window renderer 'Falagard/Scrollbar' to the window 'Demo6/ControlPanel/ColCount__auto_vscrollbar__'
26/03/2014 15:15:38 (Info) 	Assigning LookNFeel 'TaharezLook/VerticalScrollbar' to window 'Demo6/ControlPanel/ColCount__auto_vscrollbar__'.
26/03/2014 15:15:38 (Info) 	Window 'Demo6/ControlPanel/ColCount__auto_vscrollbar____auto_incbtn__' of type 'TaharezLook/ImageButton' has been created. (0842FD70)
26/03/2014 15:15:38 (Info) 	Assigning the window renderer 'Falagard/Button' to the window 'Demo6/ControlPanel/ColCount__auto_vscrollbar____auto_incbtn__'
26/03/2014 15:15:38 (Info) 	Assigning LookNFeel 'TaharezLook/ImageButton' to window 'Demo6/ControlPanel/ColCount__auto_vscrollbar____auto_incbtn__'.
26/03/2014 15:15:38 (Info) 	Window 'Demo6/ControlPanel/ColCount__auto_vscrollbar____auto_decbtn__' of type 'TaharezLook/ImageButton' has been created. (08436E50)
26/03/2014 15:15:38 (Info) 	Assigning the window renderer 'Falagard/Button' to the window 'Demo6/ControlPanel/ColCount__auto_vscrollbar____auto_decbtn__'
26/03/2014 15:15:38 (Info) 	Assigning LookNFeel 'TaharezLook/ImageButton' to window 'Demo6/ControlPanel/ColCount__auto_vscrollbar____auto_decbtn__'.
26/03/2014 15:15:38 (Info) 	Window 'Demo6/ControlPanel/ColCount__auto_vscrollbar____auto_thumb__' of type 'TaharezLook/VerticalScrollbarThumb' has been created. (0843D9F8)
26/03/2014 15:15:38 (Info) 	Assigning the window renderer 'Falagard/Button' to the window 'Demo6/ControlPanel/ColCount__auto_vscrollbar____auto_thumb__'
26/03/2014 15:15:38 (Info) 	Assigning LookNFeel 'TaharezLook/VerticalScrollbarThumb' to window 'Demo6/ControlPanel/ColCount__auto_vscrollbar____auto_thumb__'.
26/03/2014 15:15:38 (Info) 	Window 'Demo6/ControlPanel/SelCount' of type 'TaharezLook/StaticText' has been created. (08445668)
26/03/2014 15:15:38 (Info) 	Assigning the window renderer 'Falagard/StaticText' to the window 'Demo6/ControlPanel/SelCount'
26/03/2014 15:15:38 (Info) 	Assigning LookNFeel 'TaharezLook/StaticText' to window 'Demo6/ControlPanel/SelCount'.
26/03/2014 15:15:38 (Info) 	Window 'Demo6/ControlPanel/SelCount__auto_hscrollbar__' of type 'TaharezLook/HorizontalScrollbar' has been created. (0844A838)
26/03/2014 15:15:38 (Info) 	Assigning the window renderer 'Falagard/Scrollbar' to the window 'Demo6/ControlPanel/SelCount__auto_hscrollbar__'
26/03/2014 15:15:38 (Info) 	Assigning LookNFeel 'TaharezLook/HorizontalScrollbar' to window 'Demo6/ControlPanel/SelCount__auto_hscrollbar__'.
26/03/2014 15:15:38 (Info) 	Window 'Demo6/ControlPanel/SelCount__auto_hscrollbar____auto_incbtn__' of type 'TaharezLook/ImageButton' has been created. (0844FF30)
26/03/2014 15:15:38 (Info) 	Assigning the window renderer 'Falagard/Button' to the window 'Demo6/ControlPanel/SelCount__auto_hscrollbar____auto_incbtn__'
26/03/2014 15:15:38 (Info) 	Assigning LookNFeel 'TaharezLook/ImageButton' to window 'Demo6/ControlPanel/SelCount__auto_hscrollbar____auto_incbtn__'.
26/03/2014 15:15:38 (Info) 	Window 'Demo6/ControlPanel/SelCount__auto_hscrollbar____auto_decbtn__' of type 'TaharezLook/ImageButton' has been created. (08456AE8)
26/03/2014 15:15:38 (Info) 	Assigning the window renderer 'Falagard/Button' to the window 'Demo6/ControlPanel/SelCount__auto_hscrollbar____auto_decbtn__'
26/03/2014 15:15:38 (Info) 	Assigning LookNFeel 'TaharezLook/ImageButton' to window 'Demo6/ControlPanel/SelCount__auto_hscrollbar____auto_decbtn__'.
26/03/2014 15:15:38 (Info) 	Window 'Demo6/ControlPanel/SelCount__auto_hscrollbar____auto_thumb__' of type 'TaharezLook/HorizontalScrollbarThumb' has been created. (0845D6F0)
26/03/2014 15:15:38 (Info) 	Assigning the window renderer 'Falagard/Button' to the window 'Demo6/ControlPanel/SelCount__auto_hscrollbar____auto_thumb__'
26/03/2014 15:15:38 (Info) 	Assigning LookNFeel 'TaharezLook/HorizontalScrollbarThumb' to window 'Demo6/ControlPanel/SelCount__auto_hscrollbar____auto_thumb__'.
26/03/2014 15:15:38 (Info) 	Window 'Demo6/ControlPanel/SelCount__auto_vscrollbar__' of type 'TaharezLook/VerticalScrollbar' has been created. (08463C98)
26/03/2014 15:15:38 (Info) 	Assigning the window renderer 'Falagard/Scrollbar' to the window 'Demo6/ControlPanel/SelCount__auto_vscrollbar__'
26/03/2014 15:15:38 (Info) 	Assigning LookNFeel 'TaharezLook/VerticalScrollbar' to window 'Demo6/ControlPanel/SelCount__auto_vscrollbar__'.
26/03/2014 15:15:38 (Info) 	Window 'Demo6/ControlPanel/SelCount__auto_vscrollbar____auto_incbtn__' of type 'TaharezLook/ImageButton' has been created. (08468F38)
26/03/2014 15:15:38 (Info) 	Assigning the window renderer 'Falagard/Button' to the window 'Demo6/ControlPanel/SelCount__auto_vscrollbar____auto_incbtn__'
26/03/2014 15:15:38 (Info) 	Assigning LookNFeel 'TaharezLook/ImageButton' to window 'Demo6/ControlPanel/SelCount__auto_vscrollbar____auto_incbtn__'.
26/03/2014 15:15:38 (Info) 	Window 'Demo6/ControlPanel/SelCount__auto_vscrollbar____auto_decbtn__' of type 'TaharezLook/ImageButton' has been created. (0846FFB0)
26/03/2014 15:15:38 (Info) 	Assigning the window renderer 'Falagard/Button' to the window 'Demo6/ControlPanel/SelCount__auto_vscrollbar____auto_decbtn__'
26/03/2014 15:15:38 (Info) 	Assigning LookNFeel 'TaharezLook/ImageButton' to window 'Demo6/ControlPanel/SelCount__auto_vscrollbar____auto_decbtn__'.
26/03/2014 15:15:38 (Info) 	Window 'Demo6/ControlPanel/SelCount__auto_vscrollbar____auto_thumb__' of type 'TaharezLook/VerticalScrollbarThumb' has been created. (08476C00)
26/03/2014 15:15:38 (Info) 	Assigning the window renderer 'Falagard/Button' to the window 'Demo6/ControlPanel/SelCount__auto_vscrollbar____auto_thumb__'
26/03/2014 15:15:38 (Info) 	Assigning LookNFeel 'TaharezLook/VerticalScrollbarThumb' to window 'Demo6/ControlPanel/SelCount__auto_vscrollbar____auto_thumb__'.
26/03/2014 15:15:38 (Info) 	Window 'Demo6/QuitButton' of type 'TaharezLook/Button' has been created. (0847E828)
26/03/2014 15:15:38 (Info) 	Assigning the window renderer 'Falagard/Button' to the window 'Demo6/QuitButton'
26/03/2014 15:15:38 (Info) 	Assigning LookNFeel 'TaharezLook/Button' to window 'Demo6/QuitButton'.
26/03/2014 15:15:41 (Std) 	---- Begining CEGUI System destruction ----
26/03/2014 15:15:41 (Info) 	Window 'Demo6/MainList__auto_listheader__' has been added to dead pool. (08046E68)
26/03/2014 15:15:41 (Info) 	Window 'Demo6/MainList__auto_hscrollbar____auto_incbtn__' has been added to dead pool. (08050E70)
26/03/2014 15:15:41 (Info) 	Window 'Demo6/MainList__auto_hscrollbar____auto_decbtn__' has been added to dead pool. (08057458)
26/03/2014 15:15:41 (Info) 	Window 'Demo6/MainList__auto_hscrollbar____auto_thumb__' has been added to dead pool. (0805DDA0)
26/03/2014 15:15:41 (Info) 	Window 'Demo6/MainList__auto_hscrollbar__' has been added to dead pool. (0804BAE8)
26/03/2014 15:15:41 (Info) 	Window 'Demo6/MainList__auto_vscrollbar____auto_incbtn__' has been added to dead pool. (08069B90)
26/03/2014 15:15:41 (Info) 	Window 'Demo6/MainList__auto_vscrollbar____auto_decbtn__' has been added to dead pool. (08070608)
26/03/2014 15:15:41 (Info) 	Window 'Demo6/MainList__auto_vscrollbar____auto_thumb__' has been added to dead pool. (08077030)
26/03/2014 15:15:41 (Info) 	Window 'Demo6/MainList__auto_vscrollbar__' has been added to dead pool. (080643E0)
26/03/2014 15:15:41 (Info) 	Window 'Demo6/MainList' has been added to dead pool. (080428E0)
26/03/2014 15:15:41 (Info) 	Window 'Demo6/ControlPanel__auto_titlebar__' has been added to dead pool. (07EC9910)
26/03/2014 15:15:41 (Info) 	Window 'Demo6/ControlPanel__auto_closebutton__' has been added to dead pool. (07ECE770)
26/03/2014 15:15:41 (Info) 	Window 'Demo6/ControlPanel/SelModeBox__auto_editbox__' has been added to dead pool. (07EDA5D0)
26/03/2014 15:15:41 (Info) 	Window 'Demo6/ControlPanel/SelModeBox__auto_droplist____auto_hscrollbar____auto_incbtn__' has been added to dead pool. (07EEB200)
26/03/2014 15:15:41 (Info) 	Window 'Demo6/ControlPanel/SelModeBox__auto_droplist____auto_hscrollbar____auto_decbtn__' has been added to dead pool. (07EF1E18)
26/03/2014 15:15:41 (Info) 	Window 'Demo6/ControlPanel/SelModeBox__auto_droplist____auto_hscrollbar____auto_thumb__' has been added to dead pool. (07EF8A38)
26/03/2014 15:15:41 (Info) 	Window 'Demo6/ControlPanel/SelModeBox__auto_droplist____auto_hscrollbar__' has been added to dead pool. (07EE5A88)
26/03/2014 15:15:41 (Info) 	Window 'Demo6/ControlPanel/SelModeBox__auto_droplist____auto_vscrollbar____auto_incbtn__' has been added to dead pool. (07F049E0)
26/03/2014 15:15:41 (Info) 	Window 'Demo6/ControlPanel/SelModeBox__auto_droplist____auto_vscrollbar____auto_decbtn__' has been added to dead pool. (07F0B548)
26/03/2014 15:15:41 (Info) 	Window 'Demo6/ControlPanel/SelModeBox__auto_droplist____auto_vscrollbar____auto_thumb__' has been added to dead pool. (07F12190)
26/03/2014 15:15:41 (Info) 	Window 'Demo6/ControlPanel/SelModeBox__auto_droplist____auto_vscrollbar__' has been added to dead pool. (07EFEFC0)
26/03/2014 15:15:41 (Info) 	Window 'Demo6/ControlPanel/SelModeBox__auto_droplist__' has been added to dead pool. (07EE0978)
26/03/2014 15:15:41 (Info) 	Window 'Demo6/ControlPanel/SelModeBox__auto_button__' has been added to dead pool. (07F18DE8)
26/03/2014 15:15:41 (Info) 	Window 'Demo6/ControlPanel/SelModeBox' has been added to dead pool. (07ED5C60)
26/03/2014 15:15:41 (Info) 	Window 'Demo6/ControlPanel/ColumnPanel__auto_hscrollbar____auto_incbtn__' has been added to dead pool. (08105208)
26/03/2014 15:15:41 (Info) 	Window 'Demo6/ControlPanel/ColumnPanel__auto_hscrollbar____auto_decbtn__' has been added to dead pool. (0810BC60)
26/03/2014 15:15:41 (Info) 	Window 'Demo6/ControlPanel/ColumnPanel__auto_hscrollbar____auto_thumb__' has been added to dead pool. (081127B8)
26/03/2014 15:15:41 (Info) 	Window 'Demo6/ControlPanel/ColumnPanel__auto_hscrollbar__' has been added to dead pool. (080FF8D0)
26/03/2014 15:15:41 (Info) 	Window 'Demo6/ControlPanel/ColumnPanel__auto_vscrollbar____auto_incbtn__' has been added to dead pool. (080A7630)
26/03/2014 15:15:41 (Info) 	Window 'Demo6/ControlPanel/ColumnPanel__auto_vscrollbar____auto_decbtn__' has been added to dead pool. (080AE128)
26/03/2014 15:15:41 (Info) 	Window 'Demo6/ControlPanel/ColumnPanel__auto_vscrollbar____auto_thumb__' has been added to dead pool. (080B4CC0)
26/03/2014 15:15:41 (Info) 	Window 'Demo6/ControlPanel/ColumnPanel__auto_vscrollbar__' has been added to dead pool. (080A1E60)
26/03/2014 15:15:41 (Info) 	Window 'Demo6/ControlPanel/Label1__auto_hscrollbar____auto_incbtn__' has been added to dead pool. (080C7F08)
26/03/2014 15:15:41 (Info) 	Window 'Demo6/ControlPanel/Label1__auto_hscrollbar____auto_decbtn__' has been added to dead pool. (080CEA98)
26/03/2014 15:15:41 (Info) 	Window 'Demo6/ControlPanel/Label1__auto_hscrollbar____auto_thumb__' has been added to dead pool. (080D56D0)
26/03/2014 15:15:41 (Info) 	Window 'Demo6/ControlPanel/Label1__auto_hscrollbar__' has been added to dead pool. (080C27B0)
26/03/2014 15:15:41 (Info) 	Window 'Demo6/ControlPanel/Label1__auto_vscrollbar____auto_incbtn__' has been added to dead pool. (0807D760)
26/03/2014 15:15:41 (Info) 	Window 'Demo6/ControlPanel/Label1__auto_vscrollbar____auto_decbtn__' has been added to dead pool. (08083FC0)
26/03/2014 15:15:41 (Info) 	Window 'Demo6/ControlPanel/Label1__auto_vscrollbar____auto_thumb__' has been added to dead pool. (0808AB40)
26/03/2014 15:15:41 (Info) 	Window 'Demo6/ControlPanel/Label1__auto_vscrollbar__' has been added to dead pool. (080DBD48)
26/03/2014 15:15:41 (Info) 	Window 'Demo6/ControlPanel/Label1' has been added to dead pool. (080BD690)
26/03/2014 15:15:41 (Info) 	Window 'Demo6/ControlPanel/Label2__auto_hscrollbar____auto_incbtn__' has been added to dead pool. (0809D130)
26/03/2014 15:15:41 (Info) 	Window 'Demo6/ControlPanel/Label2__auto_hscrollbar____auto_decbtn__' has been added to dead pool. (0811AC90)
26/03/2014 15:15:41 (Info) 	Window 'Demo6/ControlPanel/Label2__auto_hscrollbar____auto_thumb__' has been added to dead pool. (08121868)
26/03/2014 15:15:41 (Info) 	Window 'Demo6/ControlPanel/Label2__auto_hscrollbar__' has been added to dead pool. (08097AA8)
26/03/2014 15:15:41 (Info) 	Window 'Demo6/ControlPanel/Label2__auto_vscrollbar____auto_incbtn__' has been added to dead pool. (0812D640)
26/03/2014 15:15:41 (Info) 	Window 'Demo6/ControlPanel/Label2__auto_vscrollbar____auto_decbtn__' has been added to dead pool. (081341D0)
26/03/2014 15:15:41 (Info) 	Window 'Demo6/ControlPanel/Label2__auto_vscrollbar____auto_thumb__' has been added to dead pool. (0813ADC0)
26/03/2014 15:15:41 (Info) 	Window 'Demo6/ControlPanel/Label2__auto_vscrollbar__' has been added to dead pool. (08127EE0)
26/03/2014 15:15:41 (Info) 	Window 'Demo6/ControlPanel/Label2' has been added to dead pool. (080928B0)
26/03/2014 15:15:41 (Info) 	Window 'Demo6/ControlPanel/Label3__auto_hscrollbar____auto_incbtn__' has been added to dead pool. (0814D3E8)
26/03/2014 15:15:41 (Info) 	Window 'Demo6/ControlPanel/Label3__auto_hscrollbar____auto_decbtn__' has been added to dead pool. (08153F88)
26/03/2014 15:15:41 (Info) 	Window 'Demo6/ControlPanel/Label3__auto_hscrollbar____auto_thumb__' has been added to dead pool. (0815AB60)
26/03/2014 15:15:41 (Info) 	Window 'Demo6/ControlPanel/Label3__auto_hscrollbar__' has been added to dead pool. (08147D60)
26/03/2014 15:15:41 (Info) 	Window 'Demo6/ControlPanel/Label3__auto_vscrollbar____auto_incbtn__' has been added to dead pool. (081668E8)
26/03/2014 15:15:41 (Info) 	Window 'Demo6/ControlPanel/Label3__auto_vscrollbar____auto_decbtn__' has been added to dead pool. (0816D550)
26/03/2014 15:15:41 (Info) 	Window 'Demo6/ControlPanel/Label3__auto_vscrollbar____auto_thumb__' has been added to dead pool. (081740F0)
26/03/2014 15:15:41 (Info) 	Window 'Demo6/ControlPanel/Label3__auto_vscrollbar__' has been added to dead pool. (081611E0)
26/03/2014 15:15:41 (Info) 	Window 'Demo6/ControlPanel/Label3' has been added to dead pool. (08142FE8)
26/03/2014 15:15:41 (Info) 	Window 'Demo6/ControlPanel/ColumnPanel/AddColButton' has been added to dead pool. (0817C180)
26/03/2014 15:15:41 (Info) 	Window 'Demo6/ControlPanel/ColumnPanel/NewColIDBox' has been added to dead pool. (081821F8)
26/03/2014 15:15:41 (Info) 	Window 'Demo6/ControlPanel/ColumnPanel/NewColWidthBox' has been added to dead pool. (08187DE8)
26/03/2014 15:15:41 (Info) 	Window 'Demo6/ControlPanel/ColumnPanel/NewColTextBox' has been added to dead pool. (0818D378)
26/03/2014 15:15:41 (Info) 	Window 'Demo6/ControlPanel/Label4__auto_hscrollbar____auto_incbtn__' has been added to dead pool. (0819CDC8)
26/03/2014 15:15:41 (Info) 	Window 'Demo6/ControlPanel/Label4__auto_hscrollbar____auto_decbtn__' has been added to dead pool. (081A3958)
26/03/2014 15:15:41 (Info) 	Window 'Demo6/ControlPanel/Label4__auto_hscrollbar____auto_thumb__' has been added to dead pool. (081AA4E8)
26/03/2014 15:15:41 (Info) 	Window 'Demo6/ControlPanel/Label4__auto_hscrollbar__' has been added to dead pool. (08197670)
26/03/2014 15:15:41 (Info) 	Window 'Demo6/ControlPanel/Label4__auto_vscrollbar____auto_incbtn__' has been added to dead pool. (081B6270)
26/03/2014 15:15:41 (Info) 	Window 'Demo6/ControlPanel/Label4__auto_vscrollbar____auto_decbtn__' has been added to dead pool. (081BCE48)
26/03/2014 15:15:41 (Info) 	Window 'Demo6/ControlPanel/Label4__auto_vscrollbar____auto_thumb__' has been added to dead pool. (081C39E8)
26/03/2014 15:15:41 (Info) 	Window 'Demo6/ControlPanel/Label4__auto_vscrollbar__' has been added to dead pool. (081B0B68)
26/03/2014 15:15:41 (Info) 	Window 'Demo6/ControlPanel/Label4' has been added to dead pool. (08192B10)
26/03/2014 15:15:41 (Info) 	Window 'Demo6/ControlPanel/ColumnPanel/DelColIDBox' has been added to dead pool. (081CBB40)
26/03/2014 15:15:41 (Info) 	Window 'Demo6/ControlPanel/ColumnPanel/DelColButton' has been added to dead pool. (081D1780)
26/03/2014 15:15:41 (Info) 	Window 'Demo6/ControlPanel/ColumnPanel' has been added to dead pool. (080FA658)
26/03/2014 15:15:41 (Info) 	Window 'Demo6/ControlPanel/RowControl__auto_hscrollbar____auto_incbtn__' has been added to dead pool. (081E1928)
26/03/2014 15:15:41 (Info) 	Window 'Demo6/ControlPanel/RowControl__auto_hscrollbar____auto_decbtn__' has been added to dead pool. (081E8508)
26/03/2014 15:15:41 (Info) 	Window 'Demo6/ControlPanel/RowControl__auto_hscrollbar____auto_thumb__' has been added to dead pool. (081EF0B0)
26/03/2014 15:15:41 (Info) 	Window 'Demo6/ControlPanel/RowControl__auto_hscrollbar__' has been added to dead pool. (081DC208)
26/03/2014 15:15:41 (Info) 	Window 'Demo6/ControlPanel/RowControl__auto_vscrollbar____auto_incbtn__' has been added to dead pool. (081FAE00)
26/03/2014 15:15:41 (Info) 	Window 'Demo6/ControlPanel/RowControl__auto_vscrollbar____auto_decbtn__' has been added to dead pool. (082019F0)
26/03/2014 15:15:41 (Info) 	Window 'Demo6/ControlPanel/RowControl__auto_vscrollbar____auto_thumb__' has been added to dead pool. (08208590)
26/03/2014 15:15:41 (Info) 	Window 'Demo6/ControlPanel/RowControl__auto_vscrollbar__' has been added to dead pool. (081F55F8)
26/03/2014 15:15:41 (Info) 	Window 'Demo6/ControlPanel/Label5__auto_hscrollbar____auto_incbtn__' has been added to dead pool. (0821AAA8)
26/03/2014 15:15:41 (Info) 	Window 'Demo6/ControlPanel/Label5__auto_hscrollbar____auto_decbtn__' has been added to dead pool. (08221638)
26/03/2014 15:15:41 (Info) 	Window 'Demo6/ControlPanel/Label5__auto_hscrollbar____auto_thumb__' has been added to dead pool. (08228210)
26/03/2014 15:15:41 (Info) 	Window 'Demo6/ControlPanel/Label5__auto_hscrollbar__' has been added to dead pool. (08215350)
26/03/2014 15:15:41 (Info) 	Window 'Demo6/ControlPanel/Label5__auto_vscrollbar____auto_incbtn__' has been added to dead pool. (08234070)
26/03/2014 15:15:41 (Info) 	Window 'Demo6/ControlPanel/Label5__auto_vscrollbar____auto_decbtn__' has been added to dead pool. (0823ABF8)
26/03/2014 15:15:41 (Info) 	Window 'Demo6/ControlPanel/Label5__auto_vscrollbar____auto_thumb__' has been added to dead pool. (082417E0)
26/03/2014 15:15:41 (Info) 	Window 'Demo6/ControlPanel/Label5__auto_vscrollbar__' has been added to dead pool. (0822E910)
26/03/2014 15:15:41 (Info) 	Window 'Demo6/ControlPanel/Label5' has been added to dead pool. (08210230)
26/03/2014 15:15:41 (Info) 	Window 'Demo6/ControlPanel/Label6__auto_hscrollbar____auto_incbtn__' has been added to dead pool. (08253DD0)
26/03/2014 15:15:41 (Info) 	Window 'Demo6/ControlPanel/Label6__auto_hscrollbar____auto_decbtn__' has been added to dead pool. (0825A960)
26/03/2014 15:15:41 (Info) 	Window 'Demo6/ControlPanel/Label6__auto_hscrollbar____auto_thumb__' has been added to dead pool. (08261538)
26/03/2014 15:15:41 (Info) 	Window 'Demo6/ControlPanel/Label6__auto_hscrollbar__' has been added to dead pool. (0824E750)
26/03/2014 15:15:41 (Info) 	Window 'Demo6/ControlPanel/Label6__auto_vscrollbar____auto_incbtn__' has been added to dead pool. (0826D2C0)
26/03/2014 15:15:41 (Info) 	Window 'Demo6/ControlPanel/Label6__auto_vscrollbar____auto_decbtn__' has been added to dead pool. (08273E98)
26/03/2014 15:15:41 (Info) 	Window 'Demo6/ControlPanel/Label6__auto_vscrollbar____auto_thumb__' has been added to dead pool. (0827AA38)
26/03/2014 15:15:41 (Info) 	Window 'Demo6/ControlPanel/Label6__auto_vscrollbar__' has been added to dead pool. (08267BB0)
26/03/2014 15:15:41 (Info) 	Window 'Demo6/ControlPanel/Label6' has been added to dead pool. (08249560)
26/03/2014 15:15:41 (Info) 	Window 'Demo6/ControlPanel/ColumnPanel/RowColIDBox' has been added to dead pool. (08282AB0)
26/03/2014 15:15:41 (Info) 	Window 'Demo6/ControlPanel/ColumnPanel/RowTextBox' has been added to dead pool. (082884C0)
26/03/2014 15:15:41 (Info) 	Window 'Demo6/ControlPanel/ColumnPanel/AddRowButton' has been added to dead pool. (0828DE68)
26/03/2014 15:15:41 (Info) 	Window 'Demo6/ControlPanel/Label7__auto_hscrollbar____auto_incbtn__' has been added to dead pool. (0829E2D0)
26/03/2014 15:15:41 (Info) 	Window 'Demo6/ControlPanel/Label7__auto_hscrollbar____auto_decbtn__' has been added to dead pool. (082A4AC0)
26/03/2014 15:15:41 (Info) 	Window 'Demo6/ControlPanel/Label7__auto_hscrollbar____auto_thumb__' has been added to dead pool. (082AB608)
26/03/2014 15:15:41 (Info) 	Window 'Demo6/ControlPanel/Label7__auto_hscrollbar__' has been added to dead pool. (08298820)
26/03/2014 15:15:41 (Info) 	Window 'Demo6/ControlPanel/Label7__auto_vscrollbar____auto_incbtn__' has been added to dead pool. (082B73D0)
26/03/2014 15:15:41 (Info) 	Window 'Demo6/ControlPanel/Label7__auto_vscrollbar____auto_decbtn__' has been added to dead pool. (082BDFA0)
26/03/2014 15:15:41 (Info) 	Window 'Demo6/ControlPanel/Label7__auto_vscrollbar____auto_thumb__' has been added to dead pool. (082C4B40)
26/03/2014 15:15:41 (Info) 	Window 'Demo6/ControlPanel/Label7__auto_vscrollbar__' has been added to dead pool. (082B1CC8)
26/03/2014 15:15:41 (Info) 	Window 'Demo6/ControlPanel/Label7' has been added to dead pool. (082939D8)
26/03/2014 15:15:41 (Info) 	Window 'Demo6/ControlPanel/ColumnPanel/DelRowIdxBox' has been added to dead pool. (082CCBD0)
26/03/2014 15:15:41 (Info) 	Window 'Demo6/ControlPanel/ColumnPanel/DelRowButton' has been added to dead pool. (082D25F8)
26/03/2014 15:15:41 (Info) 	Window 'Demo6/ControlPanel/RowControl' has been added to dead pool. (081D7448)
26/03/2014 15:15:41 (Info) 	Window 'Demo6/ControlPanel/SetItemPanel__auto_hscrollbar____auto_incbtn__' has been added to dead pool. (082E2C38)
26/03/2014 15:15:41 (Info) 	Window 'Demo6/ControlPanel/SetItemPanel__auto_hscrollbar____auto_decbtn__' has been added to dead pool. (082E96B0)
26/03/2014 15:15:41 (Info) 	Window 'Demo6/ControlPanel/SetItemPanel__auto_hscrollbar____auto_thumb__' has been added to dead pool. (082F01A8)
26/03/2014 15:15:41 (Info) 	Window 'Demo6/ControlPanel/SetItemPanel__auto_hscrollbar__' has been added to dead pool. (082DD300)
26/03/2014 15:15:41 (Info) 	Window 'Demo6/ControlPanel/SetItemPanel__auto_vscrollbar____auto_incbtn__' has been added to dead pool. (082FC1B0)
26/03/2014 15:15:41 (Info) 	Window 'Demo6/ControlPanel/SetItemPanel__auto_vscrollbar____auto_decbtn__' has been added to dead pool. (08302BB0)
26/03/2014 15:15:41 (Info) 	Window 'Demo6/ControlPanel/SetItemPanel__auto_vscrollbar____auto_thumb__' has been added to dead pool. (083096D8)
26/03/2014 15:15:41 (Info) 	Window 'Demo6/ControlPanel/SetItemPanel__auto_vscrollbar__' has been added to dead pool. (082F66F8)
26/03/2014 15:15:41 (Info) 	Window 'Demo6/ControlPanel/Label8__auto_hscrollbar____auto_incbtn__' has been added to dead pool. (0831BB60)
26/03/2014 15:15:41 (Info) 	Window 'Demo6/ControlPanel/Label8__auto_hscrollbar____auto_decbtn__' has been added to dead pool. (083226F0)
26/03/2014 15:15:41 (Info) 	Window 'Demo6/ControlPanel/Label8__auto_hscrollbar____auto_thumb__' has been added to dead pool. (083292D0)
26/03/2014 15:15:41 (Info) 	Window 'Demo6/ControlPanel/Label8__auto_hscrollbar__' has been added to dead pool. (08316408)
26/03/2014 15:15:41 (Info) 	Window 'Demo6/ControlPanel/Label8__auto_vscrollbar____auto_incbtn__' has been added to dead pool. (08335050)
26/03/2014 15:15:41 (Info) 	Window 'Demo6/ControlPanel/Label8__auto_vscrollbar____auto_decbtn__' has been added to dead pool. (0833BC30)
26/03/2014 15:15:41 (Info) 	Window 'Demo6/ControlPanel/Label8__auto_vscrollbar____auto_thumb__' has been added to dead pool. (083427D0)
26/03/2014 15:15:41 (Info) 	Window 'Demo6/ControlPanel/Label8__auto_vscrollbar__' has been added to dead pool. (0832F948)
26/03/2014 15:15:41 (Info) 	Window 'Demo6/ControlPanel/Label8' has been added to dead pool. (083112E8)
26/03/2014 15:15:41 (Info) 	Window 'Demo6/ControlPanel/Label9__auto_hscrollbar____auto_incbtn__' has been added to dead pool. (08354F38)
26/03/2014 15:15:41 (Info) 	Window 'Demo6/ControlPanel/Label9__auto_hscrollbar____auto_decbtn__' has been added to dead pool. (0835BAC8)
26/03/2014 15:15:41 (Info) 	Window 'Demo6/ControlPanel/Label9__auto_hscrollbar____auto_thumb__' has been added to dead pool. (083626A0)
26/03/2014 15:15:41 (Info) 	Window 'Demo6/ControlPanel/Label9__auto_hscrollbar__' has been added to dead pool. (0834F780)
26/03/2014 15:15:41 (Info) 	Window 'Demo6/ControlPanel/Label9__auto_vscrollbar____auto_incbtn__' has been added to dead pool. (0836E420)
26/03/2014 15:15:41 (Info) 	Window 'Demo6/ControlPanel/Label9__auto_vscrollbar____auto_decbtn__' has been added to dead pool. (08374FF0)
26/03/2014 15:15:41 (Info) 	Window 'Demo6/ControlPanel/Label9__auto_vscrollbar____auto_thumb__' has been added to dead pool. (0837BB90)
26/03/2014 15:15:41 (Info) 	Window 'Demo6/ControlPanel/Label9__auto_vscrollbar__' has been added to dead pool. (08368D18)
26/03/2014 15:15:41 (Info) 	Window 'Demo6/ControlPanel/Label9' has been added to dead pool. (0834A590)
26/03/2014 15:15:41 (Info) 	Window 'Demo6/ControlPanel/Label10__auto_hscrollbar____auto_incbtn__' has been added to dead pool. (0838E358)
26/03/2014 15:15:41 (Info) 	Window 'Demo6/ControlPanel/Label10__auto_hscrollbar____auto_decbtn__' has been added to dead pool. (08394DC8)
26/03/2014 15:15:41 (Info) 	Window 'Demo6/ControlPanel/Label10__auto_hscrollbar____auto_thumb__' has been added to dead pool. (0839B960)
26/03/2014 15:15:41 (Info) 	Window 'Demo6/ControlPanel/Label10__auto_hscrollbar__' has been added to dead pool. (08388B38)
26/03/2014 15:15:41 (Info) 	Window 'Demo6/ControlPanel/Label10__auto_vscrollbar____auto_incbtn__' has been added to dead pool. (083A7D08)
26/03/2014 15:15:41 (Info) 	Window 'Demo6/ControlPanel/Label10__auto_vscrollbar____auto_decbtn__' has been added to dead pool. (083AE378)
26/03/2014 15:15:41 (Info) 	Window 'Demo6/ControlPanel/Label10__auto_vscrollbar____auto_thumb__' has been added to dead pool. (083B4F78)
26/03/2014 15:15:41 (Info) 	Window 'Demo6/ControlPanel/Label10__auto_vscrollbar__' has been added to dead pool. (083A1FA0)
26/03/2014 15:15:41 (Info) 	Window 'Demo6/ControlPanel/Label10' has been added to dead pool. (08383950)
26/03/2014 15:15:41 (Info) 	Window 'Demo6/ControlPanel/ColumnPanel/SetItemRowBox' has been added to dead pool. (083BCF60)
26/03/2014 15:15:41 (Info) 	Window 'Demo6/ControlPanel/ColumnPanel/SetItemIDBox' has been added to dead pool. (083C2848)
26/03/2014 15:15:41 (Info) 	Window 'Demo6/ControlPanel/ColumnPanel/SetItemTextBox' has been added to dead pool. (083C82D0)
26/03/2014 15:15:41 (Info) 	Window 'Demo6/ControlPanel/ColumnPanel/SetItemButton' has been added to dead pool. (083CD800)
26/03/2014 15:15:41 (Info) 	Window 'Demo6/ControlPanel/RowCount__auto_hscrollbar____auto_incbtn__' has been added to dead pool. (083DDBE0)
26/03/2014 15:15:41 (Info) 	Window 'Demo6/ControlPanel/RowCount__auto_hscrollbar____auto_decbtn__' has been added to dead pool. (083E47A0)
26/03/2014 15:15:41 (Info) 	Window 'Demo6/ControlPanel/RowCount__auto_hscrollbar____auto_thumb__' has been added to dead pool. (083EB360)
26/03/2014 15:15:41 (Info) 	Window 'Demo6/ControlPanel/RowCount__auto_hscrollbar__' has been added to dead pool. (083D84A0)
26/03/2014 15:15:41 (Info) 	Window 'Demo6/ControlPanel/RowCount__auto_vscrollbar____auto_incbtn__' has been added to dead pool. (083F75B0)
26/03/2014 15:15:41 (Info) 	Window 'Demo6/ControlPanel/RowCount__auto_vscrollbar____auto_decbtn__' has been added to dead pool. (083FDC00)
26/03/2014 15:15:41 (Info) 	Window 'Demo6/ControlPanel/RowCount__auto_vscrollbar____auto_thumb__' has been added to dead pool. (084047A8)
26/03/2014 15:15:41 (Info) 	Window 'Demo6/ControlPanel/RowCount__auto_vscrollbar__' has been added to dead pool. (083F1890)
26/03/2014 15:15:41 (Info) 	Window 'Demo6/ControlPanel/RowCount' has been added to dead pool. (083D3658)
26/03/2014 15:15:41 (Info) 	Window 'Demo6/ControlPanel/ColCount__auto_hscrollbar____auto_incbtn__' has been added to dead pool. (08416D60)
26/03/2014 15:15:41 (Info) 	Window 'Demo6/ControlPanel/ColCount__auto_hscrollbar____auto_decbtn__' has been added to dead pool. (0841D920)
26/03/2014 15:15:41 (Info) 	Window 'Demo6/ControlPanel/ColCount__auto_hscrollbar____auto_thumb__' has been added to dead pool. (08424528)
26/03/2014 15:15:41 (Info) 	Window 'Demo6/ControlPanel/ColCount__auto_hscrollbar__' has been added to dead pool. (08411668)
26/03/2014 15:15:41 (Info) 	Window 'Demo6/ControlPanel/ColCount__auto_vscrollbar____auto_incbtn__' has been added to dead pool. (0842FD70)
26/03/2014 15:15:41 (Info) 	Window 'Demo6/ControlPanel/ColCount__auto_vscrollbar____auto_decbtn__' has been added to dead pool. (08436E50)
26/03/2014 15:15:41 (Info) 	Window 'Demo6/ControlPanel/ColCount__auto_vscrollbar____auto_thumb__' has been added to dead pool. (0843D9F8)
26/03/2014 15:15:41 (Info) 	Window 'Demo6/ControlPanel/ColCount__auto_vscrollbar__' has been added to dead pool. (0842AAD0)
26/03/2014 15:15:41 (Info) 	Window 'Demo6/ControlPanel/ColCount' has been added to dead pool. (0840C498)
26/03/2014 15:15:41 (Info) 	Window 'Demo6/ControlPanel/SelCount__auto_hscrollbar____auto_incbtn__' has been added to dead pool. (0844FF30)
26/03/2014 15:15:41 (Info) 	Window 'Demo6/ControlPanel/SelCount__auto_hscrollbar____auto_decbtn__' has been added to dead pool. (08456AE8)
26/03/2014 15:15:41 (Info) 	Window 'Demo6/ControlPanel/SelCount__auto_hscrollbar____auto_thumb__' has been added to dead pool. (0845D6F0)
26/03/2014 15:15:41 (Info) 	Window 'Demo6/ControlPanel/SelCount__auto_hscrollbar__' has been added to dead pool. (0844A838)
26/03/2014 15:15:41 (Info) 	Window 'Demo6/ControlPanel/SelCount__auto_vscrollbar____auto_incbtn__' has been added to dead pool. (08468F38)
26/03/2014 15:15:41 (Info) 	Window 'Demo6/ControlPanel/SelCount__auto_vscrollbar____auto_decbtn__' has been added to dead pool. (0846FFB0)
26/03/2014 15:15:41 (Info) 	Window 'Demo6/ControlPanel/SelCount__auto_vscrollbar____auto_thumb__' has been added to dead pool. (08476C00)
26/03/2014 15:15:41 (Info) 	Window 'Demo6/ControlPanel/SelCount__auto_vscrollbar__' has been added to dead pool. (08463C98)
26/03/2014 15:15:41 (Info) 	Window 'Demo6/ControlPanel/SelCount' has been added to dead pool. (08445668)
26/03/2014 15:15:41 (Info) 	Window 'Demo6/ControlPanel/SetItemPanel' has been added to dead pool. (082D8568)
26/03/2014 15:15:41 (Info) 	Window 'Demo6/QuitButton' has been added to dead pool. (0847E828)
26/03/2014 15:15:41 (Info) 	Window 'Demo6/ControlPanel' has been added to dead pool. (07EC4C98)
26/03/2014 15:15:41 (Info) 	Window 'root_wnd' has been added to dead pool. (0803DF90)
26/03/2014 15:15:41 (Std) 	WindowFactory for 'CEGUI/Tree' windows removed. (042456D8)
26/03/2014 15:15:41 (Std) 	Deleted WindowFactory for 'CEGUI/Tree' windows.
26/03/2014 15:15:41 (Std) 	WindowFactory for 'CEGUI/Thumb' windows removed. (04244D30)
26/03/2014 15:15:41 (Std) 	Deleted WindowFactory for 'CEGUI/Thumb' windows.
26/03/2014 15:15:41 (Std) 	WindowFactory for 'CEGUI/Slider' windows removed. (04244630)
26/03/2014 15:15:41 (Std) 	Deleted WindowFactory for 'CEGUI/Slider' windows.
26/03/2014 15:15:41 (Std) 	WindowFactory for 'CEGUI/Editbox' windows removed. (04242A08)
26/03/2014 15:15:41 (Std) 	Deleted WindowFactory for 'CEGUI/Editbox' windows.
26/03/2014 15:15:41 (Std) 	WindowFactory for 'CEGUI/Listbox' windows removed. (04242FB8)
26/03/2014 15:15:41 (Std) 	Deleted WindowFactory for 'CEGUI/Listbox' windows.
26/03/2014 15:15:41 (Std) 	WindowFactory for 'CEGUI/Menubar' windows removed. (042435C8)
26/03/2014 15:15:41 (Std) 	Deleted WindowFactory for 'CEGUI/Menubar' windows.
26/03/2014 15:15:41 (Std) 	WindowFactory for 'CEGUI/Spinner' windows removed. (042447F0)
26/03/2014 15:15:41 (Std) 	Deleted WindowFactory for 'CEGUI/Spinner' windows.
26/03/2014 15:15:41 (Std) 	WindowFactory for 'CEGUI/Tooltip' windows removed. (04245198)
26/03/2014 15:15:41 (Std) 	Deleted WindowFactory for 'CEGUI/Tooltip' windows.
26/03/2014 15:15:41 (Std) 	WindowFactory for 'DefaultWindow' windows removed. (04241870)
26/03/2014 15:15:41 (Std) 	Deleted WindowFactory for 'DefaultWindow' windows.
26/03/2014 15:15:41 (Std) 	WindowFactory for 'DragContainer' windows removed. (04241A70)
26/03/2014 15:15:41 (Std) 	Deleted WindowFactory for 'DragContainer' windows.
26/03/2014 15:15:41 (Std) 	WindowFactory for 'CEGUI/Checkbox' windows removed. (04242090)
26/03/2014 15:15:41 (Std) 	Deleted WindowFactory for 'CEGUI/Checkbox' windows.
26/03/2014 15:15:41 (Std) 	WindowFactory for 'CEGUI/Combobox' windows removed. (04242688)
26/03/2014 15:15:41 (Std) 	Deleted WindowFactory for 'CEGUI/Combobox' windows.
26/03/2014 15:15:41 (Std) 	WindowFactory for 'CEGUI/GroupBox' windows removed. (04245518)
26/03/2014 15:15:41 (Std) 	Deleted WindowFactory for 'CEGUI/GroupBox' windows.
26/03/2014 15:15:41 (Std) 	WindowFactory for 'CEGUI/MenuItem' windows removed. (04243A60)
26/03/2014 15:15:41 (Std) 	Deleted WindowFactory for 'CEGUI/MenuItem' windows.
26/03/2014 15:15:41 (Std) 	WindowFactory for 'CEGUI/Titlebar' windows removed. (04244EF0)
26/03/2014 15:15:41 (Std) 	Deleted WindowFactory for 'CEGUI/Titlebar' windows.
26/03/2014 15:15:41 (Std) 	WindowFactory for 'CEGUI/ItemEntry' windows removed. (04242DF8)
26/03/2014 15:15:41 (Std) 	Deleted WindowFactory for 'CEGUI/ItemEntry' windows.
26/03/2014 15:15:41 (Std) 	WindowFactory for 'CEGUI/PopupMenu' windows removed. (04243988)
26/03/2014 15:15:41 (Std) 	Deleted WindowFactory for 'CEGUI/PopupMenu' windows.
26/03/2014 15:15:41 (Std) 	WindowFactory for 'CEGUI/Scrollbar' windows removed. (04244470)
26/03/2014 15:15:41 (Std) 	Deleted WindowFactory for 'CEGUI/Scrollbar' windows.
26/03/2014 15:15:41 (Std) 	WindowFactory for 'CEGUI/TabButton' windows removed. (042449B0)
26/03/2014 15:15:41 (Std) 	Deleted WindowFactory for 'CEGUI/TabButton' windows.
26/03/2014 15:15:41 (Std) 	WindowFactory for 'CEGUI/ListHeader' windows removed. (04243178)
26/03/2014 15:15:41 (Std) 	Deleted WindowFactory for 'CEGUI/ListHeader' windows.
26/03/2014 15:15:41 (Std) 	WindowFactory for 'CEGUI/PushButton' windows removed. (042422A8)
26/03/2014 15:15:41 (Std) 	Deleted WindowFactory for 'CEGUI/PushButton' windows.
26/03/2014 15:15:41 (Std) 	WindowFactory for 'CEGUI/TabControl' windows removed. (04244B70)
26/03/2014 15:15:41 (Std) 	Deleted WindowFactory for 'CEGUI/TabControl' windows.
26/03/2014 15:15:41 (Std) 	WindowFactory for 'ClippedContainer' windows removed. (04241E80)
26/03/2014 15:15:41 (Std) 	Deleted WindowFactory for 'ClippedContainer' windows.
26/03/2014 15:15:41 (Std) 	WindowFactory for 'CEGUI/FrameWindow' windows removed. (04242C38)
26/03/2014 15:15:41 (Std) 	Deleted WindowFactory for 'CEGUI/FrameWindow' windows.
26/03/2014 15:15:41 (Std) 	WindowFactory for 'CEGUI/ItemListbox' windows removed. (04245358)
26/03/2014 15:15:41 (Std) 	Deleted WindowFactory for 'CEGUI/ItemListbox' windows.
26/03/2014 15:15:41 (Std) 	WindowFactory for 'CEGUI/ProgressBar' windows removed. (042440F0)
26/03/2014 15:15:41 (Std) 	Deleted WindowFactory for 'CEGUI/ProgressBar' windows.
26/03/2014 15:15:41 (Std) 	WindowFactory for 'CEGUI/RadioButton' windows removed. (04242468)
26/03/2014 15:15:41 (Std) 	Deleted WindowFactory for 'CEGUI/RadioButton' windows.
26/03/2014 15:15:41 (Std) 	WindowFactory for 'ScrolledContainer' windows removed. (04241C78)
26/03/2014 15:15:41 (Std) 	Deleted WindowFactory for 'ScrolledContainer' windows.
26/03/2014 15:15:41 (Std) 	WindowFactory for 'CEGUI/ComboDropList' windows removed. (04242848)
26/03/2014 15:15:41 (Std) 	Deleted WindowFactory for 'CEGUI/ComboDropList' windows.
26/03/2014 15:15:41 (Std) 	WindowFactory for 'GridLayoutContainer' windows removed. (04245C18)
26/03/2014 15:15:41 (Std) 	Deleted WindowFactory for 'GridLayoutContainer' windows.
26/03/2014 15:15:41 (Std) 	WindowFactory for 'CEGUI/ScrollablePane' windows removed. (042442B0)
26/03/2014 15:15:41 (Std) 	Deleted WindowFactory for 'CEGUI/ScrollablePane' windows.
26/03/2014 15:15:41 (Std) 	WindowFactory for 'CEGUI/MultiColumnList' windows removed. (04243C20)
26/03/2014 15:15:41 (Std) 	Deleted WindowFactory for 'CEGUI/MultiColumnList' windows.
26/03/2014 15:15:41 (Std) 	WindowFactory for 'CEGUI/MultiLineEditbox' windows removed. (04243E80)
26/03/2014 15:15:41 (Std) 	Deleted WindowFactory for 'CEGUI/MultiLineEditbox' windows.
26/03/2014 15:15:41 (Std) 	WindowFactory for 'CEGUI/ListHeaderSegment' windows removed. (04243338)
26/03/2014 15:15:41 (Std) 	Deleted WindowFactory for 'CEGUI/ListHeaderSegment' windows.
26/03/2014 15:15:41 (Std) 	WindowFactory for 'VerticalLayoutContainer' windows removed. (04245A58)
26/03/2014 15:15:41 (Std) 	Deleted WindowFactory for 'VerticalLayoutContainer' windows.
26/03/2014 15:15:41 (Std) 	WindowFactory for 'HorizontalLayoutContainer' windows removed. (04245898)
26/03/2014 15:15:41 (Std) 	Deleted WindowFactory for 'HorizontalLayoutContainer' windows.
26/03/2014 15:15:41 (Std) 	---- Begining cleanup of GUI Scheme system ----
26/03/2014 15:15:41 (Info) 	Object of type 'Scheme' named 'TaharezLook' has been destroyed. (0424CAE8)
26/03/2014 15:15:41 (Info) 	---- Begining resource cleanup for GUI scheme 'TaharezLook' ----
26/03/2014 15:15:41 (Info) 	Object of type 'Font' named 'DejaVuSans-10' has been destroyed. (04247AA8)
26/03/2014 15:15:41 (Info) 	Object of type 'Imageset' named 'DejaVuSans-10_auto_glyph_images_ ' has been destroyed. (07F25988)
26/03/2014 15:15:41 (Info) 	Object of type 'Imageset' named 'TaharezLook' has been destroyed. (04263368)
26/03/2014 15:15:41 (Std) 	WindowRendererFactory for 'Falagard/Button' WindowRenderers removed. (0800A9B8)
26/03/2014 15:15:41 (Std) 	Deleted WindowRendererFactory for 'Falagard/Button' WindowRenderers.
26/03/2014 15:15:41 (Std) 	WindowRendererFactory for 'Falagard/Default' WindowRenderers removed. (07F410B0)
26/03/2014 15:15:41 (Std) 	Deleted WindowRendererFactory for 'Falagard/Default' WindowRenderers.
26/03/2014 15:15:41 (Std) 	WindowRendererFactory for 'Falagard/Editbox' WindowRenderers removed. (07FEFDC8)
26/03/2014 15:15:41 (Std) 	Deleted WindowRendererFactory for 'Falagard/Editbox' WindowRenderers.
26/03/2014 15:15:41 (Std) 	WindowRendererFactory for 'Falagard/FrameWindow' WindowRenderers removed. (07F364D0)
26/03/2014 15:15:41 (Std) 	Deleted WindowRendererFactory for 'Falagard/FrameWindow' WindowRenderers.
26/03/2014 15:15:41 (Std) 	WindowRendererFactory for 'Falagard/ItemEntry' WindowRenderers removed. (07F41DC0)
26/03/2014 15:15:41 (Std) 	Deleted WindowRendererFactory for 'Falagard/ItemEntry' WindowRenderers.
26/03/2014 15:15:41 (Std) 	WindowRendererFactory for 'Falagard/ListHeader' WindowRenderers removed. (04262858)
26/03/2014 15:15:41 (Std) 	Deleted WindowRendererFactory for 'Falagard/ListHeader' WindowRenderers.
26/03/2014 15:15:41 (Std) 	WindowRendererFactory for 'Falagard/ListHeaderSegment' WindowRenderers removed. (042642E0)
26/03/2014 15:15:41 (Std) 	Deleted WindowRendererFactory for 'Falagard/ListHeaderSegment' WindowRenderers.
26/03/2014 15:15:41 (Std) 	WindowRendererFactory for 'Falagard/Listbox' WindowRenderers removed. (0424CEE8)
26/03/2014 15:15:41 (Std) 	Deleted WindowRendererFactory for 'Falagard/Listbox' WindowRenderers.
26/03/2014 15:15:41 (Std) 	WindowRendererFactory for 'Falagard/Menubar' WindowRenderers removed. (0800F458)
26/03/2014 15:15:41 (Std) 	Deleted WindowRendererFactory for 'Falagard/Menubar' WindowRenderers.
26/03/2014 15:15:41 (Std) 	WindowRendererFactory for 'Falagard/MenuItem' WindowRenderers removed. (07F89108)
26/03/2014 15:15:41 (Std) 	Deleted WindowRendererFactory for 'Falagard/MenuItem' WindowRenderers.
26/03/2014 15:15:41 (Std) 	WindowRendererFactory for 'Falagard/MultiColumnList' WindowRenderers removed. (07FF1E08)
26/03/2014 15:15:41 (Std) 	Deleted WindowRendererFactory for 'Falagard/MultiColumnList' WindowRenderers.
26/03/2014 15:15:41 (Std) 	WindowRendererFactory for 'Falagard/MultiLineEditbox' WindowRenderers removed. (07FF6468)
26/03/2014 15:15:41 (Std) 	Deleted WindowRendererFactory for 'Falagard/MultiLineEditbox' WindowRenderers.
26/03/2014 15:15:41 (Std) 	WindowRendererFactory for 'Falagard/PopupMenu' WindowRenderers removed. (07FF6540)
26/03/2014 15:15:41 (Std) 	Deleted WindowRendererFactory for 'Falagard/PopupMenu' WindowRenderers.
26/03/2014 15:15:41 (Std) 	WindowRendererFactory for 'Falagard/ProgressBar' WindowRenderers removed. (04264060)
26/03/2014 15:15:41 (Std) 	Deleted WindowRendererFactory for 'Falagard/ProgressBar' WindowRenderers.
26/03/2014 15:15:41 (Std) 	WindowRendererFactory for 'Falagard/ScrollablePane' WindowRenderers removed. (04247710)
26/03/2014 15:15:41 (Std) 	Deleted WindowRendererFactory for 'Falagard/ScrollablePane' WindowRenderers.
26/03/2014 15:15:41 (Std) 	WindowRendererFactory for 'Falagard/Scrollbar' WindowRenderers removed. (08033968)
26/03/2014 15:15:41 (Std) 	Deleted WindowRendererFactory for 'Falagard/Scrollbar' WindowRenderers.
26/03/2014 15:15:41 (Std) 	WindowRendererFactory for 'Falagard/Slider' WindowRenderers removed. (0424DC40)
26/03/2014 15:15:41 (Std) 	Deleted WindowRendererFactory for 'Falagard/Slider' WindowRenderers.
26/03/2014 15:15:41 (Std) 	WindowRendererFactory for 'Falagard/Static' WindowRenderers removed. (0424DE00)
26/03/2014 15:15:41 (Std) 	Deleted WindowRendererFactory for 'Falagard/Static' WindowRenderers.
26/03/2014 15:15:41 (Std) 	WindowRendererFactory for 'Falagard/StaticImage' WindowRenderers removed. (0424DFC0)
26/03/2014 15:15:41 (Std) 	Deleted WindowRendererFactory for 'Falagard/StaticImage' WindowRenderers.
26/03/2014 15:15:41 (Std) 	WindowRendererFactory for 'Falagard/StaticText' WindowRenderers removed. (0427D430)
26/03/2014 15:15:41 (Std) 	Deleted WindowRendererFactory for 'Falagard/StaticText' WindowRenderers.
26/03/2014 15:15:41 (Std) 	WindowRendererFactory for 'Falagard/SystemButton' WindowRenderers removed. (0427D5F0)
26/03/2014 15:15:41 (Std) 	Deleted WindowRendererFactory for 'Falagard/SystemButton' WindowRenderers.
26/03/2014 15:15:41 (Std) 	WindowRendererFactory for 'Falagard/TabButton' WindowRenderers removed. (0427D7B0)
26/03/2014 15:15:41 (Std) 	Deleted WindowRendererFactory for 'Falagard/TabButton' WindowRenderers.
26/03/2014 15:15:41 (Std) 	WindowRendererFactory for 'Falagard/TabControl' WindowRenderers removed. (0427D970)
26/03/2014 15:15:41 (Std) 	Deleted WindowRendererFactory for 'Falagard/TabControl' WindowRenderers.
26/03/2014 15:15:41 (Std) 	WindowRendererFactory for 'Falagard/Titlebar' WindowRenderers removed. (0427DB30)
26/03/2014 15:15:41 (Std) 	Deleted WindowRendererFactory for 'Falagard/Titlebar' WindowRenderers.
26/03/2014 15:15:41 (Std) 	WindowRendererFactory for 'Falagard/ToggleButton' WindowRenderers removed. (0803A2D8)
26/03/2014 15:15:41 (Std) 	Deleted WindowRendererFactory for 'Falagard/ToggleButton' WindowRenderers.
26/03/2014 15:15:41 (Std) 	WindowRendererFactory for 'Falagard/Tooltip' WindowRenderers removed. (0803A498)
26/03/2014 15:15:41 (Std) 	Deleted WindowRendererFactory for 'Falagard/Tooltip' WindowRenderers.
26/03/2014 15:15:41 (Std) 	WindowRendererFactory for 'Falagard/ItemListbox' WindowRenderers removed. (0803A658)
26/03/2014 15:15:41 (Std) 	Deleted WindowRendererFactory for 'Falagard/ItemListbox' WindowRenderers.
26/03/2014 15:15:41 (Std) 	WindowRendererFactory for 'Falagard/Tree' WindowRenderers removed. (0803A818)
26/03/2014 15:15:41 (Std) 	Deleted WindowRendererFactory for 'Falagard/Tree' WindowRenderers.
26/03/2014 15:15:41 (Info) 	---- Resource cleanup for GUI scheme 'TaharezLook' completed ----
26/03/2014 15:15:41 (Info) 	GUI scheme 'TaharezLook' has been unloaded (object destructor). (0424CAE8)
26/03/2014 15:15:41 (Std) 	CEGUI::SchemeManager singleton destroyed. (0423F540)
26/03/2014 15:15:41 (Std) 	CEGUI::WindowManager singleton destroyed (0423BCE8)
26/03/2014 15:15:41 (Std) 	CEGUI::WindowFactoryManager singleton destroyed
26/03/2014 15:15:41 (Std) 	CEGUI::WidgetLookManager singleton destroyed. (042411F0)
26/03/2014 15:15:41 (Std) 	CEGUI::WindowRendererManager singleton destroyed (042414B8)
26/03/2014 15:15:41 (Std) 	CEGUI::AnimationManager singleton destroyed (0423FB88)
26/03/2014 15:15:41 (Std) 	CEGUI::RenderEffectManager singleton destroyed (04241638)
26/03/2014 15:15:41 (Std) 	---- Begining cleanup of Font system ----
26/03/2014 15:15:41 (Std) 	CEGUI::FontManager singleton destroyed. (0423D5C8)
26/03/2014 15:15:41 (Std) 	CEGUI::MouseCursor singleton destroyed. (0423F3C0)
26/03/2014 15:15:41 (Std) 	---- Begining cleanup of Imageset system ----
26/03/2014 15:15:41 (Info) 	Object of type 'Imageset' named 'cegui_logo' has been destroyed. (04246CA0)
26/03/2014 15:15:41 (Info) 	Object of type 'Imageset' named 'BackgroundImage' has been destroyed. (07EBB2F8)
26/03/2014 15:15:41 (Std) 	CEGUI::ImagesetManager singleton destroyed (0423D030)
26/03/2014 15:15:41 (Std) 	CEGUI::GlobalEventSet singleton destroyed. (0423F818)
26/03/2014 15:15:41 (Std) 	CEGUI::System singleton destroyed. (0423B1F8)
26/03/2014 15:15:41 (Std) 	---- CEGUI System destruction completed ----
26/03/2014 15:15:41 (Std) 	CEGUI::Logger singleton destroyed. (0423B7D0)
