LUA:2026-07-05 19:57:39:(Error)	loginBg.OnCreate step=enter
LUA:2026-07-05 19:57:39:(Error)	loginBg.OnCreate step=after Dialog.OnCreate
LUA:2026-07-05 19:57:39:(Error)	loginBg.OnCreate step=after WindowManager
LUA:2026-07-05 19:57:39:(Error)	loginBg.OnCreate step=after getWindow
LUA:2026-07-05 19:57:39:(Error)	loginBg.OnCreate step=after GetScreenPosOfCenter
LUA:2026-07-05 19:57:39:(Error)	loginBg.OnCreate step=after NuclearPoint
LUA:2026-07-05 19:57:39:(Error)	loginBg.OnCreate step=after UISpineSprite.new
LUA:2026-07-05 19:57:39:(Error)	loginBg.OnCreate step=after SetUILocation
LUA:2026-07-05 19:57:39:(Error)	loginBg.OnCreate step=after setRenderEffect
LUA:2026-07-05 19:57:39:(Error)	loginBg.OnCreate step=leave
LUA:2026-07-05 19:57:39:(Error)	LoginQuickDialog.getInstanceAndShow enter
LUA:2026-07-05 19:57:39:(Error)	LoginQuickDialog.OnCreate enter
LUA:2026-07-05 19:57:39:(Error)	LoginQuickDialog.OnCreate LoginBtn1 bound
LUA:2026-07-05 19:57:39:(Error)	LoginQuickDialog.getInstanceAndShow leave
LUA:2026-07-05 19:57:40:(Error)	LoginQuickDialog.HandleLoginMouseClicked enter
LUA:2026-07-05 19:57:40:(Error)	LoginQuickDialog.HandleLoginMouseClicked leave
2026-07-05 19:57:41:(Warn)	[LoginHTTP] response missing credential; using submitted credential fallback register=0 accountLen=6
2026-07-05 19:57:43:(Warn)	[LoginFlow] OnAutoFailed op=7 e=0 accountLen=0 detail=server attr
2026-07-05 19:57:43:(Warn)	[LoginFlow] OnAutoFailed op=3 e=0 accountLen=0 detail=server attr;
2026-07-05 19:57:43:(Warn)	[LoginFlow] OnAutoFailed op=1 e=0 accountLen=0 detail=
2026-07-05 19:57:44:(Warn)	[LoginFlow] OnAutoFailed op=7 e=0 accountLen=0 detail=server attr
2026-07-05 19:57:44:(Warn)	[LoginFlow] OnAutoFailed op=3 e=0 accountLen=0 detail=server attr;
2026-07-05 19:57:45:(Warn)	macAddress = 04:42:1A:A8:63:75, ipAddress = 172.22.208.1
2026-07-05 19:57:45:(Error)	ERROR: LJFMOpen::OpenFile(name:/effect/geffect/skill/mt3_ss_da/mt3_ss_da_1.eff.inf))

2026-07-05 19:57:45:(Error)	ERROR: LJFMOpen::OpenFile(name:/effect/geffect/skill/mt3_ss_da/mt3_ss_da_2.eff.inf))

2026-07-05 19:57:45:(Error)	ERROR: LJFMOpen::OpenFile(name:/effect/geffect/skill/mt3_dly_3/mt3_dly_3_shouji.eff.inf))

2026-07-05 19:57:45:(Error)	ERROR: LJFMOpen::OpenFile(name:/effect/geffect/skill/mt3_ms_3/mt3_ms_3.eff.inf))

2026-07-05 19:57:45:(Error)	ERROR: LJFMOpen::OpenFile(name:/effect/geffect/skill/mt3_fs_da/mt3_fs_da_shouji.eff.inf))

2026-07-05 19:57:45:(Error)	ERROR: LJFMOpen::OpenFile(name:/effect/geffect/skill/mt3_ms_da/mt3_ms_da.eff.inf))

2026-07-05 19:57:45:(Error)	ERROR: LJFMOpen::OpenFile(name:/effect/geffect/skill/mt_ari/ziyidie_1.eff.inf))

2026-07-05 19:57:45:(Error)	ERROR: LJFMOpen::OpenFile(name:/effect/geffect/skill/mt_ari/ziyidie_2.eff.inf))

2026-07-05 19:57:45:(Error)	ERROR: LJFMOpen::OpenFile(name:/effect/geffect/skill/mt_ari/mt_tiandingzhiguo_shang_1.eff.inf))

2026-07-05 19:57:45:(Error)	ERROR: LJFMOpen::OpenFile(name:/effect/geffect/skill/mt_ari/mt_tiandingzhiguo_shang_2.eff.inf))

2026-07-05 19:57:45:(Error)	ERROR: LJFMOpen::OpenFile(name:/effect/geffect/skill/mt3_wq_jifengshu/mt3_wq_jifengshu.eff.inf))

2026-07-05 19:57:45:(Error)	ERROR: LJFMOpen::OpenFile(name:/effect/geffect/skill/mt3_fs_2/mt3_fs_2_shifa_shang.eff.inf))

2026-07-05 19:57:45:(Error)	ERROR: LJFMOpen::OpenFile(name:/effect/geffect/skill/mt3_dly_6/mt3_dly_6.eff.inf))

2026-07-05 19:57:45:(Error)	ERROR: LJFMOpen::OpenFile(name:/effect/geffect/skill/mt3_dz_5/mt3_dz_5.eff.inf))

2026-07-05 19:57:45:(Error)	ERROR: LJFMOpen::OpenFile(name:/effect/geffect/skill/mt_ari/mt3_flzt.eff.inf))

2026-07-05 19:57:45:(Error)	ERROR: LJFMOpen::OpenFile(name:/effect/geffect/skill/mt3_fs_5/mt3_fs_5.eff.inf))

2026-07-05 19:57:45:(Error)	ERROR: LJFMOpen::OpenFile(name:/effect/geffect/skill/aobao_hit/aobao_hit.eff.inf))

2026-07-05 19:57:45:(Error)	ERROR: LJFMOpen::OpenFile(name:/effect/geffect/skill/acc3-st/Cc.yj.eff.inf))

2026-07-05 19:57:45:(Error)	ERROR: LJFMOpen::OpenFile(name:/effect/geffect/skill/mt_shouliezitai/mt_shouliezitai.eff.inf))

2026-07-05 19:57:45:(Error)	ERROR: LJFMOpen::OpenFile(name:/effect/geffect/skill/mt_tiandingzhiguo/mt_tiandingzhiguo_shang_1.eff.inf))

2026-07-05 19:57:45:(Error)	ERROR: LJFMOpen::OpenFile(name:/effect/geffect/skill/mt_tiandingzhiguo/mt_tiandingzhiguo_shang_2.eff.inf))

2026-07-05 19:57:45:(Error)	ERROR: LJFMOpen::OpenFile(name:/effect/geffect/skill/mt_tiandingzhiguo/mt_tiandingzhiguo_xia.eff.inf))

2026-07-05 19:57:45:(Error)	ERROR: LJFMOpen::OpenFile(name:/effect/geffect/skill/mt_shenyuzenan/mt_shenyuzenan_mingzhong.eff.inf))

2026-07-05 19:57:45:(Error)	ERROR: LJFMOpen::OpenFile(name:/effect/geffect/skill/mt3_wq_poxuekuanggong/mt3_wq_poxuekuanggong.eff.inf))

2026-07-05 19:57:45:(Error)	ERROR: LJFMOpen::OpenFile(name:/effect/geffect/skill/mt_guai_taishanyading/mt_guai_taishanyading.eff.inf))

2026-07-05 19:57:45:(Error)	ERROR: LJFMOpen::OpenFile(name:/effect/geffect/skill/mt3_pet_leishenzhinu/mt3_pet_leitingzhinu_1.eff.inf))

2026-07-05 19:57:45:(Error)	ERROR: LJFMOpen::OpenFile(name:/effect/geffect/skill/mt3_pet_leishenzhinu/mt3_pet_leitingzhinu_2.eff.inf))

2026-07-05 19:57:45:(Error)	ERROR: LJFMOpen::OpenFile(name:/effect/geffect/skill/mt3_lr_5/shengmingxianji_shouji.eff.inf))

2026-07-05 19:57:46:(Error)	ERROR: LJFMOpen::OpenFile(name:/effect/animation/sprite/di/di2_res000.dds))

2026-07-05 19:57:49:(Error)	ERROR: LJFMOpen::OpenFile(name:/effect/animation/ui/dianji/putong/zhiyin_res000.dds))

2026-07-05 19:57:50:(Error)	ERROR: LJFMOpen::OpenFile(name:/effect/geffect/sprite/npc/101.eff.inf))

2026-07-05 19:57:51:(Error)	ERROR: LJFMOpen::OpenFile(name:/effect/animation/sprite/npc/ercichenghao/menpaidaoshi_res000.dds))

2026-07-05 19:57:51:(Error)	ERROR: LJFMOpen::OpenFile(name:/effect/animation/sprite/npc/ercichenghao/menpaidaoshi_res000.png))

2026-07-05 19:57:56:(Warn)	[LoginFlow] OnAutoFailed op=3 e=0 accountLen=6 detail=recv error (s=3272 b=0 e=0);
2026-07-05 19:57:56:(Warn)	[LoginFlow] OnAutoFailed op=7 e=0 accountLen=0 detail=server attr
2026-07-05 19:57:57:(Warn)	macAddress = 04:42:1A:A8:63:75, ipAddress = 172.22.208.1
2026-07-05 19:58:01:(Warn)	[LoginFlow] OnAutoFailed op=3 e=0 accountLen=6 detail=recv error (s=3348 b=0 e=0);
2026-07-05 19:58:01:(Warn)	[LoginFlow] OnAutoFailed op=7 e=0 accountLen=0 detail=server attr
2026-07-05 19:58:01:(Warn)	macAddress = 04:42:1A:A8:63:75, ipAddress = 172.22.208.1
LUA:2026-07-06 03:57:17:(Error)	loginBg.OnCreate step=enter
LUA:2026-07-06 03:57:17:(Error)	loginBg.OnCreate step=after Dialog.OnCreate
LUA:2026-07-06 03:57:17:(Error)	loginBg.OnCreate step=after WindowManager
LUA:2026-07-06 03:57:17:(Error)	loginBg.OnCreate step=after getWindow
LUA:2026-07-06 03:57:17:(Error)	loginBg.OnCreate step=after GetScreenPosOfCenter
LUA:2026-07-06 03:57:17:(Error)	loginBg.OnCreate step=after NuclearPoint
LUA:2026-07-06 03:57:18:(Error)	loginBg.OnCreate step=after UISpineSprite.new
LUA:2026-07-06 03:57:18:(Error)	loginBg.OnCreate step=after SetUILocation
LUA:2026-07-06 03:57:18:(Error)	loginBg.OnCreate step=after setRenderEffect
LUA:2026-07-06 03:57:18:(Error)	loginBg.OnCreate step=leave
LUA:2026-07-06 03:57:18:(Error)	LoginQuickDialog.getInstanceAndShow enter
LUA:2026-07-06 03:57:18:(Error)	LoginQuickDialog.OnCreate enter
LUA:2026-07-06 03:57:18:(Error)	LoginQuickDialog.OnCreate LoginBtn1 bound
LUA:2026-07-06 03:57:18:(Error)	LoginQuickDialog.getInstanceAndShow leave
LUA:2026-07-06 03:57:19:(Error)	LoginQuickDialog.HandleLoginMouseClicked enter
LUA:2026-07-06 03:57:19:(Error)	LoginQuickDialog.HandleLoginMouseClicked leave
2026-07-06 03:57:20:(Warn)	[LoginHTTP] response missing credential; using submitted credential fallback register=0 accountLen=6
2026-07-06 03:57:22:(Warn)	[LoginFlow] OnAutoFailed op=1 e=0 accountLen=0 detail=
2026-07-06 03:57:23:(Warn)	[LoginFlow] OnAutoFailed op=7 e=0 accountLen=0 detail=server attr
2026-07-06 03:57:23:(Warn)	[LoginFlow] OnAutoFailed op=3 e=0 accountLen=0 detail=server attr;
2026-07-06 03:57:23:(Warn)	[LoginFlow] OnAutoFailed op=7 e=0 accountLen=0 detail=server attr
2026-07-06 03:57:23:(Warn)	[LoginFlow] OnAutoFailed op=3 e=0 accountLen=0 detail=server attr;
2026-07-06 03:57:24:(Warn)	macAddress = 04:42:1A:A8:63:75, ipAddress = 172.22.208.1
2026-07-06 03:57:25:(Error)	ERROR: LJFMOpen::OpenFile(name:/effect/geffect/skill/mt3_ss_da/mt3_ss_da_1.eff.inf))

2026-07-06 03:57:25:(Error)	ERROR: LJFMOpen::OpenFile(name:/effect/geffect/skill/mt3_ss_da/mt3_ss_da_2.eff.inf))

2026-07-06 03:57:25:(Error)	ERROR: LJFMOpen::OpenFile(name:/effect/geffect/skill/mt3_dly_3/mt3_dly_3_shouji.eff.inf))

2026-07-06 03:57:25:(Error)	ERROR: LJFMOpen::OpenFile(name:/effect/geffect/skill/mt3_ms_3/mt3_ms_3.eff.inf))

2026-07-06 03:57:25:(Error)	ERROR: LJFMOpen::OpenFile(name:/effect/geffect/skill/mt3_fs_da/mt3_fs_da_shouji.eff.inf))

2026-07-06 03:57:25:(Error)	ERROR: LJFMOpen::OpenFile(name:/effect/geffect/skill/mt3_ms_da/mt3_ms_da.eff.inf))

2026-07-06 03:57:25:(Error)	ERROR: LJFMOpen::OpenFile(name:/effect/geffect/skill/mt_ari/ziyidie_1.eff.inf))

2026-07-06 03:57:25:(Error)	ERROR: LJFMOpen::OpenFile(name:/effect/geffect/skill/mt_ari/ziyidie_2.eff.inf))

2026-07-06 03:57:25:(Error)	ERROR: LJFMOpen::OpenFile(name:/effect/geffect/skill/mt_ari/mt_tiandingzhiguo_shang_1.eff.inf))

2026-07-06 03:57:25:(Error)	ERROR: LJFMOpen::OpenFile(name:/effect/geffect/skill/mt_ari/mt_tiandingzhiguo_shang_2.eff.inf))

2026-07-06 03:57:25:(Error)	ERROR: LJFMOpen::OpenFile(name:/effect/geffect/skill/mt3_wq_jifengshu/mt3_wq_jifengshu.eff.inf))

2026-07-06 03:57:25:(Error)	ERROR: LJFMOpen::OpenFile(name:/effect/geffect/skill/mt3_fs_2/mt3_fs_2_shifa_shang.eff.inf))

2026-07-06 03:57:25:(Error)	ERROR: LJFMOpen::OpenFile(name:/effect/geffect/skill/mt3_dly_6/mt3_dly_6.eff.inf))

2026-07-06 03:57:25:(Error)	ERROR: LJFMOpen::OpenFile(name:/effect/geffect/skill/mt3_dz_5/mt3_dz_5.eff.inf))

2026-07-06 03:57:25:(Error)	ERROR: LJFMOpen::OpenFile(name:/effect/geffect/skill/mt_ari/mt3_flzt.eff.inf))

2026-07-06 03:57:25:(Error)	ERROR: LJFMOpen::OpenFile(name:/effect/geffect/skill/mt3_fs_5/mt3_fs_5.eff.inf))

2026-07-06 03:57:25:(Error)	ERROR: LJFMOpen::OpenFile(name:/effect/geffect/skill/aobao_hit/aobao_hit.eff.inf))

2026-07-06 03:57:25:(Error)	ERROR: LJFMOpen::OpenFile(name:/effect/geffect/skill/acc3-st/Cc.yj.eff.inf))

2026-07-06 03:57:25:(Error)	ERROR: LJFMOpen::OpenFile(name:/effect/geffect/skill/mt_shouliezitai/mt_shouliezitai.eff.inf))

2026-07-06 03:57:25:(Error)	ERROR: LJFMOpen::OpenFile(name:/effect/geffect/skill/mt_tiandingzhiguo/mt_tiandingzhiguo_shang_1.eff.inf))

2026-07-06 03:57:25:(Error)	ERROR: LJFMOpen::OpenFile(name:/effect/geffect/skill/mt_tiandingzhiguo/mt_tiandingzhiguo_shang_2.eff.inf))

2026-07-06 03:57:25:(Error)	ERROR: LJFMOpen::OpenFile(name:/effect/geffect/skill/mt_tiandingzhiguo/mt_tiandingzhiguo_xia.eff.inf))

2026-07-06 03:57:25:(Error)	ERROR: LJFMOpen::OpenFile(name:/effect/geffect/skill/mt_shenyuzenan/mt_shenyuzenan_mingzhong.eff.inf))

2026-07-06 03:57:25:(Error)	ERROR: LJFMOpen::OpenFile(name:/effect/geffect/skill/mt3_wq_poxuekuanggong/mt3_wq_poxuekuanggong.eff.inf))

2026-07-06 03:57:25:(Error)	ERROR: LJFMOpen::OpenFile(name:/effect/geffect/skill/mt_guai_taishanyading/mt_guai_taishanyading.eff.inf))

2026-07-06 03:57:25:(Error)	ERROR: LJFMOpen::OpenFile(name:/effect/geffect/skill/mt3_pet_leishenzhinu/mt3_pet_leitingzhinu_1.eff.inf))

2026-07-06 03:57:25:(Error)	ERROR: LJFMOpen::OpenFile(name:/effect/geffect/skill/mt3_pet_leishenzhinu/mt3_pet_leitingzhinu_2.eff.inf))

2026-07-06 03:57:25:(Error)	ERROR: LJFMOpen::OpenFile(name:/effect/geffect/skill/mt3_lr_5/shengmingxianji_shouji.eff.inf))

2026-07-06 03:57:25:(Error)	ERROR: LJFMOpen::OpenFile(name:/map/map_1631_zhanshenshan/goto.dat))

2026-07-06 03:57:25:(Error)	ERROR: LJFMOpen::OpenFile(name:/map/map_1631_zhanshenshan/npc.dat))

2026-07-06 03:57:25:(Error)	ERROR: LJFMOpen::OpenFile(name:/effect/animation/sprite/di/di2_res000.dds))

LUA:2026-07-20 11:25:42:(Error)	loginBg.OnCreate step=enter
LUA:2026-07-20 11:25:42:(Error)	loginBg.OnCreate step=after Dialog.OnCreate
LUA:2026-07-20 11:25:42:(Error)	loginBg.OnCreate step=after WindowManager
LUA:2026-07-20 11:25:42:(Error)	loginBg.OnCreate step=after getWindow
LUA:2026-07-20 11:25:42:(Error)	loginBg.OnCreate step=after GetScreenPosOfCenter
LUA:2026-07-20 11:25:42:(Error)	loginBg.OnCreate step=after NuclearPoint
LUA:2026-07-20 11:25:42:(Error)	loginBg.OnCreate step=after UISpineSprite.new
LUA:2026-07-20 11:25:42:(Error)	loginBg.OnCreate step=after SetUILocation
LUA:2026-07-20 11:25:42:(Error)	loginBg.OnCreate step=after setRenderEffect
LUA:2026-07-20 11:25:42:(Error)	loginBg.OnCreate step=leave
2026-07-20 11:25:43:(Error)	ERROR: LJFMOpen::GetFullPathFileName(name:/cfg/video/MT3.wmv))

LUA:2026-07-20 11:25:43:(Error)	LoginQuickDialog.getInstanceAndShow enter
LUA:2026-07-20 11:25:43:(Error)	LoginQuickDialog.OnCreate enter
LUA:2026-07-20 11:25:43:(Error)	LoginQuickDialog.OnCreate LoginBtn1 bound
LUA:2026-07-20 11:25:43:(Error)	LoginQuickDialog.getInstanceAndShow leave
LUA:2026-07-20 11:25:45:(Error)	LoginQuickDialog.HandleLoginMouseClicked enter
LUA:2026-07-20 11:25:45:(Error)	LoginQuickDialog.HandleLoginMouseClicked leave
2026-07-20 11:25:47:(Warn)	[LoginHTTP] response missing credential; using submitted credential fallback register=0 accountLen=6
LUA:2026-07-20 11:25:47:(Error)	[LoginFlow][SelectServerEntryDiag] getInstanceAndShow autoArg=true currentAuto=false loadServerSuccess=false hasInstance=false
LUA:2026-07-20 11:25:47:(Error)	[LoginFlow][SelectServerEntryDiag] connetGetServerInfo serverCount=0 loadServerSuccess=false autoOpen=true
LUA:2026-07-20 11:25:47:(Error)	[LoginFlow][SelectServerEntryDiag] SetGetServerResult result=1 autoOpen=true hasInstance=true
LUA:2026-07-20 11:25:47:(Error)	[SelectServerDiag] OnInit begin serverCount=3
LUA:2026-07-20 11:25:47:(Error)	[SelectServerDiag] OnInit server index=0 area=测试专区 name=技术测试 serverid=1000000001 groupKey=1000000001 ip=193.112.65.157 port=42001 flag=3 status=0
LUA:2026-07-20 11:25:47:(Error)	[SelectServerDiag] OnInit server index=1 area=畅玩2026 name=苍穹01区 serverid=1000000002 groupKey=1000000002 ip=193.112.65.157 port=42002 flag=2 status=0
LUA:2026-07-20 11:25:47:(Error)	[SelectServerDiag] OnInit server index=2 area=畅玩2026 name=苍穹02区 serverid=1101961002 groupKey=1101961002 ip=193.112.65.157 port=42003 flag=2 status=0
LUA:2026-07-20 11:25:47:(Error)	[SelectServerDiag] OnInit end areaMapCount=3 recommendArea=推荐 recommendCount=2
LUA:2026-07-20 11:25:47:(Error)	[LoginFlow][SelectServerEntryDiag] checkLoad host=193.112.65.157 port=42001 key=1000000001
LUA:2026-07-20 11:25:47:(Error)	[LoginFlow][SelectServerEntryDiag] OpenSelectServersDialog begin loadServerSuccess=true autoOpen=true hasServer=true selectArea=测试专区 selectServer=技术测试
LUA:2026-07-20 11:25:47:(Error)	[LoginFlow][SelectServerEntryDiag] OpenSelectServersDialog before ToServerChoose
LUA:2026-07-20 11:25:47:(Error)	[LoginFlow][SelectServerEntryDiag] OpenSelectServersDialog after ToServerChoose selectArea=测试专区 selectServer=技术测试
LUA:2026-07-20 11:25:47:(Error)	[LoginFlow][SelectServerEntryDiag] OpenSelectServersDialog before SelectServersDialog.getInstanceAndShow
LUA:2026-07-20 11:25:47:(Error)	[SelectServerDiag] OnCreate begin
LUA:2026-07-20 11:25:47:(Error)	[SelectServerDiag] OnCreate windows ok okBtn=true returnBtn=true serverPane=true areaPane=true
LUA:2026-07-20 11:25:47:(Error)	[SelectServerDiag] OnInit begin serverCount=3
LUA:2026-07-20 11:25:47:(Error)	[SelectServerDiag] OnInit server index=0 area=测试专区 name=技术测试 serverid=1000000001 groupKey=1000000001 ip=193.112.65.157 port=42001 flag=3 status=0
LUA:2026-07-20 11:25:47:(Error)	[SelectServerDiag] OnInit server index=1 area=畅玩2026 name=苍穹01区 serverid=1000000002 groupKey=1000000002 ip=193.112.65.157 port=42002 flag=2 status=0
LUA:2026-07-20 11:25:47:(Error)	[SelectServerDiag] OnInit server index=2 area=畅玩2026 name=苍穹02区 serverid=1101961002 groupKey=1101961002 ip=193.112.65.157 port=42003 flag=2 status=0
LUA:2026-07-20 11:25:47:(Error)	[SelectServerDiag] OnInit end areaMapCount=3 recommendArea=推荐 recommendCount=2
LUA:2026-07-20 11:25:47:(Error)	[SelectServerDiag] OnCreate after OnInit areaMapCount=3 selectArea=nil
LUA:2026-07-20 11:25:47:(Error)	[SelectServerDiag] InitAreaList begin areaMapCount=3 currentSelect=nil
LUA:2026-07-20 11:25:47:(Error)	[SelectServerDiag] InitAreaList sorted area id=0 name=推荐 serverCount=2
LUA:2026-07-20 11:25:47:(Error)	[SelectServerDiag] InitAreaList sorted area id=1 name=测试专区 serverCount=1
LUA:2026-07-20 11:25:47:(Error)	[SelectServerDiag] InitAreaList sorted area id=2 name=畅玩2026 serverCount=2
LUA:2026-07-20 11:25:47:(Error)	[SelectServerDiag] GetDefaultSelectAreaName begin selfSelect=nil areaSortCount=3
LUA:2026-07-20 11:25:47:(Error)	[SelectServerDiag] GetDefaultSelectAreaName loginManagerSelect=测试专区
LUA:2026-07-20 11:25:47:(Error)	[SelectServerDiag] GetDefaultSelectAreaName keep selectArea=测试专区 serverCount=1
LUA:2026-07-20 11:25:47:(Error)	[SelectServerDiag] InitAreaList selectedArea=测试专区
LUA:2026-07-20 11:25:47:(Error)	[SelectServerDiag] InitAreaList create areaCell index=1 id=0 name=推荐 selected=测试专区 serverCount=2
LUA:2026-07-20 11:25:47:(Error)	[SelectServerDiag] InitAreaList create areaCell index=2 id=1 name=测试专区 selected=测试专区 serverCount=1
LUA:2026-07-20 11:25:47:(Error)	[SelectServerDiag] InitAreaList create areaCell index=3 id=2 name=畅玩2026 selected=测试专区 serverCount=2
LUA:2026-07-20 11:25:47:(Error)	[SelectServerDiag] InitAreaList end createdAreaCells=3 selected=测试专区
LUA:2026-07-20 11:25:47:(Error)	[SelectServerDiag] OnCreate after InitAreaList areaCells=3 selectArea=测试专区
LUA:2026-07-20 11:25:47:(Error)	[SelectServerDiag] ClearAllServerCells count=0
LUA:2026-07-20 11:25:47:(Error)	[SelectServerDiag] RefreshServerCells begin selectedArg=测试专区 selfSelect=测试专区 areaMapCount=3
LUA:2026-07-20 11:25:47:(Error)	[SelectServerDiag] RefreshServerCells selectedAreaFound=true selectedAreaName=测试专区 serverCount=1 lastSelectID=-1
LUA:2026-07-20 11:25:47:(Error)	[SelectServerDiag] RefreshServerCells before sort serverTableCount=1 selectedLast=-1
LUA:2026-07-20 11:25:47:(Error)	[SelectServerDiag] RefreshServerCells create serverCell index=1 serverid=1000000001 name=技术测试 orgid=1000000001 sort=999999
LUA:2026-07-20 11:25:47:(Error)	[SelectServerDiag] RefreshServerCells created serverCells=1 finalSelected=1000000001
LUA:2026-07-20 11:25:47:(Error)	[SelectServerDiag] DeselectOtherServerBtn selectArea=测试专区 serverCells=1
LUA:2026-07-20 11:25:47:(Error)	[SelectServerDiag] DeselectOtherServerBtn selectArea=测试专区 serverCells=1
LUA:2026-07-20 11:25:47:(Error)	[SelectServerDiag] OnCreate after RefreshServerCells serverCells=1 selectArea=测试专区
LUA:2026-07-20 11:25:47:(Error)	[SelectServerDiag] SelectCurrentAreaBtn selectArea=测试专区 areaCells=3
LUA:2026-07-20 11:25:47:(Error)	[SelectServerDiag] DeselectOtherServerBtn selectArea=测试专区 serverCells=1
LUA:2026-07-20 11:25:47:(Error)	[LoginFlow][SelectServerEntryDiag] OpenSelectServersDialog after SelectServersDialog.getInstanceAndShow
2026-07-20 11:25:50:(Warn)	[LoginFlow] OnAutoFailed op=1 e=0 accountLen=0 detail=
LUA:2026-07-20 11:25:52:(Error)	[SelectServerDiag] ClearAllServerCells count=1
LUA:2026-07-20 11:25:52:(Error)	[SelectServerDiag] RefreshServerCells begin selectedArg=推荐 selfSelect=推荐 areaMapCount=3
LUA:2026-07-20 11:25:52:(Error)	[SelectServerDiag] RefreshServerCells selectedAreaFound=true selectedAreaName=推荐 serverCount=2 lastSelectID=-1
LUA:2026-07-20 11:25:52:(Error)	[SelectServerDiag] RefreshServerCells before sort serverTableCount=2 selectedLast=-1
LUA:2026-07-20 11:25:52:(Error)	[SelectServerDiag] RefreshServerCells create serverCell index=1 serverid=1101961002 name=苍穹02区 orgid=1101961002 sort=999999
LUA:2026-07-20 11:25:52:(Error)	[SelectServerDiag] RefreshServerCells create serverCell index=2 serverid=1000000002 name=苍穹01区 orgid=1000000002 sort=999999
LUA:2026-07-20 11:25:52:(Error)	[SelectServerDiag] RefreshServerCells created serverCells=2 finalSelected=1101961002
LUA:2026-07-20 11:25:52:(Error)	[SelectServerDiag] DeselectOtherServerBtn selectArea=推荐 serverCells=2
LUA:2026-07-20 11:25:52:(Error)	[SelectServerDiag] DeselectOtherServerBtn selectArea=推荐 serverCells=2
LUA:2026-07-20 11:25:53:(Error)	[SelectServerDiag] ClearAllServerCells count=2
LUA:2026-07-20 11:25:53:(Error)	[SelectServerDiag] RefreshServerCells begin selectedArg=测试专区 selfSelect=测试专区 areaMapCount=3
LUA:2026-07-20 11:25:53:(Error)	[SelectServerDiag] RefreshServerCells selectedAreaFound=true selectedAreaName=测试专区 serverCount=1 lastSelectID=1000000001
LUA:2026-07-20 11:25:53:(Error)	[SelectServerDiag] RefreshServerCells before sort serverTableCount=1 selectedLast=1000000001
LUA:2026-07-20 11:25:53:(Error)	[SelectServerDiag] RefreshServerCells create serverCell index=1 serverid=1000000001 name=技术测试 orgid=1000000001 sort=999999
LUA:2026-07-20 11:25:53:(Error)	[SelectServerDiag] RefreshServerCells created serverCells=1 finalSelected=1000000001
LUA:2026-07-20 11:25:53:(Error)	[SelectServerDiag] DeselectOtherServerBtn selectArea=测试专区 serverCells=1
LUA:2026-07-20 11:25:53:(Error)	[SelectServerDiag] DeselectOtherServerBtn selectArea=测试专区 serverCells=1
LUA:2026-07-20 11:25:54:(Error)	[SelectServerDiag] ClearAllServerCells count=1
LUA:2026-07-20 11:25:54:(Error)	[SelectServerDiag] ClearAllAreaCells count=3
LUA:2026-07-20 11:28:09:(Error)	loginBg.OnCreate step=enter
LUA:2026-07-20 11:28:09:(Error)	loginBg.OnCreate step=after Dialog.OnCreate
LUA:2026-07-20 11:28:09:(Error)	loginBg.OnCreate step=after WindowManager
LUA:2026-07-20 11:28:09:(Error)	loginBg.OnCreate step=after getWindow
LUA:2026-07-20 11:28:09:(Error)	loginBg.OnCreate step=after GetScreenPosOfCenter
LUA:2026-07-20 11:28:09:(Error)	loginBg.OnCreate step=after NuclearPoint
LUA:2026-07-20 11:28:09:(Error)	loginBg.OnCreate step=after UISpineSprite.new
LUA:2026-07-20 11:28:09:(Error)	loginBg.OnCreate step=after SetUILocation
LUA:2026-07-20 11:28:09:(Error)	loginBg.OnCreate step=after setRenderEffect
LUA:2026-07-20 11:28:09:(Error)	loginBg.OnCreate step=leave
LUA:2026-07-20 11:28:09:(Error)	LoginQuickDialog.getInstanceAndShow enter
LUA:2026-07-20 11:28:09:(Error)	LoginQuickDialog.OnCreate enter
LUA:2026-07-20 11:28:09:(Error)	LoginQuickDialog.OnCreate LoginBtn1 bound
LUA:2026-07-20 11:28:09:(Error)	LoginQuickDialog.getInstanceAndShow leave
LUA:2026-07-20 11:28:10:(Error)	LoginQuickDialog.HandleLoginMouseClicked enter
LUA:2026-07-20 11:28:10:(Error)	LoginQuickDialog.HandleLoginMouseClicked leave
2026-07-20 11:28:11:(Warn)	[LoginHTTP] response missing credential; using submitted credential fallback register=0 accountLen=6
LUA:2026-07-20 11:28:11:(Error)	[LoginFlow][SelectServerEntryDiag] getInstanceAndShow autoArg=true currentAuto=false loadServerSuccess=false hasInstance=false
LUA:2026-07-20 11:28:11:(Error)	[LoginFlow][SelectServerEntryDiag] connetGetServerInfo serverCount=0 loadServerSuccess=false autoOpen=true
LUA:2026-07-20 11:28:11:(Error)	[LoginFlow][SelectServerEntryDiag] SetGetServerResult result=1 autoOpen=true hasInstance=true
LUA:2026-07-20 11:28:11:(Error)	[SelectServerDiag] OnInit begin serverCount=3
LUA:2026-07-20 11:28:11:(Error)	[SelectServerDiag] OnInit server index=0 area=测试专区 name=技术测试 serverid=1000000001 groupKey=1000000001 ip=193.112.65.157 port=42001 flag=3 status=0
LUA:2026-07-20 11:28:11:(Error)	[SelectServerDiag] OnInit server index=1 area=畅玩2026 name=苍穹01区 serverid=1000000002 groupKey=1000000002 ip=193.112.65.157 port=42002 flag=2 status=0
LUA:2026-07-20 11:28:11:(Error)	[SelectServerDiag] OnInit server index=2 area=畅玩2026 name=苍穹02区 serverid=1101961002 groupKey=1101961002 ip=193.112.65.157 port=42003 flag=2 status=0
LUA:2026-07-20 11:28:11:(Error)	[SelectServerDiag] OnInit end areaMapCount=3 recommendArea=推荐 recommendCount=2
LUA:2026-07-20 11:28:11:(Error)	[LoginFlow][SelectServerEntryDiag] checkLoad host=193.112.65.157 port=42001 key=1000000001
LUA:2026-07-20 11:28:11:(Error)	[LoginFlow][SelectServerEntryDiag] OpenSelectServersDialog begin loadServerSuccess=true autoOpen=true hasServer=true selectArea=测试专区 selectServer=技术测试
LUA:2026-07-20 11:28:11:(Error)	[LoginFlow][SelectServerEntryDiag] OpenSelectServersDialog before ToServerChoose
LUA:2026-07-20 11:28:11:(Error)	[LoginFlow][SelectServerEntryDiag] OpenSelectServersDialog after ToServerChoose selectArea=测试专区 selectServer=技术测试
LUA:2026-07-20 11:28:11:(Error)	[LoginFlow][SelectServerEntryDiag] OpenSelectServersDialog before SelectServersDialog.getInstanceAndShow
LUA:2026-07-20 11:28:11:(Error)	[SelectServerDiag] OnCreate begin
LUA:2026-07-20 11:28:11:(Error)	[SelectServerDiag] OnCreate windows ok okBtn=true returnBtn=true serverPane=true areaPane=true
LUA:2026-07-20 11:28:11:(Error)	[SelectServerDiag] OnInit begin serverCount=3
LUA:2026-07-20 11:28:11:(Error)	[SelectServerDiag] OnInit server index=0 area=测试专区 name=技术测试 serverid=1000000001 groupKey=1000000001 ip=193.112.65.157 port=42001 flag=3 status=0
LUA:2026-07-20 11:28:11:(Error)	[SelectServerDiag] OnInit server index=1 area=畅玩2026 name=苍穹01区 serverid=1000000002 groupKey=1000000002 ip=193.112.65.157 port=42002 flag=2 status=0
LUA:2026-07-20 11:28:11:(Error)	[SelectServerDiag] OnInit server index=2 area=畅玩2026 name=苍穹02区 serverid=1101961002 groupKey=1101961002 ip=193.112.65.157 port=42003 flag=2 status=0
LUA:2026-07-20 11:28:11:(Error)	[SelectServerDiag] OnInit end areaMapCount=3 recommendArea=推荐 recommendCount=2
LUA:2026-07-20 11:28:11:(Error)	[SelectServerDiag] OnCreate after OnInit areaMapCount=3 selectArea=nil
LUA:2026-07-20 11:28:11:(Error)	[SelectServerDiag] InitAreaList begin areaMapCount=3 currentSelect=nil
LUA:2026-07-20 11:28:11:(Error)	[SelectServerDiag] InitAreaList sorted area id=0 name=推荐 serverCount=2
LUA:2026-07-20 11:28:11:(Error)	[SelectServerDiag] InitAreaList sorted area id=1 name=测试专区 serverCount=1
LUA:2026-07-20 11:28:11:(Error)	[SelectServerDiag] InitAreaList sorted area id=2 name=畅玩2026 serverCount=2
LUA:2026-07-20 11:28:11:(Error)	[SelectServerDiag] GetDefaultSelectAreaName begin selfSelect=nil areaSortCount=3
LUA:2026-07-20 11:28:11:(Error)	[SelectServerDiag] GetDefaultSelectAreaName loginManagerSelect=测试专区
LUA:2026-07-20 11:28:11:(Error)	[SelectServerDiag] GetDefaultSelectAreaName keep selectArea=测试专区 serverCount=1
LUA:2026-07-20 11:28:11:(Error)	[SelectServerDiag] InitAreaList selectedArea=测试专区
LUA:2026-07-20 11:28:11:(Error)	[SelectServerDiag] InitAreaList create areaCell index=1 id=0 name=推荐 selected=测试专区 serverCount=2
LUA:2026-07-20 11:28:11:(Error)	[SelectServerDiag] InitAreaList create areaCell index=2 id=1 name=测试专区 selected=测试专区 serverCount=1
LUA:2026-07-20 11:28:11:(Error)	[SelectServerDiag] InitAreaList create areaCell index=3 id=2 name=畅玩2026 selected=测试专区 serverCount=2
LUA:2026-07-20 11:28:11:(Error)	[SelectServerDiag] InitAreaList end createdAreaCells=3 selected=测试专区
LUA:2026-07-20 11:28:11:(Error)	[SelectServerDiag] OnCreate after InitAreaList areaCells=3 selectArea=测试专区
LUA:2026-07-20 11:28:11:(Error)	[SelectServerDiag] ClearAllServerCells count=0
LUA:2026-07-20 11:28:11:(Error)	[SelectServerDiag] RefreshServerCells begin selectedArg=测试专区 selfSelect=测试专区 areaMapCount=3
LUA:2026-07-20 11:28:11:(Error)	[SelectServerDiag] RefreshServerCells selectedAreaFound=true selectedAreaName=测试专区 serverCount=1 lastSelectID=-1
LUA:2026-07-20 11:28:11:(Error)	[SelectServerDiag] RefreshServerCells before sort serverTableCount=1 selectedLast=-1
LUA:2026-07-20 11:28:11:(Error)	[SelectServerDiag] RefreshServerCells create serverCell index=1 serverid=1000000001 name=技术测试 orgid=1000000001 sort=999999
LUA:2026-07-20 11:28:11:(Error)	[SelectServerDiag] RefreshServerCells created serverCells=1 finalSelected=1000000001
LUA:2026-07-20 11:28:11:(Error)	[SelectServerDiag] DeselectOtherServerBtn selectArea=测试专区 serverCells=1
LUA:2026-07-20 11:28:11:(Error)	[SelectServerDiag] DeselectOtherServerBtn selectArea=测试专区 serverCells=1
LUA:2026-07-20 11:28:11:(Error)	[SelectServerDiag] OnCreate after RefreshServerCells serverCells=1 selectArea=测试专区
LUA:2026-07-20 11:28:11:(Error)	[SelectServerDiag] SelectCurrentAreaBtn selectArea=测试专区 areaCells=3
LUA:2026-07-20 11:28:11:(Error)	[SelectServerDiag] DeselectOtherServerBtn selectArea=测试专区 serverCells=1
LUA:2026-07-20 11:28:11:(Error)	[LoginFlow][SelectServerEntryDiag] OpenSelectServersDialog after SelectServersDialog.getInstanceAndShow
2026-07-20 11:28:12:(Warn)	[LoginFlow] OnAutoFailed op=7 e=0 accountLen=0 detail=server attr
2026-07-20 11:28:12:(Warn)	[LoginFlow] OnAutoFailed op=3 e=0 accountLen=0 detail=server attr;
LUA:2026-07-20 11:28:14:(Error)	[SelectServerDiag] ClearAllServerCells count=1
LUA:2026-07-20 11:28:14:(Error)	[SelectServerDiag] ClearAllAreaCells count=3
LUA:2026-07-20 11:28:14:(Error)	[LoginFlow][SelectServerEntryDiag] getInstanceAndShow autoArg=nil currentAuto=false loadServerSuccess=false hasInstance=false
LUA:2026-07-20 11:28:14:(Error)	[LoginFlow][SelectServerEntryDiag] connetGetServerInfo serverCount=3 loadServerSuccess=false autoOpen=false
LUA:2026-07-20 11:28:14:(Error)	[SelectServerDiag] OnInit begin serverCount=3
LUA:2026-07-20 11:28:14:(Error)	[SelectServerDiag] OnInit server index=0 area=测试专区 name=技术测试 serverid=1000000001 groupKey=1000000001 ip=193.112.65.157 port=42001 flag=3 status=0
LUA:2026-07-20 11:28:14:(Error)	[SelectServerDiag] OnInit server index=1 area=畅玩2026 name=苍穹01区 serverid=1000000002 groupKey=1000000002 ip=193.112.65.157 port=42002 flag=2 status=0
LUA:2026-07-20 11:28:14:(Error)	[SelectServerDiag] OnInit server index=2 area=畅玩2026 name=苍穹02区 serverid=1101961002 groupKey=1101961002 ip=193.112.65.157 port=42003 flag=2 status=0
LUA:2026-07-20 11:28:14:(Error)	[SelectServerDiag] OnInit end areaMapCount=3 recommendArea=推荐 recommendCount=2
LUA:2026-07-20 11:28:14:(Error)	[LoginFlow][SelectServerEntryDiag] checkLoad host=193.112.65.157 port=42001 key=1000000001
2026-07-20 11:28:14:(Warn)	[LoginFlow] OnAutoFailed op=7 e=0 accountLen=0 detail=server attr
LUA:2026-07-20 11:28:14:(Error)	[LoginFlow][SelectServerEntryDiag] SetServerLoad serverKey=1000000001 serverLoad=1
LUA:2026-07-20 11:28:14:(Error)	[LoginFlow][SelectServerEntryDiag] setServerStatus matched serverid=1000000001 serverLoad=1
2026-07-20 11:28:14:(Warn)	[LoginFlow] OnAutoFailed op=3 e=0 accountLen=0 detail=server attr;
LUA:2026-07-20 11:28:14:(Error)	[LoginFlow][SelectServerEntryDiag] setServerStatus matched serverid=1000000001 serverLoad=1
LUA:2026-07-20 11:28:15:(Error)	[LoginFlow][SelectServerEntryDiag] HandleLoginBtnClick serverLoad=1 serverid=1000000001 status=0 loadHead=true loadKey=1000000001 loadState=1
LUA:2026-07-20 11:28:15:(Error)	[LoginFlow][SelectServerEntryDiag] DoEnterGame serverid=1000000001 couldEntry=true
LUA:2026-07-20 11:28:15:(Error)	[LoginFlow][SelectServerEntryDiag] LoginGame begin accountLen=6 keyLen=6 channelLen=0
LUA:2026-07-20 11:28:15:(Error)	[LoginFlow][SelectServerEntryDiag] LoginGame CreateConnection before serverid=1000000001 servername=技术测试 area=测试专区 host=193.112.65.157 port=42001 connectAccountLen=6 hasComma=false
LUA:2026-07-20 11:28:15:(Error)	[LoginFlow][SelectServerEntryDiag] LoginGame CreateConnection returned
LUA:2026-07-20 11:28:15:(Error)	[LoginFlow][SelectServerEntryDiag] LoginGame security type set
LUA:2026-07-20 11:28:15:(Error)	[LoginFlow][SelectServerEntryDiag] LoginGame waiting dialog shown
2026-07-20 11:28:15:(Warn)	macAddress = 04:42:1A:A8:63:75, ipAddress = 172.22.208.1
2026-07-20 11:28:15:(Error)	ERROR: LJFMOpen::OpenFile(name:/effect/geffect/skill/mt3_ss_da/mt3_ss_da_1.eff.inf))

2026-07-20 11:28:15:(Error)	ERROR: LJFMOpen::OpenFile(name:/effect/geffect/skill/mt3_ss_da/mt3_ss_da_2.eff.inf))

2026-07-20 11:28:15:(Error)	ERROR: LJFMOpen::OpenFile(name:/effect/geffect/skill/mt3_dly_3/mt3_dly_3_shouji.eff.inf))

2026-07-20 11:28:15:(Error)	ERROR: LJFMOpen::OpenFile(name:/effect/geffect/skill/mt3_ms_3/mt3_ms_3.eff.inf))

2026-07-20 11:28:15:(Error)	ERROR: LJFMOpen::OpenFile(name:/effect/geffect/skill/mt3_fs_da/mt3_fs_da_shouji.eff.inf))

2026-07-20 11:28:15:(Error)	ERROR: LJFMOpen::OpenFile(name:/effect/geffect/skill/mt3_ms_da/mt3_ms_da.eff.inf))

2026-07-20 11:28:15:(Error)	ERROR: LJFMOpen::OpenFile(name:/effect/geffect/skill/mt_ari/ziyidie_1.eff.inf))

2026-07-20 11:28:15:(Error)	ERROR: LJFMOpen::OpenFile(name:/effect/geffect/skill/mt_ari/ziyidie_2.eff.inf))

2026-07-20 11:28:15:(Error)	ERROR: LJFMOpen::OpenFile(name:/effect/geffect/skill/mt_ari/mt_tiandingzhiguo_shang_1.eff.inf))

2026-07-20 11:28:15:(Error)	ERROR: LJFMOpen::OpenFile(name:/effect/geffect/skill/mt_ari/mt_tiandingzhiguo_shang_2.eff.inf))

2026-07-20 11:28:15:(Error)	ERROR: LJFMOpen::OpenFile(name:/effect/geffect/skill/mt3_wq_jifengshu/mt3_wq_jifengshu.eff.inf))

2026-07-20 11:28:15:(Error)	ERROR: LJFMOpen::OpenFile(name:/effect/geffect/skill/mt3_fs_2/mt3_fs_2_shifa_shang.eff.inf))

2026-07-20 11:28:15:(Error)	ERROR: LJFMOpen::OpenFile(name:/effect/geffect/skill/mt3_dly_6/mt3_dly_6.eff.inf))

2026-07-20 11:28:15:(Error)	ERROR: LJFMOpen::OpenFile(name:/effect/geffect/skill/mt3_dz_5/mt3_dz_5.eff.inf))

2026-07-20 11:28:15:(Error)	ERROR: LJFMOpen::OpenFile(name:/effect/geffect/skill/mt_ari/mt3_flzt.eff.inf))

2026-07-20 11:28:15:(Error)	ERROR: LJFMOpen::OpenFile(name:/effect/geffect/skill/mt3_fs_5/mt3_fs_5.eff.inf))

2026-07-20 11:28:15:(Error)	ERROR: LJFMOpen::OpenFile(name:/effect/geffect/skill/aobao_hit/aobao_hit.eff.inf))

2026-07-20 11:28:15:(Error)	ERROR: LJFMOpen::OpenFile(name:/effect/geffect/skill/acc3-st/Cc.yj.eff.inf))

2026-07-20 11:28:15:(Error)	ERROR: LJFMOpen::OpenFile(name:/effect/geffect/skill/mt_shouliezitai/mt_shouliezitai.eff.inf))

2026-07-20 11:28:15:(Error)	ERROR: LJFMOpen::OpenFile(name:/effect/geffect/skill/mt_tiandingzhiguo/mt_tiandingzhiguo_shang_1.eff.inf))

2026-07-20 11:28:15:(Error)	ERROR: LJFMOpen::OpenFile(name:/effect/geffect/skill/mt_tiandingzhiguo/mt_tiandingzhiguo_shang_2.eff.inf))

2026-07-20 11:28:15:(Error)	ERROR: LJFMOpen::OpenFile(name:/effect/geffect/skill/mt_tiandingzhiguo/mt_tiandingzhiguo_xia.eff.inf))

2026-07-20 11:28:15:(Error)	ERROR: LJFMOpen::OpenFile(name:/effect/geffect/skill/mt_shenyuzenan/mt_shenyuzenan_mingzhong.eff.inf))

2026-07-20 11:28:15:(Error)	ERROR: LJFMOpen::OpenFile(name:/effect/geffect/skill/mt3_wq_poxuekuanggong/mt3_wq_poxuekuanggong.eff.inf))

2026-07-20 11:28:15:(Error)	ERROR: LJFMOpen::OpenFile(name:/effect/geffect/skill/mt_guai_taishanyading/mt_guai_taishanyading.eff.inf))

2026-07-20 11:28:15:(Error)	ERROR: LJFMOpen::OpenFile(name:/effect/geffect/skill/mt3_pet_leishenzhinu/mt3_pet_leitingzhinu_1.eff.inf))

2026-07-20 11:28:15:(Error)	ERROR: LJFMOpen::OpenFile(name:/effect/geffect/skill/mt3_pet_leishenzhinu/mt3_pet_leitingzhinu_2.eff.inf))

2026-07-20 11:28:15:(Error)	ERROR: LJFMOpen::OpenFile(name:/effect/geffect/skill/mt3_lr_5/shengmingxianji_shouji.eff.inf))

2026-07-20 11:28:16:(Error)	ERROR: LJFMOpen::OpenFile(name:/map/map_1631_zhanshenshan/goto.dat))

2026-07-20 11:28:16:(Error)	ERROR: LJFMOpen::OpenFile(name:/map/map_1631_zhanshenshan/npc.dat))

2026-07-20 11:28:16:(Error)	ERROR: LJFMOpen::OpenFile(name:/effect/animation/sprite/di/di2_res000.dds))

2026-07-20 11:28:18:(Error)	ERROR: LJFMOpen::OpenFile(name:/effect/animation/ui/dianji/putong/zhiyin_res000.dds))

2026-07-20 11:28:20:(Error)	ERROR: LJFMOpen::OpenFile(name:/effect/animation/targetring_res000.dds))

2026-07-20 11:28:29:(Error)	ERROR: LJFMOpen::OpenFile(name:/effect/particle/texture/animation/a00030_2x1.dds))

LUA:2026-07-20 11:28:38:(Warn)	table CStringRes can't find ID:1660
2026-07-20 11:28:42:(Error)	ERROR: LJFMOpen::OpenFile(name:/effect/animation/ui/My_texiao/my_rwsz_sel.ani))

LUA:2026-07-20 13:08:01:(Error)	loginBg.OnCreate step=enter
LUA:2026-07-20 13:08:01:(Error)	loginBg.OnCreate step=after Dialog.OnCreate
LUA:2026-07-20 13:08:01:(Error)	loginBg.OnCreate step=after WindowManager
LUA:2026-07-20 13:08:01:(Error)	loginBg.OnCreate step=after getWindow
LUA:2026-07-20 13:08:01:(Error)	loginBg.OnCreate step=after GetScreenPosOfCenter
LUA:2026-07-20 13:08:01:(Error)	loginBg.OnCreate step=after NuclearPoint
LUA:2026-07-20 13:08:01:(Error)	loginBg.OnCreate step=after UISpineSprite.new
LUA:2026-07-20 13:08:01:(Error)	loginBg.OnCreate step=after SetUILocation
LUA:2026-07-20 13:08:01:(Error)	loginBg.OnCreate step=after setRenderEffect
LUA:2026-07-20 13:08:01:(Error)	loginBg.OnCreate step=leave
2026-07-20 13:08:01:(Error)	ERROR: LJFMOpen::GetFullPathFileName(name:/cfg/video/MT3.wmv))

LUA:2026-07-20 13:08:01:(Error)	LoginQuickDialog.getInstanceAndShow enter
LUA:2026-07-20 13:08:01:(Error)	LoginQuickDialog.OnCreate enter
LUA:2026-07-20 13:08:01:(Error)	LoginQuickDialog.OnCreate LoginBtn1 bound
LUA:2026-07-20 13:08:01:(Error)	LoginQuickDialog.getInstanceAndShow leave
LUA:2026-07-20 13:08:03:(Error)	LoginQuickDialog.HandleLoginMouseClicked enter
LUA:2026-07-20 13:08:03:(Error)	LoginQuickDialog.HandleLoginMouseClicked leave
2026-07-20 13:08:04:(Warn)	[LoginHTTP] response missing credential; using submitted credential fallback register=0 accountLen=6
LUA:2026-07-20 13:08:04:(Error)	[LoginFlow][SelectServerEntryDiag] getInstanceAndShow autoArg=true currentAuto=false loadServerSuccess=false hasInstance=false
LUA:2026-07-20 13:08:04:(Error)	[LoginFlow][SelectServerEntryDiag] connetGetServerInfo serverCount=0 loadServerSuccess=false autoOpen=true
LUA:2026-07-20 13:08:04:(Error)	[LoginFlow][SelectServerEntryDiag] SetGetServerResult result=1 autoOpen=true hasInstance=true
LUA:2026-07-20 13:08:04:(Error)	[SelectServerDiag] OnInit begin serverCount=3
LUA:2026-07-20 13:08:04:(Error)	[SelectServerDiag] OnInit server index=0 area=测试专区 name=技术测试 serverid=1000000001 groupKey=1000000001 ip=193.112.65.157 port=42001 flag=3 status=0
LUA:2026-07-20 13:08:04:(Error)	[SelectServerDiag] OnInit server index=1 area=畅玩2026 name=苍穹01区 serverid=1000000002 groupKey=1000000002 ip=193.112.65.157 port=42002 flag=2 status=0
LUA:2026-07-20 13:08:04:(Error)	[SelectServerDiag] OnInit server index=2 area=畅玩2026 name=苍穹02区 serverid=1101961002 groupKey=1101961002 ip=193.112.65.157 port=42003 flag=2 status=0
LUA:2026-07-20 13:08:04:(Error)	[SelectServerDiag] OnInit end areaMapCount=3 recommendArea=推荐 recommendCount=2
LUA:2026-07-20 13:08:04:(Error)	[LoginFlow][SelectServerEntryDiag] checkLoad host=193.112.65.157 port=42001 key=1000000001
LUA:2026-07-20 13:08:04:(Error)	[LoginFlow][SelectServerEntryDiag] OpenSelectServersDialog begin loadServerSuccess=true autoOpen=true hasServer=true selectArea=测试专区 selectServer=技术测试
LUA:2026-07-20 13:08:04:(Error)	[LoginFlow][SelectServerEntryDiag] OpenSelectServersDialog before ToServerChoose
LUA:2026-07-20 13:08:04:(Error)	[LoginFlow][SelectServerEntryDiag] OpenSelectServersDialog after ToServerChoose selectArea=测试专区 selectServer=技术测试
LUA:2026-07-20 13:08:04:(Error)	[LoginFlow][SelectServerEntryDiag] OpenSelectServersDialog before SelectServersDialog.getInstanceAndShow
LUA:2026-07-20 13:08:04:(Error)	[SelectServerDiag] OnCreate begin
LUA:2026-07-20 13:08:04:(Error)	[SelectServerDiag] OnCreate windows ok okBtn=true returnBtn=true serverPane=true areaPane=true
LUA:2026-07-20 13:08:04:(Error)	[SelectServerDiag] OnInit begin serverCount=3
LUA:2026-07-20 13:08:04:(Error)	[SelectServerDiag] OnInit server index=0 area=测试专区 name=技术测试 serverid=1000000001 groupKey=1000000001 ip=193.112.65.157 port=42001 flag=3 status=0
LUA:2026-07-20 13:08:04:(Error)	[SelectServerDiag] OnInit server index=1 area=畅玩2026 name=苍穹01区 serverid=1000000002 groupKey=1000000002 ip=193.112.65.157 port=42002 flag=2 status=0
LUA:2026-07-20 13:08:04:(Error)	[SelectServerDiag] OnInit server index=2 area=畅玩2026 name=苍穹02区 serverid=1101961002 groupKey=1101961002 ip=193.112.65.157 port=42003 flag=2 status=0
LUA:2026-07-20 13:08:04:(Error)	[SelectServerDiag] OnInit end areaMapCount=3 recommendArea=推荐 recommendCount=2
LUA:2026-07-20 13:08:04:(Error)	[SelectServerDiag] OnCreate after OnInit areaMapCount=3 selectArea=nil
LUA:2026-07-20 13:08:04:(Error)	[SelectServerDiag] InitAreaList begin areaMapCount=3 currentSelect=nil
LUA:2026-07-20 13:08:04:(Error)	[SelectServerDiag] InitAreaList sorted area id=0 name=推荐 serverCount=2
LUA:2026-07-20 13:08:04:(Error)	[SelectServerDiag] InitAreaList sorted area id=1 name=测试专区 serverCount=1
LUA:2026-07-20 13:08:04:(Error)	[SelectServerDiag] InitAreaList sorted area id=2 name=畅玩2026 serverCount=2
LUA:2026-07-20 13:08:04:(Error)	[SelectServerDiag] GetDefaultSelectAreaName begin selfSelect=nil areaSortCount=3
LUA:2026-07-20 13:08:04:(Error)	[SelectServerDiag] GetDefaultSelectAreaName loginManagerSelect=测试专区
LUA:2026-07-20 13:08:04:(Error)	[SelectServerDiag] GetDefaultSelectAreaName keep selectArea=测试专区 serverCount=1
LUA:2026-07-20 13:08:04:(Error)	[SelectServerDiag] InitAreaList selectedArea=测试专区
LUA:2026-07-20 13:08:04:(Error)	[SelectServerDiag] InitAreaList create areaCell index=1 id=0 name=推荐 selected=测试专区 serverCount=2
LUA:2026-07-20 13:08:04:(Error)	[SelectServerDiag] InitAreaList create areaCell index=2 id=1 name=测试专区 selected=测试专区 serverCount=1
LUA:2026-07-20 13:08:04:(Error)	[SelectServerDiag] InitAreaList create areaCell index=3 id=2 name=畅玩2026 selected=测试专区 serverCount=2
LUA:2026-07-20 13:08:04:(Error)	[SelectServerDiag] InitAreaList end createdAreaCells=3 selected=测试专区
LUA:2026-07-20 13:08:04:(Error)	[SelectServerDiag] OnCreate after InitAreaList areaCells=3 selectArea=测试专区
LUA:2026-07-20 13:08:04:(Error)	[SelectServerDiag] ClearAllServerCells count=0
LUA:2026-07-20 13:08:04:(Error)	[SelectServerDiag] RefreshServerCells begin selectedArg=测试专区 selfSelect=测试专区 areaMapCount=3
LUA:2026-07-20 13:08:04:(Error)	[SelectServerDiag] RefreshServerCells selectedAreaFound=true selectedAreaName=测试专区 serverCount=1 lastSelectID=-1
LUA:2026-07-20 13:08:04:(Error)	[SelectServerDiag] RefreshServerCells before sort serverTableCount=1 selectedLast=-1
LUA:2026-07-20 13:08:04:(Error)	[SelectServerDiag] RefreshServerCells create serverCell index=1 serverid=1000000001 name=技术测试 orgid=1000000001 sort=999999
LUA:2026-07-20 13:08:04:(Error)	[SelectServerDiag] RefreshServerCells created serverCells=1 finalSelected=1000000001
LUA:2026-07-20 13:08:04:(Error)	[SelectServerDiag] DeselectOtherServerBtn selectArea=测试专区 serverCells=1
LUA:2026-07-20 13:08:04:(Error)	[SelectServerDiag] DeselectOtherServerBtn selectArea=测试专区 serverCells=1
LUA:2026-07-20 13:08:04:(Error)	[SelectServerDiag] OnCreate after RefreshServerCells serverCells=1 selectArea=测试专区
LUA:2026-07-20 13:08:04:(Error)	[SelectServerDiag] SelectCurrentAreaBtn selectArea=测试专区 areaCells=3
LUA:2026-07-20 13:08:04:(Error)	[SelectServerDiag] DeselectOtherServerBtn selectArea=测试专区 serverCells=1
LUA:2026-07-20 13:08:04:(Error)	[LoginFlow][SelectServerEntryDiag] OpenSelectServersDialog after SelectServersDialog.getInstanceAndShow
2026-07-20 13:08:04:(Warn)	[LoginFlow] OnAutoFailed op=7 e=0 accountLen=0 detail=server attr
2026-07-20 13:08:04:(Warn)	[LoginFlow] OnAutoFailed op=3 e=0 accountLen=0 detail=server attr;
LUA:2026-07-20 13:08:07:(Error)	[SelectServerDiag] ClearAllServerCells count=1
LUA:2026-07-20 13:08:07:(Error)	[SelectServerDiag] ClearAllAreaCells count=3
LUA:2026-07-20 13:08:07:(Error)	[LoginFlow][SelectServerEntryDiag] getInstanceAndShow autoArg=nil currentAuto=false loadServerSuccess=false hasInstance=false
LUA:2026-07-20 13:08:07:(Error)	[LoginFlow][SelectServerEntryDiag] connetGetServerInfo serverCount=3 loadServerSuccess=false autoOpen=false
LUA:2026-07-20 13:08:07:(Error)	[SelectServerDiag] OnInit begin serverCount=3
LUA:2026-07-20 13:08:07:(Error)	[SelectServerDiag] OnInit server index=0 area=测试专区 name=技术测试 serverid=1000000001 groupKey=1000000001 ip=193.112.65.157 port=42001 flag=3 status=0
LUA:2026-07-20 13:08:07:(Error)	[SelectServerDiag] OnInit server index=1 area=畅玩2026 name=苍穹01区 serverid=1000000002 groupKey=1000000002 ip=193.112.65.157 port=42002 flag=2 status=0
LUA:2026-07-20 13:08:07:(Error)	[SelectServerDiag] OnInit server index=2 area=畅玩2026 name=苍穹02区 serverid=1101961002 groupKey=1101961002 ip=193.112.65.157 port=42003 flag=2 status=0
LUA:2026-07-20 13:08:07:(Error)	[SelectServerDiag] OnInit end areaMapCount=3 recommendArea=推荐 recommendCount=2
LUA:2026-07-20 13:08:07:(Error)	[LoginFlow][SelectServerEntryDiag] checkLoad host=193.112.65.157 port=42001 key=1000000001
2026-07-20 13:08:07:(Warn)	[LoginFlow] OnAutoFailed op=7 e=0 accountLen=0 detail=server attr
LUA:2026-07-20 13:08:07:(Error)	[LoginFlow][SelectServerEntryDiag] SetServerLoad serverKey=1000000001 serverLoad=1
LUA:2026-07-20 13:08:07:(Error)	[LoginFlow][SelectServerEntryDiag] setServerStatus matched serverid=1000000001 serverLoad=1
2026-07-20 13:08:07:(Warn)	[LoginFlow] OnAutoFailed op=3 e=0 accountLen=0 detail=server attr;
LUA:2026-07-20 13:08:07:(Error)	[LoginFlow][SelectServerEntryDiag] setServerStatus matched serverid=1000000001 serverLoad=1
LUA:2026-07-20 13:08:07:(Error)	[LoginFlow][SelectServerEntryDiag] HandleLoginBtnClick serverLoad=1 serverid=1000000001 status=0 loadHead=true loadKey=1000000001 loadState=1
LUA:2026-07-20 13:08:07:(Error)	[LoginFlow][SelectServerEntryDiag] DoEnterGame serverid=1000000001 couldEntry=true
LUA:2026-07-20 13:08:07:(Error)	[LoginFlow][SelectServerEntryDiag] LoginGame begin accountLen=6 keyLen=6 channelLen=0
LUA:2026-07-20 13:08:07:(Error)	[LoginFlow][SelectServerEntryDiag] LoginGame CreateConnection before serverid=1000000001 servername=技术测试 area=测试专区 host=193.112.65.157 port=42001 connectAccountLen=6 hasComma=false
LUA:2026-07-20 13:08:07:(Error)	[LoginFlow][SelectServerEntryDiag] LoginGame CreateConnection returned
LUA:2026-07-20 13:08:07:(Error)	[LoginFlow][SelectServerEntryDiag] LoginGame security type set
LUA:2026-07-20 13:08:07:(Error)	[LoginFlow][SelectServerEntryDiag] LoginGame waiting dialog shown
2026-07-20 13:08:07:(Warn)	macAddress = 04:42:1A:A8:63:75, ipAddress = 172.22.208.1
2026-07-20 13:08:08:(Error)	ERROR: LJFMOpen::OpenFile(name:/effect/geffect/skill/mt3_ss_da/mt3_ss_da_1.eff.inf))

2026-07-20 13:08:08:(Error)	ERROR: LJFMOpen::OpenFile(name:/effect/geffect/skill/mt3_ss_da/mt3_ss_da_2.eff.inf))

2026-07-20 13:08:08:(Error)	ERROR: LJFMOpen::OpenFile(name:/effect/geffect/skill/mt3_dly_3/mt3_dly_3_shouji.eff.inf))

2026-07-20 13:08:08:(Error)	ERROR: LJFMOpen::OpenFile(name:/effect/geffect/skill/mt3_ms_3/mt3_ms_3.eff.inf))

2026-07-20 13:08:08:(Error)	ERROR: LJFMOpen::OpenFile(name:/effect/geffect/skill/mt3_fs_da/mt3_fs_da_shouji.eff.inf))

2026-07-20 13:08:08:(Error)	ERROR: LJFMOpen::OpenFile(name:/effect/geffect/skill/mt3_ms_da/mt3_ms_da.eff.inf))

2026-07-20 13:08:08:(Error)	ERROR: LJFMOpen::OpenFile(name:/effect/geffect/skill/mt_ari/ziyidie_1.eff.inf))

2026-07-20 13:08:08:(Error)	ERROR: LJFMOpen::OpenFile(name:/effect/geffect/skill/mt_ari/ziyidie_2.eff.inf))

2026-07-20 13:08:08:(Error)	ERROR: LJFMOpen::OpenFile(name:/effect/geffect/skill/mt_ari/mt_tiandingzhiguo_shang_1.eff.inf))

2026-07-20 13:08:08:(Error)	ERROR: LJFMOpen::OpenFile(name:/effect/geffect/skill/mt_ari/mt_tiandingzhiguo_shang_2.eff.inf))

2026-07-20 13:08:08:(Error)	ERROR: LJFMOpen::OpenFile(name:/effect/geffect/skill/mt3_wq_jifengshu/mt3_wq_jifengshu.eff.inf))

2026-07-20 13:08:08:(Error)	ERROR: LJFMOpen::OpenFile(name:/effect/geffect/skill/mt3_fs_2/mt3_fs_2_shifa_shang.eff.inf))

2026-07-20 13:08:08:(Error)	ERROR: LJFMOpen::OpenFile(name:/effect/geffect/skill/mt3_dly_6/mt3_dly_6.eff.inf))

2026-07-20 13:08:08:(Error)	ERROR: LJFMOpen::OpenFile(name:/effect/geffect/skill/mt3_dz_5/mt3_dz_5.eff.inf))

2026-07-20 13:08:08:(Error)	ERROR: LJFMOpen::OpenFile(name:/effect/geffect/skill/mt_ari/mt3_flzt.eff.inf))

2026-07-20 13:08:08:(Error)	ERROR: LJFMOpen::OpenFile(name:/effect/geffect/skill/mt3_fs_5/mt3_fs_5.eff.inf))

2026-07-20 13:08:08:(Error)	ERROR: LJFMOpen::OpenFile(name:/effect/geffect/skill/aobao_hit/aobao_hit.eff.inf))

2026-07-20 13:08:08:(Error)	ERROR: LJFMOpen::OpenFile(name:/effect/geffect/skill/acc3-st/Cc.yj.eff.inf))

2026-07-20 13:08:08:(Error)	ERROR: LJFMOpen::OpenFile(name:/effect/geffect/skill/mt_shouliezitai/mt_shouliezitai.eff.inf))

2026-07-20 13:08:08:(Error)	ERROR: LJFMOpen::OpenFile(name:/effect/geffect/skill/mt_tiandingzhiguo/mt_tiandingzhiguo_shang_1.eff.inf))

2026-07-20 13:08:08:(Error)	ERROR: LJFMOpen::OpenFile(name:/effect/geffect/skill/mt_tiandingzhiguo/mt_tiandingzhiguo_shang_2.eff.inf))

2026-07-20 13:08:08:(Error)	ERROR: LJFMOpen::OpenFile(name:/effect/geffect/skill/mt_tiandingzhiguo/mt_tiandingzhiguo_xia.eff.inf))

2026-07-20 13:08:08:(Error)	ERROR: LJFMOpen::OpenFile(name:/effect/geffect/skill/mt_shenyuzenan/mt_shenyuzenan_mingzhong.eff.inf))

2026-07-20 13:08:08:(Error)	ERROR: LJFMOpen::OpenFile(name:/effect/geffect/skill/mt3_wq_poxuekuanggong/mt3_wq_poxuekuanggong.eff.inf))

2026-07-20 13:08:08:(Error)	ERROR: LJFMOpen::OpenFile(name:/effect/geffect/skill/mt_guai_taishanyading/mt_guai_taishanyading.eff.inf))

2026-07-20 13:08:08:(Error)	ERROR: LJFMOpen::OpenFile(name:/effect/geffect/skill/mt3_pet_leishenzhinu/mt3_pet_leitingzhinu_1.eff.inf))

2026-07-20 13:08:08:(Error)	ERROR: LJFMOpen::OpenFile(name:/effect/geffect/skill/mt3_pet_leishenzhinu/mt3_pet_leitingzhinu_2.eff.inf))

2026-07-20 13:08:08:(Error)	ERROR: LJFMOpen::OpenFile(name:/effect/geffect/skill/mt3_lr_5/shengmingxianji_shouji.eff.inf))

2026-07-20 13:08:08:(Error)	ERROR: LJFMOpen::OpenFile(name:/map/map_1631_zhanshenshan/goto.dat))

2026-07-20 13:08:08:(Error)	ERROR: LJFMOpen::OpenFile(name:/map/map_1631_zhanshenshan/npc.dat))

2026-07-20 13:08:08:(Error)	ERROR: LJFMOpen::OpenFile(name:/effect/animation/sprite/di/di2_res000.dds))

2026-07-20 13:08:10:(Error)	ERROR: LJFMOpen::OpenFile(name:/effect/animation/ui/dianji/putong/zhiyin_res000.dds))

2026-07-20 13:08:12:(Error)	ERROR: LJFMOpen::OpenFile(name:/effect/geffect/sprite/npc/Add10xzise..eff.inf))

2026-07-20 13:08:46:(Error)	ERROR: LJFMOpen::OpenFile(name:/effect/geffect/sprite/npc/106.eff.inf))

2026-07-20 13:08:47:(Error)	ERROR: LJFMOpen::OpenFile(name:/effect/animation/sprite/npc/ercichenghao/menpaidaoshi_res000.dds))

2026-07-20 13:08:47:(Error)	ERROR: LJFMOpen::OpenFile(name:/effect/animation/sprite/npc/ercichenghao/menpaidaoshi_res000.png))

LUA:2026-07-20 13:09:55:(Warn)	table CStringRes can't find ID:1660
LUA:2026-07-22 13:59:42:(Error)	loginBg.OnCreate step=enter
LUA:2026-07-22 13:59:42:(Error)	loginBg.OnCreate step=after Dialog.OnCreate
LUA:2026-07-22 13:59:42:(Error)	loginBg.OnCreate step=after WindowManager
LUA:2026-07-22 13:59:42:(Error)	loginBg.OnCreate step=after getWindow
LUA:2026-07-22 13:59:42:(Error)	loginBg.OnCreate step=after GetScreenPosOfCenter
LUA:2026-07-22 13:59:42:(Error)	loginBg.OnCreate step=after NuclearPoint
LUA:2026-07-22 13:59:42:(Error)	loginBg.OnCreate step=after UISpineSprite.new
LUA:2026-07-22 13:59:42:(Error)	loginBg.OnCreate step=after SetUILocation
LUA:2026-07-22 13:59:42:(Error)	loginBg.OnCreate step=after setRenderEffect
LUA:2026-07-22 13:59:42:(Error)	loginBg.OnCreate step=leave
LUA:2026-07-22 13:59:42:(Error)	LoginQuickDialog.getInstanceAndShow enter
LUA:2026-07-22 13:59:42:(Error)	LoginQuickDialog.OnCreate enter
LUA:2026-07-22 13:59:42:(Error)	LoginQuickDialog.OnCreate LoginBtn1 bound
LUA:2026-07-22 13:59:42:(Error)	LoginQuickDialog.getInstanceAndShow leave
LUA:2026-07-22 13:59:43:(Error)	LoginQuickDialog.HandleLoginMouseClicked enter
LUA:2026-07-22 13:59:43:(Error)	LoginQuickDialog.HandleLoginMouseClicked leave
2026-07-22 13:59:45:(Warn)	[LoginHTTP] response missing credential; using submitted credential fallback register=0 accountLen=6
LUA:2026-07-22 13:59:45:(Error)	[LoginFlow][SelectServerEntryDiag] getInstanceAndShow autoArg=true currentAuto=false loadServerSuccess=false hasInstance=false
LUA:2026-07-22 13:59:45:(Error)	[LoginFlow][SelectServerEntryDiag] connetGetServerInfo serverCount=0 loadServerSuccess=false autoOpen=true
LUA:2026-07-22 13:59:45:(Error)	[LoginFlow][SelectServerEntryDiag] SetGetServerResult result=1 autoOpen=true hasInstance=true
LUA:2026-07-22 13:59:45:(Error)	[SelectServerDiag] OnInit begin serverCount=3
LUA:2026-07-22 13:59:45:(Error)	[SelectServerDiag] OnInit server index=0 area=测试专区 name=技术测试 serverid=1000000001 groupKey=1000000001 ip=193.112.65.157 port=42001 flag=3 status=0
LUA:2026-07-22 13:59:45:(Error)	[SelectServerDiag] OnInit server index=1 area=畅玩2026 name=苍穹01区 serverid=1000000002 groupKey=1000000002 ip=193.112.65.157 port=42002 flag=2 status=0
LUA:2026-07-22 13:59:45:(Error)	[SelectServerDiag] OnInit server index=2 area=畅玩2026 name=苍穹02区 serverid=1101961002 groupKey=1101961002 ip=193.112.65.157 port=42003 flag=2 status=0
LUA:2026-07-22 13:59:45:(Error)	[SelectServerDiag] OnInit end areaMapCount=3 recommendArea=推荐 recommendCount=2
LUA:2026-07-22 13:59:45:(Error)	[LoginFlow][SelectServerEntryDiag] checkLoad host=193.112.65.157 port=42001 key=1000000001
LUA:2026-07-22 13:59:45:(Error)	[LoginFlow][SelectServerEntryDiag] OpenSelectServersDialog begin loadServerSuccess=true autoOpen=true hasServer=true selectArea=测试专区 selectServer=技术测试
LUA:2026-07-22 13:59:45:(Error)	[LoginFlow][SelectServerEntryDiag] OpenSelectServersDialog before ToServerChoose
LUA:2026-07-22 13:59:45:(Error)	[LoginFlow][SelectServerEntryDiag] OpenSelectServersDialog after ToServerChoose selectArea=测试专区 selectServer=技术测试
LUA:2026-07-22 13:59:45:(Error)	[LoginFlow][SelectServerEntryDiag] OpenSelectServersDialog before SelectServersDialog.getInstanceAndShow
LUA:2026-07-22 13:59:45:(Error)	[SelectServerDiag] OnCreate begin
LUA:2026-07-22 13:59:45:(Error)	[SelectServerDiag] OnCreate windows ok okBtn=true returnBtn=true serverPane=true areaPane=true
LUA:2026-07-22 13:59:45:(Error)	[SelectServerDiag] OnInit begin serverCount=3
LUA:2026-07-22 13:59:45:(Error)	[SelectServerDiag] OnInit server index=0 area=测试专区 name=技术测试 serverid=1000000001 groupKey=1000000001 ip=193.112.65.157 port=42001 flag=3 status=0
LUA:2026-07-22 13:59:45:(Error)	[SelectServerDiag] OnInit server index=1 area=畅玩2026 name=苍穹01区 serverid=1000000002 groupKey=1000000002 ip=193.112.65.157 port=42002 flag=2 status=0
LUA:2026-07-22 13:59:45:(Error)	[SelectServerDiag] OnInit server index=2 area=畅玩2026 name=苍穹02区 serverid=1101961002 groupKey=1101961002 ip=193.112.65.157 port=42003 flag=2 status=0
LUA:2026-07-22 13:59:45:(Error)	[SelectServerDiag] OnInit end areaMapCount=3 recommendArea=推荐 recommendCount=2
LUA:2026-07-22 13:59:45:(Error)	[SelectServerDiag] OnCreate after OnInit areaMapCount=3 selectArea=nil
LUA:2026-07-22 13:59:45:(Error)	[SelectServerDiag] InitAreaList begin areaMapCount=3 currentSelect=nil
LUA:2026-07-22 13:59:45:(Error)	[SelectServerDiag] InitAreaList sorted area id=0 name=推荐 serverCount=2
LUA:2026-07-22 13:59:45:(Error)	[SelectServerDiag] InitAreaList sorted area id=1 name=测试专区 serverCount=1
LUA:2026-07-22 13:59:45:(Error)	[SelectServerDiag] InitAreaList sorted area id=2 name=畅玩2026 serverCount=2
LUA:2026-07-22 13:59:45:(Error)	[SelectServerDiag] GetDefaultSelectAreaName begin selfSelect=nil areaSortCount=3
LUA:2026-07-22 13:59:45:(Error)	[SelectServerDiag] GetDefaultSelectAreaName loginManagerSelect=测试专区
LUA:2026-07-22 13:59:45:(Error)	[SelectServerDiag] GetDefaultSelectAreaName keep selectArea=测试专区 serverCount=1
LUA:2026-07-22 13:59:45:(Error)	[SelectServerDiag] InitAreaList selectedArea=测试专区
LUA:2026-07-22 13:59:45:(Error)	[SelectServerDiag] InitAreaList create areaCell index=1 id=0 name=推荐 selected=测试专区 serverCount=2
LUA:2026-07-22 13:59:45:(Error)	[SelectServerDiag] InitAreaList create areaCell index=2 id=1 name=测试专区 selected=测试专区 serverCount=1
LUA:2026-07-22 13:59:45:(Error)	[SelectServerDiag] InitAreaList create areaCell index=3 id=2 name=畅玩2026 selected=测试专区 serverCount=2
LUA:2026-07-22 13:59:45:(Error)	[SelectServerDiag] InitAreaList end createdAreaCells=3 selected=测试专区
LUA:2026-07-22 13:59:45:(Error)	[SelectServerDiag] OnCreate after InitAreaList areaCells=3 selectArea=测试专区
LUA:2026-07-22 13:59:45:(Error)	[SelectServerDiag] ClearAllServerCells count=0
LUA:2026-07-22 13:59:45:(Error)	[SelectServerDiag] RefreshServerCells begin selectedArg=测试专区 selfSelect=测试专区 areaMapCount=3
LUA:2026-07-22 13:59:45:(Error)	[SelectServerDiag] RefreshServerCells selectedAreaFound=true selectedAreaName=测试专区 serverCount=1 lastSelectID=-1
LUA:2026-07-22 13:59:45:(Error)	[SelectServerDiag] RefreshServerCells before sort serverTableCount=1 selectedLast=-1
LUA:2026-07-22 13:59:45:(Error)	[SelectServerDiag] RefreshServerCells create serverCell index=1 serverid=1000000001 name=技术测试 orgid=1000000001 sort=999999
LUA:2026-07-22 13:59:45:(Error)	[SelectServerDiag] RefreshServerCells created serverCells=1 finalSelected=1000000001
LUA:2026-07-22 13:59:45:(Error)	[SelectServerDiag] DeselectOtherServerBtn selectArea=测试专区 serverCells=1
LUA:2026-07-22 13:59:45:(Error)	[SelectServerDiag] DeselectOtherServerBtn selectArea=测试专区 serverCells=1
LUA:2026-07-22 13:59:45:(Error)	[SelectServerDiag] OnCreate after RefreshServerCells serverCells=1 selectArea=测试专区
LUA:2026-07-22 13:59:45:(Error)	[SelectServerDiag] SelectCurrentAreaBtn selectArea=测试专区 areaCells=3
LUA:2026-07-22 13:59:45:(Error)	[SelectServerDiag] DeselectOtherServerBtn selectArea=测试专区 serverCells=1
LUA:2026-07-22 13:59:45:(Error)	[LoginFlow][SelectServerEntryDiag] OpenSelectServersDialog after SelectServersDialog.getInstanceAndShow
2026-07-22 13:59:45:(Warn)	[LoginFlow] OnAutoFailed op=7 e=0 accountLen=0 detail=server attr
2026-07-22 13:59:45:(Warn)	[LoginFlow] OnAutoFailed op=3 e=0 accountLen=0 detail=server attr;
LUA:2026-07-22 13:59:47:(Error)	[SelectServerDiag] ClearAllServerCells count=1
LUA:2026-07-22 13:59:47:(Error)	[SelectServerDiag] ClearAllAreaCells count=3
LUA:2026-07-22 13:59:47:(Error)	[LoginFlow][SelectServerEntryDiag] getInstanceAndShow autoArg=nil currentAuto=false loadServerSuccess=false hasInstance=false
LUA:2026-07-22 13:59:47:(Error)	[LoginFlow][SelectServerEntryDiag] connetGetServerInfo serverCount=3 loadServerSuccess=false autoOpen=false
LUA:2026-07-22 13:59:47:(Error)	[SelectServerDiag] OnInit begin serverCount=3
LUA:2026-07-22 13:59:47:(Error)	[SelectServerDiag] OnInit server index=0 area=测试专区 name=技术测试 serverid=1000000001 groupKey=1000000001 ip=193.112.65.157 port=42001 flag=3 status=0
LUA:2026-07-22 13:59:47:(Error)	[SelectServerDiag] OnInit server index=1 area=畅玩2026 name=苍穹01区 serverid=1000000002 groupKey=1000000002 ip=193.112.65.157 port=42002 flag=2 status=0
LUA:2026-07-22 13:59:47:(Error)	[SelectServerDiag] OnInit server index=2 area=畅玩2026 name=苍穹02区 serverid=1101961002 groupKey=1101961002 ip=193.112.65.157 port=42003 flag=2 status=0
LUA:2026-07-22 13:59:47:(Error)	[SelectServerDiag] OnInit end areaMapCount=3 recommendArea=推荐 recommendCount=2
LUA:2026-07-22 13:59:47:(Error)	[LoginFlow][SelectServerEntryDiag] checkLoad host=193.112.65.157 port=42001 key=1000000001
2026-07-22 13:59:47:(Warn)	[LoginFlow] OnAutoFailed op=7 e=0 accountLen=0 detail=server attr
LUA:2026-07-22 13:59:47:(Error)	[LoginFlow][SelectServerEntryDiag] SetServerLoad serverKey=1000000001 serverLoad=1
LUA:2026-07-22 13:59:47:(Error)	[LoginFlow][SelectServerEntryDiag] setServerStatus matched serverid=1000000001 serverLoad=1
2026-07-22 13:59:47:(Warn)	[LoginFlow] OnAutoFailed op=3 e=0 accountLen=0 detail=server attr;
LUA:2026-07-22 13:59:47:(Error)	[LoginFlow][SelectServerEntryDiag] setServerStatus matched serverid=1000000001 serverLoad=1
LUA:2026-07-22 13:59:48:(Error)	[LoginFlow][SelectServerEntryDiag] HandleLoginBtnClick serverLoad=1 serverid=1000000001 status=0 loadHead=true loadKey=1000000001 loadState=1
LUA:2026-07-22 13:59:48:(Error)	[LoginFlow][SelectServerEntryDiag] DoEnterGame serverid=1000000001 couldEntry=true
LUA:2026-07-22 13:59:48:(Error)	[LoginFlow][SelectServerEntryDiag] LoginGame begin accountLen=6 keyLen=6 channelLen=0
LUA:2026-07-22 13:59:48:(Error)	[LoginFlow][SelectServerEntryDiag] LoginGame CreateConnection before serverid=1000000001 servername=技术测试 area=测试专区 host=193.112.65.157 port=42001 connectAccountLen=6 hasComma=false
LUA:2026-07-22 13:59:48:(Error)	[LoginFlow][SelectServerEntryDiag] LoginGame CreateConnection returned
LUA:2026-07-22 13:59:48:(Error)	[LoginFlow][SelectServerEntryDiag] LoginGame security type set
LUA:2026-07-22 13:59:48:(Error)	[LoginFlow][SelectServerEntryDiag] LoginGame waiting dialog shown
2026-07-22 13:59:48:(Warn)	macAddress = 04:42:1A:A8:63:75, ipAddress = 172.23.48.1
2026-07-22 13:59:48:(Error)	ERROR: LJFMOpen::OpenFile(name:/effect/geffect/skill/mt3_ss_da/mt3_ss_da_1.eff.inf))

2026-07-22 13:59:48:(Error)	ERROR: LJFMOpen::OpenFile(name:/effect/geffect/skill/mt3_ss_da/mt3_ss_da_2.eff.inf))

2026-07-22 13:59:48:(Error)	ERROR: LJFMOpen::OpenFile(name:/effect/geffect/skill/mt3_dly_3/mt3_dly_3_shouji.eff.inf))

2026-07-22 13:59:49:(Error)	ERROR: LJFMOpen::OpenFile(name:/effect/geffect/skill/mt3_ms_3/mt3_ms_3.eff.inf))

2026-07-22 13:59:49:(Error)	ERROR: LJFMOpen::OpenFile(name:/effect/geffect/skill/mt3_fs_da/mt3_fs_da_shouji.eff.inf))

2026-07-22 13:59:49:(Error)	ERROR: LJFMOpen::OpenFile(name:/effect/geffect/skill/mt3_ms_da/mt3_ms_da.eff.inf))

2026-07-22 13:59:49:(Error)	ERROR: LJFMOpen::OpenFile(name:/effect/geffect/skill/mt_ari/ziyidie_1.eff.inf))

2026-07-22 13:59:49:(Error)	ERROR: LJFMOpen::OpenFile(name:/effect/geffect/skill/mt_ari/ziyidie_2.eff.inf))

2026-07-22 13:59:49:(Error)	ERROR: LJFMOpen::OpenFile(name:/effect/geffect/skill/mt_ari/mt_tiandingzhiguo_shang_1.eff.inf))

2026-07-22 13:59:49:(Error)	ERROR: LJFMOpen::OpenFile(name:/effect/geffect/skill/mt_ari/mt_tiandingzhiguo_shang_2.eff.inf))

2026-07-22 13:59:49:(Error)	ERROR: LJFMOpen::OpenFile(name:/effect/geffect/skill/mt3_wq_jifengshu/mt3_wq_jifengshu.eff.inf))

2026-07-22 13:59:49:(Error)	ERROR: LJFMOpen::OpenFile(name:/effect/geffect/skill/mt3_fs_2/mt3_fs_2_shifa_shang.eff.inf))

2026-07-22 13:59:49:(Error)	ERROR: LJFMOpen::OpenFile(name:/effect/geffect/skill/mt3_dly_6/mt3_dly_6.eff.inf))

2026-07-22 13:59:49:(Error)	ERROR: LJFMOpen::OpenFile(name:/effect/geffect/skill/mt3_dz_5/mt3_dz_5.eff.inf))

2026-07-22 13:59:49:(Error)	ERROR: LJFMOpen::OpenFile(name:/effect/geffect/skill/mt_ari/mt3_flzt.eff.inf))

2026-07-22 13:59:49:(Error)	ERROR: LJFMOpen::OpenFile(name:/effect/geffect/skill/mt3_fs_5/mt3_fs_5.eff.inf))

2026-07-22 13:59:49:(Error)	ERROR: LJFMOpen::OpenFile(name:/effect/geffect/skill/aobao_hit/aobao_hit.eff.inf))

2026-07-22 13:59:49:(Error)	ERROR: LJFMOpen::OpenFile(name:/effect/geffect/skill/acc3-st/Cc.yj.eff.inf))

2026-07-22 13:59:49:(Error)	ERROR: LJFMOpen::OpenFile(name:/effect/geffect/skill/mt_shouliezitai/mt_shouliezitai.eff.inf))

2026-07-22 13:59:49:(Error)	ERROR: LJFMOpen::OpenFile(name:/effect/geffect/skill/mt_tiandingzhiguo/mt_tiandingzhiguo_shang_1.eff.inf))

2026-07-22 13:59:49:(Error)	ERROR: LJFMOpen::OpenFile(name:/effect/geffect/skill/mt_tiandingzhiguo/mt_tiandingzhiguo_shang_2.eff.inf))

2026-07-22 13:59:49:(Error)	ERROR: LJFMOpen::OpenFile(name:/effect/geffect/skill/mt_tiandingzhiguo/mt_tiandingzhiguo_xia.eff.inf))

2026-07-22 13:59:49:(Error)	ERROR: LJFMOpen::OpenFile(name:/effect/geffect/skill/mt_shenyuzenan/mt_shenyuzenan_mingzhong.eff.inf))

2026-07-22 13:59:49:(Error)	ERROR: LJFMOpen::OpenFile(name:/effect/geffect/skill/mt3_wq_poxuekuanggong/mt3_wq_poxuekuanggong.eff.inf))

2026-07-22 13:59:49:(Error)	ERROR: LJFMOpen::OpenFile(name:/effect/geffect/skill/mt_guai_taishanyading/mt_guai_taishanyading.eff.inf))

2026-07-22 13:59:49:(Error)	ERROR: LJFMOpen::OpenFile(name:/effect/geffect/skill/mt3_pet_leishenzhinu/mt3_pet_leitingzhinu_1.eff.inf))

2026-07-22 13:59:49:(Error)	ERROR: LJFMOpen::OpenFile(name:/effect/geffect/skill/mt3_pet_leishenzhinu/mt3_pet_leitingzhinu_2.eff.inf))

2026-07-22 13:59:49:(Error)	ERROR: LJFMOpen::OpenFile(name:/effect/geffect/skill/mt3_lr_5/shengmingxianji_shouji.eff.inf))

2026-07-22 13:59:49:(Error)	ERROR: LJFMOpen::OpenFile(name:/map/map_1616_jianyecheng/goto.dat))

2026-07-22 13:59:49:(Error)	ERROR: LJFMOpen::OpenFile(name:/effect/animation/sprite/di/di2_res000.dds))

2026-07-22 13:59:58:(Error)	ERROR: LJFMOpen::OpenFile(name:/effect/geffect/sprite/npc/Add10xzise..eff.inf))

2026-07-22 13:59:59:(Error)	ERROR: LJFMOpen::OpenFile(name:/effect/animation/ui/dianji/putong/zhiyin_res000.dds))

2026-07-22 14:00:09:(Error)	ERROR: LJFMOpen::OpenFile(name:/effect/animation/sprite/zhunbei_res000.dds))

2026-07-22 14:00:13:(Error)	ERROR: LJFMOpen::OpenFile(name:/model/npc-dutu/body/bodyonly/attacked.ani))

2026-07-22 14:00:13:(Error)	ERROR: LJFMOpen::OpenFile(name:/effect/animation/skill/mt3_beiji/mt3_beiji_res000.dds))

2026-07-22 14:00:16:(Error)	ERROR: LJFMOpen::OpenFile(name:/effect/animation/skill/mt_buff/xiuxi_res000.dds))

2026-07-22 14:00:22:(Error)	ERROR: LJFMOpen::OpenFile(name:/model/npc-dutu/body/bodyonly/fightrun.ani))

2026-07-22 14:00:23:(Error)	ERROR: LJFMOpen::GetFullPathFileName(name:/sound/skill/mt3-jc-pg.ogg))

2026-07-22 15:55:20:(Error)	ERROR: LJFMOpen::OpenFile(name:/effect/animation/targetring_res000.dds))

LUA:2026-07-23 12:31:35:(Error)	loginBg.OnCreate step=enter
LUA:2026-07-23 12:31:35:(Error)	loginBg.OnCreate step=after Dialog.OnCreate
LUA:2026-07-23 12:31:35:(Error)	loginBg.OnCreate step=after WindowManager
LUA:2026-07-23 12:31:35:(Error)	loginBg.OnCreate step=after getWindow
LUA:2026-07-23 12:31:35:(Error)	loginBg.OnCreate step=after GetScreenPosOfCenter
LUA:2026-07-23 12:31:35:(Error)	loginBg.OnCreate step=after NuclearPoint
LUA:2026-07-23 12:31:35:(Error)	loginBg.OnCreate step=after UISpineSprite.new
LUA:2026-07-23 12:31:35:(Error)	loginBg.OnCreate step=after SetUILocation
LUA:2026-07-23 12:31:35:(Error)	loginBg.OnCreate step=after setRenderEffect
LUA:2026-07-23 12:31:35:(Error)	loginBg.OnCreate step=leave
LUA:2026-07-23 12:31:35:(Error)	LoginQuickDialog.getInstanceAndShow enter
LUA:2026-07-23 12:31:35:(Error)	LoginQuickDialog.OnCreate enter
LUA:2026-07-23 12:31:35:(Error)	LoginQuickDialog.OnCreate LoginBtn1 bound
LUA:2026-07-23 12:31:35:(Error)	LoginQuickDialog.getInstanceAndShow leave
LUA:2026-07-23 12:31:36:(Error)	LoginQuickDialog.HandleLoginMouseClicked enter
LUA:2026-07-23 12:31:36:(Error)	LoginQuickDialog.HandleLoginMouseClicked leave
2026-07-23 12:31:38:(Warn)	[LoginHTTP] response missing credential; using submitted credential fallback register=0 accountLen=6
LUA:2026-07-23 12:31:38:(Error)	[LoginFlow][SelectServerEntryDiag] getInstanceAndShow autoArg=true currentAuto=false loadServerSuccess=false hasInstance=false
LUA:2026-07-23 12:31:38:(Error)	[LoginFlow][SelectServerEntryDiag] connetGetServerInfo serverCount=0 loadServerSuccess=false autoOpen=true
LUA:2026-07-23 12:31:38:(Error)	[LoginFlow][SelectServerEntryDiag] SetGetServerResult result=1 autoOpen=true hasInstance=true
LUA:2026-07-23 12:31:38:(Error)	[SelectServerDiag] OnInit begin serverCount=3
LUA:2026-07-23 12:31:38:(Error)	[SelectServerDiag] OnInit server index=0 area=测试专区 name=技术测试 serverid=1000000001 groupKey=1000000001 ip=193.112.65.157 port=42001 flag=3 status=0
LUA:2026-07-23 12:31:38:(Error)	[SelectServerDiag] OnInit server index=1 area=畅玩2026 name=苍穹01区 serverid=1000000002 groupKey=1000000002 ip=193.112.65.157 port=42002 flag=2 status=0
LUA:2026-07-23 12:31:38:(Error)	[SelectServerDiag] OnInit server index=2 area=畅玩2026 name=苍穹02区 serverid=1101961002 groupKey=1101961002 ip=193.112.65.157 port=42003 flag=2 status=0
LUA:2026-07-23 12:31:38:(Error)	[SelectServerDiag] OnInit end areaMapCount=3 recommendArea=推荐 recommendCount=2
LUA:2026-07-23 12:31:38:(Error)	[LoginFlow][SelectServerEntryDiag] checkLoad host=193.112.65.157 port=42001 key=1000000001
LUA:2026-07-23 12:31:38:(Error)	[LoginFlow][SelectServerEntryDiag] OpenSelectServersDialog begin loadServerSuccess=true autoOpen=true hasServer=true selectArea=测试专区 selectServer=技术测试
LUA:2026-07-23 12:31:38:(Error)	[LoginFlow][SelectServerEntryDiag] OpenSelectServersDialog before ToServerChoose
LUA:2026-07-23 12:31:38:(Error)	[LoginFlow][SelectServerEntryDiag] OpenSelectServersDialog after ToServerChoose selectArea=测试专区 selectServer=技术测试
LUA:2026-07-23 12:31:38:(Error)	[LoginFlow][SelectServerEntryDiag] OpenSelectServersDialog before SelectServersDialog.getInstanceAndShow
LUA:2026-07-23 12:31:38:(Error)	[SelectServerDiag] OnCreate begin
LUA:2026-07-23 12:31:38:(Error)	[SelectServerDiag] OnCreate windows ok okBtn=true returnBtn=true serverPane=true areaPane=true
LUA:2026-07-23 12:31:38:(Error)	[SelectServerDiag] OnInit begin serverCount=3
LUA:2026-07-23 12:31:38:(Error)	[SelectServerDiag] OnInit server index=0 area=测试专区 name=技术测试 serverid=1000000001 groupKey=1000000001 ip=193.112.65.157 port=42001 flag=3 status=0
LUA:2026-07-23 12:31:38:(Error)	[SelectServerDiag] OnInit server index=1 area=畅玩2026 name=苍穹01区 serverid=1000000002 groupKey=1000000002 ip=193.112.65.157 port=42002 flag=2 status=0
LUA:2026-07-23 12:31:38:(Error)	[SelectServerDiag] OnInit server index=2 area=畅玩2026 name=苍穹02区 serverid=1101961002 groupKey=1101961002 ip=193.112.65.157 port=42003 flag=2 status=0
LUA:2026-07-23 12:31:38:(Error)	[SelectServerDiag] OnInit end areaMapCount=3 recommendArea=推荐 recommendCount=2
LUA:2026-07-23 12:31:38:(Error)	[SelectServerDiag] OnCreate after OnInit areaMapCount=3 selectArea=nil
LUA:2026-07-23 12:31:38:(Error)	[SelectServerDiag] InitAreaList begin areaMapCount=3 currentSelect=nil
LUA:2026-07-23 12:31:38:(Error)	[SelectServerDiag] InitAreaList sorted area id=0 name=推荐 serverCount=2
LUA:2026-07-23 12:31:38:(Error)	[SelectServerDiag] InitAreaList sorted area id=1 name=测试专区 serverCount=1
LUA:2026-07-23 12:31:38:(Error)	[SelectServerDiag] InitAreaList sorted area id=2 name=畅玩2026 serverCount=2
LUA:2026-07-23 12:31:38:(Error)	[SelectServerDiag] GetDefaultSelectAreaName begin selfSelect=nil areaSortCount=3
LUA:2026-07-23 12:31:38:(Error)	[SelectServerDiag] GetDefaultSelectAreaName loginManagerSelect=测试专区
LUA:2026-07-23 12:31:38:(Error)	[SelectServerDiag] GetDefaultSelectAreaName keep selectArea=测试专区 serverCount=1
LUA:2026-07-23 12:31:38:(Error)	[SelectServerDiag] InitAreaList selectedArea=测试专区
LUA:2026-07-23 12:31:38:(Error)	[SelectServerDiag] InitAreaList create areaCell index=1 id=0 name=推荐 selected=测试专区 serverCount=2
LUA:2026-07-23 12:31:38:(Error)	[SelectServerDiag] InitAreaList create areaCell index=2 id=1 name=测试专区 selected=测试专区 serverCount=1
LUA:2026-07-23 12:31:38:(Error)	[SelectServerDiag] InitAreaList create areaCell index=3 id=2 name=畅玩2026 selected=测试专区 serverCount=2
LUA:2026-07-23 12:31:38:(Error)	[SelectServerDiag] InitAreaList end createdAreaCells=3 selected=测试专区
LUA:2026-07-23 12:31:38:(Error)	[SelectServerDiag] OnCreate after InitAreaList areaCells=3 selectArea=测试专区
LUA:2026-07-23 12:31:38:(Error)	[SelectServerDiag] ClearAllServerCells count=0
LUA:2026-07-23 12:31:38:(Error)	[SelectServerDiag] RefreshServerCells begin selectedArg=测试专区 selfSelect=测试专区 areaMapCount=3
LUA:2026-07-23 12:31:38:(Error)	[SelectServerDiag] RefreshServerCells selectedAreaFound=true selectedAreaName=测试专区 serverCount=1 lastSelectID=-1
LUA:2026-07-23 12:31:38:(Error)	[SelectServerDiag] RefreshServerCells before sort serverTableCount=1 selectedLast=-1
LUA:2026-07-23 12:31:38:(Error)	[SelectServerDiag] RefreshServerCells create serverCell index=1 serverid=1000000001 name=技术测试 orgid=1000000001 sort=999999
LUA:2026-07-23 12:31:38:(Error)	[SelectServerDiag] RefreshServerCells created serverCells=1 finalSelected=1000000001
LUA:2026-07-23 12:31:38:(Error)	[SelectServerDiag] DeselectOtherServerBtn selectArea=测试专区 serverCells=1
LUA:2026-07-23 12:31:38:(Error)	[SelectServerDiag] DeselectOtherServerBtn selectArea=测试专区 serverCells=1
LUA:2026-07-23 12:31:38:(Error)	[SelectServerDiag] OnCreate after RefreshServerCells serverCells=1 selectArea=测试专区
LUA:2026-07-23 12:31:38:(Error)	[SelectServerDiag] SelectCurrentAreaBtn selectArea=测试专区 areaCells=3
LUA:2026-07-23 12:31:38:(Error)	[SelectServerDiag] DeselectOtherServerBtn selectArea=测试专区 serverCells=1
LUA:2026-07-23 12:31:38:(Error)	[LoginFlow][SelectServerEntryDiag] OpenSelectServersDialog after SelectServersDialog.getInstanceAndShow
2026-07-23 12:31:38:(Warn)	[LoginFlow] OnAutoFailed op=7 e=0 accountLen=0 detail=server attr
2026-07-23 12:31:38:(Warn)	[LoginFlow] OnAutoFailed op=3 e=0 accountLen=0 detail=server attr;
LUA:2026-07-23 12:31:40:(Error)	[SelectServerDiag] ClearAllServerCells count=1
LUA:2026-07-23 12:31:40:(Error)	[SelectServerDiag] ClearAllAreaCells count=3
LUA:2026-07-23 12:31:40:(Error)	[LoginFlow][SelectServerEntryDiag] getInstanceAndShow autoArg=nil currentAuto=false loadServerSuccess=false hasInstance=false
LUA:2026-07-23 12:31:40:(Error)	[LoginFlow][SelectServerEntryDiag] connetGetServerInfo serverCount=3 loadServerSuccess=false autoOpen=false
LUA:2026-07-23 12:31:40:(Error)	[SelectServerDiag] OnInit begin serverCount=3
LUA:2026-07-23 12:31:40:(Error)	[SelectServerDiag] OnInit server index=0 area=测试专区 name=技术测试 serverid=1000000001 groupKey=1000000001 ip=193.112.65.157 port=42001 flag=3 status=0
LUA:2026-07-23 12:31:40:(Error)	[SelectServerDiag] OnInit server index=1 area=畅玩2026 name=苍穹01区 serverid=1000000002 groupKey=1000000002 ip=193.112.65.157 port=42002 flag=2 status=0
LUA:2026-07-23 12:31:40:(Error)	[SelectServerDiag] OnInit server index=2 area=畅玩2026 name=苍穹02区 serverid=1101961002 groupKey=1101961002 ip=193.112.65.157 port=42003 flag=2 status=0
LUA:2026-07-23 12:31:40:(Error)	[SelectServerDiag] OnInit end areaMapCount=3 recommendArea=推荐 recommendCount=2
LUA:2026-07-23 12:31:40:(Error)	[LoginFlow][SelectServerEntryDiag] checkLoad host=193.112.65.157 port=42001 key=1000000001
2026-07-23 12:31:40:(Warn)	[LoginFlow] OnAutoFailed op=7 e=0 accountLen=0 detail=server attr
LUA:2026-07-23 12:31:40:(Error)	[LoginFlow][SelectServerEntryDiag] SetServerLoad serverKey=1000000001 serverLoad=1
LUA:2026-07-23 12:31:40:(Error)	[LoginFlow][SelectServerEntryDiag] setServerStatus matched serverid=1000000001 serverLoad=1
2026-07-23 12:31:40:(Warn)	[LoginFlow] OnAutoFailed op=3 e=0 accountLen=0 detail=server attr;
LUA:2026-07-23 12:31:40:(Error)	[LoginFlow][SelectServerEntryDiag] setServerStatus matched serverid=1000000001 serverLoad=1
LUA:2026-07-23 12:31:40:(Error)	[LoginFlow][SelectServerEntryDiag] HandleLoginBtnClick serverLoad=1 serverid=1000000001 status=0 loadHead=true loadKey=1000000001 loadState=1
LUA:2026-07-23 12:31:40:(Error)	[LoginFlow][SelectServerEntryDiag] DoEnterGame serverid=1000000001 couldEntry=true
LUA:2026-07-23 12:31:40:(Error)	[LoginFlow][SelectServerEntryDiag] LoginGame begin accountLen=6 keyLen=6 channelLen=0
LUA:2026-07-23 12:31:40:(Error)	[LoginFlow][SelectServerEntryDiag] LoginGame CreateConnection before serverid=1000000001 servername=技术测试 area=测试专区 host=193.112.65.157 port=42001 connectAccountLen=6 hasComma=false
LUA:2026-07-23 12:31:40:(Error)	[LoginFlow][SelectServerEntryDiag] LoginGame CreateConnection returned
LUA:2026-07-23 12:31:40:(Error)	[LoginFlow][SelectServerEntryDiag] LoginGame security type set
LUA:2026-07-23 12:31:40:(Error)	[LoginFlow][SelectServerEntryDiag] LoginGame waiting dialog shown
2026-07-23 12:31:41:(Warn)	macAddress = 04:42:1A:A8:63:75, ipAddress = 172.23.48.1
2026-07-23 12:31:41:(Error)	ERROR: LJFMOpen::OpenFile(name:/effect/geffect/skill/mt3_ss_da/mt3_ss_da_1.eff.inf))

2026-07-23 12:31:41:(Error)	ERROR: LJFMOpen::OpenFile(name:/effect/geffect/skill/mt3_ss_da/mt3_ss_da_2.eff.inf))

2026-07-23 12:31:41:(Error)	ERROR: LJFMOpen::OpenFile(name:/effect/geffect/skill/mt3_dly_3/mt3_dly_3_shouji.eff.inf))

2026-07-23 12:31:41:(Error)	ERROR: LJFMOpen::OpenFile(name:/effect/geffect/skill/mt3_ms_3/mt3_ms_3.eff.inf))

2026-07-23 12:31:41:(Error)	ERROR: LJFMOpen::OpenFile(name:/effect/geffect/skill/mt3_fs_da/mt3_fs_da_shouji.eff.inf))

2026-07-23 12:31:41:(Error)	ERROR: LJFMOpen::OpenFile(name:/effect/geffect/skill/mt3_ms_da/mt3_ms_da.eff.inf))

2026-07-23 12:31:41:(Error)	ERROR: LJFMOpen::OpenFile(name:/effect/geffect/skill/mt_ari/ziyidie_1.eff.inf))

2026-07-23 12:31:41:(Error)	ERROR: LJFMOpen::OpenFile(name:/effect/geffect/skill/mt_ari/ziyidie_2.eff.inf))

2026-07-23 12:31:41:(Error)	ERROR: LJFMOpen::OpenFile(name:/effect/geffect/skill/mt_ari/mt_tiandingzhiguo_shang_1.eff.inf))

2026-07-23 12:31:41:(Error)	ERROR: LJFMOpen::OpenFile(name:/effect/geffect/skill/mt_ari/mt_tiandingzhiguo_shang_2.eff.inf))

2026-07-23 12:31:41:(Error)	ERROR: LJFMOpen::OpenFile(name:/effect/geffect/skill/mt3_wq_jifengshu/mt3_wq_jifengshu.eff.inf))

2026-07-23 12:31:41:(Error)	ERROR: LJFMOpen::OpenFile(name:/effect/geffect/skill/mt3_fs_2/mt3_fs_2_shifa_shang.eff.inf))

2026-07-23 12:31:41:(Error)	ERROR: LJFMOpen::OpenFile(name:/effect/geffect/skill/mt3_dly_6/mt3_dly_6.eff.inf))

2026-07-23 12:31:41:(Error)	ERROR: LJFMOpen::OpenFile(name:/effect/geffect/skill/mt3_dz_5/mt3_dz_5.eff.inf))

2026-07-23 12:31:41:(Error)	ERROR: LJFMOpen::OpenFile(name:/effect/geffect/skill/mt_ari/mt3_flzt.eff.inf))

2026-07-23 12:31:41:(Error)	ERROR: LJFMOpen::OpenFile(name:/effect/geffect/skill/mt3_fs_5/mt3_fs_5.eff.inf))

2026-07-23 12:31:41:(Error)	ERROR: LJFMOpen::OpenFile(name:/effect/geffect/skill/aobao_hit/aobao_hit.eff.inf))

2026-07-23 12:31:41:(Error)	ERROR: LJFMOpen::OpenFile(name:/effect/geffect/skill/acc3-st/Cc.yj.eff.inf))

2026-07-23 12:31:41:(Error)	ERROR: LJFMOpen::OpenFile(name:/effect/geffect/skill/mt_shouliezitai/mt_shouliezitai.eff.inf))

2026-07-23 12:31:41:(Error)	ERROR: LJFMOpen::OpenFile(name:/effect/geffect/skill/mt_tiandingzhiguo/mt_tiandingzhiguo_shang_1.eff.inf))

2026-07-23 12:31:41:(Error)	ERROR: LJFMOpen::OpenFile(name:/effect/geffect/skill/mt_tiandingzhiguo/mt_tiandingzhiguo_shang_2.eff.inf))

2026-07-23 12:31:41:(Error)	ERROR: LJFMOpen::OpenFile(name:/effect/geffect/skill/mt_tiandingzhiguo/mt_tiandingzhiguo_xia.eff.inf))

2026-07-23 12:31:41:(Error)	ERROR: LJFMOpen::OpenFile(name:/effect/geffect/skill/mt_shenyuzenan/mt_shenyuzenan_mingzhong.eff.inf))

2026-07-23 12:31:41:(Error)	ERROR: LJFMOpen::OpenFile(name:/effect/geffect/skill/mt3_wq_poxuekuanggong/mt3_wq_poxuekuanggong.eff.inf))

2026-07-23 12:31:41:(Error)	ERROR: LJFMOpen::OpenFile(name:/effect/geffect/skill/mt_guai_taishanyading/mt_guai_taishanyading.eff.inf))

2026-07-23 12:31:41:(Error)	ERROR: LJFMOpen::OpenFile(name:/effect/geffect/skill/mt3_pet_leishenzhinu/mt3_pet_leitingzhinu_1.eff.inf))

2026-07-23 12:31:41:(Error)	ERROR: LJFMOpen::OpenFile(name:/effect/geffect/skill/mt3_pet_leishenzhinu/mt3_pet_leitingzhinu_2.eff.inf))

2026-07-23 12:31:41:(Error)	ERROR: LJFMOpen::OpenFile(name:/effect/geffect/skill/mt3_lr_5/shengmingxianji_shouji.eff.inf))

2026-07-23 12:31:42:(Error)	ERROR: LJFMOpen::OpenFile(name:/effect/animation/sprite/di/di2_res000.dds))

2026-07-23 12:31:42:(Error)	ERROR: LJFMOpen::OpenFile(name:/effect/geffect/sprite/npc/Add10xzise..eff.inf))

LUA:2026-07-23 12:31:59:(Error)	loginBg.OnCreate step=enter
LUA:2026-07-23 12:31:59:(Error)	loginBg.OnCreate step=after Dialog.OnCreate
LUA:2026-07-23 12:31:59:(Error)	loginBg.OnCreate step=after WindowManager
LUA:2026-07-23 12:31:59:(Error)	loginBg.OnCreate step=after getWindow
LUA:2026-07-23 12:31:59:(Error)	loginBg.OnCreate step=after GetScreenPosOfCenter
LUA:2026-07-23 12:31:59:(Error)	loginBg.OnCreate step=after NuclearPoint
LUA:2026-07-23 12:31:59:(Error)	loginBg.OnCreate step=after UISpineSprite.new
LUA:2026-07-23 12:31:59:(Error)	loginBg.OnCreate step=after SetUILocation
LUA:2026-07-23 12:31:59:(Error)	loginBg.OnCreate step=after setRenderEffect
LUA:2026-07-23 12:31:59:(Error)	loginBg.OnCreate step=leave
LUA:2026-07-23 12:32:00:(Error)	LoginQuickDialog.getInstanceAndShow enter
LUA:2026-07-23 12:32:00:(Error)	LoginQuickDialog.OnCreate enter
LUA:2026-07-23 12:32:00:(Error)	LoginQuickDialog.OnCreate LoginBtn1 bound
LUA:2026-07-23 12:32:00:(Error)	LoginQuickDialog.getInstanceAndShow leave
LUA:2026-07-23 12:32:01:(Error)	LoginQuickDialog.HandleLoginMouseClicked enter
LUA:2026-07-23 12:32:01:(Error)	LoginQuickDialog.HandleLoginMouseClicked leave
2026-07-23 12:32:02:(Warn)	[LoginHTTP] response missing credential; using submitted credential fallback register=0 accountLen=6
LUA:2026-07-23 12:32:02:(Error)	[LoginFlow][SelectServerEntryDiag] getInstanceAndShow autoArg=true currentAuto=false loadServerSuccess=false hasInstance=false
LUA:2026-07-23 12:32:02:(Error)	[LoginFlow][SelectServerEntryDiag] connetGetServerInfo serverCount=0 loadServerSuccess=false autoOpen=true
LUA:2026-07-23 12:32:02:(Error)	[LoginFlow][SelectServerEntryDiag] SetGetServerResult result=1 autoOpen=true hasInstance=true
LUA:2026-07-23 12:32:02:(Error)	[SelectServerDiag] OnInit begin serverCount=3
LUA:2026-07-23 12:32:02:(Error)	[SelectServerDiag] OnInit server index=0 area=测试专区 name=技术测试 serverid=1000000001 groupKey=1000000001 ip=193.112.65.157 port=42001 flag=3 status=0
LUA:2026-07-23 12:32:02:(Error)	[SelectServerDiag] OnInit server index=1 area=畅玩2026 name=苍穹01区 serverid=1000000002 groupKey=1000000002 ip=193.112.65.157 port=42002 flag=2 status=0
LUA:2026-07-23 12:32:02:(Error)	[SelectServerDiag] OnInit server index=2 area=畅玩2026 name=苍穹02区 serverid=1101961002 groupKey=1101961002 ip=193.112.65.157 port=42003 flag=2 status=0
LUA:2026-07-23 12:32:02:(Error)	[SelectServerDiag] OnInit end areaMapCount=3 recommendArea=推荐 recommendCount=2
LUA:2026-07-23 12:32:02:(Error)	[LoginFlow][SelectServerEntryDiag] checkLoad host=193.112.65.157 port=42001 key=1000000001
LUA:2026-07-23 12:32:02:(Error)	[LoginFlow][SelectServerEntryDiag] OpenSelectServersDialog begin loadServerSuccess=true autoOpen=true hasServer=true selectArea=测试专区 selectServer=技术测试
LUA:2026-07-23 12:32:02:(Error)	[LoginFlow][SelectServerEntryDiag] OpenSelectServersDialog before ToServerChoose
LUA:2026-07-23 12:32:02:(Error)	[LoginFlow][SelectServerEntryDiag] OpenSelectServersDialog after ToServerChoose selectArea=测试专区 selectServer=技术测试
LUA:2026-07-23 12:32:02:(Error)	[LoginFlow][SelectServerEntryDiag] OpenSelectServersDialog before SelectServersDialog.getInstanceAndShow
LUA:2026-07-23 12:32:02:(Error)	[SelectServerDiag] OnCreate begin
LUA:2026-07-23 12:32:02:(Error)	[SelectServerDiag] OnCreate windows ok okBtn=true returnBtn=true serverPane=true areaPane=true
LUA:2026-07-23 12:32:02:(Error)	[SelectServerDiag] OnInit begin serverCount=3
LUA:2026-07-23 12:32:02:(Error)	[SelectServerDiag] OnInit server index=0 area=测试专区 name=技术测试 serverid=1000000001 groupKey=1000000001 ip=193.112.65.157 port=42001 flag=3 status=0
LUA:2026-07-23 12:32:02:(Error)	[SelectServerDiag] OnInit server index=1 area=畅玩2026 name=苍穹01区 serverid=1000000002 groupKey=1000000002 ip=193.112.65.157 port=42002 flag=2 status=0
LUA:2026-07-23 12:32:02:(Error)	[SelectServerDiag] OnInit server index=2 area=畅玩2026 name=苍穹02区 serverid=1101961002 groupKey=1101961002 ip=193.112.65.157 port=42003 flag=2 status=0
LUA:2026-07-23 12:32:02:(Error)	[SelectServerDiag] OnInit end areaMapCount=3 recommendArea=推荐 recommendCount=2
LUA:2026-07-23 12:32:02:(Error)	[SelectServerDiag] OnCreate after OnInit areaMapCount=3 selectArea=nil
LUA:2026-07-23 12:32:02:(Error)	[SelectServerDiag] InitAreaList begin areaMapCount=3 currentSelect=nil
LUA:2026-07-23 12:32:02:(Error)	[SelectServerDiag] InitAreaList sorted area id=0 name=推荐 serverCount=2
LUA:2026-07-23 12:32:02:(Error)	[SelectServerDiag] InitAreaList sorted area id=1 name=测试专区 serverCount=1
LUA:2026-07-23 12:32:02:(Error)	[SelectServerDiag] InitAreaList sorted area id=2 name=畅玩2026 serverCount=2
LUA:2026-07-23 12:32:02:(Error)	[SelectServerDiag] GetDefaultSelectAreaName begin selfSelect=nil areaSortCount=3
LUA:2026-07-23 12:32:02:(Error)	[SelectServerDiag] GetDefaultSelectAreaName loginManagerSelect=测试专区
LUA:2026-07-23 12:32:02:(Error)	[SelectServerDiag] GetDefaultSelectAreaName keep selectArea=测试专区 serverCount=1
LUA:2026-07-23 12:32:02:(Error)	[SelectServerDiag] InitAreaList selectedArea=测试专区
LUA:2026-07-23 12:32:02:(Error)	[SelectServerDiag] InitAreaList create areaCell index=1 id=0 name=推荐 selected=测试专区 serverCount=2
LUA:2026-07-23 12:32:02:(Error)	[SelectServerDiag] InitAreaList create areaCell index=2 id=1 name=测试专区 selected=测试专区 serverCount=1
LUA:2026-07-23 12:32:02:(Error)	[SelectServerDiag] InitAreaList create areaCell index=3 id=2 name=畅玩2026 selected=测试专区 serverCount=2
LUA:2026-07-23 12:32:02:(Error)	[SelectServerDiag] InitAreaList end createdAreaCells=3 selected=测试专区
LUA:2026-07-23 12:32:02:(Error)	[SelectServerDiag] OnCreate after InitAreaList areaCells=3 selectArea=测试专区
LUA:2026-07-23 12:32:02:(Error)	[SelectServerDiag] ClearAllServerCells count=0
LUA:2026-07-23 12:32:02:(Error)	[SelectServerDiag] RefreshServerCells begin selectedArg=测试专区 selfSelect=测试专区 areaMapCount=3
LUA:2026-07-23 12:32:02:(Error)	[SelectServerDiag] RefreshServerCells selectedAreaFound=true selectedAreaName=测试专区 serverCount=1 lastSelectID=-1
LUA:2026-07-23 12:32:02:(Error)	[SelectServerDiag] RefreshServerCells before sort serverTableCount=1 selectedLast=-1
LUA:2026-07-23 12:32:02:(Error)	[SelectServerDiag] RefreshServerCells create serverCell index=1 serverid=1000000001 name=技术测试 orgid=1000000001 sort=999999
LUA:2026-07-23 12:32:02:(Error)	[SelectServerDiag] RefreshServerCells created serverCells=1 finalSelected=1000000001
LUA:2026-07-23 12:32:02:(Error)	[SelectServerDiag] DeselectOtherServerBtn selectArea=测试专区 serverCells=1
LUA:2026-07-23 12:32:02:(Error)	[SelectServerDiag] DeselectOtherServerBtn selectArea=测试专区 serverCells=1
LUA:2026-07-23 12:32:02:(Error)	[SelectServerDiag] OnCreate after RefreshServerCells serverCells=1 selectArea=测试专区
LUA:2026-07-23 12:32:02:(Error)	[SelectServerDiag] SelectCurrentAreaBtn selectArea=测试专区 areaCells=3
LUA:2026-07-23 12:32:02:(Error)	[SelectServerDiag] DeselectOtherServerBtn selectArea=测试专区 serverCells=1
LUA:2026-07-23 12:32:02:(Error)	[LoginFlow][SelectServerEntryDiag] OpenSelectServersDialog after SelectServersDialog.getInstanceAndShow
2026-07-23 12:32:02:(Warn)	[LoginFlow] OnAutoFailed op=7 e=0 accountLen=0 detail=server attr
2026-07-23 12:32:02:(Warn)	[LoginFlow] OnAutoFailed op=3 e=0 accountLen=0 detail=server attr;
LUA:2026-07-23 12:32:04:(Error)	[SelectServerDiag] ClearAllServerCells count=1
LUA:2026-07-23 12:32:04:(Error)	[SelectServerDiag] ClearAllAreaCells count=3
LUA:2026-07-23 12:32:04:(Error)	[LoginFlow][SelectServerEntryDiag] getInstanceAndShow autoArg=nil currentAuto=false loadServerSuccess=false hasInstance=false
LUA:2026-07-23 12:32:04:(Error)	[LoginFlow][SelectServerEntryDiag] connetGetServerInfo serverCount=3 loadServerSuccess=false autoOpen=false
LUA:2026-07-23 12:32:04:(Error)	[SelectServerDiag] OnInit begin serverCount=3
LUA:2026-07-23 12:32:04:(Error)	[SelectServerDiag] OnInit server index=0 area=测试专区 name=技术测试 serverid=1000000001 groupKey=1000000001 ip=193.112.65.157 port=42001 flag=3 status=0
LUA:2026-07-23 12:32:04:(Error)	[SelectServerDiag] OnInit server index=1 area=畅玩2026 name=苍穹01区 serverid=1000000002 groupKey=1000000002 ip=193.112.65.157 port=42002 flag=2 status=0
LUA:2026-07-23 12:32:04:(Error)	[SelectServerDiag] OnInit server index=2 area=畅玩2026 name=苍穹02区 serverid=1101961002 groupKey=1101961002 ip=193.112.65.157 port=42003 flag=2 status=0
LUA:2026-07-23 12:32:04:(Error)	[SelectServerDiag] OnInit end areaMapCount=3 recommendArea=推荐 recommendCount=2
LUA:2026-07-23 12:32:04:(Error)	[LoginFlow][SelectServerEntryDiag] checkLoad host=193.112.65.157 port=42001 key=1000000001
2026-07-23 12:32:04:(Warn)	[LoginFlow] OnAutoFailed op=7 e=0 accountLen=0 detail=server attr
LUA:2026-07-23 12:32:04:(Error)	[LoginFlow][SelectServerEntryDiag] SetServerLoad serverKey=1000000001 serverLoad=1
LUA:2026-07-23 12:32:04:(Error)	[LoginFlow][SelectServerEntryDiag] setServerStatus matched serverid=1000000001 serverLoad=1
2026-07-23 12:32:04:(Warn)	[LoginFlow] OnAutoFailed op=3 e=0 accountLen=0 detail=server attr;
LUA:2026-07-23 12:32:04:(Error)	[LoginFlow][SelectServerEntryDiag] setServerStatus matched serverid=1000000001 serverLoad=1
LUA:2026-07-23 12:32:05:(Error)	[LoginFlow][SelectServerEntryDiag] HandleLoginBtnClick serverLoad=1 serverid=1000000001 status=0 loadHead=true loadKey=1000000001 loadState=1
LUA:2026-07-23 12:32:05:(Error)	[LoginFlow][SelectServerEntryDiag] DoEnterGame serverid=1000000001 couldEntry=true
LUA:2026-07-23 12:32:05:(Error)	[LoginFlow][SelectServerEntryDiag] LoginGame begin accountLen=6 keyLen=6 channelLen=0
LUA:2026-07-23 12:32:05:(Error)	[LoginFlow][SelectServerEntryDiag] LoginGame CreateConnection before serverid=1000000001 servername=技术测试 area=测试专区 host=193.112.65.157 port=42001 connectAccountLen=6 hasComma=false
LUA:2026-07-23 12:32:05:(Error)	[LoginFlow][SelectServerEntryDiag] LoginGame CreateConnection returned
LUA:2026-07-23 12:32:05:(Error)	[LoginFlow][SelectServerEntryDiag] LoginGame security type set
LUA:2026-07-23 12:32:05:(Error)	[LoginFlow][SelectServerEntryDiag] LoginGame waiting dialog shown
2026-07-23 12:32:05:(Warn)	macAddress = 04:42:1A:A8:63:75, ipAddress = 172.23.48.1
2026-07-23 12:32:05:(Error)	ERROR: LJFMOpen::OpenFile(name:/effect/geffect/skill/mt3_ss_da/mt3_ss_da_1.eff.inf))

2026-07-23 12:32:05:(Error)	ERROR: LJFMOpen::OpenFile(name:/effect/geffect/skill/mt3_ss_da/mt3_ss_da_2.eff.inf))

2026-07-23 12:32:05:(Error)	ERROR: LJFMOpen::OpenFile(name:/effect/geffect/skill/mt3_dly_3/mt3_dly_3_shouji.eff.inf))

2026-07-23 12:32:05:(Error)	ERROR: LJFMOpen::OpenFile(name:/effect/geffect/skill/mt3_ms_3/mt3_ms_3.eff.inf))

2026-07-23 12:32:05:(Error)	ERROR: LJFMOpen::OpenFile(name:/effect/geffect/skill/mt3_fs_da/mt3_fs_da_shouji.eff.inf))

2026-07-23 12:32:05:(Error)	ERROR: LJFMOpen::OpenFile(name:/effect/geffect/skill/mt3_ms_da/mt3_ms_da.eff.inf))

2026-07-23 12:32:05:(Error)	ERROR: LJFMOpen::OpenFile(name:/effect/geffect/skill/mt_ari/ziyidie_1.eff.inf))

2026-07-23 12:32:05:(Error)	ERROR: LJFMOpen::OpenFile(name:/effect/geffect/skill/mt_ari/ziyidie_2.eff.inf))

2026-07-23 12:32:05:(Error)	ERROR: LJFMOpen::OpenFile(name:/effect/geffect/skill/mt_ari/mt_tiandingzhiguo_shang_1.eff.inf))

2026-07-23 12:32:05:(Error)	ERROR: LJFMOpen::OpenFile(name:/effect/geffect/skill/mt_ari/mt_tiandingzhiguo_shang_2.eff.inf))

2026-07-23 12:32:05:(Error)	ERROR: LJFMOpen::OpenFile(name:/effect/geffect/skill/mt3_wq_jifengshu/mt3_wq_jifengshu.eff.inf))

2026-07-23 12:32:05:(Error)	ERROR: LJFMOpen::OpenFile(name:/effect/geffect/skill/mt3_fs_2/mt3_fs_2_shifa_shang.eff.inf))

2026-07-23 12:32:05:(Error)	ERROR: LJFMOpen::OpenFile(name:/effect/geffect/skill/mt3_dly_6/mt3_dly_6.eff.inf))

2026-07-23 12:32:05:(Error)	ERROR: LJFMOpen::OpenFile(name:/effect/geffect/skill/mt3_dz_5/mt3_dz_5.eff.inf))

2026-07-23 12:32:05:(Error)	ERROR: LJFMOpen::OpenFile(name:/effect/geffect/skill/mt_ari/mt3_flzt.eff.inf))

2026-07-23 12:32:05:(Error)	ERROR: LJFMOpen::OpenFile(name:/effect/geffect/skill/mt3_fs_5/mt3_fs_5.eff.inf))

2026-07-23 12:32:05:(Error)	ERROR: LJFMOpen::OpenFile(name:/effect/geffect/skill/aobao_hit/aobao_hit.eff.inf))

2026-07-23 12:32:05:(Error)	ERROR: LJFMOpen::OpenFile(name:/effect/geffect/skill/acc3-st/Cc.yj.eff.inf))

2026-07-23 12:32:05:(Error)	ERROR: LJFMOpen::OpenFile(name:/effect/geffect/skill/mt_shouliezitai/mt_shouliezitai.eff.inf))

2026-07-23 12:32:05:(Error)	ERROR: LJFMOpen::OpenFile(name:/effect/geffect/skill/mt_tiandingzhiguo/mt_tiandingzhiguo_shang_1.eff.inf))

2026-07-23 12:32:05:(Error)	ERROR: LJFMOpen::OpenFile(name:/effect/geffect/skill/mt_tiandingzhiguo/mt_tiandingzhiguo_shang_2.eff.inf))

2026-07-23 12:32:05:(Error)	ERROR: LJFMOpen::OpenFile(name:/effect/geffect/skill/mt_tiandingzhiguo/mt_tiandingzhiguo_xia.eff.inf))

2026-07-23 12:32:05:(Error)	ERROR: LJFMOpen::OpenFile(name:/effect/geffect/skill/mt_shenyuzenan/mt_shenyuzenan_mingzhong.eff.inf))

2026-07-23 12:32:05:(Error)	ERROR: LJFMOpen::OpenFile(name:/effect/geffect/skill/mt3_wq_poxuekuanggong/mt3_wq_poxuekuanggong.eff.inf))

2026-07-23 12:32:05:(Error)	ERROR: LJFMOpen::OpenFile(name:/effect/geffect/skill/mt_guai_taishanyading/mt_guai_taishanyading.eff.inf))

2026-07-23 12:32:05:(Error)	ERROR: LJFMOpen::OpenFile(name:/effect/geffect/skill/mt3_pet_leishenzhinu/mt3_pet_leitingzhinu_1.eff.inf))

2026-07-23 12:32:05:(Error)	ERROR: LJFMOpen::OpenFile(name:/effect/geffect/skill/mt3_pet_leishenzhinu/mt3_pet_leitingzhinu_2.eff.inf))

2026-07-23 12:32:05:(Error)	ERROR: LJFMOpen::OpenFile(name:/effect/geffect/skill/mt3_lr_5/shengmingxianji_shouji.eff.inf))

2026-07-23 12:32:06:(Error)	ERROR: LJFMOpen::OpenFile(name:/effect/geffect/sprite/npc/Add10xzise..eff.inf))

2026-07-23 12:32:06:(Error)	ERROR: LJFMOpen::OpenFile(name:/effect/animation/sprite/di/di2_res000.dds))

LUA:2026-07-23 12:36:59:(Error)	loginBg.OnCreate step=enter
LUA:2026-07-23 12:36:59:(Error)	loginBg.OnCreate step=after Dialog.OnCreate
LUA:2026-07-23 12:36:59:(Error)	loginBg.OnCreate step=after WindowManager
LUA:2026-07-23 12:36:59:(Error)	loginBg.OnCreate step=after getWindow
LUA:2026-07-23 12:36:59:(Error)	loginBg.OnCreate step=after GetScreenPosOfCenter
LUA:2026-07-23 12:36:59:(Error)	loginBg.OnCreate step=after NuclearPoint
LUA:2026-07-23 12:36:59:(Error)	loginBg.OnCreate step=after UISpineSprite.new
LUA:2026-07-23 12:36:59:(Error)	loginBg.OnCreate step=after SetUILocation
LUA:2026-07-23 12:36:59:(Error)	loginBg.OnCreate step=after setRenderEffect
LUA:2026-07-23 12:36:59:(Error)	loginBg.OnCreate step=leave
LUA:2026-07-23 12:36:59:(Error)	LoginQuickDialog.getInstanceAndShow enter
LUA:2026-07-23 12:36:59:(Error)	LoginQuickDialog.OnCreate enter
LUA:2026-07-23 12:36:59:(Error)	LoginQuickDialog.OnCreate LoginBtn1 bound
LUA:2026-07-23 12:36:59:(Error)	LoginQuickDialog.getInstanceAndShow leave
LUA:2026-07-23 12:37:00:(Error)	LoginQuickDialog.HandleLoginMouseClicked enter
LUA:2026-07-23 12:37:00:(Error)	LoginQuickDialog.HandleLoginMouseClicked leave
2026-07-23 12:37:01:(Warn)	[LoginHTTP] response missing credential; using submitted credential fallback register=0 accountLen=6
LUA:2026-07-23 12:37:01:(Error)	[LoginFlow][SelectServerEntryDiag] getInstanceAndShow autoArg=true currentAuto=false loadServerSuccess=false hasInstance=false
LUA:2026-07-23 12:37:01:(Error)	[LoginFlow][SelectServerEntryDiag] connetGetServerInfo serverCount=0 loadServerSuccess=false autoOpen=true
LUA:2026-07-23 12:37:01:(Error)	[LoginFlow][SelectServerEntryDiag] SetGetServerResult result=1 autoOpen=true hasInstance=true
LUA:2026-07-23 12:37:01:(Error)	[SelectServerDiag] OnInit begin serverCount=3
LUA:2026-07-23 12:37:01:(Error)	[SelectServerDiag] OnInit server index=0 area=测试专区 name=技术测试 serverid=1000000001 groupKey=1000000001 ip=193.112.65.157 port=42001 flag=3 status=0
LUA:2026-07-23 12:37:01:(Error)	[SelectServerDiag] OnInit server index=1 area=畅玩2026 name=苍穹01区 serverid=1000000002 groupKey=1000000002 ip=193.112.65.157 port=42002 flag=2 status=0
LUA:2026-07-23 12:37:01:(Error)	[SelectServerDiag] OnInit server index=2 area=畅玩2026 name=苍穹02区 serverid=1101961002 groupKey=1101961002 ip=193.112.65.157 port=42003 flag=2 status=0
LUA:2026-07-23 12:37:01:(Error)	[SelectServerDiag] OnInit end areaMapCount=3 recommendArea=推荐 recommendCount=2
LUA:2026-07-23 12:37:01:(Error)	[LoginFlow][SelectServerEntryDiag] checkLoad host=193.112.65.157 port=42001 key=1000000001
LUA:2026-07-23 12:37:01:(Error)	[LoginFlow][SelectServerEntryDiag] OpenSelectServersDialog begin loadServerSuccess=true autoOpen=true hasServer=true selectArea=测试专区 selectServer=技术测试
LUA:2026-07-23 12:37:01:(Error)	[LoginFlow][SelectServerEntryDiag] OpenSelectServersDialog before ToServerChoose
LUA:2026-07-23 12:37:01:(Error)	[LoginFlow][SelectServerEntryDiag] OpenSelectServersDialog after ToServerChoose selectArea=测试专区 selectServer=技术测试
LUA:2026-07-23 12:37:01:(Error)	[LoginFlow][SelectServerEntryDiag] OpenSelectServersDialog before SelectServersDialog.getInstanceAndShow
LUA:2026-07-23 12:37:01:(Error)	[SelectServerDiag] OnCreate begin
LUA:2026-07-23 12:37:01:(Error)	[SelectServerDiag] OnCreate windows ok okBtn=true returnBtn=true serverPane=true areaPane=true
LUA:2026-07-23 12:37:01:(Error)	[SelectServerDiag] OnInit begin serverCount=3
LUA:2026-07-23 12:37:01:(Error)	[SelectServerDiag] OnInit server index=0 area=测试专区 name=技术测试 serverid=1000000001 groupKey=1000000001 ip=193.112.65.157 port=42001 flag=3 status=0
LUA:2026-07-23 12:37:01:(Error)	[SelectServerDiag] OnInit server index=1 area=畅玩2026 name=苍穹01区 serverid=1000000002 groupKey=1000000002 ip=193.112.65.157 port=42002 flag=2 status=0
LUA:2026-07-23 12:37:01:(Error)	[SelectServerDiag] OnInit server index=2 area=畅玩2026 name=苍穹02区 serverid=1101961002 groupKey=1101961002 ip=193.112.65.157 port=42003 flag=2 status=0
LUA:2026-07-23 12:37:01:(Error)	[SelectServerDiag] OnInit end areaMapCount=3 recommendArea=推荐 recommendCount=2
LUA:2026-07-23 12:37:01:(Error)	[SelectServerDiag] OnCreate after OnInit areaMapCount=3 selectArea=nil
LUA:2026-07-23 12:37:01:(Error)	[SelectServerDiag] InitAreaList begin areaMapCount=3 currentSelect=nil
LUA:2026-07-23 12:37:01:(Error)	[SelectServerDiag] InitAreaList sorted area id=0 name=推荐 serverCount=2
LUA:2026-07-23 12:37:01:(Error)	[SelectServerDiag] InitAreaList sorted area id=1 name=测试专区 serverCount=1
LUA:2026-07-23 12:37:01:(Error)	[SelectServerDiag] InitAreaList sorted area id=2 name=畅玩2026 serverCount=2
LUA:2026-07-23 12:37:01:(Error)	[SelectServerDiag] GetDefaultSelectAreaName begin selfSelect=nil areaSortCount=3
LUA:2026-07-23 12:37:01:(Error)	[SelectServerDiag] GetDefaultSelectAreaName loginManagerSelect=测试专区
LUA:2026-07-23 12:37:01:(Error)	[SelectServerDiag] GetDefaultSelectAreaName keep selectArea=测试专区 serverCount=1
LUA:2026-07-23 12:37:01:(Error)	[SelectServerDiag] InitAreaList selectedArea=测试专区
LUA:2026-07-23 12:37:01:(Error)	[SelectServerDiag] InitAreaList create areaCell index=1 id=0 name=推荐 selected=测试专区 serverCount=2
LUA:2026-07-23 12:37:01:(Error)	[SelectServerDiag] InitAreaList create areaCell index=2 id=1 name=测试专区 selected=测试专区 serverCount=1
LUA:2026-07-23 12:37:01:(Error)	[SelectServerDiag] InitAreaList create areaCell index=3 id=2 name=畅玩2026 selected=测试专区 serverCount=2
LUA:2026-07-23 12:37:01:(Error)	[SelectServerDiag] InitAreaList end createdAreaCells=3 selected=测试专区
LUA:2026-07-23 12:37:01:(Error)	[SelectServerDiag] OnCreate after InitAreaList areaCells=3 selectArea=测试专区
LUA:2026-07-23 12:37:01:(Error)	[SelectServerDiag] ClearAllServerCells count=0
LUA:2026-07-23 12:37:01:(Error)	[SelectServerDiag] RefreshServerCells begin selectedArg=测试专区 selfSelect=测试专区 areaMapCount=3
LUA:2026-07-23 12:37:01:(Error)	[SelectServerDiag] RefreshServerCells selectedAreaFound=true selectedAreaName=测试专区 serverCount=1 lastSelectID=-1
LUA:2026-07-23 12:37:01:(Error)	[SelectServerDiag] RefreshServerCells before sort serverTableCount=1 selectedLast=-1
LUA:2026-07-23 12:37:01:(Error)	[SelectServerDiag] RefreshServerCells create serverCell index=1 serverid=1000000001 name=技术测试 orgid=1000000001 sort=999999
LUA:2026-07-23 12:37:01:(Error)	[SelectServerDiag] RefreshServerCells created serverCells=1 finalSelected=1000000001
LUA:2026-07-23 12:37:01:(Error)	[SelectServerDiag] DeselectOtherServerBtn selectArea=测试专区 serverCells=1
LUA:2026-07-23 12:37:01:(Error)	[SelectServerDiag] DeselectOtherServerBtn selectArea=测试专区 serverCells=1
LUA:2026-07-23 12:37:01:(Error)	[SelectServerDiag] OnCreate after RefreshServerCells serverCells=1 selectArea=测试专区
LUA:2026-07-23 12:37:01:(Error)	[SelectServerDiag] SelectCurrentAreaBtn selectArea=测试专区 areaCells=3
LUA:2026-07-23 12:37:01:(Error)	[SelectServerDiag] DeselectOtherServerBtn selectArea=测试专区 serverCells=1
LUA:2026-07-23 12:37:01:(Error)	[LoginFlow][SelectServerEntryDiag] OpenSelectServersDialog after SelectServersDialog.getInstanceAndShow
2026-07-23 12:37:01:(Warn)	[LoginFlow] OnAutoFailed op=7 e=0 accountLen=0 detail=server attr
2026-07-23 12:37:01:(Warn)	[LoginFlow] OnAutoFailed op=3 e=0 accountLen=0 detail=server attr;
LUA:2026-07-23 12:37:04:(Error)	[SelectServerDiag] ClearAllServerCells count=1
LUA:2026-07-23 12:37:04:(Error)	[SelectServerDiag] ClearAllAreaCells count=3
LUA:2026-07-23 12:37:04:(Error)	[LoginFlow][SelectServerEntryDiag] getInstanceAndShow autoArg=nil currentAuto=false loadServerSuccess=false hasInstance=false
LUA:2026-07-23 12:37:04:(Error)	[LoginFlow][SelectServerEntryDiag] connetGetServerInfo serverCount=3 loadServerSuccess=false autoOpen=false
LUA:2026-07-23 12:37:04:(Error)	[SelectServerDiag] OnInit begin serverCount=3
LUA:2026-07-23 12:37:04:(Error)	[SelectServerDiag] OnInit server index=0 area=测试专区 name=技术测试 serverid=1000000001 groupKey=1000000001 ip=193.112.65.157 port=42001 flag=3 status=0
LUA:2026-07-23 12:37:04:(Error)	[SelectServerDiag] OnInit server index=1 area=畅玩2026 name=苍穹01区 serverid=1000000002 groupKey=1000000002 ip=193.112.65.157 port=42002 flag=2 status=0
LUA:2026-07-23 12:37:04:(Error)	[SelectServerDiag] OnInit server index=2 area=畅玩2026 name=苍穹02区 serverid=1101961002 groupKey=1101961002 ip=193.112.65.157 port=42003 flag=2 status=0
LUA:2026-07-23 12:37:04:(Error)	[SelectServerDiag] OnInit end areaMapCount=3 recommendArea=推荐 recommendCount=2
LUA:2026-07-23 12:37:04:(Error)	[LoginFlow][SelectServerEntryDiag] checkLoad host=193.112.65.157 port=42001 key=1000000001
2026-07-23 12:37:04:(Warn)	[LoginFlow] OnAutoFailed op=7 e=0 accountLen=0 detail=server attr
LUA:2026-07-23 12:37:04:(Error)	[LoginFlow][SelectServerEntryDiag] SetServerLoad serverKey=1000000001 serverLoad=1
LUA:2026-07-23 12:37:04:(Error)	[LoginFlow][SelectServerEntryDiag] setServerStatus matched serverid=1000000001 serverLoad=1
2026-07-23 12:37:04:(Warn)	[LoginFlow] OnAutoFailed op=3 e=0 accountLen=0 detail=server attr;
LUA:2026-07-23 12:37:04:(Error)	[LoginFlow][SelectServerEntryDiag] setServerStatus matched serverid=1000000001 serverLoad=1
LUA:2026-07-23 12:37:04:(Error)	[LoginFlow][SelectServerEntryDiag] HandleLoginBtnClick serverLoad=1 serverid=1000000001 status=0 loadHead=true loadKey=1000000001 loadState=1
LUA:2026-07-23 12:37:04:(Error)	[LoginFlow][SelectServerEntryDiag] DoEnterGame serverid=1000000001 couldEntry=true
LUA:2026-07-23 12:37:04:(Error)	[LoginFlow][SelectServerEntryDiag] LoginGame begin accountLen=6 keyLen=6 channelLen=0
LUA:2026-07-23 12:37:04:(Error)	[LoginFlow][SelectServerEntryDiag] LoginGame CreateConnection before serverid=1000000001 servername=技术测试 area=测试专区 host=193.112.65.157 port=42001 connectAccountLen=6 hasComma=false
LUA:2026-07-23 12:37:04:(Error)	[LoginFlow][SelectServerEntryDiag] LoginGame CreateConnection returned
LUA:2026-07-23 12:37:04:(Error)	[LoginFlow][SelectServerEntryDiag] LoginGame security type set
LUA:2026-07-23 12:37:04:(Error)	[LoginFlow][SelectServerEntryDiag] LoginGame waiting dialog shown
2026-07-23 12:37:04:(Warn)	macAddress = 04:42:1A:A8:63:75, ipAddress = 172.23.48.1
2026-07-23 12:37:05:(Error)	ERROR: LJFMOpen::OpenFile(name:/effect/geffect/skill/mt3_ss_da/mt3_ss_da_1.eff.inf))

2026-07-23 12:37:05:(Error)	ERROR: LJFMOpen::OpenFile(name:/effect/geffect/skill/mt3_ss_da/mt3_ss_da_2.eff.inf))

2026-07-23 12:37:05:(Error)	ERROR: LJFMOpen::OpenFile(name:/effect/geffect/skill/mt3_dly_3/mt3_dly_3_shouji.eff.inf))

2026-07-23 12:37:05:(Error)	ERROR: LJFMOpen::OpenFile(name:/effect/geffect/skill/mt3_ms_3/mt3_ms_3.eff.inf))

2026-07-23 12:37:05:(Error)	ERROR: LJFMOpen::OpenFile(name:/effect/geffect/skill/mt3_fs_da/mt3_fs_da_shouji.eff.inf))

2026-07-23 12:37:05:(Error)	ERROR: LJFMOpen::OpenFile(name:/effect/geffect/skill/mt3_ms_da/mt3_ms_da.eff.inf))

2026-07-23 12:37:05:(Error)	ERROR: LJFMOpen::OpenFile(name:/effect/geffect/skill/mt_ari/ziyidie_1.eff.inf))

2026-07-23 12:37:05:(Error)	ERROR: LJFMOpen::OpenFile(name:/effect/geffect/skill/mt_ari/ziyidie_2.eff.inf))

2026-07-23 12:37:05:(Error)	ERROR: LJFMOpen::OpenFile(name:/effect/geffect/skill/mt_ari/mt_tiandingzhiguo_shang_1.eff.inf))

2026-07-23 12:37:05:(Error)	ERROR: LJFMOpen::OpenFile(name:/effect/geffect/skill/mt_ari/mt_tiandingzhiguo_shang_2.eff.inf))

2026-07-23 12:37:05:(Error)	ERROR: LJFMOpen::OpenFile(name:/effect/geffect/skill/mt3_wq_jifengshu/mt3_wq_jifengshu.eff.inf))

2026-07-23 12:37:05:(Error)	ERROR: LJFMOpen::OpenFile(name:/effect/geffect/skill/mt3_fs_2/mt3_fs_2_shifa_shang.eff.inf))

2026-07-23 12:37:05:(Error)	ERROR: LJFMOpen::OpenFile(name:/effect/geffect/skill/mt3_dly_6/mt3_dly_6.eff.inf))

2026-07-23 12:37:05:(Error)	ERROR: LJFMOpen::OpenFile(name:/effect/geffect/skill/mt3_dz_5/mt3_dz_5.eff.inf))

2026-07-23 12:37:05:(Error)	ERROR: LJFMOpen::OpenFile(name:/effect/geffect/skill/mt_ari/mt3_flzt.eff.inf))

2026-07-23 12:37:05:(Error)	ERROR: LJFMOpen::OpenFile(name:/effect/geffect/skill/mt3_fs_5/mt3_fs_5.eff.inf))

2026-07-23 12:37:05:(Error)	ERROR: LJFMOpen::OpenFile(name:/effect/geffect/skill/aobao_hit/aobao_hit.eff.inf))

2026-07-23 12:37:05:(Error)	ERROR: LJFMOpen::OpenFile(name:/effect/geffect/skill/acc3-st/Cc.yj.eff.inf))

2026-07-23 12:37:05:(Error)	ERROR: LJFMOpen::OpenFile(name:/effect/geffect/skill/mt_shouliezitai/mt_shouliezitai.eff.inf))

2026-07-23 12:37:05:(Error)	ERROR: LJFMOpen::OpenFile(name:/effect/geffect/skill/mt_tiandingzhiguo/mt_tiandingzhiguo_shang_1.eff.inf))

2026-07-23 12:37:05:(Error)	ERROR: LJFMOpen::OpenFile(name:/effect/geffect/skill/mt_tiandingzhiguo/mt_tiandingzhiguo_shang_2.eff.inf))

2026-07-23 12:37:05:(Error)	ERROR: LJFMOpen::OpenFile(name:/effect/geffect/skill/mt_tiandingzhiguo/mt_tiandingzhiguo_xia.eff.inf))

2026-07-23 12:37:05:(Error)	ERROR: LJFMOpen::OpenFile(name:/effect/geffect/skill/mt_shenyuzenan/mt_shenyuzenan_mingzhong.eff.inf))

2026-07-23 12:37:05:(Error)	ERROR: LJFMOpen::OpenFile(name:/effect/geffect/skill/mt3_wq_poxuekuanggong/mt3_wq_poxuekuanggong.eff.inf))

2026-07-23 12:37:05:(Error)	ERROR: LJFMOpen::OpenFile(name:/effect/geffect/skill/mt_guai_taishanyading/mt_guai_taishanyading.eff.inf))

2026-07-23 12:37:05:(Error)	ERROR: LJFMOpen::OpenFile(name:/effect/geffect/skill/mt3_pet_leishenzhinu/mt3_pet_leitingzhinu_1.eff.inf))

2026-07-23 12:37:05:(Error)	ERROR: LJFMOpen::OpenFile(name:/effect/geffect/skill/mt3_pet_leishenzhinu/mt3_pet_leitingzhinu_2.eff.inf))

2026-07-23 12:37:05:(Error)	ERROR: LJFMOpen::OpenFile(name:/effect/geffect/skill/mt3_lr_5/shengmingxianji_shouji.eff.inf))

2026-07-23 12:37:05:(Error)	ERROR: LJFMOpen::OpenFile(name:/effect/animation/sprite/di/di2_res000.dds))

2026-07-23 12:37:05:(Error)	ERROR: LJFMOpen::OpenFile(name:/effect/geffect/sprite/npc/Add10xzise..eff.inf))

LUA:2026-07-23 12:39:32:(Error)	loginBg.OnCreate step=enter
LUA:2026-07-23 12:39:32:(Error)	loginBg.OnCreate step=after Dialog.OnCreate
LUA:2026-07-23 12:39:32:(Error)	loginBg.OnCreate step=after WindowManager
LUA:2026-07-23 12:39:32:(Error)	loginBg.OnCreate step=after getWindow
LUA:2026-07-23 12:39:32:(Error)	loginBg.OnCreate step=after GetScreenPosOfCenter
LUA:2026-07-23 12:39:32:(Error)	loginBg.OnCreate step=after NuclearPoint
LUA:2026-07-23 12:39:33:(Error)	loginBg.OnCreate step=after UISpineSprite.new
LUA:2026-07-23 12:39:33:(Error)	loginBg.OnCreate step=after SetUILocation
LUA:2026-07-23 12:39:33:(Error)	loginBg.OnCreate step=after setRenderEffect
LUA:2026-07-23 12:39:33:(Error)	loginBg.OnCreate step=leave
LUA:2026-07-23 12:39:33:(Error)	LoginQuickDialog.getInstanceAndShow enter
LUA:2026-07-23 12:39:33:(Error)	LoginQuickDialog.OnCreate enter
LUA:2026-07-23 12:39:33:(Error)	LoginQuickDialog.OnCreate LoginBtn1 bound
LUA:2026-07-23 12:39:33:(Error)	LoginQuickDialog.getInstanceAndShow leave
LUA:2026-07-23 12:39:34:(Error)	LoginQuickDialog.HandleLoginMouseClicked enter
LUA:2026-07-23 12:39:34:(Error)	LoginQuickDialog.HandleLoginMouseClicked leave
2026-07-23 12:39:35:(Warn)	[LoginHTTP] response missing credential; using submitted credential fallback register=0 accountLen=6
LUA:2026-07-23 12:39:35:(Error)	[LoginFlow][SelectServerEntryDiag] getInstanceAndShow autoArg=true currentAuto=false loadServerSuccess=false hasInstance=false
LUA:2026-07-23 12:39:35:(Error)	[LoginFlow][SelectServerEntryDiag] connetGetServerInfo serverCount=0 loadServerSuccess=false autoOpen=true
LUA:2026-07-23 12:39:35:(Error)	[LoginFlow][SelectServerEntryDiag] SetGetServerResult result=1 autoOpen=true hasInstance=true
LUA:2026-07-23 12:39:35:(Error)	[SelectServerDiag] OnInit begin serverCount=3
LUA:2026-07-23 12:39:35:(Error)	[SelectServerDiag] OnInit server index=0 area=测试专区 name=技术测试 serverid=1000000001 groupKey=1000000001 ip=193.112.65.157 port=42001 flag=3 status=0
LUA:2026-07-23 12:39:35:(Error)	[SelectServerDiag] OnInit server index=1 area=畅玩2026 name=苍穹01区 serverid=1000000002 groupKey=1000000002 ip=193.112.65.157 port=42002 flag=2 status=0
LUA:2026-07-23 12:39:35:(Error)	[SelectServerDiag] OnInit server index=2 area=畅玩2026 name=苍穹02区 serverid=1101961002 groupKey=1101961002 ip=193.112.65.157 port=42003 flag=2 status=0
LUA:2026-07-23 12:39:35:(Error)	[SelectServerDiag] OnInit end areaMapCount=3 recommendArea=推荐 recommendCount=2
LUA:2026-07-23 12:39:35:(Error)	[LoginFlow][SelectServerEntryDiag] checkLoad host=193.112.65.157 port=42001 key=1000000001
LUA:2026-07-23 12:39:35:(Error)	[LoginFlow][SelectServerEntryDiag] OpenSelectServersDialog begin loadServerSuccess=true autoOpen=true hasServer=true selectArea=测试专区 selectServer=技术测试
LUA:2026-07-23 12:39:35:(Error)	[LoginFlow][SelectServerEntryDiag] OpenSelectServersDialog before ToServerChoose
LUA:2026-07-23 12:39:35:(Error)	[LoginFlow][SelectServerEntryDiag] OpenSelectServersDialog after ToServerChoose selectArea=测试专区 selectServer=技术测试
LUA:2026-07-23 12:39:35:(Error)	[LoginFlow][SelectServerEntryDiag] OpenSelectServersDialog before SelectServersDialog.getInstanceAndShow
LUA:2026-07-23 12:39:35:(Error)	[SelectServerDiag] OnCreate begin
LUA:2026-07-23 12:39:35:(Error)	[SelectServerDiag] OnCreate windows ok okBtn=true returnBtn=true serverPane=true areaPane=true
LUA:2026-07-23 12:39:35:(Error)	[SelectServerDiag] OnInit begin serverCount=3
LUA:2026-07-23 12:39:35:(Error)	[SelectServerDiag] OnInit server index=0 area=测试专区 name=技术测试 serverid=1000000001 groupKey=1000000001 ip=193.112.65.157 port=42001 flag=3 status=0
LUA:2026-07-23 12:39:35:(Error)	[SelectServerDiag] OnInit server index=1 area=畅玩2026 name=苍穹01区 serverid=1000000002 groupKey=1000000002 ip=193.112.65.157 port=42002 flag=2 status=0
LUA:2026-07-23 12:39:35:(Error)	[SelectServerDiag] OnInit server index=2 area=畅玩2026 name=苍穹02区 serverid=1101961002 groupKey=1101961002 ip=193.112.65.157 port=42003 flag=2 status=0
LUA:2026-07-23 12:39:35:(Error)	[SelectServerDiag] OnInit end areaMapCount=3 recommendArea=推荐 recommendCount=2
LUA:2026-07-23 12:39:35:(Error)	[SelectServerDiag] OnCreate after OnInit areaMapCount=3 selectArea=nil
LUA:2026-07-23 12:39:35:(Error)	[SelectServerDiag] InitAreaList begin areaMapCount=3 currentSelect=nil
LUA:2026-07-23 12:39:35:(Error)	[SelectServerDiag] InitAreaList sorted area id=0 name=推荐 serverCount=2
LUA:2026-07-23 12:39:35:(Error)	[SelectServerDiag] InitAreaList sorted area id=1 name=测试专区 serverCount=1
LUA:2026-07-23 12:39:35:(Error)	[SelectServerDiag] InitAreaList sorted area id=2 name=畅玩2026 serverCount=2
LUA:2026-07-23 12:39:35:(Error)	[SelectServerDiag] GetDefaultSelectAreaName begin selfSelect=nil areaSortCount=3
LUA:2026-07-23 12:39:35:(Error)	[SelectServerDiag] GetDefaultSelectAreaName loginManagerSelect=测试专区
LUA:2026-07-23 12:39:35:(Error)	[SelectServerDiag] GetDefaultSelectAreaName keep selectArea=测试专区 serverCount=1
LUA:2026-07-23 12:39:35:(Error)	[SelectServerDiag] InitAreaList selectedArea=测试专区
LUA:2026-07-23 12:39:35:(Error)	[SelectServerDiag] InitAreaList create areaCell index=1 id=0 name=推荐 selected=测试专区 serverCount=2
LUA:2026-07-23 12:39:35:(Error)	[SelectServerDiag] InitAreaList create areaCell index=2 id=1 name=测试专区 selected=测试专区 serverCount=1
LUA:2026-07-23 12:39:35:(Error)	[SelectServerDiag] InitAreaList create areaCell index=3 id=2 name=畅玩2026 selected=测试专区 serverCount=2
LUA:2026-07-23 12:39:35:(Error)	[SelectServerDiag] InitAreaList end createdAreaCells=3 selected=测试专区
LUA:2026-07-23 12:39:35:(Error)	[SelectServerDiag] OnCreate after InitAreaList areaCells=3 selectArea=测试专区
LUA:2026-07-23 12:39:35:(Error)	[SelectServerDiag] ClearAllServerCells count=0
LUA:2026-07-23 12:39:35:(Error)	[SelectServerDiag] RefreshServerCells begin selectedArg=测试专区 selfSelect=测试专区 areaMapCount=3
LUA:2026-07-23 12:39:35:(Error)	[SelectServerDiag] RefreshServerCells selectedAreaFound=true selectedAreaName=测试专区 serverCount=1 lastSelectID=-1
LUA:2026-07-23 12:39:35:(Error)	[SelectServerDiag] RefreshServerCells before sort serverTableCount=1 selectedLast=-1
LUA:2026-07-23 12:39:35:(Error)	[SelectServerDiag] RefreshServerCells create serverCell index=1 serverid=1000000001 name=技术测试 orgid=1000000001 sort=999999
LUA:2026-07-23 12:39:35:(Error)	[SelectServerDiag] RefreshServerCells created serverCells=1 finalSelected=1000000001
LUA:2026-07-23 12:39:35:(Error)	[SelectServerDiag] DeselectOtherServerBtn selectArea=测试专区 serverCells=1
LUA:2026-07-23 12:39:35:(Error)	[SelectServerDiag] DeselectOtherServerBtn selectArea=测试专区 serverCells=1
LUA:2026-07-23 12:39:35:(Error)	[SelectServerDiag] OnCreate after RefreshServerCells serverCells=1 selectArea=测试专区
LUA:2026-07-23 12:39:35:(Error)	[SelectServerDiag] SelectCurrentAreaBtn selectArea=测试专区 areaCells=3
LUA:2026-07-23 12:39:35:(Error)	[SelectServerDiag] DeselectOtherServerBtn selectArea=测试专区 serverCells=1
LUA:2026-07-23 12:39:35:(Error)	[LoginFlow][SelectServerEntryDiag] OpenSelectServersDialog after SelectServersDialog.getInstanceAndShow
2026-07-23 12:39:35:(Warn)	[LoginFlow] OnAutoFailed op=7 e=0 accountLen=0 detail=server attr
2026-07-23 12:39:35:(Warn)	[LoginFlow] OnAutoFailed op=3 e=0 accountLen=0 detail=server attr;
LUA:2026-07-23 12:39:38:(Error)	[SelectServerDiag] ClearAllServerCells count=1
LUA:2026-07-23 12:39:38:(Error)	[SelectServerDiag] ClearAllAreaCells count=3
LUA:2026-07-23 12:39:38:(Error)	[LoginFlow][SelectServerEntryDiag] getInstanceAndShow autoArg=nil currentAuto=false loadServerSuccess=false hasInstance=false
LUA:2026-07-23 12:39:38:(Error)	[LoginFlow][SelectServerEntryDiag] connetGetServerInfo serverCount=3 loadServerSuccess=false autoOpen=false
LUA:2026-07-23 12:39:38:(Error)	[SelectServerDiag] OnInit begin serverCount=3
LUA:2026-07-23 12:39:38:(Error)	[SelectServerDiag] OnInit server index=0 area=测试专区 name=技术测试 serverid=1000000001 groupKey=1000000001 ip=193.112.65.157 port=42001 flag=3 status=0
LUA:2026-07-23 12:39:38:(Error)	[SelectServerDiag] OnInit server index=1 area=畅玩2026 name=苍穹01区 serverid=1000000002 groupKey=1000000002 ip=193.112.65.157 port=42002 flag=2 status=0
LUA:2026-07-23 12:39:38:(Error)	[SelectServerDiag] OnInit server index=2 area=畅玩2026 name=苍穹02区 serverid=1101961002 groupKey=1101961002 ip=193.112.65.157 port=42003 flag=2 status=0
LUA:2026-07-23 12:39:38:(Error)	[SelectServerDiag] OnInit end areaMapCount=3 recommendArea=推荐 recommendCount=2
LUA:2026-07-23 12:39:38:(Error)	[LoginFlow][SelectServerEntryDiag] checkLoad host=193.112.65.157 port=42001 key=1000000001
2026-07-23 12:39:38:(Warn)	[LoginFlow] OnAutoFailed op=7 e=0 accountLen=0 detail=server attr
LUA:2026-07-23 12:39:38:(Error)	[LoginFlow][SelectServerEntryDiag] SetServerLoad serverKey=1000000001 serverLoad=1
LUA:2026-07-23 12:39:38:(Error)	[LoginFlow][SelectServerEntryDiag] setServerStatus matched serverid=1000000001 serverLoad=1
2026-07-23 12:39:38:(Warn)	[LoginFlow] OnAutoFailed op=3 e=0 accountLen=0 detail=server attr;
LUA:2026-07-23 12:39:38:(Error)	[LoginFlow][SelectServerEntryDiag] setServerStatus matched serverid=1000000001 serverLoad=1
LUA:2026-07-23 12:39:38:(Error)	[LoginFlow][SelectServerEntryDiag] HandleLoginBtnClick serverLoad=1 serverid=1000000001 status=0 loadHead=true loadKey=1000000001 loadState=1
LUA:2026-07-23 12:39:38:(Error)	[LoginFlow][SelectServerEntryDiag] DoEnterGame serverid=1000000001 couldEntry=true
LUA:2026-07-23 12:39:38:(Error)	[LoginFlow][SelectServerEntryDiag] LoginGame begin accountLen=6 keyLen=6 channelLen=0
LUA:2026-07-23 12:39:38:(Error)	[LoginFlow][SelectServerEntryDiag] LoginGame CreateConnection before serverid=1000000001 servername=技术测试 area=测试专区 host=193.112.65.157 port=42001 connectAccountLen=6 hasComma=false
LUA:2026-07-23 12:39:38:(Error)	[LoginFlow][SelectServerEntryDiag] LoginGame CreateConnection returned
LUA:2026-07-23 12:39:38:(Error)	[LoginFlow][SelectServerEntryDiag] LoginGame security type set
LUA:2026-07-23 12:39:38:(Error)	[LoginFlow][SelectServerEntryDiag] LoginGame waiting dialog shown
2026-07-23 12:39:38:(Warn)	macAddress = 04:42:1A:A8:63:75, ipAddress = 172.23.48.1
2026-07-23 12:39:39:(Error)	ERROR: LJFMOpen::OpenFile(name:/effect/geffect/skill/mt3_ss_da/mt3_ss_da_1.eff.inf))

2026-07-23 12:39:39:(Error)	ERROR: LJFMOpen::OpenFile(name:/effect/geffect/skill/mt3_ss_da/mt3_ss_da_2.eff.inf))

2026-07-23 12:39:39:(Error)	ERROR: LJFMOpen::OpenFile(name:/effect/geffect/skill/mt3_dly_3/mt3_dly_3_shouji.eff.inf))

2026-07-23 12:39:39:(Error)	ERROR: LJFMOpen::OpenFile(name:/effect/geffect/skill/mt3_ms_3/mt3_ms_3.eff.inf))

2026-07-23 12:39:39:(Error)	ERROR: LJFMOpen::OpenFile(name:/effect/geffect/skill/mt3_fs_da/mt3_fs_da_shouji.eff.inf))

2026-07-23 12:39:39:(Error)	ERROR: LJFMOpen::OpenFile(name:/effect/geffect/skill/mt3_ms_da/mt3_ms_da.eff.inf))

2026-07-23 12:39:39:(Error)	ERROR: LJFMOpen::OpenFile(name:/effect/geffect/skill/mt_ari/ziyidie_1.eff.inf))

2026-07-23 12:39:39:(Error)	ERROR: LJFMOpen::OpenFile(name:/effect/geffect/skill/mt_ari/ziyidie_2.eff.inf))

2026-07-23 12:39:39:(Error)	ERROR: LJFMOpen::OpenFile(name:/effect/geffect/skill/mt_ari/mt_tiandingzhiguo_shang_1.eff.inf))

2026-07-23 12:39:39:(Error)	ERROR: LJFMOpen::OpenFile(name:/effect/geffect/skill/mt_ari/mt_tiandingzhiguo_shang_2.eff.inf))

2026-07-23 12:39:39:(Error)	ERROR: LJFMOpen::OpenFile(name:/effect/geffect/skill/mt3_wq_jifengshu/mt3_wq_jifengshu.eff.inf))

2026-07-23 12:39:39:(Error)	ERROR: LJFMOpen::OpenFile(name:/effect/geffect/skill/mt3_fs_2/mt3_fs_2_shifa_shang.eff.inf))

2026-07-23 12:39:39:(Error)	ERROR: LJFMOpen::OpenFile(name:/effect/geffect/skill/mt3_dly_6/mt3_dly_6.eff.inf))

2026-07-23 12:39:39:(Error)	ERROR: LJFMOpen::OpenFile(name:/effect/geffect/skill/mt3_dz_5/mt3_dz_5.eff.inf))

2026-07-23 12:39:39:(Error)	ERROR: LJFMOpen::OpenFile(name:/effect/geffect/skill/mt_ari/mt3_flzt.eff.inf))

2026-07-23 12:39:39:(Error)	ERROR: LJFMOpen::OpenFile(name:/effect/geffect/skill/mt3_fs_5/mt3_fs_5.eff.inf))

2026-07-23 12:39:39:(Error)	ERROR: LJFMOpen::OpenFile(name:/effect/geffect/skill/aobao_hit/aobao_hit.eff.inf))

2026-07-23 12:39:39:(Error)	ERROR: LJFMOpen::OpenFile(name:/effect/geffect/skill/acc3-st/Cc.yj.eff.inf))

2026-07-23 12:39:39:(Error)	ERROR: LJFMOpen::OpenFile(name:/effect/geffect/skill/mt_shouliezitai/mt_shouliezitai.eff.inf))

2026-07-23 12:39:39:(Error)	ERROR: LJFMOpen::OpenFile(name:/effect/geffect/skill/mt_tiandingzhiguo/mt_tiandingzhiguo_shang_1.eff.inf))

2026-07-23 12:39:39:(Error)	ERROR: LJFMOpen::OpenFile(name:/effect/geffect/skill/mt_tiandingzhiguo/mt_tiandingzhiguo_shang_2.eff.inf))

2026-07-23 12:39:39:(Error)	ERROR: LJFMOpen::OpenFile(name:/effect/geffect/skill/mt_tiandingzhiguo/mt_tiandingzhiguo_xia.eff.inf))

2026-07-23 12:39:39:(Error)	ERROR: LJFMOpen::OpenFile(name:/effect/geffect/skill/mt_shenyuzenan/mt_shenyuzenan_mingzhong.eff.inf))

2026-07-23 12:39:39:(Error)	ERROR: LJFMOpen::OpenFile(name:/effect/geffect/skill/mt3_wq_poxuekuanggong/mt3_wq_poxuekuanggong.eff.inf))

2026-07-23 12:39:39:(Error)	ERROR: LJFMOpen::OpenFile(name:/effect/geffect/skill/mt_guai_taishanyading/mt_guai_taishanyading.eff.inf))

2026-07-23 12:39:39:(Error)	ERROR: LJFMOpen::OpenFile(name:/effect/geffect/skill/mt3_pet_leishenzhinu/mt3_pet_leitingzhinu_1.eff.inf))

2026-07-23 12:39:39:(Error)	ERROR: LJFMOpen::OpenFile(name:/effect/geffect/skill/mt3_pet_leishenzhinu/mt3_pet_leitingzhinu_2.eff.inf))

2026-07-23 12:39:39:(Error)	ERROR: LJFMOpen::OpenFile(name:/effect/geffect/skill/mt3_lr_5/shengmingxianji_shouji.eff.inf))

2026-07-23 12:39:39:(Error)	ERROR: LJFMOpen::OpenFile(name:/effect/geffect/sprite/npc/Add10xzise..eff.inf))

2026-07-23 12:39:39:(Error)	ERROR: LJFMOpen::OpenFile(name:/effect/animation/sprite/di/di2_res000.dds))

2026-07-23 12:39:43:(Error)	ERROR: LJFMOpen::OpenFile(name:/effect/animation/targetring_res000.dds))

2026-07-23 12:39:52:(Error)	ERROR: LJFMOpen::OpenFile(name:/effect/animation/sprite/npc/ercichenghao/menpaidaoshi_res000.dds))

2026-07-23 12:39:52:(Error)	ERROR: LJFMOpen::OpenFile(name:/effect/animation/sprite/npc/ercichenghao/menpaidaoshi_res000.png))

2026-07-23 12:39:58:(Error)	ERROR: LJFMOpen::OpenFile(name:/effect/animation/ui/dianji/putong/zhiyin_res000.dds))

2026-07-23 12:40:03:(Error)	ERROR: LJFMOpen::OpenFile(name:/map/map_1625_mowangzhai/goto.dat))

2026-07-23 12:40:07:(Error)	ERROR: LJFMOpen::OpenFile(name:/effect/animation/sprite/zhunbei_res000.dds))

2026-07-23 12:40:11:(Error)	ERROR: LJFMOpen::OpenFile(name:/effect/animation/skill/mt3_beiji/mt3_beiji_res000.dds))

2026-07-23 12:40:15:(Error)	ERROR: LJFMOpen::OpenFile(name:/effect/animation/skill/mt_buff/xiuxi_res000.dds))

LUA:2026-07-23 12:40:46:(Warn)	table CMessageTip can't find ID:100124
LUA:2026-07-23 12:41:36:(Warn)	table CStringRes can't find ID:1660
LUA:2026-07-23 12:41:41:(Warn)	table CMessageTip can't find ID:100124
2026-07-23 12:41:49:(Error)	ERROR: LJFMOpen::OpenFile(name:/effect/animation/xuexijineng_res000.dds))

LUA:2026-07-23 13:03:44:(Error)	loginBg.OnCreate step=enter
LUA:2026-07-23 13:03:44:(Error)	loginBg.OnCreate step=after Dialog.OnCreate
LUA:2026-07-23 13:03:44:(Error)	loginBg.OnCreate step=after WindowManager
LUA:2026-07-23 13:03:44:(Error)	loginBg.OnCreate step=after getWindow
LUA:2026-07-23 13:03:44:(Error)	loginBg.OnCreate step=after GetScreenPosOfCenter
LUA:2026-07-23 13:03:44:(Error)	loginBg.OnCreate step=after NuclearPoint
LUA:2026-07-23 13:03:44:(Error)	loginBg.OnCreate step=after UISpineSprite.new
LUA:2026-07-23 13:03:44:(Error)	loginBg.OnCreate step=after SetUILocation
LUA:2026-07-23 13:03:44:(Error)	loginBg.OnCreate step=after setRenderEffect
LUA:2026-07-23 13:03:44:(Error)	loginBg.OnCreate step=leave
2026-07-23 13:03:45:(Error)	ERROR: LJFMOpen::GetFullPathFileName(name:/cfg/video/MT3.wmv))

LUA:2026-07-23 13:03:45:(Error)	LoginQuickDialog.getInstanceAndShow enter
LUA:2026-07-23 13:03:45:(Error)	LoginQuickDialog.OnCreate enter
LUA:2026-07-23 13:03:45:(Error)	LoginQuickDialog.OnCreate LoginBtn1 bound
LUA:2026-07-23 13:03:45:(Error)	LoginQuickDialog.getInstanceAndShow leave
LUA:2026-07-23 13:03:46:(Error)	LoginQuickDialog.HandleLoginMouseClicked enter
LUA:2026-07-23 13:03:46:(Error)	LoginQuickDialog.HandleLoginMouseClicked leave
2026-07-23 13:03:47:(Warn)	[LoginHTTP] response missing credential; using submitted credential fallback register=0 accountLen=6
LUA:2026-07-23 13:03:47:(Error)	[LoginFlow][SelectServerEntryDiag] getInstanceAndShow autoArg=true currentAuto=false loadServerSuccess=false hasInstance=false
LUA:2026-07-23 13:03:47:(Error)	[LoginFlow][SelectServerEntryDiag] connetGetServerInfo serverCount=0 loadServerSuccess=false autoOpen=true
LUA:2026-07-23 13:03:47:(Error)	[LoginFlow][SelectServerEntryDiag] SetGetServerResult result=1 autoOpen=true hasInstance=true
LUA:2026-07-23 13:03:47:(Error)	[SelectServerDiag] OnInit begin serverCount=3
LUA:2026-07-23 13:03:47:(Error)	[SelectServerDiag] OnInit server index=0 area=测试专区 name=技术测试 serverid=1000000001 groupKey=1000000001 ip=193.112.65.157 port=42001 flag=3 status=0
LUA:2026-07-23 13:03:47:(Error)	[SelectServerDiag] OnInit server index=1 area=畅玩2026 name=苍穹01区 serverid=1000000002 groupKey=1000000002 ip=193.112.65.157 port=42002 flag=2 status=0
LUA:2026-07-23 13:03:47:(Error)	[SelectServerDiag] OnInit server index=2 area=畅玩2026 name=苍穹02区 serverid=1101961002 groupKey=1101961002 ip=193.112.65.157 port=42003 flag=2 status=0
LUA:2026-07-23 13:03:47:(Error)	[SelectServerDiag] OnInit end areaMapCount=3 recommendArea=推荐 recommendCount=2
LUA:2026-07-23 13:03:47:(Error)	[LoginFlow][SelectServerEntryDiag] checkLoad host=193.112.65.157 port=42001 key=1000000001
LUA:2026-07-23 13:03:47:(Error)	[LoginFlow][SelectServerEntryDiag] OpenSelectServersDialog begin loadServerSuccess=true autoOpen=true hasServer=true selectArea=测试专区 selectServer=技术测试
LUA:2026-07-23 13:03:47:(Error)	[LoginFlow][SelectServerEntryDiag] OpenSelectServersDialog before ToServerChoose
LUA:2026-07-23 13:03:47:(Error)	[LoginFlow][SelectServerEntryDiag] OpenSelectServersDialog after ToServerChoose selectArea=测试专区 selectServer=技术测试
LUA:2026-07-23 13:03:47:(Error)	[LoginFlow][SelectServerEntryDiag] OpenSelectServersDialog before SelectServersDialog.getInstanceAndShow
LUA:2026-07-23 13:03:47:(Error)	[SelectServerDiag] OnCreate begin
LUA:2026-07-23 13:03:47:(Error)	[SelectServerDiag] OnCreate windows ok okBtn=true returnBtn=true serverPane=true areaPane=true
LUA:2026-07-23 13:03:47:(Error)	[SelectServerDiag] OnInit begin serverCount=3
LUA:2026-07-23 13:03:47:(Error)	[SelectServerDiag] OnInit server index=0 area=测试专区 name=技术测试 serverid=1000000001 groupKey=1000000001 ip=193.112.65.157 port=42001 flag=3 status=0
LUA:2026-07-23 13:03:47:(Error)	[SelectServerDiag] OnInit server index=1 area=畅玩2026 name=苍穹01区 serverid=1000000002 groupKey=1000000002 ip=193.112.65.157 port=42002 flag=2 status=0
LUA:2026-07-23 13:03:47:(Error)	[SelectServerDiag] OnInit server index=2 area=畅玩2026 name=苍穹02区 serverid=1101961002 groupKey=1101961002 ip=193.112.65.157 port=42003 flag=2 status=0
LUA:2026-07-23 13:03:47:(Error)	[SelectServerDiag] OnInit end areaMapCount=3 recommendArea=推荐 recommendCount=2
LUA:2026-07-23 13:03:47:(Error)	[SelectServerDiag] OnCreate after OnInit areaMapCount=3 selectArea=nil
LUA:2026-07-23 13:03:47:(Error)	[SelectServerDiag] InitAreaList begin areaMapCount=3 currentSelect=nil
LUA:2026-07-23 13:03:47:(Error)	[SelectServerDiag] InitAreaList sorted area id=0 name=推荐 serverCount=2
LUA:2026-07-23 13:03:47:(Error)	[SelectServerDiag] InitAreaList sorted area id=1 name=测试专区 serverCount=1
LUA:2026-07-23 13:03:47:(Error)	[SelectServerDiag] InitAreaList sorted area id=2 name=畅玩2026 serverCount=2
LUA:2026-07-23 13:03:47:(Error)	[SelectServerDiag] GetDefaultSelectAreaName begin selfSelect=nil areaSortCount=3
LUA:2026-07-23 13:03:47:(Error)	[SelectServerDiag] GetDefaultSelectAreaName loginManagerSelect=测试专区
LUA:2026-07-23 13:03:47:(Error)	[SelectServerDiag] GetDefaultSelectAreaName keep selectArea=测试专区 serverCount=1
LUA:2026-07-23 13:03:47:(Error)	[SelectServerDiag] InitAreaList selectedArea=测试专区
LUA:2026-07-23 13:03:47:(Error)	[SelectServerDiag] InitAreaList create areaCell index=1 id=0 name=推荐 selected=测试专区 serverCount=2
LUA:2026-07-23 13:03:47:(Error)	[SelectServerDiag] InitAreaList create areaCell index=2 id=1 name=测试专区 selected=测试专区 serverCount=1
LUA:2026-07-23 13:03:47:(Error)	[SelectServerDiag] InitAreaList create areaCell index=3 id=2 name=畅玩2026 selected=测试专区 serverCount=2
LUA:2026-07-23 13:03:47:(Error)	[SelectServerDiag] InitAreaList end createdAreaCells=3 selected=测试专区
LUA:2026-07-23 13:03:47:(Error)	[SelectServerDiag] OnCreate after InitAreaList areaCells=3 selectArea=测试专区
LUA:2026-07-23 13:03:47:(Error)	[SelectServerDiag] ClearAllServerCells count=0
LUA:2026-07-23 13:03:47:(Error)	[SelectServerDiag] RefreshServerCells begin selectedArg=测试专区 selfSelect=测试专区 areaMapCount=3
LUA:2026-07-23 13:03:47:(Error)	[SelectServerDiag] RefreshServerCells selectedAreaFound=true selectedAreaName=测试专区 serverCount=1 lastSelectID=-1
LUA:2026-07-23 13:03:47:(Error)	[SelectServerDiag] RefreshServerCells before sort serverTableCount=1 selectedLast=-1
LUA:2026-07-23 13:03:47:(Error)	[SelectServerDiag] RefreshServerCells create serverCell index=1 serverid=1000000001 name=技术测试 orgid=1000000001 sort=999999
LUA:2026-07-23 13:03:47:(Error)	[SelectServerDiag] RefreshServerCells created serverCells=1 finalSelected=1000000001
LUA:2026-07-23 13:03:47:(Error)	[SelectServerDiag] DeselectOtherServerBtn selectArea=测试专区 serverCells=1
LUA:2026-07-23 13:03:47:(Error)	[SelectServerDiag] DeselectOtherServerBtn selectArea=测试专区 serverCells=1
LUA:2026-07-23 13:03:47:(Error)	[SelectServerDiag] OnCreate after RefreshServerCells serverCells=1 selectArea=测试专区
LUA:2026-07-23 13:03:47:(Error)	[SelectServerDiag] SelectCurrentAreaBtn selectArea=测试专区 areaCells=3
LUA:2026-07-23 13:03:47:(Error)	[SelectServerDiag] DeselectOtherServerBtn selectArea=测试专区 serverCells=1
LUA:2026-07-23 13:03:47:(Error)	[LoginFlow][SelectServerEntryDiag] OpenSelectServersDialog after SelectServersDialog.getInstanceAndShow
2026-07-23 13:03:47:(Warn)	[LoginFlow] OnAutoFailed op=7 e=0 accountLen=0 detail=server attr
2026-07-23 13:03:47:(Warn)	[LoginFlow] OnAutoFailed op=3 e=0 accountLen=0 detail=server attr;
LUA:2026-07-23 13:03:49:(Error)	[SelectServerDiag] ClearAllServerCells count=1
LUA:2026-07-23 13:03:49:(Error)	[SelectServerDiag] ClearAllAreaCells count=3
LUA:2026-07-23 13:03:49:(Error)	[LoginFlow][SelectServerEntryDiag] getInstanceAndShow autoArg=nil currentAuto=false loadServerSuccess=false hasInstance=false
LUA:2026-07-23 13:03:49:(Error)	[LoginFlow][SelectServerEntryDiag] connetGetServerInfo serverCount=3 loadServerSuccess=false autoOpen=false
LUA:2026-07-23 13:03:49:(Error)	[SelectServerDiag] OnInit begin serverCount=3
LUA:2026-07-23 13:03:49:(Error)	[SelectServerDiag] OnInit server index=0 area=测试专区 name=技术测试 serverid=1000000001 groupKey=1000000001 ip=193.112.65.157 port=42001 flag=3 status=0
LUA:2026-07-23 13:03:49:(Error)	[SelectServerDiag] OnInit server index=1 area=畅玩2026 name=苍穹01区 serverid=1000000002 groupKey=1000000002 ip=193.112.65.157 port=42002 flag=2 status=0
LUA:2026-07-23 13:03:49:(Error)	[SelectServerDiag] OnInit server index=2 area=畅玩2026 name=苍穹02区 serverid=1101961002 groupKey=1101961002 ip=193.112.65.157 port=42003 flag=2 status=0
LUA:2026-07-23 13:03:49:(Error)	[SelectServerDiag] OnInit end areaMapCount=3 recommendArea=推荐 recommendCount=2
LUA:2026-07-23 13:03:49:(Error)	[LoginFlow][SelectServerEntryDiag] checkLoad host=193.112.65.157 port=42001 key=1000000001
2026-07-23 13:03:49:(Warn)	[LoginFlow] OnAutoFailed op=7 e=0 accountLen=0 detail=server attr
LUA:2026-07-23 13:03:49:(Error)	[LoginFlow][SelectServerEntryDiag] SetServerLoad serverKey=1000000001 serverLoad=1
LUA:2026-07-23 13:03:49:(Error)	[LoginFlow][SelectServerEntryDiag] setServerStatus matched serverid=1000000001 serverLoad=1
2026-07-23 13:03:49:(Warn)	[LoginFlow] OnAutoFailed op=3 e=0 accountLen=0 detail=server attr;
LUA:2026-07-23 13:03:49:(Error)	[LoginFlow][SelectServerEntryDiag] setServerStatus matched serverid=1000000001 serverLoad=1
LUA:2026-07-23 13:03:50:(Error)	[LoginFlow][SelectServerEntryDiag] HandleLoginBtnClick serverLoad=1 serverid=1000000001 status=0 loadHead=true loadKey=1000000001 loadState=1
LUA:2026-07-23 13:03:50:(Error)	[LoginFlow][SelectServerEntryDiag] DoEnterGame serverid=1000000001 couldEntry=true
LUA:2026-07-23 13:03:50:(Error)	[LoginFlow][SelectServerEntryDiag] LoginGame begin accountLen=6 keyLen=6 channelLen=0
LUA:2026-07-23 13:03:50:(Error)	[LoginFlow][SelectServerEntryDiag] LoginGame CreateConnection before serverid=1000000001 servername=技术测试 area=测试专区 host=193.112.65.157 port=42001 connectAccountLen=6 hasComma=false
LUA:2026-07-23 13:03:50:(Error)	[LoginFlow][SelectServerEntryDiag] LoginGame CreateConnection returned
LUA:2026-07-23 13:03:50:(Error)	[LoginFlow][SelectServerEntryDiag] LoginGame security type set
LUA:2026-07-23 13:03:50:(Error)	[LoginFlow][SelectServerEntryDiag] LoginGame waiting dialog shown
2026-07-23 13:03:50:(Warn)	macAddress = 04:42:1A:A8:63:75, ipAddress = 172.23.48.1
2026-07-23 13:03:50:(Error)	ERROR: LJFMOpen::OpenFile(name:/effect/geffect/skill/mt3_ss_da/mt3_ss_da_1.eff.inf))

2026-07-23 13:03:50:(Error)	ERROR: LJFMOpen::OpenFile(name:/effect/geffect/skill/mt3_ss_da/mt3_ss_da_2.eff.inf))

2026-07-23 13:03:50:(Error)	ERROR: LJFMOpen::OpenFile(name:/effect/geffect/skill/mt3_dly_3/mt3_dly_3_shouji.eff.inf))

2026-07-23 13:03:50:(Error)	ERROR: LJFMOpen::OpenFile(name:/effect/geffect/skill/mt3_ms_3/mt3_ms_3.eff.inf))

2026-07-23 13:03:50:(Error)	ERROR: LJFMOpen::OpenFile(name:/effect/geffect/skill/mt3_fs_da/mt3_fs_da_shouji.eff.inf))

2026-07-23 13:03:50:(Error)	ERROR: LJFMOpen::OpenFile(name:/effect/geffect/skill/mt3_ms_da/mt3_ms_da.eff.inf))

2026-07-23 13:03:50:(Error)	ERROR: LJFMOpen::OpenFile(name:/effect/geffect/skill/mt_ari/ziyidie_1.eff.inf))

2026-07-23 13:03:50:(Error)	ERROR: LJFMOpen::OpenFile(name:/effect/geffect/skill/mt_ari/ziyidie_2.eff.inf))

2026-07-23 13:03:50:(Error)	ERROR: LJFMOpen::OpenFile(name:/effect/geffect/skill/mt_ari/mt_tiandingzhiguo_shang_1.eff.inf))

2026-07-23 13:03:50:(Error)	ERROR: LJFMOpen::OpenFile(name:/effect/geffect/skill/mt_ari/mt_tiandingzhiguo_shang_2.eff.inf))

2026-07-23 13:03:50:(Error)	ERROR: LJFMOpen::OpenFile(name:/effect/geffect/skill/mt3_wq_jifengshu/mt3_wq_jifengshu.eff.inf))

2026-07-23 13:03:50:(Error)	ERROR: LJFMOpen::OpenFile(name:/effect/geffect/skill/mt3_fs_2/mt3_fs_2_shifa_shang.eff.inf))

2026-07-23 13:03:50:(Error)	ERROR: LJFMOpen::OpenFile(name:/effect/geffect/skill/mt3_dly_6/mt3_dly_6.eff.inf))

2026-07-23 13:03:50:(Error)	ERROR: LJFMOpen::OpenFile(name:/effect/geffect/skill/mt3_dz_5/mt3_dz_5.eff.inf))

2026-07-23 13:03:50:(Error)	ERROR: LJFMOpen::OpenFile(name:/effect/geffect/skill/mt_ari/mt3_flzt.eff.inf))

2026-07-23 13:03:50:(Error)	ERROR: LJFMOpen::OpenFile(name:/effect/geffect/skill/mt3_fs_5/mt3_fs_5.eff.inf))

2026-07-23 13:03:50:(Error)	ERROR: LJFMOpen::OpenFile(name:/effect/geffect/skill/aobao_hit/aobao_hit.eff.inf))

2026-07-23 13:03:50:(Error)	ERROR: LJFMOpen::OpenFile(name:/effect/geffect/skill/acc3-st/Cc.yj.eff.inf))

2026-07-23 13:03:50:(Error)	ERROR: LJFMOpen::OpenFile(name:/effect/geffect/skill/mt_shouliezitai/mt_shouliezitai.eff.inf))

2026-07-23 13:03:50:(Error)	ERROR: LJFMOpen::OpenFile(name:/effect/geffect/skill/mt_tiandingzhiguo/mt_tiandingzhiguo_shang_1.eff.inf))

2026-07-23 13:03:50:(Error)	ERROR: LJFMOpen::OpenFile(name:/effect/geffect/skill/mt_tiandingzhiguo/mt_tiandingzhiguo_shang_2.eff.inf))

2026-07-23 13:03:50:(Error)	ERROR: LJFMOpen::OpenFile(name:/effect/geffect/skill/mt_tiandingzhiguo/mt_tiandingzhiguo_xia.eff.inf))

2026-07-23 13:03:50:(Error)	ERROR: LJFMOpen::OpenFile(name:/effect/geffect/skill/mt_shenyuzenan/mt_shenyuzenan_mingzhong.eff.inf))

2026-07-23 13:03:50:(Error)	ERROR: LJFMOpen::OpenFile(name:/effect/geffect/skill/mt3_wq_poxuekuanggong/mt3_wq_poxuekuanggong.eff.inf))

2026-07-23 13:03:50:(Error)	ERROR: LJFMOpen::OpenFile(name:/effect/geffect/skill/mt_guai_taishanyading/mt_guai_taishanyading.eff.inf))

2026-07-23 13:03:50:(Error)	ERROR: LJFMOpen::OpenFile(name:/effect/geffect/skill/mt3_pet_leishenzhinu/mt3_pet_leitingzhinu_1.eff.inf))

2026-07-23 13:03:50:(Error)	ERROR: LJFMOpen::OpenFile(name:/effect/geffect/skill/mt3_pet_leishenzhinu/mt3_pet_leitingzhinu_2.eff.inf))

2026-07-23 13:03:50:(Error)	ERROR: LJFMOpen::OpenFile(name:/effect/geffect/skill/mt3_lr_5/shengmingxianji_shouji.eff.inf))

2026-07-23 13:03:50:(Error)	ERROR: LJFMOpen::OpenFile(name:/map/map_1625_mowangzhai/goto.dat))

2026-07-23 13:03:51:(Error)	ERROR: LJFMOpen::OpenFile(name:/effect/animation/sprite/di/di2_res000.dds))

2026-07-23 13:03:51:(Error)	ERROR: LJFMOpen::OpenFile(name:/effect/animation/sprite/npc/ercichenghao/menpaidaoshi_res000.dds))

2026-07-23 13:03:51:(Error)	ERROR: LJFMOpen::OpenFile(name:/effect/animation/sprite/npc/ercichenghao/menpaidaoshi_res000.png))

2026-07-23 13:03:52:(Error)	ERROR: LJFMOpen::OpenFile(name:/effect/animation/ui/dianji/putong/zhiyin_res000.dds))

2026-07-23 13:04:00:(Error)	ERROR: LJFMOpen::OpenFile(name:/effect/particle/texture/animation/a00030_2x1.dds))

LUA:2026-07-23 13:11:45:(Error)	loginBg.OnCreate step=enter
LUA:2026-07-23 13:11:45:(Error)	loginBg.OnCreate step=after Dialog.OnCreate
LUA:2026-07-23 13:11:45:(Error)	loginBg.OnCreate step=after WindowManager
LUA:2026-07-23 13:11:45:(Error)	loginBg.OnCreate step=after getWindow
LUA:2026-07-23 13:11:45:(Error)	loginBg.OnCreate step=after GetScreenPosOfCenter
LUA:2026-07-23 13:11:45:(Error)	loginBg.OnCreate step=after NuclearPoint
LUA:2026-07-23 13:11:45:(Error)	loginBg.OnCreate step=after UISpineSprite.new
LUA:2026-07-23 13:11:45:(Error)	loginBg.OnCreate step=after SetUILocation
LUA:2026-07-23 13:11:45:(Error)	loginBg.OnCreate step=after setRenderEffect
LUA:2026-07-23 13:11:45:(Error)	loginBg.OnCreate step=leave
LUA:2026-07-23 13:11:45:(Error)	LoginQuickDialog.getInstanceAndShow enter
LUA:2026-07-23 13:11:45:(Error)	LoginQuickDialog.OnCreate enter
LUA:2026-07-23 13:11:45:(Error)	LoginQuickDialog.OnCreate LoginBtn1 bound
LUA:2026-07-23 13:11:45:(Error)	LoginQuickDialog.getInstanceAndShow leave
LUA:2026-07-23 13:11:46:(Error)	LoginQuickDialog.HandleLoginMouseClicked enter
LUA:2026-07-23 13:11:46:(Error)	LoginQuickDialog.HandleLoginMouseClicked leave
2026-07-23 13:11:47:(Warn)	[LoginHTTP] response missing credential; using submitted credential fallback register=0 accountLen=6
LUA:2026-07-23 13:11:47:(Error)	[LoginFlow][SelectServerEntryDiag] getInstanceAndShow autoArg=true currentAuto=false loadServerSuccess=false hasInstance=false
LUA:2026-07-23 13:11:47:(Error)	[LoginFlow][SelectServerEntryDiag] connetGetServerInfo serverCount=0 loadServerSuccess=false autoOpen=true
LUA:2026-07-23 13:11:47:(Error)	[LoginFlow][SelectServerEntryDiag] SetGetServerResult result=1 autoOpen=true hasInstance=true
LUA:2026-07-23 13:11:47:(Error)	[SelectServerDiag] OnInit begin serverCount=3
LUA:2026-07-23 13:11:47:(Error)	[SelectServerDiag] OnInit server index=0 area=测试专区 name=技术测试 serverid=1000000001 groupKey=1000000001 ip=193.112.65.157 port=42001 flag=3 status=0
LUA:2026-07-23 13:11:47:(Error)	[SelectServerDiag] OnInit server index=1 area=畅玩2026 name=苍穹01区 serverid=1000000002 groupKey=1000000002 ip=193.112.65.157 port=42002 flag=2 status=0
LUA:2026-07-23 13:11:47:(Error)	[SelectServerDiag] OnInit server index=2 area=畅玩2026 name=苍穹02区 serverid=1101961002 groupKey=1101961002 ip=193.112.65.157 port=42003 flag=2 status=0
LUA:2026-07-23 13:11:47:(Error)	[SelectServerDiag] OnInit end areaMapCount=3 recommendArea=推荐 recommendCount=2
LUA:2026-07-23 13:11:47:(Error)	[LoginFlow][SelectServerEntryDiag] checkLoad host=193.112.65.157 port=42001 key=1000000001
LUA:2026-07-23 13:11:47:(Error)	[LoginFlow][SelectServerEntryDiag] OpenSelectServersDialog begin loadServerSuccess=true autoOpen=true hasServer=true selectArea=测试专区 selectServer=技术测试
LUA:2026-07-23 13:11:47:(Error)	[LoginFlow][SelectServerEntryDiag] OpenSelectServersDialog before ToServerChoose
LUA:2026-07-23 13:11:47:(Error)	[LoginFlow][SelectServerEntryDiag] OpenSelectServersDialog after ToServerChoose selectArea=测试专区 selectServer=技术测试
LUA:2026-07-23 13:11:47:(Error)	[LoginFlow][SelectServerEntryDiag] OpenSelectServersDialog before SelectServersDialog.getInstanceAndShow
LUA:2026-07-23 13:11:47:(Error)	[SelectServerDiag] OnCreate begin
LUA:2026-07-23 13:11:47:(Error)	[SelectServerDiag] OnCreate windows ok okBtn=true returnBtn=true serverPane=true areaPane=true
LUA:2026-07-23 13:11:47:(Error)	[SelectServerDiag] OnInit begin serverCount=3
LUA:2026-07-23 13:11:47:(Error)	[SelectServerDiag] OnInit server index=0 area=测试专区 name=技术测试 serverid=1000000001 groupKey=1000000001 ip=193.112.65.157 port=42001 flag=3 status=0
LUA:2026-07-23 13:11:47:(Error)	[SelectServerDiag] OnInit server index=1 area=畅玩2026 name=苍穹01区 serverid=1000000002 groupKey=1000000002 ip=193.112.65.157 port=42002 flag=2 status=0
LUA:2026-07-23 13:11:47:(Error)	[SelectServerDiag] OnInit server index=2 area=畅玩2026 name=苍穹02区 serverid=1101961002 groupKey=1101961002 ip=193.112.65.157 port=42003 flag=2 status=0
LUA:2026-07-23 13:11:47:(Error)	[SelectServerDiag] OnInit end areaMapCount=3 recommendArea=推荐 recommendCount=2
LUA:2026-07-23 13:11:47:(Error)	[SelectServerDiag] OnCreate after OnInit areaMapCount=3 selectArea=nil
LUA:2026-07-23 13:11:47:(Error)	[SelectServerDiag] InitAreaList begin areaMapCount=3 currentSelect=nil
LUA:2026-07-23 13:11:47:(Error)	[SelectServerDiag] InitAreaList sorted area id=0 name=推荐 serverCount=2
LUA:2026-07-23 13:11:47:(Error)	[SelectServerDiag] InitAreaList sorted area id=1 name=测试专区 serverCount=1
LUA:2026-07-23 13:11:47:(Error)	[SelectServerDiag] InitAreaList sorted area id=2 name=畅玩2026 serverCount=2
LUA:2026-07-23 13:11:47:(Error)	[SelectServerDiag] GetDefaultSelectAreaName begin selfSelect=nil areaSortCount=3
LUA:2026-07-23 13:11:47:(Error)	[SelectServerDiag] GetDefaultSelectAreaName loginManagerSelect=测试专区
LUA:2026-07-23 13:11:47:(Error)	[SelectServerDiag] GetDefaultSelectAreaName keep selectArea=测试专区 serverCount=1
LUA:2026-07-23 13:11:47:(Error)	[SelectServerDiag] InitAreaList selectedArea=测试专区
LUA:2026-07-23 13:11:47:(Error)	[SelectServerDiag] InitAreaList create areaCell index=1 id=0 name=推荐 selected=测试专区 serverCount=2
LUA:2026-07-23 13:11:47:(Error)	[SelectServerDiag] InitAreaList create areaCell index=2 id=1 name=测试专区 selected=测试专区 serverCount=1
LUA:2026-07-23 13:11:47:(Error)	[SelectServerDiag] InitAreaList create areaCell index=3 id=2 name=畅玩2026 selected=测试专区 serverCount=2
LUA:2026-07-23 13:11:47:(Error)	[SelectServerDiag] InitAreaList end createdAreaCells=3 selected=测试专区
LUA:2026-07-23 13:11:47:(Error)	[SelectServerDiag] OnCreate after InitAreaList areaCells=3 selectArea=测试专区
LUA:2026-07-23 13:11:47:(Error)	[SelectServerDiag] ClearAllServerCells count=0
LUA:2026-07-23 13:11:47:(Error)	[SelectServerDiag] RefreshServerCells begin selectedArg=测试专区 selfSelect=测试专区 areaMapCount=3
LUA:2026-07-23 13:11:47:(Error)	[SelectServerDiag] RefreshServerCells selectedAreaFound=true selectedAreaName=测试专区 serverCount=1 lastSelectID=-1
LUA:2026-07-23 13:11:47:(Error)	[SelectServerDiag] RefreshServerCells before sort serverTableCount=1 selectedLast=-1
LUA:2026-07-23 13:11:47:(Error)	[SelectServerDiag] RefreshServerCells create serverCell index=1 serverid=1000000001 name=技术测试 orgid=1000000001 sort=999999
LUA:2026-07-23 13:11:47:(Error)	[SelectServerDiag] RefreshServerCells created serverCells=1 finalSelected=1000000001
LUA:2026-07-23 13:11:47:(Error)	[SelectServerDiag] DeselectOtherServerBtn selectArea=测试专区 serverCells=1
LUA:2026-07-23 13:11:47:(Error)	[SelectServerDiag] DeselectOtherServerBtn selectArea=测试专区 serverCells=1
LUA:2026-07-23 13:11:47:(Error)	[SelectServerDiag] OnCreate after RefreshServerCells serverCells=1 selectArea=测试专区
LUA:2026-07-23 13:11:47:(Error)	[SelectServerDiag] SelectCurrentAreaBtn selectArea=测试专区 areaCells=3
LUA:2026-07-23 13:11:47:(Error)	[SelectServerDiag] DeselectOtherServerBtn selectArea=测试专区 serverCells=1
LUA:2026-07-23 13:11:47:(Error)	[LoginFlow][SelectServerEntryDiag] OpenSelectServersDialog after SelectServersDialog.getInstanceAndShow
2026-07-23 13:11:47:(Warn)	[LoginFlow] OnAutoFailed op=7 e=0 accountLen=0 detail=server attr
2026-07-23 13:11:47:(Warn)	[LoginFlow] OnAutoFailed op=3 e=0 accountLen=0 detail=server attr;
LUA:2026-07-23 13:11:50:(Error)	[SelectServerDiag] ClearAllServerCells count=1
LUA:2026-07-23 13:11:50:(Error)	[SelectServerDiag] ClearAllAreaCells count=3
LUA:2026-07-23 13:11:50:(Error)	[LoginFlow][SelectServerEntryDiag] getInstanceAndShow autoArg=nil currentAuto=false loadServerSuccess=false hasInstance=false
LUA:2026-07-23 13:11:50:(Error)	[LoginFlow][SelectServerEntryDiag] connetGetServerInfo serverCount=3 loadServerSuccess=false autoOpen=false
LUA:2026-07-23 13:11:50:(Error)	[SelectServerDiag] OnInit begin serverCount=3
LUA:2026-07-23 13:11:50:(Error)	[SelectServerDiag] OnInit server index=0 area=测试专区 name=技术测试 serverid=1000000001 groupKey=1000000001 ip=193.112.65.157 port=42001 flag=3 status=0
LUA:2026-07-23 13:11:50:(Error)	[SelectServerDiag] OnInit server index=1 area=畅玩2026 name=苍穹01区 serverid=1000000002 groupKey=1000000002 ip=193.112.65.157 port=42002 flag=2 status=0
LUA:2026-07-23 13:11:50:(Error)	[SelectServerDiag] OnInit server index=2 area=畅玩2026 name=苍穹02区 serverid=1101961002 groupKey=1101961002 ip=193.112.65.157 port=42003 flag=2 status=0
LUA:2026-07-23 13:11:50:(Error)	[SelectServerDiag] OnInit end areaMapCount=3 recommendArea=推荐 recommendCount=2
LUA:2026-07-23 13:11:50:(Error)	[LoginFlow][SelectServerEntryDiag] checkLoad host=193.112.65.157 port=42001 key=1000000001
2026-07-23 13:11:50:(Warn)	[LoginFlow] OnAutoFailed op=7 e=0 accountLen=0 detail=server attr
LUA:2026-07-23 13:11:50:(Error)	[LoginFlow][SelectServerEntryDiag] SetServerLoad serverKey=1000000001 serverLoad=1
LUA:2026-07-23 13:11:50:(Error)	[LoginFlow][SelectServerEntryDiag] setServerStatus matched serverid=1000000001 serverLoad=1
2026-07-23 13:11:50:(Warn)	[LoginFlow] OnAutoFailed op=3 e=0 accountLen=0 detail=server attr;
LUA:2026-07-23 13:11:50:(Error)	[LoginFlow][SelectServerEntryDiag] setServerStatus matched serverid=1000000001 serverLoad=1
LUA:2026-07-23 13:11:50:(Error)	[LoginFlow][SelectServerEntryDiag] HandleLoginBtnClick serverLoad=1 serverid=1000000001 status=0 loadHead=true loadKey=1000000001 loadState=1
LUA:2026-07-23 13:11:50:(Error)	[LoginFlow][SelectServerEntryDiag] DoEnterGame serverid=1000000001 couldEntry=true
LUA:2026-07-23 13:11:50:(Error)	[LoginFlow][SelectServerEntryDiag] LoginGame begin accountLen=6 keyLen=6 channelLen=0
LUA:2026-07-23 13:11:50:(Error)	[LoginFlow][SelectServerEntryDiag] LoginGame CreateConnection before serverid=1000000001 servername=技术测试 area=测试专区 host=193.112.65.157 port=42001 connectAccountLen=6 hasComma=false
LUA:2026-07-23 13:11:50:(Error)	[LoginFlow][SelectServerEntryDiag] LoginGame CreateConnection returned
LUA:2026-07-23 13:11:50:(Error)	[LoginFlow][SelectServerEntryDiag] LoginGame security type set
LUA:2026-07-23 13:11:50:(Error)	[LoginFlow][SelectServerEntryDiag] LoginGame waiting dialog shown
2026-07-23 13:11:51:(Warn)	macAddress = 04:42:1A:A8:63:75, ipAddress = 172.23.48.1
2026-07-23 13:11:51:(Error)	ERROR: LJFMOpen::OpenFile(name:/effect/geffect/skill/mt3_ss_da/mt3_ss_da_1.eff.inf))

2026-07-23 13:11:51:(Error)	ERROR: LJFMOpen::OpenFile(name:/effect/geffect/skill/mt3_ss_da/mt3_ss_da_2.eff.inf))

2026-07-23 13:11:51:(Error)	ERROR: LJFMOpen::OpenFile(name:/effect/geffect/skill/mt3_dly_3/mt3_dly_3_shouji.eff.inf))

2026-07-23 13:11:51:(Error)	ERROR: LJFMOpen::OpenFile(name:/effect/geffect/skill/mt3_ms_3/mt3_ms_3.eff.inf))

2026-07-23 13:11:51:(Error)	ERROR: LJFMOpen::OpenFile(name:/effect/geffect/skill/mt3_fs_da/mt3_fs_da_shouji.eff.inf))

2026-07-23 13:11:51:(Error)	ERROR: LJFMOpen::OpenFile(name:/effect/geffect/skill/mt3_ms_da/mt3_ms_da.eff.inf))

2026-07-23 13:11:51:(Error)	ERROR: LJFMOpen::OpenFile(name:/effect/geffect/skill/mt_ari/ziyidie_1.eff.inf))

2026-07-23 13:11:51:(Error)	ERROR: LJFMOpen::OpenFile(name:/effect/geffect/skill/mt_ari/ziyidie_2.eff.inf))

2026-07-23 13:11:51:(Error)	ERROR: LJFMOpen::OpenFile(name:/effect/geffect/skill/mt_ari/mt_tiandingzhiguo_shang_1.eff.inf))

2026-07-23 13:11:51:(Error)	ERROR: LJFMOpen::OpenFile(name:/effect/geffect/skill/mt_ari/mt_tiandingzhiguo_shang_2.eff.inf))

2026-07-23 13:11:51:(Error)	ERROR: LJFMOpen::OpenFile(name:/effect/geffect/skill/mt3_wq_jifengshu/mt3_wq_jifengshu.eff.inf))

2026-07-23 13:11:51:(Error)	ERROR: LJFMOpen::OpenFile(name:/effect/geffect/skill/mt3_fs_2/mt3_fs_2_shifa_shang.eff.inf))

2026-07-23 13:11:51:(Error)	ERROR: LJFMOpen::OpenFile(name:/effect/geffect/skill/mt3_dly_6/mt3_dly_6.eff.inf))

2026-07-23 13:11:51:(Error)	ERROR: LJFMOpen::OpenFile(name:/effect/geffect/skill/mt3_dz_5/mt3_dz_5.eff.inf))

2026-07-23 13:11:51:(Error)	ERROR: LJFMOpen::OpenFile(name:/effect/geffect/skill/mt_ari/mt3_flzt.eff.inf))

2026-07-23 13:11:51:(Error)	ERROR: LJFMOpen::OpenFile(name:/effect/geffect/skill/mt3_fs_5/mt3_fs_5.eff.inf))

2026-07-23 13:11:51:(Error)	ERROR: LJFMOpen::OpenFile(name:/effect/geffect/skill/aobao_hit/aobao_hit.eff.inf))

2026-07-23 13:11:51:(Error)	ERROR: LJFMOpen::OpenFile(name:/effect/geffect/skill/acc3-st/Cc.yj.eff.inf))

2026-07-23 13:11:51:(Error)	ERROR: LJFMOpen::OpenFile(name:/effect/geffect/skill/mt_shouliezitai/mt_shouliezitai.eff.inf))

2026-07-23 13:11:51:(Error)	ERROR: LJFMOpen::OpenFile(name:/effect/geffect/skill/mt_tiandingzhiguo/mt_tiandingzhiguo_shang_1.eff.inf))

2026-07-23 13:11:51:(Error)	ERROR: LJFMOpen::OpenFile(name:/effect/geffect/skill/mt_tiandingzhiguo/mt_tiandingzhiguo_shang_2.eff.inf))

2026-07-23 13:11:51:(Error)	ERROR: LJFMOpen::OpenFile(name:/effect/geffect/skill/mt_tiandingzhiguo/mt_tiandingzhiguo_xia.eff.inf))

2026-07-23 13:11:51:(Error)	ERROR: LJFMOpen::OpenFile(name:/effect/geffect/skill/mt_shenyuzenan/mt_shenyuzenan_mingzhong.eff.inf))

2026-07-23 13:11:51:(Error)	ERROR: LJFMOpen::OpenFile(name:/effect/geffect/skill/mt3_wq_poxuekuanggong/mt3_wq_poxuekuanggong.eff.inf))

2026-07-23 13:11:51:(Error)	ERROR: LJFMOpen::OpenFile(name:/effect/geffect/skill/mt_guai_taishanyading/mt_guai_taishanyading.eff.inf))

2026-07-23 13:11:51:(Error)	ERROR: LJFMOpen::OpenFile(name:/effect/geffect/skill/mt3_pet_leishenzhinu/mt3_pet_leitingzhinu_1.eff.inf))

2026-07-23 13:11:51:(Error)	ERROR: LJFMOpen::OpenFile(name:/effect/geffect/skill/mt3_pet_leishenzhinu/mt3_pet_leitingzhinu_2.eff.inf))

2026-07-23 13:11:51:(Error)	ERROR: LJFMOpen::OpenFile(name:/effect/geffect/skill/mt3_lr_5/shengmingxianji_shouji.eff.inf))

2026-07-23 13:11:51:(Error)	ERROR: LJFMOpen::OpenFile(name:/map/map_1625_mowangzhai/goto.dat))

2026-07-23 13:11:51:(Error)	ERROR: LJFMOpen::OpenFile(name:/effect/animation/sprite/di/di2_res000.dds))

2026-07-23 13:11:53:(Error)	ERROR: LJFMOpen::OpenFile(name:/effect/animation/ui/dianji/putong/zhiyin_res000.dds))

2026-07-23 13:11:56:(Error)	ERROR: LJFMOpen::OpenFile(name:/effect/animation/sprite/npc/ercichenghao/menpaidaoshi_res000.dds))

2026-07-23 13:11:56:(Error)	ERROR: LJFMOpen::OpenFile(name:/effect/animation/sprite/npc/ercichenghao/menpaidaoshi_res000.png))

2026-07-23 13:11:59:(Error)	ERROR: LJFMOpen::OpenFile(name:/effect/geffect/sprite/npc/Add10xzise..eff.inf))

2026-07-23 13:12:00:(Error)	ERROR: LJFMOpen::OpenFile(name:/effect/animation/targetring_res000.dds))

2026-07-23 13:12:02:(Error)	ERROR: LJFMOpen::OpenFile(name:/map/map_1616_jianyecheng/goto.dat))

2026-07-23 13:12:12:(Error)	ERROR: LJFMOpen::OpenFile(name:/effect/geffect/sprite/npc/111.eff.inf))

2026-07-23 13:12:12:(Error)	ERROR: LJFMOpen::OpenFile(name:/effect/geffect/sprite/npc/105.eff.inf))

2026-07-23 13:12:36:(Error)	ERROR: LJFMOpen::OpenFile(name:/effect/animation/skill/lingbo1/landian.ani))

2026-07-23 13:12:36:(Error)	ERROR: LJFMOpen::OpenFile(name:/effect/geffect/sprite/npc/110.eff.inf))

2026-07-23 13:12:40:(Error)	ERROR: LJFMOpen::OpenFile(name:/map/map_1606_mhxybaoxiangguo/goto.dat))

2026-07-23 13:12:45:(Error)	ERROR: LJFMOpen::OpenFile(name:/effect/animation/xuexijineng_res000.dds))

2026-07-23 13:13:01:(Error)	ERROR: LJFMOpen::OpenFile(name:/model/mt_zuoqi/ride1/620/riding_stand1_res007.dds))

2026-07-23 13:13:01:(Error)	ERROR: LJFMOpen::OpenFile(name:/model/mt_zuoqi/ride1/620/riding_stand1_res004.dds))

2026-07-23 13:13:01:(Error)	ERROR: LJFMOpen::OpenFile(name:/model/mt_zuoqi/ride1/620/riding_stand1_res006.dds))

2026-07-23 13:13:01:(Error)	ERROR: LJFMOpen::OpenFile(name:/model/mt_zuoqi/ride1/620/riding_stand1_res003.dds))

2026-07-23 13:13:01:(Error)	ERROR: LJFMOpen::OpenFile(name:/model/mt_zuoqi/ride1/620/riding_stand1_res000.dds))

2026-07-23 13:13:01:(Error)	ERROR: LJFMOpen::OpenFile(name:/model/mt_zuoqi/ride1/620/riding_stand1_res001.dds))

2026-07-23 13:13:01:(Error)	ERROR: LJFMOpen::OpenFile(name:/model/mt_zuoqi/ride1/620/riding_stand1_res002.dds))

2026-07-23 13:13:01:(Error)	ERROR: LJFMOpen::OpenFile(name:/model/mt_zuoqi/ride1/620/riding_stand1_res005.dds))

LUA:2026-07-23 13:13:12:(Error)	loginBg.OnCreate step=enter
LUA:2026-07-23 13:13:12:(Error)	loginBg.OnCreate step=after Dialog.OnCreate
LUA:2026-07-23 13:13:12:(Error)	loginBg.OnCreate step=after WindowManager
LUA:2026-07-23 13:13:12:(Error)	loginBg.OnCreate step=after getWindow
LUA:2026-07-23 13:13:12:(Error)	loginBg.OnCreate step=after GetScreenPosOfCenter
LUA:2026-07-23 13:13:12:(Error)	loginBg.OnCreate step=after NuclearPoint
LUA:2026-07-23 13:13:12:(Error)	loginBg.OnCreate step=after UISpineSprite.new
LUA:2026-07-23 13:13:12:(Error)	loginBg.OnCreate step=after SetUILocation
LUA:2026-07-23 13:13:12:(Error)	loginBg.OnCreate step=after setRenderEffect
LUA:2026-07-23 13:13:12:(Error)	loginBg.OnCreate step=leave
LUA:2026-07-23 13:13:13:(Error)	LoginQuickDialog.getInstanceAndShow enter
LUA:2026-07-23 13:13:13:(Error)	LoginQuickDialog.OnCreate enter
LUA:2026-07-23 13:13:13:(Error)	LoginQuickDialog.OnCreate LoginBtn1 bound
LUA:2026-07-23 13:13:13:(Error)	LoginQuickDialog.getInstanceAndShow leave
