Listening for transport dt_socket at address: 42998
2025-04-28 22:43:36,508 main ERROR root contains an invalid element or attribute "priority"
2025-04-28 22:43:36,519 main ERROR Unknown object "root" of type org.apache.logging.log4j.core.config.LoggerConfig is ignored: try nesting it inside one of: ["Appenders", "Loggers", "Properties", "Scripts", "CustomLevels"].
22:43:37.031 [main] ERROR SYSTEM - 载入/home/game/server1/game_server/gamedata/xml/auto/fire.pb.game.Srankawardreward.xml失败
com.thoughtworks.xstream.converters.ConversionException: fire.pb.game.Srankawardreward : fire.pb.game.Srankawardreward
---- Debugging information ----
message             : fire.pb.game.Srankawardreward
cause-exception     : com.thoughtworks.xstream.mapper.CannotResolveClassException
cause-message       : fire.pb.game.Srankawardreward
class               : java.util.TreeMap
required-type       : java.util.TreeMap
converter-type      : com.thoughtworks.xstream.converters.collections.TreeMapConverter
path                : /tree-map/entry/fire.pb.game.Srankawardreward
line number         : 6
version             : null
-------------------------------
	at com.thoughtworks.xstream.core.TreeUnmarshaller.convert(TreeUnmarshaller.java:79) ~[xstream-1.4.3.jar:?]
	at com.thoughtworks.xstream.core.AbstractReferenceUnmarshaller.convert(AbstractReferenceUnmarshaller.java:65) ~[xstream-1.4.3.jar:?]
	at com.thoughtworks.xstream.core.TreeUnmarshaller.convertAnother(TreeUnmarshaller.java:66) ~[xstream-1.4.3.jar:?]
	at com.thoughtworks.xstream.core.TreeUnmarshaller.convertAnother(TreeUnmarshaller.java:50) ~[xstream-1.4.3.jar:?]
	at com.thoughtworks.xstream.core.TreeUnmarshaller.start(TreeUnmarshaller.java:134) ~[xstream-1.4.3.jar:?]
	at com.thoughtworks.xstream.core.AbstractTreeMarshallingStrategy.unmarshal(AbstractTreeMarshallingStrategy.java:32) ~[xstream-1.4.3.jar:?]
	at com.thoughtworks.xstream.XStream.unmarshal(XStream.java:1058) ~[xstream-1.4.3.jar:?]
	at com.thoughtworks.xstream.XStream.unmarshal(XStream.java:1042) ~[xstream-1.4.3.jar:?]
	at com.thoughtworks.xstream.XStream.fromXML(XStream.java:922) ~[xstream-1.4.3.jar:?]
	at fire.pb.main.XStreamUnmarshaller.unmarshal(XStreamUnmarshaller.java:14) ~[gsxdb.jar:12781]
	at fire.pb.main.ConfigManager.init(ConfigManager.java:173) [gsxdb.jar:12781]
	at fire.pb.main.Gs.init(Gs.java:100) [gsxdb.jar:12781]
	at fire.pb.main.Gs.main(Gs.java:166) [gsxdb.jar:12781]
Caused by: com.thoughtworks.xstream.mapper.CannotResolveClassException: fire.pb.game.Srankawardreward
	at com.thoughtworks.xstream.mapper.DefaultMapper.realClass(DefaultMapper.java:56) ~[xstream-1.4.3.jar:?]
	at com.thoughtworks.xstream.mapper.MapperWrapper.realClass(MapperWrapper.java:30) ~[xstream-1.4.3.jar:?]
	at com.thoughtworks.xstream.mapper.DynamicProxyMapper.realClass(DynamicProxyMapper.java:55) ~[xstream-1.4.3.jar:?]
	at com.thoughtworks.xstream.mapper.MapperWrapper.realClass(MapperWrapper.java:30) ~[xstream-1.4.3.jar:?]
	at com.thoughtworks.xstream.mapper.PackageAliasingMapper.realClass(PackageAliasingMapper.java:88) ~[xstream-1.4.3.jar:?]
	at com.thoughtworks.xstream.mapper.MapperWrapper.realClass(MapperWrapper.java:30) ~[xstream-1.4.3.jar:?]
	at com.thoughtworks.xstream.mapper.ClassAliasingMapper.realClass(ClassAliasingMapper.java:79) ~[xstream-1.4.3.jar:?]
	at com.thoughtworks.xstream.mapper.MapperWrapper.realClass(MapperWrapper.java:30) ~[xstream-1.4.3.jar:?]
	at com.thoughtworks.xstream.mapper.MapperWrapper.realClass(MapperWrapper.java:30) ~[xstream-1.4.3.jar:?]
	at com.thoughtworks.xstream.mapper.MapperWrapper.realClass(MapperWrapper.java:30) ~[xstream-1.4.3.jar:?]
	at com.thoughtworks.xstream.mapper.MapperWrapper.realClass(MapperWrapper.java:30) ~[xstream-1.4.3.jar:?]
	at com.thoughtworks.xstream.mapper.MapperWrapper.realClass(MapperWrapper.java:30) ~[xstream-1.4.3.jar:?]
	at com.thoughtworks.xstream.mapper.MapperWrapper.realClass(MapperWrapper.java:30) ~[xstream-1.4.3.jar:?]
	at com.thoughtworks.xstream.mapper.ArrayMapper.realClass(ArrayMapper.java:74) ~[xstream-1.4.3.jar:?]
	at com.thoughtworks.xstream.mapper.MapperWrapper.realClass(MapperWrapper.java:30) ~[xstream-1.4.3.jar:?]
	at com.thoughtworks.xstream.mapper.MapperWrapper.realClass(MapperWrapper.java:30) ~[xstream-1.4.3.jar:?]
	at com.thoughtworks.xstream.mapper.MapperWrapper.realClass(MapperWrapper.java:30) ~[xstream-1.4.3.jar:?]
	at com.thoughtworks.xstream.mapper.MapperWrapper.realClass(MapperWrapper.java:30) ~[xstream-1.4.3.jar:?]
	at com.thoughtworks.xstream.mapper.MapperWrapper.realClass(MapperWrapper.java:30) ~[xstream-1.4.3.jar:?]
	at com.thoughtworks.xstream.mapper.MapperWrapper.realClass(MapperWrapper.java:30) ~[xstream-1.4.3.jar:?]
	at com.thoughtworks.xstream.mapper.MapperWrapper.realClass(MapperWrapper.java:30) ~[xstream-1.4.3.jar:?]
	at com.thoughtworks.xstream.mapper.CachingMapper.realClass(CachingMapper.java:45) ~[xstream-1.4.3.jar:?]
	at com.thoughtworks.xstream.core.util.HierarchicalStreams.readClassType(HierarchicalStreams.java:29) ~[xstream-1.4.3.jar:?]
	at com.thoughtworks.xstream.converters.collections.AbstractCollectionConverter.readItem(AbstractCollectionConverter.java:70) ~[xstream-1.4.3.jar:?]
	at com.thoughtworks.xstream.converters.collections.MapConverter.putCurrentEntryIntoMap(MapConverter.java:90) ~[xstream-1.4.3.jar:?]
	at com.thoughtworks.xstream.converters.collections.MapConverter.populateMap(MapConverter.java:78) ~[xstream-1.4.3.jar:?]
	at com.thoughtworks.xstream.converters.collections.TreeMapConverter.populateTreeMap(TreeMapConverter.java:141) ~[xstream-1.4.3.jar:?]
	at com.thoughtworks.xstream.converters.collections.TreeMapConverter.unmarshal(TreeMapConverter.java:104) ~[xstream-1.4.3.jar:?]
	at com.thoughtworks.xstream.core.TreeUnmarshaller.convert(TreeUnmarshaller.java:72) ~[xstream-1.4.3.jar:?]
	... 12 more
22:43:42.263 [main] ERROR SYSTEM - 载入/home/game/server1/game_server/gamedata/xml/auto/fire.pb.item.SFenJie.xml失败
com.thoughtworks.xstream.converters.ConversionException: fire.pb.item.SFenJie : fire.pb.item.SFenJie
---- Debugging information ----
message             : fire.pb.item.SFenJie
cause-exception     : com.thoughtworks.xstream.mapper.CannotResolveClassException
cause-message       : fire.pb.item.SFenJie
class               : java.util.TreeMap
required-type       : java.util.TreeMap
converter-type      : com.thoughtworks.xstream.converters.collections.TreeMapConverter
path                : /tree-map/entry/fire.pb.item.SFenJie
line number         : 6
version             : null
-------------------------------
	at com.thoughtworks.xstream.core.TreeUnmarshaller.convert(TreeUnmarshaller.java:79) ~[xstream-1.4.3.jar:?]
	at com.thoughtworks.xstream.core.AbstractReferenceUnmarshaller.convert(AbstractReferenceUnmarshaller.java:65) ~[xstream-1.4.3.jar:?]
	at com.thoughtworks.xstream.core.TreeUnmarshaller.convertAnother(TreeUnmarshaller.java:66) ~[xstream-1.4.3.jar:?]
	at com.thoughtworks.xstream.core.TreeUnmarshaller.convertAnother(TreeUnmarshaller.java:50) ~[xstream-1.4.3.jar:?]
	at com.thoughtworks.xstream.core.TreeUnmarshaller.start(TreeUnmarshaller.java:134) ~[xstream-1.4.3.jar:?]
	at com.thoughtworks.xstream.core.AbstractTreeMarshallingStrategy.unmarshal(AbstractTreeMarshallingStrategy.java:32) ~[xstream-1.4.3.jar:?]
	at com.thoughtworks.xstream.XStream.unmarshal(XStream.java:1058) ~[xstream-1.4.3.jar:?]
	at com.thoughtworks.xstream.XStream.unmarshal(XStream.java:1042) ~[xstream-1.4.3.jar:?]
	at com.thoughtworks.xstream.XStream.fromXML(XStream.java:922) ~[xstream-1.4.3.jar:?]
	at fire.pb.main.XStreamUnmarshaller.unmarshal(XStreamUnmarshaller.java:14) ~[gsxdb.jar:12781]
	at fire.pb.main.ConfigManager.init(ConfigManager.java:173) [gsxdb.jar:12781]
	at fire.pb.main.Gs.init(Gs.java:100) [gsxdb.jar:12781]
	at fire.pb.main.Gs.main(Gs.java:166) [gsxdb.jar:12781]
Caused by: com.thoughtworks.xstream.mapper.CannotResolveClassException: fire.pb.item.SFenJie
	at com.thoughtworks.xstream.mapper.DefaultMapper.realClass(DefaultMapper.java:56) ~[xstream-1.4.3.jar:?]
	at com.thoughtworks.xstream.mapper.MapperWrapper.realClass(MapperWrapper.java:30) ~[xstream-1.4.3.jar:?]
	at com.thoughtworks.xstream.mapper.DynamicProxyMapper.realClass(DynamicProxyMapper.java:55) ~[xstream-1.4.3.jar:?]
	at com.thoughtworks.xstream.mapper.MapperWrapper.realClass(MapperWrapper.java:30) ~[xstream-1.4.3.jar:?]
	at com.thoughtworks.xstream.mapper.PackageAliasingMapper.realClass(PackageAliasingMapper.java:88) ~[xstream-1.4.3.jar:?]
	at com.thoughtworks.xstream.mapper.MapperWrapper.realClass(MapperWrapper.java:30) ~[xstream-1.4.3.jar:?]
	at com.thoughtworks.xstream.mapper.ClassAliasingMapper.realClass(ClassAliasingMapper.java:79) ~[xstream-1.4.3.jar:?]
	at com.thoughtworks.xstream.mapper.MapperWrapper.realClass(MapperWrapper.java:30) ~[xstream-1.4.3.jar:?]
	at com.thoughtworks.xstream.mapper.MapperWrapper.realClass(MapperWrapper.java:30) ~[xstream-1.4.3.jar:?]
	at com.thoughtworks.xstream.mapper.MapperWrapper.realClass(MapperWrapper.java:30) ~[xstream-1.4.3.jar:?]
	at com.thoughtworks.xstream.mapper.MapperWrapper.realClass(MapperWrapper.java:30) ~[xstream-1.4.3.jar:?]
	at com.thoughtworks.xstream.mapper.MapperWrapper.realClass(MapperWrapper.java:30) ~[xstream-1.4.3.jar:?]
	at com.thoughtworks.xstream.mapper.MapperWrapper.realClass(MapperWrapper.java:30) ~[xstream-1.4.3.jar:?]
	at com.thoughtworks.xstream.mapper.ArrayMapper.realClass(ArrayMapper.java:74) ~[xstream-1.4.3.jar:?]
	at com.thoughtworks.xstream.mapper.MapperWrapper.realClass(MapperWrapper.java:30) ~[xstream-1.4.3.jar:?]
	at com.thoughtworks.xstream.mapper.MapperWrapper.realClass(MapperWrapper.java:30) ~[xstream-1.4.3.jar:?]
	at com.thoughtworks.xstream.mapper.MapperWrapper.realClass(MapperWrapper.java:30) ~[xstream-1.4.3.jar:?]
	at com.thoughtworks.xstream.mapper.MapperWrapper.realClass(MapperWrapper.java:30) ~[xstream-1.4.3.jar:?]
	at com.thoughtworks.xstream.mapper.MapperWrapper.realClass(MapperWrapper.java:30) ~[xstream-1.4.3.jar:?]
	at com.thoughtworks.xstream.mapper.MapperWrapper.realClass(MapperWrapper.java:30) ~[xstream-1.4.3.jar:?]
	at com.thoughtworks.xstream.mapper.MapperWrapper.realClass(MapperWrapper.java:30) ~[xstream-1.4.3.jar:?]
	at com.thoughtworks.xstream.mapper.CachingMapper.realClass(CachingMapper.java:45) ~[xstream-1.4.3.jar:?]
	at com.thoughtworks.xstream.core.util.HierarchicalStreams.readClassType(HierarchicalStreams.java:29) ~[xstream-1.4.3.jar:?]
	at com.thoughtworks.xstream.converters.collections.AbstractCollectionConverter.readItem(AbstractCollectionConverter.java:70) ~[xstream-1.4.3.jar:?]
	at com.thoughtworks.xstream.converters.collections.MapConverter.putCurrentEntryIntoMap(MapConverter.java:90) ~[xstream-1.4.3.jar:?]
	at com.thoughtworks.xstream.converters.collections.MapConverter.populateMap(MapConverter.java:78) ~[xstream-1.4.3.jar:?]
	at com.thoughtworks.xstream.converters.collections.TreeMapConverter.populateTreeMap(TreeMapConverter.java:141) ~[xstream-1.4.3.jar:?]
	at com.thoughtworks.xstream.converters.collections.TreeMapConverter.unmarshal(TreeMapConverter.java:104) ~[xstream-1.4.3.jar:?]
	at com.thoughtworks.xstream.core.TreeUnmarshaller.convert(TreeUnmarshaller.java:72) ~[xstream-1.4.3.jar:?]
	... 12 more
22:43:42.315 [main] ERROR SYSTEM - 载入/home/game/server1/game_server/gamedata/xml/auto/fire.pb.game.Srankawardrewarcw.xml失败
com.thoughtworks.xstream.converters.ConversionException: fire.pb.game.Srankawardrewarcw : fire.pb.game.Srankawardrewarcw
---- Debugging information ----
message             : fire.pb.game.Srankawardrewarcw
cause-exception     : com.thoughtworks.xstream.mapper.CannotResolveClassException
cause-message       : fire.pb.game.Srankawardrewarcw
class               : java.util.TreeMap
required-type       : java.util.TreeMap
converter-type      : com.thoughtworks.xstream.converters.collections.TreeMapConverter
path                : /tree-map/entry/fire.pb.game.Srankawardrewarcw
line number         : 6
version             : null
-------------------------------
	at com.thoughtworks.xstream.core.TreeUnmarshaller.convert(TreeUnmarshaller.java:79) ~[xstream-1.4.3.jar:?]
	at com.thoughtworks.xstream.core.AbstractReferenceUnmarshaller.convert(AbstractReferenceUnmarshaller.java:65) ~[xstream-1.4.3.jar:?]
	at com.thoughtworks.xstream.core.TreeUnmarshaller.convertAnother(TreeUnmarshaller.java:66) ~[xstream-1.4.3.jar:?]
	at com.thoughtworks.xstream.core.TreeUnmarshaller.convertAnother(TreeUnmarshaller.java:50) ~[xstream-1.4.3.jar:?]
	at com.thoughtworks.xstream.core.TreeUnmarshaller.start(TreeUnmarshaller.java:134) ~[xstream-1.4.3.jar:?]
	at com.thoughtworks.xstream.core.AbstractTreeMarshallingStrategy.unmarshal(AbstractTreeMarshallingStrategy.java:32) ~[xstream-1.4.3.jar:?]
	at com.thoughtworks.xstream.XStream.unmarshal(XStream.java:1058) ~[xstream-1.4.3.jar:?]
	at com.thoughtworks.xstream.XStream.unmarshal(XStream.java:1042) ~[xstream-1.4.3.jar:?]
	at com.thoughtworks.xstream.XStream.fromXML(XStream.java:922) ~[xstream-1.4.3.jar:?]
	at fire.pb.main.XStreamUnmarshaller.unmarshal(XStreamUnmarshaller.java:14) ~[gsxdb.jar:12781]
	at fire.pb.main.ConfigManager.init(ConfigManager.java:173) [gsxdb.jar:12781]
	at fire.pb.main.Gs.init(Gs.java:100) [gsxdb.jar:12781]
	at fire.pb.main.Gs.main(Gs.java:166) [gsxdb.jar:12781]
Caused by: com.thoughtworks.xstream.mapper.CannotResolveClassException: fire.pb.game.Srankawardrewarcw
	at com.thoughtworks.xstream.mapper.DefaultMapper.realClass(DefaultMapper.java:56) ~[xstream-1.4.3.jar:?]
	at com.thoughtworks.xstream.mapper.MapperWrapper.realClass(MapperWrapper.java:30) ~[xstream-1.4.3.jar:?]
	at com.thoughtworks.xstream.mapper.DynamicProxyMapper.realClass(DynamicProxyMapper.java:55) ~[xstream-1.4.3.jar:?]
	at com.thoughtworks.xstream.mapper.MapperWrapper.realClass(MapperWrapper.java:30) ~[xstream-1.4.3.jar:?]
	at com.thoughtworks.xstream.mapper.PackageAliasingMapper.realClass(PackageAliasingMapper.java:88) ~[xstream-1.4.3.jar:?]
	at com.thoughtworks.xstream.mapper.MapperWrapper.realClass(MapperWrapper.java:30) ~[xstream-1.4.3.jar:?]
	at com.thoughtworks.xstream.mapper.ClassAliasingMapper.realClass(ClassAliasingMapper.java:79) ~[xstream-1.4.3.jar:?]
	at com.thoughtworks.xstream.mapper.MapperWrapper.realClass(MapperWrapper.java:30) ~[xstream-1.4.3.jar:?]
	at com.thoughtworks.xstream.mapper.MapperWrapper.realClass(MapperWrapper.java:30) ~[xstream-1.4.3.jar:?]
	at com.thoughtworks.xstream.mapper.MapperWrapper.realClass(MapperWrapper.java:30) ~[xstream-1.4.3.jar:?]
	at com.thoughtworks.xstream.mapper.MapperWrapper.realClass(MapperWrapper.java:30) ~[xstream-1.4.3.jar:?]
	at com.thoughtworks.xstream.mapper.MapperWrapper.realClass(MapperWrapper.java:30) ~[xstream-1.4.3.jar:?]
	at com.thoughtworks.xstream.mapper.MapperWrapper.realClass(MapperWrapper.java:30) ~[xstream-1.4.3.jar:?]
	at com.thoughtworks.xstream.mapper.ArrayMapper.realClass(ArrayMapper.java:74) ~[xstream-1.4.3.jar:?]
	at com.thoughtworks.xstream.mapper.MapperWrapper.realClass(MapperWrapper.java:30) ~[xstream-1.4.3.jar:?]
	at com.thoughtworks.xstream.mapper.MapperWrapper.realClass(MapperWrapper.java:30) ~[xstream-1.4.3.jar:?]
	at com.thoughtworks.xstream.mapper.MapperWrapper.realClass(MapperWrapper.java:30) ~[xstream-1.4.3.jar:?]
	at com.thoughtworks.xstream.mapper.MapperWrapper.realClass(MapperWrapper.java:30) ~[xstream-1.4.3.jar:?]
	at com.thoughtworks.xstream.mapper.MapperWrapper.realClass(MapperWrapper.java:30) ~[xstream-1.4.3.jar:?]
	at com.thoughtworks.xstream.mapper.MapperWrapper.realClass(MapperWrapper.java:30) ~[xstream-1.4.3.jar:?]
	at com.thoughtworks.xstream.mapper.MapperWrapper.realClass(MapperWrapper.java:30) ~[xstream-1.4.3.jar:?]
	at com.thoughtworks.xstream.mapper.CachingMapper.realClass(CachingMapper.java:45) ~[xstream-1.4.3.jar:?]
	at com.thoughtworks.xstream.core.util.HierarchicalStreams.readClassType(HierarchicalStreams.java:29) ~[xstream-1.4.3.jar:?]
	at com.thoughtworks.xstream.converters.collections.AbstractCollectionConverter.readItem(AbstractCollectionConverter.java:70) ~[xstream-1.4.3.jar:?]
	at com.thoughtworks.xstream.converters.collections.MapConverter.putCurrentEntryIntoMap(MapConverter.java:90) ~[xstream-1.4.3.jar:?]
	at com.thoughtworks.xstream.converters.collections.MapConverter.populateMap(MapConverter.java:78) ~[xstream-1.4.3.jar:?]
	at com.thoughtworks.xstream.converters.collections.TreeMapConverter.populateTreeMap(TreeMapConverter.java:141) ~[xstream-1.4.3.jar:?]
	at com.thoughtworks.xstream.converters.collections.TreeMapConverter.unmarshal(TreeMapConverter.java:104) ~[xstream-1.4.3.jar:?]
	at com.thoughtworks.xstream.core.TreeUnmarshaller.convert(TreeUnmarshaller.java:72) ~[xstream-1.4.3.jar:?]
	... 12 more
22:43:42.433 [main] ERROR SYSTEM - 载入/home/game/server1/game_server/gamedata/xml/auto/fire.pb.game.Srankawardrewardrw.xml失败
com.thoughtworks.xstream.converters.ConversionException: fire.pb.game.Srankawardrewardrw : fire.pb.game.Srankawardrewardrw
---- Debugging information ----
message             : fire.pb.game.Srankawardrewardrw
cause-exception     : com.thoughtworks.xstream.mapper.CannotResolveClassException
cause-message       : fire.pb.game.Srankawardrewardrw
class               : java.util.TreeMap
required-type       : java.util.TreeMap
converter-type      : com.thoughtworks.xstream.converters.collections.TreeMapConverter
path                : /tree-map/entry/fire.pb.game.Srankawardrewardrw
line number         : 6
version             : null
-------------------------------
	at com.thoughtworks.xstream.core.TreeUnmarshaller.convert(TreeUnmarshaller.java:79) ~[xstream-1.4.3.jar:?]
	at com.thoughtworks.xstream.core.AbstractReferenceUnmarshaller.convert(AbstractReferenceUnmarshaller.java:65) ~[xstream-1.4.3.jar:?]
	at com.thoughtworks.xstream.core.TreeUnmarshaller.convertAnother(TreeUnmarshaller.java:66) ~[xstream-1.4.3.jar:?]
	at com.thoughtworks.xstream.core.TreeUnmarshaller.convertAnother(TreeUnmarshaller.java:50) ~[xstream-1.4.3.jar:?]
	at com.thoughtworks.xstream.core.TreeUnmarshaller.start(TreeUnmarshaller.java:134) ~[xstream-1.4.3.jar:?]
	at com.thoughtworks.xstream.core.AbstractTreeMarshallingStrategy.unmarshal(AbstractTreeMarshallingStrategy.java:32) ~[xstream-1.4.3.jar:?]
	at com.thoughtworks.xstream.XStream.unmarshal(XStream.java:1058) ~[xstream-1.4.3.jar:?]
	at com.thoughtworks.xstream.XStream.unmarshal(XStream.java:1042) ~[xstream-1.4.3.jar:?]
	at com.thoughtworks.xstream.XStream.fromXML(XStream.java:922) ~[xstream-1.4.3.jar:?]
	at fire.pb.main.XStreamUnmarshaller.unmarshal(XStreamUnmarshaller.java:14) ~[gsxdb.jar:12781]
	at fire.pb.main.ConfigManager.init(ConfigManager.java:173) [gsxdb.jar:12781]
	at fire.pb.main.Gs.init(Gs.java:100) [gsxdb.jar:12781]
	at fire.pb.main.Gs.main(Gs.java:166) [gsxdb.jar:12781]
Caused by: com.thoughtworks.xstream.mapper.CannotResolveClassException: fire.pb.game.Srankawardrewardrw
	at com.thoughtworks.xstream.mapper.DefaultMapper.realClass(DefaultMapper.java:56) ~[xstream-1.4.3.jar:?]
	at com.thoughtworks.xstream.mapper.MapperWrapper.realClass(MapperWrapper.java:30) ~[xstream-1.4.3.jar:?]
	at com.thoughtworks.xstream.mapper.DynamicProxyMapper.realClass(DynamicProxyMapper.java:55) ~[xstream-1.4.3.jar:?]
	at com.thoughtworks.xstream.mapper.MapperWrapper.realClass(MapperWrapper.java:30) ~[xstream-1.4.3.jar:?]
	at com.thoughtworks.xstream.mapper.PackageAliasingMapper.realClass(PackageAliasingMapper.java:88) ~[xstream-1.4.3.jar:?]
	at com.thoughtworks.xstream.mapper.MapperWrapper.realClass(MapperWrapper.java:30) ~[xstream-1.4.3.jar:?]
	at com.thoughtworks.xstream.mapper.ClassAliasingMapper.realClass(ClassAliasingMapper.java:79) ~[xstream-1.4.3.jar:?]
	at com.thoughtworks.xstream.mapper.MapperWrapper.realClass(MapperWrapper.java:30) ~[xstream-1.4.3.jar:?]
	at com.thoughtworks.xstream.mapper.MapperWrapper.realClass(MapperWrapper.java:30) ~[xstream-1.4.3.jar:?]
	at com.thoughtworks.xstream.mapper.MapperWrapper.realClass(MapperWrapper.java:30) ~[xstream-1.4.3.jar:?]
	at com.thoughtworks.xstream.mapper.MapperWrapper.realClass(MapperWrapper.java:30) ~[xstream-1.4.3.jar:?]
	at com.thoughtworks.xstream.mapper.MapperWrapper.realClass(MapperWrapper.java:30) ~[xstream-1.4.3.jar:?]
	at com.thoughtworks.xstream.mapper.MapperWrapper.realClass(MapperWrapper.java:30) ~[xstream-1.4.3.jar:?]
	at com.thoughtworks.xstream.mapper.ArrayMapper.realClass(ArrayMapper.java:74) ~[xstream-1.4.3.jar:?]
	at com.thoughtworks.xstream.mapper.MapperWrapper.realClass(MapperWrapper.java:30) ~[xstream-1.4.3.jar:?]
	at com.thoughtworks.xstream.mapper.MapperWrapper.realClass(MapperWrapper.java:30) ~[xstream-1.4.3.jar:?]
	at com.thoughtworks.xstream.mapper.MapperWrapper.realClass(MapperWrapper.java:30) ~[xstream-1.4.3.jar:?]
	at com.thoughtworks.xstream.mapper.MapperWrapper.realClass(MapperWrapper.java:30) ~[xstream-1.4.3.jar:?]
	at com.thoughtworks.xstream.mapper.MapperWrapper.realClass(MapperWrapper.java:30) ~[xstream-1.4.3.jar:?]
	at com.thoughtworks.xstream.mapper.MapperWrapper.realClass(MapperWrapper.java:30) ~[xstream-1.4.3.jar:?]
	at com.thoughtworks.xstream.mapper.MapperWrapper.realClass(MapperWrapper.java:30) ~[xstream-1.4.3.jar:?]
	at com.thoughtworks.xstream.mapper.CachingMapper.realClass(CachingMapper.java:45) ~[xstream-1.4.3.jar:?]
	at com.thoughtworks.xstream.core.util.HierarchicalStreams.readClassType(HierarchicalStreams.java:29) ~[xstream-1.4.3.jar:?]
	at com.thoughtworks.xstream.converters.collections.AbstractCollectionConverter.readItem(AbstractCollectionConverter.java:70) ~[xstream-1.4.3.jar:?]
	at com.thoughtworks.xstream.converters.collections.MapConverter.putCurrentEntryIntoMap(MapConverter.java:90) ~[xstream-1.4.3.jar:?]
	at com.thoughtworks.xstream.converters.collections.MapConverter.populateMap(MapConverter.java:78) ~[xstream-1.4.3.jar:?]
	at com.thoughtworks.xstream.converters.collections.TreeMapConverter.populateTreeMap(TreeMapConverter.java:141) ~[xstream-1.4.3.jar:?]
	at com.thoughtworks.xstream.converters.collections.TreeMapConverter.unmarshal(TreeMapConverter.java:104) ~[xstream-1.4.3.jar:?]
	at com.thoughtworks.xstream.core.TreeUnmarshaller.convert(TreeUnmarshaller.java:72) ~[xstream-1.4.3.jar:?]
	... 12 more
22:43:42.607 [main] ERROR SYSTEM - 载入/home/game/server1/game_server/gamedata/xml/auto/fire.pb.common.RFranking.xml失败
com.thoughtworks.xstream.converters.ConversionException: fire.pb.common.RFranking : fire.pb.common.RFranking
---- Debugging information ----
message             : fire.pb.common.RFranking
cause-exception     : com.thoughtworks.xstream.mapper.CannotResolveClassException
cause-message       : fire.pb.common.RFranking
class               : java.util.TreeMap
required-type       : java.util.TreeMap
converter-type      : com.thoughtworks.xstream.converters.collections.TreeMapConverter
path                : /tree-map/entry/fire.pb.common.RFranking
line number         : 6
version             : null
-------------------------------
	at com.thoughtworks.xstream.core.TreeUnmarshaller.convert(TreeUnmarshaller.java:79) ~[xstream-1.4.3.jar:?]
	at com.thoughtworks.xstream.core.AbstractReferenceUnmarshaller.convert(AbstractReferenceUnmarshaller.java:65) ~[xstream-1.4.3.jar:?]
	at com.thoughtworks.xstream.core.TreeUnmarshaller.convertAnother(TreeUnmarshaller.java:66) ~[xstream-1.4.3.jar:?]
	at com.thoughtworks.xstream.core.TreeUnmarshaller.convertAnother(TreeUnmarshaller.java:50) ~[xstream-1.4.3.jar:?]
	at com.thoughtworks.xstream.core.TreeUnmarshaller.start(TreeUnmarshaller.java:134) ~[xstream-1.4.3.jar:?]
	at com.thoughtworks.xstream.core.AbstractTreeMarshallingStrategy.unmarshal(AbstractTreeMarshallingStrategy.java:32) ~[xstream-1.4.3.jar:?]
	at com.thoughtworks.xstream.XStream.unmarshal(XStream.java:1058) ~[xstream-1.4.3.jar:?]
	at com.thoughtworks.xstream.XStream.unmarshal(XStream.java:1042) ~[xstream-1.4.3.jar:?]
	at com.thoughtworks.xstream.XStream.fromXML(XStream.java:922) ~[xstream-1.4.3.jar:?]
	at fire.pb.main.XStreamUnmarshaller.unmarshal(XStreamUnmarshaller.java:14) ~[gsxdb.jar:12781]
	at fire.pb.main.ConfigManager.init(ConfigManager.java:173) [gsxdb.jar:12781]
	at fire.pb.main.Gs.init(Gs.java:100) [gsxdb.jar:12781]
	at fire.pb.main.Gs.main(Gs.java:166) [gsxdb.jar:12781]
Caused by: com.thoughtworks.xstream.mapper.CannotResolveClassException: fire.pb.common.RFranking
	at com.thoughtworks.xstream.mapper.DefaultMapper.realClass(DefaultMapper.java:56) ~[xstream-1.4.3.jar:?]
	at com.thoughtworks.xstream.mapper.MapperWrapper.realClass(MapperWrapper.java:30) ~[xstream-1.4.3.jar:?]
	at com.thoughtworks.xstream.mapper.DynamicProxyMapper.realClass(DynamicProxyMapper.java:55) ~[xstream-1.4.3.jar:?]
	at com.thoughtworks.xstream.mapper.MapperWrapper.realClass(MapperWrapper.java:30) ~[xstream-1.4.3.jar:?]
	at com.thoughtworks.xstream.mapper.PackageAliasingMapper.realClass(PackageAliasingMapper.java:88) ~[xstream-1.4.3.jar:?]
	at com.thoughtworks.xstream.mapper.MapperWrapper.realClass(MapperWrapper.java:30) ~[xstream-1.4.3.jar:?]
	at com.thoughtworks.xstream.mapper.ClassAliasingMapper.realClass(ClassAliasingMapper.java:79) ~[xstream-1.4.3.jar:?]
	at com.thoughtworks.xstream.mapper.MapperWrapper.realClass(MapperWrapper.java:30) ~[xstream-1.4.3.jar:?]
	at com.thoughtworks.xstream.mapper.MapperWrapper.realClass(MapperWrapper.java:30) ~[xstream-1.4.3.jar:?]
	at com.thoughtworks.xstream.mapper.MapperWrapper.realClass(MapperWrapper.java:30) ~[xstream-1.4.3.jar:?]
	at com.thoughtworks.xstream.mapper.MapperWrapper.realClass(MapperWrapper.java:30) ~[xstream-1.4.3.jar:?]
	at com.thoughtworks.xstream.mapper.MapperWrapper.realClass(MapperWrapper.java:30) ~[xstream-1.4.3.jar:?]
	at com.thoughtworks.xstream.mapper.MapperWrapper.realClass(MapperWrapper.java:30) ~[xstream-1.4.3.jar:?]
	at com.thoughtworks.xstream.mapper.ArrayMapper.realClass(ArrayMapper.java:74) ~[xstream-1.4.3.jar:?]
	at com.thoughtworks.xstream.mapper.MapperWrapper.realClass(MapperWrapper.java:30) ~[xstream-1.4.3.jar:?]
	at com.thoughtworks.xstream.mapper.MapperWrapper.realClass(MapperWrapper.java:30) ~[xstream-1.4.3.jar:?]
	at com.thoughtworks.xstream.mapper.MapperWrapper.realClass(MapperWrapper.java:30) ~[xstream-1.4.3.jar:?]
	at com.thoughtworks.xstream.mapper.MapperWrapper.realClass(MapperWrapper.java:30) ~[xstream-1.4.3.jar:?]
	at com.thoughtworks.xstream.mapper.MapperWrapper.realClass(MapperWrapper.java:30) ~[xstream-1.4.3.jar:?]
	at com.thoughtworks.xstream.mapper.MapperWrapper.realClass(MapperWrapper.java:30) ~[xstream-1.4.3.jar:?]
	at com.thoughtworks.xstream.mapper.MapperWrapper.realClass(MapperWrapper.java:30) ~[xstream-1.4.3.jar:?]
	at com.thoughtworks.xstream.mapper.CachingMapper.realClass(CachingMapper.java:45) ~[xstream-1.4.3.jar:?]
	at com.thoughtworks.xstream.core.util.HierarchicalStreams.readClassType(HierarchicalStreams.java:29) ~[xstream-1.4.3.jar:?]
	at com.thoughtworks.xstream.converters.collections.AbstractCollectionConverter.readItem(AbstractCollectionConverter.java:70) ~[xstream-1.4.3.jar:?]
	at com.thoughtworks.xstream.converters.collections.MapConverter.putCurrentEntryIntoMap(MapConverter.java:90) ~[xstream-1.4.3.jar:?]
	at com.thoughtworks.xstream.converters.collections.MapConverter.populateMap(MapConverter.java:78) ~[xstream-1.4.3.jar:?]
	at com.thoughtworks.xstream.converters.collections.TreeMapConverter.populateTreeMap(TreeMapConverter.java:141) ~[xstream-1.4.3.jar:?]
	at com.thoughtworks.xstream.converters.collections.TreeMapConverter.unmarshal(TreeMapConverter.java:104) ~[xstream-1.4.3.jar:?]
	at com.thoughtworks.xstream.core.TreeUnmarshaller.convert(TreeUnmarshaller.java:72) ~[xstream-1.4.3.jar:?]
	... 12 more
2025-04-28 22:43:44.205 FATAL <main> mkdb start begin
2025-04-28 22:43:44.377 INFO  <main> System.load(/home/game/server1/game_server/libdb_amd64.so)
Java HotSpot(TM) 64-Bit Server VM warning: You have loaded library /home/game/server1/game_server/libdb_amd64.so which might have disabled stack guard. The VM will try to fix the stack guard now.
It's highly recommended that you fix the library with 'execstack -c <libfile>', or link it with '-z noexecstack'.
2025-04-28 22:43:44.515 FATAL <main> mkdb start end
22:43:45.599 [main] ERROR ITEM - 重复的礼包配置 5403
22:43:45.600 [main] ERROR ITEM - 重复的礼包配置 5631
22:43:45.601 [main] ERROR ITEM - 重复的礼包配置 5700
22:43:45.601 [main] ERROR ITEM - 重复的礼包配置 5704
22:43:45.601 [main] ERROR ITEM - 重复的礼包配置 5710
22:43:47.238 [main] ERROR MAPMAIN - 地图 ： 1711 的maze.dat不存在
22:43:47.239 [main] ERROR MAPMAIN - 地图 ： 1712 的maze.dat不存在
22:43:48.249 [main] ERROR BATTLE - 6:JS脚本注册JavaScript表达式，脚本:with(Math){ return -(phyattacka*1.3-defendb+1*skilllevela);}
22:43:48.249 [main] ERROR BATTLE - 6:JS脚本注册JavaScript表达式，脚本:with(Math){ return -(phyattacka*1.35-defendb+1*skilllevela);}
22:43:48.250 [main] ERROR BATTLE - 6:JS脚本注册JavaScript表达式，脚本:with(Math){ return -(phyattacka*0.65-defendb+1*skilllevela);}
22:43:48.250 [main] ERROR BATTLE - 6:JS脚本注册JavaScript表达式，脚本:with(Math){ return -(phyattacka*0.55-defendb+1*skilllevela);}
22:43:48.251 [main] ERROR BATTLE - 6:JS脚本注册JavaScript表达式，脚本:with(Math){ return 0.15*maxhpb;}
22:43:48.252 [main] ERROR BATTLE - 6:JS脚本注册JavaScript表达式，脚本:with(Math){ return -(phyattacka*1-defendb+1*gradea)*(0.25+0.05*skilllevela);}
22:43:48.254 [main] ERROR BATTLE - 6:JS脚本注册JavaScript表达式，脚本:with(Math){ return -(phyattacka*1.45-defendb+1*skilllevela);}
22:43:48.255 [main] ERROR BATTLE - 6:JS脚本注册JavaScript表达式，脚本:with(Math){ return 9*skilllevela;}
22:43:48.255 [main] ERROR BATTLE - 6:JS脚本注册JavaScript表达式，脚本:with(Math){ return -(magicattacka*1.2-magicdefb+2*skilllevela)*(0.5+0.05*(4-preaimcount));}
22:43:48.256 [main] ERROR BATTLE - 6:JS脚本注册JavaScript表达式，脚本:with(Math){ return 0.7+0.002*(skilllevela-gradeb)+(enhanceseala-resistsealb);}
22:43:48.259 [main] ERROR BATTLE - 6:JS脚本注册JavaScript表达式，脚本:with(Math){ return gradea*2;}
22:43:48.260 [main] ERROR BATTLE - 6:JS脚本注册JavaScript表达式，脚本:with(Math){ return -(phyattacka*0.45-defendb+1*skilllevela);}
22:43:48.261 [main] ERROR BATTLE - 6:JS脚本注册JavaScript表达式，脚本:with(Math){ return 16*skilllevela;}
22:43:48.262 [main] ERROR BATTLE - 6:JS脚本注册JavaScript表达式，脚本:with(Math){ return ((medicala*0.5+skilllevela*1.4)+abs(maindamage)*0.1)*(1+healrevisea)*(1+medicaljiashena/1000);}
22:43:48.263 [main] ERROR BATTLE - 6:JS脚本注册JavaScript表达式，脚本:with(Math){ return ((medicala*0.2+skilllevela*1.2)+abs(maindamage)*0.08)*(1+healrevisea)*(1+medicaljiashena/1000);}
22:43:48.264 [main] ERROR BATTLE - 6:JS脚本注册JavaScript表达式，脚本:with(Math){ return -(magicattacka*1.8-magicdefb+2*skilllevela)*(0.5+0.05*(4-preaimcount));}
22:43:48.266 [main] ERROR BATTLE - 6:JS脚本注册JavaScript表达式，脚本:with(Math){ return abs(maindamage)*0.35;}
22:43:48.266 [main] ERROR BATTLE - 6:JS脚本注册JavaScript表达式，脚本:with(Math){ return abs(maindamage)*1;}
22:43:48.266 [main] ERROR BATTLE - 6:JS脚本注册JavaScript表达式，脚本:with(Math){ return -magicattacka*0.2;}
22:43:48.268 [main] ERROR BATTLE - 6:JS脚本注册JavaScript表达式，脚本:with(Math){ return medicala*1.1+3*skilllevela;}
22:43:48.269 [main] ERROR BATTLE - 6:JS脚本注册JavaScript表达式，脚本:with(Math){ return medicala+3*skilllevela*2;}
22:43:48.270 [main] ERROR BATTLE - 6:JS脚本注册JavaScript表达式，脚本:with(Math){ return -(magicattacka*1.3-magicdefb+2*gradea)*0.5*(1.2+(0.6+0.2*skilllevela)*(1-curmpb/maxmpb));}
22:43:48.272 [main] ERROR BATTLE - 6:JS脚本注册JavaScript表达式，脚本:with(Math){ return medicala+1.2*skilllevela;}
22:43:48.273 [main] ERROR BATTLE - 6:JS脚本注册JavaScript表达式，脚本:with(Math){ return (medicala+1.2*skilllevela)*0.4;}
22:43:48.275 [main] ERROR BATTLE - 6:JS脚本注册JavaScript表达式，脚本:with(Math){ return 2*skilllevela+50;}
22:43:48.279 [main] ERROR BATTLE - 6:JS脚本注册JavaScript表达式，脚本:with(Math){ return 0.7*maxhpb;}
22:43:48.280 [main] ERROR BATTLE - 6:JS脚本注册JavaScript表达式，脚本:with(Math){ return -(speeda*0.1+7*skilllevela)*1.1;}
22:43:48.281 [main] ERROR BATTLE - 6:JS脚本注册JavaScript表达式，脚本:with(Math){ return 10+1.3*skilllevela;}
22:43:48.283 [main] ERROR BATTLE - 6:JS脚本注册JavaScript表达式，脚本:with(Math){ return -(magicattacka*1.3-magicdefb+2*gradea)*0.5;}
22:43:48.283 [main] ERROR BATTLE - 6:JS脚本注册JavaScript表达式，脚本:with(Math){ return -(magicattacka*1.8-magicdefb+2*gradea)*0.5;}
22:43:48.292 [main] ERROR BATTLE - 6:JS脚本注册JavaScript表达式，脚本:with(Math){ return -maxhpb*0.1;}
22:43:48.292 [main] ERROR BATTLE - 6:JS脚本注册JavaScript表达式，脚本:with(Math){ return -maxhpb*0.2;}
22:43:48.293 [main] ERROR BATTLE - 6:JS脚本注册JavaScript表达式，脚本:with(Math){ return -maxhpb*0.3;}
22:43:48.293 [main] ERROR BATTLE - 6:JS脚本注册JavaScript表达式，脚本:with(Math){ return -maxhpb*0.4;}
22:43:48.293 [main] ERROR BATTLE - 6:JS脚本注册JavaScript表达式，脚本:with(Math){ return -maxhpb*0.6;}
22:43:48.293 [main] ERROR BATTLE - 6:JS脚本注册JavaScript表达式，脚本:with(Math){ return -maxhpb*0.7;}
22:43:48.294 [main] ERROR BATTLE - 6:JS脚本注册JavaScript表达式，脚本:with(Math){ return -(phyattacka*10-defendb+1*gradea+max((phyattacka-phyattackb)*0.05,0));}
22:43:48.294 [main] ERROR BATTLE - 6:JS脚本注册JavaScript表达式，脚本:with(Math){ return -(phyattacka*1.40-defendb+1*skilllevela)*2.5;}
22:43:48.294 [main] ERROR BATTLE - 6:JS脚本注册JavaScript表达式，脚本:with(Math){ return -(phyattacka*1.45-defendb+1*skilllevela)*2.5;}
22:43:48.294 [main] ERROR BATTLE - 6:JS脚本注册JavaScript表达式，脚本:with(Math){ return -(phyattacka*1.50-defendb+1*skilllevela)*2.5;}
22:43:48.295 [main] ERROR BATTLE - 6:JS脚本注册JavaScript表达式，脚本:with(Math){ return -(phyattacka*1.55-defendb+1*skilllevela)*2.5;}
22:43:48.295 [main] ERROR BATTLE - 6:JS脚本注册JavaScript表达式，脚本:with(Math){ return -(phyattacka*1.60-defendb+1*skilllevela)*2.5;}
22:43:48.295 [main] ERROR BATTLE - 6:JS脚本注册JavaScript表达式，脚本:with(Math){ return -(phyattacka*1.10-defendb+1*skilllevela)*2.5;}
22:43:48.296 [main] ERROR BATTLE - 6:JS脚本注册JavaScript表达式，脚本:with(Math){ return -magicattacka*3;}
22:43:48.296 [main] ERROR BATTLE - 6:JS脚本注册JavaScript表达式，脚本:with(Math){ return -magicattacka*2.2;}
22:43:48.296 [main] ERROR BATTLE - 6:JS脚本注册JavaScript表达式，脚本:with(Math){ return -magicattacka*1.6;}
22:43:48.298 [main] ERROR BATTLE - 6:JS脚本注册JavaScript表达式，脚本:with(Math){ return -(phyattacka*0.45-defendb+1*gradea);}
22:43:48.298 [main] ERROR BATTLE - 6:JS脚本注册JavaScript表达式，脚本:with(Math){ return -(phyattacka*1.25-defendb+1*gradea+max((phyattacka-phyattackb)*0.25,0));}
22:43:48.299 [main] ERROR BATTLE - 6:JS脚本注册JavaScript表达式，脚本:with(Math){ return -(phyattacka*2-defendb+1*gradea);}
22:43:48.299 [main] ERROR BATTLE - 6:JS脚本注册JavaScript表达式，脚本:with(Math){ return phyattacka*1.25-defendb+1*gradea;}
22:43:48.299 [main] ERROR BATTLE - 6:JS脚本注册JavaScript表达式，脚本:with(Math){ return -(magicattacka*0.5-magicdefb+2*gradea)*(0.5+0.05*(2-preaimcount));}
22:43:48.299 [main] ERROR BATTLE - 6:JS脚本注册JavaScript表达式，脚本:with(Math){ return -(magicattacka*0.8-magicdefb+2*gradea)*(0.5+0.05*(2-preaimcount));}
22:43:48.300 [main] ERROR BATTLE - 6:JS脚本注册JavaScript表达式，脚本:with(Math){ return -(phyattacka*0.55-defendb+1*gradea);}
22:43:48.300 [main] ERROR BATTLE - 6:JS脚本注册JavaScript表达式，脚本:with(Math){ return abs(maindamage)*0.20;}
22:43:48.301 [main] ERROR BATTLE - 6:JS脚本注册JavaScript表达式，脚本:with(Math){ return -(magicattacka*3.5-magicdefb+2*skilllevela)*0.5;}
22:43:48.301 [main] ERROR BATTLE - 6:JS脚本注册JavaScript表达式，脚本:with(Math){ return -(phyattacka*1-defendb+7*gradea);}
22:43:48.302 [main] ERROR BATTLE - 6:JS脚本注册JavaScript表达式，脚本:with(Math){ return -(magicattacka*3.5-magicdefb+2*skilllevela)*0.3;}
22:43:48.302 [main] ERROR BATTLE - 6:JS脚本注册JavaScript表达式，脚本:with(Math){ return 10+gradea;}
22:43:48.302 [main] ERROR BATTLE - 6:JS脚本注册JavaScript表达式，脚本:with(Math){ return -(magicattacka*1.2-magicdefb+2*gradea)*(0.5+0.05*(2-preaimcount));}
22:43:48.303 [main] ERROR BATTLE - 6:JS脚本注册JavaScript表达式，脚本:with(Math){ return gradea*0.16;}
22:43:48.303 [main] ERROR BATTLE - 6:JS脚本注册JavaScript表达式，脚本:with(Math){ return gradea*0.1;}
22:43:48.303 [main] ERROR BATTLE - 6:JS脚本注册JavaScript表达式，脚本:with(Math){ return gradea*0.2;}
22:43:48.303 [main] ERROR BATTLE - 6:JS脚本注册JavaScript表达式，脚本:with(Math){ return gradea*0.125;}
22:43:48.303 [main] ERROR BATTLE - 6:JS脚本注册JavaScript表达式，脚本:with(Math){ return gradea*0.24;}
22:43:48.303 [main] ERROR BATTLE - 6:JS脚本注册JavaScript表达式，脚本:with(Math){ return gradea*0.15;}
22:43:48.304 [main] ERROR BATTLE - 6:JS脚本注册JavaScript表达式，脚本:with(Math){ return gradea*0.28;}
22:43:48.304 [main] ERROR BATTLE - 6:JS脚本注册JavaScript表达式，脚本:with(Math){ return gradea*0.175;}
22:43:48.304 [main] ERROR BATTLE - 6:JS脚本注册JavaScript表达式，脚本:with(Math){ return gradea*0.32;}
22:43:48.304 [main] ERROR BATTLE - 6:JS脚本注册JavaScript表达式，脚本:with(Math){ return gradea*0.7;}
22:43:48.304 [main] ERROR BATTLE - 6:JS脚本注册JavaScript表达式，脚本:with(Math){ return gradea*0.87;}
22:43:48.304 [main] ERROR BATTLE - 6:JS脚本注册JavaScript表达式，脚本:with(Math){ return gradea*1.05;}
22:43:48.305 [main] ERROR BATTLE - 6:JS脚本注册JavaScript表达式，脚本:with(Math){ return gradea*1.22;}
22:43:48.305 [main] ERROR BATTLE - 6:JS脚本注册JavaScript表达式，脚本:with(Math){ return gradea*1.4;}
22:43:48.305 [main] ERROR BATTLE - 6:JS脚本注册JavaScript表达式，脚本:with(Math){ return gradea*0.0007;}
22:43:48.305 [main] ERROR BATTLE - 6:JS脚本注册JavaScript表达式，脚本:with(Math){ return gradea*0.000875;}
22:43:48.305 [main] ERROR BATTLE - 6:JS脚本注册JavaScript表达式，脚本:with(Math){ return gradea*0.00105;}
22:43:48.305 [main] ERROR BATTLE - 6:JS脚本注册JavaScript表达式，脚本:with(Math){ return gradea*0.001225;}
22:43:48.306 [main] ERROR BATTLE - 6:JS脚本注册JavaScript表达式，脚本:with(Math){ return gradea*0.0014;}
22:43:48.306 [main] ERROR BATTLE - 6:JS脚本注册JavaScript表达式，脚本:with(Math){ return gradea*0.08;}
22:43:48.306 [main] ERROR BATTLE - 6:JS脚本注册JavaScript表达式，脚本:with(Math){ return gradea*1;}
22:43:48.306 [main] ERROR BATTLE - 6:JS脚本注册JavaScript表达式，脚本:with(Math){ return gradea*0.12;}
22:43:48.307 [main] ERROR BATTLE - 6:JS脚本注册JavaScript表达式，脚本:with(Math){ return gradea*1.2;}
22:43:48.307 [main] ERROR BATTLE - 6:JS脚本注册JavaScript表达式，脚本:with(Math){ return gradea*0.14;}
22:43:48.307 [main] ERROR BATTLE - 6:JS脚本注册JavaScript表达式，脚本:with(Math){ return gradea*0.189;}
22:43:48.307 [main] ERROR BATTLE - 6:JS脚本注册JavaScript表达式，脚本:with(Math){ return gradea*0.2362;}
22:43:48.307 [main] ERROR BATTLE - 6:JS脚本注册JavaScript表达式，脚本:with(Math){ return gradea*0.2835;}
22:43:48.308 [main] ERROR BATTLE - 6:JS脚本注册JavaScript表达式，脚本:with(Math){ return gradea*0.3375;}
22:43:48.308 [main] ERROR BATTLE - 6:JS脚本注册JavaScript表达式，脚本:with(Math){ return gradea*0.378;}
22:43:48.308 [main] ERROR BATTLE - 6:JS脚本注册JavaScript表达式，脚本:with(Math){ return gradea*0.875;}
22:43:48.308 [main] ERROR BATTLE - 6:JS脚本注册JavaScript表达式，脚本:with(Math){ return gradea*1.225;}
22:43:48.309 [main] ERROR BATTLE - 6:JS脚本注册JavaScript表达式，脚本:with(Math){ return gradea*0.05;}
22:43:48.309 [main] ERROR BATTLE - 6:JS脚本注册JavaScript表达式，脚本:with(Math){ return gradea*0.5;}
22:43:48.309 [main] ERROR BATTLE - 6:JS脚本注册JavaScript表达式，脚本:with(Math){ return gradea*0.0625;}
22:43:48.309 [main] ERROR BATTLE - 6:JS脚本注册JavaScript表达式，脚本:with(Math){ return gradea*0.625;}
22:43:48.310 [main] ERROR BATTLE - 6:JS脚本注册JavaScript表达式，脚本:with(Math){ return gradea*0.075;}
22:43:48.310 [main] ERROR BATTLE - 6:JS脚本注册JavaScript表达式，脚本:with(Math){ return gradea*0.75;}
22:43:48.310 [main] ERROR BATTLE - 6:JS脚本注册JavaScript表达式，脚本:with(Math){ return gradea*0.0875;}
22:43:48.311 [main] ERROR BATTLE - 6:JS脚本注册JavaScript表达式，脚本:with(Math){ return gradea*0.65;}
22:43:48.311 [main] ERROR BATTLE - 6:JS脚本注册JavaScript表达式，脚本:with(Math){ return gradea*0.85;}
22:43:48.312 [main] ERROR BATTLE - 6:JS脚本注册JavaScript表达式，脚本:with(Math){ return gradea*0.3;}
22:43:48.312 [main] ERROR BATTLE - 6:JS脚本注册JavaScript表达式，脚本:with(Math){ return gradea*0.375;}
22:43:48.313 [main] ERROR BATTLE - 6:JS脚本注册JavaScript表达式，脚本:with(Math){ return gradea*0.45;}
22:43:48.313 [main] ERROR BATTLE - 6:JS脚本注册JavaScript表达式，脚本:with(Math){ return gradea*0.525;}
22:43:48.314 [main] ERROR BATTLE - 6:JS脚本注册JavaScript表达式，脚本:with(Math){ return gradea*3;}
22:43:48.314 [main] ERROR BATTLE - 6:JS脚本注册JavaScript表达式，脚本:with(Math){ return gradea*3.25;}
22:43:48.314 [main] ERROR BATTLE - 6:JS脚本注册JavaScript表达式，脚本:with(Math){ return gradea*3.5;}
22:43:48.314 [main] ERROR BATTLE - 6:JS脚本注册JavaScript表达式，脚本:with(Math){ return gradea*3.75;}
22:43:48.315 [main] ERROR BATTLE - 6:JS脚本注册JavaScript表达式，脚本:with(Math){ return gradea*4;}
22:43:48.316 [main] ERROR BATTLE - 6:JS脚本注册JavaScript表达式，脚本:with(Math){ return -(phyattacka*1.2-defendb+1*gradea);}
22:43:48.321 [main] ERROR BATTLE - 6:JS脚本注册JavaScript表达式，脚本:with(Math){ return 0.05*maxhpb;}
22:43:48.322 [main] ERROR BATTLE - 6:JS脚本注册JavaScript表达式，脚本:with(Math){ return 0.3*maxhpb;}
22:43:48.322 [main] ERROR BATTLE - 6:JS脚本注册JavaScript表达式，脚本:with(Math){ return 0.35*maxhpb;}
22:43:48.323 [main] ERROR BATTLE - 6:JS脚本注册JavaScript表达式，脚本:with(Math){ return -(phyattacka*0.65-defendb+1*gradea);}
22:43:48.324 [main] ERROR BATTLE - 6:JS脚本注册JavaScript表达式，脚本:with(Math){ return -(phyattacka*0.5-defendb+1*gradea);}
22:43:48.340 [main] ERROR BATTLE - 6:JS脚本注册JavaScript表达式，脚本:with(Math){ return -magicattacka*0.7;}
2025-04-28 22:43:51.123 INFO  <main> mkio.Engine started
2025-04-28 22:43:51.143 DEBUG <mkio.Engine.1> protocol type:8902,size:15
Exception in thread "AWT-EventQueue-0" java.awt.HeadlessException: 
No X11 DISPLAY variable was set, but this program performed an operation which requires it.
	at java.awt.GraphicsEnvironment.checkHeadless(GraphicsEnvironment.java:204)
	at java.awt.Window.<init>(Window.java:536)
	at java.awt.Frame.<init>(Frame.java:420)
	at java.awt.Frame.<init>(Frame.java:385)
	at javax.swing.JFrame.<init>(JFrame.java:189)
	at fire.pb.instancezone.bingfeng.GMTool.<init>(GMTool.java:87)
	at fire.pb.main.Gs$2.run(Gs.java:149)
	at java.awt.event.InvocationEvent.dispatch(InvocationEvent.java:311)
	at java.awt.EventQueue.dispatchEventImpl(EventQueue.java:756)
	at java.awt.EventQueue.access$500(EventQueue.java:97)
	at java.awt.EventQueue$3.run(EventQueue.java:709)
	at java.awt.EventQueue$3.run(EventQueue.java:703)
	at java.security.AccessController.doPrivileged(Native Method)
	at java.security.ProtectionDomain$JavaSecurityAccessImpl.doIntersectionPrivilege(ProtectionDomain.java:80)
	at java.awt.EventQueue.dispatchEvent(EventQueue.java:726)
	at java.awt.EventDispatchThread.pumpOneEventForFilters(EventDispatchThread.java:201)
	at java.awt.EventDispatchThread.pumpEventsForFilter(EventDispatchThread.java:116)
	at java.awt.EventDispatchThread.pumpEventsForHierarchy(EventDispatchThread.java:105)
	at java.awt.EventDispatchThread.pumpEvents(EventDispatchThread.java:101)
	at java.awt.EventDispatchThread.pumpEvents(EventDispatchThread.java:93)
	at java.awt.EventDispatchThread.run(EventDispatchThread.java:82)
2025-04-28 22:43:51.154 WARN  <mkio.Engine.3> onMkioAdded=Mkio/127.0.0.1:22200-/127.0.0.1:22200@Client
2025-04-28 22:43:51.172 DEBUG <mkio.Engine.2> mkio.send type=65537 class=gnet.link.Bind this=(12,[],),size=5
2025-04-28 22:43:51.192 DEBUG <mkio.Engine.2> mkio.send type=65544 class=gnet.link.LinkServerControl this=(0,),size=4
2025-04-28 22:43:51.193 DEBUG <mkio.Engine.2> protocol type:65547,size:4
2025-04-28 22:43:51.193 DEBUG <mkio.Engine.2> mkio.Protocol execute type=65547 class=gnet.link.AnnounceLinkId this=(5019,)
22:43:51.680 [main] ERROR BATTLE - 6:JS脚本注册JavaScript表达式，脚本:with(Math){ return (15)+(TeamNum-1)*15+RoleLv*160;}
22:43:51.680 [main] ERROR BATTLE - 6:JS脚本注册JavaScript表达式，脚本:with(Math){ return 1600*RoleLv*0.067*(0.74+0.02*Time)*(random()*(1.02-0.98)+0.98);}
22:43:51.680 [main] ERROR BATTLE - 6:JS脚本注册JavaScript表达式，脚本:with(Math){ return RoleLv*50;}
22:43:51.680 [main] ERROR BATTLE - 6:JS脚本注册JavaScript表达式，脚本:with(Math){ return (15)+(TeamNum-1)*15+RoleLv*100;}
22:43:51.680 [main] ERROR BATTLE - 6:JS脚本注册JavaScript表达式，脚本:with(Math){ return (15)+(TeamNum-1)*15+RoleLv*120;}
22:43:51.680 [main] ERROR BATTLE - 6:JS脚本注册JavaScript表达式，脚本:with(Math){ return (15)+(TeamNum-1)*15+RoleLv*140;}
22:43:51.680 [main] ERROR BATTLE - 6:JS脚本注册JavaScript表达式，脚本:with(Math){ return (15)+(TeamNum-1)*15+RoleLv*150;}
22:43:51.680 [main] ERROR BATTLE - 6:JS脚本注册JavaScript表达式，脚本:with(Math){ return RoleLv*10;}
22:43:51.680 [main] ERROR BATTLE - 6:JS脚本注册JavaScript表达式，脚本:with(Math){ return (15)+(TeamNum-1)*15+RoleLv*1;}
22:43:51.680 [main] ERROR BATTLE - 6:JS脚本注册JavaScript表达式，脚本:with(Math){ return (15)+(TeamNum-1)*15+RoleLv*2;}
22:43:51.681 [main] ERROR BATTLE - 6:JS脚本注册JavaScript表达式，脚本:with(Math){ return (15)+(TeamNum-1)*15+RoleLv*3;}
22:43:51.681 [main] ERROR BATTLE - 6:JS脚本注册JavaScript表达式，脚本:with(Math){ return (15)+(TeamNum-1)*15+RoleLv*4;}
22:43:51.681 [main] ERROR BATTLE - 6:JS脚本注册JavaScript表达式，脚本:with(Math){ return (15)+(TeamNum-1)*15+RoleLv*5;}
22:43:51.681 [main] ERROR BATTLE - 6:JS脚本注册JavaScript表达式，脚本:with(Math){ return RoleLv*1.7+20;}
22:43:51.681 [main] ERROR BATTLE - 6:JS脚本注册JavaScript表达式，脚本:with(Math){ return (1*RoleLv*11)*(random()*(1.02-0.98)+0.98);}
22:43:51.681 [main] ERROR BATTLE - 6:JS脚本注册JavaScript表达式，脚本:with(Math){ return (1*RoleLv*0.94)*(random()*(1.02-0.98)+0.98);}
22:43:51.681 [main] ERROR BATTLE - 6:JS脚本注册JavaScript表达式，脚本:with(Math){ return (1*RoleLv*1.3)*(random()*(1.02-0.98)+0.98);}
22:43:51.681 [main] ERROR BATTLE - 6:JS脚本注册JavaScript表达式，脚本:with(Math){ return 2000*RoleLv;}
22:43:51.681 [main] ERROR BATTLE - 6:JS脚本注册JavaScript表达式，脚本:with(Math){ return 3000*RoleLv;}
22:43:51.681 [main] ERROR BATTLE - 6:JS脚本注册JavaScript表达式，脚本:with(Math){ return (400*MonsterLv*0.011*(MonsterNum*0.083+MasterNum*0.1245)*min(max(1-0.2*floor(abs(MonsterLv-RoleLv)/5),0.1),1)*(1-IsDbPoint)+400*MonsterLv*0.13*(MonsterNum*0.083+MasterNum*0.1245)*min(max(1-0.2*floor(abs(MonsterLv-RoleLv)/5),0.1),1)*IsDbPoint)*(random()*(1.02-0.98)+0.98);}
22:43:51.681 [main] ERROR BATTLE - 6:JS脚本注册JavaScript表达式，脚本:with(Math){ return (400*MonsterLv*0.017*(MonsterNum*0.083+MasterNum*0.1245)*min(max(1-0.2*floor(abs(MonsterLv-RoleLv)/5),0.1),1)*(1-IsDbPoint)+400*MonsterLv*0.13*(MonsterNum*0.083+MasterNum*0.1245)*min(max(1-0.2*floor(abs(MonsterLv-RoleLv)/5),0.1),1)*IsDbPoint)*(random()*(1.02-0.98)+0.98);}
22:43:51.681 [main] ERROR BATTLE - 6:JS脚本注册JavaScript表达式，脚本:with(Math){ return RoleLv*200;}
22:43:51.681 [main] ERROR BATTLE - 6:JS脚本注册JavaScript表达式，脚本:with(Math){ return 500*RoleLv*1.215*(0.88+0.03);}
22:43:51.681 [main] ERROR BATTLE - 6:JS脚本注册JavaScript表达式，脚本:with(Math){ return Ring+3;}
22:43:51.681 [main] ERROR BATTLE - 6:JS脚本注册JavaScript表达式，脚本:with(Math){ return 105800+floor(RoleLv/10)*440+(200+floor(RoleLv/10)*40*(Ring-1));}
22:43:51.681 [main] ERROR BATTLE - 6:JS脚本注册JavaScript表达式，脚本:with(Math){ return (5000*RoleLv*0.05)*(random()*(1.02-0.98)+0.98)*(1-min(5-TeamNum,2)*0.15);}
22:43:51.682 [main] ERROR BATTLE - 6:JS脚本注册JavaScript表达式，脚本:with(Math){ return (500*RoleLv*0.05)*(random()*(1.02-0.98)+0.98)*0.5;}
22:43:51.682 [main] ERROR BATTLE - 6:JS脚本注册JavaScript表达式，脚本:with(Math){ return _94019_<1;}
22:43:51.682 [main] ERROR BATTLE - 6:JS脚本注册JavaScript表达式，脚本:with(Math){ return _99065_>=4;}
22:43:51.682 [main] ERROR BATTLE - 6:JS脚本注册JavaScript表达式，脚本:with(Math){ return _94056_>=1;}
22:43:51.682 [main] ERROR BATTLE - 6:JS脚本注册JavaScript表达式，脚本:with(Math){ return _99036_>=1;}
22:43:51.682 [main] ERROR BATTLE - 6:JS脚本注册JavaScript表达式，脚本:with(Math){ return _99037_>=1;}
22:43:51.682 [main] ERROR BATTLE - 6:JS脚本注册JavaScript表达式，脚本:with(Math){ return _99038_>=1;}
22:43:51.682 [main] ERROR BATTLE - 6:JS脚本注册JavaScript表达式，脚本:with(Math){ return _99039_>=1;}
22:43:51.683 [main] ERROR BATTLE - 6:JS脚本注册JavaScript表达式，脚本:with(Math){ return _94056_>=4;}
22:43:51.683 [main] ERROR BATTLE - 6:JS脚本注册JavaScript表达式，脚本:with(Math){ return _95003_<=2;}
22:43:51.683 [main] ERROR BATTLE - 6:JS脚本注册JavaScript表达式，脚本:with(Math){ return _95003_<=3;}
22:43:51.683 [main] ERROR BATTLE - 6:JS脚本注册JavaScript表达式，脚本:with(Math){ return _95003_<=4;}
22:43:51.683 [main] ERROR BATTLE - 6:JS脚本注册JavaScript表达式，脚本:with(Math){ return _95003_<=5;}
22:43:51.683 [main] ERROR BATTLE - 6:JS脚本注册JavaScript表达式，脚本:with(Math){ return _95003_<=6;}
22:43:51.683 [main] ERROR BATTLE - 6:JS脚本注册JavaScript表达式，脚本:with(Math){ return _95003_<=7;}
22:43:51.683 [main] ERROR BATTLE - 6:JS脚本注册JavaScript表达式，脚本:with(Math){ return _95003_<=8;}
22:43:51.683 [main] ERROR BATTLE - 6:JS脚本注册JavaScript表达式，脚本:with(Math){ return _95003_<=9;}
22:43:51.683 [main] ERROR BATTLE - 6:JS脚本注册JavaScript表达式，脚本:with(Math){ return _95003_<=10;}
22:43:51.683 [main] ERROR BATTLE - 6:JS脚本注册JavaScript表达式，脚本:with(Math){ return _96232_>=1;}
22:43:51.683 [main] ERROR BATTLE - 6:JS脚本注册JavaScript表达式，脚本:with(Math){ return _96234_>=1;}
22:43:51.683 [main] ERROR BATTLE - 6:JS脚本注册JavaScript表达式，脚本:with(Math){ return _95003_=3;}
22:43:51.683 [main] ERROR BATTLE - 6:JS脚本注册JavaScript表达式，脚本:with(Math){ return _97001_>=4;}
22:43:51.683 [main] ERROR BATTLE - 6:JS脚本注册JavaScript表达式，脚本:with(Math){ return _99040_>=2;}
22:43:51.683 [main] ERROR BATTLE - 6:JS脚本注册JavaScript表达式，脚本:with(Math){ return _95003_=4;}
22:43:51.683 [main] ERROR BATTLE - 6:JS脚本注册JavaScript表达式，脚本:with(Math){ return _95003_=5;}
22:43:51.683 [main] ERROR BATTLE - 6:JS脚本注册JavaScript表达式，脚本:with(Math){ return _95003_=6;}
22:43:51.683 [main] ERROR BATTLE - 6:JS脚本注册JavaScript表达式，脚本:with(Math){ return _95003_=7;}
22:43:51.683 [main] ERROR BATTLE - 6:JS脚本注册JavaScript表达式，脚本:with(Math){ return _95003_=8;}
22:43:51.683 [main] ERROR BATTLE - 6:JS脚本注册JavaScript表达式，脚本:with(Math){ return _95003_=9;}
22:43:51.683 [main] ERROR BATTLE - 6:JS脚本注册JavaScript表达式，脚本:with(Math){ return _99041_>=3;}
22:43:51.683 [main] ERROR BATTLE - 6:JS脚本注册JavaScript表达式，脚本:with(Math){ return _99042_>=3;}
22:43:51.683 [main] ERROR BATTLE - 6:JS脚本注册JavaScript表达式，脚本:with(Math){ return _99043_>=1;}
22:43:51.683 [main] ERROR BATTLE - 6:JS脚本注册JavaScript表达式，脚本:with(Math){ return _99044_<1;}
22:43:51.684 [main] ERROR BATTLE - 6:JS脚本注册JavaScript表达式，脚本:with(Math){ return _99045_<1;}
22:43:51.684 [main] ERROR BATTLE - 6:JS脚本注册JavaScript表达式，脚本:with(Math){ return _99047_>=1;}
22:43:51.684 [main] ERROR BATTLE - 6:JS脚本注册JavaScript表达式，脚本:with(Math){ return _99048_>=1;}
22:43:51.684 [main] ERROR BATTLE - 6:JS脚本注册JavaScript表达式，脚本:with(Math){ return _94056_>=3;}
22:43:51.684 [main] ERROR BATTLE - 6:JS脚本注册JavaScript表达式，脚本:with(Math){ return _99049_>=1;}
22:43:51.684 [main] ERROR BATTLE - 6:JS脚本注册JavaScript表达式，脚本:with(Math){ return _99052_>=1;}
22:43:51.684 [main] ERROR BATTLE - 6:JS脚本注册JavaScript表达式，脚本:with(Math){ return _94014_>=7;}
22:43:51.684 [main] ERROR BATTLE - 6:JS脚本注册JavaScript表达式，脚本:with(Math){ return _99053_>=1;}
22:43:51.684 [main] ERROR BATTLE - 6:JS脚本注册JavaScript表达式，脚本:with(Math){ return _99054_>=1;}
22:43:51.684 [main] ERROR BATTLE - 6:JS脚本注册JavaScript表达式，脚本:with(Math){ return _99055_>=1;}
22:43:51.684 [main] ERROR BATTLE - 6:JS脚本注册JavaScript表达式，脚本:with(Math){ return _99056_>=1;}
22:43:51.684 [main] ERROR BATTLE - 6:JS脚本注册JavaScript表达式，脚本:with(Math){ return _99057_>=1;}
22:43:51.684 [main] ERROR BATTLE - 6:JS脚本注册JavaScript表达式，脚本:with(Math){ return _99058_>=1;}
22:43:51.684 [main] ERROR BATTLE - 6:JS脚本注册JavaScript表达式，脚本:with(Math){ return _99059_>=1;}
22:43:51.684 [main] ERROR BATTLE - 6:JS脚本注册JavaScript表达式，脚本:with(Math){ return _99060_>=1;}
22:43:51.684 [main] ERROR BATTLE - 6:JS脚本注册JavaScript表达式，脚本:with(Math){ return _99061_>=1;}
22:43:51.684 [main] ERROR BATTLE - 6:JS脚本注册JavaScript表达式，脚本:with(Math){ return _99053_<1;}
22:43:51.684 [main] ERROR BATTLE - 6:JS脚本注册JavaScript表达式，脚本:with(Math){ return _99054_<1;}
22:43:51.684 [main] ERROR BATTLE - 6:JS脚本注册JavaScript表达式，脚本:with(Math){ return _99055_<1;}
22:43:51.684 [main] ERROR BATTLE - 6:JS脚本注册JavaScript表达式，脚本:with(Math){ return _99056_<1;}
22:43:51.684 [main] ERROR BATTLE - 6:JS脚本注册JavaScript表达式，脚本:with(Math){ return _99057_<1;}
22:43:51.684 [main] ERROR BATTLE - 6:JS脚本注册JavaScript表达式，脚本:with(Math){ return _99058_<1;}
22:43:51.684 [main] ERROR BATTLE - 6:JS脚本注册JavaScript表达式，脚本:with(Math){ return _99059_<1;}
22:43:51.685 [main] ERROR BATTLE - 6:JS脚本注册JavaScript表达式，脚本:with(Math){ return _99060_<1;}
22:43:51.685 [main] ERROR BATTLE - 6:JS脚本注册JavaScript表达式，脚本:with(Math){ return _99061_<1;}
22:43:51.685 [main] ERROR BATTLE - 6:JS脚本注册JavaScript表达式，脚本:with(Math){ return _96001_/_96002_<0.1;}
22:43:51.685 [main] ERROR BATTLE - 6:JS脚本注册JavaScript表达式，脚本:with(Math){ return _99062_>=1;}
22:43:51.685 [main] ERROR BATTLE - 6:JS脚本注册JavaScript表达式，脚本:with(Math){ return _99062_>=2;}
22:43:51.685 [main] ERROR BATTLE - 6:JS脚本注册JavaScript表达式，脚本:with(Math){ return _99062_>=3;}
22:43:51.685 [main] ERROR BATTLE - 6:JS脚本注册JavaScript表达式，脚本:with(Math){ return _99066_>=1;}
22:43:51.685 [main] ERROR BATTLE - 6:JS脚本注册JavaScript表达式，脚本:with(Math){ return _99067_>=1;}
22:43:51.685 [main] ERROR BATTLE - 6:JS脚本注册JavaScript表达式，脚本:with(Math){ return _99049_>=5;}
22:43:51.685 [main] ERROR BATTLE - 6:JS脚本注册JavaScript表达式，脚本:with(Math){ return _99068_>=1;}
22:43:51.685 [main] ERROR BATTLE - 6:JS脚本注册JavaScript表达式，脚本:with(Math){ return _99071_>=1;}
22:43:51.685 [main] ERROR BATTLE - 6:JS脚本注册JavaScript表达式，脚本:with(Math){ return _99070_==1;}
22:43:51.685 [main] ERROR BATTLE - 6:JS脚本注册JavaScript表达式，脚本:with(Math){ return _99072_<1;}
22:43:51.685 [main] ERROR BATTLE - 6:JS脚本注册JavaScript表达式，脚本:with(Math){ return _94041_>=1;}
22:43:51.685 [main] ERROR BATTLE - 6:JS脚本注册JavaScript表达式，脚本:with(Math){ return _99065_>=3;}
22:43:51.685 [main] ERROR BATTLE - 6:JS脚本注册JavaScript表达式，脚本:with(Math){ return _99074_>=1;}
22:43:51.685 [main] ERROR BATTLE - 6:JS脚本注册JavaScript表达式，脚本:with(Math){ return _502003_;}
22:43:51.685 [main] ERROR BATTLE - 6:JS脚本注册JavaScript表达式，脚本:with(Math){ return _501901_;}
22:43:51.685 [main] ERROR BATTLE - 6:JS脚本注册JavaScript表达式，脚本:with(Math){ return _501402_;}
22:43:51.685 [main] ERROR BATTLE - 6:JS脚本注册JavaScript表达式，脚本:with(Math){ return !_508236_;}
22:43:51.686 [main] ERROR BATTLE - 6:JS脚本注册JavaScript表达式，脚本:with(Math){ return !_508237_;}
22:43:51.686 [main] ERROR BATTLE - 6:JS脚本注册JavaScript表达式，脚本:with(Math){ return !_509951_;}
22:43:51.686 [main] ERROR BATTLE - 6:JS脚本注册JavaScript表达式，脚本:with(Math){ return !_503001_;}
22:43:51.686 [main] ERROR BATTLE - 6:JS脚本注册JavaScript表达式，脚本:with(Math){ return !_501402_;}
22:43:51.686 [main] ERROR BATTLE - 6:JS脚本注册JavaScript表达式，脚本:with(Math){ return !_508002_;}
22:43:51.686 [main] ERROR BATTLE - 6:JS脚本注册JavaScript表达式，脚本:with(Math){ return !_508006_;}
22:43:51.686 [main] ERROR BATTLE - 6:JS脚本注册JavaScript表达式，脚本:with(Math){ return _509081_;}
22:43:51.686 [main] ERROR BATTLE - 6:JS脚本注册JavaScript表达式，脚本:with(Math){ return _503001_;}
22:43:51.686 [main] ERROR BATTLE - 6:JS脚本注册JavaScript表达式，脚本:with(Math){ return !_508014_;}
22:43:51.686 [main] ERROR BATTLE - 6:JS脚本注册JavaScript表达式，脚本:with(Math){ return !_508008_;}
22:43:51.686 [main] ERROR BATTLE - 6:JS脚本注册JavaScript表达式，脚本:with(Math){ return 1*TeamNum+5;}
22:43:51.687 [main] ERROR BATTLE - 3:JS脚本需要使用js引擎编译，脚本:function unnamed_178(){ with(Math){ return _99049_>=1;}; }
22:43:51.808 [main] ERROR BATTLE - 3:JS脚本需要使用js引擎编译，脚本:function unnamed_84(){ with(Math){ return gradea*0.2362;}; }
22:43:51.822 [main] ERROR BATTLE - 3:JS脚本需要使用js引擎编译，脚本:function unnamed_197(){ with(Math){ return _99060_<1;}; }
22:43:51.827 [main] ERROR BATTLE - 3:JS脚本需要使用js引擎编译，脚本:function unnamed_14(){ with(Math){ return ((medicala*0.2+skilllevela*1.2)+abs(maindamage)*0.08)*(1+healrevisea)*(1+medicaljiashena/1000);}; }
22:43:51.837 [main] ERROR BATTLE - 3:JS脚本需要使用js引擎编译，脚本:function unnamed_42(){ with(Math){ return -(phyattacka*1.10-defendb+1*skilllevela)*2.5;}; }
22:43:51.848 [main] ERROR BATTLE - 3:JS脚本需要使用js引擎编译，脚本:function unnamed_194(){ with(Math){ return _99057_<1;}; }
22:43:51.852 [main] ERROR BATTLE - 3:JS脚本需要使用js引擎编译，脚本:function unnamed_211(){ with(Math){ return _99065_>=3;}; }
22:43:51.856 [main] ERROR BATTLE - 3:JS脚本需要使用js引擎编译，脚本:function unnamed_131(){ with(Math){ return (1*RoleLv*1.3)*(random()*(1.02-0.98)+0.98);}; }
22:43:51.869 [main] ERROR BATTLE - 3:JS脚本需要使用js引擎编译，脚本:function unnamed_27(){ with(Math){ return 10+1.3*skilllevela;}; }
22:43:51.873 [main] ERROR BATTLE - 3:JS脚本需要使用js引擎编译，脚本:function unnamed_128(){ with(Math){ return RoleLv*1.7+20;}; }
22:43:51.881 [main] ERROR BATTLE - 3:JS脚本需要使用js引擎编译，脚本:function unnamed_169(){ with(Math){ return _95003_=9;}; }
22:43:51.885 [main] ERROR BATTLE - 3:JS脚本需要使用js引擎编译，脚本:function unnamed_135(){ with(Math){ return (400*MonsterLv*0.017*(MonsterNum*0.083+MasterNum*0.1245)*min(max(1-0.2*floor(abs(MonsterLv-RoleLv)/5),0.1),1)*(1-IsDbPoint)+400*MonsterLv*0.13*(MonsterNum*0.083+MasterNum*0.1245)*min(max(1-0.2*floor(abs(MonsterLv-RoleLv)/5),0.1),1)*IsDbPoint)*(random()*(1.02-0.98)+0.98);}; }
22:43:51.898 [main] ERROR BATTLE - 3:JS脚本需要使用js引擎编译，脚本:function unnamed_20(){ with(Math){ return medicala+3*skilllevela*2;}; }
22:43:51.902 [main] ERROR BATTLE - 3:JS脚本需要使用js引擎编译，脚本:function unnamed_68(){ with(Math){ return gradea*0.7;}; }
22:43:51.911 [main] ERROR BATTLE - 3:JS脚本需要使用js引擎编译，脚本:function unnamed_43(){ with(Math){ return -magicattacka*3;}; }
22:43:51.915 [main] ERROR BATTLE - 3:JS脚本需要使用js引擎编译，脚本:function unnamed_172(){ with(Math){ return _99043_>=1;}; }
22:43:51.919 [main] ERROR BATTLE - 3:JS脚本需要使用js引擎编译，脚本:function unnamed_196(){ with(Math){ return _99059_<1;}; }
22:43:51.930 [main] ERROR BATTLE - 3:JS脚本需要使用js引擎编译，脚本:function unnamed_207(){ with(Math){ return _99071_>=1;}; }
22:43:51.934 [main] ERROR BATTLE - 3:JS脚本需要使用js引擎编译，脚本:function unnamed_93(){ with(Math){ return gradea*0.625;}; }
22:43:51.941 [main] ERROR BATTLE - 3:JS脚本需要使用js引擎编译，脚本:function unnamed_83(){ with(Math){ return gradea*0.189;}; }
22:43:51.947 [main] ERROR BATTLE - 3:JS脚本需要使用js引擎编译，脚本:function unnamed_119(){ with(Math){ return (15)+(TeamNum-1)*15+RoleLv*120;}; }
22:43:51.950 [main] ERROR BATTLE - 3:JS脚本需要使用js引擎编译，脚本:function unnamed_33(){ with(Math){ return -maxhpb*0.4;}; }
22:43:51.954 [main] ERROR BATTLE - 3:JS脚本需要使用js引擎编译，脚本:function unnamed_227(){ with(Math){ return 1*TeamNum+5;}; }
22:43:51.960 [main] ERROR BATTLE - 3:JS脚本需要使用js引擎编译，脚本:function unnamed_174(){ with(Math){ return _99045_<1;}; }
22:43:51.964 [main] ERROR BATTLE - 3:JS脚本需要使用js引擎编译，脚本:function unnamed_74(){ with(Math){ return gradea*0.000875;}; }
22:43:51.968 [main] ERROR BATTLE - 3:JS脚本需要使用js引擎编译，脚本:function unnamed_156(){ with(Math){ return _95003_<=8;}; }
22:43:51.975 [main] ERROR BATTLE - 3:JS脚本需要使用js引擎编译，脚本:function unnamed_37(){ with(Math){ return -(phyattacka*1.40-defendb+1*skilllevela)*2.5;}; }
22:43:51.979 [main] ERROR BATTLE - 3:JS脚本需要使用js引擎编译，脚本:function unnamed_199(){ with(Math){ return _96001_/_96002_<0.1;}; }
22:43:51.991 [main] ERROR BATTLE - 3:JS脚本需要使用js引擎编译，脚本:function unnamed_209(){ with(Math){ return _99072_<1;}; }
22:43:51.995 [main] ERROR BATTLE - 3:JS脚本需要使用js引擎编译，脚本:function unnamed_23(){ with(Math){ return (medicala+1.2*skilllevela)*0.4;}; }
22:43:51.998 [main] ERROR BATTLE - 3:JS脚本需要使用js引擎编译，脚本:function unnamed_70(){ with(Math){ return gradea*1.05;}; }
22:43:52.006 [main] ERROR BATTLE - 3:JS脚本需要使用js引擎编译，脚本:function unnamed_63(){ with(Math){ return gradea*0.24;}; }
22:43:52.009 [main] ERROR BATTLE - 3:JS脚本需要使用js引擎编译，脚本:function unnamed_98(){ with(Math){ return gradea*0.85;}; }
22:43:52.013 [main] ERROR BATTLE - 3:JS脚本需要使用js引擎编译，脚本:function unnamed_144(){ with(Math){ return _94056_>=1;}; }
22:43:52.022 [main] ERROR BATTLE - 3:JS脚本需要使用js引擎编译，脚本:function unnamed_141(){ with(Math){ return (500*RoleLv*0.05)*(random()*(1.02-0.98)+0.98)*0.5;}; }
22:43:52.026 [main] ERROR BATTLE - 3:JS脚本需要使用js引擎编译，脚本:function unnamed_143(){ with(Math){ return _99065_>=4;}; }
22:43:52.029 [main] ERROR BATTLE - 3:JS脚本需要使用js引擎编译，脚本:function unnamed_185(){ with(Math){ return _99057_>=1;}; }
22:43:52.039 [main] ERROR BATTLE - 3:JS脚本需要使用js引擎编译，脚本:function unnamed_107(){ with(Math){ return gradea*4;}; }
22:43:52.042 [main] ERROR BATTLE - 3:JS脚本需要使用js引擎编译，脚本:function unnamed_206(){ with(Math){ return _99068_>=1;}; }
22:43:52.058 [main] ERROR BATTLE - 3:JS脚本需要使用js引擎编译，脚本:function unnamed_58(){ with(Math){ return -(magicattacka*1.2-magicdefb+2*gradea)*(0.5+0.05*(2-preaimcount));}; }
22:43:52.064 [main] ERROR BATTLE - 3:JS脚本需要使用js引擎编译，脚本:function unnamed_100(){ with(Math){ return gradea*0.375;}; }
22:43:52.067 [main] ERROR BATTLE - 3:JS脚本需要使用js引擎编译，脚本:function unnamed_56(){ with(Math){ return -(magicattacka*3.5-magicdefb+2*skilllevela)*0.3;}; }
22:43:52.071 [main] ERROR BATTLE - 3:JS脚本需要使用js引擎编译，脚本:function unnamed_26(){ with(Math){ return -(speeda*0.1+7*skilllevela)*1.1;}; }
22:43:52.078 [main] ERROR BATTLE - 3:JS脚本需要使用js引擎编译，脚本:function unnamed_75(){ with(Math){ return gradea*0.00105;}; }
22:43:52.081 [main] ERROR BATTLE - 3:JS脚本需要使用js引擎编译，脚本:function unnamed_80(){ with(Math){ return gradea*0.12;}; }
22:43:52.086 [main] ERROR BATTLE - 3:JS脚本需要使用js引擎编译，脚本:function unnamed_40(){ with(Math){ return -(phyattacka*1.55-defendb+1*skilllevela)*2.5;}; }
22:43:52.089 [main] ERROR BATTLE - 3:JS脚本需要使用js引擎编译，脚本:function unnamed_157(){ with(Math){ return _95003_<=9;}; }
22:43:52.093 [main] ERROR BATTLE - 3:JS脚本需要使用js引擎编译，脚本:function unnamed_140(){ with(Math){ return (5000*RoleLv*0.05)*(random()*(1.02-0.98)+0.98)*(1-min(5-TeamNum,2)*0.15);}; }
22:43:52.097 [main] ERROR BATTLE - 3:JS脚本需要使用js引擎编译，脚本:function unnamed_184(){ with(Math){ return _99056_>=1;}; }
22:43:52.101 [main] ERROR BATTLE - 3:JS脚本需要使用js引擎编译，脚本:function unnamed_122(){ with(Math){ return RoleLv*10;}; }
22:43:52.106 [main] ERROR BATTLE - 3:JS脚本需要使用js引擎编译，脚本:function unnamed_48(){ with(Math){ return -(phyattacka*2-defendb+1*gradea);}; }
22:43:52.109 [main] ERROR BATTLE - 3:JS脚本需要使用js引擎编译，脚本:function unnamed_110(){ with(Math){ return 0.3*maxhpb;}; }
22:43:52.112 [main] ERROR BATTLE - 3:JS脚本需要使用js引擎编译，脚本:function unnamed_2(){ with(Math){ return -(phyattacka*0.65-defendb+1*skilllevela);}; }
22:43:52.116 [main] ERROR BATTLE - 3:JS脚本需要使用js引擎编译，脚本:function unnamed_109(){ with(Math){ return 0.05*maxhpb;}; }
22:43:52.120 [main] ERROR BATTLE - 3:JS脚本需要使用js引擎编译，脚本:function unnamed_208(){ with(Math){ return _99070_==1;}; }
22:43:52.123 [main] ERROR BATTLE - 3:JS脚本需要使用js引擎编译，脚本:function unnamed_179(){ with(Math){ return _99052_>=1;}; }
22:43:52.126 [main] ERROR BATTLE - 3:JS脚本需要使用js引擎编译，脚本:function unnamed_29(){ with(Math){ return -(magicattacka*1.8-magicdefb+2*gradea)*0.5;}; }
22:43:52.129 [main] ERROR BATTLE - 3:JS脚本需要使用js引擎编译，脚本:function unnamed_218(){ with(Math){ return !_509951_;}; }
22:43:52.134 [main] ERROR BATTLE - 3:JS脚本需要使用js引擎编译，脚本:function unnamed_213(){ with(Math){ return _502003_;}; }
22:43:52.137 [main] ERROR BATTLE - 3:JS脚本需要使用js引擎编译，脚本:function unnamed_132(){ with(Math){ return 2000*RoleLv;}; }
22:43:52.140 [main] ERROR BATTLE - 3:JS脚本需要使用js引擎编译，脚本:function unnamed_97(){ with(Math){ return gradea*0.65;}; }
22:43:52.156 [main] ERROR BATTLE - 3:JS脚本需要使用js引擎编译，脚本:function unnamed_161(){ with(Math){ return _95003_=3;}; }
22:43:52.159 [main] ERROR BATTLE - 3:JS脚本需要使用js引擎编译，脚本:function unnamed_183(){ with(Math){ return _99055_>=1;}; }
22:43:52.170 [main] ERROR BATTLE - 3:JS脚本需要使用js引擎编译，脚本:function unnamed_129(){ with(Math){ return (1*RoleLv*11)*(random()*(1.02-0.98)+0.98);}; }
22:43:52.174 [main] ERROR BATTLE - 3:JS脚本需要使用js引擎编译，脚本:function unnamed_17(){ with(Math){ return abs(maindamage)*1;}; }
22:43:52.177 [main] ERROR BATTLE - 3:JS脚本需要使用js引擎编译，脚本:function unnamed_49(){ with(Math){ return phyattacka*1.25-defendb+1*gradea;}; }
22:43:52.184 [main] ERROR BATTLE - 3:JS脚本需要使用js引擎编译，脚本:function unnamed_127(){ with(Math){ return (15)+(TeamNum-1)*15+RoleLv*5;}; }
22:43:52.187 [main] ERROR BATTLE - 3:JS脚本需要使用js引擎编译，脚本:function unnamed_73(){ with(Math){ return gradea*0.0007;}; }
22:43:52.197 [main] ERROR BATTLE - 3:JS脚本需要使用js引擎编译，脚本:function unnamed_91(){ with(Math){ return gradea*0.5;}; }
22:43:52.200 [main] ERROR BATTLE - 3:JS脚本需要使用js引擎编译，脚本:function unnamed_64(){ with(Math){ return gradea*0.15;}; }
22:43:52.203 [main] ERROR BATTLE - 3:JS脚本需要使用js引擎编译，脚本:function unnamed_190(){ with(Math){ return _99053_<1;}; }
22:43:52.206 [main] ERROR BATTLE - 3:JS脚本需要使用js引擎编译，脚本:function unnamed_102(){ with(Math){ return gradea*0.525;}; }
22:43:52.213 [main] ERROR BATTLE - 3:JS脚本需要使用js引擎编译，脚本:function unnamed_31(){ with(Math){ return -maxhpb*0.2;}; }
22:43:52.216 [main] ERROR BATTLE - 3:JS脚本需要使用js引擎编译，脚本:function unnamed_130(){ with(Math){ return (1*RoleLv*0.94)*(random()*(1.02-0.98)+0.98);}; }
22:43:52.219 [main] ERROR BATTLE - 3:JS脚本需要使用js引擎编译，脚本:function unnamed_16(){ with(Math){ return abs(maindamage)*0.35;}; }
22:43:52.222 [main] ERROR BATTLE - 3:JS脚本需要使用js引擎编译，脚本:function unnamed_18(){ with(Math){ return -magicattacka*0.2;}; }
22:43:52.225 [main] ERROR BATTLE - 3:JS脚本需要使用js引擎编译，脚本:function unnamed_154(){ with(Math){ return _95003_<=6;}; }
22:43:52.228 [main] ERROR BATTLE - 3:JS脚本需要使用js引擎编译，脚本:function unnamed_28(){ with(Math){ return -(magicattacka*1.3-magicdefb+2*gradea)*0.5;}; }
22:43:52.236 [main] ERROR BATTLE - 3:JS脚本需要使用js引擎编译，脚本:function unnamed_36(){ with(Math){ return -(phyattacka*10-defendb+1*gradea+max((phyattacka-phyattackb)*0.05,0));}; }
22:43:52.239 [main] ERROR BATTLE - 3:JS脚本需要使用js引擎编译，脚本:function unnamed_182(){ with(Math){ return _99054_>=1;}; }
22:43:52.241 [main] ERROR BATTLE - 3:JS脚本需要使用js引擎编译，脚本:function unnamed_225(){ with(Math){ return !_508014_;}; }
22:43:52.248 [main] ERROR BATTLE - 3:JS脚本需要使用js引擎编译，脚本:function unnamed_69(){ with(Math){ return gradea*0.87;}; }
22:43:52.250 [main] ERROR BATTLE - 3:JS脚本需要使用js引擎编译，脚本:function unnamed_164(){ with(Math){ return _95003_=4;}; }
22:43:52.253 [main] ERROR BATTLE - 3:JS脚本需要使用js引擎编译，脚本:function unnamed_175(){ with(Math){ return _99047_>=1;}; }
22:43:52.255 [main] ERROR BATTLE - 3:JS脚本需要使用js引擎编译，脚本:function unnamed_181(){ with(Math){ return _99053_>=1;}; }
22:43:52.262 [main] ERROR BATTLE - 3:JS脚本需要使用js引擎编译，脚本:function unnamed_134(){ with(Math){ return (400*MonsterLv*0.011*(MonsterNum*0.083+MasterNum*0.1245)*min(max(1-0.2*floor(abs(MonsterLv-RoleLv)/5),0.1),1)*(1-IsDbPoint)+400*MonsterLv*0.13*(MonsterNum*0.083+MasterNum*0.1245)*min(max(1-0.2*floor(abs(MonsterLv-RoleLv)/5),0.1),1)*IsDbPoint)*(random()*(1.02-0.98)+0.98);}; }
22:43:52.267 [main] ERROR BATTLE - 3:JS脚本需要使用js引擎编译，脚本:function unnamed_176(){ with(Math){ return _99048_>=1;}; }
22:43:52.269 [main] ERROR BATTLE - 3:JS脚本需要使用js引擎编译，脚本:function unnamed_39(){ with(Math){ return -(phyattacka*1.50-defendb+1*skilllevela)*2.5;}; }
22:43:52.280 [main] ERROR BATTLE - 3:JS脚本需要使用js引擎编译，脚本:function unnamed_120(){ with(Math){ return (15)+(TeamNum-1)*15+RoleLv*140;}; }
22:43:52.283 [main] ERROR BATTLE - 3:JS脚本需要使用js引擎编译，脚本:function unnamed_51(){ with(Math){ return -(magicattacka*0.8-magicdefb+2*gradea)*(0.5+0.05*(2-preaimcount));}; }
22:43:52.286 [main] ERROR BATTLE - 3:JS脚本需要使用js引擎编译，脚本:function unnamed_82(){ with(Math){ return gradea*0.14;}; }
22:43:52.289 [main] ERROR BATTLE - 3:JS脚本需要使用js引擎编译，脚本:function unnamed_32(){ with(Math){ return -maxhpb*0.3;}; }
22:43:52.299 [main] ERROR BATTLE - 3:JS脚本需要使用js引擎编译，脚本:function unnamed_54(){ with(Math){ return -(magicattacka*3.5-magicdefb+2*skilllevela)*0.5;}; }
22:43:52.303 [main] ERROR BATTLE - 3:JS脚本需要使用js引擎编译，脚本:function unnamed_95(){ with(Math){ return gradea*0.75;}; }
22:43:52.305 [main] ERROR BATTLE - 3:JS脚本需要使用js引擎编译，脚本:function unnamed_158(){ with(Math){ return _95003_<=10;}; }
22:43:52.308 [main] ERROR BATTLE - 3:JS脚本需要使用js引擎编译，脚本:function unnamed_19(){ with(Math){ return medicala*1.1+3*skilllevela;}; }
22:43:52.312 [main] ERROR BATTLE - 3:JS脚本需要使用js引擎编译，脚本:function unnamed_72(){ with(Math){ return gradea*1.4;}; }
22:43:52.315 [main] ERROR BATTLE - 3:JS脚本需要使用js引擎编译，脚本:function unnamed_139(){ with(Math){ return 105800+floor(RoleLv/10)*440+(200+floor(RoleLv/10)*40*(Ring-1));}; }
22:43:52.319 [main] ERROR BATTLE - 3:JS脚本需要使用js引擎编译，脚本:function unnamed_108(){ with(Math){ return -(phyattacka*1.2-defendb+1*gradea);}; }
22:43:52.326 [main] ERROR BATTLE - 3:JS脚本需要使用js引擎编译，脚本:function unnamed_117(){ with(Math){ return RoleLv*50;}; }
22:43:52.329 [main] ERROR BATTLE - 3:JS脚本需要使用js引擎编译，脚本:function unnamed_155(){ with(Math){ return _95003_<=7;}; }
22:43:52.336 [main] ERROR BATTLE - 3:JS脚本需要使用js引擎编译，脚本:function unnamed_220(){ with(Math){ return !_501402_;}; }
22:43:52.339 [main] ERROR BATTLE - 3:JS脚本需要使用js引擎编译，脚本:function unnamed_21(){ with(Math){ return -(magicattacka*1.3-magicdefb+2*gradea)*0.5*(1.2+(0.6+0.2*skilllevela)*(1-curmpb/maxmpb));}; }
22:43:52.348 [main] ERROR BATTLE - 3:JS脚本需要使用js引擎编译，脚本:function unnamed_116(){ with(Math){ return 1600*RoleLv*0.067*(0.74+0.02*Time)*(random()*(1.02-0.98)+0.98);}; }
22:43:52.351 [main] ERROR BATTLE - 3:JS脚本需要使用js引擎编译，脚本:function unnamed_5(){ with(Math){ return -(phyattacka*1-defendb+1*gradea)*(0.25+0.05*skilllevela);}; }
22:43:52.354 [main] ERROR BATTLE - 3:JS脚本需要使用js引擎编译，脚本:function unnamed_226(){ with(Math){ return !_508008_;}; }
22:43:52.363 [main] ERROR BATTLE - 3:JS脚本需要使用js引擎编译，脚本:function unnamed_210(){ with(Math){ return _94041_>=1;}; }
22:43:52.366 [main] ERROR BATTLE - 3:JS脚本需要使用js引擎编译，脚本:function unnamed_205(){ with(Math){ return _99049_>=5;}; }
22:43:52.369 [main] ERROR BATTLE - 3:JS脚本需要使用js引擎编译，脚本:function unnamed_217(){ with(Math){ return !_508237_;}; }
22:43:52.371 [main] ERROR BATTLE - 3:JS脚本需要使用js引擎编译，脚本:function unnamed_47(){ with(Math){ return -(phyattacka*1.25-defendb+1*gradea+max((phyattacka-phyattackb)*0.25,0));}; }
22:43:52.386 [main] ERROR BATTLE - 3:JS脚本需要使用js引擎编译，脚本:function unnamed_149(){ with(Math){ return _94056_>=4;}; }
22:43:52.390 [main] ERROR BATTLE - 3:JS脚本需要使用js引擎编译，脚本:function unnamed_195(){ with(Math){ return _99058_<1;}; }
22:43:52.393 [main] ERROR BATTLE - 3:JS脚本需要使用js引擎编译，脚本:function unnamed_148(){ with(Math){ return _99039_>=1;}; }
22:43:52.395 [main] ERROR BATTLE - 3:JS脚本需要使用js引擎编译，脚本:function unnamed_187(){ with(Math){ return _99059_>=1;}; }
22:43:52.398 [main] ERROR BATTLE - 3:JS脚本需要使用js引擎编译，脚本:function unnamed_24(){ with(Math){ return 2*skilllevela+50;}; }
22:43:52.400 [main] ERROR BATTLE - 3:JS脚本需要使用js引擎编译，脚本:function unnamed_96(){ with(Math){ return gradea*0.0875;}; }
22:43:52.415 [main] ERROR BATTLE - 3:JS脚本需要使用js引擎编译，脚本:function unnamed_165(){ with(Math){ return _95003_=5;}; }
22:43:52.418 [main] ERROR BATTLE - 3:JS脚本需要使用js引擎编译，脚本:function unnamed_113(){ with(Math){ return -(phyattacka*0.5-defendb+1*gradea);}; }
22:43:52.421 [main] ERROR BATTLE - 3:JS脚本需要使用js引擎编译，脚本:function unnamed_105(){ with(Math){ return gradea*3.5;}; }
22:43:52.428 [main] ERROR BATTLE - 3:JS脚本需要使用js引擎编译，脚本:function unnamed_125(){ with(Math){ return (15)+(TeamNum-1)*15+RoleLv*3;}; }
22:43:52.434 [main] ERROR BATTLE - 3:JS脚本需要使用js引擎编译，脚本:function unnamed_11(){ with(Math){ return -(phyattacka*0.45-defendb+1*skilllevela);}; }
22:43:52.437 [main] ERROR BATTLE - 3:JS脚本需要使用js引擎编译，脚本:function unnamed_112(){ with(Math){ return -(phyattacka*0.65-defendb+1*gradea);}; }
22:43:52.442 [main] ERROR BATTLE - 3:JS脚本需要使用js引擎编译，脚本:function unnamed_137(){ with(Math){ return 500*RoleLv*1.215*(0.88+0.03);}; }
22:43:52.448 [main] ERROR BATTLE - 3:JS脚本需要使用js引擎编译，脚本:function unnamed_171(){ with(Math){ return _99042_>=3;}; }
22:43:52.451 [main] ERROR BATTLE - 3:JS脚本需要使用js引擎编译，脚本:function unnamed_202(){ with(Math){ return _99062_>=3;}; }
22:43:52.453 [main] ERROR BATTLE - 3:JS脚本需要使用js引擎编译，脚本:function unnamed_79(){ with(Math){ return gradea*1;}; }
22:43:52.456 [main] ERROR BATTLE - 3:JS脚本需要使用js引擎编译，脚本:function unnamed_87(){ with(Math){ return gradea*0.378;}; }
22:43:52.465 [main] ERROR BATTLE - 3:JS脚本需要使用js引擎编译，脚本:function unnamed_8(){ with(Math){ return -(magicattacka*1.2-magicdefb+2*skilllevela)*(0.5+0.05*(4-preaimcount));}; }
22:43:52.469 [main] ERROR BATTLE - 3:JS脚本需要使用js引擎编译，脚本:function unnamed_99(){ with(Math){ return gradea*0.3;}; }
22:43:52.471 [main] ERROR BATTLE - 3:JS脚本需要使用js引擎编译，脚本:function unnamed_193(){ with(Math){ return _99056_<1;}; }
22:43:52.474 [main] ERROR BATTLE - 3:JS脚本需要使用js引擎编译，脚本:function unnamed_88(){ with(Math){ return gradea*0.875;}; }
22:43:52.482 [main] ERROR BATTLE - 3:JS脚本需要使用js引擎编译，脚本:function unnamed_67(){ with(Math){ return gradea*0.32;}; }
22:43:52.484 [main] ERROR BATTLE - 3:JS脚本需要使用js引擎编译，脚本:function unnamed_224(){ with(Math){ return _503001_;}; }
22:43:52.487 [main] ERROR BATTLE - 3:JS脚本需要使用js引擎编译，脚本:function unnamed_52(){ with(Math){ return -(phyattacka*0.55-defendb+1*gradea);}; }
22:43:52.489 [main] ERROR BATTLE - 3:JS脚本需要使用js引擎编译，脚本:function unnamed_152(){ with(Math){ return _95003_<=4;}; }
22:43:52.491 [main] ERROR BATTLE - 3:JS脚本需要使用js引擎编译，脚本:function unnamed_198(){ with(Math){ return _99061_<1;}; }
22:43:52.500 [main] ERROR BATTLE - 3:JS脚本需要使用js引擎编译，脚本:function unnamed_223(){ with(Math){ return _509081_;}; }
22:43:52.502 [main] ERROR BATTLE - 3:JS脚本需要使用js引擎编译，脚本:function unnamed_38(){ with(Math){ return -(phyattacka*1.45-defendb+1*skilllevela)*2.5;}; }
22:43:52.505 [main] ERROR BATTLE - 3:JS脚本需要使用js引擎编译，脚本:function unnamed_203(){ with(Math){ return _99066_>=1;}; }
22:43:52.508 [main] ERROR BATTLE - 3:JS脚本需要使用js引擎编译，脚本:function unnamed_221(){ with(Math){ return !_508002_;}; }
22:43:52.510 [main] ERROR BATTLE - 3:JS脚本需要使用js引擎编译，脚本:function unnamed_65(){ with(Math){ return gradea*0.28;}; }
22:43:52.512 [main] ERROR BATTLE - 3:JS脚本需要使用js引擎编译，脚本:function unnamed_201(){ with(Math){ return _99062_>=2;}; }
22:43:52.515 [main] ERROR BATTLE - 3:JS脚本需要使用js引擎编译，脚本:function unnamed_94(){ with(Math){ return gradea*0.075;}; }
22:43:52.517 [main] ERROR BATTLE - 3:JS脚本需要使用js引擎编译，脚本:function unnamed_90(){ with(Math){ return gradea*0.05;}; }
22:43:52.520 [main] ERROR BATTLE - 3:JS脚本需要使用js引擎编译，脚本:function unnamed_44(){ with(Math){ return -magicattacka*2.2;}; }
22:43:52.526 [main] ERROR BATTLE - 3:JS脚本需要使用js引擎编译，脚本:function unnamed_46(){ with(Math){ return -(phyattacka*0.45-defendb+1*gradea);}; }
22:43:52.531 [main] ERROR BATTLE - 3:JS脚本需要使用js引擎编译，脚本:function unnamed_111(){ with(Math){ return 0.35*maxhpb;}; }
22:43:52.533 [main] ERROR BATTLE - 3:JS脚本需要使用js引擎编译，脚本:function unnamed_121(){ with(Math){ return (15)+(TeamNum-1)*15+RoleLv*150;}; }
22:43:52.535 [main] ERROR BATTLE - 3:JS脚本需要使用js引擎编译，脚本:function unnamed_142(){ with(Math){ return _94019_<1;}; }
22:43:52.538 [main] ERROR BATTLE - 3:JS脚本需要使用js引擎编译，脚本:function unnamed_188(){ with(Math){ return _99060_>=1;}; }
22:43:52.540 [main] ERROR BATTLE - 3:JS脚本需要使用js引擎编译，脚本:function unnamed_191(){ with(Math){ return _99054_<1;}; }
22:43:52.543 [main] ERROR BATTLE - 3:JS脚本需要使用js引擎编译，脚本:function unnamed_212(){ with(Math){ return _99074_>=1;}; }
22:43:52.545 [main] ERROR BATTLE - 3:JS脚本需要使用js引擎编译，脚本:function unnamed_166(){ with(Math){ return _95003_=6;}; }
22:43:52.548 [main] ERROR BATTLE - 3:JS脚本需要使用js引擎编译，脚本:function unnamed_162(){ with(Math){ return _97001_>=4;}; }
22:43:52.556 [main] ERROR BATTLE - 3:JS脚本需要使用js引擎编译，脚本:function unnamed_126(){ with(Math){ return (15)+(TeamNum-1)*15+RoleLv*4;}; }
22:43:52.559 [main] ERROR BATTLE - 3:JS脚本需要使用js引擎编译，脚本:function unnamed_9(){ with(Math){ return 0.7+0.002*(skilllevela-gradeb)+(enhanceseala-resistsealb);}; }
22:43:52.561 [main] ERROR BATTLE - 3:JS脚本需要使用js引擎编译，脚本:function unnamed_12(){ with(Math){ return 16*skilllevela;}; }
22:43:52.563 [main] ERROR BATTLE - 3:JS脚本需要使用js引擎编译，脚本:function unnamed_204(){ with(Math){ return _99067_>=1;}; }
22:43:52.575 [main] ERROR BATTLE - 3:JS脚本需要使用js引擎编译，脚本:function unnamed_219(){ with(Math){ return !_503001_;}; }
22:43:52.578 [main] ERROR BATTLE - 3:JS脚本需要使用js引擎编译，脚本:function unnamed_59(){ with(Math){ return gradea*0.16;}; }
22:43:52.580 [main] ERROR BATTLE - 3:JS脚本需要使用js引擎编译，脚本:function unnamed_118(){ with(Math){ return (15)+(TeamNum-1)*15+RoleLv*100;}; }
22:43:52.582 [main] ERROR BATTLE - 3:JS脚本需要使用js引擎编译，脚本:function unnamed_214(){ with(Math){ return _501901_;}; }
22:43:52.585 [main] ERROR BATTLE - 3:JS脚本需要使用js引擎编译，脚本:function unnamed_189(){ with(Math){ return _99061_>=1;}; }
22:43:52.592 [main] ERROR BATTLE - 3:JS脚本需要使用js引擎编译，脚本:function unnamed_30(){ with(Math){ return -maxhpb*0.1;}; }
22:43:52.595 [main] ERROR BATTLE - 3:JS脚本需要使用js引擎编译，脚本:function unnamed_216(){ with(Math){ return !_508236_;}; }
22:43:52.597 [main] ERROR BATTLE - 3:JS脚本需要使用js引擎编译，脚本:function unnamed_62(){ with(Math){ return gradea*0.125;}; }
22:43:52.599 [main] ERROR BATTLE - 3:JS脚本需要使用js引擎编译，脚本:function unnamed_163(){ with(Math){ return _99040_>=2;}; }
22:43:52.608 [main] ERROR BATTLE - 3:JS脚本需要使用js引擎编译，脚本:function unnamed_81(){ with(Math){ return gradea*1.2;}; }
22:43:52.610 [main] ERROR BATTLE - 3:JS脚本需要使用js引擎编译，脚本:function unnamed_153(){ with(Math){ return _95003_<=5;}; }
22:43:52.612 [main] ERROR BATTLE - 3:JS脚本需要使用js引擎编译，脚本:function unnamed_170(){ with(Math){ return _99041_>=3;}; }
22:43:52.614 [main] ERROR BATTLE - 3:JS脚本需要使用js引擎编译，脚本:function unnamed_173(){ with(Math){ return _99044_<1;}; }
22:43:52.617 [main] ERROR BATTLE - 3:JS脚本需要使用js引擎编译，脚本:function unnamed_200(){ with(Math){ return _99062_>=1;}; }
22:43:52.638 [main] ERROR BATTLE - 3:JS脚本需要使用js引擎编译，脚本:function unnamed_159(){ with(Math){ return _96232_>=1;}; }
22:43:52.640 [main] ERROR BATTLE - 3:JS脚本需要使用js引擎编译，脚本:function unnamed_4(){ with(Math){ return 0.15*maxhpb;}; }
22:43:52.643 [main] ERROR BATTLE - 3:JS脚本需要使用js引擎编译，脚本:function unnamed_78(){ with(Math){ return gradea*0.08;}; }
22:43:52.645 [main] ERROR BATTLE - 3:JS脚本需要使用js引擎编译，脚本:function unnamed_3(){ with(Math){ return -(phyattacka*0.55-defendb+1*skilllevela);}; }
22:43:52.648 [main] ERROR BATTLE - 3:JS脚本需要使用js引擎编译，脚本:function unnamed_77(){ with(Math){ return gradea*0.0014;}; }
22:43:52.651 [main] ERROR BATTLE - 3:JS脚本需要使用js引擎编译，脚本:function unnamed_133(){ with(Math){ return 3000*RoleLv;}; }
22:43:52.653 [main] ERROR BATTLE - 3:JS脚本需要使用js引擎编译，脚本:function unnamed_76(){ with(Math){ return gradea*0.001225;}; }
22:43:52.662 [main] ERROR BATTLE - 3:JS脚本需要使用js引擎编译，脚本:function unnamed_86(){ with(Math){ return gradea*0.3375;}; }
22:43:52.665 [main] ERROR BATTLE - 3:JS脚本需要使用js引擎编译，脚本:function unnamed_167(){ with(Math){ return _95003_=7;}; }
22:43:52.667 [main] ERROR BATTLE - 3:JS脚本需要使用js引擎编译，脚本:function unnamed_15(){ with(Math){ return -(magicattacka*1.8-magicdefb+2*skilllevela)*(0.5+0.05*(4-preaimcount));}; }
22:43:52.676 [main] ERROR BATTLE - 3:JS脚本需要使用js引擎编译，脚本:function unnamed_50(){ with(Math){ return -(magicattacka*0.5-magicdefb+2*gradea)*(0.5+0.05*(2-preaimcount));}; }
22:43:52.678 [main] ERROR BATTLE - 3:JS脚本需要使用js引擎编译，脚本:function unnamed_123(){ with(Math){ return (15)+(TeamNum-1)*15+RoleLv*1;}; }
22:43:52.680 [main] ERROR BATTLE - 3:JS脚本需要使用js引擎编译，脚本:function unnamed_103(){ with(Math){ return gradea*3;}; }
22:43:52.683 [main] ERROR BATTLE - 3:JS脚本需要使用js引擎编译，脚本:function unnamed_13(){ with(Math){ return ((medicala*0.5+skilllevela*1.4)+abs(maindamage)*0.1)*(1+healrevisea)*(1+medicaljiashena/1000);}; }
22:43:52.685 [main] ERROR BATTLE - 3:JS脚本需要使用js引擎编译，脚本:function unnamed_71(){ with(Math){ return gradea*1.22;}; }
22:43:52.689 [main] ERROR BATTLE - 3:JS脚本需要使用js引擎编译，脚本:function unnamed_138(){ with(Math){ return Ring+3;}; }
22:43:52.692 [main] ERROR BATTLE - 3:JS脚本需要使用js引擎编译，脚本:function unnamed_60(){ with(Math){ return gradea*0.1;}; }
22:43:52.696 [main] ERROR BATTLE - 3:JS脚本需要使用js引擎编译，脚本:function unnamed_180(){ with(Math){ return _94014_>=7;}; }
22:43:52.698 [main] ERROR BATTLE - 3:JS脚本需要使用js引擎编译，脚本:function unnamed_147(){ with(Math){ return _99038_>=1;}; }
22:43:52.700 [main] ERROR BATTLE - 3:JS脚本需要使用js引擎编译，脚本:function unnamed_186(){ with(Math){ return _99058_>=1;}; }
22:43:52.703 [main] ERROR BATTLE - 3:JS脚本需要使用js引擎编译，脚本:function unnamed_115(){ with(Math){ return (15)+(TeamNum-1)*15+RoleLv*160;}; }
22:43:52.705 [main] ERROR BATTLE - 3:JS脚本需要使用js引擎编译，脚本:function unnamed_34(){ with(Math){ return -maxhpb*0.6;}; }
22:43:52.708 [main] ERROR BATTLE - 3:JS脚本需要使用js引擎编译，脚本:function unnamed_215(){ with(Math){ return _501402_;}; }
22:43:52.710 [main] ERROR BATTLE - 3:JS脚本需要使用js引擎编译，脚本:function unnamed_150(){ with(Math){ return _95003_<=2;}; }
22:43:52.712 [main] ERROR BATTLE - 3:JS脚本需要使用js引擎编译，脚本:function unnamed_0(){ with(Math){ return -(phyattacka*1.3-defendb+1*skilllevela);}; }
22:43:52.715 [main] ERROR BATTLE - 3:JS脚本需要使用js引擎编译，脚本:function unnamed_66(){ with(Math){ return gradea*0.175;}; }
22:43:52.717 [main] ERROR BATTLE - 3:JS脚本需要使用js引擎编译，脚本:function unnamed_55(){ with(Math){ return -(phyattacka*1-defendb+7*gradea);}; }
22:43:52.719 [main] ERROR BATTLE - 3:JS脚本需要使用js引擎编译，脚本:function unnamed_22(){ with(Math){ return medicala+1.2*skilllevela;}; }
22:43:52.722 [main] ERROR BATTLE - 3:JS脚本需要使用js引擎编译，脚本:function unnamed_222(){ with(Math){ return !_508006_;}; }
22:43:52.725 [main] ERROR BATTLE - 3:JS脚本需要使用js引擎编译，脚本:function unnamed_41(){ with(Math){ return -(phyattacka*1.60-defendb+1*skilllevela)*2.5;}; }
22:43:52.727 [main] ERROR BATTLE - 3:JS脚本需要使用js引擎编译，脚本:function unnamed_136(){ with(Math){ return RoleLv*200;}; }
22:43:52.730 [main] ERROR BATTLE - 3:JS脚本需要使用js引擎编译，脚本:function unnamed_7(){ with(Math){ return 9*skilllevela;}; }
22:43:52.732 [main] ERROR BATTLE - 3:JS脚本需要使用js引擎编译，脚本:function unnamed_192(){ with(Math){ return _99055_<1;}; }
22:43:52.734 [main] ERROR BATTLE - 3:JS脚本需要使用js引擎编译，脚本:function unnamed_101(){ with(Math){ return gradea*0.45;}; }
22:43:52.737 [main] ERROR BATTLE - 3:JS脚本需要使用js引擎编译，脚本:function unnamed_6(){ with(Math){ return -(phyattacka*1.45-defendb+1*skilllevela);}; }
22:43:52.739 [main] ERROR BATTLE - 3:JS脚本需要使用js引擎编译，脚本:function unnamed_53(){ with(Math){ return abs(maindamage)*0.20;}; }
22:43:52.742 [main] ERROR BATTLE - 3:JS脚本需要使用js引擎编译，脚本:function unnamed_92(){ with(Math){ return gradea*0.0625;}; }
22:43:52.744 [main] ERROR BATTLE - 3:JS脚本需要使用js引擎编译，脚本:function unnamed_177(){ with(Math){ return _94056_>=3;}; }
22:43:52.746 [main] ERROR BATTLE - 3:JS脚本需要使用js引擎编译，脚本:function unnamed_104(){ with(Math){ return gradea*3.25;}; }
22:43:52.748 [main] ERROR BATTLE - 3:JS脚本需要使用js引擎编译，脚本:function unnamed_25(){ with(Math){ return 0.7*maxhpb;}; }
22:43:52.750 [main] ERROR BATTLE - 3:JS脚本需要使用js引擎编译，脚本:function unnamed_1(){ with(Math){ return -(phyattacka*1.35-defendb+1*skilllevela);}; }
22:43:52.756 [main] ERROR BATTLE - 3:JS脚本需要使用js引擎编译，脚本:function unnamed_124(){ with(Math){ return (15)+(TeamNum-1)*15+RoleLv*2;}; }
22:43:52.758 [main] ERROR BATTLE - 3:JS脚本需要使用js引擎编译，脚本:function unnamed_168(){ with(Math){ return _95003_=8;}; }
22:43:52.763 [main] ERROR BATTLE - 3:JS脚本需要使用js引擎编译，脚本:function unnamed_45(){ with(Math){ return -magicattacka*1.6;}; }
22:43:52.765 [main] ERROR BATTLE - 3:JS脚本需要使用js引擎编译，脚本:function unnamed_89(){ with(Math){ return gradea*1.225;}; }
22:43:52.768 [main] ERROR BATTLE - 3:JS脚本需要使用js引擎编译，脚本:function unnamed_146(){ with(Math){ return _99037_>=1;}; }
22:43:52.770 [main] ERROR BATTLE - 3:JS脚本需要使用js引擎编译，脚本:function unnamed_10(){ with(Math){ return gradea*2;}; }
22:43:52.773 [main] ERROR BATTLE - 3:JS脚本需要使用js引擎编译，脚本:function unnamed_35(){ with(Math){ return -maxhpb*0.7;}; }
22:43:52.775 [main] ERROR BATTLE - 3:JS脚本需要使用js引擎编译，脚本:function unnamed_61(){ with(Math){ return gradea*0.2;}; }
22:43:52.777 [main] ERROR BATTLE - 3:JS脚本需要使用js引擎编译，脚本:function unnamed_114(){ with(Math){ return -magicattacka*0.7;}; }
22:43:52.779 [main] ERROR BATTLE - 3:JS脚本需要使用js引擎编译，脚本:function unnamed_85(){ with(Math){ return gradea*0.2835;}; }
22:43:52.781 [main] ERROR BATTLE - 3:JS脚本需要使用js引擎编译，脚本:function unnamed_57(){ with(Math){ return 10+gradea;}; }
22:43:52.783 [main] ERROR BATTLE - 3:JS脚本需要使用js引擎编译，脚本:function unnamed_145(){ with(Math){ return _99036_>=1;}; }
22:43:52.785 [main] ERROR BATTLE - 3:JS脚本需要使用js引擎编译，脚本:function unnamed_151(){ with(Math){ return _95003_<=3;}; }
22:43:52.789 [main] ERROR BATTLE - 3:JS脚本需要使用js引擎编译，脚本:function unnamed_106(){ with(Math){ return gradea*3.75;}; }
22:43:52.791 [main] ERROR BATTLE - 3:JS脚本需要使用js引擎编译，脚本:function unnamed_160(){ with(Math){ return _96234_>=1;}; }
22:43:52.803 [main] ERROR BATTLE - 3:JS脚本需要使用js引擎编译，脚本:function unnamed_178(){ with(Math){ return _99049_>=1;}; }
22:43:52.806 [main] ERROR BATTLE - 3:JS脚本需要使用js引擎编译，脚本:function unnamed_84(){ with(Math){ return gradea*0.2362;}; }
22:43:52.808 [main] ERROR BATTLE - 3:JS脚本需要使用js引擎编译，脚本:function unnamed_197(){ with(Math){ return _99060_<1;}; }
22:43:52.810 [main] ERROR BATTLE - 3:JS脚本需要使用js引擎编译，脚本:function unnamed_14(){ with(Math){ return ((medicala*0.2+skilllevela*1.2)+abs(maindamage)*0.08)*(1+healrevisea)*(1+medicaljiashena/1000);}; }
22:43:52.812 [main] ERROR BATTLE - 3:JS脚本需要使用js引擎编译，脚本:function unnamed_42(){ with(Math){ return -(phyattacka*1.10-defendb+1*skilllevela)*2.5;}; }
22:43:52.814 [main] ERROR BATTLE - 3:JS脚本需要使用js引擎编译，脚本:function unnamed_194(){ with(Math){ return _99057_<1;}; }
22:43:52.816 [main] ERROR BATTLE - 3:JS脚本需要使用js引擎编译，脚本:function unnamed_211(){ with(Math){ return _99065_>=3;}; }
22:43:52.818 [main] ERROR BATTLE - 3:JS脚本需要使用js引擎编译，脚本:function unnamed_131(){ with(Math){ return (1*RoleLv*1.3)*(random()*(1.02-0.98)+0.98);}; }
22:43:52.820 [main] ERROR BATTLE - 3:JS脚本需要使用js引擎编译，脚本:function unnamed_27(){ with(Math){ return 10+1.3*skilllevela;}; }
22:43:52.822 [main] ERROR BATTLE - 3:JS脚本需要使用js引擎编译，脚本:function unnamed_128(){ with(Math){ return RoleLv*1.7+20;}; }
22:43:52.828 [main] ERROR BATTLE - 3:JS脚本需要使用js引擎编译，脚本:function unnamed_169(){ with(Math){ return _95003_=9;}; }
22:43:52.830 [main] ERROR BATTLE - 3:JS脚本需要使用js引擎编译，脚本:function unnamed_135(){ with(Math){ return (400*MonsterLv*0.017*(MonsterNum*0.083+MasterNum*0.1245)*min(max(1-0.2*floor(abs(MonsterLv-RoleLv)/5),0.1),1)*(1-IsDbPoint)+400*MonsterLv*0.13*(MonsterNum*0.083+MasterNum*0.1245)*min(max(1-0.2*floor(abs(MonsterLv-RoleLv)/5),0.1),1)*IsDbPoint)*(random()*(1.02-0.98)+0.98);}; }
22:43:52.833 [main] ERROR BATTLE - 3:JS脚本需要使用js引擎编译，脚本:function unnamed_20(){ with(Math){ return medicala+3*skilllevela*2;}; }
22:43:52.835 [main] ERROR BATTLE - 3:JS脚本需要使用js引擎编译，脚本:function unnamed_68(){ with(Math){ return gradea*0.7;}; }
22:43:52.837 [main] ERROR BATTLE - 3:JS脚本需要使用js引擎编译，脚本:function unnamed_43(){ with(Math){ return -magicattacka*3;}; }
22:43:52.840 [main] ERROR BATTLE - 3:JS脚本需要使用js引擎编译，脚本:function unnamed_172(){ with(Math){ return _99043_>=1;}; }
22:43:52.848 [main] ERROR BATTLE - 3:JS脚本需要使用js引擎编译，脚本:function unnamed_196(){ with(Math){ return _99059_<1;}; }
22:43:52.851 [main] ERROR BATTLE - 3:JS脚本需要使用js引擎编译，脚本:function unnamed_207(){ with(Math){ return _99071_>=1;}; }
22:43:52.853 [main] ERROR BATTLE - 3:JS脚本需要使用js引擎编译，脚本:function unnamed_93(){ with(Math){ return gradea*0.625;}; }
22:43:52.855 [main] ERROR BATTLE - 3:JS脚本需要使用js引擎编译，脚本:function unnamed_83(){ with(Math){ return gradea*0.189;}; }
22:43:52.857 [main] ERROR BATTLE - 3:JS脚本需要使用js引擎编译，脚本:function unnamed_119(){ with(Math){ return (15)+(TeamNum-1)*15+RoleLv*120;}; }
22:43:52.867 [main] ERROR BATTLE - 3:JS脚本需要使用js引擎编译，脚本:function unnamed_33(){ with(Math){ return -maxhpb*0.4;}; }
22:43:52.869 [main] ERROR BATTLE - 3:JS脚本需要使用js引擎编译，脚本:function unnamed_227(){ with(Math){ return 1*TeamNum+5;}; }
22:43:52.871 [main] ERROR BATTLE - 3:JS脚本需要使用js引擎编译，脚本:function unnamed_174(){ with(Math){ return _99045_<1;}; }
22:43:52.874 [main] ERROR BATTLE - 3:JS脚本需要使用js引擎编译，脚本:function unnamed_74(){ with(Math){ return gradea*0.000875;}; }
22:43:52.876 [main] ERROR BATTLE - 3:JS脚本需要使用js引擎编译，脚本:function unnamed_156(){ with(Math){ return _95003_<=8;}; }
22:43:52.878 [main] ERROR BATTLE - 3:JS脚本需要使用js引擎编译，脚本:function unnamed_37(){ with(Math){ return -(phyattacka*1.40-defendb+1*skilllevela)*2.5;}; }
22:43:52.880 [main] ERROR BATTLE - 3:JS脚本需要使用js引擎编译，脚本:function unnamed_199(){ with(Math){ return _96001_/_96002_<0.1;}; }
22:43:52.884 [main] ERROR BATTLE - 3:JS脚本需要使用js引擎编译，脚本:function unnamed_209(){ with(Math){ return _99072_<1;}; }
22:43:52.886 [main] ERROR BATTLE - 3:JS脚本需要使用js引擎编译，脚本:function unnamed_23(){ with(Math){ return (medicala+1.2*skilllevela)*0.4;}; }
22:43:52.887 [main] ERROR BATTLE - 3:JS脚本需要使用js引擎编译，脚本:function unnamed_70(){ with(Math){ return gradea*1.05;}; }
22:43:52.889 [main] ERROR BATTLE - 3:JS脚本需要使用js引擎编译，脚本:function unnamed_63(){ with(Math){ return gradea*0.24;}; }
22:43:52.905 [main] ERROR BATTLE - 3:JS脚本需要使用js引擎编译，脚本:function unnamed_98(){ with(Math){ return gradea*0.85;}; }
22:43:52.907 [main] ERROR BATTLE - 3:JS脚本需要使用js引擎编译，脚本:function unnamed_144(){ with(Math){ return _94056_>=1;}; }
22:43:52.909 [main] ERROR BATTLE - 3:JS脚本需要使用js引擎编译，脚本:function unnamed_141(){ with(Math){ return (500*RoleLv*0.05)*(random()*(1.02-0.98)+0.98)*0.5;}; }
22:43:52.911 [main] ERROR BATTLE - 3:JS脚本需要使用js引擎编译，脚本:function unnamed_143(){ with(Math){ return _99065_>=4;}; }
22:43:52.913 [main] ERROR BATTLE - 3:JS脚本需要使用js引擎编译，脚本:function unnamed_185(){ with(Math){ return _99057_>=1;}; }
22:43:52.915 [main] ERROR BATTLE - 3:JS脚本需要使用js引擎编译，脚本:function unnamed_107(){ with(Math){ return gradea*4;}; }
22:43:52.921 [main] ERROR BATTLE - 3:JS脚本需要使用js引擎编译，脚本:function unnamed_206(){ with(Math){ return _99068_>=1;}; }
22:43:52.923 [main] ERROR BATTLE - 3:JS脚本需要使用js引擎编译，脚本:function unnamed_58(){ with(Math){ return -(magicattacka*1.2-magicdefb+2*gradea)*(0.5+0.05*(2-preaimcount));}; }
22:43:52.925 [main] ERROR BATTLE - 3:JS脚本需要使用js引擎编译，脚本:function unnamed_100(){ with(Math){ return gradea*0.375;}; }
22:43:52.928 [main] ERROR BATTLE - 3:JS脚本需要使用js引擎编译，脚本:function unnamed_56(){ with(Math){ return -(magicattacka*3.5-magicdefb+2*skilllevela)*0.3;}; }
22:43:52.933 [main] ERROR BATTLE - 3:JS脚本需要使用js引擎编译，脚本:function unnamed_26(){ with(Math){ return -(speeda*0.1+7*skilllevela)*1.1;}; }
22:43:52.936 [main] ERROR BATTLE - 3:JS脚本需要使用js引擎编译，脚本:function unnamed_75(){ with(Math){ return gradea*0.00105;}; }
22:43:52.938 [main] ERROR BATTLE - 3:JS脚本需要使用js引擎编译，脚本:function unnamed_80(){ with(Math){ return gradea*0.12;}; }
22:43:52.940 [main] ERROR BATTLE - 3:JS脚本需要使用js引擎编译，脚本:function unnamed_40(){ with(Math){ return -(phyattacka*1.55-defendb+1*skilllevela)*2.5;}; }
22:43:52.942 [main] ERROR BATTLE - 3:JS脚本需要使用js引擎编译，脚本:function unnamed_157(){ with(Math){ return _95003_<=9;}; }
22:43:52.944 [main] ERROR BATTLE - 3:JS脚本需要使用js引擎编译，脚本:function unnamed_140(){ with(Math){ return (5000*RoleLv*0.05)*(random()*(1.02-0.98)+0.98)*(1-min(5-TeamNum,2)*0.15);}; }
22:43:52.946 [main] ERROR BATTLE - 3:JS脚本需要使用js引擎编译，脚本:function unnamed_184(){ with(Math){ return _99056_>=1;}; }
22:43:52.948 [main] ERROR BATTLE - 3:JS脚本需要使用js引擎编译，脚本:function unnamed_122(){ with(Math){ return RoleLv*10;}; }
22:43:52.950 [main] ERROR BATTLE - 3:JS脚本需要使用js引擎编译，脚本:function unnamed_48(){ with(Math){ return -(phyattacka*2-defendb+1*gradea);}; }
22:43:52.953 [main] ERROR BATTLE - 3:JS脚本需要使用js引擎编译，脚本:function unnamed_110(){ with(Math){ return 0.3*maxhpb;}; }
22:43:52.955 [main] ERROR BATTLE - 3:JS脚本需要使用js引擎编译，脚本:function unnamed_2(){ with(Math){ return -(phyattacka*0.65-defendb+1*skilllevela);}; }
22:43:52.957 [main] ERROR BATTLE - 3:JS脚本需要使用js引擎编译，脚本:function unnamed_109(){ with(Math){ return 0.05*maxhpb;}; }
22:43:52.959 [main] ERROR BATTLE - 3:JS脚本需要使用js引擎编译，脚本:function unnamed_208(){ with(Math){ return _99070_==1;}; }
22:43:52.961 [main] ERROR BATTLE - 3:JS脚本需要使用js引擎编译，脚本:function unnamed_179(){ with(Math){ return _99052_>=1;}; }
22:43:52.963 [main] ERROR BATTLE - 3:JS脚本需要使用js引擎编译，脚本:function unnamed_29(){ with(Math){ return -(magicattacka*1.8-magicdefb+2*gradea)*0.5;}; }
22:43:52.972 [main] ERROR BATTLE - 3:JS脚本需要使用js引擎编译，脚本:function unnamed_218(){ with(Math){ return !_509951_;}; }
22:43:52.975 [main] ERROR BATTLE - 3:JS脚本需要使用js引擎编译，脚本:function unnamed_213(){ with(Math){ return _502003_;}; }
22:43:52.977 [main] ERROR BATTLE - 3:JS脚本需要使用js引擎编译，脚本:function unnamed_132(){ with(Math){ return 2000*RoleLv;}; }
22:43:52.979 [main] ERROR BATTLE - 3:JS脚本需要使用js引擎编译，脚本:function unnamed_97(){ with(Math){ return gradea*0.65;}; }
22:43:52.981 [main] ERROR BATTLE - 3:JS脚本需要使用js引擎编译，脚本:function unnamed_161(){ with(Math){ return _95003_=3;}; }
22:43:52.983 [main] ERROR BATTLE - 3:JS脚本需要使用js引擎编译，脚本:function unnamed_183(){ with(Math){ return _99055_>=1;}; }
22:43:52.990 [main] ERROR BATTLE - 3:JS脚本需要使用js引擎编译，脚本:function unnamed_129(){ with(Math){ return (1*RoleLv*11)*(random()*(1.02-0.98)+0.98);}; }
22:43:52.992 [main] ERROR BATTLE - 3:JS脚本需要使用js引擎编译，脚本:function unnamed_17(){ with(Math){ return abs(maindamage)*1;}; }
22:43:52.994 [main] ERROR BATTLE - 3:JS脚本需要使用js引擎编译，脚本:function unnamed_49(){ with(Math){ return phyattacka*1.25-defendb+1*gradea;}; }
22:43:52.996 [main] ERROR BATTLE - 3:JS脚本需要使用js引擎编译，脚本:function unnamed_127(){ with(Math){ return (15)+(TeamNum-1)*15+RoleLv*5;}; }
22:43:52.998 [main] ERROR BATTLE - 3:JS脚本需要使用js引擎编译，脚本:function unnamed_73(){ with(Math){ return gradea*0.0007;}; }
22:43:53.000 [main] ERROR BATTLE - 3:JS脚本需要使用js引擎编译，脚本:function unnamed_91(){ with(Math){ return gradea*0.5;}; }
22:43:53.001 [main] ERROR BATTLE - 3:JS脚本需要使用js引擎编译，脚本:function unnamed_64(){ with(Math){ return gradea*0.15;}; }
22:43:53.003 [main] ERROR BATTLE - 3:JS脚本需要使用js引擎编译，脚本:function unnamed_190(){ with(Math){ return _99053_<1;}; }
22:43:53.005 [main] ERROR BATTLE - 3:JS脚本需要使用js引擎编译，脚本:function unnamed_102(){ with(Math){ return gradea*0.525;}; }
22:43:53.021 [main] ERROR BATTLE - 3:JS脚本需要使用js引擎编译，脚本:function unnamed_31(){ with(Math){ return -maxhpb*0.2;}; }
22:43:53.023 [main] ERROR BATTLE - 3:JS脚本需要使用js引擎编译，脚本:function unnamed_130(){ with(Math){ return (1*RoleLv*0.94)*(random()*(1.02-0.98)+0.98);}; }
22:43:53.025 [main] ERROR BATTLE - 3:JS脚本需要使用js引擎编译，脚本:function unnamed_16(){ with(Math){ return abs(maindamage)*0.35;}; }
22:43:53.027 [main] ERROR BATTLE - 3:JS脚本需要使用js引擎编译，脚本:function unnamed_18(){ with(Math){ return -magicattacka*0.2;}; }
22:43:53.029 [main] ERROR BATTLE - 3:JS脚本需要使用js引擎编译，脚本:function unnamed_154(){ with(Math){ return _95003_<=6;}; }
22:43:53.031 [main] ERROR BATTLE - 3:JS脚本需要使用js引擎编译，脚本:function unnamed_28(){ with(Math){ return -(magicattacka*1.3-magicdefb+2*gradea)*0.5;}; }
22:43:53.033 [main] ERROR BATTLE - 3:JS脚本需要使用js引擎编译，脚本:function unnamed_36(){ with(Math){ return -(phyattacka*10-defendb+1*gradea+max((phyattacka-phyattackb)*0.05,0));}; }
22:43:53.036 [main] ERROR BATTLE - 3:JS脚本需要使用js引擎编译，脚本:function unnamed_182(){ with(Math){ return _99054_>=1;}; }
22:43:53.038 [main] ERROR BATTLE - 3:JS脚本需要使用js引擎编译，脚本:function unnamed_225(){ with(Math){ return !_508014_;}; }
22:43:53.040 [main] ERROR BATTLE - 3:JS脚本需要使用js引擎编译，脚本:function unnamed_69(){ with(Math){ return gradea*0.87;}; }
22:43:53.042 [main] ERROR BATTLE - 3:JS脚本需要使用js引擎编译，脚本:function unnamed_164(){ with(Math){ return _95003_=4;}; }
22:43:53.044 [main] ERROR BATTLE - 3:JS脚本需要使用js引擎编译，脚本:function unnamed_175(){ with(Math){ return _99047_>=1;}; }
22:43:53.046 [main] ERROR BATTLE - 3:JS脚本需要使用js引擎编译，脚本:function unnamed_181(){ with(Math){ return _99053_>=1;}; }
22:43:53.054 [main] ERROR BATTLE - 3:JS脚本需要使用js引擎编译，脚本:function unnamed_134(){ with(Math){ return (400*MonsterLv*0.011*(MonsterNum*0.083+MasterNum*0.1245)*min(max(1-0.2*floor(abs(MonsterLv-RoleLv)/5),0.1),1)*(1-IsDbPoint)+400*MonsterLv*0.13*(MonsterNum*0.083+MasterNum*0.1245)*min(max(1-0.2*floor(abs(MonsterLv-RoleLv)/5),0.1),1)*IsDbPoint)*(random()*(1.02-0.98)+0.98);}; }
22:43:53.056 [main] ERROR BATTLE - 3:JS脚本需要使用js引擎编译，脚本:function unnamed_176(){ with(Math){ return _99048_>=1;}; }
22:43:53.058 [main] ERROR BATTLE - 3:JS脚本需要使用js引擎编译，脚本:function unnamed_39(){ with(Math){ return -(phyattacka*1.50-defendb+1*skilllevela)*2.5;}; }
22:43:53.061 [main] ERROR BATTLE - 3:JS脚本需要使用js引擎编译，脚本:function unnamed_120(){ with(Math){ return (15)+(TeamNum-1)*15+RoleLv*140;}; }
22:43:53.062 [main] ERROR BATTLE - 3:JS脚本需要使用js引擎编译，脚本:function unnamed_51(){ with(Math){ return -(magicattacka*0.8-magicdefb+2*gradea)*(0.5+0.05*(2-preaimcount));}; }
22:43:53.064 [main] ERROR BATTLE - 3:JS脚本需要使用js引擎编译，脚本:function unnamed_82(){ with(Math){ return gradea*0.14;}; }
22:43:53.066 [main] ERROR BATTLE - 3:JS脚本需要使用js引擎编译，脚本:function unnamed_32(){ with(Math){ return -maxhpb*0.3;}; }
22:43:53.069 [main] ERROR BATTLE - 3:JS脚本需要使用js引擎编译，脚本:function unnamed_54(){ with(Math){ return -(magicattacka*3.5-magicdefb+2*skilllevela)*0.5;}; }
22:43:53.070 [main] ERROR BATTLE - 3:JS脚本需要使用js引擎编译，脚本:function unnamed_95(){ with(Math){ return gradea*0.75;}; }
22:43:53.072 [main] ERROR BATTLE - 3:JS脚本需要使用js引擎编译，脚本:function unnamed_158(){ with(Math){ return _95003_<=10;}; }
22:43:53.075 [main] ERROR BATTLE - 3:JS脚本需要使用js引擎编译，脚本:function unnamed_19(){ with(Math){ return medicala*1.1+3*skilllevela;}; }
22:43:53.077 [main] ERROR BATTLE - 3:JS脚本需要使用js引擎编译，脚本:function unnamed_72(){ with(Math){ return gradea*1.4;}; }
22:43:53.079 [main] ERROR BATTLE - 3:JS脚本需要使用js引擎编译，脚本:function unnamed_139(){ with(Math){ return 105800+floor(RoleLv/10)*440+(200+floor(RoleLv/10)*40*(Ring-1));}; }
22:43:53.081 [main] ERROR BATTLE - 3:JS脚本需要使用js引擎编译，脚本:function unnamed_108(){ with(Math){ return -(phyattacka*1.2-defendb+1*gradea);}; }
22:43:53.083 [main] ERROR BATTLE - 3:JS脚本需要使用js引擎编译，脚本:function unnamed_117(){ with(Math){ return RoleLv*50;}; }
22:43:53.085 [main] ERROR BATTLE - 3:JS脚本需要使用js引擎编译，脚本:function unnamed_155(){ with(Math){ return _95003_<=7;}; }
22:43:53.086 [main] ERROR BATTLE - 3:JS脚本需要使用js引擎编译，脚本:function unnamed_220(){ with(Math){ return !_501402_;}; }
22:43:53.089 [main] ERROR BATTLE - 3:JS脚本需要使用js引擎编译，脚本:function unnamed_21(){ with(Math){ return -(magicattacka*1.3-magicdefb+2*gradea)*0.5*(1.2+(0.6+0.2*skilllevela)*(1-curmpb/maxmpb));}; }
22:43:53.091 [main] ERROR BATTLE - 3:JS脚本需要使用js引擎编译，脚本:function unnamed_116(){ with(Math){ return 1600*RoleLv*0.067*(0.74+0.02*Time)*(random()*(1.02-0.98)+0.98);}; }
22:43:53.093 [main] ERROR BATTLE - 3:JS脚本需要使用js引擎编译，脚本:function unnamed_5(){ with(Math){ return -(phyattacka*1-defendb+1*gradea)*(0.25+0.05*skilllevela);}; }
22:43:53.095 [main] ERROR BATTLE - 3:JS脚本需要使用js引擎编译，脚本:function unnamed_226(){ with(Math){ return !_508008_;}; }
22:43:53.097 [main] ERROR BATTLE - 3:JS脚本需要使用js引擎编译，脚本:function unnamed_210(){ with(Math){ return _94041_>=1;}; }
22:43:53.099 [main] ERROR BATTLE - 3:JS脚本需要使用js引擎编译，脚本:function unnamed_205(){ with(Math){ return _99049_>=5;}; }
22:43:53.101 [main] ERROR BATTLE - 3:JS脚本需要使用js引擎编译，脚本:function unnamed_217(){ with(Math){ return !_508237_;}; }
22:43:53.103 [main] ERROR BATTLE - 3:JS脚本需要使用js引擎编译，脚本:function unnamed_47(){ with(Math){ return -(phyattacka*1.25-defendb+1*gradea+max((phyattacka-phyattackb)*0.25,0));}; }
22:43:53.105 [main] ERROR BATTLE - 3:JS脚本需要使用js引擎编译，脚本:function unnamed_149(){ with(Math){ return _94056_>=4;}; }
22:43:53.107 [main] ERROR BATTLE - 3:JS脚本需要使用js引擎编译，脚本:function unnamed_195(){ with(Math){ return _99058_<1;}; }
22:43:53.109 [main] ERROR BATTLE - 3:JS脚本需要使用js引擎编译，脚本:function unnamed_148(){ with(Math){ return _99039_>=1;}; }
22:43:53.111 [main] ERROR BATTLE - 3:JS脚本需要使用js引擎编译，脚本:function unnamed_187(){ with(Math){ return _99059_>=1;}; }
22:43:53.113 [main] ERROR BATTLE - 3:JS脚本需要使用js引擎编译，脚本:function unnamed_24(){ with(Math){ return 2*skilllevela+50;}; }
22:43:53.115 [main] ERROR BATTLE - 3:JS脚本需要使用js引擎编译，脚本:function unnamed_96(){ with(Math){ return gradea*0.0875;}; }
22:43:53.117 [main] ERROR BATTLE - 3:JS脚本需要使用js引擎编译，脚本:function unnamed_165(){ with(Math){ return _95003_=5;}; }
22:43:53.119 [main] ERROR BATTLE - 3:JS脚本需要使用js引擎编译，脚本:function unnamed_113(){ with(Math){ return -(phyattacka*0.5-defendb+1*gradea);}; }
22:43:53.121 [main] ERROR BATTLE - 3:JS脚本需要使用js引擎编译，脚本:function unnamed_105(){ with(Math){ return gradea*3.5;}; }
22:43:53.123 [main] ERROR BATTLE - 3:JS脚本需要使用js引擎编译，脚本:function unnamed_125(){ with(Math){ return (15)+(TeamNum-1)*15+RoleLv*3;}; }
22:43:53.125 [main] ERROR BATTLE - 3:JS脚本需要使用js引擎编译，脚本:function unnamed_11(){ with(Math){ return -(phyattacka*0.45-defendb+1*skilllevela);}; }
22:43:53.127 [main] ERROR BATTLE - 3:JS脚本需要使用js引擎编译，脚本:function unnamed_112(){ with(Math){ return -(phyattacka*0.65-defendb+1*gradea);}; }
22:43:53.129 [main] ERROR BATTLE - 3:JS脚本需要使用js引擎编译，脚本:function unnamed_137(){ with(Math){ return 500*RoleLv*1.215*(0.88+0.03);}; }
22:43:53.131 [main] ERROR BATTLE - 3:JS脚本需要使用js引擎编译，脚本:function unnamed_171(){ with(Math){ return _99042_>=3;}; }
22:43:53.133 [main] ERROR BATTLE - 3:JS脚本需要使用js引擎编译，脚本:function unnamed_202(){ with(Math){ return _99062_>=3;}; }
22:43:53.135 [main] ERROR BATTLE - 3:JS脚本需要使用js引擎编译，脚本:function unnamed_79(){ with(Math){ return gradea*1;}; }
22:43:53.137 [main] ERROR BATTLE - 3:JS脚本需要使用js引擎编译，脚本:function unnamed_87(){ with(Math){ return gradea*0.378;}; }
22:43:53.139 [main] ERROR BATTLE - 3:JS脚本需要使用js引擎编译，脚本:function unnamed_8(){ with(Math){ return -(magicattacka*1.2-magicdefb+2*skilllevela)*(0.5+0.05*(4-preaimcount));}; }
22:43:53.141 [main] ERROR BATTLE - 3:JS脚本需要使用js引擎编译，脚本:function unnamed_99(){ with(Math){ return gradea*0.3;}; }
22:43:53.143 [main] ERROR BATTLE - 3:JS脚本需要使用js引擎编译，脚本:function unnamed_193(){ with(Math){ return _99056_<1;}; }
22:43:53.145 [main] ERROR BATTLE - 3:JS脚本需要使用js引擎编译，脚本:function unnamed_88(){ with(Math){ return gradea*0.875;}; }
22:43:53.147 [main] ERROR BATTLE - 3:JS脚本需要使用js引擎编译，脚本:function unnamed_67(){ with(Math){ return gradea*0.32;}; }
22:43:53.149 [main] ERROR BATTLE - 3:JS脚本需要使用js引擎编译，脚本:function unnamed_224(){ with(Math){ return _503001_;}; }
22:43:53.150 [main] ERROR BATTLE - 3:JS脚本需要使用js引擎编译，脚本:function unnamed_52(){ with(Math){ return -(phyattacka*0.55-defendb+1*gradea);}; }
22:43:53.152 [main] ERROR BATTLE - 3:JS脚本需要使用js引擎编译，脚本:function unnamed_152(){ with(Math){ return _95003_<=4;}; }
22:43:53.154 [main] ERROR BATTLE - 3:JS脚本需要使用js引擎编译，脚本:function unnamed_198(){ with(Math){ return _99061_<1;}; }
22:43:53.156 [main] ERROR BATTLE - 3:JS脚本需要使用js引擎编译，脚本:function unnamed_223(){ with(Math){ return _509081_;}; }
22:43:53.158 [main] ERROR BATTLE - 3:JS脚本需要使用js引擎编译，脚本:function unnamed_38(){ with(Math){ return -(phyattacka*1.45-defendb+1*skilllevela)*2.5;}; }
22:43:53.160 [main] ERROR BATTLE - 3:JS脚本需要使用js引擎编译，脚本:function unnamed_203(){ with(Math){ return _99066_>=1;}; }
22:43:53.161 [main] ERROR BATTLE - 3:JS脚本需要使用js引擎编译，脚本:function unnamed_221(){ with(Math){ return !_508002_;}; }
22:43:53.163 [main] ERROR BATTLE - 3:JS脚本需要使用js引擎编译，脚本:function unnamed_65(){ with(Math){ return gradea*0.28;}; }
22:43:53.165 [main] ERROR BATTLE - 3:JS脚本需要使用js引擎编译，脚本:function unnamed_201(){ with(Math){ return _99062_>=2;}; }
22:43:53.167 [main] ERROR BATTLE - 3:JS脚本需要使用js引擎编译，脚本:function unnamed_94(){ with(Math){ return gradea*0.075;}; }
22:43:53.168 [main] ERROR BATTLE - 3:JS脚本需要使用js引擎编译，脚本:function unnamed_90(){ with(Math){ return gradea*0.05;}; }
22:43:53.170 [main] ERROR BATTLE - 3:JS脚本需要使用js引擎编译，脚本:function unnamed_44(){ with(Math){ return -magicattacka*2.2;}; }
22:43:53.172 [main] ERROR BATTLE - 3:JS脚本需要使用js引擎编译，脚本:function unnamed_46(){ with(Math){ return -(phyattacka*0.45-defendb+1*gradea);}; }
22:43:53.174 [main] ERROR BATTLE - 3:JS脚本需要使用js引擎编译，脚本:function unnamed_111(){ with(Math){ return 0.35*maxhpb;}; }
22:43:53.176 [main] ERROR BATTLE - 3:JS脚本需要使用js引擎编译，脚本:function unnamed_121(){ with(Math){ return (15)+(TeamNum-1)*15+RoleLv*150;}; }
22:43:53.178 [main] ERROR BATTLE - 3:JS脚本需要使用js引擎编译，脚本:function unnamed_142(){ with(Math){ return _94019_<1;}; }
22:43:53.179 [main] ERROR BATTLE - 3:JS脚本需要使用js引擎编译，脚本:function unnamed_188(){ with(Math){ return _99060_>=1;}; }
22:43:53.182 [main] ERROR BATTLE - 3:JS脚本需要使用js引擎编译，脚本:function unnamed_191(){ with(Math){ return _99054_<1;}; }
22:43:53.184 [main] ERROR BATTLE - 3:JS脚本需要使用js引擎编译，脚本:function unnamed_212(){ with(Math){ return _99074_>=1;}; }
22:43:53.185 [main] ERROR BATTLE - 3:JS脚本需要使用js引擎编译，脚本:function unnamed_166(){ with(Math){ return _95003_=6;}; }
22:43:53.187 [main] ERROR BATTLE - 3:JS脚本需要使用js引擎编译，脚本:function unnamed_162(){ with(Math){ return _97001_>=4;}; }
22:43:53.189 [main] ERROR BATTLE - 3:JS脚本需要使用js引擎编译，脚本:function unnamed_126(){ with(Math){ return (15)+(TeamNum-1)*15+RoleLv*4;}; }
22:43:53.191 [main] ERROR BATTLE - 3:JS脚本需要使用js引擎编译，脚本:function unnamed_9(){ with(Math){ return 0.7+0.002*(skilllevela-gradeb)+(enhanceseala-resistsealb);}; }
22:43:53.194 [main] ERROR BATTLE - 3:JS脚本需要使用js引擎编译，脚本:function unnamed_12(){ with(Math){ return 16*skilllevela;}; }
22:43:53.195 [main] ERROR BATTLE - 3:JS脚本需要使用js引擎编译，脚本:function unnamed_204(){ with(Math){ return _99067_>=1;}; }
22:43:53.197 [main] ERROR BATTLE - 3:JS脚本需要使用js引擎编译，脚本:function unnamed_219(){ with(Math){ return !_503001_;}; }
22:43:53.199 [main] ERROR BATTLE - 3:JS脚本需要使用js引擎编译，脚本:function unnamed_59(){ with(Math){ return gradea*0.16;}; }
22:43:53.201 [main] ERROR BATTLE - 3:JS脚本需要使用js引擎编译，脚本:function unnamed_118(){ with(Math){ return (15)+(TeamNum-1)*15+RoleLv*100;}; }
22:43:53.203 [main] ERROR BATTLE - 3:JS脚本需要使用js引擎编译，脚本:function unnamed_214(){ with(Math){ return _501901_;}; }
22:43:53.205 [main] ERROR BATTLE - 3:JS脚本需要使用js引擎编译，脚本:function unnamed_189(){ with(Math){ return _99061_>=1;}; }
22:43:53.214 [main] ERROR BATTLE - 3:JS脚本需要使用js引擎编译，脚本:function unnamed_30(){ with(Math){ return -maxhpb*0.1;}; }
22:43:53.216 [main] ERROR BATTLE - 3:JS脚本需要使用js引擎编译，脚本:function unnamed_216(){ with(Math){ return !_508236_;}; }
22:43:53.218 [main] ERROR BATTLE - 3:JS脚本需要使用js引擎编译，脚本:function unnamed_62(){ with(Math){ return gradea*0.125;}; }
22:43:53.220 [main] ERROR BATTLE - 3:JS脚本需要使用js引擎编译，脚本:function unnamed_163(){ with(Math){ return _99040_>=2;}; }
22:43:53.222 [main] ERROR BATTLE - 3:JS脚本需要使用js引擎编译，脚本:function unnamed_81(){ with(Math){ return gradea*1.2;}; }
22:43:53.224 [main] ERROR BATTLE - 3:JS脚本需要使用js引擎编译，脚本:function unnamed_153(){ with(Math){ return _95003_<=5;}; }
22:43:53.225 [main] ERROR BATTLE - 3:JS脚本需要使用js引擎编译，脚本:function unnamed_170(){ with(Math){ return _99041_>=3;}; }
22:43:53.227 [main] ERROR BATTLE - 3:JS脚本需要使用js引擎编译，脚本:function unnamed_173(){ with(Math){ return _99044_<1;}; }
22:43:53.229 [main] ERROR BATTLE - 3:JS脚本需要使用js引擎编译，脚本:function unnamed_200(){ with(Math){ return _99062_>=1;}; }
22:43:53.231 [main] ERROR BATTLE - 3:JS脚本需要使用js引擎编译，脚本:function unnamed_159(){ with(Math){ return _96232_>=1;}; }
22:43:53.233 [main] ERROR BATTLE - 3:JS脚本需要使用js引擎编译，脚本:function unnamed_4(){ with(Math){ return 0.15*maxhpb;}; }
22:43:53.234 [main] ERROR BATTLE - 3:JS脚本需要使用js引擎编译，脚本:function unnamed_78(){ with(Math){ return gradea*0.08;}; }
22:43:53.236 [main] ERROR BATTLE - 3:JS脚本需要使用js引擎编译，脚本:function unnamed_3(){ with(Math){ return -(phyattacka*0.55-defendb+1*skilllevela);}; }
22:43:53.238 [main] ERROR BATTLE - 3:JS脚本需要使用js引擎编译，脚本:function unnamed_77(){ with(Math){ return gradea*0.0014;}; }
22:43:53.240 [main] ERROR BATTLE - 3:JS脚本需要使用js引擎编译，脚本:function unnamed_133(){ with(Math){ return 3000*RoleLv;}; }
22:43:53.241 [main] ERROR BATTLE - 3:JS脚本需要使用js引擎编译，脚本:function unnamed_76(){ with(Math){ return gradea*0.001225;}; }
22:43:53.243 [main] ERROR BATTLE - 3:JS脚本需要使用js引擎编译，脚本:function unnamed_86(){ with(Math){ return gradea*0.3375;}; }
22:43:53.245 [main] ERROR BATTLE - 3:JS脚本需要使用js引擎编译，脚本:function unnamed_167(){ with(Math){ return _95003_=7;}; }
22:43:53.247 [main] ERROR BATTLE - 3:JS脚本需要使用js引擎编译，脚本:function unnamed_15(){ with(Math){ return -(magicattacka*1.8-magicdefb+2*skilllevela)*(0.5+0.05*(4-preaimcount));}; }
22:43:53.249 [main] ERROR BATTLE - 3:JS脚本需要使用js引擎编译，脚本:function unnamed_50(){ with(Math){ return -(magicattacka*0.5-magicdefb+2*gradea)*(0.5+0.05*(2-preaimcount));}; }
22:43:53.251 [main] ERROR BATTLE - 3:JS脚本需要使用js引擎编译，脚本:function unnamed_123(){ with(Math){ return (15)+(TeamNum-1)*15+RoleLv*1;}; }
22:43:53.252 [main] ERROR BATTLE - 3:JS脚本需要使用js引擎编译，脚本:function unnamed_103(){ with(Math){ return gradea*3;}; }
22:43:53.255 [main] ERROR BATTLE - 3:JS脚本需要使用js引擎编译，脚本:function unnamed_13(){ with(Math){ return ((medicala*0.5+skilllevela*1.4)+abs(maindamage)*0.1)*(1+healrevisea)*(1+medicaljiashena/1000);}; }
22:43:53.257 [main] ERROR BATTLE - 3:JS脚本需要使用js引擎编译，脚本:function unnamed_71(){ with(Math){ return gradea*1.22;}; }
22:43:53.263 [main] ERROR BATTLE - 3:JS脚本需要使用js引擎编译，脚本:function unnamed_138(){ with(Math){ return Ring+3;}; }
22:43:53.265 [main] ERROR BATTLE - 3:JS脚本需要使用js引擎编译，脚本:function unnamed_60(){ with(Math){ return gradea*0.1;}; }
22:43:53.269 [main] ERROR BATTLE - 3:JS脚本需要使用js引擎编译，脚本:function unnamed_180(){ with(Math){ return _94014_>=7;}; }
22:43:53.271 [main] ERROR BATTLE - 3:JS脚本需要使用js引擎编译，脚本:function unnamed_147(){ with(Math){ return _99038_>=1;}; }
22:43:53.273 [main] ERROR BATTLE - 3:JS脚本需要使用js引擎编译，脚本:function unnamed_186(){ with(Math){ return _99058_>=1;}; }
22:43:53.276 [main] ERROR BATTLE - 3:JS脚本需要使用js引擎编译，脚本:function unnamed_115(){ with(Math){ return (15)+(TeamNum-1)*15+RoleLv*160;}; }
22:43:53.277 [main] ERROR BATTLE - 3:JS脚本需要使用js引擎编译，脚本:function unnamed_34(){ with(Math){ return -maxhpb*0.6;}; }
22:43:53.279 [main] ERROR BATTLE - 3:JS脚本需要使用js引擎编译，脚本:function unnamed_215(){ with(Math){ return _501402_;}; }
22:43:53.281 [main] ERROR BATTLE - 3:JS脚本需要使用js引擎编译，脚本:function unnamed_150(){ with(Math){ return _95003_<=2;}; }
22:43:53.282 [main] ERROR BATTLE - 3:JS脚本需要使用js引擎编译，脚本:function unnamed_0(){ with(Math){ return -(phyattacka*1.3-defendb+1*skilllevela);}; }
22:43:53.284 [main] ERROR BATTLE - 3:JS脚本需要使用js引擎编译，脚本:function unnamed_66(){ with(Math){ return gradea*0.175;}; }
22:43:53.286 [main] ERROR BATTLE - 3:JS脚本需要使用js引擎编译，脚本:function unnamed_55(){ with(Math){ return -(phyattacka*1-defendb+7*gradea);}; }
22:43:53.288 [main] ERROR BATTLE - 3:JS脚本需要使用js引擎编译，脚本:function unnamed_22(){ with(Math){ return medicala+1.2*skilllevela;}; }
22:43:53.290 [main] ERROR BATTLE - 3:JS脚本需要使用js引擎编译，脚本:function unnamed_222(){ with(Math){ return !_508006_;}; }
22:43:53.292 [main] ERROR BATTLE - 3:JS脚本需要使用js引擎编译，脚本:function unnamed_41(){ with(Math){ return -(phyattacka*1.60-defendb+1*skilllevela)*2.5;}; }
22:43:53.294 [main] ERROR BATTLE - 3:JS脚本需要使用js引擎编译，脚本:function unnamed_136(){ with(Math){ return RoleLv*200;}; }
22:43:53.296 [main] ERROR BATTLE - 3:JS脚本需要使用js引擎编译，脚本:function unnamed_7(){ with(Math){ return 9*skilllevela;}; }
22:43:53.298 [main] ERROR BATTLE - 3:JS脚本需要使用js引擎编译，脚本:function unnamed_192(){ with(Math){ return _99055_<1;}; }
22:43:53.300 [main] ERROR BATTLE - 3:JS脚本需要使用js引擎编译，脚本:function unnamed_101(){ with(Math){ return gradea*0.45;}; }
22:43:53.301 [main] ERROR BATTLE - 3:JS脚本需要使用js引擎编译，脚本:function unnamed_6(){ with(Math){ return -(phyattacka*1.45-defendb+1*skilllevela);}; }
22:43:53.303 [main] ERROR BATTLE - 3:JS脚本需要使用js引擎编译，脚本:function unnamed_53(){ with(Math){ return abs(maindamage)*0.20;}; }
22:43:53.305 [main] ERROR BATTLE - 3:JS脚本需要使用js引擎编译，脚本:function unnamed_92(){ with(Math){ return gradea*0.0625;}; }
22:43:53.307 [main] ERROR BATTLE - 3:JS脚本需要使用js引擎编译，脚本:function unnamed_177(){ with(Math){ return _94056_>=3;}; }
22:43:53.308 [main] ERROR BATTLE - 3:JS脚本需要使用js引擎编译，脚本:function unnamed_104(){ with(Math){ return gradea*3.25;}; }
22:43:53.310 [main] ERROR BATTLE - 3:JS脚本需要使用js引擎编译，脚本:function unnamed_25(){ with(Math){ return 0.7*maxhpb;}; }
22:43:53.312 [main] ERROR BATTLE - 3:JS脚本需要使用js引擎编译，脚本:function unnamed_1(){ with(Math){ return -(phyattacka*1.35-defendb+1*skilllevela);}; }
22:43:53.314 [main] ERROR BATTLE - 3:JS脚本需要使用js引擎编译，脚本:function unnamed_124(){ with(Math){ return (15)+(TeamNum-1)*15+RoleLv*2;}; }
22:43:53.316 [main] ERROR BATTLE - 3:JS脚本需要使用js引擎编译，脚本:function unnamed_168(){ with(Math){ return _95003_=8;}; }
22:43:53.318 [main] ERROR BATTLE - 3:JS脚本需要使用js引擎编译，脚本:function unnamed_45(){ with(Math){ return -magicattacka*1.6;}; }
22:43:53.320 [main] ERROR BATTLE - 3:JS脚本需要使用js引擎编译，脚本:function unnamed_89(){ with(Math){ return gradea*1.225;}; }
22:43:53.321 [main] ERROR BATTLE - 3:JS脚本需要使用js引擎编译，脚本:function unnamed_146(){ with(Math){ return _99037_>=1;}; }
22:43:53.325 [main] ERROR BATTLE - 3:JS脚本需要使用js引擎编译，脚本:function unnamed_10(){ with(Math){ return gradea*2;}; }
22:43:53.327 [main] ERROR BATTLE - 3:JS脚本需要使用js引擎编译，脚本:function unnamed_35(){ with(Math){ return -maxhpb*0.7;}; }
22:43:53.328 [main] ERROR BATTLE - 3:JS脚本需要使用js引擎编译，脚本:function unnamed_61(){ with(Math){ return gradea*0.2;}; }
22:43:53.330 [main] ERROR BATTLE - 3:JS脚本需要使用js引擎编译，脚本:function unnamed_114(){ with(Math){ return -magicattacka*0.7;}; }
22:43:53.332 [main] ERROR BATTLE - 3:JS脚本需要使用js引擎编译，脚本:function unnamed_85(){ with(Math){ return gradea*0.2835;}; }
22:43:53.334 [main] ERROR BATTLE - 3:JS脚本需要使用js引擎编译，脚本:function unnamed_57(){ with(Math){ return 10+gradea;}; }
22:43:53.347 [main] ERROR BATTLE - 3:JS脚本需要使用js引擎编译，脚本:function unnamed_145(){ with(Math){ return _99036_>=1;}; }
22:43:53.349 [main] ERROR BATTLE - 3:JS脚本需要使用js引擎编译，脚本:function unnamed_151(){ with(Math){ return _95003_<=3;}; }
22:43:53.350 [main] ERROR BATTLE - 3:JS脚本需要使用js引擎编译，脚本:function unnamed_106(){ with(Math){ return gradea*3.75;}; }
22:43:53.352 [main] ERROR BATTLE - 3:JS脚本需要使用js引擎编译，脚本:function unnamed_160(){ with(Math){ return _96234_>=1;}; }
22:43:53.360 [main] ERROR BATTLE - 3:JS脚本需要使用js引擎编译，脚本:function unnamed_178(){ with(Math){ return _99049_>=1;}; }
22:43:53.366 [main] ERROR BATTLE - 3:JS脚本需要使用js引擎编译，脚本:function unnamed_84(){ with(Math){ return gradea*0.2362;}; }
22:43:53.368 [main] ERROR BATTLE - 3:JS脚本需要使用js引擎编译，脚本:function unnamed_197(){ with(Math){ return _99060_<1;}; }
22:43:53.369 [main] ERROR BATTLE - 3:JS脚本需要使用js引擎编译，脚本:function unnamed_14(){ with(Math){ return ((medicala*0.2+skilllevela*1.2)+abs(maindamage)*0.08)*(1+healrevisea)*(1+medicaljiashena/1000);}; }
22:43:53.371 [main] ERROR BATTLE - 3:JS脚本需要使用js引擎编译，脚本:function unnamed_42(){ with(Math){ return -(phyattacka*1.10-defendb+1*skilllevela)*2.5;}; }
22:43:53.373 [main] ERROR BATTLE - 3:JS脚本需要使用js引擎编译，脚本:function unnamed_194(){ with(Math){ return _99057_<1;}; }
22:43:53.374 [main] ERROR BATTLE - 3:JS脚本需要使用js引擎编译，脚本:function unnamed_211(){ with(Math){ return _99065_>=3;}; }
22:43:53.377 [main] ERROR BATTLE - 3:JS脚本需要使用js引擎编译，脚本:function unnamed_131(){ with(Math){ return (1*RoleLv*1.3)*(random()*(1.02-0.98)+0.98);}; }
22:43:53.378 [main] ERROR BATTLE - 3:JS脚本需要使用js引擎编译，脚本:function unnamed_27(){ with(Math){ return 10+1.3*skilllevela;}; }
22:43:53.380 [main] ERROR BATTLE - 3:JS脚本需要使用js引擎编译，脚本:function unnamed_128(){ with(Math){ return RoleLv*1.7+20;}; }
22:43:53.382 [main] ERROR BATTLE - 3:JS脚本需要使用js引擎编译，脚本:function unnamed_169(){ with(Math){ return _95003_=9;}; }
22:43:53.383 [main] ERROR BATTLE - 3:JS脚本需要使用js引擎编译，脚本:function unnamed_135(){ with(Math){ return (400*MonsterLv*0.017*(MonsterNum*0.083+MasterNum*0.1245)*min(max(1-0.2*floor(abs(MonsterLv-RoleLv)/5),0.1),1)*(1-IsDbPoint)+400*MonsterLv*0.13*(MonsterNum*0.083+MasterNum*0.1245)*min(max(1-0.2*floor(abs(MonsterLv-RoleLv)/5),0.1),1)*IsDbPoint)*(random()*(1.02-0.98)+0.98);}; }
22:43:53.385 [main] ERROR BATTLE - 3:JS脚本需要使用js引擎编译，脚本:function unnamed_20(){ with(Math){ return medicala+3*skilllevela*2;}; }
22:43:53.389 [main] ERROR BATTLE - 3:JS脚本需要使用js引擎编译，脚本:function unnamed_68(){ with(Math){ return gradea*0.7;}; }
22:43:53.391 [main] ERROR BATTLE - 3:JS脚本需要使用js引擎编译，脚本:function unnamed_43(){ with(Math){ return -magicattacka*3;}; }
22:43:53.392 [main] ERROR BATTLE - 3:JS脚本需要使用js引擎编译，脚本:function unnamed_172(){ with(Math){ return _99043_>=1;}; }
22:43:53.394 [main] ERROR BATTLE - 3:JS脚本需要使用js引擎编译，脚本:function unnamed_196(){ with(Math){ return _99059_<1;}; }
22:43:53.395 [main] ERROR BATTLE - 3:JS脚本需要使用js引擎编译，脚本:function unnamed_207(){ with(Math){ return _99071_>=1;}; }
22:43:53.397 [main] ERROR BATTLE - 3:JS脚本需要使用js引擎编译，脚本:function unnamed_93(){ with(Math){ return gradea*0.625;}; }
22:43:53.402 [main] ERROR BATTLE - 3:JS脚本需要使用js引擎编译，脚本:function unnamed_83(){ with(Math){ return gradea*0.189;}; }
22:43:53.404 [main] ERROR BATTLE - 3:JS脚本需要使用js引擎编译，脚本:function unnamed_119(){ with(Math){ return (15)+(TeamNum-1)*15+RoleLv*120;}; }
22:43:53.406 [main] ERROR BATTLE - 3:JS脚本需要使用js引擎编译，脚本:function unnamed_33(){ with(Math){ return -maxhpb*0.4;}; }
22:43:53.407 [main] ERROR BATTLE - 3:JS脚本需要使用js引擎编译，脚本:function unnamed_227(){ with(Math){ return 1*TeamNum+5;}; }
22:43:53.410 [main] ERROR BATTLE - 3:JS脚本需要使用js引擎编译，脚本:function unnamed_174(){ with(Math){ return _99045_<1;}; }
22:43:53.412 [main] ERROR BATTLE - 3:JS脚本需要使用js引擎编译，脚本:function unnamed_74(){ with(Math){ return gradea*0.000875;}; }
22:43:53.414 [main] ERROR BATTLE - 3:JS脚本需要使用js引擎编译，脚本:function unnamed_156(){ with(Math){ return _95003_<=8;}; }
22:43:53.416 [main] ERROR BATTLE - 3:JS脚本需要使用js引擎编译，脚本:function unnamed_37(){ with(Math){ return -(phyattacka*1.40-defendb+1*skilllevela)*2.5;}; }
22:43:53.417 [main] ERROR BATTLE - 3:JS脚本需要使用js引擎编译，脚本:function unnamed_199(){ with(Math){ return _96001_/_96002_<0.1;}; }
22:43:53.420 [main] ERROR BATTLE - 3:JS脚本需要使用js引擎编译，脚本:function unnamed_209(){ with(Math){ return _99072_<1;}; }
22:43:53.422 [main] ERROR BATTLE - 3:JS脚本需要使用js引擎编译，脚本:function unnamed_23(){ with(Math){ return (medicala+1.2*skilllevela)*0.4;}; }
22:43:53.424 [main] ERROR BATTLE - 3:JS脚本需要使用js引擎编译，脚本:function unnamed_70(){ with(Math){ return gradea*1.05;}; }
22:43:53.425 [main] ERROR BATTLE - 3:JS脚本需要使用js引擎编译，脚本:function unnamed_63(){ with(Math){ return gradea*0.24;}; }
22:43:53.441 [main] ERROR BATTLE - 3:JS脚本需要使用js引擎编译，脚本:function unnamed_98(){ with(Math){ return gradea*0.85;}; }
22:43:53.443 [main] ERROR BATTLE - 3:JS脚本需要使用js引擎编译，脚本:function unnamed_144(){ with(Math){ return _94056_>=1;}; }
22:43:53.445 [main] ERROR BATTLE - 3:JS脚本需要使用js引擎编译，脚本:function unnamed_141(){ with(Math){ return (500*RoleLv*0.05)*(random()*(1.02-0.98)+0.98)*0.5;}; }
22:43:53.448 [main] ERROR BATTLE - 3:JS脚本需要使用js引擎编译，脚本:function unnamed_143(){ with(Math){ return _99065_>=4;}; }
22:43:53.450 [main] ERROR BATTLE - 3:JS脚本需要使用js引擎编译，脚本:function unnamed_185(){ with(Math){ return _99057_>=1;}; }
22:43:53.453 [main] ERROR BATTLE - 3:JS脚本需要使用js引擎编译，脚本:function unnamed_107(){ with(Math){ return gradea*4;}; }
22:43:53.457 [main] ERROR BATTLE - 3:JS脚本需要使用js引擎编译，脚本:function unnamed_206(){ with(Math){ return _99068_>=1;}; }
22:43:53.459 [main] ERROR BATTLE - 3:JS脚本需要使用js引擎编译，脚本:function unnamed_58(){ with(Math){ return -(magicattacka*1.2-magicdefb+2*gradea)*(0.5+0.05*(2-preaimcount));}; }
22:43:53.461 [main] ERROR BATTLE - 3:JS脚本需要使用js引擎编译，脚本:function unnamed_100(){ with(Math){ return gradea*0.375;}; }
22:43:53.463 [main] ERROR BATTLE - 3:JS脚本需要使用js引擎编译，脚本:function unnamed_56(){ with(Math){ return -(magicattacka*3.5-magicdefb+2*skilllevela)*0.3;}; }
22:43:53.465 [main] ERROR BATTLE - 3:JS脚本需要使用js引擎编译，脚本:function unnamed_26(){ with(Math){ return -(speeda*0.1+7*skilllevela)*1.1;}; }
22:43:53.466 [main] ERROR BATTLE - 3:JS脚本需要使用js引擎编译，脚本:function unnamed_75(){ with(Math){ return gradea*0.00105;}; }
22:43:53.468 [main] ERROR BATTLE - 3:JS脚本需要使用js引擎编译，脚本:function unnamed_80(){ with(Math){ return gradea*0.12;}; }
22:43:53.470 [main] ERROR BATTLE - 3:JS脚本需要使用js引擎编译，脚本:function unnamed_40(){ with(Math){ return -(phyattacka*1.55-defendb+1*skilllevela)*2.5;}; }
22:43:53.472 [main] ERROR BATTLE - 3:JS脚本需要使用js引擎编译，脚本:function unnamed_157(){ with(Math){ return _95003_<=9;}; }
22:43:53.473 [main] ERROR BATTLE - 3:JS脚本需要使用js引擎编译，脚本:function unnamed_140(){ with(Math){ return (5000*RoleLv*0.05)*(random()*(1.02-0.98)+0.98)*(1-min(5-TeamNum,2)*0.15);}; }
22:43:53.475 [main] ERROR BATTLE - 3:JS脚本需要使用js引擎编译，脚本:function unnamed_184(){ with(Math){ return _99056_>=1;}; }
22:43:53.477 [main] ERROR BATTLE - 3:JS脚本需要使用js引擎编译，脚本:function unnamed_122(){ with(Math){ return RoleLv*10;}; }
22:43:53.479 [main] ERROR BATTLE - 3:JS脚本需要使用js引擎编译，脚本:function unnamed_48(){ with(Math){ return -(phyattacka*2-defendb+1*gradea);}; }
22:43:53.480 [main] ERROR BATTLE - 3:JS脚本需要使用js引擎编译，脚本:function unnamed_110(){ with(Math){ return 0.3*maxhpb;}; }
22:43:53.482 [main] ERROR BATTLE - 3:JS脚本需要使用js引擎编译，脚本:function unnamed_2(){ with(Math){ return -(phyattacka*0.65-defendb+1*skilllevela);}; }
22:43:53.484 [main] ERROR BATTLE - 3:JS脚本需要使用js引擎编译，脚本:function unnamed_109(){ with(Math){ return 0.05*maxhpb;}; }
22:43:53.486 [main] ERROR BATTLE - 3:JS脚本需要使用js引擎编译，脚本:function unnamed_208(){ with(Math){ return _99070_==1;}; }
22:43:53.488 [main] ERROR BATTLE - 3:JS脚本需要使用js引擎编译，脚本:function unnamed_179(){ with(Math){ return _99052_>=1;}; }
22:43:53.493 [main] ERROR BATTLE - 3:JS脚本需要使用js引擎编译，脚本:function unnamed_29(){ with(Math){ return -(magicattacka*1.8-magicdefb+2*gradea)*0.5;}; }
22:43:53.494 [main] ERROR BATTLE - 3:JS脚本需要使用js引擎编译，脚本:function unnamed_218(){ with(Math){ return !_509951_;}; }
22:43:53.496 [main] ERROR BATTLE - 3:JS脚本需要使用js引擎编译，脚本:function unnamed_213(){ with(Math){ return _502003_;}; }
22:43:53.498 [main] ERROR BATTLE - 3:JS脚本需要使用js引擎编译，脚本:function unnamed_132(){ with(Math){ return 2000*RoleLv;}; }
22:43:53.499 [main] ERROR BATTLE - 3:JS脚本需要使用js引擎编译，脚本:function unnamed_97(){ with(Math){ return gradea*0.65;}; }
22:43:53.501 [main] ERROR BATTLE - 3:JS脚本需要使用js引擎编译，脚本:function unnamed_161(){ with(Math){ return _95003_=3;}; }
22:43:53.503 [main] ERROR BATTLE - 3:JS脚本需要使用js引擎编译，脚本:function unnamed_183(){ with(Math){ return _99055_>=1;}; }
22:43:53.504 [main] ERROR BATTLE - 3:JS脚本需要使用js引擎编译，脚本:function unnamed_129(){ with(Math){ return (1*RoleLv*11)*(random()*(1.02-0.98)+0.98);}; }
22:43:53.506 [main] ERROR BATTLE - 3:JS脚本需要使用js引擎编译，脚本:function unnamed_17(){ with(Math){ return abs(maindamage)*1;}; }
22:43:53.508 [main] ERROR BATTLE - 3:JS脚本需要使用js引擎编译，脚本:function unnamed_49(){ with(Math){ return phyattacka*1.25-defendb+1*gradea;}; }
22:43:53.509 [main] ERROR BATTLE - 3:JS脚本需要使用js引擎编译，脚本:function unnamed_127(){ with(Math){ return (15)+(TeamNum-1)*15+RoleLv*5;}; }
22:43:53.511 [main] ERROR BATTLE - 3:JS脚本需要使用js引擎编译，脚本:function unnamed_73(){ with(Math){ return gradea*0.0007;}; }
22:43:53.513 [main] ERROR BATTLE - 3:JS脚本需要使用js引擎编译，脚本:function unnamed_91(){ with(Math){ return gradea*0.5;}; }
22:43:53.515 [main] ERROR BATTLE - 3:JS脚本需要使用js引擎编译，脚本:function unnamed_64(){ with(Math){ return gradea*0.15;}; }
22:43:53.518 [main] ERROR BATTLE - 3:JS脚本需要使用js引擎编译，脚本:function unnamed_190(){ with(Math){ return _99053_<1;}; }
22:43:53.520 [main] ERROR BATTLE - 3:JS脚本需要使用js引擎编译，脚本:function unnamed_102(){ with(Math){ return gradea*0.525;}; }
22:43:53.522 [main] ERROR BATTLE - 3:JS脚本需要使用js引擎编译，脚本:function unnamed_31(){ with(Math){ return -maxhpb*0.2;}; }
22:43:53.523 [main] ERROR BATTLE - 3:JS脚本需要使用js引擎编译，脚本:function unnamed_130(){ with(Math){ return (1*RoleLv*0.94)*(random()*(1.02-0.98)+0.98);}; }
22:43:53.536 [main] ERROR BATTLE - 3:JS脚本需要使用js引擎编译，脚本:function unnamed_16(){ with(Math){ return abs(maindamage)*0.35;}; }
22:43:53.538 [main] ERROR BATTLE - 3:JS脚本需要使用js引擎编译，脚本:function unnamed_18(){ with(Math){ return -magicattacka*0.2;}; }
22:43:53.540 [main] ERROR BATTLE - 3:JS脚本需要使用js引擎编译，脚本:function unnamed_154(){ with(Math){ return _95003_<=6;}; }
22:43:53.541 [main] ERROR BATTLE - 3:JS脚本需要使用js引擎编译，脚本:function unnamed_28(){ with(Math){ return -(magicattacka*1.3-magicdefb+2*gradea)*0.5;}; }
22:43:53.543 [main] ERROR BATTLE - 3:JS脚本需要使用js引擎编译，脚本:function unnamed_36(){ with(Math){ return -(phyattacka*10-defendb+1*gradea+max((phyattacka-phyattackb)*0.05,0));}; }
22:43:53.545 [main] ERROR BATTLE - 3:JS脚本需要使用js引擎编译，脚本:function unnamed_182(){ with(Math){ return _99054_>=1;}; }
22:43:53.546 [main] ERROR BATTLE - 3:JS脚本需要使用js引擎编译，脚本:function unnamed_225(){ with(Math){ return !_508014_;}; }
22:43:53.559 [main] ERROR BATTLE - 3:JS脚本需要使用js引擎编译，脚本:function unnamed_69(){ with(Math){ return gradea*0.87;}; }
22:43:53.561 [main] ERROR BATTLE - 3:JS脚本需要使用js引擎编译，脚本:function unnamed_164(){ with(Math){ return _95003_=4;}; }
22:43:53.562 [main] ERROR BATTLE - 3:JS脚本需要使用js引擎编译，脚本:function unnamed_175(){ with(Math){ return _99047_>=1;}; }
22:43:53.566 [main] ERROR BATTLE - 3:JS脚本需要使用js引擎编译，脚本:function unnamed_181(){ with(Math){ return _99053_>=1;}; }
22:43:53.567 [main] ERROR BATTLE - 3:JS脚本需要使用js引擎编译，脚本:function unnamed_134(){ with(Math){ return (400*MonsterLv*0.011*(MonsterNum*0.083+MasterNum*0.1245)*min(max(1-0.2*floor(abs(MonsterLv-RoleLv)/5),0.1),1)*(1-IsDbPoint)+400*MonsterLv*0.13*(MonsterNum*0.083+MasterNum*0.1245)*min(max(1-0.2*floor(abs(MonsterLv-RoleLv)/5),0.1),1)*IsDbPoint)*(random()*(1.02-0.98)+0.98);}; }
22:43:53.569 [main] ERROR BATTLE - 3:JS脚本需要使用js引擎编译，脚本:function unnamed_176(){ with(Math){ return _99048_>=1;}; }
22:43:53.571 [main] ERROR BATTLE - 3:JS脚本需要使用js引擎编译，脚本:function unnamed_39(){ with(Math){ return -(phyattacka*1.50-defendb+1*skilllevela)*2.5;}; }
22:43:53.573 [main] ERROR BATTLE - 3:JS脚本需要使用js引擎编译，脚本:function unnamed_120(){ with(Math){ return (15)+(TeamNum-1)*15+RoleLv*140;}; }
22:43:53.574 [main] ERROR BATTLE - 3:JS脚本需要使用js引擎编译，脚本:function unnamed_51(){ with(Math){ return -(magicattacka*0.8-magicdefb+2*gradea)*(0.5+0.05*(2-preaimcount));}; }
22:43:53.577 [main] ERROR BATTLE - 3:JS脚本需要使用js引擎编译，脚本:function unnamed_82(){ with(Math){ return gradea*0.14;}; }
22:43:53.579 [main] ERROR BATTLE - 3:JS脚本需要使用js引擎编译，脚本:function unnamed_32(){ with(Math){ return -maxhpb*0.3;}; }
22:43:53.580 [main] ERROR BATTLE - 3:JS脚本需要使用js引擎编译，脚本:function unnamed_54(){ with(Math){ return -(magicattacka*3.5-magicdefb+2*skilllevela)*0.5;}; }
22:43:53.582 [main] ERROR BATTLE - 3:JS脚本需要使用js引擎编译，脚本:function unnamed_95(){ with(Math){ return gradea*0.75;}; }
22:43:53.583 [main] ERROR BATTLE - 3:JS脚本需要使用js引擎编译，脚本:function unnamed_158(){ with(Math){ return _95003_<=10;}; }
22:43:53.585 [main] ERROR BATTLE - 3:JS脚本需要使用js引擎编译，脚本:function unnamed_19(){ with(Math){ return medicala*1.1+3*skilllevela;}; }
22:43:53.586 [main] ERROR BATTLE - 3:JS脚本需要使用js引擎编译，脚本:function unnamed_72(){ with(Math){ return gradea*1.4;}; }
22:43:53.588 [main] ERROR BATTLE - 3:JS脚本需要使用js引擎编译，脚本:function unnamed_139(){ with(Math){ return 105800+floor(RoleLv/10)*440+(200+floor(RoleLv/10)*40*(Ring-1));}; }
22:43:53.590 [main] ERROR BATTLE - 3:JS脚本需要使用js引擎编译，脚本:function unnamed_108(){ with(Math){ return -(phyattacka*1.2-defendb+1*gradea);}; }
22:43:53.592 [main] ERROR BATTLE - 3:JS脚本需要使用js引擎编译，脚本:function unnamed_117(){ with(Math){ return RoleLv*50;}; }
22:43:53.593 [main] ERROR BATTLE - 3:JS脚本需要使用js引擎编译，脚本:function unnamed_155(){ with(Math){ return _95003_<=7;}; }
22:43:53.595 [main] ERROR BATTLE - 3:JS脚本需要使用js引擎编译，脚本:function unnamed_220(){ with(Math){ return !_501402_;}; }
22:43:53.596 [main] ERROR BATTLE - 3:JS脚本需要使用js引擎编译，脚本:function unnamed_21(){ with(Math){ return -(magicattacka*1.3-magicdefb+2*gradea)*0.5*(1.2+(0.6+0.2*skilllevela)*(1-curmpb/maxmpb));}; }
22:43:53.598 [main] ERROR BATTLE - 3:JS脚本需要使用js引擎编译，脚本:function unnamed_116(){ with(Math){ return 1600*RoleLv*0.067*(0.74+0.02*Time)*(random()*(1.02-0.98)+0.98);}; }
22:43:53.599 [main] ERROR BATTLE - 3:JS脚本需要使用js引擎编译，脚本:function unnamed_5(){ with(Math){ return -(phyattacka*1-defendb+1*gradea)*(0.25+0.05*skilllevela);}; }
22:43:53.601 [main] ERROR BATTLE - 3:JS脚本需要使用js引擎编译，脚本:function unnamed_226(){ with(Math){ return !_508008_;}; }
22:43:53.603 [main] ERROR BATTLE - 3:JS脚本需要使用js引擎编译，脚本:function unnamed_210(){ with(Math){ return _94041_>=1;}; }
22:43:53.604 [main] ERROR BATTLE - 3:JS脚本需要使用js引擎编译，脚本:function unnamed_205(){ with(Math){ return _99049_>=5;}; }
22:43:53.606 [main] ERROR BATTLE - 3:JS脚本需要使用js引擎编译，脚本:function unnamed_217(){ with(Math){ return !_508237_;}; }
22:43:53.607 [main] ERROR BATTLE - 3:JS脚本需要使用js引擎编译，脚本:function unnamed_47(){ with(Math){ return -(phyattacka*1.25-defendb+1*gradea+max((phyattacka-phyattackb)*0.25,0));}; }
22:43:53.610 [main] ERROR BATTLE - 3:JS脚本需要使用js引擎编译，脚本:function unnamed_149(){ with(Math){ return _94056_>=4;}; }
22:43:53.611 [main] ERROR BATTLE - 3:JS脚本需要使用js引擎编译，脚本:function unnamed_195(){ with(Math){ return _99058_<1;}; }
22:43:53.613 [main] ERROR BATTLE - 3:JS脚本需要使用js引擎编译，脚本:function unnamed_148(){ with(Math){ return _99039_>=1;}; }
22:43:53.614 [main] ERROR BATTLE - 3:JS脚本需要使用js引擎编译，脚本:function unnamed_187(){ with(Math){ return _99059_>=1;}; }
22:43:53.616 [main] ERROR BATTLE - 3:JS脚本需要使用js引擎编译，脚本:function unnamed_24(){ with(Math){ return 2*skilllevela+50;}; }
22:43:53.617 [main] ERROR BATTLE - 3:JS脚本需要使用js引擎编译，脚本:function unnamed_96(){ with(Math){ return gradea*0.0875;}; }
22:43:53.619 [main] ERROR BATTLE - 3:JS脚本需要使用js引擎编译，脚本:function unnamed_165(){ with(Math){ return _95003_=5;}; }
22:43:53.621 [main] ERROR BATTLE - 3:JS脚本需要使用js引擎编译，脚本:function unnamed_113(){ with(Math){ return -(phyattacka*0.5-defendb+1*gradea);}; }
22:43:53.622 [main] ERROR BATTLE - 3:JS脚本需要使用js引擎编译，脚本:function unnamed_105(){ with(Math){ return gradea*3.5;}; }
22:43:53.624 [main] ERROR BATTLE - 3:JS脚本需要使用js引擎编译，脚本:function unnamed_125(){ with(Math){ return (15)+(TeamNum-1)*15+RoleLv*3;}; }
22:43:53.626 [main] ERROR BATTLE - 3:JS脚本需要使用js引擎编译，脚本:function unnamed_11(){ with(Math){ return -(phyattacka*0.45-defendb+1*skilllevela);}; }
22:43:53.628 [main] ERROR BATTLE - 3:JS脚本需要使用js引擎编译，脚本:function unnamed_112(){ with(Math){ return -(phyattacka*0.65-defendb+1*gradea);}; }
22:43:53.629 [main] ERROR BATTLE - 3:JS脚本需要使用js引擎编译，脚本:function unnamed_137(){ with(Math){ return 500*RoleLv*1.215*(0.88+0.03);}; }
22:43:53.631 [main] ERROR BATTLE - 3:JS脚本需要使用js引擎编译，脚本:function unnamed_171(){ with(Math){ return _99042_>=3;}; }
22:43:53.633 [main] ERROR BATTLE - 3:JS脚本需要使用js引擎编译，脚本:function unnamed_202(){ with(Math){ return _99062_>=3;}; }
22:43:53.634 [main] ERROR BATTLE - 3:JS脚本需要使用js引擎编译，脚本:function unnamed_79(){ with(Math){ return gradea*1;}; }
22:43:53.636 [main] ERROR BATTLE - 3:JS脚本需要使用js引擎编译，脚本:function unnamed_87(){ with(Math){ return gradea*0.378;}; }
22:43:53.637 [main] ERROR BATTLE - 3:JS脚本需要使用js引擎编译，脚本:function unnamed_8(){ with(Math){ return -(magicattacka*1.2-magicdefb+2*skilllevela)*(0.5+0.05*(4-preaimcount));}; }
22:43:53.639 [main] ERROR BATTLE - 3:JS脚本需要使用js引擎编译，脚本:function unnamed_99(){ with(Math){ return gradea*0.3;}; }
22:43:53.641 [main] ERROR BATTLE - 3:JS脚本需要使用js引擎编译，脚本:function unnamed_193(){ with(Math){ return _99056_<1;}; }
22:43:53.643 [main] ERROR BATTLE - 3:JS脚本需要使用js引擎编译，脚本:function unnamed_88(){ with(Math){ return gradea*0.875;}; }
22:43:53.644 [main] ERROR BATTLE - 3:JS脚本需要使用js引擎编译，脚本:function unnamed_67(){ with(Math){ return gradea*0.32;}; }
22:43:53.646 [main] ERROR BATTLE - 3:JS脚本需要使用js引擎编译，脚本:function unnamed_224(){ with(Math){ return _503001_;}; }
22:43:53.648 [main] ERROR BATTLE - 3:JS脚本需要使用js引擎编译，脚本:function unnamed_52(){ with(Math){ return -(phyattacka*0.55-defendb+1*gradea);}; }
22:43:53.649 [main] ERROR BATTLE - 3:JS脚本需要使用js引擎编译，脚本:function unnamed_152(){ with(Math){ return _95003_<=4;}; }
22:43:53.651 [main] ERROR BATTLE - 3:JS脚本需要使用js引擎编译，脚本:function unnamed_198(){ with(Math){ return _99061_<1;}; }
22:43:53.653 [main] ERROR BATTLE - 3:JS脚本需要使用js引擎编译，脚本:function unnamed_223(){ with(Math){ return _509081_;}; }
22:43:53.654 [main] ERROR BATTLE - 3:JS脚本需要使用js引擎编译，脚本:function unnamed_38(){ with(Math){ return -(phyattacka*1.45-defendb+1*skilllevela)*2.5;}; }
22:43:53.656 [main] ERROR BATTLE - 3:JS脚本需要使用js引擎编译，脚本:function unnamed_203(){ with(Math){ return _99066_>=1;}; }
22:43:53.657 [main] ERROR BATTLE - 3:JS脚本需要使用js引擎编译，脚本:function unnamed_221(){ with(Math){ return !_508002_;}; }
22:43:53.659 [main] ERROR BATTLE - 3:JS脚本需要使用js引擎编译，脚本:function unnamed_65(){ with(Math){ return gradea*0.28;}; }
22:43:53.661 [main] ERROR BATTLE - 3:JS脚本需要使用js引擎编译，脚本:function unnamed_201(){ with(Math){ return _99062_>=2;}; }
22:43:53.663 [main] ERROR BATTLE - 3:JS脚本需要使用js引擎编译，脚本:function unnamed_94(){ with(Math){ return gradea*0.075;}; }
22:43:53.665 [main] ERROR BATTLE - 3:JS脚本需要使用js引擎编译，脚本:function unnamed_90(){ with(Math){ return gradea*0.05;}; }
22:43:53.666 [main] ERROR BATTLE - 3:JS脚本需要使用js引擎编译，脚本:function unnamed_44(){ with(Math){ return -magicattacka*2.2;}; }
22:43:53.668 [main] ERROR BATTLE - 3:JS脚本需要使用js引擎编译，脚本:function unnamed_46(){ with(Math){ return -(phyattacka*0.45-defendb+1*gradea);}; }
22:43:53.670 [main] ERROR BATTLE - 3:JS脚本需要使用js引擎编译，脚本:function unnamed_111(){ with(Math){ return 0.35*maxhpb;}; }
22:43:53.671 [main] ERROR BATTLE - 3:JS脚本需要使用js引擎编译，脚本:function unnamed_121(){ with(Math){ return (15)+(TeamNum-1)*15+RoleLv*150;}; }
22:43:53.673 [main] ERROR BATTLE - 3:JS脚本需要使用js引擎编译，脚本:function unnamed_142(){ with(Math){ return _94019_<1;}; }
22:43:53.674 [main] ERROR BATTLE - 3:JS脚本需要使用js引擎编译，脚本:function unnamed_188(){ with(Math){ return _99060_>=1;}; }
22:43:53.676 [main] ERROR BATTLE - 3:JS脚本需要使用js引擎编译，脚本:function unnamed_191(){ with(Math){ return _99054_<1;}; }
22:43:53.678 [main] ERROR BATTLE - 3:JS脚本需要使用js引擎编译，脚本:function unnamed_212(){ with(Math){ return _99074_>=1;}; }
22:43:53.679 [main] ERROR BATTLE - 3:JS脚本需要使用js引擎编译，脚本:function unnamed_166(){ with(Math){ return _95003_=6;}; }
22:43:53.682 [main] ERROR BATTLE - 3:JS脚本需要使用js引擎编译，脚本:function unnamed_162(){ with(Math){ return _97001_>=4;}; }
22:43:53.684 [main] ERROR BATTLE - 3:JS脚本需要使用js引擎编译，脚本:function unnamed_126(){ with(Math){ return (15)+(TeamNum-1)*15+RoleLv*4;}; }
22:43:53.685 [main] ERROR BATTLE - 3:JS脚本需要使用js引擎编译，脚本:function unnamed_9(){ with(Math){ return 0.7+0.002*(skilllevela-gradeb)+(enhanceseala-resistsealb);}; }
22:43:53.687 [main] ERROR BATTLE - 3:JS脚本需要使用js引擎编译，脚本:function unnamed_12(){ with(Math){ return 16*skilllevela;}; }
22:43:53.689 [main] ERROR BATTLE - 3:JS脚本需要使用js引擎编译，脚本:function unnamed_204(){ with(Math){ return _99067_>=1;}; }
22:43:53.691 [main] ERROR BATTLE - 3:JS脚本需要使用js引擎编译，脚本:function unnamed_219(){ with(Math){ return !_503001_;}; }
22:43:53.693 [main] ERROR BATTLE - 3:JS脚本需要使用js引擎编译，脚本:function unnamed_59(){ with(Math){ return gradea*0.16;}; }
22:43:53.694 [main] ERROR BATTLE - 3:JS脚本需要使用js引擎编译，脚本:function unnamed_118(){ with(Math){ return (15)+(TeamNum-1)*15+RoleLv*100;}; }
22:43:53.696 [main] ERROR BATTLE - 3:JS脚本需要使用js引擎编译，脚本:function unnamed_214(){ with(Math){ return _501901_;}; }
22:43:53.698 [main] ERROR BATTLE - 3:JS脚本需要使用js引擎编译，脚本:function unnamed_189(){ with(Math){ return _99061_>=1;}; }
22:43:53.700 [main] ERROR BATTLE - 3:JS脚本需要使用js引擎编译，脚本:function unnamed_30(){ with(Math){ return -maxhpb*0.1;}; }
22:43:53.702 [main] ERROR BATTLE - 3:JS脚本需要使用js引擎编译，脚本:function unnamed_216(){ with(Math){ return !_508236_;}; }
22:43:53.703 [main] ERROR BATTLE - 3:JS脚本需要使用js引擎编译，脚本:function unnamed_62(){ with(Math){ return gradea*0.125;}; }
22:43:53.705 [main] ERROR BATTLE - 3:JS脚本需要使用js引擎编译，脚本:function unnamed_163(){ with(Math){ return _99040_>=2;}; }
22:43:53.706 [main] ERROR BATTLE - 3:JS脚本需要使用js引擎编译，脚本:function unnamed_81(){ with(Math){ return gradea*1.2;}; }
22:43:53.708 [main] ERROR BATTLE - 3:JS脚本需要使用js引擎编译，脚本:function unnamed_153(){ with(Math){ return _95003_<=5;}; }
22:43:53.710 [main] ERROR BATTLE - 3:JS脚本需要使用js引擎编译，脚本:function unnamed_170(){ with(Math){ return _99041_>=3;}; }
22:43:53.711 [main] ERROR BATTLE - 3:JS脚本需要使用js引擎编译，脚本:function unnamed_173(){ with(Math){ return _99044_<1;}; }
22:43:53.713 [main] ERROR BATTLE - 3:JS脚本需要使用js引擎编译，脚本:function unnamed_200(){ with(Math){ return _99062_>=1;}; }
22:43:53.714 [main] ERROR BATTLE - 3:JS脚本需要使用js引擎编译，脚本:function unnamed_159(){ with(Math){ return _96232_>=1;}; }
22:43:53.716 [main] ERROR BATTLE - 3:JS脚本需要使用js引擎编译，脚本:function unnamed_4(){ with(Math){ return 0.15*maxhpb;}; }
22:43:53.719 [main] ERROR BATTLE - 3:JS脚本需要使用js引擎编译，脚本:function unnamed_78(){ with(Math){ return gradea*0.08;}; }
22:43:53.721 [main] ERROR BATTLE - 3:JS脚本需要使用js引擎编译，脚本:function unnamed_3(){ with(Math){ return -(phyattacka*0.55-defendb+1*skilllevela);}; }
22:43:53.722 [main] ERROR BATTLE - 3:JS脚本需要使用js引擎编译，脚本:function unnamed_77(){ with(Math){ return gradea*0.0014;}; }
22:43:53.724 [main] ERROR BATTLE - 3:JS脚本需要使用js引擎编译，脚本:function unnamed_133(){ with(Math){ return 3000*RoleLv;}; }
22:43:53.726 [main] ERROR BATTLE - 3:JS脚本需要使用js引擎编译，脚本:function unnamed_76(){ with(Math){ return gradea*0.001225;}; }
22:43:53.727 [main] ERROR BATTLE - 3:JS脚本需要使用js引擎编译，脚本:function unnamed_86(){ with(Math){ return gradea*0.3375;}; }
22:43:53.729 [main] ERROR BATTLE - 3:JS脚本需要使用js引擎编译，脚本:function unnamed_167(){ with(Math){ return _95003_=7;}; }
22:43:53.731 [main] ERROR BATTLE - 3:JS脚本需要使用js引擎编译，脚本:function unnamed_15(){ with(Math){ return -(magicattacka*1.8-magicdefb+2*skilllevela)*(0.5+0.05*(4-preaimcount));}; }
22:43:53.732 [main] ERROR BATTLE - 3:JS脚本需要使用js引擎编译，脚本:function unnamed_50(){ with(Math){ return -(magicattacka*0.5-magicdefb+2*gradea)*(0.5+0.05*(2-preaimcount));}; }
22:43:53.734 [main] ERROR BATTLE - 3:JS脚本需要使用js引擎编译，脚本:function unnamed_123(){ with(Math){ return (15)+(TeamNum-1)*15+RoleLv*1;}; }
22:43:53.736 [main] ERROR BATTLE - 3:JS脚本需要使用js引擎编译，脚本:function unnamed_103(){ with(Math){ return gradea*3;}; }
22:43:53.738 [main] ERROR BATTLE - 3:JS脚本需要使用js引擎编译，脚本:function unnamed_13(){ with(Math){ return ((medicala*0.5+skilllevela*1.4)+abs(maindamage)*0.1)*(1+healrevisea)*(1+medicaljiashena/1000);}; }
22:43:53.739 [main] ERROR BATTLE - 3:JS脚本需要使用js引擎编译，脚本:function unnamed_71(){ with(Math){ return gradea*1.22;}; }
22:43:53.741 [main] ERROR BATTLE - 3:JS脚本需要使用js引擎编译，脚本:function unnamed_138(){ with(Math){ return Ring+3;}; }
22:43:53.743 [main] ERROR BATTLE - 3:JS脚本需要使用js引擎编译，脚本:function unnamed_60(){ with(Math){ return gradea*0.1;}; }
22:43:53.745 [main] ERROR BATTLE - 3:JS脚本需要使用js引擎编译，脚本:function unnamed_180(){ with(Math){ return _94014_>=7;}; }
22:43:53.747 [main] ERROR BATTLE - 3:JS脚本需要使用js引擎编译，脚本:function unnamed_147(){ with(Math){ return _99038_>=1;}; }
22:43:53.748 [main] ERROR BATTLE - 3:JS脚本需要使用js引擎编译，脚本:function unnamed_186(){ with(Math){ return _99058_>=1;}; }
22:43:53.750 [main] ERROR BATTLE - 3:JS脚本需要使用js引擎编译，脚本:function unnamed_115(){ with(Math){ return (15)+(TeamNum-1)*15+RoleLv*160;}; }
22:43:53.751 [main] ERROR BATTLE - 3:JS脚本需要使用js引擎编译，脚本:function unnamed_34(){ with(Math){ return -maxhpb*0.6;}; }
22:43:53.753 [main] ERROR BATTLE - 3:JS脚本需要使用js引擎编译，脚本:function unnamed_215(){ with(Math){ return _501402_;}; }
22:43:53.755 [main] ERROR BATTLE - 3:JS脚本需要使用js引擎编译，脚本:function unnamed_150(){ with(Math){ return _95003_<=2;}; }
22:43:53.756 [main] ERROR BATTLE - 3:JS脚本需要使用js引擎编译，脚本:function unnamed_0(){ with(Math){ return -(phyattacka*1.3-defendb+1*skilllevela);}; }
22:43:53.758 [main] ERROR BATTLE - 3:JS脚本需要使用js引擎编译，脚本:function unnamed_66(){ with(Math){ return gradea*0.175;}; }
22:43:53.759 [main] ERROR BATTLE - 3:JS脚本需要使用js引擎编译，脚本:function unnamed_55(){ with(Math){ return -(phyattacka*1-defendb+7*gradea);}; }
22:43:53.761 [main] ERROR BATTLE - 3:JS脚本需要使用js引擎编译，脚本:function unnamed_22(){ with(Math){ return medicala+1.2*skilllevela;}; }
22:43:53.763 [main] ERROR BATTLE - 3:JS脚本需要使用js引擎编译，脚本:function unnamed_222(){ with(Math){ return !_508006_;}; }
22:43:53.772 [main] ERROR BATTLE - 3:JS脚本需要使用js引擎编译，脚本:function unnamed_41(){ with(Math){ return -(phyattacka*1.60-defendb+1*skilllevela)*2.5;}; }
22:43:53.774 [main] ERROR BATTLE - 3:JS脚本需要使用js引擎编译，脚本:function unnamed_136(){ with(Math){ return RoleLv*200;}; }
22:43:53.776 [main] ERROR BATTLE - 3:JS脚本需要使用js引擎编译，脚本:function unnamed_7(){ with(Math){ return 9*skilllevela;}; }
22:43:53.777 [main] ERROR BATTLE - 3:JS脚本需要使用js引擎编译，脚本:function unnamed_192(){ with(Math){ return _99055_<1;}; }
22:43:53.779 [main] ERROR BATTLE - 3:JS脚本需要使用js引擎编译，脚本:function unnamed_101(){ with(Math){ return gradea*0.45;}; }
22:43:53.781 [main] ERROR BATTLE - 3:JS脚本需要使用js引擎编译，脚本:function unnamed_6(){ with(Math){ return -(phyattacka*1.45-defendb+1*skilllevela);}; }
22:43:53.783 [main] ERROR BATTLE - 3:JS脚本需要使用js引擎编译，脚本:function unnamed_53(){ with(Math){ return abs(maindamage)*0.20;}; }
22:43:53.784 [main] ERROR BATTLE - 3:JS脚本需要使用js引擎编译，脚本:function unnamed_92(){ with(Math){ return gradea*0.0625;}; }
22:43:53.786 [main] ERROR BATTLE - 3:JS脚本需要使用js引擎编译，脚本:function unnamed_177(){ with(Math){ return _94056_>=3;}; }
22:43:53.788 [main] ERROR BATTLE - 3:JS脚本需要使用js引擎编译，脚本:function unnamed_104(){ with(Math){ return gradea*3.25;}; }
22:43:53.789 [main] ERROR BATTLE - 3:JS脚本需要使用js引擎编译，脚本:function unnamed_25(){ with(Math){ return 0.7*maxhpb;}; }
22:43:53.791 [main] ERROR BATTLE - 3:JS脚本需要使用js引擎编译，脚本:function unnamed_1(){ with(Math){ return -(phyattacka*1.35-defendb+1*skilllevela);}; }
22:43:53.792 [main] ERROR BATTLE - 3:JS脚本需要使用js引擎编译，脚本:function unnamed_124(){ with(Math){ return (15)+(TeamNum-1)*15+RoleLv*2;}; }
22:43:53.795 [main] ERROR BATTLE - 3:JS脚本需要使用js引擎编译，脚本:function unnamed_168(){ with(Math){ return _95003_=8;}; }
22:43:53.796 [main] ERROR BATTLE - 3:JS脚本需要使用js引擎编译，脚本:function unnamed_45(){ with(Math){ return -magicattacka*1.6;}; }
22:43:53.798 [main] ERROR BATTLE - 3:JS脚本需要使用js引擎编译，脚本:function unnamed_89(){ with(Math){ return gradea*1.225;}; }
22:43:53.799 [main] ERROR BATTLE - 3:JS脚本需要使用js引擎编译，脚本:function unnamed_146(){ with(Math){ return _99037_>=1;}; }
22:43:53.801 [main] ERROR BATTLE - 3:JS脚本需要使用js引擎编译，脚本:function unnamed_10(){ with(Math){ return gradea*2;}; }
22:43:53.803 [main] ERROR BATTLE - 3:JS脚本需要使用js引擎编译，脚本:function unnamed_35(){ with(Math){ return -maxhpb*0.7;}; }
22:43:53.804 [main] ERROR BATTLE - 3:JS脚本需要使用js引擎编译，脚本:function unnamed_61(){ with(Math){ return gradea*0.2;}; }
22:43:53.806 [main] ERROR BATTLE - 3:JS脚本需要使用js引擎编译，脚本:function unnamed_114(){ with(Math){ return -magicattacka*0.7;}; }
22:43:53.807 [main] ERROR BATTLE - 3:JS脚本需要使用js引擎编译，脚本:function unnamed_85(){ with(Math){ return gradea*0.2835;}; }
22:43:53.809 [main] ERROR BATTLE - 3:JS脚本需要使用js引擎编译，脚本:function unnamed_57(){ with(Math){ return 10+gradea;}; }
22:43:53.810 [main] ERROR BATTLE - 3:JS脚本需要使用js引擎编译，脚本:function unnamed_145(){ with(Math){ return _99036_>=1;}; }
22:43:53.812 [main] ERROR BATTLE - 3:JS脚本需要使用js引擎编译，脚本:function unnamed_151(){ with(Math){ return _95003_<=3;}; }
22:43:53.813 [main] ERROR BATTLE - 3:JS脚本需要使用js引擎编译，脚本:function unnamed_106(){ with(Math){ return gradea*3.75;}; }
22:43:53.815 [main] ERROR BATTLE - 3:JS脚本需要使用js引擎编译，脚本:function unnamed_160(){ with(Math){ return _96234_>=1;}; }
22:43:53.822 [main] ERROR BATTLE - 3:JS脚本需要使用js引擎编译，脚本:function unnamed_178(){ with(Math){ return _99049_>=1;}; }
22:43:53.824 [main] ERROR BATTLE - 3:JS脚本需要使用js引擎编译，脚本:function unnamed_84(){ with(Math){ return gradea*0.2362;}; }
22:43:53.835 [main] ERROR BATTLE - 3:JS脚本需要使用js引擎编译，脚本:function unnamed_197(){ with(Math){ return _99060_<1;}; }
22:43:53.837 [main] ERROR BATTLE - 3:JS脚本需要使用js引擎编译，脚本:function unnamed_14(){ with(Math){ return ((medicala*0.2+skilllevela*1.2)+abs(maindamage)*0.08)*(1+healrevisea)*(1+medicaljiashena/1000);}; }
22:43:53.838 [main] ERROR BATTLE - 3:JS脚本需要使用js引擎编译，脚本:function unnamed_42(){ with(Math){ return -(phyattacka*1.10-defendb+1*skilllevela)*2.5;}; }
22:43:53.840 [main] ERROR BATTLE - 3:JS脚本需要使用js引擎编译，脚本:function unnamed_194(){ with(Math){ return _99057_<1;}; }
22:43:53.841 [main] ERROR BATTLE - 3:JS脚本需要使用js引擎编译，脚本:function unnamed_211(){ with(Math){ return _99065_>=3;}; }
22:43:53.843 [main] ERROR BATTLE - 3:JS脚本需要使用js引擎编译，脚本:function unnamed_131(){ with(Math){ return (1*RoleLv*1.3)*(random()*(1.02-0.98)+0.98);}; }
22:43:53.844 [main] ERROR BATTLE - 3:JS脚本需要使用js引擎编译，脚本:function unnamed_27(){ with(Math){ return 10+1.3*skilllevela;}; }
22:43:53.846 [main] ERROR BATTLE - 3:JS脚本需要使用js引擎编译，脚本:function unnamed_128(){ with(Math){ return RoleLv*1.7+20;}; }
22:43:53.847 [main] ERROR BATTLE - 3:JS脚本需要使用js引擎编译，脚本:function unnamed_169(){ with(Math){ return _95003_=9;}; }
22:43:53.849 [main] ERROR BATTLE - 3:JS脚本需要使用js引擎编译，脚本:function unnamed_135(){ with(Math){ return (400*MonsterLv*0.017*(MonsterNum*0.083+MasterNum*0.1245)*min(max(1-0.2*floor(abs(MonsterLv-RoleLv)/5),0.1),1)*(1-IsDbPoint)+400*MonsterLv*0.13*(MonsterNum*0.083+MasterNum*0.1245)*min(max(1-0.2*floor(abs(MonsterLv-RoleLv)/5),0.1),1)*IsDbPoint)*(random()*(1.02-0.98)+0.98);}; }
22:43:53.851 [main] ERROR BATTLE - 3:JS脚本需要使用js引擎编译，脚本:function unnamed_20(){ with(Math){ return medicala+3*skilllevela*2;}; }
22:43:53.852 [main] ERROR BATTLE - 3:JS脚本需要使用js引擎编译，脚本:function unnamed_68(){ with(Math){ return gradea*0.7;}; }
22:43:53.854 [main] ERROR BATTLE - 3:JS脚本需要使用js引擎编译，脚本:function unnamed_43(){ with(Math){ return -magicattacka*3;}; }
22:43:53.856 [main] ERROR BATTLE - 3:JS脚本需要使用js引擎编译，脚本:function unnamed_172(){ with(Math){ return _99043_>=1;}; }
22:43:53.857 [main] ERROR BATTLE - 3:JS脚本需要使用js引擎编译，脚本:function unnamed_196(){ with(Math){ return _99059_<1;}; }
22:43:53.859 [main] ERROR BATTLE - 3:JS脚本需要使用js引擎编译，脚本:function unnamed_207(){ with(Math){ return _99071_>=1;}; }
22:43:53.860 [main] ERROR BATTLE - 3:JS脚本需要使用js引擎编译，脚本:function unnamed_93(){ with(Math){ return gradea*0.625;}; }
22:43:53.862 [main] ERROR BATTLE - 3:JS脚本需要使用js引擎编译，脚本:function unnamed_83(){ with(Math){ return gradea*0.189;}; }
22:43:53.864 [main] ERROR BATTLE - 3:JS脚本需要使用js引擎编译，脚本:function unnamed_119(){ with(Math){ return (15)+(TeamNum-1)*15+RoleLv*120;}; }
22:43:53.865 [main] ERROR BATTLE - 3:JS脚本需要使用js引擎编译，脚本:function unnamed_33(){ with(Math){ return -maxhpb*0.4;}; }
22:43:53.867 [main] ERROR BATTLE - 3:JS脚本需要使用js引擎编译，脚本:function unnamed_227(){ with(Math){ return 1*TeamNum+5;}; }
22:43:53.868 [main] ERROR BATTLE - 3:JS脚本需要使用js引擎编译，脚本:function unnamed_174(){ with(Math){ return _99045_<1;}; }
22:43:53.870 [main] ERROR BATTLE - 3:JS脚本需要使用js引擎编译，脚本:function unnamed_74(){ with(Math){ return gradea*0.000875;}; }
22:43:53.871 [main] ERROR BATTLE - 3:JS脚本需要使用js引擎编译，脚本:function unnamed_156(){ with(Math){ return _95003_<=8;}; }
22:43:53.879 [main] ERROR BATTLE - 3:JS脚本需要使用js引擎编译，脚本:function unnamed_37(){ with(Math){ return -(phyattacka*1.40-defendb+1*skilllevela)*2.5;}; }
22:43:53.890 [main] ERROR BATTLE - 3:JS脚本需要使用js引擎编译，脚本:function unnamed_199(){ with(Math){ return _96001_/_96002_<0.1;}; }
22:43:53.892 [main] ERROR BATTLE - 3:JS脚本需要使用js引擎编译，脚本:function unnamed_209(){ with(Math){ return _99072_<1;}; }
22:43:53.894 [main] ERROR BATTLE - 3:JS脚本需要使用js引擎编译，脚本:function unnamed_23(){ with(Math){ return (medicala+1.2*skilllevela)*0.4;}; }
22:43:53.895 [main] ERROR BATTLE - 3:JS脚本需要使用js引擎编译，脚本:function unnamed_70(){ with(Math){ return gradea*1.05;}; }
22:43:53.897 [main] ERROR BATTLE - 3:JS脚本需要使用js引擎编译，脚本:function unnamed_63(){ with(Math){ return gradea*0.24;}; }
22:43:53.898 [main] ERROR BATTLE - 3:JS脚本需要使用js引擎编译，脚本:function unnamed_98(){ with(Math){ return gradea*0.85;}; }
22:43:53.900 [main] ERROR BATTLE - 3:JS脚本需要使用js引擎编译，脚本:function unnamed_144(){ with(Math){ return _94056_>=1;}; }
22:43:53.901 [main] ERROR BATTLE - 3:JS脚本需要使用js引擎编译，脚本:function unnamed_141(){ with(Math){ return (500*RoleLv*0.05)*(random()*(1.02-0.98)+0.98)*0.5;}; }
22:43:53.904 [main] ERROR BATTLE - 3:JS脚本需要使用js引擎编译，脚本:function unnamed_143(){ with(Math){ return _99065_>=4;}; }
22:43:53.905 [main] ERROR BATTLE - 3:JS脚本需要使用js引擎编译，脚本:function unnamed_185(){ with(Math){ return _99057_>=1;}; }
22:43:53.907 [main] ERROR BATTLE - 3:JS脚本需要使用js引擎编译，脚本:function unnamed_107(){ with(Math){ return gradea*4;}; }
22:43:53.908 [main] ERROR BATTLE - 3:JS脚本需要使用js引擎编译，脚本:function unnamed_206(){ with(Math){ return _99068_>=1;}; }
22:43:53.910 [main] ERROR BATTLE - 3:JS脚本需要使用js引擎编译，脚本:function unnamed_58(){ with(Math){ return -(magicattacka*1.2-magicdefb+2*gradea)*(0.5+0.05*(2-preaimcount));}; }
22:43:53.911 [main] ERROR BATTLE - 3:JS脚本需要使用js引擎编译，脚本:function unnamed_100(){ with(Math){ return gradea*0.375;}; }
22:43:53.913 [main] ERROR BATTLE - 3:JS脚本需要使用js引擎编译，脚本:function unnamed_56(){ with(Math){ return -(magicattacka*3.5-magicdefb+2*skilllevela)*0.3;}; }
22:43:53.914 [main] ERROR BATTLE - 3:JS脚本需要使用js引擎编译，脚本:function unnamed_26(){ with(Math){ return -(speeda*0.1+7*skilllevela)*1.1;}; }
22:43:53.916 [main] ERROR BATTLE - 3:JS脚本需要使用js引擎编译，脚本:function unnamed_75(){ with(Math){ return gradea*0.00105;}; }
22:43:53.917 [main] ERROR BATTLE - 3:JS脚本需要使用js引擎编译，脚本:function unnamed_80(){ with(Math){ return gradea*0.12;}; }
22:43:53.919 [main] ERROR BATTLE - 3:JS脚本需要使用js引擎编译，脚本:function unnamed_40(){ with(Math){ return -(phyattacka*1.55-defendb+1*skilllevela)*2.5;}; }
22:43:53.921 [main] ERROR BATTLE - 3:JS脚本需要使用js引擎编译，脚本:function unnamed_157(){ with(Math){ return _95003_<=9;}; }
22:43:53.923 [main] ERROR BATTLE - 3:JS脚本需要使用js引擎编译，脚本:function unnamed_140(){ with(Math){ return (5000*RoleLv*0.05)*(random()*(1.02-0.98)+0.98)*(1-min(5-TeamNum,2)*0.15);}; }
22:43:53.925 [main] ERROR BATTLE - 3:JS脚本需要使用js引擎编译，脚本:function unnamed_184(){ with(Math){ return _99056_>=1;}; }
22:43:53.926 [main] ERROR BATTLE - 3:JS脚本需要使用js引擎编译，脚本:function unnamed_122(){ with(Math){ return RoleLv*10;}; }
22:43:53.928 [main] ERROR BATTLE - 3:JS脚本需要使用js引擎编译，脚本:function unnamed_48(){ with(Math){ return -(phyattacka*2-defendb+1*gradea);}; }
22:43:53.929 [main] ERROR BATTLE - 3:JS脚本需要使用js引擎编译，脚本:function unnamed_110(){ with(Math){ return 0.3*maxhpb;}; }
22:43:53.933 [main] ERROR BATTLE - 3:JS脚本需要使用js引擎编译，脚本:function unnamed_2(){ with(Math){ return -(phyattacka*0.65-defendb+1*skilllevela);}; }
22:43:53.934 [main] ERROR BATTLE - 3:JS脚本需要使用js引擎编译，脚本:function unnamed_109(){ with(Math){ return 0.05*maxhpb;}; }
22:43:53.936 [main] ERROR BATTLE - 3:JS脚本需要使用js引擎编译，脚本:function unnamed_208(){ with(Math){ return _99070_==1;}; }
22:43:53.937 [main] ERROR BATTLE - 3:JS脚本需要使用js引擎编译，脚本:function unnamed_179(){ with(Math){ return _99052_>=1;}; }
22:43:53.939 [main] ERROR BATTLE - 3:JS脚本需要使用js引擎编译，脚本:function unnamed_29(){ with(Math){ return -(magicattacka*1.8-magicdefb+2*gradea)*0.5;}; }
22:43:53.940 [main] ERROR BATTLE - 3:JS脚本需要使用js引擎编译，脚本:function unnamed_218(){ with(Math){ return !_509951_;}; }
22:43:53.942 [main] ERROR BATTLE - 3:JS脚本需要使用js引擎编译，脚本:function unnamed_213(){ with(Math){ return _502003_;}; }
22:43:53.943 [main] ERROR BATTLE - 3:JS脚本需要使用js引擎编译，脚本:function unnamed_132(){ with(Math){ return 2000*RoleLv;}; }
22:43:53.945 [main] ERROR BATTLE - 3:JS脚本需要使用js引擎编译，脚本:function unnamed_97(){ with(Math){ return gradea*0.65;}; }
22:43:53.946 [main] ERROR BATTLE - 3:JS脚本需要使用js引擎编译，脚本:function unnamed_161(){ with(Math){ return _95003_=3;}; }
22:43:53.948 [main] ERROR BATTLE - 3:JS脚本需要使用js引擎编译，脚本:function unnamed_183(){ with(Math){ return _99055_>=1;}; }
22:43:53.949 [main] ERROR BATTLE - 3:JS脚本需要使用js引擎编译，脚本:function unnamed_129(){ with(Math){ return (1*RoleLv*11)*(random()*(1.02-0.98)+0.98);}; }
22:43:53.951 [main] ERROR BATTLE - 3:JS脚本需要使用js引擎编译，脚本:function unnamed_17(){ with(Math){ return abs(maindamage)*1;}; }
22:43:53.952 [main] ERROR BATTLE - 3:JS脚本需要使用js引擎编译，脚本:function unnamed_49(){ with(Math){ return phyattacka*1.25-defendb+1*gradea;}; }
22:43:53.954 [main] ERROR BATTLE - 3:JS脚本需要使用js引擎编译，脚本:function unnamed_127(){ with(Math){ return (15)+(TeamNum-1)*15+RoleLv*5;}; }
22:43:53.955 [main] ERROR BATTLE - 3:JS脚本需要使用js引擎编译，脚本:function unnamed_73(){ with(Math){ return gradea*0.0007;}; }
22:43:53.957 [main] ERROR BATTLE - 3:JS脚本需要使用js引擎编译，脚本:function unnamed_91(){ with(Math){ return gradea*0.5;}; }
22:43:53.959 [main] ERROR BATTLE - 3:JS脚本需要使用js引擎编译，脚本:function unnamed_64(){ with(Math){ return gradea*0.15;}; }
22:43:53.960 [main] ERROR BATTLE - 3:JS脚本需要使用js引擎编译，脚本:function unnamed_190(){ with(Math){ return _99053_<1;}; }
22:43:53.962 [main] ERROR BATTLE - 3:JS脚本需要使用js引擎编译，脚本:function unnamed_102(){ with(Math){ return gradea*0.525;}; }
22:43:53.963 [main] ERROR BATTLE - 3:JS脚本需要使用js引擎编译，脚本:function unnamed_31(){ with(Math){ return -maxhpb*0.2;}; }
22:43:53.964 [main] ERROR BATTLE - 3:JS脚本需要使用js引擎编译，脚本:function unnamed_130(){ with(Math){ return (1*RoleLv*0.94)*(random()*(1.02-0.98)+0.98);}; }
22:43:53.966 [main] ERROR BATTLE - 3:JS脚本需要使用js引擎编译，脚本:function unnamed_16(){ with(Math){ return abs(maindamage)*0.35;}; }
22:43:53.967 [main] ERROR BATTLE - 3:JS脚本需要使用js引擎编译，脚本:function unnamed_18(){ with(Math){ return -magicattacka*0.2;}; }
22:43:53.971 [main] ERROR BATTLE - 3:JS脚本需要使用js引擎编译，脚本:function unnamed_154(){ with(Math){ return _95003_<=6;}; }
22:43:53.973 [main] ERROR BATTLE - 3:JS脚本需要使用js引擎编译，脚本:function unnamed_28(){ with(Math){ return -(magicattacka*1.3-magicdefb+2*gradea)*0.5;}; }
22:43:53.974 [main] ERROR BATTLE - 3:JS脚本需要使用js引擎编译，脚本:function unnamed_36(){ with(Math){ return -(phyattacka*10-defendb+1*gradea+max((phyattacka-phyattackb)*0.05,0));}; }
22:43:53.976 [main] ERROR BATTLE - 3:JS脚本需要使用js引擎编译，脚本:function unnamed_182(){ with(Math){ return _99054_>=1;}; }
22:43:53.977 [main] ERROR BATTLE - 3:JS脚本需要使用js引擎编译，脚本:function unnamed_225(){ with(Math){ return !_508014_;}; }
22:43:53.979 [main] ERROR BATTLE - 3:JS脚本需要使用js引擎编译，脚本:function unnamed_69(){ with(Math){ return gradea*0.87;}; }
22:43:53.980 [main] ERROR BATTLE - 3:JS脚本需要使用js引擎编译，脚本:function unnamed_164(){ with(Math){ return _95003_=4;}; }
22:43:53.982 [main] ERROR BATTLE - 3:JS脚本需要使用js引擎编译，脚本:function unnamed_175(){ with(Math){ return _99047_>=1;}; }
22:43:53.984 [main] ERROR BATTLE - 3:JS脚本需要使用js引擎编译，脚本:function unnamed_181(){ with(Math){ return _99053_>=1;}; }
22:43:53.985 [main] ERROR BATTLE - 3:JS脚本需要使用js引擎编译，脚本:function unnamed_134(){ with(Math){ return (400*MonsterLv*0.011*(MonsterNum*0.083+MasterNum*0.1245)*min(max(1-0.2*floor(abs(MonsterLv-RoleLv)/5),0.1),1)*(1-IsDbPoint)+400*MonsterLv*0.13*(MonsterNum*0.083+MasterNum*0.1245)*min(max(1-0.2*floor(abs(MonsterLv-RoleLv)/5),0.1),1)*IsDbPoint)*(random()*(1.02-0.98)+0.98);}; }
22:43:53.987 [main] ERROR BATTLE - 3:JS脚本需要使用js引擎编译，脚本:function unnamed_176(){ with(Math){ return _99048_>=1;}; }
22:43:53.990 [main] ERROR BATTLE - 3:JS脚本需要使用js引擎编译，脚本:function unnamed_39(){ with(Math){ return -(phyattacka*1.50-defendb+1*skilllevela)*2.5;}; }
22:43:53.994 [main] ERROR BATTLE - 3:JS脚本需要使用js引擎编译，脚本:function unnamed_120(){ with(Math){ return (15)+(TeamNum-1)*15+RoleLv*140;}; }
22:43:53.996 [main] ERROR BATTLE - 3:JS脚本需要使用js引擎编译，脚本:function unnamed_51(){ with(Math){ return -(magicattacka*0.8-magicdefb+2*gradea)*(0.5+0.05*(2-preaimcount));}; }
22:43:54.002 [main] ERROR BATTLE - 3:JS脚本需要使用js引擎编译，脚本:function unnamed_82(){ with(Math){ return gradea*0.14;}; }
22:43:54.003 [main] ERROR BATTLE - 3:JS脚本需要使用js引擎编译，脚本:function unnamed_32(){ with(Math){ return -maxhpb*0.3;}; }
22:43:54.005 [main] ERROR BATTLE - 3:JS脚本需要使用js引擎编译，脚本:function unnamed_54(){ with(Math){ return -(magicattacka*3.5-magicdefb+2*skilllevela)*0.5;}; }
22:43:54.006 [main] ERROR BATTLE - 3:JS脚本需要使用js引擎编译，脚本:function unnamed_95(){ with(Math){ return gradea*0.75;}; }
22:43:54.008 [main] ERROR BATTLE - 3:JS脚本需要使用js引擎编译，脚本:function unnamed_158(){ with(Math){ return _95003_<=10;}; }
22:43:54.009 [main] ERROR BATTLE - 3:JS脚本需要使用js引擎编译，脚本:function unnamed_19(){ with(Math){ return medicala*1.1+3*skilllevela;}; }
22:43:54.010 [main] ERROR BATTLE - 3:JS脚本需要使用js引擎编译，脚本:function unnamed_72(){ with(Math){ return gradea*1.4;}; }
22:43:54.012 [main] ERROR BATTLE - 3:JS脚本需要使用js引擎编译，脚本:function unnamed_139(){ with(Math){ return 105800+floor(RoleLv/10)*440+(200+floor(RoleLv/10)*40*(Ring-1));}; }
22:43:54.013 [main] ERROR BATTLE - 3:JS脚本需要使用js引擎编译，脚本:function unnamed_108(){ with(Math){ return -(phyattacka*1.2-defendb+1*gradea);}; }
22:43:54.015 [main] ERROR BATTLE - 3:JS脚本需要使用js引擎编译，脚本:function unnamed_117(){ with(Math){ return RoleLv*50;}; }
22:43:54.017 [main] ERROR BATTLE - 3:JS脚本需要使用js引擎编译，脚本:function unnamed_155(){ with(Math){ return _95003_<=7;}; }
22:43:54.018 [main] ERROR BATTLE - 3:JS脚本需要使用js引擎编译，脚本:function unnamed_220(){ with(Math){ return !_501402_;}; }
22:43:54.019 [main] ERROR BATTLE - 3:JS脚本需要使用js引擎编译，脚本:function unnamed_21(){ with(Math){ return -(magicattacka*1.3-magicdefb+2*gradea)*0.5*(1.2+(0.6+0.2*skilllevela)*(1-curmpb/maxmpb));}; }
22:43:54.021 [main] ERROR BATTLE - 3:JS脚本需要使用js引擎编译，脚本:function unnamed_116(){ with(Math){ return 1600*RoleLv*0.067*(0.74+0.02*Time)*(random()*(1.02-0.98)+0.98);}; }
22:43:54.023 [main] ERROR BATTLE - 3:JS脚本需要使用js引擎编译，脚本:function unnamed_5(){ with(Math){ return -(phyattacka*1-defendb+1*gradea)*(0.25+0.05*skilllevela);}; }
22:43:54.024 [main] ERROR BATTLE - 3:JS脚本需要使用js引擎编译，脚本:function unnamed_226(){ with(Math){ return !_508008_;}; }
22:43:54.029 [main] ERROR BATTLE - 3:JS脚本需要使用js引擎编译，脚本:function unnamed_210(){ with(Math){ return _94041_>=1;}; }
22:43:54.030 [main] ERROR BATTLE - 3:JS脚本需要使用js引擎编译，脚本:function unnamed_205(){ with(Math){ return _99049_>=5;}; }
22:43:54.032 [main] ERROR BATTLE - 3:JS脚本需要使用js引擎编译，脚本:function unnamed_217(){ with(Math){ return !_508237_;}; }
22:43:54.033 [main] ERROR BATTLE - 3:JS脚本需要使用js引擎编译，脚本:function unnamed_47(){ with(Math){ return -(phyattacka*1.25-defendb+1*gradea+max((phyattacka-phyattackb)*0.25,0));}; }
22:43:54.035 [main] ERROR BATTLE - 3:JS脚本需要使用js引擎编译，脚本:function unnamed_149(){ with(Math){ return _94056_>=4;}; }
22:43:54.036 [main] ERROR BATTLE - 3:JS脚本需要使用js引擎编译，脚本:function unnamed_195(){ with(Math){ return _99058_<1;}; }
22:43:54.038 [main] ERROR BATTLE - 3:JS脚本需要使用js引擎编译，脚本:function unnamed_148(){ with(Math){ return _99039_>=1;}; }
22:43:54.039 [main] ERROR BATTLE - 3:JS脚本需要使用js引擎编译，脚本:function unnamed_187(){ with(Math){ return _99059_>=1;}; }
22:43:54.041 [main] ERROR BATTLE - 3:JS脚本需要使用js引擎编译，脚本:function unnamed_24(){ with(Math){ return 2*skilllevela+50;}; }
22:43:54.042 [main] ERROR BATTLE - 3:JS脚本需要使用js引擎编译，脚本:function unnamed_96(){ with(Math){ return gradea*0.0875;}; }
22:43:54.044 [main] ERROR BATTLE - 3:JS脚本需要使用js引擎编译，脚本:function unnamed_165(){ with(Math){ return _95003_=5;}; }
22:43:54.045 [main] ERROR BATTLE - 3:JS脚本需要使用js引擎编译，脚本:function unnamed_113(){ with(Math){ return -(phyattacka*0.5-defendb+1*gradea);}; }
22:43:54.046 [main] ERROR BATTLE - 3:JS脚本需要使用js引擎编译，脚本:function unnamed_105(){ with(Math){ return gradea*3.5;}; }
22:43:54.048 [main] ERROR BATTLE - 3:JS脚本需要使用js引擎编译，脚本:function unnamed_125(){ with(Math){ return (15)+(TeamNum-1)*15+RoleLv*3;}; }
22:43:54.049 [main] ERROR BATTLE - 3:JS脚本需要使用js引擎编译，脚本:function unnamed_11(){ with(Math){ return -(phyattacka*0.45-defendb+1*skilllevela);}; }
22:43:54.051 [main] ERROR BATTLE - 3:JS脚本需要使用js引擎编译，脚本:function unnamed_112(){ with(Math){ return -(phyattacka*0.65-defendb+1*gradea);}; }
22:43:54.052 [main] ERROR BATTLE - 3:JS脚本需要使用js引擎编译，脚本:function unnamed_137(){ with(Math){ return 500*RoleLv*1.215*(0.88+0.03);}; }
22:43:54.054 [main] ERROR BATTLE - 3:JS脚本需要使用js引擎编译，脚本:function unnamed_171(){ with(Math){ return _99042_>=3;}; }
22:43:54.055 [main] ERROR BATTLE - 3:JS脚本需要使用js引擎编译，脚本:function unnamed_202(){ with(Math){ return _99062_>=3;}; }
22:43:54.057 [main] ERROR BATTLE - 3:JS脚本需要使用js引擎编译，脚本:function unnamed_79(){ with(Math){ return gradea*1;}; }
22:43:54.058 [main] ERROR BATTLE - 3:JS脚本需要使用js引擎编译，脚本:function unnamed_87(){ with(Math){ return gradea*0.378;}; }
22:43:54.060 [main] ERROR BATTLE - 3:JS脚本需要使用js引擎编译，脚本:function unnamed_8(){ with(Math){ return -(magicattacka*1.2-magicdefb+2*skilllevela)*(0.5+0.05*(4-preaimcount));}; }
22:43:54.061 [main] ERROR BATTLE - 3:JS脚本需要使用js引擎编译，脚本:function unnamed_99(){ with(Math){ return gradea*0.3;}; }
22:43:54.064 [main] ERROR BATTLE - 3:JS脚本需要使用js引擎编译，脚本:function unnamed_193(){ with(Math){ return _99056_<1;}; }
22:43:54.065 [main] ERROR BATTLE - 3:JS脚本需要使用js引擎编译，脚本:function unnamed_88(){ with(Math){ return gradea*0.875;}; }
22:43:54.067 [main] ERROR BATTLE - 3:JS脚本需要使用js引擎编译，脚本:function unnamed_67(){ with(Math){ return gradea*0.32;}; }
22:43:54.068 [main] ERROR BATTLE - 3:JS脚本需要使用js引擎编译，脚本:function unnamed_224(){ with(Math){ return _503001_;}; }
22:43:54.070 [main] ERROR BATTLE - 3:JS脚本需要使用js引擎编译，脚本:function unnamed_52(){ with(Math){ return -(phyattacka*0.55-defendb+1*gradea);}; }
22:43:54.072 [main] ERROR BATTLE - 3:JS脚本需要使用js引擎编译，脚本:function unnamed_152(){ with(Math){ return _95003_<=4;}; }
22:43:54.073 [main] ERROR BATTLE - 3:JS脚本需要使用js引擎编译，脚本:function unnamed_198(){ with(Math){ return _99061_<1;}; }
22:43:54.075 [main] ERROR BATTLE - 3:JS脚本需要使用js引擎编译，脚本:function unnamed_223(){ with(Math){ return _509081_;}; }
22:43:54.076 [main] ERROR BATTLE - 3:JS脚本需要使用js引擎编译，脚本:function unnamed_38(){ with(Math){ return -(phyattacka*1.45-defendb+1*skilllevela)*2.5;}; }
22:43:54.078 [main] ERROR BATTLE - 3:JS脚本需要使用js引擎编译，脚本:function unnamed_203(){ with(Math){ return _99066_>=1;}; }
22:43:54.079 [main] ERROR BATTLE - 3:JS脚本需要使用js引擎编译，脚本:function unnamed_221(){ with(Math){ return !_508002_;}; }
22:43:54.083 [main] ERROR BATTLE - 3:JS脚本需要使用js引擎编译，脚本:function unnamed_65(){ with(Math){ return gradea*0.28;}; }
22:43:54.085 [main] ERROR BATTLE - 3:JS脚本需要使用js引擎编译，脚本:function unnamed_201(){ with(Math){ return _99062_>=2;}; }
22:43:54.086 [main] ERROR BATTLE - 3:JS脚本需要使用js引擎编译，脚本:function unnamed_94(){ with(Math){ return gradea*0.075;}; }
22:43:54.088 [main] ERROR BATTLE - 3:JS脚本需要使用js引擎编译，脚本:function unnamed_90(){ with(Math){ return gradea*0.05;}; }
22:43:54.089 [main] ERROR BATTLE - 3:JS脚本需要使用js引擎编译，脚本:function unnamed_44(){ with(Math){ return -magicattacka*2.2;}; }
22:43:54.091 [main] ERROR BATTLE - 3:JS脚本需要使用js引擎编译，脚本:function unnamed_46(){ with(Math){ return -(phyattacka*0.45-defendb+1*gradea);}; }
22:43:54.092 [main] ERROR BATTLE - 3:JS脚本需要使用js引擎编译，脚本:function unnamed_111(){ with(Math){ return 0.35*maxhpb;}; }
22:43:54.094 [main] ERROR BATTLE - 3:JS脚本需要使用js引擎编译，脚本:function unnamed_121(){ with(Math){ return (15)+(TeamNum-1)*15+RoleLv*150;}; }
22:43:54.095 [main] ERROR BATTLE - 3:JS脚本需要使用js引擎编译，脚本:function unnamed_142(){ with(Math){ return _94019_<1;}; }
22:43:54.101 [main] ERROR BATTLE - 3:JS脚本需要使用js引擎编译，脚本:function unnamed_188(){ with(Math){ return _99060_>=1;}; }
22:43:54.103 [main] ERROR BATTLE - 3:JS脚本需要使用js引擎编译，脚本:function unnamed_191(){ with(Math){ return _99054_<1;}; }
22:43:54.104 [main] ERROR BATTLE - 3:JS脚本需要使用js引擎编译，脚本:function unnamed_212(){ with(Math){ return _99074_>=1;}; }
22:43:54.106 [main] ERROR BATTLE - 3:JS脚本需要使用js引擎编译，脚本:function unnamed_166(){ with(Math){ return _95003_=6;}; }
22:43:54.107 [main] ERROR BATTLE - 3:JS脚本需要使用js引擎编译，脚本:function unnamed_162(){ with(Math){ return _97001_>=4;}; }
22:43:54.109 [main] ERROR BATTLE - 3:JS脚本需要使用js引擎编译，脚本:function unnamed_126(){ with(Math){ return (15)+(TeamNum-1)*15+RoleLv*4;}; }
22:43:54.111 [main] ERROR BATTLE - 3:JS脚本需要使用js引擎编译，脚本:function unnamed_9(){ with(Math){ return 0.7+0.002*(skilllevela-gradeb)+(enhanceseala-resistsealb);}; }
22:43:54.112 [main] ERROR BATTLE - 3:JS脚本需要使用js引擎编译，脚本:function unnamed_12(){ with(Math){ return 16*skilllevela;}; }
22:43:54.114 [main] ERROR BATTLE - 3:JS脚本需要使用js引擎编译，脚本:function unnamed_204(){ with(Math){ return _99067_>=1;}; }
22:43:54.115 [main] ERROR BATTLE - 3:JS脚本需要使用js引擎编译，脚本:function unnamed_219(){ with(Math){ return !_503001_;}; }
22:43:54.117 [main] ERROR BATTLE - 3:JS脚本需要使用js引擎编译，脚本:function unnamed_59(){ with(Math){ return gradea*0.16;}; }
22:43:54.118 [main] ERROR BATTLE - 3:JS脚本需要使用js引擎编译，脚本:function unnamed_118(){ with(Math){ return (15)+(TeamNum-1)*15+RoleLv*100;}; }
22:43:54.120 [main] ERROR BATTLE - 3:JS脚本需要使用js引擎编译，脚本:function unnamed_214(){ with(Math){ return _501901_;}; }
22:43:54.121 [main] ERROR BATTLE - 3:JS脚本需要使用js引擎编译，脚本:function unnamed_189(){ with(Math){ return _99061_>=1;}; }
22:43:54.123 [main] ERROR BATTLE - 3:JS脚本需要使用js引擎编译，脚本:function unnamed_30(){ with(Math){ return -maxhpb*0.1;}; }
22:43:54.124 [main] ERROR BATTLE - 3:JS脚本需要使用js引擎编译，脚本:function unnamed_216(){ with(Math){ return !_508236_;}; }
22:43:54.125 [main] ERROR BATTLE - 3:JS脚本需要使用js引擎编译，脚本:function unnamed_62(){ with(Math){ return gradea*0.125;}; }
22:43:54.127 [main] ERROR BATTLE - 3:JS脚本需要使用js引擎编译，脚本:function unnamed_163(){ with(Math){ return _99040_>=2;}; }
22:43:54.128 [main] ERROR BATTLE - 3:JS脚本需要使用js引擎编译，脚本:function unnamed_81(){ with(Math){ return gradea*1.2;}; }
22:43:54.130 [main] ERROR BATTLE - 3:JS脚本需要使用js引擎编译，脚本:function unnamed_153(){ with(Math){ return _95003_<=5;}; }
22:43:54.131 [main] ERROR BATTLE - 3:JS脚本需要使用js引擎编译，脚本:function unnamed_170(){ with(Math){ return _99041_>=3;}; }
22:43:54.133 [main] ERROR BATTLE - 3:JS脚本需要使用js引擎编译，脚本:function unnamed_173(){ with(Math){ return _99044_<1;}; }
22:43:54.134 [main] ERROR BATTLE - 3:JS脚本需要使用js引擎编译，脚本:function unnamed_200(){ with(Math){ return _99062_>=1;}; }
22:43:54.136 [main] ERROR BATTLE - 3:JS脚本需要使用js引擎编译，脚本:function unnamed_159(){ with(Math){ return _96232_>=1;}; }
22:43:54.137 [main] ERROR BATTLE - 3:JS脚本需要使用js引擎编译，脚本:function unnamed_4(){ with(Math){ return 0.15*maxhpb;}; }
22:43:54.139 [main] ERROR BATTLE - 3:JS脚本需要使用js引擎编译，脚本:function unnamed_78(){ with(Math){ return gradea*0.08;}; }
22:43:54.140 [main] ERROR BATTLE - 3:JS脚本需要使用js引擎编译，脚本:function unnamed_3(){ with(Math){ return -(phyattacka*0.55-defendb+1*skilllevela);}; }
22:43:54.142 [main] ERROR BATTLE - 3:JS脚本需要使用js引擎编译，脚本:function unnamed_77(){ with(Math){ return gradea*0.0014;}; }
22:43:54.143 [main] ERROR BATTLE - 3:JS脚本需要使用js引擎编译，脚本:function unnamed_133(){ with(Math){ return 3000*RoleLv;}; }
22:43:54.144 [main] ERROR BATTLE - 3:JS脚本需要使用js引擎编译，脚本:function unnamed_76(){ with(Math){ return gradea*0.001225;}; }
22:43:54.146 [main] ERROR BATTLE - 3:JS脚本需要使用js引擎编译，脚本:function unnamed_86(){ with(Math){ return gradea*0.3375;}; }
22:43:54.147 [main] ERROR BATTLE - 3:JS脚本需要使用js引擎编译，脚本:function unnamed_167(){ with(Math){ return _95003_=7;}; }
22:43:54.149 [main] ERROR BATTLE - 3:JS脚本需要使用js引擎编译，脚本:function unnamed_15(){ with(Math){ return -(magicattacka*1.8-magicdefb+2*skilllevela)*(0.5+0.05*(4-preaimcount));}; }
22:43:54.150 [main] ERROR BATTLE - 3:JS脚本需要使用js引擎编译，脚本:function unnamed_50(){ with(Math){ return -(magicattacka*0.5-magicdefb+2*gradea)*(0.5+0.05*(2-preaimcount));}; }
22:43:54.152 [main] ERROR BATTLE - 3:JS脚本需要使用js引擎编译，脚本:function unnamed_123(){ with(Math){ return (15)+(TeamNum-1)*15+RoleLv*1;}; }
22:43:54.154 [main] ERROR BATTLE - 3:JS脚本需要使用js引擎编译，脚本:function unnamed_103(){ with(Math){ return gradea*3;}; }
22:43:54.155 [main] ERROR BATTLE - 3:JS脚本需要使用js引擎编译，脚本:function unnamed_13(){ with(Math){ return ((medicala*0.5+skilllevela*1.4)+abs(maindamage)*0.1)*(1+healrevisea)*(1+medicaljiashena/1000);}; }
22:43:54.157 [main] ERROR BATTLE - 3:JS脚本需要使用js引擎编译，脚本:function unnamed_71(){ with(Math){ return gradea*1.22;}; }
22:43:54.159 [main] ERROR BATTLE - 3:JS脚本需要使用js引擎编译，脚本:function unnamed_138(){ with(Math){ return Ring+3;}; }
22:43:54.160 [main] ERROR BATTLE - 3:JS脚本需要使用js引擎编译，脚本:function unnamed_60(){ with(Math){ return gradea*0.1;}; }
22:43:54.161 [main] ERROR BATTLE - 3:JS脚本需要使用js引擎编译，脚本:function unnamed_180(){ with(Math){ return _94014_>=7;}; }
22:43:54.163 [main] ERROR BATTLE - 3:JS脚本需要使用js引擎编译，脚本:function unnamed_147(){ with(Math){ return _99038_>=1;}; }
22:43:54.164 [main] ERROR BATTLE - 3:JS脚本需要使用js引擎编译，脚本:function unnamed_186(){ with(Math){ return _99058_>=1;}; }
22:43:54.166 [main] ERROR BATTLE - 3:JS脚本需要使用js引擎编译，脚本:function unnamed_115(){ with(Math){ return (15)+(TeamNum-1)*15+RoleLv*160;}; }
22:43:54.167 [main] ERROR BATTLE - 3:JS脚本需要使用js引擎编译，脚本:function unnamed_34(){ with(Math){ return -maxhpb*0.6;}; }
22:43:54.169 [main] ERROR BATTLE - 3:JS脚本需要使用js引擎编译，脚本:function unnamed_215(){ with(Math){ return _501402_;}; }
22:43:54.170 [main] ERROR BATTLE - 3:JS脚本需要使用js引擎编译，脚本:function unnamed_150(){ with(Math){ return _95003_<=2;}; }
22:43:54.172 [main] ERROR BATTLE - 3:JS脚本需要使用js引擎编译，脚本:function unnamed_0(){ with(Math){ return -(phyattacka*1.3-defendb+1*skilllevela);}; }
22:43:54.173 [main] ERROR BATTLE - 3:JS脚本需要使用js引擎编译，脚本:function unnamed_66(){ with(Math){ return gradea*0.175;}; }
22:43:54.175 [main] ERROR BATTLE - 3:JS脚本需要使用js引擎编译，脚本:function unnamed_55(){ with(Math){ return -(phyattacka*1-defendb+7*gradea);}; }
22:43:54.176 [main] ERROR BATTLE - 3:JS脚本需要使用js引擎编译，脚本:function unnamed_22(){ with(Math){ return medicala+1.2*skilllevela;}; }
22:43:54.178 [main] ERROR BATTLE - 3:JS脚本需要使用js引擎编译，脚本:function unnamed_222(){ with(Math){ return !_508006_;}; }
22:43:54.179 [main] ERROR BATTLE - 3:JS脚本需要使用js引擎编译，脚本:function unnamed_41(){ with(Math){ return -(phyattacka*1.60-defendb+1*skilllevela)*2.5;}; }
22:43:54.181 [main] ERROR BATTLE - 3:JS脚本需要使用js引擎编译，脚本:function unnamed_136(){ with(Math){ return RoleLv*200;}; }
22:43:54.182 [main] ERROR BATTLE - 3:JS脚本需要使用js引擎编译，脚本:function unnamed_7(){ with(Math){ return 9*skilllevela;}; }
22:43:54.183 [main] ERROR BATTLE - 3:JS脚本需要使用js引擎编译，脚本:function unnamed_192(){ with(Math){ return _99055_<1;}; }
22:43:54.185 [main] ERROR BATTLE - 3:JS脚本需要使用js引擎编译，脚本:function unnamed_101(){ with(Math){ return gradea*0.45;}; }
22:43:54.186 [main] ERROR BATTLE - 3:JS脚本需要使用js引擎编译，脚本:function unnamed_6(){ with(Math){ return -(phyattacka*1.45-defendb+1*skilllevela);}; }
22:43:54.188 [main] ERROR BATTLE - 3:JS脚本需要使用js引擎编译，脚本:function unnamed_53(){ with(Math){ return abs(maindamage)*0.20;}; }
22:43:54.189 [main] ERROR BATTLE - 3:JS脚本需要使用js引擎编译，脚本:function unnamed_92(){ with(Math){ return gradea*0.0625;}; }
22:43:54.191 [main] ERROR BATTLE - 3:JS脚本需要使用js引擎编译，脚本:function unnamed_177(){ with(Math){ return _94056_>=3;}; }
22:43:54.192 [main] ERROR BATTLE - 3:JS脚本需要使用js引擎编译，脚本:function unnamed_104(){ with(Math){ return gradea*3.25;}; }
22:43:54.193 [main] ERROR BATTLE - 3:JS脚本需要使用js引擎编译，脚本:function unnamed_25(){ with(Math){ return 0.7*maxhpb;}; }
22:43:54.202 [main] ERROR BATTLE - 3:JS脚本需要使用js引擎编译，脚本:function unnamed_1(){ with(Math){ return -(phyattacka*1.35-defendb+1*skilllevela);}; }
22:43:54.204 [main] ERROR BATTLE - 3:JS脚本需要使用js引擎编译，脚本:function unnamed_124(){ with(Math){ return (15)+(TeamNum-1)*15+RoleLv*2;}; }
22:43:54.206 [main] ERROR BATTLE - 3:JS脚本需要使用js引擎编译，脚本:function unnamed_168(){ with(Math){ return _95003_=8;}; }
22:43:54.207 [main] ERROR BATTLE - 3:JS脚本需要使用js引擎编译，脚本:function unnamed_45(){ with(Math){ return -magicattacka*1.6;}; }
22:43:54.209 [main] ERROR BATTLE - 3:JS脚本需要使用js引擎编译，脚本:function unnamed_89(){ with(Math){ return gradea*1.225;}; }
22:43:54.210 [main] ERROR BATTLE - 3:JS脚本需要使用js引擎编译，脚本:function unnamed_146(){ with(Math){ return _99037_>=1;}; }
22:43:54.216 [main] ERROR BATTLE - 3:JS脚本需要使用js引擎编译，脚本:function unnamed_10(){ with(Math){ return gradea*2;}; }
22:43:54.218 [main] ERROR BATTLE - 3:JS脚本需要使用js引擎编译，脚本:function unnamed_35(){ with(Math){ return -maxhpb*0.7;}; }
22:43:54.219 [main] ERROR BATTLE - 3:JS脚本需要使用js引擎编译，脚本:function unnamed_61(){ with(Math){ return gradea*0.2;}; }
22:43:54.221 [main] ERROR BATTLE - 3:JS脚本需要使用js引擎编译，脚本:function unnamed_114(){ with(Math){ return -magicattacka*0.7;}; }
22:43:54.222 [main] ERROR BATTLE - 3:JS脚本需要使用js引擎编译，脚本:function unnamed_85(){ with(Math){ return gradea*0.2835;}; }
22:43:54.232 [main] ERROR BATTLE - 3:JS脚本需要使用js引擎编译，脚本:function unnamed_57(){ with(Math){ return 10+gradea;}; }
22:43:54.233 [main] ERROR BATTLE - 3:JS脚本需要使用js引擎编译，脚本:function unnamed_145(){ with(Math){ return _99036_>=1;}; }
22:43:54.235 [main] ERROR BATTLE - 3:JS脚本需要使用js引擎编译，脚本:function unnamed_151(){ with(Math){ return _95003_<=3;}; }
22:43:54.236 [main] ERROR BATTLE - 3:JS脚本需要使用js引擎编译，脚本:function unnamed_106(){ with(Math){ return gradea*3.75;}; }
22:43:54.238 [main] ERROR BATTLE - 3:JS脚本需要使用js引擎编译，脚本:function unnamed_160(){ with(Math){ return _96234_>=1;}; }
22:43:54.245 [main] ERROR BATTLE - 3:JS脚本需要使用js引擎编译，脚本:function unnamed_178(){ with(Math){ return _99049_>=1;}; }
22:43:54.246 [main] ERROR BATTLE - 3:JS脚本需要使用js引擎编译，脚本:function unnamed_84(){ with(Math){ return gradea*0.2362;}; }
22:43:54.248 [main] ERROR BATTLE - 3:JS脚本需要使用js引擎编译，脚本:function unnamed_197(){ with(Math){ return _99060_<1;}; }
22:43:54.249 [main] ERROR BATTLE - 3:JS脚本需要使用js引擎编译，脚本:function unnamed_14(){ with(Math){ return ((medicala*0.2+skilllevela*1.2)+abs(maindamage)*0.08)*(1+healrevisea)*(1+medicaljiashena/1000);}; }
22:43:54.251 [main] ERROR BATTLE - 3:JS脚本需要使用js引擎编译，脚本:function unnamed_42(){ with(Math){ return -(phyattacka*1.10-defendb+1*skilllevela)*2.5;}; }
22:43:54.253 [main] ERROR BATTLE - 3:JS脚本需要使用js引擎编译，脚本:function unnamed_194(){ with(Math){ return _99057_<1;}; }
22:43:54.254 [main] ERROR BATTLE - 3:JS脚本需要使用js引擎编译，脚本:function unnamed_211(){ with(Math){ return _99065_>=3;}; }
22:43:54.255 [main] ERROR BATTLE - 3:JS脚本需要使用js引擎编译，脚本:function unnamed_131(){ with(Math){ return (1*RoleLv*1.3)*(random()*(1.02-0.98)+0.98);}; }
22:43:54.257 [main] ERROR BATTLE - 3:JS脚本需要使用js引擎编译，脚本:function unnamed_27(){ with(Math){ return 10+1.3*skilllevela;}; }
22:43:54.258 [main] ERROR BATTLE - 3:JS脚本需要使用js引擎编译，脚本:function unnamed_128(){ with(Math){ return RoleLv*1.7+20;}; }
22:43:54.260 [main] ERROR BATTLE - 3:JS脚本需要使用js引擎编译，脚本:function unnamed_169(){ with(Math){ return _95003_=9;}; }
22:43:54.261 [main] ERROR BATTLE - 3:JS脚本需要使用js引擎编译，脚本:function unnamed_135(){ with(Math){ return (400*MonsterLv*0.017*(MonsterNum*0.083+MasterNum*0.1245)*min(max(1-0.2*floor(abs(MonsterLv-RoleLv)/5),0.1),1)*(1-IsDbPoint)+400*MonsterLv*0.13*(MonsterNum*0.083+MasterNum*0.1245)*min(max(1-0.2*floor(abs(MonsterLv-RoleLv)/5),0.1),1)*IsDbPoint)*(random()*(1.02-0.98)+0.98);}; }
22:43:54.263 [main] ERROR BATTLE - 3:JS脚本需要使用js引擎编译，脚本:function unnamed_20(){ with(Math){ return medicala+3*skilllevela*2;}; }
22:43:54.264 [main] ERROR BATTLE - 3:JS脚本需要使用js引擎编译，脚本:function unnamed_68(){ with(Math){ return gradea*0.7;}; }
22:43:54.266 [main] ERROR BATTLE - 3:JS脚本需要使用js引擎编译，脚本:function unnamed_43(){ with(Math){ return -magicattacka*3;}; }
22:43:54.267 [main] ERROR BATTLE - 3:JS脚本需要使用js引擎编译，脚本:function unnamed_172(){ with(Math){ return _99043_>=1;}; }
22:43:54.268 [main] ERROR BATTLE - 3:JS脚本需要使用js引擎编译，脚本:function unnamed_196(){ with(Math){ return _99059_<1;}; }
22:43:54.270 [main] ERROR BATTLE - 3:JS脚本需要使用js引擎编译，脚本:function unnamed_207(){ with(Math){ return _99071_>=1;}; }
22:43:54.271 [main] ERROR BATTLE - 3:JS脚本需要使用js引擎编译，脚本:function unnamed_93(){ with(Math){ return gradea*0.625;}; }
22:43:54.273 [main] ERROR BATTLE - 3:JS脚本需要使用js引擎编译，脚本:function unnamed_83(){ with(Math){ return gradea*0.189;}; }
22:43:54.274 [main] ERROR BATTLE - 3:JS脚本需要使用js引擎编译，脚本:function unnamed_119(){ with(Math){ return (15)+(TeamNum-1)*15+RoleLv*120;}; }
22:43:54.275 [main] ERROR BATTLE - 3:JS脚本需要使用js引擎编译，脚本:function unnamed_33(){ with(Math){ return -maxhpb*0.4;}; }
22:43:54.277 [main] ERROR BATTLE - 3:JS脚本需要使用js引擎编译，脚本:function unnamed_227(){ with(Math){ return 1*TeamNum+5;}; }
22:43:54.278 [main] ERROR BATTLE - 3:JS脚本需要使用js引擎编译，脚本:function unnamed_174(){ with(Math){ return _99045_<1;}; }
22:43:54.279 [main] ERROR BATTLE - 3:JS脚本需要使用js引擎编译，脚本:function unnamed_74(){ with(Math){ return gradea*0.000875;}; }
22:43:54.281 [main] ERROR BATTLE - 3:JS脚本需要使用js引擎编译，脚本:function unnamed_156(){ with(Math){ return _95003_<=8;}; }
22:43:54.282 [main] ERROR BATTLE - 3:JS脚本需要使用js引擎编译，脚本:function unnamed_37(){ with(Math){ return -(phyattacka*1.40-defendb+1*skilllevela)*2.5;}; }
22:43:54.284 [main] ERROR BATTLE - 3:JS脚本需要使用js引擎编译，脚本:function unnamed_199(){ with(Math){ return _96001_/_96002_<0.1;}; }
22:43:54.285 [main] ERROR BATTLE - 3:JS脚本需要使用js引擎编译，脚本:function unnamed_209(){ with(Math){ return _99072_<1;}; }
22:43:54.286 [main] ERROR BATTLE - 3:JS脚本需要使用js引擎编译，脚本:function unnamed_23(){ with(Math){ return (medicala+1.2*skilllevela)*0.4;}; }
22:43:54.288 [main] ERROR BATTLE - 3:JS脚本需要使用js引擎编译，脚本:function unnamed_70(){ with(Math){ return gradea*1.05;}; }
22:43:54.289 [main] ERROR BATTLE - 3:JS脚本需要使用js引擎编译，脚本:function unnamed_63(){ with(Math){ return gradea*0.24;}; }
22:43:54.290 [main] ERROR BATTLE - 3:JS脚本需要使用js引擎编译，脚本:function unnamed_98(){ with(Math){ return gradea*0.85;}; }
22:43:54.292 [main] ERROR BATTLE - 3:JS脚本需要使用js引擎编译，脚本:function unnamed_144(){ with(Math){ return _94056_>=1;}; }
22:43:54.293 [main] ERROR BATTLE - 3:JS脚本需要使用js引擎编译，脚本:function unnamed_141(){ with(Math){ return (500*RoleLv*0.05)*(random()*(1.02-0.98)+0.98)*0.5;}; }
22:43:54.294 [main] ERROR BATTLE - 3:JS脚本需要使用js引擎编译，脚本:function unnamed_143(){ with(Math){ return _99065_>=4;}; }
22:43:54.296 [main] ERROR BATTLE - 3:JS脚本需要使用js引擎编译，脚本:function unnamed_185(){ with(Math){ return _99057_>=1;}; }
22:43:54.297 [main] ERROR BATTLE - 3:JS脚本需要使用js引擎编译，脚本:function unnamed_107(){ with(Math){ return gradea*4;}; }
22:43:54.298 [main] ERROR BATTLE - 3:JS脚本需要使用js引擎编译，脚本:function unnamed_206(){ with(Math){ return _99068_>=1;}; }
22:43:54.300 [main] ERROR BATTLE - 3:JS脚本需要使用js引擎编译，脚本:function unnamed_58(){ with(Math){ return -(magicattacka*1.2-magicdefb+2*gradea)*(0.5+0.05*(2-preaimcount));}; }
22:43:54.301 [main] ERROR BATTLE - 3:JS脚本需要使用js引擎编译，脚本:function unnamed_100(){ with(Math){ return gradea*0.375;}; }
22:43:54.303 [main] ERROR BATTLE - 3:JS脚本需要使用js引擎编译，脚本:function unnamed_56(){ with(Math){ return -(magicattacka*3.5-magicdefb+2*skilllevela)*0.3;}; }
22:43:54.304 [main] ERROR BATTLE - 3:JS脚本需要使用js引擎编译，脚本:function unnamed_26(){ with(Math){ return -(speeda*0.1+7*skilllevela)*1.1;}; }
22:43:54.306 [main] ERROR BATTLE - 3:JS脚本需要使用js引擎编译，脚本:function unnamed_75(){ with(Math){ return gradea*0.00105;}; }
22:43:54.307 [main] ERROR BATTLE - 3:JS脚本需要使用js引擎编译，脚本:function unnamed_80(){ with(Math){ return gradea*0.12;}; }
22:43:54.309 [main] ERROR BATTLE - 3:JS脚本需要使用js引擎编译，脚本:function unnamed_40(){ with(Math){ return -(phyattacka*1.55-defendb+1*skilllevela)*2.5;}; }
22:43:54.310 [main] ERROR BATTLE - 3:JS脚本需要使用js引擎编译，脚本:function unnamed_157(){ with(Math){ return _95003_<=9;}; }
22:43:54.312 [main] ERROR BATTLE - 3:JS脚本需要使用js引擎编译，脚本:function unnamed_140(){ with(Math){ return (5000*RoleLv*0.05)*(random()*(1.02-0.98)+0.98)*(1-min(5-TeamNum,2)*0.15);}; }
22:43:54.313 [main] ERROR BATTLE - 3:JS脚本需要使用js引擎编译，脚本:function unnamed_184(){ with(Math){ return _99056_>=1;}; }
22:43:54.314 [main] ERROR BATTLE - 3:JS脚本需要使用js引擎编译，脚本:function unnamed_122(){ with(Math){ return RoleLv*10;}; }
22:43:54.316 [main] ERROR BATTLE - 3:JS脚本需要使用js引擎编译，脚本:function unnamed_48(){ with(Math){ return -(phyattacka*2-defendb+1*gradea);}; }
22:43:54.317 [main] ERROR BATTLE - 3:JS脚本需要使用js引擎编译，脚本:function unnamed_110(){ with(Math){ return 0.3*maxhpb;}; }
22:43:54.319 [main] ERROR BATTLE - 3:JS脚本需要使用js引擎编译，脚本:function unnamed_2(){ with(Math){ return -(phyattacka*0.65-defendb+1*skilllevela);}; }
22:43:54.320 [main] ERROR BATTLE - 3:JS脚本需要使用js引擎编译，脚本:function unnamed_109(){ with(Math){ return 0.05*maxhpb;}; }
22:43:54.322 [main] ERROR BATTLE - 3:JS脚本需要使用js引擎编译，脚本:function unnamed_208(){ with(Math){ return _99070_==1;}; }
22:43:54.323 [main] ERROR BATTLE - 3:JS脚本需要使用js引擎编译，脚本:function unnamed_179(){ with(Math){ return _99052_>=1;}; }
22:43:54.325 [main] ERROR BATTLE - 3:JS脚本需要使用js引擎编译，脚本:function unnamed_29(){ with(Math){ return -(magicattacka*1.8-magicdefb+2*gradea)*0.5;}; }
22:43:54.326 [main] ERROR BATTLE - 3:JS脚本需要使用js引擎编译，脚本:function unnamed_218(){ with(Math){ return !_509951_;}; }
22:43:54.328 [main] ERROR BATTLE - 3:JS脚本需要使用js引擎编译，脚本:function unnamed_213(){ with(Math){ return _502003_;}; }
22:43:54.329 [main] ERROR BATTLE - 3:JS脚本需要使用js引擎编译，脚本:function unnamed_132(){ with(Math){ return 2000*RoleLv;}; }
22:43:54.331 [main] ERROR BATTLE - 3:JS脚本需要使用js引擎编译，脚本:function unnamed_97(){ with(Math){ return gradea*0.65;}; }
22:43:54.332 [main] ERROR BATTLE - 3:JS脚本需要使用js引擎编译，脚本:function unnamed_161(){ with(Math){ return _95003_=3;}; }
22:43:54.333 [main] ERROR BATTLE - 3:JS脚本需要使用js引擎编译，脚本:function unnamed_183(){ with(Math){ return _99055_>=1;}; }
22:43:54.335 [main] ERROR BATTLE - 3:JS脚本需要使用js引擎编译，脚本:function unnamed_129(){ with(Math){ return (1*RoleLv*11)*(random()*(1.02-0.98)+0.98);}; }
22:43:54.336 [main] ERROR BATTLE - 3:JS脚本需要使用js引擎编译，脚本:function unnamed_17(){ with(Math){ return abs(maindamage)*1;}; }
22:43:54.338 [main] ERROR BATTLE - 3:JS脚本需要使用js引擎编译，脚本:function unnamed_49(){ with(Math){ return phyattacka*1.25-defendb+1*gradea;}; }
22:43:54.339 [main] ERROR BATTLE - 3:JS脚本需要使用js引擎编译，脚本:function unnamed_127(){ with(Math){ return (15)+(TeamNum-1)*15+RoleLv*5;}; }
22:43:54.340 [main] ERROR BATTLE - 3:JS脚本需要使用js引擎编译，脚本:function unnamed_73(){ with(Math){ return gradea*0.0007;}; }
22:43:54.342 [main] ERROR BATTLE - 3:JS脚本需要使用js引擎编译，脚本:function unnamed_91(){ with(Math){ return gradea*0.5;}; }
22:43:54.343 [main] ERROR BATTLE - 3:JS脚本需要使用js引擎编译，脚本:function unnamed_64(){ with(Math){ return gradea*0.15;}; }
22:43:54.345 [main] ERROR BATTLE - 3:JS脚本需要使用js引擎编译，脚本:function unnamed_190(){ with(Math){ return _99053_<1;}; }
22:43:54.346 [main] ERROR BATTLE - 3:JS脚本需要使用js引擎编译，脚本:function unnamed_102(){ with(Math){ return gradea*0.525;}; }
22:43:54.347 [main] ERROR BATTLE - 3:JS脚本需要使用js引擎编译，脚本:function unnamed_31(){ with(Math){ return -maxhpb*0.2;}; }
22:43:54.349 [main] ERROR BATTLE - 3:JS脚本需要使用js引擎编译，脚本:function unnamed_130(){ with(Math){ return (1*RoleLv*0.94)*(random()*(1.02-0.98)+0.98);}; }
22:43:54.351 [main] ERROR BATTLE - 3:JS脚本需要使用js引擎编译，脚本:function unnamed_16(){ with(Math){ return abs(maindamage)*0.35;}; }
22:43:54.352 [main] ERROR BATTLE - 3:JS脚本需要使用js引擎编译，脚本:function unnamed_18(){ with(Math){ return -magicattacka*0.2;}; }
22:43:54.354 [main] ERROR BATTLE - 3:JS脚本需要使用js引擎编译，脚本:function unnamed_154(){ with(Math){ return _95003_<=6;}; }
22:43:54.355 [main] ERROR BATTLE - 3:JS脚本需要使用js引擎编译，脚本:function unnamed_28(){ with(Math){ return -(magicattacka*1.3-magicdefb+2*gradea)*0.5;}; }
22:43:54.357 [main] ERROR BATTLE - 3:JS脚本需要使用js引擎编译，脚本:function unnamed_36(){ with(Math){ return -(phyattacka*10-defendb+1*gradea+max((phyattacka-phyattackb)*0.05,0));}; }
22:43:54.358 [main] ERROR BATTLE - 3:JS脚本需要使用js引擎编译，脚本:function unnamed_182(){ with(Math){ return _99054_>=1;}; }
22:43:54.360 [main] ERROR BATTLE - 3:JS脚本需要使用js引擎编译，脚本:function unnamed_225(){ with(Math){ return !_508014_;}; }
22:43:54.361 [main] ERROR BATTLE - 3:JS脚本需要使用js引擎编译，脚本:function unnamed_69(){ with(Math){ return gradea*0.87;}; }
22:43:54.362 [main] ERROR BATTLE - 3:JS脚本需要使用js引擎编译，脚本:function unnamed_164(){ with(Math){ return _95003_=4;}; }
22:43:54.364 [main] ERROR BATTLE - 3:JS脚本需要使用js引擎编译，脚本:function unnamed_175(){ with(Math){ return _99047_>=1;}; }
22:43:54.365 [main] ERROR BATTLE - 3:JS脚本需要使用js引擎编译，脚本:function unnamed_181(){ with(Math){ return _99053_>=1;}; }
22:43:54.366 [main] ERROR BATTLE - 3:JS脚本需要使用js引擎编译，脚本:function unnamed_134(){ with(Math){ return (400*MonsterLv*0.011*(MonsterNum*0.083+MasterNum*0.1245)*min(max(1-0.2*floor(abs(MonsterLv-RoleLv)/5),0.1),1)*(1-IsDbPoint)+400*MonsterLv*0.13*(MonsterNum*0.083+MasterNum*0.1245)*min(max(1-0.2*floor(abs(MonsterLv-RoleLv)/5),0.1),1)*IsDbPoint)*(random()*(1.02-0.98)+0.98);}; }
22:43:54.368 [main] ERROR BATTLE - 3:JS脚本需要使用js引擎编译，脚本:function unnamed_176(){ with(Math){ return _99048_>=1;}; }
22:43:54.369 [main] ERROR BATTLE - 3:JS脚本需要使用js引擎编译，脚本:function unnamed_39(){ with(Math){ return -(phyattacka*1.50-defendb+1*skilllevela)*2.5;}; }
22:43:54.371 [main] ERROR BATTLE - 3:JS脚本需要使用js引擎编译，脚本:function unnamed_120(){ with(Math){ return (15)+(TeamNum-1)*15+RoleLv*140;}; }
22:43:54.372 [main] ERROR BATTLE - 3:JS脚本需要使用js引擎编译，脚本:function unnamed_51(){ with(Math){ return -(magicattacka*0.8-magicdefb+2*gradea)*(0.5+0.05*(2-preaimcount));}; }
22:43:54.374 [main] ERROR BATTLE - 3:JS脚本需要使用js引擎编译，脚本:function unnamed_82(){ with(Math){ return gradea*0.14;}; }
22:43:54.375 [main] ERROR BATTLE - 3:JS脚本需要使用js引擎编译，脚本:function unnamed_32(){ with(Math){ return -maxhpb*0.3;}; }
22:43:54.377 [main] ERROR BATTLE - 3:JS脚本需要使用js引擎编译，脚本:function unnamed_54(){ with(Math){ return -(magicattacka*3.5-magicdefb+2*skilllevela)*0.5;}; }
22:43:54.379 [main] ERROR BATTLE - 3:JS脚本需要使用js引擎编译，脚本:function unnamed_95(){ with(Math){ return gradea*0.75;}; }
22:43:54.380 [main] ERROR BATTLE - 3:JS脚本需要使用js引擎编译，脚本:function unnamed_158(){ with(Math){ return _95003_<=10;}; }
22:43:54.382 [main] ERROR BATTLE - 3:JS脚本需要使用js引擎编译，脚本:function unnamed_19(){ with(Math){ return medicala*1.1+3*skilllevela;}; }
22:43:54.383 [main] ERROR BATTLE - 3:JS脚本需要使用js引擎编译，脚本:function unnamed_72(){ with(Math){ return gradea*1.4;}; }
22:43:54.384 [main] ERROR BATTLE - 3:JS脚本需要使用js引擎编译，脚本:function unnamed_139(){ with(Math){ return 105800+floor(RoleLv/10)*440+(200+floor(RoleLv/10)*40*(Ring-1));}; }
22:43:54.386 [main] ERROR BATTLE - 3:JS脚本需要使用js引擎编译，脚本:function unnamed_108(){ with(Math){ return -(phyattacka*1.2-defendb+1*gradea);}; }
22:43:54.387 [main] ERROR BATTLE - 3:JS脚本需要使用js引擎编译，脚本:function unnamed_117(){ with(Math){ return RoleLv*50;}; }
22:43:54.391 [main] ERROR BATTLE - 3:JS脚本需要使用js引擎编译，脚本:function unnamed_155(){ with(Math){ return _95003_<=7;}; }
22:43:54.392 [main] ERROR BATTLE - 3:JS脚本需要使用js引擎编译，脚本:function unnamed_220(){ with(Math){ return !_501402_;}; }
22:43:54.394 [main] ERROR BATTLE - 3:JS脚本需要使用js引擎编译，脚本:function unnamed_21(){ with(Math){ return -(magicattacka*1.3-magicdefb+2*gradea)*0.5*(1.2+(0.6+0.2*skilllevela)*(1-curmpb/maxmpb));}; }
22:43:54.395 [main] ERROR BATTLE - 3:JS脚本需要使用js引擎编译，脚本:function unnamed_116(){ with(Math){ return 1600*RoleLv*0.067*(0.74+0.02*Time)*(random()*(1.02-0.98)+0.98);}; }
22:43:54.397 [main] ERROR BATTLE - 3:JS脚本需要使用js引擎编译，脚本:function unnamed_5(){ with(Math){ return -(phyattacka*1-defendb+1*gradea)*(0.25+0.05*skilllevela);}; }
22:43:54.398 [main] ERROR BATTLE - 3:JS脚本需要使用js引擎编译，脚本:function unnamed_226(){ with(Math){ return !_508008_;}; }
22:43:54.400 [main] ERROR BATTLE - 3:JS脚本需要使用js引擎编译，脚本:function unnamed_210(){ with(Math){ return _94041_>=1;}; }
22:43:54.401 [main] ERROR BATTLE - 3:JS脚本需要使用js引擎编译，脚本:function unnamed_205(){ with(Math){ return _99049_>=5;}; }
22:43:54.402 [main] ERROR BATTLE - 3:JS脚本需要使用js引擎编译，脚本:function unnamed_217(){ with(Math){ return !_508237_;}; }
22:43:54.404 [main] ERROR BATTLE - 3:JS脚本需要使用js引擎编译，脚本:function unnamed_47(){ with(Math){ return -(phyattacka*1.25-defendb+1*gradea+max((phyattacka-phyattackb)*0.25,0));}; }
22:43:54.405 [main] ERROR BATTLE - 3:JS脚本需要使用js引擎编译，脚本:function unnamed_149(){ with(Math){ return _94056_>=4;}; }
22:43:54.407 [main] ERROR BATTLE - 3:JS脚本需要使用js引擎编译，脚本:function unnamed_195(){ with(Math){ return _99058_<1;}; }
22:43:54.408 [main] ERROR BATTLE - 3:JS脚本需要使用js引擎编译，脚本:function unnamed_148(){ with(Math){ return _99039_>=1;}; }
22:43:54.427 [main] ERROR BATTLE - 3:JS脚本需要使用js引擎编译，脚本:function unnamed_187(){ with(Math){ return _99059_>=1;}; }
22:43:54.429 [main] ERROR BATTLE - 3:JS脚本需要使用js引擎编译，脚本:function unnamed_24(){ with(Math){ return 2*skilllevela+50;}; }
22:43:54.430 [main] ERROR BATTLE - 3:JS脚本需要使用js引擎编译，脚本:function unnamed_96(){ with(Math){ return gradea*0.0875;}; }
22:43:54.432 [main] ERROR BATTLE - 3:JS脚本需要使用js引擎编译，脚本:function unnamed_165(){ with(Math){ return _95003_=5;}; }
22:43:54.433 [main] ERROR BATTLE - 3:JS脚本需要使用js引擎编译，脚本:function unnamed_113(){ with(Math){ return -(phyattacka*0.5-defendb+1*gradea);}; }
22:43:54.434 [main] ERROR BATTLE - 3:JS脚本需要使用js引擎编译，脚本:function unnamed_105(){ with(Math){ return gradea*3.5;}; }
22:43:54.436 [main] ERROR BATTLE - 3:JS脚本需要使用js引擎编译，脚本:function unnamed_125(){ with(Math){ return (15)+(TeamNum-1)*15+RoleLv*3;}; }
22:43:54.438 [main] ERROR BATTLE - 3:JS脚本需要使用js引擎编译，脚本:function unnamed_11(){ with(Math){ return -(phyattacka*0.45-defendb+1*skilllevela);}; }
22:43:54.439 [main] ERROR BATTLE - 3:JS脚本需要使用js引擎编译，脚本:function unnamed_112(){ with(Math){ return -(phyattacka*0.65-defendb+1*gradea);}; }
22:43:54.441 [main] ERROR BATTLE - 3:JS脚本需要使用js引擎编译，脚本:function unnamed_137(){ with(Math){ return 500*RoleLv*1.215*(0.88+0.03);}; }
22:43:54.442 [main] ERROR BATTLE - 3:JS脚本需要使用js引擎编译，脚本:function unnamed_171(){ with(Math){ return _99042_>=3;}; }
22:43:54.443 [main] ERROR BATTLE - 3:JS脚本需要使用js引擎编译，脚本:function unnamed_202(){ with(Math){ return _99062_>=3;}; }
22:43:54.445 [main] ERROR BATTLE - 3:JS脚本需要使用js引擎编译，脚本:function unnamed_79(){ with(Math){ return gradea*1;}; }
22:43:54.446 [main] ERROR BATTLE - 3:JS脚本需要使用js引擎编译，脚本:function unnamed_87(){ with(Math){ return gradea*0.378;}; }
22:43:54.448 [main] ERROR BATTLE - 3:JS脚本需要使用js引擎编译，脚本:function unnamed_8(){ with(Math){ return -(magicattacka*1.2-magicdefb+2*skilllevela)*(0.5+0.05*(4-preaimcount));}; }
22:43:54.449 [main] ERROR BATTLE - 3:JS脚本需要使用js引擎编译，脚本:function unnamed_99(){ with(Math){ return gradea*0.3;}; }
22:43:54.450 [main] ERROR BATTLE - 3:JS脚本需要使用js引擎编译，脚本:function unnamed_193(){ with(Math){ return _99056_<1;}; }
22:43:54.452 [main] ERROR BATTLE - 3:JS脚本需要使用js引擎编译，脚本:function unnamed_88(){ with(Math){ return gradea*0.875;}; }
22:43:54.453 [main] ERROR BATTLE - 3:JS脚本需要使用js引擎编译，脚本:function unnamed_67(){ with(Math){ return gradea*0.32;}; }
22:43:54.454 [main] ERROR BATTLE - 3:JS脚本需要使用js引擎编译，脚本:function unnamed_224(){ with(Math){ return _503001_;}; }
22:43:54.456 [main] ERROR BATTLE - 3:JS脚本需要使用js引擎编译，脚本:function unnamed_52(){ with(Math){ return -(phyattacka*0.55-defendb+1*gradea);}; }
22:43:54.457 [main] ERROR BATTLE - 3:JS脚本需要使用js引擎编译，脚本:function unnamed_152(){ with(Math){ return _95003_<=4;}; }
22:43:54.459 [main] ERROR BATTLE - 3:JS脚本需要使用js引擎编译，脚本:function unnamed_198(){ with(Math){ return _99061_<1;}; }
22:43:54.461 [main] ERROR BATTLE - 3:JS脚本需要使用js引擎编译，脚本:function unnamed_223(){ with(Math){ return _509081_;}; }
22:43:54.462 [main] ERROR BATTLE - 3:JS脚本需要使用js引擎编译，脚本:function unnamed_38(){ with(Math){ return -(phyattacka*1.45-defendb+1*skilllevela)*2.5;}; }
22:43:54.463 [main] ERROR BATTLE - 3:JS脚本需要使用js引擎编译，脚本:function unnamed_203(){ with(Math){ return _99066_>=1;}; }
22:43:54.465 [main] ERROR BATTLE - 3:JS脚本需要使用js引擎编译，脚本:function unnamed_221(){ with(Math){ return !_508002_;}; }
22:43:54.466 [main] ERROR BATTLE - 3:JS脚本需要使用js引擎编译，脚本:function unnamed_65(){ with(Math){ return gradea*0.28;}; }
22:43:54.467 [main] ERROR BATTLE - 3:JS脚本需要使用js引擎编译，脚本:function unnamed_201(){ with(Math){ return _99062_>=2;}; }
22:43:54.469 [main] ERROR BATTLE - 3:JS脚本需要使用js引擎编译，脚本:function unnamed_94(){ with(Math){ return gradea*0.075;}; }
22:43:54.470 [main] ERROR BATTLE - 3:JS脚本需要使用js引擎编译，脚本:function unnamed_90(){ with(Math){ return gradea*0.05;}; }
22:43:54.472 [main] ERROR BATTLE - 3:JS脚本需要使用js引擎编译，脚本:function unnamed_44(){ with(Math){ return -magicattacka*2.2;}; }
22:43:54.473 [main] ERROR BATTLE - 3:JS脚本需要使用js引擎编译，脚本:function unnamed_46(){ with(Math){ return -(phyattacka*0.45-defendb+1*gradea);}; }
22:43:54.474 [main] ERROR BATTLE - 3:JS脚本需要使用js引擎编译，脚本:function unnamed_111(){ with(Math){ return 0.35*maxhpb;}; }
22:43:54.476 [main] ERROR BATTLE - 3:JS脚本需要使用js引擎编译，脚本:function unnamed_121(){ with(Math){ return (15)+(TeamNum-1)*15+RoleLv*150;}; }
22:43:54.477 [main] ERROR BATTLE - 3:JS脚本需要使用js引擎编译，脚本:function unnamed_142(){ with(Math){ return _94019_<1;}; }
22:43:54.478 [main] ERROR BATTLE - 3:JS脚本需要使用js引擎编译，脚本:function unnamed_188(){ with(Math){ return _99060_>=1;}; }
22:43:54.480 [main] ERROR BATTLE - 3:JS脚本需要使用js引擎编译，脚本:function unnamed_191(){ with(Math){ return _99054_<1;}; }
22:43:54.481 [main] ERROR BATTLE - 3:JS脚本需要使用js引擎编译，脚本:function unnamed_212(){ with(Math){ return _99074_>=1;}; }
22:43:54.482 [main] ERROR BATTLE - 3:JS脚本需要使用js引擎编译，脚本:function unnamed_166(){ with(Math){ return _95003_=6;}; }
22:43:54.484 [main] ERROR BATTLE - 3:JS脚本需要使用js引擎编译，脚本:function unnamed_162(){ with(Math){ return _97001_>=4;}; }
22:43:54.485 [main] ERROR BATTLE - 3:JS脚本需要使用js引擎编译，脚本:function unnamed_126(){ with(Math){ return (15)+(TeamNum-1)*15+RoleLv*4;}; }
22:43:54.486 [main] ERROR BATTLE - 3:JS脚本需要使用js引擎编译，脚本:function unnamed_9(){ with(Math){ return 0.7+0.002*(skilllevela-gradeb)+(enhanceseala-resistsealb);}; }
22:43:54.488 [main] ERROR BATTLE - 3:JS脚本需要使用js引擎编译，脚本:function unnamed_12(){ with(Math){ return 16*skilllevela;}; }
22:43:54.489 [main] ERROR BATTLE - 3:JS脚本需要使用js引擎编译，脚本:function unnamed_204(){ with(Math){ return _99067_>=1;}; }
22:43:54.490 [main] ERROR BATTLE - 3:JS脚本需要使用js引擎编译，脚本:function unnamed_219(){ with(Math){ return !_503001_;}; }
22:43:54.492 [main] ERROR BATTLE - 3:JS脚本需要使用js引擎编译，脚本:function unnamed_59(){ with(Math){ return gradea*0.16;}; }
22:43:54.493 [main] ERROR BATTLE - 3:JS脚本需要使用js引擎编译，脚本:function unnamed_118(){ with(Math){ return (15)+(TeamNum-1)*15+RoleLv*100;}; }
22:43:54.495 [main] ERROR BATTLE - 3:JS脚本需要使用js引擎编译，脚本:function unnamed_214(){ with(Math){ return _501901_;}; }
22:43:54.496 [main] ERROR BATTLE - 3:JS脚本需要使用js引擎编译，脚本:function unnamed_189(){ with(Math){ return _99061_>=1;}; }
22:43:54.497 [main] ERROR BATTLE - 3:JS脚本需要使用js引擎编译，脚本:function unnamed_30(){ with(Math){ return -maxhpb*0.1;}; }
22:43:54.499 [main] ERROR BATTLE - 3:JS脚本需要使用js引擎编译，脚本:function unnamed_216(){ with(Math){ return !_508236_;}; }
22:43:54.500 [main] ERROR BATTLE - 3:JS脚本需要使用js引擎编译，脚本:function unnamed_62(){ with(Math){ return gradea*0.125;}; }
22:43:54.501 [main] ERROR BATTLE - 3:JS脚本需要使用js引擎编译，脚本:function unnamed_163(){ with(Math){ return _99040_>=2;}; }
22:43:54.503 [main] ERROR BATTLE - 3:JS脚本需要使用js引擎编译，脚本:function unnamed_81(){ with(Math){ return gradea*1.2;}; }
22:43:54.504 [main] ERROR BATTLE - 3:JS脚本需要使用js引擎编译，脚本:function unnamed_153(){ with(Math){ return _95003_<=5;}; }
22:43:54.505 [main] ERROR BATTLE - 3:JS脚本需要使用js引擎编译，脚本:function unnamed_170(){ with(Math){ return _99041_>=3;}; }
22:43:54.507 [main] ERROR BATTLE - 3:JS脚本需要使用js引擎编译，脚本:function unnamed_173(){ with(Math){ return _99044_<1;}; }
22:43:54.508 [main] ERROR BATTLE - 3:JS脚本需要使用js引擎编译，脚本:function unnamed_200(){ with(Math){ return _99062_>=1;}; }
22:43:54.509 [main] ERROR BATTLE - 3:JS脚本需要使用js引擎编译，脚本:function unnamed_159(){ with(Math){ return _96232_>=1;}; }
22:43:54.511 [main] ERROR BATTLE - 3:JS脚本需要使用js引擎编译，脚本:function unnamed_4(){ with(Math){ return 0.15*maxhpb;}; }
22:43:54.512 [main] ERROR BATTLE - 3:JS脚本需要使用js引擎编译，脚本:function unnamed_78(){ with(Math){ return gradea*0.08;}; }
22:43:54.513 [main] ERROR BATTLE - 3:JS脚本需要使用js引擎编译，脚本:function unnamed_3(){ with(Math){ return -(phyattacka*0.55-defendb+1*skilllevela);}; }
22:43:54.515 [main] ERROR BATTLE - 3:JS脚本需要使用js引擎编译，脚本:function unnamed_77(){ with(Math){ return gradea*0.0014;}; }
22:43:54.516 [main] ERROR BATTLE - 3:JS脚本需要使用js引擎编译，脚本:function unnamed_133(){ with(Math){ return 3000*RoleLv;}; }
22:43:54.517 [main] ERROR BATTLE - 3:JS脚本需要使用js引擎编译，脚本:function unnamed_76(){ with(Math){ return gradea*0.001225;}; }
22:43:54.519 [main] ERROR BATTLE - 3:JS脚本需要使用js引擎编译，脚本:function unnamed_86(){ with(Math){ return gradea*0.3375;}; }
22:43:54.520 [main] ERROR BATTLE - 3:JS脚本需要使用js引擎编译，脚本:function unnamed_167(){ with(Math){ return _95003_=7;}; }
22:43:54.521 [main] ERROR BATTLE - 3:JS脚本需要使用js引擎编译，脚本:function unnamed_15(){ with(Math){ return -(magicattacka*1.8-magicdefb+2*skilllevela)*(0.5+0.05*(4-preaimcount));}; }
22:43:54.523 [main] ERROR BATTLE - 3:JS脚本需要使用js引擎编译，脚本:function unnamed_50(){ with(Math){ return -(magicattacka*0.5-magicdefb+2*gradea)*(0.5+0.05*(2-preaimcount));}; }
22:43:54.524 [main] ERROR BATTLE - 3:JS脚本需要使用js引擎编译，脚本:function unnamed_123(){ with(Math){ return (15)+(TeamNum-1)*15+RoleLv*1;}; }
22:43:54.526 [main] ERROR BATTLE - 3:JS脚本需要使用js引擎编译，脚本:function unnamed_103(){ with(Math){ return gradea*3;}; }
22:43:54.528 [main] ERROR BATTLE - 3:JS脚本需要使用js引擎编译，脚本:function unnamed_13(){ with(Math){ return ((medicala*0.5+skilllevela*1.4)+abs(maindamage)*0.1)*(1+healrevisea)*(1+medicaljiashena/1000);}; }
22:43:54.529 [main] ERROR BATTLE - 3:JS脚本需要使用js引擎编译，脚本:function unnamed_71(){ with(Math){ return gradea*1.22;}; }
22:43:54.530 [main] ERROR BATTLE - 3:JS脚本需要使用js引擎编译，脚本:function unnamed_138(){ with(Math){ return Ring+3;}; }
22:43:54.532 [main] ERROR BATTLE - 3:JS脚本需要使用js引擎编译，脚本:function unnamed_60(){ with(Math){ return gradea*0.1;}; }
22:43:54.533 [main] ERROR BATTLE - 3:JS脚本需要使用js引擎编译，脚本:function unnamed_180(){ with(Math){ return _94014_>=7;}; }
22:43:54.534 [main] ERROR BATTLE - 3:JS脚本需要使用js引擎编译，脚本:function unnamed_147(){ with(Math){ return _99038_>=1;}; }
22:43:54.536 [main] ERROR BATTLE - 3:JS脚本需要使用js引擎编译，脚本:function unnamed_186(){ with(Math){ return _99058_>=1;}; }
22:43:54.537 [main] ERROR BATTLE - 3:JS脚本需要使用js引擎编译，脚本:function unnamed_115(){ with(Math){ return (15)+(TeamNum-1)*15+RoleLv*160;}; }
22:43:54.539 [main] ERROR BATTLE - 3:JS脚本需要使用js引擎编译，脚本:function unnamed_34(){ with(Math){ return -maxhpb*0.6;}; }
22:43:54.540 [main] ERROR BATTLE - 3:JS脚本需要使用js引擎编译，脚本:function unnamed_215(){ with(Math){ return _501402_;}; }
22:43:54.541 [main] ERROR BATTLE - 3:JS脚本需要使用js引擎编译，脚本:function unnamed_150(){ with(Math){ return _95003_<=2;}; }
22:43:54.542 [main] ERROR BATTLE - 3:JS脚本需要使用js引擎编译，脚本:function unnamed_0(){ with(Math){ return -(phyattacka*1.3-defendb+1*skilllevela);}; }
22:43:54.544 [main] ERROR BATTLE - 3:JS脚本需要使用js引擎编译，脚本:function unnamed_66(){ with(Math){ return gradea*0.175;}; }
22:43:54.545 [main] ERROR BATTLE - 3:JS脚本需要使用js引擎编译，脚本:function unnamed_55(){ with(Math){ return -(phyattacka*1-defendb+7*gradea);}; }
22:43:54.547 [main] ERROR BATTLE - 3:JS脚本需要使用js引擎编译，脚本:function unnamed_22(){ with(Math){ return medicala+1.2*skilllevela;}; }
22:43:54.549 [main] ERROR BATTLE - 3:JS脚本需要使用js引擎编译，脚本:function unnamed_222(){ with(Math){ return !_508006_;}; }
22:43:54.550 [main] ERROR BATTLE - 3:JS脚本需要使用js引擎编译，脚本:function unnamed_41(){ with(Math){ return -(phyattacka*1.60-defendb+1*skilllevela)*2.5;}; }
22:43:54.552 [main] ERROR BATTLE - 3:JS脚本需要使用js引擎编译，脚本:function unnamed_136(){ with(Math){ return RoleLv*200;}; }
22:43:54.553 [main] ERROR BATTLE - 3:JS脚本需要使用js引擎编译，脚本:function unnamed_7(){ with(Math){ return 9*skilllevela;}; }
22:43:54.554 [main] ERROR BATTLE - 3:JS脚本需要使用js引擎编译，脚本:function unnamed_192(){ with(Math){ return _99055_<1;}; }
22:43:54.556 [main] ERROR BATTLE - 3:JS脚本需要使用js引擎编译，脚本:function unnamed_101(){ with(Math){ return gradea*0.45;}; }
22:43:54.557 [main] ERROR BATTLE - 3:JS脚本需要使用js引擎编译，脚本:function unnamed_6(){ with(Math){ return -(phyattacka*1.45-defendb+1*skilllevela);}; }
22:43:54.558 [main] ERROR BATTLE - 3:JS脚本需要使用js引擎编译，脚本:function unnamed_53(){ with(Math){ return abs(maindamage)*0.20;}; }
22:43:54.560 [main] ERROR BATTLE - 3:JS脚本需要使用js引擎编译，脚本:function unnamed_92(){ with(Math){ return gradea*0.0625;}; }
22:43:54.561 [main] ERROR BATTLE - 3:JS脚本需要使用js引擎编译，脚本:function unnamed_177(){ with(Math){ return _94056_>=3;}; }
22:43:54.562 [main] ERROR BATTLE - 3:JS脚本需要使用js引擎编译，脚本:function unnamed_104(){ with(Math){ return gradea*3.25;}; }
22:43:54.564 [main] ERROR BATTLE - 3:JS脚本需要使用js引擎编译，脚本:function unnamed_25(){ with(Math){ return 0.7*maxhpb;}; }
22:43:54.565 [main] ERROR BATTLE - 3:JS脚本需要使用js引擎编译，脚本:function unnamed_1(){ with(Math){ return -(phyattacka*1.35-defendb+1*skilllevela);}; }
22:43:54.567 [main] ERROR BATTLE - 3:JS脚本需要使用js引擎编译，脚本:function unnamed_124(){ with(Math){ return (15)+(TeamNum-1)*15+RoleLv*2;}; }
22:43:54.568 [main] ERROR BATTLE - 3:JS脚本需要使用js引擎编译，脚本:function unnamed_168(){ with(Math){ return _95003_=8;}; }
22:43:54.569 [main] ERROR BATTLE - 3:JS脚本需要使用js引擎编译，脚本:function unnamed_45(){ with(Math){ return -magicattacka*1.6;}; }
22:43:54.571 [main] ERROR BATTLE - 3:JS脚本需要使用js引擎编译，脚本:function unnamed_89(){ with(Math){ return gradea*1.225;}; }
22:43:54.572 [main] ERROR BATTLE - 3:JS脚本需要使用js引擎编译，脚本:function unnamed_146(){ with(Math){ return _99037_>=1;}; }
22:43:54.573 [main] ERROR BATTLE - 3:JS脚本需要使用js引擎编译，脚本:function unnamed_10(){ with(Math){ return gradea*2;}; }
22:43:54.575 [main] ERROR BATTLE - 3:JS脚本需要使用js引擎编译，脚本:function unnamed_35(){ with(Math){ return -maxhpb*0.7;}; }
22:43:54.576 [main] ERROR BATTLE - 3:JS脚本需要使用js引擎编译，脚本:function unnamed_61(){ with(Math){ return gradea*0.2;}; }
22:43:54.578 [main] ERROR BATTLE - 3:JS脚本需要使用js引擎编译，脚本:function unnamed_114(){ with(Math){ return -magicattacka*0.7;}; }
22:43:54.579 [main] ERROR BATTLE - 3:JS脚本需要使用js引擎编译，脚本:function unnamed_85(){ with(Math){ return gradea*0.2835;}; }
22:43:54.581 [main] ERROR BATTLE - 3:JS脚本需要使用js引擎编译，脚本:function unnamed_57(){ with(Math){ return 10+gradea;}; }
22:43:54.582 [main] ERROR BATTLE - 3:JS脚本需要使用js引擎编译，脚本:function unnamed_145(){ with(Math){ return _99036_>=1;}; }
22:43:54.583 [main] ERROR BATTLE - 3:JS脚本需要使用js引擎编译，脚本:function unnamed_151(){ with(Math){ return _95003_<=3;}; }
22:43:54.585 [main] ERROR BATTLE - 3:JS脚本需要使用js引擎编译，脚本:function unnamed_106(){ with(Math){ return gradea*3.75;}; }
22:43:54.586 [main] ERROR BATTLE - 3:JS脚本需要使用js引擎编译，脚本:function unnamed_160(){ with(Math){ return _96234_>=1;}; }
22:43:54.594 [main] ERROR BATTLE - 3:JS脚本需要使用js引擎编译，脚本:function unnamed_178(){ with(Math){ return _99049_>=1;}; }
22:43:54.596 [main] ERROR BATTLE - 3:JS脚本需要使用js引擎编译，脚本:function unnamed_84(){ with(Math){ return gradea*0.2362;}; }
22:43:54.597 [main] ERROR BATTLE - 3:JS脚本需要使用js引擎编译，脚本:function unnamed_197(){ with(Math){ return _99060_<1;}; }
22:43:54.598 [main] ERROR BATTLE - 3:JS脚本需要使用js引擎编译，脚本:function unnamed_14(){ with(Math){ return ((medicala*0.2+skilllevela*1.2)+abs(maindamage)*0.08)*(1+healrevisea)*(1+medicaljiashena/1000);}; }
22:43:54.600 [main] ERROR BATTLE - 3:JS脚本需要使用js引擎编译，脚本:function unnamed_42(){ with(Math){ return -(phyattacka*1.10-defendb+1*skilllevela)*2.5;}; }
22:43:54.607 [main] ERROR BATTLE - 3:JS脚本需要使用js引擎编译，脚本:function unnamed_194(){ with(Math){ return _99057_<1;}; }
22:43:54.609 [main] ERROR BATTLE - 3:JS脚本需要使用js引擎编译，脚本:function unnamed_211(){ with(Math){ return _99065_>=3;}; }
22:43:54.610 [main] ERROR BATTLE - 3:JS脚本需要使用js引擎编译，脚本:function unnamed_131(){ with(Math){ return (1*RoleLv*1.3)*(random()*(1.02-0.98)+0.98);}; }
22:43:54.612 [main] ERROR BATTLE - 3:JS脚本需要使用js引擎编译，脚本:function unnamed_27(){ with(Math){ return 10+1.3*skilllevela;}; }
22:43:54.613 [main] ERROR BATTLE - 3:JS脚本需要使用js引擎编译，脚本:function unnamed_128(){ with(Math){ return RoleLv*1.7+20;}; }
22:43:54.614 [main] ERROR BATTLE - 3:JS脚本需要使用js引擎编译，脚本:function unnamed_169(){ with(Math){ return _95003_=9;}; }
22:43:54.616 [main] ERROR BATTLE - 3:JS脚本需要使用js引擎编译，脚本:function unnamed_135(){ with(Math){ return (400*MonsterLv*0.017*(MonsterNum*0.083+MasterNum*0.1245)*min(max(1-0.2*floor(abs(MonsterLv-RoleLv)/5),0.1),1)*(1-IsDbPoint)+400*MonsterLv*0.13*(MonsterNum*0.083+MasterNum*0.1245)*min(max(1-0.2*floor(abs(MonsterLv-RoleLv)/5),0.1),1)*IsDbPoint)*(random()*(1.02-0.98)+0.98);}; }
22:43:54.628 [main] ERROR BATTLE - 3:JS脚本需要使用js引擎编译，脚本:function unnamed_20(){ with(Math){ return medicala+3*skilllevela*2;}; }
22:43:54.630 [main] ERROR BATTLE - 3:JS脚本需要使用js引擎编译，脚本:function unnamed_68(){ with(Math){ return gradea*0.7;}; }
22:43:54.631 [main] ERROR BATTLE - 3:JS脚本需要使用js引擎编译，脚本:function unnamed_43(){ with(Math){ return -magicattacka*3;}; }
22:43:54.632 [main] ERROR BATTLE - 3:JS脚本需要使用js引擎编译，脚本:function unnamed_172(){ with(Math){ return _99043_>=1;}; }
22:43:54.634 [main] ERROR BATTLE - 3:JS脚本需要使用js引擎编译，脚本:function unnamed_196(){ with(Math){ return _99059_<1;}; }
22:43:54.635 [main] ERROR BATTLE - 3:JS脚本需要使用js引擎编译，脚本:function unnamed_207(){ with(Math){ return _99071_>=1;}; }
22:43:54.636 [main] ERROR BATTLE - 3:JS脚本需要使用js引擎编译，脚本:function unnamed_93(){ with(Math){ return gradea*0.625;}; }
22:43:54.638 [main] ERROR BATTLE - 3:JS脚本需要使用js引擎编译，脚本:function unnamed_83(){ with(Math){ return gradea*0.189;}; }
22:43:54.651 [main] ERROR BATTLE - 3:JS脚本需要使用js引擎编译，脚本:function unnamed_119(){ with(Math){ return (15)+(TeamNum-1)*15+RoleLv*120;}; }
22:43:54.652 [main] ERROR BATTLE - 3:JS脚本需要使用js引擎编译，脚本:function unnamed_33(){ with(Math){ return -maxhpb*0.4;}; }
22:43:54.654 [main] ERROR BATTLE - 3:JS脚本需要使用js引擎编译，脚本:function unnamed_227(){ with(Math){ return 1*TeamNum+5;}; }
22:43:54.655 [main] ERROR BATTLE - 3:JS脚本需要使用js引擎编译，脚本:function unnamed_174(){ with(Math){ return _99045_<1;}; }
22:43:54.660 [main] ERROR BATTLE - 3:JS脚本需要使用js引擎编译，脚本:function unnamed_74(){ with(Math){ return gradea*0.000875;}; }
22:43:54.661 [main] ERROR BATTLE - 3:JS脚本需要使用js引擎编译，脚本:function unnamed_156(){ with(Math){ return _95003_<=8;}; }
22:43:54.662 [main] ERROR BATTLE - 3:JS脚本需要使用js引擎编译，脚本:function unnamed_37(){ with(Math){ return -(phyattacka*1.40-defendb+1*skilllevela)*2.5;}; }
22:43:54.663 [main] ERROR BATTLE - 3:JS脚本需要使用js引擎编译，脚本:function unnamed_199(){ with(Math){ return _96001_/_96002_<0.1;}; }
22:43:54.665 [main] ERROR BATTLE - 3:JS脚本需要使用js引擎编译，脚本:function unnamed_209(){ with(Math){ return _99072_<1;}; }
22:43:54.666 [main] ERROR BATTLE - 3:JS脚本需要使用js引擎编译，脚本:function unnamed_23(){ with(Math){ return (medicala+1.2*skilllevela)*0.4;}; }
22:43:54.667 [main] ERROR BATTLE - 3:JS脚本需要使用js引擎编译，脚本:function unnamed_70(){ with(Math){ return gradea*1.05;}; }
22:43:54.668 [main] ERROR BATTLE - 3:JS脚本需要使用js引擎编译，脚本:function unnamed_63(){ with(Math){ return gradea*0.24;}; }
22:43:54.670 [main] ERROR BATTLE - 3:JS脚本需要使用js引擎编译，脚本:function unnamed_98(){ with(Math){ return gradea*0.85;}; }
22:43:54.671 [main] ERROR BATTLE - 3:JS脚本需要使用js引擎编译，脚本:function unnamed_144(){ with(Math){ return _94056_>=1;}; }
22:43:54.672 [main] ERROR BATTLE - 3:JS脚本需要使用js引擎编译，脚本:function unnamed_141(){ with(Math){ return (500*RoleLv*0.05)*(random()*(1.02-0.98)+0.98)*0.5;}; }
22:43:54.674 [main] ERROR BATTLE - 3:JS脚本需要使用js引擎编译，脚本:function unnamed_143(){ with(Math){ return _99065_>=4;}; }
22:43:54.675 [main] ERROR BATTLE - 3:JS脚本需要使用js引擎编译，脚本:function unnamed_185(){ with(Math){ return _99057_>=1;}; }
22:43:54.676 [main] ERROR BATTLE - 3:JS脚本需要使用js引擎编译，脚本:function unnamed_107(){ with(Math){ return gradea*4;}; }
22:43:54.678 [main] ERROR BATTLE - 3:JS脚本需要使用js引擎编译，脚本:function unnamed_206(){ with(Math){ return _99068_>=1;}; }
22:43:54.679 [main] ERROR BATTLE - 3:JS脚本需要使用js引擎编译，脚本:function unnamed_58(){ with(Math){ return -(magicattacka*1.2-magicdefb+2*gradea)*(0.5+0.05*(2-preaimcount));}; }
22:43:54.680 [main] ERROR BATTLE - 3:JS脚本需要使用js引擎编译，脚本:function unnamed_100(){ with(Math){ return gradea*0.375;}; }
22:43:54.681 [main] ERROR BATTLE - 3:JS脚本需要使用js引擎编译，脚本:function unnamed_56(){ with(Math){ return -(magicattacka*3.5-magicdefb+2*skilllevela)*0.3;}; }
22:43:54.683 [main] ERROR BATTLE - 3:JS脚本需要使用js引擎编译，脚本:function unnamed_26(){ with(Math){ return -(speeda*0.1+7*skilllevela)*1.1;}; }
22:43:54.684 [main] ERROR BATTLE - 3:JS脚本需要使用js引擎编译，脚本:function unnamed_75(){ with(Math){ return gradea*0.00105;}; }
22:43:54.685 [main] ERROR BATTLE - 3:JS脚本需要使用js引擎编译，脚本:function unnamed_80(){ with(Math){ return gradea*0.12;}; }
22:43:54.687 [main] ERROR BATTLE - 3:JS脚本需要使用js引擎编译，脚本:function unnamed_40(){ with(Math){ return -(phyattacka*1.55-defendb+1*skilllevela)*2.5;}; }
22:43:54.688 [main] ERROR BATTLE - 3:JS脚本需要使用js引擎编译，脚本:function unnamed_157(){ with(Math){ return _95003_<=9;}; }
22:43:54.689 [main] ERROR BATTLE - 3:JS脚本需要使用js引擎编译，脚本:function unnamed_140(){ with(Math){ return (5000*RoleLv*0.05)*(random()*(1.02-0.98)+0.98)*(1-min(5-TeamNum,2)*0.15);}; }
22:43:54.691 [main] ERROR BATTLE - 3:JS脚本需要使用js引擎编译，脚本:function unnamed_184(){ with(Math){ return _99056_>=1;}; }
22:43:54.692 [main] ERROR BATTLE - 3:JS脚本需要使用js引擎编译，脚本:function unnamed_122(){ with(Math){ return RoleLv*10;}; }
22:43:54.693 [main] ERROR BATTLE - 3:JS脚本需要使用js引擎编译，脚本:function unnamed_48(){ with(Math){ return -(phyattacka*2-defendb+1*gradea);}; }
22:43:54.695 [main] ERROR BATTLE - 3:JS脚本需要使用js引擎编译，脚本:function unnamed_110(){ with(Math){ return 0.3*maxhpb;}; }
22:43:54.696 [main] ERROR BATTLE - 3:JS脚本需要使用js引擎编译，脚本:function unnamed_2(){ with(Math){ return -(phyattacka*0.65-defendb+1*skilllevela);}; }
22:43:54.698 [main] ERROR BATTLE - 3:JS脚本需要使用js引擎编译，脚本:function unnamed_109(){ with(Math){ return 0.05*maxhpb;}; }
22:43:54.699 [main] ERROR BATTLE - 3:JS脚本需要使用js引擎编译，脚本:function unnamed_208(){ with(Math){ return _99070_==1;}; }
22:43:54.700 [main] ERROR BATTLE - 3:JS脚本需要使用js引擎编译，脚本:function unnamed_179(){ with(Math){ return _99052_>=1;}; }
22:43:54.702 [main] ERROR BATTLE - 3:JS脚本需要使用js引擎编译，脚本:function unnamed_29(){ with(Math){ return -(magicattacka*1.8-magicdefb+2*gradea)*0.5;}; }
22:43:54.704 [main] ERROR BATTLE - 3:JS脚本需要使用js引擎编译，脚本:function unnamed_218(){ with(Math){ return !_509951_;}; }
22:43:54.706 [main] ERROR BATTLE - 3:JS脚本需要使用js引擎编译，脚本:function unnamed_213(){ with(Math){ return _502003_;}; }
22:43:54.707 [main] ERROR BATTLE - 3:JS脚本需要使用js引擎编译，脚本:function unnamed_132(){ with(Math){ return 2000*RoleLv;}; }
22:43:54.708 [main] ERROR BATTLE - 3:JS脚本需要使用js引擎编译，脚本:function unnamed_97(){ with(Math){ return gradea*0.65;}; }
22:43:54.710 [main] ERROR BATTLE - 3:JS脚本需要使用js引擎编译，脚本:function unnamed_161(){ with(Math){ return _95003_=3;}; }
22:43:54.711 [main] ERROR BATTLE - 3:JS脚本需要使用js引擎编译，脚本:function unnamed_183(){ with(Math){ return _99055_>=1;}; }
22:43:54.712 [main] ERROR BATTLE - 3:JS脚本需要使用js引擎编译，脚本:function unnamed_129(){ with(Math){ return (1*RoleLv*11)*(random()*(1.02-0.98)+0.98);}; }
22:43:54.713 [main] ERROR BATTLE - 3:JS脚本需要使用js引擎编译，脚本:function unnamed_17(){ with(Math){ return abs(maindamage)*1;}; }
22:43:54.715 [main] ERROR BATTLE - 3:JS脚本需要使用js引擎编译，脚本:function unnamed_49(){ with(Math){ return phyattacka*1.25-defendb+1*gradea;}; }
22:43:54.716 [main] ERROR BATTLE - 3:JS脚本需要使用js引擎编译，脚本:function unnamed_127(){ with(Math){ return (15)+(TeamNum-1)*15+RoleLv*5;}; }
22:43:54.718 [main] ERROR BATTLE - 3:JS脚本需要使用js引擎编译，脚本:function unnamed_73(){ with(Math){ return gradea*0.0007;}; }
22:43:54.719 [main] ERROR BATTLE - 3:JS脚本需要使用js引擎编译，脚本:function unnamed_91(){ with(Math){ return gradea*0.5;}; }
22:43:54.720 [main] ERROR BATTLE - 3:JS脚本需要使用js引擎编译，脚本:function unnamed_64(){ with(Math){ return gradea*0.15;}; }
22:43:54.722 [main] ERROR BATTLE - 3:JS脚本需要使用js引擎编译，脚本:function unnamed_190(){ with(Math){ return _99053_<1;}; }
22:43:54.723 [main] ERROR BATTLE - 3:JS脚本需要使用js引擎编译，脚本:function unnamed_102(){ with(Math){ return gradea*0.525;}; }
22:43:54.724 [main] ERROR BATTLE - 3:JS脚本需要使用js引擎编译，脚本:function unnamed_31(){ with(Math){ return -maxhpb*0.2;}; }
22:43:54.726 [main] ERROR BATTLE - 3:JS脚本需要使用js引擎编译，脚本:function unnamed_130(){ with(Math){ return (1*RoleLv*0.94)*(random()*(1.02-0.98)+0.98);}; }
22:43:54.727 [main] ERROR BATTLE - 3:JS脚本需要使用js引擎编译，脚本:function unnamed_16(){ with(Math){ return abs(maindamage)*0.35;}; }
22:43:54.728 [main] ERROR BATTLE - 3:JS脚本需要使用js引擎编译，脚本:function unnamed_18(){ with(Math){ return -magicattacka*0.2;}; }
22:43:54.730 [main] ERROR BATTLE - 3:JS脚本需要使用js引擎编译，脚本:function unnamed_154(){ with(Math){ return _95003_<=6;}; }
22:43:54.731 [main] ERROR BATTLE - 3:JS脚本需要使用js引擎编译，脚本:function unnamed_28(){ with(Math){ return -(magicattacka*1.3-magicdefb+2*gradea)*0.5;}; }
22:43:54.732 [main] ERROR BATTLE - 3:JS脚本需要使用js引擎编译，脚本:function unnamed_36(){ with(Math){ return -(phyattacka*10-defendb+1*gradea+max((phyattacka-phyattackb)*0.05,0));}; }
22:43:54.733 [main] ERROR BATTLE - 3:JS脚本需要使用js引擎编译，脚本:function unnamed_182(){ with(Math){ return _99054_>=1;}; }
22:43:54.735 [main] ERROR BATTLE - 3:JS脚本需要使用js引擎编译，脚本:function unnamed_225(){ with(Math){ return !_508014_;}; }
22:43:54.736 [main] ERROR BATTLE - 3:JS脚本需要使用js引擎编译，脚本:function unnamed_69(){ with(Math){ return gradea*0.87;}; }
22:43:54.737 [main] ERROR BATTLE - 3:JS脚本需要使用js引擎编译，脚本:function unnamed_164(){ with(Math){ return _95003_=4;}; }
22:43:54.738 [main] ERROR BATTLE - 3:JS脚本需要使用js引擎编译，脚本:function unnamed_175(){ with(Math){ return _99047_>=1;}; }
22:43:54.740 [main] ERROR BATTLE - 3:JS脚本需要使用js引擎编译，脚本:function unnamed_181(){ with(Math){ return _99053_>=1;}; }
22:43:54.741 [main] ERROR BATTLE - 3:JS脚本需要使用js引擎编译，脚本:function unnamed_134(){ with(Math){ return (400*MonsterLv*0.011*(MonsterNum*0.083+MasterNum*0.1245)*min(max(1-0.2*floor(abs(MonsterLv-RoleLv)/5),0.1),1)*(1-IsDbPoint)+400*MonsterLv*0.13*(MonsterNum*0.083+MasterNum*0.1245)*min(max(1-0.2*floor(abs(MonsterLv-RoleLv)/5),0.1),1)*IsDbPoint)*(random()*(1.02-0.98)+0.98);}; }
22:43:54.743 [main] ERROR BATTLE - 3:JS脚本需要使用js引擎编译，脚本:function unnamed_176(){ with(Math){ return _99048_>=1;}; }
22:43:54.744 [main] ERROR BATTLE - 3:JS脚本需要使用js引擎编译，脚本:function unnamed_39(){ with(Math){ return -(phyattacka*1.50-defendb+1*skilllevela)*2.5;}; }
22:43:54.745 [main] ERROR BATTLE - 3:JS脚本需要使用js引擎编译，脚本:function unnamed_120(){ with(Math){ return (15)+(TeamNum-1)*15+RoleLv*140;}; }
22:43:54.747 [main] ERROR BATTLE - 3:JS脚本需要使用js引擎编译，脚本:function unnamed_51(){ with(Math){ return -(magicattacka*0.8-magicdefb+2*gradea)*(0.5+0.05*(2-preaimcount));}; }
22:43:54.748 [main] ERROR BATTLE - 3:JS脚本需要使用js引擎编译，脚本:function unnamed_82(){ with(Math){ return gradea*0.14;}; }
22:43:54.749 [main] ERROR BATTLE - 3:JS脚本需要使用js引擎编译，脚本:function unnamed_32(){ with(Math){ return -maxhpb*0.3;}; }
22:43:54.751 [main] ERROR BATTLE - 3:JS脚本需要使用js引擎编译，脚本:function unnamed_54(){ with(Math){ return -(magicattacka*3.5-magicdefb+2*skilllevela)*0.5;}; }
22:43:54.753 [main] ERROR BATTLE - 3:JS脚本需要使用js引擎编译，脚本:function unnamed_95(){ with(Math){ return gradea*0.75;}; }
22:43:54.754 [main] ERROR BATTLE - 3:JS脚本需要使用js引擎编译，脚本:function unnamed_158(){ with(Math){ return _95003_<=10;}; }
22:43:54.755 [main] ERROR BATTLE - 3:JS脚本需要使用js引擎编译，脚本:function unnamed_19(){ with(Math){ return medicala*1.1+3*skilllevela;}; }
22:43:54.756 [main] ERROR BATTLE - 3:JS脚本需要使用js引擎编译，脚本:function unnamed_72(){ with(Math){ return gradea*1.4;}; }
22:43:54.758 [main] ERROR BATTLE - 3:JS脚本需要使用js引擎编译，脚本:function unnamed_139(){ with(Math){ return 105800+floor(RoleLv/10)*440+(200+floor(RoleLv/10)*40*(Ring-1));}; }
22:43:54.759 [main] ERROR BATTLE - 3:JS脚本需要使用js引擎编译，脚本:function unnamed_108(){ with(Math){ return -(phyattacka*1.2-defendb+1*gradea);}; }
22:43:54.760 [main] ERROR BATTLE - 3:JS脚本需要使用js引擎编译，脚本:function unnamed_117(){ with(Math){ return RoleLv*50;}; }
22:43:54.762 [main] ERROR BATTLE - 3:JS脚本需要使用js引擎编译，脚本:function unnamed_155(){ with(Math){ return _95003_<=7;}; }
22:43:54.763 [main] ERROR BATTLE - 3:JS脚本需要使用js引擎编译，脚本:function unnamed_220(){ with(Math){ return !_501402_;}; }
22:43:54.764 [main] ERROR BATTLE - 3:JS脚本需要使用js引擎编译，脚本:function unnamed_21(){ with(Math){ return -(magicattacka*1.3-magicdefb+2*gradea)*0.5*(1.2+(0.6+0.2*skilllevela)*(1-curmpb/maxmpb));}; }
22:43:54.766 [main] ERROR BATTLE - 3:JS脚本需要使用js引擎编译，脚本:function unnamed_116(){ with(Math){ return 1600*RoleLv*0.067*(0.74+0.02*Time)*(random()*(1.02-0.98)+0.98);}; }
22:43:54.767 [main] ERROR BATTLE - 3:JS脚本需要使用js引擎编译，脚本:function unnamed_5(){ with(Math){ return -(phyattacka*1-defendb+1*gradea)*(0.25+0.05*skilllevela);}; }
22:43:54.774 [main] ERROR BATTLE - 3:JS脚本需要使用js引擎编译，脚本:function unnamed_226(){ with(Math){ return !_508008_;}; }
22:43:54.776 [main] ERROR BATTLE - 3:JS脚本需要使用js引擎编译，脚本:function unnamed_210(){ with(Math){ return _94041_>=1;}; }
22:43:54.777 [main] ERROR BATTLE - 3:JS脚本需要使用js引擎编译，脚本:function unnamed_205(){ with(Math){ return _99049_>=5;}; }
22:43:54.778 [main] ERROR BATTLE - 3:JS脚本需要使用js引擎编译，脚本:function unnamed_217(){ with(Math){ return !_508237_;}; }
22:43:54.780 [main] ERROR BATTLE - 3:JS脚本需要使用js引擎编译，脚本:function unnamed_47(){ with(Math){ return -(phyattacka*1.25-defendb+1*gradea+max((phyattacka-phyattackb)*0.25,0));}; }
22:43:54.781 [main] ERROR BATTLE - 3:JS脚本需要使用js引擎编译，脚本:function unnamed_149(){ with(Math){ return _94056_>=4;}; }
22:43:54.782 [main] ERROR BATTLE - 3:JS脚本需要使用js引擎编译，脚本:function unnamed_195(){ with(Math){ return _99058_<1;}; }
22:43:54.784 [main] ERROR BATTLE - 3:JS脚本需要使用js引擎编译，脚本:function unnamed_148(){ with(Math){ return _99039_>=1;}; }
22:43:54.785 [main] ERROR BATTLE - 3:JS脚本需要使用js引擎编译，脚本:function unnamed_187(){ with(Math){ return _99059_>=1;}; }
22:43:54.786 [main] ERROR BATTLE - 3:JS脚本需要使用js引擎编译，脚本:function unnamed_24(){ with(Math){ return 2*skilllevela+50;}; }
22:43:54.788 [main] ERROR BATTLE - 3:JS脚本需要使用js引擎编译，脚本:function unnamed_96(){ with(Math){ return gradea*0.0875;}; }
22:43:54.789 [main] ERROR BATTLE - 3:JS脚本需要使用js引擎编译，脚本:function unnamed_165(){ with(Math){ return _95003_=5;}; }
22:43:54.791 [main] ERROR BATTLE - 3:JS脚本需要使用js引擎编译，脚本:function unnamed_113(){ with(Math){ return -(phyattacka*0.5-defendb+1*gradea);}; }
22:43:54.792 [main] ERROR BATTLE - 3:JS脚本需要使用js引擎编译，脚本:function unnamed_105(){ with(Math){ return gradea*3.5;}; }
22:43:54.793 [main] ERROR BATTLE - 3:JS脚本需要使用js引擎编译，脚本:function unnamed_125(){ with(Math){ return (15)+(TeamNum-1)*15+RoleLv*3;}; }
22:43:54.795 [main] ERROR BATTLE - 3:JS脚本需要使用js引擎编译，脚本:function unnamed_11(){ with(Math){ return -(phyattacka*0.45-defendb+1*skilllevela);}; }
22:43:54.796 [main] ERROR BATTLE - 3:JS脚本需要使用js引擎编译，脚本:function unnamed_112(){ with(Math){ return -(phyattacka*0.65-defendb+1*gradea);}; }
22:43:54.797 [main] ERROR BATTLE - 3:JS脚本需要使用js引擎编译，脚本:function unnamed_137(){ with(Math){ return 500*RoleLv*1.215*(0.88+0.03);}; }
22:43:54.799 [main] ERROR BATTLE - 3:JS脚本需要使用js引擎编译，脚本:function unnamed_171(){ with(Math){ return _99042_>=3;}; }
22:43:54.800 [main] ERROR BATTLE - 3:JS脚本需要使用js引擎编译，脚本:function unnamed_202(){ with(Math){ return _99062_>=3;}; }
22:43:54.801 [main] ERROR BATTLE - 3:JS脚本需要使用js引擎编译，脚本:function unnamed_79(){ with(Math){ return gradea*1;}; }
22:43:54.802 [main] ERROR BATTLE - 3:JS脚本需要使用js引擎编译，脚本:function unnamed_87(){ with(Math){ return gradea*0.378;}; }
22:43:54.804 [main] ERROR BATTLE - 3:JS脚本需要使用js引擎编译，脚本:function unnamed_8(){ with(Math){ return -(magicattacka*1.2-magicdefb+2*skilllevela)*(0.5+0.05*(4-preaimcount));}; }
22:43:54.805 [main] ERROR BATTLE - 3:JS脚本需要使用js引擎编译，脚本:function unnamed_99(){ with(Math){ return gradea*0.3;}; }
22:43:54.806 [main] ERROR BATTLE - 3:JS脚本需要使用js引擎编译，脚本:function unnamed_193(){ with(Math){ return _99056_<1;}; }
22:43:54.808 [main] ERROR BATTLE - 3:JS脚本需要使用js引擎编译，脚本:function unnamed_88(){ with(Math){ return gradea*0.875;}; }
22:43:54.809 [main] ERROR BATTLE - 3:JS脚本需要使用js引擎编译，脚本:function unnamed_67(){ with(Math){ return gradea*0.32;}; }
22:43:54.810 [main] ERROR BATTLE - 3:JS脚本需要使用js引擎编译，脚本:function unnamed_224(){ with(Math){ return _503001_;}; }
22:43:54.811 [main] ERROR BATTLE - 3:JS脚本需要使用js引擎编译，脚本:function unnamed_52(){ with(Math){ return -(phyattacka*0.55-defendb+1*gradea);}; }
22:43:54.813 [main] ERROR BATTLE - 3:JS脚本需要使用js引擎编译，脚本:function unnamed_152(){ with(Math){ return _95003_<=4;}; }
22:43:54.814 [main] ERROR BATTLE - 3:JS脚本需要使用js引擎编译，脚本:function unnamed_198(){ with(Math){ return _99061_<1;}; }
22:43:54.815 [main] ERROR BATTLE - 3:JS脚本需要使用js引擎编译，脚本:function unnamed_223(){ with(Math){ return _509081_;}; }
22:43:54.817 [main] ERROR BATTLE - 3:JS脚本需要使用js引擎编译，脚本:function unnamed_38(){ with(Math){ return -(phyattacka*1.45-defendb+1*skilllevela)*2.5;}; }
22:43:54.818 [main] ERROR BATTLE - 3:JS脚本需要使用js引擎编译，脚本:function unnamed_203(){ with(Math){ return _99066_>=1;}; }
22:43:54.819 [main] ERROR BATTLE - 3:JS脚本需要使用js引擎编译，脚本:function unnamed_221(){ with(Math){ return !_508002_;}; }
22:43:54.821 [main] ERROR BATTLE - 3:JS脚本需要使用js引擎编译，脚本:function unnamed_65(){ with(Math){ return gradea*0.28;}; }
22:43:54.823 [main] ERROR BATTLE - 3:JS脚本需要使用js引擎编译，脚本:function unnamed_201(){ with(Math){ return _99062_>=2;}; }
22:43:54.824 [main] ERROR BATTLE - 3:JS脚本需要使用js引擎编译，脚本:function unnamed_94(){ with(Math){ return gradea*0.075;}; }
22:43:54.825 [main] ERROR BATTLE - 3:JS脚本需要使用js引擎编译，脚本:function unnamed_90(){ with(Math){ return gradea*0.05;}; }
22:43:54.826 [main] ERROR BATTLE - 3:JS脚本需要使用js引擎编译，脚本:function unnamed_44(){ with(Math){ return -magicattacka*2.2;}; }
22:43:54.828 [main] ERROR BATTLE - 3:JS脚本需要使用js引擎编译，脚本:function unnamed_46(){ with(Math){ return -(phyattacka*0.45-defendb+1*gradea);}; }
22:43:54.829 [main] ERROR BATTLE - 3:JS脚本需要使用js引擎编译，脚本:function unnamed_111(){ with(Math){ return 0.35*maxhpb;}; }
22:43:54.830 [main] ERROR BATTLE - 3:JS脚本需要使用js引擎编译，脚本:function unnamed_121(){ with(Math){ return (15)+(TeamNum-1)*15+RoleLv*150;}; }
22:43:54.842 [main] ERROR BATTLE - 3:JS脚本需要使用js引擎编译，脚本:function unnamed_142(){ with(Math){ return _94019_<1;}; }
22:43:54.843 [main] ERROR BATTLE - 3:JS脚本需要使用js引擎编译，脚本:function unnamed_188(){ with(Math){ return _99060_>=1;}; }
22:43:54.845 [main] ERROR BATTLE - 3:JS脚本需要使用js引擎编译，脚本:function unnamed_191(){ with(Math){ return _99054_<1;}; }
22:43:54.846 [main] ERROR BATTLE - 3:JS脚本需要使用js引擎编译，脚本:function unnamed_212(){ with(Math){ return _99074_>=1;}; }
22:43:54.847 [main] ERROR BATTLE - 3:JS脚本需要使用js引擎编译，脚本:function unnamed_166(){ with(Math){ return _95003_=6;}; }
22:43:54.849 [main] ERROR BATTLE - 3:JS脚本需要使用js引擎编译，脚本:function unnamed_162(){ with(Math){ return _97001_>=4;}; }
22:43:54.850 [main] ERROR BATTLE - 3:JS脚本需要使用js引擎编译，脚本:function unnamed_126(){ with(Math){ return (15)+(TeamNum-1)*15+RoleLv*4;}; }
22:43:54.851 [main] ERROR BATTLE - 3:JS脚本需要使用js引擎编译，脚本:function unnamed_9(){ with(Math){ return 0.7+0.002*(skilllevela-gradeb)+(enhanceseala-resistsealb);}; }
22:43:54.853 [main] ERROR BATTLE - 3:JS脚本需要使用js引擎编译，脚本:function unnamed_12(){ with(Math){ return 16*skilllevela;}; }
22:43:54.854 [main] ERROR BATTLE - 3:JS脚本需要使用js引擎编译，脚本:function unnamed_204(){ with(Math){ return _99067_>=1;}; }
22:43:54.855 [main] ERROR BATTLE - 3:JS脚本需要使用js引擎编译，脚本:function unnamed_219(){ with(Math){ return !_503001_;}; }
22:43:54.857 [main] ERROR BATTLE - 3:JS脚本需要使用js引擎编译，脚本:function unnamed_59(){ with(Math){ return gradea*0.16;}; }
22:43:54.858 [main] ERROR BATTLE - 3:JS脚本需要使用js引擎编译，脚本:function unnamed_118(){ with(Math){ return (15)+(TeamNum-1)*15+RoleLv*100;}; }
22:43:54.859 [main] ERROR BATTLE - 3:JS脚本需要使用js引擎编译，脚本:function unnamed_214(){ with(Math){ return _501901_;}; }
22:43:54.860 [main] ERROR BATTLE - 3:JS脚本需要使用js引擎编译，脚本:function unnamed_189(){ with(Math){ return _99061_>=1;}; }
22:43:54.862 [main] ERROR BATTLE - 3:JS脚本需要使用js引擎编译，脚本:function unnamed_30(){ with(Math){ return -maxhpb*0.1;}; }
22:43:54.864 [main] ERROR BATTLE - 3:JS脚本需要使用js引擎编译，脚本:function unnamed_216(){ with(Math){ return !_508236_;}; }
22:43:54.865 [main] ERROR BATTLE - 3:JS脚本需要使用js引擎编译，脚本:function unnamed_62(){ with(Math){ return gradea*0.125;}; }
22:43:54.866 [main] ERROR BATTLE - 3:JS脚本需要使用js引擎编译，脚本:function unnamed_163(){ with(Math){ return _99040_>=2;}; }
22:43:54.867 [main] ERROR BATTLE - 3:JS脚本需要使用js引擎编译，脚本:function unnamed_81(){ with(Math){ return gradea*1.2;}; }
22:43:54.869 [main] ERROR BATTLE - 3:JS脚本需要使用js引擎编译，脚本:function unnamed_153(){ with(Math){ return _95003_<=5;}; }
22:43:54.870 [main] ERROR BATTLE - 3:JS脚本需要使用js引擎编译，脚本:function unnamed_170(){ with(Math){ return _99041_>=3;}; }
22:43:54.871 [main] ERROR BATTLE - 3:JS脚本需要使用js引擎编译，脚本:function unnamed_173(){ with(Math){ return _99044_<1;}; }
22:43:54.873 [main] ERROR BATTLE - 3:JS脚本需要使用js引擎编译，脚本:function unnamed_200(){ with(Math){ return _99062_>=1;}; }
22:43:54.874 [main] ERROR BATTLE - 3:JS脚本需要使用js引擎编译，脚本:function unnamed_159(){ with(Math){ return _96232_>=1;}; }
22:43:54.875 [main] ERROR BATTLE - 3:JS脚本需要使用js引擎编译，脚本:function unnamed_4(){ with(Math){ return 0.15*maxhpb;}; }
22:43:54.876 [main] ERROR BATTLE - 3:JS脚本需要使用js引擎编译，脚本:function unnamed_78(){ with(Math){ return gradea*0.08;}; }
22:43:54.878 [main] ERROR BATTLE - 3:JS脚本需要使用js引擎编译，脚本:function unnamed_3(){ with(Math){ return -(phyattacka*0.55-defendb+1*skilllevela);}; }
22:43:54.879 [main] ERROR BATTLE - 3:JS脚本需要使用js引擎编译，脚本:function unnamed_77(){ with(Math){ return gradea*0.0014;}; }
22:43:54.880 [main] ERROR BATTLE - 3:JS脚本需要使用js引擎编译，脚本:function unnamed_133(){ with(Math){ return 3000*RoleLv;}; }
22:43:54.882 [main] ERROR BATTLE - 3:JS脚本需要使用js引擎编译，脚本:function unnamed_76(){ with(Math){ return gradea*0.001225;}; }
22:43:54.883 [main] ERROR BATTLE - 3:JS脚本需要使用js引擎编译，脚本:function unnamed_86(){ with(Math){ return gradea*0.3375;}; }
22:43:54.884 [main] ERROR BATTLE - 3:JS脚本需要使用js引擎编译，脚本:function unnamed_167(){ with(Math){ return _95003_=7;}; }
22:43:54.886 [main] ERROR BATTLE - 3:JS脚本需要使用js引擎编译，脚本:function unnamed_15(){ with(Math){ return -(magicattacka*1.8-magicdefb+2*skilllevela)*(0.5+0.05*(4-preaimcount));}; }
22:43:54.887 [main] ERROR BATTLE - 3:JS脚本需要使用js引擎编译，脚本:function unnamed_50(){ with(Math){ return -(magicattacka*0.5-magicdefb+2*gradea)*(0.5+0.05*(2-preaimcount));}; }
22:43:54.888 [main] ERROR BATTLE - 3:JS脚本需要使用js引擎编译，脚本:function unnamed_123(){ with(Math){ return (15)+(TeamNum-1)*15+RoleLv*1;}; }
22:43:54.889 [main] ERROR BATTLE - 3:JS脚本需要使用js引擎编译，脚本:function unnamed_103(){ with(Math){ return gradea*3;}; }
22:43:54.891 [main] ERROR BATTLE - 3:JS脚本需要使用js引擎编译，脚本:function unnamed_13(){ with(Math){ return ((medicala*0.5+skilllevela*1.4)+abs(maindamage)*0.1)*(1+healrevisea)*(1+medicaljiashena/1000);}; }
22:43:54.892 [main] ERROR BATTLE - 3:JS脚本需要使用js引擎编译，脚本:function unnamed_71(){ with(Math){ return gradea*1.22;}; }
22:43:54.893 [main] ERROR BATTLE - 3:JS脚本需要使用js引擎编译，脚本:function unnamed_138(){ with(Math){ return Ring+3;}; }
22:43:54.895 [main] ERROR BATTLE - 3:JS脚本需要使用js引擎编译，脚本:function unnamed_60(){ with(Math){ return gradea*0.1;}; }
22:43:54.896 [main] ERROR BATTLE - 3:JS脚本需要使用js引擎编译，脚本:function unnamed_180(){ with(Math){ return _94014_>=7;}; }
22:43:54.897 [main] ERROR BATTLE - 3:JS脚本需要使用js引擎编译，脚本:function unnamed_147(){ with(Math){ return _99038_>=1;}; }
22:43:54.898 [main] ERROR BATTLE - 3:JS脚本需要使用js引擎编译，脚本:function unnamed_186(){ with(Math){ return _99058_>=1;}; }
22:43:54.900 [main] ERROR BATTLE - 3:JS脚本需要使用js引擎编译，脚本:function unnamed_115(){ with(Math){ return (15)+(TeamNum-1)*15+RoleLv*160;}; }
22:43:54.901 [main] ERROR BATTLE - 3:JS脚本需要使用js引擎编译，脚本:function unnamed_34(){ with(Math){ return -maxhpb*0.6;}; }
22:43:54.902 [main] ERROR BATTLE - 3:JS脚本需要使用js引擎编译，脚本:function unnamed_215(){ with(Math){ return _501402_;}; }
22:43:54.907 [main] ERROR BATTLE - 3:JS脚本需要使用js引擎编译，脚本:function unnamed_150(){ with(Math){ return _95003_<=2;}; }
22:43:54.908 [main] ERROR BATTLE - 3:JS脚本需要使用js引擎编译，脚本:function unnamed_0(){ with(Math){ return -(phyattacka*1.3-defendb+1*skilllevela);}; }
22:43:54.910 [main] ERROR BATTLE - 3:JS脚本需要使用js引擎编译，脚本:function unnamed_66(){ with(Math){ return gradea*0.175;}; }
22:43:54.911 [main] ERROR BATTLE - 3:JS脚本需要使用js引擎编译，脚本:function unnamed_55(){ with(Math){ return -(phyattacka*1-defendb+7*gradea);}; }
22:43:54.912 [main] ERROR BATTLE - 3:JS脚本需要使用js引擎编译，脚本:function unnamed_22(){ with(Math){ return medicala+1.2*skilllevela;}; }
22:43:54.914 [main] ERROR BATTLE - 3:JS脚本需要使用js引擎编译，脚本:function unnamed_222(){ with(Math){ return !_508006_;}; }
22:43:54.915 [main] ERROR BATTLE - 3:JS脚本需要使用js引擎编译，脚本:function unnamed_41(){ with(Math){ return -(phyattacka*1.60-defendb+1*skilllevela)*2.5;}; }
22:43:54.917 [main] ERROR BATTLE - 3:JS脚本需要使用js引擎编译，脚本:function unnamed_136(){ with(Math){ return RoleLv*200;}; }
22:43:54.918 [main] ERROR BATTLE - 3:JS脚本需要使用js引擎编译，脚本:function unnamed_7(){ with(Math){ return 9*skilllevela;}; }
22:43:54.920 [main] ERROR BATTLE - 3:JS脚本需要使用js引擎编译，脚本:function unnamed_192(){ with(Math){ return _99055_<1;}; }
22:43:54.921 [main] ERROR BATTLE - 3:JS脚本需要使用js引擎编译，脚本:function unnamed_101(){ with(Math){ return gradea*0.45;}; }
22:43:54.922 [main] ERROR BATTLE - 3:JS脚本需要使用js引擎编译，脚本:function unnamed_6(){ with(Math){ return -(phyattacka*1.45-defendb+1*skilllevela);}; }
22:43:54.923 [main] ERROR BATTLE - 3:JS脚本需要使用js引擎编译，脚本:function unnamed_53(){ with(Math){ return abs(maindamage)*0.20;}; }
22:43:54.925 [main] ERROR BATTLE - 3:JS脚本需要使用js引擎编译，脚本:function unnamed_92(){ with(Math){ return gradea*0.0625;}; }
22:43:54.933 [main] ERROR BATTLE - 3:JS脚本需要使用js引擎编译，脚本:function unnamed_177(){ with(Math){ return _94056_>=3;}; }
22:43:54.934 [main] ERROR BATTLE - 3:JS脚本需要使用js引擎编译，脚本:function unnamed_104(){ with(Math){ return gradea*3.25;}; }
22:43:54.935 [main] ERROR BATTLE - 3:JS脚本需要使用js引擎编译，脚本:function unnamed_25(){ with(Math){ return 0.7*maxhpb;}; }
22:43:54.936 [main] ERROR BATTLE - 3:JS脚本需要使用js引擎编译，脚本:function unnamed_1(){ with(Math){ return -(phyattacka*1.35-defendb+1*skilllevela);}; }
22:43:54.938 [main] ERROR BATTLE - 3:JS脚本需要使用js引擎编译，脚本:function unnamed_124(){ with(Math){ return (15)+(TeamNum-1)*15+RoleLv*2;}; }
22:43:54.939 [main] ERROR BATTLE - 3:JS脚本需要使用js引擎编译，脚本:function unnamed_168(){ with(Math){ return _95003_=8;}; }
22:43:54.940 [main] ERROR BATTLE - 3:JS脚本需要使用js引擎编译，脚本:function unnamed_45(){ with(Math){ return -magicattacka*1.6;}; }
22:43:54.942 [main] ERROR BATTLE - 3:JS脚本需要使用js引擎编译，脚本:function unnamed_89(){ with(Math){ return gradea*1.225;}; }
22:43:54.943 [main] ERROR BATTLE - 3:JS脚本需要使用js引擎编译，脚本:function unnamed_146(){ with(Math){ return _99037_>=1;}; }
22:43:54.945 [main] ERROR BATTLE - 3:JS脚本需要使用js引擎编译，脚本:function unnamed_10(){ with(Math){ return gradea*2;}; }
22:43:54.946 [main] ERROR BATTLE - 3:JS脚本需要使用js引擎编译，脚本:function unnamed_35(){ with(Math){ return -maxhpb*0.7;}; }
22:43:54.947 [main] ERROR BATTLE - 3:JS脚本需要使用js引擎编译，脚本:function unnamed_61(){ with(Math){ return gradea*0.2;}; }
22:43:54.949 [main] ERROR BATTLE - 3:JS脚本需要使用js引擎编译，脚本:function unnamed_114(){ with(Math){ return -magicattacka*0.7;}; }
22:43:54.951 [main] ERROR BATTLE - 3:JS脚本需要使用js引擎编译，脚本:function unnamed_85(){ with(Math){ return gradea*0.2835;}; }
22:43:54.952 [main] ERROR BATTLE - 3:JS脚本需要使用js引擎编译，脚本:function unnamed_57(){ with(Math){ return 10+gradea;}; }
22:43:54.953 [main] ERROR BATTLE - 3:JS脚本需要使用js引擎编译，脚本:function unnamed_145(){ with(Math){ return _99036_>=1;}; }
22:43:54.955 [main] ERROR BATTLE - 3:JS脚本需要使用js引擎编译，脚本:function unnamed_151(){ with(Math){ return _95003_<=3;}; }
22:43:54.956 [main] ERROR BATTLE - 3:JS脚本需要使用js引擎编译，脚本:function unnamed_106(){ with(Math){ return gradea*3.75;}; }
22:43:54.957 [main] ERROR BATTLE - 3:JS脚本需要使用js引擎编译，脚本:function unnamed_160(){ with(Math){ return _96234_>=1;}; }
22:43:54.963 [main] ERROR BATTLE - 3:JS脚本需要使用js引擎编译，脚本:function unnamed_178(){ with(Math){ return _99049_>=1;}; }
22:43:54.965 [main] ERROR BATTLE - 3:JS脚本需要使用js引擎编译，脚本:function unnamed_84(){ with(Math){ return gradea*0.2362;}; }
22:43:54.966 [main] ERROR BATTLE - 3:JS脚本需要使用js引擎编译，脚本:function unnamed_197(){ with(Math){ return _99060_<1;}; }
22:43:54.968 [main] ERROR BATTLE - 3:JS脚本需要使用js引擎编译，脚本:function unnamed_14(){ with(Math){ return ((medicala*0.2+skilllevela*1.2)+abs(maindamage)*0.08)*(1+healrevisea)*(1+medicaljiashena/1000);}; }
22:43:54.969 [main] ERROR BATTLE - 3:JS脚本需要使用js引擎编译，脚本:function unnamed_42(){ with(Math){ return -(phyattacka*1.10-defendb+1*skilllevela)*2.5;}; }
22:43:54.970 [main] ERROR BATTLE - 3:JS脚本需要使用js引擎编译，脚本:function unnamed_194(){ with(Math){ return _99057_<1;}; }
22:43:54.972 [main] ERROR BATTLE - 3:JS脚本需要使用js引擎编译，脚本:function unnamed_211(){ with(Math){ return _99065_>=3;}; }
22:43:54.973 [main] ERROR BATTLE - 3:JS脚本需要使用js引擎编译，脚本:function unnamed_131(){ with(Math){ return (1*RoleLv*1.3)*(random()*(1.02-0.98)+0.98);}; }
22:43:54.974 [main] ERROR BATTLE - 3:JS脚本需要使用js引擎编译，脚本:function unnamed_27(){ with(Math){ return 10+1.3*skilllevela;}; }
22:43:54.976 [main] ERROR BATTLE - 3:JS脚本需要使用js引擎编译，脚本:function unnamed_128(){ with(Math){ return RoleLv*1.7+20;}; }
22:43:54.977 [main] ERROR BATTLE - 3:JS脚本需要使用js引擎编译，脚本:function unnamed_169(){ with(Math){ return _95003_=9;}; }
22:43:54.978 [main] ERROR BATTLE - 3:JS脚本需要使用js引擎编译，脚本:function unnamed_135(){ with(Math){ return (400*MonsterLv*0.017*(MonsterNum*0.083+MasterNum*0.1245)*min(max(1-0.2*floor(abs(MonsterLv-RoleLv)/5),0.1),1)*(1-IsDbPoint)+400*MonsterLv*0.13*(MonsterNum*0.083+MasterNum*0.1245)*min(max(1-0.2*floor(abs(MonsterLv-RoleLv)/5),0.1),1)*IsDbPoint)*(random()*(1.02-0.98)+0.98);}; }
22:43:54.980 [main] ERROR BATTLE - 3:JS脚本需要使用js引擎编译，脚本:function unnamed_20(){ with(Math){ return medicala+3*skilllevela*2;}; }
22:43:54.982 [main] ERROR BATTLE - 3:JS脚本需要使用js引擎编译，脚本:function unnamed_68(){ with(Math){ return gradea*0.7;}; }
22:43:54.983 [main] ERROR BATTLE - 3:JS脚本需要使用js引擎编译，脚本:function unnamed_43(){ with(Math){ return -magicattacka*3;}; }
22:43:54.984 [main] ERROR BATTLE - 3:JS脚本需要使用js引擎编译，脚本:function unnamed_172(){ with(Math){ return _99043_>=1;}; }
22:43:54.986 [main] ERROR BATTLE - 3:JS脚本需要使用js引擎编译，脚本:function unnamed_196(){ with(Math){ return _99059_<1;}; }
22:43:54.987 [main] ERROR BATTLE - 3:JS脚本需要使用js引擎编译，脚本:function unnamed_207(){ with(Math){ return _99071_>=1;}; }
22:43:54.988 [main] ERROR BATTLE - 3:JS脚本需要使用js引擎编译，脚本:function unnamed_93(){ with(Math){ return gradea*0.625;}; }
22:43:54.990 [main] ERROR BATTLE - 3:JS脚本需要使用js引擎编译，脚本:function unnamed_83(){ with(Math){ return gradea*0.189;}; }
22:43:54.991 [main] ERROR BATTLE - 3:JS脚本需要使用js引擎编译，脚本:function unnamed_119(){ with(Math){ return (15)+(TeamNum-1)*15+RoleLv*120;}; }
22:43:54.992 [main] ERROR BATTLE - 3:JS脚本需要使用js引擎编译，脚本:function unnamed_33(){ with(Math){ return -maxhpb*0.4;}; }
22:43:54.994 [main] ERROR BATTLE - 3:JS脚本需要使用js引擎编译，脚本:function unnamed_227(){ with(Math){ return 1*TeamNum+5;}; }
22:43:54.995 [main] ERROR BATTLE - 3:JS脚本需要使用js引擎编译，脚本:function unnamed_174(){ with(Math){ return _99045_<1;}; }
22:43:54.996 [main] ERROR BATTLE - 3:JS脚本需要使用js引擎编译，脚本:function unnamed_74(){ with(Math){ return gradea*0.000875;}; }
22:43:54.998 [main] ERROR BATTLE - 3:JS脚本需要使用js引擎编译，脚本:function unnamed_156(){ with(Math){ return _95003_<=8;}; }
22:43:54.999 [main] ERROR BATTLE - 3:JS脚本需要使用js引擎编译，脚本:function unnamed_37(){ with(Math){ return -(phyattacka*1.40-defendb+1*skilllevela)*2.5;}; }
22:43:55.001 [main] ERROR BATTLE - 3:JS脚本需要使用js引擎编译，脚本:function unnamed_199(){ with(Math){ return _96001_/_96002_<0.1;}; }
22:43:55.002 [main] ERROR BATTLE - 3:JS脚本需要使用js引擎编译，脚本:function unnamed_209(){ with(Math){ return _99072_<1;}; }
22:43:55.003 [main] ERROR BATTLE - 3:JS脚本需要使用js引擎编译，脚本:function unnamed_23(){ with(Math){ return (medicala+1.2*skilllevela)*0.4;}; }
22:43:55.005 [main] ERROR BATTLE - 3:JS脚本需要使用js引擎编译，脚本:function unnamed_70(){ with(Math){ return gradea*1.05;}; }
22:43:55.006 [main] ERROR BATTLE - 3:JS脚本需要使用js引擎编译，脚本:function unnamed_63(){ with(Math){ return gradea*0.24;}; }
22:43:55.007 [main] ERROR BATTLE - 3:JS脚本需要使用js引擎编译，脚本:function unnamed_98(){ with(Math){ return gradea*0.85;}; }
22:43:55.009 [main] ERROR BATTLE - 3:JS脚本需要使用js引擎编译，脚本:function unnamed_144(){ with(Math){ return _94056_>=1;}; }
22:43:55.010 [main] ERROR BATTLE - 3:JS脚本需要使用js引擎编译，脚本:function unnamed_141(){ with(Math){ return (500*RoleLv*0.05)*(random()*(1.02-0.98)+0.98)*0.5;}; }
22:43:55.012 [main] ERROR BATTLE - 3:JS脚本需要使用js引擎编译，脚本:function unnamed_143(){ with(Math){ return _99065_>=4;}; }
22:43:55.013 [main] ERROR BATTLE - 3:JS脚本需要使用js引擎编译，脚本:function unnamed_185(){ with(Math){ return _99057_>=1;}; }
22:43:55.014 [main] ERROR BATTLE - 3:JS脚本需要使用js引擎编译，脚本:function unnamed_107(){ with(Math){ return gradea*4;}; }
22:43:55.016 [main] ERROR BATTLE - 3:JS脚本需要使用js引擎编译，脚本:function unnamed_206(){ with(Math){ return _99068_>=1;}; }
22:43:55.017 [main] ERROR BATTLE - 3:JS脚本需要使用js引擎编译，脚本:function unnamed_58(){ with(Math){ return -(magicattacka*1.2-magicdefb+2*gradea)*(0.5+0.05*(2-preaimcount));}; }
22:43:55.019 [main] ERROR BATTLE - 3:JS脚本需要使用js引擎编译，脚本:function unnamed_100(){ with(Math){ return gradea*0.375;}; }
22:43:55.020 [main] ERROR BATTLE - 3:JS脚本需要使用js引擎编译，脚本:function unnamed_56(){ with(Math){ return -(magicattacka*3.5-magicdefb+2*skilllevela)*0.3;}; }
22:43:55.022 [main] ERROR BATTLE - 3:JS脚本需要使用js引擎编译，脚本:function unnamed_26(){ with(Math){ return -(speeda*0.1+7*skilllevela)*1.1;}; }
22:43:55.034 [main] ERROR BATTLE - 3:JS脚本需要使用js引擎编译，脚本:function unnamed_75(){ with(Math){ return gradea*0.00105;}; }
22:43:55.036 [main] ERROR BATTLE - 3:JS脚本需要使用js引擎编译，脚本:function unnamed_80(){ with(Math){ return gradea*0.12;}; }
22:43:55.043 [main] ERROR BATTLE - 3:JS脚本需要使用js引擎编译，脚本:function unnamed_40(){ with(Math){ return -(phyattacka*1.55-defendb+1*skilllevela)*2.5;}; }
22:43:55.045 [main] ERROR BATTLE - 3:JS脚本需要使用js引擎编译，脚本:function unnamed_157(){ with(Math){ return _95003_<=9;}; }
22:43:55.046 [main] ERROR BATTLE - 3:JS脚本需要使用js引擎编译，脚本:function unnamed_140(){ with(Math){ return (5000*RoleLv*0.05)*(random()*(1.02-0.98)+0.98)*(1-min(5-TeamNum,2)*0.15);}; }
22:43:55.048 [main] ERROR BATTLE - 3:JS脚本需要使用js引擎编译，脚本:function unnamed_184(){ with(Math){ return _99056_>=1;}; }
22:43:55.050 [main] ERROR BATTLE - 3:JS脚本需要使用js引擎编译，脚本:function unnamed_122(){ with(Math){ return RoleLv*10;}; }
22:43:55.051 [main] ERROR BATTLE - 3:JS脚本需要使用js引擎编译，脚本:function unnamed_48(){ with(Math){ return -(phyattacka*2-defendb+1*gradea);}; }
22:43:55.052 [main] ERROR BATTLE - 3:JS脚本需要使用js引擎编译，脚本:function unnamed_110(){ with(Math){ return 0.3*maxhpb;}; }
22:43:55.054 [main] ERROR BATTLE - 3:JS脚本需要使用js引擎编译，脚本:function unnamed_2(){ with(Math){ return -(phyattacka*0.65-defendb+1*skilllevela);}; }
22:43:55.055 [main] ERROR BATTLE - 3:JS脚本需要使用js引擎编译，脚本:function unnamed_109(){ with(Math){ return 0.05*maxhpb;}; }
22:43:55.057 [main] ERROR BATTLE - 3:JS脚本需要使用js引擎编译，脚本:function unnamed_208(){ with(Math){ return _99070_==1;}; }
22:43:55.058 [main] ERROR BATTLE - 3:JS脚本需要使用js引擎编译，脚本:function unnamed_179(){ with(Math){ return _99052_>=1;}; }
22:43:55.064 [main] ERROR BATTLE - 3:JS脚本需要使用js引擎编译，脚本:function unnamed_29(){ with(Math){ return -(magicattacka*1.8-magicdefb+2*gradea)*0.5;}; }
22:43:55.066 [main] ERROR BATTLE - 3:JS脚本需要使用js引擎编译，脚本:function unnamed_218(){ with(Math){ return !_509951_;}; }
22:43:55.067 [main] ERROR BATTLE - 3:JS脚本需要使用js引擎编译，脚本:function unnamed_213(){ with(Math){ return _502003_;}; }
22:43:55.068 [main] ERROR BATTLE - 3:JS脚本需要使用js引擎编译，脚本:function unnamed_132(){ with(Math){ return 2000*RoleLv;}; }
22:43:55.069 [main] ERROR BATTLE - 3:JS脚本需要使用js引擎编译，脚本:function unnamed_97(){ with(Math){ return gradea*0.65;}; }
22:43:55.071 [main] ERROR BATTLE - 3:JS脚本需要使用js引擎编译，脚本:function unnamed_161(){ with(Math){ return _95003_=3;}; }
22:43:55.072 [main] ERROR BATTLE - 3:JS脚本需要使用js引擎编译，脚本:function unnamed_183(){ with(Math){ return _99055_>=1;}; }
22:43:55.074 [main] ERROR BATTLE - 3:JS脚本需要使用js引擎编译，脚本:function unnamed_129(){ with(Math){ return (1*RoleLv*11)*(random()*(1.02-0.98)+0.98);}; }
22:43:55.075 [main] ERROR BATTLE - 3:JS脚本需要使用js引擎编译，脚本:function unnamed_17(){ with(Math){ return abs(maindamage)*1;}; }
22:43:55.076 [main] ERROR BATTLE - 3:JS脚本需要使用js引擎编译，脚本:function unnamed_49(){ with(Math){ return phyattacka*1.25-defendb+1*gradea;}; }
22:43:55.078 [main] ERROR BATTLE - 3:JS脚本需要使用js引擎编译，脚本:function unnamed_127(){ with(Math){ return (15)+(TeamNum-1)*15+RoleLv*5;}; }
22:43:55.079 [main] ERROR BATTLE - 3:JS脚本需要使用js引擎编译，脚本:function unnamed_73(){ with(Math){ return gradea*0.0007;}; }
22:43:55.081 [main] ERROR BATTLE - 3:JS脚本需要使用js引擎编译，脚本:function unnamed_91(){ with(Math){ return gradea*0.5;}; }
22:43:55.082 [main] ERROR BATTLE - 3:JS脚本需要使用js引擎编译，脚本:function unnamed_64(){ with(Math){ return gradea*0.15;}; }
22:43:55.083 [main] ERROR BATTLE - 3:JS脚本需要使用js引擎编译，脚本:function unnamed_190(){ with(Math){ return _99053_<1;}; }
22:43:55.084 [main] ERROR BATTLE - 3:JS脚本需要使用js引擎编译，脚本:function unnamed_102(){ with(Math){ return gradea*0.525;}; }
22:43:55.086 [main] ERROR BATTLE - 3:JS脚本需要使用js引擎编译，脚本:function unnamed_31(){ with(Math){ return -maxhpb*0.2;}; }
22:43:55.087 [main] ERROR BATTLE - 3:JS脚本需要使用js引擎编译，脚本:function unnamed_130(){ with(Math){ return (1*RoleLv*0.94)*(random()*(1.02-0.98)+0.98);}; }
22:43:55.088 [main] ERROR BATTLE - 3:JS脚本需要使用js引擎编译，脚本:function unnamed_16(){ with(Math){ return abs(maindamage)*0.35;}; }
22:43:55.090 [main] ERROR BATTLE - 3:JS脚本需要使用js引擎编译，脚本:function unnamed_18(){ with(Math){ return -magicattacka*0.2;}; }
22:43:55.091 [main] ERROR BATTLE - 3:JS脚本需要使用js引擎编译，脚本:function unnamed_154(){ with(Math){ return _95003_<=6;}; }
22:43:55.092 [main] ERROR BATTLE - 3:JS脚本需要使用js引擎编译，脚本:function unnamed_28(){ with(Math){ return -(magicattacka*1.3-magicdefb+2*gradea)*0.5;}; }
22:43:55.094 [main] ERROR BATTLE - 3:JS脚本需要使用js引擎编译，脚本:function unnamed_36(){ with(Math){ return -(phyattacka*10-defendb+1*gradea+max((phyattacka-phyattackb)*0.05,0));}; }
22:43:55.095 [main] ERROR BATTLE - 3:JS脚本需要使用js引擎编译，脚本:function unnamed_182(){ with(Math){ return _99054_>=1;}; }
22:43:55.096 [main] ERROR BATTLE - 3:JS脚本需要使用js引擎编译，脚本:function unnamed_225(){ with(Math){ return !_508014_;}; }
22:43:55.098 [main] ERROR BATTLE - 3:JS脚本需要使用js引擎编译，脚本:function unnamed_69(){ with(Math){ return gradea*0.87;}; }
22:43:55.099 [main] ERROR BATTLE - 3:JS脚本需要使用js引擎编译，脚本:function unnamed_164(){ with(Math){ return _95003_=4;}; }
22:43:55.100 [main] ERROR BATTLE - 3:JS脚本需要使用js引擎编译，脚本:function unnamed_175(){ with(Math){ return _99047_>=1;}; }
22:43:55.101 [main] ERROR BATTLE - 3:JS脚本需要使用js引擎编译，脚本:function unnamed_181(){ with(Math){ return _99053_>=1;}; }
22:43:55.103 [main] ERROR BATTLE - 3:JS脚本需要使用js引擎编译，脚本:function unnamed_134(){ with(Math){ return (400*MonsterLv*0.011*(MonsterNum*0.083+MasterNum*0.1245)*min(max(1-0.2*floor(abs(MonsterLv-RoleLv)/5),0.1),1)*(1-IsDbPoint)+400*MonsterLv*0.13*(MonsterNum*0.083+MasterNum*0.1245)*min(max(1-0.2*floor(abs(MonsterLv-RoleLv)/5),0.1),1)*IsDbPoint)*(random()*(1.02-0.98)+0.98);}; }
22:43:55.104 [main] ERROR BATTLE - 3:JS脚本需要使用js引擎编译，脚本:function unnamed_176(){ with(Math){ return _99048_>=1;}; }
22:43:55.106 [main] ERROR BATTLE - 3:JS脚本需要使用js引擎编译，脚本:function unnamed_39(){ with(Math){ return -(phyattacka*1.50-defendb+1*skilllevela)*2.5;}; }
22:43:55.107 [main] ERROR BATTLE - 3:JS脚本需要使用js引擎编译，脚本:function unnamed_120(){ with(Math){ return (15)+(TeamNum-1)*15+RoleLv*140;}; }
22:43:55.108 [main] ERROR BATTLE - 3:JS脚本需要使用js引擎编译，脚本:function unnamed_51(){ with(Math){ return -(magicattacka*0.8-magicdefb+2*gradea)*(0.5+0.05*(2-preaimcount));}; }
22:43:55.110 [main] ERROR BATTLE - 3:JS脚本需要使用js引擎编译，脚本:function unnamed_82(){ with(Math){ return gradea*0.14;}; }
22:43:55.111 [main] ERROR BATTLE - 3:JS脚本需要使用js引擎编译，脚本:function unnamed_32(){ with(Math){ return -maxhpb*0.3;}; }
22:43:55.112 [main] ERROR BATTLE - 3:JS脚本需要使用js引擎编译，脚本:function unnamed_54(){ with(Math){ return -(magicattacka*3.5-magicdefb+2*skilllevela)*0.5;}; }
22:43:55.113 [main] ERROR BATTLE - 3:JS脚本需要使用js引擎编译，脚本:function unnamed_95(){ with(Math){ return gradea*0.75;}; }
22:43:55.115 [main] ERROR BATTLE - 3:JS脚本需要使用js引擎编译，脚本:function unnamed_158(){ with(Math){ return _95003_<=10;}; }
22:43:55.116 [main] ERROR BATTLE - 3:JS脚本需要使用js引擎编译，脚本:function unnamed_19(){ with(Math){ return medicala*1.1+3*skilllevela;}; }
22:43:55.117 [main] ERROR BATTLE - 3:JS脚本需要使用js引擎编译，脚本:function unnamed_72(){ with(Math){ return gradea*1.4;}; }
22:43:55.118 [main] ERROR BATTLE - 3:JS脚本需要使用js引擎编译，脚本:function unnamed_139(){ with(Math){ return 105800+floor(RoleLv/10)*440+(200+floor(RoleLv/10)*40*(Ring-1));}; }
22:43:55.120 [main] ERROR BATTLE - 3:JS脚本需要使用js引擎编译，脚本:function unnamed_108(){ with(Math){ return -(phyattacka*1.2-defendb+1*gradea);}; }
22:43:55.121 [main] ERROR BATTLE - 3:JS脚本需要使用js引擎编译，脚本:function unnamed_117(){ with(Math){ return RoleLv*50;}; }
22:43:55.123 [main] ERROR BATTLE - 3:JS脚本需要使用js引擎编译，脚本:function unnamed_155(){ with(Math){ return _95003_<=7;}; }
22:43:55.124 [main] ERROR BATTLE - 3:JS脚本需要使用js引擎编译，脚本:function unnamed_220(){ with(Math){ return !_501402_;}; }
22:43:55.125 [main] ERROR BATTLE - 3:JS脚本需要使用js引擎编译，脚本:function unnamed_21(){ with(Math){ return -(magicattacka*1.3-magicdefb+2*gradea)*0.5*(1.2+(0.6+0.2*skilllevela)*(1-curmpb/maxmpb));}; }
22:43:55.126 [main] ERROR BATTLE - 3:JS脚本需要使用js引擎编译，脚本:function unnamed_116(){ with(Math){ return 1600*RoleLv*0.067*(0.74+0.02*Time)*(random()*(1.02-0.98)+0.98);}; }
22:43:55.128 [main] ERROR BATTLE - 3:JS脚本需要使用js引擎编译，脚本:function unnamed_5(){ with(Math){ return -(phyattacka*1-defendb+1*gradea)*(0.25+0.05*skilllevela);}; }
22:43:55.129 [main] ERROR BATTLE - 3:JS脚本需要使用js引擎编译，脚本:function unnamed_226(){ with(Math){ return !_508008_;}; }
22:43:55.130 [main] ERROR BATTLE - 3:JS脚本需要使用js引擎编译，脚本:function unnamed_210(){ with(Math){ return _94041_>=1;}; }
22:43:55.132 [main] ERROR BATTLE - 3:JS脚本需要使用js引擎编译，脚本:function unnamed_205(){ with(Math){ return _99049_>=5;}; }
22:43:55.133 [main] ERROR BATTLE - 3:JS脚本需要使用js引擎编译，脚本:function unnamed_217(){ with(Math){ return !_508237_;}; }
22:43:55.135 [main] ERROR BATTLE - 3:JS脚本需要使用js引擎编译，脚本:function unnamed_47(){ with(Math){ return -(phyattacka*1.25-defendb+1*gradea+max((phyattacka-phyattackb)*0.25,0));}; }
22:43:55.136 [main] ERROR BATTLE - 3:JS脚本需要使用js引擎编译，脚本:function unnamed_149(){ with(Math){ return _94056_>=4;}; }
22:43:55.138 [main] ERROR BATTLE - 3:JS脚本需要使用js引擎编译，脚本:function unnamed_195(){ with(Math){ return _99058_<1;}; }
22:43:55.139 [main] ERROR BATTLE - 3:JS脚本需要使用js引擎编译，脚本:function unnamed_148(){ with(Math){ return _99039_>=1;}; }
22:43:55.140 [main] ERROR BATTLE - 3:JS脚本需要使用js引擎编译，脚本:function unnamed_187(){ with(Math){ return _99059_>=1;}; }
22:43:55.142 [main] ERROR BATTLE - 3:JS脚本需要使用js引擎编译，脚本:function unnamed_24(){ with(Math){ return 2*skilllevela+50;}; }
22:43:55.143 [main] ERROR BATTLE - 3:JS脚本需要使用js引擎编译，脚本:function unnamed_96(){ with(Math){ return gradea*0.0875;}; }
22:43:55.144 [main] ERROR BATTLE - 3:JS脚本需要使用js引擎编译，脚本:function unnamed_165(){ with(Math){ return _95003_=5;}; }
22:43:55.145 [main] ERROR BATTLE - 3:JS脚本需要使用js引擎编译，脚本:function unnamed_113(){ with(Math){ return -(phyattacka*0.5-defendb+1*gradea);}; }
22:43:55.147 [main] ERROR BATTLE - 3:JS脚本需要使用js引擎编译，脚本:function unnamed_105(){ with(Math){ return gradea*3.5;}; }
22:43:55.149 [main] ERROR BATTLE - 3:JS脚本需要使用js引擎编译，脚本:function unnamed_125(){ with(Math){ return (15)+(TeamNum-1)*15+RoleLv*3;}; }
22:43:55.150 [main] ERROR BATTLE - 3:JS脚本需要使用js引擎编译，脚本:function unnamed_11(){ with(Math){ return -(phyattacka*0.45-defendb+1*skilllevela);}; }
22:43:55.151 [main] ERROR BATTLE - 3:JS脚本需要使用js引擎编译，脚本:function unnamed_112(){ with(Math){ return -(phyattacka*0.65-defendb+1*gradea);}; }
22:43:55.153 [main] ERROR BATTLE - 3:JS脚本需要使用js引擎编译，脚本:function unnamed_137(){ with(Math){ return 500*RoleLv*1.215*(0.88+0.03);}; }
22:43:55.154 [main] ERROR BATTLE - 3:JS脚本需要使用js引擎编译，脚本:function unnamed_171(){ with(Math){ return _99042_>=3;}; }
22:43:55.155 [main] ERROR BATTLE - 3:JS脚本需要使用js引擎编译，脚本:function unnamed_202(){ with(Math){ return _99062_>=3;}; }
22:43:55.157 [main] ERROR BATTLE - 3:JS脚本需要使用js引擎编译，脚本:function unnamed_79(){ with(Math){ return gradea*1;}; }
22:43:55.158 [main] ERROR BATTLE - 3:JS脚本需要使用js引擎编译，脚本:function unnamed_87(){ with(Math){ return gradea*0.378;}; }
22:43:55.159 [main] ERROR BATTLE - 3:JS脚本需要使用js引擎编译，脚本:function unnamed_8(){ with(Math){ return -(magicattacka*1.2-magicdefb+2*skilllevela)*(0.5+0.05*(4-preaimcount));}; }
22:43:55.161 [main] ERROR BATTLE - 3:JS脚本需要使用js引擎编译，脚本:function unnamed_99(){ with(Math){ return gradea*0.3;}; }
22:43:55.162 [main] ERROR BATTLE - 3:JS脚本需要使用js引擎编译，脚本:function unnamed_193(){ with(Math){ return _99056_<1;}; }
22:43:55.163 [main] ERROR BATTLE - 3:JS脚本需要使用js引擎编译，脚本:function unnamed_88(){ with(Math){ return gradea*0.875;}; }
22:43:55.165 [main] ERROR BATTLE - 3:JS脚本需要使用js引擎编译，脚本:function unnamed_67(){ with(Math){ return gradea*0.32;}; }
22:43:55.166 [main] ERROR BATTLE - 3:JS脚本需要使用js引擎编译，脚本:function unnamed_224(){ with(Math){ return _503001_;}; }
22:43:55.167 [main] ERROR BATTLE - 3:JS脚本需要使用js引擎编译，脚本:function unnamed_52(){ with(Math){ return -(phyattacka*0.55-defendb+1*gradea);}; }
22:43:55.169 [main] ERROR BATTLE - 3:JS脚本需要使用js引擎编译，脚本:function unnamed_152(){ with(Math){ return _95003_<=4;}; }
22:43:55.170 [main] ERROR BATTLE - 3:JS脚本需要使用js引擎编译，脚本:function unnamed_198(){ with(Math){ return _99061_<1;}; }
22:43:55.171 [main] ERROR BATTLE - 3:JS脚本需要使用js引擎编译，脚本:function unnamed_223(){ with(Math){ return _509081_;}; }
22:43:55.172 [main] ERROR BATTLE - 3:JS脚本需要使用js引擎编译，脚本:function unnamed_38(){ with(Math){ return -(phyattacka*1.45-defendb+1*skilllevela)*2.5;}; }
22:43:55.174 [main] ERROR BATTLE - 3:JS脚本需要使用js引擎编译，脚本:function unnamed_203(){ with(Math){ return _99066_>=1;}; }
22:43:55.175 [main] ERROR BATTLE - 3:JS脚本需要使用js引擎编译，脚本:function unnamed_221(){ with(Math){ return !_508002_;}; }
22:43:55.176 [main] ERROR BATTLE - 3:JS脚本需要使用js引擎编译，脚本:function unnamed_65(){ with(Math){ return gradea*0.28;}; }
22:43:55.178 [main] ERROR BATTLE - 3:JS脚本需要使用js引擎编译，脚本:function unnamed_201(){ with(Math){ return _99062_>=2;}; }
22:43:55.179 [main] ERROR BATTLE - 3:JS脚本需要使用js引擎编译，脚本:function unnamed_94(){ with(Math){ return gradea*0.075;}; }
22:43:55.181 [main] ERROR BATTLE - 3:JS脚本需要使用js引擎编译，脚本:function unnamed_90(){ with(Math){ return gradea*0.05;}; }
22:43:55.182 [main] ERROR BATTLE - 3:JS脚本需要使用js引擎编译，脚本:function unnamed_44(){ with(Math){ return -magicattacka*2.2;}; }
22:43:55.183 [main] ERROR BATTLE - 3:JS脚本需要使用js引擎编译，脚本:function unnamed_46(){ with(Math){ return -(phyattacka*0.45-defendb+1*gradea);}; }
22:43:55.185 [main] ERROR BATTLE - 3:JS脚本需要使用js引擎编译，脚本:function unnamed_111(){ with(Math){ return 0.35*maxhpb;}; }
22:43:55.186 [main] ERROR BATTLE - 3:JS脚本需要使用js引擎编译，脚本:function unnamed_121(){ with(Math){ return (15)+(TeamNum-1)*15+RoleLv*150;}; }
22:43:55.187 [main] ERROR BATTLE - 3:JS脚本需要使用js引擎编译，脚本:function unnamed_142(){ with(Math){ return _94019_<1;}; }
22:43:55.189 [main] ERROR BATTLE - 3:JS脚本需要使用js引擎编译，脚本:function unnamed_188(){ with(Math){ return _99060_>=1;}; }
22:43:55.190 [main] ERROR BATTLE - 3:JS脚本需要使用js引擎编译，脚本:function unnamed_191(){ with(Math){ return _99054_<1;}; }
22:43:55.191 [main] ERROR BATTLE - 3:JS脚本需要使用js引擎编译，脚本:function unnamed_212(){ with(Math){ return _99074_>=1;}; }
22:43:55.193 [main] ERROR BATTLE - 3:JS脚本需要使用js引擎编译，脚本:function unnamed_166(){ with(Math){ return _95003_=6;}; }
22:43:55.194 [main] ERROR BATTLE - 3:JS脚本需要使用js引擎编译，脚本:function unnamed_162(){ with(Math){ return _97001_>=4;}; }
22:43:55.195 [main] ERROR BATTLE - 3:JS脚本需要使用js引擎编译，脚本:function unnamed_126(){ with(Math){ return (15)+(TeamNum-1)*15+RoleLv*4;}; }
22:43:55.197 [main] ERROR BATTLE - 3:JS脚本需要使用js引擎编译，脚本:function unnamed_9(){ with(Math){ return 0.7+0.002*(skilllevela-gradeb)+(enhanceseala-resistsealb);}; }
22:43:55.198 [main] ERROR BATTLE - 3:JS脚本需要使用js引擎编译，脚本:function unnamed_12(){ with(Math){ return 16*skilllevela;}; }
22:43:55.199 [main] ERROR BATTLE - 3:JS脚本需要使用js引擎编译，脚本:function unnamed_204(){ with(Math){ return _99067_>=1;}; }
22:43:55.201 [main] ERROR BATTLE - 3:JS脚本需要使用js引擎编译，脚本:function unnamed_219(){ with(Math){ return !_503001_;}; }
22:43:55.202 [main] ERROR BATTLE - 3:JS脚本需要使用js引擎编译，脚本:function unnamed_59(){ with(Math){ return gradea*0.16;}; }
22:43:55.203 [main] ERROR BATTLE - 3:JS脚本需要使用js引擎编译，脚本:function unnamed_118(){ with(Math){ return (15)+(TeamNum-1)*15+RoleLv*100;}; }
22:43:55.205 [main] ERROR BATTLE - 3:JS脚本需要使用js引擎编译，脚本:function unnamed_214(){ with(Math){ return _501901_;}; }
22:43:55.206 [main] ERROR BATTLE - 3:JS脚本需要使用js引擎编译，脚本:function unnamed_189(){ with(Math){ return _99061_>=1;}; }
22:43:55.207 [main] ERROR BATTLE - 3:JS脚本需要使用js引擎编译，脚本:function unnamed_30(){ with(Math){ return -maxhpb*0.1;}; }
22:43:55.209 [main] ERROR BATTLE - 3:JS脚本需要使用js引擎编译，脚本:function unnamed_216(){ with(Math){ return !_508236_;}; }
22:43:55.210 [main] ERROR BATTLE - 3:JS脚本需要使用js引擎编译，脚本:function unnamed_62(){ with(Math){ return gradea*0.125;}; }
22:43:55.211 [main] ERROR BATTLE - 3:JS脚本需要使用js引擎编译，脚本:function unnamed_163(){ with(Math){ return _99040_>=2;}; }
22:43:55.213 [main] ERROR BATTLE - 3:JS脚本需要使用js引擎编译，脚本:function unnamed_81(){ with(Math){ return gradea*1.2;}; }
22:43:55.215 [main] ERROR BATTLE - 3:JS脚本需要使用js引擎编译，脚本:function unnamed_153(){ with(Math){ return _95003_<=5;}; }
22:43:55.216 [main] ERROR BATTLE - 3:JS脚本需要使用js引擎编译，脚本:function unnamed_170(){ with(Math){ return _99041_>=3;}; }
22:43:55.217 [main] ERROR BATTLE - 3:JS脚本需要使用js引擎编译，脚本:function unnamed_173(){ with(Math){ return _99044_<1;}; }
22:43:55.219 [main] ERROR BATTLE - 3:JS脚本需要使用js引擎编译，脚本:function unnamed_200(){ with(Math){ return _99062_>=1;}; }
22:43:55.220 [main] ERROR BATTLE - 3:JS脚本需要使用js引擎编译，脚本:function unnamed_159(){ with(Math){ return _96232_>=1;}; }
22:43:55.221 [main] ERROR BATTLE - 3:JS脚本需要使用js引擎编译，脚本:function unnamed_4(){ with(Math){ return 0.15*maxhpb;}; }
22:43:55.223 [main] ERROR BATTLE - 3:JS脚本需要使用js引擎编译，脚本:function unnamed_78(){ with(Math){ return gradea*0.08;}; }
22:43:55.224 [main] ERROR BATTLE - 3:JS脚本需要使用js引擎编译，脚本:function unnamed_3(){ with(Math){ return -(phyattacka*0.55-defendb+1*skilllevela);}; }
22:43:55.225 [main] ERROR BATTLE - 3:JS脚本需要使用js引擎编译，脚本:function unnamed_77(){ with(Math){ return gradea*0.0014;}; }
22:43:55.227 [main] ERROR BATTLE - 3:JS脚本需要使用js引擎编译，脚本:function unnamed_133(){ with(Math){ return 3000*RoleLv;}; }
22:43:55.228 [main] ERROR BATTLE - 3:JS脚本需要使用js引擎编译，脚本:function unnamed_76(){ with(Math){ return gradea*0.001225;}; }
22:43:55.251 [main] ERROR BATTLE - 3:JS脚本需要使用js引擎编译，脚本:function unnamed_86(){ with(Math){ return gradea*0.3375;}; }
22:43:55.253 [main] ERROR BATTLE - 3:JS脚本需要使用js引擎编译，脚本:function unnamed_167(){ with(Math){ return _95003_=7;}; }
22:43:55.254 [main] ERROR BATTLE - 3:JS脚本需要使用js引擎编译，脚本:function unnamed_15(){ with(Math){ return -(magicattacka*1.8-magicdefb+2*skilllevela)*(0.5+0.05*(4-preaimcount));}; }
22:43:55.256 [main] ERROR BATTLE - 3:JS脚本需要使用js引擎编译，脚本:function unnamed_50(){ with(Math){ return -(magicattacka*0.5-magicdefb+2*gradea)*(0.5+0.05*(2-preaimcount));}; }
22:43:55.257 [main] ERROR BATTLE - 3:JS脚本需要使用js引擎编译，脚本:function unnamed_123(){ with(Math){ return (15)+(TeamNum-1)*15+RoleLv*1;}; }
22:43:55.258 [main] ERROR BATTLE - 3:JS脚本需要使用js引擎编译，脚本:function unnamed_103(){ with(Math){ return gradea*3;}; }
22:43:55.260 [main] ERROR BATTLE - 3:JS脚本需要使用js引擎编译，脚本:function unnamed_13(){ with(Math){ return ((medicala*0.5+skilllevela*1.4)+abs(maindamage)*0.1)*(1+healrevisea)*(1+medicaljiashena/1000);}; }
22:43:55.261 [main] ERROR BATTLE - 3:JS脚本需要使用js引擎编译，脚本:function unnamed_71(){ with(Math){ return gradea*1.22;}; }
22:43:55.262 [main] ERROR BATTLE - 3:JS脚本需要使用js引擎编译，脚本:function unnamed_138(){ with(Math){ return Ring+3;}; }
22:43:55.264 [main] ERROR BATTLE - 3:JS脚本需要使用js引擎编译，脚本:function unnamed_60(){ with(Math){ return gradea*0.1;}; }
22:43:55.277 [main] ERROR BATTLE - 3:JS脚本需要使用js引擎编译，脚本:function unnamed_180(){ with(Math){ return _94014_>=7;}; }
22:43:55.278 [main] ERROR BATTLE - 3:JS脚本需要使用js引擎编译，脚本:function unnamed_147(){ with(Math){ return _99038_>=1;}; }
22:43:55.280 [main] ERROR BATTLE - 3:JS脚本需要使用js引擎编译，脚本:function unnamed_186(){ with(Math){ return _99058_>=1;}; }
22:43:55.281 [main] ERROR BATTLE - 3:JS脚本需要使用js引擎编译，脚本:function unnamed_115(){ with(Math){ return (15)+(TeamNum-1)*15+RoleLv*160;}; }
22:43:55.282 [main] ERROR BATTLE - 3:JS脚本需要使用js引擎编译，脚本:function unnamed_34(){ with(Math){ return -maxhpb*0.6;}; }
22:43:55.283 [main] ERROR BATTLE - 3:JS脚本需要使用js引擎编译，脚本:function unnamed_215(){ with(Math){ return _501402_;}; }
22:43:55.285 [main] ERROR BATTLE - 3:JS脚本需要使用js引擎编译，脚本:function unnamed_150(){ with(Math){ return _95003_<=2;}; }
22:43:55.286 [main] ERROR BATTLE - 3:JS脚本需要使用js引擎编译，脚本:function unnamed_0(){ with(Math){ return -(phyattacka*1.3-defendb+1*skilllevela);}; }
22:43:55.288 [main] ERROR BATTLE - 3:JS脚本需要使用js引擎编译，脚本:function unnamed_66(){ with(Math){ return gradea*0.175;}; }
22:43:55.289 [main] ERROR BATTLE - 3:JS脚本需要使用js引擎编译，脚本:function unnamed_55(){ with(Math){ return -(phyattacka*1-defendb+7*gradea);}; }
22:43:55.290 [main] ERROR BATTLE - 3:JS脚本需要使用js引擎编译，脚本:function unnamed_22(){ with(Math){ return medicala+1.2*skilllevela;}; }
22:43:55.292 [main] ERROR BATTLE - 3:JS脚本需要使用js引擎编译，脚本:function unnamed_222(){ with(Math){ return !_508006_;}; }
22:43:55.293 [main] ERROR BATTLE - 3:JS脚本需要使用js引擎编译，脚本:function unnamed_41(){ with(Math){ return -(phyattacka*1.60-defendb+1*skilllevela)*2.5;}; }
22:43:55.294 [main] ERROR BATTLE - 3:JS脚本需要使用js引擎编译，脚本:function unnamed_136(){ with(Math){ return RoleLv*200;}; }
22:43:55.295 [main] ERROR BATTLE - 3:JS脚本需要使用js引擎编译，脚本:function unnamed_7(){ with(Math){ return 9*skilllevela;}; }
22:43:55.298 [main] ERROR BATTLE - 3:JS脚本需要使用js引擎编译，脚本:function unnamed_192(){ with(Math){ return _99055_<1;}; }
22:43:55.299 [main] ERROR BATTLE - 3:JS脚本需要使用js引擎编译，脚本:function unnamed_101(){ with(Math){ return gradea*0.45;}; }
22:43:55.301 [main] ERROR BATTLE - 3:JS脚本需要使用js引擎编译，脚本:function unnamed_6(){ with(Math){ return -(phyattacka*1.45-defendb+1*skilllevela);}; }
22:43:55.302 [main] ERROR BATTLE - 3:JS脚本需要使用js引擎编译，脚本:function unnamed_53(){ with(Math){ return abs(maindamage)*0.20;}; }
22:43:55.303 [main] ERROR BATTLE - 3:JS脚本需要使用js引擎编译，脚本:function unnamed_92(){ with(Math){ return gradea*0.0625;}; }
22:43:55.305 [main] ERROR BATTLE - 3:JS脚本需要使用js引擎编译，脚本:function unnamed_177(){ with(Math){ return _94056_>=3;}; }
22:43:55.306 [main] ERROR BATTLE - 3:JS脚本需要使用js引擎编译，脚本:function unnamed_104(){ with(Math){ return gradea*3.25;}; }
22:43:55.307 [main] ERROR BATTLE - 3:JS脚本需要使用js引擎编译，脚本:function unnamed_25(){ with(Math){ return 0.7*maxhpb;}; }
22:43:55.309 [main] ERROR BATTLE - 3:JS脚本需要使用js引擎编译，脚本:function unnamed_1(){ with(Math){ return -(phyattacka*1.35-defendb+1*skilllevela);}; }
22:43:55.313 [main] ERROR BATTLE - 3:JS脚本需要使用js引擎编译，脚本:function unnamed_124(){ with(Math){ return (15)+(TeamNum-1)*15+RoleLv*2;}; }
22:43:55.314 [main] ERROR BATTLE - 3:JS脚本需要使用js引擎编译，脚本:function unnamed_168(){ with(Math){ return _95003_=8;}; }
22:43:55.315 [main] ERROR BATTLE - 3:JS脚本需要使用js引擎编译，脚本:function unnamed_45(){ with(Math){ return -magicattacka*1.6;}; }
22:43:55.317 [main] ERROR BATTLE - 3:JS脚本需要使用js引擎编译，脚本:function unnamed_89(){ with(Math){ return gradea*1.225;}; }
22:43:55.318 [main] ERROR BATTLE - 3:JS脚本需要使用js引擎编译，脚本:function unnamed_146(){ with(Math){ return _99037_>=1;}; }
22:43:55.319 [main] ERROR BATTLE - 3:JS脚本需要使用js引擎编译，脚本:function unnamed_10(){ with(Math){ return gradea*2;}; }
22:43:55.321 [main] ERROR BATTLE - 3:JS脚本需要使用js引擎编译，脚本:function unnamed_35(){ with(Math){ return -maxhpb*0.7;}; }
22:43:55.322 [main] ERROR BATTLE - 3:JS脚本需要使用js引擎编译，脚本:function unnamed_61(){ with(Math){ return gradea*0.2;}; }
22:43:55.323 [main] ERROR BATTLE - 3:JS脚本需要使用js引擎编译，脚本:function unnamed_114(){ with(Math){ return -magicattacka*0.7;}; }
22:43:55.324 [main] ERROR BATTLE - 3:JS脚本需要使用js引擎编译，脚本:function unnamed_85(){ with(Math){ return gradea*0.2835;}; }
22:43:55.326 [main] ERROR BATTLE - 3:JS脚本需要使用js引擎编译，脚本:function unnamed_57(){ with(Math){ return 10+gradea;}; }
22:43:55.327 [main] ERROR BATTLE - 3:JS脚本需要使用js引擎编译，脚本:function unnamed_145(){ with(Math){ return _99036_>=1;}; }
22:43:55.328 [main] ERROR BATTLE - 3:JS脚本需要使用js引擎编译，脚本:function unnamed_151(){ with(Math){ return _95003_<=3;}; }
22:43:55.329 [main] ERROR BATTLE - 3:JS脚本需要使用js引擎编译，脚本:function unnamed_106(){ with(Math){ return gradea*3.75;}; }
22:43:55.331 [main] ERROR BATTLE - 3:JS脚本需要使用js引擎编译，脚本:function unnamed_160(){ with(Math){ return _96234_>=1;}; }
22:43:55.337 [main] ERROR BATTLE - 3:JS脚本需要使用js引擎编译，脚本:function unnamed_178(){ with(Math){ return _99049_>=1;}; }
22:43:55.339 [main] ERROR BATTLE - 3:JS脚本需要使用js引擎编译，脚本:function unnamed_84(){ with(Math){ return gradea*0.2362;}; }
22:43:55.340 [main] ERROR BATTLE - 3:JS脚本需要使用js引擎编译，脚本:function unnamed_197(){ with(Math){ return _99060_<1;}; }
22:43:55.341 [main] ERROR BATTLE - 3:JS脚本需要使用js引擎编译，脚本:function unnamed_14(){ with(Math){ return ((medicala*0.2+skilllevela*1.2)+abs(maindamage)*0.08)*(1+healrevisea)*(1+medicaljiashena/1000);}; }
22:43:55.343 [main] ERROR BATTLE - 3:JS脚本需要使用js引擎编译，脚本:function unnamed_42(){ with(Math){ return -(phyattacka*1.10-defendb+1*skilllevela)*2.5;}; }
22:43:55.344 [main] ERROR BATTLE - 3:JS脚本需要使用js引擎编译，脚本:function unnamed_194(){ with(Math){ return _99057_<1;}; }
22:43:55.345 [main] ERROR BATTLE - 3:JS脚本需要使用js引擎编译，脚本:function unnamed_211(){ with(Math){ return _99065_>=3;}; }
22:43:55.346 [main] ERROR BATTLE - 3:JS脚本需要使用js引擎编译，脚本:function unnamed_131(){ with(Math){ return (1*RoleLv*1.3)*(random()*(1.02-0.98)+0.98);}; }
22:43:55.348 [main] ERROR BATTLE - 3:JS脚本需要使用js引擎编译，脚本:function unnamed_27(){ with(Math){ return 10+1.3*skilllevela;}; }
22:43:55.349 [main] ERROR BATTLE - 3:JS脚本需要使用js引擎编译，脚本:function unnamed_128(){ with(Math){ return RoleLv*1.7+20;}; }
22:43:55.350 [main] ERROR BATTLE - 3:JS脚本需要使用js引擎编译，脚本:function unnamed_169(){ with(Math){ return _95003_=9;}; }
22:43:55.352 [main] ERROR BATTLE - 3:JS脚本需要使用js引擎编译，脚本:function unnamed_135(){ with(Math){ return (400*MonsterLv*0.017*(MonsterNum*0.083+MasterNum*0.1245)*min(max(1-0.2*floor(abs(MonsterLv-RoleLv)/5),0.1),1)*(1-IsDbPoint)+400*MonsterLv*0.13*(MonsterNum*0.083+MasterNum*0.1245)*min(max(1-0.2*floor(abs(MonsterLv-RoleLv)/5),0.1),1)*IsDbPoint)*(random()*(1.02-0.98)+0.98);}; }
22:43:55.354 [main] ERROR BATTLE - 3:JS脚本需要使用js引擎编译，脚本:function unnamed_20(){ with(Math){ return medicala+3*skilllevela*2;}; }
22:43:55.355 [main] ERROR BATTLE - 3:JS脚本需要使用js引擎编译，脚本:function unnamed_68(){ with(Math){ return gradea*0.7;}; }
22:43:55.356 [main] ERROR BATTLE - 3:JS脚本需要使用js引擎编译，脚本:function unnamed_43(){ with(Math){ return -magicattacka*3;}; }
22:43:55.358 [main] ERROR BATTLE - 3:JS脚本需要使用js引擎编译，脚本:function unnamed_172(){ with(Math){ return _99043_>=1;}; }
22:43:55.359 [main] ERROR BATTLE - 3:JS脚本需要使用js引擎编译，脚本:function unnamed_196(){ with(Math){ return _99059_<1;}; }
22:43:55.360 [main] ERROR BATTLE - 3:JS脚本需要使用js引擎编译，脚本:function unnamed_207(){ with(Math){ return _99071_>=1;}; }
22:43:55.362 [main] ERROR BATTLE - 3:JS脚本需要使用js引擎编译，脚本:function unnamed_93(){ with(Math){ return gradea*0.625;}; }
22:43:55.364 [main] ERROR BATTLE - 3:JS脚本需要使用js引擎编译，脚本:function unnamed_83(){ with(Math){ return gradea*0.189;}; }
22:43:55.366 [main] ERROR BATTLE - 3:JS脚本需要使用js引擎编译，脚本:function unnamed_119(){ with(Math){ return (15)+(TeamNum-1)*15+RoleLv*120;}; }
22:43:55.367 [main] ERROR BATTLE - 3:JS脚本需要使用js引擎编译，脚本:function unnamed_33(){ with(Math){ return -maxhpb*0.4;}; }
22:43:55.369 [main] ERROR BATTLE - 3:JS脚本需要使用js引擎编译，脚本:function unnamed_227(){ with(Math){ return 1*TeamNum+5;}; }
22:43:55.370 [main] ERROR BATTLE - 3:JS脚本需要使用js引擎编译，脚本:function unnamed_174(){ with(Math){ return _99045_<1;}; }
22:43:55.371 [main] ERROR BATTLE - 3:JS脚本需要使用js引擎编译，脚本:function unnamed_74(){ with(Math){ return gradea*0.000875;}; }
22:43:55.373 [main] ERROR BATTLE - 3:JS脚本需要使用js引擎编译，脚本:function unnamed_156(){ with(Math){ return _95003_<=8;}; }
22:43:55.374 [main] ERROR BATTLE - 3:JS脚本需要使用js引擎编译，脚本:function unnamed_37(){ with(Math){ return -(phyattacka*1.40-defendb+1*skilllevela)*2.5;}; }
22:43:55.375 [main] ERROR BATTLE - 3:JS脚本需要使用js引擎编译，脚本:function unnamed_199(){ with(Math){ return _96001_/_96002_<0.1;}; }
22:43:55.377 [main] ERROR BATTLE - 3:JS脚本需要使用js引擎编译，脚本:function unnamed_209(){ with(Math){ return _99072_<1;}; }
22:43:55.378 [main] ERROR BATTLE - 3:JS脚本需要使用js引擎编译，脚本:function unnamed_23(){ with(Math){ return (medicala+1.2*skilllevela)*0.4;}; }
22:43:55.379 [main] ERROR BATTLE - 3:JS脚本需要使用js引擎编译，脚本:function unnamed_70(){ with(Math){ return gradea*1.05;}; }
22:43:55.380 [main] ERROR BATTLE - 3:JS脚本需要使用js引擎编译，脚本:function unnamed_63(){ with(Math){ return gradea*0.24;}; }
22:43:55.382 [main] ERROR BATTLE - 3:JS脚本需要使用js引擎编译，脚本:function unnamed_98(){ with(Math){ return gradea*0.85;}; }
22:43:55.383 [main] ERROR BATTLE - 3:JS脚本需要使用js引擎编译，脚本:function unnamed_144(){ with(Math){ return _94056_>=1;}; }
22:43:55.384 [main] ERROR BATTLE - 3:JS脚本需要使用js引擎编译，脚本:function unnamed_141(){ with(Math){ return (500*RoleLv*0.05)*(random()*(1.02-0.98)+0.98)*0.5;}; }
22:43:55.386 [main] ERROR BATTLE - 3:JS脚本需要使用js引擎编译，脚本:function unnamed_143(){ with(Math){ return _99065_>=4;}; }
22:43:55.387 [main] ERROR BATTLE - 3:JS脚本需要使用js引擎编译，脚本:function unnamed_185(){ with(Math){ return _99057_>=1;}; }
22:43:55.388 [main] ERROR BATTLE - 3:JS脚本需要使用js引擎编译，脚本:function unnamed_107(){ with(Math){ return gradea*4;}; }
22:43:55.389 [main] ERROR BATTLE - 3:JS脚本需要使用js引擎编译，脚本:function unnamed_206(){ with(Math){ return _99068_>=1;}; }
22:43:55.391 [main] ERROR BATTLE - 3:JS脚本需要使用js引擎编译，脚本:function unnamed_58(){ with(Math){ return -(magicattacka*1.2-magicdefb+2*gradea)*(0.5+0.05*(2-preaimcount));}; }
22:43:55.392 [main] ERROR BATTLE - 3:JS脚本需要使用js引擎编译，脚本:function unnamed_100(){ with(Math){ return gradea*0.375;}; }
22:43:55.393 [main] ERROR BATTLE - 3:JS脚本需要使用js引擎编译，脚本:function unnamed_56(){ with(Math){ return -(magicattacka*3.5-magicdefb+2*skilllevela)*0.3;}; }
22:43:55.395 [main] ERROR BATTLE - 3:JS脚本需要使用js引擎编译，脚本:function unnamed_26(){ with(Math){ return -(speeda*0.1+7*skilllevela)*1.1;}; }
22:43:55.396 [main] ERROR BATTLE - 3:JS脚本需要使用js引擎编译，脚本:function unnamed_75(){ with(Math){ return gradea*0.00105;}; }
22:43:55.397 [main] ERROR BATTLE - 3:JS脚本需要使用js引擎编译，脚本:function unnamed_80(){ with(Math){ return gradea*0.12;}; }
22:43:55.398 [main] ERROR BATTLE - 3:JS脚本需要使用js引擎编译，脚本:function unnamed_40(){ with(Math){ return -(phyattacka*1.55-defendb+1*skilllevela)*2.5;}; }
22:43:55.400 [main] ERROR BATTLE - 3:JS脚本需要使用js引擎编译，脚本:function unnamed_157(){ with(Math){ return _95003_<=9;}; }
22:43:55.401 [main] ERROR BATTLE - 3:JS脚本需要使用js引擎编译，脚本:function unnamed_140(){ with(Math){ return (5000*RoleLv*0.05)*(random()*(1.02-0.98)+0.98)*(1-min(5-TeamNum,2)*0.15);}; }
22:43:55.402 [main] ERROR BATTLE - 3:JS脚本需要使用js引擎编译，脚本:function unnamed_184(){ with(Math){ return _99056_>=1;}; }
22:43:55.404 [main] ERROR BATTLE - 3:JS脚本需要使用js引擎编译，脚本:function unnamed_122(){ with(Math){ return RoleLv*10;}; }
22:43:55.405 [main] ERROR BATTLE - 3:JS脚本需要使用js引擎编译，脚本:function unnamed_48(){ with(Math){ return -(phyattacka*2-defendb+1*gradea);}; }
22:43:55.406 [main] ERROR BATTLE - 3:JS脚本需要使用js引擎编译，脚本:function unnamed_110(){ with(Math){ return 0.3*maxhpb;}; }
22:43:55.407 [main] ERROR BATTLE - 3:JS脚本需要使用js引擎编译，脚本:function unnamed_2(){ with(Math){ return -(phyattacka*0.65-defendb+1*skilllevela);}; }
22:43:55.409 [main] ERROR BATTLE - 3:JS脚本需要使用js引擎编译，脚本:function unnamed_109(){ with(Math){ return 0.05*maxhpb;}; }
22:43:55.410 [main] ERROR BATTLE - 3:JS脚本需要使用js引擎编译，脚本:function unnamed_208(){ with(Math){ return _99070_==1;}; }
22:43:55.411 [main] ERROR BATTLE - 3:JS脚本需要使用js引擎编译，脚本:function unnamed_179(){ with(Math){ return _99052_>=1;}; }
22:43:55.412 [main] ERROR BATTLE - 3:JS脚本需要使用js引擎编译，脚本:function unnamed_29(){ with(Math){ return -(magicattacka*1.8-magicdefb+2*gradea)*0.5;}; }
22:43:55.414 [main] ERROR BATTLE - 3:JS脚本需要使用js引擎编译，脚本:function unnamed_218(){ with(Math){ return !_509951_;}; }
22:43:55.415 [main] ERROR BATTLE - 3:JS脚本需要使用js引擎编译，脚本:function unnamed_213(){ with(Math){ return _502003_;}; }
22:43:55.428 [main] ERROR BATTLE - 3:JS脚本需要使用js引擎编译，脚本:function unnamed_132(){ with(Math){ return 2000*RoleLv;}; }
22:43:55.430 [main] ERROR BATTLE - 3:JS脚本需要使用js引擎编译，脚本:function unnamed_97(){ with(Math){ return gradea*0.65;}; }
22:43:55.432 [main] ERROR BATTLE - 3:JS脚本需要使用js引擎编译，脚本:function unnamed_161(){ with(Math){ return _95003_=3;}; }
22:43:55.433 [main] ERROR BATTLE - 3:JS脚本需要使用js引擎编译，脚本:function unnamed_183(){ with(Math){ return _99055_>=1;}; }
22:43:55.434 [main] ERROR BATTLE - 3:JS脚本需要使用js引擎编译，脚本:function unnamed_129(){ with(Math){ return (1*RoleLv*11)*(random()*(1.02-0.98)+0.98);}; }
22:43:55.436 [main] ERROR BATTLE - 3:JS脚本需要使用js引擎编译，脚本:function unnamed_17(){ with(Math){ return abs(maindamage)*1;}; }
22:43:55.437 [main] ERROR BATTLE - 3:JS脚本需要使用js引擎编译，脚本:function unnamed_49(){ with(Math){ return phyattacka*1.25-defendb+1*gradea;}; }
22:43:55.438 [main] ERROR BATTLE - 3:JS脚本需要使用js引擎编译，脚本:function unnamed_127(){ with(Math){ return (15)+(TeamNum-1)*15+RoleLv*5;}; }
22:43:55.440 [main] ERROR BATTLE - 3:JS脚本需要使用js引擎编译，脚本:function unnamed_73(){ with(Math){ return gradea*0.0007;}; }
22:43:55.441 [main] ERROR BATTLE - 3:JS脚本需要使用js引擎编译，脚本:function unnamed_91(){ with(Math){ return gradea*0.5;}; }
22:43:55.442 [main] ERROR BATTLE - 3:JS脚本需要使用js引擎编译，脚本:function unnamed_64(){ with(Math){ return gradea*0.15;}; }
22:43:55.444 [main] ERROR BATTLE - 3:JS脚本需要使用js引擎编译，脚本:function unnamed_190(){ with(Math){ return _99053_<1;}; }
22:43:55.445 [main] ERROR BATTLE - 3:JS脚本需要使用js引擎编译，脚本:function unnamed_102(){ with(Math){ return gradea*0.525;}; }
22:43:55.446 [main] ERROR BATTLE - 3:JS脚本需要使用js引擎编译，脚本:function unnamed_31(){ with(Math){ return -maxhpb*0.2;}; }
22:43:55.448 [main] ERROR BATTLE - 3:JS脚本需要使用js引擎编译，脚本:function unnamed_130(){ with(Math){ return (1*RoleLv*0.94)*(random()*(1.02-0.98)+0.98);}; }
22:43:55.449 [main] ERROR BATTLE - 3:JS脚本需要使用js引擎编译，脚本:function unnamed_16(){ with(Math){ return abs(maindamage)*0.35;}; }
22:43:55.477 [main] ERROR BATTLE - 3:JS脚本需要使用js引擎编译，脚本:function unnamed_18(){ with(Math){ return -magicattacka*0.2;}; }
22:43:55.480 [main] ERROR BATTLE - 3:JS脚本需要使用js引擎编译，脚本:function unnamed_154(){ with(Math){ return _95003_<=6;}; }
22:43:55.481 [main] ERROR BATTLE - 3:JS脚本需要使用js引擎编译，脚本:function unnamed_28(){ with(Math){ return -(magicattacka*1.3-magicdefb+2*gradea)*0.5;}; }
22:43:55.482 [main] ERROR BATTLE - 3:JS脚本需要使用js引擎编译，脚本:function unnamed_36(){ with(Math){ return -(phyattacka*10-defendb+1*gradea+max((phyattacka-phyattackb)*0.05,0));}; }
22:43:55.483 [main] ERROR BATTLE - 3:JS脚本需要使用js引擎编译，脚本:function unnamed_182(){ with(Math){ return _99054_>=1;}; }
22:43:55.485 [main] ERROR BATTLE - 3:JS脚本需要使用js引擎编译，脚本:function unnamed_225(){ with(Math){ return !_508014_;}; }
22:43:55.486 [main] ERROR BATTLE - 3:JS脚本需要使用js引擎编译，脚本:function unnamed_69(){ with(Math){ return gradea*0.87;}; }
22:43:55.499 [main] ERROR BATTLE - 3:JS脚本需要使用js引擎编译，脚本:function unnamed_164(){ with(Math){ return _95003_=4;}; }
22:43:55.501 [main] ERROR BATTLE - 3:JS脚本需要使用js引擎编译，脚本:function unnamed_175(){ with(Math){ return _99047_>=1;}; }
22:43:55.502 [main] ERROR BATTLE - 3:JS脚本需要使用js引擎编译，脚本:function unnamed_181(){ with(Math){ return _99053_>=1;}; }
22:43:55.503 [main] ERROR BATTLE - 3:JS脚本需要使用js引擎编译，脚本:function unnamed_134(){ with(Math){ return (400*MonsterLv*0.011*(MonsterNum*0.083+MasterNum*0.1245)*min(max(1-0.2*floor(abs(MonsterLv-RoleLv)/5),0.1),1)*(1-IsDbPoint)+400*MonsterLv*0.13*(MonsterNum*0.083+MasterNum*0.1245)*min(max(1-0.2*floor(abs(MonsterLv-RoleLv)/5),0.1),1)*IsDbPoint)*(random()*(1.02-0.98)+0.98);}; }
22:43:55.505 [main] ERROR BATTLE - 3:JS脚本需要使用js引擎编译，脚本:function unnamed_176(){ with(Math){ return _99048_>=1;}; }
22:43:55.506 [main] ERROR BATTLE - 3:JS脚本需要使用js引擎编译，脚本:function unnamed_39(){ with(Math){ return -(phyattacka*1.50-defendb+1*skilllevela)*2.5;}; }
22:43:55.507 [main] ERROR BATTLE - 3:JS脚本需要使用js引擎编译，脚本:function unnamed_120(){ with(Math){ return (15)+(TeamNum-1)*15+RoleLv*140;}; }
22:43:55.508 [main] ERROR BATTLE - 3:JS脚本需要使用js引擎编译，脚本:function unnamed_51(){ with(Math){ return -(magicattacka*0.8-magicdefb+2*gradea)*(0.5+0.05*(2-preaimcount));}; }
22:43:55.519 [main] ERROR BATTLE - 3:JS脚本需要使用js引擎编译，脚本:function unnamed_82(){ with(Math){ return gradea*0.14;}; }
22:43:55.520 [main] ERROR BATTLE - 3:JS脚本需要使用js引擎编译，脚本:function unnamed_32(){ with(Math){ return -maxhpb*0.3;}; }
22:43:55.521 [main] ERROR BATTLE - 3:JS脚本需要使用js引擎编译，脚本:function unnamed_54(){ with(Math){ return -(magicattacka*3.5-magicdefb+2*skilllevela)*0.5;}; }
22:43:55.523 [main] ERROR BATTLE - 3:JS脚本需要使用js引擎编译，脚本:function unnamed_95(){ with(Math){ return gradea*0.75;}; }
22:43:55.524 [main] ERROR BATTLE - 3:JS脚本需要使用js引擎编译，脚本:function unnamed_158(){ with(Math){ return _95003_<=10;}; }
22:43:55.525 [main] ERROR BATTLE - 3:JS脚本需要使用js引擎编译，脚本:function unnamed_19(){ with(Math){ return medicala*1.1+3*skilllevela;}; }
22:43:55.526 [main] ERROR BATTLE - 3:JS脚本需要使用js引擎编译，脚本:function unnamed_72(){ with(Math){ return gradea*1.4;}; }
22:43:55.527 [main] ERROR BATTLE - 3:JS脚本需要使用js引擎编译，脚本:function unnamed_139(){ with(Math){ return 105800+floor(RoleLv/10)*440+(200+floor(RoleLv/10)*40*(Ring-1));}; }
22:43:55.533 [main] ERROR BATTLE - 3:JS脚本需要使用js引擎编译，脚本:function unnamed_108(){ with(Math){ return -(phyattacka*1.2-defendb+1*gradea);}; }
22:43:55.534 [main] ERROR BATTLE - 3:JS脚本需要使用js引擎编译，脚本:function unnamed_117(){ with(Math){ return RoleLv*50;}; }
22:43:55.536 [main] ERROR BATTLE - 3:JS脚本需要使用js引擎编译，脚本:function unnamed_155(){ with(Math){ return _95003_<=7;}; }
22:43:55.537 [main] ERROR BATTLE - 3:JS脚本需要使用js引擎编译，脚本:function unnamed_220(){ with(Math){ return !_501402_;}; }
22:43:55.538 [main] ERROR BATTLE - 3:JS脚本需要使用js引擎编译，脚本:function unnamed_21(){ with(Math){ return -(magicattacka*1.3-magicdefb+2*gradea)*0.5*(1.2+(0.6+0.2*skilllevela)*(1-curmpb/maxmpb));}; }
22:43:55.539 [main] ERROR BATTLE - 3:JS脚本需要使用js引擎编译，脚本:function unnamed_116(){ with(Math){ return 1600*RoleLv*0.067*(0.74+0.02*Time)*(random()*(1.02-0.98)+0.98);}; }
22:43:55.541 [main] ERROR BATTLE - 3:JS脚本需要使用js引擎编译，脚本:function unnamed_5(){ with(Math){ return -(phyattacka*1-defendb+1*gradea)*(0.25+0.05*skilllevela);}; }
22:43:55.542 [main] ERROR BATTLE - 3:JS脚本需要使用js引擎编译，脚本:function unnamed_226(){ with(Math){ return !_508008_;}; }
22:43:55.543 [main] ERROR BATTLE - 3:JS脚本需要使用js引擎编译，脚本:function unnamed_210(){ with(Math){ return _94041_>=1;}; }
22:43:55.545 [main] ERROR BATTLE - 3:JS脚本需要使用js引擎编译，脚本:function unnamed_205(){ with(Math){ return _99049_>=5;}; }
22:43:55.546 [main] ERROR BATTLE - 3:JS脚本需要使用js引擎编译，脚本:function unnamed_217(){ with(Math){ return !_508237_;}; }
22:43:55.547 [main] ERROR BATTLE - 3:JS脚本需要使用js引擎编译，脚本:function unnamed_47(){ with(Math){ return -(phyattacka*1.25-defendb+1*gradea+max((phyattacka-phyattackb)*0.25,0));}; }
22:43:55.549 [main] ERROR BATTLE - 3:JS脚本需要使用js引擎编译，脚本:function unnamed_149(){ with(Math){ return _94056_>=4;}; }
22:43:55.550 [main] ERROR BATTLE - 3:JS脚本需要使用js引擎编译，脚本:function unnamed_195(){ with(Math){ return _99058_<1;}; }
22:43:55.551 [main] ERROR BATTLE - 3:JS脚本需要使用js引擎编译，脚本:function unnamed_148(){ with(Math){ return _99039_>=1;}; }
22:43:55.552 [main] ERROR BATTLE - 3:JS脚本需要使用js引擎编译，脚本:function unnamed_187(){ with(Math){ return _99059_>=1;}; }
22:43:55.554 [main] ERROR BATTLE - 3:JS脚本需要使用js引擎编译，脚本:function unnamed_24(){ with(Math){ return 2*skilllevela+50;}; }
22:43:55.555 [main] ERROR BATTLE - 3:JS脚本需要使用js引擎编译，脚本:function unnamed_96(){ with(Math){ return gradea*0.0875;}; }
22:43:55.556 [main] ERROR BATTLE - 3:JS脚本需要使用js引擎编译，脚本:function unnamed_165(){ with(Math){ return _95003_=5;}; }
22:43:55.557 [main] ERROR BATTLE - 3:JS脚本需要使用js引擎编译，脚本:function unnamed_113(){ with(Math){ return -(phyattacka*0.5-defendb+1*gradea);}; }
22:43:55.559 [main] ERROR BATTLE - 3:JS脚本需要使用js引擎编译，脚本:function unnamed_105(){ with(Math){ return gradea*3.5;}; }
22:43:55.560 [main] ERROR BATTLE - 3:JS脚本需要使用js引擎编译，脚本:function unnamed_125(){ with(Math){ return (15)+(TeamNum-1)*15+RoleLv*3;}; }
22:43:55.561 [main] ERROR BATTLE - 3:JS脚本需要使用js引擎编译，脚本:function unnamed_11(){ with(Math){ return -(phyattacka*0.45-defendb+1*skilllevela);}; }
22:43:55.562 [main] ERROR BATTLE - 3:JS脚本需要使用js引擎编译，脚本:function unnamed_112(){ with(Math){ return -(phyattacka*0.65-defendb+1*gradea);}; }
22:43:55.564 [main] ERROR BATTLE - 3:JS脚本需要使用js引擎编译，脚本:function unnamed_137(){ with(Math){ return 500*RoleLv*1.215*(0.88+0.03);}; }
22:43:55.565 [main] ERROR BATTLE - 3:JS脚本需要使用js引擎编译，脚本:function unnamed_171(){ with(Math){ return _99042_>=3;}; }
22:43:55.566 [main] ERROR BATTLE - 3:JS脚本需要使用js引擎编译，脚本:function unnamed_202(){ with(Math){ return _99062_>=3;}; }
22:43:55.567 [main] ERROR BATTLE - 3:JS脚本需要使用js引擎编译，脚本:function unnamed_79(){ with(Math){ return gradea*1;}; }
22:43:55.568 [main] ERROR BATTLE - 3:JS脚本需要使用js引擎编译，脚本:function unnamed_87(){ with(Math){ return gradea*0.378;}; }
22:43:55.570 [main] ERROR BATTLE - 3:JS脚本需要使用js引擎编译，脚本:function unnamed_8(){ with(Math){ return -(magicattacka*1.2-magicdefb+2*skilllevela)*(0.5+0.05*(4-preaimcount));}; }
22:43:55.571 [main] ERROR BATTLE - 3:JS脚本需要使用js引擎编译，脚本:function unnamed_99(){ with(Math){ return gradea*0.3;}; }
22:43:55.572 [main] ERROR BATTLE - 3:JS脚本需要使用js引擎编译，脚本:function unnamed_193(){ with(Math){ return _99056_<1;}; }
22:43:55.574 [main] ERROR BATTLE - 3:JS脚本需要使用js引擎编译，脚本:function unnamed_88(){ with(Math){ return gradea*0.875;}; }
22:43:55.575 [main] ERROR BATTLE - 3:JS脚本需要使用js引擎编译，脚本:function unnamed_67(){ with(Math){ return gradea*0.32;}; }
22:43:55.577 [main] ERROR BATTLE - 3:JS脚本需要使用js引擎编译，脚本:function unnamed_224(){ with(Math){ return _503001_;}; }
22:43:55.578 [main] ERROR BATTLE - 3:JS脚本需要使用js引擎编译，脚本:function unnamed_52(){ with(Math){ return -(phyattacka*0.55-defendb+1*gradea);}; }
22:43:55.579 [main] ERROR BATTLE - 3:JS脚本需要使用js引擎编译，脚本:function unnamed_152(){ with(Math){ return _95003_<=4;}; }
22:43:55.580 [main] ERROR BATTLE - 3:JS脚本需要使用js引擎编译，脚本:function unnamed_198(){ with(Math){ return _99061_<1;}; }
22:43:55.582 [main] ERROR BATTLE - 3:JS脚本需要使用js引擎编译，脚本:function unnamed_223(){ with(Math){ return _509081_;}; }
22:43:55.583 [main] ERROR BATTLE - 3:JS脚本需要使用js引擎编译，脚本:function unnamed_38(){ with(Math){ return -(phyattacka*1.45-defendb+1*skilllevela)*2.5;}; }
22:43:55.584 [main] ERROR BATTLE - 3:JS脚本需要使用js引擎编译，脚本:function unnamed_203(){ with(Math){ return _99066_>=1;}; }
22:43:55.586 [main] ERROR BATTLE - 3:JS脚本需要使用js引擎编译，脚本:function unnamed_221(){ with(Math){ return !_508002_;}; }
22:43:55.587 [main] ERROR BATTLE - 3:JS脚本需要使用js引擎编译，脚本:function unnamed_65(){ with(Math){ return gradea*0.28;}; }
22:43:55.589 [main] ERROR BATTLE - 3:JS脚本需要使用js引擎编译，脚本:function unnamed_201(){ with(Math){ return _99062_>=2;}; }
22:43:55.590 [main] ERROR BATTLE - 3:JS脚本需要使用js引擎编译，脚本:function unnamed_94(){ with(Math){ return gradea*0.075;}; }
22:43:55.591 [main] ERROR BATTLE - 3:JS脚本需要使用js引擎编译，脚本:function unnamed_90(){ with(Math){ return gradea*0.05;}; }
22:43:55.592 [main] ERROR BATTLE - 3:JS脚本需要使用js引擎编译，脚本:function unnamed_44(){ with(Math){ return -magicattacka*2.2;}; }
22:43:55.594 [main] ERROR BATTLE - 3:JS脚本需要使用js引擎编译，脚本:function unnamed_46(){ with(Math){ return -(phyattacka*0.45-defendb+1*gradea);}; }
22:43:55.595 [main] ERROR BATTLE - 3:JS脚本需要使用js引擎编译，脚本:function unnamed_111(){ with(Math){ return 0.35*maxhpb;}; }
22:43:55.596 [main] ERROR BATTLE - 3:JS脚本需要使用js引擎编译，脚本:function unnamed_121(){ with(Math){ return (15)+(TeamNum-1)*15+RoleLv*150;}; }
22:43:55.597 [main] ERROR BATTLE - 3:JS脚本需要使用js引擎编译，脚本:function unnamed_142(){ with(Math){ return _94019_<1;}; }
22:43:55.599 [main] ERROR BATTLE - 3:JS脚本需要使用js引擎编译，脚本:function unnamed_188(){ with(Math){ return _99060_>=1;}; }
22:43:55.600 [main] ERROR BATTLE - 3:JS脚本需要使用js引擎编译，脚本:function unnamed_191(){ with(Math){ return _99054_<1;}; }
22:43:55.601 [main] ERROR BATTLE - 3:JS脚本需要使用js引擎编译，脚本:function unnamed_212(){ with(Math){ return _99074_>=1;}; }
22:43:55.602 [main] ERROR BATTLE - 3:JS脚本需要使用js引擎编译，脚本:function unnamed_166(){ with(Math){ return _95003_=6;}; }
22:43:55.604 [main] ERROR BATTLE - 3:JS脚本需要使用js引擎编译，脚本:function unnamed_162(){ with(Math){ return _97001_>=4;}; }
22:43:55.605 [main] ERROR BATTLE - 3:JS脚本需要使用js引擎编译，脚本:function unnamed_126(){ with(Math){ return (15)+(TeamNum-1)*15+RoleLv*4;}; }
22:43:55.606 [main] ERROR BATTLE - 3:JS脚本需要使用js引擎编译，脚本:function unnamed_9(){ with(Math){ return 0.7+0.002*(skilllevela-gradeb)+(enhanceseala-resistsealb);}; }
22:43:55.607 [main] ERROR BATTLE - 3:JS脚本需要使用js引擎编译，脚本:function unnamed_12(){ with(Math){ return 16*skilllevela;}; }
22:43:55.609 [main] ERROR BATTLE - 3:JS脚本需要使用js引擎编译，脚本:function unnamed_204(){ with(Math){ return _99067_>=1;}; }
22:43:55.610 [main] ERROR BATTLE - 3:JS脚本需要使用js引擎编译，脚本:function unnamed_219(){ with(Math){ return !_503001_;}; }
22:43:55.611 [main] ERROR BATTLE - 3:JS脚本需要使用js引擎编译，脚本:function unnamed_59(){ with(Math){ return gradea*0.16;}; }
22:43:55.612 [main] ERROR BATTLE - 3:JS脚本需要使用js引擎编译，脚本:function unnamed_118(){ with(Math){ return (15)+(TeamNum-1)*15+RoleLv*100;}; }
22:43:55.614 [main] ERROR BATTLE - 3:JS脚本需要使用js引擎编译，脚本:function unnamed_214(){ with(Math){ return _501901_;}; }
22:43:55.615 [main] ERROR BATTLE - 3:JS脚本需要使用js引擎编译，脚本:function unnamed_189(){ with(Math){ return _99061_>=1;}; }
22:43:55.616 [main] ERROR BATTLE - 3:JS脚本需要使用js引擎编译，脚本:function unnamed_30(){ with(Math){ return -maxhpb*0.1;}; }
22:43:55.617 [main] ERROR BATTLE - 3:JS脚本需要使用js引擎编译，脚本:function unnamed_216(){ with(Math){ return !_508236_;}; }
22:43:55.619 [main] ERROR BATTLE - 3:JS脚本需要使用js引擎编译，脚本:function unnamed_62(){ with(Math){ return gradea*0.125;}; }
22:43:55.620 [main] ERROR BATTLE - 3:JS脚本需要使用js引擎编译，脚本:function unnamed_163(){ with(Math){ return _99040_>=2;}; }
22:43:55.621 [main] ERROR BATTLE - 3:JS脚本需要使用js引擎编译，脚本:function unnamed_81(){ with(Math){ return gradea*1.2;}; }
22:43:55.622 [main] ERROR BATTLE - 3:JS脚本需要使用js引擎编译，脚本:function unnamed_153(){ with(Math){ return _95003_<=5;}; }
22:43:55.623 [main] ERROR BATTLE - 3:JS脚本需要使用js引擎编译，脚本:function unnamed_170(){ with(Math){ return _99041_>=3;}; }
22:43:55.625 [main] ERROR BATTLE - 3:JS脚本需要使用js引擎编译，脚本:function unnamed_173(){ with(Math){ return _99044_<1;}; }
22:43:55.626 [main] ERROR BATTLE - 3:JS脚本需要使用js引擎编译，脚本:function unnamed_200(){ with(Math){ return _99062_>=1;}; }
22:43:55.627 [main] ERROR BATTLE - 3:JS脚本需要使用js引擎编译，脚本:function unnamed_159(){ with(Math){ return _96232_>=1;}; }
22:43:55.629 [main] ERROR BATTLE - 3:JS脚本需要使用js引擎编译，脚本:function unnamed_4(){ with(Math){ return 0.15*maxhpb;}; }
22:43:55.630 [main] ERROR BATTLE - 3:JS脚本需要使用js引擎编译，脚本:function unnamed_78(){ with(Math){ return gradea*0.08;}; }
22:43:55.631 [main] ERROR BATTLE - 3:JS脚本需要使用js引擎编译，脚本:function unnamed_3(){ with(Math){ return -(phyattacka*0.55-defendb+1*skilllevela);}; }
22:43:55.632 [main] ERROR BATTLE - 3:JS脚本需要使用js引擎编译，脚本:function unnamed_77(){ with(Math){ return gradea*0.0014;}; }
22:43:55.634 [main] ERROR BATTLE - 3:JS脚本需要使用js引擎编译，脚本:function unnamed_133(){ with(Math){ return 3000*RoleLv;}; }
22:43:55.635 [main] ERROR BATTLE - 3:JS脚本需要使用js引擎编译，脚本:function unnamed_76(){ with(Math){ return gradea*0.001225;}; }
22:43:55.636 [main] ERROR BATTLE - 3:JS脚本需要使用js引擎编译，脚本:function unnamed_86(){ with(Math){ return gradea*0.3375;}; }
22:43:55.637 [main] ERROR BATTLE - 3:JS脚本需要使用js引擎编译，脚本:function unnamed_167(){ with(Math){ return _95003_=7;}; }
22:43:55.639 [main] ERROR BATTLE - 3:JS脚本需要使用js引擎编译，脚本:function unnamed_15(){ with(Math){ return -(magicattacka*1.8-magicdefb+2*skilllevela)*(0.5+0.05*(4-preaimcount));}; }
22:43:55.640 [main] ERROR BATTLE - 3:JS脚本需要使用js引擎编译，脚本:function unnamed_50(){ with(Math){ return -(magicattacka*0.5-magicdefb+2*gradea)*(0.5+0.05*(2-preaimcount));}; }
22:43:55.641 [main] ERROR BATTLE - 3:JS脚本需要使用js引擎编译，脚本:function unnamed_123(){ with(Math){ return (15)+(TeamNum-1)*15+RoleLv*1;}; }
22:43:55.642 [main] ERROR BATTLE - 3:JS脚本需要使用js引擎编译，脚本:function unnamed_103(){ with(Math){ return gradea*3;}; }
22:43:55.644 [main] ERROR BATTLE - 3:JS脚本需要使用js引擎编译，脚本:function unnamed_13(){ with(Math){ return ((medicala*0.5+skilllevela*1.4)+abs(maindamage)*0.1)*(1+healrevisea)*(1+medicaljiashena/1000);}; }
22:43:55.646 [main] ERROR BATTLE - 3:JS脚本需要使用js引擎编译，脚本:function unnamed_71(){ with(Math){ return gradea*1.22;}; }
22:43:55.647 [main] ERROR BATTLE - 3:JS脚本需要使用js引擎编译，脚本:function unnamed_138(){ with(Math){ return Ring+3;}; }
22:43:55.648 [main] ERROR BATTLE - 3:JS脚本需要使用js引擎编译，脚本:function unnamed_60(){ with(Math){ return gradea*0.1;}; }
22:43:55.649 [main] ERROR BATTLE - 3:JS脚本需要使用js引擎编译，脚本:function unnamed_180(){ with(Math){ return _94014_>=7;}; }
22:43:55.650 [main] ERROR BATTLE - 3:JS脚本需要使用js引擎编译，脚本:function unnamed_147(){ with(Math){ return _99038_>=1;}; }
22:43:55.652 [main] ERROR BATTLE - 3:JS脚本需要使用js引擎编译，脚本:function unnamed_186(){ with(Math){ return _99058_>=1;}; }
22:43:55.653 [main] ERROR BATTLE - 3:JS脚本需要使用js引擎编译，脚本:function unnamed_115(){ with(Math){ return (15)+(TeamNum-1)*15+RoleLv*160;}; }
22:43:55.654 [main] ERROR BATTLE - 3:JS脚本需要使用js引擎编译，脚本:function unnamed_34(){ with(Math){ return -maxhpb*0.6;}; }
22:43:55.655 [main] ERROR BATTLE - 3:JS脚本需要使用js引擎编译，脚本:function unnamed_215(){ with(Math){ return _501402_;}; }
22:43:55.657 [main] ERROR BATTLE - 3:JS脚本需要使用js引擎编译，脚本:function unnamed_150(){ with(Math){ return _95003_<=2;}; }
22:43:55.661 [main] ERROR BATTLE - 3:JS脚本需要使用js引擎编译，脚本:function unnamed_0(){ with(Math){ return -(phyattacka*1.3-defendb+1*skilllevela);}; }
22:43:55.662 [main] ERROR BATTLE - 3:JS脚本需要使用js引擎编译，脚本:function unnamed_66(){ with(Math){ return gradea*0.175;}; }
22:43:55.664 [main] ERROR BATTLE - 3:JS脚本需要使用js引擎编译，脚本:function unnamed_55(){ with(Math){ return -(phyattacka*1-defendb+7*gradea);}; }
22:43:55.672 [main] ERROR BATTLE - 3:JS脚本需要使用js引擎编译，脚本:function unnamed_22(){ with(Math){ return medicala+1.2*skilllevela;}; }
22:43:55.685 [main] ERROR BATTLE - 3:JS脚本需要使用js引擎编译，脚本:function unnamed_222(){ with(Math){ return !_508006_;}; }
22:43:55.686 [main] ERROR BATTLE - 3:JS脚本需要使用js引擎编译，脚本:function unnamed_41(){ with(Math){ return -(phyattacka*1.60-defendb+1*skilllevela)*2.5;}; }
22:43:55.698 [main] ERROR BATTLE - 3:JS脚本需要使用js引擎编译，脚本:function unnamed_136(){ with(Math){ return RoleLv*200;}; }
22:43:55.699 [main] ERROR BATTLE - 3:JS脚本需要使用js引擎编译，脚本:function unnamed_7(){ with(Math){ return 9*skilllevela;}; }
22:43:55.700 [main] ERROR BATTLE - 3:JS脚本需要使用js引擎编译，脚本:function unnamed_192(){ with(Math){ return _99055_<1;}; }
22:43:55.702 [main] ERROR BATTLE - 3:JS脚本需要使用js引擎编译，脚本:function unnamed_101(){ with(Math){ return gradea*0.45;}; }
22:43:55.703 [main] ERROR BATTLE - 3:JS脚本需要使用js引擎编译，脚本:function unnamed_6(){ with(Math){ return -(phyattacka*1.45-defendb+1*skilllevela);}; }
22:43:55.705 [main] ERROR BATTLE - 3:JS脚本需要使用js引擎编译，脚本:function unnamed_53(){ with(Math){ return abs(maindamage)*0.20;}; }
22:43:55.707 [main] ERROR BATTLE - 3:JS脚本需要使用js引擎编译，脚本:function unnamed_92(){ with(Math){ return gradea*0.0625;}; }
22:43:55.708 [main] ERROR BATTLE - 3:JS脚本需要使用js引擎编译，脚本:function unnamed_177(){ with(Math){ return _94056_>=3;}; }
22:43:55.709 [main] ERROR BATTLE - 3:JS脚本需要使用js引擎编译，脚本:function unnamed_104(){ with(Math){ return gradea*3.25;}; }
22:43:55.710 [main] ERROR BATTLE - 3:JS脚本需要使用js引擎编译，脚本:function unnamed_25(){ with(Math){ return 0.7*maxhpb;}; }
22:43:55.711 [main] ERROR BATTLE - 3:JS脚本需要使用js引擎编译，脚本:function unnamed_1(){ with(Math){ return -(phyattacka*1.35-defendb+1*skilllevela);}; }
22:43:55.719 [main] ERROR BATTLE - 3:JS脚本需要使用js引擎编译，脚本:function unnamed_124(){ with(Math){ return (15)+(TeamNum-1)*15+RoleLv*2;}; }
22:43:55.721 [main] ERROR BATTLE - 3:JS脚本需要使用js引擎编译，脚本:function unnamed_168(){ with(Math){ return _95003_=8;}; }
22:43:55.722 [main] ERROR BATTLE - 3:JS脚本需要使用js引擎编译，脚本:function unnamed_45(){ with(Math){ return -magicattacka*1.6;}; }
22:43:55.723 [main] ERROR BATTLE - 3:JS脚本需要使用js引擎编译，脚本:function unnamed_89(){ with(Math){ return gradea*1.225;}; }
22:43:55.724 [main] ERROR BATTLE - 3:JS脚本需要使用js引擎编译，脚本:function unnamed_146(){ with(Math){ return _99037_>=1;}; }
22:43:55.726 [main] ERROR BATTLE - 3:JS脚本需要使用js引擎编译，脚本:function unnamed_10(){ with(Math){ return gradea*2;}; }
22:43:55.727 [main] ERROR BATTLE - 3:JS脚本需要使用js引擎编译，脚本:function unnamed_35(){ with(Math){ return -maxhpb*0.7;}; }
22:43:55.728 [main] ERROR BATTLE - 3:JS脚本需要使用js引擎编译，脚本:function unnamed_61(){ with(Math){ return gradea*0.2;}; }
22:43:55.729 [main] ERROR BATTLE - 3:JS脚本需要使用js引擎编译，脚本:function unnamed_114(){ with(Math){ return -magicattacka*0.7;}; }
22:43:55.730 [main] ERROR BATTLE - 3:JS脚本需要使用js引擎编译，脚本:function unnamed_85(){ with(Math){ return gradea*0.2835;}; }
22:43:55.732 [main] ERROR BATTLE - 3:JS脚本需要使用js引擎编译，脚本:function unnamed_57(){ with(Math){ return 10+gradea;}; }
22:43:55.733 [main] ERROR BATTLE - 3:JS脚本需要使用js引擎编译，脚本:function unnamed_145(){ with(Math){ return _99036_>=1;}; }
22:43:55.734 [main] ERROR BATTLE - 3:JS脚本需要使用js引擎编译，脚本:function unnamed_151(){ with(Math){ return _95003_<=3;}; }
22:43:55.735 [main] ERROR BATTLE - 3:JS脚本需要使用js引擎编译，脚本:function unnamed_106(){ with(Math){ return gradea*3.75;}; }
22:43:55.736 [main] ERROR BATTLE - 3:JS脚本需要使用js引擎编译，脚本:function unnamed_160(){ with(Math){ return _96234_>=1;}; }
22:43:55.742 [main] ERROR BATTLE - 3:JS脚本需要使用js引擎编译，脚本:function unnamed_178(){ with(Math){ return _99049_>=1;}; }
22:43:55.743 [main] ERROR BATTLE - 3:JS脚本需要使用js引擎编译，脚本:function unnamed_84(){ with(Math){ return gradea*0.2362;}; }
22:43:55.745 [main] ERROR BATTLE - 3:JS脚本需要使用js引擎编译，脚本:function unnamed_197(){ with(Math){ return _99060_<1;}; }
22:43:55.746 [main] ERROR BATTLE - 3:JS脚本需要使用js引擎编译，脚本:function unnamed_14(){ with(Math){ return ((medicala*0.2+skilllevela*1.2)+abs(maindamage)*0.08)*(1+healrevisea)*(1+medicaljiashena/1000);}; }
22:43:55.750 [main] ERROR BATTLE - 3:JS脚本需要使用js引擎编译，脚本:function unnamed_42(){ with(Math){ return -(phyattacka*1.10-defendb+1*skilllevela)*2.5;}; }
22:43:55.751 [main] ERROR BATTLE - 3:JS脚本需要使用js引擎编译，脚本:function unnamed_194(){ with(Math){ return _99057_<1;}; }
22:43:55.753 [main] ERROR BATTLE - 3:JS脚本需要使用js引擎编译，脚本:function unnamed_211(){ with(Math){ return _99065_>=3;}; }
22:43:55.754 [main] ERROR BATTLE - 3:JS脚本需要使用js引擎编译，脚本:function unnamed_131(){ with(Math){ return (1*RoleLv*1.3)*(random()*(1.02-0.98)+0.98);}; }
22:43:55.755 [main] ERROR BATTLE - 3:JS脚本需要使用js引擎编译，脚本:function unnamed_27(){ with(Math){ return 10+1.3*skilllevela;}; }
22:43:55.756 [main] ERROR BATTLE - 3:JS脚本需要使用js引擎编译，脚本:function unnamed_128(){ with(Math){ return RoleLv*1.7+20;}; }
22:43:55.757 [main] ERROR BATTLE - 3:JS脚本需要使用js引擎编译，脚本:function unnamed_169(){ with(Math){ return _95003_=9;}; }
22:43:55.758 [main] ERROR BATTLE - 3:JS脚本需要使用js引擎编译，脚本:function unnamed_135(){ with(Math){ return (400*MonsterLv*0.017*(MonsterNum*0.083+MasterNum*0.1245)*min(max(1-0.2*floor(abs(MonsterLv-RoleLv)/5),0.1),1)*(1-IsDbPoint)+400*MonsterLv*0.13*(MonsterNum*0.083+MasterNum*0.1245)*min(max(1-0.2*floor(abs(MonsterLv-RoleLv)/5),0.1),1)*IsDbPoint)*(random()*(1.02-0.98)+0.98);}; }
22:43:55.760 [main] ERROR BATTLE - 3:JS脚本需要使用js引擎编译，脚本:function unnamed_20(){ with(Math){ return medicala+3*skilllevela*2;}; }
22:43:55.761 [main] ERROR BATTLE - 3:JS脚本需要使用js引擎编译，脚本:function unnamed_68(){ with(Math){ return gradea*0.7;}; }
22:43:55.762 [main] ERROR BATTLE - 3:JS脚本需要使用js引擎编译，脚本:function unnamed_43(){ with(Math){ return -magicattacka*3;}; }
22:43:55.763 [main] ERROR BATTLE - 3:JS脚本需要使用js引擎编译，脚本:function unnamed_172(){ with(Math){ return _99043_>=1;}; }
22:43:55.764 [main] ERROR BATTLE - 3:JS脚本需要使用js引擎编译，脚本:function unnamed_196(){ with(Math){ return _99059_<1;}; }
22:43:55.765 [main] ERROR BATTLE - 3:JS脚本需要使用js引擎编译，脚本:function unnamed_207(){ with(Math){ return _99071_>=1;}; }
22:43:55.767 [main] ERROR BATTLE - 3:JS脚本需要使用js引擎编译，脚本:function unnamed_93(){ with(Math){ return gradea*0.625;}; }
22:43:55.768 [main] ERROR BATTLE - 3:JS脚本需要使用js引擎编译，脚本:function unnamed_83(){ with(Math){ return gradea*0.189;}; }
22:43:55.769 [main] ERROR BATTLE - 3:JS脚本需要使用js引擎编译，脚本:function unnamed_119(){ with(Math){ return (15)+(TeamNum-1)*15+RoleLv*120;}; }
22:43:55.770 [main] ERROR BATTLE - 3:JS脚本需要使用js引擎编译，脚本:function unnamed_33(){ with(Math){ return -maxhpb*0.4;}; }
22:43:55.771 [main] ERROR BATTLE - 3:JS脚本需要使用js引擎编译，脚本:function unnamed_227(){ with(Math){ return 1*TeamNum+5;}; }
22:43:55.772 [main] ERROR BATTLE - 3:JS脚本需要使用js引擎编译，脚本:function unnamed_174(){ with(Math){ return _99045_<1;}; }
22:43:55.773 [main] ERROR BATTLE - 3:JS脚本需要使用js引擎编译，脚本:function unnamed_74(){ with(Math){ return gradea*0.000875;}; }
22:43:55.774 [main] ERROR BATTLE - 3:JS脚本需要使用js引擎编译，脚本:function unnamed_156(){ with(Math){ return _95003_<=8;}; }
22:43:55.775 [main] ERROR BATTLE - 3:JS脚本需要使用js引擎编译，脚本:function unnamed_37(){ with(Math){ return -(phyattacka*1.40-defendb+1*skilllevela)*2.5;}; }
22:43:55.777 [main] ERROR BATTLE - 3:JS脚本需要使用js引擎编译，脚本:function unnamed_199(){ with(Math){ return _96001_/_96002_<0.1;}; }
22:43:55.778 [main] ERROR BATTLE - 3:JS脚本需要使用js引擎编译，脚本:function unnamed_209(){ with(Math){ return _99072_<1;}; }
22:43:55.779 [main] ERROR BATTLE - 3:JS脚本需要使用js引擎编译，脚本:function unnamed_23(){ with(Math){ return (medicala+1.2*skilllevela)*0.4;}; }
22:43:55.780 [main] ERROR BATTLE - 3:JS脚本需要使用js引擎编译，脚本:function unnamed_70(){ with(Math){ return gradea*1.05;}; }
22:43:55.781 [main] ERROR BATTLE - 3:JS脚本需要使用js引擎编译，脚本:function unnamed_63(){ with(Math){ return gradea*0.24;}; }
22:43:55.782 [main] ERROR BATTLE - 3:JS脚本需要使用js引擎编译，脚本:function unnamed_98(){ with(Math){ return gradea*0.85;}; }
22:43:55.784 [main] ERROR BATTLE - 3:JS脚本需要使用js引擎编译，脚本:function unnamed_144(){ with(Math){ return _94056_>=1;}; }
22:43:55.785 [main] ERROR BATTLE - 3:JS脚本需要使用js引擎编译，脚本:function unnamed_141(){ with(Math){ return (500*RoleLv*0.05)*(random()*(1.02-0.98)+0.98)*0.5;}; }
22:43:55.786 [main] ERROR BATTLE - 3:JS脚本需要使用js引擎编译，脚本:function unnamed_143(){ with(Math){ return _99065_>=4;}; }
22:43:55.788 [main] ERROR BATTLE - 3:JS脚本需要使用js引擎编译，脚本:function unnamed_185(){ with(Math){ return _99057_>=1;}; }
22:43:55.789 [main] ERROR BATTLE - 3:JS脚本需要使用js引擎编译，脚本:function unnamed_107(){ with(Math){ return gradea*4;}; }
22:43:55.792 [main] ERROR BATTLE - 3:JS脚本需要使用js引擎编译，脚本:function unnamed_206(){ with(Math){ return _99068_>=1;}; }
22:43:55.793 [main] ERROR BATTLE - 3:JS脚本需要使用js引擎编译，脚本:function unnamed_58(){ with(Math){ return -(magicattacka*1.2-magicdefb+2*gradea)*(0.5+0.05*(2-preaimcount));}; }
22:43:55.794 [main] ERROR BATTLE - 3:JS脚本需要使用js引擎编译，脚本:function unnamed_100(){ with(Math){ return gradea*0.375;}; }
22:43:55.795 [main] ERROR BATTLE - 3:JS脚本需要使用js引擎编译，脚本:function unnamed_56(){ with(Math){ return -(magicattacka*3.5-magicdefb+2*skilllevela)*0.3;}; }
22:43:55.796 [main] ERROR BATTLE - 3:JS脚本需要使用js引擎编译，脚本:function unnamed_26(){ with(Math){ return -(speeda*0.1+7*skilllevela)*1.1;}; }
22:43:55.797 [main] ERROR BATTLE - 3:JS脚本需要使用js引擎编译，脚本:function unnamed_75(){ with(Math){ return gradea*0.00105;}; }
22:43:55.799 [main] ERROR BATTLE - 3:JS脚本需要使用js引擎编译，脚本:function unnamed_80(){ with(Math){ return gradea*0.12;}; }
22:43:55.800 [main] ERROR BATTLE - 3:JS脚本需要使用js引擎编译，脚本:function unnamed_40(){ with(Math){ return -(phyattacka*1.55-defendb+1*skilllevela)*2.5;}; }
22:43:55.801 [main] ERROR BATTLE - 3:JS脚本需要使用js引擎编译，脚本:function unnamed_157(){ with(Math){ return _95003_<=9;}; }
22:43:55.802 [main] ERROR BATTLE - 3:JS脚本需要使用js引擎编译，脚本:function unnamed_140(){ with(Math){ return (5000*RoleLv*0.05)*(random()*(1.02-0.98)+0.98)*(1-min(5-TeamNum,2)*0.15);}; }
22:43:55.804 [main] ERROR BATTLE - 3:JS脚本需要使用js引擎编译，脚本:function unnamed_184(){ with(Math){ return _99056_>=1;}; }
22:43:55.805 [main] ERROR BATTLE - 3:JS脚本需要使用js引擎编译，脚本:function unnamed_122(){ with(Math){ return RoleLv*10;}; }
22:43:55.806 [main] ERROR BATTLE - 3:JS脚本需要使用js引擎编译，脚本:function unnamed_48(){ with(Math){ return -(phyattacka*2-defendb+1*gradea);}; }
22:43:55.807 [main] ERROR BATTLE - 3:JS脚本需要使用js引擎编译，脚本:function unnamed_110(){ with(Math){ return 0.3*maxhpb;}; }
22:43:55.808 [main] ERROR BATTLE - 3:JS脚本需要使用js引擎编译，脚本:function unnamed_2(){ with(Math){ return -(phyattacka*0.65-defendb+1*skilllevela);}; }
22:43:55.809 [main] ERROR BATTLE - 3:JS脚本需要使用js引擎编译，脚本:function unnamed_109(){ with(Math){ return 0.05*maxhpb;}; }
22:43:55.811 [main] ERROR BATTLE - 3:JS脚本需要使用js引擎编译，脚本:function unnamed_208(){ with(Math){ return _99070_==1;}; }
22:43:55.812 [main] ERROR BATTLE - 3:JS脚本需要使用js引擎编译，脚本:function unnamed_179(){ with(Math){ return _99052_>=1;}; }
22:43:55.813 [main] ERROR BATTLE - 3:JS脚本需要使用js引擎编译，脚本:function unnamed_29(){ with(Math){ return -(magicattacka*1.8-magicdefb+2*gradea)*0.5;}; }
22:43:55.814 [main] ERROR BATTLE - 3:JS脚本需要使用js引擎编译，脚本:function unnamed_218(){ with(Math){ return !_509951_;}; }
22:43:55.815 [main] ERROR BATTLE - 3:JS脚本需要使用js引擎编译，脚本:function unnamed_213(){ with(Math){ return _502003_;}; }
22:43:55.816 [main] ERROR BATTLE - 3:JS脚本需要使用js引擎编译，脚本:function unnamed_132(){ with(Math){ return 2000*RoleLv;}; }
22:43:55.817 [main] ERROR BATTLE - 3:JS脚本需要使用js引擎编译，脚本:function unnamed_97(){ with(Math){ return gradea*0.65;}; }
22:43:55.819 [main] ERROR BATTLE - 3:JS脚本需要使用js引擎编译，脚本:function unnamed_161(){ with(Math){ return _95003_=3;}; }
22:43:55.820 [main] ERROR BATTLE - 3:JS脚本需要使用js引擎编译，脚本:function unnamed_183(){ with(Math){ return _99055_>=1;}; }
22:43:55.821 [main] ERROR BATTLE - 3:JS脚本需要使用js引擎编译，脚本:function unnamed_129(){ with(Math){ return (1*RoleLv*11)*(random()*(1.02-0.98)+0.98);}; }
22:43:55.822 [main] ERROR BATTLE - 3:JS脚本需要使用js引擎编译，脚本:function unnamed_17(){ with(Math){ return abs(maindamage)*1;}; }
22:43:55.823 [main] ERROR BATTLE - 3:JS脚本需要使用js引擎编译，脚本:function unnamed_49(){ with(Math){ return phyattacka*1.25-defendb+1*gradea;}; }
22:43:55.824 [main] ERROR BATTLE - 3:JS脚本需要使用js引擎编译，脚本:function unnamed_127(){ with(Math){ return (15)+(TeamNum-1)*15+RoleLv*5;}; }
22:43:55.826 [main] ERROR BATTLE - 3:JS脚本需要使用js引擎编译，脚本:function unnamed_73(){ with(Math){ return gradea*0.0007;}; }
22:43:55.827 [main] ERROR BATTLE - 3:JS脚本需要使用js引擎编译，脚本:function unnamed_91(){ with(Math){ return gradea*0.5;}; }
22:43:55.828 [main] ERROR BATTLE - 3:JS脚本需要使用js引擎编译，脚本:function unnamed_64(){ with(Math){ return gradea*0.15;}; }
22:43:55.829 [main] ERROR BATTLE - 3:JS脚本需要使用js引擎编译，脚本:function unnamed_190(){ with(Math){ return _99053_<1;}; }
22:43:55.830 [main] ERROR BATTLE - 3:JS脚本需要使用js引擎编译，脚本:function unnamed_102(){ with(Math){ return gradea*0.525;}; }
22:43:55.831 [main] ERROR BATTLE - 3:JS脚本需要使用js引擎编译，脚本:function unnamed_31(){ with(Math){ return -maxhpb*0.2;}; }
22:43:55.833 [main] ERROR BATTLE - 3:JS脚本需要使用js引擎编译，脚本:function unnamed_130(){ with(Math){ return (1*RoleLv*0.94)*(random()*(1.02-0.98)+0.98);}; }
22:43:55.834 [main] ERROR BATTLE - 3:JS脚本需要使用js引擎编译，脚本:function unnamed_16(){ with(Math){ return abs(maindamage)*0.35;}; }
22:43:55.835 [main] ERROR BATTLE - 3:JS脚本需要使用js引擎编译，脚本:function unnamed_18(){ with(Math){ return -magicattacka*0.2;}; }
22:43:55.836 [main] ERROR BATTLE - 3:JS脚本需要使用js引擎编译，脚本:function unnamed_154(){ with(Math){ return _95003_<=6;}; }
22:43:55.837 [main] ERROR BATTLE - 3:JS脚本需要使用js引擎编译，脚本:function unnamed_28(){ with(Math){ return -(magicattacka*1.3-magicdefb+2*gradea)*0.5;}; }
22:43:55.839 [main] ERROR BATTLE - 3:JS脚本需要使用js引擎编译，脚本:function unnamed_36(){ with(Math){ return -(phyattacka*10-defendb+1*gradea+max((phyattacka-phyattackb)*0.05,0));}; }
22:43:55.840 [main] ERROR BATTLE - 3:JS脚本需要使用js引擎编译，脚本:function unnamed_182(){ with(Math){ return _99054_>=1;}; }
22:43:55.841 [main] ERROR BATTLE - 3:JS脚本需要使用js引擎编译，脚本:function unnamed_225(){ with(Math){ return !_508014_;}; }
22:43:55.842 [main] ERROR BATTLE - 3:JS脚本需要使用js引擎编译，脚本:function unnamed_69(){ with(Math){ return gradea*0.87;}; }
22:43:55.843 [main] ERROR BATTLE - 3:JS脚本需要使用js引擎编译，脚本:function unnamed_164(){ with(Math){ return _95003_=4;}; }
22:43:55.844 [main] ERROR BATTLE - 3:JS脚本需要使用js引擎编译，脚本:function unnamed_175(){ with(Math){ return _99047_>=1;}; }
22:43:55.846 [main] ERROR BATTLE - 3:JS脚本需要使用js引擎编译，脚本:function unnamed_181(){ with(Math){ return _99053_>=1;}; }
22:43:55.847 [main] ERROR BATTLE - 3:JS脚本需要使用js引擎编译，脚本:function unnamed_134(){ with(Math){ return (400*MonsterLv*0.011*(MonsterNum*0.083+MasterNum*0.1245)*min(max(1-0.2*floor(abs(MonsterLv-RoleLv)/5),0.1),1)*(1-IsDbPoint)+400*MonsterLv*0.13*(MonsterNum*0.083+MasterNum*0.1245)*min(max(1-0.2*floor(abs(MonsterLv-RoleLv)/5),0.1),1)*IsDbPoint)*(random()*(1.02-0.98)+0.98);}; }
22:43:55.848 [main] ERROR BATTLE - 3:JS脚本需要使用js引擎编译，脚本:function unnamed_176(){ with(Math){ return _99048_>=1;}; }
22:43:55.849 [main] ERROR BATTLE - 3:JS脚本需要使用js引擎编译，脚本:function unnamed_39(){ with(Math){ return -(phyattacka*1.50-defendb+1*skilllevela)*2.5;}; }
22:43:55.851 [main] ERROR BATTLE - 3:JS脚本需要使用js引擎编译，脚本:function unnamed_120(){ with(Math){ return (15)+(TeamNum-1)*15+RoleLv*140;}; }
22:43:55.852 [main] ERROR BATTLE - 3:JS脚本需要使用js引擎编译，脚本:function unnamed_51(){ with(Math){ return -(magicattacka*0.8-magicdefb+2*gradea)*(0.5+0.05*(2-preaimcount));}; }
22:43:55.853 [main] ERROR BATTLE - 3:JS脚本需要使用js引擎编译，脚本:function unnamed_82(){ with(Math){ return gradea*0.14;}; }
22:43:55.854 [main] ERROR BATTLE - 3:JS脚本需要使用js引擎编译，脚本:function unnamed_32(){ with(Math){ return -maxhpb*0.3;}; }
22:43:55.855 [main] ERROR BATTLE - 3:JS脚本需要使用js引擎编译，脚本:function unnamed_54(){ with(Math){ return -(magicattacka*3.5-magicdefb+2*skilllevela)*0.5;}; }
22:43:55.857 [main] ERROR BATTLE - 3:JS脚本需要使用js引擎编译，脚本:function unnamed_95(){ with(Math){ return gradea*0.75;}; }
22:43:55.858 [main] ERROR BATTLE - 3:JS脚本需要使用js引擎编译，脚本:function unnamed_158(){ with(Math){ return _95003_<=10;}; }
22:43:55.859 [main] ERROR BATTLE - 3:JS脚本需要使用js引擎编译，脚本:function unnamed_19(){ with(Math){ return medicala*1.1+3*skilllevela;}; }
22:43:55.860 [main] ERROR BATTLE - 3:JS脚本需要使用js引擎编译，脚本:function unnamed_72(){ with(Math){ return gradea*1.4;}; }
22:43:55.861 [main] ERROR BATTLE - 3:JS脚本需要使用js引擎编译，脚本:function unnamed_139(){ with(Math){ return 105800+floor(RoleLv/10)*440+(200+floor(RoleLv/10)*40*(Ring-1));}; }
22:43:55.863 [main] ERROR BATTLE - 3:JS脚本需要使用js引擎编译，脚本:function unnamed_108(){ with(Math){ return -(phyattacka*1.2-defendb+1*gradea);}; }
22:43:55.864 [main] ERROR BATTLE - 3:JS脚本需要使用js引擎编译，脚本:function unnamed_117(){ with(Math){ return RoleLv*50;}; }
22:43:55.865 [main] ERROR BATTLE - 3:JS脚本需要使用js引擎编译，脚本:function unnamed_155(){ with(Math){ return _95003_<=7;}; }
22:43:55.866 [main] ERROR BATTLE - 3:JS脚本需要使用js引擎编译，脚本:function unnamed_220(){ with(Math){ return !_501402_;}; }
22:43:55.867 [main] ERROR BATTLE - 3:JS脚本需要使用js引擎编译，脚本:function unnamed_21(){ with(Math){ return -(magicattacka*1.3-magicdefb+2*gradea)*0.5*(1.2+(0.6+0.2*skilllevela)*(1-curmpb/maxmpb));}; }
22:43:55.869 [main] ERROR BATTLE - 3:JS脚本需要使用js引擎编译，脚本:function unnamed_116(){ with(Math){ return 1600*RoleLv*0.067*(0.74+0.02*Time)*(random()*(1.02-0.98)+0.98);}; }
22:43:55.870 [main] ERROR BATTLE - 3:JS脚本需要使用js引擎编译，脚本:function unnamed_5(){ with(Math){ return -(phyattacka*1-defendb+1*gradea)*(0.25+0.05*skilllevela);}; }
22:43:55.871 [main] ERROR BATTLE - 3:JS脚本需要使用js引擎编译，脚本:function unnamed_226(){ with(Math){ return !_508008_;}; }
22:43:55.873 [main] ERROR BATTLE - 3:JS脚本需要使用js引擎编译，脚本:function unnamed_210(){ with(Math){ return _94041_>=1;}; }
22:43:55.874 [main] ERROR BATTLE - 3:JS脚本需要使用js引擎编译，脚本:function unnamed_205(){ with(Math){ return _99049_>=5;}; }
22:43:55.875 [main] ERROR BATTLE - 3:JS脚本需要使用js引擎编译，脚本:function unnamed_217(){ with(Math){ return !_508237_;}; }
22:43:55.876 [main] ERROR BATTLE - 3:JS脚本需要使用js引擎编译，脚本:function unnamed_47(){ with(Math){ return -(phyattacka*1.25-defendb+1*gradea+max((phyattacka-phyattackb)*0.25,0));}; }
22:43:55.877 [main] ERROR BATTLE - 3:JS脚本需要使用js引擎编译，脚本:function unnamed_149(){ with(Math){ return _94056_>=4;}; }
22:43:55.879 [main] ERROR BATTLE - 3:JS脚本需要使用js引擎编译，脚本:function unnamed_195(){ with(Math){ return _99058_<1;}; }
22:43:55.880 [main] ERROR BATTLE - 3:JS脚本需要使用js引擎编译，脚本:function unnamed_148(){ with(Math){ return _99039_>=1;}; }
22:43:55.881 [main] ERROR BATTLE - 3:JS脚本需要使用js引擎编译，脚本:function unnamed_187(){ with(Math){ return _99059_>=1;}; }
22:43:55.882 [main] ERROR BATTLE - 3:JS脚本需要使用js引擎编译，脚本:function unnamed_24(){ with(Math){ return 2*skilllevela+50;}; }
22:43:55.883 [main] ERROR BATTLE - 3:JS脚本需要使用js引擎编译，脚本:function unnamed_96(){ with(Math){ return gradea*0.0875;}; }
22:43:55.884 [main] ERROR BATTLE - 3:JS脚本需要使用js引擎编译，脚本:function unnamed_165(){ with(Math){ return _95003_=5;}; }
22:43:55.886 [main] ERROR BATTLE - 3:JS脚本需要使用js引擎编译，脚本:function unnamed_113(){ with(Math){ return -(phyattacka*0.5-defendb+1*gradea);}; }
22:43:55.887 [main] ERROR BATTLE - 3:JS脚本需要使用js引擎编译，脚本:function unnamed_105(){ with(Math){ return gradea*3.5;}; }
22:43:55.888 [main] ERROR BATTLE - 3:JS脚本需要使用js引擎编译，脚本:function unnamed_125(){ with(Math){ return (15)+(TeamNum-1)*15+RoleLv*3;}; }
22:43:55.889 [main] ERROR BATTLE - 3:JS脚本需要使用js引擎编译，脚本:function unnamed_11(){ with(Math){ return -(phyattacka*0.45-defendb+1*skilllevela);}; }
22:43:55.890 [main] ERROR BATTLE - 3:JS脚本需要使用js引擎编译，脚本:function unnamed_112(){ with(Math){ return -(phyattacka*0.65-defendb+1*gradea);}; }
22:43:55.892 [main] ERROR BATTLE - 3:JS脚本需要使用js引擎编译，脚本:function unnamed_137(){ with(Math){ return 500*RoleLv*1.215*(0.88+0.03);}; }
22:43:55.893 [main] ERROR BATTLE - 3:JS脚本需要使用js引擎编译，脚本:function unnamed_171(){ with(Math){ return _99042_>=3;}; }
22:43:55.894 [main] ERROR BATTLE - 3:JS脚本需要使用js引擎编译，脚本:function unnamed_202(){ with(Math){ return _99062_>=3;}; }
22:43:55.895 [main] ERROR BATTLE - 3:JS脚本需要使用js引擎编译，脚本:function unnamed_79(){ with(Math){ return gradea*1;}; }
22:43:55.897 [main] ERROR BATTLE - 3:JS脚本需要使用js引擎编译，脚本:function unnamed_87(){ with(Math){ return gradea*0.378;}; }
22:43:55.898 [main] ERROR BATTLE - 3:JS脚本需要使用js引擎编译，脚本:function unnamed_8(){ with(Math){ return -(magicattacka*1.2-magicdefb+2*skilllevela)*(0.5+0.05*(4-preaimcount));}; }
22:43:55.899 [main] ERROR BATTLE - 3:JS脚本需要使用js引擎编译，脚本:function unnamed_99(){ with(Math){ return gradea*0.3;}; }
22:43:55.900 [main] ERROR BATTLE - 3:JS脚本需要使用js引擎编译，脚本:function unnamed_193(){ with(Math){ return _99056_<1;}; }
22:43:55.901 [main] ERROR BATTLE - 3:JS脚本需要使用js引擎编译，脚本:function unnamed_88(){ with(Math){ return gradea*0.875;}; }
22:43:55.902 [main] ERROR BATTLE - 3:JS脚本需要使用js引擎编译，脚本:function unnamed_67(){ with(Math){ return gradea*0.32;}; }
22:43:55.904 [main] ERROR BATTLE - 3:JS脚本需要使用js引擎编译，脚本:function unnamed_224(){ with(Math){ return _503001_;}; }
22:43:55.905 [main] ERROR BATTLE - 3:JS脚本需要使用js引擎编译，脚本:function unnamed_52(){ with(Math){ return -(phyattacka*0.55-defendb+1*gradea);}; }
22:43:55.906 [main] ERROR BATTLE - 3:JS脚本需要使用js引擎编译，脚本:function unnamed_152(){ with(Math){ return _95003_<=4;}; }
22:43:55.907 [main] ERROR BATTLE - 3:JS脚本需要使用js引擎编译，脚本:function unnamed_198(){ with(Math){ return _99061_<1;}; }
22:43:55.908 [main] ERROR BATTLE - 3:JS脚本需要使用js引擎编译，脚本:function unnamed_223(){ with(Math){ return _509081_;}; }
22:43:55.910 [main] ERROR BATTLE - 3:JS脚本需要使用js引擎编译，脚本:function unnamed_38(){ with(Math){ return -(phyattacka*1.45-defendb+1*skilllevela)*2.5;}; }
22:43:55.911 [main] ERROR BATTLE - 3:JS脚本需要使用js引擎编译，脚本:function unnamed_203(){ with(Math){ return _99066_>=1;}; }
22:43:55.912 [main] ERROR BATTLE - 3:JS脚本需要使用js引擎编译，脚本:function unnamed_221(){ with(Math){ return !_508002_;}; }
22:43:55.913 [main] ERROR BATTLE - 3:JS脚本需要使用js引擎编译，脚本:function unnamed_65(){ with(Math){ return gradea*0.28;}; }
22:43:55.915 [main] ERROR BATTLE - 3:JS脚本需要使用js引擎编译，脚本:function unnamed_201(){ with(Math){ return _99062_>=2;}; }
22:43:55.916 [main] ERROR BATTLE - 3:JS脚本需要使用js引擎编译，脚本:function unnamed_94(){ with(Math){ return gradea*0.075;}; }
22:43:55.917 [main] ERROR BATTLE - 3:JS脚本需要使用js引擎编译，脚本:function unnamed_90(){ with(Math){ return gradea*0.05;}; }
22:43:55.918 [main] ERROR BATTLE - 3:JS脚本需要使用js引擎编译，脚本:function unnamed_44(){ with(Math){ return -magicattacka*2.2;}; }
22:43:55.919 [main] ERROR BATTLE - 3:JS脚本需要使用js引擎编译，脚本:function unnamed_46(){ with(Math){ return -(phyattacka*0.45-defendb+1*gradea);}; }
22:43:55.920 [main] ERROR BATTLE - 3:JS脚本需要使用js引擎编译，脚本:function unnamed_111(){ with(Math){ return 0.35*maxhpb;}; }
22:43:55.922 [main] ERROR BATTLE - 3:JS脚本需要使用js引擎编译，脚本:function unnamed_121(){ with(Math){ return (15)+(TeamNum-1)*15+RoleLv*150;}; }
22:43:55.923 [main] ERROR BATTLE - 3:JS脚本需要使用js引擎编译，脚本:function unnamed_142(){ with(Math){ return _94019_<1;}; }
22:43:55.925 [main] ERROR BATTLE - 3:JS脚本需要使用js引擎编译，脚本:function unnamed_188(){ with(Math){ return _99060_>=1;}; }
22:43:55.926 [main] ERROR BATTLE - 3:JS脚本需要使用js引擎编译，脚本:function unnamed_191(){ with(Math){ return _99054_<1;}; }
22:43:55.927 [main] ERROR BATTLE - 3:JS脚本需要使用js引擎编译，脚本:function unnamed_212(){ with(Math){ return _99074_>=1;}; }
22:43:55.928 [main] ERROR BATTLE - 3:JS脚本需要使用js引擎编译，脚本:function unnamed_166(){ with(Math){ return _95003_=6;}; }
22:43:55.929 [main] ERROR BATTLE - 3:JS脚本需要使用js引擎编译，脚本:function unnamed_162(){ with(Math){ return _97001_>=4;}; }
22:43:55.930 [main] ERROR BATTLE - 3:JS脚本需要使用js引擎编译，脚本:function unnamed_126(){ with(Math){ return (15)+(TeamNum-1)*15+RoleLv*4;}; }
22:43:55.937 [main] ERROR BATTLE - 3:JS脚本需要使用js引擎编译，脚本:function unnamed_9(){ with(Math){ return 0.7+0.002*(skilllevela-gradeb)+(enhanceseala-resistsealb);}; }
22:43:55.938 [main] ERROR BATTLE - 3:JS脚本需要使用js引擎编译，脚本:function unnamed_12(){ with(Math){ return 16*skilllevela;}; }
22:43:55.939 [main] ERROR BATTLE - 3:JS脚本需要使用js引擎编译，脚本:function unnamed_204(){ with(Math){ return _99067_>=1;}; }
22:43:55.941 [main] ERROR BATTLE - 3:JS脚本需要使用js引擎编译，脚本:function unnamed_219(){ with(Math){ return !_503001_;}; }
22:43:55.942 [main] ERROR BATTLE - 3:JS脚本需要使用js引擎编译，脚本:function unnamed_59(){ with(Math){ return gradea*0.16;}; }
22:43:55.943 [main] ERROR BATTLE - 3:JS脚本需要使用js引擎编译，脚本:function unnamed_118(){ with(Math){ return (15)+(TeamNum-1)*15+RoleLv*100;}; }
22:43:55.944 [main] ERROR BATTLE - 3:JS脚本需要使用js引擎编译，脚本:function unnamed_214(){ with(Math){ return _501901_;}; }
22:43:55.946 [main] ERROR BATTLE - 3:JS脚本需要使用js引擎编译，脚本:function unnamed_189(){ with(Math){ return _99061_>=1;}; }
22:43:55.947 [main] ERROR BATTLE - 3:JS脚本需要使用js引擎编译，脚本:function unnamed_30(){ with(Math){ return -maxhpb*0.1;}; }
22:43:55.948 [main] ERROR BATTLE - 3:JS脚本需要使用js引擎编译，脚本:function unnamed_216(){ with(Math){ return !_508236_;}; }
22:43:55.949 [main] ERROR BATTLE - 3:JS脚本需要使用js引擎编译，脚本:function unnamed_62(){ with(Math){ return gradea*0.125;}; }
22:43:55.951 [main] ERROR BATTLE - 3:JS脚本需要使用js引擎编译，脚本:function unnamed_163(){ with(Math){ return _99040_>=2;}; }
22:43:55.952 [main] ERROR BATTLE - 3:JS脚本需要使用js引擎编译，脚本:function unnamed_81(){ with(Math){ return gradea*1.2;}; }
22:43:55.953 [main] ERROR BATTLE - 3:JS脚本需要使用js引擎编译，脚本:function unnamed_153(){ with(Math){ return _95003_<=5;}; }
22:43:55.954 [main] ERROR BATTLE - 3:JS脚本需要使用js引擎编译，脚本:function unnamed_170(){ with(Math){ return _99041_>=3;}; }
22:43:55.955 [main] ERROR BATTLE - 3:JS脚本需要使用js引擎编译，脚本:function unnamed_173(){ with(Math){ return _99044_<1;}; }
22:43:55.956 [main] ERROR BATTLE - 3:JS脚本需要使用js引擎编译，脚本:function unnamed_200(){ with(Math){ return _99062_>=1;}; }
22:43:55.958 [main] ERROR BATTLE - 3:JS脚本需要使用js引擎编译，脚本:function unnamed_159(){ with(Math){ return _96232_>=1;}; }
22:43:55.959 [main] ERROR BATTLE - 3:JS脚本需要使用js引擎编译，脚本:function unnamed_4(){ with(Math){ return 0.15*maxhpb;}; }
22:43:55.960 [main] ERROR BATTLE - 3:JS脚本需要使用js引擎编译，脚本:function unnamed_78(){ with(Math){ return gradea*0.08;}; }
22:43:55.962 [main] ERROR BATTLE - 3:JS脚本需要使用js引擎编译，脚本:function unnamed_3(){ with(Math){ return -(phyattacka*0.55-defendb+1*skilllevela);}; }
22:43:55.963 [main] ERROR BATTLE - 3:JS脚本需要使用js引擎编译，脚本:function unnamed_77(){ with(Math){ return gradea*0.0014;}; }
22:43:55.964 [main] ERROR BATTLE - 3:JS脚本需要使用js引擎编译，脚本:function unnamed_133(){ with(Math){ return 3000*RoleLv;}; }
22:43:55.966 [main] ERROR BATTLE - 3:JS脚本需要使用js引擎编译，脚本:function unnamed_76(){ with(Math){ return gradea*0.001225;}; }
22:43:55.968 [main] ERROR BATTLE - 3:JS脚本需要使用js引擎编译，脚本:function unnamed_86(){ with(Math){ return gradea*0.3375;}; }
22:43:55.969 [main] ERROR BATTLE - 3:JS脚本需要使用js引擎编译，脚本:function unnamed_167(){ with(Math){ return _95003_=7;}; }
22:43:55.970 [main] ERROR BATTLE - 3:JS脚本需要使用js引擎编译，脚本:function unnamed_15(){ with(Math){ return -(magicattacka*1.8-magicdefb+2*skilllevela)*(0.5+0.05*(4-preaimcount));}; }
22:43:55.971 [main] ERROR BATTLE - 3:JS脚本需要使用js引擎编译，脚本:function unnamed_50(){ with(Math){ return -(magicattacka*0.5-magicdefb+2*gradea)*(0.5+0.05*(2-preaimcount));}; }
22:43:55.972 [main] ERROR BATTLE - 3:JS脚本需要使用js引擎编译，脚本:function unnamed_123(){ with(Math){ return (15)+(TeamNum-1)*15+RoleLv*1;}; }
22:43:55.973 [main] ERROR BATTLE - 3:JS脚本需要使用js引擎编译，脚本:function unnamed_103(){ with(Math){ return gradea*3;}; }
22:43:55.975 [main] ERROR BATTLE - 3:JS脚本需要使用js引擎编译，脚本:function unnamed_13(){ with(Math){ return ((medicala*0.5+skilllevela*1.4)+abs(maindamage)*0.1)*(1+healrevisea)*(1+medicaljiashena/1000);}; }
22:43:55.976 [main] ERROR BATTLE - 3:JS脚本需要使用js引擎编译，脚本:function unnamed_71(){ with(Math){ return gradea*1.22;}; }
22:43:55.977 [main] ERROR BATTLE - 3:JS脚本需要使用js引擎编译，脚本:function unnamed_138(){ with(Math){ return Ring+3;}; }
22:43:55.978 [main] ERROR BATTLE - 3:JS脚本需要使用js引擎编译，脚本:function unnamed_60(){ with(Math){ return gradea*0.1;}; }
22:43:55.979 [main] ERROR BATTLE - 3:JS脚本需要使用js引擎编译，脚本:function unnamed_180(){ with(Math){ return _94014_>=7;}; }
22:43:55.981 [main] ERROR BATTLE - 3:JS脚本需要使用js引擎编译，脚本:function unnamed_147(){ with(Math){ return _99038_>=1;}; }
22:43:55.982 [main] ERROR BATTLE - 3:JS脚本需要使用js引擎编译，脚本:function unnamed_186(){ with(Math){ return _99058_>=1;}; }
22:43:55.983 [main] ERROR BATTLE - 3:JS脚本需要使用js引擎编译，脚本:function unnamed_115(){ with(Math){ return (15)+(TeamNum-1)*15+RoleLv*160;}; }
22:43:55.984 [main] ERROR BATTLE - 3:JS脚本需要使用js引擎编译，脚本:function unnamed_34(){ with(Math){ return -maxhpb*0.6;}; }
22:43:55.985 [main] ERROR BATTLE - 3:JS脚本需要使用js引擎编译，脚本:function unnamed_215(){ with(Math){ return _501402_;}; }
22:43:55.987 [main] ERROR BATTLE - 3:JS脚本需要使用js引擎编译，脚本:function unnamed_150(){ with(Math){ return _95003_<=2;}; }
22:43:55.988 [main] ERROR BATTLE - 3:JS脚本需要使用js引擎编译，脚本:function unnamed_0(){ with(Math){ return -(phyattacka*1.3-defendb+1*skilllevela);}; }
22:43:55.989 [main] ERROR BATTLE - 3:JS脚本需要使用js引擎编译，脚本:function unnamed_66(){ with(Math){ return gradea*0.175;}; }
22:43:55.991 [main] ERROR BATTLE - 3:JS脚本需要使用js引擎编译，脚本:function unnamed_55(){ with(Math){ return -(phyattacka*1-defendb+7*gradea);}; }
22:43:55.992 [main] ERROR BATTLE - 3:JS脚本需要使用js引擎编译，脚本:function unnamed_22(){ with(Math){ return medicala+1.2*skilllevela;}; }
22:43:55.993 [main] ERROR BATTLE - 3:JS脚本需要使用js引擎编译，脚本:function unnamed_222(){ with(Math){ return !_508006_;}; }
22:43:55.994 [main] ERROR BATTLE - 3:JS脚本需要使用js引擎编译，脚本:function unnamed_41(){ with(Math){ return -(phyattacka*1.60-defendb+1*skilllevela)*2.5;}; }
22:43:55.995 [main] ERROR BATTLE - 3:JS脚本需要使用js引擎编译，脚本:function unnamed_136(){ with(Math){ return RoleLv*200;}; }
22:43:55.996 [main] ERROR BATTLE - 3:JS脚本需要使用js引擎编译，脚本:function unnamed_7(){ with(Math){ return 9*skilllevela;}; }
22:43:55.998 [main] ERROR BATTLE - 3:JS脚本需要使用js引擎编译，脚本:function unnamed_192(){ with(Math){ return _99055_<1;}; }
22:43:55.999 [main] ERROR BATTLE - 3:JS脚本需要使用js引擎编译，脚本:function unnamed_101(){ with(Math){ return gradea*0.45;}; }
22:43:56.000 [main] ERROR BATTLE - 3:JS脚本需要使用js引擎编译，脚本:function unnamed_6(){ with(Math){ return -(phyattacka*1.45-defendb+1*skilllevela);}; }
22:43:56.001 [main] ERROR BATTLE - 3:JS脚本需要使用js引擎编译，脚本:function unnamed_53(){ with(Math){ return abs(maindamage)*0.20;}; }
22:43:56.003 [main] ERROR BATTLE - 3:JS脚本需要使用js引擎编译，脚本:function unnamed_92(){ with(Math){ return gradea*0.0625;}; }
22:43:56.004 [main] ERROR BATTLE - 3:JS脚本需要使用js引擎编译，脚本:function unnamed_177(){ with(Math){ return _94056_>=3;}; }
22:43:56.005 [main] ERROR BATTLE - 3:JS脚本需要使用js引擎编译，脚本:function unnamed_104(){ with(Math){ return gradea*3.25;}; }
22:43:56.006 [main] ERROR BATTLE - 3:JS脚本需要使用js引擎编译，脚本:function unnamed_25(){ with(Math){ return 0.7*maxhpb;}; }
22:43:56.007 [main] ERROR BATTLE - 3:JS脚本需要使用js引擎编译，脚本:function unnamed_1(){ with(Math){ return -(phyattacka*1.35-defendb+1*skilllevela);}; }
22:43:56.009 [main] ERROR BATTLE - 3:JS脚本需要使用js引擎编译，脚本:function unnamed_124(){ with(Math){ return (15)+(TeamNum-1)*15+RoleLv*2;}; }
22:43:56.010 [main] ERROR BATTLE - 3:JS脚本需要使用js引擎编译，脚本:function unnamed_168(){ with(Math){ return _95003_=8;}; }
22:43:56.011 [main] ERROR BATTLE - 3:JS脚本需要使用js引擎编译，脚本:function unnamed_45(){ with(Math){ return -magicattacka*1.6;}; }
22:43:56.012 [main] ERROR BATTLE - 3:JS脚本需要使用js引擎编译，脚本:function unnamed_89(){ with(Math){ return gradea*1.225;}; }
22:43:56.013 [main] ERROR BATTLE - 3:JS脚本需要使用js引擎编译，脚本:function unnamed_146(){ with(Math){ return _99037_>=1;}; }
22:43:56.014 [main] ERROR BATTLE - 3:JS脚本需要使用js引擎编译，脚本:function unnamed_10(){ with(Math){ return gradea*2;}; }
22:43:56.016 [main] ERROR BATTLE - 3:JS脚本需要使用js引擎编译，脚本:function unnamed_35(){ with(Math){ return -maxhpb*0.7;}; }
22:43:56.017 [main] ERROR BATTLE - 3:JS脚本需要使用js引擎编译，脚本:function unnamed_61(){ with(Math){ return gradea*0.2;}; }
22:43:56.018 [main] ERROR BATTLE - 3:JS脚本需要使用js引擎编译，脚本:function unnamed_114(){ with(Math){ return -magicattacka*0.7;}; }
22:43:56.019 [main] ERROR BATTLE - 3:JS脚本需要使用js引擎编译，脚本:function unnamed_85(){ with(Math){ return gradea*0.2835;}; }
22:43:56.020 [main] ERROR BATTLE - 3:JS脚本需要使用js引擎编译，脚本:function unnamed_57(){ with(Math){ return 10+gradea;}; }
22:43:56.021 [main] ERROR BATTLE - 3:JS脚本需要使用js引擎编译，脚本:function unnamed_145(){ with(Math){ return _99036_>=1;}; }
22:43:56.023 [main] ERROR BATTLE - 3:JS脚本需要使用js引擎编译，脚本:function unnamed_151(){ with(Math){ return _95003_<=3;}; }
22:43:56.024 [main] ERROR BATTLE - 3:JS脚本需要使用js引擎编译，脚本:function unnamed_106(){ with(Math){ return gradea*3.75;}; }
22:43:56.025 [main] ERROR BATTLE - 3:JS脚本需要使用js引擎编译，脚本:function unnamed_160(){ with(Math){ return _96234_>=1;}; }
22:43:56.032 [main] ERROR BATTLE - 3:JS脚本需要使用js引擎编译，脚本:function unnamed_178(){ with(Math){ return _99049_>=1;}; }
22:43:56.033 [main] ERROR BATTLE - 3:JS脚本需要使用js引擎编译，脚本:function unnamed_84(){ with(Math){ return gradea*0.2362;}; }
22:43:56.034 [main] ERROR BATTLE - 3:JS脚本需要使用js引擎编译，脚本:function unnamed_197(){ with(Math){ return _99060_<1;}; }
22:43:56.035 [main] ERROR BATTLE - 3:JS脚本需要使用js引擎编译，脚本:function unnamed_14(){ with(Math){ return ((medicala*0.2+skilllevela*1.2)+abs(maindamage)*0.08)*(1+healrevisea)*(1+medicaljiashena/1000);}; }
22:43:56.036 [main] ERROR BATTLE - 3:JS脚本需要使用js引擎编译，脚本:function unnamed_42(){ with(Math){ return -(phyattacka*1.10-defendb+1*skilllevela)*2.5;}; }
22:43:56.038 [main] ERROR BATTLE - 3:JS脚本需要使用js引擎编译，脚本:function unnamed_194(){ with(Math){ return _99057_<1;}; }
22:43:56.039 [main] ERROR BATTLE - 3:JS脚本需要使用js引擎编译，脚本:function unnamed_211(){ with(Math){ return _99065_>=3;}; }
22:43:56.040 [main] ERROR BATTLE - 3:JS脚本需要使用js引擎编译，脚本:function unnamed_131(){ with(Math){ return (1*RoleLv*1.3)*(random()*(1.02-0.98)+0.98);}; }
22:43:56.041 [main] ERROR BATTLE - 3:JS脚本需要使用js引擎编译，脚本:function unnamed_27(){ with(Math){ return 10+1.3*skilllevela;}; }
22:43:56.042 [main] ERROR BATTLE - 3:JS脚本需要使用js引擎编译，脚本:function unnamed_128(){ with(Math){ return RoleLv*1.7+20;}; }
22:43:56.043 [main] ERROR BATTLE - 3:JS脚本需要使用js引擎编译，脚本:function unnamed_169(){ with(Math){ return _95003_=9;}; }
22:43:56.044 [main] ERROR BATTLE - 3:JS脚本需要使用js引擎编译，脚本:function unnamed_135(){ with(Math){ return (400*MonsterLv*0.017*(MonsterNum*0.083+MasterNum*0.1245)*min(max(1-0.2*floor(abs(MonsterLv-RoleLv)/5),0.1),1)*(1-IsDbPoint)+400*MonsterLv*0.13*(MonsterNum*0.083+MasterNum*0.1245)*min(max(1-0.2*floor(abs(MonsterLv-RoleLv)/5),0.1),1)*IsDbPoint)*(random()*(1.02-0.98)+0.98);}; }
22:43:56.046 [main] ERROR BATTLE - 3:JS脚本需要使用js引擎编译，脚本:function unnamed_20(){ with(Math){ return medicala+3*skilllevela*2;}; }
22:43:56.047 [main] ERROR BATTLE - 3:JS脚本需要使用js引擎编译，脚本:function unnamed_68(){ with(Math){ return gradea*0.7;}; }
22:43:56.048 [main] ERROR BATTLE - 3:JS脚本需要使用js引擎编译，脚本:function unnamed_43(){ with(Math){ return -magicattacka*3;}; }
22:43:56.049 [main] ERROR BATTLE - 3:JS脚本需要使用js引擎编译，脚本:function unnamed_172(){ with(Math){ return _99043_>=1;}; }
22:43:56.050 [main] ERROR BATTLE - 3:JS脚本需要使用js引擎编译，脚本:function unnamed_196(){ with(Math){ return _99059_<1;}; }
22:43:56.051 [main] ERROR BATTLE - 3:JS脚本需要使用js引擎编译，脚本:function unnamed_207(){ with(Math){ return _99071_>=1;}; }
22:43:56.053 [main] ERROR BATTLE - 3:JS脚本需要使用js引擎编译，脚本:function unnamed_93(){ with(Math){ return gradea*0.625;}; }
22:43:56.054 [main] ERROR BATTLE - 3:JS脚本需要使用js引擎编译，脚本:function unnamed_83(){ with(Math){ return gradea*0.189;}; }
22:43:56.055 [main] ERROR BATTLE - 3:JS脚本需要使用js引擎编译，脚本:function unnamed_119(){ with(Math){ return (15)+(TeamNum-1)*15+RoleLv*120;}; }
22:43:56.056 [main] ERROR BATTLE - 3:JS脚本需要使用js引擎编译，脚本:function unnamed_33(){ with(Math){ return -maxhpb*0.4;}; }
22:43:56.057 [main] ERROR BATTLE - 3:JS脚本需要使用js引擎编译，脚本:function unnamed_227(){ with(Math){ return 1*TeamNum+5;}; }
22:43:56.058 [main] ERROR BATTLE - 3:JS脚本需要使用js引擎编译，脚本:function unnamed_174(){ with(Math){ return _99045_<1;}; }
22:43:56.059 [main] ERROR BATTLE - 3:JS脚本需要使用js引擎编译，脚本:function unnamed_74(){ with(Math){ return gradea*0.000875;}; }
22:43:56.060 [main] ERROR BATTLE - 3:JS脚本需要使用js引擎编译，脚本:function unnamed_156(){ with(Math){ return _95003_<=8;}; }
22:43:56.061 [main] ERROR BATTLE - 3:JS脚本需要使用js引擎编译，脚本:function unnamed_37(){ with(Math){ return -(phyattacka*1.40-defendb+1*skilllevela)*2.5;}; }
22:43:56.062 [main] ERROR BATTLE - 3:JS脚本需要使用js引擎编译，脚本:function unnamed_199(){ with(Math){ return _96001_/_96002_<0.1;}; }
22:43:56.063 [main] ERROR BATTLE - 3:JS脚本需要使用js引擎编译，脚本:function unnamed_209(){ with(Math){ return _99072_<1;}; }
22:43:56.064 [main] ERROR BATTLE - 3:JS脚本需要使用js引擎编译，脚本:function unnamed_23(){ with(Math){ return (medicala+1.2*skilllevela)*0.4;}; }
22:43:56.066 [main] ERROR BATTLE - 3:JS脚本需要使用js引擎编译，脚本:function unnamed_70(){ with(Math){ return gradea*1.05;}; }
22:43:56.067 [main] ERROR BATTLE - 3:JS脚本需要使用js引擎编译，脚本:function unnamed_63(){ with(Math){ return gradea*0.24;}; }
22:43:56.068 [main] ERROR BATTLE - 3:JS脚本需要使用js引擎编译，脚本:function unnamed_98(){ with(Math){ return gradea*0.85;}; }
22:43:56.069 [main] ERROR BATTLE - 3:JS脚本需要使用js引擎编译，脚本:function unnamed_144(){ with(Math){ return _94056_>=1;}; }
22:43:56.070 [main] ERROR BATTLE - 3:JS脚本需要使用js引擎编译，脚本:function unnamed_141(){ with(Math){ return (500*RoleLv*0.05)*(random()*(1.02-0.98)+0.98)*0.5;}; }
22:43:56.071 [main] ERROR BATTLE - 3:JS脚本需要使用js引擎编译，脚本:function unnamed_143(){ with(Math){ return _99065_>=4;}; }
22:43:56.072 [main] ERROR BATTLE - 3:JS脚本需要使用js引擎编译，脚本:function unnamed_185(){ with(Math){ return _99057_>=1;}; }
22:43:56.074 [main] ERROR BATTLE - 3:JS脚本需要使用js引擎编译，脚本:function unnamed_107(){ with(Math){ return gradea*4;}; }
22:43:56.075 [main] ERROR BATTLE - 3:JS脚本需要使用js引擎编译，脚本:function unnamed_206(){ with(Math){ return _99068_>=1;}; }
22:43:56.076 [main] ERROR BATTLE - 3:JS脚本需要使用js引擎编译，脚本:function unnamed_58(){ with(Math){ return -(magicattacka*1.2-magicdefb+2*gradea)*(0.5+0.05*(2-preaimcount));}; }
22:43:56.077 [main] ERROR BATTLE - 3:JS脚本需要使用js引擎编译，脚本:function unnamed_100(){ with(Math){ return gradea*0.375;}; }
22:43:56.078 [main] ERROR BATTLE - 3:JS脚本需要使用js引擎编译，脚本:function unnamed_56(){ with(Math){ return -(magicattacka*3.5-magicdefb+2*skilllevela)*0.3;}; }
22:43:56.079 [main] ERROR BATTLE - 3:JS脚本需要使用js引擎编译，脚本:function unnamed_26(){ with(Math){ return -(speeda*0.1+7*skilllevela)*1.1;}; }
22:43:56.080 [main] ERROR BATTLE - 3:JS脚本需要使用js引擎编译，脚本:function unnamed_75(){ with(Math){ return gradea*0.00105;}; }
22:43:56.081 [main] ERROR BATTLE - 3:JS脚本需要使用js引擎编译，脚本:function unnamed_80(){ with(Math){ return gradea*0.12;}; }
22:43:56.082 [main] ERROR BATTLE - 3:JS脚本需要使用js引擎编译，脚本:function unnamed_40(){ with(Math){ return -(phyattacka*1.55-defendb+1*skilllevela)*2.5;}; }
22:43:56.084 [main] ERROR BATTLE - 3:JS脚本需要使用js引擎编译，脚本:function unnamed_157(){ with(Math){ return _95003_<=9;}; }
22:43:56.085 [main] ERROR BATTLE - 3:JS脚本需要使用js引擎编译，脚本:function unnamed_140(){ with(Math){ return (5000*RoleLv*0.05)*(random()*(1.02-0.98)+0.98)*(1-min(5-TeamNum,2)*0.15);}; }
22:43:56.086 [main] ERROR BATTLE - 3:JS脚本需要使用js引擎编译，脚本:function unnamed_184(){ with(Math){ return _99056_>=1;}; }
22:43:56.087 [main] ERROR BATTLE - 3:JS脚本需要使用js引擎编译，脚本:function unnamed_122(){ with(Math){ return RoleLv*10;}; }
22:43:56.088 [main] ERROR BATTLE - 3:JS脚本需要使用js引擎编译，脚本:function unnamed_48(){ with(Math){ return -(phyattacka*2-defendb+1*gradea);}; }
22:43:56.089 [main] ERROR BATTLE - 3:JS脚本需要使用js引擎编译，脚本:function unnamed_110(){ with(Math){ return 0.3*maxhpb;}; }
22:43:56.091 [main] ERROR BATTLE - 3:JS脚本需要使用js引擎编译，脚本:function unnamed_2(){ with(Math){ return -(phyattacka*0.65-defendb+1*skilllevela);}; }
22:43:56.092 [main] ERROR BATTLE - 3:JS脚本需要使用js引擎编译，脚本:function unnamed_109(){ with(Math){ return 0.05*maxhpb;}; }
22:43:56.093 [main] ERROR BATTLE - 3:JS脚本需要使用js引擎编译，脚本:function unnamed_208(){ with(Math){ return _99070_==1;}; }
22:43:56.094 [main] ERROR BATTLE - 3:JS脚本需要使用js引擎编译，脚本:function unnamed_179(){ with(Math){ return _99052_>=1;}; }
22:43:56.095 [main] ERROR BATTLE - 3:JS脚本需要使用js引擎编译，脚本:function unnamed_29(){ with(Math){ return -(magicattacka*1.8-magicdefb+2*gradea)*0.5;}; }
22:43:56.096 [main] ERROR BATTLE - 3:JS脚本需要使用js引擎编译，脚本:function unnamed_218(){ with(Math){ return !_509951_;}; }
22:43:56.098 [main] ERROR BATTLE - 3:JS脚本需要使用js引擎编译，脚本:function unnamed_213(){ with(Math){ return _502003_;}; }
22:43:56.099 [main] ERROR BATTLE - 3:JS脚本需要使用js引擎编译，脚本:function unnamed_132(){ with(Math){ return 2000*RoleLv;}; }
22:43:56.100 [main] ERROR BATTLE - 3:JS脚本需要使用js引擎编译，脚本:function unnamed_97(){ with(Math){ return gradea*0.65;}; }
22:43:56.101 [main] ERROR BATTLE - 3:JS脚本需要使用js引擎编译，脚本:function unnamed_161(){ with(Math){ return _95003_=3;}; }
22:43:56.102 [main] ERROR BATTLE - 3:JS脚本需要使用js引擎编译，脚本:function unnamed_183(){ with(Math){ return _99055_>=1;}; }
22:43:56.103 [main] ERROR BATTLE - 3:JS脚本需要使用js引擎编译，脚本:function unnamed_129(){ with(Math){ return (1*RoleLv*11)*(random()*(1.02-0.98)+0.98);}; }
22:43:56.105 [main] ERROR BATTLE - 3:JS脚本需要使用js引擎编译，脚本:function unnamed_17(){ with(Math){ return abs(maindamage)*1;}; }
22:43:56.106 [main] ERROR BATTLE - 3:JS脚本需要使用js引擎编译，脚本:function unnamed_49(){ with(Math){ return phyattacka*1.25-defendb+1*gradea;}; }
22:43:56.107 [main] ERROR BATTLE - 3:JS脚本需要使用js引擎编译，脚本:function unnamed_127(){ with(Math){ return (15)+(TeamNum-1)*15+RoleLv*5;}; }
22:43:56.108 [main] ERROR BATTLE - 3:JS脚本需要使用js引擎编译，脚本:function unnamed_73(){ with(Math){ return gradea*0.0007;}; }
22:43:56.109 [main] ERROR BATTLE - 3:JS脚本需要使用js引擎编译，脚本:function unnamed_91(){ with(Math){ return gradea*0.5;}; }
22:43:56.110 [main] ERROR BATTLE - 3:JS脚本需要使用js引擎编译，脚本:function unnamed_64(){ with(Math){ return gradea*0.15;}; }
22:43:56.112 [main] ERROR BATTLE - 3:JS脚本需要使用js引擎编译，脚本:function unnamed_190(){ with(Math){ return _99053_<1;}; }
22:43:56.113 [main] ERROR BATTLE - 3:JS脚本需要使用js引擎编译，脚本:function unnamed_102(){ with(Math){ return gradea*0.525;}; }
22:43:56.114 [main] ERROR BATTLE - 3:JS脚本需要使用js引擎编译，脚本:function unnamed_31(){ with(Math){ return -maxhpb*0.2;}; }
22:43:56.115 [main] ERROR BATTLE - 3:JS脚本需要使用js引擎编译，脚本:function unnamed_130(){ with(Math){ return (1*RoleLv*0.94)*(random()*(1.02-0.98)+0.98);}; }
22:43:56.116 [main] ERROR BATTLE - 3:JS脚本需要使用js引擎编译，脚本:function unnamed_16(){ with(Math){ return abs(maindamage)*0.35;}; }
22:43:56.117 [main] ERROR BATTLE - 3:JS脚本需要使用js引擎编译，脚本:function unnamed_18(){ with(Math){ return -magicattacka*0.2;}; }
22:43:56.118 [main] ERROR BATTLE - 3:JS脚本需要使用js引擎编译，脚本:function unnamed_154(){ with(Math){ return _95003_<=6;}; }
22:43:56.120 [main] ERROR BATTLE - 3:JS脚本需要使用js引擎编译，脚本:function unnamed_28(){ with(Math){ return -(magicattacka*1.3-magicdefb+2*gradea)*0.5;}; }
22:43:56.121 [main] ERROR BATTLE - 3:JS脚本需要使用js引擎编译，脚本:function unnamed_36(){ with(Math){ return -(phyattacka*10-defendb+1*gradea+max((phyattacka-phyattackb)*0.05,0));}; }
22:43:56.122 [main] ERROR BATTLE - 3:JS脚本需要使用js引擎编译，脚本:function unnamed_182(){ with(Math){ return _99054_>=1;}; }
22:43:56.123 [main] ERROR BATTLE - 3:JS脚本需要使用js引擎编译，脚本:function unnamed_225(){ with(Math){ return !_508014_;}; }
22:43:56.124 [main] ERROR BATTLE - 3:JS脚本需要使用js引擎编译，脚本:function unnamed_69(){ with(Math){ return gradea*0.87;}; }
22:43:56.125 [main] ERROR BATTLE - 3:JS脚本需要使用js引擎编译，脚本:function unnamed_164(){ with(Math){ return _95003_=4;}; }
22:43:56.127 [main] ERROR BATTLE - 3:JS脚本需要使用js引擎编译，脚本:function unnamed_175(){ with(Math){ return _99047_>=1;}; }
22:43:56.128 [main] ERROR BATTLE - 3:JS脚本需要使用js引擎编译，脚本:function unnamed_181(){ with(Math){ return _99053_>=1;}; }
22:43:56.129 [main] ERROR BATTLE - 3:JS脚本需要使用js引擎编译，脚本:function unnamed_134(){ with(Math){ return (400*MonsterLv*0.011*(MonsterNum*0.083+MasterNum*0.1245)*min(max(1-0.2*floor(abs(MonsterLv-RoleLv)/5),0.1),1)*(1-IsDbPoint)+400*MonsterLv*0.13*(MonsterNum*0.083+MasterNum*0.1245)*min(max(1-0.2*floor(abs(MonsterLv-RoleLv)/5),0.1),1)*IsDbPoint)*(random()*(1.02-0.98)+0.98);}; }
22:43:56.130 [main] ERROR BATTLE - 3:JS脚本需要使用js引擎编译，脚本:function unnamed_176(){ with(Math){ return _99048_>=1;}; }
22:43:56.132 [main] ERROR BATTLE - 3:JS脚本需要使用js引擎编译，脚本:function unnamed_39(){ with(Math){ return -(phyattacka*1.50-defendb+1*skilllevela)*2.5;}; }
22:43:56.133 [main] ERROR BATTLE - 3:JS脚本需要使用js引擎编译，脚本:function unnamed_120(){ with(Math){ return (15)+(TeamNum-1)*15+RoleLv*140;}; }
22:43:56.134 [main] ERROR BATTLE - 3:JS脚本需要使用js引擎编译，脚本:function unnamed_51(){ with(Math){ return -(magicattacka*0.8-magicdefb+2*gradea)*(0.5+0.05*(2-preaimcount));}; }
22:43:56.135 [main] ERROR BATTLE - 3:JS脚本需要使用js引擎编译，脚本:function unnamed_82(){ with(Math){ return gradea*0.14;}; }
22:43:56.137 [main] ERROR BATTLE - 3:JS脚本需要使用js引擎编译，脚本:function unnamed_32(){ with(Math){ return -maxhpb*0.3;}; }
22:43:56.138 [main] ERROR BATTLE - 3:JS脚本需要使用js引擎编译，脚本:function unnamed_54(){ with(Math){ return -(magicattacka*3.5-magicdefb+2*skilllevela)*0.5;}; }
22:43:56.139 [main] ERROR BATTLE - 3:JS脚本需要使用js引擎编译，脚本:function unnamed_95(){ with(Math){ return gradea*0.75;}; }
22:43:56.140 [main] ERROR BATTLE - 3:JS脚本需要使用js引擎编译，脚本:function unnamed_158(){ with(Math){ return _95003_<=10;}; }
22:43:56.141 [main] ERROR BATTLE - 3:JS脚本需要使用js引擎编译，脚本:function unnamed_19(){ with(Math){ return medicala*1.1+3*skilllevela;}; }
22:43:56.142 [main] ERROR BATTLE - 3:JS脚本需要使用js引擎编译，脚本:function unnamed_72(){ with(Math){ return gradea*1.4;}; }
22:43:56.143 [main] ERROR BATTLE - 3:JS脚本需要使用js引擎编译，脚本:function unnamed_139(){ with(Math){ return 105800+floor(RoleLv/10)*440+(200+floor(RoleLv/10)*40*(Ring-1));}; }
22:43:56.144 [main] ERROR BATTLE - 3:JS脚本需要使用js引擎编译，脚本:function unnamed_108(){ with(Math){ return -(phyattacka*1.2-defendb+1*gradea);}; }
22:43:56.146 [main] ERROR BATTLE - 3:JS脚本需要使用js引擎编译，脚本:function unnamed_117(){ with(Math){ return RoleLv*50;}; }
22:43:56.147 [main] ERROR BATTLE - 3:JS脚本需要使用js引擎编译，脚本:function unnamed_155(){ with(Math){ return _95003_<=7;}; }
22:43:56.148 [main] ERROR BATTLE - 3:JS脚本需要使用js引擎编译，脚本:function unnamed_220(){ with(Math){ return !_501402_;}; }
22:43:56.149 [main] ERROR BATTLE - 3:JS脚本需要使用js引擎编译，脚本:function unnamed_21(){ with(Math){ return -(magicattacka*1.3-magicdefb+2*gradea)*0.5*(1.2+(0.6+0.2*skilllevela)*(1-curmpb/maxmpb));}; }
22:43:56.151 [main] ERROR BATTLE - 3:JS脚本需要使用js引擎编译，脚本:function unnamed_116(){ with(Math){ return 1600*RoleLv*0.067*(0.74+0.02*Time)*(random()*(1.02-0.98)+0.98);}; }
22:43:56.152 [main] ERROR BATTLE - 3:JS脚本需要使用js引擎编译，脚本:function unnamed_5(){ with(Math){ return -(phyattacka*1-defendb+1*gradea)*(0.25+0.05*skilllevela);}; }
22:43:56.153 [main] ERROR BATTLE - 3:JS脚本需要使用js引擎编译，脚本:function unnamed_226(){ with(Math){ return !_508008_;}; }
22:43:56.154 [main] ERROR BATTLE - 3:JS脚本需要使用js引擎编译，脚本:function unnamed_210(){ with(Math){ return _94041_>=1;}; }
22:43:56.155 [main] ERROR BATTLE - 3:JS脚本需要使用js引擎编译，脚本:function unnamed_205(){ with(Math){ return _99049_>=5;}; }
22:43:56.157 [main] ERROR BATTLE - 3:JS脚本需要使用js引擎编译，脚本:function unnamed_217(){ with(Math){ return !_508237_;}; }
22:43:56.158 [main] ERROR BATTLE - 3:JS脚本需要使用js引擎编译，脚本:function unnamed_47(){ with(Math){ return -(phyattacka*1.25-defendb+1*gradea+max((phyattacka-phyattackb)*0.25,0));}; }
22:43:56.159 [main] ERROR BATTLE - 3:JS脚本需要使用js引擎编译，脚本:function unnamed_149(){ with(Math){ return _94056_>=4;}; }
22:43:56.160 [main] ERROR BATTLE - 3:JS脚本需要使用js引擎编译，脚本:function unnamed_195(){ with(Math){ return _99058_<1;}; }
22:43:56.161 [main] ERROR BATTLE - 3:JS脚本需要使用js引擎编译，脚本:function unnamed_148(){ with(Math){ return _99039_>=1;}; }
22:43:56.163 [main] ERROR BATTLE - 3:JS脚本需要使用js引擎编译，脚本:function unnamed_187(){ with(Math){ return _99059_>=1;}; }
22:43:56.164 [main] ERROR BATTLE - 3:JS脚本需要使用js引擎编译，脚本:function unnamed_24(){ with(Math){ return 2*skilllevela+50;}; }
22:43:56.165 [main] ERROR BATTLE - 3:JS脚本需要使用js引擎编译，脚本:function unnamed_96(){ with(Math){ return gradea*0.0875;}; }
22:43:56.166 [main] ERROR BATTLE - 3:JS脚本需要使用js引擎编译，脚本:function unnamed_165(){ with(Math){ return _95003_=5;}; }
22:43:56.167 [main] ERROR BATTLE - 3:JS脚本需要使用js引擎编译，脚本:function unnamed_113(){ with(Math){ return -(phyattacka*0.5-defendb+1*gradea);}; }
22:43:56.169 [main] ERROR BATTLE - 3:JS脚本需要使用js引擎编译，脚本:function unnamed_105(){ with(Math){ return gradea*3.5;}; }
22:43:56.170 [main] ERROR BATTLE - 3:JS脚本需要使用js引擎编译，脚本:function unnamed_125(){ with(Math){ return (15)+(TeamNum-1)*15+RoleLv*3;}; }
22:43:56.171 [main] ERROR BATTLE - 3:JS脚本需要使用js引擎编译，脚本:function unnamed_11(){ with(Math){ return -(phyattacka*0.45-defendb+1*skilllevela);}; }
22:43:56.172 [main] ERROR BATTLE - 3:JS脚本需要使用js引擎编译，脚本:function unnamed_112(){ with(Math){ return -(phyattacka*0.65-defendb+1*gradea);}; }
22:43:56.173 [main] ERROR BATTLE - 3:JS脚本需要使用js引擎编译，脚本:function unnamed_137(){ with(Math){ return 500*RoleLv*1.215*(0.88+0.03);}; }
22:43:56.175 [main] ERROR BATTLE - 3:JS脚本需要使用js引擎编译，脚本:function unnamed_171(){ with(Math){ return _99042_>=3;}; }
22:43:56.176 [main] ERROR BATTLE - 3:JS脚本需要使用js引擎编译，脚本:function unnamed_202(){ with(Math){ return _99062_>=3;}; }
22:43:56.177 [main] ERROR BATTLE - 3:JS脚本需要使用js引擎编译，脚本:function unnamed_79(){ with(Math){ return gradea*1;}; }
22:43:56.178 [main] ERROR BATTLE - 3:JS脚本需要使用js引擎编译，脚本:function unnamed_87(){ with(Math){ return gradea*0.378;}; }
22:43:56.179 [main] ERROR BATTLE - 3:JS脚本需要使用js引擎编译，脚本:function unnamed_8(){ with(Math){ return -(magicattacka*1.2-magicdefb+2*skilllevela)*(0.5+0.05*(4-preaimcount));}; }
22:43:56.181 [main] ERROR BATTLE - 3:JS脚本需要使用js引擎编译，脚本:function unnamed_99(){ with(Math){ return gradea*0.3;}; }
22:43:56.182 [main] ERROR BATTLE - 3:JS脚本需要使用js引擎编译，脚本:function unnamed_193(){ with(Math){ return _99056_<1;}; }
22:43:56.184 [main] ERROR BATTLE - 3:JS脚本需要使用js引擎编译，脚本:function unnamed_88(){ with(Math){ return gradea*0.875;}; }
22:43:56.185 [main] ERROR BATTLE - 3:JS脚本需要使用js引擎编译，脚本:function unnamed_67(){ with(Math){ return gradea*0.32;}; }
22:43:56.187 [main] ERROR BATTLE - 3:JS脚本需要使用js引擎编译，脚本:function unnamed_224(){ with(Math){ return _503001_;}; }
22:43:56.188 [main] ERROR BATTLE - 3:JS脚本需要使用js引擎编译，脚本:function unnamed_52(){ with(Math){ return -(phyattacka*0.55-defendb+1*gradea);}; }
22:43:56.189 [main] ERROR BATTLE - 3:JS脚本需要使用js引擎编译，脚本:function unnamed_152(){ with(Math){ return _95003_<=4;}; }
22:43:56.191 [main] ERROR BATTLE - 3:JS脚本需要使用js引擎编译，脚本:function unnamed_198(){ with(Math){ return _99061_<1;}; }
22:43:56.192 [main] ERROR BATTLE - 3:JS脚本需要使用js引擎编译，脚本:function unnamed_223(){ with(Math){ return _509081_;}; }
22:43:56.193 [main] ERROR BATTLE - 3:JS脚本需要使用js引擎编译，脚本:function unnamed_38(){ with(Math){ return -(phyattacka*1.45-defendb+1*skilllevela)*2.5;}; }
22:43:56.195 [main] ERROR BATTLE - 3:JS脚本需要使用js引擎编译，脚本:function unnamed_203(){ with(Math){ return _99066_>=1;}; }
22:43:56.196 [main] ERROR BATTLE - 3:JS脚本需要使用js引擎编译，脚本:function unnamed_221(){ with(Math){ return !_508002_;}; }
22:43:56.198 [main] ERROR BATTLE - 3:JS脚本需要使用js引擎编译，脚本:function unnamed_65(){ with(Math){ return gradea*0.28;}; }
22:43:56.199 [main] ERROR BATTLE - 3:JS脚本需要使用js引擎编译，脚本:function unnamed_201(){ with(Math){ return _99062_>=2;}; }
22:43:56.203 [main] ERROR BATTLE - 3:JS脚本需要使用js引擎编译，脚本:function unnamed_94(){ with(Math){ return gradea*0.075;}; }
22:43:56.204 [main] ERROR BATTLE - 3:JS脚本需要使用js引擎编译，脚本:function unnamed_90(){ with(Math){ return gradea*0.05;}; }
22:43:56.206 [main] ERROR BATTLE - 3:JS脚本需要使用js引擎编译，脚本:function unnamed_44(){ with(Math){ return -magicattacka*2.2;}; }
22:43:56.207 [main] ERROR BATTLE - 3:JS脚本需要使用js引擎编译，脚本:function unnamed_46(){ with(Math){ return -(phyattacka*0.45-defendb+1*gradea);}; }
22:43:56.208 [main] ERROR BATTLE - 3:JS脚本需要使用js引擎编译，脚本:function unnamed_111(){ with(Math){ return 0.35*maxhpb;}; }
22:43:56.210 [main] ERROR BATTLE - 3:JS脚本需要使用js引擎编译，脚本:function unnamed_121(){ with(Math){ return (15)+(TeamNum-1)*15+RoleLv*150;}; }
22:43:56.211 [main] ERROR BATTLE - 3:JS脚本需要使用js引擎编译，脚本:function unnamed_142(){ with(Math){ return _94019_<1;}; }
22:43:56.212 [main] ERROR BATTLE - 3:JS脚本需要使用js引擎编译，脚本:function unnamed_188(){ with(Math){ return _99060_>=1;}; }
22:43:56.213 [main] ERROR BATTLE - 3:JS脚本需要使用js引擎编译，脚本:function unnamed_191(){ with(Math){ return _99054_<1;}; }
22:43:56.215 [main] ERROR BATTLE - 3:JS脚本需要使用js引擎编译，脚本:function unnamed_212(){ with(Math){ return _99074_>=1;}; }
22:43:56.216 [main] ERROR BATTLE - 3:JS脚本需要使用js引擎编译，脚本:function unnamed_166(){ with(Math){ return _95003_=6;}; }
22:43:56.217 [main] ERROR BATTLE - 3:JS脚本需要使用js引擎编译，脚本:function unnamed_162(){ with(Math){ return _97001_>=4;}; }
22:43:56.219 [main] ERROR BATTLE - 3:JS脚本需要使用js引擎编译，脚本:function unnamed_126(){ with(Math){ return (15)+(TeamNum-1)*15+RoleLv*4;}; }
22:43:56.220 [main] ERROR BATTLE - 3:JS脚本需要使用js引擎编译，脚本:function unnamed_9(){ with(Math){ return 0.7+0.002*(skilllevela-gradeb)+(enhanceseala-resistsealb);}; }
22:43:56.221 [main] ERROR BATTLE - 3:JS脚本需要使用js引擎编译，脚本:function unnamed_12(){ with(Math){ return 16*skilllevela;}; }
22:43:56.222 [main] ERROR BATTLE - 3:JS脚本需要使用js引擎编译，脚本:function unnamed_204(){ with(Math){ return _99067_>=1;}; }
22:43:56.224 [main] ERROR BATTLE - 3:JS脚本需要使用js引擎编译，脚本:function unnamed_219(){ with(Math){ return !_503001_;}; }
22:43:57.223 [main] ERROR BATTLE - 3:JS脚本需要使用js引擎编译，脚本:function unnamed_59(){ with(Math){ return gradea*0.16;}; }
22:43:57.225 [main] ERROR BATTLE - 3:JS脚本需要使用js引擎编译，脚本:function unnamed_118(){ with(Math){ return (15)+(TeamNum-1)*15+RoleLv*100;}; }
22:43:57.226 [main] ERROR BATTLE - 3:JS脚本需要使用js引擎编译，脚本:function unnamed_214(){ with(Math){ return _501901_;}; }
22:43:57.227 [main] ERROR BATTLE - 3:JS脚本需要使用js引擎编译，脚本:function unnamed_189(){ with(Math){ return _99061_>=1;}; }
22:43:57.228 [main] ERROR BATTLE - 3:JS脚本需要使用js引擎编译，脚本:function unnamed_30(){ with(Math){ return -maxhpb*0.1;}; }
22:43:57.231 [main] ERROR BATTLE - 3:JS脚本需要使用js引擎编译，脚本:function unnamed_216(){ with(Math){ return !_508236_;}; }
22:43:57.232 [main] ERROR BATTLE - 3:JS脚本需要使用js引擎编译，脚本:function unnamed_62(){ with(Math){ return gradea*0.125;}; }
22:43:57.234 [main] ERROR BATTLE - 3:JS脚本需要使用js引擎编译，脚本:function unnamed_163(){ with(Math){ return _99040_>=2;}; }
22:43:57.235 [main] ERROR BATTLE - 3:JS脚本需要使用js引擎编译，脚本:function unnamed_81(){ with(Math){ return gradea*1.2;}; }
22:43:57.236 [main] ERROR BATTLE - 3:JS脚本需要使用js引擎编译，脚本:function unnamed_153(){ with(Math){ return _95003_<=5;}; }
22:43:57.237 [main] ERROR BATTLE - 3:JS脚本需要使用js引擎编译，脚本:function unnamed_170(){ with(Math){ return _99041_>=3;}; }
22:43:57.238 [main] ERROR BATTLE - 3:JS脚本需要使用js引擎编译，脚本:function unnamed_173(){ with(Math){ return _99044_<1;}; }
22:43:57.239 [main] ERROR BATTLE - 3:JS脚本需要使用js引擎编译，脚本:function unnamed_200(){ with(Math){ return _99062_>=1;}; }
22:43:57.241 [main] ERROR BATTLE - 3:JS脚本需要使用js引擎编译，脚本:function unnamed_159(){ with(Math){ return _96232_>=1;}; }
22:43:57.242 [main] ERROR BATTLE - 3:JS脚本需要使用js引擎编译，脚本:function unnamed_4(){ with(Math){ return 0.15*maxhpb;}; }
22:43:57.243 [main] ERROR BATTLE - 3:JS脚本需要使用js引擎编译，脚本:function unnamed_78(){ with(Math){ return gradea*0.08;}; }
22:43:57.246 [main] ERROR BATTLE - 3:JS脚本需要使用js引擎编译，脚本:function unnamed_3(){ with(Math){ return -(phyattacka*0.55-defendb+1*skilllevela);}; }
22:43:57.247 [main] ERROR BATTLE - 3:JS脚本需要使用js引擎编译，脚本:function unnamed_77(){ with(Math){ return gradea*0.0014;}; }
22:43:57.248 [main] ERROR BATTLE - 3:JS脚本需要使用js引擎编译，脚本:function unnamed_133(){ with(Math){ return 3000*RoleLv;}; }
22:43:57.249 [main] ERROR BATTLE - 3:JS脚本需要使用js引擎编译，脚本:function unnamed_76(){ with(Math){ return gradea*0.001225;}; }
22:43:57.250 [main] ERROR BATTLE - 3:JS脚本需要使用js引擎编译，脚本:function unnamed_86(){ with(Math){ return gradea*0.3375;}; }
22:43:57.251 [main] ERROR BATTLE - 3:JS脚本需要使用js引擎编译，脚本:function unnamed_167(){ with(Math){ return _95003_=7;}; }
22:43:57.252 [main] ERROR BATTLE - 3:JS脚本需要使用js引擎编译，脚本:function unnamed_15(){ with(Math){ return -(magicattacka*1.8-magicdefb+2*skilllevela)*(0.5+0.05*(4-preaimcount));}; }
22:43:57.258 [main] ERROR BATTLE - 3:JS脚本需要使用js引擎编译，脚本:function unnamed_50(){ with(Math){ return -(magicattacka*0.5-magicdefb+2*gradea)*(0.5+0.05*(2-preaimcount));}; }
22:43:57.259 [main] ERROR BATTLE - 3:JS脚本需要使用js引擎编译，脚本:function unnamed_123(){ with(Math){ return (15)+(TeamNum-1)*15+RoleLv*1;}; }
22:43:57.260 [main] ERROR BATTLE - 3:JS脚本需要使用js引擎编译，脚本:function unnamed_103(){ with(Math){ return gradea*3;}; }
22:43:57.261 [main] ERROR BATTLE - 3:JS脚本需要使用js引擎编译，脚本:function unnamed_13(){ with(Math){ return ((medicala*0.5+skilllevela*1.4)+abs(maindamage)*0.1)*(1+healrevisea)*(1+medicaljiashena/1000);}; }
22:43:57.263 [main] ERROR BATTLE - 3:JS脚本需要使用js引擎编译，脚本:function unnamed_71(){ with(Math){ return gradea*1.22;}; }
22:43:57.264 [main] ERROR BATTLE - 3:JS脚本需要使用js引擎编译，脚本:function unnamed_138(){ with(Math){ return Ring+3;}; }
22:43:57.265 [main] ERROR BATTLE - 3:JS脚本需要使用js引擎编译，脚本:function unnamed_60(){ with(Math){ return gradea*0.1;}; }
22:43:57.266 [main] ERROR BATTLE - 3:JS脚本需要使用js引擎编译，脚本:function unnamed_180(){ with(Math){ return _94014_>=7;}; }
22:43:57.267 [main] ERROR BATTLE - 3:JS脚本需要使用js引擎编译，脚本:function unnamed_147(){ with(Math){ return _99038_>=1;}; }
22:43:57.268 [main] ERROR BATTLE - 3:JS脚本需要使用js引擎编译，脚本:function unnamed_186(){ with(Math){ return _99058_>=1;}; }
22:43:57.270 [main] ERROR BATTLE - 3:JS脚本需要使用js引擎编译，脚本:function unnamed_115(){ with(Math){ return (15)+(TeamNum-1)*15+RoleLv*160;}; }
22:43:57.271 [main] ERROR BATTLE - 3:JS脚本需要使用js引擎编译，脚本:function unnamed_34(){ with(Math){ return -maxhpb*0.6;}; }
22:43:57.272 [main] ERROR BATTLE - 3:JS脚本需要使用js引擎编译，脚本:function unnamed_215(){ with(Math){ return _501402_;}; }
22:43:57.273 [main] ERROR BATTLE - 3:JS脚本需要使用js引擎编译，脚本:function unnamed_150(){ with(Math){ return _95003_<=2;}; }
22:43:57.275 [main] ERROR BATTLE - 3:JS脚本需要使用js引擎编译，脚本:function unnamed_0(){ with(Math){ return -(phyattacka*1.3-defendb+1*skilllevela);}; }
22:43:57.276 [main] ERROR BATTLE - 3:JS脚本需要使用js引擎编译，脚本:function unnamed_66(){ with(Math){ return gradea*0.175;}; }
22:43:57.277 [main] ERROR BATTLE - 3:JS脚本需要使用js引擎编译，脚本:function unnamed_55(){ with(Math){ return -(phyattacka*1-defendb+7*gradea);}; }
22:43:57.278 [main] ERROR BATTLE - 3:JS脚本需要使用js引擎编译，脚本:function unnamed_22(){ with(Math){ return medicala+1.2*skilllevela;}; }
22:43:57.279 [main] ERROR BATTLE - 3:JS脚本需要使用js引擎编译，脚本:function unnamed_222(){ with(Math){ return !_508006_;}; }
22:43:57.280 [main] ERROR BATTLE - 3:JS脚本需要使用js引擎编译，脚本:function unnamed_41(){ with(Math){ return -(phyattacka*1.60-defendb+1*skilllevela)*2.5;}; }
22:43:57.282 [main] ERROR BATTLE - 3:JS脚本需要使用js引擎编译，脚本:function unnamed_136(){ with(Math){ return RoleLv*200;}; }
22:43:57.283 [main] ERROR BATTLE - 3:JS脚本需要使用js引擎编译，脚本:function unnamed_7(){ with(Math){ return 9*skilllevela;}; }
22:43:57.284 [main] ERROR BATTLE - 3:JS脚本需要使用js引擎编译，脚本:function unnamed_192(){ with(Math){ return _99055_<1;}; }
22:43:57.285 [main] ERROR BATTLE - 3:JS脚本需要使用js引擎编译，脚本:function unnamed_101(){ with(Math){ return gradea*0.45;}; }
22:43:57.286 [main] ERROR BATTLE - 3:JS脚本需要使用js引擎编译，脚本:function unnamed_6(){ with(Math){ return -(phyattacka*1.45-defendb+1*skilllevela);}; }
22:43:57.288 [main] ERROR BATTLE - 3:JS脚本需要使用js引擎编译，脚本:function unnamed_53(){ with(Math){ return abs(maindamage)*0.20;}; }
22:43:57.289 [main] ERROR BATTLE - 3:JS脚本需要使用js引擎编译，脚本:function unnamed_92(){ with(Math){ return gradea*0.0625;}; }
22:43:57.290 [main] ERROR BATTLE - 3:JS脚本需要使用js引擎编译，脚本:function unnamed_177(){ with(Math){ return _94056_>=3;}; }
22:43:57.291 [main] ERROR BATTLE - 3:JS脚本需要使用js引擎编译，脚本:function unnamed_104(){ with(Math){ return gradea*3.25;}; }
22:43:57.292 [main] ERROR BATTLE - 3:JS脚本需要使用js引擎编译，脚本:function unnamed_25(){ with(Math){ return 0.7*maxhpb;}; }
22:43:57.294 [main] ERROR BATTLE - 3:JS脚本需要使用js引擎编译，脚本:function unnamed_1(){ with(Math){ return -(phyattacka*1.35-defendb+1*skilllevela);}; }
22:43:57.295 [main] ERROR BATTLE - 3:JS脚本需要使用js引擎编译，脚本:function unnamed_124(){ with(Math){ return (15)+(TeamNum-1)*15+RoleLv*2;}; }
22:43:57.296 [main] ERROR BATTLE - 3:JS脚本需要使用js引擎编译，脚本:function unnamed_168(){ with(Math){ return _95003_=8;}; }
22:43:57.297 [main] ERROR BATTLE - 3:JS脚本需要使用js引擎编译，脚本:function unnamed_45(){ with(Math){ return -magicattacka*1.6;}; }
22:43:57.298 [main] ERROR BATTLE - 3:JS脚本需要使用js引擎编译，脚本:function unnamed_89(){ with(Math){ return gradea*1.225;}; }
22:43:57.300 [main] ERROR BATTLE - 3:JS脚本需要使用js引擎编译，脚本:function unnamed_146(){ with(Math){ return _99037_>=1;}; }
22:43:57.301 [main] ERROR BATTLE - 3:JS脚本需要使用js引擎编译，脚本:function unnamed_10(){ with(Math){ return gradea*2;}; }
22:43:57.302 [main] ERROR BATTLE - 3:JS脚本需要使用js引擎编译，脚本:function unnamed_35(){ with(Math){ return -maxhpb*0.7;}; }
22:43:57.303 [main] ERROR BATTLE - 3:JS脚本需要使用js引擎编译，脚本:function unnamed_61(){ with(Math){ return gradea*0.2;}; }
22:43:57.304 [main] ERROR BATTLE - 3:JS脚本需要使用js引擎编译，脚本:function unnamed_114(){ with(Math){ return -magicattacka*0.7;}; }
22:43:57.305 [main] ERROR BATTLE - 3:JS脚本需要使用js引擎编译，脚本:function unnamed_85(){ with(Math){ return gradea*0.2835;}; }
22:43:57.307 [main] ERROR BATTLE - 3:JS脚本需要使用js引擎编译，脚本:function unnamed_57(){ with(Math){ return 10+gradea;}; }
22:43:57.308 [main] ERROR BATTLE - 3:JS脚本需要使用js引擎编译，脚本:function unnamed_145(){ with(Math){ return _99036_>=1;}; }
22:43:57.309 [main] ERROR BATTLE - 3:JS脚本需要使用js引擎编译，脚本:function unnamed_151(){ with(Math){ return _95003_<=3;}; }
22:43:57.311 [main] ERROR BATTLE - 3:JS脚本需要使用js引擎编译，脚本:function unnamed_106(){ with(Math){ return gradea*3.75;}; }
22:43:57.313 [main] ERROR BATTLE - 3:JS脚本需要使用js引擎编译，脚本:function unnamed_160(){ with(Math){ return _96234_>=1;}; }
22:43:57.319 [main] ERROR BATTLE - 3:JS脚本需要使用js引擎编译，脚本:function unnamed_178(){ with(Math){ return _99049_>=1;}; }
22:43:57.320 [main] ERROR BATTLE - 3:JS脚本需要使用js引擎编译，脚本:function unnamed_84(){ with(Math){ return gradea*0.2362;}; }
22:43:57.321 [main] ERROR BATTLE - 3:JS脚本需要使用js引擎编译，脚本:function unnamed_197(){ with(Math){ return _99060_<1;}; }
22:43:57.322 [main] ERROR BATTLE - 3:JS脚本需要使用js引擎编译，脚本:function unnamed_14(){ with(Math){ return ((medicala*0.2+skilllevela*1.2)+abs(maindamage)*0.08)*(1+healrevisea)*(1+medicaljiashena/1000);}; }
22:43:57.323 [main] ERROR BATTLE - 3:JS脚本需要使用js引擎编译，脚本:function unnamed_42(){ with(Math){ return -(phyattacka*1.10-defendb+1*skilllevela)*2.5;}; }
22:43:57.332 [main] ERROR BATTLE - 3:JS脚本需要使用js引擎编译，脚本:function unnamed_194(){ with(Math){ return _99057_<1;}; }
22:43:57.334 [main] ERROR BATTLE - 3:JS脚本需要使用js引擎编译，脚本:function unnamed_211(){ with(Math){ return _99065_>=3;}; }
22:43:57.335 [main] ERROR BATTLE - 3:JS脚本需要使用js引擎编译，脚本:function unnamed_131(){ with(Math){ return (1*RoleLv*1.3)*(random()*(1.02-0.98)+0.98);}; }
22:43:57.336 [main] ERROR BATTLE - 3:JS脚本需要使用js引擎编译，脚本:function unnamed_27(){ with(Math){ return 10+1.3*skilllevela;}; }
22:43:57.337 [main] ERROR BATTLE - 3:JS脚本需要使用js引擎编译，脚本:function unnamed_128(){ with(Math){ return RoleLv*1.7+20;}; }
22:43:57.339 [main] ERROR BATTLE - 3:JS脚本需要使用js引擎编译，脚本:function unnamed_169(){ with(Math){ return _95003_=9;}; }
22:43:57.340 [main] ERROR BATTLE - 3:JS脚本需要使用js引擎编译，脚本:function unnamed_135(){ with(Math){ return (400*MonsterLv*0.017*(MonsterNum*0.083+MasterNum*0.1245)*min(max(1-0.2*floor(abs(MonsterLv-RoleLv)/5),0.1),1)*(1-IsDbPoint)+400*MonsterLv*0.13*(MonsterNum*0.083+MasterNum*0.1245)*min(max(1-0.2*floor(abs(MonsterLv-RoleLv)/5),0.1),1)*IsDbPoint)*(random()*(1.02-0.98)+0.98);}; }
22:43:57.341 [main] ERROR BATTLE - 3:JS脚本需要使用js引擎编译，脚本:function unnamed_20(){ with(Math){ return medicala+3*skilllevela*2;}; }
22:43:57.342 [main] ERROR BATTLE - 3:JS脚本需要使用js引擎编译，脚本:function unnamed_68(){ with(Math){ return gradea*0.7;}; }
22:43:57.343 [main] ERROR BATTLE - 3:JS脚本需要使用js引擎编译，脚本:function unnamed_43(){ with(Math){ return -magicattacka*3;}; }
22:43:57.345 [main] ERROR BATTLE - 3:JS脚本需要使用js引擎编译，脚本:function unnamed_172(){ with(Math){ return _99043_>=1;}; }
22:43:57.346 [main] ERROR BATTLE - 3:JS脚本需要使用js引擎编译，脚本:function unnamed_196(){ with(Math){ return _99059_<1;}; }
22:43:57.347 [main] ERROR BATTLE - 3:JS脚本需要使用js引擎编译，脚本:function unnamed_207(){ with(Math){ return _99071_>=1;}; }
22:43:57.348 [main] ERROR BATTLE - 3:JS脚本需要使用js引擎编译，脚本:function unnamed_93(){ with(Math){ return gradea*0.625;}; }
22:43:57.349 [main] ERROR BATTLE - 3:JS脚本需要使用js引擎编译，脚本:function unnamed_83(){ with(Math){ return gradea*0.189;}; }
22:43:57.350 [main] ERROR BATTLE - 3:JS脚本需要使用js引擎编译，脚本:function unnamed_119(){ with(Math){ return (15)+(TeamNum-1)*15+RoleLv*120;}; }
22:43:57.351 [main] ERROR BATTLE - 3:JS脚本需要使用js引擎编译，脚本:function unnamed_33(){ with(Math){ return -maxhpb*0.4;}; }
22:43:57.352 [main] ERROR BATTLE - 3:JS脚本需要使用js引擎编译，脚本:function unnamed_227(){ with(Math){ return 1*TeamNum+5;}; }
22:43:57.353 [main] ERROR BATTLE - 3:JS脚本需要使用js引擎编译，脚本:function unnamed_174(){ with(Math){ return _99045_<1;}; }
22:43:57.355 [main] ERROR BATTLE - 3:JS脚本需要使用js引擎编译，脚本:function unnamed_74(){ with(Math){ return gradea*0.000875;}; }
22:43:57.356 [main] ERROR BATTLE - 3:JS脚本需要使用js引擎编译，脚本:function unnamed_156(){ with(Math){ return _95003_<=8;}; }
22:43:57.357 [main] ERROR BATTLE - 3:JS脚本需要使用js引擎编译，脚本:function unnamed_37(){ with(Math){ return -(phyattacka*1.40-defendb+1*skilllevela)*2.5;}; }
22:43:57.358 [main] ERROR BATTLE - 3:JS脚本需要使用js引擎编译，脚本:function unnamed_199(){ with(Math){ return _96001_/_96002_<0.1;}; }
22:43:57.359 [main] ERROR BATTLE - 3:JS脚本需要使用js引擎编译，脚本:function unnamed_209(){ with(Math){ return _99072_<1;}; }
22:43:57.360 [main] ERROR BATTLE - 3:JS脚本需要使用js引擎编译，脚本:function unnamed_23(){ with(Math){ return (medicala+1.2*skilllevela)*0.4;}; }
22:43:57.361 [main] ERROR BATTLE - 3:JS脚本需要使用js引擎编译，脚本:function unnamed_70(){ with(Math){ return gradea*1.05;}; }
22:43:57.362 [main] ERROR BATTLE - 3:JS脚本需要使用js引擎编译，脚本:function unnamed_63(){ with(Math){ return gradea*0.24;}; }
22:43:57.364 [main] ERROR BATTLE - 3:JS脚本需要使用js引擎编译，脚本:function unnamed_98(){ with(Math){ return gradea*0.85;}; }
22:43:57.365 [main] ERROR BATTLE - 3:JS脚本需要使用js引擎编译，脚本:function unnamed_144(){ with(Math){ return _94056_>=1;}; }
22:43:57.366 [main] ERROR BATTLE - 3:JS脚本需要使用js引擎编译，脚本:function unnamed_141(){ with(Math){ return (500*RoleLv*0.05)*(random()*(1.02-0.98)+0.98)*0.5;}; }
22:43:57.367 [main] ERROR BATTLE - 3:JS脚本需要使用js引擎编译，脚本:function unnamed_143(){ with(Math){ return _99065_>=4;}; }
22:43:57.368 [main] ERROR BATTLE - 3:JS脚本需要使用js引擎编译，脚本:function unnamed_185(){ with(Math){ return _99057_>=1;}; }
22:43:57.369 [main] ERROR BATTLE - 3:JS脚本需要使用js引擎编译，脚本:function unnamed_107(){ with(Math){ return gradea*4;}; }
22:43:57.371 [main] ERROR BATTLE - 3:JS脚本需要使用js引擎编译，脚本:function unnamed_206(){ with(Math){ return _99068_>=1;}; }
22:43:57.372 [main] ERROR BATTLE - 3:JS脚本需要使用js引擎编译，脚本:function unnamed_58(){ with(Math){ return -(magicattacka*1.2-magicdefb+2*gradea)*(0.5+0.05*(2-preaimcount));}; }
22:43:57.373 [main] ERROR BATTLE - 3:JS脚本需要使用js引擎编译，脚本:function unnamed_100(){ with(Math){ return gradea*0.375;}; }
22:43:57.374 [main] ERROR BATTLE - 3:JS脚本需要使用js引擎编译，脚本:function unnamed_56(){ with(Math){ return -(magicattacka*3.5-magicdefb+2*skilllevela)*0.3;}; }
22:43:57.376 [main] ERROR BATTLE - 3:JS脚本需要使用js引擎编译，脚本:function unnamed_26(){ with(Math){ return -(speeda*0.1+7*skilllevela)*1.1;}; }
22:43:57.377 [main] ERROR BATTLE - 3:JS脚本需要使用js引擎编译，脚本:function unnamed_75(){ with(Math){ return gradea*0.00105;}; }
22:43:57.378 [main] ERROR BATTLE - 3:JS脚本需要使用js引擎编译，脚本:function unnamed_80(){ with(Math){ return gradea*0.12;}; }
22:43:57.380 [main] ERROR BATTLE - 3:JS脚本需要使用js引擎编译，脚本:function unnamed_40(){ with(Math){ return -(phyattacka*1.55-defendb+1*skilllevela)*2.5;}; }
22:43:57.381 [main] ERROR BATTLE - 3:JS脚本需要使用js引擎编译，脚本:function unnamed_157(){ with(Math){ return _95003_<=9;}; }
22:43:57.382 [main] ERROR BATTLE - 3:JS脚本需要使用js引擎编译，脚本:function unnamed_140(){ with(Math){ return (5000*RoleLv*0.05)*(random()*(1.02-0.98)+0.98)*(1-min(5-TeamNum,2)*0.15);}; }
22:43:57.383 [main] ERROR BATTLE - 3:JS脚本需要使用js引擎编译，脚本:function unnamed_184(){ with(Math){ return _99056_>=1;}; }
22:43:57.384 [main] ERROR BATTLE - 3:JS脚本需要使用js引擎编译，脚本:function unnamed_122(){ with(Math){ return RoleLv*10;}; }
22:43:57.385 [main] ERROR BATTLE - 3:JS脚本需要使用js引擎编译，脚本:function unnamed_48(){ with(Math){ return -(phyattacka*2-defendb+1*gradea);}; }
22:43:57.387 [main] ERROR BATTLE - 3:JS脚本需要使用js引擎编译，脚本:function unnamed_110(){ with(Math){ return 0.3*maxhpb;}; }
22:43:57.388 [main] ERROR BATTLE - 3:JS脚本需要使用js引擎编译，脚本:function unnamed_2(){ with(Math){ return -(phyattacka*0.65-defendb+1*skilllevela);}; }
22:43:57.389 [main] ERROR BATTLE - 3:JS脚本需要使用js引擎编译，脚本:function unnamed_109(){ with(Math){ return 0.05*maxhpb;}; }
22:43:57.390 [main] ERROR BATTLE - 3:JS脚本需要使用js引擎编译，脚本:function unnamed_208(){ with(Math){ return _99070_==1;}; }
22:43:57.391 [main] ERROR BATTLE - 3:JS脚本需要使用js引擎编译，脚本:function unnamed_179(){ with(Math){ return _99052_>=1;}; }
22:43:57.392 [main] ERROR BATTLE - 3:JS脚本需要使用js引擎编译，脚本:function unnamed_29(){ with(Math){ return -(magicattacka*1.8-magicdefb+2*gradea)*0.5;}; }
22:43:57.394 [main] ERROR BATTLE - 3:JS脚本需要使用js引擎编译，脚本:function unnamed_218(){ with(Math){ return !_509951_;}; }
22:43:57.395 [main] ERROR BATTLE - 3:JS脚本需要使用js引擎编译，脚本:function unnamed_213(){ with(Math){ return _502003_;}; }
22:43:57.396 [main] ERROR BATTLE - 3:JS脚本需要使用js引擎编译，脚本:function unnamed_132(){ with(Math){ return 2000*RoleLv;}; }
22:43:57.397 [main] ERROR BATTLE - 3:JS脚本需要使用js引擎编译，脚本:function unnamed_97(){ with(Math){ return gradea*0.65;}; }
22:43:57.399 [main] ERROR BATTLE - 3:JS脚本需要使用js引擎编译，脚本:function unnamed_161(){ with(Math){ return _95003_=3;}; }
22:43:57.400 [main] ERROR BATTLE - 3:JS脚本需要使用js引擎编译，脚本:function unnamed_183(){ with(Math){ return _99055_>=1;}; }
22:43:57.401 [main] ERROR BATTLE - 3:JS脚本需要使用js引擎编译，脚本:function unnamed_129(){ with(Math){ return (1*RoleLv*11)*(random()*(1.02-0.98)+0.98);}; }
22:43:57.402 [main] ERROR BATTLE - 3:JS脚本需要使用js引擎编译，脚本:function unnamed_17(){ with(Math){ return abs(maindamage)*1;}; }
22:43:57.404 [main] ERROR BATTLE - 3:JS脚本需要使用js引擎编译，脚本:function unnamed_49(){ with(Math){ return phyattacka*1.25-defendb+1*gradea;}; }
22:43:57.405 [main] ERROR BATTLE - 3:JS脚本需要使用js引擎编译，脚本:function unnamed_127(){ with(Math){ return (15)+(TeamNum-1)*15+RoleLv*5;}; }
22:43:57.406 [main] ERROR BATTLE - 3:JS脚本需要使用js引擎编译，脚本:function unnamed_73(){ with(Math){ return gradea*0.0007;}; }
22:43:57.407 [main] ERROR BATTLE - 3:JS脚本需要使用js引擎编译，脚本:function unnamed_91(){ with(Math){ return gradea*0.5;}; }
22:43:57.408 [main] ERROR BATTLE - 3:JS脚本需要使用js引擎编译，脚本:function unnamed_64(){ with(Math){ return gradea*0.15;}; }
22:43:57.409 [main] ERROR BATTLE - 3:JS脚本需要使用js引擎编译，脚本:function unnamed_190(){ with(Math){ return _99053_<1;}; }
22:43:57.410 [main] ERROR BATTLE - 3:JS脚本需要使用js引擎编译，脚本:function unnamed_102(){ with(Math){ return gradea*0.525;}; }
22:43:57.411 [main] ERROR BATTLE - 3:JS脚本需要使用js引擎编译，脚本:function unnamed_31(){ with(Math){ return -maxhpb*0.2;}; }
22:43:57.413 [main] ERROR BATTLE - 3:JS脚本需要使用js引擎编译，脚本:function unnamed_130(){ with(Math){ return (1*RoleLv*0.94)*(random()*(1.02-0.98)+0.98);}; }
22:43:57.414 [main] ERROR BATTLE - 3:JS脚本需要使用js引擎编译，脚本:function unnamed_16(){ with(Math){ return abs(maindamage)*0.35;}; }
22:43:57.415 [main] ERROR BATTLE - 3:JS脚本需要使用js引擎编译，脚本:function unnamed_18(){ with(Math){ return -magicattacka*0.2;}; }
22:43:57.416 [main] ERROR BATTLE - 3:JS脚本需要使用js引擎编译，脚本:function unnamed_154(){ with(Math){ return _95003_<=6;}; }
22:43:57.417 [main] ERROR BATTLE - 3:JS脚本需要使用js引擎编译，脚本:function unnamed_28(){ with(Math){ return -(magicattacka*1.3-magicdefb+2*gradea)*0.5;}; }
22:43:57.418 [main] ERROR BATTLE - 3:JS脚本需要使用js引擎编译，脚本:function unnamed_36(){ with(Math){ return -(phyattacka*10-defendb+1*gradea+max((phyattacka-phyattackb)*0.05,0));}; }
22:43:57.420 [main] ERROR BATTLE - 3:JS脚本需要使用js引擎编译，脚本:function unnamed_182(){ with(Math){ return _99054_>=1;}; }
22:43:57.421 [main] ERROR BATTLE - 3:JS脚本需要使用js引擎编译，脚本:function unnamed_225(){ with(Math){ return !_508014_;}; }
22:43:57.422 [main] ERROR BATTLE - 3:JS脚本需要使用js引擎编译，脚本:function unnamed_69(){ with(Math){ return gradea*0.87;}; }
22:43:57.423 [main] ERROR BATTLE - 3:JS脚本需要使用js引擎编译，脚本:function unnamed_164(){ with(Math){ return _95003_=4;}; }
22:43:57.424 [main] ERROR BATTLE - 3:JS脚本需要使用js引擎编译，脚本:function unnamed_175(){ with(Math){ return _99047_>=1;}; }
22:43:57.425 [main] ERROR BATTLE - 3:JS脚本需要使用js引擎编译，脚本:function unnamed_181(){ with(Math){ return _99053_>=1;}; }
22:43:57.427 [main] ERROR BATTLE - 3:JS脚本需要使用js引擎编译，脚本:function unnamed_134(){ with(Math){ return (400*MonsterLv*0.011*(MonsterNum*0.083+MasterNum*0.1245)*min(max(1-0.2*floor(abs(MonsterLv-RoleLv)/5),0.1),1)*(1-IsDbPoint)+400*MonsterLv*0.13*(MonsterNum*0.083+MasterNum*0.1245)*min(max(1-0.2*floor(abs(MonsterLv-RoleLv)/5),0.1),1)*IsDbPoint)*(random()*(1.02-0.98)+0.98);}; }
22:43:57.428 [main] ERROR BATTLE - 3:JS脚本需要使用js引擎编译，脚本:function unnamed_176(){ with(Math){ return _99048_>=1;}; }
22:43:57.429 [main] ERROR BATTLE - 3:JS脚本需要使用js引擎编译，脚本:function unnamed_39(){ with(Math){ return -(phyattacka*1.50-defendb+1*skilllevela)*2.5;}; }
22:43:57.430 [main] ERROR BATTLE - 3:JS脚本需要使用js引擎编译，脚本:function unnamed_120(){ with(Math){ return (15)+(TeamNum-1)*15+RoleLv*140;}; }
22:43:57.431 [main] ERROR BATTLE - 3:JS脚本需要使用js引擎编译，脚本:function unnamed_51(){ with(Math){ return -(magicattacka*0.8-magicdefb+2*gradea)*(0.5+0.05*(2-preaimcount));}; }
22:43:57.433 [main] ERROR BATTLE - 3:JS脚本需要使用js引擎编译，脚本:function unnamed_82(){ with(Math){ return gradea*0.14;}; }
22:43:57.434 [main] ERROR BATTLE - 3:JS脚本需要使用js引擎编译，脚本:function unnamed_32(){ with(Math){ return -maxhpb*0.3;}; }
22:43:57.435 [main] ERROR BATTLE - 3:JS脚本需要使用js引擎编译，脚本:function unnamed_54(){ with(Math){ return -(magicattacka*3.5-magicdefb+2*skilllevela)*0.5;}; }
22:43:57.436 [main] ERROR BATTLE - 3:JS脚本需要使用js引擎编译，脚本:function unnamed_95(){ with(Math){ return gradea*0.75;}; }
22:43:57.437 [main] ERROR BATTLE - 3:JS脚本需要使用js引擎编译，脚本:function unnamed_158(){ with(Math){ return _95003_<=10;}; }
22:43:57.438 [main] ERROR BATTLE - 3:JS脚本需要使用js引擎编译，脚本:function unnamed_19(){ with(Math){ return medicala*1.1+3*skilllevela;}; }
22:43:57.439 [main] ERROR BATTLE - 3:JS脚本需要使用js引擎编译，脚本:function unnamed_72(){ with(Math){ return gradea*1.4;}; }
22:43:57.441 [main] ERROR BATTLE - 3:JS脚本需要使用js引擎编译，脚本:function unnamed_139(){ with(Math){ return 105800+floor(RoleLv/10)*440+(200+floor(RoleLv/10)*40*(Ring-1));}; }
22:43:57.442 [main] ERROR BATTLE - 3:JS脚本需要使用js引擎编译，脚本:function unnamed_108(){ with(Math){ return -(phyattacka*1.2-defendb+1*gradea);}; }
22:43:57.443 [main] ERROR BATTLE - 3:JS脚本需要使用js引擎编译，脚本:function unnamed_117(){ with(Math){ return RoleLv*50;}; }
22:43:57.444 [main] ERROR BATTLE - 3:JS脚本需要使用js引擎编译，脚本:function unnamed_155(){ with(Math){ return _95003_<=7;}; }
22:43:57.445 [main] ERROR BATTLE - 3:JS脚本需要使用js引擎编译，脚本:function unnamed_220(){ with(Math){ return !_501402_;}; }
22:43:57.446 [main] ERROR BATTLE - 3:JS脚本需要使用js引擎编译，脚本:function unnamed_21(){ with(Math){ return -(magicattacka*1.3-magicdefb+2*gradea)*0.5*(1.2+(0.6+0.2*skilllevela)*(1-curmpb/maxmpb));}; }
22:43:57.447 [main] ERROR BATTLE - 3:JS脚本需要使用js引擎编译，脚本:function unnamed_116(){ with(Math){ return 1600*RoleLv*0.067*(0.74+0.02*Time)*(random()*(1.02-0.98)+0.98);}; }
22:43:57.449 [main] ERROR BATTLE - 3:JS脚本需要使用js引擎编译，脚本:function unnamed_5(){ with(Math){ return -(phyattacka*1-defendb+1*gradea)*(0.25+0.05*skilllevela);}; }
22:43:57.450 [main] ERROR BATTLE - 3:JS脚本需要使用js引擎编译，脚本:function unnamed_226(){ with(Math){ return !_508008_;}; }
22:43:57.451 [main] ERROR BATTLE - 3:JS脚本需要使用js引擎编译，脚本:function unnamed_210(){ with(Math){ return _94041_>=1;}; }
22:43:57.452 [main] ERROR BATTLE - 3:JS脚本需要使用js引擎编译，脚本:function unnamed_205(){ with(Math){ return _99049_>=5;}; }
22:43:57.453 [main] ERROR BATTLE - 3:JS脚本需要使用js引擎编译，脚本:function unnamed_217(){ with(Math){ return !_508237_;}; }
22:43:57.454 [main] ERROR BATTLE - 3:JS脚本需要使用js引擎编译，脚本:function unnamed_47(){ with(Math){ return -(phyattacka*1.25-defendb+1*gradea+max((phyattacka-phyattackb)*0.25,0));}; }
22:43:57.455 [main] ERROR BATTLE - 3:JS脚本需要使用js引擎编译，脚本:function unnamed_149(){ with(Math){ return _94056_>=4;}; }
22:43:57.457 [main] ERROR BATTLE - 3:JS脚本需要使用js引擎编译，脚本:function unnamed_195(){ with(Math){ return _99058_<1;}; }
22:43:57.458 [main] ERROR BATTLE - 3:JS脚本需要使用js引擎编译，脚本:function unnamed_148(){ with(Math){ return _99039_>=1;}; }
22:43:57.459 [main] ERROR BATTLE - 3:JS脚本需要使用js引擎编译，脚本:function unnamed_187(){ with(Math){ return _99059_>=1;}; }
22:43:57.460 [main] ERROR BATTLE - 3:JS脚本需要使用js引擎编译，脚本:function unnamed_24(){ with(Math){ return 2*skilllevela+50;}; }
22:43:57.461 [main] ERROR BATTLE - 3:JS脚本需要使用js引擎编译，脚本:function unnamed_96(){ with(Math){ return gradea*0.0875;}; }
22:43:57.462 [main] ERROR BATTLE - 3:JS脚本需要使用js引擎编译，脚本:function unnamed_165(){ with(Math){ return _95003_=5;}; }
22:43:57.463 [main] ERROR BATTLE - 3:JS脚本需要使用js引擎编译，脚本:function unnamed_113(){ with(Math){ return -(phyattacka*0.5-defendb+1*gradea);}; }
22:43:57.465 [main] ERROR BATTLE - 3:JS脚本需要使用js引擎编译，脚本:function unnamed_105(){ with(Math){ return gradea*3.5;}; }
22:43:57.466 [main] ERROR BATTLE - 3:JS脚本需要使用js引擎编译，脚本:function unnamed_125(){ with(Math){ return (15)+(TeamNum-1)*15+RoleLv*3;}; }
22:43:57.467 [main] ERROR BATTLE - 3:JS脚本需要使用js引擎编译，脚本:function unnamed_11(){ with(Math){ return -(phyattacka*0.45-defendb+1*skilllevela);}; }
22:43:57.468 [main] ERROR BATTLE - 3:JS脚本需要使用js引擎编译，脚本:function unnamed_112(){ with(Math){ return -(phyattacka*0.65-defendb+1*gradea);}; }
22:43:57.469 [main] ERROR BATTLE - 3:JS脚本需要使用js引擎编译，脚本:function unnamed_137(){ with(Math){ return 500*RoleLv*1.215*(0.88+0.03);}; }
22:43:57.470 [main] ERROR BATTLE - 3:JS脚本需要使用js引擎编译，脚本:function unnamed_171(){ with(Math){ return _99042_>=3;}; }
22:43:57.471 [main] ERROR BATTLE - 3:JS脚本需要使用js引擎编译，脚本:function unnamed_202(){ with(Math){ return _99062_>=3;}; }
22:43:57.473 [main] ERROR BATTLE - 3:JS脚本需要使用js引擎编译，脚本:function unnamed_79(){ with(Math){ return gradea*1;}; }
22:43:57.474 [main] ERROR BATTLE - 3:JS脚本需要使用js引擎编译，脚本:function unnamed_87(){ with(Math){ return gradea*0.378;}; }
22:43:57.475 [main] ERROR BATTLE - 3:JS脚本需要使用js引擎编译，脚本:function unnamed_8(){ with(Math){ return -(magicattacka*1.2-magicdefb+2*skilllevela)*(0.5+0.05*(4-preaimcount));}; }
22:43:57.476 [main] ERROR BATTLE - 3:JS脚本需要使用js引擎编译，脚本:function unnamed_99(){ with(Math){ return gradea*0.3;}; }
22:43:57.477 [main] ERROR BATTLE - 3:JS脚本需要使用js引擎编译，脚本:function unnamed_193(){ with(Math){ return _99056_<1;}; }
22:43:57.478 [main] ERROR BATTLE - 3:JS脚本需要使用js引擎编译，脚本:function unnamed_88(){ with(Math){ return gradea*0.875;}; }
22:43:57.479 [main] ERROR BATTLE - 3:JS脚本需要使用js引擎编译，脚本:function unnamed_67(){ with(Math){ return gradea*0.32;}; }
22:43:57.481 [main] ERROR BATTLE - 3:JS脚本需要使用js引擎编译，脚本:function unnamed_224(){ with(Math){ return _503001_;}; }
22:43:57.482 [main] ERROR BATTLE - 3:JS脚本需要使用js引擎编译，脚本:function unnamed_52(){ with(Math){ return -(phyattacka*0.55-defendb+1*gradea);}; }
22:43:57.484 [main] ERROR BATTLE - 3:JS脚本需要使用js引擎编译，脚本:function unnamed_152(){ with(Math){ return _95003_<=4;}; }
22:43:57.485 [main] ERROR BATTLE - 3:JS脚本需要使用js引擎编译，脚本:function unnamed_198(){ with(Math){ return _99061_<1;}; }
22:43:57.486 [main] ERROR BATTLE - 3:JS脚本需要使用js引擎编译，脚本:function unnamed_223(){ with(Math){ return _509081_;}; }
22:43:57.487 [main] ERROR BATTLE - 3:JS脚本需要使用js引擎编译，脚本:function unnamed_38(){ with(Math){ return -(phyattacka*1.45-defendb+1*skilllevela)*2.5;}; }
22:43:57.488 [main] ERROR BATTLE - 3:JS脚本需要使用js引擎编译，脚本:function unnamed_203(){ with(Math){ return _99066_>=1;}; }
22:43:57.489 [main] ERROR BATTLE - 3:JS脚本需要使用js引擎编译，脚本:function unnamed_221(){ with(Math){ return !_508002_;}; }
22:43:57.490 [main] ERROR BATTLE - 3:JS脚本需要使用js引擎编译，脚本:function unnamed_65(){ with(Math){ return gradea*0.28;}; }
22:43:57.492 [main] ERROR BATTLE - 3:JS脚本需要使用js引擎编译，脚本:function unnamed_201(){ with(Math){ return _99062_>=2;}; }
22:43:57.493 [main] ERROR BATTLE - 3:JS脚本需要使用js引擎编译，脚本:function unnamed_94(){ with(Math){ return gradea*0.075;}; }
22:43:57.494 [main] ERROR BATTLE - 3:JS脚本需要使用js引擎编译，脚本:function unnamed_90(){ with(Math){ return gradea*0.05;}; }
22:43:57.495 [main] ERROR BATTLE - 3:JS脚本需要使用js引擎编译，脚本:function unnamed_44(){ with(Math){ return -magicattacka*2.2;}; }
22:43:57.496 [main] ERROR BATTLE - 3:JS脚本需要使用js引擎编译，脚本:function unnamed_46(){ with(Math){ return -(phyattacka*0.45-defendb+1*gradea);}; }
22:43:57.497 [main] ERROR BATTLE - 3:JS脚本需要使用js引擎编译，脚本:function unnamed_111(){ with(Math){ return 0.35*maxhpb;}; }
22:43:57.498 [main] ERROR BATTLE - 3:JS脚本需要使用js引擎编译，脚本:function unnamed_121(){ with(Math){ return (15)+(TeamNum-1)*15+RoleLv*150;}; }
22:43:57.500 [main] ERROR BATTLE - 3:JS脚本需要使用js引擎编译，脚本:function unnamed_142(){ with(Math){ return _94019_<1;}; }
22:43:57.501 [main] ERROR BATTLE - 3:JS脚本需要使用js引擎编译，脚本:function unnamed_188(){ with(Math){ return _99060_>=1;}; }
22:43:57.502 [main] ERROR BATTLE - 3:JS脚本需要使用js引擎编译，脚本:function unnamed_191(){ with(Math){ return _99054_<1;}; }
22:43:57.503 [main] ERROR BATTLE - 3:JS脚本需要使用js引擎编译，脚本:function unnamed_212(){ with(Math){ return _99074_>=1;}; }
22:43:57.504 [main] ERROR BATTLE - 3:JS脚本需要使用js引擎编译，脚本:function unnamed_166(){ with(Math){ return _95003_=6;}; }
22:43:57.505 [main] ERROR BATTLE - 3:JS脚本需要使用js引擎编译，脚本:function unnamed_162(){ with(Math){ return _97001_>=4;}; }
22:43:57.506 [main] ERROR BATTLE - 3:JS脚本需要使用js引擎编译，脚本:function unnamed_126(){ with(Math){ return (15)+(TeamNum-1)*15+RoleLv*4;}; }
22:43:57.507 [main] ERROR BATTLE - 3:JS脚本需要使用js引擎编译，脚本:function unnamed_9(){ with(Math){ return 0.7+0.002*(skilllevela-gradeb)+(enhanceseala-resistsealb);}; }
22:43:57.511 [main] ERROR BATTLE - 3:JS脚本需要使用js引擎编译，脚本:function unnamed_12(){ with(Math){ return 16*skilllevela;}; }
22:43:57.512 [main] ERROR BATTLE - 3:JS脚本需要使用js引擎编译，脚本:function unnamed_204(){ with(Math){ return _99067_>=1;}; }
22:43:57.513 [main] ERROR BATTLE - 3:JS脚本需要使用js引擎编译，脚本:function unnamed_219(){ with(Math){ return !_503001_;}; }
22:43:57.514 [main] ERROR BATTLE - 3:JS脚本需要使用js引擎编译，脚本:function unnamed_59(){ with(Math){ return gradea*0.16;}; }
22:43:57.516 [main] ERROR BATTLE - 3:JS脚本需要使用js引擎编译，脚本:function unnamed_118(){ with(Math){ return (15)+(TeamNum-1)*15+RoleLv*100;}; }
22:43:57.517 [main] ERROR BATTLE - 3:JS脚本需要使用js引擎编译，脚本:function unnamed_214(){ with(Math){ return _501901_;}; }
22:43:57.518 [main] ERROR BATTLE - 3:JS脚本需要使用js引擎编译，脚本:function unnamed_189(){ with(Math){ return _99061_>=1;}; }
22:43:57.519 [main] ERROR BATTLE - 3:JS脚本需要使用js引擎编译，脚本:function unnamed_30(){ with(Math){ return -maxhpb*0.1;}; }
22:43:57.520 [main] ERROR BATTLE - 3:JS脚本需要使用js引擎编译，脚本:function unnamed_216(){ with(Math){ return !_508236_;}; }
22:43:57.522 [main] ERROR BATTLE - 3:JS脚本需要使用js引擎编译，脚本:function unnamed_62(){ with(Math){ return gradea*0.125;}; }
22:43:57.523 [main] ERROR BATTLE - 3:JS脚本需要使用js引擎编译，脚本:function unnamed_163(){ with(Math){ return _99040_>=2;}; }
22:43:57.524 [main] ERROR BATTLE - 3:JS脚本需要使用js引擎编译，脚本:function unnamed_81(){ with(Math){ return gradea*1.2;}; }
22:43:57.525 [main] ERROR BATTLE - 3:JS脚本需要使用js引擎编译，脚本:function unnamed_153(){ with(Math){ return _95003_<=5;}; }
22:43:57.526 [main] ERROR BATTLE - 3:JS脚本需要使用js引擎编译，脚本:function unnamed_170(){ with(Math){ return _99041_>=3;}; }
22:43:57.527 [main] ERROR BATTLE - 3:JS脚本需要使用js引擎编译，脚本:function unnamed_173(){ with(Math){ return _99044_<1;}; }
22:43:57.528 [main] ERROR BATTLE - 3:JS脚本需要使用js引擎编译，脚本:function unnamed_200(){ with(Math){ return _99062_>=1;}; }
22:43:57.530 [main] ERROR BATTLE - 3:JS脚本需要使用js引擎编译，脚本:function unnamed_159(){ with(Math){ return _96232_>=1;}; }
22:43:57.531 [main] ERROR BATTLE - 3:JS脚本需要使用js引擎编译，脚本:function unnamed_4(){ with(Math){ return 0.15*maxhpb;}; }
22:43:57.533 [main] ERROR BATTLE - 3:JS脚本需要使用js引擎编译，脚本:function unnamed_78(){ with(Math){ return gradea*0.08;}; }
22:43:57.534 [main] ERROR BATTLE - 3:JS脚本需要使用js引擎编译，脚本:function unnamed_3(){ with(Math){ return -(phyattacka*0.55-defendb+1*skilllevela);}; }
22:43:57.535 [main] ERROR BATTLE - 3:JS脚本需要使用js引擎编译，脚本:function unnamed_77(){ with(Math){ return gradea*0.0014;}; }
22:43:57.536 [main] ERROR BATTLE - 3:JS脚本需要使用js引擎编译，脚本:function unnamed_133(){ with(Math){ return 3000*RoleLv;}; }
22:43:57.537 [main] ERROR BATTLE - 3:JS脚本需要使用js引擎编译，脚本:function unnamed_76(){ with(Math){ return gradea*0.001225;}; }
22:43:57.538 [main] ERROR BATTLE - 3:JS脚本需要使用js引擎编译，脚本:function unnamed_86(){ with(Math){ return gradea*0.3375;}; }
22:43:57.539 [main] ERROR BATTLE - 3:JS脚本需要使用js引擎编译，脚本:function unnamed_167(){ with(Math){ return _95003_=7;}; }
22:43:57.541 [main] ERROR BATTLE - 3:JS脚本需要使用js引擎编译，脚本:function unnamed_15(){ with(Math){ return -(magicattacka*1.8-magicdefb+2*skilllevela)*(0.5+0.05*(4-preaimcount));}; }
22:43:57.543 [main] ERROR BATTLE - 3:JS脚本需要使用js引擎编译，脚本:function unnamed_50(){ with(Math){ return -(magicattacka*0.5-magicdefb+2*gradea)*(0.5+0.05*(2-preaimcount));}; }
22:43:57.544 [main] ERROR BATTLE - 3:JS脚本需要使用js引擎编译，脚本:function unnamed_123(){ with(Math){ return (15)+(TeamNum-1)*15+RoleLv*1;}; }
22:43:57.545 [main] ERROR BATTLE - 3:JS脚本需要使用js引擎编译，脚本:function unnamed_103(){ with(Math){ return gradea*3;}; }
22:43:57.546 [main] ERROR BATTLE - 3:JS脚本需要使用js引擎编译，脚本:function unnamed_13(){ with(Math){ return ((medicala*0.5+skilllevela*1.4)+abs(maindamage)*0.1)*(1+healrevisea)*(1+medicaljiashena/1000);}; }
22:43:57.547 [main] ERROR BATTLE - 3:JS脚本需要使用js引擎编译，脚本:function unnamed_71(){ with(Math){ return gradea*1.22;}; }
22:43:57.548 [main] ERROR BATTLE - 3:JS脚本需要使用js引擎编译，脚本:function unnamed_138(){ with(Math){ return Ring+3;}; }
22:43:57.550 [main] ERROR BATTLE - 3:JS脚本需要使用js引擎编译，脚本:function unnamed_60(){ with(Math){ return gradea*0.1;}; }
22:43:57.551 [main] ERROR BATTLE - 3:JS脚本需要使用js引擎编译，脚本:function unnamed_180(){ with(Math){ return _94014_>=7;}; }
22:43:57.552 [main] ERROR BATTLE - 3:JS脚本需要使用js引擎编译，脚本:function unnamed_147(){ with(Math){ return _99038_>=1;}; }
22:43:57.553 [main] ERROR BATTLE - 3:JS脚本需要使用js引擎编译，脚本:function unnamed_186(){ with(Math){ return _99058_>=1;}; }
22:43:57.554 [main] ERROR BATTLE - 3:JS脚本需要使用js引擎编译，脚本:function unnamed_115(){ with(Math){ return (15)+(TeamNum-1)*15+RoleLv*160;}; }
22:43:57.555 [main] ERROR BATTLE - 3:JS脚本需要使用js引擎编译，脚本:function unnamed_34(){ with(Math){ return -maxhpb*0.6;}; }
22:43:57.556 [main] ERROR BATTLE - 3:JS脚本需要使用js引擎编译，脚本:function unnamed_215(){ with(Math){ return _501402_;}; }
22:43:57.558 [main] ERROR BATTLE - 3:JS脚本需要使用js引擎编译，脚本:function unnamed_150(){ with(Math){ return _95003_<=2;}; }
22:43:57.559 [main] ERROR BATTLE - 3:JS脚本需要使用js引擎编译，脚本:function unnamed_0(){ with(Math){ return -(phyattacka*1.3-defendb+1*skilllevela);}; }
22:43:57.560 [main] ERROR BATTLE - 3:JS脚本需要使用js引擎编译，脚本:function unnamed_66(){ with(Math){ return gradea*0.175;}; }
22:43:57.561 [main] ERROR BATTLE - 3:JS脚本需要使用js引擎编译，脚本:function unnamed_55(){ with(Math){ return -(phyattacka*1-defendb+7*gradea);}; }
22:43:57.562 [main] ERROR BATTLE - 3:JS脚本需要使用js引擎编译，脚本:function unnamed_22(){ with(Math){ return medicala+1.2*skilllevela;}; }
22:43:57.563 [main] ERROR BATTLE - 3:JS脚本需要使用js引擎编译，脚本:function unnamed_222(){ with(Math){ return !_508006_;}; }
22:43:57.564 [main] ERROR BATTLE - 3:JS脚本需要使用js引擎编译，脚本:function unnamed_41(){ with(Math){ return -(phyattacka*1.60-defendb+1*skilllevela)*2.5;}; }
22:43:57.566 [main] ERROR BATTLE - 3:JS脚本需要使用js引擎编译，脚本:function unnamed_136(){ with(Math){ return RoleLv*200;}; }
22:43:57.567 [main] ERROR BATTLE - 3:JS脚本需要使用js引擎编译，脚本:function unnamed_7(){ with(Math){ return 9*skilllevela;}; }
22:43:57.568 [main] ERROR BATTLE - 3:JS脚本需要使用js引擎编译，脚本:function unnamed_192(){ with(Math){ return _99055_<1;}; }
22:43:57.569 [main] ERROR BATTLE - 3:JS脚本需要使用js引擎编译，脚本:function unnamed_101(){ with(Math){ return gradea*0.45;}; }
22:43:57.570 [main] ERROR BATTLE - 3:JS脚本需要使用js引擎编译，脚本:function unnamed_6(){ with(Math){ return -(phyattacka*1.45-defendb+1*skilllevela);}; }
22:43:57.571 [main] ERROR BATTLE - 3:JS脚本需要使用js引擎编译，脚本:function unnamed_53(){ with(Math){ return abs(maindamage)*0.20;}; }
22:43:57.572 [main] ERROR BATTLE - 3:JS脚本需要使用js引擎编译，脚本:function unnamed_92(){ with(Math){ return gradea*0.0625;}; }
22:43:57.574 [main] ERROR BATTLE - 3:JS脚本需要使用js引擎编译，脚本:function unnamed_177(){ with(Math){ return _94056_>=3;}; }
22:43:57.575 [main] ERROR BATTLE - 3:JS脚本需要使用js引擎编译，脚本:function unnamed_104(){ with(Math){ return gradea*3.25;}; }
22:43:57.576 [main] ERROR BATTLE - 3:JS脚本需要使用js引擎编译，脚本:function unnamed_25(){ with(Math){ return 0.7*maxhpb;}; }
22:43:57.577 [main] ERROR BATTLE - 3:JS脚本需要使用js引擎编译，脚本:function unnamed_1(){ with(Math){ return -(phyattacka*1.35-defendb+1*skilllevela);}; }
22:43:57.578 [main] ERROR BATTLE - 3:JS脚本需要使用js引擎编译，脚本:function unnamed_124(){ with(Math){ return (15)+(TeamNum-1)*15+RoleLv*2;}; }
22:43:57.579 [main] ERROR BATTLE - 3:JS脚本需要使用js引擎编译，脚本:function unnamed_168(){ with(Math){ return _95003_=8;}; }
22:43:57.581 [main] ERROR BATTLE - 3:JS脚本需要使用js引擎编译，脚本:function unnamed_45(){ with(Math){ return -magicattacka*1.6;}; }
22:43:57.582 [main] ERROR BATTLE - 3:JS脚本需要使用js引擎编译，脚本:function unnamed_89(){ with(Math){ return gradea*1.225;}; }
22:43:57.582 [main] ERROR BATTLE - 3:JS脚本需要使用js引擎编译，脚本:function unnamed_146(){ with(Math){ return _99037_>=1;}; }
22:43:57.584 [main] ERROR BATTLE - 3:JS脚本需要使用js引擎编译，脚本:function unnamed_10(){ with(Math){ return gradea*2;}; }
22:43:57.585 [main] ERROR BATTLE - 3:JS脚本需要使用js引擎编译，脚本:function unnamed_35(){ with(Math){ return -maxhpb*0.7;}; }
22:43:57.586 [main] ERROR BATTLE - 3:JS脚本需要使用js引擎编译，脚本:function unnamed_61(){ with(Math){ return gradea*0.2;}; }
22:43:57.587 [main] ERROR BATTLE - 3:JS脚本需要使用js引擎编译，脚本:function unnamed_114(){ with(Math){ return -magicattacka*0.7;}; }
22:43:57.588 [main] ERROR BATTLE - 3:JS脚本需要使用js引擎编译，脚本:function unnamed_85(){ with(Math){ return gradea*0.2835;}; }
22:43:57.589 [main] ERROR BATTLE - 3:JS脚本需要使用js引擎编译，脚本:function unnamed_57(){ with(Math){ return 10+gradea;}; }
22:43:57.591 [main] ERROR BATTLE - 3:JS脚本需要使用js引擎编译，脚本:function unnamed_145(){ with(Math){ return _99036_>=1;}; }
22:43:57.592 [main] ERROR BATTLE - 3:JS脚本需要使用js引擎编译，脚本:function unnamed_151(){ with(Math){ return _95003_<=3;}; }
22:43:57.593 [main] ERROR BATTLE - 3:JS脚本需要使用js引擎编译，脚本:function unnamed_106(){ with(Math){ return gradea*3.75;}; }
22:43:57.594 [main] ERROR BATTLE - 3:JS脚本需要使用js引擎编译，脚本:function unnamed_160(){ with(Math){ return _96234_>=1;}; }
22:43:57.599 [main] ERROR BATTLE - 3:JS脚本需要使用js引擎编译，脚本:function unnamed_178(){ with(Math){ return _99049_>=1;}; }
22:43:57.600 [main] ERROR BATTLE - 3:JS脚本需要使用js引擎编译，脚本:function unnamed_84(){ with(Math){ return gradea*0.2362;}; }
22:43:57.603 [main] ERROR BATTLE - 3:JS脚本需要使用js引擎编译，脚本:function unnamed_197(){ with(Math){ return _99060_<1;}; }
22:43:57.604 [main] ERROR BATTLE - 3:JS脚本需要使用js引擎编译，脚本:function unnamed_14(){ with(Math){ return ((medicala*0.2+skilllevela*1.2)+abs(maindamage)*0.08)*(1+healrevisea)*(1+medicaljiashena/1000);}; }
22:43:57.605 [main] ERROR BATTLE - 3:JS脚本需要使用js引擎编译，脚本:function unnamed_42(){ with(Math){ return -(phyattacka*1.10-defendb+1*skilllevela)*2.5;}; }
22:43:57.606 [main] ERROR BATTLE - 3:JS脚本需要使用js引擎编译，脚本:function unnamed_194(){ with(Math){ return _99057_<1;}; }
22:43:57.607 [main] ERROR BATTLE - 3:JS脚本需要使用js引擎编译，脚本:function unnamed_211(){ with(Math){ return _99065_>=3;}; }
22:43:57.608 [main] ERROR BATTLE - 3:JS脚本需要使用js引擎编译，脚本:function unnamed_131(){ with(Math){ return (1*RoleLv*1.3)*(random()*(1.02-0.98)+0.98);}; }
22:43:57.609 [main] ERROR BATTLE - 3:JS脚本需要使用js引擎编译，脚本:function unnamed_27(){ with(Math){ return 10+1.3*skilllevela;}; }
22:43:57.610 [main] ERROR BATTLE - 3:JS脚本需要使用js引擎编译，脚本:function unnamed_128(){ with(Math){ return RoleLv*1.7+20;}; }
22:43:57.612 [main] ERROR BATTLE - 3:JS脚本需要使用js引擎编译，脚本:function unnamed_169(){ with(Math){ return _95003_=9;}; }
22:43:57.613 [main] ERROR BATTLE - 3:JS脚本需要使用js引擎编译，脚本:function unnamed_135(){ with(Math){ return (400*MonsterLv*0.017*(MonsterNum*0.083+MasterNum*0.1245)*min(max(1-0.2*floor(abs(MonsterLv-RoleLv)/5),0.1),1)*(1-IsDbPoint)+400*MonsterLv*0.13*(MonsterNum*0.083+MasterNum*0.1245)*min(max(1-0.2*floor(abs(MonsterLv-RoleLv)/5),0.1),1)*IsDbPoint)*(random()*(1.02-0.98)+0.98);}; }
22:43:57.614 [main] ERROR BATTLE - 3:JS脚本需要使用js引擎编译，脚本:function unnamed_20(){ with(Math){ return medicala+3*skilllevela*2;}; }
22:43:57.615 [main] ERROR BATTLE - 3:JS脚本需要使用js引擎编译，脚本:function unnamed_68(){ with(Math){ return gradea*0.7;}; }
22:43:57.616 [main] ERROR BATTLE - 3:JS脚本需要使用js引擎编译，脚本:function unnamed_43(){ with(Math){ return -magicattacka*3;}; }
22:43:57.617 [main] ERROR BATTLE - 3:JS脚本需要使用js引擎编译，脚本:function unnamed_172(){ with(Math){ return _99043_>=1;}; }
22:43:57.621 [main] ERROR BATTLE - 3:JS脚本需要使用js引擎编译，脚本:function unnamed_196(){ with(Math){ return _99059_<1;}; }
22:43:57.622 [main] ERROR BATTLE - 3:JS脚本需要使用js引擎编译，脚本:function unnamed_207(){ with(Math){ return _99071_>=1;}; }
22:43:57.624 [main] ERROR BATTLE - 3:JS脚本需要使用js引擎编译，脚本:function unnamed_93(){ with(Math){ return gradea*0.625;}; }
22:43:57.625 [main] ERROR BATTLE - 3:JS脚本需要使用js引擎编译，脚本:function unnamed_83(){ with(Math){ return gradea*0.189;}; }
22:43:57.626 [main] ERROR BATTLE - 3:JS脚本需要使用js引擎编译，脚本:function unnamed_119(){ with(Math){ return (15)+(TeamNum-1)*15+RoleLv*120;}; }
22:43:57.627 [main] ERROR BATTLE - 3:JS脚本需要使用js引擎编译，脚本:function unnamed_33(){ with(Math){ return -maxhpb*0.4;}; }
22:43:57.628 [main] ERROR BATTLE - 3:JS脚本需要使用js引擎编译，脚本:function unnamed_227(){ with(Math){ return 1*TeamNum+5;}; }
22:43:57.629 [main] ERROR BATTLE - 3:JS脚本需要使用js引擎编译，脚本:function unnamed_174(){ with(Math){ return _99045_<1;}; }
22:43:57.630 [main] ERROR BATTLE - 3:JS脚本需要使用js引擎编译，脚本:function unnamed_74(){ with(Math){ return gradea*0.000875;}; }
22:43:57.631 [main] ERROR BATTLE - 3:JS脚本需要使用js引擎编译，脚本:function unnamed_156(){ with(Math){ return _95003_<=8;}; }
22:43:57.632 [main] ERROR BATTLE - 3:JS脚本需要使用js引擎编译，脚本:function unnamed_37(){ with(Math){ return -(phyattacka*1.40-defendb+1*skilllevela)*2.5;}; }
22:43:57.633 [main] ERROR BATTLE - 3:JS脚本需要使用js引擎编译，脚本:function unnamed_199(){ with(Math){ return _96001_/_96002_<0.1;}; }
22:43:57.635 [main] ERROR BATTLE - 3:JS脚本需要使用js引擎编译，脚本:function unnamed_209(){ with(Math){ return _99072_<1;}; }
22:43:57.636 [main] ERROR BATTLE - 3:JS脚本需要使用js引擎编译，脚本:function unnamed_23(){ with(Math){ return (medicala+1.2*skilllevela)*0.4;}; }
22:43:57.637 [main] ERROR BATTLE - 3:JS脚本需要使用js引擎编译，脚本:function unnamed_70(){ with(Math){ return gradea*1.05;}; }
22:43:57.638 [main] ERROR BATTLE - 3:JS脚本需要使用js引擎编译，脚本:function unnamed_63(){ with(Math){ return gradea*0.24;}; }
22:43:57.639 [main] ERROR BATTLE - 3:JS脚本需要使用js引擎编译，脚本:function unnamed_98(){ with(Math){ return gradea*0.85;}; }
22:43:57.640 [main] ERROR BATTLE - 3:JS脚本需要使用js引擎编译，脚本:function unnamed_144(){ with(Math){ return _94056_>=1;}; }
22:43:57.641 [main] ERROR BATTLE - 3:JS脚本需要使用js引擎编译，脚本:function unnamed_141(){ with(Math){ return (500*RoleLv*0.05)*(random()*(1.02-0.98)+0.98)*0.5;}; }
22:43:57.642 [main] ERROR BATTLE - 3:JS脚本需要使用js引擎编译，脚本:function unnamed_143(){ with(Math){ return _99065_>=4;}; }
22:43:57.644 [main] ERROR BATTLE - 3:JS脚本需要使用js引擎编译，脚本:function unnamed_185(){ with(Math){ return _99057_>=1;}; }
22:43:57.645 [main] ERROR BATTLE - 3:JS脚本需要使用js引擎编译，脚本:function unnamed_107(){ with(Math){ return gradea*4;}; }
22:43:57.646 [main] ERROR BATTLE - 3:JS脚本需要使用js引擎编译，脚本:function unnamed_206(){ with(Math){ return _99068_>=1;}; }
22:43:57.647 [main] ERROR BATTLE - 3:JS脚本需要使用js引擎编译，脚本:function unnamed_58(){ with(Math){ return -(magicattacka*1.2-magicdefb+2*gradea)*(0.5+0.05*(2-preaimcount));}; }
22:43:57.648 [main] ERROR BATTLE - 3:JS脚本需要使用js引擎编译，脚本:function unnamed_100(){ with(Math){ return gradea*0.375;}; }
22:43:57.649 [main] ERROR BATTLE - 3:JS脚本需要使用js引擎编译，脚本:function unnamed_56(){ with(Math){ return -(magicattacka*3.5-magicdefb+2*skilllevela)*0.3;}; }
22:43:57.651 [main] ERROR BATTLE - 3:JS脚本需要使用js引擎编译，脚本:function unnamed_26(){ with(Math){ return -(speeda*0.1+7*skilllevela)*1.1;}; }
22:43:57.652 [main] ERROR BATTLE - 3:JS脚本需要使用js引擎编译，脚本:function unnamed_75(){ with(Math){ return gradea*0.00105;}; }
22:43:57.653 [main] ERROR BATTLE - 3:JS脚本需要使用js引擎编译，脚本:function unnamed_80(){ with(Math){ return gradea*0.12;}; }
22:43:57.654 [main] ERROR BATTLE - 3:JS脚本需要使用js引擎编译，脚本:function unnamed_40(){ with(Math){ return -(phyattacka*1.55-defendb+1*skilllevela)*2.5;}; }
22:43:57.655 [main] ERROR BATTLE - 3:JS脚本需要使用js引擎编译，脚本:function unnamed_157(){ with(Math){ return _95003_<=9;}; }
22:43:57.656 [main] ERROR BATTLE - 3:JS脚本需要使用js引擎编译，脚本:function unnamed_140(){ with(Math){ return (5000*RoleLv*0.05)*(random()*(1.02-0.98)+0.98)*(1-min(5-TeamNum,2)*0.15);}; }
22:43:57.657 [main] ERROR BATTLE - 3:JS脚本需要使用js引擎编译，脚本:function unnamed_184(){ with(Math){ return _99056_>=1;}; }
22:43:57.658 [main] ERROR BATTLE - 3:JS脚本需要使用js引擎编译，脚本:function unnamed_122(){ with(Math){ return RoleLv*10;}; }
22:43:57.660 [main] ERROR BATTLE - 3:JS脚本需要使用js引擎编译，脚本:function unnamed_48(){ with(Math){ return -(phyattacka*2-defendb+1*gradea);}; }
22:43:57.661 [main] ERROR BATTLE - 3:JS脚本需要使用js引擎编译，脚本:function unnamed_110(){ with(Math){ return 0.3*maxhpb;}; }
22:43:57.662 [main] ERROR BATTLE - 3:JS脚本需要使用js引擎编译，脚本:function unnamed_2(){ with(Math){ return -(phyattacka*0.65-defendb+1*skilllevela);}; }
22:43:57.663 [main] ERROR BATTLE - 3:JS脚本需要使用js引擎编译，脚本:function unnamed_109(){ with(Math){ return 0.05*maxhpb;}; }
22:43:57.664 [main] ERROR BATTLE - 3:JS脚本需要使用js引擎编译，脚本:function unnamed_208(){ with(Math){ return _99070_==1;}; }
22:43:57.666 [main] ERROR BATTLE - 3:JS脚本需要使用js引擎编译，脚本:function unnamed_179(){ with(Math){ return _99052_>=1;}; }
22:43:57.667 [main] ERROR BATTLE - 3:JS脚本需要使用js引擎编译，脚本:function unnamed_29(){ with(Math){ return -(magicattacka*1.8-magicdefb+2*gradea)*0.5;}; }
22:43:57.668 [main] ERROR BATTLE - 3:JS脚本需要使用js引擎编译，脚本:function unnamed_218(){ with(Math){ return !_509951_;}; }
22:43:57.669 [main] ERROR BATTLE - 3:JS脚本需要使用js引擎编译，脚本:function unnamed_213(){ with(Math){ return _502003_;}; }
22:43:57.670 [main] ERROR BATTLE - 3:JS脚本需要使用js引擎编译，脚本:function unnamed_132(){ with(Math){ return 2000*RoleLv;}; }
22:43:57.671 [main] ERROR BATTLE - 3:JS脚本需要使用js引擎编译，脚本:function unnamed_97(){ with(Math){ return gradea*0.65;}; }
22:43:57.672 [main] ERROR BATTLE - 3:JS脚本需要使用js引擎编译，脚本:function unnamed_161(){ with(Math){ return _95003_=3;}; }
22:43:57.673 [main] ERROR BATTLE - 3:JS脚本需要使用js引擎编译，脚本:function unnamed_183(){ with(Math){ return _99055_>=1;}; }
22:43:57.674 [main] ERROR BATTLE - 3:JS脚本需要使用js引擎编译，脚本:function unnamed_129(){ with(Math){ return (1*RoleLv*11)*(random()*(1.02-0.98)+0.98);}; }
22:43:57.676 [main] ERROR BATTLE - 3:JS脚本需要使用js引擎编译，脚本:function unnamed_17(){ with(Math){ return abs(maindamage)*1;}; }
22:43:57.677 [main] ERROR BATTLE - 3:JS脚本需要使用js引擎编译，脚本:function unnamed_49(){ with(Math){ return phyattacka*1.25-defendb+1*gradea;}; }
22:43:57.678 [main] ERROR BATTLE - 3:JS脚本需要使用js引擎编译，脚本:function unnamed_127(){ with(Math){ return (15)+(TeamNum-1)*15+RoleLv*5;}; }
22:43:57.679 [main] ERROR BATTLE - 3:JS脚本需要使用js引擎编译，脚本:function unnamed_73(){ with(Math){ return gradea*0.0007;}; }
22:43:57.680 [main] ERROR BATTLE - 3:JS脚本需要使用js引擎编译，脚本:function unnamed_91(){ with(Math){ return gradea*0.5;}; }
22:43:57.681 [main] ERROR BATTLE - 3:JS脚本需要使用js引擎编译，脚本:function unnamed_64(){ with(Math){ return gradea*0.15;}; }
22:43:57.682 [main] ERROR BATTLE - 3:JS脚本需要使用js引擎编译，脚本:function unnamed_190(){ with(Math){ return _99053_<1;}; }
22:43:57.683 [main] ERROR BATTLE - 3:JS脚本需要使用js引擎编译，脚本:function unnamed_102(){ with(Math){ return gradea*0.525;}; }
22:43:57.688 [main] ERROR BATTLE - 3:JS脚本需要使用js引擎编译，脚本:function unnamed_31(){ with(Math){ return -maxhpb*0.2;}; }
22:43:57.689 [main] ERROR BATTLE - 3:JS脚本需要使用js引擎编译，脚本:function unnamed_130(){ with(Math){ return (1*RoleLv*0.94)*(random()*(1.02-0.98)+0.98);}; }
22:43:57.690 [main] ERROR BATTLE - 3:JS脚本需要使用js引擎编译，脚本:function unnamed_16(){ with(Math){ return abs(maindamage)*0.35;}; }
22:43:57.691 [main] ERROR BATTLE - 3:JS脚本需要使用js引擎编译，脚本:function unnamed_18(){ with(Math){ return -magicattacka*0.2;}; }
22:43:57.692 [main] ERROR BATTLE - 3:JS脚本需要使用js引擎编译，脚本:function unnamed_154(){ with(Math){ return _95003_<=6;}; }
22:43:57.693 [main] ERROR BATTLE - 3:JS脚本需要使用js引擎编译，脚本:function unnamed_28(){ with(Math){ return -(magicattacka*1.3-magicdefb+2*gradea)*0.5;}; }
22:43:57.695 [main] ERROR BATTLE - 3:JS脚本需要使用js引擎编译，脚本:function unnamed_36(){ with(Math){ return -(phyattacka*10-defendb+1*gradea+max((phyattacka-phyattackb)*0.05,0));}; }
22:43:57.696 [main] ERROR BATTLE - 3:JS脚本需要使用js引擎编译，脚本:function unnamed_182(){ with(Math){ return _99054_>=1;}; }
22:43:57.697 [main] ERROR BATTLE - 3:JS脚本需要使用js引擎编译，脚本:function unnamed_225(){ with(Math){ return !_508014_;}; }
22:43:57.698 [main] ERROR BATTLE - 3:JS脚本需要使用js引擎编译，脚本:function unnamed_69(){ with(Math){ return gradea*0.87;}; }
22:43:57.699 [main] ERROR BATTLE - 3:JS脚本需要使用js引擎编译，脚本:function unnamed_164(){ with(Math){ return _95003_=4;}; }
22:43:57.700 [main] ERROR BATTLE - 3:JS脚本需要使用js引擎编译，脚本:function unnamed_175(){ with(Math){ return _99047_>=1;}; }
22:43:57.701 [main] ERROR BATTLE - 3:JS脚本需要使用js引擎编译，脚本:function unnamed_181(){ with(Math){ return _99053_>=1;}; }
22:43:57.702 [main] ERROR BATTLE - 3:JS脚本需要使用js引擎编译，脚本:function unnamed_134(){ with(Math){ return (400*MonsterLv*0.011*(MonsterNum*0.083+MasterNum*0.1245)*min(max(1-0.2*floor(abs(MonsterLv-RoleLv)/5),0.1),1)*(1-IsDbPoint)+400*MonsterLv*0.13*(MonsterNum*0.083+MasterNum*0.1245)*min(max(1-0.2*floor(abs(MonsterLv-RoleLv)/5),0.1),1)*IsDbPoint)*(random()*(1.02-0.98)+0.98);}; }
22:43:57.704 [main] ERROR BATTLE - 3:JS脚本需要使用js引擎编译，脚本:function unnamed_176(){ with(Math){ return _99048_>=1;}; }
22:43:57.705 [main] ERROR BATTLE - 3:JS脚本需要使用js引擎编译，脚本:function unnamed_39(){ with(Math){ return -(phyattacka*1.50-defendb+1*skilllevela)*2.5;}; }
22:43:57.706 [main] ERROR BATTLE - 3:JS脚本需要使用js引擎编译，脚本:function unnamed_120(){ with(Math){ return (15)+(TeamNum-1)*15+RoleLv*140;}; }
22:43:57.707 [main] ERROR BATTLE - 3:JS脚本需要使用js引擎编译，脚本:function unnamed_51(){ with(Math){ return -(magicattacka*0.8-magicdefb+2*gradea)*(0.5+0.05*(2-preaimcount));}; }
22:43:57.708 [main] ERROR BATTLE - 3:JS脚本需要使用js引擎编译，脚本:function unnamed_82(){ with(Math){ return gradea*0.14;}; }
22:43:57.709 [main] ERROR BATTLE - 3:JS脚本需要使用js引擎编译，脚本:function unnamed_32(){ with(Math){ return -maxhpb*0.3;}; }
22:43:57.710 [main] ERROR BATTLE - 3:JS脚本需要使用js引擎编译，脚本:function unnamed_54(){ with(Math){ return -(magicattacka*3.5-magicdefb+2*skilllevela)*0.5;}; }
22:43:57.712 [main] ERROR BATTLE - 3:JS脚本需要使用js引擎编译，脚本:function unnamed_95(){ with(Math){ return gradea*0.75;}; }
22:43:57.713 [main] ERROR BATTLE - 3:JS脚本需要使用js引擎编译，脚本:function unnamed_158(){ with(Math){ return _95003_<=10;}; }
22:43:57.714 [main] ERROR BATTLE - 3:JS脚本需要使用js引擎编译，脚本:function unnamed_19(){ with(Math){ return medicala*1.1+3*skilllevela;}; }
22:43:57.716 [main] ERROR BATTLE - 3:JS脚本需要使用js引擎编译，脚本:function unnamed_72(){ with(Math){ return gradea*1.4;}; }
22:43:57.717 [main] ERROR BATTLE - 3:JS脚本需要使用js引擎编译，脚本:function unnamed_139(){ with(Math){ return 105800+floor(RoleLv/10)*440+(200+floor(RoleLv/10)*40*(Ring-1));}; }
22:43:57.718 [main] ERROR BATTLE - 3:JS脚本需要使用js引擎编译，脚本:function unnamed_108(){ with(Math){ return -(phyattacka*1.2-defendb+1*gradea);}; }
22:43:57.722 [main] ERROR BATTLE - 3:JS脚本需要使用js引擎编译，脚本:function unnamed_117(){ with(Math){ return RoleLv*50;}; }
22:43:57.723 [main] ERROR BATTLE - 3:JS脚本需要使用js引擎编译，脚本:function unnamed_155(){ with(Math){ return _95003_<=7;}; }
22:43:57.725 [main] ERROR BATTLE - 3:JS脚本需要使用js引擎编译，脚本:function unnamed_220(){ with(Math){ return !_501402_;}; }
22:43:57.726 [main] ERROR BATTLE - 3:JS脚本需要使用js引擎编译，脚本:function unnamed_21(){ with(Math){ return -(magicattacka*1.3-magicdefb+2*gradea)*0.5*(1.2+(0.6+0.2*skilllevela)*(1-curmpb/maxmpb));}; }
22:43:57.727 [main] ERROR BATTLE - 3:JS脚本需要使用js引擎编译，脚本:function unnamed_116(){ with(Math){ return 1600*RoleLv*0.067*(0.74+0.02*Time)*(random()*(1.02-0.98)+0.98);}; }
22:43:57.728 [main] ERROR BATTLE - 3:JS脚本需要使用js引擎编译，脚本:function unnamed_5(){ with(Math){ return -(phyattacka*1-defendb+1*gradea)*(0.25+0.05*skilllevela);}; }
22:43:57.729 [main] ERROR BATTLE - 3:JS脚本需要使用js引擎编译，脚本:function unnamed_226(){ with(Math){ return !_508008_;}; }
22:43:57.731 [main] ERROR BATTLE - 3:JS脚本需要使用js引擎编译，脚本:function unnamed_210(){ with(Math){ return _94041_>=1;}; }
22:43:57.732 [main] ERROR BATTLE - 3:JS脚本需要使用js引擎编译，脚本:function unnamed_205(){ with(Math){ return _99049_>=5;}; }
22:43:57.733 [main] ERROR BATTLE - 3:JS脚本需要使用js引擎编译，脚本:function unnamed_217(){ with(Math){ return !_508237_;}; }
22:43:57.734 [main] ERROR BATTLE - 3:JS脚本需要使用js引擎编译，脚本:function unnamed_47(){ with(Math){ return -(phyattacka*1.25-defendb+1*gradea+max((phyattacka-phyattackb)*0.25,0));}; }
22:43:57.735 [main] ERROR BATTLE - 3:JS脚本需要使用js引擎编译，脚本:function unnamed_149(){ with(Math){ return _94056_>=4;}; }
22:43:57.736 [main] ERROR BATTLE - 3:JS脚本需要使用js引擎编译，脚本:function unnamed_195(){ with(Math){ return _99058_<1;}; }
22:43:57.738 [main] ERROR BATTLE - 3:JS脚本需要使用js引擎编译，脚本:function unnamed_148(){ with(Math){ return _99039_>=1;}; }
22:43:57.739 [main] ERROR BATTLE - 3:JS脚本需要使用js引擎编译，脚本:function unnamed_187(){ with(Math){ return _99059_>=1;}; }
22:43:57.740 [main] ERROR BATTLE - 3:JS脚本需要使用js引擎编译，脚本:function unnamed_24(){ with(Math){ return 2*skilllevela+50;}; }
22:43:57.741 [main] ERROR BATTLE - 3:JS脚本需要使用js引擎编译，脚本:function unnamed_96(){ with(Math){ return gradea*0.0875;}; }
22:43:57.742 [main] ERROR BATTLE - 3:JS脚本需要使用js引擎编译，脚本:function unnamed_165(){ with(Math){ return _95003_=5;}; }
22:43:57.743 [main] ERROR BATTLE - 3:JS脚本需要使用js引擎编译，脚本:function unnamed_113(){ with(Math){ return -(phyattacka*0.5-defendb+1*gradea);}; }
22:43:57.744 [main] ERROR BATTLE - 3:JS脚本需要使用js引擎编译，脚本:function unnamed_105(){ with(Math){ return gradea*3.5;}; }
22:43:57.746 [main] ERROR BATTLE - 3:JS脚本需要使用js引擎编译，脚本:function unnamed_125(){ with(Math){ return (15)+(TeamNum-1)*15+RoleLv*3;}; }
22:43:57.747 [main] ERROR BATTLE - 3:JS脚本需要使用js引擎编译，脚本:function unnamed_11(){ with(Math){ return -(phyattacka*0.45-defendb+1*skilllevela);}; }
22:43:57.748 [main] ERROR BATTLE - 3:JS脚本需要使用js引擎编译，脚本:function unnamed_112(){ with(Math){ return -(phyattacka*0.65-defendb+1*gradea);}; }
22:43:57.750 [main] ERROR BATTLE - 3:JS脚本需要使用js引擎编译，脚本:function unnamed_137(){ with(Math){ return 500*RoleLv*1.215*(0.88+0.03);}; }
22:43:57.751 [main] ERROR BATTLE - 3:JS脚本需要使用js引擎编译，脚本:function unnamed_171(){ with(Math){ return _99042_>=3;}; }
22:43:57.752 [main] ERROR BATTLE - 3:JS脚本需要使用js引擎编译，脚本:function unnamed_202(){ with(Math){ return _99062_>=3;}; }
22:43:57.753 [main] ERROR BATTLE - 3:JS脚本需要使用js引擎编译，脚本:function unnamed_79(){ with(Math){ return gradea*1;}; }
22:43:57.754 [main] ERROR BATTLE - 3:JS脚本需要使用js引擎编译，脚本:function unnamed_87(){ with(Math){ return gradea*0.378;}; }
22:43:57.755 [main] ERROR BATTLE - 3:JS脚本需要使用js引擎编译，脚本:function unnamed_8(){ with(Math){ return -(magicattacka*1.2-magicdefb+2*skilllevela)*(0.5+0.05*(4-preaimcount));}; }
22:43:57.757 [main] ERROR BATTLE - 3:JS脚本需要使用js引擎编译，脚本:function unnamed_99(){ with(Math){ return gradea*0.3;}; }
22:43:57.758 [main] ERROR BATTLE - 3:JS脚本需要使用js引擎编译，脚本:function unnamed_193(){ with(Math){ return _99056_<1;}; }
22:43:57.759 [main] ERROR BATTLE - 3:JS脚本需要使用js引擎编译，脚本:function unnamed_88(){ with(Math){ return gradea*0.875;}; }
22:43:57.768 [main] ERROR BATTLE - 3:JS脚本需要使用js引擎编译，脚本:function unnamed_67(){ with(Math){ return gradea*0.32;}; }
22:43:57.769 [main] ERROR BATTLE - 3:JS脚本需要使用js引擎编译，脚本:function unnamed_224(){ with(Math){ return _503001_;}; }
22:43:57.771 [main] ERROR BATTLE - 3:JS脚本需要使用js引擎编译，脚本:function unnamed_52(){ with(Math){ return -(phyattacka*0.55-defendb+1*gradea);}; }
22:43:57.772 [main] ERROR BATTLE - 3:JS脚本需要使用js引擎编译，脚本:function unnamed_152(){ with(Math){ return _95003_<=4;}; }
22:43:57.773 [main] ERROR BATTLE - 3:JS脚本需要使用js引擎编译，脚本:function unnamed_198(){ with(Math){ return _99061_<1;}; }
22:43:57.775 [main] ERROR BATTLE - 3:JS脚本需要使用js引擎编译，脚本:function unnamed_223(){ with(Math){ return _509081_;}; }
22:43:57.776 [main] ERROR BATTLE - 3:JS脚本需要使用js引擎编译，脚本:function unnamed_38(){ with(Math){ return -(phyattacka*1.45-defendb+1*skilllevela)*2.5;}; }
22:43:57.778 [main] ERROR BATTLE - 3:JS脚本需要使用js引擎编译，脚本:function unnamed_203(){ with(Math){ return _99066_>=1;}; }
22:43:57.779 [main] ERROR BATTLE - 3:JS脚本需要使用js引擎编译，脚本:function unnamed_221(){ with(Math){ return !_508002_;}; }
22:43:57.780 [main] ERROR BATTLE - 3:JS脚本需要使用js引擎编译，脚本:function unnamed_65(){ with(Math){ return gradea*0.28;}; }
22:43:57.781 [main] ERROR BATTLE - 3:JS脚本需要使用js引擎编译，脚本:function unnamed_201(){ with(Math){ return _99062_>=2;}; }
22:43:57.782 [main] ERROR BATTLE - 3:JS脚本需要使用js引擎编译，脚本:function unnamed_94(){ with(Math){ return gradea*0.075;}; }
22:43:57.783 [main] ERROR BATTLE - 3:JS脚本需要使用js引擎编译，脚本:function unnamed_90(){ with(Math){ return gradea*0.05;}; }
22:43:57.784 [main] ERROR BATTLE - 3:JS脚本需要使用js引擎编译，脚本:function unnamed_44(){ with(Math){ return -magicattacka*2.2;}; }
22:43:57.786 [main] ERROR BATTLE - 3:JS脚本需要使用js引擎编译，脚本:function unnamed_46(){ with(Math){ return -(phyattacka*0.45-defendb+1*gradea);}; }
22:43:57.787 [main] ERROR BATTLE - 3:JS脚本需要使用js引擎编译，脚本:function unnamed_111(){ with(Math){ return 0.35*maxhpb;}; }
22:43:57.788 [main] ERROR BATTLE - 3:JS脚本需要使用js引擎编译，脚本:function unnamed_121(){ with(Math){ return (15)+(TeamNum-1)*15+RoleLv*150;}; }
22:43:57.789 [main] ERROR BATTLE - 3:JS脚本需要使用js引擎编译，脚本:function unnamed_142(){ with(Math){ return _94019_<1;}; }
22:43:57.790 [main] ERROR BATTLE - 3:JS脚本需要使用js引擎编译，脚本:function unnamed_188(){ with(Math){ return _99060_>=1;}; }
22:43:57.791 [main] ERROR BATTLE - 3:JS脚本需要使用js引擎编译，脚本:function unnamed_191(){ with(Math){ return _99054_<1;}; }
22:43:57.792 [main] ERROR BATTLE - 3:JS脚本需要使用js引擎编译，脚本:function unnamed_212(){ with(Math){ return _99074_>=1;}; }
22:43:57.794 [main] ERROR BATTLE - 3:JS脚本需要使用js引擎编译，脚本:function unnamed_166(){ with(Math){ return _95003_=6;}; }
22:43:57.795 [main] ERROR BATTLE - 3:JS脚本需要使用js引擎编译，脚本:function unnamed_162(){ with(Math){ return _97001_>=4;}; }
22:43:57.796 [main] ERROR BATTLE - 3:JS脚本需要使用js引擎编译，脚本:function unnamed_126(){ with(Math){ return (15)+(TeamNum-1)*15+RoleLv*4;}; }
22:43:57.797 [main] ERROR BATTLE - 3:JS脚本需要使用js引擎编译，脚本:function unnamed_9(){ with(Math){ return 0.7+0.002*(skilllevela-gradeb)+(enhanceseala-resistsealb);}; }
22:43:57.798 [main] ERROR BATTLE - 3:JS脚本需要使用js引擎编译，脚本:function unnamed_12(){ with(Math){ return 16*skilllevela;}; }
22:43:57.799 [main] ERROR BATTLE - 3:JS脚本需要使用js引擎编译，脚本:function unnamed_204(){ with(Math){ return _99067_>=1;}; }
22:43:57.800 [main] ERROR BATTLE - 3:JS脚本需要使用js引擎编译，脚本:function unnamed_219(){ with(Math){ return !_503001_;}; }
22:43:57.802 [main] ERROR BATTLE - 3:JS脚本需要使用js引擎编译，脚本:function unnamed_59(){ with(Math){ return gradea*0.16;}; }
22:43:57.803 [main] ERROR BATTLE - 3:JS脚本需要使用js引擎编译，脚本:function unnamed_118(){ with(Math){ return (15)+(TeamNum-1)*15+RoleLv*100;}; }
22:43:57.804 [main] ERROR BATTLE - 3:JS脚本需要使用js引擎编译，脚本:function unnamed_214(){ with(Math){ return _501901_;}; }
22:43:57.805 [main] ERROR BATTLE - 3:JS脚本需要使用js引擎编译，脚本:function unnamed_189(){ with(Math){ return _99061_>=1;}; }
22:43:57.806 [main] ERROR BATTLE - 3:JS脚本需要使用js引擎编译，脚本:function unnamed_30(){ with(Math){ return -maxhpb*0.1;}; }
22:43:57.807 [main] ERROR BATTLE - 3:JS脚本需要使用js引擎编译，脚本:function unnamed_216(){ with(Math){ return !_508236_;}; }
22:43:57.808 [main] ERROR BATTLE - 3:JS脚本需要使用js引擎编译，脚本:function unnamed_62(){ with(Math){ return gradea*0.125;}; }
22:43:57.809 [main] ERROR BATTLE - 3:JS脚本需要使用js引擎编译，脚本:function unnamed_163(){ with(Math){ return _99040_>=2;}; }
22:43:57.811 [main] ERROR BATTLE - 3:JS脚本需要使用js引擎编译，脚本:function unnamed_81(){ with(Math){ return gradea*1.2;}; }
22:43:57.812 [main] ERROR BATTLE - 3:JS脚本需要使用js引擎编译，脚本:function unnamed_153(){ with(Math){ return _95003_<=5;}; }
22:43:57.813 [main] ERROR BATTLE - 3:JS脚本需要使用js引擎编译，脚本:function unnamed_170(){ with(Math){ return _99041_>=3;}; }
22:43:57.814 [main] ERROR BATTLE - 3:JS脚本需要使用js引擎编译，脚本:function unnamed_173(){ with(Math){ return _99044_<1;}; }
22:43:57.815 [main] ERROR BATTLE - 3:JS脚本需要使用js引擎编译，脚本:function unnamed_200(){ with(Math){ return _99062_>=1;}; }
22:43:57.816 [main] ERROR BATTLE - 3:JS脚本需要使用js引擎编译，脚本:function unnamed_159(){ with(Math){ return _96232_>=1;}; }
22:43:57.817 [main] ERROR BATTLE - 3:JS脚本需要使用js引擎编译，脚本:function unnamed_4(){ with(Math){ return 0.15*maxhpb;}; }
22:43:57.818 [main] ERROR BATTLE - 3:JS脚本需要使用js引擎编译，脚本:function unnamed_78(){ with(Math){ return gradea*0.08;}; }
22:43:57.820 [main] ERROR BATTLE - 3:JS脚本需要使用js引擎编译，脚本:function unnamed_3(){ with(Math){ return -(phyattacka*0.55-defendb+1*skilllevela);}; }
22:43:57.821 [main] ERROR BATTLE - 3:JS脚本需要使用js引擎编译，脚本:function unnamed_77(){ with(Math){ return gradea*0.0014;}; }
22:43:57.822 [main] ERROR BATTLE - 3:JS脚本需要使用js引擎编译，脚本:function unnamed_133(){ with(Math){ return 3000*RoleLv;}; }
22:43:57.823 [main] ERROR BATTLE - 3:JS脚本需要使用js引擎编译，脚本:function unnamed_76(){ with(Math){ return gradea*0.001225;}; }
22:43:57.824 [main] ERROR BATTLE - 3:JS脚本需要使用js引擎编译，脚本:function unnamed_86(){ with(Math){ return gradea*0.3375;}; }
22:43:57.825 [main] ERROR BATTLE - 3:JS脚本需要使用js引擎编译，脚本:function unnamed_167(){ with(Math){ return _95003_=7;}; }
22:43:57.826 [main] ERROR BATTLE - 3:JS脚本需要使用js引擎编译，脚本:function unnamed_15(){ with(Math){ return -(magicattacka*1.8-magicdefb+2*skilllevela)*(0.5+0.05*(4-preaimcount));}; }
22:43:57.827 [main] ERROR BATTLE - 3:JS脚本需要使用js引擎编译，脚本:function unnamed_50(){ with(Math){ return -(magicattacka*0.5-magicdefb+2*gradea)*(0.5+0.05*(2-preaimcount));}; }
22:43:57.829 [main] ERROR BATTLE - 3:JS脚本需要使用js引擎编译，脚本:function unnamed_123(){ with(Math){ return (15)+(TeamNum-1)*15+RoleLv*1;}; }
22:43:57.830 [main] ERROR BATTLE - 3:JS脚本需要使用js引擎编译，脚本:function unnamed_103(){ with(Math){ return gradea*3;}; }
22:43:57.831 [main] ERROR BATTLE - 3:JS脚本需要使用js引擎编译，脚本:function unnamed_13(){ with(Math){ return ((medicala*0.5+skilllevela*1.4)+abs(maindamage)*0.1)*(1+healrevisea)*(1+medicaljiashena/1000);}; }
22:43:57.833 [main] ERROR BATTLE - 3:JS脚本需要使用js引擎编译，脚本:function unnamed_71(){ with(Math){ return gradea*1.22;}; }
22:43:57.834 [main] ERROR BATTLE - 3:JS脚本需要使用js引擎编译，脚本:function unnamed_138(){ with(Math){ return Ring+3;}; }
22:43:57.835 [main] ERROR BATTLE - 3:JS脚本需要使用js引擎编译，脚本:function unnamed_60(){ with(Math){ return gradea*0.1;}; }
22:43:57.836 [main] ERROR BATTLE - 3:JS脚本需要使用js引擎编译，脚本:function unnamed_180(){ with(Math){ return _94014_>=7;}; }
22:43:57.837 [main] ERROR BATTLE - 3:JS脚本需要使用js引擎编译，脚本:function unnamed_147(){ with(Math){ return _99038_>=1;}; }
22:43:57.838 [main] ERROR BATTLE - 3:JS脚本需要使用js引擎编译，脚本:function unnamed_186(){ with(Math){ return _99058_>=1;}; }
22:43:57.840 [main] ERROR BATTLE - 3:JS脚本需要使用js引擎编译，脚本:function unnamed_115(){ with(Math){ return (15)+(TeamNum-1)*15+RoleLv*160;}; }
22:43:57.841 [main] ERROR BATTLE - 3:JS脚本需要使用js引擎编译，脚本:function unnamed_34(){ with(Math){ return -maxhpb*0.6;}; }
22:43:57.842 [main] ERROR BATTLE - 3:JS脚本需要使用js引擎编译，脚本:function unnamed_215(){ with(Math){ return _501402_;}; }
22:43:57.843 [main] ERROR BATTLE - 3:JS脚本需要使用js引擎编译，脚本:function unnamed_150(){ with(Math){ return _95003_<=2;}; }
22:43:57.844 [main] ERROR BATTLE - 3:JS脚本需要使用js引擎编译，脚本:function unnamed_0(){ with(Math){ return -(phyattacka*1.3-defendb+1*skilllevela);}; }
22:43:57.846 [main] ERROR BATTLE - 3:JS脚本需要使用js引擎编译，脚本:function unnamed_66(){ with(Math){ return gradea*0.175;}; }
22:43:57.847 [main] ERROR BATTLE - 3:JS脚本需要使用js引擎编译，脚本:function unnamed_55(){ with(Math){ return -(phyattacka*1-defendb+7*gradea);}; }
22:43:57.848 [main] ERROR BATTLE - 3:JS脚本需要使用js引擎编译，脚本:function unnamed_22(){ with(Math){ return medicala+1.2*skilllevela;}; }
22:43:57.849 [main] ERROR BATTLE - 3:JS脚本需要使用js引擎编译，脚本:function unnamed_222(){ with(Math){ return !_508006_;}; }
22:43:57.850 [main] ERROR BATTLE - 3:JS脚本需要使用js引擎编译，脚本:function unnamed_41(){ with(Math){ return -(phyattacka*1.60-defendb+1*skilllevela)*2.5;}; }
22:43:57.851 [main] ERROR BATTLE - 3:JS脚本需要使用js引擎编译，脚本:function unnamed_136(){ with(Math){ return RoleLv*200;}; }
22:43:57.853 [main] ERROR BATTLE - 3:JS脚本需要使用js引擎编译，脚本:function unnamed_7(){ with(Math){ return 9*skilllevela;}; }
22:43:57.854 [main] ERROR BATTLE - 3:JS脚本需要使用js引擎编译，脚本:function unnamed_192(){ with(Math){ return _99055_<1;}; }
22:43:57.855 [main] ERROR BATTLE - 3:JS脚本需要使用js引擎编译，脚本:function unnamed_101(){ with(Math){ return gradea*0.45;}; }
22:43:57.856 [main] ERROR BATTLE - 3:JS脚本需要使用js引擎编译，脚本:function unnamed_6(){ with(Math){ return -(phyattacka*1.45-defendb+1*skilllevela);}; }
22:43:57.857 [main] ERROR BATTLE - 3:JS脚本需要使用js引擎编译，脚本:function unnamed_53(){ with(Math){ return abs(maindamage)*0.20;}; }
22:43:57.858 [main] ERROR BATTLE - 3:JS脚本需要使用js引擎编译，脚本:function unnamed_92(){ with(Math){ return gradea*0.0625;}; }
22:43:57.860 [main] ERROR BATTLE - 3:JS脚本需要使用js引擎编译，脚本:function unnamed_177(){ with(Math){ return _94056_>=3;}; }
22:43:57.861 [main] ERROR BATTLE - 3:JS脚本需要使用js引擎编译，脚本:function unnamed_104(){ with(Math){ return gradea*3.25;}; }
22:43:57.862 [main] ERROR BATTLE - 3:JS脚本需要使用js引擎编译，脚本:function unnamed_25(){ with(Math){ return 0.7*maxhpb;}; }
22:43:57.863 [main] ERROR BATTLE - 3:JS脚本需要使用js引擎编译，脚本:function unnamed_1(){ with(Math){ return -(phyattacka*1.35-defendb+1*skilllevela);}; }
22:43:57.864 [main] ERROR BATTLE - 3:JS脚本需要使用js引擎编译，脚本:function unnamed_124(){ with(Math){ return (15)+(TeamNum-1)*15+RoleLv*2;}; }
22:43:57.865 [main] ERROR BATTLE - 3:JS脚本需要使用js引擎编译，脚本:function unnamed_168(){ with(Math){ return _95003_=8;}; }
22:43:57.866 [main] ERROR BATTLE - 3:JS脚本需要使用js引擎编译，脚本:function unnamed_45(){ with(Math){ return -magicattacka*1.6;}; }
22:43:57.867 [main] ERROR BATTLE - 3:JS脚本需要使用js引擎编译，脚本:function unnamed_89(){ with(Math){ return gradea*1.225;}; }
22:43:57.869 [main] ERROR BATTLE - 3:JS脚本需要使用js引擎编译，脚本:function unnamed_146(){ with(Math){ return _99037_>=1;}; }
22:43:57.870 [main] ERROR BATTLE - 3:JS脚本需要使用js引擎编译，脚本:function unnamed_10(){ with(Math){ return gradea*2;}; }
22:43:57.871 [main] ERROR BATTLE - 3:JS脚本需要使用js引擎编译，脚本:function unnamed_35(){ with(Math){ return -maxhpb*0.7;}; }
22:43:57.872 [main] ERROR BATTLE - 3:JS脚本需要使用js引擎编译，脚本:function unnamed_61(){ with(Math){ return gradea*0.2;}; }
22:43:57.874 [main] ERROR BATTLE - 3:JS脚本需要使用js引擎编译，脚本:function unnamed_114(){ with(Math){ return -magicattacka*0.7;}; }
22:43:57.875 [main] ERROR BATTLE - 3:JS脚本需要使用js引擎编译，脚本:function unnamed_85(){ with(Math){ return gradea*0.2835;}; }
22:43:57.876 [main] ERROR BATTLE - 3:JS脚本需要使用js引擎编译，脚本:function unnamed_57(){ with(Math){ return 10+gradea;}; }
22:43:57.877 [main] ERROR BATTLE - 3:JS脚本需要使用js引擎编译，脚本:function unnamed_145(){ with(Math){ return _99036_>=1;}; }
22:43:57.878 [main] ERROR BATTLE - 3:JS脚本需要使用js引擎编译，脚本:function unnamed_151(){ with(Math){ return _95003_<=3;}; }
22:43:57.879 [main] ERROR BATTLE - 3:JS脚本需要使用js引擎编译，脚本:function unnamed_106(){ with(Math){ return gradea*3.75;}; }
22:43:57.880 [main] ERROR BATTLE - 3:JS脚本需要使用js引擎编译，脚本:function unnamed_160(){ with(Math){ return _96234_>=1;}; }
22:43:57.891 [main] ERROR BATTLE - 3:JS脚本需要使用js引擎编译，脚本:function unnamed_178(){ with(Math){ return _99049_>=1;}; }
22:43:57.893 [main] ERROR BATTLE - 3:JS脚本需要使用js引擎编译，脚本:function unnamed_84(){ with(Math){ return gradea*0.2362;}; }
22:43:57.894 [main] ERROR BATTLE - 3:JS脚本需要使用js引擎编译，脚本:function unnamed_197(){ with(Math){ return _99060_<1;}; }
22:43:57.917 [main] ERROR BATTLE - 3:JS脚本需要使用js引擎编译，脚本:function unnamed_14(){ with(Math){ return ((medicala*0.2+skilllevela*1.2)+abs(maindamage)*0.08)*(1+healrevisea)*(1+medicaljiashena/1000);}; }
22:43:57.919 [main] ERROR BATTLE - 3:JS脚本需要使用js引擎编译，脚本:function unnamed_42(){ with(Math){ return -(phyattacka*1.10-defendb+1*skilllevela)*2.5;}; }
22:43:57.921 [main] ERROR BATTLE - 3:JS脚本需要使用js引擎编译，脚本:function unnamed_194(){ with(Math){ return _99057_<1;}; }
22:43:57.922 [main] ERROR BATTLE - 3:JS脚本需要使用js引擎编译，脚本:function unnamed_211(){ with(Math){ return _99065_>=3;}; }
22:43:57.923 [main] ERROR BATTLE - 3:JS脚本需要使用js引擎编译，脚本:function unnamed_131(){ with(Math){ return (1*RoleLv*1.3)*(random()*(1.02-0.98)+0.98);}; }
22:43:57.924 [main] ERROR BATTLE - 3:JS脚本需要使用js引擎编译，脚本:function unnamed_27(){ with(Math){ return 10+1.3*skilllevela;}; }
22:43:57.925 [main] ERROR BATTLE - 3:JS脚本需要使用js引擎编译，脚本:function unnamed_128(){ with(Math){ return RoleLv*1.7+20;}; }
22:43:57.927 [main] ERROR BATTLE - 3:JS脚本需要使用js引擎编译，脚本:function unnamed_169(){ with(Math){ return _95003_=9;}; }
22:43:57.935 [main] ERROR BATTLE - 3:JS脚本需要使用js引擎编译，脚本:function unnamed_135(){ with(Math){ return (400*MonsterLv*0.017*(MonsterNum*0.083+MasterNum*0.1245)*min(max(1-0.2*floor(abs(MonsterLv-RoleLv)/5),0.1),1)*(1-IsDbPoint)+400*MonsterLv*0.13*(MonsterNum*0.083+MasterNum*0.1245)*min(max(1-0.2*floor(abs(MonsterLv-RoleLv)/5),0.1),1)*IsDbPoint)*(random()*(1.02-0.98)+0.98);}; }
22:43:57.936 [main] ERROR BATTLE - 3:JS脚本需要使用js引擎编译，脚本:function unnamed_20(){ with(Math){ return medicala+3*skilllevela*2;}; }
22:43:57.938 [main] ERROR BATTLE - 3:JS脚本需要使用js引擎编译，脚本:function unnamed_68(){ with(Math){ return gradea*0.7;}; }
22:43:57.939 [main] ERROR BATTLE - 3:JS脚本需要使用js引擎编译，脚本:function unnamed_43(){ with(Math){ return -magicattacka*3;}; }
22:43:57.940 [main] ERROR BATTLE - 3:JS脚本需要使用js引擎编译，脚本:function unnamed_172(){ with(Math){ return _99043_>=1;}; }
22:43:57.941 [main] ERROR BATTLE - 3:JS脚本需要使用js引擎编译，脚本:function unnamed_196(){ with(Math){ return _99059_<1;}; }
22:43:57.942 [main] ERROR BATTLE - 3:JS脚本需要使用js引擎编译，脚本:function unnamed_207(){ with(Math){ return _99071_>=1;}; }
22:43:57.943 [main] ERROR BATTLE - 3:JS脚本需要使用js引擎编译，脚本:function unnamed_93(){ with(Math){ return gradea*0.625;}; }
22:43:57.944 [main] ERROR BATTLE - 3:JS脚本需要使用js引擎编译，脚本:function unnamed_83(){ with(Math){ return gradea*0.189;}; }
22:43:57.945 [main] ERROR BATTLE - 3:JS脚本需要使用js引擎编译，脚本:function unnamed_119(){ with(Math){ return (15)+(TeamNum-1)*15+RoleLv*120;}; }
22:43:57.962 [main] ERROR BATTLE - 3:JS脚本需要使用js引擎编译，脚本:function unnamed_33(){ with(Math){ return -maxhpb*0.4;}; }
22:43:57.963 [main] ERROR BATTLE - 3:JS脚本需要使用js引擎编译，脚本:function unnamed_227(){ with(Math){ return 1*TeamNum+5;}; }
22:43:57.964 [main] ERROR BATTLE - 3:JS脚本需要使用js引擎编译，脚本:function unnamed_174(){ with(Math){ return _99045_<1;}; }
22:43:57.965 [main] ERROR BATTLE - 3:JS脚本需要使用js引擎编译，脚本:function unnamed_74(){ with(Math){ return gradea*0.000875;}; }
22:43:57.966 [main] ERROR BATTLE - 3:JS脚本需要使用js引擎编译，脚本:function unnamed_156(){ with(Math){ return _95003_<=8;}; }
22:43:57.967 [main] ERROR BATTLE - 3:JS脚本需要使用js引擎编译，脚本:function unnamed_37(){ with(Math){ return -(phyattacka*1.40-defendb+1*skilllevela)*2.5;}; }
22:43:57.976 [main] ERROR BATTLE - 3:JS脚本需要使用js引擎编译，脚本:function unnamed_199(){ with(Math){ return _96001_/_96002_<0.1;}; }
22:43:57.977 [main] ERROR BATTLE - 3:JS脚本需要使用js引擎编译，脚本:function unnamed_209(){ with(Math){ return _99072_<1;}; }
22:43:57.979 [main] ERROR BATTLE - 3:JS脚本需要使用js引擎编译，脚本:function unnamed_23(){ with(Math){ return (medicala+1.2*skilllevela)*0.4;}; }
22:43:57.980 [main] ERROR BATTLE - 3:JS脚本需要使用js引擎编译，脚本:function unnamed_70(){ with(Math){ return gradea*1.05;}; }
22:43:57.981 [main] ERROR BATTLE - 3:JS脚本需要使用js引擎编译，脚本:function unnamed_63(){ with(Math){ return gradea*0.24;}; }
22:43:57.982 [main] ERROR BATTLE - 3:JS脚本需要使用js引擎编译，脚本:function unnamed_98(){ with(Math){ return gradea*0.85;}; }
22:43:57.983 [main] ERROR BATTLE - 3:JS脚本需要使用js引擎编译，脚本:function unnamed_144(){ with(Math){ return _94056_>=1;}; }
22:43:57.984 [main] ERROR BATTLE - 3:JS脚本需要使用js引擎编译，脚本:function unnamed_141(){ with(Math){ return (500*RoleLv*0.05)*(random()*(1.02-0.98)+0.98)*0.5;}; }
22:43:57.986 [main] ERROR BATTLE - 3:JS脚本需要使用js引擎编译，脚本:function unnamed_143(){ with(Math){ return _99065_>=4;}; }
22:43:57.987 [main] ERROR BATTLE - 3:JS脚本需要使用js引擎编译，脚本:function unnamed_185(){ with(Math){ return _99057_>=1;}; }
22:43:57.988 [main] ERROR BATTLE - 3:JS脚本需要使用js引擎编译，脚本:function unnamed_107(){ with(Math){ return gradea*4;}; }
22:43:57.989 [main] ERROR BATTLE - 3:JS脚本需要使用js引擎编译，脚本:function unnamed_206(){ with(Math){ return _99068_>=1;}; }
22:43:57.990 [main] ERROR BATTLE - 3:JS脚本需要使用js引擎编译，脚本:function unnamed_58(){ with(Math){ return -(magicattacka*1.2-magicdefb+2*gradea)*(0.5+0.05*(2-preaimcount));}; }
22:43:57.992 [main] ERROR BATTLE - 3:JS脚本需要使用js引擎编译，脚本:function unnamed_100(){ with(Math){ return gradea*0.375;}; }
22:43:57.993 [main] ERROR BATTLE - 3:JS脚本需要使用js引擎编译，脚本:function unnamed_56(){ with(Math){ return -(magicattacka*3.5-magicdefb+2*skilllevela)*0.3;}; }
22:43:57.994 [main] ERROR BATTLE - 3:JS脚本需要使用js引擎编译，脚本:function unnamed_26(){ with(Math){ return -(speeda*0.1+7*skilllevela)*1.1;}; }
22:43:57.995 [main] ERROR BATTLE - 3:JS脚本需要使用js引擎编译，脚本:function unnamed_75(){ with(Math){ return gradea*0.00105;}; }
22:43:57.996 [main] ERROR BATTLE - 3:JS脚本需要使用js引擎编译，脚本:function unnamed_80(){ with(Math){ return gradea*0.12;}; }
22:43:57.997 [main] ERROR BATTLE - 3:JS脚本需要使用js引擎编译，脚本:function unnamed_40(){ with(Math){ return -(phyattacka*1.55-defendb+1*skilllevela)*2.5;}; }
22:43:57.998 [main] ERROR BATTLE - 3:JS脚本需要使用js引擎编译，脚本:function unnamed_157(){ with(Math){ return _95003_<=9;}; }
22:43:57.999 [main] ERROR BATTLE - 3:JS脚本需要使用js引擎编译，脚本:function unnamed_140(){ with(Math){ return (5000*RoleLv*0.05)*(random()*(1.02-0.98)+0.98)*(1-min(5-TeamNum,2)*0.15);}; }
22:43:58.000 [main] ERROR BATTLE - 3:JS脚本需要使用js引擎编译，脚本:function unnamed_184(){ with(Math){ return _99056_>=1;}; }
22:43:58.002 [main] ERROR BATTLE - 3:JS脚本需要使用js引擎编译，脚本:function unnamed_122(){ with(Math){ return RoleLv*10;}; }
22:43:58.003 [main] ERROR BATTLE - 3:JS脚本需要使用js引擎编译，脚本:function unnamed_48(){ with(Math){ return -(phyattacka*2-defendb+1*gradea);}; }
22:43:58.004 [main] ERROR BATTLE - 3:JS脚本需要使用js引擎编译，脚本:function unnamed_110(){ with(Math){ return 0.3*maxhpb;}; }
22:43:58.005 [main] ERROR BATTLE - 3:JS脚本需要使用js引擎编译，脚本:function unnamed_2(){ with(Math){ return -(phyattacka*0.65-defendb+1*skilllevela);}; }
22:43:58.006 [main] ERROR BATTLE - 3:JS脚本需要使用js引擎编译，脚本:function unnamed_109(){ with(Math){ return 0.05*maxhpb;}; }
22:43:58.007 [main] ERROR BATTLE - 3:JS脚本需要使用js引擎编译，脚本:function unnamed_208(){ with(Math){ return _99070_==1;}; }
22:43:58.009 [main] ERROR BATTLE - 3:JS脚本需要使用js引擎编译，脚本:function unnamed_179(){ with(Math){ return _99052_>=1;}; }
22:43:58.010 [main] ERROR BATTLE - 3:JS脚本需要使用js引擎编译，脚本:function unnamed_29(){ with(Math){ return -(magicattacka*1.8-magicdefb+2*gradea)*0.5;}; }
22:43:58.011 [main] ERROR BATTLE - 3:JS脚本需要使用js引擎编译，脚本:function unnamed_218(){ with(Math){ return !_509951_;}; }
22:43:58.012 [main] ERROR BATTLE - 3:JS脚本需要使用js引擎编译，脚本:function unnamed_213(){ with(Math){ return _502003_;}; }
22:43:58.013 [main] ERROR BATTLE - 3:JS脚本需要使用js引擎编译，脚本:function unnamed_132(){ with(Math){ return 2000*RoleLv;}; }
22:43:58.014 [main] ERROR BATTLE - 3:JS脚本需要使用js引擎编译，脚本:function unnamed_97(){ with(Math){ return gradea*0.65;}; }
22:43:58.015 [main] ERROR BATTLE - 3:JS脚本需要使用js引擎编译，脚本:function unnamed_161(){ with(Math){ return _95003_=3;}; }
22:43:58.016 [main] ERROR BATTLE - 3:JS脚本需要使用js引擎编译，脚本:function unnamed_183(){ with(Math){ return _99055_>=1;}; }
22:43:58.018 [main] ERROR BATTLE - 3:JS脚本需要使用js引擎编译，脚本:function unnamed_129(){ with(Math){ return (1*RoleLv*11)*(random()*(1.02-0.98)+0.98);}; }
22:43:58.019 [main] ERROR BATTLE - 3:JS脚本需要使用js引擎编译，脚本:function unnamed_17(){ with(Math){ return abs(maindamage)*1;}; }
22:43:58.020 [main] ERROR BATTLE - 3:JS脚本需要使用js引擎编译，脚本:function unnamed_49(){ with(Math){ return phyattacka*1.25-defendb+1*gradea;}; }
22:43:58.021 [main] ERROR BATTLE - 3:JS脚本需要使用js引擎编译，脚本:function unnamed_127(){ with(Math){ return (15)+(TeamNum-1)*15+RoleLv*5;}; }
22:43:58.023 [main] ERROR BATTLE - 3:JS脚本需要使用js引擎编译，脚本:function unnamed_73(){ with(Math){ return gradea*0.0007;}; }
22:43:58.024 [main] ERROR BATTLE - 3:JS脚本需要使用js引擎编译，脚本:function unnamed_91(){ with(Math){ return gradea*0.5;}; }
22:43:58.025 [main] ERROR BATTLE - 3:JS脚本需要使用js引擎编译，脚本:function unnamed_64(){ with(Math){ return gradea*0.15;}; }
22:43:58.026 [main] ERROR BATTLE - 3:JS脚本需要使用js引擎编译，脚本:function unnamed_190(){ with(Math){ return _99053_<1;}; }
22:43:58.027 [main] ERROR BATTLE - 3:JS脚本需要使用js引擎编译，脚本:function unnamed_102(){ with(Math){ return gradea*0.525;}; }
22:43:58.028 [main] ERROR BATTLE - 3:JS脚本需要使用js引擎编译，脚本:function unnamed_31(){ with(Math){ return -maxhpb*0.2;}; }
22:43:58.030 [main] ERROR BATTLE - 3:JS脚本需要使用js引擎编译，脚本:function unnamed_130(){ with(Math){ return (1*RoleLv*0.94)*(random()*(1.02-0.98)+0.98);}; }
22:43:58.031 [main] ERROR BATTLE - 3:JS脚本需要使用js引擎编译，脚本:function unnamed_16(){ with(Math){ return abs(maindamage)*0.35;}; }
22:43:58.037 [main] ERROR BATTLE - 3:JS脚本需要使用js引擎编译，脚本:function unnamed_18(){ with(Math){ return -magicattacka*0.2;}; }
22:43:58.038 [main] ERROR BATTLE - 3:JS脚本需要使用js引擎编译，脚本:function unnamed_154(){ with(Math){ return _95003_<=6;}; }
22:43:58.040 [main] ERROR BATTLE - 3:JS脚本需要使用js引擎编译，脚本:function unnamed_28(){ with(Math){ return -(magicattacka*1.3-magicdefb+2*gradea)*0.5;}; }
22:43:58.041 [main] ERROR BATTLE - 3:JS脚本需要使用js引擎编译，脚本:function unnamed_36(){ with(Math){ return -(phyattacka*10-defendb+1*gradea+max((phyattacka-phyattackb)*0.05,0));}; }
22:43:58.042 [main] ERROR BATTLE - 3:JS脚本需要使用js引擎编译，脚本:function unnamed_182(){ with(Math){ return _99054_>=1;}; }
22:43:58.043 [main] ERROR BATTLE - 3:JS脚本需要使用js引擎编译，脚本:function unnamed_225(){ with(Math){ return !_508014_;}; }
22:43:58.044 [main] ERROR BATTLE - 3:JS脚本需要使用js引擎编译，脚本:function unnamed_69(){ with(Math){ return gradea*0.87;}; }
22:43:58.045 [main] ERROR BATTLE - 3:JS脚本需要使用js引擎编译，脚本:function unnamed_164(){ with(Math){ return _95003_=4;}; }
22:43:58.047 [main] ERROR BATTLE - 3:JS脚本需要使用js引擎编译，脚本:function unnamed_175(){ with(Math){ return _99047_>=1;}; }
22:43:58.048 [main] ERROR BATTLE - 3:JS脚本需要使用js引擎编译，脚本:function unnamed_181(){ with(Math){ return _99053_>=1;}; }
22:43:58.052 [main] ERROR BATTLE - 3:JS脚本需要使用js引擎编译，脚本:function unnamed_134(){ with(Math){ return (400*MonsterLv*0.011*(MonsterNum*0.083+MasterNum*0.1245)*min(max(1-0.2*floor(abs(MonsterLv-RoleLv)/5),0.1),1)*(1-IsDbPoint)+400*MonsterLv*0.13*(MonsterNum*0.083+MasterNum*0.1245)*min(max(1-0.2*floor(abs(MonsterLv-RoleLv)/5),0.1),1)*IsDbPoint)*(random()*(1.02-0.98)+0.98);}; }
22:43:58.054 [main] ERROR BATTLE - 3:JS脚本需要使用js引擎编译，脚本:function unnamed_176(){ with(Math){ return _99048_>=1;}; }
22:43:58.055 [main] ERROR BATTLE - 3:JS脚本需要使用js引擎编译，脚本:function unnamed_39(){ with(Math){ return -(phyattacka*1.50-defendb+1*skilllevela)*2.5;}; }
22:43:58.056 [main] ERROR BATTLE - 3:JS脚本需要使用js引擎编译，脚本:function unnamed_120(){ with(Math){ return (15)+(TeamNum-1)*15+RoleLv*140;}; }
22:43:58.057 [main] ERROR BATTLE - 3:JS脚本需要使用js引擎编译，脚本:function unnamed_51(){ with(Math){ return -(magicattacka*0.8-magicdefb+2*gradea)*(0.5+0.05*(2-preaimcount));}; }
22:43:58.058 [main] ERROR BATTLE - 3:JS脚本需要使用js引擎编译，脚本:function unnamed_82(){ with(Math){ return gradea*0.14;}; }
22:43:58.059 [main] ERROR BATTLE - 3:JS脚本需要使用js引擎编译，脚本:function unnamed_32(){ with(Math){ return -maxhpb*0.3;}; }
22:43:58.063 [main] ERROR BATTLE - 3:JS脚本需要使用js引擎编译，脚本:function unnamed_54(){ with(Math){ return -(magicattacka*3.5-magicdefb+2*skilllevela)*0.5;}; }
22:43:58.065 [main] ERROR BATTLE - 3:JS脚本需要使用js引擎编译，脚本:function unnamed_95(){ with(Math){ return gradea*0.75;}; }
22:43:58.066 [main] ERROR BATTLE - 3:JS脚本需要使用js引擎编译，脚本:function unnamed_158(){ with(Math){ return _95003_<=10;}; }
22:43:58.067 [main] ERROR BATTLE - 3:JS脚本需要使用js引擎编译，脚本:function unnamed_19(){ with(Math){ return medicala*1.1+3*skilllevela;}; }
22:43:58.068 [main] ERROR BATTLE - 3:JS脚本需要使用js引擎编译，脚本:function unnamed_72(){ with(Math){ return gradea*1.4;}; }
22:43:58.069 [main] ERROR BATTLE - 3:JS脚本需要使用js引擎编译，脚本:function unnamed_139(){ with(Math){ return 105800+floor(RoleLv/10)*440+(200+floor(RoleLv/10)*40*(Ring-1));}; }
22:43:58.070 [main] ERROR BATTLE - 3:JS脚本需要使用js引擎编译，脚本:function unnamed_108(){ with(Math){ return -(phyattacka*1.2-defendb+1*gradea);}; }
22:43:58.072 [main] ERROR BATTLE - 3:JS脚本需要使用js引擎编译，脚本:function unnamed_117(){ with(Math){ return RoleLv*50;}; }
22:43:58.073 [main] ERROR BATTLE - 3:JS脚本需要使用js引擎编译，脚本:function unnamed_155(){ with(Math){ return _95003_<=7;}; }
22:43:58.075 [main] ERROR BATTLE - 3:JS脚本需要使用js引擎编译，脚本:function unnamed_220(){ with(Math){ return !_501402_;}; }
22:43:58.078 [main] ERROR BATTLE - 3:JS脚本需要使用js引擎编译，脚本:function unnamed_21(){ with(Math){ return -(magicattacka*1.3-magicdefb+2*gradea)*0.5*(1.2+(0.6+0.2*skilllevela)*(1-curmpb/maxmpb));}; }
22:43:58.080 [main] ERROR BATTLE - 3:JS脚本需要使用js引擎编译，脚本:function unnamed_116(){ with(Math){ return 1600*RoleLv*0.067*(0.74+0.02*Time)*(random()*(1.02-0.98)+0.98);}; }
22:43:58.081 [main] ERROR BATTLE - 3:JS脚本需要使用js引擎编译，脚本:function unnamed_5(){ with(Math){ return -(phyattacka*1-defendb+1*gradea)*(0.25+0.05*skilllevela);}; }
22:43:58.082 [main] ERROR BATTLE - 3:JS脚本需要使用js引擎编译，脚本:function unnamed_226(){ with(Math){ return !_508008_;}; }
22:43:58.083 [main] ERROR BATTLE - 3:JS脚本需要使用js引擎编译，脚本:function unnamed_210(){ with(Math){ return _94041_>=1;}; }
22:43:58.085 [main] ERROR BATTLE - 3:JS脚本需要使用js引擎编译，脚本:function unnamed_205(){ with(Math){ return _99049_>=5;}; }
22:43:58.086 [main] ERROR BATTLE - 3:JS脚本需要使用js引擎编译，脚本:function unnamed_217(){ with(Math){ return !_508237_;}; }
22:43:58.087 [main] ERROR BATTLE - 3:JS脚本需要使用js引擎编译，脚本:function unnamed_47(){ with(Math){ return -(phyattacka*1.25-defendb+1*gradea+max((phyattacka-phyattackb)*0.25,0));}; }
22:43:58.088 [main] ERROR BATTLE - 3:JS脚本需要使用js引擎编译，脚本:function unnamed_149(){ with(Math){ return _94056_>=4;}; }
22:43:58.089 [main] ERROR BATTLE - 3:JS脚本需要使用js引擎编译，脚本:function unnamed_195(){ with(Math){ return _99058_<1;}; }
22:43:58.091 [main] ERROR BATTLE - 3:JS脚本需要使用js引擎编译，脚本:function unnamed_148(){ with(Math){ return _99039_>=1;}; }
22:43:58.096 [main] ERROR BATTLE - 3:JS脚本需要使用js引擎编译，脚本:function unnamed_187(){ with(Math){ return _99059_>=1;}; }
22:43:58.098 [main] ERROR BATTLE - 3:JS脚本需要使用js引擎编译，脚本:function unnamed_24(){ with(Math){ return 2*skilllevela+50;}; }
22:43:58.099 [main] ERROR BATTLE - 3:JS脚本需要使用js引擎编译，脚本:function unnamed_96(){ with(Math){ return gradea*0.0875;}; }
22:43:58.100 [main] ERROR BATTLE - 3:JS脚本需要使用js引擎编译，脚本:function unnamed_165(){ with(Math){ return _95003_=5;}; }
22:43:58.101 [main] ERROR BATTLE - 3:JS脚本需要使用js引擎编译，脚本:function unnamed_113(){ with(Math){ return -(phyattacka*0.5-defendb+1*gradea);}; }
22:43:58.102 [main] ERROR BATTLE - 3:JS脚本需要使用js引擎编译，脚本:function unnamed_105(){ with(Math){ return gradea*3.5;}; }
22:43:58.103 [main] ERROR BATTLE - 3:JS脚本需要使用js引擎编译，脚本:function unnamed_125(){ with(Math){ return (15)+(TeamNum-1)*15+RoleLv*3;}; }
22:43:58.105 [main] ERROR BATTLE - 3:JS脚本需要使用js引擎编译，脚本:function unnamed_11(){ with(Math){ return -(phyattacka*0.45-defendb+1*skilllevela);}; }
22:43:58.106 [main] ERROR BATTLE - 3:JS脚本需要使用js引擎编译，脚本:function unnamed_112(){ with(Math){ return -(phyattacka*0.65-defendb+1*gradea);}; }
22:43:58.109 [main] ERROR BATTLE - 3:JS脚本需要使用js引擎编译，脚本:function unnamed_137(){ with(Math){ return 500*RoleLv*1.215*(0.88+0.03);}; }
22:43:58.110 [main] ERROR BATTLE - 3:JS脚本需要使用js引擎编译，脚本:function unnamed_171(){ with(Math){ return _99042_>=3;}; }
22:43:58.111 [main] ERROR BATTLE - 3:JS脚本需要使用js引擎编译，脚本:function unnamed_202(){ with(Math){ return _99062_>=3;}; }
22:43:58.112 [main] ERROR BATTLE - 3:JS脚本需要使用js引擎编译，脚本:function unnamed_79(){ with(Math){ return gradea*1;}; }
22:43:58.113 [main] ERROR BATTLE - 3:JS脚本需要使用js引擎编译，脚本:function unnamed_87(){ with(Math){ return gradea*0.378;}; }
22:43:58.114 [main] ERROR BATTLE - 3:JS脚本需要使用js引擎编译，脚本:function unnamed_8(){ with(Math){ return -(magicattacka*1.2-magicdefb+2*skilllevela)*(0.5+0.05*(4-preaimcount));}; }
22:43:58.116 [main] ERROR BATTLE - 3:JS脚本需要使用js引擎编译，脚本:function unnamed_99(){ with(Math){ return gradea*0.3;}; }
22:43:58.117 [main] ERROR BATTLE - 3:JS脚本需要使用js引擎编译，脚本:function unnamed_193(){ with(Math){ return _99056_<1;}; }
22:43:58.118 [main] ERROR BATTLE - 3:JS脚本需要使用js引擎编译，脚本:function unnamed_88(){ with(Math){ return gradea*0.875;}; }
22:43:58.119 [main] ERROR BATTLE - 3:JS脚本需要使用js引擎编译，脚本:function unnamed_67(){ with(Math){ return gradea*0.32;}; }
22:43:58.120 [main] ERROR BATTLE - 3:JS脚本需要使用js引擎编译，脚本:function unnamed_224(){ with(Math){ return _503001_;}; }
22:43:58.122 [main] ERROR BATTLE - 3:JS脚本需要使用js引擎编译，脚本:function unnamed_52(){ with(Math){ return -(phyattacka*0.55-defendb+1*gradea);}; }
22:43:58.123 [main] ERROR BATTLE - 3:JS脚本需要使用js引擎编译，脚本:function unnamed_152(){ with(Math){ return _95003_<=4;}; }
22:43:58.124 [main] ERROR BATTLE - 3:JS脚本需要使用js引擎编译，脚本:function unnamed_198(){ with(Math){ return _99061_<1;}; }
22:43:58.125 [main] ERROR BATTLE - 3:JS脚本需要使用js引擎编译，脚本:function unnamed_223(){ with(Math){ return _509081_;}; }
22:43:58.126 [main] ERROR BATTLE - 3:JS脚本需要使用js引擎编译，脚本:function unnamed_38(){ with(Math){ return -(phyattacka*1.45-defendb+1*skilllevela)*2.5;}; }
22:43:58.127 [main] ERROR BATTLE - 3:JS脚本需要使用js引擎编译，脚本:function unnamed_203(){ with(Math){ return _99066_>=1;}; }
22:43:58.128 [main] ERROR BATTLE - 3:JS脚本需要使用js引擎编译，脚本:function unnamed_221(){ with(Math){ return !_508002_;}; }
22:43:58.129 [main] ERROR BATTLE - 3:JS脚本需要使用js引擎编译，脚本:function unnamed_65(){ with(Math){ return gradea*0.28;}; }
22:43:58.130 [main] ERROR BATTLE - 3:JS脚本需要使用js引擎编译，脚本:function unnamed_201(){ with(Math){ return _99062_>=2;}; }
22:43:58.133 [main] ERROR BATTLE - 3:JS脚本需要使用js引擎编译，脚本:function unnamed_94(){ with(Math){ return gradea*0.075;}; }
22:43:58.134 [main] ERROR BATTLE - 3:JS脚本需要使用js引擎编译，脚本:function unnamed_90(){ with(Math){ return gradea*0.05;}; }
22:43:58.135 [main] ERROR BATTLE - 3:JS脚本需要使用js引擎编译，脚本:function unnamed_44(){ with(Math){ return -magicattacka*2.2;}; }
22:43:58.136 [main] ERROR BATTLE - 3:JS脚本需要使用js引擎编译，脚本:function unnamed_46(){ with(Math){ return -(phyattacka*0.45-defendb+1*gradea);}; }
22:43:58.137 [main] ERROR BATTLE - 3:JS脚本需要使用js引擎编译，脚本:function unnamed_111(){ with(Math){ return 0.35*maxhpb;}; }
22:43:58.138 [main] ERROR BATTLE - 3:JS脚本需要使用js引擎编译，脚本:function unnamed_121(){ with(Math){ return (15)+(TeamNum-1)*15+RoleLv*150;}; }
22:43:58.139 [main] ERROR BATTLE - 3:JS脚本需要使用js引擎编译，脚本:function unnamed_142(){ with(Math){ return _94019_<1;}; }
22:43:58.141 [main] ERROR BATTLE - 3:JS脚本需要使用js引擎编译，脚本:function unnamed_188(){ with(Math){ return _99060_>=1;}; }
22:43:58.142 [main] ERROR BATTLE - 3:JS脚本需要使用js引擎编译，脚本:function unnamed_191(){ with(Math){ return _99054_<1;}; }
22:43:58.143 [main] ERROR BATTLE - 3:JS脚本需要使用js引擎编译，脚本:function unnamed_212(){ with(Math){ return _99074_>=1;}; }
22:43:58.144 [main] ERROR BATTLE - 3:JS脚本需要使用js引擎编译，脚本:function unnamed_166(){ with(Math){ return _95003_=6;}; }
22:43:58.145 [main] ERROR BATTLE - 3:JS脚本需要使用js引擎编译，脚本:function unnamed_162(){ with(Math){ return _97001_>=4;}; }
22:43:58.146 [main] ERROR BATTLE - 3:JS脚本需要使用js引擎编译，脚本:function unnamed_126(){ with(Math){ return (15)+(TeamNum-1)*15+RoleLv*4;}; }
22:43:58.147 [main] ERROR BATTLE - 3:JS脚本需要使用js引擎编译，脚本:function unnamed_9(){ with(Math){ return 0.7+0.002*(skilllevela-gradeb)+(enhanceseala-resistsealb);}; }
22:43:58.148 [main] ERROR BATTLE - 3:JS脚本需要使用js引擎编译，脚本:function unnamed_12(){ with(Math){ return 16*skilllevela;}; }
22:43:58.149 [main] ERROR BATTLE - 3:JS脚本需要使用js引擎编译，脚本:function unnamed_204(){ with(Math){ return _99067_>=1;}; }
22:43:58.150 [main] ERROR BATTLE - 3:JS脚本需要使用js引擎编译，脚本:function unnamed_219(){ with(Math){ return !_503001_;}; }
22:43:58.152 [main] ERROR BATTLE - 3:JS脚本需要使用js引擎编译，脚本:function unnamed_59(){ with(Math){ return gradea*0.16;}; }
22:43:58.153 [main] ERROR BATTLE - 3:JS脚本需要使用js引擎编译，脚本:function unnamed_118(){ with(Math){ return (15)+(TeamNum-1)*15+RoleLv*100;}; }
22:43:58.155 [main] ERROR BATTLE - 3:JS脚本需要使用js引擎编译，脚本:function unnamed_214(){ with(Math){ return _501901_;}; }
22:43:58.156 [main] ERROR BATTLE - 3:JS脚本需要使用js引擎编译，脚本:function unnamed_189(){ with(Math){ return _99061_>=1;}; }
22:43:58.157 [main] ERROR BATTLE - 3:JS脚本需要使用js引擎编译，脚本:function unnamed_30(){ with(Math){ return -maxhpb*0.1;}; }
22:43:58.158 [main] ERROR BATTLE - 3:JS脚本需要使用js引擎编译，脚本:function unnamed_216(){ with(Math){ return !_508236_;}; }
22:43:58.159 [main] ERROR BATTLE - 3:JS脚本需要使用js引擎编译，脚本:function unnamed_62(){ with(Math){ return gradea*0.125;}; }
22:43:58.160 [main] ERROR BATTLE - 3:JS脚本需要使用js引擎编译，脚本:function unnamed_163(){ with(Math){ return _99040_>=2;}; }
22:43:58.161 [main] ERROR BATTLE - 3:JS脚本需要使用js引擎编译，脚本:function unnamed_81(){ with(Math){ return gradea*1.2;}; }
22:43:58.162 [main] ERROR BATTLE - 3:JS脚本需要使用js引擎编译，脚本:function unnamed_153(){ with(Math){ return _95003_<=5;}; }
22:43:58.163 [main] ERROR BATTLE - 3:JS脚本需要使用js引擎编译，脚本:function unnamed_170(){ with(Math){ return _99041_>=3;}; }
22:43:58.188 [main] ERROR BATTLE - 3:JS脚本需要使用js引擎编译，脚本:function unnamed_173(){ with(Math){ return _99044_<1;}; }
22:43:58.189 [main] ERROR BATTLE - 3:JS脚本需要使用js引擎编译，脚本:function unnamed_200(){ with(Math){ return _99062_>=1;}; }
22:43:58.190 [main] ERROR BATTLE - 3:JS脚本需要使用js引擎编译，脚本:function unnamed_159(){ with(Math){ return _96232_>=1;}; }
22:43:58.191 [main] ERROR BATTLE - 3:JS脚本需要使用js引擎编译，脚本:function unnamed_4(){ with(Math){ return 0.15*maxhpb;}; }
22:43:58.193 [main] ERROR BATTLE - 3:JS脚本需要使用js引擎编译，脚本:function unnamed_78(){ with(Math){ return gradea*0.08;}; }
22:43:58.194 [main] ERROR BATTLE - 3:JS脚本需要使用js引擎编译，脚本:function unnamed_3(){ with(Math){ return -(phyattacka*0.55-defendb+1*skilllevela);}; }
22:43:58.195 [main] ERROR BATTLE - 3:JS脚本需要使用js引擎编译，脚本:function unnamed_77(){ with(Math){ return gradea*0.0014;}; }
22:43:58.196 [main] ERROR BATTLE - 3:JS脚本需要使用js引擎编译，脚本:function unnamed_133(){ with(Math){ return 3000*RoleLv;}; }
22:43:58.225 [main] ERROR BATTLE - 3:JS脚本需要使用js引擎编译，脚本:function unnamed_76(){ with(Math){ return gradea*0.001225;}; }
22:43:58.226 [main] ERROR BATTLE - 3:JS脚本需要使用js引擎编译，脚本:function unnamed_86(){ with(Math){ return gradea*0.3375;}; }
22:43:58.228 [main] ERROR BATTLE - 3:JS脚本需要使用js引擎编译，脚本:function unnamed_167(){ with(Math){ return _95003_=7;}; }
22:43:58.229 [main] ERROR BATTLE - 3:JS脚本需要使用js引擎编译，脚本:function unnamed_15(){ with(Math){ return -(magicattacka*1.8-magicdefb+2*skilllevela)*(0.5+0.05*(4-preaimcount));}; }
22:43:58.230 [main] ERROR BATTLE - 3:JS脚本需要使用js引擎编译，脚本:function unnamed_50(){ with(Math){ return -(magicattacka*0.5-magicdefb+2*gradea)*(0.5+0.05*(2-preaimcount));}; }
22:43:58.231 [main] ERROR BATTLE - 3:JS脚本需要使用js引擎编译，脚本:function unnamed_123(){ with(Math){ return (15)+(TeamNum-1)*15+RoleLv*1;}; }
22:43:58.232 [main] ERROR BATTLE - 3:JS脚本需要使用js引擎编译，脚本:function unnamed_103(){ with(Math){ return gradea*3;}; }
22:43:58.234 [main] ERROR BATTLE - 3:JS脚本需要使用js引擎编译，脚本:function unnamed_13(){ with(Math){ return ((medicala*0.5+skilllevela*1.4)+abs(maindamage)*0.1)*(1+healrevisea)*(1+medicaljiashena/1000);}; }
22:43:58.245 [main] ERROR BATTLE - 3:JS脚本需要使用js引擎编译，脚本:function unnamed_71(){ with(Math){ return gradea*1.22;}; }
22:43:58.247 [main] ERROR BATTLE - 3:JS脚本需要使用js引擎编译，脚本:function unnamed_138(){ with(Math){ return Ring+3;}; }
22:43:58.248 [main] ERROR BATTLE - 3:JS脚本需要使用js引擎编译，脚本:function unnamed_60(){ with(Math){ return gradea*0.1;}; }
22:43:58.249 [main] ERROR BATTLE - 3:JS脚本需要使用js引擎编译，脚本:function unnamed_180(){ with(Math){ return _94014_>=7;}; }
22:43:58.250 [main] ERROR BATTLE - 3:JS脚本需要使用js引擎编译，脚本:function unnamed_147(){ with(Math){ return _99038_>=1;}; }
22:43:58.251 [main] ERROR BATTLE - 3:JS脚本需要使用js引擎编译，脚本:function unnamed_186(){ with(Math){ return _99058_>=1;}; }
22:43:58.252 [main] ERROR BATTLE - 3:JS脚本需要使用js引擎编译，脚本:function unnamed_115(){ with(Math){ return (15)+(TeamNum-1)*15+RoleLv*160;}; }
22:43:58.254 [main] ERROR BATTLE - 3:JS脚本需要使用js引擎编译，脚本:function unnamed_34(){ with(Math){ return -maxhpb*0.6;}; }
22:43:58.255 [main] ERROR BATTLE - 3:JS脚本需要使用js引擎编译，脚本:function unnamed_215(){ with(Math){ return _501402_;}; }
22:43:58.258 [main] ERROR BATTLE - 3:JS脚本需要使用js引擎编译，脚本:function unnamed_150(){ with(Math){ return _95003_<=2;}; }
22:43:58.259 [main] ERROR BATTLE - 3:JS脚本需要使用js引擎编译，脚本:function unnamed_0(){ with(Math){ return -(phyattacka*1.3-defendb+1*skilllevela);}; }
22:43:58.272 [main] ERROR BATTLE - 3:JS脚本需要使用js引擎编译，脚本:function unnamed_66(){ with(Math){ return gradea*0.175;}; }
22:43:58.273 [main] ERROR BATTLE - 3:JS脚本需要使用js引擎编译，脚本:function unnamed_55(){ with(Math){ return -(phyattacka*1-defendb+7*gradea);}; }
22:43:58.274 [main] ERROR BATTLE - 3:JS脚本需要使用js引擎编译，脚本:function unnamed_22(){ with(Math){ return medicala+1.2*skilllevela;}; }
22:43:58.275 [main] ERROR BATTLE - 3:JS脚本需要使用js引擎编译，脚本:function unnamed_222(){ with(Math){ return !_508006_;}; }
22:43:58.277 [main] ERROR BATTLE - 3:JS脚本需要使用js引擎编译，脚本:function unnamed_41(){ with(Math){ return -(phyattacka*1.60-defendb+1*skilllevela)*2.5;}; }
22:43:58.278 [main] ERROR BATTLE - 3:JS脚本需要使用js引擎编译，脚本:function unnamed_136(){ with(Math){ return RoleLv*200;}; }
22:43:58.279 [main] ERROR BATTLE - 3:JS脚本需要使用js引擎编译，脚本:function unnamed_7(){ with(Math){ return 9*skilllevela;}; }
22:43:58.280 [main] ERROR BATTLE - 3:JS脚本需要使用js引擎编译，脚本:function unnamed_192(){ with(Math){ return _99055_<1;}; }
22:43:58.281 [main] ERROR BATTLE - 3:JS脚本需要使用js引擎编译，脚本:function unnamed_101(){ with(Math){ return gradea*0.45;}; }
22:43:58.294 [main] ERROR BATTLE - 3:JS脚本需要使用js引擎编译，脚本:function unnamed_6(){ with(Math){ return -(phyattacka*1.45-defendb+1*skilllevela);}; }
22:43:58.296 [main] ERROR BATTLE - 3:JS脚本需要使用js引擎编译，脚本:function unnamed_53(){ with(Math){ return abs(maindamage)*0.20;}; }
22:43:58.297 [main] ERROR BATTLE - 3:JS脚本需要使用js引擎编译，脚本:function unnamed_92(){ with(Math){ return gradea*0.0625;}; }
22:43:58.298 [main] ERROR BATTLE - 3:JS脚本需要使用js引擎编译，脚本:function unnamed_177(){ with(Math){ return _94056_>=3;}; }
22:43:58.299 [main] ERROR BATTLE - 3:JS脚本需要使用js引擎编译，脚本:function unnamed_104(){ with(Math){ return gradea*3.25;}; }
22:43:58.300 [main] ERROR BATTLE - 3:JS脚本需要使用js引擎编译，脚本:function unnamed_25(){ with(Math){ return 0.7*maxhpb;}; }
22:43:58.301 [main] ERROR BATTLE - 3:JS脚本需要使用js引擎编译，脚本:function unnamed_1(){ with(Math){ return -(phyattacka*1.35-defendb+1*skilllevela);}; }
22:43:58.303 [main] ERROR BATTLE - 3:JS脚本需要使用js引擎编译，脚本:function unnamed_124(){ with(Math){ return (15)+(TeamNum-1)*15+RoleLv*2;}; }
22:43:58.305 [main] ERROR BATTLE - 3:JS脚本需要使用js引擎编译，脚本:function unnamed_168(){ with(Math){ return _95003_=8;}; }
22:43:58.306 [main] ERROR BATTLE - 3:JS脚本需要使用js引擎编译，脚本:function unnamed_45(){ with(Math){ return -magicattacka*1.6;}; }
22:43:58.307 [main] ERROR BATTLE - 3:JS脚本需要使用js引擎编译，脚本:function unnamed_89(){ with(Math){ return gradea*1.225;}; }
22:43:58.308 [main] ERROR BATTLE - 3:JS脚本需要使用js引擎编译，脚本:function unnamed_146(){ with(Math){ return _99037_>=1;}; }
22:43:58.309 [main] ERROR BATTLE - 3:JS脚本需要使用js引擎编译，脚本:function unnamed_10(){ with(Math){ return gradea*2;}; }
22:43:58.310 [main] ERROR BATTLE - 3:JS脚本需要使用js引擎编译，脚本:function unnamed_35(){ with(Math){ return -maxhpb*0.7;}; }
22:43:58.312 [main] ERROR BATTLE - 3:JS脚本需要使用js引擎编译，脚本:function unnamed_61(){ with(Math){ return gradea*0.2;}; }
22:43:58.313 [main] ERROR BATTLE - 3:JS脚本需要使用js引擎编译，脚本:function unnamed_114(){ with(Math){ return -magicattacka*0.7;}; }
22:43:58.314 [main] ERROR BATTLE - 3:JS脚本需要使用js引擎编译，脚本:function unnamed_85(){ with(Math){ return gradea*0.2835;}; }
22:43:58.315 [main] ERROR BATTLE - 3:JS脚本需要使用js引擎编译，脚本:function unnamed_57(){ with(Math){ return 10+gradea;}; }
22:43:58.316 [main] ERROR BATTLE - 3:JS脚本需要使用js引擎编译，脚本:function unnamed_145(){ with(Math){ return _99036_>=1;}; }
22:43:58.317 [main] ERROR BATTLE - 3:JS脚本需要使用js引擎编译，脚本:function unnamed_151(){ with(Math){ return _95003_<=3;}; }
22:43:58.319 [main] ERROR BATTLE - 3:JS脚本需要使用js引擎编译，脚本:function unnamed_106(){ with(Math){ return gradea*3.75;}; }
22:43:58.320 [main] ERROR BATTLE - 3:JS脚本需要使用js引擎编译，脚本:function unnamed_160(){ with(Math){ return _96234_>=1;}; }
22:43:58.325 [main] ERROR BATTLE - 3:JS脚本需要使用js引擎编译，脚本:function unnamed_178(){ with(Math){ return _99049_>=1;}; }
22:43:58.326 [main] ERROR BATTLE - 3:JS脚本需要使用js引擎编译，脚本:function unnamed_84(){ with(Math){ return gradea*0.2362;}; }
22:43:58.329 [main] ERROR BATTLE - 3:JS脚本需要使用js引擎编译，脚本:function unnamed_197(){ with(Math){ return _99060_<1;}; }
22:43:58.330 [main] ERROR BATTLE - 3:JS脚本需要使用js引擎编译，脚本:function unnamed_14(){ with(Math){ return ((medicala*0.2+skilllevela*1.2)+abs(maindamage)*0.08)*(1+healrevisea)*(1+medicaljiashena/1000);}; }
22:43:58.331 [main] ERROR BATTLE - 3:JS脚本需要使用js引擎编译，脚本:function unnamed_42(){ with(Math){ return -(phyattacka*1.10-defendb+1*skilllevela)*2.5;}; }
22:43:58.333 [main] ERROR BATTLE - 3:JS脚本需要使用js引擎编译，脚本:function unnamed_194(){ with(Math){ return _99057_<1;}; }
22:43:58.334 [main] ERROR BATTLE - 3:JS脚本需要使用js引擎编译，脚本:function unnamed_211(){ with(Math){ return _99065_>=3;}; }
22:43:58.335 [main] ERROR BATTLE - 3:JS脚本需要使用js引擎编译，脚本:function unnamed_131(){ with(Math){ return (1*RoleLv*1.3)*(random()*(1.02-0.98)+0.98);}; }
22:43:58.336 [main] ERROR BATTLE - 3:JS脚本需要使用js引擎编译，脚本:function unnamed_27(){ with(Math){ return 10+1.3*skilllevela;}; }
22:43:58.337 [main] ERROR BATTLE - 3:JS脚本需要使用js引擎编译，脚本:function unnamed_128(){ with(Math){ return RoleLv*1.7+20;}; }
22:43:58.338 [main] ERROR BATTLE - 3:JS脚本需要使用js引擎编译，脚本:function unnamed_169(){ with(Math){ return _95003_=9;}; }
22:43:58.339 [main] ERROR BATTLE - 3:JS脚本需要使用js引擎编译，脚本:function unnamed_135(){ with(Math){ return (400*MonsterLv*0.017*(MonsterNum*0.083+MasterNum*0.1245)*min(max(1-0.2*floor(abs(MonsterLv-RoleLv)/5),0.1),1)*(1-IsDbPoint)+400*MonsterLv*0.13*(MonsterNum*0.083+MasterNum*0.1245)*min(max(1-0.2*floor(abs(MonsterLv-RoleLv)/5),0.1),1)*IsDbPoint)*(random()*(1.02-0.98)+0.98);}; }
22:43:58.340 [main] ERROR BATTLE - 3:JS脚本需要使用js引擎编译，脚本:function unnamed_20(){ with(Math){ return medicala+3*skilllevela*2;}; }
22:43:58.341 [main] ERROR BATTLE - 3:JS脚本需要使用js引擎编译，脚本:function unnamed_68(){ with(Math){ return gradea*0.7;}; }
22:43:58.343 [main] ERROR BATTLE - 3:JS脚本需要使用js引擎编译，脚本:function unnamed_43(){ with(Math){ return -magicattacka*3;}; }
22:43:58.344 [main] ERROR BATTLE - 3:JS脚本需要使用js引擎编译，脚本:function unnamed_172(){ with(Math){ return _99043_>=1;}; }
22:43:58.345 [main] ERROR BATTLE - 3:JS脚本需要使用js引擎编译，脚本:function unnamed_196(){ with(Math){ return _99059_<1;}; }
22:43:58.346 [main] ERROR BATTLE - 3:JS脚本需要使用js引擎编译，脚本:function unnamed_207(){ with(Math){ return _99071_>=1;}; }
22:43:58.347 [main] ERROR BATTLE - 3:JS脚本需要使用js引擎编译，脚本:function unnamed_93(){ with(Math){ return gradea*0.625;}; }
22:43:58.348 [main] ERROR BATTLE - 3:JS脚本需要使用js引擎编译，脚本:function unnamed_83(){ with(Math){ return gradea*0.189;}; }
22:43:58.349 [main] ERROR BATTLE - 3:JS脚本需要使用js引擎编译，脚本:function unnamed_119(){ with(Math){ return (15)+(TeamNum-1)*15+RoleLv*120;}; }
22:43:58.350 [main] ERROR BATTLE - 3:JS脚本需要使用js引擎编译，脚本:function unnamed_33(){ with(Math){ return -maxhpb*0.4;}; }
22:43:58.351 [main] ERROR BATTLE - 3:JS脚本需要使用js引擎编译，脚本:function unnamed_227(){ with(Math){ return 1*TeamNum+5;}; }
22:43:58.352 [main] ERROR BATTLE - 3:JS脚本需要使用js引擎编译，脚本:function unnamed_174(){ with(Math){ return _99045_<1;}; }
22:43:58.353 [main] ERROR BATTLE - 3:JS脚本需要使用js引擎编译，脚本:function unnamed_74(){ with(Math){ return gradea*0.000875;}; }
22:43:58.354 [main] ERROR BATTLE - 3:JS脚本需要使用js引擎编译，脚本:function unnamed_156(){ with(Math){ return _95003_<=8;}; }
22:43:58.355 [main] ERROR BATTLE - 3:JS脚本需要使用js引擎编译，脚本:function unnamed_37(){ with(Math){ return -(phyattacka*1.40-defendb+1*skilllevela)*2.5;}; }
22:43:58.357 [main] ERROR BATTLE - 3:JS脚本需要使用js引擎编译，脚本:function unnamed_199(){ with(Math){ return _96001_/_96002_<0.1;}; }
22:43:58.358 [main] ERROR BATTLE - 3:JS脚本需要使用js引擎编译，脚本:function unnamed_209(){ with(Math){ return _99072_<1;}; }
22:43:58.359 [main] ERROR BATTLE - 3:JS脚本需要使用js引擎编译，脚本:function unnamed_23(){ with(Math){ return (medicala+1.2*skilllevela)*0.4;}; }
22:43:58.360 [main] ERROR BATTLE - 3:JS脚本需要使用js引擎编译，脚本:function unnamed_70(){ with(Math){ return gradea*1.05;}; }
22:43:58.361 [main] ERROR BATTLE - 3:JS脚本需要使用js引擎编译，脚本:function unnamed_63(){ with(Math){ return gradea*0.24;}; }
22:43:58.362 [main] ERROR BATTLE - 3:JS脚本需要使用js引擎编译，脚本:function unnamed_98(){ with(Math){ return gradea*0.85;}; }
22:43:58.363 [main] ERROR BATTLE - 3:JS脚本需要使用js引擎编译，脚本:function unnamed_144(){ with(Math){ return _94056_>=1;}; }
22:43:58.364 [main] ERROR BATTLE - 3:JS脚本需要使用js引擎编译，脚本:function unnamed_141(){ with(Math){ return (500*RoleLv*0.05)*(random()*(1.02-0.98)+0.98)*0.5;}; }
22:43:58.365 [main] ERROR BATTLE - 3:JS脚本需要使用js引擎编译，脚本:function unnamed_143(){ with(Math){ return _99065_>=4;}; }
22:43:58.366 [main] ERROR BATTLE - 3:JS脚本需要使用js引擎编译，脚本:function unnamed_185(){ with(Math){ return _99057_>=1;}; }
22:43:58.367 [main] ERROR BATTLE - 3:JS脚本需要使用js引擎编译，脚本:function unnamed_107(){ with(Math){ return gradea*4;}; }
22:43:58.368 [main] ERROR BATTLE - 3:JS脚本需要使用js引擎编译，脚本:function unnamed_206(){ with(Math){ return _99068_>=1;}; }
22:43:58.369 [main] ERROR BATTLE - 3:JS脚本需要使用js引擎编译，脚本:function unnamed_58(){ with(Math){ return -(magicattacka*1.2-magicdefb+2*gradea)*(0.5+0.05*(2-preaimcount));}; }
22:43:58.371 [main] ERROR BATTLE - 3:JS脚本需要使用js引擎编译，脚本:function unnamed_100(){ with(Math){ return gradea*0.375;}; }
22:43:58.372 [main] ERROR BATTLE - 3:JS脚本需要使用js引擎编译，脚本:function unnamed_56(){ with(Math){ return -(magicattacka*3.5-magicdefb+2*skilllevela)*0.3;}; }
22:43:58.373 [main] ERROR BATTLE - 3:JS脚本需要使用js引擎编译，脚本:function unnamed_26(){ with(Math){ return -(speeda*0.1+7*skilllevela)*1.1;}; }
22:43:58.374 [main] ERROR BATTLE - 3:JS脚本需要使用js引擎编译，脚本:function unnamed_75(){ with(Math){ return gradea*0.00105;}; }
22:43:58.375 [main] ERROR BATTLE - 3:JS脚本需要使用js引擎编译，脚本:function unnamed_80(){ with(Math){ return gradea*0.12;}; }
22:43:58.376 [main] ERROR BATTLE - 3:JS脚本需要使用js引擎编译，脚本:function unnamed_40(){ with(Math){ return -(phyattacka*1.55-defendb+1*skilllevela)*2.5;}; }
22:43:58.378 [main] ERROR BATTLE - 3:JS脚本需要使用js引擎编译，脚本:function unnamed_157(){ with(Math){ return _95003_<=9;}; }
22:43:58.379 [main] ERROR BATTLE - 3:JS脚本需要使用js引擎编译，脚本:function unnamed_140(){ with(Math){ return (5000*RoleLv*0.05)*(random()*(1.02-0.98)+0.98)*(1-min(5-TeamNum,2)*0.15);}; }
22:43:58.383 [main] ERROR BATTLE - 3:JS脚本需要使用js引擎编译，脚本:function unnamed_184(){ with(Math){ return _99056_>=1;}; }
22:43:58.384 [main] ERROR BATTLE - 3:JS脚本需要使用js引擎编译，脚本:function unnamed_122(){ with(Math){ return RoleLv*10;}; }
22:43:58.385 [main] ERROR BATTLE - 3:JS脚本需要使用js引擎编译，脚本:function unnamed_48(){ with(Math){ return -(phyattacka*2-defendb+1*gradea);}; }
22:43:58.386 [main] ERROR BATTLE - 3:JS脚本需要使用js引擎编译，脚本:function unnamed_110(){ with(Math){ return 0.3*maxhpb;}; }
22:43:58.387 [main] ERROR BATTLE - 3:JS脚本需要使用js引擎编译，脚本:function unnamed_2(){ with(Math){ return -(phyattacka*0.65-defendb+1*skilllevela);}; }
22:43:58.388 [main] ERROR BATTLE - 3:JS脚本需要使用js引擎编译，脚本:function unnamed_109(){ with(Math){ return 0.05*maxhpb;}; }
22:43:58.390 [main] ERROR BATTLE - 3:JS脚本需要使用js引擎编译，脚本:function unnamed_208(){ with(Math){ return _99070_==1;}; }
22:43:58.391 [main] ERROR BATTLE - 3:JS脚本需要使用js引擎编译，脚本:function unnamed_179(){ with(Math){ return _99052_>=1;}; }
22:43:58.392 [main] ERROR BATTLE - 3:JS脚本需要使用js引擎编译，脚本:function unnamed_29(){ with(Math){ return -(magicattacka*1.8-magicdefb+2*gradea)*0.5;}; }
22:43:58.393 [main] ERROR BATTLE - 3:JS脚本需要使用js引擎编译，脚本:function unnamed_218(){ with(Math){ return !_509951_;}; }
22:43:58.394 [main] ERROR BATTLE - 3:JS脚本需要使用js引擎编译，脚本:function unnamed_213(){ with(Math){ return _502003_;}; }
22:43:58.395 [main] ERROR BATTLE - 3:JS脚本需要使用js引擎编译，脚本:function unnamed_132(){ with(Math){ return 2000*RoleLv;}; }
22:43:58.396 [main] ERROR BATTLE - 3:JS脚本需要使用js引擎编译，脚本:function unnamed_97(){ with(Math){ return gradea*0.65;}; }
22:43:58.397 [main] ERROR BATTLE - 3:JS脚本需要使用js引擎编译，脚本:function unnamed_161(){ with(Math){ return _95003_=3;}; }
22:43:58.398 [main] ERROR BATTLE - 3:JS脚本需要使用js引擎编译，脚本:function unnamed_183(){ with(Math){ return _99055_>=1;}; }
22:43:58.399 [main] ERROR BATTLE - 3:JS脚本需要使用js引擎编译，脚本:function unnamed_129(){ with(Math){ return (1*RoleLv*11)*(random()*(1.02-0.98)+0.98);}; }
22:43:58.400 [main] ERROR BATTLE - 3:JS脚本需要使用js引擎编译，脚本:function unnamed_17(){ with(Math){ return abs(maindamage)*1;}; }
22:43:58.402 [main] ERROR BATTLE - 3:JS脚本需要使用js引擎编译，脚本:function unnamed_49(){ with(Math){ return phyattacka*1.25-defendb+1*gradea;}; }
22:43:58.403 [main] ERROR BATTLE - 3:JS脚本需要使用js引擎编译，脚本:function unnamed_127(){ with(Math){ return (15)+(TeamNum-1)*15+RoleLv*5;}; }
22:43:58.404 [main] ERROR BATTLE - 3:JS脚本需要使用js引擎编译，脚本:function unnamed_73(){ with(Math){ return gradea*0.0007;}; }
22:43:58.405 [main] ERROR BATTLE - 3:JS脚本需要使用js引擎编译，脚本:function unnamed_91(){ with(Math){ return gradea*0.5;}; }
22:43:58.406 [main] ERROR BATTLE - 3:JS脚本需要使用js引擎编译，脚本:function unnamed_64(){ with(Math){ return gradea*0.15;}; }
22:43:58.407 [main] ERROR BATTLE - 3:JS脚本需要使用js引擎编译，脚本:function unnamed_190(){ with(Math){ return _99053_<1;}; }
22:43:58.408 [main] ERROR BATTLE - 3:JS脚本需要使用js引擎编译，脚本:function unnamed_102(){ with(Math){ return gradea*0.525;}; }
22:43:58.409 [main] ERROR BATTLE - 3:JS脚本需要使用js引擎编译，脚本:function unnamed_31(){ with(Math){ return -maxhpb*0.2;}; }
22:43:58.410 [main] ERROR BATTLE - 3:JS脚本需要使用js引擎编译，脚本:function unnamed_130(){ with(Math){ return (1*RoleLv*0.94)*(random()*(1.02-0.98)+0.98);}; }
22:43:58.411 [main] ERROR BATTLE - 3:JS脚本需要使用js引擎编译，脚本:function unnamed_16(){ with(Math){ return abs(maindamage)*0.35;}; }
22:43:58.412 [main] ERROR BATTLE - 3:JS脚本需要使用js引擎编译，脚本:function unnamed_18(){ with(Math){ return -magicattacka*0.2;}; }
22:43:58.413 [main] ERROR BATTLE - 3:JS脚本需要使用js引擎编译，脚本:function unnamed_154(){ with(Math){ return _95003_<=6;}; }
22:43:58.415 [main] ERROR BATTLE - 3:JS脚本需要使用js引擎编译，脚本:function unnamed_28(){ with(Math){ return -(magicattacka*1.3-magicdefb+2*gradea)*0.5;}; }
22:43:58.416 [main] ERROR BATTLE - 3:JS脚本需要使用js引擎编译，脚本:function unnamed_36(){ with(Math){ return -(phyattacka*10-defendb+1*gradea+max((phyattacka-phyattackb)*0.05,0));}; }
22:43:58.417 [main] ERROR BATTLE - 3:JS脚本需要使用js引擎编译，脚本:function unnamed_182(){ with(Math){ return _99054_>=1;}; }
22:43:58.419 [main] ERROR BATTLE - 3:JS脚本需要使用js引擎编译，脚本:function unnamed_225(){ with(Math){ return !_508014_;}; }
22:43:58.420 [main] ERROR BATTLE - 3:JS脚本需要使用js引擎编译，脚本:function unnamed_69(){ with(Math){ return gradea*0.87;}; }
22:43:58.421 [main] ERROR BATTLE - 3:JS脚本需要使用js引擎编译，脚本:function unnamed_164(){ with(Math){ return _95003_=4;}; }
22:43:58.422 [main] ERROR BATTLE - 3:JS脚本需要使用js引擎编译，脚本:function unnamed_175(){ with(Math){ return _99047_>=1;}; }
22:43:58.423 [main] ERROR BATTLE - 3:JS脚本需要使用js引擎编译，脚本:function unnamed_181(){ with(Math){ return _99053_>=1;}; }
22:43:58.425 [main] ERROR BATTLE - 3:JS脚本需要使用js引擎编译，脚本:function unnamed_134(){ with(Math){ return (400*MonsterLv*0.011*(MonsterNum*0.083+MasterNum*0.1245)*min(max(1-0.2*floor(abs(MonsterLv-RoleLv)/5),0.1),1)*(1-IsDbPoint)+400*MonsterLv*0.13*(MonsterNum*0.083+MasterNum*0.1245)*min(max(1-0.2*floor(abs(MonsterLv-RoleLv)/5),0.1),1)*IsDbPoint)*(random()*(1.02-0.98)+0.98);}; }
22:43:58.426 [main] ERROR BATTLE - 3:JS脚本需要使用js引擎编译，脚本:function unnamed_176(){ with(Math){ return _99048_>=1;}; }
22:43:58.428 [main] ERROR BATTLE - 3:JS脚本需要使用js引擎编译，脚本:function unnamed_39(){ with(Math){ return -(phyattacka*1.50-defendb+1*skilllevela)*2.5;}; }
22:43:58.429 [main] ERROR BATTLE - 3:JS脚本需要使用js引擎编译，脚本:function unnamed_120(){ with(Math){ return (15)+(TeamNum-1)*15+RoleLv*140;}; }
22:43:58.430 [main] ERROR BATTLE - 3:JS脚本需要使用js引擎编译，脚本:function unnamed_51(){ with(Math){ return -(magicattacka*0.8-magicdefb+2*gradea)*(0.5+0.05*(2-preaimcount));}; }
22:43:58.431 [main] ERROR BATTLE - 3:JS脚本需要使用js引擎编译，脚本:function unnamed_82(){ with(Math){ return gradea*0.14;}; }
22:43:58.432 [main] ERROR BATTLE - 3:JS脚本需要使用js引擎编译，脚本:function unnamed_32(){ with(Math){ return -maxhpb*0.3;}; }
22:43:58.433 [main] ERROR BATTLE - 3:JS脚本需要使用js引擎编译，脚本:function unnamed_54(){ with(Math){ return -(magicattacka*3.5-magicdefb+2*skilllevela)*0.5;}; }
22:43:58.434 [main] ERROR BATTLE - 3:JS脚本需要使用js引擎编译，脚本:function unnamed_95(){ with(Math){ return gradea*0.75;}; }
22:43:58.435 [main] ERROR BATTLE - 3:JS脚本需要使用js引擎编译，脚本:function unnamed_158(){ with(Math){ return _95003_<=10;}; }
22:43:58.437 [main] ERROR BATTLE - 3:JS脚本需要使用js引擎编译，脚本:function unnamed_19(){ with(Math){ return medicala*1.1+3*skilllevela;}; }
22:43:58.438 [main] ERROR BATTLE - 3:JS脚本需要使用js引擎编译，脚本:function unnamed_72(){ with(Math){ return gradea*1.4;}; }
22:43:58.439 [main] ERROR BATTLE - 3:JS脚本需要使用js引擎编译，脚本:function unnamed_139(){ with(Math){ return 105800+floor(RoleLv/10)*440+(200+floor(RoleLv/10)*40*(Ring-1));}; }
22:43:58.440 [main] ERROR BATTLE - 3:JS脚本需要使用js引擎编译，脚本:function unnamed_108(){ with(Math){ return -(phyattacka*1.2-defendb+1*gradea);}; }
22:43:58.441 [main] ERROR BATTLE - 3:JS脚本需要使用js引擎编译，脚本:function unnamed_117(){ with(Math){ return RoleLv*50;}; }
22:43:58.442 [main] ERROR BATTLE - 3:JS脚本需要使用js引擎编译，脚本:function unnamed_155(){ with(Math){ return _95003_<=7;}; }
22:43:58.443 [main] ERROR BATTLE - 3:JS脚本需要使用js引擎编译，脚本:function unnamed_220(){ with(Math){ return !_501402_;}; }
22:43:58.444 [main] ERROR BATTLE - 3:JS脚本需要使用js引擎编译，脚本:function unnamed_21(){ with(Math){ return -(magicattacka*1.3-magicdefb+2*gradea)*0.5*(1.2+(0.6+0.2*skilllevela)*(1-curmpb/maxmpb));}; }
22:43:58.446 [main] ERROR BATTLE - 3:JS脚本需要使用js引擎编译，脚本:function unnamed_116(){ with(Math){ return 1600*RoleLv*0.067*(0.74+0.02*Time)*(random()*(1.02-0.98)+0.98);}; }
22:43:58.447 [main] ERROR BATTLE - 3:JS脚本需要使用js引擎编译，脚本:function unnamed_5(){ with(Math){ return -(phyattacka*1-defendb+1*gradea)*(0.25+0.05*skilllevela);}; }
22:43:58.448 [main] ERROR BATTLE - 3:JS脚本需要使用js引擎编译，脚本:function unnamed_226(){ with(Math){ return !_508008_;}; }
22:43:58.449 [main] ERROR BATTLE - 3:JS脚本需要使用js引擎编译，脚本:function unnamed_210(){ with(Math){ return _94041_>=1;}; }
22:43:58.450 [main] ERROR BATTLE - 3:JS脚本需要使用js引擎编译，脚本:function unnamed_205(){ with(Math){ return _99049_>=5;}; }
22:43:58.451 [main] ERROR BATTLE - 3:JS脚本需要使用js引擎编译，脚本:function unnamed_217(){ with(Math){ return !_508237_;}; }
22:43:58.452 [main] ERROR BATTLE - 3:JS脚本需要使用js引擎编译，脚本:function unnamed_47(){ with(Math){ return -(phyattacka*1.25-defendb+1*gradea+max((phyattacka-phyattackb)*0.25,0));}; }
22:43:58.454 [main] ERROR BATTLE - 3:JS脚本需要使用js引擎编译，脚本:function unnamed_149(){ with(Math){ return _94056_>=4;}; }
22:43:58.455 [main] ERROR BATTLE - 3:JS脚本需要使用js引擎编译，脚本:function unnamed_195(){ with(Math){ return _99058_<1;}; }
22:43:58.456 [main] ERROR BATTLE - 3:JS脚本需要使用js引擎编译，脚本:function unnamed_148(){ with(Math){ return _99039_>=1;}; }
22:43:58.457 [main] ERROR BATTLE - 3:JS脚本需要使用js引擎编译，脚本:function unnamed_187(){ with(Math){ return _99059_>=1;}; }
22:43:58.458 [main] ERROR BATTLE - 3:JS脚本需要使用js引擎编译，脚本:function unnamed_24(){ with(Math){ return 2*skilllevela+50;}; }
22:43:58.459 [main] ERROR BATTLE - 3:JS脚本需要使用js引擎编译，脚本:function unnamed_96(){ with(Math){ return gradea*0.0875;}; }
22:43:58.460 [main] ERROR BATTLE - 3:JS脚本需要使用js引擎编译，脚本:function unnamed_165(){ with(Math){ return _95003_=5;}; }
22:43:58.461 [main] ERROR BATTLE - 3:JS脚本需要使用js引擎编译，脚本:function unnamed_113(){ with(Math){ return -(phyattacka*0.5-defendb+1*gradea);}; }
22:43:58.462 [main] ERROR BATTLE - 3:JS脚本需要使用js引擎编译，脚本:function unnamed_105(){ with(Math){ return gradea*3.5;}; }
22:43:58.464 [main] ERROR BATTLE - 3:JS脚本需要使用js引擎编译，脚本:function unnamed_125(){ with(Math){ return (15)+(TeamNum-1)*15+RoleLv*3;}; }
22:43:58.465 [main] ERROR BATTLE - 3:JS脚本需要使用js引擎编译，脚本:function unnamed_11(){ with(Math){ return -(phyattacka*0.45-defendb+1*skilllevela);}; }
22:43:58.466 [main] ERROR BATTLE - 3:JS脚本需要使用js引擎编译，脚本:function unnamed_112(){ with(Math){ return -(phyattacka*0.65-defendb+1*gradea);}; }
22:43:58.467 [main] ERROR BATTLE - 3:JS脚本需要使用js引擎编译，脚本:function unnamed_137(){ with(Math){ return 500*RoleLv*1.215*(0.88+0.03);}; }
22:43:58.468 [main] ERROR BATTLE - 3:JS脚本需要使用js引擎编译，脚本:function unnamed_171(){ with(Math){ return _99042_>=3;}; }
22:43:58.469 [main] ERROR BATTLE - 3:JS脚本需要使用js引擎编译，脚本:function unnamed_202(){ with(Math){ return _99062_>=3;}; }
22:43:58.470 [main] ERROR BATTLE - 3:JS脚本需要使用js引擎编译，脚本:function unnamed_79(){ with(Math){ return gradea*1;}; }
22:43:58.471 [main] ERROR BATTLE - 3:JS脚本需要使用js引擎编译，脚本:function unnamed_87(){ with(Math){ return gradea*0.378;}; }
22:43:58.472 [main] ERROR BATTLE - 3:JS脚本需要使用js引擎编译，脚本:function unnamed_8(){ with(Math){ return -(magicattacka*1.2-magicdefb+2*skilllevela)*(0.5+0.05*(4-preaimcount));}; }
22:43:58.474 [main] ERROR BATTLE - 3:JS脚本需要使用js引擎编译，脚本:function unnamed_99(){ with(Math){ return gradea*0.3;}; }
22:43:58.475 [main] ERROR BATTLE - 3:JS脚本需要使用js引擎编译，脚本:function unnamed_193(){ with(Math){ return _99056_<1;}; }
22:43:58.476 [main] ERROR BATTLE - 3:JS脚本需要使用js引擎编译，脚本:function unnamed_88(){ with(Math){ return gradea*0.875;}; }
22:43:58.477 [main] ERROR BATTLE - 3:JS脚本需要使用js引擎编译，脚本:function unnamed_67(){ with(Math){ return gradea*0.32;}; }
22:43:58.478 [main] ERROR BATTLE - 3:JS脚本需要使用js引擎编译，脚本:function unnamed_224(){ with(Math){ return _503001_;}; }
22:43:58.479 [main] ERROR BATTLE - 3:JS脚本需要使用js引擎编译，脚本:function unnamed_52(){ with(Math){ return -(phyattacka*0.55-defendb+1*gradea);}; }
22:43:58.480 [main] ERROR BATTLE - 3:JS脚本需要使用js引擎编译，脚本:function unnamed_152(){ with(Math){ return _95003_<=4;}; }
22:43:58.481 [main] ERROR BATTLE - 3:JS脚本需要使用js引擎编译，脚本:function unnamed_198(){ with(Math){ return _99061_<1;}; }
22:43:58.482 [main] ERROR BATTLE - 3:JS脚本需要使用js引擎编译，脚本:function unnamed_223(){ with(Math){ return _509081_;}; }
22:43:58.483 [main] ERROR BATTLE - 3:JS脚本需要使用js引擎编译，脚本:function unnamed_38(){ with(Math){ return -(phyattacka*1.45-defendb+1*skilllevela)*2.5;}; }
22:43:58.485 [main] ERROR BATTLE - 3:JS脚本需要使用js引擎编译，脚本:function unnamed_203(){ with(Math){ return _99066_>=1;}; }
22:43:58.486 [main] ERROR BATTLE - 3:JS脚本需要使用js引擎编译，脚本:function unnamed_221(){ with(Math){ return !_508002_;}; }
22:43:58.487 [main] ERROR BATTLE - 3:JS脚本需要使用js引擎编译，脚本:function unnamed_65(){ with(Math){ return gradea*0.28;}; }
22:43:58.488 [main] ERROR BATTLE - 3:JS脚本需要使用js引擎编译，脚本:function unnamed_201(){ with(Math){ return _99062_>=2;}; }
22:43:58.489 [main] ERROR BATTLE - 3:JS脚本需要使用js引擎编译，脚本:function unnamed_94(){ with(Math){ return gradea*0.075;}; }
22:43:58.490 [main] ERROR BATTLE - 3:JS脚本需要使用js引擎编译，脚本:function unnamed_90(){ with(Math){ return gradea*0.05;}; }
22:43:58.491 [main] ERROR BATTLE - 3:JS脚本需要使用js引擎编译，脚本:function unnamed_44(){ with(Math){ return -magicattacka*2.2;}; }
22:43:58.492 [main] ERROR BATTLE - 3:JS脚本需要使用js引擎编译，脚本:function unnamed_46(){ with(Math){ return -(phyattacka*0.45-defendb+1*gradea);}; }
22:43:58.494 [main] ERROR BATTLE - 3:JS脚本需要使用js引擎编译，脚本:function unnamed_111(){ with(Math){ return 0.35*maxhpb;}; }
22:43:58.495 [main] ERROR BATTLE - 3:JS脚本需要使用js引擎编译，脚本:function unnamed_121(){ with(Math){ return (15)+(TeamNum-1)*15+RoleLv*150;}; }
22:43:58.496 [main] ERROR BATTLE - 3:JS脚本需要使用js引擎编译，脚本:function unnamed_142(){ with(Math){ return _94019_<1;}; }
22:43:58.498 [main] ERROR BATTLE - 3:JS脚本需要使用js引擎编译，脚本:function unnamed_188(){ with(Math){ return _99060_>=1;}; }
22:43:58.499 [main] ERROR BATTLE - 3:JS脚本需要使用js引擎编译，脚本:function unnamed_191(){ with(Math){ return _99054_<1;}; }
22:43:58.500 [main] ERROR BATTLE - 3:JS脚本需要使用js引擎编译，脚本:function unnamed_212(){ with(Math){ return _99074_>=1;}; }
22:43:58.501 [main] ERROR BATTLE - 3:JS脚本需要使用js引擎编译，脚本:function unnamed_166(){ with(Math){ return _95003_=6;}; }
22:43:58.502 [main] ERROR BATTLE - 3:JS脚本需要使用js引擎编译，脚本:function unnamed_162(){ with(Math){ return _97001_>=4;}; }
22:43:58.503 [main] ERROR BATTLE - 3:JS脚本需要使用js引擎编译，脚本:function unnamed_126(){ with(Math){ return (15)+(TeamNum-1)*15+RoleLv*4;}; }
22:43:58.504 [main] ERROR BATTLE - 3:JS脚本需要使用js引擎编译，脚本:function unnamed_9(){ with(Math){ return 0.7+0.002*(skilllevela-gradeb)+(enhanceseala-resistsealb);}; }
22:43:58.505 [main] ERROR BATTLE - 3:JS脚本需要使用js引擎编译，脚本:function unnamed_12(){ with(Math){ return 16*skilllevela;}; }
22:43:58.507 [main] ERROR BATTLE - 3:JS脚本需要使用js引擎编译，脚本:function unnamed_204(){ with(Math){ return _99067_>=1;}; }
22:43:58.508 [main] ERROR BATTLE - 3:JS脚本需要使用js引擎编译，脚本:function unnamed_219(){ with(Math){ return !_503001_;}; }
22:43:58.509 [main] ERROR BATTLE - 3:JS脚本需要使用js引擎编译，脚本:function unnamed_59(){ with(Math){ return gradea*0.16;}; }
22:43:58.510 [main] ERROR BATTLE - 3:JS脚本需要使用js引擎编译，脚本:function unnamed_118(){ with(Math){ return (15)+(TeamNum-1)*15+RoleLv*100;}; }
22:43:58.511 [main] ERROR BATTLE - 3:JS脚本需要使用js引擎编译，脚本:function unnamed_214(){ with(Math){ return _501901_;}; }
22:43:58.512 [main] ERROR BATTLE - 3:JS脚本需要使用js引擎编译，脚本:function unnamed_189(){ with(Math){ return _99061_>=1;}; }
22:43:58.513 [main] ERROR BATTLE - 3:JS脚本需要使用js引擎编译，脚本:function unnamed_30(){ with(Math){ return -maxhpb*0.1;}; }
22:43:58.514 [main] ERROR BATTLE - 3:JS脚本需要使用js引擎编译，脚本:function unnamed_216(){ with(Math){ return !_508236_;}; }
22:43:58.516 [main] ERROR BATTLE - 3:JS脚本需要使用js引擎编译，脚本:function unnamed_62(){ with(Math){ return gradea*0.125;}; }
22:43:58.517 [main] ERROR BATTLE - 3:JS脚本需要使用js引擎编译，脚本:function unnamed_163(){ with(Math){ return _99040_>=2;}; }
22:43:58.518 [main] ERROR BATTLE - 3:JS脚本需要使用js引擎编译，脚本:function unnamed_81(){ with(Math){ return gradea*1.2;}; }
22:43:58.519 [main] ERROR BATTLE - 3:JS脚本需要使用js引擎编译，脚本:function unnamed_153(){ with(Math){ return _95003_<=5;}; }
22:43:58.520 [main] ERROR BATTLE - 3:JS脚本需要使用js引擎编译，脚本:function unnamed_170(){ with(Math){ return _99041_>=3;}; }
22:43:58.521 [main] ERROR BATTLE - 3:JS脚本需要使用js引擎编译，脚本:function unnamed_173(){ with(Math){ return _99044_<1;}; }
22:43:58.523 [main] ERROR BATTLE - 3:JS脚本需要使用js引擎编译，脚本:function unnamed_200(){ with(Math){ return _99062_>=1;}; }
22:43:58.524 [main] ERROR BATTLE - 3:JS脚本需要使用js引擎编译，脚本:function unnamed_159(){ with(Math){ return _96232_>=1;}; }
22:43:58.525 [main] ERROR BATTLE - 3:JS脚本需要使用js引擎编译，脚本:function unnamed_4(){ with(Math){ return 0.15*maxhpb;}; }
22:43:58.528 [main] ERROR BATTLE - 3:JS脚本需要使用js引擎编译，脚本:function unnamed_78(){ with(Math){ return gradea*0.08;}; }
22:43:58.529 [main] ERROR BATTLE - 3:JS脚本需要使用js引擎编译，脚本:function unnamed_3(){ with(Math){ return -(phyattacka*0.55-defendb+1*skilllevela);}; }
22:43:58.530 [main] ERROR BATTLE - 3:JS脚本需要使用js引擎编译，脚本:function unnamed_77(){ with(Math){ return gradea*0.0014;}; }
22:43:58.531 [main] ERROR BATTLE - 3:JS脚本需要使用js引擎编译，脚本:function unnamed_133(){ with(Math){ return 3000*RoleLv;}; }
22:43:58.532 [main] ERROR BATTLE - 3:JS脚本需要使用js引擎编译，脚本:function unnamed_76(){ with(Math){ return gradea*0.001225;}; }
22:43:58.533 [main] ERROR BATTLE - 3:JS脚本需要使用js引擎编译，脚本:function unnamed_86(){ with(Math){ return gradea*0.3375;}; }
22:43:58.534 [main] ERROR BATTLE - 3:JS脚本需要使用js引擎编译，脚本:function unnamed_167(){ with(Math){ return _95003_=7;}; }
22:43:58.536 [main] ERROR BATTLE - 3:JS脚本需要使用js引擎编译，脚本:function unnamed_15(){ with(Math){ return -(magicattacka*1.8-magicdefb+2*skilllevela)*(0.5+0.05*(4-preaimcount));}; }
22:43:58.537 [main] ERROR BATTLE - 3:JS脚本需要使用js引擎编译，脚本:function unnamed_50(){ with(Math){ return -(magicattacka*0.5-magicdefb+2*gradea)*(0.5+0.05*(2-preaimcount));}; }
22:43:58.538 [main] ERROR BATTLE - 3:JS脚本需要使用js引擎编译，脚本:function unnamed_123(){ with(Math){ return (15)+(TeamNum-1)*15+RoleLv*1;}; }
22:43:58.539 [main] ERROR BATTLE - 3:JS脚本需要使用js引擎编译，脚本:function unnamed_103(){ with(Math){ return gradea*3;}; }
22:43:58.540 [main] ERROR BATTLE - 3:JS脚本需要使用js引擎编译，脚本:function unnamed_13(){ with(Math){ return ((medicala*0.5+skilllevela*1.4)+abs(maindamage)*0.1)*(1+healrevisea)*(1+medicaljiashena/1000);}; }
22:43:58.541 [main] ERROR BATTLE - 3:JS脚本需要使用js引擎编译，脚本:function unnamed_71(){ with(Math){ return gradea*1.22;}; }
22:43:58.542 [main] ERROR BATTLE - 3:JS脚本需要使用js引擎编译，脚本:function unnamed_138(){ with(Math){ return Ring+3;}; }
22:43:58.544 [main] ERROR BATTLE - 3:JS脚本需要使用js引擎编译，脚本:function unnamed_60(){ with(Math){ return gradea*0.1;}; }
22:43:58.545 [main] ERROR BATTLE - 3:JS脚本需要使用js引擎编译，脚本:function unnamed_180(){ with(Math){ return _94014_>=7;}; }
22:43:58.546 [main] ERROR BATTLE - 3:JS脚本需要使用js引擎编译，脚本:function unnamed_147(){ with(Math){ return _99038_>=1;}; }
22:43:58.547 [main] ERROR BATTLE - 3:JS脚本需要使用js引擎编译，脚本:function unnamed_186(){ with(Math){ return _99058_>=1;}; }
22:43:58.548 [main] ERROR BATTLE - 3:JS脚本需要使用js引擎编译，脚本:function unnamed_115(){ with(Math){ return (15)+(TeamNum-1)*15+RoleLv*160;}; }
22:43:58.549 [main] ERROR BATTLE - 3:JS脚本需要使用js引擎编译，脚本:function unnamed_34(){ with(Math){ return -maxhpb*0.6;}; }
22:43:58.550 [main] ERROR BATTLE - 3:JS脚本需要使用js引擎编译，脚本:function unnamed_215(){ with(Math){ return _501402_;}; }
22:43:58.551 [main] ERROR BATTLE - 3:JS脚本需要使用js引擎编译，脚本:function unnamed_150(){ with(Math){ return _95003_<=2;}; }
22:43:58.552 [main] ERROR BATTLE - 3:JS脚本需要使用js引擎编译，脚本:function unnamed_0(){ with(Math){ return -(phyattacka*1.3-defendb+1*skilllevela);}; }
22:43:58.554 [main] ERROR BATTLE - 3:JS脚本需要使用js引擎编译，脚本:function unnamed_66(){ with(Math){ return gradea*0.175;}; }
22:43:58.555 [main] ERROR BATTLE - 3:JS脚本需要使用js引擎编译，脚本:function unnamed_55(){ with(Math){ return -(phyattacka*1-defendb+7*gradea);}; }
22:43:58.556 [main] ERROR BATTLE - 3:JS脚本需要使用js引擎编译，脚本:function unnamed_22(){ with(Math){ return medicala+1.2*skilllevela;}; }
22:43:58.557 [main] ERROR BATTLE - 3:JS脚本需要使用js引擎编译，脚本:function unnamed_222(){ with(Math){ return !_508006_;}; }
22:43:58.558 [main] ERROR BATTLE - 3:JS脚本需要使用js引擎编译，脚本:function unnamed_41(){ with(Math){ return -(phyattacka*1.60-defendb+1*skilllevela)*2.5;}; }
22:43:58.559 [main] ERROR BATTLE - 3:JS脚本需要使用js引擎编译，脚本:function unnamed_136(){ with(Math){ return RoleLv*200;}; }
22:43:58.560 [main] ERROR BATTLE - 3:JS脚本需要使用js引擎编译，脚本:function unnamed_7(){ with(Math){ return 9*skilllevela;}; }
22:43:58.561 [main] ERROR BATTLE - 3:JS脚本需要使用js引擎编译，脚本:function unnamed_192(){ with(Math){ return _99055_<1;}; }
22:43:58.563 [main] ERROR BATTLE - 3:JS脚本需要使用js引擎编译，脚本:function unnamed_101(){ with(Math){ return gradea*0.45;}; }
22:43:58.564 [main] ERROR BATTLE - 3:JS脚本需要使用js引擎编译，脚本:function unnamed_6(){ with(Math){ return -(phyattacka*1.45-defendb+1*skilllevela);}; }
22:43:58.565 [main] ERROR BATTLE - 3:JS脚本需要使用js引擎编译，脚本:function unnamed_53(){ with(Math){ return abs(maindamage)*0.20;}; }
22:43:58.566 [main] ERROR BATTLE - 3:JS脚本需要使用js引擎编译，脚本:function unnamed_92(){ with(Math){ return gradea*0.0625;}; }
22:43:58.567 [main] ERROR BATTLE - 3:JS脚本需要使用js引擎编译，脚本:function unnamed_177(){ with(Math){ return _94056_>=3;}; }
22:43:58.568 [main] ERROR BATTLE - 3:JS脚本需要使用js引擎编译，脚本:function unnamed_104(){ with(Math){ return gradea*3.25;}; }
22:43:58.569 [main] ERROR BATTLE - 3:JS脚本需要使用js引擎编译，脚本:function unnamed_25(){ with(Math){ return 0.7*maxhpb;}; }
22:43:58.570 [main] ERROR BATTLE - 3:JS脚本需要使用js引擎编译，脚本:function unnamed_1(){ with(Math){ return -(phyattacka*1.35-defendb+1*skilllevela);}; }
22:43:58.572 [main] ERROR BATTLE - 3:JS脚本需要使用js引擎编译，脚本:function unnamed_124(){ with(Math){ return (15)+(TeamNum-1)*15+RoleLv*2;}; }
22:43:58.573 [main] ERROR BATTLE - 3:JS脚本需要使用js引擎编译，脚本:function unnamed_168(){ with(Math){ return _95003_=8;}; }
22:43:58.574 [main] ERROR BATTLE - 3:JS脚本需要使用js引擎编译，脚本:function unnamed_45(){ with(Math){ return -magicattacka*1.6;}; }
22:43:58.575 [main] ERROR BATTLE - 3:JS脚本需要使用js引擎编译，脚本:function unnamed_89(){ with(Math){ return gradea*1.225;}; }
22:43:58.576 [main] ERROR BATTLE - 3:JS脚本需要使用js引擎编译，脚本:function unnamed_146(){ with(Math){ return _99037_>=1;}; }
22:43:58.577 [main] ERROR BATTLE - 3:JS脚本需要使用js引擎编译，脚本:function unnamed_10(){ with(Math){ return gradea*2;}; }
22:43:58.578 [main] ERROR BATTLE - 3:JS脚本需要使用js引擎编译，脚本:function unnamed_35(){ with(Math){ return -maxhpb*0.7;}; }
22:43:58.580 [main] ERROR BATTLE - 3:JS脚本需要使用js引擎编译，脚本:function unnamed_61(){ with(Math){ return gradea*0.2;}; }
22:43:58.581 [main] ERROR BATTLE - 3:JS脚本需要使用js引擎编译，脚本:function unnamed_114(){ with(Math){ return -magicattacka*0.7;}; }
22:43:58.582 [main] ERROR BATTLE - 3:JS脚本需要使用js引擎编译，脚本:function unnamed_85(){ with(Math){ return gradea*0.2835;}; }
22:43:58.583 [main] ERROR BATTLE - 3:JS脚本需要使用js引擎编译，脚本:function unnamed_57(){ with(Math){ return 10+gradea;}; }
22:43:58.584 [main] ERROR BATTLE - 3:JS脚本需要使用js引擎编译，脚本:function unnamed_145(){ with(Math){ return _99036_>=1;}; }
22:43:58.586 [main] ERROR BATTLE - 3:JS脚本需要使用js引擎编译，脚本:function unnamed_151(){ with(Math){ return _95003_<=3;}; }
22:43:58.587 [main] ERROR BATTLE - 3:JS脚本需要使用js引擎编译，脚本:function unnamed_106(){ with(Math){ return gradea*3.75;}; }
22:43:58.588 [main] ERROR BATTLE - 3:JS脚本需要使用js引擎编译，脚本:function unnamed_160(){ with(Math){ return _96234_>=1;}; }
22:43:58.593 [main] ERROR BATTLE - 3:JS脚本需要使用js引擎编译，脚本:function unnamed_178(){ with(Math){ return _99049_>=1;}; }
22:43:58.595 [main] ERROR BATTLE - 3:JS脚本需要使用js引擎编译，脚本:function unnamed_84(){ with(Math){ return gradea*0.2362;}; }
22:43:58.596 [main] ERROR BATTLE - 3:JS脚本需要使用js引擎编译，脚本:function unnamed_197(){ with(Math){ return _99060_<1;}; }
22:43:58.597 [main] ERROR BATTLE - 3:JS脚本需要使用js引擎编译，脚本:function unnamed_14(){ with(Math){ return ((medicala*0.2+skilllevela*1.2)+abs(maindamage)*0.08)*(1+healrevisea)*(1+medicaljiashena/1000);}; }
22:43:58.598 [main] ERROR BATTLE - 3:JS脚本需要使用js引擎编译，脚本:function unnamed_42(){ with(Math){ return -(phyattacka*1.10-defendb+1*skilllevela)*2.5;}; }
22:43:58.599 [main] ERROR BATTLE - 3:JS脚本需要使用js引擎编译，脚本:function unnamed_194(){ with(Math){ return _99057_<1;}; }
22:43:58.600 [main] ERROR BATTLE - 3:JS脚本需要使用js引擎编译，脚本:function unnamed_211(){ with(Math){ return _99065_>=3;}; }
22:43:58.602 [main] ERROR BATTLE - 3:JS脚本需要使用js引擎编译，脚本:function unnamed_131(){ with(Math){ return (1*RoleLv*1.3)*(random()*(1.02-0.98)+0.98);}; }
22:43:58.603 [main] ERROR BATTLE - 3:JS脚本需要使用js引擎编译，脚本:function unnamed_27(){ with(Math){ return 10+1.3*skilllevela;}; }
22:43:58.604 [main] ERROR BATTLE - 3:JS脚本需要使用js引擎编译，脚本:function unnamed_128(){ with(Math){ return RoleLv*1.7+20;}; }
22:43:58.605 [main] ERROR BATTLE - 3:JS脚本需要使用js引擎编译，脚本:function unnamed_169(){ with(Math){ return _95003_=9;}; }
22:43:58.606 [main] ERROR BATTLE - 3:JS脚本需要使用js引擎编译，脚本:function unnamed_135(){ with(Math){ return (400*MonsterLv*0.017*(MonsterNum*0.083+MasterNum*0.1245)*min(max(1-0.2*floor(abs(MonsterLv-RoleLv)/5),0.1),1)*(1-IsDbPoint)+400*MonsterLv*0.13*(MonsterNum*0.083+MasterNum*0.1245)*min(max(1-0.2*floor(abs(MonsterLv-RoleLv)/5),0.1),1)*IsDbPoint)*(random()*(1.02-0.98)+0.98);}; }
22:43:58.607 [main] ERROR BATTLE - 3:JS脚本需要使用js引擎编译，脚本:function unnamed_20(){ with(Math){ return medicala+3*skilllevela*2;}; }
22:43:58.608 [main] ERROR BATTLE - 3:JS脚本需要使用js引擎编译，脚本:function unnamed_68(){ with(Math){ return gradea*0.7;}; }
22:43:58.609 [main] ERROR BATTLE - 3:JS脚本需要使用js引擎编译，脚本:function unnamed_43(){ with(Math){ return -magicattacka*3;}; }
22:43:58.611 [main] ERROR BATTLE - 3:JS脚本需要使用js引擎编译，脚本:function unnamed_172(){ with(Math){ return _99043_>=1;}; }
22:43:58.612 [main] ERROR BATTLE - 3:JS脚本需要使用js引擎编译，脚本:function unnamed_196(){ with(Math){ return _99059_<1;}; }
22:43:58.613 [main] ERROR BATTLE - 3:JS脚本需要使用js引擎编译，脚本:function unnamed_207(){ with(Math){ return _99071_>=1;}; }
22:43:58.614 [main] ERROR BATTLE - 3:JS脚本需要使用js引擎编译，脚本:function unnamed_93(){ with(Math){ return gradea*0.625;}; }
22:43:58.615 [main] ERROR BATTLE - 3:JS脚本需要使用js引擎编译，脚本:function unnamed_83(){ with(Math){ return gradea*0.189;}; }
22:43:58.616 [main] ERROR BATTLE - 3:JS脚本需要使用js引擎编译，脚本:function unnamed_119(){ with(Math){ return (15)+(TeamNum-1)*15+RoleLv*120;}; }
22:43:58.617 [main] ERROR BATTLE - 3:JS脚本需要使用js引擎编译，脚本:function unnamed_33(){ with(Math){ return -maxhpb*0.4;}; }
22:43:58.618 [main] ERROR BATTLE - 3:JS脚本需要使用js引擎编译，脚本:function unnamed_227(){ with(Math){ return 1*TeamNum+5;}; }
22:43:58.620 [main] ERROR BATTLE - 3:JS脚本需要使用js引擎编译，脚本:function unnamed_174(){ with(Math){ return _99045_<1;}; }
22:43:58.621 [main] ERROR BATTLE - 3:JS脚本需要使用js引擎编译，脚本:function unnamed_74(){ with(Math){ return gradea*0.000875;}; }
22:43:58.622 [main] ERROR BATTLE - 3:JS脚本需要使用js引擎编译，脚本:function unnamed_156(){ with(Math){ return _95003_<=8;}; }
22:43:58.623 [main] ERROR BATTLE - 3:JS脚本需要使用js引擎编译，脚本:function unnamed_37(){ with(Math){ return -(phyattacka*1.40-defendb+1*skilllevela)*2.5;}; }
22:43:58.624 [main] ERROR BATTLE - 3:JS脚本需要使用js引擎编译，脚本:function unnamed_199(){ with(Math){ return _96001_/_96002_<0.1;}; }
22:43:58.625 [main] ERROR BATTLE - 3:JS脚本需要使用js引擎编译，脚本:function unnamed_209(){ with(Math){ return _99072_<1;}; }
22:43:58.627 [main] ERROR BATTLE - 3:JS脚本需要使用js引擎编译，脚本:function unnamed_23(){ with(Math){ return (medicala+1.2*skilllevela)*0.4;}; }
22:43:58.628 [main] ERROR BATTLE - 3:JS脚本需要使用js引擎编译，脚本:function unnamed_70(){ with(Math){ return gradea*1.05;}; }
22:43:58.629 [main] ERROR BATTLE - 3:JS脚本需要使用js引擎编译，脚本:function unnamed_63(){ with(Math){ return gradea*0.24;}; }
22:43:58.630 [main] ERROR BATTLE - 3:JS脚本需要使用js引擎编译，脚本:function unnamed_98(){ with(Math){ return gradea*0.85;}; }
22:43:58.631 [main] ERROR BATTLE - 3:JS脚本需要使用js引擎编译，脚本:function unnamed_144(){ with(Math){ return _94056_>=1;}; }
22:43:58.632 [main] ERROR BATTLE - 3:JS脚本需要使用js引擎编译，脚本:function unnamed_141(){ with(Math){ return (500*RoleLv*0.05)*(random()*(1.02-0.98)+0.98)*0.5;}; }
22:43:58.633 [main] ERROR BATTLE - 3:JS脚本需要使用js引擎编译，脚本:function unnamed_143(){ with(Math){ return _99065_>=4;}; }
22:43:58.634 [main] ERROR BATTLE - 3:JS脚本需要使用js引擎编译，脚本:function unnamed_185(){ with(Math){ return _99057_>=1;}; }
22:43:58.635 [main] ERROR BATTLE - 3:JS脚本需要使用js引擎编译，脚本:function unnamed_107(){ with(Math){ return gradea*4;}; }
22:43:58.637 [main] ERROR BATTLE - 3:JS脚本需要使用js引擎编译，脚本:function unnamed_206(){ with(Math){ return _99068_>=1;}; }
22:43:58.638 [main] ERROR BATTLE - 3:JS脚本需要使用js引擎编译，脚本:function unnamed_58(){ with(Math){ return -(magicattacka*1.2-magicdefb+2*gradea)*(0.5+0.05*(2-preaimcount));}; }
22:43:58.639 [main] ERROR BATTLE - 3:JS脚本需要使用js引擎编译，脚本:function unnamed_100(){ with(Math){ return gradea*0.375;}; }
22:43:58.640 [main] ERROR BATTLE - 3:JS脚本需要使用js引擎编译，脚本:function unnamed_56(){ with(Math){ return -(magicattacka*3.5-magicdefb+2*skilllevela)*0.3;}; }
22:43:58.641 [main] ERROR BATTLE - 3:JS脚本需要使用js引擎编译，脚本:function unnamed_26(){ with(Math){ return -(speeda*0.1+7*skilllevela)*1.1;}; }
22:43:58.642 [main] ERROR BATTLE - 3:JS脚本需要使用js引擎编译，脚本:function unnamed_75(){ with(Math){ return gradea*0.00105;}; }
22:43:58.643 [main] ERROR BATTLE - 3:JS脚本需要使用js引擎编译，脚本:function unnamed_80(){ with(Math){ return gradea*0.12;}; }
22:43:58.644 [main] ERROR BATTLE - 3:JS脚本需要使用js引擎编译，脚本:function unnamed_40(){ with(Math){ return -(phyattacka*1.55-defendb+1*skilllevela)*2.5;}; }
22:43:58.645 [main] ERROR BATTLE - 3:JS脚本需要使用js引擎编译，脚本:function unnamed_157(){ with(Math){ return _95003_<=9;}; }
22:43:58.647 [main] ERROR BATTLE - 3:JS脚本需要使用js引擎编译，脚本:function unnamed_140(){ with(Math){ return (5000*RoleLv*0.05)*(random()*(1.02-0.98)+0.98)*(1-min(5-TeamNum,2)*0.15);}; }
22:43:58.648 [main] ERROR BATTLE - 3:JS脚本需要使用js引擎编译，脚本:function unnamed_184(){ with(Math){ return _99056_>=1;}; }
22:43:58.649 [main] ERROR BATTLE - 3:JS脚本需要使用js引擎编译，脚本:function unnamed_122(){ with(Math){ return RoleLv*10;}; }
22:43:58.650 [main] ERROR BATTLE - 3:JS脚本需要使用js引擎编译，脚本:function unnamed_48(){ with(Math){ return -(phyattacka*2-defendb+1*gradea);}; }
22:43:58.651 [main] ERROR BATTLE - 3:JS脚本需要使用js引擎编译，脚本:function unnamed_110(){ with(Math){ return 0.3*maxhpb;}; }
22:43:58.652 [main] ERROR BATTLE - 3:JS脚本需要使用js引擎编译，脚本:function unnamed_2(){ with(Math){ return -(phyattacka*0.65-defendb+1*skilllevela);}; }
22:43:58.653 [main] ERROR BATTLE - 3:JS脚本需要使用js引擎编译，脚本:function unnamed_109(){ with(Math){ return 0.05*maxhpb;}; }
22:43:58.655 [main] ERROR BATTLE - 3:JS脚本需要使用js引擎编译，脚本:function unnamed_208(){ with(Math){ return _99070_==1;}; }
22:43:58.656 [main] ERROR BATTLE - 3:JS脚本需要使用js引擎编译，脚本:function unnamed_179(){ with(Math){ return _99052_>=1;}; }
22:43:58.657 [main] ERROR BATTLE - 3:JS脚本需要使用js引擎编译，脚本:function unnamed_29(){ with(Math){ return -(magicattacka*1.8-magicdefb+2*gradea)*0.5;}; }
22:43:58.658 [main] ERROR BATTLE - 3:JS脚本需要使用js引擎编译，脚本:function unnamed_218(){ with(Math){ return !_509951_;}; }
22:43:58.659 [main] ERROR BATTLE - 3:JS脚本需要使用js引擎编译，脚本:function unnamed_213(){ with(Math){ return _502003_;}; }
22:43:58.660 [main] ERROR BATTLE - 3:JS脚本需要使用js引擎编译，脚本:function unnamed_132(){ with(Math){ return 2000*RoleLv;}; }
22:43:58.661 [main] ERROR BATTLE - 3:JS脚本需要使用js引擎编译，脚本:function unnamed_97(){ with(Math){ return gradea*0.65;}; }
22:43:58.662 [main] ERROR BATTLE - 3:JS脚本需要使用js引擎编译，脚本:function unnamed_161(){ with(Math){ return _95003_=3;}; }
22:43:58.663 [main] ERROR BATTLE - 3:JS脚本需要使用js引擎编译，脚本:function unnamed_183(){ with(Math){ return _99055_>=1;}; }
22:43:58.664 [main] ERROR BATTLE - 3:JS脚本需要使用js引擎编译，脚本:function unnamed_129(){ with(Math){ return (1*RoleLv*11)*(random()*(1.02-0.98)+0.98);}; }
22:43:58.666 [main] ERROR BATTLE - 3:JS脚本需要使用js引擎编译，脚本:function unnamed_17(){ with(Math){ return abs(maindamage)*1;}; }
22:43:58.667 [main] ERROR BATTLE - 3:JS脚本需要使用js引擎编译，脚本:function unnamed_49(){ with(Math){ return phyattacka*1.25-defendb+1*gradea;}; }
22:43:58.668 [main] ERROR BATTLE - 3:JS脚本需要使用js引擎编译，脚本:function unnamed_127(){ with(Math){ return (15)+(TeamNum-1)*15+RoleLv*5;}; }
22:43:58.669 [main] ERROR BATTLE - 3:JS脚本需要使用js引擎编译，脚本:function unnamed_73(){ with(Math){ return gradea*0.0007;}; }
22:43:58.670 [main] ERROR BATTLE - 3:JS脚本需要使用js引擎编译，脚本:function unnamed_91(){ with(Math){ return gradea*0.5;}; }
22:43:58.671 [main] ERROR BATTLE - 3:JS脚本需要使用js引擎编译，脚本:function unnamed_64(){ with(Math){ return gradea*0.15;}; }
22:43:58.672 [main] ERROR BATTLE - 3:JS脚本需要使用js引擎编译，脚本:function unnamed_190(){ with(Math){ return _99053_<1;}; }
22:43:58.673 [main] ERROR BATTLE - 3:JS脚本需要使用js引擎编译，脚本:function unnamed_102(){ with(Math){ return gradea*0.525;}; }
22:43:58.674 [main] ERROR BATTLE - 3:JS脚本需要使用js引擎编译，脚本:function unnamed_31(){ with(Math){ return -maxhpb*0.2;}; }
22:43:58.676 [main] ERROR BATTLE - 3:JS脚本需要使用js引擎编译，脚本:function unnamed_130(){ with(Math){ return (1*RoleLv*0.94)*(random()*(1.02-0.98)+0.98);}; }
22:43:58.677 [main] ERROR BATTLE - 3:JS脚本需要使用js引擎编译，脚本:function unnamed_16(){ with(Math){ return abs(maindamage)*0.35;}; }
22:43:58.678 [main] ERROR BATTLE - 3:JS脚本需要使用js引擎编译，脚本:function unnamed_18(){ with(Math){ return -magicattacka*0.2;}; }
22:43:58.679 [main] ERROR BATTLE - 3:JS脚本需要使用js引擎编译，脚本:function unnamed_154(){ with(Math){ return _95003_<=6;}; }
22:43:58.680 [main] ERROR BATTLE - 3:JS脚本需要使用js引擎编译，脚本:function unnamed_28(){ with(Math){ return -(magicattacka*1.3-magicdefb+2*gradea)*0.5;}; }
22:43:58.681 [main] ERROR BATTLE - 3:JS脚本需要使用js引擎编译，脚本:function unnamed_36(){ with(Math){ return -(phyattacka*10-defendb+1*gradea+max((phyattacka-phyattackb)*0.05,0));}; }
22:43:58.682 [main] ERROR BATTLE - 3:JS脚本需要使用js引擎编译，脚本:function unnamed_182(){ with(Math){ return _99054_>=1;}; }
22:43:58.684 [main] ERROR BATTLE - 3:JS脚本需要使用js引擎编译，脚本:function unnamed_225(){ with(Math){ return !_508014_;}; }
22:43:58.685 [main] ERROR BATTLE - 3:JS脚本需要使用js引擎编译，脚本:function unnamed_69(){ with(Math){ return gradea*0.87;}; }
22:43:58.686 [main] ERROR BATTLE - 3:JS脚本需要使用js引擎编译，脚本:function unnamed_164(){ with(Math){ return _95003_=4;}; }
22:43:58.687 [main] ERROR BATTLE - 3:JS脚本需要使用js引擎编译，脚本:function unnamed_175(){ with(Math){ return _99047_>=1;}; }
22:43:58.688 [main] ERROR BATTLE - 3:JS脚本需要使用js引擎编译，脚本:function unnamed_181(){ with(Math){ return _99053_>=1;}; }
22:43:58.689 [main] ERROR BATTLE - 3:JS脚本需要使用js引擎编译，脚本:function unnamed_134(){ with(Math){ return (400*MonsterLv*0.011*(MonsterNum*0.083+MasterNum*0.1245)*min(max(1-0.2*floor(abs(MonsterLv-RoleLv)/5),0.1),1)*(1-IsDbPoint)+400*MonsterLv*0.13*(MonsterNum*0.083+MasterNum*0.1245)*min(max(1-0.2*floor(abs(MonsterLv-RoleLv)/5),0.1),1)*IsDbPoint)*(random()*(1.02-0.98)+0.98);}; }
22:43:58.690 [main] ERROR BATTLE - 3:JS脚本需要使用js引擎编译，脚本:function unnamed_176(){ with(Math){ return _99048_>=1;}; }
22:43:58.692 [main] ERROR BATTLE - 3:JS脚本需要使用js引擎编译，脚本:function unnamed_39(){ with(Math){ return -(phyattacka*1.50-defendb+1*skilllevela)*2.5;}; }
22:43:58.693 [main] ERROR BATTLE - 3:JS脚本需要使用js引擎编译，脚本:function unnamed_120(){ with(Math){ return (15)+(TeamNum-1)*15+RoleLv*140;}; }
22:43:58.694 [main] ERROR BATTLE - 3:JS脚本需要使用js引擎编译，脚本:function unnamed_51(){ with(Math){ return -(magicattacka*0.8-magicdefb+2*gradea)*(0.5+0.05*(2-preaimcount));}; }
22:43:58.695 [main] ERROR BATTLE - 3:JS脚本需要使用js引擎编译，脚本:function unnamed_82(){ with(Math){ return gradea*0.14;}; }
22:43:58.696 [main] ERROR BATTLE - 3:JS脚本需要使用js引擎编译，脚本:function unnamed_32(){ with(Math){ return -maxhpb*0.3;}; }
22:43:58.697 [main] ERROR BATTLE - 3:JS脚本需要使用js引擎编译，脚本:function unnamed_54(){ with(Math){ return -(magicattacka*3.5-magicdefb+2*skilllevela)*0.5;}; }
22:43:58.699 [main] ERROR BATTLE - 3:JS脚本需要使用js引擎编译，脚本:function unnamed_95(){ with(Math){ return gradea*0.75;}; }
22:43:58.700 [main] ERROR BATTLE - 3:JS脚本需要使用js引擎编译，脚本:function unnamed_158(){ with(Math){ return _95003_<=10;}; }
22:43:58.701 [main] ERROR BATTLE - 3:JS脚本需要使用js引擎编译，脚本:function unnamed_19(){ with(Math){ return medicala*1.1+3*skilllevela;}; }
22:43:58.702 [main] ERROR BATTLE - 3:JS脚本需要使用js引擎编译，脚本:function unnamed_72(){ with(Math){ return gradea*1.4;}; }
22:43:58.703 [main] ERROR BATTLE - 3:JS脚本需要使用js引擎编译，脚本:function unnamed_139(){ with(Math){ return 105800+floor(RoleLv/10)*440+(200+floor(RoleLv/10)*40*(Ring-1));}; }
22:43:58.704 [main] ERROR BATTLE - 3:JS脚本需要使用js引擎编译，脚本:function unnamed_108(){ with(Math){ return -(phyattacka*1.2-defendb+1*gradea);}; }
22:43:58.705 [main] ERROR BATTLE - 3:JS脚本需要使用js引擎编译，脚本:function unnamed_117(){ with(Math){ return RoleLv*50;}; }
22:43:58.707 [main] ERROR BATTLE - 3:JS脚本需要使用js引擎编译，脚本:function unnamed_155(){ with(Math){ return _95003_<=7;}; }
22:43:58.708 [main] ERROR BATTLE - 3:JS脚本需要使用js引擎编译，脚本:function unnamed_220(){ with(Math){ return !_501402_;}; }
22:43:58.709 [main] ERROR BATTLE - 3:JS脚本需要使用js引擎编译，脚本:function unnamed_21(){ with(Math){ return -(magicattacka*1.3-magicdefb+2*gradea)*0.5*(1.2+(0.6+0.2*skilllevela)*(1-curmpb/maxmpb));}; }
22:43:58.710 [main] ERROR BATTLE - 3:JS脚本需要使用js引擎编译，脚本:function unnamed_116(){ with(Math){ return 1600*RoleLv*0.067*(0.74+0.02*Time)*(random()*(1.02-0.98)+0.98);}; }
22:43:58.711 [main] ERROR BATTLE - 3:JS脚本需要使用js引擎编译，脚本:function unnamed_5(){ with(Math){ return -(phyattacka*1-defendb+1*gradea)*(0.25+0.05*skilllevela);}; }
22:43:58.712 [main] ERROR BATTLE - 3:JS脚本需要使用js引擎编译，脚本:function unnamed_226(){ with(Math){ return !_508008_;}; }
22:43:58.713 [main] ERROR BATTLE - 3:JS脚本需要使用js引擎编译，脚本:function unnamed_210(){ with(Math){ return _94041_>=1;}; }
22:43:58.714 [main] ERROR BATTLE - 3:JS脚本需要使用js引擎编译，脚本:function unnamed_205(){ with(Math){ return _99049_>=5;}; }
22:43:58.715 [main] ERROR BATTLE - 3:JS脚本需要使用js引擎编译，脚本:function unnamed_217(){ with(Math){ return !_508237_;}; }
22:43:58.717 [main] ERROR BATTLE - 3:JS脚本需要使用js引擎编译，脚本:function unnamed_47(){ with(Math){ return -(phyattacka*1.25-defendb+1*gradea+max((phyattacka-phyattackb)*0.25,0));}; }
22:43:58.718 [main] ERROR BATTLE - 3:JS脚本需要使用js引擎编译，脚本:function unnamed_149(){ with(Math){ return _94056_>=4;}; }
22:43:58.719 [main] ERROR BATTLE - 3:JS脚本需要使用js引擎编译，脚本:function unnamed_195(){ with(Math){ return _99058_<1;}; }
22:43:58.720 [main] ERROR BATTLE - 3:JS脚本需要使用js引擎编译，脚本:function unnamed_148(){ with(Math){ return _99039_>=1;}; }
22:43:58.721 [main] ERROR BATTLE - 3:JS脚本需要使用js引擎编译，脚本:function unnamed_187(){ with(Math){ return _99059_>=1;}; }
22:43:58.722 [main] ERROR BATTLE - 3:JS脚本需要使用js引擎编译，脚本:function unnamed_24(){ with(Math){ return 2*skilllevela+50;}; }
22:43:58.723 [main] ERROR BATTLE - 3:JS脚本需要使用js引擎编译，脚本:function unnamed_96(){ with(Math){ return gradea*0.0875;}; }
22:43:58.724 [main] ERROR BATTLE - 3:JS脚本需要使用js引擎编译，脚本:function unnamed_165(){ with(Math){ return _95003_=5;}; }
22:43:58.725 [main] ERROR BATTLE - 3:JS脚本需要使用js引擎编译，脚本:function unnamed_113(){ with(Math){ return -(phyattacka*0.5-defendb+1*gradea);}; }
22:43:58.727 [main] ERROR BATTLE - 3:JS脚本需要使用js引擎编译，脚本:function unnamed_105(){ with(Math){ return gradea*3.5;}; }
22:43:58.728 [main] ERROR BATTLE - 3:JS脚本需要使用js引擎编译，脚本:function unnamed_125(){ with(Math){ return (15)+(TeamNum-1)*15+RoleLv*3;}; }
22:43:58.729 [main] ERROR BATTLE - 3:JS脚本需要使用js引擎编译，脚本:function unnamed_11(){ with(Math){ return -(phyattacka*0.45-defendb+1*skilllevela);}; }
22:43:58.730 [main] ERROR BATTLE - 3:JS脚本需要使用js引擎编译，脚本:function unnamed_112(){ with(Math){ return -(phyattacka*0.65-defendb+1*gradea);}; }
22:43:58.731 [main] ERROR BATTLE - 3:JS脚本需要使用js引擎编译，脚本:function unnamed_137(){ with(Math){ return 500*RoleLv*1.215*(0.88+0.03);}; }
22:43:58.732 [main] ERROR BATTLE - 3:JS脚本需要使用js引擎编译，脚本:function unnamed_171(){ with(Math){ return _99042_>=3;}; }
22:43:58.733 [main] ERROR BATTLE - 3:JS脚本需要使用js引擎编译，脚本:function unnamed_202(){ with(Math){ return _99062_>=3;}; }
22:43:58.735 [main] ERROR BATTLE - 3:JS脚本需要使用js引擎编译，脚本:function unnamed_79(){ with(Math){ return gradea*1;}; }
22:43:58.736 [main] ERROR BATTLE - 3:JS脚本需要使用js引擎编译，脚本:function unnamed_87(){ with(Math){ return gradea*0.378;}; }
22:43:58.737 [main] ERROR BATTLE - 3:JS脚本需要使用js引擎编译，脚本:function unnamed_8(){ with(Math){ return -(magicattacka*1.2-magicdefb+2*skilllevela)*(0.5+0.05*(4-preaimcount));}; }
22:43:58.738 [main] ERROR BATTLE - 3:JS脚本需要使用js引擎编译，脚本:function unnamed_99(){ with(Math){ return gradea*0.3;}; }
22:43:58.739 [main] ERROR BATTLE - 3:JS脚本需要使用js引擎编译，脚本:function unnamed_193(){ with(Math){ return _99056_<1;}; }
22:43:58.740 [main] ERROR BATTLE - 3:JS脚本需要使用js引擎编译，脚本:function unnamed_88(){ with(Math){ return gradea*0.875;}; }
22:43:58.741 [main] ERROR BATTLE - 3:JS脚本需要使用js引擎编译，脚本:function unnamed_67(){ with(Math){ return gradea*0.32;}; }
22:43:58.743 [main] ERROR BATTLE - 3:JS脚本需要使用js引擎编译，脚本:function unnamed_224(){ with(Math){ return _503001_;}; }
22:43:58.744 [main] ERROR BATTLE - 3:JS脚本需要使用js引擎编译，脚本:function unnamed_52(){ with(Math){ return -(phyattacka*0.55-defendb+1*gradea);}; }
22:43:58.745 [main] ERROR BATTLE - 3:JS脚本需要使用js引擎编译，脚本:function unnamed_152(){ with(Math){ return _95003_<=4;}; }
22:43:58.746 [main] ERROR BATTLE - 3:JS脚本需要使用js引擎编译，脚本:function unnamed_198(){ with(Math){ return _99061_<1;}; }
22:43:58.748 [main] ERROR BATTLE - 3:JS脚本需要使用js引擎编译，脚本:function unnamed_223(){ with(Math){ return _509081_;}; }
22:43:58.749 [main] ERROR BATTLE - 3:JS脚本需要使用js引擎编译，脚本:function unnamed_38(){ with(Math){ return -(phyattacka*1.45-defendb+1*skilllevela)*2.5;}; }
22:43:58.750 [main] ERROR BATTLE - 3:JS脚本需要使用js引擎编译，脚本:function unnamed_203(){ with(Math){ return _99066_>=1;}; }
22:43:58.751 [main] ERROR BATTLE - 3:JS脚本需要使用js引擎编译，脚本:function unnamed_221(){ with(Math){ return !_508002_;}; }
22:43:58.752 [main] ERROR BATTLE - 3:JS脚本需要使用js引擎编译，脚本:function unnamed_65(){ with(Math){ return gradea*0.28;}; }
22:43:58.753 [main] ERROR BATTLE - 3:JS脚本需要使用js引擎编译，脚本:function unnamed_201(){ with(Math){ return _99062_>=2;}; }
22:43:58.754 [main] ERROR BATTLE - 3:JS脚本需要使用js引擎编译，脚本:function unnamed_94(){ with(Math){ return gradea*0.075;}; }
22:43:58.756 [main] ERROR BATTLE - 3:JS脚本需要使用js引擎编译，脚本:function unnamed_90(){ with(Math){ return gradea*0.05;}; }
22:43:58.758 [main] ERROR BATTLE - 3:JS脚本需要使用js引擎编译，脚本:function unnamed_44(){ with(Math){ return -magicattacka*2.2;}; }
22:43:58.759 [main] ERROR BATTLE - 3:JS脚本需要使用js引擎编译，脚本:function unnamed_46(){ with(Math){ return -(phyattacka*0.45-defendb+1*gradea);}; }
22:43:58.760 [main] ERROR BATTLE - 3:JS脚本需要使用js引擎编译，脚本:function unnamed_111(){ with(Math){ return 0.35*maxhpb;}; }
22:43:58.761 [main] ERROR BATTLE - 3:JS脚本需要使用js引擎编译，脚本:function unnamed_121(){ with(Math){ return (15)+(TeamNum-1)*15+RoleLv*150;}; }
22:43:58.762 [main] ERROR BATTLE - 3:JS脚本需要使用js引擎编译，脚本:function unnamed_142(){ with(Math){ return _94019_<1;}; }
22:43:58.763 [main] ERROR BATTLE - 3:JS脚本需要使用js引擎编译，脚本:function unnamed_188(){ with(Math){ return _99060_>=1;}; }
22:43:58.765 [main] ERROR BATTLE - 3:JS脚本需要使用js引擎编译，脚本:function unnamed_191(){ with(Math){ return _99054_<1;}; }
22:43:58.766 [main] ERROR BATTLE - 3:JS脚本需要使用js引擎编译，脚本:function unnamed_212(){ with(Math){ return _99074_>=1;}; }
22:43:58.767 [main] ERROR BATTLE - 3:JS脚本需要使用js引擎编译，脚本:function unnamed_166(){ with(Math){ return _95003_=6;}; }
22:43:58.768 [main] ERROR BATTLE - 3:JS脚本需要使用js引擎编译，脚本:function unnamed_162(){ with(Math){ return _97001_>=4;}; }
22:43:58.769 [main] ERROR BATTLE - 3:JS脚本需要使用js引擎编译，脚本:function unnamed_126(){ with(Math){ return (15)+(TeamNum-1)*15+RoleLv*4;}; }
22:43:58.771 [main] ERROR BATTLE - 3:JS脚本需要使用js引擎编译，脚本:function unnamed_9(){ with(Math){ return 0.7+0.002*(skilllevela-gradeb)+(enhanceseala-resistsealb);}; }
22:43:58.772 [main] ERROR BATTLE - 3:JS脚本需要使用js引擎编译，脚本:function unnamed_12(){ with(Math){ return 16*skilllevela;}; }
22:43:58.775 [main] ERROR BATTLE - 3:JS脚本需要使用js引擎编译，脚本:function unnamed_204(){ with(Math){ return _99067_>=1;}; }
22:43:58.776 [main] ERROR BATTLE - 3:JS脚本需要使用js引擎编译，脚本:function unnamed_219(){ with(Math){ return !_503001_;}; }
22:43:58.777 [main] ERROR BATTLE - 3:JS脚本需要使用js引擎编译，脚本:function unnamed_59(){ with(Math){ return gradea*0.16;}; }
22:43:58.778 [main] ERROR BATTLE - 3:JS脚本需要使用js引擎编译，脚本:function unnamed_118(){ with(Math){ return (15)+(TeamNum-1)*15+RoleLv*100;}; }
22:43:58.779 [main] ERROR BATTLE - 3:JS脚本需要使用js引擎编译，脚本:function unnamed_214(){ with(Math){ return _501901_;}; }
22:43:58.780 [main] ERROR BATTLE - 3:JS脚本需要使用js引擎编译，脚本:function unnamed_189(){ with(Math){ return _99061_>=1;}; }
22:43:58.782 [main] ERROR BATTLE - 3:JS脚本需要使用js引擎编译，脚本:function unnamed_30(){ with(Math){ return -maxhpb*0.1;}; }
22:43:58.783 [main] ERROR BATTLE - 3:JS脚本需要使用js引擎编译，脚本:function unnamed_216(){ with(Math){ return !_508236_;}; }
22:43:58.784 [main] ERROR BATTLE - 3:JS脚本需要使用js引擎编译，脚本:function unnamed_62(){ with(Math){ return gradea*0.125;}; }
22:43:58.785 [main] ERROR BATTLE - 3:JS脚本需要使用js引擎编译，脚本:function unnamed_163(){ with(Math){ return _99040_>=2;}; }
22:43:58.786 [main] ERROR BATTLE - 3:JS脚本需要使用js引擎编译，脚本:function unnamed_81(){ with(Math){ return gradea*1.2;}; }
22:43:58.787 [main] ERROR BATTLE - 3:JS脚本需要使用js引擎编译，脚本:function unnamed_153(){ with(Math){ return _95003_<=5;}; }
22:43:58.788 [main] ERROR BATTLE - 3:JS脚本需要使用js引擎编译，脚本:function unnamed_170(){ with(Math){ return _99041_>=3;}; }
22:43:58.789 [main] ERROR BATTLE - 3:JS脚本需要使用js引擎编译，脚本:function unnamed_173(){ with(Math){ return _99044_<1;}; }
22:43:58.790 [main] ERROR BATTLE - 3:JS脚本需要使用js引擎编译，脚本:function unnamed_200(){ with(Math){ return _99062_>=1;}; }
22:43:58.792 [main] ERROR BATTLE - 3:JS脚本需要使用js引擎编译，脚本:function unnamed_159(){ with(Math){ return _96232_>=1;}; }
22:43:58.793 [main] ERROR BATTLE - 3:JS脚本需要使用js引擎编译，脚本:function unnamed_4(){ with(Math){ return 0.15*maxhpb;}; }
22:43:58.794 [main] ERROR BATTLE - 3:JS脚本需要使用js引擎编译，脚本:function unnamed_78(){ with(Math){ return gradea*0.08;}; }
22:43:58.795 [main] ERROR BATTLE - 3:JS脚本需要使用js引擎编译，脚本:function unnamed_3(){ with(Math){ return -(phyattacka*0.55-defendb+1*skilllevela);}; }
22:43:58.796 [main] ERROR BATTLE - 3:JS脚本需要使用js引擎编译，脚本:function unnamed_77(){ with(Math){ return gradea*0.0014;}; }
22:43:58.797 [main] ERROR BATTLE - 3:JS脚本需要使用js引擎编译，脚本:function unnamed_133(){ with(Math){ return 3000*RoleLv;}; }
22:43:58.798 [main] ERROR BATTLE - 3:JS脚本需要使用js引擎编译，脚本:function unnamed_76(){ with(Math){ return gradea*0.001225;}; }
22:43:58.800 [main] ERROR BATTLE - 3:JS脚本需要使用js引擎编译，脚本:function unnamed_86(){ with(Math){ return gradea*0.3375;}; }
22:43:58.801 [main] ERROR BATTLE - 3:JS脚本需要使用js引擎编译，脚本:function unnamed_167(){ with(Math){ return _95003_=7;}; }
22:43:58.802 [main] ERROR BATTLE - 3:JS脚本需要使用js引擎编译，脚本:function unnamed_15(){ with(Math){ return -(magicattacka*1.8-magicdefb+2*skilllevela)*(0.5+0.05*(4-preaimcount));}; }
22:43:58.803 [main] ERROR BATTLE - 3:JS脚本需要使用js引擎编译，脚本:function unnamed_50(){ with(Math){ return -(magicattacka*0.5-magicdefb+2*gradea)*(0.5+0.05*(2-preaimcount));}; }
22:43:58.804 [main] ERROR BATTLE - 3:JS脚本需要使用js引擎编译，脚本:function unnamed_123(){ with(Math){ return (15)+(TeamNum-1)*15+RoleLv*1;}; }
22:43:58.805 [main] ERROR BATTLE - 3:JS脚本需要使用js引擎编译，脚本:function unnamed_103(){ with(Math){ return gradea*3;}; }
22:43:58.807 [main] ERROR BATTLE - 3:JS脚本需要使用js引擎编译，脚本:function unnamed_13(){ with(Math){ return ((medicala*0.5+skilllevela*1.4)+abs(maindamage)*0.1)*(1+healrevisea)*(1+medicaljiashena/1000);}; }
22:43:58.808 [main] ERROR BATTLE - 3:JS脚本需要使用js引擎编译，脚本:function unnamed_71(){ with(Math){ return gradea*1.22;}; }
22:43:58.809 [main] ERROR BATTLE - 3:JS脚本需要使用js引擎编译，脚本:function unnamed_138(){ with(Math){ return Ring+3;}; }
22:43:58.810 [main] ERROR BATTLE - 3:JS脚本需要使用js引擎编译，脚本:function unnamed_60(){ with(Math){ return gradea*0.1;}; }
22:43:58.811 [main] ERROR BATTLE - 3:JS脚本需要使用js引擎编译，脚本:function unnamed_180(){ with(Math){ return _94014_>=7;}; }
22:43:58.812 [main] ERROR BATTLE - 3:JS脚本需要使用js引擎编译，脚本:function unnamed_147(){ with(Math){ return _99038_>=1;}; }
22:43:58.814 [main] ERROR BATTLE - 3:JS脚本需要使用js引擎编译，脚本:function unnamed_186(){ with(Math){ return _99058_>=1;}; }
22:43:58.815 [main] ERROR BATTLE - 3:JS脚本需要使用js引擎编译，脚本:function unnamed_115(){ with(Math){ return (15)+(TeamNum-1)*15+RoleLv*160;}; }
22:43:58.816 [main] ERROR BATTLE - 3:JS脚本需要使用js引擎编译，脚本:function unnamed_34(){ with(Math){ return -maxhpb*0.6;}; }
22:43:58.817 [main] ERROR BATTLE - 3:JS脚本需要使用js引擎编译，脚本:function unnamed_215(){ with(Math){ return _501402_;}; }
22:43:58.818 [main] ERROR BATTLE - 3:JS脚本需要使用js引擎编译，脚本:function unnamed_150(){ with(Math){ return _95003_<=2;}; }
22:43:58.820 [main] ERROR BATTLE - 3:JS脚本需要使用js引擎编译，脚本:function unnamed_0(){ with(Math){ return -(phyattacka*1.3-defendb+1*skilllevela);}; }
22:43:58.821 [main] ERROR BATTLE - 3:JS脚本需要使用js引擎编译，脚本:function unnamed_66(){ with(Math){ return gradea*0.175;}; }
22:43:58.822 [main] ERROR BATTLE - 3:JS脚本需要使用js引擎编译，脚本:function unnamed_55(){ with(Math){ return -(phyattacka*1-defendb+7*gradea);}; }
22:43:58.823 [main] ERROR BATTLE - 3:JS脚本需要使用js引擎编译，脚本:function unnamed_22(){ with(Math){ return medicala+1.2*skilllevela;}; }
22:43:58.824 [main] ERROR BATTLE - 3:JS脚本需要使用js引擎编译，脚本:function unnamed_222(){ with(Math){ return !_508006_;}; }
22:43:58.825 [main] ERROR BATTLE - 3:JS脚本需要使用js引擎编译，脚本:function unnamed_41(){ with(Math){ return -(phyattacka*1.60-defendb+1*skilllevela)*2.5;}; }
22:43:58.827 [main] ERROR BATTLE - 3:JS脚本需要使用js引擎编译，脚本:function unnamed_136(){ with(Math){ return RoleLv*200;}; }
22:43:58.828 [main] ERROR BATTLE - 3:JS脚本需要使用js引擎编译，脚本:function unnamed_7(){ with(Math){ return 9*skilllevela;}; }
22:43:58.829 [main] ERROR BATTLE - 3:JS脚本需要使用js引擎编译，脚本:function unnamed_192(){ with(Math){ return _99055_<1;}; }
22:43:58.831 [main] ERROR BATTLE - 3:JS脚本需要使用js引擎编译，脚本:function unnamed_101(){ with(Math){ return gradea*0.45;}; }
22:43:58.832 [main] ERROR BATTLE - 3:JS脚本需要使用js引擎编译，脚本:function unnamed_6(){ with(Math){ return -(phyattacka*1.45-defendb+1*skilllevela);}; }
22:43:58.833 [main] ERROR BATTLE - 3:JS脚本需要使用js引擎编译，脚本:function unnamed_53(){ with(Math){ return abs(maindamage)*0.20;}; }
22:43:58.834 [main] ERROR BATTLE - 3:JS脚本需要使用js引擎编译，脚本:function unnamed_92(){ with(Math){ return gradea*0.0625;}; }
22:43:58.835 [main] ERROR BATTLE - 3:JS脚本需要使用js引擎编译，脚本:function unnamed_177(){ with(Math){ return _94056_>=3;}; }
22:43:58.836 [main] ERROR BATTLE - 3:JS脚本需要使用js引擎编译，脚本:function unnamed_104(){ with(Math){ return gradea*3.25;}; }
22:43:58.836 [main] ERROR BATTLE - 3:JS脚本需要使用js引擎编译，脚本:function unnamed_25(){ with(Math){ return 0.7*maxhpb;}; }
22:43:58.837 [main] ERROR BATTLE - 3:JS脚本需要使用js引擎编译，脚本:function unnamed_1(){ with(Math){ return -(phyattacka*1.35-defendb+1*skilllevela);}; }
22:43:58.838 [main] ERROR BATTLE - 3:JS脚本需要使用js引擎编译，脚本:function unnamed_124(){ with(Math){ return (15)+(TeamNum-1)*15+RoleLv*2;}; }
22:43:58.839 [main] ERROR BATTLE - 3:JS脚本需要使用js引擎编译，脚本:function unnamed_168(){ with(Math){ return _95003_=8;}; }
22:43:58.840 [main] ERROR BATTLE - 3:JS脚本需要使用js引擎编译，脚本:function unnamed_45(){ with(Math){ return -magicattacka*1.6;}; }
22:43:58.841 [main] ERROR BATTLE - 3:JS脚本需要使用js引擎编译，脚本:function unnamed_89(){ with(Math){ return gradea*1.225;}; }
22:43:58.842 [main] ERROR BATTLE - 3:JS脚本需要使用js引擎编译，脚本:function unnamed_146(){ with(Math){ return _99037_>=1;}; }
22:43:58.844 [main] ERROR BATTLE - 3:JS脚本需要使用js引擎编译，脚本:function unnamed_10(){ with(Math){ return gradea*2;}; }
22:43:58.845 [main] ERROR BATTLE - 3:JS脚本需要使用js引擎编译，脚本:function unnamed_35(){ with(Math){ return -maxhpb*0.7;}; }
22:43:58.846 [main] ERROR BATTLE - 3:JS脚本需要使用js引擎编译，脚本:function unnamed_61(){ with(Math){ return gradea*0.2;}; }
22:43:58.847 [main] ERROR BATTLE - 3:JS脚本需要使用js引擎编译，脚本:function unnamed_114(){ with(Math){ return -magicattacka*0.7;}; }
22:43:58.848 [main] ERROR BATTLE - 3:JS脚本需要使用js引擎编译，脚本:function unnamed_85(){ with(Math){ return gradea*0.2835;}; }
22:43:58.849 [main] ERROR BATTLE - 3:JS脚本需要使用js引擎编译，脚本:function unnamed_57(){ with(Math){ return 10+gradea;}; }
22:43:58.851 [main] ERROR BATTLE - 3:JS脚本需要使用js引擎编译，脚本:function unnamed_145(){ with(Math){ return _99036_>=1;}; }
22:43:58.852 [main] ERROR BATTLE - 3:JS脚本需要使用js引擎编译，脚本:function unnamed_151(){ with(Math){ return _95003_<=3;}; }
22:43:58.853 [main] ERROR BATTLE - 3:JS脚本需要使用js引擎编译，脚本:function unnamed_106(){ with(Math){ return gradea*3.75;}; }
22:43:58.854 [main] ERROR BATTLE - 3:JS脚本需要使用js引擎编译，脚本:function unnamed_160(){ with(Math){ return _96234_>=1;}; }
22:43:58.862 [main] ERROR BATTLE - 3:JS脚本需要使用js引擎编译，脚本:function unnamed_178(){ with(Math){ return _99049_>=1;}; }
22:43:58.863 [main] ERROR BATTLE - 3:JS脚本需要使用js引擎编译，脚本:function unnamed_84(){ with(Math){ return gradea*0.2362;}; }
22:43:58.864 [main] ERROR BATTLE - 3:JS脚本需要使用js引擎编译，脚本:function unnamed_197(){ with(Math){ return _99060_<1;}; }
22:43:58.866 [main] ERROR BATTLE - 3:JS脚本需要使用js引擎编译，脚本:function unnamed_14(){ with(Math){ return ((medicala*0.2+skilllevela*1.2)+abs(maindamage)*0.08)*(1+healrevisea)*(1+medicaljiashena/1000);}; }
22:43:58.867 [main] ERROR BATTLE - 3:JS脚本需要使用js引擎编译，脚本:function unnamed_42(){ with(Math){ return -(phyattacka*1.10-defendb+1*skilllevela)*2.5;}; }
22:43:58.868 [main] ERROR BATTLE - 3:JS脚本需要使用js引擎编译，脚本:function unnamed_194(){ with(Math){ return _99057_<1;}; }
22:43:58.869 [main] ERROR BATTLE - 3:JS脚本需要使用js引擎编译，脚本:function unnamed_211(){ with(Math){ return _99065_>=3;}; }
22:43:58.870 [main] ERROR BATTLE - 3:JS脚本需要使用js引擎编译，脚本:function unnamed_131(){ with(Math){ return (1*RoleLv*1.3)*(random()*(1.02-0.98)+0.98);}; }
22:43:58.871 [main] ERROR BATTLE - 3:JS脚本需要使用js引擎编译，脚本:function unnamed_27(){ with(Math){ return 10+1.3*skilllevela;}; }
22:43:58.872 [main] ERROR BATTLE - 3:JS脚本需要使用js引擎编译，脚本:function unnamed_128(){ with(Math){ return RoleLv*1.7+20;}; }
22:43:58.874 [main] ERROR BATTLE - 3:JS脚本需要使用js引擎编译，脚本:function unnamed_169(){ with(Math){ return _95003_=9;}; }
22:43:58.875 [main] ERROR BATTLE - 3:JS脚本需要使用js引擎编译，脚本:function unnamed_135(){ with(Math){ return (400*MonsterLv*0.017*(MonsterNum*0.083+MasterNum*0.1245)*min(max(1-0.2*floor(abs(MonsterLv-RoleLv)/5),0.1),1)*(1-IsDbPoint)+400*MonsterLv*0.13*(MonsterNum*0.083+MasterNum*0.1245)*min(max(1-0.2*floor(abs(MonsterLv-RoleLv)/5),0.1),1)*IsDbPoint)*(random()*(1.02-0.98)+0.98);}; }
22:43:58.876 [main] ERROR BATTLE - 3:JS脚本需要使用js引擎编译，脚本:function unnamed_20(){ with(Math){ return medicala+3*skilllevela*2;}; }
22:43:58.878 [main] ERROR BATTLE - 3:JS脚本需要使用js引擎编译，脚本:function unnamed_68(){ with(Math){ return gradea*0.7;}; }
22:43:58.879 [main] ERROR BATTLE - 3:JS脚本需要使用js引擎编译，脚本:function unnamed_43(){ with(Math){ return -magicattacka*3;}; }
22:43:58.880 [main] ERROR BATTLE - 3:JS脚本需要使用js引擎编译，脚本:function unnamed_172(){ with(Math){ return _99043_>=1;}; }
22:43:58.884 [main] ERROR BATTLE - 3:JS脚本需要使用js引擎编译，脚本:function unnamed_196(){ with(Math){ return _99059_<1;}; }
22:43:58.885 [main] ERROR BATTLE - 3:JS脚本需要使用js引擎编译，脚本:function unnamed_207(){ with(Math){ return _99071_>=1;}; }
22:43:58.887 [main] ERROR BATTLE - 3:JS脚本需要使用js引擎编译，脚本:function unnamed_93(){ with(Math){ return gradea*0.625;}; }
22:43:58.888 [main] ERROR BATTLE - 3:JS脚本需要使用js引擎编译，脚本:function unnamed_83(){ with(Math){ return gradea*0.189;}; }
22:43:58.889 [main] ERROR BATTLE - 3:JS脚本需要使用js引擎编译，脚本:function unnamed_119(){ with(Math){ return (15)+(TeamNum-1)*15+RoleLv*120;}; }
22:43:58.890 [main] ERROR BATTLE - 3:JS脚本需要使用js引擎编译，脚本:function unnamed_33(){ with(Math){ return -maxhpb*0.4;}; }
22:43:58.892 [main] ERROR BATTLE - 3:JS脚本需要使用js引擎编译，脚本:function unnamed_227(){ with(Math){ return 1*TeamNum+5;}; }
22:43:58.893 [main] ERROR BATTLE - 3:JS脚本需要使用js引擎编译，脚本:function unnamed_174(){ with(Math){ return _99045_<1;}; }
22:43:58.894 [main] ERROR BATTLE - 3:JS脚本需要使用js引擎编译，脚本:function unnamed_74(){ with(Math){ return gradea*0.000875;}; }
22:43:58.895 [main] ERROR BATTLE - 3:JS脚本需要使用js引擎编译，脚本:function unnamed_156(){ with(Math){ return _95003_<=8;}; }
22:43:58.896 [main] ERROR BATTLE - 3:JS脚本需要使用js引擎编译，脚本:function unnamed_37(){ with(Math){ return -(phyattacka*1.40-defendb+1*skilllevela)*2.5;}; }
22:43:58.897 [main] ERROR BATTLE - 3:JS脚本需要使用js引擎编译，脚本:function unnamed_199(){ with(Math){ return _96001_/_96002_<0.1;}; }
22:43:58.898 [main] ERROR BATTLE - 3:JS脚本需要使用js引擎编译，脚本:function unnamed_209(){ with(Math){ return _99072_<1;}; }
22:43:58.900 [main] ERROR BATTLE - 3:JS脚本需要使用js引擎编译，脚本:function unnamed_23(){ with(Math){ return (medicala+1.2*skilllevela)*0.4;}; }
22:43:58.901 [main] ERROR BATTLE - 3:JS脚本需要使用js引擎编译，脚本:function unnamed_70(){ with(Math){ return gradea*1.05;}; }
22:43:58.902 [main] ERROR BATTLE - 3:JS脚本需要使用js引擎编译，脚本:function unnamed_63(){ with(Math){ return gradea*0.24;}; }
22:43:58.903 [main] ERROR BATTLE - 3:JS脚本需要使用js引擎编译，脚本:function unnamed_98(){ with(Math){ return gradea*0.85;}; }
22:43:58.904 [main] ERROR BATTLE - 3:JS脚本需要使用js引擎编译，脚本:function unnamed_144(){ with(Math){ return _94056_>=1;}; }
22:43:58.905 [main] ERROR BATTLE - 3:JS脚本需要使用js引擎编译，脚本:function unnamed_141(){ with(Math){ return (500*RoleLv*0.05)*(random()*(1.02-0.98)+0.98)*0.5;}; }
22:43:58.907 [main] ERROR BATTLE - 3:JS脚本需要使用js引擎编译，脚本:function unnamed_143(){ with(Math){ return _99065_>=4;}; }
22:43:58.914 [main] ERROR BATTLE - 3:JS脚本需要使用js引擎编译，脚本:function unnamed_185(){ with(Math){ return _99057_>=1;}; }
22:43:58.915 [main] ERROR BATTLE - 3:JS脚本需要使用js引擎编译，脚本:function unnamed_107(){ with(Math){ return gradea*4;}; }
22:43:58.916 [main] ERROR BATTLE - 3:JS脚本需要使用js引擎编译，脚本:function unnamed_206(){ with(Math){ return _99068_>=1;}; }
22:43:58.917 [main] ERROR BATTLE - 3:JS脚本需要使用js引擎编译，脚本:function unnamed_58(){ with(Math){ return -(magicattacka*1.2-magicdefb+2*gradea)*(0.5+0.05*(2-preaimcount));}; }
22:43:58.918 [main] ERROR BATTLE - 3:JS脚本需要使用js引擎编译，脚本:function unnamed_100(){ with(Math){ return gradea*0.375;}; }
22:43:58.919 [main] ERROR BATTLE - 3:JS脚本需要使用js引擎编译，脚本:function unnamed_56(){ with(Math){ return -(magicattacka*3.5-magicdefb+2*skilllevela)*0.3;}; }
22:43:58.920 [main] ERROR BATTLE - 3:JS脚本需要使用js引擎编译，脚本:function unnamed_26(){ with(Math){ return -(speeda*0.1+7*skilllevela)*1.1;}; }
22:43:58.922 [main] ERROR BATTLE - 3:JS脚本需要使用js引擎编译，脚本:function unnamed_75(){ with(Math){ return gradea*0.00105;}; }
22:43:58.923 [main] ERROR BATTLE - 3:JS脚本需要使用js引擎编译，脚本:function unnamed_80(){ with(Math){ return gradea*0.12;}; }
22:43:58.924 [main] ERROR BATTLE - 3:JS脚本需要使用js引擎编译，脚本:function unnamed_40(){ with(Math){ return -(phyattacka*1.55-defendb+1*skilllevela)*2.5;}; }
22:43:58.925 [main] ERROR BATTLE - 3:JS脚本需要使用js引擎编译，脚本:function unnamed_157(){ with(Math){ return _95003_<=9;}; }
22:43:58.926 [main] ERROR BATTLE - 3:JS脚本需要使用js引擎编译，脚本:function unnamed_140(){ with(Math){ return (5000*RoleLv*0.05)*(random()*(1.02-0.98)+0.98)*(1-min(5-TeamNum,2)*0.15);}; }
22:43:58.928 [main] ERROR BATTLE - 3:JS脚本需要使用js引擎编译，脚本:function unnamed_184(){ with(Math){ return _99056_>=1;}; }
22:43:58.929 [main] ERROR BATTLE - 3:JS脚本需要使用js引擎编译，脚本:function unnamed_122(){ with(Math){ return RoleLv*10;}; }
22:43:58.930 [main] ERROR BATTLE - 3:JS脚本需要使用js引擎编译，脚本:function unnamed_48(){ with(Math){ return -(phyattacka*2-defendb+1*gradea);}; }
22:43:58.931 [main] ERROR BATTLE - 3:JS脚本需要使用js引擎编译，脚本:function unnamed_110(){ with(Math){ return 0.3*maxhpb;}; }
22:43:58.932 [main] ERROR BATTLE - 3:JS脚本需要使用js引擎编译，脚本:function unnamed_2(){ with(Math){ return -(phyattacka*0.65-defendb+1*skilllevela);}; }
22:43:58.933 [main] ERROR BATTLE - 3:JS脚本需要使用js引擎编译，脚本:function unnamed_109(){ with(Math){ return 0.05*maxhpb;}; }
22:43:58.934 [main] ERROR BATTLE - 3:JS脚本需要使用js引擎编译，脚本:function unnamed_208(){ with(Math){ return _99070_==1;}; }
22:43:58.936 [main] ERROR BATTLE - 3:JS脚本需要使用js引擎编译，脚本:function unnamed_179(){ with(Math){ return _99052_>=1;}; }
22:43:58.937 [main] ERROR BATTLE - 3:JS脚本需要使用js引擎编译，脚本:function unnamed_29(){ with(Math){ return -(magicattacka*1.8-magicdefb+2*gradea)*0.5;}; }
22:43:58.938 [main] ERROR BATTLE - 3:JS脚本需要使用js引擎编译，脚本:function unnamed_218(){ with(Math){ return !_509951_;}; }
22:43:58.939 [main] ERROR BATTLE - 3:JS脚本需要使用js引擎编译，脚本:function unnamed_213(){ with(Math){ return _502003_;}; }
22:43:58.940 [main] ERROR BATTLE - 3:JS脚本需要使用js引擎编译，脚本:function unnamed_132(){ with(Math){ return 2000*RoleLv;}; }
22:43:58.941 [main] ERROR BATTLE - 3:JS脚本需要使用js引擎编译，脚本:function unnamed_97(){ with(Math){ return gradea*0.65;}; }
22:43:58.942 [main] ERROR BATTLE - 3:JS脚本需要使用js引擎编译，脚本:function unnamed_161(){ with(Math){ return _95003_=3;}; }
22:43:58.944 [main] ERROR BATTLE - 3:JS脚本需要使用js引擎编译，脚本:function unnamed_183(){ with(Math){ return _99055_>=1;}; }
22:43:58.945 [main] ERROR BATTLE - 3:JS脚本需要使用js引擎编译，脚本:function unnamed_129(){ with(Math){ return (1*RoleLv*11)*(random()*(1.02-0.98)+0.98);}; }
22:43:58.946 [main] ERROR BATTLE - 3:JS脚本需要使用js引擎编译，脚本:function unnamed_17(){ with(Math){ return abs(maindamage)*1;}; }
22:43:58.947 [main] ERROR BATTLE - 3:JS脚本需要使用js引擎编译，脚本:function unnamed_49(){ with(Math){ return phyattacka*1.25-defendb+1*gradea;}; }
22:43:58.948 [main] ERROR BATTLE - 3:JS脚本需要使用js引擎编译，脚本:function unnamed_127(){ with(Math){ return (15)+(TeamNum-1)*15+RoleLv*5;}; }
22:43:58.949 [main] ERROR BATTLE - 3:JS脚本需要使用js引擎编译，脚本:function unnamed_73(){ with(Math){ return gradea*0.0007;}; }
22:43:58.950 [main] ERROR BATTLE - 3:JS脚本需要使用js引擎编译，脚本:function unnamed_91(){ with(Math){ return gradea*0.5;}; }
22:43:58.952 [main] ERROR BATTLE - 3:JS脚本需要使用js引擎编译，脚本:function unnamed_64(){ with(Math){ return gradea*0.15;}; }
22:43:58.953 [main] ERROR BATTLE - 3:JS脚本需要使用js引擎编译，脚本:function unnamed_190(){ with(Math){ return _99053_<1;}; }
22:43:58.954 [main] ERROR BATTLE - 3:JS脚本需要使用js引擎编译，脚本:function unnamed_102(){ with(Math){ return gradea*0.525;}; }
22:43:58.955 [main] ERROR BATTLE - 3:JS脚本需要使用js引擎编译，脚本:function unnamed_31(){ with(Math){ return -maxhpb*0.2;}; }
22:43:58.956 [main] ERROR BATTLE - 3:JS脚本需要使用js引擎编译，脚本:function unnamed_130(){ with(Math){ return (1*RoleLv*0.94)*(random()*(1.02-0.98)+0.98);}; }
22:43:58.957 [main] ERROR BATTLE - 3:JS脚本需要使用js引擎编译，脚本:function unnamed_16(){ with(Math){ return abs(maindamage)*0.35;}; }
22:43:58.959 [main] ERROR BATTLE - 3:JS脚本需要使用js引擎编译，脚本:function unnamed_18(){ with(Math){ return -magicattacka*0.2;}; }
22:43:58.960 [main] ERROR BATTLE - 3:JS脚本需要使用js引擎编译，脚本:function unnamed_154(){ with(Math){ return _95003_<=6;}; }
22:43:58.961 [main] ERROR BATTLE - 3:JS脚本需要使用js引擎编译，脚本:function unnamed_28(){ with(Math){ return -(magicattacka*1.3-magicdefb+2*gradea)*0.5;}; }
22:43:58.962 [main] ERROR BATTLE - 3:JS脚本需要使用js引擎编译，脚本:function unnamed_36(){ with(Math){ return -(phyattacka*10-defendb+1*gradea+max((phyattacka-phyattackb)*0.05,0));}; }
22:43:58.963 [main] ERROR BATTLE - 3:JS脚本需要使用js引擎编译，脚本:function unnamed_182(){ with(Math){ return _99054_>=1;}; }
22:43:58.964 [main] ERROR BATTLE - 3:JS脚本需要使用js引擎编译，脚本:function unnamed_225(){ with(Math){ return !_508014_;}; }
22:43:58.965 [main] ERROR BATTLE - 3:JS脚本需要使用js引擎编译，脚本:function unnamed_69(){ with(Math){ return gradea*0.87;}; }
22:43:58.966 [main] ERROR BATTLE - 3:JS脚本需要使用js引擎编译，脚本:function unnamed_164(){ with(Math){ return _95003_=4;}; }
22:43:58.967 [main] ERROR BATTLE - 3:JS脚本需要使用js引擎编译，脚本:function unnamed_175(){ with(Math){ return _99047_>=1;}; }
22:43:58.969 [main] ERROR BATTLE - 3:JS脚本需要使用js引擎编译，脚本:function unnamed_181(){ with(Math){ return _99053_>=1;}; }
22:43:58.970 [main] ERROR BATTLE - 3:JS脚本需要使用js引擎编译，脚本:function unnamed_134(){ with(Math){ return (400*MonsterLv*0.011*(MonsterNum*0.083+MasterNum*0.1245)*min(max(1-0.2*floor(abs(MonsterLv-RoleLv)/5),0.1),1)*(1-IsDbPoint)+400*MonsterLv*0.13*(MonsterNum*0.083+MasterNum*0.1245)*min(max(1-0.2*floor(abs(MonsterLv-RoleLv)/5),0.1),1)*IsDbPoint)*(random()*(1.02-0.98)+0.98);}; }
22:43:58.971 [main] ERROR BATTLE - 3:JS脚本需要使用js引擎编译，脚本:function unnamed_176(){ with(Math){ return _99048_>=1;}; }
22:43:58.972 [main] ERROR BATTLE - 3:JS脚本需要使用js引擎编译，脚本:function unnamed_39(){ with(Math){ return -(phyattacka*1.50-defendb+1*skilllevela)*2.5;}; }
22:43:58.974 [main] ERROR BATTLE - 3:JS脚本需要使用js引擎编译，脚本:function unnamed_120(){ with(Math){ return (15)+(TeamNum-1)*15+RoleLv*140;}; }
22:43:58.975 [main] ERROR BATTLE - 3:JS脚本需要使用js引擎编译，脚本:function unnamed_51(){ with(Math){ return -(magicattacka*0.8-magicdefb+2*gradea)*(0.5+0.05*(2-preaimcount));}; }
22:43:58.976 [main] ERROR BATTLE - 3:JS脚本需要使用js引擎编译，脚本:function unnamed_82(){ with(Math){ return gradea*0.14;}; }
22:43:58.977 [main] ERROR BATTLE - 3:JS脚本需要使用js引擎编译，脚本:function unnamed_32(){ with(Math){ return -maxhpb*0.3;}; }
22:43:58.979 [main] ERROR BATTLE - 3:JS脚本需要使用js引擎编译，脚本:function unnamed_54(){ with(Math){ return -(magicattacka*3.5-magicdefb+2*skilllevela)*0.5;}; }
22:43:58.980 [main] ERROR BATTLE - 3:JS脚本需要使用js引擎编译，脚本:function unnamed_95(){ with(Math){ return gradea*0.75;}; }
22:43:58.981 [main] ERROR BATTLE - 3:JS脚本需要使用js引擎编译，脚本:function unnamed_158(){ with(Math){ return _95003_<=10;}; }
22:43:58.982 [main] ERROR BATTLE - 3:JS脚本需要使用js引擎编译，脚本:function unnamed_19(){ with(Math){ return medicala*1.1+3*skilllevela;}; }
22:43:58.983 [main] ERROR BATTLE - 3:JS脚本需要使用js引擎编译，脚本:function unnamed_72(){ with(Math){ return gradea*1.4;}; }
22:43:58.984 [main] ERROR BATTLE - 3:JS脚本需要使用js引擎编译，脚本:function unnamed_139(){ with(Math){ return 105800+floor(RoleLv/10)*440+(200+floor(RoleLv/10)*40*(Ring-1));}; }
22:43:58.985 [main] ERROR BATTLE - 3:JS脚本需要使用js引擎编译，脚本:function unnamed_108(){ with(Math){ return -(phyattacka*1.2-defendb+1*gradea);}; }
22:43:58.987 [main] ERROR BATTLE - 3:JS脚本需要使用js引擎编译，脚本:function unnamed_117(){ with(Math){ return RoleLv*50;}; }
22:43:58.988 [main] ERROR BATTLE - 3:JS脚本需要使用js引擎编译，脚本:function unnamed_155(){ with(Math){ return _95003_<=7;}; }
22:43:58.989 [main] ERROR BATTLE - 3:JS脚本需要使用js引擎编译，脚本:function unnamed_220(){ with(Math){ return !_501402_;}; }
22:43:58.990 [main] ERROR BATTLE - 3:JS脚本需要使用js引擎编译，脚本:function unnamed_21(){ with(Math){ return -(magicattacka*1.3-magicdefb+2*gradea)*0.5*(1.2+(0.6+0.2*skilllevela)*(1-curmpb/maxmpb));}; }
22:43:58.991 [main] ERROR BATTLE - 3:JS脚本需要使用js引擎编译，脚本:function unnamed_116(){ with(Math){ return 1600*RoleLv*0.067*(0.74+0.02*Time)*(random()*(1.02-0.98)+0.98);}; }
22:43:58.992 [main] ERROR BATTLE - 3:JS脚本需要使用js引擎编译，脚本:function unnamed_5(){ with(Math){ return -(phyattacka*1-defendb+1*gradea)*(0.25+0.05*skilllevela);}; }
22:43:58.994 [main] ERROR BATTLE - 3:JS脚本需要使用js引擎编译，脚本:function unnamed_226(){ with(Math){ return !_508008_;}; }
22:43:58.995 [main] ERROR BATTLE - 3:JS脚本需要使用js引擎编译，脚本:function unnamed_210(){ with(Math){ return _94041_>=1;}; }
22:43:58.996 [main] ERROR BATTLE - 3:JS脚本需要使用js引擎编译，脚本:function unnamed_205(){ with(Math){ return _99049_>=5;}; }
22:43:58.997 [main] ERROR BATTLE - 3:JS脚本需要使用js引擎编译，脚本:function unnamed_217(){ with(Math){ return !_508237_;}; }
22:43:58.998 [main] ERROR BATTLE - 3:JS脚本需要使用js引擎编译，脚本:function unnamed_47(){ with(Math){ return -(phyattacka*1.25-defendb+1*gradea+max((phyattacka-phyattackb)*0.25,0));}; }
22:43:58.999 [main] ERROR BATTLE - 3:JS脚本需要使用js引擎编译，脚本:function unnamed_149(){ with(Math){ return _94056_>=4;}; }
22:43:59.001 [main] ERROR BATTLE - 3:JS脚本需要使用js引擎编译，脚本:function unnamed_195(){ with(Math){ return _99058_<1;}; }
22:43:59.002 [main] ERROR BATTLE - 3:JS脚本需要使用js引擎编译，脚本:function unnamed_148(){ with(Math){ return _99039_>=1;}; }
22:43:59.003 [main] ERROR BATTLE - 3:JS脚本需要使用js引擎编译，脚本:function unnamed_187(){ with(Math){ return _99059_>=1;}; }
22:43:59.004 [main] ERROR BATTLE - 3:JS脚本需要使用js引擎编译，脚本:function unnamed_24(){ with(Math){ return 2*skilllevela+50;}; }
22:43:59.005 [main] ERROR BATTLE - 3:JS脚本需要使用js引擎编译，脚本:function unnamed_96(){ with(Math){ return gradea*0.0875;}; }
22:43:59.006 [main] ERROR BATTLE - 3:JS脚本需要使用js引擎编译，脚本:function unnamed_165(){ with(Math){ return _95003_=5;}; }
22:43:59.007 [main] ERROR BATTLE - 3:JS脚本需要使用js引擎编译，脚本:function unnamed_113(){ with(Math){ return -(phyattacka*0.5-defendb+1*gradea);}; }
22:43:59.009 [main] ERROR BATTLE - 3:JS脚本需要使用js引擎编译，脚本:function unnamed_105(){ with(Math){ return gradea*3.5;}; }
22:43:59.011 [main] ERROR BATTLE - 3:JS脚本需要使用js引擎编译，脚本:function unnamed_125(){ with(Math){ return (15)+(TeamNum-1)*15+RoleLv*3;}; }
22:43:59.012 [main] ERROR BATTLE - 3:JS脚本需要使用js引擎编译，脚本:function unnamed_11(){ with(Math){ return -(phyattacka*0.45-defendb+1*skilllevela);}; }
22:43:59.013 [main] ERROR BATTLE - 3:JS脚本需要使用js引擎编译，脚本:function unnamed_112(){ with(Math){ return -(phyattacka*0.65-defendb+1*gradea);}; }
22:43:59.014 [main] ERROR BATTLE - 3:JS脚本需要使用js引擎编译，脚本:function unnamed_137(){ with(Math){ return 500*RoleLv*1.215*(0.88+0.03);}; }
22:43:59.015 [main] ERROR BATTLE - 3:JS脚本需要使用js引擎编译，脚本:function unnamed_171(){ with(Math){ return _99042_>=3;}; }
22:43:59.016 [main] ERROR BATTLE - 3:JS脚本需要使用js引擎编译，脚本:function unnamed_202(){ with(Math){ return _99062_>=3;}; }
22:43:59.018 [main] ERROR BATTLE - 3:JS脚本需要使用js引擎编译，脚本:function unnamed_79(){ with(Math){ return gradea*1;}; }
22:43:59.019 [main] ERROR BATTLE - 3:JS脚本需要使用js引擎编译，脚本:function unnamed_87(){ with(Math){ return gradea*0.378;}; }
22:43:59.020 [main] ERROR BATTLE - 3:JS脚本需要使用js引擎编译，脚本:function unnamed_8(){ with(Math){ return -(magicattacka*1.2-magicdefb+2*skilllevela)*(0.5+0.05*(4-preaimcount));}; }
22:43:59.023 [main] ERROR BATTLE - 3:JS脚本需要使用js引擎编译，脚本:function unnamed_99(){ with(Math){ return gradea*0.3;}; }
22:43:59.024 [main] ERROR BATTLE - 3:JS脚本需要使用js引擎编译，脚本:function unnamed_193(){ with(Math){ return _99056_<1;}; }
22:43:59.025 [main] ERROR BATTLE - 3:JS脚本需要使用js引擎编译，脚本:function unnamed_88(){ with(Math){ return gradea*0.875;}; }
22:43:59.026 [main] ERROR BATTLE - 3:JS脚本需要使用js引擎编译，脚本:function unnamed_67(){ with(Math){ return gradea*0.32;}; }
22:43:59.027 [main] ERROR BATTLE - 3:JS脚本需要使用js引擎编译，脚本:function unnamed_224(){ with(Math){ return _503001_;}; }
22:43:59.028 [main] ERROR BATTLE - 3:JS脚本需要使用js引擎编译，脚本:function unnamed_52(){ with(Math){ return -(phyattacka*0.55-defendb+1*gradea);}; }
22:43:59.030 [main] ERROR BATTLE - 3:JS脚本需要使用js引擎编译，脚本:function unnamed_152(){ with(Math){ return _95003_<=4;}; }
22:43:59.031 [main] ERROR BATTLE - 3:JS脚本需要使用js引擎编译，脚本:function unnamed_198(){ with(Math){ return _99061_<1;}; }
22:43:59.032 [main] ERROR BATTLE - 3:JS脚本需要使用js引擎编译，脚本:function unnamed_223(){ with(Math){ return _509081_;}; }
22:43:59.033 [main] ERROR BATTLE - 3:JS脚本需要使用js引擎编译，脚本:function unnamed_38(){ with(Math){ return -(phyattacka*1.45-defendb+1*skilllevela)*2.5;}; }
22:43:59.034 [main] ERROR BATTLE - 3:JS脚本需要使用js引擎编译，脚本:function unnamed_203(){ with(Math){ return _99066_>=1;}; }
22:43:59.035 [main] ERROR BATTLE - 3:JS脚本需要使用js引擎编译，脚本:function unnamed_221(){ with(Math){ return !_508002_;}; }
22:43:59.036 [main] ERROR BATTLE - 3:JS脚本需要使用js引擎编译，脚本:function unnamed_65(){ with(Math){ return gradea*0.28;}; }
22:43:59.038 [main] ERROR BATTLE - 3:JS脚本需要使用js引擎编译，脚本:function unnamed_201(){ with(Math){ return _99062_>=2;}; }
22:43:59.039 [main] ERROR BATTLE - 3:JS脚本需要使用js引擎编译，脚本:function unnamed_94(){ with(Math){ return gradea*0.075;}; }
22:43:59.040 [main] ERROR BATTLE - 3:JS脚本需要使用js引擎编译，脚本:function unnamed_90(){ with(Math){ return gradea*0.05;}; }
22:43:59.042 [main] ERROR BATTLE - 3:JS脚本需要使用js引擎编译，脚本:function unnamed_44(){ with(Math){ return -magicattacka*2.2;}; }
22:43:59.043 [main] ERROR BATTLE - 3:JS脚本需要使用js引擎编译，脚本:function unnamed_46(){ with(Math){ return -(phyattacka*0.45-defendb+1*gradea);}; }
22:43:59.044 [main] ERROR BATTLE - 3:JS脚本需要使用js引擎编译，脚本:function unnamed_111(){ with(Math){ return 0.35*maxhpb;}; }
22:43:59.045 [main] ERROR BATTLE - 3:JS脚本需要使用js引擎编译，脚本:function unnamed_121(){ with(Math){ return (15)+(TeamNum-1)*15+RoleLv*150;}; }
22:43:59.046 [main] ERROR BATTLE - 3:JS脚本需要使用js引擎编译，脚本:function unnamed_142(){ with(Math){ return _94019_<1;}; }
22:43:59.047 [main] ERROR BATTLE - 3:JS脚本需要使用js引擎编译，脚本:function unnamed_188(){ with(Math){ return _99060_>=1;}; }
22:43:59.048 [main] ERROR BATTLE - 3:JS脚本需要使用js引擎编译，脚本:function unnamed_191(){ with(Math){ return _99054_<1;}; }
22:43:59.049 [main] ERROR BATTLE - 3:JS脚本需要使用js引擎编译，脚本:function unnamed_212(){ with(Math){ return _99074_>=1;}; }
22:43:59.050 [main] ERROR BATTLE - 3:JS脚本需要使用js引擎编译，脚本:function unnamed_166(){ with(Math){ return _95003_=6;}; }
22:43:59.052 [main] ERROR BATTLE - 3:JS脚本需要使用js引擎编译，脚本:function unnamed_162(){ with(Math){ return _97001_>=4;}; }
22:43:59.053 [main] ERROR BATTLE - 3:JS脚本需要使用js引擎编译，脚本:function unnamed_126(){ with(Math){ return (15)+(TeamNum-1)*15+RoleLv*4;}; }
22:43:59.054 [main] ERROR BATTLE - 3:JS脚本需要使用js引擎编译，脚本:function unnamed_9(){ with(Math){ return 0.7+0.002*(skilllevela-gradeb)+(enhanceseala-resistsealb);}; }
22:43:59.055 [main] ERROR BATTLE - 3:JS脚本需要使用js引擎编译，脚本:function unnamed_12(){ with(Math){ return 16*skilllevela;}; }
22:43:59.057 [main] ERROR BATTLE - 3:JS脚本需要使用js引擎编译，脚本:function unnamed_204(){ with(Math){ return _99067_>=1;}; }
22:43:59.058 [main] ERROR BATTLE - 3:JS脚本需要使用js引擎编译，脚本:function unnamed_219(){ with(Math){ return !_503001_;}; }
22:43:59.059 [main] ERROR BATTLE - 3:JS脚本需要使用js引擎编译，脚本:function unnamed_59(){ with(Math){ return gradea*0.16;}; }
22:43:59.060 [main] ERROR BATTLE - 3:JS脚本需要使用js引擎编译，脚本:function unnamed_118(){ with(Math){ return (15)+(TeamNum-1)*15+RoleLv*100;}; }
22:43:59.061 [main] ERROR BATTLE - 3:JS脚本需要使用js引擎编译，脚本:function unnamed_214(){ with(Math){ return _501901_;}; }
22:43:59.062 [main] ERROR BATTLE - 3:JS脚本需要使用js引擎编译，脚本:function unnamed_189(){ with(Math){ return _99061_>=1;}; }
22:43:59.063 [main] ERROR BATTLE - 3:JS脚本需要使用js引擎编译，脚本:function unnamed_30(){ with(Math){ return -maxhpb*0.1;}; }
22:43:59.065 [main] ERROR BATTLE - 3:JS脚本需要使用js引擎编译，脚本:function unnamed_216(){ with(Math){ return !_508236_;}; }
22:43:59.066 [main] ERROR BATTLE - 3:JS脚本需要使用js引擎编译，脚本:function unnamed_62(){ with(Math){ return gradea*0.125;}; }
22:43:59.067 [main] ERROR BATTLE - 3:JS脚本需要使用js引擎编译，脚本:function unnamed_163(){ with(Math){ return _99040_>=2;}; }
22:43:59.068 [main] ERROR BATTLE - 3:JS脚本需要使用js引擎编译，脚本:function unnamed_81(){ with(Math){ return gradea*1.2;}; }
22:43:59.069 [main] ERROR BATTLE - 3:JS脚本需要使用js引擎编译，脚本:function unnamed_153(){ with(Math){ return _95003_<=5;}; }
22:43:59.070 [main] ERROR BATTLE - 3:JS脚本需要使用js引擎编译，脚本:function unnamed_170(){ with(Math){ return _99041_>=3;}; }
22:43:59.071 [main] ERROR BATTLE - 3:JS脚本需要使用js引擎编译，脚本:function unnamed_173(){ with(Math){ return _99044_<1;}; }
22:43:59.073 [main] ERROR BATTLE - 3:JS脚本需要使用js引擎编译，脚本:function unnamed_200(){ with(Math){ return _99062_>=1;}; }
22:43:59.074 [main] ERROR BATTLE - 3:JS脚本需要使用js引擎编译，脚本:function unnamed_159(){ with(Math){ return _96232_>=1;}; }
22:43:59.075 [main] ERROR BATTLE - 3:JS脚本需要使用js引擎编译，脚本:function unnamed_4(){ with(Math){ return 0.15*maxhpb;}; }
22:43:59.076 [main] ERROR BATTLE - 3:JS脚本需要使用js引擎编译，脚本:function unnamed_78(){ with(Math){ return gradea*0.08;}; }
22:43:59.077 [main] ERROR BATTLE - 3:JS脚本需要使用js引擎编译，脚本:function unnamed_3(){ with(Math){ return -(phyattacka*0.55-defendb+1*skilllevela);}; }
22:43:59.078 [main] ERROR BATTLE - 3:JS脚本需要使用js引擎编译，脚本:function unnamed_77(){ with(Math){ return gradea*0.0014;}; }
22:43:59.079 [main] ERROR BATTLE - 3:JS脚本需要使用js引擎编译，脚本:function unnamed_133(){ with(Math){ return 3000*RoleLv;}; }
22:43:59.080 [main] ERROR BATTLE - 3:JS脚本需要使用js引擎编译，脚本:function unnamed_76(){ with(Math){ return gradea*0.001225;}; }
22:43:59.082 [main] ERROR BATTLE - 3:JS脚本需要使用js引擎编译，脚本:function unnamed_86(){ with(Math){ return gradea*0.3375;}; }
22:43:59.083 [main] ERROR BATTLE - 3:JS脚本需要使用js引擎编译，脚本:function unnamed_167(){ with(Math){ return _95003_=7;}; }
22:43:59.084 [main] ERROR BATTLE - 3:JS脚本需要使用js引擎编译，脚本:function unnamed_15(){ with(Math){ return -(magicattacka*1.8-magicdefb+2*skilllevela)*(0.5+0.05*(4-preaimcount));}; }
22:43:59.085 [main] ERROR BATTLE - 3:JS脚本需要使用js引擎编译，脚本:function unnamed_50(){ with(Math){ return -(magicattacka*0.5-magicdefb+2*gradea)*(0.5+0.05*(2-preaimcount));}; }
22:43:59.086 [main] ERROR BATTLE - 3:JS脚本需要使用js引擎编译，脚本:function unnamed_123(){ with(Math){ return (15)+(TeamNum-1)*15+RoleLv*1;}; }
22:43:59.087 [main] ERROR BATTLE - 3:JS脚本需要使用js引擎编译，脚本:function unnamed_103(){ with(Math){ return gradea*3;}; }
22:43:59.088 [main] ERROR BATTLE - 3:JS脚本需要使用js引擎编译，脚本:function unnamed_13(){ with(Math){ return ((medicala*0.5+skilllevela*1.4)+abs(maindamage)*0.1)*(1+healrevisea)*(1+medicaljiashena/1000);}; }
22:43:59.090 [main] ERROR BATTLE - 3:JS脚本需要使用js引擎编译，脚本:function unnamed_71(){ with(Math){ return gradea*1.22;}; }
22:43:59.091 [main] ERROR BATTLE - 3:JS脚本需要使用js引擎编译，脚本:function unnamed_138(){ with(Math){ return Ring+3;}; }
22:43:59.092 [main] ERROR BATTLE - 3:JS脚本需要使用js引擎编译，脚本:function unnamed_60(){ with(Math){ return gradea*0.1;}; }
22:43:59.093 [main] ERROR BATTLE - 3:JS脚本需要使用js引擎编译，脚本:function unnamed_180(){ with(Math){ return _94014_>=7;}; }
22:43:59.094 [main] ERROR BATTLE - 3:JS脚本需要使用js引擎编译，脚本:function unnamed_147(){ with(Math){ return _99038_>=1;}; }
22:43:59.095 [main] ERROR BATTLE - 3:JS脚本需要使用js引擎编译，脚本:function unnamed_186(){ with(Math){ return _99058_>=1;}; }
22:43:59.096 [main] ERROR BATTLE - 3:JS脚本需要使用js引擎编译，脚本:function unnamed_115(){ with(Math){ return (15)+(TeamNum-1)*15+RoleLv*160;}; }
22:43:59.098 [main] ERROR BATTLE - 3:JS脚本需要使用js引擎编译，脚本:function unnamed_34(){ with(Math){ return -maxhpb*0.6;}; }
22:43:59.099 [main] ERROR BATTLE - 3:JS脚本需要使用js引擎编译，脚本:function unnamed_215(){ with(Math){ return _501402_;}; }
22:43:59.100 [main] ERROR BATTLE - 3:JS脚本需要使用js引擎编译，脚本:function unnamed_150(){ with(Math){ return _95003_<=2;}; }
22:43:59.101 [main] ERROR BATTLE - 3:JS脚本需要使用js引擎编译，脚本:function unnamed_0(){ with(Math){ return -(phyattacka*1.3-defendb+1*skilllevela);}; }
22:43:59.102 [main] ERROR BATTLE - 3:JS脚本需要使用js引擎编译，脚本:function unnamed_66(){ with(Math){ return gradea*0.175;}; }
22:43:59.103 [main] ERROR BATTLE - 3:JS脚本需要使用js引擎编译，脚本:function unnamed_55(){ with(Math){ return -(phyattacka*1-defendb+7*gradea);}; }
22:43:59.105 [main] ERROR BATTLE - 3:JS脚本需要使用js引擎编译，脚本:function unnamed_22(){ with(Math){ return medicala+1.2*skilllevela;}; }
22:43:59.106 [main] ERROR BATTLE - 3:JS脚本需要使用js引擎编译，脚本:function unnamed_222(){ with(Math){ return !_508006_;}; }
22:43:59.108 [main] ERROR BATTLE - 3:JS脚本需要使用js引擎编译，脚本:function unnamed_41(){ with(Math){ return -(phyattacka*1.60-defendb+1*skilllevela)*2.5;}; }
22:43:59.110 [main] ERROR BATTLE - 3:JS脚本需要使用js引擎编译，脚本:function unnamed_136(){ with(Math){ return RoleLv*200;}; }
22:43:59.111 [main] ERROR BATTLE - 3:JS脚本需要使用js引擎编译，脚本:function unnamed_7(){ with(Math){ return 9*skilllevela;}; }
22:43:59.112 [main] ERROR BATTLE - 3:JS脚本需要使用js引擎编译，脚本:function unnamed_192(){ with(Math){ return _99055_<1;}; }
22:43:59.114 [main] ERROR BATTLE - 3:JS脚本需要使用js引擎编译，脚本:function unnamed_101(){ with(Math){ return gradea*0.45;}; }
22:43:59.115 [main] ERROR BATTLE - 3:JS脚本需要使用js引擎编译，脚本:function unnamed_6(){ with(Math){ return -(phyattacka*1.45-defendb+1*skilllevela);}; }
22:43:59.116 [main] ERROR BATTLE - 3:JS脚本需要使用js引擎编译，脚本:function unnamed_53(){ with(Math){ return abs(maindamage)*0.20;}; }
22:43:59.117 [main] ERROR BATTLE - 3:JS脚本需要使用js引擎编译，脚本:function unnamed_92(){ with(Math){ return gradea*0.0625;}; }
22:43:59.119 [main] ERROR BATTLE - 3:JS脚本需要使用js引擎编译，脚本:function unnamed_177(){ with(Math){ return _94056_>=3;}; }
22:43:59.120 [main] ERROR BATTLE - 3:JS脚本需要使用js引擎编译，脚本:function unnamed_104(){ with(Math){ return gradea*3.25;}; }
22:43:59.121 [main] ERROR BATTLE - 3:JS脚本需要使用js引擎编译，脚本:function unnamed_25(){ with(Math){ return 0.7*maxhpb;}; }
22:43:59.122 [main] ERROR BATTLE - 3:JS脚本需要使用js引擎编译，脚本:function unnamed_1(){ with(Math){ return -(phyattacka*1.35-defendb+1*skilllevela);}; }
22:43:59.123 [main] ERROR BATTLE - 3:JS脚本需要使用js引擎编译，脚本:function unnamed_124(){ with(Math){ return (15)+(TeamNum-1)*15+RoleLv*2;}; }
22:43:59.124 [main] ERROR BATTLE - 3:JS脚本需要使用js引擎编译，脚本:function unnamed_168(){ with(Math){ return _95003_=8;}; }
22:43:59.125 [main] ERROR BATTLE - 3:JS脚本需要使用js引擎编译，脚本:function unnamed_45(){ with(Math){ return -magicattacka*1.6;}; }
22:43:59.127 [main] ERROR BATTLE - 3:JS脚本需要使用js引擎编译，脚本:function unnamed_89(){ with(Math){ return gradea*1.225;}; }
22:43:59.128 [main] ERROR BATTLE - 3:JS脚本需要使用js引擎编译，脚本:function unnamed_146(){ with(Math){ return _99037_>=1;}; }
22:43:59.129 [main] ERROR BATTLE - 3:JS脚本需要使用js引擎编译，脚本:function unnamed_10(){ with(Math){ return gradea*2;}; }
22:43:59.130 [main] ERROR BATTLE - 3:JS脚本需要使用js引擎编译，脚本:function unnamed_35(){ with(Math){ return -maxhpb*0.7;}; }
22:43:59.131 [main] ERROR BATTLE - 3:JS脚本需要使用js引擎编译，脚本:function unnamed_61(){ with(Math){ return gradea*0.2;}; }
22:43:59.132 [main] ERROR BATTLE - 3:JS脚本需要使用js引擎编译，脚本:function unnamed_114(){ with(Math){ return -magicattacka*0.7;}; }
22:43:59.134 [main] ERROR BATTLE - 3:JS脚本需要使用js引擎编译，脚本:function unnamed_85(){ with(Math){ return gradea*0.2835;}; }
22:43:59.136 [main] ERROR BATTLE - 3:JS脚本需要使用js引擎编译，脚本:function unnamed_57(){ with(Math){ return 10+gradea;}; }
22:43:59.137 [main] ERROR BATTLE - 3:JS脚本需要使用js引擎编译，脚本:function unnamed_145(){ with(Math){ return _99036_>=1;}; }
22:43:59.138 [main] ERROR BATTLE - 3:JS脚本需要使用js引擎编译，脚本:function unnamed_151(){ with(Math){ return _95003_<=3;}; }
22:43:59.139 [main] ERROR BATTLE - 3:JS脚本需要使用js引擎编译，脚本:function unnamed_106(){ with(Math){ return gradea*3.75;}; }
22:43:59.140 [main] ERROR BATTLE - 3:JS脚本需要使用js引擎编译，脚本:function unnamed_160(){ with(Math){ return _96234_>=1;}; }
22:43:59.146 [main] ERROR BATTLE - 3:JS脚本需要使用js引擎编译，脚本:function unnamed_178(){ with(Math){ return _99049_>=1;}; }
22:43:59.148 [main] ERROR BATTLE - 3:JS脚本需要使用js引擎编译，脚本:function unnamed_84(){ with(Math){ return gradea*0.2362;}; }
22:43:59.149 [main] ERROR BATTLE - 3:JS脚本需要使用js引擎编译，脚本:function unnamed_197(){ with(Math){ return _99060_<1;}; }
22:43:59.150 [main] ERROR BATTLE - 3:JS脚本需要使用js引擎编译，脚本:function unnamed_14(){ with(Math){ return ((medicala*0.2+skilllevela*1.2)+abs(maindamage)*0.08)*(1+healrevisea)*(1+medicaljiashena/1000);}; }
22:43:59.151 [main] ERROR BATTLE - 3:JS脚本需要使用js引擎编译，脚本:function unnamed_42(){ with(Math){ return -(phyattacka*1.10-defendb+1*skilllevela)*2.5;}; }
22:43:59.152 [main] ERROR BATTLE - 3:JS脚本需要使用js引擎编译，脚本:function unnamed_194(){ with(Math){ return _99057_<1;}; }
22:43:59.153 [main] ERROR BATTLE - 3:JS脚本需要使用js引擎编译，脚本:function unnamed_211(){ with(Math){ return _99065_>=3;}; }
22:43:59.155 [main] ERROR BATTLE - 3:JS脚本需要使用js引擎编译，脚本:function unnamed_131(){ with(Math){ return (1*RoleLv*1.3)*(random()*(1.02-0.98)+0.98);}; }
22:43:59.156 [main] ERROR BATTLE - 3:JS脚本需要使用js引擎编译，脚本:function unnamed_27(){ with(Math){ return 10+1.3*skilllevela;}; }
22:43:59.157 [main] ERROR BATTLE - 3:JS脚本需要使用js引擎编译，脚本:function unnamed_128(){ with(Math){ return RoleLv*1.7+20;}; }
22:43:59.158 [main] ERROR BATTLE - 3:JS脚本需要使用js引擎编译，脚本:function unnamed_169(){ with(Math){ return _95003_=9;}; }
22:43:59.159 [main] ERROR BATTLE - 3:JS脚本需要使用js引擎编译，脚本:function unnamed_135(){ with(Math){ return (400*MonsterLv*0.017*(MonsterNum*0.083+MasterNum*0.1245)*min(max(1-0.2*floor(abs(MonsterLv-RoleLv)/5),0.1),1)*(1-IsDbPoint)+400*MonsterLv*0.13*(MonsterNum*0.083+MasterNum*0.1245)*min(max(1-0.2*floor(abs(MonsterLv-RoleLv)/5),0.1),1)*IsDbPoint)*(random()*(1.02-0.98)+0.98);}; }
22:43:59.160 [main] ERROR BATTLE - 3:JS脚本需要使用js引擎编译，脚本:function unnamed_20(){ with(Math){ return medicala+3*skilllevela*2;}; }
22:43:59.161 [main] ERROR BATTLE - 3:JS脚本需要使用js引擎编译，脚本:function unnamed_68(){ with(Math){ return gradea*0.7;}; }
22:43:59.162 [main] ERROR BATTLE - 3:JS脚本需要使用js引擎编译，脚本:function unnamed_43(){ with(Math){ return -magicattacka*3;}; }
22:43:59.164 [main] ERROR BATTLE - 3:JS脚本需要使用js引擎编译，脚本:function unnamed_172(){ with(Math){ return _99043_>=1;}; }
22:43:59.165 [main] ERROR BATTLE - 3:JS脚本需要使用js引擎编译，脚本:function unnamed_196(){ with(Math){ return _99059_<1;}; }
22:43:59.166 [main] ERROR BATTLE - 3:JS脚本需要使用js引擎编译，脚本:function unnamed_207(){ with(Math){ return _99071_>=1;}; }
22:43:59.167 [main] ERROR BATTLE - 3:JS脚本需要使用js引擎编译，脚本:function unnamed_93(){ with(Math){ return gradea*0.625;}; }
22:43:59.168 [main] ERROR BATTLE - 3:JS脚本需要使用js引擎编译，脚本:function unnamed_83(){ with(Math){ return gradea*0.189;}; }
22:43:59.170 [main] ERROR BATTLE - 3:JS脚本需要使用js引擎编译，脚本:function unnamed_119(){ with(Math){ return (15)+(TeamNum-1)*15+RoleLv*120;}; }
22:43:59.171 [main] ERROR BATTLE - 3:JS脚本需要使用js引擎编译，脚本:function unnamed_33(){ with(Math){ return -maxhpb*0.4;}; }
22:43:59.172 [main] ERROR BATTLE - 3:JS脚本需要使用js引擎编译，脚本:function unnamed_227(){ with(Math){ return 1*TeamNum+5;}; }
22:43:59.173 [main] ERROR BATTLE - 3:JS脚本需要使用js引擎编译，脚本:function unnamed_174(){ with(Math){ return _99045_<1;}; }
22:43:59.174 [main] ERROR BATTLE - 3:JS脚本需要使用js引擎编译，脚本:function unnamed_74(){ with(Math){ return gradea*0.000875;}; }
22:43:59.176 [main] ERROR BATTLE - 3:JS脚本需要使用js引擎编译，脚本:function unnamed_156(){ with(Math){ return _95003_<=8;}; }
22:43:59.177 [main] ERROR BATTLE - 3:JS脚本需要使用js引擎编译，脚本:function unnamed_37(){ with(Math){ return -(phyattacka*1.40-defendb+1*skilllevela)*2.5;}; }
22:43:59.179 [main] ERROR BATTLE - 3:JS脚本需要使用js引擎编译，脚本:function unnamed_199(){ with(Math){ return _96001_/_96002_<0.1;}; }
22:43:59.180 [main] ERROR BATTLE - 3:JS脚本需要使用js引擎编译，脚本:function unnamed_209(){ with(Math){ return _99072_<1;}; }
22:43:59.181 [main] ERROR BATTLE - 3:JS脚本需要使用js引擎编译，脚本:function unnamed_23(){ with(Math){ return (medicala+1.2*skilllevela)*0.4;}; }
22:43:59.182 [main] ERROR BATTLE - 3:JS脚本需要使用js引擎编译，脚本:function unnamed_70(){ with(Math){ return gradea*1.05;}; }
22:43:59.183 [main] ERROR BATTLE - 3:JS脚本需要使用js引擎编译，脚本:function unnamed_63(){ with(Math){ return gradea*0.24;}; }
22:43:59.184 [main] ERROR BATTLE - 3:JS脚本需要使用js引擎编译，脚本:function unnamed_98(){ with(Math){ return gradea*0.85;}; }
22:43:59.185 [main] ERROR BATTLE - 3:JS脚本需要使用js引擎编译，脚本:function unnamed_144(){ with(Math){ return _94056_>=1;}; }
22:43:59.186 [main] ERROR BATTLE - 3:JS脚本需要使用js引擎编译，脚本:function unnamed_141(){ with(Math){ return (500*RoleLv*0.05)*(random()*(1.02-0.98)+0.98)*0.5;}; }
22:43:59.188 [main] ERROR BATTLE - 3:JS脚本需要使用js引擎编译，脚本:function unnamed_143(){ with(Math){ return _99065_>=4;}; }
22:43:59.189 [main] ERROR BATTLE - 3:JS脚本需要使用js引擎编译，脚本:function unnamed_185(){ with(Math){ return _99057_>=1;}; }
22:43:59.190 [main] ERROR BATTLE - 3:JS脚本需要使用js引擎编译，脚本:function unnamed_107(){ with(Math){ return gradea*4;}; }
22:43:59.191 [main] ERROR BATTLE - 3:JS脚本需要使用js引擎编译，脚本:function unnamed_206(){ with(Math){ return _99068_>=1;}; }
22:43:59.192 [main] ERROR BATTLE - 3:JS脚本需要使用js引擎编译，脚本:function unnamed_58(){ with(Math){ return -(magicattacka*1.2-magicdefb+2*gradea)*(0.5+0.05*(2-preaimcount));}; }
22:43:59.193 [main] ERROR BATTLE - 3:JS脚本需要使用js引擎编译，脚本:function unnamed_100(){ with(Math){ return gradea*0.375;}; }
22:43:59.194 [main] ERROR BATTLE - 3:JS脚本需要使用js引擎编译，脚本:function unnamed_56(){ with(Math){ return -(magicattacka*3.5-magicdefb+2*skilllevela)*0.3;}; }
22:43:59.195 [main] ERROR BATTLE - 3:JS脚本需要使用js引擎编译，脚本:function unnamed_26(){ with(Math){ return -(speeda*0.1+7*skilllevela)*1.1;}; }
22:43:59.196 [main] ERROR BATTLE - 3:JS脚本需要使用js引擎编译，脚本:function unnamed_75(){ with(Math){ return gradea*0.00105;}; }
22:43:59.197 [main] ERROR BATTLE - 3:JS脚本需要使用js引擎编译，脚本:function unnamed_80(){ with(Math){ return gradea*0.12;}; }
22:43:59.199 [main] ERROR BATTLE - 3:JS脚本需要使用js引擎编译，脚本:function unnamed_40(){ with(Math){ return -(phyattacka*1.55-defendb+1*skilllevela)*2.5;}; }
22:43:59.200 [main] ERROR BATTLE - 3:JS脚本需要使用js引擎编译，脚本:function unnamed_157(){ with(Math){ return _95003_<=9;}; }
22:43:59.201 [main] ERROR BATTLE - 3:JS脚本需要使用js引擎编译，脚本:function unnamed_140(){ with(Math){ return (5000*RoleLv*0.05)*(random()*(1.02-0.98)+0.98)*(1-min(5-TeamNum,2)*0.15);}; }
22:43:59.202 [main] ERROR BATTLE - 3:JS脚本需要使用js引擎编译，脚本:function unnamed_184(){ with(Math){ return _99056_>=1;}; }
22:43:59.203 [main] ERROR BATTLE - 3:JS脚本需要使用js引擎编译，脚本:function unnamed_122(){ with(Math){ return RoleLv*10;}; }
22:43:59.204 [main] ERROR BATTLE - 3:JS脚本需要使用js引擎编译，脚本:function unnamed_48(){ with(Math){ return -(phyattacka*2-defendb+1*gradea);}; }
22:43:59.206 [main] ERROR BATTLE - 3:JS脚本需要使用js引擎编译，脚本:function unnamed_110(){ with(Math){ return 0.3*maxhpb;}; }
22:43:59.207 [main] ERROR BATTLE - 3:JS脚本需要使用js引擎编译，脚本:function unnamed_2(){ with(Math){ return -(phyattacka*0.65-defendb+1*skilllevela);}; }
22:43:59.209 [main] ERROR BATTLE - 3:JS脚本需要使用js引擎编译，脚本:function unnamed_109(){ with(Math){ return 0.05*maxhpb;}; }
22:43:59.210 [main] ERROR BATTLE - 3:JS脚本需要使用js引擎编译，脚本:function unnamed_208(){ with(Math){ return _99070_==1;}; }
22:43:59.211 [main] ERROR BATTLE - 3:JS脚本需要使用js引擎编译，脚本:function unnamed_179(){ with(Math){ return _99052_>=1;}; }
22:43:59.212 [main] ERROR BATTLE - 3:JS脚本需要使用js引擎编译，脚本:function unnamed_29(){ with(Math){ return -(magicattacka*1.8-magicdefb+2*gradea)*0.5;}; }
22:43:59.213 [main] ERROR BATTLE - 3:JS脚本需要使用js引擎编译，脚本:function unnamed_218(){ with(Math){ return !_509951_;}; }
22:43:59.214 [main] ERROR BATTLE - 3:JS脚本需要使用js引擎编译，脚本:function unnamed_213(){ with(Math){ return _502003_;}; }
22:43:59.215 [main] ERROR BATTLE - 3:JS脚本需要使用js引擎编译，脚本:function unnamed_132(){ with(Math){ return 2000*RoleLv;}; }
22:43:59.217 [main] ERROR BATTLE - 3:JS脚本需要使用js引擎编译，脚本:function unnamed_97(){ with(Math){ return gradea*0.65;}; }
22:43:59.218 [main] ERROR BATTLE - 3:JS脚本需要使用js引擎编译，脚本:function unnamed_161(){ with(Math){ return _95003_=3;}; }
22:43:59.219 [main] ERROR BATTLE - 3:JS脚本需要使用js引擎编译，脚本:function unnamed_183(){ with(Math){ return _99055_>=1;}; }
22:43:59.220 [main] ERROR BATTLE - 3:JS脚本需要使用js引擎编译，脚本:function unnamed_129(){ with(Math){ return (1*RoleLv*11)*(random()*(1.02-0.98)+0.98);}; }
22:43:59.222 [main] ERROR BATTLE - 3:JS脚本需要使用js引擎编译，脚本:function unnamed_17(){ with(Math){ return abs(maindamage)*1;}; }
22:43:59.223 [main] ERROR BATTLE - 3:JS脚本需要使用js引擎编译，脚本:function unnamed_49(){ with(Math){ return phyattacka*1.25-defendb+1*gradea;}; }
22:43:59.224 [main] ERROR BATTLE - 3:JS脚本需要使用js引擎编译，脚本:function unnamed_127(){ with(Math){ return (15)+(TeamNum-1)*15+RoleLv*5;}; }
22:43:59.225 [main] ERROR BATTLE - 3:JS脚本需要使用js引擎编译，脚本:function unnamed_73(){ with(Math){ return gradea*0.0007;}; }
22:43:59.226 [main] ERROR BATTLE - 3:JS脚本需要使用js引擎编译，脚本:function unnamed_91(){ with(Math){ return gradea*0.5;}; }
22:43:59.228 [main] ERROR BATTLE - 3:JS脚本需要使用js引擎编译，脚本:function unnamed_64(){ with(Math){ return gradea*0.15;}; }
22:43:59.229 [main] ERROR BATTLE - 3:JS脚本需要使用js引擎编译，脚本:function unnamed_190(){ with(Math){ return _99053_<1;}; }
22:43:59.230 [main] ERROR BATTLE - 3:JS脚本需要使用js引擎编译，脚本:function unnamed_102(){ with(Math){ return gradea*0.525;}; }
22:43:59.231 [main] ERROR BATTLE - 3:JS脚本需要使用js引擎编译，脚本:function unnamed_31(){ with(Math){ return -maxhpb*0.2;}; }
22:43:59.232 [main] ERROR BATTLE - 3:JS脚本需要使用js引擎编译，脚本:function unnamed_130(){ with(Math){ return (1*RoleLv*0.94)*(random()*(1.02-0.98)+0.98);}; }
22:43:59.233 [main] ERROR BATTLE - 3:JS脚本需要使用js引擎编译，脚本:function unnamed_16(){ with(Math){ return abs(maindamage)*0.35;}; }
22:43:59.234 [main] ERROR BATTLE - 3:JS脚本需要使用js引擎编译，脚本:function unnamed_18(){ with(Math){ return -magicattacka*0.2;}; }
22:43:59.238 [main] ERROR BATTLE - 3:JS脚本需要使用js引擎编译，脚本:function unnamed_154(){ with(Math){ return _95003_<=6;}; }
22:43:59.240 [main] ERROR BATTLE - 3:JS脚本需要使用js引擎编译，脚本:function unnamed_28(){ with(Math){ return -(magicattacka*1.3-magicdefb+2*gradea)*0.5;}; }
22:43:59.241 [main] ERROR BATTLE - 3:JS脚本需要使用js引擎编译，脚本:function unnamed_36(){ with(Math){ return -(phyattacka*10-defendb+1*gradea+max((phyattacka-phyattackb)*0.05,0));}; }
22:43:59.242 [main] ERROR BATTLE - 3:JS脚本需要使用js引擎编译，脚本:function unnamed_182(){ with(Math){ return _99054_>=1;}; }
22:43:59.243 [main] ERROR BATTLE - 3:JS脚本需要使用js引擎编译，脚本:function unnamed_225(){ with(Math){ return !_508014_;}; }
22:43:59.244 [main] ERROR BATTLE - 3:JS脚本需要使用js引擎编译，脚本:function unnamed_69(){ with(Math){ return gradea*0.87;}; }
22:43:59.245 [main] ERROR BATTLE - 3:JS脚本需要使用js引擎编译，脚本:function unnamed_164(){ with(Math){ return _95003_=4;}; }
22:43:59.246 [main] ERROR BATTLE - 3:JS脚本需要使用js引擎编译，脚本:function unnamed_175(){ with(Math){ return _99047_>=1;}; }
22:43:59.247 [main] ERROR BATTLE - 3:JS脚本需要使用js引擎编译，脚本:function unnamed_181(){ with(Math){ return _99053_>=1;}; }
22:43:59.249 [main] ERROR BATTLE - 3:JS脚本需要使用js引擎编译，脚本:function unnamed_134(){ with(Math){ return (400*MonsterLv*0.011*(MonsterNum*0.083+MasterNum*0.1245)*min(max(1-0.2*floor(abs(MonsterLv-RoleLv)/5),0.1),1)*(1-IsDbPoint)+400*MonsterLv*0.13*(MonsterNum*0.083+MasterNum*0.1245)*min(max(1-0.2*floor(abs(MonsterLv-RoleLv)/5),0.1),1)*IsDbPoint)*(random()*(1.02-0.98)+0.98);}; }
22:43:59.250 [main] ERROR BATTLE - 3:JS脚本需要使用js引擎编译，脚本:function unnamed_176(){ with(Math){ return _99048_>=1;}; }
22:43:59.251 [main] ERROR BATTLE - 3:JS脚本需要使用js引擎编译，脚本:function unnamed_39(){ with(Math){ return -(phyattacka*1.50-defendb+1*skilllevela)*2.5;}; }
22:43:59.253 [main] ERROR BATTLE - 3:JS脚本需要使用js引擎编译，脚本:function unnamed_120(){ with(Math){ return (15)+(TeamNum-1)*15+RoleLv*140;}; }
22:43:59.254 [main] ERROR BATTLE - 3:JS脚本需要使用js引擎编译，脚本:function unnamed_51(){ with(Math){ return -(magicattacka*0.8-magicdefb+2*gradea)*(0.5+0.05*(2-preaimcount));}; }
22:43:59.255 [main] ERROR BATTLE - 3:JS脚本需要使用js引擎编译，脚本:function unnamed_82(){ with(Math){ return gradea*0.14;}; }
22:43:59.256 [main] ERROR BATTLE - 3:JS脚本需要使用js引擎编译，脚本:function unnamed_32(){ with(Math){ return -maxhpb*0.3;}; }
22:43:59.257 [main] ERROR BATTLE - 3:JS脚本需要使用js引擎编译，脚本:function unnamed_54(){ with(Math){ return -(magicattacka*3.5-magicdefb+2*skilllevela)*0.5;}; }
22:43:59.258 [main] ERROR BATTLE - 3:JS脚本需要使用js引擎编译，脚本:function unnamed_95(){ with(Math){ return gradea*0.75;}; }
22:43:59.259 [main] ERROR BATTLE - 3:JS脚本需要使用js引擎编译，脚本:function unnamed_158(){ with(Math){ return _95003_<=10;}; }
22:43:59.263 [main] ERROR BATTLE - 3:JS脚本需要使用js引擎编译，脚本:function unnamed_19(){ with(Math){ return medicala*1.1+3*skilllevela;}; }
22:43:59.265 [main] ERROR BATTLE - 3:JS脚本需要使用js引擎编译，脚本:function unnamed_72(){ with(Math){ return gradea*1.4;}; }
22:43:59.266 [main] ERROR BATTLE - 3:JS脚本需要使用js引擎编译，脚本:function unnamed_139(){ with(Math){ return 105800+floor(RoleLv/10)*440+(200+floor(RoleLv/10)*40*(Ring-1));}; }
22:43:59.267 [main] ERROR BATTLE - 3:JS脚本需要使用js引擎编译，脚本:function unnamed_108(){ with(Math){ return -(phyattacka*1.2-defendb+1*gradea);}; }
22:43:59.268 [main] ERROR BATTLE - 3:JS脚本需要使用js引擎编译，脚本:function unnamed_117(){ with(Math){ return RoleLv*50;}; }
22:43:59.269 [main] ERROR BATTLE - 3:JS脚本需要使用js引擎编译，脚本:function unnamed_155(){ with(Math){ return _95003_<=7;}; }
22:43:59.270 [main] ERROR BATTLE - 3:JS脚本需要使用js引擎编译，脚本:function unnamed_220(){ with(Math){ return !_501402_;}; }
22:43:59.271 [main] ERROR BATTLE - 3:JS脚本需要使用js引擎编译，脚本:function unnamed_21(){ with(Math){ return -(magicattacka*1.3-magicdefb+2*gradea)*0.5*(1.2+(0.6+0.2*skilllevela)*(1-curmpb/maxmpb));}; }
22:43:59.272 [main] ERROR BATTLE - 3:JS脚本需要使用js引擎编译，脚本:function unnamed_116(){ with(Math){ return 1600*RoleLv*0.067*(0.74+0.02*Time)*(random()*(1.02-0.98)+0.98);}; }
22:43:59.274 [main] ERROR BATTLE - 3:JS脚本需要使用js引擎编译，脚本:function unnamed_5(){ with(Math){ return -(phyattacka*1-defendb+1*gradea)*(0.25+0.05*skilllevela);}; }
22:43:59.275 [main] ERROR BATTLE - 3:JS脚本需要使用js引擎编译，脚本:function unnamed_226(){ with(Math){ return !_508008_;}; }
22:43:59.276 [main] ERROR BATTLE - 3:JS脚本需要使用js引擎编译，脚本:function unnamed_210(){ with(Math){ return _94041_>=1;}; }
22:43:59.277 [main] ERROR BATTLE - 3:JS脚本需要使用js引擎编译，脚本:function unnamed_205(){ with(Math){ return _99049_>=5;}; }
22:43:59.278 [main] ERROR BATTLE - 3:JS脚本需要使用js引擎编译，脚本:function unnamed_217(){ with(Math){ return !_508237_;}; }
22:43:59.279 [main] ERROR BATTLE - 3:JS脚本需要使用js引擎编译，脚本:function unnamed_47(){ with(Math){ return -(phyattacka*1.25-defendb+1*gradea+max((phyattacka-phyattackb)*0.25,0));}; }
22:43:59.280 [main] ERROR BATTLE - 3:JS脚本需要使用js引擎编译，脚本:function unnamed_149(){ with(Math){ return _94056_>=4;}; }
22:43:59.283 [main] ERROR BATTLE - 3:JS脚本需要使用js引擎编译，脚本:function unnamed_195(){ with(Math){ return _99058_<1;}; }
22:43:59.284 [main] ERROR BATTLE - 3:JS脚本需要使用js引擎编译，脚本:function unnamed_148(){ with(Math){ return _99039_>=1;}; }
22:43:59.285 [main] ERROR BATTLE - 3:JS脚本需要使用js引擎编译，脚本:function unnamed_187(){ with(Math){ return _99059_>=1;}; }
22:43:59.287 [main] ERROR BATTLE - 3:JS脚本需要使用js引擎编译，脚本:function unnamed_24(){ with(Math){ return 2*skilllevela+50;}; }
22:43:59.288 [main] ERROR BATTLE - 3:JS脚本需要使用js引擎编译，脚本:function unnamed_96(){ with(Math){ return gradea*0.0875;}; }
22:43:59.289 [main] ERROR BATTLE - 3:JS脚本需要使用js引擎编译，脚本:function unnamed_165(){ with(Math){ return _95003_=5;}; }
22:43:59.290 [main] ERROR BATTLE - 3:JS脚本需要使用js引擎编译，脚本:function unnamed_113(){ with(Math){ return -(phyattacka*0.5-defendb+1*gradea);}; }
22:43:59.291 [main] ERROR BATTLE - 3:JS脚本需要使用js引擎编译，脚本:function unnamed_105(){ with(Math){ return gradea*3.5;}; }
22:43:59.292 [main] ERROR BATTLE - 3:JS脚本需要使用js引擎编译，脚本:function unnamed_125(){ with(Math){ return (15)+(TeamNum-1)*15+RoleLv*3;}; }
22:43:59.293 [main] ERROR BATTLE - 3:JS脚本需要使用js引擎编译，脚本:function unnamed_11(){ with(Math){ return -(phyattacka*0.45-defendb+1*skilllevela);}; }
22:43:59.294 [main] ERROR BATTLE - 3:JS脚本需要使用js引擎编译，脚本:function unnamed_112(){ with(Math){ return -(phyattacka*0.65-defendb+1*gradea);}; }
22:43:59.296 [main] ERROR BATTLE - 3:JS脚本需要使用js引擎编译，脚本:function unnamed_137(){ with(Math){ return 500*RoleLv*1.215*(0.88+0.03);}; }
22:43:59.297 [main] ERROR BATTLE - 3:JS脚本需要使用js引擎编译，脚本:function unnamed_171(){ with(Math){ return _99042_>=3;}; }
22:43:59.298 [main] ERROR BATTLE - 3:JS脚本需要使用js引擎编译，脚本:function unnamed_202(){ with(Math){ return _99062_>=3;}; }
22:43:59.299 [main] ERROR BATTLE - 3:JS脚本需要使用js引擎编译，脚本:function unnamed_79(){ with(Math){ return gradea*1;}; }
22:43:59.300 [main] ERROR BATTLE - 3:JS脚本需要使用js引擎编译，脚本:function unnamed_87(){ with(Math){ return gradea*0.378;}; }
22:43:59.301 [main] ERROR BATTLE - 3:JS脚本需要使用js引擎编译，脚本:function unnamed_8(){ with(Math){ return -(magicattacka*1.2-magicdefb+2*skilllevela)*(0.5+0.05*(4-preaimcount));}; }
22:43:59.302 [main] ERROR BATTLE - 3:JS脚本需要使用js引擎编译，脚本:function unnamed_99(){ with(Math){ return gradea*0.3;}; }
22:43:59.303 [main] ERROR BATTLE - 3:JS脚本需要使用js引擎编译，脚本:function unnamed_193(){ with(Math){ return _99056_<1;}; }
22:43:59.304 [main] ERROR BATTLE - 3:JS脚本需要使用js引擎编译，脚本:function unnamed_88(){ with(Math){ return gradea*0.875;}; }
22:43:59.305 [main] ERROR BATTLE - 3:JS脚本需要使用js引擎编译，脚本:function unnamed_67(){ with(Math){ return gradea*0.32;}; }
22:43:59.307 [main] ERROR BATTLE - 3:JS脚本需要使用js引擎编译，脚本:function unnamed_224(){ with(Math){ return _503001_;}; }
22:43:59.308 [main] ERROR BATTLE - 3:JS脚本需要使用js引擎编译，脚本:function unnamed_52(){ with(Math){ return -(phyattacka*0.55-defendb+1*gradea);}; }
22:43:59.309 [main] ERROR BATTLE - 3:JS脚本需要使用js引擎编译，脚本:function unnamed_152(){ with(Math){ return _95003_<=4;}; }
22:43:59.310 [main] ERROR BATTLE - 3:JS脚本需要使用js引擎编译，脚本:function unnamed_198(){ with(Math){ return _99061_<1;}; }
22:43:59.311 [main] ERROR BATTLE - 3:JS脚本需要使用js引擎编译，脚本:function unnamed_223(){ with(Math){ return _509081_;}; }
22:43:59.312 [main] ERROR BATTLE - 3:JS脚本需要使用js引擎编译，脚本:function unnamed_38(){ with(Math){ return -(phyattacka*1.45-defendb+1*skilllevela)*2.5;}; }
22:43:59.313 [main] ERROR BATTLE - 3:JS脚本需要使用js引擎编译，脚本:function unnamed_203(){ with(Math){ return _99066_>=1;}; }
22:43:59.314 [main] ERROR BATTLE - 3:JS脚本需要使用js引擎编译，脚本:function unnamed_221(){ with(Math){ return !_508002_;}; }
22:43:59.315 [main] ERROR BATTLE - 3:JS脚本需要使用js引擎编译，脚本:function unnamed_65(){ with(Math){ return gradea*0.28;}; }
22:43:59.316 [main] ERROR BATTLE - 3:JS脚本需要使用js引擎编译，脚本:function unnamed_201(){ with(Math){ return _99062_>=2;}; }
22:43:59.317 [main] ERROR BATTLE - 3:JS脚本需要使用js引擎编译，脚本:function unnamed_94(){ with(Math){ return gradea*0.075;}; }
22:43:59.318 [main] ERROR BATTLE - 3:JS脚本需要使用js引擎编译，脚本:function unnamed_90(){ with(Math){ return gradea*0.05;}; }
22:43:59.319 [main] ERROR BATTLE - 3:JS脚本需要使用js引擎编译，脚本:function unnamed_44(){ with(Math){ return -magicattacka*2.2;}; }
22:43:59.320 [main] ERROR BATTLE - 3:JS脚本需要使用js引擎编译，脚本:function unnamed_46(){ with(Math){ return -(phyattacka*0.45-defendb+1*gradea);}; }
22:43:59.321 [main] ERROR BATTLE - 3:JS脚本需要使用js引擎编译，脚本:function unnamed_111(){ with(Math){ return 0.35*maxhpb;}; }
22:43:59.323 [main] ERROR BATTLE - 3:JS脚本需要使用js引擎编译，脚本:function unnamed_121(){ with(Math){ return (15)+(TeamNum-1)*15+RoleLv*150;}; }
22:43:59.324 [main] ERROR BATTLE - 3:JS脚本需要使用js引擎编译，脚本:function unnamed_142(){ with(Math){ return _94019_<1;}; }
22:43:59.325 [main] ERROR BATTLE - 3:JS脚本需要使用js引擎编译，脚本:function unnamed_188(){ with(Math){ return _99060_>=1;}; }
22:43:59.326 [main] ERROR BATTLE - 3:JS脚本需要使用js引擎编译，脚本:function unnamed_191(){ with(Math){ return _99054_<1;}; }
22:43:59.327 [main] ERROR BATTLE - 3:JS脚本需要使用js引擎编译，脚本:function unnamed_212(){ with(Math){ return _99074_>=1;}; }
22:43:59.328 [main] ERROR BATTLE - 3:JS脚本需要使用js引擎编译，脚本:function unnamed_166(){ with(Math){ return _95003_=6;}; }
22:43:59.329 [main] ERROR BATTLE - 3:JS脚本需要使用js引擎编译，脚本:function unnamed_162(){ with(Math){ return _97001_>=4;}; }
22:43:59.330 [main] ERROR BATTLE - 3:JS脚本需要使用js引擎编译，脚本:function unnamed_126(){ with(Math){ return (15)+(TeamNum-1)*15+RoleLv*4;}; }
22:43:59.331 [main] ERROR BATTLE - 3:JS脚本需要使用js引擎编译，脚本:function unnamed_9(){ with(Math){ return 0.7+0.002*(skilllevela-gradeb)+(enhanceseala-resistsealb);}; }
22:43:59.332 [main] ERROR BATTLE - 3:JS脚本需要使用js引擎编译，脚本:function unnamed_12(){ with(Math){ return 16*skilllevela;}; }
22:43:59.333 [main] ERROR BATTLE - 3:JS脚本需要使用js引擎编译，脚本:function unnamed_204(){ with(Math){ return _99067_>=1;}; }
22:43:59.334 [main] ERROR BATTLE - 3:JS脚本需要使用js引擎编译，脚本:function unnamed_219(){ with(Math){ return !_503001_;}; }
22:43:59.336 [main] ERROR BATTLE - 3:JS脚本需要使用js引擎编译，脚本:function unnamed_59(){ with(Math){ return gradea*0.16;}; }
22:43:59.337 [main] ERROR BATTLE - 3:JS脚本需要使用js引擎编译，脚本:function unnamed_118(){ with(Math){ return (15)+(TeamNum-1)*15+RoleLv*100;}; }
22:43:59.338 [main] ERROR BATTLE - 3:JS脚本需要使用js引擎编译，脚本:function unnamed_214(){ with(Math){ return _501901_;}; }
22:43:59.339 [main] ERROR BATTLE - 3:JS脚本需要使用js引擎编译，脚本:function unnamed_189(){ with(Math){ return _99061_>=1;}; }
22:43:59.340 [main] ERROR BATTLE - 3:JS脚本需要使用js引擎编译，脚本:function unnamed_30(){ with(Math){ return -maxhpb*0.1;}; }
22:43:59.341 [main] ERROR BATTLE - 3:JS脚本需要使用js引擎编译，脚本:function unnamed_216(){ with(Math){ return !_508236_;}; }
22:43:59.342 [main] ERROR BATTLE - 3:JS脚本需要使用js引擎编译，脚本:function unnamed_62(){ with(Math){ return gradea*0.125;}; }
22:43:59.343 [main] ERROR BATTLE - 3:JS脚本需要使用js引擎编译，脚本:function unnamed_163(){ with(Math){ return _99040_>=2;}; }
22:43:59.344 [main] ERROR BATTLE - 3:JS脚本需要使用js引擎编译，脚本:function unnamed_81(){ with(Math){ return gradea*1.2;}; }
22:43:59.346 [main] ERROR BATTLE - 3:JS脚本需要使用js引擎编译，脚本:function unnamed_153(){ with(Math){ return _95003_<=5;}; }
22:43:59.347 [main] ERROR BATTLE - 3:JS脚本需要使用js引擎编译，脚本:function unnamed_170(){ with(Math){ return _99041_>=3;}; }
22:43:59.348 [main] ERROR BATTLE - 3:JS脚本需要使用js引擎编译，脚本:function unnamed_173(){ with(Math){ return _99044_<1;}; }
22:43:59.349 [main] ERROR BATTLE - 3:JS脚本需要使用js引擎编译，脚本:function unnamed_200(){ with(Math){ return _99062_>=1;}; }
22:43:59.350 [main] ERROR BATTLE - 3:JS脚本需要使用js引擎编译，脚本:function unnamed_159(){ with(Math){ return _96232_>=1;}; }
22:43:59.352 [main] ERROR BATTLE - 3:JS脚本需要使用js引擎编译，脚本:function unnamed_4(){ with(Math){ return 0.15*maxhpb;}; }
22:43:59.353 [main] ERROR BATTLE - 3:JS脚本需要使用js引擎编译，脚本:function unnamed_78(){ with(Math){ return gradea*0.08;}; }
22:43:59.354 [main] ERROR BATTLE - 3:JS脚本需要使用js引擎编译，脚本:function unnamed_3(){ with(Math){ return -(phyattacka*0.55-defendb+1*skilllevela);}; }
22:43:59.355 [main] ERROR BATTLE - 3:JS脚本需要使用js引擎编译，脚本:function unnamed_77(){ with(Math){ return gradea*0.0014;}; }
22:43:59.356 [main] ERROR BATTLE - 3:JS脚本需要使用js引擎编译，脚本:function unnamed_133(){ with(Math){ return 3000*RoleLv;}; }
22:43:59.357 [main] ERROR BATTLE - 3:JS脚本需要使用js引擎编译，脚本:function unnamed_76(){ with(Math){ return gradea*0.001225;}; }
22:43:59.358 [main] ERROR BATTLE - 3:JS脚本需要使用js引擎编译，脚本:function unnamed_86(){ with(Math){ return gradea*0.3375;}; }
22:43:59.359 [main] ERROR BATTLE - 3:JS脚本需要使用js引擎编译，脚本:function unnamed_167(){ with(Math){ return _95003_=7;}; }
22:43:59.361 [main] ERROR BATTLE - 3:JS脚本需要使用js引擎编译，脚本:function unnamed_15(){ with(Math){ return -(magicattacka*1.8-magicdefb+2*skilllevela)*(0.5+0.05*(4-preaimcount));}; }
22:43:59.363 [main] ERROR BATTLE - 3:JS脚本需要使用js引擎编译，脚本:function unnamed_50(){ with(Math){ return -(magicattacka*0.5-magicdefb+2*gradea)*(0.5+0.05*(2-preaimcount));}; }
22:43:59.364 [main] ERROR BATTLE - 3:JS脚本需要使用js引擎编译，脚本:function unnamed_123(){ with(Math){ return (15)+(TeamNum-1)*15+RoleLv*1;}; }
22:43:59.366 [main] ERROR BATTLE - 3:JS脚本需要使用js引擎编译，脚本:function unnamed_103(){ with(Math){ return gradea*3;}; }
22:43:59.367 [main] ERROR BATTLE - 3:JS脚本需要使用js引擎编译，脚本:function unnamed_13(){ with(Math){ return ((medicala*0.5+skilllevela*1.4)+abs(maindamage)*0.1)*(1+healrevisea)*(1+medicaljiashena/1000);}; }
22:43:59.368 [main] ERROR BATTLE - 3:JS脚本需要使用js引擎编译，脚本:function unnamed_71(){ with(Math){ return gradea*1.22;}; }
22:43:59.369 [main] ERROR BATTLE - 3:JS脚本需要使用js引擎编译，脚本:function unnamed_138(){ with(Math){ return Ring+3;}; }
22:43:59.370 [main] ERROR BATTLE - 3:JS脚本需要使用js引擎编译，脚本:function unnamed_60(){ with(Math){ return gradea*0.1;}; }
22:43:59.371 [main] ERROR BATTLE - 3:JS脚本需要使用js引擎编译，脚本:function unnamed_180(){ with(Math){ return _94014_>=7;}; }
22:43:59.372 [main] ERROR BATTLE - 3:JS脚本需要使用js引擎编译，脚本:function unnamed_147(){ with(Math){ return _99038_>=1;}; }
22:43:59.373 [main] ERROR BATTLE - 3:JS脚本需要使用js引擎编译，脚本:function unnamed_186(){ with(Math){ return _99058_>=1;}; }
22:43:59.374 [main] ERROR BATTLE - 3:JS脚本需要使用js引擎编译，脚本:function unnamed_115(){ with(Math){ return (15)+(TeamNum-1)*15+RoleLv*160;}; }
22:43:59.376 [main] ERROR BATTLE - 3:JS脚本需要使用js引擎编译，脚本:function unnamed_34(){ with(Math){ return -maxhpb*0.6;}; }
22:43:59.377 [main] ERROR BATTLE - 3:JS脚本需要使用js引擎编译，脚本:function unnamed_215(){ with(Math){ return _501402_;}; }
22:43:59.378 [main] ERROR BATTLE - 3:JS脚本需要使用js引擎编译，脚本:function unnamed_150(){ with(Math){ return _95003_<=2;}; }
22:43:59.379 [main] ERROR BATTLE - 3:JS脚本需要使用js引擎编译，脚本:function unnamed_0(){ with(Math){ return -(phyattacka*1.3-defendb+1*skilllevela);}; }
22:43:59.380 [main] ERROR BATTLE - 3:JS脚本需要使用js引擎编译，脚本:function unnamed_66(){ with(Math){ return gradea*0.175;}; }
22:43:59.381 [main] ERROR BATTLE - 3:JS脚本需要使用js引擎编译，脚本:function unnamed_55(){ with(Math){ return -(phyattacka*1-defendb+7*gradea);}; }
22:43:59.382 [main] ERROR BATTLE - 3:JS脚本需要使用js引擎编译，脚本:function unnamed_22(){ with(Math){ return medicala+1.2*skilllevela;}; }
22:43:59.383 [main] ERROR BATTLE - 3:JS脚本需要使用js引擎编译，脚本:function unnamed_222(){ with(Math){ return !_508006_;}; }
22:43:59.384 [main] ERROR BATTLE - 3:JS脚本需要使用js引擎编译，脚本:function unnamed_41(){ with(Math){ return -(phyattacka*1.60-defendb+1*skilllevela)*2.5;}; }
22:43:59.386 [main] ERROR BATTLE - 3:JS脚本需要使用js引擎编译，脚本:function unnamed_136(){ with(Math){ return RoleLv*200;}; }
22:43:59.387 [main] ERROR BATTLE - 3:JS脚本需要使用js引擎编译，脚本:function unnamed_7(){ with(Math){ return 9*skilllevela;}; }
22:43:59.388 [main] ERROR BATTLE - 3:JS脚本需要使用js引擎编译，脚本:function unnamed_192(){ with(Math){ return _99055_<1;}; }
22:43:59.389 [main] ERROR BATTLE - 3:JS脚本需要使用js引擎编译，脚本:function unnamed_101(){ with(Math){ return gradea*0.45;}; }
22:43:59.390 [main] ERROR BATTLE - 3:JS脚本需要使用js引擎编译，脚本:function unnamed_6(){ with(Math){ return -(phyattacka*1.45-defendb+1*skilllevela);}; }
22:43:59.391 [main] ERROR BATTLE - 3:JS脚本需要使用js引擎编译，脚本:function unnamed_53(){ with(Math){ return abs(maindamage)*0.20;}; }
22:43:59.393 [main] ERROR BATTLE - 3:JS脚本需要使用js引擎编译，脚本:function unnamed_92(){ with(Math){ return gradea*0.0625;}; }
22:43:59.394 [main] ERROR BATTLE - 3:JS脚本需要使用js引擎编译，脚本:function unnamed_177(){ with(Math){ return _94056_>=3;}; }
22:43:59.395 [main] ERROR BATTLE - 3:JS脚本需要使用js引擎编译，脚本:function unnamed_104(){ with(Math){ return gradea*3.25;}; }
22:43:59.396 [main] ERROR BATTLE - 3:JS脚本需要使用js引擎编译，脚本:function unnamed_25(){ with(Math){ return 0.7*maxhpb;}; }
22:43:59.397 [main] ERROR BATTLE - 3:JS脚本需要使用js引擎编译，脚本:function unnamed_1(){ with(Math){ return -(phyattacka*1.35-defendb+1*skilllevela);}; }
22:43:59.399 [main] ERROR BATTLE - 3:JS脚本需要使用js引擎编译，脚本:function unnamed_124(){ with(Math){ return (15)+(TeamNum-1)*15+RoleLv*2;}; }
22:43:59.400 [main] ERROR BATTLE - 3:JS脚本需要使用js引擎编译，脚本:function unnamed_168(){ with(Math){ return _95003_=8;}; }
22:43:59.401 [main] ERROR BATTLE - 3:JS脚本需要使用js引擎编译，脚本:function unnamed_45(){ with(Math){ return -magicattacka*1.6;}; }
22:43:59.402 [main] ERROR BATTLE - 3:JS脚本需要使用js引擎编译，脚本:function unnamed_89(){ with(Math){ return gradea*1.225;}; }
22:43:59.403 [main] ERROR BATTLE - 3:JS脚本需要使用js引擎编译，脚本:function unnamed_146(){ with(Math){ return _99037_>=1;}; }
22:43:59.405 [main] ERROR BATTLE - 3:JS脚本需要使用js引擎编译，脚本:function unnamed_10(){ with(Math){ return gradea*2;}; }
22:43:59.406 [main] ERROR BATTLE - 3:JS脚本需要使用js引擎编译，脚本:function unnamed_35(){ with(Math){ return -maxhpb*0.7;}; }
22:43:59.407 [main] ERROR BATTLE - 3:JS脚本需要使用js引擎编译，脚本:function unnamed_61(){ with(Math){ return gradea*0.2;}; }
22:43:59.408 [main] ERROR BATTLE - 3:JS脚本需要使用js引擎编译，脚本:function unnamed_114(){ with(Math){ return -magicattacka*0.7;}; }
22:43:59.409 [main] ERROR BATTLE - 3:JS脚本需要使用js引擎编译，脚本:function unnamed_85(){ with(Math){ return gradea*0.2835;}; }
22:43:59.410 [main] ERROR BATTLE - 3:JS脚本需要使用js引擎编译，脚本:function unnamed_57(){ with(Math){ return 10+gradea;}; }
22:43:59.411 [main] ERROR BATTLE - 3:JS脚本需要使用js引擎编译，脚本:function unnamed_145(){ with(Math){ return _99036_>=1;}; }
22:43:59.413 [main] ERROR BATTLE - 3:JS脚本需要使用js引擎编译，脚本:function unnamed_151(){ with(Math){ return _95003_<=3;}; }
22:43:59.414 [main] ERROR BATTLE - 3:JS脚本需要使用js引擎编译，脚本:function unnamed_106(){ with(Math){ return gradea*3.75;}; }
22:43:59.415 [main] ERROR BATTLE - 3:JS脚本需要使用js引擎编译，脚本:function unnamed_160(){ with(Math){ return _96234_>=1;}; }
22:43:59.420 [main] ERROR BATTLE - 3:JS脚本需要使用js引擎编译，脚本:function unnamed_178(){ with(Math){ return _99049_>=1;}; }
22:43:59.422 [main] ERROR BATTLE - 3:JS脚本需要使用js引擎编译，脚本:function unnamed_84(){ with(Math){ return gradea*0.2362;}; }
22:43:59.423 [main] ERROR BATTLE - 3:JS脚本需要使用js引擎编译，脚本:function unnamed_197(){ with(Math){ return _99060_<1;}; }
22:43:59.424 [main] ERROR BATTLE - 3:JS脚本需要使用js引擎编译，脚本:function unnamed_14(){ with(Math){ return ((medicala*0.2+skilllevela*1.2)+abs(maindamage)*0.08)*(1+healrevisea)*(1+medicaljiashena/1000);}; }
22:43:59.425 [main] ERROR BATTLE - 3:JS脚本需要使用js引擎编译，脚本:function unnamed_42(){ with(Math){ return -(phyattacka*1.10-defendb+1*skilllevela)*2.5;}; }
22:43:59.426 [main] ERROR BATTLE - 3:JS脚本需要使用js引擎编译，脚本:function unnamed_194(){ with(Math){ return _99057_<1;}; }
22:43:59.427 [main] ERROR BATTLE - 3:JS脚本需要使用js引擎编译，脚本:function unnamed_211(){ with(Math){ return _99065_>=3;}; }
22:43:59.431 [main] ERROR BATTLE - 3:JS脚本需要使用js引擎编译，脚本:function unnamed_131(){ with(Math){ return (1*RoleLv*1.3)*(random()*(1.02-0.98)+0.98);}; }
22:43:59.432 [main] ERROR BATTLE - 3:JS脚本需要使用js引擎编译，脚本:function unnamed_27(){ with(Math){ return 10+1.3*skilllevela;}; }
22:43:59.433 [main] ERROR BATTLE - 3:JS脚本需要使用js引擎编译，脚本:function unnamed_128(){ with(Math){ return RoleLv*1.7+20;}; }
22:43:59.434 [main] ERROR BATTLE - 3:JS脚本需要使用js引擎编译，脚本:function unnamed_169(){ with(Math){ return _95003_=9;}; }
22:43:59.436 [main] ERROR BATTLE - 3:JS脚本需要使用js引擎编译，脚本:function unnamed_135(){ with(Math){ return (400*MonsterLv*0.017*(MonsterNum*0.083+MasterNum*0.1245)*min(max(1-0.2*floor(abs(MonsterLv-RoleLv)/5),0.1),1)*(1-IsDbPoint)+400*MonsterLv*0.13*(MonsterNum*0.083+MasterNum*0.1245)*min(max(1-0.2*floor(abs(MonsterLv-RoleLv)/5),0.1),1)*IsDbPoint)*(random()*(1.02-0.98)+0.98);}; }
22:43:59.437 [main] ERROR BATTLE - 3:JS脚本需要使用js引擎编译，脚本:function unnamed_20(){ with(Math){ return medicala+3*skilllevela*2;}; }
22:43:59.438 [main] ERROR BATTLE - 3:JS脚本需要使用js引擎编译，脚本:function unnamed_68(){ with(Math){ return gradea*0.7;}; }
22:43:59.440 [main] ERROR BATTLE - 3:JS脚本需要使用js引擎编译，脚本:function unnamed_43(){ with(Math){ return -magicattacka*3;}; }
22:43:59.441 [main] ERROR BATTLE - 3:JS脚本需要使用js引擎编译，脚本:function unnamed_172(){ with(Math){ return _99043_>=1;}; }
22:43:59.442 [main] ERROR BATTLE - 3:JS脚本需要使用js引擎编译，脚本:function unnamed_196(){ with(Math){ return _99059_<1;}; }
22:43:59.445 [main] ERROR BATTLE - 3:JS脚本需要使用js引擎编译，脚本:function unnamed_207(){ with(Math){ return _99071_>=1;}; }
22:43:59.446 [main] ERROR BATTLE - 3:JS脚本需要使用js引擎编译，脚本:function unnamed_93(){ with(Math){ return gradea*0.625;}; }
22:43:59.448 [main] ERROR BATTLE - 3:JS脚本需要使用js引擎编译，脚本:function unnamed_83(){ with(Math){ return gradea*0.189;}; }
22:43:59.449 [main] ERROR BATTLE - 3:JS脚本需要使用js引擎编译，脚本:function unnamed_119(){ with(Math){ return (15)+(TeamNum-1)*15+RoleLv*120;}; }
22:43:59.450 [main] ERROR BATTLE - 3:JS脚本需要使用js引擎编译，脚本:function unnamed_33(){ with(Math){ return -maxhpb*0.4;}; }
22:43:59.451 [main] ERROR BATTLE - 3:JS脚本需要使用js引擎编译，脚本:function unnamed_227(){ with(Math){ return 1*TeamNum+5;}; }
22:43:59.452 [main] ERROR BATTLE - 3:JS脚本需要使用js引擎编译，脚本:function unnamed_174(){ with(Math){ return _99045_<1;}; }
22:43:59.453 [main] ERROR BATTLE - 3:JS脚本需要使用js引擎编译，脚本:function unnamed_74(){ with(Math){ return gradea*0.000875;}; }
22:43:59.455 [main] ERROR BATTLE - 3:JS脚本需要使用js引擎编译，脚本:function unnamed_156(){ with(Math){ return _95003_<=8;}; }
22:43:59.456 [main] ERROR BATTLE - 3:JS脚本需要使用js引擎编译，脚本:function unnamed_37(){ with(Math){ return -(phyattacka*1.40-defendb+1*skilllevela)*2.5;}; }
22:43:59.457 [main] ERROR BATTLE - 3:JS脚本需要使用js引擎编译，脚本:function unnamed_199(){ with(Math){ return _96001_/_96002_<0.1;}; }
22:43:59.458 [main] ERROR BATTLE - 3:JS脚本需要使用js引擎编译，脚本:function unnamed_209(){ with(Math){ return _99072_<1;}; }
22:43:59.459 [main] ERROR BATTLE - 3:JS脚本需要使用js引擎编译，脚本:function unnamed_23(){ with(Math){ return (medicala+1.2*skilllevela)*0.4;}; }
22:43:59.461 [main] ERROR BATTLE - 3:JS脚本需要使用js引擎编译，脚本:function unnamed_70(){ with(Math){ return gradea*1.05;}; }
22:43:59.462 [main] ERROR BATTLE - 3:JS脚本需要使用js引擎编译，脚本:function unnamed_63(){ with(Math){ return gradea*0.24;}; }
22:43:59.463 [main] ERROR BATTLE - 3:JS脚本需要使用js引擎编译，脚本:function unnamed_98(){ with(Math){ return gradea*0.85;}; }
22:43:59.464 [main] ERROR BATTLE - 3:JS脚本需要使用js引擎编译，脚本:function unnamed_144(){ with(Math){ return _94056_>=1;}; }
22:43:59.465 [main] ERROR BATTLE - 3:JS脚本需要使用js引擎编译，脚本:function unnamed_141(){ with(Math){ return (500*RoleLv*0.05)*(random()*(1.02-0.98)+0.98)*0.5;}; }
22:43:59.466 [main] ERROR BATTLE - 3:JS脚本需要使用js引擎编译，脚本:function unnamed_143(){ with(Math){ return _99065_>=4;}; }
22:43:59.467 [main] ERROR BATTLE - 3:JS脚本需要使用js引擎编译，脚本:function unnamed_185(){ with(Math){ return _99057_>=1;}; }
22:43:59.469 [main] ERROR BATTLE - 3:JS脚本需要使用js引擎编译，脚本:function unnamed_107(){ with(Math){ return gradea*4;}; }
22:43:59.470 [main] ERROR BATTLE - 3:JS脚本需要使用js引擎编译，脚本:function unnamed_206(){ with(Math){ return _99068_>=1;}; }
22:43:59.471 [main] ERROR BATTLE - 3:JS脚本需要使用js引擎编译，脚本:function unnamed_58(){ with(Math){ return -(magicattacka*1.2-magicdefb+2*gradea)*(0.5+0.05*(2-preaimcount));}; }
22:43:59.472 [main] ERROR BATTLE - 3:JS脚本需要使用js引擎编译，脚本:function unnamed_100(){ with(Math){ return gradea*0.375;}; }
22:43:59.473 [main] ERROR BATTLE - 3:JS脚本需要使用js引擎编译，脚本:function unnamed_56(){ with(Math){ return -(magicattacka*3.5-magicdefb+2*skilllevela)*0.3;}; }
22:43:59.474 [main] ERROR BATTLE - 3:JS脚本需要使用js引擎编译，脚本:function unnamed_26(){ with(Math){ return -(speeda*0.1+7*skilllevela)*1.1;}; }
22:43:59.475 [main] ERROR BATTLE - 3:JS脚本需要使用js引擎编译，脚本:function unnamed_75(){ with(Math){ return gradea*0.00105;}; }
22:43:59.477 [main] ERROR BATTLE - 3:JS脚本需要使用js引擎编译，脚本:function unnamed_80(){ with(Math){ return gradea*0.12;}; }
22:43:59.478 [main] ERROR BATTLE - 3:JS脚本需要使用js引擎编译，脚本:function unnamed_40(){ with(Math){ return -(phyattacka*1.55-defendb+1*skilllevela)*2.5;}; }
22:43:59.479 [main] ERROR BATTLE - 3:JS脚本需要使用js引擎编译，脚本:function unnamed_157(){ with(Math){ return _95003_<=9;}; }
22:43:59.480 [main] ERROR BATTLE - 3:JS脚本需要使用js引擎编译，脚本:function unnamed_140(){ with(Math){ return (5000*RoleLv*0.05)*(random()*(1.02-0.98)+0.98)*(1-min(5-TeamNum,2)*0.15);}; }
22:43:59.481 [main] ERROR BATTLE - 3:JS脚本需要使用js引擎编译，脚本:function unnamed_184(){ with(Math){ return _99056_>=1;}; }
22:43:59.483 [main] ERROR BATTLE - 3:JS脚本需要使用js引擎编译，脚本:function unnamed_122(){ with(Math){ return RoleLv*10;}; }
22:43:59.484 [main] ERROR BATTLE - 3:JS脚本需要使用js引擎编译，脚本:function unnamed_48(){ with(Math){ return -(phyattacka*2-defendb+1*gradea);}; }
22:43:59.485 [main] ERROR BATTLE - 3:JS脚本需要使用js引擎编译，脚本:function unnamed_110(){ with(Math){ return 0.3*maxhpb;}; }
22:43:59.486 [main] ERROR BATTLE - 3:JS脚本需要使用js引擎编译，脚本:function unnamed_2(){ with(Math){ return -(phyattacka*0.65-defendb+1*skilllevela);}; }
22:43:59.487 [main] ERROR BATTLE - 3:JS脚本需要使用js引擎编译，脚本:function unnamed_109(){ with(Math){ return 0.05*maxhpb;}; }
22:43:59.488 [main] ERROR BATTLE - 3:JS脚本需要使用js引擎编译，脚本:function unnamed_208(){ with(Math){ return _99070_==1;}; }
22:43:59.489 [main] ERROR BATTLE - 3:JS脚本需要使用js引擎编译，脚本:function unnamed_179(){ with(Math){ return _99052_>=1;}; }
22:43:59.491 [main] ERROR BATTLE - 3:JS脚本需要使用js引擎编译，脚本:function unnamed_29(){ with(Math){ return -(magicattacka*1.8-magicdefb+2*gradea)*0.5;}; }
22:43:59.492 [main] ERROR BATTLE - 3:JS脚本需要使用js引擎编译，脚本:function unnamed_218(){ with(Math){ return !_509951_;}; }
22:43:59.493 [main] ERROR BATTLE - 3:JS脚本需要使用js引擎编译，脚本:function unnamed_213(){ with(Math){ return _502003_;}; }
22:43:59.494 [main] ERROR BATTLE - 3:JS脚本需要使用js引擎编译，脚本:function unnamed_132(){ with(Math){ return 2000*RoleLv;}; }
22:43:59.495 [main] ERROR BATTLE - 3:JS脚本需要使用js引擎编译，脚本:function unnamed_97(){ with(Math){ return gradea*0.65;}; }
22:43:59.496 [main] ERROR BATTLE - 3:JS脚本需要使用js引擎编译，脚本:function unnamed_161(){ with(Math){ return _95003_=3;}; }
22:43:59.497 [main] ERROR BATTLE - 3:JS脚本需要使用js引擎编译，脚本:function unnamed_183(){ with(Math){ return _99055_>=1;}; }
22:43:59.498 [main] ERROR BATTLE - 3:JS脚本需要使用js引擎编译，脚本:function unnamed_129(){ with(Math){ return (1*RoleLv*11)*(random()*(1.02-0.98)+0.98);}; }
22:43:59.500 [main] ERROR BATTLE - 3:JS脚本需要使用js引擎编译，脚本:function unnamed_17(){ with(Math){ return abs(maindamage)*1;}; }
22:43:59.501 [main] ERROR BATTLE - 3:JS脚本需要使用js引擎编译，脚本:function unnamed_49(){ with(Math){ return phyattacka*1.25-defendb+1*gradea;}; }
22:43:59.502 [main] ERROR BATTLE - 3:JS脚本需要使用js引擎编译，脚本:function unnamed_127(){ with(Math){ return (15)+(TeamNum-1)*15+RoleLv*5;}; }
22:43:59.503 [main] ERROR BATTLE - 3:JS脚本需要使用js引擎编译，脚本:function unnamed_73(){ with(Math){ return gradea*0.0007;}; }
22:43:59.504 [main] ERROR BATTLE - 3:JS脚本需要使用js引擎编译，脚本:function unnamed_91(){ with(Math){ return gradea*0.5;}; }
22:43:59.505 [main] ERROR BATTLE - 3:JS脚本需要使用js引擎编译，脚本:function unnamed_64(){ with(Math){ return gradea*0.15;}; }
22:43:59.506 [main] ERROR BATTLE - 3:JS脚本需要使用js引擎编译，脚本:function unnamed_190(){ with(Math){ return _99053_<1;}; }
22:43:59.508 [main] ERROR BATTLE - 3:JS脚本需要使用js引擎编译，脚本:function unnamed_102(){ with(Math){ return gradea*0.525;}; }
22:43:59.509 [main] ERROR BATTLE - 3:JS脚本需要使用js引擎编译，脚本:function unnamed_31(){ with(Math){ return -maxhpb*0.2;}; }
22:43:59.510 [main] ERROR BATTLE - 3:JS脚本需要使用js引擎编译，脚本:function unnamed_130(){ with(Math){ return (1*RoleLv*0.94)*(random()*(1.02-0.98)+0.98);}; }
22:43:59.511 [main] ERROR BATTLE - 3:JS脚本需要使用js引擎编译，脚本:function unnamed_16(){ with(Math){ return abs(maindamage)*0.35;}; }
22:43:59.512 [main] ERROR BATTLE - 3:JS脚本需要使用js引擎编译，脚本:function unnamed_18(){ with(Math){ return -magicattacka*0.2;}; }
22:43:59.513 [main] ERROR BATTLE - 3:JS脚本需要使用js引擎编译，脚本:function unnamed_154(){ with(Math){ return _95003_<=6;}; }
22:43:59.514 [main] ERROR BATTLE - 3:JS脚本需要使用js引擎编译，脚本:function unnamed_28(){ with(Math){ return -(magicattacka*1.3-magicdefb+2*gradea)*0.5;}; }
22:43:59.516 [main] ERROR BATTLE - 3:JS脚本需要使用js引擎编译，脚本:function unnamed_36(){ with(Math){ return -(phyattacka*10-defendb+1*gradea+max((phyattacka-phyattackb)*0.05,0));}; }
22:43:59.517 [main] ERROR BATTLE - 3:JS脚本需要使用js引擎编译，脚本:function unnamed_182(){ with(Math){ return _99054_>=1;}; }
22:43:59.518 [main] ERROR BATTLE - 3:JS脚本需要使用js引擎编译，脚本:function unnamed_225(){ with(Math){ return !_508014_;}; }
22:43:59.519 [main] ERROR BATTLE - 3:JS脚本需要使用js引擎编译，脚本:function unnamed_69(){ with(Math){ return gradea*0.87;}; }
22:43:59.520 [main] ERROR BATTLE - 3:JS脚本需要使用js引擎编译，脚本:function unnamed_164(){ with(Math){ return _95003_=4;}; }
22:43:59.521 [main] ERROR BATTLE - 3:JS脚本需要使用js引擎编译，脚本:function unnamed_175(){ with(Math){ return _99047_>=1;}; }
22:43:59.522 [main] ERROR BATTLE - 3:JS脚本需要使用js引擎编译，脚本:function unnamed_181(){ with(Math){ return _99053_>=1;}; }
22:43:59.523 [main] ERROR BATTLE - 3:JS脚本需要使用js引擎编译，脚本:function unnamed_134(){ with(Math){ return (400*MonsterLv*0.011*(MonsterNum*0.083+MasterNum*0.1245)*min(max(1-0.2*floor(abs(MonsterLv-RoleLv)/5),0.1),1)*(1-IsDbPoint)+400*MonsterLv*0.13*(MonsterNum*0.083+MasterNum*0.1245)*min(max(1-0.2*floor(abs(MonsterLv-RoleLv)/5),0.1),1)*IsDbPoint)*(random()*(1.02-0.98)+0.98);}; }
22:43:59.525 [main] ERROR BATTLE - 3:JS脚本需要使用js引擎编译，脚本:function unnamed_176(){ with(Math){ return _99048_>=1;}; }
22:43:59.526 [main] ERROR BATTLE - 3:JS脚本需要使用js引擎编译，脚本:function unnamed_39(){ with(Math){ return -(phyattacka*1.50-defendb+1*skilllevela)*2.5;}; }
22:43:59.527 [main] ERROR BATTLE - 3:JS脚本需要使用js引擎编译，脚本:function unnamed_120(){ with(Math){ return (15)+(TeamNum-1)*15+RoleLv*140;}; }
22:43:59.528 [main] ERROR BATTLE - 3:JS脚本需要使用js引擎编译，脚本:function unnamed_51(){ with(Math){ return -(magicattacka*0.8-magicdefb+2*gradea)*(0.5+0.05*(2-preaimcount));}; }
22:43:59.529 [main] ERROR BATTLE - 3:JS脚本需要使用js引擎编译，脚本:function unnamed_82(){ with(Math){ return gradea*0.14;}; }
22:43:59.531 [main] ERROR BATTLE - 3:JS脚本需要使用js引擎编译，脚本:function unnamed_32(){ with(Math){ return -maxhpb*0.3;}; }
22:43:59.532 [main] ERROR BATTLE - 3:JS脚本需要使用js引擎编译，脚本:function unnamed_54(){ with(Math){ return -(magicattacka*3.5-magicdefb+2*skilllevela)*0.5;}; }
22:43:59.533 [main] ERROR BATTLE - 3:JS脚本需要使用js引擎编译，脚本:function unnamed_95(){ with(Math){ return gradea*0.75;}; }
22:43:59.534 [main] ERROR BATTLE - 3:JS脚本需要使用js引擎编译，脚本:function unnamed_158(){ with(Math){ return _95003_<=10;}; }
22:43:59.535 [main] ERROR BATTLE - 3:JS脚本需要使用js引擎编译，脚本:function unnamed_19(){ with(Math){ return medicala*1.1+3*skilllevela;}; }
22:43:59.536 [main] ERROR BATTLE - 3:JS脚本需要使用js引擎编译，脚本:function unnamed_72(){ with(Math){ return gradea*1.4;}; }
22:43:59.537 [main] ERROR BATTLE - 3:JS脚本需要使用js引擎编译，脚本:function unnamed_139(){ with(Math){ return 105800+floor(RoleLv/10)*440+(200+floor(RoleLv/10)*40*(Ring-1));}; }
22:43:59.539 [main] ERROR BATTLE - 3:JS脚本需要使用js引擎编译，脚本:function unnamed_108(){ with(Math){ return -(phyattacka*1.2-defendb+1*gradea);}; }
22:43:59.540 [main] ERROR BATTLE - 3:JS脚本需要使用js引擎编译，脚本:function unnamed_117(){ with(Math){ return RoleLv*50;}; }
22:43:59.541 [main] ERROR BATTLE - 3:JS脚本需要使用js引擎编译，脚本:function unnamed_155(){ with(Math){ return _95003_<=7;}; }
22:43:59.542 [main] ERROR BATTLE - 3:JS脚本需要使用js引擎编译，脚本:function unnamed_220(){ with(Math){ return !_501402_;}; }
22:43:59.543 [main] ERROR BATTLE - 3:JS脚本需要使用js引擎编译，脚本:function unnamed_21(){ with(Math){ return -(magicattacka*1.3-magicdefb+2*gradea)*0.5*(1.2+(0.6+0.2*skilllevela)*(1-curmpb/maxmpb));}; }
22:43:59.544 [main] ERROR BATTLE - 3:JS脚本需要使用js引擎编译，脚本:function unnamed_116(){ with(Math){ return 1600*RoleLv*0.067*(0.74+0.02*Time)*(random()*(1.02-0.98)+0.98);}; }
22:43:59.546 [main] ERROR BATTLE - 3:JS脚本需要使用js引擎编译，脚本:function unnamed_5(){ with(Math){ return -(phyattacka*1-defendb+1*gradea)*(0.25+0.05*skilllevela);}; }
22:43:59.547 [main] ERROR BATTLE - 3:JS脚本需要使用js引擎编译，脚本:function unnamed_226(){ with(Math){ return !_508008_;}; }
22:43:59.548 [main] ERROR BATTLE - 3:JS脚本需要使用js引擎编译，脚本:function unnamed_210(){ with(Math){ return _94041_>=1;}; }
22:43:59.549 [main] ERROR BATTLE - 3:JS脚本需要使用js引擎编译，脚本:function unnamed_205(){ with(Math){ return _99049_>=5;}; }
22:43:59.550 [main] ERROR BATTLE - 3:JS脚本需要使用js引擎编译，脚本:function unnamed_217(){ with(Math){ return !_508237_;}; }
22:43:59.551 [main] ERROR BATTLE - 3:JS脚本需要使用js引擎编译，脚本:function unnamed_47(){ with(Math){ return -(phyattacka*1.25-defendb+1*gradea+max((phyattacka-phyattackb)*0.25,0));}; }
22:43:59.552 [main] ERROR BATTLE - 3:JS脚本需要使用js引擎编译，脚本:function unnamed_149(){ with(Math){ return _94056_>=4;}; }
22:43:59.554 [main] ERROR BATTLE - 3:JS脚本需要使用js引擎编译，脚本:function unnamed_195(){ with(Math){ return _99058_<1;}; }
22:43:59.555 [main] ERROR BATTLE - 3:JS脚本需要使用js引擎编译，脚本:function unnamed_148(){ with(Math){ return _99039_>=1;}; }
22:43:59.556 [main] ERROR BATTLE - 3:JS脚本需要使用js引擎编译，脚本:function unnamed_187(){ with(Math){ return _99059_>=1;}; }
22:43:59.557 [main] ERROR BATTLE - 3:JS脚本需要使用js引擎编译，脚本:function unnamed_24(){ with(Math){ return 2*skilllevela+50;}; }
22:43:59.558 [main] ERROR BATTLE - 3:JS脚本需要使用js引擎编译，脚本:function unnamed_96(){ with(Math){ return gradea*0.0875;}; }
22:43:59.559 [main] ERROR BATTLE - 3:JS脚本需要使用js引擎编译，脚本:function unnamed_165(){ with(Math){ return _95003_=5;}; }
22:43:59.561 [main] ERROR BATTLE - 3:JS脚本需要使用js引擎编译，脚本:function unnamed_113(){ with(Math){ return -(phyattacka*0.5-defendb+1*gradea);}; }
22:43:59.562 [main] ERROR BATTLE - 3:JS脚本需要使用js引擎编译，脚本:function unnamed_105(){ with(Math){ return gradea*3.5;}; }
22:43:59.563 [main] ERROR BATTLE - 3:JS脚本需要使用js引擎编译，脚本:function unnamed_125(){ with(Math){ return (15)+(TeamNum-1)*15+RoleLv*3;}; }
22:43:59.564 [main] ERROR BATTLE - 3:JS脚本需要使用js引擎编译，脚本:function unnamed_11(){ with(Math){ return -(phyattacka*0.45-defendb+1*skilllevela);}; }
22:43:59.565 [main] ERROR BATTLE - 3:JS脚本需要使用js引擎编译，脚本:function unnamed_112(){ with(Math){ return -(phyattacka*0.65-defendb+1*gradea);}; }
22:43:59.566 [main] ERROR BATTLE - 3:JS脚本需要使用js引擎编译，脚本:function unnamed_137(){ with(Math){ return 500*RoleLv*1.215*(0.88+0.03);}; }
22:43:59.567 [main] ERROR BATTLE - 3:JS脚本需要使用js引擎编译，脚本:function unnamed_171(){ with(Math){ return _99042_>=3;}; }
22:43:59.569 [main] ERROR BATTLE - 3:JS脚本需要使用js引擎编译，脚本:function unnamed_202(){ with(Math){ return _99062_>=3;}; }
22:43:59.570 [main] ERROR BATTLE - 3:JS脚本需要使用js引擎编译，脚本:function unnamed_79(){ with(Math){ return gradea*1;}; }
22:43:59.571 [main] ERROR BATTLE - 3:JS脚本需要使用js引擎编译，脚本:function unnamed_87(){ with(Math){ return gradea*0.378;}; }
22:43:59.572 [main] ERROR BATTLE - 3:JS脚本需要使用js引擎编译，脚本:function unnamed_8(){ with(Math){ return -(magicattacka*1.2-magicdefb+2*skilllevela)*(0.5+0.05*(4-preaimcount));}; }
22:43:59.573 [main] ERROR BATTLE - 3:JS脚本需要使用js引擎编译，脚本:function unnamed_99(){ with(Math){ return gradea*0.3;}; }
22:43:59.574 [main] ERROR BATTLE - 3:JS脚本需要使用js引擎编译，脚本:function unnamed_193(){ with(Math){ return _99056_<1;}; }
22:43:59.575 [main] ERROR BATTLE - 3:JS脚本需要使用js引擎编译，脚本:function unnamed_88(){ with(Math){ return gradea*0.875;}; }
22:43:59.576 [main] ERROR BATTLE - 3:JS脚本需要使用js引擎编译，脚本:function unnamed_67(){ with(Math){ return gradea*0.32;}; }
22:43:59.577 [main] ERROR BATTLE - 3:JS脚本需要使用js引擎编译，脚本:function unnamed_224(){ with(Math){ return _503001_;}; }
22:43:59.578 [main] ERROR BATTLE - 3:JS脚本需要使用js引擎编译，脚本:function unnamed_52(){ with(Math){ return -(phyattacka*0.55-defendb+1*gradea);}; }
22:43:59.580 [main] ERROR BATTLE - 3:JS脚本需要使用js引擎编译，脚本:function unnamed_152(){ with(Math){ return _95003_<=4;}; }
22:43:59.581 [main] ERROR BATTLE - 3:JS脚本需要使用js引擎编译，脚本:function unnamed_198(){ with(Math){ return _99061_<1;}; }
22:43:59.582 [main] ERROR BATTLE - 3:JS脚本需要使用js引擎编译，脚本:function unnamed_223(){ with(Math){ return _509081_;}; }
22:43:59.583 [main] ERROR BATTLE - 3:JS脚本需要使用js引擎编译，脚本:function unnamed_38(){ with(Math){ return -(phyattacka*1.45-defendb+1*skilllevela)*2.5;}; }
22:43:59.584 [main] ERROR BATTLE - 3:JS脚本需要使用js引擎编译，脚本:function unnamed_203(){ with(Math){ return _99066_>=1;}; }
22:43:59.585 [main] ERROR BATTLE - 3:JS脚本需要使用js引擎编译，脚本:function unnamed_221(){ with(Math){ return !_508002_;}; }
22:43:59.586 [main] ERROR BATTLE - 3:JS脚本需要使用js引擎编译，脚本:function unnamed_65(){ with(Math){ return gradea*0.28;}; }
22:43:59.587 [main] ERROR BATTLE - 3:JS脚本需要使用js引擎编译，脚本:function unnamed_201(){ with(Math){ return _99062_>=2;}; }
22:43:59.588 [main] ERROR BATTLE - 3:JS脚本需要使用js引擎编译，脚本:function unnamed_94(){ with(Math){ return gradea*0.075;}; }
22:43:59.590 [main] ERROR BATTLE - 3:JS脚本需要使用js引擎编译，脚本:function unnamed_90(){ with(Math){ return gradea*0.05;}; }
22:43:59.591 [main] ERROR BATTLE - 3:JS脚本需要使用js引擎编译，脚本:function unnamed_44(){ with(Math){ return -magicattacka*2.2;}; }
22:43:59.592 [main] ERROR BATTLE - 3:JS脚本需要使用js引擎编译，脚本:function unnamed_46(){ with(Math){ return -(phyattacka*0.45-defendb+1*gradea);}; }
22:43:59.593 [main] ERROR BATTLE - 3:JS脚本需要使用js引擎编译，脚本:function unnamed_111(){ with(Math){ return 0.35*maxhpb;}; }
22:43:59.594 [main] ERROR BATTLE - 3:JS脚本需要使用js引擎编译，脚本:function unnamed_121(){ with(Math){ return (15)+(TeamNum-1)*15+RoleLv*150;}; }
22:43:59.595 [main] ERROR BATTLE - 3:JS脚本需要使用js引擎编译，脚本:function unnamed_142(){ with(Math){ return _94019_<1;}; }
22:43:59.596 [main] ERROR BATTLE - 3:JS脚本需要使用js引擎编译，脚本:function unnamed_188(){ with(Math){ return _99060_>=1;}; }
22:43:59.598 [main] ERROR BATTLE - 3:JS脚本需要使用js引擎编译，脚本:function unnamed_191(){ with(Math){ return _99054_<1;}; }
22:43:59.599 [main] ERROR BATTLE - 3:JS脚本需要使用js引擎编译，脚本:function unnamed_212(){ with(Math){ return _99074_>=1;}; }
22:43:59.600 [main] ERROR BATTLE - 3:JS脚本需要使用js引擎编译，脚本:function unnamed_166(){ with(Math){ return _95003_=6;}; }
22:43:59.601 [main] ERROR BATTLE - 3:JS脚本需要使用js引擎编译，脚本:function unnamed_162(){ with(Math){ return _97001_>=4;}; }
22:43:59.602 [main] ERROR BATTLE - 3:JS脚本需要使用js引擎编译，脚本:function unnamed_126(){ with(Math){ return (15)+(TeamNum-1)*15+RoleLv*4;}; }
22:43:59.603 [main] ERROR BATTLE - 3:JS脚本需要使用js引擎编译，脚本:function unnamed_9(){ with(Math){ return 0.7+0.002*(skilllevela-gradeb)+(enhanceseala-resistsealb);}; }
22:43:59.604 [main] ERROR BATTLE - 3:JS脚本需要使用js引擎编译，脚本:function unnamed_12(){ with(Math){ return 16*skilllevela;}; }
22:43:59.605 [main] ERROR BATTLE - 3:JS脚本需要使用js引擎编译，脚本:function unnamed_204(){ with(Math){ return _99067_>=1;}; }
22:43:59.607 [main] ERROR BATTLE - 3:JS脚本需要使用js引擎编译，脚本:function unnamed_219(){ with(Math){ return !_503001_;}; }
22:43:59.608 [main] ERROR BATTLE - 3:JS脚本需要使用js引擎编译，脚本:function unnamed_59(){ with(Math){ return gradea*0.16;}; }
22:43:59.609 [main] ERROR BATTLE - 3:JS脚本需要使用js引擎编译，脚本:function unnamed_118(){ with(Math){ return (15)+(TeamNum-1)*15+RoleLv*100;}; }
22:43:59.610 [main] ERROR BATTLE - 3:JS脚本需要使用js引擎编译，脚本:function unnamed_214(){ with(Math){ return _501901_;}; }
22:43:59.611 [main] ERROR BATTLE - 3:JS脚本需要使用js引擎编译，脚本:function unnamed_189(){ with(Math){ return _99061_>=1;}; }
22:43:59.612 [main] ERROR BATTLE - 3:JS脚本需要使用js引擎编译，脚本:function unnamed_30(){ with(Math){ return -maxhpb*0.1;}; }
22:43:59.613 [main] ERROR BATTLE - 3:JS脚本需要使用js引擎编译，脚本:function unnamed_216(){ with(Math){ return !_508236_;}; }
22:43:59.614 [main] ERROR BATTLE - 3:JS脚本需要使用js引擎编译，脚本:function unnamed_62(){ with(Math){ return gradea*0.125;}; }
22:43:59.615 [main] ERROR BATTLE - 3:JS脚本需要使用js引擎编译，脚本:function unnamed_163(){ with(Math){ return _99040_>=2;}; }
22:43:59.617 [main] ERROR BATTLE - 3:JS脚本需要使用js引擎编译，脚本:function unnamed_81(){ with(Math){ return gradea*1.2;}; }
22:43:59.618 [main] ERROR BATTLE - 3:JS脚本需要使用js引擎编译，脚本:function unnamed_153(){ with(Math){ return _95003_<=5;}; }
22:43:59.619 [main] ERROR BATTLE - 3:JS脚本需要使用js引擎编译，脚本:function unnamed_170(){ with(Math){ return _99041_>=3;}; }
22:43:59.620 [main] ERROR BATTLE - 3:JS脚本需要使用js引擎编译，脚本:function unnamed_173(){ with(Math){ return _99044_<1;}; }
22:43:59.621 [main] ERROR BATTLE - 3:JS脚本需要使用js引擎编译，脚本:function unnamed_200(){ with(Math){ return _99062_>=1;}; }
22:43:59.622 [main] ERROR BATTLE - 3:JS脚本需要使用js引擎编译，脚本:function unnamed_159(){ with(Math){ return _96232_>=1;}; }
22:43:59.623 [main] ERROR BATTLE - 3:JS脚本需要使用js引擎编译，脚本:function unnamed_4(){ with(Math){ return 0.15*maxhpb;}; }
22:43:59.624 [main] ERROR BATTLE - 3:JS脚本需要使用js引擎编译，脚本:function unnamed_78(){ with(Math){ return gradea*0.08;}; }
22:43:59.626 [main] ERROR BATTLE - 3:JS脚本需要使用js引擎编译，脚本:function unnamed_3(){ with(Math){ return -(phyattacka*0.55-defendb+1*skilllevela);}; }
22:43:59.627 [main] ERROR BATTLE - 3:JS脚本需要使用js引擎编译，脚本:function unnamed_77(){ with(Math){ return gradea*0.0014;}; }
22:43:59.628 [main] ERROR BATTLE - 3:JS脚本需要使用js引擎编译，脚本:function unnamed_133(){ with(Math){ return 3000*RoleLv;}; }
22:43:59.629 [main] ERROR BATTLE - 3:JS脚本需要使用js引擎编译，脚本:function unnamed_76(){ with(Math){ return gradea*0.001225;}; }
22:43:59.630 [main] ERROR BATTLE - 3:JS脚本需要使用js引擎编译，脚本:function unnamed_86(){ with(Math){ return gradea*0.3375;}; }
22:43:59.631 [main] ERROR BATTLE - 3:JS脚本需要使用js引擎编译，脚本:function unnamed_167(){ with(Math){ return _95003_=7;}; }
22:43:59.632 [main] ERROR BATTLE - 3:JS脚本需要使用js引擎编译，脚本:function unnamed_15(){ with(Math){ return -(magicattacka*1.8-magicdefb+2*skilllevela)*(0.5+0.05*(4-preaimcount));}; }
22:43:59.633 [main] ERROR BATTLE - 3:JS脚本需要使用js引擎编译，脚本:function unnamed_50(){ with(Math){ return -(magicattacka*0.5-magicdefb+2*gradea)*(0.5+0.05*(2-preaimcount));}; }
22:43:59.634 [main] ERROR BATTLE - 3:JS脚本需要使用js引擎编译，脚本:function unnamed_123(){ with(Math){ return (15)+(TeamNum-1)*15+RoleLv*1;}; }
22:43:59.635 [main] ERROR BATTLE - 3:JS脚本需要使用js引擎编译，脚本:function unnamed_103(){ with(Math){ return gradea*3;}; }
22:43:59.637 [main] ERROR BATTLE - 3:JS脚本需要使用js引擎编译，脚本:function unnamed_13(){ with(Math){ return ((medicala*0.5+skilllevela*1.4)+abs(maindamage)*0.1)*(1+healrevisea)*(1+medicaljiashena/1000);}; }
22:43:59.638 [main] ERROR BATTLE - 3:JS脚本需要使用js引擎编译，脚本:function unnamed_71(){ with(Math){ return gradea*1.22;}; }
22:43:59.639 [main] ERROR BATTLE - 3:JS脚本需要使用js引擎编译，脚本:function unnamed_138(){ with(Math){ return Ring+3;}; }
22:43:59.640 [main] ERROR BATTLE - 3:JS脚本需要使用js引擎编译，脚本:function unnamed_60(){ with(Math){ return gradea*0.1;}; }
22:43:59.641 [main] ERROR BATTLE - 3:JS脚本需要使用js引擎编译，脚本:function unnamed_180(){ with(Math){ return _94014_>=7;}; }
22:43:59.642 [main] ERROR BATTLE - 3:JS脚本需要使用js引擎编译，脚本:function unnamed_147(){ with(Math){ return _99038_>=1;}; }
22:43:59.643 [main] ERROR BATTLE - 3:JS脚本需要使用js引擎编译，脚本:function unnamed_186(){ with(Math){ return _99058_>=1;}; }
22:43:59.644 [main] ERROR BATTLE - 3:JS脚本需要使用js引擎编译，脚本:function unnamed_115(){ with(Math){ return (15)+(TeamNum-1)*15+RoleLv*160;}; }
22:43:59.645 [main] ERROR BATTLE - 3:JS脚本需要使用js引擎编译，脚本:function unnamed_34(){ with(Math){ return -maxhpb*0.6;}; }
22:43:59.646 [main] ERROR BATTLE - 3:JS脚本需要使用js引擎编译，脚本:function unnamed_215(){ with(Math){ return _501402_;}; }
22:43:59.648 [main] ERROR BATTLE - 3:JS脚本需要使用js引擎编译，脚本:function unnamed_150(){ with(Math){ return _95003_<=2;}; }
22:43:59.649 [main] ERROR BATTLE - 3:JS脚本需要使用js引擎编译，脚本:function unnamed_0(){ with(Math){ return -(phyattacka*1.3-defendb+1*skilllevela);}; }
22:43:59.650 [main] ERROR BATTLE - 3:JS脚本需要使用js引擎编译，脚本:function unnamed_66(){ with(Math){ return gradea*0.175;}; }
22:43:59.651 [main] ERROR BATTLE - 3:JS脚本需要使用js引擎编译，脚本:function unnamed_55(){ with(Math){ return -(phyattacka*1-defendb+7*gradea);}; }
22:43:59.652 [main] ERROR BATTLE - 3:JS脚本需要使用js引擎编译，脚本:function unnamed_22(){ with(Math){ return medicala+1.2*skilllevela;}; }
22:43:59.653 [main] ERROR BATTLE - 3:JS脚本需要使用js引擎编译，脚本:function unnamed_222(){ with(Math){ return !_508006_;}; }
22:43:59.654 [main] ERROR BATTLE - 3:JS脚本需要使用js引擎编译，脚本:function unnamed_41(){ with(Math){ return -(phyattacka*1.60-defendb+1*skilllevela)*2.5;}; }
22:43:59.655 [main] ERROR BATTLE - 3:JS脚本需要使用js引擎编译，脚本:function unnamed_136(){ with(Math){ return RoleLv*200;}; }
22:43:59.657 [main] ERROR BATTLE - 3:JS脚本需要使用js引擎编译，脚本:function unnamed_7(){ with(Math){ return 9*skilllevela;}; }
22:43:59.658 [main] ERROR BATTLE - 3:JS脚本需要使用js引擎编译，脚本:function unnamed_192(){ with(Math){ return _99055_<1;}; }
22:43:59.659 [main] ERROR BATTLE - 3:JS脚本需要使用js引擎编译，脚本:function unnamed_101(){ with(Math){ return gradea*0.45;}; }
22:43:59.660 [main] ERROR BATTLE - 3:JS脚本需要使用js引擎编译，脚本:function unnamed_6(){ with(Math){ return -(phyattacka*1.45-defendb+1*skilllevela);}; }
22:43:59.661 [main] ERROR BATTLE - 3:JS脚本需要使用js引擎编译，脚本:function unnamed_53(){ with(Math){ return abs(maindamage)*0.20;}; }
22:43:59.662 [main] ERROR BATTLE - 3:JS脚本需要使用js引擎编译，脚本:function unnamed_92(){ with(Math){ return gradea*0.0625;}; }
22:43:59.663 [main] ERROR BATTLE - 3:JS脚本需要使用js引擎编译，脚本:function unnamed_177(){ with(Math){ return _94056_>=3;}; }
22:43:59.664 [main] ERROR BATTLE - 3:JS脚本需要使用js引擎编译，脚本:function unnamed_104(){ with(Math){ return gradea*3.25;}; }
22:43:59.665 [main] ERROR BATTLE - 3:JS脚本需要使用js引擎编译，脚本:function unnamed_25(){ with(Math){ return 0.7*maxhpb;}; }
22:43:59.666 [main] ERROR BATTLE - 3:JS脚本需要使用js引擎编译，脚本:function unnamed_1(){ with(Math){ return -(phyattacka*1.35-defendb+1*skilllevela);}; }
22:43:59.668 [main] ERROR BATTLE - 3:JS脚本需要使用js引擎编译，脚本:function unnamed_124(){ with(Math){ return (15)+(TeamNum-1)*15+RoleLv*2;}; }
22:43:59.669 [main] ERROR BATTLE - 3:JS脚本需要使用js引擎编译，脚本:function unnamed_168(){ with(Math){ return _95003_=8;}; }
22:43:59.670 [main] ERROR BATTLE - 3:JS脚本需要使用js引擎编译，脚本:function unnamed_45(){ with(Math){ return -magicattacka*1.6;}; }
22:43:59.671 [main] ERROR BATTLE - 3:JS脚本需要使用js引擎编译，脚本:function unnamed_89(){ with(Math){ return gradea*1.225;}; }
22:43:59.672 [main] ERROR BATTLE - 3:JS脚本需要使用js引擎编译，脚本:function unnamed_146(){ with(Math){ return _99037_>=1;}; }
22:43:59.673 [main] ERROR BATTLE - 3:JS脚本需要使用js引擎编译，脚本:function unnamed_10(){ with(Math){ return gradea*2;}; }
22:43:59.674 [main] ERROR BATTLE - 3:JS脚本需要使用js引擎编译，脚本:function unnamed_35(){ with(Math){ return -maxhpb*0.7;}; }
22:43:59.675 [main] ERROR BATTLE - 3:JS脚本需要使用js引擎编译，脚本:function unnamed_61(){ with(Math){ return gradea*0.2;}; }
22:43:59.677 [main] ERROR BATTLE - 3:JS脚本需要使用js引擎编译，脚本:function unnamed_114(){ with(Math){ return -magicattacka*0.7;}; }
22:43:59.678 [main] ERROR BATTLE - 3:JS脚本需要使用js引擎编译，脚本:function unnamed_85(){ with(Math){ return gradea*0.2835;}; }
22:43:59.679 [main] ERROR BATTLE - 3:JS脚本需要使用js引擎编译，脚本:function unnamed_57(){ with(Math){ return 10+gradea;}; }
22:43:59.680 [main] ERROR BATTLE - 3:JS脚本需要使用js引擎编译，脚本:function unnamed_145(){ with(Math){ return _99036_>=1;}; }
22:43:59.681 [main] ERROR BATTLE - 3:JS脚本需要使用js引擎编译，脚本:function unnamed_151(){ with(Math){ return _95003_<=3;}; }
22:43:59.682 [main] ERROR BATTLE - 3:JS脚本需要使用js引擎编译，脚本:function unnamed_106(){ with(Math){ return gradea*3.75;}; }
22:43:59.683 [main] ERROR BATTLE - 3:JS脚本需要使用js引擎编译，脚本:function unnamed_160(){ with(Math){ return _96234_>=1;}; }
22:43:59.689 [main] ERROR BATTLE - 3:JS脚本需要使用js引擎编译，脚本:function unnamed_178(){ with(Math){ return _99049_>=1;}; }
22:43:59.690 [main] ERROR BATTLE - 3:JS脚本需要使用js引擎编译，脚本:function unnamed_84(){ with(Math){ return gradea*0.2362;}; }
22:43:59.691 [main] ERROR BATTLE - 3:JS脚本需要使用js引擎编译，脚本:function unnamed_197(){ with(Math){ return _99060_<1;}; }
22:43:59.692 [main] ERROR BATTLE - 3:JS脚本需要使用js引擎编译，脚本:function unnamed_14(){ with(Math){ return ((medicala*0.2+skilllevela*1.2)+abs(maindamage)*0.08)*(1+healrevisea)*(1+medicaljiashena/1000);}; }
22:43:59.693 [main] ERROR BATTLE - 3:JS脚本需要使用js引擎编译，脚本:function unnamed_42(){ with(Math){ return -(phyattacka*1.10-defendb+1*skilllevela)*2.5;}; }
22:43:59.694 [main] ERROR BATTLE - 3:JS脚本需要使用js引擎编译，脚本:function unnamed_194(){ with(Math){ return _99057_<1;}; }
22:43:59.695 [main] ERROR BATTLE - 3:JS脚本需要使用js引擎编译，脚本:function unnamed_211(){ with(Math){ return _99065_>=3;}; }
22:43:59.697 [main] ERROR BATTLE - 3:JS脚本需要使用js引擎编译，脚本:function unnamed_131(){ with(Math){ return (1*RoleLv*1.3)*(random()*(1.02-0.98)+0.98);}; }
22:43:59.698 [main] ERROR BATTLE - 3:JS脚本需要使用js引擎编译，脚本:function unnamed_27(){ with(Math){ return 10+1.3*skilllevela;}; }
22:43:59.699 [main] ERROR BATTLE - 3:JS脚本需要使用js引擎编译，脚本:function unnamed_128(){ with(Math){ return RoleLv*1.7+20;}; }
22:43:59.700 [main] ERROR BATTLE - 3:JS脚本需要使用js引擎编译，脚本:function unnamed_169(){ with(Math){ return _95003_=9;}; }
22:43:59.701 [main] ERROR BATTLE - 3:JS脚本需要使用js引擎编译，脚本:function unnamed_135(){ with(Math){ return (400*MonsterLv*0.017*(MonsterNum*0.083+MasterNum*0.1245)*min(max(1-0.2*floor(abs(MonsterLv-RoleLv)/5),0.1),1)*(1-IsDbPoint)+400*MonsterLv*0.13*(MonsterNum*0.083+MasterNum*0.1245)*min(max(1-0.2*floor(abs(MonsterLv-RoleLv)/5),0.1),1)*IsDbPoint)*(random()*(1.02-0.98)+0.98);}; }
22:43:59.702 [main] ERROR BATTLE - 3:JS脚本需要使用js引擎编译，脚本:function unnamed_20(){ with(Math){ return medicala+3*skilllevela*2;}; }
22:43:59.703 [main] ERROR BATTLE - 3:JS脚本需要使用js引擎编译，脚本:function unnamed_68(){ with(Math){ return gradea*0.7;}; }
22:43:59.705 [main] ERROR BATTLE - 3:JS脚本需要使用js引擎编译，脚本:function unnamed_43(){ with(Math){ return -magicattacka*3;}; }
22:43:59.706 [main] ERROR BATTLE - 3:JS脚本需要使用js引擎编译，脚本:function unnamed_172(){ with(Math){ return _99043_>=1;}; }
22:43:59.707 [main] ERROR BATTLE - 3:JS脚本需要使用js引擎编译，脚本:function unnamed_196(){ with(Math){ return _99059_<1;}; }
22:43:59.708 [main] ERROR BATTLE - 3:JS脚本需要使用js引擎编译，脚本:function unnamed_207(){ with(Math){ return _99071_>=1;}; }
22:43:59.709 [main] ERROR BATTLE - 3:JS脚本需要使用js引擎编译，脚本:function unnamed_93(){ with(Math){ return gradea*0.625;}; }
22:43:59.710 [main] ERROR BATTLE - 3:JS脚本需要使用js引擎编译，脚本:function unnamed_83(){ with(Math){ return gradea*0.189;}; }
22:43:59.711 [main] ERROR BATTLE - 3:JS脚本需要使用js引擎编译，脚本:function unnamed_119(){ with(Math){ return (15)+(TeamNum-1)*15+RoleLv*120;}; }
22:43:59.712 [main] ERROR BATTLE - 3:JS脚本需要使用js引擎编译，脚本:function unnamed_33(){ with(Math){ return -maxhpb*0.4;}; }
22:43:59.714 [main] ERROR BATTLE - 3:JS脚本需要使用js引擎编译，脚本:function unnamed_227(){ with(Math){ return 1*TeamNum+5;}; }
22:43:59.715 [main] ERROR BATTLE - 3:JS脚本需要使用js引擎编译，脚本:function unnamed_174(){ with(Math){ return _99045_<1;}; }
22:43:59.716 [main] ERROR BATTLE - 3:JS脚本需要使用js引擎编译，脚本:function unnamed_74(){ with(Math){ return gradea*0.000875;}; }
22:43:59.717 [main] ERROR BATTLE - 3:JS脚本需要使用js引擎编译，脚本:function unnamed_156(){ with(Math){ return _95003_<=8;}; }
22:43:59.718 [main] ERROR BATTLE - 3:JS脚本需要使用js引擎编译，脚本:function unnamed_37(){ with(Math){ return -(phyattacka*1.40-defendb+1*skilllevela)*2.5;}; }
22:43:59.719 [main] ERROR BATTLE - 3:JS脚本需要使用js引擎编译，脚本:function unnamed_199(){ with(Math){ return _96001_/_96002_<0.1;}; }
22:43:59.720 [main] ERROR BATTLE - 3:JS脚本需要使用js引擎编译，脚本:function unnamed_209(){ with(Math){ return _99072_<1;}; }
22:43:59.722 [main] ERROR BATTLE - 3:JS脚本需要使用js引擎编译，脚本:function unnamed_23(){ with(Math){ return (medicala+1.2*skilllevela)*0.4;}; }
22:43:59.723 [main] ERROR BATTLE - 3:JS脚本需要使用js引擎编译，脚本:function unnamed_70(){ with(Math){ return gradea*1.05;}; }
22:43:59.724 [main] ERROR BATTLE - 3:JS脚本需要使用js引擎编译，脚本:function unnamed_63(){ with(Math){ return gradea*0.24;}; }
22:43:59.725 [main] ERROR BATTLE - 3:JS脚本需要使用js引擎编译，脚本:function unnamed_98(){ with(Math){ return gradea*0.85;}; }
22:43:59.726 [main] ERROR BATTLE - 3:JS脚本需要使用js引擎编译，脚本:function unnamed_144(){ with(Math){ return _94056_>=1;}; }
22:43:59.727 [main] ERROR BATTLE - 3:JS脚本需要使用js引擎编译，脚本:function unnamed_141(){ with(Math){ return (500*RoleLv*0.05)*(random()*(1.02-0.98)+0.98)*0.5;}; }
22:43:59.728 [main] ERROR BATTLE - 3:JS脚本需要使用js引擎编译，脚本:function unnamed_143(){ with(Math){ return _99065_>=4;}; }
22:43:59.729 [main] ERROR BATTLE - 3:JS脚本需要使用js引擎编译，脚本:function unnamed_185(){ with(Math){ return _99057_>=1;}; }
22:43:59.731 [main] ERROR BATTLE - 3:JS脚本需要使用js引擎编译，脚本:function unnamed_107(){ with(Math){ return gradea*4;}; }
22:43:59.732 [main] ERROR BATTLE - 3:JS脚本需要使用js引擎编译，脚本:function unnamed_206(){ with(Math){ return _99068_>=1;}; }
22:43:59.733 [main] ERROR BATTLE - 3:JS脚本需要使用js引擎编译，脚本:function unnamed_58(){ with(Math){ return -(magicattacka*1.2-magicdefb+2*gradea)*(0.5+0.05*(2-preaimcount));}; }
22:43:59.734 [main] ERROR BATTLE - 3:JS脚本需要使用js引擎编译，脚本:function unnamed_100(){ with(Math){ return gradea*0.375;}; }
22:43:59.735 [main] ERROR BATTLE - 3:JS脚本需要使用js引擎编译，脚本:function unnamed_56(){ with(Math){ return -(magicattacka*3.5-magicdefb+2*skilllevela)*0.3;}; }
22:43:59.736 [main] ERROR BATTLE - 3:JS脚本需要使用js引擎编译，脚本:function unnamed_26(){ with(Math){ return -(speeda*0.1+7*skilllevela)*1.1;}; }
22:43:59.737 [main] ERROR BATTLE - 3:JS脚本需要使用js引擎编译，脚本:function unnamed_75(){ with(Math){ return gradea*0.00105;}; }
22:43:59.738 [main] ERROR BATTLE - 3:JS脚本需要使用js引擎编译，脚本:function unnamed_80(){ with(Math){ return gradea*0.12;}; }
22:43:59.740 [main] ERROR BATTLE - 3:JS脚本需要使用js引擎编译，脚本:function unnamed_40(){ with(Math){ return -(phyattacka*1.55-defendb+1*skilllevela)*2.5;}; }
22:43:59.741 [main] ERROR BATTLE - 3:JS脚本需要使用js引擎编译，脚本:function unnamed_157(){ with(Math){ return _95003_<=9;}; }
22:43:59.742 [main] ERROR BATTLE - 3:JS脚本需要使用js引擎编译，脚本:function unnamed_140(){ with(Math){ return (5000*RoleLv*0.05)*(random()*(1.02-0.98)+0.98)*(1-min(5-TeamNum,2)*0.15);}; }
22:43:59.743 [main] ERROR BATTLE - 3:JS脚本需要使用js引擎编译，脚本:function unnamed_184(){ with(Math){ return _99056_>=1;}; }
22:43:59.744 [main] ERROR BATTLE - 3:JS脚本需要使用js引擎编译，脚本:function unnamed_122(){ with(Math){ return RoleLv*10;}; }
22:43:59.745 [main] ERROR BATTLE - 3:JS脚本需要使用js引擎编译，脚本:function unnamed_48(){ with(Math){ return -(phyattacka*2-defendb+1*gradea);}; }
22:43:59.746 [main] ERROR BATTLE - 3:JS脚本需要使用js引擎编译，脚本:function unnamed_110(){ with(Math){ return 0.3*maxhpb;}; }
22:43:59.747 [main] ERROR BATTLE - 3:JS脚本需要使用js引擎编译，脚本:function unnamed_2(){ with(Math){ return -(phyattacka*0.65-defendb+1*skilllevela);}; }
22:43:59.748 [main] ERROR BATTLE - 3:JS脚本需要使用js引擎编译，脚本:function unnamed_109(){ with(Math){ return 0.05*maxhpb;}; }
22:43:59.749 [main] ERROR BATTLE - 3:JS脚本需要使用js引擎编译，脚本:function unnamed_208(){ with(Math){ return _99070_==1;}; }
22:43:59.751 [main] ERROR BATTLE - 3:JS脚本需要使用js引擎编译，脚本:function unnamed_179(){ with(Math){ return _99052_>=1;}; }
22:43:59.752 [main] ERROR BATTLE - 3:JS脚本需要使用js引擎编译，脚本:function unnamed_29(){ with(Math){ return -(magicattacka*1.8-magicdefb+2*gradea)*0.5;}; }
22:43:59.753 [main] ERROR BATTLE - 3:JS脚本需要使用js引擎编译，脚本:function unnamed_218(){ with(Math){ return !_509951_;}; }
22:43:59.754 [main] ERROR BATTLE - 3:JS脚本需要使用js引擎编译，脚本:function unnamed_213(){ with(Math){ return _502003_;}; }
22:43:59.755 [main] ERROR BATTLE - 3:JS脚本需要使用js引擎编译，脚本:function unnamed_132(){ with(Math){ return 2000*RoleLv;}; }
22:43:59.756 [main] ERROR BATTLE - 3:JS脚本需要使用js引擎编译，脚本:function unnamed_97(){ with(Math){ return gradea*0.65;}; }
22:43:59.757 [main] ERROR BATTLE - 3:JS脚本需要使用js引擎编译，脚本:function unnamed_161(){ with(Math){ return _95003_=3;}; }
22:43:59.758 [main] ERROR BATTLE - 3:JS脚本需要使用js引擎编译，脚本:function unnamed_183(){ with(Math){ return _99055_>=1;}; }
22:43:59.759 [main] ERROR BATTLE - 3:JS脚本需要使用js引擎编译，脚本:function unnamed_129(){ with(Math){ return (1*RoleLv*11)*(random()*(1.02-0.98)+0.98);}; }
22:43:59.760 [main] ERROR BATTLE - 3:JS脚本需要使用js引擎编译，脚本:function unnamed_17(){ with(Math){ return abs(maindamage)*1;}; }
22:43:59.762 [main] ERROR BATTLE - 3:JS脚本需要使用js引擎编译，脚本:function unnamed_49(){ with(Math){ return phyattacka*1.25-defendb+1*gradea;}; }
22:43:59.763 [main] ERROR BATTLE - 3:JS脚本需要使用js引擎编译，脚本:function unnamed_127(){ with(Math){ return (15)+(TeamNum-1)*15+RoleLv*5;}; }
22:43:59.764 [main] ERROR BATTLE - 3:JS脚本需要使用js引擎编译，脚本:function unnamed_73(){ with(Math){ return gradea*0.0007;}; }
22:43:59.765 [main] ERROR BATTLE - 3:JS脚本需要使用js引擎编译，脚本:function unnamed_91(){ with(Math){ return gradea*0.5;}; }
22:43:59.766 [main] ERROR BATTLE - 3:JS脚本需要使用js引擎编译，脚本:function unnamed_64(){ with(Math){ return gradea*0.15;}; }
22:43:59.767 [main] ERROR BATTLE - 3:JS脚本需要使用js引擎编译，脚本:function unnamed_190(){ with(Math){ return _99053_<1;}; }
22:43:59.768 [main] ERROR BATTLE - 3:JS脚本需要使用js引擎编译，脚本:function unnamed_102(){ with(Math){ return gradea*0.525;}; }
22:43:59.769 [main] ERROR BATTLE - 3:JS脚本需要使用js引擎编译，脚本:function unnamed_31(){ with(Math){ return -maxhpb*0.2;}; }
22:43:59.770 [main] ERROR BATTLE - 3:JS脚本需要使用js引擎编译，脚本:function unnamed_130(){ with(Math){ return (1*RoleLv*0.94)*(random()*(1.02-0.98)+0.98);}; }
22:43:59.771 [main] ERROR BATTLE - 3:JS脚本需要使用js引擎编译，脚本:function unnamed_16(){ with(Math){ return abs(maindamage)*0.35;}; }
22:43:59.772 [main] ERROR BATTLE - 3:JS脚本需要使用js引擎编译，脚本:function unnamed_18(){ with(Math){ return -magicattacka*0.2;}; }
22:43:59.773 [main] ERROR BATTLE - 3:JS脚本需要使用js引擎编译，脚本:function unnamed_154(){ with(Math){ return _95003_<=6;}; }
22:43:59.775 [main] ERROR BATTLE - 3:JS脚本需要使用js引擎编译，脚本:function unnamed_28(){ with(Math){ return -(magicattacka*1.3-magicdefb+2*gradea)*0.5;}; }
22:43:59.776 [main] ERROR BATTLE - 3:JS脚本需要使用js引擎编译，脚本:function unnamed_36(){ with(Math){ return -(phyattacka*10-defendb+1*gradea+max((phyattacka-phyattackb)*0.05,0));}; }
22:43:59.777 [main] ERROR BATTLE - 3:JS脚本需要使用js引擎编译，脚本:function unnamed_182(){ with(Math){ return _99054_>=1;}; }
22:43:59.778 [main] ERROR BATTLE - 3:JS脚本需要使用js引擎编译，脚本:function unnamed_225(){ with(Math){ return !_508014_;}; }
22:43:59.779 [main] ERROR BATTLE - 3:JS脚本需要使用js引擎编译，脚本:function unnamed_69(){ with(Math){ return gradea*0.87;}; }
22:43:59.780 [main] ERROR BATTLE - 3:JS脚本需要使用js引擎编译，脚本:function unnamed_164(){ with(Math){ return _95003_=4;}; }
22:43:59.781 [main] ERROR BATTLE - 3:JS脚本需要使用js引擎编译，脚本:function unnamed_175(){ with(Math){ return _99047_>=1;}; }
22:43:59.782 [main] ERROR BATTLE - 3:JS脚本需要使用js引擎编译，脚本:function unnamed_181(){ with(Math){ return _99053_>=1;}; }
22:43:59.783 [main] ERROR BATTLE - 3:JS脚本需要使用js引擎编译，脚本:function unnamed_134(){ with(Math){ return (400*MonsterLv*0.011*(MonsterNum*0.083+MasterNum*0.1245)*min(max(1-0.2*floor(abs(MonsterLv-RoleLv)/5),0.1),1)*(1-IsDbPoint)+400*MonsterLv*0.13*(MonsterNum*0.083+MasterNum*0.1245)*min(max(1-0.2*floor(abs(MonsterLv-RoleLv)/5),0.1),1)*IsDbPoint)*(random()*(1.02-0.98)+0.98);}; }
22:43:59.784 [main] ERROR BATTLE - 3:JS脚本需要使用js引擎编译，脚本:function unnamed_176(){ with(Math){ return _99048_>=1;}; }
22:43:59.786 [main] ERROR BATTLE - 3:JS脚本需要使用js引擎编译，脚本:function unnamed_39(){ with(Math){ return -(phyattacka*1.50-defendb+1*skilllevela)*2.5;}; }
22:43:59.787 [main] ERROR BATTLE - 3:JS脚本需要使用js引擎编译，脚本:function unnamed_120(){ with(Math){ return (15)+(TeamNum-1)*15+RoleLv*140;}; }
22:43:59.788 [main] ERROR BATTLE - 3:JS脚本需要使用js引擎编译，脚本:function unnamed_51(){ with(Math){ return -(magicattacka*0.8-magicdefb+2*gradea)*(0.5+0.05*(2-preaimcount));}; }
22:43:59.789 [main] ERROR BATTLE - 3:JS脚本需要使用js引擎编译，脚本:function unnamed_82(){ with(Math){ return gradea*0.14;}; }
22:43:59.790 [main] ERROR BATTLE - 3:JS脚本需要使用js引擎编译，脚本:function unnamed_32(){ with(Math){ return -maxhpb*0.3;}; }
22:43:59.791 [main] ERROR BATTLE - 3:JS脚本需要使用js引擎编译，脚本:function unnamed_54(){ with(Math){ return -(magicattacka*3.5-magicdefb+2*skilllevela)*0.5;}; }
22:43:59.792 [main] ERROR BATTLE - 3:JS脚本需要使用js引擎编译，脚本:function unnamed_95(){ with(Math){ return gradea*0.75;}; }
22:43:59.794 [main] ERROR BATTLE - 3:JS脚本需要使用js引擎编译，脚本:function unnamed_158(){ with(Math){ return _95003_<=10;}; }
22:43:59.795 [main] ERROR BATTLE - 3:JS脚本需要使用js引擎编译，脚本:function unnamed_19(){ with(Math){ return medicala*1.1+3*skilllevela;}; }
22:43:59.796 [main] ERROR BATTLE - 3:JS脚本需要使用js引擎编译，脚本:function unnamed_72(){ with(Math){ return gradea*1.4;}; }
22:43:59.797 [main] ERROR BATTLE - 3:JS脚本需要使用js引擎编译，脚本:function unnamed_139(){ with(Math){ return 105800+floor(RoleLv/10)*440+(200+floor(RoleLv/10)*40*(Ring-1));}; }
22:43:59.798 [main] ERROR BATTLE - 3:JS脚本需要使用js引擎编译，脚本:function unnamed_108(){ with(Math){ return -(phyattacka*1.2-defendb+1*gradea);}; }
22:43:59.799 [main] ERROR BATTLE - 3:JS脚本需要使用js引擎编译，脚本:function unnamed_117(){ with(Math){ return RoleLv*50;}; }
22:43:59.800 [main] ERROR BATTLE - 3:JS脚本需要使用js引擎编译，脚本:function unnamed_155(){ with(Math){ return _95003_<=7;}; }
22:43:59.802 [main] ERROR BATTLE - 3:JS脚本需要使用js引擎编译，脚本:function unnamed_220(){ with(Math){ return !_501402_;}; }
22:43:59.803 [main] ERROR BATTLE - 3:JS脚本需要使用js引擎编译，脚本:function unnamed_21(){ with(Math){ return -(magicattacka*1.3-magicdefb+2*gradea)*0.5*(1.2+(0.6+0.2*skilllevela)*(1-curmpb/maxmpb));}; }
22:43:59.804 [main] ERROR BATTLE - 3:JS脚本需要使用js引擎编译，脚本:function unnamed_116(){ with(Math){ return 1600*RoleLv*0.067*(0.74+0.02*Time)*(random()*(1.02-0.98)+0.98);}; }
22:43:59.805 [main] ERROR BATTLE - 3:JS脚本需要使用js引擎编译，脚本:function unnamed_5(){ with(Math){ return -(phyattacka*1-defendb+1*gradea)*(0.25+0.05*skilllevela);}; }
22:43:59.806 [main] ERROR BATTLE - 3:JS脚本需要使用js引擎编译，脚本:function unnamed_226(){ with(Math){ return !_508008_;}; }
22:43:59.807 [main] ERROR BATTLE - 3:JS脚本需要使用js引擎编译，脚本:function unnamed_210(){ with(Math){ return _94041_>=1;}; }
22:43:59.808 [main] ERROR BATTLE - 3:JS脚本需要使用js引擎编译，脚本:function unnamed_205(){ with(Math){ return _99049_>=5;}; }
22:43:59.809 [main] ERROR BATTLE - 3:JS脚本需要使用js引擎编译，脚本:function unnamed_217(){ with(Math){ return !_508237_;}; }
22:43:59.811 [main] ERROR BATTLE - 3:JS脚本需要使用js引擎编译，脚本:function unnamed_47(){ with(Math){ return -(phyattacka*1.25-defendb+1*gradea+max((phyattacka-phyattackb)*0.25,0));}; }
22:43:59.812 [main] ERROR BATTLE - 3:JS脚本需要使用js引擎编译，脚本:function unnamed_149(){ with(Math){ return _94056_>=4;}; }
22:43:59.813 [main] ERROR BATTLE - 3:JS脚本需要使用js引擎编译，脚本:function unnamed_195(){ with(Math){ return _99058_<1;}; }
22:43:59.814 [main] ERROR BATTLE - 3:JS脚本需要使用js引擎编译，脚本:function unnamed_148(){ with(Math){ return _99039_>=1;}; }
22:43:59.815 [main] ERROR BATTLE - 3:JS脚本需要使用js引擎编译，脚本:function unnamed_187(){ with(Math){ return _99059_>=1;}; }
22:43:59.816 [main] ERROR BATTLE - 3:JS脚本需要使用js引擎编译，脚本:function unnamed_24(){ with(Math){ return 2*skilllevela+50;}; }
22:43:59.817 [main] ERROR BATTLE - 3:JS脚本需要使用js引擎编译，脚本:function unnamed_96(){ with(Math){ return gradea*0.0875;}; }
22:43:59.819 [main] ERROR BATTLE - 3:JS脚本需要使用js引擎编译，脚本:function unnamed_165(){ with(Math){ return _95003_=5;}; }
22:43:59.820 [main] ERROR BATTLE - 3:JS脚本需要使用js引擎编译，脚本:function unnamed_113(){ with(Math){ return -(phyattacka*0.5-defendb+1*gradea);}; }
22:43:59.821 [main] ERROR BATTLE - 3:JS脚本需要使用js引擎编译，脚本:function unnamed_105(){ with(Math){ return gradea*3.5;}; }
22:43:59.822 [main] ERROR BATTLE - 3:JS脚本需要使用js引擎编译，脚本:function unnamed_125(){ with(Math){ return (15)+(TeamNum-1)*15+RoleLv*3;}; }
22:43:59.823 [main] ERROR BATTLE - 3:JS脚本需要使用js引擎编译，脚本:function unnamed_11(){ with(Math){ return -(phyattacka*0.45-defendb+1*skilllevela);}; }
22:43:59.824 [main] ERROR BATTLE - 3:JS脚本需要使用js引擎编译，脚本:function unnamed_112(){ with(Math){ return -(phyattacka*0.65-defendb+1*gradea);}; }
22:43:59.825 [main] ERROR BATTLE - 3:JS脚本需要使用js引擎编译，脚本:function unnamed_137(){ with(Math){ return 500*RoleLv*1.215*(0.88+0.03);}; }
22:43:59.826 [main] ERROR BATTLE - 3:JS脚本需要使用js引擎编译，脚本:function unnamed_171(){ with(Math){ return _99042_>=3;}; }
22:43:59.827 [main] ERROR BATTLE - 3:JS脚本需要使用js引擎编译，脚本:function unnamed_202(){ with(Math){ return _99062_>=3;}; }
22:43:59.828 [main] ERROR BATTLE - 3:JS脚本需要使用js引擎编译，脚本:function unnamed_79(){ with(Math){ return gradea*1;}; }
22:43:59.829 [main] ERROR BATTLE - 3:JS脚本需要使用js引擎编译，脚本:function unnamed_87(){ with(Math){ return gradea*0.378;}; }
22:43:59.830 [main] ERROR BATTLE - 3:JS脚本需要使用js引擎编译，脚本:function unnamed_8(){ with(Math){ return -(magicattacka*1.2-magicdefb+2*skilllevela)*(0.5+0.05*(4-preaimcount));}; }
22:43:59.832 [main] ERROR BATTLE - 3:JS脚本需要使用js引擎编译，脚本:function unnamed_99(){ with(Math){ return gradea*0.3;}; }
22:43:59.833 [main] ERROR BATTLE - 3:JS脚本需要使用js引擎编译，脚本:function unnamed_193(){ with(Math){ return _99056_<1;}; }
22:43:59.834 [main] ERROR BATTLE - 3:JS脚本需要使用js引擎编译，脚本:function unnamed_88(){ with(Math){ return gradea*0.875;}; }
22:43:59.835 [main] ERROR BATTLE - 3:JS脚本需要使用js引擎编译，脚本:function unnamed_67(){ with(Math){ return gradea*0.32;}; }
22:43:59.836 [main] ERROR BATTLE - 3:JS脚本需要使用js引擎编译，脚本:function unnamed_224(){ with(Math){ return _503001_;}; }
22:43:59.837 [main] ERROR BATTLE - 3:JS脚本需要使用js引擎编译，脚本:function unnamed_52(){ with(Math){ return -(phyattacka*0.55-defendb+1*gradea);}; }
22:43:59.838 [main] ERROR BATTLE - 3:JS脚本需要使用js引擎编译，脚本:function unnamed_152(){ with(Math){ return _95003_<=4;}; }
22:43:59.839 [main] ERROR BATTLE - 3:JS脚本需要使用js引擎编译，脚本:function unnamed_198(){ with(Math){ return _99061_<1;}; }
22:43:59.841 [main] ERROR BATTLE - 3:JS脚本需要使用js引擎编译，脚本:function unnamed_223(){ with(Math){ return _509081_;}; }
22:43:59.842 [main] ERROR BATTLE - 3:JS脚本需要使用js引擎编译，脚本:function unnamed_38(){ with(Math){ return -(phyattacka*1.45-defendb+1*skilllevela)*2.5;}; }
22:43:59.843 [main] ERROR BATTLE - 3:JS脚本需要使用js引擎编译，脚本:function unnamed_203(){ with(Math){ return _99066_>=1;}; }
22:43:59.844 [main] ERROR BATTLE - 3:JS脚本需要使用js引擎编译，脚本:function unnamed_221(){ with(Math){ return !_508002_;}; }
22:43:59.845 [main] ERROR BATTLE - 3:JS脚本需要使用js引擎编译，脚本:function unnamed_65(){ with(Math){ return gradea*0.28;}; }
22:43:59.846 [main] ERROR BATTLE - 3:JS脚本需要使用js引擎编译，脚本:function unnamed_201(){ with(Math){ return _99062_>=2;}; }
22:43:59.848 [main] ERROR BATTLE - 3:JS脚本需要使用js引擎编译，脚本:function unnamed_94(){ with(Math){ return gradea*0.075;}; }
22:43:59.849 [main] ERROR BATTLE - 3:JS脚本需要使用js引擎编译，脚本:function unnamed_90(){ with(Math){ return gradea*0.05;}; }
22:43:59.850 [main] ERROR BATTLE - 3:JS脚本需要使用js引擎编译，脚本:function unnamed_44(){ with(Math){ return -magicattacka*2.2;}; }
22:43:59.851 [main] ERROR BATTLE - 3:JS脚本需要使用js引擎编译，脚本:function unnamed_46(){ with(Math){ return -(phyattacka*0.45-defendb+1*gradea);}; }
22:43:59.852 [main] ERROR BATTLE - 3:JS脚本需要使用js引擎编译，脚本:function unnamed_111(){ with(Math){ return 0.35*maxhpb;}; }
22:43:59.853 [main] ERROR BATTLE - 3:JS脚本需要使用js引擎编译，脚本:function unnamed_121(){ with(Math){ return (15)+(TeamNum-1)*15+RoleLv*150;}; }
22:43:59.854 [main] ERROR BATTLE - 3:JS脚本需要使用js引擎编译，脚本:function unnamed_142(){ with(Math){ return _94019_<1;}; }
22:43:59.855 [main] ERROR BATTLE - 3:JS脚本需要使用js引擎编译，脚本:function unnamed_188(){ with(Math){ return _99060_>=1;}; }
22:43:59.857 [main] ERROR BATTLE - 3:JS脚本需要使用js引擎编译，脚本:function unnamed_191(){ with(Math){ return _99054_<1;}; }
22:43:59.858 [main] ERROR BATTLE - 3:JS脚本需要使用js引擎编译，脚本:function unnamed_212(){ with(Math){ return _99074_>=1;}; }
22:43:59.860 [main] ERROR BATTLE - 3:JS脚本需要使用js引擎编译，脚本:function unnamed_166(){ with(Math){ return _95003_=6;}; }
22:43:59.861 [main] ERROR BATTLE - 3:JS脚本需要使用js引擎编译，脚本:function unnamed_162(){ with(Math){ return _97001_>=4;}; }
22:43:59.863 [main] ERROR BATTLE - 3:JS脚本需要使用js引擎编译，脚本:function unnamed_126(){ with(Math){ return (15)+(TeamNum-1)*15+RoleLv*4;}; }
22:43:59.864 [main] ERROR BATTLE - 3:JS脚本需要使用js引擎编译，脚本:function unnamed_9(){ with(Math){ return 0.7+0.002*(skilllevela-gradeb)+(enhanceseala-resistsealb);}; }
22:43:59.865 [main] ERROR BATTLE - 3:JS脚本需要使用js引擎编译，脚本:function unnamed_12(){ with(Math){ return 16*skilllevela;}; }
22:43:59.866 [main] ERROR BATTLE - 3:JS脚本需要使用js引擎编译，脚本:function unnamed_204(){ with(Math){ return _99067_>=1;}; }
22:43:59.867 [main] ERROR BATTLE - 3:JS脚本需要使用js引擎编译，脚本:function unnamed_219(){ with(Math){ return !_503001_;}; }
22:43:59.868 [main] ERROR BATTLE - 3:JS脚本需要使用js引擎编译，脚本:function unnamed_59(){ with(Math){ return gradea*0.16;}; }
22:43:59.869 [main] ERROR BATTLE - 3:JS脚本需要使用js引擎编译，脚本:function unnamed_118(){ with(Math){ return (15)+(TeamNum-1)*15+RoleLv*100;}; }
22:43:59.871 [main] ERROR BATTLE - 3:JS脚本需要使用js引擎编译，脚本:function unnamed_214(){ with(Math){ return _501901_;}; }
22:43:59.872 [main] ERROR BATTLE - 3:JS脚本需要使用js引擎编译，脚本:function unnamed_189(){ with(Math){ return _99061_>=1;}; }
22:43:59.873 [main] ERROR BATTLE - 3:JS脚本需要使用js引擎编译，脚本:function unnamed_30(){ with(Math){ return -maxhpb*0.1;}; }
22:43:59.874 [main] ERROR BATTLE - 3:JS脚本需要使用js引擎编译，脚本:function unnamed_216(){ with(Math){ return !_508236_;}; }
22:43:59.875 [main] ERROR BATTLE - 3:JS脚本需要使用js引擎编译，脚本:function unnamed_62(){ with(Math){ return gradea*0.125;}; }
22:43:59.876 [main] ERROR BATTLE - 3:JS脚本需要使用js引擎编译，脚本:function unnamed_163(){ with(Math){ return _99040_>=2;}; }
22:43:59.878 [main] ERROR BATTLE - 3:JS脚本需要使用js引擎编译，脚本:function unnamed_81(){ with(Math){ return gradea*1.2;}; }
22:43:59.879 [main] ERROR BATTLE - 3:JS脚本需要使用js引擎编译，脚本:function unnamed_153(){ with(Math){ return _95003_<=5;}; }
22:43:59.880 [main] ERROR BATTLE - 3:JS脚本需要使用js引擎编译，脚本:function unnamed_170(){ with(Math){ return _99041_>=3;}; }
22:43:59.881 [main] ERROR BATTLE - 3:JS脚本需要使用js引擎编译，脚本:function unnamed_173(){ with(Math){ return _99044_<1;}; }
22:43:59.882 [main] ERROR BATTLE - 3:JS脚本需要使用js引擎编译，脚本:function unnamed_200(){ with(Math){ return _99062_>=1;}; }
22:43:59.883 [main] ERROR BATTLE - 3:JS脚本需要使用js引擎编译，脚本:function unnamed_159(){ with(Math){ return _96232_>=1;}; }
22:43:59.885 [main] ERROR BATTLE - 3:JS脚本需要使用js引擎编译，脚本:function unnamed_4(){ with(Math){ return 0.15*maxhpb;}; }
22:43:59.886 [main] ERROR BATTLE - 3:JS脚本需要使用js引擎编译，脚本:function unnamed_78(){ with(Math){ return gradea*0.08;}; }
22:43:59.887 [main] ERROR BATTLE - 3:JS脚本需要使用js引擎编译，脚本:function unnamed_3(){ with(Math){ return -(phyattacka*0.55-defendb+1*skilllevela);}; }
22:43:59.888 [main] ERROR BATTLE - 3:JS脚本需要使用js引擎编译，脚本:function unnamed_77(){ with(Math){ return gradea*0.0014;}; }
22:43:59.889 [main] ERROR BATTLE - 3:JS脚本需要使用js引擎编译，脚本:function unnamed_133(){ with(Math){ return 3000*RoleLv;}; }
22:43:59.891 [main] ERROR BATTLE - 3:JS脚本需要使用js引擎编译，脚本:function unnamed_76(){ with(Math){ return gradea*0.001225;}; }
22:43:59.892 [main] ERROR BATTLE - 3:JS脚本需要使用js引擎编译，脚本:function unnamed_86(){ with(Math){ return gradea*0.3375;}; }
22:43:59.893 [main] ERROR BATTLE - 3:JS脚本需要使用js引擎编译，脚本:function unnamed_167(){ with(Math){ return _95003_=7;}; }
22:43:59.894 [main] ERROR BATTLE - 3:JS脚本需要使用js引擎编译，脚本:function unnamed_15(){ with(Math){ return -(magicattacka*1.8-magicdefb+2*skilllevela)*(0.5+0.05*(4-preaimcount));}; }
22:43:59.896 [main] ERROR BATTLE - 3:JS脚本需要使用js引擎编译，脚本:function unnamed_50(){ with(Math){ return -(magicattacka*0.5-magicdefb+2*gradea)*(0.5+0.05*(2-preaimcount));}; }
22:43:59.897 [main] ERROR BATTLE - 3:JS脚本需要使用js引擎编译，脚本:function unnamed_123(){ with(Math){ return (15)+(TeamNum-1)*15+RoleLv*1;}; }
22:43:59.898 [main] ERROR BATTLE - 3:JS脚本需要使用js引擎编译，脚本:function unnamed_103(){ with(Math){ return gradea*3;}; }
22:43:59.899 [main] ERROR BATTLE - 3:JS脚本需要使用js引擎编译，脚本:function unnamed_13(){ with(Math){ return ((medicala*0.5+skilllevela*1.4)+abs(maindamage)*0.1)*(1+healrevisea)*(1+medicaljiashena/1000);}; }
22:43:59.900 [main] ERROR BATTLE - 3:JS脚本需要使用js引擎编译，脚本:function unnamed_71(){ with(Math){ return gradea*1.22;}; }
22:43:59.901 [main] ERROR BATTLE - 3:JS脚本需要使用js引擎编译，脚本:function unnamed_138(){ with(Math){ return Ring+3;}; }
22:43:59.903 [main] ERROR BATTLE - 3:JS脚本需要使用js引擎编译，脚本:function unnamed_60(){ with(Math){ return gradea*0.1;}; }
22:43:59.905 [main] ERROR BATTLE - 3:JS脚本需要使用js引擎编译，脚本:function unnamed_180(){ with(Math){ return _94014_>=7;}; }
22:43:59.906 [main] ERROR BATTLE - 3:JS脚本需要使用js引擎编译，脚本:function unnamed_147(){ with(Math){ return _99038_>=1;}; }
22:43:59.907 [main] ERROR BATTLE - 3:JS脚本需要使用js引擎编译，脚本:function unnamed_186(){ with(Math){ return _99058_>=1;}; }
22:43:59.908 [main] ERROR BATTLE - 3:JS脚本需要使用js引擎编译，脚本:function unnamed_115(){ with(Math){ return (15)+(TeamNum-1)*15+RoleLv*160;}; }
22:43:59.909 [main] ERROR BATTLE - 3:JS脚本需要使用js引擎编译，脚本:function unnamed_34(){ with(Math){ return -maxhpb*0.6;}; }
22:43:59.910 [main] ERROR BATTLE - 3:JS脚本需要使用js引擎编译，脚本:function unnamed_215(){ with(Math){ return _501402_;}; }
22:43:59.911 [main] ERROR BATTLE - 3:JS脚本需要使用js引擎编译，脚本:function unnamed_150(){ with(Math){ return _95003_<=2;}; }
22:43:59.913 [main] ERROR BATTLE - 3:JS脚本需要使用js引擎编译，脚本:function unnamed_0(){ with(Math){ return -(phyattacka*1.3-defendb+1*skilllevela);}; }
22:43:59.917 [main] ERROR BATTLE - 3:JS脚本需要使用js引擎编译，脚本:function unnamed_66(){ with(Math){ return gradea*0.175;}; }
22:43:59.919 [main] ERROR BATTLE - 3:JS脚本需要使用js引擎编译，脚本:function unnamed_55(){ with(Math){ return -(phyattacka*1-defendb+7*gradea);}; }
22:43:59.920 [main] ERROR BATTLE - 3:JS脚本需要使用js引擎编译，脚本:function unnamed_22(){ with(Math){ return medicala+1.2*skilllevela;}; }
22:43:59.921 [main] ERROR BATTLE - 3:JS脚本需要使用js引擎编译，脚本:function unnamed_222(){ with(Math){ return !_508006_;}; }
22:43:59.922 [main] ERROR BATTLE - 3:JS脚本需要使用js引擎编译，脚本:function unnamed_41(){ with(Math){ return -(phyattacka*1.60-defendb+1*skilllevela)*2.5;}; }
22:43:59.923 [main] ERROR BATTLE - 3:JS脚本需要使用js引擎编译，脚本:function unnamed_136(){ with(Math){ return RoleLv*200;}; }
22:43:59.924 [main] ERROR BATTLE - 3:JS脚本需要使用js引擎编译，脚本:function unnamed_7(){ with(Math){ return 9*skilllevela;}; }
22:43:59.926 [main] ERROR BATTLE - 3:JS脚本需要使用js引擎编译，脚本:function unnamed_192(){ with(Math){ return _99055_<1;}; }
22:43:59.927 [main] ERROR BATTLE - 3:JS脚本需要使用js引擎编译，脚本:function unnamed_101(){ with(Math){ return gradea*0.45;}; }
22:43:59.942 [main] ERROR BATTLE - 3:JS脚本需要使用js引擎编译，脚本:function unnamed_6(){ with(Math){ return -(phyattacka*1.45-defendb+1*skilllevela);}; }
22:43:59.943 [main] ERROR BATTLE - 3:JS脚本需要使用js引擎编译，脚本:function unnamed_53(){ with(Math){ return abs(maindamage)*0.20;}; }
22:43:59.945 [main] ERROR BATTLE - 3:JS脚本需要使用js引擎编译，脚本:function unnamed_92(){ with(Math){ return gradea*0.0625;}; }
22:43:59.946 [main] ERROR BATTLE - 3:JS脚本需要使用js引擎编译，脚本:function unnamed_177(){ with(Math){ return _94056_>=3;}; }
22:43:59.947 [main] ERROR BATTLE - 3:JS脚本需要使用js引擎编译，脚本:function unnamed_104(){ with(Math){ return gradea*3.25;}; }
22:43:59.958 [main] ERROR BATTLE - 3:JS脚本需要使用js引擎编译，脚本:function unnamed_25(){ with(Math){ return 0.7*maxhpb;}; }
22:43:59.959 [main] ERROR BATTLE - 3:JS脚本需要使用js引擎编译，脚本:function unnamed_1(){ with(Math){ return -(phyattacka*1.35-defendb+1*skilllevela);}; }
22:43:59.960 [main] ERROR BATTLE - 3:JS脚本需要使用js引擎编译，脚本:function unnamed_124(){ with(Math){ return (15)+(TeamNum-1)*15+RoleLv*2;}; }
22:43:59.961 [main] ERROR BATTLE - 3:JS脚本需要使用js引擎编译，脚本:function unnamed_168(){ with(Math){ return _95003_=8;}; }
22:43:59.962 [main] ERROR BATTLE - 3:JS脚本需要使用js引擎编译，脚本:function unnamed_45(){ with(Math){ return -magicattacka*1.6;}; }
22:43:59.963 [main] ERROR BATTLE - 3:JS脚本需要使用js引擎编译，脚本:function unnamed_89(){ with(Math){ return gradea*1.225;}; }
22:43:59.965 [main] ERROR BATTLE - 3:JS脚本需要使用js引擎编译，脚本:function unnamed_146(){ with(Math){ return _99037_>=1;}; }
22:43:59.966 [main] ERROR BATTLE - 3:JS脚本需要使用js引擎编译，脚本:function unnamed_10(){ with(Math){ return gradea*2;}; }
22:43:59.967 [main] ERROR BATTLE - 3:JS脚本需要使用js引擎编译，脚本:function unnamed_35(){ with(Math){ return -maxhpb*0.7;}; }
22:43:59.968 [main] ERROR BATTLE - 3:JS脚本需要使用js引擎编译，脚本:function unnamed_61(){ with(Math){ return gradea*0.2;}; }
22:43:59.969 [main] ERROR BATTLE - 3:JS脚本需要使用js引擎编译，脚本:function unnamed_114(){ with(Math){ return -magicattacka*0.7;}; }
22:43:59.970 [main] ERROR BATTLE - 3:JS脚本需要使用js引擎编译，脚本:function unnamed_85(){ with(Math){ return gradea*0.2835;}; }
22:43:59.972 [main] ERROR BATTLE - 3:JS脚本需要使用js引擎编译，脚本:function unnamed_57(){ with(Math){ return 10+gradea;}; }
22:43:59.973 [main] ERROR BATTLE - 3:JS脚本需要使用js引擎编译，脚本:function unnamed_145(){ with(Math){ return _99036_>=1;}; }
22:43:59.974 [main] ERROR BATTLE - 3:JS脚本需要使用js引擎编译，脚本:function unnamed_151(){ with(Math){ return _95003_<=3;}; }
22:43:59.975 [main] ERROR BATTLE - 3:JS脚本需要使用js引擎编译，脚本:function unnamed_106(){ with(Math){ return gradea*3.75;}; }
22:43:59.977 [main] ERROR BATTLE - 3:JS脚本需要使用js引擎编译，脚本:function unnamed_160(){ with(Math){ return _96234_>=1;}; }
22:43:59.982 [main] ERROR BATTLE - 3:JS脚本需要使用js引擎编译，脚本:function unnamed_178(){ with(Math){ return _99049_>=1;}; }
22:43:59.983 [main] ERROR BATTLE - 3:JS脚本需要使用js引擎编译，脚本:function unnamed_84(){ with(Math){ return gradea*0.2362;}; }
22:43:59.985 [main] ERROR BATTLE - 3:JS脚本需要使用js引擎编译，脚本:function unnamed_197(){ with(Math){ return _99060_<1;}; }
22:43:59.986 [main] ERROR BATTLE - 3:JS脚本需要使用js引擎编译，脚本:function unnamed_14(){ with(Math){ return ((medicala*0.2+skilllevela*1.2)+abs(maindamage)*0.08)*(1+healrevisea)*(1+medicaljiashena/1000);}; }
22:43:59.987 [main] ERROR BATTLE - 3:JS脚本需要使用js引擎编译，脚本:function unnamed_42(){ with(Math){ return -(phyattacka*1.10-defendb+1*skilllevela)*2.5;}; }
22:43:59.988 [main] ERROR BATTLE - 3:JS脚本需要使用js引擎编译，脚本:function unnamed_194(){ with(Math){ return _99057_<1;}; }
22:43:59.989 [main] ERROR BATTLE - 3:JS脚本需要使用js引擎编译，脚本:function unnamed_211(){ with(Math){ return _99065_>=3;}; }
22:43:59.991 [main] ERROR BATTLE - 3:JS脚本需要使用js引擎编译，脚本:function unnamed_131(){ with(Math){ return (1*RoleLv*1.3)*(random()*(1.02-0.98)+0.98);}; }
22:43:59.992 [main] ERROR BATTLE - 3:JS脚本需要使用js引擎编译，脚本:function unnamed_27(){ with(Math){ return 10+1.3*skilllevela;}; }
22:43:59.993 [main] ERROR BATTLE - 3:JS脚本需要使用js引擎编译，脚本:function unnamed_128(){ with(Math){ return RoleLv*1.7+20;}; }
22:43:59.994 [main] ERROR BATTLE - 3:JS脚本需要使用js引擎编译，脚本:function unnamed_169(){ with(Math){ return _95003_=9;}; }
22:43:59.995 [main] ERROR BATTLE - 3:JS脚本需要使用js引擎编译，脚本:function unnamed_135(){ with(Math){ return (400*MonsterLv*0.017*(MonsterNum*0.083+MasterNum*0.1245)*min(max(1-0.2*floor(abs(MonsterLv-RoleLv)/5),0.1),1)*(1-IsDbPoint)+400*MonsterLv*0.13*(MonsterNum*0.083+MasterNum*0.1245)*min(max(1-0.2*floor(abs(MonsterLv-RoleLv)/5),0.1),1)*IsDbPoint)*(random()*(1.02-0.98)+0.98);}; }
22:43:59.997 [main] ERROR BATTLE - 3:JS脚本需要使用js引擎编译，脚本:function unnamed_20(){ with(Math){ return medicala+3*skilllevela*2;}; }
22:43:59.998 [main] ERROR BATTLE - 3:JS脚本需要使用js引擎编译，脚本:function unnamed_68(){ with(Math){ return gradea*0.7;}; }
22:43:59.999 [main] ERROR BATTLE - 3:JS脚本需要使用js引擎编译，脚本:function unnamed_43(){ with(Math){ return -magicattacka*3;}; }
22:44:00.000 [main] ERROR BATTLE - 3:JS脚本需要使用js引擎编译，脚本:function unnamed_172(){ with(Math){ return _99043_>=1;}; }
22:44:00.001 [main] ERROR BATTLE - 3:JS脚本需要使用js引擎编译，脚本:function unnamed_196(){ with(Math){ return _99059_<1;}; }
22:44:00.002 [main] ERROR BATTLE - 3:JS脚本需要使用js引擎编译，脚本:function unnamed_207(){ with(Math){ return _99071_>=1;}; }
22:44:00.003 [main] ERROR BATTLE - 3:JS脚本需要使用js引擎编译，脚本:function unnamed_93(){ with(Math){ return gradea*0.625;}; }
22:44:00.005 [main] ERROR BATTLE - 3:JS脚本需要使用js引擎编译，脚本:function unnamed_83(){ with(Math){ return gradea*0.189;}; }
22:44:00.006 [main] ERROR BATTLE - 3:JS脚本需要使用js引擎编译，脚本:function unnamed_119(){ with(Math){ return (15)+(TeamNum-1)*15+RoleLv*120;}; }
22:44:00.008 [main] ERROR BATTLE - 3:JS脚本需要使用js引擎编译，脚本:function unnamed_33(){ with(Math){ return -maxhpb*0.4;}; }
22:44:00.009 [main] ERROR BATTLE - 3:JS脚本需要使用js引擎编译，脚本:function unnamed_227(){ with(Math){ return 1*TeamNum+5;}; }
22:44:00.010 [main] ERROR BATTLE - 3:JS脚本需要使用js引擎编译，脚本:function unnamed_174(){ with(Math){ return _99045_<1;}; }
22:44:00.011 [main] ERROR BATTLE - 3:JS脚本需要使用js引擎编译，脚本:function unnamed_74(){ with(Math){ return gradea*0.000875;}; }
22:44:00.012 [main] ERROR BATTLE - 3:JS脚本需要使用js引擎编译，脚本:function unnamed_156(){ with(Math){ return _95003_<=8;}; }
22:44:00.013 [main] ERROR BATTLE - 3:JS脚本需要使用js引擎编译，脚本:function unnamed_37(){ with(Math){ return -(phyattacka*1.40-defendb+1*skilllevela)*2.5;}; }
22:44:00.016 [main] ERROR BATTLE - 3:JS脚本需要使用js引擎编译，脚本:function unnamed_199(){ with(Math){ return _96001_/_96002_<0.1;}; }
22:44:00.017 [main] ERROR BATTLE - 3:JS脚本需要使用js引擎编译，脚本:function unnamed_209(){ with(Math){ return _99072_<1;}; }
22:44:00.018 [main] ERROR BATTLE - 3:JS脚本需要使用js引擎编译，脚本:function unnamed_23(){ with(Math){ return (medicala+1.2*skilllevela)*0.4;}; }
22:44:00.019 [main] ERROR BATTLE - 3:JS脚本需要使用js引擎编译，脚本:function unnamed_70(){ with(Math){ return gradea*1.05;}; }
22:44:00.020 [main] ERROR BATTLE - 3:JS脚本需要使用js引擎编译，脚本:function unnamed_63(){ with(Math){ return gradea*0.24;}; }
22:44:00.022 [main] ERROR BATTLE - 3:JS脚本需要使用js引擎编译，脚本:function unnamed_98(){ with(Math){ return gradea*0.85;}; }
22:44:00.023 [main] ERROR BATTLE - 3:JS脚本需要使用js引擎编译，脚本:function unnamed_144(){ with(Math){ return _94056_>=1;}; }
22:44:00.024 [main] ERROR BATTLE - 3:JS脚本需要使用js引擎编译，脚本:function unnamed_141(){ with(Math){ return (500*RoleLv*0.05)*(random()*(1.02-0.98)+0.98)*0.5;}; }
22:44:00.025 [main] ERROR BATTLE - 3:JS脚本需要使用js引擎编译，脚本:function unnamed_143(){ with(Math){ return _99065_>=4;}; }
22:44:00.026 [main] ERROR BATTLE - 3:JS脚本需要使用js引擎编译，脚本:function unnamed_185(){ with(Math){ return _99057_>=1;}; }
22:44:00.028 [main] ERROR BATTLE - 3:JS脚本需要使用js引擎编译，脚本:function unnamed_107(){ with(Math){ return gradea*4;}; }
22:44:00.029 [main] ERROR BATTLE - 3:JS脚本需要使用js引擎编译，脚本:function unnamed_206(){ with(Math){ return _99068_>=1;}; }
22:44:00.030 [main] ERROR BATTLE - 3:JS脚本需要使用js引擎编译，脚本:function unnamed_58(){ with(Math){ return -(magicattacka*1.2-magicdefb+2*gradea)*(0.5+0.05*(2-preaimcount));}; }
22:44:00.031 [main] ERROR BATTLE - 3:JS脚本需要使用js引擎编译，脚本:function unnamed_100(){ with(Math){ return gradea*0.375;}; }
22:44:00.032 [main] ERROR BATTLE - 3:JS脚本需要使用js引擎编译，脚本:function unnamed_56(){ with(Math){ return -(magicattacka*3.5-magicdefb+2*skilllevela)*0.3;}; }
22:44:00.033 [main] ERROR BATTLE - 3:JS脚本需要使用js引擎编译，脚本:function unnamed_26(){ with(Math){ return -(speeda*0.1+7*skilllevela)*1.1;}; }
22:44:00.035 [main] ERROR BATTLE - 3:JS脚本需要使用js引擎编译，脚本:function unnamed_75(){ with(Math){ return gradea*0.00105;}; }
22:44:00.036 [main] ERROR BATTLE - 3:JS脚本需要使用js引擎编译，脚本:function unnamed_80(){ with(Math){ return gradea*0.12;}; }
22:44:00.037 [main] ERROR BATTLE - 3:JS脚本需要使用js引擎编译，脚本:function unnamed_40(){ with(Math){ return -(phyattacka*1.55-defendb+1*skilllevela)*2.5;}; }
22:44:00.038 [main] ERROR BATTLE - 3:JS脚本需要使用js引擎编译，脚本:function unnamed_157(){ with(Math){ return _95003_<=9;}; }
22:44:00.039 [main] ERROR BATTLE - 3:JS脚本需要使用js引擎编译，脚本:function unnamed_140(){ with(Math){ return (5000*RoleLv*0.05)*(random()*(1.02-0.98)+0.98)*(1-min(5-TeamNum,2)*0.15);}; }
22:44:00.041 [main] ERROR BATTLE - 3:JS脚本需要使用js引擎编译，脚本:function unnamed_184(){ with(Math){ return _99056_>=1;}; }
22:44:00.042 [main] ERROR BATTLE - 3:JS脚本需要使用js引擎编译，脚本:function unnamed_122(){ with(Math){ return RoleLv*10;}; }
22:44:00.043 [main] ERROR BATTLE - 3:JS脚本需要使用js引擎编译，脚本:function unnamed_48(){ with(Math){ return -(phyattacka*2-defendb+1*gradea);}; }
22:44:00.044 [main] ERROR BATTLE - 3:JS脚本需要使用js引擎编译，脚本:function unnamed_110(){ with(Math){ return 0.3*maxhpb;}; }
22:44:00.045 [main] ERROR BATTLE - 3:JS脚本需要使用js引擎编译，脚本:function unnamed_2(){ with(Math){ return -(phyattacka*0.65-defendb+1*skilllevela);}; }
22:44:00.046 [main] ERROR BATTLE - 3:JS脚本需要使用js引擎编译，脚本:function unnamed_109(){ with(Math){ return 0.05*maxhpb;}; }
22:44:00.047 [main] ERROR BATTLE - 3:JS脚本需要使用js引擎编译，脚本:function unnamed_208(){ with(Math){ return _99070_==1;}; }
22:44:00.049 [main] ERROR BATTLE - 3:JS脚本需要使用js引擎编译，脚本:function unnamed_179(){ with(Math){ return _99052_>=1;}; }
22:44:00.050 [main] ERROR BATTLE - 3:JS脚本需要使用js引擎编译，脚本:function unnamed_29(){ with(Math){ return -(magicattacka*1.8-magicdefb+2*gradea)*0.5;}; }
22:44:00.051 [main] ERROR BATTLE - 3:JS脚本需要使用js引擎编译，脚本:function unnamed_218(){ with(Math){ return !_509951_;}; }
22:44:00.052 [main] ERROR BATTLE - 3:JS脚本需要使用js引擎编译，脚本:function unnamed_213(){ with(Math){ return _502003_;}; }
22:44:00.054 [main] ERROR BATTLE - 3:JS脚本需要使用js引擎编译，脚本:function unnamed_132(){ with(Math){ return 2000*RoleLv;}; }
22:44:00.055 [main] ERROR BATTLE - 3:JS脚本需要使用js引擎编译，脚本:function unnamed_97(){ with(Math){ return gradea*0.65;}; }
22:44:00.056 [main] ERROR BATTLE - 3:JS脚本需要使用js引擎编译，脚本:function unnamed_161(){ with(Math){ return _95003_=3;}; }
22:44:00.057 [main] ERROR BATTLE - 3:JS脚本需要使用js引擎编译，脚本:function unnamed_183(){ with(Math){ return _99055_>=1;}; }
22:44:00.058 [main] ERROR BATTLE - 3:JS脚本需要使用js引擎编译，脚本:function unnamed_129(){ with(Math){ return (1*RoleLv*11)*(random()*(1.02-0.98)+0.98);}; }
22:44:00.059 [main] ERROR BATTLE - 3:JS脚本需要使用js引擎编译，脚本:function unnamed_17(){ with(Math){ return abs(maindamage)*1;}; }
22:44:00.060 [main] ERROR BATTLE - 3:JS脚本需要使用js引擎编译，脚本:function unnamed_49(){ with(Math){ return phyattacka*1.25-defendb+1*gradea;}; }
22:44:00.062 [main] ERROR BATTLE - 3:JS脚本需要使用js引擎编译，脚本:function unnamed_127(){ with(Math){ return (15)+(TeamNum-1)*15+RoleLv*5;}; }
22:44:00.063 [main] ERROR BATTLE - 3:JS脚本需要使用js引擎编译，脚本:function unnamed_73(){ with(Math){ return gradea*0.0007;}; }
22:44:00.064 [main] ERROR BATTLE - 3:JS脚本需要使用js引擎编译，脚本:function unnamed_91(){ with(Math){ return gradea*0.5;}; }
22:44:00.065 [main] ERROR BATTLE - 3:JS脚本需要使用js引擎编译，脚本:function unnamed_64(){ with(Math){ return gradea*0.15;}; }
22:44:00.066 [main] ERROR BATTLE - 3:JS脚本需要使用js引擎编译，脚本:function unnamed_190(){ with(Math){ return _99053_<1;}; }
22:44:00.067 [main] ERROR BATTLE - 3:JS脚本需要使用js引擎编译，脚本:function unnamed_102(){ with(Math){ return gradea*0.525;}; }
22:44:00.069 [main] ERROR BATTLE - 3:JS脚本需要使用js引擎编译，脚本:function unnamed_31(){ with(Math){ return -maxhpb*0.2;}; }
22:44:00.070 [main] ERROR BATTLE - 3:JS脚本需要使用js引擎编译，脚本:function unnamed_130(){ with(Math){ return (1*RoleLv*0.94)*(random()*(1.02-0.98)+0.98);}; }
22:44:00.071 [main] ERROR BATTLE - 3:JS脚本需要使用js引擎编译，脚本:function unnamed_16(){ with(Math){ return abs(maindamage)*0.35;}; }
22:44:00.072 [main] ERROR BATTLE - 3:JS脚本需要使用js引擎编译，脚本:function unnamed_18(){ with(Math){ return -magicattacka*0.2;}; }
22:44:00.073 [main] ERROR BATTLE - 3:JS脚本需要使用js引擎编译，脚本:function unnamed_154(){ with(Math){ return _95003_<=6;}; }
22:44:00.074 [main] ERROR BATTLE - 3:JS脚本需要使用js引擎编译，脚本:function unnamed_28(){ with(Math){ return -(magicattacka*1.3-magicdefb+2*gradea)*0.5;}; }
22:44:00.075 [main] ERROR BATTLE - 3:JS脚本需要使用js引擎编译，脚本:function unnamed_36(){ with(Math){ return -(phyattacka*10-defendb+1*gradea+max((phyattacka-phyattackb)*0.05,0));}; }
22:44:00.077 [main] ERROR BATTLE - 3:JS脚本需要使用js引擎编译，脚本:function unnamed_182(){ with(Math){ return _99054_>=1;}; }
22:44:00.078 [main] ERROR BATTLE - 3:JS脚本需要使用js引擎编译，脚本:function unnamed_225(){ with(Math){ return !_508014_;}; }
22:44:00.079 [main] ERROR BATTLE - 3:JS脚本需要使用js引擎编译，脚本:function unnamed_69(){ with(Math){ return gradea*0.87;}; }
22:44:00.080 [main] ERROR BATTLE - 3:JS脚本需要使用js引擎编译，脚本:function unnamed_164(){ with(Math){ return _95003_=4;}; }
22:44:00.081 [main] ERROR BATTLE - 3:JS脚本需要使用js引擎编译，脚本:function unnamed_175(){ with(Math){ return _99047_>=1;}; }
22:44:00.083 [main] ERROR BATTLE - 3:JS脚本需要使用js引擎编译，脚本:function unnamed_181(){ with(Math){ return _99053_>=1;}; }
22:44:00.084 [main] ERROR BATTLE - 3:JS脚本需要使用js引擎编译，脚本:function unnamed_134(){ with(Math){ return (400*MonsterLv*0.011*(MonsterNum*0.083+MasterNum*0.1245)*min(max(1-0.2*floor(abs(MonsterLv-RoleLv)/5),0.1),1)*(1-IsDbPoint)+400*MonsterLv*0.13*(MonsterNum*0.083+MasterNum*0.1245)*min(max(1-0.2*floor(abs(MonsterLv-RoleLv)/5),0.1),1)*IsDbPoint)*(random()*(1.02-0.98)+0.98);}; }
22:44:00.085 [main] ERROR BATTLE - 3:JS脚本需要使用js引擎编译，脚本:function unnamed_176(){ with(Math){ return _99048_>=1;}; }
22:44:00.086 [main] ERROR BATTLE - 3:JS脚本需要使用js引擎编译，脚本:function unnamed_39(){ with(Math){ return -(phyattacka*1.50-defendb+1*skilllevela)*2.5;}; }
22:44:00.087 [main] ERROR BATTLE - 3:JS脚本需要使用js引擎编译，脚本:function unnamed_120(){ with(Math){ return (15)+(TeamNum-1)*15+RoleLv*140;}; }
22:44:00.088 [main] ERROR BATTLE - 3:JS脚本需要使用js引擎编译，脚本:function unnamed_51(){ with(Math){ return -(magicattacka*0.8-magicdefb+2*gradea)*(0.5+0.05*(2-preaimcount));}; }
22:44:00.090 [main] ERROR BATTLE - 3:JS脚本需要使用js引擎编译，脚本:function unnamed_82(){ with(Math){ return gradea*0.14;}; }
22:44:00.091 [main] ERROR BATTLE - 3:JS脚本需要使用js引擎编译，脚本:function unnamed_32(){ with(Math){ return -maxhpb*0.3;}; }
22:44:00.092 [main] ERROR BATTLE - 3:JS脚本需要使用js引擎编译，脚本:function unnamed_54(){ with(Math){ return -(magicattacka*3.5-magicdefb+2*skilllevela)*0.5;}; }
22:44:00.093 [main] ERROR BATTLE - 3:JS脚本需要使用js引擎编译，脚本:function unnamed_95(){ with(Math){ return gradea*0.75;}; }
22:44:00.094 [main] ERROR BATTLE - 3:JS脚本需要使用js引擎编译，脚本:function unnamed_158(){ with(Math){ return _95003_<=10;}; }
22:44:00.095 [main] ERROR BATTLE - 3:JS脚本需要使用js引擎编译，脚本:function unnamed_19(){ with(Math){ return medicala*1.1+3*skilllevela;}; }
22:44:00.096 [main] ERROR BATTLE - 3:JS脚本需要使用js引擎编译，脚本:function unnamed_72(){ with(Math){ return gradea*1.4;}; }
22:44:00.097 [main] ERROR BATTLE - 3:JS脚本需要使用js引擎编译，脚本:function unnamed_139(){ with(Math){ return 105800+floor(RoleLv/10)*440+(200+floor(RoleLv/10)*40*(Ring-1));}; }
22:44:00.099 [main] ERROR BATTLE - 3:JS脚本需要使用js引擎编译，脚本:function unnamed_108(){ with(Math){ return -(phyattacka*1.2-defendb+1*gradea);}; }
22:44:00.100 [main] ERROR BATTLE - 3:JS脚本需要使用js引擎编译，脚本:function unnamed_117(){ with(Math){ return RoleLv*50;}; }
22:44:00.101 [main] ERROR BATTLE - 3:JS脚本需要使用js引擎编译，脚本:function unnamed_155(){ with(Math){ return _95003_<=7;}; }
22:44:00.102 [main] ERROR BATTLE - 3:JS脚本需要使用js引擎编译，脚本:function unnamed_220(){ with(Math){ return !_501402_;}; }
22:44:00.103 [main] ERROR BATTLE - 3:JS脚本需要使用js引擎编译，脚本:function unnamed_21(){ with(Math){ return -(magicattacka*1.3-magicdefb+2*gradea)*0.5*(1.2+(0.6+0.2*skilllevela)*(1-curmpb/maxmpb));}; }
22:44:00.104 [main] ERROR BATTLE - 3:JS脚本需要使用js引擎编译，脚本:function unnamed_116(){ with(Math){ return 1600*RoleLv*0.067*(0.74+0.02*Time)*(random()*(1.02-0.98)+0.98);}; }
22:44:00.105 [main] ERROR BATTLE - 3:JS脚本需要使用js引擎编译，脚本:function unnamed_5(){ with(Math){ return -(phyattacka*1-defendb+1*gradea)*(0.25+0.05*skilllevela);}; }
22:44:00.106 [main] ERROR BATTLE - 3:JS脚本需要使用js引擎编译，脚本:function unnamed_226(){ with(Math){ return !_508008_;}; }
22:44:00.108 [main] ERROR BATTLE - 3:JS脚本需要使用js引擎编译，脚本:function unnamed_210(){ with(Math){ return _94041_>=1;}; }
22:44:00.109 [main] ERROR BATTLE - 3:JS脚本需要使用js引擎编译，脚本:function unnamed_205(){ with(Math){ return _99049_>=5;}; }
22:44:00.110 [main] ERROR BATTLE - 3:JS脚本需要使用js引擎编译，脚本:function unnamed_217(){ with(Math){ return !_508237_;}; }
22:44:00.111 [main] ERROR BATTLE - 3:JS脚本需要使用js引擎编译，脚本:function unnamed_47(){ with(Math){ return -(phyattacka*1.25-defendb+1*gradea+max((phyattacka-phyattackb)*0.25,0));}; }
22:44:00.112 [main] ERROR BATTLE - 3:JS脚本需要使用js引擎编译，脚本:function unnamed_149(){ with(Math){ return _94056_>=4;}; }
22:44:00.113 [main] ERROR BATTLE - 3:JS脚本需要使用js引擎编译，脚本:function unnamed_195(){ with(Math){ return _99058_<1;}; }
22:44:00.114 [main] ERROR BATTLE - 3:JS脚本需要使用js引擎编译，脚本:function unnamed_148(){ with(Math){ return _99039_>=1;}; }
22:44:00.115 [main] ERROR BATTLE - 3:JS脚本需要使用js引擎编译，脚本:function unnamed_187(){ with(Math){ return _99059_>=1;}; }
22:44:00.117 [main] ERROR BATTLE - 3:JS脚本需要使用js引擎编译，脚本:function unnamed_24(){ with(Math){ return 2*skilllevela+50;}; }
22:44:00.118 [main] ERROR BATTLE - 3:JS脚本需要使用js引擎编译，脚本:function unnamed_96(){ with(Math){ return gradea*0.0875;}; }
22:44:00.119 [main] ERROR BATTLE - 3:JS脚本需要使用js引擎编译，脚本:function unnamed_165(){ with(Math){ return _95003_=5;}; }
22:44:00.120 [main] ERROR BATTLE - 3:JS脚本需要使用js引擎编译，脚本:function unnamed_113(){ with(Math){ return -(phyattacka*0.5-defendb+1*gradea);}; }
22:44:00.121 [main] ERROR BATTLE - 3:JS脚本需要使用js引擎编译，脚本:function unnamed_105(){ with(Math){ return gradea*3.5;}; }
22:44:00.122 [main] ERROR BATTLE - 3:JS脚本需要使用js引擎编译，脚本:function unnamed_125(){ with(Math){ return (15)+(TeamNum-1)*15+RoleLv*3;}; }
22:44:00.124 [main] ERROR BATTLE - 3:JS脚本需要使用js引擎编译，脚本:function unnamed_11(){ with(Math){ return -(phyattacka*0.45-defendb+1*skilllevela);}; }
22:44:00.125 [main] ERROR BATTLE - 3:JS脚本需要使用js引擎编译，脚本:function unnamed_112(){ with(Math){ return -(phyattacka*0.65-defendb+1*gradea);}; }
22:44:00.126 [main] ERROR BATTLE - 3:JS脚本需要使用js引擎编译，脚本:function unnamed_137(){ with(Math){ return 500*RoleLv*1.215*(0.88+0.03);}; }
22:44:00.127 [main] ERROR BATTLE - 3:JS脚本需要使用js引擎编译，脚本:function unnamed_171(){ with(Math){ return _99042_>=3;}; }
22:44:00.128 [main] ERROR BATTLE - 3:JS脚本需要使用js引擎编译，脚本:function unnamed_202(){ with(Math){ return _99062_>=3;}; }
22:44:00.129 [main] ERROR BATTLE - 3:JS脚本需要使用js引擎编译，脚本:function unnamed_79(){ with(Math){ return gradea*1;}; }
22:44:00.130 [main] ERROR BATTLE - 3:JS脚本需要使用js引擎编译，脚本:function unnamed_87(){ with(Math){ return gradea*0.378;}; }
22:44:00.131 [main] ERROR BATTLE - 3:JS脚本需要使用js引擎编译，脚本:function unnamed_8(){ with(Math){ return -(magicattacka*1.2-magicdefb+2*skilllevela)*(0.5+0.05*(4-preaimcount));}; }
22:44:00.132 [main] ERROR BATTLE - 3:JS脚本需要使用js引擎编译，脚本:function unnamed_99(){ with(Math){ return gradea*0.3;}; }
22:44:00.133 [main] ERROR BATTLE - 3:JS脚本需要使用js引擎编译，脚本:function unnamed_193(){ with(Math){ return _99056_<1;}; }
22:44:00.135 [main] ERROR BATTLE - 3:JS脚本需要使用js引擎编译，脚本:function unnamed_88(){ with(Math){ return gradea*0.875;}; }
22:44:00.136 [main] ERROR BATTLE - 3:JS脚本需要使用js引擎编译，脚本:function unnamed_67(){ with(Math){ return gradea*0.32;}; }
22:44:00.137 [main] ERROR BATTLE - 3:JS脚本需要使用js引擎编译，脚本:function unnamed_224(){ with(Math){ return _503001_;}; }
22:44:00.138 [main] ERROR BATTLE - 3:JS脚本需要使用js引擎编译，脚本:function unnamed_52(){ with(Math){ return -(phyattacka*0.55-defendb+1*gradea);}; }
22:44:00.139 [main] ERROR BATTLE - 3:JS脚本需要使用js引擎编译，脚本:function unnamed_152(){ with(Math){ return _95003_<=4;}; }
22:44:00.140 [main] ERROR BATTLE - 3:JS脚本需要使用js引擎编译，脚本:function unnamed_198(){ with(Math){ return _99061_<1;}; }
22:44:00.141 [main] ERROR BATTLE - 3:JS脚本需要使用js引擎编译，脚本:function unnamed_223(){ with(Math){ return _509081_;}; }
22:44:00.142 [main] ERROR BATTLE - 3:JS脚本需要使用js引擎编译，脚本:function unnamed_38(){ with(Math){ return -(phyattacka*1.45-defendb+1*skilllevela)*2.5;}; }
22:44:00.144 [main] ERROR BATTLE - 3:JS脚本需要使用js引擎编译，脚本:function unnamed_203(){ with(Math){ return _99066_>=1;}; }
22:44:00.145 [main] ERROR BATTLE - 3:JS脚本需要使用js引擎编译，脚本:function unnamed_221(){ with(Math){ return !_508002_;}; }
22:44:00.146 [main] ERROR BATTLE - 3:JS脚本需要使用js引擎编译，脚本:function unnamed_65(){ with(Math){ return gradea*0.28;}; }
22:44:00.147 [main] ERROR BATTLE - 3:JS脚本需要使用js引擎编译，脚本:function unnamed_201(){ with(Math){ return _99062_>=2;}; }
22:44:00.148 [main] ERROR BATTLE - 3:JS脚本需要使用js引擎编译，脚本:function unnamed_94(){ with(Math){ return gradea*0.075;}; }
22:44:00.149 [main] ERROR BATTLE - 3:JS脚本需要使用js引擎编译，脚本:function unnamed_90(){ with(Math){ return gradea*0.05;}; }
22:44:00.150 [main] ERROR BATTLE - 3:JS脚本需要使用js引擎编译，脚本:function unnamed_44(){ with(Math){ return -magicattacka*2.2;}; }
22:44:00.151 [main] ERROR BATTLE - 3:JS脚本需要使用js引擎编译，脚本:function unnamed_46(){ with(Math){ return -(phyattacka*0.45-defendb+1*gradea);}; }
22:44:00.152 [main] ERROR BATTLE - 3:JS脚本需要使用js引擎编译，脚本:function unnamed_111(){ with(Math){ return 0.35*maxhpb;}; }
22:44:00.153 [main] ERROR BATTLE - 3:JS脚本需要使用js引擎编译，脚本:function unnamed_121(){ with(Math){ return (15)+(TeamNum-1)*15+RoleLv*150;}; }
22:44:00.155 [main] ERROR BATTLE - 3:JS脚本需要使用js引擎编译，脚本:function unnamed_142(){ with(Math){ return _94019_<1;}; }
22:44:00.156 [main] ERROR BATTLE - 3:JS脚本需要使用js引擎编译，脚本:function unnamed_188(){ with(Math){ return _99060_>=1;}; }
22:44:00.157 [main] ERROR BATTLE - 3:JS脚本需要使用js引擎编译，脚本:function unnamed_191(){ with(Math){ return _99054_<1;}; }
22:44:00.158 [main] ERROR BATTLE - 3:JS脚本需要使用js引擎编译，脚本:function unnamed_212(){ with(Math){ return _99074_>=1;}; }
22:44:00.159 [main] ERROR BATTLE - 3:JS脚本需要使用js引擎编译，脚本:function unnamed_166(){ with(Math){ return _95003_=6;}; }
22:44:00.161 [main] ERROR BATTLE - 3:JS脚本需要使用js引擎编译，脚本:function unnamed_162(){ with(Math){ return _97001_>=4;}; }
22:44:00.162 [main] ERROR BATTLE - 3:JS脚本需要使用js引擎编译，脚本:function unnamed_126(){ with(Math){ return (15)+(TeamNum-1)*15+RoleLv*4;}; }
22:44:00.163 [main] ERROR BATTLE - 3:JS脚本需要使用js引擎编译，脚本:function unnamed_9(){ with(Math){ return 0.7+0.002*(skilllevela-gradeb)+(enhanceseala-resistsealb);}; }
22:44:00.164 [main] ERROR BATTLE - 3:JS脚本需要使用js引擎编译，脚本:function unnamed_12(){ with(Math){ return 16*skilllevela;}; }
22:44:00.165 [main] ERROR BATTLE - 3:JS脚本需要使用js引擎编译，脚本:function unnamed_204(){ with(Math){ return _99067_>=1;}; }
22:44:00.166 [main] ERROR BATTLE - 3:JS脚本需要使用js引擎编译，脚本:function unnamed_219(){ with(Math){ return !_503001_;}; }
22:44:00.167 [main] ERROR BATTLE - 3:JS脚本需要使用js引擎编译，脚本:function unnamed_59(){ with(Math){ return gradea*0.16;}; }
22:44:00.168 [main] ERROR BATTLE - 3:JS脚本需要使用js引擎编译，脚本:function unnamed_118(){ with(Math){ return (15)+(TeamNum-1)*15+RoleLv*100;}; }
22:44:00.169 [main] ERROR BATTLE - 3:JS脚本需要使用js引擎编译，脚本:function unnamed_214(){ with(Math){ return _501901_;}; }
22:44:00.171 [main] ERROR BATTLE - 3:JS脚本需要使用js引擎编译，脚本:function unnamed_189(){ with(Math){ return _99061_>=1;}; }
22:44:00.172 [main] ERROR BATTLE - 3:JS脚本需要使用js引擎编译，脚本:function unnamed_30(){ with(Math){ return -maxhpb*0.1;}; }
22:44:00.173 [main] ERROR BATTLE - 3:JS脚本需要使用js引擎编译，脚本:function unnamed_216(){ with(Math){ return !_508236_;}; }
22:44:00.174 [main] ERROR BATTLE - 3:JS脚本需要使用js引擎编译，脚本:function unnamed_62(){ with(Math){ return gradea*0.125;}; }
22:44:00.175 [main] ERROR BATTLE - 3:JS脚本需要使用js引擎编译，脚本:function unnamed_163(){ with(Math){ return _99040_>=2;}; }
22:44:00.176 [main] ERROR BATTLE - 3:JS脚本需要使用js引擎编译，脚本:function unnamed_81(){ with(Math){ return gradea*1.2;}; }
22:44:00.177 [main] ERROR BATTLE - 3:JS脚本需要使用js引擎编译，脚本:function unnamed_153(){ with(Math){ return _95003_<=5;}; }
22:44:00.178 [main] ERROR BATTLE - 3:JS脚本需要使用js引擎编译，脚本:function unnamed_170(){ with(Math){ return _99041_>=3;}; }
22:44:00.179 [main] ERROR BATTLE - 3:JS脚本需要使用js引擎编译，脚本:function unnamed_173(){ with(Math){ return _99044_<1;}; }
22:44:00.181 [main] ERROR BATTLE - 3:JS脚本需要使用js引擎编译，脚本:function unnamed_200(){ with(Math){ return _99062_>=1;}; }
22:44:00.182 [main] ERROR BATTLE - 3:JS脚本需要使用js引擎编译，脚本:function unnamed_159(){ with(Math){ return _96232_>=1;}; }
22:44:00.183 [main] ERROR BATTLE - 3:JS脚本需要使用js引擎编译，脚本:function unnamed_4(){ with(Math){ return 0.15*maxhpb;}; }
22:44:00.184 [main] ERROR BATTLE - 3:JS脚本需要使用js引擎编译，脚本:function unnamed_78(){ with(Math){ return gradea*0.08;}; }
22:44:00.185 [main] ERROR BATTLE - 3:JS脚本需要使用js引擎编译，脚本:function unnamed_3(){ with(Math){ return -(phyattacka*0.55-defendb+1*skilllevela);}; }
22:44:00.186 [main] ERROR BATTLE - 3:JS脚本需要使用js引擎编译，脚本:function unnamed_77(){ with(Math){ return gradea*0.0014;}; }
22:44:00.188 [main] ERROR BATTLE - 3:JS脚本需要使用js引擎编译，脚本:function unnamed_133(){ with(Math){ return 3000*RoleLv;}; }
22:44:00.189 [main] ERROR BATTLE - 3:JS脚本需要使用js引擎编译，脚本:function unnamed_76(){ with(Math){ return gradea*0.001225;}; }
22:44:00.190 [main] ERROR BATTLE - 3:JS脚本需要使用js引擎编译，脚本:function unnamed_86(){ with(Math){ return gradea*0.3375;}; }
22:44:00.191 [main] ERROR BATTLE - 3:JS脚本需要使用js引擎编译，脚本:function unnamed_167(){ with(Math){ return _95003_=7;}; }
22:44:00.192 [main] ERROR BATTLE - 3:JS脚本需要使用js引擎编译，脚本:function unnamed_15(){ with(Math){ return -(magicattacka*1.8-magicdefb+2*skilllevela)*(0.5+0.05*(4-preaimcount));}; }
22:44:00.193 [main] ERROR BATTLE - 3:JS脚本需要使用js引擎编译，脚本:function unnamed_50(){ with(Math){ return -(magicattacka*0.5-magicdefb+2*gradea)*(0.5+0.05*(2-preaimcount));}; }
22:44:00.194 [main] ERROR BATTLE - 3:JS脚本需要使用js引擎编译，脚本:function unnamed_123(){ with(Math){ return (15)+(TeamNum-1)*15+RoleLv*1;}; }
22:44:00.196 [main] ERROR BATTLE - 3:JS脚本需要使用js引擎编译，脚本:function unnamed_103(){ with(Math){ return gradea*3;}; }
22:44:00.197 [main] ERROR BATTLE - 3:JS脚本需要使用js引擎编译，脚本:function unnamed_13(){ with(Math){ return ((medicala*0.5+skilllevela*1.4)+abs(maindamage)*0.1)*(1+healrevisea)*(1+medicaljiashena/1000);}; }
22:44:00.198 [main] ERROR BATTLE - 3:JS脚本需要使用js引擎编译，脚本:function unnamed_71(){ with(Math){ return gradea*1.22;}; }
22:44:00.199 [main] ERROR BATTLE - 3:JS脚本需要使用js引擎编译，脚本:function unnamed_138(){ with(Math){ return Ring+3;}; }
22:44:00.200 [main] ERROR BATTLE - 3:JS脚本需要使用js引擎编译，脚本:function unnamed_60(){ with(Math){ return gradea*0.1;}; }
22:44:00.201 [main] ERROR BATTLE - 3:JS脚本需要使用js引擎编译，脚本:function unnamed_180(){ with(Math){ return _94014_>=7;}; }
22:44:00.203 [main] ERROR BATTLE - 3:JS脚本需要使用js引擎编译，脚本:function unnamed_147(){ with(Math){ return _99038_>=1;}; }
22:44:00.204 [main] ERROR BATTLE - 3:JS脚本需要使用js引擎编译，脚本:function unnamed_186(){ with(Math){ return _99058_>=1;}; }
22:44:00.205 [main] ERROR BATTLE - 3:JS脚本需要使用js引擎编译，脚本:function unnamed_115(){ with(Math){ return (15)+(TeamNum-1)*15+RoleLv*160;}; }
22:44:00.206 [main] ERROR BATTLE - 3:JS脚本需要使用js引擎编译，脚本:function unnamed_34(){ with(Math){ return -maxhpb*0.6;}; }
22:44:00.207 [main] ERROR BATTLE - 3:JS脚本需要使用js引擎编译，脚本:function unnamed_215(){ with(Math){ return _501402_;}; }
22:44:00.208 [main] ERROR BATTLE - 3:JS脚本需要使用js引擎编译，脚本:function unnamed_150(){ with(Math){ return _95003_<=2;}; }
22:44:00.210 [main] ERROR BATTLE - 3:JS脚本需要使用js引擎编译，脚本:function unnamed_0(){ with(Math){ return -(phyattacka*1.3-defendb+1*skilllevela);}; }
22:44:00.211 [main] ERROR BATTLE - 3:JS脚本需要使用js引擎编译，脚本:function unnamed_66(){ with(Math){ return gradea*0.175;}; }
22:44:00.212 [main] ERROR BATTLE - 3:JS脚本需要使用js引擎编译，脚本:function unnamed_55(){ with(Math){ return -(phyattacka*1-defendb+7*gradea);}; }
22:44:00.213 [main] ERROR BATTLE - 3:JS脚本需要使用js引擎编译，脚本:function unnamed_22(){ with(Math){ return medicala+1.2*skilllevela;}; }
22:44:00.214 [main] ERROR BATTLE - 3:JS脚本需要使用js引擎编译，脚本:function unnamed_222(){ with(Math){ return !_508006_;}; }
22:44:00.215 [main] ERROR BATTLE - 3:JS脚本需要使用js引擎编译，脚本:function unnamed_41(){ with(Math){ return -(phyattacka*1.60-defendb+1*skilllevela)*2.5;}; }
22:44:00.217 [main] ERROR BATTLE - 3:JS脚本需要使用js引擎编译，脚本:function unnamed_136(){ with(Math){ return RoleLv*200;}; }
22:44:00.218 [main] ERROR BATTLE - 3:JS脚本需要使用js引擎编译，脚本:function unnamed_7(){ with(Math){ return 9*skilllevela;}; }
22:44:00.219 [main] ERROR BATTLE - 3:JS脚本需要使用js引擎编译，脚本:function unnamed_192(){ with(Math){ return _99055_<1;}; }
22:44:00.220 [main] ERROR BATTLE - 3:JS脚本需要使用js引擎编译，脚本:function unnamed_101(){ with(Math){ return gradea*0.45;}; }
22:44:00.221 [main] ERROR BATTLE - 3:JS脚本需要使用js引擎编译，脚本:function unnamed_6(){ with(Math){ return -(phyattacka*1.45-defendb+1*skilllevela);}; }
22:44:00.222 [main] ERROR BATTLE - 3:JS脚本需要使用js引擎编译，脚本:function unnamed_53(){ with(Math){ return abs(maindamage)*0.20;}; }
22:44:00.223 [main] ERROR BATTLE - 3:JS脚本需要使用js引擎编译，脚本:function unnamed_92(){ with(Math){ return gradea*0.0625;}; }
22:44:00.225 [main] ERROR BATTLE - 3:JS脚本需要使用js引擎编译，脚本:function unnamed_177(){ with(Math){ return _94056_>=3;}; }
22:44:00.226 [main] ERROR BATTLE - 3:JS脚本需要使用js引擎编译，脚本:function unnamed_104(){ with(Math){ return gradea*3.25;}; }
22:44:00.227 [main] ERROR BATTLE - 3:JS脚本需要使用js引擎编译，脚本:function unnamed_25(){ with(Math){ return 0.7*maxhpb;}; }
22:44:00.228 [main] ERROR BATTLE - 3:JS脚本需要使用js引擎编译，脚本:function unnamed_1(){ with(Math){ return -(phyattacka*1.35-defendb+1*skilllevela);}; }
22:44:00.229 [main] ERROR BATTLE - 3:JS脚本需要使用js引擎编译，脚本:function unnamed_124(){ with(Math){ return (15)+(TeamNum-1)*15+RoleLv*2;}; }
22:44:00.230 [main] ERROR BATTLE - 3:JS脚本需要使用js引擎编译，脚本:function unnamed_168(){ with(Math){ return _95003_=8;}; }
22:44:00.231 [main] ERROR BATTLE - 3:JS脚本需要使用js引擎编译，脚本:function unnamed_45(){ with(Math){ return -magicattacka*1.6;}; }
22:44:00.233 [main] ERROR BATTLE - 3:JS脚本需要使用js引擎编译，脚本:function unnamed_89(){ with(Math){ return gradea*1.225;}; }
22:44:00.234 [main] ERROR BATTLE - 3:JS脚本需要使用js引擎编译，脚本:function unnamed_146(){ with(Math){ return _99037_>=1;}; }
22:44:00.235 [main] ERROR BATTLE - 3:JS脚本需要使用js引擎编译，脚本:function unnamed_10(){ with(Math){ return gradea*2;}; }
22:44:00.236 [main] ERROR BATTLE - 3:JS脚本需要使用js引擎编译，脚本:function unnamed_35(){ with(Math){ return -maxhpb*0.7;}; }
22:44:00.237 [main] ERROR BATTLE - 3:JS脚本需要使用js引擎编译，脚本:function unnamed_61(){ with(Math){ return gradea*0.2;}; }
22:44:00.238 [main] ERROR BATTLE - 3:JS脚本需要使用js引擎编译，脚本:function unnamed_114(){ with(Math){ return -magicattacka*0.7;}; }
22:44:00.240 [main] ERROR BATTLE - 3:JS脚本需要使用js引擎编译，脚本:function unnamed_85(){ with(Math){ return gradea*0.2835;}; }
22:44:00.241 [main] ERROR BATTLE - 3:JS脚本需要使用js引擎编译，脚本:function unnamed_57(){ with(Math){ return 10+gradea;}; }
22:44:00.242 [main] ERROR BATTLE - 3:JS脚本需要使用js引擎编译，脚本:function unnamed_145(){ with(Math){ return _99036_>=1;}; }
22:44:00.243 [main] ERROR BATTLE - 3:JS脚本需要使用js引擎编译，脚本:function unnamed_151(){ with(Math){ return _95003_<=3;}; }
22:44:00.244 [main] ERROR BATTLE - 3:JS脚本需要使用js引擎编译，脚本:function unnamed_106(){ with(Math){ return gradea*3.75;}; }
22:44:00.246 [main] ERROR BATTLE - 3:JS脚本需要使用js引擎编译，脚本:function unnamed_160(){ with(Math){ return _96234_>=1;}; }
2025-04-28 22:44:44.516 INFO  <mkdb.Checkpoint> ---------------- begin ----------------
2025-04-28 22:44:44.520 INFO  <mkdb.Checkpoint> marshalN=1/246
2025-04-28 22:44:44.524 INFO  <mkdb.Checkpoint> snapshot=246 marshal0=0
2025-04-28 22:44:44.527 INFO  <mkdb.Checkpoint> flush=246
2025-04-28 22:44:45.227 INFO  <mkdb.Checkpoint> checkpoint
2025-04-28 22:44:45.227 INFO  <mkdb.Checkpoint> ----------------- end -----------------
2025-04-28 22:44:50.878 DEBUG <mkio.Engine.1> protocol type:211,size:50
2025-04-28 22:44:50.878 DEBUG <mkio.Engine.1> mkio.Protocol execute type=211 class=gnet.UserInfoRep this=(1,0,0,0,-642904037,0,[],0,2,B22,)
2025-04-28 22:44:50.913 DEBUG <mkio.Engine.2> protocol type:65541,size:13
2025-04-28 22:44:50.913 DEBUG <mkio.Engine.2> mkio.Protocol execute type=786433 class=fire.pb.CRoleList this=()
2025-04-28 22:44:50.916 DEBUG <mkdb.Worker..27> mkio.send type=1 class=mkdb.util.UniqName$Exist this=((activeuser:1:1), 0),size=33
2025-04-28 22:44:50.925 DEBUG <mkio.Engine.3> protocol type:1,size:8
2025-04-28 22:44:50.926 DEBUG <mkio.Engine.3> mkio.Rpc.response with submit type=1 class=mkdb.util.UniqName$Exist this=((activeuser:1:1), 5)
22:44:50.927 [mkdb.Worker..27] ERROR SYSTEM - User登录 UserId = 1 linksid= 11
2025-04-28 22:44:50.928 DEBUG <mkdb.Worker..27> mkio.send type=65543 class=gnet.link.SetLogin this=(11,1,-1,),size=16
2025-04-28 22:44:50.929 DEBUG <mkdb.Worker..27> mkio.send type=65540 class=gnet.link.Send this=([11],786516,B1,),size=11
2025-04-28 22:44:50.950 DEBUG <mkdb.Worker.procedure.21> mkio.send type=786434 class=fire.pb.SRoleList this=(4097,0,[(4097,T3,24,8,101,{1=0, 50=101, 51=201, 6=601, 7=0, 60=0},0,)],1,),size=80
2025-04-28 22:44:50.951 DEBUG <mkdb.Worker.procedure.21> mkio.send type=65540 class=gnet.link.Send this=([11],786434,B80,),size=91
2025-04-28 22:44:51.054 DEBUG <mkio.Engine.2> protocol type:65541,size:185
2025-04-28 22:44:51.055 DEBUG <mkio.Engine.2> mkio.Protocol execute type=786514 class=fire.pb.CNotifyDeviceInfo this=([(T6,T0,), (T4,T9,), (T6,T17,), (T4,T0,), (T8,T0,), (T5,T0,), (T8,T1,), (T9,T0,)],)
2025-04-28 22:44:51.067 DEBUG <mkdb.Worker.procedure.44> mkio.send type=65540 class=gnet.link.Send this=([11],786515,B27,),size=37
2025-04-28 22:44:51.468 DEBUG <mkio.Engine.2> protocol type:65541,size:25
22:44:51.469 [EnterWorldThread] ERROR SYSTEM - roleId=4097 insert linksid = 11 userid=1
22:44:51.471 [EnterWorldThread] ERROR SYSTEM - roleid=4097 CEnterWorld: 已经加入。
2190
2025-04-28 22:44:51.545 DEBUG <mkio.Engine.2> protocol type:65541,size:17
2025-04-28 22:44:51.545 DEBUG <mkio.Engine.2> mkio.Protocol execute type=807452 class=fire.pb.circletask.CQueryCircleTaskState this=(1050000,)
当前宠物背包数4
2025-04-28 22:44:51.682 DEBUG <mkdb.Worker.procedure.43> mkio.send type=786438 class=fire.pb.SEnterWorld this=((4097,T3,0,101,24,8,-1,1745850413977,1688,1688,1688,1095,239,1095,462,0,60,150,1000,687,0,455,24,425,0,0,24,100,1050,0,1000.0,1000.0,500.0,24,200,2520,(136,99,247,102,99,{1=38, 2=0, 3=0},{1=0, 2=0, 3=0},{1=152, 2=0, 3=0},{1=0, 2=0, 3=0},{1=0, 2=0, 3=0},),{1=315, 2=500, 3=500},1,0,0,0,2135500,304409185,-1,8,[(500326,18,T3,59,1,0,0,0,1895,1895,997,997,988,535,483,311,528,0,(30,30,30,30,30,),(89,89,325,89,89,),59,0,0,0,0,0,0,0,417768,1737,1192,6215,2516,1393,0,1408.0,-1,4,[(207210,0,0,0,), (207225,0,0,0,), (206028,0,0,0,), (206063,0,0,0,), (206026,0,0,0,), (207228,0,0,0,), (206062,0,0,0,)],{},0,0,4097,T3,2,1,0,{},0,25,0,0,0,4696,0,0,0,0,0,[],0,), (900003,7,T5,69,1,0,0,0,1737,1737,3068,3068,454,602,388,860,710,0,(30,30,30,30,30,),(99,444,99,99,99,),0,0,5,0,0,0,0,0,571368,1550,1400,4800,2600,1400,0,1180.0,-1,4,[(207202,0,0,0,), (206046,0,0,0,), (206045,0,0,0,), (206053,0,0,0,), (206006,0,0,0,), (206030,0,0,0,)],{},0,0,4097,T3,12,1,0,{},0,25,0,0,0,3275,0,1002,2002,0,0,[],0,), (900005,8,T4,69,1,0,0,0,1737,1737,1032,1032,1105,602,388,331,580,0,(30,30,30,30,30,),(99,99,444,99,99,),0,0,0,5,0,0,0,0,571368,1550,1400,4800,2600,1400,0,1180.0,-1,4,[(207204,0,0,0,), (206051,0,0,0,), (206038,0,0,0,), (206053,0,0,0,), (206032,0,0,0,), (206005,0,0,0,)],{},0,0,4097,T3,13,1,0,{},0,25,0,0,0,3255,0,0,0,0,0,[],0,), (520502,14,T3,69,55,0,0,0,4314,4314,835,835,313,526,236,272,447,0,(42,11,14,15,18,),(456,80,83,84,87,),0,5,0,0,0,0,0,0,571368,974,1327,4256,2300,581,0,1096.0,10000,2,[(207002,0,0,0,), (206026,0,0,0,)],{},0,0,4097,T3,0,1,0,{},0,25,0,0,0,1786,0,0,0,0,0,[],0,)],{1=1, 2=125, 3=1, 4=1, 5=100, 6=0, 7=1, 8=1, 9=1, 10=0, 11=0, 12=1, 13=1, 14=1, 15=1, 16=1, 17=0, 18=0, 19=0, 20=1, 21=0, 22=1, 23=0, 24=0, 25=0, 26=0, 27=0, 28=0, 29=0, 30=0, 31=0, 32=0, 33=0, 34=1, 35=0, 36=1, 37=0, 38=1, 39=0, 40=0, 41=1, 42=0, 43=0, 44=0, 45=1, 46=1, 47=0, 48=0},{89=0, 99=0, 69=0, 109=0, 79=0},{},{},{1=0, 50=101, 51=201, 6=601, 7=0, 60=0},0,0,0,0,0,7,0,0,0,0,0,0,0,{1=({1=802564400, 2=9954999, 107=5, 108=5, 13=0, 110=20},100,[(336010,16,65,15,2,0,0,-1,0,), (337942,16,67,26,1,0,0,-1,0,), (310102,16,68,14,5,0,0,-1,0,), (910410,16,5,3,1,0,0,-1,0,), (311022,0,69,13,1,0,0,-1,0,), (40008,16,70,16,10,0,0,-1,0,), (40009,16,71,17,10,0,0,-1,0,), (40010,16,72,18,10,0,0,-1,0,), (40011,16,73,19,10,0,0,-1,0,), (910910,16,10,8,1,0,0,-1,0,), (710054,16,76,22,19,0,0,-1,0,), (801010,16,77,11,1,0,0,-1,0,), (910210,16,14,1,1,0,0,-1,0,), (710055,16,78,23,1,0,0,-1,0,), (910510,16,16,4,1,0,0,-1,0,), (680101,0,80,27,8,0,0,-1,0,), (680231,0,81,29,99,0,0,-1,0,), (680131,0,82,28,69,0,0,-1,0,), (910810,16,19,7,1,0,0,-1,0,), (259005,16,84,10,1,0,0,-1,0,), (710004,16,85,31,1,0,0,-1,0,), (680741,16,86,32,2,0,0,-1,0,), (680739,16,87,33,1,0,0,-1,0,), (680755,16,88,34,1,0,0,-1,0,), (680743,16,89,35,1,0,0,-1,0,), (680744,16,90,36,2,0,0,-1,0,), (680735,16,91,37,1,0,0,-1,0,), (680734,16,92,38,1,0,0,-1,0,), (680727,16,93,39,1,0,0,-1,0,), (911010,16,36,9,1,0,0,-1,0,), (910610,16,39,5,1,0,0,-1,0,), (910310,16,40,2,1,0,0,-1,0,), (331005,16,43,20,3,0,0,-1,0,), (35002,16,44,12,1,0,0,-1,0,), (339002,0,46,24,40,0,0,-1,0,), (910710,16,49,6,1,0,0,-1,0,), (910110,16,50,0,1,0,0,-1,0,), (259000,16,52,21,17,0,0,-1,0,), (337943,16,56,25,6,0,0,-1,0,), (680700,0,57,30,6,0,0,-1,0,)],), 3=({},50,[(912010,16,21,16,1,0,0,-1,0,), (700101,16,22,15,1,0,0,-1,0,), (803003,16,23,8,1,0,0,-1,0,)],), 4=({},15,[],), 5=({},25,[(50357,16,1,0,1,0,0,-1,0,)],)},1745515880059,{},),),size=4229
2025-04-28 22:44:51.682 DEBUG <mkdb.Worker.procedure.43> mkio.send type=65540 class=gnet.link.Send this=([11],786438,B4229,),size=4240
2025-04-28 22:44:51.702 DEBUG <mkdb.Worker.procedure.43> mkio.send type=786439 class=fire.pb.SGameTime this=(1745851491702,),size=8
2025-04-28 22:44:51.703 DEBUG <mkdb.Worker.procedure.43> mkio.send type=65540 class=gnet.link.Send this=([11],786439,B8,),size=18
2025-04-28 22:44:51.766 DEBUG <mkio.Engine.2> protocol type:65541,size:17
2025-04-28 22:44:51.766 DEBUG <mkio.Engine.2> mkio.Protocol execute type=810374 class=fire.pb.game.CLogPushToken this=(0,)
22:44:51.774 [mkdb.Worker.procedure.36] ERROR PUSH - 收到客户端推送消息, RoleId=4097, Token=0
2025-04-28 22:44:51.794 DEBUG <mkdb.Worker.procedure.43> mkio.send type=786529 class=fire.pb.SServerIDResponse this=(1000000001,),size=4
2025-04-28 22:44:51.794 DEBUG <mkdb.Worker.procedure.43> mkio.send type=65540 class=gnet.link.Send this=([11],786529,B4,),size=14
2025-04-28 22:44:51.851 DEBUG <mkdb.Worker.procedure.43> mkio.send type=805445 class=fire.pb.mission.SAcceptMission this=((500801,3,0,0,0,),),size=24
2025-04-28 22:44:51.851 DEBUG <mkdb.Worker.procedure.43> mkio.send type=65540 class=gnet.link.Send this=([11],805445,B24,),size=34
2025-04-28 22:44:51.851 DEBUG <mkdb.Worker.procedure.43> mkio.send type=805445 class=fire.pb.mission.SAcceptMission this=((501101,3,0,0,0,),),size=24
2025-04-28 22:44:51.851 DEBUG <mkdb.Worker.procedure.43> mkio.send type=65540 class=gnet.link.Send this=([11],805445,B24,),size=34
2025-04-28 22:44:51.851 DEBUG <mkdb.Worker.procedure.43> mkio.send type=805445 class=fire.pb.mission.SAcceptMission this=((500201,3,0,0,0,),),size=24
2025-04-28 22:44:51.851 DEBUG <mkdb.Worker.procedure.43> mkio.send type=65540 class=gnet.link.Send this=([11],805445,B24,),size=34
2025-04-28 22:44:51.852 DEBUG <mkdb.Worker.procedure.43> mkio.send type=805445 class=fire.pb.mission.SAcceptMission this=((500301,3,0,0,0,),),size=24
2025-04-28 22:44:51.852 DEBUG <mkdb.Worker.procedure.43> mkio.send type=65540 class=gnet.link.Send this=([11],805445,B24,),size=34
2025-04-28 22:44:51.852 DEBUG <mkdb.Worker.procedure.43> mkio.send type=805445 class=fire.pb.mission.SAcceptMission this=((500501,3,0,0,0,),),size=24
2025-04-28 22:44:51.852 DEBUG <mkdb.Worker.procedure.43> mkio.send type=65540 class=gnet.link.Send this=([11],805445,B24,),size=34
2025-04-28 22:44:51.852 DEBUG <mkdb.Worker.procedure.43> mkio.send type=805445 class=fire.pb.mission.SAcceptMission this=((500602,3,0,0,0,),),size=24
2025-04-28 22:44:51.852 DEBUG <mkdb.Worker.procedure.43> mkio.send type=65540 class=gnet.link.Send this=([11],805445,B24,),size=34
2025-04-28 22:44:51.852 DEBUG <mkdb.Worker.procedure.43> mkio.send type=805445 class=fire.pb.mission.SAcceptMission this=((500701,3,0,0,0,),),size=24
2025-04-28 22:44:51.852 DEBUG <mkdb.Worker.procedure.43> mkio.send type=65540 class=gnet.link.Send this=([11],805445,B24,),size=34
2025-04-28 22:44:51.852 DEBUG <mkdb.Worker.procedure.43> mkio.send type=805445 class=fire.pb.mission.SAcceptMission this=((180103,3,0,0,0,),),size=24
2025-04-28 22:44:51.852 DEBUG <mkdb.Worker.procedure.43> mkio.send type=65540 class=gnet.link.Send this=([11],805445,B24,),size=34
2025-04-28 22:44:51.859 DEBUG <mkdb.Worker.procedure.43> mkio.send type=805461 class=fire.pb.mission.STrackedMissions this=({500501=(1745516020153,), 180103=(1745515911616,), 500801=(1745516020134,), 501101=(1745516020140,), 500301=(1745516020151,), 500701=(1745516020217,), 500602=(1745516020102,), 500201=(1745516020172,)},),size=97
2025-04-28 22:44:51.859 DEBUG <mkdb.Worker.procedure.43> mkio.send type=65540 class=gnet.link.Send this=([11],805461,B97,),size=108
2025-04-28 22:44:51.859 DEBUG <mkdb.Worker..22> mkio.send type=800443 class=fire.pb.skill.SSendSpecialSkills this=([],[],),size=2
2025-04-28 22:44:51.859 DEBUG <mkdb.Worker..22> mkio.send type=65540 class=gnet.link.Send this=([11],800443,B2,),size=12
2025-04-28 22:44:51.860 DEBUG <mkdb.Worker..22> mkio.send type=800443 class=fire.pb.skill.SSendSpecialSkills this=([],[441009],),size=6
2025-04-28 22:44:51.860 DEBUG <mkdb.Worker..22> mkio.send type=65540 class=gnet.link.Send this=([11],800443,B6,),size=16
2025-04-28 22:44:51.860 DEBUG <mkdb.Worker..22> mkio.send type=800443 class=fire.pb.skill.SSendSpecialSkills this=([],[441009],),size=6
2025-04-28 22:44:51.860 DEBUG <mkdb.Worker..22> mkio.send type=65540 class=gnet.link.Send this=([11],800443,B6,),size=16
2025-04-28 22:44:51.860 DEBUG <mkdb.Worker..22> mkio.send type=800443 class=fire.pb.skill.SSendSpecialSkills this=([],[441009],),size=6
2025-04-28 22:44:51.860 DEBUG <mkdb.Worker..22> mkio.send type=65540 class=gnet.link.Send this=([11],800443,B6,),size=16
2025-04-28 22:44:51.860 DEBUG <mkdb.Worker..22> mkio.send type=800443 class=fire.pb.skill.SSendSpecialSkills this=([],[441009],),size=6
2025-04-28 22:44:51.860 DEBUG <mkdb.Worker..22> mkio.send type=65540 class=gnet.link.Send this=([11],800443,B6,),size=16
2025-04-28 22:44:51.860 DEBUG <mkdb.Worker..22> mkio.send type=800443 class=fire.pb.skill.SSendSpecialSkills this=([],[441009],),size=6
2025-04-28 22:44:51.860 DEBUG <mkdb.Worker..22> mkio.send type=65540 class=gnet.link.Send this=([11],800443,B6,),size=16
2025-04-28 22:44:51.861 DEBUG <mkdb.Worker..22> mkio.send type=799432 class=fire.pb.attr.SRefreshRoleData this=({960=0.0, 2130=0.0, 980=0.0, 950=0.0, 1000=0.0, 970=0.0, 2140=0.0, 990=0.0},),size=65
2025-04-28 22:44:51.861 DEBUG <mkdb.Worker..22> mkio.send type=65540 class=gnet.link.Send this=([11],799432,B65,),size=76
2025-04-28 22:44:51.861 DEBUG <mkdb.Worker..22> mkio.send type=812442 class=fire.pb.fushi.SReqFushiNum this=(9862276,0,0,),size=12
2025-04-28 22:44:51.861 DEBUG <mkdb.Worker..22> mkio.send type=65540 class=gnet.link.Send this=([11],812442,B12,),size=22
2025-04-28 22:44:51.861 DEBUG <mkdb.Worker..22> mkio.send type=812688 class=fire.pb.fushi.monthcard.SMonthCard this=(1746287999528,1,),size=12
2025-04-28 22:44:51.861 DEBUG <mkdb.Worker..22> mkio.send type=65540 class=gnet.link.Send this=([11],812688,B12,),size=22
2025-04-28 22:44:51.862 DEBUG <mkdb.Worker..22> mkio.send type=812461 class=fire.pb.fushi.SRefreshChargeState this=(1,0,),size=8
2025-04-28 22:44:51.862 DEBUG <mkdb.Worker..22> mkio.send type=65540 class=gnet.link.Send this=([11],812461,B8,),size=18
2025-04-28 22:44:51.862 DEBUG <mkdb.Worker..22> mkio.send type=805457 class=fire.pb.mission.SReqMissionCanAccept this=([1030000, 1040000],),size=9
2025-04-28 22:44:51.862 DEBUG <mkdb.Worker..22> mkio.send type=65540 class=gnet.link.Send this=([11],805457,B9,),size=19
2025-04-28 22:44:51.862 DEBUG <mkdb.Worker..22> mkio.send type=807432 class=fire.pb.circletask.SRefreshSpecialQuest this=(1010000,4,1,0,1010003,1614,0,T0,0,50357,0,0,0,75,65,0,1,),size=73
2025-04-28 22:44:51.862 DEBUG <mkdb.Worker..22> mkio.send type=65540 class=gnet.link.Send this=([11],807432,B73,),size=84
2025-04-28 22:44:51.863 DEBUG <mkdb.Worker..22> mkio.send type=807454 class=fire.pb.circletask.anye.SRefreshAnYeData this=(0,0,[(0,2500701,4,4,4040411,1,0,0,1,1200,0,), (1,2500105,5,4,521103,1,0,0,0,0,0,), (2,2500101,5,4,521102,1,0,0,0,0,0,), (3,2500104,5,4,521102,1,0,0,0,0,0,), (4,2500701,4,4,4040512,1,0,0,1,1200,0,), (5,2500402,4,4,4040103,1,0,0,1,1200,0,), (6,2500102,5,4,521102,1,0,0,0,0,0,), (7,2500501,4,4,4040512,1,0,0,1,1200,0,)],0,0,0,0,999,),size=493
2025-04-28 22:44:51.863 DEBUG <mkdb.Worker..22> mkio.send type=65540 class=gnet.link.Send this=([11],807454,B493,),size=504
2025-04-28 22:44:51.863 DEBUG <mkdb.Worker..22> mkio.send type=786461 class=fire.pb.SShowedBeginnerTips this=([33150],2,),size=9
2025-04-28 22:44:51.863 DEBUG <mkdb.Worker..22> mkio.send type=65540 class=gnet.link.Send this=([11],786461,B9,),size=19
2025-04-28 22:44:51.863 DEBUG <mkdb.Worker..22> mkio.send type=787454 class=fire.pb.item.SGetItemTips this=(3,21,B90,),size=100
2025-04-28 22:44:51.863 DEBUG <mkdb.Worker..22> mkio.send type=65540 class=gnet.link.Send this=([11],787454,B100,),size=111
2025-04-28 22:44:51.863 DEBUG <mkdb.Worker..22> mkio.send type=787454 class=fire.pb.item.SGetItemTips this=(3,22,B74,),size=84
2025-04-28 22:44:51.864 DEBUG <mkdb.Worker..22> mkio.send type=65540 class=gnet.link.Send this=([11],787454,B84,),size=95
2025-04-28 22:44:51.864 DEBUG <mkdb.Worker..22> mkio.send type=787454 class=fire.pb.item.SGetItemTips this=(3,23,B90,),size=100
2025-04-28 22:44:51.864 DEBUG <mkdb.Worker..22> mkio.send type=65540 class=gnet.link.Send this=([11],787454,B100,),size=111
2025-04-28 22:44:51.864 DEBUG <mkdb.Worker..22> mkio.send type=787454 class=fire.pb.item.SGetItemTips this=(1,5,B90,),size=100
2025-04-28 22:44:51.864 DEBUG <mkdb.Worker..22> mkio.send type=65540 class=gnet.link.Send this=([11],787454,B100,),size=111
2025-04-28 22:44:51.864 DEBUG <mkdb.Worker..22> mkio.send type=787454 class=fire.pb.item.SGetItemTips this=(1,10,B90,),size=100
2025-04-28 22:44:51.864 DEBUG <mkdb.Worker..22> mkio.send type=65540 class=gnet.link.Send this=([11],787454,B100,),size=111
2025-04-28 22:44:51.864 DEBUG <mkdb.Worker..22> mkio.send type=787454 class=fire.pb.item.SGetItemTips this=(1,14,B90,),size=100
2025-04-28 22:44:51.864 DEBUG <mkdb.Worker..22> mkio.send type=65540 class=gnet.link.Send this=([11],787454,B100,),size=111
2025-04-28 22:44:51.870 DEBUG <MapMain> mkio.send type=790441 class=fire.pb.move.SRoleEnterScene this=(T0,(288,431,),0,516015,1608,-1,T0,),size=20
2025-04-28 22:44:51.870 DEBUG <MapMain> mkio.send type=65540 class=gnet.link.Send this=([11],790441,B20,),size=30
2025-04-28 22:44:51.864 DEBUG <mkdb.Worker..22> mkio.send type=787454 class=fire.pb.item.SGetItemTips this=(1,16,B90,),size=100
2025-04-28 22:44:51.875 DEBUG <mkdb.Worker..22> mkio.send type=65540 class=gnet.link.Send this=([11],787454,B100,),size=111
2025-04-28 22:44:51.875 DEBUG <mkdb.Worker..22> mkio.send type=787454 class=fire.pb.item.SGetItemTips this=(1,19,B90,),size=100
2025-04-28 22:44:51.875 DEBUG <mkdb.Worker..22> mkio.send type=65540 class=gnet.link.Send this=([11],787454,B100,),size=111
2025-04-28 22:44:51.875 DEBUG <mkdb.Worker..22> mkio.send type=787454 class=fire.pb.item.SGetItemTips this=(1,36,B90,),size=100
2025-04-28 22:44:51.875 DEBUG <mkdb.Worker..22> mkio.send type=65540 class=gnet.link.Send this=([11],787454,B100,),size=111
2025-04-28 22:44:51.875 DEBUG <mkdb.Worker..22> mkio.send type=787454 class=fire.pb.item.SGetItemTips this=(1,39,B90,),size=100
2025-04-28 22:44:51.876 DEBUG <mkdb.Worker..22> mkio.send type=65540 class=gnet.link.Send this=([11],787454,B100,),size=111
2025-04-28 22:44:51.876 DEBUG <mkdb.Worker..22> mkio.send type=787454 class=fire.pb.item.SGetItemTips this=(1,40,B90,),size=100
2025-04-28 22:44:51.876 DEBUG <mkdb.Worker..22> mkio.send type=65540 class=gnet.link.Send this=([11],787454,B100,),size=111
2025-04-28 22:44:51.882 DEBUG <mkdb.Worker..22> mkio.send type=787454 class=fire.pb.item.SGetItemTips this=(1,49,B90,),size=100
2025-04-28 22:44:51.882 DEBUG <mkdb.Worker..22> mkio.send type=65540 class=gnet.link.Send this=([11],787454,B100,),size=111
2025-04-28 22:44:51.882 DEBUG <mkdb.Worker..22> mkio.send type=787454 class=fire.pb.item.SGetItemTips this=(1,50,B90,),size=100
2025-04-28 22:44:51.881 DEBUG <mkdb.Worker..29> mkio.send type=786504 class=fire.pb.SSendLoginIp this=(-642904037,-642904037,1745850413977,),size=16
2025-04-28 22:44:51.883 DEBUG <mkdb.Worker..29> mkio.send type=65540 class=gnet.link.Send this=([11],786504,B16,),size=26
2025-04-28 22:44:51.883 DEBUG <mkdb.Worker..29> mkio.send type=808517 class=fire.pb.clan.SClanRedTip this=({1=0},),size=9
2025-04-28 22:44:51.883 DEBUG <mkdb.Worker..29> mkio.send type=65540 class=gnet.link.Send this=([11],808517,B9,),size=19
2025-04-28 22:44:51.887 DEBUG <MapMain> mkio.send type=790437 class=fire.pb.move.SAddUserScreen this=([],[(2147483653,250068,T8,(752,512,),0,(0,0,),140,3,0,0,{},), (2147483654,250071,T8,(1024,576,),0,(0,0,),140,3,0,0,{},), (7,160816,T3,(740,709,),0,(0,0,),140,3,0,0,{},), (2147483655,250071,T8,(384,336,),0,(0,0,),140,3,0,0,{},), (8,161521,T3,(311,933,),0,(0,0,),140,3,0,0,{},), (2147483656,250069,T8,(336,1280,),0,(0,0,),140,3,0,0,{},), (9,160805,T2,(1086,421,),0,(0,0,),140,7,0,0,{},), (2147483657,250072,T8,(480,768,),0,(0,0,),140,3,0,0,{},), (2147484018,250096,T8,(368,1088,),0,(0,0,),140,3,0,0,{},), (2147484019,250085,T8,(176,256,),0,(0,0,),140,3,0,0,{},), (2147484020,250087,T8,(560,1136,),0,(0,0,),140,3,0,0,{},), (2147484021,250097,T8,(192,720,),0,(0,0,),140,3,0,0,{},), (2147484022,250097,T8,(336,704,),0,(0,0,),140,3,0,0,{},)],),size=685
2025-04-28 22:44:51.887 DEBUG <MapMain> mkio.send type=65540 class=gnet.link.Send this=([11],790437,B685,),size=696
2025-04-28 22:44:51.888 DEBUG <MapMain> mkio.send type=790437 class=fire.pb.move.SAddUserScreen this=([(B72,(288,431,),0,[],)],[],),size=82
2025-04-28 22:44:51.888 DEBUG <MapMain> mkio.send type=65540 class=gnet.link.Send this=([11],790437,B82,),size=93
2025-04-28 22:44:51.890 DEBUG <mkdb.Worker..22> mkio.send type=65540 class=gnet.link.Send this=([11],787454,B100,),size=111
2025-04-28 22:44:51.890 DEBUG <mkdb.Worker..22> mkio.send type=787454 class=fire.pb.item.SGetItemTips this=(1,77,B90,),size=100
2025-04-28 22:44:51.890 DEBUG <mkdb.Worker..22> mkio.send type=65540 class=gnet.link.Send this=([11],787454,B100,),size=111
2025-04-28 22:44:51.890 DEBUG <mkdb.Worker..22> mkio.send type=786521 class=fire.pb.SServerLevel this=(72,1,),size=8
2025-04-28 22:44:51.890 DEBUG <mkdb.Worker..22> mkio.send type=65540 class=gnet.link.Send this=([11],786521,B8,),size=18
2025-04-28 22:44:51.891 DEBUG <mkdb.Worker..22> mkio.send type=787783 class=fire.pb.item.SRideUpdate this=(-1,912010,150,),size=12
2025-04-28 22:44:51.891 DEBUG <mkdb.Worker..22> mkio.send type=65540 class=gnet.link.Send this=([11],787783,B12,),size=22
2025-04-28 22:44:51.891 ERROR <mkdb.Worker..22> Procedure.runTasks
java.lang.VerifyError: validator failed
	at fire.pb.title.SOnTitle1.marshal(SOnTitle1.java:46)
	at com.locojoy.base.Marshal.OctetsStream.marshal(Unknown Source)
	at gnet.link.Role.send(Role.java:69)
	at gnet.link.Onlines.send(Onlines.java:166)
	at mkdb.Procedure$SendToRole.run(Procedure.java:558)
	at mkdb.Procedure$Task.process(Procedure.java:280)
	at mkdb.Procedure.runLastTasks(Procedure.java:357)
	at mkdb.ProcedureFuture$1.run(ProcedureFuture.java:46)
	at java.util.concurrent.ThreadPoolExecutor.runWorker(ThreadPoolExecutor.java:1149)
	at java.util.concurrent.ThreadPoolExecutor$Worker.run(ThreadPoolExecutor.java:624)
	at java.lang.Thread.run(Thread.java:748)
	at mkdb.Worker.run(Worker.java:32)
22:44:51.897 [mkdb.Worker.procedure.30] ERROR TASK - 角色[4097]循环任务1010000状态是DONE或者UNDONE ！
2025-04-28 22:44:51.897 DEBUG <mkdb.Worker..27> mkio.send type=807453 class=fire.pb.circletask.SQueryCircleTaskState this=(1050000,6,),size=8
2025-04-28 22:44:51.897 DEBUG <mkdb.Worker..27> mkio.send type=65540 class=gnet.link.Send this=([11],807453,B8,),size=18
2025-04-28 22:44:51.900 DEBUG <mkdb.Worker..29> mkio.send type=807432 class=fire.pb.circletask.SRefreshSpecialQuest this=(1010000,4,1,0,1010003,1614,0,T0,0,50357,0,0,0,75,65,0,1,),size=73
2025-04-28 22:44:51.900 DEBUG <mkdb.Worker..29> mkio.send type=65540 class=gnet.link.Send this=([11],807432,B73,),size=84
2025-04-28 22:44:51.915 DEBUG <mkdb.Worker..27> mkio.send type=819144 class=fire.pb.pingbi.SBlackRoles this=([],),size=1
2025-04-28 22:44:51.915 DEBUG <mkdb.Worker..27> mkio.send type=65540 class=gnet.link.Send this=([11],819144,B1,),size=11
2025-04-28 22:44:51.954 DEBUG <mkdb.Worker..29> mkio.send type=799436 class=fire.pb.attr.SRefreshRoleScore this=({1=15866, 2=14, 3=13012, 4=4696, 5=0, 6=0, 7=2854, 8=2840},),size=65
2025-04-28 22:44:51.954 DEBUG <mkdb.Worker..29> mkio.send type=65540 class=gnet.link.Send this=([11],799436,B65,),size=76
2025-04-28 22:44:51.955 DEBUG <mkdb.Worker..29> mkio.send type=812646 class=fire.pb.fushi.spotcheck.STradingOpenState this=(1,),size=1
2025-04-28 22:44:51.955 DEBUG <mkdb.Worker..29> mkio.send type=65540 class=gnet.link.Send this=([11],812646,B1,),size=11
2025-04-28 22:44:51.955 DEBUG <mkdb.Worker..29> mkio.send type=810339 class=fire.pb.hook.SRefreshRoleHookBattleData this=((1,2,168001,2,207202,),),size=13
2025-04-28 22:44:51.955 DEBUG <mkdb.Worker..29> mkio.send type=65540 class=gnet.link.Send this=([11],810339,B13,),size=23
2025-04-28 22:44:51.955 DEBUG <mkdb.Worker..29> mkio.send type=810340 class=fire.pb.hook.SRefreshRoleHookExpData this=((800,0,2556000,),),size=12
2025-04-28 22:44:51.955 DEBUG <mkdb.Worker..29> mkio.send type=65540 class=gnet.link.Send this=([11],810340,B12,),size=22
2025-04-28 22:44:51.967 DEBUG <mkdb.Worker..29> mkio.send type=805457 class=fire.pb.mission.SReqMissionCanAccept this=([1030000, 1040000],),size=9
2025-04-28 22:44:51.967 DEBUG <mkdb.Worker..29> mkio.send type=65540 class=gnet.link.Send this=([11],805457,B9,),size=19
2025-04-28 22:44:51.970 DEBUG <mkdb.Worker..25> mkio.send type=795458 class=fire.pb.npc.SAttendImpExam this=(1,),size=4
2025-04-28 22:44:51.970 DEBUG <mkdb.Worker..25> mkio.send type=65540 class=gnet.link.Send this=([11],795458,B4,),size=14
2025-04-28 22:44:51.970 DEBUG <mkdb.Worker..25> mkio.send type=805486 class=fire.pb.mission.activelist.SActivityOpen this=(214,),size=4
2025-04-28 22:44:51.970 DEBUG <mkdb.Worker..25> mkio.send type=65540 class=gnet.link.Send this=([11],805486,B4,),size=14
2025-04-28 22:44:51.981 DEBUG <mkdb.Worker..22> mkio.send type=805486 class=fire.pb.mission.activelist.SActivityOpen this=(213,),size=4
2025-04-28 22:44:51.981 DEBUG <mkdb.Worker..22> mkio.send type=65540 class=gnet.link.Send this=([11],805486,B4,),size=14
2025-04-28 22:44:51.982 DEBUG <mkdb.Worker..22> mkio.send type=787731 class=fire.pb.item.SMulDayLogin this=(4,{1=0, 2=0, 3=0, 4=0},),size=53
2025-04-28 22:44:51.982 DEBUG <mkdb.Worker..22> mkio.send type=65540 class=gnet.link.Send this=([11],787731,B53,),size=63
2025-04-28 22:44:51.989 WARN  <mkdb.Worker.procedure.26> Procedure execute
java.lang.IllegalArgumentException: 任务id=500101配置有误
	at fire.pb.mission.RoleMission.checkOtherSpecailQuest(RoleMission.java:421)
	at fire.pb.mission.RoleMission.isTaskFinished(RoleMission.java:556)
	at fire.pb.mission.RoleMission._setTaskvalue(RoleMission.java:329)
	at fire.pb.mission.RoleMission.accept(RoleMission.java:158)
	at fire.pb.mission.PAcceptMajorMission$1.acceptExecute(PAcceptMajorMission.java:59)
	at fire.pb.mission.PMissionAccept.missionExecute(PMissionAccept.java:20)
	at fire.pb.mission.PMissionProc.process(PMissionProc.java:19)
	at mkdb.Procedure.call(Procedure.java:109)
	at fire.pb.mission.PAcceptMajorMission.missionExecute(PAcceptMajorMission.java:61)
	at fire.pb.mission.PMissionProc.process(PMissionProc.java:19)
	at mkdb.Procedure.call(Procedure.java:109)
	at fire.pb.mission.MissionColumn$2.process(MissionColumn.java:311)
	at mkdb.Procedure.call(Procedure.java:109)
	at mkdb.Transaction.perform(Transaction.java:279)
	at mkdb.ProcedureFuture.run(ProcedureFuture.java:80)
	at java.util.concurrent.Executors$RunnableAdapter.call(Executors.java:511)
	at java.util.concurrent.FutureTask.run(FutureTask.java:266)
	at java.util.concurrent.ThreadPoolExecutor.runWorker(ThreadPoolExecutor.java:1149)
	at java.util.concurrent.ThreadPoolExecutor$Worker.run(ThreadPoolExecutor.java:624)
	at java.lang.Thread.run(Thread.java:748)
	at mkdb.Worker.run(Worker.java:32)
22:44:51.990 [mkdb.Worker.procedure.26] ERROR TASK - 角色[4097]任务接取事物call失败:500101
2025-04-28 22:44:51.994 DEBUG <mkdb.Worker..29> mkio.send type=786531 class=fire.pb.SAddPointAttrData this=(1688.0,1095.0,687.5,455.4,239.0,462.4,425.8,),size=28
2025-04-28 22:44:51.994 DEBUG <mkdb.Worker..29> mkio.send type=65540 class=gnet.link.Send this=([11],786531,B28,),size=38
2025-04-28 22:44:52.003 DEBUG <mkdb.Worker.procedure.34> mkio.send type=806433 class=fire.pb.friends.SFriendsInfoInit this=([((12289,T4,89,11,0,1,0,0,-1,T0,),1,), ((16385,T3,97,25,0,1,0,0,-1,T0,),1,)],100,0,),size=84
2025-04-28 22:44:52.003 DEBUG <mkdb.Worker.procedure.34> mkio.send type=65540 class=gnet.link.Send this=([11],806433,B84,),size=95
2025-04-28 22:44:52.056 DEBUG <mkdb.Worker.procedure.44> mkio.send type=818836 class=fire.pb.huoban.SZhenrongInfo this=(1,{0=(0,[28100, 28106, 28112, 28118],), 1=(0,[],)},),size=39
2025-04-28 22:44:52.056 DEBUG <mkdb.Worker.procedure.44> mkio.send type=65540 class=gnet.link.Send this=([11],818836,B39,),size=49
2025-04-28 22:44:52.056 DEBUG <mkdb.Worker.procedure.44> mkio.send type=818833 class=fire.pb.huoban.SHuobanList this=([(28100,0,0,1,), (28101,0,0,0,), (28102,0,0,0,), (28103,0,0,0,), (28104,0,0,0,), (28105,0,0,0,), (28106,0,0,1,), (28107,0,0,0,), (28108,0,0,0,), (28109,0,0,0,), (28110,0,0,0,), (28111,0,0,0,), (28112,0,0,1,), (28113,0,0,0,), (28114,0,0,0,), (28115,0,0,0,), (28116,0,0,0,), (28117,0,1,2,), (28118,0,0,1,), (28119,0,0,0,), (28120,0,0,0,), (28121,0,1,2,), (28122,0,0,0,), (28123,0,0,0,), (28124,0,0,0,), (28125,0,0,0,), (28126,0,0,0,)],),size=541
2025-04-28 22:44:52.057 DEBUG <mkdb.Worker.procedure.44> mkio.send type=65540 class=gnet.link.Send this=([11],818833,B541,),size=552
2025-04-28 22:44:52.057 DEBUG <mkdb.Worker..25> mkio.send type=800447 class=fire.pb.skill.SSendInborns this=({2416=101, 2417=101, 2418=3, 2411=101, 2412=101, 2413=101, 2414=101, 2415=101},),size=65
2025-04-28 22:44:52.057 DEBUG <mkdb.Worker..25> mkio.send type=65540 class=gnet.link.Send this=([11],800447,B65,),size=76
2025-04-28 22:44:52.057 DEBUG <mkdb.Worker..25> mkio.send type=800489 class=fire.pb.skill.SUpdateExtSkill this=({},),size=1
2025-04-28 22:44:52.057 DEBUG <mkdb.Worker..25> mkio.send type=65540 class=gnet.link.Send this=([11],800489,B1,),size=11
2025-04-28 22:44:52.057 DEBUG <mkdb.Worker..25> mkio.send type=800443 class=fire.pb.skill.SSendSpecialSkills this=([],[441009],),size=6
2025-04-28 22:44:52.057 DEBUG <mkdb.Worker..25> mkio.send type=65540 class=gnet.link.Send this=([11],800443,B6,),size=16
2025-04-28 22:44:52.070 DEBUG <mkdb.Worker..22> mkio.send type=799436 class=fire.pb.attr.SRefreshRoleScore this=({1=15866, 2=14, 3=13012, 4=4696, 5=0, 6=0, 7=2854, 8=2840},),size=65
2025-04-28 22:44:52.070 DEBUG <mkdb.Worker..22> mkio.send type=65540 class=gnet.link.Send this=([11],799436,B65,),size=76
2025-04-28 22:44:52.070 DEBUG <mkdb.Worker..29> mkio.send type=799437 class=fire.pb.attr.SRefreshRoleCurrency this=({2=0, 3=0, 4=0, 5=0, 6=0, 9=0, 10=0},),size=85
2025-04-28 22:44:52.070 DEBUG <mkdb.Worker..29> mkio.send type=65540 class=gnet.link.Send this=([11],799437,B85,),size=96
2025-04-28 22:44:52.070 DEBUG <mkdb.Worker..27> mkio.send type=787507 class=fire.pb.item.SGetTimeAward this=(2,0,),size=12
2025-04-28 22:44:52.070 DEBUG <mkdb.Worker..27> mkio.send type=65540 class=gnet.link.Send this=([11],787507,B12,),size=22
2025-04-28 22:44:52.080 DEBUG <mkdb.Worker..20> mkio.send type=794475 class=fire.pb.team.SSetMyFormation this=(0,1,),size=8
2025-04-28 22:44:52.080 DEBUG <mkdb.Worker..20> mkio.send type=65540 class=gnet.link.Send this=([11],794475,B8,),size=18
2025-04-28 22:44:52.080 DEBUG <mkdb.Worker..20> mkio.send type=818839 class=fire.pb.huoban.SChangeZhenrong this=(1,0,[],1,),size=13
2025-04-28 22:44:52.080 DEBUG <mkdb.Worker..20> mkio.send type=65540 class=gnet.link.Send this=([11],818839,B13,),size=23
2025-04-28 22:44:52.088 DEBUG <MapMain> mkio.send type=65540 class=gnet.link.Send this=([11],792437,B25,),size=35
2025-04-28 22:44:52.089 DEBUG <mkdb.Worker..29> mkio.send type=806683 class=fire.pb.friends.SSignList this=({},),size=1
2025-04-28 22:44:52.090 DEBUG <mkdb.Worker..29> mkio.send type=65540 class=gnet.link.Send this=([11],806683,B1,),size=11
2025-04-28 22:44:53.374 DEBUG <mkio.Engine.2> protocol type:65541,size:25
2025-04-28 22:44:57.076 DEBUG <mkio.Engine.2> protocol type:65541,size:21
2025-04-28 22:44:57.076 DEBUG <mkio.Engine.2> mkio.Protocol execute type=787453 class=fire.pb.item.CGetItemTips this=(1,5,)
2025-04-28 22:44:57.079 DEBUG <mkdb.Worker..22> mkio.send type=65540 class=gnet.link.Send this=([11],787454,B100,),size=111
2025-04-28 22:44:57.120 DEBUG <mkio.Engine.2> protocol type:65541,size:21
2025-04-28 22:44:57.120 DEBUG <mkio.Engine.2> mkio.Protocol execute type=787453 class=fire.pb.item.CGetItemTips this=(1,10,)
2025-04-28 22:44:57.122 DEBUG <mkdb.Worker..20> mkio.send type=65540 class=gnet.link.Send this=([11],787454,B100,),size=111
2025-04-28 22:44:57.147 DEBUG <mkio.Engine.2> protocol type:65541,size:21
2025-04-28 22:44:57.148 DEBUG <mkio.Engine.2> mkio.Protocol execute type=787453 class=fire.pb.item.CGetItemTips this=(1,77,)
2025-04-28 22:44:57.148 DEBUG <mkio.Engine.2> protocol type:65541,size:21
2025-04-28 22:44:57.148 DEBUG <mkio.Engine.2> mkio.Protocol execute type=787453 class=fire.pb.item.CGetItemTips this=(1,14,)
2025-04-28 22:44:57.148 DEBUG <mkio.Engine.2> protocol type:65541,size:21
2025-04-28 22:44:57.148 DEBUG <mkio.Engine.2> mkio.Protocol execute type=787453 class=fire.pb.item.CGetItemTips this=(1,16,)
2025-04-28 22:44:57.150 DEBUG <mkdb.Worker..25> mkio.send type=65540 class=gnet.link.Send this=([11],787454,B100,),size=111
2025-04-28 22:44:57.151 DEBUG <mkdb.Worker..25> mkio.send type=65540 class=gnet.link.Send this=([11],787454,B100,),size=111
2025-04-28 22:44:57.152 DEBUG <mkdb.Worker..25> mkio.send type=65540 class=gnet.link.Send this=([11],787454,B100,),size=111
2025-04-28 22:44:57.177 DEBUG <mkio.Engine.2> protocol type:65541,size:21
2025-04-28 22:44:57.177 DEBUG <mkio.Engine.2> mkio.Protocol execute type=787453 class=fire.pb.item.CGetItemTips this=(1,19,)
2025-04-28 22:44:57.178 DEBUG <mkdb.Worker..22> mkio.send type=65540 class=gnet.link.Send this=([11],787454,B100,),size=111
2025-04-28 22:44:57.462 DEBUG <mkio.Engine.2> protocol type:65541,size:21
2025-04-28 22:44:57.462 DEBUG <mkio.Engine.2> mkio.Protocol execute type=787453 class=fire.pb.item.CGetItemTips this=(1,36,)
2025-04-28 22:44:57.463 DEBUG <mkdb.Worker..20> mkio.send type=65540 class=gnet.link.Send this=([11],787454,B100,),size=111
2025-04-28 22:44:57.488 DEBUG <mkio.Engine.2> protocol type:65541,size:21
2025-04-28 22:44:57.488 DEBUG <mkio.Engine.2> mkio.Protocol execute type=787453 class=fire.pb.item.CGetItemTips this=(1,39,)
2025-04-28 22:44:57.488 DEBUG <mkio.Engine.2> protocol type:65541,size:21
2025-04-28 22:44:57.489 DEBUG <mkio.Engine.2> mkio.Protocol execute type=787453 class=fire.pb.item.CGetItemTips this=(1,40,)
2025-04-28 22:44:57.489 DEBUG <mkdb.Worker..25> mkio.send type=65540 class=gnet.link.Send this=([11],787454,B100,),size=111
2025-04-28 22:44:57.490 DEBUG <mkdb.Worker..22> mkio.send type=65540 class=gnet.link.Send this=([11],787454,B100,),size=111
2025-04-28 22:44:57.551 DEBUG <mkio.Engine.2> protocol type:65541,size:21
2025-04-28 22:44:57.551 DEBUG <mkio.Engine.2> mkio.Protocol execute type=787453 class=fire.pb.item.CGetItemTips this=(1,49,)
2025-04-28 22:44:57.553 DEBUG <mkdb.Worker..27> mkio.send type=65540 class=gnet.link.Send this=([11],787454,B100,),size=111
2025-04-28 22:44:57.577 DEBUG <mkio.Engine.2> protocol type:65541,size:21
2025-04-28 22:44:57.577 DEBUG <mkio.Engine.2> mkio.Protocol execute type=787453 class=fire.pb.item.CGetItemTips this=(1,50,)
2025-04-28 22:44:57.577 DEBUG <mkio.Engine.2> protocol type:65541,size:21
2025-04-28 22:44:57.577 DEBUG <mkio.Engine.2> mkio.Protocol execute type=787453 class=fire.pb.item.CGetItemTips this=(3,21,)
2025-04-28 22:44:57.578 DEBUG <mkdb.Worker..29> mkio.send type=65540 class=gnet.link.Send this=([11],787454,B100,),size=111
2025-04-28 22:44:57.578 DEBUG <mkdb.Worker..22> mkio.send type=65540 class=gnet.link.Send this=([11],787454,B100,),size=111
2025-04-28 22:44:57.609 DEBUG <mkio.Engine.2> protocol type:65541,size:21
2025-04-28 22:44:57.609 DEBUG <mkio.Engine.2> mkio.Protocol execute type=787453 class=fire.pb.item.CGetItemTips this=(3,22,)
2025-04-28 22:44:57.609 DEBUG <mkio.Engine.2> protocol type:65541,size:21
2025-04-28 22:44:57.609 DEBUG <mkio.Engine.2> mkio.Protocol execute type=787453 class=fire.pb.item.CGetItemTips this=(3,23,)
2025-04-28 22:44:57.610 DEBUG <mkdb.Worker..29> mkio.send type=65540 class=gnet.link.Send this=([11],787454,B100,),size=111
2025-04-28 22:44:57.610 DEBUG <mkdb.Worker..25> mkio.send type=65540 class=gnet.link.Send this=([11],787454,B84,),size=95
2025-04-28 22:44:58.878 DEBUG <mkio.Engine.2> protocol type:65541,size:13
2025-04-28 22:44:58.878 DEBUG <mkio.Engine.2> mkio.Protocol execute type=812487 class=fire.pb.fushi.CRequestVipInfo this=()
2025-04-28 22:44:58.881 DEBUG <mkdb.Worker..29> mkio.send type=812489 class=fire.pb.fushi.SSendVipInfo this=(999,4,15,0,[],),size=17
2025-04-28 22:44:58.882 DEBUG <mkdb.Worker..29> mkio.send type=65540 class=gnet.link.Send this=([11],812489,B17,),size=27
2025-04-28 22:45:02.370 DEBUG <mkio.Engine.2> protocol type:65541,size:13
2025-04-28 22:45:02.371 DEBUG <mkio.Engine.2> mkio.Protocol execute type=812487 class=fire.pb.fushi.CRequestVipInfo this=()
2025-04-28 22:45:02.371 DEBUG <mkdb.Worker..27> mkio.send type=812489 class=fire.pb.fushi.SSendVipInfo this=(999,4,15,0,[],),size=17
2025-04-28 22:45:02.371 DEBUG <mkdb.Worker..27> mkio.send type=65540 class=gnet.link.Send this=([11],812489,B17,),size=27
2025-04-28 22:45:02.453 DEBUG <mkio.Engine.2> protocol type:65541,size:13
2025-04-28 22:45:02.453 DEBUG <mkio.Engine.2> mkio.Protocol execute type=819196 class=fire.pb.activity.exchangecode.CQQExchangeCodeStatus this=()
2025-04-28 22:45:02.453 DEBUG <mkio.Engine.2> protocol type:65541,size:13
2025-04-28 22:45:02.453 DEBUG <mkio.Engine.2> mkio.Protocol execute type=812483 class=fire.pb.fushi.CReqChargeRefundsInfo this=()
2025-04-28 22:45:02.453 DEBUG <mkio.Engine.2> protocol type:65541,size:13
2025-04-28 22:45:02.453 DEBUG <mkio.Engine.2> mkio.Protocol execute type=808518 class=fire.pb.clan.CRefreshRoleClan this=()
2025-04-28 22:45:02.454 DEBUG <mkio.Engine.2> protocol type:65541,size:13
2025-04-28 22:45:02.454 DEBUG <mkio.Engine.2> mkio.Protocol execute type=786558 class=fire.pb.CGetBindTel this=()
2025-04-28 22:45:02.454 DEBUG <mkdb.Worker..29> mkio.send type=819197 class=fire.pb.activity.exchangecode.SQQExchangeCodeStatus this=(1,),size=4
2025-04-28 22:45:02.454 DEBUG <mkdb.Worker..20> mkio.send type=8920 class=gnet.DataBetweenAuAnyAndGS this=(1,9001,2,B28,0,),size=42
2025-04-28 22:45:02.455 DEBUG <mkdb.Worker..22> mkio.send type=808519 class=fire.pb.clan.SRefreshRoleClan this=(-1,T0,),size=9
2025-04-28 22:45:02.455 DEBUG <mkdb.Worker..22> mkio.send type=65540 class=gnet.link.Send this=([11],808519,B9,),size=19
2025-04-28 22:45:02.454 DEBUG <mkdb.Worker..29> mkio.send type=65540 class=gnet.link.Send this=([11],819197,B4,),size=14
2025-04-28 22:45:02.460 DEBUG <mkdb.Worker.procedure.28> mkio.send type=786559 class=fire.pb.SGetBindTel this=(0,1745515880059,0,0,0,0,),size=27
2025-04-28 22:45:02.460 DEBUG <mkdb.Worker.procedure.28> mkio.send type=65540 class=gnet.link.Send this=([11],786559,B27,),size=37
2025-04-28 22:45:02.462 DEBUG <mkio.Engine.1> protocol type:8920,size:16
2025-04-28 22:45:02.462 DEBUG <mkio.Engine.1> mkio.Protocol execute type=8920 class=gnet.DataBetweenAuAnyAndGS this=(1,9002,1,B2,0,)
2025-04-28 22:45:02.464 DEBUG <mkdb.Worker..27> mkio.send type=812484 class=fire.pb.fushi.SReqChargeRefundsInfo this=(0,0,0,),size=12
2025-04-28 22:45:02.464 DEBUG <mkdb.Worker..27> mkio.send type=65540 class=gnet.link.Send this=([11],812484,B12,),size=22
2025-04-28 22:45:02.484 DEBUG <mkio.Engine.2> protocol type:65541,size:13
2025-04-28 22:45:02.485 DEBUG <mkio.Engine.2> mkio.Protocol execute type=808454 class=fire.pb.clan.CRequestApplyList this=()
2025-04-28 22:45:02.485 DEBUG <mkio.Engine.2> protocol type:65541,size:13
2025-04-28 22:45:02.485 DEBUG <mkio.Engine.2> mkio.Protocol execute type=805484 class=fire.pb.mission.activelist.CRefreshActivityListFinishTimes this=()
2025-04-28 22:45:02.487 DEBUG <mkdb.Worker..25> mkio.send type=805485 class=fire.pb.mission.activelist.SRefreshActivityListFinishTimes this=({},0,{},1,[],),size=11
2025-04-28 22:45:02.487 DEBUG <mkdb.Worker..25> mkio.send type=65540 class=gnet.link.Send this=([11],805485,B11,),size=21
2025-04-28 22:45:02.838 DEBUG <mkio.Engine.2> protocol type:65541,size:1560
2025-04-28 22:45:02.839 DEBUG <mkio.Engine.2> mkio.Protocol execute type=810637 class=fire.pb.shop.CQueryLimit this=(1,[1000, 1001, 1002, 1003, 1004, 1005, 1006, 1007, 1008, 1009, 1010, 1011, 1012, 1013, 1014, 1015, 1016, 1017, 1018, 1019, 1020, 1021, 1022, 1023, 1024, 1025, 1026, 1027, 1028, 1029, 1030, 1031, 1032, 1033, 1034, 1035, 1036, 1037, 1038, 1039, 1040, 1041, 1042, 1043, 1044, 1045, 1046, 1047, 1048, 1049, 1050, 1051, 1052, 1053, 1054, 1055, 1056, 1057, 1058, 1059, 1060, 1061, 1062, 1063, 1064, 1065, 1066, 1067, 1068, 1069, 1070, 1071, 1072, 1073, 1074, 1075, 1076, 1077, 1078, 1079, 1080, 1081, 1082, 1083, 1084, 1085, 1086, 1087, 1088, 1089, 1101, 1102, 1103, 1104, 1250, 1105, 1106, 1107, 1108, 1251, 1109, 1110, 1111, 1112, 1252, 1113, 1114, 1115, 1116, 1253, 1117, 1118, 1119, 1120, 1254, 1121, 1122, 1123, 1124, 1255, 1125, 1126, 1127, 1128, 1256, 1129, 1130, 1131, 1132, 1257, 1133, 1134, 1135, 1136, 1258, 1137, 1138, 1139, 1140, 1259, 1141, 1142, 1143, 1144, 1260, 1145, 1146, 1147, 1148, 1261, 1149, 1150, 1151, 1152, 1262, 1153, 1154, 1155, 1156, 1263, 1157, 1158, 1159, 1160, 1264, 1161, 1162, 1163, 1164, 1265, 1165, 1166, 1167, 1168, 1266, 1169, 1170, 1171, 1172, 1267, 1173, 1174, 1175, 1176, 1268, 1177, 1178, 1179, 1180, 1269, 1181, 1182, 1183, 1184, 1270, 1185, 1186, 1187, 1188, 1271, 1189, 1190, 1191, 1192, 1272, 1193, 1194, 1195, 1196, 1273, 1197, 1198, 1199, 1200, 1274, 1300, 1301, 1302, 1303, 1304, 1305, 1306, 1307, 1308, 1309, 1310, 1311, 1400, 1401, 1402, 1403, 1404, 1405, 1406, 1407, 1408, 1409, 1501, 1502, 1503, 1504, 1505, 1506, 1507, 1508, 1509, 1510, 1511, 1512, 1513, 1514, 1515, 1516, 1517, 1518, 1519, 1520, 1521, 1522, 1523, 1524, 1525, 1526, 1527, 1528, 1529, 1530, 1531, 1532, 1533, 1534, 1535, 1536, 1537, 1538, 1539, 1540, 1541, 1542, 1543, 1544, 1545, 1546, 1547, 1548, 3999, 70000, 70001, 70002, 70003, 70004, 70005, 70006, 70007, 70008, 70100, 70101, 70102, 70200, 70201, 70202, 70300, 70301, 70302, 70400, 70401, 70402, 70500, 70501, 70502, 70503, 90000, 90001, 90002, 90003, 90004, 90005, 90006, 90007, 90301, 90302, 90303, 90304, 90305, 90306, 90307, 90308, 90309, 90310, 90311, 90312, 90101, 90102, 90103, 90104, 90105, 90106, 90107, 90108, 90109, 90110, 90111, 90112, 90113, 90114, 90115, 90116, 90117, 90118, 90119, 90201, 90202, 90203, 90204, 90205, 90206, 90207, 90208, 90209, 90210, 90211, 90212, 90213, 90214, 90215, 90216, 90220, 90221, 90222, 90401, 90402, 90403, 90404, 90405, 90406, 90407, 90408, 90409, 90410, 90411, 90412, 90413, 90414, 90415, 90416],)
2025-04-28 22:45:02.846 DEBUG <mkdb.Worker..29> mkio.send type=810638 class=fire.pb.shop.SQueryLimit this=(1,[(1000,0,), (1001,0,), (1002,0,), (1003,0,), (1004,0,), (1005,0,), (1006,0,), (1007,0,), (1008,0,), (1009,0,), (1010,0,), (1011,0,), (1012,0,), (1013,0,), (1014,0,), (1015,0,), (1016,0,), (1017,0,), (1018,0,), (1019,0,), (1020,0,), (1021,0,), (1022,0,), (1023,0,), (1024,0,), (1025,0,), (1026,0,), (1027,0,), (1028,0,), (1029,0,), (1030,0,), (1031,0,), (1032,0,), (1033,0,), (1034,0,), (1035,0,), (1036,0,), (1037,0,), (1038,0,), (1039,0,), (1040,0,), (1041,0,), (1042,0,), (1043,0,), (1044,0,), (1045,0,), (1046,0,), (1047,0,), (1048,0,), (1049,0,), (1050,0,), (1051,0,), (1052,0,), (1053,0,), (1054,0,), (1055,0,), (1056,0,), (1057,0,), (1058,0,), (1059,0,), (1060,0,), (1061,0,), (1062,0,), (1063,0,), (1064,0,), (1065,0,), (1066,0,), (1067,0,), (1068,0,), (1069,0,), (1070,0,), (1071,0,), (1072,0,), (1073,0,), (1074,0,), (1075,0,), (1076,0,), (1077,0,), (1078,0,), (1079,0,), (1080,0,), (1081,0,), (1082,0,), (1083,0,), (1084,0,), (1085,0,), (1086,0,), (1087,0,), (1088,0,), (1089,0,), (1101,0,), (1102,0,), (1103,0,), (1104,0,), (1250,0,), (1105,0,), (1106,0,), (1107,0,), (1108,0,), (1251,0,), (1109,0,), (1110,0,), (1111,0,), (1112,0,), (1252,0,), (1113,0,), (1114,0,), (1115,0,), (1116,0,), (1253,0,), (1117,0,), (1118,0,), (1119,0,), (1120,0,), (1254,0,), (1121,0,), (1122,0,), (1123,0,), (1124,0,), (1255,0,), (1125,0,), (1126,0,), (1127,0,), (1128,0,), (1256,0,), (1129,0,), (1130,0,), (1131,0,), (1132,0,), (1257,0,), (1133,0,), (1134,0,), (1135,0,), (1136,0,), (1258,0,), (1137,0,), (1138,0,), (1139,0,), (1140,0,), (1259,0,), (1141,0,), (1142,0,), (1143,0,), (1144,0,), (1260,0,), (1145,0,), (1146,0,), (1147,0,), (1148,0,), (1261,0,), (1149,0,), (1150,0,), (1151,0,), (1152,0,), (1262,0,), (1153,0,), (1154,0,), (1155,0,), (1156,0,), (1263,0,), (1157,0,), (1158,0,), (1159,0,), (1160,0,), (1264,0,), (1161,0,), (1162,0,), (1163,0,), (1164,0,), (1265,0,), (1165,0,), (1166,0,), (1167,0,), (1168,0,), (1266,0,), (1169,0,), (1170,0,), (1171,0,), (1172,0,), (1267,0,), (1173,0,), (1174,0,), (1175,0,), (1176,0,), (1268,0,), (1177,0,), (1178,0,), (1179,0,), (1180,0,), (1269,0,), (1181,0,), (1182,0,), (1183,0,), (1184,0,), (1270,0,), (1185,0,), (1186,0,), (1187,0,), (1188,0,), (1271,0,), (1189,0,), (1190,0,), (1191,0,), (1192,0,), (1272,0,), (1193,0,), (1194,0,), (1195,0,), (1196,0,), (1273,0,), (1197,0,), (1198,0,), (1199,0,), (1200,0,), (1274,0,), (1300,0,), (1301,0,), (1302,0,), (1303,0,), (1304,0,), (1305,0,), (1306,0,), (1307,0,), (1308,0,), (1309,0,), (1310,0,), (1311,0,), (1400,0,), (1401,0,), (1402,0,), (1403,0,), (1404,0,), (1405,0,), (1406,0,), (1407,0,), (1408,0,), (1409,0,), (1501,0,), (1502,0,), (1503,0,), (1504,0,), (1505,0,), (1506,0,), (1507,0,), (1508,0,), (1509,0,), (1510,0,), (1511,0,), (1512,0,), (1513,0,), (1514,0,), (1515,0,), (1516,0,), (1517,0,), (1518,0,), (1519,0,), (1520,0,), (1521,0,), (1522,0,), (1523,0,), (1524,0,), (1525,0,), (1526,0,), (1527,0,), (1528,0,), (1529,0,), (1530,0,), (1531,0,), (1532,0,), (1533,0,), (1534,0,), (1535,0,), (1536,0,), (1537,0,), (1538,0,), (1539,0,), (1540,0,), (1541,0,), (1542,0,), (1543,0,), (1544,0,), (1545,0,), (1546,0,), (1547,0,), (1548,0,), (3999,0,), (70000,0,), (70001,0,), (70002,0,), (70003,0,), (70004,0,), (70005,0,), (70006,0,), (70007,0,), (70008,0,), (70100,0,), (70101,0,), (70102,0,), (70200,0,), (70201,0,), (70202,0,), (70300,0,), (70301,0,), (70302,0,), (70400,0,), (70401,0,), (70402,0,), (70500,0,), (70501,0,), (70502,0,), (70503,0,), (90000,0,), (90001,0,), (90002,0,), (90003,0,), (90004,0,), (90005,0,), (90006,0,), (90007,0,), (90301,0,), (90302,0,), (90303,0,), (90304,0,), (90305,0,), (90306,0,), (90307,0,), (90308,0,), (90309,0,), (90310,0,), (90311,0,), (90312,0,), (90101,0,), (90102,0,), (90103,0,), (90104,0,), (90105,0,), (90106,0,), (90107,0,), (90108,0,), (90109,0,), (90110,0,), (90111,0,), (90112,0,), (90113,0,), (90114,0,), (90115,0,), (90116,0,), (90117,0,), (90118,0,), (90119,0,), (90201,0,), (90202,0,), (90203,0,), (90204,0,), (90205,0,), (90206,0,), (90207,0,), (90208,0,), (90209,0,), (90210,0,), (90211,0,), (90212,0,), (90213,0,), (90214,0,), (90215,0,), (90216,0,), (90220,0,), (90221,0,), (90222,0,), (90401,0,), (90402,0,), (90403,0,), (90404,0,), (90405,0,), (90406,0,), (90407,0,), (90408,0,), (90409,0,), (90410,0,), (90411,0,), (90412,0,), (90413,0,), (90414,0,), (90415,0,), (90416,0,)],),size=3086
2025-04-28 22:45:02.846 DEBUG <mkdb.Worker..29> mkio.send type=65540 class=gnet.link.Send this=([11],810638,B3086,),size=3097
2025-04-28 22:45:02.850 DEBUG <mkio.Engine.2> protocol type:65541,size:1560
2025-04-28 22:45:02.851 DEBUG <mkio.Engine.2> mkio.Protocol execute type=810637 class=fire.pb.shop.CQueryLimit this=(2,[1000, 1001, 1002, 1003, 1004, 1005, 1006, 1007, 1008, 1009, 1010, 1011, 1012, 1013, 1014, 1015, 1016, 1017, 1018, 1019, 1020, 1021, 1022, 1023, 1024, 1025, 1026, 1027, 1028, 1029, 1030, 1031, 1032, 1033, 1034, 1035, 1036, 1037, 1038, 1039, 1040, 1041, 1042, 1043, 1044, 1045, 1046, 1047, 1048, 1049, 1050, 1051, 1052, 1053, 1054, 1055, 1056, 1057, 1058, 1059, 1060, 1061, 1062, 1063, 1064, 1065, 1066, 1067, 1068, 1069, 1070, 1071, 1072, 1073, 1074, 1075, 1076, 1077, 1078, 1079, 1080, 1081, 1082, 1083, 1084, 1085, 1086, 1087, 1088, 1089, 1101, 1102, 1103, 1104, 1250, 1105, 1106, 1107, 1108, 1251, 1109, 1110, 1111, 1112, 1252, 1113, 1114, 1115, 1116, 1253, 1117, 1118, 1119, 1120, 1254, 1121, 1122, 1123, 1124, 1255, 1125, 1126, 1127, 1128, 1256, 1129, 1130, 1131, 1132, 1257, 1133, 1134, 1135, 1136, 1258, 1137, 1138, 1139, 1140, 1259, 1141, 1142, 1143, 1144, 1260, 1145, 1146, 1147, 1148, 1261, 1149, 1150, 1151, 1152, 1262, 1153, 1154, 1155, 1156, 1263, 1157, 1158, 1159, 1160, 1264, 1161, 1162, 1163, 1164, 1265, 1165, 1166, 1167, 1168, 1266, 1169, 1170, 1171, 1172, 1267, 1173, 1174, 1175, 1176, 1268, 1177, 1178, 1179, 1180, 1269, 1181, 1182, 1183, 1184, 1270, 1185, 1186, 1187, 1188, 1271, 1189, 1190, 1191, 1192, 1272, 1193, 1194, 1195, 1196, 1273, 1197, 1198, 1199, 1200, 1274, 1300, 1301, 1302, 1303, 1304, 1305, 1306, 1307, 1308, 1309, 1310, 1311, 1400, 1401, 1402, 1403, 1404, 1405, 1406, 1407, 1408, 1409, 1501, 1502, 1503, 1504, 1505, 1506, 1507, 1508, 1509, 1510, 1511, 1512, 1513, 1514, 1515, 1516, 1517, 1518, 1519, 1520, 1521, 1522, 1523, 1524, 1525, 1526, 1527, 1528, 1529, 1530, 1531, 1532, 1533, 1534, 1535, 1536, 1537, 1538, 1539, 1540, 1541, 1542, 1543, 1544, 1545, 1546, 1547, 1548, 3999, 70000, 70001, 70002, 70003, 70004, 70005, 70006, 70007, 70008, 70100, 70101, 70102, 70200, 70201, 70202, 70300, 70301, 70302, 70400, 70401, 70402, 70500, 70501, 70502, 70503, 90000, 90001, 90002, 90003, 90004, 90005, 90006, 90007, 90301, 90302, 90303, 90304, 90305, 90306, 90307, 90308, 90309, 90310, 90311, 90312, 90101, 90102, 90103, 90104, 90105, 90106, 90107, 90108, 90109, 90110, 90111, 90112, 90113, 90114, 90115, 90116, 90117, 90118, 90119, 90201, 90202, 90203, 90204, 90205, 90206, 90207, 90208, 90209, 90210, 90211, 90212, 90213, 90214, 90215, 90216, 90220, 90221, 90222, 90401, 90402, 90403, 90404, 90405, 90406, 90407, 90408, 90409, 90410, 90411, 90412, 90413, 90414, 90415, 90416],)
2025-04-28 22:45:02.854 DEBUG <mkdb.Worker..25> mkio.send type=810638 class=fire.pb.shop.SQueryLimit this=(2,[(1000,0,), (1001,0,), (1002,0,), (1003,0,), (1004,0,), (1005,0,), (1006,0,), (1007,0,), (1008,0,), (1009,0,), (1010,0,), (1011,0,), (1012,0,), (1013,0,), (1014,0,), (1015,0,), (1016,0,), (1017,0,), (1018,0,), (1019,0,), (1020,0,), (1021,0,), (1022,0,), (1023,0,), (1024,0,), (1025,0,), (1026,0,), (1027,0,), (1028,0,), (1029,0,), (1030,0,), (1031,0,), (1032,0,), (1033,0,), (1034,0,), (1035,0,), (1036,0,), (1037,0,), (1038,0,), (1039,0,), (1040,0,), (1041,0,), (1042,0,), (1043,0,), (1044,0,), (1045,0,), (1046,0,), (1047,0,), (1048,0,), (1049,0,), (1050,0,), (1051,0,), (1052,0,), (1053,0,), (1054,0,), (1055,0,), (1056,0,), (1057,0,), (1058,0,), (1059,0,), (1060,0,), (1061,0,), (1062,0,), (1063,0,), (1064,0,), (1065,0,), (1066,0,), (1067,0,), (1068,0,), (1069,0,), (1070,0,), (1071,0,), (1072,0,), (1073,0,), (1074,0,), (1075,0,), (1076,0,), (1077,0,), (1078,0,), (1079,0,), (1080,0,), (1081,0,), (1082,0,), (1083,0,), (1084,0,), (1085,0,), (1086,0,), (1087,0,), (1088,0,), (1089,0,), (1101,0,), (1102,0,), (1103,0,), (1104,0,), (1250,0,), (1105,0,), (1106,0,), (1107,0,), (1108,0,), (1251,0,), (1109,0,), (1110,0,), (1111,0,), (1112,0,), (1252,0,), (1113,0,), (1114,0,), (1115,0,), (1116,0,), (1253,0,), (1117,0,), (1118,0,), (1119,0,), (1120,0,), (1254,0,), (1121,0,), (1122,0,), (1123,0,), (1124,0,), (1255,0,), (1125,0,), (1126,0,), (1127,0,), (1128,0,), (1256,0,), (1129,0,), (1130,0,), (1131,0,), (1132,0,), (1257,0,), (1133,0,), (1134,0,), (1135,0,), (1136,0,), (1258,0,), (1137,0,), (1138,0,), (1139,0,), (1140,0,), (1259,0,), (1141,0,), (1142,0,), (1143,0,), (1144,0,), (1260,0,), (1145,0,), (1146,0,), (1147,0,), (1148,0,), (1261,0,), (1149,0,), (1150,0,), (1151,0,), (1152,0,), (1262,0,), (1153,0,), (1154,0,), (1155,0,), (1156,0,), (1263,0,), (1157,0,), (1158,0,), (1159,0,), (1160,0,), (1264,0,), (1161,0,), (1162,0,), (1163,0,), (1164,0,), (1265,0,), (1165,0,), (1166,0,), (1167,0,), (1168,0,), (1266,0,), (1169,0,), (1170,0,), (1171,0,), (1172,0,), (1267,0,), (1173,0,), (1174,0,), (1175,0,), (1176,0,), (1268,0,), (1177,0,), (1178,0,), (1179,0,), (1180,0,), (1269,0,), (1181,0,), (1182,0,), (1183,0,), (1184,0,), (1270,0,), (1185,0,), (1186,0,), (1187,0,), (1188,0,), (1271,0,), (1189,0,), (1190,0,), (1191,0,), (1192,0,), (1272,0,), (1193,0,), (1194,0,), (1195,0,), (1196,0,), (1273,0,), (1197,0,), (1198,0,), (1199,0,), (1200,0,), (1274,0,), (1300,0,), (1301,0,), (1302,0,), (1303,0,), (1304,0,), (1305,0,), (1306,0,), (1307,0,), (1308,0,), (1309,0,), (1310,0,), (1311,0,), (1400,0,), (1401,0,), (1402,0,), (1403,0,), (1404,0,), (1405,0,), (1406,0,), (1407,0,), (1408,0,), (1409,0,), (1501,0,), (1502,0,), (1503,0,), (1504,0,), (1505,0,), (1506,0,), (1507,0,), (1508,0,), (1509,0,), (1510,0,), (1511,0,), (1512,0,), (1513,0,), (1514,0,), (1515,0,), (1516,0,), (1517,0,), (1518,0,), (1519,0,), (1520,0,), (1521,0,), (1522,0,), (1523,0,), (1524,0,), (1525,0,), (1526,0,), (1527,0,), (1528,0,), (1529,0,), (1530,0,), (1531,0,), (1532,0,), (1533,0,), (1534,0,), (1535,0,), (1536,0,), (1537,0,), (1538,0,), (1539,0,), (1540,0,), (1541,0,), (1542,0,), (1543,0,), (1544,0,), (1545,0,), (1546,0,), (1547,0,), (1548,0,), (3999,0,), (70000,0,), (70001,0,), (70002,0,), (70003,0,), (70004,0,), (70005,0,), (70006,0,), (70007,0,), (70008,0,), (70100,0,), (70101,0,), (70102,0,), (70200,0,), (70201,0,), (70202,0,), (70300,0,), (70301,0,), (70302,0,), (70400,0,), (70401,0,), (70402,0,), (70500,0,), (70501,0,), (70502,0,), (70503,0,), (90000,0,), (90001,0,), (90002,0,), (90003,0,), (90004,0,), (90005,0,), (90006,0,), (90007,0,), (90301,0,), (90302,0,), (90303,0,), (90304,0,), (90305,0,), (90306,0,), (90307,0,), (90308,0,), (90309,0,), (90310,0,), (90311,0,), (90312,0,), (90101,0,), (90102,0,), (90103,0,), (90104,0,), (90105,0,), (90106,0,), (90107,0,), (90108,0,), (90109,0,), (90110,0,), (90111,0,), (90112,0,), (90113,0,), (90114,0,), (90115,0,), (90116,0,), (90117,0,), (90118,0,), (90119,0,), (90201,0,), (90202,0,), (90203,0,), (90204,0,), (90205,0,), (90206,0,), (90207,0,), (90208,0,), (90209,0,), (90210,0,), (90211,0,), (90212,0,), (90213,0,), (90214,0,), (90215,0,), (90216,0,), (90220,0,), (90221,0,), (90222,0,), (90401,0,), (90402,0,), (90403,0,), (90404,0,), (90405,0,), (90406,0,), (90407,0,), (90408,0,), (90409,0,), (90410,0,), (90411,0,), (90412,0,), (90413,0,), (90414,0,), (90415,0,), (90416,0,)],),size=3086
2025-04-28 22:45:02.854 DEBUG <mkdb.Worker..25> mkio.send type=65540 class=gnet.link.Send this=([11],810638,B3086,),size=3097
2025-04-28 22:45:02.862 DEBUG <mkio.Engine.2> protocol type:65541,size:13
2025-04-28 22:45:02.863 DEBUG <mkio.Engine.2> mkio.Protocol execute type=805540 class=fire.pb.mission.CGetArchiveInfo this=()
2025-04-28 22:45:02.863 DEBUG <mkio.Engine.2> protocol type:65541,size:14
2025-04-28 22:45:02.863 DEBUG <mkio.Engine.2> mkio.Protocol execute type=786526 class=fire.pb.CGetSysConfig this=({},)
2025-04-28 22:45:02.863 DEBUG <mkio.Engine.2> protocol type:65541,size:13
2025-04-28 22:45:02.863 DEBUG <mkio.Engine.2> mkio.Protocol execute type=812483 class=fire.pb.fushi.CReqChargeRefundsInfo this=()
2025-04-28 22:45:02.863 DEBUG <mkio.Engine.2> protocol type:65541,size:13
2025-04-28 22:45:02.863 DEBUG <mkio.Engine.2> mkio.Protocol execute type=795469 class=fire.pb.npc.CQueryImpExamState this=()
2025-04-28 22:45:02.863 DEBUG <mkio.Engine.2> protocol type:65541,size:13
2025-04-28 22:45:02.863 DEBUG <mkio.Engine.2> mkio.Protocol execute type=810532 class=fire.pb.activity.reg.CQueryRegData this=()
2025-04-28 22:45:02.863 DEBUG <mkio.Engine.2> protocol type:65541,size:13
2025-04-28 22:45:02.863 DEBUG <mkio.Engine.2> mkio.Protocol execute type=808476 class=fire.pb.clan.CBonusQuery this=()
2025-04-28 22:45:02.864 DEBUG <mkdb.Worker..22> mkio.send type=8920 class=gnet.DataBetweenAuAnyAndGS this=(1,9001,2,B28,0,),size=42
2025-04-28 22:45:02.873 DEBUG <mkdb.Worker.procedure.36> mkio.send type=795470 class=fire.pb.npc.SQueryImpExamState this=(0,),size=1
2025-04-28 22:45:02.873 DEBUG <mkdb.Worker.procedure.36> mkio.send type=65540 class=gnet.link.Send this=([11],795470,B1,),size=11
2025-04-28 22:45:02.877 DEBUG <mkdb.Worker..29> mkio.send type=805541 class=fire.pb.mission.SGetArchiveInfo this=([(101,0,), (102,0,), (103,0,), (104,0,), (201,0,), (202,0,), (203,0,), (204,0,), (205,0,), (206,0,), (301,0,), (302,0,), (303,1,), (304,0,), (305,0,), (306,0,), (307,0,), (401,0,), (402,0,), (403,0,), (404,0,), (501,1,), (502,0,), (503,0,), (504,0,), (505,0,), (506,0,), (507,0,), (508,0,), (601,0,), (602,0,), (603,0,), (604,0,), (605,1,), (606,0,), (607,1,), (701,0,), (702,0,), (703,1,), (704,0,), (705,1,), (706,0,), (707,0,), (708,0,)],),size=353
2025-04-28 22:45:02.877 DEBUG <mkdb.Worker..29> mkio.send type=65540 class=gnet.link.Send this=([11],805541,B353,),size=364
2025-04-28 22:45:02.877 DEBUG <mkio.Engine.2> protocol type:65541,size:13
2025-04-28 22:45:02.878 DEBUG <mkio.Engine.2> mkio.Protocol execute type=786493 class=fire.pb.CAfterEnterWorld this=()
2025-04-28 22:45:02.881 DEBUG <mkio.Engine.1> protocol type:8920,size:16
2025-04-28 22:45:02.881 DEBUG <mkio.Engine.1> mkio.Protocol execute type=8920 class=gnet.DataBetweenAuAnyAndGS this=(1,9002,1,B2,0,)
2025-04-28 22:45:02.882 DEBUG <mkdb.Worker..27> mkio.send type=812484 class=fire.pb.fushi.SReqChargeRefundsInfo this=(0,0,0,),size=12
2025-04-28 22:45:02.882 DEBUG <mkdb.Worker..27> mkio.send type=65540 class=gnet.link.Send this=([11],812484,B12,),size=22
2025-04-28 22:45:02.883 DEBUG <mkdb.Worker..20> mkio.send type=786527 class=fire.pb.SGetSysConfig this=({1=1, 2=125, 3=1, 4=1, 5=100, 6=0, 7=1, 8=1, 9=1, 10=0, 11=0, 12=1, 13=1, 14=1, 15=1, 16=1, 17=0, 18=0, 19=0, 20=1, 21=0, 22=1, 23=0, 24=0, 25=0, 26=0, 27=0, 28=0, 29=0, 30=0, 31=0, 32=0, 33=0, 34=1, 35=0, 36=1, 37=0, 38=1, 39=0, 40=0, 41=1, 42=0, 43=0, 44=0, 45=1, 46=1, 47=0, 48=0},),size=385
2025-04-28 22:45:02.883 DEBUG <mkdb.Worker..20> mkio.send type=65540 class=gnet.link.Send this=([11],786527,B385,),size=396
2025-04-28 22:45:02.887 DEBUG <mkdb.Worker.procedure.33> mkio.send type=810533 class=fire.pb.activity.reg.SQueryRegData this=(4,0,4,3,[],0,),size=21
2025-04-28 22:45:02.887 DEBUG <mkdb.Worker.procedure.33> mkio.send type=65540 class=gnet.link.Send this=([11],810533,B21,),size=31
2025-04-28 22:45:03.382 DEBUG <mkio.Engine.2> protocol type:65541,size:14
2025-04-28 22:45:03.382 DEBUG <mkio.Engine.2> mkio.Protocol execute type=810334 class=fire.pb.hook.CSetAutoBattle this=(1,)
2025-04-28 22:45:04.726 DEBUG <mkio.Engine.2> protocol type:65541,size:13
2025-04-28 22:45:04.727 DEBUG <mkio.Engine.2> mkio.Protocol execute type=805536 class=fire.pb.mission.CGetActivityInfo this=()
2025-04-28 22:45:04.729 DEBUG <mkdb.Worker..22> mkio.send type=805537 class=fire.pb.mission.SGetActivityInfo this=([],),size=1
2025-04-28 22:45:04.729 DEBUG <mkdb.Worker..22> mkio.send type=65540 class=gnet.link.Send this=([11],805537,B1,),size=11
2025-04-28 22:45:32.040 DEBUG <mkio.Engine.2> protocol type:65541,size:29
2025-04-28 22:45:32.431 DEBUG <mkio.Engine.2> protocol type:65541,size:26
2025-04-28 22:45:32.611 DEBUG <mkio.Engine.2> protocol type:65541,size:26
2025-04-28 22:45:44.539 INFO  <mkdb.Checkpoint> ---------------- begin ----------------
2025-04-28 22:45:44.542 INFO  <mkdb.Checkpoint> marshalN=1/21
2025-04-28 22:45:44.544 INFO  <mkdb.Checkpoint> snapshot=21 marshal0=0
2025-04-28 22:45:44.545 INFO  <mkdb.Checkpoint> flush=21
2025-04-28 22:45:44.921 INFO  <mkdb.Checkpoint> checkpoint
2025-04-28 22:45:44.922 INFO  <mkdb.Checkpoint> ----------------- end -----------------
2025-04-28 22:45:46.648 DEBUG <mkio.Engine.2> protocol type:65541,size:25
2025-04-28 22:45:46.648 DEBUG <mkio.Engine.2> mkio.Protocol execute type=805516 class=fire.pb.mission.CReqGoto this=(1615,109,111,)
2025-04-28 22:45:46.657 DEBUG <MapMain> mkio.send type=790441 class=fire.pb.move.SRoleEnterScene this=(T0,(1744,1776,),0,516022,1615,-1,T0,),size=20
2025-04-28 22:45:46.657 DEBUG <MapMain> mkio.send type=65540 class=gnet.link.Send this=([11],790441,B20,),size=30
2025-04-28 22:45:46.658 DEBUG <MapMain> mkio.send type=790438 class=fire.pb.move.SRemoveUserScreen this=([],[2147483653, 2147483654, 7, 2147483655, 8, 2147483656, 9, 2147483657, 2147484018, 2147484019, 2147484020, 2147484021, 2147484022],),size=106
2025-04-28 22:45:46.658 DEBUG <MapMain> mkio.send type=65540 class=gnet.link.Send this=([11],790438,B106,),size=117
2025-04-28 22:45:46.669 DEBUG <MapMain> mkio.send type=790437 class=fire.pb.move.SAddUserScreen this=([],[(64,161511,T4,(1304,1804,),0,(0,0,),140,3,0,0,{},), (2147483714,183706,T4,(2544,736,),0,(0,0,),140,3,0,0,{},), (67,161518,T6,(1356,819,),0,(0,0,),140,3,0,0,{},), (2147483717,183706,T4,(592,1680,),0,(0,0,),140,3,0,0,{},), (69,161512,T2,(2312,759,),0,(0,0,),140,5,0,0,{},), (71,161531,T7,(1792,422,),0,(0,0,),140,5,0,0,{},), (2147483719,183706,T4,(2096,688,),0,(0,0,),140,3,0,0,{},), (72,161520,T5,(2204,1132,),0,(0,0,),140,5,0,0,{},), (73,161519,T5,(1950,938,),0,(0,0,),140,5,0,0,{},), (74,221706,T5,(2460,1092,),0,(0,0,),140,3,0,0,{},), (75,221708,T5,(1362,1263,),0,(0,0,),140,5,0,0,{},), (77,260013,T3,(492,2250,),0,(0,0,),140,3,0,0,{},), (2147483726,183706,T4,(368,2640,),0,(0,0,),140,3,0,0,{},), (78,161501,T2,(1044,2172,),0,(0,0,),140,3,0,0,{},), (80,1615001,T4,(1960,2117,),0,(0,0,),140,3,0,0,{},), (81,1615002,T4,(2048,2060,),0,(0,0,),140,3,0,0,{},), (82,1615003,T5,(2124,1997,),0,(0,0,),140,3,0,0,{},), (83,1615004,T5,(2206,1943,),0,(0,0,),140,3,0,0,{},), (84,161536,T4,(1732,1509,),0,(0,0,),140,3,0,0,{},), (85,1615100,T5,(2302,1680,),0,(0,0,),140,3,0,0,{},), (86,1615101,T4,(1118,2138,),0,(0,0,),140,5,0,0,{},), (2147483990,260043,T3,(1376,2576,),0,(0,0,),140,3,0,0,{},), (87,1615102,T2,(1010,2263,),0,(0,0,),140,1,0,0,{},), (2147483992,260043,T3,(1536,1680,),0,(0,0,),140,3,0,0,{},), (89,161525,T2,(968,1047,),0,(0,0,),140,5,0,0,{},), (90,170187,T2,(1780,1146,),0,(0,0,),140,3,7,0,{},), (91,170188,T3,(1592,1149,),0,(0,0,),140,3,8,0,{},), (2147483996,260043,T3,(1504,1984,),0,(0,0,),140,3,0,0,{},), (92,170189,T3,(1814,1007,),0,(0,0,),140,3,7,0,{},), (2147483997,260043,T3,(1536,992,),0,(0,0,),140,3,0,0,{},), (94,250299,T6,(1684,2044,),0,(0,0,),140,3,0,0,{},), (2147483999,260043,T3,(1088,1824,),0,(0,0,),140,3,0,0,{},), (2147484002,260043,T3,(1232,1248,),0,(0,0,),140,3,0,0,{},), (59,161503,T4,(2572,1847,),0,(0,0,),140,5,0,0,{},), (60,161505,T3,(1628,2321,),0,(0,0,),140,5,0,0,{},), (62,161509,T3,(1898,1884,),0,(0,0,),140,7,0,0,{},), (63,161510,T3,(2408,1724,),0,(0,0,),140,5,0,0,{},), (2147483711,183706,T4,(2016,1568,),0,(0,0,),140,3,0,0,{},)],),size=1772
2025-04-28 22:45:46.669 DEBUG <MapMain> mkio.send type=65540 class=gnet.link.Send this=([11],790437,B1772,),size=1783
2025-04-28 22:45:52.360 DEBUG <mkio.Engine.2> protocol type:65541,size:17
2025-04-28 22:45:52.360 DEBUG <mkio.Engine.2> mkio.Protocol execute type=807452 class=fire.pb.circletask.CQueryCircleTaskState this=(1050000,)
2025-04-28 22:45:52.360 DEBUG <mkdb.Worker..29> mkio.send type=807453 class=fire.pb.circletask.SQueryCircleTaskState this=(1050000,6,),size=8
2025-04-28 22:45:52.360 DEBUG <mkdb.Worker..29> mkio.send type=65540 class=gnet.link.Send this=([11],807453,B8,),size=18
2025-04-28 22:45:52.834 DEBUG <mkio.Engine.2> protocol type:65541,size:13
2025-04-28 22:45:52.835 DEBUG <mkio.Engine.2> mkio.Protocol execute type=804557 class=fire.pb.instancezone.bingfeng.CCanEnterBingFeng this=()
2025-04-28 22:45:52.843 DEBUG <mkdb.Worker..20> mkio.send type=804562 class=fire.pb.instancezone.bingfeng.SCanEnterBingFeng this=(0,),size=4
2025-04-28 22:45:52.844 DEBUG <mkdb.Worker..20> mkio.send type=65540 class=gnet.link.Send this=([11],804562,B4,),size=14
2025-04-28 22:45:53.254 DEBUG <mkio.Engine.2> protocol type:65541,size:13
2025-04-28 22:45:53.254 DEBUG <mkio.Engine.2> mkio.Protocol execute type=805484 class=fire.pb.mission.activelist.CRefreshActivityListFinishTimes this=()
2025-04-28 22:45:53.255 DEBUG <mkdb.Worker..22> mkio.send type=805485 class=fire.pb.mission.activelist.SRefreshActivityListFinishTimes this=({},0,{},1,[],),size=11
2025-04-28 22:45:53.255 DEBUG <mkdb.Worker..22> mkio.send type=65540 class=gnet.link.Send this=([11],805485,B11,),size=21
2025-04-28 22:45:53.729 DEBUG <mkio.Engine.2> protocol type:65541,size:13
2025-04-28 22:45:53.729 DEBUG <mkio.Engine.2> mkio.Protocol execute type=805536 class=fire.pb.mission.CGetActivityInfo this=()
2025-04-28 22:45:53.730 DEBUG <mkdb.Worker..25> mkio.send type=805537 class=fire.pb.mission.SGetActivityInfo this=([],),size=1
2025-04-28 22:45:53.730 DEBUG <mkdb.Worker..25> mkio.send type=65540 class=gnet.link.Send this=([11],805537,B1,),size=11
2025-04-28 22:46:04.933 DEBUG <mkio.Engine.2> protocol type:65546,size:12
2025-04-28 22:46:04.933 DEBUG <mkio.Engine.2> mkio.Protocol execute type=65546 class=gnet.link.LinkBroken this=(1,11,1,)
22:46:04.934 [mkdb.Worker..25] ERROR SYSTEM - RoleLinkBrokenHanle.onLinkBroken,角色[4097]意外断开,原因=1
22:46:04.935 [mkdb.Worker..25] ERROR SYSTEM - userid=1 Onlines offline 
2025-04-28 22:46:04.937 DEBUG <mkdb.Worker..25> mkio.send type=65543 class=gnet.link.SetLogin this=(11,0,-1,),size=16
2025-04-28 22:46:19.091 DEBUG <mkdb.Worker.scheduled.15> mkio.send type=65542 class=gnet.link.Broadcast this=(786439,B8,0,),size=17
2025-04-28 22:46:44.600 INFO  <mkdb.Checkpoint> ---------------- begin ----------------
2025-04-28 22:46:44.600 INFO  <mkdb.Checkpoint> marshalN=1/3
2025-04-28 22:46:44.601 INFO  <mkdb.Checkpoint> snapshot=3 marshal0=0
2025-04-28 22:46:44.602 INFO  <mkdb.Checkpoint> flush=3
2025-04-28 22:46:44.973 INFO  <mkdb.Checkpoint> checkpoint
2025-04-28 22:46:44.974 INFO  <mkdb.Checkpoint> ----------------- end -----------------
2025-04-28 22:47:44.631 INFO  <mkdb.Checkpoint> ---------------- begin ----------------
2025-04-28 22:47:44.631 INFO  <mkdb.Checkpoint> marshalN=1/0
2025-04-28 22:47:44.632 INFO  <mkdb.Checkpoint> snapshot=0 marshal0=0
2025-04-28 22:47:44.633 INFO  <mkdb.Checkpoint> flush=0
2025-04-28 22:47:44.633 INFO  <mkdb.Checkpoint> ----------------- end -----------------
2025-04-28 22:48:44.692 INFO  <mkdb.Checkpoint> ---------------- begin ----------------
2025-04-28 22:48:44.693 INFO  <mkdb.Checkpoint> marshalN=1/0
2025-04-28 22:48:44.694 INFO  <mkdb.Checkpoint> snapshot=0 marshal0=0
2025-04-28 22:48:44.694 INFO  <mkdb.Checkpoint> flush=0
2025-04-28 22:48:44.694 INFO  <mkdb.Checkpoint> ----------------- end -----------------
2025-04-28 22:48:49.091 DEBUG <mkdb.Worker.scheduled.51> mkio.send type=65542 class=gnet.link.Broadcast this=(786439,B8,0,),size=17
2025-04-28 22:49:44.750 INFO  <mkdb.Checkpoint> ---------------- begin ----------------
2025-04-28 22:49:44.751 INFO  <mkdb.Checkpoint> marshalN=1/0
2025-04-28 22:49:44.752 INFO  <mkdb.Checkpoint> snapshot=0 marshal0=0
2025-04-28 22:49:44.753 INFO  <mkdb.Checkpoint> flush=0
2025-04-28 22:49:44.753 INFO  <mkdb.Checkpoint> ----------------- end -----------------
2025-04-28 22:50:44.816 INFO  <mkdb.Checkpoint> ---------------- begin ----------------
2025-04-28 22:50:44.817 INFO  <mkdb.Checkpoint> marshalN=1/0
2025-04-28 22:50:44.818 INFO  <mkdb.Checkpoint> snapshot=0 marshal0=0
2025-04-28 22:50:44.819 INFO  <mkdb.Checkpoint> flush=0
2025-04-28 22:50:44.819 INFO  <mkdb.Checkpoint> ----------------- end -----------------
2025-04-28 22:51:19.091 DEBUG <mkdb.Worker.scheduled.51> mkio.send type=65542 class=gnet.link.Broadcast this=(786439,B8,0,),size=17
2025-04-28 22:51:44.892 INFO  <mkdb.Checkpoint> ---------------- begin ----------------
2025-04-28 22:51:44.892 INFO  <mkdb.Checkpoint> marshalN=1/0
2025-04-28 22:51:44.893 INFO  <mkdb.Checkpoint> snapshot=0 marshal0=0
2025-04-28 22:51:44.894 INFO  <mkdb.Checkpoint> flush=0
2025-04-28 22:51:44.894 INFO  <mkdb.Checkpoint> ----------------- end -----------------
2025-04-28 22:52:44.948 INFO  <mkdb.Checkpoint> ---------------- begin ----------------
2025-04-28 22:52:44.949 INFO  <mkdb.Checkpoint> marshalN=1/0
2025-04-28 22:52:44.949 INFO  <mkdb.Checkpoint> snapshot=0 marshal0=0
2025-04-28 22:52:44.950 INFO  <mkdb.Checkpoint> flush=0
2025-04-28 22:52:44.950 INFO  <mkdb.Checkpoint> ----------------- end -----------------
2025-04-28 22:53:45.017 INFO  <mkdb.Checkpoint> ---------------- begin ----------------
2025-04-28 22:53:45.018 INFO  <mkdb.Checkpoint> marshalN=1/0
2025-04-28 22:53:45.018 INFO  <mkdb.Checkpoint> snapshot=0 marshal0=0
2025-04-28 22:53:45.019 INFO  <mkdb.Checkpoint> flush=0
2025-04-28 22:53:45.019 INFO  <mkdb.Checkpoint> ----------------- end -----------------
2025-04-28 22:53:49.091 DEBUG <mkdb.Worker.scheduled.51> mkio.send type=65542 class=gnet.link.Broadcast this=(786439,B8,0,),size=17
2025-04-28 22:54:45.079 INFO  <mkdb.Checkpoint> ---------------- begin ----------------
2025-04-28 22:54:45.080 INFO  <mkdb.Checkpoint> marshalN=1/0
2025-04-28 22:54:45.080 INFO  <mkdb.Checkpoint> snapshot=0 marshal0=0
2025-04-28 22:54:45.081 INFO  <mkdb.Checkpoint> flush=0
2025-04-28 22:54:45.081 INFO  <mkdb.Checkpoint> ----------------- end -----------------
2025-04-28 22:55:45.137 INFO  <mkdb.Checkpoint> ---------------- begin ----------------
2025-04-28 22:55:45.137 INFO  <mkdb.Checkpoint> marshalN=1/0
2025-04-28 22:55:45.138 INFO  <mkdb.Checkpoint> snapshot=0 marshal0=0
2025-04-28 22:55:45.139 INFO  <mkdb.Checkpoint> flush=0
2025-04-28 22:55:45.139 INFO  <mkdb.Checkpoint> ----------------- end -----------------
2025-04-28 22:56:19.091 DEBUG <mkdb.Worker.scheduled.45> mkio.send type=65542 class=gnet.link.Broadcast this=(786439,B8,0,),size=17
2025-04-28 22:56:45.199 INFO  <mkdb.Checkpoint> ---------------- begin ----------------
2025-04-28 22:56:45.200 INFO  <mkdb.Checkpoint> marshalN=1/0
2025-04-28 22:56:45.200 INFO  <mkdb.Checkpoint> snapshot=0 marshal0=0
2025-04-28 22:56:45.201 INFO  <mkdb.Checkpoint> flush=0
2025-04-28 22:56:45.202 INFO  <mkdb.Checkpoint> ----------------- end -----------------
2025-04-28 22:57:45.259 INFO  <mkdb.Checkpoint> ---------------- begin ----------------
2025-04-28 22:57:45.259 INFO  <mkdb.Checkpoint> marshalN=1/0
2025-04-28 22:57:45.260 INFO  <mkdb.Checkpoint> snapshot=0 marshal0=0
2025-04-28 22:57:45.261 INFO  <mkdb.Checkpoint> flush=0
2025-04-28 22:57:45.261 INFO  <mkdb.Checkpoint> ----------------- end -----------------
2025-04-28 22:58:45.322 INFO  <mkdb.Checkpoint> ---------------- begin ----------------
2025-04-28 22:58:45.322 INFO  <mkdb.Checkpoint> marshalN=1/0
2025-04-28 22:58:45.323 INFO  <mkdb.Checkpoint> snapshot=0 marshal0=0
2025-04-28 22:58:45.323 INFO  <mkdb.Checkpoint> flush=0
2025-04-28 22:58:45.323 INFO  <mkdb.Checkpoint> ----------------- end -----------------
2025-04-28 22:58:49.091 DEBUG <mkdb.Worker.scheduled.18> mkio.send type=65542 class=gnet.link.Broadcast this=(786439,B8,0,),size=17
2025-04-28 22:59:45.393 INFO  <mkdb.Checkpoint> ---------------- begin ----------------
2025-04-28 22:59:45.394 INFO  <mkdb.Checkpoint> marshalN=1/0
2025-04-28 22:59:45.394 INFO  <mkdb.Checkpoint> snapshot=0 marshal0=0
2025-04-28 22:59:45.395 INFO  <mkdb.Checkpoint> flush=0
2025-04-28 22:59:45.395 INFO  <mkdb.Checkpoint> ----------------- end -----------------
2025-04-28 23:00:45.467 INFO  <mkdb.Checkpoint> ---------------- begin ----------------
2025-04-28 23:00:45.467 INFO  <mkdb.Checkpoint> marshalN=1/0
2025-04-28 23:00:45.468 INFO  <mkdb.Checkpoint> snapshot=0 marshal0=0
2025-04-28 23:00:45.469 INFO  <mkdb.Checkpoint> flush=0
2025-04-28 23:00:45.469 INFO  <mkdb.Checkpoint> ----------------- end -----------------
2025-04-28 23:01:19.091 DEBUG <mkdb.Worker.scheduled.18> mkio.send type=65542 class=gnet.link.Broadcast this=(786439,B8,0,),size=17
2025-04-28 23:01:45.533 INFO  <mkdb.Checkpoint> ---------------- begin ----------------
2025-04-28 23:01:45.534 INFO  <mkdb.Checkpoint> marshalN=1/0
2025-04-28 23:01:45.535 INFO  <mkdb.Checkpoint> snapshot=0 marshal0=0
2025-04-28 23:01:45.535 INFO  <mkdb.Checkpoint> flush=0
2025-04-28 23:01:45.536 INFO  <mkdb.Checkpoint> ----------------- end -----------------
2025-04-28 23:02:45.599 INFO  <mkdb.Checkpoint> ---------------- begin ----------------
2025-04-28 23:02:45.599 INFO  <mkdb.Checkpoint> marshalN=1/0
2025-04-28 23:02:45.600 INFO  <mkdb.Checkpoint> snapshot=0 marshal0=0
2025-04-28 23:02:45.600 INFO  <mkdb.Checkpoint> flush=0
2025-04-28 23:02:45.600 INFO  <mkdb.Checkpoint> ----------------- end -----------------
2025-04-28 23:03:45.655 INFO  <mkdb.Checkpoint> ---------------- begin ----------------
2025-04-28 23:03:45.655 INFO  <mkdb.Checkpoint> marshalN=1/0
2025-04-28 23:03:45.655 INFO  <mkdb.Checkpoint> snapshot=0 marshal0=0
2025-04-28 23:03:45.656 INFO  <mkdb.Checkpoint> flush=0
2025-04-28 23:03:45.656 INFO  <mkdb.Checkpoint> ----------------- end -----------------
2025-04-28 23:03:49.091 DEBUG <mkdb.Worker.scheduled.18> mkio.send type=65542 class=gnet.link.Broadcast this=(786439,B8,0,),size=17
2025-04-28 23:04:45.716 INFO  <mkdb.Checkpoint> ---------------- begin ----------------
2025-04-28 23:04:45.716 INFO  <mkdb.Checkpoint> marshalN=1/0
2025-04-28 23:04:45.717 INFO  <mkdb.Checkpoint> snapshot=0 marshal0=0
2025-04-28 23:04:45.717 INFO  <mkdb.Checkpoint> flush=0
2025-04-28 23:04:45.717 INFO  <mkdb.Checkpoint> ----------------- end -----------------
2025-04-28 23:05:45.779 INFO  <mkdb.Checkpoint> ---------------- begin ----------------
2025-04-28 23:05:45.780 INFO  <mkdb.Checkpoint> marshalN=1/0
2025-04-28 23:05:45.780 INFO  <mkdb.Checkpoint> snapshot=0 marshal0=0
2025-04-28 23:05:45.781 INFO  <mkdb.Checkpoint> flush=0
2025-04-28 23:05:45.782 INFO  <mkdb.Checkpoint> ----------------- end -----------------
2025-04-28 23:06:19.091 DEBUG <mkdb.Worker.scheduled.18> mkio.send type=65542 class=gnet.link.Broadcast this=(786439,B8,0,),size=17
2025-04-28 23:06:45.845 INFO  <mkdb.Checkpoint> ---------------- begin ----------------
2025-04-28 23:06:45.845 INFO  <mkdb.Checkpoint> marshalN=1/0
2025-04-28 23:06:45.846 INFO  <mkdb.Checkpoint> snapshot=0 marshal0=0
2025-04-28 23:06:45.846 INFO  <mkdb.Checkpoint> flush=0
2025-04-28 23:06:45.846 INFO  <mkdb.Checkpoint> ----------------- end -----------------
2025-04-28 23:07:45.914 INFO  <mkdb.Checkpoint> ---------------- begin ----------------
2025-04-28 23:07:45.914 INFO  <mkdb.Checkpoint> marshalN=1/0
2025-04-28 23:07:45.915 INFO  <mkdb.Checkpoint> snapshot=0 marshal0=0
2025-04-28 23:07:45.915 INFO  <mkdb.Checkpoint> flush=0
2025-04-28 23:07:45.916 INFO  <mkdb.Checkpoint> ----------------- end -----------------
2025-04-28 23:08:45.976 INFO  <mkdb.Checkpoint> ---------------- begin ----------------
2025-04-28 23:08:45.976 INFO  <mkdb.Checkpoint> marshalN=1/0
2025-04-28 23:08:45.977 INFO  <mkdb.Checkpoint> snapshot=0 marshal0=0
2025-04-28 23:08:45.978 INFO  <mkdb.Checkpoint> flush=0
2025-04-28 23:08:45.978 INFO  <mkdb.Checkpoint> ----------------- end -----------------
2025-04-28 23:08:49.091 DEBUG <mkdb.Worker.scheduled.15> mkio.send type=65542 class=gnet.link.Broadcast this=(786439,B8,0,),size=17
2025-04-28 23:09:46.038 INFO  <mkdb.Checkpoint> ---------------- begin ----------------
2025-04-28 23:09:46.039 INFO  <mkdb.Checkpoint> marshalN=1/0
2025-04-28 23:09:46.039 INFO  <mkdb.Checkpoint> snapshot=0 marshal0=0
2025-04-28 23:09:46.040 INFO  <mkdb.Checkpoint> flush=0
2025-04-28 23:09:46.040 INFO  <mkdb.Checkpoint> ----------------- end -----------------
2025-04-28 23:10:35.006 WARN  <mkdb.Backup> backup FULL begin
2025-04-28 23:10:35.007 DEBUG <mkdb.Backup> copy /home/game/server1/game_server/mkdb/dbdata/buffrolestodisk mbackup/20250428231035/dbdata
2025-04-28 23:10:35.007 DEBUG <mkdb.Backup> copy /home/game/server1/game_server/mkdb/dbdata/debugflag mbackup/20250428231035/dbdata
2025-04-28 23:10:35.007 DEBUG <mkdb.Backup> copy /home/game/server1/game_server/mkdb/dbdata/bag mbackup/20250428231035/dbdata
2025-04-28 23:10:35.008 DEBUG <mkdb.Backup> copy /home/game/server1/game_server/mkdb/dbdata/rolecircletaskcomplete mbackup/20250428231035/dbdata
2025-04-28 23:10:35.008 DEBUG <mkdb.Backup> copy /home/game/server1/game_server/mkdb/dbdata/userpunish mbackup/20250428231035/dbdata
2025-04-28 23:10:35.008 DEBUG <mkdb.Backup> copy /home/game/server1/game_server/mkdb/dbdata/roletradinginfolisttab mbackup/20250428231035/dbdata
2025-04-28 23:10:35.008 DEBUG <mkdb.Backup> copy /home/game/server1/game_server/mkdb/dbdata/bingfenginfos mbackup/20250428231035/dbdata
2025-04-28 23:10:35.008 DEBUG <mkdb.Backup> copy /home/game/server1/game_server/mkdb/dbdata/totalregisternum mbackup/20250428231035/dbdata
2025-04-28 23:10:35.008 DEBUG <mkdb.Backup> copy /home/game/server1/game_server/mkdb/dbdata/roleranknotifytime mbackup/20250428231035/dbdata
2025-04-28 23:10:35.008 DEBUG <mkdb.Backup> copy /home/game/server1/game_server/mkdb/dbdata/marketfloatingtab mbackup/20250428231035/dbdata
2025-04-28 23:10:35.008 DEBUG <mkdb.Backup> copy /home/game/server1/game_server/mkdb/dbdata/roleid2monthcard mbackup/20250428231035/dbdata
2025-04-28 23:10:35.008 DEBUG <mkdb.Backup> copy /home/game/server1/game_server/mkdb/dbdata/rolerankdatalist mbackup/20250428231035/dbdata
2025-04-28 23:10:35.008 DEBUG <mkdb.Backup> copy /home/game/server1/game_server/mkdb/dbdata/festival mbackup/20250428231035/dbdata
2025-04-28 23:10:35.008 DEBUG <mkdb.Backup> copy /home/game/server1/game_server/mkdb/dbdata/acceptedscenariomission mbackup/20250428231035/dbdata
2025-04-28 23:10:35.009 DEBUG <mkdb.Backup> copy /home/game/server1/game_server/mkdb/dbdata/clanid2clanfightids mbackup/20250428231035/dbdata
2025-04-28 23:10:35.009 DEBUG <mkdb.Backup> copy /home/game/server1/game_server/mkdb/dbdata/quality mbackup/20250428231035/dbdata
2025-04-28 23:10:35.009 DEBUG <mkdb.Backup> copy /home/game/server1/game_server/mkdb/dbdata/pvp5roles mbackup/20250428231035/dbdata
2025-04-28 23:10:35.009 DEBUG <mkdb.Backup> copy /home/game/server1/game_server/mkdb/dbdata/clanfighthistroylist mbackup/20250428231035/dbdata
2025-04-28 23:10:35.009 DEBUG <mkdb.Backup> copy /home/game/server1/game_server/mkdb/dbdata/clanweeknumtab mbackup/20250428231035/dbdata
2025-04-28 23:10:35.009 DEBUG <mkdb.Backup> copy /home/game/server1/game_server/mkdb/dbdata/rolebuygoodslimits mbackup/20250428231035/dbdata
2025-04-28 23:10:35.009 DEBUG <mkdb.Backup> copy /home/game/server1/game_server/mkdb/dbdata/roleupdatemodelnumtab mbackup/20250428231035/dbdata
2025-04-28 23:10:35.009 DEBUG <mkdb.Backup> copy /home/game/server1/game_server/mkdb/dbdata/role2weibonotify mbackup/20250428231035/dbdata
2025-04-28 23:10:35.009 DEBUG <mkdb.Backup> copy /home/game/server1/game_server/mkdb/dbdata/totalrecharge mbackup/20250428231035/dbdata
2025-04-28 23:10:35.009 DEBUG <mkdb.Backup> copy /home/game/server1/game_server/mkdb/dbdata/npcsalebusinesstab mbackup/20250428231035/dbdata
2025-04-28 23:10:35.010 DEBUG <mkdb.Backup> copy /home/game/server1/game_server/mkdb/dbdata/rolekaigonghuibaoxiang mbackup/20250428231035/dbdata
2025-04-28 23:10:35.010 DEBUG <mkdb.Backup> copy /home/game/server1/game_server/mkdb/dbdata/petrecyclebin mbackup/20250428231035/dbdata
2025-04-28 23:10:35.010 DEBUG <mkdb.Backup> copy /home/game/server1/game_server/mkdb/dbdata/activitycalendar mbackup/20250428231035/dbdata
2025-04-28 23:10:35.010 DEBUG <mkdb.Backup> copy /home/game/server1/game_server/mkdb/dbdata/roleupdatetimetab mbackup/20250428231035/dbdata
2025-04-28 23:10:35.010 DEBUG <mkdb.Backup> copy /home/game/server1/game_server/mkdb/dbdata/weekindexs mbackup/20250428231035/dbdata
2025-04-28 23:10:35.010 DEBUG <mkdb.Backup> copy /home/game/server1/game_server/mkdb/dbdata/instanceactivitys mbackup/20250428231035/dbdata
2025-04-28 23:10:35.010 DEBUG <mkdb.Backup> copy /home/game/server1/game_server/mkdb/dbdata/claninstbestlevel mbackup/20250428231035/dbdata
2025-04-28 23:10:35.010 DEBUG <mkdb.Backup> copy /home/game/server1/game_server/mkdb/dbdata/buymedicitemnum mbackup/20250428231035/dbdata
2025-04-28 23:10:35.010 DEBUG <mkdb.Backup> copy /home/game/server1/game_server/mkdb/dbdata/battleflag mbackup/20250428231035/dbdata
2025-04-28 23:10:35.010 DEBUG <mkdb.Backup> copy /home/game/server1/game_server/mkdb/dbdata/funopenclosetab mbackup/20250428231035/dbdata
2025-04-28 23:10:35.010 DEBUG <mkdb.Backup> copy /home/game/server1/game_server/mkdb/dbdata/bingfenglists mbackup/20250428231035/dbdata
2025-04-28 23:10:35.011 DEBUG <mkdb.Backup> copy /home/game/server1/game_server/mkdb/dbdata/archmaps mbackup/20250428231035/dbdata
2025-04-28 23:10:35.011 DEBUG <mkdb.Backup> copy /home/game/server1/game_server/mkdb/dbdata/professionleader mbackup/20250428231035/dbdata
2025-04-28 23:10:35.011 DEBUG <mkdb.Backup> copy /home/game/server1/game_server/mkdb/dbdata/pvp1roles mbackup/20250428231035/dbdata
2025-04-28 23:10:35.011 DEBUG <mkdb.Backup> copy /home/game/server1/game_server/mkdb/dbdata/clanindex mbackup/20250428231035/dbdata
2025-04-28 23:10:35.011 DEBUG <mkdb.Backup> copy /home/game/server1/game_server/mkdb/dbdata/roleschargelimit mbackup/20250428231035/dbdata
2025-04-28 23:10:35.011 DEBUG <mkdb.Backup> copy /home/game/server1/game_server/mkdb/dbdata/roledoublecharge mbackup/20250428231035/dbdata
2025-04-28 23:10:35.011 DEBUG <mkdb.Backup> copy /home/game/server1/game_server/mkdb/dbdata/transformbyitem mbackup/20250428231035/dbdata
2025-04-28 23:10:35.011 DEBUG <mkdb.Backup> copy /home/game/server1/game_server/mkdb/dbdata/rolesalegoodslimits mbackup/20250428231035/dbdata
2025-04-28 23:10:35.011 DEBUG <mkdb.Backup> copy /home/game/server1/game_server/mkdb/dbdata/rolenpcjiangliinfos mbackup/20250428231035/dbdata
2025-04-28 23:10:35.012 DEBUG <mkdb.Backup> copy /home/game/server1/game_server/mkdb/dbdata/apprents mbackup/20250428231035/dbdata
2025-04-28 23:10:35.012 DEBUG <mkdb.Backup> copy /home/game/server1/game_server/mkdb/dbdata/pvp5historyscorelist mbackup/20250428231035/dbdata
2025-04-28 23:10:35.012 DEBUG <mkdb.Backup> copy /home/game/server1/game_server/mkdb/dbdata/roleshidelist mbackup/20250428231035/dbdata
2025-04-28 23:10:35.012 DEBUG <mkdb.Backup> copy /home/game/server1/game_server/mkdb/dbdata/roleyaoqianshutables mbackup/20250428231035/dbdata
2025-04-28 23:10:35.012 DEBUG <mkdb.Backup> copy /home/game/server1/game_server/mkdb/dbdata/menstor mbackup/20250428231035/dbdata
2025-04-28 23:10:35.012 DEBUG <mkdb.Backup> copy /home/game/server1/game_server/mkdb/dbdata/commitedscenariomission mbackup/20250428231035/dbdata
2025-04-28 23:10:35.012 DEBUG <mkdb.Backup> copy /home/game/server1/game_server/mkdb/dbdata/equiptab mbackup/20250428231035/dbdata
2025-04-28 23:10:35.012 DEBUG <mkdb.Backup> copy /home/game/server1/game_server/mkdb/dbdata/roleofflinehook mbackup/20250428231035/dbdata
2025-04-28 23:10:35.012 DEBUG <mkdb.Backup> copy /home/game/server1/game_server/mkdb/dbdata/subscriptions mbackup/20250428231035/dbdata
2025-04-28 23:10:35.012 DEBUG <mkdb.Backup> copy /home/game/server1/game_server/mkdb/dbdata/ldvideoroleinfodeslisttab mbackup/20250428231035/dbdata
2025-04-28 23:10:35.013 DEBUG <mkdb.Backup> copy /home/game/server1/game_server/mkdb/dbdata/blackmarketbagtab mbackup/20250428231035/dbdata
2025-04-28 23:10:35.013 DEBUG <mkdb.Backup> copy /home/game/server1/game_server/mkdb/dbdata/enhancement mbackup/20250428231035/dbdata
2025-04-28 23:10:35.013 DEBUG <mkdb.Backup> copy /home/game/server1/game_server/mkdb/dbdata/equips mbackup/20250428231035/dbdata
2025-04-28 23:10:35.014 DEBUG <mkdb.Backup> copy /home/game/server1/game_server/mkdb/dbdata/singlecompensations mbackup/20250428231035/dbdata
2025-04-28 23:10:35.014 DEBUG <mkdb.Backup> copy /home/game/server1/game_server/mkdb/dbdata/huobancolumns mbackup/20250428231035/dbdata
2025-04-28 23:10:35.014 DEBUG <mkdb.Backup> copy /home/game/server1/game_server/mkdb/dbdata/petdepot mbackup/20250428231035/dbdata
2025-04-28 23:10:35.014 DEBUG <mkdb.Backup> copy /home/game/server1/game_server/mkdb/dbdata/roleeventnpcinfos mbackup/20250428231035/dbdata
2025-04-28 23:10:35.014 DEBUG <mkdb.Backup> copy /home/game/server1/game_server/mkdb/dbdata/medicitemlisttab mbackup/20250428231035/dbdata
2025-04-28 23:10:35.014 DEBUG <mkdb.Backup> copy /home/game/server1/game_server/mkdb/dbdata/professionleadervotechallenge mbackup/20250428231035/dbdata
2025-04-28 23:10:35.014 DEBUG <mkdb.Backup> copy /home/game/server1/game_server/mkdb/dbdata/role2npcawards mbackup/20250428231035/dbdata
2025-04-28 23:10:35.014 DEBUG <mkdb.Backup> copy /home/game/server1/game_server/mkdb/dbdata/marketattentionroletab mbackup/20250428231035/dbdata
2025-04-28 23:10:35.014 DEBUG <mkdb.Backup> copy /home/game/server1/game_server/mkdb/dbdata/roleid2activityquestion mbackup/20250428231035/dbdata
2025-04-28 23:10:35.015 DEBUG <mkdb.Backup> copy /home/game/server1/game_server/mkdb/dbdata/role2instancezone mbackup/20250428231035/dbdata
2025-04-28 23:10:35.015 DEBUG <mkdb.Backup> copy /home/game/server1/game_server/mkdb/dbdata/courses mbackup/20250428231035/dbdata
2025-04-28 23:10:35.015 DEBUG <mkdb.Backup> copy /home/game/server1/game_server/mkdb/dbdata/requestruneinfotab mbackup/20250428231035/dbdata
2025-04-28 23:10:35.015 DEBUG <mkdb.Backup> copy /home/game/server1/game_server/mkdb/dbdata/pvp3historyscorelist mbackup/20250428231035/dbdata
2025-04-28 23:10:35.015 DEBUG <mkdb.Backup> copy /home/game/server1/game_server/mkdb/dbdata/livedieweeknumtab mbackup/20250428231035/dbdata
2025-04-28 23:10:35.015 DEBUG <mkdb.Backup> copy /home/game/server1/game_server/mkdb/dbdata/ldvideoroleroseinfolisttab mbackup/20250428231035/dbdata
2025-04-28 23:10:35.015 DEBUG <mkdb.Backup> copy /home/game/server1/game_server/mkdb/dbdata/timingreward mbackup/20250428231035/dbdata
2025-04-28 23:10:35.015 DEBUG <mkdb.Backup> copy /home/game/server1/game_server/mkdb/dbdata/roleid2particleskill mbackup/20250428231035/dbdata
2025-04-28 23:10:35.015 DEBUG <mkdb.Backup> copy /home/game/server1/game_server/mkdb/dbdata/clanfights mbackup/20250428231035/dbdata
2025-04-28 23:10:35.015 DEBUG <mkdb.Backup> copy /home/game/server1/game_server/mkdb/dbdata/roleprofessionranklist mbackup/20250428231035/dbdata
2025-04-28 23:10:35.015 DEBUG <mkdb.Backup> copy /home/game/server1/game_server/mkdb/dbdata/multiexp mbackup/20250428231035/dbdata
2025-04-28 23:10:35.016 DEBUG <mkdb.Backup> copy /home/game/server1/game_server/mkdb/dbdata/rolehook mbackup/20250428231035/dbdata
2025-04-28 23:10:35.016 DEBUG <mkdb.Backup> copy /home/game/server1/game_server/mkdb/dbdata/ldvideohislisttab mbackup/20250428231035/dbdata
2025-04-28 23:10:35.016 DEBUG <mkdb.Backup> copy /home/game/server1/game_server/mkdb/dbdata/petequips mbackup/20250428231035/dbdata
2025-04-28 23:10:35.016 DEBUG <mkdb.Backup> copy /home/game/server1/game_server/mkdb/dbdata/platorderhistroy mbackup/20250428231035/dbdata
2025-04-28 23:10:35.016 DEBUG <mkdb.Backup> copy /home/game/server1/game_server/mkdb/dbdata/yybfushi mbackup/20250428231035/dbdata
2025-04-28 23:10:35.016 DEBUG <mkdb.Backup> copy /home/game/server1/game_server/mkdb/dbdata/lianyunaward mbackup/20250428231035/dbdata
2025-04-28 23:10:35.016 DEBUG <mkdb.Backup> copy /home/game/server1/game_server/mkdb/dbdata/petrecover mbackup/20250428231035/dbdata
2025-04-28 23:10:35.016 DEBUG <mkdb.Backup> copy /home/game/server1/game_server/mkdb/dbdata/levelseal mbackup/20250428231035/dbdata
2025-04-28 23:10:35.016 DEBUG <mkdb.Backup> copy /home/game/server1/game_server/mkdb/dbdata/beginnertip mbackup/20250428231035/dbdata
2025-04-28 23:10:35.016 DEBUG <mkdb.Backup> copy /home/game/server1/game_server/mkdb/dbdata/bingfengroles mbackup/20250428231035/dbdata
2025-04-28 23:10:35.017 DEBUG <mkdb.Backup> copy /home/game/server1/game_server/mkdb/dbdata/roleid2liveskill mbackup/20250428231035/dbdata
2025-04-28 23:10:35.017 DEBUG <mkdb.Backup> copy /home/game/server1/game_server/mkdb/dbdata/chargeorder mbackup/20250428231035/dbdata
2025-04-28 23:10:35.017 DEBUG <mkdb.Backup> copy /home/game/server1/game_server/mkdb/dbdata/regtbl mbackup/20250428231035/dbdata
2025-04-28 23:10:35.017 DEBUG <mkdb.Backup> copy /home/game/server1/game_server/mkdb/dbdata/missioncameras mbackup/20250428231035/dbdata
2025-04-28 23:10:35.017 DEBUG <mkdb.Backup> copy /home/game/server1/game_server/mkdb/dbdata/professionleaderfightdata mbackup/20250428231035/dbdata
2025-04-28 23:10:35.017 DEBUG <mkdb.Backup> copy /home/game/server1/game_server/mkdb/dbdata/rolespaces mbackup/20250428231035/dbdata
2025-04-28 23:10:35.017 DEBUG <mkdb.Backup> copy /home/game/server1/game_server/mkdb/dbdata/role2impexam mbackup/20250428231035/dbdata
2025-04-28 23:10:35.017 DEBUG <mkdb.Backup> copy /home/game/server1/game_server/mkdb/dbdata/payplatform mbackup/20250428231035/dbdata
2025-04-28 23:10:35.017 DEBUG <mkdb.Backup> copy /home/game/server1/game_server/mkdb/dbdata/instanceturngroups mbackup/20250428231035/dbdata
2025-04-28 23:10:35.018 DEBUG <mkdb.Backup> copy /home/game/server1/game_server/mkdb/dbdata/huobanvips mbackup/20250428231035/dbdata
2025-04-28 23:10:35.018 DEBUG <mkdb.Backup> copy /home/game/server1/game_server/mkdb/dbdata/rolequitstatistics mbackup/20250428231035/dbdata
2025-04-28 23:10:35.018 DEBUG <mkdb.Backup> copy /home/game/server1/game_server/mkdb/dbdata/pettab mbackup/20250428231035/dbdata
2025-04-28 23:10:35.018 DEBUG <mkdb.Backup> copy /home/game/server1/game_server/mkdb/dbdata/roleidclan mbackup/20250428231035/dbdata
2025-04-28 23:10:35.018 DEBUG <mkdb.Backup> copy /home/game/server1/game_server/mkdb/dbdata/clanzonghelist mbackup/20250428231035/dbdata
2025-04-28 23:10:35.018 DEBUG <mkdb.Backup> copy /home/game/server1/game_server/mkdb/dbdata/ticketiteminfo mbackup/20250428231035/dbdata
2025-04-28 23:10:35.018 DEBUG <mkdb.Backup> copy /home/game/server1/game_server/mkdb/dbdata/fushinum mbackup/20250428231035/dbdata
2025-04-28 23:10:35.018 DEBUG <mkdb.Backup> copy /home/game/server1/game_server/mkdb/dbdata/compensation mbackup/20250428231035/dbdata
2025-04-28 23:10:35.018 DEBUG <mkdb.Backup> copy /home/game/server1/game_server/mkdb/dbdata/huobanzhenrongs mbackup/20250428231035/dbdata
2025-04-28 23:10:35.018 DEBUG <mkdb.Backup> copy /home/game/server1/game_server/mkdb/dbdata/rolesplayactive mbackup/20250428231035/dbdata
2025-04-28 23:10:35.019 DEBUG <mkdb.Backup> copy /home/game/server1/game_server/mkdb/dbdata/broadcastmsgtab mbackup/20250428231035/dbdata
2025-04-28 23:10:35.019 DEBUG <mkdb.Backup> copy /home/game/server1/game_server/mkdb/dbdata/compensationroles mbackup/20250428231035/dbdata
2025-04-28 23:10:35.019 DEBUG <mkdb.Backup> copy /home/game/server1/game_server/mkdb/dbdata/changeschool mbackup/20250428231035/dbdata
2025-04-28 23:10:35.019 DEBUG <mkdb.Backup> copy /home/game/server1/game_server/mkdb/dbdata/rolepetsellcount mbackup/20250428231035/dbdata
2025-04-28 23:10:35.019 DEBUG <mkdb.Backup> copy /home/game/server1/game_server/mkdb/dbdata/clanfightbattlefield mbackup/20250428231035/dbdata
2025-04-28 23:10:35.019 DEBUG <mkdb.Backup> copy /home/game/server1/game_server/mkdb/dbdata/roletradinghisrecordlisttab mbackup/20250428231035/dbdata
2025-04-28 23:10:35.019 DEBUG <mkdb.Backup> copy /home/game/server1/game_server/mkdb/dbdata/awarditemlimit mbackup/20250428231035/dbdata
2025-04-28 23:10:35.019 DEBUG <mkdb.Backup> copy /home/game/server1/game_server/mkdb/dbdata/usercompensation mbackup/20250428231035/dbdata
2025-04-28 23:10:35.019 DEBUG <mkdb.Backup> copy /home/game/server1/game_server/mkdb/dbdata/rolereceiveredpackrecordtab mbackup/20250428231035/dbdata
2025-04-28 23:10:35.019 DEBUG <mkdb.Backup> copy /home/game/server1/game_server/mkdb/dbdata/roleid2worldredpacksendtotal mbackup/20250428231035/dbdata
2025-04-28 23:10:35.020 DEBUG <mkdb.Backup> copy /home/game/server1/game_server/mkdb/dbdata/yybchargeorder mbackup/20250428231035/dbdata
2025-04-28 23:10:35.020 DEBUG <mkdb.Backup> copy /home/game/server1/game_server/mkdb/dbdata/pet mbackup/20250428231035/dbdata
2025-04-28 23:10:35.020 DEBUG <mkdb.Backup> copy /home/game/server1/game_server/mkdb/dbdata/pvp5scorelist mbackup/20250428231035/dbdata
2025-04-28 23:10:35.020 DEBUG <mkdb.Backup> copy /home/game/server1/game_server/mkdb/dbdata/rolemuldayloginreward mbackup/20250428231035/dbdata
2025-04-28 23:10:35.020 DEBUG <mkdb.Backup> copy /home/game/server1/game_server/mkdb/dbdata/marketpet mbackup/20250428231035/dbdata
2025-04-28 23:10:35.020 DEBUG <mkdb.Backup> copy /home/game/server1/game_server/mkdb/dbdata/blackmarketpettab mbackup/20250428231035/dbdata
2025-04-28 23:10:35.020 DEBUG <mkdb.Backup> copy /home/game/server1/game_server/mkdb/dbdata/runeinfotab mbackup/20250428231035/dbdata
2025-04-28 23:10:35.020 DEBUG <mkdb.Backup> copy /home/game/server1/game_server/mkdb/dbdata/rolezonghelist mbackup/20250428231035/dbdata
2025-04-28 23:10:35.020 DEBUG <mkdb.Backup> copy /home/game/server1/game_server/mkdb/dbdata/roleid2chargereturnprofit mbackup/20250428231035/dbdata
2025-04-28 23:10:35.020 DEBUG <mkdb.Backup> copy /home/game/server1/game_server/mkdb/dbdata/redpackinfoviewlisttab mbackup/20250428231035/dbdata
2025-04-28 23:10:35.020 DEBUG <mkdb.Backup> copy /home/game/server1/game_server/mkdb/dbdata/rolenumfornewserver mbackup/20250428231035/dbdata
2025-04-28 23:10:35.020 DEBUG <mkdb.Backup> copy /home/game/server1/game_server/mkdb/dbdata/rolerecruitaward mbackup/20250428231035/dbdata
2025-04-28 23:10:35.021 DEBUG <mkdb.Backup> copy /home/game/server1/game_server/mkdb/dbdata/wheelitemlimit mbackup/20250428231035/dbdata
2025-04-28 23:10:35.021 DEBUG <mkdb.Backup> copy /home/game/server1/game_server/mkdb/dbdata/blackmarkettab mbackup/20250428231035/dbdata
2025-04-28 23:10:35.021 DEBUG <mkdb.Backup> copy /home/game/server1/game_server/mkdb/dbdata/activitytable mbackup/20250428231035/dbdata
2025-04-28 23:10:35.021 DEBUG <mkdb.Backup> copy /home/game/server1/game_server/mkdb/dbdata/rolerollcard mbackup/20250428231035/dbdata
2025-04-28 23:10:35.021 DEBUG <mkdb.Backup> copy /home/game/server1/game_server/mkdb/dbdata/roleid2clanfightid mbackup/20250428231035/dbdata
2025-04-28 23:10:35.021 DEBUG <mkdb.Backup> copy /home/game/server1/game_server/mkdb/dbdata/anyemaxituan mbackup/20250428231035/dbdata
2025-04-28 23:10:35.021 DEBUG <mkdb.Backup> copy /home/game/server1/game_server/mkdb/dbdata/marketattentiongoodstab mbackup/20250428231035/dbdata
2025-04-28 23:10:35.021 DEBUG <mkdb.Backup> copy /home/game/server1/game_server/mkdb/dbdata/rolelevellist mbackup/20250428231035/dbdata
2025-04-28 23:10:35.022 DEBUG <mkdb.Backup> copy /home/game/server1/game_server/mkdb/dbdata/dailyrecharge mbackup/20250428231035/dbdata
2025-04-28 23:10:35.023 DEBUG <mkdb.Backup> copy /home/game/server1/game_server/mkdb/dbdata/normaltab mbackup/20250428231035/dbdata
2025-04-28 23:10:35.023 DEBUG <mkdb.Backup> copy /home/game/server1/game_server/mkdb/dbdata/preselltab mbackup/20250428231035/dbdata
2025-04-28 23:10:35.023 DEBUG <mkdb.Backup> copy /home/game/server1/game_server/mkdb/dbdata/roleinstancetask mbackup/20250428231035/dbdata
2025-04-28 23:10:35.023 DEBUG <mkdb.Backup> copy /home/game/server1/game_server/mkdb/dbdata/roletradingrecordstab mbackup/20250428231035/dbdata
2025-04-28 23:10:35.023 DEBUG <mkdb.Backup> copy /home/game/server1/game_server/mkdb/dbdata/_sys_ mbackup/20250428231035/dbdata
2025-04-28 23:10:35.023 DEBUG <mkdb.Backup> copy /home/game/server1/game_server/mkdb/dbdata/professionleadercandidates mbackup/20250428231035/dbdata
2025-04-28 23:10:35.023 DEBUG <mkdb.Backup> copy /home/game/server1/game_server/mkdb/dbdata/roleid2professionleadertickets mbackup/20250428231035/dbdata
2025-04-28 23:10:35.023 DEBUG <mkdb.Backup> copy /home/game/server1/game_server/mkdb/dbdata/questbag mbackup/20250428231035/dbdata
2025-04-28 23:10:35.023 DEBUG <mkdb.Backup> copy /home/game/server1/game_server/mkdb/dbdata/claninstances mbackup/20250428231035/dbdata
2025-04-28 23:10:35.023 DEBUG <mkdb.Backup> copy /home/game/server1/game_server/mkdb/dbdata/yaoqianshutables mbackup/20250428231035/dbdata
2025-04-28 23:10:35.023 DEBUG <mkdb.Backup> copy /home/game/server1/game_server/mkdb/dbdata/firstchargenew mbackup/20250428231035/dbdata
2025-04-28 23:10:35.023 DEBUG <mkdb.Backup> copy /home/game/server1/game_server/mkdb/dbdata/triggerroles mbackup/20250428231035/dbdata
2025-04-28 23:10:35.024 DEBUG <mkdb.Backup> copy /home/game/server1/game_server/mkdb/dbdata/clans mbackup/20250428231035/dbdata
2025-04-28 23:10:35.024 DEBUG <mkdb.Backup> copy /home/game/server1/game_server/mkdb/dbdata/rolerenxingdata mbackup/20250428231035/dbdata
2025-04-28 23:10:35.024 DEBUG <mkdb.Backup> copy /home/game/server1/game_server/mkdb/dbdata/activeroletable mbackup/20250428231035/dbdata
2025-04-28 23:10:35.024 DEBUG <mkdb.Backup> copy /home/game/server1/game_server/mkdb/dbdata/roleuseitemcount mbackup/20250428231035/dbdata
2025-04-28 23:10:35.025 DEBUG <mkdb.Backup> copy /home/game/server1/game_server/mkdb/dbdata/activeusertable mbackup/20250428231035/dbdata
2025-04-28 23:10:35.025 DEBUG <mkdb.Backup> copy /home/game/server1/game_server/mkdb/dbdata/takebackmarketcontainertab mbackup/20250428231035/dbdata
2025-04-28 23:10:35.025 DEBUG <mkdb.Backup> copy /home/game/server1/game_server/mkdb/dbdata/depot mbackup/20250428231035/dbdata
2025-04-28 23:10:35.025 DEBUG <mkdb.Backup> copy /home/game/server1/game_server/mkdb/dbdata/friendgivenum mbackup/20250428231035/dbdata
2025-04-28 23:10:35.025 DEBUG <mkdb.Backup> copy /home/game/server1/game_server/mkdb/dbdata/majorscenariomission mbackup/20250428231035/dbdata
2025-04-28 23:10:35.025 DEBUG <mkdb.Backup> copy /home/game/server1/game_server/mkdb/dbdata/rolename2key mbackup/20250428231035/dbdata
2025-04-28 23:10:35.026 DEBUG <mkdb.Backup> copy /home/game/server1/game_server/mkdb/dbdata/rolekaibaoxiang mbackup/20250428231035/dbdata
2025-04-28 23:10:35.026 DEBUG <mkdb.Backup> copy /home/game/server1/game_server/mkdb/dbdata/livedieroleinfotab mbackup/20250428231035/dbdata
2025-04-28 23:10:35.026 DEBUG <mkdb.Backup> copy /home/game/server1/game_server/mkdb/dbdata/itemrecover mbackup/20250428231035/dbdata
2025-04-28 23:10:35.026 DEBUG <mkdb.Backup> copy /home/game/server1/game_server/mkdb/dbdata/commitedmission mbackup/20250428231035/dbdata
2025-04-28 23:10:35.026 DEBUG <mkdb.Backup> copy /home/game/server1/game_server/mkdb/dbdata/clanranklist mbackup/20250428231035/dbdata
2025-04-28 23:10:35.027 DEBUG <mkdb.Backup> copy /home/game/server1/game_server/mkdb/dbdata/orderidtab mbackup/20250428231035/dbdata
2025-04-28 23:10:35.027 DEBUG <mkdb.Backup> copy /home/game/server1/game_server/mkdb/dbdata/roleredpackrecordtab mbackup/20250428231035/dbdata
2025-04-28 23:10:35.027 DEBUG <mkdb.Backup> copy /home/game/server1/game_server/mkdb/dbdata/redpacklist mbackup/20250428231035/dbdata
2025-04-28 23:10:35.027 DEBUG <mkdb.Backup> copy /home/game/server1/game_server/mkdb/dbdata/servicesets mbackup/20250428231035/dbdata
2025-04-28 23:10:35.027 DEBUG <mkdb.Backup> copy /home/game/server1/game_server/mkdb/dbdata/itemrecyclebin mbackup/20250428231035/dbdata
2025-04-28 23:10:35.027 DEBUG <mkdb.Backup> copy /home/game/server1/game_server/mkdb/dbdata/markettradelogtab mbackup/20250428231035/dbdata
2025-04-28 23:10:35.027 DEBUG <mkdb.Backup> copy /home/game/server1/game_server/mkdb/dbdata/clanfightracelist mbackup/20250428231035/dbdata
2025-04-28 23:10:35.027 DEBUG <mkdb.Backup> copy /home/game/server1/game_server/mkdb/dbdata/userdeviceinfotab mbackup/20250428231035/dbdata
2025-04-28 23:10:35.027 DEBUG <mkdb.Backup> copy /home/game/server1/game_server/mkdb/dbdata/rolesplayactiveweek mbackup/20250428231035/dbdata
2025-04-28 23:10:35.027 DEBUG <mkdb.Backup> copy /home/game/server1/game_server/mkdb/dbdata/rolesfestivaldata mbackup/20250428231035/dbdata
2025-04-28 23:10:35.027 DEBUG <mkdb.Backup> copy /home/game/server1/game_server/mkdb/dbdata/friends mbackup/20250428231035/dbdata
2025-04-28 23:10:35.027 DEBUG <mkdb.Backup> copy /home/game/server1/game_server/mkdb/dbdata/market mbackup/20250428231035/dbdata
2025-04-28 23:10:35.027 DEBUG <mkdb.Backup> copy /home/game/server1/game_server/mkdb/dbdata/chargehistory mbackup/20250428231035/dbdata
2025-04-28 23:10:35.028 DEBUG <mkdb.Backup> copy /home/game/server1/game_server/mkdb/dbdata/roleposes mbackup/20250428231035/dbdata
2025-04-28 23:10:35.028 DEBUG <mkdb.Backup> copy /home/game/server1/game_server/mkdb/dbdata/roletimernpcinfos mbackup/20250428231035/dbdata
2025-04-28 23:10:35.028 DEBUG <mkdb.Backup> copy /home/game/server1/game_server/mkdb/dbdata/fushirecordtable mbackup/20250428231035/dbdata
2025-04-28 23:10:35.028 DEBUG <mkdb.Backup> copy /home/game/server1/game_server/mkdb/dbdata/instancezones mbackup/20250428231035/dbdata
2025-04-28 23:10:35.028 DEBUG <mkdb.Backup> copy /home/game/server1/game_server/mkdb/dbdata/livedie2key mbackup/20250428231035/dbdata
2025-04-28 23:10:35.028 DEBUG <mkdb.Backup> copy /home/game/server1/game_server/mkdb/dbdata/roleapplyclantab mbackup/20250428231035/dbdata
2025-04-28 23:10:35.028 DEBUG <mkdb.Backup> copy /home/game/server1/game_server/mkdb/dbdata/daycounter mbackup/20250428231035/dbdata
2025-04-28 23:10:35.028 DEBUG <mkdb.Backup> copy /home/game/server1/game_server/mkdb/dbdata/roleid2weekgiverecegift mbackup/20250428231035/dbdata
2025-04-28 23:10:35.028 DEBUG <mkdb.Backup> copy /home/game/server1/game_server/mkdb/dbdata/rolepingbirolesinfos mbackup/20250428231035/dbdata
2025-04-28 23:10:35.028 DEBUG <mkdb.Backup> copy /home/game/server1/game_server/mkdb/dbdata/redpackroleinfolisttab mbackup/20250428231035/dbdata
2025-04-28 23:10:35.028 DEBUG <mkdb.Backup> copy /home/game/server1/game_server/mkdb/dbdata/winnerscore mbackup/20250428231035/dbdata
2025-04-28 23:10:35.028 DEBUG <mkdb.Backup> copy /home/game/server1/game_server/mkdb/dbdata/clanprogressranklist mbackup/20250428231035/dbdata
2025-04-28 23:10:35.029 DEBUG <mkdb.Backup> copy /home/game/server1/game_server/mkdb/dbdata/tablekeynum mbackup/20250428231035/dbdata
2025-04-28 23:10:35.029 DEBUG <mkdb.Backup> copy /home/game/server1/game_server/mkdb/dbdata/invitepeopleinfo mbackup/20250428231035/dbdata
2025-04-28 23:10:35.029 DEBUG <mkdb.Backup> copy /home/game/server1/game_server/mkdb/dbdata/skillroles mbackup/20250428231035/dbdata
2025-04-28 23:10:35.029 DEBUG <mkdb.Backup> copy /home/game/server1/game_server/mkdb/dbdata/roleid2clanfightstatistics mbackup/20250428231035/dbdata
2025-04-28 23:10:35.029 DEBUG <mkdb.Backup> copy /home/game/server1/game_server/mkdb/dbdata/rolesafelock mbackup/20250428231035/dbdata
2025-04-28 23:10:35.029 DEBUG <mkdb.Backup> copy /home/game/server1/game_server/mkdb/dbdata/uniquepets mbackup/20250428231035/dbdata
2025-04-28 23:10:35.029 DEBUG <mkdb.Backup> copy /home/game/server1/game_server/mkdb/dbdata/petscorelist mbackup/20250428231035/dbdata
2025-04-28 23:10:35.029 DEBUG <mkdb.Backup> copy /home/game/server1/game_server/mkdb/dbdata/rolecircletask mbackup/20250428231035/dbdata
2025-04-28 23:10:35.029 DEBUG <mkdb.Backup> copy /home/game/server1/game_server/mkdb/dbdata/modnameitemroles mbackup/20250428231035/dbdata
2025-04-28 23:10:35.029 DEBUG <mkdb.Backup> copy /home/game/server1/game_server/mkdb/dbdata/failedchargeorder mbackup/20250428231035/dbdata
2025-04-28 23:10:35.029 DEBUG <mkdb.Backup> copy /home/game/server1/game_server/mkdb/dbdata/trackedmission mbackup/20250428231035/dbdata
2025-04-28 23:10:35.030 DEBUG <mkdb.Backup> copy /home/game/server1/game_server/mkdb/dbdata/roleclanpoint mbackup/20250428231035/dbdata
2025-04-28 23:10:35.030 DEBUG <mkdb.Backup> copy /home/game/server1/game_server/mkdb/dbdata/offlinemsg mbackup/20250428231035/dbdata
2025-04-28 23:10:35.030 DEBUG <mkdb.Backup> copy /home/game/server1/game_server/mkdb/dbdata/temp mbackup/20250428231035/dbdata
2025-04-28 23:10:35.030 DEBUG <mkdb.Backup> copy /home/game/server1/game_server/mkdb/dbdata/pvp3roles mbackup/20250428231035/dbdata
2025-04-28 23:10:35.030 DEBUG <mkdb.Backup> copy /home/game/server1/game_server/mkdb/dbdata/helpcount mbackup/20250428231035/dbdata
2025-04-28 23:10:35.030 DEBUG <mkdb.Backup> copy /home/game/server1/game_server/mkdb/dbdata/itemrecycleidx mbackup/20250428231035/dbdata
2025-04-28 23:10:35.030 DEBUG <mkdb.Backup> copy /home/game/server1/game_server/mkdb/dbdata/impexamstatetbl mbackup/20250428231035/dbdata
2025-04-28 23:10:35.030 DEBUG <mkdb.Backup> copy /home/game/server1/game_server/mkdb/dbdata/roledaypay mbackup/20250428231035/dbdata
2025-04-28 23:10:35.030 DEBUG <mkdb.Backup> copy /home/game/server1/game_server/mkdb/dbdata/vipinfo mbackup/20250428231035/dbdata
2025-04-28 23:10:35.030 DEBUG <mkdb.Backup> copy /home/game/server1/game_server/mkdb/dbdata/serviceinfos mbackup/20250428231035/dbdata
2025-04-28 23:10:35.030 DEBUG <mkdb.Backup> copy /home/game/server1/game_server/mkdb/dbdata/receflowerlist mbackup/20250428231035/dbdata
2025-04-28 23:10:35.031 DEBUG <mkdb.Backup> copy /home/game/server1/game_server/mkdb/dbdata/srredpacknumlisttab mbackup/20250428231035/dbdata
2025-04-28 23:10:35.031 DEBUG <mkdb.Backup> copy /home/game/server1/game_server/mkdb/dbdata/wheelprogress mbackup/20250428231035/dbdata
2025-04-28 23:10:35.031 DEBUG <mkdb.Backup> copy /home/game/server1/game_server/mkdb/dbdata/equip mbackup/20250428231035/dbdata
2025-04-28 23:10:35.031 DEBUG <mkdb.Backup> copy /home/game/server1/game_server/mkdb/dbdata/rolebestow mbackup/20250428231035/dbdata
2025-04-28 23:10:35.031 DEBUG <mkdb.Backup> copy /home/game/server1/game_server/mkdb/dbdata/giveflowerlist mbackup/20250428231035/dbdata
2025-04-28 23:10:35.031 DEBUG <mkdb.Backup> copy /home/game/server1/game_server/mkdb/dbdata/accusationinfos mbackup/20250428231035/dbdata
2025-04-28 23:10:35.031 DEBUG <mkdb.Backup> copy /home/game/server1/game_server/mkdb/dbdata/user mbackup/20250428231035/dbdata
2025-04-28 23:10:35.031 DEBUG <mkdb.Backup> copy /home/game/server1/game_server/mkdb/dbdata/properties mbackup/20250428231035/dbdata
2025-04-28 23:10:35.031 DEBUG <mkdb.Backup> copy /home/game/server1/game_server/mkdb/dbdata/roletasks mbackup/20250428231035/dbdata
2025-04-28 23:10:35.031 DEBUG <mkdb.Backup> copy /home/game/server1/game_server/mkdb/dbdata/appstoretidstatus mbackup/20250428231035/dbdata
2025-04-28 23:10:35.032 DEBUG <mkdb.Backup> copy /home/game/server1/game_server/mkdb/dblogs/log.680f2d6c mbackup/20250428231035/dblogs
2025-04-28 23:10:35.040 WARN  <mkdb.Backup> backup FULL end
2025-04-28 23:10:46.116 INFO  <mkdb.Checkpoint> ---------------- begin ----------------
2025-04-28 23:10:46.117 INFO  <mkdb.Checkpoint> marshalN=1/0
2025-04-28 23:10:46.117 INFO  <mkdb.Checkpoint> snapshot=0 marshal0=0
2025-04-28 23:10:46.118 INFO  <mkdb.Checkpoint> flush=0
2025-04-28 23:10:46.118 INFO  <mkdb.Checkpoint> ----------------- end -----------------
2025-04-28 23:11:19.091 DEBUG <mkdb.Worker.scheduled.52> mkio.send type=65542 class=gnet.link.Broadcast this=(786439,B8,0,),size=17
2025-04-28 23:11:46.186 INFO  <mkdb.Checkpoint> ---------------- begin ----------------
2025-04-28 23:11:46.186 INFO  <mkdb.Checkpoint> marshalN=1/0
2025-04-28 23:11:46.187 INFO  <mkdb.Checkpoint> snapshot=0 marshal0=0
2025-04-28 23:11:46.188 INFO  <mkdb.Checkpoint> flush=0
2025-04-28 23:11:46.188 INFO  <mkdb.Checkpoint> ----------------- end -----------------
2025-04-28 23:12:46.252 INFO  <mkdb.Checkpoint> ---------------- begin ----------------
2025-04-28 23:12:46.252 INFO  <mkdb.Checkpoint> marshalN=1/0
2025-04-28 23:12:46.253 INFO  <mkdb.Checkpoint> snapshot=0 marshal0=0
2025-04-28 23:12:46.254 INFO  <mkdb.Checkpoint> flush=0
2025-04-28 23:12:46.254 INFO  <mkdb.Checkpoint> ----------------- end -----------------
2025-04-28 23:13:46.315 INFO  <mkdb.Checkpoint> ---------------- begin ----------------
2025-04-28 23:13:46.315 INFO  <mkdb.Checkpoint> marshalN=1/0
2025-04-28 23:13:46.315 INFO  <mkdb.Checkpoint> snapshot=0 marshal0=0
2025-04-28 23:13:46.316 INFO  <mkdb.Checkpoint> flush=0
2025-04-28 23:13:46.316 INFO  <mkdb.Checkpoint> ----------------- end -----------------
2025-04-28 23:13:49.091 DEBUG <mkdb.Worker.scheduled.52> mkio.send type=65542 class=gnet.link.Broadcast this=(786439,B8,0,),size=17
2025-04-28 23:14:46.374 INFO  <mkdb.Checkpoint> ---------------- begin ----------------
2025-04-28 23:14:46.374 INFO  <mkdb.Checkpoint> marshalN=1/0
2025-04-28 23:14:46.375 INFO  <mkdb.Checkpoint> snapshot=0 marshal0=0
2025-04-28 23:14:46.376 INFO  <mkdb.Checkpoint> flush=0
2025-04-28 23:14:46.376 INFO  <mkdb.Checkpoint> ----------------- end -----------------
2025-04-28 23:15:46.447 INFO  <mkdb.Checkpoint> ---------------- begin ----------------
2025-04-28 23:15:46.447 INFO  <mkdb.Checkpoint> marshalN=1/0
2025-04-28 23:15:46.448 INFO  <mkdb.Checkpoint> snapshot=0 marshal0=0
2025-04-28 23:15:46.448 INFO  <mkdb.Checkpoint> flush=0
2025-04-28 23:15:46.448 INFO  <mkdb.Checkpoint> ----------------- end -----------------
2025-04-28 23:16:19.091 DEBUG <mkdb.Worker.scheduled.15> mkio.send type=65542 class=gnet.link.Broadcast this=(786439,B8,0,),size=17
2025-04-28 23:16:46.507 INFO  <mkdb.Checkpoint> ---------------- begin ----------------
2025-04-28 23:16:46.507 INFO  <mkdb.Checkpoint> marshalN=1/0
2025-04-28 23:16:46.508 INFO  <mkdb.Checkpoint> snapshot=0 marshal0=0
2025-04-28 23:16:46.509 INFO  <mkdb.Checkpoint> flush=0
2025-04-28 23:16:46.509 INFO  <mkdb.Checkpoint> ----------------- end -----------------
2025-04-28 23:17:46.563 INFO  <mkdb.Checkpoint> ---------------- begin ----------------
2025-04-28 23:17:46.563 INFO  <mkdb.Checkpoint> marshalN=1/0
2025-04-28 23:17:46.564 INFO  <mkdb.Checkpoint> snapshot=0 marshal0=0
2025-04-28 23:17:46.565 INFO  <mkdb.Checkpoint> flush=0
2025-04-28 23:17:46.566 INFO  <mkdb.Checkpoint> ----------------- end -----------------
2025-04-28 23:18:46.631 INFO  <mkdb.Checkpoint> ---------------- begin ----------------
2025-04-28 23:18:46.632 INFO  <mkdb.Checkpoint> marshalN=1/0
2025-04-28 23:18:46.632 INFO  <mkdb.Checkpoint> snapshot=0 marshal0=0
2025-04-28 23:18:46.633 INFO  <mkdb.Checkpoint> flush=0
2025-04-28 23:18:46.633 INFO  <mkdb.Checkpoint> ----------------- end -----------------
2025-04-28 23:18:49.091 DEBUG <mkdb.Worker.scheduled.52> mkio.send type=65542 class=gnet.link.Broadcast this=(786439,B8,0,),size=17
2025-04-28 23:19:46.696 INFO  <mkdb.Checkpoint> ---------------- begin ----------------
2025-04-28 23:19:46.696 INFO  <mkdb.Checkpoint> marshalN=1/0
2025-04-28 23:19:46.696 INFO  <mkdb.Checkpoint> snapshot=0 marshal0=0
2025-04-28 23:19:46.697 INFO  <mkdb.Checkpoint> flush=0
2025-04-28 23:19:46.697 INFO  <mkdb.Checkpoint> ----------------- end -----------------
2025-04-28 23:20:46.755 INFO  <mkdb.Checkpoint> ---------------- begin ----------------
2025-04-28 23:20:46.756 INFO  <mkdb.Checkpoint> marshalN=1/0
2025-04-28 23:20:46.756 INFO  <mkdb.Checkpoint> snapshot=0 marshal0=0
2025-04-28 23:20:46.757 INFO  <mkdb.Checkpoint> flush=0
2025-04-28 23:20:46.757 INFO  <mkdb.Checkpoint> ----------------- end -----------------
2025-04-28 23:21:19.091 DEBUG <mkdb.Worker.scheduled.51> mkio.send type=65542 class=gnet.link.Broadcast this=(786439,B8,0,),size=17
2025-04-28 23:21:46.819 INFO  <mkdb.Checkpoint> ---------------- begin ----------------
2025-04-28 23:21:46.819 INFO  <mkdb.Checkpoint> marshalN=1/0
2025-04-28 23:21:46.820 INFO  <mkdb.Checkpoint> snapshot=0 marshal0=0
2025-04-28 23:21:46.820 INFO  <mkdb.Checkpoint> flush=0
2025-04-28 23:21:46.820 INFO  <mkdb.Checkpoint> ----------------- end -----------------
2025-04-28 23:22:46.883 INFO  <mkdb.Checkpoint> ---------------- begin ----------------
2025-04-28 23:22:46.884 INFO  <mkdb.Checkpoint> marshalN=1/0
2025-04-28 23:22:46.884 INFO  <mkdb.Checkpoint> snapshot=0 marshal0=0
2025-04-28 23:22:46.885 INFO  <mkdb.Checkpoint> flush=0
2025-04-28 23:22:46.885 INFO  <mkdb.Checkpoint> ----------------- end -----------------
2025-04-28 23:23:46.940 INFO  <mkdb.Checkpoint> ---------------- begin ----------------
2025-04-28 23:23:46.940 INFO  <mkdb.Checkpoint> marshalN=1/0
2025-04-28 23:23:46.941 INFO  <mkdb.Checkpoint> snapshot=0 marshal0=0
2025-04-28 23:23:46.941 INFO  <mkdb.Checkpoint> flush=0
2025-04-28 23:23:46.942 INFO  <mkdb.Checkpoint> ----------------- end -----------------
2025-04-28 23:23:49.091 DEBUG <mkdb.Worker.scheduled.45> mkio.send type=65542 class=gnet.link.Broadcast this=(786439,B8,0,),size=17
2025-04-28 23:24:47.001 INFO  <mkdb.Checkpoint> ---------------- begin ----------------
2025-04-28 23:24:47.001 INFO  <mkdb.Checkpoint> marshalN=1/0
2025-04-28 23:24:47.002 INFO  <mkdb.Checkpoint> snapshot=0 marshal0=0
2025-04-28 23:24:47.002 INFO  <mkdb.Checkpoint> flush=0
2025-04-28 23:24:47.002 INFO  <mkdb.Checkpoint> ----------------- end -----------------
2025-04-28 23:25:47.057 INFO  <mkdb.Checkpoint> ---------------- begin ----------------
2025-04-28 23:25:47.057 INFO  <mkdb.Checkpoint> marshalN=1/0
2025-04-28 23:25:47.058 INFO  <mkdb.Checkpoint> snapshot=0 marshal0=0
2025-04-28 23:25:47.058 INFO  <mkdb.Checkpoint> flush=0
2025-04-28 23:25:47.058 INFO  <mkdb.Checkpoint> ----------------- end -----------------
2025-04-28 23:26:19.091 DEBUG <mkdb.Worker.scheduled.15> mkio.send type=65542 class=gnet.link.Broadcast this=(786439,B8,0,),size=17
2025-04-28 23:26:47.113 INFO  <mkdb.Checkpoint> ---------------- begin ----------------
2025-04-28 23:26:47.114 INFO  <mkdb.Checkpoint> marshalN=1/0
2025-04-28 23:26:47.114 INFO  <mkdb.Checkpoint> snapshot=0 marshal0=0
2025-04-28 23:26:47.115 INFO  <mkdb.Checkpoint> flush=0
2025-04-28 23:26:47.115 INFO  <mkdb.Checkpoint> ----------------- end -----------------
2025-04-28 23:27:47.186 INFO  <mkdb.Checkpoint> ---------------- begin ----------------
2025-04-28 23:27:47.186 INFO  <mkdb.Checkpoint> marshalN=1/0
2025-04-28 23:27:47.187 INFO  <mkdb.Checkpoint> snapshot=0 marshal0=0
2025-04-28 23:27:47.187 INFO  <mkdb.Checkpoint> flush=0
2025-04-28 23:27:47.187 INFO  <mkdb.Checkpoint> ----------------- end -----------------
2025-04-28 23:28:47.243 INFO  <mkdb.Checkpoint> ---------------- begin ----------------
2025-04-28 23:28:47.243 INFO  <mkdb.Checkpoint> marshalN=1/0
2025-04-28 23:28:47.244 INFO  <mkdb.Checkpoint> snapshot=0 marshal0=0
2025-04-28 23:28:47.244 INFO  <mkdb.Checkpoint> flush=0
2025-04-28 23:28:47.244 INFO  <mkdb.Checkpoint> ----------------- end -----------------
2025-04-28 23:28:49.091 DEBUG <mkdb.Worker.scheduled.52> mkio.send type=65542 class=gnet.link.Broadcast this=(786439,B8,0,),size=17
2025-04-28 23:29:47.312 INFO  <mkdb.Checkpoint> ---------------- begin ----------------
2025-04-28 23:29:47.312 INFO  <mkdb.Checkpoint> marshalN=1/0
2025-04-28 23:29:47.313 INFO  <mkdb.Checkpoint> snapshot=0 marshal0=0
2025-04-28 23:29:47.313 INFO  <mkdb.Checkpoint> flush=0
2025-04-28 23:29:47.313 INFO  <mkdb.Checkpoint> ----------------- end -----------------
2025-04-28 23:30:47.385 INFO  <mkdb.Checkpoint> ---------------- begin ----------------
2025-04-28 23:30:47.385 INFO  <mkdb.Checkpoint> marshalN=1/0
2025-04-28 23:30:47.386 INFO  <mkdb.Checkpoint> snapshot=0 marshal0=0
2025-04-28 23:30:47.388 INFO  <mkdb.Checkpoint> flush=0
2025-04-28 23:30:47.388 INFO  <mkdb.Checkpoint> ----------------- end -----------------
2025-04-28 23:31:19.091 DEBUG <mkdb.Worker.scheduled.15> mkio.send type=65542 class=gnet.link.Broadcast this=(786439,B8,0,),size=17
2025-04-28 23:31:47.459 INFO  <mkdb.Checkpoint> ---------------- begin ----------------
2025-04-28 23:31:47.459 INFO  <mkdb.Checkpoint> marshalN=1/0
2025-04-28 23:31:47.460 INFO  <mkdb.Checkpoint> snapshot=0 marshal0=0
2025-04-28 23:31:47.461 INFO  <mkdb.Checkpoint> flush=0
2025-04-28 23:31:47.461 INFO  <mkdb.Checkpoint> ----------------- end -----------------
2025-04-28 23:32:47.526 INFO  <mkdb.Checkpoint> ---------------- begin ----------------
2025-04-28 23:32:47.526 INFO  <mkdb.Checkpoint> marshalN=1/0
2025-04-28 23:32:47.527 INFO  <mkdb.Checkpoint> snapshot=0 marshal0=0
2025-04-28 23:32:47.528 INFO  <mkdb.Checkpoint> flush=0
2025-04-28 23:32:47.528 INFO  <mkdb.Checkpoint> ----------------- end -----------------
2025-04-28 23:33:47.595 INFO  <mkdb.Checkpoint> ---------------- begin ----------------
2025-04-28 23:33:47.595 INFO  <mkdb.Checkpoint> marshalN=1/0
2025-04-28 23:33:47.596 INFO  <mkdb.Checkpoint> snapshot=0 marshal0=0
2025-04-28 23:33:47.596 INFO  <mkdb.Checkpoint> flush=0
2025-04-28 23:33:47.596 INFO  <mkdb.Checkpoint> ----------------- end -----------------
2025-04-28 23:33:49.091 DEBUG <mkdb.Worker.scheduled.51> mkio.send type=65542 class=gnet.link.Broadcast this=(786439,B8,0,),size=17
2025-04-28 23:34:47.664 INFO  <mkdb.Checkpoint> ---------------- begin ----------------
2025-04-28 23:34:47.664 INFO  <mkdb.Checkpoint> marshalN=1/0
2025-04-28 23:34:47.665 INFO  <mkdb.Checkpoint> snapshot=0 marshal0=0
2025-04-28 23:34:47.666 INFO  <mkdb.Checkpoint> flush=0
2025-04-28 23:34:47.666 INFO  <mkdb.Checkpoint> ----------------- end -----------------
2025-04-28 23:35:47.730 INFO  <mkdb.Checkpoint> ---------------- begin ----------------
2025-04-28 23:35:47.730 INFO  <mkdb.Checkpoint> marshalN=1/0
2025-04-28 23:35:47.731 INFO  <mkdb.Checkpoint> snapshot=0 marshal0=0
2025-04-28 23:35:47.732 INFO  <mkdb.Checkpoint> flush=0
2025-04-28 23:35:47.732 INFO  <mkdb.Checkpoint> ----------------- end -----------------
2025-04-28 23:36:19.091 DEBUG <mkdb.Worker.scheduled.18> mkio.send type=65542 class=gnet.link.Broadcast this=(786439,B8,0,),size=17
2025-04-28 23:36:47.795 INFO  <mkdb.Checkpoint> ---------------- begin ----------------
2025-04-28 23:36:47.796 INFO  <mkdb.Checkpoint> marshalN=1/0
2025-04-28 23:36:47.796 INFO  <mkdb.Checkpoint> snapshot=0 marshal0=0
2025-04-28 23:36:47.797 INFO  <mkdb.Checkpoint> flush=0
2025-04-28 23:36:47.797 INFO  <mkdb.Checkpoint> ----------------- end -----------------
2025-04-28 23:37:47.856 INFO  <mkdb.Checkpoint> ---------------- begin ----------------
2025-04-28 23:37:47.856 INFO  <mkdb.Checkpoint> marshalN=1/0
2025-04-28 23:37:47.857 INFO  <mkdb.Checkpoint> snapshot=0 marshal0=0
2025-04-28 23:37:47.857 INFO  <mkdb.Checkpoint> flush=0
2025-04-28 23:37:47.858 INFO  <mkdb.Checkpoint> ----------------- end -----------------
2025-04-28 23:38:47.916 INFO  <mkdb.Checkpoint> ---------------- begin ----------------
2025-04-28 23:38:47.917 INFO  <mkdb.Checkpoint> marshalN=1/0
2025-04-28 23:38:47.917 INFO  <mkdb.Checkpoint> snapshot=0 marshal0=0
2025-04-28 23:38:47.918 INFO  <mkdb.Checkpoint> flush=0
2025-04-28 23:38:47.918 INFO  <mkdb.Checkpoint> ----------------- end -----------------
2025-04-28 23:38:49.091 DEBUG <mkdb.Worker.scheduled.15> mkio.send type=65542 class=gnet.link.Broadcast this=(786439,B8,0,),size=17
2025-04-28 23:39:47.989 INFO  <mkdb.Checkpoint> ---------------- begin ----------------
2025-04-28 23:39:47.989 INFO  <mkdb.Checkpoint> marshalN=1/0
2025-04-28 23:39:47.990 INFO  <mkdb.Checkpoint> snapshot=0 marshal0=0
2025-04-28 23:39:47.990 INFO  <mkdb.Checkpoint> flush=0
2025-04-28 23:39:47.991 INFO  <mkdb.Checkpoint> ----------------- end -----------------
2025-04-28 23:40:48.048 INFO  <mkdb.Checkpoint> ---------------- begin ----------------
2025-04-28 23:40:48.048 INFO  <mkdb.Checkpoint> marshalN=1/0
2025-04-28 23:40:48.048 INFO  <mkdb.Checkpoint> snapshot=0 marshal0=0
2025-04-28 23:40:48.049 INFO  <mkdb.Checkpoint> flush=0
2025-04-28 23:40:48.049 INFO  <mkdb.Checkpoint> ----------------- end -----------------
2025-04-28 23:41:19.091 DEBUG <mkdb.Worker.scheduled.52> mkio.send type=65542 class=gnet.link.Broadcast this=(786439,B8,0,),size=17
2025-04-28 23:41:48.112 INFO  <mkdb.Checkpoint> ---------------- begin ----------------
2025-04-28 23:41:48.112 INFO  <mkdb.Checkpoint> marshalN=1/0
2025-04-28 23:41:48.112 INFO  <mkdb.Checkpoint> snapshot=0 marshal0=0
2025-04-28 23:41:48.113 INFO  <mkdb.Checkpoint> flush=0
2025-04-28 23:41:48.113 INFO  <mkdb.Checkpoint> ----------------- end -----------------
2025-04-28 23:42:48.175 INFO  <mkdb.Checkpoint> ---------------- begin ----------------
2025-04-28 23:42:48.175 INFO  <mkdb.Checkpoint> marshalN=1/0
2025-04-28 23:42:48.176 INFO  <mkdb.Checkpoint> snapshot=0 marshal0=0
2025-04-28 23:42:48.177 INFO  <mkdb.Checkpoint> flush=0
2025-04-28 23:42:48.177 INFO  <mkdb.Checkpoint> ----------------- end -----------------
2025-04-28 23:43:39.765 DEBUG <mkio.Engine.1> protocol type:211,size:50
2025-04-28 23:43:39.765 DEBUG <mkio.Engine.1> mkio.Protocol execute type=211 class=gnet.UserInfoRep this=(1,0,0,0,-642904037,0,[],0,2,B22,)
2025-04-28 23:43:39.802 DEBUG <mkio.Engine.2> protocol type:65541,size:13
2025-04-28 23:43:39.802 DEBUG <mkio.Engine.2> mkio.Protocol execute type=786433 class=fire.pb.CRoleList this=()
2025-04-28 23:43:39.803 DEBUG <mkdb.Worker..22> mkio.send type=1 class=mkdb.util.UniqName$Exist this=((activeuser:1:1), 0),size=33
2025-04-28 23:43:39.841 DEBUG <mkio.Engine.3> protocol type:1,size:8
2025-04-28 23:43:39.841 DEBUG <mkio.Engine.3> mkio.Rpc.response with submit type=1 class=mkdb.util.UniqName$Exist this=((activeuser:1:1), 5)
23:43:39.841 [mkdb.Worker..22] ERROR SYSTEM - User登录 UserId = 1 linksid= 15
2025-04-28 23:43:39.842 DEBUG <mkdb.Worker..22> mkio.send type=65543 class=gnet.link.SetLogin this=(15,1,-1,),size=16
2025-04-28 23:43:39.842 DEBUG <mkdb.Worker..22> mkio.send type=65540 class=gnet.link.Send this=([15],786516,B1,),size=11
2025-04-28 23:43:39.842 DEBUG <mkdb.Worker.procedure.40> mkio.send type=786434 class=fire.pb.SRoleList this=(4097,1,[(4097,T3,24,8,101,{1=0, 50=101, 51=201, 6=601, 7=0, 60=0},0,)],1,),size=80
2025-04-28 23:43:39.842 DEBUG <mkdb.Worker.procedure.40> mkio.send type=65540 class=gnet.link.Send this=([15],786434,B80,),size=91
2025-04-28 23:43:39.912 DEBUG <mkio.Engine.2> protocol type:65541,size:185
2025-04-28 23:43:39.912 DEBUG <mkio.Engine.2> mkio.Protocol execute type=786514 class=fire.pb.CNotifyDeviceInfo this=([(T6,T0,), (T4,T9,), (T6,T17,), (T4,T0,), (T8,T0,), (T5,T0,), (T8,T1,), (T9,T0,)],)
2025-04-28 23:43:39.913 DEBUG <mkdb.Worker.procedure.35> mkio.send type=65540 class=gnet.link.Send this=([15],786515,B27,),size=37
2025-04-28 23:43:40.606 DEBUG <mkio.Engine.2> protocol type:65541,size:25
23:43:40.607 [EnterWorldThread] ERROR SYSTEM - roleId=4097 insert linksid = 15 userid=1
23:43:40.607 [EnterWorldThread] ERROR SYSTEM - roleid=4097 CEnterWorld: 已经加入。
2025-04-28 23:43:40.613 DEBUG <mkdb.Worker.procedure.33> mkio.send type=786438 class=fire.pb.SEnterWorld this=((4097,T3,0,101,24,8,-1,1745851491611,1688,1688,1688,1095,239,1095,462,0,60,150,1000,687,0,455,24,425,0,0,24,100,1050,0,1000.0,1000.0,500.0,24,200,2520,(136,99,247,102,99,{1=38, 2=0, 3=0},{1=0, 2=0, 3=0},{1=152, 2=0, 3=0},{1=0, 2=0, 3=0},{1=0, 2=0, 3=0},),{1=315, 2=500, 3=500},1,0,0,0,2135500,304409185,-1,8,[(500326,18,T3,59,1,0,0,0,1895,1895,997,997,988,535,483,311,528,0,(30,30,30,30,30,),(89,89,325,89,89,),59,0,0,0,0,0,0,0,417768,1737,1192,6215,2516,1393,0,1408.0,-1,4,[(207210,0,0,0,), (207225,0,0,0,), (206028,0,0,0,), (206063,0,0,0,), (206026,0,0,0,), (207228,0,0,0,), (206062,0,0,0,)],{},0,0,4097,T3,2,1,0,{},0,25,0,0,0,4696,0,0,0,0,0,[],0,), (900003,7,T5,69,1,0,0,0,1737,1737,3068,3068,454,602,388,860,710,0,(30,30,30,30,30,),(99,444,99,99,99,),0,0,5,0,0,0,0,0,571368,1550,1400,4800,2600,1400,0,1180.0,-1,4,[(207202,0,0,0,), (206046,0,0,0,), (206045,0,0,0,), (206053,0,0,0,), (206006,0,0,0,), (206030,0,0,0,)],{},0,0,4097,T3,12,1,0,{},0,25,0,0,0,3275,0,1002,2002,0,0,[],0,), (900005,8,T4,69,1,0,0,0,1737,1737,1032,1032,1105,602,388,331,580,0,(30,30,30,30,30,),(99,99,444,99,99,),0,0,0,5,0,0,0,0,571368,1550,1400,4800,2600,1400,0,1180.0,-1,4,[(207204,0,0,0,), (206051,0,0,0,), (206038,0,0,0,), (206053,0,0,0,), (206032,0,0,0,), (206005,0,0,0,)],{},0,0,4097,T3,13,1,0,{},0,25,0,0,0,3255,0,0,0,0,0,[],0,), (520502,14,T3,69,55,0,0,0,4314,4314,835,835,313,526,236,272,447,0,(42,11,14,15,18,),(456,80,83,84,87,),0,5,0,0,0,0,0,0,571368,974,1327,4256,2300,581,0,1096.0,10000,2,[(207002,0,0,0,), (206026,0,0,0,)],{},0,0,4097,T3,0,1,0,{},0,25,0,0,0,1786,0,0,0,0,0,[],0,)],{1=1, 2=125, 3=1, 4=1, 5=100, 6=0, 7=1, 8=1, 9=1, 10=0, 11=0, 12=1, 13=1, 14=1, 15=1, 16=1, 17=0, 18=0, 19=0, 20=1, 21=0, 22=1, 23=0, 24=0, 25=0, 26=0, 27=0, 28=0, 29=0, 30=0, 31=0, 32=0, 33=0, 34=1, 35=0, 36=1, 37=0, 38=1, 39=0, 40=0, 41=1, 42=0, 43=0, 44=0, 45=1, 46=1, 47=0, 48=0},{89=0, 99=0, 69=0, 109=0, 79=0},{},{},{1=0, 50=101, 51=201, 6=601, 7=0, 60=0},0,0,0,0,0,7,0,0,0,0,0,0,0,{1=({1=802564400, 2=9954999, 107=5, 108=5, 13=0, 110=20},100,[(336010,16,65,15,2,0,0,-1,0,), (337942,16,67,26,1,0,0,-1,0,), (310102,16,68,14,5,0,0,-1,0,), (910410,16,5,3,1,0,0,-1,0,), (311022,0,69,13,1,0,0,-1,0,), (40008,16,70,16,10,0,0,-1,0,), (40009,16,71,17,10,0,0,-1,0,), (40010,16,72,18,10,0,0,-1,0,), (40011,16,73,19,10,0,0,-1,0,), (910910,16,10,8,1,0,0,-1,0,), (710054,16,76,22,19,0,0,-1,0,), (801010,16,77,11,1,0,0,-1,0,), (910210,16,14,1,1,0,0,-1,0,), (710055,16,78,23,1,0,0,-1,0,), (910510,16,16,4,1,0,0,-1,0,), (680101,0,80,27,8,0,0,-1,0,), (680231,0,81,29,99,0,0,-1,0,), (680131,0,82,28,69,0,0,-1,0,), (910810,16,19,7,1,0,0,-1,0,), (259005,16,84,10,1,0,0,-1,0,), (710004,16,85,31,1,0,0,-1,0,), (680741,16,86,32,2,0,0,-1,0,), (680739,16,87,33,1,0,0,-1,0,), (680755,16,88,34,1,0,0,-1,0,), (680743,16,89,35,1,0,0,-1,0,), (680744,16,90,36,2,0,0,-1,0,), (680735,16,91,37,1,0,0,-1,0,), (680734,16,92,38,1,0,0,-1,0,), (680727,16,93,39,1,0,0,-1,0,), (911010,16,36,9,1,0,0,-1,0,), (910610,16,39,5,1,0,0,-1,0,), (910310,16,40,2,1,0,0,-1,0,), (331005,16,43,20,3,0,0,-1,0,), (35002,16,44,12,1,0,0,-1,0,), (339002,0,46,24,40,0,0,-1,0,), (910710,16,49,6,1,0,0,-1,0,), (910110,16,50,0,1,0,0,-1,0,), (259000,16,52,21,17,0,0,-1,0,), (337943,16,56,25,6,0,0,-1,0,), (680700,0,57,30,6,0,0,-1,0,)],), 3=({},50,[(912010,16,21,16,1,0,0,-1,0,), (700101,16,22,15,1,0,0,-1,0,), (803003,16,23,8,1,0,0,-1,0,)],), 4=({},15,[],), 5=({},25,[(50357,16,1,0,1,0,0,-1,0,)],)},1745515880059,{},),),size=4229
2025-04-28 23:43:40.613 DEBUG <mkdb.Worker.procedure.33> mkio.send type=65540 class=gnet.link.Send this=([15],786438,B4229,),size=4240
2025-04-28 23:43:40.615 DEBUG <mkdb.Worker.procedure.33> mkio.send type=786439 class=fire.pb.SGameTime this=(1745855020615,),size=8
2025-04-28 23:43:40.615 DEBUG <mkdb.Worker.procedure.33> mkio.send type=65540 class=gnet.link.Send this=([15],786439,B8,),size=18
2025-04-28 23:43:40.620 DEBUG <mkdb.Worker.procedure.33> mkio.send type=786529 class=fire.pb.SServerIDResponse this=(1000000001,),size=4
2025-04-28 23:43:40.620 DEBUG <mkdb.Worker.procedure.33> mkio.send type=65540 class=gnet.link.Send this=([15],786529,B4,),size=14
2025-04-28 23:43:40.630 DEBUG <mkdb.Worker.procedure.33> mkio.send type=805445 class=fire.pb.mission.SAcceptMission this=((500801,3,0,0,0,),),size=24
2025-04-28 23:43:40.630 DEBUG <mkdb.Worker.procedure.33> mkio.send type=65540 class=gnet.link.Send this=([15],805445,B24,),size=34
2025-04-28 23:43:40.630 DEBUG <mkdb.Worker.procedure.33> mkio.send type=805445 class=fire.pb.mission.SAcceptMission this=((501101,3,0,0,0,),),size=24
2025-04-28 23:43:40.630 DEBUG <mkdb.Worker.procedure.33> mkio.send type=65540 class=gnet.link.Send this=([15],805445,B24,),size=34
2025-04-28 23:43:40.630 DEBUG <mkdb.Worker.procedure.33> mkio.send type=805445 class=fire.pb.mission.SAcceptMission this=((500201,3,0,0,0,),),size=24
2025-04-28 23:43:40.630 DEBUG <mkdb.Worker.procedure.33> mkio.send type=65540 class=gnet.link.Send this=([15],805445,B24,),size=34
2025-04-28 23:43:40.630 DEBUG <mkdb.Worker.procedure.33> mkio.send type=805445 class=fire.pb.mission.SAcceptMission this=((500301,3,0,0,0,),),size=24
2025-04-28 23:43:40.630 DEBUG <mkdb.Worker.procedure.33> mkio.send type=65540 class=gnet.link.Send this=([15],805445,B24,),size=34
2025-04-28 23:43:40.630 DEBUG <mkdb.Worker.procedure.33> mkio.send type=805445 class=fire.pb.mission.SAcceptMission this=((500501,3,0,0,0,),),size=24
2025-04-28 23:43:40.630 DEBUG <mkdb.Worker.procedure.33> mkio.send type=65540 class=gnet.link.Send this=([15],805445,B24,),size=34
2025-04-28 23:43:40.630 DEBUG <mkdb.Worker.procedure.33> mkio.send type=805445 class=fire.pb.mission.SAcceptMission this=((500602,3,0,0,0,),),size=24
2025-04-28 23:43:40.630 DEBUG <mkdb.Worker.procedure.33> mkio.send type=65540 class=gnet.link.Send this=([15],805445,B24,),size=34
2025-04-28 23:43:40.630 DEBUG <mkdb.Worker.procedure.33> mkio.send type=805445 class=fire.pb.mission.SAcceptMission this=((500701,3,0,0,0,),),size=24
2025-04-28 23:43:40.630 DEBUG <mkdb.Worker.procedure.33> mkio.send type=65540 class=gnet.link.Send this=([15],805445,B24,),size=34
2025-04-28 23:43:40.631 DEBUG <mkdb.Worker.procedure.33> mkio.send type=805445 class=fire.pb.mission.SAcceptMission this=((180103,3,0,0,0,),),size=24
2025-04-28 23:43:40.631 DEBUG <mkdb.Worker.procedure.33> mkio.send type=65540 class=gnet.link.Send this=([15],805445,B24,),size=34
2025-04-28 23:43:40.631 DEBUG <mkdb.Worker.procedure.33> mkio.send type=805461 class=fire.pb.mission.STrackedMissions this=({500501=(1745516020153,), 180103=(1745515911616,), 500801=(1745516020134,), 501101=(1745516020140,), 500301=(1745516020151,), 500701=(1745516020217,), 500602=(1745516020102,), 500201=(1745516020172,)},),size=97
2025-04-28 23:43:40.631 DEBUG <mkdb.Worker.procedure.33> mkio.send type=65540 class=gnet.link.Send this=([15],805461,B97,),size=108
2025-04-28 23:43:40.631 DEBUG <mkdb.Worker..29> mkio.send type=799432 class=fire.pb.attr.SRefreshRoleData this=({960=0.0, 2130=0.0, 980=0.0, 950=0.0, 1000=0.0, 970=0.0, 2140=0.0, 990=0.0},),size=65
2025-04-28 23:43:40.631 DEBUG <mkdb.Worker..29> mkio.send type=65540 class=gnet.link.Send this=([15],799432,B65,),size=76
2025-04-28 23:43:40.631 DEBUG <mkdb.Worker..29> mkio.send type=812442 class=fire.pb.fushi.SReqFushiNum this=(9862276,0,0,),size=12
2025-04-28 23:43:40.631 DEBUG <mkdb.Worker..29> mkio.send type=65540 class=gnet.link.Send this=([15],812442,B12,),size=22
2025-04-28 23:43:40.631 DEBUG <mkdb.Worker..29> mkio.send type=812688 class=fire.pb.fushi.monthcard.SMonthCard this=(1746287999528,1,),size=12
2025-04-28 23:43:40.631 DEBUG <mkdb.Worker..29> mkio.send type=65540 class=gnet.link.Send this=([15],812688,B12,),size=22
2025-04-28 23:43:40.631 DEBUG <mkdb.Worker..29> mkio.send type=812461 class=fire.pb.fushi.SRefreshChargeState this=(1,0,),size=8
2025-04-28 23:43:40.631 DEBUG <mkdb.Worker..29> mkio.send type=65540 class=gnet.link.Send this=([15],812461,B8,),size=18
2025-04-28 23:43:40.631 DEBUG <mkdb.Worker..29> mkio.send type=805457 class=fire.pb.mission.SReqMissionCanAccept this=([1030000, 1040000],),size=9
2025-04-28 23:43:40.631 DEBUG <mkdb.Worker..29> mkio.send type=65540 class=gnet.link.Send this=([15],805457,B9,),size=19
2025-04-28 23:43:40.631 DEBUG <mkdb.Worker..29> mkio.send type=807432 class=fire.pb.circletask.SRefreshSpecialQuest this=(1010000,4,1,0,1010003,1614,0,T0,0,50357,0,0,0,75,65,0,1,),size=73
2025-04-28 23:43:40.631 DEBUG <mkdb.Worker..29> mkio.send type=65540 class=gnet.link.Send this=([15],807432,B73,),size=84
2025-04-28 23:43:40.631 DEBUG <mkdb.Worker..29> mkio.send type=807454 class=fire.pb.circletask.anye.SRefreshAnYeData this=(0,0,[(0,2500302,4,4,4040102,1,0,0,1,1200,0,), (1,2500202,4,4,4040102,1,0,0,1,1200,0,), (2,2500104,5,4,521102,1,0,0,0,0,0,), (3,2500607,4,4,4040512,1,0,0,1,1200,0,), (4,2500808,9,4,0,0,0,160801,0,0,0,), (5,2500603,4,4,4040207,1,0,0,1,1200,0,), (6,2500103,5,4,521102,1,0,0,0,0,0,), (7,2500606,4,4,4040103,1,0,0,1,1200,0,)],0,0,0,0,999,),size=493
2025-04-28 23:43:40.631 DEBUG <mkdb.Worker..29> mkio.send type=65540 class=gnet.link.Send this=([15],807454,B493,),size=504
2025-04-28 23:43:40.631 DEBUG <mkdb.Worker..29> mkio.send type=786461 class=fire.pb.SShowedBeginnerTips this=([33150],2,),size=9
2025-04-28 23:43:40.631 DEBUG <mkdb.Worker..29> mkio.send type=65540 class=gnet.link.Send this=([15],786461,B9,),size=19
2025-04-28 23:43:40.631 DEBUG <mkdb.Worker..29> mkio.send type=787454 class=fire.pb.item.SGetItemTips this=(3,21,B90,),size=100
2025-04-28 23:43:40.632 DEBUG <mkdb.Worker..29> mkio.send type=65540 class=gnet.link.Send this=([15],787454,B100,),size=111
2025-04-28 23:43:40.632 DEBUG <mkdb.Worker..29> mkio.send type=787454 class=fire.pb.item.SGetItemTips this=(3,22,B74,),size=84
2025-04-28 23:43:40.632 DEBUG <mkdb.Worker..29> mkio.send type=65540 class=gnet.link.Send this=([15],787454,B84,),size=95
2025-04-28 23:43:40.632 DEBUG <mkdb.Worker..29> mkio.send type=787454 class=fire.pb.item.SGetItemTips this=(3,23,B90,),size=100
2025-04-28 23:43:40.632 DEBUG <mkdb.Worker..29> mkio.send type=65540 class=gnet.link.Send this=([15],787454,B100,),size=111
2025-04-28 23:43:40.632 DEBUG <mkdb.Worker..29> mkio.send type=787454 class=fire.pb.item.SGetItemTips this=(1,5,B90,),size=100
2025-04-28 23:43:40.632 DEBUG <mkdb.Worker..29> mkio.send type=65540 class=gnet.link.Send this=([15],787454,B100,),size=111
2025-04-28 23:43:40.632 DEBUG <mkdb.Worker..29> mkio.send type=787454 class=fire.pb.item.SGetItemTips this=(1,10,B90,),size=100
2025-04-28 23:43:40.632 DEBUG <mkdb.Worker..29> mkio.send type=65540 class=gnet.link.Send this=([15],787454,B100,),size=111
2025-04-28 23:43:40.632 DEBUG <mkdb.Worker..29> mkio.send type=787454 class=fire.pb.item.SGetItemTips this=(1,14,B90,),size=100
2025-04-28 23:43:40.632 DEBUG <mkdb.Worker..29> mkio.send type=65540 class=gnet.link.Send this=([15],787454,B100,),size=111
2025-04-28 23:43:40.632 DEBUG <mkdb.Worker..29> mkio.send type=787454 class=fire.pb.item.SGetItemTips this=(1,16,B90,),size=100
2025-04-28 23:43:40.632 DEBUG <mkdb.Worker..29> mkio.send type=65540 class=gnet.link.Send this=([15],787454,B100,),size=111
2025-04-28 23:43:40.632 DEBUG <mkdb.Worker..29> mkio.send type=787454 class=fire.pb.item.SGetItemTips this=(1,19,B90,),size=100
2025-04-28 23:43:40.632 DEBUG <mkdb.Worker..29> mkio.send type=65540 class=gnet.link.Send this=([15],787454,B100,),size=111
2025-04-28 23:43:40.632 DEBUG <mkdb.Worker..29> mkio.send type=787454 class=fire.pb.item.SGetItemTips this=(1,36,B90,),size=100
2025-04-28 23:43:40.632 DEBUG <mkdb.Worker..29> mkio.send type=65540 class=gnet.link.Send this=([15],787454,B100,),size=111
2025-04-28 23:43:40.632 DEBUG <mkdb.Worker..29> mkio.send type=787454 class=fire.pb.item.SGetItemTips this=(1,39,B90,),size=100
2025-04-28 23:43:40.632 DEBUG <mkdb.Worker..29> mkio.send type=65540 class=gnet.link.Send this=([15],787454,B100,),size=111
2025-04-28 23:43:40.632 DEBUG <mkdb.Worker..29> mkio.send type=787454 class=fire.pb.item.SGetItemTips this=(1,40,B90,),size=100
2025-04-28 23:43:40.632 DEBUG <mkdb.Worker..29> mkio.send type=65540 class=gnet.link.Send this=([15],787454,B100,),size=111
2025-04-28 23:43:40.632 DEBUG <mkdb.Worker..29> mkio.send type=787454 class=fire.pb.item.SGetItemTips this=(1,49,B90,),size=100
2025-04-28 23:43:40.632 DEBUG <mkdb.Worker..29> mkio.send type=65540 class=gnet.link.Send this=([15],787454,B100,),size=111
2025-04-28 23:43:40.632 DEBUG <mkdb.Worker..29> mkio.send type=787454 class=fire.pb.item.SGetItemTips this=(1,50,B90,),size=100
2025-04-28 23:43:40.632 DEBUG <mkdb.Worker..29> mkio.send type=65540 class=gnet.link.Send this=([15],787454,B100,),size=111
2025-04-28 23:43:40.632 DEBUG <mkdb.Worker..29> mkio.send type=787454 class=fire.pb.item.SGetItemTips this=(1,77,B90,),size=100
2025-04-28 23:43:40.632 DEBUG <mkdb.Worker..29> mkio.send type=65540 class=gnet.link.Send this=([15],787454,B100,),size=111
2025-04-28 23:43:40.632 DEBUG <mkdb.Worker..29> mkio.send type=786521 class=fire.pb.SServerLevel this=(72,1,),size=8
2025-04-28 23:43:40.632 DEBUG <mkdb.Worker..29> mkio.send type=65540 class=gnet.link.Send this=([15],786521,B8,),size=18
2025-04-28 23:43:40.633 DEBUG <mkdb.Worker..29> mkio.send type=787783 class=fire.pb.item.SRideUpdate this=(-1,912010,150,),size=12
2025-04-28 23:43:40.633 DEBUG <mkdb.Worker..29> mkio.send type=65540 class=gnet.link.Send this=([15],787783,B12,),size=22
2025-04-28 23:43:40.633 DEBUG <mkdb.Worker..29> mkio.send type=792437 class=fire.pb.talk.STransChatMessageNotify2Client this=(162031,0,[],),size=9
2025-04-28 23:43:40.633 DEBUG <mkdb.Worker..29> mkio.send type=65540 class=gnet.link.Send this=([15],792437,B9,),size=19
2025-04-28 23:43:40.633 ERROR <mkdb.Worker..29> Procedure.runTasks
java.lang.VerifyError: validator failed
	at fire.pb.title.SOnTitle1.marshal(SOnTitle1.java:46)
	at com.locojoy.base.Marshal.OctetsStream.marshal(Unknown Source)
	at gnet.link.Role.send(Role.java:69)
	at gnet.link.Onlines.send(Onlines.java:166)
	at mkdb.Procedure$SendToRole.run(Procedure.java:558)
	at mkdb.Procedure$Task.process(Procedure.java:280)
	at mkdb.Procedure.runLastTasks(Procedure.java:357)
	at mkdb.ProcedureFuture$1.run(ProcedureFuture.java:46)
	at java.util.concurrent.ThreadPoolExecutor.runWorker(ThreadPoolExecutor.java:1149)
	at java.util.concurrent.ThreadPoolExecutor$Worker.run(ThreadPoolExecutor.java:624)
	at java.lang.Thread.run(Thread.java:748)
	at mkdb.Worker.run(Worker.java:32)
23:43:40.634 [mkdb.Worker.procedure.39] ERROR TASK - 角色[4097]循环任务1010000状态是DONE或者UNDONE ！
2025-04-28 23:43:40.634 DEBUG <mkdb.Worker.procedure.39> mkio.send type=806433 class=fire.pb.friends.SFriendsInfoInit this=([((12289,T4,89,11,0,1,0,0,-1,T0,),1,), ((16385,T3,97,25,0,1,0,0,-1,T0,),1,)],100,0,),size=84
2025-04-28 23:43:40.634 DEBUG <mkdb.Worker.procedure.39> mkio.send type=65540 class=gnet.link.Send this=([15],806433,B84,),size=95
2025-04-28 23:43:40.635 DEBUG <MapMain> mkio.send type=790441 class=fire.pb.move.SRoleEnterScene this=(T0,(1744,1776,),0,516015,1615,-1,T0,),size=20
2025-04-28 23:43:40.635 DEBUG <MapMain> mkio.send type=65540 class=gnet.link.Send this=([15],790441,B20,),size=30
2025-04-28 23:43:40.635 DEBUG <mkdb.Worker..25> mkio.send type=786504 class=fire.pb.SSendLoginIp this=(-642904037,-642904037,1745851491611,),size=16
2025-04-28 23:43:40.635 DEBUG <mkdb.Worker..25> mkio.send type=65540 class=gnet.link.Send this=([15],786504,B16,),size=26
2025-04-28 23:43:40.635 DEBUG <mkdb.Worker..25> mkio.send type=808517 class=fire.pb.clan.SClanRedTip this=({1=0},),size=9
2025-04-28 23:43:40.635 DEBUG <mkdb.Worker..25> mkio.send type=65540 class=gnet.link.Send this=([15],808517,B9,),size=19
2025-04-28 23:43:40.635 DEBUG <mkdb.Worker..25> mkio.send type=807432 class=fire.pb.circletask.SRefreshSpecialQuest this=(1010000,4,1,0,1010003,1614,0,T0,0,50357,0,0,0,75,65,0,1,),size=73
2025-04-28 23:43:40.635 DEBUG <mkdb.Worker..25> mkio.send type=65540 class=gnet.link.Send this=([15],807432,B73,),size=84
2025-04-28 23:43:40.636 DEBUG <mkdb.Worker..22> mkio.send type=819144 class=fire.pb.pingbi.SBlackRoles this=([],),size=1
2025-04-28 23:43:40.636 DEBUG <mkdb.Worker..22> mkio.send type=65540 class=gnet.link.Send this=([15],819144,B1,),size=11
2025-04-28 23:43:40.636 DEBUG <mkdb.Worker..22> mkio.send type=787507 class=fire.pb.item.SGetTimeAward this=(2,0,),size=12
2025-04-28 23:43:40.637 DEBUG <mkdb.Worker..22> mkio.send type=65540 class=gnet.link.Send this=([15],787507,B12,),size=22
2025-04-28 23:43:40.640 DEBUG <mkdb.Worker..27> mkio.send type=812646 class=fire.pb.fushi.spotcheck.STradingOpenState this=(1,),size=1
2025-04-28 23:43:40.640 DEBUG <mkdb.Worker..27> mkio.send type=65540 class=gnet.link.Send this=([15],812646,B1,),size=11
2025-04-28 23:43:40.640 DEBUG <mkdb.Worker..22> mkio.send type=799436 class=fire.pb.attr.SRefreshRoleScore this=({1=15866, 2=14, 3=13012, 4=4696, 5=0, 6=0, 7=2854, 8=2840},),size=65
2025-04-28 23:43:40.640 DEBUG <mkdb.Worker..22> mkio.send type=65540 class=gnet.link.Send this=([15],799436,B65,),size=76
2025-04-28 23:43:40.643 DEBUG <mkdb.Worker.procedure.19> mkio.send type=792437 class=fire.pb.talk.STransChatMessageNotify2Client this=(150156,0,[octets.size=4, octets.size=10],),size=25
2025-04-28 23:43:40.643 DEBUG <mkdb.Worker.procedure.19> mkio.send type=65540 class=gnet.link.Send this=([15],792437,B25,),size=35
2025-04-28 23:43:40.645 DEBUG <mkdb.Worker..29> mkio.send type=810339 class=fire.pb.hook.SRefreshRoleHookBattleData this=((1,2,168001,2,207202,),),size=13
2025-04-28 23:43:40.645 DEBUG <mkdb.Worker..29> mkio.send type=65540 class=gnet.link.Send this=([15],810339,B13,),size=23
2025-04-28 23:43:40.645 DEBUG <mkdb.Worker..29> mkio.send type=792447 class=fire.pb.talk.SExpMessageTips this=(180001,34200,{},),size=13
2025-04-28 23:43:40.645 DEBUG <mkdb.Worker..29> mkio.send type=65540 class=gnet.link.Send this=([15],792447,B13,),size=23
2025-04-28 23:43:40.645 DEBUG <mkdb.Worker..29> mkio.send type=786445 class=fire.pb.SRefreshUserExp this=(2169700,),size=8
2025-04-28 23:43:40.645 DEBUG <mkdb.Worker..29> mkio.send type=65540 class=gnet.link.Send this=([15],786445,B8,),size=18
2025-04-28 23:43:40.645 DEBUG <mkdb.Worker.procedure.41> mkio.send type=818836 class=fire.pb.huoban.SZhenrongInfo this=(1,{0=(0,[28100, 28106, 28112, 28118],), 1=(0,[],)},),size=39
2025-04-28 23:43:40.645 DEBUG <mkdb.Worker.procedure.41> mkio.send type=65540 class=gnet.link.Send this=([15],818836,B39,),size=49
2025-04-28 23:43:40.645 DEBUG <mkdb.Worker.procedure.41> mkio.send type=818833 class=fire.pb.huoban.SHuobanList this=([(28100,0,0,1,), (28101,0,0,0,), (28102,0,0,0,), (28103,0,0,0,), (28104,0,0,0,), (28105,0,0,0,), (28106,0,0,1,), (28107,0,0,0,), (28108,0,0,0,), (28109,0,0,0,), (28110,0,0,0,), (28111,0,0,0,), (28112,0,0,1,), (28113,0,0,0,), (28114,0,0,0,), (28115,0,0,0,), (28116,0,0,0,), (28117,0,1,2,), (28118,0,0,1,), (28119,0,0,0,), (28120,0,0,0,), (28121,0,1,2,), (28122,0,0,0,), (28123,0,0,0,), (28124,0,0,0,), (28125,0,0,0,), (28126,0,0,0,)],),size=541
2025-04-28 23:43:40.645 DEBUG <mkdb.Worker.procedure.41> mkio.send type=65540 class=gnet.link.Send this=([15],818833,B541,),size=552
2025-04-28 23:43:40.645 DEBUG <mkdb.Worker..29> mkio.send type=806555 class=fire.pb.friends.SSendSystemMessageToRole this=(0,160116,[octets.size=4, octets.size=10],T19,),size=68
2025-04-28 23:43:40.645 DEBUG <mkdb.Worker..29> mkio.send type=65540 class=gnet.link.Send this=([15],806555,B68,),size=79
2025-04-28 23:43:40.645 DEBUG <mkdb.Worker..29> mkio.send type=810340 class=fire.pb.hook.SRefreshRoleHookExpData this=((800,0,2590200,),),size=12
2025-04-28 23:43:40.645 DEBUG <mkdb.Worker..29> mkio.send type=65540 class=gnet.link.Send this=([15],810340,B12,),size=22
2025-04-28 23:43:40.646 DEBUG <mkdb.Worker..29> mkio.send type=800447 class=fire.pb.skill.SSendInborns this=({2416=101, 2417=101, 2418=3, 2411=101, 2412=101, 2413=101, 2414=101, 2415=101},),size=65
2025-04-28 23:43:40.646 DEBUG <mkdb.Worker..29> mkio.send type=65540 class=gnet.link.Send this=([15],800447,B65,),size=76
2025-04-28 23:43:40.646 DEBUG <mkdb.Worker..29> mkio.send type=800489 class=fire.pb.skill.SUpdateExtSkill this=({},),size=1
2025-04-28 23:43:40.646 DEBUG <mkdb.Worker..29> mkio.send type=65540 class=gnet.link.Send this=([15],800489,B1,),size=11
2025-04-28 23:43:40.646 DEBUG <mkdb.Worker..29> mkio.send type=800443 class=fire.pb.skill.SSendSpecialSkills this=([],[441009],),size=6
2025-04-28 23:43:40.646 DEBUG <mkdb.Worker..29> mkio.send type=65540 class=gnet.link.Send this=([15],800443,B6,),size=16
2025-04-28 23:43:40.646 DEBUG <MapMain> mkio.send type=790437 class=fire.pb.move.SAddUserScreen this=([],[(64,161511,T4,(1304,1804,),0,(0,0,),140,3,0,0,{},), (67,161518,T6,(1356,819,),0,(0,0,),140,3,0,0,{},), (69,161512,T2,(2312,759,),0,(0,0,),140,5,0,0,{},), (71,161531,T7,(1792,422,),0,(0,0,),140,5,0,0,{},), (72,161520,T5,(2204,1132,),0,(0,0,),140,5,0,0,{},), (73,161519,T5,(1950,938,),0,(0,0,),140,5,0,0,{},), (74,221706,T5,(2460,1092,),0,(0,0,),140,3,0,0,{},), (75,221708,T5,(1362,1263,),0,(0,0,),140,5,0,0,{},), (77,260013,T3,(492,2250,),0,(0,0,),140,3,0,0,{},), (78,161501,T2,(1044,2172,),0,(0,0,),140,3,0,0,{},), (2147484495,183706,T4,(896,2400,),0,(0,0,),140,3,0,0,{},), (80,1615001,T4,(1960,2117,),0,(0,0,),140,3,0,0,{},), (81,1615002,T4,(2048,2060,),0,(0,0,),140,3,0,0,{},), (2147484498,183706,T4,(896,1776,),0,(0,0,),140,3,0,0,{},), (82,1615003,T5,(2124,1997,),0,(0,0,),140,3,0,0,{},), (83,1615004,T5,(2206,1943,),0,(0,0,),140,3,0,0,{},), (84,161536,T4,(1732,1509,),0,(0,0,),140,3,0,0,{},), (2147484500,183706,T4,(1584,2640,),0,(0,0,),140,3,0,0,{},), (2147484501,183706,T4,(2432,1856,),0,(0,0,),140,3,0,0,{},), (85,1615100,T5,(2302,1680,),0,(0,0,),140,3,0,0,{},), (2147484502,183706,T4,(2144,544,),0,(0,0,),140,3,0,0,{},), (86,1615101,T4,(1118,2138,),0,(0,0,),140,5,0,0,{},), (2147484503,183706,T4,(1424,176,),0,(0,0,),140,3,0,0,{},), (87,1615102,T2,(1010,2263,),0,(0,0,),140,1,0,0,{},), (2147484504,183706,T4,(1168,1872,),0,(0,0,),140,3,0,0,{},), (89,161525,T2,(968,1047,),0,(0,0,),140,5,0,0,{},), (90,170187,T2,(1780,1146,),0,(0,0,),140,3,7,0,{},), (91,170188,T3,(1592,1149,),0,(0,0,),140,3,8,0,{},), (2147484507,183706,T4,(1696,1264,),0,(0,0,),140,3,0,0,{},), (92,170189,T3,(1814,1007,),0,(0,0,),140,3,7,0,{},), (94,250299,T6,(1684,2044,),0,(0,0,),140,3,0,0,{},), (2147484510,183706,T4,(2032,1136,),0,(0,0,),140,3,0,0,{},), (59,161503,T4,(2572,1847,),0,(0,0,),140,5,0,0,{},), (60,161505,T3,(1628,2321,),0,(0,0,),140,5,0,0,{},), (62,161509,T3,(1898,1884,),0,(0,0,),140,7,0,0,{},), (63,161510,T3,(2408,1724,),0,(0,0,),140,5,0,0,{},)],),size=1690
2025-04-28 23:43:40.646 DEBUG <MapMain> mkio.send type=65540 class=gnet.link.Send this=([15],790437,B1690,),size=1701
2025-04-28 23:43:40.646 DEBUG <MapMain> mkio.send type=790437 class=fire.pb.move.SAddUserScreen this=([(B72,(1744,1776,),0,[],)],[],),size=82
2025-04-28 23:43:40.646 DEBUG <MapMain> mkio.send type=65540 class=gnet.link.Send this=([15],790437,B82,),size=93
2025-04-28 23:43:40.647 DEBUG <mkdb.Worker..25> mkio.send type=787731 class=fire.pb.item.SMulDayLogin this=(4,{1=0, 2=0, 3=0, 4=0},),size=53
2025-04-28 23:43:40.647 DEBUG <mkdb.Worker..25> mkio.send type=65540 class=gnet.link.Send this=([15],787731,B53,),size=63
2025-04-28 23:43:40.647 DEBUG <mkdb.Worker..27> mkio.send type=794475 class=fire.pb.team.SSetMyFormation this=(0,1,),size=8
2025-04-28 23:43:40.647 DEBUG <mkdb.Worker..27> mkio.send type=65540 class=gnet.link.Send this=([15],794475,B8,),size=18
2025-04-28 23:43:40.648 DEBUG <mkdb.Worker..27> mkio.send type=818839 class=fire.pb.huoban.SChangeZhenrong this=(1,0,[],1,),size=13
2025-04-28 23:43:40.648 DEBUG <mkdb.Worker..27> mkio.send type=65540 class=gnet.link.Send this=([15],818839,B13,),size=23
2025-04-28 23:43:40.648 DEBUG <mkdb.Worker..27> mkio.send type=786531 class=fire.pb.SAddPointAttrData this=(1688.0,1095.0,687.5,455.4,239.0,462.4,425.8,),size=28
2025-04-28 23:43:40.648 DEBUG <mkdb.Worker..27> mkio.send type=65540 class=gnet.link.Send this=([15],786531,B28,),size=38
2025-04-28 23:43:40.648 DEBUG <MapMain> mkio.send type=65540 class=gnet.link.Send this=([15],792437,B25,),size=35
2025-04-28 23:43:40.649 DEBUG <mkdb.Worker..27> mkio.send type=805486 class=fire.pb.mission.activelist.SActivityOpen this=(213,),size=4
2025-04-28 23:43:40.649 DEBUG <mkdb.Worker..27> mkio.send type=65540 class=gnet.link.Send this=([15],805486,B4,),size=14
2025-04-28 23:43:40.653 DEBUG <mkdb.Worker..22> mkio.send type=799436 class=fire.pb.attr.SRefreshRoleScore this=({1=15866, 2=14, 3=13012, 4=4696, 5=0, 6=0, 7=2854, 8=2840},),size=65
2025-04-28 23:43:40.653 DEBUG <mkdb.Worker..22> mkio.send type=65540 class=gnet.link.Send this=([15],799436,B65,),size=76
2025-04-28 23:43:40.654 DEBUG <mkdb.Worker..29> mkio.send type=799437 class=fire.pb.attr.SRefreshRoleCurrency this=({2=0, 3=0, 4=0, 5=0, 6=0, 9=0, 10=0},),size=85
2025-04-28 23:43:40.654 DEBUG <mkdb.Worker..29> mkio.send type=65540 class=gnet.link.Send this=([15],799437,B85,),size=96
2025-04-28 23:43:40.654 DEBUG <mkdb.Worker..20> mkio.send type=806683 class=fire.pb.friends.SSignList this=({},),size=1
2025-04-28 23:43:40.654 DEBUG <mkdb.Worker..20> mkio.send type=65540 class=gnet.link.Send this=([15],806683,B1,),size=11
2025-04-28 23:43:40.656 DEBUG <mkdb.Worker..20> mkio.send type=805457 class=fire.pb.mission.SReqMissionCanAccept this=([1030000, 1040000],),size=9
2025-04-28 23:43:40.656 DEBUG <mkdb.Worker..20> mkio.send type=65540 class=gnet.link.Send this=([15],805457,B9,),size=19
2025-04-28 23:43:40.656 DEBUG <mkdb.Worker..20> mkio.send type=795458 class=fire.pb.npc.SAttendImpExam this=(1,),size=4
2025-04-28 23:43:40.656 DEBUG <mkdb.Worker..20> mkio.send type=65540 class=gnet.link.Send this=([15],795458,B4,),size=14
2025-04-28 23:43:40.656 WARN  <mkdb.Worker.procedure.43> Procedure execute
java.lang.IllegalArgumentException: 任务id=500101配置有误
	at fire.pb.mission.RoleMission.checkOtherSpecailQuest(RoleMission.java:421)
	at fire.pb.mission.RoleMission.isTaskFinished(RoleMission.java:556)
	at fire.pb.mission.RoleMission._setTaskvalue(RoleMission.java:329)
	at fire.pb.mission.RoleMission.accept(RoleMission.java:158)
	at fire.pb.mission.PAcceptMajorMission$1.acceptExecute(PAcceptMajorMission.java:59)
	at fire.pb.mission.PMissionAccept.missionExecute(PMissionAccept.java:20)
	at fire.pb.mission.PMissionProc.process(PMissionProc.java:19)
	at mkdb.Procedure.call(Procedure.java:109)
	at fire.pb.mission.PAcceptMajorMission.missionExecute(PAcceptMajorMission.java:61)
	at fire.pb.mission.PMissionProc.process(PMissionProc.java:19)
	at mkdb.Procedure.call(Procedure.java:109)
	at fire.pb.mission.MissionColumn$2.process(MissionColumn.java:311)
	at mkdb.Procedure.call(Procedure.java:109)
	at mkdb.Transaction.perform(Transaction.java:279)
	at mkdb.ProcedureFuture.run(ProcedureFuture.java:80)
	at java.util.concurrent.Executors$RunnableAdapter.call(Executors.java:511)
	at java.util.concurrent.FutureTask.run(FutureTask.java:266)
	at java.util.concurrent.ThreadPoolExecutor.runWorker(ThreadPoolExecutor.java:1149)
	at java.util.concurrent.ThreadPoolExecutor$Worker.run(ThreadPoolExecutor.java:624)
	at java.lang.Thread.run(Thread.java:748)
	at mkdb.Worker.run(Worker.java:32)
23:43:40.657 [mkdb.Worker.procedure.43] ERROR TASK - 角色[4097]任务接取事物call失败:500101
2025-04-28 23:43:40.656 DEBUG <mkdb.Worker..20> mkio.send type=805486 class=fire.pb.mission.activelist.SActivityOpen this=(214,),size=4
2025-04-28 23:43:40.658 DEBUG <mkdb.Worker..20> mkio.send type=65540 class=gnet.link.Send this=([15],805486,B4,),size=14
2025-04-28 23:43:40.683 DEBUG <mkio.Engine.2> protocol type:65541,size:17
2025-04-28 23:43:40.683 DEBUG <mkio.Engine.2> mkio.Protocol execute type=807452 class=fire.pb.circletask.CQueryCircleTaskState this=(1050000,)
2025-04-28 23:43:40.683 DEBUG <mkdb.Worker..29> mkio.send type=807453 class=fire.pb.circletask.SQueryCircleTaskState this=(1050000,6,),size=8
2025-04-28 23:43:40.683 DEBUG <mkdb.Worker..29> mkio.send type=65540 class=gnet.link.Send this=([15],807453,B8,),size=18
2025-04-28 23:43:40.744 DEBUG <mkio.Engine.2> protocol type:65541,size:17
2025-04-28 23:43:40.744 DEBUG <mkio.Engine.2> mkio.Protocol execute type=810374 class=fire.pb.game.CLogPushToken this=(0,)
23:43:40.744 [mkdb.Worker.procedure.37] ERROR PUSH - 收到客户端推送消息, RoleId=4097, Token=0
2025-04-28 23:43:48.246 INFO  <mkdb.Checkpoint> ---------------- begin ----------------
2025-04-28 23:43:48.247 INFO  <mkdb.Checkpoint> marshalN=1/17
2025-04-28 23:43:48.248 INFO  <mkdb.Checkpoint> snapshot=17 marshal0=0
2025-04-28 23:43:48.249 INFO  <mkdb.Checkpoint> flush=17
2025-04-28 23:43:48.671 INFO  <mkdb.Checkpoint> checkpoint
2025-04-28 23:43:48.672 INFO  <mkdb.Checkpoint> ----------------- end -----------------
2025-04-28 23:43:48.706 DEBUG <mkio.Engine.2> protocol type:65541,size:25
2025-04-28 23:43:49.091 DEBUG <mkdb.Worker.scheduled.52> mkio.send type=65542 class=gnet.link.Broadcast this=(786439,B8,0,),size=17
2025-04-28 23:43:53.152 DEBUG <mkio.Engine.2> protocol type:65541,size:21
2025-04-28 23:43:53.153 DEBUG <mkio.Engine.2> mkio.Protocol execute type=787453 class=fire.pb.item.CGetItemTips this=(1,5,)
2025-04-28 23:43:53.154 DEBUG <mkdb.Worker..27> mkio.send type=65540 class=gnet.link.Send this=([15],787454,B100,),size=111
2025-04-28 23:43:53.208 DEBUG <mkio.Engine.2> protocol type:65541,size:21
2025-04-28 23:43:53.209 DEBUG <mkio.Engine.2> mkio.Protocol execute type=787453 class=fire.pb.item.CGetItemTips this=(1,10,)
2025-04-28 23:43:53.209 DEBUG <mkdb.Worker..20> mkio.send type=65540 class=gnet.link.Send this=([15],787454,B100,),size=111
2025-04-28 23:43:53.235 DEBUG <mkio.Engine.2> protocol type:65541,size:21
2025-04-28 23:43:53.235 DEBUG <mkio.Engine.2> mkio.Protocol execute type=787453 class=fire.pb.item.CGetItemTips this=(1,77,)
2025-04-28 23:43:53.235 DEBUG <mkio.Engine.2> protocol type:65541,size:21
2025-04-28 23:43:53.235 DEBUG <mkio.Engine.2> mkio.Protocol execute type=787453 class=fire.pb.item.CGetItemTips this=(1,14,)
2025-04-28 23:43:53.235 DEBUG <mkio.Engine.2> protocol type:65541,size:21
2025-04-28 23:43:53.235 DEBUG <mkio.Engine.2> mkio.Protocol execute type=787453 class=fire.pb.item.CGetItemTips this=(1,16,)
2025-04-28 23:43:53.236 DEBUG <mkdb.Worker..25> mkio.send type=65540 class=gnet.link.Send this=([15],787454,B100,),size=111
2025-04-28 23:43:53.237 DEBUG <mkdb.Worker..25> mkio.send type=65540 class=gnet.link.Send this=([15],787454,B100,),size=111
2025-04-28 23:43:53.237 DEBUG <mkdb.Worker..25> mkio.send type=65540 class=gnet.link.Send this=([15],787454,B100,),size=111
2025-04-28 23:43:53.268 DEBUG <mkio.Engine.2> protocol type:65541,size:21
2025-04-28 23:43:53.268 DEBUG <mkio.Engine.2> mkio.Protocol execute type=787453 class=fire.pb.item.CGetItemTips this=(1,19,)
2025-04-28 23:43:53.269 DEBUG <mkdb.Worker..27> mkio.send type=65540 class=gnet.link.Send this=([15],787454,B100,),size=111
2025-04-28 23:43:53.563 DEBUG <mkio.Engine.2> protocol type:65541,size:21
2025-04-28 23:43:53.563 DEBUG <mkio.Engine.2> mkio.Protocol execute type=787453 class=fire.pb.item.CGetItemTips this=(1,36,)
2025-04-28 23:43:53.564 DEBUG <mkdb.Worker..20> mkio.send type=65540 class=gnet.link.Send this=([15],787454,B100,),size=111
2025-04-28 23:43:53.587 DEBUG <mkio.Engine.2> protocol type:65541,size:21
2025-04-28 23:43:53.587 DEBUG <mkio.Engine.2> mkio.Protocol execute type=787453 class=fire.pb.item.CGetItemTips this=(1,39,)
2025-04-28 23:43:53.587 DEBUG <mkio.Engine.2> protocol type:65541,size:21
2025-04-28 23:43:53.587 DEBUG <mkio.Engine.2> mkio.Protocol execute type=787453 class=fire.pb.item.CGetItemTips this=(1,40,)
2025-04-28 23:43:53.588 DEBUG <mkdb.Worker..25> mkio.send type=65540 class=gnet.link.Send this=([15],787454,B100,),size=111
2025-04-28 23:43:53.588 DEBUG <mkdb.Worker..27> mkio.send type=65540 class=gnet.link.Send this=([15],787454,B100,),size=111
2025-04-28 23:43:53.692 DEBUG <mkio.Engine.2> protocol type:65541,size:21
2025-04-28 23:43:53.692 DEBUG <mkio.Engine.2> mkio.Protocol execute type=787453 class=fire.pb.item.CGetItemTips this=(1,49,)
2025-04-28 23:43:53.693 DEBUG <mkdb.Worker..29> mkio.send type=65540 class=gnet.link.Send this=([15],787454,B100,),size=111
2025-04-28 23:43:53.722 DEBUG <mkio.Engine.2> protocol type:65541,size:21
2025-04-28 23:43:53.722 DEBUG <mkio.Engine.2> mkio.Protocol execute type=787453 class=fire.pb.item.CGetItemTips this=(1,50,)
2025-04-28 23:43:53.723 DEBUG <mkdb.Worker..25> mkio.send type=65540 class=gnet.link.Send this=([15],787454,B100,),size=111
2025-04-28 23:43:53.774 DEBUG <mkio.Engine.2> protocol type:65541,size:21
2025-04-28 23:43:53.774 DEBUG <mkio.Engine.2> mkio.Protocol execute type=787453 class=fire.pb.item.CGetItemTips this=(3,21,)
2025-04-28 23:43:53.775 DEBUG <mkdb.Worker..20> mkio.send type=65540 class=gnet.link.Send this=([15],787454,B100,),size=111
2025-04-28 23:43:53.798 DEBUG <mkio.Engine.2> protocol type:65541,size:21
2025-04-28 23:43:53.798 DEBUG <mkio.Engine.2> mkio.Protocol execute type=787453 class=fire.pb.item.CGetItemTips this=(3,22,)
2025-04-28 23:43:53.798 DEBUG <mkio.Engine.2> protocol type:65541,size:21
2025-04-28 23:43:53.798 DEBUG <mkio.Engine.2> mkio.Protocol execute type=787453 class=fire.pb.item.CGetItemTips this=(3,23,)
2025-04-28 23:43:53.799 DEBUG <mkdb.Worker..25> mkio.send type=65540 class=gnet.link.Send this=([15],787454,B100,),size=111
2025-04-28 23:43:53.799 DEBUG <mkdb.Worker..27> mkio.send type=65540 class=gnet.link.Send this=([15],787454,B84,),size=95
2025-04-28 23:43:56.056 DEBUG <mkio.Engine.2> protocol type:65541,size:13
2025-04-28 23:43:56.056 DEBUG <mkio.Engine.2> mkio.Protocol execute type=812487 class=fire.pb.fushi.CRequestVipInfo this=()
2025-04-28 23:43:56.056 DEBUG <mkdb.Worker..27> mkio.send type=812489 class=fire.pb.fushi.SSendVipInfo this=(999,4,15,0,[],),size=17
2025-04-28 23:43:56.056 DEBUG <mkdb.Worker..27> mkio.send type=65540 class=gnet.link.Send this=([15],812489,B17,),size=27
2025-04-28 23:44:03.463 DEBUG <mkio.Engine.2> protocol type:65541,size:13
2025-04-28 23:44:03.463 DEBUG <mkio.Engine.2> mkio.Protocol execute type=812487 class=fire.pb.fushi.CRequestVipInfo this=()
2025-04-28 23:44:03.463 DEBUG <mkdb.Worker..27> mkio.send type=812489 class=fire.pb.fushi.SSendVipInfo this=(999,4,15,0,[],),size=17
2025-04-28 23:44:03.463 DEBUG <mkdb.Worker..27> mkio.send type=65540 class=gnet.link.Send this=([15],812489,B17,),size=27
2025-04-28 23:44:03.491 DEBUG <mkio.Engine.2> protocol type:65541,size:13
2025-04-28 23:44:03.492 DEBUG <mkio.Engine.2> mkio.Protocol execute type=819196 class=fire.pb.activity.exchangecode.CQQExchangeCodeStatus this=()
2025-04-28 23:44:03.492 DEBUG <mkio.Engine.2> protocol type:65541,size:13
2025-04-28 23:44:03.492 DEBUG <mkio.Engine.2> mkio.Protocol execute type=812483 class=fire.pb.fushi.CReqChargeRefundsInfo this=()
2025-04-28 23:44:03.492 DEBUG <mkio.Engine.2> protocol type:65541,size:13
2025-04-28 23:44:03.492 DEBUG <mkdb.Worker..20> mkio.send type=819197 class=fire.pb.activity.exchangecode.SQQExchangeCodeStatus this=(1,),size=4
2025-04-28 23:44:03.492 DEBUG <mkio.Engine.2> mkio.Protocol execute type=808518 class=fire.pb.clan.CRefreshRoleClan this=()
2025-04-28 23:44:03.492 DEBUG <mkio.Engine.2> protocol type:65541,size:13
2025-04-28 23:44:03.492 DEBUG <mkio.Engine.2> mkio.Protocol execute type=786558 class=fire.pb.CGetBindTel this=()
2025-04-28 23:44:03.492 DEBUG <mkdb.Worker..29> mkio.send type=8920 class=gnet.DataBetweenAuAnyAndGS this=(1,9001,2,B28,0,),size=42
2025-04-28 23:44:03.492 DEBUG <mkdb.Worker.procedure.39> mkio.send type=786559 class=fire.pb.SGetBindTel this=(0,1745515880059,0,0,0,0,),size=27
2025-04-28 23:44:03.492 DEBUG <mkdb.Worker.procedure.39> mkio.send type=65540 class=gnet.link.Send this=([15],786559,B27,),size=37
2025-04-28 23:44:03.492 DEBUG <mkdb.Worker..29> mkio.send type=808519 class=fire.pb.clan.SRefreshRoleClan this=(-1,T0,),size=9
2025-04-28 23:44:03.492 DEBUG <mkdb.Worker..29> mkio.send type=65540 class=gnet.link.Send this=([15],808519,B9,),size=19
2025-04-28 23:44:03.492 DEBUG <mkdb.Worker..20> mkio.send type=65540 class=gnet.link.Send this=([15],819197,B4,),size=14
2025-04-28 23:44:03.494 DEBUG <mkio.Engine.1> protocol type:8920,size:16
2025-04-28 23:44:03.494 DEBUG <mkio.Engine.1> mkio.Protocol execute type=8920 class=gnet.DataBetweenAuAnyAndGS this=(1,9002,1,B2,0,)
2025-04-28 23:44:03.495 DEBUG <mkdb.Worker..29> mkio.send type=812484 class=fire.pb.fushi.SReqChargeRefundsInfo this=(0,0,0,),size=12
2025-04-28 23:44:03.495 DEBUG <mkdb.Worker..29> mkio.send type=65540 class=gnet.link.Send this=([15],812484,B12,),size=22
2025-04-28 23:44:03.574 DEBUG <mkio.Engine.2> protocol type:65541,size:13
2025-04-28 23:44:03.574 DEBUG <mkio.Engine.2> mkio.Protocol execute type=808454 class=fire.pb.clan.CRequestApplyList this=()
2025-04-28 23:44:03.654 DEBUG <mkio.Engine.2> protocol type:65541,size:13
2025-04-28 23:44:03.654 DEBUG <mkio.Engine.2> mkio.Protocol execute type=805484 class=fire.pb.mission.activelist.CRefreshActivityListFinishTimes this=()
2025-04-28 23:44:03.654 DEBUG <mkdb.Worker..22> mkio.send type=805485 class=fire.pb.mission.activelist.SRefreshActivityListFinishTimes this=({},0,{},1,[],),size=11
2025-04-28 23:44:03.654 DEBUG <mkdb.Worker..22> mkio.send type=65540 class=gnet.link.Send this=([15],805485,B11,),size=21
2025-04-28 23:44:04.110 DEBUG <mkio.Engine.2> protocol type:65541,size:1560
2025-04-28 23:44:04.111 DEBUG <mkio.Engine.2> mkio.Protocol execute type=810637 class=fire.pb.shop.CQueryLimit this=(1,[1000, 1001, 1002, 1003, 1004, 1005, 1006, 1007, 1008, 1009, 1010, 1011, 1012, 1013, 1014, 1015, 1016, 1017, 1018, 1019, 1020, 1021, 1022, 1023, 1024, 1025, 1026, 1027, 1028, 1029, 1030, 1031, 1032, 1033, 1034, 1035, 1036, 1037, 1038, 1039, 1040, 1041, 1042, 1043, 1044, 1045, 1046, 1047, 1048, 1049, 1050, 1051, 1052, 1053, 1054, 1055, 1056, 1057, 1058, 1059, 1060, 1061, 1062, 1063, 1064, 1065, 1066, 1067, 1068, 1069, 1070, 1071, 1072, 1073, 1074, 1075, 1076, 1077, 1078, 1079, 1080, 1081, 1082, 1083, 1084, 1085, 1086, 1087, 1088, 1089, 1101, 1102, 1103, 1104, 1250, 1105, 1106, 1107, 1108, 1251, 1109, 1110, 1111, 1112, 1252, 1113, 1114, 1115, 1116, 1253, 1117, 1118, 1119, 1120, 1254, 1121, 1122, 1123, 1124, 1255, 1125, 1126, 1127, 1128, 1256, 1129, 1130, 1131, 1132, 1257, 1133, 1134, 1135, 1136, 1258, 1137, 1138, 1139, 1140, 1259, 1141, 1142, 1143, 1144, 1260, 1145, 1146, 1147, 1148, 1261, 1149, 1150, 1151, 1152, 1262, 1153, 1154, 1155, 1156, 1263, 1157, 1158, 1159, 1160, 1264, 1161, 1162, 1163, 1164, 1265, 1165, 1166, 1167, 1168, 1266, 1169, 1170, 1171, 1172, 1267, 1173, 1174, 1175, 1176, 1268, 1177, 1178, 1179, 1180, 1269, 1181, 1182, 1183, 1184, 1270, 1185, 1186, 1187, 1188, 1271, 1189, 1190, 1191, 1192, 1272, 1193, 1194, 1195, 1196, 1273, 1197, 1198, 1199, 1200, 1274, 1300, 1301, 1302, 1303, 1304, 1305, 1306, 1307, 1308, 1309, 1310, 1311, 1400, 1401, 1402, 1403, 1404, 1405, 1406, 1407, 1408, 1409, 1501, 1502, 1503, 1504, 1505, 1506, 1507, 1508, 1509, 1510, 1511, 1512, 1513, 1514, 1515, 1516, 1517, 1518, 1519, 1520, 1521, 1522, 1523, 1524, 1525, 1526, 1527, 1528, 1529, 1530, 1531, 1532, 1533, 1534, 1535, 1536, 1537, 1538, 1539, 1540, 1541, 1542, 1543, 1544, 1545, 1546, 1547, 1548, 3999, 70000, 70001, 70002, 70003, 70004, 70005, 70006, 70007, 70008, 70100, 70101, 70102, 70200, 70201, 70202, 70300, 70301, 70302, 70400, 70401, 70402, 70500, 70501, 70502, 70503, 90000, 90001, 90002, 90003, 90004, 90005, 90006, 90007, 90301, 90302, 90303, 90304, 90305, 90306, 90307, 90308, 90309, 90310, 90311, 90312, 90101, 90102, 90103, 90104, 90105, 90106, 90107, 90108, 90109, 90110, 90111, 90112, 90113, 90114, 90115, 90116, 90117, 90118, 90119, 90201, 90202, 90203, 90204, 90205, 90206, 90207, 90208, 90209, 90210, 90211, 90212, 90213, 90214, 90215, 90216, 90220, 90221, 90222, 90401, 90402, 90403, 90404, 90405, 90406, 90407, 90408, 90409, 90410, 90411, 90412, 90413, 90414, 90415, 90416],)
2025-04-28 23:44:04.117 DEBUG <mkdb.Worker..20> mkio.send type=810638 class=fire.pb.shop.SQueryLimit this=(1,[(1000,0,), (1001,0,), (1002,0,), (1003,0,), (1004,0,), (1005,0,), (1006,0,), (1007,0,), (1008,0,), (1009,0,), (1010,0,), (1011,0,), (1012,0,), (1013,0,), (1014,0,), (1015,0,), (1016,0,), (1017,0,), (1018,0,), (1019,0,), (1020,0,), (1021,0,), (1022,0,), (1023,0,), (1024,0,), (1025,0,), (1026,0,), (1027,0,), (1028,0,), (1029,0,), (1030,0,), (1031,0,), (1032,0,), (1033,0,), (1034,0,), (1035,0,), (1036,0,), (1037,0,), (1038,0,), (1039,0,), (1040,0,), (1041,0,), (1042,0,), (1043,0,), (1044,0,), (1045,0,), (1046,0,), (1047,0,), (1048,0,), (1049,0,), (1050,0,), (1051,0,), (1052,0,), (1053,0,), (1054,0,), (1055,0,), (1056,0,), (1057,0,), (1058,0,), (1059,0,), (1060,0,), (1061,0,), (1062,0,), (1063,0,), (1064,0,), (1065,0,), (1066,0,), (1067,0,), (1068,0,), (1069,0,), (1070,0,), (1071,0,), (1072,0,), (1073,0,), (1074,0,), (1075,0,), (1076,0,), (1077,0,), (1078,0,), (1079,0,), (1080,0,), (1081,0,), (1082,0,), (1083,0,), (1084,0,), (1085,0,), (1086,0,), (1087,0,), (1088,0,), (1089,0,), (1101,0,), (1102,0,), (1103,0,), (1104,0,), (1250,0,), (1105,0,), (1106,0,), (1107,0,), (1108,0,), (1251,0,), (1109,0,), (1110,0,), (1111,0,), (1112,0,), (1252,0,), (1113,0,), (1114,0,), (1115,0,), (1116,0,), (1253,0,), (1117,0,), (1118,0,), (1119,0,), (1120,0,), (1254,0,), (1121,0,), (1122,0,), (1123,0,), (1124,0,), (1255,0,), (1125,0,), (1126,0,), (1127,0,), (1128,0,), (1256,0,), (1129,0,), (1130,0,), (1131,0,), (1132,0,), (1257,0,), (1133,0,), (1134,0,), (1135,0,), (1136,0,), (1258,0,), (1137,0,), (1138,0,), (1139,0,), (1140,0,), (1259,0,), (1141,0,), (1142,0,), (1143,0,), (1144,0,), (1260,0,), (1145,0,), (1146,0,), (1147,0,), (1148,0,), (1261,0,), (1149,0,), (1150,0,), (1151,0,), (1152,0,), (1262,0,), (1153,0,), (1154,0,), (1155,0,), (1156,0,), (1263,0,), (1157,0,), (1158,0,), (1159,0,), (1160,0,), (1264,0,), (1161,0,), (1162,0,), (1163,0,), (1164,0,), (1265,0,), (1165,0,), (1166,0,), (1167,0,), (1168,0,), (1266,0,), (1169,0,), (1170,0,), (1171,0,), (1172,0,), (1267,0,), (1173,0,), (1174,0,), (1175,0,), (1176,0,), (1268,0,), (1177,0,), (1178,0,), (1179,0,), (1180,0,), (1269,0,), (1181,0,), (1182,0,), (1183,0,), (1184,0,), (1270,0,), (1185,0,), (1186,0,), (1187,0,), (1188,0,), (1271,0,), (1189,0,), (1190,0,), (1191,0,), (1192,0,), (1272,0,), (1193,0,), (1194,0,), (1195,0,), (1196,0,), (1273,0,), (1197,0,), (1198,0,), (1199,0,), (1200,0,), (1274,0,), (1300,0,), (1301,0,), (1302,0,), (1303,0,), (1304,0,), (1305,0,), (1306,0,), (1307,0,), (1308,0,), (1309,0,), (1310,0,), (1311,0,), (1400,0,), (1401,0,), (1402,0,), (1403,0,), (1404,0,), (1405,0,), (1406,0,), (1407,0,), (1408,0,), (1409,0,), (1501,0,), (1502,0,), (1503,0,), (1504,0,), (1505,0,), (1506,0,), (1507,0,), (1508,0,), (1509,0,), (1510,0,), (1511,0,), (1512,0,), (1513,0,), (1514,0,), (1515,0,), (1516,0,), (1517,0,), (1518,0,), (1519,0,), (1520,0,), (1521,0,), (1522,0,), (1523,0,), (1524,0,), (1525,0,), (1526,0,), (1527,0,), (1528,0,), (1529,0,), (1530,0,), (1531,0,), (1532,0,), (1533,0,), (1534,0,), (1535,0,), (1536,0,), (1537,0,), (1538,0,), (1539,0,), (1540,0,), (1541,0,), (1542,0,), (1543,0,), (1544,0,), (1545,0,), (1546,0,), (1547,0,), (1548,0,), (3999,0,), (70000,0,), (70001,0,), (70002,0,), (70003,0,), (70004,0,), (70005,0,), (70006,0,), (70007,0,), (70008,0,), (70100,0,), (70101,0,), (70102,0,), (70200,0,), (70201,0,), (70202,0,), (70300,0,), (70301,0,), (70302,0,), (70400,0,), (70401,0,), (70402,0,), (70500,0,), (70501,0,), (70502,0,), (70503,0,), (90000,0,), (90001,0,), (90002,0,), (90003,0,), (90004,0,), (90005,0,), (90006,0,), (90007,0,), (90301,0,), (90302,0,), (90303,0,), (90304,0,), (90305,0,), (90306,0,), (90307,0,), (90308,0,), (90309,0,), (90310,0,), (90311,0,), (90312,0,), (90101,0,), (90102,0,), (90103,0,), (90104,0,), (90105,0,), (90106,0,), (90107,0,), (90108,0,), (90109,0,), (90110,0,), (90111,0,), (90112,0,), (90113,0,), (90114,0,), (90115,0,), (90116,0,), (90117,0,), (90118,0,), (90119,0,), (90201,0,), (90202,0,), (90203,0,), (90204,0,), (90205,0,), (90206,0,), (90207,0,), (90208,0,), (90209,0,), (90210,0,), (90211,0,), (90212,0,), (90213,0,), (90214,0,), (90215,0,), (90216,0,), (90220,0,), (90221,0,), (90222,0,), (90401,0,), (90402,0,), (90403,0,), (90404,0,), (90405,0,), (90406,0,), (90407,0,), (90408,0,), (90409,0,), (90410,0,), (90411,0,), (90412,0,), (90413,0,), (90414,0,), (90415,0,), (90416,0,)],),size=3086
2025-04-28 23:44:04.117 DEBUG <mkdb.Worker..20> mkio.send type=65540 class=gnet.link.Send this=([15],810638,B3086,),size=3097
2025-04-28 23:44:04.118 DEBUG <mkio.Engine.2> protocol type:65541,size:1560
2025-04-28 23:44:04.118 DEBUG <mkio.Engine.2> mkio.Protocol execute type=810637 class=fire.pb.shop.CQueryLimit this=(2,[1000, 1001, 1002, 1003, 1004, 1005, 1006, 1007, 1008, 1009, 1010, 1011, 1012, 1013, 1014, 1015, 1016, 1017, 1018, 1019, 1020, 1021, 1022, 1023, 1024, 1025, 1026, 1027, 1028, 1029, 1030, 1031, 1032, 1033, 1034, 1035, 1036, 1037, 1038, 1039, 1040, 1041, 1042, 1043, 1044, 1045, 1046, 1047, 1048, 1049, 1050, 1051, 1052, 1053, 1054, 1055, 1056, 1057, 1058, 1059, 1060, 1061, 1062, 1063, 1064, 1065, 1066, 1067, 1068, 1069, 1070, 1071, 1072, 1073, 1074, 1075, 1076, 1077, 1078, 1079, 1080, 1081, 1082, 1083, 1084, 1085, 1086, 1087, 1088, 1089, 1101, 1102, 1103, 1104, 1250, 1105, 1106, 1107, 1108, 1251, 1109, 1110, 1111, 1112, 1252, 1113, 1114, 1115, 1116, 1253, 1117, 1118, 1119, 1120, 1254, 1121, 1122, 1123, 1124, 1255, 1125, 1126, 1127, 1128, 1256, 1129, 1130, 1131, 1132, 1257, 1133, 1134, 1135, 1136, 1258, 1137, 1138, 1139, 1140, 1259, 1141, 1142, 1143, 1144, 1260, 1145, 1146, 1147, 1148, 1261, 1149, 1150, 1151, 1152, 1262, 1153, 1154, 1155, 1156, 1263, 1157, 1158, 1159, 1160, 1264, 1161, 1162, 1163, 1164, 1265, 1165, 1166, 1167, 1168, 1266, 1169, 1170, 1171, 1172, 1267, 1173, 1174, 1175, 1176, 1268, 1177, 1178, 1179, 1180, 1269, 1181, 1182, 1183, 1184, 1270, 1185, 1186, 1187, 1188, 1271, 1189, 1190, 1191, 1192, 1272, 1193, 1194, 1195, 1196, 1273, 1197, 1198, 1199, 1200, 1274, 1300, 1301, 1302, 1303, 1304, 1305, 1306, 1307, 1308, 1309, 1310, 1311, 1400, 1401, 1402, 1403, 1404, 1405, 1406, 1407, 1408, 1409, 1501, 1502, 1503, 1504, 1505, 1506, 1507, 1508, 1509, 1510, 1511, 1512, 1513, 1514, 1515, 1516, 1517, 1518, 1519, 1520, 1521, 1522, 1523, 1524, 1525, 1526, 1527, 1528, 1529, 1530, 1531, 1532, 1533, 1534, 1535, 1536, 1537, 1538, 1539, 1540, 1541, 1542, 1543, 1544, 1545, 1546, 1547, 1548, 3999, 70000, 70001, 70002, 70003, 70004, 70005, 70006, 70007, 70008, 70100, 70101, 70102, 70200, 70201, 70202, 70300, 70301, 70302, 70400, 70401, 70402, 70500, 70501, 70502, 70503, 90000, 90001, 90002, 90003, 90004, 90005, 90006, 90007, 90301, 90302, 90303, 90304, 90305, 90306, 90307, 90308, 90309, 90310, 90311, 90312, 90101, 90102, 90103, 90104, 90105, 90106, 90107, 90108, 90109, 90110, 90111, 90112, 90113, 90114, 90115, 90116, 90117, 90118, 90119, 90201, 90202, 90203, 90204, 90205, 90206, 90207, 90208, 90209, 90210, 90211, 90212, 90213, 90214, 90215, 90216, 90220, 90221, 90222, 90401, 90402, 90403, 90404, 90405, 90406, 90407, 90408, 90409, 90410, 90411, 90412, 90413, 90414, 90415, 90416],)
2025-04-28 23:44:04.120 DEBUG <mkdb.Worker..25> mkio.send type=810638 class=fire.pb.shop.SQueryLimit this=(2,[(1000,0,), (1001,0,), (1002,0,), (1003,0,), (1004,0,), (1005,0,), (1006,0,), (1007,0,), (1008,0,), (1009,0,), (1010,0,), (1011,0,), (1012,0,), (1013,0,), (1014,0,), (1015,0,), (1016,0,), (1017,0,), (1018,0,), (1019,0,), (1020,0,), (1021,0,), (1022,0,), (1023,0,), (1024,0,), (1025,0,), (1026,0,), (1027,0,), (1028,0,), (1029,0,), (1030,0,), (1031,0,), (1032,0,), (1033,0,), (1034,0,), (1035,0,), (1036,0,), (1037,0,), (1038,0,), (1039,0,), (1040,0,), (1041,0,), (1042,0,), (1043,0,), (1044,0,), (1045,0,), (1046,0,), (1047,0,), (1048,0,), (1049,0,), (1050,0,), (1051,0,), (1052,0,), (1053,0,), (1054,0,), (1055,0,), (1056,0,), (1057,0,), (1058,0,), (1059,0,), (1060,0,), (1061,0,), (1062,0,), (1063,0,), (1064,0,), (1065,0,), (1066,0,), (1067,0,), (1068,0,), (1069,0,), (1070,0,), (1071,0,), (1072,0,), (1073,0,), (1074,0,), (1075,0,), (1076,0,), (1077,0,), (1078,0,), (1079,0,), (1080,0,), (1081,0,), (1082,0,), (1083,0,), (1084,0,), (1085,0,), (1086,0,), (1087,0,), (1088,0,), (1089,0,), (1101,0,), (1102,0,), (1103,0,), (1104,0,), (1250,0,), (1105,0,), (1106,0,), (1107,0,), (1108,0,), (1251,0,), (1109,0,), (1110,0,), (1111,0,), (1112,0,), (1252,0,), (1113,0,), (1114,0,), (1115,0,), (1116,0,), (1253,0,), (1117,0,), (1118,0,), (1119,0,), (1120,0,), (1254,0,), (1121,0,), (1122,0,), (1123,0,), (1124,0,), (1255,0,), (1125,0,), (1126,0,), (1127,0,), (1128,0,), (1256,0,), (1129,0,), (1130,0,), (1131,0,), (1132,0,), (1257,0,), (1133,0,), (1134,0,), (1135,0,), (1136,0,), (1258,0,), (1137,0,), (1138,0,), (1139,0,), (1140,0,), (1259,0,), (1141,0,), (1142,0,), (1143,0,), (1144,0,), (1260,0,), (1145,0,), (1146,0,), (1147,0,), (1148,0,), (1261,0,), (1149,0,), (1150,0,), (1151,0,), (1152,0,), (1262,0,), (1153,0,), (1154,0,), (1155,0,), (1156,0,), (1263,0,), (1157,0,), (1158,0,), (1159,0,), (1160,0,), (1264,0,), (1161,0,), (1162,0,), (1163,0,), (1164,0,), (1265,0,), (1165,0,), (1166,0,), (1167,0,), (1168,0,), (1266,0,), (1169,0,), (1170,0,), (1171,0,), (1172,0,), (1267,0,), (1173,0,), (1174,0,), (1175,0,), (1176,0,), (1268,0,), (1177,0,), (1178,0,), (1179,0,), (1180,0,), (1269,0,), (1181,0,), (1182,0,), (1183,0,), (1184,0,), (1270,0,), (1185,0,), (1186,0,), (1187,0,), (1188,0,), (1271,0,), (1189,0,), (1190,0,), (1191,0,), (1192,0,), (1272,0,), (1193,0,), (1194,0,), (1195,0,), (1196,0,), (1273,0,), (1197,0,), (1198,0,), (1199,0,), (1200,0,), (1274,0,), (1300,0,), (1301,0,), (1302,0,), (1303,0,), (1304,0,), (1305,0,), (1306,0,), (1307,0,), (1308,0,), (1309,0,), (1310,0,), (1311,0,), (1400,0,), (1401,0,), (1402,0,), (1403,0,), (1404,0,), (1405,0,), (1406,0,), (1407,0,), (1408,0,), (1409,0,), (1501,0,), (1502,0,), (1503,0,), (1504,0,), (1505,0,), (1506,0,), (1507,0,), (1508,0,), (1509,0,), (1510,0,), (1511,0,), (1512,0,), (1513,0,), (1514,0,), (1515,0,), (1516,0,), (1517,0,), (1518,0,), (1519,0,), (1520,0,), (1521,0,), (1522,0,), (1523,0,), (1524,0,), (1525,0,), (1526,0,), (1527,0,), (1528,0,), (1529,0,), (1530,0,), (1531,0,), (1532,0,), (1533,0,), (1534,0,), (1535,0,), (1536,0,), (1537,0,), (1538,0,), (1539,0,), (1540,0,), (1541,0,), (1542,0,), (1543,0,), (1544,0,), (1545,0,), (1546,0,), (1547,0,), (1548,0,), (3999,0,), (70000,0,), (70001,0,), (70002,0,), (70003,0,), (70004,0,), (70005,0,), (70006,0,), (70007,0,), (70008,0,), (70100,0,), (70101,0,), (70102,0,), (70200,0,), (70201,0,), (70202,0,), (70300,0,), (70301,0,), (70302,0,), (70400,0,), (70401,0,), (70402,0,), (70500,0,), (70501,0,), (70502,0,), (70503,0,), (90000,0,), (90001,0,), (90002,0,), (90003,0,), (90004,0,), (90005,0,), (90006,0,), (90007,0,), (90301,0,), (90302,0,), (90303,0,), (90304,0,), (90305,0,), (90306,0,), (90307,0,), (90308,0,), (90309,0,), (90310,0,), (90311,0,), (90312,0,), (90101,0,), (90102,0,), (90103,0,), (90104,0,), (90105,0,), (90106,0,), (90107,0,), (90108,0,), (90109,0,), (90110,0,), (90111,0,), (90112,0,), (90113,0,), (90114,0,), (90115,0,), (90116,0,), (90117,0,), (90118,0,), (90119,0,), (90201,0,), (90202,0,), (90203,0,), (90204,0,), (90205,0,), (90206,0,), (90207,0,), (90208,0,), (90209,0,), (90210,0,), (90211,0,), (90212,0,), (90213,0,), (90214,0,), (90215,0,), (90216,0,), (90220,0,), (90221,0,), (90222,0,), (90401,0,), (90402,0,), (90403,0,), (90404,0,), (90405,0,), (90406,0,), (90407,0,), (90408,0,), (90409,0,), (90410,0,), (90411,0,), (90412,0,), (90413,0,), (90414,0,), (90415,0,), (90416,0,)],),size=3086
2025-04-28 23:44:04.120 DEBUG <mkdb.Worker..25> mkio.send type=65540 class=gnet.link.Send this=([15],810638,B3086,),size=3097
2025-04-28 23:44:04.149 DEBUG <mkio.Engine.2> protocol type:65541,size:13
2025-04-28 23:44:04.149 DEBUG <mkio.Engine.2> mkio.Protocol execute type=805540 class=fire.pb.mission.CGetArchiveInfo this=()
2025-04-28 23:44:04.149 DEBUG <mkdb.Worker..29> mkio.send type=805541 class=fire.pb.mission.SGetArchiveInfo this=([(101,0,), (102,0,), (103,0,), (104,0,), (201,0,), (202,0,), (203,0,), (204,0,), (205,0,), (206,0,), (301,0,), (302,0,), (303,1,), (304,0,), (305,0,), (306,0,), (307,0,), (401,0,), (402,0,), (403,0,), (404,0,), (501,1,), (502,0,), (503,0,), (504,0,), (505,0,), (506,0,), (507,0,), (508,0,), (601,0,), (602,0,), (603,0,), (604,0,), (605,1,), (606,0,), (607,1,), (701,0,), (702,0,), (703,1,), (704,0,), (705,1,), (706,0,), (707,0,), (708,0,)],),size=353
2025-04-28 23:44:04.149 DEBUG <mkdb.Worker..29> mkio.send type=65540 class=gnet.link.Send this=([15],805541,B353,),size=364
2025-04-28 23:44:04.166 DEBUG <mkio.Engine.2> protocol type:65541,size:14
2025-04-28 23:44:04.166 DEBUG <mkio.Engine.2> mkio.Protocol execute type=786526 class=fire.pb.CGetSysConfig this=({},)
2025-04-28 23:44:04.166 DEBUG <mkio.Engine.2> protocol type:65541,size:13
2025-04-28 23:44:04.166 DEBUG <mkio.Engine.2> mkio.Protocol execute type=812483 class=fire.pb.fushi.CReqChargeRefundsInfo this=()
2025-04-28 23:44:04.167 DEBUG <mkio.Engine.2> protocol type:65541,size:13
2025-04-28 23:44:04.167 DEBUG <mkio.Engine.2> mkio.Protocol execute type=795469 class=fire.pb.npc.CQueryImpExamState this=()
2025-04-28 23:44:04.167 DEBUG <mkio.Engine.2> protocol type:65541,size:13
2025-04-28 23:44:04.167 DEBUG <mkio.Engine.2> mkio.Protocol execute type=810532 class=fire.pb.activity.reg.CQueryRegData this=()
2025-04-28 23:44:04.167 DEBUG <mkio.Engine.2> protocol type:65541,size:13
2025-04-28 23:44:04.167 DEBUG <mkio.Engine.2> mkio.Protocol execute type=808476 class=fire.pb.clan.CBonusQuery this=()
2025-04-28 23:44:04.167 DEBUG <mkdb.Worker..27> mkio.send type=8920 class=gnet.DataBetweenAuAnyAndGS this=(1,9001,2,B28,0,),size=42
2025-04-28 23:44:04.167 DEBUG <mkdb.Worker..25> mkio.send type=786527 class=fire.pb.SGetSysConfig this=({1=1, 2=125, 3=1, 4=1, 5=100, 6=0, 7=1, 8=1, 9=1, 10=0, 11=0, 12=1, 13=1, 14=1, 15=1, 16=1, 17=0, 18=0, 19=0, 20=1, 21=0, 22=1, 23=0, 24=0, 25=0, 26=0, 27=0, 28=0, 29=0, 30=0, 31=0, 32=0, 33=0, 34=1, 35=0, 36=1, 37=0, 38=1, 39=0, 40=0, 41=1, 42=0, 43=0, 44=0, 45=1, 46=1, 47=0, 48=0},),size=385
2025-04-28 23:44:04.167 DEBUG <mkdb.Worker..25> mkio.send type=65540 class=gnet.link.Send this=([15],786527,B385,),size=396
2025-04-28 23:44:04.167 DEBUG <mkdb.Worker.procedure.37> mkio.send type=795470 class=fire.pb.npc.SQueryImpExamState this=(0,),size=1
2025-04-28 23:44:04.167 DEBUG <mkdb.Worker.procedure.37> mkio.send type=65540 class=gnet.link.Send this=([15],795470,B1,),size=11
2025-04-28 23:44:04.167 DEBUG <mkdb.Worker.procedure.37> mkio.send type=810533 class=fire.pb.activity.reg.SQueryRegData this=(4,0,4,3,[],0,),size=21
2025-04-28 23:44:04.167 DEBUG <mkdb.Worker.procedure.37> mkio.send type=65540 class=gnet.link.Send this=([15],810533,B21,),size=31
2025-04-28 23:44:04.169 DEBUG <mkio.Engine.1> protocol type:8920,size:16
2025-04-28 23:44:04.169 DEBUG <mkio.Engine.1> mkio.Protocol execute type=8920 class=gnet.DataBetweenAuAnyAndGS this=(1,9002,1,B2,0,)
2025-04-28 23:44:04.169 DEBUG <mkdb.Worker..29> mkio.send type=812484 class=fire.pb.fushi.SReqChargeRefundsInfo this=(0,0,0,),size=12
2025-04-28 23:44:04.169 DEBUG <mkdb.Worker..29> mkio.send type=65540 class=gnet.link.Send this=([15],812484,B12,),size=22
2025-04-28 23:44:04.202 DEBUG <mkio.Engine.2> protocol type:65541,size:13
2025-04-28 23:44:04.202 DEBUG <mkio.Engine.2> mkio.Protocol execute type=786493 class=fire.pb.CAfterEnterWorld this=()
2025-04-28 23:44:04.738 DEBUG <mkio.Engine.2> protocol type:65541,size:14
2025-04-28 23:44:04.738 DEBUG <mkio.Engine.2> mkio.Protocol execute type=810334 class=fire.pb.hook.CSetAutoBattle this=(1,)
2025-04-28 23:44:07.754 DEBUG <mkio.Engine.2> protocol type:65541,size:13
2025-04-28 23:44:07.754 DEBUG <mkio.Engine.2> mkio.Protocol execute type=805536 class=fire.pb.mission.CGetActivityInfo this=()
2025-04-28 23:44:07.754 DEBUG <mkdb.Worker..27> mkio.send type=805537 class=fire.pb.mission.SGetActivityInfo this=([],),size=1
2025-04-28 23:44:07.754 DEBUG <mkdb.Worker..27> mkio.send type=65540 class=gnet.link.Send this=([15],805537,B1,),size=11
2025-04-28 23:44:48.334 INFO  <mkdb.Checkpoint> ---------------- begin ----------------
2025-04-28 23:44:48.334 INFO  <mkdb.Checkpoint> marshalN=1/2
2025-04-28 23:44:48.335 INFO  <mkdb.Checkpoint> snapshot=2 marshal0=0
2025-04-28 23:44:48.335 INFO  <mkdb.Checkpoint> flush=2
2025-04-28 23:44:48.724 INFO  <mkdb.Checkpoint> checkpoint
2025-04-28 23:44:48.724 INFO  <mkdb.Checkpoint> ----------------- end -----------------
2025-04-28 23:45:13.615 DEBUG <mkio.Engine.2> protocol type:65541,size:21
2025-04-28 23:45:13.615 DEBUG <mkio.Engine.2> mkio.Protocol execute type=810376 class=fire.pb.game.CClientTime this=(1745855095519,)
2025-04-28 23:45:15.012 DEBUG <mkio.Engine.2> protocol type:65541,size:21
2025-04-28 23:45:15.013 DEBUG <mkio.Engine.2> mkio.Protocol execute type=810233 class=fire.pb.ranklist.CRequestRankList this=(32,0,)
2025-04-28 23:45:15.013 DEBUG <mkdb.Worker..22> mkio.send type=810234 class=fire.pb.ranklist.SRequestRankList this=(32,2,[octets.size=77, octets.size=74, octets.size=79, octets.size=79, octets.size=81],0,1,T5,0,15866,0,0.0,T0,),size=446
2025-04-28 23:45:15.013 DEBUG <mkdb.Worker..22> mkio.send type=65540 class=gnet.link.Send this=([15],810234,B446,),size=457
2025-04-28 23:45:15.040 DEBUG <mkio.Engine.2> protocol type:65541,size:13
2025-04-28 23:45:15.040 DEBUG <mkio.Engine.2> mkio.Protocol execute type=808446 class=fire.pb.clan.COpenClan this=()
2025-04-28 23:45:17.463 DEBUG <mkio.Engine.2> protocol type:65541,size:21
2025-04-28 23:45:17.463 DEBUG <mkio.Engine.2> mkio.Protocol execute type=810233 class=fire.pb.ranklist.CRequestRankList this=(32,0,)
2025-04-28 23:45:17.463 DEBUG <mkdb.Worker..22> mkio.send type=810234 class=fire.pb.ranklist.SRequestRankList this=(32,2,[octets.size=77, octets.size=74, octets.size=79, octets.size=79, octets.size=81],0,1,T5,0,15866,0,0.0,T0,),size=446
2025-04-28 23:45:17.463 DEBUG <mkdb.Worker..22> mkio.send type=65540 class=gnet.link.Send this=([15],810234,B446,),size=457
2025-04-28 23:45:27.942 DEBUG <mkio.Engine.2> protocol type:65541,size:13
2025-04-28 23:45:27.942 DEBUG <mkio.Engine.2> mkio.Protocol execute type=818844 class=fire.pb.huoban.CGetHuoBanList this=()
2025-04-28 23:45:27.946 DEBUG <mkdb.Worker.procedure.19> mkio.send type=818836 class=fire.pb.huoban.SZhenrongInfo this=(1,{0=(0,[28100, 28106, 28112, 28118],), 1=(0,[],)},),size=39
2025-04-28 23:45:27.946 DEBUG <mkdb.Worker.procedure.19> mkio.send type=65540 class=gnet.link.Send this=([15],818836,B39,),size=49
2025-04-28 23:45:27.946 DEBUG <mkdb.Worker.procedure.19> mkio.send type=818833 class=fire.pb.huoban.SHuobanList this=([(28100,0,0,1,), (28101,0,0,0,), (28102,0,0,0,), (28103,0,0,0,), (28104,0,0,0,), (28105,0,0,0,), (28106,0,0,1,), (28107,0,0,0,), (28108,0,0,0,), (28109,0,0,0,), (28110,0,0,0,), (28111,0,0,0,), (28112,0,0,1,), (28113,0,0,0,), (28114,0,0,0,), (28115,0,0,0,), (28116,0,0,0,), (28117,0,1,2,), (28118,0,0,1,), (28119,0,0,0,), (28120,0,0,0,), (28121,0,1,2,), (28122,0,0,0,), (28123,0,0,0,), (28124,0,0,0,), (28125,0,0,0,), (28126,0,0,0,)],),size=541
2025-04-28 23:45:27.947 DEBUG <mkdb.Worker.procedure.19> mkio.send type=65540 class=gnet.link.Send this=([15],818833,B541,),size=552
2025-04-28 23:45:48.392 INFO  <mkdb.Checkpoint> ---------------- begin ----------------
2025-04-28 23:45:48.392 INFO  <mkdb.Checkpoint> marshalN=1/2
2025-04-28 23:45:48.393 INFO  <mkdb.Checkpoint> snapshot=2 marshal0=0
2025-04-28 23:45:48.394 INFO  <mkdb.Checkpoint> flush=2
2025-04-28 23:45:48.853 INFO  <mkdb.Checkpoint> checkpoint
2025-04-28 23:45:48.853 INFO  <mkdb.Checkpoint> ----------------- end -----------------
2025-04-28 23:46:19.091 DEBUG <mkdb.Worker.scheduled.51> mkio.send type=65542 class=gnet.link.Broadcast this=(786439,B8,0,),size=17
2025-04-28 23:46:22.776 DEBUG <mkio.Engine.2> protocol type:65541,size:21
2025-04-28 23:46:22.776 DEBUG <mkio.Engine.2> mkio.Protocol execute type=810376 class=fire.pb.game.CClientTime this=(1745855182745,)
2025-04-28 23:46:25.311 DEBUG <mkio.Engine.2> protocol type:65541,size:14
2025-04-28 23:46:25.311 DEBUG <mkio.Engine.2> mkio.Protocol execute type=810334 class=fire.pb.hook.CSetAutoBattle this=(1,)
2025-04-28 23:46:25.390 DEBUG <mkio.Engine.2> protocol type:65541,size:14
2025-04-28 23:46:25.390 DEBUG <mkio.Engine.2> mkio.Protocol execute type=810344 class=fire.pb.hook.CClientLockScreen this=(1,)
2025-04-28 23:46:48.419 INFO  <mkdb.Checkpoint> ---------------- begin ----------------
2025-04-28 23:46:48.419 INFO  <mkdb.Checkpoint> marshalN=1/1
2025-04-28 23:46:48.420 INFO  <mkdb.Checkpoint> snapshot=1 marshal0=0
2025-04-28 23:46:48.421 INFO  <mkdb.Checkpoint> flush=1
2025-04-28 23:46:48.801 INFO  <mkdb.Checkpoint> checkpoint
2025-04-28 23:46:48.801 INFO  <mkdb.Checkpoint> ----------------- end -----------------
2025-04-28 23:47:26.027 DEBUG <mkio.Engine.2> protocol type:65541,size:21
2025-04-28 23:47:26.027 DEBUG <mkio.Engine.2> mkio.Protocol execute type=810376 class=fire.pb.game.CClientTime this=(1745855245994,)
2025-04-28 23:47:48.462 INFO  <mkdb.Checkpoint> ---------------- begin ----------------
2025-04-28 23:47:48.462 INFO  <mkdb.Checkpoint> marshalN=1/0
2025-04-28 23:47:48.463 INFO  <mkdb.Checkpoint> snapshot=0 marshal0=0
2025-04-28 23:47:48.463 INFO  <mkdb.Checkpoint> flush=0
2025-04-28 23:47:48.463 INFO  <mkdb.Checkpoint> ----------------- end -----------------
2025-04-28 23:48:28.650 DEBUG <mkio.Engine.2> protocol type:65541,size:21
2025-04-28 23:48:28.650 DEBUG <mkio.Engine.2> mkio.Protocol execute type=810376 class=fire.pb.game.CClientTime this=(1745855308621,)
2025-04-28 23:48:48.528 INFO  <mkdb.Checkpoint> ---------------- begin ----------------
2025-04-28 23:48:48.528 INFO  <mkdb.Checkpoint> marshalN=1/0
2025-04-28 23:48:48.529 INFO  <mkdb.Checkpoint> snapshot=0 marshal0=0
2025-04-28 23:48:48.529 INFO  <mkdb.Checkpoint> flush=0
2025-04-28 23:48:48.529 INFO  <mkdb.Checkpoint> ----------------- end -----------------
2025-04-28 23:48:49.091 DEBUG <mkdb.Worker.scheduled.45> mkio.send type=65542 class=gnet.link.Broadcast this=(786439,B8,0,),size=17
2025-04-28 23:49:31.862 DEBUG <mkio.Engine.2> protocol type:65541,size:21
2025-04-28 23:49:31.862 DEBUG <mkio.Engine.2> mkio.Protocol execute type=810376 class=fire.pb.game.CClientTime this=(1745855371703,)
2025-04-28 23:49:48.603 INFO  <mkdb.Checkpoint> ---------------- begin ----------------
2025-04-28 23:49:48.603 INFO  <mkdb.Checkpoint> marshalN=1/0
2025-04-28 23:49:48.604 INFO  <mkdb.Checkpoint> snapshot=0 marshal0=0
2025-04-28 23:49:48.605 INFO  <mkdb.Checkpoint> flush=0
2025-04-28 23:49:48.605 INFO  <mkdb.Checkpoint> ----------------- end -----------------
2025-04-28 23:50:16.705 DEBUG <mkio.Engine.2> protocol type:65541,size:29
2025-04-28 23:50:16.706 DEBUG <mkio.Engine.2> mkio.Protocol execute type=786490 class=fire.pb.CPingStat this=(0,(4164,23,146,),0,)
2025-04-28 23:50:34.374 DEBUG <mkio.Engine.2> protocol type:65541,size:21
2025-04-28 23:50:34.374 DEBUG <mkio.Engine.2> mkio.Protocol execute type=810376 class=fire.pb.game.CClientTime this=(1745855434345,)
2025-04-28 23:50:48.669 INFO  <mkdb.Checkpoint> ---------------- begin ----------------
2025-04-28 23:50:48.669 INFO  <mkdb.Checkpoint> marshalN=1/0
2025-04-28 23:50:48.670 INFO  <mkdb.Checkpoint> snapshot=0 marshal0=0
2025-04-28 23:50:48.670 INFO  <mkdb.Checkpoint> flush=0
2025-04-28 23:50:48.670 INFO  <mkdb.Checkpoint> ----------------- end -----------------
2025-04-28 23:51:19.091 DEBUG <mkdb.Worker.scheduled.18> mkio.send type=65542 class=gnet.link.Broadcast this=(786439,B8,0,),size=17
2025-04-28 23:51:37.123 DEBUG <mkio.Engine.2> protocol type:65541,size:21
2025-04-28 23:51:37.123 DEBUG <mkio.Engine.2> mkio.Protocol execute type=810376 class=fire.pb.game.CClientTime this=(1745855497119,)
2025-04-28 23:51:48.727 INFO  <mkdb.Checkpoint> ---------------- begin ----------------
2025-04-28 23:51:48.727 INFO  <mkdb.Checkpoint> marshalN=1/0
2025-04-28 23:51:48.728 INFO  <mkdb.Checkpoint> snapshot=0 marshal0=0
2025-04-28 23:51:48.728 INFO  <mkdb.Checkpoint> flush=0
2025-04-28 23:51:48.728 INFO  <mkdb.Checkpoint> ----------------- end -----------------
2025-04-28 23:52:40.949 DEBUG <mkio.Engine.2> protocol type:65541,size:21
2025-04-28 23:52:40.950 DEBUG <mkio.Engine.2> mkio.Protocol execute type=810376 class=fire.pb.game.CClientTime this=(1745855560935,)
2025-04-28 23:52:48.808 INFO  <mkdb.Checkpoint> ---------------- begin ----------------
2025-04-28 23:52:48.808 INFO  <mkdb.Checkpoint> marshalN=1/0
2025-04-28 23:52:48.809 INFO  <mkdb.Checkpoint> snapshot=0 marshal0=0
2025-04-28 23:52:48.809 INFO  <mkdb.Checkpoint> flush=0
2025-04-28 23:52:48.809 INFO  <mkdb.Checkpoint> ----------------- end -----------------
