ID,备注,战斗AI类型,底图,背景音乐,战斗录像类型,战斗等级,战场环境,战场AI,奖励ID,战斗胜利判定,战斗失败不掉耐久,助战,怪物数量,站位配置ID,点1,点2,点3,点4,点5,点6,点7,点8,点9,点10,点11,点12,点13,点14,点15,点16,点17,点18,点19,点20,点21,点22,点23,点24,点25,点26,点27,点28,站位随机,pve自动取消战斗,死亡提醒显示,
1001,,2,0,2,,,0,,0,1,,4,1*TeamNum+3,7,0,0,0,0,0,0,0,0,0,0,0,0,0,0,24985@100;24986@100;24987@100;24988@100;24989@100;24990@100;24991@100;24992@100;24993@100;24994@100;24995@100;24996@100;24997@100;24998@100;24999@100;25000@100;25001@100;25002@100;25003@100;25004@100,24985@100;24986@100;24987@100;24988@100;24989@100;24990@100;24991@100;24992@100;24993@100;24994@100;24995@100;24996@100;24997@100;24998@100;24999@100;25000@100;25001@100;25002@100;25003@100;25004@100,24985@100;24986@100;24987@100;24988@100;24989@100;24990@100;24991@100;24992@100;24993@100;24994@100;24995@100;24996@100;24997@100;24998@100;24999@100;25000@100;25001@100;25002@100;25003@100;25004@100,24985@100;24986@100;24987@100;24988@100;24989@100;24990@100;24991@100;24992@100;24993@100;24994@100;24995@100;24996@100;24997@100;24998@100;24999@100;25000@100;25001@100;25002@100;25003@100;25004@100,24985@100;24986@100;24987@100;24988@100;24989@100;24990@100;24991@100;24992@100;24993@100;24994@100;24995@100;24996@100;24997@100;24998@100;24999@100;25000@100;25001@100;25002@100;25003@100;25004@100,24985@100;24986@100;24987@100;24988@100;24989@100;24990@100;24991@100;24992@100;24993@100;24994@100;24995@100;24996@100;24997@100;24998@100;24999@100;25000@100;25001@100;25002@100;25003@100;25004@100,24985@100;24986@100;24987@100;24988@100;24989@100;24990@100;24991@100;24992@100;24993@100;24994@100;24995@100;24996@100;24997@100;24998@100;24999@100;25000@100;25001@100;25002@100;25003@100;25004@100,24985@100;24986@100;24987@100;24988@100;24989@100;24990@100;24991@100;24992@100;24993@100;24994@100;24995@100;24996@100;24997@100;24998@100;24999@100;25000@100;25001@100;25002@100;25003@100;25004@100,24985@100;24986@100;24987@100;24988@100;24989@100;24990@100;24991@100;24992@100;24993@100;24994@100;24995@100;24996@100;24997@100;24998@100;24999@100;25000@100;25001@100;25002@100;25003@100;25004@100,24985@100;24986@100;24987@100;24988@100;24989@100;24990@100;24991@100;24992@100;24993@100;24994@100;24995@100;24996@100;24997@100;24998@100;24999@100;25000@100;25001@100;25002@100;25003@100;25004@100,0,0,0,0,,,,
1002,,2,0,2,,,0,,0,1,,4,1*TeamNum+3,7,0,0,0,0,0,0,0,0,0,0,0,0,0,0,24985@100;24986@100;24987@100;24988@100;24989@100;24990@100;24991@100;24992@100;24993@100;24994@100;24995@100;24996@100;24997@100;24998@100;24999@100;25000@100;25001@100;25002@100;25003@100;25004@100,24985@100;24986@100;24987@100;24988@100;24989@100;24990@100;24991@100;24992@100;24993@100;24994@100;24995@100;24996@100;24997@100;24998@100;24999@100;25000@100;25001@100;25002@100;25003@100;25004@100,24985@100;24986@100;24987@100;24988@100;24989@100;24990@100;24991@100;24992@100;24993@100;24994@100;24995@100;24996@100;24997@100;24998@100;24999@100;25000@100;25001@100;25002@100;25003@100;25004@100,24985@100;24986@100;24987@100;24988@100;24989@100;24990@100;24991@100;24992@100;24993@100;24994@100;24995@100;24996@100;24997@100;24998@100;24999@100;25000@100;25001@100;25002@100;25003@100;25004@100,24985@100;24986@100;24987@100;24988@100;24989@100;24990@100;24991@100;24992@100;24993@100;24994@100;24995@100;24996@100;24997@100;24998@100;24999@100;25000@100;25001@100;25002@100;25003@100;25004@100,24985@100;24986@100;24987@100;24988@100;24989@100;24990@100;24991@100;24992@100;24993@100;24994@100;24995@100;24996@100;24997@100;24998@100;24999@100;25000@100;25001@100;25002@100;25003@100;25004@100,24985@100;24986@100;24987@100;24988@100;24989@100;24990@100;24991@100;24992@100;24993@100;24994@100;24995@100;24996@100;24997@100;24998@100;24999@100;25000@100;25001@100;25002@100;25003@100;25004@100,24985@100;24986@100;24987@100;24988@100;24989@100;24990@100;24991@100;24992@100;24993@100;24994@100;24995@100;24996@100;24997@100;24998@100;24999@100;25000@100;25001@100;25002@100;25003@100;25004@100,24985@100;24986@100;24987@100;24988@100;24989@100;24990@100;24991@100;24992@100;24993@100;24994@100;24995@100;24996@100;24997@100;24998@100;24999@100;25000@100;25001@100;25002@100;25003@100;25004@100,24985@100;24986@100;24987@100;24988@100;24989@100;24990@100;24991@100;24992@100;24993@100;24994@100;24995@100;24996@100;24997@100;24998@100;24999@100;25000@100;25001@100;25002@100;25003@100;25004@100,0,0,0,0,,,,
1003,,2,0,2,,,0,,0,1,,4,1*TeamNum+3,7,0,0,0,0,0,0,0,0,0,0,0,0,0,0,24985@100;24986@100;24987@100;24988@100;24989@100;24990@100;24991@100;24992@100;24993@100;24994@100;24995@100;24996@100;24997@100;24998@100;24999@100;25000@100;25001@100;25002@100;25003@100;25004@100,24985@100;24986@100;24987@100;24988@100;24989@100;24990@100;24991@100;24992@100;24993@100;24994@100;24995@100;24996@100;24997@100;24998@100;24999@100;25000@100;25001@100;25002@100;25003@100;25004@100,24985@100;24986@100;24987@100;24988@100;24989@100;24990@100;24991@100;24992@100;24993@100;24994@100;24995@100;24996@100;24997@100;24998@100;24999@100;25000@100;25001@100;25002@100;25003@100;25004@100,24985@100;24986@100;24987@100;24988@100;24989@100;24990@100;24991@100;24992@100;24993@100;24994@100;24995@100;24996@100;24997@100;24998@100;24999@100;25000@100;25001@100;25002@100;25003@100;25004@100,24985@100;24986@100;24987@100;24988@100;24989@100;24990@100;24991@100;24992@100;24993@100;24994@100;24995@100;24996@100;24997@100;24998@100;24999@100;25000@100;25001@100;25002@100;25003@100;25004@100,24985@100;24986@100;24987@100;24988@100;24989@100;24990@100;24991@100;24992@100;24993@100;24994@100;24995@100;24996@100;24997@100;24998@100;24999@100;25000@100;25001@100;25002@100;25003@100;25004@100,24985@100;24986@100;24987@100;24988@100;24989@100;24990@100;24991@100;24992@100;24993@100;24994@100;24995@100;24996@100;24997@100;24998@100;24999@100;25000@100;25001@100;25002@100;25003@100;25004@100,24985@100;24986@100;24987@100;24988@100;24989@100;24990@100;24991@100;24992@100;24993@100;24994@100;24995@100;24996@100;24997@100;24998@100;24999@100;25000@100;25001@100;25002@100;25003@100;25004@100,24985@100;24986@100;24987@100;24988@100;24989@100;24990@100;24991@100;24992@100;24993@100;24994@100;24995@100;24996@100;24997@100;24998@100;24999@100;25000@100;25001@100;25002@100;25003@100;25004@100,24985@100;24986@100;24987@100;24988@100;24989@100;24990@100;24991@100;24992@100;24993@100;24994@100;24995@100;24996@100;24997@100;24998@100;24999@100;25000@100;25001@100;25002@100;25003@100;25004@100,0,0,0,0,,,,
1004,,2,0,2,,,0,,0,1,,4,1*TeamNum+3,7,0,0,0,0,0,0,0,0,0,0,0,0,0,0,24985@100;24986@100;24987@100;24988@100;24989@100;24990@100;24991@100;24992@100;24993@100;24994@100;24995@100;24996@100;24997@100;24998@100;24999@100;25000@100;25001@100;25002@100;25003@100;25004@100,24985@100;24986@100;24987@100;24988@100;24989@100;24990@100;24991@100;24992@100;24993@100;24994@100;24995@100;24996@100;24997@100;24998@100;24999@100;25000@100;25001@100;25002@100;25003@100;25004@100,24985@100;24986@100;24987@100;24988@100;24989@100;24990@100;24991@100;24992@100;24993@100;24994@100;24995@100;24996@100;24997@100;24998@100;24999@100;25000@100;25001@100;25002@100;25003@100;25004@100,24985@100;24986@100;24987@100;24988@100;24989@100;24990@100;24991@100;24992@100;24993@100;24994@100;24995@100;24996@100;24997@100;24998@100;24999@100;25000@100;25001@100;25002@100;25003@100;25004@100,24985@100;24986@100;24987@100;24988@100;24989@100;24990@100;24991@100;24992@100;24993@100;24994@100;24995@100;24996@100;24997@100;24998@100;24999@100;25000@100;25001@100;25002@100;25003@100;25004@100,24985@100;24986@100;24987@100;24988@100;24989@100;24990@100;24991@100;24992@100;24993@100;24994@100;24995@100;24996@100;24997@100;24998@100;24999@100;25000@100;25001@100;25002@100;25003@100;25004@100,24985@100;24986@100;24987@100;24988@100;24989@100;24990@100;24991@100;24992@100;24993@100;24994@100;24995@100;24996@100;24997@100;24998@100;24999@100;25000@100;25001@100;25002@100;25003@100;25004@100,24985@100;24986@100;24987@100;24988@100;24989@100;24990@100;24991@100;24992@100;24993@100;24994@100;24995@100;24996@100;24997@100;24998@100;24999@100;25000@100;25001@100;25002@100;25003@100;25004@100,24985@100;24986@100;24987@100;24988@100;24989@100;24990@100;24991@100;24992@100;24993@100;24994@100;24995@100;24996@100;24997@100;24998@100;24999@100;25000@100;25001@100;25002@100;25003@100;25004@100,24985@100;24986@100;24987@100;24988@100;24989@100;24990@100;24991@100;24992@100;24993@100;24994@100;24995@100;24996@100;24997@100;24998@100;24999@100;25000@100;25001@100;25002@100;25003@100;25004@100,0,0,0,0,,,,
1005,,2,0,2,,,0,,0,1,,4,1*TeamNum+3,7,0,0,0,0,0,0,0,0,0,0,0,0,0,0,24985@100;24986@100;24987@100;24988@100;24989@100;24990@100;24991@100;24992@100;24993@100;24994@100;24995@100;24996@100;24997@100;24998@100;24999@100;25000@100;25001@100;25002@100;25003@100;25004@100,24985@100;24986@100;24987@100;24988@100;24989@100;24990@100;24991@100;24992@100;24993@100;24994@100;24995@100;24996@100;24997@100;24998@100;24999@100;25000@100;25001@100;25002@100;25003@100;25004@100,24985@100;24986@100;24987@100;24988@100;24989@100;24990@100;24991@100;24992@100;24993@100;24994@100;24995@100;24996@100;24997@100;24998@100;24999@100;25000@100;25001@100;25002@100;25003@100;25004@100,24985@100;24986@100;24987@100;24988@100;24989@100;24990@100;24991@100;24992@100;24993@100;24994@100;24995@100;24996@100;24997@100;24998@100;24999@100;25000@100;25001@100;25002@100;25003@100;25004@100,24985@100;24986@100;24987@100;24988@100;24989@100;24990@100;24991@100;24992@100;24993@100;24994@100;24995@100;24996@100;24997@100;24998@100;24999@100;25000@100;25001@100;25002@100;25003@100;25004@100,24985@100;24986@100;24987@100;24988@100;24989@100;24990@100;24991@100;24992@100;24993@100;24994@100;24995@100;24996@100;24997@100;24998@100;24999@100;25000@100;25001@100;25002@100;25003@100;25004@100,24985@100;24986@100;24987@100;24988@100;24989@100;24990@100;24991@100;24992@100;24993@100;24994@100;24995@100;24996@100;24997@100;24998@100;24999@100;25000@100;25001@100;25002@100;25003@100;25004@100,24985@100;24986@100;24987@100;24988@100;24989@100;24990@100;24991@100;24992@100;24993@100;24994@100;24995@100;24996@100;24997@100;24998@100;24999@100;25000@100;25001@100;25002@100;25003@100;25004@100,24985@100;24986@100;24987@100;24988@100;24989@100;24990@100;24991@100;24992@100;24993@100;24994@100;24995@100;24996@100;24997@100;24998@100;24999@100;25000@100;25001@100;25002@100;25003@100;25004@100,24985@100;24986@100;24987@100;24988@100;24989@100;24990@100;24991@100;24992@100;24993@100;24994@100;24995@100;24996@100;24997@100;24998@100;24999@100;25000@100;25001@100;25002@100;25003@100;25004@100,0,0,0,0,,,,
1006,,2,0,2,,,0,,0,1,,4,1*TeamNum+3,7,0,0,0,0,0,0,0,0,0,0,0,0,0,0,24985@100;24986@100;24987@100;24988@100;24989@100;24990@100;24991@100;24992@100;24993@100;24994@100;24995@100;24996@100;24997@100;24998@100;24999@100;25000@100;25001@100;25002@100;25003@100;25004@100,24985@100;24986@100;24987@100;24988@100;24989@100;24990@100;24991@100;24992@100;24993@100;24994@100;24995@100;24996@100;24997@100;24998@100;24999@100;25000@100;25001@100;25002@100;25003@100;25004@100,24985@100;24986@100;24987@100;24988@100;24989@100;24990@100;24991@100;24992@100;24993@100;24994@100;24995@100;24996@100;24997@100;24998@100;24999@100;25000@100;25001@100;25002@100;25003@100;25004@100,24985@100;24986@100;24987@100;24988@100;24989@100;24990@100;24991@100;24992@100;24993@100;24994@100;24995@100;24996@100;24997@100;24998@100;24999@100;25000@100;25001@100;25002@100;25003@100;25004@100,24985@100;24986@100;24987@100;24988@100;24989@100;24990@100;24991@100;24992@100;24993@100;24994@100;24995@100;24996@100;24997@100;24998@100;24999@100;25000@100;25001@100;25002@100;25003@100;25004@100,24985@100;24986@100;24987@100;24988@100;24989@100;24990@100;24991@100;24992@100;24993@100;24994@100;24995@100;24996@100;24997@100;24998@100;24999@100;25000@100;25001@100;25002@100;25003@100;25004@100,24985@100;24986@100;24987@100;24988@100;24989@100;24990@100;24991@100;24992@100;24993@100;24994@100;24995@100;24996@100;24997@100;24998@100;24999@100;25000@100;25001@100;25002@100;25003@100;25004@100,24985@100;24986@100;24987@100;24988@100;24989@100;24990@100;24991@100;24992@100;24993@100;24994@100;24995@100;24996@100;24997@100;24998@100;24999@100;25000@100;25001@100;25002@100;25003@100;25004@100,24985@100;24986@100;24987@100;24988@100;24989@100;24990@100;24991@100;24992@100;24993@100;24994@100;24995@100;24996@100;24997@100;24998@100;24999@100;25000@100;25001@100;25002@100;25003@100;25004@100,24985@100;24986@100;24987@100;24988@100;24989@100;24990@100;24991@100;24992@100;24993@100;24994@100;24995@100;24996@100;24997@100;24998@100;24999@100;25000@100;25001@100;25002@100;25003@100;25004@100,0,0,0,0,,,,
1007,,2,0,2,,,0,,0,1,,4,1*TeamNum+3,7,0,0,0,0,0,0,0,0,0,0,0,0,0,0,24985@100;24986@100;24987@100;24988@100;24989@100;24990@100;24991@100;24992@100;24993@100;24994@100;24995@100;24996@100;24997@100;24998@100;24999@100;25000@100;25001@100;25002@100;25003@100;25004@100,24985@100;24986@100;24987@100;24988@100;24989@100;24990@100;24991@100;24992@100;24993@100;24994@100;24995@100;24996@100;24997@100;24998@100;24999@100;25000@100;25001@100;25002@100;25003@100;25004@100,24985@100;24986@100;24987@100;24988@100;24989@100;24990@100;24991@100;24992@100;24993@100;24994@100;24995@100;24996@100;24997@100;24998@100;24999@100;25000@100;25001@100;25002@100;25003@100;25004@100,24985@100;24986@100;24987@100;24988@100;24989@100;24990@100;24991@100;24992@100;24993@100;24994@100;24995@100;24996@100;24997@100;24998@100;24999@100;25000@100;25001@100;25002@100;25003@100;25004@100,24985@100;24986@100;24987@100;24988@100;24989@100;24990@100;24991@100;24992@100;24993@100;24994@100;24995@100;24996@100;24997@100;24998@100;24999@100;25000@100;25001@100;25002@100;25003@100;25004@100,24985@100;24986@100;24987@100;24988@100;24989@100;24990@100;24991@100;24992@100;24993@100;24994@100;24995@100;24996@100;24997@100;24998@100;24999@100;25000@100;25001@100;25002@100;25003@100;25004@100,24985@100;24986@100;24987@100;24988@100;24989@100;24990@100;24991@100;24992@100;24993@100;24994@100;24995@100;24996@100;24997@100;24998@100;24999@100;25000@100;25001@100;25002@100;25003@100;25004@100,24985@100;24986@100;24987@100;24988@100;24989@100;24990@100;24991@100;24992@100;24993@100;24994@100;24995@100;24996@100;24997@100;24998@100;24999@100;25000@100;25001@100;25002@100;25003@100;25004@100,24985@100;24986@100;24987@100;24988@100;24989@100;24990@100;24991@100;24992@100;24993@100;24994@100;24995@100;24996@100;24997@100;24998@100;24999@100;25000@100;25001@100;25002@100;25003@100;25004@100,24985@100;24986@100;24987@100;24988@100;24989@100;24990@100;24991@100;24992@100;24993@100;24994@100;24995@100;24996@100;24997@100;24998@100;24999@100;25000@100;25001@100;25002@100;25003@100;25004@100,0,0,0,0,,,,
1008,,2,0,2,,,0,,0,1,,4,1*TeamNum+3,7,0,0,0,0,0,0,0,0,0,0,0,0,0,0,24985@100;24986@100;24987@100;24988@100;24989@100;24990@100;24991@100;24992@100;24993@100;24994@100;24995@100;24996@100;24997@100;24998@100;24999@100;25000@100;25001@100;25002@100;25003@100;25004@100,24985@100;24986@100;24987@100;24988@100;24989@100;24990@100;24991@100;24992@100;24993@100;24994@100;24995@100;24996@100;24997@100;24998@100;24999@100;25000@100;25001@100;25002@100;25003@100;25004@100,24985@100;24986@100;24987@100;24988@100;24989@100;24990@100;24991@100;24992@100;24993@100;24994@100;24995@100;24996@100;24997@100;24998@100;24999@100;25000@100;25001@100;25002@100;25003@100;25004@100,24985@100;24986@100;24987@100;24988@100;24989@100;24990@100;24991@100;24992@100;24993@100;24994@100;24995@100;24996@100;24997@100;24998@100;24999@100;25000@100;25001@100;25002@100;25003@100;25004@100,24985@100;24986@100;24987@100;24988@100;24989@100;24990@100;24991@100;24992@100;24993@100;24994@100;24995@100;24996@100;24997@100;24998@100;24999@100;25000@100;25001@100;25002@100;25003@100;25004@100,24985@100;24986@100;24987@100;24988@100;24989@100;24990@100;24991@100;24992@100;24993@100;24994@100;24995@100;24996@100;24997@100;24998@100;24999@100;25000@100;25001@100;25002@100;25003@100;25004@100,24985@100;24986@100;24987@100;24988@100;24989@100;24990@100;24991@100;24992@100;24993@100;24994@100;24995@100;24996@100;24997@100;24998@100;24999@100;25000@100;25001@100;25002@100;25003@100;25004@100,24985@100;24986@100;24987@100;24988@100;24989@100;24990@100;24991@100;24992@100;24993@100;24994@100;24995@100;24996@100;24997@100;24998@100;24999@100;25000@100;25001@100;25002@100;25003@100;25004@100,24985@100;24986@100;24987@100;24988@100;24989@100;24990@100;24991@100;24992@100;24993@100;24994@100;24995@100;24996@100;24997@100;24998@100;24999@100;25000@100;25001@100;25002@100;25003@100;25004@100,24985@100;24986@100;24987@100;24988@100;24989@100;24990@100;24991@100;24992@100;24993@100;24994@100;24995@100;24996@100;24997@100;24998@100;24999@100;25000@100;25001@100;25002@100;25003@100;25004@100,0,0,0,0,,,,
1009,,2,0,2,,,0,,0,1,,4,1*TeamNum+3,7,0,0,0,0,0,0,0,0,0,0,0,0,0,0,24985@100;24986@100;24987@100;24988@100;24989@100;24990@100;24991@100;24992@100;24993@100;24994@100;24995@100;24996@100;24997@100;24998@100;24999@100;25000@100;25001@100;25002@100;25003@100;25004@100,24985@100;24986@100;24987@100;24988@100;24989@100;24990@100;24991@100;24992@100;24993@100;24994@100;24995@100;24996@100;24997@100;24998@100;24999@100;25000@100;25001@100;25002@100;25003@100;25004@100,24985@100;24986@100;24987@100;24988@100;24989@100;24990@100;24991@100;24992@100;24993@100;24994@100;24995@100;24996@100;24997@100;24998@100;24999@100;25000@100;25001@100;25002@100;25003@100;25004@100,24985@100;24986@100;24987@100;24988@100;24989@100;24990@100;24991@100;24992@100;24993@100;24994@100;24995@100;24996@100;24997@100;24998@100;24999@100;25000@100;25001@100;25002@100;25003@100;25004@100,24985@100;24986@100;24987@100;24988@100;24989@100;24990@100;24991@100;24992@100;24993@100;24994@100;24995@100;24996@100;24997@100;24998@100;24999@100;25000@100;25001@100;25002@100;25003@100;25004@100,24985@100;24986@100;24987@100;24988@100;24989@100;24990@100;24991@100;24992@100;24993@100;24994@100;24995@100;24996@100;24997@100;24998@100;24999@100;25000@100;25001@100;25002@100;25003@100;25004@100,24985@100;24986@100;24987@100;24988@100;24989@100;24990@100;24991@100;24992@100;24993@100;24994@100;24995@100;24996@100;24997@100;24998@100;24999@100;25000@100;25001@100;25002@100;25003@100;25004@100,24985@100;24986@100;24987@100;24988@100;24989@100;24990@100;24991@100;24992@100;24993@100;24994@100;24995@100;24996@100;24997@100;24998@100;24999@100;25000@100;25001@100;25002@100;25003@100;25004@100,24985@100;24986@100;24987@100;24988@100;24989@100;24990@100;24991@100;24992@100;24993@100;24994@100;24995@100;24996@100;24997@100;24998@100;24999@100;25000@100;25001@100;25002@100;25003@100;25004@100,24985@100;24986@100;24987@100;24988@100;24989@100;24990@100;24991@100;24992@100;24993@100;24994@100;24995@100;24996@100;24997@100;24998@100;24999@100;25000@100;25001@100;25002@100;25003@100;25004@100,0,0,0,0,,,,
1010,,2,0,1,,,0,,0,1,,4,1*TeamNum+3,7,0,0,0,0,0,0,0,0,0,0,0,0,0,0,24985@100;24986@100;24987@100;24988@100;24989@100;24990@100;24991@100;24992@100;24993@100;24994@100;24995@100;24996@100;24997@100;24998@100;24999@100;25000@100;25001@100;25002@100;25003@100;25004@100,24985@100;24986@100;24987@100;24988@100;24989@100;24990@100;24991@100;24992@100;24993@100;24994@100;24995@100;24996@100;24997@100;24998@100;24999@100;25000@100;25001@100;25002@100;25003@100;25004@100,24985@100;24986@100;24987@100;24988@100;24989@100;24990@100;24991@100;24992@100;24993@100;24994@100;24995@100;24996@100;24997@100;24998@100;24999@100;25000@100;25001@100;25002@100;25003@100;25004@100,24985@100;24986@100;24987@100;24988@100;24989@100;24990@100;24991@100;24992@100;24993@100;24994@100;24995@100;24996@100;24997@100;24998@100;24999@100;25000@100;25001@100;25002@100;25003@100;25004@100,24985@100;24986@100;24987@100;24988@100;24989@100;24990@100;24991@100;24992@100;24993@100;24994@100;24995@100;24996@100;24997@100;24998@100;24999@100;25000@100;25001@100;25002@100;25003@100;25004@100,24985@100;24986@100;24987@100;24988@100;24989@100;24990@100;24991@100;24992@100;24993@100;24994@100;24995@100;24996@100;24997@100;24998@100;24999@100;25000@100;25001@100;25002@100;25003@100;25004@100,24985@100;24986@100;24987@100;24988@100;24989@100;24990@100;24991@100;24992@100;24993@100;24994@100;24995@100;24996@100;24997@100;24998@100;24999@100;25000@100;25001@100;25002@100;25003@100;25004@100,24985@100;24986@100;24987@100;24988@100;24989@100;24990@100;24991@100;24992@100;24993@100;24994@100;24995@100;24996@100;24997@100;24998@100;24999@100;25000@100;25001@100;25002@100;25003@100;25004@100,24985@100;24986@100;24987@100;24988@100;24989@100;24990@100;24991@100;24992@100;24993@100;24994@100;24995@100;24996@100;24997@100;24998@100;24999@100;25000@100;25001@100;25002@100;25003@100;25004@100,24985@100;24986@100;24987@100;24988@100;24989@100;24990@100;24991@100;24992@100;24993@100;24994@100;24995@100;24996@100;24997@100;24998@100;24999@100;25000@100;25001@100;25002@100;25003@100;25004@100,0,0,0,0,,,,
1011,神器任务,2,0,2,,TeamLv,0,,0,1,,4,10,7,0,0,0,0,0,0,0,0,0,0,0,0,0,0,32751@100,32732@100,32734@100,32736@100,32738@100,32754@100,32736@100,32738@100,32740@100,32742@100,0,0,0,0,,,,
1012,神器任务,2,0,3,,TeamLv,0,,0,1,,4,10,7,0,0,0,0,0,0,0,0,0,0,0,0,0,0,32752@100,27833@100,27834@100,32752@100,32753@100,32754@100,31414@100,31415@100,27831@100,27832@100,0,0,0,0,,,,
1013,神器任务,2,0,4,,TeamLv,0,,0,1,,4,10,7,0,0,0,0,0,0,0,0,0,0,0,0,0,0,32753@100,32732@100,32733@100,32752@100,32753@100,32754@100,32747@100,32748@100,32749@100,32750@100,0,0,0,0,,,,
1014,神器任务,2,0,5,,TeamLv,0,,0,1,,4,10,7,0,0,0,0,0,0,0,0,0,0,0,0,0,0,32754@100,32734@100,32743@100,32752@100,32753@100,32754@100,32739@100,32740@100,32741@100,32742@100,0,0,0,0,,,,
1015,,,0,6,,,0,,0,,,4,1*TeamNum,7,0,0,25182@100,0,0,0,0,0,0,0,0,0,0,0,25323@12;25324@12;25326@12;25327@12;25328@12;25329@12;25330@12;25331@16,25323@12;25324@12;25326@12;25327@12;25328@12;25329@12;25330@12;25331@16,25323@12;25324@12;25326@12;25327@12;25328@12;25329@12;25330@12;25331@16,25323@12;25324@12;25326@12;25327@12;25328@12;25329@12;25330@12;25331@16,25323@12;25324@12;25326@12;25327@12;25328@12;25329@12;25330@12;25331@16,25323@12;25324@12;25326@12;25327@12;25328@12;25329@12;25330@12;25331@16,0,0,0,0,0,0,0,0,,,,
1016,,,0,7,,,0,,0,,,4,1*TeamNum,7,0,0,25183@100,0,0,0,0,0,0,0,0,0,0,0,25323@12;25324@12;25326@12;25327@12;25328@12;25329@12;25330@12;25331@16,25323@12;25324@12;25326@12;25327@12;25328@12;25329@12;25330@12;25331@16,25323@12;25324@12;25326@12;25327@12;25328@12;25329@12;25330@12;25331@16,25323@12;25324@12;25326@12;25327@12;25328@12;25329@12;25330@12;25331@16,25323@12;25324@12;25326@12;25327@12;25328@12;25329@12;25330@12;25331@16,25323@12;25324@12;25326@12;25327@12;25328@12;25329@12;25330@12;25331@16,0,0,0,0,0,0,0,0,,,,
1017,,,0,8,,,0,,0,,,4,1*TeamNum,7,0,0,25186@100,0,0,0,0,0,0,0,0,0,0,0,25171@12;25172@12;25173@12;25175@12;25176@12;25177@12;25178@12;25179@16,25171@12;25172@12;25173@12;25175@12;25176@12;25177@12;25178@12;25179@16,25171@12;25172@12;25173@12;25175@12;25176@12;25177@12;25178@12;25179@16,25171@12;25172@12;25173@12;25175@12;25176@12;25177@12;25178@12;25179@16,25171@12;25172@12;25173@12;25175@12;25176@12;25177@12;25178@12;25179@16,25171@12;25172@12;25173@12;25175@12;25176@12;25177@12;25178@12;25179@16,0,0,0,0,0,0,0,0,,,,
1018,,,0,9,,,0,,0,,,4,1*TeamNum,7,0,0,25187@100,0,0,0,0,0,0,0,0,0,0,0,25171@12;25172@12;25173@12;25175@12;25176@12;25177@12;25178@12;25179@16,25171@12;25172@12;25173@12;25175@12;25176@12;25177@12;25178@12;25179@16,25171@12;25172@12;25173@12;25175@12;25176@12;25177@12;25178@12;25179@16,25171@12;25172@12;25173@12;25175@12;25176@12;25177@12;25178@12;25179@16,25171@12;25172@12;25173@12;25175@12;25176@12;25177@12;25178@12;25179@16,25171@12;25172@12;25173@12;25175@12;25176@12;25177@12;25178@12;25179@16,0,0,0,0,0,0,0,0,,,,
1019,,,0,10,,,0,,0,,,4,1*TeamNum,7,0,0,25182@100,0,0,0,0,0,0,0,0,0,0,0,25323@12;25324@12;25325@12;25327@12;25328@12;25329@12;25330@12;25331@16,25323@12;25324@12;25325@12;25327@12;25328@12;25329@12;25330@12;25331@16,25323@12;25324@12;25325@12;25327@12;25328@12;25329@12;25330@12;25331@16,25323@12;25324@12;25325@12;25327@12;25328@12;25329@12;25330@12;25331@16,25323@12;25324@12;25325@12;25327@12;25328@12;25329@12;25330@12;25331@16,25323@12;25324@12;25325@12;25327@12;25328@12;25329@12;25330@12;25331@16,0,0,0,0,0,0,0,0,,,,
1020,,,0,2,,,0,,0,,,4,1*TeamNum,7,0,0,25183@100,0,0,0,0,0,0,0,0,0,0,0,25323@12;25324@12;25325@12;25327@12;25328@12;25329@12;25330@12;25331@16,25323@12;25324@12;25325@12;25327@12;25328@12;25329@12;25330@12;25331@16,25323@12;25324@12;25325@12;25327@12;25328@12;25329@12;25330@12;25331@16,25323@12;25324@12;25325@12;25327@12;25328@12;25329@12;25330@12;25331@16,25323@12;25324@12;25325@12;25327@12;25328@12;25329@12;25330@12;25331@16,25323@12;25324@12;25325@12;25327@12;25328@12;25329@12;25330@12;25331@16,0,0,0,0,0,0,0,0,,,,
1021,,,0,2,,,0,,0,,,4,1*TeamNum,7,0,0,25187@100,0,0,0,0,0,0,0,0,0,0,0,25171@12;25172@12;25173@12;25174@12;25176@12;25177@12;25178@12;25179@16,25171@12;25172@12;25173@12;25174@12;25176@12;25177@12;25178@12;25179@16,25171@12;25172@12;25173@12;25174@12;25176@12;25177@12;25178@12;25179@16,25171@12;25172@12;25173@12;25174@12;25176@12;25177@12;25178@12;25179@16,25171@12;25172@12;25173@12;25174@12;25176@12;25177@12;25178@12;25179@16,25171@12;25172@12;25173@12;25174@12;25176@12;25177@12;25178@12;25179@16,0,0,0,0,0,0,0,0,,,,
1022,,,0,2,,,0,,0,,,4,1*TeamNum,7,0,0,25188@100,0,0,0,0,0,0,0,0,0,0,0,25171@12;25172@12;25173@12;25174@12;25176@12;25177@12;25178@12;25179@16,25171@12;25172@12;25173@12;25174@12;25176@12;25177@12;25178@12;25179@16,25171@12;25172@12;25173@12;25174@12;25176@12;25177@12;25178@12;25179@16,25171@12;25172@12;25173@12;25174@12;25176@12;25177@12;25178@12;25179@16,25171@12;25172@12;25173@12;25174@12;25176@12;25177@12;25178@12;25179@16,25171@12;25172@12;25173@12;25174@12;25176@12;25177@12;25178@12;25179@16,0,0,0,0,0,0,0,0,,,,
1023,,,0,2,,,0,,0,,,4,1*TeamNum,7,0,0,25181@100,0,0,0,0,0,0,0,0,0,0,0,25323@12;25324@12;25325@12;25326@12;25328@12;25329@12;25330@12;25331@16,25323@12;25324@12;25325@12;25326@12;25328@12;25329@12;25330@12;25331@16,25323@12;25324@12;25325@12;25326@12;25328@12;25329@12;25330@12;25331@16,25323@12;25324@12;25325@12;25326@12;25328@12;25329@12;25330@12;25331@16,25323@12;25324@12;25325@12;25326@12;25328@12;25329@12;25330@12;25331@16,25323@12;25324@12;25325@12;25326@12;25328@12;25329@12;25330@12;25331@16,0,0,0,0,0,0,0,0,,,,
1024,,,0,2,,,0,,0,,,4,1*TeamNum,7,0,0,25183@100,0,0,0,0,0,0,0,0,0,0,0,25323@12;25324@12;25325@12;25326@12;25328@12;25329@12;25330@12;25331@16,25323@12;25324@12;25325@12;25326@12;25328@12;25329@12;25330@12;25331@16,25323@12;25324@12;25325@12;25326@12;25328@12;25329@12;25330@12;25331@16,25323@12;25324@12;25325@12;25326@12;25328@12;25329@12;25330@12;25331@16,25323@12;25324@12;25325@12;25326@12;25328@12;25329@12;25330@12;25331@16,25323@12;25324@12;25325@12;25326@12;25328@12;25329@12;25330@12;25331@16,0,0,0,0,0,0,0,0,,,,
1025,,,0,2,,,0,,0,,,4,1*TeamNum,7,0,0,25185@100,0,0,0,0,0,0,0,0,0,0,0,25171@12;25172@12;25173@12;25174@12;25175@12;25177@12;25178@12;25179@16,25171@12;25172@12;25173@12;25174@12;25175@12;25177@12;25178@12;25179@16,25171@12;25172@12;25173@12;25174@12;25175@12;25177@12;25178@12;25179@16,25171@12;25172@12;25173@12;25174@12;25175@12;25177@12;25178@12;25179@16,25171@12;25172@12;25173@12;25174@12;25175@12;25177@12;25178@12;25179@16,25171@12;25172@12;25173@12;25174@12;25175@12;25177@12;25178@12;25179@16,0,0,0,0,0,0,0,0,,,,
1026,,,0,2,,,0,,0,,,4,1*TeamNum,7,0,0,25189@100,0,0,0,0,0,0,0,0,0,0,0,25171@12;25172@12;25173@12;25174@12;25175@12;25177@12;25178@12;25179@16,25171@12;25172@12;25173@12;25174@12;25175@12;25177@12;25178@12;25179@16,25171@12;25172@12;25173@12;25174@12;25175@12;25177@12;25178@12;25179@16,25171@12;25172@12;25173@12;25174@12;25175@12;25177@12;25178@12;25179@16,25171@12;25172@12;25173@12;25174@12;25175@12;25177@12;25178@12;25179@16,25171@12;25172@12;25173@12;25174@12;25175@12;25177@12;25178@12;25179@16,0,0,0,0,0,0,0,0,,,,
1027,,,0,2,,,0,,0,,,4,1*TeamNum,7,0,0,25180@100,0,0,0,0,0,0,0,0,0,0,0,25323@12;25324@12;25325@12;25326@12;25327@12;25329@12;25330@12;25331@16,25323@12;25324@12;25325@12;25326@12;25327@12;25329@12;25330@12;25331@16,25323@12;25324@12;25325@12;25326@12;25327@12;25329@12;25330@12;25331@16,25323@12;25324@12;25325@12;25326@12;25327@12;25329@12;25330@12;25331@16,25323@12;25324@12;25325@12;25326@12;25327@12;25329@12;25330@12;25331@16,25323@12;25324@12;25325@12;25326@12;25327@12;25329@12;25330@12;25331@16,0,0,0,0,0,0,0,0,,,,
1028,,,0,2,,,0,,0,,,4,1*TeamNum,7,0,0,25184@100,0,0,0,0,0,0,0,0,0,0,0,25323@12;25324@12;25325@12;25326@12;25327@12;25329@12;25330@12;25331@16,25323@12;25324@12;25325@12;25326@12;25327@12;25329@12;25330@12;25331@16,25323@12;25324@12;25325@12;25326@12;25327@12;25329@12;25330@12;25331@16,25323@12;25324@12;25325@12;25326@12;25327@12;25329@12;25330@12;25331@16,25323@12;25324@12;25325@12;25326@12;25327@12;25329@12;25330@12;25331@16,25323@12;25324@12;25325@12;25326@12;25327@12;25329@12;25330@12;25331@16,0,0,0,0,0,0,0,0,,,,
1029,,,0,2,,,0,,0,,,4,1*TeamNum,7,0,0,25185@100,0,0,0,0,0,0,0,0,0,0,0,25171@12;25172@12;25173@12;25174@12;25175@12;25176@12;25178@12;25179@16,25171@12;25172@12;25173@12;25174@12;25175@12;25176@12;25178@12;25179@16,25171@12;25172@12;25173@12;25174@12;25175@12;25176@12;25178@12;25179@16,25171@12;25172@12;25173@12;25174@12;25175@12;25176@12;25178@12;25179@16,25171@12;25172@12;25173@12;25174@12;25175@12;25176@12;25178@12;25179@16,25171@12;25172@12;25173@12;25174@12;25175@12;25176@12;25178@12;25179@16,0,0,0,0,0,0,0,0,,,,
1030,,,0,2,,,0,,0,,,4,1*TeamNum,7,0,0,25189@100,0,0,0,0,0,0,0,0,0,0,0,25171@12;25172@12;25173@12;25174@12;25175@12;25176@12;25178@12;25179@16,25171@12;25172@12;25173@12;25174@12;25175@12;25176@12;25178@12;25179@16,25171@12;25172@12;25173@12;25174@12;25175@12;25176@12;25178@12;25179@16,25171@12;25172@12;25173@12;25174@12;25175@12;25176@12;25178@12;25179@16,25171@12;25172@12;25173@12;25174@12;25175@12;25176@12;25178@12;25179@16,25171@12;25172@12;25173@12;25174@12;25175@12;25176@12;25178@12;25179@16,0,0,0,0,0,0,0,0,,,,
1031,,,0,2,,,0,,0,,,4,1*TeamNum,7,0,0,25181@100,0,0,0,0,0,0,0,0,0,0,0,25323@12;25324@12;25325@12;25326@12;25327@12;25328@12;25330@12;25331@16,25323@12;25324@12;25325@12;25326@12;25327@12;25328@12;25330@12;25331@16,25323@12;25324@12;25325@12;25326@12;25327@12;25328@12;25330@12;25331@16,25323@12;25324@12;25325@12;25326@12;25327@12;25328@12;25330@12;25331@16,25323@12;25324@12;25325@12;25326@12;25327@12;25328@12;25330@12;25331@16,25323@12;25324@12;25325@12;25326@12;25327@12;25328@12;25330@12;25331@16,0,0,0,0,0,0,0,0,,,,
1032,,,0,2,,,0,,0,,,4,1*TeamNum,7,0,0,25184@100,0,0,0,0,0,0,0,0,0,0,0,25323@12;25324@12;25325@12;25326@12;25327@12;25328@12;25330@12;25331@16,25323@12;25324@12;25325@12;25326@12;25327@12;25328@12;25330@12;25331@16,25323@12;25324@12;25325@12;25326@12;25327@12;25328@12;25330@12;25331@16,25323@12;25324@12;25325@12;25326@12;25327@12;25328@12;25330@12;25331@16,25323@12;25324@12;25325@12;25326@12;25327@12;25328@12;25330@12;25331@16,25323@12;25324@12;25325@12;25326@12;25327@12;25328@12;25330@12;25331@16,0,0,0,0,0,0,0,0,,,,
1033,,,0,2,,,0,,0,,,4,1*TeamNum,7,0,0,25187@100,0,0,0,0,0,0,0,0,0,0,0,25171@12;25172@12;25173@12;25174@12;25175@12;25176@12;25177@12;25179@16,25171@12;25172@12;25173@12;25174@12;25175@12;25176@12;25177@12;25179@16,25171@12;25172@12;25173@12;25174@12;25175@12;25176@12;25177@12;25179@16,25171@12;25172@12;25173@12;25174@12;25175@12;25176@12;25177@12;25179@16,25171@12;25172@12;25173@12;25174@12;25175@12;25176@12;25177@12;25179@16,25171@12;25172@12;25173@12;25174@12;25175@12;25176@12;25177@12;25179@16,0,0,0,0,0,0,0,0,,,,
1034,,,0,2,,,0,,0,,,4,1*TeamNum,7,0,0,25188@100,0,0,0,0,0,0,0,0,0,0,0,25171@12;25172@12;25173@12;25174@12;25175@12;25176@12;25177@12;25179@16,25171@12;25172@12;25173@12;25174@12;25175@12;25176@12;25177@12;25179@16,25171@12;25172@12;25173@12;25174@12;25175@12;25176@12;25177@12;25179@16,25171@12;25172@12;25173@12;25174@12;25175@12;25176@12;25177@12;25179@16,25171@12;25172@12;25173@12;25174@12;25175@12;25176@12;25177@12;25179@16,25171@12;25172@12;25173@12;25174@12;25175@12;25176@12;25177@12;25179@16,0,0,0,0,0,0,0,0,,,,
1035,,,0,2,,,0,,0,,,4,1*TeamNum,7,0,0,25180@100,0,0,0,0,0,0,0,0,0,0,0,25323@12;25324@12;25325@12;25326@12;25327@12;25328@12;25329@12;25331@16,25323@12;25324@12;25325@12;25326@12;25327@12;25328@12;25329@12;25331@16,25323@12;25324@12;25325@12;25326@12;25327@12;25328@12;25329@12;25331@16,25323@12;25324@12;25325@12;25326@12;25327@12;25328@12;25329@12;25331@16,25323@12;25324@12;25325@12;25326@12;25327@12;25328@12;25329@12;25331@16,25323@12;25324@12;25325@12;25326@12;25327@12;25328@12;25329@12;25331@16,0,0,0,0,0,0,0,0,,,,
1036,,,0,2,,,0,,0,,,4,1*TeamNum,7,0,0,25183@100,0,0,0,0,0,0,0,0,0,0,0,25323@12;25324@12;25325@12;25326@12;25327@12;25328@12;25329@12;25331@16,25323@12;25324@12;25325@12;25326@12;25327@12;25328@12;25329@12;25331@16,25323@12;25324@12;25325@12;25326@12;25327@12;25328@12;25329@12;25331@16,25323@12;25324@12;25325@12;25326@12;25327@12;25328@12;25329@12;25331@16,25323@12;25324@12;25325@12;25326@12;25327@12;25328@12;25329@12;25331@16,25323@12;25324@12;25325@12;25326@12;25327@12;25328@12;25329@12;25331@16,0,0,0,0,0,0,0,0,,,,
1037,,,0,2,,,0,,0,,,4,1*TeamNum,7,0,0,25186@100,0,0,0,0,0,0,0,0,0,0,0,25171@12;25172@12;25173@12;25174@12;25175@12;25176@12;25177@12;25178@16,25171@12;25172@12;25173@12;25174@12;25175@12;25176@12;25177@12;25178@16,25171@12;25172@12;25173@12;25174@12;25175@12;25176@12;25177@12;25178@16,25171@12;25172@12;25173@12;25174@12;25175@12;25176@12;25177@12;25178@16,25171@12;25172@12;25173@12;25174@12;25175@12;25176@12;25177@12;25178@16,25171@12;25172@12;25173@12;25174@12;25175@12;25176@12;25177@12;25178@16,0,0,0,0,0,0,0,0,,,,
1038,,,0,2,,,0,,0,,,4,1*TeamNum,7,0,0,25187@100,0,0,0,0,0,0,0,0,0,0,0,25171@12;25172@12;25173@12;25174@12;25175@12;25176@12;25177@12;25178@16,25171@12;25172@12;25173@12;25174@12;25175@12;25176@12;25177@12;25178@16,25171@12;25172@12;25173@12;25174@12;25175@12;25176@12;25177@12;25178@16,25171@12;25172@12;25173@12;25174@12;25175@12;25176@12;25177@12;25178@16,25171@12;25172@12;25173@12;25174@12;25175@12;25176@12;25177@12;25178@16,25171@12;25172@12;25173@12;25174@12;25175@12;25176@12;25177@12;25178@16,0,0,0,0,0,0,0,0,,,,
1039,,,0,2,,,0,,0,,,4,1*TeamNum,7,0,0,25181@100,0,0,0,0,0,0,0,0,0,0,0,25323@12;25324@12;25325@12;25326@12;25327@12;25328@12;25329@12;25330@16,25323@12;25324@12;25325@12;25326@12;25327@12;25328@12;25329@12;25330@16,25323@12;25324@12;25325@12;25326@12;25327@12;25328@12;25329@12;25330@16,25323@12;25324@12;25325@12;25326@12;25327@12;25328@12;25329@12;25330@16,25323@12;25324@12;25325@12;25326@12;25327@12;25328@12;25329@12;25330@16,25323@12;25324@12;25325@12;25326@12;25327@12;25328@12;25329@12;25330@16,0,0,0,0,0,0,0,0,,,,
1040,,,0,2,,,0,,0,,,4,1*TeamNum,7,0,0,25182@100,0,0,0,0,0,0,0,0,0,0,0,25323@12;25324@12;25325@12;25326@12;25327@12;25328@12;25329@12;25330@16,25323@12;25324@12;25325@12;25326@12;25327@12;25328@12;25329@12;25330@16,25323@12;25324@12;25325@12;25326@12;25327@12;25328@12;25329@12;25330@16,25323@12;25324@12;25325@12;25326@12;25327@12;25328@12;25329@12;25330@16,25323@12;25324@12;25325@12;25326@12;25327@12;25328@12;25329@12;25330@16,25323@12;25324@12;25325@12;25326@12;25327@12;25328@12;25329@12;25330@16,0,0,0,0,0,0,0,0,,,,
1041,,,0,2,,,0,,0,,,4,0*TeamNum+6+2*random(),7,0,0,0,0,0,0,0,0,0,0,0,0,0,0,25015@100,25024@100,25017@100,25017@100,25017@100,25017@100,25017@100,25017@100,25017@100,25017@100,0,0,0,0,,,,
1042,,,0,2,,,0,,0,,,4,0*TeamNum+6+2*random(),7,0,0,0,0,0,0,0,0,0,0,0,0,0,0,25407@100,25029@100,25018@100,25018@100,25018@100,25018@100,25018@100,25018@100,25018@100,25018@100,0,0,0,0,,,,
1043,,,0,2,,,0,,0,,,4,0*TeamNum+6+2*random(),7,0,0,0,0,0,0,0,0,0,0,0,0,0,0,25408@100,25030@100,25019@100,25019@100,25019@100,25019@100,25019@100,25019@100,25019@100,25019@100,0,0,0,0,,,,
1044,,,0,2,,,0,,0,,,4,0*TeamNum+6+2*random(),7,0,0,0,0,0,0,0,0,0,0,0,0,0,0,25409@100,25031@100,25020@100,25020@100,25020@100,25020@100,25020@100,25020@100,25020@100,25020@100,0,0,0,0,,,,
1045,,,0,2,,,0,,0,,,4,0*TeamNum+6+2*random(),7,0,0,0,0,0,0,0,0,0,0,0,0,0,0,25410@100,25032@100,25021@100,25021@100,25021@100,25021@100,25021@100,25021@100,25021@100,25021@100,0,0,0,0,,,,
1046,,,0,2,,,0,,0,,,4,0*TeamNum+6+2*random(),7,0,0,0,0,0,0,0,0,0,0,0,0,0,0,25411@100,25170@100,25022@100,25022@100,25022@100,25022@100,25022@100,25022@100,25022@100,25022@100,0,0,0,0,,,,
1047,,,0,2,,,0,,0,,,4,0*TeamNum+6+2*random(),7,0,0,0,0,0,0,0,0,0,0,0,0,0,0,25412@100,25416@100,25023@100,25023@100,25023@100,25023@100,25023@100,25023@100,25023@100,25023@100,0,0,0,0,,,,
1048,,,0,2,,,0,,0,,,4,0*TeamNum+8+2*random(),7,0,0,0,0,0,0,0,0,0,0,0,0,0,0,25016@100,25025@100,25025@100,25025@100,25025@100,25025@100,25025@100,25025@100,25025@100,25025@100,0,0,0,0,,,,
1049,,,0,2,,,0,,0,,,4,0*TeamNum+8+2*random(),7,0,0,0,0,0,0,0,0,0,0,0,0,0,0,25413@100,25026@100,25026@100,25026@100,25026@100,25026@100,25026@100,25026@100,25026@100,25026@100,0,0,0,0,,,,
1050,,,0,2,,,0,,0,,,4,0*TeamNum+8+2*random(),7,0,0,0,0,0,0,0,0,0,0,0,0,0,0,25414@100,25027@100,25027@100,25027@100,25027@100,25027@100,25027@100,25027@100,25027@100,25027@100,0,0,0,0,,,,
1051,,,0,2,,,0,,0,,,4,0*TeamNum+8+2*random(),7,0,0,0,0,0,0,0,0,0,0,0,0,0,0,25415@100,25028@100,25028@100,25028@100,25028@100,25028@100,25028@100,25028@100,25028@100,25028@100,0,0,0,0,,,,
1052,,,0,3,,,0,,0,,,4,0*TeamNum+2,7,0,0,0,0,0,0,0,0,0,0,0,0,0,0,25398@100,0,0,0,0,25417@25;25418@25;25419@25;25420@25,0,0,0,0,0,0,0,0,,,,
1053,,,0,3,,,0,,0,,,4,0*TeamNum+2,7,0,0,0,0,0,0,0,0,0,0,0,0,0,0,25399@100,0,0,0,0,25417@25;25418@25;25419@25;25420@25,0,0,0,0,0,0,0,0,,,,
1054,,,0,3,,,0,,0,,,4,0*TeamNum+2,7,0,0,0,0,0,0,0,0,0,0,0,0,0,0,25400@100,0,0,0,0,25417@25;25418@25;25419@25;25420@25,0,0,0,0,0,0,0,0,,,,
1055,,,0,3,,,0,,0,,,4,0*TeamNum+2,7,0,0,0,0,0,0,0,0,0,0,0,0,0,0,25401@100,0,0,0,0,25417@25;25418@25;25419@25;25420@25,0,0,0,0,0,0,0,0,,,,
1056,,,0,3,,,0,,0,,,4,0*TeamNum+2,7,0,0,0,0,0,0,0,0,0,0,0,0,0,0,25402@100,0,0,0,0,25417@25;25418@25;25419@25;25420@25,0,0,0,0,0,0,0,0,,,,
1057,,,0,3,,,0,,0,,,4,0*TeamNum+2,7,0,0,0,0,0,0,0,0,0,0,0,0,0,0,25403@100,0,0,0,0,25417@25;25418@25;25419@25;25420@25,0,0,0,0,0,0,0,0,,,,
1058,,,0,3,,,0,,0,,,4,0*TeamNum+2,7,0,0,0,0,0,0,0,0,0,0,0,0,0,0,25404@100,0,0,0,0,25417@25;25418@25;25419@25;25420@25,0,0,0,0,0,0,0,0,,,,
1059,,,0,3,,,0,,0,,,4,0*TeamNum+2,7,0,0,0,0,0,0,0,0,0,0,0,0,0,0,25405@100,0,0,0,0,25417@25;25418@25;25419@25;25420@25,0,0,0,0,0,0,0,0,,,,
1060,,,0,3,,,0,,0,,,4,0*TeamNum+2,7,0,0,0,0,0,0,0,0,0,0,0,0,0,0,25406@100,0,0,0,0,25417@25;25418@25;25419@25;25420@25,0,0,0,0,0,0,0,0,,,,
2310,,2,0,1,,TeamLv,0,,0,1,,4,1*TeamNum+3,7,0,0,0,0,0,0,0,0,0,0,0,0,0,0,24113@100,24118@10;24119@10;24120@10;24121@10;24122@10;24123@10;24124@10;24125@10;24126@10,24118@10;24119@10;24120@10;24121@10;24122@10;24123@10;24124@10;24125@10;24126@10,24118@10;24119@10;24120@10;24121@10;24122@10;24123@10;24124@10;24125@10;24126@10,24118@10;24119@10;24120@10;24121@10;24122@10;24123@10;24124@10;24125@10;24126@10,24127@100,24118@10;24119@10;24120@10;24121@10;24122@10;24123@10;24124@10;24125@10;24126@10,24118@10;24119@10;24120@10;24121@10;24122@10;24123@10;24124@10;24125@10;24126@10,24118@10;24119@10;24120@10;24121@10;24122@10;24123@10;24124@10;24125@10;24126@10,24118@10;24119@10;24120@10;24121@10;24122@10;24123@10;24124@10;24125@10;24126@10,0,0,0,0,,,,
2311,,2,0,2,,TeamLv,0,,0,1,,4,1*TeamNum+3,7,0,0,0,0,0,0,0,0,0,0,0,0,0,0,24114@100,24118@10;24119@10;24120@10;24121@10;24122@10;24123@10;24124@10;24125@10;24126@10,24118@10;24119@10;24120@10;24121@10;24122@10;24123@10;24124@10;24125@10;24126@10,24118@10;24119@10;24120@10;24121@10;24122@10;24123@10;24124@10;24125@10;24126@10,24118@10;24119@10;24120@10;24121@10;24122@10;24123@10;24124@10;24125@10;24126@10,24127@100,24118@10;24119@10;24120@10;24121@10;24122@10;24123@10;24124@10;24125@10;24126@10,24118@10;24119@10;24120@10;24121@10;24122@10;24123@10;24124@10;24125@10;24126@10,24118@10;24119@10;24120@10;24121@10;24122@10;24123@10;24124@10;24125@10;24126@10,24118@10;24119@10;24120@10;24121@10;24122@10;24123@10;24124@10;24125@10;24126@10,0,0,0,0,,,,
2312,,2,0,3,,TeamLv,0,,0,1,,4,1*TeamNum+3,7,0,0,0,0,0,0,0,0,0,0,0,0,0,0,24115@100,24118@10;24119@10;24120@10;24121@10;24122@10;24123@10;24124@10;24125@10;24126@10,24118@10;24119@10;24120@10;24121@10;24122@10;24123@10;24124@10;24125@10;24126@10,24118@10;24119@10;24120@10;24121@10;24122@10;24123@10;24124@10;24125@10;24126@10,24118@10;24119@10;24120@10;24121@10;24122@10;24123@10;24124@10;24125@10;24126@10,24127@100,24118@10;24119@10;24120@10;24121@10;24122@10;24123@10;24124@10;24125@10;24126@10,24118@10;24119@10;24120@10;24121@10;24122@10;24123@10;24124@10;24125@10;24126@10,24118@10;24119@10;24120@10;24121@10;24122@10;24123@10;24124@10;24125@10;24126@10,24118@10;24119@10;24120@10;24121@10;24122@10;24123@10;24124@10;24125@10;24126@10,0,0,0,0,,,,
2313,,2,0,4,,TeamLv,0,,0,1,,4,1*TeamNum+3,7,0,0,0,0,0,0,0,0,0,0,0,0,0,0,24116@100,24118@10;24119@10;24120@10;24121@10;24122@10;24123@10;24124@10;24125@10;24126@10,24118@10;24119@10;24120@10;24121@10;24122@10;24123@10;24124@10;24125@10;24126@10,24118@10;24119@10;24120@10;24121@10;24122@10;24123@10;24124@10;24125@10;24126@10,24118@10;24119@10;24120@10;24121@10;24122@10;24123@10;24124@10;24125@10;24126@10,24127@100,24118@10;24119@10;24120@10;24121@10;24122@10;24123@10;24124@10;24125@10;24126@10,24118@10;24119@10;24120@10;24121@10;24122@10;24123@10;24124@10;24125@10;24126@10,24118@10;24119@10;24120@10;24121@10;24122@10;24123@10;24124@10;24125@10;24126@10,24118@10;24119@10;24120@10;24121@10;24122@10;24123@10;24124@10;24125@10;24126@10,0,0,0,0,,,,
2314,,2,0,5,,TeamLv,0,,0,1,,4,1*TeamNum+3,7,0,0,0,0,0,0,0,0,0,0,0,0,0,0,24117@100,24118@10;24119@10;24120@10;24121@10;24122@10;24123@10;24124@10;24125@10;24126@10,24118@10;24119@10;24120@10;24121@10;24122@10;24123@10;24124@10;24125@10;24126@10,24118@10;24119@10;24120@10;24121@10;24122@10;24123@10;24124@10;24125@10;24126@10,24118@10;24119@10;24120@10;24121@10;24122@10;24123@10;24124@10;24125@10;24126@10,24127@100,24118@10;24119@10;24120@10;24121@10;24122@10;24123@10;24124@10;24125@10;24126@10,24118@10;24119@10;24120@10;24121@10;24122@10;24123@10;24124@10;24125@10;24126@10,24118@10;24119@10;24120@10;24121@10;24122@10;24123@10;24124@10;24125@10;24126@10,24118@10;24119@10;24120@10;24121@10;24122@10;24123@10;24124@10;24125@10;24126@10,0,0,0,0,,,,
2315,,2,0,6,,TeamLv,0,,0,1,,4,1*TeamNum+3,7,0,0,0,0,0,0,0,0,0,0,0,0,0,0,22045@25;22097@25;22145@25;22161@25,22004@25;22008@25;22116@25,22004@25;22008@25;22116@25,0,0,0,0,0,0,0,0,0,0,0,,,,
2316,,2,0,7,,TeamLv,0,,0,1,,4,1*TeamNum+3,7,0,0,0,0,0,0,0,0,0,0,0,0,0,0,22045@25;22097@25;22145@25;22161@25,22004@25;22008@25;22116@25,22004@25;22008@25;22116@25,0,0,0,0,0,0,0,0,0,0,0,,,,
2317,,2,0,8,,TeamLv,0,,0,1,,4,1*TeamNum+3,7,0,0,0,0,0,0,0,0,0,0,0,0,0,0,22045@25;22097@25;22145@25;22161@25,22004@25;22008@25;22116@25,22004@25;22008@25;22116@25,0,0,0,0,0,0,0,0,0,0,0,,,,
2318,,2,0,9,,TeamLv,0,,0,1,,4,1*TeamNum+3,7,0,0,0,0,0,0,0,0,0,0,0,0,0,0,22045@25;22097@25;22145@25;22161@25,22004@25;22008@25;22116@25,22004@25;22008@25;22116@25,0,0,0,0,0,0,0,0,0,0,0,,,,
2319,,2,0,10,,TeamLv,0,,0,1,,4,1*TeamNum+3,7,0,0,0,0,0,0,0,0,0,0,0,0,0,0,24128@100,24129@25;24130@25;24131@25;24132@25,24129@25;24130@25;24131@25;24132@25,24129@25;24130@25;24131@25;24132@25,24129@25;24130@25;24131@25;24132@25,24129@25;24130@25;24131@25;24132@25,24129@25;24130@25;24131@25;24132@25,24129@25;24130@25;24131@25;24132@25,24129@25;24130@25;24131@25;24132@25,24129@25;24130@25;24131@25;24132@25,0,0,0,0,,,,
2320,,2,0,1,,TeamLv,0,,0,1,,4,1*TeamNum+3,7,0,0,0,0,0,0,0,0,0,0,0,0,0,0,27803@100,27803@100,27803@100,27803@100,0,0,0,0,0,0,0,0,0,0,,,,
2329,挖宝遇怪战斗,2,0,1,,TeamLv,0,,0,1,,4,5,7,0,0,0,0,0,0,0,0,0,0,0,0,0,0,24402@100,24403@25;24404@25;24405@25;24406@25,24403@25;24404@25;24405@25;24406@25,24403@25;24404@25;24405@25;24406@25,24403@25;24404@25;24405@25;24406@25,0,0,0,0,0,0,0,0,0,,,,
2352,,2,0,5,,TeamLv,0,,0,1,,4,10,7,0,0,0,0,0,0,0,0,0,0,0,0,0,0,27835@100,27832@100,27832@100,27834@100,27834@100,27833@100,27834@100,27834@100,27833@100,27833@100,0,0,0,0,,,,
2353,藏宝图-考古任务,2,0,6,,TeamLv,0,,0,1,,4,3,7,0,0,0,0,0,0,0,0,0,0,0,0,0,0,27925@100,27926@20;27927@20;27928@20;27929@20;27930@20,27926@20;27927@20;27928@20;27929@20;27930@20,27926@20;27927@20;27928@20;27929@20;27930@20,27926@20;27927@20;27928@20;27929@20;27930@20,27926@20;27927@20;27928@20;27929@20;27930@20,0,0,0,0,0,0,0,0,,,,
2354,神器任务,2,0,7,,TeamLv,0,,0,1,,4,10,7,0,0,0,0,0,0,0,0,0,0,0,0,0,0,32740@100,32732@100,32734@100,32736@100,32738@100,32740@100,32742@100,32744@100,32746@100,32748@100,0,0,0,0,,,,
2355,神器任务,2,0,8,,TeamLv,0,,0,1,,4,10,7,0,0,0,0,0,0,0,0,0,0,0,0,0,0,32741@100,32733@100,32735@100,32737@100,32739@100,32741@100,32743@100,32745@100,32747@100,32749@100,0,0,0,0,,,,
2356,不周山神,2,0,9,,TeamLv,0,,0,1,,4,10,7,0,0,0,0,0,0,0,0,0,0,0,0,0,0,27924@100,27933@100,27933@100,27933@100,27934@100,27934@100,27934@100,27935@100,27935@100,27935@100,0,0,0,0,,,,
2357,,2,0,10,,TeamLv,0,,0,1,,4,10,7,0,0,0,0,0,0,0,0,0,0,0,0,0,0,27903@100,27934@100,27934@100,27934@100,27935@100,27935@100,27935@100,27936@100,27936@100,27936@100,0,0,0,0,,,,
2358,,2,0,1,,TeamLv,0,,0,1,,4,10,7,0,0,0,0,0,0,0,0,0,0,0,0,0,0,27904@100,27935@100,27935@100,27935@100,27936@100,27936@100,27936@100,27937@100,27937@100,27937@100,0,0,0,0,,,,
2359,,2,0,2,,TeamLv,0,,0,1,,4,10,7,0,0,0,0,0,0,0,0,0,0,0,0,0,0,27905@100,27936@100,27936@100,27936@100,27937@100,27937@100,27937@100,27938@100,27938@100,27938@100,0,0,0,0,,,,
2360,心月狐之影,2,0,3,,TeamLv,0,,0,1,,4,10,7,0,0,0,0,0,0,0,0,0,0,0,0,0,0,27906@100,27937@100,27937@100,27937@100,27938@100,27938@100,27938@100,27939@100,27939@100,27939@100,0,0,0,0,,,,
2361,上古邪龙,2,0,4,,TeamLv,0,,0,1,,4,10,7,0,0,0,0,0,0,0,0,0,0,0,0,0,0,27907@100,27938@100,27938@100,27938@100,27939@100,27939@100,27939@100,27940@100,27940@100,27940@100,0,0,0,0,,,,
2362,,2,0,5,,TeamLv,0,,0,1,,4,10,7,0,0,0,0,0,0,0,0,0,0,0,0,0,0,27908@100,27939@100,27939@100,27939@100,27940@100,27940@100,27940@100,27941@100,27941@100,27941@100,0,0,0,0,,,,
2363,错误邪龙,2,0,6,,TeamLv,0,,0,1,,4,10,7,0,0,0,0,0,0,0,0,0,0,0,0,0,0,27909@100,27941@100,27941@100,27941@100,27942@100,27942@100,27942@100,27943@100,27943@100,27943@100,0,0,0,0,,,,
2364,超级地煞,2,0,1,,TeamLv,0,,0,1,,4,10,7,0,0,0,0,0,0,0,0,0,0,0,0,0,0,27910@100,27941@100,27941@100,27941@100,27942@100,27942@100,27942@100,27943@100,27943@100,27943@100,0,0,0,0,,,,
2365,妖魔鬼怪先锋,2,0,2,,TeamLv,0,,0,1,,4,10,7,0,0,0,0,0,0,0,0,0,0,0,0,0,0,30939@100,31096@50;31097@50,31098@100,31095@100,31095@100,31102@50;31103@50,31100@100,31100@100,31099@100,31099@100,0,0,0,0,,,,
2366,妖魔鬼怪头目,2,0,3,,TeamLv,0,,0,1,,4,10,7,0,0,0,0,0,0,0,0,0,0,0,0,0,0,30940@100,31096@50;31097@50,31098@100,31095@100,31095@100,27826@40;27827@40;31101@20,27824@40;27825@40;31101@20,27828@30;27829@30;27830@30;31101@10,31095@33;31094@33;31094@33,31095@33;31094@33;31094@33,0,0,0,0,,,,
2367,妖魔鬼怪大王,2,0,4,,TeamLv,0,,0,1,,4,10,7,0,0,0,0,0,0,0,0,0,0,0,0,0,0,30941@100,31096@50;31097@50,31098@100,31095@100,31095@100,27826@40;27827@40;31101@20,27824@40;27825@40;31101@20,27828@30;27829@30;27830@30;31101@10,31095@33;31094@33;31094@33,31095@33;31094@33;31094@33,0,0,0,0,,,,
2368,妖魔鬼怪先锋,2,0,5,,TeamLv,0,,0,1,,4,10,7,0,0,0,0,0,0,0,0,0,0,0,0,0,0,30942@100,31096@50;31097@50,31098@100,31095@100,31095@100,31102@50;31103@50,31100@100,31100@100,31099@100,31099@100,0,0,0,0,,,,
2369,妖魔鬼怪头目,2,0,6,,TeamLv,0,,0,1,,4,10,7,0,0,0,0,0,0,0,0,0,0,0,0,0,0,30943@100,31096@50;31097@50,31098@100,31095@100,31095@100,27826@40;27827@40;31101@20,27824@40;27825@40;31101@20,27828@30;27829@30;27830@30;31101@10,31095@33;31094@33;31094@33,31095@33;31094@33;31094@33,0,0,0,0,,,,
2370,妖魔鬼怪大王,2,0,7,,TeamLv,0,,0,1,,4,10,7,0,0,0,0,0,0,0,0,0,0,0,0,0,0,30944@100,31096@50;31097@50,31098@100,31095@100,31095@100,27826@40;27827@40;31101@20,27824@40;27825@40;31101@20,27828@30;27829@30;27830@30;31101@10,31095@33;31094@33;31094@33,31095@33;31094@33;31094@33,0,0,0,0,,,,
2371,妖魔鬼怪先锋,2,0,8,,TeamLv,0,,0,1,,4,10,7,0,0,0,0,0,0,0,0,0,0,0,0,0,0,30945@100,31096@50;31097@50,31098@100,31095@100,31095@100,27826@40;27827@40;31101@20,27824@40;27825@40;31101@20,27828@30;27829@30;27830@30;31101@10,31095@33;31094@33;31094@33,31095@33;31094@33;31094@33,0,0,0,0,,,,
2372,妖魔鬼怪头目,2,0,9,,TeamLv,0,,0,1,,4,10,7,0,0,0,0,0,0,0,0,0,0,0,0,0,0,30946@100,31096@50;31097@50,31098@100,31095@100,31095@100,31402@33;31403@34;31404@33,31405@25;31406@25;31407@25;31408@02,31163@20;31164@20;31165@20;31166@20;31167@20,31412@25;31413@25;31414@25;31415@25,31402@33;31403@34;31404@33,0,0,0,0,,,,
2373,妖魔鬼怪大王,2,0,10,,TeamLv,0,,0,1,,4,10,7,0,0,0,0,0,0,0,0,0,0,0,0,0,0,30947@100,31096@50;31097@50,31098@100,31095@100,31095@100,31402@33;31403@34;31404@33,31405@25;31406@25;31407@25;31408@02,31163@20;31164@20;31165@20;31166@20;31167@20,31412@25;31413@25;31414@25;31415@25,31402@33;31403@34;31404@33,0,0,0,0,,,,
2374,,2,0,7,,TeamLv,0,,0,1,,4,10,7,0,0,0,0,0,0,0,0,0,0,0,0,0,0,27920@100,31096@50;31097@50,31098@100,31095@100,31095@100,27938@100,27938@100,27940@100,27940@100,27940@100,0,0,0,0,,,,
2375,妖王,2,0,8,,TeamLv,0,,0,1,,4,10,7,0,0,0,0,0,0,0,0,0,0,0,0,0,0,27921@100,27900@100,27900@100,27901@100,27902@100,27939@100,27939@100,27933@100,27933@100,27933@100,0,0,0,0,,,,
2376,妖王,2,0,9,,TeamLv,0,,0,1,,4,10,7,0,0,0,0,0,0,0,0,0,0,0,0,0,0,27922@100,27904@100,27904@100,27905@100,27906@100,27940@100,27940@100,27934@100,27934@100,27934@100,0,0,0,0,,,,
2377,妖王,2,0,10,,TeamLv,0,,0,1,,4,10,7,0,0,0,0,0,0,0,0,0,0,0,0,0,0,27923@100,27908@100,27908@100,27909@100,27910@100,27941@100,27941@100,27935@100,27935@100,27935@100,0,0,0,0,,,,
2378,不周山神,2,0,1,,TeamLv,0,,0,1,,4,10,7,0,0,0,0,0,0,0,0,0,0,0,0,0,0,27924@100,27912@100,27912@100,27913@100,27914@100,27942@100,27942@100,27936@100,27936@100,27936@100,0,0,0,0,,,,
2379,远古妖王,2,0,2,,TeamLv,0,,0,1,,4,10,7,0,0,0,0,0,0,0,0,0,0,0,0,0,0,27916@100,27918@100,27919@100,27920@100,27921@100,27922@100,27923@100,27918@20;27919@20;27920@20;27921@16;27922@12;27923@12,27918@20;27919@20;27920@20;27921@16;27922@12;27923@12,27918@20;27919@20;27920@20;27921@16;27922@12;27923@12,0,0,0,0,,,,
2380,远古妖王,2,0,3,,TeamLv,0,,0,1,,4,10,7,0,0,0,0,0,0,0,0,0,0,0,0,0,0,27917@100,27918@100,27919@100,27920@100,27921@100,27922@100,27923@100,27918@20;27919@20;27920@20;27921@16;27922@12;27923@12,27918@20;27919@20;27920@20;27921@16;27922@12;27923@12,27918@20;27919@20;27920@20;27921@16;27922@12;27923@12,0,0,0,0,,,,
2381,,2,0,4,,TeamLv,0,,0,1,,4,10,7,0,0,0,0,0,0,0,0,0,0,0,0,0,0,22420@100,0,0,0,0,0,0,0,0,0,0,0,0,0,,,,
2382,,2,0,5,,TeamLv,0,,0,1,,4,10,7,0,0,0,0,0,0,0,0,0,0,0,0,0,0,22421@100,0,0,0,0,0,0,0,0,0,0,0,0,0,,,,
2383,,2,0,6,,TeamLv,0,,0,1,,4,10,7,0,0,0,0,0,0,0,0,0,0,0,0,0,0,22422@100,0,0,0,0,0,0,0,0,0,0,0,0,0,,,,
2384,,2,0,7,,TeamLv,0,,0,1,,4,10,7,0,0,0,0,0,0,0,0,0,0,0,0,0,0,22423@100,0,0,0,0,0,0,0,0,0,0,0,0,0,,,,
2385,,2,0,8,,TeamLv,0,,0,1,,4,10,7,0,0,0,0,0,0,0,0,0,0,0,0,0,0,22424@100,0,0,0,0,0,0,0,0,0,0,0,0,0,,,,
2386,,2,0,9,,TeamLv,0,,0,1,,4,10,7,0,0,0,0,0,0,0,0,0,0,0,0,0,0,22425@100,0,0,0,0,0,0,0,0,0,0,0,0,0,,,,
2387,,2,0,10,,TeamLv,0,,0,1,,4,10,7,0,0,0,0,0,0,0,0,0,0,0,0,0,0,22426@100,0,0,0,0,0,0,0,0,0,0,0,0,0,,,,
2388,,2,0,1,,TeamLv,0,,0,1,,4,10,7,0,0,0,0,0,0,0,0,0,0,0,0,0,0,22427@100,0,0,0,0,0,0,0,0,0,0,0,0,0,,,,
2389,,2,0,2,,TeamLv,0,,0,1,,4,10,7,0,0,0,0,0,0,0,0,0,0,0,0,0,0,22428@100,0,0,0,0,0,0,0,0,0,0,0,0,0,,,,
2390,,2,0,3,,TeamLv,0,,0,1,,4,10,7,0,0,0,0,0,0,0,0,0,0,0,0,0,0,22429@100,0,0,0,0,0,0,0,0,0,0,0,0,0,,,,
2391,,2,0,4,,TeamLv,0,,0,1,,4,10,7,0,0,0,0,0,0,0,0,0,0,0,0,0,0,22430@100,0,0,0,0,0,0,0,0,0,0,0,0,0,,,,
2392,,2,0,5,,TeamLv,0,,0,1,,4,10,7,0,0,0,0,0,0,0,0,0,0,0,0,0,0,22431@100,0,0,0,0,0,0,0,0,0,0,0,0,0,,,,
2393,,2,0,6,,TeamLv,0,,0,1,,4,10,7,0,0,0,0,0,0,0,0,0,0,0,0,0,0,22432@100,0,0,0,0,0,0,0,0,0,0,0,0,0,,,,
2394,,2,0,7,,TeamLv,0,,0,1,,4,10,7,0,0,0,0,0,0,0,0,0,0,0,0,0,0,22433@100,0,0,0,0,0,0,0,0,0,0,0,0,0,,,,
2395,,2,0,8,,TeamLv,0,,0,1,,4,10,7,0,0,0,0,0,0,0,0,0,0,0,0,0,0,22434@100,0,0,0,0,0,0,0,0,0,0,0,0,0,,,,
2396,,2,0,9,,TeamLv,0,,0,1,,4,10,7,0,0,0,0,0,0,0,0,0,0,0,0,0,0,22435@100,0,0,0,0,0,0,0,0,0,0,0,0,0,,,,
2397,,2,0,10,,TeamLv,0,,0,1,,4,10,7,0,0,0,0,0,0,0,0,0,0,0,0,0,0,22436@100,0,0,0,0,0,0,0,0,0,0,0,0,0,,,,
2398,,2,0,1,,TeamLv,0,,0,1,,4,10,7,0,0,0,0,0,0,0,0,0,0,0,0,0,0,22437@100,0,0,0,0,0,0,0,0,0,0,0,0,0,,,,
2399,,2,0,2,,TeamLv,0,,0,1,,4,10,7,0,0,0,0,0,0,0,0,0,0,0,0,0,0,22438@100,0,0,0,0,0,0,0,0,0,0,0,0,0,,,,
2400,,2,0,3,,TeamLv,0,,0,1,,4,10,7,0,0,0,0,0,0,0,0,0,0,0,0,0,0,22439@100,0,0,0,0,0,0,0,0,0,0,0,0,0,,,,
2401,,2,0,4,,TeamLv,0,,0,1,,4,10,7,0,0,0,0,0,0,0,0,0,0,0,0,0,0,22440@100,0,0,0,0,0,0,0,0,0,0,0,0,0,,,,
2402,,2,0,5,,TeamLv,0,,0,1,,4,10,7,0,0,0,0,0,0,0,0,0,0,0,0,0,0,22441@100,0,0,0,0,0,0,0,0,0,0,0,0,0,,,,
2403,,2,0,6,,TeamLv,0,,0,1,,4,10,7,0,0,0,0,0,0,0,0,0,0,0,0,0,0,22442@100,0,0,0,0,0,0,0,0,0,0,0,0,0,,,,
2404,,2,0,7,,TeamLv,0,,0,1,,4,10,7,0,0,0,0,0,0,0,0,0,0,0,0,0,0,22443@100,0,0,0,0,0,0,0,0,0,0,0,0,0,,,,
2405,,2,0,8,,TeamLv,0,,0,1,,4,10,7,0,0,0,0,0,0,0,0,0,0,0,0,0,0,22444@100,0,0,0,0,0,0,0,0,0,0,0,0,0,,,,
2406,,2,0,9,,TeamLv,0,,0,1,,4,10,7,0,0,0,0,0,0,0,0,0,0,0,0,0,0,22445@100,0,0,0,0,0,0,0,0,0,0,0,0,0,,,,
2407,,2,0,10,,TeamLv,0,,0,1,,4,10,7,0,0,0,0,0,0,0,0,0,0,0,0,0,0,22446@100,0,0,0,0,0,0,0,0,0,0,0,0,0,,,,
2408,,2,0,1,,TeamLv,0,,0,1,,4,10,7,0,0,0,0,0,0,0,0,0,0,0,0,0,0,22447@100,0,0,0,0,0,0,0,0,0,0,0,0,0,,,,
2409,,2,0,2,,TeamLv,0,,0,1,,4,10,7,0,0,0,0,0,0,0,0,0,0,0,0,0,0,22448@100,0,0,0,0,0,0,0,0,0,0,0,0,0,,,,
2410,,2,0,3,,TeamLv,0,,0,1,,4,10,7,0,0,0,0,0,0,0,0,0,0,0,0,0,0,22449@100,0,0,0,0,0,0,0,0,0,0,0,0,0,,,,
2411,,2,0,4,,TeamLv,0,,0,1,,4,10,7,0,0,0,0,0,0,0,0,0,0,0,0,0,0,22450@100,0,0,0,0,0,0,0,0,0,0,0,0,0,,,,
2412,,2,0,5,,TeamLv,0,,0,1,,4,10,7,0,0,0,0,0,0,0,0,0,0,0,0,0,0,22451@100,0,0,0,0,0,0,0,0,0,0,0,0,0,,,,
2413,,2,0,6,,TeamLv,0,,0,1,,4,10,7,0,0,0,0,0,0,0,0,0,0,0,0,0,0,22452@100,0,0,0,0,0,0,0,0,0,0,0,0,0,,,,
2414,,2,0,7,,TeamLv,0,,0,1,,4,10,7,0,0,0,0,0,0,0,0,0,0,0,0,0,0,22453@100,0,0,0,0,0,0,0,0,0,0,0,0,0,,,,
2415,,2,0,8,,TeamLv,0,,0,1,,4,10,7,0,0,0,0,0,0,0,0,0,0,0,0,0,0,22454@100,0,0,0,0,0,0,0,0,0,0,0,0,0,,,,
2416,,2,0,9,,TeamLv,0,,0,1,,4,10,7,0,0,0,0,0,0,0,0,0,0,0,0,0,0,22455@100,0,0,0,0,0,0,0,0,0,0,0,0,0,,,,
2417,,2,0,10,,TeamLv,0,,0,1,,4,10,7,0,0,0,0,0,0,0,0,0,0,0,0,0,0,22456@100,0,0,0,0,0,0,0,0,0,0,0,0,0,,,,
2418,,2,0,1,,TeamLv,0,,0,1,,4,10,7,0,0,0,0,0,0,0,0,0,0,0,0,0,0,22457@100,0,0,0,0,0,0,0,0,0,0,0,0,0,,,,
2419,,2,0,2,,TeamLv,0,,0,1,,4,10,7,0,0,0,0,0,0,0,0,0,0,0,0,0,0,22458@100,0,0,0,0,0,0,0,0,0,0,0,0,0,,,,
2420,,2,0,3,,TeamLv,0,,0,1,,4,10,7,0,0,0,0,0,0,0,0,0,0,0,0,0,0,22459@100,0,0,0,0,0,0,0,0,0,0,0,0,0,,,,
2421,,2,0,4,,TeamLv,0,,0,1,,4,10,7,0,0,0,0,0,0,0,0,0,0,0,0,0,0,22460@100,0,0,0,0,0,0,0,0,0,0,0,0,0,,,,
2422,,2,0,5,,TeamLv,0,,0,1,,4,10,7,0,0,0,0,0,0,0,0,0,0,0,0,0,0,22461@100,0,0,0,0,0,0,0,0,0,0,0,0,0,,,,
2423,,2,0,6,,TeamLv,0,,0,1,,4,10,7,0,0,0,0,0,0,0,0,0,0,0,0,0,0,22462@100,0,0,0,0,0,0,0,0,0,0,0,0,0,,,,
2424,,2,0,7,,TeamLv,0,,0,1,,4,10,7,0,0,0,0,0,0,0,0,0,0,0,0,0,0,22463@100,0,0,0,0,0,0,0,0,0,0,0,0,0,,,,
2425,,2,0,8,,TeamLv,0,,0,1,,4,10,7,0,0,0,0,0,0,0,0,0,0,0,0,0,0,22464@100,0,0,0,0,0,0,0,0,0,0,0,0,0,,,,
2426,,2,0,9,,TeamLv,0,,0,1,,4,10,7,0,0,0,0,0,0,0,0,0,0,0,0,0,0,22465@100,0,0,0,0,0,0,0,0,0,0,0,0,0,,,,
2427,,2,0,10,,TeamLv,0,,0,1,,4,10,7,0,0,0,0,0,0,0,0,0,0,0,0,0,0,22466@100,0,0,0,0,0,0,0,0,0,0,0,0,0,,,,
2428,,2,0,1,,TeamLv,0,,0,1,,4,10,7,0,0,0,0,0,0,0,0,0,0,0,0,0,0,22467@100,0,0,0,0,0,0,0,0,0,0,0,0,0,,,,
2429,,2,0,2,,TeamLv,0,,0,1,,4,10,7,0,0,0,0,0,0,0,0,0,0,0,0,0,0,22468@100,0,0,0,0,0,0,0,0,0,0,0,0,0,,,,
2430,,2,0,3,,TeamLv,0,,0,1,,4,10,7,0,0,0,0,0,0,0,0,0,0,0,0,0,0,22469@100,0,0,0,0,0,0,0,0,0,0,0,0,0,,,,
2431,,2,0,4,,TeamLv,0,,0,1,,4,10,7,0,0,0,0,0,0,0,0,0,0,0,0,0,0,22470@100,0,0,0,0,0,0,0,0,0,0,0,0,0,,,,
2432,,2,0,1,,TeamLv,0,,0,1,,4,10,7,0,0,0,0,0,0,0,0,0,0,0,0,0,0,22471@100,0,0,0,0,0,0,0,0,0,0,0,0,0,,,,
2433,,2,0,2,,TeamLv,0,,0,1,,4,10,7,0,0,0,0,0,0,0,0,0,0,0,0,0,0,22472@100,0,0,0,0,0,0,0,0,0,0,0,0,0,,,,
2434,,2,0,3,,TeamLv,0,,0,1,,4,10,7,0,0,0,0,0,0,0,0,0,0,0,0,0,0,22473@100,0,0,0,0,0,0,0,0,0,0,0,0,0,,,,
2435,,2,0,4,,TeamLv,0,,0,1,,4,10,7,0,0,0,0,0,0,0,0,0,0,0,0,0,0,22474@100,0,0,0,0,0,0,0,0,0,0,0,0,0,,,,
2436,,2,0,5,,TeamLv,0,,0,1,,4,10,7,0,0,0,0,0,0,0,0,0,0,0,0,0,0,22475@100,0,0,0,0,0,0,0,0,0,0,0,0,0,,,,
2437,,2,0,6,,TeamLv,0,,0,1,,4,10,7,0,0,0,0,0,0,0,0,0,0,0,0,0,0,22476@100,0,0,0,0,0,0,0,0,0,0,0,0,0,,,,
2438,,2,0,7,,TeamLv,0,,0,1,,4,10,7,0,0,0,0,0,0,0,0,0,0,0,0,0,0,22477@100,0,0,0,0,0,0,0,0,0,0,0,0,0,,,,
2439,,2,0,8,,TeamLv,0,,0,1,,4,10,7,0,0,0,0,0,0,0,0,0,0,0,0,0,0,22478@100,0,0,0,0,0,0,0,0,0,0,0,0,0,,,,
2440,,2,0,9,,TeamLv,0,,0,1,,4,10,7,0,0,0,0,0,0,0,0,0,0,0,0,0,0,22479@100,0,0,0,0,0,0,0,0,0,0,0,0,0,,,,
2441,,2,0,10,,TeamLv,0,,0,1,,4,10,7,0,0,0,0,0,0,0,0,0,0,0,0,0,0,22480@100,0,0,0,0,0,0,0,0,0,0,0,0,0,,,,
2442,,2,0,7,,TeamLv,0,,0,1,,4,10,7,0,0,0,0,0,0,0,0,0,0,0,0,0,0,22481@100,0,0,0,0,0,0,0,0,0,0,0,0,0,,,,
2443,,2,0,8,,TeamLv,0,,0,1,,4,10,7,0,0,0,0,0,0,0,0,0,0,0,0,0,0,22482@100,0,0,0,0,0,0,0,0,0,0,0,0,0,,,,
2444,,2,0,9,,TeamLv,0,,0,1,,4,10,7,0,0,0,0,0,0,0,0,0,0,0,0,0,0,22483@100,0,0,0,0,0,0,0,0,0,0,0,0,0,,,,
2445,,2,0,10,,TeamLv,0,,0,1,,4,10,7,0,0,0,0,0,0,0,0,0,0,0,0,0,0,22484@100,0,0,0,0,0,0,0,0,0,0,0,0,0,,,,
2446,,2,0,7,,TeamLv,0,,0,1,,4,10,7,0,0,0,0,0,0,0,0,0,0,0,0,0,0,22485@100,0,0,0,0,0,0,0,0,0,0,0,0,0,,,,
2447,,2,0,8,,TeamLv,0,,0,1,,4,10,7,0,0,0,0,0,0,0,0,0,0,0,0,0,0,22486@100,0,0,0,0,0,0,0,0,0,0,0,0,0,,,,
2448,,2,0,9,,TeamLv,0,,0,1,,4,10,7,0,0,0,0,0,0,0,0,0,0,0,0,0,0,22487@100,0,0,0,0,0,0,0,0,0,0,0,0,0,,,,
2449,,2,0,10,,TeamLv,0,,0,1,,4,10,7,0,0,0,0,0,0,0,0,0,0,0,0,0,0,22488@100,0,0,0,0,0,0,0,0,0,0,0,0,0,,,,
2450,,2,0,3,,TeamLv,0,,0,1,,4,10,7,0,0,0,0,0,0,0,0,0,0,0,0,0,0,22489@100,0,0,0,0,0,0,0,0,0,0,0,0,0,,,,
2451,,2,0,4,,TeamLv,0,,0,1,,4,10,7,0,0,0,0,0,0,0,0,0,0,0,0,0,0,22490@100,0,0,0,0,0,0,0,0,0,0,0,0,0,,,,
2452,,2,0,5,,TeamLv,0,,0,1,,4,10,7,0,0,0,0,0,0,0,0,0,0,0,0,0,0,22491@100,0,0,0,0,0,0,0,0,0,0,0,0,0,,,,
2453,,2,0,6,,TeamLv,0,,0,1,,4,10,7,0,0,0,0,0,0,0,0,0,0,0,0,0,0,22492@100,0,0,0,0,0,0,0,0,0,0,0,0,0,,,,
2454,,2,0,7,,TeamLv,0,,0,1,,4,10,7,0,0,0,0,0,0,0,0,0,0,0,0,0,0,22493@100,0,0,0,0,0,0,0,0,0,0,0,0,0,,,,
2455,,2,0,8,,TeamLv,0,,0,1,,4,10,7,0,0,0,0,0,0,0,0,0,0,0,0,0,0,22494@100,0,0,0,0,0,0,0,0,0,0,0,0,0,,,,
2456,,2,0,9,,TeamLv,0,,0,1,,4,10,7,0,0,0,0,0,0,0,0,0,0,0,0,0,0,22495@100,0,0,0,0,0,0,0,0,0,0,0,0,0,,,,
2457,,2,0,10,,TeamLv,0,,0,1,,4,10,7,0,0,0,0,0,0,0,0,0,0,0,0,0,0,22496@100,0,0,0,0,0,0,0,0,0,0,0,0,0,,,,
2458,,2,0,9,,TeamLv,0,,0,1,,4,10,7,0,0,0,0,0,0,0,0,0,0,0,0,0,0,22497@100,0,0,0,0,0,0,0,0,0,0,0,0,0,,,,
2459,,2,0,10,,TeamLv,0,,0,1,,4,10,7,0,0,0,0,0,0,0,0,0,0,0,0,0,0,22498@100,0,0,0,0,0,0,0,0,0,0,0,0,0,,,,
2460,,2,0,5,,TeamLv,0,,0,1,,4,10,7,0,0,0,0,0,0,0,0,0,0,0,0,0,0,22499@100,0,0,0,0,0,0,0,0,0,0,0,0,0,,,,
2461,可用1,2,0,6,,TeamLv,0,,0,1,,4,10,7,0,0,0,0,0,0,0,0,0,0,0,0,0,0,24100@25;24101@25;24102@25;24103@25,24104@15;24105@15;24106@15;24107@15;24108@10;24109@10;24110@10;24111@10,24104@15;24105@15;24106@15;24107@15;24108@10;24109@10;24110@10;24111@10,24104@15;24105@15;24106@15;24107@15;24108@10;24109@10;24110@10;24111@10,0,0,0,0,0,0,0,0,0,0,,,,
2462,可用2,2,0,5,,TeamLv,0,,0,1,,4,5,7,0,0,0,0,0,0,0,0,0,0,0,0,0,0,24135@100,24135@100,24135@100,24135@100,24135@100,0,0,0,0,0,0,0,0,0,,,,
2463,可用3,2,0,6,,TeamLv,0,,0,1,,4,5,7,0,0,0,0,0,0,0,0,0,0,0,0,0,0,24136@100,24136@100,24136@100,24136@100,24136@100,0,0,0,0,0,0,0,0,0,,,,
2464,可用4,2,0,7,,TeamLv,0,,0,1,,4,5,7,0,0,0,0,0,0,0,0,0,0,0,0,0,0,24137@100,24137@100,24137@100,24137@100,24137@100,0,0,0,0,0,0,0,0,0,,,,
2465,可用5,2,0,8,,TeamLv,0,,0,1,,4,5,7,0,0,0,0,0,0,0,0,0,0,0,0,0,0,24138@100,24138@100,24138@100,24138@100,24138@100,0,0,0,0,0,0,0,0,0,,,,
2466,可用6,2,0,9,,TeamLv,0,,0,1,,4,5,7,0,0,0,0,0,0,0,0,0,0,0,0,0,0,24139@100,24139@100,24139@100,24139@100,24139@100,0,0,0,0,0,0,0,0,0,,,,
2467,可用7,2,0,10,,TeamLv,0,,0,1,,4,5,7,0,0,0,0,0,0,0,0,0,0,0,0,0,0,24140@100,24140@100,24140@100,24140@100,24140@100,0,0,0,0,0,0,0,0,0,,,,
2468,可用8,2,0,1,,TeamLv,0,,0,1,,4,5,7,0,0,0,0,0,0,0,0,0,0,0,0,0,0,24141@100,24141@100,24141@100,24141@100,24141@100,0,0,0,0,0,0,0,0,0,,,,
2469,可用9,2,0,2,,TeamLv,0,,0,1,,4,5,7,0,0,0,0,0,0,0,0,0,0,0,0,0,0,24142@100,24142@100,24142@100,24142@100,24142@100,0,0,0,0,0,0,0,0,0,,,,
2470,可用10,2,0,3,,TeamLv,0,,0,1,,4,5,7,0,0,0,0,0,0,0,0,0,0,0,0,0,0,24143@100,24143@100,24143@100,24143@100,24143@100,0,0,0,0,0,0,0,0,0,,,,
2471,寅虎,2,0,10,,TeamLv,0,,0,1,,4,10,7,0,0,0,0,0,0,0,0,0,0,0,0,0,0,31425@100,31096@50;31097@50,31098@100,31095@100,31095@100,31094@100,31094@100,31094@100,31093@100,31093@100,0,0,0,0,,,,
2472,丑牛,2,0,10,,TeamLv,0,,0,1,,4,10,7,0,0,0,0,0,0,0,0,0,0,0,0,0,0,31426@100,31096@50;31097@50,31098@100,31095@100,31095@100,31094@100,31094@100,31094@100,31093@100,31093@100,0,0,0,0,,,,
2473,子鼠,2,0,10,,TeamLv,0,,0,1,,4,10,7,0,0,0,0,0,0,0,0,0,0,0,0,0,0,31427@100,31096@50;31097@50,31098@100,31095@100,31095@100,31094@100,31094@100,31094@100,31093@100,31093@100,0,0,0,0,,,,
2474,,2,0,3,,TeamLv,0,,0,1,,4,10,7,0,0,0,0,0,0,0,0,0,0,0,0,0,0,24146@100,24141@100,24141@100,24141@100,24141@100,0,0,0,0,0,0,0,0,0,,,,
2475,,2,0,4,,TeamLv,0,,0,1,,4,10,7,0,0,0,0,0,0,0,0,0,0,0,0,0,0,24146@100,24141@100,24141@100,24141@100,24141@100,0,0,0,0,0,0,0,0,0,,,,
2476,,2,0,5,,TeamLv,0,,0,1,,4,10,7,0,0,0,0,0,0,0,0,0,0,0,0,0,0,24147@100,24141@100,24141@100,24141@100,24141@100,0,0,0,0,0,0,0,0,0,,,,
2477,,2,0,6,,TeamLv,0,,0,1,,4,10,7,0,0,0,0,0,0,0,0,0,0,0,0,0,0,24148@100,24141@100,24141@100,24141@100,24141@100,0,0,0,0,0,0,0,0,0,,,,
2478,,2,0,7,,TeamLv,0,,0,1,,4,10,7,0,0,0,0,0,0,0,0,0,0,0,0,0,0,24149@100,24141@100,24141@100,24141@100,24141@100,0,0,0,0,0,0,0,0,0,,,,
2563,帮会任务-明雷,2,0,6,,TeamLv,0,,0,1,,4,10,7,0,0,0,0,0,0,0,0,0,0,0,0,0,0,24354@25;24355@25;24356@25;24357@25,24354@25;24355@25;24356@25;24357@25,24354@25;24355@25;24356@25;24357@25,24354@25;24355@25;24356@25;24357@25,24354@25;24355@25;24356@25;24357@25,0,0,0,0,0,0,0,0,0,,,,
2564,帮会任务-明雷,2,0,7,,TeamLv,0,,0,1,,4,10,7,0,0,0,0,0,0,0,0,0,0,0,0,0,0,24354@25;24355@25;24356@25;24357@25,24354@25;24355@25;24356@25;24357@25,24354@25;24355@25;24356@25;24357@25,24354@25;24355@25;24356@25;24357@25,24354@25;24355@25;24356@25;24357@25,0,0,0,0,0,0,0,0,0,,,,
2565,帮会任务-明雷,2,0,8,,TeamLv,0,,0,1,,4,10,7,0,0,0,0,0,0,0,0,0,0,0,0,0,0,24354@25;24355@25;24356@25;24357@25,24354@25;24355@25;24356@25;24357@25,24354@25;24355@25;24356@25;24357@25,24354@25;24355@25;24356@25;24357@25,24354@25;24355@25;24356@25;24357@25,0,0,0,0,0,0,0,0,0,,,,
2566,帮会任务-明雷,2,0,9,,TeamLv,0,,0,1,,4,10,7,0,0,0,0,0,0,0,0,0,0,0,0,0,0,24354@25;24355@25;24356@25;24357@25,24354@25;24355@25;24356@25;24357@25,24354@25;24355@25;24356@25;24357@25,24354@25;24355@25;24356@25;24357@25,24354@25;24355@25;24356@25;24357@25,0,0,0,0,0,0,0,0,0,,,,
2600,熔火骑士,2,0,5,,TeamLv,0,,0,1,,0,10,7,0,0,0,0,0,0,0,0,0,0,0,0,0,0,26000@100,26001@100,26002@100,26003@100,26004@100,26075@100,0,0,0,0,0,0,0,0,,,,
2601,熔火哨兵,2,0,6,,TeamLv,0,,0,1,,0,10,7,0,0,0,0,0,0,0,0,0,0,0,0,0,0,26006@100,26005@100,26007@100,26008@100,26009@100,26075@100,0,0,0,0,0,0,0,0,,,,
2602,熔火法师,2,0,7,,TeamLv,0,,0,1,,0,10,7,0,0,0,0,0,0,0,0,0,0,0,0,0,0,26012@100,26011@100,26010@100,26013@100,26014@100,26075@100,0,0,0,0,0,0,0,0,,,,
2603,熔火骑士,2,0,8,,TeamLv,0,,0,1,,0,10,7,0,0,0,0,0,0,0,0,0,0,0,0,0,0,26018@100,26016@100,26017@100,26015@100,26019@100,26075@100,0,0,0,0,0,0,0,0,,,,
2604,熔火哨兵,2,0,9,,TeamLv,0,,0,1,,0,10,7,0,0,0,0,0,0,0,0,0,0,0,0,0,0,26024@100,26021@100,26022@100,26023@100,26020@100,26075@100,0,0,0,0,0,0,0,0,,,,
2605,熔火法师,2,0,10,,TeamLv,0,,0,1,,0,10,7,0,0,0,0,0,0,0,0,0,0,0,0,0,0,26025@100,26026@100,26027@100,26028@100,26029@100,26075@100,0,0,0,0,0,0,0,0,,,,
2606,熔火骑士,2,0,5,,TeamLv,0,,0,1,,0,10,7,0,0,0,0,0,0,0,0,0,0,0,0,0,0,26031@100,26030@100,26032@100,26033@100,26034@100,26075@100,0,0,0,0,0,0,0,0,,,,
2607,熔火哨兵,2,0,6,,TeamLv,0,,0,1,,0,10,7,0,0,0,0,0,0,0,0,0,0,0,0,0,0,26037@100,26036@100,26035@100,26038@100,26039@100,26075@100,0,0,0,0,0,0,0,0,,,,
2608,熔火法师,2,0,7,,TeamLv,0,,0,1,,0,10,7,0,0,0,0,0,0,0,0,0,0,0,0,0,0,26043@100,26041@100,26042@100,26040@100,26044@100,26075@100,0,0,0,0,0,0,0,0,,,,
2609,熔火骑士,2,0,8,,TeamLv,0,,0,1,,0,10,7,0,0,0,0,0,0,0,0,0,0,0,0,0,0,26049@100,26046@100,26047@100,26048@100,26045@100,26075@100,0,0,0,0,0,0,0,0,,,,
2610,熔火哨兵,2,0,9,,TeamLv,0,,0,1,,0,10,7,0,0,0,0,0,0,0,0,0,0,0,0,0,0,26050@100,26051@100,26052@100,26053@100,26054@100,26075@100,0,0,0,0,0,0,0,0,,,,
2611,熔火法师,2,0,10,,TeamLv,0,,0,1,,0,10,7,0,0,0,0,0,0,0,0,0,0,0,0,0,0,26056@100,26055@100,26057@100,26058@100,26059@100,26075@100,0,0,0,0,0,0,0,0,,,,
2612,熔火骑士,2,0,2,,TeamLv,0,,0,1,,0,10,7,0,0,0,0,0,0,0,0,0,0,0,0,0,0,26062@100,26061@100,26060@100,26063@100,26064@100,26075@100,0,0,0,0,0,0,0,0,,,,
2613,熔火哨兵,2,0,3,,TeamLv,0,,0,1,,0,10,7,0,0,0,0,0,0,0,0,0,0,0,0,0,0,26068@100,26066@100,26067@100,26065@100,26069@100,26075@100,0,0,0,0,0,0,0,0,,,,
2614,熔火法师,2,0,4,,TeamLv,0,,0,1,,0,10,7,0,0,0,0,0,0,0,0,0,0,0,0,0,0,26074@100,26071@100,26072@100,26073@100,26070@100,26075@100,0,0,0,0,0,0,0,0,,,,
2615,鲁西拂,2,0,5,,TeamLv,0,,0,1,,0,10,7,0,0,0,0,0,0,0,0,0,0,0,0,0,0,26077@100,26076@100,26078@100,26079@100,26080@100,26075@100,26079@100,26080@100,0,0,0,0,0,0,,,,
2616,玛格达,2,0,6,,TeamLv,0,,0,1,,0,10,7,0,0,0,0,0,0,0,0,0,0,0,0,0,0,26083@100,26082@100,26081@100,26084@100,26085@100,26075@100,26084@100,26085@100,0,0,0,0,0,0,,,,
2617,吉纳斯,2,0,7,,TeamLv,0,,0,1,,0,10,7,0,0,0,0,0,0,0,0,0,0,0,0,0,0,26089@100,26087@100,26088@100,26086@100,26090@100,26075@100,26089@100,26090@100,0,0,0,0,0,0,,,,
2618,加尔罗,2,0,8,,TeamLv,0,,0,1,,0,10,7,0,0,0,0,0,0,0,0,0,0,0,0,0,0,26095@100,26092@100,26093@100,26094@100,26094@100,26075@100,26091@100,26095@100,0,0,0,0,0,0,,,,
2619,嘉顿,2,0,9,,TeamLv,0,,0,1,,0,10,7,0,0,0,0,0,0,0,0,0,0,0,0,0,0,26075@100,26097@100,26098@100,26099@100,26100@100,26096@100,26099@100,26100@100,0,0,0,0,0,0,,,,
2620,沙思拉,2,0,10,,TeamLv,0,,0,1,,0,10,7,0,0,0,0,0,0,0,0,0,0,0,0,0,0,26101@100,26102@100,26103@100,26104@100,26105@100,26075@100,26104@100,26105@100,0,0,0,0,0,0,,,,
2621,萨利弗,2,0,3,,TeamLv,0,,0,1,,0,10,7,0,0,0,0,0,0,0,0,0,0,0,0,0,0,26106@100,26107@100,26108@100,26109@100,26110@100,26075@100,26109@100,26110@100,0,0,0,0,0,0,,,,
2622,古雷曼,2,0,4,,TeamLv,0,,0,1,,0,10,7,0,0,0,0,0,0,0,0,0,0,0,0,0,0,26111@100,26112@100,26113@100,26114@100,26115@100,26075@100,26114@100,26115@100,0,0,0,0,0,0,,,,
2623,埃克图斯,2,0,5,,TeamLv,0,,0,1,,0,10,7,0,0,0,0,0,0,0,0,0,0,0,0,0,0,26116@100,26117@100,26118@100,26119@100,26120@100,26075@100,26119@100,26120@100,0,0,0,0,0,0,,,,
2624,4001,2,0,6,,TeamLv,0,,0,1,,0,6,7,0,0,0,0,0,0,0,0,0,0,0,0,0,0,26136@100,26122@100,26123@100,26124@100,26125@100,0,0,0,0,0,26121@100,0,0,0,,,,
2631,惧封地卜师,2,0,7,,TeamLv,0,,0,1,,0,10,7,0,0,0,0,0,0,0,0,0,0,0,0,0,0,26141@100,26142@100,26143@100,26144@100,26145@100,26216@100,0,0,0,0,0,0,0,0,,,,
2632,铁甲狂乱者,2,0,8,,TeamLv,0,,0,1,,0,10,7,0,0,0,0,0,0,0,0,0,0,0,0,0,0,26147@100,26146@100,26148@100,26149@100,26150@100,26216@100,0,0,0,0,0,0,0,0,,,,
2633,敌法缚法者,2,0,9,,TeamLv,0,,0,1,,0,10,7,0,0,0,0,0,0,0,0,0,0,0,0,0,0,26152@100,26153@100,26151@100,26154@100,26155@100,26216@100,0,0,0,0,0,0,0,0,,,,
2634,惧封地卜师,2,0,1,,TeamLv,0,,0,1,,0,10,7,0,0,0,0,0,0,0,0,0,0,0,0,0,0,26157@100,26158@100,26159@100,26156@100,26160@100,26216@100,0,0,0,0,0,0,0,0,,,,
2635,铁甲狂乱者,2,0,2,,TeamLv,0,,0,1,,0,10,7,0,0,0,0,0,0,0,0,0,0,0,0,0,0,26162@100,26163@100,26164@100,26165@100,26161@100,26216@100,0,0,0,0,0,0,0,0,,,,
2636,敌法缚法者,2,0,3,,TeamLv,0,,0,1,,0,10,7,0,0,0,0,0,0,0,0,0,0,0,0,0,0,26166@100,26167@100,26168@100,26169@100,26170@100,26216@100,0,0,0,0,0,0,0,0,,,,
2637,惧封地卜师,2,0,4,,TeamLv,0,,0,1,,0,10,7,0,0,0,0,0,0,0,0,0,0,0,0,0,0,26172@100,26171@100,26173@100,26174@100,26175@100,26216@100,0,0,0,0,0,0,0,0,,,,
2638,铁甲狂乱者,2,0,5,,TeamLv,0,,0,1,,0,10,7,0,0,0,0,0,0,0,0,0,0,0,0,0,0,26177@100,26178@100,26176@100,26179@100,26180@100,26216@100,0,0,0,0,0,0,0,0,,,,
2639,敌法缚法者,2,0,6,,TeamLv,0,,0,1,,0,10,7,0,0,0,0,0,0,0,0,0,0,0,0,0,0,26182@100,26183@100,26184@100,26181@100,26185@100,26216@100,0,0,0,0,0,0,0,0,,,,
2640,惧封地卜师,2,0,7,,TeamLv,0,,0,1,,0,10,7,0,0,0,0,0,0,0,0,0,0,0,0,0,0,26187@100,26188@100,26189@100,26190@100,26186@100,26216@100,0,0,0,0,0,0,0,0,,,,
2641,铁甲狂乱者,2,0,8,,TeamLv,0,,0,1,,0,10,7,0,0,0,0,0,0,0,0,0,0,0,0,0,0,26191@100,26192@100,26193@100,26194@100,26195@100,26216@100,0,0,0,0,0,0,0,0,,,,
2642,敌法缚法者,2,0,9,,TeamLv,0,,0,1,,0,10,7,0,0,0,0,0,0,0,0,0,0,0,0,0,0,26197@100,26196@100,26198@100,26199@100,26200@100,26216@100,0,0,0,0,0,0,0,0,,,,
2643,惧封地卜师,2,0,10,,TeamLv,0,,0,1,,0,10,7,0,0,0,0,0,0,0,0,0,0,0,0,0,0,26202@100,26203@100,26201@100,26204@100,26205@100,26216@100,0,0,0,0,0,0,0,0,,,,
2644,铁甲狂乱者,2,0,5,,TeamLv,0,,0,1,,0,10,7,0,0,0,0,0,0,0,0,0,0,0,0,0,0,26207@100,26208@100,26209@100,26206@100,26210@100,26216@100,0,0,0,0,0,0,0,0,,,,
2645,敌法缚法者,2,0,6,,TeamLv,0,,0,1,,0,10,7,0,0,0,0,0,0,0,0,0,0,0,0,0,0,26212@100,26213@100,26214@100,26215@100,26211@100,26216@100,0,0,0,0,0,0,0,0,,,,
2646,惧封纳兹科尔,2,0,7,,TeamLv,0,,0,1,,0,10,7,0,0,0,0,0,0,0,0,0,0,0,0,0,0,26217@100,26218@100,26219@100,26220@100,26221@100,26216@100,26218@100,26218@100,0,0,0,0,0,0,,,,
2647,铁甲沃兹塔斯,2,0,8,,TeamLv,0,,0,1,,0,10,7,0,0,0,0,0,0,0,0,0,0,0,0,0,0,26223@100,26222@100,26224@100,26225@100,26226@100,26216@100,26224@100,26224@100,0,0,0,0,0,0,,,,
2648,敌法蕾丝雷尔,2,0,9,,TeamLv,0,,0,1,,0,10,7,0,0,0,0,0,0,0,0,0,0,0,0,0,0,26228@100,26229@100,26227@100,26230@100,26231@100,26216@100,26228@100,26229@100,0,0,0,0,0,0,,,,
2649,惧封弗莫诺,2,0,10,,TeamLv,0,,0,1,,0,10,7,0,0,0,0,0,0,0,0,0,0,0,0,0,0,26233@100,26234@100,26235@100,26232@100,26236@100,26216@100,26233@100,26234@100,0,0,0,0,0,0,,,,
2650,铁甲艾欧克,2,0,6,,TeamLv,0,,0,1,,0,10,7,0,0,0,0,0,0,0,0,0,0,0,0,0,0,26238@100,26239@100,26240@100,26241@100,26237@100,26216@100,26238@100,26238@100,0,0,0,0,0,0,,,,
2651,敌法法艾克,2,0,7,,TeamLv,0,,0,1,,0,10,7,0,0,0,0,0,0,0,0,0,0,0,0,0,0,26242@100,26243@100,26244@100,26245@100,26246@100,26216@100,26244@100,26244@100,0,0,0,0,0,0,,,,
2652,惧封欧希克娅,2,0,8,,TeamLv,0,,0,1,,0,10,7,0,0,0,0,0,0,0,0,0,0,0,0,0,0,26248@100,26247@100,26249@100,26250@100,26251@100,26216@100,26248@100,26248@100,0,0,0,0,0,0,,,,
2653,铁甲克罗姆斯,2,0,9,,TeamLv,0,,0,1,,0,10,7,0,0,0,0,0,0,0,0,0,0,0,0,0,0,26253@100,26254@100,26252@100,26255@100,26256@100,26216@100,26254@100,26254@100,0,0,0,0,0,0,,,,
2654,敌法科罗斯克,2,0,10,,TeamLv,0,,0,1,,0,10,7,0,0,0,0,0,0,0,0,0,0,0,0,0,0,26258@100,26259@100,26260@100,26257@100,26261@100,26216@100,26258@100,26259@100,0,0,0,0,0,0,,,,
2655,4002,2,0,1,,TeamLv,0,,0,1,,0,10,7,0,0,0,0,0,0,0,0,0,0,0,0,0,0,26262@100,26263@100,26264@100,26265@100,26266@100,26267@100,26268@100,26269@100,0,0,0,0,0,0,,,,
2701,白龙闹海-1,2,0,2,,TeamLv,0,,0,1,,4,8,7,0,0,0,0,0,0,0,0,0,0,0,0,0,0,27001@100,27006@100,27007@100,27009@50;27010@50,27011@50;27012@50,0,0,0,0,0,0,0,0,0,,,,
2702,白龙闹海-2,2,0,3,,TeamLv,0,,0,1,,4,8,7,0,0,0,0,0,0,0,0,0,0,0,0,0,0,27002@100,27006@100,27007@100,27009@50;27010@50,27011@50;27012@50,27009@50;27010@50,27011@50;27012@50,0,0,0,0,0,0,0,,,,
2703,白龙闹海-3,2,0,4,,TeamLv,0,,0,1,,4,8,7,0,0,0,0,0,0,0,0,0,0,0,0,0,0,27003@100,27006@100,27007@100,27009@50;27010@50,27011@50;27012@50,27009@50;27010@50,27011@50;27012@50,0,0,0,0,0,0,0,,,,
2704,白龙闹海-4,2,0,5,,TeamLv,0,,0,1,,4,8,7,0,0,0,0,0,0,0,0,0,0,0,0,0,0,27004@100,27008@100,27006@100,27007@100,27009@50;27010@50,27011@50;27012@50,27009@50;27010@50,27011@50;27012@50,0,0,0,0,0,0,,,,
2705,白龙闹海-5,2,0,6,,TeamLv,0,,0,1,,4,8,7,0,0,0,0,0,0,0,0,0,0,0,0,0,0,27005@100,27008@100,27006@100,27007@100,27008@100,27011@50;27012@50,27009@50;27010@50,27011@50;27012@50,0,0,0,0,0,0,,,,
2706,白龙闹海-1,2,0,7,,TeamLv,0,,0,1,,4,14,7,0,0,0,0,0,0,0,0,0,0,0,0,0,0,27033@100,27038@100,27039@100,27040@100,27040@100,0,0,0,0,0,0,0,0,0,,,,
2707,白龙闹海-2,2,0,8,,TeamLv,0,,0,1,,4,10,7,0,0,0,0,0,0,0,0,0,0,0,0,0,0,27034@100,27041@100,27042@100,27043@100,27043@100,0,0,0,0,0,0,0,0,0,,,,
2708,白龙闹海-3,2,0,9,,TeamLv,0,,0,1,,4,10,7,0,0,0,0,0,0,0,0,0,0,0,0,0,0,27035@100,27045@100,27046@100,27047@100,27047@100,27047@100,27047@100,27047@100,0,0,0,0,0,0,,,,
2709,白龙闹海-4,2,0,10,,TeamLv,0,,0,1,,4,10,7,0,0,0,0,0,0,0,0,0,0,0,0,0,0,27036@100,27048@100,27049@100,27050@100,27051@100,27051@100,27051@100,27051@100,0,0,0,0,0,0,,,,
2710,白龙闹海-5,2,0,6,,TeamLv,0,,0,1,,4,10,7,0,0,0,0,0,0,0,0,0,0,0,0,0,0,27037@100,27052@100,27053@100,27054@100,27055@100,27056@100,27057@100,27058@100,0,0,0,0,0,0,,,,
2711,真假猴王-1,2,0,7,,TeamLv,0,,0,1,,4,10,7,0,0,0,0,0,0,0,0,0,0,0,0,0,0,27065@100,27070@100,27071@100,27072@100,27072@100,27072@100,0,0,0,0,0,0,0,0,,,,
2712,真假猴王-2,2,0,8,,TeamLv,0,,0,1,,4,10,7,0,0,0,0,0,0,0,0,0,0,0,0,0,0,27066@100,27073@100,27074@100,27075@100,27075@100,27076@100,0,0,0,0,0,0,0,0,,,,
2713,真假猴王-3,2,0,9,,TeamLv,0,,0,1,,4,10,7,0,0,0,0,0,0,0,0,0,0,0,0,0,0,27067@100,27077@100,27078@100,27079@100,27079@100,27081@100,27080@100,27080@100,0,0,0,0,0,0,,,,
2714,真假猴王-4,2,0,10,,TeamLv,0,,0,1,,4,10,7,0,0,0,0,0,0,0,0,0,0,0,0,0,0,27068@100,27082@100,27083@100,27084@100,27085@100,27086@100,27087@100,27087@100,0,0,0,0,0,0,,,,
2715,真假猴王-5,2,0,5,,TeamLv,0,,0,1,,4,10,7,0,0,0,0,0,0,0,0,0,0,0,0,0,0,27069@100,27088@100,27089@100,27090@100,27091@100,27092@100,27092@100,27092@100,0,0,0,0,0,0,,,,
2716,荒漠古迹-1,2,0,6,,TeamLv,0,,0,1,,4,10,7,0,0,0,0,0,0,0,0,0,0,0,0,0,0,27097@100,27102@100,27103@100,27103@100,27104@100,27104@100,0,0,0,0,0,0,0,0,,,,
2717,荒漠古迹-2,2,0,7,,TeamLv,0,,0,1,,4,10,7,0,0,0,0,0,0,0,0,0,0,0,0,0,0,27098@100,27105@100,27106@100,27107@100,27107@100,27108@100,27108@100,0,0,0,0,0,0,0,,,,
2718,荒漠古迹-3,2,0,8,,TeamLv,0,,0,1,,4,10,7,0,0,0,0,0,0,0,0,0,0,0,0,0,0,27099@100,27109@100,27110@100,27111@100,27111@100,27112@100,27112@100,27113@100,0,0,0,0,0,0,,,,
2719,荒漠古迹-4,2,0,9,,TeamLv,0,,0,1,,4,10,7,0,0,0,0,0,0,0,0,0,0,0,0,0,0,27100@100,27114@100,27115@100,27116@100,27117@100,27118@100,27118@100,27119@100,0,0,0,0,0,0,,,,
2720,荒漠古迹-5,2,0,10,,TeamLv,0,,0,1,,4,10,7,0,0,0,0,0,0,0,0,0,0,0,0,0,0,27101@100,27121@100,27122@100,27120@100,27120@100,27123@100,27124@100,27125@100,0,0,0,0,0,0,,,,
2721,四门绝阵-1,2,0,1,,TeamLv,0,,0,1,,4,10,7,0,0,0,0,0,0,0,0,0,0,0,0,0,0,27129@100,27134@100,27135@100,27136@100,27136@100,27136@100,0,0,0,0,0,0,0,0,,,,
2722,四门绝阵-2,2,0,2,,TeamLv,0,,0,1,,4,10,7,0,0,0,0,0,0,0,0,0,0,0,0,0,0,27130@100,27137@100,27138@100,27139@100,27140@100,27140@100,27140@100,0,0,0,0,0,0,0,,,,
2723,四门绝阵-3,2,0,3,,TeamLv,0,,0,1,,4,10,7,0,0,0,0,0,0,0,0,0,0,0,0,0,0,27131@100,27141@100,27142@100,27143@100,27144@100,27145@100,27145@100,27145@100,0,0,0,0,0,0,,,,
2724,四门绝阵-4,2,0,4,,TeamLv,0,,0,1,,4,10,7,0,0,0,0,0,0,0,0,0,0,0,0,0,0,27132@100,27146@100,27147@100,27148@100,27149@100,27150@100,27151@100,27151@100,0,0,0,0,0,0,,,,
2725,四门绝阵-5,2,0,5,,TeamLv,0,,0,1,,4,10,7,0,0,0,0,0,0,0,0,0,0,0,0,0,0,27133@100,27152@100,27153@100,27154@100,27155@100,27156@100,27156@100,27156@100,0,0,0,0,0,0,,,,
2726,鬼兵,2,0,6,,TeamLv,0,,0,1,,4,10,7,0,0,0,0,0,0,0,0,0,0,0,0,0,0,27161@100,27166@100,27167@100,27168@100,27168@100,0,0,0,0,0,0,0,0,0,,,,
2727,大马猴,2,0,7,,TeamLv,0,,0,1,,4,10,7,0,0,0,0,0,0,0,0,0,0,0,0,0,0,27162@100,27169@100,27170@100,27171@100,27172@100,27171@100,27172@100,0,0,0,0,0,0,0,,,,
2728,黑无常,2,0,8,,TeamLv,0,,0,1,,4,10,7,0,0,0,0,0,0,0,0,0,0,0,0,0,0,27163@100,27173@100,27174@100,27175@100,27175@100,27176@100,27176@100,27177@100,0,0,0,0,0,0,,,,
2729,幽冥判官,2,0,9,,TeamLv,0,,0,1,,4,10,7,0,0,0,0,0,0,0,0,0,0,0,0,0,0,27164@100,27178@100,27179@100,27180@100,27180@100,27181@100,27182@100,27183@100,0,0,0,0,0,0,,,,
2730,荆棘守卫,2,0,10,,TeamLv,0,,0,1,,4,10,7,0,0,0,0,0,0,0,0,0,0,0,0,0,0,27165@100,27184@100,27185@100,27187@100,27188@100,27186@100,27189@100,27190@100,27191@100,27192@100,0,0,0,0,,,,
2731,康太尉,2,0,3,,TeamLv,0,,0,1,,4,10,7,0,0,0,0,0,0,0,0,0,0,0,0,0,0,27193@100,27198@100,27199@100,27200@100,27201@100,27202@100,27203@100,0,0,0,0,0,0,0,,,,
2732,魔化康太尉,2,0,4,,TeamLv,0,,0,1,,4,10,7,0,0,0,0,0,0,0,0,0,0,0,0,0,0,27194@100,27204@100,27205@100,27206@100,27207@100,27208@100,27209@100,0,0,0,0,0,0,0,,,,
2733,巨灵神将,2,0,5,,TeamLv,0,,0,1,,4,10,7,0,0,0,0,0,0,0,0,0,0,0,0,0,0,27195@100,27210@100,27211@100,27212@100,27213@100,27214@100,27215@100,0,0,0,0,0,0,0,,,,
2734,巡查天神,2,0,6,,TeamLv,0,,0,1,,4,10,7,0,0,0,0,0,0,0,0,0,0,0,0,0,0,27196@100,27216@100,27217@100,27218@100,27219@100,27220@100,27221@100,0,0,0,0,0,0,0,,,,
2735,嫦娥仙子,2,0,1,,TeamLv,0,,0,1,,4,10,7,0,0,0,0,0,0,0,0,0,0,0,0,0,0,27197@100,27216@100,27223@100,27224@100,27225@100,27226@100,27227@100,0,0,0,0,0,0,0,,,,
2736,康太尉,2,0,2,,TeamLv,0,,0,1,,4,10,7,0,0,0,0,0,0,0,0,0,0,0,0,0,0,27258@100,27228@100,27229@100,27230@100,27231@100,27232@100,27233@100,0,0,0,0,0,0,0,,,,
2737,魔化康太尉,2,0,1,,TeamLv,0,,0,1,,4,10,7,0,0,0,0,0,0,0,0,0,0,0,0,0,0,27259@100,27234@100,27235@100,27236@100,27237@100,27238@100,27239@100,0,0,0,0,0,0,0,,,,
2738,巨灵神将,2,0,2,,TeamLv,0,,0,1,,4,10,7,0,0,0,0,0,0,0,0,0,0,0,0,0,0,27260@100,27240@100,27241@100,27242@100,27243@100,27244@100,27245@100,0,0,0,0,0,0,0,,,,
2739,巡查天神,2,0,3,,TeamLv,0,,0,1,,4,10,7,0,0,0,0,0,0,0,0,0,0,0,0,0,0,27261@100,27246@100,27247@100,27248@100,27249@100,27250@100,27251@100,0,0,0,0,0,0,0,,,,
2740,嫦娥仙子,2,0,4,,TeamLv,0,,0,1,,4,10,7,0,0,0,0,0,0,0,0,0,0,0,0,0,0,27262@100,27252@100,27253@100,27254@100,27255@100,27256@100,27257@100,0,0,0,0,0,0,0,,,,
2741,万圣公主,2,0,5,,TeamLv,0,,0,1,,4,10,7,0,0,0,0,0,0,0,0,0,0,0,0,0,0,27263@100,27268@100,27269@100,27270@100,27271@100,0,0,0,0,0,0,0,0,0,,,,
2742,九头虫,2,0,6,,TeamLv,0,,0,1,,4,10,7,0,0,0,0,0,0,0,0,0,0,0,0,0,0,27264@100,27272@100,27273@100,27274@100,27275@100,0,0,0,0,0,0,0,0,0,,,,
2743,幽颜,2,0,7,,TeamLv,0,,0,1,,4,10,7,0,0,0,0,0,0,0,0,0,0,0,0,0,0,27265@100,27276@100,27277@100,27278@100,27279@100,0,0,0,0,0,0,0,0,0,,,,
2744,冥天,2,0,8,,TeamLv,0,,0,1,,4,10,7,0,0,0,0,0,0,0,0,0,0,0,0,0,0,27266@100,27280@100,27281@100,27282@100,27283@100,27284@100,27285@100,0,0,0,0,0,0,0,,,,
2745,九头虫相柳合体,2,0,9,,TeamLv,0,,0,1,,4,10,7,0,0,0,0,0,0,0,0,0,0,0,0,0,0,27267@100,27286@100,27287@100,27288@100,0,0,0,0,0,0,0,0,0,0,,,,
2746,守山小妖,2,0,10,,TeamLv,0,,0,1,,4,10,7,0,0,0,0,0,0,0,0,0,0,0,0,0,0,27289@100,27294@100,27295@100,27296@100,27297@100,0,0,0,0,0,0,0,0,0,,,,
2747,守山喽啰,2,0,2,,TeamLv,0,,0,1,,4,10,7,0,0,0,0,0,0,0,0,0,0,0,0,0,0,27290@100,27298@100,27299@100,27300@100,27301@100,0,0,0,0,0,0,0,0,0,,,,
2748,守山队长,2,0,3,,TeamLv,0,,0,1,,4,10,7,0,0,0,0,0,0,0,0,0,0,0,0,0,0,27291@100,27302@100,27303@100,27304@100,27305@100,0,0,0,0,0,0,0,0,0,,,,
2749,猴小圣,2,0,4,,TeamLv,0,,0,1,,4,10,7,0,0,0,0,0,0,0,0,0,0,0,0,0,0,27292@100,27306@100,27307@100,27308@100,27309@100,27310@100,27311@100,0,0,0,0,0,0,0,,,,
2750,齐天大圣,2,0,5,,TeamLv,0,,0,1,,4,10,7,0,0,0,0,0,0,0,0,0,0,0,0,0,0,27293@100,27286@100,27287@100,27288@100,0,0,0,0,0,0,0,0,0,0,,,,
2751,双叉岭-普通,2,0,6,,TeamLv,0,,0,1,,0,10,7,0,0,0,0,0,0,0,0,0,0,0,0,0,0,26281@100,26282@100,26283@100,26284@100,26285@100,26286@100,0,0,0,0,0,0,0,0,,,,
2752,双叉岭-普通,2,0,7,,TeamLv,0,,0,1,,0,10,7,0,0,0,0,0,0,0,0,0,0,0,0,0,0,26287@100,26288@100,26289@100,26290@100,26291@100,26292@100,26293@100,26294@100,0,0,0,0,0,0,,,,
2753,双叉岭-普通,2,0,8,,TeamLv,0,,0,1,,0,10,7,0,0,0,0,0,0,0,0,0,0,0,0,0,0,26295@100,26296@100,26297@100,26298@100,26299@100,26300@100,26301@100,26302@100,0,0,0,0,0,0,,,,
2754,双叉岭-普通,2,0,9,,TeamLv,0,,0,1,,0,10,7,0,0,0,0,0,0,0,0,0,0,0,0,0,0,26303@100,26304@100,26305@100,26306@100,26307@100,26308@100,26309@100,26310@100,0,0,0,0,0,0,,,,
2755,双叉岭-普通,2,0,10,,TeamLv,0,,0,1,,0,10,7,0,0,0,0,0,0,0,0,0,0,0,0,0,0,26312@100,26313@100,26314@100,26315@100,26316@100,26317@100,26318@100,26319@100,0,0,0,0,0,0,,,,
2756,双叉岭-侠士,2,0,4,,TeamLv,0,,0,1,,0,10,7,0,0,0,0,0,0,0,0,0,0,0,0,0,0,26320@100,26321@100,26322@100,26323@100,26324@100,26325@100,0,0,0,0,0,0,0,0,,,,
2757,双叉岭-侠士,2,0,5,,TeamLv,0,,0,1,,0,10,7,0,0,0,0,0,0,0,0,0,0,0,0,0,0,26326@100,26327@100,26328@100,26329@100,26330@100,26331@100,26332@100,26333@100,0,0,0,0,0,0,,,,
2758,双叉岭-侠士,2,0,6,,TeamLv,0,,0,1,,0,10,7,0,0,0,0,0,0,0,0,0,0,0,0,0,0,26334@100,26335@100,26336@100,26337@100,26338@100,26339@100,26340@100,26341@100,0,0,0,0,0,0,,,,
2759,双叉岭-侠士,2,0,7,,TeamLv,0,,0,1,,0,10,7,0,0,0,0,0,0,0,0,0,0,0,0,0,0,26342@100,26343@100,26344@100,26345@100,26346@100,26347@100,26348@100,26349@100,0,0,0,0,0,0,,,,
2760,双叉岭-侠士,2,0,8,,TeamLv,0,,0,1,,0,10,7,0,0,0,0,0,0,0,0,0,0,0,0,0,0,26351@100,26352@100,26353@100,26354@100,26355@100,26356@100,26357@100,26358@100,0,0,0,0,0,0,,,,
2761,除七情（120级）,2,0,9,,TeamLv,0,,0,1,,0,10,7,0,0,0,0,0,0,0,0,0,0,0,0,0,0,26331@100,26332@100,26333@100,26334@100,26335@100,26356@100,0,0,0,0,0,0,0,0,,,,
2762,除七情（120级）,2,0,10,,TeamLv,0,,0,1,,0,10,7,0,0,0,0,0,0,0,0,0,0,0,0,0,0,26336@100,26337@100,26338@100,26339@100,26340@100,26356@100,0,0,0,0,0,0,0,0,,,,
2763,除七情（120级）,2,0,2,,TeamLv,0,,0,1,,0,10,7,0,0,0,0,0,0,0,0,0,0,0,0,0,0,26341@100,26342@100,26343@100,26344@100,26345@100,26356@100,0,0,0,0,0,0,0,0,,,,
2764,除七情（120级）,2,0,3,,TeamLv,0,,0,1,,0,10,7,0,0,0,0,0,0,0,0,0,0,0,0,0,0,26346@100,26347@100,26348@100,26349@100,26350@100,26356@100,0,0,0,0,0,0,0,0,,,,
2765,除七情（120级）,2,0,4,,TeamLv,0,,0,1,,0,10,7,0,0,0,0,0,0,0,0,0,0,0,0,0,0,26351@100,26352@100,26353@100,26354@100,26355@100,26356@100,0,0,0,0,0,0,0,0,,,,
2766,除七情（侠士）,2,0,5,,TeamLv,0,,0,1,,0,10,7,0,0,0,0,0,0,0,0,0,0,0,0,0,0,26357@100,26358@100,26359@100,26360@100,26361@100,26356@100,26361@100,26361@100,0,0,0,0,0,0,,,,
2767,除七情（侠士）,2,0,6,,TeamLv,0,,0,1,,0,10,7,0,0,0,0,0,0,0,0,0,0,0,0,0,0,26362@100,26363@100,26364@100,26365@100,26366@100,26356@100,26366@100,26366@100,0,0,0,0,0,0,,,,
2768,除七情（侠士）,2,0,7,,TeamLv,0,,0,1,,0,10,7,0,0,0,0,0,0,0,0,0,0,0,0,0,0,26367@100,26368@100,26369@100,26370@100,26371@100,26356@100,26371@100,26371@100,0,0,0,0,0,0,,,,
2769,除七情（侠士）,2,0,8,,TeamLv,0,,0,1,,0,10,7,0,0,0,0,0,0,0,0,0,0,0,0,0,0,26372@100,26373@100,26374@100,26375@100,26376@100,26356@100,26376@100,26376@100,0,0,0,0,0,0,,,,
2770,除七情（侠士）,2,0,9,,TeamLv,0,,0,1,,0,10,7,0,0,0,0,0,0,0,0,0,0,0,0,0,0,26377@100,26378@100,26379@100,26380@100,26381@100,26356@100,26381@100,26381@100,0,0,0,0,0,0,,,,
2771,桃花定情-普通,2,0,10,,TeamLv,0,,0,1,,0,10,7,0,0,0,0,0,0,0,0,0,0,0,0,0,0,26382@100,26383@100,26384@100,26385@100,26386@100,26356@100,26386@100,26386@100,0,0,0,0,0,0,,,,
2772,桃花定情-普通,2,0,3,,TeamLv,0,,0,1,,0,10,7,0,0,0,0,0,0,0,0,0,0,0,0,0,0,26387@100,26388@100,26389@100,26390@100,26391@100,26356@100,26391@100,26391@100,0,0,0,0,0,0,,,,
2773,桃花定情-普通,2,0,4,,TeamLv,0,,0,1,,0,10,7,0,0,0,0,0,0,0,0,0,0,0,0,0,0,26392@100,26393@100,26394@100,26395@100,26396@100,26356@100,26396@100,26396@100,0,0,0,0,0,0,,,,
2774,桃花定情-普通,2,0,1,,TeamLv,0,,0,1,,0,10,7,0,0,0,0,0,0,0,0,0,0,0,0,0,0,26397@100,26398@100,26399@100,26400@100,26401@100,26356@100,26401@100,26401@100,0,0,0,0,0,0,,,,
2775,桃花定情-普通,2,0,2,,TeamLv,0,,0,1,,0,10,7,0,0,0,0,0,0,0,0,0,0,0,0,0,0,26402@100,26398@100,26399@100,26400@100,26401@100,26356@100,26401@100,26401@100,0,0,0,0,0,0,,,,
2776,桃花定情-侠士,2,0,3,,TeamLv,0,,0,1,,0,10,7,0,0,0,0,0,0,0,0,0,0,0,0,0,0,26420@100,26421@100,26422@100,26423@100,26424@100,26495@100,0,0,0,0,0,0,0,0,,,,
2777,桃花定情-侠士,2,0,4,,TeamLv,0,,0,1,,0,10,7,0,0,0,0,0,0,0,0,0,0,0,0,0,0,26425@100,26426@100,26427@100,26428@100,26429@100,26495@100,0,0,0,0,0,0,0,0,,,,
2778,桃花定情-侠士,2,0,5,,TeamLv,0,,0,1,,0,10,7,0,0,0,0,0,0,0,0,0,0,0,0,0,0,26430@100,26431@100,26432@100,26433@100,26434@100,26495@100,0,0,0,0,0,0,0,0,,,,
2779,桃花定情-侠士,2,0,6,,TeamLv,0,,0,1,,0,10,7,0,0,0,0,0,0,0,0,0,0,0,0,0,0,26435@100,26436@100,26437@100,26438@100,26439@100,26495@100,0,0,0,0,0,0,0,0,,,,
2780,桃花定情-侠士,2,0,7,,TeamLv,0,,0,1,,0,10,7,0,0,0,0,0,0,0,0,0,0,0,0,0,0,26440@100,26441@100,26442@100,26443@100,26444@100,26495@100,0,0,0,0,0,0,0,0,,,,
2781,天蓬下凡（120级）,2,0,8,,TeamLv,0,,0,1,,0,10,7,0,0,0,0,0,0,0,0,0,0,0,0,0,0,26445@100,26446@100,26447@100,26448@100,26449@100,26495@100,0,0,0,0,0,0,0,0,,,,
2782,天蓬下凡（120级）,2,0,9,,TeamLv,0,,0,1,,0,10,7,0,0,0,0,0,0,0,0,0,0,0,0,0,0,26450@100,26451@100,26452@100,26453@100,26454@100,26495@100,0,0,0,0,0,0,0,0,,,,
2783,天蓬下凡（120级）,2,0,10,,TeamLv,0,,0,1,,0,10,7,0,0,0,0,0,0,0,0,0,0,0,0,0,0,26455@100,26456@100,26457@100,26458@100,26459@100,26495@100,0,0,0,0,0,0,0,0,,,,
2784,天蓬下凡（120级）,2,0,4,,TeamLv,0,,0,1,,0,10,7,0,0,0,0,0,0,0,0,0,0,0,0,0,0,26460@100,26461@100,26462@100,26463@100,26464@100,26495@100,0,0,0,0,0,0,0,0,,,,
2785,天蓬下凡（120级）,2,0,5,,TeamLv,0,,0,1,,0,10,7,0,0,0,0,0,0,0,0,0,0,0,0,0,0,26465@100,26466@100,26467@100,26468@100,26469@100,26495@100,0,0,0,0,0,0,0,0,,,,
2786,天蓬下凡（侠士）,2,0,6,,TeamLv,0,,0,1,,0,10,7,0,0,0,0,0,0,0,0,0,0,0,0,0,0,26470@100,26471@100,26472@100,26473@100,26474@100,26495@100,0,0,0,0,0,0,0,0,,,,
2787,天蓬下凡（侠士）,2,0,7,,TeamLv,0,,0,1,,0,10,7,0,0,0,0,0,0,0,0,0,0,0,0,0,0,26475@100,26476@100,26477@100,26478@100,26479@100,26495@100,0,0,0,0,0,0,0,0,,,,
2788,天蓬下凡（侠士）,2,0,8,,TeamLv,0,,0,1,,0,10,7,0,0,0,0,0,0,0,0,0,0,0,0,0,0,26480@100,26481@100,26482@100,26483@100,26484@100,26495@100,0,0,0,0,0,0,0,0,,,,
2789,天蓬下凡（侠士）,2,0,9,,TeamLv,0,,0,1,,0,10,7,0,0,0,0,0,0,0,0,0,0,0,0,0,0,26485@100,26486@100,26487@100,26488@100,26489@100,26495@100,0,0,0,0,0,0,0,0,,,,
2790,天蓬下凡（侠士）,2,0,10,,TeamLv,0,,0,1,,0,10,7,0,0,0,0,0,0,0,0,0,0,0,0,0,0,26490@100,26491@100,26492@100,26493@100,26494@100,26495@100,0,0,0,0,0,0,0,0,,,,
2791,荒漠卫士,2,0,1,,TeamLv,0,,0,1,,0,10,7,0,0,0,0,0,0,0,0,0,0,0,0,0,0,26496@100,26497@100,26498@100,26499@100,26500@100,26495@100,26500@100,26500@100,0,0,0,0,0,0,,,,
2792,荒漠刽子手,2,0,2,,TeamLv,0,,0,1,,0,10,7,0,0,0,0,0,0,0,0,0,0,0,0,0,0,26501@100,26502@100,26503@100,26504@100,26505@100,26495@100,26505@100,26505@100,0,0,0,0,0,0,,,,
2793,暗影刺客,2,0,3,,TeamLv,0,,0,1,,0,10,7,0,0,0,0,0,0,0,0,0,0,0,0,0,0,26506@100,26507@100,26508@100,26509@100,26510@100,26495@100,26510@100,26510@100,0,0,0,0,0,0,,,,
2794,铁血将军,2,0,4,,TeamLv,0,,0,1,,0,10,7,0,0,0,0,0,0,0,0,0,0,0,0,0,0,26511@100,26512@100,26513@100,26514@100,26515@100,26495@100,26515@100,26515@100,0,0,0,0,0,0,,,,
2795,荒漠统领,2,0,5,,TeamLv,0,,0,1,,0,10,7,0,0,0,0,0,0,0,0,0,0,0,0,0,0,26516@100,26517@100,26518@100,26519@100,26520@100,26495@100,26520@100,26520@100,0,0,0,0,0,0,,,,
2481,马戏团挑战,2,0,8,,TeamLv,0,,0,1,,4,10,7,0,0,0,0,0,0,0,0,0,0,0,0,0,0,24600@100,24600@100,24600@100,24600@100,24600@100,24600@100,24600@100,24600@100,24600@100,24600@100,0,0,0,0,,,,
2482,马戏团挑战,2,0,9,,TeamLv,0,,0,1,,4,10,7,0,0,0,0,0,0,0,0,0,0,0,0,0,0,24601@100,24601@100,24601@100,24601@100,24601@100,24601@100,24601@100,24601@100,24601@100,24601@100,0,0,0,0,,,,
2483,马戏团挑战,2,0,10,,TeamLv,0,,0,1,,4,10,7,0,0,0,0,0,0,0,0,0,0,0,0,0,0,24602@100,24602@100,24602@100,24602@100,24602@100,24602@100,24602@100,24602@100,24602@100,24602@100,0,0,0,0,,,,
2484,马戏团挑战,2,0,5,,TeamLv,0,,0,1,,4,10,7,0,0,0,0,0,0,0,0,0,0,0,0,0,0,24603@100,24603@100,24603@100,24603@100,24603@100,24603@100,24603@100,24603@100,24603@100,24603@100,0,0,0,0,,,,
2485,马戏团挑战,2,0,1,,TeamLv,0,,0,1,,4,10,7,0,0,0,0,0,0,0,0,0,0,0,0,0,0,24604@100,24604@100,24604@100,24604@100,24604@100,24604@100,24604@100,24604@100,24604@100,24604@100,0,0,0,0,,,,
2486,马戏团挑战,2,0,2,,TeamLv,0,,0,1,,4,10,7,0,0,0,0,0,0,0,0,0,0,0,0,0,0,24605@100,24605@100,24605@100,24605@100,24605@100,24605@100,24605@100,24605@100,24605@100,24605@100,0,0,0,0,,,,
2487,马戏团挑战,2,0,3,,TeamLv,0,,0,1,,4,10,7,0,0,0,0,0,0,0,0,0,0,0,0,0,0,24606@100,24606@100,24606@100,24606@100,24606@100,24606@100,24606@100,24606@100,24606@100,24606@100,0,0,0,0,,,,
2488,马戏团挑战,2,0,4,,TeamLv,0,,0,1,,4,10,7,0,0,0,0,0,0,0,0,0,0,0,0,0,0,24607@100,24607@100,24607@100,24607@100,24607@100,24607@100,24607@100,24607@100,24607@100,24607@100,0,0,0,0,,,,
2489,马戏团挑战,2,0,5,,TeamLv,0,,0,1,,4,10,7,0,0,0,0,0,0,0,0,0,0,0,0,0,0,24608@100,24608@100,24608@100,24608@100,24608@100,24608@100,24608@100,24608@100,24608@100,24608@100,0,0,0,0,,,,
2490,马戏团挑战,2,0,1,,TeamLv,0,,0,1,,4,10,7,0,0,0,0,0,0,0,0,0,0,0,0,0,0,24609@100,24609@100,24609@100,24609@100,24609@100,24609@100,24609@100,24609@100,24609@100,24609@100,0,0,0,0,,,,
2491,马戏团挑战,2,0,2,,TeamLv,0,,0,1,,4,10,7,0,0,0,0,0,0,0,0,0,0,0,0,0,0,24610@100,24610@100,24610@100,24610@100,24610@100,24610@100,24610@100,24610@100,24610@100,24610@100,0,0,0,0,,,,
2492,马戏团挑战,2,0,3,,TeamLv,0,,0,1,,4,10,7,0,0,0,0,0,0,0,0,0,0,0,0,0,0,24611@100,24611@100,24611@100,24611@100,24611@100,24611@100,24611@100,24611@100,24611@100,24611@100,0,0,0,0,,,,
2493,马戏团挑战,2,0,4,,TeamLv,0,,0,1,,4,10,7,0,0,0,0,0,0,0,0,0,0,0,0,0,0,24612@100,24612@100,24612@100,24612@100,24612@100,24612@100,24612@100,24612@100,24612@100,24612@100,0,0,0,0,,,,
2494,马戏团挑战,2,0,5,,TeamLv,0,,0,1,,4,10,7,0,0,0,0,0,0,0,0,0,0,0,0,0,0,24613@100,24613@100,24613@100,24613@100,24613@100,24613@100,24613@100,24613@100,24613@100,24613@100,0,0,0,0,,,,
2495,马戏团挑战,2,0,6,,TeamLv,0,,0,1,,4,10,7,0,0,0,0,0,0,0,0,0,0,0,0,0,0,24614@100,24614@100,24614@100,24614@100,24614@100,24614@100,24614@100,24614@100,24614@100,24614@100,0,0,0,0,,,,
2496,马戏团挑战,2,0,7,,TeamLv,0,,0,1,,4,10,7,0,0,0,0,0,0,0,0,0,0,0,0,0,0,24615@100,24615@100,24615@100,24615@100,24615@100,24615@100,24615@100,24615@100,24615@100,24615@100,0,0,0,0,,,,
2497,马戏团挑战,2,0,8,,TeamLv,0,,0,1,,4,10,7,0,0,0,0,0,0,0,0,0,0,0,0,0,0,24616@100,24616@100,24616@100,24616@100,24616@100,24616@100,24616@100,24616@100,24616@100,24616@100,0,0,0,0,,,,
2498,马戏团挑战,2,0,9,,TeamLv,0,,0,1,,4,10,7,0,0,0,0,0,0,0,0,0,0,0,0,0,0,24617@100,24617@100,24617@100,24617@100,24617@100,24617@100,24617@100,24617@100,24617@100,24617@100,0,0,0,0,,,,
2499,马戏团挑战,2,0,10,,TeamLv,0,,0,1,,4,10,7,0,0,0,0,0,0,0,0,0,0,0,0,0,0,24618@100,24618@100,24618@100,24618@100,24618@100,24618@100,24618@100,24618@100,24618@100,24618@100,0,0,0,0,,,,
2500,马戏团挑战,2,0,1,,TeamLv,0,,0,1,,4,10,7,0,0,0,0,0,0,0,0,0,0,0,0,0,0,24619@100,24619@100,24619@100,24619@100,24619@100,24619@100,24619@100,24619@100,24619@100,24619@100,0,0,0,0,,,,
2501,马戏团挑战,2,0,2,,TeamLv,0,,0,1,,4,10,7,0,0,0,0,0,0,0,0,0,0,0,0,0,0,24620@100,24620@100,24620@100,24620@100,24620@100,24620@100,24620@100,24620@100,24620@100,24620@100,0,0,0,0,,,,
2502,马戏团挑战,2,0,3,,TeamLv,0,,0,1,,4,10,7,0,0,0,0,0,0,0,0,0,0,0,0,0,0,24621@100,24621@100,24621@100,24621@100,24621@100,24621@100,24621@100,24621@100,24621@100,24621@100,0,0,0,0,,,,
2503,马戏团挑战,2,0,1,,TeamLv,0,,0,1,,4,10,7,0,0,0,0,0,0,0,0,0,0,0,0,0,0,24622@100,24622@100,24622@100,24622@100,24622@100,24622@100,24622@100,24622@100,24622@100,24622@100,0,0,0,0,,,,
2504,马戏团挑战,2,0,2,,TeamLv,0,,0,1,,4,10,7,0,0,0,0,0,0,0,0,0,0,0,0,0,0,24623@100,24623@100,24623@100,24623@100,24623@100,24623@100,24623@100,24623@100,24623@100,24623@100,0,0,0,0,,,,
2505,马戏团挑战,2,0,3,,TeamLv,0,,0,1,,4,10,7,0,0,0,0,0,0,0,0,0,0,0,0,0,0,24624@100,24624@100,24624@100,24624@100,24624@100,24624@100,24624@100,24624@100,24624@100,24624@100,0,0,0,0,,,,
2506,马戏团挑战,2,0,4,,TeamLv,0,,0,1,,4,10,7,0,0,0,0,0,0,0,0,0,0,0,0,0,0,24625@100,24625@100,24625@100,24625@100,24625@100,24625@100,24625@100,24625@100,24625@100,24625@100,0,0,0,0,,,,
2507,马戏团挑战,2,0,5,,TeamLv,0,,0,1,,4,10,7,0,0,0,0,0,0,0,0,0,0,0,0,0,0,24626@100,24626@100,24626@100,24626@100,24626@100,24626@100,24626@100,24626@100,24626@100,24626@100,0,0,0,0,,,,
2508,马戏团挑战,2,0,6,,TeamLv,0,,0,1,,4,10,7,0,0,0,0,0,0,0,0,0,0,0,0,0,0,24627@100,24627@100,24627@100,24627@100,24627@100,24627@100,24627@100,24627@100,24627@100,24627@100,0,0,0,0,,,,
2509,马戏团挑战,2,0,7,,TeamLv,0,,0,1,,4,10,7,0,0,0,0,0,0,0,0,0,0,0,0,0,0,24628@100,24628@100,24628@100,24628@100,24628@100,24628@100,24628@100,24628@100,24628@100,24628@100,0,0,0,0,,,,
2510,马戏团挑战,2,0,8,,TeamLv,0,,0,1,,4,10,7,0,0,0,0,0,0,0,0,0,0,0,0,0,0,24629@100,24629@100,24629@100,24629@100,24629@100,24629@100,24629@100,24629@100,24629@100,24629@100,0,0,0,0,,,,
2511,马戏团挑战,2,0,9,,TeamLv,0,,0,1,,4,10,7,0,0,0,0,0,0,0,0,0,0,0,0,0,0,24630@100,24630@100,24630@100,24630@100,24630@100,24630@100,24630@100,24630@100,24630@100,24630@100,0,0,0,0,,,,
2512,马戏团挑战,2,0,10,,TeamLv,0,,0,1,,4,10,7,0,0,0,0,0,0,0,0,0,0,0,0,0,0,24631@100,24631@100,24631@100,24631@100,24631@100,24631@100,24631@100,24631@100,24631@100,24631@100,0,0,0,0,,,,
2513,马戏团挑战,2,0,6,,TeamLv,0,,0,1,,4,10,7,0,0,0,0,0,0,0,0,0,0,0,0,0,0,24632@100,24632@100,24632@100,24632@100,24632@100,24632@100,24632@100,24632@100,24632@100,24632@100,0,0,0,0,,,,
2514,马戏团挑战,2,0,7,,TeamLv,0,,0,1,,4,10,7,0,0,0,0,0,0,0,0,0,0,0,0,0,0,24633@100,24633@100,24633@100,24633@100,24633@100,24633@100,24633@100,24633@100,24633@100,24633@100,0,0,0,0,,,,
2515,马戏团挑战,2,0,8,,TeamLv,0,,0,1,,4,10,7,0,0,0,0,0,0,0,0,0,0,0,0,0,0,24634@100,24634@100,24634@100,24634@100,24634@100,24634@100,24634@100,24634@100,24634@100,24634@100,0,0,0,0,,,,
2516,马戏团挑战,2,0,9,,TeamLv,0,,0,1,,4,10,7,0,0,0,0,0,0,0,0,0,0,0,0,0,0,24635@100,24635@100,24635@100,24635@100,24635@100,24635@100,24635@100,24635@100,24635@100,24635@100,0,0,0,0,,,,
2517,马戏团挑战,2,0,10,,TeamLv,0,,0,1,,4,10,7,0,0,0,0,0,0,0,0,0,0,0,0,0,0,24636@100,24636@100,24636@100,24636@100,24636@100,24636@100,24636@100,24636@100,24636@100,24636@100,0,0,0,0,,,,
2518,马戏团挑战,2,0,9,,TeamLv,0,,0,1,,4,10,7,0,0,0,0,0,0,0,0,0,0,0,0,0,0,24637@100,24637@100,24637@100,24637@100,24637@100,24637@100,24637@100,24637@100,24637@100,24637@100,0,0,0,0,,,,
2519,马戏团挑战,2,0,10,,TeamLv,0,,0,1,,4,10,7,0,0,0,0,0,0,0,0,0,0,0,0,0,0,24638@100,24638@100,24638@100,24638@100,24638@100,24638@100,24638@100,24638@100,24638@100,24638@100,0,0,0,0,,,,
2520,马戏团挑战,2,0,1,,TeamLv,0,,0,1,,4,10,7,0,0,0,0,0,0,0,0,0,0,0,0,0,0,24639@100,24639@100,24639@100,24639@100,24639@100,24639@100,24639@100,24639@100,24639@100,24639@100,0,0,0,0,,,,
2521,马戏团挑战,2,0,1,,TeamLv,0,,0,1,,4,10,7,0,0,0,0,0,0,0,0,0,0,0,0,0,0,24640@100,24640@100,24640@100,24640@100,24640@100,24640@100,24640@100,24640@100,24640@100,24640@100,0,0,0,0,,,,
2522,马戏团挑战,2,0,2,,TeamLv,0,,0,1,,4,10,7,0,0,0,0,0,0,0,0,0,0,0,0,0,0,24641@100,24641@100,24641@100,24641@100,24641@100,24641@100,24641@100,24641@100,24641@100,24641@100,0,0,0,0,,,,
2523,马戏团挑战,2,0,3,,TeamLv,0,,0,1,,4,10,7,0,0,0,0,0,0,0,0,0,0,0,0,0,0,24642@100,24642@100,24642@100,24642@100,24642@100,24642@100,24642@100,24642@100,24642@100,24642@100,0,0,0,0,,,,
2524,马戏团挑战,2,0,4,,TeamLv,0,,0,1,,4,10,7,0,0,0,0,0,0,0,0,0,0,0,0,0,0,24643@100,24643@100,24643@100,24643@100,24643@100,24643@100,24643@100,24643@100,24643@100,24643@100,0,0,0,0,,,,
2525,马戏团挑战,2,0,5,,TeamLv,0,,0,1,,4,10,7,0,0,0,0,0,0,0,0,0,0,0,0,0,0,24644@100,24644@100,24644@100,24644@100,24644@100,24644@100,24644@100,24644@100,24644@100,24644@100,0,0,0,0,,,,
2526,马戏团挑战,2,0,6,,TeamLv,0,,0,1,,4,10,7,0,0,0,0,0,0,0,0,0,0,0,0,0,0,24645@100,24645@100,24645@100,24645@100,24645@100,24645@100,24645@100,24645@100,24645@100,24645@100,0,0,0,0,,,,
2527,马戏团挑战,2,0,7,,TeamLv,0,,0,1,,4,10,7,0,0,0,0,0,0,0,0,0,0,0,0,0,0,24646@100,24646@100,24646@100,24646@100,24646@100,24646@100,24646@100,24646@100,24646@100,24646@100,0,0,0,0,,,,
2528,马戏团挑战,2,0,8,,TeamLv,0,,0,1,,4,10,7,0,0,0,0,0,0,0,0,0,0,0,0,0,0,24647@100,24647@100,24647@100,24647@100,24647@100,24647@100,24647@100,24647@100,24647@100,24647@100,0,0,0,0,,,,
2529,马戏团挑战,2,0,9,,TeamLv,0,,0,1,,4,10,7,0,0,0,0,0,0,0,0,0,0,0,0,0,0,24648@100,24648@100,24648@100,24648@100,24648@100,24648@100,24648@100,24648@100,24648@100,24648@100,0,0,0,0,,,,
2530,马戏团挑战,2,0,10,,TeamLv,0,,0,1,,4,10,7,0,0,0,0,0,0,0,0,0,0,0,0,0,0,24649@100,24649@100,24649@100,24649@100,24649@100,24649@100,24649@100,24649@100,24649@100,24649@100,0,0,0,0,,,,
2531,马戏团挑战,2,0,4,,TeamLv,0,,0,1,,4,10,7,0,0,0,0,0,0,0,0,0,0,0,0,0,0,24650@100,24650@100,24650@100,24650@100,24650@100,24650@100,24650@100,24650@100,24650@100,24650@100,0,0,0,0,,,,
2532,马戏团挑战,2,0,5,,TeamLv,0,,0,1,,4,10,7,0,0,0,0,0,0,0,0,0,0,0,0,0,0,24651@100,24651@100,24651@100,24651@100,24651@100,24651@100,24651@100,24651@100,24651@100,24651@100,0,0,0,0,,,,
2533,马戏团挑战,2,0,6,,TeamLv,0,,0,1,,4,10,7,0,0,0,0,0,0,0,0,0,0,0,0,0,0,24652@100,24652@100,24652@100,24652@100,24652@100,24652@100,24652@100,24652@100,24652@100,24652@100,0,0,0,0,,,,
2534,马戏团挑战,2,0,7,,TeamLv,0,,0,1,,4,10,7,0,0,0,0,0,0,0,0,0,0,0,0,0,0,24653@100,24653@100,24653@100,24653@100,24653@100,24653@100,24653@100,24653@100,24653@100,24653@100,0,0,0,0,,,,
2535,马戏团挑战,2,0,8,,TeamLv,0,,0,1,,4,10,7,0,0,0,0,0,0,0,0,0,0,0,0,0,0,24654@100,24654@100,24654@100,24654@100,24654@100,24654@100,24654@100,24654@100,24654@100,24654@100,0,0,0,0,,,,
2536,马戏团挑战,2,0,9,,TeamLv,0,,0,1,,4,10,7,0,0,0,0,0,0,0,0,0,0,0,0,0,0,24655@100,24655@100,24655@100,24655@100,24655@100,24655@100,24655@100,24655@100,24655@100,24655@100,0,0,0,0,,,,
2537,马戏团挑战,2,0,10,,TeamLv,0,,0,1,,4,10,7,0,0,0,0,0,0,0,0,0,0,0,0,0,0,24656@100,24656@100,24656@100,24656@100,24656@100,24656@100,24656@100,24656@100,24656@100,24656@100,0,0,0,0,,,,
2538,马戏团挑战,2,0,2,,TeamLv,0,,0,1,,4,10,7,0,0,0,0,0,0,0,0,0,0,0,0,0,0,24657@100,24657@100,24657@100,24657@100,24657@100,24657@100,24657@100,24657@100,24657@100,24657@100,0,0,0,0,,,,
2539,马戏团挑战,2,0,3,,TeamLv,0,,0,1,,4,10,7,0,0,0,0,0,0,0,0,0,0,0,0,0,0,24658@100,24658@100,24658@100,24658@100,24658@100,24658@100,24658@100,24658@100,24658@100,24658@100,0,0,0,0,,,,
2540,马戏团挑战,2,0,4,,TeamLv,0,,0,1,,4,10,7,0,0,0,0,0,0,0,0,0,0,0,0,0,0,24659@100,24659@100,24659@100,24659@100,24659@100,24659@100,24659@100,24659@100,24659@100,24659@100,0,0,0,0,,,,
2541,马戏团挑战,2,0,5,,TeamLv,0,,0,1,,4,10,7,0,0,0,0,0,0,0,0,0,0,0,0,0,0,24660@100,24660@100,24660@100,24660@100,24660@100,24660@100,24660@100,24660@100,24660@100,24660@100,0,0,0,0,,,,
2542,马戏团挑战,2,0,6,,TeamLv,0,,0,1,,4,10,7,0,0,0,0,0,0,0,0,0,0,0,0,0,0,24661@100,24661@100,24661@100,24661@100,24661@100,24661@100,24661@100,24661@100,24661@100,24661@100,0,0,0,0,,,,
2543,马戏团挑战,2,0,7,,TeamLv,0,,0,1,,4,10,7,0,0,0,0,0,0,0,0,0,0,0,0,0,0,24662@100,24662@100,24662@100,24662@100,24662@100,24662@100,24662@100,24662@100,24662@100,24662@100,0,0,0,0,,,,
2544,马戏团挑战,2,0,8,,TeamLv,0,,0,1,,4,10,7,0,0,0,0,0,0,0,0,0,0,0,0,0,0,24663@100,24663@100,24663@100,24663@100,24663@100,24663@100,24663@100,24663@100,24663@100,24663@100,0,0,0,0,,,,
2545,马戏团挑战,2,0,9,,TeamLv,0,,0,1,,4,10,7,0,0,0,0,0,0,0,0,0,0,0,0,0,0,24664@100,24664@100,24664@100,24664@100,24664@100,24664@100,24664@100,24664@100,24664@100,24664@100,0,0,0,0,,,,
2546,马戏团挑战,2,0,10,,TeamLv,0,,0,1,,4,10,7,0,0,0,0,0,0,0,0,0,0,0,0,0,0,24665@100,24665@100,24665@100,24665@100,24665@100,24665@100,24665@100,24665@100,24665@100,24665@100,0,0,0,0,,,,
2547,马戏团挑战,2,0,8,,TeamLv,0,,0,1,,4,10,7,0,0,0,0,0,0,0,0,0,0,0,0,0,0,24666@100,24666@100,24666@100,24666@100,24666@100,24666@100,24666@100,24666@100,24666@100,24666@100,0,0,0,0,,,,
2548,马戏团挑战,2,0,9,,TeamLv,0,,0,1,,4,10,7,0,0,0,0,0,0,0,0,0,0,0,0,0,0,24667@100,24667@100,24667@100,24667@100,24667@100,24667@100,24667@100,24667@100,24667@100,24667@100,0,0,0,0,,,,
2549,马戏团挑战,2,0,1,,TeamLv,0,,0,1,,4,10,7,0,0,0,0,0,0,0,0,0,0,0,0,0,0,24668@100,24668@100,24668@100,24668@100,24668@100,24668@100,24668@100,24668@100,24668@100,24668@100,0,0,0,0,,,,
2550,马戏团挑战,2,0,2,,TeamLv,0,,0,1,,4,10,7,0,0,0,0,0,0,0,0,0,0,0,0,0,0,24669@100,24669@100,24669@100,24669@100,24669@100,24669@100,24669@100,24669@100,24669@100,24669@100,0,0,0,0,,,,
2551,马戏团挑战,2,0,3,,TeamLv,0,,0,1,,4,10,7,0,0,0,0,0,0,0,0,0,0,0,0,0,0,24670@100,24670@100,24670@100,24670@100,24670@100,24670@100,24670@100,24670@100,24670@100,24670@100,0,0,0,0,,,,
2552,马戏团挑战,2,0,4,,TeamLv,0,,0,1,,4,10,7,0,0,0,0,0,0,0,0,0,0,0,0,0,0,24671@100,24671@100,24671@100,24671@100,24671@100,24671@100,24671@100,24671@100,24671@100,24671@100,0,0,0,0,,,,
2553,马戏团挑战,2,0,5,,TeamLv,0,,0,1,,4,10,7,0,0,0,0,0,0,0,0,0,0,0,0,0,0,24672@100,24672@100,24672@100,24672@100,24672@100,24672@100,24672@100,24672@100,24672@100,24672@100,0,0,0,0,,,,
2554,马戏团挑战,2,0,6,,TeamLv,0,,0,1,,4,10,7,0,0,0,0,0,0,0,0,0,0,0,0,0,0,24673@100,24673@100,24673@100,24673@100,24673@100,24673@100,24673@100,24673@100,24673@100,24673@100,0,0,0,0,,,,
2555,马戏团挑战,2,0,7,,TeamLv,0,,0,1,,4,10,7,0,0,0,0,0,0,0,0,0,0,0,0,0,0,24674@100,24674@100,24674@100,24674@100,24674@100,24674@100,24674@100,24674@100,24674@100,24674@100,0,0,0,0,,,,
2556,马戏团挑战,2,0,1,,TeamLv,0,,0,1,,4,10,7,0,0,0,0,0,0,0,0,0,0,0,0,0,0,24675@100,24675@100,24675@100,24675@100,24675@100,24675@100,24675@100,24675@100,24675@100,24675@100,0,0,0,0,,,,
2557,马戏团挑战,2,0,2,,TeamLv,0,,0,1,,4,10,7,0,0,0,0,0,0,0,0,0,0,0,0,0,0,24676@100,24676@100,24676@100,24676@100,24676@100,24676@100,24676@100,24676@100,24676@100,24676@100,0,0,0,0,,,,
2558,马戏团挑战,2,0,3,,TeamLv,0,,0,1,,4,10,7,0,0,0,0,0,0,0,0,0,0,0,0,0,0,24677@100,24677@100,24677@100,24677@100,24677@100,24677@100,24677@100,24677@100,24677@100,24677@100,0,0,0,0,,,,
2559,马戏团挑战,2,0,4,,TeamLv,0,,0,1,,4,10,7,0,0,0,0,0,0,0,0,0,0,0,0,0,0,24678@100,24678@100,24678@100,24678@100,24678@100,24678@100,24678@100,24678@100,24678@100,24678@100,0,0,0,0,,,,
2560,马戏团挑战,2,0,5,,TeamLv,0,,0,1,,4,10,7,0,0,0,0,0,0,0,0,0,0,0,0,0,0,24679@100,24679@100,24679@100,24679@100,24679@100,24679@100,24679@100,24679@100,24679@100,24679@100,0,0,0,0,,,,
2811,马戏团挑战,2,0,4,,TeamLv,0,,0,1,,4,10,7,0,0,0,0,0,0,0,0,0,0,0,0,0,0,24680@100,24680@100,24680@100,24680@100,24680@100,24680@100,24680@100,24680@100,24680@100,24680@100,0,0,0,0,,,,
2812,马戏团挑战,2,0,5,,TeamLv,0,,0,1,,4,10,7,0,0,0,0,0,0,0,0,0,0,0,0,0,0,24681@100,24681@100,24681@100,24681@100,24681@100,24681@100,24681@100,24681@100,24681@100,24681@100,0,0,0,0,,,,
2813,马戏团挑战,2,0,6,,TeamLv,0,,0,1,,4,10,7,0,0,0,0,0,0,0,0,0,0,0,0,0,0,24682@100,24682@100,24682@100,24682@100,24682@100,24682@100,24682@100,24682@100,24682@100,24682@100,0,0,0,0,,,,
2814,马戏团挑战,2,0,7,,TeamLv,0,,0,1,,4,10,7,0,0,0,0,0,0,0,0,0,0,0,0,0,0,24683@100,24683@100,24683@100,24683@100,24683@100,24683@100,24683@100,24683@100,24683@100,24683@100,0,0,0,0,,,,
2815,马戏团挑战,2,0,8,,TeamLv,0,,0,1,,4,10,7,0,0,0,0,0,0,0,0,0,0,0,0,0,0,24684@100,24684@100,24684@100,24684@100,24684@100,24684@100,24684@100,24684@100,24684@100,24684@100,0,0,0,0,,,,
2816,马戏团挑战,2,0,9,,TeamLv,0,,0,1,,4,10,7,0,0,0,0,0,0,0,0,0,0,0,0,0,0,24685@100,24685@100,24685@100,24685@100,24685@100,24685@100,24685@100,24685@100,24685@100,24685@100,0,0,0,0,,,,
2817,马戏团挑战,2,0,10,,TeamLv,0,,0,1,,4,10,7,0,0,0,0,0,0,0,0,0,0,0,0,0,0,24686@100,24686@100,24686@100,24686@100,24686@100,24686@100,24686@100,24686@100,24686@100,24686@100,0,0,0,0,,,,
2818,马戏团挑战,2,0,1,,TeamLv,0,,0,1,,4,10,7,0,0,0,0,0,0,0,0,0,0,0,0,0,0,24687@100,24687@100,24687@100,24687@100,24687@100,24687@100,24687@100,24687@100,24687@100,24687@100,0,0,0,0,,,,
2819,马戏团挑战,2,0,2,,TeamLv,0,,0,1,,4,10,7,0,0,0,0,0,0,0,0,0,0,0,0,0,0,24688@100,24688@100,24688@100,24688@100,24688@100,24688@100,24688@100,24688@100,24688@100,24688@100,0,0,0,0,,,,
2820,马戏团挑战,2,0,3,,TeamLv,0,,0,1,,4,10,7,0,0,0,0,0,0,0,0,0,0,0,0,0,0,24689@100,24689@100,24689@100,24689@100,24689@100,24689@100,24689@100,24689@100,24689@100,24689@100,0,0,0,0,,,,
2821,马戏团挑战,2,0,4,,TeamLv,0,,0,1,,4,10,7,0,0,0,0,0,0,0,0,0,0,0,0,0,0,24690@100,24690@100,24690@100,24690@100,24690@100,24690@100,24690@100,24690@100,24690@100,24690@100,0,0,0,0,,,,
2822,马戏团挑战,2,0,5,,TeamLv,0,,0,1,,4,10,7,0,0,0,0,0,0,0,0,0,0,0,0,0,0,24691@100,24691@100,24691@100,24691@100,24691@100,24691@100,24691@100,24691@100,24691@100,24691@100,0,0,0,0,,,,
2823,马戏团挑战,2,0,6,,TeamLv,0,,0,1,,4,10,7,0,0,0,0,0,0,0,0,0,0,0,0,0,0,24692@100,24692@100,24692@100,24692@100,24692@100,24692@100,24692@100,24692@100,24692@100,24692@100,0,0,0,0,,,,
2824,马戏团挑战,2,0,7,,TeamLv,0,,0,1,,4,10,7,0,0,0,0,0,0,0,0,0,0,0,0,0,0,24693@100,24693@100,24693@100,24693@100,24693@100,24693@100,24693@100,24693@100,24693@100,24693@100,0,0,0,0,,,,
2825,马戏团挑战,2,0,8,,TeamLv,0,,0,1,,4,10,7,0,0,0,0,0,0,0,0,0,0,0,0,0,0,24694@100,24694@100,24694@100,24694@100,24694@100,24694@100,24694@100,24694@100,24694@100,24694@100,0,0,0,0,,,,
2826,马戏团挑战,2,0,9,,TeamLv,0,,0,1,,4,10,7,0,0,0,0,0,0,0,0,0,0,0,0,0,0,24695@100,24695@100,24695@100,24695@100,24695@100,24695@100,24695@100,24695@100,24695@100,24695@100,0,0,0,0,,,,
2827,马戏团挑战,2,0,10,,TeamLv,0,,0,1,,4,10,7,0,0,0,0,0,0,0,0,0,0,0,0,0,0,24696@100,24696@100,24696@100,24696@100,24696@100,24696@100,24696@100,24696@100,24696@100,24696@100,0,0,0,0,,,,
2828,马戏团挑战,2,0,1,,TeamLv,0,,0,1,,4,10,7,0,0,0,0,0,0,0,0,0,0,0,0,0,0,24697@100,24697@100,24697@100,24697@100,24697@100,24697@100,24697@100,24697@100,24697@100,24697@100,0,0,0,0,,,,
2829,马戏团挑战,2,0,2,,TeamLv,0,,0,1,,4,10,7,0,0,0,0,0,0,0,0,0,0,0,0,0,0,24698@100,24698@100,24698@100,24698@100,24698@100,24698@100,24698@100,24698@100,24698@100,24698@100,0,0,0,0,,,,
2830,马戏团挑战,2,0,3,,TeamLv,0,,0,1,,4,10,7,0,0,0,0,0,0,0,0,0,0,0,0,0,0,24699@100,24699@100,24699@100,24699@100,24699@100,24699@100,24699@100,24699@100,24699@100,24699@100,0,0,0,0,,,,
2831,马戏团挑战,2,0,4,,TeamLv,0,,0,1,,4,10,7,0,0,0,0,0,0,0,0,0,0,0,0,0,0,24700@100,24700@100,24700@100,24700@100,24700@100,24700@100,24700@100,24700@100,24700@100,24700@100,0,0,0,0,,,,
2832,马戏团挑战,2,0,5,,TeamLv,0,,0,1,,4,10,7,0,0,0,0,0,0,0,0,0,0,0,0,0,0,24701@100,24701@100,24701@100,24701@100,24701@100,24701@100,24701@100,24701@100,24701@100,24701@100,0,0,0,0,,,,
2833,马戏团挑战,2,0,6,,TeamLv,0,,0,1,,4,10,7,0,0,0,0,0,0,0,0,0,0,0,0,0,0,24702@100,24702@100,24702@100,24702@100,24702@100,24702@100,24702@100,24702@100,24702@100,24702@100,0,0,0,0,,,,
2834,马戏团挑战,2,0,7,,TeamLv,0,,0,1,,4,10,7,0,0,0,0,0,0,0,0,0,0,0,0,0,0,24703@100,24703@100,24703@100,24703@100,24703@100,24703@100,24703@100,24703@100,24703@100,24703@100,0,0,0,0,,,,
2835,马戏团挑战,2,0,8,,TeamLv,0,,0,1,,4,10,7,0,0,0,0,0,0,0,0,0,0,0,0,0,0,24704@100,24704@100,24704@100,24704@100,24704@100,24704@100,24704@100,24704@100,24704@100,24704@100,0,0,0,0,,,,
2836,马戏团挑战,2,0,9,,TeamLv,0,,0,1,,4,10,7,0,0,0,0,0,0,0,0,0,0,0,0,0,0,24705@100,24705@100,24705@100,24705@100,24705@100,24705@100,24705@100,24705@100,24705@100,24705@100,0,0,0,0,,,,
2837,马戏团挑战,2,0,10,,TeamLv,0,,0,1,,4,10,7,0,0,0,0,0,0,0,0,0,0,0,0,0,0,24706@100,24706@100,24706@100,24706@100,24706@100,24706@100,24706@100,24706@100,24706@100,24706@100,0,0,0,0,,,,
2838,马戏团挑战,2,0,1,,TeamLv,0,,0,1,,4,10,7,0,0,0,0,0,0,0,0,0,0,0,0,0,0,24707@100,24707@100,24707@100,24707@100,24707@100,24707@100,24707@100,24707@100,24707@100,24707@100,0,0,0,0,,,,
2839,马戏团挑战,2,0,2,,TeamLv,0,,0,1,,4,10,7,0,0,0,0,0,0,0,0,0,0,0,0,0,0,24708@100,24708@100,24708@100,24708@100,24708@100,24708@100,24708@100,24708@100,24708@100,24708@100,0,0,0,0,,,,
2840,马戏团挑战,2,0,3,,TeamLv,0,,0,1,,4,10,7,0,0,0,0,0,0,0,0,0,0,0,0,0,0,24709@100,24709@100,24709@100,24709@100,24709@100,24709@100,24709@100,24709@100,24709@100,24709@100,0,0,0,0,,,,
2841,马戏团挑战,2,0,4,,TeamLv,0,,0,1,,4,10,7,0,0,0,0,0,0,0,0,0,0,0,0,0,0,24710@100,24710@100,24710@100,24710@100,24710@100,24710@100,24710@100,24710@100,24710@100,24710@100,0,0,0,0,,,,
2842,马戏团挑战,2,0,5,,TeamLv,0,,0,1,,4,10,7,0,0,0,0,0,0,0,0,0,0,0,0,0,0,24711@100,24711@100,24711@100,24711@100,24711@100,24711@100,24711@100,24711@100,24711@100,24711@100,0,0,0,0,,,,
2843,马戏团挑战,2,0,6,,TeamLv,0,,0,1,,4,10,7,0,0,0,0,0,0,0,0,0,0,0,0,0,0,24712@100,24712@100,24712@100,24712@100,24712@100,24712@100,24712@100,24712@100,24712@100,24712@100,0,0,0,0,,,,
2844,马戏团挑战,2,0,7,,TeamLv,0,,0,1,,4,10,7,0,0,0,0,0,0,0,0,0,0,0,0,0,0,24713@100,24713@100,24713@100,24713@100,24713@100,24713@100,24713@100,24713@100,24713@100,24713@100,0,0,0,0,,,,
2845,马戏团挑战,2,0,8,,TeamLv,0,,0,1,,4,10,7,0,0,0,0,0,0,0,0,0,0,0,0,0,0,24714@100,24714@100,24714@100,24714@100,24714@100,24714@100,24714@100,24714@100,24714@100,24714@100,0,0,0,0,,,,
2846,马戏团挑战,2,0,9,,TeamLv,0,,0,1,,4,10,7,0,0,0,0,0,0,0,0,0,0,0,0,0,0,24715@100,24715@100,24715@100,24715@100,24715@100,24715@100,24715@100,24715@100,24715@100,24715@100,0,0,0,0,,,,
2847,马戏团挑战,2,0,10,,TeamLv,0,,0,1,,4,10,7,0,0,0,0,0,0,0,0,0,0,0,0,0,0,24716@100,24716@100,24716@100,24716@100,24716@100,24716@100,24716@100,24716@100,24716@100,24716@100,0,0,0,0,,,,
2848,马戏团挑战,2,0,1,,TeamLv,0,,0,1,,4,10,7,0,0,0,0,0,0,0,0,0,0,0,0,0,0,24717@100,24717@100,24717@100,24717@100,24717@100,24717@100,24717@100,24717@100,24717@100,24717@100,0,0,0,0,,,,
2849,马戏团挑战,2,0,2,,TeamLv,0,,0,1,,4,10,7,0,0,0,0,0,0,0,0,0,0,0,0,0,0,24718@100,24718@100,24718@100,24718@100,24718@100,24718@100,24718@100,24718@100,24718@100,24718@100,0,0,0,0,,,,
2850,马戏团挑战,2,0,3,,TeamLv,0,,0,1,,4,10,7,0,0,0,0,0,0,0,0,0,0,0,0,0,0,24719@100,24719@100,24719@100,24719@100,24719@100,24719@100,24719@100,24719@100,24719@100,24719@100,0,0,0,0,,,,
2851,马戏团挑战,2,0,4,,TeamLv,0,,0,1,,4,10,7,0,0,0,0,0,0,0,0,0,0,0,0,0,0,24720@100,24720@100,24720@100,24720@100,24720@100,24720@100,24720@100,24720@100,24720@100,24720@100,0,0,0,0,,,,
2852,马戏团挑战,2,0,5,,TeamLv,0,,0,1,,4,10,7,0,0,0,0,0,0,0,0,0,0,0,0,0,0,24721@100,24721@100,24721@100,24721@100,24721@100,24721@100,24721@100,24721@100,24721@100,24721@100,0,0,0,0,,,,
2853,马戏团挑战,2,0,6,,TeamLv,0,,0,1,,4,10,7,0,0,0,0,0,0,0,0,0,0,0,0,0,0,24722@100,24722@100,24722@100,24722@100,24722@100,24722@100,24722@100,24722@100,24722@100,24722@100,0,0,0,0,,,,
2854,马戏团挑战,2,0,7,,TeamLv,0,,0,1,,4,10,7,0,0,0,0,0,0,0,0,0,0,0,0,0,0,24723@100,24723@100,24723@100,24723@100,24723@100,24723@100,24723@100,24723@100,24723@100,24723@100,0,0,0,0,,,,
2855,马戏团挑战,2,0,8,,TeamLv,0,,0,1,,4,10,7,0,0,0,0,0,0,0,0,0,0,0,0,0,0,24724@100,24724@100,24724@100,24724@100,24724@100,24724@100,24724@100,24724@100,24724@100,24724@100,0,0,0,0,,,,
2856,马戏团挑战,2,0,9,,TeamLv,0,,0,1,,4,10,7,0,0,0,0,0,0,0,0,0,0,0,0,0,0,24725@100,24725@100,24725@100,24725@100,24725@100,24725@100,24725@100,24725@100,24725@100,24725@100,0,0,0,0,,,,
2857,马戏团挑战,2,0,10,,TeamLv,0,,0,1,,4,10,7,0,0,0,0,0,0,0,0,0,0,0,0,0,0,24726@100,24726@100,24726@100,24726@100,24726@100,24726@100,24726@100,24726@100,24726@100,24726@100,0,0,0,0,,,,
2858,马戏团挑战,2,0,1,,TeamLv,0,,0,1,,4,10,7,0,0,0,0,0,0,0,0,0,0,0,0,0,0,24727@100,24727@100,24727@100,24727@100,24727@100,24727@100,24727@100,24727@100,24727@100,24727@100,0,0,0,0,,,,
2859,马戏团挑战,2,0,2,,TeamLv,0,,0,1,,4,10,7,0,0,0,0,0,0,0,0,0,0,0,0,0,0,24728@100,24728@100,24728@100,24728@100,24728@100,24728@100,24728@100,24728@100,24728@100,24728@100,0,0,0,0,,,,
2860,马戏团挑战,2,0,3,,TeamLv,0,,0,1,,4,10,7,0,0,0,0,0,0,0,0,0,0,0,0,0,0,24729@100,24729@100,24729@100,24729@100,24729@100,24729@100,24729@100,24729@100,24729@100,24729@100,0,0,0,0,,,,
2861,马戏团挑战,2,0,4,,TeamLv,0,,0,1,,4,10,7,0,0,0,0,0,0,0,0,0,0,0,0,0,0,24730@100,24730@100,24730@100,24730@100,24730@100,24730@100,24730@100,24730@100,24730@100,24730@100,0,0,0,0,,,,
2862,马戏团挑战,2,0,5,,TeamLv,0,,0,1,,4,10,7,0,0,0,0,0,0,0,0,0,0,0,0,0,0,24731@100,24731@100,24731@100,24731@100,24731@100,24731@100,24731@100,24731@100,24731@100,24731@100,0,0,0,0,,,,
2863,马戏团挑战,2,0,6,,TeamLv,0,,0,1,,4,10,7,0,0,0,0,0,0,0,0,0,0,0,0,0,0,24732@100,24732@100,24732@100,24732@100,24732@100,24732@100,24732@100,24732@100,24732@100,24732@100,0,0,0,0,,,,
2864,马戏团挑战,2,0,7,,TeamLv,0,,0,1,,4,10,7,0,0,0,0,0,0,0,0,0,0,0,0,0,0,24733@100,24733@100,24733@100,24733@100,24733@100,24733@100,24733@100,24733@100,24733@100,24733@100,0,0,0,0,,,,
2865,马戏团挑战,2,0,8,,TeamLv,0,,0,1,,4,10,7,0,0,0,0,0,0,0,0,0,0,0,0,0,0,24734@100,24734@100,24734@100,24734@100,24734@100,24734@100,24734@100,24734@100,24734@100,24734@100,0,0,0,0,,,,
2866,马戏团挑战,2,0,9,,TeamLv,0,,0,1,,4,10,7,0,0,0,0,0,0,0,0,0,0,0,0,0,0,24735@100,24735@100,24735@100,24735@100,24735@100,24735@100,24735@100,24735@100,24735@100,24735@100,0,0,0,0,,,,
2867,马戏团挑战,2,0,10,,TeamLv,0,,0,1,,4,10,7,0,0,0,0,0,0,0,0,0,0,0,0,0,0,24736@100,24736@100,24736@100,24736@100,24736@100,24736@100,24736@100,24736@100,24736@100,24736@100,0,0,0,0,,,,
2868,马戏团挑战,2,0,1,,TeamLv,0,,0,1,,4,10,7,0,0,0,0,0,0,0,0,0,0,0,0,0,0,24737@100,24737@100,24737@100,24737@100,24737@100,24737@100,24737@100,24737@100,24737@100,24737@100,0,0,0,0,,,,
2869,马戏团挑战,2,0,2,,TeamLv,0,,0,1,,4,10,7,0,0,0,0,0,0,0,0,0,0,0,0,0,0,24738@100,24738@100,24738@100,24738@100,24738@100,24738@100,24738@100,24738@100,24738@100,24738@100,0,0,0,0,,,,
2870,马戏团挑战,2,0,3,,TeamLv,0,,0,1,,4,10,7,0,0,0,0,0,0,0,0,0,0,0,0,0,0,24739@100,24739@100,24739@100,24739@100,24739@100,24739@100,24739@100,24739@100,24739@100,24739@100,0,0,0,0,,,,
2871,马戏团挑战,2,0,4,,TeamLv,0,,0,1,,4,10,7,0,0,0,0,0,0,0,0,0,0,0,0,0,0,24740@100,24740@100,24740@100,24740@100,24740@100,24740@100,24740@100,24740@100,24740@100,24740@100,0,0,0,0,,,,
2872,马戏团挑战,2,0,5,,TeamLv,0,,0,1,,4,10,7,0,0,0,0,0,0,0,0,0,0,0,0,0,0,24741@100,24741@100,24741@100,24741@100,24741@100,24741@100,24741@100,24741@100,24741@100,24741@100,0,0,0,0,,,,
2873,马戏团挑战,2,0,6,,TeamLv,0,,0,1,,4,10,7,0,0,0,0,0,0,0,0,0,0,0,0,0,0,24742@100,24742@100,24742@100,24742@100,24742@100,24742@100,24742@100,24742@100,24742@100,24742@100,0,0,0,0,,,,
2874,马戏团挑战,2,0,7,,TeamLv,0,,0,1,,4,10,7,0,0,0,0,0,0,0,0,0,0,0,0,0,0,24743@100,24743@100,24743@100,24743@100,24743@100,24743@100,24743@100,24743@100,24743@100,24743@100,0,0,0,0,,,,
2875,马戏团挑战,2,0,8,,TeamLv,0,,0,1,,4,10,7,0,0,0,0,0,0,0,0,0,0,0,0,0,0,24744@100,24744@100,24744@100,24744@100,24744@100,24744@100,24744@100,24744@100,24744@100,24744@100,0,0,0,0,,,,
2876,马戏团挑战,2,0,9,,TeamLv,0,,0,1,,4,10,7,0,0,0,0,0,0,0,0,0,0,0,0,0,0,24745@100,24745@100,24745@100,24745@100,24745@100,24745@100,24745@100,24745@100,24745@100,24745@100,0,0,0,0,,,,
2877,马戏团挑战,2,0,10,,TeamLv,0,,0,1,,4,10,7,0,0,0,0,0,0,0,0,0,0,0,0,0,0,24746@100,24746@100,24746@100,24746@100,24746@100,24746@100,24746@100,24746@100,24746@100,24746@100,0,0,0,0,,,,
2878,马戏团挑战,2,0,1,,TeamLv,0,,0,1,,4,10,7,0,0,0,0,0,0,0,0,0,0,0,0,0,0,24747@100,24747@100,24747@100,24747@100,24747@100,24747@100,24747@100,24747@100,24747@100,24747@100,0,0,0,0,,,,
2879,马戏团挑战,2,0,2,,TeamLv,0,,0,1,,4,10,7,0,0,0,0,0,0,0,0,0,0,0,0,0,0,24748@100,24748@100,24748@100,24748@100,24748@100,24748@100,24748@100,24748@100,24748@100,24748@100,0,0,0,0,,,,
2880,马戏团挑战,2,0,3,,TeamLv,0,,0,1,,4,10,7,0,0,0,0,0,0,0,0,0,0,0,0,0,0,24749@100,24749@100,24749@100,24749@100,24749@100,24749@100,24749@100,24749@100,24749@100,24749@100,0,0,0,0,,,,
2881,马戏团挑战,2,0,4,,TeamLv,0,,0,1,,4,10,7,0,0,0,0,0,0,0,0,0,0,0,0,0,0,24750@100,24750@100,24750@100,24750@100,24750@100,24750@100,24750@100,24750@100,24750@100,24750@100,0,0,0,0,,,,
2882,马戏团挑战,2,0,5,,TeamLv,0,,0,1,,4,10,7,0,0,0,0,0,0,0,0,0,0,0,0,0,0,24751@100,24751@100,24751@100,24751@100,24751@100,24751@100,24751@100,24751@100,24751@100,24751@100,0,0,0,0,,,,
2883,马戏团挑战,2,0,6,,TeamLv,0,,0,1,,4,10,7,0,0,0,0,0,0,0,0,0,0,0,0,0,0,24752@100,24752@100,24752@100,24752@100,24752@100,24752@100,24752@100,24752@100,24752@100,24752@100,0,0,0,0,,,,
2884,马戏团挑战,2,0,7,,TeamLv,0,,0,1,,4,10,7,0,0,0,0,0,0,0,0,0,0,0,0,0,0,24753@100,24753@100,24753@100,24753@100,24753@100,24753@100,24753@100,24753@100,24753@100,24753@100,0,0,0,0,,,,
2885,马戏团挑战,2,0,8,,TeamLv,0,,0,1,,4,10,7,0,0,0,0,0,0,0,0,0,0,0,0,0,0,24754@100,24754@100,24754@100,24754@100,24754@100,24754@100,24754@100,24754@100,24754@100,24754@100,0,0,0,0,,,,
2886,马戏团挑战,2,0,9,,TeamLv,0,,0,1,,4,10,7,0,0,0,0,0,0,0,0,0,0,0,0,0,0,24755@100,24755@100,24755@100,24755@100,24755@100,24755@100,24755@100,24755@100,24755@100,24755@100,0,0,0,0,,,,
2887,马戏团挑战,2,0,10,,TeamLv,0,,0,1,,4,10,7,0,0,0,0,0,0,0,0,0,0,0,0,0,0,24756@100,24756@100,24756@100,24756@100,24756@100,24756@100,24756@100,24756@100,24756@100,24756@100,0,0,0,0,,,,
2888,马戏团挑战,2,0,1,,TeamLv,0,,0,1,,4,10,7,0,0,0,0,0,0,0,0,0,0,0,0,0,0,24757@100,24757@100,24757@100,24757@100,24757@100,24757@100,24757@100,24757@100,24757@100,24757@100,0,0,0,0,,,,
2889,马戏团挑战,2,0,2,,TeamLv,0,,0,1,,4,10,7,0,0,0,0,0,0,0,0,0,0,0,0,0,0,24758@100,24758@100,24758@100,24758@100,24758@100,24758@100,24758@100,24758@100,24758@100,24758@100,0,0,0,0,,,,
2890,马戏团挑战,2,0,3,,TeamLv,0,,0,1,,4,10,7,0,0,0,0,0,0,0,0,0,0,0,0,0,0,24759@100,24759@100,24759@100,24759@100,24759@100,24759@100,24759@100,24759@100,24759@100,24759@100,0,0,0,0,,,,
2891,马戏团挑战,2,0,4,,TeamLv,0,,0,1,,4,10,7,0,0,0,0,0,0,0,0,0,0,0,0,0,0,24760@100,24760@100,24760@100,24760@100,24760@100,24760@100,24760@100,24760@100,24760@100,24760@100,0,0,0,0,,,,
2892,马戏团挑战,2,0,5,,TeamLv,0,,0,1,,4,10,7,0,0,0,0,0,0,0,0,0,0,0,0,0,0,24761@100,24761@100,24761@100,24761@100,24761@100,24761@100,24761@100,24761@100,24761@100,24761@100,0,0,0,0,,,,
2893,马戏团挑战,2,0,6,,TeamLv,0,,0,1,,4,10,7,0,0,0,0,0,0,0,0,0,0,0,0,0,0,24762@100,24762@100,24762@100,24762@100,24762@100,24762@100,24762@100,24762@100,24762@100,24762@100,0,0,0,0,,,,
2894,马戏团挑战,2,0,7,,TeamLv,0,,0,1,,4,10,7,0,0,0,0,0,0,0,0,0,0,0,0,0,0,24763@100,24763@100,24763@100,24763@100,24763@100,24763@100,24763@100,24763@100,24763@100,24763@100,0,0,0,0,,,,
2895,马戏团挑战,2,0,8,,TeamLv,0,,0,1,,4,10,7,0,0,0,0,0,0,0,0,0,0,0,0,0,0,24764@100,24764@100,24764@100,24764@100,24764@100,24764@100,24764@100,24764@100,24764@100,24764@100,0,0,0,0,,,,
2896,马戏团挑战,2,0,9,,TeamLv,0,,0,1,,4,10,7,0,0,0,0,0,0,0,0,0,0,0,0,0,0,24765@100,24765@100,24765@100,24765@100,24765@100,24765@100,24765@100,24765@100,24765@100,24765@100,0,0,0,0,,,,
2897,马戏团挑战,2,0,10,,TeamLv,0,,0,1,,4,10,7,0,0,0,0,0,0,0,0,0,0,0,0,0,0,24766@100,24766@100,24766@100,24766@100,24766@100,24766@100,24766@100,24766@100,24766@100,24766@100,0,0,0,0,,,,
2898,马戏团挑战,2,0,1,,TeamLv,0,,0,1,,4,10,7,0,0,0,0,0,0,0,0,0,0,0,0,0,0,24767@100,24767@100,24767@100,24767@100,24767@100,24767@100,24767@100,24767@100,24767@100,24767@100,0,0,0,0,,,,
2899,马戏团挑战,2,0,2,,TeamLv,0,,0,1,,4,10,7,0,0,0,0,0,0,0,0,0,0,0,0,0,0,24768@100,24768@100,24768@100,24768@100,24768@100,24768@100,24768@100,24768@100,24768@100,24768@100,0,0,0,0,,,,
2900,马戏团挑战,2,0,3,,TeamLv,0,,0,1,,4,10,7,0,0,0,0,0,0,0,0,0,0,0,0,0,0,24769@100,24769@100,24769@100,24769@100,24769@100,24769@100,24769@100,24769@100,24769@100,24769@100,0,0,0,0,,,,
2901,马戏团挑战,2,0,4,,TeamLv,0,,0,1,,4,10,7,0,0,0,0,0,0,0,0,0,0,0,0,0,0,24770@100,24770@100,24770@100,24770@100,24770@100,24770@100,24770@100,24770@100,24770@100,24770@100,0,0,0,0,,,,
2902,马戏团挑战,2,0,5,,TeamLv,0,,0,1,,4,10,7,0,0,0,0,0,0,0,0,0,0,0,0,0,0,24771@100,24771@100,24771@100,24771@100,24771@100,24771@100,24771@100,24771@100,24771@100,24771@100,0,0,0,0,,,,
2903,马戏团挑战,2,0,6,,TeamLv,0,,0,1,,4,10,7,0,0,0,0,0,0,0,0,0,0,0,0,0,0,24772@100,24772@100,24772@100,24772@100,24772@100,24772@100,24772@100,24772@100,24772@100,24772@100,0,0,0,0,,,,
2904,马戏团挑战,2,0,7,,TeamLv,0,,0,1,,4,10,7,0,0,0,0,0,0,0,0,0,0,0,0,0,0,24773@100,24773@100,24773@100,24773@100,24773@100,24773@100,24773@100,24773@100,24773@100,24773@100,0,0,0,0,,,,
2905,马戏团挑战,2,0,8,,TeamLv,0,,0,1,,4,10,7,0,0,0,0,0,0,0,0,0,0,0,0,0,0,24774@100,24774@100,24774@100,24774@100,24774@100,24774@100,24774@100,24774@100,24774@100,24774@100,0,0,0,0,,,,
2906,马戏团挑战,2,0,9,,TeamLv,0,,0,1,,4,10,7,0,0,0,0,0,0,0,0,0,0,0,0,0,0,24775@100,24775@100,24775@100,24775@100,24775@100,24775@100,24775@100,24775@100,24775@100,24775@100,0,0,0,0,,,,
2907,马戏团挑战,2,0,10,,TeamLv,0,,0,1,,4,10,7,0,0,0,0,0,0,0,0,0,0,0,0,0,0,24776@100,24776@100,24776@100,24776@100,24776@100,24776@100,24776@100,24776@100,24776@100,24776@100,0,0,0,0,,,,
2908,马戏团挑战,2,0,1,,TeamLv,0,,0,1,,4,10,7,0,0,0,0,0,0,0,0,0,0,0,0,0,0,24777@100,24777@100,24777@100,24777@100,24777@100,24777@100,24777@100,24777@100,24777@100,24777@100,0,0,0,0,,,,
2909,马戏团挑战,2,0,2,,TeamLv,0,,0,1,,4,10,7,0,0,0,0,0,0,0,0,0,0,0,0,0,0,24778@100,24778@100,24778@100,24778@100,24778@100,24778@100,24778@100,24778@100,24778@100,24778@100,0,0,0,0,,,,
2910,马戏团挑战,2,0,3,,TeamLv,0,,0,1,,4,10,7,0,0,0,0,0,0,0,0,0,0,0,0,0,0,24779@100,24779@100,24779@100,24779@100,24779@100,24779@100,24779@100,24779@100,24779@100,24779@100,0,0,0,0,,,,
2911,马戏团挑战,2,0,4,,TeamLv,0,,0,1,,4,10,7,0,0,0,0,0,0,0,0,0,0,0,0,0,0,24780@100,24780@100,24780@100,24780@100,24780@100,24780@100,24780@100,24780@100,24780@100,24780@100,0,0,0,0,,,,
2912,马戏团挑战,2,0,5,,TeamLv,0,,0,1,,4,10,7,0,0,0,0,0,0,0,0,0,0,0,0,0,0,24781@100,24781@100,24781@100,24781@100,24781@100,24781@100,24781@100,24781@100,24781@100,24781@100,0,0,0,0,,,,
2913,马戏团挑战,2,0,6,,TeamLv,0,,0,1,,4,10,7,0,0,0,0,0,0,0,0,0,0,0,0,0,0,24782@100,24782@100,24782@100,24782@100,24782@100,24782@100,24782@100,24782@100,24782@100,24782@100,0,0,0,0,,,,
2914,马戏团挑战,2,0,7,,TeamLv,0,,0,1,,4,10,7,0,0,0,0,0,0,0,0,0,0,0,0,0,0,24783@100,24783@100,24783@100,24783@100,24783@100,24783@100,24783@100,24783@100,24783@100,24783@100,0,0,0,0,,,,
2915,马戏团挑战,2,0,8,,TeamLv,0,,0,1,,4,10,7,0,0,0,0,0,0,0,0,0,0,0,0,0,0,24784@100,24784@100,24784@100,24784@100,24784@100,24784@100,24784@100,24784@100,24784@100,24784@100,0,0,0,0,,,,
2916,马戏团挑战,2,0,9,,TeamLv,0,,0,1,,4,10,7,0,0,0,0,0,0,0,0,0,0,0,0,0,0,24785@100,24785@100,24785@100,24785@100,24785@100,24785@100,24785@100,24785@100,24785@100,24785@100,0,0,0,0,,,,
2917,马戏团挑战,2,0,10,,TeamLv,0,,0,1,,4,10,7,0,0,0,0,0,0,0,0,0,0,0,0,0,0,24786@100,24786@100,24786@100,24786@100,24786@100,24786@100,24786@100,24786@100,24786@100,24786@100,0,0,0,0,,,,
2918,马戏团挑战,2,0,1,,TeamLv,0,,0,1,,4,10,7,0,0,0,0,0,0,0,0,0,0,0,0,0,0,24787@100,24787@100,24787@100,24787@100,24787@100,24787@100,24787@100,24787@100,24787@100,24787@100,0,0,0,0,,,,
2919,马戏团挑战,2,0,2,,TeamLv,0,,0,1,,4,10,7,0,0,0,0,0,0,0,0,0,0,0,0,0,0,24788@100,24788@100,24788@100,24788@100,24788@100,24788@100,24788@100,24788@100,24788@100,24788@100,0,0,0,0,,,,
2920,马戏团挑战,2,0,3,,TeamLv,0,,0,1,,4,10,7,0,0,0,0,0,0,0,0,0,0,0,0,0,0,24789@100,24789@100,24789@100,24789@100,24789@100,24789@100,24789@100,24789@100,24789@100,24789@100,0,0,0,0,,,,
2921,马戏团挑战,2,0,4,,TeamLv,0,,0,1,,4,10,7,0,0,0,0,0,0,0,0,0,0,0,0,0,0,24790@100,24790@100,24790@100,24790@100,24790@100,24790@100,24790@100,24790@100,24790@100,24790@100,0,0,0,0,,,,
2922,马戏团挑战,2,0,5,,TeamLv,0,,0,1,,4,10,7,0,0,0,0,0,0,0,0,0,0,0,0,0,0,24791@100,24791@100,24791@100,24791@100,24791@100,24791@100,24791@100,24791@100,24791@100,24791@100,0,0,0,0,,,,
2923,马戏团挑战,2,0,6,,TeamLv,0,,0,1,,4,10,7,0,0,0,0,0,0,0,0,0,0,0,0,0,0,24792@100,24792@100,24792@100,24792@100,24792@100,24792@100,24792@100,24792@100,24792@100,24792@100,0,0,0,0,,,,
2924,马戏团挑战,2,0,7,,TeamLv,0,,0,1,,4,10,7,0,0,0,0,0,0,0,0,0,0,0,0,0,0,24793@100,24793@100,24793@100,24793@100,24793@100,24793@100,24793@100,24793@100,24793@100,24793@100,0,0,0,0,,,,
2925,马戏团挑战,2,0,8,,TeamLv,0,,0,1,,4,10,7,0,0,0,0,0,0,0,0,0,0,0,0,0,0,24794@100,24794@100,24794@100,24794@100,24794@100,24794@100,24794@100,24794@100,24794@100,24794@100,0,0,0,0,,,,
2926,马戏团挑战,2,0,9,,TeamLv,0,,0,1,,4,10,7,0,0,0,0,0,0,0,0,0,0,0,0,0,0,24795@100,24795@100,24795@100,24795@100,24795@100,24795@100,24795@100,24795@100,24795@100,24795@100,0,0,0,0,,,,
2927,马戏团挑战,2,0,10,,TeamLv,0,,0,1,,4,10,7,0,0,0,0,0,0,0,0,0,0,0,0,0,0,24796@100,24796@100,24796@100,24796@100,24796@100,24796@100,24796@100,24796@100,24796@100,24796@100,0,0,0,0,,,,
2928,马戏团挑战,2,0,1,,TeamLv,0,,0,1,,4,10,7,0,0,0,0,0,0,0,0,0,0,0,0,0,0,24797@100,24797@100,24797@100,24797@100,24797@100,24797@100,24797@100,24797@100,24797@100,24797@100,0,0,0,0,,,,
2929,马戏团挑战,2,0,2,,TeamLv,0,,0,1,,4,10,7,0,0,0,0,0,0,0,0,0,0,0,0,0,0,24798@100,24798@100,24798@100,24798@100,24798@100,24798@100,24798@100,24798@100,24798@100,24798@100,0,0,0,0,,,,
2930,马戏团挑战,2,0,3,,TeamLv,0,,0,1,,4,10,7,0,0,0,0,0,0,0,0,0,0,0,0,0,0,24799@100,24799@100,24799@100,24799@100,24799@100,24799@100,24799@100,24799@100,24799@100,24799@100,0,0,0,0,,,,
2931,二郎神君,2,0,1,,TeamLv,0,,0,1,,4,10,7,0,0,0,0,0,0,0,0,0,0,0,0,0,0,31436@100,31444@100,31437@100,31438@100,31439@100,31445@100,31440@100,31441@100,31442@100,31443@100,0,0,0,0,,,,
2932,金蝉子,2,0,2,,TeamLv,0,,0,1,,4,10,7,0,0,0,0,0,0,0,0,0,0,0,0,0,0,31437@100,31436@100,31444@100,31438@100,31439@100,31445@100,31440@100,31441@100,31442@100,31443@100,0,0,0,0,,,,
2933,菩提老祖,2,0,3,,TeamLv,0,,0,1,,4,10,7,0,0,0,0,0,0,0,0,0,0,0,0,0,0,31438@100,31436@100,31437@100,31444@100,31439@100,31445@100,31440@100,31441@100,31442@100,31443@100,0,0,0,0,,,,
2934,观音大士,2,0,4,,TeamLv,0,,0,1,,4,10,7,0,0,0,0,0,0,0,0,0,0,0,0,0,0,31439@100,31436@100,31437@100,31438@100,31444@100,31445@100,31440@100,31441@100,31442@100,31443@100,0,0,0,0,,,,
2935,太上老君,2,0,5,,TeamLv,0,,0,1,,4,10,7,0,0,0,0,0,0,0,0,0,0,0,0,0,0,31440@100,31436@100,31437@100,31438@100,31439@100,31445@100,31444@100,31441@100,31442@100,31443@100,0,0,0,0,,,,
2936,后羿,2,0,6,,TeamLv,0,,0,1,,4,10,7,0,0,0,0,0,0,0,0,0,0,0,0,0,0,31441@100,31436@100,31437@100,31438@100,31439@100,31445@100,31440@100,31444@100,31442@100,31443@100,0,0,0,0,,,,
2937,东海龙王,2,0,7,,TeamLv,0,,0,1,,4,10,7,0,0,0,0,0,0,0,0,0,0,0,0,0,0,31442@100,31436@100,31437@100,31438@100,31439@100,31445@100,31440@100,31441@100,31444@100,31443@100,0,0,0,0,,,,
2938,嫦娥仙子,2,0,8,,TeamLv,0,,0,1,,4,10,7,0,0,0,0,0,0,0,0,0,0,0,0,0,0,31443@100,31436@100,31437@100,31438@100,31439@100,31445@100,31440@100,31441@100,31442@100,31444@100,0,0,0,0,,,,
2939,地藏菩萨,2,0,7,,TeamLv,0,,0,1,,4,10,7,0,0,0,0,0,0,0,0,0,0,0,0,0,0,31444@100,31436@100,31437@100,31438@100,31439@100,31445@100,31440@100,31441@100,31442@100,31443@100,0,0,0,0,,,,
2940,九天玄女,2,0,8,,TeamLv,0,,0,1,,4,10,7,0,0,0,0,0,0,0,0,0,0,0,0,0,0,31445@100,31436@100,31437@100,31438@100,31439@100,31444@100,31440@100,31441@100,31442@100,31443@100,0,0,0,0,,,,
3001,一江风-40级秘境,2,0,6,2,TeamLv,0,,0,1,,4,5,7,0,0,0,0,0,0,0,0,0,0,0,0,0,0,30601@100,30602@100,30603@100,30604@100,30605@100,0,0,0,0,0,0,0,0,0,,,,
3002,鬼国公主-40级秘境,2,0,7,2,TeamLv,0,,0,1,,4,5,7,0,0,0,0,0,0,0,0,0,0,0,0,0,0,30606@100,30607@100,30607@100,30607@100,30607@100,0,0,0,0,0,0,0,0,0,,,,
3003,定山神-40级秘境,2,0,8,2,TeamLv,0,,0,1,,4,5,7,0,0,0,0,0,0,0,0,0,0,0,0,0,0,30608@100,30609@100,30609@100,30610@100,30610@100,0,0,0,0,0,0,0,0,0,,,,
3004,猴小圣-40级秘境,2,0,9,2,TeamLv,0,,0,1,,4,5,7,0,0,0,0,0,0,0,0,0,0,0,0,0,0,30611@100,30612@100,30613@100,30614@100,30614@100,0,0,0,0,0,0,0,0,0,,,,
3005,掌灯人-40级秘境,2,0,10,2,TeamLv,0,,0,1,,4,5,7,0,0,0,0,0,0,0,0,0,0,0,0,0,0,30615@100,30616@100,30617@100,30617@100,30617@100,0,0,0,0,0,0,0,0,0,,,,
3006,百目鬼王-40级秘境,2,0,1,2,TeamLv,0,,0,1,,4,5,7,0,0,0,0,0,0,0,0,0,0,0,0,0,0,30618@100,30619@100,30619@100,30619@100,30619@100,0,0,0,0,0,0,0,0,0,,,,
3007,伏虎校尉-40级秘境,2,0,2,2,TeamLv,0,,0,1,,4,5,7,0,0,0,0,0,0,0,0,0,0,0,0,0,0,30620@100,30621@100,30621@100,30621@100,30621@100,0,0,0,0,0,0,0,0,0,,,,
3008,灵台道人-40级秘境,2,0,3,2,TeamLv,0,,0,1,,4,5,7,0,0,0,0,0,0,0,0,0,0,0,0,0,0,30622@100,30623@100,30623@100,30623@100,30623@100,0,0,0,0,0,0,0,0,0,,,,
3009,沧海银龙-40级秘境,2,0,4,2,TeamLv,0,,0,1,,4,5,7,0,0,0,0,0,0,0,0,0,0,0,0,0,0,30624@100,30625@100,30625@100,30625@100,30625@100,0,0,0,0,0,0,0,0,0,,,,
3010,观音大士-40级秘境,2,0,5,2,TeamLv,0,,0,1,,4,5,7,0,0,0,0,0,0,0,0,0,0,0,0,0,0,30626@100,30627@100,30627@100,30627@100,30627@100,0,0,0,0,0,0,0,0,0,,,,
3011,地藏王-40级秘境,2,0,6,2,TeamLv,0,,0,1,,4,5,7,0,0,0,0,0,0,0,0,0,0,0,0,0,0,30628@100,30629@100,30629@100,30630@100,30630@100,0,0,0,0,0,0,0,0,0,,,,
3012,大大王-40级秘境,2,0,7,2,TeamLv,0,,0,1,,4,5,7,0,0,0,0,0,0,0,0,0,0,0,0,0,0,30631@100,30632@100,30632@100,30632@100,30632@100,0,0,0,0,0,0,0,0,0,,,,
3013,煞风太岁-40级秘境,2,0,8,2,TeamLv,0,,0,1,,4,5,7,0,0,0,0,0,0,0,0,0,0,0,0,0,0,30633@100,30634@100,30634@100,30634@100,30634@100,0,0,0,0,0,0,0,0,0,,,,
3014,千佛神医-40级秘境,2,0,9,2,TeamLv,0,,0,1,,4,5,7,0,0,0,0,0,0,0,0,0,0,0,0,0,0,30635@100,30636@100,30636@100,30636@100,30636@100,0,0,0,0,0,0,0,0,0,,,,
3015,琼华子-40级秘境,2,0,10,2,TeamLv,0,,0,1,,4,5,7,0,0,0,0,0,0,0,0,0,0,0,0,0,0,30637@100,30638@100,30638@100,30638@100,30638@100,0,0,0,0,0,0,0,0,0,,,,
3016,贪狼星君-40级秘境,2,0,1,2,TeamLv,0,,0,1,,4,5,7,0,0,0,0,0,0,0,0,0,0,0,0,0,0,30639@100,30640@100,30641@100,30642@100,30643@100,0,0,0,0,0,0,0,0,0,,,,
3017,破军星君-40级秘境,2,0,2,2,TeamLv,0,,0,1,,4,5,7,0,0,0,0,0,0,0,0,0,0,0,0,0,0,30644@100,30645@100,30646@100,30647@100,30648@100,0,0,0,0,0,0,0,0,0,,,,
3018,墨凰-40级秘境,2,0,3,2,TeamLv,0,,0,1,,4,5,7,0,0,0,0,0,0,0,0,0,0,0,0,0,0,30649@100,30650@100,30651@100,30652@100,30653@100,0,0,0,0,0,0,0,0,0,,,,
3019,螭歾-40级秘境,2,0,4,2,TeamLv,0,,0,1,,4,5,7,0,0,0,0,0,0,0,0,0,0,0,0,0,0,30654@100,30655@100,30656@100,30657@100,30657@100,0,0,0,0,0,0,0,0,0,,,,
3020,破霄天君-40级秘境,2,0,5,2,TeamLv,0,,0,1,,4,5,7,0,0,0,0,0,0,0,0,0,0,0,0,0,0,30658@100,30659@100,30661@100,30660@100,30662@100,0,0,0,0,0,0,0,0,0,,,,
3021,灾厄•灵仙-40级秘境,2,0,6,2,TeamLv,0,,0,1,,4,5,7,0,0,0,0,0,0,0,0,0,0,0,0,0,0,30663@50;30664@50,30678@50;30680@50,30680@100,30676@25;30683@25;30684@10;30687@10;30688@10;30689@10;30690@10,30677@20;30681@20;30682@20;30685@13;30686@14;30691@13,0,0,0,0,0,0,0,0,0,,,,
3022,灾厄•夜魅-40级秘境,2,0,7,2,TeamLv,0,,0,1,,4,5,7,0,0,0,0,0,0,0,0,0,0,0,0,0,0,30665@50;30666@50,30679@100,30677@100,30682@100,30681@100,0,0,0,0,0,0,0,0,0,,,,
3023,灾厄•破晓-40级秘境,2,0,8,2,TeamLv,0,,0,1,,4,5,7,0,0,0,0,0,0,0,0,0,0,0,0,0,0,30667@25;30668@25;30669@50,30675@100,30680@100,30676@25;30683@25;30684@10;30687@10;30688@10;30689@10;30690@10,30676@25;30683@25;30684@10;30687@10;30688@10;30689@10;30690@10,0,0,0,0,0,0,0,0,0,,,,
3024,甘露-40级秘境,2,0,9,2,TeamLv,0,,0,1,,4,5,7,0,0,0,0,0,0,0,0,0,0,0,0,0,0,30671@50;30672@50,30679@50;30677@50,30677@20;30681@20;30682@20;30685@13;30686@14;30691@13,30676@25;30683@25;30684@10;30687@10;30688@10;30689@10;30690@10,30676@25;30683@25;30684@10;30687@10;30688@10;30689@10;30690@10,0,0,0,0,0,0,0,0,0,,,,
3025,玄灵-40级秘境,2,0,10,2,TeamLv,0,,0,1,,4,7,7,0,0,0,0,0,0,0,0,0,0,0,0,0,0,30673@50;30674@50,30664@100,30671@100,30676@25;30683@25;30684@10;30687@10;30688@10;30689@10;30690@10,30676@25;30683@25;30684@10;30687@10;30688@10;30689@10;30690@10,30677@20;30681@20;30682@20;30685@13;30686@14;30691@13,30677@20;30681@20;30682@20;30685@13;30686@14;30691@13,0,0,0,0,0,0,0,,,,
3026,一江风-70秘境,2,0,1,2,TeamLv,0,,0,1,,4,5,7,0,0,0,0,0,0,0,0,0,0,0,0,0,0,30701@100,30702@100,30703@100,30704@100,30705@100,0,0,0,0,0,0,0,0,0,,,,
3027,鬼国公主-70秘境,2,0,2,2,TeamLv,0,,0,1,,4,5,7,0,0,0,0,0,0,0,0,0,0,0,0,0,0,30706@100,30707@100,30707@100,30707@100,30707@100,0,0,0,0,0,0,0,0,0,,,,
3028,定山神-70秘境,2,0,3,2,TeamLv,0,,0,1,,4,5,7,0,0,0,0,0,0,0,0,0,0,0,0,0,0,30708@100,30709@100,30709@100,30710@100,30710@100,0,0,0,0,0,0,0,0,0,,,,
3029,猴小圣-70秘境,2,0,4,2,TeamLv,0,,0,1,,4,5,7,0,0,0,0,0,0,0,0,0,0,0,0,0,0,30711@100,30712@100,30713@100,30714@100,30714@100,0,0,0,0,0,0,0,0,0,,,,
3030,掌灯人-70秘境,2,0,5,2,TeamLv,0,,0,1,,4,5,7,0,0,0,0,0,0,0,0,0,0,0,0,0,0,30715@100,30716@100,30717@100,30717@100,30717@100,0,0,0,0,0,0,0,0,0,,,,
3031,百目鬼王-70秘境,2,0,6,2,TeamLv,0,,0,1,,4,5,7,0,0,0,0,0,0,0,0,0,0,0,0,0,0,30718@100,30719@100,30719@100,30719@100,30719@100,0,0,0,0,0,0,0,0,0,,,,
3032,伏虎校尉-70秘境,2,0,7,2,TeamLv,0,,0,1,,4,5,7,0,0,0,0,0,0,0,0,0,0,0,0,0,0,30720@100,30721@100,30721@100,30721@100,30721@100,0,0,0,0,0,0,0,0,0,,,,
3033,灵台道人-70秘境,2,0,8,2,TeamLv,0,,0,1,,4,5,7,0,0,0,0,0,0,0,0,0,0,0,0,0,0,30722@100,30723@100,30723@100,30723@100,30723@100,0,0,0,0,0,0,0,0,0,,,,
3034,沧海银龙-70秘境,2,0,9,2,TeamLv,0,,0,1,,4,5,7,0,0,0,0,0,0,0,0,0,0,0,0,0,0,30724@100,30725@100,30725@100,30725@100,30725@100,0,0,0,0,0,0,0,0,0,,,,
3035,观音大士-70秘境,2,0,10,2,TeamLv,0,,0,1,,4,5,7,0,0,0,0,0,0,0,0,0,0,0,0,0,0,30726@100,30727@100,30727@100,30727@100,30727@100,0,0,0,0,0,0,0,0,0,,,,
3036,地藏王-70秘境,2,0,1,2,TeamLv,0,,0,1,,4,5,7,0,0,0,0,0,0,0,0,0,0,0,0,0,0,30728@100,30729@100,30729@100,30730@100,30730@100,0,0,0,0,0,0,0,0,0,,,,
3037,大大王-70秘境,2,0,2,2,TeamLv,0,,0,1,,4,5,7,0,0,0,0,0,0,0,0,0,0,0,0,0,0,30731@100,30732@100,30732@100,30732@100,30732@100,0,0,0,0,0,0,0,0,0,,,,
3038,煞风太岁-70秘境,2,0,3,2,TeamLv,0,,0,1,,4,5,7,0,0,0,0,0,0,0,0,0,0,0,0,0,0,30733@100,30734@100,30734@100,30734@100,30734@100,0,0,0,0,0,0,0,0,0,,,,
3039,千佛神医-70秘境,2,0,4,2,TeamLv,0,,0,1,,4,5,7,0,0,0,0,0,0,0,0,0,0,0,0,0,0,30735@100,30736@100,30736@100,30736@100,30736@100,0,0,0,0,0,0,0,0,0,,,,
3040,琼华子-70秘境,2,0,5,2,TeamLv,0,,0,1,,4,5,7,0,0,0,0,0,0,0,0,0,0,0,0,0,0,30737@100,30738@100,30738@100,30738@100,30738@100,0,0,0,0,0,0,0,0,0,,,,
3041,贪狼星君-70秘境,2,0,6,2,TeamLv,0,,0,1,,4,5,7,0,0,0,0,0,0,0,0,0,0,0,0,0,0,30739@100,30740@100,30741@100,30742@100,30743@100,0,0,0,0,0,0,0,0,0,,,,
3042,破军星君-70秘境,2,0,7,2,TeamLv,0,,0,1,,4,5,7,0,0,0,0,0,0,0,0,0,0,0,0,0,0,30744@100,30745@100,30746@100,30747@100,30748@100,0,0,0,0,0,0,0,0,0,,,,
3043,墨凰-70秘境,2,0,8,2,TeamLv,0,,0,1,,4,5,7,0,0,0,0,0,0,0,0,0,0,0,0,0,0,30749@100,30750@100,30751@100,30752@100,30753@100,0,0,0,0,0,0,0,0,0,,,,
3044,螭歾-70秘境,2,0,9,2,TeamLv,0,,0,1,,4,5,7,0,0,0,0,0,0,0,0,0,0,0,0,0,0,30754@100,30755@100,30756@100,30757@100,30757@100,0,0,0,0,0,0,0,0,0,,,,
3045,破霄天君-70秘境,2,0,10,2,TeamLv,0,,0,1,,4,5,7,0,0,0,0,0,0,0,0,0,0,0,0,0,0,30758@100,30759@100,30761@100,30760@100,30762@100,0,0,0,0,0,0,0,0,0,,,,
3046,灾厄•灵仙-70秘境,2,0,1,2,TeamLv,0,,0,1,,4,5,7,0,0,0,0,0,0,0,0,0,0,0,0,0,0,30763@50;30764@50,30778@50;30780@50,30780@100,30776@25;30783@25;30784@10;30787@10;30788@10;30789@10;30790@10,30777@20;30781@20;30782@20;30785@13;30786@14;30791@13,0,0,0,0,0,0,0,0,0,,,,
3047,灾厄•夜魅-70秘境,2,0,2,2,TeamLv,0,,0,1,,4,5,7,0,0,0,0,0,0,0,0,0,0,0,0,0,0,30765@50;30766@50,30779@100,30777@100,30782@100,30781@100,0,0,0,0,0,0,0,0,0,,,,
3048,灾厄•破晓-70秘境,2,0,3,2,TeamLv,0,,0,1,,4,5,7,0,0,0,0,0,0,0,0,0,0,0,0,0,0,30767@25;30768@25;30769@50,30775@100,30780@100,30776@25;30783@25;30784@10;30787@10;30788@10;30789@10;30790@10,30776@25;30783@25;30784@10;30787@10;30788@10;30789@10;30790@10,0,0,0,0,0,0,0,0,0,,,,
3049,灾厄•甘露-70秘境,2,0,4,2,TeamLv,0,,0,1,,4,5,7,0,0,0,0,0,0,0,0,0,0,0,0,0,0,30771@50;30772@50,30779@50;30777@50,30777@20;30781@20;30782@20;30785@13;30786@14;30791@13,30776@25;30783@25;30784@10;30787@10;30788@10;30789@10;30790@10,30776@25;30783@25;30784@10;30787@10;30788@10;30789@10;30790@10,0,0,0,0,0,0,0,0,0,,,,
3050,灾厄•玄灵-70秘境,2,0,5,2,TeamLv,0,,0,1,,4,7,7,0,0,0,0,0,0,0,0,0,0,0,0,0,0,30773@50;30774@50,30764@100,30771@100,30776@25;30783@25;30784@10;30787@10;30788@10;30789@10;30790@10,30776@25;30783@25;30784@10;30787@10;30788@10;30789@10;30790@10,30777@20;30781@20;30782@20;30785@13;30786@14;30791@13,30777@20;30781@20;30782@20;30785@13;30786@14;30791@13,0,0,0,0,0,0,0,,,,
3051,一江风-90级秘境,2,0,6,2,TeamLv,0,,0,1,,4,5,7,0,0,0,0,0,0,0,0,0,0,0,0,0,0,39901@100,39902@100,39903@100,39904@100,39905@100,0,0,0,0,0,0,0,0,0,,,,
3052,鬼国公主-90级秘境,2,0,7,2,TeamLv,0,,0,1,,4,5,7,0,0,0,0,0,0,0,0,0,0,0,0,0,0,39906@100,39907@100,39907@100,39907@100,39907@100,0,0,0,0,0,0,0,0,0,,,,
3053,定山神-90级秘境,2,0,8,2,TeamLv,0,,0,1,,4,5,7,0,0,0,0,0,0,0,0,0,0,0,0,0,0,39908@100,39909@100,39909@100,39910@100,39910@100,0,0,0,0,0,0,0,0,0,,,,
3054,猴小圣-90级秘境,2,0,9,2,TeamLv,0,,0,1,,4,5,7,0,0,0,0,0,0,0,0,0,0,0,0,0,0,39911@100,39912@100,39913@100,39914@100,39914@100,0,0,0,0,0,0,0,0,0,,,,
3055,掌灯人-90级秘境,2,0,10,2,TeamLv,0,,0,1,,4,5,7,0,0,0,0,0,0,0,0,0,0,0,0,0,0,39915@100,39916@100,39917@100,39917@100,39917@100,0,0,0,0,0,0,0,0,0,,,,
3056,百目鬼王-90级秘境,2,0,1,2,TeamLv,0,,0,1,,4,5,7,0,0,0,0,0,0,0,0,0,0,0,0,0,0,39918@100,39919@100,39919@100,39919@100,39919@100,0,0,0,0,0,0,0,0,0,,,,
3057,伏虎校尉-90级秘境,2,0,2,2,TeamLv,0,,0,1,,4,5,7,0,0,0,0,0,0,0,0,0,0,0,0,0,0,39920@100,39921@100,39921@100,39921@100,39921@100,0,0,0,0,0,0,0,0,0,,,,
3058,灵台道人-90级秘境,2,0,3,2,TeamLv,0,,0,1,,4,5,7,0,0,0,0,0,0,0,0,0,0,0,0,0,0,39922@100,39923@100,39923@100,39923@100,39923@100,0,0,0,0,0,0,0,0,0,,,,
3059,沧海银龙-90级秘境,2,0,4,2,TeamLv,0,,0,1,,4,5,7,0,0,0,0,0,0,0,0,0,0,0,0,0,0,39924@100,39925@100,39925@100,39925@100,39925@100,0,0,0,0,0,0,0,0,0,,,,
3060,观音大士-90级秘境,2,0,5,2,TeamLv,0,,0,1,,4,5,7,0,0,0,0,0,0,0,0,0,0,0,0,0,0,39926@100,39927@100,39927@100,39927@100,39927@100,0,0,0,0,0,0,0,0,0,,,,
3061,地藏王-90级秘境,2,0,6,2,TeamLv,0,,0,1,,4,5,7,0,0,0,0,0,0,0,0,0,0,0,0,0,0,39928@100,39929@100,39929@100,39930@100,39930@100,0,0,0,0,0,0,0,0,0,,,,
3062,大大王-90级秘境,2,0,7,2,TeamLv,0,,0,1,,4,5,7,0,0,0,0,0,0,0,0,0,0,0,0,0,0,39931@100,39932@100,39932@100,39932@100,39932@100,0,0,0,0,0,0,0,0,0,,,,
3063,煞风太岁-90级秘境,2,0,8,2,TeamLv,0,,0,1,,4,5,7,0,0,0,0,0,0,0,0,0,0,0,0,0,0,39933@100,39934@100,39934@100,39934@100,39934@100,0,0,0,0,0,0,0,0,0,,,,
3064,千佛神医-90级秘境,2,0,9,2,TeamLv,0,,0,1,,4,5,7,0,0,0,0,0,0,0,0,0,0,0,0,0,0,39935@100,39936@100,39936@100,39936@100,39936@100,0,0,0,0,0,0,0,0,0,,,,
3065,琼华子-90级秘境,2,0,10,2,TeamLv,0,,0,1,,4,5,7,0,0,0,0,0,0,0,0,0,0,0,0,0,0,39937@100,39938@100,39938@100,39938@100,39938@100,0,0,0,0,0,0,0,0,0,,,,
3066,贪狼星君-90级秘境,2,0,1,2,TeamLv,0,,0,1,,4,5,7,0,0,0,0,0,0,0,0,0,0,0,0,0,0,39939@100,39940@100,39941@100,39942@100,39943@100,0,0,0,0,0,0,0,0,0,,,,
3067,破军星君-90级秘境,2,0,2,2,TeamLv,0,,0,1,,4,5,7,0,0,0,0,0,0,0,0,0,0,0,0,0,0,39944@100,39945@100,39946@100,39947@100,39948@100,0,0,0,0,0,0,0,0,0,,,,
3068,墨凰-90级秘境,2,0,3,2,TeamLv,0,,0,1,,4,5,7,0,0,0,0,0,0,0,0,0,0,0,0,0,0,39949@100,39950@100,39951@100,39952@100,39953@100,0,0,0,0,0,0,0,0,0,,,,
3069,螭歾-90级秘境,2,0,4,2,TeamLv,0,,0,1,,4,5,7,0,0,0,0,0,0,0,0,0,0,0,0,0,0,39954@100,39955@100,39956@100,39957@100,39957@100,0,0,0,0,0,0,0,0,0,,,,
3070,破霄天君-90级秘境,2,0,5,2,TeamLv,0,,0,1,,4,5,7,0,0,0,0,0,0,0,0,0,0,0,0,0,0,39958@100,39959@100,39961@100,39960@100,39962@100,0,0,0,0,0,0,0,0,0,,,,
3071,灾厄•灵仙-90级秘境,2,0,6,2,TeamLv,0,,0,1,,4,5,7,0,0,0,0,0,0,0,0,0,0,0,0,0,0,39963@50;39964@50,39978@50;39980@50,39980@100,39976@25;39983@25;39984@10;39987@10;39988@10;39989@10;39990@10,39977@20;39981@20;39982@20;39985@13;39986@14;39991@13,0,0,0,0,0,0,0,0,0,,,,
3072,灾厄•夜魅-90级秘境,2,0,7,2,TeamLv,0,,0,1,,4,5,7,0,0,0,0,0,0,0,0,0,0,0,0,0,0,39965@50;39966@50,39979@100,39977@100,39982@100,39981@100,0,0,0,0,0,0,0,0,0,,,,
3073,灾厄•破晓-90级秘境,2,0,8,2,TeamLv,0,,0,1,,4,5,7,0,0,0,0,0,0,0,0,0,0,0,0,0,0,39967@25;39968@25;39969@50,39975@100,39980@100,39976@25;39983@25;39984@10;39987@10;39988@10;39989@10;39990@10,39976@25;39983@25;39984@10;39987@10;39988@10;39989@10;39990@10,0,0,0,0,0,0,0,0,0,,,,
3074,灾厄•甘露-90级秘境,2,0,9,2,TeamLv,0,,0,1,,4,5,7,0,0,0,0,0,0,0,0,0,0,0,0,0,0,39971@50;39972@50,39979@50;39977@50,39977@20;39981@20;39982@20;39985@13;39986@14;39991@13,39976@25;39983@25;39984@10;39987@10;39988@10;39989@10;39990@10,39976@25;39983@25;39984@10;39987@10;39988@10;39989@10;39990@10,0,0,0,0,0,0,0,0,0,,,,
3075,灾厄•玄灵-90级秘境,2,0,10,2,TeamLv,0,,0,1,,4,7,7,0,0,0,0,0,0,0,0,0,0,0,0,0,0,39973@50;39974@50,39964@100,39971@100,39976@25;39983@25;39984@10;39987@10;39988@10;39989@10;39990@10,39976@25;39983@25;39984@10;39987@10;39988@10;39989@10;39990@10,39977@20;39981@20;39982@20;39985@13;39986@14;39991@13,39977@20;39981@20;39982@20;39985@13;39986@14;39991@13,0,0,0,0,0,0,0,,,,
3076,冰封王座,2,0,1,2,TeamLv,0,,0,1,,4,10,7,0,0,0,0,0,0,0,0,0,0,0,0,0,0,30700@100,30701@100,30702@100,30701@100,30702@100,0,0,0,0,0,0,0,0,0,,,,
3077,冰封王座,2,0,2,2,TeamLv,0,,0,1,,4,10,7,0,0,0,0,0,0,0,0,0,0,0,0,0,0,30703@100,30704@100,30705@100,30704@100,30705@100,0,0,0,0,0,0,0,0,0,,,,
3078,冰封王座,2,0,3,2,TeamLv,0,,0,1,,4,10,7,0,0,0,0,0,0,0,0,0,0,0,0,0,0,30706@100,30707@100,30708@100,30707@100,30708@100,0,0,0,0,0,0,0,0,0,,,,
3079,冰封王座,2,0,4,2,TeamLv,0,,0,1,,4,10,7,0,0,0,0,0,0,0,0,0,0,0,0,0,0,30709@100,30710@100,30711@100,30710@100,30711@100,0,0,0,0,0,0,0,0,0,,,,
3080,冰封王座,2,0,5,2,TeamLv,0,,0,1,,4,10,7,0,0,0,0,0,0,0,0,0,0,0,0,0,0,30712@100,30713@100,30714@100,30713@100,30714@100,0,0,0,0,0,0,0,0,0,,,,
3081,冰封王座,2,0,6,2,TeamLv,0,,0,1,,4,10,7,0,0,0,0,0,0,0,0,0,0,0,0,0,0,30715@100,30716@100,30717@100,30716@100,30717@100,0,0,0,0,0,0,0,0,0,,,,
3082,冰封王座,2,0,7,2,TeamLv,0,,0,1,,4,10,7,0,0,0,0,0,0,0,0,0,0,0,0,0,0,30718@100,30719@100,30720@100,30719@100,30720@100,0,0,0,0,0,0,0,0,0,,,,
3083,冰封王座,2,0,8,2,TeamLv,0,,0,1,,4,10,7,0,0,0,0,0,0,0,0,0,0,0,0,0,0,30721@100,30722@100,30723@100,30722@100,30723@100,0,0,0,0,0,0,0,0,0,,,,
3084,冰封王座,2,0,9,2,TeamLv,0,,0,1,,4,10,7,0,0,0,0,0,0,0,0,0,0,0,0,0,0,30724@100,30725@100,30726@100,30725@100,30726@100,0,0,0,0,0,0,0,0,0,,,,
3085,冰封王座,2,0,10,2,TeamLv,0,,0,1,,4,10,7,0,0,0,0,0,0,0,0,0,0,0,0,0,0,30853@100,30854@100,30855@100,30854@100,30855@100,0,0,0,0,0,0,0,0,0,,,,
3086,冰封王座,2,0,1,2,TeamLv,0,,0,1,,4,10,7,0,0,0,0,0,0,0,0,0,0,0,0,0,0,30856@100,30857@100,30858@100,30857@100,30858@100,0,0,0,0,0,0,0,0,0,,,,
3087,冰封王座,2,0,2,2,TeamLv,0,,0,1,,4,10,7,0,0,0,0,0,0,0,0,0,0,0,0,0,0,30859@100,30860@100,30861@100,30860@100,30861@100,0,0,0,0,0,0,0,0,0,,,,
3088,冰封王座,2,0,3,2,TeamLv,0,,0,1,,4,10,7,0,0,0,0,0,0,0,0,0,0,0,0,0,0,30862@100,30863@100,30864@100,30863@100,30864@100,0,0,0,0,0,0,0,0,0,,,,
3089,冰封王座,2,0,4,2,TeamLv,0,,0,1,,4,10,7,0,0,0,0,0,0,0,0,0,0,0,0,0,0,30865@100,30866@100,30867@100,30866@100,30867@100,0,0,0,0,0,0,0,0,0,,,,
3090,冰封王座,2,0,5,2,TeamLv,0,,0,1,,4,10,7,0,0,0,0,0,0,0,0,0,0,0,0,0,0,30868@100,30869@100,30870@100,30869@100,30870@100,0,0,0,0,0,0,0,0,0,,,,
3091,冰封王座,2,0,6,,TeamLv,0,,0,1,,4,10,7,0,0,0,0,0,0,0,0,0,0,0,0,0,0,30865@100,30865@100,30866@100,30867@100,0,0,0,0,0,0,0,0,0,0,,,,
3092,冰封王座,2,0,7,,TeamLv,0,,0,1,,4,10,7,0,0,0,0,0,0,0,0,0,0,0,0,0,0,30868@100,30868@100,30869@100,30870@100,30863@100,30861@100,30974@100,0,0,0,0,0,0,0,,,,
3093,十二门派-龙宫,2,0,1,,TeamLv,0,,0,1,,0,10,7,0,0,0,0,0,0,0,0,0,0,0,0,0,0,30886@100,30886@100,30886@100,30886@100,30886@100,30877@100,30886@100,30886@100,30886@100,30886@100,0,0,0,0,,,,
3094,十二门派-大唐,2,0,2,,TeamLv,0,,0,1,,0,10,7,0,0,0,0,0,0,0,0,0,0,0,0,0,0,30887@100,30887@100,30887@100,30887@100,30887@100,30878@100,30887@100,30887@100,30887@100,30887@100,0,0,0,0,,,,
3095,十二门派-普陀,2,0,3,,TeamLv,0,,0,1,,0,10,7,0,0,0,0,0,0,0,0,0,0,0,0,0,0,30888@100,30888@100,30888@100,30888@100,30888@100,30879@100,30888@100,30888@100,30888@100,30888@100,0,0,0,0,,,,
3096,十二门派-狮驼,2,0,4,,TeamLv,0,,0,1,,0,10,7,0,0,0,0,0,0,0,0,0,0,0,0,0,0,30889@100,30889@100,30889@100,30889@100,30889@100,30880@100,30889@100,30889@100,30889@100,30889@100,0,0,0,0,,,,
3097,十二门派-方寸,2,0,5,,TeamLv,0,,0,1,,0,10,7,0,0,0,0,0,0,0,0,0,0,0,0,0,0,30890@100,30890@100,30890@100,30890@100,30890@100,30881@100,30890@100,30890@100,30890@100,30890@100,0,0,0,0,,,,
3098,十二门派-地府,2,0,6,,TeamLv,0,,0,1,,0,10,7,0,0,0,0,0,0,0,0,0,0,0,0,0,0,30891@100,30891@100,30891@100,30891@100,30891@100,30882@100,30891@100,30891@100,30891@100,30891@100,0,0,0,0,,,,
3099,十二门派-月宫,2,0,7,,TeamLv,0,,0,1,,0,10,7,0,0,0,0,0,0,0,0,0,0,0,0,0,0,30892@100,30892@100,30892@100,30892@100,30892@100,30883@100,30892@100,30892@100,30892@100,30892@100,0,0,0,0,,,,
3100,十二门派-魔王,2,0,8,,TeamLv,0,,0,1,,0,10,7,0,0,0,0,0,0,0,0,0,0,0,0,0,0,30893@100,30893@100,30893@100,30893@100,30893@100,30884@100,30893@100,30893@100,30893@100,30893@100,0,0,0,0,,,,
3101,十二门派-化生,2,0,9,,TeamLv,0,,0,1,,0,10,7,0,0,0,0,0,0,0,0,0,0,0,0,0,0,30894@100,30894@100,30894@100,30894@100,30894@100,30885@100,30894@100,30894@100,30894@100,30894@100,0,0,0,0,,,,
3102,一级师门称谓,2,0,10,,TeamLv,0,,0,1,,4,10,7,0,0,0,0,0,0,0,0,0,0,0,0,0,0,30939@100,30940@100,30940@100,30941@100,30942@100,30943@100,0,0,0,0,0,0,0,0,,,,
3103,二级师门称谓,2,0,8,,TeamLv,0,,0,1,,4,10,7,0,0,0,0,0,0,0,0,0,0,0,0,0,0,30944@100,30945@100,30945@100,30946@100,30947@100,30948@100,0,0,0,0,0,0,0,0,,,,
3104,三级师门称谓,2,0,9,,TeamLv,0,,0,1,,4,10,7,0,0,0,0,0,0,0,0,0,0,0,0,0,0,30949@100,30950@100,30950@100,30951@100,30952@100,30953@100,0,0,0,0,0,0,0,0,,,,
3105,领袖挑战,2,0,10,,TeamLv,0,,0,1,,4,10,7,0,0,0,0,0,0,0,0,0,0,0,0,0,0,30982@100,30976@100,30977@100,0,0,0,0,0,0,0,0,0,0,0,,,,
3106,领袖挑战,2,0,1,,TeamLv,0,,0,1,,4,10,7,0,0,0,0,0,0,0,0,0,0,0,0,0,0,30980@100,30979@100,30978@100,0,0,0,0,0,0,0,0,0,0,0,,,,
3107,领袖挑战,2,0,2,,TeamLv,0,,0,1,,4,10,7,0,0,0,0,0,0,0,0,0,0,0,0,0,0,30981@100,30975@100,30996@100,0,0,0,0,0,0,0,0,0,0,0,,,,
3108,领袖挑战,2,0,3,,TeamLv,0,,0,1,,4,10,7,0,0,0,0,0,0,0,0,0,0,0,0,0,0,30985@100,30984@100,30986@100,0,0,0,0,0,0,0,0,0,0,0,,,,
3109,领袖挑战,2,0,4,,TeamLv,0,,0,1,,4,10,7,0,0,0,0,0,0,0,0,0,0,0,0,0,0,30987@100,30988@100,30989@100,0,0,0,0,0,0,0,0,0,0,0,,,,
3110,领袖挑战,2,0,5,,TeamLv,0,,0,1,,4,10,7,0,0,0,0,0,0,0,0,0,0,0,0,0,0,30990@100,30991@100,30992@100,0,0,0,0,0,0,0,0,0,0,0,,,,
3111,领袖挑战,2,0,6,,TeamLv,0,,0,1,,4,10,7,0,0,0,0,0,0,0,0,0,0,0,0,0,0,30995@100,30994@100,30993@100,0,0,0,0,0,0,0,0,0,0,0,,,,
3112,领袖挑战,2,0,7,,TeamLv,0,,0,1,,4,10,7,0,0,0,0,0,0,0,0,0,0,0,0,0,0,30983@100,30997@100,30998@100,0,0,0,0,0,0,0,0,0,0,0,,,,
3113,领袖挑战,2,0,8,,TeamLv,0,,0,1,,4,10,7,0,0,0,0,0,0,0,0,0,0,0,0,0,0,30999@100,31000@100,31001@100,0,0,0,0,0,0,0,0,0,0,0,,,,
3114,神器任务,2,0,9,,TeamLv,0,,0,1,,4,10,7,0,0,0,0,0,0,0,0,0,0,0,0,0,0,32742@100,32750@100,32751@100,32752@100,32753@100,32754@100,32736@100,32738@100,32740@100,32742@100,0,0,0,0,,,,
3115,神器任务,2,0,10,,TeamLv,0,,0,1,,4,10,7,0,0,0,0,0,0,0,0,0,0,0,0,0,0,32743@100,32737@100,32738@100,32739@100,32740@100,32741@100,32742@100,32743@100,32744@100,32745@100,0,0,0,0,,,,
3116,知了王,2,0,1,,TeamLv,0,,0,1,,4,10,7,0,0,0,0,0,0,0,0,0,0,0,0,0,0,27904@100,32796@100,32797@100,32798@100,32799@100,32800@100,32801@100,32802@100,32803@100,32804@100,0,0,0,0,,,,
3117,知了王,2,0,2,,TeamLv,0,,0,1,,4,10,7,0,0,0,0,0,0,0,0,0,0,0,0,0,0,27905@100,32807@100,32808@100,32809@100,32810@100,32811@100,32812@100,32813@100,32814@100,32815@100,0,0,0,0,,,,
3118,新年瑞兽,2,0,3,,TeamLv,0,,0,1,,4,10,7,0,0,0,0,0,0,0,0,0,0,0,0,0,0,31037@100,32775@100,32776@100,32777@100,32778@100,32779@100,32780@100,32781@100,32782@100,32783@100,0,0,0,0,,,,
3119,,2,0,4,,TeamLv,0,,0,1,,4,10,7,0,0,0,0,0,0,0,0,0,0,0,0,0,0,27905@100,27833@100,27834@100,32752@100,32753@100,32754@100,31414@100,31415@100,27831@100,27832@100,0,0,0,0,,,,
3120,,2,0,5,,TeamLv,0,,0,1,,4,10,7,0,0,0,0,0,0,0,0,0,0,0,0,0,0,27906@100,27937@100,27937@100,27937@100,27938@100,27938@100,27938@100,27939@100,27939@100,27939@100,0,0,0,0,,,,
3121,天罡星,2,0,6,,TeamLv,0,,0,1,,4,10,7,0,0,0,0,0,0,0,0,0,0,0,0,0,0,27907@100,27938@100,27938@100,27938@100,27939@100,27939@100,27939@100,27940@100,27940@100,27940@100,0,0,0,0,,,,
3122,天魁星高衍,2,0,7,,TeamLv,0,,0,1,,4,10,7,0,0,0,0,0,0,0,0,0,0,0,0,0,0,27911@100,31390@34;31391@33;31392@33,31393@34;31394@33;31395@33,31396@33;31397@34;31398@33,31399@33;31400@34;31401@33,31402@33;31403@34;31404@33,31405@25;31406@25;31407@25;31408@02,31163@20;31164@20;31165@20;31166@20;31167@20,31412@25;31413@25;31414@25;31415@25,31402@33;31403@34;31404@33,0,0,0,0,,,,
3123,天罡星黄真,2,0,8,,TeamLv,0,,0,1,,4,10,7,0,0,0,0,0,0,0,0,0,0,0,0,0,0,27912@100,31390@34;31391@33;31392@33,31393@34;31394@33;31395@33,31396@33;31397@34;31398@33,31399@33;31400@34;31401@33,31402@33;31403@34;31404@33,31405@25;31406@25;31407@25;31408@02,31163@20;31164@20;31165@20;31166@20;31167@20,31412@25;31413@25;31414@25;31415@25,31402@33;31403@34;31404@33,0,0,0,0,,,,
3124,天机星卢昌,2,0,9,,TeamLv,0,,0,1,,4,10,7,0,0,0,0,0,0,0,0,0,0,0,0,0,0,27913@100,31390@34;31391@33;31392@33,31393@34;31394@33;31395@33,31396@33;31397@34;31398@33,31399@33;31400@34;31401@33,31402@33;31403@34;31404@33,31405@25;31406@25;31407@25;31408@02,31163@20;31164@20;31165@20;31166@20;31167@20,31412@25;31413@25;31414@25;31415@25,31402@33;31403@34;31404@33,0,0,0,0,,,,
3125,天闲星纪丙,2,0,10,,TeamLv,0,,0,1,,4,10,7,0,0,0,0,0,0,0,0,0,0,0,0,0,0,27914@100,31390@34;31391@33;31392@33,31393@34;31394@33;31395@33,31396@33;31397@34;31398@33,31399@33;31400@34;31401@33,31402@33;31403@34;31404@33,31405@25;31406@25;31407@25;31408@02,31163@20;31164@20;31165@20;31166@20;31167@20,31412@25;31413@25;31414@25;31415@25,31402@33;31403@34;31404@33,0,0,0,0,,,,
3126,天勇星姚公孝,2,0,1,,TeamLv,0,,0,1,,4,10,7,0,0,0,0,0,0,0,0,0,0,0,0,0,0,27915@100,31390@34;31391@33;31392@33,31393@34;31394@33;31395@33,31396@33;31397@34;31398@33,31399@33;31400@34;31401@33,31402@33;31403@34;31404@33,31405@25;31406@25;31407@25;31408@02,31163@20;31164@20;31165@20;31166@20;31167@20,31412@25;31413@25;31414@25;31415@25,31402@33;31403@34;31404@33,0,0,0,0,,,,
3127,天雄星施桧,2,0,2,,TeamLv,0,,0,1,,4,10,7,0,0,0,0,0,0,0,0,0,0,0,0,0,0,27916@100,31390@34;31391@33;31392@33,31393@34;31394@33;31395@33,31396@33;31397@34;31398@33,31399@33;31400@34;31401@33,31402@33;31403@34;31404@33,31405@25;31406@25;31407@25;31408@02,31163@20;31164@20;31165@20;31166@20;31167@20,31412@25;31413@25;31414@25;31415@25,31402@33;31403@34;31404@33,0,0,0,0,,,,
3128,天猛星孙乙,2,0,3,,TeamLv,0,,0,1,,4,10,7,0,0,0,0,0,0,0,0,0,0,0,0,0,0,27917@100,31390@34;31391@33;31392@33,31393@34;31394@33;31395@33,31396@33;31397@34;31398@33,31399@33;31400@34;31401@33,31402@33;31403@34;31404@33,31405@25;31406@25;31407@25;31408@02,31163@20;31164@20;31165@20;31166@20;31167@20,31412@25;31413@25;31414@25;31415@25,31402@33;31403@34;31404@33,0,0,0,0,,,,
3129,天威星李豹,2,0,4,,TeamLv,0,,0,1,,4,10,7,0,0,0,0,0,0,0,0,0,0,0,0,0,0,27918@100,31390@34;31391@33;31392@33,31393@34;31394@33;31395@33,31396@33;31397@34;31398@33,31399@33;31400@34;31401@33,31402@33;31403@34;31404@33,31405@25;31406@25;31407@25;31408@02,31163@20;31164@20;31165@20;31166@20;31167@20,31412@25;31413@25;31414@25;31415@25,31402@33;31403@34;31404@33,0,0,0,0,,,,
3130,天英星朱义,2,0,5,,TeamLv,0,,0,1,,4,10,7,0,0,0,0,0,0,0,0,0,0,0,0,0,0,27919@100,31390@34;31391@33;31392@33,31393@34;31394@33;31395@33,31396@33;31397@34;31398@33,31399@33;31400@34;31401@33,31402@33;31403@34;31404@33,31405@25;31406@25;31407@25;31408@02,31163@20;31164@20;31165@20;31166@20;31167@20,31412@25;31413@25;31414@25;31415@25,31402@33;31403@34;31404@33,0,0,0,0,,,,
3131,天贵星陈坎,2,0,6,,TeamLv,0,,0,1,,4,10,7,0,0,0,0,0,0,0,0,0,0,0,0,0,0,27920@100,31390@34;31391@33;31392@33,31393@34;31394@33;31395@33,31396@33;31397@34;31398@33,31399@33;31400@34;31401@33,31402@33;31403@34;31404@33,31405@25;31406@25;31407@25;31408@02,31163@20;31164@20;31165@20;31166@20;31167@20,31412@25;31413@25;31414@25;31415@25,31402@33;31403@34;31404@33,0,0,0,0,,,,
3132,天富星黎仙,2,0,7,,TeamLv,0,,0,1,,4,10,7,0,0,0,0,0,0,0,0,0,0,0,0,0,0,27921@100,31390@34;31391@33;31392@33,31393@34;31394@33;31395@33,31396@33;31397@34;31398@33,31399@33;31400@34;31401@33,31402@33;31403@34;31404@33,31405@25;31406@25;31407@25;31408@02,31163@20;31164@20;31165@20;31166@20;31167@20,31412@25;31413@25;31414@25;31415@25,31402@33;31403@34;31404@33,0,0,0,0,,,,
3133,天满星方保,2,0,8,,TeamLv,0,,0,1,,4,10,7,0,0,0,0,0,0,0,0,0,0,0,0,0,0,27922@100,31390@34;31391@33;31392@33,31393@34;31394@33;31395@33,31396@33;31397@34;31398@33,31399@33;31400@34;31401@33,31402@33;31403@34;31404@33,31405@25;31406@25;31407@25;31408@02,31163@20;31164@20;31165@20;31166@20;31167@20,31412@25;31413@25;31414@25;31415@25,31402@33;31403@34;31404@33,0,0,0,0,,,,
3134,天孤星詹秀,2,0,9,,TeamLv,0,,0,1,,4,10,7,0,0,0,0,0,0,0,0,0,0,0,0,0,0,27923@100,31390@34;31391@33;31392@33,31393@34;31394@33;31395@33,31396@33;31397@34;31398@33,31399@33;31400@34;31401@33,31402@33;31403@34;31404@33,31405@25;31406@25;31407@25;31408@02,31163@20;31164@20;31165@20;31166@20;31167@20,31412@25;31413@25;31414@25;31415@25,31402@33;31403@34;31404@33,0,0,0,0,,,,
3135,新年瑞兽,2,0,2,,TeamLv,0,,0,1,,4,10,7,0,0,0,0,0,0,0,0,0,0,0,0,0,0,31037@100,32785@100,32786@100,32787@100,32788@100,32789@100,32790@100,32791@100,32792@100,32793@100,0,0,0,0,,,,
3136,远古老虎,2,0,3,,TeamLv,0,,0,1,,4,10,7,0,0,0,0,0,0,0,0,0,0,0,0,0,0,31038@100,27932@100,27932@100,27932@100,27933@100,27933@100,27933@100,27934@100,27934@100,27934@100,0,0,0,0,,,,
3137,蚩尤战神地图外,2,0,11,,TeamLv,0,,0,1,,4,10,7,0,0,0,0,0,0,0,0,0,0,0,0,0,0,31039@100,31023@100,31024@100,31025@100,31026@100,31027@100,31028@100,31029@100,31030@100,31031@100,31032@100,31033@100,31034@100,31035@100,,,,
3138,箕水豹之怒,2,0,6,,TeamLv,0,,0,1,,4,10,7,0,0,0,0,0,0,0,0,0,0,0,0,0,0,31040@100,31043@100,31043@100,31044@100,31044@100,31045@100,31046@100,31046@100,31046@100,31046@100,0,0,0,0,16;17;18;19;20;21;22;23;24,,,
3139,箕水豹,2,0,7,,TeamLv,0,,0,1,,4,10,7,0,0,0,0,0,0,0,0,0,0,0,0,0,0,31041@100,31043@100,31043@100,31044@100,31044@100,31045@100,31046@100,31046@100,31046@100,31046@100,0,0,0,0,16;17;18;19;20;21;22;23;24,,,
3140,尾火虎之怒,2,0,8,,TeamLv,0,,0,1,,4,10,7,0,0,0,0,0,0,0,0,0,0,0,0,0,0,31042@100,31043@100,31043@100,31044@100,31044@100,31045@100,31046@100,31046@100,31046@100,31046@100,0,0,0,0,16;17;18;19;20;21;22;23;24,,,
3141,强盗,2,0,1,,TeamLv,0,,0,1,,4,10,7,0,0,0,0,0,0,0,0,0,0,0,0,0,0,31048@100,31049@100;31050@100;31051@100;31052@100,31049@100;31050@100;31051@100;31052@100,31049@100;31050@100;31051@100;31052@100,31049@100;31050@100;31051@100;31052@100,31049@100;31050@100;31051@100;31052@100,0,0,0,0,0,0,0,0,,,,
3142,强盗,2,0,2,,TeamLv,0,,0,1,,4,10,7,0,0,0,0,0,0,0,0,0,0,0,0,0,0,31049@100,31049@100;31050@100;31051@100;31052@100,31049@100;31050@100;31051@100;31052@100,31049@100;31050@100;31051@100;31052@100,31049@100;31050@100;31051@100;31052@100,31049@100;31050@100;31051@100;31052@100,0,0,0,0,0,0,0,0,,,,
3143,强盗,2,0,3,,TeamLv,0,,0,1,,4,10,7,0,0,0,0,0,0,0,0,0,0,0,0,0,0,31050@100,31049@100;31050@100;31051@100;31052@100,31049@100;31050@100;31051@100;31052@100,31049@100;31050@100;31051@100;31052@100,31049@100;31050@100;31051@100;31052@100,31049@100;31050@100;31051@100;31052@100,0,0,0,0,0,0,0,0,,,,
3144,强盗,2,0,4,,TeamLv,0,,0,1,,4,10,7,0,0,0,0,0,0,0,0,0,0,0,0,0,0,31051@100,31049@100;31050@100;31051@100;31052@100,31049@100;31050@100;31051@100;31052@100,31049@100;31050@100;31051@100;31052@100,31049@100;31050@100;31051@100;31052@100,31049@100;31050@100;31051@100;31052@100,0,0,0,0,0,0,0,0,,,,
3145,强盗,2,0,5,,TeamLv,0,,0,1,,4,10,7,0,0,0,0,0,0,0,0,0,0,0,0,0,0,31052@100,31049@100;31050@100;31051@100;31052@100,31049@100;31050@100;31051@100;31052@100,31049@100;31050@100;31051@100;31052@100,31049@100;31050@100;31051@100;31052@100,31049@100;31050@100;31051@100;31052@100,0,0,0,0,0,0,0,0,,,,
3146,金龙,2,0,6,,TeamLv,0,,0,1,,4,10,7,0,0,0,0,0,0,0,0,0,0,0,0,0,0,31053@100,31053@100,31053@100,31053@100,31053@100,31053@100,31053@100,31053@100,31053@100,31053@100,0,0,0,0,,,,
3151,贼王,2,0,7,,TeamLv,0,,0,1,,4,10,7,0,0,0,0,0,0,0,0,0,0,0,0,0,0,31058@100,27928@25;27929@25;27930@50,27928@25;27929@25;27930@50,27928@25;27929@25;27930@50,27928@25;27929@25;27930@50,27928@25;27929@25;27930@50,27928@25;27929@25;27930@50,27928@25;27929@25;27930@50,27928@25;27929@25;27930@50,27928@25;27929@25;27930@50,0,0,0,0,,,,
3152,小贼,2,0,8,,TeamLv,0,,0,1,,4,10,7,0,0,0,0,0,0,0,0,0,0,0,0,0,0,31059@100,31060@25;31061@25;31062@50,31060@25;31061@25;31062@50,31060@25;31061@25;31062@50,31060@25;31061@25;31062@50,31060@25;31061@25;31062@50,0,0,0,0,0,0,0,0,,,,
3153,尾火虎之影,2,0,9,,TeamLv,0,,0,1,,0,10,7,0,0,0,0,0,0,0,0,0,0,0,0,0,0,31094@100,31100@100,31100@100,31103@100,31102@100,31101@100,31103@100,31103@100,31101@100,31101@100,0,0,0,0,16;17;18;19;20;21;22;23;24,,,
3154,尾火虎之影,2,0,10,,TeamLv,0,,0,1,,0,10,7,0,0,0,0,0,0,0,0,0,0,0,0,0,0,31095@100,31100@100,31100@100,31103@100,31102@100,31101@100,31103@100,31103@100,31101@100,31101@100,0,0,0,0,16;17;18;19;20;21;22;23;24,,,
3155,尾火虎,2,0,8,,TeamLv,0,,0,1,,0,10,7,0,0,0,0,0,0,0,0,0,0,0,0,0,0,31096@100,31100@100,31100@100,31103@100,31102@100,31101@100,31103@100,31103@100,31101@100,31101@100,0,0,0,0,16;17;18;19;20;21;22;23;24,,,
3156,氐土貉之怒,2,0,9,,TeamLv,0,,0,1,,0,10,7,0,0,0,0,0,0,0,0,0,0,0,0,0,0,31097@100,31100@100,31100@100,31103@100,31102@100,31101@100,31103@100,31103@100,31101@100,31101@100,0,0,0,0,16;17;18;19;20;21;22;23;24,,,
3157,氐土貉,2,0,10,,TeamLv,0,,0,1,,0,10,7,0,0,0,0,0,0,0,0,0,0,0,0,0,0,31098@100,31100@100,31100@100,31103@100,31102@100,31101@100,31103@100,31103@100,31101@100,31101@100,0,0,0,0,16;17;18;19;20;21;22;23;24,,,
3158,魔像,2,0,7,,TeamLv,0,,0,1,,4,10,7,0,0,0,0,0,0,0,0,0,0,0,0,0,0,31130@100,31144@100,31144@100,31144@100,31144@100,31140@100,31149@100,31140@100,31140@100,31140@100,0,0,0,0,16;17;18;19;20;21;22;23;24,,,
3159,上古之神,2,0,8,,TeamLv,0,,0,1,,4,10,7,0,0,0,0,0,0,0,0,0,0,0,0,0,0,31104@100,31133@100,31133@100,31151@100,31110@100,31116@100,31113@100,31113@100,31113@100,31110@100,0,0,0,0,16;17;18;19;20;21;22;23;24,,,
3160,上古之神,2,0,9,,TeamLv,0,,0,1,,4,10,7,0,0,0,0,0,0,0,0,0,0,0,0,0,0,31105@100,31133@100,31133@100,31151@100,31110@100,31116@100,31113@100,31113@100,31113@100,31110@100,0,0,0,0,16;17;18;19;20;21;22;23;24,,,
3161,上古之神,2,0,10,,TeamLv,0,,0,1,,4,10,7,0,0,0,0,0,0,0,0,0,0,0,0,0,0,31106@100,31133@100,31133@100,31151@100,31110@100,31116@100,31113@100,31113@100,31113@100,31110@100,0,0,0,0,16;17;18;19;20;21;22;23;24,,,
3162,上古之神,2,0,1,,TeamLv,0,,0,1,,4,10,7,0,0,0,0,0,0,0,0,0,0,0,0,0,0,31107@100,31133@100,31133@100,31151@100,31110@100,31116@100,31113@100,31113@100,31113@100,31110@100,0,0,0,0,16;17;18;19;20;21;22;23;24,,,
3163,上古之神,2,0,2,,TeamLv,0,,0,1,,4,10,7,0,0,0,0,0,0,0,0,0,0,0,0,0,0,31108@100,31133@100,31133@100,31151@100,31110@100,31116@100,31113@100,31113@100,31113@100,31110@100,0,0,0,0,16;17;18;19;20;21;22;23;24,,,
3164,上古之神,2,0,3,,TeamLv,0,,0,1,,4,10,7,0,0,0,0,0,0,0,0,0,0,0,0,0,0,31109@100,31133@100,31133@100,31151@100,31110@100,31116@100,31113@100,31113@100,31113@100,31110@100,0,0,0,0,16;17;18;19;20;21;22;23;24,,,
3165,小有所成·地贼星,2,0,1,,TeamLv,0,,0,1,,4,10,7,0,0,0,0,0,0,0,0,0,0,0,0,0,0,32000@100,32001@100,32002@100,32003@100,32004@100,32005@100,32006@100,32007@100,32008@100,32009@100,0,0,0,0,,,,
3166,伏虎斩妖·地退星,2,0,2,,TeamLv,0,,0,1,,4,10,7,0,0,0,0,0,0,0,0,0,0,0,0,0,0,32010@100,32011@100,32012@100,32013@100,32014@100,32015@100,32016@100,32017@100,32018@100,32019@100,0,0,0,0,,,,
3167,御风神行·地壮星,2,0,3,,TeamLv,0,,0,1,,4,10,7,0,0,0,0,0,0,0,0,0,0,0,0,0,0,32020@100,32021@100,32022@100,32023@100,32024@100,32025@100,32026@100,32027@100,32028@100,32029@100,0,0,0,0,,,,
3168,履水吐焰·地刑星,2,0,4,,TeamLv,0,,0,1,,4,10,7,0,0,0,0,0,0,0,0,0,0,0,0,0,0,32030@100,32031@100,32032@100,32033@100,32034@100,32035@100,32036@100,32037@100,32038@100,32039@100,0,0,0,0,,,,
3170,考古任务点卡,2,0,5,,TeamLv,0,,0,1,,4,10,7,0,0,0,0,0,0,0,0,0,0,0,0,0,0,31070@100,31071@25;31072@25;31073@50,31071@25;31072@25;31073@50,31071@25;31072@25;31073@50,31071@25;31072@25;31073@50,31071@25;31072@25;31073@50,0,0,0,0,0,0,0,0,,,,
3171,工程任务点卡,2,0,6,,TeamLv,0,,0,1,,4,10,7,0,0,0,0,0,0,0,0,0,0,0,0,0,0,31080@100,24965@100,31390@34;31391@33;31392@33,24955@100,31081@25;31082@25;31083@50,31081@25;31082@25;31083@50,32769@100,32768@100,32767@100,24985@100;24986@100;24987@100;24988@100;24989@100;24990@100;24991@100;24992@100;24993@100;24994@100;24995@100;24996@100;24997@100;24998@100;24999@100;25000@100;25001@100;25002@100;25003@100;25004@100,0,0,0,0,,,,
3172,初出茅庐·地狗星,2,0,7,,TeamLv,0,,0,1,,4,10,7,0,0,0,0,0,0,0,0,0,0,0,0,0,0,32100@100,32101@100,32102@100,32103@100,32104@100,32105@100,32106@100,32107@100,32108@100,32109@100,0,0,0,0,,,,
3173,初出茅庐·地狗星,2,0,8,,TeamLv,0,,0,1,,4,10,7,0,0,0,0,0,0,0,0,0,0,0,0,0,0,32110@100,32111@100,32112@100,32113@100,32114@100,32115@100,32116@100,32117@100,32118@100,32119@100,0,0,0,0,,,,
3174,初出茅庐·地狗星,2,0,9,,TeamLv,0,,0,1,,4,10,7,0,0,0,0,0,0,0,0,0,0,0,0,0,0,32120@100,32121@100,32122@100,32123@100,32124@100,32125@100,32126@100,32127@100,32128@100,32129@100,0,0,0,0,,,,
3175,初出茅庐·地狗星,2,0,10,,TeamLv,0,,0,1,,4,10,7,0,0,0,0,0,0,0,0,0,0,0,0,0,0,32130@100,32131@100,32132@100,32133@100,32134@100,32135@100,32136@100,32137@100,32138@100,32139@100,0,0,0,0,,,,
3176,化圣舞天姬双环,2,0,11,,TeamLv,0,,0,1,,4,14,7,0,0,0,0,0,0,0,0,0,0,0,0,0,0,24942@100,24965@100,24974@100,24955@100,24943@100,24944@100,24945@100,24946@100,24947@100,24948@100,24949@100,24950@100,24951@100,24952@100,16;17;18;19;20;21;22;23;24,,,
3177,化圣巫蛮儿法杖,2,0,11,,TeamLv,0,,0,1,,4,14,7,0,0,0,0,0,0,0,0,0,0,0,0,0,0,24943@100,24966@100,24975@100,24956@100,24953@100,24944@100,24945@100,24946@100,24947@100,24948@100,24949@100,24950@100,24951@100,24952@100,16;17;18;19;20;21;22;23;24,,,
3178,化圣神天兵枪,2,0,11,,TeamLv,0,,0,1,,4,14,7,0,0,0,0,0,0,0,0,0,0,0,0,0,0,24944@100,24967@100,24976@100,24957@100,24943@100,24954@100,24945@100,24946@100,24947@100,24948@100,24949@100,24950@100,24951@100,24952@100,16;17;18;19;20;21;22;23;24,,,
3179,化圣龙太子枪,2,0,11,,TeamLv,0,,0,1,,4,14,7,0,0,0,0,0,0,0,0,0,0,0,0,0,0,24945@100,24968@100,24977@100,24955@100,24943@100,24944@100,24953@100,24946@100,24947@100,24948@100,24949@100,24950@100,24951@100,24952@100,16;17;18;19;20;21;22;23;24,,,
3180,化圣巨魔王斧子,2,0,11,,TeamLv,0,,0,1,,4,14,7,0,0,0,0,0,0,0,0,0,0,0,0,0,0,24946@100,24969@100,24978@100,24956@100,24943@100,24944@100,24945@100,24954@100,24947@100,24948@100,24949@100,24950@100,24951@100,24952@100,16;17;18;19;20;21;22;23;24,,,
3181,化圣巨魔王刀,2,0,11,,TeamLv,0,,0,1,,4,14,7,0,0,0,0,0,0,0,0,0,0,0,0,0,0,24947@100,24970@100,24979@100,24957@100,24943@100,24944@100,24945@100,24946@100,24953@100,24948@100,24949@100,24950@100,24951@100,24952@100,16;17;18;19;20;21;22;23;24,,,
3182,化圣剑侠客刀,2,0,11,,TeamLv,0,,0,1,,4,14,7,0,0,0,0,0,0,0,0,0,0,0,0,0,0,24948@100,24971@100,24980@100,24958@100,24943@100,24944@100,24945@100,24946@100,24947@100,24954@100,24949@100,24950@100,24951@100,24952@100,16;17;18;19;20;21;22;23;24,,,
3183,化圣虎头怪锤子,2,0,11,,TeamLv,0,,0,1,,4,14,7,0,0,0,0,0,0,0,0,0,0,0,0,0,0,24949@100,24972@100,24981@100,24959@100,24943@100,24944@100,24945@100,24946@100,24947@100,24948@100,24953@100,24950@100,24951@100,24952@100,16;17;18;19;20;21;22;23;24,,,
3184,化圣狐美人鞭子,2,0,11,,TeamLv,0,,0,1,,4,14,7,0,0,0,0,0,0,0,0,0,0,0,0,0,0,24950@100,24973@100,24982@100,24960@100,24943@100,24944@100,24945@100,24946@100,24947@100,24948@100,24949@100,24954@100,24951@100,24952@100,16;17;18;19;20;21;22;23;24,,,
3185,化圣骨精灵棒子,2,0,11,,TeamLv,0,,0,1,,4,14,7,0,0,0,0,0,0,0,0,0,0,0,0,0,0,24951@100,24974@100,24983@100,24961@100,24943@100,24944@100,24945@100,24946@100,24947@100,24948@100,24949@100,24950@100,24953@100,24952@100,16;17;18;19;20;21;22;23;24,,,
3186,化圣飞燕女双环,2,0,11,,TeamLv,0,,0,1,,4,14,7,0,0,0,0,0,0,0,0,0,0,0,0,0,0,24952@100,24975@100,24984@100,24962@100,24943@100,24944@100,24945@100,24946@100,24947@100,24948@100,24949@100,24950@100,24951@100,24954@100,16;17;18;19;20;21;22;23;24,,,
3187,化圣逍遥生剑,2,0,11,,TeamLv,0,,0,1,,4,14,7,0,0,0,0,0,0,0,0,0,0,0,0,0,0,24953@100,24976@100,24972@100,24963@100,24943@100,24944@100,24945@100,24946@100,24947@100,24948@100,24949@100,24950@100,24951@100,24952@100,16;17;18;19;20;21;22;23;24,,,
3188,化圣剑侠客剑,2,0,11,,TeamLv,0,,0,1,,4,14,7,0,0,0,0,0,0,0,0,0,0,0,0,0,0,24954@100,24977@100,24973@100,24964@100,24943@100,24944@100,24945@100,24946@100,24947@100,24948@100,24949@100,24950@100,24951@100,24952@100,16;17;18;19;20;21;22;23;24,,,
3189,自在天魔,2,0,11,,TeamLv,0,,0,1,,4,14,7,0,0,0,0,0,0,0,0,0,0,0,0,0,0,32819@100,32820@100,32821@100,32822@100,32823@100,32824@100,32825@100,32826@100,32827@100,32828@100,32829@100,32830@100,32831@100,32832@100,16;17;18;19;20;21;22;23;24,,,
3190,真假李世民,2,0,3,,TeamLv,0,,0,1,,4,14,7,0,0,0,0,0,0,0,0,0,0,0,0,0,0,32833@100,32834@100,32835@100,32836@100,32837@100,32838@100,32839@100,32840@100,32841@100,32842@100,32843@100,32844@100,32845@100,32846@100,16;17;18;19;20;21;22;23;24,,,
3191,大闹天宫,2,0,3,,TeamLv,0,,0,1,,4,14,7,0,0,0,0,0,0,0,0,0,0,0,0,0,0,32847@100,32848@100,32849@100,32850@100,32851@100,32852@100,32853@100,32854@100,32855@100,32856@100,32857@100,32858@100,328@10059,32860@100,16;17;18;19;20;21;22;23;24,,,
3192,锻造大师,2,0,3,,TeamLv,0,,0,1,,4,10,7,0,0,0,0,0,0,0,0,0,0,0,0,0,0,31313@100,31314@100,31315@100,31316@100,31317@100,31318@100,0,0,0,0,0,0,0,0,,,,
3193,1★锻造大师,2,0,3,,TeamLv,0,,0,1,,4,10,7,0,0,0,0,0,0,0,0,0,0,0,0,0,0,31319@100,31320@100,31321@100,31322@100,31323@100,31324@100,0,0,0,0,0,0,0,0,,,,
3194,2★锻造大师,2,0,3,,TeamLv,0,,0,1,,4,10,7,0,0,0,0,0,0,0,0,0,0,0,0,0,0,31325@100,31326@100,31327@100,31328@100,31329@100,31330@100,0,0,0,0,0,0,0,0,,,,
3195,3★锻造大师,2,0,3,,TeamLv,0,,0,1,,4,10,7,0,0,0,0,0,0,0,0,0,0,0,0,0,0,31331@100,31332@100,31333@100,31334@100,31335@100,31336@100,0,0,0,0,0,0,0,0,,,,
3196,熊猫王,2,0,3,,TeamLv,0,,0,1,,4,10,7,0,0,0,0,0,0,0,0,0,0,0,0,0,0,31337@100,31339@100,31340@100,31338@100,31341@100,31343@100,31342@100,31344@100,0,0,0,0,0,0,,,,
4001,拉格纳罗,2,1,12,,TeamLv,0,,0,1,1,0,10,7,0,0,0,0,0,0,0,0,0,0,0,0,0,0,0,0,0,0,0,0,0,0,0,0,26121@100,0,0,0,,,,
4002,尼弗瑞安,2,3,12,,TeamLv,0,,0,1,1,0,10,7,0,0,0,0,0,0,0,0,0,0,0,0,0,0,0,0,0,0,0,0,0,0,0,0,26262@100,0,0,0,,,,
4003,双子神殿,2,0,14,,TeamLv,0,,0,1,1,0,10,7,0,0,0,0,0,0,0,0,0,0,0,0,0,0,0,0,0,0,0,0,0,0,0,0,26402@100,0,0,0,,,,
4004,刀锋之巢,2,0,14,,TeamLv,0,,0,1,1,0,10,7,0,0,0,0,0,0,0,0,0,0,0,0,0,0,0,0,0,0,0,0,0,0,0,0,26541@100,0,0,0,,,,
7998,木桩,2,0,4,,TeamLv,0,,0,1,,4,13,7,0,0,0,0,0,0,0,0,0,0,0,0,0,0,32802@100,32803@100,32804@100,32805@100,32806@100,32807@100,32808@100,32809@100,32810@100,32811@100,0,0,0,0,,,,
7999,沙包,2,0,5,,TeamLv,0,,0,1,,4,10,7,0,0,0,0,0,0,0,0,0,0,0,0,0,0,32802@100,32803@100,32804@100,32805@100,32806@100,32807@100,32808@100,32809@100,32810@100,32811@100,0,0,0,0,,,,
8971,神器任务,2,0,3,,TeamLv,0,,0,1,,4,10,7,0,0,0,0,0,0,0,0,0,0,0,0,0,0,32732@100,32769@100,32768@100,32767@100,32766@100,32754@100,32747@100,32748@100,32749@100,32750@100,0,0,0,0,,,,
8972,神器任务,2,0,3,,TeamLv,0,,0,1,,4,10,7,0,0,0,0,0,0,0,0,0,0,0,0,0,0,32733@100,32766@100,32765@100,32764@100,31412@100,31413@100,32752@100,32753@100,32754@100,32741@100,0,0,0,0,,,,
8973,神器任务,2,0,6,,TeamLv,0,,0,1,,4,10,7,0,0,0,0,0,0,0,0,0,0,0,0,0,0,32734@100,32732@100,32733@100,32744@100,32745@100,32746@100,32747@100,32748@100,32749@100,32750@100,0,0,0,0,,,,
8974,神器任务,2,0,6,,TeamLv,0,,0,1,,4,10,7,0,0,0,0,0,0,0,0,0,0,0,0,0,0,32735@100,32734@100,32743@100,32752@100,32753@100,32754@100,32739@100,32740@100,32741@100,32742@100,0,0,0,0,,,,
8975,挑战蚩尤战神,2,0,6,,TeamLv,0,,0,1,,4,10,7,0,0,0,0,0,0,0,0,0,0,0,0,0,0,32735@100,32734@100,32743@100,32752@100,32753@100,32754@100,32739@100,32740@100,32741@100,32742@100,0,0,0,0,,,,
8976,地图版本蚩尤战神,2,0,11,,TeamLv,0,,0,1,,4,14,7,0,0,0,0,0,0,0,0,0,0,0,0,0,0,32770@100,32769@100,32768@100,32767@100,32766@100,32765@100,32764@100,32763@100,32762@100,32761@100,32760@100,32771@100,32772@100,32773@100,,,,
8977,打沙包,2,0,1,,TeamLv,0,,0,1,,4,14,7,0,0,0,0,0,0,0,0,0,0,0,0,0,0,32802@100,32803@100,32804@100,32805@100,32806@100,32807@100,32808@100,32809@100,32810@100,32811@100,0,0,0,0,,,,
2796,师门平定-地痞流氓,2,0,6,,TeamLv,0,,0,1,,4,1*TeamNum+3,7,0,0,0,0,0,0,0,0,0,0,0,0,0,0,24135@100,24136@50;24137@50,24136@50;24137@50,24136@50;24137@50,24136@50;24137@50,24136@50;24137@50,24136@50;24137@50,24136@50;24137@50,24136@50;24137@50,24136@50;24137@50,0,0,0,0,,,,
2797,师门备用1,2,0,7,,TeamLv,0,,0,1,,0,10,7,0,0,0,0,0,0,0,0,0,0,0,0,0,0,26526@100,26527@100,26528@100,26529@100,26530@100,26495@100,26530@100,26530@100,0,0,0,0,0,0,,,,
2798,师门备用2,2,0,8,,TeamLv,0,,0,1,,0,10,7,0,0,0,0,0,0,0,0,0,0,0,0,0,0,26531@100,26532@100,26533@100,26534@100,26535@100,26495@100,26535@100,26535@100,0,0,0,0,0,0,,,,
2799,师门备用3,2,0,9,,TeamLv,0,,0,1,,0,10,7,0,0,0,0,0,0,0,0,0,0,0,0,0,0,26536@100,26537@100,26538@100,26539@100,26540@100,26495@100,26540@100,26540@100,0,0,0,0,0,0,,,,
2800,师门巡逻-本门派,2,0,6,,TeamLv,0,,0,1,,4,10,7,0,0,0,0,0,0,0,0,0,0,0,0,0,0,24100@25;24101@25;24102@25;24103@25,24104@15;24105@15;24106@15;24107@15;24108@10;24109@10;24110@10;24111@10,24104@15;24105@15;24106@15;24107@15;24108@10;24109@10;24110@10;24111@10,24104@15;24105@15;24106@15;24107@15;24108@10;24109@10;24110@10;24111@10,0,0,0,0,0,0,0,0,0,0,,,,
2801,师门切磋-大唐,2,0,5,,TeamLv,0,,0,1,,4,3,7,0,0,0,0,0,0,0,0,0,0,0,0,0,0,32040@100,32040@100,32040@100,32040@100,32040@100,0,0,0,0,0,0,0,0,0,,,,
2802,师门切磋-方寸,2,0,6,,TeamLv,0,,0,1,,4,3,7,0,0,0,0,0,0,0,0,0,0,0,0,0,0,32041@100,32041@100,32041@100,32041@100,32041@100,0,0,0,0,0,0,0,0,0,,,,
2803,师门切磋-狮驼,2,0,7,,TeamLv,0,,0,1,,4,3,7,0,0,0,0,0,0,0,0,0,0,0,0,0,0,32042@100,32042@100,32042@100,32042@100,32042@100,0,0,0,0,0,0,0,0,0,,,,
2804,师门切磋-地府,2,0,8,,TeamLv,0,,0,1,,4,3,7,0,0,0,0,0,0,0,0,0,0,0,0,0,0,32043@100,32043@100,32043@100,32043@100,32043@100,0,0,0,0,0,0,0,0,0,,,,
2805,师门切磋-龙宫,2,0,9,,TeamLv,0,,0,1,,4,3,7,0,0,0,0,0,0,0,0,0,0,0,0,0,0,32044@100,32044@100,32044@100,32044@100,32044@100,0,0,0,0,0,0,0,0,0,,,,
2806,师门切磋-普陀,2,0,10,,TeamLv,0,,0,1,,4,3,7,0,0,0,0,0,0,0,0,0,0,0,0,0,0,32045@100,32045@100,32045@100,32045@100,32045@100,0,0,0,0,0,0,0,0,0,,,,
2807,师门切磋-魔王,2,0,1,,TeamLv,0,,0,1,,4,3,7,0,0,0,0,0,0,0,0,0,0,0,0,0,0,32046@100,32046@100,32046@100,32046@100,32046@100,0,0,0,0,0,0,0,0,0,,,,
2808,师门切磋-月宫,2,0,3,,TeamLv,0,,0,1,,4,3,7,0,0,0,0,0,0,0,0,0,0,0,0,0,0,32047@100,32047@100,32047@100,32047@100,32047@100,0,0,0,0,0,0,0,0,0,,,,
2809,师门切磋-化生,2,0,3,,TeamLv,0,,0,1,,4,3,7,0,0,0,0,0,0,0,0,0,0,0,0,0,0,32048@100,32048@100,32048@100,32048@100,32048@100,0,0,0,0,0,0,0,0,0,,,,
2330,大雁塔1星,2,0,2,,TeamLv,0,,0,1,,4,1*TeamNum+5,7,0,0,0,0,0,0,0,0,0,0,0,0,0,0,32000@25;32001@25;32002@25;32003@25,32000@25;32001@25;32002@25;32003@25,32000@25;32001@25;32002@25;32003@25,32000@25;32001@25;32002@25;32003@25,32000@25;32001@25;32002@25;32003@25,32000@25;32001@25;32002@25;32003@25,32000@25;32001@25;32002@25;32003@25,32000@25;32001@25;32002@25;32003@25,32000@25;32001@25;32002@25;32003@25,32000@25;32001@25;32002@25;32003@25,0,0,0,0,,,,
2331,大雁塔2星,2,0,3,,TeamLv,0,,0,1,,4,1*TeamNum+5,7,0,0,0,0,0,0,0,0,0,0,0,0,0,0,32004@25;32005@25;32006@25;32007@25,32004@25;32005@25;32006@25;32007@25,32004@25;32005@25;32006@25;32007@25,32004@25;32005@25;32006@25;32007@25,32004@25;32005@25;32006@25;32007@25,32004@25;32005@25;32006@25;32007@25,32004@25;32005@25;32006@25;32007@25,32004@25;32005@25;32006@25;32007@25,32004@25;32005@25;32006@25;32007@25,32004@25;32005@25;32006@25;32007@25,0,0,0,0,,,,
2332,大雁塔3星,2,0,4,,TeamLv,0,,0,1,,4,1*TeamNum+5,7,0,0,0,0,0,0,0,0,0,0,0,0,0,0,32008@25;32009@25;32010@25;32011@25,32008@25;32009@25;32010@25;32011@25,32008@25;32009@25;32010@25;32011@25,32008@25;32009@25;32010@25;32011@25,32008@25;32009@25;32010@25;32011@25,32008@25;32009@25;32010@25;32011@25,32008@25;32009@25;32010@25;32011@25,32008@25;32009@25;32010@25;32011@25,32008@25;32009@25;32010@25;32011@25,32008@25;32009@25;32010@25;32011@25,0,0,0,0,,,,
2333,大雁塔4星,2,0,5,,TeamLv,0,,0,1,,4,1*TeamNum+5,7,0,0,0,0,0,0,0,0,0,0,0,0,0,0,32012@25;32013@25;32014@25;32015@25,32012@25;32013@25;32014@25;32015@25,32012@25;32013@25;32014@25;32015@25,32012@25;32013@25;32014@25;32015@25,32012@25;32013@25;32014@25;32015@25,32012@25;32013@25;32014@25;32015@25,32012@25;32013@25;32014@25;32015@25,32012@25;32013@25;32014@25;32015@25,32012@25;32013@25;32014@25;32015@25,32012@25;32013@25;32014@25;32015@25,0,0,0,0,,,,
2334,大雁塔5星,2,0,6,,TeamLv,0,,0,1,,4,1*TeamNum+5,7,0,0,0,0,0,0,0,0,0,0,0,0,0,0,32016@25;32017@25;32018@25;32019@25,32016@25;32017@25;32018@25;32019@25,32016@25;32017@25;32018@25;32019@25,32016@25;32017@25;32018@25;32019@25,32016@25;32017@25;32018@25;32019@25,32016@25;32017@25;32018@25;32019@25,32016@25;32017@25;32018@25;32019@25,32016@25;32017@25;32018@25;32019@25,32016@25;32017@25;32018@25;32019@25,32016@25;32017@25;32018@25;32019@25,0,0,0,0,,,,
2335,大雁塔6星备用,2,0,7,,TeamLv,0,,0,1,,4,10,7,0,0,0,0,0,0,0,0,0,0,0,0,0,0,32020@100,32020@100,32020@100,32021@100,32021@100,32021@100,32022@100,32022@100,32023@100,32023@100,0,0,0,0,,,,
2336,大雁塔7星备用,2,0,8,,TeamLv,0,,0,1,,4,10,7,0,0,0,0,0,0,0,0,0,0,0,0,0,0,32024@100,32024@100,32024@100,32025@100,32025@100,32025@100,32026@100,32026@100,32027@100,32027@100,0,0,0,0,,,,
2337,大雁塔8星备用,2,0,9,,TeamLv,0,,0,1,,4,10,7,0,0,0,0,0,0,0,0,0,0,0,0,0,0,32028@100,32028@100,32028@100,32025@100,32025@100,32025@100,32026@100,32026@100,32027@100,32027@100,0,0,0,0,,,,
2338,大雁塔9星备用,2,0,10,,TeamLv,0,,0,1,,4,10,7,0,0,0,0,0,0,0,0,0,0,0,0,0,0,32032@100,32032@100,32032@100,32029@100,32029@100,32029@100,32030@100,32030@100,32031@100,32031@100,0,0,0,0,,,,
2339,大雁塔10星备用,2,0,6,,TeamLv,0,,0,1,,4,10,7,0,0,0,0,0,0,0,0,0,0,0,0,0,0,32036@100,32036@100,32036@100,32033@100,32033@100,32033@100,32034@100,32034@100,32035@100,32035@100,0,0,0,0,,,,
2340,备用1,2,0,7,,TeamLv,0,,0,1,,4,1*TeamNum+3,7,0,0,0,0,0,0,0,0,0,0,0,0,0,0,32040@100,32040@100,32040@100,32040@100,32040@100,32040@100,32040@100,32040@100,32040@100,32040@100,0,0,0,0,,,,
2341,备用2,2,0,8,,TeamLv,0,,0,1,,4,1*TeamNum+3,7,0,0,0,0,0,0,0,0,0,0,0,0,0,0,32041@100,32041@100,32041@100,32041@100,32041@100,32041@100,32041@100,32041@100,32041@100,32041@100,0,0,0,0,,,,
2342,备用3,2,0,9,,TeamLv,0,,0,1,,4,1*TeamNum+3,7,0,0,0,0,0,0,0,0,0,0,0,0,0,0,32042@100,32042@100,32042@100,32042@100,32042@100,32042@100,32042@100,32042@100,32042@100,32042@100,0,0,0,0,,,,
2343,备用4,2,0,10,,TeamLv,0,,0,1,,4,1*TeamNum+3,7,0,0,0,0,0,0,0,0,0,0,0,0,0,0,32043@100,32043@100,32043@100,32043@100,32043@100,32043@100,32043@100,32043@100,32043@100,32043@100,0,0,0,0,,,,
2344,备用5,2,0,4,,TeamLv,0,,0,1,,4,1*TeamNum+3,7,0,0,0,0,0,0,0,0,0,0,0,0,0,0,32044@100,32044@100,32044@100,32044@100,32044@100,32044@100,32044@100,32044@100,32044@100,32044@100,0,0,0,0,,,,
2345,备用6,2,0,5,,TeamLv,0,,0,1,,4,1*TeamNum+3,7,0,0,0,0,0,0,0,0,0,0,0,0,0,0,32045@100,32045@100,32045@100,32045@100,32045@100,32045@100,32045@100,32045@100,32045@100,32045@100,0,0,0,0,,,,
2346,备用7,2,0,6,,TeamLv,0,,0,1,,4,1*TeamNum+3,7,0,0,0,0,0,0,0,0,0,0,0,0,0,0,32046@100,32046@100,32046@100,32046@100,32046@100,32046@100,32046@100,32046@100,32046@100,32046@100,0,0,0,0,,,,
2347,备用8,2,0,7,,TeamLv,0,,0,1,,4,1*TeamNum+3,7,0,0,0,0,0,0,0,0,0,0,0,0,0,0,32047@100,32047@100,32047@100,32047@100,32047@100,32047@100,32047@100,32047@100,32047@100,32047@100,0,0,0,0,,,,
2348,备用9,2,0,8,,TeamLv,0,,0,1,,4,1*TeamNum+3,7,0,0,0,0,0,0,0,0,0,0,0,0,0,0,32048@100,32048@100,32048@100,32048@100,32048@100,32048@100,32048@100,32048@100,32048@100,32048@100,0,0,0,0,,,,
2567,抓鬼1,2,0,10,,TeamLv,0,,0,1,,4,1*TeamNum+3,7,0,0,0,0,0,0,0,0,0,0,0,0,0,0,24501@100,24513@25;24514@25;24515@25;24516@25,24517@25;24518@25;24519@25;24520@25,24517@25;24518@25;24519@25;24520@25,24513@25;24514@25;24515@25;24516@25,24517@25;24518@25;24519@25;24520@25,24517@25;24518@25;24519@25;24520@25,24513@25;24514@25;24515@25;24516@25,24517@25;24518@25;24519@25;24520@25,24517@25;24518@25;24519@25;24520@25,0,0,0,0,,,,
2568,抓鬼2,2,0,6,,TeamLv,0,,0,1,,4,1*TeamNum+3,7,0,0,0,0,0,0,0,0,0,0,0,0,0,0,24502@100,24513@25;24514@25;24515@25;24516@25,24517@25;24518@25;24519@25;24520@25,24517@25;24518@25;24519@25;24520@25,24513@25;24514@25;24515@25;24516@25,24517@25;24518@25;24519@25;24520@25,24517@25;24518@25;24519@25;24520@25,24513@25;24514@25;24515@25;24516@25,24517@25;24518@25;24519@25;24520@25,24517@25;24518@25;24519@25;24520@25,0,0,0,0,,,,
2569,抓鬼3,2,0,7,,TeamLv,0,,0,1,,4,1*TeamNum+3,7,0,0,0,0,0,0,0,0,0,0,0,0,0,0,24503@100,24513@25;24514@25;24515@25;24516@25,24517@25;24518@25;24519@25;24520@25,24517@25;24518@25;24519@25;24520@25,24513@25;24514@25;24515@25;24516@25,24517@25;24518@25;24519@25;24520@25,24517@25;24518@25;24519@25;24520@25,24513@25;24514@25;24515@25;24516@25,24517@25;24518@25;24519@25;24520@25,24517@25;24518@25;24519@25;24520@25,0,0,0,0,,,,
2570,抓鬼4,2,0,8,,TeamLv,0,,0,1,,4,1*TeamNum+3,7,0,0,0,0,0,0,0,0,0,0,0,0,0,0,24504@100,24513@25;24514@25;24515@25;24516@25,24517@25;24518@25;24519@25;24520@25,24517@25;24518@25;24519@25;24520@25,24513@25;24514@25;24515@25;24516@25,24517@25;24518@25;24519@25;24520@25,24517@25;24518@25;24519@25;24520@25,24513@25;24514@25;24515@25;24516@25,24517@25;24518@25;24519@25;24520@25,24517@25;24518@25;24519@25;24520@25,0,0,0,0,,,,
2571,抓鬼5,2,0,9,,TeamLv,0,,0,1,,4,1*TeamNum+3,7,0,0,0,0,0,0,0,0,0,0,0,0,0,0,24505@100,24513@25;24514@25;24515@25;24516@25,24517@25;24518@25;24519@25;24520@25,24517@25;24518@25;24519@25;24520@25,24513@25;24514@25;24515@25;24516@25,24517@25;24518@25;24519@25;24520@25,24517@25;24518@25;24519@25;24520@25,24513@25;24514@25;24515@25;24516@25,24517@25;24518@25;24519@25;24520@25,24517@25;24518@25;24519@25;24520@25,0,0,0,0,,,,
2572,抓鬼6,2,0,10,,TeamLv,0,,0,1,,4,1*TeamNum+3,7,0,0,0,0,0,0,0,0,0,0,0,0,0,0,24506@100,24513@25;24514@25;24515@25;24516@25,24517@25;24518@25;24519@25;24520@25,24517@25;24518@25;24519@25;24520@25,24513@25;24514@25;24515@25;24516@25,24517@25;24518@25;24519@25;24520@25,24517@25;24518@25;24519@25;24520@25,24513@25;24514@25;24515@25;24516@25,24517@25;24518@25;24519@25;24520@25,24517@25;24518@25;24519@25;24520@25,0,0,0,0,,,,
2573,抓鬼7,2,0,5,,TeamLv,0,,0,1,,4,1*TeamNum+3,7,0,0,0,0,0,0,0,0,0,0,0,0,0,0,24507@100,24513@25;24514@25;24515@25;24516@25,24517@25;24518@25;24519@25;24520@25,24517@25;24518@25;24519@25;24520@25,24513@25;24514@25;24515@25;24516@25,24517@25;24518@25;24519@25;24520@25,24517@25;24518@25;24519@25;24520@25,24513@25;24514@25;24515@25;24516@25,24517@25;24518@25;24519@25;24520@25,24517@25;24518@25;24519@25;24520@25,0,0,0,0,,,,
2574,抓鬼8,2,0,1,,TeamLv,0,,0,1,,4,1*TeamNum+3,7,0,0,0,0,0,0,0,0,0,0,0,0,0,0,24508@100,24513@25;24514@25;24515@25;24516@25,24517@25;24518@25;24519@25;24520@25,24517@25;24518@25;24519@25;24520@25,24513@25;24514@25;24515@25;24516@25,24517@25;24518@25;24519@25;24520@25,24517@25;24518@25;24519@25;24520@25,24513@25;24514@25;24515@25;24516@25,24517@25;24518@25;24519@25;24520@25,24517@25;24518@25;24519@25;24520@25,0,0,0,0,,,,
2575,抓鬼9,2,0,2,,TeamLv,0,,0,1,,4,1*TeamNum+3,7,0,0,0,0,0,0,0,0,0,0,0,0,0,0,24509@100,24513@25;24514@25;24515@25;24516@25,24517@25;24518@25;24519@25;24520@25,24517@25;24518@25;24519@25;24520@25,24513@25;24514@25;24515@25;24516@25,24517@25;24518@25;24519@25;24520@25,24517@25;24518@25;24519@25;24520@25,24513@25;24514@25;24515@25;24516@25,24517@25;24518@25;24519@25;24520@25,24517@25;24518@25;24519@25;24520@25,0,0,0,0,,,,
2576,抓鬼10,2,0,3,,TeamLv,0,,0,1,,4,1*TeamNum+3,7,0,0,0,0,0,0,0,0,0,0,0,0,0,0,24510@100,24513@25;24514@25;24515@25;24516@25,24517@25;24518@25;24519@25;24520@25,24517@25;24518@25;24519@25;24520@25,24513@25;24514@25;24515@25;24516@25,24517@25;24518@25;24519@25;24520@25,24517@25;24518@25;24519@25;24520@25,24513@25;24514@25;24515@25;24516@25,24517@25;24518@25;24519@25;24520@25,24517@25;24518@25;24519@25;24520@25,0,0,0,0,,,,
2577,抓鬼11,2,0,4,,TeamLv,0,,0,1,,4,1*TeamNum+3,7,0,0,0,0,0,0,0,0,0,0,0,0,0,0,24511@100,24513@25;24514@25;24515@25;24516@25,24517@25;24518@25;24519@25;24520@25,24517@25;24518@25;24519@25;24520@25,24513@25;24514@25;24515@25;24516@25,24517@25;24518@25;24519@25;24520@25,24517@25;24518@25;24519@25;24520@25,24513@25;24514@25;24515@25;24516@25,24517@25;24518@25;24519@25;24520@25,24517@25;24518@25;24519@25;24520@25,0,0,0,0,,,,
2578,抓鬼12,2,0,2,,TeamLv,0,,0,1,,4,1*TeamNum+3,7,0,0,0,0,0,0,0,0,0,0,0,0,0,0,24511@100,24513@25;24514@25;24515@25;24516@25,24517@25;24518@25;24519@25;24520@25,24517@25;24518@25;24519@25;24520@25,24513@25;24514@25;24515@25;24516@25,24517@25;24518@25;24519@25;24520@25,24517@25;24518@25;24519@25;24520@25,24513@25;24514@25;24515@25;24516@25,24517@25;24518@25;24519@25;24520@25,24517@25;24518@25;24519@25;24520@25,0,0,0,0,,,,
2579,远古妖魔,2,0,3,,TeamLv,0,,0,1,,4,1*TeamNum+4,7,0,0,0,0,0,0,0,0,0,0,0,0,0,0,24985@100,24990@100;24991@100;24992@100;24993@100;24994@100;24995@100;24996@100,24990@100;24991@100;24992@100;24993@100;24994@100;24995@100;24996@100,24990@100;24991@100;24992@100;24993@100;24994@100;24995@100;24996@100,24990@100;24991@100;24992@100;24993@100;24994@100;24995@100;24996@100,24990@100;24991@100;24992@100;24993@100;24994@100;24995@100;24996@100,24990@100;24991@100;24992@100;24993@100;24994@100;24995@100;24996@100,24990@100;24991@100;24992@100;24993@100;24994@100;24995@100;24996@100,24990@100;24991@100;24992@100;24993@100;24994@100;24995@100;24996@100,24990@100;24991@100;24992@100;24993@100;24994@100;24995@100;24996@100,0,0,0,0,,,,
2580,远古妖魔,2,0,4,,TeamLv,0,,0,1,,4,1*TeamNum+4,7,0,0,0,0,0,0,0,0,0,0,0,0,0,0,24986@100,24990@100;24991@100;24992@100;24993@100;24994@100;24995@100;24996@100,24990@100;24991@100;24992@100;24993@100;24994@100;24995@100;24996@100,24990@100;24991@100;24992@100;24993@100;24994@100;24995@100;24996@100,24990@100;24991@100;24992@100;24993@100;24994@100;24995@100;24996@100,24990@100;24991@100;24992@100;24993@100;24994@100;24995@100;24996@100,24990@100;24991@100;24992@100;24993@100;24994@100;24995@100;24996@100,24990@100;24991@100;24992@100;24993@100;24994@100;24995@100;24996@100,24990@100;24991@100;24992@100;24993@100;24994@100;24995@100;24996@100,24990@100;24991@100;24992@100;24993@100;24994@100;24995@100;24996@100,0,0,0,0,,,,
2581,远古妖魔,2,0,5,,TeamLv,0,,0,1,,4,1*TeamNum+4,7,0,0,0,0,0,0,0,0,0,0,0,0,0,0,24987@100,24990@100;24991@100;24992@100;24993@100;24994@100;24995@100;24996@100,24990@100;24991@100;24992@100;24993@100;24994@100;24995@100;24996@100,24990@100;24991@100;24992@100;24993@100;24994@100;24995@100;24996@100,24990@100;24991@100;24992@100;24993@100;24994@100;24995@100;24996@100,24990@100;24991@100;24992@100;24993@100;24994@100;24995@100;24996@100,24990@100;24991@100;24992@100;24993@100;24994@100;24995@100;24996@100,24990@100;24991@100;24992@100;24993@100;24994@100;24995@100;24996@100,24990@100;24991@100;24992@100;24993@100;24994@100;24995@100;24996@100,24990@100;24991@100;24992@100;24993@100;24994@100;24995@100;24996@100,0,0,0,0,,,,
2582,远古妖魔,2,0,6,,TeamLv,0,,0,1,,4,1*TeamNum+4,7,0,0,0,0,0,0,0,0,0,0,0,0,0,0,24988@100,24990@100;24991@100;24992@100;24993@100;24994@100;24995@100;24996@100,24990@100;24991@100;24992@100;24993@100;24994@100;24995@100;24996@100,24990@100;24991@100;24992@100;24993@100;24994@100;24995@100;24996@100,24990@100;24991@100;24992@100;24993@100;24994@100;24995@100;24996@100,24990@100;24991@100;24992@100;24993@100;24994@100;24995@100;24996@100,24990@100;24991@100;24992@100;24993@100;24994@100;24995@100;24996@100,24990@100;24991@100;24992@100;24993@100;24994@100;24995@100;24996@100,24990@100;24991@100;24992@100;24993@100;24994@100;24995@100;24996@100,24990@100;24991@100;24992@100;24993@100;24994@100;24995@100;24996@100,0,0,0,0,,,,
2583,远古妖魔,2,0,7,,TeamLv,0,,0,1,,4,1*TeamNum+4,7,0,0,0,0,0,0,0,0,0,0,0,0,0,0,24989@100,24990@100;24991@100;24992@100;24993@100;24994@100;24995@100;24996@100,24990@100;24991@100;24992@100;24993@100;24994@100;24995@100;24996@100,24990@100;24991@100;24992@100;24993@100;24994@100;24995@100;24996@100,24990@100;24991@100;24992@100;24993@100;24994@100;24995@100;24996@100,24990@100;24991@100;24992@100;24993@100;24994@100;24995@100;24996@100,24990@100;24991@100;24992@100;24993@100;24994@100;24995@100;24996@100,24990@100;24991@100;24992@100;24993@100;24994@100;24995@100;24996@100,24990@100;24991@100;24992@100;24993@100;24994@100;24995@100;24996@100,24990@100;24991@100;24992@100;24993@100;24994@100;24995@100;24996@100,0,0,0,0,,,,
3199,劫镖强盗,2,0,4,,TeamLv,0,,0,1,,4,1*TeamNum+3,7,0,0,0,0,0,0,0,0,0,0,0,0,0,0,32052@25;32053@25;32054@25;32055@25,32052@25;32053@25;32054@25;32055@25,32052@25;32053@25;32054@25;32055@25,32052@25;32053@25;32054@25;32055@25,32052@25;32053@25;32054@25;32055@25,32052@25;32053@25;32054@25;32055@25,32052@25;32053@25;32054@25;32055@25,32052@25;32053@25;32054@25;32055@25,32052@25;32053@25;32054@25;32055@25,32052@25;32053@25;32054@25;32055@25,0,0,0,0,,,,
2584,角木蛟之影,2,0,8,,TeamLv,0,,0,1,,4,10,7,0,0,0,0,0,0,0,0,0,0,0,0,0,0,32820@100,32828@100,32827@50;32835@50,32829@50;32830@50,32829@50;32830@50,32831@25;32832@25;32833@25;32834@25,32831@25;32832@25;32833@25;32834@25,32831@25;32832@25;32833@25;32834@25,32831@25;32832@25;32833@25;32834@25,32831@25;32832@25;32833@25;32834@25,0,0,0,0,,,,
2585,亢金龙之影,2,0,9,,TeamLv,0,,0,1,,4,10,7,0,0,0,0,0,0,0,0,0,0,0,0,0,0,32821@100,32828@100,32827@50;32835@50,32829@50;32830@50,32829@50;32830@50,32831@25;32832@25;32833@25;32834@25,32831@25;32832@25;32833@25;32834@25,32831@25;32832@25;32833@25;32834@25,32831@25;32832@25;32833@25;32834@25,32831@25;32832@25;32833@25;32834@25,0,0,0,0,,,,
2586,氐土貂之影,2,0,10,,TeamLv,0,,0,1,,4,10,7,0,0,0,0,0,0,0,0,0,0,0,0,0,0,32822@100,32828@100,32827@50;32835@50,32829@50;32830@50,32829@50;32830@50,32831@25;32832@25;32833@25;32834@25,32831@25;32832@25;32833@25;32834@25,32831@25;32832@25;32833@25;32834@25,32831@25;32832@25;32833@25;32834@25,32831@25;32832@25;32833@25;32834@25,0,0,0,0,,,,
2587,房日兔之影,2,0,1,,TeamLv,0,,0,1,,4,10,7,0,0,0,0,0,0,0,0,0,0,0,0,0,0,32823@100,32828@100,32827@50;32835@50,32829@50;32830@50,32829@50;32830@50,32831@25;32832@25;32833@25;32834@25,32831@25;32832@25;32833@25;32834@25,32831@25;32832@25;32833@25;32834@25,32831@25;32832@25;32833@25;32834@25,32831@25;32832@25;32833@25;32834@25,0,0,0,0,,,,
3197,心月狐之影,2,0,2,,TeamLv,0,,0,1,,4,10,7,0,0,0,0,0,0,0,0,0,0,0,0,0,0,32824@100,32828@100,32827@50;32835@50,32829@50;32830@50,32829@50;32830@50,32831@25;32832@25;32833@25;32834@25,32831@25;32832@25;32833@25;32834@25,32831@25;32832@25;32833@25;32834@25,32831@25;32832@25;32833@25;32834@25,32831@25;32832@25;32833@25;32834@25,0,0,0,0,,,,
3198,尾火虎之影,2,0,3,,TeamLv,0,,0,1,,4,10,7,0,0,0,0,0,0,0,0,0,0,0,0,0,0,32825@100,32828@100,32827@50;32835@50,32829@50;32830@50,32829@50;32830@50,32831@25;32832@25;32833@25;32834@25,32831@25;32832@25;32833@25;32834@25,32831@25;32832@25;32833@25;32834@25,32831@25;32832@25;32833@25;32834@25,32831@25;32832@25;32833@25;32834@25,0,0,0,0,,,,
3200,箕水豹之影,2,0,5,,TeamLv,0,,0,1,,4,10,7,0,0,0,0,0,0,0,0,0,0,0,0,0,0,32826@100,32828@100,32827@50;32835@50,32829@50;32830@50,32829@50;32830@50,32831@25;32832@25;32833@25;32834@25,32831@25;32832@25;32833@25;32834@25,32831@25;32832@25;32833@25;32834@25,32831@25;32832@25;32833@25;32834@25,32831@25;32832@25;32833@25;32834@25,0,0,0,0,,,,
3201,角木蛟,2,0,6,,TeamLv,0,,0,1,,4,10,7,0,0,0,0,0,0,0,0,0,0,0,0,0,0,32836@100,32844@100,32843@50;32850@50,32845@50;32846@50,32845@50;32846@50,32861@25;32847@25;32848@25;32849@25,32861@25;32847@25;32848@25;32849@25,32861@25;32847@25;32848@25;32849@25,32861@25;32847@25;32848@25;32849@25,32861@25;32847@25;32848@25;32849@25,0,0,0,0,,,,
3202,亢金龙,2,0,7,,TeamLv,0,,0,1,,4,10,7,0,0,0,0,0,0,0,0,0,0,0,0,0,0,32837@100,32844@100,32843@50;32850@50,32845@50;32846@50,32845@50;32846@50,32861@25;32847@25;32848@25;32849@25,32861@25;32847@25;32848@25;32849@25,32861@25;32847@25;32848@25;32849@25,32861@25;32847@25;32848@25;32849@25,32861@25;32847@25;32848@25;32849@25,0,0,0,0,,,,
3203,氐土貂,2,0,8,,TeamLv,0,,0,1,,4,10,7,0,0,0,0,0,0,0,0,0,0,0,0,0,0,32838@100,32844@100,32843@50;32850@50,32845@50;32846@50,32845@50;32846@50,32861@25;32847@25;32848@25;32849@25,32861@25;32847@25;32848@25;32849@25,32861@25;32847@25;32848@25;32849@25,32861@25;32847@25;32848@25;32849@25,32861@25;32847@25;32848@25;32849@25,0,0,0,0,,,,
3204,房日兔,2,0,9,,TeamLv,0,,0,1,,4,10,7,0,0,0,0,0,0,0,0,0,0,0,0,0,0,32839@100,32844@100,32843@50;32850@50,32845@50;32846@50,32845@50;32846@50,32861@25;32847@25;32848@25;32849@25,32861@25;32847@25;32848@25;32849@25,32861@25;32847@25;32848@25;32849@25,32861@25;32847@25;32848@25;32849@25,32861@25;32847@25;32848@25;32849@25,0,0,0,0,,,,
3205,心月狐,2,0,10,,TeamLv,0,,0,1,,4,10,7,0,0,0,0,0,0,0,0,0,0,0,0,0,0,32840@100,32844@100,32843@50;32850@50,32845@50;32846@50,32845@50;32846@50,32861@25;32847@25;32848@25;32849@25,32861@25;32847@25;32848@25;32849@25,32861@25;32847@25;32848@25;32849@25,32861@25;32847@25;32848@25;32849@25,32861@25;32847@25;32848@25;32849@25,0,0,0,0,,,,
3206,尾火虎,2,0,1,,TeamLv,0,,0,1,,4,10,7,0,0,0,0,0,0,0,0,0,0,0,0,0,0,32841@100,32844@100,32843@50;32850@50,32845@50;32846@50,32845@50;32846@50,32861@25;32847@25;32848@25;32849@25,32861@25;32847@25;32848@25;32849@25,32861@25;32847@25;32848@25;32849@25,32861@25;32847@25;32848@25;32849@25,32861@25;32847@25;32848@25;32849@25,0,0,0,0,,,,
3207,箕水豹,2,0,2,,TeamLv,0,,0,1,,4,10,7,0,0,0,0,0,0,0,0,0,0,0,0,0,0,32842@100,32844@100,32843@50;32850@50,32845@50;32846@50,32845@50;32846@50,32861@25;32847@25;32848@25;32849@25,32861@25;32847@25;32848@25;32849@25,32861@25;32847@25;32848@25;32849@25,32861@25;32847@25;32848@25;32849@25,32861@25;32847@25;32848@25;32849@25,0,0,0,0,,,,
3208,角木蛟之怒,2,0,3,,TeamLv,0,,0,1,,4,10,7,0,0,0,0,0,0,0,0,0,0,0,0,0,0,32851@100,32859@100,31666@50;32858@50,32860@50;31661@50,32860@50;31661@50,31662@25;31663@25;31664@25;31665@25,31662@25;31663@25;31664@25;31665@25,31662@25;31663@25;31664@25;31665@25,31662@25;31663@25;31664@25;31665@25,31662@25;31663@25;31664@25;31665@25,0,0,0,0,,,,
3209,亢金龙之怒,2,0,4,,TeamLv,0,,0,1,,4,10,7,0,0,0,0,0,0,0,0,0,0,0,0,0,0,32852@100,32859@100,31666@50;32858@50,32860@50;31661@50,32860@50;31661@50,31662@25;31663@25;31664@25;31665@25,31662@25;31663@25;31664@25;31665@25,31662@25;31663@25;31664@25;31665@25,31662@25;31663@25;31664@25;31665@25,31662@25;31663@25;31664@25;31665@25,0,0,0,0,,,,
3210,氐土貂之怒,2,0,5,,TeamLv,0,,0,1,,4,10,7,0,0,0,0,0,0,0,0,0,0,0,0,0,0,32853@100,32859@100,31666@50;32858@50,32860@50;31661@50,32860@50;31661@50,31662@25;31663@25;31664@25;31665@25,31662@25;31663@25;31664@25;31665@25,31662@25;31663@25;31664@25;31665@25,31662@25;31663@25;31664@25;31665@25,31662@25;31663@25;31664@25;31665@25,0,0,0,0,,,,
3211,房日兔之怒,2,0,6,,TeamLv,0,,0,1,,4,10,7,0,0,0,0,0,0,0,0,0,0,0,0,0,0,32854@100,32859@100,31666@50;32858@50,32860@50;31661@50,32860@50;31661@50,31662@25;31663@25;31664@25;31665@25,31662@25;31663@25;31664@25;31665@25,31662@25;31663@25;31664@25;31665@25,31662@25;31663@25;31664@25;31665@25,31662@25;31663@25;31664@25;31665@25,0,0,0,0,,,,
3212,心月狐之怒,2,0,7,,TeamLv,0,,0,1,,4,10,7,0,0,0,0,0,0,0,0,0,0,0,0,0,0,32855@100,32859@100,31666@50;32858@50,32860@50;31661@50,32860@50;31661@50,31662@25;31663@25;31664@25;31665@25,31662@25;31663@25;31664@25;31665@25,31662@25;31663@25;31664@25;31665@25,31662@25;31663@25;31664@25;31665@25,31662@25;31663@25;31664@25;31665@25,0,0,0,0,,,,
3213,尾火虎之怒,2,0,1,,TeamLv,0,,0,1,,4,10,7,0,0,0,0,0,0,0,0,0,0,0,0,0,0,32856@100,32859@100,31666@50;32858@50,32860@50;31661@50,32860@50;31661@50,31662@25;31663@25;31664@25;31665@25,31662@25;31663@25;31664@25;31665@25,31662@25;31663@25;31664@25;31665@25,31662@25;31663@25;31664@25;31665@25,31662@25;31663@25;31664@25;31665@25,0,0,0,0,,,,
3214,箕水豹之怒,2,0,2,,TeamLv,0,,0,1,,4,10,7,0,0,0,0,0,0,0,0,0,0,0,0,0,0,32857@100,32859@100,31666@50;32858@50,32860@50;31661@50,32860@50;31661@50,31662@25;31663@25;31664@25;31665@25,31662@25;31663@25;31664@25;31665@25,31662@25;31663@25;31664@25;31665@25,31662@25;31663@25;31664@25;31665@25,31662@25;31663@25;31664@25;31665@25,0,0,0,0,,,,
3215,亥猪,2,0,3,,TeamLv,0,,0,1,,4,10,7,0,0,0,0,0,0,0,0,0,0,0,0,0,0,31667@100,31679@100,31680@100,31681@100,31682@100,31683@100;31684@100;31685@100;31686@100;31687@100;31688@100;31689@100;31690@100,31683@100;31684@100;31685@100;31686@100;31687@100;31688@100;31689@100;31690@100,31683@100;31684@100;31685@100;31686@100;31687@100;31688@100;31689@100;31690@100,31683@100;31684@100;31685@100;31686@100;31687@100;31688@100;31689@100;31690@100,31683@100;31684@100;31685@100;31686@100;31687@100;31688@100;31689@100;31690@100,0,0,0,0,,,,
3216,戌狗,2,0,4,,TeamLv,0,,0,1,,4,10,7,0,0,0,0,0,0,0,0,0,0,0,0,0,0,31668@100,31679@100,31680@100,31681@100,31682@100,31683@100;31684@100;31685@100;31686@100;31687@100;31688@100;31689@100;31690@100,31683@100;31684@100;31685@100;31686@100;31687@100;31688@100;31689@100;31690@100,31683@100;31684@100;31685@100;31686@100;31687@100;31688@100;31689@100;31690@100,31683@100;31684@100;31685@100;31686@100;31687@100;31688@100;31689@100;31690@100,31683@100;31684@100;31685@100;31686@100;31687@100;31688@100;31689@100;31690@100,0,0,0,0,,,,
3217,酉鸡,2,0,5,,TeamLv,0,,0,1,,4,10,7,0,0,0,0,0,0,0,0,0,0,0,0,0,0,31669@100,31679@100,31680@100,31681@100,31682@100,31683@100;31684@100;31685@100;31686@100;31687@100;31688@100;31689@100;31690@100,31683@100;31684@100;31685@100;31686@100;31687@100;31688@100;31689@100;31690@100,31683@100;31684@100;31685@100;31686@100;31687@100;31688@100;31689@100;31690@100,31683@100;31684@100;31685@100;31686@100;31687@100;31688@100;31689@100;31690@100,31683@100;31684@100;31685@100;31686@100;31687@100;31688@100;31689@100;31690@100,0,0,0,0,,,,
3218,申猴,2,0,6,,TeamLv,0,,0,1,,4,10,7,0,0,0,0,0,0,0,0,0,0,0,0,0,0,31670@100,31679@100,31680@100,31681@100,31682@100,31683@100;31684@100;31685@100;31686@100;31687@100;31688@100;31689@100;31690@100,31683@100;31684@100;31685@100;31686@100;31687@100;31688@100;31689@100;31690@100,31683@100;31684@100;31685@100;31686@100;31687@100;31688@100;31689@100;31690@100,31683@100;31684@100;31685@100;31686@100;31687@100;31688@100;31689@100;31690@100,31683@100;31684@100;31685@100;31686@100;31687@100;31688@100;31689@100;31690@100,0,0,0,0,,,,
3219,未羊,2,0,7,,TeamLv,0,,0,1,,4,10,7,0,0,0,0,0,0,0,0,0,0,0,0,0,0,31671@100,31679@100,31680@100,31681@100,31682@100,31683@100;31684@100;31685@100;31686@100;31687@100;31688@100;31689@100;31690@100,31683@100;31684@100;31685@100;31686@100;31687@100;31688@100;31689@100;31690@100,31683@100;31684@100;31685@100;31686@100;31687@100;31688@100;31689@100;31690@100,31683@100;31684@100;31685@100;31686@100;31687@100;31688@100;31689@100;31690@100,31683@100;31684@100;31685@100;31686@100;31687@100;31688@100;31689@100;31690@100,0,0,0,0,,,,
3220,午马,2,0,8,,TeamLv,0,,0,1,,4,10,7,0,0,0,0,0,0,0,0,0,0,0,0,0,0,31672@100,31679@100,31680@100,31681@100,31682@100,31683@100;31684@100;31685@100;31686@100;31687@100;31688@100;31689@100;31690@100,31683@100;31684@100;31685@100;31686@100;31687@100;31688@100;31689@100;31690@100,31683@100;31684@100;31685@100;31686@100;31687@100;31688@100;31689@100;31690@100,31683@100;31684@100;31685@100;31686@100;31687@100;31688@100;31689@100;31690@100,31683@100;31684@100;31685@100;31686@100;31687@100;31688@100;31689@100;31690@100,0,0,0,0,,,,
3221,巳蛇,2,0,9,,TeamLv,0,,0,1,,4,10,7,0,0,0,0,0,0,0,0,0,0,0,0,0,0,31673@100,31679@100,31680@100,31681@100,31682@100,31683@100;31684@100;31685@100;31686@100;31687@100;31688@100;31689@100;31690@100,31683@100;31684@100;31685@100;31686@100;31687@100;31688@100;31689@100;31690@100,31683@100;31684@100;31685@100;31686@100;31687@100;31688@100;31689@100;31690@100,31683@100;31684@100;31685@100;31686@100;31687@100;31688@100;31689@100;31690@100,31683@100;31684@100;31685@100;31686@100;31687@100;31688@100;31689@100;31690@100,0,0,0,0,,,,
3222,辰龙,2,0,10,,TeamLv,0,,0,1,,4,10,7,0,0,0,0,0,0,0,0,0,0,0,0,0,0,31674@100,31679@100,31680@100,31681@100,31682@100,31683@100;31684@100;31685@100;31686@100;31687@100;31688@100;31689@100;31690@100,31683@100;31684@100;31685@100;31686@100;31687@100;31688@100;31689@100;31690@100,31683@100;31684@100;31685@100;31686@100;31687@100;31688@100;31689@100;31690@100,31683@100;31684@100;31685@100;31686@100;31687@100;31688@100;31689@100;31690@100,31683@100;31684@100;31685@100;31686@100;31687@100;31688@100;31689@100;31690@100,0,0,0,0,,,,
3223,卯兔,2,0,8,,TeamLv,0,,0,1,,4,10,7,0,0,0,0,0,0,0,0,0,0,0,0,0,0,31675@100,31679@100,31680@100,31681@100,31682@100,31683@100;31684@100;31685@100;31686@100;31687@100;31688@100;31689@100;31690@100,31683@100;31684@100;31685@100;31686@100;31687@100;31688@100;31689@100;31690@100,31683@100;31684@100;31685@100;31686@100;31687@100;31688@100;31689@100;31690@100,31683@100;31684@100;31685@100;31686@100;31687@100;31688@100;31689@100;31690@100,31683@100;31684@100;31685@100;31686@100;31687@100;31688@100;31689@100;31690@100,0,0,0,0,,,,
3224,寅虎,2,0,8,,TeamLv,0,,0,1,,4,10,7,0,0,0,0,0,0,0,0,0,0,0,0,0,0,31676@100,31679@100,31680@100,31681@100,31682@100,31683@100;31684@100;31685@100;31686@100;31687@100;31688@100;31689@100;31690@100,31683@100;31684@100;31685@100;31686@100;31687@100;31688@100;31689@100;31690@100,31683@100;31684@100;31685@100;31686@100;31687@100;31688@100;31689@100;31690@100,31683@100;31684@100;31685@100;31686@100;31687@100;31688@100;31689@100;31690@100,31683@100;31684@100;31685@100;31686@100;31687@100;31688@100;31689@100;31690@100,0,0,0,0,,,,
3225,丑牛,2,0,8,,TeamLv,0,,0,1,,4,10,7,0,0,0,0,0,0,0,0,0,0,0,0,0,0,31677@100,31679@100,31680@100,31681@100,31682@100,31683@100;31684@100;31685@100;31686@100;31687@100;31688@100;31689@100;31690@100,31683@100;31684@100;31685@100;31686@100;31687@100;31688@100;31689@100;31690@100,31683@100;31684@100;31685@100;31686@100;31687@100;31688@100;31689@100;31690@100,31683@100;31684@100;31685@100;31686@100;31687@100;31688@100;31689@100;31690@100,31683@100;31684@100;31685@100;31686@100;31687@100;31688@100;31689@100;31690@100,0,0,0,0,,,,
3226,子鼠,2,0,8,,TeamLv,0,,0,1,,4,10,7,0,0,0,0,0,0,0,0,0,0,0,0,0,0,31678@100,31679@100,31680@100,31681@100,31682@100,31683@100;31684@100;31685@100;31686@100;31687@100;31688@100;31689@100;31690@100,31683@100;31684@100;31685@100;31686@100;31687@100;31688@100;31689@100;31690@100,31683@100;31684@100;31685@100;31686@100;31687@100;31688@100;31689@100;31690@100,31683@100;31684@100;31685@100;31686@100;31687@100;31688@100;31689@100;31690@100,31683@100;31684@100;31685@100;31686@100;31687@100;31688@100;31689@100;31690@100,0,0,0,0,,,,
3227,东曜星官,2,0,8,,TeamLv,0,,0,1,,4,10,7,0,0,0,0,0,0,0,0,0,0,0,0,0,0,31691@100,31695@100,31696@100,31697@100,31698@100,31699@100,31700@100,31701@100,31667@100;31668@100;31669@100;31670@100;31671@100;31672@100;31673@100;31674@100;31675@100;31676@100;31677@100;31678@100,31667@100;31668@100;31669@100;31670@100;31671@100;31672@100;31673@100;31674@100;31675@100;31676@100;31677@100;31678@100,0,0,0,0,,,,
3228,西曜星官,2,0,8,,TeamLv,0,,0,1,,4,10,7,0,0,0,0,0,0,0,0,0,0,0,0,0,0,31692@100,31695@100,31696@100,31697@100,31698@100,31699@100,31700@100,31701@100,31667@100;31668@100;31669@100;31670@100;31671@100;31672@100;31673@100;31674@100;31675@100;31676@100;31677@100;31678@100,31667@100;31668@100;31669@100;31670@100;31671@100;31672@100;31673@100;31674@100;31675@100;31676@100;31677@100;31678@100,0,0,0,0,,,,
3229,南曜星官,2,0,8,,TeamLv,0,,0,1,,4,10,7,0,0,0,0,0,0,0,0,0,0,0,0,0,0,31693@100,31695@100,31696@100,31697@100,31698@100,31699@100,31700@100,31701@100,31667@100;31668@100;31669@100;31670@100;31671@100;31672@100;31673@100;31674@100;31675@100;31676@100;31677@100;31678@100,31667@100;31668@100;31669@100;31670@100;31671@100;31672@100;31673@100;31674@100;31675@100;31676@100;31677@100;31678@100,0,0,0,0,,,,
3230,北曜星官,2,0,8,,TeamLv,0,,0,1,,4,10,7,0,0,0,0,0,0,0,0,0,0,0,0,0,0,31694@100,31695@100,31696@100,31697@100,31698@100,31699@100,31700@100,31701@100,31667@100;31668@100;31669@100;31670@100;31671@100;31672@100;31673@100;31674@100;31675@100;31676@100;31677@100;31678@100,31667@100;31668@100;31669@100;31670@100;31671@100;31672@100;31673@100;31674@100;31675@100;31676@100;31677@100;31678@100,0,0,0,0,,,,
3231,九曜星官•金乌,2,0,8,,TeamLv,0,,0,1,,4,10,7,0,0,0,0,0,0,0,0,0,0,0,0,0,0,0,0,0,31707@100,31711@100,31708@100,31712@100,31706@100,31705@100,31706@100,31702@100,31709@100,31710@100,0,,,,
3232,九曜星官•罗侯,2,0,8,,TeamLv,0,,0,1,,4,10,7,0,0,0,0,0,0,0,0,0,0,0,0,0,0,0,0,0,31707@100,31711@100,31708@100,31712@100,31706@100,31705@100,31706@100,31703@100,31709@100,31710@100,0,,,,
3233,九曜星官•计都,2,0,8,,TeamLv,0,,0,1,,4,10,7,0,0,0,0,0,0,0,0,0,0,0,0,0,0,0,0,0,31707@100,31711@100,31708@100,31712@100,31706@100,31705@100,31706@100,31704@100,31709@100,31710@100,0,,,,
3234,虎阵-大唐1星,2,0,8,,TeamLv,0,,0,1,,0,10,7,0,0,0,0,0,0,0,0,0,0,0,0,0,0,0,0,0,34020@50;34021@50,34024@50;34021@50,34031@100,34032@100,34026@11;34027@11;34028@11;34033@11;34034@11;34035@11;34036@11;34037@11;34038@12,34026@34;34027@33;34028@33,34033@17;34034@17;34035@17;34036@17;34037@16;34038@16,0,34018@100,34022@100,34000@100,,,,
3235,风阵-大唐1星,2,0,8,,TeamLv,0,,0,1,,0,10,7,0,0,0,0,0,0,0,0,0,0,0,0,0,0,0,34018@100,34022@100,0,0,34031@100,34032@100,34026@11;34027@11;34028@11;34033@11;34034@11;34035@11;34036@11;34037@11;34038@12,34026@34;34027@33;34028@33,34033@17;34034@17;34035@17;34036@17;34037@16;34038@16,34001@100,34020@50;34021@50,34024@50;34021@50,0,,,,
3236,鸟阵-大唐1星,2,0,8,,TeamLv,0,,0,1,,0,10,7,0,0,0,0,0,0,0,0,0,0,0,0,0,0,34002@100,0,0,34020@50;34021@50,34024@50;34021@50,34031@100,34032@100,34026@11;34027@11;34028@11;34033@11;34034@11;34035@11;34036@11;34037@11;34038@12,34026@34;34027@33;34028@33,34033@17;34034@17;34035@17;34036@17;34037@16;34038@16,0,34018@100,34022@100,0,,,,
3237,虎阵-大唐1星,2,0,8,,TeamLv,0,,0,1,,0,10,7,0,0,0,0,0,0,0,0,0,0,0,0,0,0,0,0,0,34020@50;34021@50,34024@50;34021@50,34031@100,34032@100,34026@11;34027@11;34028@11;34033@11;34034@11;34035@11;34036@11;34037@11;34038@12,34026@34;34027@33;34028@33,34033@17;34034@17;34035@17;34036@17;34037@16;34038@16,0,34018@100,34022@100,34003@100,,,,
3238,风阵-大唐1星,2,0,8,,TeamLv,0,,0,1,,0,10,7,0,0,0,0,0,0,0,0,0,0,0,0,0,0,0,34018@100,34022@100,0,0,34031@100,34032@100,34026@11;34027@11;34028@11;34033@11;34034@11;34035@11;34036@11;34037@11;34038@12,34026@34;34027@33;34028@33,34033@17;34034@17;34035@17;34036@17;34037@16;34038@16,34004@100,34020@50;34021@50,34024@50;34021@50,0,,,,
3239,鸟阵-大唐1星,2,0,8,,TeamLv,0,,0,1,,0,10,7,0,0,0,0,0,0,0,0,0,0,0,0,0,0,34005@100,0,0,34020@50;34021@50,34024@50;34021@50,34031@100,34032@100,34026@11;34027@11;34028@11;34033@11;34034@11;34035@11;34036@11;34037@11;34038@12,34026@34;34027@33;34028@33,34033@17;34034@17;34035@17;34036@17;34037@16;34038@16,0,34018@100,34022@100,0,,,,
3240,虎阵-龙宫1星,2,0,8,,TeamLv,0,,0,1,,0,10,7,0,0,0,0,0,0,0,0,0,0,0,0,0,0,0,0,0,34020@50;34021@50,34024@50;34021@50,34031@100,34032@100,34026@11;34027@11;34028@11;34033@11;34034@11;34035@11;34036@11;34037@11;34038@12,34026@34;34027@33;34028@33,34033@17;34034@17;34035@17;34036@17;34037@16;34038@16,0,34018@100,34022@100,34006@100,,,,
3241,风阵-龙宫1星,2,0,8,,TeamLv,0,,0,1,,0,10,7,0,0,0,0,0,0,0,0,0,0,0,0,0,0,0,34018@100,34022@100,0,0,34031@100,34032@100,34026@11;34027@11;34028@11;34033@11;34034@11;34035@11;34036@11;34037@11;34038@12,34026@34;34027@33;34028@33,34033@17;34034@17;34035@17;34036@17;34037@16;34038@16,34007@100,34020@50;34021@50,34024@50;34021@50,0,,,,
3242,鸟阵-龙宫1星,2,0,8,,TeamLv,0,,0,1,,0,10,7,0,0,0,0,0,0,0,0,0,0,0,0,0,0,34008@100,0,0,34020@50;34021@50,34024@50;34021@50,34031@100,34032@100,34026@11;34027@11;34028@11;34033@11;34034@11;34035@11;34036@11;34037@11;34038@12,34026@34;34027@33;34028@33,34033@17;34034@17;34035@17;34036@17;34037@16;34038@16,0,34018@100,34022@100,0,,,,
3243,虎阵-月宫1星,2,0,8,,TeamLv,0,,0,1,,0,10,7,0,0,0,0,0,0,0,0,0,0,0,0,0,0,0,0,0,34020@50;34021@50,34024@50;34021@50,34031@100,34032@100,34026@11;34027@11;34028@11;34033@11;34034@11;34035@11;34036@11;34037@11;34038@12,34026@34;34027@33;34028@33,34033@17;34034@17;34035@17;34036@17;34037@16;34038@16,0,34018@100,34022@100,34009@100,,,,
3244,风阵-月宫1星,2,0,8,,TeamLv,0,,0,1,,0,10,7,0,0,0,0,0,0,0,0,0,0,0,0,0,0,0,34018@100,34022@100,0,0,34031@100,34032@100,34026@11;34027@11;34028@11;34033@11;34034@11;34035@11;34036@11;34037@11;34038@12,34026@34;34027@33;34028@33,34033@17;34034@17;34035@17;34036@17;34037@16;34038@16,34010@100,34020@50;34021@50,34024@50;34021@50,0,,,,
3245,鸟阵-月宫1星,2,0,8,,TeamLv,0,,0,1,,0,10,7,0,0,0,0,0,0,0,0,0,0,0,0,0,0,34011@100,0,0,34020@50;34021@50,34024@50;34021@50,34031@100,34032@100,34026@11;34027@11;34028@11;34033@11;34034@11;34035@11;34036@11;34037@11;34038@12,34026@34;34027@33;34028@33,34033@17;34034@17;34035@17;34036@17;34037@16;34038@16,0,34018@100,34022@100,0,,,,
3246,虎阵-魔王1星,2,0,8,,TeamLv,0,,0,1,,0,10,7,0,0,0,0,0,0,0,0,0,0,0,0,0,0,0,0,0,34020@50;34021@50,34024@50;34021@50,34031@100,34032@100,34026@11;34027@11;34028@11;34033@11;34034@11;34035@11;34036@11;34037@11;34038@12,34026@34;34027@33;34028@33,34033@17;34034@17;34035@17;34036@17;34037@16;34038@16,0,34018@100,34022@100,34012@100,,,,
3247,风阵-魔王1星,2,0,8,,TeamLv,0,,0,1,,0,10,7,0,0,0,0,0,0,0,0,0,0,0,0,0,0,0,34018@100,34022@100,0,0,34031@100,34032@100,34026@11;34027@11;34028@11;34033@11;34034@11;34035@11;34036@11;34037@11;34038@12,34026@34;34027@33;34028@33,34033@17;34034@17;34035@17;34036@17;34037@16;34038@16,34013@100,34020@50;34021@50,34024@50;34021@50,0,,,,
3248,鸟阵-魔王1星,2,0,8,,TeamLv,0,,0,1,,0,10,7,0,0,0,0,0,0,0,0,0,0,0,0,0,0,34014@100,0,0,34020@50;34021@50,34024@50;34021@50,34031@100,34032@100,34026@11;34027@11;34028@11;34033@11;34034@11;34035@11;34036@11;34037@11;34038@12,34026@34;34027@33;34028@33,34033@17;34034@17;34035@17;34036@17;34037@16;34038@16,0,34018@100,34022@100,0,,,,
3249,虎阵-狮驼1星,2,0,8,,TeamLv,0,,0,1,,0,10,7,0,0,0,0,0,0,0,0,0,0,0,0,0,0,0,0,0,34020@50;34021@50,34024@50;34021@50,34031@100,34032@100,34026@11;34027@11;34028@11;34033@11;34034@11;34035@11;34036@11;34037@11;34038@12,34026@34;34027@33;34028@33,34033@17;34034@17;34035@17;34036@17;34037@16;34038@16,0,34018@100,34022@100,34015@100,,,,
3250,风阵-狮驼1星,2,0,8,,TeamLv,0,,0,1,,0,10,7,0,0,0,0,0,0,0,0,0,0,0,0,0,0,0,34018@100,34022@100,0,0,34031@100,34032@100,34026@11;34027@11;34028@11;34033@11;34034@11;34035@11;34036@11;34037@11;34038@12,34026@34;34027@33;34028@33,34033@17;34034@17;34035@17;34036@17;34037@16;34038@16,34016@100,34020@50;34021@50,34024@50;34021@50,0,,,,
3251,地煞2星-剑侠客,2,0,8,,TeamLv,0,,0,1,,0,10,7,0,0,0,0,0,0,0,0,0,0,0,0,0,0,0,0,0,34120@50;34121@50,34124@50;34121@50,34131@100,34132@100,34126@11;34127@11;34128@11;34133@11;34134@11;34135@11;34136@11;34137@11;34138@12,34126@34;34127@33;34128@33,34133@17;34134@17;34135@17;34136@17;34137@16;34138@16,0,34118@100,34122@100,34100@100,,,,
3252,地煞2星-逍遥生,2,0,8,,TeamLv,0,,0,1,,0,10,7,0,0,0,0,0,0,0,0,0,0,0,0,0,0,0,34118@100,34122@100,0,0,34131@100,34132@100,34126@11;34127@11;34128@11;34133@11;34134@11;34135@11;34136@11;34137@11;34138@12,34126@34;34127@33;34128@33,34133@17;34134@17;34135@17;34136@17;34137@16;34138@16,34101@100,34120@50;34121@50,34124@50;34121@50,0,,,,
3253,地煞2星-漠少君,2,0,8,,TeamLv,0,,0,1,,0,10,7,0,0,0,0,0,0,0,0,0,0,0,0,0,0,34102@100,0,0,34120@50;34121@50,34124@50;34121@50,34131@100,34132@100,34126@11;34127@11;34128@11;34133@11;34134@11;34135@11;34136@11;34137@11;34138@12,34126@34;34127@33;34128@33,34133@17;34134@17;34135@17;34136@17;34137@16;34138@16,0,34118@100,34122@100,0,,,,
3254,地煞2星-飞燕女,2,0,8,,TeamLv,0,,0,1,,0,10,7,0,0,0,0,0,0,0,0,0,0,0,0,0,0,0,0,0,34120@50;34121@50,34124@50;34121@50,34131@100,34132@100,34126@11;34127@11;34128@11;34133@11;34134@11;34135@11;34136@11;34137@11;34138@12,34126@34;34127@33;34128@33,34133@17;34134@17;34135@17;34136@17;34137@16;34138@16,0,34118@100,34122@100,34103@100,,,,
3255,地煞2星-英女侠,2,0,8,,TeamLv,0,,0,1,,0,10,7,0,0,0,0,0,0,0,0,0,0,0,0,0,0,0,34118@100,34122@100,0,0,34131@100,34132@100,34126@11;34127@11;34128@11;34133@11;34134@11;34135@11;34136@11;34137@11;34138@12,34126@34;34127@33;34128@33,34133@17;34134@17;34135@17;34136@17;34137@16;34138@16,34104@100,34120@50;34121@50,34124@50;34121@50,0,,,,
3256,地煞2星-巫蛮儿,2,0,8,,TeamLv,0,,0,1,,0,10,7,0,0,0,0,0,0,0,0,0,0,0,0,0,0,34105@100,0,0,34120@50;34121@50,34124@50;34121@50,34131@100,34132@100,34126@11;34127@11;34128@11;34133@11;34134@11;34135@11;34136@11;34137@11;34138@12,34126@34;34127@33;34128@33,34133@17;34134@17;34135@17;34136@17;34137@16;34138@16,0,34118@100,34122@100,0,,,,
3257,地煞2星-龙太子,2,0,8,,TeamLv,0,,0,1,,0,10,7,0,0,0,0,0,0,0,0,0,0,0,0,0,0,0,0,0,34120@50;34121@50,34124@50;34121@50,34131@100,34132@100,34126@11;34127@11;34128@11;34133@11;34134@11;34135@11;34136@11;34137@11;34138@12,34126@34;34127@33;34128@33,34133@17;34134@17;34135@17;34136@17;34137@16;34138@16,0,34118@100,34122@100,34106@100,,,,
3258,地煞2星-神天兵,2,0,8,,TeamLv,0,,0,1,,0,10,7,0,0,0,0,0,0,0,0,0,0,0,0,0,0,0,34118@100,34122@100,0,0,34131@100,34132@100,34126@11;34127@11;34128@11;34133@11;34134@11;34135@11;34136@11;34137@11;34138@12,34126@34;34127@33;34128@33,34133@17;34134@17;34135@17;34136@17;34137@16;34138@16,34107@100,34120@50;34121@50,34124@50;34121@50,0,,,,
3259,地煞2星-羽灵神,2,0,8,,TeamLv,0,,0,1,,0,10,7,0,0,0,0,0,0,0,0,0,0,0,0,0,0,34108@100,0,0,34120@50;34121@50,34124@50;34121@50,34131@100,34132@100,34126@11;34127@11;34128@11;34133@11;34134@11;34135@11;34136@11;34137@11;34138@12,34126@34;34127@33;34128@33,34133@17;34134@17;34135@17;34136@17;34137@16;34138@16,0,34118@100,34122@100,0,,,,
3260,地煞2星-舞天姬,2,0,8,,TeamLv,0,,0,1,,0,10,7,0,0,0,0,0,0,0,0,0,0,0,0,0,0,0,0,0,34120@50;34121@50,34124@50;34121@50,34131@100,34132@100,34126@11;34127@11;34128@11;34133@11;34134@11;34135@11;34136@11;34137@11;34138@12,34126@34;34127@33;34128@33,34133@17;34134@17;34135@17;34136@17;34137@16;34138@16,0,34118@100,34122@100,34109@100,,,,
3261,地煞2星-梦玲珑,2,0,8,,TeamLv,0,,0,1,,0,10,7,0,0,0,0,0,0,0,0,0,0,0,0,0,0,0,34118@100,34122@100,0,0,34131@100,34132@100,34126@11;34127@11;34128@11;34133@11;34134@11;34135@11;34136@11;34137@11;34138@12,34126@34;34127@33;34128@33,34133@17;34134@17;34135@17;34136@17;34137@16;34138@16,34110@100,34120@50;34121@50,34124@50;34121@50,0,,,,
3262,地煞2星-玄彩娥,2,0,8,,TeamLv,0,,0,1,,0,10,7,0,0,0,0,0,0,0,0,0,0,0,0,0,0,34111@100,0,0,34120@50;34121@50,34124@50;34121@50,34131@100,34132@100,34126@11;34127@11;34128@11;34133@11;34134@11;34135@11;34136@11;34137@11;34138@12,34126@34;34127@33;34128@33,34133@17;34134@17;34135@17;34136@17;34137@16;34138@16,0,34118@100,34122@100,0,,,,
3263,地煞2星-杀破狼,2,0,8,,TeamLv,0,,0,1,,0,10,7,0,0,0,0,0,0,0,0,0,0,0,0,0,0,0,0,0,34120@50;34121@50,34124@50;34121@50,34131@100,34132@100,34126@11;34127@11;34128@11;34133@11;34134@11;34135@11;34136@11;34137@11;34138@12,34126@34;34127@33;34128@33,34133@17;34134@17;34135@17;34136@17;34137@16;34138@16,0,34118@100,34122@100,34112@100,,,,
3264,地煞2星-虎头怪,2,0,8,,TeamLv,0,,0,1,,0,10,7,0,0,0,0,0,0,0,0,0,0,0,0,0,0,0,34118@100,34122@100,0,0,34131@100,34132@100,34126@11;34127@11;34128@11;34133@11;34134@11;34135@11;34136@11;34137@11;34138@12,34126@34;34127@33;34128@33,34133@17;34134@17;34135@17;34136@17;34137@16;34138@16,34113@100,34120@50;34121@50,34124@50;34121@50,0,,,,
3265,地煞2星-巨魔王,2,0,8,,TeamLv,0,,0,1,,0,10,7,0,0,0,0,0,0,0,0,0,0,0,0,0,0,34114@100,0,0,34120@50;34121@50,34124@50;34121@50,34131@100,34132@100,34126@11;34127@11;34128@11;34133@11;34134@11;34135@11;34136@11;34137@11;34138@12,34126@34;34127@33;34128@33,34133@17;34134@17;34135@17;34136@17;34137@16;34138@16,0,34118@100,34122@100,0,,,,
3266,地煞2星-骨精灵,2,0,8,,TeamLv,0,,0,1,,0,10,7,0,0,0,0,0,0,0,0,0,0,0,0,0,0,0,0,0,34120@50;34121@50,34124@50;34121@50,34131@100,34132@100,34126@11;34127@11;34128@11;34133@11;34134@11;34135@11;34136@11;34137@11;34138@12,34126@34;34127@33;34128@33,34133@17;34134@17;34135@17;34136@17;34137@16;34138@16,0,34118@100,34122@100,34115@100,,,,
3267,地煞2星-狐美人,2,0,8,,TeamLv,0,,0,1,,0,10,7,0,0,0,0,0,0,0,0,0,0,0,0,0,0,0,34118@100,34122@100,0,0,34131@100,34132@100,34126@11;34127@11;34128@11;34133@11;34134@11;34135@11;34136@11;34137@11;34138@12,34126@34;34127@33;34128@33,34133@17;34134@17;34135@17;34136@17;34137@16;34138@16,34116@100,34120@50;34121@50,34124@50;34121@50,0,,,,
3268,地煞3星-剑侠客,2,0,8,,TeamLv,0,,0,1,,0,10,7,0,0,0,0,0,0,0,0,0,0,0,0,0,0,0,0,0,34220@50;34221@50,34224@50;34221@50,34231@100,34232@100,34226@11;34227@11;34228@11;34233@11;34234@11;34235@11;34236@11;34237@11;34238@12,34226@34;34227@33;34228@33,34233@17;34234@17;34235@17;34236@17;34237@16;34238@16,0,34218@100,34222@100,34200@100,,,,
3269,地煞3星-逍遥生,2,0,8,,TeamLv,0,,0,1,,0,10,7,0,0,0,0,0,0,0,0,0,0,0,0,0,0,0,34218@100,34222@100,0,0,34231@100,34232@100,34226@11;34227@11;34228@11;34233@11;34234@11;34235@11;34236@11;34237@11;34238@12,34226@34;34227@33;34228@33,34233@17;34234@17;34235@17;34236@17;34237@16;34238@16,34201@100,34220@50;34221@50,34224@50;34221@50,0,,,,
3270,地煞3星-漠少君,2,0,8,,TeamLv,0,,0,1,,0,10,7,0,0,0,0,0,0,0,0,0,0,0,0,0,0,34202@100,0,0,34220@50;34221@50,34224@50;34221@50,34231@100,34232@100,34226@11;34227@11;34228@11;34233@11;34234@11;34235@11;34236@11;34237@11;34238@12,34226@34;34227@33;34228@33,34233@17;34234@17;34235@17;34236@17;34237@16;34238@16,0,34218@100,34222@100,0,,,,
3271,地煞3星-飞燕女,2,0,8,,TeamLv,0,,0,1,,0,10,7,0,0,0,0,0,0,0,0,0,0,0,0,0,0,0,0,0,34220@50;34221@50,34224@50;34221@50,34231@100,34232@100,34226@11;34227@11;34228@11;34233@11;34234@11;34235@11;34236@11;34237@11;34238@12,34226@34;34227@33;34228@33,34233@17;34234@17;34235@17;34236@17;34237@16;34238@16,0,34218@100,34222@100,34203@100,,,,
3272,地煞3星-英女侠,2,0,8,,TeamLv,0,,0,1,,0,10,7,0,0,0,0,0,0,0,0,0,0,0,0,0,0,0,34218@100,34222@100,0,0,34231@100,34232@100,34226@11;34227@11;34228@11;34233@11;34234@11;34235@11;34236@11;34237@11;34238@12,34226@34;34227@33;34228@33,34233@17;34234@17;34235@17;34236@17;34237@16;34238@16,34204@100,34220@50;34221@50,34224@50;34221@50,0,,,,
3273,地煞3星-巫蛮儿,2,0,8,,TeamLv,0,,0,1,,0,10,7,0,0,0,0,0,0,0,0,0,0,0,0,0,0,34205@100,0,0,34220@50;34221@50,34224@50;34221@50,34231@100,34232@100,34226@11;34227@11;34228@11;34233@11;34234@11;34235@11;34236@11;34237@11;34238@12,34226@34;34227@33;34228@33,34233@17;34234@17;34235@17;34236@17;34237@16;34238@16,0,34218@100,34222@100,0,,,,
3274,地煞3星-龙太子,2,0,3,,TeamLv,0,,0,1,,0,10,7,0,0,0,0,0,0,0,0,0,0,0,0,0,0,0,0,0,34220@50;34221@50,34224@50;34221@50,34231@100,34232@100,34226@11;34227@11;34228@11;34233@11;34234@11;34235@11;34236@11;34237@11;34238@12,34226@34;34227@33;34228@33,34233@17;34234@17;34235@17;34236@17;34237@16;34238@16,0,34218@100,34222@100,34206@100,,,,
3275,地煞3星-神天兵,2,0,3,,TeamLv,0,,0,1,,0,10,7,0,0,0,0,0,0,0,0,0,0,0,0,0,0,0,34218@100,34222@100,0,0,34231@100,34232@100,34226@11;34227@11;34228@11;34233@11;34234@11;34235@11;34236@11;34237@11;34238@12,34226@34;34227@33;34228@33,34233@17;34234@17;34235@17;34236@17;34237@16;34238@16,34207@100,34220@50;34221@50,34224@50;34221@50,0,,,,
3276,地煞3星-羽灵神,2,0,3,,TeamLv,0,,0,1,,0,10,7,0,0,0,0,0,0,0,0,0,0,0,0,0,0,34208@100,0,0,34220@50;34221@50,34224@50;34221@50,34231@100,34232@100,34226@11;34227@11;34228@11;34233@11;34234@11;34235@11;34236@11;34237@11;34238@12,34226@34;34227@33;34228@33,34233@17;34234@17;34235@17;34236@17;34237@16;34238@16,0,34218@100,34222@100,0,,,,
3277,地煞3星-舞天姬,2,0,3,,TeamLv,0,,0,1,,0,10,7,0,0,0,0,0,0,0,0,0,0,0,0,0,0,0,0,0,34220@50;34221@50,34224@50;34221@50,34231@100,34232@100,34226@11;34227@11;34228@11;34233@11;34234@11;34235@11;34236@11;34237@11;34238@12,34226@34;34227@33;34228@33,34233@17;34234@17;34235@17;34236@17;34237@16;34238@16,0,34218@100,34222@100,34209@100,16;17;18;19;20;21;22;23;24,,,
3278,地煞3星-梦玲珑,2,0,3,,TeamLv,0,,0,1,,0,10,7,0,0,0,0,0,0,0,0,0,0,0,0,0,0,0,34218@100,34222@100,0,0,34231@100,34232@100,34226@11;34227@11;34228@11;34233@11;34234@11;34235@11;34236@11;34237@11;34238@12,34226@34;34227@33;34228@33,34233@17;34234@17;34235@17;34236@17;34237@16;34238@16,34210@100,34220@50;34221@50,34224@50;34221@50,0,,,,
3279,地煞3星-玄彩娥,2,0,3,,TeamLv,0,,0,1,,0,10,7,0,0,0,0,0,0,0,0,0,0,0,0,0,0,34211@100,0,0,34220@50;34221@50,34224@50;34221@50,34231@100,34232@100,34226@11;34227@11;34228@11;34233@11;34234@11;34235@11;34236@11;34237@11;34238@12,34226@34;34227@33;34228@33,34233@17;34234@17;34235@17;34236@17;34237@16;34238@16,0,34218@100,34222@100,0,,,,
3280,地煞3星-杀破狼,2,0,3,,TeamLv,0,,0,1,,0,10,7,0,0,0,0,0,0,0,0,0,0,0,0,0,0,0,0,0,34220@50;34221@50,34224@50;34221@50,34231@100,34232@100,34226@11;34227@11;34228@11;34233@11;34234@11;34235@11;34236@11;34237@11;34238@12,34226@34;34227@33;34228@33,34233@17;34234@17;34235@17;34236@17;34237@16;34238@16,0,34218@100,34222@100,34212@100,,,,
3281,地煞3星-虎头怪,2,0,3,,TeamLv,0,,0,1,,0,10,7,0,0,0,0,0,0,0,0,0,0,0,0,0,0,0,34218@100,34222@100,0,0,34231@100,34232@100,34226@11;34227@11;34228@11;34233@11;34234@11;34235@11;34236@11;34237@11;34238@12,34226@34;34227@33;34228@33,34233@17;34234@17;34235@17;34236@17;34237@16;34238@16,34213@100,34220@50;34221@50,34224@50;34221@50,0,,,,
3282,地煞3星-巨魔王,2,0,3,,TeamLv,0,,0,1,,0,10,7,0,0,0,0,0,0,0,0,0,0,0,0,0,0,34214@100,0,0,34220@50;34221@50,34224@50;34221@50,34231@100,34232@100,34226@11;34227@11;34228@11;34233@11;34234@11;34235@11;34236@11;34237@11;34238@12,34226@34;34227@33;34228@33,34233@17;34234@17;34235@17;34236@17;34237@16;34238@16,0,34218@100,34222@100,0,,,,
3283,地煞3星-骨精灵,2,0,3,,TeamLv,0,,0,1,,0,10,7,0,0,0,0,0,0,0,0,0,0,0,0,0,0,0,0,0,34220@50;34221@50,34224@50;34221@50,34231@100,34232@100,34226@11;34227@11;34228@11;34233@11;34234@11;34235@11;34236@11;34237@11;34238@12,34226@34;34227@33;34228@33,34233@17;34234@17;34235@17;34236@17;34237@16;34238@16,0,34218@100,34222@100,34215@100,,,,
3284,地煞3星-狐美人,2,0,1,,TeamLv,0,,0,1,,0,10,7,0,0,0,0,0,0,0,0,0,0,0,0,0,0,0,34218@100,34222@100,0,0,34231@100,34232@100,34226@11;34227@11;34228@11;34233@11;34234@11;34235@11;34236@11;34237@11;34238@12,34226@34;34227@33;34228@33,34233@17;34234@17;34235@17;34236@17;34237@16;34238@16,34216@100,34220@50;34221@50,34224@50;34221@50,0,,,,
3285,地煞4星-剑侠客,2,0,1,,TeamLv,0,,0,1,,0,10,7,0,0,0,0,0,0,0,0,0,0,0,0,0,0,0,0,0,34320@50;34321@50,34324@50;34321@50,34331@100,34332@100,34326@11;34327@11;34328@11;34333@11;34334@11;34335@11;34336@11;34337@11;34338@12,34326@34;34327@33;34328@33,34333@17;34334@17;34335@17;34336@17;34337@16;34338@16,0,34318@100,34322@100,34300@100,,,,
3286,地煞4星-逍遥生,2,0,1,,TeamLv,0,,0,1,,0,10,7,0,0,0,0,0,0,0,0,0,0,0,0,0,0,0,34318@100,34322@100,0,0,34331@100,34332@100,34326@11;34327@11;34328@11;34333@11;34334@11;34335@11;34336@11;34337@11;34338@12,34326@34;34327@33;34328@33,34333@17;34334@17;34335@17;34336@17;34337@16;34338@16,34301@100,34320@50;34321@50,34324@50;34321@50,0,,,,
3289,地煞4星-漠少君,2,0,1,,TeamLv,0,,0,1,,0,10,7,0,0,0,0,0,0,0,0,0,0,0,0,0,0,34302@100,0,0,34320@50;34321@50,34324@50;34321@50,34331@100,34332@100,34326@11;34327@11;34328@11;34333@11;34334@11;34335@11;34336@11;34337@11;34338@12,34326@34;34327@33;34328@33,34333@17;34334@17;34335@17;34336@17;34337@16;34338@16,0,34318@100,34322@100,0,,,,
3290,地煞4星-飞燕女,2,0,1,,TeamLv,0,,0,1,,0,10,7,0,0,0,0,0,0,0,0,0,0,0,0,0,0,0,0,0,34320@50;34321@50,34324@50;34321@50,34331@100,34332@100,34326@11;34327@11;34328@11;34333@11;34334@11;34335@11;34336@11;34337@11;34338@12,34326@34;34327@33;34328@33,34333@17;34334@17;34335@17;34336@17;34337@16;34338@16,0,34318@100,34322@100,34303@100,,,,
3291,地煞4星-英女侠,2,0,1,,TeamLv,0,,0,1,,0,10,7,0,0,0,0,0,0,0,0,0,0,0,0,0,0,0,34318@100,34322@100,0,0,34331@100,34332@100,34326@11;34327@11;34328@11;34333@11;34334@11;34335@11;34336@11;34337@11;34338@12,34326@34;34327@33;34328@33,34333@17;34334@17;34335@17;34336@17;34337@16;34338@16,34304@100,34320@50;34321@50,34324@50;34321@50,0,,,,
3292,地煞4星-巫蛮儿,2,0,1,,TeamLv,0,,0,1,,0,10,7,0,0,0,0,0,0,0,0,0,0,0,0,0,0,34305@100,0,0,34320@50;34321@50,34324@50;34321@50,34331@100,34332@100,34326@11;34327@11;34328@11;34333@11;34334@11;34335@11;34336@11;34337@11;34338@12,34326@34;34327@33;34328@33,34333@17;34334@17;34335@17;34336@17;34337@16;34338@16,0,34318@100,34322@100,0,,,,
3293,地煞4星-龙太子,2,0,1,,TeamLv,0,,0,1,,0,10,7,0,0,0,0,0,0,0,0,0,0,0,0,0,0,0,0,0,34320@50;34321@50,34324@50;34321@50,34331@100,34332@100,34326@11;34327@11;34328@11;34333@11;34334@11;34335@11;34336@11;34337@11;34338@12,34326@34;34327@33;34328@33,34333@17;34334@17;34335@17;34336@17;34337@16;34338@16,0,34318@100,34322@100,34306@100,,,,
3294,地煞4星-神天兵,2,0,1,,TeamLv,0,,0,1,,0,10,7,0,0,0,0,0,0,0,0,0,0,0,0,0,0,0,34318@100,34322@100,0,0,34331@100,34332@100,34326@11;34327@11;34328@11;34333@11;34334@11;34335@11;34336@11;34337@11;34338@12,34326@34;34327@33;34328@33,34333@17;34334@17;34335@17;34336@17;34337@16;34338@16,34307@100,34320@50;34321@50,34324@50;34321@50,0,,,,
3287,地煞4星-羽灵神,2,0,3,,TeamLv,0,,0,1,,0,10,7,0,0,0,0,0,0,0,0,0,0,0,0,0,0,34308@100,0,0,34320@50;34321@50,34324@50;34321@50,34331@100,34332@100,34326@11;34327@11;34328@11;34333@11;34334@11;34335@11;34336@11;34337@11;34338@12,34326@34;34327@33;34328@33,34333@17;34334@17;34335@17;34336@17;34337@16;34338@16,0,34318@100,34322@100,0,20;21;22;23,,,
3288,地煞4星-舞天姬,2,0,3,,TeamLv,0,,0,1,,0,10,7,0,0,0,0,0,0,0,0,0,0,0,0,0,0,0,0,0,34320@50;34321@50,34324@50;34321@50,34331@100,34332@100,34326@11;34327@11;34328@11;34333@11;34334@11;34335@11;34336@11;34337@11;34338@12,34326@34;34327@33;34328@33,34333@17;34334@17;34335@17;34336@17;34337@16;34338@16,0,34318@100,34322@100,34309@100,,,,
3300,地煞4星-梦玲珑,2,0,3,,TeamLv,0,,0,1,,0,10,7,0,0,0,0,0,0,0,0,0,0,0,0,0,0,0,34318@100,34322@100,0,0,34331@100,34332@100,34326@11;34327@11;34328@11;34333@11;34334@11;34335@11;34336@11;34337@11;34338@12,34326@34;34327@33;34328@33,34333@17;34334@17;34335@17;34336@17;34337@16;34338@16,34310@100,34320@50;34321@50,34324@50;34321@50,0,16;17;18;19;20;21;22;23;24,,,
3301,地煞4星-玄彩娥,2,0,3,,TeamLv,0,,0,1,,0,10,7,0,0,0,0,0,0,0,0,0,0,0,0,0,0,34311@100,0,0,34320@50;34321@50,34324@50;34321@50,34331@100,34332@100,34326@11;34327@11;34328@11;34333@11;34334@11;34335@11;34336@11;34337@11;34338@12,34326@34;34327@33;34328@33,34333@17;34334@17;34335@17;34336@17;34337@16;34338@16,0,34318@100,34322@100,0,,,,
3302,地煞4星-杀破狼,2,0,4,,TeamLv,0,,0,1,,0,10,7,0,0,0,0,0,0,0,0,0,0,0,0,0,0,0,0,0,34320@50;34321@50,34324@50;34321@50,34331@100,34332@100,34326@11;34327@11;34328@11;34333@11;34334@11;34335@11;34336@11;34337@11;34338@12,34326@34;34327@33;34328@33,34333@17;34334@17;34335@17;34336@17;34337@16;34338@16,0,34318@100,34322@100,34312@100,,,,
3303,地煞4星-虎头怪,2,0,5,,TeamLv,0,,0,1,,0,10,7,0,0,0,0,0,0,0,0,0,0,0,0,0,0,0,34318@100,34322@100,0,0,34331@100,34332@100,34326@11;34327@11;34328@11;34333@11;34334@11;34335@11;34336@11;34337@11;34338@12,34326@34;34327@33;34328@33,34333@17;34334@17;34335@17;34336@17;34337@16;34338@16,34313@100,34320@50;34321@50,34324@50;34321@50,0,,,,
3304,地煞4星-巨魔王,2,0,6,,TeamLv,0,,0,1,,0,10,7,0,0,0,0,0,0,0,0,0,0,0,0,0,0,34314@100,0,0,34320@50;34321@50,34324@50;34321@50,34331@100,34332@100,34326@11;34327@11;34328@11;34333@11;34334@11;34335@11;34336@11;34337@11;34338@12,34326@34;34327@33;34328@33,34333@17;34334@17;34335@17;34336@17;34337@16;34338@16,0,34318@100,34322@100,0,,,,
3310,地煞4星-骨精灵,2,0,2,,TeamLv,0,,0,1,,0,10,7,0,0,0,0,0,0,0,0,0,0,0,0,0,0,0,0,0,34320@50;34321@50,34324@50;34321@50,34331@100,34332@100,34326@11;34327@11;34328@11;34333@11;34334@11;34335@11;34336@11;34337@11;34338@12,34326@34;34327@33;34328@33,34333@17;34334@17;34335@17;34336@17;34337@16;34338@16,0,34318@100,34322@100,34315@100,,,,
3311,地煞4星-狐美人,2,0,3,,TeamLv,0,,0,1,,0,10,7,0,0,0,0,0,0,0,0,0,0,0,0,0,0,0,34318@100,34322@100,0,0,34331@100,34332@100,34326@11;34327@11;34328@11;34333@11;34334@11;34335@11;34336@11;34337@11;34338@12,34326@34;34327@33;34328@33,34333@17;34334@17;34335@17;34336@17;34337@16;34338@16,34316@100,34320@50;34321@50,34324@50;34321@50,0,,,,
3312,地煞5星-剑侠客,2,0,4,,TeamLv,0,,0,1,,0,10,7,0,0,0,0,0,0,0,0,0,0,0,0,0,0,0,0,0,34420@50;34421@50,34424@50;34421@50,34431@100,34432@100,34426@11;34427@11;34428@11;34433@11;34434@11;34435@11;34436@11;34437@11;34438@12,34426@34;34427@33;34428@33,34433@17;34434@17;34435@17;34436@17;34437@16;34438@16,0,34418@100,34422@100,34400@100,,,,
3313,地煞5星-逍遥生,2,0,5,,TeamLv,0,,0,1,,0,10,7,0,0,0,0,0,0,0,0,0,0,0,0,0,0,0,34418@100,34422@100,0,0,34431@100,34432@100,34426@11;34427@11;34428@11;34433@11;34434@11;34435@11;34436@11;34437@11;34438@12,34426@34;34427@33;34428@33,34433@17;34434@17;34435@17;34436@17;34437@16;34438@16,34401@100,34420@50;34421@50,34424@50;34421@50,0,,,,
3319,地煞5星-漠少君,2,0,1,,TeamLv,0,,0,1,,0,10,7,0,0,0,0,0,0,0,0,0,0,0,0,0,0,34402@100,0,0,34420@50;34421@50,34424@50;34421@50,34431@100,34432@100,34426@11;34427@11;34428@11;34433@11;34434@11;34435@11;34436@11;34437@11;34438@12,34426@34;34427@33;34428@33,34433@17;34434@17;34435@17;34436@17;34437@16;34438@16,0,34418@100,34422@100,0,,,,
3320,地煞5星-飞燕女,2,0,2,,TeamLv,0,,0,1,,0,10,7,0,0,0,0,0,0,0,0,0,0,0,0,0,0,0,0,0,34420@50;34421@50,34424@50;34421@50,34431@100,34432@100,34426@11;34427@11;34428@11;34433@11;34434@11;34435@11;34436@11;34437@11;34438@12,34426@34;34427@33;34428@33,34433@17;34434@17;34435@17;34436@17;34437@16;34438@16,0,34418@100,34422@100,34403@100,,,,
3321,地煞5星-英女侠,2,0,3,,TeamLv,0,,0,1,,0,10,7,0,0,0,0,0,0,0,0,0,0,0,0,0,0,0,34418@100,34422@100,0,0,34431@100,34432@100,34426@11;34427@11;34428@11;34433@11;34434@11;34435@11;34436@11;34437@11;34438@12,34426@34;34427@33;34428@33,34433@17;34434@17;34435@17;34436@17;34437@16;34438@16,34404@100,34420@50;34421@50,34424@50;34421@50,0,,,,
3322,地煞5星-巫蛮儿,2,0,4,,TeamLv,0,,0,1,,0,10,7,0,0,0,0,0,0,0,0,0,0,0,0,0,0,34405@100,0,0,34420@50;34421@50,34424@50;34421@50,34431@100,34432@100,34426@11;34427@11;34428@11;34433@11;34434@11;34435@11;34436@11;34437@11;34438@12,34426@34;34427@33;34428@33,34433@17;34434@17;34435@17;34436@17;34437@16;34438@16,0,34418@100,34422@100,0,,,,
3328,地煞5星-龙太子,2,0,10,,TeamLv,0,,0,1,,0,10,7,0,0,0,0,0,0,0,0,0,0,0,0,0,0,0,0,0,34420@50;34421@50,34424@50;34421@50,34431@100,34432@100,34426@11;34427@11;34428@11;34433@11;34434@11;34435@11;34436@11;34437@11;34438@12,34426@34;34427@33;34428@33,34433@17;34434@17;34435@17;34436@17;34437@16;34438@16,0,34418@100,34422@100,34406@100,,,,
3329,地煞5星-神天兵,2,0,1,,TeamLv,0,,0,1,,0,10,7,0,0,0,0,0,0,0,0,0,0,0,0,0,0,0,34418@100,34422@100,0,0,34431@100,34432@100,34426@11;34427@11;34428@11;34433@11;34434@11;34435@11;34436@11;34437@11;34438@12,34426@34;34427@33;34428@33,34433@17;34434@17;34435@17;34436@17;34437@16;34438@16,34407@100,34420@50;34421@50,34424@50;34421@50,0,,,,
3330,地煞5星-羽灵神,2,0,2,,TeamLv,0,,0,1,,0,10,7,0,0,0,0,0,0,0,0,0,0,0,0,0,0,34408@100,0,0,34420@50;34421@50,34424@50;34421@50,34431@100,34432@100,34426@11;34427@11;34428@11;34433@11;34434@11;34435@11;34436@11;34437@11;34438@12,34426@34;34427@33;34428@33,34433@17;34434@17;34435@17;34436@17;34437@16;34438@16,0,34418@100,34422@100,0,,,,
3331,地煞5星-舞天姬,2,0,3,,TeamLv,0,,0,1,,0,10,7,0,0,0,0,0,0,0,0,0,0,0,0,0,0,0,0,0,34420@50;34421@50,34424@50;34421@50,34431@100,34432@100,34426@11;34427@11;34428@11;34433@11;34434@11;34435@11;34436@11;34437@11;34438@12,34426@34;34427@33;34428@33,34433@17;34434@17;34435@17;34436@17;34437@16;34438@16,0,34418@100,34422@100,34409@100,,,,
3337,地煞5星-梦玲珑,2,0,9,,TeamLv,0,,0,1,,0,10,7,0,0,0,0,0,0,0,0,0,0,0,0,0,0,0,34418@100,34422@100,0,0,34431@100,34432@100,34426@11;34427@11;34428@11;34433@11;34434@11;34435@11;34436@11;34437@11;34438@12,34426@34;34427@33;34428@33,34433@17;34434@17;34435@17;34436@17;34437@16;34438@16,34410@100,34420@50;34421@50,34424@50;34421@50,0,,,,
3338,地煞5星-玄彩娥,2,0,10,,TeamLv,0,,0,1,,0,10,7,0,0,0,0,0,0,0,0,0,0,0,0,0,0,34411@100,0,0,34420@50;34421@50,34424@50;34421@50,34431@100,34432@100,34426@11;34427@11;34428@11;34433@11;34434@11;34435@11;34436@11;34437@11;34438@12,34426@34;34427@33;34428@33,34433@17;34434@17;34435@17;34436@17;34437@16;34438@16,0,34418@100,34422@100,0,,,,
3339,地煞5星-杀破狼,2,0,1,,TeamLv,0,,0,1,,0,10,7,0,0,0,0,0,0,0,0,0,0,0,0,0,0,0,0,0,34420@50;34421@50,34424@50;34421@50,34431@100,34432@100,34426@11;34427@11;34428@11;34433@11;34434@11;34435@11;34436@11;34437@11;34438@12,34426@34;34427@33;34428@33,34433@17;34434@17;34435@17;34436@17;34437@16;34438@16,0,34418@100,34422@100,34412@100,,,,
3340,地煞5星-虎头怪,2,0,2,,TeamLv,0,,0,1,,0,10,7,0,0,0,0,0,0,0,0,0,0,0,0,0,0,0,34418@100,34422@100,0,0,34431@100,34432@100,34426@11;34427@11;34428@11;34433@11;34434@11;34435@11;34436@11;34437@11;34438@12,34426@34;34427@33;34428@33,34433@17;34434@17;34435@17;34436@17;34437@16;34438@16,34413@100,34420@50;34421@50,34424@50;34421@50,0,,,,
3396,地煞5星-巨魔王,1,0,6,,TeamLv,0,,0,1,,0,10,7,0,0,0,0,0,0,0,0,0,0,0,0,0,0,34414@100,0,0,34420@50;34421@50,34424@50;34421@50,34431@100,34432@100,34426@11;34427@11;34428@11;34433@11;34434@11;34435@11;34436@11;34437@11;34438@12,34426@34;34427@33;34428@33,34433@17;34434@17;34435@17;34436@17;34437@16;34438@16,0,34418@100,34422@100,0,,,,
3397,地煞5星-骨精灵,1,0,6,,TeamLv,0,,0,1,,0,10,7,0,0,0,0,0,0,0,0,0,0,0,0,0,0,0,0,0,34420@50;34421@50,34424@50;34421@50,34431@100,34432@100,34426@11;34427@11;34428@11;34433@11;34434@11;34435@11;34436@11;34437@11;34438@12,34426@34;34427@33;34428@33,34433@17;34434@17;34435@17;34436@17;34437@16;34438@16,0,34418@100,34422@100,34415@100,,,,
3398,地煞5星-狐美人,1,0,6,,TeamLv,0,,0,1,,0,10,7,0,0,0,0,0,0,0,0,0,0,0,0,0,0,0,34418@100,34422@100,0,0,34431@100,34432@100,34426@11;34427@11;34428@11;34433@11;34434@11;34435@11;34436@11;34437@11;34438@12,34426@34;34427@33;34428@33,34433@17;34434@17;34435@17;34436@17;34437@16;34438@16,34416@100,34420@50;34421@50,34424@50;34421@50,0,,,,
3399,地煞6星-剑侠客,1,0,6,,TeamLv,0,,0,1,,0,10,7,0,0,0,0,0,0,0,0,0,0,0,0,0,0,0,0,0,34520@50;34521@50,34524@50;34521@50,34531@100,34532@100,34526@11;34527@11;34528@11;34533@11;34534@11;34535@11;34536@11;34537@11;34538@12,34526@34;34527@33;34528@33,34533@17;34534@17;34535@17;34536@17;34537@16;34538@16,0,34518@100,34522@100,34500@100,,,,
3400,地煞6星-逍遥生,1,0,6,,TeamLv,0,,0,1,,0,10,7,0,0,0,0,0,0,0,0,0,0,0,0,0,0,0,34518@100,34522@100,0,0,34531@100,34532@100,34526@11;34527@11;34528@11;34533@11;34534@11;34535@11;34536@11;34537@11;34538@12,34526@34;34527@33;34528@33,34533@17;34534@17;34535@17;34536@17;34537@16;34538@16,34501@100,34520@50;34521@50,34524@50;34521@50,0,,,,
3401,地煞6星-漠少君,1,0,6,,TeamLv,0,,0,1,,0,10,7,0,0,0,0,0,0,0,0,0,0,0,0,0,0,34502@100,0,0,34520@50;34521@50,34524@50;34521@50,34531@100,34532@100,34526@11;34527@11;34528@11;34533@11;34534@11;34535@11;34536@11;34537@11;34538@12,34526@34;34527@33;34528@33,34533@17;34534@17;34535@17;34536@17;34537@16;34538@16,0,34518@100,34522@100,0,,,,
3402,地煞6星-飞燕女,1,0,6,,TeamLv,0,,0,1,,0,10,7,0,0,0,0,0,0,0,0,0,0,0,0,0,0,0,0,0,34520@50;34521@50,34524@50;34521@50,34531@100,34532@100,34526@11;34527@11;34528@11;34533@11;34534@11;34535@11;34536@11;34537@11;34538@12,34526@34;34527@33;34528@33,34533@17;34534@17;34535@17;34536@17;34537@16;34538@16,0,34518@100,34522@100,34503@100,,,,
3403,地煞6星-英女侠,1,0,6,,TeamLv,0,,0,1,,0,10,7,0,0,0,0,0,0,0,0,0,0,0,0,0,0,0,34518@100,34522@100,0,0,34531@100,34532@100,34526@11;34527@11;34528@11;34533@11;34534@11;34535@11;34536@11;34537@11;34538@12,34526@34;34527@33;34528@33,34533@17;34534@17;34535@17;34536@17;34537@16;34538@16,34504@100,34520@50;34521@50,34524@50;34521@50,0,,,,
3404,地煞6星-巫蛮儿,1,0,6,,TeamLv,0,,0,1,,0,10,7,0,0,0,0,0,0,0,0,0,0,0,0,0,0,34505@100,0,0,34520@50;34521@50,34524@50;34521@50,34531@100,34532@100,34526@11;34527@11;34528@11;34533@11;34534@11;34535@11;34536@11;34537@11;34538@12,34526@34;34527@33;34528@33,34533@17;34534@17;34535@17;34536@17;34537@16;34538@16,0,34518@100,34522@100,0,,,,
3405,地煞6星-龙太子,1,0,6,,TeamLv,0,,0,1,,0,10,7,0,0,0,0,0,0,0,0,0,0,0,0,0,0,0,0,0,34520@50;34521@50,34524@50;34521@50,34531@100,34532@100,34526@11;34527@11;34528@11;34533@11;34534@11;34535@11;34536@11;34537@11;34538@12,34526@34;34527@33;34528@33,34533@17;34534@17;34535@17;34536@17;34537@16;34538@16,0,34518@100,34522@100,34506@100,,,,
3406,地煞6星-神天兵,2,0,6,,TeamLv,0,,0,1,,0,10,7,0,0,0,0,0,0,0,0,0,0,0,0,0,0,0,34518@100,34522@100,0,0,34531@100,34532@100,34526@11;34527@11;34528@11;34533@11;34534@11;34535@11;34536@11;34537@11;34538@12,34526@34;34527@33;34528@33,34533@17;34534@17;34535@17;34536@17;34537@16;34538@16,34507@100,34520@50;34521@50,34524@50;34521@50,0,,,,
3407,地煞6星-羽灵神,2,0,6,,TeamLv,0,,0,1,,0,10,7,0,0,0,0,0,0,0,0,0,0,0,0,0,0,34508@100,0,0,34520@50;34521@50,34524@50;34521@50,34531@100,34532@100,34526@11;34527@11;34528@11;34533@11;34534@11;34535@11;34536@11;34537@11;34538@12,34526@34;34527@33;34528@33,34533@17;34534@17;34535@17;34536@17;34537@16;34538@16,0,34518@100,34522@100,0,,,,
3408,地煞6星-舞天姬,2,0,6,,TeamLv,0,,0,1,,0,10,7,0,0,0,0,0,0,0,0,0,0,0,0,0,0,0,0,0,34520@50;34521@50,34524@50;34521@50,34531@100,34532@100,34526@11;34527@11;34528@11;34533@11;34534@11;34535@11;34536@11;34537@11;34538@12,34526@34;34527@33;34528@33,34533@17;34534@17;34535@17;34536@17;34537@16;34538@16,0,34518@100,34522@100,34509@100,,,,
3409,地煞6星-梦玲珑,2,0,6,,TeamLv,0,,0,1,,0,10,7,0,0,0,0,0,0,0,0,0,0,0,0,0,0,0,34518@100,34522@100,0,0,34531@100,34532@100,34526@11;34527@11;34528@11;34533@11;34534@11;34535@11;34536@11;34537@11;34538@12,34526@34;34527@33;34528@33,34533@17;34534@17;34535@17;34536@17;34537@16;34538@16,34510@100,34520@50;34521@50,34524@50;34521@50,0,,,,
3410,地煞6星-玄彩娥,2,0,6,,TeamLv,0,,0,1,,0,10,7,0,0,0,0,0,0,0,0,0,0,0,0,0,0,34511@100,0,0,34520@50;34521@50,34524@50;34521@50,34531@100,34532@100,34526@11;34527@11;34528@11;34533@11;34534@11;34535@11;34536@11;34537@11;34538@12,34526@34;34527@33;34528@33,34533@17;34534@17;34535@17;34536@17;34537@16;34538@16,0,34518@100,34522@100,0,,,,
3411,地煞6星-杀破狼,2,0,6,,TeamLv,0,,0,1,,0,10,7,0,0,0,0,0,0,0,0,0,0,0,0,0,0,0,0,0,34520@50;34521@50,34524@50;34521@50,34531@100,34532@100,34526@11;34527@11;34528@11;34533@11;34534@11;34535@11;34536@11;34537@11;34538@12,34526@34;34527@33;34528@33,34533@17;34534@17;34535@17;34536@17;34537@16;34538@16,0,34518@100,34522@100,34512@100,,,,
3412,地煞6星-虎头怪,2,0,6,,TeamLv,0,,0,1,,0,10,7,0,0,0,0,0,0,0,0,0,0,0,0,0,0,0,34518@100,34522@100,0,0,34531@100,34532@100,34526@11;34527@11;34528@11;34533@11;34534@11;34535@11;34536@11;34537@11;34538@12,34526@34;34527@33;34528@33,34533@17;34534@17;34535@17;34536@17;34537@16;34538@16,34513@100,34520@50;34521@50,34524@50;34521@50,0,,,,
3413,地煞6星-巨魔王,2,0,6,,TeamLv,0,,0,1,,0,10,7,0,0,0,0,0,0,0,0,0,0,0,0,0,0,34514@100,0,0,34520@50;34521@50,34524@50;34521@50,34531@100,34532@100,34526@11;34527@11;34528@11;34533@11;34534@11;34535@11;34536@11;34537@11;34538@12,34526@34;34527@33;34528@33,34533@17;34534@17;34535@17;34536@17;34537@16;34538@16,0,34518@100,34522@100,0,,,,
3416,地煞6星-骨精灵,2,0,6,,TeamLv,0,,0,1,,0,10,7,0,0,0,0,0,0,0,0,0,0,0,0,0,0,0,0,0,34520@50;34521@50,34524@50;34521@50,34531@100,34532@100,34526@11;34527@11;34528@11;34533@11;34534@11;34535@11;34536@11;34537@11;34538@12,34526@34;34527@33;34528@33,34533@17;34534@17;34535@17;34536@17;34537@16;34538@16,0,34518@100,34522@100,34515@100,,,,
3417,地煞6星-狐美人,2,0,6,,TeamLv,0,,0,1,,0,10,7,0,0,0,0,0,0,0,0,0,0,0,0,0,0,0,34518@100,34522@100,0,0,34531@100,34532@100,34526@11;34527@11;34528@11;34533@11;34534@11;34535@11;34536@11;34537@11;34538@12,34526@34;34527@33;34528@33,34533@17;34534@17;34535@17;34536@17;34537@16;34538@16,34516@100,34520@50;34521@50,34524@50;34521@50,0,,,,
3418,地煞7星-剑侠客,2,0,6,,TeamLv,0,,0,1,,0,10,7,0,0,0,0,0,0,0,0,0,0,0,0,0,0,0,0,0,34620@50;34621@50,34624@50;34621@50,34631@100,34632@100,34626@11;34627@11;34628@11;34633@11;34634@11;34635@11;34636@11;34637@11;34638@12,34626@34;34627@33;34628@33,34633@17;34634@17;34635@17;34636@17;34637@16;34638@16,0,34618@100,34622@100,34600@100,,,,
3419,地煞7星-逍遥生,2,0,6,,TeamLv,0,,0,1,,0,10,7,0,0,0,0,0,0,0,0,0,0,0,0,0,0,0,34618@100,34622@100,0,0,34631@100,34632@100,34626@11;34627@11;34628@11;34633@11;34634@11;34635@11;34636@11;34637@11;34638@12,34626@34;34627@33;34628@33,34633@17;34634@17;34635@17;34636@17;34637@16;34638@16,34601@100,34620@50;34621@50,34624@50;34621@50,0,,,,
3420,地煞7星-漠少君,2,0,6,,TeamLv,0,,0,1,,0,10,7,0,0,0,0,0,0,0,0,0,0,0,0,0,0,34602@100,0,0,34620@50;34621@50,34624@50;34621@50,34631@100,34632@100,34626@11;34627@11;34628@11;34633@11;34634@11;34635@11;34636@11;34637@11;34638@12,34626@34;34627@33;34628@33,34633@17;34634@17;34635@17;34636@17;34637@16;34638@16,0,34618@100,34622@100,0,,,,
3421,地煞7星-飞燕女,2,0,6,,TeamLv,0,,0,1,,0,10,7,0,0,0,0,0,0,0,0,0,0,0,0,0,0,0,0,0,34620@50;34621@50,34624@50;34621@50,34631@100,34632@100,34626@11;34627@11;34628@11;34633@11;34634@11;34635@11;34636@11;34637@11;34638@12,34626@34;34627@33;34628@33,34633@17;34634@17;34635@17;34636@17;34637@16;34638@16,0,34618@100,34622@100,34603@100,,,,
3422,地煞7星-英女侠,2,0,6,,TeamLv,0,,0,1,,0,10,7,0,0,0,0,0,0,0,0,0,0,0,0,0,0,0,34618@100,34622@100,0,0,34631@100,34632@100,34626@11;34627@11;34628@11;34633@11;34634@11;34635@11;34636@11;34637@11;34638@12,34626@34;34627@33;34628@33,34633@17;34634@17;34635@17;34636@17;34637@16;34638@16,34604@100,34620@50;34621@50,34624@50;34621@50,0,,,,
3423,地煞7星-巫蛮儿,2,0,6,,TeamLv,0,,0,1,,0,10,7,0,0,0,0,0,0,0,0,0,0,0,0,0,0,34605@100,0,0,34620@50;34621@50,34624@50;34621@50,34631@100,34632@100,34626@11;34627@11;34628@11;34633@11;34634@11;34635@11;34636@11;34637@11;34638@12,34626@34;34627@33;34628@33,34633@17;34634@17;34635@17;34636@17;34637@16;34638@16,0,34618@100,34622@100,0,,,,
3424,地煞7星-龙太子,2,0,6,,TeamLv,0,,0,1,,0,10,7,0,0,0,0,0,0,0,0,0,0,0,0,0,0,0,0,0,34620@50;34621@50,34624@50;34621@50,34631@100,34632@100,34626@11;34627@11;34628@11;34633@11;34634@11;34635@11;34636@11;34637@11;34638@12,34626@34;34627@33;34628@33,34633@17;34634@17;34635@17;34636@17;34637@16;34638@16,0,34618@100,34622@100,34606@100,,,,
3425,地煞7星-神天兵,2,0,6,,TeamLv,0,,0,1,,0,10,7,0,0,0,0,0,0,0,0,0,0,0,0,0,0,0,34618@100,34622@100,0,0,34631@100,34632@100,34626@11;34627@11;34628@11;34633@11;34634@11;34635@11;34636@11;34637@11;34638@12,34626@34;34627@33;34628@33,34633@17;34634@17;34635@17;34636@17;34637@16;34638@16,34607@100,34620@50;34621@50,34624@50;34621@50,0,,,,
3426,地煞7星-羽灵神,2,0,6,,TeamLv,0,,0,1,,0,10,7,0,0,0,0,0,0,0,0,0,0,0,0,0,0,34608@100,0,0,34620@50;34621@50,34624@50;34621@50,34631@100,34632@100,34626@11;34627@11;34628@11;34633@11;34634@11;34635@11;34636@11;34637@11;34638@12,34626@34;34627@33;34628@33,34633@17;34634@17;34635@17;34636@17;34637@16;34638@16,0,34618@100,34622@100,0,,,,
3427,地煞7星-舞天姬,2,0,6,,TeamLv,0,,0,1,,0,10,7,0,0,0,0,0,0,0,0,0,0,0,0,0,0,0,0,0,34620@50;34621@50,34624@50;34621@50,34631@100,34632@100,34626@11;34627@11;34628@11;34633@11;34634@11;34635@11;34636@11;34637@11;34638@12,34626@34;34627@33;34628@33,34633@17;34634@17;34635@17;34636@17;34637@16;34638@16,0,34618@100,34622@100,34609@100,,,,
3428,地煞7星-梦玲珑,2,0,6,,TeamLv,0,,0,1,,0,10,7,0,0,0,0,0,0,0,0,0,0,0,0,0,0,0,34618@100,34622@100,0,0,34631@100,34632@100,34626@11;34627@11;34628@11;34633@11;34634@11;34635@11;34636@11;34637@11;34638@12,34626@34;34627@33;34628@33,34633@17;34634@17;34635@17;34636@17;34637@16;34638@16,34610@100,34620@50;34621@50,34624@50;34621@50,0,,,,
3429,地煞7星-玄彩娥,2,0,6,,TeamLv,0,,0,1,,0,10,7,0,0,0,0,0,0,0,0,0,0,0,0,0,0,34611@100,0,0,34620@50;34621@50,34624@50;34621@50,34631@100,34632@100,34626@11;34627@11;34628@11;34633@11;34634@11;34635@11;34636@11;34637@11;34638@12,34626@34;34627@33;34628@33,34633@17;34634@17;34635@17;34636@17;34637@16;34638@16,0,34618@100,34622@100,0,,,,
3430,地煞7星-杀破狼,2,0,6,,TeamLv,0,,0,1,,0,10,7,0,0,0,0,0,0,0,0,0,0,0,0,0,0,0,0,0,34620@50;34621@50,34624@50;34621@50,34631@100,34632@100,34626@11;34627@11;34628@11;34633@11;34634@11;34635@11;34636@11;34637@11;34638@12,34626@34;34627@33;34628@33,34633@17;34634@17;34635@17;34636@17;34637@16;34638@16,0,34618@100,34622@100,34612@100,,,,
3431,地煞7星-虎头怪,2,0,6,,TeamLv,0,,0,1,,0,10,7,0,0,0,0,0,0,0,0,0,0,0,0,0,0,0,34618@100,34622@100,0,0,34631@100,34632@100,34626@11;34627@11;34628@11;34633@11;34634@11;34635@11;34636@11;34637@11;34638@12,34626@34;34627@33;34628@33,34633@17;34634@17;34635@17;34636@17;34637@16;34638@16,34613@100,34620@50;34621@50,34624@50;34621@50,0,,,,
3432,地煞7星-巨魔王,2,0,6,,TeamLv,0,,0,1,,0,10,7,0,0,0,0,0,0,0,0,0,0,0,0,0,0,34614@100,0,0,34620@50;34621@50,34624@50;34621@50,34631@100,34632@100,34626@11;34627@11;34628@11;34633@11;34634@11;34635@11;34636@11;34637@11;34638@12,34626@34;34627@33;34628@33,34633@17;34634@17;34635@17;34636@17;34637@16;34638@16,0,34618@100,34622@100,0,,,,
3433,地煞7星-骨精灵,2,0,6,,TeamLv,0,,0,1,,0,10,7,0,0,0,0,0,0,0,0,0,0,0,0,0,0,0,0,0,34620@50;34621@50,34624@50;34621@50,34631@100,34632@100,34626@11;34627@11;34628@11;34633@11;34634@11;34635@11;34636@11;34637@11;34638@12,34626@34;34627@33;34628@33,34633@17;34634@17;34635@17;34636@17;34637@16;34638@16,0,34618@100,34622@100,34615@100,,,,
3434,地煞7星-狐美人,2,0,6,,TeamLv,0,,0,1,,0,10,7,0,0,0,0,0,0,0,0,0,0,0,0,0,0,0,34618@100,34622@100,0,0,34631@100,34632@100,34626@11;34627@11;34628@11;34633@11;34634@11;34635@11;34636@11;34637@11;34638@12,34626@34;34627@33;34628@33,34633@17;34634@17;34635@17;34636@17;34637@16;34638@16,34616@100,34620@50;34621@50,34624@50;34621@50,0,,,,
3435,地煞8星-剑侠客,2,0,6,,TeamLv,0,,0,1,,0,10,7,0,0,0,0,0,0,0,0,0,0,0,0,0,0,0,0,0,34720@50;34721@50,34724@50;34721@50,34731@100,34732@100,34726@11;34727@11;34728@11;34733@11;34734@11;34735@11;34736@11;34737@11;34738@12,34726@34;34727@33;34728@33,34733@17;34734@17;34735@17;34736@17;34737@16;34738@16,0,34718@100,34722@100,34700@100,,,,
3436,地煞8星-逍遥生,2,0,6,,TeamLv,0,,0,1,,0,10,7,0,0,0,0,0,0,0,0,0,0,0,0,0,0,0,34718@100,34722@100,0,0,34731@100,34732@100,34726@11;34727@11;34728@11;34733@11;34734@11;34735@11;34736@11;34737@11;34738@12,34726@34;34727@33;34728@33,34733@17;34734@17;34735@17;34736@17;34737@16;34738@16,34701@100,34720@50;34721@50,34724@50;34721@50,0,,,,
3437,地煞8星-漠少君,2,0,6,,TeamLv,0,,0,1,,0,10,7,0,0,0,0,0,0,0,0,0,0,0,0,0,0,34702@100,0,0,34720@50;34721@50,34724@50;34721@50,34731@100,34732@100,34726@11;34727@11;34728@11;34733@11;34734@11;34735@11;34736@11;34737@11;34738@12,34726@34;34727@33;34728@33,34733@17;34734@17;34735@17;34736@17;34737@16;34738@16,0,34718@100,34722@100,0,,,,
3438,地煞8星-飞燕女,2,0,6,,TeamLv,0,,0,1,,0,10,7,0,0,0,0,0,0,0,0,0,0,0,0,0,0,0,0,0,34720@50;34721@50,34724@50;34721@50,34731@100,34732@100,34726@11;34727@11;34728@11;34733@11;34734@11;34735@11;34736@11;34737@11;34738@12,34726@34;34727@33;34728@33,34733@17;34734@17;34735@17;34736@17;34737@16;34738@16,0,34718@100,34722@100,34703@100,,,,
3439,地煞8星-英女侠,2,0,6,,TeamLv,0,,0,1,,0,10,7,0,0,0,0,0,0,0,0,0,0,0,0,0,0,0,34718@100,34722@100,0,0,34731@100,34732@100,34726@11;34727@11;34728@11;34733@11;34734@11;34735@11;34736@11;34737@11;34738@12,34726@34;34727@33;34728@33,34733@17;34734@17;34735@17;34736@17;34737@16;34738@16,34704@100,34720@50;34721@50,34724@50;34721@50,0,,,,
3440,地煞8星-巫蛮儿,2,0,6,,TeamLv,0,,0,1,,0,10,7,0,0,0,0,0,0,0,0,0,0,0,0,0,0,34705@100,0,0,34720@50;34721@50,34724@50;34721@50,34731@100,34732@100,34726@11;34727@11;34728@11;34733@11;34734@11;34735@11;34736@11;34737@11;34738@12,34726@34;34727@33;34728@33,34733@17;34734@17;34735@17;34736@17;34737@16;34738@16,0,34718@100,34722@100,0,,,,
3441,地煞8星-龙太子,2,0,6,,TeamLv,0,,0,1,,0,10,7,0,0,0,0,0,0,0,0,0,0,0,0,0,0,0,0,0,34720@50;34721@50,34724@50;34721@50,34731@100,34732@100,34726@11;34727@11;34728@11;34733@11;34734@11;34735@11;34736@11;34737@11;34738@12,34726@34;34727@33;34728@33,34733@17;34734@17;34735@17;34736@17;34737@16;34738@16,0,34718@100,34722@100,34706@100,,,,
3442,地煞8星-神天兵,2,0,6,,TeamLv,0,,0,1,,0,10,7,0,0,0,0,0,0,0,0,0,0,0,0,0,0,0,34718@100,34722@100,0,0,34731@100,34732@100,34726@11;34727@11;34728@11;34733@11;34734@11;34735@11;34736@11;34737@11;34738@12,34726@34;34727@33;34728@33,34733@17;34734@17;34735@17;34736@17;34737@16;34738@16,34707@100,34720@50;34721@50,34724@50;34721@50,0,,,,
3443,地煞8星-羽灵神,2,0,6,,TeamLv,0,,0,1,,0,10,7,0,0,0,0,0,0,0,0,0,0,0,0,0,0,34708@100,0,0,34720@50;34721@50,34724@50;34721@50,34731@100,34732@100,34726@11;34727@11;34728@11;34733@11;34734@11;34735@11;34736@11;34737@11;34738@12,34726@34;34727@33;34728@33,34733@17;34734@17;34735@17;34736@17;34737@16;34738@16,0,34718@100,34722@100,0,,,,
3444,地煞8星-舞天姬,2,0,6,,TeamLv,0,,0,1,,0,10,7,0,0,0,0,0,0,0,0,0,0,0,0,0,0,0,0,0,34720@50;34721@50,34724@50;34721@50,34731@100,34732@100,34726@11;34727@11;34728@11;34733@11;34734@11;34735@11;34736@11;34737@11;34738@12,34726@34;34727@33;34728@33,34733@17;34734@17;34735@17;34736@17;34737@16;34738@16,0,34718@100,34722@100,34709@100,,,,
3445,地煞8星-梦玲珑,2,0,6,,TeamLv,0,,0,1,,0,10,7,0,0,0,0,0,0,0,0,0,0,0,0,0,0,0,34718@100,34722@100,0,0,34731@100,34732@100,34726@11;34727@11;34728@11;34733@11;34734@11;34735@11;34736@11;34737@11;34738@12,34726@34;34727@33;34728@33,34733@17;34734@17;34735@17;34736@17;34737@16;34738@16,34710@100,34720@50;34721@50,34724@50;34721@50,0,,,,
3446,地煞8星-玄彩娥,2,0,6,,TeamLv,0,,0,1,,0,10,7,0,0,0,0,0,0,0,0,0,0,0,0,0,0,34711@100,0,0,34720@50;34721@50,34724@50;34721@50,34731@100,34732@100,34726@11;34727@11;34728@11;34733@11;34734@11;34735@11;34736@11;34737@11;34738@12,34726@34;34727@33;34728@33,34733@17;34734@17;34735@17;34736@17;34737@16;34738@16,0,34718@100,34722@100,0,,,,
3447,地煞8星-杀破狼,2,0,6,,TeamLv,0,,0,1,,0,10,7,0,0,0,0,0,0,0,0,0,0,0,0,0,0,0,0,0,34720@50;34721@50,34724@50;34721@50,34731@100,34732@100,34726@11;34727@11;34728@11;34733@11;34734@11;34735@11;34736@11;34737@11;34738@12,34726@34;34727@33;34728@33,34733@17;34734@17;34735@17;34736@17;34737@16;34738@16,0,34718@100,34722@100,34712@100,,,,
3448,地煞8星-虎头怪,2,0,6,,TeamLv,0,,0,1,,0,10,7,0,0,0,0,0,0,0,0,0,0,0,0,0,0,0,34718@100,34722@100,0,0,34731@100,34732@100,34726@11;34727@11;34728@11;34733@11;34734@11;34735@11;34736@11;34737@11;34738@12,34726@34;34727@33;34728@33,34733@17;34734@17;34735@17;34736@17;34737@16;34738@16,34713@100,34720@50;34721@50,34724@50;34721@50,0,,,,
3449,地煞8星-巨魔王,2,0,6,,TeamLv,0,,0,1,,0,10,7,0,0,0,0,0,0,0,0,0,0,0,0,0,0,34714@100,0,0,34720@50;34721@50,34724@50;34721@50,34731@100,34732@100,34726@11;34727@11;34728@11;34733@11;34734@11;34735@11;34736@11;34737@11;34738@12,34726@34;34727@33;34728@33,34733@17;34734@17;34735@17;34736@17;34737@16;34738@16,0,34718@100,34722@100,0,,,,
3450,地煞8星-骨精灵,2,0,6,,TeamLv,0,,0,1,,0,10,7,0,0,0,0,0,0,0,0,0,0,0,0,0,0,0,0,0,34720@50;34721@50,34724@50;34721@50,34731@100,34732@100,34726@11;34727@11;34728@11;34733@11;34734@11;34735@11;34736@11;34737@11;34738@12,34726@34;34727@33;34728@33,34733@17;34734@17;34735@17;34736@17;34737@16;34738@16,0,34718@100,34722@100,34715@100,,,,
3451,地煞8星-狐美人,2,0,6,,TeamLv,0,,0,1,,0,10,7,0,0,0,0,0,0,0,0,0,0,0,0,0,0,0,34718@100,34722@100,0,0,34731@100,34732@100,34726@11;34727@11;34728@11;34733@11;34734@11;34735@11;34736@11;34737@11;34738@12,34726@34;34727@33;34728@33,34733@17;34734@17;34735@17;34736@17;34737@16;34738@16,34716@100,34720@50;34721@50,34724@50;34721@50,0,,,,
3453,宝宝幼儿园,2,0,4,,TeamLv,0,,0,1,,0,1,7,0,0,0,0,0,0,0,0,0,0,0,0,0,0,22420@100,0,0,0,0,0,0,0,0,0,0,0,0,0,,,1,
3454,宝宝幼儿园,2,0,4,,TeamLv,0,,0,1,,0,1,7,0,0,0,0,0,0,0,0,0,0,0,0,0,0,22421@100,0,0,0,0,0,0,0,0,0,0,0,0,0,,,1,
3455,宝宝幼儿园,2,0,4,,TeamLv,0,,0,1,,0,1,7,0,0,0,0,0,0,0,0,0,0,0,0,0,0,22422@100,0,0,0,0,0,0,0,0,0,0,0,0,0,,,1,
3456,宝宝幼儿园,2,0,4,,TeamLv,0,,0,1,,0,1,7,0,0,0,0,0,0,0,0,0,0,0,0,0,0,22423@100,0,0,0,0,0,0,0,0,0,0,0,0,0,,,1,
3457,宝宝幼儿园,2,0,4,,TeamLv,0,,0,1,,0,1,7,0,0,0,0,0,0,0,0,0,0,0,0,0,0,22424@100,0,0,0,0,0,0,0,0,0,0,0,0,0,,,1,
3458,宝宝幼儿园,2,0,4,,TeamLv,0,,0,1,,0,1,7,0,0,0,0,0,0,0,0,0,0,0,0,0,0,22425@100,0,0,0,0,0,0,0,0,0,0,0,0,0,,,1,
3459,宝宝幼儿园,2,0,4,,TeamLv,0,,0,1,,0,1,7,0,0,0,0,0,0,0,0,0,0,0,0,0,0,22426@100,0,0,0,0,0,0,0,0,0,0,0,0,0,,,1,
3460,宝宝幼儿园,2,0,4,,TeamLv,0,,0,1,,0,1,7,0,0,0,0,0,0,0,0,0,0,0,0,0,0,22427@100,0,0,0,0,0,0,0,0,0,0,0,0,0,,,1,
3461,宝宝幼儿园,2,0,4,,TeamLv,0,,0,1,,0,1,7,0,0,0,0,0,0,0,0,0,0,0,0,0,0,22428@100,0,0,0,0,0,0,0,0,0,0,0,0,0,,,1,
3462,宝宝幼儿园,2,0,4,,TeamLv,0,,0,1,,0,1,7,0,0,0,0,0,0,0,0,0,0,0,0,0,0,22429@100,0,0,0,0,0,0,0,0,0,0,0,0,0,,,1,
3463,宝宝幼儿园,2,0,4,,TeamLv,0,,0,1,,0,1,7,0,0,0,0,0,0,0,0,0,0,0,0,0,0,22430@100,0,0,0,0,0,0,0,0,0,0,0,0,0,,,1,
3464,激情宝箱,2,0,6,,TeamLv,0,,0,1,,4,10,7,0,0,0,0,0,0,0,0,0,0,0,0,0,0,32334@100,32335@100,32336@100,32337@100,32338@100,32339@100,32340@100,32341@100,32342@100,32343@100,0,0,0,0,,,,
3465,年兽,2,0,2,,TeamLv,0,,0,1,,4,8,7,0,0,0,0,0,0,0,0,0,0,0,0,0,0,36005@100,36005@100;36006@100;36007@100;36008@100;36009@100;36010@100;36011@100;36012@100;36013@100;36014@100;36015@100;36016@100;36017@100;36018@100;36019@100;36020@100;36021@100;36022@100;36023@100;36024@100;36025@100;36026@100;36027@100;36028@100;36029@100,36030@100;36031@100;36032@100;36033@100;36034@100;36035@100;36036@100;36037@100;36038@100;36039@100;36040@100;36041@100;36042@100;36043@100;36044@100;36045@100;36046@100;36047@100;36048@100;36049@100;36050@100;36051@100;36052@100;36053@100;36054@100,36005@100;36006@100;36007@100;36008@100;36009@100;36010@100;36011@100;36012@100;36013@100;36014@100;36015@100;36016@100;36017@100;36018@100;36019@100;36020@100;36021@100;36022@100;36023@100;36024@100;36025@100;36026@100;36027@100;36028@100;36029@100,36030@100;36031@100;36032@100;36033@100;36034@100;36035@100;36036@100;36037@100;36038@100;36039@100;36040@100;36041@100;36042@100;36043@100;36044@100;36045@100;36046@100;36047@100;36048@100;36049@100;36050@100;36051@100;36052@100;36053@100;36054@100,36005@100;36006@100;36007@100;36008@100;36009@100;36010@100;36011@100;36012@100;36013@100;36014@100;36015@100;36016@100;36017@100;36018@100;36019@100;36020@100;36021@100;36022@100;36023@100;36024@100;36025@100;36026@100;36027@100;36028@100;36029@100,36030@100;36031@100;36032@100;36033@100;36034@100;36035@100;36036@100;36037@100;36038@100;36039@100;36040@100;36041@100;36042@100;36043@100;36044@100;36045@100;36046@100;36047@100;36048@100;36049@100;36050@100;36051@100;36052@100;36053@100;36054@100,36005@100;36006@100;36007@100;36008@100;36009@100;36010@100;36011@100;36012@100;36013@100;36014@100;36015@100;36016@100;36017@100;36018@100;36019@100;36020@100;36021@100;36022@100;36023@100;36024@100;36025@100;36026@100;36027@100;36028@100;36029@100,36030@100;36031@100;36032@100;36033@100;36034@100;36035@100;36036@100;36037@100;36038@100;36039@100;36040@100;36041@100;36042@100;36043@100;36044@100;36045@100;36046@100;36047@100;36048@100;36049@100;36050@100;36051@100;36052@100;36053@100;36054@100,36005@100;36006@100;36007@100;36008@100;36009@100;36010@100;36011@100;36012@100;36013@100;36014@100;36015@100;36016@100;36017@100;36018@100;36019@100;36020@100;36021@100;36022@100;36023@100;36024@100;36025@100;36026@100;36027@100;36028@100;36029@100,0,0,0,0,,,1,
3466,年兽,2,0,3,,TeamLv,0,,0,1,,4,8,7,0,0,0,0,0,0,0,0,0,0,0,0,0,0,36006@100,36005@100;36006@100;36007@100;36008@100;36009@100;36010@100;36011@100;36012@100;36013@100;36014@100;36015@100;36016@100;36017@100;36018@100;36019@100;36020@100;36021@100;36022@100;36023@100;36024@100;36025@100;36026@100;36027@100;36028@100;36029@100,36030@100;36031@100;36032@100;36033@100;36034@100;36035@100;36036@100;36037@100;36038@100;36039@100;36040@100;36041@100;36042@100;36043@100;36044@100;36045@100;36046@100;36047@100;36048@100;36049@100;36050@100;36051@100;36052@100;36053@100;36054@100,36005@100;36006@100;36007@100;36008@100;36009@100;36010@100;36011@100;36012@100;36013@100;36014@100;36015@100;36016@100;36017@100;36018@100;36019@100;36020@100;36021@100;36022@100;36023@100;36024@100;36025@100;36026@100;36027@100;36028@100;36029@100,36030@100;36031@100;36032@100;36033@100;36034@100;36035@100;36036@100;36037@100;36038@100;36039@100;36040@100;36041@100;36042@100;36043@100;36044@100;36045@100;36046@100;36047@100;36048@100;36049@100;36050@100;36051@100;36052@100;36053@100;36054@100,36005@100;36006@100;36007@100;36008@100;36009@100;36010@100;36011@100;36012@100;36013@100;36014@100;36015@100;36016@100;36017@100;36018@100;36019@100;36020@100;36021@100;36022@100;36023@100;36024@100;36025@100;36026@100;36027@100;36028@100;36029@100,36030@100;36031@100;36032@100;36033@100;36034@100;36035@100;36036@100;36037@100;36038@100;36039@100;36040@100;36041@100;36042@100;36043@100;36044@100;36045@100;36046@100;36047@100;36048@100;36049@100;36050@100;36051@100;36052@100;36053@100;36054@100,36005@100;36006@100;36007@100;36008@100;36009@100;36010@100;36011@100;36012@100;36013@100;36014@100;36015@100;36016@100;36017@100;36018@100;36019@100;36020@100;36021@100;36022@100;36023@100;36024@100;36025@100;36026@100;36027@100;36028@100;36029@100,36030@100;36031@100;36032@100;36033@100;36034@100;36035@100;36036@100;36037@100;36038@100;36039@100;36040@100;36041@100;36042@100;36043@100;36044@100;36045@100;36046@100;36047@100;36048@100;36049@100;36050@100;36051@100;36052@100;36053@100;36054@100,36005@100;36006@100;36007@100;36008@100;36009@100;36010@100;36011@100;36012@100;36013@100;36014@100;36015@100;36016@100;36017@100;36018@100;36019@100;36020@100;36021@100;36022@100;36023@100;36024@100;36025@100;36026@100;36027@100;36028@100;36029@100,0,0,0,0,,,1,
3467,年兽,2,0,4,,TeamLv,0,,0,1,,4,8,7,0,0,0,0,0,0,0,0,0,0,0,0,0,0,36007@100,36005@100;36006@100;36007@100;36008@100;36009@100;36010@100;36011@100;36012@100;36013@100;36014@100;36015@100;36016@100;36017@100;36018@100;36019@100;36020@100;36021@100;36022@100;36023@100;36024@100;36025@100;36026@100;36027@100;36028@100;36029@100,36030@100;36031@100;36032@100;36033@100;36034@100;36035@100;36036@100;36037@100;36038@100;36039@100;36040@100;36041@100;36042@100;36043@100;36044@100;36045@100;36046@100;36047@100;36048@100;36049@100;36050@100;36051@100;36052@100;36053@100;36054@100,36005@100;36006@100;36007@100;36008@100;36009@100;36010@100;36011@100;36012@100;36013@100;36014@100;36015@100;36016@100;36017@100;36018@100;36019@100;36020@100;36021@100;36022@100;36023@100;36024@100;36025@100;36026@100;36027@100;36028@100;36029@100,36030@100;36031@100;36032@100;36033@100;36034@100;36035@100;36036@100;36037@100;36038@100;36039@100;36040@100;36041@100;36042@100;36043@100;36044@100;36045@100;36046@100;36047@100;36048@100;36049@100;36050@100;36051@100;36052@100;36053@100;36054@100,36005@100;36006@100;36007@100;36008@100;36009@100;36010@100;36011@100;36012@100;36013@100;36014@100;36015@100;36016@100;36017@100;36018@100;36019@100;36020@100;36021@100;36022@100;36023@100;36024@100;36025@100;36026@100;36027@100;36028@100;36029@100,36030@100;36031@100;36032@100;36033@100;36034@100;36035@100;36036@100;36037@100;36038@100;36039@100;36040@100;36041@100;36042@100;36043@100;36044@100;36045@100;36046@100;36047@100;36048@100;36049@100;36050@100;36051@100;36052@100;36053@100;36054@100,36005@100;36006@100;36007@100;36008@100;36009@100;36010@100;36011@100;36012@100;36013@100;36014@100;36015@100;36016@100;36017@100;36018@100;36019@100;36020@100;36021@100;36022@100;36023@100;36024@100;36025@100;36026@100;36027@100;36028@100;36029@100,36030@100;36031@100;36032@100;36033@100;36034@100;36035@100;36036@100;36037@100;36038@100;36039@100;36040@100;36041@100;36042@100;36043@100;36044@100;36045@100;36046@100;36047@100;36048@100;36049@100;36050@100;36051@100;36052@100;36053@100;36054@100,36005@100;36006@100;36007@100;36008@100;36009@100;36010@100;36011@100;36012@100;36013@100;36014@100;36015@100;36016@100;36017@100;36018@100;36019@100;36020@100;36021@100;36022@100;36023@100;36024@100;36025@100;36026@100;36027@100;36028@100;36029@100,0,0,0,0,,,1,
3468,年兽,2,0,5,,TeamLv,0,,0,1,,4,8,7,0,0,0,0,0,0,0,0,0,0,0,0,0,0,36008@100,36005@100;36006@100;36007@100;36008@100;36009@100;36010@100;36011@100;36012@100;36013@100;36014@100;36015@100;36016@100;36017@100;36018@100;36019@100;36020@100;36021@100;36022@100;36023@100;36024@100;36025@100;36026@100;36027@100;36028@100;36029@100,36030@100;36031@100;36032@100;36033@100;36034@100;36035@100;36036@100;36037@100;36038@100;36039@100;36040@100;36041@100;36042@100;36043@100;36044@100;36045@100;36046@100;36047@100;36048@100;36049@100;36050@100;36051@100;36052@100;36053@100;36054@100,36005@100;36006@100;36007@100;36008@100;36009@100;36010@100;36011@100;36012@100;36013@100;36014@100;36015@100;36016@100;36017@100;36018@100;36019@100;36020@100;36021@100;36022@100;36023@100;36024@100;36025@100;36026@100;36027@100;36028@100;36029@100,36030@100;36031@100;36032@100;36033@100;36034@100;36035@100;36036@100;36037@100;36038@100;36039@100;36040@100;36041@100;36042@100;36043@100;36044@100;36045@100;36046@100;36047@100;36048@100;36049@100;36050@100;36051@100;36052@100;36053@100;36054@100,36005@100;36006@100;36007@100;36008@100;36009@100;36010@100;36011@100;36012@100;36013@100;36014@100;36015@100;36016@100;36017@100;36018@100;36019@100;36020@100;36021@100;36022@100;36023@100;36024@100;36025@100;36026@100;36027@100;36028@100;36029@100,36030@100;36031@100;36032@100;36033@100;36034@100;36035@100;36036@100;36037@100;36038@100;36039@100;36040@100;36041@100;36042@100;36043@100;36044@100;36045@100;36046@100;36047@100;36048@100;36049@100;36050@100;36051@100;36052@100;36053@100;36054@100,36005@100;36006@100;36007@100;36008@100;36009@100;36010@100;36011@100;36012@100;36013@100;36014@100;36015@100;36016@100;36017@100;36018@100;36019@100;36020@100;36021@100;36022@100;36023@100;36024@100;36025@100;36026@100;36027@100;36028@100;36029@100,36030@100;36031@100;36032@100;36033@100;36034@100;36035@100;36036@100;36037@100;36038@100;36039@100;36040@100;36041@100;36042@100;36043@100;36044@100;36045@100;36046@100;36047@100;36048@100;36049@100;36050@100;36051@100;36052@100;36053@100;36054@100,36005@100;36006@100;36007@100;36008@100;36009@100;36010@100;36011@100;36012@100;36013@100;36014@100;36015@100;36016@100;36017@100;36018@100;36019@100;36020@100;36021@100;36022@100;36023@100;36024@100;36025@100;36026@100;36027@100;36028@100;36029@100,0,0,0,0,,,1,
3469,年兽,2,0,6,,TeamLv,0,,0,1,,4,8,7,0,0,0,0,0,0,0,0,0,0,0,0,0,0,36009@100,36005@100;36006@100;36007@100;36008@100;36009@100;36010@100;36011@100;36012@100;36013@100;36014@100;36015@100;36016@100;36017@100;36018@100;36019@100;36020@100;36021@100;36022@100;36023@100;36024@100;36025@100;36026@100;36027@100;36028@100;36029@100,36030@100;36031@100;36032@100;36033@100;36034@100;36035@100;36036@100;36037@100;36038@100;36039@100;36040@100;36041@100;36042@100;36043@100;36044@100;36045@100;36046@100;36047@100;36048@100;36049@100;36050@100;36051@100;36052@100;36053@100;36054@100,36005@100;36006@100;36007@100;36008@100;36009@100;36010@100;36011@100;36012@100;36013@100;36014@100;36015@100;36016@100;36017@100;36018@100;36019@100;36020@100;36021@100;36022@100;36023@100;36024@100;36025@100;36026@100;36027@100;36028@100;36029@100,36030@100;36031@100;36032@100;36033@100;36034@100;36035@100;36036@100;36037@100;36038@100;36039@100;36040@100;36041@100;36042@100;36043@100;36044@100;36045@100;36046@100;36047@100;36048@100;36049@100;36050@100;36051@100;36052@100;36053@100;36054@100,36005@100;36006@100;36007@100;36008@100;36009@100;36010@100;36011@100;36012@100;36013@100;36014@100;36015@100;36016@100;36017@100;36018@100;36019@100;36020@100;36021@100;36022@100;36023@100;36024@100;36025@100;36026@100;36027@100;36028@100;36029@100,36030@100;36031@100;36032@100;36033@100;36034@100;36035@100;36036@100;36037@100;36038@100;36039@100;36040@100;36041@100;36042@100;36043@100;36044@100;36045@100;36046@100;36047@100;36048@100;36049@100;36050@100;36051@100;36052@100;36053@100;36054@100,36005@100;36006@100;36007@100;36008@100;36009@100;36010@100;36011@100;36012@100;36013@100;36014@100;36015@100;36016@100;36017@100;36018@100;36019@100;36020@100;36021@100;36022@100;36023@100;36024@100;36025@100;36026@100;36027@100;36028@100;36029@100,36030@100;36031@100;36032@100;36033@100;36034@100;36035@100;36036@100;36037@100;36038@100;36039@100;36040@100;36041@100;36042@100;36043@100;36044@100;36045@100;36046@100;36047@100;36048@100;36049@100;36050@100;36051@100;36052@100;36053@100;36054@100,36005@100;36006@100;36007@100;36008@100;36009@100;36010@100;36011@100;36012@100;36013@100;36014@100;36015@100;36016@100;36017@100;36018@100;36019@100;36020@100;36021@100;36022@100;36023@100;36024@100;36025@100;36026@100;36027@100;36028@100;36029@100,0,0,0,0,,,1,
3470,年兽,2,0,7,,TeamLv,0,,0,1,,4,8,7,0,0,0,0,0,0,0,0,0,0,0,0,0,0,36010@100,36005@100;36006@100;36007@100;36008@100;36009@100;36010@100;36011@100;36012@100;36013@100;36014@100;36015@100;36016@100;36017@100;36018@100;36019@100;36020@100;36021@100;36022@100;36023@100;36024@100;36025@100;36026@100;36027@100;36028@100;36029@100,36030@100;36031@100;36032@100;36033@100;36034@100;36035@100;36036@100;36037@100;36038@100;36039@100;36040@100;36041@100;36042@100;36043@100;36044@100;36045@100;36046@100;36047@100;36048@100;36049@100;36050@100;36051@100;36052@100;36053@100;36054@100,36005@100;36006@100;36007@100;36008@100;36009@100;36010@100;36011@100;36012@100;36013@100;36014@100;36015@100;36016@100;36017@100;36018@100;36019@100;36020@100;36021@100;36022@100;36023@100;36024@100;36025@100;36026@100;36027@100;36028@100;36029@100,36030@100;36031@100;36032@100;36033@100;36034@100;36035@100;36036@100;36037@100;36038@100;36039@100;36040@100;36041@100;36042@100;36043@100;36044@100;36045@100;36046@100;36047@100;36048@100;36049@100;36050@100;36051@100;36052@100;36053@100;36054@100,36005@100;36006@100;36007@100;36008@100;36009@100;36010@100;36011@100;36012@100;36013@100;36014@100;36015@100;36016@100;36017@100;36018@100;36019@100;36020@100;36021@100;36022@100;36023@100;36024@100;36025@100;36026@100;36027@100;36028@100;36029@100,36030@100;36031@100;36032@100;36033@100;36034@100;36035@100;36036@100;36037@100;36038@100;36039@100;36040@100;36041@100;36042@100;36043@100;36044@100;36045@100;36046@100;36047@100;36048@100;36049@100;36050@100;36051@100;36052@100;36053@100;36054@100,36005@100;36006@100;36007@100;36008@100;36009@100;36010@100;36011@100;36012@100;36013@100;36014@100;36015@100;36016@100;36017@100;36018@100;36019@100;36020@100;36021@100;36022@100;36023@100;36024@100;36025@100;36026@100;36027@100;36028@100;36029@100,36030@100;36031@100;36032@100;36033@100;36034@100;36035@100;36036@100;36037@100;36038@100;36039@100;36040@100;36041@100;36042@100;36043@100;36044@100;36045@100;36046@100;36047@100;36048@100;36049@100;36050@100;36051@100;36052@100;36053@100;36054@100,36005@100;36006@100;36007@100;36008@100;36009@100;36010@100;36011@100;36012@100;36013@100;36014@100;36015@100;36016@100;36017@100;36018@100;36019@100;36020@100;36021@100;36022@100;36023@100;36024@100;36025@100;36026@100;36027@100;36028@100;36029@100,0,0,0,0,,,1,
3471,年兽,2,0,8,,TeamLv,0,,0,1,,4,8,7,0,0,0,0,0,0,0,0,0,0,0,0,0,0,36011@100,36005@100;36006@100;36007@100;36008@100;36009@100;36010@100;36011@100;36012@100;36013@100;36014@100;36015@100;36016@100;36017@100;36018@100;36019@100;36020@100;36021@100;36022@100;36023@100;36024@100;36025@100;36026@100;36027@100;36028@100;36029@100,36030@100;36031@100;36032@100;36033@100;36034@100;36035@100;36036@100;36037@100;36038@100;36039@100;36040@100;36041@100;36042@100;36043@100;36044@100;36045@100;36046@100;36047@100;36048@100;36049@100;36050@100;36051@100;36052@100;36053@100;36054@100,36005@100;36006@100;36007@100;36008@100;36009@100;36010@100;36011@100;36012@100;36013@100;36014@100;36015@100;36016@100;36017@100;36018@100;36019@100;36020@100;36021@100;36022@100;36023@100;36024@100;36025@100;36026@100;36027@100;36028@100;36029@100,36030@100;36031@100;36032@100;36033@100;36034@100;36035@100;36036@100;36037@100;36038@100;36039@100;36040@100;36041@100;36042@100;36043@100;36044@100;36045@100;36046@100;36047@100;36048@100;36049@100;36050@100;36051@100;36052@100;36053@100;36054@100,36005@100;36006@100;36007@100;36008@100;36009@100;36010@100;36011@100;36012@100;36013@100;36014@100;36015@100;36016@100;36017@100;36018@100;36019@100;36020@100;36021@100;36022@100;36023@100;36024@100;36025@100;36026@100;36027@100;36028@100;36029@100,36030@100;36031@100;36032@100;36033@100;36034@100;36035@100;36036@100;36037@100;36038@100;36039@100;36040@100;36041@100;36042@100;36043@100;36044@100;36045@100;36046@100;36047@100;36048@100;36049@100;36050@100;36051@100;36052@100;36053@100;36054@100,36005@100;36006@100;36007@100;36008@100;36009@100;36010@100;36011@100;36012@100;36013@100;36014@100;36015@100;36016@100;36017@100;36018@100;36019@100;36020@100;36021@100;36022@100;36023@100;36024@100;36025@100;36026@100;36027@100;36028@100;36029@100,36030@100;36031@100;36032@100;36033@100;36034@100;36035@100;36036@100;36037@100;36038@100;36039@100;36040@100;36041@100;36042@100;36043@100;36044@100;36045@100;36046@100;36047@100;36048@100;36049@100;36050@100;36051@100;36052@100;36053@100;36054@100,36005@100;36006@100;36007@100;36008@100;36009@100;36010@100;36011@100;36012@100;36013@100;36014@100;36015@100;36016@100;36017@100;36018@100;36019@100;36020@100;36021@100;36022@100;36023@100;36024@100;36025@100;36026@100;36027@100;36028@100;36029@100,0,0,0,0,,,1,
3472,年兽,2,0,9,,TeamLv,0,,0,1,,4,8,7,0,0,0,0,0,0,0,0,0,0,0,0,0,0,36012@100,36005@100;36006@100;36007@100;36008@100;36009@100;36010@100;36011@100;36012@100;36013@100;36014@100;36015@100;36016@100;36017@100;36018@100;36019@100;36020@100;36021@100;36022@100;36023@100;36024@100;36025@100;36026@100;36027@100;36028@100;36029@100,36030@100;36031@100;36032@100;36033@100;36034@100;36035@100;36036@100;36037@100;36038@100;36039@100;36040@100;36041@100;36042@100;36043@100;36044@100;36045@100;36046@100;36047@100;36048@100;36049@100;36050@100;36051@100;36052@100;36053@100;36054@100,36005@100;36006@100;36007@100;36008@100;36009@100;36010@100;36011@100;36012@100;36013@100;36014@100;36015@100;36016@100;36017@100;36018@100;36019@100;36020@100;36021@100;36022@100;36023@100;36024@100;36025@100;36026@100;36027@100;36028@100;36029@100,36030@100;36031@100;36032@100;36033@100;36034@100;36035@100;36036@100;36037@100;36038@100;36039@100;36040@100;36041@100;36042@100;36043@100;36044@100;36045@100;36046@100;36047@100;36048@100;36049@100;36050@100;36051@100;36052@100;36053@100;36054@100,36005@100;36006@100;36007@100;36008@100;36009@100;36010@100;36011@100;36012@100;36013@100;36014@100;36015@100;36016@100;36017@100;36018@100;36019@100;36020@100;36021@100;36022@100;36023@100;36024@100;36025@100;36026@100;36027@100;36028@100;36029@100,36030@100;36031@100;36032@100;36033@100;36034@100;36035@100;36036@100;36037@100;36038@100;36039@100;36040@100;36041@100;36042@100;36043@100;36044@100;36045@100;36046@100;36047@100;36048@100;36049@100;36050@100;36051@100;36052@100;36053@100;36054@100,36005@100;36006@100;36007@100;36008@100;36009@100;36010@100;36011@100;36012@100;36013@100;36014@100;36015@100;36016@100;36017@100;36018@100;36019@100;36020@100;36021@100;36022@100;36023@100;36024@100;36025@100;36026@100;36027@100;36028@100;36029@100,36030@100;36031@100;36032@100;36033@100;36034@100;36035@100;36036@100;36037@100;36038@100;36039@100;36040@100;36041@100;36042@100;36043@100;36044@100;36045@100;36046@100;36047@100;36048@100;36049@100;36050@100;36051@100;36052@100;36053@100;36054@100,36005@100;36006@100;36007@100;36008@100;36009@100;36010@100;36011@100;36012@100;36013@100;36014@100;36015@100;36016@100;36017@100;36018@100;36019@100;36020@100;36021@100;36022@100;36023@100;36024@100;36025@100;36026@100;36027@100;36028@100;36029@100,0,0,0,0,,,1,
3473,年兽,2,0,10,,TeamLv,0,,0,1,,4,8,7,0,0,0,0,0,0,0,0,0,0,0,0,0,0,36013@100,36005@100;36006@100;36007@100;36008@100;36009@100;36010@100;36011@100;36012@100;36013@100;36014@100;36015@100;36016@100;36017@100;36018@100;36019@100;36020@100;36021@100;36022@100;36023@100;36024@100;36025@100;36026@100;36027@100;36028@100;36029@100,36030@100;36031@100;36032@100;36033@100;36034@100;36035@100;36036@100;36037@100;36038@100;36039@100;36040@100;36041@100;36042@100;36043@100;36044@100;36045@100;36046@100;36047@100;36048@100;36049@100;36050@100;36051@100;36052@100;36053@100;36054@100,36005@100;36006@100;36007@100;36008@100;36009@100;36010@100;36011@100;36012@100;36013@100;36014@100;36015@100;36016@100;36017@100;36018@100;36019@100;36020@100;36021@100;36022@100;36023@100;36024@100;36025@100;36026@100;36027@100;36028@100;36029@100,36030@100;36031@100;36032@100;36033@100;36034@100;36035@100;36036@100;36037@100;36038@100;36039@100;36040@100;36041@100;36042@100;36043@100;36044@100;36045@100;36046@100;36047@100;36048@100;36049@100;36050@100;36051@100;36052@100;36053@100;36054@100,36005@100;36006@100;36007@100;36008@100;36009@100;36010@100;36011@100;36012@100;36013@100;36014@100;36015@100;36016@100;36017@100;36018@100;36019@100;36020@100;36021@100;36022@100;36023@100;36024@100;36025@100;36026@100;36027@100;36028@100;36029@100,36030@100;36031@100;36032@100;36033@100;36034@100;36035@100;36036@100;36037@100;36038@100;36039@100;36040@100;36041@100;36042@100;36043@100;36044@100;36045@100;36046@100;36047@100;36048@100;36049@100;36050@100;36051@100;36052@100;36053@100;36054@100,36005@100;36006@100;36007@100;36008@100;36009@100;36010@100;36011@100;36012@100;36013@100;36014@100;36015@100;36016@100;36017@100;36018@100;36019@100;36020@100;36021@100;36022@100;36023@100;36024@100;36025@100;36026@100;36027@100;36028@100;36029@100,36030@100;36031@100;36032@100;36033@100;36034@100;36035@100;36036@100;36037@100;36038@100;36039@100;36040@100;36041@100;36042@100;36043@100;36044@100;36045@100;36046@100;36047@100;36048@100;36049@100;36050@100;36051@100;36052@100;36053@100;36054@100,36005@100;36006@100;36007@100;36008@100;36009@100;36010@100;36011@100;36012@100;36013@100;36014@100;36015@100;36016@100;36017@100;36018@100;36019@100;36020@100;36021@100;36022@100;36023@100;36024@100;36025@100;36026@100;36027@100;36028@100;36029@100,0,0,0,0,,,1,
3474,年兽,2,0,1,,TeamLv,0,,0,1,,4,8,7,0,0,0,0,0,0,0,0,0,0,0,0,0,0,36014@100,36005@100;36006@100;36007@100;36008@100;36009@100;36010@100;36011@100;36012@100;36013@100;36014@100;36015@100;36016@100;36017@100;36018@100;36019@100;36020@100;36021@100;36022@100;36023@100;36024@100;36025@100;36026@100;36027@100;36028@100;36029@100,36030@100;36031@100;36032@100;36033@100;36034@100;36035@100;36036@100;36037@100;36038@100;36039@100;36040@100;36041@100;36042@100;36043@100;36044@100;36045@100;36046@100;36047@100;36048@100;36049@100;36050@100;36051@100;36052@100;36053@100;36054@100,36005@100;36006@100;36007@100;36008@100;36009@100;36010@100;36011@100;36012@100;36013@100;36014@100;36015@100;36016@100;36017@100;36018@100;36019@100;36020@100;36021@100;36022@100;36023@100;36024@100;36025@100;36026@100;36027@100;36028@100;36029@100,36030@100;36031@100;36032@100;36033@100;36034@100;36035@100;36036@100;36037@100;36038@100;36039@100;36040@100;36041@100;36042@100;36043@100;36044@100;36045@100;36046@100;36047@100;36048@100;36049@100;36050@100;36051@100;36052@100;36053@100;36054@100,36005@100;36006@100;36007@100;36008@100;36009@100;36010@100;36011@100;36012@100;36013@100;36014@100;36015@100;36016@100;36017@100;36018@100;36019@100;36020@100;36021@100;36022@100;36023@100;36024@100;36025@100;36026@100;36027@100;36028@100;36029@100,36030@100;36031@100;36032@100;36033@100;36034@100;36035@100;36036@100;36037@100;36038@100;36039@100;36040@100;36041@100;36042@100;36043@100;36044@100;36045@100;36046@100;36047@100;36048@100;36049@100;36050@100;36051@100;36052@100;36053@100;36054@100,36005@100;36006@100;36007@100;36008@100;36009@100;36010@100;36011@100;36012@100;36013@100;36014@100;36015@100;36016@100;36017@100;36018@100;36019@100;36020@100;36021@100;36022@100;36023@100;36024@100;36025@100;36026@100;36027@100;36028@100;36029@100,36030@100;36031@100;36032@100;36033@100;36034@100;36035@100;36036@100;36037@100;36038@100;36039@100;36040@100;36041@100;36042@100;36043@100;36044@100;36045@100;36046@100;36047@100;36048@100;36049@100;36050@100;36051@100;36052@100;36053@100;36054@100,36005@100;36006@100;36007@100;36008@100;36009@100;36010@100;36011@100;36012@100;36013@100;36014@100;36015@100;36016@100;36017@100;36018@100;36019@100;36020@100;36021@100;36022@100;36023@100;36024@100;36025@100;36026@100;36027@100;36028@100;36029@100,0,0,0,0,,,1,
3475,天罡1星-剑侠客,1,0,6,,TeamLv,0,,0,1,,0,10,7,0,0,0,0,0,0,0,0,0,0,0,0,0,0,0,0,0,34820@50;34821@50,34824@50;34821@50,34831@100,34832@100,34826@11;34827@11;34828@11;34833@11;34834@11;34835@11;34836@11;34837@11;34838@12,34826@34;34827@33;34828@33,34833@17;34834@17;34835@17;34836@17;34837@16;34838@16,0,34818@100,34822@100,34800@100,,,,
3476,天罡1星-逍遥生,1,0,6,,TeamLv,0,,0,1,,0,10,7,0,0,0,0,0,0,0,0,0,0,0,0,0,0,0,34818@100,34822@100,0,0,34831@100,34832@100,34826@11;34827@11;34828@11;34833@11;34834@11;34835@11;34836@11;34837@11;34838@12,34826@34;34827@33;34828@33,34833@17;34834@17;34835@17;34836@17;34837@16;34838@16,34801@100,34820@50;34821@50,34824@50;34821@50,0,,,,
3477,天罡1星-漠少君,1,0,6,,TeamLv,0,,0,1,,0,10,7,0,0,0,0,0,0,0,0,0,0,0,0,0,0,34802@100,0,0,34820@50;34821@50,34824@50;34821@50,34831@100,34832@100,34826@11;34827@11;34828@11;34833@11;34834@11;34835@11;34836@11;34837@11;34838@12,34826@34;34827@33;34828@33,34833@17;34834@17;34835@17;34836@17;34837@16;34838@16,0,34818@100,34822@100,0,,,,
3478,天罡1星-飞燕女,1,0,6,,TeamLv,0,,0,1,,0,10,7,0,0,0,0,0,0,0,0,0,0,0,0,0,0,0,0,0,34820@50;34821@50,34824@50;34821@50,34831@100,34832@100,34826@11;34827@11;34828@11;34833@11;34834@11;34835@11;34836@11;34837@11;34838@12,34826@34;34827@33;34828@33,34833@17;34834@17;34835@17;34836@17;34837@16;34838@16,0,34818@100,34822@100,34803@100,,,,
3479,天罡1星-英女侠,1,0,6,,TeamLv,0,,0,1,,0,10,7,0,0,0,0,0,0,0,0,0,0,0,0,0,0,0,34818@100,34822@100,0,0,34831@100,34832@100,34826@11;34827@11;34828@11;34833@11;34834@11;34835@11;34836@11;34837@11;34838@12,34826@34;34827@33;34828@33,34833@17;34834@17;34835@17;34836@17;34837@16;34838@16,34804@100,34820@50;34821@50,34824@50;34821@50,0,,,,
3480,天罡1星-巫蛮儿,1,0,6,,TeamLv,0,,0,1,,0,10,7,0,0,0,0,0,0,0,0,0,0,0,0,0,0,34805@100,0,0,34820@50;34821@50,34824@50;34821@50,34831@100,34832@100,34826@11;34827@11;34828@11;34833@11;34834@11;34835@11;34836@11;34837@11;34838@12,34826@34;34827@33;34828@33,34833@17;34834@17;34835@17;34836@17;34837@16;34838@16,0,34818@100,34822@100,0,,,,
3481,天罡1星-龙太子,1,0,6,,TeamLv,0,,0,1,,0,10,7,0,0,0,0,0,0,0,0,0,0,0,0,0,0,0,0,0,34820@50;34821@50,34824@50;34821@50,34831@100,34832@100,34826@11;34827@11;34828@11;34833@11;34834@11;34835@11;34836@11;34837@11;34838@12,34826@34;34827@33;34828@33,34833@17;34834@17;34835@17;34836@17;34837@16;34838@16,0,34818@100,34822@100,34806@100,,,,
3482,天罡1星-神天兵,2,0,6,,TeamLv,0,,0,1,,0,10,7,0,0,0,0,0,0,0,0,0,0,0,0,0,0,0,34818@100,34822@100,0,0,34831@100,34832@100,34826@11;34827@11;34828@11;34833@11;34834@11;34835@11;34836@11;34837@11;34838@12,34826@34;34827@33;34828@33,34833@17;34834@17;34835@17;34836@17;34837@16;34838@16,34807@100,34820@50;34821@50,34824@50;34821@50,0,,,,
3483,天罡1星-羽灵神,2,0,6,,TeamLv,0,,0,1,,0,10,7,0,0,0,0,0,0,0,0,0,0,0,0,0,0,34808@100,0,0,34820@50;34821@50,34824@50;34821@50,34831@100,34832@100,34826@11;34827@11;34828@11;34833@11;34834@11;34835@11;34836@11;34837@11;34838@12,34826@34;34827@33;34828@33,34833@17;34834@17;34835@17;34836@17;34837@16;34838@16,0,34818@100,34822@100,0,20;21;22;23,,,
3484,天罡1星-舞天姬,2,0,6,,TeamLv,0,,0,1,,0,10,7,0,0,0,0,0,0,0,0,0,0,0,0,0,0,0,0,0,34820@50;34821@50,34824@50;34821@50,34831@100,34832@100,34826@11;34827@11;34828@11;34833@11;34834@11;34835@11;34836@11;34837@11;34838@12,34826@34;34827@33;34828@33,34833@17;34834@17;34835@17;34836@17;34837@16;34838@16,0,34818@100,34822@100,34809@100,,,,
3485,天罡1星-梦玲珑,2,0,6,,TeamLv,0,,0,1,,0,10,7,0,0,0,0,0,0,0,0,0,0,0,0,0,0,0,34818@100,34822@100,0,0,34831@100,34832@100,34826@11;34827@11;34828@11;34833@11;34834@11;34835@11;34836@11;34837@11;34838@12,34826@34;34827@33;34828@33,34833@17;34834@17;34835@17;34836@17;34837@16;34838@16,34810@100,34820@50;34821@50,34824@50;34821@50,0,16;17;18;19;20;21;22;23;24,,,
3486,天罡1星-玄彩娥,2,0,6,,TeamLv,0,,0,1,,0,10,7,0,0,0,0,0,0,0,0,0,0,0,0,0,0,34811@100,0,0,34820@50;34821@50,34824@50;34821@50,34831@100,34832@100,34826@11;34827@11;34828@11;34833@11;34834@11;34835@11;34836@11;34837@11;34838@12,34826@34;34827@33;34828@33,34833@17;34834@17;34835@17;34836@17;34837@16;34838@16,0,34818@100,34822@100,0,,,,
3487,天罡1星-杀破狼,2,0,6,,TeamLv,0,,0,1,,0,10,7,0,0,0,0,0,0,0,0,0,0,0,0,0,0,0,0,0,34820@50;34821@50,34824@50;34821@50,34831@100,34832@100,34826@11;34827@11;34828@11;34833@11;34834@11;34835@11;34836@11;34837@11;34838@12,34826@34;34827@33;34828@33,34833@17;34834@17;34835@17;34836@17;34837@16;34838@16,0,34818@100,34822@100,34812@100,,,,
3488,天罡1星-虎头怪,2,0,6,,TeamLv,0,,0,1,,0,10,7,0,0,0,0,0,0,0,0,0,0,0,0,0,0,0,34818@100,34822@100,0,0,34831@100,34832@100,34826@11;34827@11;34828@11;34833@11;34834@11;34835@11;34836@11;34837@11;34838@12,34826@34;34827@33;34828@33,34833@17;34834@17;34835@17;34836@17;34837@16;34838@16,34813@100,34820@50;34821@50,34824@50;34821@50,0,,,,
3489,天罡1星-巨魔王,2,0,6,,TeamLv,0,,0,1,,0,10,7,0,0,0,0,0,0,0,0,0,0,0,0,0,0,34814@100,0,0,34820@50;34821@50,34824@50;34821@50,34831@100,34832@100,34826@11;34827@11;34828@11;34833@11;34834@11;34835@11;34836@11;34837@11;34838@12,34826@34;34827@33;34828@33,34833@17;34834@17;34835@17;34836@17;34837@16;34838@16,0,34818@100,34822@100,0,,,,
3490,天罡1星-骨精灵,2,0,6,,TeamLv,0,,0,1,,0,10,7,0,0,0,0,0,0,0,0,0,0,0,0,0,0,0,0,0,34820@50;34821@50,34824@50;34821@50,34831@100,34832@100,34826@11;34827@11;34828@11;34833@11;34834@11;34835@11;34836@11;34837@11;34838@12,34826@34;34827@33;34828@33,34833@17;34834@17;34835@17;34836@17;34837@16;34838@16,0,34818@100,34822@100,34815@100,,,,
3491,天罡1星-狐美人,2,0,6,,TeamLv,0,,0,1,,0,10,7,0,0,0,0,0,0,0,0,0,0,0,0,0,0,0,34818@100,34822@100,0,0,34831@100,34832@100,34826@11;34827@11;34828@11;34833@11;34834@11;34835@11;34836@11;34837@11;34838@12,34826@34;34827@33;34828@33,34833@17;34834@17;34835@17;34836@17;34837@16;34838@16,34816@100,34820@50;34821@50,34824@50;34821@50,0,,,,
3492,天罡2星-剑侠客,2,0,6,,TeamLv,0,,0,1,,0,10,7,0,0,0,0,0,0,0,0,0,0,0,0,0,0,0,0,0,34920@50;34921@50,34924@50;34921@50,34931@100,34932@100,34926@11;34927@11;34928@11;34933@11;34934@11;34935@11;34936@11;34937@11;34938@12,34926@34;34927@33;34928@33,34933@17;34934@17;34935@17;34936@17;34937@16;34938@16,0,34918@100,34922@100,34900@100,,,,
3493,天罡2星-逍遥生,2,0,6,,TeamLv,0,,0,1,,0,10,7,0,0,0,0,0,0,0,0,0,0,0,0,0,0,0,34918@100,34922@100,0,0,34931@100,34932@100,34926@11;34927@11;34928@11;34933@11;34934@11;34935@11;34936@11;34937@11;34938@12,34926@34;34927@33;34928@33,34933@17;34934@17;34935@17;34936@17;34937@16;34938@16,34901@100,34920@50;34921@50,34924@50;34921@50,0,,,,
3494,天罡2星-漠少君,2,0,6,,TeamLv,0,,0,1,,0,10,7,0,0,0,0,0,0,0,0,0,0,0,0,0,0,34902@100,0,0,34920@50;34921@50,34924@50;34921@50,34931@100,34932@100,34926@11;34927@11;34928@11;34933@11;34934@11;34935@11;34936@11;34937@11;34938@12,34926@34;34927@33;34928@33,34933@17;34934@17;34935@17;34936@17;34937@16;34938@16,0,34918@100,34922@100,0,,,,
3495,天罡2星-飞燕女,2,0,6,,TeamLv,0,,0,1,,0,10,7,0,0,0,0,0,0,0,0,0,0,0,0,0,0,0,0,0,34920@50;34921@50,34924@50;34921@50,34931@100,34932@100,34926@11;34927@11;34928@11;34933@11;34934@11;34935@11;34936@11;34937@11;34938@12,34926@34;34927@33;34928@33,34933@17;34934@17;34935@17;34936@17;34937@16;34938@16,0,34918@100,34922@100,34903@100,,,,
3496,天罡2星-英女侠,2,0,6,,TeamLv,0,,0,1,,0,10,7,0,0,0,0,0,0,0,0,0,0,0,0,0,0,0,34918@100,34922@100,0,0,34931@100,34932@100,34926@11;34927@11;34928@11;34933@11;34934@11;34935@11;34936@11;34937@11;34938@12,34926@34;34927@33;34928@33,34933@17;34934@17;34935@17;34936@17;34937@16;34938@16,34904@100,34920@50;34921@50,34924@50;34921@50,0,,,,
3497,天罡2星-巫蛮儿,2,0,6,,TeamLv,0,,0,1,,0,10,7,0,0,0,0,0,0,0,0,0,0,0,0,0,0,34905@100,0,0,34920@50;34921@50,34924@50;34921@50,34931@100,34932@100,34926@11;34927@11;34928@11;34933@11;34934@11;34935@11;34936@11;34937@11;34938@12,34926@34;34927@33;34928@33,34933@17;34934@17;34935@17;34936@17;34937@16;34938@16,0,34918@100,34922@100,0,,,,
3498,天罡2星-龙太子,2,0,6,,TeamLv,0,,0,1,,0,10,7,0,0,0,0,0,0,0,0,0,0,0,0,0,0,0,0,0,34920@50;34921@50,34924@50;34921@50,34931@100,34932@100,34926@11;34927@11;34928@11;34933@11;34934@11;34935@11;34936@11;34937@11;34938@12,34926@34;34927@33;34928@33,34933@17;34934@17;34935@17;34936@17;34937@16;34938@16,0,34918@100,34922@100,34906@100,,,,
3499,天罡2星-神天兵,2,0,6,,TeamLv,0,,0,1,,0,10,7,0,0,0,0,0,0,0,0,0,0,0,0,0,0,0,34918@100,34922@100,0,0,34931@100,34932@100,34926@11;34927@11;34928@11;34933@11;34934@11;34935@11;34936@11;34937@11;34938@12,34926@34;34927@33;34928@33,34933@17;34934@17;34935@17;34936@17;34937@16;34938@16,34907@100,34920@50;34921@50,34924@50;34921@50,0,,,,
3500,天罡2星-羽灵神,2,0,6,,TeamLv,0,,0,1,,0,10,7,0,0,0,0,0,0,0,0,0,0,0,0,0,0,34908@100,0,0,34920@50;34921@50,34924@50;34921@50,34931@100,34932@100,34926@11;34927@11;34928@11;34933@11;34934@11;34935@11;34936@11;34937@11;34938@12,34926@34;34927@33;34928@33,34933@17;34934@17;34935@17;34936@17;34937@16;34938@16,0,34918@100,34922@100,0,20;21;22;23,,,
3501,天罡2星-舞天姬,2,0,6,,TeamLv,0,,0,1,,0,10,7,0,0,0,0,0,0,0,0,0,0,0,0,0,0,0,0,0,34920@50;34921@50,34924@50;34921@50,34931@100,34932@100,34926@11;34927@11;34928@11;34933@11;34934@11;34935@11;34936@11;34937@11;34938@12,34926@34;34927@33;34928@33,34933@17;34934@17;34935@17;34936@17;34937@16;34938@16,0,34918@100,34922@100,34909@100,,,,
3502,天罡2星-梦玲珑,2,0,6,,TeamLv,0,,0,1,,0,10,7,0,0,0,0,0,0,0,0,0,0,0,0,0,0,0,34918@100,34922@100,0,0,34931@100,34932@100,34926@11;34927@11;34928@11;34933@11;34934@11;34935@11;34936@11;34937@11;34938@12,34926@34;34927@33;34928@33,34933@17;34934@17;34935@17;34936@17;34937@16;34938@16,34910@100,34920@50;34921@50,34924@50;34921@50,0,16;17;18;19;20;21;22;23;24,,,
3503,天罡2星-玄彩娥,2,0,6,,TeamLv,0,,0,1,,0,10,7,0,0,0,0,0,0,0,0,0,0,0,0,0,0,34911@100,0,0,34920@50;34921@50,34924@50;34921@50,34931@100,34932@100,34926@11;34927@11;34928@11;34933@11;34934@11;34935@11;34936@11;34937@11;34938@12,34926@34;34927@33;34928@33,34933@17;34934@17;34935@17;34936@17;34937@16;34938@16,0,34918@100,34922@100,0,,,,
3504,天罡2星-杀破狼,2,0,6,,TeamLv,0,,0,1,,0,10,7,0,0,0,0,0,0,0,0,0,0,0,0,0,0,0,0,0,34920@50;34921@50,34924@50;34921@50,34931@100,34932@100,34926@11;34927@11;34928@11;34933@11;34934@11;34935@11;34936@11;34937@11;34938@12,34926@34;34927@33;34928@33,34933@17;34934@17;34935@17;34936@17;34937@16;34938@16,0,34918@100,34922@100,34912@100,,,,
3505,天罡2星-虎头怪,2,0,6,,TeamLv,0,,0,1,,0,10,7,0,0,0,0,0,0,0,0,0,0,0,0,0,0,0,34918@100,34922@100,0,0,34931@100,34932@100,34926@11;34927@11;34928@11;34933@11;34934@11;34935@11;34936@11;34937@11;34938@12,34926@34;34927@33;34928@33,34933@17;34934@17;34935@17;34936@17;34937@16;34938@16,34913@100,34920@50;34921@50,34924@50;34921@50,0,,,,
3506,天罡2星-巨魔王,2,0,6,,TeamLv,0,,0,1,,0,10,7,0,0,0,0,0,0,0,0,0,0,0,0,0,0,34914@100,0,0,34920@50;34921@50,34924@50;34921@50,34931@100,34932@100,34926@11;34927@11;34928@11;34933@11;34934@11;34935@11;34936@11;34937@11;34938@12,34926@34;34927@33;34928@33,34933@17;34934@17;34935@17;34936@17;34937@16;34938@16,0,34918@100,34922@100,0,,,,
3507,天罡2星-骨精灵,2,0,6,,TeamLv,0,,0,1,,0,10,7,0,0,0,0,0,0,0,0,0,0,0,0,0,0,0,0,0,34920@50;34921@50,34924@50;34921@50,34931@100,34932@100,34926@11;34927@11;34928@11;34933@11;34934@11;34935@11;34936@11;34937@11;34938@12,34926@34;34927@33;34928@33,34933@17;34934@17;34935@17;34936@17;34937@16;34938@16,0,34918@100,34922@100,34915@100,,,,
3508,天罡2星-狐美人,2,0,6,,TeamLv,0,,0,1,,0,10,7,0,0,0,0,0,0,0,0,0,0,0,0,0,0,0,34918@100,34922@100,0,0,34931@100,34932@100,34926@11;34927@11;34928@11;34933@11;34934@11;34935@11;34936@11;34937@11;34938@12,34926@34;34927@33;34928@33,34933@17;34934@17;34935@17;34936@17;34937@16;34938@16,34916@100,34920@50;34921@50,34924@50;34921@50,0,,,,
3509,天罡3星-剑侠客,2,0,6,,TeamLv,0,,0,1,,0,10,7,0,0,0,0,0,0,0,0,0,0,0,0,0,0,0,0,0,35020@50;35021@50,35024@50;35021@50,35031@100,35032@100,35026@11;35027@11;35028@11;35033@11;35034@11;35035@11;35036@11;35037@11;35038@12,35026@34;35027@33;35028@33,35033@17;35034@17;35035@17;35036@17;35037@16;35038@16,0,35018@100,35022@100,35000@100,,,,
3510,天罡3星-逍遥生,2,0,6,,TeamLv,0,,0,1,,0,10,7,0,0,0,0,0,0,0,0,0,0,0,0,0,0,0,35018@100,35022@100,0,0,35031@100,35032@100,35026@11;35027@11;35028@11;35033@11;35034@11;35035@11;35036@11;35037@11;35038@12,35026@34;35027@33;35028@33,35033@17;35034@17;35035@17;35036@17;35037@16;35038@16,35001@100,35020@50;35021@50,35024@50;35021@50,0,,,,
3511,天罡3星-漠少君,2,0,6,,TeamLv,0,,0,1,,0,10,7,0,0,0,0,0,0,0,0,0,0,0,0,0,0,35002@100,0,0,35020@50;35021@50,35024@50;35021@50,35031@100,35032@100,35026@11;35027@11;35028@11;35033@11;35034@11;35035@11;35036@11;35037@11;35038@12,35026@34;35027@33;35028@33,35033@17;35034@17;35035@17;35036@17;35037@16;35038@16,0,35018@100,35022@100,0,,,,
3512,天罡3星-飞燕女,2,0,6,,TeamLv,0,,0,1,,0,10,7,0,0,0,0,0,0,0,0,0,0,0,0,0,0,0,0,0,35020@50;35021@50,35024@50;35021@50,35031@100,35032@100,35026@11;35027@11;35028@11;35033@11;35034@11;35035@11;35036@11;35037@11;35038@12,35026@34;35027@33;35028@33,35033@17;35034@17;35035@17;35036@17;35037@16;35038@16,0,35018@100,35022@100,35003@100,,,,
3513,天罡3星-英女侠,2,0,6,,TeamLv,0,,0,1,,0,10,7,0,0,0,0,0,0,0,0,0,0,0,0,0,0,0,35018@100,35022@100,0,0,35031@100,35032@100,35026@11;35027@11;35028@11;35033@11;35034@11;35035@11;35036@11;35037@11;35038@12,35026@34;35027@33;35028@33,35033@17;35034@17;35035@17;35036@17;35037@16;35038@16,35004@100,35020@50;35021@50,35024@50;35021@50,0,,,,
3514,天罡3星-巫蛮儿,2,0,6,,TeamLv,0,,0,1,,0,10,7,0,0,0,0,0,0,0,0,0,0,0,0,0,0,35005@100,0,0,35020@50;35021@50,35024@50;35021@50,35031@100,35032@100,35026@11;35027@11;35028@11;35033@11;35034@11;35035@11;35036@11;35037@11;35038@12,35026@34;35027@33;35028@33,35033@17;35034@17;35035@17;35036@17;35037@16;35038@16,0,35018@100,35022@100,0,,,,
3515,天罡3星-龙太子,2,0,6,,TeamLv,0,,0,1,,0,10,7,0,0,0,0,0,0,0,0,0,0,0,0,0,0,0,0,0,35020@50;35021@50,35024@50;35021@50,35031@100,35032@100,35026@11;35027@11;35028@11;35033@11;35034@11;35035@11;35036@11;35037@11;35038@12,35026@34;35027@33;35028@33,35033@17;35034@17;35035@17;35036@17;35037@16;35038@16,0,35018@100,35022@100,35006@100,,,,
3516,天罡3星-神天兵,2,0,6,,TeamLv,0,,0,1,,0,10,7,0,0,0,0,0,0,0,0,0,0,0,0,0,0,0,35018@100,35022@100,0,0,35031@100,35032@100,35026@11;35027@11;35028@11;35033@11;35034@11;35035@11;35036@11;35037@11;35038@12,35026@34;35027@33;35028@33,35033@17;35034@17;35035@17;35036@17;35037@16;35038@16,35007@100,35020@50;35021@50,35024@50;35021@50,0,,,,
3517,天罡3星-羽灵神,2,0,6,,TeamLv,0,,0,1,,0,10,7,0,0,0,0,0,0,0,0,0,0,0,0,0,0,35008@100,0,0,35020@50;35021@50,35024@50;35021@50,35031@100,35032@100,35026@11;35027@11;35028@11;35033@11;35034@11;35035@11;35036@11;35037@11;35038@12,35026@34;35027@33;35028@33,35033@17;35034@17;35035@17;35036@17;35037@16;35038@16,0,35018@100,35022@100,0,20;21;22;23,,,
3518,天罡3星-舞天姬,2,0,6,,TeamLv,0,,0,1,,0,10,7,0,0,0,0,0,0,0,0,0,0,0,0,0,0,0,0,0,35020@50;35021@50,35024@50;35021@50,35031@100,35032@100,35026@11;35027@11;35028@11;35033@11;35034@11;35035@11;35036@11;35037@11;35038@12,35026@34;35027@33;35028@33,35033@17;35034@17;35035@17;35036@17;35037@16;35038@16,0,35018@100,35022@100,35009@100,,,,
3519,天罡3星-梦玲珑,2,0,6,,TeamLv,0,,0,1,,0,10,7,0,0,0,0,0,0,0,0,0,0,0,0,0,0,0,35018@100,35022@100,0,0,35031@100,35032@100,35026@11;35027@11;35028@11;35033@11;35034@11;35035@11;35036@11;35037@11;35038@12,35026@34;35027@33;35028@33,35033@17;35034@17;35035@17;35036@17;35037@16;35038@16,35010@100,35020@50;35021@50,35024@50;35021@50,0,16;17;18;19;20;21;22;23;24,,,
3520,天罡3星-玄彩娥,2,0,6,,TeamLv,0,,0,1,,0,10,7,0,0,0,0,0,0,0,0,0,0,0,0,0,0,35011@100,0,0,35020@50;35021@50,35024@50;35021@50,35031@100,35032@100,35026@11;35027@11;35028@11;35033@11;35034@11;35035@11;35036@11;35037@11;35038@12,35026@34;35027@33;35028@33,35033@17;35034@17;35035@17;35036@17;35037@16;35038@16,0,35018@100,35022@100,0,,,,
3521,天罡3星-杀破狼,2,0,6,,TeamLv,0,,0,1,,0,10,7,0,0,0,0,0,0,0,0,0,0,0,0,0,0,0,0,0,35020@50;35021@50,35024@50;35021@50,35031@100,35032@100,35026@11;35027@11;35028@11;35033@11;35034@11;35035@11;35036@11;35037@11;35038@12,35026@34;35027@33;35028@33,35033@17;35034@17;35035@17;35036@17;35037@16;35038@16,0,35018@100,35022@100,35012@100,,,,
3522,天罡3星-虎头怪,2,0,6,,TeamLv,0,,0,1,,0,10,7,0,0,0,0,0,0,0,0,0,0,0,0,0,0,0,35018@100,35022@100,0,0,35031@100,35032@100,35026@11;35027@11;35028@11;35033@11;35034@11;35035@11;35036@11;35037@11;35038@12,35026@34;35027@33;35028@33,35033@17;35034@17;35035@17;35036@17;35037@16;35038@16,35013@100,35020@50;35021@50,35024@50;35021@50,0,,,,
3523,天罡3星-巨魔王,2,0,6,,TeamLv,0,,0,1,,0,10,7,0,0,0,0,0,0,0,0,0,0,0,0,0,0,35014@100,0,0,35020@50;35021@50,35024@50;35021@50,35031@100,35032@100,35026@11;35027@11;35028@11;35033@11;35034@11;35035@11;35036@11;35037@11;35038@12,35026@34;35027@33;35028@33,35033@17;35034@17;35035@17;35036@17;35037@16;35038@16,0,35018@100,35022@100,0,,,,
3524,天罡3星-骨精灵,2,0,6,,TeamLv,0,,0,1,,0,10,7,0,0,0,0,0,0,0,0,0,0,0,0,0,0,0,0,0,35020@50;35021@50,35024@50;35021@50,35031@100,35032@100,35026@11;35027@11;35028@11;35033@11;35034@11;35035@11;35036@11;35037@11;35038@12,35026@34;35027@33;35028@33,35033@17;35034@17;35035@17;35036@17;35037@16;35038@16,0,35018@100,35022@100,35015@100,,,,
3525,天罡3星-狐美人,2,0,6,,TeamLv,0,,0,1,,0,10,7,0,0,0,0,0,0,0,0,0,0,0,0,0,0,0,35018@100,35022@100,0,0,35031@100,35032@100,35026@11;35027@11;35028@11;35033@11;35034@11;35035@11;35036@11;35037@11;35038@12,35026@34;35027@33;35028@33,35033@17;35034@17;35035@17;35036@17;35037@16;35038@16,35016@100,35020@50;35021@50,35024@50;35021@50,0,,,,
3526,天罡4星-剑侠客,2,0,6,,TeamLv,0,,0,1,,0,10,7,0,0,0,0,0,0,0,0,0,0,0,0,0,0,0,0,0,35120@50;35121@50,35124@50;35121@50,35131@100,35132@100,35126@11;35127@11;35128@11;35133@11;35134@11;35135@11;35136@11;35137@11;35138@12,35126@34;35127@33;35128@33,35133@17;35134@17;35135@17;35136@17;35137@16;35138@16,0,35118@100,35122@100,35100@100,,,,
3527,天罡4星-逍遥生,2,0,6,,TeamLv,0,,0,1,,0,10,7,0,0,0,0,0,0,0,0,0,0,0,0,0,0,0,35118@100,35122@100,0,0,35131@100,35132@100,35126@11;35127@11;35128@11;35133@11;35134@11;35135@11;35136@11;35137@11;35138@12,35126@34;35127@33;35128@33,35133@17;35134@17;35135@17;35136@17;35137@16;35138@16,35101@100,35120@50;35121@50,35124@50;35121@50,0,,,,
3528,天罡4星-漠少君,2,0,6,,TeamLv,0,,0,1,,0,10,7,0,0,0,0,0,0,0,0,0,0,0,0,0,0,35102@100,0,0,35120@50;35121@50,35124@50;35121@50,35131@100,35132@100,35126@11;35127@11;35128@11;35133@11;35134@11;35135@11;35136@11;35137@11;35138@12,35126@34;35127@33;35128@33,35133@17;35134@17;35135@17;35136@17;35137@16;35138@16,0,35118@100,35122@100,0,,,,
3529,天罡4星-飞燕女,2,0,6,,TeamLv,0,,0,1,,0,10,7,0,0,0,0,0,0,0,0,0,0,0,0,0,0,0,0,0,35120@50;35121@50,35124@50;35121@50,35131@100,35132@100,35126@11;35127@11;35128@11;35133@11;35134@11;35135@11;35136@11;35137@11;35138@12,35126@34;35127@33;35128@33,35133@17;35134@17;35135@17;35136@17;35137@16;35138@16,0,35118@100,35122@100,35103@100,,,,
3530,天罡4星-英女侠,2,0,6,,TeamLv,0,,0,1,,0,10,7,0,0,0,0,0,0,0,0,0,0,0,0,0,0,0,35118@100,35122@100,0,0,35131@100,35132@100,35126@11;35127@11;35128@11;35133@11;35134@11;35135@11;35136@11;35137@11;35138@12,35126@34;35127@33;35128@33,35133@17;35134@17;35135@17;35136@17;35137@16;35138@16,35104@100,35120@50;35121@50,35124@50;35121@50,0,,,,
3531,天罡4星-巫蛮儿,2,0,6,,TeamLv,0,,0,1,,0,10,7,0,0,0,0,0,0,0,0,0,0,0,0,0,0,35105@100,0,0,35120@50;35121@50,35124@50;35121@50,35131@100,35132@100,35126@11;35127@11;35128@11;35133@11;35134@11;35135@11;35136@11;35137@11;35138@12,35126@34;35127@33;35128@33,35133@17;35134@17;35135@17;35136@17;35137@16;35138@16,0,35118@100,35122@100,0,,,,
3532,天罡4星-龙太子,2,0,6,,TeamLv,0,,0,1,,0,10,7,0,0,0,0,0,0,0,0,0,0,0,0,0,0,0,0,0,35120@50;35121@50,35124@50;35121@50,35131@100,35132@100,35126@11;35127@11;35128@11;35133@11;35134@11;35135@11;35136@11;35137@11;35138@12,35126@34;35127@33;35128@33,35133@17;35134@17;35135@17;35136@17;35137@16;35138@16,0,35118@100,35122@100,35106@100,,,,
3533,天罡4星-神天兵,2,0,6,,TeamLv,0,,0,1,,0,10,7,0,0,0,0,0,0,0,0,0,0,0,0,0,0,0,35118@100,35122@100,0,0,35131@100,35132@100,35126@11;35127@11;35128@11;35133@11;35134@11;35135@11;35136@11;35137@11;35138@12,35126@34;35127@33;35128@33,35133@17;35134@17;35135@17;35136@17;35137@16;35138@16,35107@100,35120@50;35121@50,35124@50;35121@50,0,,,,
3534,天罡4星-羽灵神,2,0,6,,TeamLv,0,,0,1,,0,10,7,0,0,0,0,0,0,0,0,0,0,0,0,0,0,35108@100,0,0,35120@50;35121@50,35124@50;35121@50,35131@100,35132@100,35126@11;35127@11;35128@11;35133@11;35134@11;35135@11;35136@11;35137@11;35138@12,35126@34;35127@33;35128@33,35133@17;35134@17;35135@17;35136@17;35137@16;35138@16,0,35118@100,35122@100,0,20;21;22;23,,,
3535,天罡4星-舞天姬,2,0,6,,TeamLv,0,,0,1,,0,10,7,0,0,0,0,0,0,0,0,0,0,0,0,0,0,0,0,0,35120@50;35121@50,35124@50;35121@50,35131@100,35132@100,35126@11;35127@11;35128@11;35133@11;35134@11;35135@11;35136@11;35137@11;35138@12,35126@34;35127@33;35128@33,35133@17;35134@17;35135@17;35136@17;35137@16;35138@16,0,35118@100,35122@100,35109@100,,,,
3536,天罡4星-梦玲珑,2,0,6,,TeamLv,0,,0,1,,0,10,7,0,0,0,0,0,0,0,0,0,0,0,0,0,0,0,35118@100,35122@100,0,0,35131@100,35132@100,35126@11;35127@11;35128@11;35133@11;35134@11;35135@11;35136@11;35137@11;35138@12,35126@34;35127@33;35128@33,35133@17;35134@17;35135@17;35136@17;35137@16;35138@16,35110@100,35120@50;35121@50,35124@50;35121@50,0,16;17;18;19;20;21;22;23;24,,,
3537,天罡4星-玄彩娥,2,0,6,,TeamLv,0,,0,1,,0,10,7,0,0,0,0,0,0,0,0,0,0,0,0,0,0,35111@100,0,0,35120@50;35121@50,35124@50;35121@50,35131@100,35132@100,35126@11;35127@11;35128@11;35133@11;35134@11;35135@11;35136@11;35137@11;35138@12,35126@34;35127@33;35128@33,35133@17;35134@17;35135@17;35136@17;35137@16;35138@16,0,35118@100,35122@100,0,,,,
3538,天罡4星-杀破狼,2,0,6,,TeamLv,0,,0,1,,0,10,7,0,0,0,0,0,0,0,0,0,0,0,0,0,0,0,0,0,35120@50;35121@50,35124@50;35121@50,35131@100,35132@100,35126@11;35127@11;35128@11;35133@11;35134@11;35135@11;35136@11;35137@11;35138@12,35126@34;35127@33;35128@33,35133@17;35134@17;35135@17;35136@17;35137@16;35138@16,0,35118@100,35122@100,35112@100,,,,
3539,天罡4星-虎头怪,2,0,6,,TeamLv,0,,0,1,,0,10,7,0,0,0,0,0,0,0,0,0,0,0,0,0,0,0,35118@100,35122@100,0,0,35131@100,35132@100,35126@11;35127@11;35128@11;35133@11;35134@11;35135@11;35136@11;35137@11;35138@12,35126@34;35127@33;35128@33,35133@17;35134@17;35135@17;35136@17;35137@16;35138@16,35113@100,35120@50;35121@50,35124@50;35121@50,0,,,,
3540,天罡4星-巨魔王,2,0,6,,TeamLv,0,,0,1,,0,10,7,0,0,0,0,0,0,0,0,0,0,0,0,0,0,35114@100,0,0,35120@50;35121@50,35124@50;35121@50,35131@100,35132@100,35126@11;35127@11;35128@11;35133@11;35134@11;35135@11;35136@11;35137@11;35138@12,35126@34;35127@33;35128@33,35133@17;35134@17;35135@17;35136@17;35137@16;35138@16,0,35118@100,35122@100,0,,,,
3541,天罡4星-骨精灵,2,0,6,,TeamLv,0,,0,1,,0,10,7,0,0,0,0,0,0,0,0,0,0,0,0,0,0,0,0,0,35120@50;35121@50,35124@50;35121@50,35131@100,35132@100,35126@11;35127@11;35128@11;35133@11;35134@11;35135@11;35136@11;35137@11;35138@12,35126@34;35127@33;35128@33,35133@17;35134@17;35135@17;35136@17;35137@16;35138@16,0,35118@100,35122@100,35115@100,,,,
3542,天罡4星-狐美人,2,0,6,,TeamLv,0,,0,1,,0,10,7,0,0,0,0,0,0,0,0,0,0,0,0,0,0,0,35118@100,35122@100,0,0,35131@100,35132@100,35126@11;35127@11;35128@11;35133@11;35134@11;35135@11;35136@11;35137@11;35138@12,35126@34;35127@33;35128@33,35133@17;35134@17;35135@17;35136@17;35137@16;35138@16,35116@100,35120@50;35121@50,35124@50;35121@50,0,,,,
3543,天罡5星-剑侠客,2,0,6,,TeamLv,0,,0,1,,0,10,7,0,0,0,0,0,0,0,0,0,0,0,0,0,0,0,0,0,35220@50;35221@50,35224@50;35221@50,35231@100,35232@100,35226@11;35227@11;35228@11;35233@11;35234@11;35235@11;35236@11;35237@11;35238@12,35226@34;35227@33;35228@33,35233@17;35234@17;35235@17;35236@17;35237@16;35238@16,0,35218@100,35222@100,35200@100,,,,
3544,天罡5星-逍遥生,2,0,6,,TeamLv,0,,0,1,,0,10,7,0,0,0,0,0,0,0,0,0,0,0,0,0,0,0,35218@100,35222@100,0,0,35231@100,35232@100,35226@11;35227@11;35228@11;35233@11;35234@11;35235@11;35236@11;35237@11;35238@12,35226@34;35227@33;35228@33,35233@17;35234@17;35235@17;35236@17;35237@16;35238@16,35201@100,35220@50;35221@50,35224@50;35221@50,0,,,,
3545,天罡5星-漠少君,2,0,6,,TeamLv,0,,0,1,,0,10,7,0,0,0,0,0,0,0,0,0,0,0,0,0,0,35202@100,0,0,35220@50;35221@50,35224@50;35221@50,35231@100,35232@100,35226@11;35227@11;35228@11;35233@11;35234@11;35235@11;35236@11;35237@11;35238@12,35226@34;35227@33;35228@33,35233@17;35234@17;35235@17;35236@17;35237@16;35238@16,0,35218@100,35222@100,0,,,,
3546,天罡5星-飞燕女,2,0,6,,TeamLv,0,,0,1,,0,10,7,0,0,0,0,0,0,0,0,0,0,0,0,0,0,0,0,0,35220@50;35221@50,35224@50;35221@50,35231@100,35232@100,35226@11;35227@11;35228@11;35233@11;35234@11;35235@11;35236@11;35237@11;35238@12,35226@34;35227@33;35228@33,35233@17;35234@17;35235@17;35236@17;35237@16;35238@16,0,35218@100,35222@100,35203@100,,,,
3547,天罡5星-英女侠,2,0,6,,TeamLv,0,,0,1,,0,10,7,0,0,0,0,0,0,0,0,0,0,0,0,0,0,0,35218@100,35222@100,0,0,35231@100,35232@100,35226@11;35227@11;35228@11;35233@11;35234@11;35235@11;35236@11;35237@11;35238@12,35226@34;35227@33;35228@33,35233@17;35234@17;35235@17;35236@17;35237@16;35238@16,35204@100,35220@50;35221@50,35224@50;35221@50,0,,,,
3548,天罡5星-巫蛮儿,2,0,6,,TeamLv,0,,0,1,,0,10,7,0,0,0,0,0,0,0,0,0,0,0,0,0,0,35205@100,0,0,35220@50;35221@50,35224@50;35221@50,35231@100,35232@100,35226@11;35227@11;35228@11;35233@11;35234@11;35235@11;35236@11;35237@11;35238@12,35226@34;35227@33;35228@33,35233@17;35234@17;35235@17;35236@17;35237@16;35238@16,0,35218@100,35222@100,0,,,,
3549,天罡5星-龙太子,2,0,6,,TeamLv,0,,0,1,,0,10,7,0,0,0,0,0,0,0,0,0,0,0,0,0,0,0,0,0,35220@50;35221@50,35224@50;35221@50,35231@100,35232@100,35226@11;35227@11;35228@11;35233@11;35234@11;35235@11;35236@11;35237@11;35238@12,35226@34;35227@33;35228@33,35233@17;35234@17;35235@17;35236@17;35237@16;35238@16,0,35218@100,35222@100,35206@100,,,,
3550,天罡5星-神天兵,2,0,6,,TeamLv,0,,0,1,,0,10,7,0,0,0,0,0,0,0,0,0,0,0,0,0,0,0,35218@100,35222@100,0,0,35231@100,35232@100,35226@11;35227@11;35228@11;35233@11;35234@11;35235@11;35236@11;35237@11;35238@12,35226@34;35227@33;35228@33,35233@17;35234@17;35235@17;35236@17;35237@16;35238@16,35207@100,35220@50;35221@50,35224@50;35221@50,0,,,,
3551,天罡5星-羽灵神,2,0,6,,TeamLv,0,,0,1,,0,10,7,0,0,0,0,0,0,0,0,0,0,0,0,0,0,35208@100,0,0,35220@50;35221@50,35224@50;35221@50,35231@100,35232@100,35226@11;35227@11;35228@11;35233@11;35234@11;35235@11;35236@11;35237@11;35238@12,35226@34;35227@33;35228@33,35233@17;35234@17;35235@17;35236@17;35237@16;35238@16,0,35218@100,35222@100,0,20;21;22;23,,,
3552,天罡5星-舞天姬,2,0,6,,TeamLv,0,,0,1,,0,10,7,0,0,0,0,0,0,0,0,0,0,0,0,0,0,0,0,0,35220@50;35221@50,35224@50;35221@50,35231@100,35232@100,35226@11;35227@11;35228@11;35233@11;35234@11;35235@11;35236@11;35237@11;35238@12,35226@34;35227@33;35228@33,35233@17;35234@17;35235@17;35236@17;35237@16;35238@16,0,35218@100,35222@100,35209@100,,,,
3553,天罡5星-梦玲珑,2,0,6,,TeamLv,0,,0,1,,0,10,7,0,0,0,0,0,0,0,0,0,0,0,0,0,0,0,35218@100,35222@100,0,0,35231@100,35232@100,35226@11;35227@11;35228@11;35233@11;35234@11;35235@11;35236@11;35237@11;35238@12,35226@34;35227@33;35228@33,35233@17;35234@17;35235@17;35236@17;35237@16;35238@16,35210@100,35220@50;35221@50,35224@50;35221@50,0,16;17;18;19;20;21;22;23;24,,,
3554,天罡5星-玄彩娥,2,0,6,,TeamLv,0,,0,1,,0,10,7,0,0,0,0,0,0,0,0,0,0,0,0,0,0,35211@100,0,0,35220@50;35221@50,35224@50;35221@50,35231@100,35232@100,35226@11;35227@11;35228@11;35233@11;35234@11;35235@11;35236@11;35237@11;35238@12,35226@34;35227@33;35228@33,35233@17;35234@17;35235@17;35236@17;35237@16;35238@16,0,35218@100,35222@100,0,,,,
3555,天罡5星-杀破狼,2,0,6,,TeamLv,0,,0,1,,0,10,7,0,0,0,0,0,0,0,0,0,0,0,0,0,0,0,0,0,35220@50;35221@50,35224@50;35221@50,35231@100,35232@100,35226@11;35227@11;35228@11;35233@11;35234@11;35235@11;35236@11;35237@11;35238@12,35226@34;35227@33;35228@33,35233@17;35234@17;35235@17;35236@17;35237@16;35238@16,0,35218@100,35222@100,35212@100,,,,
3556,天罡5星-虎头怪,2,0,6,,TeamLv,0,,0,1,,0,10,7,0,0,0,0,0,0,0,0,0,0,0,0,0,0,0,35218@100,35222@100,0,0,35231@100,35232@100,35226@11;35227@11;35228@11;35233@11;35234@11;35235@11;35236@11;35237@11;35238@12,35226@34;35227@33;35228@33,35233@17;35234@17;35235@17;35236@17;35237@16;35238@16,35213@100,35220@50;35221@50,35224@50;35221@50,0,,,,
3557,天罡5星-巨魔王,2,0,6,,TeamLv,0,,0,1,,0,10,7,0,0,0,0,0,0,0,0,0,0,0,0,0,0,35214@100,0,0,35220@50;35221@50,35224@50;35221@50,35231@100,35232@100,35226@11;35227@11;35228@11;35233@11;35234@11;35235@11;35236@11;35237@11;35238@12,35226@34;35227@33;35228@33,35233@17;35234@17;35235@17;35236@17;35237@16;35238@16,0,35218@100,35222@100,0,,,,
3558,天罡5星-骨精灵,2,0,6,,TeamLv,0,,0,1,,0,10,7,0,0,0,0,0,0,0,0,0,0,0,0,0,0,0,0,0,35220@50;35221@50,35224@50;35221@50,35231@100,35232@100,35226@11;35227@11;35228@11;35233@11;35234@11;35235@11;35236@11;35237@11;35238@12,35226@34;35227@33;35228@33,35233@17;35234@17;35235@17;35236@17;35237@16;35238@16,0,35218@100,35222@100,35215@100,,,,
3559,天罡5星-狐美人,2,0,6,,TeamLv,0,,0,1,,0,10,7,0,0,0,0,0,0,0,0,0,0,0,0,0,0,0,35218@100,35222@100,0,0,35231@100,35232@100,35226@11;35227@11;35228@11;35233@11;35234@11;35235@11;35236@11;35237@11;35238@12,35226@34;35227@33;35228@33,35233@17;35234@17;35235@17;35236@17;35237@16;35238@16,35216@100,35220@50;35221@50,35224@50;35221@50,0,,,,
3560,天罡6星-剑侠客,2,0,6,,TeamLv,0,,0,1,,0,10,7,0,0,0,0,0,0,0,0,0,0,0,0,0,0,0,0,0,35320@50;35321@50,35324@50;35321@50,35331@100,35332@100,35326@11;35327@11;35328@11;35333@11;35334@11;35335@11;35336@11;35337@11;35338@12,35326@34;35327@33;35328@33,35333@17;35334@17;35335@17;35336@17;35337@16;35338@16,0,35318@100,35322@100,35300@100,,,,
3561,天罡6星-逍遥生,2,0,6,,TeamLv,0,,0,1,,0,10,7,0,0,0,0,0,0,0,0,0,0,0,0,0,0,0,35318@100,35322@100,0,0,35331@100,35332@100,35326@11;35327@11;35328@11;35333@11;35334@11;35335@11;35336@11;35337@11;35338@12,35326@34;35327@33;35328@33,35333@17;35334@17;35335@17;35336@17;35337@16;35338@16,35301@100,35320@50;35321@50,35324@50;35321@50,0,,,,
3562,天罡6星-漠少君,2,0,6,,TeamLv,0,,0,1,,0,10,7,0,0,0,0,0,0,0,0,0,0,0,0,0,0,35302@100,0,0,35320@50;35321@50,35324@50;35321@50,35331@100,35332@100,35326@11;35327@11;35328@11;35333@11;35334@11;35335@11;35336@11;35337@11;35338@12,35326@34;35327@33;35328@33,35333@17;35334@17;35335@17;35336@17;35337@16;35338@16,0,35318@100,35322@100,0,,,,
3563,天罡6星-飞燕女,2,0,6,,TeamLv,0,,0,1,,0,10,7,0,0,0,0,0,0,0,0,0,0,0,0,0,0,0,0,0,35320@50;35321@50,35324@50;35321@50,35331@100,35332@100,35326@11;35327@11;35328@11;35333@11;35334@11;35335@11;35336@11;35337@11;35338@12,35326@34;35327@33;35328@33,35333@17;35334@17;35335@17;35336@17;35337@16;35338@16,0,35318@100,35322@100,35303@100,,,,
3564,天罡6星-英女侠,2,0,6,,TeamLv,0,,0,1,,0,10,7,0,0,0,0,0,0,0,0,0,0,0,0,0,0,0,35318@100,35322@100,0,0,35331@100,35332@100,35326@11;35327@11;35328@11;35333@11;35334@11;35335@11;35336@11;35337@11;35338@12,35326@34;35327@33;35328@33,35333@17;35334@17;35335@17;35336@17;35337@16;35338@16,35304@100,35320@50;35321@50,35324@50;35321@50,0,,,,
3565,天罡6星-巫蛮儿,2,0,6,,TeamLv,0,,0,1,,0,10,7,0,0,0,0,0,0,0,0,0,0,0,0,0,0,35305@100,0,0,35320@50;35321@50,35324@50;35321@50,35331@100,35332@100,35326@11;35327@11;35328@11;35333@11;35334@11;35335@11;35336@11;35337@11;35338@12,35326@34;35327@33;35328@33,35333@17;35334@17;35335@17;35336@17;35337@16;35338@16,0,35318@100,35322@100,0,,,,
3566,天罡6星-龙太子,2,0,6,,TeamLv,0,,0,1,,0,10,7,0,0,0,0,0,0,0,0,0,0,0,0,0,0,0,0,0,35320@50;35321@50,35324@50;35321@50,35331@100,35332@100,35326@11;35327@11;35328@11;35333@11;35334@11;35335@11;35336@11;35337@11;35338@12,35326@34;35327@33;35328@33,35333@17;35334@17;35335@17;35336@17;35337@16;35338@16,0,35318@100,35322@100,35306@100,,,,
3567,天罡6星-神天兵,2,0,6,,TeamLv,0,,0,1,,0,10,7,0,0,0,0,0,0,0,0,0,0,0,0,0,0,0,35318@100,35322@100,0,0,35331@100,35332@100,35326@11;35327@11;35328@11;35333@11;35334@11;35335@11;35336@11;35337@11;35338@12,35326@34;35327@33;35328@33,35333@17;35334@17;35335@17;35336@17;35337@16;35338@16,35307@100,35320@50;35321@50,35324@50;35321@50,0,,,,
3568,天罡6星-羽灵神,2,0,6,,TeamLv,0,,0,1,,0,10,7,0,0,0,0,0,0,0,0,0,0,0,0,0,0,35308@100,0,0,35320@50;35321@50,35324@50;35321@50,35331@100,35332@100,35326@11;35327@11;35328@11;35333@11;35334@11;35335@11;35336@11;35337@11;35338@12,35326@34;35327@33;35328@33,35333@17;35334@17;35335@17;35336@17;35337@16;35338@16,0,35318@100,35322@100,0,20;21;22;23,,,
3569,天罡6星-舞天姬,2,0,6,,TeamLv,0,,0,1,,0,10,7,0,0,0,0,0,0,0,0,0,0,0,0,0,0,0,0,0,35320@50;35321@50,35324@50;35321@50,35331@100,35332@100,35326@11;35327@11;35328@11;35333@11;35334@11;35335@11;35336@11;35337@11;35338@12,35326@34;35327@33;35328@33,35333@17;35334@17;35335@17;35336@17;35337@16;35338@16,0,35318@100,35322@100,35309@100,,,,
3570,天罡6星-梦玲珑,2,0,6,,TeamLv,0,,0,1,,0,10,7,0,0,0,0,0,0,0,0,0,0,0,0,0,0,0,35318@100,35322@100,0,0,35331@100,35332@100,35326@11;35327@11;35328@11;35333@11;35334@11;35335@11;35336@11;35337@11;35338@12,35326@34;35327@33;35328@33,35333@17;35334@17;35335@17;35336@17;35337@16;35338@16,35310@100,35320@50;35321@50,35324@50;35321@50,0,16;17;18;19;20;21;22;23;24,,,
3571,天罡6星-玄彩娥,2,0,6,,TeamLv,0,,0,1,,0,10,7,0,0,0,0,0,0,0,0,0,0,0,0,0,0,35311@100,0,0,35320@50;35321@50,35324@50;35321@50,35331@100,35332@100,35326@11;35327@11;35328@11;35333@11;35334@11;35335@11;35336@11;35337@11;35338@12,35326@34;35327@33;35328@33,35333@17;35334@17;35335@17;35336@17;35337@16;35338@16,0,35318@100,35322@100,0,,,,
3572,天罡6星-杀破狼,2,0,6,,TeamLv,0,,0,1,,0,10,7,0,0,0,0,0,0,0,0,0,0,0,0,0,0,0,0,0,35320@50;35321@50,35324@50;35321@50,35331@100,35332@100,35326@11;35327@11;35328@11;35333@11;35334@11;35335@11;35336@11;35337@11;35338@12,35326@34;35327@33;35328@33,35333@17;35334@17;35335@17;35336@17;35337@16;35338@16,0,35318@100,35322@100,35312@100,,,,
3573,天罡6星-虎头怪,2,0,6,,TeamLv,0,,0,1,,0,10,7,0,0,0,0,0,0,0,0,0,0,0,0,0,0,0,35318@100,35322@100,0,0,35331@100,35332@100,35326@11;35327@11;35328@11;35333@11;35334@11;35335@11;35336@11;35337@11;35338@12,35326@34;35327@33;35328@33,35333@17;35334@17;35335@17;35336@17;35337@16;35338@16,35313@100,35320@50;35321@50,35324@50;35321@50,0,,,,
3574,天罡6星-巨魔王,2,0,6,,TeamLv,0,,0,1,,0,10,7,0,0,0,0,0,0,0,0,0,0,0,0,0,0,35314@100,0,0,35320@50;35321@50,35324@50;35321@50,35331@100,35332@100,35326@11;35327@11;35328@11;35333@11;35334@11;35335@11;35336@11;35337@11;35338@12,35326@34;35327@33;35328@33,35333@17;35334@17;35335@17;35336@17;35337@16;35338@16,0,35318@100,35322@100,0,,,,
3575,天罡6星-骨精灵,2,0,6,,TeamLv,0,,0,1,,0,10,7,0,0,0,0,0,0,0,0,0,0,0,0,0,0,0,0,0,35320@50;35321@50,35324@50;35321@50,35331@100,35332@100,35326@11;35327@11;35328@11;35333@11;35334@11;35335@11;35336@11;35337@11;35338@12,35326@34;35327@33;35328@33,35333@17;35334@17;35335@17;35336@17;35337@16;35338@16,0,35318@100,35322@100,35315@100,,,,
3576,天罡6星-狐美人,2,0,6,,TeamLv,0,,0,1,,0,10,7,0,0,0,0,0,0,0,0,0,0,0,0,0,0,0,35318@100,35322@100,0,0,35331@100,35332@100,35326@11;35327@11;35328@11;35333@11;35334@11;35335@11;35336@11;35337@11;35338@12,35326@34;35327@33;35328@33,35333@17;35334@17;35335@17;35336@17;35337@16;35338@16,35316@100,35320@50;35321@50,35324@50;35321@50,0,,,,
3577,天罡7星-剑侠客,2,0,6,,TeamLv,0,,0,1,,0,10,7,0,0,0,0,0,0,0,0,0,0,0,0,0,0,0,0,0,35420@50;35421@50,35424@50;35421@50,35431@100,35432@100,35426@11;35427@11;35428@11;35433@11;35434@11;35435@11;35436@11;35437@11;35438@12,35426@34;35427@33;35428@33,35433@17;35434@17;35435@17;35436@17;35437@16;35438@16,0,35418@100,35422@100,35400@100,,,,
3578,天罡7星-逍遥生,2,0,6,,TeamLv,0,,0,1,,0,10,7,0,0,0,0,0,0,0,0,0,0,0,0,0,0,0,35418@100,35422@100,0,0,35431@100,35432@100,35426@11;35427@11;35428@11;35433@11;35434@11;35435@11;35436@11;35437@11;35438@12,35426@34;35427@33;35428@33,35433@17;35434@17;35435@17;35436@17;35437@16;35438@16,35401@100,35420@50;35421@50,35424@50;35421@50,0,,,,
3579,天罡7星-漠少君,2,0,6,,TeamLv,0,,0,1,,0,10,7,0,0,0,0,0,0,0,0,0,0,0,0,0,0,35402@100,0,0,35420@50;35421@50,35424@50;35421@50,35431@100,35432@100,35426@11;35427@11;35428@11;35433@11;35434@11;35435@11;35436@11;35437@11;35438@12,35426@34;35427@33;35428@33,35433@17;35434@17;35435@17;35436@17;35437@16;35438@16,0,35418@100,35422@100,0,,,,
3580,天罡7星-飞燕女,2,0,6,,TeamLv,0,,0,1,,0,10,7,0,0,0,0,0,0,0,0,0,0,0,0,0,0,0,0,0,35420@50;35421@50,35424@50;35421@50,35431@100,35432@100,35426@11;35427@11;35428@11;35433@11;35434@11;35435@11;35436@11;35437@11;35438@12,35426@34;35427@33;35428@33,35433@17;35434@17;35435@17;35436@17;35437@16;35438@16,0,35418@100,35422@100,35403@100,,,,
3581,天罡7星-英女侠,2,0,6,,TeamLv,0,,0,1,,0,10,7,0,0,0,0,0,0,0,0,0,0,0,0,0,0,0,35418@100,35422@100,0,0,35431@100,35432@100,35426@11;35427@11;35428@11;35433@11;35434@11;35435@11;35436@11;35437@11;35438@12,35426@34;35427@33;35428@33,35433@17;35434@17;35435@17;35436@17;35437@16;35438@16,35404@100,35420@50;35421@50,35424@50;35421@50,0,,,,
3582,天罡7星-巫蛮儿,2,0,6,,TeamLv,0,,0,1,,0,10,7,0,0,0,0,0,0,0,0,0,0,0,0,0,0,35405@100,0,0,35420@50;35421@50,35424@50;35421@50,35431@100,35432@100,35426@11;35427@11;35428@11;35433@11;35434@11;35435@11;35436@11;35437@11;35438@12,35426@34;35427@33;35428@33,35433@17;35434@17;35435@17;35436@17;35437@16;35438@16,0,35418@100,35422@100,0,,,,
3583,天罡7星-龙太子,2,0,6,,TeamLv,0,,0,1,,0,10,7,0,0,0,0,0,0,0,0,0,0,0,0,0,0,0,0,0,35420@50;35421@50,35424@50;35421@50,35431@100,35432@100,35426@11;35427@11;35428@11;35433@11;35434@11;35435@11;35436@11;35437@11;35438@12,35426@34;35427@33;35428@33,35433@17;35434@17;35435@17;35436@17;35437@16;35438@16,0,35418@100,35422@100,35406@100,,,,
3584,天罡7星-神天兵,2,0,6,,TeamLv,0,,0,1,,0,10,7,0,0,0,0,0,0,0,0,0,0,0,0,0,0,0,35418@100,35422@100,0,0,35431@100,35432@100,35426@11;35427@11;35428@11;35433@11;35434@11;35435@11;35436@11;35437@11;35438@12,35426@34;35427@33;35428@33,35433@17;35434@17;35435@17;35436@17;35437@16;35438@16,35407@100,35420@50;35421@50,35424@50;35421@50,0,,,,
3585,天罡7星-羽灵神,2,0,6,,TeamLv,0,,0,1,,0,10,7,0,0,0,0,0,0,0,0,0,0,0,0,0,0,35408@100,0,0,35420@50;35421@50,35424@50;35421@50,35431@100,35432@100,35426@11;35427@11;35428@11;35433@11;35434@11;35435@11;35436@11;35437@11;35438@12,35426@34;35427@33;35428@33,35433@17;35434@17;35435@17;35436@17;35437@16;35438@16,0,35418@100,35422@100,0,20;21;22;23,,,
3586,天罡7星-舞天姬,2,0,6,,TeamLv,0,,0,1,,0,10,7,0,0,0,0,0,0,0,0,0,0,0,0,0,0,0,0,0,35420@50;35421@50,35424@50;35421@50,35431@100,35432@100,35426@11;35427@11;35428@11;35433@11;35434@11;35435@11;35436@11;35437@11;35438@12,35426@34;35427@33;35428@33,35433@17;35434@17;35435@17;35436@17;35437@16;35438@16,0,35418@100,35422@100,35409@100,,,,
3587,天罡7星-梦玲珑,2,0,6,,TeamLv,0,,0,1,,0,10,7,0,0,0,0,0,0,0,0,0,0,0,0,0,0,0,35418@100,35422@100,0,0,35431@100,35432@100,35426@11;35427@11;35428@11;35433@11;35434@11;35435@11;35436@11;35437@11;35438@12,35426@34;35427@33;35428@33,35433@17;35434@17;35435@17;35436@17;35437@16;35438@16,35410@100,35420@50;35421@50,35424@50;35421@50,0,16;17;18;19;20;21;22;23;24,,,
3588,天罡7星-玄彩娥,2,0,6,,TeamLv,0,,0,1,,0,10,7,0,0,0,0,0,0,0,0,0,0,0,0,0,0,35411@100,0,0,35420@50;35421@50,35424@50;35421@50,35431@100,35432@100,35426@11;35427@11;35428@11;35433@11;35434@11;35435@11;35436@11;35437@11;35438@12,35426@34;35427@33;35428@33,35433@17;35434@17;35435@17;35436@17;35437@16;35438@16,0,35418@100,35422@100,0,,,,
3589,天罡7星-杀破狼,2,0,6,,TeamLv,0,,0,1,,0,10,7,0,0,0,0,0,0,0,0,0,0,0,0,0,0,0,0,0,35420@50;35421@50,35424@50;35421@50,35431@100,35432@100,35426@11;35427@11;35428@11;35433@11;35434@11;35435@11;35436@11;35437@11;35438@12,35426@34;35427@33;35428@33,35433@17;35434@17;35435@17;35436@17;35437@16;35438@16,0,35418@100,35422@100,35412@100,,,,
3590,天罡7星-虎头怪,2,0,6,,TeamLv,0,,0,1,,0,10,7,0,0,0,0,0,0,0,0,0,0,0,0,0,0,0,35418@100,35422@100,0,0,35431@100,35432@100,35426@11;35427@11;35428@11;35433@11;35434@11;35435@11;35436@11;35437@11;35438@12,35426@34;35427@33;35428@33,35433@17;35434@17;35435@17;35436@17;35437@16;35438@16,35413@100,35420@50;35421@50,35424@50;35421@50,0,,,,
3591,天罡7星-巨魔王,2,0,6,,TeamLv,0,,0,1,,0,10,7,0,0,0,0,0,0,0,0,0,0,0,0,0,0,35414@100,0,0,35420@50;35421@50,35424@50;35421@50,35431@100,35432@100,35426@11;35427@11;35428@11;35433@11;35434@11;35435@11;35436@11;35437@11;35438@12,35426@34;35427@33;35428@33,35433@17;35434@17;35435@17;35436@17;35437@16;35438@16,0,35418@100,35422@100,0,,,,
3592,天罡7星-骨精灵,2,0,6,,TeamLv,0,,0,1,,0,10,7,0,0,0,0,0,0,0,0,0,0,0,0,0,0,0,0,0,35420@50;35421@50,35424@50;35421@50,35431@100,35432@100,35426@11;35427@11;35428@11;35433@11;35434@11;35435@11;35436@11;35437@11;35438@12,35426@34;35427@33;35428@33,35433@17;35434@17;35435@17;35436@17;35437@16;35438@16,0,35418@100,35422@100,35415@100,,,,
3593,天罡7星-狐美人,2,0,6,,TeamLv,0,,0,1,,0,10,7,0,0,0,0,0,0,0,0,0,0,0,0,0,0,0,35418@100,35422@100,0,0,35431@100,35432@100,35426@11;35427@11;35428@11;35433@11;35434@11;35435@11;35436@11;35437@11;35438@12,35426@34;35427@33;35428@33,35433@17;35434@17;35435@17;35436@17;35437@16;35438@16,35416@100,35420@50;35421@50,35424@50;35421@50,0,,,,
3594,天罡8星-剑侠客,2,0,6,,TeamLv,0,,0,1,,0,10,7,0,0,0,0,0,0,0,0,0,0,0,0,0,0,0,0,0,35620@50;35621@50,35624@50;35621@50,35631@100,35632@100,35626@11;35627@11;35628@11;35633@11;35634@11;35635@11;35636@11;35637@11;35638@12,35626@34;35627@33;35628@33,35633@17;35634@17;35635@17;35636@17;35637@16;35638@16,0,35618@100,35622@100,35600@100,,,,
3595,天罡8星-逍遥生,2,0,6,,TeamLv,0,,0,1,,0,10,7,0,0,0,0,0,0,0,0,0,0,0,0,0,0,0,35618@100,35622@100,0,0,35631@100,35632@100,35626@11;35627@11;35628@11;35633@11;35634@11;35635@11;35636@11;35637@11;35638@12,35626@34;35627@33;35628@33,35633@17;35634@17;35635@17;35636@17;35637@16;35638@16,35601@100,35620@50;35621@50,35624@50;35621@50,0,,,,
3596,天罡8星-漠少君,2,0,6,,TeamLv,0,,0,1,,0,10,7,0,0,0,0,0,0,0,0,0,0,0,0,0,0,35602@100,0,0,35620@50;35621@50,35624@50;35621@50,35631@100,35632@100,35626@11;35627@11;35628@11;35633@11;35634@11;35635@11;35636@11;35637@11;35638@12,35626@34;35627@33;35628@33,35633@17;35634@17;35635@17;35636@17;35637@16;35638@16,0,35618@100,35622@100,0,,,,
3597,天罡8星-飞燕女,2,0,6,,TeamLv,0,,0,1,,0,10,7,0,0,0,0,0,0,0,0,0,0,0,0,0,0,0,0,0,35620@50;35621@50,35624@50;35621@50,35631@100,35632@100,35626@11;35627@11;35628@11;35633@11;35634@11;35635@11;35636@11;35637@11;35638@12,35626@34;35627@33;35628@33,35633@17;35634@17;35635@17;35636@17;35637@16;35638@16,0,35618@100,35622@100,35603@100,,,,
3598,天罡8星-英女侠,2,0,6,,TeamLv,0,,0,1,,0,10,7,0,0,0,0,0,0,0,0,0,0,0,0,0,0,0,35618@100,35622@100,0,0,35631@100,35632@100,35626@11;35627@11;35628@11;35633@11;35634@11;35635@11;35636@11;35637@11;35638@12,35626@34;35627@33;35628@33,35633@17;35634@17;35635@17;35636@17;35637@16;35638@16,35604@100,35620@50;35621@50,35624@50;35621@50,0,,,,
3599,天罡8星-巫蛮儿,2,0,6,,TeamLv,0,,0,1,,0,10,7,0,0,0,0,0,0,0,0,0,0,0,0,0,0,35605@100,0,0,35620@50;35621@50,35624@50;35621@50,35631@100,35632@100,35626@11;35627@11;35628@11;35633@11;35634@11;35635@11;35636@11;35637@11;35638@12,35626@34;35627@33;35628@33,35633@17;35634@17;35635@17;35636@17;35637@16;35638@16,0,35618@100,35622@100,0,,,,
3600,天罡8星-龙太子,2,0,6,,TeamLv,0,,0,1,,0,10,7,0,0,0,0,0,0,0,0,0,0,0,0,0,0,0,0,0,35620@50;35621@50,35624@50;35621@50,35631@100,35632@100,35626@11;35627@11;35628@11;35633@11;35634@11;35635@11;35636@11;35637@11;35638@12,35626@34;35627@33;35628@33,35633@17;35634@17;35635@17;35636@17;35637@16;35638@16,0,35618@100,35622@100,35606@100,,,,
3601,天罡8星-神天兵,2,0,6,,TeamLv,0,,0,1,,0,10,7,0,0,0,0,0,0,0,0,0,0,0,0,0,0,0,35618@100,35622@100,0,0,35631@100,35632@100,35626@11;35627@11;35628@11;35633@11;35634@11;35635@11;35636@11;35637@11;35638@12,35626@34;35627@33;35628@33,35633@17;35634@17;35635@17;35636@17;35637@16;35638@16,35607@100,35620@50;35621@50,35624@50;35621@50,0,,,,
3602,天罡8星-羽灵神,2,0,6,,TeamLv,0,,0,1,,0,10,7,0,0,0,0,0,0,0,0,0,0,0,0,0,0,35608@100,0,0,35620@50;35621@50,35624@50;35621@50,35631@100,35632@100,35626@11;35627@11;35628@11;35633@11;35634@11;35635@11;35636@11;35637@11;35638@12,35626@34;35627@33;35628@33,35633@17;35634@17;35635@17;35636@17;35637@16;35638@16,0,35618@100,35622@100,0,20;21;22;23,,,
3603,天罡8星-舞天姬,2,0,6,,TeamLv,0,,0,1,,0,10,7,0,0,0,0,0,0,0,0,0,0,0,0,0,0,0,0,0,35620@50;35621@50,35624@50;35621@50,35631@100,35632@100,35626@11;35627@11;35628@11;35633@11;35634@11;35635@11;35636@11;35637@11;35638@12,35626@34;35627@33;35628@33,35633@17;35634@17;35635@17;35636@17;35637@16;35638@16,0,35618@100,35622@100,35609@100,,,,
3604,天罡8星-梦玲珑,2,0,6,,TeamLv,0,,0,1,,0,10,7,0,0,0,0,0,0,0,0,0,0,0,0,0,0,0,35618@100,35622@100,0,0,35631@100,35632@100,35626@11;35627@11;35628@11;35633@11;35634@11;35635@11;35636@11;35637@11;35638@12,35626@34;35627@33;35628@33,35633@17;35634@17;35635@17;35636@17;35637@16;35638@16,35610@100,35620@50;35621@50,35624@50;35621@50,0,16;17;18;19;20;21;22;23;24,,,
3605,天罡8星-玄彩娥,2,0,6,,TeamLv,0,,0,1,,0,10,7,0,0,0,0,0,0,0,0,0,0,0,0,0,0,35611@100,0,0,35620@50;35621@50,35624@50;35621@50,35631@100,35632@100,35626@11;35627@11;35628@11;35633@11;35634@11;35635@11;35636@11;35637@11;35638@12,35626@34;35627@33;35628@33,35633@17;35634@17;35635@17;35636@17;35637@16;35638@16,0,35618@100,35622@100,0,,,,
3606,天罡8星-杀破狼,2,0,6,,TeamLv,0,,0,1,,0,10,7,0,0,0,0,0,0,0,0,0,0,0,0,0,0,0,0,0,35620@50;35621@50,35624@50;35621@50,35631@100,35632@100,35626@11;35627@11;35628@11;35633@11;35634@11;35635@11;35636@11;35637@11;35638@12,35626@34;35627@33;35628@33,35633@17;35634@17;35635@17;35636@17;35637@16;35638@16,0,35618@100,35622@100,35612@100,,,,
3607,天罡8星-虎头怪,2,0,6,,TeamLv,0,,0,1,,0,10,7,0,0,0,0,0,0,0,0,0,0,0,0,0,0,0,35618@100,35622@100,0,0,35631@100,35632@100,35626@11;35627@11;35628@11;35633@11;35634@11;35635@11;35636@11;35637@11;35638@12,35626@34;35627@33;35628@33,35633@17;35634@17;35635@17;35636@17;35637@16;35638@16,35613@100,35620@50;35621@50,35624@50;35621@50,0,,,,
3608,天罡8星-巨魔王,2,0,6,,TeamLv,0,,0,1,,0,10,7,0,0,0,0,0,0,0,0,0,0,0,0,0,0,35614@100,0,0,35620@50;35621@50,35624@50;35621@50,35631@100,35632@100,35626@11;35627@11;35628@11;35633@11;35634@11;35635@11;35636@11;35637@11;35638@12,35626@34;35627@33;35628@33,35633@17;35634@17;35635@17;35636@17;35637@16;35638@16,0,35618@100,35622@100,0,,,,
3609,天罡8星-骨精灵,2,0,6,,TeamLv,0,,0,1,,0,10,7,0,0,0,0,0,0,0,0,0,0,0,0,0,0,0,0,0,35620@50;35621@50,35624@50;35621@50,35631@100,35632@100,35626@11;35627@11;35628@11;35633@11;35634@11;35635@11;35636@11;35637@11;35638@12,35626@34;35627@33;35628@33,35633@17;35634@17;35635@17;35636@17;35637@16;35638@16,0,35618@100,35622@100,35615@100,,,,
3610,天罡8星-狐美人,2,0,6,,TeamLv,0,,0,1,,0,10,7,0,0,0,0,0,0,0,0,0,0,0,0,0,0,0,35618@100,35622@100,0,0,35631@100,35632@100,35626@11;35627@11;35628@11;35633@11;35634@11;35635@11;35636@11;35637@11;35638@12,35626@34;35627@33;35628@33,35633@17;35634@17;35635@17;35636@17;35637@16;35638@16,35616@100,35620@50;35621@50,35624@50;35621@50,0,,,,
3901,福利怪,2,0,6,,TeamLv,0,,0,1,,0,10,7,0,0,0,0,0,0,0,0,0,0,0,0,0,0,0,0,0,39801@100,39802@100,39803@100,39804@100,39805@100,39806@100,39807@100,0,39808@100,39809@100,39810@100,15;16;17;18;19;20;21;22;23;24;25;26;27,,,
3902,福利怪,2,0,6,,TeamLv,0,,0,1,,0,10,7,0,0,0,0,0,0,0,0,0,0,0,0,0,0,0,0,39801@100,39802@100,39803@100,39804@100,39805@100,39806@100,39807@100,39808@100,0,39809@100,39810@100,0,15;16;17;18;19;20;21;22;23;24;25;26;27,,,
3903,福利怪,2,0,6,,TeamLv,0,,0,1,,0,10,7,0,0,0,0,0,0,0,0,0,0,0,0,0,0,39801@100,39802@100,39803@100,0,0,39804@100,39805@100,39806@100,39807@100,39808@100,39809@100,39810@100,0,0,15;16;17;18;19;20;21;22;23;24;25;26;27,,,
3904,福利怪,2,0,6,,TeamLv,0,,0,1,,0,10,7,0,0,0,0,0,0,0,0,0,0,0,0,0,0,0,39801@100,39802@100,0,0,39803@100,39804@100,39805@100,39806@100,39807@100,39808@100,39809@100,39810@100,0,15;16;17;18;19;20;21;22;23;24;25;26;27,,,
3905,福利怪,2,0,6,,TeamLv,0,,0,1,,0,10,7,0,0,0,0,0,0,0,0,0,0,0,0,0,0,0,0,0,39801@100,39802@100,39803@100,39804@100,39805@100,39806@100,39807@100,39808@100,39809@100,39810@100,0,15;16;17;18;19;20;21;22;23;24;25;26;27,,,
3906,福利怪,2,0,6,,TeamLv,0,,0,1,,0,10,7,0,0,0,0,0,0,0,0,0,0,0,0,0,0,0,0,39801@100,39802@100,39803@100,39804@100,39805@100,39806@100,39807@100,39808@100,39809@100,39810@100,0,0,15;16;17;18;19;20;21;22;23;24;25;26;27,,,
3907,福利怪,2,0,6,,TeamLv,0,,0,1,,0,10,7,0,0,0,0,0,0,0,0,0,0,0,0,0,0,39801@100,39802@100,39803@100,0,0,39804@100,39805@100,39806@100,39807@100,39808@100,39809@100,39810@100,0,0,15;16;17;18;19;20;21;22;23;24;25;26;27,,,
3908,福利怪,2,0,6,,TeamLv,0,,0,1,,0,10,7,0,0,0,0,0,0,0,0,0,0,0,0,0,0,0,39801@100,39802@100,0,0,39803@100,39804@100,39805@100,39806@100,39807@100,39808@100,39809@100,39810@100,0,15;16;17;18;19;20;21;22;23;24;25;26;27,,,
3909,福利怪,2,0,6,,TeamLv,0,,0,1,,0,10,7,0,0,0,0,0,0,0,0,0,0,0,0,0,0,0,39801@100,39802@100,0,0,39803@100,39804@100,39805@100,39806@100,39807@100,39808@100,39809@100,39810@100,0,15;16;17;18;19;20;21;22;23;24;25;26;27,,,
3910,福利怪,2,0,6,,TeamLv,0,,0,1,,0,10,7,0,0,0,0,0,0,0,0,0,0,0,0,0,0,0,39801@100,39802@100,0,0,39803@100,39804@100,39805@100,39806@100,39807@100,39808@100,39809@100,39810@100,0,15;16;17;18;19;20;21;22;23;24;25;26;27,,,
3931,九幽•吸血鬼,2,0,6,,TeamLv,0,,0,1,,0,10,7,0,0,0,0,0,0,0,0,0,0,0,0,0,0,38101@10;38102@10;38103@10;38104@10;38105@10;38106@10;38107@10;38108@10;38109@10;38110@10,38101@10;38102@10;38103@10;38104@10;38105@10;38106@10;38107@10;38108@10;38109@10;38110@10,38101@10;38102@10;38103@10;38104@10;38105@10;38106@10;38107@10;38108@10;38109@10;38110@10,38101@10;38102@10;38103@10;38104@10;38105@10;38106@10;38107@10;38108@10;38109@10;38110@10,38101@10;38102@10;38103@10;38104@10;38105@10;38106@10;38107@10;38108@10;38109@10;38110@10,38101@10;38102@10;38103@10;38104@10;38105@10;38106@10;38107@10;38108@10;38109@10;38110@10,38101@10;38102@10;38103@10;38104@10;38105@10;38106@10;38107@10;38108@10;38109@10;38110@10,38101@10;38102@10;38103@10;38104@10;38105@10;38106@10;38107@10;38108@10;38109@10;38110@10,38101@10;38102@10;38103@10;38104@10;38105@10;38106@10;38107@10;38108@10;38109@10;38110@10,38101@10;38102@10;38103@10;38104@10;38105@10;38106@10;38107@10;38108@10;38109@10;38110@10,0,0,0,0,,,,
3932,九幽•孤魂野鬼,2,0,6,,TeamLv,0,,0,1,,0,10,7,0,0,0,0,0,0,0,0,0,0,0,0,0,0,38101@10;38102@10;38103@10;38104@10;38105@10;38106@10;38107@10;38108@10;38109@10;38110@10,38101@10;38102@10;38103@10;38104@10;38105@10;38106@10;38107@10;38108@10;38109@10;38110@10,38101@10;38102@10;38103@10;38104@10;38105@10;38106@10;38107@10;38108@10;38109@10;38110@10,38101@10;38102@10;38103@10;38104@10;38105@10;38106@10;38107@10;38108@10;38109@10;38110@10,38101@10;38102@10;38103@10;38104@10;38105@10;38106@10;38107@10;38108@10;38109@10;38110@10,38101@10;38102@10;38103@10;38104@10;38105@10;38106@10;38107@10;38108@10;38109@10;38110@10,38101@10;38102@10;38103@10;38104@10;38105@10;38106@10;38107@10;38108@10;38109@10;38110@10,38101@10;38102@10;38103@10;38104@10;38105@10;38106@10;38107@10;38108@10;38109@10;38110@10,38101@10;38102@10;38103@10;38104@10;38105@10;38106@10;38107@10;38108@10;38109@10;38110@10,38101@10;38102@10;38103@10;38104@10;38105@10;38106@10;38107@10;38108@10;38109@10;38110@10,0,0,0,0,,,,
3933,九幽•千年僵尸,2,0,6,,TeamLv,0,,0,1,,0,10,7,0,0,0,0,0,0,0,0,0,0,0,0,0,0,38101@10;38102@10;38103@10;38104@10;38105@10;38106@10;38107@10;38108@10;38109@10;38110@10,38101@10;38102@10;38103@10;38104@10;38105@10;38106@10;38107@10;38108@10;38109@10;38110@10,38101@10;38102@10;38103@10;38104@10;38105@10;38106@10;38107@10;38108@10;38109@10;38110@10,38101@10;38102@10;38103@10;38104@10;38105@10;38106@10;38107@10;38108@10;38109@10;38110@10,38101@10;38102@10;38103@10;38104@10;38105@10;38106@10;38107@10;38108@10;38109@10;38110@10,38101@10;38102@10;38103@10;38104@10;38105@10;38106@10;38107@10;38108@10;38109@10;38110@10,38101@10;38102@10;38103@10;38104@10;38105@10;38106@10;38107@10;38108@10;38109@10;38110@10,38101@10;38102@10;38103@10;38104@10;38105@10;38106@10;38107@10;38108@10;38109@10;38110@10,38101@10;38102@10;38103@10;38104@10;38105@10;38106@10;38107@10;38108@10;38109@10;38110@10,38101@10;38102@10;38103@10;38104@10;38105@10;38106@10;38107@10;38108@10;38109@10;38110@10,0,0,0,0,,,,
3934,九幽•魔将,2,0,6,,TeamLv,0,,0,1,,0,10,7,0,0,0,0,0,0,0,0,0,0,0,0,0,0,38201@10;38202@10;38203@10;38204@10;38205@10;38206@10;38207@10;38208@10;38209@10;38210@10,38201@10;38202@10;38203@10;38204@10;38205@10;38206@10;38207@10;38208@10;38209@10;38210@10,38201@10;38202@10;38203@10;38204@10;38205@10;38206@10;38207@10;38208@10;38209@10;38210@10,38201@10;38202@10;38203@10;38204@10;38205@10;38206@10;38207@10;38208@10;38209@10;38210@10,38201@10;38202@10;38203@10;38204@10;38205@10;38206@10;38207@10;38208@10;38209@10;38210@10,38201@10;38202@10;38203@10;38204@10;38205@10;38206@10;38207@10;38208@10;38209@10;38210@10,38201@10;38202@10;38203@10;38204@10;38205@10;38206@10;38207@10;38208@10;38209@10;38210@10,38201@10;38202@10;38203@10;38204@10;38205@10;38206@10;38207@10;38208@10;38209@10;38210@10,38201@10;38202@10;38203@10;38204@10;38205@10;38206@10;38207@10;38208@10;38209@10;38210@10,38201@10;38202@10;38203@10;38204@10;38205@10;38206@10;38207@10;38208@10;38209@10;38210@10,0,0,0,0,,,,
3935,九幽•血刹,2,0,6,,TeamLv,0,,0,1,,0,10,7,0,0,0,0,0,0,0,0,0,0,0,0,0,0,38201@10;38202@10;38203@10;38204@10;38205@10;38206@10;38207@10;38208@10;38209@10;38210@10,38201@10;38202@10;38203@10;38204@10;38205@10;38206@10;38207@10;38208@10;38209@10;38210@10,38201@10;38202@10;38203@10;38204@10;38205@10;38206@10;38207@10;38208@10;38209@10;38210@10,38201@10;38202@10;38203@10;38204@10;38205@10;38206@10;38207@10;38208@10;38209@10;38210@10,38201@10;38202@10;38203@10;38204@10;38205@10;38206@10;38207@10;38208@10;38209@10;38210@10,38201@10;38202@10;38203@10;38204@10;38205@10;38206@10;38207@10;38208@10;38209@10;38210@10,38201@10;38202@10;38203@10;38204@10;38205@10;38206@10;38207@10;38208@10;38209@10;38210@10,38201@10;38202@10;38203@10;38204@10;38205@10;38206@10;38207@10;38208@10;38209@10;38210@10,38201@10;38202@10;38203@10;38204@10;38205@10;38206@10;38207@10;38208@10;38209@10;38210@10,38201@10;38202@10;38203@10;38204@10;38205@10;38206@10;38207@10;38208@10;38209@10;38210@10,0,0,0,0,,,,
3936,礼乐专家1星,2,0,4,,TeamLv,0,,0,1,,4,13,7,0,0,0,0,0,0,0,0,0,0,0,0,0,0,39000@7;39001@7;39002@7;39003@7;39004@8;39005@8;39006@8;39007@8;39008@8;39009@8;3907@8;39011@8;39012@8,39000@7;39001@7;39002@7;39003@7;39004@8;39005@8;39006@8;39007@8;39008@8;39009@8;3907@8;39011@8;39012@8,39000@7;39001@7;39002@7;39003@7;39004@8;39005@8;39006@8;39007@8;39008@8;39009@8;3907@8;39011@8;39012@8,39000@7;39001@7;39002@7;39003@7;39004@8;39005@8;39006@8;39007@8;39008@8;39009@8;3907@8;39011@8;39012@8,39000@7;39001@7;39002@7;39003@7;39004@8;39005@8;39006@8;39007@8;39008@8;39009@8;3907@8;39011@8;39012@8,39000@7;39001@7;39002@7;39003@7;39004@8;39005@8;39006@8;39007@8;39008@8;39009@8;3907@8;39011@8;39012@8,39000@7;39001@7;39002@7;39003@7;39004@8;39005@8;39006@8;39007@8;39008@8;39009@8;3907@8;39011@8;39012@8,39000@7;39001@7;39002@7;39003@7;39004@8;39005@8;39006@8;39007@8;39008@8;39009@8;3907@8;39011@8;39012@8,39000@7;39001@7;39002@7;39003@7;39004@8;39005@8;39006@8;39007@8;39008@8;39009@8;3907@8;39011@8;39012@8,39000@7;39001@7;39002@7;39003@7;39004@8;39005@8;39006@8;39007@8;39008@8;39009@8;3907@8;39011@8;39012@8,39000@7;39001@7;39002@7;39003@7;39004@8;39005@8;39006@8;39007@8;39008@8;39009@8;3907@8;39011@8;39012@8,39000@7;39001@7;39002@7;39003@7;39004@8;39005@8;39006@8;39007@8;39008@8;39009@8;3907@8;39011@8;39012@8,39000@7;39001@7;39002@7;39003@7;39004@8;39005@8;39006@8;39007@8;39008@8;39009@8;3907@8;39011@8;39012@8,39000@7;39001@7;39002@7;39003@7;39004@8;39005@8;39006@8;39007@8;39008@8;39009@8;3907@8;39011@8;39012@8,16;17;18;19;20;21;22;23;24,,1,
3937,礼乐专家2星,2,0,3,,TeamLv,0,,0,1,,4,13,7,0,0,0,0,0,0,0,0,0,0,0,0,0,0,39013@7;39014@7;39015@7;39016@7;39017@8;39018@8;39019@8;39020@8;39021@8;39022@8;39023@8;39024@8;39025@8,39013@7;39014@7;39015@7;39016@7;39017@8;39018@8;39019@8;39020@8;39021@8;39022@8;39023@8;39024@8;39025@8,39013@7;39014@7;39015@7;39016@7;39017@8;39018@8;39019@8;39020@8;39021@8;39022@8;39023@8;39024@8;39025@8,39013@7;39014@7;39015@7;39016@7;39017@8;39018@8;39019@8;39020@8;39021@8;39022@8;39023@8;39024@8;39025@8,39013@7;39014@7;39015@7;39016@7;39017@8;39018@8;39019@8;39020@8;39021@8;39022@8;39023@8;39024@8;39025@8,39013@7;39014@7;39015@7;39016@7;39017@8;39018@8;39019@8;39020@8;39021@8;39022@8;39023@8;39024@8;39025@8,39013@7;39014@7;39015@7;39016@7;39017@8;39018@8;39019@8;39020@8;39021@8;39022@8;39023@8;39024@8;39025@8,39013@7;39014@7;39015@7;39016@7;39017@8;39018@8;39019@8;39020@8;39021@8;39022@8;39023@8;39024@8;39025@8,39013@7;39014@7;39015@7;39016@7;39017@8;39018@8;39019@8;39020@8;39021@8;39022@8;39023@8;39024@8;39025@8,39013@7;39014@7;39015@7;39016@7;39017@8;39018@8;39019@8;39020@8;39021@8;39022@8;39023@8;39024@8;39025@8,39013@7;39014@7;39015@7;39016@7;39017@8;39018@8;39019@8;39020@8;39021@8;39022@8;39023@8;39024@8;39025@8,39013@7;39014@7;39015@7;39016@7;39017@8;39018@8;39019@8;39020@8;39021@8;39022@8;39023@8;39024@8;39025@8,39013@7;39014@7;39015@7;39016@7;39017@8;39018@8;39019@8;39020@8;39021@8;39022@8;39023@8;39024@8;39025@8,39013@7;39014@7;39015@7;39016@7;39017@8;39018@8;39019@8;39020@8;39021@8;39022@8;39023@8;39024@8;39025@8,16;17;18;19;20;21;22;23;24,,1,
3938,礼乐专家3星,2,0,3,,TeamLv,0,,0,1,,4,13,7,0,0,0,0,0,0,0,0,0,0,0,0,0,0,39026@7;39027@7;39028@7;39029@7;39030@8;39031@8;39032@8;39033@8;39034@8;39035@8;39036@8;39037@8;39038@8,39026@7;39027@7;39028@7;39029@7;39030@8;39031@8;39032@8;39033@8;39034@8;39035@8;39036@8;39037@8;39038@8,39026@7;39027@7;39028@7;39029@7;39030@8;39031@8;39032@8;39033@8;39034@8;39035@8;39036@8;39037@8;39038@8,39026@7;39027@7;39028@7;39029@7;39030@8;39031@8;39032@8;39033@8;39034@8;39035@8;39036@8;39037@8;39038@8,39026@7;39027@7;39028@7;39029@7;39030@8;39031@8;39032@8;39033@8;39034@8;39035@8;39036@8;39037@8;39038@8,39026@7;39027@7;39028@7;39029@7;39030@8;39031@8;39032@8;39033@8;39034@8;39035@8;39036@8;39037@8;39038@8,39026@7;39027@7;39028@7;39029@7;39030@8;39031@8;39032@8;39033@8;39034@8;39035@8;39036@8;39037@8;39038@8,39026@7;39027@7;39028@7;39029@7;39030@8;39031@8;39032@8;39033@8;39034@8;39035@8;39036@8;39037@8;39038@8,39026@7;39027@7;39028@7;39029@7;39030@8;39031@8;39032@8;39033@8;39034@8;39035@8;39036@8;39037@8;39038@8,39026@7;39027@7;39028@7;39029@7;39030@8;39031@8;39032@8;39033@8;39034@8;39035@8;39036@8;39037@8;39038@8,39026@7;39027@7;39028@7;39029@7;39030@8;39031@8;39032@8;39033@8;39034@8;39035@8;39036@8;39037@8;39038@8,39026@7;39027@7;39028@7;39029@7;39030@8;39031@8;39032@8;39033@8;39034@8;39035@8;39036@8;39037@8;39038@8,39026@7;39027@7;39028@7;39029@7;39030@8;39031@8;39032@8;39033@8;39034@8;39035@8;39036@8;39037@8;39038@8,39026@7;39027@7;39028@7;39029@7;39030@8;39031@8;39032@8;39033@8;39034@8;39035@8;39036@8;39037@8;39038@8,16;17;18;19;20;21;22;23;24,,1,
3939,礼乐专家4星,2,0,3,,TeamLv,0,,0,1,,4,13,7,0,0,0,0,0,0,0,0,0,0,0,0,0,0,39039@7;39040@7;39041@7;39042@7;39043@8;39044@8;39045@8;39046@8;39047@8;39048@8;39049@8;39050@8;39051@8,39039@7;39040@7;39041@7;39042@7;39043@8;39044@8;39045@8;39046@8;39047@8;39048@8;39049@8;39050@8;39051@8,39039@7;39040@7;39041@7;39042@7;39043@8;39044@8;39045@8;39046@8;39047@8;39048@8;39049@8;39050@8;39051@8,39039@7;39040@7;39041@7;39042@7;39043@8;39044@8;39045@8;39046@8;39047@8;39048@8;39049@8;39050@8;39051@8,39039@7;39040@7;39041@7;39042@7;39043@8;39044@8;39045@8;39046@8;39047@8;39048@8;39049@8;39050@8;39051@8,39039@7;39040@7;39041@7;39042@7;39043@8;39044@8;39045@8;39046@8;39047@8;39048@8;39049@8;39050@8;39051@8,39039@7;39040@7;39041@7;39042@7;39043@8;39044@8;39045@8;39046@8;39047@8;39048@8;39049@8;39050@8;39051@8,39039@7;39040@7;39041@7;39042@7;39043@8;39044@8;39045@8;39046@8;39047@8;39048@8;39049@8;39050@8;39051@8,39039@7;39040@7;39041@7;39042@7;39043@8;39044@8;39045@8;39046@8;39047@8;39048@8;39049@8;39050@8;39051@8,39039@7;39040@7;39041@7;39042@7;39043@8;39044@8;39045@8;39046@8;39047@8;39048@8;39049@8;39050@8;39051@8,39039@7;39040@7;39041@7;39042@7;39043@8;39044@8;39045@8;39046@8;39047@8;39048@8;39049@8;39050@8;39051@8,39039@7;39040@7;39041@7;39042@7;39043@8;39044@8;39045@8;39046@8;39047@8;39048@8;39049@8;39050@8;39051@8,39039@7;39040@7;39041@7;39042@7;39043@8;39044@8;39045@8;39046@8;39047@8;39048@8;39049@8;39050@8;39051@8,39039@7;39040@7;39041@7;39042@7;39043@8;39044@8;39045@8;39046@8;39047@8;39048@8;39049@8;39050@8;39051@8,16;17;18;19;20;21;22;23;24,,1,
3940,礼乐专家5星,2,0,3,,TeamLv,0,,0,1,,4,13,7,0,0,0,0,0,0,0,0,0,0,0,0,0,0,39052@7;39053@7;39054@7;39055@7;39056@8;39057@8;39058@8;39059@8;39060@8;39061@8;39062@8;39063@8;39064@8,39052@7;39053@7;39054@7;39055@7;39056@8;39057@8;39058@8;39059@8;39060@8;39061@8;39062@8;39063@8;39064@8,39052@7;39053@7;39054@7;39055@7;39056@8;39057@8;39058@8;39059@8;39060@8;39061@8;39062@8;39063@8;39064@8,39052@7;39053@7;39054@7;39055@7;39056@8;39057@8;39058@8;39059@8;39060@8;39061@8;39062@8;39063@8;39064@8,39052@7;39053@7;39054@7;39055@7;39056@8;39057@8;39058@8;39059@8;39060@8;39061@8;39062@8;39063@8;39064@8,39052@7;39053@7;39054@7;39055@7;39056@8;39057@8;39058@8;39059@8;39060@8;39061@8;39062@8;39063@8;39064@8,39052@7;39053@7;39054@7;39055@7;39056@8;39057@8;39058@8;39059@8;39060@8;39061@8;39062@8;39063@8;39064@8,39052@7;39053@7;39054@7;39055@7;39056@8;39057@8;39058@8;39059@8;39060@8;39061@8;39062@8;39063@8;39064@8,39052@7;39053@7;39054@7;39055@7;39056@8;39057@8;39058@8;39059@8;39060@8;39061@8;39062@8;39063@8;39064@8,39052@7;39053@7;39054@7;39055@7;39056@8;39057@8;39058@8;39059@8;39060@8;39061@8;39062@8;39063@8;39064@8,39052@7;39053@7;39054@7;39055@7;39056@8;39057@8;39058@8;39059@8;39060@8;39061@8;39062@8;39063@8;39064@8,39052@7;39053@7;39054@7;39055@7;39056@8;39057@8;39058@8;39059@8;39060@8;39061@8;39062@8;39063@8;39064@8,39052@7;39053@7;39054@7;39055@7;39056@8;39057@8;39058@8;39059@8;39060@8;39061@8;39062@8;39063@8;39064@8,39052@7;39053@7;39054@7;39055@7;39056@8;39057@8;39058@8;39059@8;39060@8;39061@8;39062@8;39063@8;39064@8,16;17;18;19;20;21;22;23;24,,1,
3941,礼乐专家6星,2,0,3,,TeamLv,0,,0,1,,4,13,7,0,0,0,0,0,0,0,0,0,0,0,0,0,0,39156@7;39157@7;39158@7;39159@7;39160@8;39161@8;39162@8;39163@8;39164@8;39165@8;39166@8;39167@8;39168@8,39156@7;39157@7;39158@7;39159@7;39160@8;39161@8;39162@8;39163@8;39164@8;39165@8;39166@8;39167@8;39168@8,39156@7;39157@7;39158@7;39159@7;39160@8;39161@8;39162@8;39163@8;39164@8;39165@8;39166@8;39167@8;39168@8,39156@7;39157@7;39158@7;39159@7;39160@8;39161@8;39162@8;39163@8;39164@8;39165@8;39166@8;39167@8;39168@8,39156@7;39157@7;39158@7;39159@7;39160@8;39161@8;39162@8;39163@8;39164@8;39165@8;39166@8;39167@8;39168@8,39156@7;39157@7;39158@7;39159@7;39160@8;39161@8;39162@8;39163@8;39164@8;39165@8;39166@8;39167@8;39168@8,39156@7;39157@7;39158@7;39159@7;39160@8;39161@8;39162@8;39163@8;39164@8;39165@8;39166@8;39167@8;39168@8,39156@7;39157@7;39158@7;39159@7;39160@8;39161@8;39162@8;39163@8;39164@8;39165@8;39166@8;39167@8;39168@8,39156@7;39157@7;39158@7;39159@7;39160@8;39161@8;39162@8;39163@8;39164@8;39165@8;39166@8;39167@8;39168@8,39156@7;39157@7;39158@7;39159@7;39160@8;39161@8;39162@8;39163@8;39164@8;39165@8;39166@8;39167@8;39168@8,39156@7;39157@7;39158@7;39159@7;39160@8;39161@8;39162@8;39163@8;39164@8;39165@8;39166@8;39167@8;39168@8,39156@7;39157@7;39158@7;39159@7;39160@8;39161@8;39162@8;39163@8;39164@8;39165@8;39166@8;39167@8;39168@8,39156@7;39157@7;39158@7;39159@7;39160@8;39161@8;39162@8;39163@8;39164@8;39165@8;39166@8;39167@8;39168@8,39156@7;39157@7;39158@7;39159@7;39160@8;39161@8;39162@8;39163@8;39164@8;39165@8;39166@8;39167@8;39168@8,16;17;18;19;20;21;22;23;24,,1,
3942,礼乐专家7星,2,0,3,,TeamLv,0,,0,1,,4,13,7,0,0,0,0,0,0,0,0,0,0,0,0,0,0,39078@7;39079@7;39080@7;39081@7;39082@8;39083@8;39084@8;39085@8;39086@8;39087@8;39088@8;39089@8;39090@8,39078@7;39079@7;39080@7;39081@7;39082@8;39083@8;39084@8;39085@8;39086@8;39087@8;39088@8;39089@8;39090@8,39078@7;39079@7;39080@7;39081@7;39082@8;39083@8;39084@8;39085@8;39086@8;39087@8;39088@8;39089@8;39090@8,39078@7;39079@7;39080@7;39081@7;39082@8;39083@8;39084@8;39085@8;39086@8;39087@8;39088@8;39089@8;39090@8,39078@7;39079@7;39080@7;39081@7;39082@8;39083@8;39084@8;39085@8;39086@8;39087@8;39088@8;39089@8;39090@8,39078@7;39079@7;39080@7;39081@7;39082@8;39083@8;39084@8;39085@8;39086@8;39087@8;39088@8;39089@8;39090@8,39078@7;39079@7;39080@7;39081@7;39082@8;39083@8;39084@8;39085@8;39086@8;39087@8;39088@8;39089@8;39090@8,39078@7;39079@7;39080@7;39081@7;39082@8;39083@8;39084@8;39085@8;39086@8;39087@8;39088@8;39089@8;39090@8,39078@7;39079@7;39080@7;39081@7;39082@8;39083@8;39084@8;39085@8;39086@8;39087@8;39088@8;39089@8;39090@8,39078@7;39079@7;39080@7;39081@7;39082@8;39083@8;39084@8;39085@8;39086@8;39087@8;39088@8;39089@8;39090@8,39078@7;39079@7;39080@7;39081@7;39082@8;39083@8;39084@8;39085@8;39086@8;39087@8;39088@8;39089@8;39090@8,39078@7;39079@7;39080@7;39081@7;39082@8;39083@8;39084@8;39085@8;39086@8;39087@8;39088@8;39089@8;39090@8,39078@7;39079@7;39080@7;39081@7;39082@8;39083@8;39084@8;39085@8;39086@8;39087@8;39088@8;39089@8;39090@8,39078@7;39079@7;39080@7;39081@7;39082@8;39083@8;39084@8;39085@8;39086@8;39087@8;39088@8;39089@8;39090@8,16;17;18;19;20;21;22;23;24,,1,
3943,科举官员1星,2,0,3,,TeamLv,0,,0,1,,4,13,7,0,0,0,0,0,0,0,0,0,0,0,0,0,0,39091@7;39092@7;39093@7;39094@7;39095@8;39096@8;39097@8;39098@8;39099@8;39100@8;39101@8;39102@8;39103@8,39091@7;39092@7;39093@7;39094@7;39095@8;39096@8;39097@8;39098@8;39099@8;39100@8;39101@8;39102@8;39103@8,39091@7;39092@7;39093@7;39094@7;39095@8;39096@8;39097@8;39098@8;39099@8;39100@8;39101@8;39102@8;39103@8,39091@7;39092@7;39093@7;39094@7;39095@8;39096@8;39097@8;39098@8;39099@8;39100@8;39101@8;39102@8;39103@8,39091@7;39092@7;39093@7;39094@7;39095@8;39096@8;39097@8;39098@8;39099@8;39100@8;39101@8;39102@8;39103@8,39091@7;39092@7;39093@7;39094@7;39095@8;39096@8;39097@8;39098@8;39099@8;39100@8;39101@8;39102@8;39103@8,39091@7;39092@7;39093@7;39094@7;39095@8;39096@8;39097@8;39098@8;39099@8;39100@8;39101@8;39102@8;39103@8,39091@7;39092@7;39093@7;39094@7;39095@8;39096@8;39097@8;39098@8;39099@8;39100@8;39101@8;39102@8;39103@8,39091@7;39092@7;39093@7;39094@7;39095@8;39096@8;39097@8;39098@8;39099@8;39100@8;39101@8;39102@8;39103@8,39091@7;39092@7;39093@7;39094@7;39095@8;39096@8;39097@8;39098@8;39099@8;39100@8;39101@8;39102@8;39103@8,39091@7;39092@7;39093@7;39094@7;39095@8;39096@8;39097@8;39098@8;39099@8;39100@8;39101@8;39102@8;39103@8,39091@7;39092@7;39093@7;39094@7;39095@8;39096@8;39097@8;39098@8;39099@8;39100@8;39101@8;39102@8;39103@8,39091@7;39092@7;39093@7;39094@7;39095@8;39096@8;39097@8;39098@8;39099@8;39100@8;39101@8;39102@8;39103@8,39091@7;39092@7;39093@7;39094@7;39095@8;39096@8;39097@8;39098@8;39099@8;39100@8;39101@8;39102@8;39103@8,16;17;18;19;20;21;22;23;24,,1,
3944,科举官员2星,2,0,3,,TeamLv,0,,0,1,,4,13,7,0,0,0,0,0,0,0,0,0,0,0,0,0,0,39104@7;39105@7;39106@7;39107@7;39108@8;39109@8;39110@8;39111@8;39112@8;39113@8;39114@8;39115@8;39116@8,39104@7;39105@7;39106@7;39107@7;39108@8;39109@8;39110@8;39111@8;39112@8;39113@8;39114@8;39115@8;39116@8,39104@7;39105@7;39106@7;39107@7;39108@8;39109@8;39110@8;39111@8;39112@8;39113@8;39114@8;39115@8;39116@8,39104@7;39105@7;39106@7;39107@7;39108@8;39109@8;39110@8;39111@8;39112@8;39113@8;39114@8;39115@8;39116@8,39104@7;39105@7;39106@7;39107@7;39108@8;39109@8;39110@8;39111@8;39112@8;39113@8;39114@8;39115@8;39116@8,39104@7;39105@7;39106@7;39107@7;39108@8;39109@8;39110@8;39111@8;39112@8;39113@8;39114@8;39115@8;39116@8,39104@7;39105@7;39106@7;39107@7;39108@8;39109@8;39110@8;39111@8;39112@8;39113@8;39114@8;39115@8;39116@8,39104@7;39105@7;39106@7;39107@7;39108@8;39109@8;39110@8;39111@8;39112@8;39113@8;39114@8;39115@8;39116@8,39104@7;39105@7;39106@7;39107@7;39108@8;39109@8;39110@8;39111@8;39112@8;39113@8;39114@8;39115@8;39116@8,39104@7;39105@7;39106@7;39107@7;39108@8;39109@8;39110@8;39111@8;39112@8;39113@8;39114@8;39115@8;39116@8,39104@7;39105@7;39106@7;39107@7;39108@8;39109@8;39110@8;39111@8;39112@8;39113@8;39114@8;39115@8;39116@8,39104@7;39105@7;39106@7;39107@7;39108@8;39109@8;39110@8;39111@8;39112@8;39113@8;39114@8;39115@8;39116@8,39104@7;39105@7;39106@7;39107@7;39108@8;39109@8;39110@8;39111@8;39112@8;39113@8;39114@8;39115@8;39116@8,39104@7;39105@7;39106@7;39107@7;39108@8;39109@8;39110@8;39111@8;39112@8;39113@8;39114@8;39115@8;39116@8,16;17;18;19;20;21;22;23;24,,1,
3945,科举官员3星,2,0,3,,TeamLv,0,,0,1,,4,13,7,0,0,0,0,0,0,0,0,0,0,0,0,0,0,39117@7;39118@7;39119@7;39120@7;39121@8;39122@8;39123@8;39124@8;39125@8;39126@8;39127@8;39128@8;39129@8,39117@7;39118@7;39119@7;39120@7;39121@8;39122@8;39123@8;39124@8;39125@8;39126@8;39127@8;39128@8;39129@8,39117@7;39118@7;39119@7;39120@7;39121@8;39122@8;39123@8;39124@8;39125@8;39126@8;39127@8;39128@8;39129@8,39117@7;39118@7;39119@7;39120@7;39121@8;39122@8;39123@8;39124@8;39125@8;39126@8;39127@8;39128@8;39129@8,39117@7;39118@7;39119@7;39120@7;39121@8;39122@8;39123@8;39124@8;39125@8;39126@8;39127@8;39128@8;39129@8,39117@7;39118@7;39119@7;39120@7;39121@8;39122@8;39123@8;39124@8;39125@8;39126@8;39127@8;39128@8;39129@8,39117@7;39118@7;39119@7;39120@7;39121@8;39122@8;39123@8;39124@8;39125@8;39126@8;39127@8;39128@8;39129@8,39117@7;39118@7;39119@7;39120@7;39121@8;39122@8;39123@8;39124@8;39125@8;39126@8;39127@8;39128@8;39129@8,39117@7;39118@7;39119@7;39120@7;39121@8;39122@8;39123@8;39124@8;39125@8;39126@8;39127@8;39128@8;39129@8,39117@7;39118@7;39119@7;39120@7;39121@8;39122@8;39123@8;39124@8;39125@8;39126@8;39127@8;39128@8;39129@8,39117@7;39118@7;39119@7;39120@7;39121@8;39122@8;39123@8;39124@8;39125@8;39126@8;39127@8;39128@8;39129@8,39117@7;39118@7;39119@7;39120@7;39121@8;39122@8;39123@8;39124@8;39125@8;39126@8;39127@8;39128@8;39129@8,39117@7;39118@7;39119@7;39120@7;39121@8;39122@8;39123@8;39124@8;39125@8;39126@8;39127@8;39128@8;39129@8,39117@7;39118@7;39119@7;39120@7;39121@8;39122@8;39123@8;39124@8;39125@8;39126@8;39127@8;39128@8;39129@8,16;17;18;19;20;21;22;23;24,,1,
3946,科举官员4星,2,0,3,,TeamLv,0,,0,1,,4,13,7,0,0,0,0,0,0,0,0,0,0,0,0,0,0,39130@7;39131@7;39132@7;39133@7;39134@8;39135@8;39136@8;39137@8;39138@8;39139@8;39140@8;39141@8;39142@8,39130@7;39131@7;39132@7;39133@7;39134@8;39135@8;39136@8;39137@8;39138@8;39139@8;39140@8;39141@8;39142@8,39130@7;39131@7;39132@7;39133@7;39134@8;39135@8;39136@8;39137@8;39138@8;39139@8;39140@8;39141@8;39142@8,39130@7;39131@7;39132@7;39133@7;39134@8;39135@8;39136@8;39137@8;39138@8;39139@8;39140@8;39141@8;39142@8,39130@7;39131@7;39132@7;39133@7;39134@8;39135@8;39136@8;39137@8;39138@8;39139@8;39140@8;39141@8;39142@8,39130@7;39131@7;39132@7;39133@7;39134@8;39135@8;39136@8;39137@8;39138@8;39139@8;39140@8;39141@8;39142@8,39130@7;39131@7;39132@7;39133@7;39134@8;39135@8;39136@8;39137@8;39138@8;39139@8;39140@8;39141@8;39142@8,39130@7;39131@7;39132@7;39133@7;39134@8;39135@8;39136@8;39137@8;39138@8;39139@8;39140@8;39141@8;39142@8,39130@7;39131@7;39132@7;39133@7;39134@8;39135@8;39136@8;39137@8;39138@8;39139@8;39140@8;39141@8;39142@8,39130@7;39131@7;39132@7;39133@7;39134@8;39135@8;39136@8;39137@8;39138@8;39139@8;39140@8;39141@8;39142@8,39130@7;39131@7;39132@7;39133@7;39134@8;39135@8;39136@8;39137@8;39138@8;39139@8;39140@8;39141@8;39142@8,39130@7;39131@7;39132@7;39133@7;39134@8;39135@8;39136@8;39137@8;39138@8;39139@8;39140@8;39141@8;39142@8,39130@7;39131@7;39132@7;39133@7;39134@8;39135@8;39136@8;39137@8;39138@8;39139@8;39140@8;39141@8;39142@8,39130@7;39131@7;39132@7;39133@7;39134@8;39135@8;39136@8;39137@8;39138@8;39139@8;39140@8;39141@8;39142@8,16;17;18;19;20;21;22;23;24,,1,
3947,科举官员5星,2,0,3,,TeamLv,0,,0,1,,4,13,7,0,0,0,0,0,0,0,0,0,0,0,0,0,0,39143@7;39144@7;39145@7;39146@7;39147@8;39148@8;39149@8;39150@8;39151@8;39152@8;39153@8;39154@8;39155@8,39143@7;39144@7;39145@7;39146@7;39147@8;39148@8;39149@8;39150@8;39151@8;39152@8;39153@8;39154@8;39155@8,39143@7;39144@7;39145@7;39146@7;39147@8;39148@8;39149@8;39150@8;39151@8;39152@8;39153@8;39154@8;39155@8,39143@7;39144@7;39145@7;39146@7;39147@8;39148@8;39149@8;39150@8;39151@8;39152@8;39153@8;39154@8;39155@8,39143@7;39144@7;39145@7;39146@7;39147@8;39148@8;39149@8;39150@8;39151@8;39152@8;39153@8;39154@8;39155@8,39143@7;39144@7;39145@7;39146@7;39147@8;39148@8;39149@8;39150@8;39151@8;39152@8;39153@8;39154@8;39155@8,39143@7;39144@7;39145@7;39146@7;39147@8;39148@8;39149@8;39150@8;39151@8;39152@8;39153@8;39154@8;39155@8,39143@7;39144@7;39145@7;39146@7;39147@8;39148@8;39149@8;39150@8;39151@8;39152@8;39153@8;39154@8;39155@8,39143@7;39144@7;39145@7;39146@7;39147@8;39148@8;39149@8;39150@8;39151@8;39152@8;39153@8;39154@8;39155@8,39143@7;39144@7;39145@7;39146@7;39147@8;39148@8;39149@8;39150@8;39151@8;39152@8;39153@8;39154@8;39155@8,39143@7;39144@7;39145@7;39146@7;39147@8;39148@8;39149@8;39150@8;39151@8;39152@8;39153@8;39154@8;39155@8,39143@7;39144@7;39145@7;39146@7;39147@8;39148@8;39149@8;39150@8;39151@8;39152@8;39153@8;39154@8;39155@8,39143@7;39144@7;39145@7;39146@7;39147@8;39148@8;39149@8;39150@8;39151@8;39152@8;39153@8;39154@8;39155@8,39143@7;39144@7;39145@7;39146@7;39147@8;39148@8;39149@8;39150@8;39151@8;39152@8;39153@8;39154@8;39155@8,16;17;18;19;20;21;22;23;24,,1,
3948,科举官员6星,2,0,3,,TeamLv,0,,0,1,,4,13,7,0,0,0,0,0,0,0,0,0,0,0,0,0,0,39156@7;39157@7;39158@7;39159@7;39160@8;39161@8;39162@8;39163@8;39164@8;39165@8;39166@8;39167@8;39168@8,39156@7;39157@7;39158@7;39159@7;39160@8;39161@8;39162@8;39163@8;39164@8;39165@8;39166@8;39167@8;39168@8,39156@7;39157@7;39158@7;39159@7;39160@8;39161@8;39162@8;39163@8;39164@8;39165@8;39166@8;39167@8;39168@8,39156@7;39157@7;39158@7;39159@7;39160@8;39161@8;39162@8;39163@8;39164@8;39165@8;39166@8;39167@8;39168@8,39156@7;39157@7;39158@7;39159@7;39160@8;39161@8;39162@8;39163@8;39164@8;39165@8;39166@8;39167@8;39168@8,39156@7;39157@7;39158@7;39159@7;39160@8;39161@8;39162@8;39163@8;39164@8;39165@8;39166@8;39167@8;39168@8,39156@7;39157@7;39158@7;39159@7;39160@8;39161@8;39162@8;39163@8;39164@8;39165@8;39166@8;39167@8;39168@8,39156@7;39157@7;39158@7;39159@7;39160@8;39161@8;39162@8;39163@8;39164@8;39165@8;39166@8;39167@8;39168@8,39156@7;39157@7;39158@7;39159@7;39160@8;39161@8;39162@8;39163@8;39164@8;39165@8;39166@8;39167@8;39168@8,39156@7;39157@7;39158@7;39159@7;39160@8;39161@8;39162@8;39163@8;39164@8;39165@8;39166@8;39167@8;39168@8,39156@7;39157@7;39158@7;39159@7;39160@8;39161@8;39162@8;39163@8;39164@8;39165@8;39166@8;39167@8;39168@8,39156@7;39157@7;39158@7;39159@7;39160@8;39161@8;39162@8;39163@8;39164@8;39165@8;39166@8;39167@8;39168@8,39156@7;39157@7;39158@7;39159@7;39160@8;39161@8;39162@8;39163@8;39164@8;39165@8;39166@8;39167@8;39168@8,39156@7;39157@7;39158@7;39159@7;39160@8;39161@8;39162@8;39163@8;39164@8;39165@8;39166@8;39167@8;39168@8,16;17;18;19;20;21;22;23;24,,1,
3949,科举官员7星,2,0,3,,TeamLv,0,,0,1,,4,13,7,0,0,0,0,0,0,0,0,0,0,0,0,0,0,39169@7;39170@7;39171@7;39172@7;39173@8;39174@8;39175@8;39176@8;39177@8;39178@8;39179@8;39180@8;39181@8,39169@7;39170@7;39171@7;39172@7;39173@8;39174@8;39175@8;39176@8;39177@8;39178@8;39179@8;39180@8;39181@8,39169@7;39170@7;39171@7;39172@7;39173@8;39174@8;39175@8;39176@8;39177@8;39178@8;39179@8;39180@8;39181@8,39169@7;39170@7;39171@7;39172@7;39173@8;39174@8;39175@8;39176@8;39177@8;39178@8;39179@8;39180@8;39181@8,39169@7;39170@7;39171@7;39172@7;39173@8;39174@8;39175@8;39176@8;39177@8;39178@8;39179@8;39180@8;39181@8,39169@7;39170@7;39171@7;39172@7;39173@8;39174@8;39175@8;39176@8;39177@8;39178@8;39179@8;39180@8;39181@8,39169@7;39170@7;39171@7;39172@7;39173@8;39174@8;39175@8;39176@8;39177@8;39178@8;39179@8;39180@8;39181@8,39169@7;39170@7;39171@7;39172@7;39173@8;39174@8;39175@8;39176@8;39177@8;39178@8;39179@8;39180@8;39181@8,39169@7;39170@7;39171@7;39172@7;39173@8;39174@8;39175@8;39176@8;39177@8;39178@8;39179@8;39180@8;39181@8,39169@7;39170@7;39171@7;39172@7;39173@8;39174@8;39175@8;39176@8;39177@8;39178@8;39179@8;39180@8;39181@8,39169@7;39170@7;39171@7;39172@7;39173@8;39174@8;39175@8;39176@8;39177@8;39178@8;39179@8;39180@8;39181@8,39169@7;39170@7;39171@7;39172@7;39173@8;39174@8;39175@8;39176@8;39177@8;39178@8;39179@8;39180@8;39181@8,39169@7;39170@7;39171@7;39172@7;39173@8;39174@8;39175@8;39176@8;39177@8;39178@8;39179@8;39180@8;39181@8,39169@7;39170@7;39171@7;39172@7;39173@8;39174@8;39175@8;39176@8;39177@8;39178@8;39179@8;39180@8;39181@8,16;17;18;19;20;21;22;23;24,,1,
3950,商业大亨1星,2,0,3,,TeamLv,0,,0,1,,4,13,7,0,0,0,0,0,0,0,0,0,0,0,0,0,0,39182@7;39183@7;39184@7;39185@7;39186@8;39187@8;39188@8;39189@8;39190@8;39191@8;39192@8;39193@8;39194@8,39182@7;39183@7;39184@7;39185@7;39186@8;39187@8;39188@8;39189@8;39190@8;39191@8;39192@8;39193@8;39194@8,39182@7;39183@7;39184@7;39185@7;39186@8;39187@8;39188@8;39189@8;39190@8;39191@8;39192@8;39193@8;39194@8,39182@7;39183@7;39184@7;39185@7;39186@8;39187@8;39188@8;39189@8;39190@8;39191@8;39192@8;39193@8;39194@8,39182@7;39183@7;39184@7;39185@7;39186@8;39187@8;39188@8;39189@8;39190@8;39191@8;39192@8;39193@8;39194@8,39182@7;39183@7;39184@7;39185@7;39186@8;39187@8;39188@8;39189@8;39190@8;39191@8;39192@8;39193@8;39194@8,39182@7;39183@7;39184@7;39185@7;39186@8;39187@8;39188@8;39189@8;39190@8;39191@8;39192@8;39193@8;39194@8,39182@7;39183@7;39184@7;39185@7;39186@8;39187@8;39188@8;39189@8;39190@8;39191@8;39192@8;39193@8;39194@8,39182@7;39183@7;39184@7;39185@7;39186@8;39187@8;39188@8;39189@8;39190@8;39191@8;39192@8;39193@8;39194@8,39182@7;39183@7;39184@7;39185@7;39186@8;39187@8;39188@8;39189@8;39190@8;39191@8;39192@8;39193@8;39194@8,39182@7;39183@7;39184@7;39185@7;39186@8;39187@8;39188@8;39189@8;39190@8;39191@8;39192@8;39193@8;39194@8,39182@7;39183@7;39184@7;39185@7;39186@8;39187@8;39188@8;39189@8;39190@8;39191@8;39192@8;39193@8;39194@8,39182@7;39183@7;39184@7;39185@7;39186@8;39187@8;39188@8;39189@8;39190@8;39191@8;39192@8;39193@8;39194@8,39182@7;39183@7;39184@7;39185@7;39186@8;39187@8;39188@8;39189@8;39190@8;39191@8;39192@8;39193@8;39194@8,16;17;18;19;20;21;22;23;24,,1,
3951,商业大亨2星,2,0,3,,TeamLv,0,,0,1,,4,13,7,0,0,0,0,0,0,0,0,0,0,0,0,0,0,39195@7;39196@7;39197@7;39198@7;39199@8;39200@8;39201@8;39202@8;39203@8;39204@8;39205@8;39206@8;39207@8,39195@7;39196@7;39197@7;39198@7;39199@8;39200@8;39201@8;39202@8;39203@8;39204@8;39205@8;39206@8;39207@8,39195@7;39196@7;39197@7;39198@7;39199@8;39200@8;39201@8;39202@8;39203@8;39204@8;39205@8;39206@8;39207@8,39195@7;39196@7;39197@7;39198@7;39199@8;39200@8;39201@8;39202@8;39203@8;39204@8;39205@8;39206@8;39207@8,39195@7;39196@7;39197@7;39198@7;39199@8;39200@8;39201@8;39202@8;39203@8;39204@8;39205@8;39206@8;39207@8,39195@7;39196@7;39197@7;39198@7;39199@8;39200@8;39201@8;39202@8;39203@8;39204@8;39205@8;39206@8;39207@8,39195@7;39196@7;39197@7;39198@7;39199@8;39200@8;39201@8;39202@8;39203@8;39204@8;39205@8;39206@8;39207@8,39195@7;39196@7;39197@7;39198@7;39199@8;39200@8;39201@8;39202@8;39203@8;39204@8;39205@8;39206@8;39207@8,39195@7;39196@7;39197@7;39198@7;39199@8;39200@8;39201@8;39202@8;39203@8;39204@8;39205@8;39206@8;39207@8,39195@7;39196@7;39197@7;39198@7;39199@8;39200@8;39201@8;39202@8;39203@8;39204@8;39205@8;39206@8;39207@8,39195@7;39196@7;39197@7;39198@7;39199@8;39200@8;39201@8;39202@8;39203@8;39204@8;39205@8;39206@8;39207@8,39195@7;39196@7;39197@7;39198@7;39199@8;39200@8;39201@8;39202@8;39203@8;39204@8;39205@8;39206@8;39207@8,39195@7;39196@7;39197@7;39198@7;39199@8;39200@8;39201@8;39202@8;39203@8;39204@8;39205@8;39206@8;39207@8,39195@7;39196@7;39197@7;39198@7;39199@8;39200@8;39201@8;39202@8;39203@8;39204@8;39205@8;39206@8;39207@8,16;17;18;19;20;21;22;23;24,,1,
3952,商业大亨3星,2,0,3,,TeamLv,0,,0,1,,4,13,7,0,0,0,0,0,0,0,0,0,0,0,0,0,0,39208@7;39209@7;39210@7;39211@7;39212@8;39213@8;39214@8;39215@8;39216@8;39217@8;39218@8;39219@8;39220@8,39208@7;39209@7;39210@7;39211@7;39212@8;39213@8;39214@8;39215@8;39216@8;39217@8;39218@8;39219@8;39220@8,39208@7;39209@7;39210@7;39211@7;39212@8;39213@8;39214@8;39215@8;39216@8;39217@8;39218@8;39219@8;39220@8,39208@7;39209@7;39210@7;39211@7;39212@8;39213@8;39214@8;39215@8;39216@8;39217@8;39218@8;39219@8;39220@8,39208@7;39209@7;39210@7;39211@7;39212@8;39213@8;39214@8;39215@8;39216@8;39217@8;39218@8;39219@8;39220@8,39208@7;39209@7;39210@7;39211@7;39212@8;39213@8;39214@8;39215@8;39216@8;39217@8;39218@8;39219@8;39220@8,39208@7;39209@7;39210@7;39211@7;39212@8;39213@8;39214@8;39215@8;39216@8;39217@8;39218@8;39219@8;39220@8,39208@7;39209@7;39210@7;39211@7;39212@8;39213@8;39214@8;39215@8;39216@8;39217@8;39218@8;39219@8;39220@8,39208@7;39209@7;39210@7;39211@7;39212@8;39213@8;39214@8;39215@8;39216@8;39217@8;39218@8;39219@8;39220@8,39208@7;39209@7;39210@7;39211@7;39212@8;39213@8;39214@8;39215@8;39216@8;39217@8;39218@8;39219@8;39220@8,39208@7;39209@7;39210@7;39211@7;39212@8;39213@8;39214@8;39215@8;39216@8;39217@8;39218@8;39219@8;39220@8,39208@7;39209@7;39210@7;39211@7;39212@8;39213@8;39214@8;39215@8;39216@8;39217@8;39218@8;39219@8;39220@8,39208@7;39209@7;39210@7;39211@7;39212@8;39213@8;39214@8;39215@8;39216@8;39217@8;39218@8;39219@8;39220@8,39208@7;39209@7;39210@7;39211@7;39212@8;39213@8;39214@8;39215@8;39216@8;39217@8;39218@8;39219@8;39220@8,16;17;18;19;20;21;22;23;24,,1,
3953,商业大亨4星,2,0,3,,TeamLv,0,,0,1,,4,13,7,0,0,0,0,0,0,0,0,0,0,0,0,0,0,39221@7;39222@7;39223@7;39224@7;39225@8;39226@8;39227@8;39228@8;39229@8;39230@8;39231@8;39232@8;39233@8,39221@7;39222@7;39223@7;39224@7;39225@8;39226@8;39227@8;39228@8;39229@8;39230@8;39231@8;39232@8;39233@8,39221@7;39222@7;39223@7;39224@7;39225@8;39226@8;39227@8;39228@8;39229@8;39230@8;39231@8;39232@8;39233@8,39221@7;39222@7;39223@7;39224@7;39225@8;39226@8;39227@8;39228@8;39229@8;39230@8;39231@8;39232@8;39233@8,39221@7;39222@7;39223@7;39224@7;39225@8;39226@8;39227@8;39228@8;39229@8;39230@8;39231@8;39232@8;39233@8,39221@7;39222@7;39223@7;39224@7;39225@8;39226@8;39227@8;39228@8;39229@8;39230@8;39231@8;39232@8;39233@8,39221@7;39222@7;39223@7;39224@7;39225@8;39226@8;39227@8;39228@8;39229@8;39230@8;39231@8;39232@8;39233@8,39221@7;39222@7;39223@7;39224@7;39225@8;39226@8;39227@8;39228@8;39229@8;39230@8;39231@8;39232@8;39233@8,39221@7;39222@7;39223@7;39224@7;39225@8;39226@8;39227@8;39228@8;39229@8;39230@8;39231@8;39232@8;39233@8,39221@7;39222@7;39223@7;39224@7;39225@8;39226@8;39227@8;39228@8;39229@8;39230@8;39231@8;39232@8;39233@8,39221@7;39222@7;39223@7;39224@7;39225@8;39226@8;39227@8;39228@8;39229@8;39230@8;39231@8;39232@8;39233@8,39221@7;39222@7;39223@7;39224@7;39225@8;39226@8;39227@8;39228@8;39229@8;39230@8;39231@8;39232@8;39233@8,39221@7;39222@7;39223@7;39224@7;39225@8;39226@8;39227@8;39228@8;39229@8;39230@8;39231@8;39232@8;39233@8,39221@7;39222@7;39223@7;39224@7;39225@8;39226@8;39227@8;39228@8;39229@8;39230@8;39231@8;39232@8;39233@8,16;17;18;19;20;21;22;23;24,,1,
3954,商业大亨5星,2,0,3,,TeamLv,0,,0,1,,4,13,7,0,0,0,0,0,0,0,0,0,0,0,0,0,0,39234@7;39235@7;39236@7;39237@7;39238@8;39239@8;39240@8;39241@8;39242@8;39243@8;39244@8;39245@8;39246@8,39234@7;39235@7;39236@7;39237@7;39238@8;39239@8;39240@8;39241@8;39242@8;39243@8;39244@8;39245@8;39246@8,39234@7;39235@7;39236@7;39237@7;39238@8;39239@8;39240@8;39241@8;39242@8;39243@8;39244@8;39245@8;39246@8,39234@7;39235@7;39236@7;39237@7;39238@8;39239@8;39240@8;39241@8;39242@8;39243@8;39244@8;39245@8;39246@8,39234@7;39235@7;39236@7;39237@7;39238@8;39239@8;39240@8;39241@8;39242@8;39243@8;39244@8;39245@8;39246@8,39234@7;39235@7;39236@7;39237@7;39238@8;39239@8;39240@8;39241@8;39242@8;39243@8;39244@8;39245@8;39246@8,39234@7;39235@7;39236@7;39237@7;39238@8;39239@8;39240@8;39241@8;39242@8;39243@8;39244@8;39245@8;39246@8,39234@7;39235@7;39236@7;39237@7;39238@8;39239@8;39240@8;39241@8;39242@8;39243@8;39244@8;39245@8;39246@8,39234@7;39235@7;39236@7;39237@7;39238@8;39239@8;39240@8;39241@8;39242@8;39243@8;39244@8;39245@8;39246@8,39234@7;39235@7;39236@7;39237@7;39238@8;39239@8;39240@8;39241@8;39242@8;39243@8;39244@8;39245@8;39246@8,39234@7;39235@7;39236@7;39237@7;39238@8;39239@8;39240@8;39241@8;39242@8;39243@8;39244@8;39245@8;39246@8,39234@7;39235@7;39236@7;39237@7;39238@8;39239@8;39240@8;39241@8;39242@8;39243@8;39244@8;39245@8;39246@8,39234@7;39235@7;39236@7;39237@7;39238@8;39239@8;39240@8;39241@8;39242@8;39243@8;39244@8;39245@8;39246@8,39234@7;39235@7;39236@7;39237@7;39238@8;39239@8;39240@8;39241@8;39242@8;39243@8;39244@8;39245@8;39246@8,16;17;18;19;20;21;22;23;24,,1,
3955,商业大亨6星,2,0,3,,TeamLv,0,,0,1,,4,13,7,0,0,0,0,0,0,0,0,0,0,0,0,0,0,39247@7;39248@7;39249@7;39250@7;39251@8;39252@8;39253@8;39254@8;39255@8;39256@8;39257@8;39258@8;39259@8,39247@7;39248@7;39249@7;39250@7;39251@8;39252@8;39253@8;39254@8;39255@8;39256@8;39257@8;39258@8;39259@8,39247@7;39248@7;39249@7;39250@7;39251@8;39252@8;39253@8;39254@8;39255@8;39256@8;39257@8;39258@8;39259@8,39247@7;39248@7;39249@7;39250@7;39251@8;39252@8;39253@8;39254@8;39255@8;39256@8;39257@8;39258@8;39259@8,39247@7;39248@7;39249@7;39250@7;39251@8;39252@8;39253@8;39254@8;39255@8;39256@8;39257@8;39258@8;39259@8,39247@7;39248@7;39249@7;39250@7;39251@8;39252@8;39253@8;39254@8;39255@8;39256@8;39257@8;39258@8;39259@8,39247@7;39248@7;39249@7;39250@7;39251@8;39252@8;39253@8;39254@8;39255@8;39256@8;39257@8;39258@8;39259@8,39247@7;39248@7;39249@7;39250@7;39251@8;39252@8;39253@8;39254@8;39255@8;39256@8;39257@8;39258@8;39259@8,39247@7;39248@7;39249@7;39250@7;39251@8;39252@8;39253@8;39254@8;39255@8;39256@8;39257@8;39258@8;39259@8,39247@7;39248@7;39249@7;39250@7;39251@8;39252@8;39253@8;39254@8;39255@8;39256@8;39257@8;39258@8;39259@8,39247@7;39248@7;39249@7;39250@7;39251@8;39252@8;39253@8;39254@8;39255@8;39256@8;39257@8;39258@8;39259@8,39247@7;39248@7;39249@7;39250@7;39251@8;39252@8;39253@8;39254@8;39255@8;39256@8;39257@8;39258@8;39259@8,39247@7;39248@7;39249@7;39250@7;39251@8;39252@8;39253@8;39254@8;39255@8;39256@8;39257@8;39258@8;39259@8,39247@7;39248@7;39249@7;39250@7;39251@8;39252@8;39253@8;39254@8;39255@8;39256@8;39257@8;39258@8;39259@8,16;17;18;19;20;21;22;23;24,,1,
3956,商业大亨7星,2,0,3,,TeamLv,0,,0,1,,4,13,7,0,0,0,0,0,0,0,0,0,0,0,0,0,0,39260@7;39261@7;39262@7;39263@7;39264@8;39265@8;39266@8;39267@8;39268@8;39269@8;39270@8;39271@8;39272@8,39260@7;39261@7;39262@7;39263@7;39264@8;39265@8;39266@8;39267@8;39268@8;39269@8;39270@8;39271@8;39272@8,39260@7;39261@7;39262@7;39263@7;39264@8;39265@8;39266@8;39267@8;39268@8;39269@8;39270@8;39271@8;39272@8,39260@7;39261@7;39262@7;39263@7;39264@8;39265@8;39266@8;39267@8;39268@8;39269@8;39270@8;39271@8;39272@8,39260@7;39261@7;39262@7;39263@7;39264@8;39265@8;39266@8;39267@8;39268@8;39269@8;39270@8;39271@8;39272@8,39260@7;39261@7;39262@7;39263@7;39264@8;39265@8;39266@8;39267@8;39268@8;39269@8;39270@8;39271@8;39272@8,39260@7;39261@7;39262@7;39263@7;39264@8;39265@8;39266@8;39267@8;39268@8;39269@8;39270@8;39271@8;39272@8,39260@7;39261@7;39262@7;39263@7;39264@8;39265@8;39266@8;39267@8;39268@8;39269@8;39270@8;39271@8;39272@8,39260@7;39261@7;39262@7;39263@7;39264@8;39265@8;39266@8;39267@8;39268@8;39269@8;39270@8;39271@8;39272@8,39260@7;39261@7;39262@7;39263@7;39264@8;39265@8;39266@8;39267@8;39268@8;39269@8;39270@8;39271@8;39272@8,39260@7;39261@7;39262@7;39263@7;39264@8;39265@8;39266@8;39267@8;39268@8;39269@8;39270@8;39271@8;39272@8,39260@7;39261@7;39262@7;39263@7;39264@8;39265@8;39266@8;39267@8;39268@8;39269@8;39270@8;39271@8;39272@8,39260@7;39261@7;39262@7;39263@7;39264@8;39265@8;39266@8;39267@8;39268@8;39269@8;39270@8;39271@8;39272@8,39260@7;39261@7;39262@7;39263@7;39264@8;39265@8;39266@8;39267@8;39268@8;39269@8;39270@8;39271@8;39272@8,16;17;18;19;20;21;22;23;24,,1,
3957,驯兽高手1星,2,0,3,,TeamLv,0,,0,1,,4,13,7,0,0,0,0,0,0,0,0,0,0,0,0,0,0,39272@7;39274@7;39275@7;39276@7;39277@8;39278@8;39279@8;39280@8;39281@8;39282@8;39283@8;39284@8;39285@8,39272@7;39274@7;39275@7;39276@7;39277@8;39278@8;39279@8;39280@8;39281@8;39282@8;39283@8;39284@8;39285@8,39272@7;39274@7;39275@7;39276@7;39277@8;39278@8;39279@8;39280@8;39281@8;39282@8;39283@8;39284@8;39285@8,39272@7;39274@7;39275@7;39276@7;39277@8;39278@8;39279@8;39280@8;39281@8;39282@8;39283@8;39284@8;39285@8,39272@7;39274@7;39275@7;39276@7;39277@8;39278@8;39279@8;39280@8;39281@8;39282@8;39283@8;39284@8;39285@8,39272@7;39274@7;39275@7;39276@7;39277@8;39278@8;39279@8;39280@8;39281@8;39282@8;39283@8;39284@8;39285@8,39272@7;39274@7;39275@7;39276@7;39277@8;39278@8;39279@8;39280@8;39281@8;39282@8;39283@8;39284@8;39285@8,39272@7;39274@7;39275@7;39276@7;39277@8;39278@8;39279@8;39280@8;39281@8;39282@8;39283@8;39284@8;39285@8,39272@7;39274@7;39275@7;39276@7;39277@8;39278@8;39279@8;39280@8;39281@8;39282@8;39283@8;39284@8;39285@8,39272@7;39274@7;39275@7;39276@7;39277@8;39278@8;39279@8;39280@8;39281@8;39282@8;39283@8;39284@8;39285@8,39272@7;39274@7;39275@7;39276@7;39277@8;39278@8;39279@8;39280@8;39281@8;39282@8;39283@8;39284@8;39285@8,39272@7;39274@7;39275@7;39276@7;39277@8;39278@8;39279@8;39280@8;39281@8;39282@8;39283@8;39284@8;39285@8,39272@7;39274@7;39275@7;39276@7;39277@8;39278@8;39279@8;39280@8;39281@8;39282@8;39283@8;39284@8;39285@8,39272@7;39274@7;39275@7;39276@7;39277@8;39278@8;39279@8;39280@8;39281@8;39282@8;39283@8;39284@8;39285@8,16;17;18;19;20;21;22;23;24,,1,
3958,驯兽高手2星,2,0,3,,TeamLv,0,,0,1,,4,13,7,0,0,0,0,0,0,0,0,0,0,0,0,0,0,39286@7;39287@7;39288@7;39289@7;39290@8;39291@8;39292@8;39293@8;39294@8;39295@8;39296@8;39297@8;39298@8,39286@7;39287@7;39288@7;39289@7;39290@8;39291@8;39292@8;39293@8;39294@8;39295@8;39296@8;39297@8;39298@8,39286@7;39287@7;39288@7;39289@7;39290@8;39291@8;39292@8;39293@8;39294@8;39295@8;39296@8;39297@8;39298@8,39286@7;39287@7;39288@7;39289@7;39290@8;39291@8;39292@8;39293@8;39294@8;39295@8;39296@8;39297@8;39298@8,39286@7;39287@7;39288@7;39289@7;39290@8;39291@8;39292@8;39293@8;39294@8;39295@8;39296@8;39297@8;39298@8,39286@7;39287@7;39288@7;39289@7;39290@8;39291@8;39292@8;39293@8;39294@8;39295@8;39296@8;39297@8;39298@8,39286@7;39287@7;39288@7;39289@7;39290@8;39291@8;39292@8;39293@8;39294@8;39295@8;39296@8;39297@8;39298@8,39286@7;39287@7;39288@7;39289@7;39290@8;39291@8;39292@8;39293@8;39294@8;39295@8;39296@8;39297@8;39298@8,39286@7;39287@7;39288@7;39289@7;39290@8;39291@8;39292@8;39293@8;39294@8;39295@8;39296@8;39297@8;39298@8,39286@7;39287@7;39288@7;39289@7;39290@8;39291@8;39292@8;39293@8;39294@8;39295@8;39296@8;39297@8;39298@8,39286@7;39287@7;39288@7;39289@7;39290@8;39291@8;39292@8;39293@8;39294@8;39295@8;39296@8;39297@8;39298@8,39286@7;39287@7;39288@7;39289@7;39290@8;39291@8;39292@8;39293@8;39294@8;39295@8;39296@8;39297@8;39298@8,39286@7;39287@7;39288@7;39289@7;39290@8;39291@8;39292@8;39293@8;39294@8;39295@8;39296@8;39297@8;39298@8,39286@7;39287@7;39288@7;39289@7;39290@8;39291@8;39292@8;39293@8;39294@8;39295@8;39296@8;39297@8;39298@8,16;17;18;19;20;21;22;23;24,,1,
3959,驯兽高手3星,2,0,3,,TeamLv,0,,0,1,,4,13,7,0,0,0,0,0,0,0,0,0,0,0,0,0,0,39299@7;39300@7;39301@7;39302@7;39303@8;39304@8;39305@8;39306@8;39307@8;39308@8;39309@8;39310@8;39311@8,39299@7;39300@7;39301@7;39302@7;39303@8;39304@8;39305@8;39306@8;39307@8;39308@8;39309@8;39310@8;39311@8,39299@7;39300@7;39301@7;39302@7;39303@8;39304@8;39305@8;39306@8;39307@8;39308@8;39309@8;39310@8;39311@8,39299@7;39300@7;39301@7;39302@7;39303@8;39304@8;39305@8;39306@8;39307@8;39308@8;39309@8;39310@8;39311@8,39299@7;39300@7;39301@7;39302@7;39303@8;39304@8;39305@8;39306@8;39307@8;39308@8;39309@8;39310@8;39311@8,39299@7;39300@7;39301@7;39302@7;39303@8;39304@8;39305@8;39306@8;39307@8;39308@8;39309@8;39310@8;39311@8,39299@7;39300@7;39301@7;39302@7;39303@8;39304@8;39305@8;39306@8;39307@8;39308@8;39309@8;39310@8;39311@8,39299@7;39300@7;39301@7;39302@7;39303@8;39304@8;39305@8;39306@8;39307@8;39308@8;39309@8;39310@8;39311@8,39299@7;39300@7;39301@7;39302@7;39303@8;39304@8;39305@8;39306@8;39307@8;39308@8;39309@8;39310@8;39311@8,39299@7;39300@7;39301@7;39302@7;39303@8;39304@8;39305@8;39306@8;39307@8;39308@8;39309@8;39310@8;39311@8,39299@7;39300@7;39301@7;39302@7;39303@8;39304@8;39305@8;39306@8;39307@8;39308@8;39309@8;39310@8;39311@8,39299@7;39300@7;39301@7;39302@7;39303@8;39304@8;39305@8;39306@8;39307@8;39308@8;39309@8;39310@8;39311@8,39299@7;39300@7;39301@7;39302@7;39303@8;39304@8;39305@8;39306@8;39307@8;39308@8;39309@8;39310@8;39311@8,39299@7;39300@7;39301@7;39302@7;39303@8;39304@8;39305@8;39306@8;39307@8;39308@8;39309@8;39310@8;39311@8,16;17;18;19;20;21;22;23;24,,1,
3960,驯兽高手4星,2,0,3,,TeamLv,0,,0,1,,4,13,7,0,0,0,0,0,0,0,0,0,0,0,0,0,0,39312@7;39313@7;39314@7;39315@7;39316@8;39317@8;39318@8;39319@8;39320@8;39321@8;39322@8;39323@8;39324@8,39312@7;39313@7;39314@7;39315@7;39316@8;39317@8;39318@8;39319@8;39320@8;39321@8;39322@8;39323@8;39324@8,39312@7;39313@7;39314@7;39315@7;39316@8;39317@8;39318@8;39319@8;39320@8;39321@8;39322@8;39323@8;39324@8,39312@7;39313@7;39314@7;39315@7;39316@8;39317@8;39318@8;39319@8;39320@8;39321@8;39322@8;39323@8;39324@8,39312@7;39313@7;39314@7;39315@7;39316@8;39317@8;39318@8;39319@8;39320@8;39321@8;39322@8;39323@8;39324@8,39312@7;39313@7;39314@7;39315@7;39316@8;39317@8;39318@8;39319@8;39320@8;39321@8;39322@8;39323@8;39324@8,39312@7;39313@7;39314@7;39315@7;39316@8;39317@8;39318@8;39319@8;39320@8;39321@8;39322@8;39323@8;39324@8,39312@7;39313@7;39314@7;39315@7;39316@8;39317@8;39318@8;39319@8;39320@8;39321@8;39322@8;39323@8;39324@8,39312@7;39313@7;39314@7;39315@7;39316@8;39317@8;39318@8;39319@8;39320@8;39321@8;39322@8;39323@8;39324@8,39312@7;39313@7;39314@7;39315@7;39316@8;39317@8;39318@8;39319@8;39320@8;39321@8;39322@8;39323@8;39324@8,39312@7;39313@7;39314@7;39315@7;39316@8;39317@8;39318@8;39319@8;39320@8;39321@8;39322@8;39323@8;39324@8,39312@7;39313@7;39314@7;39315@7;39316@8;39317@8;39318@8;39319@8;39320@8;39321@8;39322@8;39323@8;39324@8,39312@7;39313@7;39314@7;39315@7;39316@8;39317@8;39318@8;39319@8;39320@8;39321@8;39322@8;39323@8;39324@8,39312@7;39313@7;39314@7;39315@7;39316@8;39317@8;39318@8;39319@8;39320@8;39321@8;39322@8;39323@8;39324@8,16;17;18;19;20;21;22;23;24,1,1,
3961,驯兽高手5星,2,0,3,,TeamLv,0,,0,1,,4,13,7,0,0,0,0,0,0,0,0,0,0,0,0,0,0,39325@7;39326@7;39327@7;39328@7;39329@8;39330@8;39331@8;39332@8;39333@8;39334@8;39335@8;39336@8;39337@8,39325@7;39326@7;39327@7;39328@7;39329@8;39330@8;39331@8;39332@8;39333@8;39334@8;39335@8;39336@8;39337@8,39325@7;39326@7;39327@7;39328@7;39329@8;39330@8;39331@8;39332@8;39333@8;39334@8;39335@8;39336@8;39337@8,39325@7;39326@7;39327@7;39328@7;39329@8;39330@8;39331@8;39332@8;39333@8;39334@8;39335@8;39336@8;39337@8,39325@7;39326@7;39327@7;39328@7;39329@8;39330@8;39331@8;39332@8;39333@8;39334@8;39335@8;39336@8;39337@8,39325@7;39326@7;39327@7;39328@7;39329@8;39330@8;39331@8;39332@8;39333@8;39334@8;39335@8;39336@8;39337@8,39325@7;39326@7;39327@7;39328@7;39329@8;39330@8;39331@8;39332@8;39333@8;39334@8;39335@8;39336@8;39337@8,39325@7;39326@7;39327@7;39328@7;39329@8;39330@8;39331@8;39332@8;39333@8;39334@8;39335@8;39336@8;39337@8,39325@7;39326@7;39327@7;39328@7;39329@8;39330@8;39331@8;39332@8;39333@8;39334@8;39335@8;39336@8;39337@8,39325@7;39326@7;39327@7;39328@7;39329@8;39330@8;39331@8;39332@8;39333@8;39334@8;39335@8;39336@8;39337@8,39325@7;39326@7;39327@7;39328@7;39329@8;39330@8;39331@8;39332@8;39333@8;39334@8;39335@8;39336@8;39337@8,39325@7;39326@7;39327@7;39328@7;39329@8;39330@8;39331@8;39332@8;39333@8;39334@8;39335@8;39336@8;39337@8,39325@7;39326@7;39327@7;39328@7;39329@8;39330@8;39331@8;39332@8;39333@8;39334@8;39335@8;39336@8;39337@8,39325@7;39326@7;39327@7;39328@7;39329@8;39330@8;39331@8;39332@8;39333@8;39334@8;39335@8;39336@8;39337@8,16;17;18;19;20;21;22;23;24,1,1,
3962,驯兽高手6星,2,0,3,,TeamLv,0,,0,1,,4,13,7,0,0,0,0,0,0,0,0,0,0,0,0,0,0,39338@7;39339@7;39340@7;39341@7;39342@8;39343@8;39344@8;39345@8;39346@8;39347@8;39348@8;39349@8;39350@8,39338@7;39339@7;39340@7;39341@7;39342@8;39343@8;39344@8;39345@8;39346@8;39347@8;39348@8;39349@8;39350@8,39338@7;39339@7;39340@7;39341@7;39342@8;39343@8;39344@8;39345@8;39346@8;39347@8;39348@8;39349@8;39350@8,39338@7;39339@7;39340@7;39341@7;39342@8;39343@8;39344@8;39345@8;39346@8;39347@8;39348@8;39349@8;39350@8,39338@7;39339@7;39340@7;39341@7;39342@8;39343@8;39344@8;39345@8;39346@8;39347@8;39348@8;39349@8;39350@8,39338@7;39339@7;39340@7;39341@7;39342@8;39343@8;39344@8;39345@8;39346@8;39347@8;39348@8;39349@8;39350@8,39338@7;39339@7;39340@7;39341@7;39342@8;39343@8;39344@8;39345@8;39346@8;39347@8;39348@8;39349@8;39350@8,39338@7;39339@7;39340@7;39341@7;39342@8;39343@8;39344@8;39345@8;39346@8;39347@8;39348@8;39349@8;39350@8,39338@7;39339@7;39340@7;39341@7;39342@8;39343@8;39344@8;39345@8;39346@8;39347@8;39348@8;39349@8;39350@8,39338@7;39339@7;39340@7;39341@7;39342@8;39343@8;39344@8;39345@8;39346@8;39347@8;39348@8;39349@8;39350@8,39338@7;39339@7;39340@7;39341@7;39342@8;39343@8;39344@8;39345@8;39346@8;39347@8;39348@8;39349@8;39350@8,39338@7;39339@7;39340@7;39341@7;39342@8;39343@8;39344@8;39345@8;39346@8;39347@8;39348@8;39349@8;39350@8,39338@7;39339@7;39340@7;39341@7;39342@8;39343@8;39344@8;39345@8;39346@8;39347@8;39348@8;39349@8;39350@8,39338@7;39339@7;39340@7;39341@7;39342@8;39343@8;39344@8;39345@8;39346@8;39347@8;39348@8;39349@8;39350@8,16;17;18;19;20;21;22;23;24,1,1,
3963,驯兽高手7星,2,0,3,,TeamLv,0,,0,1,,4,13,7,0,0,0,0,0,0,0,0,0,0,0,0,0,0,39351@7;39352@7;39353@7;39354@7;39355@8;39356@8;39357@8;39358@8;39359@8;39360@8;39361@8;39362@8;39363@8,39351@7;39352@7;39353@7;39354@7;39355@8;39356@8;39357@8;39358@8;39359@8;39360@8;39361@8;39362@8;39363@8,39351@7;39352@7;39353@7;39354@7;39355@8;39356@8;39357@8;39358@8;39359@8;39360@8;39361@8;39362@8;39363@8,39351@7;39352@7;39353@7;39354@7;39355@8;39356@8;39357@8;39358@8;39359@8;39360@8;39361@8;39362@8;39363@8,39351@7;39352@7;39353@7;39354@7;39355@8;39356@8;39357@8;39358@8;39359@8;39360@8;39361@8;39362@8;39363@8,39351@7;39352@7;39353@7;39354@7;39355@8;39356@8;39357@8;39358@8;39359@8;39360@8;39361@8;39362@8;39363@8,39351@7;39352@7;39353@7;39354@7;39355@8;39356@8;39357@8;39358@8;39359@8;39360@8;39361@8;39362@8;39363@8,39351@7;39352@7;39353@7;39354@7;39355@8;39356@8;39357@8;39358@8;39359@8;39360@8;39361@8;39362@8;39363@8,39351@7;39352@7;39353@7;39354@7;39355@8;39356@8;39357@8;39358@8;39359@8;39360@8;39361@8;39362@8;39363@8,39351@7;39352@7;39353@7;39354@7;39355@8;39356@8;39357@8;39358@8;39359@8;39360@8;39361@8;39362@8;39363@8,39351@7;39352@7;39353@7;39354@7;39355@8;39356@8;39357@8;39358@8;39359@8;39360@8;39361@8;39362@8;39363@8,39351@7;39352@7;39353@7;39354@7;39355@8;39356@8;39357@8;39358@8;39359@8;39360@8;39361@8;39362@8;39363@8,39351@7;39352@7;39353@7;39354@7;39355@8;39356@8;39357@8;39358@8;39359@8;39360@8;39361@8;39362@8;39363@8,39351@7;39352@7;39353@7;39354@7;39355@8;39356@8;39357@8;39358@8;39359@8;39360@8;39361@8;39362@8;39363@8,16;17;18;19;20;21;22;23;24,1,1,
3964,制造大师1星,2,0,3,,TeamLv,0,,0,1,,4,13,7,0,0,0,0,0,0,0,0,0,0,0,0,0,0,39364@7;39365@7;39366@7;39367@7;39368@8;39369@8;39370@8;39371@8;39372@8;39373@8;39374@8;39375@8;39376@8,39364@7;39365@7;39366@7;39367@7;39368@8;39369@8;39370@8;39371@8;39372@8;39373@8;39374@8;39375@8;39376@8,39364@7;39365@7;39366@7;39367@7;39368@8;39369@8;39370@8;39371@8;39372@8;39373@8;39374@8;39375@8;39376@8,39364@7;39365@7;39366@7;39367@7;39368@8;39369@8;39370@8;39371@8;39372@8;39373@8;39374@8;39375@8;39376@8,39364@7;39365@7;39366@7;39367@7;39368@8;39369@8;39370@8;39371@8;39372@8;39373@8;39374@8;39375@8;39376@8,39364@7;39365@7;39366@7;39367@7;39368@8;39369@8;39370@8;39371@8;39372@8;39373@8;39374@8;39375@8;39376@8,39364@7;39365@7;39366@7;39367@7;39368@8;39369@8;39370@8;39371@8;39372@8;39373@8;39374@8;39375@8;39376@8,39364@7;39365@7;39366@7;39367@7;39368@8;39369@8;39370@8;39371@8;39372@8;39373@8;39374@8;39375@8;39376@8,39364@7;39365@7;39366@7;39367@7;39368@8;39369@8;39370@8;39371@8;39372@8;39373@8;39374@8;39375@8;39376@8,39364@7;39365@7;39366@7;39367@7;39368@8;39369@8;39370@8;39371@8;39372@8;39373@8;39374@8;39375@8;39376@8,39364@7;39365@7;39366@7;39367@7;39368@8;39369@8;39370@8;39371@8;39372@8;39373@8;39374@8;39375@8;39376@8,39364@7;39365@7;39366@7;39367@7;39368@8;39369@8;39370@8;39371@8;39372@8;39373@8;39374@8;39375@8;39376@8,39364@7;39365@7;39366@7;39367@7;39368@8;39369@8;39370@8;39371@8;39372@8;39373@8;39374@8;39375@8;39376@8,39364@7;39365@7;39366@7;39367@7;39368@8;39369@8;39370@8;39371@8;39372@8;39373@8;39374@8;39375@8;39376@8,16;17;18;19;20;21;22;23;24,,1,
3965,制造大师2星,2,0,3,,TeamLv,0,,0,1,,4,13,7,0,0,0,0,0,0,0,0,0,0,0,0,0,0,39377@7;39378@7;39379@7;39380@7;39381@8;39382@8;39383@8;39384@8;39385@8;39386@8;39387@8;39388@8;39389@8,39377@7;39378@7;39379@7;39380@7;39381@8;39382@8;39383@8;39384@8;39385@8;39386@8;39387@8;39388@8;39389@8,39377@7;39378@7;39379@7;39380@7;39381@8;39382@8;39383@8;39384@8;39385@8;39386@8;39387@8;39388@8;39389@8,39377@7;39378@7;39379@7;39380@7;39381@8;39382@8;39383@8;39384@8;39385@8;39386@8;39387@8;39388@8;39389@8,39377@7;39378@7;39379@7;39380@7;39381@8;39382@8;39383@8;39384@8;39385@8;39386@8;39387@8;39388@8;39389@8,39377@7;39378@7;39379@7;39380@7;39381@8;39382@8;39383@8;39384@8;39385@8;39386@8;39387@8;39388@8;39389@8,39377@7;39378@7;39379@7;39380@7;39381@8;39382@8;39383@8;39384@8;39385@8;39386@8;39387@8;39388@8;39389@8,39377@7;39378@7;39379@7;39380@7;39381@8;39382@8;39383@8;39384@8;39385@8;39386@8;39387@8;39388@8;39389@8,39377@7;39378@7;39379@7;39380@7;39381@8;39382@8;39383@8;39384@8;39385@8;39386@8;39387@8;39388@8;39389@8,39377@7;39378@7;39379@7;39380@7;39381@8;39382@8;39383@8;39384@8;39385@8;39386@8;39387@8;39388@8;39389@8,39377@7;39378@7;39379@7;39380@7;39381@8;39382@8;39383@8;39384@8;39385@8;39386@8;39387@8;39388@8;39389@8,39377@7;39378@7;39379@7;39380@7;39381@8;39382@8;39383@8;39384@8;39385@8;39386@8;39387@8;39388@8;39389@8,39377@7;39378@7;39379@7;39380@7;39381@8;39382@8;39383@8;39384@8;39385@8;39386@8;39387@8;39388@8;39389@8,39377@7;39378@7;39379@7;39380@7;39381@8;39382@8;39383@8;39384@8;39385@8;39386@8;39387@8;39388@8;39389@8,16;17;18;19;20;21;22;23;24,,1,
3966,制造大师3星,2,0,3,,TeamLv,0,,0,1,,4,13,7,0,0,0,0,0,0,0,0,0,0,0,0,0,0,39390@7;39391@7;39392@7;39393@7;39394@8;39395@8;39396@8;39397@8;39398@8;39399@8;39400@8;39401@8;39402@8,39390@7;39391@7;39392@7;39393@7;39394@8;39395@8;39396@8;39397@8;39398@8;39399@8;39400@8;39401@8;39402@8,39390@7;39391@7;39392@7;39393@7;39394@8;39395@8;39396@8;39397@8;39398@8;39399@8;39400@8;39401@8;39402@8,39390@7;39391@7;39392@7;39393@7;39394@8;39395@8;39396@8;39397@8;39398@8;39399@8;39400@8;39401@8;39402@8,39390@7;39391@7;39392@7;39393@7;39394@8;39395@8;39396@8;39397@8;39398@8;39399@8;39400@8;39401@8;39402@8,39390@7;39391@7;39392@7;39393@7;39394@8;39395@8;39396@8;39397@8;39398@8;39399@8;39400@8;39401@8;39402@8,39390@7;39391@7;39392@7;39393@7;39394@8;39395@8;39396@8;39397@8;39398@8;39399@8;39400@8;39401@8;39402@8,39390@7;39391@7;39392@7;39393@7;39394@8;39395@8;39396@8;39397@8;39398@8;39399@8;39400@8;39401@8;39402@8,39390@7;39391@7;39392@7;39393@7;39394@8;39395@8;39396@8;39397@8;39398@8;39399@8;39400@8;39401@8;39402@8,39390@7;39391@7;39392@7;39393@7;39394@8;39395@8;39396@8;39397@8;39398@8;39399@8;39400@8;39401@8;39402@8,39390@7;39391@7;39392@7;39393@7;39394@8;39395@8;39396@8;39397@8;39398@8;39399@8;39400@8;39401@8;39402@8,39390@7;39391@7;39392@7;39393@7;39394@8;39395@8;39396@8;39397@8;39398@8;39399@8;39400@8;39401@8;39402@8,39390@7;39391@7;39392@7;39393@7;39394@8;39395@8;39396@8;39397@8;39398@8;39399@8;39400@8;39401@8;39402@8,39390@7;39391@7;39392@7;39393@7;39394@8;39395@8;39396@8;39397@8;39398@8;39399@8;39400@8;39401@8;39402@8,16;17;18;19;20;21;22;23;24,,1,
3967,制造大师4星,2,0,3,,TeamLv,0,,0,1,,4,13,7,0,0,0,0,0,0,0,0,0,0,0,0,0,0,39403@7;39404@7;39405@7;39406@7;39407@8;39408@8;39409@8;39410@8;39411@8;39412@8;39413@8;39414@8;39415@8,39403@7;39404@7;39405@7;39406@7;39407@8;39408@8;39409@8;39410@8;39411@8;39412@8;39413@8;39414@8;39415@8,39403@7;39404@7;39405@7;39406@7;39407@8;39408@8;39409@8;39410@8;39411@8;39412@8;39413@8;39414@8;39415@8,39403@7;39404@7;39405@7;39406@7;39407@8;39408@8;39409@8;39410@8;39411@8;39412@8;39413@8;39414@8;39415@8,39403@7;39404@7;39405@7;39406@7;39407@8;39408@8;39409@8;39410@8;39411@8;39412@8;39413@8;39414@8;39415@8,39403@7;39404@7;39405@7;39406@7;39407@8;39408@8;39409@8;39410@8;39411@8;39412@8;39413@8;39414@8;39415@8,39403@7;39404@7;39405@7;39406@7;39407@8;39408@8;39409@8;39410@8;39411@8;39412@8;39413@8;39414@8;39415@8,39403@7;39404@7;39405@7;39406@7;39407@8;39408@8;39409@8;39410@8;39411@8;39412@8;39413@8;39414@8;39415@8,39403@7;39404@7;39405@7;39406@7;39407@8;39408@8;39409@8;39410@8;39411@8;39412@8;39413@8;39414@8;39415@8,39403@7;39404@7;39405@7;39406@7;39407@8;39408@8;39409@8;39410@8;39411@8;39412@8;39413@8;39414@8;39415@8,39403@7;39404@7;39405@7;39406@7;39407@8;39408@8;39409@8;39410@8;39411@8;39412@8;39413@8;39414@8;39415@8,39403@7;39404@7;39405@7;39406@7;39407@8;39408@8;39409@8;39410@8;39411@8;39412@8;39413@8;39414@8;39415@8,39403@7;39404@7;39405@7;39406@7;39407@8;39408@8;39409@8;39410@8;39411@8;39412@8;39413@8;39414@8;39415@8,39403@7;39404@7;39405@7;39406@7;39407@8;39408@8;39409@8;39410@8;39411@8;39412@8;39413@8;39414@8;39415@8,16;17;18;19;20;21;22;23;24,1,1,
3968,制造大师5星,2,0,3,,TeamLv,0,,0,1,,4,13,7,0,0,0,0,0,0,0,0,0,0,0,0,0,0,39416@7;39417@7;39418@7;39419@7;39420@8;39421@8;39422@8;39423@8;39424@8;39425@8;39426@8;39427@8;39428@8,39416@7;39417@7;39418@7;39419@7;39420@8;39421@8;39422@8;39423@8;39424@8;39425@8;39426@8;39427@8;39428@8,39416@7;39417@7;39418@7;39419@7;39420@8;39421@8;39422@8;39423@8;39424@8;39425@8;39426@8;39427@8;39428@8,39416@7;39417@7;39418@7;39419@7;39420@8;39421@8;39422@8;39423@8;39424@8;39425@8;39426@8;39427@8;39428@8,39416@7;39417@7;39418@7;39419@7;39420@8;39421@8;39422@8;39423@8;39424@8;39425@8;39426@8;39427@8;39428@8,39416@7;39417@7;39418@7;39419@7;39420@8;39421@8;39422@8;39423@8;39424@8;39425@8;39426@8;39427@8;39428@8,39416@7;39417@7;39418@7;39419@7;39420@8;39421@8;39422@8;39423@8;39424@8;39425@8;39426@8;39427@8;39428@8,39416@7;39417@7;39418@7;39419@7;39420@8;39421@8;39422@8;39423@8;39424@8;39425@8;39426@8;39427@8;39428@8,39416@7;39417@7;39418@7;39419@7;39420@8;39421@8;39422@8;39423@8;39424@8;39425@8;39426@8;39427@8;39428@8,39416@7;39417@7;39418@7;39419@7;39420@8;39421@8;39422@8;39423@8;39424@8;39425@8;39426@8;39427@8;39428@8,39416@7;39417@7;39418@7;39419@7;39420@8;39421@8;39422@8;39423@8;39424@8;39425@8;39426@8;39427@8;39428@8,39416@7;39417@7;39418@7;39419@7;39420@8;39421@8;39422@8;39423@8;39424@8;39425@8;39426@8;39427@8;39428@8,39416@7;39417@7;39418@7;39419@7;39420@8;39421@8;39422@8;39423@8;39424@8;39425@8;39426@8;39427@8;39428@8,39416@7;39417@7;39418@7;39419@7;39420@8;39421@8;39422@8;39423@8;39424@8;39425@8;39426@8;39427@8;39428@8,16;17;18;19;20;21;22;23;24,1,1,
3969,制造大师6星,2,0,3,,TeamLv,0,,0,1,,4,13,7,0,0,0,0,0,0,0,0,0,0,0,0,0,0,39429@7;39430@7;39431@7;39432@7;39433@8;39434@8;39435@8;39436@8;39437@8;39438@8;39439@8;39440@8;39441@8,39429@7;39430@7;39431@7;39432@7;39433@8;39434@8;39435@8;39436@8;39437@8;39438@8;39439@8;39440@8;39441@8,39429@7;39430@7;39431@7;39432@7;39433@8;39434@8;39435@8;39436@8;39437@8;39438@8;39439@8;39440@8;39441@8,39429@7;39430@7;39431@7;39432@7;39433@8;39434@8;39435@8;39436@8;39437@8;39438@8;39439@8;39440@8;39441@8,39429@7;39430@7;39431@7;39432@7;39433@8;39434@8;39435@8;39436@8;39437@8;39438@8;39439@8;39440@8;39441@8,39429@7;39430@7;39431@7;39432@7;39433@8;39434@8;39435@8;39436@8;39437@8;39438@8;39439@8;39440@8;39441@8,39429@7;39430@7;39431@7;39432@7;39433@8;39434@8;39435@8;39436@8;39437@8;39438@8;39439@8;39440@8;39441@8,39429@7;39430@7;39431@7;39432@7;39433@8;39434@8;39435@8;39436@8;39437@8;39438@8;39439@8;39440@8;39441@8,39429@7;39430@7;39431@7;39432@7;39433@8;39434@8;39435@8;39436@8;39437@8;39438@8;39439@8;39440@8;39441@8,39429@7;39430@7;39431@7;39432@7;39433@8;39434@8;39435@8;39436@8;39437@8;39438@8;39439@8;39440@8;39441@8,39429@7;39430@7;39431@7;39432@7;39433@8;39434@8;39435@8;39436@8;39437@8;39438@8;39439@8;39440@8;39441@8,39429@7;39430@7;39431@7;39432@7;39433@8;39434@8;39435@8;39436@8;39437@8;39438@8;39439@8;39440@8;39441@8,39429@7;39430@7;39431@7;39432@7;39433@8;39434@8;39435@8;39436@8;39437@8;39438@8;39439@8;39440@8;39441@8,39429@7;39430@7;39431@7;39432@7;39433@8;39434@8;39435@8;39436@8;39437@8;39438@8;39439@8;39440@8;39441@8,16;17;18;19;20;21;22;23;24,1,1,
3970,制造大师7星,2,0,3,,TeamLv,0,,0,1,,4,13,7,0,0,0,0,0,0,0,0,0,0,0,0,0,0,39442@7;39443@7;39444@7;39445@7;39446@8;39447@8;39448@8;39449@8;39450@8;39451@8;39452@8;39453@8;39454@8,39442@7;39443@7;39444@7;39445@7;39446@8;39447@8;39448@8;39449@8;39450@8;39451@8;39452@8;39453@8;39454@8,39442@7;39443@7;39444@7;39445@7;39446@8;39447@8;39448@8;39449@8;39450@8;39451@8;39452@8;39453@8;39454@8,39442@7;39443@7;39444@7;39445@7;39446@8;39447@8;39448@8;39449@8;39450@8;39451@8;39452@8;39453@8;39454@8,39442@7;39443@7;39444@7;39445@7;39446@8;39447@8;39448@8;39449@8;39450@8;39451@8;39452@8;39453@8;39454@8,39442@7;39443@7;39444@7;39445@7;39446@8;39447@8;39448@8;39449@8;39450@8;39451@8;39452@8;39453@8;39454@8,39442@7;39443@7;39444@7;39445@7;39446@8;39447@8;39448@8;39449@8;39450@8;39451@8;39452@8;39453@8;39454@8,39442@7;39443@7;39444@7;39445@7;39446@8;39447@8;39448@8;39449@8;39450@8;39451@8;39452@8;39453@8;39454@8,39442@7;39443@7;39444@7;39445@7;39446@8;39447@8;39448@8;39449@8;39450@8;39451@8;39452@8;39453@8;39454@8,39442@7;39443@7;39444@7;39445@7;39446@8;39447@8;39448@8;39449@8;39450@8;39451@8;39452@8;39453@8;39454@8,39442@7;39443@7;39444@7;39445@7;39446@8;39447@8;39448@8;39449@8;39450@8;39451@8;39452@8;39453@8;39454@8,39442@7;39443@7;39444@7;39445@7;39446@8;39447@8;39448@8;39449@8;39450@8;39451@8;39452@8;39453@8;39454@8,39442@7;39443@7;39444@7;39445@7;39446@8;39447@8;39448@8;39449@8;39450@8;39451@8;39452@8;39453@8;39454@8,39442@7;39443@7;39444@7;39445@7;39446@8;39447@8;39448@8;39449@8;39450@8;39451@8;39452@8;39453@8;39454@8,16;17;18;19;20;21;22;23;24,1,1,
3971,泡泡王,2,0,10,,TeamLv,0,,0,1,1,4,10,7,0,0,0,0,0,0,0,0,0,0,0,0,0,0,39455@100,0,0,39456@100,39457@100,39458@100,39459@100,39460@100,39461@100,39462@100,39460@100,39461@100,39462@100,39462@100,16;17;18;19;20;21;22;23;24,,1,
4400,十二门派-女儿村,2,0,6,,TeamLv,0,,0,1,,0,10,7,0,0,0,0,0,0,0,0,0,0,0,0,0,0,30895@100,30895@100,30895@100,30895@100,30895@100,30895@100,30895@100,30895@100,30895@100,30895@100,0,0,0,0,,,,
4401,十二门派-花果山,2,0,7,,TeamLv,0,,0,1,,0,10,7,0,0,0,0,0,0,0,0,0,0,0,0,0,0,30896@100,30896@100,30896@100,30896@100,30896@100,30896@100,30896@100,30896@100,30896@100,30896@100,0,0,0,0,,,,
4402,十二门派-小雷音,2,0,8,,TeamLv,0,,0,1,,0,10,7,0,0,0,0,0,0,0,0,0,0,0,0,0,0,30897@100,30897@100,30897@100,30897@100,30897@100,30897@100,30897@100,30897@100,30897@100,30897@100,0,0,0,0,,,,
4403,十二门派-须弥海,2,0,9,,TeamLv,0,,0,1,,0,10,7,0,0,0,0,0,0,0,0,0,0,0,0,0,0,30898@100,30898@100,30898@100,30898@100,30898@100,30898@100,30898@100,30898@100,30898@100,30898@100,0,0,0,0,,,,
5001,自在天魔1星,2,0,6,,TeamLv,0,,0,1,,4,14,7,0,0,0,0,0,0,0,0,0,0,0,0,0,0,24880@100,24881@100,24882@100,24883@100,24884@100,24885@100,24886@100,24887@100,24888@100,24889@100,24886@100,24887@100,24888@100,24889@100,,,1,
5002,自在天魔2星,2,0,6,,TeamLv,0,,0,1,,4,14,7,0,0,0,0,0,0,0,0,0,0,0,0,0,0,24890@100,24891@100,24892@100,24893@100,24894@100,24895@100,24896@100,24897@100,24898@100,24899@100,24896@100,24897@100,24898@100,24899@100,,,1,
5003,自在天魔3星,2,0,6,,TeamLv,0,,0,1,,4,14,7,0,0,0,0,0,0,0,0,0,0,0,0,0,0,24900@100,24901@100,24902@100,24903@100,24904@100,24905@100,24906@100,24907@100,24908@100,24909@100,24906@100,24907@100,24908@100,24909@100,,,1,
5004,自在天魔4星,2,0,6,,TeamLv,0,,0,1,,4,14,7,0,0,0,0,0,0,0,0,0,0,0,0,0,0,24910@100,24911@100,24912@100,24913@100,24914@100,24915@100,24916@100,24917@100,24918@100,24919@100,24916@100,24917@100,24918@100,24919@100,,,1,
5005,自在天魔5星,2,0,6,,TeamLv,0,,0,1,,4,14,7,0,0,0,0,0,0,0,0,0,0,0,0,0,0,24920@100,24921@100,24922@100,24923@100,24924@100,24925@100,24926@100,24927@100,24928@100,24929@100,24926@100,24927@100,24928@100,24929@100,,,1,
5006,自在天魔6星,2,0,6,,TeamLv,0,,0,1,,4,14,7,0,0,0,0,0,0,0,0,0,0,0,0,0,0,24930@100,24931@100,24932@100,24933@100,24934@100,24935@100,24936@100,24937@100,24938@100,24939@100,24936@100,24937@100,24938@100,24939@100,,,1,
5007,自在天魔7星,2,0,6,,TeamLv,0,,0,1,,4,14,7,0,0,0,0,0,0,0,0,0,0,0,0,0,0,24940@100,24941@100,24942@100,24943@100,24944@100,24945@100,24946@100,24947@100,24948@100,24949@100,24946@100,24947@100,24948@100,24949@100,,,1,
5008,自在天魔8星,2,0,6,,TeamLv,0,,0,1,,4,14,7,0,0,0,0,0,0,0,0,0,0,0,0,0,0,24950@100,24951@100,24952@100,24953@100,24954@100,24955@100,24956@100,24957@100,24958@100,24959@100,24956@100,24957@100,24958@100,24959@100,,,1,
5009,自在天魔9星,2,0,6,,TeamLv,0,,0,1,,4,14,7,0,0,0,0,0,0,0,0,0,0,0,0,0,0,24960@100,24961@100,24962@100,24963@100,24964@100,24965@100,24966@100,24967@100,24968@100,24969@100,24966@100,24967@100,24968@100,24969@100,,,1,
5010,自在天魔10星,2,0,6,,TeamLv,0,,0,1,,4,14,7,0,0,0,0,0,0,0,0,0,0,0,0,0,0,24970@100,24971@100,24972@100,24973@100,24974@100,24975@100,24976@100,24977@100,24978@100,24979@100,24976@100,24977@100,24978@100,24979@100,,,1,
5011,蚩尤战神2星,2,0,11,,TeamLv,0,,0,1,,4,14,7,0,0,0,0,0,0,0,0,0,0,0,0,0,0,39473@100,39474@100,39475@100,39476@100,39477@100,39463@10;39464@10;39465@10;39466@10;39467@10;39468@10;39469@10;39470@10;39471@10;39472@10,39463@10;39464@10;39465@10;39466@10;39467@10;39468@10;39469@10;39470@10;39471@10;39472@10,39463@10;39464@10;39465@10;39466@10;39467@10;39468@10;39469@10;39470@10;39471@10;39472@10,39463@10;39464@10;39465@10;39466@10;39467@10;39468@10;39469@10;39470@10;39471@10;39472@10,39463@10;39464@10;39465@10;39466@10;39467@10;39468@10;39469@10;39470@10;39471@10;39472@10,39463@10;39464@10;39465@10;39466@10;39467@10;39468@10;39469@10;39470@10;39471@10;39472@10,39463@10;39464@10;39465@10;39466@10;39467@10;39468@10;39469@10;39470@10;39471@10;39472@10,39463@10;39464@10;39465@10;39466@10;39467@10;39468@10;39469@10;39470@10;39471@10;39472@10,39463@10;39464@10;39465@10;39466@10;39467@10;39468@10;39469@10;39470@10;39471@10;39472@10,,,1,
5012,蚩尤战神3星,2,0,11,,TeamLv,0,,0,1,,4,14,7,0,0,0,0,0,0,0,0,0,0,0,0,0,0,39488@100,39489@100,39490@100,39491@100,39492@100,39478@10;39479@10;39480@10;39481@10;39482@10;39483@10;39484@10;39485@10;39486@10;39487@10,39478@10;39479@10;39480@10;39481@10;39482@10;39483@10;39484@10;39485@10;39486@10;39487@10,39478@10;39479@10;39480@10;39481@10;39482@10;39483@10;39484@10;39485@10;39486@10;39487@10,39478@10;39479@10;39480@10;39481@10;39482@10;39483@10;39484@10;39485@10;39486@10;39487@10,39478@10;39479@10;39480@10;39481@10;39482@10;39483@10;39484@10;39485@10;39486@10;39487@10,39478@10;39479@10;39480@10;39481@10;39482@10;39483@10;39484@10;39485@10;39486@10;39487@10,39478@10;39479@10;39480@10;39481@10;39482@10;39483@10;39484@10;39485@10;39486@10;39487@10,39478@10;39479@10;39480@10;39481@10;39482@10;39483@10;39484@10;39485@10;39486@10;39487@10,39478@10;39479@10;39480@10;39481@10;39482@10;39483@10;39484@10;39485@10;39486@10;39487@10,,,1,
5013,蚩尤战神4星,2,0,11,,TeamLv,0,,0,1,,4,14,7,0,0,0,0,0,0,0,0,0,0,0,0,0,0,39503@100,39504@100,39505@100,39506@100,39507@100,39493@10;39494@10;39495@10;39496@10;39497@10;39498@10;39499@10;39500@10;39501@10;39502@10,39493@10;39494@10;39495@10;39496@10;39497@10;39498@10;39499@10;39500@10;39501@10;39502@10,39493@10;39494@10;39495@10;39496@10;39497@10;39498@10;39499@10;39500@10;39501@10;39502@10,39493@10;39494@10;39495@10;39496@10;39497@10;39498@10;39499@10;39500@10;39501@10;39502@10,39493@10;39494@10;39495@10;39496@10;39497@10;39498@10;39499@10;39500@10;39501@10;39502@10,39493@10;39494@10;39495@10;39496@10;39497@10;39498@10;39499@10;39500@10;39501@10;39502@10,39493@10;39494@10;39495@10;39496@10;39497@10;39498@10;39499@10;39500@10;39501@10;39502@10,39493@10;39494@10;39495@10;39496@10;39497@10;39498@10;39499@10;39500@10;39501@10;39502@10,39493@10;39494@10;39495@10;39496@10;39497@10;39498@10;39499@10;39500@10;39501@10;39502@10,,,1,
5014,蚩尤战神5星,2,0,11,,TeamLv,0,,0,1,,4,14,7,0,0,0,0,0,0,0,0,0,0,0,0,0,0,39518@100,39519@100,39520@100,39521@100,39522@100,39508@10;39509@10;39510@10;39511@10;39512@10;39513@10;39514@10;39515@10;39516@10;39517@10,39508@10;39509@10;39510@10;39511@10;39512@10;39513@10;39514@10;39515@10;39516@10;39517@10,39508@10;39509@10;39510@10;39511@10;39512@10;39513@10;39514@10;39515@10;39516@10;39517@10,39508@10;39509@10;39510@10;39511@10;39512@10;39513@10;39514@10;39515@10;39516@10;39517@10,39508@10;39509@10;39510@10;39511@10;39512@10;39513@10;39514@10;39515@10;39516@10;39517@10,39508@10;39509@10;39510@10;39511@10;39512@10;39513@10;39514@10;39515@10;39516@10;39517@10,39508@10;39509@10;39510@10;39511@10;39512@10;39513@10;39514@10;39515@10;39516@10;39517@10,39508@10;39509@10;39510@10;39511@10;39512@10;39513@10;39514@10;39515@10;39516@10;39517@10,39508@10;39509@10;39510@10;39511@10;39512@10;39513@10;39514@10;39515@10;39516@10;39517@10,,,1,
5015,蚩尤战神6星,2,0,11,,TeamLv,0,,0,1,,4,14,7,0,0,0,0,0,0,0,0,0,0,0,0,0,0,39533@100,39534@100,39535@100,39536@100,39537@100,39523@10;39524@10;39525@10;39526@10;39527@10;39528@10;39529@10;39530@10;39531@10;39532@10,39523@10;39524@10;39525@10;39526@10;39527@10;39528@10;39529@10;39530@10;39531@10;39532@10,39523@10;39524@10;39525@10;39526@10;39527@10;39528@10;39529@10;39530@10;39531@10;39532@10,39523@10;39524@10;39525@10;39526@10;39527@10;39528@10;39529@10;39530@10;39531@10;39532@10,39523@10;39524@10;39525@10;39526@10;39527@10;39528@10;39529@10;39530@10;39531@10;39532@10,39523@10;39524@10;39525@10;39526@10;39527@10;39528@10;39529@10;39530@10;39531@10;39532@10,39523@10;39524@10;39525@10;39526@10;39527@10;39528@10;39529@10;39530@10;39531@10;39532@10,39523@10;39524@10;39525@10;39526@10;39527@10;39528@10;39529@10;39530@10;39531@10;39532@10,39523@10;39524@10;39525@10;39526@10;39527@10;39528@10;39529@10;39530@10;39531@10;39532@10,,,1,
5016,蚩尤战神7星,2,0,11,,TeamLv,0,,0,1,,4,14,7,0,0,0,0,0,0,0,0,0,0,0,0,0,0,39548@100,39549@100,39550@100,39551@100,39552@100,39538@10;39539@10;39540@10;39541@10;39542@10;39543@10;39544@10;39545@10;39546@10;39547@10,39538@10;39539@10;39540@10;39541@10;39542@10;39543@10;39544@10;39545@10;39546@10;39547@10,39538@10;39539@10;39540@10;39541@10;39542@10;39543@10;39544@10;39545@10;39546@10;39547@10,39538@10;39539@10;39540@10;39541@10;39542@10;39543@10;39544@10;39545@10;39546@10;39547@10,39538@10;39539@10;39540@10;39541@10;39542@10;39543@10;39544@10;39545@10;39546@10;39547@10,39538@10;39539@10;39540@10;39541@10;39542@10;39543@10;39544@10;39545@10;39546@10;39547@10,39538@10;39539@10;39540@10;39541@10;39542@10;39543@10;39544@10;39545@10;39546@10;39547@10,39538@10;39539@10;39540@10;39541@10;39542@10;39543@10;39544@10;39545@10;39546@10;39547@10,39538@10;39539@10;39540@10;39541@10;39542@10;39543@10;39544@10;39545@10;39546@10;39547@10,,,1,
5017,蚩尤战神8星,2,0,11,,TeamLv,0,,0,1,,4,14,7,0,0,0,0,0,0,0,0,0,0,0,0,0,0,39563@100,39564@100,39565@100,39566@100,39567@100,39553@10;39554@10;39555@10;39556@10;39557@10;39558@10;39559@10;39560@10;39561@10;39562@10,39553@10;39554@10;39555@10;39556@10;39557@10;39558@10;39559@10;39560@10;39561@10;39562@10,39553@10;39554@10;39555@10;39556@10;39557@10;39558@10;39559@10;39560@10;39561@10;39562@10,39553@10;39554@10;39555@10;39556@10;39557@10;39558@10;39559@10;39560@10;39561@10;39562@10,39553@10;39554@10;39555@10;39556@10;39557@10;39558@10;39559@10;39560@10;39561@10;39562@10,39553@10;39554@10;39555@10;39556@10;39557@10;39558@10;39559@10;39560@10;39561@10;39562@10,39553@10;39554@10;39555@10;39556@10;39557@10;39558@10;39559@10;39560@10;39561@10;39562@10,39553@10;39554@10;39555@10;39556@10;39557@10;39558@10;39559@10;39560@10;39561@10;39562@10,39553@10;39554@10;39555@10;39556@10;39557@10;39558@10;39559@10;39560@10;39561@10;39562@10,,,1,
5018,蚩尤战神9星,2,0,11,,TeamLv,0,,0,1,,4,14,7,0,0,0,0,0,0,0,0,0,0,0,0,0,0,39578@100,39579@100,39580@100,39581@100,39582@100,39568@10;39569@10;39570@10;39571@10;39572@10;39573@10;39574@10;39575@10;39576@10;39577@10,39568@10;39569@10;39570@10;39571@10;39572@10;39573@10;39574@10;39575@10;39576@10;39577@10,39568@10;39569@10;39570@10;39571@10;39572@10;39573@10;39574@10;39575@10;39576@10;39577@10,39568@10;39569@10;39570@10;39571@10;39572@10;39573@10;39574@10;39575@10;39576@10;39577@10,39568@10;39569@10;39570@10;39571@10;39572@10;39573@10;39574@10;39575@10;39576@10;39577@10,39568@10;39569@10;39570@10;39571@10;39572@10;39573@10;39574@10;39575@10;39576@10;39577@10,39568@10;39569@10;39570@10;39571@10;39572@10;39573@10;39574@10;39575@10;39576@10;39577@10,39568@10;39569@10;39570@10;39571@10;39572@10;39573@10;39574@10;39575@10;39576@10;39577@10,39568@10;39569@10;39570@10;39571@10;39572@10;39573@10;39574@10;39575@10;39576@10;39577@10,,,1,
5019,蚩尤战神10星,2,0,11,,TeamLv,0,,0,1,,4,14,7,0,0,0,0,0,0,0,0,0,0,0,0,0,0,39593@100,39594@100,39595@100,39596@100,39597@100,39583@10;39584@10;39585@10;39586@10;39587@10;39588@10;39589@10;39590@10;39591@10;39592@10,39583@10;39584@10;39585@10;39586@10;39587@10;39588@10;39589@10;39590@10;39591@10;39592@10,39583@10;39584@10;39585@10;39586@10;39587@10;39588@10;39589@10;39590@10;39591@10;39592@10,39583@10;39584@10;39585@10;39586@10;39587@10;39588@10;39589@10;39590@10;39591@10;39592@10,39583@10;39584@10;39585@10;39586@10;39587@10;39588@10;39589@10;39590@10;39591@10;39592@10,39583@10;39584@10;39585@10;39586@10;39587@10;39588@10;39589@10;39590@10;39591@10;39592@10,39583@10;39584@10;39585@10;39586@10;39587@10;39588@10;39589@10;39590@10;39591@10;39592@10,39583@10;39584@10;39585@10;39586@10;39587@10;39588@10;39589@10;39590@10;39591@10;39592@10,39583@10;39584@10;39585@10;39586@10;39587@10;39588@10;39589@10;39590@10;39591@10;39592@10,,,1,
4500,大雁塔11层,2,0,6,,TeamLv,0,,0,1,,0,8,7,0,0,0,0,0,0,0,0,0,0,0,0,0,0,25000@100,25001@100,25002@100,25003@100,25004@100,25005@100,25006@100,25007@100,0,0,0,0,0,0,16;17;18;19;20;21;22;23;24,,1,
4501,大雁塔12层,2,0,6,,TeamLv,0,,0,1,,0,8,7,0,0,0,0,0,0,0,0,0,0,0,0,0,0,25013@100,25014@100,25015@100,25016@100,25017@100,25018@100,25019@100,25021@100,0,0,0,0,0,0,16;17;18;19;20;21;22;23;24,,1,
4502,大雁塔13层,2,0,6,,TeamLv,0,,0,1,,0,10,7,0,0,0,0,0,0,0,0,0,0,0,0,0,0,25026@100,25027@100,25028@100,25029@100,25030@100,25031@100,25032@100,25036@100,0,0,0,0,0,0,16;17;18;19;20;21;22;23;24,,1,
4503,大雁塔14层,2,0,6,,TeamLv,0,,0,1,,0,10,7,0,0,0,0,0,0,0,0,0,0,0,0,0,0,25039@100,25039@100,25039@100,25039@100,25039@100,25040@100,25041@100,25042@100,0,0,0,0,0,0,16;17;18;19;20;21;22;23;24,,1,
4504,大雁塔15层,2,0,6,,TeamLv,0,,0,1,,0,10,7,0,0,0,0,0,0,0,0,0,0,0,0,0,0,25052@100,25052@100,25052@100,25052@100,25052@100,25053@100,25054@100,25055@100,25056@100,25057@100,0,0,0,0,16;17;18;19;20;21;22;23;24,,1,
4505,大雁塔16层,2,0,6,,TeamLv,0,,0,1,,0,10,7,0,0,0,0,0,0,0,0,0,0,0,0,0,0,25066@100,25066@100,25066@100,25066@100,25066@100,25067@100,25068@100,25069@100,25070@100,25071@100,0,0,0,0,16;17;18;19;20;21;22;23;24,,1,
4506,大雁塔17层,2,0,6,,TeamLv,0,,0,1,,0,10,7,0,0,0,0,0,0,0,0,0,0,0,0,0,0,25080@100,25080@100,25080@100,25080@100,25080@100,25079@100,25081@100,25082@100,25083@100,25084@100,0,0,0,0,16;17;18;19;20;21;22;23;24,,1,
4507,大雁塔18层,2,0,6,,TeamLv,0,,0,1,,0,10,7,0,0,0,0,0,0,0,0,0,0,0,0,0,0,25095@100,25095@100,25095@100,25095@100,25095@100,25096@101,25097@102,25097@103,25092@104,25094@105,0,0,0,0,16;17;18;19;20;21;22;23;24,,1,
4508,大雁塔19层,2,0,6,,TeamLv,0,,0,1,,0,13,7,0,0,0,0,0,0,0,0,0,0,0,0,0,0,25104@100,25105@100,25106@100,25107@100,25108@100,25109@100,25110@100,25111@100,25112@100,25113@100,25114@100,25115@100,25116@100,0,16;17;18;19;20;21;22;23;24,,1,
4509,大雁塔20层,2,0,6,,TeamLv,0,,0,1,,0,13,7,0,0,0,0,0,0,0,0,0,0,0,0,0,0,25117@100,25118@100,25119@100,25120@100,25121@100,25122@100,25123@100,25124@100,25125@100,25126@100,25127@100,25128@100,25129@100,0,16;17;18;19;20;21;22;23;24,,1,
4510,泡泡王,2,0,6,,TeamLv,0,,0,1,,4,20,7,0,0,0,0,0,0,0,0,0,0,0,0,0,0,31752@100,0,0,31753@100,31754@100,31755@100,31756@100,31757@100,31758@100,31759@100,0,0,0,0,,1,1,
4511,年兽,2,0,8,,TeamLv,0,,0,1,,4,10,7,0,0,0,0,0,0,0,0,0,0,0,0,0,0,0,0,0,24980@100,24981@100,24982@100,24983@100,24984@100,24985@100,24986@100,24987@100,24988@100,24988@100,24988@100,,,,
4512,虎符战将,2,0,10,,TeamLv,0,,0,1,,4,10,7,0,0,0,0,0,0,0,0,0,0,0,0,0,0,0,39200@100,39201@100,39202@100,39203@100,39204@100,39205@100,39206@100,39207@100,39208@100,39199@100,0,0,0,16;17;18;19;20;21;22;23;24,,1,
4513,巨力神将,2,0,10,,TeamLv,0,,0,1,,4,10,7,0,0,0,0,0,0,0,0,0,0,0,0,0,0,0,39210@100,39211@100,39212@100,39213@100,39214@100,39215@100,39216@100,39217@100,39218@100,39209@100,0,0,0,16;17;18;19;20;21;22;23;24,,1,
4514,降龙尊者,2,0,10,,TeamLv,0,,0,1,,4,10,7,0,0,0,0,0,0,0,0,0,0,0,0,0,0,0,39220@100,39221@100,39222@100,39223@100,39224@100,39225@100,39226@100,39227@100,39228@100,39219@100,0,0,0,16;17;18;19;20;21;22;23;24,,1,
4515,伏虎尊者,2,0,10,,TeamLv,0,,0,1,,4,10,7,0,0,0,0,0,0,0,0,0,0,0,0,0,0,0,39230@100,39231@100,39232@100,39233@100,39234@100,39235@100,39236@100,39237@100,39238@100,39229@100,0,0,0,16;17;18;19;20;21;22;23;24,,1,
4516,释迦摩尼,2,0,10,,TeamLv,0,,0,1,,4,10,7,0,0,0,0,0,0,0,0,0,0,0,0,0,0,0,39240@100,39241@100,39242@100,39243@100,39244@100,39245@100,39246@100,39247@100,39248@100,39239@100,0,0,0,16;17;18;19;20;21;22;23;24,,1,
4517,摩诃迦叶,2,0,10,,TeamLv,0,,0,1,,4,10,7,0,0,0,0,0,0,0,0,0,0,0,0,0,0,0,39250@100,39251@100,39252@100,39253@100,39254@100,39255@100,39256@100,39257@100,39258@100,39249@100,0,0,0,16;17;18;19;20;21;22;23;24,,1,
4518,青狮魔王,2,0,10,,TeamLv,0,,0,1,,4,10,7,0,0,0,0,0,0,0,0,0,0,0,0,0,0,0,39260@100,39261@100,39262@100,39263@100,39264@100,39265@100,39266@100,39267@100,39268@100,39259@100,0,0,0,16;17;18;19;20;21;22;23;24,,1,
4519,白象魔王,2,0,10,,TeamLv,0,,0,1,,4,10,7,0,0,0,0,0,0,0,0,0,0,0,0,0,0,0,39270@100,39271@100,39272@100,39273@100,39274@100,39275@100,39276@100,39277@100,39278@100,39269@100,0,0,0,16;17;18;19;20;21;22;23;24,,1,
4520,大鹏魔王,2,0,10,,TeamLv,0,,0,1,,4,10,7,0,0,0,0,0,0,0,0,0,0,0,0,0,0,0,39280@100,39281@100,39282@100,39283@100,39284@100,39285@100,39286@100,39287@100,39288@100,39279@100,0,0,0,16;17;18;19;20;21;22;23;24,,1,
4521,冥界鬼王,2,0,10,,TeamLv,0,,0,1,,4,10,7,0,0,0,0,0,0,0,0,0,0,0,0,0,0,0,39290@100,39291@100,39292@100,39293@100,39294@100,39295@100,39296@100,39297@100,39298@100,39289@100,0,0,0,16;17;18;19;20;21;22;23;24,,1,
4522,★嫦娥★,2,0,10,,TeamLv,0,,0,1,,4,10,7,0,0,0,0,0,0,0,0,0,0,0,0,0,0,0,39010@100,39011@100,39012@100,39013@100,39014@100,39015@100,39016@100,39017@100,39018@100,39009@100,0,0,0,16;17;18;19;20;21;22;23;24,,1,
4523,★天蓬★,2,0,10,,TeamLv,0,,0,1,,4,10,7,0,0,0,0,0,0,0,0,0,0,0,0,0,0,0,39020@100,39021@100,39022@100,39023@100,39024@100,39025@100,39026@100,39027@100,39028@100,39019@100,0,0,0,16;17;18;19;20;21;22;23;24,,1,
4524,★天罡★,2,0,10,,TeamLv,0,,0,1,,4,10,7,0,0,0,0,0,0,0,0,0,0,0,0,0,0,0,39030@100,39031@100,39032@100,39033@100,39034@100,39035@100,39036@100,39037@100,39038@100,39029@100,0,0,0,16;17;18;19;20;21;22;23;24,,1,
4525,★大力★,2,0,10,,TeamLv,0,,0,1,,4,10,7,0,0,0,0,0,0,0,0,0,0,0,0,0,0,0,39040@100,39041@100,39042@100,39043@100,39044@100,39045@100,39046@100,39047@100,39048@100,39039@100,0,0,0,16;17;18;19;20;21;22;23;24,,1,
4526,礼乐专家89,2,0,10,,TeamLv,0,,0,1,,4,10,7,0,0,0,0,0,0,0,0,0,0,0,0,0,0,0,39050@100,39051@100,39052@100,39053@100,39054@100,39055@100,39056@100,39057@100,39058@100,39049@100,0,0,0,16;17;18;19;20;21;22;23;24,,1,
4527,制造大师89,2,0,10,,TeamLv,0,,0,1,,4,10,7,0,0,0,0,0,0,0,0,0,0,0,0,0,0,0,39060@100,39061@100,39062@100,39063@100,39064@100,39065@100,39066@100,39067@100,39068@100,39059@100,0,0,0,16;17;18;19;20;21;22;23;24,,1,
4528,科举官员89,2,0,10,,TeamLv,0,,0,1,,4,10,7,0,0,0,0,0,0,0,0,0,0,0,0,0,0,0,39070@100,39071@100,39072@100,39073@100,39074@100,39075@100,39076@100,39077@100,39078@100,39069@100,0,0,0,16;17;18;19;20;21;22;23;24,,1,
4529,商业大亨89,2,0,10,,TeamLv,0,,0,1,,4,10,7,0,0,0,0,0,0,0,0,0,0,0,0,0,0,0,39080@100,39081@100,39082@100,39083@100,39084@100,39085@100,39086@100,39087@100,39088@100,39079@100,0,0,0,16;17;18;19;20;21;22;23;24,,1,
4530,驯兽高手89,2,0,10,,TeamLv,0,,0,1,,4,10,7,0,0,0,0,0,0,0,0,0,0,0,0,0,0,0,39090@100,39091@100,39092@100,39093@100,39094@100,39095@100,39096@100,39097@100,39098@100,39089@100,0,0,0,16;17;18;19;20;21;22;23;24,,1,
4531,礼乐专家109,2,0,10,,TeamLv,0,,0,1,,4,10,7,0,0,0,0,0,0,0,0,0,0,0,0,0,0,0,39100@100,39101@100,39102@100,39103@100,39104@100,39105@100,39106@100,39107@100,39108@100,39099@100,0,0,0,16;17;18;19;20;21;22;23;24,,1,
4532,制造大师109,2,0,10,,TeamLv,0,,0,1,,4,10,7,0,0,0,0,0,0,0,0,0,0,0,0,0,0,0,39110@100,39111@100,39112@100,39113@100,39114@100,39115@100,39116@100,39117@100,39118@100,39109@100,0,0,0,16;17;18;19;20;21;22;23;24,,1,
4533,科举官员109,2,0,10,,TeamLv,0,,0,1,,4,10,7,0,0,0,0,0,0,0,0,0,0,0,0,0,0,0,39120@100,39121@100,39122@100,39123@100,39124@100,39125@100,39126@100,39127@100,39128@100,39119@100,0,0,0,16;17;18;19;20;21;22;23;24,,1,
4534,商业大亨109,2,0,10,,TeamLv,0,,0,1,,4,10,7,0,0,0,0,0,0,0,0,0,0,0,0,0,0,0,39130@100,39131@100,39132@100,39133@100,39134@100,39135@100,39136@100,39137@100,39138@100,39129@100,0,0,0,16;17;18;19;20;21;22;23;24,,1,
4535,驯兽高手109,2,0,10,,TeamLv,0,,0,1,,4,10,7,0,0,0,0,0,0,0,0,0,0,0,0,0,0,0,39140@100,39141@100,39142@100,39143@100,39144@100,39145@100,39146@100,39147@100,39148@100,39139@100,0,0,0,16;17;18;19;20;21;22;23;24,,1,
4536,礼乐专家129,2,0,10,,TeamLv,0,,0,1,,4,10,7,0,0,0,0,0,0,0,0,0,0,0,0,0,0,0,39150@100,39151@100,39152@100,39153@100,39154@100,39155@100,39156@100,39157@100,39158@100,39149@100,0,0,0,16;17;18;19;20;21;22;23;24,,1,
4537,制造大师129,2,0,10,,TeamLv,0,,0,1,,4,10,7,0,0,0,0,0,0,0,0,0,0,0,0,0,0,0,39160@100,39161@100,39162@100,39163@100,39164@100,39165@100,39166@100,39167@100,39168@100,39159@100,0,0,0,16;17;18;19;20;21;22;23;24,,1,
4538,科举官员129,2,0,10,,TeamLv,0,,0,1,,4,10,7,0,0,0,0,0,0,0,0,0,0,0,0,0,0,0,39170@100,39171@100,39172@100,39173@100,39174@100,39175@100,39176@100,39177@100,39178@100,39169@100,0,0,0,16;17;18;19;20;21;22;23;24,,1,
4539,商业大亨129,2,0,10,,TeamLv,0,,0,1,,4,10,7,0,0,0,0,0,0,0,0,0,0,0,0,0,0,0,39180@100,39181@100,39182@100,39183@100,39184@100,39185@100,39186@100,39187@100,39188@100,39179@100,0,0,0,16;17;18;19;20;21;22;23;24,,1,
4540,驯兽高手129,2,0,10,,TeamLv,0,,0,1,,4,10,7,0,0,0,0,0,0,0,0,0,0,0,0,0,0,0,39190@100,39191@100,39192@100,39193@100,39194@100,39195@100,39196@100,39197@100,39198@100,39189@100,0,0,0,16;17;18;19;20;21;22;23;24,,1,
4541,不周山神,2,0,6,,TeamLv,0,,0,1,,4,10,7,0,0,0,0,0,0,0,0,0,0,0,0,0,0,39299@100,0,0,39300@100,39301@100,39302@100,39303@100,39304@100,39305@100,39306@100,0,0,0,0,,1,1,
4542,世界BOSS,2,0,10,,TeamLv,0,,0,1,,4,10,7,0,0,0,0,0,0,0,0,0,0,0,0,0,0,0,39307@100,39308@100,39309@100,39310@100,39311@100,39312@100,39313@100,39314@100,39315@100,39316@100,0,0,0,16;17;18;19;20;21;22;23;24,,1,
4543,三十六天罡·天魁星,2,0,10,,TeamLv,0,,0,1,,4,10,7,0,0,0,0,0,0,0,0,0,0,0,0,0,0,0,39318@100,39319@100,39320@100,39321@100,39322@100,39323@100,39324@100,39325@100,39326@100,39317@100,0,0,0,,,1,
4544,三十六天罡·天雄星,2,0,10,,TeamLv,0,,0,1,,4,10,7,0,0,0,0,0,0,0,0,0,0,0,0,0,0,0,39328@100,39329@100,39330@100,39331@100,39332@100,39333@100,39334@100,39335@100,39336@100,39327@100,0,0,0,,,1,
4545,三十六天罡·天英星,2,0,10,,TeamLv,0,,0,1,,4,10,7,0,0,0,0,0,0,0,0,0,0,0,0,0,0,0,39338@100,39339@100,39340@100,39341@100,39342@100,39343@100,39344@100,39345@100,39346@100,39337@100,0,0,0,,,1,
4546,三十六天罡·天贵星,2,0,10,,TeamLv,0,,0,1,,4,10,7,0,0,0,0,0,0,0,0,0,0,0,0,0,0,0,39348@100,39349@100,39350@100,39351@100,39352@100,39353@100,39354@100,39355@100,39356@100,39347@100,0,0,0,,,1,
4547,三十六天罡·天伤星,2,0,10,,TeamLv,0,,0,1,,4,10,7,0,0,0,0,0,0,0,0,0,0,0,0,0,0,0,39358@100,39359@100,39360@100,39361@100,39362@100,39363@100,39364@100,39365@100,39366@100,39357@100,0,0,0,,,1,
4548,三十六天罡·天立星,2,0,10,,TeamLv,0,,0,1,,4,10,7,0,0,0,0,0,0,0,0,0,0,0,0,0,0,0,39368@100,39369@100,39370@100,39371@100,39372@100,39373@100,39374@100,39375@100,39376@100,39367@100,0,0,0,,,1,
4549,三十六天罡·天捷星,2,0,10,,TeamLv,0,,0,1,,4,10,7,0,0,0,0,0,0,0,0,0,0,0,0,0,0,0,39378@100,39379@100,39380@100,39381@100,39382@100,39383@100,39384@100,39385@100,39386@100,39377@100,0,0,0,,,1,
4550,三十六天罡·天暗星,2,0,10,,TeamLv,0,,0,1,,4,10,7,0,0,0,0,0,0,0,0,0,0,0,0,0,0,0,39388@100,39389@100,39390@100,39391@100,39392@100,39393@100,39394@100,39395@100,39396@100,39387@100,0,0,0,,,1,
4551,三十六天罡·天佑星,2,0,10,,TeamLv,0,,0,1,,4,10,7,0,0,0,0,0,0,0,0,0,0,0,0,0,0,0,39399@100,39400@100,39401@100,39402@100,39403@100,39404@100,39405@100,39406@100,39398@100,39397@100,0,0,0,,,1,
4552,万年蜈蚣精,2,0,6,,TeamLv,0,,0,1,,4,20,7,0,0,0,0,0,0,0,0,0,0,0,0,0,0,0,39412@100,39413@100,39414@100,39415@100,39416@100,39417@100,39408@100,39409@100,39410@100,39407@100,0,0,0,,,,
4553,紫徽大帝,2,0,6,,TeamLv,0,,0,1,,4,20,7,0,0,0,0,0,0,0,0,0,0,0,0,0,0,0,39426@100,39427@100,39428@100,39429@100,39426@100,39427@100,39422@100,39423@100,39424@100,39421@100,0,0,0,,,1,
