编号,礼包道具ID,角色限制,职业限制,性别限制,打开礼包时的客户端提示,奖励表ID,银币奖励,符石奖励,VIP经验,货币类型,货币值,道具1ID,道具2ID,道具3ID,道具4ID,道具5ID,道具6ID,道具7ID,道具8ID,道具9ID,道具10ID,道具11ID,道具12ID,道具13ID,道具14ID,道具15ID,道具16ID,道具17ID,道具18ID,道具19ID,道具20ID,道具21ID,道具22ID,道具23ID,道具24ID,道具25ID,道具26ID,道具27ID,道具28ID,道具29ID,道具30ID,道具31ID,道具32ID,道具33ID,道具34ID,道具35ID,道具1数量,道具2数量,道具3数量,道具4数量,道具5数量,道具6数量,道具7数量,道具8数量,道具9数量,道具10数量,道具11数量,道具12数量,道具13数量,道具14数量,道具15数量,道具16数量,道具17数量,道具18数量,道具19数量,道具20数量,道具21数量,道具22数量,道具23数量,道具24数量,道具25数量,道具26数量,道具27数量,道具28数量,道具29数量,道具30数量,道具31数量,道具32数量,道具33数量,道具34数量,道具35数量,道具1绑定,道具2绑定,道具3绑定,道具4绑定,道具5绑定,道具6绑定,道具7绑定,道具8绑定,道具9绑定,道具10绑定,道具11绑定,道具12绑定,道具13绑定,道具14绑定,道具15绑定,道具16绑定,道具17绑定,道具18绑定,道具19绑定,道具20绑定,道具21绑定,道具22绑定,道具23绑定,道具24绑定,道具25绑定,道具26绑定,道具27绑定,道具28绑定,道具29绑定,道具30绑定,道具31绑定,道具32绑定,道具33绑定,道具34绑定,道具35绑定
1,334000,1,11,0,0,0,0,0,0,0,0,6010101,6010220,6010322,6010424,6010525,6010626,336010,339000,335101,334100,334101,334001,,,,,,,,,,,,,,,,,,,,,,,,1,1,1,1,1,1,1,10,2,2,2,1,,,,,,,,,,,,,,,,,,,,,,,,0,0,0,0,0,0,1,0,0,0,0,0,,,,,,,,,,,,,,,,,,,,,,,
2,334000,1,12,0,0,0,0,0,0,0,0,6010101,6010220,6010322,6010424,6010525,6010626,336010,339000,335101,334100,334101,334001,,,,,,,,,,,,,,,,,,,,,,,,1,1,1,1,1,1,1,10,2,2,2,1,,,,,,,,,,,,,,,,,,,,,,,,0,0,0,0,0,0,1,0,0,0,0,0,,,,,,,,,,,,,,,,,,,,,,,
3,334000,1,19,0,0,0,0,0,0,0,0,6010101,6010220,6010322,6010424,6010525,6010626,336010,339000,335101,334100,334101,334001,,,,,,,,,,,,,,,,,,,,,,,,1,1,1,1,1,1,1,10,2,2,2,1,,,,,,,,,,,,,,,,,,,,,,,,0,0,0,0,0,0,1,0,0,0,0,0,,,,,,,,,,,,,,,,,,,,,,,
4,334000,2,11,0,0,0,0,0,0,0,0,6010104,6010220,6010322,6010424,6010525,6010626,336010,339000,335101,334100,334101,334001,,,,,,,,,,,,,,,,,,,,,,,,1,1,1,1,1,1,1,10,2,2,2,1,,,,,,,,,,,,,,,,,,,,,,,,0,0,0,0,0,0,1,0,0,0,0,0,,,,,,,,,,,,,,,,,,,,,,,
5,334000,2,12,0,0,0,0,0,0,0,0,6010104,6010220,6010322,6010424,6010525,6010626,336010,339000,335101,334100,334101,334001,,,,,,,,,,,,,,,,,,,,,,,,1,1,1,1,1,1,1,10,2,2,2,1,,,,,,,,,,,,,,,,,,,,,,,,0,0,0,0,0,0,1,0,0,0,0,0,,,,,,,,,,,,,,,,,,,,,,,
6,334000,2,19,0,0,0,0,0,0,0,0,6010104,6010220,6010322,6010424,6010525,6010626,336010,339000,335101,334100,334101,334001,,,,,,,,,,,,,,,,,,,,,,,,1,1,1,1,1,1,1,10,2,2,2,1,,,,,,,,,,,,,,,,,,,,,,,,0,0,0,0,0,0,1,0,0,0,0,0,,,,,,,,,,,,,,,,,,,,,,,
7,334000,3,11,0,0,0,0,0,0,0,0,6010117,6010220,6010322,6010424,6010525,6010626,336010,339000,335101,334100,334101,334001,,,,,,,,,,,,,,,,,,,,,,,,1,1,1,1,1,1,1,10,2,2,2,1,,,,,,,,,,,,,,,,,,,,,,,,0,0,0,0,0,0,1,0,0,0,0,0,,,,,,,,,,,,,,,,,,,,,,,
8,334000,3,12,0,0,0,0,0,0,0,0,6010117,6010220,6010322,6010424,6010525,6010626,336010,339000,335101,334100,334101,334001,,,,,,,,,,,,,,,,,,,,,,,,1,1,1,1,1,1,1,10,2,2,2,1,,,,,,,,,,,,,,,,,,,,,,,,0,0,0,0,0,0,1,0,0,0,0,0,,,,,,,,,,,,,,,,,,,,,,,
9,334000,3,19,0,0,0,0,0,0,0,0,6010117,6010220,6010322,6010424,6010525,6010626,336010,339000,335101,334100,334101,334001,,,,,,,,,,,,,,,,,,,,,,,,1,1,1,1,1,1,1,10,2,2,2,1,,,,,,,,,,,,,,,,,,,,,,,,0,0,0,0,0,0,1,0,0,0,0,0,,,,,,,,,,,,,,,,,,,,,,,
10,334000,4,11,0,0,0,0,0,0,0,0,6010109,6010221,6010323,6010424,6010525,6010626,336010,339000,335101,334100,334101,334001,,,,,,,,,,,,,,,,,,,,,,,,1,1,1,1,1,1,1,10,2,2,2,1,,,,,,,,,,,,,,,,,,,,,,,,0,0,0,0,0,0,1,0,0,0,0,0,,,,,,,,,,,,,,,,,,,,,,,
11,334000,4,12,0,0,0,0,0,0,0,0,6010109,6010221,6010323,6010424,6010525,6010626,336010,339000,335101,334100,334101,334001,,,,,,,,,,,,,,,,,,,,,,,,1,1,1,1,1,1,1,10,2,2,2,1,,,,,,,,,,,,,,,,,,,,,,,,0,0,0,0,0,0,1,0,0,0,0,0,,,,,,,,,,,,,,,,,,,,,,,
12,334000,4,19,0,0,0,0,0,0,0,0,6010109,6010221,6010323,6010424,6010525,6010626,336010,339000,335101,334100,334101,334001,,,,,,,,,,,,,,,,,,,,,,,,1,1,1,1,1,1,1,10,2,2,2,1,,,,,,,,,,,,,,,,,,,,,,,,0,0,0,0,0,0,1,0,0,0,0,0,,,,,,,,,,,,,,,,,,,,,,,
13,334000,5,11,0,0,0,0,0,0,0,0,6010114,6010221,6010323,6010424,6010525,6010626,336010,339000,335101,334100,334101,334001,,,,,,,,,,,,,,,,,,,,,,,,1,1,1,1,1,1,1,10,2,2,2,1,,,,,,,,,,,,,,,,,,,,,,,,0,0,0,0,0,0,1,0,0,0,0,0,,,,,,,,,,,,,,,,,,,,,,,
14,334000,5,12,0,0,0,0,0,0,0,0,6010114,6010221,6010323,6010424,6010525,6010626,336010,339000,335101,334100,334101,334001,,,,,,,,,,,,,,,,,,,,,,,,1,1,1,1,1,1,1,10,2,2,2,1,,,,,,,,,,,,,,,,,,,,,,,,0,0,0,0,0,0,1,0,0,0,0,0,,,,,,,,,,,,,,,,,,,,,,,
15,334000,5,19,0,0,0,0,0,0,0,0,6010114,6010221,6010323,6010424,6010525,6010626,336010,339000,335101,334100,334101,334001,,,,,,,,,,,,,,,,,,,,,,,,1,1,1,1,1,1,1,10,2,2,2,1,,,,,,,,,,,,,,,,,,,,,,,,0,0,0,0,0,0,1,0,0,0,0,0,,,,,,,,,,,,,,,,,,,,,,,
16,334000,6,11,0,0,0,0,0,0,0,0,6010116,6010221,6010323,6010424,6010525,6010626,336010,339000,335101,334100,334101,334001,,,,,,,,,,,,,,,,,,,,,,,,1,1,1,1,1,1,1,10,2,2,2,1,,,,,,,,,,,,,,,,,,,,,,,,0,0,0,0,0,0,1,0,0,0,0,0,,,,,,,,,,,,,,,,,,,,,,,
17,334000,6,12,0,0,0,0,0,0,0,0,6010116,6010221,6010323,6010424,6010525,6010626,336010,339000,335101,334100,334101,334001,,,,,,,,,,,,,,,,,,,,,,,,1,1,1,1,1,1,1,10,2,2,2,1,,,,,,,,,,,,,,,,,,,,,,,,0,0,0,0,0,0,1,0,0,0,0,0,,,,,,,,,,,,,,,,,,,,,,,
18,334000,6,19,0,0,0,0,0,0,0,0,6010116,6010221,6010323,6010424,6010525,6010626,336010,339000,335101,334100,334101,334001,,,,,,,,,,,,,,,,,,,,,,,,1,1,1,1,1,1,1,10,2,2,2,1,,,,,,,,,,,,,,,,,,,,,,,,0,0,0,0,0,0,1,0,0,0,0,0,,,,,,,,,,,,,,,,,,,,,,,
19,334000,7,15,0,0,0,0,0,0,0,0,6010102,6010220,6010322,6010424,6010525,6010626,336010,339000,335101,334100,334101,334001,,,,,,,,,,,,,,,,,,,,,,,,1,1,1,1,1,1,1,10,2,2,2,1,,,,,,,,,,,,,,,,,,,,,,,,0,0,0,0,0,0,1,0,0,0,0,0,,,,,,,,,,,,,,,,,,,,,,,
20,334000,7,16,0,0,0,0,0,0,0,0,6010102,6010220,6010322,6010424,6010525,6010626,336010,339000,335101,334100,334101,334001,,,,,,,,,,,,,,,,,,,,,,,,1,1,1,1,1,1,1,10,2,2,2,1,,,,,,,,,,,,,,,,,,,,,,,,0,0,0,0,0,0,1,0,0,0,0,0,,,,,,,,,,,,,,,,,,,,,,,
21,334000,7,18,0,0,0,0,0,0,0,0,6010102,6010220,6010322,6010424,6010525,6010626,336010,339000,335101,334100,334101,334001,,,,,,,,,,,,,,,,,,,,,,,,1,1,1,1,1,1,1,10,2,2,2,1,,,,,,,,,,,,,,,,,,,,,,,,0,0,0,0,0,0,1,0,0,0,0,0,,,,,,,,,,,,,,,,,,,,,,,
22,334000,8,15,0,0,0,0,0,0,0,0,6010107,6010220,6010322,6010424,6010525,6010626,336010,339000,335101,334100,334101,334001,,,,,,,,,,,,,,,,,,,,,,,,1,1,1,1,1,1,1,10,2,2,2,1,,,,,,,,,,,,,,,,,,,,,,,,0,0,0,0,0,0,1,0,0,0,0,0,,,,,,,,,,,,,,,,,,,,,,,
23,334000,8,16,0,0,0,0,0,0,0,0,6010107,6010220,6010322,6010424,6010525,6010626,336010,339000,335101,334100,334101,334001,,,,,,,,,,,,,,,,,,,,,,,,1,1,1,1,1,1,1,10,2,2,2,1,,,,,,,,,,,,,,,,,,,,,,,,0,0,0,0,0,0,1,0,0,0,0,0,,,,,,,,,,,,,,,,,,,,,,,
24,334000,8,18,0,0,0,0,0,0,0,0,6010107,6010220,6010322,6010424,6010525,6010626,336010,339000,335101,334100,334101,334001,,,,,,,,,,,,,,,,,,,,,,,,1,1,1,1,1,1,1,10,2,2,2,1,,,,,,,,,,,,,,,,,,,,,,,,0,0,0,0,0,0,1,0,0,0,0,0,,,,,,,,,,,,,,,,,,,,,,,
25,334000,9,15,0,0,0,0,0,0,0,0,6010115,6010220,6010322,6010424,6010525,6010626,336010,339000,335101,334100,334101,334001,,,,,,,,,,,,,,,,,,,,,,,,1,1,1,1,1,1,1,10,2,2,2,1,,,,,,,,,,,,,,,,,,,,,,,,0,0,0,0,0,0,1,0,0,0,0,0,,,,,,,,,,,,,,,,,,,,,,,
26,334000,9,16,0,0,0,0,0,0,0,0,6010115,6010220,6010322,6010424,6010525,6010626,336010,339000,335101,334100,334101,334001,,,,,,,,,,,,,,,,,,,,,,,,1,1,1,1,1,1,1,10,2,2,2,1,,,,,,,,,,,,,,,,,,,,,,,,0,0,0,0,0,0,1,0,0,0,0,0,,,,,,,,,,,,,,,,,,,,,,,
27,334000,9,18,0,0,0,0,0,0,0,0,6010115,6010220,6010322,6010424,6010525,6010626,336010,339000,335101,334100,334101,334001,,,,,,,,,,,,,,,,,,,,,,,,1,1,1,1,1,1,1,10,2,2,2,1,,,,,,,,,,,,,,,,,,,,,,,,0,0,0,0,0,0,1,0,0,0,0,0,,,,,,,,,,,,,,,,,,,,,,,
28,334000,10,15,0,0,0,0,0,0,0,0,6010111,6010221,6010323,6010424,6010525,6010626,336010,339000,335101,334100,334101,334001,,,,,,,,,,,,,,,,,,,,,,,,1,1,1,1,1,1,1,10,2,2,2,1,,,,,,,,,,,,,,,,,,,,,,,,0,0,0,0,0,0,1,0,0,0,0,0,,,,,,,,,,,,,,,,,,,,,,,
29,334000,10,16,0,0,0,0,0,0,0,0,6010111,6010221,6010323,6010424,6010525,6010626,336010,339000,335101,334100,334101,334001,,,,,,,,,,,,,,,,,,,,,,,,1,1,1,1,1,1,1,10,2,2,2,1,,,,,,,,,,,,,,,,,,,,,,,,0,0,0,0,0,0,1,0,0,0,0,0,,,,,,,,,,,,,,,,,,,,,,,
30,334000,10,18,0,0,0,0,0,0,0,0,6010111,6010221,6010323,6010424,6010525,6010626,336010,339000,335101,334100,334101,334001,,,,,,,,,,,,,,,,,,,,,,,,1,1,1,1,1,1,1,10,2,2,2,1,,,,,,,,,,,,,,,,,,,,,,,,0,0,0,0,0,0,1,0,0,0,0,0,,,,,,,,,,,,,,,,,,,,,,,
31,334000,11,15,0,0,0,0,0,0,0,0,6010112,6010221,6010323,6010424,6010525,6010626,336010,339000,335101,334100,334101,334001,,,,,,,,,,,,,,,,,,,,,,,,1,1,1,1,1,1,1,10,2,2,2,1,,,,,,,,,,,,,,,,,,,,,,,,0,0,0,0,0,0,1,0,0,0,0,0,,,,,,,,,,,,,,,,,,,,,,,
32,334000,11,16,0,0,0,0,0,0,0,0,6010112,6010221,6010323,6010424,6010525,6010626,336010,339000,335101,334100,334101,334001,,,,,,,,,,,,,,,,,,,,,,,,1,1,1,1,1,1,1,10,2,2,2,1,,,,,,,,,,,,,,,,,,,,,,,,0,0,0,0,0,0,1,0,0,0,0,0,,,,,,,,,,,,,,,,,,,,,,,
33,334000,11,18,0,0,0,0,0,0,0,0,6010112,6010221,6010323,6010424,6010525,6010626,336010,339000,335101,334100,334101,334001,,,,,,,,,,,,,,,,,,,,,,,,1,1,1,1,1,1,1,10,2,2,2,1,,,,,,,,,,,,,,,,,,,,,,,,0,0,0,0,0,0,1,0,0,0,0,0,,,,,,,,,,,,,,,,,,,,,,,
34,334000,12,15,0,0,0,0,0,0,0,0,6010105,6010221,6010323,6010424,6010525,6010626,336010,339000,335101,334100,334101,334001,,,,,,,,,,,,,,,,,,,,,,,,1,1,1,1,1,1,1,10,2,2,2,1,,,,,,,,,,,,,,,,,,,,,,,,0,0,0,0,0,0,1,0,0,0,0,0,,,,,,,,,,,,,,,,,,,,,,,
35,334000,12,16,0,0,0,0,0,0,0,0,6010105,6010221,6010323,6010424,6010525,6010626,336010,339000,335101,334100,334101,334001,,,,,,,,,,,,,,,,,,,,,,,,1,1,1,1,1,1,1,10,2,2,2,1,,,,,,,,,,,,,,,,,,,,,,,,0,0,0,0,0,0,1,0,0,0,0,0,,,,,,,,,,,,,,,,,,,,,,,
36,334000,12,18,0,0,0,0,0,0,0,0,6010105,6010221,6010323,6010424,6010525,6010626,336010,339000,335101,334100,334101,334001,,,,,,,,,,,,,,,,,,,,,,,,1,1,1,1,1,1,1,10,2,2,2,1,,,,,,,,,,,,,,,,,,,,,,,,0,0,0,0,0,0,1,0,0,0,0,0,,,,,,,,,,,,,,,,,,,,,,,
37,334000,13,13,0,0,0,0,0,0,0,0,6010110,6010220,6010322,6010424,6010525,6010626,336010,339000,335101,334100,334101,334001,,,,,,,,,,,,,,,,,,,,,,,,1,1,1,1,1,1,1,10,2,2,2,1,,,,,,,,,,,,,,,,,,,,,,,,0,0,0,0,0,0,1,0,0,0,0,0,,,,,,,,,,,,,,,,,,,,,,,
38,334000,13,14,0,0,0,0,0,0,0,0,6010110,6010220,6010322,6010424,6010525,6010626,336010,339000,335101,334100,334101,334001,,,,,,,,,,,,,,,,,,,,,,,,1,1,1,1,1,1,1,10,2,2,2,1,,,,,,,,,,,,,,,,,,,,,,,,0,0,0,0,0,0,1,0,0,0,0,0,,,,,,,,,,,,,,,,,,,,,,,
39,334000,13,17,0,0,0,0,0,0,0,0,6010110,6010220,6010322,6010424,6010525,6010626,336010,339000,335101,334100,334101,334001,,,,,,,,,,,,,,,,,,,,,,,,1,1,1,1,1,1,1,10,2,2,2,1,,,,,,,,,,,,,,,,,,,,,,,,0,0,0,0,0,0,1,0,0,0,0,0,,,,,,,,,,,,,,,,,,,,,,,
40,334000,14,13,0,0,0,0,0,0,0,0,6010103,6010220,6010322,6010424,6010525,6010626,336010,339000,335101,334100,334101,334001,,,,,,,,,,,,,,,,,,,,,,,,1,1,1,1,1,1,1,10,2,2,2,1,,,,,,,,,,,,,,,,,,,,,,,,0,0,0,0,0,0,1,0,0,0,0,0,,,,,,,,,,,,,,,,,,,,,,,
41,334000,14,14,0,0,0,0,0,0,0,0,6010103,6010220,6010322,6010424,6010525,6010626,336010,339000,335101,334100,334101,334001,,,,,,,,,,,,,,,,,,,,,,,,1,1,1,1,1,1,1,10,2,2,2,1,,,,,,,,,,,,,,,,,,,,,,,,0,0,0,0,0,0,1,0,0,0,0,0,,,,,,,,,,,,,,,,,,,,,,,
42,334000,14,17,0,0,0,0,0,0,0,0,6010103,6010220,6010322,6010424,6010525,6010626,336010,339000,335101,334100,334101,334001,,,,,,,,,,,,,,,,,,,,,,,,1,1,1,1,1,1,1,10,2,2,2,1,,,,,,,,,,,,,,,,,,,,,,,,0,0,0,0,0,0,1,0,0,0,0,0,,,,,,,,,,,,,,,,,,,,,,,
43,334000,15,13,0,0,0,0,0,0,0,0,6010113,6010220,6010322,6010424,6010525,6010626,336010,339000,335101,334100,334101,334001,,,,,,,,,,,,,,,,,,,,,,,,1,1,1,1,1,1,1,10,2,2,2,1,,,,,,,,,,,,,,,,,,,,,,,,0,0,0,0,0,0,1,0,0,0,0,0,,,,,,,,,,,,,,,,,,,,,,,
44,334000,15,14,0,0,0,0,0,0,0,0,6010113,6010220,6010322,6010424,6010525,6010626,336010,339000,335101,334100,334101,334001,,,,,,,,,,,,,,,,,,,,,,,,1,1,1,1,1,1,1,10,2,2,2,1,,,,,,,,,,,,,,,,,,,,,,,,0,0,0,0,0,0,1,0,0,0,0,0,,,,,,,,,,,,,,,,,,,,,,,
45,334000,15,17,0,0,0,0,0,0,0,0,6010113,6010220,6010322,6010424,6010525,6010626,336010,339000,335101,334100,334101,334001,,,,,,,,,,,,,,,,,,,,,,,,1,1,1,1,1,1,1,10,2,2,2,1,,,,,,,,,,,,,,,,,,,,,,,,0,0,0,0,0,0,1,0,0,0,0,0,,,,,,,,,,,,,,,,,,,,,,,
46,334000,16,13,0,0,0,0,0,0,0,0,6010106,6010221,6010323,6010424,6010525,6010626,336010,339000,335101,334100,334101,334001,,,,,,,,,,,,,,,,,,,,,,,,1,1,1,1,1,1,1,10,2,2,2,1,,,,,,,,,,,,,,,,,,,,,,,,0,0,0,0,0,0,1,0,0,0,0,0,,,,,,,,,,,,,,,,,,,,,,,
47,334000,16,14,0,0,0,0,0,0,0,0,6010106,6010221,6010323,6010424,6010525,6010626,336010,339000,335101,334100,334101,334001,,,,,,,,,,,,,,,,,,,,,,,,1,1,1,1,1,1,1,10,2,2,2,1,,,,,,,,,,,,,,,,,,,,,,,,0,0,0,0,0,0,1,0,0,0,0,0,,,,,,,,,,,,,,,,,,,,,,,
48,334000,16,17,0,0,0,0,0,0,0,0,6010106,6010221,6010323,6010424,6010525,6010626,336010,339000,335101,334100,334101,334001,,,,,,,,,,,,,,,,,,,,,,,,1,1,1,1,1,1,1,10,2,2,2,1,,,,,,,,,,,,,,,,,,,,,,,,0,0,0,0,0,0,1,0,0,0,0,0,,,,,,,,,,,,,,,,,,,,,,,
49,334000,17,13,0,0,0,0,0,0,0,0,6010108,6010221,6010323,6010424,6010525,6010626,336010,339000,335101,334100,334101,334001,,,,,,,,,,,,,,,,,,,,,,,,1,1,1,1,1,1,1,10,2,2,2,1,,,,,,,,,,,,,,,,,,,,,,,,0,0,0,0,0,0,1,0,0,0,0,0,,,,,,,,,,,,,,,,,,,,,,,
50,334000,17,14,0,0,0,0,0,0,0,0,6010108,6010221,6010323,6010424,6010525,6010626,336010,339000,335101,334100,334101,334001,,,,,,,,,,,,,,,,,,,,,,,,1,1,1,1,1,1,1,10,2,2,2,1,,,,,,,,,,,,,,,,,,,,,,,,0,0,0,0,0,0,1,0,0,0,0,0,,,,,,,,,,,,,,,,,,,,,,,
51,334000,17,17,0,0,0,0,0,0,0,0,6010108,6010221,6010323,6010424,6010525,6010626,336010,339000,335101,334100,334101,334001,,,,,,,,,,,,,,,,,,,,,,,,1,1,1,1,1,1,1,10,2,2,2,1,,,,,,,,,,,,,,,,,,,,,,,,0,0,0,0,0,0,1,0,0,0,0,0,,,,,,,,,,,,,,,,,,,,,,,
52,334001,1,11,0,0,0,0,0,0,0,0,32014,32015,331300,331301,334002,,,,,,,,,,,,,,,,,,,,,,,,,,,,,,,1,1,1,1,1,,,,,,,,,,,,,,,,,,,,,,,,,,,,,,,0,0,0,0,0,,,,,,,,,,,,,,,,,,,,,,,,,,,,,,
53,334001,1,12,0,0,0,0,0,0,0,0,32014,32015,331300,331301,334002,,,,,,,,,,,,,,,,,,,,,,,,,,,,,,,1,1,1,1,1,,,,,,,,,,,,,,,,,,,,,,,,,,,,,,,0,0,0,0,0,,,,,,,,,,,,,,,,,,,,,,,,,,,,,,
54,334001,1,19,0,0,0,0,0,0,0,0,32014,32015,331300,331301,334002,,,,,,,,,,,,,,,,,,,,,,,,,,,,,,,1,1,1,1,1,,,,,,,,,,,,,,,,,,,,,,,,,,,,,,,0,0,0,0,0,,,,,,,,,,,,,,,,,,,,,,,,,,,,,,
55,334001,2,11,0,0,0,0,0,0,0,0,32014,32015,331300,331301,334002,,,,,,,,,,,,,,,,,,,,,,,,,,,,,,,1,1,1,1,1,,,,,,,,,,,,,,,,,,,,,,,,,,,,,,,0,0,0,0,0,,,,,,,,,,,,,,,,,,,,,,,,,,,,,,
56,334001,2,12,0,0,0,0,0,0,0,0,32014,32015,331300,331301,334002,,,,,,,,,,,,,,,,,,,,,,,,,,,,,,,1,1,1,1,1,,,,,,,,,,,,,,,,,,,,,,,,,,,,,,,0,0,0,0,0,,,,,,,,,,,,,,,,,,,,,,,,,,,,,,
57,334001,2,19,0,0,0,0,0,0,0,0,32014,32015,331300,331301,334002,,,,,,,,,,,,,,,,,,,,,,,,,,,,,,,1,1,1,1,1,,,,,,,,,,,,,,,,,,,,,,,,,,,,,,,0,0,0,0,0,,,,,,,,,,,,,,,,,,,,,,,,,,,,,,
58,334001,3,11,0,0,0,0,0,0,0,0,32014,32015,331300,331301,334002,,,,,,,,,,,,,,,,,,,,,,,,,,,,,,,1,1,1,1,1,,,,,,,,,,,,,,,,,,,,,,,,,,,,,,,0,0,0,0,0,,,,,,,,,,,,,,,,,,,,,,,,,,,,,,
59,334001,3,12,0,0,0,0,0,0,0,0,32014,32015,331300,331301,334002,,,,,,,,,,,,,,,,,,,,,,,,,,,,,,,1,1,1,1,1,,,,,,,,,,,,,,,,,,,,,,,,,,,,,,,0,0,0,0,0,,,,,,,,,,,,,,,,,,,,,,,,,,,,,,
60,334001,3,19,0,0,0,0,0,0,0,0,32014,32015,331300,331301,334002,,,,,,,,,,,,,,,,,,,,,,,,,,,,,,,1,1,1,1,1,,,,,,,,,,,,,,,,,,,,,,,,,,,,,,,0,0,0,0,0,,,,,,,,,,,,,,,,,,,,,,,,,,,,,,
61,334001,4,11,0,0,0,0,0,0,0,0,32014,32015,331300,331301,334002,,,,,,,,,,,,,,,,,,,,,,,,,,,,,,,1,1,1,1,1,,,,,,,,,,,,,,,,,,,,,,,,,,,,,,,0,0,0,0,0,,,,,,,,,,,,,,,,,,,,,,,,,,,,,,
62,334001,4,12,0,0,0,0,0,0,0,0,32014,32015,331300,331301,334002,,,,,,,,,,,,,,,,,,,,,,,,,,,,,,,1,1,1,1,1,,,,,,,,,,,,,,,,,,,,,,,,,,,,,,,0,0,0,0,0,,,,,,,,,,,,,,,,,,,,,,,,,,,,,,
63,334001,4,19,0,0,0,0,0,0,0,0,32014,32015,331300,331301,334002,,,,,,,,,,,,,,,,,,,,,,,,,,,,,,,1,1,1,1,1,,,,,,,,,,,,,,,,,,,,,,,,,,,,,,,0,0,0,0,0,,,,,,,,,,,,,,,,,,,,,,,,,,,,,,
64,334001,5,11,0,0,0,0,0,0,0,0,32014,32015,331300,331301,334002,,,,,,,,,,,,,,,,,,,,,,,,,,,,,,,1,1,1,1,1,,,,,,,,,,,,,,,,,,,,,,,,,,,,,,,0,0,0,0,0,,,,,,,,,,,,,,,,,,,,,,,,,,,,,,
65,334001,5,12,0,0,0,0,0,0,0,0,32014,32015,331300,331301,334002,,,,,,,,,,,,,,,,,,,,,,,,,,,,,,,1,1,1,1,1,,,,,,,,,,,,,,,,,,,,,,,,,,,,,,,0,0,0,0,0,,,,,,,,,,,,,,,,,,,,,,,,,,,,,,
66,334001,5,19,0,0,0,0,0,0,0,0,32014,32015,331300,331301,334002,,,,,,,,,,,,,,,,,,,,,,,,,,,,,,,1,1,1,1,1,,,,,,,,,,,,,,,,,,,,,,,,,,,,,,,0,0,0,0,0,,,,,,,,,,,,,,,,,,,,,,,,,,,,,,
67,334001,6,11,0,0,0,0,0,0,0,0,32014,32015,331300,331301,334002,,,,,,,,,,,,,,,,,,,,,,,,,,,,,,,1,1,1,1,1,,,,,,,,,,,,,,,,,,,,,,,,,,,,,,,0,0,0,0,0,,,,,,,,,,,,,,,,,,,,,,,,,,,,,,
68,334001,6,12,0,0,0,0,0,0,0,0,32014,32015,331300,331301,334002,,,,,,,,,,,,,,,,,,,,,,,,,,,,,,,1,1,1,1,1,,,,,,,,,,,,,,,,,,,,,,,,,,,,,,,0,0,0,0,0,,,,,,,,,,,,,,,,,,,,,,,,,,,,,,
69,334001,6,19,0,0,0,0,0,0,0,0,32014,32015,331300,331301,334002,,,,,,,,,,,,,,,,,,,,,,,,,,,,,,,1,1,1,1,1,,,,,,,,,,,,,,,,,,,,,,,,,,,,,,,0,0,0,0,0,,,,,,,,,,,,,,,,,,,,,,,,,,,,,,
70,334001,7,15,0,0,0,0,0,0,0,0,32014,32015,331300,331301,334002,,,,,,,,,,,,,,,,,,,,,,,,,,,,,,,1,1,1,1,1,,,,,,,,,,,,,,,,,,,,,,,,,,,,,,,0,0,0,0,0,,,,,,,,,,,,,,,,,,,,,,,,,,,,,,
71,334001,7,16,0,0,0,0,0,0,0,0,32014,32015,331300,331301,334002,,,,,,,,,,,,,,,,,,,,,,,,,,,,,,,1,1,1,1,1,,,,,,,,,,,,,,,,,,,,,,,,,,,,,,,0,0,0,0,0,,,,,,,,,,,,,,,,,,,,,,,,,,,,,,
72,334001,7,18,0,0,0,0,0,0,0,0,32014,32015,331300,331301,334002,,,,,,,,,,,,,,,,,,,,,,,,,,,,,,,1,1,1,1,1,,,,,,,,,,,,,,,,,,,,,,,,,,,,,,,0,0,0,0,0,,,,,,,,,,,,,,,,,,,,,,,,,,,,,,
73,334001,8,15,0,0,0,0,0,0,0,0,32014,32015,331300,331301,334002,,,,,,,,,,,,,,,,,,,,,,,,,,,,,,,1,1,1,1,1,,,,,,,,,,,,,,,,,,,,,,,,,,,,,,,0,0,0,0,0,,,,,,,,,,,,,,,,,,,,,,,,,,,,,,
74,334001,8,16,0,0,0,0,0,0,0,0,32014,32015,331300,331301,334002,,,,,,,,,,,,,,,,,,,,,,,,,,,,,,,1,1,1,1,1,,,,,,,,,,,,,,,,,,,,,,,,,,,,,,,0,0,0,0,0,,,,,,,,,,,,,,,,,,,,,,,,,,,,,,
75,334001,8,18,0,0,0,0,0,0,0,0,32014,32015,331300,331301,334002,,,,,,,,,,,,,,,,,,,,,,,,,,,,,,,1,1,1,1,1,,,,,,,,,,,,,,,,,,,,,,,,,,,,,,,0,0,0,0,0,,,,,,,,,,,,,,,,,,,,,,,,,,,,,,
76,334001,9,15,0,0,0,0,0,0,0,0,32014,32015,331300,331301,334002,,,,,,,,,,,,,,,,,,,,,,,,,,,,,,,1,1,1,1,1,,,,,,,,,,,,,,,,,,,,,,,,,,,,,,,0,0,0,0,0,,,,,,,,,,,,,,,,,,,,,,,,,,,,,,
77,334001,9,16,0,0,0,0,0,0,0,0,32014,32015,331300,331301,334002,,,,,,,,,,,,,,,,,,,,,,,,,,,,,,,1,1,1,1,1,,,,,,,,,,,,,,,,,,,,,,,,,,,,,,,0,0,0,0,0,,,,,,,,,,,,,,,,,,,,,,,,,,,,,,
78,334001,9,18,0,0,0,0,0,0,0,0,32014,32015,331300,331301,334002,,,,,,,,,,,,,,,,,,,,,,,,,,,,,,,1,1,1,1,1,,,,,,,,,,,,,,,,,,,,,,,,,,,,,,,0,0,0,0,0,,,,,,,,,,,,,,,,,,,,,,,,,,,,,,
79,334001,10,15,0,0,0,0,0,0,0,0,32014,32015,331300,331301,334002,,,,,,,,,,,,,,,,,,,,,,,,,,,,,,,1,1,1,1,1,,,,,,,,,,,,,,,,,,,,,,,,,,,,,,,0,0,0,0,0,,,,,,,,,,,,,,,,,,,,,,,,,,,,,,
80,334001,10,16,0,0,0,0,0,0,0,0,32014,32015,331300,331301,334002,,,,,,,,,,,,,,,,,,,,,,,,,,,,,,,1,1,1,1,1,,,,,,,,,,,,,,,,,,,,,,,,,,,,,,,0,0,0,0,0,,,,,,,,,,,,,,,,,,,,,,,,,,,,,,
81,334001,10,18,0,0,0,0,0,0,0,0,32014,32015,331300,331301,334002,,,,,,,,,,,,,,,,,,,,,,,,,,,,,,,1,1,1,1,1,,,,,,,,,,,,,,,,,,,,,,,,,,,,,,,0,0,0,0,0,,,,,,,,,,,,,,,,,,,,,,,,,,,,,,
82,334001,11,15,0,0,0,0,0,0,0,0,32014,32015,331300,331301,334002,,,,,,,,,,,,,,,,,,,,,,,,,,,,,,,1,1,1,1,1,,,,,,,,,,,,,,,,,,,,,,,,,,,,,,,0,0,0,0,0,,,,,,,,,,,,,,,,,,,,,,,,,,,,,,
83,334001,11,16,0,0,0,0,0,0,0,0,32014,32015,331300,331301,334002,,,,,,,,,,,,,,,,,,,,,,,,,,,,,,,1,1,1,1,1,,,,,,,,,,,,,,,,,,,,,,,,,,,,,,,0,0,0,0,0,,,,,,,,,,,,,,,,,,,,,,,,,,,,,,
84,334001,11,18,0,0,0,0,0,0,0,0,32014,32015,331300,331301,334002,,,,,,,,,,,,,,,,,,,,,,,,,,,,,,,1,1,1,1,1,,,,,,,,,,,,,,,,,,,,,,,,,,,,,,,0,0,0,0,0,,,,,,,,,,,,,,,,,,,,,,,,,,,,,,
85,334001,12,15,0,0,0,0,0,0,0,0,32014,32015,331300,331301,334002,,,,,,,,,,,,,,,,,,,,,,,,,,,,,,,1,1,1,1,1,,,,,,,,,,,,,,,,,,,,,,,,,,,,,,,0,0,0,0,0,,,,,,,,,,,,,,,,,,,,,,,,,,,,,,
86,334001,12,16,0,0,0,0,0,0,0,0,32014,32015,331300,331301,334002,,,,,,,,,,,,,,,,,,,,,,,,,,,,,,,1,1,1,1,1,,,,,,,,,,,,,,,,,,,,,,,,,,,,,,,0,0,0,0,0,,,,,,,,,,,,,,,,,,,,,,,,,,,,,,
87,334001,12,18,0,0,0,0,0,0,0,0,32014,32015,331300,331301,334002,,,,,,,,,,,,,,,,,,,,,,,,,,,,,,,1,1,1,1,1,,,,,,,,,,,,,,,,,,,,,,,,,,,,,,,0,0,0,0,0,,,,,,,,,,,,,,,,,,,,,,,,,,,,,,
88,334001,13,13,0,0,0,0,0,0,0,0,32014,32015,331300,331301,334002,,,,,,,,,,,,,,,,,,,,,,,,,,,,,,,1,1,1,1,1,,,,,,,,,,,,,,,,,,,,,,,,,,,,,,,0,0,0,0,0,,,,,,,,,,,,,,,,,,,,,,,,,,,,,,
89,334001,13,14,0,0,0,0,0,0,0,0,32014,32015,331300,331301,334002,,,,,,,,,,,,,,,,,,,,,,,,,,,,,,,1,1,1,1,1,,,,,,,,,,,,,,,,,,,,,,,,,,,,,,,0,0,0,0,0,,,,,,,,,,,,,,,,,,,,,,,,,,,,,,
90,334001,13,17,0,0,0,0,0,0,0,0,32014,32015,331300,331301,334002,,,,,,,,,,,,,,,,,,,,,,,,,,,,,,,1,1,1,1,1,,,,,,,,,,,,,,,,,,,,,,,,,,,,,,,0,0,0,0,0,,,,,,,,,,,,,,,,,,,,,,,,,,,,,,
91,334001,14,13,0,0,0,0,0,0,0,0,32014,32015,331300,331301,334002,,,,,,,,,,,,,,,,,,,,,,,,,,,,,,,1,1,1,1,1,,,,,,,,,,,,,,,,,,,,,,,,,,,,,,,0,0,0,0,0,,,,,,,,,,,,,,,,,,,,,,,,,,,,,,
92,334001,14,14,0,0,0,0,0,0,0,0,32014,32015,331300,331301,334002,,,,,,,,,,,,,,,,,,,,,,,,,,,,,,,1,1,1,1,1,,,,,,,,,,,,,,,,,,,,,,,,,,,,,,,0,0,0,0,0,,,,,,,,,,,,,,,,,,,,,,,,,,,,,,
93,334001,14,17,0,0,0,0,0,0,0,0,32014,32015,331300,331301,334002,,,,,,,,,,,,,,,,,,,,,,,,,,,,,,,1,1,1,1,1,,,,,,,,,,,,,,,,,,,,,,,,,,,,,,,0,0,0,0,0,,,,,,,,,,,,,,,,,,,,,,,,,,,,,,
94,334001,15,13,0,0,0,0,0,0,0,0,32014,32015,331300,331301,334002,,,,,,,,,,,,,,,,,,,,,,,,,,,,,,,1,1,1,1,1,,,,,,,,,,,,,,,,,,,,,,,,,,,,,,,0,0,0,0,0,,,,,,,,,,,,,,,,,,,,,,,,,,,,,,
95,334001,15,14,0,0,0,0,0,0,0,0,32014,32015,331300,331301,334002,,,,,,,,,,,,,,,,,,,,,,,,,,,,,,,1,1,1,1,1,,,,,,,,,,,,,,,,,,,,,,,,,,,,,,,0,0,0,0,0,,,,,,,,,,,,,,,,,,,,,,,,,,,,,,
96,334001,15,17,0,0,0,0,0,0,0,0,32014,32015,331300,331301,334002,,,,,,,,,,,,,,,,,,,,,,,,,,,,,,,1,1,1,1,1,,,,,,,,,,,,,,,,,,,,,,,,,,,,,,,0,0,0,0,0,,,,,,,,,,,,,,,,,,,,,,,,,,,,,,
97,334001,16,13,0,0,0,0,0,0,0,0,32014,32015,331300,331301,334002,,,,,,,,,,,,,,,,,,,,,,,,,,,,,,,1,1,1,1,1,,,,,,,,,,,,,,,,,,,,,,,,,,,,,,,0,0,0,0,0,,,,,,,,,,,,,,,,,,,,,,,,,,,,,,
98,334001,16,14,0,0,0,0,0,0,0,0,32014,32015,331300,331301,334002,,,,,,,,,,,,,,,,,,,,,,,,,,,,,,,1,1,1,1,1,,,,,,,,,,,,,,,,,,,,,,,,,,,,,,,0,0,0,0,0,,,,,,,,,,,,,,,,,,,,,,,,,,,,,,
99,334001,16,17,0,0,0,0,0,0,0,0,32014,32015,331300,331301,334002,,,,,,,,,,,,,,,,,,,,,,,,,,,,,,,1,1,1,1,1,,,,,,,,,,,,,,,,,,,,,,,,,,,,,,,0,0,0,0,0,,,,,,,,,,,,,,,,,,,,,,,,,,,,,,
100,334001,17,13,0,0,0,0,0,0,0,0,32014,32015,331300,331301,334002,,,,,,,,,,,,,,,,,,,,,,,,,,,,,,,1,1,1,1,1,,,,,,,,,,,,,,,,,,,,,,,,,,,,,,,0,0,0,0,0,,,,,,,,,,,,,,,,,,,,,,,,,,,,,,
101,334001,17,14,0,0,0,0,0,0,0,0,32014,32015,331300,331301,334002,,,,,,,,,,,,,,,,,,,,,,,,,,,,,,,1,1,1,1,1,,,,,,,,,,,,,,,,,,,,,,,,,,,,,,,0,0,0,0,0,,,,,,,,,,,,,,,,,,,,,,,,,,,,,,
102,334001,17,17,0,0,0,0,0,0,0,0,32014,32015,331300,331301,334002,,,,,,,,,,,,,,,,,,,,,,,,,,,,,,,1,1,1,1,1,,,,,,,,,,,,,,,,,,,,,,,,,,,,,,,0,0,0,0,0,,,,,,,,,,,,,,,,,,,,,,,,,,,,,,
103,334002,1,11,0,0,0,0,0,0,0,0,32014,32015,331300,331301,334003,,,,,,,,,,,,,,,,,,,,,,,,,,,,,,,2,2,2,2,1,,,,,,,,,,,,,,,,,,,,,,,,,,,,,,,0,0,0,0,0,,,,,,,,,,,,,,,,,,,,,,,,,,,,,,
104,334002,1,12,0,0,0,0,0,0,0,0,32014,32015,331300,331301,334003,,,,,,,,,,,,,,,,,,,,,,,,,,,,,,,2,2,2,2,1,,,,,,,,,,,,,,,,,,,,,,,,,,,,,,,0,0,0,0,0,,,,,,,,,,,,,,,,,,,,,,,,,,,,,,
105,334002,1,19,0,0,0,0,0,0,0,0,32014,32015,331300,331301,334003,,,,,,,,,,,,,,,,,,,,,,,,,,,,,,,2,2,2,2,1,,,,,,,,,,,,,,,,,,,,,,,,,,,,,,,0,0,0,0,0,,,,,,,,,,,,,,,,,,,,,,,,,,,,,,
106,334002,2,11,0,0,0,0,0,0,0,0,32014,32015,331300,331301,334003,,,,,,,,,,,,,,,,,,,,,,,,,,,,,,,2,2,2,2,1,,,,,,,,,,,,,,,,,,,,,,,,,,,,,,,0,0,0,0,0,,,,,,,,,,,,,,,,,,,,,,,,,,,,,,
107,334002,2,12,0,0,0,0,0,0,0,0,32014,32015,331300,331301,334003,,,,,,,,,,,,,,,,,,,,,,,,,,,,,,,2,2,2,2,1,,,,,,,,,,,,,,,,,,,,,,,,,,,,,,,0,0,0,0,0,,,,,,,,,,,,,,,,,,,,,,,,,,,,,,
108,334002,2,19,0,0,0,0,0,0,0,0,32014,32015,331300,331301,334003,,,,,,,,,,,,,,,,,,,,,,,,,,,,,,,2,2,2,2,1,,,,,,,,,,,,,,,,,,,,,,,,,,,,,,,0,0,0,0,0,,,,,,,,,,,,,,,,,,,,,,,,,,,,,,
109,334002,3,11,0,0,0,0,0,0,0,0,32014,32015,331300,331301,334003,,,,,,,,,,,,,,,,,,,,,,,,,,,,,,,2,2,2,2,1,,,,,,,,,,,,,,,,,,,,,,,,,,,,,,,0,0,0,0,0,,,,,,,,,,,,,,,,,,,,,,,,,,,,,,
110,334002,3,12,0,0,0,0,0,0,0,0,32014,32015,331300,331301,334003,,,,,,,,,,,,,,,,,,,,,,,,,,,,,,,2,2,2,2,1,,,,,,,,,,,,,,,,,,,,,,,,,,,,,,,0,0,0,0,0,,,,,,,,,,,,,,,,,,,,,,,,,,,,,,
111,334002,3,19,0,0,0,0,0,0,0,0,32014,32015,331300,331301,334003,,,,,,,,,,,,,,,,,,,,,,,,,,,,,,,2,2,2,2,1,,,,,,,,,,,,,,,,,,,,,,,,,,,,,,,0,0,0,0,0,,,,,,,,,,,,,,,,,,,,,,,,,,,,,,
112,334002,4,11,0,0,0,0,0,0,0,0,32014,32015,331300,331301,334003,,,,,,,,,,,,,,,,,,,,,,,,,,,,,,,2,2,2,2,1,,,,,,,,,,,,,,,,,,,,,,,,,,,,,,,0,0,0,0,0,,,,,,,,,,,,,,,,,,,,,,,,,,,,,,
113,334002,4,12,0,0,0,0,0,0,0,0,32014,32015,331300,331301,334003,,,,,,,,,,,,,,,,,,,,,,,,,,,,,,,2,2,2,2,1,,,,,,,,,,,,,,,,,,,,,,,,,,,,,,,0,0,0,0,0,,,,,,,,,,,,,,,,,,,,,,,,,,,,,,
114,334002,4,19,0,0,0,0,0,0,0,0,32014,32015,331300,331301,334003,,,,,,,,,,,,,,,,,,,,,,,,,,,,,,,2,2,2,2,1,,,,,,,,,,,,,,,,,,,,,,,,,,,,,,,0,0,0,0,0,,,,,,,,,,,,,,,,,,,,,,,,,,,,,,
115,334002,5,11,0,0,0,0,0,0,0,0,32014,32015,331300,331301,334003,,,,,,,,,,,,,,,,,,,,,,,,,,,,,,,2,2,2,2,1,,,,,,,,,,,,,,,,,,,,,,,,,,,,,,,0,0,0,0,0,,,,,,,,,,,,,,,,,,,,,,,,,,,,,,
116,334002,5,12,0,0,0,0,0,0,0,0,32014,32015,331300,331301,334003,,,,,,,,,,,,,,,,,,,,,,,,,,,,,,,2,2,2,2,1,,,,,,,,,,,,,,,,,,,,,,,,,,,,,,,0,0,0,0,0,,,,,,,,,,,,,,,,,,,,,,,,,,,,,,
117,334002,5,19,0,0,0,0,0,0,0,0,32014,32015,331300,331301,334003,,,,,,,,,,,,,,,,,,,,,,,,,,,,,,,2,2,2,2,1,,,,,,,,,,,,,,,,,,,,,,,,,,,,,,,0,0,0,0,0,,,,,,,,,,,,,,,,,,,,,,,,,,,,,,
118,334002,6,11,0,0,0,0,0,0,0,0,32014,32015,331300,331301,334003,,,,,,,,,,,,,,,,,,,,,,,,,,,,,,,2,2,2,2,1,,,,,,,,,,,,,,,,,,,,,,,,,,,,,,,0,0,0,0,0,,,,,,,,,,,,,,,,,,,,,,,,,,,,,,
119,334002,6,12,0,0,0,0,0,0,0,0,32014,32015,331300,331301,334003,,,,,,,,,,,,,,,,,,,,,,,,,,,,,,,2,2,2,2,1,,,,,,,,,,,,,,,,,,,,,,,,,,,,,,,0,0,0,0,0,,,,,,,,,,,,,,,,,,,,,,,,,,,,,,
120,334002,6,19,0,0,0,0,0,0,0,0,32014,32015,331300,331301,334003,,,,,,,,,,,,,,,,,,,,,,,,,,,,,,,2,2,2,2,1,,,,,,,,,,,,,,,,,,,,,,,,,,,,,,,0,0,0,0,0,,,,,,,,,,,,,,,,,,,,,,,,,,,,,,
121,334002,7,15,0,0,0,0,0,0,0,0,32014,32015,331300,331301,334003,,,,,,,,,,,,,,,,,,,,,,,,,,,,,,,2,2,2,2,1,,,,,,,,,,,,,,,,,,,,,,,,,,,,,,,0,0,0,0,0,,,,,,,,,,,,,,,,,,,,,,,,,,,,,,
122,334002,7,16,0,0,0,0,0,0,0,0,32014,32015,331300,331301,334003,,,,,,,,,,,,,,,,,,,,,,,,,,,,,,,2,2,2,2,1,,,,,,,,,,,,,,,,,,,,,,,,,,,,,,,0,0,0,0,0,,,,,,,,,,,,,,,,,,,,,,,,,,,,,,
123,334002,7,18,0,0,0,0,0,0,0,0,32014,32015,331300,331301,334003,,,,,,,,,,,,,,,,,,,,,,,,,,,,,,,2,2,2,2,1,,,,,,,,,,,,,,,,,,,,,,,,,,,,,,,0,0,0,0,0,,,,,,,,,,,,,,,,,,,,,,,,,,,,,,
124,334002,8,15,0,0,0,0,0,0,0,0,32014,32015,331300,331301,334003,,,,,,,,,,,,,,,,,,,,,,,,,,,,,,,2,2,2,2,1,,,,,,,,,,,,,,,,,,,,,,,,,,,,,,,0,0,0,0,0,,,,,,,,,,,,,,,,,,,,,,,,,,,,,,
125,334002,8,16,0,0,0,0,0,0,0,0,32014,32015,331300,331301,334003,,,,,,,,,,,,,,,,,,,,,,,,,,,,,,,2,2,2,2,1,,,,,,,,,,,,,,,,,,,,,,,,,,,,,,,0,0,0,0,0,,,,,,,,,,,,,,,,,,,,,,,,,,,,,,
126,334002,8,18,0,0,0,0,0,0,0,0,32014,32015,331300,331301,334003,,,,,,,,,,,,,,,,,,,,,,,,,,,,,,,2,2,2,2,1,,,,,,,,,,,,,,,,,,,,,,,,,,,,,,,0,0,0,0,0,,,,,,,,,,,,,,,,,,,,,,,,,,,,,,
127,334002,9,15,0,0,0,0,0,0,0,0,32014,32015,331300,331301,334003,,,,,,,,,,,,,,,,,,,,,,,,,,,,,,,2,2,2,2,1,,,,,,,,,,,,,,,,,,,,,,,,,,,,,,,0,0,0,0,0,,,,,,,,,,,,,,,,,,,,,,,,,,,,,,
128,334002,9,16,0,0,0,0,0,0,0,0,32014,32015,331300,331301,334003,,,,,,,,,,,,,,,,,,,,,,,,,,,,,,,2,2,2,2,1,,,,,,,,,,,,,,,,,,,,,,,,,,,,,,,0,0,0,0,0,,,,,,,,,,,,,,,,,,,,,,,,,,,,,,
129,334002,9,18,0,0,0,0,0,0,0,0,32014,32015,331300,331301,334003,,,,,,,,,,,,,,,,,,,,,,,,,,,,,,,2,2,2,2,1,,,,,,,,,,,,,,,,,,,,,,,,,,,,,,,0,0,0,0,0,,,,,,,,,,,,,,,,,,,,,,,,,,,,,,
130,334002,10,15,0,0,0,0,0,0,0,0,32014,32015,331300,331301,334003,,,,,,,,,,,,,,,,,,,,,,,,,,,,,,,2,2,2,2,1,,,,,,,,,,,,,,,,,,,,,,,,,,,,,,,0,0,0,0,0,,,,,,,,,,,,,,,,,,,,,,,,,,,,,,
131,334002,10,16,0,0,0,0,0,0,0,0,32014,32015,331300,331301,334003,,,,,,,,,,,,,,,,,,,,,,,,,,,,,,,2,2,2,2,1,,,,,,,,,,,,,,,,,,,,,,,,,,,,,,,0,0,0,0,0,,,,,,,,,,,,,,,,,,,,,,,,,,,,,,
132,334002,10,18,0,0,0,0,0,0,0,0,32014,32015,331300,331301,334003,,,,,,,,,,,,,,,,,,,,,,,,,,,,,,,2,2,2,2,1,,,,,,,,,,,,,,,,,,,,,,,,,,,,,,,0,0,0,0,0,,,,,,,,,,,,,,,,,,,,,,,,,,,,,,
133,334002,11,15,0,0,0,0,0,0,0,0,32014,32015,331300,331301,334003,,,,,,,,,,,,,,,,,,,,,,,,,,,,,,,2,2,2,2,1,,,,,,,,,,,,,,,,,,,,,,,,,,,,,,,0,0,0,0,0,,,,,,,,,,,,,,,,,,,,,,,,,,,,,,
134,334002,11,16,0,0,0,0,0,0,0,0,32014,32015,331300,331301,334003,,,,,,,,,,,,,,,,,,,,,,,,,,,,,,,2,2,2,2,1,,,,,,,,,,,,,,,,,,,,,,,,,,,,,,,0,0,0,0,0,,,,,,,,,,,,,,,,,,,,,,,,,,,,,,
135,334002,11,18,0,0,0,0,0,0,0,0,32014,32015,331300,331301,334003,,,,,,,,,,,,,,,,,,,,,,,,,,,,,,,2,2,2,2,1,,,,,,,,,,,,,,,,,,,,,,,,,,,,,,,0,0,0,0,0,,,,,,,,,,,,,,,,,,,,,,,,,,,,,,
136,334002,12,15,0,0,0,0,0,0,0,0,32014,32015,331300,331301,334003,,,,,,,,,,,,,,,,,,,,,,,,,,,,,,,2,2,2,2,1,,,,,,,,,,,,,,,,,,,,,,,,,,,,,,,0,0,0,0,0,,,,,,,,,,,,,,,,,,,,,,,,,,,,,,
137,334002,12,16,0,0,0,0,0,0,0,0,32014,32015,331300,331301,334003,,,,,,,,,,,,,,,,,,,,,,,,,,,,,,,2,2,2,2,1,,,,,,,,,,,,,,,,,,,,,,,,,,,,,,,0,0,0,0,0,,,,,,,,,,,,,,,,,,,,,,,,,,,,,,
138,334002,12,18,0,0,0,0,0,0,0,0,32014,32015,331300,331301,334003,,,,,,,,,,,,,,,,,,,,,,,,,,,,,,,2,2,2,2,1,,,,,,,,,,,,,,,,,,,,,,,,,,,,,,,0,0,0,0,0,,,,,,,,,,,,,,,,,,,,,,,,,,,,,,
139,334002,13,13,0,0,0,0,0,0,0,0,32014,32015,331300,331301,334003,,,,,,,,,,,,,,,,,,,,,,,,,,,,,,,2,2,2,2,1,,,,,,,,,,,,,,,,,,,,,,,,,,,,,,,0,0,0,0,0,,,,,,,,,,,,,,,,,,,,,,,,,,,,,,
140,334002,13,14,0,0,0,0,0,0,0,0,32014,32015,331300,331301,334003,,,,,,,,,,,,,,,,,,,,,,,,,,,,,,,2,2,2,2,1,,,,,,,,,,,,,,,,,,,,,,,,,,,,,,,0,0,0,0,0,,,,,,,,,,,,,,,,,,,,,,,,,,,,,,
141,334002,13,17,0,0,0,0,0,0,0,0,32014,32015,331300,331301,334003,,,,,,,,,,,,,,,,,,,,,,,,,,,,,,,2,2,2,2,1,,,,,,,,,,,,,,,,,,,,,,,,,,,,,,,0,0,0,0,0,,,,,,,,,,,,,,,,,,,,,,,,,,,,,,
142,334002,14,13,0,0,0,0,0,0,0,0,32014,32015,331300,331301,334003,,,,,,,,,,,,,,,,,,,,,,,,,,,,,,,2,2,2,2,1,,,,,,,,,,,,,,,,,,,,,,,,,,,,,,,0,0,0,0,0,,,,,,,,,,,,,,,,,,,,,,,,,,,,,,
143,334002,14,14,0,0,0,0,0,0,0,0,32014,32015,331300,331301,334003,,,,,,,,,,,,,,,,,,,,,,,,,,,,,,,2,2,2,2,1,,,,,,,,,,,,,,,,,,,,,,,,,,,,,,,0,0,0,0,0,,,,,,,,,,,,,,,,,,,,,,,,,,,,,,
144,334002,14,17,0,0,0,0,0,0,0,0,32014,32015,331300,331301,334003,,,,,,,,,,,,,,,,,,,,,,,,,,,,,,,2,2,2,2,1,,,,,,,,,,,,,,,,,,,,,,,,,,,,,,,0,0,0,0,0,,,,,,,,,,,,,,,,,,,,,,,,,,,,,,
145,334002,15,13,0,0,0,0,0,0,0,0,32014,32015,331300,331301,334003,,,,,,,,,,,,,,,,,,,,,,,,,,,,,,,2,2,2,2,1,,,,,,,,,,,,,,,,,,,,,,,,,,,,,,,0,0,0,0,0,,,,,,,,,,,,,,,,,,,,,,,,,,,,,,
146,334002,15,14,0,0,0,0,0,0,0,0,32014,32015,331300,331301,334003,,,,,,,,,,,,,,,,,,,,,,,,,,,,,,,2,2,2,2,1,,,,,,,,,,,,,,,,,,,,,,,,,,,,,,,0,0,0,0,0,,,,,,,,,,,,,,,,,,,,,,,,,,,,,,
147,334002,15,17,0,0,0,0,0,0,0,0,32014,32015,331300,331301,334003,,,,,,,,,,,,,,,,,,,,,,,,,,,,,,,2,2,2,2,1,,,,,,,,,,,,,,,,,,,,,,,,,,,,,,,0,0,0,0,0,,,,,,,,,,,,,,,,,,,,,,,,,,,,,,
148,334002,16,13,0,0,0,0,0,0,0,0,32014,32015,331300,331301,334003,,,,,,,,,,,,,,,,,,,,,,,,,,,,,,,2,2,2,2,1,,,,,,,,,,,,,,,,,,,,,,,,,,,,,,,0,0,0,0,0,,,,,,,,,,,,,,,,,,,,,,,,,,,,,,
149,334002,16,14,0,0,0,0,0,0,0,0,32014,32015,331300,331301,334003,,,,,,,,,,,,,,,,,,,,,,,,,,,,,,,2,2,2,2,1,,,,,,,,,,,,,,,,,,,,,,,,,,,,,,,0,0,0,0,0,,,,,,,,,,,,,,,,,,,,,,,,,,,,,,
150,334002,16,17,0,0,0,0,0,0,0,0,32014,32015,331300,331301,334003,,,,,,,,,,,,,,,,,,,,,,,,,,,,,,,2,2,2,2,1,,,,,,,,,,,,,,,,,,,,,,,,,,,,,,,0,0,0,0,0,,,,,,,,,,,,,,,,,,,,,,,,,,,,,,
151,334002,17,13,0,0,0,0,0,0,0,0,32014,32015,331300,331301,334003,,,,,,,,,,,,,,,,,,,,,,,,,,,,,,,2,2,2,2,1,,,,,,,,,,,,,,,,,,,,,,,,,,,,,,,0,0,0,0,0,,,,,,,,,,,,,,,,,,,,,,,,,,,,,,
152,334002,17,14,0,0,0,0,0,0,0,0,32014,32015,331300,331301,334003,,,,,,,,,,,,,,,,,,,,,,,,,,,,,,,2,2,2,2,1,,,,,,,,,,,,,,,,,,,,,,,,,,,,,,,0,0,0,0,0,,,,,,,,,,,,,,,,,,,,,,,,,,,,,,
153,334002,17,17,0,0,0,0,0,0,0,0,32014,32015,331300,331301,334003,,,,,,,,,,,,,,,,,,,,,,,,,,,,,,,2,2,2,2,1,,,,,,,,,,,,,,,,,,,,,,,,,,,,,,,0,0,0,0,0,,,,,,,,,,,,,,,,,,,,,,,,,,,,,,
154,334003,1,11,0,0,0,0,0,0,0,0,32014,32015,331300,331301,334004,,,,,,,,,,,,,,,,,,,,,,,,,,,,,,,3,3,3,3,1,,,,,,,,,,,,,,,,,,,,,,,,,,,,,,,0,0,0,0,0,,,,,,,,,,,,,,,,,,,,,,,,,,,,,,
155,334003,1,12,0,0,0,0,0,0,0,0,32014,32015,331300,331301,334004,,,,,,,,,,,,,,,,,,,,,,,,,,,,,,,3,3,3,3,1,,,,,,,,,,,,,,,,,,,,,,,,,,,,,,,0,0,0,0,0,,,,,,,,,,,,,,,,,,,,,,,,,,,,,,
156,334003,1,19,0,0,0,0,0,0,0,0,32014,32015,331300,331301,334004,,,,,,,,,,,,,,,,,,,,,,,,,,,,,,,3,3,3,3,1,,,,,,,,,,,,,,,,,,,,,,,,,,,,,,,0,0,0,0,0,,,,,,,,,,,,,,,,,,,,,,,,,,,,,,
157,334003,2,11,0,0,0,0,0,0,0,0,32014,32015,331300,331301,334004,,,,,,,,,,,,,,,,,,,,,,,,,,,,,,,3,3,3,3,1,,,,,,,,,,,,,,,,,,,,,,,,,,,,,,,0,0,0,0,0,,,,,,,,,,,,,,,,,,,,,,,,,,,,,,
158,334003,2,12,0,0,0,0,0,0,0,0,32014,32015,331300,331301,334004,,,,,,,,,,,,,,,,,,,,,,,,,,,,,,,3,3,3,3,1,,,,,,,,,,,,,,,,,,,,,,,,,,,,,,,0,0,0,0,0,,,,,,,,,,,,,,,,,,,,,,,,,,,,,,
159,334003,2,19,0,0,0,0,0,0,0,0,32014,32015,331300,331301,334004,,,,,,,,,,,,,,,,,,,,,,,,,,,,,,,3,3,3,3,1,,,,,,,,,,,,,,,,,,,,,,,,,,,,,,,0,0,0,0,0,,,,,,,,,,,,,,,,,,,,,,,,,,,,,,
160,334003,3,11,0,0,0,0,0,0,0,0,32014,32015,331300,331301,334004,,,,,,,,,,,,,,,,,,,,,,,,,,,,,,,3,3,3,3,1,,,,,,,,,,,,,,,,,,,,,,,,,,,,,,,0,0,0,0,0,,,,,,,,,,,,,,,,,,,,,,,,,,,,,,
161,334003,3,12,0,0,0,0,0,0,0,0,32014,32015,331300,331301,334004,,,,,,,,,,,,,,,,,,,,,,,,,,,,,,,3,3,3,3,1,,,,,,,,,,,,,,,,,,,,,,,,,,,,,,,0,0,0,0,0,,,,,,,,,,,,,,,,,,,,,,,,,,,,,,
162,334003,3,19,0,0,0,0,0,0,0,0,32014,32015,331300,331301,334004,,,,,,,,,,,,,,,,,,,,,,,,,,,,,,,3,3,3,3,1,,,,,,,,,,,,,,,,,,,,,,,,,,,,,,,0,0,0,0,0,,,,,,,,,,,,,,,,,,,,,,,,,,,,,,
163,334003,4,11,0,0,0,0,0,0,0,0,32014,32015,331300,331301,334004,,,,,,,,,,,,,,,,,,,,,,,,,,,,,,,3,3,3,3,1,,,,,,,,,,,,,,,,,,,,,,,,,,,,,,,0,0,0,0,0,,,,,,,,,,,,,,,,,,,,,,,,,,,,,,
164,334003,4,12,0,0,0,0,0,0,0,0,32014,32015,331300,331301,334004,,,,,,,,,,,,,,,,,,,,,,,,,,,,,,,3,3,3,3,1,,,,,,,,,,,,,,,,,,,,,,,,,,,,,,,0,0,0,0,0,,,,,,,,,,,,,,,,,,,,,,,,,,,,,,
165,334003,4,19,0,0,0,0,0,0,0,0,32014,32015,331300,331301,334004,,,,,,,,,,,,,,,,,,,,,,,,,,,,,,,3,3,3,3,1,,,,,,,,,,,,,,,,,,,,,,,,,,,,,,,0,0,0,0,0,,,,,,,,,,,,,,,,,,,,,,,,,,,,,,
166,334003,5,11,0,0,0,0,0,0,0,0,32014,32015,331300,331301,334004,,,,,,,,,,,,,,,,,,,,,,,,,,,,,,,3,3,3,3,1,,,,,,,,,,,,,,,,,,,,,,,,,,,,,,,0,0,0,0,0,,,,,,,,,,,,,,,,,,,,,,,,,,,,,,
167,334003,5,12,0,0,0,0,0,0,0,0,32014,32015,331300,331301,334004,,,,,,,,,,,,,,,,,,,,,,,,,,,,,,,3,3,3,3,1,,,,,,,,,,,,,,,,,,,,,,,,,,,,,,,0,0,0,0,0,,,,,,,,,,,,,,,,,,,,,,,,,,,,,,
168,334003,5,19,0,0,0,0,0,0,0,0,32014,32015,331300,331301,334004,,,,,,,,,,,,,,,,,,,,,,,,,,,,,,,3,3,3,3,1,,,,,,,,,,,,,,,,,,,,,,,,,,,,,,,0,0,0,0,0,,,,,,,,,,,,,,,,,,,,,,,,,,,,,,
169,334003,6,11,0,0,0,0,0,0,0,0,32014,32015,331300,331301,334004,,,,,,,,,,,,,,,,,,,,,,,,,,,,,,,3,3,3,3,1,,,,,,,,,,,,,,,,,,,,,,,,,,,,,,,0,0,0,0,0,,,,,,,,,,,,,,,,,,,,,,,,,,,,,,
170,334003,6,12,0,0,0,0,0,0,0,0,32014,32015,331300,331301,334004,,,,,,,,,,,,,,,,,,,,,,,,,,,,,,,3,3,3,3,1,,,,,,,,,,,,,,,,,,,,,,,,,,,,,,,0,0,0,0,0,,,,,,,,,,,,,,,,,,,,,,,,,,,,,,
171,334003,6,19,0,0,0,0,0,0,0,0,32014,32015,331300,331301,334004,,,,,,,,,,,,,,,,,,,,,,,,,,,,,,,3,3,3,3,1,,,,,,,,,,,,,,,,,,,,,,,,,,,,,,,0,0,0,0,0,,,,,,,,,,,,,,,,,,,,,,,,,,,,,,
172,334003,7,15,0,0,0,0,0,0,0,0,32014,32015,331300,331301,334004,,,,,,,,,,,,,,,,,,,,,,,,,,,,,,,3,3,3,3,1,,,,,,,,,,,,,,,,,,,,,,,,,,,,,,,0,0,0,0,0,,,,,,,,,,,,,,,,,,,,,,,,,,,,,,
173,334003,7,16,0,0,0,0,0,0,0,0,32014,32015,331300,331301,334004,,,,,,,,,,,,,,,,,,,,,,,,,,,,,,,3,3,3,3,1,,,,,,,,,,,,,,,,,,,,,,,,,,,,,,,0,0,0,0,0,,,,,,,,,,,,,,,,,,,,,,,,,,,,,,
174,334003,7,18,0,0,0,0,0,0,0,0,32014,32015,331300,331301,334004,,,,,,,,,,,,,,,,,,,,,,,,,,,,,,,3,3,3,3,1,,,,,,,,,,,,,,,,,,,,,,,,,,,,,,,0,0,0,0,0,,,,,,,,,,,,,,,,,,,,,,,,,,,,,,
175,334003,8,15,0,0,0,0,0,0,0,0,32014,32015,331300,331301,334004,,,,,,,,,,,,,,,,,,,,,,,,,,,,,,,3,3,3,3,1,,,,,,,,,,,,,,,,,,,,,,,,,,,,,,,0,0,0,0,0,,,,,,,,,,,,,,,,,,,,,,,,,,,,,,
176,334003,8,16,0,0,0,0,0,0,0,0,32014,32015,331300,331301,334004,,,,,,,,,,,,,,,,,,,,,,,,,,,,,,,3,3,3,3,1,,,,,,,,,,,,,,,,,,,,,,,,,,,,,,,0,0,0,0,0,,,,,,,,,,,,,,,,,,,,,,,,,,,,,,
177,334003,8,18,0,0,0,0,0,0,0,0,32014,32015,331300,331301,334004,,,,,,,,,,,,,,,,,,,,,,,,,,,,,,,3,3,3,3,1,,,,,,,,,,,,,,,,,,,,,,,,,,,,,,,0,0,0,0,0,,,,,,,,,,,,,,,,,,,,,,,,,,,,,,
178,334003,9,15,0,0,0,0,0,0,0,0,32014,32015,331300,331301,334004,,,,,,,,,,,,,,,,,,,,,,,,,,,,,,,3,3,3,3,1,,,,,,,,,,,,,,,,,,,,,,,,,,,,,,,0,0,0,0,0,,,,,,,,,,,,,,,,,,,,,,,,,,,,,,
179,334003,9,16,0,0,0,0,0,0,0,0,32014,32015,331300,331301,334004,,,,,,,,,,,,,,,,,,,,,,,,,,,,,,,3,3,3,3,1,,,,,,,,,,,,,,,,,,,,,,,,,,,,,,,0,0,0,0,0,,,,,,,,,,,,,,,,,,,,,,,,,,,,,,
180,334003,9,18,0,0,0,0,0,0,0,0,32014,32015,331300,331301,334004,,,,,,,,,,,,,,,,,,,,,,,,,,,,,,,3,3,3,3,1,,,,,,,,,,,,,,,,,,,,,,,,,,,,,,,0,0,0,0,0,,,,,,,,,,,,,,,,,,,,,,,,,,,,,,
181,334003,10,15,0,0,0,0,0,0,0,0,32014,32015,331300,331301,334004,,,,,,,,,,,,,,,,,,,,,,,,,,,,,,,3,3,3,3,1,,,,,,,,,,,,,,,,,,,,,,,,,,,,,,,0,0,0,0,0,,,,,,,,,,,,,,,,,,,,,,,,,,,,,,
182,334003,10,16,0,0,0,0,0,0,0,0,32014,32015,331300,331301,334004,,,,,,,,,,,,,,,,,,,,,,,,,,,,,,,3,3,3,3,1,,,,,,,,,,,,,,,,,,,,,,,,,,,,,,,0,0,0,0,0,,,,,,,,,,,,,,,,,,,,,,,,,,,,,,
183,334003,10,18,0,0,0,0,0,0,0,0,32014,32015,331300,331301,334004,,,,,,,,,,,,,,,,,,,,,,,,,,,,,,,3,3,3,3,1,,,,,,,,,,,,,,,,,,,,,,,,,,,,,,,0,0,0,0,0,,,,,,,,,,,,,,,,,,,,,,,,,,,,,,
184,334003,11,15,0,0,0,0,0,0,0,0,32014,32015,331300,331301,334004,,,,,,,,,,,,,,,,,,,,,,,,,,,,,,,3,3,3,3,1,,,,,,,,,,,,,,,,,,,,,,,,,,,,,,,0,0,0,0,0,,,,,,,,,,,,,,,,,,,,,,,,,,,,,,
185,334003,11,16,0,0,0,0,0,0,0,0,32014,32015,331300,331301,334004,,,,,,,,,,,,,,,,,,,,,,,,,,,,,,,3,3,3,3,1,,,,,,,,,,,,,,,,,,,,,,,,,,,,,,,0,0,0,0,0,,,,,,,,,,,,,,,,,,,,,,,,,,,,,,
186,334003,11,18,0,0,0,0,0,0,0,0,32014,32015,331300,331301,334004,,,,,,,,,,,,,,,,,,,,,,,,,,,,,,,3,3,3,3,1,,,,,,,,,,,,,,,,,,,,,,,,,,,,,,,0,0,0,0,0,,,,,,,,,,,,,,,,,,,,,,,,,,,,,,
187,334003,12,15,0,0,0,0,0,0,0,0,32014,32015,331300,331301,334004,,,,,,,,,,,,,,,,,,,,,,,,,,,,,,,3,3,3,3,1,,,,,,,,,,,,,,,,,,,,,,,,,,,,,,,0,0,0,0,0,,,,,,,,,,,,,,,,,,,,,,,,,,,,,,
188,334003,12,16,0,0,0,0,0,0,0,0,32014,32015,331300,331301,334004,,,,,,,,,,,,,,,,,,,,,,,,,,,,,,,3,3,3,3,1,,,,,,,,,,,,,,,,,,,,,,,,,,,,,,,0,0,0,0,0,,,,,,,,,,,,,,,,,,,,,,,,,,,,,,
189,334003,12,18,0,0,0,0,0,0,0,0,32014,32015,331300,331301,334004,,,,,,,,,,,,,,,,,,,,,,,,,,,,,,,3,3,3,3,1,,,,,,,,,,,,,,,,,,,,,,,,,,,,,,,0,0,0,0,0,,,,,,,,,,,,,,,,,,,,,,,,,,,,,,
190,334003,13,13,0,0,0,0,0,0,0,0,32014,32015,331300,331301,334004,,,,,,,,,,,,,,,,,,,,,,,,,,,,,,,3,3,3,3,1,,,,,,,,,,,,,,,,,,,,,,,,,,,,,,,0,0,0,0,0,,,,,,,,,,,,,,,,,,,,,,,,,,,,,,
191,334003,13,14,0,0,0,0,0,0,0,0,32014,32015,331300,331301,334004,,,,,,,,,,,,,,,,,,,,,,,,,,,,,,,3,3,3,3,1,,,,,,,,,,,,,,,,,,,,,,,,,,,,,,,0,0,0,0,0,,,,,,,,,,,,,,,,,,,,,,,,,,,,,,
192,334003,13,17,0,0,0,0,0,0,0,0,32014,32015,331300,331301,334004,,,,,,,,,,,,,,,,,,,,,,,,,,,,,,,3,3,3,3,1,,,,,,,,,,,,,,,,,,,,,,,,,,,,,,,0,0,0,0,0,,,,,,,,,,,,,,,,,,,,,,,,,,,,,,
193,334003,14,13,0,0,0,0,0,0,0,0,32014,32015,331300,331301,334004,,,,,,,,,,,,,,,,,,,,,,,,,,,,,,,3,3,3,3,1,,,,,,,,,,,,,,,,,,,,,,,,,,,,,,,0,0,0,0,0,,,,,,,,,,,,,,,,,,,,,,,,,,,,,,
194,334003,14,14,0,0,0,0,0,0,0,0,32014,32015,331300,331301,334004,,,,,,,,,,,,,,,,,,,,,,,,,,,,,,,3,3,3,3,1,,,,,,,,,,,,,,,,,,,,,,,,,,,,,,,0,0,0,0,0,,,,,,,,,,,,,,,,,,,,,,,,,,,,,,
195,334003,14,17,0,0,0,0,0,0,0,0,32014,32015,331300,331301,334004,,,,,,,,,,,,,,,,,,,,,,,,,,,,,,,3,3,3,3,1,,,,,,,,,,,,,,,,,,,,,,,,,,,,,,,0,0,0,0,0,,,,,,,,,,,,,,,,,,,,,,,,,,,,,,
196,334003,15,13,0,0,0,0,0,0,0,0,32014,32015,331300,331301,334004,,,,,,,,,,,,,,,,,,,,,,,,,,,,,,,3,3,3,3,1,,,,,,,,,,,,,,,,,,,,,,,,,,,,,,,0,0,0,0,0,,,,,,,,,,,,,,,,,,,,,,,,,,,,,,
197,334003,15,14,0,0,0,0,0,0,0,0,32014,32015,331300,331301,334004,,,,,,,,,,,,,,,,,,,,,,,,,,,,,,,3,3,3,3,1,,,,,,,,,,,,,,,,,,,,,,,,,,,,,,,0,0,0,0,0,,,,,,,,,,,,,,,,,,,,,,,,,,,,,,
198,334003,15,17,0,0,0,0,0,0,0,0,32014,32015,331300,331301,334004,,,,,,,,,,,,,,,,,,,,,,,,,,,,,,,3,3,3,3,1,,,,,,,,,,,,,,,,,,,,,,,,,,,,,,,0,0,0,0,0,,,,,,,,,,,,,,,,,,,,,,,,,,,,,,
199,334003,16,13,0,0,0,0,0,0,0,0,32014,32015,331300,331301,334004,,,,,,,,,,,,,,,,,,,,,,,,,,,,,,,3,3,3,3,1,,,,,,,,,,,,,,,,,,,,,,,,,,,,,,,0,0,0,0,0,,,,,,,,,,,,,,,,,,,,,,,,,,,,,,
200,334003,16,14,0,0,0,0,0,0,0,0,32014,32015,331300,331301,334004,,,,,,,,,,,,,,,,,,,,,,,,,,,,,,,3,3,3,3,1,,,,,,,,,,,,,,,,,,,,,,,,,,,,,,,0,0,0,0,0,,,,,,,,,,,,,,,,,,,,,,,,,,,,,,
201,334003,16,17,0,0,0,0,0,0,0,0,32014,32015,331300,331301,334004,,,,,,,,,,,,,,,,,,,,,,,,,,,,,,,3,3,3,3,1,,,,,,,,,,,,,,,,,,,,,,,,,,,,,,,0,0,0,0,0,,,,,,,,,,,,,,,,,,,,,,,,,,,,,,
202,334003,17,13,0,0,0,0,0,0,0,0,32014,32015,331300,331301,334004,,,,,,,,,,,,,,,,,,,,,,,,,,,,,,,3,3,3,3,1,,,,,,,,,,,,,,,,,,,,,,,,,,,,,,,0,0,0,0,0,,,,,,,,,,,,,,,,,,,,,,,,,,,,,,
203,334003,17,14,0,0,0,0,0,0,0,0,32014,32015,331300,331301,334004,,,,,,,,,,,,,,,,,,,,,,,,,,,,,,,3,3,3,3,1,,,,,,,,,,,,,,,,,,,,,,,,,,,,,,,0,0,0,0,0,,,,,,,,,,,,,,,,,,,,,,,,,,,,,,
204,334003,17,17,0,0,0,0,0,0,0,0,32014,32015,331300,331301,334004,,,,,,,,,,,,,,,,,,,,,,,,,,,,,,,3,3,3,3,1,,,,,,,,,,,,,,,,,,,,,,,,,,,,,,,0,0,0,0,0,,,,,,,,,,,,,,,,,,,,,,,,,,,,,,
205,334004,1,11,0,0,0,0,0,0,0,0,32014,32015,331300,331301,334005,,,,,,,,,,,,,,,,,,,,,,,,,,,,,,,4,4,4,4,1,,,,,,,,,,,,,,,,,,,,,,,,,,,,,,,0,0,0,0,0,,,,,,,,,,,,,,,,,,,,,,,,,,,,,,
206,334004,1,12,0,0,0,0,0,0,0,0,32014,32015,331300,331301,334005,,,,,,,,,,,,,,,,,,,,,,,,,,,,,,,4,4,4,4,1,,,,,,,,,,,,,,,,,,,,,,,,,,,,,,,0,0,0,0,0,,,,,,,,,,,,,,,,,,,,,,,,,,,,,,
207,334004,1,19,0,0,0,0,0,0,0,0,32014,32015,331300,331301,334005,,,,,,,,,,,,,,,,,,,,,,,,,,,,,,,4,4,4,4,1,,,,,,,,,,,,,,,,,,,,,,,,,,,,,,,0,0,0,0,0,,,,,,,,,,,,,,,,,,,,,,,,,,,,,,
208,334004,2,11,0,0,0,0,0,0,0,0,32014,32015,331300,331301,334005,,,,,,,,,,,,,,,,,,,,,,,,,,,,,,,4,4,4,4,1,,,,,,,,,,,,,,,,,,,,,,,,,,,,,,,0,0,0,0,0,,,,,,,,,,,,,,,,,,,,,,,,,,,,,,
209,334004,2,12,0,0,0,0,0,0,0,0,32014,32015,331300,331301,334005,,,,,,,,,,,,,,,,,,,,,,,,,,,,,,,4,4,4,4,1,,,,,,,,,,,,,,,,,,,,,,,,,,,,,,,0,0,0,0,0,,,,,,,,,,,,,,,,,,,,,,,,,,,,,,
210,334004,2,19,0,0,0,0,0,0,0,0,32014,32015,331300,331301,334005,,,,,,,,,,,,,,,,,,,,,,,,,,,,,,,4,4,4,4,1,,,,,,,,,,,,,,,,,,,,,,,,,,,,,,,0,0,0,0,0,,,,,,,,,,,,,,,,,,,,,,,,,,,,,,
211,334004,3,11,0,0,0,0,0,0,0,0,32014,32015,331300,331301,334005,,,,,,,,,,,,,,,,,,,,,,,,,,,,,,,4,4,4,4,1,,,,,,,,,,,,,,,,,,,,,,,,,,,,,,,0,0,0,0,0,,,,,,,,,,,,,,,,,,,,,,,,,,,,,,
212,334004,3,12,0,0,0,0,0,0,0,0,32014,32015,331300,331301,334005,,,,,,,,,,,,,,,,,,,,,,,,,,,,,,,4,4,4,4,1,,,,,,,,,,,,,,,,,,,,,,,,,,,,,,,0,0,0,0,0,,,,,,,,,,,,,,,,,,,,,,,,,,,,,,
213,334004,3,19,0,0,0,0,0,0,0,0,32014,32015,331300,331301,334005,,,,,,,,,,,,,,,,,,,,,,,,,,,,,,,4,4,4,4,1,,,,,,,,,,,,,,,,,,,,,,,,,,,,,,,0,0,0,0,0,,,,,,,,,,,,,,,,,,,,,,,,,,,,,,
214,334004,4,11,0,0,0,0,0,0,0,0,32014,32015,331300,331301,334005,,,,,,,,,,,,,,,,,,,,,,,,,,,,,,,4,4,4,4,1,,,,,,,,,,,,,,,,,,,,,,,,,,,,,,,0,0,0,0,0,,,,,,,,,,,,,,,,,,,,,,,,,,,,,,
215,334004,4,12,0,0,0,0,0,0,0,0,32014,32015,331300,331301,334005,,,,,,,,,,,,,,,,,,,,,,,,,,,,,,,4,4,4,4,1,,,,,,,,,,,,,,,,,,,,,,,,,,,,,,,0,0,0,0,0,,,,,,,,,,,,,,,,,,,,,,,,,,,,,,
216,334004,4,19,0,0,0,0,0,0,0,0,32014,32015,331300,331301,334005,,,,,,,,,,,,,,,,,,,,,,,,,,,,,,,4,4,4,4,1,,,,,,,,,,,,,,,,,,,,,,,,,,,,,,,0,0,0,0,0,,,,,,,,,,,,,,,,,,,,,,,,,,,,,,
217,334004,5,11,0,0,0,0,0,0,0,0,32014,32015,331300,331301,334005,,,,,,,,,,,,,,,,,,,,,,,,,,,,,,,4,4,4,4,1,,,,,,,,,,,,,,,,,,,,,,,,,,,,,,,0,0,0,0,0,,,,,,,,,,,,,,,,,,,,,,,,,,,,,,
218,334004,5,12,0,0,0,0,0,0,0,0,32014,32015,331300,331301,334005,,,,,,,,,,,,,,,,,,,,,,,,,,,,,,,4,4,4,4,1,,,,,,,,,,,,,,,,,,,,,,,,,,,,,,,0,0,0,0,0,,,,,,,,,,,,,,,,,,,,,,,,,,,,,,
219,334004,5,19,0,0,0,0,0,0,0,0,32014,32015,331300,331301,334005,,,,,,,,,,,,,,,,,,,,,,,,,,,,,,,4,4,4,4,1,,,,,,,,,,,,,,,,,,,,,,,,,,,,,,,0,0,0,0,0,,,,,,,,,,,,,,,,,,,,,,,,,,,,,,
220,334004,6,11,0,0,0,0,0,0,0,0,32014,32015,331300,331301,334005,,,,,,,,,,,,,,,,,,,,,,,,,,,,,,,4,4,4,4,1,,,,,,,,,,,,,,,,,,,,,,,,,,,,,,,0,0,0,0,0,,,,,,,,,,,,,,,,,,,,,,,,,,,,,,
221,334004,6,12,0,0,0,0,0,0,0,0,32014,32015,331300,331301,334005,,,,,,,,,,,,,,,,,,,,,,,,,,,,,,,4,4,4,4,1,,,,,,,,,,,,,,,,,,,,,,,,,,,,,,,0,0,0,0,0,,,,,,,,,,,,,,,,,,,,,,,,,,,,,,
222,334004,6,19,0,0,0,0,0,0,0,0,32014,32015,331300,331301,334005,,,,,,,,,,,,,,,,,,,,,,,,,,,,,,,4,4,4,4,1,,,,,,,,,,,,,,,,,,,,,,,,,,,,,,,0,0,0,0,0,,,,,,,,,,,,,,,,,,,,,,,,,,,,,,
223,334004,7,15,0,0,0,0,0,0,0,0,32014,32015,331300,331301,334005,,,,,,,,,,,,,,,,,,,,,,,,,,,,,,,4,4,4,4,1,,,,,,,,,,,,,,,,,,,,,,,,,,,,,,,0,0,0,0,0,,,,,,,,,,,,,,,,,,,,,,,,,,,,,,
224,334004,7,16,0,0,0,0,0,0,0,0,32014,32015,331300,331301,334005,,,,,,,,,,,,,,,,,,,,,,,,,,,,,,,4,4,4,4,1,,,,,,,,,,,,,,,,,,,,,,,,,,,,,,,0,0,0,0,0,,,,,,,,,,,,,,,,,,,,,,,,,,,,,,
225,334004,7,18,0,0,0,0,0,0,0,0,32014,32015,331300,331301,334005,,,,,,,,,,,,,,,,,,,,,,,,,,,,,,,4,4,4,4,1,,,,,,,,,,,,,,,,,,,,,,,,,,,,,,,0,0,0,0,0,,,,,,,,,,,,,,,,,,,,,,,,,,,,,,
226,334004,8,15,0,0,0,0,0,0,0,0,32014,32015,331300,331301,334005,,,,,,,,,,,,,,,,,,,,,,,,,,,,,,,4,4,4,4,1,,,,,,,,,,,,,,,,,,,,,,,,,,,,,,,0,0,0,0,0,,,,,,,,,,,,,,,,,,,,,,,,,,,,,,
227,334004,8,16,0,0,0,0,0,0,0,0,32014,32015,331300,331301,334005,,,,,,,,,,,,,,,,,,,,,,,,,,,,,,,4,4,4,4,1,,,,,,,,,,,,,,,,,,,,,,,,,,,,,,,0,0,0,0,0,,,,,,,,,,,,,,,,,,,,,,,,,,,,,,
228,334004,8,18,0,0,0,0,0,0,0,0,32014,32015,331300,331301,334005,,,,,,,,,,,,,,,,,,,,,,,,,,,,,,,4,4,4,4,1,,,,,,,,,,,,,,,,,,,,,,,,,,,,,,,0,0,0,0,0,,,,,,,,,,,,,,,,,,,,,,,,,,,,,,
229,334004,9,15,0,0,0,0,0,0,0,0,32014,32015,331300,331301,334005,,,,,,,,,,,,,,,,,,,,,,,,,,,,,,,4,4,4,4,1,,,,,,,,,,,,,,,,,,,,,,,,,,,,,,,0,0,0,0,0,,,,,,,,,,,,,,,,,,,,,,,,,,,,,,
230,334004,9,16,0,0,0,0,0,0,0,0,32014,32015,331300,331301,334005,,,,,,,,,,,,,,,,,,,,,,,,,,,,,,,4,4,4,4,1,,,,,,,,,,,,,,,,,,,,,,,,,,,,,,,0,0,0,0,0,,,,,,,,,,,,,,,,,,,,,,,,,,,,,,
231,334004,9,18,0,0,0,0,0,0,0,0,32014,32015,331300,331301,334005,,,,,,,,,,,,,,,,,,,,,,,,,,,,,,,4,4,4,4,1,,,,,,,,,,,,,,,,,,,,,,,,,,,,,,,0,0,0,0,0,,,,,,,,,,,,,,,,,,,,,,,,,,,,,,
232,334004,10,15,0,0,0,0,0,0,0,0,32014,32015,331300,331301,334005,,,,,,,,,,,,,,,,,,,,,,,,,,,,,,,4,4,4,4,1,,,,,,,,,,,,,,,,,,,,,,,,,,,,,,,0,0,0,0,0,,,,,,,,,,,,,,,,,,,,,,,,,,,,,,
233,334004,10,16,0,0,0,0,0,0,0,0,32014,32015,331300,331301,334005,,,,,,,,,,,,,,,,,,,,,,,,,,,,,,,4,4,4,4,1,,,,,,,,,,,,,,,,,,,,,,,,,,,,,,,0,0,0,0,0,,,,,,,,,,,,,,,,,,,,,,,,,,,,,,
234,334004,10,18,0,0,0,0,0,0,0,0,32014,32015,331300,331301,334005,,,,,,,,,,,,,,,,,,,,,,,,,,,,,,,4,4,4,4,1,,,,,,,,,,,,,,,,,,,,,,,,,,,,,,,0,0,0,0,0,,,,,,,,,,,,,,,,,,,,,,,,,,,,,,
235,334004,11,15,0,0,0,0,0,0,0,0,32014,32015,331300,331301,334005,,,,,,,,,,,,,,,,,,,,,,,,,,,,,,,4,4,4,4,1,,,,,,,,,,,,,,,,,,,,,,,,,,,,,,,0,0,0,0,0,,,,,,,,,,,,,,,,,,,,,,,,,,,,,,
236,334004,11,16,0,0,0,0,0,0,0,0,32014,32015,331300,331301,334005,,,,,,,,,,,,,,,,,,,,,,,,,,,,,,,4,4,4,4,1,,,,,,,,,,,,,,,,,,,,,,,,,,,,,,,0,0,0,0,0,,,,,,,,,,,,,,,,,,,,,,,,,,,,,,
237,334004,11,18,0,0,0,0,0,0,0,0,32014,32015,331300,331301,334005,,,,,,,,,,,,,,,,,,,,,,,,,,,,,,,4,4,4,4,1,,,,,,,,,,,,,,,,,,,,,,,,,,,,,,,0,0,0,0,0,,,,,,,,,,,,,,,,,,,,,,,,,,,,,,
238,334004,12,15,0,0,0,0,0,0,0,0,32014,32015,331300,331301,334005,,,,,,,,,,,,,,,,,,,,,,,,,,,,,,,4,4,4,4,1,,,,,,,,,,,,,,,,,,,,,,,,,,,,,,,0,0,0,0,0,,,,,,,,,,,,,,,,,,,,,,,,,,,,,,
239,334004,12,16,0,0,0,0,0,0,0,0,32014,32015,331300,331301,334005,,,,,,,,,,,,,,,,,,,,,,,,,,,,,,,4,4,4,4,1,,,,,,,,,,,,,,,,,,,,,,,,,,,,,,,0,0,0,0,0,,,,,,,,,,,,,,,,,,,,,,,,,,,,,,
240,334004,12,18,0,0,0,0,0,0,0,0,32014,32015,331300,331301,334005,,,,,,,,,,,,,,,,,,,,,,,,,,,,,,,4,4,4,4,1,,,,,,,,,,,,,,,,,,,,,,,,,,,,,,,0,0,0,0,0,,,,,,,,,,,,,,,,,,,,,,,,,,,,,,
241,334004,13,13,0,0,0,0,0,0,0,0,32014,32015,331300,331301,334005,,,,,,,,,,,,,,,,,,,,,,,,,,,,,,,4,4,4,4,1,,,,,,,,,,,,,,,,,,,,,,,,,,,,,,,0,0,0,0,0,,,,,,,,,,,,,,,,,,,,,,,,,,,,,,
242,334004,13,14,0,0,0,0,0,0,0,0,32014,32015,331300,331301,334005,,,,,,,,,,,,,,,,,,,,,,,,,,,,,,,4,4,4,4,1,,,,,,,,,,,,,,,,,,,,,,,,,,,,,,,0,0,0,0,0,,,,,,,,,,,,,,,,,,,,,,,,,,,,,,
243,334004,13,17,0,0,0,0,0,0,0,0,32014,32015,331300,331301,334005,,,,,,,,,,,,,,,,,,,,,,,,,,,,,,,4,4,4,4,1,,,,,,,,,,,,,,,,,,,,,,,,,,,,,,,0,0,0,0,0,,,,,,,,,,,,,,,,,,,,,,,,,,,,,,
244,334004,14,13,0,0,0,0,0,0,0,0,32014,32015,331300,331301,334005,,,,,,,,,,,,,,,,,,,,,,,,,,,,,,,4,4,4,4,1,,,,,,,,,,,,,,,,,,,,,,,,,,,,,,,0,0,0,0,0,,,,,,,,,,,,,,,,,,,,,,,,,,,,,,
245,334004,14,14,0,0,0,0,0,0,0,0,32014,32015,331300,331301,334005,,,,,,,,,,,,,,,,,,,,,,,,,,,,,,,4,4,4,4,1,,,,,,,,,,,,,,,,,,,,,,,,,,,,,,,0,0,0,0,0,,,,,,,,,,,,,,,,,,,,,,,,,,,,,,
246,334004,14,17,0,0,0,0,0,0,0,0,32014,32015,331300,331301,334005,,,,,,,,,,,,,,,,,,,,,,,,,,,,,,,4,4,4,4,1,,,,,,,,,,,,,,,,,,,,,,,,,,,,,,,0,0,0,0,0,,,,,,,,,,,,,,,,,,,,,,,,,,,,,,
247,334004,15,13,0,0,0,0,0,0,0,0,32014,32015,331300,331301,334005,,,,,,,,,,,,,,,,,,,,,,,,,,,,,,,4,4,4,4,1,,,,,,,,,,,,,,,,,,,,,,,,,,,,,,,0,0,0,0,0,,,,,,,,,,,,,,,,,,,,,,,,,,,,,,
248,334004,15,14,0,0,0,0,0,0,0,0,32014,32015,331300,331301,334005,,,,,,,,,,,,,,,,,,,,,,,,,,,,,,,4,4,4,4,1,,,,,,,,,,,,,,,,,,,,,,,,,,,,,,,0,0,0,0,0,,,,,,,,,,,,,,,,,,,,,,,,,,,,,,
249,334004,15,17,0,0,0,0,0,0,0,0,32014,32015,331300,331301,334005,,,,,,,,,,,,,,,,,,,,,,,,,,,,,,,4,4,4,4,1,,,,,,,,,,,,,,,,,,,,,,,,,,,,,,,0,0,0,0,0,,,,,,,,,,,,,,,,,,,,,,,,,,,,,,
250,334004,16,13,0,0,0,0,0,0,0,0,32014,32015,331300,331301,334005,,,,,,,,,,,,,,,,,,,,,,,,,,,,,,,4,4,4,4,1,,,,,,,,,,,,,,,,,,,,,,,,,,,,,,,0,0,0,0,0,,,,,,,,,,,,,,,,,,,,,,,,,,,,,,
251,334004,16,14,0,0,0,0,0,0,0,0,32014,32015,331300,331301,334005,,,,,,,,,,,,,,,,,,,,,,,,,,,,,,,4,4,4,4,1,,,,,,,,,,,,,,,,,,,,,,,,,,,,,,,0,0,0,0,0,,,,,,,,,,,,,,,,,,,,,,,,,,,,,,
252,334004,16,17,0,0,0,0,0,0,0,0,32014,32015,331300,331301,334005,,,,,,,,,,,,,,,,,,,,,,,,,,,,,,,4,4,4,4,1,,,,,,,,,,,,,,,,,,,,,,,,,,,,,,,0,0,0,0,0,,,,,,,,,,,,,,,,,,,,,,,,,,,,,,
253,334004,17,13,0,0,0,0,0,0,0,0,32014,32015,331300,331301,334005,,,,,,,,,,,,,,,,,,,,,,,,,,,,,,,4,4,4,4,1,,,,,,,,,,,,,,,,,,,,,,,,,,,,,,,0,0,0,0,0,,,,,,,,,,,,,,,,,,,,,,,,,,,,,,
254,334004,17,14,0,0,0,0,0,0,0,0,32014,32015,331300,331301,334005,,,,,,,,,,,,,,,,,,,,,,,,,,,,,,,4,4,4,4,1,,,,,,,,,,,,,,,,,,,,,,,,,,,,,,,0,0,0,0,0,,,,,,,,,,,,,,,,,,,,,,,,,,,,,,
255,334004,17,17,0,0,0,0,0,0,0,0,32014,32015,331300,331301,334005,,,,,,,,,,,,,,,,,,,,,,,,,,,,,,,4,4,4,4,1,,,,,,,,,,,,,,,,,,,,,,,,,,,,,,,0,0,0,0,0,,,,,,,,,,,,,,,,,,,,,,,,,,,,,,
256,334005,1,11,0,0,0,0,0,0,0,0,32014,32015,331300,331301,334006,,,,,,,,,,,,,,,,,,,,,,,,,,,,,,,5,5,5,5,1,,,,,,,,,,,,,,,,,,,,,,,,,,,,,,,0,0,0,0,0,,,,,,,,,,,,,,,,,,,,,,,,,,,,,,
257,334005,1,12,0,0,0,0,0,0,0,0,32014,32015,331300,331301,334006,,,,,,,,,,,,,,,,,,,,,,,,,,,,,,,5,5,5,5,1,,,,,,,,,,,,,,,,,,,,,,,,,,,,,,,0,0,0,0,0,,,,,,,,,,,,,,,,,,,,,,,,,,,,,,
258,334005,1,19,0,0,0,0,0,0,0,0,32014,32015,331300,331301,334006,,,,,,,,,,,,,,,,,,,,,,,,,,,,,,,5,5,5,5,1,,,,,,,,,,,,,,,,,,,,,,,,,,,,,,,0,0,0,0,0,,,,,,,,,,,,,,,,,,,,,,,,,,,,,,
259,334005,2,11,0,0,0,0,0,0,0,0,32014,32015,331300,331301,334006,,,,,,,,,,,,,,,,,,,,,,,,,,,,,,,5,5,5,5,1,,,,,,,,,,,,,,,,,,,,,,,,,,,,,,,0,0,0,0,0,,,,,,,,,,,,,,,,,,,,,,,,,,,,,,
260,334005,2,12,0,0,0,0,0,0,0,0,32014,32015,331300,331301,334006,,,,,,,,,,,,,,,,,,,,,,,,,,,,,,,5,5,5,5,1,,,,,,,,,,,,,,,,,,,,,,,,,,,,,,,0,0,0,0,0,,,,,,,,,,,,,,,,,,,,,,,,,,,,,,
261,334005,2,19,0,0,0,0,0,0,0,0,32014,32015,331300,331301,334006,,,,,,,,,,,,,,,,,,,,,,,,,,,,,,,5,5,5,5,1,,,,,,,,,,,,,,,,,,,,,,,,,,,,,,,0,0,0,0,0,,,,,,,,,,,,,,,,,,,,,,,,,,,,,,
262,334005,3,11,0,0,0,0,0,0,0,0,32014,32015,331300,331301,334006,,,,,,,,,,,,,,,,,,,,,,,,,,,,,,,5,5,5,5,1,,,,,,,,,,,,,,,,,,,,,,,,,,,,,,,0,0,0,0,0,,,,,,,,,,,,,,,,,,,,,,,,,,,,,,
263,334005,3,12,0,0,0,0,0,0,0,0,32014,32015,331300,331301,334006,,,,,,,,,,,,,,,,,,,,,,,,,,,,,,,5,5,5,5,1,,,,,,,,,,,,,,,,,,,,,,,,,,,,,,,0,0,0,0,0,,,,,,,,,,,,,,,,,,,,,,,,,,,,,,
264,334005,3,19,0,0,0,0,0,0,0,0,32014,32015,331300,331301,334006,,,,,,,,,,,,,,,,,,,,,,,,,,,,,,,5,5,5,5,1,,,,,,,,,,,,,,,,,,,,,,,,,,,,,,,0,0,0,0,0,,,,,,,,,,,,,,,,,,,,,,,,,,,,,,
265,334005,4,11,0,0,0,0,0,0,0,0,32014,32015,331300,331301,334006,,,,,,,,,,,,,,,,,,,,,,,,,,,,,,,5,5,5,5,1,,,,,,,,,,,,,,,,,,,,,,,,,,,,,,,0,0,0,0,0,,,,,,,,,,,,,,,,,,,,,,,,,,,,,,
266,334005,4,12,0,0,0,0,0,0,0,0,32014,32015,331300,331301,334006,,,,,,,,,,,,,,,,,,,,,,,,,,,,,,,5,5,5,5,1,,,,,,,,,,,,,,,,,,,,,,,,,,,,,,,0,0,0,0,0,,,,,,,,,,,,,,,,,,,,,,,,,,,,,,
267,334005,4,19,0,0,0,0,0,0,0,0,32014,32015,331300,331301,334006,,,,,,,,,,,,,,,,,,,,,,,,,,,,,,,5,5,5,5,1,,,,,,,,,,,,,,,,,,,,,,,,,,,,,,,0,0,0,0,0,,,,,,,,,,,,,,,,,,,,,,,,,,,,,,
268,334005,5,11,0,0,0,0,0,0,0,0,32014,32015,331300,331301,334006,,,,,,,,,,,,,,,,,,,,,,,,,,,,,,,5,5,5,5,1,,,,,,,,,,,,,,,,,,,,,,,,,,,,,,,0,0,0,0,0,,,,,,,,,,,,,,,,,,,,,,,,,,,,,,
269,334005,5,12,0,0,0,0,0,0,0,0,32014,32015,331300,331301,334006,,,,,,,,,,,,,,,,,,,,,,,,,,,,,,,5,5,5,5,1,,,,,,,,,,,,,,,,,,,,,,,,,,,,,,,0,0,0,0,0,,,,,,,,,,,,,,,,,,,,,,,,,,,,,,
270,334005,5,19,0,0,0,0,0,0,0,0,32014,32015,331300,331301,334006,,,,,,,,,,,,,,,,,,,,,,,,,,,,,,,5,5,5,5,1,,,,,,,,,,,,,,,,,,,,,,,,,,,,,,,0,0,0,0,0,,,,,,,,,,,,,,,,,,,,,,,,,,,,,,
271,334005,6,11,0,0,0,0,0,0,0,0,32014,32015,331300,331301,334006,,,,,,,,,,,,,,,,,,,,,,,,,,,,,,,5,5,5,5,1,,,,,,,,,,,,,,,,,,,,,,,,,,,,,,,0,0,0,0,0,,,,,,,,,,,,,,,,,,,,,,,,,,,,,,
272,334005,6,12,0,0,0,0,0,0,0,0,32014,32015,331300,331301,334006,,,,,,,,,,,,,,,,,,,,,,,,,,,,,,,5,5,5,5,1,,,,,,,,,,,,,,,,,,,,,,,,,,,,,,,0,0,0,0,0,,,,,,,,,,,,,,,,,,,,,,,,,,,,,,
273,334005,6,19,0,0,0,0,0,0,0,0,32014,32015,331300,331301,334006,,,,,,,,,,,,,,,,,,,,,,,,,,,,,,,5,5,5,5,1,,,,,,,,,,,,,,,,,,,,,,,,,,,,,,,0,0,0,0,0,,,,,,,,,,,,,,,,,,,,,,,,,,,,,,
274,334005,7,15,0,0,0,0,0,0,0,0,32014,32015,331300,331301,334006,,,,,,,,,,,,,,,,,,,,,,,,,,,,,,,5,5,5,5,1,,,,,,,,,,,,,,,,,,,,,,,,,,,,,,,0,0,0,0,0,,,,,,,,,,,,,,,,,,,,,,,,,,,,,,
275,334005,7,16,0,0,0,0,0,0,0,0,32014,32015,331300,331301,334006,,,,,,,,,,,,,,,,,,,,,,,,,,,,,,,5,5,5,5,1,,,,,,,,,,,,,,,,,,,,,,,,,,,,,,,0,0,0,0,0,,,,,,,,,,,,,,,,,,,,,,,,,,,,,,
276,334005,7,18,0,0,0,0,0,0,0,0,32014,32015,331300,331301,334006,,,,,,,,,,,,,,,,,,,,,,,,,,,,,,,5,5,5,5,1,,,,,,,,,,,,,,,,,,,,,,,,,,,,,,,0,0,0,0,0,,,,,,,,,,,,,,,,,,,,,,,,,,,,,,
277,334005,8,15,0,0,0,0,0,0,0,0,32014,32015,331300,331301,334006,,,,,,,,,,,,,,,,,,,,,,,,,,,,,,,5,5,5,5,1,,,,,,,,,,,,,,,,,,,,,,,,,,,,,,,0,0,0,0,0,,,,,,,,,,,,,,,,,,,,,,,,,,,,,,
278,334005,8,16,0,0,0,0,0,0,0,0,32014,32015,331300,331301,334006,,,,,,,,,,,,,,,,,,,,,,,,,,,,,,,5,5,5,5,1,,,,,,,,,,,,,,,,,,,,,,,,,,,,,,,0,0,0,0,0,,,,,,,,,,,,,,,,,,,,,,,,,,,,,,
279,334005,8,18,0,0,0,0,0,0,0,0,32014,32015,331300,331301,334006,,,,,,,,,,,,,,,,,,,,,,,,,,,,,,,5,5,5,5,1,,,,,,,,,,,,,,,,,,,,,,,,,,,,,,,0,0,0,0,0,,,,,,,,,,,,,,,,,,,,,,,,,,,,,,
280,334005,9,15,0,0,0,0,0,0,0,0,32014,32015,331300,331301,334006,,,,,,,,,,,,,,,,,,,,,,,,,,,,,,,5,5,5,5,1,,,,,,,,,,,,,,,,,,,,,,,,,,,,,,,0,0,0,0,0,,,,,,,,,,,,,,,,,,,,,,,,,,,,,,
281,334005,9,16,0,0,0,0,0,0,0,0,32014,32015,331300,331301,334006,,,,,,,,,,,,,,,,,,,,,,,,,,,,,,,5,5,5,5,1,,,,,,,,,,,,,,,,,,,,,,,,,,,,,,,0,0,0,0,0,,,,,,,,,,,,,,,,,,,,,,,,,,,,,,
282,334005,9,18,0,0,0,0,0,0,0,0,32014,32015,331300,331301,334006,,,,,,,,,,,,,,,,,,,,,,,,,,,,,,,5,5,5,5,1,,,,,,,,,,,,,,,,,,,,,,,,,,,,,,,0,0,0,0,0,,,,,,,,,,,,,,,,,,,,,,,,,,,,,,
283,334005,10,15,0,0,0,0,0,0,0,0,32014,32015,331300,331301,334006,,,,,,,,,,,,,,,,,,,,,,,,,,,,,,,5,5,5,5,1,,,,,,,,,,,,,,,,,,,,,,,,,,,,,,,0,0,0,0,0,,,,,,,,,,,,,,,,,,,,,,,,,,,,,,
284,334005,10,16,0,0,0,0,0,0,0,0,32014,32015,331300,331301,334006,,,,,,,,,,,,,,,,,,,,,,,,,,,,,,,5,5,5,5,1,,,,,,,,,,,,,,,,,,,,,,,,,,,,,,,0,0,0,0,0,,,,,,,,,,,,,,,,,,,,,,,,,,,,,,
285,334005,10,18,0,0,0,0,0,0,0,0,32014,32015,331300,331301,334006,,,,,,,,,,,,,,,,,,,,,,,,,,,,,,,5,5,5,5,1,,,,,,,,,,,,,,,,,,,,,,,,,,,,,,,0,0,0,0,0,,,,,,,,,,,,,,,,,,,,,,,,,,,,,,
286,334005,11,15,0,0,0,0,0,0,0,0,32014,32015,331300,331301,334006,,,,,,,,,,,,,,,,,,,,,,,,,,,,,,,5,5,5,5,1,,,,,,,,,,,,,,,,,,,,,,,,,,,,,,,0,0,0,0,0,,,,,,,,,,,,,,,,,,,,,,,,,,,,,,
287,334005,11,16,0,0,0,0,0,0,0,0,32014,32015,331300,331301,334006,,,,,,,,,,,,,,,,,,,,,,,,,,,,,,,5,5,5,5,1,,,,,,,,,,,,,,,,,,,,,,,,,,,,,,,0,0,0,0,0,,,,,,,,,,,,,,,,,,,,,,,,,,,,,,
288,334005,11,18,0,0,0,0,0,0,0,0,32014,32015,331300,331301,334006,,,,,,,,,,,,,,,,,,,,,,,,,,,,,,,5,5,5,5,1,,,,,,,,,,,,,,,,,,,,,,,,,,,,,,,0,0,0,0,0,,,,,,,,,,,,,,,,,,,,,,,,,,,,,,
289,334005,12,15,0,0,0,0,0,0,0,0,32014,32015,331300,331301,334006,,,,,,,,,,,,,,,,,,,,,,,,,,,,,,,5,5,5,5,1,,,,,,,,,,,,,,,,,,,,,,,,,,,,,,,0,0,0,0,0,,,,,,,,,,,,,,,,,,,,,,,,,,,,,,
290,334005,12,16,0,0,0,0,0,0,0,0,32014,32015,331300,331301,334006,,,,,,,,,,,,,,,,,,,,,,,,,,,,,,,5,5,5,5,1,,,,,,,,,,,,,,,,,,,,,,,,,,,,,,,0,0,0,0,0,,,,,,,,,,,,,,,,,,,,,,,,,,,,,,
291,334005,12,18,0,0,0,0,0,0,0,0,32014,32015,331300,331301,334006,,,,,,,,,,,,,,,,,,,,,,,,,,,,,,,5,5,5,5,1,,,,,,,,,,,,,,,,,,,,,,,,,,,,,,,0,0,0,0,0,,,,,,,,,,,,,,,,,,,,,,,,,,,,,,
292,334005,13,13,0,0,0,0,0,0,0,0,32014,32015,331300,331301,334006,,,,,,,,,,,,,,,,,,,,,,,,,,,,,,,5,5,5,5,1,,,,,,,,,,,,,,,,,,,,,,,,,,,,,,,0,0,0,0,0,,,,,,,,,,,,,,,,,,,,,,,,,,,,,,
293,334005,13,14,0,0,0,0,0,0,0,0,32014,32015,331300,331301,334006,,,,,,,,,,,,,,,,,,,,,,,,,,,,,,,5,5,5,5,1,,,,,,,,,,,,,,,,,,,,,,,,,,,,,,,0,0,0,0,0,,,,,,,,,,,,,,,,,,,,,,,,,,,,,,
294,334005,13,17,0,0,0,0,0,0,0,0,32014,32015,331300,331301,334006,,,,,,,,,,,,,,,,,,,,,,,,,,,,,,,5,5,5,5,1,,,,,,,,,,,,,,,,,,,,,,,,,,,,,,,0,0,0,0,0,,,,,,,,,,,,,,,,,,,,,,,,,,,,,,
295,334005,14,13,0,0,0,0,0,0,0,0,32014,32015,331300,331301,334006,,,,,,,,,,,,,,,,,,,,,,,,,,,,,,,5,5,5,5,1,,,,,,,,,,,,,,,,,,,,,,,,,,,,,,,0,0,0,0,0,,,,,,,,,,,,,,,,,,,,,,,,,,,,,,
296,334005,14,14,0,0,0,0,0,0,0,0,32014,32015,331300,331301,334006,,,,,,,,,,,,,,,,,,,,,,,,,,,,,,,5,5,5,5,1,,,,,,,,,,,,,,,,,,,,,,,,,,,,,,,0,0,0,0,0,,,,,,,,,,,,,,,,,,,,,,,,,,,,,,
297,334005,14,17,0,0,0,0,0,0,0,0,32014,32015,331300,331301,334006,,,,,,,,,,,,,,,,,,,,,,,,,,,,,,,5,5,5,5,1,,,,,,,,,,,,,,,,,,,,,,,,,,,,,,,0,0,0,0,0,,,,,,,,,,,,,,,,,,,,,,,,,,,,,,
298,334005,15,13,0,0,0,0,0,0,0,0,32014,32015,331300,331301,334006,,,,,,,,,,,,,,,,,,,,,,,,,,,,,,,5,5,5,5,1,,,,,,,,,,,,,,,,,,,,,,,,,,,,,,,0,0,0,0,0,,,,,,,,,,,,,,,,,,,,,,,,,,,,,,
299,334005,15,14,0,0,0,0,0,0,0,0,32014,32015,331300,331301,334006,,,,,,,,,,,,,,,,,,,,,,,,,,,,,,,5,5,5,5,1,,,,,,,,,,,,,,,,,,,,,,,,,,,,,,,0,0,0,0,0,,,,,,,,,,,,,,,,,,,,,,,,,,,,,,
300,334005,15,17,0,0,0,0,0,0,0,0,32014,32015,331300,331301,334006,,,,,,,,,,,,,,,,,,,,,,,,,,,,,,,5,5,5,5,1,,,,,,,,,,,,,,,,,,,,,,,,,,,,,,,0,0,0,0,0,,,,,,,,,,,,,,,,,,,,,,,,,,,,,,
301,334005,16,13,0,0,0,0,0,0,0,0,32014,32015,331300,331301,334006,,,,,,,,,,,,,,,,,,,,,,,,,,,,,,,5,5,5,5,1,,,,,,,,,,,,,,,,,,,,,,,,,,,,,,,0,0,0,0,0,,,,,,,,,,,,,,,,,,,,,,,,,,,,,,
302,334005,16,14,0,0,0,0,0,0,0,0,32014,32015,331300,331301,334006,,,,,,,,,,,,,,,,,,,,,,,,,,,,,,,5,5,5,5,1,,,,,,,,,,,,,,,,,,,,,,,,,,,,,,,0,0,0,0,0,,,,,,,,,,,,,,,,,,,,,,,,,,,,,,
303,334005,16,17,0,0,0,0,0,0,0,0,32014,32015,331300,331301,334006,,,,,,,,,,,,,,,,,,,,,,,,,,,,,,,5,5,5,5,1,,,,,,,,,,,,,,,,,,,,,,,,,,,,,,,0,0,0,0,0,,,,,,,,,,,,,,,,,,,,,,,,,,,,,,
304,334005,17,13,0,0,0,0,0,0,0,0,32014,32015,331300,331301,334006,,,,,,,,,,,,,,,,,,,,,,,,,,,,,,,5,5,5,5,1,,,,,,,,,,,,,,,,,,,,,,,,,,,,,,,0,0,0,0,0,,,,,,,,,,,,,,,,,,,,,,,,,,,,,,
305,334005,17,14,0,0,0,0,0,0,0,0,32014,32015,331300,331301,334006,,,,,,,,,,,,,,,,,,,,,,,,,,,,,,,5,5,5,5,1,,,,,,,,,,,,,,,,,,,,,,,,,,,,,,,0,0,0,0,0,,,,,,,,,,,,,,,,,,,,,,,,,,,,,,
306,334005,17,17,0,0,0,0,0,0,0,0,32014,32015,331300,331301,334006,,,,,,,,,,,,,,,,,,,,,,,,,,,,,,,5,5,5,5,1,,,,,,,,,,,,,,,,,,,,,,,,,,,,,,,0,0,0,0,0,,,,,,,,,,,,,,,,,,,,,,,,,,,,,,
307,334006,1,11,0,0,0,0,0,0,0,0,32014,32015,331300,331301,334007,,,,,,,,,,,,,,,,,,,,,,,,,,,,,,,6,6,6,6,1,,,,,,,,,,,,,,,,,,,,,,,,,,,,,,,0,0,0,0,0,,,,,,,,,,,,,,,,,,,,,,,,,,,,,,
308,334006,1,12,0,0,0,0,0,0,0,0,32014,32015,331300,331301,334007,,,,,,,,,,,,,,,,,,,,,,,,,,,,,,,6,6,6,6,1,,,,,,,,,,,,,,,,,,,,,,,,,,,,,,,0,0,0,0,0,,,,,,,,,,,,,,,,,,,,,,,,,,,,,,
309,334006,1,19,0,0,0,0,0,0,0,0,32014,32015,331300,331301,334007,,,,,,,,,,,,,,,,,,,,,,,,,,,,,,,6,6,6,6,1,,,,,,,,,,,,,,,,,,,,,,,,,,,,,,,0,0,0,0,0,,,,,,,,,,,,,,,,,,,,,,,,,,,,,,
310,334006,2,11,0,0,0,0,0,0,0,0,32014,32015,331300,331301,334007,,,,,,,,,,,,,,,,,,,,,,,,,,,,,,,6,6,6,6,1,,,,,,,,,,,,,,,,,,,,,,,,,,,,,,,0,0,0,0,0,,,,,,,,,,,,,,,,,,,,,,,,,,,,,,
311,334006,2,12,0,0,0,0,0,0,0,0,32014,32015,331300,331301,334007,,,,,,,,,,,,,,,,,,,,,,,,,,,,,,,6,6,6,6,1,,,,,,,,,,,,,,,,,,,,,,,,,,,,,,,0,0,0,0,0,,,,,,,,,,,,,,,,,,,,,,,,,,,,,,
312,334006,2,19,0,0,0,0,0,0,0,0,32014,32015,331300,331301,334007,,,,,,,,,,,,,,,,,,,,,,,,,,,,,,,6,6,6,6,1,,,,,,,,,,,,,,,,,,,,,,,,,,,,,,,0,0,0,0,0,,,,,,,,,,,,,,,,,,,,,,,,,,,,,,
313,334006,3,11,0,0,0,0,0,0,0,0,32014,32015,331300,331301,334007,,,,,,,,,,,,,,,,,,,,,,,,,,,,,,,6,6,6,6,1,,,,,,,,,,,,,,,,,,,,,,,,,,,,,,,0,0,0,0,0,,,,,,,,,,,,,,,,,,,,,,,,,,,,,,
314,334006,3,12,0,0,0,0,0,0,0,0,32014,32015,331300,331301,334007,,,,,,,,,,,,,,,,,,,,,,,,,,,,,,,6,6,6,6,1,,,,,,,,,,,,,,,,,,,,,,,,,,,,,,,0,0,0,0,0,,,,,,,,,,,,,,,,,,,,,,,,,,,,,,
315,334006,3,19,0,0,0,0,0,0,0,0,32014,32015,331300,331301,334007,,,,,,,,,,,,,,,,,,,,,,,,,,,,,,,6,6,6,6,1,,,,,,,,,,,,,,,,,,,,,,,,,,,,,,,0,0,0,0,0,,,,,,,,,,,,,,,,,,,,,,,,,,,,,,
316,334006,4,11,0,0,0,0,0,0,0,0,32014,32015,331300,331301,334007,,,,,,,,,,,,,,,,,,,,,,,,,,,,,,,6,6,6,6,1,,,,,,,,,,,,,,,,,,,,,,,,,,,,,,,0,0,0,0,0,,,,,,,,,,,,,,,,,,,,,,,,,,,,,,
317,334006,4,12,0,0,0,0,0,0,0,0,32014,32015,331300,331301,334007,,,,,,,,,,,,,,,,,,,,,,,,,,,,,,,6,6,6,6,1,,,,,,,,,,,,,,,,,,,,,,,,,,,,,,,0,0,0,0,0,,,,,,,,,,,,,,,,,,,,,,,,,,,,,,
318,334006,4,19,0,0,0,0,0,0,0,0,32014,32015,331300,331301,334007,,,,,,,,,,,,,,,,,,,,,,,,,,,,,,,6,6,6,6,1,,,,,,,,,,,,,,,,,,,,,,,,,,,,,,,0,0,0,0,0,,,,,,,,,,,,,,,,,,,,,,,,,,,,,,
319,334006,5,11,0,0,0,0,0,0,0,0,32014,32015,331300,331301,334007,,,,,,,,,,,,,,,,,,,,,,,,,,,,,,,6,6,6,6,1,,,,,,,,,,,,,,,,,,,,,,,,,,,,,,,0,0,0,0,0,,,,,,,,,,,,,,,,,,,,,,,,,,,,,,
320,334006,5,12,0,0,0,0,0,0,0,0,32014,32015,331300,331301,334007,,,,,,,,,,,,,,,,,,,,,,,,,,,,,,,6,6,6,6,1,,,,,,,,,,,,,,,,,,,,,,,,,,,,,,,0,0,0,0,0,,,,,,,,,,,,,,,,,,,,,,,,,,,,,,
321,334006,5,19,0,0,0,0,0,0,0,0,32014,32015,331300,331301,334007,,,,,,,,,,,,,,,,,,,,,,,,,,,,,,,6,6,6,6,1,,,,,,,,,,,,,,,,,,,,,,,,,,,,,,,0,0,0,0,0,,,,,,,,,,,,,,,,,,,,,,,,,,,,,,
322,334006,6,11,0,0,0,0,0,0,0,0,32014,32015,331300,331301,334007,,,,,,,,,,,,,,,,,,,,,,,,,,,,,,,6,6,6,6,1,,,,,,,,,,,,,,,,,,,,,,,,,,,,,,,0,0,0,0,0,,,,,,,,,,,,,,,,,,,,,,,,,,,,,,
323,334006,6,12,0,0,0,0,0,0,0,0,32014,32015,331300,331301,334007,,,,,,,,,,,,,,,,,,,,,,,,,,,,,,,6,6,6,6,1,,,,,,,,,,,,,,,,,,,,,,,,,,,,,,,0,0,0,0,0,,,,,,,,,,,,,,,,,,,,,,,,,,,,,,
324,334006,6,19,0,0,0,0,0,0,0,0,32014,32015,331300,331301,334007,,,,,,,,,,,,,,,,,,,,,,,,,,,,,,,6,6,6,6,1,,,,,,,,,,,,,,,,,,,,,,,,,,,,,,,0,0,0,0,0,,,,,,,,,,,,,,,,,,,,,,,,,,,,,,
325,334006,7,15,0,0,0,0,0,0,0,0,32014,32015,331300,331301,334007,,,,,,,,,,,,,,,,,,,,,,,,,,,,,,,6,6,6,6,1,,,,,,,,,,,,,,,,,,,,,,,,,,,,,,,0,0,0,0,0,,,,,,,,,,,,,,,,,,,,,,,,,,,,,,
326,334006,7,16,0,0,0,0,0,0,0,0,32014,32015,331300,331301,334007,,,,,,,,,,,,,,,,,,,,,,,,,,,,,,,6,6,6,6,1,,,,,,,,,,,,,,,,,,,,,,,,,,,,,,,0,0,0,0,0,,,,,,,,,,,,,,,,,,,,,,,,,,,,,,
327,334006,7,18,0,0,0,0,0,0,0,0,32014,32015,331300,331301,334007,,,,,,,,,,,,,,,,,,,,,,,,,,,,,,,6,6,6,6,1,,,,,,,,,,,,,,,,,,,,,,,,,,,,,,,0,0,0,0,0,,,,,,,,,,,,,,,,,,,,,,,,,,,,,,
328,334006,8,15,0,0,0,0,0,0,0,0,32014,32015,331300,331301,334007,,,,,,,,,,,,,,,,,,,,,,,,,,,,,,,6,6,6,6,1,,,,,,,,,,,,,,,,,,,,,,,,,,,,,,,0,0,0,0,0,,,,,,,,,,,,,,,,,,,,,,,,,,,,,,
329,334006,8,16,0,0,0,0,0,0,0,0,32014,32015,331300,331301,334007,,,,,,,,,,,,,,,,,,,,,,,,,,,,,,,6,6,6,6,1,,,,,,,,,,,,,,,,,,,,,,,,,,,,,,,0,0,0,0,0,,,,,,,,,,,,,,,,,,,,,,,,,,,,,,
330,334006,8,18,0,0,0,0,0,0,0,0,32014,32015,331300,331301,334007,,,,,,,,,,,,,,,,,,,,,,,,,,,,,,,6,6,6,6,1,,,,,,,,,,,,,,,,,,,,,,,,,,,,,,,0,0,0,0,0,,,,,,,,,,,,,,,,,,,,,,,,,,,,,,
331,334006,9,15,0,0,0,0,0,0,0,0,32014,32015,331300,331301,334007,,,,,,,,,,,,,,,,,,,,,,,,,,,,,,,6,6,6,6,1,,,,,,,,,,,,,,,,,,,,,,,,,,,,,,,0,0,0,0,0,,,,,,,,,,,,,,,,,,,,,,,,,,,,,,
332,334006,9,16,0,0,0,0,0,0,0,0,32014,32015,331300,331301,334007,,,,,,,,,,,,,,,,,,,,,,,,,,,,,,,6,6,6,6,1,,,,,,,,,,,,,,,,,,,,,,,,,,,,,,,0,0,0,0,0,,,,,,,,,,,,,,,,,,,,,,,,,,,,,,
333,334006,9,18,0,0,0,0,0,0,0,0,32014,32015,331300,331301,334007,,,,,,,,,,,,,,,,,,,,,,,,,,,,,,,6,6,6,6,1,,,,,,,,,,,,,,,,,,,,,,,,,,,,,,,0,0,0,0,0,,,,,,,,,,,,,,,,,,,,,,,,,,,,,,
334,334006,10,15,0,0,0,0,0,0,0,0,32014,32015,331300,331301,334007,,,,,,,,,,,,,,,,,,,,,,,,,,,,,,,6,6,6,6,1,,,,,,,,,,,,,,,,,,,,,,,,,,,,,,,0,0,0,0,0,,,,,,,,,,,,,,,,,,,,,,,,,,,,,,
335,334006,10,16,0,0,0,0,0,0,0,0,32014,32015,331300,331301,334007,,,,,,,,,,,,,,,,,,,,,,,,,,,,,,,6,6,6,6,1,,,,,,,,,,,,,,,,,,,,,,,,,,,,,,,0,0,0,0,0,,,,,,,,,,,,,,,,,,,,,,,,,,,,,,
336,334006,10,18,0,0,0,0,0,0,0,0,32014,32015,331300,331301,334007,,,,,,,,,,,,,,,,,,,,,,,,,,,,,,,6,6,6,6,1,,,,,,,,,,,,,,,,,,,,,,,,,,,,,,,0,0,0,0,0,,,,,,,,,,,,,,,,,,,,,,,,,,,,,,
337,334006,11,15,0,0,0,0,0,0,0,0,32014,32015,331300,331301,334007,,,,,,,,,,,,,,,,,,,,,,,,,,,,,,,6,6,6,6,1,,,,,,,,,,,,,,,,,,,,,,,,,,,,,,,0,0,0,0,0,,,,,,,,,,,,,,,,,,,,,,,,,,,,,,
338,334006,11,16,0,0,0,0,0,0,0,0,32014,32015,331300,331301,334007,,,,,,,,,,,,,,,,,,,,,,,,,,,,,,,6,6,6,6,1,,,,,,,,,,,,,,,,,,,,,,,,,,,,,,,0,0,0,0,0,,,,,,,,,,,,,,,,,,,,,,,,,,,,,,
339,334006,11,18,0,0,0,0,0,0,0,0,32014,32015,331300,331301,334007,,,,,,,,,,,,,,,,,,,,,,,,,,,,,,,6,6,6,6,1,,,,,,,,,,,,,,,,,,,,,,,,,,,,,,,0,0,0,0,0,,,,,,,,,,,,,,,,,,,,,,,,,,,,,,
340,334006,12,15,0,0,0,0,0,0,0,0,32014,32015,331300,331301,334007,,,,,,,,,,,,,,,,,,,,,,,,,,,,,,,6,6,6,6,1,,,,,,,,,,,,,,,,,,,,,,,,,,,,,,,0,0,0,0,0,,,,,,,,,,,,,,,,,,,,,,,,,,,,,,
341,334006,12,16,0,0,0,0,0,0,0,0,32014,32015,331300,331301,334007,,,,,,,,,,,,,,,,,,,,,,,,,,,,,,,6,6,6,6,1,,,,,,,,,,,,,,,,,,,,,,,,,,,,,,,0,0,0,0,0,,,,,,,,,,,,,,,,,,,,,,,,,,,,,,
342,334006,12,18,0,0,0,0,0,0,0,0,32014,32015,331300,331301,334007,,,,,,,,,,,,,,,,,,,,,,,,,,,,,,,6,6,6,6,1,,,,,,,,,,,,,,,,,,,,,,,,,,,,,,,0,0,0,0,0,,,,,,,,,,,,,,,,,,,,,,,,,,,,,,
343,334006,13,13,0,0,0,0,0,0,0,0,32014,32015,331300,331301,334007,,,,,,,,,,,,,,,,,,,,,,,,,,,,,,,6,6,6,6,1,,,,,,,,,,,,,,,,,,,,,,,,,,,,,,,0,0,0,0,0,,,,,,,,,,,,,,,,,,,,,,,,,,,,,,
344,334006,13,14,0,0,0,0,0,0,0,0,32014,32015,331300,331301,334007,,,,,,,,,,,,,,,,,,,,,,,,,,,,,,,6,6,6,6,1,,,,,,,,,,,,,,,,,,,,,,,,,,,,,,,0,0,0,0,0,,,,,,,,,,,,,,,,,,,,,,,,,,,,,,
345,334006,13,17,0,0,0,0,0,0,0,0,32014,32015,331300,331301,334007,,,,,,,,,,,,,,,,,,,,,,,,,,,,,,,6,6,6,6,1,,,,,,,,,,,,,,,,,,,,,,,,,,,,,,,0,0,0,0,0,,,,,,,,,,,,,,,,,,,,,,,,,,,,,,
346,334006,14,13,0,0,0,0,0,0,0,0,32014,32015,331300,331301,334007,,,,,,,,,,,,,,,,,,,,,,,,,,,,,,,6,6,6,6,1,,,,,,,,,,,,,,,,,,,,,,,,,,,,,,,0,0,0,0,0,,,,,,,,,,,,,,,,,,,,,,,,,,,,,,
347,334006,14,14,0,0,0,0,0,0,0,0,32014,32015,331300,331301,334007,,,,,,,,,,,,,,,,,,,,,,,,,,,,,,,6,6,6,6,1,,,,,,,,,,,,,,,,,,,,,,,,,,,,,,,0,0,0,0,0,,,,,,,,,,,,,,,,,,,,,,,,,,,,,,
348,334006,14,17,0,0,0,0,0,0,0,0,32014,32015,331300,331301,334007,,,,,,,,,,,,,,,,,,,,,,,,,,,,,,,6,6,6,6,1,,,,,,,,,,,,,,,,,,,,,,,,,,,,,,,0,0,0,0,0,,,,,,,,,,,,,,,,,,,,,,,,,,,,,,
349,334006,15,13,0,0,0,0,0,0,0,0,32014,32015,331300,331301,334007,,,,,,,,,,,,,,,,,,,,,,,,,,,,,,,6,6,6,6,1,,,,,,,,,,,,,,,,,,,,,,,,,,,,,,,0,0,0,0,0,,,,,,,,,,,,,,,,,,,,,,,,,,,,,,
350,334006,15,14,0,0,0,0,0,0,0,0,32014,32015,331300,331301,334007,,,,,,,,,,,,,,,,,,,,,,,,,,,,,,,6,6,6,6,1,,,,,,,,,,,,,,,,,,,,,,,,,,,,,,,0,0,0,0,0,,,,,,,,,,,,,,,,,,,,,,,,,,,,,,
351,334006,15,17,0,0,0,0,0,0,0,0,32014,32015,331300,331301,334007,,,,,,,,,,,,,,,,,,,,,,,,,,,,,,,6,6,6,6,1,,,,,,,,,,,,,,,,,,,,,,,,,,,,,,,0,0,0,0,0,,,,,,,,,,,,,,,,,,,,,,,,,,,,,,
352,334006,16,13,0,0,0,0,0,0,0,0,32014,32015,331300,331301,334007,,,,,,,,,,,,,,,,,,,,,,,,,,,,,,,6,6,6,6,1,,,,,,,,,,,,,,,,,,,,,,,,,,,,,,,0,0,0,0,0,,,,,,,,,,,,,,,,,,,,,,,,,,,,,,
353,334006,16,14,0,0,0,0,0,0,0,0,32014,32015,331300,331301,334007,,,,,,,,,,,,,,,,,,,,,,,,,,,,,,,6,6,6,6,1,,,,,,,,,,,,,,,,,,,,,,,,,,,,,,,0,0,0,0,0,,,,,,,,,,,,,,,,,,,,,,,,,,,,,,
354,334006,16,17,0,0,0,0,0,0,0,0,32014,32015,331300,331301,334007,,,,,,,,,,,,,,,,,,,,,,,,,,,,,,,6,6,6,6,1,,,,,,,,,,,,,,,,,,,,,,,,,,,,,,,0,0,0,0,0,,,,,,,,,,,,,,,,,,,,,,,,,,,,,,
355,334006,17,13,0,0,0,0,0,0,0,0,32014,32015,331300,331301,334007,,,,,,,,,,,,,,,,,,,,,,,,,,,,,,,6,6,6,6,1,,,,,,,,,,,,,,,,,,,,,,,,,,,,,,,0,0,0,0,0,,,,,,,,,,,,,,,,,,,,,,,,,,,,,,
356,334006,17,14,0,0,0,0,0,0,0,0,32014,32015,331300,331301,334007,,,,,,,,,,,,,,,,,,,,,,,,,,,,,,,6,6,6,6,1,,,,,,,,,,,,,,,,,,,,,,,,,,,,,,,0,0,0,0,0,,,,,,,,,,,,,,,,,,,,,,,,,,,,,,
357,334006,17,17,0,0,0,0,0,0,0,0,32014,32015,331300,331301,334007,,,,,,,,,,,,,,,,,,,,,,,,,,,,,,,6,6,6,6,1,,,,,,,,,,,,,,,,,,,,,,,,,,,,,,,0,0,0,0,0,,,,,,,,,,,,,,,,,,,,,,,,,,,,,,
358,334007,1,11,0,0,0,0,0,0,0,0,710064,710065,337942,337943,334008,,,,,,,,,,,,,,,,,,,,,,,,,,,,,,,7,7,7,7,1,,,,,,,,,,,,,,,,,,,,,,,,,,,,,,,0,0,0,0,0,,,,,,,,,,,,,,,,,,,,,,,,,,,,,,
359,334007,1,12,0,0,0,0,0,0,0,0,710064,710065,337942,337943,334008,,,,,,,,,,,,,,,,,,,,,,,,,,,,,,,7,7,7,7,1,,,,,,,,,,,,,,,,,,,,,,,,,,,,,,,0,0,0,0,0,,,,,,,,,,,,,,,,,,,,,,,,,,,,,,
360,334007,1,19,0,0,0,0,0,0,0,0,710064,710065,337942,337943,334008,,,,,,,,,,,,,,,,,,,,,,,,,,,,,,,7,7,7,7,1,,,,,,,,,,,,,,,,,,,,,,,,,,,,,,,0,0,0,0,0,,,,,,,,,,,,,,,,,,,,,,,,,,,,,,
361,334007,2,11,0,0,0,0,0,0,0,0,710064,710065,337942,337943,334008,,,,,,,,,,,,,,,,,,,,,,,,,,,,,,,7,7,7,7,1,,,,,,,,,,,,,,,,,,,,,,,,,,,,,,,0,0,0,0,0,,,,,,,,,,,,,,,,,,,,,,,,,,,,,,
362,334007,2,12,0,0,0,0,0,0,0,0,710064,710065,337942,337943,334008,,,,,,,,,,,,,,,,,,,,,,,,,,,,,,,7,7,7,7,1,,,,,,,,,,,,,,,,,,,,,,,,,,,,,,,0,0,0,0,0,,,,,,,,,,,,,,,,,,,,,,,,,,,,,,
363,334007,2,19,0,0,0,0,0,0,0,0,710064,710065,337942,337943,334008,,,,,,,,,,,,,,,,,,,,,,,,,,,,,,,7,7,7,7,1,,,,,,,,,,,,,,,,,,,,,,,,,,,,,,,0,0,0,0,0,,,,,,,,,,,,,,,,,,,,,,,,,,,,,,
364,334007,3,11,0,0,0,0,0,0,0,0,710064,710065,337942,337943,334008,,,,,,,,,,,,,,,,,,,,,,,,,,,,,,,7,7,7,7,1,,,,,,,,,,,,,,,,,,,,,,,,,,,,,,,0,0,0,0,0,,,,,,,,,,,,,,,,,,,,,,,,,,,,,,
365,334007,3,12,0,0,0,0,0,0,0,0,710064,710065,337942,337943,334008,,,,,,,,,,,,,,,,,,,,,,,,,,,,,,,7,7,7,7,1,,,,,,,,,,,,,,,,,,,,,,,,,,,,,,,0,0,0,0,0,,,,,,,,,,,,,,,,,,,,,,,,,,,,,,
366,334007,3,19,0,0,0,0,0,0,0,0,710064,710065,337942,337943,334008,,,,,,,,,,,,,,,,,,,,,,,,,,,,,,,7,7,7,7,1,,,,,,,,,,,,,,,,,,,,,,,,,,,,,,,0,0,0,0,0,,,,,,,,,,,,,,,,,,,,,,,,,,,,,,
367,334007,4,11,0,0,0,0,0,0,0,0,710064,710065,337942,337943,334008,,,,,,,,,,,,,,,,,,,,,,,,,,,,,,,7,7,7,7,1,,,,,,,,,,,,,,,,,,,,,,,,,,,,,,,0,0,0,0,0,,,,,,,,,,,,,,,,,,,,,,,,,,,,,,
368,334007,4,12,0,0,0,0,0,0,0,0,710064,710065,337942,337943,334008,,,,,,,,,,,,,,,,,,,,,,,,,,,,,,,7,7,7,7,1,,,,,,,,,,,,,,,,,,,,,,,,,,,,,,,0,0,0,0,0,,,,,,,,,,,,,,,,,,,,,,,,,,,,,,
369,334007,4,19,0,0,0,0,0,0,0,0,710064,710065,337942,337943,334008,,,,,,,,,,,,,,,,,,,,,,,,,,,,,,,7,7,7,7,1,,,,,,,,,,,,,,,,,,,,,,,,,,,,,,,0,0,0,0,0,,,,,,,,,,,,,,,,,,,,,,,,,,,,,,
370,334007,5,11,0,0,0,0,0,0,0,0,710064,710065,337942,337943,334008,,,,,,,,,,,,,,,,,,,,,,,,,,,,,,,7,7,7,7,1,,,,,,,,,,,,,,,,,,,,,,,,,,,,,,,0,0,0,0,0,,,,,,,,,,,,,,,,,,,,,,,,,,,,,,
371,334007,5,12,0,0,0,0,0,0,0,0,710064,710065,337942,337943,334008,,,,,,,,,,,,,,,,,,,,,,,,,,,,,,,7,7,7,7,1,,,,,,,,,,,,,,,,,,,,,,,,,,,,,,,0,0,0,0,0,,,,,,,,,,,,,,,,,,,,,,,,,,,,,,
372,334007,5,19,0,0,0,0,0,0,0,0,710064,710065,337942,337943,334008,,,,,,,,,,,,,,,,,,,,,,,,,,,,,,,7,7,7,7,1,,,,,,,,,,,,,,,,,,,,,,,,,,,,,,,0,0,0,0,0,,,,,,,,,,,,,,,,,,,,,,,,,,,,,,
373,334007,6,11,0,0,0,0,0,0,0,0,710064,710065,337942,337943,334008,,,,,,,,,,,,,,,,,,,,,,,,,,,,,,,7,7,7,7,1,,,,,,,,,,,,,,,,,,,,,,,,,,,,,,,0,0,0,0,0,,,,,,,,,,,,,,,,,,,,,,,,,,,,,,
374,334007,6,12,0,0,0,0,0,0,0,0,710064,710065,337942,337943,334008,,,,,,,,,,,,,,,,,,,,,,,,,,,,,,,7,7,7,7,1,,,,,,,,,,,,,,,,,,,,,,,,,,,,,,,0,0,0,0,0,,,,,,,,,,,,,,,,,,,,,,,,,,,,,,
375,334007,6,19,0,0,0,0,0,0,0,0,710064,710065,337942,337943,334008,,,,,,,,,,,,,,,,,,,,,,,,,,,,,,,7,7,7,7,1,,,,,,,,,,,,,,,,,,,,,,,,,,,,,,,0,0,0,0,0,,,,,,,,,,,,,,,,,,,,,,,,,,,,,,
376,334007,7,15,0,0,0,0,0,0,0,0,710064,710065,337942,337943,334008,,,,,,,,,,,,,,,,,,,,,,,,,,,,,,,7,7,7,7,1,,,,,,,,,,,,,,,,,,,,,,,,,,,,,,,0,0,0,0,0,,,,,,,,,,,,,,,,,,,,,,,,,,,,,,
377,334007,7,16,0,0,0,0,0,0,0,0,710064,710065,337942,337943,334008,,,,,,,,,,,,,,,,,,,,,,,,,,,,,,,7,7,7,7,1,,,,,,,,,,,,,,,,,,,,,,,,,,,,,,,0,0,0,0,0,,,,,,,,,,,,,,,,,,,,,,,,,,,,,,
378,334007,7,18,0,0,0,0,0,0,0,0,710064,710065,337942,337943,334008,,,,,,,,,,,,,,,,,,,,,,,,,,,,,,,7,7,7,7,1,,,,,,,,,,,,,,,,,,,,,,,,,,,,,,,0,0,0,0,0,,,,,,,,,,,,,,,,,,,,,,,,,,,,,,
379,334007,8,15,0,0,0,0,0,0,0,0,710064,710065,337942,337943,334008,,,,,,,,,,,,,,,,,,,,,,,,,,,,,,,7,7,7,7,1,,,,,,,,,,,,,,,,,,,,,,,,,,,,,,,0,0,0,0,0,,,,,,,,,,,,,,,,,,,,,,,,,,,,,,
380,334007,8,16,0,0,0,0,0,0,0,0,710064,710065,337942,337943,334008,,,,,,,,,,,,,,,,,,,,,,,,,,,,,,,7,7,7,7,1,,,,,,,,,,,,,,,,,,,,,,,,,,,,,,,0,0,0,0,0,,,,,,,,,,,,,,,,,,,,,,,,,,,,,,
381,334007,8,18,0,0,0,0,0,0,0,0,710064,710065,337942,337943,334008,,,,,,,,,,,,,,,,,,,,,,,,,,,,,,,7,7,7,7,1,,,,,,,,,,,,,,,,,,,,,,,,,,,,,,,0,0,0,0,0,,,,,,,,,,,,,,,,,,,,,,,,,,,,,,
382,334007,9,15,0,0,0,0,0,0,0,0,710064,710065,337942,337943,334008,,,,,,,,,,,,,,,,,,,,,,,,,,,,,,,7,7,7,7,1,,,,,,,,,,,,,,,,,,,,,,,,,,,,,,,0,0,0,0,0,,,,,,,,,,,,,,,,,,,,,,,,,,,,,,
383,334007,9,16,0,0,0,0,0,0,0,0,710064,710065,337942,337943,334008,,,,,,,,,,,,,,,,,,,,,,,,,,,,,,,7,7,7,7,1,,,,,,,,,,,,,,,,,,,,,,,,,,,,,,,0,0,0,0,0,,,,,,,,,,,,,,,,,,,,,,,,,,,,,,
384,334007,9,18,0,0,0,0,0,0,0,0,710064,710065,337942,337943,334008,,,,,,,,,,,,,,,,,,,,,,,,,,,,,,,7,7,7,7,1,,,,,,,,,,,,,,,,,,,,,,,,,,,,,,,0,0,0,0,0,,,,,,,,,,,,,,,,,,,,,,,,,,,,,,
385,334007,10,15,0,0,0,0,0,0,0,0,710064,710065,337942,337943,334008,,,,,,,,,,,,,,,,,,,,,,,,,,,,,,,7,7,7,7,1,,,,,,,,,,,,,,,,,,,,,,,,,,,,,,,0,0,0,0,0,,,,,,,,,,,,,,,,,,,,,,,,,,,,,,
386,334007,10,16,0,0,0,0,0,0,0,0,710064,710065,337942,337943,334008,,,,,,,,,,,,,,,,,,,,,,,,,,,,,,,7,7,7,7,1,,,,,,,,,,,,,,,,,,,,,,,,,,,,,,,0,0,0,0,0,,,,,,,,,,,,,,,,,,,,,,,,,,,,,,
387,334007,10,18,0,0,0,0,0,0,0,0,710064,710065,337942,337943,334008,,,,,,,,,,,,,,,,,,,,,,,,,,,,,,,7,7,7,7,1,,,,,,,,,,,,,,,,,,,,,,,,,,,,,,,0,0,0,0,0,,,,,,,,,,,,,,,,,,,,,,,,,,,,,,
388,334007,11,15,0,0,0,0,0,0,0,0,710064,710065,337942,337943,334008,,,,,,,,,,,,,,,,,,,,,,,,,,,,,,,7,7,7,7,1,,,,,,,,,,,,,,,,,,,,,,,,,,,,,,,0,0,0,0,0,,,,,,,,,,,,,,,,,,,,,,,,,,,,,,
389,334007,11,16,0,0,0,0,0,0,0,0,710064,710065,337942,337943,334008,,,,,,,,,,,,,,,,,,,,,,,,,,,,,,,7,7,7,7,1,,,,,,,,,,,,,,,,,,,,,,,,,,,,,,,0,0,0,0,0,,,,,,,,,,,,,,,,,,,,,,,,,,,,,,
390,334007,11,18,0,0,0,0,0,0,0,0,710064,710065,337942,337943,334008,,,,,,,,,,,,,,,,,,,,,,,,,,,,,,,7,7,7,7,1,,,,,,,,,,,,,,,,,,,,,,,,,,,,,,,0,0,0,0,0,,,,,,,,,,,,,,,,,,,,,,,,,,,,,,
391,334007,12,15,0,0,0,0,0,0,0,0,710064,710065,337942,337943,334008,,,,,,,,,,,,,,,,,,,,,,,,,,,,,,,7,7,7,7,1,,,,,,,,,,,,,,,,,,,,,,,,,,,,,,,0,0,0,0,0,,,,,,,,,,,,,,,,,,,,,,,,,,,,,,
392,334007,12,16,0,0,0,0,0,0,0,0,710064,710065,337942,337943,334008,,,,,,,,,,,,,,,,,,,,,,,,,,,,,,,7,7,7,7,1,,,,,,,,,,,,,,,,,,,,,,,,,,,,,,,0,0,0,0,0,,,,,,,,,,,,,,,,,,,,,,,,,,,,,,
393,334007,12,18,0,0,0,0,0,0,0,0,710064,710065,337942,337943,334008,,,,,,,,,,,,,,,,,,,,,,,,,,,,,,,7,7,7,7,1,,,,,,,,,,,,,,,,,,,,,,,,,,,,,,,0,0,0,0,0,,,,,,,,,,,,,,,,,,,,,,,,,,,,,,
394,334007,13,13,0,0,0,0,0,0,0,0,710064,710065,337942,337943,334008,,,,,,,,,,,,,,,,,,,,,,,,,,,,,,,7,7,7,7,1,,,,,,,,,,,,,,,,,,,,,,,,,,,,,,,0,0,0,0,0,,,,,,,,,,,,,,,,,,,,,,,,,,,,,,
395,334007,13,14,0,0,0,0,0,0,0,0,710064,710065,337942,337943,334008,,,,,,,,,,,,,,,,,,,,,,,,,,,,,,,7,7,7,7,1,,,,,,,,,,,,,,,,,,,,,,,,,,,,,,,0,0,0,0,0,,,,,,,,,,,,,,,,,,,,,,,,,,,,,,
396,334007,13,17,0,0,0,0,0,0,0,0,710064,710065,337942,337943,334008,,,,,,,,,,,,,,,,,,,,,,,,,,,,,,,7,7,7,7,1,,,,,,,,,,,,,,,,,,,,,,,,,,,,,,,0,0,0,0,0,,,,,,,,,,,,,,,,,,,,,,,,,,,,,,
397,334007,14,13,0,0,0,0,0,0,0,0,710064,710065,337942,337943,334008,,,,,,,,,,,,,,,,,,,,,,,,,,,,,,,7,7,7,7,1,,,,,,,,,,,,,,,,,,,,,,,,,,,,,,,0,0,0,0,0,,,,,,,,,,,,,,,,,,,,,,,,,,,,,,
398,334007,14,14,0,0,0,0,0,0,0,0,710064,710065,337942,337943,334008,,,,,,,,,,,,,,,,,,,,,,,,,,,,,,,7,7,7,7,1,,,,,,,,,,,,,,,,,,,,,,,,,,,,,,,0,0,0,0,0,,,,,,,,,,,,,,,,,,,,,,,,,,,,,,
399,334007,14,17,0,0,0,0,0,0,0,0,710064,710065,337942,337943,334008,,,,,,,,,,,,,,,,,,,,,,,,,,,,,,,7,7,7,7,1,,,,,,,,,,,,,,,,,,,,,,,,,,,,,,,0,0,0,0,0,,,,,,,,,,,,,,,,,,,,,,,,,,,,,,
400,334007,15,13,0,0,0,0,0,0,0,0,710064,710065,337942,337943,334008,,,,,,,,,,,,,,,,,,,,,,,,,,,,,,,7,7,7,7,1,,,,,,,,,,,,,,,,,,,,,,,,,,,,,,,0,0,0,0,0,,,,,,,,,,,,,,,,,,,,,,,,,,,,,,
401,334007,15,14,0,0,0,0,0,0,0,0,710064,710065,337942,337943,334008,,,,,,,,,,,,,,,,,,,,,,,,,,,,,,,7,7,7,7,1,,,,,,,,,,,,,,,,,,,,,,,,,,,,,,,0,0,0,0,0,,,,,,,,,,,,,,,,,,,,,,,,,,,,,,
402,334007,15,17,0,0,0,0,0,0,0,0,710064,710065,337942,337943,334008,,,,,,,,,,,,,,,,,,,,,,,,,,,,,,,7,7,7,7,1,,,,,,,,,,,,,,,,,,,,,,,,,,,,,,,0,0,0,0,0,,,,,,,,,,,,,,,,,,,,,,,,,,,,,,
403,334007,16,13,0,0,0,0,0,0,0,0,710064,710065,337942,337943,334008,,,,,,,,,,,,,,,,,,,,,,,,,,,,,,,7,7,7,7,1,,,,,,,,,,,,,,,,,,,,,,,,,,,,,,,0,0,0,0,0,,,,,,,,,,,,,,,,,,,,,,,,,,,,,,
404,334007,16,14,0,0,0,0,0,0,0,0,710064,710065,337942,337943,334008,,,,,,,,,,,,,,,,,,,,,,,,,,,,,,,7,7,7,7,1,,,,,,,,,,,,,,,,,,,,,,,,,,,,,,,0,0,0,0,0,,,,,,,,,,,,,,,,,,,,,,,,,,,,,,
405,334007,16,17,0,0,0,0,0,0,0,0,710064,710065,337942,337943,334008,,,,,,,,,,,,,,,,,,,,,,,,,,,,,,,7,7,7,7,1,,,,,,,,,,,,,,,,,,,,,,,,,,,,,,,0,0,0,0,0,,,,,,,,,,,,,,,,,,,,,,,,,,,,,,
406,334007,17,13,0,0,0,0,0,0,0,0,710064,710065,337942,337943,334008,,,,,,,,,,,,,,,,,,,,,,,,,,,,,,,7,7,7,7,1,,,,,,,,,,,,,,,,,,,,,,,,,,,,,,,0,0,0,0,0,,,,,,,,,,,,,,,,,,,,,,,,,,,,,,
407,334007,17,14,0,0,0,0,0,0,0,0,710064,710065,337942,337943,334008,,,,,,,,,,,,,,,,,,,,,,,,,,,,,,,7,7,7,7,1,,,,,,,,,,,,,,,,,,,,,,,,,,,,,,,0,0,0,0,0,,,,,,,,,,,,,,,,,,,,,,,,,,,,,,
408,334007,17,17,0,0,0,0,0,0,0,0,710064,710065,337942,337943,334008,,,,,,,,,,,,,,,,,,,,,,,,,,,,,,,7,7,7,7,1,,,,,,,,,,,,,,,,,,,,,,,,,,,,,,,0,0,0,0,0,,,,,,,,,,,,,,,,,,,,,,,,,,,,,,
409,334008,1,11,0,0,0,0,0,0,0,0,710066,710067,337942,337943,334009,,,,,,,,,,,,,,,,,,,,,,,,,,,,,,,1,1,1,1,1,,,,,,,,,,,,,,,,,,,,,,,,,,,,,,,0,0,0,0,0,,,,,,,,,,,,,,,,,,,,,,,,,,,,,,
410,334008,1,12,0,0,0,0,0,0,0,0,710066,710067,337942,337943,334009,,,,,,,,,,,,,,,,,,,,,,,,,,,,,,,1,1,1,1,1,,,,,,,,,,,,,,,,,,,,,,,,,,,,,,,0,0,0,0,0,,,,,,,,,,,,,,,,,,,,,,,,,,,,,,
411,334008,1,19,0,0,0,0,0,0,0,0,710066,710067,337942,337943,334009,,,,,,,,,,,,,,,,,,,,,,,,,,,,,,,1,1,1,1,1,,,,,,,,,,,,,,,,,,,,,,,,,,,,,,,0,0,0,0,0,,,,,,,,,,,,,,,,,,,,,,,,,,,,,,
412,334008,2,11,0,0,0,0,0,0,0,0,710066,710067,337942,337943,334009,,,,,,,,,,,,,,,,,,,,,,,,,,,,,,,1,1,1,1,1,,,,,,,,,,,,,,,,,,,,,,,,,,,,,,,0,0,0,0,0,,,,,,,,,,,,,,,,,,,,,,,,,,,,,,
413,334008,2,12,0,0,0,0,0,0,0,0,710066,710067,337942,337943,334009,,,,,,,,,,,,,,,,,,,,,,,,,,,,,,,1,1,1,1,1,,,,,,,,,,,,,,,,,,,,,,,,,,,,,,,0,0,0,0,0,,,,,,,,,,,,,,,,,,,,,,,,,,,,,,
414,334008,2,19,0,0,0,0,0,0,0,0,710066,710067,337942,337943,334009,,,,,,,,,,,,,,,,,,,,,,,,,,,,,,,1,1,1,1,1,,,,,,,,,,,,,,,,,,,,,,,,,,,,,,,0,0,0,0,0,,,,,,,,,,,,,,,,,,,,,,,,,,,,,,
415,334008,3,11,0,0,0,0,0,0,0,0,710066,710067,337942,337943,334009,,,,,,,,,,,,,,,,,,,,,,,,,,,,,,,1,1,1,1,1,,,,,,,,,,,,,,,,,,,,,,,,,,,,,,,0,0,0,0,0,,,,,,,,,,,,,,,,,,,,,,,,,,,,,,
416,334008,3,12,0,0,0,0,0,0,0,0,710066,710067,337942,337943,334009,,,,,,,,,,,,,,,,,,,,,,,,,,,,,,,1,1,1,1,1,,,,,,,,,,,,,,,,,,,,,,,,,,,,,,,0,0,0,0,0,,,,,,,,,,,,,,,,,,,,,,,,,,,,,,
417,334008,3,19,0,0,0,0,0,0,0,0,710066,710067,337942,337943,334009,,,,,,,,,,,,,,,,,,,,,,,,,,,,,,,1,1,1,1,1,,,,,,,,,,,,,,,,,,,,,,,,,,,,,,,0,0,0,0,0,,,,,,,,,,,,,,,,,,,,,,,,,,,,,,
418,334008,4,11,0,0,0,0,0,0,0,0,710066,710067,337942,337943,334009,,,,,,,,,,,,,,,,,,,,,,,,,,,,,,,1,1,1,1,1,,,,,,,,,,,,,,,,,,,,,,,,,,,,,,,0,0,0,0,0,,,,,,,,,,,,,,,,,,,,,,,,,,,,,,
419,334008,4,12,0,0,0,0,0,0,0,0,710066,710067,337942,337943,334009,,,,,,,,,,,,,,,,,,,,,,,,,,,,,,,1,1,1,1,1,,,,,,,,,,,,,,,,,,,,,,,,,,,,,,,0,0,0,0,0,,,,,,,,,,,,,,,,,,,,,,,,,,,,,,
420,334008,4,19,0,0,0,0,0,0,0,0,710066,710067,337942,337943,334009,,,,,,,,,,,,,,,,,,,,,,,,,,,,,,,1,1,1,1,1,,,,,,,,,,,,,,,,,,,,,,,,,,,,,,,0,0,0,0,0,,,,,,,,,,,,,,,,,,,,,,,,,,,,,,
421,334008,5,11,0,0,0,0,0,0,0,0,710066,710067,337942,337943,334009,,,,,,,,,,,,,,,,,,,,,,,,,,,,,,,1,1,1,1,1,,,,,,,,,,,,,,,,,,,,,,,,,,,,,,,0,0,0,0,0,,,,,,,,,,,,,,,,,,,,,,,,,,,,,,
422,334008,5,12,0,0,0,0,0,0,0,0,710066,710067,337942,337943,334009,,,,,,,,,,,,,,,,,,,,,,,,,,,,,,,1,1,1,1,1,,,,,,,,,,,,,,,,,,,,,,,,,,,,,,,0,0,0,0,0,,,,,,,,,,,,,,,,,,,,,,,,,,,,,,
423,334008,5,19,0,0,0,0,0,0,0,0,710066,710067,337942,337943,334009,,,,,,,,,,,,,,,,,,,,,,,,,,,,,,,1,1,1,1,1,,,,,,,,,,,,,,,,,,,,,,,,,,,,,,,0,0,0,0,0,,,,,,,,,,,,,,,,,,,,,,,,,,,,,,
424,334008,6,11,0,0,0,0,0,0,0,0,710066,710067,337942,337943,334009,,,,,,,,,,,,,,,,,,,,,,,,,,,,,,,1,1,1,1,1,,,,,,,,,,,,,,,,,,,,,,,,,,,,,,,0,0,0,0,0,,,,,,,,,,,,,,,,,,,,,,,,,,,,,,
425,334008,6,12,0,0,0,0,0,0,0,0,710066,710067,337942,337943,334009,,,,,,,,,,,,,,,,,,,,,,,,,,,,,,,1,1,1,1,1,,,,,,,,,,,,,,,,,,,,,,,,,,,,,,,0,0,0,0,0,,,,,,,,,,,,,,,,,,,,,,,,,,,,,,
426,334008,6,19,0,0,0,0,0,0,0,0,710066,710067,337942,337943,334009,,,,,,,,,,,,,,,,,,,,,,,,,,,,,,,1,1,1,1,1,,,,,,,,,,,,,,,,,,,,,,,,,,,,,,,0,0,0,0,0,,,,,,,,,,,,,,,,,,,,,,,,,,,,,,
427,334008,7,15,0,0,0,0,0,0,0,0,710066,710067,337942,337943,334009,,,,,,,,,,,,,,,,,,,,,,,,,,,,,,,1,1,1,1,1,,,,,,,,,,,,,,,,,,,,,,,,,,,,,,,0,0,0,0,0,,,,,,,,,,,,,,,,,,,,,,,,,,,,,,
428,334008,7,16,0,0,0,0,0,0,0,0,710066,710067,337942,337943,334009,,,,,,,,,,,,,,,,,,,,,,,,,,,,,,,1,1,1,1,1,,,,,,,,,,,,,,,,,,,,,,,,,,,,,,,0,0,0,0,0,,,,,,,,,,,,,,,,,,,,,,,,,,,,,,
429,334008,7,18,0,0,0,0,0,0,0,0,710066,710067,337942,337943,334009,,,,,,,,,,,,,,,,,,,,,,,,,,,,,,,1,1,1,1,1,,,,,,,,,,,,,,,,,,,,,,,,,,,,,,,0,0,0,0,0,,,,,,,,,,,,,,,,,,,,,,,,,,,,,,
430,334008,8,15,0,0,0,0,0,0,0,0,710066,710067,337942,337943,334009,,,,,,,,,,,,,,,,,,,,,,,,,,,,,,,1,1,1,1,1,,,,,,,,,,,,,,,,,,,,,,,,,,,,,,,0,0,0,0,0,,,,,,,,,,,,,,,,,,,,,,,,,,,,,,
431,334008,8,16,0,0,0,0,0,0,0,0,710066,710067,337942,337943,334009,,,,,,,,,,,,,,,,,,,,,,,,,,,,,,,1,1,1,1,1,,,,,,,,,,,,,,,,,,,,,,,,,,,,,,,0,0,0,0,0,,,,,,,,,,,,,,,,,,,,,,,,,,,,,,
432,334008,8,18,0,0,0,0,0,0,0,0,710066,710067,337942,337943,334009,,,,,,,,,,,,,,,,,,,,,,,,,,,,,,,1,1,1,1,1,,,,,,,,,,,,,,,,,,,,,,,,,,,,,,,0,0,0,0,0,,,,,,,,,,,,,,,,,,,,,,,,,,,,,,
433,334008,9,15,0,0,0,0,0,0,0,0,710066,710067,337942,337943,334009,,,,,,,,,,,,,,,,,,,,,,,,,,,,,,,1,1,1,1,1,,,,,,,,,,,,,,,,,,,,,,,,,,,,,,,0,0,0,0,0,,,,,,,,,,,,,,,,,,,,,,,,,,,,,,
434,334008,9,16,0,0,0,0,0,0,0,0,710066,710067,337942,337943,334009,,,,,,,,,,,,,,,,,,,,,,,,,,,,,,,1,1,1,1,1,,,,,,,,,,,,,,,,,,,,,,,,,,,,,,,0,0,0,0,0,,,,,,,,,,,,,,,,,,,,,,,,,,,,,,
435,334008,9,18,0,0,0,0,0,0,0,0,710066,710067,337942,337943,334009,,,,,,,,,,,,,,,,,,,,,,,,,,,,,,,1,1,1,1,1,,,,,,,,,,,,,,,,,,,,,,,,,,,,,,,0,0,0,0,0,,,,,,,,,,,,,,,,,,,,,,,,,,,,,,
436,334008,10,15,0,0,0,0,0,0,0,0,710066,710067,337942,337943,334009,,,,,,,,,,,,,,,,,,,,,,,,,,,,,,,1,1,1,1,1,,,,,,,,,,,,,,,,,,,,,,,,,,,,,,,0,0,0,0,0,,,,,,,,,,,,,,,,,,,,,,,,,,,,,,
437,334008,10,16,0,0,0,0,0,0,0,0,710066,710067,337942,337943,334009,,,,,,,,,,,,,,,,,,,,,,,,,,,,,,,1,1,1,1,1,,,,,,,,,,,,,,,,,,,,,,,,,,,,,,,0,0,0,0,0,,,,,,,,,,,,,,,,,,,,,,,,,,,,,,
438,334008,10,18,0,0,0,0,0,0,0,0,710066,710067,337942,337943,334009,,,,,,,,,,,,,,,,,,,,,,,,,,,,,,,1,1,1,1,1,,,,,,,,,,,,,,,,,,,,,,,,,,,,,,,0,0,0,0,0,,,,,,,,,,,,,,,,,,,,,,,,,,,,,,
439,334008,11,15,0,0,0,0,0,0,0,0,710066,710067,337942,337943,334009,,,,,,,,,,,,,,,,,,,,,,,,,,,,,,,1,1,1,1,1,,,,,,,,,,,,,,,,,,,,,,,,,,,,,,,0,0,0,0,0,,,,,,,,,,,,,,,,,,,,,,,,,,,,,,
440,334008,11,16,0,0,0,0,0,0,0,0,710066,710067,337942,337943,334009,,,,,,,,,,,,,,,,,,,,,,,,,,,,,,,1,1,1,1,1,,,,,,,,,,,,,,,,,,,,,,,,,,,,,,,0,0,0,0,0,,,,,,,,,,,,,,,,,,,,,,,,,,,,,,
441,334008,11,18,0,0,0,0,0,0,0,0,710066,710067,337942,337943,334009,,,,,,,,,,,,,,,,,,,,,,,,,,,,,,,1,1,1,1,1,,,,,,,,,,,,,,,,,,,,,,,,,,,,,,,0,0,0,0,0,,,,,,,,,,,,,,,,,,,,,,,,,,,,,,
442,334008,12,15,0,0,0,0,0,0,0,0,710066,710067,337942,337943,334009,,,,,,,,,,,,,,,,,,,,,,,,,,,,,,,1,1,1,1,1,,,,,,,,,,,,,,,,,,,,,,,,,,,,,,,0,0,0,0,0,,,,,,,,,,,,,,,,,,,,,,,,,,,,,,
443,334008,12,16,0,0,0,0,0,0,0,0,710066,710067,337942,337943,334009,,,,,,,,,,,,,,,,,,,,,,,,,,,,,,,1,1,1,1,1,,,,,,,,,,,,,,,,,,,,,,,,,,,,,,,0,0,0,0,0,,,,,,,,,,,,,,,,,,,,,,,,,,,,,,
444,334008,12,18,0,0,0,0,0,0,0,0,710066,710067,337942,337943,334009,,,,,,,,,,,,,,,,,,,,,,,,,,,,,,,1,1,1,1,1,,,,,,,,,,,,,,,,,,,,,,,,,,,,,,,0,0,0,0,0,,,,,,,,,,,,,,,,,,,,,,,,,,,,,,
445,334008,13,13,0,0,0,0,0,0,0,0,710066,710067,337942,337943,334009,,,,,,,,,,,,,,,,,,,,,,,,,,,,,,,1,1,1,1,1,,,,,,,,,,,,,,,,,,,,,,,,,,,,,,,0,0,0,0,0,,,,,,,,,,,,,,,,,,,,,,,,,,,,,,
446,334008,13,14,0,0,0,0,0,0,0,0,710066,710067,337942,337943,334009,,,,,,,,,,,,,,,,,,,,,,,,,,,,,,,1,1,1,1,1,,,,,,,,,,,,,,,,,,,,,,,,,,,,,,,0,0,0,0,0,,,,,,,,,,,,,,,,,,,,,,,,,,,,,,
447,334008,13,17,0,0,0,0,0,0,0,0,710066,710067,337942,337943,334009,,,,,,,,,,,,,,,,,,,,,,,,,,,,,,,1,1,1,1,1,,,,,,,,,,,,,,,,,,,,,,,,,,,,,,,0,0,0,0,0,,,,,,,,,,,,,,,,,,,,,,,,,,,,,,
448,334008,14,13,0,0,0,0,0,0,0,0,710066,710067,337942,337943,334009,,,,,,,,,,,,,,,,,,,,,,,,,,,,,,,1,1,1,1,1,,,,,,,,,,,,,,,,,,,,,,,,,,,,,,,0,0,0,0,0,,,,,,,,,,,,,,,,,,,,,,,,,,,,,,
449,334008,14,14,0,0,0,0,0,0,0,0,710066,710067,337942,337943,334009,,,,,,,,,,,,,,,,,,,,,,,,,,,,,,,1,1,1,1,1,,,,,,,,,,,,,,,,,,,,,,,,,,,,,,,0,0,0,0,0,,,,,,,,,,,,,,,,,,,,,,,,,,,,,,
450,334008,14,17,0,0,0,0,0,0,0,0,710066,710067,337942,337943,334009,,,,,,,,,,,,,,,,,,,,,,,,,,,,,,,1,1,1,1,1,,,,,,,,,,,,,,,,,,,,,,,,,,,,,,,0,0,0,0,0,,,,,,,,,,,,,,,,,,,,,,,,,,,,,,
451,334008,15,13,0,0,0,0,0,0,0,0,710066,710067,337942,337943,334009,,,,,,,,,,,,,,,,,,,,,,,,,,,,,,,1,1,1,1,1,,,,,,,,,,,,,,,,,,,,,,,,,,,,,,,0,0,0,0,0,,,,,,,,,,,,,,,,,,,,,,,,,,,,,,
452,334008,15,14,0,0,0,0,0,0,0,0,710066,710067,337942,337943,334009,,,,,,,,,,,,,,,,,,,,,,,,,,,,,,,1,1,1,1,1,,,,,,,,,,,,,,,,,,,,,,,,,,,,,,,0,0,0,0,0,,,,,,,,,,,,,,,,,,,,,,,,,,,,,,
453,334008,15,17,0,0,0,0,0,0,0,0,710066,710067,337942,337943,334009,,,,,,,,,,,,,,,,,,,,,,,,,,,,,,,1,1,1,1,1,,,,,,,,,,,,,,,,,,,,,,,,,,,,,,,0,0,0,0,0,,,,,,,,,,,,,,,,,,,,,,,,,,,,,,
454,334008,16,13,0,0,0,0,0,0,0,0,710066,710067,337942,337943,334009,,,,,,,,,,,,,,,,,,,,,,,,,,,,,,,1,1,1,1,1,,,,,,,,,,,,,,,,,,,,,,,,,,,,,,,0,0,0,0,0,,,,,,,,,,,,,,,,,,,,,,,,,,,,,,
455,334008,16,14,0,0,0,0,0,0,0,0,710066,710067,337942,337943,334009,,,,,,,,,,,,,,,,,,,,,,,,,,,,,,,1,1,1,1,1,,,,,,,,,,,,,,,,,,,,,,,,,,,,,,,0,0,0,0,0,,,,,,,,,,,,,,,,,,,,,,,,,,,,,,
456,334008,16,17,0,0,0,0,0,0,0,0,710066,710067,337942,337943,334009,,,,,,,,,,,,,,,,,,,,,,,,,,,,,,,1,1,1,1,1,,,,,,,,,,,,,,,,,,,,,,,,,,,,,,,0,0,0,0,0,,,,,,,,,,,,,,,,,,,,,,,,,,,,,,
457,334008,17,13,0,0,0,0,0,0,0,0,710066,710067,337942,337943,334009,,,,,,,,,,,,,,,,,,,,,,,,,,,,,,,1,1,1,1,1,,,,,,,,,,,,,,,,,,,,,,,,,,,,,,,0,0,0,0,0,,,,,,,,,,,,,,,,,,,,,,,,,,,,,,
458,334008,17,14,0,0,0,0,0,0,0,0,710066,710067,337942,337943,334009,,,,,,,,,,,,,,,,,,,,,,,,,,,,,,,1,1,1,1,1,,,,,,,,,,,,,,,,,,,,,,,,,,,,,,,0,0,0,0,0,,,,,,,,,,,,,,,,,,,,,,,,,,,,,,
459,334008,17,17,0,0,0,0,0,0,0,0,710066,710067,337942,337943,334009,,,,,,,,,,,,,,,,,,,,,,,,,,,,,,,1,1,1,1,1,,,,,,,,,,,,,,,,,,,,,,,,,,,,,,,0,0,0,0,0,,,,,,,,,,,,,,,,,,,,,,,,,,,,,,
460,334009,1,11,0,0,0,0,0,0,0,0,710068,710069,337942,337943,334010,,,,,,,,,,,,,,,,,,,,,,,,,,,,,,,1,1,2,2,1,,,,,,,,,,,,,,,,,,,,,,,,,,,,,,,0,0,0,0,0,,,,,,,,,,,,,,,,,,,,,,,,,,,,,,
461,334009,1,12,0,0,0,0,0,0,0,0,710068,710069,337942,337943,334010,,,,,,,,,,,,,,,,,,,,,,,,,,,,,,,1,1,2,2,1,,,,,,,,,,,,,,,,,,,,,,,,,,,,,,,0,0,0,0,0,,,,,,,,,,,,,,,,,,,,,,,,,,,,,,
462,334009,1,19,0,0,0,0,0,0,0,0,710068,710069,337942,337943,334010,,,,,,,,,,,,,,,,,,,,,,,,,,,,,,,1,1,2,2,1,,,,,,,,,,,,,,,,,,,,,,,,,,,,,,,0,0,0,0,0,,,,,,,,,,,,,,,,,,,,,,,,,,,,,,
463,334009,2,11,0,0,0,0,0,0,0,0,710068,710069,337942,337943,334010,,,,,,,,,,,,,,,,,,,,,,,,,,,,,,,1,1,2,2,1,,,,,,,,,,,,,,,,,,,,,,,,,,,,,,,0,0,0,0,0,,,,,,,,,,,,,,,,,,,,,,,,,,,,,,
464,334009,2,12,0,0,0,0,0,0,0,0,710068,710069,337942,337943,334010,,,,,,,,,,,,,,,,,,,,,,,,,,,,,,,1,1,2,2,1,,,,,,,,,,,,,,,,,,,,,,,,,,,,,,,0,0,0,0,0,,,,,,,,,,,,,,,,,,,,,,,,,,,,,,
465,334009,2,19,0,0,0,0,0,0,0,0,710068,710069,337942,337943,334010,,,,,,,,,,,,,,,,,,,,,,,,,,,,,,,1,1,2,2,1,,,,,,,,,,,,,,,,,,,,,,,,,,,,,,,0,0,0,0,0,,,,,,,,,,,,,,,,,,,,,,,,,,,,,,
466,334009,3,11,0,0,0,0,0,0,0,0,710068,710069,337942,337943,334010,,,,,,,,,,,,,,,,,,,,,,,,,,,,,,,1,1,2,2,1,,,,,,,,,,,,,,,,,,,,,,,,,,,,,,,0,0,0,0,0,,,,,,,,,,,,,,,,,,,,,,,,,,,,,,
467,334009,3,12,0,0,0,0,0,0,0,0,710068,710069,337942,337943,334010,,,,,,,,,,,,,,,,,,,,,,,,,,,,,,,1,1,2,2,1,,,,,,,,,,,,,,,,,,,,,,,,,,,,,,,0,0,0,0,0,,,,,,,,,,,,,,,,,,,,,,,,,,,,,,
468,334009,3,19,0,0,0,0,0,0,0,0,710068,710069,337942,337943,334010,,,,,,,,,,,,,,,,,,,,,,,,,,,,,,,1,1,2,2,1,,,,,,,,,,,,,,,,,,,,,,,,,,,,,,,0,0,0,0,0,,,,,,,,,,,,,,,,,,,,,,,,,,,,,,
469,334009,4,11,0,0,0,0,0,0,0,0,710068,710069,337942,337943,334010,,,,,,,,,,,,,,,,,,,,,,,,,,,,,,,1,1,2,2,1,,,,,,,,,,,,,,,,,,,,,,,,,,,,,,,0,0,0,0,0,,,,,,,,,,,,,,,,,,,,,,,,,,,,,,
470,334009,4,12,0,0,0,0,0,0,0,0,710068,710069,337942,337943,334010,,,,,,,,,,,,,,,,,,,,,,,,,,,,,,,1,1,2,2,1,,,,,,,,,,,,,,,,,,,,,,,,,,,,,,,0,0,0,0,0,,,,,,,,,,,,,,,,,,,,,,,,,,,,,,
471,334009,4,19,0,0,0,0,0,0,0,0,710068,710069,337942,337943,334010,,,,,,,,,,,,,,,,,,,,,,,,,,,,,,,1,1,2,2,1,,,,,,,,,,,,,,,,,,,,,,,,,,,,,,,0,0,0,0,0,,,,,,,,,,,,,,,,,,,,,,,,,,,,,,
472,334009,5,11,0,0,0,0,0,0,0,0,710068,710069,337942,337943,334010,,,,,,,,,,,,,,,,,,,,,,,,,,,,,,,1,1,2,2,1,,,,,,,,,,,,,,,,,,,,,,,,,,,,,,,0,0,0,0,0,,,,,,,,,,,,,,,,,,,,,,,,,,,,,,
473,334009,5,12,0,0,0,0,0,0,0,0,710068,710069,337942,337943,334010,,,,,,,,,,,,,,,,,,,,,,,,,,,,,,,1,1,2,2,1,,,,,,,,,,,,,,,,,,,,,,,,,,,,,,,0,0,0,0,0,,,,,,,,,,,,,,,,,,,,,,,,,,,,,,
474,334009,5,19,0,0,0,0,0,0,0,0,710068,710069,337942,337943,334010,,,,,,,,,,,,,,,,,,,,,,,,,,,,,,,1,1,2,2,1,,,,,,,,,,,,,,,,,,,,,,,,,,,,,,,0,0,0,0,0,,,,,,,,,,,,,,,,,,,,,,,,,,,,,,
475,334009,6,11,0,0,0,0,0,0,0,0,710068,710069,337942,337943,334010,,,,,,,,,,,,,,,,,,,,,,,,,,,,,,,1,1,2,2,1,,,,,,,,,,,,,,,,,,,,,,,,,,,,,,,0,0,0,0,0,,,,,,,,,,,,,,,,,,,,,,,,,,,,,,
476,334009,6,12,0,0,0,0,0,0,0,0,710068,710069,337942,337943,334010,,,,,,,,,,,,,,,,,,,,,,,,,,,,,,,1,1,2,2,1,,,,,,,,,,,,,,,,,,,,,,,,,,,,,,,0,0,0,0,0,,,,,,,,,,,,,,,,,,,,,,,,,,,,,,
477,334009,6,19,0,0,0,0,0,0,0,0,710068,710069,337942,337943,334010,,,,,,,,,,,,,,,,,,,,,,,,,,,,,,,1,1,2,2,1,,,,,,,,,,,,,,,,,,,,,,,,,,,,,,,0,0,0,0,0,,,,,,,,,,,,,,,,,,,,,,,,,,,,,,
478,334009,7,15,0,0,0,0,0,0,0,0,710068,710069,337942,337943,334010,,,,,,,,,,,,,,,,,,,,,,,,,,,,,,,1,1,2,2,1,,,,,,,,,,,,,,,,,,,,,,,,,,,,,,,0,0,0,0,0,,,,,,,,,,,,,,,,,,,,,,,,,,,,,,
479,334009,7,16,0,0,0,0,0,0,0,0,710068,710069,337942,337943,334010,,,,,,,,,,,,,,,,,,,,,,,,,,,,,,,1,1,2,2,1,,,,,,,,,,,,,,,,,,,,,,,,,,,,,,,0,0,0,0,0,,,,,,,,,,,,,,,,,,,,,,,,,,,,,,
480,334009,7,18,0,0,0,0,0,0,0,0,710068,710069,337942,337943,334010,,,,,,,,,,,,,,,,,,,,,,,,,,,,,,,1,1,2,2,1,,,,,,,,,,,,,,,,,,,,,,,,,,,,,,,0,0,0,0,0,,,,,,,,,,,,,,,,,,,,,,,,,,,,,,
481,334009,8,15,0,0,0,0,0,0,0,0,710068,710069,337942,337943,334010,,,,,,,,,,,,,,,,,,,,,,,,,,,,,,,1,1,2,2,1,,,,,,,,,,,,,,,,,,,,,,,,,,,,,,,0,0,0,0,0,,,,,,,,,,,,,,,,,,,,,,,,,,,,,,
482,334009,8,16,0,0,0,0,0,0,0,0,710068,710069,337942,337943,334010,,,,,,,,,,,,,,,,,,,,,,,,,,,,,,,1,1,2,2,1,,,,,,,,,,,,,,,,,,,,,,,,,,,,,,,0,0,0,0,0,,,,,,,,,,,,,,,,,,,,,,,,,,,,,,
483,334009,8,18,0,0,0,0,0,0,0,0,710068,710069,337942,337943,334010,,,,,,,,,,,,,,,,,,,,,,,,,,,,,,,1,1,2,2,1,,,,,,,,,,,,,,,,,,,,,,,,,,,,,,,0,0,0,0,0,,,,,,,,,,,,,,,,,,,,,,,,,,,,,,
484,334009,9,15,0,0,0,0,0,0,0,0,710068,710069,337942,337943,334010,,,,,,,,,,,,,,,,,,,,,,,,,,,,,,,1,1,2,2,1,,,,,,,,,,,,,,,,,,,,,,,,,,,,,,,0,0,0,0,0,,,,,,,,,,,,,,,,,,,,,,,,,,,,,,
485,334009,9,16,0,0,0,0,0,0,0,0,710068,710069,337942,337943,334010,,,,,,,,,,,,,,,,,,,,,,,,,,,,,,,1,1,2,2,1,,,,,,,,,,,,,,,,,,,,,,,,,,,,,,,0,0,0,0,0,,,,,,,,,,,,,,,,,,,,,,,,,,,,,,
486,334009,9,18,0,0,0,0,0,0,0,0,710068,710069,337942,337943,334010,,,,,,,,,,,,,,,,,,,,,,,,,,,,,,,1,1,2,2,1,,,,,,,,,,,,,,,,,,,,,,,,,,,,,,,0,0,0,0,0,,,,,,,,,,,,,,,,,,,,,,,,,,,,,,
487,334009,10,15,0,0,0,0,0,0,0,0,710068,710069,337942,337943,334010,,,,,,,,,,,,,,,,,,,,,,,,,,,,,,,1,1,2,2,1,,,,,,,,,,,,,,,,,,,,,,,,,,,,,,,0,0,0,0,0,,,,,,,,,,,,,,,,,,,,,,,,,,,,,,
488,334009,10,16,0,0,0,0,0,0,0,0,710068,710069,337942,337943,334010,,,,,,,,,,,,,,,,,,,,,,,,,,,,,,,1,1,2,2,1,,,,,,,,,,,,,,,,,,,,,,,,,,,,,,,0,0,0,0,0,,,,,,,,,,,,,,,,,,,,,,,,,,,,,,
489,334009,10,18,0,0,0,0,0,0,0,0,710068,710069,337942,337943,334010,,,,,,,,,,,,,,,,,,,,,,,,,,,,,,,1,1,2,2,1,,,,,,,,,,,,,,,,,,,,,,,,,,,,,,,0,0,0,0,0,,,,,,,,,,,,,,,,,,,,,,,,,,,,,,
490,334009,11,15,0,0,0,0,0,0,0,0,710068,710069,337942,337943,334010,,,,,,,,,,,,,,,,,,,,,,,,,,,,,,,1,1,2,2,1,,,,,,,,,,,,,,,,,,,,,,,,,,,,,,,0,0,0,0,0,,,,,,,,,,,,,,,,,,,,,,,,,,,,,,
491,334009,11,16,0,0,0,0,0,0,0,0,710068,710069,337942,337943,334010,,,,,,,,,,,,,,,,,,,,,,,,,,,,,,,1,1,2,2,1,,,,,,,,,,,,,,,,,,,,,,,,,,,,,,,0,0,0,0,0,,,,,,,,,,,,,,,,,,,,,,,,,,,,,,
492,334009,11,18,0,0,0,0,0,0,0,0,710068,710069,337942,337943,334010,,,,,,,,,,,,,,,,,,,,,,,,,,,,,,,1,1,2,2,1,,,,,,,,,,,,,,,,,,,,,,,,,,,,,,,0,0,0,0,0,,,,,,,,,,,,,,,,,,,,,,,,,,,,,,
493,334009,12,15,0,0,0,0,0,0,0,0,710068,710069,337942,337943,334010,,,,,,,,,,,,,,,,,,,,,,,,,,,,,,,1,1,2,2,1,,,,,,,,,,,,,,,,,,,,,,,,,,,,,,,0,0,0,0,0,,,,,,,,,,,,,,,,,,,,,,,,,,,,,,
494,334009,12,16,0,0,0,0,0,0,0,0,710068,710069,337942,337943,334010,,,,,,,,,,,,,,,,,,,,,,,,,,,,,,,1,1,2,2,1,,,,,,,,,,,,,,,,,,,,,,,,,,,,,,,0,0,0,0,0,,,,,,,,,,,,,,,,,,,,,,,,,,,,,,
495,334009,12,18,0,0,0,0,0,0,0,0,710068,710069,337942,337943,334010,,,,,,,,,,,,,,,,,,,,,,,,,,,,,,,1,1,2,2,1,,,,,,,,,,,,,,,,,,,,,,,,,,,,,,,0,0,0,0,0,,,,,,,,,,,,,,,,,,,,,,,,,,,,,,
496,334009,13,13,0,0,0,0,0,0,0,0,710068,710069,337942,337943,334010,,,,,,,,,,,,,,,,,,,,,,,,,,,,,,,1,1,2,2,1,,,,,,,,,,,,,,,,,,,,,,,,,,,,,,,0,0,0,0,0,,,,,,,,,,,,,,,,,,,,,,,,,,,,,,
497,334009,13,14,0,0,0,0,0,0,0,0,710068,710069,337942,337943,334010,,,,,,,,,,,,,,,,,,,,,,,,,,,,,,,1,1,2,2,1,,,,,,,,,,,,,,,,,,,,,,,,,,,,,,,0,0,0,0,0,,,,,,,,,,,,,,,,,,,,,,,,,,,,,,
498,334009,13,17,0,0,0,0,0,0,0,0,710068,710069,337942,337943,334010,,,,,,,,,,,,,,,,,,,,,,,,,,,,,,,1,1,2,2,1,,,,,,,,,,,,,,,,,,,,,,,,,,,,,,,0,0,0,0,0,,,,,,,,,,,,,,,,,,,,,,,,,,,,,,
499,334009,14,13,0,0,0,0,0,0,0,0,710068,710069,337942,337943,334010,,,,,,,,,,,,,,,,,,,,,,,,,,,,,,,1,1,2,2,1,,,,,,,,,,,,,,,,,,,,,,,,,,,,,,,0,0,0,0,0,,,,,,,,,,,,,,,,,,,,,,,,,,,,,,
500,334009,14,14,0,0,0,0,0,0,0,0,710068,710069,337942,337943,334010,,,,,,,,,,,,,,,,,,,,,,,,,,,,,,,1,1,2,2,1,,,,,,,,,,,,,,,,,,,,,,,,,,,,,,,0,0,0,0,0,,,,,,,,,,,,,,,,,,,,,,,,,,,,,,
501,334009,14,17,0,0,0,0,0,0,0,0,710068,710069,337942,337943,334010,,,,,,,,,,,,,,,,,,,,,,,,,,,,,,,1,1,2,2,1,,,,,,,,,,,,,,,,,,,,,,,,,,,,,,,0,0,0,0,0,,,,,,,,,,,,,,,,,,,,,,,,,,,,,,
502,334009,15,13,0,0,0,0,0,0,0,0,710068,710069,337942,337943,334010,,,,,,,,,,,,,,,,,,,,,,,,,,,,,,,1,1,2,2,1,,,,,,,,,,,,,,,,,,,,,,,,,,,,,,,0,0,0,0,0,,,,,,,,,,,,,,,,,,,,,,,,,,,,,,
503,334009,15,14,0,0,0,0,0,0,0,0,710068,710069,337942,337943,334010,,,,,,,,,,,,,,,,,,,,,,,,,,,,,,,1,1,2,2,1,,,,,,,,,,,,,,,,,,,,,,,,,,,,,,,0,0,0,0,0,,,,,,,,,,,,,,,,,,,,,,,,,,,,,,
504,334009,15,17,0,0,0,0,0,0,0,0,710068,710069,337942,337943,334010,,,,,,,,,,,,,,,,,,,,,,,,,,,,,,,1,1,2,2,1,,,,,,,,,,,,,,,,,,,,,,,,,,,,,,,0,0,0,0,0,,,,,,,,,,,,,,,,,,,,,,,,,,,,,,
505,334009,16,13,0,0,0,0,0,0,0,0,710068,710069,337942,337943,334010,,,,,,,,,,,,,,,,,,,,,,,,,,,,,,,1,1,2,2,1,,,,,,,,,,,,,,,,,,,,,,,,,,,,,,,0,0,0,0,0,,,,,,,,,,,,,,,,,,,,,,,,,,,,,,
506,334009,16,14,0,0,0,0,0,0,0,0,710068,710069,337942,337943,334010,,,,,,,,,,,,,,,,,,,,,,,,,,,,,,,1,1,2,2,1,,,,,,,,,,,,,,,,,,,,,,,,,,,,,,,0,0,0,0,0,,,,,,,,,,,,,,,,,,,,,,,,,,,,,,
507,334009,16,17,0,0,0,0,0,0,0,0,710068,710069,337942,337943,334010,,,,,,,,,,,,,,,,,,,,,,,,,,,,,,,1,1,2,2,1,,,,,,,,,,,,,,,,,,,,,,,,,,,,,,,0,0,0,0,0,,,,,,,,,,,,,,,,,,,,,,,,,,,,,,
508,334009,17,13,0,0,0,0,0,0,0,0,710068,710069,337942,337943,334010,,,,,,,,,,,,,,,,,,,,,,,,,,,,,,,1,1,2,2,1,,,,,,,,,,,,,,,,,,,,,,,,,,,,,,,0,0,0,0,0,,,,,,,,,,,,,,,,,,,,,,,,,,,,,,
509,334009,17,14,0,0,0,0,0,0,0,0,710068,710069,337942,337943,334010,,,,,,,,,,,,,,,,,,,,,,,,,,,,,,,1,1,2,2,1,,,,,,,,,,,,,,,,,,,,,,,,,,,,,,,0,0,0,0,0,,,,,,,,,,,,,,,,,,,,,,,,,,,,,,
510,334009,17,17,0,0,0,0,0,0,0,0,710068,710069,337942,337943,334010,,,,,,,,,,,,,,,,,,,,,,,,,,,,,,,1,1,2,2,1,,,,,,,,,,,,,,,,,,,,,,,,,,,,,,,0,0,0,0,0,,,,,,,,,,,,,,,,,,,,,,,,,,,,,,
511,334010,1,11,0,0,0,0,0,0,0,0,710070,710071,337942,337943,334011,,,,,,,,,,,,,,,,,,,,,,,,,,,,,,,1,1,3,3,1,,,,,,,,,,,,,,,,,,,,,,,,,,,,,,,0,0,0,0,0,,,,,,,,,,,,,,,,,,,,,,,,,,,,,,
512,334010,1,12,0,0,0,0,0,0,0,0,710070,710071,337942,337943,334011,,,,,,,,,,,,,,,,,,,,,,,,,,,,,,,1,1,3,3,1,,,,,,,,,,,,,,,,,,,,,,,,,,,,,,,0,0,0,0,0,,,,,,,,,,,,,,,,,,,,,,,,,,,,,,
513,334010,1,19,0,0,0,0,0,0,0,0,710070,710071,337942,337943,334011,,,,,,,,,,,,,,,,,,,,,,,,,,,,,,,1,1,3,3,1,,,,,,,,,,,,,,,,,,,,,,,,,,,,,,,0,0,0,0,0,,,,,,,,,,,,,,,,,,,,,,,,,,,,,,
514,334010,2,11,0,0,0,0,0,0,0,0,710070,710071,337942,337943,334011,,,,,,,,,,,,,,,,,,,,,,,,,,,,,,,1,1,3,3,1,,,,,,,,,,,,,,,,,,,,,,,,,,,,,,,0,0,0,0,0,,,,,,,,,,,,,,,,,,,,,,,,,,,,,,
515,334010,2,12,0,0,0,0,0,0,0,0,710070,710071,337942,337943,334011,,,,,,,,,,,,,,,,,,,,,,,,,,,,,,,1,1,3,3,1,,,,,,,,,,,,,,,,,,,,,,,,,,,,,,,0,0,0,0,0,,,,,,,,,,,,,,,,,,,,,,,,,,,,,,
516,334010,2,19,0,0,0,0,0,0,0,0,710070,710071,337942,337943,334011,,,,,,,,,,,,,,,,,,,,,,,,,,,,,,,1,1,3,3,1,,,,,,,,,,,,,,,,,,,,,,,,,,,,,,,0,0,0,0,0,,,,,,,,,,,,,,,,,,,,,,,,,,,,,,
517,334010,3,11,0,0,0,0,0,0,0,0,710070,710071,337942,337943,334011,,,,,,,,,,,,,,,,,,,,,,,,,,,,,,,1,1,3,3,1,,,,,,,,,,,,,,,,,,,,,,,,,,,,,,,0,0,0,0,0,,,,,,,,,,,,,,,,,,,,,,,,,,,,,,
518,334010,3,12,0,0,0,0,0,0,0,0,710070,710071,337942,337943,334011,,,,,,,,,,,,,,,,,,,,,,,,,,,,,,,1,1,3,3,1,,,,,,,,,,,,,,,,,,,,,,,,,,,,,,,0,0,0,0,0,,,,,,,,,,,,,,,,,,,,,,,,,,,,,,
519,334010,3,19,0,0,0,0,0,0,0,0,710070,710071,337942,337943,334011,,,,,,,,,,,,,,,,,,,,,,,,,,,,,,,1,1,3,3,1,,,,,,,,,,,,,,,,,,,,,,,,,,,,,,,0,0,0,0,0,,,,,,,,,,,,,,,,,,,,,,,,,,,,,,
520,334010,4,11,0,0,0,0,0,0,0,0,710070,710071,337942,337943,334011,,,,,,,,,,,,,,,,,,,,,,,,,,,,,,,1,1,3,3,1,,,,,,,,,,,,,,,,,,,,,,,,,,,,,,,0,0,0,0,0,,,,,,,,,,,,,,,,,,,,,,,,,,,,,,
521,334010,4,12,0,0,0,0,0,0,0,0,710070,710071,337942,337943,334011,,,,,,,,,,,,,,,,,,,,,,,,,,,,,,,1,1,3,3,1,,,,,,,,,,,,,,,,,,,,,,,,,,,,,,,0,0,0,0,0,,,,,,,,,,,,,,,,,,,,,,,,,,,,,,
522,334010,4,19,0,0,0,0,0,0,0,0,710070,710071,337942,337943,334011,,,,,,,,,,,,,,,,,,,,,,,,,,,,,,,1,1,3,3,1,,,,,,,,,,,,,,,,,,,,,,,,,,,,,,,0,0,0,0,0,,,,,,,,,,,,,,,,,,,,,,,,,,,,,,
523,334010,5,11,0,0,0,0,0,0,0,0,710070,710071,337942,337943,334011,,,,,,,,,,,,,,,,,,,,,,,,,,,,,,,1,1,3,3,1,,,,,,,,,,,,,,,,,,,,,,,,,,,,,,,0,0,0,0,0,,,,,,,,,,,,,,,,,,,,,,,,,,,,,,
524,334010,5,12,0,0,0,0,0,0,0,0,710070,710071,337942,337943,334011,,,,,,,,,,,,,,,,,,,,,,,,,,,,,,,1,1,3,3,1,,,,,,,,,,,,,,,,,,,,,,,,,,,,,,,0,0,0,0,0,,,,,,,,,,,,,,,,,,,,,,,,,,,,,,
525,334010,5,19,0,0,0,0,0,0,0,0,710070,710071,337942,337943,334011,,,,,,,,,,,,,,,,,,,,,,,,,,,,,,,1,1,3,3,1,,,,,,,,,,,,,,,,,,,,,,,,,,,,,,,0,0,0,0,0,,,,,,,,,,,,,,,,,,,,,,,,,,,,,,
526,334010,6,11,0,0,0,0,0,0,0,0,710070,710071,337942,337943,334011,,,,,,,,,,,,,,,,,,,,,,,,,,,,,,,1,1,3,3,1,,,,,,,,,,,,,,,,,,,,,,,,,,,,,,,0,0,0,0,0,,,,,,,,,,,,,,,,,,,,,,,,,,,,,,
527,334010,6,12,0,0,0,0,0,0,0,0,710070,710071,337942,337943,334011,,,,,,,,,,,,,,,,,,,,,,,,,,,,,,,1,1,3,3,1,,,,,,,,,,,,,,,,,,,,,,,,,,,,,,,0,0,0,0,0,,,,,,,,,,,,,,,,,,,,,,,,,,,,,,
528,334010,6,19,0,0,0,0,0,0,0,0,710070,710071,337942,337943,334011,,,,,,,,,,,,,,,,,,,,,,,,,,,,,,,1,1,3,3,1,,,,,,,,,,,,,,,,,,,,,,,,,,,,,,,0,0,0,0,0,,,,,,,,,,,,,,,,,,,,,,,,,,,,,,
529,334010,7,15,0,0,0,0,0,0,0,0,710070,710071,337942,337943,334011,,,,,,,,,,,,,,,,,,,,,,,,,,,,,,,1,1,3,3,1,,,,,,,,,,,,,,,,,,,,,,,,,,,,,,,0,0,0,0,0,,,,,,,,,,,,,,,,,,,,,,,,,,,,,,
530,334010,7,16,0,0,0,0,0,0,0,0,710070,710071,337942,337943,334011,,,,,,,,,,,,,,,,,,,,,,,,,,,,,,,1,1,3,3,1,,,,,,,,,,,,,,,,,,,,,,,,,,,,,,,0,0,0,0,0,,,,,,,,,,,,,,,,,,,,,,,,,,,,,,
531,334010,7,18,0,0,0,0,0,0,0,0,710070,710071,337942,337943,334011,,,,,,,,,,,,,,,,,,,,,,,,,,,,,,,1,1,3,3,1,,,,,,,,,,,,,,,,,,,,,,,,,,,,,,,0,0,0,0,0,,,,,,,,,,,,,,,,,,,,,,,,,,,,,,
532,334010,8,15,0,0,0,0,0,0,0,0,710070,710071,337942,337943,334011,,,,,,,,,,,,,,,,,,,,,,,,,,,,,,,1,1,3,3,1,,,,,,,,,,,,,,,,,,,,,,,,,,,,,,,0,0,0,0,0,,,,,,,,,,,,,,,,,,,,,,,,,,,,,,
533,334010,8,16,0,0,0,0,0,0,0,0,710070,710071,337942,337943,334011,,,,,,,,,,,,,,,,,,,,,,,,,,,,,,,1,1,3,3,1,,,,,,,,,,,,,,,,,,,,,,,,,,,,,,,0,0,0,0,0,,,,,,,,,,,,,,,,,,,,,,,,,,,,,,
534,334010,8,18,0,0,0,0,0,0,0,0,710070,710071,337942,337943,334011,,,,,,,,,,,,,,,,,,,,,,,,,,,,,,,1,1,3,3,1,,,,,,,,,,,,,,,,,,,,,,,,,,,,,,,0,0,0,0,0,,,,,,,,,,,,,,,,,,,,,,,,,,,,,,
535,334010,9,15,0,0,0,0,0,0,0,0,710070,710071,337942,337943,334011,,,,,,,,,,,,,,,,,,,,,,,,,,,,,,,1,1,3,3,1,,,,,,,,,,,,,,,,,,,,,,,,,,,,,,,0,0,0,0,0,,,,,,,,,,,,,,,,,,,,,,,,,,,,,,
536,334010,9,16,0,0,0,0,0,0,0,0,710070,710071,337942,337943,334011,,,,,,,,,,,,,,,,,,,,,,,,,,,,,,,1,1,3,3,1,,,,,,,,,,,,,,,,,,,,,,,,,,,,,,,0,0,0,0,0,,,,,,,,,,,,,,,,,,,,,,,,,,,,,,
537,334010,9,18,0,0,0,0,0,0,0,0,710070,710071,337942,337943,334011,,,,,,,,,,,,,,,,,,,,,,,,,,,,,,,1,1,3,3,1,,,,,,,,,,,,,,,,,,,,,,,,,,,,,,,0,0,0,0,0,,,,,,,,,,,,,,,,,,,,,,,,,,,,,,
538,334010,10,15,0,0,0,0,0,0,0,0,710070,710071,337942,337943,334011,,,,,,,,,,,,,,,,,,,,,,,,,,,,,,,1,1,3,3,1,,,,,,,,,,,,,,,,,,,,,,,,,,,,,,,0,0,0,0,0,,,,,,,,,,,,,,,,,,,,,,,,,,,,,,
539,334010,10,16,0,0,0,0,0,0,0,0,710070,710071,337942,337943,334011,,,,,,,,,,,,,,,,,,,,,,,,,,,,,,,1,1,3,3,1,,,,,,,,,,,,,,,,,,,,,,,,,,,,,,,0,0,0,0,0,,,,,,,,,,,,,,,,,,,,,,,,,,,,,,
540,334010,10,18,0,0,0,0,0,0,0,0,710070,710071,337942,337943,334011,,,,,,,,,,,,,,,,,,,,,,,,,,,,,,,1,1,3,3,1,,,,,,,,,,,,,,,,,,,,,,,,,,,,,,,0,0,0,0,0,,,,,,,,,,,,,,,,,,,,,,,,,,,,,,
541,334010,11,15,0,0,0,0,0,0,0,0,710070,710071,337942,337943,334011,,,,,,,,,,,,,,,,,,,,,,,,,,,,,,,1,1,3,3,1,,,,,,,,,,,,,,,,,,,,,,,,,,,,,,,0,0,0,0,0,,,,,,,,,,,,,,,,,,,,,,,,,,,,,,
542,334010,11,16,0,0,0,0,0,0,0,0,710070,710071,337942,337943,334011,,,,,,,,,,,,,,,,,,,,,,,,,,,,,,,1,1,3,3,1,,,,,,,,,,,,,,,,,,,,,,,,,,,,,,,0,0,0,0,0,,,,,,,,,,,,,,,,,,,,,,,,,,,,,,
543,334010,11,18,0,0,0,0,0,0,0,0,710070,710071,337942,337943,334011,,,,,,,,,,,,,,,,,,,,,,,,,,,,,,,1,1,3,3,1,,,,,,,,,,,,,,,,,,,,,,,,,,,,,,,0,0,0,0,0,,,,,,,,,,,,,,,,,,,,,,,,,,,,,,
544,334010,12,15,0,0,0,0,0,0,0,0,710070,710071,337942,337943,334011,,,,,,,,,,,,,,,,,,,,,,,,,,,,,,,1,1,3,3,1,,,,,,,,,,,,,,,,,,,,,,,,,,,,,,,0,0,0,0,0,,,,,,,,,,,,,,,,,,,,,,,,,,,,,,
545,334010,12,16,0,0,0,0,0,0,0,0,710070,710071,337942,337943,334011,,,,,,,,,,,,,,,,,,,,,,,,,,,,,,,1,1,3,3,1,,,,,,,,,,,,,,,,,,,,,,,,,,,,,,,0,0,0,0,0,,,,,,,,,,,,,,,,,,,,,,,,,,,,,,
546,334010,12,18,0,0,0,0,0,0,0,0,710070,710071,337942,337943,334011,,,,,,,,,,,,,,,,,,,,,,,,,,,,,,,1,1,3,3,1,,,,,,,,,,,,,,,,,,,,,,,,,,,,,,,0,0,0,0,0,,,,,,,,,,,,,,,,,,,,,,,,,,,,,,
547,334010,13,13,0,0,0,0,0,0,0,0,710070,710071,337942,337943,334011,,,,,,,,,,,,,,,,,,,,,,,,,,,,,,,1,1,3,3,1,,,,,,,,,,,,,,,,,,,,,,,,,,,,,,,0,0,0,0,0,,,,,,,,,,,,,,,,,,,,,,,,,,,,,,
548,334010,13,14,0,0,0,0,0,0,0,0,710070,710071,337942,337943,334011,,,,,,,,,,,,,,,,,,,,,,,,,,,,,,,1,1,3,3,1,,,,,,,,,,,,,,,,,,,,,,,,,,,,,,,0,0,0,0,0,,,,,,,,,,,,,,,,,,,,,,,,,,,,,,
549,334010,13,17,0,0,0,0,0,0,0,0,710070,710071,337942,337943,334011,,,,,,,,,,,,,,,,,,,,,,,,,,,,,,,1,1,3,3,1,,,,,,,,,,,,,,,,,,,,,,,,,,,,,,,0,0,0,0,0,,,,,,,,,,,,,,,,,,,,,,,,,,,,,,
550,334010,14,13,0,0,0,0,0,0,0,0,710070,710071,337942,337943,334011,,,,,,,,,,,,,,,,,,,,,,,,,,,,,,,1,1,3,3,1,,,,,,,,,,,,,,,,,,,,,,,,,,,,,,,0,0,0,0,0,,,,,,,,,,,,,,,,,,,,,,,,,,,,,,
551,334010,14,14,0,0,0,0,0,0,0,0,710070,710071,337942,337943,334011,,,,,,,,,,,,,,,,,,,,,,,,,,,,,,,1,1,3,3,1,,,,,,,,,,,,,,,,,,,,,,,,,,,,,,,0,0,0,0,0,,,,,,,,,,,,,,,,,,,,,,,,,,,,,,
552,334010,14,17,0,0,0,0,0,0,0,0,710070,710071,337942,337943,334011,,,,,,,,,,,,,,,,,,,,,,,,,,,,,,,1,1,3,3,1,,,,,,,,,,,,,,,,,,,,,,,,,,,,,,,0,0,0,0,0,,,,,,,,,,,,,,,,,,,,,,,,,,,,,,
553,334010,15,13,0,0,0,0,0,0,0,0,710070,710071,337942,337943,334011,,,,,,,,,,,,,,,,,,,,,,,,,,,,,,,1,1,3,3,1,,,,,,,,,,,,,,,,,,,,,,,,,,,,,,,0,0,0,0,0,,,,,,,,,,,,,,,,,,,,,,,,,,,,,,
554,334010,15,14,0,0,0,0,0,0,0,0,710070,710071,337942,337943,334011,,,,,,,,,,,,,,,,,,,,,,,,,,,,,,,1,1,3,3,1,,,,,,,,,,,,,,,,,,,,,,,,,,,,,,,0,0,0,0,0,,,,,,,,,,,,,,,,,,,,,,,,,,,,,,
555,334010,15,17,0,0,0,0,0,0,0,0,710070,710071,337942,337943,334011,,,,,,,,,,,,,,,,,,,,,,,,,,,,,,,1,1,3,3,1,,,,,,,,,,,,,,,,,,,,,,,,,,,,,,,0,0,0,0,0,,,,,,,,,,,,,,,,,,,,,,,,,,,,,,
556,334010,16,13,0,0,0,0,0,0,0,0,710070,710071,337942,337943,334011,,,,,,,,,,,,,,,,,,,,,,,,,,,,,,,1,1,3,3,1,,,,,,,,,,,,,,,,,,,,,,,,,,,,,,,0,0,0,0,0,,,,,,,,,,,,,,,,,,,,,,,,,,,,,,
557,334010,16,14,0,0,0,0,0,0,0,0,710070,710071,337942,337943,334011,,,,,,,,,,,,,,,,,,,,,,,,,,,,,,,1,1,3,3,1,,,,,,,,,,,,,,,,,,,,,,,,,,,,,,,0,0,0,0,0,,,,,,,,,,,,,,,,,,,,,,,,,,,,,,
558,334010,16,17,0,0,0,0,0,0,0,0,710070,710071,337942,337943,334011,,,,,,,,,,,,,,,,,,,,,,,,,,,,,,,1,1,3,3,1,,,,,,,,,,,,,,,,,,,,,,,,,,,,,,,0,0,0,0,0,,,,,,,,,,,,,,,,,,,,,,,,,,,,,,
559,334010,17,13,0,0,0,0,0,0,0,0,710070,710071,337942,337943,334011,,,,,,,,,,,,,,,,,,,,,,,,,,,,,,,1,1,3,3,1,,,,,,,,,,,,,,,,,,,,,,,,,,,,,,,0,0,0,0,0,,,,,,,,,,,,,,,,,,,,,,,,,,,,,,
560,334010,17,14,0,0,0,0,0,0,0,0,710070,710071,337942,337943,334011,,,,,,,,,,,,,,,,,,,,,,,,,,,,,,,1,1,3,3,1,,,,,,,,,,,,,,,,,,,,,,,,,,,,,,,0,0,0,0,0,,,,,,,,,,,,,,,,,,,,,,,,,,,,,,
561,334010,17,17,0,0,0,0,0,0,0,0,710070,710071,337942,337943,334011,,,,,,,,,,,,,,,,,,,,,,,,,,,,,,,1,1,3,3,1,,,,,,,,,,,,,,,,,,,,,,,,,,,,,,,0,0,0,0,0,,,,,,,,,,,,,,,,,,,,,,,,,,,,,,
562,334011,1,11,0,0,0,0,0,0,0,0,600050,600050,337942,337943,,,,,,,,,,,,,,,,,,,,,,,,,,,,,,,,1,1,5,5,,,,,,,,,,,,,,,,,,,,,,,,,,,,,,,,0,0,0,0,,,,,,,,,,,,,,,,,,,,,,,,,,,,,,,
563,334011,1,12,0,0,0,0,0,0,0,0,600050,600050,337942,337943,,,,,,,,,,,,,,,,,,,,,,,,,,,,,,,,1,1,5,5,,,,,,,,,,,,,,,,,,,,,,,,,,,,,,,,0,0,0,0,,,,,,,,,,,,,,,,,,,,,,,,,,,,,,,
564,334011,1,19,0,0,0,0,0,0,0,0,600050,600050,337942,337943,,,,,,,,,,,,,,,,,,,,,,,,,,,,,,,,1,1,5,5,,,,,,,,,,,,,,,,,,,,,,,,,,,,,,,,0,0,0,0,,,,,,,,,,,,,,,,,,,,,,,,,,,,,,,
565,334011,2,11,0,0,0,0,0,0,0,0,600050,600050,337942,337943,,,,,,,,,,,,,,,,,,,,,,,,,,,,,,,,1,1,5,5,,,,,,,,,,,,,,,,,,,,,,,,,,,,,,,,0,0,0,0,,,,,,,,,,,,,,,,,,,,,,,,,,,,,,,
566,334011,2,12,0,0,0,0,0,0,0,0,600050,600050,337942,337943,,,,,,,,,,,,,,,,,,,,,,,,,,,,,,,,1,1,5,5,,,,,,,,,,,,,,,,,,,,,,,,,,,,,,,,0,0,0,0,,,,,,,,,,,,,,,,,,,,,,,,,,,,,,,
567,334011,2,19,0,0,0,0,0,0,0,0,600050,600050,337942,337943,,,,,,,,,,,,,,,,,,,,,,,,,,,,,,,,1,1,5,5,,,,,,,,,,,,,,,,,,,,,,,,,,,,,,,,0,0,0,0,,,,,,,,,,,,,,,,,,,,,,,,,,,,,,,
568,334011,3,11,0,0,0,0,0,0,0,0,600050,600050,337942,337943,,,,,,,,,,,,,,,,,,,,,,,,,,,,,,,,1,1,5,5,,,,,,,,,,,,,,,,,,,,,,,,,,,,,,,,0,0,0,0,,,,,,,,,,,,,,,,,,,,,,,,,,,,,,,
569,334011,3,12,0,0,0,0,0,0,0,0,600050,600050,337942,337943,,,,,,,,,,,,,,,,,,,,,,,,,,,,,,,,1,1,5,5,,,,,,,,,,,,,,,,,,,,,,,,,,,,,,,,0,0,0,0,,,,,,,,,,,,,,,,,,,,,,,,,,,,,,,
570,334011,3,19,0,0,0,0,0,0,0,0,600050,600050,337942,337943,,,,,,,,,,,,,,,,,,,,,,,,,,,,,,,,1,1,5,5,,,,,,,,,,,,,,,,,,,,,,,,,,,,,,,,0,0,0,0,,,,,,,,,,,,,,,,,,,,,,,,,,,,,,,
571,334011,4,11,0,0,0,0,0,0,0,0,600050,600050,337942,337943,,,,,,,,,,,,,,,,,,,,,,,,,,,,,,,,1,1,5,5,,,,,,,,,,,,,,,,,,,,,,,,,,,,,,,,0,0,0,0,,,,,,,,,,,,,,,,,,,,,,,,,,,,,,,
572,334011,4,12,0,0,0,0,0,0,0,0,600050,600050,337942,337943,,,,,,,,,,,,,,,,,,,,,,,,,,,,,,,,1,1,5,5,,,,,,,,,,,,,,,,,,,,,,,,,,,,,,,,0,0,0,0,,,,,,,,,,,,,,,,,,,,,,,,,,,,,,,
573,334011,4,19,0,0,0,0,0,0,0,0,600050,600050,337942,337943,,,,,,,,,,,,,,,,,,,,,,,,,,,,,,,,1,1,5,5,,,,,,,,,,,,,,,,,,,,,,,,,,,,,,,,0,0,0,0,,,,,,,,,,,,,,,,,,,,,,,,,,,,,,,
574,334011,5,11,0,0,0,0,0,0,0,0,600050,600050,337942,337943,,,,,,,,,,,,,,,,,,,,,,,,,,,,,,,,1,1,5,5,,,,,,,,,,,,,,,,,,,,,,,,,,,,,,,,0,0,0,0,,,,,,,,,,,,,,,,,,,,,,,,,,,,,,,
575,334011,5,12,0,0,0,0,0,0,0,0,600050,600050,337942,337943,,,,,,,,,,,,,,,,,,,,,,,,,,,,,,,,1,1,5,5,,,,,,,,,,,,,,,,,,,,,,,,,,,,,,,,0,0,0,0,,,,,,,,,,,,,,,,,,,,,,,,,,,,,,,
576,334011,5,19,0,0,0,0,0,0,0,0,600050,600050,337942,337943,,,,,,,,,,,,,,,,,,,,,,,,,,,,,,,,1,1,5,5,,,,,,,,,,,,,,,,,,,,,,,,,,,,,,,,0,0,0,0,,,,,,,,,,,,,,,,,,,,,,,,,,,,,,,
577,334011,6,11,0,0,0,0,0,0,0,0,600050,600050,337942,337943,,,,,,,,,,,,,,,,,,,,,,,,,,,,,,,,1,1,5,5,,,,,,,,,,,,,,,,,,,,,,,,,,,,,,,,0,0,0,0,,,,,,,,,,,,,,,,,,,,,,,,,,,,,,,
578,334011,6,12,0,0,0,0,0,0,0,0,600050,600050,337942,337943,,,,,,,,,,,,,,,,,,,,,,,,,,,,,,,,1,1,5,5,,,,,,,,,,,,,,,,,,,,,,,,,,,,,,,,0,0,0,0,,,,,,,,,,,,,,,,,,,,,,,,,,,,,,,
579,334011,6,19,0,0,0,0,0,0,0,0,600050,600050,337942,337943,,,,,,,,,,,,,,,,,,,,,,,,,,,,,,,,1,1,5,5,,,,,,,,,,,,,,,,,,,,,,,,,,,,,,,,0,0,0,0,,,,,,,,,,,,,,,,,,,,,,,,,,,,,,,
580,334011,7,15,0,0,0,0,0,0,0,0,600050,600050,337942,337943,,,,,,,,,,,,,,,,,,,,,,,,,,,,,,,,1,1,5,5,,,,,,,,,,,,,,,,,,,,,,,,,,,,,,,,0,0,0,0,,,,,,,,,,,,,,,,,,,,,,,,,,,,,,,
581,334011,7,16,0,0,0,0,0,0,0,0,600050,600050,337942,337943,,,,,,,,,,,,,,,,,,,,,,,,,,,,,,,,1,1,5,5,,,,,,,,,,,,,,,,,,,,,,,,,,,,,,,,0,0,0,0,,,,,,,,,,,,,,,,,,,,,,,,,,,,,,,
582,334011,7,18,0,0,0,0,0,0,0,0,600050,600050,337942,337943,,,,,,,,,,,,,,,,,,,,,,,,,,,,,,,,1,1,5,5,,,,,,,,,,,,,,,,,,,,,,,,,,,,,,,,0,0,0,0,,,,,,,,,,,,,,,,,,,,,,,,,,,,,,,
583,334011,8,15,0,0,0,0,0,0,0,0,600050,600050,337942,337943,,,,,,,,,,,,,,,,,,,,,,,,,,,,,,,,1,1,5,5,,,,,,,,,,,,,,,,,,,,,,,,,,,,,,,,0,0,0,0,,,,,,,,,,,,,,,,,,,,,,,,,,,,,,,
584,334011,8,16,0,0,0,0,0,0,0,0,600050,600050,337942,337943,,,,,,,,,,,,,,,,,,,,,,,,,,,,,,,,1,1,5,5,,,,,,,,,,,,,,,,,,,,,,,,,,,,,,,,0,0,0,0,,,,,,,,,,,,,,,,,,,,,,,,,,,,,,,
585,334011,8,18,0,0,0,0,0,0,0,0,600050,600050,337942,337943,,,,,,,,,,,,,,,,,,,,,,,,,,,,,,,,1,1,5,5,,,,,,,,,,,,,,,,,,,,,,,,,,,,,,,,0,0,0,0,,,,,,,,,,,,,,,,,,,,,,,,,,,,,,,
586,334011,9,15,0,0,0,0,0,0,0,0,600050,600050,337942,337943,,,,,,,,,,,,,,,,,,,,,,,,,,,,,,,,1,1,5,5,,,,,,,,,,,,,,,,,,,,,,,,,,,,,,,,0,0,0,0,,,,,,,,,,,,,,,,,,,,,,,,,,,,,,,
587,334011,9,16,0,0,0,0,0,0,0,0,600050,600050,337942,337943,,,,,,,,,,,,,,,,,,,,,,,,,,,,,,,,1,1,5,5,,,,,,,,,,,,,,,,,,,,,,,,,,,,,,,,0,0,0,0,,,,,,,,,,,,,,,,,,,,,,,,,,,,,,,
588,334011,9,18,0,0,0,0,0,0,0,0,600050,600050,337942,337943,,,,,,,,,,,,,,,,,,,,,,,,,,,,,,,,1,1,5,5,,,,,,,,,,,,,,,,,,,,,,,,,,,,,,,,0,0,0,0,,,,,,,,,,,,,,,,,,,,,,,,,,,,,,,
589,334011,10,15,0,0,0,0,0,0,0,0,600050,600050,337942,337943,,,,,,,,,,,,,,,,,,,,,,,,,,,,,,,,1,1,5,5,,,,,,,,,,,,,,,,,,,,,,,,,,,,,,,,0,0,0,0,,,,,,,,,,,,,,,,,,,,,,,,,,,,,,,
590,334011,10,16,0,0,0,0,0,0,0,0,600050,600050,337942,337943,,,,,,,,,,,,,,,,,,,,,,,,,,,,,,,,1,1,5,5,,,,,,,,,,,,,,,,,,,,,,,,,,,,,,,,0,0,0,0,,,,,,,,,,,,,,,,,,,,,,,,,,,,,,,
591,334011,10,18,0,0,0,0,0,0,0,0,600050,600050,337942,337943,,,,,,,,,,,,,,,,,,,,,,,,,,,,,,,,1,1,5,5,,,,,,,,,,,,,,,,,,,,,,,,,,,,,,,,0,0,0,0,,,,,,,,,,,,,,,,,,,,,,,,,,,,,,,
592,334011,11,15,0,0,0,0,0,0,0,0,600050,600050,337942,337943,,,,,,,,,,,,,,,,,,,,,,,,,,,,,,,,1,1,5,5,,,,,,,,,,,,,,,,,,,,,,,,,,,,,,,,0,0,0,0,,,,,,,,,,,,,,,,,,,,,,,,,,,,,,,
593,334011,11,16,0,0,0,0,0,0,0,0,600050,600050,337942,337943,,,,,,,,,,,,,,,,,,,,,,,,,,,,,,,,1,1,5,5,,,,,,,,,,,,,,,,,,,,,,,,,,,,,,,,0,0,0,0,,,,,,,,,,,,,,,,,,,,,,,,,,,,,,,
594,334011,11,18,0,0,0,0,0,0,0,0,600050,600050,337942,337943,,,,,,,,,,,,,,,,,,,,,,,,,,,,,,,,1,1,5,5,,,,,,,,,,,,,,,,,,,,,,,,,,,,,,,,0,0,0,0,,,,,,,,,,,,,,,,,,,,,,,,,,,,,,,
595,334011,12,15,0,0,0,0,0,0,0,0,600050,600050,337942,337943,,,,,,,,,,,,,,,,,,,,,,,,,,,,,,,,1,1,5,5,,,,,,,,,,,,,,,,,,,,,,,,,,,,,,,,0,0,0,0,,,,,,,,,,,,,,,,,,,,,,,,,,,,,,,
596,334011,12,16,0,0,0,0,0,0,0,0,600050,600050,337942,337943,,,,,,,,,,,,,,,,,,,,,,,,,,,,,,,,1,1,5,5,,,,,,,,,,,,,,,,,,,,,,,,,,,,,,,,0,0,0,0,,,,,,,,,,,,,,,,,,,,,,,,,,,,,,,
597,334011,12,18,0,0,0,0,0,0,0,0,600050,600050,337942,337943,,,,,,,,,,,,,,,,,,,,,,,,,,,,,,,,1,1,5,5,,,,,,,,,,,,,,,,,,,,,,,,,,,,,,,,0,0,0,0,,,,,,,,,,,,,,,,,,,,,,,,,,,,,,,
598,334011,13,13,0,0,0,0,0,0,0,0,600050,600050,337942,337943,,,,,,,,,,,,,,,,,,,,,,,,,,,,,,,,1,1,5,5,,,,,,,,,,,,,,,,,,,,,,,,,,,,,,,,0,0,0,0,,,,,,,,,,,,,,,,,,,,,,,,,,,,,,,
599,334011,13,14,0,0,0,0,0,0,0,0,600050,600050,337942,337943,,,,,,,,,,,,,,,,,,,,,,,,,,,,,,,,1,1,5,5,,,,,,,,,,,,,,,,,,,,,,,,,,,,,,,,0,0,0,0,,,,,,,,,,,,,,,,,,,,,,,,,,,,,,,
600,334011,13,17,0,0,0,0,0,0,0,0,600050,600050,337942,337943,,,,,,,,,,,,,,,,,,,,,,,,,,,,,,,,1,1,5,5,,,,,,,,,,,,,,,,,,,,,,,,,,,,,,,,0,0,0,0,,,,,,,,,,,,,,,,,,,,,,,,,,,,,,,
601,334011,14,13,0,0,0,0,0,0,0,0,600050,600050,337942,337943,,,,,,,,,,,,,,,,,,,,,,,,,,,,,,,,1,1,5,5,,,,,,,,,,,,,,,,,,,,,,,,,,,,,,,,0,0,0,0,,,,,,,,,,,,,,,,,,,,,,,,,,,,,,,
602,334011,14,14,0,0,0,0,0,0,0,0,600050,600050,337942,337943,,,,,,,,,,,,,,,,,,,,,,,,,,,,,,,,1,1,5,5,,,,,,,,,,,,,,,,,,,,,,,,,,,,,,,,0,0,0,0,,,,,,,,,,,,,,,,,,,,,,,,,,,,,,,
603,334011,14,17,0,0,0,0,0,0,0,0,600050,600050,337942,337943,,,,,,,,,,,,,,,,,,,,,,,,,,,,,,,,1,1,5,5,,,,,,,,,,,,,,,,,,,,,,,,,,,,,,,,0,0,0,0,,,,,,,,,,,,,,,,,,,,,,,,,,,,,,,
604,334011,15,13,0,0,0,0,0,0,0,0,600050,600050,337942,337943,,,,,,,,,,,,,,,,,,,,,,,,,,,,,,,,1,1,5,5,,,,,,,,,,,,,,,,,,,,,,,,,,,,,,,,0,0,0,0,,,,,,,,,,,,,,,,,,,,,,,,,,,,,,,
605,334011,15,14,0,0,0,0,0,0,0,0,600050,600050,337942,337943,,,,,,,,,,,,,,,,,,,,,,,,,,,,,,,,1,1,5,5,,,,,,,,,,,,,,,,,,,,,,,,,,,,,,,,0,0,0,0,,,,,,,,,,,,,,,,,,,,,,,,,,,,,,,
606,334011,15,17,0,0,0,0,0,0,0,0,600050,600050,337942,337943,,,,,,,,,,,,,,,,,,,,,,,,,,,,,,,,1,1,5,5,,,,,,,,,,,,,,,,,,,,,,,,,,,,,,,,0,0,0,0,,,,,,,,,,,,,,,,,,,,,,,,,,,,,,,
607,334011,16,13,0,0,0,0,0,0,0,0,600050,600050,337942,337943,,,,,,,,,,,,,,,,,,,,,,,,,,,,,,,,1,1,5,5,,,,,,,,,,,,,,,,,,,,,,,,,,,,,,,,0,0,0,0,,,,,,,,,,,,,,,,,,,,,,,,,,,,,,,
608,334011,16,14,0,0,0,0,0,0,0,0,600050,600050,337942,337943,,,,,,,,,,,,,,,,,,,,,,,,,,,,,,,,1,1,5,5,,,,,,,,,,,,,,,,,,,,,,,,,,,,,,,,0,0,0,0,,,,,,,,,,,,,,,,,,,,,,,,,,,,,,,
609,334011,16,17,0,0,0,0,0,0,0,0,600050,600050,337942,337943,,,,,,,,,,,,,,,,,,,,,,,,,,,,,,,,1,1,5,5,,,,,,,,,,,,,,,,,,,,,,,,,,,,,,,,0,0,0,0,,,,,,,,,,,,,,,,,,,,,,,,,,,,,,,
610,334011,17,13,0,0,0,0,0,0,0,0,600050,600050,337942,337943,,,,,,,,,,,,,,,,,,,,,,,,,,,,,,,,1,1,5,5,,,,,,,,,,,,,,,,,,,,,,,,,,,,,,,,0,0,0,0,,,,,,,,,,,,,,,,,,,,,,,,,,,,,,,
611,334011,17,14,0,0,0,0,0,0,0,0,600050,600050,337942,337943,,,,,,,,,,,,,,,,,,,,,,,,,,,,,,,,1,1,5,5,,,,,,,,,,,,,,,,,,,,,,,,,,,,,,,,0,0,0,0,,,,,,,,,,,,,,,,,,,,,,,,,,,,,,,
612,334011,17,17,0,0,0,0,0,0,0,0,600050,600050,337942,337943,,,,,,,,,,,,,,,,,,,,,,,,,,,,,,,,1,1,5,5,,,,,,,,,,,,,,,,,,,,,,,,,,,,,,,,0,0,0,0,,,,,,,,,,,,,,,,,,,,,,,,,,,,,,,
613,335000,0,,0,0,0,0,0,0,2,1000000,,,,,,,,,,,,,,,,,,,,,,,,,,,,,,,,,,,,,,,,,,,,,,,,,,,,,,,,,,,,,,,,,,,,,,,,,,,,,,,,,,,,,,,,,,,,,,,,,,,,,,,,,
614,335001,0,,0,0,0,0,0,0,1,10000,,,,,,,,,,,,,,,,,,,,,,,,,,,,,,,,,,,,,,,,,,,,,,,,,,,,,,,,,,,,,,,,,,,,,,,,,,,,,,,,,,,,,,,,,,,,,,,,,,,,,,,,,
615,335002,0,,0,0,0,0,0,0,1,200000,,,,,,,,,,,,,,,,,,,,,,,,,,,,,,,,,,,,,,,,,,,,,,,,,,,,,,,,,,,,,,,,,,,,,,,,,,,,,,,,,,,,,,,,,,,,,,,,,,,,,,,,,
616,335010,0,,0,0,0,0,0,0,2,100,,,,,,,,,,,,,,,,,,,,,,,,,,,,,,,,,,,,,,,,,,,,,,,,,,,,,,,,,,,,,,,,,,,,,,,,,,,,,,,,,,,,,,,,,,,,,,,,,,,,,,,,,
617,335011,0,,0,0,0,0,0,0,2,500,,,,,,,,,,,,,,,,,,,,,,,,,,,,,,,,,,,,,,,,,,,,,,,,,,,,,,,,,,,,,,,,,,,,,,,,,,,,,,,,,,,,,,,,,,,,,,,,,,,,,,,,,
618,335012,0,,0,0,0,0,0,0,2,1000,,,,,,,,,,,,,,,,,,,,,,,,,,,,,,,,,,,,,,,,,,,,,,,,,,,,,,,,,,,,,,,,,,,,,,,,,,,,,,,,,,,,,,,,,,,,,,,,,,,,,,,,,
619,335020,0,,0,0,0,0,20000,0,,,,,,,,,,,,,,,,,,,,,,,,,,,,,,,,,,,,,,,,,,,,,,,,,,,,,,,,,,,,,,,,,,,,,,,,,,,,,,,,,,,,,,,,,,,,,,,,,,,,,,,,,,,
620,335021,0,,0,0,0,0,0,0,9,30000000,,,,,,,,,,,,,,,,,,,,,,,,,,,,,,,,,,,,,,,,,,,,,,,,,,,,,,,,,,,,,,,,,,,,,,,,,,,,,,,,,,,,,,,,,,,,,,,,,,,,,,,,,
621,335022,0,,0,0,0,0,100,0,,,,,,,,,,,,,,,,,,,,,,,,,,,,,,,,,,,,,,,,,,,,,,,,,,,,,,,,,,,,,,,,,,,,,,,,,,,,,,,,,,,,,,,,,,,,,,,,,,,,,,,,,,,
622,335030,0,,0,0,0,0,0,0,4,120,,,,,,,,,,,,,,,,,,,,,,,,,,,,,,,,,,,,,,,,,,,,,,,,,,,,,,,,,,,,,,,,,,,,,,,,,,,,,,,,,,,,,,,,,,,,,,,,,,,,,,,,,
623,335031,0,,0,0,0,0,0,0,4,500,,,,,,,,,,,,,,,,,,,,,,,,,,,,,,,,,,,,,,,,,,,,,,,,,,,,,,,,,,,,,,,,,,,,,,,,,,,,,,,,,,,,,,,,,,,,,,,,,,,,,,,,,
624,335032,0,,0,0,0,0,0,0,4,1000,,,,,,,,,,,,,,,,,,,,,,,,,,,,,,,,,,,,,,,,,,,,,,,,,,,,,,,,,,,,,,,,,,,,,,,,,,,,,,,,,,,,,,,,,,,,,,,,,,,,,,,,,
625,335040,0,,0,0,0,0,0,0,5,10,,,,,,,,,,,,,,,,,,,,,,,,,,,,,,,,,,,,,,,,,,,,,,,,,,,,,,,,,,,,,,,,,,,,,,,,,,,,,,,,,,,,,,,,,,,,,,,,,,,,,,,,,
626,335041,0,,0,0,0,0,0,0,5,20,,,,,,,,,,,,,,,,,,,,,,,,,,,,,,,,,,,,,,,,,,,,,,,,,,,,,,,,,,,,,,,,,,,,,,,,,,,,,,,,,,,,,,,,,,,,,,,,,,,,,,,,,
627,335042,0,,0,0,0,0,0,0,5,3000,,,,,,,,,,,,,,,,,,,,,,,,,,,,,,,,,,,,,,,,,,,,,,,,,,,,,,,,,,,,,,,,,,,,,,,,,,,,,,,,,,,,,,,,,,,,,,,,,,,,,,,,,
628,335050,0,,0,0,0,0,0,0,6,10000,,,,,,,,,,,,,,,,,,,,,,,,,,,,,,,,,,,,,,,,,,,,,,,,,,,,,,,,,,,,,,,,,,,,,,,,,,,,,,,,,,,,,,,,,,,,,,,,,,,,,,,,,
629,335051,0,,0,0,0,0,0,0,6,50000,,,,,,,,,,,,,,,,,,,,,,,,,,,,,,,,,,,,,,,,,,,,,,,,,,,,,,,,,,,,,,,,,,,,,,,,,,,,,,,,,,,,,,,,,,,,,,,,,,,,,,,,,
630,335052,0,,0,0,0,0,0,0,6,100000,,,,,,,,,,,,,,,,,,,,,,,,,,,,,,,,,,,,,,,,,,,,,,,,,,,,,,,,,,,,,,,,,,,,,,,,,,,,,,,,,,,,,,,,,,,,,,,,,,,,,,,,,
631,335060,0,,0,0,0,0,0,0,5,10,,,,,,,,,,,,,,,,,,,,,,,,,,,,,,,,,,,,,,,,,,,,,,,,,,,,,,,,,,,,,,,,,,,,,,,,,,,,,,,,,,,,,,,,,,,,,,,,,,,,,,,,,
632,335061,0,,0,0,0,0,0,0,5,50,,,,,,,,,,,,,,,,,,,,,,,,,,,,,,,,,,,,,,,,,,,,,,,,,,,,,,,,,,,,,,,,,,,,,,,,,,,,,,,,,,,,,,,,,,,,,,,,,,,,,,,,,
633,335062,0,,0,0,0,0,0,0,5,5,,,,,,,,,,,,,,,,,,,,,,,,,,,,,,,,,,,,,,,,,,,,,,,,,,,,,,,,,,,,,,,,,,,,,,,,,,,,,,,,,,,,,,,,,,,,,,,,,,,,,,,,,
634,335070,0,,0,0,0,0,0,0,8,10,,,,,,,,,,,,,,,,,,,,,,,,,,,,,,,,,,,,,,,,,,,,,,,,,,,,,,,,,,,,,,,,,,,,,,,,,,,,,,,,,,,,,,,,,,,,,,,,,,,,,,,,,
635,335071,0,,0,0,0,0,0,0,8,50,,,,,,,,,,,,,,,,,,,,,,,,,,,,,,,,,,,,,,,,,,,,,,,,,,,,,,,,,,,,,,,,,,,,,,,,,,,,,,,,,,,,,,,,,,,,,,,,,,,,,,,,,
636,335072,0,,0,0,0,0,0,0,8,100,,,,,,,,,,,,,,,,,,,,,,,,,,,,,,,,,,,,,,,,,,,,,,,,,,,,,,,,,,,,,,,,,,,,,,,,,,,,,,,,,,,,,,,,,,,,,,,,,,,,,,,,,
637,335080,0,,0,0,0,0,0,0,7,10,,,,,,,,,,,,,,,,,,,,,,,,,,,,,,,,,,,,,,,,,,,,,,,,,,,,,,,,,,,,,,,,,,,,,,,,,,,,,,,,,,,,,,,,,,,,,,,,,,,,,,,,,
638,335081,0,,0,0,0,0,0,0,7,50,,,,,,,,,,,,,,,,,,,,,,,,,,,,,,,,,,,,,,,,,,,,,,,,,,,,,,,,,,,,,,,,,,,,,,,,,,,,,,,,,,,,,,,,,,,,,,,,,,,,,,,,,
639,335082,0,,0,0,0,0,0,0,7,100,,,,,,,,,,,,,,,,,,,,,,,,,,,,,,,,,,,,,,,,,,,,,,,,,,,,,,,,,,,,,,,,,,,,,,,,,,,,,,,,,,,,,,,,,,,,,,,,,,,,,,,,,
640,335090,0,,0,0,0,0,0,0,10,10000,,,,,,,,,,,,,,,,,,,,,,,,,,,,,,,,,,,,,,,,,,,,,,,,,,,,,,,,,,,,,,,,,,,,,,,,,,,,,,,,,,,,,,,,,,,,,,,,,,,,,,,,,
641,335091,0,,0,0,0,0,0,0,10,20000,,,,,,,,,,,,,,,,,,,,,,,,,,,,,,,,,,,,,,,,,,,,,,,,,,,,,,,,,,,,,,,,,,,,,,,,,,,,,,,,,,,,,,,,,,,,,,,,,,,,,,,,,
642,335092,0,,0,0,0,0,0,0,10,300000000,,,,,,,,,,,,,,,,,,,,,,,,,,,,,,,,,,,,,,,,,,,,,,,,,,,,,,,,,,,,,,,,,,,,,,,,,,,,,,,,,,,,,,,,,,,,,,,,,,,,,,,,,
643,335003,0,,0,0,0,0,0,0,1,1000000,,,,,,,,,,,,,,,,,,,,,,,,,,,,,,,,,,,,,,,,,,,,,,,,,,,,,,,,,,,,,,,,,,,,,,,,,,,,,,,,,,,,,,,,,,,,,,,,,,,,,,,,,
644,335013,0,,0,0,0,0,0,0,2,10000,,,,,,,,,,,,,,,,,,,,,,,,,,,,,,,,,,,,,,,,,,,,,,,,,,,,,,,,,,,,,,,,,,,,,,,,,,,,,,,,,,,,,,,,,,,,,,,,,,,,,,,,,
645,337000,0,,0,0,0,0,0,0,,,40008,,,,,,,,,,,,,,,,,,,,,,,,,,,,,,,,,,,5,,,,,,,,,,,,,,,,,,,,,,,,,,,,,,,,,,,0,,,,,,,,,,,,,,,,,,,,,,,,,,,,,,,,,,
646,337001,0,,0,0,0,0,0,0,,,40009,,,,,,,,,,,,,,,,,,,,,,,,,,,,,,,,,,,5,,,,,,,,,,,,,,,,,,,,,,,,,,,,,,,,,,,0,,,,,,,,,,,,,,,,,,,,,,,,,,,,,,,,,,
647,337002,0,,0,0,0,0,0,0,,,40010,,,,,,,,,,,,,,,,,,,,,,,,,,,,,,,,,,,5,,,,,,,,,,,,,,,,,,,,,,,,,,,,,,,,,,,0,,,,,,,,,,,,,,,,,,,,,,,,,,,,,,,,,,
648,337003,0,,0,0,0,0,0,0,,,40011,,,,,,,,,,,,,,,,,,,,,,,,,,,,,,,,,,,5,,,,,,,,,,,,,,,,,,,,,,,,,,,,,,,,,,,0,,,,,,,,,,,,,,,,,,,,,,,,,,,,,,,,,,
649,337004,0,,0,0,0,0,0,0,,,310101,310100,,,,,,,,,,,,,,,,,,,,,,,,,,,,,,,,,,1,3,,,,,,,,,,,,,,,,,,,,,,,,,,,,,,,,,,0,0,,,,,,,,,,,,,,,,,,,,,,,,,,,,,,,,,
650,335004,0,,0,0,0,0,0,0,1,150000,,,,,,,,,,,,,,,,,,,,,,,,,,,,,,,,,,,,,,,,,,,,,,,,,,,,,,,,,,,,,,,,,,,,,,,,,,,,,,,,,,,,,,,,,,,,,,,,,,,,,,,,,
651,335005,0,,0,0,0,0,0,0,1,300000,,,,,,,,,,,,,,,,,,,,,,,,,,,,,,,,,,,,,,,,,,,,,,,,,,,,,,,,,,,,,,,,,,,,,,,,,,,,,,,,,,,,,,,,,,,,,,,,,,,,,,,,,
652,335006,0,,0,0,0,0,0,0,1,500000,,,,,,,,,,,,,,,,,,,,,,,,,,,,,,,,,,,,,,,,,,,,,,,,,,,,,,,,,,,,,,,,,,,,,,,,,,,,,,,,,,,,,,,,,,,,,,,,,,,,,,,,,
653,335007,0,,0,0,0,0,0,0,1,350000,,,,,,,,,,,,,,,,,,,,,,,,,,,,,,,,,,,,,,,,,,,,,,,,,,,,,,,,,,,,,,,,,,,,,,,,,,,,,,,,,,,,,,,,,,,,,,,,,,,,,,,,,
654,335008,0,,0,0,0,0,0,0,1,400000,,,,,,,,,,,,,,,,,,,,,,,,,,,,,,,,,,,,,,,,,,,,,,,,,,,,,,,,,,,,,,,,,,,,,,,,,,,,,,,,,,,,,,,,,,,,,,,,,,,,,,,,,
655,335009,0,,0,0,0,0,0,0,1,450000,,,,,,,,,,,,,,,,,,,,,,,,,,,,,,,,,,,,,,,,,,,,,,,,,,,,,,,,,,,,,,,,,,,,,,,,,,,,,,,,,,,,,,,,,,,,,,,,,,,,,,,,,
656,335014,0,,0,0,0,0,0,0,2,10000,,,,,,,,,,,,,,,,,,,,,,,,,,,,,,,,,,,,,,,,,,,,,,,,,,,,,,,,,,,,,,,,,,,,,,,,,,,,,,,,,,,,,,,,,,,,,,,,,,,,,,,,,
658,337005,0,,0,0,0,0,0,0,,,334100,334101,,,,,,,,,,,,,,,,,,,,,,,,,,,,,,,,,,20,20,,,,,,,,,,,,,,,,,,,,,,,,,,,,,,,,,,0,0,,,,,,,,,,,,,,,,,,,,,,,,,,,,,,,,,
659,337006,0,,0,0,0,0,0,0,,,310000,334101,,,,,,,,,,,,,,,,,,,,,,,,,,,,,,,,,,1,10,,,,,,,,,,,,,,,,,,,,,,,,,,,,,,,,,,0,0,,,,,,,,,,,,,,,,,,,,,,,,,,,,,,,,,
660,337007,0,,0,0,0,0,0,0,,,40008,40009,40010,40011,,,,,,,,,,,,,,,,,,,,,,,,,,,,,,,,1,1,1,1,,,,,,,,,,,,,,,,,,,,,,,,,,,,,,,,0,0,0,0,,,,,,,,,,,,,,,,,,,,,,,,,,,,,,,
661,337008,0,,0,0,6500,0,0,0,,,,,,,,,,,,,,,,,,,,,,,,,,,,,,,,,,,,,,,,,,,,,,,,,,,,,,,,,,,,,,,,,,,,,,,,,,,,,,,,,,,,,,,,,,,,,,,,,,,,,,,,,,,
662,337009,0,,0,0,5270,0,0,0,,,,,,,,,,,,,,,,,,,,,,,,,,,,,,,,,,,,,,,,,,,,,,,,,,,,,,,,,,,,,,,,,,,,,,,,,,,,,,,,,,,,,,,,,,,,,,,,,,,,,,,,,,,
663,337010,0,,0,0,6530,0,0,0,,,,,,,,,,,,,,,,,,,,,,,,,,,,,,,,,,,,,,,,,,,,,,,,,,,,,,,,,,,,,,,,,,,,,,,,,,,,,,,,,,,,,,,,,,,,,,,,,,,,,,,,,,,
664,337901,0,,0,0,5970,0,0,0,,,,,,,,,,,,,,,,,,,,,,,,,,,,,,,,,,,,,,,,,,,,,,,,,,,,,,,,,,,,,,,,,,,,,,,,,,,,,,,,,,,,,,,,,,,,,,,,,,,,,,,,,,,
665,337900,0,,0,0,5340,0,0,0,,,,,,,,,,,,,,,,,,,,,,,,,,,,,,,,,,,,,,,,,,,,,,,,,,,,,,,,,,,,,,,,,,,,,,,,,,,,,,,,,,,,,,,,,,,,,,,,,,,,,,,,,,,
666,337902,0,,0,0,0,0,0,0,,,311079,311080,311081,311082,311083,311084,311085,311086,311087,311088,311089,311091,,,,,,,,,,,,,,,,,,,,,,,,1,1,1,1,1,1,1,1,1,1,1,1,,,,,,,,,,,,,,,,,,,,,,,,0,0,0,0,0,0,0,0,0,0,0,0,,,,,,,,,,,,,,,,,,,,,,,
667,337903,0,,0,0,0,0,0,0,,,6040115,6040221,6040323,6040424,6040525,6040626,,,,,,,,,,,,,,,,,,,,,,,,,,,,,,1,1,1,1,1,1,,,,,,,,,,,,,,,,,,,,,,,,,,,,,,1,1,1,1,1,1,,,,,,,,,,,,,,,,,,,,,,,,,,,,,
668,337904,0,,0,0,0,0,0,0,,,6040116,6040220,6040322,6040424,6040525,6040626,,,,,,,,,,,,,,,,,,,,,,,,,,,,,,1,1,1,1,1,1,,,,,,,,,,,,,,,,,,,,,,,,,,,,,,1,1,1,1,1,1,,,,,,,,,,,,,,,,,,,,,,,,,,,,,
669,337905,0,,0,0,0,0,0,0,,,6040117,6040221,6040323,6040424,6040525,6040626,,,,,,,,,,,,,,,,,,,,,,,,,,,,,,1,1,1,1,1,1,,,,,,,,,,,,,,,,,,,,,,,,,,,,,,1,1,1,1,1,1,,,,,,,,,,,,,,,,,,,,,,,,,,,,,
670,337906,0,,0,0,0,0,0,0,,,6040118,6040220,6040322,6040424,6040525,6040626,,,,,,,,,,,,,,,,,,,,,,,,,,,,,,1,1,1,1,1,1,,,,,,,,,,,,,,,,,,,,,,,,,,,,,,1,1,1,1,1,1,,,,,,,,,,,,,,,,,,,,,,,,,,,,,
671,337907,0,,0,0,0,0,0,0,,,6040119,6040221,6040323,6040424,6040525,6040626,,,,,,,,,,,,,,,,,,,,,,,,,,,,,,1,1,1,1,1,1,,,,,,,,,,,,,,,,,,,,,,,,,,,,,,1,1,1,1,1,1,,,,,,,,,,,,,,,,,,,,,,,,,,,,,
672,337908,0,,0,0,0,0,0,0,,,7060114,7060220,7060322,7060424,7060525,7060626,,,,,,,,,,,,,,,,,,,,,,,,,,,,,,1,1,1,1,1,1,,,,,,,,,,,,,,,,,,,,,,,,,,,,,,1,1,1,1,1,1,,,,,,,,,,,,,,,,,,,,,,,,,,,,,
673,337909,0,,0,0,0,0,0,0,,,7060115,7060220,7060322,7060424,7060525,7060626,,,,,,,,,,,,,,,,,,,,,,,,,,,,,,1,1,1,1,1,1,,,,,,,,,,,,,,,,,,,,,,,,,,,,,,1,1,1,1,1,1,,,,,,,,,,,,,,,,,,,,,,,,,,,,,
674,337910,0,,0,0,0,0,0,0,,,7060116,7060220,7060322,7060424,7060525,7060626,,,,,,,,,,,,,,,,,,,,,,,,,,,,,,1,1,1,1,1,1,,,,,,,,,,,,,,,,,,,,,,,,,,,,,,1,1,1,1,1,1,,,,,,,,,,,,,,,,,,,,,,,,,,,,,
675,337911,0,,0,0,0,0,0,0,,,7060117,7060220,7060322,7060424,7060525,7060626,,,,,,,,,,,,,,,,,,,,,,,,,,,,,,1,1,1,1,1,1,,,,,,,,,,,,,,,,,,,,,,,,,,,,,,1,1,1,1,1,1,,,,,,,,,,,,,,,,,,,,,,,,,,,,,
676,337912,0,,0,0,0,0,0,0,,,7060118,7060220,7060322,7060424,7060525,7060626,,,,,,,,,,,,,,,,,,,,,,,,,,,,,,1,1,1,1,1,1,,,,,,,,,,,,,,,,,,,,,,,,,,,,,,1,1,1,1,1,1,,,,,,,,,,,,,,,,,,,,,,,,,,,,,
677,337913,0,,0,0,0,0,0,0,,,7060119,7060220,7060322,7060424,7060525,7060626,,,,,,,,,,,,,,,,,,,,,,,,,,,,,,1,1,1,1,1,1,,,,,,,,,,,,,,,,,,,,,,,,,,,,,,1,1,1,1,1,1,,,,,,,,,,,,,,,,,,,,,,,,,,,,,
678,337914,0,,0,0,0,0,0,0,,,7060114,7060221,7060323,7060424,7060525,7060626,,,,,,,,,,,,,,,,,,,,,,,,,,,,,,1,1,1,1,1,1,,,,,,,,,,,,,,,,,,,,,,,,,,,,,,1,1,1,1,1,1,,,,,,,,,,,,,,,,,,,,,,,,,,,,,
679,337915,0,,0,0,0,0,0,0,,,7060115,7060221,7060323,7060424,7060525,7060626,,,,,,,,,,,,,,,,,,,,,,,,,,,,,,1,1,1,1,1,1,,,,,,,,,,,,,,,,,,,,,,,,,,,,,,1,1,1,1,1,1,,,,,,,,,,,,,,,,,,,,,,,,,,,,,
680,337916,0,,0,0,0,0,0,0,,,7060116,7060221,7060323,7060424,7060525,7060626,,,,,,,,,,,,,,,,,,,,,,,,,,,,,,1,1,1,1,1,1,,,,,,,,,,,,,,,,,,,,,,,,,,,,,,1,1,1,1,1,1,,,,,,,,,,,,,,,,,,,,,,,,,,,,,
681,337917,0,,0,0,0,0,0,0,,,7060117,7060221,7060323,7060424,7060525,7060626,,,,,,,,,,,,,,,,,,,,,,,,,,,,,,1,1,1,1,1,1,,,,,,,,,,,,,,,,,,,,,,,,,,,,,,1,1,1,1,1,1,,,,,,,,,,,,,,,,,,,,,,,,,,,,,
682,337918,0,,0,0,0,0,0,0,,,7060118,7060221,7060323,7060424,7060525,7060626,,,,,,,,,,,,,,,,,,,,,,,,,,,,,,1,1,1,1,1,1,,,,,,,,,,,,,,,,,,,,,,,,,,,,,,1,1,1,1,1,1,,,,,,,,,,,,,,,,,,,,,,,,,,,,,
683,337919,0,,0,0,0,0,0,0,,,7060119,7060221,7060323,7060424,7060525,7060626,,,,,,,,,,,,,,,,,,,,,,,,,,,,,,1,1,1,1,1,1,,,,,,,,,,,,,,,,,,,,,,,,,,,,,,1,1,1,1,1,1,,,,,,,,,,,,,,,,,,,,,,,,,,,,,
684,337920,0,,0,0,0,0,0,0,,,337908,337909,337910,337911,337912,337913,,,,,,,,,,,,,,,,,,,,,,,,,,,,,,1,1,1,1,1,1,,,,,,,,,,,,,,,,,,,,,,,,,,,,,,1,1,1,1,1,1,,,,,,,,,,,,,,,,,,,,,,,,,,,,,
685,337921,0,,0,0,0,0,0,0,,,337914,337915,337916,337917,337918,337919,,,,,,,,,,,,,,,,,,,,,,,,,,,,,,1,1,1,1,1,1,,,,,,,,,,,,,,,,,,,,,,,,,,,,,,1,1,1,1,1,1,,,,,,,,,,,,,,,,,,,,,,,,,,,,,
686,337922,0,,0,0,0,0,0,0,,,35055,35056,35057,35058,35059,35060,35061,35062,35063,,,,,,,,,,,,,,,,,,,,,,,,,,,4,4,4,4,4,4,4,4,4,,,,,,,,,,,,,,,,,,,,,,,,,,,0,0,0,0,0,0,0,0,0,,,,,,,,,,,,,,,,,,,,,,,,,,
687,337923,0,,0,0,0,0,0,0,,,35037,35038,35039,35040,35041,35042,35043,35044,35045,,,,,,,,,,,,,,,,,,,,,,,,,,,4,4,4,4,4,4,4,4,4,,,,,,,,,,,,,,,,,,,,,,,,,,,0,0,0,0,0,0,0,0,0,,,,,,,,,,,,,,,,,,,,,,,,,,
688,337924,0,,0,0,0,0,0,0,,,35028,35029,35030,35031,35032,35033,35034,35035,35036,,,,,,,,,,,,,,,,,,,,,,,,,,,4,4,4,4,4,4,4,4,4,,,,,,,,,,,,,,,,,,,,,,,,,,,0,0,0,0,0,0,0,0,0,,,,,,,,,,,,,,,,,,,,,,,,,,
689,337925,0,,0,0,0,0,0,0,,,35019,35020,35021,35022,35023,35024,35025,35026,35027,,,,,,,,,,,,,,,,,,,,,,,,,,,4,4,4,4,4,4,4,4,4,,,,,,,,,,,,,,,,,,,,,,,,,,,0,0,0,0,0,0,0,0,0,,,,,,,,,,,,,,,,,,,,,,,,,,
690,337926,0,,0,0,0,0,0,0,,,35046,35047,35048,35049,35050,35051,35052,35053,35054,,,,,,,,,,,,,,,,,,,,,,,,,,,4,4,4,4,4,4,4,4,4,,,,,,,,,,,,,,,,,,,,,,,,,,,0,0,0,0,0,0,0,0,0,,,,,,,,,,,,,,,,,,,,,,,,,,
691,337927,0,,0,0,0,0,0,0,,,337922,337923,337924,337925,337926,,,,,,,,,,,,,,,,,,,,,,,,,,,,,,,1,1,1,1,1,,,,,,,,,,,,,,,,,,,,,,,,,,,,,,,0,0,0,0,0,,,,,,,,,,,,,,,,,,,,,,,,,,,,,,
692,335100,0,,0,0,0,0,0,0,12,50,,,,,,,,,,,,,,,,,,,,,,,,,,,,,,,,,,,,,,,,,,,,,,,,,,,,,,,,,,,,,,,,,,,,,,,,,,,,,,,,,,,,,,,,,,,,,,,,,,,,,,,,,
693,335101,0,,0,0,0,0,0,0,12,100,,,,,,,,,,,,,,,,,,,,,,,,,,,,,,,,,,,,,,,,,,,,,,,,,,,,,,,,,,,,,,,,,,,,,,,,,,,,,,,,,,,,,,,,,,,,,,,,,,,,,,,,,
694,335102,0,,0,0,0,0,0,0,12,500,,,,,,,,,,,,,,,,,,,,,,,,,,,,,,,,,,,,,,,,,,,,,,,,,,,,,,,,,,,,,,,,,,,,,,,,,,,,,,,,,,,,,,,,,,,,,,,,,,,,,,,,,
695,337011,1,11,0,0,0,0,0,0,,,350403,331104,341104,40008,,,,,,,,,,,,,,,,,,,,,,,,,,,,,,,,1,1,1,1,,,,,,,,,,,,,,,,,,,,,,,,,,,,,,,,0,0,0,0,,,,,,,,,,,,,,,,,,,,,,,,,,,,,,,
696,337011,1,17,0,0,0,0,0,0,,,350401,331104,341104,40008,,,,,,,,,,,,,,,,,,,,,,,,,,,,,,,,1,1,1,1,,,,,,,,,,,,,,,,,,,,,,,,,,,,,,,,0,0,0,0,,,,,,,,,,,,,,,,,,,,,,,,,,,,,,,
697,337011,1,12,0,0,0,0,0,0,,,350403,331104,341104,40008,,,,,,,,,,,,,,,,,,,,,,,,,,,,,,,,1,1,1,1,,,,,,,,,,,,,,,,,,,,,,,,,,,,,,,,0,0,0,0,,,,,,,,,,,,,,,,,,,,,,,,,,,,,,,
698,337011,2,11,0,0,0,0,0,0,,,350403,331104,341104,40008,,,,,,,,,,,,,,,,,,,,,,,,,,,,,,,,1,1,1,1,,,,,,,,,,,,,,,,,,,,,,,,,,,,,,,,0,0,0,0,,,,,,,,,,,,,,,,,,,,,,,,,,,,,,,
699,337011,2,12,0,0,0,0,0,0,,,350403,331104,341104,40008,,,,,,,,,,,,,,,,,,,,,,,,,,,,,,,,1,1,1,1,,,,,,,,,,,,,,,,,,,,,,,,,,,,,,,,0,0,0,0,,,,,,,,,,,,,,,,,,,,,,,,,,,,,,,
700,337011,2,17,0,0,0,0,0,0,,,350401,331104,341104,40008,,,,,,,,,,,,,,,,,,,,,,,,,,,,,,,,1,1,1,1,,,,,,,,,,,,,,,,,,,,,,,,,,,,,,,,0,0,0,0,,,,,,,,,,,,,,,,,,,,,,,,,,,,,,,
701,337011,3,13,0,0,0,0,0,0,,,350402,331104,341104,40008,,,,,,,,,,,,,,,,,,,,,,,,,,,,,,,,1,1,1,1,,,,,,,,,,,,,,,,,,,,,,,,,,,,,,,,0,0,0,0,,,,,,,,,,,,,,,,,,,,,,,,,,,,,,,
702,337011,3,14,0,0,0,0,0,0,,,350401,331104,341104,40008,,,,,,,,,,,,,,,,,,,,,,,,,,,,,,,,1,1,1,1,,,,,,,,,,,,,,,,,,,,,,,,,,,,,,,,0,0,0,0,,,,,,,,,,,,,,,,,,,,,,,,,,,,,,,
703,337011,3,18,0,0,0,0,0,0,,,350400,331104,341104,40008,,,,,,,,,,,,,,,,,,,,,,,,,,,,,,,,1,1,1,1,,,,,,,,,,,,,,,,,,,,,,,,,,,,,,,,0,0,0,0,,,,,,,,,,,,,,,,,,,,,,,,,,,,,,,
704,337011,4,13,0,0,0,0,0,0,,,350402,331104,341104,40008,,,,,,,,,,,,,,,,,,,,,,,,,,,,,,,,1,1,1,1,,,,,,,,,,,,,,,,,,,,,,,,,,,,,,,,0,0,0,0,,,,,,,,,,,,,,,,,,,,,,,,,,,,,,,
705,337011,4,14,0,0,0,0,0,0,,,350401,331104,341104,40008,,,,,,,,,,,,,,,,,,,,,,,,,,,,,,,,1,1,1,1,,,,,,,,,,,,,,,,,,,,,,,,,,,,,,,,0,0,0,0,,,,,,,,,,,,,,,,,,,,,,,,,,,,,,,
706,337011,4,18,0,0,0,0,0,0,,,350400,331104,341104,40008,,,,,,,,,,,,,,,,,,,,,,,,,,,,,,,,1,1,1,1,,,,,,,,,,,,,,,,,,,,,,,,,,,,,,,,0,0,0,0,,,,,,,,,,,,,,,,,,,,,,,,,,,,,,,
707,337011,5,15,0,0,0,0,0,0,,,350404,331104,341104,40008,,,,,,,,,,,,,,,,,,,,,,,,,,,,,,,,1,1,1,1,,,,,,,,,,,,,,,,,,,,,,,,,,,,,,,,0,0,0,0,,,,,,,,,,,,,,,,,,,,,,,,,,,,,,,
708,337011,5,16,0,0,0,0,0,0,,,350404,331104,341104,40008,,,,,,,,,,,,,,,,,,,,,,,,,,,,,,,,1,1,1,1,,,,,,,,,,,,,,,,,,,,,,,,,,,,,,,,0,0,0,0,,,,,,,,,,,,,,,,,,,,,,,,,,,,,,,
709,337011,5,19,0,0,0,0,0,0,,,350400,331104,341104,40008,,,,,,,,,,,,,,,,,,,,,,,,,,,,,,,,1,1,1,1,,,,,,,,,,,,,,,,,,,,,,,,,,,,,,,,0,0,0,0,,,,,,,,,,,,,,,,,,,,,,,,,,,,,,,
710,337011,6,15,0,0,0,0,0,0,,,350404,331104,341104,40008,,,,,,,,,,,,,,,,,,,,,,,,,,,,,,,,1,1,1,1,,,,,,,,,,,,,,,,,,,,,,,,,,,,,,,,0,0,0,0,,,,,,,,,,,,,,,,,,,,,,,,,,,,,,,
711,337011,6,16,0,0,0,0,0,0,,,350404,331104,341104,40008,,,,,,,,,,,,,,,,,,,,,,,,,,,,,,,,1,1,1,1,,,,,,,,,,,,,,,,,,,,,,,,,,,,,,,,0,0,0,0,,,,,,,,,,,,,,,,,,,,,,,,,,,,,,,
712,337011,6,19,0,0,0,0,0,0,,,350400,331104,341104,40008,,,,,,,,,,,,,,,,,,,,,,,,,,,,,,,,1,1,1,1,,,,,,,,,,,,,,,,,,,,,,,,,,,,,,,,0,0,0,0,,,,,,,,,,,,,,,,,,,,,,,,,,,,,,,
713,337928,0,,0,0,5980,0,0,0,,,,,,,,,,,,,,,,,,,,,,,,,,,,,,,,,,,,,,,,,,,,,,,,,,,,,,,,,,,,,,,,,,,,,,,,,,,,,,,,,,,,,,,,,,,,,,,,,,,,,,,,,,,
714,337929,0,,0,0,5990,0,0,0,,,,,,,,,,,,,,,,,,,,,,,,,,,,,,,,,,,,,,,,,,,,,,,,,,,,,,,,,,,,,,,,,,,,,,,,,,,,,,,,,,,,,,,,,,,,,,,,,,,,,,,,,,,
715,337930,0,,0,0,5350,0,0,0,,,,,,,,,,,,,,,,,,,,,,,,,,,,,,,,,,,,,,,,,,,,,,,,,,,,,,,,,,,,,,,,,,,,,,,,,,,,,,,,,,,,,,,,,,,,,,,,,,,,,,,,,,,
716,337931,0,,0,0,5360,0,0,0,,,,,,,,,,,,,,,,,,,,,,,,,,,,,,,,,,,,,,,,,,,,,,,,,,,,,,,,,,,,,,,,,,,,,,,,,,,,,,,,,,,,,,,,,,,,,,,,,,,,,,,,,,,
717,337932,0,,0,0,5370,0,0,0,,,,,,,,,,,,,,,,,,,,,,,,,,,,,,,,,,,,,,,,,,,,,,,,,,,,,,,,,,,,,,,,,,,,,,,,,,,,,,,,,,,,,,,,,,,,,,,,,,,,,,,,,,,
718,337933,0,,0,0,5380,0,0,0,,,,,,,,,,,,,,,,,,,,,,,,,,,,,,,,,,,,,,,,,,,,,,,,,,,,,,,,,,,,,,,,,,,,,,,,,,,,,,,,,,,,,,,,,,,,,,,,,,,,,,,,,,,
719,337934,0,,0,0,5390,0,0,0,,,,,,,,,,,,,,,,,,,,,,,,,,,,,,,,,,,,,,,,,,,,,,,,,,,,,,,,,,,,,,,,,,,,,,,,,,,,,,,,,,,,,,,,,,,,,,,,,,,,,,,,,,,
720,337935,0,,0,0,5400,0,0,0,,,,,,,,,,,,,,,,,,,,,,,,,,,,,,,,,,,,,,,,,,,,,,,,,,,,,,,,,,,,,,,,,,,,,,,,,,,,,,,,,,,,,,,,,,,,,,,,,,,,,,,,,,,
721,337936,0,,0,0,5410,0,0,0,,,,,,,,,,,,,,,,,,,,,,,,,,,,,,,,,,,,,,,,,,,,,,,,,,,,,,,,,,,,,,,,,,,,,,,,,,,,,,,,,,,,,,,,,,,,,,,,,,,,,,,,,,,
722,337937,0,,0,0,5420,0,0,0,,,,,,,,,,,,,,,,,,,,,,,,,,,,,,,,,,,,,,,,,,,,,,,,,,,,,,,,,,,,,,,,,,,,,,,,,,,,,,,,,,,,,,,,,,,,,,,,,,,,,,,,,,,
723,337938,0,,0,0,5430,0,0,0,,,,,,,,,,,,,,,,,,,,,,,,,,,,,,,,,,,,,,,,,,,,,,,,,,,,,,,,,,,,,,,,,,,,,,,,,,,,,,,,,,,,,,,,,,,,,,,,,,,,,,,,,,,
724,337012,0,,0,0,6510,0,0,0,,,338000,,,,,,,,,,,,,,,,,,,,,,,,,,,,,,,,,,,1,,,,,,,,,,,,,,,,,,,,,,,,,,,,,,,,,,,0,,,,,,,,,,,,,,,,,,,,,,,,,,,,,,,,,,
725,337013,0,,0,0,6520,0,0,0,,,,,,,,,,,,,,,,,,,,,,,,,,,,,,,,,,,,,,,,,,,,,,,,,,,,,,,,,,,,,,,,,,,,,,,,,,,,,,,,,,,,,,,,,,,,,,,,,,,,,,,,,,,
726,335103,0,,0,0,0,0,0,0,1,10000,,,,,,,,,,,,,,,,,,,,,,,,,,,,,,,,,,,,,,,,,,,,,,,,,,,,,,,,,,,,,,,,,,,,,,,,,,,,,,,,,,,,,,,,,,,,,,,,,,,,,,,,,
727,335104,0,,0,0,0,0,0,0,1,1000000,,,,,,,,,,,,,,,,,,,,,,,,,,,,,,,,,,,,,,,,,,,,,,,,,,,,,,,,,,,,,,,,,,,,,,,,,,,,,,,,,,,,,,,,,,,,,,,,,,,,,,,,,
728,335105,0,,0,0,0,0,100000,0,,,,,,,,,,,,,,,,,,,,,,,,,,,,,,,,,,,,,,,,,,,,,,,,,,,,,,,,,,,,,,,,,,,,,,,,,,,,,,,,,,,,,,,,,,,,,,,,,,,,,,,,,,,
729,335106,0,,0,0,0,0,0,0,9,99999999,333093,,,,,,,,,,,,,,,,,,,,,,,,,,,,,,,,,,,1,,,,,,,,,,,,,,,,,,,,,,,,,,,,,,,,,,,0,,,,,,,,,,,,,,,,,,,,,,,,,,,,,,,,,,
730,337014,0,,0,0,6540,0,0,0,,,,,,,,,,,,,,,,,,,,,,,,,,,,,,,,,,,,,,,,,,,,,,,,,,,,,,,,,,,,,,,,,,,,,,,,,,,,,,,,,,,,,,,,,,,,,,,,,,,,,,,,,,,
731,337939,0,,0,,6301,0,0,0,,,,,,,,,,,,,,,,,,,,,,,,,,,,,,,,,,,,,,,,,,,,,,,,,,,,,,,,,,,,,,,,,,,,,,,,,,,,,,,,,,,,,,,,,,,,,,,,,,,,,,,,,,,
732,337940,0,,0,,6302,0,0,0,,,,,,,,,,,,,,,,,,,,,,,,,,,,,,,,,,,,,,,,,,,,,,,,,,,,,,,,,,,,,,,,,,,,,,,,,,,,,,,,,,,,,,,,,,,,,,,,,,,,,,,,,,,
733,337941,0,,0,,6303,0,0,0,,,,,,,,,,,,,,,,,,,,,,,,,,,,,,,,,,,,,,,,,,,,,,,,,,,,,,,,,,,,,,,,,,,,,,,,,,,,,,,,,,,,,,,,,,,,,,,,,,,,,,,,,,,
734,339105,0,,0,,0,0,0,0,2,40000,,,,,,,,,,,,,,,,,,,,,,,,,,,,,,,,,,,,,,,,,,,,,,,,,,,,,,,,,,,,,,,,,,,,,,,,,,,,,,,,,,,,,,,,,,,,,,,,,,,,,,,,,
735,339106,0,,0,,0,0,0,0,2,80000,,,,,,,,,,,,,,,,,,,,,,,,,,,,,,,,,,,,,,,,,,,,,,,,,,,,,,,,,,,,,,,,,,,,,,,,,,,,,,,,,,,,,,,,,,,,,,,,,,,,,,,,,
736,339107,0,,0,,6304,0,0,0,,,,,,,,,,,,,,,,,,,,,,,,,,,,,,,,,,,,,,1,,,,,,,,,,,,,,,,,,,,,,,,,,,,,,,,,,,0,,,,,,,,,,,,,,,,,,,,,,,,,,,,,,,,,,
737,339108,,,,,0,,,0,2,6000,,,,,,,,,,,,,,,,,,,,,,,,,,,,,,,,,,,,,,,,,,,,,,,,,,,,,,,,,,,,,,,,,,,,,,,,,,,,,,,,,,,,,,,,,,,,,,,,,,,,,,,,,
738,337946,0,,0,0,6292,0,0,0,,,,,,,,,,,,,,,,,,,,,,,,,,,,,,,,,,,,,,,,,,,,,,,,,,,,,,,,,,,,,,,,,,,,,,,,,,,,,,,,,,,,,,,,,,,,,,,,,,,,,,,,,,,
739,337947,0,,0,0,6281,0,0,0,,,,,,,,,,,,,,,,,,,,,,,,,,,,,,,,,,,,,,,,,,,,,,,,,,,,,,,,,,,,,,,,,,,,,,,,,,,,,,,,,,,,,,,,,,,,,,,,,,,,,,,,,,,
740,337948,0,,0,0,6282,0,0,0,,,,,,,,,,,,,,,,,,,,,,,,,,,,,,,,,,,,,,,,,,,,,,,,,,,,,,,,,,,,,,,,,,,,,,,,,,,,,,,,,,,,,,,,,,,,,,,,,,,,,,,,,,,
741,337949,0,,0,0,6283,0,0,0,,,,,,,,,,,,,,,,,,,,,,,,,,,,,,,,,,,,,,,,,,,,,,,,,,,,,,,,,,,,,,,,,,,,,,,,,,,,,,,,,,,,,,,,,,,,,,,,,,,,,,,,,,,
742,337950,0,,0,0,6284,0,0,0,,,,,,,,,,,,,,,,,,,,,,,,,,,,,,,,,,,,,,,,,,,,,,,,,,,,,,,,,,,,,,,,,,,,,,,,,,,,,,,,,,,,,,,,,,,,,,,,,,,,,,,,,,,
743,337951,0,,0,0,6285,0,0,0,,,,,,,,,,,,,,,,,,,,,,,,,,,,,,,,,,,,,,,,,,,,,,,,,,,,,,,,,,,,,,,,,,,,,,,,,,,,,,,,,,,,,,,,,,,,,,,,,,,,,,,,,,,
744,337952,0,,0,0,6286,0,0,0,,,,,,,,,,,,,,,,,,,,,,,,,,,,,,,,,,,,,,,,,,,,,,,,,,,,,,,,,,,,,,,,,,,,,,,,,,,,,,,,,,,,,,,,,,,,,,,,,,,,,,,,,,,
745,337953,0,,0,0,6287,0,0,0,,,,,,,,,,,,,,,,,,,,,,,,,,,,,,,,,,,,,,,,,,,,,,,,,,,,,,,,,,,,,,,,,,,,,,,,,,,,,,,,,,,,,,,,,,,,,,,,,,,,,,,,,,,
746,337954,0,,0,0,6288,0,0,0,,,,,,,,,,,,,,,,,,,,,,,,,,,,,,,,,,,,,,,,,,,,,,,,,,,,,,,,,,,,,,,,,,,,,,,,,,,,,,,,,,,,,,,,,,,,,,,,,,,,,,,,,,,
747,337955,0,,0,0,6289,0,0,0,,,,,,,,,,,,,,,,,,,,,,,,,,,,,,,,,,,,,,,,,,,,,,,,,,,,,,,,,,,,,,,,,,,,,,,,,,,,,,,,,,,,,,,,,,,,,,,,,,,,,,,,,,,
748,340010,,,0,0,6253,0,0,0,,,,,,,,,,,,,,,,,,,,,,,,,,,,,,,,,,,,,,,,,,,,,,,,,,,,,,,,,,,,,,,,,,,,,,,,,,,,,,,,,,,,,,,,,,,,,,,,,,,,,,,,,,,
749,340011,,,0,0,6254,0,0,0,,,,,,,,,,,,,,,,,,,,,,,,,,,,,,,,,,,,,,,,,,,,,,,,,,,,,,,,,,,,,,,,,,,,,,,,,,,,,,,,,,,,,,,,,,,,,,,,,,,,,,,,,,,
750,340012,,,0,0,6255,0,0,0,,,,,,,,,,,,,,,,,,,,,,,,,,,,,,,,,,,,,,,,,,,,,,,,,,,,,,,,,,,,,,,,,,,,,,,,,,,,,,,,,,,,,,,,,,,,,,,,,,,,,,,,,,,
751,340020,,,0,0,5930,0,0,0,,,,,,,,,,,,,,,,,,,,,,,,,,,,,,,,,,,,,,,,,,,,,,,,,,,,,,,,,,,,,,,,,,,,,,,,,,,,,,,,,,,,,,,,,,,,,,,,,,,,,,,,,,,
752,340021,,,0,0,5940,0,0,0,,,,,,,,,,,,,,,,,,,,,,,,,,,,,,,,,,,,,,,,,,,,,,,,,,,,,,,,,,,,,,,,,,,,,,,,,,,,,,,,,,,,,,,,,,,,,,,,,,,,,,,,,,,
753,340022,,,0,0,5950,0,0,0,,,,,,,,,,,,,,,,,,,,,,,,,,,,,,,,,,,,,,,,,,,,,,,,,,,,,,,,,,,,,,,,,,,,,,,,,,,,,,,,,,,,,,,,,,,,,,,,,,,,,,,,,,,
754,340026,,,0,0,6305,0,0,0,,,,,,,,,,,,,,,,,,,,,,,,,,,,,,,,,,,,,,1,,,,,,,,,,,,,,,,,,,,,,,,,,,,,,,,,,,0,,,,,,,,,,,,,,,,,,,,,,,,,,,,,,,,,,
755,335120,0,,0,0,0,0,0,0,1,20000,,,,,,,,,,,,,,,,,,,,,,,,,,,,,,,,,,,,,,,,,,,,,,,,,,,,,,,,,,,,,,,,,,,,,,,,,,,,,,,,,,,,,,,,,,,,,,,,,,,,,,,,,
756,335121,0,,0,0,0,0,0,0,1,30000,,,,,,,,,,,,,,,,,,,,,,,,,,,,,,,,,,,,,,,,,,,,,,,,,,,,,,,,,,,,,,,,,,,,,,,,,,,,,,,,,,,,,,,,,,,,,,,,,,,,,,,,,
757,335122,0,,0,0,0,0,0,0,1,40000,,,,,,,,,,,,,,,,,,,,,,,,,,,,,,,,,,,,,,,,,,,,,,,,,,,,,,,,,,,,,,,,,,,,,,,,,,,,,,,,,,,,,,,,,,,,,,,,,,,,,,,,,
758,331409,0,,0,0,6730,0,0,0,,,,,,,,,,,,,,,,,,,,,,,,,,,,,,,,,,,,,,,,,,,,,,,,,,,,,,,,,,,,,,,,,,,,,,,,,,,,,,,,,,,,,,,,,,,,,,,,,,,,,,,,,,,
759,340090,,,0,0,6759,0,0,0,,,,,,,,,,,,,,,,,,,,,,,,,,,,,,,,,,,,,,,,,,,,,,,,,,,,,,,,,,,,,,,,,,,,,,,,,,,,,,,,,,,,,,,,,,,,,,,,,,,,,,,,,,,
760,340027,0,,0,0,6940,0,0,0,,,,,,,,,,,,,,,,,,,,,,,,,,,,,,,,,,,,,,,,,,,,,,,,,,,,,,,,,,,,,,,,,,,,,,,,,,,,,,,,,,,,,,,,,,,,,,,,,,,,,,,,,,,
761,40015,0,,0,0,0,0,0,0,,,40008,,,,,,,,,,,,,,,,,,,,,,,,,,,,,,,,,,,3,,,,,,,,,,,,,,,,,,,,,,,,,,,,,,,,,,,0,,,,,,,,,,,,,,,,,,,,,,,,,,,,,,,,,,
762,40016,0,,0,0,0,0,0,0,,,40009,,,,,,,,,,,,,,,,,,,,,,,,,,,,,,,,,,,3,,,,,,,,,,,,,,,,,,,,,,,,,,,,,,,,,,,0,,,,,,,,,,,,,,,,,,,,,,,,,,,,,,,,,,
763,40017,0,,0,0,0,0,0,0,,,40010,,,,,,,,,,,,,,,,,,,,,,,,,,,,,,,,,,,3,,,,,,,,,,,,,,,,,,,,,,,,,,,,,,,,,,,0,,,,,,,,,,,,,,,,,,,,,,,,,,,,,,,,,,
764,40018,0,,0,0,0,0,0,0,,,40011,,,,,,,,,,,,,,,,,,,,,,,,,,,,,,,,,,,3,,,,,,,,,,,,,,,,,,,,,,,,,,,,,,,,,,,0,,,,,,,,,,,,,,,,,,,,,,,,,,,,,,,,,,
765,340028,0,,0,0,0,0,0,200,0,0,,,,,,,,,,,,,,,,,,,,,,,,,,,,,,,,,,,,,,,,,,,,,,,,,,,,,,,,,,,,,,,,,,,,,,,,,,,,,,,,,,,,,,,,,,,,,,,,,,,,,,,,,
766,340029,0,,0,0,0,0,0,500,0,0,,,,,,,,,,,,,,,,,,,,,,,,,,,,,,,,,,,,,,,,,,,,,,,,,,,,,,,,,,,,,,,,,,,,,,,,,,,,,,,,,,,,,,,,,,,,,,,,,,,,,,,,,
767,340030,0,,0,0,0,0,0,1000,0,0,,,,,,,,,,,,,,,,,,,,,,,,,,,,,,,,,,,,,,,,,,,,,,,,,,,,,,,,,,,,,,,,,,,,,,,,,,,,,,,,,,,,,,,,,,,,,,,,,,,,,,,,,
768,340031,0,,0,0,0,0,0,2000,0,0,,,,,,,,,,,,,,,,,,,,,,,,,,,,,,,,,,,,,,,,,,,,,,,,,,,,,,,,,,,,,,,,,,,,,,,,,,,,,,,,,,,,,,,,,,,,,,,,,,,,,,,,,
769,340032,0,,0,0,0,0,0,5000,0,0,,,,,,,,,,,,,,,,,,,,,,,,,,,,,,,,,,,,,,,,,,,,,,,,,,,,,,,,,,,,,,,,,,,,,,,,,,,,,,,,,,,,,,,,,,,,,,,,,,,,,,,,,
770,340033,0,,0,0,0,0,0,10000,0,0,,,,,,,,,,,,,,,,,,,,,,,,,,,,,,,,,,,,,,,,,,,,,,,,,,,,,,,,,,,,,,,,,,,,,,,,,,,,,,,,,,,,,,,,,,,,,,,,,,,,,,,,,
771,340034,0,,0,0,0,0,0,20000,0,0,,,,,,,,,,,,,,,,,,,,,,,,,,,,,,,,,,,,,,,,,,,,,,,,,,,,,,,,,,,,,,,,,,,,,,,,,,,,,,,,,,,,,,,,,,,,,,,,,,,,,,,,,
772,340035,0,,0,0,0,0,0,50000,0,0,,,,,,,,,,,,,,,,,,,,,,,,,,,,,,,,,,,,,,,,,,,,,,,,,,,,,,,,,,,,,,,,,,,,,,,,,,,,,,,,,,,,,,,,,,,,,,,,,,,,,,,,,
773,340036,0,,0,0,0,0,0,100000,0,0,,,,,,,,,,,,,,,,,,,,,,,,,,,,,,,,,,,,,,,,,,,,,,,,,,,,,,,,,,,,,,,,,,,,,,,,,,,,,,,,,,,,,,,,,,,,,,,,,,,,,,,,,
774,340037,0,,0,0,0,0,0,150000,0,0,,,,,,,,,,,,,,,,,,,,,,,,,,,,,,,,,,,,,,,,,,,,,,,,,,,,,,,,,,,,,,,,,,,,,,,,,,,,,,,,,,,,,,,,,,,,,,,,,,,,,,,,,
775,340861,0,,0,0,0,0,0,200000,0,0,,,,,,,,,,,,,,,,,,,,,,,,,,,,,,,,,,,,,,,,,,,,,,,,,,,,,,,,,,,,,,,,,,,,,,,,,,,,,,,,,,,,,,,,,,,,,,,,,,,,,,,,,
776,340023,0,,0,0,6722,0,0,0,0,0,,,,,,,,,,,,,,,,,,,,,,,,,,,,,,,,,,,,,,,,,,,,,,,,,,,,,,,,,,,,,,,,,,,,,,,,,,,,,,,,,,,,,,,,,,,,,,,,,,,,,,,,,
777,340040,0,,0,0,6732,0,0,0,,,,,,,,,,,,,,,,,,,,,,,,,,,,,,,,,,,,,,,,,,,,,,,,,,,,,,,,,,,,,,,,,,,,,,,,,,,,,,,,,,,,,,,,,,,,,,,,,,,,,,,,,,,
778,339109,0,,0,,6306,0,0,0,,,,,,,,,,,,,,,,,,,,,,,,,,,,,,,,,,,,,,1,,,,,,,,,,,,,,,,,,,,,,,,,,,,,,,,,,,0,,,,,,,,,,,,,,,,,,,,,,,,,,,,,,,,,,
779,337945,0,,0,0,6500,0,0,0,,,,,,,,,,,,,,,,,,,,,,,,,,,,,,,,,,,,,,,,,,,,,,,,,,,,,,,,,,,,,,,,,,,,,,,,,,,,,,,,,,,,,,,,,,,,,,,,,,,,,,,,,,,
780,340045,0,,0,0,6733,0,0,0,,,,,,,,,,,,,,,,,,,,,,,,,,,,,,,,,,,,,,,,,,,,,,,,,,,,,,,,,,,,,,,,,,,,,,,,,,,,,,,,,,,,,,,,,,,,,,,,,,,,,,,,,,,
781,340046,0,,0,0,6734,0,0,0,,,,,,,,,,,,,,,,,,,,,,,,,,,,,,,,,,,,,,,,,,,,,,,,,,,,,,,,,,,,,,,,,,,,,,,,,,,,,,,,,,,,,,,,,,,,,,,,,,,,,,,,,,,
782,340047,0,,0,0,6735,0,0,0,,,,,,,,,,,,,,,,,,,,,,,,,,,,,,,,,,,,,,,,,,,,,,,,,,,,,,,,,,,,,,,,,,,,,,,,,,,,,,,,,,,,,,,,,,,,,,,,,,,,,,,,,,,
783,335043,0,,0,0,0,0,0,0,5,1000,,,,,,,,,,,,,,,,,,,,,,,,,,,,,,,,,,,,,,,,,,,,,,,,,,,,,,,,,,,,,,,,,,,,,,,,,,,,,,,,,,,,,,,,,,,,,,,,,,,,,,,,,
784,335044,0,,0,0,0,0,0,0,5,10000,,,,,,,,,,,,,,,,,,,,,,,,,,,,,,,,,,,,,,,,,,,,,,,,,,,,,,,,,,,,,,,,,,,,,,,,,,,,,,,,,,,,,,,,,,,,,,,,,,,,,,,,,
785,335053,0,,0,0,0,0,0,0,6,1000000,,,,,,,,,,,,,,,,,,,,,,,,,,,,,,,,,,,,,,,,,,,,,,,,,,,,,,,,,,,,,,,,,,,,,,,,,,,,,,,,,,,,,,,,,,,,,,,,,,,,,,,,,
786,335054,0,,0,0,0,0,0,0,6,10000000,,,,,,,,,,,,,,,,,,,,,,,,,,,,,,,,,,,,,,,,,,,,,,,,,,,,,,,,,,,,,,,,,,,,,,,,,,,,,,,,,,,,,,,,,,,,,,,,,,,,,,,,,
787,335063,0,,0,0,0,0,0,0,5,3000,,,,,,,,,,,,,,,,,,,,,,,,,,,,,,,,,,,,,,,,,,,,,,,,,,,,,,,,,,,,,,,,,,,,,,,,,,,,,,,,,,,,,,,,,,,,,,,,,,,,,,,,,
788,335064,0,,0,0,0,0,0,0,5,50000,,,,,,,,,,,,,,,,,,,,,,,,,,,,,,,,,,,,,,,,,,,,,,,,,,,,,,,,,,,,,,,,,,,,,,,,,,,,,,,,,,,,,,,,,,,,,,,,,,,,,,,,,
789,340048,1,11,0,0,0,0,0,0,,,7020104,7020411,7020512,7020613,7020207,7020309,,,,,,,,,,,,,,,,,,,,,,,,,,,,,,1,1,1,1,1,1,,,,,,,,,,,,,,,,,,,,,,,,,,,,,,1,1,1,1,1,1,,,,,,,,,,,,,,,,,,,,,,,,,,,,,
790,340048,1,17,0,0,0,0,0,0,,,7020102,7020411,7020512,7020613,7020207,7020309,,,,,,,,,,,,,,,,,,,,,,,,,,,,,,1,1,1,1,1,1,,,,,,,,,,,,,,,,,,,,,,,,,,,,,,1,1,1,1,1,1,,,,,,,,,,,,,,,,,,,,,,,,,,,,,
791,340048,1,12,0,0,0,0,0,0,,,7020104,7020411,7020512,7020613,7020207,7020309,,,,,,,,,,,,,,,,,,,,,,,,,,,,,,1,1,1,1,1,1,,,,,,,,,,,,,,,,,,,,,,,,,,,,,,1,1,1,1,1,1,,,,,,,,,,,,,,,,,,,,,,,,,,,,,
792,340048,2,11,0,0,0,0,0,0,,,7020104,7020411,7020512,7020613,7020208,7020310,,,,,,,,,,,,,,,,,,,,,,,,,,,,,,1,1,1,1,1,1,,,,,,,,,,,,,,,,,,,,,,,,,,,,,,1,1,1,1,1,1,,,,,,,,,,,,,,,,,,,,,,,,,,,,,
793,340048,2,12,0,0,0,0,0,0,,,7020104,7020411,7020512,7020613,7020208,7020310,,,,,,,,,,,,,,,,,,,,,,,,,,,,,,1,1,1,1,1,1,,,,,,,,,,,,,,,,,,,,,,,,,,,,,,1,1,1,1,1,1,,,,,,,,,,,,,,,,,,,,,,,,,,,,,
794,340048,2,17,0,0,0,0,0,0,,,7020102,7020411,7020512,7020613,7020208,7020310,,,,,,,,,,,,,,,,,,,,,,,,,,,,,,1,1,1,1,1,1,,,,,,,,,,,,,,,,,,,,,,,,,,,,,,1,1,1,1,1,1,,,,,,,,,,,,,,,,,,,,,,,,,,,,,
795,340048,3,13,0,0,0,0,0,0,,,7020103,7020411,7020512,7020613,7020207,7020309,,,,,,,,,,,,,,,,,,,,,,,,,,,,,,1,1,1,1,1,1,,,,,,,,,,,,,,,,,,,,,,,,,,,,,,1,1,1,1,1,1,,,,,,,,,,,,,,,,,,,,,,,,,,,,,
796,340048,3,14,0,0,0,0,0,0,,,7020102,7020411,7020512,7020613,7020207,7020309,,,,,,,,,,,,,,,,,,,,,,,,,,,,,,1,1,1,1,1,1,,,,,,,,,,,,,,,,,,,,,,,,,,,,,,1,1,1,1,1,1,,,,,,,,,,,,,,,,,,,,,,,,,,,,,
797,340048,3,18,0,0,0,0,0,0,,,7020101,7020411,7020512,7020613,7020207,7020309,,,,,,,,,,,,,,,,,,,,,,,,,,,,,,1,1,1,1,1,1,,,,,,,,,,,,,,,,,,,,,,,,,,,,,,1,1,1,1,1,1,,,,,,,,,,,,,,,,,,,,,,,,,,,,,
798,340048,4,13,0,0,0,0,0,0,,,7020103,7020411,7020512,7020613,7020208,7020310,,,,,,,,,,,,,,,,,,,,,,,,,,,,,,1,1,1,1,1,1,,,,,,,,,,,,,,,,,,,,,,,,,,,,,,1,1,1,1,1,1,,,,,,,,,,,,,,,,,,,,,,,,,,,,,
799,340048,4,14,0,0,0,0,0,0,,,7020102,7020411,7020512,7020613,7020208,7020310,,,,,,,,,,,,,,,,,,,,,,,,,,,,,,1,1,1,1,1,1,,,,,,,,,,,,,,,,,,,,,,,,,,,,,,1,1,1,1,1,1,,,,,,,,,,,,,,,,,,,,,,,,,,,,,
800,340048,4,18,0,0,0,0,0,0,,,7020101,7020411,7020512,7020613,7020208,7020310,,,,,,,,,,,,,,,,,,,,,,,,,,,,,,1,1,1,1,1,1,,,,,,,,,,,,,,,,,,,,,,,,,,,,,,1,1,1,1,1,1,,,,,,,,,,,,,,,,,,,,,,,,,,,,,
801,340048,5,15,0,0,0,0,0,0,,,7020105,7020411,7020512,7020613,7020207,7020309,,,,,,,,,,,,,,,,,,,,,,,,,,,,,,1,1,1,1,1,1,,,,,,,,,,,,,,,,,,,,,,,,,,,,,,1,1,1,1,1,1,,,,,,,,,,,,,,,,,,,,,,,,,,,,,
802,340048,5,16,0,0,0,0,0,0,,,7020105,7020411,7020512,7020613,7020207,7020309,,,,,,,,,,,,,,,,,,,,,,,,,,,,,,1,1,1,1,1,1,,,,,,,,,,,,,,,,,,,,,,,,,,,,,,1,1,1,1,1,1,,,,,,,,,,,,,,,,,,,,,,,,,,,,,
803,340048,5,19,0,0,0,0,0,0,,,7020101,7020411,7020512,7020613,7020207,7020309,,,,,,,,,,,,,,,,,,,,,,,,,,,,,,1,1,1,1,1,1,,,,,,,,,,,,,,,,,,,,,,,,,,,,,,1,1,1,1,1,1,,,,,,,,,,,,,,,,,,,,,,,,,,,,,
804,340048,6,15,0,0,0,0,0,0,,,7020105,7020411,7020512,7020613,7020208,7020310,,,,,,,,,,,,,,,,,,,,,,,,,,,,,,1,1,1,1,1,1,,,,,,,,,,,,,,,,,,,,,,,,,,,,,,1,1,1,1,1,1,,,,,,,,,,,,,,,,,,,,,,,,,,,,,
805,340048,6,16,0,0,0,0,0,0,,,7020105,7020411,7020512,7020613,7020208,7020310,,,,,,,,,,,,,,,,,,,,,,,,,,,,,,1,1,1,1,1,1,,,,,,,,,,,,,,,,,,,,,,,,,,,,,,1,1,1,1,1,1,,,,,,,,,,,,,,,,,,,,,,,,,,,,,
806,340048,6,19,0,0,0,0,0,0,,,7020101,7020411,7020512,7020613,7020208,7020310,,,,,,,,,,,,,,,,,,,,,,,,,,,,,,1,1,1,1,1,1,,,,,,,,,,,,,,,,,,,,,,,,,,,,,,1,1,1,1,1,1,,,,,,,,,,,,,,,,,,,,,,,,,,,,,
807,340049,0,0,0,0,6738,0,0,0,,,,,,,,,,,,,,,,,,,,,,,,,,,,,,,,,,,,,,,,,,,,,,,,,,,,,,,,,,,,,,,,,,,,,,,,,,,,,,,,,,,,,,,,,,,,,,,,,,,,,,,,,,,
808,340050,0,0,0,0,6739,0,0,0,,,,,,,,,,,,,,,,,,,,,,,,,,,,,,,,,,,,,,,,,,,,,,,,,,,,,,,,,,,,,,,,,,,,,,,,,,,,,,,,,,,,,,,,,,,,,,,,,,,,,,,,,,,
809,340051,0,0,0,0,6740,0,0,0,,,,,,,,,,,,,,,,,,,,,,,,,,,,,,,,,,,,,,,,,,,,,,,,,,,,,,,,,,,,,,,,,,,,,,,,,,,,,,,,,,,,,,,,,,,,,,,,,,,,,,,,,,,
810,340052,0,0,0,0,6741,0,0,0,,,,,,,,,,,,,,,,,,,,,,,,,,,,,,,,,,,,,,,,,,,,,,,,,,,,,,,,,,,,,,,,,,,,,,,,,,,,,,,,,,,,,,,,,,,,,,,,,,,,,,,,,,,
811,340053,0,0,0,0,6742,0,0,,,,,,,,,,,,,,,,,,,,,,,,,,,,,,,,,,,,,,,,,,,,,,,,,,,,,,,,,,,,,,,,,,,,,,,,,,,,,,,,,,,,,,,,,,,,,,,,,,,,,,,,,,,,
812,340054,0,0,0,0,6743,0,0,,,,,,,,,,,,,,,,,,,,,,,,,,,,,,,,,,,,,,,,,,,,,,,,,,,,,,,,,,,,,,,,,,,,,,,,,,,,,,,,,,,,,,,,,,,,,,,,,,,,,,,,,,,,
813,340055,0,0,0,0,6744,0,0,,,,,,,,,,,,,,,,,,,,,,,,,,,,,,,,,,,,,,,,,,,,,,,,,,,,,,,,,,,,,,,,,,,,,,,,,,,,,,,,,,,,,,,,,,,,,,,,,,,,,,,,,,,,
814,340056,0,0,0,0,6745,0,0,,,,,,,,,,,,,,,,,,,,,,,,,,,,,,,,,,,,,,,,,,,,,,,,,,,,,,,,,,,,,,,,,,,,,,,,,,,,,,,,,,,,,,,,,,,,,,,,,,,,,,,,,,,,
815,340057,0,0,0,0,6746,0,0,,,,,,,,,,,,,,,,,,,,,,,,,,,,,,,,,,,,,,,,,,,,,,,,,,,,,,,,,,,,,,,,,,,,,,,,,,,,,,,,,,,,,,,,,,,,,,,,,,,,,,,,,,,,
816,340058,0,0,0,0,6747,0,0,,,,,,,,,,,,,,,,,,,,,,,,,,,,,,,,,,,,,,,,,,,,,,,,,,,,,,,,,,,,,,,,,,,,,,,,,,,,,,,,,,,,,,,,,,,,,,,,,,,,,,,,,,,,
817,340059,0,0,0,0,6748,0,0,,,,,,,,,,,,,,,,,,,,,,,,,,,,,,,,,,,,,,,,,,,,,,,,,,,,,,,,,,,,,,,,,,,,,,,,,,,,,,,,,,,,,,,,,,,,,,,,,,,,,,,,,,,,
818,340060,0,0,0,0,6749,0,0,,,,,,,,,,,,,,,,,,,,,,,,,,,,,,,,,,,,,,,,,,,,,,,,,,,,,,,,,,,,,,,,,,,,,,,,,,,,,,,,,,,,,,,,,,,,,,,,,,,,,,,,,,,,
819,340061,0,0,0,0,6750,0,0,,,,,,,,,,,,,,,,,,,,,,,,,,,,,,,,,,,,,,,,,,,,,,,,,,,,,,,,,,,,,,,,,,,,,,,,,,,,,,,,,,,,,,,,,,,,,,,,,,,,,,,,,,,,
820,340062,0,0,0,0,6751,0,0,,,,,,,,,,,,,,,,,,,,,,,,,,,,,,,,,,,,,,,,,,,,,,,,,,,,,,,,,,,,,,,,,,,,,,,,,,,,,,,,,,,,,,,,,,,,,,,,,,,,,,,,,,,,
821,340063,0,0,0,0,6752,0,0,,,,,,,,,,,,,,,,,,,,,,,,,,,,,,,,,,,,,,,,,,,,,,,,,,,,,,,,,,,,,,,,,,,,,,,,,,,,,,,,,,,,,,,,,,,,,,,,,,,,,,,,,,,,
822,340064,0,0,0,0,6753,0,0,,,,,,,,,,,,,,,,,,,,,,,,,,,,,,,,,,,,,,,,,,,,,,,,,,,,,,,,,,,,,,,,,,,,,,,,,,,,,,,,,,,,,,,,,,,,,,,,,,,,,,,,,,,,
823,335123,0,,0,0,0,0,0,0,11,10,,,,,,,,,,,,,,,,,,,,,,,,,,,,,,,,,,,,,,,,,,,,,,,,,,,,,,,,,,,,,,,,,,,,,,,,,,,,,,,,,,,,,,,,,,,,,,,,,,,,,,,,,
824,335124,0,,0,0,0,0,0,0,11,50,,,,,,,,,,,,,,,,,,,,,,,,,,,,,,,,,,,,,,,,,,,,,,,,,,,,,,,,,,,,,,,,,,,,,,,,,,,,,,,,,,,,,,,,,,,,,,,,,,,,,,,,,
825,335125,0,,0,0,0,0,0,0,11,100,,,,,,,,,,,,,,,,,,,,,,,,,,,,,,,,,,,,,,,,,,,,,,,,,,,,,,,,,,,,,,,,,,,,,,,,,,,,,,,,,,,,,,,,,,,,,,,,,,,,,,,,,
826,335126,0,,0,,0,0,0,0,19,100,,,,,,,,,,,,,,,,,,,,,,,,,,,,,,,,,,,,,,,,,,,,,,,,,,,,,,,,,,,,,,,,,,,,,,,,,,,,,,,,,,,,,,,,,,,,,,,,,,,,,,,,,
827,335127,0,,0,,0,0,0,0,19,1000,,,,,,,,,,,,,,,,,,,,,,,,,,,,,,,,,,,,,,,,,,,,,,,,,,,,,,,,,,,,,,,,,,,,,,,,,,,,,,,,,,,,,,,,,,,,,,,,,,,,,,,,,
828,335128,0,,0,,0,0,0,0,19,10000,,,,,,,,,,,,,,,,,,,,,,,,,,,,,,,,,,,,,,,,,,,,,,,,,,,,,,,,,,,,,,,,,,,,,,,,,,,,,,,,,,,,,,,,,,,,,,,,,,,,,,,,,
829,335129,0,,0,,0,0,0,0,19,100000,,,,,,,,,,,,,,,,,,,,,,,,,,,,,,,,,,,,,,,,,,,,,,,,,,,,,,,,,,,,,,,,,,,,,,,,,,,,,,,,,,,,,,,,,,,,,,,,,,,,,,,,,
830,340078,0,,0,,0,0,0,0,1,660000,,,,,,,,,,,,,,,,,,,,,,,,,,,,,,,,,,,,,,,,,,,,,,,,,,,,,,,,,,,,,,,,,,,,,,,,,,,,,,,,,,,,,,,,,,,,,,,,,,,,,,,,,
831,340079,0,0,0,,6755,0,0,,,,,,,,,,,,,,,,,,,,,,,,,,,,,,,,,,,,,,,,,,,,,,,,,,,,,,,,,,,,,,,,,,,,,,,,,,,,,,,,,,,,,,,,,,,,,,,,,,,,,,,,,,,,
832,340080,0,0,0,,6756,0,0,,,,,,,,,,,,,,,,,,,,,,,,,,,,,,,,,,,,,,,,,,,,,,,,,,,,,,,,,,,,,,,,,,,,,,,,,,,,,,,,,,,,,,,,,,,,,,,,,,,,,,,,,,,,
833,340100,,,0,,6780,0,0,0,,,,,,,,,,,,,,,,,,,,,,,,,,,,,,,,,,,,,,,,,,,,,,,,,,,,,,,,,,,,,,,,,,,,,,,,,,,,,,,,,,,,,,,,,,,,,,,,,,,,,,,,,,,
834,340101,,,0,,6781,0,0,0,,,,,,,,,,,,,,,,,,,,,,,,,,,,,,,,,,,,,,,,,,,,,,,,,,,,,,,,,,,,,,,,,,,,,,,,,,,,,,,,,,,,,,,,,,,,,,,,,,,,,,,,,,,
835,340200,,,0,,6800,0,0,0,,,,,,,,,,,,,,,,,,,,,,,,,,,,,,,,,,,,,,,,,,,,,,,,,,,,,,,,,,,,,,,,,,,,,,,,,,,,,,,,,,,,,,,,,,,,,,,,,,,,,,,,,,,
836,340201,,,0,,6801,0,0,0,,,,,,,,,,,,,,,,,,,,,,,,,,,,,,,,,,,,,,,,,,,,,,,,,,,,,,,,,,,,,,,,,,,,,,,,,,,,,,,,,,,,,,,,,,,,,,,,,,,,,,,,,,,
837,340202,,,0,,6802,0,0,0,,,,,,,,,,,,,,,,,,,,,,,,,,,,,,,,,,,,,,,,,,,,,,,,,,,,,,,,,,,,,,,,,,,,,,,,,,,,,,,,,,,,,,,,,,,,,,,,,,,,,,,,,,,
838,340203,,,0,,6803,0,0,0,,,,,,,,,,,,,,,,,,,,,,,,,,,,,,,,,,,,,,,,,,,,,,,,,,,,,,,,,,,,,,,,,,,,,,,,,,,,,,,,,,,,,,,,,,,,,,,,,,,,,,,,,,,
839,340204,,,0,,6804,0,0,0,,,,,,,,,,,,,,,,,,,,,,,,,,,,,,,,,,,,,,,,,,,,,,,,,,,,,,,,,,,,,,,,,,,,,,,,,,,,,,,,,,,,,,,,,,,,,,,,,,,,,,,,,,,
840,340205,,,0,,6805,0,0,0,,,,,,,,,,,,,,,,,,,,,,,,,,,,,,,,,,,,,,,,,,,,,,,,,,,,,,,,,,,,,,,,,,,,,,,,,,,,,,,,,,,,,,,,,,,,,,,,,,,,,,,,,,,
841,340206,,,0,,6806,0,0,0,,,,,,,,,,,,,,,,,,,,,,,,,,,,,,,,,,,,,,,,,,,,,,,,,,,,,,,,,,,,,,,,,,,,,,,,,,,,,,,,,,,,,,,,,,,,,,,,,,,,,,,,,,,
842,340207,,,0,,6807,0,0,0,,,,,,,,,,,,,,,,,,,,,,,,,,,,,,,,,,,,,,,,,,,,,,,,,,,,,,,,,,,,,,,,,,,,,,,,,,,,,,,,,,,,,,,,,,,,,,,,,,,,,,,,,,,
843,340208,,,0,,6808,0,0,0,,,,,,,,,,,,,,,,,,,,,,,,,,,,,,,,,,,,,,,,,,,,,,,,,,,,,,,,,,,,,,,,,,,,,,,,,,,,,,,,,,,,,,,,,,,,,,,,,,,,,,,,,,,
844,340209,,,0,,6809,0,0,0,,,,,,,,,,,,,,,,,,,,,,,,,,,,,,,,,,,,,,,,,,,,,,,,,,,,,,,,,,,,,,,,,,,,,,,,,,,,,,,,,,,,,,,,,,,,,,,,,,,,,,,,,,,
845,340210,,,0,,6810,0,0,0,,,,,,,,,,,,,,,,,,,,,,,,,,,,,,,,,,,,,,,,,,,,,,,,,,,,,,,,,,,,,,,,,,,,,,,,,,,,,,,,,,,,,,,,,,,,,,,,,,,,,,,,,,,
846,340211,,,0,,6811,0,0,0,,,,,,,,,,,,,,,,,,,,,,,,,,,,,,,,,,,,,,,,,,,,,,,,,,,,,,,,,,,,,,,,,,,,,,,,,,,,,,,,,,,,,,,,,,,,,,,,,,,,,,,,,,,
847,340212,,,0,,6812,0,0,0,,,,,,,,,,,,,,,,,,,,,,,,,,,,,,,,,,,,,,,,,,,,,,,,,,,,,,,,,,,,,,,,,,,,,,,,,,,,,,,,,,,,,,,,,,,,,,,,,,,,,,,,,,,
848,340213,,,0,,6813,0,0,0,,,,,,,,,,,,,,,,,,,,,,,,,,,,,,,,,,,,,,,,,,,,,,,,,,,,,,,,,,,,,,,,,,,,,,,,,,,,,,,,,,,,,,,,,,,,,,,,,,,,,,,,,,,
849,340214,,,0,,6814,0,0,0,,,,,,,,,,,,,,,,,,,,,,,,,,,,,,,,,,,,,,,,,,,,,,,,,,,,,,,,,,,,,,,,,,,,,,,,,,,,,,,,,,,,,,,,,,,,,,,,,,,,,,,,,,,
850,340215,,,0,,6815,0,0,0,,,,,,,,,,,,,,,,,,,,,,,,,,,,,,,,,,,,,,,,,,,,,,,,,,,,,,,,,,,,,,,,,,,,,,,,,,,,,,,,,,,,,,,,,,,,,,,,,,,,,,,,,,,
851,340216,,,0,,6816,0,0,0,,,,,,,,,,,,,,,,,,,,,,,,,,,,,,,,,,,,,,,,,,,,,,,,,,,,,,,,,,,,,,,,,,,,,,,,,,,,,,,,,,,,,,,,,,,,,,,,,,,,,,,,,,,
852,340217,,,0,,6817,0,0,0,,,,,,,,,,,,,,,,,,,,,,,,,,,,,,,,,,,,,,,,,,,,,,,,,,,,,,,,,,,,,,,,,,,,,,,,,,,,,,,,,,,,,,,,,,,,,,,,,,,,,,,,,,,
853,340218,,,0,,6818,0,0,0,,,,,,,,,,,,,,,,,,,,,,,,,,,,,,,,,,,,,,,,,,,,,,,,,,,,,,,,,,,,,,,,,,,,,,,,,,,,,,,,,,,,,,,,,,,,,,,,,,,,,,,,,,,
854,340219,,,0,,6819,0,0,0,,,,,,,,,,,,,,,,,,,,,,,,,,,,,,,,,,,,,,,,,,,,,,,,,,,,,,,,,,,,,,,,,,,,,,,,,,,,,,,,,,,,,,,,,,,,,,,,,,,,,,,,,,,
855,340220,,,0,,6820,0,0,0,,,,,,,,,,,,,,,,,,,,,,,,,,,,,,,,,,,,,,,,,,,,,,,,,,,,,,,,,,,,,,,,,,,,,,,,,,,,,,,,,,,,,,,,,,,,,,,,,,,,,,,,,,,
856,340221,,,0,,6821,0,0,0,,,,,,,,,,,,,,,,,,,,,,,,,,,,,,,,,,,,,,,,,,,,,,,,,,,,,,,,,,,,,,,,,,,,,,,,,,,,,,,,,,,,,,,,,,,,,,,,,,,,,,,,,,,
857,340222,,,0,,6822,0,0,0,,,,,,,,,,,,,,,,,,,,,,,,,,,,,,,,,,,,,,,,,,,,,,,,,,,,,,,,,,,,,,,,,,,,,,,,,,,,,,,,,,,,,,,,,,,,,,,,,,,,,,,,,,,
858,340223,,,0,,6823,0,0,0,,,,,,,,,,,,,,,,,,,,,,,,,,,,,,,,,,,,,,,,,,,,,,,,,,,,,,,,,,,,,,,,,,,,,,,,,,,,,,,,,,,,,,,,,,,,,,,,,,,,,,,,,,,
859,340224,,,0,,6824,0,0,0,,,,,,,,,,,,,,,,,,,,,,,,,,,,,,,,,,,,,,,,,,,,,,,,,,,,,,,,,,,,,,,,,,,,,,,,,,,,,,,,,,,,,,,,,,,,,,,,,,,,,,,,,,,
860,340225,,,0,,6825,0,0,0,,,,,,,,,,,,,,,,,,,,,,,,,,,,,,,,,,,,,,,,,,,,,,,,,,,,,,,,,,,,,,,,,,,,,,,,,,,,,,,,,,,,,,,,,,,,,,,,,,,,,,,,,,,
861,340226,,,0,,6826,0,0,0,,,,,,,,,,,,,,,,,,,,,,,,,,,,,,,,,,,,,,,,,,,,,,,,,,,,,,,,,,,,,,,,,,,,,,,,,,,,,,,,,,,,,,,,,,,,,,,,,,,,,,,,,,,
862,340227,,,0,,6827,0,0,0,,,,,,,,,,,,,,,,,,,,,,,,,,,,,,,,,,,,,,,,,,,,,,,,,,,,,,,,,,,,,,,,,,,,,,,,,,,,,,,,,,,,,,,,,,,,,,,,,,,,,,,,,,,
863,340228,,,0,,6828,0,0,0,,,,,,,,,,,,,,,,,,,,,,,,,,,,,,,,,,,,,,,,,,,,,,,,,,,,,,,,,,,,,,,,,,,,,,,,,,,,,,,,,,,,,,,,,,,,,,,,,,,,,,,,,,,
864,340229,,,0,,6829,0,0,0,,,,,,,,,,,,,,,,,,,,,,,,,,,,,,,,,,,,,,,,,,,,,,,,,,,,,,,,,,,,,,,,,,,,,,,,,,,,,,,,,,,,,,,,,,,,,,,,,,,,,,,,,,,
865,340230,,,0,,6830,0,0,0,,,,,,,,,,,,,,,,,,,,,,,,,,,,,,,,,,,,,,,,,,,,,,,,,,,,,,,,,,,,,,,,,,,,,,,,,,,,,,,,,,,,,,,,,,,,,,,,,,,,,,,,,,,
866,340231,,,0,,6831,0,0,0,,,,,,,,,,,,,,,,,,,,,,,,,,,,,,,,,,,,,,,,,,,,,,,,,,,,,,,,,,,,,,,,,,,,,,,,,,,,,,,,,,,,,,,,,,,,,,,,,,,,,,,,,,,
867,340232,,,0,,6832,0,0,0,,,,,,,,,,,,,,,,,,,,,,,,,,,,,,,,,,,,,,,,,,,,,,,,,,,,,,,,,,,,,,,,,,,,,,,,,,,,,,,,,,,,,,,,,,,,,,,,,,,,,,,,,,,
868,340233,,,0,,6833,0,0,0,,,,,,,,,,,,,,,,,,,,,,,,,,,,,,,,,,,,,,,,,,,,,,,,,,,,,,,,,,,,,,,,,,,,,,,,,,,,,,,,,,,,,,,,,,,,,,,,,,,,,,,,,,,
869,340234,,,0,,6834,0,0,0,,,,,,,,,,,,,,,,,,,,,,,,,,,,,,,,,,,,,,,,,,,,,,,,,,,,,,,,,,,,,,,,,,,,,,,,,,,,,,,,,,,,,,,,,,,,,,,,,,,,,,,,,,,
870,340235,,,0,,6835,0,0,0,,,,,,,,,,,,,,,,,,,,,,,,,,,,,,,,,,,,,,,,,,,,,,,,,,,,,,,,,,,,,,,,,,,,,,,,,,,,,,,,,,,,,,,,,,,,,,,,,,,,,,,,,,,
871,340236,,,0,,6836,0,0,0,,,,,,,,,,,,,,,,,,,,,,,,,,,,,,,,,,,,,,,,,,,,,,,,,,,,,,,,,,,,,,,,,,,,,,,,,,,,,,,,,,,,,,,,,,,,,,,,,,,,,,,,,,,
872,340237,,,0,,6837,0,0,0,,,,,,,,,,,,,,,,,,,,,,,,,,,,,,,,,,,,,,,,,,,,,,,,,,,,,,,,,,,,,,,,,,,,,,,,,,,,,,,,,,,,,,,,,,,,,,,,,,,,,,,,,,,
873,340238,,,0,,6838,0,0,0,,,,,,,,,,,,,,,,,,,,,,,,,,,,,,,,,,,,,,,,,,,,,,,,,,,,,,,,,,,,,,,,,,,,,,,,,,,,,,,,,,,,,,,,,,,,,,,,,,,,,,,,,,,
874,340239,,,0,,6846,0,0,0,,,,,,,,,,,,,,,,,,,,,,,,,,,,,,,,,,,,,,,,,,,,,,,,,,,,,,,,,,,,,,,,,,,,,,,,,,,,,,,,,,,,,,,,,,,,,,,,,,,,,,,,,,,
875,340240,0,,0,,0,0,0,0,,,,,,,,,,,,,,,,,,,,,,,,,,,,,,,,,,,,,,,,,,,,,,,,,,,,,,,,,,,,,,,,,,,,,,,,,,,,,,,,,,,,,,,,,,,,,,,,,,,,,,,,,,,
876,340241,0,,0,,0,0,0,0,,,35127,35128,35129,35130,35131,35132,35133,35134,35135,,,,,,,,,,,,,,,,,,,,,,,,,,,12,12,12,12,12,12,12,12,12,,,,,,,,,,,,,,,,,,,,,,,,,,,0,0,0,0,0,0,0,0,0,,,,,,,,,,,,,,,,,,,,,,,,,,
877,340242,0,,0,,0,0,0,0,9,,340155,340174,340173,333097,333097,339102,333099,333098,337944,333097,333097,333097,,,,,,,,,,,,,,,,,,,,,,,,1,1,1,1,1,50,1,1,1,1,1,1,,,,,,,,,,,,,,,,,,,,,,,,0,0,0,0,0,0,0,0,0,0,0,0,,,,,,,,,,,,,,,,,,,,,,,
878,340148,0,,0,,0,0,0,0,9,99999999,340038,,,,,,,,,,,,,,,,,,,,,,,,,,,,,,,,,,,1,,,,,,,,,,,,,,,,,,,,,,,,,,,,,,,,,,,0,,,,,,,,,,,,,,,,,,,,,,,,,,,,,,,,,,
879,340149,0,,0,,0,0,0,0,5,1000,,,,,,,,,,,,,,,,,,,,,,,,,,,,,,,,,,,,,,,,,,,,,,,,,,,,,,,,,,,,,,,,,,,,,,,,,,,,,,,,,,,,,,,,,,,,,,,,,,,,,,,,,
880,340150,0,,0,,6840,0,0,0,,,,,,,,,,,,,,,,,,,,,,,,,,,,,,,,,,,,,,,,,,,,,,,,,,,,,,,,,,,,,,,,,,,,,,,,,,,,,,,,,,,,,,,,,,,,,,,,,,,,,,,,,,,
881,340151,0,,0,,6841,0,0,0,,,,,,,,,,,,,,,,,,,,,,,,,,,,,,,,,,,,,,,,,,,,,,,,,,,,,,,,,,,,,,,,,,,,,,,,,,,,,,,,,,,,,,,,,,,,,,,,,,,,,,,,,,,
882,340152,0,,0,,6842,0,0,0,,,,,,,,,,,,,,,,,,,,,,,,,,,,,,,,,,,,,,,,,,,,,,,,,,,,,,,,,,,,,,,,,,,,,,,,,,,,,,,,,,,,,,,,,,,,,,,,,,,,,,,,,,,
883,340153,0,,0,,6843,0,0,0,,,,,,,,,,,,,,,,,,,,,,,,,,,,,,,,,,,,,,,,,,,,,,,,,,,,,,,,,,,,,,,,,,,,,,,,,,,,,,,,,,,,,,,,,,,,,,,,,,,,,,,,,,,
884,340154,0,,0,,6844,0,0,0,,,,,,,,,,,,,,,,,,,,,,,,,,,,,,,,,,,,,,,,,,,,,,,,,,,,,,,,,,,,,,,,,,,,,,,,,,,,,,,,,,,,,,,,,,,,,,,,,,,,,,,,,,,
885,340155,0,,0,,6845,0,0,0,,,340199,,,,,,,,,,,,,,,,,,,,,,,,,,,,,,,,,,,1,,,,,,,,,,,,,,,,,,,,,,,,,,,,,,,,,,,0,,,,,,,,,,,,,,,,,,,,,,,,,,,,,,,,,,
886,340156,0,,0,,0,0,0,0,5,99999999,,,,,,,,,,,,,,,,,,,,,,,,,,,,,,,,,,,,,,,,,,,,,,,,,,,,,,,,,,,,,,,,,,,,,,,,,,,,,,,,,,,,,,,,,,,,,,,,,,,,,,,,,
887,340157,0,,0,,0,0,0,0,5,99999999,,,,,,,,,,,,,,,,,,,,,,,,,,,,,,,,,,,,,,,,,,,,,,,,,,,,,,,,,,,,,,,,,,,,,,,,,,,,,,,,,,,,,,,,,,,,,,,,,,,,,,,,,
888,340158,0,,0,,0,0,0,0,,,340148,340157,340156,340038,,,,,,,,,,,,,,,,,,,,,,,,,,,,,,,,2,2,2,1,,,,,,,,,,,,,,,,,,,,,,,,,,,,,,,,0,0,0,0,,,,,,,,,,,,,,,,,,,,,,,,,,,,,,,
889,340161,0,,0,,0,0,0,0,5,50,,,,,,,,,,,,,,,,,,,,,,,,,,,,,,,,,,,,,,,,,,,,,,,,,,,,,,,,,,,,,,,,,,,,,,,,,,,,,,,,,,,,,,,,,,,,,,,,,,,,,,,,,
890,340162,0,,0,,0,0,0,0,5,150,,,,,,,,,,,,,,,,,,,,,,,,,,,,,,,,,,,,,,,,,,,,,,,,,,,,,,,,,,,,,,,,,,,,,,,,,,,,,,,,,,,,,,,,,,,,,,,,,,,,,,,,,
891,340163,0,,0,,0,0,0,0,5,250,,,,,,,,,,,,,,,,,,,,,,,,,,,,,,,,,,,,,,,,,,,,,,,,,,,,,,,,,,,,,,,,,,,,,,,,,,,,,,,,,,,,,,,,,,,,,,,,,,,,,,,,,
892,340164,0,,0,,0,0,0,0,5,500,,,,,,,,,,,,,,,,,,,,,,,,,,,,,,,,,,,,,,,,,,,,,,,,,,,,,,,,,,,,,,,,,,,,,,,,,,,,,,,,,,,,,,,,,,,,,,,,,,,,,,,,,
893,340165,0,,0,,0,0,0,0,5,5000,,,,,,,,,,,,,,,,,,,,,,,,,,,,,,,,,,,,,,,,,,,,,,,,,,,,,,,,,,,,,,,,,,,,,,,,,,,,,,,,,,,,,,,,,,,,,,,,,,,,,,,,,
894,340166,0,,0,,0,0,0,0,5,500,,,,,,,,,,,,,,,,,,,,,,,,,,,,,,,,,,,,,,,,,,,,,,,,,,,,,,,,,,,,,,,,,,,,,,,,,,,,,,,,,,,,,,,,,,,,,,,,,,,,,,,,,
895,340167,0,,0,,0,0,0,0,,,310300,,,,,,,,,,,,,,,,,,,,,,,,,,,,,,,,,,,1,,,,,,,,,,,,,,,,,,,,,,,,,,,,,,,,,,,0,,,,,,,,,,,,,,,,,,,,,,,,,,,,,,,,,,
896,340169,0,,0,,0,0,0,0,5,3,,,,,,,,,,,,,,,,,,,,,,,,,,,,,,,,,,,,,,,,,,,,,,,,,,,,,,,,,,,,,,,,,,,,,,,,,,,,,,,,,,,,,,,,,,,,,,,,,,,,,,,,,
897,340170,0,,0,,6852,0,0,0,,,,,,,,,,,,,,,,,,,,,,,,,,,,,,,,,,,,,,,,,,,,,,,,,,,,,,,,,,,,,,,,,,,,,,,,,,,,,,,,,,,,,,,,,,,,,,,,,,,,,,,,,,,
898,340171,0,,0,,6838,0,0,0,,,,,,,,,,,,,,,,,,,,,,,,,,,,,,,,,,,,,,,,,,,,,,,,,,,,,,,,,,,,,,,,,,,,,,,,,,,,,,,,,,,,,,,,,,,,,,,,,,,,,,,,,,,
899,340172,0,,0,0,0,0,0,0,2,50000,,,,,,,,,,,,,,,,,,,,,,,,,,,,,,,,,,,,,,,,,,,,,,,,,,,,,,,,,,,,,,,,,,,,,,,,,,,,,,,,,,,,,,,,,,,,,,,,,,,,,,,,,
900,340173,0,,0,0,0,0,0,0,2,100000,,,,,,,,,,,,,,,,,,,,,,,,,,,,,,,,,,,,,,,,,,,,,,,,,,,,,,,,,,,,,,,,,,,,,,,,,,,,,,,,,,,,,,,,,,,,,,,,,,,,,,,,,
901,340174,0,,0,0,0,0,0,0,2,500000,,,,,,,,,,,,,,,,,,,,,,,,,,,,,,,,,,,,,,,,,,,,,,,,,,,,,,,,,,,,,,,,,,,,,,,,,,,,,,,,,,,,,,,,,,,,,,,,,,,,,,,,,
902,340175,0,,0,0,0,0,0,0,2,1000000,,,,,,,,,,,,,,,,,,,,,,,,,,,,,,,,,,,,,,,,,,,,,,,,,,,,,,,,,,,,,,,,,,,,,,,,,,,,,,,,,,,,,,,,,,,,,,,,,,,,,,,,,
903,340176,0,,0,0,0,0,0,0,2,5000000,,,,,,,,,,,,,,,,,,,,,,,,,,,,,,,,,,,,,,,,,,,,,,,,,,,,,,,,,,,,,,,,,,,,,,,,,,,,,,,,,,,,,,,,,,,,,,,,,,,,,,,,,
904,340177,,,0,0,,0,0,0,2,50000,,,,,,,,,,,,,,,,,,,,,,,,,,,,,,,,,,,,,,,,,,,,,,,,,,,,,,,,,,,,,,,,,,,,,,,,,,,,,,,,,,,,,,,,,,,,,,,,,,,,,,,,,
905,340178,,,,,,0,0,0,2,100000,,,,,,,,,,,,,,,,,,,,,,,,,,,,,,,,,,,,,,,,,,,,,,,,,,,,,,,,,,,,,,,,,,,,,,,,,,,,,,,,,,,,,,,,,,,,,,,,,,,,,,,,,
906,340179,,,,,,0,0,0,2,200000,,,,,,,,,,,,,,,,,,,,,,,,,,,,,,,,,,,,,,,,,,,,,,,,,,,,,,,,,,,,,,,,,,,,,,,,,,,,,,,,,,,,,,,,,,,,,,,,,,,,,,,,,
907,340180,,,,,,0,0,0,2,500000,,,,,,,,,,,,,,,,,,,,,,,,,,,,,,,,,,,,,,,,,,,,,,,,,,,,,,,,,,,,,,,,,,,,,,,,,,,,,,,,,,,,,,,,,,,,,,,,,,,,,,,,,
908,340181,,,,,,0,0,0,2,1000000,,,,,,,,,,,,,,,,,,,,,,,,,,,,,,,,,,,,,,,,,,,,,,,,,,,,,,,,,,,,,,,,,,,,,,,,,,,,,,,,,,,,,,,,,,,,,,,,,,,,,,,,,
909,340182,,,,,,0,0,0,2,5000000,,,,,,,,,,,,,,,,,,,,,,,,,,,,,,,,,,,,,,,,,,,,,,,,,,,,,,,,,,,,,,,,,,,,,,,,,,,,,,,,,,,,,,,,,,,,,,,,,,,,,,,,,
910,333093,,,,,,0,0,0,2,20000,,,,,,,,,,,,,,,,,,,,,,,,,,,,,,,,,,,,,,,,,,,,,,,,,,,,,,,,,,,,,,,,,,,,,,,,,,,,,,,,,,,,,,,,,,,,,,,,,,,,,,,,,
911,333094,,,,,,0,0,0,2,19000,,,,,,,,,,,,,,,,,,,,,,,,,,,,,,,,,,,,,,,,,,,,,,,,,,,,,,,,,,,,,,,,,,,,,,,,,,,,,,,,,,,,,,,,,,,,,,,,,,,,,,,,,
912,333095,,,,,,0,0,0,2,18000,,,,,,,,,,,,,,,,,,,,,,,,,,,,,,,,,,,,,,,,,,,,,,,,,,,,,,,,,,,,,,,,,,,,,,,,,,,,,,,,,,,,,,,,,,,,,,,,,,,,,,,,,
913,333096,,,,,,0,0,0,2,17000,,,,,,,,,,,,,,,,,,,,,,,,,,,,,,,,,,,,,,,,,,,,,,,,,,,,,,,,,,,,,,,,,,,,,,,,,,,,,,,,,,,,,,,,,,,,,,,,,,,,,,,,,
914,333097,,,,,,0,0,0,2,16000,,,,,,,,,,,,,,,,,,,,,,,,,,,,,,,,,,,,,,,,,,,,,,,,,,,,,,,,,,,,,,,,,,,,,,,,,,,,,,,,,,,,,,,,,,,,,,,,,,,,,,,,,
915,333098,0,,0,,6854,0,0,0,,,,,,,,,,,,,,,,,,,,,,,,,,,,,,,,,,,,,,,,,,,,,,,,,,,,,,,,,,,,,,,,,,,,,,,,,,,,,,,,,,,,,,,,,,,,,,,,,,,,,,,,,,,
916,333099,0,,0,,6855,0,0,0,,,,,,,,,,,,,,,,,,,,,,,,,,,,,,,,,,,,,,,,,,,,,,,,,,,,,,,,,,,,,,,,,,,,,,,,,,,,,,,,,,,,,,,,,,,,,,,,,,,,,,,,,,,
917,333177,,,,,,0,0,0,2,50000,,,,,,,,,,,,,,,,,,,,,,,,,,,,,,,,,,,,,,,,,,,,,,,,,,,,,,,,,,,,,,,,,,,,,,,,,,,,,,,,,,,,,,,,,,,,,,,,,,,,,,,,,
918,333178,,,,,,0,0,0,2,100000,,,,,,,,,,,,,,,,,,,,,,,,,,,,,,,,,,,,,,,,,,,,,,,,,,,,,,,,,,,,,,,,,,,,,,,,,,,,,,,,,,,,,,,,,,,,,,,,,,,,,,,,,
919,333179,,,,,,0,0,0,2,200000,,,,,,,,,,,,,,,,,,,,,,,,,,,,,,,,,,,,,,,,,,,,,,,,,,,,,,,,,,,,,,,,,,,,,,,,,,,,,,,,,,,,,,,,,,,,,,,,,,,,,,,,,
920,333180,,,,,,0,0,0,2,500000,,,,,,,,,,,,,,,,,,,,,,,,,,,,,,,,,,,,,,,,,,,,,,,,,,,,,,,,,,,,,,,,,,,,,,,,,,,,,,,,,,,,,,,,,,,,,,,,,,,,,,,,,
921,333181,,,,,,0,0,0,2,1000000,,,,,,,,,,,,,,,,,,,,,,,,,,,,,,,,,,,,,,,,,,,,,,,,,,,,,,,,,,,,,,,,,,,,,,,,,,,,,,,,,,,,,,,,,,,,,,,,,,,,,,,,,
922,333182,,,,,,0,0,0,2,5000000,,,,,,,,,,,,,,,,,,,,,,,,,,,,,,,,,,,,,,,,,,,,,,,,,,,,,,,,,,,,,,,,,,,,,,,,,,,,,,,,,,,,,,,,,,,,,,,,,,,,,,,,,
923,340727,,,0,,6870,0,0,0,,,,,,,,,,,,,,,,,,,,,,,,,,,,,,,,,,,,,,,,,,,,,,,,,,,,,,,,,,,,,,,,,,,,,,,,,,,,,,,,,,,,,,,,,,,,,,,,,,,,,,,,,,,
924,340728,,,0,,6872,0,0,0,,,,,,,,,,,,,,,,,,,,,,,,,,,,,,,,,,,,,,,,,,,,,,,,,,,,,,,,,,,,,,,,,,,,,,,,,,,,,,,,,,,,,,,,,,,,,,,,,,,,,,,,,,,
925,340729,,,0,,6873,0,0,0,,,,,,,,,,,,,,,,,,,,,,,,,,,,,,,,,,,,,,,,,,,,,,,,,,,,,,,,,,,,,,,,,,,,,,,,,,,,,,,,,,,,,,,,,,,,,,,,,,,,,,,,,,,
926,340730,,,0,,6874,0,0,0,,,,,,,,,,,,,,,,,,,,,,,,,,,,,,,,,,,,,,,,,,,,,,,,,,,,,,,,,,,,,,,,,,,,,,,,,,,,,,,,,,,,,,,,,,,,,,,,,,,,,,,,,,,
927,340731,,,,,,0,0,0,2,10,,,,,,,,,,,,,,,,,,,,,,,,,,,,,,,,,,,,,,,,,,,,,,,,,,,,,,,,,,,,,,,,,,,,,,,,,,,,,,,,,,,,,,,,,,,,,,,,,,,,,,,,,
928,340732,,,,,,0,0,0,2,100,,,,,,,,,,,,,,,,,,,,,,,,,,,,,,,,,,,,,,,,,,,,,,,,,,,,,,,,,,,,,,,,,,,,,,,,,,,,,,,,,,,,,,,,,,,,,,,,,,,,,,,,,
929,340733,,,,,,0,0,0,2,300,,,,,,,,,,,,,,,,,,,,,,,,,,,,,,,,,,,,,,,,,,,,,,,,,,,,,,,,,,,,,,,,,,,,,,,,,,,,,,,,,,,,,,,,,,,,,,,,,,,,,,,,,
930,340734,,,,,,0,0,0,2,500,,,,,,,,,,,,,,,,,,,,,,,,,,,,,,,,,,,,,,,,,,,,,,,,,,,,,,,,,,,,,,,,,,,,,,,,,,,,,,,,,,,,,,,,,,,,,,,,,,,,,,,,,
931,340735,,,,,,0,0,0,2,700,,,,,,,,,,,,,,,,,,,,,,,,,,,,,,,,,,,,,,,,,,,,,,,,,,,,,,,,,,,,,,,,,,,,,,,,,,,,,,,,,,,,,,,,,,,,,,,,,,,,,,,,,
932,340736,,,,,,0,0,0,2,1000,,,,,,,,,,,,,,,,,,,,,,,,,,,,,,,,,,,,,,,,,,,,,,,,,,,,,,,,,,,,,,,,,,,,,,,,,,,,,,,,,,,,,,,,,,,,,,,,,,,,,,,,,
933,340737,,,,,,0,0,0,2,1300,,,,,,,,,,,,,,,,,,,,,,,,,,,,,,,,,,,,,,,,,,,,,,,,,,,,,,,,,,,,,,,,,,,,,,,,,,,,,,,,,,,,,,,,,,,,,,,,,,,,,,,,,
934,340738,,,,,,0,0,0,2,1600,,,,,,,,,,,,,,,,,,,,,,,,,,,,,,,,,,,,,,,,,,,,,,,,,,,,,,,,,,,,,,,,,,,,,,,,,,,,,,,,,,,,,,,,,,,,,,,,,,,,,,,,,
935,340739,,,,,,0,0,0,2,1900,,,,,,,,,,,,,,,,,,,,,,,,,,,,,,,,,,,,,,,,,,,,,,,,,,,,,,,,,,,,,,,,,,,,,,,,,,,,,,,,,,,,,,,,,,,,,,,,,,,,,,,,,
936,340740,,,,,,0,0,0,2,2200,,,,,,,,,,,,,,,,,,,,,,,,,,,,,,,,,,,,,,,,,,,,,,,,,,,,,,,,,,,,,,,,,,,,,,,,,,,,,,,,,,,,,,,,,,,,,,,,,,,,,,,,,
937,340741,,,,,,0,0,0,2,2500,,,,,,,,,,,,,,,,,,,,,,,,,,,,,,,,,,,,,,,,,,,,,,,,,,,,,,,,,,,,,,,,,,,,,,,,,,,,,,,,,,,,,,,,,,,,,,,,,,,,,,,,,
938,340742,,,,,,0,0,0,2,2800,,,,,,,,,,,,,,,,,,,,,,,,,,,,,,,,,,,,,,,,,,,,,,,,,,,,,,,,,,,,,,,,,,,,,,,,,,,,,,,,,,,,,,,,,,,,,,,,,,,,,,,,,
939,340743,,,,,,0,0,0,2,3100,,,,,,,,,,,,,,,,,,,,,,,,,,,,,,,,,,,,,,,,,,,,,,,,,,,,,,,,,,,,,,,,,,,,,,,,,,,,,,,,,,,,,,,,,,,,,,,,,,,,,,,,,
940,340744,,,,,,0,0,0,2,3400,,,,,,,,,,,,,,,,,,,,,,,,,,,,,,,,,,,,,,,,,,,,,,,,,,,,,,,,,,,,,,,,,,,,,,,,,,,,,,,,,,,,,,,,,,,,,,,,,,,,,,,,,
941,340745,,,,,,0,0,0,2,3700,,,,,,,,,,,,,,,,,,,,,,,,,,,,,,,,,,,,,,,,,,,,,,,,,,,,,,,,,,,,,,,,,,,,,,,,,,,,,,,,,,,,,,,,,,,,,,,,,,,,,,,,,
942,340746,,,,,,0,0,0,2,4000,,,,,,,,,,,,,,,,,,,,,,,,,,,,,,,,,,,,,,,,,,,,,,,,,,,,,,,,,,,,,,,,,,,,,,,,,,,,,,,,,,,,,,,,,,,,,,,,,,,,,,,,,
943,340747,,,,,,0,0,0,2,4300,,,,,,,,,,,,,,,,,,,,,,,,,,,,,,,,,,,,,,,,,,,,,,,,,,,,,,,,,,,,,,,,,,,,,,,,,,,,,,,,,,,,,,,,,,,,,,,,,,,,,,,,,
944,340748,,,,,,0,0,0,2,4600,,,,,,,,,,,,,,,,,,,,,,,,,,,,,,,,,,,,,,,,,,,,,,,,,,,,,,,,,,,,,,,,,,,,,,,,,,,,,,,,,,,,,,,,,,,,,,,,,,,,,,,,,
945,340749,,,,,,0,0,0,2,4900,,,,,,,,,,,,,,,,,,,,,,,,,,,,,,,,,,,,,,,,,,,,,,,,,,,,,,,,,,,,,,,,,,,,,,,,,,,,,,,,,,,,,,,,,,,,,,,,,,,,,,,,,
946,340750,,,,,,0,0,0,2,5200,,,,,,,,,,,,,,,,,,,,,,,,,,,,,,,,,,,,,,,,,,,,,,,,,,,,,,,,,,,,,,,,,,,,,,,,,,,,,,,,,,,,,,,,,,,,,,,,,,,,,,,,,
947,340751,,,,,,0,0,0,2,5500,,,,,,,,,,,,,,,,,,,,,,,,,,,,,,,,,,,,,,,,,,,,,,,,,,,,,,,,,,,,,,,,,,,,,,,,,,,,,,,,,,,,,,,,,,,,,,,,,,,,,,,,,
948,340752,,,,,,0,0,0,2,5800,,,,,,,,,,,,,,,,,,,,,,,,,,,,,,,,,,,,,,,,,,,,,,,,,,,,,,,,,,,,,,,,,,,,,,,,,,,,,,,,,,,,,,,,,,,,,,,,,,,,,,,,,
949,340753,,,,,,0,0,0,2,6100,,,,,,,,,,,,,,,,,,,,,,,,,,,,,,,,,,,,,,,,,,,,,,,,,,,,,,,,,,,,,,,,,,,,,,,,,,,,,,,,,,,,,,,,,,,,,,,,,,,,,,,,,
950,340754,,,,,,0,0,0,2,6400,,,,,,,,,,,,,,,,,,,,,,,,,,,,,,,,,,,,,,,,,,,,,,,,,,,,,,,,,,,,,,,,,,,,,,,,,,,,,,,,,,,,,,,,,,,,,,,,,,,,,,,,,
951,340755,,,,,,0,0,0,2,6700,,,,,,,,,,,,,,,,,,,,,,,,,,,,,,,,,,,,,,,,,,,,,,,,,,,,,,,,,,,,,,,,,,,,,,,,,,,,,,,,,,,,,,,,,,,,,,,,,,,,,,,,,
952,340756,,,,,,0,0,0,2,7000,,,,,,,,,,,,,,,,,,,,,,,,,,,,,,,,,,,,,,,,,,,,,,,,,,,,,,,,,,,,,,,,,,,,,,,,,,,,,,,,,,,,,,,,,,,,,,,,,,,,,,,,,
953,340757,,,,,,0,0,0,2,7300,,,,,,,,,,,,,,,,,,,,,,,,,,,,,,,,,,,,,,,,,,,,,,,,,,,,,,,,,,,,,,,,,,,,,,,,,,,,,,,,,,,,,,,,,,,,,,,,,,,,,,,,,
954,340758,,,,,,0,0,0,2,7600,,,,,,,,,,,,,,,,,,,,,,,,,,,,,,,,,,,,,,,,,,,,,,,,,,,,,,,,,,,,,,,,,,,,,,,,,,,,,,,,,,,,,,,,,,,,,,,,,,,,,,,,,
955,340759,,,,,,0,0,0,2,7900,,,,,,,,,,,,,,,,,,,,,,,,,,,,,,,,,,,,,,,,,,,,,,,,,,,,,,,,,,,,,,,,,,,,,,,,,,,,,,,,,,,,,,,,,,,,,,,,,,,,,,,,,
956,340760,,,,,,0,0,0,2,8200,,,,,,,,,,,,,,,,,,,,,,,,,,,,,,,,,,,,,,,,,,,,,,,,,,,,,,,,,,,,,,,,,,,,,,,,,,,,,,,,,,,,,,,,,,,,,,,,,,,,,,,,,
957,340761,,,,,,0,0,0,2,8500,,,,,,,,,,,,,,,,,,,,,,,,,,,,,,,,,,,,,,,,,,,,,,,,,,,,,,,,,,,,,,,,,,,,,,,,,,,,,,,,,,,,,,,,,,,,,,,,,,,,,,,,,
958,340762,,,,,,0,0,0,2,8800,,,,,,,,,,,,,,,,,,,,,,,,,,,,,,,,,,,,,,,,,,,,,,,,,,,,,,,,,,,,,,,,,,,,,,,,,,,,,,,,,,,,,,,,,,,,,,,,,,,,,,,,,
959,340763,,,,,,0,0,0,2,9100,,,,,,,,,,,,,,,,,,,,,,,,,,,,,,,,,,,,,,,,,,,,,,,,,,,,,,,,,,,,,,,,,,,,,,,,,,,,,,,,,,,,,,,,,,,,,,,,,,,,,,,,,
960,340764,,,,,,0,0,0,2,9400,,,,,,,,,,,,,,,,,,,,,,,,,,,,,,,,,,,,,,,,,,,,,,,,,,,,,,,,,,,,,,,,,,,,,,,,,,,,,,,,,,,,,,,,,,,,,,,,,,,,,,,,,
961,340765,,,,,,0,0,0,2,9700,,,,,,,,,,,,,,,,,,,,,,,,,,,,,,,,,,,,,,,,,,,,,,,,,,,,,,,,,,,,,,,,,,,,,,,,,,,,,,,,,,,,,,,,,,,,,,,,,,,,,,,,,
962,340766,,,,,,0,0,0,2,10000,,,,,,,,,,,,,,,,,,,,,,,,,,,,,,,,,,,,,,,,,,,,,,,,,,,,,,,,,,,,,,,,,,,,,,,,,,,,,,,,,,,,,,,,,,,,,,,,,,,,,,,,,
963,340767,,,0,,6891,0,0,0,,,,,,,,,,,,,,,,,,,,,,,,,,,,,,,,,,,,,,,,,,,,,,,,,,,,,,,,,,,,,,,,,,,,,,,,,,,,,,,,,,,,,,,,,,,,,,,,,,,,,,,,,,,
964,340768,,,0,,7318,0,0,0,,,,,,,,,,,,,,,,,,,,,,,,,,,,,,,,,,,,,,,,,,,,,,,,,,,,,,,,,,,,,,,,,,,,,,,,,,,,,,,,,,,,,,,,,,,,,,,,,,,,,,,,,,,
965,340775,0,,0,,0,0,0,0,,,340769,340770,340771,340772,340773,,,,,,,,,,,,,,,,,,,,,,,,,,,,,,,1,1,1,1,1,,,,,,,,,,,,,,,,,,,,,,,,,,,,,,,0,0,0,0,0,,,,,,,,,,,,,,,,,,,,,,,,,,,,,,
966,340776,,,0,,6893,0,0,0,,,,,,,,,,,,,,,,,,,,,,,,,,,,,,,,,,,,,,,,,,,,,,,,,,,,,,,,,,,,,,,,,,,,,,,,,,,,,,,,,,,,,,,,,,,,,,,,,,,,,,,,,,,
967,340777,,,0,,6894,0,0,0,,,,,,,,,,,,,,,,,,,,,,,,,,,,,,,,,,,,,,,,,,,,,,,,,,,,,,,,,,,,,,,,,,,,,,,,,,,,,,,,,,,,,,,,,,,,,,,,,,,,,,,,,,,
968,340778,,,0,,6895,0,0,0,,,,,,,,,,,,,,,,,,,,,,,,,,,,,,,,,,,,,,,,,,,,,,,,,,,,,,,,,,,,,,,,,,,,,,,,,,,,,,,,,,,,,,,,,,,,,,,,,,,,,,,,,,,
969,340779,,,0,,6896,0,0,0,,,,,,,,,,,,,,,,,,,,,,,,,,,,,,,,,,,,,,,,,,,,,,,,,,,,,,,,,,,,,,,,,,,,,,,,,,,,,,,,,,,,,,,,,,,,,,,,,,,,,,,,,,,
970,340780,,,0,,6897,0,0,0,,,,,,,,,,,,,,,,,,,,,,,,,,,,,,,,,,,,,,,,,,,,,,,,,,,,,,,,,,,,,,,,,,,,,,,,,,,,,,,,,,,,,,,,,,,,,,,,,,,,,,,,,,,
971,340781,0,,0,0,0,0,0,0,5,20,,,,,,,,,,,,,,,,,,,,,,,,,,,,,,,,,,,,,,,,,,,,,,,,,,,,,,,,,,,,,,,,,,,,,,,,,,,,,,,,,,,,,,,,,,,,,,,,,,,,,,,,,
972,340782,0,,0,0,0,0,0,0,5,40,,,,,,,,,,,,,,,,,,,,,,,,,,,,,,,,,,,,,,,,,,,,,,,,,,,,,,,,,,,,,,,,,,,,,,,,,,,,,,,,,,,,,,,,,,,,,,,,,,,,,,,,,
973,340783,0,,0,0,0,0,0,0,5,80,,,,,,,,,,,,,,,,,,,,,,,,,,,,,,,,,,,,,,,,,,,,,,,,,,,,,,,,,,,,,,,,,,,,,,,,,,,,,,,,,,,,,,,,,,,,,,,,,,,,,,,,,
974,340784,0,,0,0,0,0,0,0,5,120,,,,,,,,,,,,,,,,,,,,,,,,,,,,,,,,,,,,,,,,,,,,,,,,,,,,,,,,,,,,,,,,,,,,,,,,,,,,,,,,,,,,,,,,,,,,,,,,,,,,,,,,,
975,340785,0,,0,0,0,0,0,0,5,160,,,,,,,,,,,,,,,,,,,,,,,,,,,,,,,,,,,,,,,,,,,,,,,,,,,,,,,,,,,,,,,,,,,,,,,,,,,,,,,,,,,,,,,,,,,,,,,,,,,,,,,,,
976,340786,0,,0,0,0,0,0,0,5,200,,,,,,,,,,,,,,,,,,,,,,,,,,,,,,,,,,,,,,,,,,,,,,,,,,,,,,,,,,,,,,,,,,,,,,,,,,,,,,,,,,,,,,,,,,,,,,,,,,,,,,,,,
977,340787,0,,0,0,0,0,0,0,5,240,,,,,,,,,,,,,,,,,,,,,,,,,,,,,,,,,,,,,,,,,,,,,,,,,,,,,,,,,,,,,,,,,,,,,,,,,,,,,,,,,,,,,,,,,,,,,,,,,,,,,,,,,
978,340788,0,,0,0,0,0,0,0,5,280,,,,,,,,,,,,,,,,,,,,,,,,,,,,,,,,,,,,,,,,,,,,,,,,,,,,,,,,,,,,,,,,,,,,,,,,,,,,,,,,,,,,,,,,,,,,,,,,,,,,,,,,,
979,340789,0,,0,0,0,0,0,0,5,320,,,,,,,,,,,,,,,,,,,,,,,,,,,,,,,,,,,,,,,,,,,,,,,,,,,,,,,,,,,,,,,,,,,,,,,,,,,,,,,,,,,,,,,,,,,,,,,,,,,,,,,,,
980,340790,0,,0,0,0,0,0,0,5,360,,,,,,,,,,,,,,,,,,,,,,,,,,,,,,,,,,,,,,,,,,,,,,,,,,,,,,,,,,,,,,,,,,,,,,,,,,,,,,,,,,,,,,,,,,,,,,,,,,,,,,,,,
981,340791,0,,0,0,0,0,0,0,5,400,,,,,,,,,,,,,,,,,,,,,,,,,,,,,,,,,,,,,,,,,,,,,,,,,,,,,,,,,,,,,,,,,,,,,,,,,,,,,,,,,,,,,,,,,,,,,,,,,,,,,,,,,
982,340792,0,,0,0,0,0,0,0,5,440,,,,,,,,,,,,,,,,,,,,,,,,,,,,,,,,,,,,,,,,,,,,,,,,,,,,,,,,,,,,,,,,,,,,,,,,,,,,,,,,,,,,,,,,,,,,,,,,,,,,,,,,,
983,340793,0,,0,0,0,0,0,0,5,480,,,,,,,,,,,,,,,,,,,,,,,,,,,,,,,,,,,,,,,,,,,,,,,,,,,,,,,,,,,,,,,,,,,,,,,,,,,,,,,,,,,,,,,,,,,,,,,,,,,,,,,,,
984,340794,0,,0,0,0,0,0,0,5,520,,,,,,,,,,,,,,,,,,,,,,,,,,,,,,,,,,,,,,,,,,,,,,,,,,,,,,,,,,,,,,,,,,,,,,,,,,,,,,,,,,,,,,,,,,,,,,,,,,,,,,,,,
985,340795,0,,0,0,0,0,0,0,5,560,,,,,,,,,,,,,,,,,,,,,,,,,,,,,,,,,,,,,,,,,,,,,,,,,,,,,,,,,,,,,,,,,,,,,,,,,,,,,,,,,,,,,,,,,,,,,,,,,,,,,,,,,
986,340796,0,,0,0,0,0,0,0,5,600,,,,,,,,,,,,,,,,,,,,,,,,,,,,,,,,,,,,,,,,,,,,,,,,,,,,,,,,,,,,,,,,,,,,,,,,,,,,,,,,,,,,,,,,,,,,,,,,,,,,,,,,,
987,340797,0,,0,0,0,0,0,0,5,640,,,,,,,,,,,,,,,,,,,,,,,,,,,,,,,,,,,,,,,,,,,,,,,,,,,,,,,,,,,,,,,,,,,,,,,,,,,,,,,,,,,,,,,,,,,,,,,,,,,,,,,,,
988,340798,0,,0,0,0,0,0,0,5,680,,,,,,,,,,,,,,,,,,,,,,,,,,,,,,,,,,,,,,,,,,,,,,,,,,,,,,,,,,,,,,,,,,,,,,,,,,,,,,,,,,,,,,,,,,,,,,,,,,,,,,,,,
989,340799,0,,0,0,0,0,0,0,5,720,,,,,,,,,,,,,,,,,,,,,,,,,,,,,,,,,,,,,,,,,,,,,,,,,,,,,,,,,,,,,,,,,,,,,,,,,,,,,,,,,,,,,,,,,,,,,,,,,,,,,,,,,
990,340800,0,,0,0,0,0,0,0,5,760,,,,,,,,,,,,,,,,,,,,,,,,,,,,,,,,,,,,,,,,,,,,,,,,,,,,,,,,,,,,,,,,,,,,,,,,,,,,,,,,,,,,,,,,,,,,,,,,,,,,,,,,,
991,340801,0,,0,0,0,0,0,0,5,800,,,,,,,,,,,,,,,,,,,,,,,,,,,,,,,,,,,,,,,,,,,,,,,,,,,,,,,,,,,,,,,,,,,,,,,,,,,,,,,,,,,,,,,,,,,,,,,,,,,,,,,,,
992,340802,0,,0,0,0,0,0,0,5,840,,,,,,,,,,,,,,,,,,,,,,,,,,,,,,,,,,,,,,,,,,,,,,,,,,,,,,,,,,,,,,,,,,,,,,,,,,,,,,,,,,,,,,,,,,,,,,,,,,,,,,,,,
993,340803,0,,0,0,0,0,0,0,5,880,,,,,,,,,,,,,,,,,,,,,,,,,,,,,,,,,,,,,,,,,,,,,,,,,,,,,,,,,,,,,,,,,,,,,,,,,,,,,,,,,,,,,,,,,,,,,,,,,,,,,,,,,
994,340804,0,,0,0,0,0,0,0,5,920,,,,,,,,,,,,,,,,,,,,,,,,,,,,,,,,,,,,,,,,,,,,,,,,,,,,,,,,,,,,,,,,,,,,,,,,,,,,,,,,,,,,,,,,,,,,,,,,,,,,,,,,,
995,340805,0,,0,0,0,0,0,0,5,960,,,,,,,,,,,,,,,,,,,,,,,,,,,,,,,,,,,,,,,,,,,,,,,,,,,,,,,,,,,,,,,,,,,,,,,,,,,,,,,,,,,,,,,,,,,,,,,,,,,,,,,,,
996,340806,0,,0,0,0,0,0,0,5,1000,,,,,,,,,,,,,,,,,,,,,,,,,,,,,,,,,,,,,,,,,,,,,,,,,,,,,,,,,,,,,,,,,,,,,,,,,,,,,,,,,,,,,,,,,,,,,,,,,,,,,,,,,
997,340807,0,,0,0,0,0,0,0,5,1040,,,,,,,,,,,,,,,,,,,,,,,,,,,,,,,,,,,,,,,,,,,,,,,,,,,,,,,,,,,,,,,,,,,,,,,,,,,,,,,,,,,,,,,,,,,,,,,,,,,,,,,,,
998,340808,0,,0,0,6898,0,0,0,,,,,,,,,,,,,,,,,,,,,,,,,,,,,,,,,,,,,,,,,,,,,,,,,,,,,,,,,,,,,,,,,,,,,,,,,,,,,,,,,,,,,,,,,,,,,,,,,,,,,,,,,,,
999,340811,0,,0,,0,0,0,0,,,340159,,,,,,,,,,,,,,,,,,,,,,,,,,,,,,,,,,,9,,,,,,,,,,,,,,,,,,,,,,,,,,,,,,,,,,,0,,,,,,,,,,,,,,,,,,,,,,,,,,,,,,,,,,
1000,340812,0,,0,,0,0,0,0,,,340159,,,,,,,,,,,,,,,,,,,,,,,,,,,,,,,,,,,19,,,,,,,,,,,,,,,,,,,,,,,,,,,,,,,,,,,0,,,,,,,,,,,,,,,,,,,,,,,,,,,,,,,,,,
1001,340813,0,,0,,0,0,0,0,,,340159,,,,,,,,,,,,,,,,,,,,,,,,,,,,,,,,,,,28,,,,,,,,,,,,,,,,,,,,,,,,,,,,,,,,,,,0,,,,,,,,,,,,,,,,,,,,,,,,,,,,,,,,,,
1002,340814,0,,0,,0,0,0,0,,,340159,,,,,,,,,,,,,,,,,,,,,,,,,,,,,,,,,,,37,,,,,,,,,,,,,,,,,,,,,,,,,,,,,,,,,,,0,,,,,,,,,,,,,,,,,,,,,,,,,,,,,,,,,,
1003,340815,0,,0,,0,0,0,0,,,340159,,,,,,,,,,,,,,,,,,,,,,,,,,,,,,,,,,,46,,,,,,,,,,,,,,,,,,,,,,,,,,,,,,,,,,,0,,,,,,,,,,,,,,,,,,,,,,,,,,,,,,,,,,
1004,340816,0,,0,,0,0,0,0,,,340159,,,,,,,,,,,,,,,,,,,,,,,,,,,,,,,,,,,55,,,,,,,,,,,,,,,,,,,,,,,,,,,,,,,,,,,0,,,,,,,,,,,,,,,,,,,,,,,,,,,,,,,,,,
1005,340817,0,,0,,0,0,0,0,,,340159,,,,,,,,,,,,,,,,,,,,,,,,,,,,,,,,,,,64,,,,,,,,,,,,,,,,,,,,,,,,,,,,,,,,,,,0,,,,,,,,,,,,,,,,,,,,,,,,,,,,,,,,,,
1006,340818,0,,0,,0,0,0,0,,,340159,,,,,,,,,,,,,,,,,,,,,,,,,,,,,,,,,,,73,,,,,,,,,,,,,,,,,,,,,,,,,,,,,,,,,,,0,,,,,,,,,,,,,,,,,,,,,,,,,,,,,,,,,,
1007,340819,0,,0,,0,0,0,0,,,340159,,,,,,,,,,,,,,,,,,,,,,,,,,,,,,,,,,,82,,,,,,,,,,,,,,,,,,,,,,,,,,,,,,,,,,,0,,,,,,,,,,,,,,,,,,,,,,,,,,,,,,,,,,
1008,340820,0,,0,,0,0,0,0,,,340159,,,,,,,,,,,,,,,,,,,,,,,,,,,,,,,,,,,91,,,,,,,,,,,,,,,,,,,,,,,,,,,,,,,,,,,0,,,,,,,,,,,,,,,,,,,,,,,,,,,,,,,,,,
1009,340821,0,,0,,0,0,0,0,,,340159,,,,,,,,,,,,,,,,,,,,,,,,,,,,,,,,,,,98,,,,,,,,,,,,,,,,,,,,,,,,,,,,,,,,,,,0,,,,,,,,,,,,,,,,,,,,,,,,,,,,,,,,,,
1010,340822,0,,0,,0,0,0,0,,,340159,,,,,,,,,,,,,,,,,,,,,,,,,,,,,,,,,,,199,,,,,,,,,,,,,,,,,,,,,,,,,,,,,,,,,,,0,,,,,,,,,,,,,,,,,,,,,,,,,,,,,,,,,,
1011,340823,0,,0,,6899,0,0,0,,,,,,,,,,,,,,,,,,,,,,,,,,,,,,,,,,,,,,,,,,,,,,,,,,,,,,,,,,,,,,,,,,,,,,,,,,,,,,,,,,,,,,,,,,,,,,,,,,,,,,,,,,,
1012,340825,0,,0,,6900,0,0,0,,,,,,,,,,,,,,,,,,,,,,,,,,,,,,,,,,,,,,,,,,,,,,,,,,,,,,,,,,,,,,,,,,,,,,,,,,,,,,,,,,,,,,,,,,,,,,,,,,,,,,,,,,,
1013,340826,0,,0,,6902,0,0,0,,,,,,,,,,,,,,,,,,,,,,,,,,,,,,,,,,,,,,,,,,,,,,,,,,,,,,,,,,,,,,,,,,,,,,,,,,,,,,,,,,,,,,,,,,,,,,,,,,,,,,,,,,,
1014,340859,0,,0,,6908,0,0,0,,,,,,,,,,,,,,,,,,,,,,,,,,,,,,,,,,,,,,,,,,,,,,,,,,,,,,,,,,,,,,,,,,,,,,,,,,,,,,,,,,,,,,,,,,,,,,,,,,,,,,,,,,,
1015,340860,0,,0,,6909,0,0,0,,,,,,,,,,,,,,,,,,,,,,,,,,,,,,,,,,,,,,,,,,,,,,,,,,,,,,,,,,,,,,,,,,,,,,,,,,,,,,,,,,,,,,,,,,,,,,,,,,,,,,,,,,,
1016,340862,0,,0,,6910,0,0,0,,,,,,,,,,,,,,,,,,,,,,,,,,,,,,,,,,,,,,,,,,,,,,,,,,,,,,,,,,,,,,,,,,,,,,,,,,,,,,,,,,,,,,,,,,,,,,,,,,,,,,,,,,,
1017,340863,0,,0,,6911,0,0,0,,,,,,,,,,,,,,,,,,,,,,,,,,,,,,,,,,,,,,,,,,,,,,,,,,,,,,,,,,,,,,,,,,,,,,,,,,,,,,,,,,,,,,,,,,,,,,,,,,,,,,,,,,,
1018,340864,0,,0,,6912,0,0,0,,,,,,,,,,,,,,,,,,,,,,,,,,,,,,,,,,,,,,,,,,,,,,,,,,,,,,,,,,,,,,,,,,,,,,,,,,,,,,,,,,,,,,,,,,,,,,,,,,,,,,,,,,,
1019,340865,0,,0,,6913,0,0,0,,,,,,,,,,,,,,,,,,,,,,,,,,,,,,,,,,,,,,,,,,,,,,,,,,,,,,,,,,,,,,,,,,,,,,,,,,,,,,,,,,,,,,,,,,,,,,,,,,,,,,,,,,,
1020,340866,0,,0,,6914,0,0,0,,,,,,,,,,,,,,,,,,,,,,,,,,,,,,,,,,,,,,,,,,,,,,,,,,,,,,,,,,,,,,,,,,,,,,,,,,,,,,,,,,,,,,,,,,,,,,,,,,,,,,,,,,,
1021,340867,0,,0,,6915,0,0,0,,,,,,,,,,,,,,,,,,,,,,,,,,,,,,,,,,,,,,,,,,,,,,,,,,,,,,,,,,,,,,,,,,,,,,,,,,,,,,,,,,,,,,,,,,,,,,,,,,,,,,,,,,,
1022,340868,0,,0,,6916,0,0,0,,,,,,,,,,,,,,,,,,,,,,,,,,,,,,,,,,,,,,,,,,,,,,,,,,,,,,,,,,,,,,,,,,,,,,,,,,,,,,,,,,,,,,,,,,,,,,,,,,,,,,,,,,,
1023,340869,0,,0,,0,0,0,0,,,340827,,,,,,,,,,,,,,,,,,,,,,,,,,,,,,,,,,,999,,,,,,,,,,,,,,,,,,,,,,,,,,,,,,,,,,,0,,,,,,,,,,,,,,,,,,,,,,,,,,,,,,,,,,
1024,340870,0,,0,,0,0,0,0,,,340160,,,,,,,,,,,,,,,,,,,,,,,,,,,,,,,,,,,999,,,,,,,,,,,,,,,,,,,,,,,,,,,,,,,,,,,0,,,,,,,,,,,,,,,,,,,,,,,,,,,,,,,,,,
1025,340871,0,,0,,0,0,0,0,,,,,,,,,,,,,,,,,,,,,,,,,,,,,,,,,,,,,,,,,,,,,,,,,,,,,,,,,,,,,,,,,,,,,,,,,,,,,,,,,,,,,,,,,,,,,,,,,,,,,,,,,,,
1026,340872,0,,0,,6918,0,0,0,,,,,,,,,,,,,,,,,,,,,,,,,,,,,,,,,,,,,,,,,,,,,,,,,,,,,,,,,,,,,,,,,,,,,,,,,,,,,,,,,,,,,,,,,,,,,,,,,,,,,,,,,,,
1027,340873,0,,0,0,0,0,0,1,0,0,,,,,,,,,,,,,,,,,,,,,,,,,,,,,,,,,,,,,,,,,,,,,,,,,,,,,,,,,,,,,,,,,,,,,,,,,,,,,,,,,,,,,,,,,,,,,,,,,,,,,,,,,
1028,340874,0,,0,0,6919,0,0,0,,,,,,,,,,,,,,,,,,,,,,,,,,,,,,,,,,,,,,,,,,,,,,,,,,,,,,,,,,,,,,,,,,,,,,,,,,,,,,,,,,,,,,,,,,,,,,,,,,,,,,,,,,,
1029,340879,0,,0,,0,0,0,0,,,35172,35173,35174,35175,35176,35177,35178,35179,35180,,,,,,,,,,,,,,,,,,,,,,,,,,,18,18,18,18,18,18,18,18,18,,,,,,,,,,,,,,,,,,,,,,,,,,,0,0,0,0,0,0,0,0,0,,,,,,,,,,,,,,,,,,,,,,,,,,
1030,340880,0,,0,,0,0,0,0,,,340867,35460,,,,,,,,,,,,,,,,,,,,,,,,,,,,,,,,,,30,15,,,,,,,,,,,,,,,,,,,,,,,,,,,,,,,,,,0,0,,,,,,,,,,,,,,,,,,,,,,,,,,,,,,,,,
1031,340881,0,,0,,0,0,0,0,,,331006,331007,331008,331009,331010,331011,340862,,,,,,,,,,,,,,,,,,,,,,,,,,,,,98,98,98,98,98,98,10,,,,,,,,,,,,,,,,,,,,,,,,,,,,,1,1,1,1,1,1,1,,,,,,,,,,,,,,,,,,,,,,,,,,,,
1032,340887,0,,0,,0,0,0,0,,,337942,337943,310300,,,,,,,,,,,,,,,,,,,,,,,,,,,,,,,,,10,10,1,,,,,,,,,,,,,,,,,,,,,,,,,,,,,,,,,0,0,0,,,,,,,,,,,,,,,,,,,,,,,,,,,,,,,,
1033,340888,0,,0,,0,0,0,0,,,337942,337943,340867,,,,,,,,,,,,,,,,,,,,,,,,,,,,,,,,,20,20,3,,,,,,,,,,,,,,,,,,,,,,,,,,,,,,,,,0,0,0,,,,,,,,,,,,,,,,,,,,,,,,,,,,,,,,
1034,340889,0,,0,,0,0,0,0,,,337942,337943,339102,,,,,,,,,,,,,,,,,,,,,,,,,,,,,,,,,50,50,1588,,,,,,,,,,,,,,,,,,,,,,,,,,,,,,,,,0,0,0,,,,,,,,,,,,,,,,,,,,,,,,,,,,,,,,
1035,340890,0,,0,,0,0,0,0,,,337942,337943,311214,,,,,,,,,,,,,,,,,,,,,,,,,,,,,,,,,88,88,1,,,,,,,,,,,,,,,,,,,,,,,,,,,,,,,,,0,0,0,,,,,,,,,,,,,,,,,,,,,,,,,,,,,,,,
1036,340891,0,,0,,0,0,0,0,,,337942,337943,311254,311128,,,,,,,,,,,,,,,,,,,,,,,,,,,,,,,,88,88,1,1,,,,,,,,,,,,,,,,,,,,,,,,,,,,,,,,0,0,0,0,,,,,,,,,,,,,,,,,,,,,,,,,,,,,,,
1037,340892,0,,0,,0,0,0,0,,,337942,337943,340899,,,,,,,,,,,,,,,,,,,,,,,,,,,,,,,,,188,188,1,,,,,,,,,,,,,,,,,,,,,,,,,,,,,,,,,0,0,0,,,,,,,,,,,,,,,,,,,,,,,,,,,,,,,,
1038,340893,0,,0,,0,0,0,0,,,331301,311222,340866,,,,,,,,,,,,,,,,,,,,,,,,,,,,,,,,,50,1,1,,,,,,,,,,,,,,,,,,,,,,,,,,,,,,,,,0,0,0,,,,,,,,,,,,,,,,,,,,,,,,,,,,,,,,
1039,340894,0,,0,,0,0,0,0,,,340871,340868,,,,,,,,,,,,,,,,,,,,,,,,,,,,,,,,,,1,3,,,,,,,,,,,,,,,,,,,,,,,,,,,,,,,,,,0,0,,,,,,,,,,,,,,,,,,,,,,,,,,,,,,,,,
1040,340895,0,,0,,0,0,0,0,,,331301,340868,340866,,,,,,,,,,,,,,,,,,,,,,,,,,,,,,,,,99,3,2,,,,,,,,,,,,,,,,,,,,,,,,,,,,,,,,,0,0,0,,,,,,,,,,,,,,,,,,,,,,,,,,,,,,,,
1041,340896,0,,0,,0,0,0,0,,,340160,340860,340868,,,,,,,,,,,,,,,,,,,,,,,,,,,,,,,,,200000,4,3,,,,,,,,,,,,,,,,,,,,,,,,,,,,,,,,,0,0,0,,,,,,,,,,,,,,,,,,,,,,,,,,,,,,,,
1042,340897,0,,0,,0,0,0,0,,,340854,,,,,,,,,,,,,,,,,,,,,,,,,,,,,,,,,,,1,,,,,,,,,,,,,,,,,,,,,,,,,,,,,,,,,,,0,,,,,,,,,,,,,,,,,,,,,,,,,,,,,,,,,,
1043,340898,0,,0,,0,0,0,0,,,340160,331523,340852,,,,,,,,,,,,,,,,,,,,,,,,,,,,,,,,,500000,1,1,,,,,,,,,,,,,,,,,,,,,,,,,,,,,,,,,0,0,0,,,,,,,,,,,,,,,,,,,,,,,,,,,,,,,,
1044,340900,0,,0,0,0,0,0,0,3,10,,,,,,,,,,,,,,,,,,,,,,,,,,,,,,,,,,,,,,,,,,,,,,,,,,,,,,,,,,,,,,,,,,,,,,,,,,,,,,,,,,,,,,,,,,,,,,,,,,,,,,,,,
1045,340901,0,,0,0,0,0,0,0,3,50,,,,,,,,,,,,,,,,,,,,,,,,,,,,,,,,,,,,,,,,,,,,,,,,,,,,,,,,,,,,,,,,,,,,,,,,,,,,,,,,,,,,,,,,,,,,,,,,,,,,,,,,,
1046,340902,0,,0,0,0,0,0,0,3,100,,,,,,,,,,,,,,,,,,,,,,,,,,,,,,,,,,,,,,,,,,,,,,,,,,,,,,,,,,,,,,,,,,,,,,,,,,,,,,,,,,,,,,,,,,,,,,,,,,,,,,,,,
1047,340903,0,,0,0,0,0,0,0,3,200,,,,,,,,,,,,,,,,,,,,,,,,,,,,,,,,,,,,,,,,,,,,,,,,,,,,,,,,,,,,,,,,,,,,,,,,,,,,,,,,,,,,,,,,,,,,,,,,,,,,,,,,,
1048,340904,0,,0,0,0,0,0,0,3,500,,,,,,,,,,,,,,,,,,,,,,,,,,,,,,,,,,,,,,,,,,,,,,,,,,,,,,,,,,,,,,,,,,,,,,,,,,,,,,,,,,,,,,,,,,,,,,,,,,,,,,,,,
1049,340905,0,,0,0,0,0,0,0,3,1000,,,,,,,,,,,,,,,,,,,,,,,,,,,,,,,,,,,,,,,,,,,,,,,,,,,,,,,,,,,,,,,,,,,,,,,,,,,,,,,,,,,,,,,,,,,,,,,,,,,,,,,,,
1050,340906,0,,0,0,0,0,0,0,0,0,,,,,,,,,,,,,,,,,,,,,,,,,,,,,,,,,,,,,,,,,,,,,,,,,,,,,,,,,,,,,,,,,,,,,,,,,,,,,,,,,,,,,,,,,,,,,,,,,,,,,,,,,
1051,340907,0,,0,0,6920,0,0,0,,,,,,,,,,,,,,,,,,,,,,,,,,,,,,,,,,,,,,,,,,,,,,,,,,,,,,,,,,,,,,,,,,,,,,,,,,,,,,,,,,,,,,,,,,,,,,,,,,,,,,,,,,,
1052,340908,0,,0,0,6921,0,0,0,,,,,,,,,,,,,,,,,,,,,,,,,,,,,,,,,,,,,,,,,,,,,,,,,,,,,,,,,,,,,,,,,,,,,,,,,,,,,,,,,,,,,,,,,,,,,,,,,,,,,,,,,,,
1053,340909,0,,0,0,6922,0,0,0,,,,,,,,,,,,,,,,,,,,,,,,,,,,,,,,,,,,,,,,,,,,,,,,,,,,,,,,,,,,,,,,,,,,,,,,,,,,,,,,,,,,,,,,,,,,,,,,,,,,,,,,,,,
1054,340910,0,,0,0,6923,0,0,0,,,,,,,,,,,,,,,,,,,,,,,,,,,,,,,,,,,,,,,,,,,,,,,,,,,,,,,,,,,,,,,,,,,,,,,,,,,,,,,,,,,,,,,,,,,,,,,,,,,,,,,,,,,
1055,340911,0,,0,0,6924,0,0,0,,,,,,,,,,,,,,,,,,,,,,,,,,,,,,,,,,,,,,,,,,,,,,,,,,,,,,,,,,,,,,,,,,,,,,,,,,,,,,,,,,,,,,,,,,,,,,,,,,,,,,,,,,,
1056,340912,0,,0,0,6925,0,0,0,,,,,,,,,,,,,,,,,,,,,,,,,,,,,,,,,,,,,,,,,,,,,,,,,,,,,,,,,,,,,,,,,,,,,,,,,,,,,,,,,,,,,,,,,,,,,,,,,,,,,,,,,,,
1057,340913,0,,0,0,6926,0,0,0,,,,,,,,,,,,,,,,,,,,,,,,,,,,,,,,,,,,,,,,,,,,,,,,,,,,,,,,,,,,,,,,,,,,,,,,,,,,,,,,,,,,,,,,,,,,,,,,,,,,,,,,,,,
1058,340914,0,,0,0,0,0,0,1,0,0,,,,,,,,,,,,,,,,,,,,,,,,,,,,,,,,,,,,,,,,,,,,,,,,,,,,,,,,,,,,,,,,,,,,,,,,,,,,,,,,,,,,,,,,,,,,,,,,,,,,,,,,,
1059,340915,0,,0,0,6928,0,0,0,,,,,,,,,,,,,,,,,,,,,,,,,,,,,,,,,,,,,,,,,,,,,,,,,,,,,,,,,,,,,,,,,,,,,,,,,,,,,,,,,,,,,,,,,,,,,,,,,,,,,,,,,,,
1060,500084,,,0,,6929,0,0,0,,,,,,,,,,,,,,,,,,,,,,,,,,,,,,,,,,,,,,,,,,,,,,,,,,,,,,,,,,,,,,,,,,,,,,,,,,,,,,,,,,,,,,,,,,,,,,,,,,,,,,,,,,,
1061,500098,0,,0,0,6931,0,0,0,,,,,,,,,,,,,,,,,,,,,,,,,,,,,,,,,,,,,,,,,,,,,,,,,,,,,,,,,,,,,,,,,,,,,,,,,,,,,,,,,,,,,,,,,,,,,,,,,,,,,,,,,,,
1062,500121,0,,0,0,0,0,18000,,,,,,,,,,,,,,,,,,,,,,,,,,,,,,,,,,,,,,,,,,,,,,,,,,,,,,,,,,,,,,,,,,,,,,,,,,,,,,,,,,,,,,,,,,,,,,,,,,,,,,,,,,,,
1063,500122,0,,0,0,0,0,38000,,,,,,,,,,,,,,,,,,,,,,,,,,,,,,,,,,,,,,,,,,,,,,,,,,,,,,,,,,,,,,,,,,,,,,,,,,,,,,,,,,,,,,,,,,,,,,,,,,,,,,,,,,,,
1064,500123,0,,0,0,0,0,68000,,,,,,,,,,,,,,,,,,,,,,,,,,,,,,,,,,,,,,,,,,,,,,,,,,,,,,,,,,,,,,,,,,,,,,,,,,,,,,,,,,,,,,,,,,,,,,,,,,,,,,,,,,,,
1065,500124,0,,0,0,0,0,98000,,,,,,,,,,,,,,,,,,,,,,,,,,,,,,,,,,,,,,,,,,,,,,,,,,,,,,,,,,,,,,,,,,,,,,,,,,,,,,,,,,,,,,,,,,,,,,,,,,,,,,,,,,,,
1066,500125,0,,0,0,0,0,168000,,,,,,,,,,,,,,,,,,,,,,,,,,,,,,,,,,,,,,,,,,,,,,,,,,,,,,,,,,,,,,,,,,,,,,,,,,,,,,,,,,,,,,,,,,,,,,,,,,,,,,,,,,,,
1067,500126,0,,0,0,0,0,328000,,,,,,,,,,,,,,,,,,,,,,,,,,,,,,,,,,,,,,,,,,,,,,,,,,,,,,,,,,,,,,,,,,,,,,,,,,,,,,,,,,,,,,,,,,,,,,,,,,,,,,,,,,,,
1068,500127,0,,0,0,0,0,648000,,,,,,,,,,,,,,,,,,,,,,,,,,,,,,,,,,,,,,,,,,,,,,,,,,,,,,,,,,,,,,,,,,,,,,,,,,,,,,,,,,,,,,,,,,,,,,,,,,,,,,,,,,,,
1069,500128,0,,0,0,6932,0,0,0,,,,,,,,,,,,,,,,,,,,,,,,,,,,,,,,,,,,,,,,,,,,,,,,,,,,,,,,,,,,,,,,,,,,,,,,,,,,,,,,,,,,,,,,,,,,,,,,,,,,,,,,,,,
1070,500129,0,,0,0,6933,0,0,0,,,,,,,,,,,,,,,,,,,,,,,,,,,,,,,,,,,,,,,,,,,,,,,,,,,,,,,,,,,,,,,,,,,,,,,,,,,,,,,,,,,,,,,,,,,,,,,,,,,,,,,,,,,
1071,500130,0,,0,0,6934,0,0,0,,,,,,,,,,,,,,,,,,,,,,,,,,,,,,,,,,,,,,,,,,,,,,,,,,,,,,,,,,,,,,,,,,,,,,,,,,,,,,,,,,,,,,,,,,,,,,,,,,,,,,,,,,,
1072,500133,0,,0,0,0,0,0,0,,,3080201,3080202,3080203,3080204,,,,,,,,,,,,,,,,,,,,,,,,,,,,,,,,1,1,1,1,,,,,,,,,,,,,,,,,,,,,,,,,,,,,,,,0,0,0,0,,,,,,,,,,,,,,,,,,,,,,,,,,,,,,,
1073,500134,0,,0,0,0,0,0,30,0,0,,,,,,,,,,,,,,,,,,,,,,,,,,,,,,,,,,,,,,,,,,,,,,,,,,,,,,,,,,,,,,,,,,,,,,,,,,,,,,,,,,,,,,,,,,,,,,,,,,,,,,,,,
1074,500135,0,,0,0,0,0,0,50,0,0,,,,,,,,,,,,,,,,,,,,,,,,,,,,,,,,,,,,,,,,,,,,,,,,,,,,,,,,,,,,,,,,,,,,,,,,,,,,,,,,,,,,,,,,,,,,,,,,,,,,,,,,,
1075,500136,0,,0,0,0,0,0,100,0,0,,,,,,,,,,,,,,,,,,,,,,,,,,,,,,,,,,,,,,,,,,,,,,,,,,,,,,,,,,,,,,,,,,,,,,,,,,,,,,,,,,,,,,,,,,,,,,,,,,,,,,,,,
1076,500623,0,,0,0,0,0,0,0,0,0,500092,,,,,,,,,,,,,,,,,,,,,,,,,,,,,,,,,,,60,,,,,,,,,,,,,,,,,,,,,,,,,,,,,,,,,,,0,,,,,,,,,,,,,,,,,,,,,,,,,,,,,,,,,,
1077,500624,0,,0,0,0,0,0,0,0,0,339102,,,,,,,,,,,,,,,,,,,,,,,,,,,,,,,,,,,60,,,,,,,,,,,,,,,,,,,,,,,,,,,,,,,,,,,0,,,,,,,,,,,,,,,,,,,,,,,,,,,,,,,,,,
1078,336006,0,,0,0,6978,0,0,0,0,0,,,,,,,,,,,,,,,,,,,,,,,,,,,,,,,,,,,,,,,,,,,,,,,,,,,,,,,,,,,,,,,,,,,,,,,,,,,,,,,,,,,,,,,,,,,,,,,,,,,,,,,,,
1079,501012,0,,0,,6979,0,0,0,,,,,,,,,,,,,,,,,,,,,,,,,,,,,,,,,,,,,,,,,,,,,,,,,,,,,,,,,,,,,,,,,,,,,,,,,,,,,,,,,,,,,,,,,,,,,,,,,,,,,,,,,,,
1080,501013,0,,0,,6980,0,0,0,,,,,,,,,,,,,,,,,,,,,,,,,,,,,,,,,,,,,,,,,,,,,,,,,,,,,,,,,,,,,,,,,,,,,,,,,,,,,,,,,,,,,,,,,,,,,,,,,,,,,,,,,,,
1081,501014,0,,0,,6981,0,0,0,,,,,,,,,,,,,,,,,,,,,,,,,,,,,,,,,,,,,,,,,,,,,,,,,,,,,,,,,,,,,,,,,,,,,,,,,,,,,,,,,,,,,,,,,,,,,,,,,,,,,,,,,,,
1082,501015,0,,0,,6982,0,0,0,,,,,,,,,,,,,,,,,,,,,,,,,,,,,,,,,,,,,,,,,,,,,,,,,,,,,,,,,,,,,,,,,,,,,,,,,,,,,,,,,,,,,,,,,,,,,,,,,,,,,,,,,,,
1083,501016,0,,0,,6983,0,0,0,,,,,,,,,,,,,,,,,,,,,,,,,,,,,,,,,,,,,,,,,,,,,,,,,,,,,,,,,,,,,,,,,,,,,,,,,,,,,,,,,,,,,,,,,,,,,,,,,,,,,,,,,,,
1084,501022,0,,0,,6988,,,,,,,,,,,,,,,,,,,,,,,,,,,,,,,,,,,,,,,,,,,,,,,,,,,,,,,,,,,,,,,,,,,,,,,,,,,,,,,,,,,,,,,,,,,,,,,,,,,,,,,,,,,,,,
1085,710001,0,,0,0,0,0,0,0,1,1000000,,,,,,,,,,,,,,,,,,,,,,,,,,,,,,,,,,,,,,,,,,,,,,,,,,,,,,,,,,,,,,,,,,,,,,,,,,,,,,,,,,,,,,,,,,,,,,,,,,,,,,,,,
1086,710002,0,,0,0,0,0,0,0,2,10000,,,,,,,,,,,,,,,,,,,,,,,,,,,,,,,,,,,,,,,,,,,,,,,,,,,,,,,,,,,,,,,,,,,,,,,,,,,,,,,,,,,,,,,,,,,,,,,,,,,,,,,,,
1087,710003,0,,0,0,7101,0,0,0,0,0,,,,,,,,,,,,,,,,,,,,,,,,,,,,,,,,,,,,,,,,,,,,,,,,,,,,,,,,,,,,,,,,,,,,,,,,,,,,,,,,,,,,,,,,,,,,,,,,,,,,,,,,,
1088,710004,0,,0,0,7102,0,0,0,0,0,,,,,,,,,,,,,,,,,,,,,,,,,,,,,,,,,,,,,,,,,,,,,,,,,,,,,,,,,,,,,,,,,,,,,,,,,,,,,,,,,,,,,,,,,,,,,,,,,,,,,,,,,
1089,710005,0,,0,0,7103,0,0,0,0,0,,,,,,,,,,,,,,,,,,,,,,,,,,,,,,,,,,,,,,,,,,,,,,,,,,,,,,,,,,,,,,,,,,,,,,,,,,,,,,,,,,,,,,,,,,,,,,,,,,,,,,,,,
1090,710006,0,,0,0,7104,0,0,0,0,0,,,,,,,,,,,,,,,,,,,,,,,,,,,,,,,,,,,,,,,,,,,,,,,,,,,,,,,,,,,,,,,,,,,,,,,,,,,,,,,,,,,,,,,,,,,,,,,,,,,,,,,,,
1091,710007,0,,0,0,7105,0,0,0,0,0,,,,,,,,,,,,,,,,,,,,,,,,,,,,,,,,,,,,,,,,,,,,,,,,,,,,,,,,,,,,,,,,,,,,,,,,,,,,,,,,,,,,,,,,,,,,,,,,,,,,,,,,,
1092,710008,0,,0,0,7106,0,0,0,0,0,,,,,,,,,,,,,,,,,,,,,,,,,,,,,,,,,,,,,,,,,,,,,,,,,,,,,,,,,,,,,,,,,,,,,,,,,,,,,,,,,,,,,,,,,,,,,,,,,,,,,,,,,
1093,710009,0,,0,0,7107,0,0,0,107,1,,,,,,,,,,,,,,,,,,,,,,,,,,,,,,,,,,,,,,,,,,,,,,,,,,,,,,,,,,,,,,,,,,,,,,,,,,,,,,,,,,,,,,,,,,,,,,,,,,,,,,,,,
1094,710010,0,,0,0,7108,0,0,0,107,1,,,,,,,,,,,,,,,,,,,,,,,,,,,,,,,,,,,,,,,,,,,,,,,,,,,,,,,,,,,,,,,,,,,,,,,,,,,,,,,,,,,,,,,,,,,,,,,,,,,,,,,,,
1095,710011,0,,0,0,7109,0,0,0,0,0,,,,,,,,,,,,,,,,,,,,,,,,,,,,,,,,,,,,,,,,,,,,,,,,,,,,,,,,,,,,,,,,,,,,,,,,,,,,,,,,,,,,,,,,,,,,,,,,,,,,,,,,,
1096,710012,0,,0,0,0,0,0,0,0,0,334100,,,,,,,,,,,,,,,,,,,,,,,,,,,,,,,,,,,2,,,,,,,,,,,,,,,,,,,,,,,,,,,,,,,,,,,0,,,,,,,,,,,,,,,,,,,,,,,,,,,,,,,,,,
1097,710013,0,,0,0,0,0,0,0,0,0,334101,,,,,,,,,,,,,,,,,,,,,,,,,,,,,,,,,,,2,,,,,,,,,,,,,,,,,,,,,,,,,,,,,,,,,,,0,,,,,,,,,,,,,,,,,,,,,,,,,,,,,,,,,,
1098,710014,0,,0,0,7110,0,0,0,0,0,,,,,,,,,,,,,,,,,,,,,,,,,,,,,,,,,,,,,,,,,,,,,,,,,,,,,,,,,,,,,,,,,,,,,,,,,,,,,,,,,,,,,,,,,,,,,,,,,,,,,,,,,
1099,710015,0,,0,0,0,0,0,0,0,0,334100,336010,,,,,,,,,,,,,,,,,,,,,,,,,,,,,,,,,,2,1,,,,,,,,,,,,,,,,,,,,,,,,,,,,,,,,,,0,1,,,,,,,,,,,,,,,,,,,,,,,,,,,,,,,,,
1100,710016,0,,0,0,0,0,0,0,0,0,334101,710003,,,,,,,,,,,,,,,,,,,,,,,,,,,,,,,,,,2,1,,,,,,,,,,,,,,,,,,,,,,,,,,,,,,,,,,0,0,,,,,,,,,,,,,,,,,,,,,,,,,,,,,,,,,
1101,710017,0,,0,0,0,0,0,0,107,10,,,,,,,,,,,,,,,,,,,,,,,,,,,,,,,,,,,,,,,,,,,,,,,,,,,,,,,,,,,,,,,,,,,,,,,,,,,,,,,,,,,,,,,,,,,,,,,,,,,,,,,,,
1102,710018,0,,0,0,0,0,0,0,107,30,,,,,,,,,,,,,,,,,,,,,,,,,,,,,,,,,,,,,,,,,,,,,,,,,,,,,,,,,,,,,,,,,,,,,,,,,,,,,,,,,,,,,,,,,,,,,,,,,,,,,,,,,
1103,710019,0,,0,0,0,0,0,0,107,50,,,,,,,,,,,,,,,,,,,,,,,,,,,,,,,,,,,,,,,,,,,,,,,,,,,,,,,,,,,,,,,,,,,,,,,,,,,,,,,,,,,,,,,,,,,,,,,,,,,,,,,,,
1104,710020,0,,0,0,7111,0,0,0,0,0,,,,,,,,,,,,,,,,,,,,,,,,,,,,,,,,,,,,,,,,,,,,,,,,,,,,,,,,,,,,,,,,,,,,,,,,,,,,,,,,,,,,,,,,,,,,,,,,,,,,,,,,,
1105,710021,0,,0,0,7112,0,0,0,0,0,,,,,,,,,,,,,,,,,,,,,,,,,,,,,,,,,,,,,,,,,,,,,,,,,,,,,,,,,,,,,,,,,,,,,,,,,,,,,,,,,,,,,,,,,,,,,,,,,,,,,,,,,
1106,710022,0,,0,0,7113,0,0,0,0,0,,,,,,,,,,,,,,,,,,,,,,,,,,,,,,,,,,,,,,,,,,,,,,,,,,,,,,,,,,,,,,,,,,,,,,,,,,,,,,,,,,,,,,,,,,,,,,,,,,,,,,,,,
1107,710023,0,,0,0,0,0,0,0,107,1,,,,,,,,,,,,,,,,,,,,,,,,,,,,,,,,,,,,,,,,,,,,,,,,,,,,,,,,,,,,,,,,,,,,,,,,,,,,,,,,,,,,,,,,,,,,,,,,,,,,,,,,,
1108,710024,0,,0,0,0,0,0,0,107,5,,,,,,,,,,,,,,,,,,,,,,,,,,,,,,,,,,,,,,,,,,,,,,,,,,,,,,,,,,,,,,,,,,,,,,,,,,,,,,,,,,,,,,,,,,,,,,,,,,,,,,,,,
1109,710025,0,,0,0,0,0,0,0,107,10,,,,,,,,,,,,,,,,,,,,,,,,,,,,,,,,,,,,,,,,,,,,,,,,,,,,,,,,,,,,,,,,,,,,,,,,,,,,,,,,,,,,,,,,,,,,,,,,,,,,,,,,,
1110,710026,0,,0,0,0,0,0,0,107,20,,,,,,,,,,,,,,,,,,,,,,,,,,,,,,,,,,,,,,,,,,,,,,,,,,,,,,,,,,,,,,,,,,,,,,,,,,,,,,,,,,,,,,,,,,,,,,,,,,,,,,,,,
1111,710027,0,,0,0,0,0,0,0,107,30,,,,,,,,,,,,,,,,,,,,,,,,,,,,,,,,,,,,,,,,,,,,,,,,,,,,,,,,,,,,,,,,,,,,,,,,,,,,,,,,,,,,,,,,,,,,,,,,,,,,,,,,,
1112,710028,0,,0,0,0,0,0,0,109,1,,,,,,,,,,,,,,,,,,,,,,,,,,,,,,,,,,,,,,,,,,,,,,,,,,,,,,,,,,,,,,,,,,,,,,,,,,,,,,,,,,,,,,,,,,,,,,,,,,,,,,,,,
1113,710029,0,,0,0,0,0,0,0,109,5,,,,,,,,,,,,,,,,,,,,,,,,,,,,,,,,,,,,,,,,,,,,,,,,,,,,,,,,,,,,,,,,,,,,,,,,,,,,,,,,,,,,,,,,,,,,,,,,,,,,,,,,,
1114,710030,0,,0,0,0,0,0,0,109,10,,,,,,,,,,,,,,,,,,,,,,,,,,,,,,,,,,,,,,,,,,,,,,,,,,,,,,,,,,,,,,,,,,,,,,,,,,,,,,,,,,,,,,,,,,,,,,,,,,,,,,,,,
1115,710031,0,,0,0,0,0,0,0,109,20,,,,,,,,,,,,,,,,,,,,,,,,,,,,,,,,,,,,,,,,,,,,,,,,,,,,,,,,,,,,,,,,,,,,,,,,,,,,,,,,,,,,,,,,,,,,,,,,,,,,,,,,,
1116,710032,0,,0,0,0,0,0,0,109,30,,,,,,,,,,,,,,,,,,,,,,,,,,,,,,,,,,,,,,,,,,,,,,,,,,,,,,,,,,,,,,,,,,,,,,,,,,,,,,,,,,,,,,,,,,,,,,,,,,,,,,,,,
1117,710033,0,,0,0,0,0,0,0,5,10,,,,,,,,,,,,,,,,,,,,,,,,,,,,,,,,,,,,,,,,,,,,,,,,,,,,,,,,,,,,,,,,,,,,,,,,,,,,,,,,,,,,,,,,,,,,,,,,,,,,,,,,,
1118,710034,0,,0,0,0,0,0,0,5,20,,,,,,,,,,,,,,,,,,,,,,,,,,,,,,,,,,,,,,,,,,,,,,,,,,,,,,,,,,,,,,,,,,,,,,,,,,,,,,,,,,,,,,,,,,,,,,,,,,,,,,,,,
1119,710035,0,,0,0,0,0,0,0,5,30,,,,,,,,,,,,,,,,,,,,,,,,,,,,,,,,,,,,,,,,,,,,,,,,,,,,,,,,,,,,,,,,,,,,,,,,,,,,,,,,,,,,,,,,,,,,,,,,,,,,,,,,,
1120,710036,0,,0,0,0,0,0,0,5,40,,,,,,,,,,,,,,,,,,,,,,,,,,,,,,,,,,,,,,,,,,,,,,,,,,,,,,,,,,,,,,,,,,,,,,,,,,,,,,,,,,,,,,,,,,,,,,,,,,,,,,,,,
1121,710037,0,,0,0,0,0,0,0,5,50,,,,,,,,,,,,,,,,,,,,,,,,,,,,,,,,,,,,,,,,,,,,,,,,,,,,,,,,,,,,,,,,,,,,,,,,,,,,,,,,,,,,,,,,,,,,,,,,,,,,,,,,,
1122,710038,0,,0,0,0,0,0,0,6,10,,,,,,,,,,,,,,,,,,,,,,,,,,,,,,,,,,,,,,,,,,,,,,,,,,,,,,,,,,,,,,,,,,,,,,,,,,,,,,,,,,,,,,,,,,,,,,,,,,,,,,,,,
1123,710039,0,,0,0,0,0,0,0,6,20,,,,,,,,,,,,,,,,,,,,,,,,,,,,,,,,,,,,,,,,,,,,,,,,,,,,,,,,,,,,,,,,,,,,,,,,,,,,,,,,,,,,,,,,,,,,,,,,,,,,,,,,,
1124,710040,0,,0,0,0,0,0,0,6,30,,,,,,,,,,,,,,,,,,,,,,,,,,,,,,,,,,,,,,,,,,,,,,,,,,,,,,,,,,,,,,,,,,,,,,,,,,,,,,,,,,,,,,,,,,,,,,,,,,,,,,,,,
1125,710041,0,,0,0,0,0,0,0,6,40,,,,,,,,,,,,,,,,,,,,,,,,,,,,,,,,,,,,,,,,,,,,,,,,,,,,,,,,,,,,,,,,,,,,,,,,,,,,,,,,,,,,,,,,,,,,,,,,,,,,,,,,,
1126,710042,0,,0,0,0,0,0,0,6,50,,,,,,,,,,,,,,,,,,,,,,,,,,,,,,,,,,,,,,,,,,,,,,,,,,,,,,,,,,,,,,,,,,,,,,,,,,,,,,,,,,,,,,,,,,,,,,,,,,,,,,,,,
1127,710043,0,,0,0,0,0,0,0,104,1,,,,,,,,,,,,,,,,,,,,,,,,,,,,,,,,,,,,,,,,,,,,,,,,,,,,,,,,,,,,,,,,,,,,,,,,,,,,,,,,,,,,,,,,,,,,,,,,,,,,,,,,,
1128,710044,0,,0,0,0,0,0,0,104,2,,,,,,,,,,,,,,,,,,,,,,,,,,,,,,,,,,,,,,,,,,,,,,,,,,,,,,,,,,,,,,,,,,,,,,,,,,,,,,,,,,,,,,,,,,,,,,,,,,,,,,,,,
1129,710045,0,,0,0,0,0,0,0,104,3,,,,,,,,,,,,,,,,,,,,,,,,,,,,,,,,,,,,,,,,,,,,,,,,,,,,,,,,,,,,,,,,,,,,,,,,,,,,,,,,,,,,,,,,,,,,,,,,,,,,,,,,,
1130,710046,0,,0,0,0,0,0,0,104,4,,,,,,,,,,,,,,,,,,,,,,,,,,,,,,,,,,,,,,,,,,,,,,,,,,,,,,,,,,,,,,,,,,,,,,,,,,,,,,,,,,,,,,,,,,,,,,,,,,,,,,,,,
1131,710047,0,,0,0,0,0,0,0,104,5,,,,,,,,,,,,,,,,,,,,,,,,,,,,,,,,,,,,,,,,,,,,,,,,,,,,,,,,,,,,,,,,,,,,,,,,,,,,,,,,,,,,,,,,,,,,,,,,,,,,,,,,,
1132,710048,0,,0,0,0,0,0,0,105,1,,,,,,,,,,,,,,,,,,,,,,,,,,,,,,,,,,,,1,,,,,,,,,,,,,,,,,,,,,,,,,,,,,,,,,,,1,,,,,,,,,,,,,,,,,,,,,,,,,,,,,,,,,,
1133,710049,0,,0,0,0,0,0,0,105,2,,,,,,,,,,,,,,,,,,,,,,,,,,,,,,,,,,,,,,,,,,,,,,,,,,,,,,,,,,,,,,,,,,,,,,,,,,,,,,,,,,,,,,,,,,,,,,,,,,,,,,,,,
1134,710050,0,,0,0,0,0,0,0,105,3,,,,,,,,,,,,,,,,,,,,,,,,,,,,,,,,,,,,,,,,,,,,,,,,,,,,,,,,,,,,,,,,,,,,,,,,,,,,,,,,,,,,,,,,,,,,,,,,,,,,,,,,,
1135,710051,0,,0,0,0,0,0,0,105,4,,,,,,,,,,,,,,,,,,,,,,,,,,,,,,,,,,,,,,,,,,,,,,,,,,,,,,,,,,,,,,,,,,,,,,,,,,,,,,,,,,,,,,,,,,,,,,,,,,,,,,,,,
1136,710052,0,,0,0,0,0,0,0,105,5,,,,,,,,,,,,,,,,,,,,,,,,,,,,,,,,,,,,,,,,,,,,,,,,,,,,,,,,,,,,,,,,,,,,,,,,,,,,,,,,,,,,,,,,,,,,,,,,,,,,,,,,,
1137,710056,0,,0,0,7114,0,0,0,0,0,,,,,,,,,,,,,,,,,,,,,,,,,,,,,,,,,,,,,,,,,,,,,,,,,,,,,,,,,,,,,,,,,,,,,,,,,,,,,,,,,,,,,,,,,,,,,,,,,,,,,,,,,
1138,710057,0,,0,0,7115,0,0,0,0,0,,,,,,,,,,,,,,,,,,,,,,,,,,,,,,,,,,,,,,,,,,,,,,,,,,,,,,,,,,,,,,,,,,,,,,,,,,,,,,,,,,,,,,,,,,,,,,,,,,,,,,,,,
1139,710060,0,,0,0,7116,0,0,0,0,0,,,,,,,,,,,,,,,,,,,,,,,,,,,,,,,,,,,,,,,,,,,,,,,,,,,,,,,,,,,,,,,,,,,,,,,,,,,,,,,,,,,,,,,,,,,,,,,,,,,,,,,,,
1140,710061,0,,0,0,7118,0,0,0,0,0,,,,,,,,,,,,,,,,,,,,,,,,,,,,,,,,,,,,,,,,,,,,,,,,,,,,,,,,,,,,,,,,,,,,,,,,,,,,,,,,,,,,,,,,,,,,,,,,,,,,,,,,,
1141,710062,0,,0,0,7119,0,0,0,0,0,,,,,,,,,,,,,,,,,,,,,,,,,,,,,,,,,,,,,,,,,,,,,,,,,,,,,,,,,,,,,,,,,,,,,,,,,,,,,,,,,,,,,,,,,,,,,,,,,,,,,,,,,
1142,710063,0,,0,0,0,0,0,0,1,888888,710064,710065,40008,40009,40010,40011,331107,331137,331167,341107,,,,,,,,,,,,,,,,,,,,,,,,,,1,5,8,16,16,24,1,2,3,6,,,,,,,,,,,,,,,,,,,,,,,,,,1,1,1,1,1,1,1,1,1,1,,,,,,,,,,,,,,,,,,,,,,,,,
1143,570015,0,,0,0,0,0,0,0,0,0,570012,500096,400269,,,,,,,,,,,,,,,,,,,,,,,,,,,,,,,,,1000,350,3000,,,,,,,,,,,,,,,,,,,,,,,,,,,,,,,,,1,1,1,,,,,,,,,,,,,,,,,,,,,,,,,,,,,,,,
1144,570016,0,,0,0,0,0,0,0,0,0,570012,500096,400269,,,,,,,,,,,,,,,,,,,,,,,,,,,,,,,,,2000,800,8000,,,,,,,,,,,,,,,,,,,,,,,,,,,,,,,,,1,1,1,,,,,,,,,,,,,,,,,,,,,,,,,,,,,,,,
1145,570017,0,,0,0,0,0,0,0,0,0,640148,500092,310300,219004,219104,219204,500131,,,,,,,,,,,,,,,,,,,,,,,,,,,,,1,60,10,1,1,1,200,,,,,,,,,,,,,,,,,,,,,,,,,,,,,1,1,1,1,1,1,1,,,,,,,,,,,,,,,,,,,,,,,,,,,,
1146,570018,0,,0,0,0,0,0,0,0,0,650022,500092,310300,219005,219105,219205,500131,,,,,,,,,,,,,,,,,,,,,,,,,,,,,1,60,10,1,1,1,500,,,,,,,,,,,,,,,,,,,,,,,,,,,,,1,1,1,1,1,1,1,,,,,,,,,,,,,,,,,,,,,,,,,,,,
1147,570019,0,,0,0,0,0,0,0,0,0,650023,650024,500096,400269,340160,400017,,,,,,,,,,,,,,,,,,,,,,,,,,,,,,1,5,50,600,500,20,,,,,,,,,,,,,,,,,,,,,,,,,,,,,,1,1,1,1,1,1,,,,,,,,,,,,,,,,,,,,,,,,,,,,,
1148,570020,0,,0,0,0,0,0,0,0,0,650025,650026,500096,400269,340160,400017,,,,,,,,,,,,,,,,,,,,,,,,,,,,,,1,5,100,700,700,40,,,,,,,,,,,,,,,,,,,,,,,,,,,,,,1,1,1,1,1,1,,,,,,,,,,,,,,,,,,,,,,,,,,,,,
1150,560014,0,,0,0,5340,0,0,0,0,0,,,,,,,,,,,,,,,,,,,,,,,,,,,,,,,,,,,,,,,,,,,,,,,,,,,,,,,,,,,,,,,,,,,,,,,,,,,,,,,,,,,,,,,,,,,,,,,,,,,,,,,,,
1151,560015,0,,0,0,5350,0,0,0,0,0,,,,,,,,,,,,,,,,,,,,,,,,,,,,,,,,,,,,,,,,,,,,,,,,,,,,,,,,,,,,,,,,,,,,,,,,,,,,,,,,,,,,,,,,,,,,,,,,,,,,,,,,,
1152,560016,0,,0,0,5360,0,0,0,0,0,,,,,,,,,,,,,,,,,,,,,,,,,,,,,,,,,,,,,,,,,,,,,,,,,,,,,,,,,,,,,,,,,,,,,,,,,,,,,,,,,,,,,,,,,,,,,,,,,,,,,,,,,
1153,560017,0,,0,0,5370,0,0,0,0,0,,,,,,,,,,,,,,,,,,,,,,,,,,,,,,,,,,,,,,,,,,,,,,,,,,,,,,,,,,,,,,,,,,,,,,,,,,,,,,,,,,,,,,,,,,,,,,,,,,,,,,,,,
1154,560018,0,,0,0,5380,0,0,0,0,0,,,,,,,,,,,,,,,,,,,,,,,,,,,,,,,,,,,,,,,,,,,,,,,,,,,,,,,,,,,,,,,,,,,,,,,,,,,,,,,,,,,,,,,,,,,,,,,,,,,,,,,,,
1155,560019,0,,0,0,5390,0,0,0,0,0,,,,,,,,,,,,,,,,,,,,,,,,,,,,,,,,,,,,,,,,,,,,,,,,,,,,,,,,,,,,,,,,,,,,,,,,,,,,,,,,,,,,,,,,,,,,,,,,,,,,,,,,,
1156,560020,0,,0,0,5400,0,0,0,0,0,,,,,,,,,,,,,,,,,,,,,,,,,,,,,,,,,,,,,,,,,,,,,,,,,,,,,,,,,,,,,,,,,,,,,,,,,,,,,,,,,,,,,,,,,,,,,,,,,,,,,,,,,
1157,570006,0,,0,0,5410,0,0,0,0,0,,,,,,,,,,,,,,,,,,,,,,,,,,,,,,,,,,,,,,,,,,,,,,,,,,,,,,,,,,,,,,,,,,,,,,,,,,,,,,,,,,,,,,,,,,,,,,,,,,,,,,,,,
1158,570007,0,,0,0,5420,0,0,0,0,0,,,,,,,,,,,,,,,,,,,,,,,,,,,,,,,,,,,,,,,,,,,,,,,,,,,,,,,,,,,,,,,,,,,,,,,,,,,,,,,,,,,,,,,,,,,,,,,,,,,,,,,,,
1159,570008,0,,0,0,5430,0,0,0,0,0,,,,,,,,,,,,,,,,,,,,,,,,,,,,,,,,,,,,,,,,,,,,,,,,,,,,,,,,,,,,,,,,,,,,,,,,,,,,,,,,,,,,,,,,,,,,,,,,,,,,,,,,,
1160,570009,0,,0,0,5970,0,0,0,0,0,,,,,,,,,,,,,,,,,,,,,,,,,,,,,,,,,,,,,,,,,,,,,,,,,,,,,,,,,,,,,,,,,,,,,,,,,,,,,,,,,,,,,,,,,,,,,,,,,,,,,,,,,
1161,570010,0,,0,0,5980,0,0,0,0,0,,,,,,,,,,,,,,,,,,,,,,,,,,,,,,,,,,,,,,,,,,,,,,,,,,,,,,,,,,,,,,,,,,,,,,,,,,,,,,,,,,,,,,,,,,,,,,,,,,,,,,,,,
1162,570011,0,,0,0,5990,0,0,0,0,0,,,,,,,,,,,,,,,,,,,,,,,,,,,,,,,,,,,,,,,,,,,,,,,,,,,,,,,,,,,,,,,,,,,,,,,,,,,,,,,,,,,,,,,,,,,,,,,,,,,,,,,,,
1163,40019,0,,0,0,0,0,0,0,0,0,40008,40009,40010,40011,,,,,,,,,,,,,,,,,,,,,,,,,,,,,,,,1,1,1,1,,,,,,,,,,,,,,,,,,,,,,,,,,,,,,,,0,0,0,0,,,,,,,,,,,,,,,,,,,,,,,,,,,,,,,
1164,40020,0,,0,0,0,0,0,0,0,0,40008,40009,40010,40011,,,,,,,,,,,,,,,,,,,,,,,,,,,,,,,,2,2,2,2,,,,,,,,,,,,,,,,,,,,,,,,,,,,,,,,0,0,0,0,,,,,,,,,,,,,,,,,,,,,,,,,,,,,,,
1165,40021,0,,0,0,0,0,0,0,0,0,40008,40009,40010,40011,,,,,,,,,,,,,,,,,,,,,,,,,,,,,,,,3,3,3,3,,,,,,,,,,,,,,,,,,,,,,,,,,,,,,,,0,0,0,0,,,,,,,,,,,,,,,,,,,,,,,,,,,,,,,
1166,40022,0,,0,0,0,0,0,0,0,0,40008,40009,40010,40011,,,,,,,,,,,,,,,,,,,,,,,,,,,,,,,,4,4,4,4,,,,,,,,,,,,,,,,,,,,,,,,,,,,,,,,0,0,0,0,,,,,,,,,,,,,,,,,,,,,,,,,,,,,,,
1167,40023,0,,0,0,0,0,0,0,0,0,40008,40009,40010,40011,,,,,,,,,,,,,,,,,,,,,,,,,,,,,,,,5,5,5,5,,,,,,,,,,,,,,,,,,,,,,,,,,,,,,,,0,0,0,0,,,,,,,,,,,,,,,,,,,,,,,,,,,,,,,
1168,40024,0,,0,0,0,0,0,0,0,0,40008,40009,40010,40011,,,,,,,,,,,,,,,,,,,,,,,,,,,,,,,,10,10,10,10,,,,,,,,,,,,,,,,,,,,,,,,,,,,,,,,0,0,0,0,,,,,,,,,,,,,,,,,,,,,,,,,,,,,,,
1170,254102,0,,0,0,0,0,0,0,110,2,,,,,,,,,,,,,,,,,,,,,,,,,,,,,,,,,,,,,,,,,,,,,,,,,,,,,,,,,,,,,,,,,,,,,,,,,,,,,,,,,,,,,,,,,,,,,,,,,,,,,,,,,
1171,254103,0,,0,0,0,0,0,0,110,3,,,,,,,,,,,,,,,,,,,,,,,,,,,,,,,,,,,,,,,,,,,,,,,,,,,,,,,,,,,,,,,,,,,,,,,,,,,,,,,,,,,,,,,,,,,,,,,,,,,,,,,,,
1172,254104,0,,0,0,0,0,0,0,110,4,,,,,,,,,,,,,,,,,,,,,,,,,,,,,,,,,,,,,,,,,,,,,,,,,,,,,,,,,,,,,,,,,,,,,,,,,,,,,,,,,,,,,,,,,,,,,,,,,,,,,,,,,
1173,254105,0,,0,0,0,0,0,0,110,5,,,,,,,,,,,,,,,,,,,,,,,,,,,,,,,,,,,,,,,,,,,,,,,,,,,,,,,,,,,,,,,,,,,,,,,,,,,,,,,,,,,,,,,,,,,,,,,,,,,,,,,,,
1174,254106,0,,0,0,0,0,0,0,7,1,,,,,,,,,,,,,,,,,,,,,,,,,,,,,,,,,,,,,,,,,,,,,,,,,,,,,,,,,,,,,,,,,,,,,,,,,,,,,,,,,,,,,,,,,,,,,,,,,,,,,,,,,
1175,254107,0,,0,0,0,0,0,0,7,2,,,,,,,,,,,,,,,,,,,,,,,,,,,,,,,,,,,,,,,,,,,,,,,,,,,,,,,,,,,,,,,,,,,,,,,,,,,,,,,,,,,,,,,,,,,,,,,,,,,,,,,,,
1176,254108,0,,0,0,0,0,0,0,7,3,,,,,,,,,,,,,,,,,,,,,,,,,,,,,,,,,,,,,,,,,,,,,,,,,,,,,,,,,,,,,,,,,,,,,,,,,,,,,,,,,,,,,,,,,,,,,,,,,,,,,,,,,
1177,254109,0,,0,0,0,0,0,0,7,4,,,,,,,,,,,,,,,,,,,,,,,,,,,,,,,,,,,,,,,,,,,,,,,,,,,,,,,,,,,,,,,,,,,,,,,,,,,,,,,,,,,,,,,,,,,,,,,,,,,,,,,,,
1178,254110,0,,0,0,0,0,0,0,7,5,,,,,,,,,,,,,,,,,,,,,,,,,,,,,,,,,,,,,,,,,,,,,,,,,,,,,,,,,,,,,,,,,,,,,,,,,,,,,,,,,,,,,,,,,,,,,,,,,,,,,,,,,
1179,254111,0,,0,0,0,0,0,0,8,1,,,,,,,,,,,,,,,,,,,,,,,,,,,,,,,,,,,,,,,,,,,,,,,,,,,,,,,,,,,,,,,,,,,,,,,,,,,,,,,,,,,,,,,,,,,,,,,,,,,,,,,,,
1180,254112,0,,0,0,0,0,0,0,8,2,,,,,,,,,,,,,,,,,,,,,,,,,,,,,,,,,,,,,,,,,,,,,,,,,,,,,,,,,,,,,,,,,,,,,,,,,,,,,,,,,,,,,,,,,,,,,,,,,,,,,,,,,
1181,254113,0,,0,0,0,0,0,0,8,3,,,,,,,,,,,,,,,,,,,,,,,,,,,,,,,,,,,,,,,,,,,,,,,,,,,,,,,,,,,,,,,,,,,,,,,,,,,,,,,,,,,,,,,,,,,,,,,,,,,,,,,,,
1182,254114,0,,0,0,0,0,0,0,8,4,,,,,,,,,,,,,,,,,,,,,,,,,,,,,,,,,,,,,,,,,,,,,,,,,,,,,,,,,,,,,,,,,,,,,,,,,,,,,,,,,,,,,,,,,,,,,,,,,,,,,,,,,
1183,254115,0,,0,0,0,0,0,0,8,5,,,,,,,,,,,,,,,,,,,,,,,,,,,,,,,,,,,,,,,,,,,,,,,,,,,,,,,,,,,,,,,,,,,,,,,,,,,,,,,,,,,,,,,,,,,,,,,,,,,,,,,,,
1184,254116,0,,0,0,0,0,0,0,105,1,,,,,,,,,,,,,,,,,,,,,,,,,,,,,,,,,,,,,,,,,,,,,,,,,,,,,,,,,,,,,,,,,,,,,,,,,,,,,,,,,,,,,,,,,,,,,,,,,,,,,,,,,
1185,254117,0,,0,0,0,0,0,0,105,2,,,,,,,,,,,,,,,,,,,,,,,,,,,,,,,,,,,,,,,,,,,,,,,,,,,,,,,,,,,,,,,,,,,,,,,,,,,,,,,,,,,,,,,,,,,,,,,,,,,,,,,,,
1186,254118,0,,0,0,0,0,0,0,105,3,,,,,,,,,,,,,,,,,,,,,,,,,,,,,,,,,,,,,,,,,,,,,,,,,,,,,,,,,,,,,,,,,,,,,,,,,,,,,,,,,,,,,,,,,,,,,,,,,,,,,,,,,
1187,254119,0,,0,0,0,0,0,0,105,4,,,,,,,,,,,,,,,,,,,,,,,,,,,,,,,,,,,,,,,,,,,,,,,,,,,,,,,,,,,,,,,,,,,,,,,,,,,,,,,,,,,,,,,,,,,,,,,,,,,,,,,,,
1188,254120,0,,0,0,0,0,0,0,105,5,,,,,,,,,,,,,,,,,,,,,,,,,,,,,,,,,,,,,,,,,,,,,,,,,,,,,,,,,,,,,,,,,,,,,,,,,,,,,,,,,,,,,,,,,,,,,,,,,,,,,,,,,
1189,254121,0,,0,0,0,0,0,0,106,1,,,,,,,,,,,,,,,,,,,,,,,,,,,,,,,,,,,,,,,,,,,,,,,,,,,,,,,,,,,,,,,,,,,,,,,,,,,,,,,,,,,,,,,,,,,,,,,,,,,,,,,,,
1190,254122,0,,0,0,0,0,0,0,106,2,,,,,,,,,,,,,,,,,,,,,,,,,,,,,,,,,,,,,,,,,,,,,,,,,,,,,,,,,,,,,,,,,,,,,,,,,,,,,,,,,,,,,,,,,,,,,,,,,,,,,,,,,
1191,254123,0,,0,0,0,0,0,0,106,3,,,,,,,,,,,,,,,,,,,,,,,,,,,,,,,,,,,,,,,,,,,,,,,,,,,,,,,,,,,,,,,,,,,,,,,,,,,,,,,,,,,,,,,,,,,,,,,,,,,,,,,,,
1192,254124,0,,0,0,0,0,0,0,106,4,,,,,,,,,,,,,,,,,,,,,,,,,,,,,,,,,,,,,,,,,,,,,,,,,,,,,,,,,,,,,,,,,,,,,,,,,,,,,,,,,,,,,,,,,,,,,,,,,,,,,,,,,
1193,254125,0,,0,0,0,0,0,0,106,5,,,,,,,,,,,,,,,,,,,,,,,,,,,,,,,,,,,,,,,,,,,,,,,,,,,,,,,,,,,,,,,,,,,,,,,,,,,,,,,,,,,,,,,,,,,,,,,,,,,,,,,,,
1194,254126,0,,0,0,0,0,0,0,107,1,,,,,,,,,,,,,,,,,,,,,,,,,,,,,,,,,,,,,,,,,,,,,,,,,,,,,,,,,,,,,,,,,,,,,,,,,,,,,,,,,,,,,,,,,,,,,,,,,,,,,,,,,
1195,254127,0,,0,0,0,0,0,0,107,2,,,,,,,,,,,,,,,,,,,,,,,,,,,,,,,,,,,,,,,,,,,,,,,,,,,,,,,,,,,,,,,,,,,,,,,,,,,,,,,,,,,,,,,,,,,,,,,,,,,,,,,,,
1196,254128,0,,0,0,0,0,0,0,107,3,,,,,,,,,,,,,,,,,,,,,,,,,,,,,,,,,,,,,,,,,,,,,,,,,,,,,,,,,,,,,,,,,,,,,,,,,,,,,,,,,,,,,,,,,,,,,,,,,,,,,,,,,
1197,254129,0,,0,0,0,0,0,0,107,4,,,,,,,,,,,,,,,,,,,,,,,,,,,,,,,,,,,,,,,,,,,,,,,,,,,,,,,,,,,,,,,,,,,,,,,,,,,,,,,,,,,,,,,,,,,,,,,,,,,,,,,,,
1198,254130,0,,0,0,0,0,0,0,107,5,,,,,,,,,,,,,,,,,,,,,,,,,,,,,,,,,,,,,,,,,,,,,,,,,,,,,,,,,,,,,,,,,,,,,,,,,,,,,,,,,,,,,,,,,,,,,,,,,,,,,,,,,
1199,254131,0,,0,0,0,0,0,0,104,1,,,,,,,,,,,,,,,,,,,,,,,,,,,,,,,,,,,,,,,,,,,,,,,,,,,,,,,,,,,,,,,,,,,,,,,,,,,,,,,,,,,,,,,,,,,,,,,,,,,,,,,,,
1200,254132,0,,0,0,0,0,0,0,104,2,,,,,,,,,,,,,,,,,,,,,,,,,,,,,,,,,,,,,,,,,,,,,,,,,,,,,,,,,,,,,,,,,,,,,,,,,,,,,,,,,,,,,,,,,,,,,,,,,,,,,,,,,
1201,254133,0,,0,0,0,0,0,0,104,3,,,,,,,,,,,,,,,,,,,,,,,,,,,,,,,,,,,,,,,,,,,,,,,,,,,,,,,,,,,,,,,,,,,,,,,,,,,,,,,,,,,,,,,,,,,,,,,,,,,,,,,,,
1202,254134,0,,0,0,0,0,0,0,104,4,,,,,,,,,,,,,,,,,,,,,,,,,,,,,,,,,,,,,,,,,,,,,,,,,,,,,,,,,,,,,,,,,,,,,,,,,,,,,,,,,,,,,,,,,,,,,,,,,,,,,,,,,
1203,254135,0,,0,0,0,0,0,0,104,5,,,,,,,,,,,,,,,,,,,,,,,,,,,,,,,,,,,,,,,,,,,,,,,,,,,,,,,,,,,,,,,,,,,,,,,,,,,,,,,,,,,,,,,,,,,,,,,,,,,,,,,,,
1204,331302,0,,0,0,7123,0,0,0,0,0,,,,,,,,,,,,,,,,,,,,,,,,,,,,,,,,,,,,,,,,,,,,,,,,,,,,,,,,,,,,,,,,,,,,,,,,,,,,,,,,,,,,,,,,,,,,,,,,,,,,,,,,,
1205,255000,0,,0,0,0,0,0,0,1,100000,256001,,,,,,,,,,,,,,,,,,,,,,,,,,,,,,,,,,,1,,,,,,,,,,,,,,,,,,,,,,,,,,,,,,,,,,,1,,,,,,,,,,,,,,,,,,,,,,,,,,,,,,,,,,
1206,255001,0,,0,0,0,0,0,0,0,0,6010101,6010220,6010322,6010424,6010525,6010626,,,,,,,,,,,,,,,,,,,,,,,,,,,,,,1,1,1,1,1,1,,,,,,,,,,,,,,,,,,,,,,,,,,,,,,1,1,1,1,1,1,1,,,,,,,,,,,,,,,,,,,,,,,,,,,,
1207,255002,0,,0,0,0,0,0,0,0,0,6010104,6010220,6010322,6010424,6010525,6010626,,,,,,,,,,,,,,,,,,,,,,,,,,,,,,1,1,1,1,1,1,,,,,,,,,,,,,,,,,,,,,,,,,,,,,,1,1,1,1,1,1,1,,,,,,,,,,,,,,,,,,,,,,,,,,,,
1208,255003,0,,0,0,0,0,0,0,0,0,6010117,6010220,6010322,6010424,6010525,6010626,,,,,,,,,,,,,,,,,,,,,,,,,,,,,,1,1,1,1,1,1,,,,,,,,,,,,,,,,,,,,,,,,,,,,,,1,1,1,1,1,1,1,,,,,,,,,,,,,,,,,,,,,,,,,,,,
1209,255004,0,,0,0,0,0,0,0,0,0,6010109,6010221,6010323,6010424,6010525,6010626,,,,,,,,,,,,,,,,,,,,,,,,,,,,,,1,1,1,1,1,1,,,,,,,,,,,,,,,,,,,,,,,,,,,,,,1,1,1,1,1,1,1,,,,,,,,,,,,,,,,,,,,,,,,,,,,
1210,255005,0,,0,0,0,0,0,0,0,0,6010114,6010221,6010323,6010424,6010525,6010626,,,,,,,,,,,,,,,,,,,,,,,,,,,,,,1,1,1,1,1,1,,,,,,,,,,,,,,,,,,,,,,,,,,,,,,1,1,1,1,1,1,1,,,,,,,,,,,,,,,,,,,,,,,,,,,,
1211,255006,0,,0,0,0,0,0,0,0,0,6010116,6010221,6010323,6010424,6010525,6010626,,,,,,,,,,,,,,,,,,,,,,,,,,,,,,1,1,1,1,1,1,,,,,,,,,,,,,,,,,,,,,,,,,,,,,,1,1,1,1,1,1,1,,,,,,,,,,,,,,,,,,,,,,,,,,,,
1212,255007,0,,0,0,0,0,0,0,0,0,6010102,6010220,6010322,6010424,6010525,6010626,,,,,,,,,,,,,,,,,,,,,,,,,,,,,,1,1,1,1,1,1,,,,,,,,,,,,,,,,,,,,,,,,,,,,,,1,1,1,1,1,1,1,,,,,,,,,,,,,,,,,,,,,,,,,,,,
1213,255008,0,,0,0,0,0,0,0,0,0,6010107,6010220,6010322,6010424,6010525,6010626,,,,,,,,,,,,,,,,,,,,,,,,,,,,,,1,1,1,1,1,1,,,,,,,,,,,,,,,,,,,,,,,,,,,,,,1,1,1,1,1,1,1,,,,,,,,,,,,,,,,,,,,,,,,,,,,
1214,255009,0,,0,0,0,0,0,0,0,0,6010115,6010220,6010322,6010424,6010525,6010626,,,,,,,,,,,,,,,,,,,,,,,,,,,,,,1,1,1,1,1,1,,,,,,,,,,,,,,,,,,,,,,,,,,,,,,1,1,1,1,1,1,1,,,,,,,,,,,,,,,,,,,,,,,,,,,,
1215,255010,0,,0,0,0,0,0,0,0,0,6010111,6010221,6010323,6010424,6010525,6010626,,,,,,,,,,,,,,,,,,,,,,,,,,,,,,1,1,1,1,1,1,,,,,,,,,,,,,,,,,,,,,,,,,,,,,,1,1,1,1,1,1,1,,,,,,,,,,,,,,,,,,,,,,,,,,,,
1216,255011,0,,0,0,0,0,0,0,0,0,6010112,6010221,6010323,6010424,6010525,6010626,,,,,,,,,,,,,,,,,,,,,,,,,,,,,,1,1,1,1,1,1,,,,,,,,,,,,,,,,,,,,,,,,,,,,,,1,1,1,1,1,1,1,,,,,,,,,,,,,,,,,,,,,,,,,,,,
1217,255012,0,,0,0,0,0,0,0,0,0,6010105,6010221,6010323,6010424,6010525,6010626,,,,,,,,,,,,,,,,,,,,,,,,,,,,,,1,1,1,1,1,1,,,,,,,,,,,,,,,,,,,,,,,,,,,,,,1,1,1,1,1,1,1,,,,,,,,,,,,,,,,,,,,,,,,,,,,
1218,255013,0,,0,0,0,0,0,0,0,0,6010110,6010220,6010322,6010424,6010525,6010626,,,,,,,,,,,,,,,,,,,,,,,,,,,,,,1,1,1,1,1,1,,,,,,,,,,,,,,,,,,,,,,,,,,,,,,1,1,1,1,1,1,1,,,,,,,,,,,,,,,,,,,,,,,,,,,,
1219,255014,0,,0,0,0,0,0,0,0,0,6010103,6010220,6010322,6010424,6010525,6010626,,,,,,,,,,,,,,,,,,,,,,,,,,,,,,1,1,1,1,1,1,,,,,,,,,,,,,,,,,,,,,,,,,,,,,,1,1,1,1,1,1,1,,,,,,,,,,,,,,,,,,,,,,,,,,,,
1220,255015,0,,0,0,0,0,0,0,0,0,6010113,6010220,6010322,6010424,6010525,6010626,,,,,,,,,,,,,,,,,,,,,,,,,,,,,,1,1,1,1,1,1,,,,,,,,,,,,,,,,,,,,,,,,,,,,,,1,1,1,1,1,1,1,,,,,,,,,,,,,,,,,,,,,,,,,,,,
1221,255016,0,,0,0,0,0,0,0,0,0,6010106,6010221,6010323,6010424,6010525,6010626,,,,,,,,,,,,,,,,,,,,,,,,,,,,,,1,1,1,1,1,1,,,,,,,,,,,,,,,,,,,,,,,,,,,,,,1,1,1,1,1,1,1,,,,,,,,,,,,,,,,,,,,,,,,,,,,
1222,255017,0,,0,0,0,0,0,0,0,0,6010108,6010221,6010323,6010424,6010525,6010626,,,,,,,,,,,,,,,,,,,,,,,,,,,,,,1,1,1,1,1,1,,,,,,,,,,,,,,,,,,,,,,,,,,,,,,1,1,1,1,1,1,1,,,,,,,,,,,,,,,,,,,,,,,,,,,,
1223,257001,0,,0,0,0,0,0,0,0,0,219001,,,,,,,,,,,,,,,,,,,,,,,,,,,,,,,,,,,1,,,,,,,,,,,,,,,,,,,,,,,,,,,,,,,,,,,0,,,,,,,,,,,,,,,,,,,,,,,,,,,,,,,,,,
1224,257002,0,,0,0,0,0,0,0,0,0,219002,,,,,,,,,,,,,,,,,,,,,,,,,,,,,,,,,,,1,,,,,,,,,,,,,,,,,,,,,,,,,,,,,,,,,,,0,,,,,,,,,,,,,,,,,,,,,,,,,,,,,,,,,,
1225,257003,0,,0,0,0,0,0,0,0,0,219003,,,,,,,,,,,,,,,,,,,,,,,,,,,,,,,,,,,1,,,,,,,,,,,,,,,,,,,,,,,,,,,,,,,,,,,0,,,,,,,,,,,,,,,,,,,,,,,,,,,,,,,,,,
1226,257004,0,,0,0,0,0,0,0,0,0,219004,,,,,,,,,,,,,,,,,,,,,,,,,,,,,,,,,,,1,,,,,,,,,,,,,,,,,,,,,,,,,,,,,,,,,,,0,,,,,,,,,,,,,,,,,,,,,,,,,,,,,,,,,,
1227,257005,0,,0,0,0,0,0,0,0,0,219005,,,,,,,,,,,,,,,,,,,,,,,,,,,,,,,,,,,1,,,,,,,,,,,,,,,,,,,,,,,,,,,,,,,,,,,0,,,,,,,,,,,,,,,,,,,,,,,,,,,,,,,,,,
1228,257006,0,,0,0,0,0,0,0,0,0,219006,,,,,,,,,,,,,,,,,,,,,,,,,,,,,,,,,,,1,,,,,,,,,,,,,,,,,,,,,,,,,,,,,,,,,,,0,,,,,,,,,,,,,,,,,,,,,,,,,,,,,,,,,,
1229,257007,0,,0,0,0,0,0,0,0,0,219007,,,,,,,,,,,,,,,,,,,,,,,,,,,,,,,,,,,1,,,,,,,,,,,,,,,,,,,,,,,,,,,,,,,,,,,0,,,,,,,,,,,,,,,,,,,,,,,,,,,,,,,,,,
1230,257008,0,,0,0,0,0,0,0,0,0,219008,,,,,,,,,,,,,,,,,,,,,,,,,,,,,,,,,,,1,,,,,,,,,,,,,,,,,,,,,,,,,,,,,,,,,,,0,,,,,,,,,,,,,,,,,,,,,,,,,,,,,,,,,,
1231,257009,0,,0,0,0,0,0,0,0,0,219009,,,,,,,,,,,,,,,,,,,,,,,,,,,,,,,,,,,1,,,,,,,,,,,,,,,,,,,,,,,,,,,,,,,,,,,0,,,,,,,,,,,,,,,,,,,,,,,,,,,,,,,,,,
1232,257010,0,,0,0,0,0,0,0,0,0,219010,,,,,,,,,,,,,,,,,,,,,,,,,,,,,,,,,,,1,,,,,,,,,,,,,,,,,,,,,,,,,,,,,,,,,,,0,,,,,,,,,,,,,,,,,,,,,,,,,,,,,,,,,,
1233,257011,0,,0,0,0,0,0,0,0,0,219011,,,,,,,,,,,,,,,,,,,,,,,,,,,,,,,,,,,1,,,,,,,,,,,,,,,,,,,,,,,,,,,,,,,,,,,0,,,,,,,,,,,,,,,,,,,,,,,,,,,,,,,,,,
1234,257012,0,,0,0,0,0,0,0,0,0,219012,,,,,,,,,,,,,,,,,,,,,,,,,,,,,,,,,,,1,,,,,,,,,,,,,,,,,,,,,,,,,,,,,,,,,,,0,,,,,,,,,,,,,,,,,,,,,,,,,,,,,,,,,,
1235,257013,0,,0,0,0,0,0,0,0,0,219013,,,,,,,,,,,,,,,,,,,,,,,,,,,,,,,,,,,1,,,,,,,,,,,,,,,,,,,,,,,,,,,,,,,,,,,0,,,,,,,,,,,,,,,,,,,,,,,,,,,,,,,,,,
1236,257014,0,,0,0,0,0,0,0,0,0,219014,,,,,,,,,,,,,,,,,,,,,,,,,,,,,,,,,,,1,,,,,,,,,,,,,,,,,,,,,,,,,,,,,,,,,,,0,,,,,,,,,,,,,,,,,,,,,,,,,,,,,,,,,,
1237,257015,0,,0,0,0,0,0,0,0,0,219015,,,,,,,,,,,,,,,,,,,,,,,,,,,,,,,,,,,1,,,,,,,,,,,,,,,,,,,,,,,,,,,,,,,,,,,0,,,,,,,,,,,,,,,,,,,,,,,,,,,,,,,,,,
1238,257016,0,,0,0,0,0,0,0,0,0,219016,,,,,,,,,,,,,,,,,,,,,,,,,,,,,,,,,,,1,,,,,,,,,,,,,,,,,,,,,,,,,,,,,,,,,,,0,,,,,,,,,,,,,,,,,,,,,,,,,,,,,,,,,,
1239,257017,0,,0,0,0,0,0,0,0,0,219017,,,,,,,,,,,,,,,,,,,,,,,,,,,,,,,,,,,1,,,,,,,,,,,,,,,,,,,,,,,,,,,,,,,,,,,0,,,,,,,,,,,,,,,,,,,,,,,,,,,,,,,,,,
1240,257018,0,,0,0,0,0,0,0,0,0,219018,,,,,,,,,,,,,,,,,,,,,,,,,,,,,,,,,,,1,,,,,,,,,,,,,,,,,,,,,,,,,,,,,,,,,,,0,,,,,,,,,,,,,,,,,,,,,,,,,,,,,,,,,,
1241,257019,0,,0,0,0,0,0,0,0,0,219019,,,,,,,,,,,,,,,,,,,,,,,,,,,,,,,,,,,1,,,,,,,,,,,,,,,,,,,,,,,,,,,,,,,,,,,0,,,,,,,,,,,,,,,,,,,,,,,,,,,,,,,,,,
1242,257020,0,,0,0,0,0,0,0,0,0,219020,,,,,,,,,,,,,,,,,,,,,,,,,,,,,,,,,,,1,,,,,,,,,,,,,,,,,,,,,,,,,,,,,,,,,,,0,,,,,,,,,,,,,,,,,,,,,,,,,,,,,,,,,,
1243,257021,0,,0,0,0,0,0,0,0,0,219021,,,,,,,,,,,,,,,,,,,,,,,,,,,,,,,,,,,1,,,,,,,,,,,,,,,,,,,,,,,,,,,,,,,,,,,0,,,,,,,,,,,,,,,,,,,,,,,,,,,,,,,,,,
1244,257022,0,,0,0,0,0,0,0,0,0,219022,,,,,,,,,,,,,,,,,,,,,,,,,,,,,,,,,,,1,,,,,,,,,,,,,,,,,,,,,,,,,,,,,,,,,,,0,,,,,,,,,,,,,,,,,,,,,,,,,,,,,,,,,,
1245,257023,0,,0,0,0,0,0,0,0,0,219023,,,,,,,,,,,,,,,,,,,,,,,,,,,,,,,,,,,1,,,,,,,,,,,,,,,,,,,,,,,,,,,,,,,,,,,0,,,,,,,,,,,,,,,,,,,,,,,,,,,,,,,,,,
1246,257024,0,,0,0,0,0,0,0,0,0,219024,,,,,,,,,,,,,,,,,,,,,,,,,,,,,,,,,,,1,,,,,,,,,,,,,,,,,,,,,,,,,,,,,,,,,,,0,,,,,,,,,,,,,,,,,,,,,,,,,,,,,,,,,,
1247,257025,0,,0,0,0,0,0,0,0,0,219025,,,,,,,,,,,,,,,,,,,,,,,,,,,,,,,,,,,1,,,,,,,,,,,,,,,,,,,,,,,,,,,,,,,,,,,0,,,,,,,,,,,,,,,,,,,,,,,,,,,,,,,,,,
1248,257026,0,,0,0,0,0,0,0,0,0,219026,,,,,,,,,,,,,,,,,,,,,,,,,,,,,,,,,,,1,,,,,,,,,,,,,,,,,,,,,,,,,,,,,,,,,,,0,,,,,,,,,,,,,,,,,,,,,,,,,,,,,,,,,,
1249,257027,0,,0,0,0,0,0,0,0,0,219027,,,,,,,,,,,,,,,,,,,,,,,,,,,,,,,,,,,1,,,,,,,,,,,,,,,,,,,,,,,,,,,,,,,,,,,0,,,,,,,,,,,,,,,,,,,,,,,,,,,,,,,,,,
1250,257028,0,,0,0,0,0,0,0,0,0,219028,,,,,,,,,,,,,,,,,,,,,,,,,,,,,,,,,,,1,,,,,,,,,,,,,,,,,,,,,,,,,,,,,,,,,,,0,,,,,,,,,,,,,,,,,,,,,,,,,,,,,,,,,,
1251,257029,0,,0,0,0,0,0,0,0,0,219029,,,,,,,,,,,,,,,,,,,,,,,,,,,,,,,,,,,1,,,,,,,,,,,,,,,,,,,,,,,,,,,,,,,,,,,0,,,,,,,,,,,,,,,,,,,,,,,,,,,,,,,,,,
1252,257030,0,,0,0,0,0,0,0,0,0,219030,,,,,,,,,,,,,,,,,,,,,,,,,,,,,,,,,,,1,,,,,,,,,,,,,,,,,,,,,,,,,,,,,,,,,,,0,,,,,,,,,,,,,,,,,,,,,,,,,,,,,,,,,,
1253,259001,0,,0,0,0,0,0,20,3,700,,,,,,,,,,,,,,,,,,,,,,,,,,,,,,,,,,,,,,,,,,,,,,,,,,,,,,,,,,,,,,,,,,,,,,,0,,,,,,,,,,,,,,,,,,,,,,,,,,,,,,,,,,
1254,259002,0,,0,0,0,0,0,0,1,100000,40008,40009,40010,40011,,,,,,,,,,,,,,,,,,,,,,,,,,,,,,,,10,10,10,10,,,,,,,,,,,,,,,,,,,,,,,,,,,,,,,,0,0,0,0,,,,,,,,,,,,,,,,,,,,,,,,,,,,,,,
1255,259003,0,,0,0,7201,0,0,0,0,0,,,,,,,,,,,,,,,,,,,,,,,,,,,,,,,,,,,,,,,,,,,,,,,,,,,,,,,,,,,,,,,,,,,,,,,0,,,,,,,,,,,,,,,,,,,,,,,,,,,,,,,,,,
1256,259004,0,,0,0,7202,0,0,0,0,0,,,,,,,,,,,,,,,,,,,,,,,,,,,,,,,,,,,,,,,,,,,,,,,,,,,,,,,,,,,,,,,,,,,,,,,0,,,,,,,,,,,,,,,,,,,,,,,,,,,,,,,,,,
1257,259005,0,,0,0,7203,0,0,0,108,5,,,,,,,,,,,,,,,,,,,,,,,,,,,,,,,,,,,,,,,,,,,,,,,,,,,,,,,,,,,,,,,,,,,,,,,0,,,,,,,,,,,,,,,,,,,,,,,,,,,,,,,,,,
1258,259100,0,,0,0,0,0,0,6,3,600,,,,,,,,,,,,,,,,,,,,,,,,,,,,,,,,,,,,,,,,,,,,,,,,,,,,,,,,,,,,,,,,,,,,,,,,,,,,,,,,,,,,,,,,,,,,,,,,,,,,,,,,,
1259,259101,0,,0,0,0,0,0,30,3,3000,,,,,,,,,,,,,,,,,,,,,,,,,,,,,,,,,,,,,,,,,,,,,,,,,,,,,,,,,,,,,,,,,,,,,,,,,,,,,,,,,,,,,,,,,,,,,,,,,,,,,,,,,
1260,259102,0,,0,0,0,0,0,68,3,6888,,,,,,,,,,,,,,,,,,,,,,,,,,,,,,,,,,,,,,,,,,,,,,,,,,,,,,,,,,,,,,,,,,,,,,,,,,,,,,,,,,,,,,,,,,,,,,,,,,,,,,,,,
1261,259103,0,,0,0,0,0,0,98,3,9800,,,,,,,,,,,,,,,,,,,,,,,,,,,,,,,,,,,,,,,,,,,,,,,,,,,,,,,,,,,,,,,,,,,,,,,,,,,,,,,,,,,,,,,,,,,,,,,,,,,,,,,,,
1262,259104,0,,0,0,0,0,0,120,3,13000,,,,,,,,,,,,,,,,,,,,,,,,,,,,,,,,,,,,,,,,,,,,,,,,,,,,,,,,,,,,,,,,,,,,,,,,,,,,,,,,,,,,,,,,,,,,,,,,,,,,,,,,,
1263,259105,0,,0,0,0,0,0,298,3,29800,,,,,,,,,,,,,,,,,,,,,,,,,,,,,,,,,,,,,,,,,,,,,,,,,,,,,,,,,,,,,,,,,,,,,,,,,,,,,,,,,,,,,,,,,,,,,,,,,,,,,,,,,
1264,259106,0,,0,0,0,0,0,498,3,49800,,,,,,,,,,,,,,,,,,,,,,,,,,,,,,,,,,,,,,,,,,,,,,,,,,,,,,,,,,,,,,,,,,,,,,,,,,,,,,,,,,,,,,,,,,,,,,,,,,,,,,,,,
1265,259107,0,,0,0,0,0,0,648,3,64888,,,,,,,,,,,,,,,,,,,,,,,,,,,,,,,,,,,,,,,,,,,,,,,,,,,,,,,,,,,,,,,,,,,,,,,,,,,,,,,,,,,,,,,,,,,,,,,,,,,,,,,,,
1266,259200,0,,0,0,0,0,0,68,3,13600,,,,,,,,,,,,,,,,,,,,,,,,,,,,,,,,,,,,,,,,,,,,,,,,,,,,,,,,,,,,,,,,,,,,,,,,,,,,,,,,,,,,,,,,,,,,,,,,,,,,,,,,,
1267,259201,0,,0,0,0,0,0,128,3,25600,,,,,,,,,,,,,,,,,,,,,,,,,,,,,,,,,,,,,,,,,,,,,,,,,,,,,,,,,,,,,,,,,,,,,,,,,,,,,,,,,,,,,,,,,,,,,,,,,,,,,,,,,
1268,259202,0,,0,0,0,0,0,328,3,65600,,,,,,,,,,,,,,,,,,,,,,,,,,,,,,,,,,,,,,,,,,,,,,,,,,,,,,,,,,,,,,,,,,,,,,,,,,,,,,,,,,,,,,,,,,,,,,,,,,,,,,,,,
1269,259203,0,,0,0,0,0,0,648,3,129600,,,,,,,,,,,,,,,,,,,,,,,,,,,,,,,,,,,,,,,,,,,,,,,,,,,,,,,,,,,,,,,,,,,,,,,,,,,,,,,,,,,,,,,,,,,,,,,,,,,,,,,,,
1270,259204,0,,0,0,0,0,0,1280,3,256000,,,,,,,,,,,,,,,,,,,,,,,,,,,,,,,,,,,,,,,,,,,,,,,,,,,,,,,,,,,,,,,,,,,,,,,,,,,,,,,,,,,,,,,,,,,,,,,,,,,,,,,,,
1271,259205,0,,0,0,0,0,0,2580,3,516000,,,,,,,,,,,,,,,,,,,,,,,,,,,,,,,,,,,,,,,,,,,,,,,,,,,,,,,,,,,,,,,,,,,,,,,,,,,,,,,,,,,,,,,,,,,,,,,,,,,,,,,,,
1272,259206,0,,0,0,0,0,0,5580,3,1116000,,,,,,,,,,,,,,,,,,,,,,,,,,,,,,,,,,,,,,,,,,,,,,,,,,,,,,,,,,,,,,,,,,,,,,,,,,,,,,,,,,,,,,,,,,,,,,,,,,,,,,,,,
1273,259207,0,,0,0,0,0,0,12800,3,2560000,,,,,,,,,,,,,,,,,,,,,,,,,,,,,,,,,,,,,,,,,,,,,,,,,,,,,,,,,,,,,,,,,,,,,,,,,,,,,,,,,,,,,,,,,,,,,,,,,,,,,,,,,
1274,340039,0,,0,0,0,0,0,0,10,10000,,,,,,,,,,,,,,,,,,,,,,,,,,,,,,,,,,,,,,,,,,,,,,,,,,,,,,,,,,,,,,,,,,,,,,,,,,,,,,,,,,,,,,,,,,,,,,,,,,,,,,,,,
1275,339005,0,,0,0,0,0,0,0,10,200000,,,,,,,,,,,,,,,,,,,,,,,,,,,,,,,,,,,,,,,,,,,,,,,,,,,,,,,,,,,,,,,,,,,,,,,,,,,,,,,,,,,,,,,,,,,,,,,,,,,,,,,,,
1276,339006,0,,0,0,0,0,0,0,10,1000000,,,,,,,,,,,,,,,,,,,,,,,,,,,,,,,,,,,,,,,,,,,,,,,,,,,,,,,,,,,,,,,,,,,,,,,,,,,,,,,,,,,,,,,,,,,,,,,,,,,,,,,,,
1277,339007,0,,0,0,0,0,0,0,10,10000000,,,,,,,,,,,,,,,,,,,,,,,,,,,,,,,,,,,,,,,,,,,,,,,,,,,,,,,,,,,,,,,,,,,,,,,,,,,,,,,,,,,,,,,,,,,,,,,,,,,,,,,,,
1278,259108,0,,0,0,0,0,0,1288,3,128888,,,,,,,,,,,,,,,,,,,,,,,,,,,,,,,,,,,,,,,,,,,,,,,,,,,,,,,,,,,,,,,,,,,,,,,,,,,,,,,,,,,,,,,,,,,,,,,,,,,,,,,,,
1279,256002,0,,0,0,0,0,0,0,0,0,256003,256004,40008,40009,40010,40011,331106,331136,331166,341106,,,,,,,,,,,,,,,,,,,,,,,,,,1,1,6,6,6,18,1,2,3,6,,,,,,,,,,,,,,,,,,,,,,,,,,0,0,0,0,0,0,0,0,0,0,,,,,,,,,,,,,,,,,,,,,,,,,
1280,254201,0,,0,0,0,0,0,0,1,600000,,,,,,,,,,,,,,,,,,,,,,,,,,,,,,,,,,,,,,,,,,,,,,,,,,,,,,,,,,,,,,,,,,,,,,,,,,,,,,,,,,,,,,,,,,,,,,,,,,,,,,,,,
1281,254202,0,,0,0,0,0,0,0,1,1200000,,,,,,,,,,,,,,,,,,,,,,,,,,,,,,,,,,,,,,,,,,,,,,,,,,,,,,,,,,,,,,,,,,,,,,,,,,,,,,,,,,,,,,,,,,,,,,,,,,,,,,,,,
1282,254203,0,,0,0,0,0,0,0,1,1800000,,,,,,,,,,,,,,,,,,,,,,,,,,,,,,,,,,,,,,,,,,,,,,,,,,,,,,,,,,,,,,,,,,,,,,,,,,,,,,,,,,,,,,,,,,,,,,,,,,,,,,,,,
1283,254204,0,,0,0,0,0,0,0,1,2500000,,,,,,,,,,,,,,,,,,,,,,,,,,,,,,,,,,,,,,,,,,,,,,,,,,,,,,,,,,,,,,,,,,,,,,,,,,,,,,,,,,,,,,,,,,,,,,,,,,,,,,,,,
1284,254205,0,,0,0,0,0,0,0,1,5000000,,,,,,,,,,,,,,,,,,,,,,,,,,,,,,,,,,,,,,,,,,,,,,,,,,,,,,,,,,,,,,,,,,,,,,,,,,,,,,,,,,,,,,,,,,,,,,,,,,,,,,,,,
1285,254301,0,,0,0,0,0,0,0,2,6000,,,,,,,,,,,,,,,,,,,,,,,,,,,,,,,,,,,,,,,,,,,,,,,,,,,,,,,,,,,,,,,,,,,,,,,,,,,,,,,,,,,,,,,,,,,,,,,,,,,,,,,,,
1286,254302,0,,0,0,0,0,0,0,2,12000,,,,,,,,,,,,,,,,,,,,,,,,,,,,,,,,,,,,,,,,,,,,,,,,,,,,,,,,,,,,,,,,,,,,,,,,,,,,,,,,,,,,,,,,,,,,,,,,,,,,,,,,,
1287,254303,0,,0,0,0,0,0,0,2,18000,,,,,,,,,,,,,,,,,,,,,,,,,,,,,,,,,,,,,,,,,,,,,,,,,,,,,,,,,,,,,,,,,,,,,,,,,,,,,,,,,,,,,,,,,,,,,,,,,,,,,,,,,
1288,254304,0,,0,0,0,0,0,0,2,24000,,,,,,,,,,,,,,,,,,,,,,,,,,,,,,,,,,,,,,,,,,,,,,,,,,,,,,,,,,,,,,,,,,,,,,,,,,,,,,,,,,,,,,,,,,,,,,,,,,,,,,,,,
1289,254305,0,,0,0,0,0,0,0,2,30000,,,,,,,,,,,,,,,,,,,,,,,,,,,,,,,,,,,,,,,,,,,,,,,,,,,,,,,,,,,,,,,,,,,,,,,,,,,,,,,,,,,,,,,,,,,,,,,,,,,,,,,,,
1290,254306,0,,0,0,0,0,0,0,2,88888,,,,,,,,,,,,,,,,,,,,,,,,,,,,,,,,,,,,,,,,,,,,,,,,,,,,,,,,,,,,,,,,,,,,,,,,,,,,,,,,,,,,,,,,,,,,,,,,,,,,,,,,,
1291,254307,0,,0,0,0,0,0,0,2,100000,,,,,,,,,,,,,,,,,,,,,,,,,,,,,,,,,,,,,,,,,,,,,,,,,,,,,,,,,,,,,,,,,,,,,,,,,,,,,,,,,,,,,,,,,,,,,,,,,,,,,,,,,
1292,254308,0,,0,0,0,0,0,0,2,300000,,,,,,,,,,,,,,,,,,,,,,,,,,,,,,,,,,,,,,,,,,,,,,,,,,,,,,,,,,,,,,,,,,,,,,,,,,,,,,,,,,,,,,,,,,,,,,,,,,,,,,,,,
1293,254309,0,,0,0,0,0,0,0,2,500000,,,,,,,,,,,,,,,,,,,,,,,,,,,,,,,,,,,,,,,,,,,,,,,,,,,,,,,,,,,,,,,,,,,,,,,,,,,,,,,,,,,,,,,,,,,,,,,,,,,,,,,,,
1294,254310,0,,0,0,0,0,0,0,2,800000,,,,,,,,,,,,,,,,,,,,,,,,,,,,,,,,,,,,,,,,,,,,,,,,,,,,,,,,,,,,,,,,,,,,,,,,,,,,,,,,,,,,,,,,,,,,,,,,,,,,,,,,,
1295,254311,0,,0,0,0,0,0,0,2,1000000,,,,,,,,,,,,,,,,,,,,,,,,,,,,,,,,,,,,,,,,,,,,,,,,,,,,,,,,,,,,,,,,,,,,,,,,,,,,,,,,,,,,,,,,,,,,,,,,,,,,,,,,,
1296,254312,0,,0,0,0,0,0,0,2,3000000,,,,,,,,,,,,,,,,,,,,,,,,,,,,,,,,,,,,,,,,,,,,,,,,,,,,,,,,,,,,,,,,,,,,,,,,,,,,,,,,,,,,,,,,,,,,,,,,,,,,,,,,,
1297,254313,0,,0,0,0,0,0,0,2,50000,,,,,,,,,,,,,,,,,,,,,,,,,,,,,,,,,,,,,,,,,,,,,,,,,,,,,,,,,,,,,,,,,,,,,,,,,,,,,,,,,,,,,,,,,,,,,,,,,,,,,,,,,
1298,254360,0,,0,0,0,0,0,0,2,10000000,,,,,,,,,,,,,,,,,,,,,,,,,,,,,,,,,,,,,,,,,,,,,,,,,,,,,,,,,,,,,,,,,,,,,,,,,,,,,,,,,,,,,,,,,,,,,,,,,,,,,,,,,
1299,254361,0,,0,0,0,0,0,0,2,1000000,,,,,,,,,,,,,,,,,,,,,,,,,,,,,,,,,,,,,,,,,,,,,,,,,,,,,,,,,,,,,,,,,,,,,,,,,,,,,,,,,,,,,,,,,,,,,,,,,,,,,,,,,
1300,254400,0,,0,0,7300,0,0,0,0,0,,,,,,,,,,,,,,,,,,,,,,,,,,,,,,,,,,,,,,,,,,,,,,,,,,,,,,,,,,,,,,,,,,,,,,,,,,,,,,,,,,,,,,,,,,,,,,,,,,,,,,,,,
1301,254401,0,,0,0,7301,0,0,0,0,0,,,,,,,,,,,,,,,,,,,,,,,,,,,,,,,,,,,,,,,,,,,,,,,,,,,,,,,,,,,,,,,,,,,,,,,,,,,,,,,,,,,,,,,,,,,,,,,,,,,,,,,,,
1302,254402,0,,0,0,7302,0,0,0,0,0,,,,,,,,,,,,,,,,,,,,,,,,,,,,,,,,,,,,,,,,,,,,,,,,,,,,,,,,,,,,,,,,,,,,,,,,,,,,,,,,,,,,,,,,,,,,,,,,,,,,,,,,,
1303,254403,0,,0,0,7303,0,0,0,0,0,,,,,,,,,,,,,,,,,,,,,,,,,,,,,,,,,,,,,,,,,,,,,,,,,,,,,,,,,,,,,,,,,,,,,,,,,,,,,,,,,,,,,,,,,,,,,,,,,,,,,,,,,
1304,254404,0,,0,0,7304,0,0,0,0,0,,,,,,,,,,,,,,,,,,,,,,,,,,,,,,,,,,,,,,,,,,,,,,,,,,,,,,,,,,,,,,,,,,,,,,,,,,,,,,,,,,,,,,,,,,,,,,,,,,,,,,,,,
1305,254405,0,,0,0,7305,0,0,0,0,0,,,,,,,,,,,,,,,,,,,,,,,,,,,,,,,,,,,,,,,,,,,,,,,,,,,,,,,,,,,,,,,,,,,,,,,,,,,,,,,,,,,,,,,,,,,,,,,,,,,,,,,,,
1306,254406,0,,0,0,7306,0,0,0,0,0,,,,,,,,,,,,,,,,,,,,,,,,,,,,,,,,,,,,,,,,,,,,,,,,,,,,,,,,,,,,,,,,,,,,,,,,,,,,,,,,,,,,,,,,,,,,,,,,,,,,,,,,,
1307,254407,0,,0,0,7307,0,0,0,0,0,,,,,,,,,,,,,,,,,,,,,,,,,,,,,,,,,,,,,,,,,,,,,,,,,,,,,,,,,,,,,,,,,,,,,,,,,,,,,,,,,,,,,,,,,,,,,,,,,,,,,,,,,
1308,254408,0,,0,0,7308,0,0,0,0,0,,,,,,,,,,,,,,,,,,,,,,,,,,,,,,,,,,,,,,,,,,,,,,,,,,,,,,,,,,,,,,,,,,,,,,,,,,,,,,,,,,,,,,,,,,,,,,,,,,,,,,,,,
1309,254409,0,,0,0,7309,0,0,0,0,0,,,,,,,,,,,,,,,,,,,,,,,,,,,,,,,,,,,,,,,,,,,,,,,,,,,,,,,,,,,,,,,,,,,,,,,,,,,,,,,,,,,,,,,,,,,,,,,,,,,,,,,,,
1310,254410,0,,0,0,7310,0,0,0,0,0,,,,,,,,,,,,,,,,,,,,,,,,,,,,,,,,,,,,,,,,,,,,,,,,,,,,,,,,,,,,,,,,,,,,,,,,,,,,,,,,,,,,,,,,,,,,,,,,,,,,,,,,,
1311,254411,0,,0,0,7311,0,0,0,0,0,,,,,,,,,,,,,,,,,,,,,,,,,,,,,,,,,,,,,,,,,,,,,,,,,,,,,,,,,,,,,,,,,,,,,,,,,,,,,,,,,,,,,,,,,,,,,,,,,,,,,,,,,
1312,254412,0,,0,0,7312,0,0,0,0,0,,,,,,,,,,,,,,,,,,,,,,,,,,,,,,,,,,,,,,,,,,,,,,,,,,,,,,,,,,,,,,,,,,,,,,,,,,,,,,,,,,,,,,,,,,,,,,,,,,,,,,,,,
1313,254413,0,,0,0,7313,0,0,0,0,0,,,,,,,,,,,,,,,,,,,,,,,,,,,,,,,,,,,,,,,,,,,,,,,,,,,,,,,,,,,,,,,,,,,,,,,,,,,,,,,,,,,,,,,,,,,,,,,,,,,,,,,,,
1314,254414,0,,0,0,7314,0,0,0,0,0,,,,,,,,,,,,,,,,,,,,,,,,,,,,,,,,,,,,,,,,,,,,,,,,,,,,,,,,,,,,,,,,,,,,,,,,,,,,,,,,,,,,,,,,,,,,,,,,,,,,,,,,,
1315,254415,0,,0,0,7315,0,0,0,0,0,,,,,,,,,,,,,,,,,,,,,,,,,,,,,,,,,,,,,,,,,,,,,,,,,,,,,,,,,,,,,,,,,,,,,,,,,,,,,,,,,,,,,,,,,,,,,,,,,,,,,,,,,
1316,254014,0,,0,0,0,0,0,0,4,1,,,,,,,,,,,,,,,,,,,,,,,,,,,,,,,,,,,,,,,,,,,,,,,,,,,,,,,,,,,,,,,,,,,,,,,,,,,,,,,,,,,,,,,,,,,,,,,,,,,,,,,,,
1317,254136,0,,0,0,0,0,0,0,4,1,,,,,,,,,,,,,,,,,,,,,,,,,,,,,,,,,,,,,,,,,,,,,,,,,,,,,,,,,,,,,,,,,,,,,,,,,,,,,,,,,,,,,,,,,,,,,,,,,,,,,,,,,
1318,254137,0,,0,0,0,0,0,0,4,2,,,,,,,,,,,,,,,,,,,,,,,,,,,,,,,,,,,,,,,,,,,,,,,,,,,,,,,,,,,,,,,,,,,,,,,,,,,,,,,,,,,,,,,,,,,,,,,,,,,,,,,,,
1319,254138,0,,0,0,0,0,0,0,4,3,,,,,,,,,,,,,,,,,,,,,,,,,,,,,,,,,,,,,,,,,,,,,,,,,,,,,,,,,,,,,,,,,,,,,,,,,,,,,,,,,,,,,,,,,,,,,,,,,,,,,,,,,
1320,254139,0,,0,0,0,0,0,0,4,4,,,,,,,,,,,,,,,,,,,,,,,,,,,,,,,,,,,,,,,,,,,,,,,,,,,,,,,,,,,,,,,,,,,,,,,,,,,,,,,,,,,,,,,,,,,,,,,,,,,,,,,,,
1321,254140,0,,0,0,0,0,0,0,4,5,,,,,,,,,,,,,,,,,,,,,,,,,,,,,,,,,,,,,,,,,,,,,,,,,,,,,,,,,,,,,,,,,,,,,,,,,,,,,,,,,,,,,,,,,,,,,,,,,,,,,,,,,
1322,259300,0,,0,0,0,0,0,0,3,20,,,,,,,,,,,,,,,,,,,,,,,,,,,,,,,,,,,,,,,,,,,,,,,,,,,,,,,,,,,,,,,,,,,,,,,,,,,,,,,,,,,,,,,,,,,,,,,,,,,,,,,,,
1323,259301,0,,0,0,0,0,0,0,3,50,,,,,,,,,,,,,,,,,,,,,,,,,,,,,,,,,,,,,,,,,,,,,,,,,,,,,,,,,,,,,,,,,,,,,,,,,,,,,,,,,,,,,,,,,,,,,,,,,,,,,,,,,
1324,259302,0,,0,0,0,0,0,0,3,100,,,,,,,,,,,,,,,,,,,,,,,,,,,,,,,,,,,,,,,,,,,,,,,,,,,,,,,,,,,,,,,,,,,,,,,,,,,,,,,,,,,,,,,,,,,,,,,,,,,,,,,,,
1325,259303,0,,0,0,0,0,0,0,3,500,,,,,,,,,,,,,,,,,,,,,,,,,,,,,,,,,,,,,,,,,,,,,,,,,,,,,,,,,,,,,,,,,,,,,,,,,,,,,,,,,,,,,,,,,,,,,,,,,,,,,,,,,
1326,259304,0,,0,0,0,0,0,0,3,1000,,,,,,,,,,,,,,,,,,,,,,,,,,,,,,,,,,,,,,,,,,,,,,,,,,,,,,,,,,,,,,,,,,,,,,,,,,,,,,,,,,,,,,,,,,,,,,,,,,,,,,,,,
1327,259305,0,,0,0,0,0,0,0,3,3000,,,,,,,,,,,,,,,,,,,,,,,,,,,,,,,,,,,,,,,,,,,,,,,,,,,,,,,,,,,,,,,,,,,,,,,,,,,,,,,,,,,,,,,,,,,,,,,,,,,,,,,,,
1328,259306,0,,0,0,0,0,0,0,3,5000,,,,,,,,,,,,,,,,,,,,,,,,,,,,,,,,,,,,,,,,,,,,,,,,,,,,,,,,,,,,,,,,,,,,,,,,,,,,,,,,,,,,,,,,,,,,,,,,,,,,,,,,,
1329,259307,0,,0,0,0,0,0,0,3,8000,,,,,,,,,,,,,,,,,,,,,,,,,,,,,,,,,,,,,,,,,,,,,,,,,,,,,,,,,,,,,,,,,,,,,,,,,,,,,,,,,,,,,,,,,,,,,,,,,,,,,,,,,
1330,259308,0,,0,0,0,0,0,0,3,10000,,,,,,,,,,,,,,,,,,,,,,,,,,,,,,,,,,,,,,,,,,,,,,,,,,,,,,,,,,,,,,,,,,,,,,,,,,,,,,,,,,,,,,,,,,,,,,,,,,,,,,,,,
1331,259309,0,,0,0,0,0,0,0,3,20000,,,,,,,,,,,,,,,,,,,,,,,,,,,,,,,,,,,,,,,,,,,,,,,,,,,,,,,,,,,,,,,,,,,,,,,,,,,,,,,,,,,,,,,,,,,,,,,,,,,,,,,,,
1332,259310,0,,0,0,0,0,0,0,3,50000,,,,,,,,,,,,,,,,,,,,,,,,,,,,,,,,,,,,,,,,,,,,,,,,,,,,,,,,,,,,,,,,,,,,,,,,,,,,,,,,,,,,,,,,,,,,,,,,,,,,,,,,,
1333,259311,0,,0,0,0,0,0,0,3,100000,,,,,,,,,,,,,,,,,,,,,,,,,,,,,,,,,,,,,,,,,,,,,,,,,,,,,,,,,,,,,,,,,,,,,,,,,,,,,,,,,,,,,,,,,,,,,,,,,,,,,,,,,
1334,600000,0,,0,0,0,0,0,0,0,0,334100,334101,680709,254416,254417,710005,680301,254201,580002,680700,,,,,,,,,,,,,,,,,,,,,,,,,,20,20,1,1,1,10,10,1,1,55,,,,,,,,,,,,,,,,,,,,,,,,,,1,1,1,1,1,1,1,1,1,1,,,,,,,,,,,,,,,,,,,,,,,,,
1335,580003,0,,0,0,0,0,0,0,0,0,9250101,9250220,9250322,9250424,9250525,9250626,,,,,,,,,,,,,,,,,,,,,,,,,,,,,,1,1,1,1,1,1,,,,,,,,,,,,,,,,,,,,,,,,,,,,,,1,1,1,1,1,1,,,,,,,,,,,,,,,,,,,,,,,,,,,,,
1336,580004,0,,0,0,0,0,0,0,0,0,9250104,9250220,9250322,9250424,9250525,9250626,,,,,,,,,,,,,,,,,,,,,,,,,,,,,,1,1,1,1,1,1,,,,,,,,,,,,,,,,,,,,,,,,,,,,,,1,1,1,1,1,1,,,,,,,,,,,,,,,,,,,,,,,,,,,,,
1337,580005,0,,0,0,0,0,0,0,0,0,9250117,9250220,9250322,9250424,9250525,9250626,,,,,,,,,,,,,,,,,,,,,,,,,,,,,,1,1,1,1,1,1,,,,,,,,,,,,,,,,,,,,,,,,,,,,,,1,1,1,1,1,1,,,,,,,,,,,,,,,,,,,,,,,,,,,,,
1338,580006,0,,0,0,0,0,0,0,0,0,9250109,9250221,9250323,9250424,9250525,9250626,,,,,,,,,,,,,,,,,,,,,,,,,,,,,,1,1,1,1,1,1,,,,,,,,,,,,,,,,,,,,,,,,,,,,,,1,1,1,1,1,1,,,,,,,,,,,,,,,,,,,,,,,,,,,,,
1339,580007,0,,0,0,0,0,0,0,0,0,9250114,9250221,9250323,9250424,9250525,9250626,,,,,,,,,,,,,,,,,,,,,,,,,,,,,,1,1,1,1,1,1,,,,,,,,,,,,,,,,,,,,,,,,,,,,,,1,1,1,1,1,1,,,,,,,,,,,,,,,,,,,,,,,,,,,,,
1340,580008,0,,0,0,0,0,0,0,0,0,9250116,9250221,9250323,9250424,9250525,9250626,,,,,,,,,,,,,,,,,,,,,,,,,,,,,,1,1,1,1,1,1,,,,,,,,,,,,,,,,,,,,,,,,,,,,,,1,1,1,1,1,1,,,,,,,,,,,,,,,,,,,,,,,,,,,,,
1341,580009,0,,0,0,0,0,0,0,0,0,9250102,9250220,9250322,9250424,9250525,9250626,,,,,,,,,,,,,,,,,,,,,,,,,,,,,,1,1,1,1,1,1,,,,,,,,,,,,,,,,,,,,,,,,,,,,,,1,1,1,1,1,1,,,,,,,,,,,,,,,,,,,,,,,,,,,,,
1342,580010,0,,0,0,0,0,0,0,0,0,9250107,9250220,9250322,9250424,9250525,9250626,,,,,,,,,,,,,,,,,,,,,,,,,,,,,,1,1,1,1,1,1,,,,,,,,,,,,,,,,,,,,,,,,,,,,,,1,1,1,1,1,1,,,,,,,,,,,,,,,,,,,,,,,,,,,,,
1343,580011,0,,0,0,0,0,0,0,0,0,9250115,9250220,9250322,9250424,9250525,9250626,,,,,,,,,,,,,,,,,,,,,,,,,,,,,,1,1,1,1,1,1,,,,,,,,,,,,,,,,,,,,,,,,,,,,,,1,1,1,1,1,1,,,,,,,,,,,,,,,,,,,,,,,,,,,,,
1344,580012,0,,0,0,0,0,0,0,0,0,9250111,9250221,9250323,9250424,9250525,9250626,,,,,,,,,,,,,,,,,,,,,,,,,,,,,,1,1,1,1,1,1,,,,,,,,,,,,,,,,,,,,,,,,,,,,,,1,1,1,1,1,1,,,,,,,,,,,,,,,,,,,,,,,,,,,,,
1345,580013,0,,0,0,0,0,0,0,0,0,9250112,9250221,9250323,9250424,9250525,9250626,,,,,,,,,,,,,,,,,,,,,,,,,,,,,,1,1,1,1,1,1,,,,,,,,,,,,,,,,,,,,,,,,,,,,,,1,1,1,1,1,1,,,,,,,,,,,,,,,,,,,,,,,,,,,,,
1346,580014,0,,0,0,0,0,0,0,0,0,9250105,9250221,9250323,9250424,9250525,9250626,,,,,,,,,,,,,,,,,,,,,,,,,,,,,,1,1,1,1,1,1,,,,,,,,,,,,,,,,,,,,,,,,,,,,,,1,1,1,1,1,1,,,,,,,,,,,,,,,,,,,,,,,,,,,,,
1347,580015,0,,0,0,0,0,0,0,0,0,9250110,9250220,9250322,9250424,9250525,9250626,,,,,,,,,,,,,,,,,,,,,,,,,,,,,,1,1,1,1,1,1,,,,,,,,,,,,,,,,,,,,,,,,,,,,,,1,1,1,1,1,1,,,,,,,,,,,,,,,,,,,,,,,,,,,,,
1348,580016,0,,0,0,0,0,0,0,0,0,9250103,9250220,9250322,9250424,9250525,9250626,,,,,,,,,,,,,,,,,,,,,,,,,,,,,,1,1,1,1,1,1,,,,,,,,,,,,,,,,,,,,,,,,,,,,,,1,1,1,1,1,1,,,,,,,,,,,,,,,,,,,,,,,,,,,,,
1349,580017,0,,0,0,0,0,0,0,0,0,9250113,9250220,9250322,9250424,9250525,9250626,,,,,,,,,,,,,,,,,,,,,,,,,,,,,,1,1,1,1,1,1,,,,,,,,,,,,,,,,,,,,,,,,,,,,,,1,1,1,1,1,1,,,,,,,,,,,,,,,,,,,,,,,,,,,,,
1350,580018,0,,0,0,0,0,0,0,0,0,9250106,9250221,9250323,9250424,9250525,9250626,,,,,,,,,,,,,,,,,,,,,,,,,,,,,,1,1,1,1,1,1,,,,,,,,,,,,,,,,,,,,,,,,,,,,,,1,1,1,1,1,1,,,,,,,,,,,,,,,,,,,,,,,,,,,,,
1351,580019,0,,0,0,0,0,0,0,0,0,9250108,9250221,9250323,9250424,9250525,9250626,,,,,,,,,,,,,,,,,,,,,,,,,,,,,,1,1,1,1,1,1,,,,,,,,,,,,,,,,,,,,,,,,,,,,,,1,1,1,1,1,1,,,,,,,,,,,,,,,,,,,,,,,,,,,,,
1352,680622,0,,0,0,7316,0,0,0,0,0,,,,,,,,,,,,,,,,,,,,,,,,,,,,,,,,,,,,,,,,,,,,,,,,,,,,,,,,,,,,,,,,,,,,,,,,,,,,,,,,,,,,,,,,,,,,,,,,,,,,,,,,,
1353,254416,0,,0,0,0,0,0,0,0,0,311001,311002,311003,311004,311005,311006,311007,311008,311009,311010,311011,311012,311013,311014,311015,311016,311017,311018,311019,311020,311021,311022,311023,311024,311025,311026,311027,311028,311029,311030,311031,311032,311033,311034,311035,1,1,1,1,1,1,1,1,1,1,1,1,1,1,1,1,1,1,1,1,1,1,1,1,1,1,1,1,1,1,1,1,1,1,1,1,1,1,1,1,1,1,1,1,1,1,1,1,1,1,1,1,1,1,1,1,1,1,1,1,1,1,1,1,1,1,1,1,1,1
1354,254417,0,,0,0,0,0,0,0,0,0,311038,311039,311040,311041,311042,311043,311044,311045,311046,311047,311048,311049,311050,311051,311052,311053,311054,311055,311056,311057,311058,311059,311060,311061,311062,311063,311064,311065,311066,311067,311068,311069,311070,311071,311072,1,1,1,1,1,1,1,1,1,1,1,1,1,1,1,1,1,1,1,1,1,1,1,1,1,1,1,1,1,1,1,1,1,1,1,1,1,1,1,1,1,1,1,1,1,1,1,1,1,1,1,1,1,1,1,1,1,1,1,1,1,1,1,1,1,1,1,1,1,1
1355,259400,0,,0,0,0,0,0,0,0,0,710007,310001,310102,710003,710002,337942,,,,,,,,,,,,,,,,,,,,,,,,,,,,,,5,50,20,10,2,2,,,,,,,,,,,,,,,,,,,,,,,,,,,,,,1,1,1,1,1,1,,,,,,,,,,,,,,,,,,,,,,,,,,,,,
1356,259401,0,,0,0,0,0,0,0,0,0,710004,337942,710005,710007,710009,710010,680700,,,,,,,,,,,,,,,,,,,,,,,,,,,,,10,5,10,10,10,10,15,,,,,,,,,,,,,,,,,,,,,,,,,,,,,1,1,1,1,1,1,1,,,,,,,,,,,,,,,,,,,,,,,,,,,,
1357,259402,0,,0,0,0,0,0,0,0,0,254403,254405,254202,710009,710010,710008,680700,254413,,,,,,,,,,,,,,,,,,,,,,,,,,,,30,20,2,30,30,20,30,2,,,,,,,,,,,,,,,,,,,,,,,,,,,,1,1,1,1,1,1,1,1,,,,,,,,,,,,,,,,,,,,,,,,,,,
1358,259403,0,,0,0,0,0,0,0,0,0,254403,254405,254202,710009,710010,710008,680700,254413,,,,,,,,,,,,,,,,,,,,,,,,,,,,40,30,4,40,40,30,50,3,,,,,,,,,,,,,,,,,,,,,,,,,,,,1,1,1,1,1,1,1,1,,,,,,,,,,,,,,,,,,,,,,,,,,,
1359,259404,0,,0,0,0,0,0,0,0,0,254403,254405,254202,710009,710010,710008,680700,254413,,,,,,,,,,,,,,,,,,,,,,,,,,,,50,40,6,50,50,40,99,4,,,,,,,,,,,,,,,,,,,,,,,,,,,,1,1,1,1,1,1,1,1,,,,,,,,,,,,,,,,,,,,,,,,,,,
1360,259405,0,,0,0,0,0,0,0,0,0,254403,254405,254202,710009,710010,710008,680700,254413,,,,,,,,,,,,,,,,,,,,,,,,,,,,60,50,8,60,60,50,155,5,,,,,,,,,,,,,,,,,,,,,,,,,,,,1,1,1,1,1,1,1,1,,,,,,,,,,,,,,,,,,,,,,,,,,,
1361,259406,0,,0,0,0,0,0,0,0,0,254403,254405,254202,710009,710010,710008,680700,254413,,,,,,,,,,,,,,,,,,,,,,,,,,,,70,60,10,70,70,60,199,6,,,,,,,,,,,,,,,,,,,,,,,,,,,,1,1,1,1,1,1,1,1,,,,,,,,,,,,,,,,,,,,,,,,,,,
1362,259407,0,,0,0,0,0,0,0,0,0,254403,254405,254202,710009,710010,710008,680700,254413,,,,,,,,,,,,,,,,,,,,,,,,,,,,80,70,12,80,80,70,300,7,,,,,,,,,,,,,,,,,,,,,,,,,,,,1,1,1,1,1,1,1,1,,,,,,,,,,,,,,,,,,,,,,,,,,,
1363,254020,0,,0,0,7124,0,0,0,0,0,,,,,,,,,,,,,,,,,,,,,,,,,,,,,,,,,,,,,,,,,,,,,,,,,,,,,,,,,,,,,,,,,,,,,,,,,,,,,,,,,,,,,,,,,,,,,,,,,,,,,,,,,
1364,259270,0,,0,0,0,0,0,1700,3,60000,710004,337943,680700,,,,,,,,,,,,,,,,,,,,,,,,,,,,,,,,,3,3,30,,,,,,,,,,,,,,,,,,,,,,,,,,,,,,,,,1,1,1,,,,,,,,,,,,,,,,,,,,,,,,,,,,,,,,
1365,259280,0,,0,0,0,0,0,0,0,0,680700,337943,710004,340052,40024,310102,337010,254205,,,,,,,,,,,,,,,,,,,,,,,,,,,,10,20,2,6,6,50,5,4,,,,,,,,,,,,,,,,,,,,,,,,,,,,1,1,1,1,1,1,1,1,,,,,,,,,,,,,,,,,,,,,,,,,,,
1366,259281,0,,0,0,0,0,0,0,0,0,680700,337943,710004,340052,40024,310102,337010,254309,259006,,,,,,,,,,,,,,,,,,,,,,,,,,,20,50,5,12,15,99,10,1,1,,,,,,,,,,,,,,,,,,,,,,,,,,,1,1,1,1,1,1,1,1,1,,,,,,,,,,,,,,,,,,,,,,,,,,
1367,259282,0,,0,0,0,0,0,0,0,0,680700,340768,710202,310103,310104,337943,254310,259006,,,,,,,,,,,,,,,,,,,,,,,,,,,,50,1,10,99,99,100,1,1,,,,,,,,,,,,,,,,,,,,,,,,,,,,1,1,1,1,1,1,1,1,,,,,,,,,,,,,,,,,,,,,,,,,,,
1368,259283,0,,0,0,0,0,0,0,0,0,680700,680731,340768,710202,310103,310104,710003,710009,337943,254311,710055,600004,,,,,,,,,,,,,,,,,,,,,,,,150,1,3,30,198,198,40,100,200,1,1,1,,,,,,,,,,,,,,,,,,,,,,,,1,1,1,1,1,1,1,1,1,1,1,1,1,,,,,,,,,,,,,,,,,,,,,,
1369,259284,0,,0,0,0,0,0,0,0,0,680700,680731,340768,710202,310103,310104,337943,254406,254309,710055,710006,600005,,,,,,,,,,,,,,,,,,,,,,,,300,1,6,60,400,400,300,200,3,1,99,1,,,,,,,,,,,,,,,,,,,,,,,,1,1,1,1,1,1,1,1,1,1,1,1,1,,,,,,,,,,,,,,,,,,,,,,
1370,259285,0,,0,0,0,0,0,0,0,0,680700,680732,340768,710202,310103,310104,337943,254406,254309,710055,710006,600006,,,,,,,,,,,,,,,,,,,,,,,,500,2,10,100,600,600,500,300,6,2,200,1,,,,,,,,,,,,,,,,,,,,,,,,1,1,1,1,1,1,1,1,1,1,1,1,1,,,,,,,,,,,,,,,,,,,,,,
1371,680800,0,,0,0,7317,0,0,0,0,0,,,,,,,,,,,,,,,,,,,,,,,,,,,,,,,,,,,,,,,,,,,,,,,,,,,,,,,,,,,,,,,,,,,,,,,,,,,,,,,,,,,,,,,,,,,,,,,,,,,,,,,,,
1372,600001,0,,0,0,0,0,0,0,0,0,254205,710003,680700,910401,340051,337943,710004,337942,580002,680709,40015,600002,,,,,,,,,,,,,,,,,,,,,,,,6,5,10,1,6,5,3,10,1,1,2,1,,,,,,,,,,,,,,,,,,,,,,,,1,1,1,1,1,1,1,1,1,1,1,1,,,,,,,,,,,,,,,,,,,,,,,
1373,600002,0,,0,0,0,0,0,0,0,0,40018,310001,254306,334100,334101,336010,338000,40016,40017,,,,,,,,,,,,,,,,,,,,,,,,,,,2,66,1,50,40,20,5,2,2,,,,,,,,,,,,,,,,,,,,,,,,,,,1,1,1,1,1,1,1,1,1,,,,,,,,,,,,,,,,,,,,,,,,,,
1374,600003,0,,0,0,0,0,0,0,0,0,259302,254307,,,,,,,,,,,,,,,,,,,,,,,,,,,,,,,,,,50,2,,,,,,,,,,,,,,,,,,,,,,,,,,,,,,,,,,1,1,,,,,,,,,,,,,,,,,,,,,,,,,,,,,,,,,
1375,600004,0,,0,0,0,0,0,0,0,0,254020,680618,,,,,,,,,,,,,,,,,,,,,,,,,,,,,,,,,,1,1,,,,,,,,,,,,,,,,,,,,,,,,,,,,,,,,,,1,1,,,,,,,,,,,,,,,,,,,,,,,,,,,,,,,,,
1376,600005,0,,0,0,0,0,0,0,0,0,680301,254020,680618,,,,,,,,,,,,,,,,,,,,,,,,,,,,,,,,,100,3,3,,,,,,,,,,,,,,,,,,,,,,,,,,,,,,,,,1,1,1,,,,,,,,,,,,,,,,,,,,,,,,,,,,,,,,
1378,600007,0,,0,0,0,0,0,0,0,0,,,,,,,,,,,,,,,,,,,,,,,,,,,,,,,,,,,,,,,,,,,,,,,,,,,,,,,,,,,,,,,,,,,,,,,,,,,,,,,,,,,,,,,,,,,,,,,,,,,,,,,,,
1379,600008,0,,0,0,0,0,0,0,0,0,259002,259003,259004,259005,,,,,,,,,,,,,,,,,,,,,,,,,,,,,,,,1,1,1,1,,,,,,,,,,,,,,,,,,,,,,,,,,,,,,,,0,0,0,0,,,,,,,,,,,,,,,,,,,,,,,,,,,,,,,
1380,254141,0,,0,0,7612,0,0,0,0,0,,,,,,,,,,,,,,,,,,,,,,,,,,,,,,,,,,,,,,,,,,,,,,,,,,,,,,,,,,,,,,,,,,,,,,,,,,,,,,,,,,,,,,,,,,,,,,,,,,,,,,,,,
1382,254143,0,,0,0,7614,0,0,0,0,0,,,,,,,,,,,,,,,,,,,,,,,,,,,,,,,,,,,,,,,,,,,,,,,,,,,,,,,,,,,,,,,,,,,,,,,,,,,,,,,,,,,,,,,,,,,,,,,,,,,,,,,,,
1383,254144,0,,0,0,7615,0,0,0,0,0,,,,,,,,,,,,,,,,,,,,,,,,,,,,,,,,,,,,,,,,,,,,,,,,,,,,,,,,,,,,,,,,,,,,,,,,,,,,,,,,,,,,,,,,,,,,,,,,,,,,,,,,,
1384,254145,0,,0,0,7616,0,0,0,0,0,,,,,,,,,,,,,,,,,,,,,,,,,,,,,,,,,,,,,,,,,,,,,,,,,,,,,,,,,,,,,,,,,,,,,,,,,,,,,,,,,,,,,,,,,,,,,,,,,,,,,,,,,
1385,254146,0,,0,0,7617,0,0,0,0,0,,,,,,,,,,,,,,,,,,,,,,,,,,,,,,,,,,,,,,,,,,,,,,,,,,,,,,,,,,,,,,,,,,,,,,,,,,,,,,,,,,,,,,,,,,,,,,,,,,,,,,,,,
1386,254147,0,,0,0,7618,0,0,0,0,0,,,,,,,,,,,,,,,,,,,,,,,,,,,,,,,,,,,,,,,,,,,,,,,,,,,,,,,,,,,,,,,,,,,,,,,,,,,,,,,,,,,,,,,,,,,,,,,,,,,,,,,,,
1387,254148,0,,0,0,7619,0,0,0,0,0,,,,,,,,,,,,,,,,,,,,,,,,,,,,,,,,,,,,,,,,,,,,,,,,,,,,,,,,,,,,,,,,,,,,,,,,,,,,,,,,,,,,,,,,,,,,,,,,,,,,,,,,,
1388,254149,0,,0,0,7620,0,0,0,0,0,,,,,,,,,,,,,,,,,,,,,,,,,,,,,,,,,,,,,,,,,,,,,,,,,,,,,,,,,,,,,,,,,,,,,,,,,,,,,,,,,,,,,,,,,,,,,,,,,,,,,,,,,
1389,254150,0,,0,0,7621,0,0,0,0,0,,,,,,,,,,,,,,,,,,,,,,,,,,,,,,,,,,,,,,,,,,,,,,,,,,,,,,,,,,,,,,,,,,,,,,,,,,,,,,,,,,,,,,,,,,,,,,,,,,,,,,,,,
1390,680713,0,,0,0,0,0,0,0,0,0,680700,,,,,,,,,,,,,,,,,,,,,,,,,,,,,,,,,,,20,,,,,,,,,,,,,,,,,,,,,,,,,,,,,,,,,,,0,,,,,,,,,,,,,,,,,,,,,,,,,,,,,,,,,,
1391,254151,0,,0,0,0,0,0,0,1,100000,,,,,,,,,,,,,,,,,,,,,,,,,,,,,,,,,,,,,,,,,,,,,,,,,,,,,,,,,,,,,,,,,,,,,,,,,,,,,,,,,,,,,,,,,,,,,,,,,,,,,,,,,
1392,254152,0,,0,0,0,0,0,0,1,200000,,,,,,,,,,,,,,,,,,,,,,,,,,,,,,,,,,,,,,,,,,,,,,,,,,,,,,,,,,,,,,,,,,,,,,,,,,,,,,,,,,,,,,,,,,,,,,,,,,,,,,,,,
1393,254153,0,,0,0,0,0,0,0,1,300000,,,,,,,,,,,,,,,,,,,,,,,,,,,,,,,,,,,,,,,,,,,,,,,,,,,,,,,,,,,,,,,,,,,,,,,,,,,,,,,,,,,,,,,,,,,,,,,,,,,,,,,,,
1394,254154,0,,0,0,0,0,0,0,1,400000,,,,,,,,,,,,,,,,,,,,,,,,,,,,,,,,,,,,,,,,,,,,,,,,,,,,,,,,,,,,,,,,,,,,,,,,,,,,,,,,,,,,,,,,,,,,,,,,,,,,,,,,,
1395,254155,0,,0,0,0,0,0,0,1,500000,,,,,,,,,,,,,,,,,,,,,,,,,,,,,,,,,,,,,,,,,,,,,,,,,,,,,,,,,,,,,,,,,,,,,,,,,,,,,,,,,,,,,,,,,,,,,,,,,,,,,,,,,
1396,254156,0,,0,0,0,0,0,0,1,600000,,,,,,,,,,,,,,,,,,,,,,,,,,,,,,,,,,,,,,,,,,,,,,,,,,,,,,,,,,,,,,,,,,,,,,,,,,,,,,,,,,,,,,,,,,,,,,,,,,,,,,,,,
1397,254157,0,,0,0,0,0,0,0,1,700000,,,,,,,,,,,,,,,,,,,,,,,,,,,,,,,,,,,,,,,,,,,,,,,,,,,,,,,,,,,,,,,,,,,,,,,,,,,,,,,,,,,,,,,,,,,,,,,,,,,,,,,,,
1398,254158,0,,0,0,0,0,0,0,1,800000,,,,,,,,,,,,,,,,,,,,,,,,,,,,,,,,,,,,,,,,,,,,,,,,,,,,,,,,,,,,,,,,,,,,,,,,,,,,,,,,,,,,,,,,,,,,,,,,,,,,,,,,,
1399,254159,0,,0,0,0,0,0,0,1,900000,,,,,,,,,,,,,,,,,,,,,,,,,,,,,,,,,,,,,,,,,,,,,,,,,,,,,,,,,,,,,,,,,,,,,,,,,,,,,,,,,,,,,,,,,,,,,,,,,,,,,,,,,
1400,254160,0,,0,0,0,0,0,0,1,1000000,,,,,,,,,,,,,,,,,,,,,,,,,,,,,,,,,,,,,,,,,,,,,,,,,,,,,,,,,,,,,,,,,,,,,,,,,,,,,,,,,,,,,,,,,,,,,,,,,,,,,,,,,
1401,254161,0,,0,0,0,0,0,0,2,1000,,,,,,,,,,,,,,,,,,,,,,,,,,,,,,,,,,,,,,,,,,,,,,,,,,,,,,,,,,,,,,,,,,,,,,,,,,,,,,,,,,,,,,,,,,,,,,,,,,,,,,,,,
1402,254162,0,,0,0,0,0,0,0,2,2000,,,,,,,,,,,,,,,,,,,,,,,,,,,,,,,,,,,,,,,,,,,,,,,,,,,,,,,,,,,,,,,,,,,,,,,,,,,,,,,,,,,,,,,,,,,,,,,,,,,,,,,,,
1403,254163,0,,0,0,0,0,0,0,2,3000,,,,,,,,,,,,,,,,,,,,,,,,,,,,,,,,,,,,,,,,,,,,,,,,,,,,,,,,,,,,,,,,,,,,,,,,,,,,,,,,,,,,,,,,,,,,,,,,,,,,,,,,,
1404,254164,0,,0,0,0,0,0,0,2,4000,,,,,,,,,,,,,,,,,,,,,,,,,,,,,,,,,,,,,,,,,,,,,,,,,,,,,,,,,,,,,,,,,,,,,,,,,,,,,,,,,,,,,,,,,,,,,,,,,,,,,,,,,
1405,254165,0,,0,0,0,0,0,0,2,5000,,,,,,,,,,,,,,,,,,,,,,,,,,,,,,,,,,,,,,,,,,,,,,,,,,,,,,,,,,,,,,,,,,,,,,,,,,,,,,,,,,,,,,,,,,,,,,,,,,,,,,,,,
1406,254166,0,,0,0,0,0,0,0,2,6000,,,,,,,,,,,,,,,,,,,,,,,,,,,,,,,,,,,,,,,,,,,,,,,,,,,,,,,,,,,,,,,,,,,,,,,,,,,,,,,,,,,,,,,,,,,,,,,,,,,,,,,,,
1407,254167,0,,0,0,0,0,0,0,2,7000,,,,,,,,,,,,,,,,,,,,,,,,,,,,,,,,,,,,,,,,,,,,,,,,,,,,,,,,,,,,,,,,,,,,,,,,,,,,,,,,,,,,,,,,,,,,,,,,,,,,,,,,,
1408,254168,0,,0,0,0,0,0,0,2,8000,,,,,,,,,,,,,,,,,,,,,,,,,,,,,,,,,,,,,,,,,,,,,,,,,,,,,,,,,,,,,,,,,,,,,,,,,,,,,,,,,,,,,,,,,,,,,,,,,,,,,,,,,
1409,254169,0,,0,0,0,0,0,0,2,9000,,,,,,,,,,,,,,,,,,,,,,,,,,,,,,,,,,,,,,,,,,,,,,,,,,,,,,,,,,,,,,,,,,,,,,,,,,,,,,,,,,,,,,,,,,,,,,,,,,,,,,,,,
1410,254170,0,,0,0,0,0,0,0,2,10000,,,,,,,,,,,,,,,,,,,,,,,,,,,,,,,,,,,,,,,,,,,,,,,,,,,,,,,,,,,,,,,,,,,,,,,,,,,,,,,,,,,,,,,,,,,,,,,,,,,,,,,,,
1411,338000,0,,0,0,5710,0,0,0,0,0,,,,,,,,,,,,,,,,,,,,,,,,,,,,,,,,,,,,,,,,,,,,,,,,,,,,,,,,,,,,,,,,,,,,,,,,,,,,,,,,,,,,,,,,,,,,,,,,,,,,,,,,,
1412,338001,0,,0,0,5711,0,0,0,0,0,,,,,,,,,,,,,,,,,,,,,,,,,,,,,,,,,,,,,,,,,,,,,,,,,,,,,,,,,,,,,,,,,,,,,,,,,,,,,,,,,,,,,,,,,,,,,,,,,,,,,,,,,
1413,259006,0,,0,0,7319,0,0,0,0,0,,,,,,,,,,,,,,,,,,,,,,,,,,,,,,,,,,,,,,,,,,,,,,,,,,,,,,,,,,,,,,,,,,,,,,,,,,,,,,,,,,,,,,,,,,,,,,,,,,,,,,,,,
1414,680731,0,,0,0,7320,0,0,0,0,0,,,,,,,,,,,,,,,,,,,,,,,,,,,,,,,,,,,,,,,,,,,,,,,,,,,,,,,,,,,,,,,,,,,,,,,,,,,,,,,,,,,,,,,,,,,,,,,,,,,,,,,,,
1415,600006,0,,0,0,0,0,0,0,0,0,259002,259003,259004,259005,,,,,,,,,,,,,,,,,,,,,,,,,,,,,,,,1,1,1,1,,,,,,,,,,,,,,,,,,,,,,,,,,,,,,,,1,1,1,1,,,,,,,,,,,,,,,,,,,,,,,,,,,,,,,
1416,600015,0,,0,0,0,0,0,0,1,500000,,,,,,,,,,,,,,,,,,,,,,,,,,,,,,,,,,,,,,,,,,,,,,,,,,,,,,,,,,,,,,,,,,,,,,,,,,,,,,,,,,,,,,,,,,,,,,,,,,,,,,,,,
1417,600016,0,,0,0,0,0,0,0,1,1000000,,,,,,,,,,,,,,,,,,,,,,,,,,,,,,,,,,,,,,,,,,,,,,,,,,,,,,,,,,,,,,,,,,,,,,,,,,,,,,,,,,,,,,,,,,,,,,,,,,,,,,,,,
1418,600017,0,,0,0,0,0,0,0,1,5000000,,,,,,,,,,,,,,,,,,,,,,,,,,,,,,,,,,,,,,,,,,,,,,,,,,,,,,,,,,,,,,,,,,,,,,,,,,,,,,,,,,,,,,,,,,,,,,,,,,,,,,,,,
1419,600033,0,,0,0,7610,0,0,0,0,0,,,,,,,,,,,,,,,,,,,,,,,,,,,,,,,,,,,,,,,,,,,,,,,,,,,,,,,,,,,,,,,,,,,,,,,,,,,,,,,,,,,,,,,,,,,,,,,,,,,,,,,,,
1420,600034,0,,0,0,7611,0,0,0,0,0,,,,,,,,,,,,,,,,,,,,,,,,,,,,,,,,,,,,,,,,,,,,,,,,,,,,,,,,,,,,,,,,,,,,,,,,,,,,,,,,,,,,,,,,,,,,,,,,,,,,,,,,,
1421,254142,0,,0,0,7612,0,0,0,0,0,,,,,,,,,,,,,,,,,,,,,,,,,,,,,,,,,,,,,,,,,,,,,,,,,,,,,,,,,,,,,,,,,,,,,,,,,,,,,,,,,,,,,,,,,,,,,,,,,,,,,,,,,
1422,600035,0,,0,0,0,0,0,0,0,0,680700,,,,,,,,,,,,,,,,,,,,,,,,,,,,,,,,,,,5,,,,,,,,,,,,,,,,,,,,,,,,,,,,,,,,,,,1,,,,,,,,,,,,,,,,,,,,,,,,,,,,,,,,,,
1423,600036,0,,0,0,0,0,0,0,0,0,680700,,,,,,,,,,,,,,,,,,,,,,,,,,,,,,,,,,,15,,,,,,,,,,,,,,,,,,,,,,,,,,,,,,,,,,,1,,,,,,,,,,,,,,,,,,,,,,,,,,,,,,,,,,
1424,600037,0,,0,0,0,0,0,0,0,0,680700,,,,,,,,,,,,,,,,,,,,,,,,,,,,,,,,,,,50,,,,,,,,,,,,,,,,,,,,,,,,,,,,,,,,,,,1,,,,,,,,,,,,,,,,,,,,,,,,,,,,,,,,,,
1425,600038,0,,0,0,0,0,0,0,0,0,680700,,,,,,,,,,,,,,,,,,,,,,,,,,,,,,,,,,,100,,,,,,,,,,,,,,,,,,,,,,,,,,,,,,,,,,,1,,,,,,,,,,,,,,,,,,,,,,,,,,,,,,,,,,
1426,600039,0,,0,0,0,0,0,0,0,0,680700,,,,,,,,,,,,,,,,,,,,,,,,,,,,,,,,,,,500,,,,,,,,,,,,,,,,,,,,,,,,,,,,,,,,,,,1,,,,,,,,,,,,,,,,,,,,,,,,,,,,,,,,,,
1427,600040,0,,0,0,0,0,0,0,3,200,,,,,,,,,,,,,,,,,,,,,,,,,,,,,,,,,,,,,,,,,,,,,,,,,,,,,,,,,,,,,,,,,,,,,,,,,,,,,,,,,,,,,,,,,,,,,,,,,,,,,,,,,
1428,600041,0,,0,0,0,0,0,0,3,300,,,,,,,,,,,,,,,,,,,,,,,,,,,,,,,,,,,,,,,,,,,,,,,,,,,,,,,,,,,,,,,,,,,,,,,,,,,,,,,,,,,,,,,,,,,,,,,,,,,,,,,,,
1429,600052,0,,0,0,0,0,0,0,0,0,254205,254307,337943,310102,334100,334101,,,,,,,,,,,,,,,,,,,,,,,,,,,,,,1,1,5,99,50,50,,,,,,,,,,,,,,,,,,,,,,,,,,,,,,0,0,0,0,0,0,,,,,,,,,,,,,,,,,,,,,,,,,,,,,
1430,600053,0,,0,0,0,0,0,0,0,0,254155,334100,334101,310102,310103,310104,,,,,,,,,,,,,,,,,,,,,,,,,,,,,,1,50,50,30,10,10,,,,,,,,,,,,,,,,,,,,,,,,,,,,,,0,0,0,0,0,0,,,,,,,,,,,,,,,,,,,,,,,,,,,,,
1431,600054,0,,0,0,0,0,0,0,0,0,337942,337943,331301,310102,310103,310104,,,,,,,,,,,,,,,,,,,,,,,,,,,,,,10,5,5,50,20,20,,,,,,,,,,,,,,,,,,,,,,,,,,,,,,0,0,0,0,0,0,,,,,,,,,,,,,,,,,,,,,,,,,,,,,
1432,600055,0,,0,0,0,0,0,0,0,0,710003,710005,331301,310102,310103,310104,,,,,,,,,,,,,,,,,,,,,,,,,,,,,,20,20,5,99,50,50,,,,,,,,,,,,,,,,,,,,,,,,,,,,,,0,0,0,0,0,0,,,,,,,,,,,,,,,,,,,,,,,,,,,,,
1433,600056,0,,0,0,0,0,0,0,0,0,710004,710006,680700,310102,310103,310104,,,,,,,,,,,,,,,,,,,,,,,,,,,,,,10,5,10,199,99,99,,,,,,,,,,,,,,,,,,,,,,,,,,,,,,0,0,0,0,0,0,,,,,,,,,,,,,,,,,,,,,,,,,,,,,
1434,600057,0,,0,0,0,0,0,0,0,0,40007,710004,710006,310102,310103,310104,,,,,,,,,,,,,,,,,,,,,,,,,,,,,,1,10,5,299,199,199,,,,,,,,,,,,,,,,,,,,,,,,,,,,,,0,0,0,0,0,0,,,,,,,,,,,,,,,,,,,,,,,,,,,,,
1435,600058,0,,0,0,0,0,0,0,0,0,600033,710004,710006,680700,310100,310101,,,,,,,,,,,,,,,,,,,,,,,,,,,,,,2,10,5,20,99,50,,,,,,,,,,,,,,,,,,,,,,,,,,,,,,0,0,0,0,0,0,,,,,,,,,,,,,,,,,,,,,,,,,,,,,
1436,600059,0,,0,0,0,0,0,0,0,0,40007,710004,710006,680700,710003,710005,,,,,,,,,,,,,,,,,,,,,,,,,,,,,,1,20,10,20,199,199,,,,,,,,,,,,,,,,,,,,,,,,,,,,,,0,0,0,0,0,0,,,,,,,,,,,,,,,,,,,,,,,,,,,,,
1437,600060,0,,0,0,0,0,0,0,0,0,260003,254412,710004,680700,710006,710099,,,,,,,,,,,,,,,,,,,,,,,,,,,,,,1000,1,20,30,10,1,,,,,,,,,,,,,,,,,,,,,,,,,,,,,,0,0,0,0,0,0,,,,,,,,,,,,,,,,,,,,,,,,,,,,,
1438,600061,0,,0,0,0,0,0,0,0,0,580020,337943,680700,710009,710010,710100,,,,,,,,,,,,,,,,,,,,,,,,,,,,,,1,99,50,99,99,1,,,,,,,,,,,,,,,,,,,,,,,,,,,,,,0,0,0,0,0,0,,,,,,,,,,,,,,,,,,,,,,,,,,,,,
1439,600062,0,,0,0,0,0,0,0,0,0,40007,600033,337943,680700,710009,710010,,,,,,,,,,,,,,,,,,,,,,,,,,,,,,1,2,50,99,199,199,,,,,,,,,,,,,,,,,,,,,,,,,,,,,,0,0,0,0,0,0,,,,,,,,,,,,,,,,,,,,,,,,,,,,,
1440,600063,0,,0,0,0,0,0,0,0,0,580020,680700,680002,710009,710010,710103,,,,,,,,,,,,,,,,,,,,,,,,,,,,,,2,99,50,399,399,1,,,,,,,,,,,,,,,,,,,,,,,,,,,,,,0,0,0,0,0,0,,,,,,,,,,,,,,,,,,,,,,,,,,,,,
1441,600065,0,,0,0,0,0,0,0,0,0,710003,710005,310102,310103,310100,710093,,,,,,,,,,,,,,,,,,,,,,,,,,,,,,10,10,99,66,10,1,,,,,,,,,,,,,,,,,,,,,,,,,,,,,,0,0,0,0,0,0,,,,,,,,,,,,,,,,,,,,,,,,,,,,,
1442,600066,0,,0,0,0,0,0,0,0,0,680800,310102,310103,310104,310100,710094,710093,,,,,,,,,,,,,,,,,,,,,,,,,,,,,1,99,66,33,20,1,1,,,,,,,,,,,,,,,,,,,,,,,,,,,,,0,0,0,0,0,0,0,,,,,,,,,,,,,,,,,,,,,,,,,,,,
1443,600067,0,,0,0,0,0,0,0,0,0,680700,310102,310103,310104,310100,710096,,,,,,,,,,,,,,,,,,,,,,,,,,,,,,15,199,99,66,50,1,,,,,,,,,,,,,,,,,,,,,,,,,,,,,,1,0,0,0,0,0,,,,,,,,,,,,,,,,,,,,,,,,,,,,,
1444,600068,0,,0,0,0,0,0,0,0,0,680700,337943,710004,710006,310101,710098,,,,,,,,,,,,,,,,,,,,,,,,,,,,,,30,30,10,5,20,1,,,,,,,,,,,,,,,,,,,,,,,,,,,,,,1,0,0,0,0,0,,,,,,,,,,,,,,,,,,,,,,,,,,,,,
1445,600069,0,,0,0,0,0,0,0,0,0,254412,680700,680002,710004,710006,710099,,,,,,,,,,,,,,,,,,,,,,,,,,,,,,1,50,30,20,10,1,,,,,,,,,,,,,,,,,,,,,,,,,,,,,,0,0,0,0,0,0,,,,,,,,,,,,,,,,,,,,,,,,,,,,,
1446,600070,0,,0,0,0,0,0,0,0,0,600033,680002,680700,710004,710006,710098,710099,,,,,,,,,,,,,,,,,,,,,,,,,,,,,1,30,50,20,20,1,1,,,,,,,,,,,,,,,,,,,,,,,,,,,,,0,0,0,0,0,0,0,,,,,,,,,,,,,,,,,,,,,,,,,,,,
1447,600071,0,,0,0,0,0,0,0,0,0,580020,680002,680700,710004,710006,710101,,,,,,,,,,,,,,,,,,,,,,,,,,,,,,2,99,99,50,20,1,,,,,,,,,,,,,,,,,,,,,,,,,,,,,,0,0,0,0,0,0,,,,,,,,,,,,,,,,,,,,,,,,,,,,,
1448,600072,0,,0,0,0,0,0,0,0,0,254205,334100,334101,336010,338000,710003,680700,259006,340051,,,,,,,,,,,,,,,,,,,,,,,,,,,6,50,40,20,5,5,10,1,6,,,,,,,,,,,,,,,,,,,,,,,,,,,0,1,1,0,0,0,1,0,0,,,,,,,,,,,,,,,,,,,,,,,,,,
1449,600073,0,,0,0,0,0,0,0,0,0,40008,40009,40010,40011,710026,710005,310101,310100,,,,,,,,,,,,,,,,,,,,,,,,,,,,20,20,20,20,1,2,2,2,,,,,,,,,,,,,,,,,,,,,,,,,,,,1,1,1,1,1,1,0,0,,,,,,,,,,,,,,,,,,,,,,,,,,,
1450,600074,0,,0,0,0,0,0,0,0,0,337943,710004,337942,680709,310001,254306,257002,310102,310103,,,,,,,,,,,,,,,,,,,,,,,,,,,5,3,10,1,66,1,2,10,10,,,,,,,,,,,,,,,,,,,,,,,,,,,1,1,1,1,1,1,1,1,1,,,,,,,,,,,,,,,,,,,,,,,,,,
1451,600075,0,,0,0,0,0,0,0,0,0,40008,40009,40010,40011,600007,,,,,,,,,,,,,,,,,,,,,,,,,,,,,,,20,20,20,20,1,,,,,,,,,,,,,,,,,,,,,,,,,,,,,,,1,1,1,1,1,,,,,,,,,,,,,,,,,,,,,,,,,,,,,,
1452,600076,0,,0,0,0,0,0,0,0,0,710026,340052,680700,710005,,,,,,,,,,,,,,,,,,,,,,,,,,,,,,,,1,6,20,2,,,,,,,,,,,,,,,,,,,,,,,,,,,,,,,,1,1,1,1,,,,,,,,,,,,,,,,,,,,,,,,,,,,,,,
1453,600077,0,,0,0,0,0,0,0,0,0,337943,337942,310001,310102,710003,,,,,,,,,,,,,,,,,,,,,,,,,,,,,,,3,5,66,20,5,,,,,,,,,,,,,,,,,,,,,,,,,,,,,,,1,1,1,1,1,,,,,,,,,,,,,,,,,,,,,,,,,,,,,,
1454,600078,0,,0,0,0,0,0,0,0,0,256003,341106,40008,331106,,,,,,,,,,,,,,,,,,,,,,,,,,,,,,,,1,1,6,1,,,,,,,,,,,,,,,,,,,,,,,,,,,,,,,,0,0,0,0,,,,,,,,,,,,,,,,,,,,,,,,,,,,,,,
1455,600079,0,,0,0,0,0,0,198,3,297000,,,,,,,,,,,,,,,,,,,,,,,,,,,,,,,,,,,,,,,,,,,,,,,,,,,,,,,,,,,,,,,,,,,,,,,,,,,,,,,,,,,,,,,,,,,,,,,,,,,,,,,,,
1456,600080,0,,0,0,0,0,0,128,3,76800,,,,,,,,,,,,,,,,,,,,,,,,,,,,,,,,,,,,,,,,,,,,,,,,,,,,,,,,,,,,,,,,,,,,,,,,,,,,,,,,,,,,,,,,,,,,,,,,,,,,,,,,,
1457,600081,0,,0,0,0,0,0,520,3,312000,,,,,,,,,,,,,,,,,,,,,,,,,,,,,,,,,,,,,,,,,,,,,,,,,,,,,,,,,,,,,,,,,,,,,,,,,,,,,,,,,,,,,,,,,,,,,,,,,,,,,,,,,
1458,600082,0,,0,0,0,0,0,1280,3,768000,,,,,,,,,,,,,,,,,,,,,,,,,,,,,,,,,,,,,,,,,,,,,,,,,,,,,,,,,,,,,,,,,,,,,,,,,,,,,,,,,,,,,,,,,,,,,,,,,,,,,,,,,
1459,600083,0,,0,0,0,0,0,1280,3,1437600,,,,,,,,,,,,,,,,,,,,,,,,,,,,,,,,,,,,,,,,,,,,,,,,,,,,,,,,,,,,,,,,,,,,,,,,,,,,,,,,,,,,,,,,,,,,,,,,,,,,,,,,,
1460,600084,0,,0,0,0,0,0,30,3,9000,,,,,,,,,,,,,,,,,,,,,,,,,,,,,,,,,,,,,,,,,,,,,,,,,,,,,,,,,,,,,,,,,,,,,,,,,,,,,,,,,,,,,,,,,,,,,,,,,,,,,,,,,
1461,600085,0,,0,0,0,0,0,98,3,29400,,,,,,,,,,,,,,,,,,,,,,,,,,,,,,,,,,,,,,,,,,,,,,,,,,,,,,,,,,,,,,,,,,,,,,,,,,,,,,,,,,,,,,,,,,,,,,,,,,,,,,,,,
1462,600086,0,,0,0,0,0,0,198,3,59400,,,,,,,,,,,,,,,,,,,,,,,,,,,,,,,,,,,,,,,,,,,,,,,,,,,,,,,,,,,,,,,,,,,,,,,,,,,,,,,,,,,,,,,,,,,,,,,,,,,,,,,,,
1463,600087,0,,0,0,0,0,0,328,3,98400,,,,,,,,,,,,,,,,,,,,,,,,,,,,,,,,,,,,,,,,,,,,,,,,,,,,,,,,,,,,,,,,,,,,,,,,,,,,,,,,,,,,,,,,,,,,,,,,,,,,,,,,,
1464,600088,0,,0,0,0,0,0,648,3,194400,,,,,,,,,,,,,,,,,,,,,,,,,,,,,,,,,,,,,,,,,,,,,,,,,,,,,,,,,,,,,,,,,,,,,,,,,,,,,,,,,,,,,,,,,,,,,,,,,,,,,,,,,
1465,600089,0,,0,0,0,0,0,488,3,292800,,,,,,,,,,,,,,,,,,,,,,,,,,,,,,,,,,,,,,,,,,,,,,,,,,,,,,,,,,,,,,,,,,,,,,,,,,,,,,,,,,,,,,,,,,,,,,,,,,,,,,,,,
1466,600090,0,,0,0,0,0,0,648,3,388800,,,,,,,,,,,,,,,,,,,,,,,,,,,,,,,,,,,,,,,,,,,,,,,,,,,,,,,,,,,,,,,,,,,,,,,,,,,,,,,,,,,,,,,,,,,,,,,,,,,,,,,,,
1467,600091,0,,0,0,0,0,0,1198,3,718800,,,,,,,,,,,,,,,,,,,,,,,,,,,,,,,,,,,,,,,,,,,,,,,,,,,,,,,,,,,,,,,,,,,,,,,,,,,,,,,,,,,,,,,,,,,,,,,,,,,,,,,,,
1468,600092,0,,0,0,0,0,0,98,3,235200,,,,,,,,,,,,,,,,,,,,,,,,,,,,,,,,,,,,,,,,,,,,,,,,,,,,,,,,,,,,,,,,,,,,,,,,,,,,,,,,,,,,,,,,,,,,,,,,,,,,,,,,,
1469,600093,0,,0,0,0,0,0,298,3,715200,,,,,,,,,,,,,,,,,,,,,,,,,,,,,,,,,,,,,,,,,,,,,,,,,,,,,,,,,,,,,,,,,,,,,,,,,,,,,,,,,,,,,,,,,,,,,,,,,,,,,,,,,
1470,600094,0,,0,0,0,0,0,648,3,1555200,,,,,,,,,,,,,,,,,,,,,,,,,,,,,,,,,,,,,,,,,,,,,,,,,,,,,,,,,,,,,,,,,,,,,,,,,,,,,,,,,,,,,,,,,,,,,,,,,,,,,,,,,
1471,600095,0,,0,0,0,0,0,1198,3,2875200,,,,,,,,,,,,,,,,,,,,,,,,,,,,,,,,,,,,,,,,,,,,,,,,,,,,,,,,,,,,,,,,,,,,,,,,,,,,,,,,,,,,,,,,,,,,,,,,,,,,,,,,,
1472,600096,0,,0,0,0,0,0,30,3,36000,,,,,,,,,,,,,,,,,,,,,,,,,,,,,,,,,,,,,,,,,,,,,,,,,,,,,,,,,,,,,,,,,,,,,,,,,,,,,,,,,,,,,,,,,,,,,,,,,,,,,,,,,
1473,600097,0,,0,0,0,0,0,68,3,81600,,,,,,,,,,,,,,,,,,,,,,,,,,,,,,,,,,,,,,,,,,,,,,,,,,,,,,,,,,,,,,,,,,,,,,,,,,,,,,,,,,,,,,,,,,,,,,,,,,,,,,,,,
1474,600098,0,,0,0,0,0,0,98,3,117600,,,,,,,,,,,,,,,,,,,,,,,,,,,,,,,,,,,,,,,,,,,,,,,,,,,,,,,,,,,,,,,,,,,,,,,,,,,,,,,,,,,,,,,,,,,,,,,,,,,,,,,,,
1475,600099,0,,0,0,0,0,0,128,3,153600,,,,,,,,,,,,,,,,,,,,,,,,,,,,,,,,,,,,,,,,,,,,,,,,,,,,,,,,,,,,,,,,,,,,,,,,,,,,,,,,,,,,,,,,,,,,,,,,,,,,,,,,,
1476,600100,0,,0,0,0,0,0,298,3,357600,,,,,,,,,,,,,,,,,,,,,,,,,,,,,,,,,,,,,,,,,,,,,,,,,,,,,,,,,,,,,,,,,,,,,,,,,,,,,,,,,,,,,,,,,,,,,,,,,,,,,,,,,
1477,600101,0,,0,0,0,0,0,488,3,585600,,,,,,,,,,,,,,,,,,,,,,,,,,,,,,,,,,,,,,,,,,,,,,,,,,,,,,,,,,,,,,,,,,,,,,,,,,,,,,,,,,,,,,,,,,,,,,,,,,,,,,,,,
1478,600102,0,,0,0,0,0,0,648,3,777600,,,,,,,,,,,,,,,,,,,,,,,,,,,,,,,,,,,,,,,,,,,,,,,,,,,,,,,,,,,,,,,,,,,,,,,,,,,,,,,,,,,,,,,,,,,,,,,,,,,,,,,,,
1479,600103,0,,0,0,0,0,0,1198,3,1437600,,,,,,,,,,,,,,,,,,,,,,,,,,,,,,,,,,,,,,,,,,,,,,,,,,,,,,,,,,,,,,,,,,,,,,,,,,,,,,,,,,,,,,,,,,,,,,,,,,,,,,,,,
1480,600200,0,,0,0,7702,0,0,0,0,0,,,,,,,,,,,,,,,,,,,,,,,,,,,,,,,,,,,,,,,,,,,,,,,,,,,,,,,,,,,,,,,,,,,,,,,,,,,,,,,,,,,,,,,,,,,,,,,,,,,,,,,,,
1481,600201,0,,0,0,0,0,0,0,0,0,680007,,,,,,,,,,,,,,,,,,,,,,,,,,,,,,,,,,,18888,,,,,,,,,,,,,,,,,,,,,,,,,,,,,,,,,,,1,,,,,,,,,,,,,,,,,,,,,,,,,,,,,,,,,,
1482,600300,0,,0,0,0,0,0,0,0,0,600201,603056,603055,600042,,,,,,,,,,,,,,,,,,,,,,,,,,,,,,,,1,12,1,10,,,,,,,,,,,,,,,,,,,,,,,,,,,,,,,,0,0,0,0,,,,,,,,,,,,,,,,,,,,,,,,,,,,,,,
1483,600301,0,,0,0,0,0,0,0,0,0,600028,600042,710058,710059,600046,,,,,,,,,,,,,,,,,,,,,,,,,,,,,,,2,3,2,2,9,,,,,,,,,,,,,,,,,,,,,,,,,,,,,,,0,0,0,0,0,,,,,,,,,,,,,,,,,,,,,,,,,,,,,,
1484,600400,0,,0,0,0,0,0,0,0,0,259311,710002,710001,710003,337943,600014,,,,,,,,,,,,,,,,,,,,,,,,,,,,,,6,10,10,10,20,1,,,,,,,,,,,,,,,,,,,,,,,,,,,,,,0,0,0,0,0,0,,,,,,,,,,,,,,,,,,,,,,,,,,,,,
1485,600401,0,,0,0,0,0,0,0,0,0,259311,710002,710001,710003,337943,600013,,,,,,,,,,,,,,,,,,,,,,,,,,,,,,4,8,8,8,15,1,,,,,,,,,,,,,,,,,,,,,,,,,,,,,,0,0,0,0,0,0,,,,,,,,,,,,,,,,,,,,,,,,,,,,,
1486,600402,0,,0,0,0,0,0,0,0,0,259311,710002,710001,710003,337943,600012,,,,,,,,,,,,,,,,,,,,,,,,,,,,,,3,5,5,5,10,1,,,,,,,,,,,,,,,,,,,,,,,,,,,,,,0,0,0,0,0,0,,,,,,,,,,,,,,,,,,,,,,,,,,,,,
1487,600403,0,,0,0,0,0,0,0,0,0,259311,710002,710001,710003,337943,600011,,,,,,,,,,,,,,,,,,,,,,,,,,,,,,2,3,3,3,5,1,,,,,,,,,,,,,,,,,,,,,,,,,,,,,,0,0,0,0,0,0,,,,,,,,,,,,,,,,,,,,,,,,,,,,,
1488,600404,0,,0,0,0,0,0,0,0,0,259308,710002,710001,710003,337943,600010,,,,,,,,,,,,,,,,,,,,,,,,,,,,,,4,2,2,2,2,1,,,,,,,,,,,,,,,,,,,,,,,,,,,,,,0,0,0,0,0,0,,,,,,,,,,,,,,,,,,,,,,,,,,,,,
1489,600500,0,,0,0,0,0,0,0,0,0,259311,710002,710001,710003,337943,600012,,,,,,,,,,,,,,,,,,,,,,,,,,,,,,4,10,10,10,10,1,,,,,,,,,,,,,,,,,,,,,,,,,,,,,,0,0,0,0,0,0,,,,,,,,,,,,,,,,,,,,,,,,,,,,,
1490,600501,0,,0,0,0,0,0,0,0,0,259311,710002,710001,710003,337943,600011,,,,,,,,,,,,,,,,,,,,,,,,,,,,,,3,7,7,7,7,1,,,,,,,,,,,,,,,,,,,,,,,,,,,,,,0,0,0,0,0,0,,,,,,,,,,,,,,,,,,,,,,,,,,,,,
1491,600502,0,,0,0,0,0,0,0,0,0,259311,710002,710001,710003,337943,600010,,,,,,,,,,,,,,,,,,,,,,,,,,,,,,2,5,5,5,5,1,,,,,,,,,,,,,,,,,,,,,,,,,,,,,,0,0,0,0,0,0,,,,,,,,,,,,,,,,,,,,,,,,,,,,,
1492,600503,0,,0,0,0,0,0,0,0,0,259311,710002,710001,710003,337943,600011,,,,,,,,,,,,,,,,,,,,,,,,,,,,,,1,4,4,4,4,1,,,,,,,,,,,,,,,,,,,,,,,,,,,,,,0,0,0,0,0,0,,,,,,,,,,,,,,,,,,,,,,,,,,,,,
1493,600504,0,,0,0,0,0,0,0,0,0,259308,710002,710001,710003,337943,337943,,,,,,,,,,,,,,,,,,,,,,,,,,,,,,2,2,2,2,2,2,,,,,,,,,,,,,,,,,,,,,,,,,,,,,,0,0,0,0,0,0,,,,,,,,,,,,,,,,,,,,,,,,,,,,,
1494,600600,0,,0,0,0,0,0,0,0,0,259311,710002,710001,710003,337943,680756,,,,,,,,,,,,,,,,,,,,,,,,,,,,,,4,10,10,10,10,1,,,,,,,,,,,,,,,,,,,,,,,,,,,,,,0,0,0,0,0,0,,,,,,,,,,,,,,,,,,,,,,,,,,,,,
1495,600601,0,,0,0,0,0,0,0,0,0,259311,710002,710001,710003,337943,680757,,,,,,,,,,,,,,,,,,,,,,,,,,,,,,3,7,7,7,7,1,,,,,,,,,,,,,,,,,,,,,,,,,,,,,,0,0,0,0,0,0,,,,,,,,,,,,,,,,,,,,,,,,,,,,,
1496,600602,0,,0,0,0,0,0,0,0,0,259311,710002,710001,710003,337943,680758,,,,,,,,,,,,,,,,,,,,,,,,,,,,,,2,5,5,5,5,1,,,,,,,,,,,,,,,,,,,,,,,,,,,,,,0,0,0,0,0,0,,,,,,,,,,,,,,,,,,,,,,,,,,,,,
1497,600603,0,,0,0,0,0,0,0,0,0,259311,710002,710001,710003,337943,680759,,,,,,,,,,,,,,,,,,,,,,,,,,,,,,1,4,4,4,4,1,,,,,,,,,,,,,,,,,,,,,,,,,,,,,,0,0,0,0,0,0,,,,,,,,,,,,,,,,,,,,,,,,,,,,,
1498,600604,0,,0,0,0,0,0,0,0,0,259308,710002,710001,710003,337943,337942,,,,,,,,,,,,,,,,,,,,,,,,,,,,,,2,2,2,2,2,2,,,,,,,,,,,,,,,,,,,,,,,,,,,,,,0,0,0,0,0,0,,,,,,,,,,,,,,,,,,,,,,,,,,,,,
1499,600302,0,,0,0,0,0,0,0,0,0,600105,680761,600028,600700,680008,,,,,,,,,,,,,,,,,,,,,,,,,,,,,,,1,1,5,1,888,,,,,,,,,,,,,,,,,,,,,,,,,,,,,,,0,0,0,0,0,,,,,,,,,,,,,,,,,,,,,,,,,,,,,,
1500,600700,0,,0,0,0,0,0,0,0,0,680700,,,,,,,,,,,,,,,,,,,,,,,,,,,,,,,,,,,9999,,,,,,,,,,,,,,,,,,,,,,,,,,,,,,,,,,,1,,,,,,,,,,,,,,,,,,,,,,,,,,,,,,,,,,
1501,600605,0,,0,0,0,0,0,0,107,100,,,,,,,,,,,,,,,,,,,,,,,,,,,,,,,,,,,,,,,,,,,,,,,,,,,,,,,,,,,,,,,,,,,,,,,,,,,,,,,,,,,,,,,,,,,,,,,,,,,,,,,,,
1502,600606,0,,0,0,7716,0,0,0,107,5,,,,,,,,,,,,,,,,,,,,,,,,,,,,,,,,,,,,,,,,,,,,,,,,,,,,,,,,,,,,,,,,,,,,,,,,,,,,,,,,,,,,,,,,,,,,,,,,,,,,,,,,,
1503,600607,0,,0,0,7719,0,0,0,107,5,,,,,,,,,,,,,,,,,,,,,,,,,,,,,,,,,,,,,,,,,,,,,,,,,,,,,,,,,,,,,,,,,,,,,,,,,,,,,,,,,,,,,,,,,,,,,,,,,,,,,,,,,
1504,600608,0,,0,0,0,0,0,0,0,0,310102,,,,,,,,,,,,,,,,,,,,,,,,,,,,,,,,,,,99,,,,,,,,,,,,,,,,,,,,,,,,,,,,,,,,,,,0,,,,,,,,,,,,,,,,,,,,,,,,,,,,,,,,,,
1505,600609,0,,0,0,0,0,0,0,0,0,334100,,,,,,,,,,,,,,,,,,,,,,,,,,,,,,,,,,,99,,,,,,,,,,,,,,,,,,,,,,,,,,,,,,,,,,,0,,,,,,,,,,,,,,,,,,,,,,,,,,,,,,,,,,
1506,600610,0,,0,0,0,0,0,0,0,0,334101,,,,,,,,,,,,,,,,,,,,,,,,,,,,,,,,,,,99,,,,,,,,,,,,,,,,,,,,,,,,,,,,,,,,,,,0,,,,,,,,,,,,,,,,,,,,,,,,,,,,,,,,,,
1507,600611,0,,0,0,7717,0,0,0,0,0,,,,,,,,,,,,,,,,,,,,,,,,,,,,,,,,,,,,,,,,,,,,,,,,,,,,,,,,,,,,,,,,,,,,,,,,,,,,,,,,,,,,,,,,,,,,,,,,,,,,,,,,,
1508,600612,0,,0,0,0,0,0,0,0,0,680700,,,,,,,,,,,,,,,,,,,,,,,,,,,,,,,,,,,20,,,,,,,,,,,,,,,,,,,,,,,,,,,,,,,,,,,1,,,,,,,,,,,,,,,,,,,,,,,,,,,,,,,,,,
1509,600613,0,,0,0,0,0,0,0,0,0,40008,,,,,,,,,,,,,,,,,,,,,,,,,,,,,,,,,,,20,,,,,,,,,,,,,,,,,,,,,,,,,,,,,,,,,,,0,,,,,,,,,,,,,,,,,,,,,,,,,,,,,,,,,,
1510,600614,0,,0,0,0,0,0,0,0,0,40009,,,,,,,,,,,,,,,,,,,,,,,,,,,,,,,,,,,20,,,,,,,,,,,,,,,,,,,,,,,,,,,,,,,,,,,0,,,,,,,,,,,,,,,,,,,,,,,,,,,,,,,,,,
1511,600615,0,,0,0,0,0,0,0,0,0,40010,,,,,,,,,,,,,,,,,,,,,,,,,,,,,,,,,,,20,,,,,,,,,,,,,,,,,,,,,,,,,,,,,,,,,,,0,,,,,,,,,,,,,,,,,,,,,,,,,,,,,,,,,,
1512,600616,0,,0,0,0,0,0,0,0,0,40011,,,,,,,,,,,,,,,,,,,,,,,,,,,,,,,,,,,20,,,,,,,,,,,,,,,,,,,,,,,,,,,,,,,,,,,0,,,,,,,,,,,,,,,,,,,,,,,,,,,,,,,,,,
1513,600617,0,,0,0,0,0,0,0,0,0,710004,,,,,,,,,,,,,,,,,,,,,,,,,,,,,,,,,,,3,,,,,,,,,,,,,,,,,,,,,,,,,,,,,,,,,,,0,,,,,,,,,,,,,,,,,,,,,,,,,,,,,,,,,,
1514,600618,0,,0,0,0,0,0,0,0,0,710006,,,,,,,,,,,,,,,,,,,,,,,,,,,,,,,,,,,2,,,,,,,,,,,,,,,,,,,,,,,,,,,,,,,,,,,0,,,,,,,,,,,,,,,,,,,,,,,,,,,,,,,,,,
1515,600619,0,,0,0,0,0,0,98,0,0,,,,,,,,,,,,,,,,,,,,,,,,,,,,,,,,,,,,,,,,,,,,,,,,,,,,,,,,,,,,,,,,,,,,,,,,,,,,,,,,,,,,,,,,,,,,,,,,,,,,,,,,,
1516,600620,0,,0,0,0,0,0,198,0,0,,,,,,,,,,,,,,,,,,,,,,,,,,,,,,,,,,,,,,,,,,,,,,,,,,,,,,,,,,,,,,,,,,,,,,,,,,,,,,,,,,,,,,,,,,,,,,,,,,,,,,,,,
1517,600621,0,,0,0,0,0,0,298,0,0,,,,,,,,,,,,,,,,,,,,,,,,,,,,,,,,,,,,,,,,,,,,,,,,,,,,,,,,,,,,,,,,,,,,,,,,,,,,,,,,,,,,,,,,,,,,,,,,,,,,,,,,,
1518,600628,0,,0,0,7720,0,0,0,0,0,,,,,,,,,,,,,,,,,,,,,,,,,,,,,,,,,,,,,,,,,,,,,,,,,,,,,,,,,,,,,,,,,,,,,,,,,,,,,,,,,,,,,,,,,,,,,,,,,,,,,,,,,
1519,600629,0,,0,0,7721,0,0,0,0,0,,,,,,,,,,,,,,,,,,,,,,,,,,,,,,,,,,,,,,,,,,,,,,,,,,,,,,,,,,,,,,,,,,,,,,,,,,,,,,,,,,,,,,,,,,,,,,,,,,,,,,,,,
1520,600630,0,,0,0,7722,0,0,0,0,0,,,,,,,,,,,,,,,,,,,,,,,,,,,,,,,,,,,,,,,,,,,,,,,,,,,,,,,,,,,,,,,,,,,,,,,,,,,,,,,,,,,,,,,,,,,,,,,,,,,,,,,,,
1521,600631,0,,0,0,7723,0,0,0,0,0,,,,,,,,,,,,,,,,,,,,,,,,,,,,,,,,,,,,,,,,,,,,,,,,,,,,,,,,,,,,,,,,,,,,,,,,,,,,,,,,,,,,,,,,,,,,,,,,,,,,,,,,,
1522,600632,0,,0,0,7724,0,0,0,0,0,,,,,,,,,,,,,,,,,,,,,,,,,,,,,,,,,,,,,,,,,,,,,,,,,,,,,,,,,,,,,,,,,,,,,,,,,,,,,,,,,,,,,,,,,,,,,,,,,,,,,,,,,
1523,600633,0,,0,0,0,0,0,0,0,0,680700,,,,,,,,,,,,,,,,,,,,,,,,,,,,,,,,,,,10,,,,,,,,,,,,,,,,,,,,,,,,,,,,,,,,,,,1,,,,,,,,,,,,,,,,,,,,,,,,,,,,,,,,,,
1524,600701,0,,0,0,0,0,0,30,3,90000,,,,,,,,,,,,,,,,,,,,,,,,,,,,,,,,,,,,,,,,,,,,,,,,,,,,,,,,,,,,,,,,,,,,,,,,,,,,,,,,,,,,,,,,,,,,,,,,,,,,,,,,,
1525,600702,0,,0,0,0,0,0,68,3,210000,,,,,,,,,,,,,,,,,,,,,,,,,,,,,,,,,,,,,,,,,,,,,,,,,,,,,,,,,,,,,,,,,,,,,,,,,,,,,,,,,,,,,,,,,,,,,,,,,,,,,,,,,
1526,600703,0,,0,0,0,0,0,98,3,310000,,,,,,,,,,,,,,,,,,,,,,,,,,,,,,,,,,,,,,,,,,,,,,,,,,,,,,,,,,,,,,,,,,,,,,,,,,,,,,,,,,,,,,,,,,,,,,,,,,,,,,,,,
1527,600704,0,,0,0,0,0,0,198,3,630000,,,,,,,,,,,,,,,,,,,,,,,,,,,,,,,,,,,,,,,,,,,,,,,,,,,,,,,,,,,,,,,,,,,,,,,,,,,,,,,,,,,,,,,,,,,,,,,,,,,,,,,,,
1528,600705,0,,0,0,0,0,0,258,3,850000,,,,,,,,,,,,,,,,,,,,,,,,,,,,,,,,,,,,,,,,,,,,,,,,,,,,,,,,,,,,,,,,,,,,,,,,,,,,,,,,,,,,,,,,,,,,,,,,,,,,,,,,,
1529,600706,0,,0,0,0,0,0,549,3,1860000,,,,,,,,,,,,,,,,,,,,,,,,,,,,,,,,,,,,,,,,,,,,,,,,,,,,,,,,,,,,,,,,,,,,,,,,,,,,,,,,,,,,,,,,,,,,,,,,,,,,,,,,,
1530,600707,0,,0,0,0,0,0,698,3,2800000,,,,,,,,,,,,,,,,,,,,,,,,,,,,,,,,,,,,,,,,,,,,,,,,,,,,,,,,,,,,,,,,,,,,,,,,,,,,,,,,,,,,,,,,,,,,,,,,,,,,,,,,,
1531,600817,0,,0,0,7734,0,0,0,0,0,,,,,,,,,,,,,,,,,,,,,,,,,,,,,,,,,,,,,,,,,,,,,,,,,,,,,,,,,,,,,,,,,,,,,,,,,,,,,,,,,,,,,,,,,,,,,,,,,,,,,,,,,
1532,710072,0,,0,0,0,0,0,0,0,0,336010,,,,,,,,,,,,,,,,,,,,,,,,,,,,,,,,,,,10,,,,,,,,,,,,,,,,,,,,,,,,,,,,,,,,,,,0,,,,,,,,,,,,,,,,,,,,,,,,,,,,,,,,,,
1533,710073,0,,0,0,0,0,0,0,0,0,310102,,,,,,,,,,,,,,,,,,,,,,,,,,,,,,,,,,,10,,,,,,,,,,,,,,,,,,,,,,,,,,,,,,,,,,,0,,,,,,,,,,,,,,,,,,,,,,,,,,,,,,,,,,
1534,640191,0,,0,0,7735,0,0,0,0,0,,,,,,,,,,,,,,,,,,,,,,,,,,,,,,,,,,,,,,,,,,,,,,,,,,,,,,,,,,,,,,,,,,,,,,,,,,,,,,,,,,,,,,,,,,,,,,,,,,,,,,,,,
1535,640192,0,,0,0,7736,0,0,0,0,0,,,,,,,,,,,,,,,,,,,,,,,,,,,,,,,,,,,,,,,,,,,,,,,,,,,,,,,,,,,,,,,,,,,,,,,,,,,,,,,,,,,,,,,,,,,,,,,,,,,,,,,,,
1536,710074,0,,0,0,0,0,0,0,111,250000,,,,,,,,,,,,,,,,,,,,,,,,,,,,,,,,,,,,,,,,,,,,,,,,,,,,,,,,,,,,,,,,,,,,,,,,,,,,,,,,,,,,,,,,,,,,,,,,,,,,,,,,,
1537,710075,0,,0,0,0,0,0,0,9,1000,,,,,,,,,,,,,,,,,,,,,,,,,,,,,,,,,,,,,,,,,,,,,,,,,,,,,,,,,,,,,,,,,,,,,,,,,,,,,,,,,,,,,,,,,,,,,,,,,,,,,,,,,
1538,710076,0,,0,0,0,0,0,0,9,2000,,,,,,,,,,,,,,,,,,,,,,,,,,,,,,,,,,,,,,,,,,,,,,,,,,,,,,,,,,,,,,,,,,,,,,,,,,,,,,,,,,,,,,,,,,,,,,,,,,,,,,,,,
1539,710077,0,,0,0,0,0,0,0,9,3000,,,,,,,,,,,,,,,,,,,,,,,,,,,,,,,,,,,,,,,,,,,,,,,,,,,,,,,,,,,,,,,,,,,,,,,,,,,,,,,,,,,,,,,,,,,,,,,,,,,,,,,,,
1540,710078,0,,0,0,0,0,0,0,9,4000,,,,,,,,,,,,,,,,,,,,,,,,,,,,,,,,,,,,,,,,,,,,,,,,,,,,,,,,,,,,,,,,,,,,,,,,,,,,,,,,,,,,,,,,,,,,,,,,,,,,,,,,,
1541,710079,0,,0,0,0,0,0,0,9,5000,,,,,,,,,,,,,,,,,,,,,,,,,,,,,,,,,,,,,,,,,,,,,,,,,,,,,,,,,,,,,,,,,,,,,,,,,,,,,,,,,,,,,,,,,,,,,,,,,,,,,,,,,
1542,710080,0,,0,0,0,0,0,0,9,6000,,,,,,,,,,,,,,,,,,,,,,,,,,,,,,,,,,,,,,,,,,,,,,,,,,,,,,,,,,,,,,,,,,,,,,,,,,,,,,,,,,,,,,,,,,,,,,,,,,,,,,,,,
1543,710081,0,,0,0,0,0,0,0,9,7000,,,,,,,,,,,,,,,,,,,,,,,,,,,,,,,,,,,,,,,,,,,,,,,,,,,,,,,,,,,,,,,,,,,,,,,,,,,,,,,,,,,,,,,,,,,,,,,,,,,,,,,,,
1544,710082,0,,0,0,0,0,0,0,9,8000,,,,,,,,,,,,,,,,,,,,,,,,,,,,,,,,,,,,,,,,,,,,,,,,,,,,,,,,,,,,,,,,,,,,,,,,,,,,,,,,,,,,,,,,,,,,,,,,,,,,,,,,,
1545,710083,0,,0,0,0,0,0,0,9,9000,,,,,,,,,,,,,,,,,,,,,,,,,,,,,,,,,,,,,,,,,,,,,,,,,,,,,,,,,,,,,,,,,,,,,,,,,,,,,,,,,,,,,,,,,,,,,,,,,,,,,,,,,
1546,710084,0,,0,0,0,0,0,0,9,10000,,,,,,,,,,,,,,,,,,,,,,,,,,,,,,,,,,,,,,,,,,,,,,,,,,,,,,,,,,,,,,,,,,,,,,,,,,,,,,,,,,,,,,,,,,,,,,,,,,,,,,,,,
1547,710085,0,,0,0,0,0,0,0,9,11000,,,,,,,,,,,,,,,,,,,,,,,,,,,,,,,,,,,,,,,,,,,,,,,,,,,,,,,,,,,,,,,,,,,,,,,,,,,,,,,,,,,,,,,,,,,,,,,,,,,,,,,,,
1548,710086,0,,0,0,0,0,0,0,9,12000,,,,,,,,,,,,,,,,,,,,,,,,,,,,,,,,,,,,,,,,,,,,,,,,,,,,,,,,,,,,,,,,,,,,,,,,,,,,,,,,,,,,,,,,,,,,,,,,,,,,,,,,,
1549,710087,0,,0,0,0,0,0,0,9,13000,,,,,,,,,,,,,,,,,,,,,,,,,,,,,,,,,,,,,,,,,,,,,,,,,,,,,,,,,,,,,,,,,,,,,,,,,,,,,,,,,,,,,,,,,,,,,,,,,,,,,,,,,
1550,710088,0,,0,0,0,0,0,0,9,14000,,,,,,,,,,,,,,,,,,,,,,,,,,,,,,,,,,,,,,,,,,,,,,,,,,,,,,,,,,,,,,,,,,,,,,,,,,,,,,,,,,,,,,,,,,,,,,,,,,,,,,,,,
1551,710089,0,,0,0,0,0,0,0,9,15000,,,,,,,,,,,,,,,,,,,,,,,,,,,,,,,,,,,,,,,,,,,,,,,,,,,,,,,,,,,,,,,,,,,,,,,,,,,,,,,,,,,,,,,,,,,,,,,,,,,,,,,,,
1566,600901,0,,0,0,0,0,0,0,0,0,400158,400159,400160,400161,400162,,,,,,,,,,,,,,,,,,,,,,,,,,,,,,,10,10,10,10,10,,,,,,,,,,,,,,,,,,,,,,,,,,,,,,,0,0,0,0,0,,,,,,,,,,,,,,,,,,,,,,,,,,,,,,
1567,600902,0,,0,0,0,0,0,0,0,0,400158,400159,400160,400161,400162,,,,,,,,,,,,,,,,,,,,,,,,,,,,,,,8,8,8,8,8,,,,,,,,,,,,,,,,,,,,,,,,,,,,,,,0,0,0,0,0,,,,,,,,,,,,,,,,,,,,,,,,,,,,,,
1568,600903,0,,0,0,0,0,0,0,0,0,400158,400159,400160,400161,400162,,,,,,,,,,,,,,,,,,,,,,,,,,,,,,,5,5,5,5,5,,,,,,,,,,,,,,,,,,,,,,,,,,,,,,,0,0,0,0,0,,,,,,,,,,,,,,,,,,,,,,,,,,,,,,
1569,600904,0,,0,0,0,0,0,0,0,0,400158,400159,400160,400161,400162,,,,,,,,,,,,,,,,,,,,,,,,,,,,,,,3,3,3,3,3,,,,,,,,,,,,,,,,,,,,,,,,,,,,,,,0,0,0,0,0,,,,,,,,,,,,,,,,,,,,,,,,,,,,,,
1570,600905,0,,0,0,0,0,0,0,0,0,400158,400159,400160,400161,400162,,,,,,,,,,,,,,,,,,,,,,,,,,,,,,,1,1,1,1,1,,,,,,,,,,,,,,,,,,,,,,,,,,,,,,,0,0,0,0,0,,,,,,,,,,,,,,,,,,,,,,,,,,,,,,
1571,600906,0,,0,0,0,0,0,0,0,0,259311,,,,,,,,,,,,,,,,,,,,,,,,,,,,,,,,,,,2,,,,,,,,,,,,,,,,,,,,,,,,,,,,,,,,,,,0,,,,,,,,,,,,,,,,,,,,,,,,,,,,,,,,,,
1572,600907,0,,0,0,0,0,0,0,0,0,259311,259310,,,,,,,,,,,,,,,,,,,,,,,,,,,,,,,,,,1,1,,,,,,,,,,,,,,,,,,,,,,,,,,,,,,,,,,0,0,,,,,,,,,,,,,,,,,,,,,,,,,,,,,,,,,
1573,600908,0,,0,0,0,0,0,0,0,0,259311,,,,,,,,,,,,,,,,,,,,,,,,,,,,,,,,,,,1,,,,,,,,,,,,,,,,,,,,,,,,,,,,,,,,,,,0,,,,,,,,,,,,,,,,,,,,,,,,,,,,,,,,,,
1574,600909,0,,0,0,0,0,0,0,0,0,259310,259308,259309,,,,,,,,,,,,,,,,,,,,,,,,,,,,,,,,,1,1,1,,,,,,,,,,,,,,,,,,,,,,,,,,,,,,,,,0,0,0,,,,,,,,,,,,,,,,,,,,,,,,,,,,,,,,
1575,600910,0,,0,0,0,0,0,0,0,0,259310,,,,,,,,,,,,,,,,,,,,,,,,,,,,,,,,,,,1,,,,,,,,,,,,,,,,,,,,,,,,,,,,,,,,,,,0,,,,,,,,,,,,,,,,,,,,,,,,,,,,,,,,,,
1576,600911,0,,0,0,0,0,0,0,0,0,600033,,,,,,,,,,,,,,,,,,,,,,,,,,,,,,,,,,,2,,,,,,,,,,,,,,,,,,,,,,,,,,,,,,,,,,,0,,,,,,,,,,,,,,,,,,,,,,,,,,,,,,,,,,
1577,600912,0,,0,0,0,0,0,0,0,0,600033,,,,,,,,,,,,,,,,,,,,,,,,,,,,,,,,,,,1,,,,,,,,,,,,,,,,,,,,,,,,,,,,,,,,,,,0,,,,,,,,,,,,,,,,,,,,,,,,,,,,,,,,,,
1578,600913,0,,0,0,0,0,0,0,0,0,600033,,,,,,,,,,,,,,,,,,,,,,,,,,,,,,,,,,,1,,,,,,,,,,,,,,,,,,,,,,,,,,,,,,,,,,,0,,,,,,,,,,,,,,,,,,,,,,,,,,,,,,,,,,
1579,600914,0,,0,0,0,0,0,0,0,0,710004,,,,,,,,,,,,,,,,,,,,,,,,,,,,,,,,,,,30,,,,,,,,,,,,,,,,,,,,,,,,,,,,,,,,,,,0,,,,,,,,,,,,,,,,,,,,,,,,,,,,,,,,,,
1580,600915,0,,0,0,0,0,0,0,0,0,710004,,,,,,,,,,,,,,,,,,,,,,,,,,,,,,,,,,,10,,,,,,,,,,,,,,,,,,,,,,,,,,,,,,,,,,,0,,,,,,,,,,,,,,,,,,,,,,,,,,,,,,,,,,
1581,810010,0,,0,0,7737,0,0,0,0,0,,,,,,,,,,,,,,,,,,,,,,,,,,,,,,,,,,,,,,,,,,,,,,,,,,,,,,,,,,,,,,,,,,,,,,,,,,,,,,,,,,,,,,,,,,,,,,,,,,,,,,,,,
1582,810011,0,,0,0,7738,0,0,0,0,0,,,,,,,,,,,,,,,,,,,,,,,,,,,,,,,,,,,,,,,,,,,,,,,,,,,,,,,,,,,,,,,,,,,,,,,,,,,,,,,,,,,,,,,,,,,,,,,,,,,,,,,,,
1583,810012,0,,0,0,0,0,0,0,0,0,710079,680700,259304,,,,,,,,,,,,,,,,,,,,,,,,,,,,,,,,,2,4,2,,,,,,,,,,,,,,,,,,,,,,,,,,,,,,,,,0,0,0,,,,,,,,,,,,,,,,,,,,,,,,,,,,,,,,
1584,240006,0,,0,0,0,0,0,0,2,1000000,,,,,,,,,,,,,,,,,,,,,,,,,,,,,,,,,,,,,,,,,,,,,,,,,,,,,,,,,,,,,,,,,,,,,,,,,,,,,,,,,,,,,,,,,,,,,,,,,,,,,,,,,
1587,921000,0,,0,0,7739,0,0,0,0,0,,,,,,,,,,,,,,,,,,,,,,,,,,,,,,,,,,,,,,,,,,,,,,,,,,,,,,,,,,,,,,,,,,,,,,,,,,,,,,,,,,,,,,,,,,,,,,,,,,,,,,,,,
1588,921001,0,,0,0,7740,0,0,0,0,0,,,,,,,,,,,,,,,,,,,,,,,,,,,,,,,,,,,,,,,,,,,,,,,,,,,,,,,,,,,,,,,,,,,,,,,,,,,,,,,,,,,,,,,,,,,,,,,,,,,,,,,,,
1589,921002,0,,0,0,7741,0,0,0,0,0,,,,,,,,,,,,,,,,,,,,,,,,,,,,,,,,,,,,,,,,,,,,,,,,,,,,,,,,,,,,,,,,,,,,,,,,,,,,,,,,,,,,,,,,,,,,,,,,,,,,,,,,,
1590,921003,0,,0,0,7742,0,0,0,0,0,,,,,,,,,,,,,,,,,,,,,,,,,,,,,,,,,,,,,,,,,,,,,,,,,,,,,,,,,,,,,,,,,,,,,,,,,,,,,,,,,,,,,,,,,,,,,,,,,,,,,,,,,
1591,922001,0,,0,0,7743,0,0,0,0,0,,,,,,,,,,,,,,,,,,,,,,,,,,,,,,,,,,,,,,,,,,,,,,,,,,,,,,,,,,,,,,,,,,,,,,,,,,,,,,,,,,,,,,,,,,,,,,,,,,,,,,,,,
1592,922002,0,,0,0,7744,0,0,0,0,0,,,,,,,,,,,,,,,,,,,,,,,,,,,,,,,,,,,,,,,,,,,,,,,,,,,,,,,,,,,,,,,,,,,,,,,,,,,,,,,,,,,,,,,,,,,,,,,,,,,,,,,,,
1593,922003,0,,0,0,7745,0,0,0,0,0,,,,,,,,,,,,,,,,,,,,,,,,,,,,,,,,,,,,,,,,,,,,,,,,,,,,,,,,,,,,,,,,,,,,,,,,,,,,,,,,,,,,,,,,,,,,,,,,,,,,,,,,,
1594,760001,0,,0,0,0,0,0,0,0,0,680700,,,,,,,,,,,,,,,,,,,,,,,,,,,,,,,,,,,50000,,,,,,,,,,,,,,,,,,,,,,,,,,,,,,,,,,,1,,,,,,,,,,,,,,,,,,,,,,,,,,,,,,,,,,
1595,760002,0,,0,0,0,0,0,0,0,0,680700,,,,,,,,,,,,,,,,,,,,,,,,,,,,,,,,,,,100000,,,,,,,,,,,,,,,,,,,,,,,,,,,,,,,,,,,1,,,,,,,,,,,,,,,,,,,,,,,,,,,,,,,,,,
1596,923001,0,,0,0,0,0,0,0,10,112545,,,,,,,,,,,,,,,,,,,,,,,,,,,,,,,,,,,,,,,,,,,,,,,,,,,,,,,,,,,,,,,,,,,,,,,,,,,,,,,,,,,,,,,,,,,,,,,,,,,,,,,,,
1597,923002,0,,0,0,0,0,0,0,10,252654,,,,,,,,,,,,,,,,,,,,,,,,,,,,,,,,,,,,,,,,,,,,,,,,,,,,,,,,,,,,,,,,,,,,,,,,,,,,,,,,,,,,,,,,,,,,,,,,,,,,,,,,,
1598,923003,0,,0,0,0,0,0,0,10,388642,,,,,,,,,,,,,,,,,,,,,,,,,,,,,,,,,,,,,,,,,,,,,,,,,,,,,,,,,,,,,,,,,,,,,,,,,,,,,,,,,,,,,,,,,,,,,,,,,,,,,,,,,
1599,923004,0,,0,0,0,0,0,0,10,20000000,,,,,,,,,,,,,,,,,,,,,,,,,,,,,,,,,,,,,,,,,,,,,,,,,,,,,,,,,,,,,,,,,,,,,,,,,,,,,,,,,,,,,,,,,,,,,,,,,,,,,,,,,
1600,923005,0,,0,0,0,0,0,0,10,100000000,,,,,,,,,,,,,,,,,,,,,,,,,,,,,,,,,,,,,,,,,,,,,,,,,,,,,,,,,,,,,,,,,,,,,,,,,,,,,,,,,,,,,,,,,,,,,,,,,,,,,,,,,
1601,923006,0,,0,0,0,0,0,0,10,5000000,,,,,,,,,,,,,,,,,,,,,,,,,,,,,,,,,,,,,,,,,,,,,,,,,,,,,,,,,,,,,,,,,,,,,,,,,,,,,,,,,,,,,,,,,,,,,,,,,,,,,,,,,
1602,922004,0,,0,0,7746,0,0,0,0,0,,,,,,,,,,,,,,,,,,,,,,,,,,,,,,,,,,,,,,,,,,,,,,,,,,,,,,,,,,,,,,,,,,,,,,,,,,,,,,,,,,,,,,,,,,,,,,,,,,,,,,,,,
1813,922008,0,,0,0,0,0,0,0,0,0,680006,,,,,,,,,,,,,,,,,,,,,,,,,,,,,,,,,,,500,,,,,,,,,,,,,,,,,,,,,,,,,,,,,,,,,,,1,,,,,,,,,,,,,,,,,,,,,,,,,,,,,,,,,,
1814,922009,0,,0,0,0,0,0,0,0,0,680007,,,,,,,,,,,,,,,,,,,,,,,,,,,,,,,,,,,500,,,,,,,,,,,,,,,,,,,,,,,,,,,,,,,,,,,1,,,,,,,,,,,,,,,,,,,,,,,,,,,,,,,,,,
1815,922010,0,,0,0,0,0,0,0,0,0,680008,,,,,,,,,,,,,,,,,,,,,,,,,,,,,,,,,,,500,,,,,,,,,,,,,,,,,,,,,,,,,,,,,,,,,,,1,,,,,,,,,,,,,,,,,,,,,,,,,,,,,,,,,,
1816,922011,0,,0,0,0,0,0,0,0,0,680009,,,,,,,,,,,,,,,,,,,,,,,,,,,,,,,,,,,500,,,,,,,,,,,,,,,,,,,,,,,,,,,,,,,,,,,1,,,,,,,,,,,,,,,,,,,,,,,,,,,,,,,,,,
1817,922012,0,,0,0,0,0,0,0,0,0,680010,,,,,,,,,,,,,,,,,,,,,,,,,,,,,,,,,,,500,,,,,,,,,,,,,,,,,,,,,,,,,,,,,,,,,,,1,,,,,,,,,,,,,,,,,,,,,,,,,,,,,,,,,,
1818,922013,0,,0,0,0,0,0,0,0,0,680011,,,,,,,,,,,,,,,,,,,,,,,,,,,,,,,,,,,500,,,,,,,,,,,,,,,,,,,,,,,,,,,,,,,,,,,1,,,,,,,,,,,,,,,,,,,,,,,,,,,,,,,,,,
1804,752001,0,,0,0,7977,0,0,0,0,0,,,,,,,,,,,,,,,,,,,,,,,,,,,,,,,,,,,,,,,,,,,,,,,,,,,,,,,,,,,,,,,,,,,,,,,,,,,,,,,,,,,,,,,,,,,,,,,,,,,,,,,,,
1805,752002,0,,0,0,7978,0,0,0,0,0,,,,,,,,,,,,,,,,,,,,,,,,,,,,,,,,,,,,,,,,,,,,,,,,,,,,,,,,,,,,,,,,,,,,,,,,,,,,,,,,,,,,,,,,,,,,,,,,,,,,,,,,,
1806,752003,0,,0,0,7979,0,0,0,0,0,,,,,,,,,,,,,,,,,,,,,,,,,,,,,,,,,,,,,,,,,,,,,,,,,,,,,,,,,,,,,,,,,,,,,,,,,,,,,,,,,,,,,,,,,,,,,,,,,,,,,,,,,
1807,752004,0,,0,0,7980,0,0,0,0,0,,,,,,,,,,,,,,,,,,,,,,,,,,,,,,,,,,,,,,,,,,,,,,,,,,,,,,,,,,,,,,,,,,,,,,,,,,,,,,,,,,,,,,,,,,,,,,,,,,,,,,,,,
1808,752005,0,,0,0,7981,0,0,0,0,0,,,,,,,,,,,,,,,,,,,,,,,,,,,,,,,,,,,,,,,,,,,,,,,,,,,,,,,,,,,,,,,,,,,,,,,,,,,,,,,,,,,,,,,,,,,,,,,,,,,,,,,,,
1809,752006,0,,0,0,7982,0,0,0,0,0,,,,,,,,,,,,,,,,,,,,,,,,,,,,,,,,,,,,,,,,,,,,,,,,,,,,,,,,,,,,,,,,,,,,,,,,,,,,,,,,,,,,,,,,,,,,,,,,,,,,,,,,,
1810,922005,0,,0,0,7747,0,0,0,0,0,,,,,,,,,,,,,,,,,,,,,,,,,,,,,,,,,,,,,,,,,,,,,,,,,,,,,,,,,,,,,,,,,,,,,,,,,,,,,,,,,,,,,,,,,,,,,,,,,,,,,,,,,
1819,752007,0,,0,0,0,0,0,0,0,0,351101,341111,331111,,,,,,,,,,,,,,,,,,,,,,,,,,,,,,,,,1,1,1,,,,,,,,,,,,,,,,,,,,,,,,,,,,,,,,,0,0,0,,,,,,,,,,,,,,,,,,,,,,,,,,,,,,,,
1820,752008,0,,0,0,0,0,0,0,0,0,351102,341111,331111,,,,,,,,,,,,,,,,,,,,,,,,,,,,,,,,,1,1,1,,,,,,,,,,,,,,,,,,,,,,,,,,,,,,,,,0,0,0,,,,,,,,,,,,,,,,,,,,,,,,,,,,,,,,
1821,752009,0,,0,0,0,0,0,0,0,0,351103,341111,331111,,,,,,,,,,,,,,,,,,,,,,,,,,,,,,,,,1,1,1,,,,,,,,,,,,,,,,,,,,,,,,,,,,,,,,,0,0,0,,,,,,,,,,,,,,,,,,,,,,,,,,,,,,,,
1822,752010,0,,0,0,0,0,0,0,0,0,351104,341111,331111,,,,,,,,,,,,,,,,,,,,,,,,,,,,,,,,,1,1,1,,,,,,,,,,,,,,,,,,,,,,,,,,,,,,,,,0,0,0,,,,,,,,,,,,,,,,,,,,,,,,,,,,,,,,
1823,752011,0,,0,0,0,0,0,0,0,0,351105,341111,331111,,,,,,,,,,,,,,,,,,,,,,,,,,,,,,,,,1,1,1,,,,,,,,,,,,,,,,,,,,,,,,,,,,,,,,,0,0,0,,,,,,,,,,,,,,,,,,,,,,,,,,,,,,,,
1824,752012,0,,0,0,0,0,0,0,0,0,351106,341111,331111,,,,,,,,,,,,,,,,,,,,,,,,,,,,,,,,,1,1,1,,,,,,,,,,,,,,,,,,,,,,,,,,,,,,,,,0,0,0,,,,,,,,,,,,,,,,,,,,,,,,,,,,,,,,
1825,752013,0,,0,0,0,0,0,0,0,0,351107,341111,331111,,,,,,,,,,,,,,,,,,,,,,,,,,,,,,,,,1,1,1,,,,,,,,,,,,,,,,,,,,,,,,,,,,,,,,,0,0,0,,,,,,,,,,,,,,,,,,,,,,,,,,,,,,,,
1826,752014,0,,0,0,0,0,0,0,0,0,351108,341111,331111,,,,,,,,,,,,,,,,,,,,,,,,,,,,,,,,,1,1,1,,,,,,,,,,,,,,,,,,,,,,,,,,,,,,,,,0,0,0,,,,,,,,,,,,,,,,,,,,,,,,,,,,,,,,
1827,752015,0,,0,0,0,0,0,0,0,0,351109,341111,331111,,,,,,,,,,,,,,,,,,,,,,,,,,,,,,,,,1,1,1,,,,,,,,,,,,,,,,,,,,,,,,,,,,,,,,,0,0,0,,,,,,,,,,,,,,,,,,,,,,,,,,,,,,,,
1828,752016,0,,0,0,0,0,0,0,0,0,351110,341111,331111,,,,,,,,,,,,,,,,,,,,,,,,,,,,,,,,,1,1,1,,,,,,,,,,,,,,,,,,,,,,,,,,,,,,,,,0,0,0,,,,,,,,,,,,,,,,,,,,,,,,,,,,,,,,
1829,752017,0,,0,0,0,0,0,0,0,0,351111,341111,331111,,,,,,,,,,,,,,,,,,,,,,,,,,,,,,,,,1,1,1,,,,,,,,,,,,,,,,,,,,,,,,,,,,,,,,,0,0,0,,,,,,,,,,,,,,,,,,,,,,,,,,,,,,,,
1830,752018,0,,0,0,0,0,0,0,0,0,351112,341111,331111,,,,,,,,,,,,,,,,,,,,,,,,,,,,,,,,,1,1,1,,,,,,,,,,,,,,,,,,,,,,,,,,,,,,,,,0,0,0,,,,,,,,,,,,,,,,,,,,,,,,,,,,,,,,
1831,752019,0,,0,0,0,0,0,0,0,0,351113,341111,331111,,,,,,,,,,,,,,,,,,,,,,,,,,,,,,,,,1,1,1,,,,,,,,,,,,,,,,,,,,,,,,,,,,,,,,,0,0,0,,,,,,,,,,,,,,,,,,,,,,,,,,,,,,,,
1832,752020,0,,0,0,0,0,0,0,0,0,351114,341111,331111,,,,,,,,,,,,,,,,,,,,,,,,,,,,,,,,,1,1,1,,,,,,,,,,,,,,,,,,,,,,,,,,,,,,,,,0,0,0,,,,,,,,,,,,,,,,,,,,,,,,,,,,,,,,
1833,752021,0,,0,0,0,0,0,0,0,0,351115,341111,331111,,,,,,,,,,,,,,,,,,,,,,,,,,,,,,,,,1,1,1,,,,,,,,,,,,,,,,,,,,,,,,,,,,,,,,,0,0,0,,,,,,,,,,,,,,,,,,,,,,,,,,,,,,,,
1834,752022,0,,0,0,0,0,0,0,0,0,351116,341111,331111,,,,,,,,,,,,,,,,,,,,,,,,,,,,,,,,,1,1,1,,,,,,,,,,,,,,,,,,,,,,,,,,,,,,,,,0,0,0,,,,,,,,,,,,,,,,,,,,,,,,,,,,,,,,
1835,752023,0,,0,0,0,0,0,0,0,0,351117,341111,331111,,,,,,,,,,,,,,,,,,,,,,,,,,,,,,,,,1,1,1,,,,,,,,,,,,,,,,,,,,,,,,,,,,,,,,,0,0,0,,,,,,,,,,,,,,,,,,,,,,,,,,,,,,,,
1836,752024,0,,0,0,0,0,0,0,0,0,351118,341111,331141,,,,,,,,,,,,,,,,,,,,,,,,,,,,,,,,,1,1,1,,,,,,,,,,,,,,,,,,,,,,,,,,,,,,,,,0,0,0,,,,,,,,,,,,,,,,,,,,,,,,,,,,,,,,
1837,752025,0,,0,0,0,0,0,0,0,0,351119,341111,331141,,,,,,,,,,,,,,,,,,,,,,,,,,,,,,,,,1,1,1,,,,,,,,,,,,,,,,,,,,,,,,,,,,,,,,,0,0,0,,,,,,,,,,,,,,,,,,,,,,,,,,,,,,,,
1838,752026,0,,0,0,0,0,0,0,0,0,351120,341111,331141,,,,,,,,,,,,,,,,,,,,,,,,,,,,,,,,,1,1,1,,,,,,,,,,,,,,,,,,,,,,,,,,,,,,,,,0,0,0,,,,,,,,,,,,,,,,,,,,,,,,,,,,,,,,
1839,752027,0,,0,0,0,0,0,0,0,0,351121,341111,331141,,,,,,,,,,,,,,,,,,,,,,,,,,,,,,,,,1,1,1,,,,,,,,,,,,,,,,,,,,,,,,,,,,,,,,,0,0,0,,,,,,,,,,,,,,,,,,,,,,,,,,,,,,,,
1840,752028,0,,0,0,0,0,0,0,0,0,351122,341111,331171,,,,,,,,,,,,,,,,,,,,,,,,,,,,,,,,,1,1,1,,,,,,,,,,,,,,,,,,,,,,,,,,,,,,,,,0,0,0,,,,,,,,,,,,,,,,,,,,,,,,,,,,,,,,
1841,752029,0,,0,0,0,0,0,0,0,0,351123,341111,331171,,,,,,,,,,,,,,,,,,,,,,,,,,,,,,,,,1,1,1,,,,,,,,,,,,,,,,,,,,,,,,,,,,,,,,,0,0,0,,,,,,,,,,,,,,,,,,,,,,,,,,,,,,,,
1842,752030,0,,0,0,0,0,0,0,0,0,351124,341111,331171,,,,,,,,,,,,,,,,,,,,,,,,,,,,,,,,,1,1,1,,,,,,,,,,,,,,,,,,,,,,,,,,,,,,,,,0,0,0,,,,,,,,,,,,,,,,,,,,,,,,,,,,,,,,
1843,752031,0,,0,0,0,0,0,0,0,0,351200,341112,331112,,,,,,,,,,,,,,,,,,,,,,,,,,,,,,,,,1,1,1,,,,,,,,,,,,,,,,,,,,,,,,,,,,,,,,,0,0,0,,,,,,,,,,,,,,,,,,,,,,,,,,,,,,,,
1844,752032,0,,0,0,0,0,0,0,0,0,351201,341112,331112,,,,,,,,,,,,,,,,,,,,,,,,,,,,,,,,,1,1,1,,,,,,,,,,,,,,,,,,,,,,,,,,,,,,,,,0,0,0,,,,,,,,,,,,,,,,,,,,,,,,,,,,,,,,
1845,752033,0,,0,0,0,0,0,0,0,0,351202,341112,331112,,,,,,,,,,,,,,,,,,,,,,,,,,,,,,,,,1,1,1,,,,,,,,,,,,,,,,,,,,,,,,,,,,,,,,,0,0,0,,,,,,,,,,,,,,,,,,,,,,,,,,,,,,,,
1846,752034,0,,0,0,0,0,0,0,0,0,351203,341112,331112,,,,,,,,,,,,,,,,,,,,,,,,,,,,,,,,,1,1,1,,,,,,,,,,,,,,,,,,,,,,,,,,,,,,,,,0,0,0,,,,,,,,,,,,,,,,,,,,,,,,,,,,,,,,
1847,752035,0,,0,0,0,0,0,0,0,0,351204,341112,331112,,,,,,,,,,,,,,,,,,,,,,,,,,,,,,,,,1,1,1,,,,,,,,,,,,,,,,,,,,,,,,,,,,,,,,,0,0,0,,,,,,,,,,,,,,,,,,,,,,,,,,,,,,,,
1848,752036,0,,0,0,0,0,0,0,0,0,351205,341112,331112,,,,,,,,,,,,,,,,,,,,,,,,,,,,,,,,,1,1,1,,,,,,,,,,,,,,,,,,,,,,,,,,,,,,,,,0,0,0,,,,,,,,,,,,,,,,,,,,,,,,,,,,,,,,
1849,752037,0,,0,0,0,0,0,0,0,0,351206,341112,331112,,,,,,,,,,,,,,,,,,,,,,,,,,,,,,,,,1,1,1,,,,,,,,,,,,,,,,,,,,,,,,,,,,,,,,,0,0,0,,,,,,,,,,,,,,,,,,,,,,,,,,,,,,,,
1850,752038,0,,0,0,0,0,0,0,0,0,351207,341112,331112,,,,,,,,,,,,,,,,,,,,,,,,,,,,,,,,,1,1,1,,,,,,,,,,,,,,,,,,,,,,,,,,,,,,,,,0,0,0,,,,,,,,,,,,,,,,,,,,,,,,,,,,,,,,
1851,752039,0,,0,0,0,0,0,0,0,0,351208,341112,331112,,,,,,,,,,,,,,,,,,,,,,,,,,,,,,,,,1,1,1,,,,,,,,,,,,,,,,,,,,,,,,,,,,,,,,,0,0,0,,,,,,,,,,,,,,,,,,,,,,,,,,,,,,,,
1852,752040,0,,0,0,0,0,0,0,0,0,351209,341112,331112,,,,,,,,,,,,,,,,,,,,,,,,,,,,,,,,,1,1,1,,,,,,,,,,,,,,,,,,,,,,,,,,,,,,,,,0,0,0,,,,,,,,,,,,,,,,,,,,,,,,,,,,,,,,
1853,752041,0,,0,0,0,0,0,0,0,0,351210,341112,331112,,,,,,,,,,,,,,,,,,,,,,,,,,,,,,,,,1,1,1,,,,,,,,,,,,,,,,,,,,,,,,,,,,,,,,,0,0,0,,,,,,,,,,,,,,,,,,,,,,,,,,,,,,,,
1854,752042,0,,0,0,0,0,0,0,0,0,351211,341112,331112,,,,,,,,,,,,,,,,,,,,,,,,,,,,,,,,,1,1,1,,,,,,,,,,,,,,,,,,,,,,,,,,,,,,,,,0,0,0,,,,,,,,,,,,,,,,,,,,,,,,,,,,,,,,
1855,752043,0,,0,0,0,0,0,0,0,0,351212,341112,331112,,,,,,,,,,,,,,,,,,,,,,,,,,,,,,,,,1,1,1,,,,,,,,,,,,,,,,,,,,,,,,,,,,,,,,,0,0,0,,,,,,,,,,,,,,,,,,,,,,,,,,,,,,,,
1856,752044,0,,0,0,0,0,0,0,0,0,351213,341112,331112,,,,,,,,,,,,,,,,,,,,,,,,,,,,,,,,,1,1,1,,,,,,,,,,,,,,,,,,,,,,,,,,,,,,,,,0,0,0,,,,,,,,,,,,,,,,,,,,,,,,,,,,,,,,
1857,752045,0,,0,0,0,0,0,0,0,0,351214,341112,331112,,,,,,,,,,,,,,,,,,,,,,,,,,,,,,,,,1,1,1,,,,,,,,,,,,,,,,,,,,,,,,,,,,,,,,,0,0,0,,,,,,,,,,,,,,,,,,,,,,,,,,,,,,,,
1858,752046,0,,0,0,0,0,0,0,0,0,351215,341112,331112,,,,,,,,,,,,,,,,,,,,,,,,,,,,,,,,,1,1,1,,,,,,,,,,,,,,,,,,,,,,,,,,,,,,,,,0,0,0,,,,,,,,,,,,,,,,,,,,,,,,,,,,,,,,
1859,752047,0,,0,0,0,0,0,0,0,0,351216,341112,331112,,,,,,,,,,,,,,,,,,,,,,,,,,,,,,,,,1,1,1,,,,,,,,,,,,,,,,,,,,,,,,,,,,,,,,,0,0,0,,,,,,,,,,,,,,,,,,,,,,,,,,,,,,,,
1860,752048,0,,0,0,0,0,0,0,0,0,351217,341112,331142,,,,,,,,,,,,,,,,,,,,,,,,,,,,,,,,,1,1,1,,,,,,,,,,,,,,,,,,,,,,,,,,,,,,,,,0,0,0,,,,,,,,,,,,,,,,,,,,,,,,,,,,,,,,
1861,752049,0,,0,0,0,0,0,0,0,0,351218,341112,331142,,,,,,,,,,,,,,,,,,,,,,,,,,,,,,,,,1,1,1,,,,,,,,,,,,,,,,,,,,,,,,,,,,,,,,,0,0,0,,,,,,,,,,,,,,,,,,,,,,,,,,,,,,,,
1862,752050,0,,0,0,0,0,0,0,0,0,351219,341112,331142,,,,,,,,,,,,,,,,,,,,,,,,,,,,,,,,,1,1,1,,,,,,,,,,,,,,,,,,,,,,,,,,,,,,,,,0,0,0,,,,,,,,,,,,,,,,,,,,,,,,,,,,,,,,
1863,752051,0,,0,0,0,0,0,0,0,0,351220,341112,331142,,,,,,,,,,,,,,,,,,,,,,,,,,,,,,,,,1,1,1,,,,,,,,,,,,,,,,,,,,,,,,,,,,,,,,,0,0,0,,,,,,,,,,,,,,,,,,,,,,,,,,,,,,,,
1864,752052,0,,0,0,0,0,0,0,0,0,351221,341112,331172,,,,,,,,,,,,,,,,,,,,,,,,,,,,,,,,,1,1,1,,,,,,,,,,,,,,,,,,,,,,,,,,,,,,,,,0,0,0,,,,,,,,,,,,,,,,,,,,,,,,,,,,,,,,
1865,752053,0,,0,0,0,0,0,0,0,0,351222,341112,331172,,,,,,,,,,,,,,,,,,,,,,,,,,,,,,,,,1,1,1,,,,,,,,,,,,,,,,,,,,,,,,,,,,,,,,,0,0,0,,,,,,,,,,,,,,,,,,,,,,,,,,,,,,,,
1866,752054,0,,0,0,0,0,0,0,0,0,351223,341112,331172,,,,,,,,,,,,,,,,,,,,,,,,,,,,,,,,,1,1,1,,,,,,,,,,,,,,,,,,,,,,,,,,,,,,,,,0,0,0,,,,,,,,,,,,,,,,,,,,,,,,,,,,,,,,
1867,752055,0,,0,0,0,0,0,0,0,0,351300,341113,331113,,,,,,,,,,,,,,,,,,,,,,,,,,,,,,,,,1,1,1,,,,,,,,,,,,,,,,,,,,,,,,,,,,,,,,,0,0,0,,,,,,,,,,,,,,,,,,,,,,,,,,,,,,,,
1868,752056,0,,0,0,0,0,0,0,0,0,351301,341113,331113,,,,,,,,,,,,,,,,,,,,,,,,,,,,,,,,,1,1,1,,,,,,,,,,,,,,,,,,,,,,,,,,,,,,,,,0,0,0,,,,,,,,,,,,,,,,,,,,,,,,,,,,,,,,
1869,752057,0,,0,0,0,0,0,0,0,0,351302,341113,331113,,,,,,,,,,,,,,,,,,,,,,,,,,,,,,,,,1,1,1,,,,,,,,,,,,,,,,,,,,,,,,,,,,,,,,,0,0,0,,,,,,,,,,,,,,,,,,,,,,,,,,,,,,,,
1870,752058,0,,0,0,0,0,0,0,0,0,351303,341113,331113,,,,,,,,,,,,,,,,,,,,,,,,,,,,,,,,,1,1,1,,,,,,,,,,,,,,,,,,,,,,,,,,,,,,,,,0,0,0,,,,,,,,,,,,,,,,,,,,,,,,,,,,,,,,
1871,752059,0,,0,0,0,0,0,0,0,0,351304,341113,331113,,,,,,,,,,,,,,,,,,,,,,,,,,,,,,,,,1,1,1,,,,,,,,,,,,,,,,,,,,,,,,,,,,,,,,,0,0,0,,,,,,,,,,,,,,,,,,,,,,,,,,,,,,,,
1872,752060,0,,0,0,0,0,0,0,0,0,351305,341113,331113,,,,,,,,,,,,,,,,,,,,,,,,,,,,,,,,,1,1,1,,,,,,,,,,,,,,,,,,,,,,,,,,,,,,,,,0,0,0,,,,,,,,,,,,,,,,,,,,,,,,,,,,,,,,
1873,752061,0,,0,0,0,0,0,0,0,0,351306,341113,331113,,,,,,,,,,,,,,,,,,,,,,,,,,,,,,,,,1,1,1,,,,,,,,,,,,,,,,,,,,,,,,,,,,,,,,,0,0,0,,,,,,,,,,,,,,,,,,,,,,,,,,,,,,,,
1874,752062,0,,0,0,0,0,0,0,0,0,351307,341113,331113,,,,,,,,,,,,,,,,,,,,,,,,,,,,,,,,,1,1,1,,,,,,,,,,,,,,,,,,,,,,,,,,,,,,,,,0,0,0,,,,,,,,,,,,,,,,,,,,,,,,,,,,,,,,
1875,752063,0,,0,0,0,0,0,0,0,0,351308,341113,331113,,,,,,,,,,,,,,,,,,,,,,,,,,,,,,,,,1,1,1,,,,,,,,,,,,,,,,,,,,,,,,,,,,,,,,,0,0,0,,,,,,,,,,,,,,,,,,,,,,,,,,,,,,,,
1876,752064,0,,0,0,0,0,0,0,0,0,351309,341113,331113,,,,,,,,,,,,,,,,,,,,,,,,,,,,,,,,,1,1,1,,,,,,,,,,,,,,,,,,,,,,,,,,,,,,,,,0,0,0,,,,,,,,,,,,,,,,,,,,,,,,,,,,,,,,
1877,752065,0,,0,0,0,0,0,0,0,0,351310,341113,331113,,,,,,,,,,,,,,,,,,,,,,,,,,,,,,,,,1,1,1,,,,,,,,,,,,,,,,,,,,,,,,,,,,,,,,,0,0,0,,,,,,,,,,,,,,,,,,,,,,,,,,,,,,,,
1878,752066,0,,0,0,0,0,0,0,0,0,351311,341113,331113,,,,,,,,,,,,,,,,,,,,,,,,,,,,,,,,,1,1,1,,,,,,,,,,,,,,,,,,,,,,,,,,,,,,,,,0,0,0,,,,,,,,,,,,,,,,,,,,,,,,,,,,,,,,
1879,752067,0,,0,0,0,0,0,0,0,0,351312,341113,331113,,,,,,,,,,,,,,,,,,,,,,,,,,,,,,,,,1,1,1,,,,,,,,,,,,,,,,,,,,,,,,,,,,,,,,,0,0,0,,,,,,,,,,,,,,,,,,,,,,,,,,,,,,,,
1880,752068,0,,0,0,0,0,0,0,0,0,351313,341113,331113,,,,,,,,,,,,,,,,,,,,,,,,,,,,,,,,,1,1,1,,,,,,,,,,,,,,,,,,,,,,,,,,,,,,,,,0,0,0,,,,,,,,,,,,,,,,,,,,,,,,,,,,,,,,
1881,752069,0,,0,0,0,0,0,0,0,0,351314,341113,331113,,,,,,,,,,,,,,,,,,,,,,,,,,,,,,,,,1,1,1,,,,,,,,,,,,,,,,,,,,,,,,,,,,,,,,,0,0,0,,,,,,,,,,,,,,,,,,,,,,,,,,,,,,,,
1882,752070,0,,0,0,0,0,0,0,0,0,351315,341113,331113,,,,,,,,,,,,,,,,,,,,,,,,,,,,,,,,,1,1,1,,,,,,,,,,,,,,,,,,,,,,,,,,,,,,,,,0,0,0,,,,,,,,,,,,,,,,,,,,,,,,,,,,,,,,
1883,752071,0,,0,0,0,0,0,0,0,0,351316,341113,331113,,,,,,,,,,,,,,,,,,,,,,,,,,,,,,,,,1,1,1,,,,,,,,,,,,,,,,,,,,,,,,,,,,,,,,,0,0,0,,,,,,,,,,,,,,,,,,,,,,,,,,,,,,,,
1884,752072,0,,0,0,0,0,0,0,0,0,351317,341113,331143,,,,,,,,,,,,,,,,,,,,,,,,,,,,,,,,,1,1,1,,,,,,,,,,,,,,,,,,,,,,,,,,,,,,,,,0,0,0,,,,,,,,,,,,,,,,,,,,,,,,,,,,,,,,
1885,752073,0,,0,0,0,0,0,0,0,0,351318,341113,331143,,,,,,,,,,,,,,,,,,,,,,,,,,,,,,,,,1,1,1,,,,,,,,,,,,,,,,,,,,,,,,,,,,,,,,,0,0,0,,,,,,,,,,,,,,,,,,,,,,,,,,,,,,,,
1886,752074,0,,0,0,0,0,0,0,0,0,351319,341113,331143,,,,,,,,,,,,,,,,,,,,,,,,,,,,,,,,,1,1,1,,,,,,,,,,,,,,,,,,,,,,,,,,,,,,,,,0,0,0,,,,,,,,,,,,,,,,,,,,,,,,,,,,,,,,
1887,752075,0,,0,0,0,0,0,0,0,0,351320,341113,331143,,,,,,,,,,,,,,,,,,,,,,,,,,,,,,,,,1,1,1,,,,,,,,,,,,,,,,,,,,,,,,,,,,,,,,,0,0,0,,,,,,,,,,,,,,,,,,,,,,,,,,,,,,,,
1888,752076,0,,0,0,0,0,0,0,0,0,351321,341113,331173,,,,,,,,,,,,,,,,,,,,,,,,,,,,,,,,,1,1,1,,,,,,,,,,,,,,,,,,,,,,,,,,,,,,,,,0,0,0,,,,,,,,,,,,,,,,,,,,,,,,,,,,,,,,
1889,752077,0,,0,0,0,0,0,0,0,0,351322,341113,331173,,,,,,,,,,,,,,,,,,,,,,,,,,,,,,,,,1,1,1,,,,,,,,,,,,,,,,,,,,,,,,,,,,,,,,,0,0,0,,,,,,,,,,,,,,,,,,,,,,,,,,,,,,,,
1890,752078,0,,0,0,0,0,0,0,0,0,351323,341113,331173,,,,,,,,,,,,,,,,,,,,,,,,,,,,,,,,,1,1,1,,,,,,,,,,,,,,,,,,,,,,,,,,,,,,,,,0,0,0,,,,,,,,,,,,,,,,,,,,,,,,,,,,,,,,
1891,752079,0,,0,0,0,0,0,0,0,0,351400,341114,331114,,,,,,,,,,,,,,,,,,,,,,,,,,,,,,,,,1,1,1,,,,,,,,,,,,,,,,,,,,,,,,,,,,,,,,,0,0,0,,,,,,,,,,,,,,,,,,,,,,,,,,,,,,,,
1892,752080,0,,0,0,0,0,0,0,0,0,351401,341114,331114,,,,,,,,,,,,,,,,,,,,,,,,,,,,,,,,,1,1,1,,,,,,,,,,,,,,,,,,,,,,,,,,,,,,,,,0,0,0,,,,,,,,,,,,,,,,,,,,,,,,,,,,,,,,
1893,752081,0,,0,0,0,0,0,0,0,0,351402,341114,331114,,,,,,,,,,,,,,,,,,,,,,,,,,,,,,,,,1,1,1,,,,,,,,,,,,,,,,,,,,,,,,,,,,,,,,,0,0,0,,,,,,,,,,,,,,,,,,,,,,,,,,,,,,,,
1894,752082,0,,0,0,0,0,0,0,0,0,351403,341114,331114,,,,,,,,,,,,,,,,,,,,,,,,,,,,,,,,,1,1,1,,,,,,,,,,,,,,,,,,,,,,,,,,,,,,,,,0,0,0,,,,,,,,,,,,,,,,,,,,,,,,,,,,,,,,
1895,752083,0,,0,0,0,0,0,0,0,0,351404,341114,331114,,,,,,,,,,,,,,,,,,,,,,,,,,,,,,,,,1,1,1,,,,,,,,,,,,,,,,,,,,,,,,,,,,,,,,,0,0,0,,,,,,,,,,,,,,,,,,,,,,,,,,,,,,,,
1896,752084,0,,0,0,0,0,0,0,0,0,351405,341114,331114,,,,,,,,,,,,,,,,,,,,,,,,,,,,,,,,,1,1,1,,,,,,,,,,,,,,,,,,,,,,,,,,,,,,,,,0,0,0,,,,,,,,,,,,,,,,,,,,,,,,,,,,,,,,
1897,752085,0,,0,0,0,0,0,0,0,0,351406,341114,331114,,,,,,,,,,,,,,,,,,,,,,,,,,,,,,,,,1,1,1,,,,,,,,,,,,,,,,,,,,,,,,,,,,,,,,,0,0,0,,,,,,,,,,,,,,,,,,,,,,,,,,,,,,,,
1898,752086,0,,0,0,0,0,0,0,0,0,351407,341114,331114,,,,,,,,,,,,,,,,,,,,,,,,,,,,,,,,,1,1,1,,,,,,,,,,,,,,,,,,,,,,,,,,,,,,,,,0,0,0,,,,,,,,,,,,,,,,,,,,,,,,,,,,,,,,
1899,752087,0,,0,0,0,0,0,0,0,0,351408,341114,331114,,,,,,,,,,,,,,,,,,,,,,,,,,,,,,,,,1,1,1,,,,,,,,,,,,,,,,,,,,,,,,,,,,,,,,,0,0,0,,,,,,,,,,,,,,,,,,,,,,,,,,,,,,,,
1900,752088,0,,0,0,0,0,0,0,0,0,351409,341114,331114,,,,,,,,,,,,,,,,,,,,,,,,,,,,,,,,,1,1,1,,,,,,,,,,,,,,,,,,,,,,,,,,,,,,,,,0,0,0,,,,,,,,,,,,,,,,,,,,,,,,,,,,,,,,
1901,752089,0,,0,0,0,0,0,0,0,0,351410,341114,331114,,,,,,,,,,,,,,,,,,,,,,,,,,,,,,,,,1,1,1,,,,,,,,,,,,,,,,,,,,,,,,,,,,,,,,,0,0,0,,,,,,,,,,,,,,,,,,,,,,,,,,,,,,,,
1902,752090,0,,0,0,0,0,0,0,0,0,351411,341114,331114,,,,,,,,,,,,,,,,,,,,,,,,,,,,,,,,,1,1,1,,,,,,,,,,,,,,,,,,,,,,,,,,,,,,,,,0,0,0,,,,,,,,,,,,,,,,,,,,,,,,,,,,,,,,
1903,752091,0,,0,0,0,0,0,0,0,0,351412,341114,331114,,,,,,,,,,,,,,,,,,,,,,,,,,,,,,,,,1,1,1,,,,,,,,,,,,,,,,,,,,,,,,,,,,,,,,,0,0,0,,,,,,,,,,,,,,,,,,,,,,,,,,,,,,,,
1904,752092,0,,0,0,0,0,0,0,0,0,351413,341114,331114,,,,,,,,,,,,,,,,,,,,,,,,,,,,,,,,,1,1,1,,,,,,,,,,,,,,,,,,,,,,,,,,,,,,,,,0,0,0,,,,,,,,,,,,,,,,,,,,,,,,,,,,,,,,
1905,752093,0,,0,0,0,0,0,0,0,0,351414,341114,331114,,,,,,,,,,,,,,,,,,,,,,,,,,,,,,,,,1,1,1,,,,,,,,,,,,,,,,,,,,,,,,,,,,,,,,,0,0,0,,,,,,,,,,,,,,,,,,,,,,,,,,,,,,,,
1906,752094,0,,0,0,0,0,0,0,0,0,351415,341114,331114,,,,,,,,,,,,,,,,,,,,,,,,,,,,,,,,,1,1,1,,,,,,,,,,,,,,,,,,,,,,,,,,,,,,,,,0,0,0,,,,,,,,,,,,,,,,,,,,,,,,,,,,,,,,
1907,752095,0,,0,0,0,0,0,0,0,0,351416,341114,331114,,,,,,,,,,,,,,,,,,,,,,,,,,,,,,,,,1,1,1,,,,,,,,,,,,,,,,,,,,,,,,,,,,,,,,,0,0,0,,,,,,,,,,,,,,,,,,,,,,,,,,,,,,,,
1908,752096,0,,0,0,0,0,0,0,0,0,351417,341114,331144,,,,,,,,,,,,,,,,,,,,,,,,,,,,,,,,,1,1,1,,,,,,,,,,,,,,,,,,,,,,,,,,,,,,,,,0,0,0,,,,,,,,,,,,,,,,,,,,,,,,,,,,,,,,
1909,752097,0,,0,0,0,0,0,0,0,0,351418,341114,331144,,,,,,,,,,,,,,,,,,,,,,,,,,,,,,,,,1,1,1,,,,,,,,,,,,,,,,,,,,,,,,,,,,,,,,,0,0,0,,,,,,,,,,,,,,,,,,,,,,,,,,,,,,,,
1910,752098,0,,0,0,0,0,0,0,0,0,351419,341114,331144,,,,,,,,,,,,,,,,,,,,,,,,,,,,,,,,,1,1,1,,,,,,,,,,,,,,,,,,,,,,,,,,,,,,,,,0,0,0,,,,,,,,,,,,,,,,,,,,,,,,,,,,,,,,
1911,752099,0,,0,0,0,0,0,0,0,0,351420,341114,331144,,,,,,,,,,,,,,,,,,,,,,,,,,,,,,,,,1,1,1,,,,,,,,,,,,,,,,,,,,,,,,,,,,,,,,,0,0,0,,,,,,,,,,,,,,,,,,,,,,,,,,,,,,,,
1912,752100,0,,0,0,0,0,0,0,0,0,351421,341114,331174,,,,,,,,,,,,,,,,,,,,,,,,,,,,,,,,,1,1,1,,,,,,,,,,,,,,,,,,,,,,,,,,,,,,,,,0,0,0,,,,,,,,,,,,,,,,,,,,,,,,,,,,,,,,
1913,752101,0,,0,0,0,0,0,0,0,0,351422,341114,331174,,,,,,,,,,,,,,,,,,,,,,,,,,,,,,,,,1,1,1,,,,,,,,,,,,,,,,,,,,,,,,,,,,,,,,,0,0,0,,,,,,,,,,,,,,,,,,,,,,,,,,,,,,,,
1914,752102,0,,0,0,0,0,0,0,0,0,351423,341114,331174,,,,,,,,,,,,,,,,,,,,,,,,,,,,,,,,,1,1,1,,,,,,,,,,,,,,,,,,,,,,,,,,,,,,,,,0,0,0,,,,,,,,,,,,,,,,,,,,,,,,,,,,,,,,
1915,752103,0,,0,0,0,0,0,0,0,0,351500,341115,331115,,,,,,,,,,,,,,,,,,,,,,,,,,,,,,,,,1,1,1,,,,,,,,,,,,,,,,,,,,,,,,,,,,,,,,,0,0,0,,,,,,,,,,,,,,,,,,,,,,,,,,,,,,,,
1916,752104,0,,0,0,0,0,0,0,0,0,351501,341115,331115,,,,,,,,,,,,,,,,,,,,,,,,,,,,,,,,,1,1,1,,,,,,,,,,,,,,,,,,,,,,,,,,,,,,,,,0,0,0,,,,,,,,,,,,,,,,,,,,,,,,,,,,,,,,
1917,752105,0,,0,0,0,0,0,0,0,0,351502,341115,331115,,,,,,,,,,,,,,,,,,,,,,,,,,,,,,,,,1,1,1,,,,,,,,,,,,,,,,,,,,,,,,,,,,,,,,,0,0,0,,,,,,,,,,,,,,,,,,,,,,,,,,,,,,,,
1918,752106,0,,0,0,0,0,0,0,0,0,351503,341115,331115,,,,,,,,,,,,,,,,,,,,,,,,,,,,,,,,,1,1,1,,,,,,,,,,,,,,,,,,,,,,,,,,,,,,,,,0,0,0,,,,,,,,,,,,,,,,,,,,,,,,,,,,,,,,
1919,752107,0,,0,0,0,0,0,0,0,0,351504,341115,331115,,,,,,,,,,,,,,,,,,,,,,,,,,,,,,,,,1,1,1,,,,,,,,,,,,,,,,,,,,,,,,,,,,,,,,,0,0,0,,,,,,,,,,,,,,,,,,,,,,,,,,,,,,,,
1920,752108,0,,0,0,0,0,0,0,0,0,351505,341115,331115,,,,,,,,,,,,,,,,,,,,,,,,,,,,,,,,,1,1,1,,,,,,,,,,,,,,,,,,,,,,,,,,,,,,,,,0,0,0,,,,,,,,,,,,,,,,,,,,,,,,,,,,,,,,
1921,752109,0,,0,0,0,0,0,0,0,0,351506,341115,331115,,,,,,,,,,,,,,,,,,,,,,,,,,,,,,,,,1,1,1,,,,,,,,,,,,,,,,,,,,,,,,,,,,,,,,,0,0,0,,,,,,,,,,,,,,,,,,,,,,,,,,,,,,,,
1922,752110,0,,0,0,0,0,0,0,0,0,351507,341115,331115,,,,,,,,,,,,,,,,,,,,,,,,,,,,,,,,,1,1,1,,,,,,,,,,,,,,,,,,,,,,,,,,,,,,,,,0,0,0,,,,,,,,,,,,,,,,,,,,,,,,,,,,,,,,
1923,752111,0,,0,0,0,0,0,0,0,0,351508,341115,331115,,,,,,,,,,,,,,,,,,,,,,,,,,,,,,,,,1,1,1,,,,,,,,,,,,,,,,,,,,,,,,,,,,,,,,,0,0,0,,,,,,,,,,,,,,,,,,,,,,,,,,,,,,,,
1924,752112,0,,0,0,0,0,0,0,0,0,351509,341115,331115,,,,,,,,,,,,,,,,,,,,,,,,,,,,,,,,,1,1,1,,,,,,,,,,,,,,,,,,,,,,,,,,,,,,,,,0,0,0,,,,,,,,,,,,,,,,,,,,,,,,,,,,,,,,
1925,752113,0,,0,0,0,0,0,0,0,0,351510,341115,331115,,,,,,,,,,,,,,,,,,,,,,,,,,,,,,,,,1,1,1,,,,,,,,,,,,,,,,,,,,,,,,,,,,,,,,,0,0,0,,,,,,,,,,,,,,,,,,,,,,,,,,,,,,,,
1926,752114,0,,0,0,0,0,0,0,0,0,351511,341115,331115,,,,,,,,,,,,,,,,,,,,,,,,,,,,,,,,,1,1,1,,,,,,,,,,,,,,,,,,,,,,,,,,,,,,,,,0,0,0,,,,,,,,,,,,,,,,,,,,,,,,,,,,,,,,
1927,752115,0,,0,0,0,0,0,0,0,0,351512,341115,331115,,,,,,,,,,,,,,,,,,,,,,,,,,,,,,,,,1,1,1,,,,,,,,,,,,,,,,,,,,,,,,,,,,,,,,,0,0,0,,,,,,,,,,,,,,,,,,,,,,,,,,,,,,,,
1928,752116,0,,0,0,0,0,0,0,0,0,351513,341115,331115,,,,,,,,,,,,,,,,,,,,,,,,,,,,,,,,,1,1,1,,,,,,,,,,,,,,,,,,,,,,,,,,,,,,,,,0,0,0,,,,,,,,,,,,,,,,,,,,,,,,,,,,,,,,
1929,752117,0,,0,0,0,0,0,0,0,0,351514,341115,331115,,,,,,,,,,,,,,,,,,,,,,,,,,,,,,,,,1,1,1,,,,,,,,,,,,,,,,,,,,,,,,,,,,,,,,,0,0,0,,,,,,,,,,,,,,,,,,,,,,,,,,,,,,,,
1930,752118,0,,0,0,0,0,0,0,0,0,351515,341115,331115,,,,,,,,,,,,,,,,,,,,,,,,,,,,,,,,,1,1,1,,,,,,,,,,,,,,,,,,,,,,,,,,,,,,,,,0,0,0,,,,,,,,,,,,,,,,,,,,,,,,,,,,,,,,
1931,752119,0,,0,0,0,0,0,0,0,0,351516,341115,331115,,,,,,,,,,,,,,,,,,,,,,,,,,,,,,,,,1,1,1,,,,,,,,,,,,,,,,,,,,,,,,,,,,,,,,,0,0,0,,,,,,,,,,,,,,,,,,,,,,,,,,,,,,,,
1932,752120,0,,0,0,0,0,0,0,0,0,351517,341115,331145,,,,,,,,,,,,,,,,,,,,,,,,,,,,,,,,,1,1,1,,,,,,,,,,,,,,,,,,,,,,,,,,,,,,,,,0,0,0,,,,,,,,,,,,,,,,,,,,,,,,,,,,,,,,
1933,752121,0,,0,0,0,0,0,0,0,0,351518,341115,331145,,,,,,,,,,,,,,,,,,,,,,,,,,,,,,,,,1,1,1,,,,,,,,,,,,,,,,,,,,,,,,,,,,,,,,,0,0,0,,,,,,,,,,,,,,,,,,,,,,,,,,,,,,,,
1934,752122,0,,0,0,0,0,0,0,0,0,351519,341115,331145,,,,,,,,,,,,,,,,,,,,,,,,,,,,,,,,,1,1,1,,,,,,,,,,,,,,,,,,,,,,,,,,,,,,,,,0,0,0,,,,,,,,,,,,,,,,,,,,,,,,,,,,,,,,
1935,752123,0,,0,0,0,0,0,0,0,0,351520,341115,331145,,,,,,,,,,,,,,,,,,,,,,,,,,,,,,,,,1,1,1,,,,,,,,,,,,,,,,,,,,,,,,,,,,,,,,,0,0,0,,,,,,,,,,,,,,,,,,,,,,,,,,,,,,,,
1936,752124,0,,0,0,0,0,0,0,0,0,351521,341115,331175,,,,,,,,,,,,,,,,,,,,,,,,,,,,,,,,,1,1,1,,,,,,,,,,,,,,,,,,,,,,,,,,,,,,,,,0,0,0,,,,,,,,,,,,,,,,,,,,,,,,,,,,,,,,
1937,752125,0,,0,0,0,0,0,0,0,0,351522,341115,331175,,,,,,,,,,,,,,,,,,,,,,,,,,,,,,,,,1,1,1,,,,,,,,,,,,,,,,,,,,,,,,,,,,,,,,,0,0,0,,,,,,,,,,,,,,,,,,,,,,,,,,,,,,,,
1938,752126,0,,0,0,0,0,0,0,0,0,351523,341115,331175,,,,,,,,,,,,,,,,,,,,,,,,,,,,,,,,,1,1,1,,,,,,,,,,,,,,,,,,,,,,,,,,,,,,,,,0,0,0,,,,,,,,,,,,,,,,,,,,,,,,,,,,,,,,
1939,752127,0,,0,0,0,0,0,0,0,0,351600,341116,331116,,,,,,,,,,,,,,,,,,,,,,,,,,,,,,,,,1,1,1,,,,,,,,,,,,,,,,,,,,,,,,,,,,,,,,,0,0,0,,,,,,,,,,,,,,,,,,,,,,,,,,,,,,,,
1940,752128,0,,0,0,0,0,0,0,0,0,351601,341116,331116,,,,,,,,,,,,,,,,,,,,,,,,,,,,,,,,,1,1,1,,,,,,,,,,,,,,,,,,,,,,,,,,,,,,,,,0,0,0,,,,,,,,,,,,,,,,,,,,,,,,,,,,,,,,
1941,752129,0,,0,0,0,0,0,0,0,0,351602,341116,331116,,,,,,,,,,,,,,,,,,,,,,,,,,,,,,,,,1,1,1,,,,,,,,,,,,,,,,,,,,,,,,,,,,,,,,,0,0,0,,,,,,,,,,,,,,,,,,,,,,,,,,,,,,,,
1942,752130,0,,0,0,0,0,0,0,0,0,351603,341116,331116,,,,,,,,,,,,,,,,,,,,,,,,,,,,,,,,,1,1,1,,,,,,,,,,,,,,,,,,,,,,,,,,,,,,,,,0,0,0,,,,,,,,,,,,,,,,,,,,,,,,,,,,,,,,
1943,752131,0,,0,0,0,0,0,0,0,0,351604,341116,331116,,,,,,,,,,,,,,,,,,,,,,,,,,,,,,,,,1,1,1,,,,,,,,,,,,,,,,,,,,,,,,,,,,,,,,,0,0,0,,,,,,,,,,,,,,,,,,,,,,,,,,,,,,,,
1944,752132,0,,0,0,0,0,0,0,0,0,351605,341116,331116,,,,,,,,,,,,,,,,,,,,,,,,,,,,,,,,,1,1,1,,,,,,,,,,,,,,,,,,,,,,,,,,,,,,,,,0,0,0,,,,,,,,,,,,,,,,,,,,,,,,,,,,,,,,
1945,752133,0,,0,0,0,0,0,0,0,0,351606,341116,331116,,,,,,,,,,,,,,,,,,,,,,,,,,,,,,,,,1,1,1,,,,,,,,,,,,,,,,,,,,,,,,,,,,,,,,,0,0,0,,,,,,,,,,,,,,,,,,,,,,,,,,,,,,,,
1946,752134,0,,0,0,0,0,0,0,0,0,351607,341116,331116,,,,,,,,,,,,,,,,,,,,,,,,,,,,,,,,,1,1,1,,,,,,,,,,,,,,,,,,,,,,,,,,,,,,,,,0,0,0,,,,,,,,,,,,,,,,,,,,,,,,,,,,,,,,
1947,752135,0,,0,0,0,0,0,0,0,0,351608,341116,331116,,,,,,,,,,,,,,,,,,,,,,,,,,,,,,,,,1,1,1,,,,,,,,,,,,,,,,,,,,,,,,,,,,,,,,,0,0,0,,,,,,,,,,,,,,,,,,,,,,,,,,,,,,,,
1948,752136,0,,0,0,0,0,0,0,0,0,351609,341116,331116,,,,,,,,,,,,,,,,,,,,,,,,,,,,,,,,,1,1,1,,,,,,,,,,,,,,,,,,,,,,,,,,,,,,,,,0,0,0,,,,,,,,,,,,,,,,,,,,,,,,,,,,,,,,
1949,752137,0,,0,0,0,0,0,0,0,0,351610,341116,331116,,,,,,,,,,,,,,,,,,,,,,,,,,,,,,,,,1,1,1,,,,,,,,,,,,,,,,,,,,,,,,,,,,,,,,,0,0,0,,,,,,,,,,,,,,,,,,,,,,,,,,,,,,,,
1950,752138,0,,0,0,0,0,0,0,0,0,351611,341116,331116,,,,,,,,,,,,,,,,,,,,,,,,,,,,,,,,,1,1,1,,,,,,,,,,,,,,,,,,,,,,,,,,,,,,,,,0,0,0,,,,,,,,,,,,,,,,,,,,,,,,,,,,,,,,
1951,752139,0,,0,0,0,0,0,0,0,0,351612,341116,331116,,,,,,,,,,,,,,,,,,,,,,,,,,,,,,,,,1,1,1,,,,,,,,,,,,,,,,,,,,,,,,,,,,,,,,,0,0,0,,,,,,,,,,,,,,,,,,,,,,,,,,,,,,,,
1952,752140,0,,0,0,0,0,0,0,0,0,351613,341116,331116,,,,,,,,,,,,,,,,,,,,,,,,,,,,,,,,,1,1,1,,,,,,,,,,,,,,,,,,,,,,,,,,,,,,,,,0,0,0,,,,,,,,,,,,,,,,,,,,,,,,,,,,,,,,
1953,752141,0,,0,0,0,0,0,0,0,0,351614,341116,331116,,,,,,,,,,,,,,,,,,,,,,,,,,,,,,,,,1,1,1,,,,,,,,,,,,,,,,,,,,,,,,,,,,,,,,,0,0,0,,,,,,,,,,,,,,,,,,,,,,,,,,,,,,,,
1954,752142,0,,0,0,0,0,0,0,0,0,351615,341116,331116,,,,,,,,,,,,,,,,,,,,,,,,,,,,,,,,,1,1,1,,,,,,,,,,,,,,,,,,,,,,,,,,,,,,,,,0,0,0,,,,,,,,,,,,,,,,,,,,,,,,,,,,,,,,
1955,752143,0,,0,0,0,0,0,0,0,0,351616,341116,331116,,,,,,,,,,,,,,,,,,,,,,,,,,,,,,,,,1,1,1,,,,,,,,,,,,,,,,,,,,,,,,,,,,,,,,,0,0,0,,,,,,,,,,,,,,,,,,,,,,,,,,,,,,,,
1956,752144,0,,0,0,0,0,0,0,0,0,351617,341116,331146,,,,,,,,,,,,,,,,,,,,,,,,,,,,,,,,,1,1,1,,,,,,,,,,,,,,,,,,,,,,,,,,,,,,,,,0,0,0,,,,,,,,,,,,,,,,,,,,,,,,,,,,,,,,
1957,752145,0,,0,0,0,0,0,0,0,0,351618,341116,331146,,,,,,,,,,,,,,,,,,,,,,,,,,,,,,,,,1,1,1,,,,,,,,,,,,,,,,,,,,,,,,,,,,,,,,,0,0,0,,,,,,,,,,,,,,,,,,,,,,,,,,,,,,,,
1958,752146,0,,0,0,0,0,0,0,0,0,351619,341116,331146,,,,,,,,,,,,,,,,,,,,,,,,,,,,,,,,,1,1,1,,,,,,,,,,,,,,,,,,,,,,,,,,,,,,,,,0,0,0,,,,,,,,,,,,,,,,,,,,,,,,,,,,,,,,
1959,752147,0,,0,0,0,0,0,0,0,0,351620,341116,331146,,,,,,,,,,,,,,,,,,,,,,,,,,,,,,,,,1,1,1,,,,,,,,,,,,,,,,,,,,,,,,,,,,,,,,,0,0,0,,,,,,,,,,,,,,,,,,,,,,,,,,,,,,,,
1960,752148,0,,0,0,0,0,0,0,0,0,351621,341116,331176,,,,,,,,,,,,,,,,,,,,,,,,,,,,,,,,,1,1,1,,,,,,,,,,,,,,,,,,,,,,,,,,,,,,,,,0,0,0,,,,,,,,,,,,,,,,,,,,,,,,,,,,,,,,
1961,752149,0,,0,0,0,0,0,0,0,0,351622,341116,331176,,,,,,,,,,,,,,,,,,,,,,,,,,,,,,,,,1,1,1,,,,,,,,,,,,,,,,,,,,,,,,,,,,,,,,,0,0,0,,,,,,,,,,,,,,,,,,,,,,,,,,,,,,,,
1962,752150,0,,0,0,0,0,0,0,0,0,351623,341116,331176,,,,,,,,,,,,,,,,,,,,,,,,,,,,,,,,,1,1,1,,,,,,,,,,,,,,,,,,,,,,,,,,,,,,,,,0,0,0,,,,,,,,,,,,,,,,,,,,,,,,,,,,,,,,
1963,760003,0,,0,0,0,0,0,0,0,0,680700,,,,,,,,,,,,,,,,,,,,,,,,,,,,,,,,,,,100,,,,,,,,,,,,,,,,,,,,,,,,,,,,,,,,,,,1,,,,,,,,,,,,,,,,,,,,,,,,,,,,,,,,,,
1964,760004,0,,0,0,0,0,0,0,0,0,680700,,,,,,,,,,,,,,,,,,,,,,,,,,,,,,,,,,,200,,,,,,,,,,,,,,,,,,,,,,,,,,,,,,,,,,,1,,,,,,,,,,,,,,,,,,,,,,,,,,,,,,,,,,
1965,760005,0,,0,0,0,0,0,0,0,0,680700,,,,,,,,,,,,,,,,,,,,,,,,,,,,,,,,,,,500,,,,,,,,,,,,,,,,,,,,,,,,,,,,,,,,,,,1,,,,,,,,,,,,,,,,,,,,,,,,,,,,,,,,,,
1966,760006,0,,0,0,0,0,0,0,0,0,680700,,,,,,,,,,,,,,,,,,,,,,,,,,,,,,,,,,,666,,,,,,,,,,,,,,,,,,,,,,,,,,,,,,,,,,,1,,,,,,,,,,,,,,,,,,,,,,,,,,,,,,,,,,
1967,760007,0,,0,0,0,0,0,0,0,0,680700,,,,,,,,,,,,,,,,,,,,,,,,,,,,,,,,,,,888,,,,,,,,,,,,,,,,,,,,,,,,,,,,,,,,,,,1,,,,,,,,,,,,,,,,,,,,,,,,,,,,,,,,,,
1968,760008,0,,0,0,0,0,0,0,0,0,680700,,,,,,,,,,,,,,,,,,,,,,,,,,,,,,,,,,,999,,,,,,,,,,,,,,,,,,,,,,,,,,,,,,,,,,,1,,,,,,,,,,,,,,,,,,,,,,,,,,,,,,,,,,
1969,760009,0,,0,0,0,0,0,0,0,0,680700,,,,,,,,,,,,,,,,,,,,,,,,,,,,,,,,,,,1999,,,,,,,,,,,,,,,,,,,,,,,,,,,,,,,,,,,1,,,,,,,,,,,,,,,,,,,,,,,,,,,,,,,,,,
1970,760010,0,,0,0,0,0,0,0,0,0,680700,,,,,,,,,,,,,,,,,,,,,,,,,,,,,,,,,,,4999,,,,,,,,,,,,,,,,,,,,,,,,,,,,,,,,,,,1,,,,,,,,,,,,,,,,,,,,,,,,,,,,,,,,,,
1971,927051,0,,0,0,8100,0,0,0,0,0,,,,,,,,,,,,,,,,,,,,,,,,,,,,,,,,,,,,,,,,,,,,,,,,,,,,,,,,,,,,,,,,,,,,,,,,,,,,,,,,,,,,,,,,,,,,,,,,,,,,,,,,,
1972,927052,0,,0,0,8101,0,0,0,0,0,,,,,,,,,,,,,,,,,,,,,,,,,,,,,,,,,,,,,,,,,,,,,,,,,,,,,,,,,,,,,,,,,,,,,,,,,,,,,,,,,,,,,,,,,,,,,,,,,,,,,,,,,
1973,927053,0,,0,0,8102,0,0,0,0,0,,,,,,,,,,,,,,,,,,,,,,,,,,,,,,,,,,,,,,,,,,,,,,,,,,,,,,,,,,,,,,,,,,,,,,,,,,,,,,,,,,,,,,,,,,,,,,,,,,,,,,,,,
1974,924005,0,,0,0,0,0,0,0,0,0,924011,924012,924013,924014,,,,,,,,,,,,,,,,,,,,,,,,,,,,,,,,1,1,1,1,,,,,,,,,,,,,,,,,,,,,,,,,,,,,,,,0,0,0,0,,,,,,,,,,,,,,,,,,,,,,,,,,,,,,,
1975,924006,0,,0,0,0,0,0,0,0,0,920012,920013,920014,920015,690071,690072,690073,690074,690075,690076,690077,,,,,,,,,,,,,,,,,,,,,,,,,10,10,10,10,30,30,30,30,30,30,30,,,,,,,,,,,,,,,,,,,,,,,,,0,0,0,0,0,0,0,0,0,0,0,,,,,,,,,,,,,,,,,,,,,,,,
1976,924007,0,,0,0,0,0,0,0,0,0,690060,690061,690062,690063,690064,690065,690066,690067,690068,690069,690070,,,,,,,,,,,,,,,,,,,,,,,,,30,30,30,30,30,30,30,30,30,30,30,,,,,,,,,,,,,,,,,,,,,,,,,0,0,0,0,0,0,0,0,0,0,0,,,,,,,,,,,,,,,,,,,,,,,,
1977,924008,0,,0,0,0,0,0,0,0,0,760002,259000,922013,923005,924015,924016,258100,258101,258102,258103,258104,,,,,,,,,,,,,,,,,,,,,,,,,500,100,5000,1000,1,1,9999,9999,9999,9999,9999,,,,,,,,,,,,,,,,,,,,,,,,,0,0,0,0,0,0,0,0,0,0,0,,,,,,,,,,,,,,,,,,,,,,,,
1978,924009,0,,0,0,0,0,0,0,0,0,260003,260004,260005,710074,500120,924017,924018,339004,924021,924022,,,,,,,,,,,,,,,,,,,,,,,,,,9999,9999,9999,3000,99999,1,1,1000,1,1,,,,,,,,,,,,,,,,,,,,,,,,,,0,0,0,0,0,0,0,0,0,0,,,,,,,,,,,,,,,,,,,,,,,,,
1979,924010,0,,0,0,0,0,0,0,3,99999999,,,,,,,,,,,,,,,,,,,,,,,,,,,,,,,,,,,,,,,,,,,,,,,,,,,,,,,,,,,,,,,,,,,,,,,,,,,,,,,,,,,,,,,,,,,,,,,,,,,,,,,,,
1980,924011,0,,0,0,0,0,0,0,0,0,35262,35263,35264,35265,35266,35267,35268,35269,35270,,,,,,,,,,,,,,,,,,,,,,,,,,,20,20,20,20,20,20,20,20,20,,,,,,,,,,,,,,,,,,,,,,,,,,,0,0,0,0,0,0,0,0,0,,,,,,,,,,,,,,,,,,,,,,,,,,
1981,924012,0,,0,0,0,0,0,0,0,0,35465,35490,35515,35540,35565,,,,,,,,,,,,,,,,,,,,,,,,,,,,,,,20,20,20,20,20,,,,,,,,,,,,,,,,,,,,,,,,,,,,,,,0,0,0,0,0,,,,,,,,,,,,,,,,,,,,,,,,,,,,,,
1982,924013,0,,0,0,0,0,0,0,0,0,37072,37073,37074,37075,37076,37077,37078,37079,,,,,,,,,,,,,,,,,,,,,,,,,,,,20,20,20,20,20,20,20,20,,,,,,,,,,,,,,,,,,,,,,,,,,,,0,0,0,0,0,0,0,0,,,,,,,,,,,,,,,,,,,,,,,,,,,
1983,924014,0,,0,0,0,0,0,0,0,0,38009,38029,38049,38069,38089,,,,,,,,,,,,,,,,,,,,,,,,,,,,,,,20,20,20,20,20,,,,,,,,,,,,,,,,,,,,,,,,,,,,,,,0,0,0,0,0,,,,,,,,,,,,,,,,,,,,,,,,,,,,,,
1984,924015,0,,0,0,0,0,0,0,0,0,311192,311193,311194,311195,311196,311197,311198,311199,311200,311201,311202,311212,,,,,,,,,,,,,,,,,,,,,,,,100,100,100,100,100,100,100,100,100,100,100,100,,,,,,,,,,,,,,,,,,,,,,,,0,0,0,0,0,0,0,0,0,0,0,0,,,,,,,,,,,,,,,,,,,,,,,
1985,924016,0,,0,0,0,0,0,0,0,0,311213,311214,311215,311216,311217,311218,311219,311220,311221,311222,311223,311224,311211,,,,,,,,,,,,,,,,,,,,,,,100,100,100,100,100,100,100,100,100,100,100,100,100,,,,,,,,,,,,,,,,,,,,,,,0,0,0,0,0,0,0,0,0,0,0,0,0,,,,,,,,,,,,,,,,,,,,,,
1986,924017,0,,0,0,0,0,0,0,0,0,311142,311143,311144,311149,311150,311151,311152,311153,311154,311155,311156,311157,,,,,,,,,,,,,,,,,,,,,,,,100,100,100,100,100,100,100,100,100,100,100,100,,,,,,,,,,,,,,,,,,,,,,,,0,0,0,0,0,0,0,0,0,0,0,0,,,,,,,,,,,,,,,,,,,,,,,
1987,924018,0,,0,0,0,0,0,0,0,0,311158,311159,311160,311161,311162,311163,311164,311165,311166,311167,311168,311169,311170,,,,,,,,,,,,,,,,,,,,,,,100,100,100,100,100,100,100,100,100,100,100,100,100,,,,,,,,,,,,,,,,,,,,,,,0,0,0,0,0,0,0,0,0,0,0,0,0,,,,,,,,,,,,,,,,,,,,,,
1988,924019,0,,0,0,0,0,0,0,0,0,924001,924002,924003,924004,924005,924006,924007,924008,924009,924010,924020,,,,,,,,,,,,,,,,,,,,,,,,,100,100,100,100,1,1,1,1,1,1,1,,,,,,,,,,,,,,,,,,,,,,,,,0,0,0,0,0,0,0,0,0,0,0,,,,,,,,,,,,,,,,,,,,,,,,
1989,924020,0,,0,0,0,0,0,2500000,0,0,,,,,,,,,,,,,,,,,,,,,,,,,,,,,,,,,,,,,,,,,,,,,,,,,,,,,,,,,,,,,,,,,,,,,,,,,,,,,,,,,,,,,,,,,,,,,,,,,,,,,,,,,
1990,924021,0,,0,0,0,0,0,0,0,0,331506,331507,331508,331509,331510,331511,331512,331513,331514,331515,331516,331517,,,,,,,,,,,,,,,,,,,,,,,,1,1,1,1,1,1,1,1,1,1,1,1,,,,,,,,,,,,,,,,,,,,,,,,0,0,0,0,0,0,0,0,0,0,0,0,,,,,,,,,,,,,,,,,,,,,,,
1991,924022,0,,0,0,0,0,0,0,0,0,331518,331519,331520,331521,331522,331523,331524,,,,,,,,,,,,,,,,,,,,,,,,,,,,,1,1,1,1,1,1,1,,,,,,,,,,,,,,,,,,,,,,,,,,,,,0,0,0,0,0,0,0,,,,,,,,,,,,,,,,,,,,,,,,,,,,
