"id","改变形象","触发隐藏剧情","改变战场地图","改变场景时的渐变特效","有无客户端动作","播放战场特效","播放音乐","动作类型","技能ID","调用伙伴几号槽里技能","技能等级系数","技能等级常数","逃跑几率","召唤","召唤数量","","","","目标","场景AI是否指定主角","策划备注","说话信息","说话信息是否显示到聊天框","语音资源名","语音信息是否显示到聊天框","语音信息时长","提示框信息"
"52011","","","","","","","0","2","110002","","1","0","","","","","","","94023","0","挫志怒吼","","","","","",""
"52012","","","","","","","0","2","110005","","1","0","","","","","","","94024","0","破甲","","","","","",""
"52013","","","","","","","0","2","110003","","1","0","","","","","","","94029","0","毁灭打击","","","","","",""
"52021","","","","","","","0","2","120003","","1","0","","","","","","","94023","0","复仇之盾","","","","","",""
"52022","","","","","","","0","2","120004","","1","0","","","","","","","","0","圣光洗礼","","","","","",""
"52023","","","","","","","0","2","120002","","1","0","","","","","","","94029","0","无边定罪","","","","","",""
"52024","","","","","","","0","2","120005","","1","0","","","","","","","","0","神谕责难","","","","","",""
"52031","","","","","","","0","2","130003","","1","0","","","","","","","94045","0","野性召唤","","","","","",""
"52032","","","","","","","0","2","130005","","1","0","","","","","","","94029","0","精准打击","","","","","",""
"52033","","","","","","","0","2","130004","","1","0","","","","","","","94031","0","生命献祭","","","","","",""
"52041","","","","","","","0","2","140004","","1","0","","","","","","","94035","0","休眠","","","","","",""
"52042","","","","","","","0","2","140005","","1","0","","","","","","","","0","自然之眼","","","","","",""
"52043","","","","","","","0","2","150003","","1","0","","","","","","","94035","0","变形术","","","","","",""
"52044","","","","","","","0","2","150005","","1","0","","","","","","","94036","0","冰霜血脉","","","","","",""
"52045","","","","","","","0","2","160004","","1","0","","","","","","","","0","心灵之火","","","","","",""
"52046","","","","","","","0","2","160003","","1","0","","","","","","","94039","0","复生","","","","","",""
"52047","","","","","","","0","2","160002","","1","0","","","","","","","94038","0","治疗祷言","","","","","",""
"52048","","","","","","","0","2","160005","","1","0","","","","","","","94056","0","神圣救赎","","","","","",""
"52049","","","","","","","0","2","161004","","1","0","","","","","","","","0","先祖之魂","","","","","",""
"52050","","","","","","","0","2","162005","","1","0","","","","","","","94035","0","闷棍","","","","","",""
"52051","","","","","","","0","2","162003","","1","0","","","","","","","94029","0","剔骨","","","","","",""
"52052","","","","","","","0","2","162002","","1","0","","","","","","","94029","0","穿刺影袭","","","","","",""
"52053","","","","","","","0","2","162003","","1","0","","","","","","","","0","剔骨","","","","","",""
"52054","","","","","","","0","2","163002","","1","0","","","","","","","94035","0","沉默诅咒","","","","","",""
"52055","","","","","","","0","2","163003","","1","0","","","","","","","","0","生命虹吸","","","","","",""
"52056","","","","","","","0","2","164001","","1","0","","","","","","","","","","","","","","",""
"52057","","","","","","","0","2","164002","","1","0","","","","","","","","","","","","","","",""
"52058","","","","","","","0","2","164003","","1","0","","","","","","","","","","","","","","",""
"52059","","","","","","","0","2","164004","","1","0","","","","","","","","","","","","","","",""
"52060","","","","","","","0","2","164005","","1","0","","","","","","","","","","","","","","",""
"52061","","","","","","","0","2","164006","","1","0","","","","","","","","","","","","","","",""
"52062","","","","","","","0","2","165001","","1","0","","","","","","","","","","","","","","",""
"52063","","","","","","","0","2","165002","","1","0","","","","","","","","","","","","","","",""
"52064","","","","","","","0","2","165003","","1","0","","","","","","","","","","","","","","",""
"52065","","","","","","","0","2","165004","","1","0","","","","","","","","","","","","","","",""
"52066","","","","","","","0","2","165005","","1","0","","","","","","","","","","","","","","",""
"52067","","","","","","","0","2","165006","","1","0","","","","","","","","","","","","","","",""
"52068","","","","","","","0","2","166001","","1","0","","","","","","","","","","","","","","",""
"52069","","","","","","","0","2","166002","","1","0","","","","","","","","","","","","","","",""
"52070","","","","","","","0","2","166003","","1","0","","","","","","","","","","","","","","",""
"52071","","","","","","","0","2","166004","","1","0","","","","","","","","","","","","","","",""
"52072","","","","","","","0","2","166005","","1","0","","","","","","","","","","","","","","",""
"52073","","","","","","","0","2","166006","","1","0","","","","","","","","","","","","","","",""
"52074","","","","","","","0","2","167001","","1","0","","","","","","","","","","","","","","",""
"52075","","","","","","","0","2","167002","","1","0","","","","","","","","","","","","","","",""
"52076","","","","","","","0","2","167003","","1","0","","","","","","","","","","","","","","",""
"52077","","","","","","","0","2","167004","","1","0","","","","","","","","","","","","","","",""
"52078","","","","","","","0","2","167005","","1","0","","","","","","","","","","","","","","",""
"52079","","","","","","","0","2","167006","","1","0","","","","","","","","","","","","","","",""
"52080","","","","","","","0","2","168001","","1","0","","","","","","","","","","","","","","",""
"52081","","","","","","","0","2","168002","","1","0","","","","","","","","","","","","","","",""
"52082","","","","","","","0","2","168003","","1","0","","","","","","","","","","","","","","",""
"52083","","","","","","","0","2","168004","","1","0","","","","","","","","","","","","","","",""
"52084","","","","","","","0","2","168005","","1","0","","","","","","","","","","","","","","",""
"52085","","","","","","","0","2","168006","","1","0","","","","","","","","","","","","","","",""
"52086","","","","","","","0","2","169001","","1","0","","","","","","","","","","","","","","",""
"52087","","","","","","","0","2","169002","","1","0","","","","","","","","","","","","","","",""
"52088","","","","","","","0","2","169003","","1","0","","","","","","","","","","","","","","",""
"52089","","","","","","","0","2","169004","","1","0","","","","","","","","","","","","","","",""
"52090","","","","","","","0","2","169005","","1","0","","","","","","","","","","","","","","",""
"52091","","","","","","","0","2","169006","","1","0","","","","","","","","","","","","","","",""
"53001","0","","0","1","true","","0","2","","1@1","1","0","","","","","","","","0","伙伴所有职业的群攻","","","","","",""
"53101","0","","0","1","true","","0","1","","","1","0","","","","","","","","0","普攻操作","","","","","",""
"53102","0","","0","1","true","","0","4","","","1","0","","","","","","","","0","防御","","","","","",""
"53103","0","","0","1","true","","0","4","","","1","0","","","","","","","","0","防御","","","","","",""
"53104","0","","0","1","true","","0","2","","2@1","1","0","","","","","","","94023","0","挫志怒吼","","","","","",""
"53105","0","","0","1","true","","0","2","","5@1","1","0","","","","","","","94024","0","破甲","","","","","",""
"53106","0","","0","1","true","","0","2","","3@1","1","0","","","","","","","94029","0","毁灭打击","","","","","",""
"53107","0","","0","1","true","","0","2","","3@1","1","0","","","","","","","","0","毁灭打击","","","","","",""
"53108","0","","0","1","true","","0","2","","3@1","1","0","","","","","","","","0","毁灭打击","","","","","",""
"53109","0","","0","1","true","","0","2","","3@1","1","0","","","","","","","","0","毁灭打击","","","","","",""
"53110","0","","0","1","true","","0","2","","4@0.5;1@0.5","1","0","","","","","","","","0","蓄力猛击|0.5 幻影冲锋|0.5","","","","","",""
"53111","0","","0","1","true","","0","1","","","1","0","","","","","","","","0","普攻操作","","","","","",""
"53112","0","","0","1","true","","0","4","","","1","0","","","","","","","","0","防御","","","","","",""
"53113","0","","0","1","true","","0","4","","","1","0","","","","","","","","0","防御","","","","","",""
"53114","0","","0","1","true","","0","2","","2@1","1","0","","","","","","","94023","0","挫志怒吼","","","","","",""
"53115","0","","0","1","true","","0","2","","5@1","1","0","","","","","","","94024","0","破甲","","","","","",""
"53116","0","","0","1","true","","0","2","","3@1","1","0","","","","","","","94029","0","毁灭打击","","","","","",""
"53117","0","","0","1","true","","0","2","","1@0.5;3@0.5","1","0","","","","","","","","0","幻影冲锋|0.5 毁灭打击|0.5","","","","","",""
"53118","0","","0","1","true","","0","2","","1@0.5;3@0.5","1","0","","","","","","","","0","幻影冲锋|0.5 毁灭打击|0.5","","","","","",""
"53119","0","","0","1","true","","0","2","","3@1","1","0","","","","","","","","0","毁灭打击","","","","","",""
"53120","0","","0","1","true","","0","2","","4@0.5;1@0.5","1","0","","","","","","","","0","蓄力猛击3|0.5 幻影冲锋|0.5","","","","","",""
"53201","0","","0","1","true","","0","4","","","1","0","","","","","","","","0","防御","","","","","",""
"53202","0","","0","1","true","","0","4","","","1","0","","","","","","","","0","防御","","","","","",""
"53203","0","","0","1","true","","0","4","","","1","0","","","","","","","","0","防御","","","","","",""
"53204","0","","0","1","true","","0","2","","3@1","1","0","","","","","","","94023","0","复仇之盾","","","","","",""
"53205","0","","0","1","true","","0","2","","4@1","1","0","","","","","","","","0","圣光洗礼","","","","","",""
"53206","0","","0","1","true","","0","2","","2@1","1","0","","","","","","","94029","0","无边定罪","","","","","",""
"53207","0","","0","1","true","","0","2","","5@1","1","0","","","","","","","","0","神谕责难","","","","","",""
"53208","0","","0","1","true","","0","4","","","1","0","","","","","","","","0","防御","","","","","",""
"53209","0","","0","1","true","","0","4","","","1","0","","","","","","","","0","防御","","","","","",""
"53210","0","","0","1","true","","0","4","","","1","0","","","","","","","","0","防御","","","","","",""
"53211","0","","0","1","true","","0","2","","3@1","1","0","","","","","","","94023","0","复仇之盾","","","","","",""
"53212","0","","0","1","true","","0","2","","2@1","1","0","","","","","","","94029","0","无边定罪","","","","","",""
"53213","0","","0","1","true","","0","2","","4@1","1","0","","","","","","","","0","圣光洗礼","","","","","",""
"53214","0","","0","1","true","","0","2","","5@1","1","0","","","","","","","","0","神谕责难","","","","","",""
"53301","0","","0","1","true","","0","1","","","1","0","","","","","","","","0","普攻操作","","","","","",""
"53302","0","","0","1","true","","0","4","","","1","0","","","","","","","","0","防御","","","","","",""
"53303","0","","0","1","true","","0","4","","","1","0","","","","","","","","0","防御","","","","","",""
"53304","0","","0","1","true","","0","2","","1@1","1","0","","","","","","","","0","多重打击","","","","","",""
"53305","0","","0","1","true","","0","2","","2@1","1","0","","","","","","","","0","精准打击","","","","","",""
"53306","0","","0","1","true","","0","2","","3@1","1","0","","","","","","","","0","多重打击","","","","","",""
"53307","0","","0","1","true","","0","2","","3@1","1","0","","","","","","","","0","精准打击","","","","","",""
"53308","0","","0","1","true","","0","2","","3@1","1","0","","","","","","","","0","生命献祭","","","","","",""
"53309","0","","0","1","true","","0","1","","","1","0","","","","","","","","0","普攻操作","","","","","",""
"53310","0","","0","1","true","","0","4","","","1","0","","","","","","","","0","防御","","","","","",""
"53311","0","","0","1","true","","0","4","","","1","0","","","","","","","","0","防御","","","","","",""
"53312","0","","0","1","true","","0","2","","1@1","1","0","","","","","","","","0","多重打击","","","","","",""
"53313","0","","0","1","true","","0","2","","5@1","1","0","","","","","","","94029","0","精准打击","","","","","",""
"53314","0","","0","1","true","","0","2","","5@1","1","0","","","","","","","","0","精准打击","","","","","",""
"53315","0","","0","1","true","","0","2","","5@1","1","0","","","","","","","","0","精准打击","","","","","",""
"53316","0","","0","1","true","","0","2","","4@1","1","0","","","","","","","94045","0","生命献祭","","","","","",""
"53401","0","","0","1","true","","0","4","","","1","0","","","","","","","","0","防御","","","","","",""
"53402","0","","0","1","true","","0","4","","","1","0","","","","","","","","0","防御","","","","","",""
"53403","0","","0","1","true","","0","4","","","1","0","","","","","","","","0","防御","","","","","",""
"53404","0","","0","1","true","","0","2","","2@1","1","0","","","","","","","94015","0","休眠","","","","","",""
"53405","0","","0","1","true","","0","2","","5@1","1","0","","","","","","","","0","自然之眼","","","","","",""
"53406","0","","0","1","true","","0","2","","4@1","1","0","","","","","","","94044","0","缠绕根须","","","","","",""
"53407","0","","0","1","true","","0","2","","4@0.5;2@0.5","1","0","","","","","","","94044","0","休眠|0.5 精灵之怒|0.5","","","","","",""
"53408","0","","0","1","true","","0","4","","","1","0","","","","","","","","0","防御","","","","","",""
"53409","0","","0","1","true","","0","4","","","1","0","","","","","","","","0","防御","","","","","",""
"53410","0","","0","1","true","","0","4","","","1","0","","","","","","","","0","防御","","","","","",""
"53411","0","","0","1","true","","0","2","","3@1","1","0","","","","","","","94035","0","缠绕根须","","","","","",""
"53412","0","","0","1","true","","0","2","","5@1","1","0","","","","","","","","0","自然之眼","","","","","",""
"53413","0","","0","1","true","","0","2","","3@1","1","0","","","","","","","94044","0","缠绕根须","","","","","",""
"53414","0","","0","1","true","","0","2","","4@0.5;2@0.5","1","0","","","","","","","94044","0","休眠|0.5 精灵之怒|0.5","","","","","",""
"53501","0","","0","1","true","","0","4","","","1","0","","","","","","","","0","防御","","","","","",""
"53502","0","","0","1","true","","0","4","","","1","0","","","","","","","","0","防御","","","","","",""
"53503","0","","0","1","true","","0","4","","","1","0","","","","","","","","0","防御","","","","","",""
"53504","0","","0","1","true","","0","2","","3@1","1","0","","","","","","","94035","0","变形术","","","","","",""
"53505","0","","0","1","true","","0","2","","5@1","1","0","","","","","","","94036","0","冰霜血脉","","","","","",""
"53506","0","","0","1","true","","0","2","","1@0.5;2@0.5","1","0","","","","","","","94037","0","暴风雪|0.5 奥术冲击|0.5","","","","","",""
"53507","0","","0","1","true","","0","2","","1@0.5;2@0.5","1","0","","","","","","","","0","暴风雪|0.5 奥术冲击|0.5","","","","","",""
"53508","0","","0","1","true","","0","2","","2@1","1","0","","","","","","","","0","奥术冲击","","","","","",""
"53509","0","","0","1","true","","0","4","","","1","0","","","","","","","","0","防御","","","","","",""
"53510","0","","0","1","true","","0","4","","","1","0","","","","","","","","0","防御","","","","","",""
"53511","0","","0","1","true","","0","4","","","1","0","","","","","","","","0","防御","","","","","",""
"53512","0","","0","1","true","","0","2","","3@1","1","0","","","","","","","94035","0","变形术","","","","","",""
"53513","0","","0","1","true","","0","2","","5@1","1","0","","","","","","","94036","0","冰霜血脉","","","","","",""
"53514","0","","0","1","true","","0","2","","2@1","1","0","","","","","","","94037","0","奥术冲击","","","","","",""
"53515","0","","0","1","true","","0","2","","2@1","1","0","","","","","","","","0","奥术冲击","","","","","",""
"53516","0","","0","1","true","","0","2","","2@1","1","0","","","","","","","","0","奥术冲击","","","","","",""
"53601","0","","0","1","true","","0","4","","","1","0","","","","","","","","0","防御","","","","","",""
"53602","0","","0","1","true","","0","4","","","1","0","","","","","","","","0","防御","","","","","",""
"53603","0","","0","1","true","","0","4","","","1","0","","","","","","","","0","防御","","","","","",""
"53604","0","","0","1","true","","0","2","","2@1","1","0","","","","","","","94038","0","治疗祷言","","","","","",""
"53605","0","","0","1","true","","0","2","","3@1","1","0","","","","","","","94039","0","复生","","","","","",""
"53606","0","","0","1","true","","0","2","","2@1","1","0","","","","","","","94028","0","治疗祷言","","","","","",""
"53607","0","","0","1","true","","0","2","","4@1","1","0","","","","","","","","0","心灵之火","","","","","",""
"53608","0","","0","1","true","","0","2","","5@1","1","0","","","","","","","94056","0","神圣救赎","","","","","",""
"53609","0","","0","1","true","","0","4","","","1","0","","","","","","","","0","防御","","","","","",""
"53610","0","","0","1","true","","0","4","","","1","0","","","","","","","","0","防御","","","","","",""
"53611","0","","0","1","true","","0","4","","","1","0","","","","","","","","0","防御","","","","","",""
"53612","0","","0","1","true","","0","2","","3@1","1","0","","","","","","","94039","0","复生","","","","","",""
"53613","0","","0","1","true","","0","2","","2@1","1","0","","","","","","","94038","0","治疗祷言","","","","","",""
"53614","0","","0","1","true","","0","2","","2@1","1","0","","","","","","","94028","0","治疗祷言","","","","","",""
"53615","0","","0","1","true","","0","2","","4@1","1","0","","","","","","","","0","心灵之火","","","","","",""
"53616","0","","0","1","true","","0","2","","5@1","1","0","","","","","","","94056","0","神圣救赎","","","","","",""
"53701","0","","0","1","true","","0","4","","","1","0","","","","","","","","0","防御","","","","","",""
"53702","0","","0","1","true","","0","4","","","1","0","","","","","","","","0","防御","","","","","",""
"53703","0","","0","1","true","","0","4","","","1","0","","","","","","","","0","防御","","","","","",""
"53704","0","","0","1","true","","0","2","","1@1","1","0","","","","","","","","0","先祖之魂","","","","","",""
"53705","0","","0","1","true","","0","2","","2@1","1","0","","","","","","","94037","0","闪电链|0.5 闪电箭|0.5","","","","","",""
"53706","0","","0","1","true","","0","2","","3@1","1","0","","","","","","","","0","闪电链|0.5 闪电箭|0.5","","","","","",""
"53707","0","","0","1","true","","0","2","","4@1","1","0","","","","","","","94037","0","闪电箭","","","","","",""
"53708","0","","0","1","true","","0","4","","","1","0","","","","","","","","0","防御","","","","","",""
"53709","0","","0","1","true","","0","4","","","1","0","","","","","","","","0","防御","","","","","",""
"53710","0","","0","1","true","","0","4","","","1","0","","","","","","","","0","防御","","","","","",""
"53711","0","","0","1","true","","0","2","","4@1","1","0","","","","","","","","0","先祖之魂","","","","","",""
"53712","0","","0","1","true","","0","2","","3@1","1","0","","","","","","","94037","0","闪电箭","","","","","",""
"53713","0","","0","1","true","","0","2","","3@1","1","0","","","","","","","","0","闪电箭","","","","","",""
"53714","0","","0","1","true","","0","2","","3@1","1","0","","","","","","","","0","闪电箭","","","","","",""
"53801","0","","0","1","true","","0","1","","","1","0","","","","","","","","0","普攻操作","","","","","",""
"53802","0","","0","1","true","","0","4","","","1","0","","","","","","","","0","防御","","","","","",""
"53803","0","","0","1","true","","0","4","","","1","0","","","","","","","","0","防御","","","","","",""
"53804","0","","0","1","true","","0","2","","5@1","1","0","","","","","","","94035","0","闷棍","","","","","",""
"53805","0","","0","1","true","","0","2","","3@1","1","0","","","","","","","94029","0","剔骨","","","","","",""
"53806","0","","0","1","true","","0","2","","3@0.5;2@0.5","1","0","","","","","","","94029","0","剔骨|0.5 穿刺影袭|0.5","","","","","",""
"53807","0","","0","1","true","","0","2","","2@1","1","0","","","","","","","94029","0","穿刺影袭","","","","","",""
"53808","0","","0","1","true","","0","2","","3@1","1","0","","","","","","","","0","剔骨","","","","","",""
"53809","0","","0","1","true","","0","2","","3@0.5;2@0.5","1","0","","","","","","","","0","剔骨|0.5 穿刺影袭|05","","","","","",""
"53810","0","","0","1","true","","0","2","","2@1","1","0","","","","","","","","0","穿刺影袭","","","","","",""
"53811","0","","0","1","true","","0","1","","","1","0","","","","","","","","0","普攻操作","","","","","",""
"53812","0","","0","1","true","","0","4","","","1","0","","","","","","","","0","防御","","","","","",""
"53813","0","","0","1","true","","0","4","","","1","0","","","","","","","","0","防御","","","","","",""
"53814","0","","0","1","true","","0","2","","5@1","1","0","","","","","","","94035","0","闷棍","","","","","",""
"53815","0","","0","1","true","","0","2","","3@1","1","0","","","","","","","94029","0","剔骨","","","","","",""
"53816","0","","0","1","true","","0","2","","3@0.5;1@0.5","1","0","","","","","","","94029","0","剔骨|0.5 淬毒刀扇|0.5","","","","","",""
"53817","0","","0","1","true","","0","2","","1@1","1","0","","","","","","","94029","0","淬毒刀扇","","","","","",""
"53818","0","","0","1","true","","0","2","","3@1","1","0","","","","","","","","0","剔骨","","","","","",""
"53819","0","","0","1","true","","0","2","","3@0.5;1@0.5","1","0","","","","","","","","0","剔骨|0.5 淬毒刀扇|0.5","","","","","",""
"53820","0","","0","1","true","","0","2","","1@1","1","0","","","","","","","","0","淬毒刀扇","","","","","",""
"53901","0","","0","1","true","","0","4","","","1","0","","","","","","","","0","防御","","","","","",""
"53902","0","","0","1","true","","0","4","","","1","0","","","","","","","","0","防御","","","","","",""
"53903","0","","0","1","true","","0","4","","","1","0","","","","","","","","0","防御","","","","","",""
"53904","0","","0","1","true","","0","2","","2@1","1","0","","","","","","","","0","推气过功","","","","","",""
"53905","0","","0","1","true","","0","2","","3@1","1","0","","","","","","","","0","金刚护体","","","","","",""
"53906","0","","0","1","true","","0","2","","4@1","1","0","","","","","","","94039","0","我佛慈悲","","","","","",""
"53907","0","","0","1","true","","0","2","","1@1","1","0","","","","","","","","0","唧唧歪歪","","","","","",""
"53908","0","","0","1","true","","0","4","","","1","0","","","","","","","","0","防御","","","","","",""
"53909","0","","0","1","true","","0","4","","","1","0","","","","","","","","0","防御","","","","","",""
"53910","0","","0","1","true","","0","4","","","1","0","","","","","","","","0","防御","","","","","",""
"53911","0","","0","1","true","","0","2","","1@1","1","0","","","","","","","94035","0","敌方被封印超过4个-使用五雷咒","","","","","",""
"53912","0","","0","1","true","","0","2","","2@0.4;4@0.3;3@0.3","1","0","","","","","","","94005","0","定身符@0.4失心符@0.3离魂符@0.3","","","","","",""
"53913","0","","0","1","true","","0","2","","2@0.3;4@0.4;3@0.3","1","0","","","","","","","94005","0","定身符@0.3失心符@0.4离魂符@0.3","","","","","",""
"53914","0","","0","1","true","","0","2","","2@0.3;4@0.3;3@0.4","1","0","","","","","","","94005","0","定身符@0.3失心符@0.3离魂符@0.4","","","","","",""
"54001","0","","0","1","true","","0","1","","","1","0","","","","","","","","0","普攻","","","","","",""
"54002","0","","0","1","true","","0","4","","","1","0","","","","","","","","0","防御","","","","","",""
"54003","0","","0","1","true","","0","2","","1@1","1","0","","","","","","","","0","所有伙伴的群攻","","","","","",""
"54101","0","","0","1","true","","0","2","","2@1","1","0","","","","","","","","0","毁2@1","","","","","",""
"54102","0","","0","1","true","","0","2","","3@0.5;1@0.5","1","0","","","","","","","","0","蓄3@0.5 幻1@0.5","","","","","",""
"54103","0","","0","1","true","","0","2","","1@0.7;2@0.3","1","0","","","","","","","","0","幻1@0.7 毁2@0.3","","","","","",""
"54104","0","","0","1","true","","0","2","","3@0.5;1@0.5","1","0","","","","","","","","0","蓄3@0.5 幻1@0.5","","","","","",""
"54201","0","","0","1","true","","0","2","","2@0.7;3@0.3","1","0","","","","","","","94005","0","神2@0.7 处3@0.3","","","","","",""
"54202","0","","0","1","true","","0","2","","4@0.7;3@0.3","1","0","","","","","","","94005","0","混4@0.7 处3@0.3","","","","","",""
"54203","0","","0","1","true","","0","2","","1@1","1","0","","","","","","","94005","0","无1@1","","","","","",""
"54204","0","","0","1","true","","0","2","","1@0.7;2@0.3","1","0","","","","","","","94005","0","无1@0.7 神2@0.3","","","","","",""
"54205","0","","0","1","true","","0","2","","2@0.7;1@0.3","1","0","","","","","","","94005","0","神2@0.7 无1@0.3","","","","","",""
"54301","0","","0","1","true","","0","2","","1@0.5;3@0.5","1","0","","","","","","","","0","多1@0.5 稳3@0.5","","","","","",""
"54302","0","","0","1","true","","0","2","","2@1","1","0","","","","","","","94005","0","诱2@1","","","","","",""
"54303","0","","0","1","true","","0","2","","1@0.5;2@0.5","1","0","","","","","","","94005","0","多1@0.5 诱2@0.5","","","","","",""
"54304","0","","0","1","true","","0","2","","3@1","1","0","","","","","","","","0","稳3@1","","","","","",""
"54305","0","","0","1","true","","0","2","","1@0.5;3@0.5","1","0","","","","","","","","0","多1@0.5 稳3@0.5","","","","","",""
"54401","0","","0","1","true","","0","2","","3@1","1","0","","","","","","","94011","0","落3@1","","","","","",""
"54402","0","","0","1","true","","0","2","","3@1","1","0","","","","","","","","0","落3@1","","","","","",""
"54403","0","","0","1","true","","0","2","","4@1","1","0","","","","","","","","0","心4@1","","","","","",""
"54404","0","","0","1","true","","0","2","","2@1","1","0","","","","","","","94010","0","绿2@1","","","","","",""
"54501","0","","0","1","true","","0","2","","1@0.5;4@0.5","1","0","","","","","","","94012","0","暴1@0.5 从4@0.5","","","","","",""
"54502","0","","0","1","true","","0","2","","1@0.7;2@0.3","1","0","","","","","","","94013","0","暴1@0.7 奥2@0.3","","","","","",""
"54503","0","","0","1","true","","0","2","","1@0.7;2@0.3","1","0","","","","","","","","0","暴1@0.7 奥2@0.3","","","","","",""
"54504","0","","0","1","true","","0","2","","1@0.5;4@0.5","1","0","","","","","","","94012","0","暴1@0.5 从4@0.5","","","","","",""
"54505","0","","0","1","true","","0","2","","2@0.7;1@0.3","1","0","","","","","","","94013","0","奥2@0.7 暴1@0.3","","","","","",""
"54506","0","","0","1","true","","0","2","","2@0.7;1@0.3","1","0","","","","","","","","0","奥2@0.7 暴1@0.3","","","","","",""
"54507","0","","0","1","true","","0","2","","4@1","1","0","","","","","","","94012","0","从4@1","","","","","",""
"54508","0","","0","1","true","","0","2","","1@0.7;2@0.3","1","0","","","","","","","94013","0","暴1@0.7 奥2@0.3","","","","","",""
"54509","0","","0","1","TRUE","","0","2","","1@0.7;2@0.3","1","0","","","","","","","","0","暴1@0.7 奥2@0.3","","","","","",""
"54601","0","","0","1","true","","0","2","","2@1","1","0","","","","","","","94016","0","治2@1","","","","","",""
"54602","0","","0","1","true","","0","2","","3@1","1","0","","","","","","","94014","0","苏3@1","","","","","",""
"54603","0","","0","1","true","","0","2","","2@1","1","0","","","","","","","94015","0","治2@1","","","","","",""
"54604","0","","0","1","true","","0","2","","4@1","1","0","","","","","","","94018","0","专4@1","","","","","",""
"54605","0","","0","1","true","","0","2","","3@1","1","0","","","","","","","94014","0","苏3@1","","","","","",""
"54606","0","","0","1","true","","0","2","","2@1","1","0","","","","","","","94015","0","治2@1","","","","","",""
"54607","0","","0","1","true","","0","2","","4@1","1","0","","","","","","","94018","0","专4@1","","","","","",""
"55001","0","","0","1","TRUE","","0","","","","","","","","","","","","","0","","你们是什么人,吓死宝宝了!","","","","",""
"55002","0","","0","1","TRUE","","0","9","","","","","100","","","","","","","0","","给你机会都抓不住我,不和你玩了。","","","","",""
"55011","0","","0","1","TRUE","","0","","","","","","","","","","","","","0","劣人喊话1","不能让他们抢走我的乖乖！","","","","",""
"55012","0","","0","1","TRUE","","0","","","","","","","","","","","","","0","劣人喊话2","哎呀,不小心把修玛打死了……","","","","",""
"55013","0","","0","1","TRUE","","0","","","","","","","","","","","","","0","联盟猎人喊话","我先发现的,这只修玛是我的！","","","","",""
"55014","0","","0","1","TRUE","","0","1","","","","","","","","","","","95019","0","修玛无差别攻击（敌我双方）","嗷呜","","","","",""
"55015","0","","0","1","TRUE","","0","","","","","","","","","","","","95002","1","8601,玩家喊话","你该不会是要教我们怎样抓宝宝吧？","","","","",""
"55016","0","","0","1","TRUE","","0","","","","","","","","","","","","","0","8601,劣人喊话1","哎呀,这都被你看出来了,先帮忙拉住他。","","","","",""
"55017","0","","0","1","TRUE","","0","","","","","","","","","","","","","0","8601,劣人喊话2","趁现在快去捕捉他。","","","","",""
"55044","0","","0","1","TRUE","","0","10","","","","","","","","","","","","0","8601,劣人休息","","","","","",""
"55023","0","","0","1","TRUE","","0","1","","","","","","","","","","","95022","0","8601,劣人攻击狮王休玛","","","","","",""
"55018","0","","0","1","TRUE","","0","","","","","","","","","","","","","0","8602,会长喊话1","蠢牛,居然敢来偷袭我师父,先过我这一关。","","","","",""
"55019","0","","0","1","TRUE","","0","","","","","","","","","","","","","0","8602,会长喊话2","师父真会说笑,待徒儿前去打退他们。","","","","",""
"55020","0","","0","1","TRUE","","0","","","","","","","","","","","","","0","8602,盗贼姑娘喊话","原来是会长,真是抱歉！","","","","",""
"55021","0","","0","1","TRUE","","0","","","","","","","","","","","","","0","8602,冬喊话1","徒儿什么时候跟这位姑娘这么熟了,该不会是你的相好吧？","","","","",""
"55022","0","","0","1","TRUE","","0","","","","","","","","","","","","","0","8602,冬喊话2","这位盗贼姑娘倒是个好手。","","","","",""
"55024","0","","0","1","TRUE","","0","","","","","","","","","","","","","0","8603,冬喊话","徒儿们,都看好了！","","","","",""
"55025","0","","0","1","TRUE","","0","","","","","","","","","","","","","0","8604,劣人喊话","哎呀！又被你们救了,真是不好意思。","","","","",""
"55026","0","","0","1","TRUE","","0","","","","","","","","","","","","95002","1","8604,玩家喊话","有什么话清完怪再说。","","","","",""
"55043","0","","0","1","TRUE","","0","9","","","","","100","","","","","","","0","8604,劣人逃跑","哎呀哎呀！又被你们救了,真是不好意思！","","","","",""
"56801","0","","0","1","TRUE","","0","2","207011","","1","0","","","","","","","","0","8604,小软精英施放舍身击","","","","","",""
"55027","0","","0","1","TRUE","","0","","","","","","","","","","","","","0","8605,劣人喊话","孙子我今天一定要让你见识见识菊爆大队的厉害！","","","","",""
"55028","0","","0","1","TRUE","","0","","","","","","","","","","","","95023","0","8605,劣人攻击大囧龟","","","","","",""
"55029","0","","0","1","TRUE","","0","2","110002","","1","0","","","","","","","","0","8606,哀木涕嘲讽技能","孙子！！！","","","","",""
"55030","0","","0","1","TRUE","","0","","","","","","","","","","","","","0","8606,劣人喊话","这头蠢牛居然引来这么多怪！","","","","",""
"55031","0","","0","1","TRUE","","0","","","","","","","","","","","","","0","8606,玩家喊话","真是无药可救了！","","","","",""
"55032","0","","0","1","TRUE","","0","","","","","","","","","","","","","0","8607,哀木涕喊话","老不死的,你的末日到了。","","","","",""
"55033","0","","0","1","TRUE","","0","","","","","","","","","","","","","0","8607,小德喊话","请问要来件银鳞胸甲不？","","","","",""
"55034","0","","0","1","TRUE","","0","2","722002","","1","0","","","","","","","","0","8602,大小姐群秒技能","","","","","",""
"55035","0","","0","1","TRUE","","0","2","722003","","1","0","","","","","","","","0","8602,大小姐控制技能","","","","","",""
"55036","0","","0","1","TRUE","","0","2","722005","","1","0","","","","","","","","0","8602,大小姐辅助技能","","","","","",""
"55037","0","","0","1","TRUE","","0","","","","","","","","","","","","","0","8603,哀木涕喊话","嘿嘿！师父果然利害！看来我很快就能强力了。","","","","",""
"55038","0","","0","1","TRUE","","0","","","","","","","","","","","","","0","8603,战斗结束冬喊话","这群小怪,一点都不经打,真无聊啊！","","","","",""
"55039","0","","0","1","TRUE","","0","","","","","","","","","","","","","0","8604,哀木涕喊话","嘿嘿！又可以掀小软的裙子了！","","","","",""
"55040","0","","0","1","TRUE","","0","12","","","","","","{29060@1000}$15,{29060@1000}$16,{29060@1000}$17,{29060@1000}$18,{29060@1000}$19,","","","","","","0","8606,召唤食人工头","","","","","",""
"56800","0","","0","1","TRUE","","0","2","420022","","1","0","","","","","","","","0","8606,食人工头施放圣灵之甲","","","","","",""
"55041","0","","0","1","TRUE","","0","","","","","","","","","","","","","0","8607,阿撸高喊话","想不到这种货色也能站在我面前向我挑衅！","","","","",""
"55045","0","","0","1","TRUE","","0","2","741002","","1","0","","","","","","","","0","8609,小德喊话1,并降防","哀木涕,去把那只怪拉住！","","","","",""
"55046","0","","0","1","TRUE","","0","","","","","","","","","","","","","0","8609,小德喊话2","你这废物牛,让你去拉怪,谁让你引一群怪过来？","","","","",""
"55047","0","","0","1","TRUE","","0","12","","","","","","{29091@1000}$23,{29091@1000}$24,{29092@1000}$15,{29092@1000}$16,{29092@1000}$17,{29092@1000}$18,{29092@1000}$19","","","","","","0","8609,野猪人召唤","","","","","",""
"55048","0","","0","1","TRUE","","0","2","110002","","1","0","","","","","","","","0","8609,哀木涕嘲讽","","","","","",""
"55049","0","","0","1","TRUE","","0","2","110001","","1","0","","","","","","","","0","8609,哀木涕幻影斩","","","","","",""
"55042","0","","0","1","TRUE","","0","","","","","","","","","","","","","0","8607,阿撸高喊话","愚蠢的动物们,你们会为自己的行为付出代价。","","","","",""
"56001","0","","0","1","TRUE","","0","12","","","","","","{29509@1000}$2","","","","","95002","0","妖风剧情","","","","","",""
"56002","0","","0","1","TRUE","","0","","","","","","","","","","","","","0","妖风喊话1","<T t=""真是不自量力！"" c=""FFFFF2DF"" f=""simhei-12""></T><E e=""103""></E>","","","","",""
"56003","0","","0","1","TRUE","","0","","","","","","","","","","","","","0","妖风喊话2","<T t=""就这点本事还斩妖除魔~哈哈哈。"" c=""FFFFF2DF"" f=""simhei-12""></T><E e=""223""></E>","","","","",""
"56004","0","","0","1","TRUE","","0","","","","","","","","","","","","","0","妖风喊话3","<T t=""杨...杨戬！！！"" c=""FFFFF2DF"" f=""simhei-12""></T><E e=""220""></E>","","","","",""
"56005","0","","0","1","TRUE","","0","","","","","","","","","","","","","0","杨戬喊话","<T t=""妖风！你不思悔改！还敢破封祸乱世人！"" c=""FFFFF2DF"" f=""simhei-12""></T>","","","","",""
"56006","0","","0","1","TRUE","","0","","","","","","","","","","","","95002","1","主角喊话","<T t=""可恶！"" c=""FFFFF2DF"" f=""simhei-12""></T><E e=""191""></E>","","","","",""
"56007","0","","0","1","TRUE","","0","2","761003","","1","0","","","","","","","95035","0","沐丝救人","","","","","",""
"56008","0","","0","1","TRUE","","0","2","761002","","1","0","","","","","","","95036","0","沐丝治疗","","","","","",""
"56009","0","","0","1","TRUE","","0","2","711002","","1","0","","","","","","","","0","哀木涕嘲讽技能","","","","","",""
"56010","0","","0","1","TRUE","","0","","","","","","","","","","","","","0","战士喊话,嘲讽BOSS","卑鄙的亡灵,居然攻击无辜的平民。","","","","",""
"56011","0","","0","1","TRUE","","0","12","","","","","","{29422@1000}$11","","","","","95002","0","","欺人太甚,我跟你们拼了！","","","","",""
"56012","0","","0","1","TRUE","","0","","","","","","","","","","","","95002","1","","怎么回事,这股力量...我控制不住了。","","AIchat/zhujue_003.ogg","","",""
"56013","0","","0","1","TRUE","","0","","","","","","","","","","","","","0","莫迪伦喊话","小心！","","","","",""
"56014","0","","0","1","TRUE","","0","2","180001","","1","0","","","","","","","95004","0","艾尔索斯三连击主角","","","","","",""
"56015","0","","0","1","TRUE","","0","2","160003","","","","","","","","","","95013","0","","复活吧,我的勇士！","","","","",""
"56016","0","","0","1","TRUE","","0","5","","","","","","","","","","","95009","0","莫迪伦保护主角","小心！","","","","",""
"56017","0","","0","1","TRUE","","0","","","","","","","","","","","","","0","莫迪伦对全体队友释放特技","","","","","",""
"56018","0","","0","1","TRUE","","0","10","","","","","","","","","","","","0","辛德拉苟萨吼叫","吼~","","","","",""
"55090","0","","0","1","TRUE","","0","2","150002","","1","0","","","","","","","95007","0","普通攻击索尔","为了艾尔索斯！","","","","",""
"56019","0","","0","1","TRUE","","0","2","150002","","1","0","","","","","","","95008","0","普通攻击安度因","为了艾尔索斯！","","","","",""
"56026","0","","0","1","TRUE","","0","12","","","","","","{29422@1000}$11","","","","","95002","0","召唤索尔","","","","","",""
"56027","0","","0","1","TRUE","","0","2","150002","","1","0","","","","","","","95011","0","普通攻击战士领袖","","","","","",""
"56028","0","","0","1","TRUE","","0","2","150002","","1","0","","","","","","","95012","0","普通攻击法师领袖","","","","","",""
"56029","0","","0","1","TRUE","","0","2","180025","","1","0","","","","","","","","0","辛德拉苟萨施放技能","","","","","",""
"56180","0","","0","1","TRUE","","0","2","713002","","1","0","","","","","","","95029","0","新手战斗,战士嘲讽喊话","卑鄙的亡灵,居然攻击无辜的平民。","","","","",""
"56181","0","","0","1","TRUE","","0","2","160002","","1","0","","","","","","","95009","0","牧师第一回合治疗主角","冒险者,你没事吧？","","AIchat/anduyin_01.ogg","","",""
"56182","0","","0","1","TRUE","","0","2","160002","","1","0","","","","","","","95009","0","牧师释放治疗技能","","","","","",""
"56183","0","","0","1","TRUE","","0","2","140002","","1","0","","","","","","","","0","新手战斗德鲁伊释放绿之潮","","","","","",""
"56184","0","","0","1","TRUE","","0","2","140003","","1","0","","","","","","","","0","新手战斗德鲁伊释放黄昏花蕾","","","","","",""
"56185","0","","0","1","TRUE","","0","2","751003","","1","0","","","","","","","95030","0","新手战斗法师羊冰龙","","","","","",""
"56186","0","","0","1","TRUE","","0","2","150002","","1","0","","","","","","","","0","新手战斗法师单秒","","","","","",""
"56187","0","","0","1","TRUE","","0","2","150002","","1","0","","","","","","","95031","0","新手战斗,单秒战士29400","为了艾尔索斯！","","","","",""
"56188","0","","0","1","TRUE","","0","2","150002","","1","0","","","","","","","95032","0","新手战斗,单秒小德29401","为了艾尔索斯！","","","","",""
"56189","0","","0","1","TRUE","","0","2","150002","","1","0","","","","","","","95033","0","新手战斗,单秒法师29402","为了艾尔索斯！","","AIchat/nanwuyao_001.ogg","","",""
"56190","0","","0","1","TRUE","","0","2","150002","","1","0","","","","","","","95034","0","新手战斗,单秒牧师29403","为了艾尔索斯！","","AIchat/nanwuyao_001.ogg","","",""
"56191","0","","0","1","TRUE","","0","10","","","","","","","","","","","","0","辛德拉苟萨吼叫","","","","","",""
"56192","0","","0","1","TRUE","","0","2","180000","","1","0","","","","","","","","0","新手战斗,艾尔索斯群法技能","别想逃！","","","","",""
"56193","0","","0","1","TRUE","","0","2","180000","","1","0","","","","","","","","0","艾尔索斯群法技能","","","","","",""
"56194","0","","0","1","TRUE","","0","2","161005","","1","0","","","","","","","","0","新手战斗,索尔释放狂热 图腾","","","","","",""
"56195","0","","0","1","TRUE","","0","","","","","","","","","","","","95002","1","新手战斗主角喊话","喂,喂,我是无辜的,要不我先走了,你们继续打。","","AIchat/zhujue_001.ogg","","",""
"56196","0","","0","1","TRUE","","0","12","","","","","","{29405@1000}$11","","","","","95002","0","新手战斗主角召唤索尔","欺人太甚,我跟你们拼了！","","AIchat/zhujue_002.ogg","","",""
"56197","0","","0","1","TRUE","","0","","","","","","","","","","","","95002","1","新手战斗主角喊话","怎么回事,这股力量...我控制不住了。","","AIchat/zhujue_003.ogg","","",""
"56020","0","","0","1","TRUE","","0","2","150001","","1","0","","","","","","","94006","0","方砖嘲讽大小姐","大小姐那个傻娘们儿,唉","","AIchat/fangzhuang_001.ogg","","",""
"56021","0","","0","1","TRUE","","0","2","120001","","1","0","","","","","","","94006","0","大小姐攻击","","","","","",""
"56022","0","","0","1","TRUE","","0","2","120004","","1","0","","","","","","","95015","0","","阿男,交给你了。","","AIchat/daxiaojie_001.ogg","","",""
"56023","0","","0","1","TRUE","","0","12","","","","","","{29526@1000}$11,{29527@1000}$12,{29528@1000}$13","","","","","95002","0","","","","","","",""
"56024","0","","0","1","TRUE","","0","2","771001","","200","0","","","","","","","","0","","你太弱了。","","AIchat/shaman_001.ogg","","",""
"56025","0","","0","1","TRUE","","0","","","","","","","","","","","","","0","","傻馒...","","","","",""
"56030","0","","0","1","TRUE","","0","4","","","","","","","","","","","","0","","（莱恩祖）不得不说你们的勇气可嘉。","","AIchat/naiaozu_001.ogg","","",""
"56031","0","","0","1","TRUE","","0","2","180003","","1","0","","","","","","","95005","0","","（莱恩祖）哦？你不知道么？你该仔细想想,阿撸高是从哪里召唤出这些狼人来的？","","","","",""
"56032","0","","0","1","TRUE","","0","2","180003","","1","0","","","","","","","95006","0","","（莱恩祖）别急,很快就轮到你了,戈德瑞的残渣。","","","","",""
"56033","0","","0","1","TRUE","","0","","","","","","","","","","","","","0","","（莱恩祖）事实上我觉得,像你这样的东西,变成神孽才是最好的选择。","","","","",""
"56034","0","","0","1","TRUE","","0","2","180004","","1","0","","","","","","","","0","","让你见识下我真正实力吧！","","AIchat/naiaozu_002.ogg","","",""
"56035","0","","0","1","TRUE","","0","","","","","","","","","","","","95002","1","","莱恩祖,你的目的到底是什么？","","","","",""
"56036","0","","0","1","TRUE","","0","","","","","","","","","","","","95002","1","","你的行为,就连深渊的魔鬼都感到邪恶。","","","","",""
"56037","0","","0","1","TRUE","","0","4","","","","","","","","","","","","0","","（愤怒）吼~","","","","",""
"56038","0","","0","1","TRUE","","0","","","","","","","","","","","","","0","","哀木涕葛葛！","","","","",""
"56039","0","","0","1","TRUE","","0","","","","","","","","","","","","95002","1","","我理解你们得痛苦,与对不公正待遇的怨恨。","","","","",""
"56040","0","","0","1","TRUE","","0","","","","","","","","","","","","","0","","但是这些毫无意义！","","","","",""
"56041","0","","0","1","TRUE","","0","","","","","","","","","","","","","0","","我也了解金币被人抢走的痛苦。","","","","",""
"56042","0","","0","1","TRUE","","0","","","","","","","","","","","","","0","","哀木涕你个蠢货,他们说的不是这个。","","","","",""
"56050","0","","0","1","TRUE","","0","","","","","","","","","","","","","0","寒冰王子喊话","来到这里,然后死去,便是你的命运。","","","","",""
"56051","0","","0","1","TRUE","","0","","","","","","","","","","","","95002","1","主角喊话","如果真的有宿命,那么我的战斗还没到结束的时候。","","","","",""
"56052","0","","0","1","TRUE","","0","","","","","","","","","","","","95002","1","","","","","","",""
"56053","0","","0","1","TRUE","","0","","","","","","","","","","","","","0","寒冰王子喊话","我的忠实仆人,将他们杀死吧。","","AIchat/hanbingwangzi_001.ogg","","",""
"56054","0","","0","1","TRUE","","0","","","","","","","","","","","","","0","卡尔加喊话","好的,主人。","","AIchat/kaerjia_001.ogg","","",""
"56055","0","","0","1","TRUE","","0","","","","","","","","","","","","","0","小野猪人喊话","愿为主人效劳。","","","","",""
"56056","0","","0","1","TRUE","","0","2","180015","","1","0","","","","","","","","0","寒冰王子喊话","不,这不可能？","","","","",""
"56057","0","","0","1","TRUE","","0","","","","","","","","","","","","","0","主角喊话","我记得,那个时代的传说,阿吉莫根孤身挡住燃烧军团的千军万马,他伟岸的身躯,至死也不曾倒下。","","","","",""
"56058","0","","0","1","TRUE","","0","2","180012","","1","0","","","","","","","95004","0","卡尔加打主角残血","","","","","",""
"56059","0","","0","1","TRUE","","0","","","","","","","","","","","","","0","阿吉莫根喊话","我诱到你身上有股邪恶气息。","","","","",""
"56060","0","","0","1","TRUE","","0","2","180020","","1","0","","","","","","","95009","0","阿吉莫根之力（满血）","阿吉莫根之力","","","","",""
"56061","0","","0","1","TRUE","","0","2","180021","","1","0","","","","","","","95009","0","阿吉莫根之怒（buff无限加成）","阿吉莫根之怒","","","","",""
"56062","0","","0","1","TRUE","","0","","","","","","","","","","","","","0","","这就是银松森林么？","","","","",""
"56063","0","","0","1","TRUE","","0","","","","","","","","","","","","","0","发狂的野猪","<T t=""哼唧！哼唧！"" c=""FFFFF2DF"" f=""simhei-12""></T>","","","","",""
"56064","0","","0","1","TRUE","","0","","","","","","","","","","","","95002","1","主角自己说话","<T t=""你不要过来啊！！！"" c=""FFFFF2DF"" f=""simhei-12""></T><E e=""178""></E>","","","","",""
"56065","0","","0","1","TRUE","","0","","","","","","","","","","","","","0","","<T t=""吼吼！啊呜！"" c=""FFFFF2DF"" f=""simhei-12""></T>","","","","",""
"56074","0","","0","1","TRUE","","0","","","","","","","","","","","","","0","","<T t=""吼吼！啊呜！"" c=""FFFFF2DF"" f=""simhei-12""></T>","","","","",""
"56075","0","","0","1","TRUE","","0","9","","","","","100","","","","","","","0","","<T t=""慢慢玩吧，哈哈哈。"" c=""FFFFF2DF"" f=""simhei-12""></T>","","","","",""
"56077","0","","0","1","TRUE","","0","","","","","","","","","","","","95002","1","","傻馒你傲娇了。","","","","",""
"56079","0","","0","1","TRUE","","0","","","","","","","","","","","","","0","","断子绝孙脚。","","","","",""
"56080","0","","0","1","TRUE","","0","","","","","","","","","","","","","0","","告别足坛铲。","","","","",""
"56081","0","","0","1","TRUE","","0","","","","","","","","","","","","","0","","面目全非肘。","","","","",""
"56082","0","","0","1","TRUE","","0","","","","","","","","","","","","","0","","红牌黑哨拳。","","","","",""
"56083","0","","0","1","TRUE","","0","","","","","","","","","","","","","0","","空门掌。","","","","",""
"56084","0","","0","1","TRUE","","0","","","","","","","","","","","","","0","","黑幕手。","","","","",""
"56089","0","","0","1","TRUE","","0","10","","","","","","","","","","","","0","","他们人多势众,要不还是先撤吧。","","","","",""
"56090","0","","0","1","TRUE","","0","","","","","","","","","","","","","0","","（愤怒）什么？他们真是这么说的？我拉住,你给我加好。","","","","",""
"56091","0","","0","1","TRUE","","0","","","","","","","","","","","","","0","","姐妹们,让他们尝尝五火球神教的威力。","","","","",""
"56092","0","","0","1","TRUE","","0","","","","","","","","","","","","95002","1","","我刚听到他们讨论,你的宝宝烤着吃还是煮着吃。","","","","",""
"56094","0","","0","1","TRUE","","0","","","","","","","","","","","","","0","","靠,他奶奶的,尾巴可是哀木涕的象征。","","","","",""
"56095","0","","0","1","TRUE","","0","","","","","","","","","","","","","0","","我只是想割个尾巴。","","","","",""
"56096","0","","0","1","TRUE","","0","","","","","","","","","","","","","0","","很久以前我在一头母牛身上也看到过一条同样可爱的尾巴。","","","","",""
"56097","0","","0","1","TRUE","","0","","","","","","","","","","","","","0","","哪有上来不先联络感情,直接割人尾巴的。","","","","",""
"56101","0","","0","1","TRUE","","0","","","","","","","","","","","","","0","","（惊慌）什么人？可恶,难道我族复兴的计划被人察觉了吗？","","","","",""
"56102","0","","0","1","TRUE","","0","","","","","","","","","","","","95002","1","","额...抱歉,这件事情和你想得不太一样。","","","","",""
"56104","0","","0","1","TRUE","","0","","","","","","","","","","","","","0","","（惊慌）什么人？可恶,难道我...","","","","",""
"56105","0","","0","1","TRUE","","0","","","","","","","","","","","","","0","","（说话被噎住）呃...","","","","",""
"56106","0","","0","1","TRUE","","0","","","","","","","","","","","","95002","1","","（打断）抱歉我不知道你们复兴的计划,也并不关心。","","","","",""
"56107","0","","0","1","TRUE","","0","","","","","","","","","","","","","0","","我没有以前的记忆,我只记得在沙滩上被这群兽人捡到。","","","","",""
"56108","0","","0","1","TRUE","","0","","","","","","","","","","","","95002","1","","转换自身角色也是一大乐趣,但...","","","","",""
"56109","0","","0","1","TRUE","","0","","","","","","","","","","","","95002","1","","现在这个国家更需要它的国王,而不是一个英勇的角斗士。","","","","",""
"56113","0","","0","1","TRUE","","0","","","","","","","","","","","","95002","1","","国王陛下,请冷静下来。","","","","",""
"56114","0","","0","1","TRUE","","0","","","","","","","","","","","","95002","1","","没办法,冒犯了。","","","","",""
"56115","0","","0","1","TRUE","","0","","","","","","","","","","","","","0","","（痛苦）呃...啊啊啊啊！","","","","",""
"56121","0","","0","1","TRUE","","0","","","","","","","","","","","","","0","","（微微一笑）你该畏惧的不应该是我","","","","",""
"56122","0","","0","1","TRUE","","0","","","","","","","","","","","","","0","","为你的恶行付出代价吧,恶龙。","","","","",""
"56123","0","","0","1","TRUE","","0","2","150007","","","","","","","","","","","0","","（惊慌）半...半神？","","","","",""
"56125","0","","0","1","TRUE","","0","2","180022","","1","0","","","","","","","","0","","Only my railgun!","","","","",""
"56126","0","","0","1","TRUE","","0","","","","","","","","","","","","95002","1","","你在玩COSPLAY吗？","","","","",""
"56127","0","","0","1","TRUE","","0","2","180023","","1","0","","","","","","","","0","","见识下真正的落雷吧！","","","","",""
"56128","0","","0","1","TRUE","","0","","","","","","","","","","","","95002","1","","所以这都是些什么乱七八糟的技能名。","","","","",""
"56130","0","","0","1","TRUE","","0","2","731002","","1","0","","","","","","","95016","0","劣人封印暗夜男","看我的","","","","",""
"56131","0","","0","1","TRUE","","0","12","","","","","","{29526@1000}$11,{29527@1000}$12,{29528@1000}$13","","","","","95002","0","","","","","","",""
"56132","0","","0","1","TRUE","","0","2","771001","","100","0","","","","","","","94006","0","","哀木涕，你太弱了。","","AIchat/shaman_001.ogg","","",""
"56133","0","","0","1","TRUE","","0","","","","","","","","","","","","","0","","","","","","",""
"56134","0","","0","1","TRUE","","0","","","","","","","","","","","","","0","大小姐喊话","人呢,都到哪里去了？","","","","",""
"56135","0","","0","1","TRUE","","0","12","","","","","","{29812@1000}$15,{29813@1000}$18,{29814@1000}$19,{29815@1000}$20,{29816@1000}$21,{29817@1000}$22","","","","","","0","暗夜男召唤并喊话回答","大小姐,光棍团来报道了！","","","","",""
"56136","0","","0","1","TRUE","","0","","","","","","","","","","","","","0","大小姐质问光棍","“光”“棍”去哪了？","","","","",""
"56137","0","","0","1","TRUE","","0","","","","","","","","","","","","","0","光棍团答复","在！","","","","",""
"56138","0","","0","1","TRUE","","0","","","","","","","","","","","","","0","大小姐让光棍团出手","气死我了,给我打死他们。","","","","",""
"56139","0","","0","1","TRUE","","0","","","","","","","","","","","","","0","大小姐再次质问光棍","“光”“棍”到底去哪了？","","","","",""
"56140","0","","0","1","TRUE","","0","12","","","","","","{29813@1000}$20,29814@1000}$22","","","","","","0","暗夜男说话并召唤光棍","大小姐,他们来了。","","","","",""
"56141","0","","0","1","TRUE","","0","","","","","","","","","","","","","0","光棍喊话","大小姐,我们来了。","","","","",""
"56151","0","","0","1","TRUE","","0","12","","","","","","{29935@1000}$13","","","","","95002","0","8540主角召唤神秘人","","","","","",""
"56152","0","","0","1","TRUE","","0","12","","","","","","{29933@1000}$20,29933@1000}$21","","","","","","0","8540死灵法师召唤亡灵战士1","苏醒吧,我的战士们！","","","","",""
"56153","0","","0","1","TRUE","","0","12","","","","","","{29933@1000}$22,29933@1000}$23","","","","","","0","8540死灵法师召唤亡灵战士2","苏醒吧,我的战士们！","","","","",""
"56154","0","","0","1","TRUE","","0","12","","","","","","{29933@1000}$18,29933@1000}$19","","","","","","0","8540死灵法师召唤亡灵战士3","苏醒吧,我的战士们！","","","","",""
"56179","0","","0","1","TRUE","","0","9","","","","","100","","","","","","","0","8540神秘隐士逃跑","他们太强了,小家伙,我也帮不了你,先闪了。","","","","",""
"56155","0","","0","1","TRUE","","0","","","","","","","","","","","","","0","8540神秘隐士喊话","冒险者,这里不是你该来的地方","","","","",""
"56156","0","","0","1","TRUE","","0","","","","","","","","","","","","","0","8541地中海喊话","(地中海语)DUIBUQI! BUSHIGUYIDE","","","","",""
"56157","0","","0","1","TRUE","","0","","","","","","","","","","","","","0","8541哀木涕喊话","NND,说什么呢","","","","",""
"56158","0","","0","1","TRUE","","0","","","","","","","","","","","","","0","8543十字军伊森喊话","大十字军让我干掉你和你的朋友,但我做这事完全是出于兴趣","","","","",""
"56159","0","","0","1","TRUE","","0","","","","","","","","","","","","","0","8543十字军伊森喊话","有其父必有其子,你就跟你父亲一样软弱！","","","","",""
"56200","0","","0","1","true","","0","2","761004","","1","0","","","","","","","95039","0","心灵之火","","","","","",""
"56201","0","","0","1","true","","0","2","761003","","1","0","","","","","","","95038","0","复生","","","","","",""
"56198","0","","0","1","true","","0","2","761002","","1","0","","","","","","","94040","0","治疗祷言","","","","","",""
"56160","0","","0","1","TRUE","","0","","","","","","","","","","","","","0","8543塔兰佛丁喊话","我要为我丢失的信仰和荣耀复仇！","","","","",""
"56161","0","","0","1","TRUE","","0","","","","","","","","","","","","","0","8544血色百夫长喊话1","士兵们,干掉这些入侵者","","","","",""
"56162","0","","0","1","TRUE","","0","","","","","","","","","","","","","0","8544血色百夫长喊话2","卑鄙的异端者,你会为你的行为付出代价!","","","","",""
"56163","0","","0","1","TRUE","","0","9","","","","","100","","","","","","","0","8544血色百夫长喊话3并逃跑","大领主不会放过你们的！","","","","",""
"56164","0","","0","1","TRUE","","0","","","","","","","","","","","","","0","8545莫格莱恩喊话","士兵,干掉这些被瘟疫感染的家伙","","","","",""
"56165","0","","0","1","TRUE","","0","","","","","","","","","","","","","0","8545全体血色护卫喊话","为您效劳,大人!","","","","",""
"56166","0","","0","1","TRUE","","0","2","160003","","70","0","","","","","","","95017","0","8545中奶怀特复活雷诺并喊话","复活吧,我的勇士！","","","","",""
"56167","0","","0","1","TRUE","","0","","","","","","","","","","","","","0","8545莫格莱恩喊话","为你而战,我的女士！","","","","",""
"56168","0","","0","1","TRUE","","0","","","","","","","","","","","","","0","8546恐惧魔王喊话1","既然你知道了我的真面目,就别想活着离开！","","","","",""
"56177","0","","0","1","TRUE","","0","","","","","","","","","","","","","0","8546恐惧魔王喊话2","虽然我不是本地人,但我有一百种方法让你们落败,而你们却无可奈何。","","","","",""
"56178","0","","0","1","TRUE","","0","","","","","","","","","","","","","0","8546恐惧魔王喊话3","若是你们就此罢手,那我在此多谢了,他日必有重谢。","","","","",""
"56169","0","","0","1","TRUE","","0","","","","","","","","","","","","","0","8547缝合憎恶喊话","肉,新鲜的肉！","","","","",""
"56170","0","","0","1","TRUE","","0","","","","","","","","","","","","","0","8548莫格莱尼喊话","你们胆敢闯入死亡的领地！","","","","",""
"56171","0","","0","1","TRUE","","0","","","","","","","","","","","","","0","8548达利安喊话","父亲,我相信你在灵魂深处一定还有真正内心","","","","",""
"56172","0","","0","1","TRUE","","0","","","","","","","","","","","","","0","8548莫格莱尼喊话","受死吧,卑微的虫子！","","","","",""
"56173","0","","0","1","TRUE","","0","","","","","","","","","","","","","0","8548达利安喊话","父亲……你等等,我一定要救赎你的灵魂","","","","",""
"56174","0","","0","1","TRUE","","0","","","","","","","","","","","","","0","8549天灾先锋喊话","干掉他们的头领！","","","","",""
"56175","0","","0","1","TRUE","","0","","","","","","","","","","","","","0","8551达利安喊话","圣光不会抛弃我们！","","","","",""
"56176","0","","0","1","TRUE","","0","","","","","","","","","","","","","0","8551达利安喊话","我会和大家一起战斗直到死亡！","","","","",""
"56202","0","","0","1","TRUE","","0","2","160004","","1","0","","","","","","","","0","8551天灾精英释放心灵之火","","","","","",""
"56203","0","","0","1","TRUE","","0","2","150002","","1","0","","","","","","","","0","8551天灾精英释放奥数爆击","","","","","",""
"56204","0","","0","1","TRUE","","0","2","163002","","1","0","","","","","","","95041","0","8551精英助手控制","","","","","",""
"56205","0","","0","1","TRUE","","0","2","120005","","1","0","","","","","","","95042","0","8551精英助手神谕责难","","","","","",""
"56206","0","","0","1","TRUE","","0","2","160002","","1","0","","","","","","","95043","0","8551精英助手群体治疗","","","","","",""
"56207","0","","0","1","TRUE","","0","2","120004","","1","0","","","","","","","95044","0","8551精英助手单体治疗","","","","","",""
"56208","0","","0","1","TRUE","","0","2","160003","","1","0","","","","","","","95045","0","8551精英助手复活","","","","","",""
"56199","0","","0","1","TRUE","","0","","","","","","","","","","","","","0","8544血色战士喊话","我们不死,百夫长不亡！","","","","",""
"56400","0","","0","1","TRUE","","0","9","","","","","100","","","","","","","0","8552玛格汉俘虏逃跑","多谢英雄们搭救,我先闪了！","","","","",""
"56401","0","","0","1","TRUE","","0","2","771004","","1","0","","","","","","","95048","0","8552艾格纳先祖之魂","","","","","",""
"56402","0","","0","1","TRUE","","0","2","771001","","1","0","","","","","","","95047","0","8552艾格纳闪电链","","","","","",""
"56403","0","","0","1","TRUE","","0","","","","","","","","","","","","","0","8553食人魔头领喊话","所有瘦的人都该死！","","","","",""
"56404","0","","0","1","TRUE","","0","2","741003","","1","0","","","","","","","95049","0","8554奥罗巴使用黄昏花蕾","","","","","",""
"56405","0","","0","1","TRUE","","0","2","741002","","1","0","","","","","","","95050","0","8554奥罗巴使用绿之潮","","","","","",""
"56406","0","","0","1","TRUE","","0","2","753002","","1","0","","","","","","","","0","8555愤怒的树灵单秒","","","","","",""
"56407","0","","0","1","TRUE","","0","2","791002","","1","0","","","","","","","95051","0","8555树灵卫兵控制","","","","","",""
"56408","0","","0","1","TRUE","","0","2","761004","","1","0","","","","","","","","0","8555树灵张老喊话并使用心灵之火","野蛮人,接受大自然的惩罚吧！","","","","",""
"56409","0","","0","1","TRUE","","0","2","761002","","1","0","","","","","","","95052","0","8555树灵张老治疗","","","","","",""
"56410","0","","0","1","TRUE","","0","","","","","","","","","","","","","0","8555戈兰姆喊话","战歌氏族不会像任何人低头！","","","","",""
"56411","0","","0","1","TRUE","","0","2","713001","","1","0","","","","","","","","0","8556精灵游骑血量不足释放幻影斩","","","","","",""
"56412","0","","0","1","TRUE","","0","","","","","","","","","","","","","0","8556戈兰姆喊话","不胜利,毋宁死！","","","","",""
"56413","0","","0","1","TRUE","","0","","","","","","","","","","","","","0","8556瑟那洛斯喊话","戈兰姆,你的勇气着实令我刮目相看。","","","","",""
"56414","0","","0","1","TRUE","","0","2","163007","","1","0","","","","","","","","0","8559玛尔诺斯释放绝技——群魔乱舞","","","","","",""
"56415","0","","0","1","TRUE","","0","2","163005","","1","0","","","","","","","","0","8559玛尔诺斯释放虚弱诅咒","","","","","",""
"56416","0","","0","1","TRUE","","0","2","163004","","1","0","","","","","","","","0","8559玛尔诺斯释放恶魔降临","","","","","",""
"56500","0","","0","1","TRUE","","0","","","","","","","","","","","","","0","8560图兰朵喊话","既然你们不肯离开,那我们就不客气了！","","","","",""
"56501","0","","0","1","TRUE","","0","2","191005","","1","0","","","","","","","","0","8560图兰朵释放技能精准打击","","","","","",""
"56502","0","","0","1","TRUE","","0","2","160004","","1","0","","","","","","","","0","8560守护释放心灵之火","","","","","",""
"56503","0","","0","1","TRUE","","0","2","160003","","1","0","","","","","","","","0","8560守护救人","","","","","",""
"56504","0","","0","1","TRUE","","0","2","160002","","1","0","","","","","","","","0","8560守护治疗","","","","","",""
"56505","0","","0","1","TRUE","","0","2","163005","","1","0","","","","","","","","0","8561野猪人战士降敌人法防","","","","","",""
"56506","0","","0","1","TRUE","","0","2","163002","","1","0","","","","","","","","0","8561野猪人战士沉默诅咒","","","","","",""
"56507","0","","0","1","TRUE","","0","2","163001","","1","0","","","","","","","95056","0","8561野猪人战士火焰雨","","","","","",""
"56508","0","","0","1","TRUE","","0","2","161003","","1","0","","","","","","","","0","8561野猪人萨满释放闪电箭","","","","","",""
"56509","0","","0","1","TRUE","","0","2","160003","","1","0","","","","","","","95057","0","8561野猪人萨满救人","","","","","",""
"56510","0","","0","1","TRUE","","0","2","120005","","1","0","","","","","","","95059","0","8562恐惧魔王破隐身","","","","","",""
"56511","0","","0","1","TRUE","","0","2","120004","","1","0","","","","","","","95053","0","8562恐惧魔王圣光洗礼","","","","","",""
"56512","0","","0","1","TRUE","","0","","","","","","","","","","","","","0","8564发狂的树人喊话","软弱的族人,大人令我们干掉任何想要进入这个地方的家伙！","","","","",""
"56513","0","","0","1","TRUE","","0","2","163005","","1","0","","","","","","","","0","8564发狂的树人降敌人法防","","","","","",""
"56514","0","","0","1","TRUE","","0","2","163002","","1","0","","","","","","","","0","8564发狂的树人沉默诅咒","","","","","",""
"56515","0","","0","1","TRUE","","0","2","163001","","1","0","","","","","","","95056","0","8564发狂的树人火焰雨","","","","","",""
"56516","0","","0","1","TRUE","","0","2","110003","","1","0","","","","","","","","0","8564恐惧魔王横扫","","","","","",""
"56517","0","","0","1","TRUE","","0","","","","","","","","","","","","","0","8565守卫头领喊话","你的行动很鲁莽,女祭司！","","","","",""
"56518","0","","0","1","TRUE","","0","","","","","","","","","","","","","0","8566馬维喊话1","女祭司,这里禁止入内！","","","","",""
"56519","0","","0","1","TRUE","","0","","","","","","","","","","","","","0","8566馬维喊话2","疯狂！这个背叛者将毁灭暗夜精灵！","","","","",""
"56520","0","","0","1","TRUE","","0","","","","","","","","","","","","","0","8566图兰朵喊话","没理由我们不相信自己的族人！","","","","",""
"56521","0","","0","1","TRUE","","0","","","","","","","","","","","","","0","8567艾尔索斯喊话1","恶魔猎人,你的能力软弱不堪！","","","","",""
"56522","0","","0","1","TRUE","","0","","","","","","","","","","","","","0","8567艾尔索斯喊话2","你们杀不死我,先杀我的子民吧！","","","","",""
"56523","0","","0","1","TRUE","","0","9","","","","","100","","","","","","","0","8567艾尔索斯逃跑","唉,你们弱爆了,都打不动我。不陪你们玩了。","","","","",""
"56524","0","","0","1","TRUE","","0","","","","","","","","","","","","","0","8567尤利安喊话","胆敢挑战我,你这是自寻死路！","","","","",""
"56525","0","","0","1","TRUE","","0","10","","","","","","","","","","","","0","8569尤利安出场喊话1","这神器的力量应该属于我！","","","","",""
"56526","1010140","","0","1","TRUE","","0","","","","","","","","","","","","","0","8569尤利安变身喊话1","哈哈哈,我现在已经完美了！","","","","",""
"56527","0","","0","1","TRUE","","0","9","","","","","100","","","","","","","0","8569尤利安逃跑喊话1","你放心,我会用这力量来对付燃烧军团。","","","","",""
"56528","0","","0","1","TRUE","","0","","","","","","","","","","","","","0","8569尤利安喊话2","这些恶念让我迷失了自我,专心消除我心中的恶念！","","","","",""
"56529","0","","0","1","TRUE","","0","1","","","","","","","","","","","95061","0","8569攻击古尔迪安之颅","","","","","",""
"56530","0","","0","1","TRUE","","0","","","","","","","","","","","","","0","8570泰克道斯喊话","是你掠走了属于我的神器？","","","","",""
"56531","0","","0","1","TRUE","","0","","","","","","","","","","","","","0","8570尤利安喊话","不错,我还要终结你的性命。","","","","",""
"56532","0","","0","1","TRUE","","0","","","","","","","","","","","","","0","8573阿克蒙德喊话","再也没有人能够阻挡我！","","","","",""
"56533","0","","0","1","TRUE","","0","12","","","","","","{40139@1000}$13","","","","","95002","0","8573召唤玛佛里","","","","","",""
"56534","0","","0","1","TRUE","","0","12","","","","","","{40138@1000}$14","","","","","","0","8573玛佛里召唤小精灵","","","","","",""
"56540","0","","0","1","TRUE","","0","2","110002","","1","0","","","","","","","95070","0","新手战斗战士玩家嘲讽BOSS","都精神点,奶妈注意点我血量","","AIchat/xinshouzhanshi01.ogg","2","4",""
"56541","0","","0","1","TRUE","","0","2","110005","","1","0","","","","","","","95070","0","新手战斗战士玩家破甲BOSS","所有人都集火BOSS,牧师把血拉起来","","AIchat/xinshouzhanshi02.ogg","2","5",""
"56542","0","","0","1","TRUE","","0","","","","","","","","","","","","","0","新手战斗战士玩家喊话","萨满你会不会玩,这把打完出去替补吧","2","","","",""
"56543","0","","0","1","TRUE","","0","2","140001","","1","0","","","","","","","95072","0","新手战斗德鲁伊玩家横扫火元素","把那个羊了！","","AIchat/xinshoudeluyi01.ogg","2","3",""
"56544","0","","0","1","TRUE","","0","2","140001","","1","0","","","","","","","95071","0","新手战斗德鲁伊玩家横扫把羊打醒","","","","","",""
"56545","0","","0","1","TRUE","","0","2","150003","","1","0","","","","","","","95071","0","新手战斗法师玩家羊大奶铜须","哪个啊,羊哪个？我随便羊了啊！","","AIchat/xinshoufashi01.ogg","2","4",""
"56546","0","","0","1","TRUE","","0","10","","","","","","","","","","","","0","新手战斗牧师玩家休息","","","","","",""
"56547","0","","0","1","TRUE","","0","2","183003","","1","0","","","","","","","","0","新手战斗牧师玩家治疗之环加血,把所有人血线拉满","哎呀,怎么都开始了!厕所都没上踏实！","","AIchat/xinshoumushi01.ogg","2","4",""
"56548","0","","0","1","TRUE","","0","2","183001","","1","0","","","","","","","","0","新手战斗炎魔群体喷火,所有玩家残血","我的火焰会净化一切。","","AIchat/BOSS_01.ogg","1","5",""
"56549","0","","0","1","TRUE","","0","2","183002","","1","0","","","","","","","","0","新手战斗炎魔群体喷火,秒杀所有玩家","蝼蚁,尝尝愤怒的火焰吧！","","AIchat/BOSS_02.ogg","1","5",""
"56550","0","","0","1","TRUE","","0","2","183003","","1","0","","","","","","","","0","新手战斗大奶铜须给炎魔加满","","","","","",""
"56551","0","","0","1","TRUE","","0","10","","","","","","","","","","","","0","新手战斗宠物休息","","","","","",""
"56555","0","","0","1","TRUE","","0","2","161001","","1","0","","","","","","","","0","萨满职业闪电链","","","","","",""
"56556","0","","0","1","TRUE","","0","2","161002","","1","0","","","","","","","","0","萨满职业治疗图腾","","","","","",""
"56557","0","","0","1","TRUE","","0","2","161003","","1","0","","","","","","","","0","萨满职业闪电箭","","","","","",""
"56558","0","","0","1","TRUE","","0","2","161004","","1","0","","","","","","","","0","萨满职业先祖之魂","","","","","",""
"56559","0","","0","1","TRUE","","0","2","161005","","1","0","","","","","","","","0","萨满职业狂热图腾","","","","","",""
"56560","0","","0","1","TRUE","","0","2","161007","","1","0","","","","","","","","0","萨满职业风暴轰击","","","","","",""
"56561","0","","0","1","TRUE","","0","2","163001","","1","0","","","","","","","","0","术士职业火焰之雨","","","","","",""
"56562","0","","0","1","TRUE","","0","2","163002","","1","0","","","","","","","95051","0","术士职业沉默诅咒","","","","","",""
"56563","0","","0","1","TRUE","","0","2","163003","","1","0","","","","","","","","0","术士职业生命虹吸","","","","","",""
"56564","0","","0","1","TRUE","","0","2","163004","","1","0","","","","","","","","0","术士职业恶魔降临","","","","","",""
"56565","0","","0","1","TRUE","","0","2","163005","","1","0","","","","","","","","0","术士职业虚弱诅咒","","","","","",""
"56566","0","","0","1","TRUE","","0","2","163007","","1","0","","","","","","","","0","术士职业群魔乱舞","","","","","",""
"56567","0","","0","1","TRUE","","0","2","162001","","1","0","","","","","","","","0","盗贼职业淬毒刀扇","","","","","",""
"56568","0","","0","1","TRUE","","0","2","162002","","1","0","","","","","","","","0","盗贼职业穿刺影袭","","","","","",""
"56569","0","","0","1","TRUE","","0","2","162003","","1","0","","","","","","","","0","盗贼职业剔骨","","","","","",""
"56570","0","","0","1","TRUE","","0","2","162004","","1","0","","","","","","","","0","盗贼职业潜行","","","","","",""
"56571","0","","0","1","TRUE","","0","2","162005","","1","0","","","","","","","","0","盗贼职业闷棍","","","","","",""
"56572","0","","0","1","TRUE","","0","2","162007","","1","0","","","","","","","","0","盗贼职业杀戮盛筵","","","","","",""
"56573","0","","0","1","TRUE","","0","2","150001","","1","0","","","","","","","","0","法师职业暴风雪","","","","","",""
"56574","0","","0","1","TRUE","","0","2","150002","","1","0","","","","","","","","0","法师职业奥术冲击","","","","","",""
"56575","1010140","","0","1","TRUE","","0","2","150003","","1","0","","","","","","","","0","法师职业变形术","","","","","",""
"56576","0","","0","1","TRUE","","0","2","150004","","1","0","","","","","","","","0","法师职业魔爆术","","","","","",""
"56577","0","","0","1","TRUE","","0","2","150005","","1","0","","","","","","","","0","法师职业冰霜血脉","","","","","",""
"56578","0","","0","1","TRUE","","0","2","150007","","1","0","","","","","","","","0","法师职业烈焰风暴","","","","","",""
"56579","0","","0","1","TRUE","","0","2","110001","","1","0","","","","","","","","0","战士职业幻影冲锋","","","","","",""
"56580","0","","0","1","TRUE","","0","2","110002","","1","0","","","","","","","","0","战士职业嘲讽","","","","","",""
"56581","0","","0","1","TRUE","","0","2","110003","","1","0","","","","","","","","0","战士职业毁灭打击","","","","","",""
"56582","0","","0","1","TRUE","","0","2","110004","","1","0","","","","","","","","0","战士职业蓄力猛击","","","","","",""
"56583","0","","0","1","TRUE","","0","2","110005","","1","0","","","","","","","","0","战士职业破甲","","","","","",""
"56584","0","","0","1","TRUE","","0","2","110007","","1","0","","","","","","","","0","战士职业无敌斩","","","","","",""
"56585","0","","0","1","TRUE","","0","2","120001","","1","0","","","","","","","","0","圣骑职业审判之锤","","","","","",""
"56586","0","","0","1","TRUE","","0","2","120002","","1","0","","","","","","","","0","圣骑职业无边定罪","","","","","",""
"56587","0","","0","1","TRUE","","0","2","120003","","1","0","","","","","","","","0","圣骑职业复仇之盾","","","","","",""
"56588","0","","0","1","TRUE","","0","2","120004","","1","0","","","","","","","","0","圣骑职业圣光洗礼","","","","","",""
"56589","0","","0","1","TRUE","","0","2","120005","","1","0","","","","","","","","0","圣骑职业神谕责难","","","","","",""
"56590","0","","0","1","TRUE","","0","2","120007","","1","0","","","","","","","","0","圣骑职业守护圣盾","","","","","",""
"56591","0","","0","1","TRUE","","0","2","130001","","1","0","","","","","","","","0","猎人（远程）职业多重打击","","","","","",""
"56592","0","","0","1","TRUE","","0","2","130002","","1","0","","","","","","","","0","猎人（远程）职业穿刺打击","","","","","",""
"56593","0","","0","1","TRUE","","0","2","130003","","1","0","","","","","","","","0","猎人（远程）职业野性召唤","","","","","",""
"56594","0","","0","1","TRUE","","0","2","130004","","1","0","","","","","","","","0","猎人（远程）职业生命献祭","","","","","",""
"56595","0","","0","1","TRUE","","0","2","130005","","1","0","","","","","","","","0","猎人（远程）职业精准打击","","","","","",""
"56596","0","","0","1","TRUE","","0","2","130007","","1","0","","","","","","","","0","猎人（远程）职业美拉冲击","","","","","",""
"56597","0","","0","1","TRUE","","0","2","140001","","1","0","","","","","","","","0","德鲁伊职业撕裂横扫","","","","","",""
"56598","0","","0","1","TRUE","","0","2","140002","","1","0","","","","","","","","0","德鲁伊职业绿之潮","","","","","",""
"56599","0","","0","1","TRUE","","0","2","140003","","1","0","","","","","","","","0","德鲁伊职业黄昏花蕾","","","","","",""
"56600","0","","0","1","TRUE","","0","2","140004","","1","0","","","","","","","","0","德鲁伊职业灵熊爪击","","","","","",""
"56601","0","","0","1","TRUE","","0","2","140005","","1","0","","","","","","","","0","德鲁伊职业自然之眼","","","","","",""
"56602","0","","0","1","TRUE","","0","2","140007","","1","0","","","","","","","","0","德鲁伊职业纠缠根须","","","","","",""
"56603","0","","0","1","TRUE","","0","2","160001","","1","0","","","","","","","","0","牧师职业神圣新星","","","","","",""
"56604","0","","0","1","TRUE","","0","2","160002","","1","0","","","","","","","","0","牧师职业治疗祷言","","","","","",""
"56605","0","","0","1","TRUE","","0","2","160003","","1","0","","","","","","","","0","牧师职业复生","","","","","",""
"56606","0","","0","1","TRUE","","0","2","160004","","1","0","","","","","","","","0","牧师职业心灵之火","","","","","",""
"56607","0","","0","1","TRUE","","0","2","160005","","1","0","","","","","","","","0","牧师职业神圣救赎","","","","","",""
"56608","0","","0","1","TRUE","","0","2","160007","","1","0","","","","","","","","0","牧师职业天定之国","","","","","",""
"56609","0","","0","1","TRUE","","0","2","191001","","1","0","","","","","","","","0","猎人（近）职业多重打击","","","","","",""
"56610","0","","0","1","TRUE","","0","2","191002","","1","0","","","","","","","","0","猎人（近）职业穿刺打击","","","","","",""
"56611","0","","0","1","TRUE","","0","2","191003","","1","0","","","","","","","","0","猎人（近）职业野性召唤","","","","","",""
"56612","0","","0","1","TRUE","","0","2","191004","","1","0","","","","","","","","0","猎人（近）职业生命献祭","","","","","",""
"56613","0","","0","1","TRUE","","0","2","191005","","1","0","","","","","","","","0","猎人（近）职业精准打击","","","","","",""
"56614","0","","0","1","TRUE","","0","2","191007","","1","0","","","","","","","","0","猎人（近）职业美拉冲击","","","","","",""
"56615","0","","0","1","TRUE","","0","","","","","","","","","","","","","0","8587主角喊话","看来这场战斗是无法避免了。","","","","",""
"56616","0","","0","1","TRUE","","0","","","","","","","","","","","","","0","8591瓦力玛萨斯喊话","在我的地盘，我说了算！","","","","",""
"56617","0","","0","1","TRUE","","0","","","","","","","","","","","","","0","8595凯苏德喊话","背叛艾尔索斯是不会有好下场的！","","","","",""
"56618","0","","0","1","TRUE","","0","","","","","","","","","","","","","0","8595主角喊话","跟着他更没有好下场！","","","","",""
"56619","0","","0","1","TRUE","","0","","","","","","","","","","","","","0","8596瓦力玛萨斯喊话","很快你就会后悔你的决定！","","","","",""
"56620","0","","0","1","TRUE","","0","","","","","","","","","","","","","0","8596主角喊话","向往自由的心不是一个恐惧魔王能够理解的！","","","","",""
"56621","0","","0","1","TRUE","","0","","","","","","","","","","","","","0","8598德罗塞克喊话","不自量力的家伙！","","","","",""
"56622","0","","0","1","TRUE","","0","","","","","","","","","","","","","0","8599巴纳扎尔喊话","没想到最后被我的兄弟出卖！","","","","",""
"56623","0","","0","1","TRUE","","0","2","164001","","1","0","","","","","","","","0","猎人（近）职业多重打击","","","","","",""
"56624","0","","0","1","TRUE","","0","2","164002","","1","0","","","","","","","","0","猎人（近）职业穿刺打击","","","","","",""
"56625","0","","0","1","TRUE","","0","2","164003","","1","0","","","","","","","","0","猎人（近）职业野性召唤","","","","","",""
"56626","0","","0","1","TRUE","","0","2","164004","","1","0","","","","","","","","0","猎人（近）职业生命献祭","","","","","",""
"56627","0","","0","1","TRUE","","0","2","164005","","1","0","","","","","","","","0","猎人（近）职业精准打击","","","","","",""
"56628","0","","0","1","TRUE","","0","2","164007","","1","0","","","","","","","","0","猎人（近）职业美拉冲击","","","","","",""
"56629","0","","0","1","TRUE","","0","2","165001","","1","0","","","","","","","","0","猎人（近）职业多重打击","","","","","",""
"56630","0","","0","1","TRUE","","0","2","165002","","1","0","","","","","","","","0","猎人（近）职业穿刺打击","","","","","",""
"56631","0","","0","1","TRUE","","0","2","165003","","1","0","","","","","","","","0","猎人（近）职业野性召唤","","","","","",""
"56632","0","","0","1","TRUE","","0","2","165004","","1","0","","","","","","","","0","猎人（近）职业生命献祭","","","","","",""
"56633","0","","0","1","TRUE","","0","2","165005","","1","0","","","","","","","","0","猎人（近）职业精准打击","","","","","",""
"56634","0","","0","1","TRUE","","0","2","165007","","1","0","","","","","","","","0","猎人（近）职业美拉冲击","","","","","",""
"56635","0","","0","1","TRUE","","0","2","166001","","1","0","","","","","","","","0","猎人（近）职业多重打击","","","","","",""
"56636","0","","0","1","TRUE","","0","2","166002","","1","0","","","","","","","","0","猎人（近）职业穿刺打击","","","","","",""
"56637","0","","0","1","TRUE","","0","2","166003","","1","0","","","","","","","","0","猎人（近）职业野性召唤","","","","","",""
"56638","0","","0","1","TRUE","","0","2","166004","","1","0","","","","","","","","0","猎人（近）职业生命献祭","","","","","",""
"56639","0","","0","1","TRUE","","0","2","166005","","1","0","","","","","","","","0","猎人（近）职业精准打击","","","","","",""
"56640","0","","0","1","TRUE","","0","2","166007","","1","0","","","","","","","","0","猎人（近）职业美拉冲击","","","","","",""
"56641","0","","0","1","TRUE","","0","2","167001","","1","0","","","","","","","","0","猎人（近）职业多重打击","","","","","",""
"56642","0","","0","1","TRUE","","0","2","167002","","1","0","","","","","","","","0","猎人（近）职业穿刺打击","","","","","",""
"56643","0","","0","1","TRUE","","0","2","167003","","1","0","","","","","","","","0","猎人（近）职业野性召唤","","","","","",""
"56644","0","","0","1","TRUE","","0","2","167004","","1","0","","","","","","","","0","猎人（近）职业生命献祭","","","","","",""
"56645","0","","0","1","TRUE","","0","2","167005","","1","0","","","","","","","","0","猎人（近）职业精准打击","","","","","",""
"56646","0","","0","1","TRUE","","0","2","167007","","1","0","","","","","","","","0","猎人（近）职业美拉冲击","","","","","",""
"56647","0","","0","1","TRUE","","0","2","168001","","1","0","","","","","","","","0","猎人（近）职业多重打击","","","","","",""
"56648","0","","0","1","TRUE","","0","2","168002","","1","0","","","","","","","","0","猎人（近）职业穿刺打击","","","","","",""
"56649","0","","0","1","TRUE","","0","2","168003","","1","0","","","","","","","","0","猎人（近）职业野性召唤","","","","","",""
"56650","0","","0","1","TRUE","","0","2","168004","","1","0","","","","","","","","0","猎人（近）职业生命献祭","","","","","",""
"56651","0","","0","1","TRUE","","0","2","168005","","1","0","","","","","","","","0","猎人（近）职业精准打击","","","","","",""
"56652","0","","0","1","TRUE","","0","2","168007","","1","0","","","","","","","","0","猎人（近）职业美拉冲击","","","","","",""
"56653","0","","0","1","TRUE","","0","2","169001","","1","0","","","","","","","","0","猎人（近）职业多重打击","","","","","",""
"56654","0","","0","1","TRUE","","0","2","169002","","1","0","","","","","","","","0","猎人（近）职业穿刺打击","","","","","",""
"56655","0","","0","1","TRUE","","0","2","169003","","1","0","","","","","","","","0","猎人（近）职业野性召唤","","","","","",""
"56656","0","","0","1","TRUE","","0","2","169004","","1","0","","","","","","","","0","猎人（近）职业生命献祭","","","","","",""
"56657","0","","0","1","TRUE","","0","2","169005","","1","0","","","","","","","","0","猎人（近）职业精准打击","","","","","",""
"56658","0","","0","1","TRUE","","0","2","169006","","1","0","","","","","","","","0","猎人（近）职业美拉冲击","","","","","",""
"56701","0","","0","1","TRUE","","0","","","","","","","","","","","","95002","1","8574主角喊话","等等,我们并没有恶意,我想你一定是弄错了！","","","","",""
"56702","0","","0","1","TRUE","","0","","","","","","","","","","","","","0","8574暗夜精灵哨兵喊话","我不会听你的花言巧语,受死吧！","","","","",""
"56703","0","","0","1","TRUE","","0","","","","","","","","","","","","","0","8575尤利安喊话","你什么时候跟玛蕾站在一起了？","","","","",""
"56704","0","","0","1","TRUE","","0","","","","","","","","","","","","95002","1","8575主角喊话","看来这事一时半会是解释不清楚了！","","","","",""
"56705","0","","0","1","TRUE","","0","","","","","","","","","","","","","0","8576馬维喊话","没想到这个恶魔还有同党,你们全都跑不了！","","","","",""
"56706","0","","0","1","TRUE","","0","","","","","","","","","","","","","0","8578恶魔守卫头领喊话","是谁在打扰塞格洛斯大人？","","","","",""
"56707","0","","0","1","TRUE","","0","","","","","","","","","","","","","0","8581馬维喊话","为什么你总是跟我作对？","","","","",""
"56708","0","","0","1","TRUE","","0","9","","","","","100","","","","","","","0","8583艾尔索斯逃跑喊话","这是怎么回事？为什么我的力量正在流失？","","","","",""
"56709","0","","0","1","TRUE","","0","","","","","","","","","","","","","0","8584玛佛里喊话","啊！我感受到大地正在撕裂！","","","","",""
"56710","0","","0","1","TRUE","","0","9","","","","","100","","","","","","","0","8585艾尔索斯喊话逃跑","凯苏德,这里交给你了！","","","","",""
"56711","0","","0","1","TRUE","","0","","","","","","","","","","","","","0","8585凯苏德喊话","放心吧！吾王！","","","","",""
"56712","0","","0","1","TRUE","","0","","","","","","","","","","","","","0","8586瓦斯吉喊话","尤利安已经受伤,你觉得你能阻止我们吗？","","","","",""
"58001","0","","0","1","TRUE","","0","9","","","","","100","","","","","","","","","有辅助职业在,我就不为难你们了！","","","","",""
"58002","0","","0","1","TRUE","","0","","","","","","","","","","","","","","","请消除职业歧视,全输出不利于种族团结！","","","","",""
"58003","0","","0","1","TRUE","","0","9","","","","","100","","","","","","","","","goodbye！","","","","",""
"58004","0","","0","1","TRUE","","0","12","","","","","","{24523@1000}$15","","","","","","","","对面输出狗来势汹汹有点怕,赶紧招个小弟压压惊。","","","","",""
"58005","0","","0","1","TRUE","","0","12","","","","","","{24524@1000}$15","","","","","","","","","","","","",""
"58007","0","","0","1","TRUE","","0","","180011","","1","0","","","","","","","96003","","","","","","","",""
"58035","0","","0","1","TRUE","","0","9","","","","","100","","","","","","","","公会副本（惧封）被封印后逃跑喊话","居然被控制了,我得跑了。","","","","",""
"58041","0","","0","1","TRUE","","0","","","","","","","","","","","","","","公会副本（惧封）没被封印后喊话","哈哈,不控制我,我便控制你。","","","","",""
"58036","0","","0","1","TRUE","","0","9","","","","","100","","","","","","","","公会副本（惧牧）见到治疗后逃跑喊话","居然有治疗职业,我就不献丑了。","","","","",""
"58037","0","","0","1","TRUE","","0","","","","","","","","","","","","","","公会副本（惧牧）没有治疗喊话","既然没有治疗职业,那就看我的厉害吧。","","","","",""
"58038","0","","0","1","TRUE","","0","","","","","","","","","","","","","","公会副本（铁甲）喊话","物理攻击对我用处不大.","","","","",""
"58039","0","","0","1","TRUE","","0","","","","","","","","","","","","","","公会副本（抗魔）喊话","法术攻击对我用处不大.","","","","",""
"58049","0","","0","1","TRUE","","0","9","","","","","100","","","","","","","","亚龙入侵（佛徒）","居然有圣骑士、牧师好可怕,我得跑。","","","","",""
"58050","0","","0","1","TRUE","","0","9","","","","","100","","","","","","","","宠物逃跑","给你机会都抓不住我,不和你玩了。","","","","",""
"58051","0","","0","1","TRUE","","0","2","191001","","1","0","","","","","","","","","职业闯关（猎人第一回合多重打击）","嗨！孙子接受惩罚吧！","","","","",""
"58052","0","","0","1","TRUE","","0","2","140002","","1","0","","","","","","","","","职业闯关（小德第一回合减防）","嗨！孙子接受惩罚吧！","","","","",""
"58061","0","","0","1","TRUE","","0","2","120005","","1","0","","","","","","","","","巨龙入侵（德鲁伊第一回合技能减防）","","","","","",""
"58062","0","","0","1","TRUE","","0","2","191001","","1","0","","","","","","","","","巨龙入侵（猎人第二回合（多重打击））","","","","","",""
"58063","0","","0","1","TRUE","","0","2","160004","","1","0","","","","","","","","","巨龙入侵（牧师第一回合（加状态））","","","","","",""
"58064","0","","0","1","TRUE","","0","2","110003","","1","0","","","","","","","","","巨龙入侵（战士第一回合（3连））","","","","","",""
"58065","0","","0","1","TRUE","","0","2","160003","","1","0","","","","","","","","","巨龙入侵精英（牧师拉人）","","","","","",""
"58066","0","","0","1","TRUE","","0","2","160003","","1","0","","","","","","","","","巨龙入侵精英（牧师拉人）","","","","","",""
"58067","0","","0","1","TRUE","","0","2","160003","","1","0","","","","","","","","","巨龙入侵精英（牧师拉人）","","","","","",""
"58068","0","","0","1","TRUE","","0","2","160004","","1","0","","","","","","","","","职业闯关（牧师加状态）","既然没有同门在~那就放开手脚咯。<E e=""209""></E>","","","","",""
"58070","0","","0","1","TRUE","","0","12","","","","","","{22124@1000}$20","","","","","96017","","","看起来你们很强,有想招聘强力宠物的没有,三餐有肉就行！！！","","","","",""
"58071","0","","0","1","TRUE","","0","10","","","","","","","","","","","","","沙包待机","","","","","",""
"58072","0","","0","1","TRUE","","0","6","","","","","","{30901@1000}$21,{30902@1000}$22","","","","","","","第一回合召唤小怪","","","","","",""
"58073","0","","0","1","TRUE","","0","2","190000","","","","","","","","","","","","第一回合自爆自身80%血量,对方全部怪物减80%血量","","","","","",""
"58074","0","","0","1","TRUE","","0","9","","","","","100","","","","","","","","门派闯关-有同门派-逃跑。","<T t=""既然有同门在，那我就不为难各位了"" c=""FFFFF2DF"" f=""simhei-12""></T><E e=""195"">","","","","",""
"58075","0","","0","1","TRUE","","0","9","","","","","100","","","","","","","","门派闯关-有同门派-逃跑。","<T t=""既然有同门在，那我就不为难各位了"" c=""FFFFF2DF"" f=""simhei-12""></T><E e=""195"">","","","","",""
"58076","0","","0","1","TRUE","","0","9","","","","","100","","","","","","","","门派闯关-有同门派-逃跑。","<T t=""既然有同门在，那我就不为难各位了"" c=""FFFFF2DF"" f=""simhei-12""></T><E e=""195"">","","","","",""
"58077","0","","0","1","TRUE","","0","9","","","","","100","","","","","","","","门派闯关-有同门派-逃跑。","<T t=""既然有同门在，那我就不为难各位了"" c=""FFFFF2DF"" f=""simhei-12""></T><E e=""195"">","","","","",""
"58078","0","","0","1","TRUE","","0","9","","","","","100","","","","","","","","门派闯关-有同门派-逃跑。","<T t=""既然有同门在，那我就不为难各位了"" c=""FFFFF2DF"" f=""simhei-12""></T><E e=""195"">","","","","",""
"58079","0","","0","1","TRUE","","0","9","","","","","100","","","","","","","","门派闯关-有同门派-逃跑。","<T t=""既然有同门在，那我就不为难各位了"" c=""FFFFF2DF"" f=""simhei-12""></T><E e=""195"">","","","","",""
"58080","0","","0","1","TRUE","","0","9","","","","","100","","","","","","","","门派闯关-逃跑","<T t=""不为难各位了，溜了溜了"" c=""FFFFF2DF"" f=""simhei-12""></T><E e=""116""></E>","","","","",""
"58081","0","","0","1","TRUE","","0","9","","","","","100","","","","","","","","门派闯关-逃跑","<T t=""不为难各位了，溜了溜了"" c=""FFFFF2DF"" f=""simhei-12""></T><E e=""116""></E>","","","","",""
"58082","0","","0","1","TRUE","","0","9","","","","","100","","","","","","","","门派闯关-逃跑","<T t=""不为难各位了，溜了溜了"" c=""FFFFF2DF"" f=""simhei-12""></T><E e=""116""></E>","","","","",""
"58083","0","","0","1","TRUE","","0","9","","","","","100","","","","","","","","门派闯关-逃跑","<T t=""不为难各位了，溜了溜了"" c=""FFFFF2DF"" f=""simhei-12""></T><E e=""116""></E>","","","","",""
"58084","0","","0","1","TRUE","","0","9","","","","","100","","","","","","","","门派闯关-逃跑","<T t=""不为难各位了，溜了溜了"" c=""FFFFF2DF"" f=""simhei-12""></T><E e=""116""></E>","","","","",""
"58085","0","","0","1","TRUE","","0","9","","","","","100","","","","","","","","门派闯关-逃跑","<T t=""不为难各位了，溜了溜了"" c=""FFFFF2DF"" f=""simhei-12""></T><E e=""116""></E>","","","","",""
"58086","0","","0","1","TRUE","","0","2","183000","","","","","","","","","","","","门派闯关-召唤","<T t=""既然没有同门在~那就放开手脚咯。"" c=""FFFFF2DF"" f=""simhei-12""></T><E e=""209""></E>","","","","",""
"58087","0","","0","1","TRUE","","0","2","183000","","","","","","","","","","","","门派闯关-召唤","<T t=""既然没有同门在~那就放开手脚咯。"" c=""FFFFF2DF"" f=""simhei-12""></T><E e=""209""></E>","","","","",""
"58088","0","","0","1","TRUE","","0","2","183000","","","","","","","","","","","","门派闯关-召唤","<T t=""既然没有同门在~那就放开手脚咯。"" c=""FFFFF2DF"" f=""simhei-12""></T><E e=""209""></E>","","","","",""
"58089","0","","0","1","TRUE","","0","9","","","","","100","","","","","","","","门派闯关-有同门派-逃跑。","<T t=""既然有同门在，那我就不为难各位了"" c=""FFFFF2DF"" f=""simhei-12""></T><E e=""195"">","","","","",""
"58090","0","","0","1","TRUE","","0","9","","","","","100","","","","","","","","门派闯关-有同门派-逃跑。","<T t=""既然有同门在，那我就不为难各位了"" c=""FFFFF2DF"" f=""simhei-12""></T><E e=""195"">","","","","",""
"58091","0","","0","1","TRUE","","0","9","","","","","100","","","","","","","","门派闯关-有同门派-逃跑。","<T t=""既然有同门在，那我就不为难各位了"" c=""FFFFF2DF"" f=""simhei-12""></T><E e=""195"">","","","","",""
"58092","0","","0","1","TRUE","","0","9","","","","","100","","","","","","","","门派闯关-逃跑","<T t=""不为难各位了，溜了溜了"" c=""FFFFF2DF"" f=""simhei-12""></T><E e=""116""></E>","","","","",""
"58093","0","","0","1","TRUE","","0","9","","","","","100","","","","","","","","门派闯关-逃跑","<T t=""不为难各位了，溜了溜了"" c=""FFFFF2DF"" f=""simhei-12""></T><E e=""116""></E>","","","","",""
"58094","0","","0","1","TRUE","","0","9","","","","","100","","","","","","","","门派闯关-逃跑","<T t=""不为难各位了，溜了溜了"" c=""FFFFF2DF"" f=""simhei-12""></T><E e=""116""></E>","","","","",""
"58095","0","","0","1","TRUE","","0","2","150003","","","","","","","","","","","","门派闯关-召唤","<T t=""既然没有同门在~那就放开手脚咯。"" c=""FFFFF2DF"" f=""simhei-12""></T><E e=""209""></E>","","","","",""
"58096","0","","0","1","TRUE","","0","2","110003","","","","","","","","","","","","门派闯关-召唤","<T t=""既然没有同门在~那就放开手脚咯。"" c=""FFFFF2DF"" f=""simhei-12""></T><E e=""209""></E>","","","","",""
"58097","0","","0","1","TRUE","","0","2","161005","","","","","","","","","","","","门派闯关-召唤","<T t=""既然没有同门在~那就放开手脚咯。"" c=""FFFFF2DF"" f=""simhei-12""></T><E e=""209""></E>","","","","",""
"58098","0","","0","1","TRUE","","0","2","120003","","","","","","","","","","","","门派闯关-召唤","<T t=""既然没有同门在~那就放开手脚咯。"" c=""FFFFF2DF"" f=""simhei-12""></T><E e=""209""></E>","","","","",""
"58099","0","","0","1","TRUE","","0","2","162003","","","","","","","","","","","","门派闯关-召唤","<T t=""既然没有同门在~那就放开手脚咯。"" c=""FFFFF2DF"" f=""simhei-12""></T><E e=""209""></E>","","","","",""
"58100","0","","0","1","TRUE","","0","","","","","","","","","","","","","","宠物开场喊话","看起来你们很强,有想招聘强力宠物的没有,三餐有肉就行！！！","","","","",""
"58101","0","","0","1","TRUE","","0","2","160001","","","","","","","","","","","","血色教堂女BOSS使用神圣新星","","","","","",""
"58102","0","","0","1","TRUE","","0","2","800017","","1","0","","","","","","","96101","","（尖牙溶洞）永生者沃尔丹驱散神佑技能","","","","","",""
"58103","0","","0","1","TRUE","","0","2","181001","","","","","","","","","","","","（尖牙溶洞）毒牙之王瑟芬配怪怪物自我沉睡","好累啊！先睡一会.谁打扰我我一定弄死他！","","","","",""
"58104","0","","0","1","TRUE","","0","12","","","","","","{27024@1000}$15,{27025@1000}$16","","","","","","","（尖牙溶洞）毒牙之王瑟芬召唤2个怪物","我的仆人们,出来消灭眼前的敌人！","","","","",""
"58105","0","","0","1","TRUE","","0","","","","","","","","","","","","","","（尖牙溶洞）永生者沃尔丹开场喊话","兄弟们不死,我就将永生.","","","","",""
"58106","0","","0","1","TRUE","","0","","","","","","","","","","","","","","（尖牙溶洞）永生者沃尔丹怪物死亡后喊话","兄弟们死光了,我也危险了！","","","","",""
"58107","0","","0","1","TRUE","","0","","","","","","","","","","","","","","（尖牙溶洞）大囧龟开场喊话","我的防御坚如磐石！","","","","",""
"58110","0","","0","1","TRUE","","0","12","","","","","","{27060@1000}$20","","","","","","","（亡者矿坑）召唤怪物","敌人厉害,看来要来个兄弟帮帮手！","","","","",""
"58111","0","","0","1","TRUE","","0","2","162003","","1","0","","","","","","","96112","","（亡者矿坑）连击点数大于等于1释放技能","承受我剔骨的痛苦吧！","","","","",""
"58112","","","","","","","0","2","160004","","1","0","","","","","","","","","（亡者矿坑）心灵之火","在我面前你们那点伤害完全不够看！","","","","",""
"58200","","","","","","","0","2","110002","","1","0","","","","","","","96200","0","战士自动对目标使用挫志怒吼","","","","","",""
"58201","","","","","","","0","2","110005","","1","0","","","","","","","96201","0","战士自动对目标使用破甲","","","","","",""
"58202","","","","","","","0","2","110003","","1","0","","","","","","","96202","0","战士对敌方单位使用毁灭打击","","","","","",""
"58203","","","","","","","0","2","120003","","1","0","","","","","","","96203","0","骑士自动对目标使用复仇之盾","","","","","",""
"58204","","","","","","","0","2","120005","","1","0","","","","","","","96204","0","骑士自动对目标使用神谕责难","","","","","",""
"58205","","","","","","","0","2","420003","","1","0","","","","","","","96205","0","骑士自动对目标使用圣光洗礼","","","","","",""
"58206","","","","","","","0","2","120002","","1","0","","","","","","","96206","0","骑士自动对目标使用无边定罪","","","","","",""
"58207","","","","","","","0","2","191005","","1","30","","","","","","","96207","0","猎人自动对目标使用精准打击","","","","","",""
"58208","","","","","","","0","2","140002","","1","0","","","","","","","","0","德鲁伊自动对目标使用绿之潮","","","","","",""
"58209","","","","","","","0","2","140003","","1","0","","","","","","","96209","0","德鲁伊自动对目标使用黄昏花蕾","","","","","",""
"58210","","","","","","","0","2","160004","","1","0","","","","","","","","0","牧师自动对目标使用心灵之火","","","","","",""
"58211","","","","","","","0","2","160003","","1","0","","","","","","","96211","0","牧师自动对目标使用复生","","","","","",""
"58212","","","","","","","0","2","160002","","1","0","","","","","","","96212","0","牧师自动对目标使用治疗祷言","","","","","",""
"58213","","","","","","","0","2","160005","","1","0","","","","","","","96213","0","牧师自动对目标使用神圣救赎","","","","","",""
"58214","","","","","","","0","2","161002","","1","130","","","","","","","96212","0","萨满自动对目标使用治疗图腾","","","","","",""
"58215","","","","","","","0","2","162002","","1","0","","","","","","","96215","0","盗贼自动对目标使用穿刺影袭","","","","","",""
"58216","","","","","","","0","2","163002","","1","0","","","","","","","96216","0","术士自动对目标使用沉默诅咒","","","","","",""
"58217","","","","","","","0","2","163005","","1","0","","","","","","","96217","0","术士自动对目标使用虚弱诅咒","","","","","",""
"58218","","","","","","","0","2","163003","","1","0","","","","","","","","0","术士自动对目标使用生命虹吸","","","","","",""
"58219","","","","","","","0","2","162003","","1","0","","","","","","","96219","0","0连击点盗贼自动对目标使用剔骨","","","","","",""
"58220","","","","","","","0","2","162003","","1","0","","","","","","","96220","0","1连击点盗贼自动对目标使用剔骨","","","","","",""
"58221","","","","","","","0","2","162003","","1","0","","","","","","","96221","0","2连击点盗贼自动对目标使用剔骨","","","","","",""
"58222","","","","","","","0","2","162003","","1","0","","","","","","","96222","0","3连击点盗贼自动对目标使用剔骨","","","","","",""
"58223","","","","","","","0","2","162003","","1","0","","","","","","","96223","0","4连击点盗贼自动对目标使用剔骨","","","","","",""
"58224","","","","","","","0","2","162003","","1","0","","","","","","","96224","0","5连击点盗贼自动对目标使用剔骨","","","","","",""
"58225","0","","0","1","TRUE","","0","12","","","","","","{27093@250}$20,{27094@250}$21,{27095@250}$22,{27096@250}$23","","","","","","","40阿鲁高死亡召唤小怪","","","","","",""
"58301","","","0","1","TRUE","","0","12","","","","","","{26122@200;26123@200;26124@200;26125@200;26126@200}$15,{26122@200;26123@200;26124@200;26125@200;26126@200}$16,{26122@200;26123@200;26124@200;26125@200;26126@200}$17,{26122@200;26123@200;26124@200;26125@200;26126@200}$18,{26122@200;26123@200;26124@200;26125@200;26126@200}$19,{26122@200;26123@200;26124@200;26125@200;26126@200}$20,{26122@200;26123@200;26124@200;26125@200;26126@200}$21,{26122@200;26123@200;26124@200;26125@200;26126@200}$22,{26122@200;26123@200;26124@200;26125@200;26126@200}$23,{26122@200;26123@200;26124@200;26125@200;26126@200}$24","","","","","","","自己的血量高于50%召唤怪物","想要伤害我，先击败我的仆人们吧！","","","","",""
"58302","0","","0","1","TRUE","","0","2","183007","","","","","","","","","","96302","","自己的血量小于50%释放驱散无敌技能","你们令我愤怒了！","","","","",""
"58303","","","0","1","TRUE","","0","12","","","","","","{26127@200;26128@250;26129@250;26130@200;26131@100}$20","","","","","","","血量大于等于百分之50%并且20位置没有单位召唤怪物","我的仆人们,出来消灭眼前的敌人！","","","","",""
"58304","","","0","1","TRUE","","0","12","","","","","","{26127@200;26128@250;26129@250;26130@200;26131@100}$21","","","","","","","血量大于等于百分之50%并且21位置没有单位召唤怪物","我的仆人们,出来消灭眼前的敌人！","","","","",""
"58305","","","0","1","TRUE","","0","12","","","","","","{26127@200;26128@250;26129@250;26130@200;26131@100}$22","","","","","","","血量大于等于百分之50%并且22位置没有单位召唤怪物","我的仆人们,出来消灭眼前的敌人！","","","","",""
"58306","","","0","1","TRUE","","0","12","","","","","","{26127@200;26128@250;26129@250;26130@200;26131@100}$23","","","","","","","血量大于等于百分之50%并且23位置没有单位召唤怪物","我的仆人们,出来消灭眼前的敌人！","","","","",""
"58307","","","0","1","TRUE","","0","12","","","","","","{26127@200;26128@250;26129@250;26130@200;26131@100}$24","","","","","","","血量大于等于百分之50%并且24位置没有单位召唤怪物","我的仆人们,出来消灭眼前的敌人！","","","","",""
"58308","0","","0","1","TRUE","","0","2","150004","","","","","","","","","","96303","","第3回合怪物数量大于1且血量大于等于百分之50%释放释放高阶魔爆术","你们这群蝼蚁,毁灭吧！","","","","",""
"58309","","","0","1","TRUE","","0","12","","","","","","{26122@200;26123@250;26124@250;26125@200;26126@100}$15","","","","","","","血量大于等于百分之50%并且20位置没有单位召唤怪物","我的仆人们,出来消灭眼前的敌人！","","","","",""
"58310","","","0","1","TRUE","","0","12","","","","","","{26122@200;26123@250;26124@250;26125@200;26126@100}$16","","","","","","","血量大于等于百分之50%并且21位置没有单位召唤怪物","我的仆人们,出来消灭眼前的敌人！","","","","",""
"58311","","","0","1","TRUE","","0","12","","","","","","{26122@200;26123@250;26124@250;26125@200;26126@100}$17","","","","","","","血量大于等于百分之50%并且22位置没有单位召唤怪物","我的仆人们,出来消灭眼前的敌人！","","","","",""
"58312","","","0","1","TRUE","","0","12","","","","","","{26122@200;26123@250;26124@250;26125@200;26126@100}$18","","","","","","","血量大于等于百分之50%并且23位置没有单位召唤怪物","我的仆人们,出来消灭眼前的敌人！","","","","",""
"58313","","","0","1","TRUE","","0","12","","","","","","{26122@200;26123@250;26124@250;26125@200;26126@100}$19","","","","","","","血量大于等于百分之50%并且24位置没有单位召唤怪物","我的仆人们,出来消灭眼前的敌人！","","","","",""
"58314","0","","0","1","TRUE","","0","9","","","","","100","","","","","","96302","","自己的血量小于50%释放驱散无敌技能","老大怒了没我们什么事情了！","","","","",""
"58315","0","","0","1","TRUE","","0","9","","","","","100","","","","","","96302","","自己的血量小于50%释放驱散无敌技能","老大怒了没我们什么事情了！","","","","",""
"58351","","","0","1","TRUE","","0","12","","","","","","{26263@200;26264@200;26265@200;26266@200;26267@200}$15,{26263@200;26264@200;26265@200;26266@200;26267@200}$16,{26263@200;26264@200;26265@200;26266@200;26267@200}$17,{26263@200;26264@200;26265@200;26266@200;26267@200}$18,{26263@200;26264@200;26265@200;26266@200;26267@200}$19,{26263@200;26264@200;26265@200;26266@200;26267@200}$20,{26263@200;26264@200;26265@200;26266@200;26267@200}$21,{26263@200;26264@200;26265@200;26266@200;26267@200}$22,{26263@200;26264@200;26265@200;26266@200;26267@200}$23,{26263@200;26264@200;26265@200;26266@200;26267@200}$24","","","","","","","自己的血量高于50%召唤怪物","想要伤害我，先击败我的仆人们吧！","","","","",""
"58352","0","","0","1","TRUE","","0","2","183007","","","","","","","","","","96352","","自己的血量小于50%释放驱散无敌技能","你们令我愤怒了！","","","","",""
"58353","","","0","1","TRUE","","0","12","","","","","","{26268@200;26269@250;26270@250;26271@200;26272@100}$20","","","","","","","血量大于等于百分之50%并且20位置没有单位召唤怪物","我的仆人们,出来消灭眼前的敌人！","","","","",""
"58354","","","0","1","TRUE","","0","12","","","","","","{26268@200;26269@250;26270@250;26271@200;26272@100}$21","","","","","","","血量大于等于百分之50%并且21位置没有单位召唤怪物","我的仆人们,出来消灭眼前的敌人！","","","","",""
"58355","","","0","1","TRUE","","0","12","","","","","","{26268@200;26269@250;26270@250;26271@200;26272@100}$22","","","","","","","血量大于等于百分之50%并且22位置没有单位召唤怪物","我的仆人们,出来消灭眼前的敌人！","","","","",""
"58356","","","0","1","TRUE","","0","12","","","","","","{26268@200;26269@250;26270@250;26271@200;26272@100}$23","","","","","","","血量大于等于百分之50%并且23位置没有单位召唤怪物","我的仆人们,出来消灭眼前的敌人！","","","","",""
"58357","","","0","1","TRUE","","0","12","","","","","","{26268@200;26269@250;26270@250;26271@200;26272@100}$24","","","","","","","血量大于等于百分之50%并且24位置没有单位召唤怪物","我的仆人们,出来消灭眼前的敌人！","","","","",""
"58358","0","","0","1","TRUE","","0","2","183008","","","","","","","","","","96353","","第3回合怪物数量大于1且血量大于等于百分之50%释放释放巨龙吐息","你们这群蝼蚁,毁灭吧！","","","","",""
"58359","","","0","1","TRUE","","0","12","","","","","","{26263@200;26264@200;26265@200;26266@200;26267@200}$15","","","","","","","血量大于等于百分之50%并且20位置没有单位召唤怪物","我的仆人们,出来消灭眼前的敌人！","","","","",""
"58360","","","0","1","TRUE","","0","12","","","","","","{26263@200;26264@200;26265@200;26266@200;26267@200}$16","","","","","","","血量大于等于百分之50%并且21位置没有单位召唤怪物","我的仆人们,出来消灭眼前的敌人！","","","","",""
"58361","","","0","1","TRUE","","0","12","","","","","","{26263@200;26264@200;26265@200;26266@200;26267@200}$17","","","","","","","血量大于等于百分之50%并且22位置没有单位召唤怪物","我的仆人们,出来消灭眼前的敌人！","","","","",""
"58362","","","0","1","TRUE","","0","12","","","","","","{26263@200;26264@200;26265@200;26266@200;26267@200}$18","","","","","","","血量大于等于百分之50%并且23位置没有单位召唤怪物","我的仆人们,出来消灭眼前的敌人！","","","","",""
"58363","","","0","1","TRUE","","0","12","","","","","","{26263@200;26264@200;26265@200;26266@200;26267@200}$19","","","","","","","血量大于等于百分之50%并且24位置没有单位召唤怪物","我的仆人们,出来消灭眼前的敌人！","","","","",""
"58364","0","","0","1","TRUE","","0","9","","","","","100","","","","","","96302","","自己的血量小于50%释放驱散无敌技能","老大怒了没我们什么事情了！","","","","",""
"58365","0","","0","1","TRUE","","0","9","","","","","100","","","","","","96302","","自己的血量小于50%释放驱散无敌技能","老大怒了没我们什么事情了！","","","","",""
"58401","0","","0","1","TRUE","","0","","","","","","","","","","","","","","公会副本（惧封）喊话","","","","","",""
"58402","0","","0","1","TRUE","","0","9","","","","","100","","","","","","","","公会副本（惧封）逃跑","居然被控制了,我得跑了。","","","","",""
"58403","0","","0","1","TRUE","","0","","","","","","","","","","","","","","公会副本（铁甲）喊话","","","","","",""
"58404","0","","0","1","TRUE","","0","","","","","","","","","","","","","","公会副本（抗魔）喊话","","","","","",""
"58405","0","","0","1","TRUE","","0","","","","","","","","","","","","","","公会副本（惧辅）喊话","","","","","",""
"58406","0","","0","1","TRUE","","0","9","","","","","100","","","","","","","","公会副本（惧辅）逃跑","既然有治疗,那么我就不陪你们玩了！","","","","",""
"58407","0","","0","1","TRUE","","0","","","","","","","","","","","","","","公会副本（肉盾）喊话","","","","","",""
"58451","","","0","1","TRUE","","0","12","","","","","","{26403@200;26404@200;26405@200;26406@200;26407@200}$15,{26403@200;26404@200;26405@200;26406@200;26407@200}$16,{26403@200;26404@200;26405@200;26406@200;26407@200}$17,{26403@200;26404@200;26405@200;26406@200;26407@200}$18,{26403@200;26404@200;26405@200;26406@200;26407@200}$19,{26403@200;26404@200;26405@200;26406@200;26407@200}$20,{26408@200;26409@200;26410@200;26411@200;26412@200}$21,{26408@200;26409@200;26410@200;26411@200;26412@200}$22,{26408@200;26409@200;26410@200;26411@200;26412@200}$23,{26408@200;26409@200;26410@200;26411@200;26412@200}$24","","","","","","","自己的血量高于50%召唤怪物","想要伤害我，先击败我的仆人们吧！","","","","",""
"58452","0","","0","1","TRUE","","0","2","183007","","","","","","","","","","96302","","自己的血量小于50%释放驱散无敌技能","你们令我愤怒了！","","","","",""
"58453","","","0","1","TRUE","","0","12","","","","","","{26403@200;26404@250;26405@250;26406@200;26407@100}$20","","","","","","","血量大于等于百分之50%并且20位置没有单位召唤怪物","我的仆人们,出来消灭眼前的敌人！","","","","",""
"58454","","","0","1","TRUE","","0","12","","","","","","{26403@200;26404@250;26405@250;26406@200;26407@100}$21","","","","","","","血量大于等于百分之50%并且21位置没有单位召唤怪物","我的仆人们,出来消灭眼前的敌人！","","","","",""
"58455","","","0","1","TRUE","","0","12","","","","","","{26403@200;26404@250;26405@250;26406@200;26407@100}$22","","","","","","","血量大于等于百分之50%并且22位置没有单位召唤怪物","我的仆人们,出来消灭眼前的敌人！","","","","",""
"58456","","","0","1","TRUE","","0","12","","","","","","{26403@200;26404@250;26405@250;26406@200;26407@100}$23","","","","","","","血量大于等于百分之50%并且23位置没有单位召唤怪物","我的仆人们,出来消灭眼前的敌人！","","","","",""
"58457","","","0","1","TRUE","","0","12","","","","","","{26403@200;26404@250;26405@250;26406@200;26407@100}$24","","","","","","","血量大于等于百分之50%并且24位置没有单位召唤怪物","我的仆人们,出来消灭眼前的敌人！","","","","",""
"58458","0","","0","1","TRUE","","0","2","150004","","","","","","","","","","96303","","第3回合怪物数量大于1且血量大于等于百分之50%释放释放高阶魔爆术","你们这群蝼蚁,毁灭吧！","","","","",""
"58459","","","0","1","TRUE","","0","12","","","","","","{26408@200;26409@250;26410@250;26411@200;26412@100}$15","","","","","","","血量大于等于百分之50%并且20位置没有单位召唤怪物","我的仆人们,出来消灭眼前的敌人！","","","","",""
"58460","","","0","1","TRUE","","0","12","","","","","","{26408@200;26409@250;26410@250;26411@200;26412@100}$16","","","","","","","血量大于等于百分之50%并且21位置没有单位召唤怪物","我的仆人们,出来消灭眼前的敌人！","","","","",""
"58461","","","0","1","TRUE","","0","12","","","","","","{26408@200;26409@250;26410@250;26411@200;26412@100}$17","","","","","","","血量大于等于百分之50%并且22位置没有单位召唤怪物","我的仆人们,出来消灭眼前的敌人！","","","","",""
"58462","","","0","1","TRUE","","0","12","","","","","","{26408@200;26409@250;26410@250;26411@200;26412@100}$18","","","","","","","血量大于等于百分之50%并且23位置没有单位召唤怪物","我的仆人们,出来消灭眼前的敌人！","","","","",""
"58463","","","0","1","TRUE","","0","12","","","","","","{26408@200;26409@250;26410@250;26411@200;26412@100}$19","","","","","","","血量大于等于百分之50%并且24位置没有单位召唤怪物","我的仆人们,出来消灭眼前的敌人！","","","","",""
"58464","0","","0","1","TRUE","","0","9","","","","","100","","","","","","96302","","自己的血量小于50%释放驱散无敌技能","老大怒了没我们什么事情了！","","","","",""
"58465","0","","0","1","TRUE","","0","9","","","","","100","","","","","","96302","","自己的血量小于50%释放驱散无敌技能","老大怒了没我们什么事情了！","","","","",""
"58501","","","0","1","TRUE","","0","12","","","","","","{26542@200;26543@200;26544@200;26545@200;26546@200}$15,{26542@200;26543@200;26544@200;26545@200;26546@200}$16,{26542@200;26543@200;26544@200;26545@200;26546@200}$17,{26542@200;26543@200;26544@200;26545@200;26546@200}$18,{26542@200;26543@200;26544@200;26545@200;26546@200}$19,{26547@200;26548@200;26549@200;26550@200;26551@200}$20,{26547@200;26548@200;26549@200;26550@200;26551@200}$21,{26547@200;26548@200;26549@200;26550@200;26551@200}$22,{26547@200;26548@200;26549@200;26550@200;26551@200}$23,{26547@200;26548@200;26549@200;26550@200;26551@200}$24","","","","","","","自己的血量高于50%召唤怪物","想要伤害我，先击败我的仆人们吧！","","","","",""
"58502","0","","0","1","TRUE","","0","2","183007","","","","","","","","","","96352","","自己的血量小于50%释放驱散无敌技能","你们令我愤怒了！","","","","",""
"58503","","","0","1","TRUE","","0","12","","","","","","{26542@200;26543@250;26544@250;26545@200;26546@100}$20","","","","","","","血量大于等于百分之50%并且20位置没有单位召唤怪物","我的仆人们,出来消灭眼前的敌人！","","","","",""
"58504","","","0","1","TRUE","","0","12","","","","","","{26542@200;26543@250;26544@250;26545@200;26546@100}$21","","","","","","","血量大于等于百分之50%并且21位置没有单位召唤怪物","我的仆人们,出来消灭眼前的敌人！","","","","",""
"58505","","","0","1","TRUE","","0","12","","","","","","{26542@200;26543@250;26544@250;26545@200;26546@100}$22","","","","","","","血量大于等于百分之50%并且22位置没有单位召唤怪物","我的仆人们,出来消灭眼前的敌人！","","","","",""
"58506","","","0","1","TRUE","","0","12","","","","","","{26542@200;26543@250;26544@250;26545@200;26546@100}$23","","","","","","","血量大于等于百分之50%并且23位置没有单位召唤怪物","我的仆人们,出来消灭眼前的敌人！","","","","",""
"58507","","","0","1","TRUE","","0","12","","","","","","{26542@200;26543@250;26544@250;26545@200;26546@100}$24","","","","","","","血量大于等于百分之50%并且24位置没有单位召唤怪物","我的仆人们,出来消灭眼前的敌人！","","","","",""
"58508","0","","0","1","TRUE","","0","2","183008","","","","","","","","","","96353","","第3回合怪物数量大于1且血量大于等于百分之50%释放释放巨龙吐息","你们这群蝼蚁,毁灭吧！","","","","",""
"58509","","","0","1","TRUE","","0","12","","","","","","{26547@200;26548@200;26549@200;26550@200;26551@200}$15","","","","","","","血量大于等于百分之50%并且20位置没有单位召唤怪物","我的仆人们,出来消灭眼前的敌人！","","","","",""
"58510","","","0","1","TRUE","","0","12","","","","","","{26547@200;26548@200;26549@200;26550@200;26551@200}$16","","","","","","","血量大于等于百分之50%并且21位置没有单位召唤怪物","我的仆人们,出来消灭眼前的敌人！","","","","",""
"58511","","","0","1","TRUE","","0","12","","","","","","{26547@200;26548@200;26549@200;26550@200;26551@200}$17","","","","","","","血量大于等于百分之50%并且22位置没有单位召唤怪物","我的仆人们,出来消灭眼前的敌人！","","","","",""
"58512","","","0","1","TRUE","","0","12","","","","","","{26547@200;26548@200;26549@200;26550@200;26551@200}$18","","","","","","","血量大于等于百分之50%并且23位置没有单位召唤怪物","我的仆人们,出来消灭眼前的敌人！","","","","",""
"58513","","","0","1","TRUE","","0","12","","","","","","{26547@200;26548@200;26549@200;26550@200;26551@200}$19","","","","","","","血量大于等于百分之50%并且24位置没有单位召唤怪物","我的仆人们,出来消灭眼前的敌人！","","","","",""
"58514","0","","0","1","TRUE","","0","9","","","","","100","","","","","","96302","","自己的血量小于50%释放驱散无敌技能","老大怒了没我们什么事情了！","","","","",""
"58515","0","","0","1","TRUE","","0","9","","","","","100","","","","","","96302","","自己的血量小于50%释放驱散无敌技能","老大怒了没我们什么事情了！","","","","",""
"59001","0","","0","1","TRUE","","0","9","","","","","100","","","","","","","","","既然有讨厌的人在,那么我就不陪你们玩了！","","","","",""
"59002","0","","0","1","TRUE","","0","","","","","","","","","","","","","","","我最讨厌牧师、德鲁伊、圣骑还有术士！","","","","",""
"59003","0","","0","1","TRUE","","0","9","","","","","100","","","","","","","","","本来以为你们蛮厉害的,没想到这么菜,不陪你们玩了！","","","","",""
"59004","0","","0","1","TRUE","","0","","180011","","1","0","","","","","","","97003","","","","","","","",""
"59005","0","","0","1","TRUE","","0","12","","","","","","{24556@1000}$15","","","","","","","","对面人多势众,看来得找个帮手了。","","","","",""
"59006","0","","0","1","TRUE","","0","12","","","","","","{24557@1000}$15","","","","","","","","对面人多势众,看来得找个帮手了。","","","","",""
"59007","0","","0","1","TRUE","","0","12","","","","","","{24558@1000}$15","","","","","","","","对面人多势众,看来得找个帮手了。","","","","",""
"59008","0","","0","1","TRUE","","0","","","","","","","","","","","","","","日常副本（惧封）没被封印后喊话","作为超级牧师的我,除了控制我什么都不怕。","","","","",""
"59009","0","","0","1","TRUE","","0","9","","","","","100","","","","","","","","日常副本（惧封）被封印后逃跑喊话","居然被控制了,我得跑了。","","","","",""
"59010","0","","0","1","TRUE","","0","2","163004","","","","","","","","","","","","冰封王座25关BOSS第一回合错乱一个人","能见到我是你们的荣幸！","","","","",""
"59011","0","","0","1","TRUE","","0","2","420024","","","","","","","","","","","","冰封王座25关BOSS第二回合给对面全体减防","看样子我小瞧你们了！","","","","",""
"59012","0","","0","1","TRUE","","0","2","420018","","","","","","","","","","","","冰封王座25关BOSS第三回合给已方全体加攻","讨厌你们还是这么厉害！","","","","",""
"59013","0","","0","1","TRUE","","0","2","420008","","","","","","","","","","","","冰封王座25关BOSS第四回合给已方全体加血","糟了！队友没血了！","","","","",""
"59014","0","","0","1","TRUE","","0","","","","","","","","","","","","","","","我最讨厌牧师、德鲁伊、圣骑还有术士！","","","","",""
"59015","0","","0","1","TRUE","","0","2","120001","","","","","","","","","","","","（亡者矿坑）BOSS1闲话","没有谁能够轻视我！","","","","",""
"59016","0","","0","1","TRUE","","0","2","120001","","","","","","","","","","","","（亡者矿坑）BOSS1闲话","你们这群弱小的存在,害怕了吧！","","","","",""
"59017","0","","0","1","TRUE","","0","2","120001","","","","","","","","","","","","（亡者矿坑）BOSS1闲话","没有谁能够轻视我！","","","","",""
"59018","0","","0","1","TRUE","","0","2","120001","","","","","","","","","","","","（亡者矿坑）BOSS1闲话","你们这群弱小的存在,害怕了吧！","","","","",""
"59019","0","","0","1","TRUE","","0","2","110003","","","","","","","","","","","","（亡者矿坑）BOSS2闲话","战士的荣耀不允许有任何污点！","","","","",""
"59020","0","","0","1","TRUE","","0","2","110004","","","","","","","","","","","","（亡者矿坑）BOSS2闲话","没有人可以在我的攻击下无动于衷！","","","","",""
"59021","0","","0","1","TRUE","","0","2","110003","","","","","","","","","","","","（亡者矿坑）BOSS2闲话","战士的荣耀不允许有任何污点！","","","","",""
"59022","0","","0","1","TRUE","","0","2","110004","","","","","","","","","","","","（亡者矿坑）BOSS2闲话","没有人可以在我的攻击下无动于衷！","","","","",""
"59023","0","","0","1","TRUE","","0","2","161001","","","","","","","","","","","","（亡者矿坑）BOSS3闲话","你们不懂曲奇的品味,让我将你们电的外焦里嫩吧！","","","","",""
"59024","0","","0","1","TRUE","","0","2","161003","","","","","","","","","","","","（亡者矿坑）BOSS3闲话","可口的食物,天呐,可口的食物！","","","","",""
"59025","0","","0","1","TRUE","","0","2","161001","","","","","","","","","","","","（亡者矿坑）BOSS3闲话","你们不懂曲奇的品味,让我将你们电的外焦里嫩吧！","","","","",""
"59026","0","","0","1","TRUE","","0","2","161003","","","","","","","","","","","","（亡者矿坑）BOSS3闲话","可口的食物,天呐,可口的食物！","","","","",""
"59027","0","","0","1","TRUE","","0","2","110005","","","","","","","","","","","","（亡者矿坑）BOSS4闲话","这么差的装备还敢来和我较量！","","","","",""
"59028","0","","0","1","TRUE","","0","2","110003","","","","","","","","","","","","（亡者矿坑）BOSS4闲话","快点跪地求饶我会考虑放你们一马！","","","","",""
"59029","0","","0","1","TRUE","","0","2","110005","","","","","","","","","","","","（亡者矿坑）BOSS4闲话","这么差的装备还敢来和我较量！","","","","",""
"59030","0","","0","1","TRUE","","0","2","110003","","","","","","","","","","","","（亡者矿坑）BOSS4闲话","快点跪地求饶我会考虑放你们一马！","","","","",""
"59031","0","","0","1","TRUE","","0","","","","","","","","","","","","","","（亡者矿坑）BOSS5闲话","居然敢入侵死亡之地,你们真是嫌命长了！","","","","",""
"59032","0","","0","1","TRUE","","0","","","","","","","","","","","","","","（亡者矿坑）BOSS5闲话","居然敢入侵死亡之地,你们真是嫌命长了！","","","","",""
"59033","0","","0","1","TRUE","","0","","","","","","","","","","","","","","（亡者矿坑）BOSS5闲话","居然敢入侵死亡之地,你们真是嫌命长了！","","","","",""
"59034","0","","0","1","TRUE","","0","","","","","","","","","","","","","","（亡者矿坑）BOSS5闲话","居然敢入侵死亡之地,你们真是嫌命长了！","","","","",""
"59040","","","","","","","0","2","140003","","1","0","","","","","","","96120","0","黄昏花蕾","让你们看看来自德鲁伊的治疗！","","","","",""
"59041","","","","","","","0","2","160002","","1","0","","","","","","","96121","0","治愈祷言","会治疗的牧师才是真正的牧师！","","","","",""
"59042","","","","","","","0","2","160004","","1","0","","","","","","","96122","","心灵之火","在我面前你们那点伤害完全不够看！","","","","",""
"59043","","","","","","","0","2","160003","","1","0","","","","","","","96123","0","复生","战斗还没有结束,我的兄弟复活吧！","","","","",""
"59044","0","","0","1","TRUE","","0","12","","","","","","{27076@1000}$20","","","","","","","召唤怪物","不要以为有宠物很了不起,我的兄弟有很多！","","","","",""
"59045","0","","0","1","TRUE","","0","2","180030","","1","0","","","","","","","","","日常副本魔王第一回合使用技能","承受我的怒火吧,你们这些凡人！","","","","",""
"59046","0","","0","1","TRUE","","0","2","180030","","1","0","","","","","","","","","日常副本魔王第三回合使用技能","承受我的怒火吧,你们这些凡人！","","","","",""
"59101","","","","","","","0","2","183005","","1","0","","","","","","","96125","1","刷新宠物复活玩家驱散状态","你们想要和我玩吗？很好玩的哦！","","","","",""
"59102","","","","","","","0","2","183011","","1","0","","","","","","","","","70精英马拉得公主释放死亡凋零","无知的生物慢慢享受死亡的凋零吧！","","","","",""
"59103","","","","","","","0","","","","","","","","","","","","","","70精英马拉得公主喊话","没有什么控制可以控制我！","","","","",""
"60000","0","","0","1","TRUE","","0","","","","","","","","","","","","","","未召唤宝宝喊话","我还会回来了！","","","","",""
"60001","0","","0","1","TRUE","","0","12","","","","","","{22220@1000}$20","","","","","99001","","小软宝宝1","看起来你们很强,有想招聘强力宠物的没有,三餐有肉就行！！！","","","","",""
"60002","0","","0","1","TRUE","","0","12","","","","","","{22261@1000}$20","","","","","99001","","变异小软1","看起来你们很强,有想招聘强力宠物的没有,三餐有肉就行！！！","","","","",""
"60003","0","","0","1","TRUE","","0","12","","","","","","{22221@1000}$20","","","","","99001","","捕猎者宝宝5","看起来你们很强,有想招聘强力宠物的没有,三餐有肉就行！！！","","","","",""
"60004","0","","0","1","TRUE","","0","12","","","","","","{22262@1000}$20","","","","","99001","","变异捕猎者5","看起来你们很强,有想招聘强力宠物的没有,三餐有肉就行！！！","","","","",""
"60005","0","","0","1","TRUE","","0","12","","","","","","{22222@1000}$20","","","","","99001","","羽蛇宝宝15","看起来你们很强,有想招聘强力宠物的没有,三餐有肉就行！！！","","","","",""
"60006","0","","0","1","TRUE","","0","12","","","","","","{22263@1000}$20","","","","","99001","","变异羽蛇15","看起来你们很强,有想招聘强力宠物的没有,三餐有肉就行！！！","","","","",""
"60007","0","","0","1","TRUE","","0","12","","","","","","{22223@1000}$20","","","","","99001","","囧龟宝宝15","看起来你们很强,有想招聘强力宠物的没有,三餐有肉就行！！！","","","","",""
"60008","0","","0","1","TRUE","","0","12","","","","","","{22264@1000}$20","","","","","99001","","变异囧龟15","看起来你们很强,有想招聘强力宠物的没有,三餐有肉就行！！！","","","","",""
"60009","0","","0","1","TRUE","","0","12","","","","","","{22224@1000}$20","","","","","99001","","食人工头宝宝25","看起来你们很强,有想招聘强力宠物的没有,三餐有肉就行！！！","","","","",""
"60010","0","","0","1","TRUE","","0","12","","","","","","{22225@1000}$20","","","","","99001","","地精工匠宝宝25","看起来你们很强,有想招聘强力宠物的没有,三餐有肉就行！！！","","","","",""
"60011","0","","0","1","TRUE","","0","12","","","","","","{22226@1000}$20","","","","","99001","","剪刀手宝宝25","看起来你们很强,有想招聘强力宠物的没有,三餐有肉就行！！！","","","","",""
"60012","0","","0","1","TRUE","","0","12","","","","","","{22227@1000}$20","","","","","99001","","鱼人宝宝25","看起来你们很强,有想招聘强力宠物的没有,三餐有肉就行！！！","","","","",""
"60013","0","","0","1","TRUE","","0","12","","","","","","{22265@1000}$20","","","","","99001","","食人工头宝宝25","看起来你们很强,有想招聘强力宠物的没有,三餐有肉就行！！！","","","","",""
"60014","0","","0","1","TRUE","","0","12","","","","","","{22266@1000}$20","","","","","99001","","地精工匠宝宝25","看起来你们很强,有想招聘强力宠物的没有,三餐有肉就行！！！","","","","",""
"60015","0","","0","1","TRUE","","0","12","","","","","","{22267@1000}$20","","","","","99001","","剪刀手宝宝25","看起来你们很强,有想招聘强力宠物的没有,三餐有肉就行！！！","","","","",""
"60016","0","","0","1","TRUE","","0","12","","","","","","{22268@1000}$20","","","","","99001","","鱼人宝宝25","看起来你们很强,有想招聘强力宠物的没有,三餐有肉就行！！！","","","","",""
"60017","0","","0","1","TRUE","","0","12","","","","","","{22228@1000}$20","","","","","99001","","野鬼宝宝35","看起来你们很强,有想招聘强力宠物的没有,三餐有肉就行！！！","","","","",""
"60018","0","","0","1","TRUE","","0","12","","","","","","{22229@1000}$20","","","","","99001","","狼人宝宝35","看起来你们很强,有想招聘强力宠物的没有,三餐有肉就行！！！","","","","",""
"60019","0","","0","1","TRUE","","0","12","","","","","","{22230@1000}$20","","","","","99001","","死灵哨兵宝宝35","看起来你们很强,有想招聘强力宠物的没有,三餐有肉就行！！！","","","","",""
"60020","0","","0","1","TRUE","","0","12","","","","","","{22231@1000}$20","","","","","99001","","血月教徒宝宝35","看起来你们很强,有想招聘强力宠物的没有,三餐有肉就行！！！","","","","",""
"60021","0","","0","1","TRUE","","0","12","","","","","","{22269@1000}$20","","","","","99001","","变异野鬼35","看起来你们很强,有想招聘强力宠物的没有,三餐有肉就行！！！","","","","",""
"60022","0","","0","1","TRUE","","0","12","","","","","","{22270@1000}$20","","","","","99001","","变异狼人35","看起来你们很强,有想招聘强力宠物的没有,三餐有肉就行！！！","","","","",""
"60023","0","","0","1","TRUE","","0","12","","","","","","{22271@1000}$20","","","","","99001","","变异死灵哨兵35","看起来你们很强,有想招聘强力宠物的没有,三餐有肉就行！！！","","","","",""
"60024","0","","0","1","TRUE","","0","12","","","","","","{22272@1000}$20","","","","","99001","","变异血月教徒35","看起来你们很强,有想招聘强力宠物的没有,三餐有肉就行！！！","","","","",""
"60025","0","","0","1","TRUE","","0","12","","","","","","{22232@1000}$20","","","","","99001","","野猪宝宝45","看起来你们很强,有想招聘强力宠物的没有,三餐有肉就行！！！","","","","",""
"60026","0","","0","1","TRUE","","0","12","","","","","","{22233@1000}$20","","","","","99001","","吸血蝙蝠宝宝45","看起来你们很强,有想招聘强力宠物的没有,三餐有肉就行！！！","","","","",""
"60027","0","","0","1","TRUE","","0","12","","","","","","{22234@1000}$20","","","","","99001","","野猪人宝宝45","看起来你们很强,有想招聘强力宠物的没有,三餐有肉就行！！！","","","","",""
"60028","0","","0","1","TRUE","","0","12","","","","","","{22235@1000}$20","","","","","99001","","巫妖宝宝45","看起来你们很强,有想招聘强力宠物的没有,三餐有肉就行！！！","","","","",""
"60029","0","","0","1","TRUE","","0","12","","","","","","{22273@1000}$20","","","","","99001","","变异野猪45","看起来你们很强,有想招聘强力宠物的没有,三餐有肉就行！！！","","","","",""
"60030","0","","0","1","TRUE","","0","12","","","","","","{22274@1000}$20","","","","","99001","","变异吸血蝙蝠45","看起来你们很强,有想招聘强力宠物的没有,三餐有肉就行！！！","","","","",""
"60031","0","","0","1","TRUE","","0","12","","","","","","{22275@1000}$20","","","","","99001","","变异野猪人45","看起来你们很强,有想招聘强力宠物的没有,三餐有肉就行！！！","","","","",""
"60032","0","","0","1","TRUE","","0","12","","","","","","{22276@1000}$20","","","","","99001","","变异巫妖45","看起来你们很强,有想招聘强力宠物的没有,三餐有肉就行！！！","","","","",""
"60033","0","","0","1","TRUE","","0","12","","","","","","{22236@1000}$20","","","","","99001","","血色猎犬宝宝55","看起来你们很强,有想招聘强力宠物的没有,三餐有肉就行！！！","","","","",""
"60034","0","","0","1","TRUE","","0","12","","","","","","{22237@1000}$20","","","","","99001","","幽灵宝宝55","看起来你们很强,有想招聘强力宠物的没有,三餐有肉就行！！！","","","","",""
"60035","0","","0","1","TRUE","","0","12","","","","","","{22238@1000}$20","","","","","99001","","血色士兵宝宝55","看起来你们很强,有想招聘强力宠物的没有,三餐有肉就行！！！","","","","",""
"60036","0","","0","1","TRUE","","0","12","","","","","","{22239@1000}$20","","","","","99001","","血色骑士宝宝55","看起来你们很强,有想招聘强力宠物的没有,三餐有肉就行！！！","","","","",""
"60037","0","","0","1","TRUE","","0","12","","","","","","{22240@1000}$20","","","","","99001","","血色牧师宝宝55","看起来你们很强,有想招聘强力宠物的没有,三餐有肉就行！！！","","","","",""
"60038","0","","0","1","TRUE","","0","12","","","","","","{22277@1000}$20","","","","","99001","","变异血色猎犬55","看起来你们很强,有想招聘强力宠物的没有,三餐有肉就行！！！","","","","",""
"60039","0","","0","1","TRUE","","0","12","","","","","","{22278@1000}$20","","","","","99001","","变异幽灵55","看起来你们很强,有想招聘强力宠物的没有,三餐有肉就行！！！","","","","",""
"60040","0","","0","1","TRUE","","0","12","","","","","","{22279@1000}$20","","","","","99001","","变异血色士兵55","看起来你们很强,有想招聘强力宠物的没有,三餐有肉就行！！！","","","","",""
"60041","0","","0","1","TRUE","","0","12","","","","","","{22280@1000}$20","","","","","99001","","变异血色骑士55","看起来你们很强,有想招聘强力宠物的没有,三餐有肉就行！！！","","","","",""
"60042","0","","0","1","TRUE","","0","12","","","","","","{22281@1000}$20","","","","","99001","","变异血色牧师55","看起来你们很强,有想招聘强力宠物的没有,三餐有肉就行！！！","","","","",""
"60043","0","","0","1","TRUE","","0","12","","","","","","{22241@1000}$20","","","","","99001","","土元素宝宝65","看起来你们很强,有想招聘强力宠物的没有,三餐有肉就行！！！","","","","",""
"60044","0","","0","1","TRUE","","0","12","","","","","","{22242@1000}$20","","","","","99001","","半人马宝宝65","看起来你们很强,有想招聘强力宠物的没有,三餐有肉就行！！！","","","","",""
"60045","0","","0","1","TRUE","","0","12","","","","","","{22243@1000}$20","","","","","99001","","鞭笞者宝宝65","看起来你们很强,有想招聘强力宠物的没有,三餐有肉就行！！！","","","","",""
"60046","0","","0","1","TRUE","","0","12","","","","","","{22244@1000}$20","","","","","99001","","腐女宝宝65","看起来你们很强,有想招聘强力宠物的没有,三餐有肉就行！！！","","","","",""
"60047","0","","0","1","TRUE","","0","12","","","","","","{22282@1000}$20","","","","","99001","","变异土元素65","看起来你们很强,有想招聘强力宠物的没有,三餐有肉就行！！！","","","","",""
"60048","0","","0","1","TRUE","","0","12","","","","","","{22283@1000}$20","","","","","99001","","变异半人马65","看起来你们很强,有想招聘强力宠物的没有,三餐有肉就行！！！","","","","",""
"60049","0","","0","1","TRUE","","0","12","","","","","","{22284@1000}$20","","","","","99001","","变异鞭笞者65","看起来你们很强,有想招聘强力宠物的没有,三餐有肉就行！！！","","","","",""
"60050","0","","0","1","TRUE","","0","12","","","","","","{22285@1000}$20","","","","","99001","","变异腐女65","看起来你们很强,有想招聘强力宠物的没有,三餐有肉就行！！！","","","","",""
"60051","0","","0","1","TRUE","","0","12","","","","","","{22245@1000}$20","","","","","99001","","摧毁者宝宝70","看起来你们很强,有想招聘强力宠物的没有,三餐有肉就行！！！","","","","",""
"60052","0","","0","1","TRUE","","0","12","","","","","","{22246@1000}$20","","","","","99001","","虚空恐魔宝宝70","看起来你们很强,有想招聘强力宠物的没有,三餐有肉就行！！！","","","","",""
"60053","0","","0","1","TRUE","","0","12","","","","","","{22247@1000}$20","","","","","99001","","食人魔宝宝70","看起来你们很强,有想招聘强力宠物的没有,三餐有肉就行！！！","","","","",""
"60054","0","","0","1","TRUE","","0","12","","","","","","{22248@1000}$20","","","","","99001","","变形者宝宝70","看起来你们很强,有想招聘强力宠物的没有,三餐有肉就行！！！","","","","",""
"60055","0","","0","1","TRUE","","0","12","","","","","","{22286@1000}$20","","","","","99001","","变异摧毁者70","看起来你们很强,有想招聘强力宠物的没有,三餐有肉就行！！！","","","","",""
"60056","0","","0","1","TRUE","","0","12","","","","","","{22287@1000}$20","","","","","99001","","变异虚空恐魔70","看起来你们很强,有想招聘强力宠物的没有,三餐有肉就行！！！","","","","",""
"60057","0","","0","1","TRUE","","0","12","","","","","","{22288@1000}$20","","","","","99001","","变异食人魔70","看起来你们很强,有想招聘强力宠物的没有,三餐有肉就行！！！","","","","",""
"60058","0","","0","1","TRUE","","0","12","","","","","","{22289@1000}$20","","","","","99001","","变异变形者70","看起来你们很强,有想招聘强力宠物的没有,三餐有肉就行！！！","","","","",""
"60059","0","","0","1","TRUE","","0","12","","","","","","{22249@1000}$20","","","","","99001","","绿飞龙宝宝75","看起来你们很强,有想招聘强力宠物的没有,三餐有肉就行！！！","","","","",""
"60060","0","","0","1","TRUE","","0","12","","","","","","{22250@1000}$20","","","","","99001","","预言者宝宝75","看起来你们很强,有想招聘强力宠物的没有,三餐有肉就行！！！","","","","",""
"60061","0","","0","1","TRUE","","0","12","","","","","","{22251@1000}$20","","","","","99001","","骨飞龙宝宝75","看起来你们很强,有想招聘强力宠物的没有,三餐有肉就行！！！","","","","",""
"60062","0","","0","1","TRUE","","0","12","","","","","","{22252@1000}$20","","","","","99001","","绿龙宝宝75","看起来你们很强,有想招聘强力宠物的没有,三餐有肉就行！！！","","","","",""
"60063","0","","0","1","TRUE","","0","12","","","","","","{22290@1000}$20","","","","","99001","","变异绿飞龙75","看起来你们很强,有想招聘强力宠物的没有,三餐有肉就行！！！","","","","",""
"60064","0","","0","1","TRUE","","0","12","","","","","","{22291@1000}$20","","","","","99001","","变异预言者75","看起来你们很强,有想招聘强力宠物的没有,三餐有肉就行！！！","","","","",""
"60065","0","","0","1","TRUE","","0","12","","","","","","{22292@1000}$20","","","","","99001","","变异骨飞龙75","看起来你们很强,有想招聘强力宠物的没有,三餐有肉就行！！！","","","","",""
"60066","0","","0","1","TRUE","","0","12","","","","","","{22293@1000}$20","","","","","99001","","变异绿龙75","看起来你们很强,有想招聘强力宠物的没有,三餐有肉就行！！！","","","","",""
"60067","0","","0","1","TRUE","","0","12","","","","","","{22253@1000}$20","","","","","99001","","炎魔使者宝宝80","看起来你们很强,有想招聘强力宠物的没有,三餐有肉就行！！！","","","","",""
"60068","0","","0","1","TRUE","","0","12","","","","","","{22254@1000}$20","","","","","99001","","黑铁矮人宝宝80","看起来你们很强,有想招聘强力宠物的没有,三餐有肉就行！！！","","","","",""
"60069","0","","0","1","TRUE","","0","12","","","","","","{22255@1000}$20","","","","","99001","","铁炉牧师宝宝80","看起来你们很强,有想招聘强力宠物的没有,三餐有肉就行！！！","","","","",""
"60070","0","","0","1","TRUE","","0","12","","","","","","{22256@1000}$20","","","","","99001","","矮人军官宝宝80","看起来你们很强,有想招聘强力宠物的没有,三餐有肉就行！！！","","","","",""
"60071","0","","0","1","TRUE","","0","12","","","","","","{22294@1000}$20","","","","","99001","","变异炎魔使者80","看起来你们很强,有想招聘强力宠物的没有,三餐有肉就行！！！","","","","",""
"60072","0","","0","1","TRUE","","0","12","","","","","","{22295@1000}$20","","","","","99001","","变异黑铁矮人80","看起来你们很强,有想招聘强力宠物的没有,三餐有肉就行！！！","","","","",""
"60073","0","","0","1","TRUE","","0","12","","","","","","{22296@1000}$20","","","","","99001","","变异铁炉牧师80","看起来你们很强,有想招聘强力宠物的没有,三餐有肉就行！！！","","","","",""
"60074","0","","0","1","TRUE","","0","12","","","","","","{22297@1000}$20","","","","","99001","","变异矮人军官80","看起来你们很强,有想招聘强力宠物的没有,三餐有肉就行！！！","","","","",""
"60075","0","","0","1","TRUE","","0","12","","","","","","{22257@1000}$20","","","","","99001","","死亡骑士宝宝85","看起来你们很强,有想招聘强力宠物的没有,三餐有肉就行！！！","","","","",""
"60076","0","","0","1","TRUE","","0","12","","","","","","{22258@1000}$20","","","","","99001","","食尸鬼宝宝85","看起来你们很强,有想招聘强力宠物的没有,三餐有肉就行！！！","","","","",""
"60077","0","","0","1","TRUE","","0","12","","","","","","{22259@1000}$20","","","","","99001","","女妖宝宝85","看起来你们很强,有想招聘强力宠物的没有,三餐有肉就行！！！","","","","",""
"60078","0","","0","1","TRUE","","0","12","","","","","","{22260@1000}$20","","","","","99001","","恐惧恶魔宝宝85","看起来你们很强,有想招聘强力宠物的没有,三餐有肉就行！！！","","","","",""
"60079","0","","0","1","TRUE","","0","12","","","","","","{22298@1000}$20","","","","","99001","","变异死亡骑士85","看起来你们很强,有想招聘强力宠物的没有,三餐有肉就行！！！","","","","",""
"60080","0","","0","1","TRUE","","0","12","","","","","","{22299@1000}$20","","","","","99001","","变异食尸鬼85","看起来你们很强,有想招聘强力宠物的没有,三餐有肉就行！！！","","","","",""
"60081","0","","0","1","TRUE","","0","12","","","","","","{22300@1000}$20","","","","","99001","","变异女妖85","看起来你们很强,有想招聘强力宠物的没有,三餐有肉就行！！！","","","","",""
"60082","0","","0","1","TRUE","","0","12","","","","","","{22301@1000}$20","","","","","99001","","变异恐惧恶魔85","看起来你们很强,有想招聘强力宠物的没有,三餐有肉就行！！！","","","","",""
"60083","0","","0","1","TRUE","","0","10","","","","","","","","","","","","","沙包待机","","","","","",""
"60084","0","","0","1","TRUE","","0","12","","","","","","{31103@1000}$26,{31101@1000}$27","","","","","","","第五回合召唤小怪","看来你们很强,我要叫小弟了！","","","","",""
"60085","0","","0","1","TRUE","","0","12","","","","","","{31103@1000}$25,{31101@1000}$28","","","","","","","第十回合召唤小怪","看来你们很强,我要叫小弟了！","","","","",""
"60086","0","","0","1","TRUE","","0","12","","","","","","{27136@1000}$16,{27136@1000}$17","","","","","","","训犬人召唤","狗仔们出来咬人了！","","","","",""
"60087","0","","0","1","TRUE","","0","12","","","","","","{27154@1000}$25,{27156@1000}$20,{27156@1000}$21,{27156@1000}$22,{27156@1000}$23,{27156@1000}$24","","","","","","","狗男女男的死了召唤女的","","","","","",""
"60088","0","","0","1","TRUE","","0","2","180018","","","","","","","","","","99003","","拉boss男","复活吧,我的勇士！","","","","",""
"60089","0","","0","1","TRUE","","0","12","","","","","","{27136@1000}$18,{27136@1000}$19","","","","","","","训犬人召唤","狗仔们出来咬人了！","","","","",""
"60090","0","","0","1","TRUE","","0","12","","","","","","{27136@1000}$20,{27136@1000}$21","","","","","","","训犬人召唤","狗仔们出来咬人了！","","","","",""
"60091","0","","0","1","TRUE","","0","12","","","","","","{30917@1000}$20,{30918@1000}$21","","","","","","","冰封王座70级召唤小怪","看来你们很强,我要叫小弟了！","","","","",""
"60092","0","","0","1","TRUE","","0","12","","","","","","{30919@1000}$22,{30920@1000}$23","","","","","","","冰封王座70级召唤小怪","看来你们很强,我要叫小弟了！","","","","",""
"60093","0","","0","1","TRUE","","0","12","","","","","","{30921@1000}$24","","","","","","","冰封王座70级召唤小怪","看来你们很强,我要叫小弟了！","","","","",""
"60094","0","","0","1","TRUE","","0","2","183000","","","","","","","","","","","","冰封王座70级 boss双封","你们太嚣张了,我要控制你们！","","","","",""
"60095","0","","0","1","TRUE","","0","2","420018","","","","","","","","","","","","冰封王座70级 boss加野兽之力","你们的找都力很强,看我的！","","","","",""
"60096","0","","0","1","TRUE","","0","2","420027","","","","","","","","","","","","冰封王座70级 战士破血","能见到我们是你们的荣幸！","","","","",""
"60097","0","","0","1","TRUE","","0","2","180017","","","","","","","","","","","","冰封王座70级 全体满血技能","看来你们没血了,不要急！","","","","",""
"60098","0","","0","1","TRUE","","0","12","","","","","","{30954@1000}$21,{30955@1000}$22","","","","","","","冰封王座90级召唤小怪","看来你们很强,我要叫小弟了！","","","","",""
"60099","0","","0","1","TRUE","","0","12","","","","","","{30956@1000}$23,{30957@1000}$24","","","","","","","冰封王座90级召唤小怪","看来你们很强,我要叫小弟了！","","","","",""
"60100","0","","0","1","TRUE","","0","12","","","","","","{30958@1000}$26,{30959@1000}$27","","","","","","","冰封王座90级召唤小怪","看来你们很强,我要叫小弟了！","","","","",""
"60101","0","","0","1","TRUE","","0","12","","","","","","{30960@1000}$20","","","","","","","冰封王座90级召唤小怪","看来你们很强,我要叫小弟了！","","","","",""
"60102","0","","0","1","TRUE","","0","2","150007","","","","","","","","","","","","冰封王座90级fs大招","现在是证明我们实力的时候了！","","","","",""
"60103","0","","0","1","TRUE","","0","2","191007","","","","","","","","","","","","冰封王座90级le大招","现在是证明我们实力的时候了！","","","","",""
"60104","0","","0","1","TRUE","","0","9","","","","","100","","","","","","","","冠军试炼小怪全死第四回合跑","记住我给你们的惩罚,我先跑了","","","","",""
"60105","0","","0","1","TRUE","","0","12","","","","","","{31046@1000}$22","","","","","","","军团1","","","","","",""
"60106","0","","0","1","TRUE","","0","12","","","","","","{31147@1000}$22","","","","","","","军团2","","","","","",""
"60107","0","","0","1","TRUE","","0","12","","","","","","{31150@1000}$22","","","","","","","军团3","","","","","",""
"60108","0","","0","1","TRUE","","0","12","","","","","","{31145@1000}$22","","","","","","","魔像1","","","","","",""
"60109","0","","0","1","TRUE","","0","12","","","","","","{31140@1000}$22","","","","","","","魔像2","","","","","",""
"60110","0","","0","1","TRUE","","0","12","","","","","","{31146@1000}$22","","","","","","","魔像3","","","","","",""
"60111","0","","0","1","TRUE","","0","2","183012","","1","","","","","","","","99031","","诛神封","","","","","",""
"60112","0","","0","1","TRUE","","0","2","183012","","1","","","","","","","","99032","","诛神封","","","","","",""
"60113","0","","0","1","TRUE","","0","2","183012","","1","","","","","","","","99033","","诛神封前","","","","","",""
"60114","0","","0","1","TRUE","","0","2","183012","","1","","","","","","","","99034","","诛神封前","","","","","",""
"60115","0","","0","1","TRUE","","0","2","160001","","1","","","","","","","","","","诛神神圣封印","","","","","",""
"60116","0","","0","1","TRUE","","0","2","207101","","","","","","","","","","","","诛神法术","","","","","",""
"60117","0","","0","1","TRUE","","0","2","162003","","","","","","","","","","","","盗贼一回合剔骨","","","","","",""
"60118","0","","0","1","TRUE","","0","2","183013","","1","","","","","","","","","","第一回合心灵之火","","","","","",""
"60150","0","","0","1","TRUE","","0","12","","","","","","{22227@1000}$20","","","","","","","鱼人宝宝25","看起来你们很强,有想招聘强力宠物的没有,三餐有肉就行！！！","","","","",""
"60151","0","","0","1","TRUE","","0","12","","","","","","{22231@1000}$20","","","","","","","血月教徒宝宝35","看起来你们很强,有想招聘强力宠物的没有,三餐有肉就行！！！","","","","",""
"60152","0","","0","1","TRUE","","0","12","","","","","","{22235@1000}$20","","","","","","","巫妖宝宝45","看起来你们很强,有想招聘强力宠物的没有,三餐有肉就行！！！","","","","",""
"60153","0","","0","1","TRUE","","0","12","","","","","","{22239@1000}$20","","","","","","","血色骑士宝宝55","看起来你们很强,有想招聘强力宠物的没有,三餐有肉就行！！！","","","","",""
"60154","0","","0","1","TRUE","","0","12","","","","","","{22240@1000}$20","","","","","","","血色牧师宝宝55","看起来你们很强,有想招聘强力宠物的没有,三餐有肉就行！！！","","","","",""
"60155","0","","0","1","TRUE","","0","12","","","","","","{22244@1000}$20","","","","","","","腐女宝宝65","看起来你们很强,有想招聘强力宠物的没有,三餐有肉就行！！！","","","","",""
"60156","0","","0","1","TRUE","","0","12","","","","","","{22248@1000}$20","","","","","","","变形者宝宝70","看起来你们很强,有想招聘强力宠物的没有,三餐有肉就行！！！","","","","",""
"60157","0","","0","1","TRUE","","0","12","","","","","","{22252@1000}$20","","","","","","","绿龙宝宝75","看起来你们很强,有想招聘强力宠物的没有,三餐有肉就行！！！","","","","",""
"60158","0","","0","1","TRUE","","0","12","","","","","","{22256@1000}$20","","","","","","","矮人军官宝宝80","看起来你们很强,有想招聘强力宠物的没有,三餐有肉就行！！！","","","","",""
"60159","0","","0","1","TRUE","","0","12","","","","","","{22260@1000}$20","","","","","","","恐惧恶魔宝宝85","看起来你们很强,有想招聘强力宠物的没有,三餐有肉就行！！！","","","","",""
"60160","","","","","","","0","2","430226","","1","0","","","","","","","","0","","","","","","",""
"60161","","","","","","","0","2","420015","","1","0","","","","","","","","0","神圣救赎","","","","","",""
"60162","","","","","","","0","2","420011","","1","0","","","","","","","","0","神圣救赎","","","","","",""
"60163","","","","","","","0","2","430224","","1","0","","","","","","","","0","神圣救赎","","","","","",""
"60164","","","","","","","0","2","430225","","1","0","","","","","","","","0","神圣救赎","","","","","",""
"60165","","","","","","","0","2","130000","","1","0","","","","","","","","0","神圣救赎","","","","","",""
"60166","","","","","","","0","2","150004","","1","0","","","","","","","","0","","","","","","",""
"60167","","","","","","","0","2","207237","","1","0","","","","","","","","0","","","","","","",""
"60168","","","","","","","0","2","164007","","1","0","","","","","","","","0","","","","","","",""
"60169","","","","","","","0","2","207294","","1","0","","","","","","","","0","","","","","","",""
"60170","","","","","","","0","2","430227","","1","0","","","","","","","","0","","","","","","",""
"60171","","","","","","","0","2","430229","","1","0","","","","","","","","0","","","","","","",""
"60172","","","","","","","0","","","","","","","","","","","","","0","寒冰王子喊话","给你个大嘴巴子！！！","","AIchat/hanbingwangzi_001.ogg","","",""
"60173","","","","","TRUE","","0","2","207005","","1","0","","","","","","","","0","","爽不爽？！！","","","","",""
"60174","","","","","TRUE","","0","2","207006","","1","0","","","","","","","","0","","爽不爽？！！","","","","",""
"60175","","","","","TRUE","","0","2","207008","","1","0","","","","","","","","0","","爽不爽？！！","","","","",""
"60176","","","","","TRUE","","0","2","207007","","1","0","","","","","","","","0","","爽不爽？！！","","","","",""
"60177","0","","0","1","TRUE","","0","12","","","","","","{31760@1000}$20,{31761@1000}$21,{31762@1000}$22,{31763@1000}$23,{31764@1000}$24","","","","","","","恐惧恶魔宝宝85","我很郁闷，不想玩了！","","","","",""
"60178","0","","0","1","TRUE","","0","12","","","","","","{31765@1000}$20,{31766@1000}$21,{31767@1000}$22,{31768@1000}$23,{31769@1000}$24","","","","","","","恐惧恶魔宝宝85","我生气，接受怒火吧！","","","","",""
"60179","0","","0","1","TRUE","","0","12","","","","","","{31770@1000}$20,{31771@1000}$21,{31772@1000}$22,{31773@1000}$23,{31774@1000}$24","","","","","","","恐惧恶魔宝宝85","我愤怒了，毁灭吧！","","","","",""
"60180","0","","0","1","TRUE","","0","12","","","","","","{31775@1000}$20,{31776@1000}$21,{31777@1000}$22,{31778@1000}$23,{31779@1000}$24","","","","","","","恐惧恶魔宝宝85","啊！啊！啊！狂暴了！","","","","",""
"60181","","","","","TRUE","","0","2","207219","","1","0","","","","","","","","0","","何人敢来挑战！","","","","",""
"60182","0","","0","1","TRUE","","0","","","","","","","","","","","","","0","","我是肉","","","","",""
"60183","0","","0","1","TRUE","","0","","","","","","","","","","","","","0","","我物理","","","","",""
"60184","0","","0","1","TRUE","","0","","","","","","","","","","","","","0","","我法术","","","","",""
"60185","0","","0","1","TRUE","","0","","","","","","","","","","","","","0","","我封","","","","",""
"60186","0","","0","1","TRUE","","0","","","","","","","","","","","","","0","","我抗物理","","","","",""
"60187","0","","0","1","TRUE","","0","","","","","","","","","","","","","0","","我抗法术","","","","",""
"60188","0","","0","1","TRUE","","0","","","","","","","","","","","","","0","","我辅助","","","","",""
"60189","0","","0","1","TRUE","","0","","","","","","","","","","","","","0","","我秒杀","","","","",""
"60190","0","","0","1","TRUE","","0","12","","","","","","{32311@1000}$20,{32312@1000}$21,{32313@1000}$22,{32314@1000}$23,{32315@1000}$24","","","","","","","5.10.15回合","各位接招把。这是第一波。不要让我看不起你们。","2","","","",""
"60191","0","","0","1","TRUE","","0","12","","","","","","{32311@1000}$20,{32312@1000}$21,{32313@1000}$22,{32314@1000}$23,{32315@1000}$24","","","","","","","5.10.15回合","各位接招把。这是第二波。不要让我看不起你们。","2","","","",""
"60192","0","","0","1","TRUE","","0","12","","","","","","{32311@1000}$20,{32312@1000}$21,{32313@1000}$22,{32314@1000}$23,{32315@1000}$24","","","","","","","5.10.15回合","各位接招把。这是第三波。不要让我看不起你们。","2","","","",""
"60193","0","","0","1","TRUE","","0","12","","","","","","{32316@1000}$20,{32317@1000}$21,{32318@1000}$22,{32319@1000}$23,{32320@1000}$24","","","","","","","20.25.30回合","各位接招把。这是第四波。看来你们有点实力。希望你们还能接住。","2","","","",""
"60194","0","","0","1","TRUE","","0","12","","","","","","{32316@1000}$20,{32317@1000}$21,{32318@1000}$22,{32319@1000}$23,{32320@1000}$24","","","","","","","20.25.30回合","各位接招把。这是第五波。看来你们有点实力。希望你们还能接住。","2","","","",""
"60195","0","","0","1","TRUE","","0","12","","","","","","{32316@1000}$20,{32317@1000}$21,{32318@1000}$22,{32319@1000}$23,{32320@1000}$24","","","","","","","20.25.30回合","各位接招把。这是第六波。看来你们有点实力。希望你们还能接住。","2","","","",""
"60196","0","","0","1","TRUE","","0","12","","","","","","{32321@1000}$20,{32322@1000}$21,{32323@1000}$22,{32324@1000}$23,{32325@1000}$24","","","","","","","35.40回合","各位接招把。这是第七波。不要让我失望，胜利就在眼前。","2","","","",""
"60197","0","","0","1","TRUE","","0","12","","","","","","{32321@1000}$20,{32322@1000}$21,{32323@1000}$22,{32324@1000}$23,{32325@1000}$24","","","","","","","35.40回合","各位接招把。这是第八波。不要让我失望，胜利就在眼前。","2","","","",""
"60198","0","","0","1","TRUE","","0","12","","","","","","{32326@1000}$20,{32327@1000}$21,{32328@1000}$22,{32329@1000}$23,{32330@1000}$24","","","","","","","45.50回合","各位接招把。这是第九波。不要让我失望，胜利就在眼前。","2","","","",""
"60199","0","","0","1","TRUE","","0","12","","","","","","{32326@1000}$20,{32327@1000}$21,{32328@1000}$22,{32329@1000}$23,{32330@1000}$24,{32331@1000}$25,{32332@1000}$26,{32333@1000}$27","","","","","","","45.50回合","这是最后一关了。老哥我等下要去修仙了。我还会回来的。","2","","","",""
"60200","0","","0","1","TRUE","","0","9","","","","","","","","","","","","","宠物逃跑","我先溜了。希望你们能扛住这波。我还会回来了的。期待我的归来。","2","","","",""
"60201","0","","0","1","TRUE","","0","10","","","","","","","","","","","","","宠物逃跑","我糙！！！老大这是怕死跑了？","2","","","",""
"60202","0","","0","1","TRUE","","0","10","","","","","","","","","","","","","宠物逃跑","可能是啊。怎么办？要不我们也溜了？","2","","","",""
"60203","0","","0","1","TRUE","","0","9","","","","","","","","","","","","","宠物逃跑","那还愣着干嘛？赶紧跑啊。傻逼！狗命要紧。","2","","","",""
"60204","0","","0","1","TRUE","","0","9","","","","","","","","","","","","","宠物逃跑","等等我，等等我。敲你玛。你大爷，你二爷。你亲娘。","2","","","",""
"60205","","","","","","","","2","420015","","1","0","","","","","","","","0","泡泡王晶清","","","","","",""
"61000","0","","0","1","TRUE","","0","2","140007","","","","","","","","","","99051","","血量下降到百分之30","","","","","",""
"61001","0","","0","1","TRUE","","0","2","195001","","","","","","","","","","","","血量下降到百分之30","看来要使用绝招了！灭杀！","","","","",""
"61002","0","","0","1","TRUE","","0","2","195002","","","","","","","","","","","","血量下降到百分之30","看来要使用绝招了！灭杀！","","","","",""
"61003","0","","0","1","TRUE","","0","2","195003","","","","","","","","","","","","血量下降到百分之30","看来要使用绝招了！灭杀！","","","","",""
"61004","0","","0","1","TRUE","","0","2","195004","","","","","","","","","","","","血量下降到百分之30","看来要使用绝招了！灭杀！","","","","",""
"61005","0","","0","1","TRUE","","0","2","195005","","","","","","","","","","","","血量下降到百分之30","看来要使用绝招了！灭杀！","","","","",""
"61006","0","","0","1","TRUE","","0","2","195006","","","","","","","","","","","","血量下降到百分之30","看来要使用绝招了！灭杀！","","","","",""
"61007","0","","0","1","TRUE","","0","2","195000","","","","","","","","","","","","等于10个怪物放一次大招","别动我的孩子们！去死！","","","","",""
"61008","0","","0","1","TRUE","","0","2","195007","","","","","","","","","","","","无敌技能解除喊话","加10%双攻","","","","",""
"61009","0","","0","1","TRUE","","0","2","195008","","","","","","","","","","","","无敌技能解除喊话","加20%双攻","","","","",""
"61010","0","","0","1","TRUE","","0","2","195009","","","","","","","","","","","","无敌技能解除喊话","加30%双攻","","","","",""
"61011","0","","0","1","TRUE","","0","2","195010","","","","","","","","","","","","无敌技能解除喊话","加40%双攻","","","","",""
"61012","0","","0","1","TRUE","","0","2","195011","","","","","","","","","","","","无敌技能解除喊话","加50%双攻","","","","",""
"61013","0","","0","1","TRUE","","0","2","195012","","","","","","","","","","","","无敌技能解除喊话","加60%双攻","","","","",""
"61014","0","","0","1","TRUE","","0","2","195013","","","","","","","","","","","","血量下降到百分之10","我血量低于50%.人物全秒","","","","",""
"61015","0","","0","1","TRUE","","0","2","195014","","","","","","","","","","","","自己血量大于百分之50单秒","我血量高过50%","","","","",""
"61016","0","","0","1","TRUE","","0","2","195015","","","","","","","","","","","","无敌技能解除喊话","少一人全体满血","","","","",""
"61017","0","","0","1","TRUE","","0","2","195016","","","","","","","","","","","","对面辅助职业大于3个","职业太多.全部退场把","","","","",""
"61018","0","","0","1","TRUE","","0","2","195013","","","","","","","","","","","","血量下降到百分之10","我血量低于10%.人物全秒","","","","",""
"61019","0","","0","1","TRUE","","0","2","195002","","","","","","","","","","","","进场扣全队30%的血","跟我们打先-30%血先","","","","",""
"61020","0","","0","1","TRUE","","0","2","195028","","","","","","","","","","","","百分百冰冻","你们太可怕了，我要冰冻了","1","","","",""
"61021","0","","0","1","TRUE","","0","2","195029","","","","","","","","","","","","百分百灼热","你们太可怕了，我要灼热","1","","","",""
"61022","0","","0","1","TRUE","","0","2","195030","","","","","","","","","","","","百分百雷电攻击","你们太可怕了，我要触电","1","","","",""
"61023","0","","0","1","TRUE","","0","2","195031","","","","","","","","","","","","百分百增法术防御","你们太可怕了，我要加防御了","1","","","",""
"61024","0","","0","1","TRUE","","0","12","","","","","","{33610@200;33611@200;33612@200;33613@200}$15","","","","","","","5.10.15回合","你们真厉害 我叫我大哥出来了","1","","","",""
"61025","0","","0","1","TRUE","","0","12","","","","","","{33610@200;33611@200;33612@200;33613@200}$17","","","","","","","5.10.15回合","你们真厉害 我叫我大哥出来了","1","","","",""
"61026","0","","0","1","TRUE","","0","12","","","","","","{33610@200;33611@200;33612@200;33613@200}$18","","","","","","","5.10.15回合","你们真厉害 我叫我大哥出来了","1","","","",""
"61027","0","","0","1","TRUE","","0","12","","","","","","{33610@200;33611@200;33612@200;33613@200}$25","","","","","","","5.10.15回合","你们真厉害 我叫我大哥出来了","1","","","",""
"61028","0","","0","1","TRUE","","0","2","195014","","","","","","","","","","","","秒杀1人","太恐怖了你们","1","","","",""
"61029","0","","0","1","TRUE","","0","2","182002","","","","","","","","","","","","发现有输出职业","我闻到了输出职业的味道","1","","","",""
"61030","0","","0","1","TRUE","","0","2","195031","","","","","","","","","","","","发现有辅助职业","我闻到了辅助职业的味道","1","","","",""
"61031","0","","0","1","TRUE","","0","2","195020","","","","","","","","","","","","发现有封职业","我闻到了封系职业的味道","1","","","",""
"61032","0","","0","1","TRUE","","0","12","","","","","","{33610@1000}$19,{33611@1000}$21,{33612@1000}$22,{33613@1000}$25","4","","","","","","BOSS死亡召唤","擦","1","","","",""
"61033","0","","0","1","TRUE","","0","12","","","","","","{34009@200;34010@200;34011@200;34012@200;34013@200;34014@200;34015@200;34016@200;34017@200}$15","","","","","","","BOSS死亡召唤","进入第二关","1","","","",""
"61034","0","","0","1","TRUE","","0","12","","","","","","{34009@200;34010@200;34011@200;34012@200;34013@200;34014@200;34015@200;34016@200;34017@200}$16","","","","","","","BOSS死亡召唤","进入第二关","1","","","",""
"61035","0","","0","1","TRUE","","0","12","","","","","","{34009@200;34010@200;34011@200;34012@200;34013@200;34014@200;34015@200;34016@200;34017@200}$17","","","","","","","BOSS死亡召唤","进入第二关","1","","","",""
"61036","0","","0","1","TRUE","","0","12","","","","","","{34009@200;34010@200;34011@200;34012@200;34013@200;34014@200;34015@200;34016@200;34017@200}$18","","","","","","","BOSS死亡召唤","进入第二关","1","","","",""
"61037","0","","0","1","TRUE","","0","12","","","","","","{34009@200;34010@200;34011@200;34012@200;34013@200;34014@200;34015@200;34016@200;34017@200}$19","","","","","","","BOSS死亡召唤","进入第二关","1","","","",""
"61038","0","","0","1","TRUE","","0","12","","","","","","{34009@200;34010@200;34011@200;34012@200;34013@200;34014@200;34015@200;34016@200;34017@200}$20","","","","","","","BOSS死亡召唤","进入第二关","1","","","",""
"61039","0","","0","1","TRUE","","0","12","","","","","","{34009@200;34010@200;34011@200;34012@200;34013@200;34014@200;34015@200;34016@200;34017@200}$21","","","","","","","BOSS死亡召唤","进入第二关","1","","","",""
"61040","0","","0","1","TRUE","","0","12","","","","","","{34009@200;34010@200;34011@200;34012@200;34013@200;34014@200;34015@200;34016@200;34017@200}$22","","","","","","","BOSS死亡召唤","进入第二关","1","","","",""
"61041","0","","0","1","TRUE","","0","12","","","","","","{34009@200;34010@200;34011@200;34012@200;34013@200;34014@200;34015@200;34016@200;34017@200}$23","","","","","","","BOSS死亡召唤","进入第二关","1","","","",""
"61051","0","","0","1","TRUE","","0","12","","","","","","{34109@200;34110@200;34111@200;34112@200;34113@200;34114@200;34115@200;34116@200;34117@200}$15","","","","","","","BOSS死亡召唤","进入第二关","1","","","",""
"61052","0","","0","1","TRUE","","0","12","","","","","","{34109@200;34110@200;34111@200;34112@200;34113@200;34114@200;34115@200;34116@200;34117@200}$16","","","","","","","BOSS死亡召唤","进入第二关","1","","","",""
"61053","0","","0","1","TRUE","","0","12","","","","","","{34109@200;34110@200;34111@200;34112@200;34113@200;34114@200;34115@200;34116@200;34117@200}$17","","","","","","","BOSS死亡召唤","进入第二关","1","","","",""
"61054","0","","0","1","TRUE","","0","12","","","","","","{34109@200;34110@200;34111@200;34112@200;34113@200;34114@200;34115@200;34116@200;34117@200}$18","","","","","","","BOSS死亡召唤","进入第二关","1","","","",""
"61055","0","","0","1","TRUE","","0","12","","","","","","{34109@200;34110@200;34111@200;34112@200;34113@200;34114@200;34115@200;34116@200;34117@200}$19","","","","","","","BOSS死亡召唤","进入第二关","1","","","",""
"61056","0","","0","1","TRUE","","0","12","","","","","","{34109@200;34110@200;34111@200;34112@200;34113@200;34114@200;34115@200;34116@200;34117@200}$20","","","","","","","BOSS死亡召唤","进入第二关","1","","","",""
"61057","0","","0","1","TRUE","","0","12","","","","","","{34109@200;34110@200;34111@200;34112@200;34113@200;34114@200;34115@200;34116@200;34117@200}$21","","","","","","","BOSS死亡召唤","进入第二关","1","","","",""
"61058","0","","0","1","TRUE","","0","12","","","","","","{34109@200;34110@200;34111@200;34112@200;34113@200;34114@200;34115@200;34116@200;34117@200}$22","","","","","","","BOSS死亡召唤","进入第二关","1","","","",""
"61059","0","","0","1","TRUE","","0","12","","","","","","{34109@200;34110@200;34111@200;34112@200;34113@200;34114@200;34115@200;34116@200;34117@200}$23","","","","","","","BOSS死亡召唤","进入第二关","1","","","",""
"61060","0","","0","1","TRUE","","0","12","","","","","","{34118@200;34119@200;34120@200;34121@200;34122@200;34123@200;34124@200;34125@200;34126@200}$15","","","","","","","BOSS死亡召唤","进入第三关","1","","","",""
"61061","0","","0","1","TRUE","","0","12","","","","","","{34118@200;34119@200;34120@200;34121@200;34122@200;34123@200;34124@200;34125@200;34126@200}$16","","","","","","","BOSS死亡召唤","进入第三关","1","","","",""
"61062","0","","0","1","TRUE","","0","12","","","","","","{34118@200;34119@200;34120@200;34121@200;34122@200;34123@200;34124@200;34125@200;34126@200}$17","","","","","","","BOSS死亡召唤","进入第三关","1","","","",""
"61063","0","","0","1","TRUE","","0","12","","","","","","{34118@200;34119@200;34120@200;34121@200;34122@200;34123@200;34124@200;34125@200;34126@200}$18","","","","","","","BOSS死亡召唤","进入第三关","1","","","",""
"61064","0","","0","1","TRUE","","0","12","","","","","","{34118@200;34119@200;34120@200;34121@200;34122@200;34123@200;34124@200;34125@200;34126@200}$19","","","","","","","BOSS死亡召唤","进入第三关","1","","","",""
"61065","0","","0","1","TRUE","","0","12","","","","","","{34118@200;34119@200;34120@200;34121@200;34122@200;34123@200;34124@200;34125@200;34126@200}$20","","","","","","","BOSS死亡召唤","进入第三关","1","","","",""
"61066","0","","0","1","TRUE","","0","12","","","","","","{34118@200;34119@200;34120@200;34121@200;34122@200;34123@200;34124@200;34125@200;34126@200}$21","","","","","","","BOSS死亡召唤","进入第三关","1","","","",""
"61067","0","","0","1","TRUE","","0","12","","","","","","{34118@200;34119@200;34120@200;34121@200;34122@200;34123@200;34124@200;34125@200;34126@200}$22","","","","","","","BOSS死亡召唤","进入第三关","1","","","",""
"61068","0","","0","1","TRUE","","0","12","","","","","","{34118@200;34119@200;34120@200;34121@200;34122@200;34123@200;34124@200;34125@200;34126@200}$23","","","","","","","BOSS死亡召唤","进入第三关","1","","","",""
"61078","0","","0","1","TRUE","","0","12","","","","","","{34209@200;34210@200;34211@200;34212@200;34213@200;34214@200;34215@200;34216@200;34217@200}$15","","","","","","","BOSS死亡召唤","进入第二关","1","","","",""
"61079","0","","0","1","TRUE","","0","12","","","","","","{34209@200;34210@200;34211@200;34212@200;34213@200;34214@200;34215@200;34216@200;34217@200}$16","","","","","","","BOSS死亡召唤","进入第二关","1","","","",""
"61080","0","","0","1","TRUE","","0","12","","","","","","{34209@200;34210@200;34211@200;34212@200;34213@200;34214@200;34215@200;34216@200;34217@200}$17","","","","","","","BOSS死亡召唤","进入第二关","1","","","",""
"61081","0","","0","1","TRUE","","0","12","","","","","","{34209@200;34210@200;34211@200;34212@200;34213@200;34214@200;34215@200;34216@200;34217@200}$18","","","","","","","BOSS死亡召唤","进入第二关","1","","","",""
"61082","0","","0","1","TRUE","","0","12","","","","","","{34209@200;34210@200;34211@200;34212@200;34213@200;34214@200;34215@200;34216@200;34217@200}$19","","","","","","","BOSS死亡召唤","进入第二关","1","","","",""
"61083","0","","0","1","TRUE","","0","12","","","","","","{34209@200;34210@200;34211@200;34212@200;34213@200;34214@200;34215@200;34216@200;34217@200}$20","","","","","","","BOSS死亡召唤","进入第二关","1","","","",""
"61084","0","","0","1","TRUE","","0","12","","","","","","{34209@200;34210@200;34211@200;34212@200;34213@200;34214@200;34215@200;34216@200;34217@200}$21","","","","","","","BOSS死亡召唤","进入第二关","1","","","",""
"61085","0","","0","1","TRUE","","0","12","","","","","","{34209@200;34210@200;34211@200;34212@200;34213@200;34214@200;34215@200;34216@200;34217@200}$22","","","","","","","BOSS死亡召唤","进入第二关","1","","","",""
"61086","0","","0","1","TRUE","","0","12","","","","","","{34209@200;34210@200;34211@200;34212@200;34213@200;34214@200;34215@200;34216@200;34217@200}$23","","","","","","","BOSS死亡召唤","进入第二关","1","","","",""
"61087","0","","0","1","TRUE","","0","12","","","","","","{34218@200;34219@200;34220@200;34221@200;34222@200;34223@200;34224@200;34225@200;34226@200}$15","","","","","","","BOSS死亡召唤","进入第三关","1","","","",""
"61088","0","","0","1","TRUE","","0","12","","","","","","{34218@200;34219@200;34220@200;34221@200;34222@200;34223@200;34224@200;34225@200;34226@200}$16","","","","","","","BOSS死亡召唤","进入第三关","1","","","",""
"61089","0","","0","1","TRUE","","0","12","","","","","","{34218@200;34219@200;34220@200;34221@200;34222@200;34223@200;34224@200;34225@200;34226@200}$17","","","","","","","BOSS死亡召唤","进入第三关","1","","","",""
"61090","0","","0","1","TRUE","","0","12","","","","","","{34218@200;34219@200;34220@200;34221@200;34222@200;34223@200;34224@200;34225@200;34226@200}$18","","","","","","","BOSS死亡召唤","进入第三关","1","","","",""
"61091","0","","0","1","TRUE","","0","12","","","","","","{34218@200;34219@200;34220@200;34221@200;34222@200;34223@200;34224@200;34225@200;34226@200}$19","","","","","","","BOSS死亡召唤","进入第三关","1","","","",""
"61092","0","","0","1","TRUE","","0","12","","","","","","{34218@200;34219@200;34220@200;34221@200;34222@200;34223@200;34224@200;34225@200;34226@200}$20","","","","","","","BOSS死亡召唤","进入第三关","1","","","",""
"61093","0","","0","1","TRUE","","0","12","","","","","","{34218@200;34219@200;34220@200;34221@200;34222@200;34223@200;34224@200;34225@200;34226@200}$21","","","","","","","BOSS死亡召唤","进入第三关","1","","","",""
"61094","0","","0","1","TRUE","","0","12","","","","","","{34218@200;34219@200;34220@200;34221@200;34222@200;34223@200;34224@200;34225@200;34226@200}$22","","","","","","","BOSS死亡召唤","进入第三关","1","","","",""
"61095","0","","0","1","TRUE","","0","12","","","","","","{34218@200;34219@200;34220@200;34221@200;34222@200;34223@200;34224@200;34225@200;34226@200}$23","","","","","","","BOSS死亡召唤","进入第三关","1","","","",""
"61096","0","","0","1","TRUE","","0","12","","","","","","{34227@200;34228@200;34229@200;34230@200;34231@200;34232@200;34233@200;34234@200;34235@200}$15","","","","","","","BOSS死亡召唤","进入第四关","1","","","",""
"61097","0","","0","1","TRUE","","0","12","","","","","","{34227@200;34228@200;34229@200;34230@200;34231@200;34232@200;34233@200;34234@200;34235@200}$16","","","","","","","BOSS死亡召唤","进入第四关","1","","","",""
"61098","0","","0","1","TRUE","","0","12","","","","","","{34227@200;34228@200;34229@200;34230@200;34231@200;34232@200;34233@200;34234@200;34235@200}$17","","","","","","","BOSS死亡召唤","进入第四关","1","","","",""
"61099","0","","0","1","TRUE","","0","12","","","","","","{34227@200;34228@200;34229@200;34230@200;34231@200;34232@200;34233@200;34234@200;34235@200}$18","","","","","","","BOSS死亡召唤","进入第四关","1","","","",""
"61100","0","","0","1","TRUE","","0","12","","","","","","{34227@200;34228@200;34229@200;34230@200;34231@200;34232@200;34233@200;34234@200;34235@200}$19","","","","","","","BOSS死亡召唤","进入第四关","1","","","",""
"61101","0","","0","1","TRUE","","0","12","","","","","","{34227@200;34228@200;34229@200;34230@200;34231@200;34232@200;34233@200;34234@200;34235@200}$20","","","","","","","BOSS死亡召唤","进入第四关","1","","","",""
"61102","0","","0","1","TRUE","","0","12","","","","","","{34227@200;34228@200;34229@200;34230@200;34231@200;34232@200;34233@200;34234@200;34235@200}$21","","","","","","","BOSS死亡召唤","进入第四关","1","","","",""
"61103","0","","0","1","TRUE","","0","12","","","","","","{34227@200;34228@200;34229@200;34230@200;34231@200;34232@200;34233@200;34234@200;34235@200}$22","","","","","","","BOSS死亡召唤","进入第四关","1","","","",""
"61104","0","","0","1","TRUE","","0","12","","","","","","{34227@200;34228@200;34229@200;34230@200;34231@200;34232@200;34233@200;34234@200;34235@200}$23","","","","","","","BOSS死亡召唤","进入第四关","1","","","",""
"61105","0","","0","1","TRUE","","0","12","","","","","","{34309@200;34310@200;34311@200;34312@200;34313@200;34314@200;34315@200;34316@200;34317@200}$15","","","","","","","BOSS死亡召唤","进入第二关","1","","","",""
"61106","0","","0","1","TRUE","","0","12","","","","","","{34309@200;34310@200;34311@200;34312@200;34313@200;34314@200;34315@200;34316@200;34317@200}$16","","","","","","","BOSS死亡召唤","进入第二关","1","","","",""
"61107","0","","0","1","TRUE","","0","12","","","","","","{34309@200;34310@200;34311@200;34312@200;34313@200;34314@200;34315@200;34316@200;34317@200}$17","","","","","","","BOSS死亡召唤","进入第二关","1","","","",""
"61108","0","","0","1","TRUE","","0","12","","","","","","{34309@200;34310@200;34311@200;34312@200;34313@200;34314@200;34315@200;34316@200;34317@200}$18","","","","","","","BOSS死亡召唤","进入第二关","1","","","",""
"61109","0","","0","1","TRUE","","0","12","","","","","","{34309@200;34310@200;34311@200;34312@200;34313@200;34314@200;34315@200;34316@200;34317@200}$19","","","","","","","BOSS死亡召唤","进入第二关","1","","","",""
"61110","0","","0","1","TRUE","","0","12","","","","","","{34309@200;34310@200;34311@200;34312@200;34313@200;34314@200;34315@200;34316@200;34317@200}$20","","","","","","","BOSS死亡召唤","进入第二关","1","","","",""
"61111","0","","0","1","TRUE","","0","12","","","","","","{34309@200;34310@200;34311@200;34312@200;34313@200;34314@200;34315@200;34316@200;34317@200}$21","","","","","","","BOSS死亡召唤","进入第二关","1","","","",""
"61112","0","","0","1","TRUE","","0","12","","","","","","{34309@200;34310@200;34311@200;34312@200;34313@200;34314@200;34315@200;34316@200;34317@200}$22","","","","","","","BOSS死亡召唤","进入第二关","1","","","",""
"61113","0","","0","1","TRUE","","0","12","","","","","","{34309@200;34310@200;34311@200;34312@200;34313@200;34314@200;34315@200;34316@200;34317@200}$23","","","","","","","BOSS死亡召唤","进入第二关","1","","","",""
"61114","0","","0","1","TRUE","","0","12","","","","","","{34318@200;34319@200;34320@200;34321@200;34322@200;34323@200;34324@200;34325@200;34326@200}$15","","","","","","","BOSS死亡召唤","进入第三关","1","","","",""
"61115","0","","0","1","TRUE","","0","12","","","","","","{34318@200;34319@200;34320@200;34321@200;34322@200;34323@200;34324@200;34325@200;34326@200}$16","","","","","","","BOSS死亡召唤","进入第三关","1","","","",""
"61116","0","","0","1","TRUE","","0","12","","","","","","{34318@200;34319@200;34320@200;34321@200;34322@200;34323@200;34324@200;34325@200;34326@200}$17","","","","","","","BOSS死亡召唤","进入第三关","1","","","",""
"61117","0","","0","1","TRUE","","0","12","","","","","","{34318@200;34319@200;34320@200;34321@200;34322@200;34323@200;34324@200;34325@200;34326@200}$18","","","","","","","BOSS死亡召唤","进入第三关","1","","","",""
"61118","0","","0","1","TRUE","","0","12","","","","","","{34318@200;34319@200;34320@200;34321@200;34322@200;34323@200;34324@200;34325@200;34326@200}$19","","","","","","","BOSS死亡召唤","进入第三关","1","","","",""
"61119","0","","0","1","TRUE","","0","12","","","","","","{34318@200;34319@200;34320@200;34321@200;34322@200;34323@200;34324@200;34325@200;34326@200}$20","","","","","","","BOSS死亡召唤","进入第三关","1","","","",""
"61120","0","","0","1","TRUE","","0","12","","","","","","{34318@200;34319@200;34320@200;34321@200;34322@200;34323@200;34324@200;34325@200;34326@200}$21","","","","","","","BOSS死亡召唤","进入第三关","1","","","",""
"61121","0","","0","1","TRUE","","0","12","","","","","","{34318@200;34319@200;34320@200;34321@200;34322@200;34323@200;34324@200;34325@200;34326@200}$22","","","","","","","BOSS死亡召唤","进入第三关","1","","","",""
"61122","0","","0","1","TRUE","","0","12","","","","","","{34318@200;34319@200;34320@200;34321@200;34322@200;34323@200;34324@200;34325@200;34326@200}$23","","","","","","","BOSS死亡召唤","进入第三关","1","","","",""
"61123","0","","0","1","TRUE","","0","12","","","","","","{34327@200;34328@200;34329@200;34330@200;34331@200;34332@200;34333@200;34334@200;34335@200}$15","","","","","","","BOSS死亡召唤","进入第四关","1","","","",""
"61124","0","","0","1","TRUE","","0","12","","","","","","{34327@200;34328@200;34329@200;34330@200;34331@200;34332@200;34333@200;34334@200;34335@200}$16","","","","","","","BOSS死亡召唤","进入第四关","1","","","",""
"61125","0","","0","1","TRUE","","0","12","","","","","","{34327@200;34328@200;34329@200;34330@200;34331@200;34332@200;34333@200;34334@200;34335@200}$17","","","","","","","BOSS死亡召唤","进入第四关","1","","","",""
"61126","0","","0","1","TRUE","","0","12","","","","","","{34327@200;34328@200;34329@200;34330@200;34331@200;34332@200;34333@200;34334@200;34335@200}$18","","","","","","","BOSS死亡召唤","进入第四关","1","","","",""
"61127","0","","0","1","TRUE","","0","12","","","","","","{34327@200;34328@200;34329@200;34330@200;34331@200;34332@200;34333@200;34334@200;34335@200}$19","","","","","","","BOSS死亡召唤","进入第四关","1","","","",""
"61128","0","","0","1","TRUE","","0","12","","","","","","{34327@200;34328@200;34329@200;34330@200;34331@200;34332@200;34333@200;34334@200;34335@200}$20","","","","","","","BOSS死亡召唤","进入第四关","1","","","",""
"61129","0","","0","1","TRUE","","0","12","","","","","","{34327@200;34328@200;34329@200;34330@200;34331@200;34332@200;34333@200;34334@200;34335@200}$21","","","","","","","BOSS死亡召唤","进入第四关","1","","","",""
"61130","0","","0","1","TRUE","","0","12","","","","","","{34327@200;34328@200;34329@200;34330@200;34331@200;34332@200;34333@200;34334@200;34335@200}$22","","","","","","","BOSS死亡召唤","进入第四关","1","","","",""
"61131","0","","0","1","TRUE","","0","12","","","","","","{34327@200;34328@200;34329@200;34330@200;34331@200;34332@200;34333@200;34334@200;34335@200}$23","","","","","","","BOSS死亡召唤","进入第四关","1","","","",""
"61132","0","","0","1","TRUE","","0","12","","","","","","{34336@200;34337@200;34338@200;34339@200;34340@200;34341@200;34342@200;34343@200;34344@200}$15","","","","","","","BOSS死亡召唤","进入第五关","1","","","",""
"61133","0","","0","1","TRUE","","0","12","","","","","","{34336@200;34337@200;34338@200;34339@200;34340@200;34341@200;34342@200;34343@200;34344@200}$16","","","","","","","BOSS死亡召唤","进入第五关","1","","","",""
"61134","0","","0","1","TRUE","","0","12","","","","","","{34336@200;34337@200;34338@200;34339@200;34340@200;34341@200;34342@200;34343@200;34344@200}$17","","","","","","","BOSS死亡召唤","进入第五关","1","","","",""
"61135","0","","0","1","TRUE","","0","12","","","","","","{34336@200;34337@200;34338@200;34339@200;34340@200;34341@200;34342@200;34343@200;34344@200}$18","","","","","","","BOSS死亡召唤","进入第五关","1","","","",""
"61136","0","","0","1","TRUE","","0","12","","","","","","{34336@200;34337@200;34338@200;34339@200;34340@200;34341@200;34342@200;34343@200;34344@200}$19","","","","","","","BOSS死亡召唤","进入第五关","1","","","",""
"61137","0","","0","1","TRUE","","0","12","","","","","","{34336@200;34337@200;34338@200;34339@200;34340@200;34341@200;34342@200;34343@200;34344@200}$20","","","","","","","BOSS死亡召唤","进入第五关","1","","","",""
"61138","0","","0","1","TRUE","","0","12","","","","","","{34336@200;34337@200;34338@200;34339@200;34340@200;34341@200;34342@200;34343@200;34344@200}$21","","","","","","","BOSS死亡召唤","进入第五关","1","","","",""
"61139","0","","0","1","TRUE","","0","12","","","","","","{34336@200;34337@200;34338@200;34339@200;34340@200;34341@200;34342@200;34343@200;34344@200}$22","","","","","","","BOSS死亡召唤","进入第五关","1","","","",""
"61140","0","","0","1","TRUE","","0","12","","","","","","{34336@200;34337@200;34338@200;34339@200;34340@200;34341@200;34342@200;34343@200;34344@200}$23","","","","","","","BOSS死亡召唤","进入第五关","1","","","",""
"61141","0","","0","1","TRUE","","0","12","","","","","","{34409@200;34410@200;34411@200;34412@200;34413@200;34414@200;34415@200;34416@200;34417@200}$15","","","","","","","BOSS死亡召唤","进入第二关","1","","","",""
"61142","0","","0","1","TRUE","","0","12","","","","","","{34409@200;34410@200;34411@200;34412@200;34413@200;34414@200;34415@200;34416@200;34417@200}$16","","","","","","","BOSS死亡召唤","进入第二关","1","","","",""
"61143","0","","0","1","TRUE","","0","12","","","","","","{34409@200;34410@200;34411@200;34412@200;34413@200;34414@200;34415@200;34416@200;34417@200}$17","","","","","","","BOSS死亡召唤","进入第二关","1","","","",""
"61144","0","","0","1","TRUE","","0","12","","","","","","{34409@200;34410@200;34411@200;34412@200;34413@200;34414@200;34415@200;34416@200;34417@200}$18","","","","","","","BOSS死亡召唤","进入第二关","1","","","",""
"61145","0","","0","1","TRUE","","0","12","","","","","","{34409@200;34410@200;34411@200;34412@200;34413@200;34414@200;34415@200;34416@200;34417@200}$19","","","","","","","BOSS死亡召唤","进入第二关","1","","","",""
"61146","0","","0","1","TRUE","","0","12","","","","","","{34409@200;34410@200;34411@200;34412@200;34413@200;34414@200;34415@200;34416@200;34417@200}$20","","","","","","","BOSS死亡召唤","进入第二关","1","","","",""
"61147","0","","0","1","TRUE","","0","12","","","","","","{34409@200;34410@200;34411@200;34412@200;34413@200;34414@200;34415@200;34416@200;34417@200}$21","","","","","","","BOSS死亡召唤","进入第二关","1","","","",""
"61148","0","","0","1","TRUE","","0","12","","","","","","{34409@200;34410@200;34411@200;34412@200;34413@200;34414@200;34415@200;34416@200;34417@200}$22","","","","","","","BOSS死亡召唤","进入第二关","1","","","",""
"61149","0","","0","1","TRUE","","0","12","","","","","","{34409@200;34410@200;34411@200;34412@200;34413@200;34414@200;34415@200;34416@200;34417@200}$23","","","","","","","BOSS死亡召唤","进入第二关","1","","","",""
"61150","0","","0","1","TRUE","","0","12","","","","","","{34418@200;34419@200;34420@200;34421@200;34422@200;34423@200;34424@200;34425@200;34426@200}$15","","","","","","","BOSS死亡召唤","进入第三关","1","","","",""
"61151","0","","0","1","TRUE","","0","12","","","","","","{34418@200;34419@200;34420@200;34421@200;34422@200;34423@200;34424@200;34425@200;34426@200}$16","","","","","","","BOSS死亡召唤","进入第三关","1","","","",""
"61152","0","","0","1","TRUE","","0","12","","","","","","{34418@200;34419@200;34420@200;34421@200;34422@200;34423@200;34424@200;34425@200;34426@200}$17","","","","","","","BOSS死亡召唤","进入第三关","1","","","",""
"61153","0","","0","1","TRUE","","0","12","","","","","","{34418@200;34419@200;34420@200;34421@200;34422@200;34423@200;34424@200;34425@200;34426@200}$18","","","","","","","BOSS死亡召唤","进入第三关","1","","","",""
"61154","0","","0","1","TRUE","","0","12","","","","","","{34418@200;34419@200;34420@200;34421@200;34422@200;34423@200;34424@200;34425@200;34426@200}$19","","","","","","","BOSS死亡召唤","进入第三关","1","","","",""
"61155","0","","0","1","TRUE","","0","12","","","","","","{34418@200;34419@200;34420@200;34421@200;34422@200;34423@200;34424@200;34425@200;34426@200}$20","","","","","","","BOSS死亡召唤","进入第三关","1","","","",""
"61156","0","","0","1","TRUE","","0","12","","","","","","{34418@200;34419@200;34420@200;34421@200;34422@200;34423@200;34424@200;34425@200;34426@200}$21","","","","","","","BOSS死亡召唤","进入第三关","1","","","",""
"61157","0","","0","1","TRUE","","0","12","","","","","","{34418@200;34419@200;34420@200;34421@200;34422@200;34423@200;34424@200;34425@200;34426@200}$22","","","","","","","BOSS死亡召唤","进入第三关","1","","","",""
"61158","0","","0","1","TRUE","","0","12","","","","","","{34418@200;34419@200;34420@200;34421@200;34422@200;34423@200;34424@200;34425@200;34426@200}$23","","","","","","","BOSS死亡召唤","进入第三关","1","","","",""
"61159","0","","0","1","TRUE","","0","12","","","","","","{34427@200;34428@200;34429@200;34430@200;34431@200;34432@200;34433@200;34434@200;34435@200}$15","","","","","","","BOSS死亡召唤","进入第四关","1","","","",""
"61160","0","","0","1","TRUE","","0","12","","","","","","{34427@200;34428@200;34429@200;34430@200;34431@200;34432@200;34433@200;34434@200;34435@200}$16","","","","","","","BOSS死亡召唤","进入第四关","1","","","",""
"61161","0","","0","1","TRUE","","0","12","","","","","","{34427@200;34428@200;34429@200;34430@200;34431@200;34432@200;34433@200;34434@200;34435@200}$17","","","","","","","BOSS死亡召唤","进入第四关","1","","","",""
"61162","0","","0","1","TRUE","","0","12","","","","","","{34427@200;34428@200;34429@200;34430@200;34431@200;34432@200;34433@200;34434@200;34435@200}$18","","","","","","","BOSS死亡召唤","进入第四关","1","","","",""
"61163","0","","0","1","TRUE","","0","12","","","","","","{34427@200;34428@200;34429@200;34430@200;34431@200;34432@200;34433@200;34434@200;34435@200}$19","","","","","","","BOSS死亡召唤","进入第四关","1","","","",""
"61164","0","","0","1","TRUE","","0","12","","","","","","{34427@200;34428@200;34429@200;34430@200;34431@200;34432@200;34433@200;34434@200;34435@200}$20","","","","","","","BOSS死亡召唤","进入第四关","1","","","",""
"61165","0","","0","1","TRUE","","0","12","","","","","","{34427@200;34428@200;34429@200;34430@200;34431@200;34432@200;34433@200;34434@200;34435@200}$21","","","","","","","BOSS死亡召唤","进入第四关","1","","","",""
"61166","0","","0","1","TRUE","","0","12","","","","","","{34427@200;34428@200;34429@200;34430@200;34431@200;34432@200;34433@200;34434@200;34435@200}$22","","","","","","","BOSS死亡召唤","进入第四关","1","","","",""
"61167","0","","0","1","TRUE","","0","12","","","","","","{34427@200;34428@200;34429@200;34430@200;34431@200;34432@200;34433@200;34434@200;34435@200}$23","","","","","","","BOSS死亡召唤","进入第四关","1","","","",""
"61168","0","","0","1","TRUE","","0","12","","","","","","{34436@200;34437@200;34438@200;34439@200;34440@200;34441@200;34442@200;34443@200;34444@200}$15","","","","","","","BOSS死亡召唤","进入第五关","1","","","",""
"61169","0","","0","1","TRUE","","0","12","","","","","","{34436@200;34437@200;34438@200;34439@200;34440@200;34441@200;34442@200;34443@200;34444@200}$16","","","","","","","BOSS死亡召唤","进入第五关","1","","","",""
"61170","0","","0","1","TRUE","","0","12","","","","","","{34436@200;34437@200;34438@200;34439@200;34440@200;34441@200;34442@200;34443@200;34444@200}$17","","","","","","","BOSS死亡召唤","进入第五关","1","","","",""
"61171","0","","0","1","TRUE","","0","12","","","","","","{34436@200;34437@200;34438@200;34439@200;34440@200;34441@200;34442@200;34443@200;34444@200}$18","","","","","","","BOSS死亡召唤","进入第五关","1","","","",""
"61172","0","","0","1","TRUE","","0","12","","","","","","{34436@200;34437@200;34438@200;34439@200;34440@200;34441@200;34442@200;34443@200;34444@200}$19","","","","","","","BOSS死亡召唤","进入第五关","1","","","",""
"61173","0","","0","1","TRUE","","0","12","","","","","","{34436@200;34437@200;34438@200;34439@200;34440@200;34441@200;34442@200;34443@200;34444@200}$20","","","","","","","BOSS死亡召唤","进入第五关","1","","","",""
"61174","0","","0","1","TRUE","","0","12","","","","","","{34436@200;34437@200;34438@200;34439@200;34440@200;34441@200;34442@200;34443@200;34444@200}$21","","","","","","","BOSS死亡召唤","进入第五关","1","","","",""
"61175","0","","0","1","TRUE","","0","12","","","","","","{34436@200;34437@200;34438@200;34439@200;34440@200;34441@200;34442@200;34443@200;34444@200}$22","","","","","","","BOSS死亡召唤","进入第五关","1","","","",""
"61176","0","","0","1","TRUE","","0","12","","","","","","{34436@200;34437@200;34438@200;34439@200;34440@200;34441@200;34442@200;34443@200;34444@200}$23","","","","","","","BOSS死亡召唤","进入第五关","1","","","",""
"61177","0","","0","1","TRUE","","0","12","","","","","","{34445@200;34446@200;34447@200;34448@200;34449@200;34450@200;34451@200;34452@200;34453@200}$15","","","","","","","BOSS死亡召唤","进入第六关","1","","","",""
"61178","0","","0","1","TRUE","","0","12","","","","","","{34445@200;34446@200;34447@200;34448@200;34449@200;34450@200;34451@200;34452@200;34453@200}$16","","","","","","","BOSS死亡召唤","进入第六关","1","","","",""
"61179","0","","0","1","TRUE","","0","12","","","","","","{34445@200;34446@200;34447@200;34448@200;34449@200;34450@200;34451@200;34452@200;34453@200}$17","","","","","","","BOSS死亡召唤","进入第六关","1","","","",""
"61180","0","","0","1","TRUE","","0","12","","","","","","{34445@200;34446@200;34447@200;34448@200;34449@200;34450@200;34451@200;34452@200;34453@200}$18","","","","","","","BOSS死亡召唤","进入第六关","1","","","",""
"61181","0","","0","1","TRUE","","0","12","","","","","","{34445@200;34446@200;34447@200;34448@200;34449@200;34450@200;34451@200;34452@200;34453@200}$19","","","","","","","BOSS死亡召唤","进入第六关","1","","","",""
"61182","0","","0","1","TRUE","","0","12","","","","","","{34445@200;34446@200;34447@200;34448@200;34449@200;34450@200;34451@200;34452@200;34453@200}$20","","","","","","","BOSS死亡召唤","进入第六关","1","","","",""
"61183","0","","0","1","TRUE","","0","12","","","","","","{34445@200;34446@200;34447@200;34448@200;34449@200;34450@200;34451@200;34452@200;34453@200}$21","","","","","","","BOSS死亡召唤","进入第六关","1","","","",""
"61184","0","","0","1","TRUE","","0","12","","","","","","{34445@200;34446@200;34447@200;34448@200;34449@200;34450@200;34451@200;34452@200;34453@200}$22","","","","","","","BOSS死亡召唤","进入第六关","1","","","",""
"61185","0","","0","1","TRUE","","0","12","","","","","","{34445@200;34446@200;34447@200;34448@200;34449@200;34450@200;34451@200;34452@200;34453@200}$23","","","","","","","BOSS死亡召唤","进入第六关","1","","","",""
"61186","0","","0","1","TRUE","","0","12","","","","","","{34509@200;34510@200;34511@200;34512@200;34513@200;34514@200;34515@200;34516@200;34517@200}$15","","","","","","","BOSS死亡召唤","进入第二关","1","","","",""
"61187","0","","0","1","TRUE","","0","12","","","","","","{34509@200;34510@200;34511@200;34512@200;34513@200;34514@200;34515@200;34516@200;34517@200}$16","","","","","","","BOSS死亡召唤","进入第二关","1","","","",""
"61188","0","","0","1","TRUE","","0","12","","","","","","{34509@200;34510@200;34511@200;34512@200;34513@200;34514@200;34515@200;34516@200;34517@200}$17","","","","","","","BOSS死亡召唤","进入第二关","1","","","",""
"61189","0","","0","1","TRUE","","0","12","","","","","","{34509@200;34510@200;34511@200;34512@200;34513@200;34514@200;34515@200;34516@200;34517@200}$18","","","","","","","BOSS死亡召唤","进入第二关","1","","","",""
"61190","0","","0","1","TRUE","","0","12","","","","","","{34509@200;34510@200;34511@200;34512@200;34513@200;34514@200;34515@200;34516@200;34517@200}$19","","","","","","","BOSS死亡召唤","进入第二关","1","","","",""
"61191","0","","0","1","TRUE","","0","12","","","","","","{34509@200;34510@200;34511@200;34512@200;34513@200;34514@200;34515@200;34516@200;34517@200}$20","","","","","","","BOSS死亡召唤","进入第二关","1","","","",""
"61192","0","","0","1","TRUE","","0","12","","","","","","{34509@200;34510@200;34511@200;34512@200;34513@200;34514@200;34515@200;34516@200;34517@200}$21","","","","","","","BOSS死亡召唤","进入第二关","1","","","",""
"61193","0","","0","1","TRUE","","0","12","","","","","","{34509@200;34510@200;34511@200;34512@200;34513@200;34514@200;34515@200;34516@200;34517@200}$22","","","","","","","BOSS死亡召唤","进入第二关","1","","","",""
"61194","0","","0","1","TRUE","","0","12","","","","","","{34509@200;34510@200;34511@200;34512@200;34513@200;34514@200;34515@200;34516@200;34517@200}$23","","","","","","","BOSS死亡召唤","进入第二关","1","","","",""
"61195","0","","0","1","TRUE","","0","12","","","","","","{34518@200;34519@200;34520@200;34521@200;34522@200;34523@200;34524@200;34525@200;34526@200}$15","","","","","","","BOSS死亡召唤","进入第三关","1","","","",""
"61196","0","","0","1","TRUE","","0","12","","","","","","{34518@200;34519@200;34520@200;34521@200;34522@200;34523@200;34524@200;34525@200;34526@200}$16","","","","","","","BOSS死亡召唤","进入第三关","1","","","",""
"61197","0","","0","1","TRUE","","0","12","","","","","","{34518@200;34519@200;34520@200;34521@200;34522@200;34523@200;34524@200;34525@200;34526@200}$17","","","","","","","BOSS死亡召唤","进入第三关","1","","","",""
"61198","0","","0","1","TRUE","","0","12","","","","","","{34518@200;34519@200;34520@200;34521@200;34522@200;34523@200;34524@200;34525@200;34526@200}$18","","","","","","","BOSS死亡召唤","进入第三关","1","","","",""
"61199","0","","0","1","TRUE","","0","12","","","","","","{34518@200;34519@200;34520@200;34521@200;34522@200;34523@200;34524@200;34525@200;34526@200}$19","","","","","","","BOSS死亡召唤","进入第三关","1","","","",""
"61200","0","","0","1","TRUE","","0","12","","","","","","{34518@200;34519@200;34520@200;34521@200;34522@200;34523@200;34524@200;34525@200;34526@200}$20","","","","","","","BOSS死亡召唤","进入第三关","1","","","",""
"61201","0","","0","1","TRUE","","0","12","","","","","","{34518@200;34519@200;34520@200;34521@200;34522@200;34523@200;34524@200;34525@200;34526@200}$21","","","","","","","BOSS死亡召唤","进入第三关","1","","","",""
"61202","0","","0","1","TRUE","","0","12","","","","","","{34518@200;34519@200;34520@200;34521@200;34522@200;34523@200;34524@200;34525@200;34526@200}$22","","","","","","","BOSS死亡召唤","进入第三关","1","","","",""
"61203","0","","0","1","TRUE","","0","12","","","","","","{34518@200;34519@200;34520@200;34521@200;34522@200;34523@200;34524@200;34525@200;34526@200}$23","","","","","","","BOSS死亡召唤","进入第三关","1","","","",""
"61204","0","","0","1","TRUE","","0","12","","","","","","{34527@200;34528@200;34529@200;34530@200;34531@200;34532@200;34533@200;34534@200;34535@200}$15","","","","","","","BOSS死亡召唤","进入第四关","1","","","",""
"61205","0","","0","1","TRUE","","0","12","","","","","","{34527@200;34528@200;34529@200;34530@200;34531@200;34532@200;34533@200;34534@200;34535@200}$16","","","","","","","BOSS死亡召唤","进入第四关","1","","","",""
"61206","0","","0","1","TRUE","","0","12","","","","","","{34527@200;34528@200;34529@200;34530@200;34531@200;34532@200;34533@200;34534@200;34535@200}$17","","","","","","","BOSS死亡召唤","进入第四关","1","","","",""
"61207","0","","0","1","TRUE","","0","12","","","","","","{34527@200;34528@200;34529@200;34530@200;34531@200;34532@200;34533@200;34534@200;34535@200}$18","","","","","","","BOSS死亡召唤","进入第四关","1","","","",""
"61208","0","","0","1","TRUE","","0","12","","","","","","{34527@200;34528@200;34529@200;34530@200;34531@200;34532@200;34533@200;34534@200;34535@200}$19","","","","","","","BOSS死亡召唤","进入第四关","1","","","",""
"61209","0","","0","1","TRUE","","0","12","","","","","","{34527@200;34528@200;34529@200;34530@200;34531@200;34532@200;34533@200;34534@200;34535@200}$20","","","","","","","BOSS死亡召唤","进入第四关","1","","","",""
"61210","0","","0","1","TRUE","","0","12","","","","","","{34527@200;34528@200;34529@200;34530@200;34531@200;34532@200;34533@200;34534@200;34535@200}$21","","","","","","","BOSS死亡召唤","进入第四关","1","","","",""
"61211","0","","0","1","TRUE","","0","12","","","","","","{34527@200;34528@200;34529@200;34530@200;34531@200;34532@200;34533@200;34534@200;34535@200}$22","","","","","","","BOSS死亡召唤","进入第四关","1","","","",""
"61212","0","","0","1","TRUE","","0","12","","","","","","{34527@200;34528@200;34529@200;34530@200;34531@200;34532@200;34533@200;34534@200;34535@200}$23","","","","","","","BOSS死亡召唤","进入第四关","1","","","",""
"61213","0","","0","1","TRUE","","0","12","","","","","","{34536@200;34537@200;34538@200;34539@200;34540@200;34541@200;34542@200;34543@200;34544@200}$15","","","","","","","BOSS死亡召唤","进入第五关","1","","","",""
"61214","0","","0","1","TRUE","","0","12","","","","","","{34536@200;34537@200;34538@200;34539@200;34540@200;34541@200;34542@200;34543@200;34544@200}$16","","","","","","","BOSS死亡召唤","进入第五关","1","","","",""
"61215","0","","0","1","TRUE","","0","12","","","","","","{34536@200;34537@200;34538@200;34539@200;34540@200;34541@200;34542@200;34543@200;34544@200}$17","","","","","","","BOSS死亡召唤","进入第五关","1","","","",""
"61216","0","","0","1","TRUE","","0","12","","","","","","{34536@200;34537@200;34538@200;34539@200;34540@200;34541@200;34542@200;34543@200;34544@200}$18","","","","","","","BOSS死亡召唤","进入第五关","1","","","",""
"61217","0","","0","1","TRUE","","0","12","","","","","","{34536@200;34537@200;34538@200;34539@200;34540@200;34541@200;34542@200;34543@200;34544@200}$19","","","","","","","BOSS死亡召唤","进入第五关","1","","","",""
"61218","0","","0","1","TRUE","","0","12","","","","","","{34536@200;34537@200;34538@200;34539@200;34540@200;34541@200;34542@200;34543@200;34544@200}$20","","","","","","","BOSS死亡召唤","进入第五关","1","","","",""
"61219","0","","0","1","TRUE","","0","12","","","","","","{34536@200;34537@200;34538@200;34539@200;34540@200;34541@200;34542@200;34543@200;34544@200}$21","","","","","","","BOSS死亡召唤","进入第五关","1","","","",""
"61220","0","","0","1","TRUE","","0","12","","","","","","{34536@200;34537@200;34538@200;34539@200;34540@200;34541@200;34542@200;34543@200;34544@200}$22","","","","","","","BOSS死亡召唤","进入第五关","1","","","",""
"61221","0","","0","1","TRUE","","0","12","","","","","","{34536@200;34537@200;34538@200;34539@200;34540@200;34541@200;34542@200;34543@200;34544@200}$23","","","","","","","BOSS死亡召唤","进入第五关","1","","","",""
"61222","0","","0","1","TRUE","","0","12","","","","","","{34545@200;34546@200;34547@200;34548@200;34549@200;34550@200;34551@200;34552@200;34553@200}$15","","","","","","","BOSS死亡召唤","进入第六关","1","","","",""
"61223","0","","0","1","TRUE","","0","12","","","","","","{34545@200;34546@200;34547@200;34548@200;34549@200;34550@200;34551@200;34552@200;34553@200}$16","","","","","","","BOSS死亡召唤","进入第六关","1","","","",""
"61224","0","","0","1","TRUE","","0","12","","","","","","{34545@200;34546@200;34547@200;34548@200;34549@200;34550@200;34551@200;34552@200;34553@200}$17","","","","","","","BOSS死亡召唤","进入第六关","1","","","",""
"61225","0","","0","1","TRUE","","0","12","","","","","","{34545@200;34546@200;34547@200;34548@200;34549@200;34550@200;34551@200;34552@200;34553@200}$18","","","","","","","BOSS死亡召唤","进入第六关","1","","","",""
"61226","0","","0","1","TRUE","","0","12","","","","","","{34545@200;34546@200;34547@200;34548@200;34549@200;34550@200;34551@200;34552@200;34553@200}$19","","","","","","","BOSS死亡召唤","进入第六关","1","","","",""
"61227","0","","0","1","TRUE","","0","12","","","","","","{34545@200;34546@200;34547@200;34548@200;34549@200;34550@200;34551@200;34552@200;34553@200}$20","","","","","","","BOSS死亡召唤","进入第六关","1","","","",""
"61228","0","","0","1","TRUE","","0","12","","","","","","{34545@200;34546@200;34547@200;34548@200;34549@200;34550@200;34551@200;34552@200;34553@200}$21","","","","","","","BOSS死亡召唤","进入第六关","1","","","",""
"61229","0","","0","1","TRUE","","0","12","","","","","","{34545@200;34546@200;34547@200;34548@200;34549@200;34550@200;34551@200;34552@200;34553@200}$22","","","","","","","BOSS死亡召唤","进入第六关","1","","","",""
"61230","0","","0","1","TRUE","","0","12","","","","","","{34545@200;34546@200;34547@200;34548@200;34549@200;34550@200;34551@200;34552@200;34553@200}$23","","","","","","","BOSS死亡召唤","进入第六关","1","","","",""
"61231","0","","0","1","TRUE","","0","12","","","","","","{34554@200;34555@200;34556@200;34557@200;34558@200;34559@200;34560@200;34561@200;34562@200}$15","","","","","","","BOSS死亡召唤","进入第七关","1","","","",""
"61232","0","","0","1","TRUE","","0","12","","","","","","{34554@200;34555@200;34556@200;34557@200;34558@200;34559@200;34560@200;34561@200;34562@200}$16","","","","","","","BOSS死亡召唤","进入第七关","1","","","",""
"61233","0","","0","1","TRUE","","0","12","","","","","","{34554@200;34555@200;34556@200;34557@200;34558@200;34559@200;34560@200;34561@200;34562@200}$17","","","","","","","BOSS死亡召唤","进入第七关","1","","","",""
"61234","0","","0","1","TRUE","","0","12","","","","","","{34554@200;34555@200;34556@200;34557@200;34558@200;34559@200;34560@200;34561@200;34562@200}$18","","","","","","","BOSS死亡召唤","进入第七关","1","","","",""
"61235","0","","0","1","TRUE","","0","12","","","","","","{34554@200;34555@200;34556@200;34557@200;34558@200;34559@200;34560@200;34561@200;34562@200}$19","","","","","","","BOSS死亡召唤","进入第七关","1","","","",""
"61236","0","","0","1","TRUE","","0","12","","","","","","{34554@200;34555@200;34556@200;34557@200;34558@200;34559@200;34560@200;34561@200;34562@200}$20","","","","","","","BOSS死亡召唤","进入第七关","1","","","",""
"61237","0","","0","1","TRUE","","0","12","","","","","","{34554@200;34555@200;34556@200;34557@200;34558@200;34559@200;34560@200;34561@200;34562@200}$21","","","","","","","BOSS死亡召唤","进入第七关","1","","","",""
"61238","0","","0","1","TRUE","","0","12","","","","","","{34554@200;34555@200;34556@200;34557@200;34558@200;34559@200;34560@200;34561@200;34562@200}$22","","","","","","","BOSS死亡召唤","进入第七关","1","","","",""
"61239","0","","0","1","TRUE","","0","12","","","","","","{34554@200;34555@200;34556@200;34557@200;34558@200;34559@200;34560@200;34561@200;34562@200}$23","","","","","","","BOSS死亡召唤","进入第七关","1","","","",""
"61240","0","","0","1","TRUE","","0","12","","","","","","{34609@200;34610@200;34611@200;34612@200;34613@200;34614@200;34615@200;34616@200;34617@200}$15","","","","","","","BOSS死亡召唤","进入第二关","1","","","",""
"61241","0","","0","1","TRUE","","0","12","","","","","","{34609@200;34610@200;34611@200;34612@200;34613@200;34614@200;34615@200;34616@200;34617@200}$16","","","","","","","BOSS死亡召唤","进入第二关","1","","","",""
"61242","0","","0","1","TRUE","","0","12","","","","","","{34609@200;34610@200;34611@200;34612@200;34613@200;34614@200;34615@200;34616@200;34617@200}$17","","","","","","","BOSS死亡召唤","进入第二关","1","","","",""
"61243","0","","0","1","TRUE","","0","12","","","","","","{34609@200;34610@200;34611@200;34612@200;34613@200;34614@200;34615@200;34616@200;34617@200}$18","","","","","","","BOSS死亡召唤","进入第二关","1","","","",""
"61244","0","","0","1","TRUE","","0","12","","","","","","{34609@200;34610@200;34611@200;34612@200;34613@200;34614@200;34615@200;34616@200;34617@200}$19","","","","","","","BOSS死亡召唤","进入第二关","1","","","",""
"61245","0","","0","1","TRUE","","0","12","","","","","","{34609@200;34610@200;34611@200;34612@200;34613@200;34614@200;34615@200;34616@200;34617@200}$20","","","","","","","BOSS死亡召唤","进入第二关","1","","","",""
"61246","0","","0","1","TRUE","","0","12","","","","","","{34609@200;34610@200;34611@200;34612@200;34613@200;34614@200;34615@200;34616@200;34617@200}$21","","","","","","","BOSS死亡召唤","进入第二关","1","","","",""
"61247","0","","0","1","TRUE","","0","12","","","","","","{34609@200;34610@200;34611@200;34612@200;34613@200;34614@200;34615@200;34616@200;34617@200}$22","","","","","","","BOSS死亡召唤","进入第二关","1","","","",""
"61248","0","","0","1","TRUE","","0","12","","","","","","{34609@200;34610@200;34611@200;34612@200;34613@200;34614@200;34615@200;34616@200;34617@200}$23","","","","","","","BOSS死亡召唤","进入第二关","1","","","",""
"61249","0","","0","1","TRUE","","0","12","","","","","","{34618@200;34619@200;34620@200;34621@200;34622@200;34623@200;34624@200;34625@200;34626@200}$15","","","","","","","BOSS死亡召唤","进入第三关","1","","","",""
"61250","0","","0","1","TRUE","","0","12","","","","","","{34618@200;34619@200;34620@200;34621@200;34622@200;34623@200;34624@200;34625@200;34626@200}$16","","","","","","","BOSS死亡召唤","进入第三关","1","","","",""
"61251","0","","0","1","TRUE","","0","12","","","","","","{34618@200;34619@200;34620@200;34621@200;34622@200;34623@200;34624@200;34625@200;34626@200}$17","","","","","","","BOSS死亡召唤","进入第三关","1","","","",""
"61252","0","","0","1","TRUE","","0","12","","","","","","{34618@200;34619@200;34620@200;34621@200;34622@200;34623@200;34624@200;34625@200;34626@200}$18","","","","","","","BOSS死亡召唤","进入第三关","1","","","",""
"61253","0","","0","1","TRUE","","0","12","","","","","","{34618@200;34619@200;34620@200;34621@200;34622@200;34623@200;34624@200;34625@200;34626@200}$19","","","","","","","BOSS死亡召唤","进入第三关","1","","","",""
"61254","0","","0","1","TRUE","","0","12","","","","","","{34618@200;34619@200;34620@200;34621@200;34622@200;34623@200;34624@200;34625@200;34626@200}$20","","","","","","","BOSS死亡召唤","进入第三关","1","","","",""
"61255","0","","0","1","TRUE","","0","12","","","","","","{34618@200;34619@200;34620@200;34621@200;34622@200;34623@200;34624@200;34625@200;34626@200}$21","","","","","","","BOSS死亡召唤","进入第三关","1","","","",""
"61256","0","","0","1","TRUE","","0","12","","","","","","{34618@200;34619@200;34620@200;34621@200;34622@200;34623@200;34624@200;34625@200;34626@200}$22","","","","","","","BOSS死亡召唤","进入第三关","1","","","",""
"61257","0","","0","1","TRUE","","0","12","","","","","","{34618@200;34619@200;34620@200;34621@200;34622@200;34623@200;34624@200;34625@200;34626@200}$23","","","","","","","BOSS死亡召唤","进入第三关","1","","","",""
"61258","0","","0","1","TRUE","","0","12","","","","","","{34627@200;34628@200;34629@200;34630@200;34631@200;34632@200;34633@200;34634@200;34635@200}$15","","","","","","","BOSS死亡召唤","进入第四关","1","","","",""
"61259","0","","0","1","TRUE","","0","12","","","","","","{34627@200;34628@200;34629@200;34630@200;34631@200;34632@200;34633@200;34634@200;34635@200}$16","","","","","","","BOSS死亡召唤","进入第四关","1","","","",""
"61260","0","","0","1","TRUE","","0","12","","","","","","{34627@200;34628@200;34629@200;34630@200;34631@200;34632@200;34633@200;34634@200;34635@200}$17","","","","","","","BOSS死亡召唤","进入第四关","1","","","",""
"61261","0","","0","1","TRUE","","0","12","","","","","","{34627@200;34628@200;34629@200;34630@200;34631@200;34632@200;34633@200;34634@200;34635@200}$18","","","","","","","BOSS死亡召唤","进入第四关","1","","","",""
"61262","0","","0","1","TRUE","","0","12","","","","","","{34627@200;34628@200;34629@200;34630@200;34631@200;34632@200;34633@200;34634@200;34635@200}$19","","","","","","","BOSS死亡召唤","进入第四关","1","","","",""
"61263","0","","0","1","TRUE","","0","12","","","","","","{34627@200;34628@200;34629@200;34630@200;34631@200;34632@200;34633@200;34634@200;34635@200}$20","","","","","","","BOSS死亡召唤","进入第四关","1","","","",""
"61264","0","","0","1","TRUE","","0","12","","","","","","{34627@200;34628@200;34629@200;34630@200;34631@200;34632@200;34633@200;34634@200;34635@200}$21","","","","","","","BOSS死亡召唤","进入第四关","1","","","",""
"61265","0","","0","1","TRUE","","0","12","","","","","","{34627@200;34628@200;34629@200;34630@200;34631@200;34632@200;34633@200;34634@200;34635@200}$22","","","","","","","BOSS死亡召唤","进入第四关","1","","","",""
"61266","0","","0","1","TRUE","","0","12","","","","","","{34627@200;34628@200;34629@200;34630@200;34631@200;34632@200;34633@200;34634@200;34635@200}$23","","","","","","","BOSS死亡召唤","进入第四关","1","","","",""
"61267","0","","0","1","TRUE","","0","12","","","","","","{34636@200;34637@200;34638@200;34639@200;34640@200;34641@200;34642@200;34643@200;34644@200}$15","","","","","","","BOSS死亡召唤","进入第五关","1","","","",""
"61268","0","","0","1","TRUE","","0","12","","","","","","{34636@200;34637@200;34638@200;34639@200;34640@200;34641@200;34642@200;34643@200;34644@200}$16","","","","","","","BOSS死亡召唤","进入第五关","1","","","",""
"61269","0","","0","1","TRUE","","0","12","","","","","","{34636@200;34637@200;34638@200;34639@200;34640@200;34641@200;34642@200;34643@200;34644@200}$17","","","","","","","BOSS死亡召唤","进入第五关","1","","","",""
"61270","0","","0","1","TRUE","","0","12","","","","","","{34636@200;34637@200;34638@200;34639@200;34640@200;34641@200;34642@200;34643@200;34644@200}$18","","","","","","","BOSS死亡召唤","进入第五关","1","","","",""
"61271","0","","0","1","TRUE","","0","12","","","","","","{34636@200;34637@200;34638@200;34639@200;34640@200;34641@200;34642@200;34643@200;34644@200}$19","","","","","","","BOSS死亡召唤","进入第五关","1","","","",""
"61272","0","","0","1","TRUE","","0","12","","","","","","{34636@200;34637@200;34638@200;34639@200;34640@200;34641@200;34642@200;34643@200;34644@200}$20","","","","","","","BOSS死亡召唤","进入第五关","1","","","",""
"61273","0","","0","1","TRUE","","0","12","","","","","","{34636@200;34637@200;34638@200;34639@200;34640@200;34641@200;34642@200;34643@200;34644@200}$21","","","","","","","BOSS死亡召唤","进入第五关","1","","","",""
"61274","0","","0","1","TRUE","","0","12","","","","","","{34636@200;34637@200;34638@200;34639@200;34640@200;34641@200;34642@200;34643@200;34644@200}$22","","","","","","","BOSS死亡召唤","进入第五关","1","","","",""
"61275","0","","0","1","TRUE","","0","12","","","","","","{34636@200;34637@200;34638@200;34639@200;34640@200;34641@200;34642@200;34643@200;34644@200}$23","","","","","","","BOSS死亡召唤","进入第五关","1","","","",""
"61276","0","","0","1","TRUE","","0","12","","","","","","{34645@200;34646@200;34647@200;34648@200;34649@200;34650@200;34651@200;34652@200;34653@200}$15","","","","","","","BOSS死亡召唤","进入第六关","1","","","",""
"61277","0","","0","1","TRUE","","0","12","","","","","","{34645@200;34646@200;34647@200;34648@200;34649@200;34650@200;34651@200;34652@200;34653@200}$16","","","","","","","BOSS死亡召唤","进入第六关","1","","","",""
"61278","0","","0","1","TRUE","","0","12","","","","","","{34645@200;34646@200;34647@200;34648@200;34649@200;34650@200;34651@200;34652@200;34653@200}$17","","","","","","","BOSS死亡召唤","进入第六关","1","","","",""
"61279","0","","0","1","TRUE","","0","12","","","","","","{34645@200;34646@200;34647@200;34648@200;34649@200;34650@200;34651@200;34652@200;34653@200}$18","","","","","","","BOSS死亡召唤","进入第六关","1","","","",""
"61280","0","","0","1","TRUE","","0","12","","","","","","{34645@200;34646@200;34647@200;34648@200;34649@200;34650@200;34651@200;34652@200;34653@200}$19","","","","","","","BOSS死亡召唤","进入第六关","1","","","",""
"61281","0","","0","1","TRUE","","0","12","","","","","","{34645@200;34646@200;34647@200;34648@200;34649@200;34650@200;34651@200;34652@200;34653@200}$20","","","","","","","BOSS死亡召唤","进入第六关","1","","","",""
"61282","0","","0","1","TRUE","","0","12","","","","","","{34645@200;34646@200;34647@200;34648@200;34649@200;34650@200;34651@200;34652@200;34653@200}$21","","","","","","","BOSS死亡召唤","进入第六关","1","","","",""
"61283","0","","0","1","TRUE","","0","12","","","","","","{34645@200;34646@200;34647@200;34648@200;34649@200;34650@200;34651@200;34652@200;34653@200}$22","","","","","","","BOSS死亡召唤","进入第六关","1","","","",""
"61284","0","","0","1","TRUE","","0","12","","","","","","{34645@200;34646@200;34647@200;34648@200;34649@200;34650@200;34651@200;34652@200;34653@200}$23","","","","","","","BOSS死亡召唤","进入第六关","1","","","",""
"61285","0","","0","1","TRUE","","0","12","","","","","","{34654@200;34655@200;34656@200;34657@200;34658@200;34659@200;34660@200;34661@200;34662@200}$15","","","","","","","BOSS死亡召唤","进入第七关","1","","","",""
"61286","0","","0","1","TRUE","","0","12","","","","","","{34654@200;34655@200;34656@200;34657@200;34658@200;34659@200;34660@200;34661@200;34662@200}$16","","","","","","","BOSS死亡召唤","进入第七关","1","","","",""
"61287","0","","0","1","TRUE","","0","12","","","","","","{34654@200;34655@200;34656@200;34657@200;34658@200;34659@200;34660@200;34661@200;34662@200}$17","","","","","","","BOSS死亡召唤","进入第七关","1","","","",""
"61288","0","","0","1","TRUE","","0","12","","","","","","{34654@200;34655@200;34656@200;34657@200;34658@200;34659@200;34660@200;34661@200;34662@200}$18","","","","","","","BOSS死亡召唤","进入第七关","1","","","",""
"61289","0","","0","1","TRUE","","0","12","","","","","","{34654@200;34655@200;34656@200;34657@200;34658@200;34659@200;34660@200;34661@200;34662@200}$19","","","","","","","BOSS死亡召唤","进入第七关","1","","","",""
"61290","0","","0","1","TRUE","","0","12","","","","","","{34654@200;34655@200;34656@200;34657@200;34658@200;34659@200;34660@200;34661@200;34662@200}$20","","","","","","","BOSS死亡召唤","进入第七关","1","","","",""
"61291","0","","0","1","TRUE","","0","12","","","","","","{34654@200;34655@200;34656@200;34657@200;34658@200;34659@200;34660@200;34661@200;34662@200}$21","","","","","","","BOSS死亡召唤","进入第七关","1","","","",""
"61292","0","","0","1","TRUE","","0","12","","","","","","{34654@200;34655@200;34656@200;34657@200;34658@200;34659@200;34660@200;34661@200;34662@200}$22","","","","","","","BOSS死亡召唤","进入第七关","1","","","",""
"61293","0","","0","1","TRUE","","0","12","","","","","","{34654@200;34655@200;34656@200;34657@200;34658@200;34659@200;34660@200;34661@200;34662@200}$23","","","","","","","BOSS死亡召唤","进入第七关","1","","","",""
"61294","0","","0","1","TRUE","","0","12","","","","","","{34663@200;34664@200;34665@200;34666@200;34667@200;34668@200;34669@200;34670@200;34671@200}$15","","","","","","","BOSS死亡召唤","进入第八关","1","","","",""
"61295","0","","0","1","TRUE","","0","12","","","","","","{34663@200;34664@200;34665@200;34666@200;34667@200;34668@200;34669@200;34670@200;34671@200}$16","","","","","","","BOSS死亡召唤","进入第八关","1","","","",""
"61296","0","","0","1","TRUE","","0","12","","","","","","{34663@200;34664@200;34665@200;34666@200;34667@200;34668@200;34669@200;34670@200;34671@200}$17","","","","","","","BOSS死亡召唤","进入第八关","1","","","",""
"61297","0","","0","1","TRUE","","0","12","","","","","","{34663@200;34664@200;34665@200;34666@200;34667@200;34668@200;34669@200;34670@200;34671@200}$18","","","","","","","BOSS死亡召唤","进入第八关","1","","","",""
"61298","0","","0","1","TRUE","","0","12","","","","","","{34663@200;34664@200;34665@200;34666@200;34667@200;34668@200;34669@200;34670@200;34671@200}$19","","","","","","","BOSS死亡召唤","进入第八关","1","","","",""
"61299","0","","0","1","TRUE","","0","12","","","","","","{34663@200;34664@200;34665@200;34666@200;34667@200;34668@200;34669@200;34670@200;34671@200}$20","","","","","","","BOSS死亡召唤","进入第八关","1","","","",""
"61300","0","","0","1","TRUE","","0","12","","","","","","{34663@200;34664@200;34665@200;34666@200;34667@200;34668@200;34669@200;34670@200;34671@200}$21","","","","","","","BOSS死亡召唤","进入第八关","1","","","",""
"61301","0","","0","1","TRUE","","0","12","","","","","","{34663@200;34664@200;34665@200;34666@200;34667@200;34668@200;34669@200;34670@200;34671@200}$22","","","","","","","BOSS死亡召唤","进入第八关","1","","","",""
"61302","0","","0","1","TRUE","","0","12","","","","","","{34663@200;34664@200;34665@200;34666@200;34667@200;34668@200;34669@200;34670@200;34671@200}$23","","","","","","","BOSS死亡召唤","进入第八关","1","","","",""
"61303","0","","0","1","TRUE","","0","12","","","","","","{34709@200;34710@200;34711@200;34712@200;34713@200;34714@200;34715@200;34716@200;34717@200}$15","","","","","","","BOSS死亡召唤","进入第二关","1","","","",""
"61304","0","","0","1","TRUE","","0","12","","","","","","{34709@200;34710@200;34711@200;34712@200;34713@200;34714@200;34715@200;34716@200;34717@200}$16","","","","","","","BOSS死亡召唤","进入第二关","1","","","",""
"61305","0","","0","1","TRUE","","0","12","","","","","","{34709@200;34710@200;34711@200;34712@200;34713@200;34714@200;34715@200;34716@200;34717@200}$17","","","","","","","BOSS死亡召唤","进入第二关","1","","","",""
"61306","0","","0","1","TRUE","","0","12","","","","","","{34709@200;34710@200;34711@200;34712@200;34713@200;34714@200;34715@200;34716@200;34717@200}$18","","","","","","","BOSS死亡召唤","进入第二关","1","","","",""
"61307","0","","0","1","TRUE","","0","12","","","","","","{34709@200;34710@200;34711@200;34712@200;34713@200;34714@200;34715@200;34716@200;34717@200}$19","","","","","","","BOSS死亡召唤","进入第二关","1","","","",""
"61308","0","","0","1","TRUE","","0","12","","","","","","{34709@200;34710@200;34711@200;34712@200;34713@200;34714@200;34715@200;34716@200;34717@200}$20","","","","","","","BOSS死亡召唤","进入第二关","1","","","",""
"61309","0","","0","1","TRUE","","0","12","","","","","","{34709@200;34710@200;34711@200;34712@200;34713@200;34714@200;34715@200;34716@200;34717@200}$21","","","","","","","BOSS死亡召唤","进入第二关","1","","","",""
"61310","0","","0","1","TRUE","","0","12","","","","","","{34709@200;34710@200;34711@200;34712@200;34713@200;34714@200;34715@200;34716@200;34717@200}$22","","","","","","","BOSS死亡召唤","进入第二关","1","","","",""
"61311","0","","0","1","TRUE","","0","12","","","","","","{34709@200;34710@200;34711@200;34712@200;34713@200;34714@200;34715@200;34716@200;34717@200}$23","","","","","","","BOSS死亡召唤","进入第二关","1","","","",""
"61312","0","","0","1","TRUE","","0","12","","","","","","{34718@200;34719@200;34720@200;34721@200;34722@200;34723@200;34724@200;34725@200;34726@200}$15","","","","","","","BOSS死亡召唤","进入第三关","1","","","",""
"61313","0","","0","1","TRUE","","0","12","","","","","","{34718@200;34719@200;34720@200;34721@200;34722@200;34723@200;34724@200;34725@200;34726@200}$16","","","","","","","BOSS死亡召唤","进入第三关","1","","","",""
"61314","0","","0","1","TRUE","","0","12","","","","","","{34718@200;34719@200;34720@200;34721@200;34722@200;34723@200;34724@200;34725@200;34726@200}$17","","","","","","","BOSS死亡召唤","进入第三关","1","","","",""
"61315","0","","0","1","TRUE","","0","12","","","","","","{34718@200;34719@200;34720@200;34721@200;34722@200;34723@200;34724@200;34725@200;34726@200}$18","","","","","","","BOSS死亡召唤","进入第三关","1","","","",""
"61316","0","","0","1","TRUE","","0","12","","","","","","{34718@200;34719@200;34720@200;34721@200;34722@200;34723@200;34724@200;34725@200;34726@200}$19","","","","","","","BOSS死亡召唤","进入第三关","1","","","",""
"61317","0","","0","1","TRUE","","0","12","","","","","","{34718@200;34719@200;34720@200;34721@200;34722@200;34723@200;34724@200;34725@200;34726@200}$20","","","","","","","BOSS死亡召唤","进入第三关","1","","","",""
"61318","0","","0","1","TRUE","","0","12","","","","","","{34718@200;34719@200;34720@200;34721@200;34722@200;34723@200;34724@200;34725@200;34726@200}$21","","","","","","","BOSS死亡召唤","进入第三关","1","","","",""
"61319","0","","0","1","TRUE","","0","12","","","","","","{34718@200;34719@200;34720@200;34721@200;34722@200;34723@200;34724@200;34725@200;34726@200}$22","","","","","","","BOSS死亡召唤","进入第三关","1","","","",""
"61320","0","","0","1","TRUE","","0","12","","","","","","{34718@200;34719@200;34720@200;34721@200;34722@200;34723@200;34724@200;34725@200;34726@200}$23","","","","","","","BOSS死亡召唤","进入第三关","1","","","",""
"61321","0","","0","1","TRUE","","0","12","","","","","","{34727@200;34728@200;34729@200;34730@200;34731@200;34732@200;34733@200;34734@200;34735@200}$15","","","","","","","BOSS死亡召唤","进入第四关","1","","","",""
"61322","0","","0","1","TRUE","","0","12","","","","","","{34727@200;34728@200;34729@200;34730@200;34731@200;34732@200;34733@200;34734@200;34735@200}$16","","","","","","","BOSS死亡召唤","进入第四关","1","","","",""
"61323","0","","0","1","TRUE","","0","12","","","","","","{34727@200;34728@200;34729@200;34730@200;34731@200;34732@200;34733@200;34734@200;34735@200}$17","","","","","","","BOSS死亡召唤","进入第四关","1","","","",""
"61324","0","","0","1","TRUE","","0","12","","","","","","{34727@200;34728@200;34729@200;34730@200;34731@200;34732@200;34733@200;34734@200;34735@200}$18","","","","","","","BOSS死亡召唤","进入第四关","1","","","",""
"61325","0","","0","1","TRUE","","0","12","","","","","","{34727@200;34728@200;34729@200;34730@200;34731@200;34732@200;34733@200;34734@200;34735@200}$19","","","","","","","BOSS死亡召唤","进入第四关","1","","","",""
"61326","0","","0","1","TRUE","","0","12","","","","","","{34727@200;34728@200;34729@200;34730@200;34731@200;34732@200;34733@200;34734@200;34735@200}$20","","","","","","","BOSS死亡召唤","进入第四关","1","","","",""
"61327","0","","0","1","TRUE","","0","12","","","","","","{34727@200;34728@200;34729@200;34730@200;34731@200;34732@200;34733@200;34734@200;34735@200}$21","","","","","","","BOSS死亡召唤","进入第四关","1","","","",""
"61328","0","","0","1","TRUE","","0","12","","","","","","{34727@200;34728@200;34729@200;34730@200;34731@200;34732@200;34733@200;34734@200;34735@200}$22","","","","","","","BOSS死亡召唤","进入第四关","1","","","",""
"61329","0","","0","1","TRUE","","0","12","","","","","","{34727@200;34728@200;34729@200;34730@200;34731@200;34732@200;34733@200;34734@200;34735@200}$23","","","","","","","BOSS死亡召唤","进入第四关","1","","","",""
"61330","0","","0","1","TRUE","","0","12","","","","","","{34736@200;34737@200;34738@200;34739@200;34740@200;34741@200;34742@200;34743@200;34744@200}$15","","","","","","","BOSS死亡召唤","进入第五关","1","","","",""
"61331","0","","0","1","TRUE","","0","12","","","","","","{34736@200;34737@200;34738@200;34739@200;34740@200;34741@200;34742@200;34743@200;34744@200}$16","","","","","","","BOSS死亡召唤","进入第五关","1","","","",""
"61332","0","","0","1","TRUE","","0","12","","","","","","{34736@200;34737@200;34738@200;34739@200;34740@200;34741@200;34742@200;34743@200;34744@200}$17","","","","","","","BOSS死亡召唤","进入第五关","1","","","",""
"61333","0","","0","1","TRUE","","0","12","","","","","","{34736@200;34737@200;34738@200;34739@200;34740@200;34741@200;34742@200;34743@200;34744@200}$18","","","","","","","BOSS死亡召唤","进入第五关","1","","","",""
"61334","0","","0","1","TRUE","","0","12","","","","","","{34736@200;34737@200;34738@200;34739@200;34740@200;34741@200;34742@200;34743@200;34744@200}$19","","","","","","","BOSS死亡召唤","进入第五关","1","","","",""
"61335","0","","0","1","TRUE","","0","12","","","","","","{34736@200;34737@200;34738@200;34739@200;34740@200;34741@200;34742@200;34743@200;34744@200}$20","","","","","","","BOSS死亡召唤","进入第五关","1","","","",""
"61336","0","","0","1","TRUE","","0","12","","","","","","{34736@200;34737@200;34738@200;34739@200;34740@200;34741@200;34742@200;34743@200;34744@200}$21","","","","","","","BOSS死亡召唤","进入第五关","1","","","",""
"61337","0","","0","1","TRUE","","0","12","","","","","","{34736@200;34737@200;34738@200;34739@200;34740@200;34741@200;34742@200;34743@200;34744@200}$22","","","","","","","BOSS死亡召唤","进入第五关","1","","","",""
"61338","0","","0","1","TRUE","","0","12","","","","","","{34736@200;34737@200;34738@200;34739@200;34740@200;34741@200;34742@200;34743@200;34744@200}$23","","","","","","","BOSS死亡召唤","进入第五关","1","","","",""
"61339","0","","0","1","TRUE","","0","12","","","","","","{34745@200;34746@200;34747@200;34748@200;34749@200;34750@200;34751@200;34752@200;34753@200}$15","","","","","","","BOSS死亡召唤","进入第六关","1","","","",""
"61340","0","","0","1","TRUE","","0","12","","","","","","{34745@200;34746@200;34747@200;34748@200;34749@200;34750@200;34751@200;34752@200;34753@200}$16","","","","","","","BOSS死亡召唤","进入第六关","1","","","",""
"61341","0","","0","1","TRUE","","0","12","","","","","","{34745@200;34746@200;34747@200;34748@200;34749@200;34750@200;34751@200;34752@200;34753@200}$17","","","","","","","BOSS死亡召唤","进入第六关","1","","","",""
"61342","0","","0","1","TRUE","","0","12","","","","","","{34745@200;34746@200;34747@200;34748@200;34749@200;34750@200;34751@200;34752@200;34753@200}$18","","","","","","","BOSS死亡召唤","进入第六关","1","","","",""
"61343","0","","0","1","TRUE","","0","12","","","","","","{34745@200;34746@200;34747@200;34748@200;34749@200;34750@200;34751@200;34752@200;34753@200}$19","","","","","","","BOSS死亡召唤","进入第六关","1","","","",""
"61344","0","","0","1","TRUE","","0","12","","","","","","{34745@200;34746@200;34747@200;34748@200;34749@200;34750@200;34751@200;34752@200;34753@200}$20","","","","","","","BOSS死亡召唤","进入第六关","1","","","",""
"61345","0","","0","1","TRUE","","0","12","","","","","","{34745@200;34746@200;34747@200;34748@200;34749@200;34750@200;34751@200;34752@200;34753@200}$21","","","","","","","BOSS死亡召唤","进入第六关","1","","","",""
"61346","0","","0","1","TRUE","","0","12","","","","","","{34745@200;34746@200;34747@200;34748@200;34749@200;34750@200;34751@200;34752@200;34753@200}$22","","","","","","","BOSS死亡召唤","进入第六关","1","","","",""
"61347","0","","0","1","TRUE","","0","12","","","","","","{34745@200;34746@200;34747@200;34748@200;34749@200;34750@200;34751@200;34752@200;34753@200}$23","","","","","","","BOSS死亡召唤","进入第六关","1","","","",""
"61348","0","","0","1","TRUE","","0","12","","","","","","{34754@200;34755@200;34756@200;34757@200;34758@200;34759@200;34760@200;34761@200;34762@200}$15","","","","","","","BOSS死亡召唤","进入第七关","1","","","",""
"61349","0","","0","1","TRUE","","0","12","","","","","","{34754@200;34755@200;34756@200;34757@200;34758@200;34759@200;34760@200;34761@200;34762@200}$16","","","","","","","BOSS死亡召唤","进入第七关","1","","","",""
"61350","0","","0","1","TRUE","","0","12","","","","","","{34754@200;34755@200;34756@200;34757@200;34758@200;34759@200;34760@200;34761@200;34762@200}$17","","","","","","","BOSS死亡召唤","进入第七关","1","","","",""
"61351","0","","0","1","TRUE","","0","12","","","","","","{34754@200;34755@200;34756@200;34757@200;34758@200;34759@200;34760@200;34761@200;34762@200}$18","","","","","","","BOSS死亡召唤","进入第七关","1","","","",""
"61352","0","","0","1","TRUE","","0","12","","","","","","{34754@200;34755@200;34756@200;34757@200;34758@200;34759@200;34760@200;34761@200;34762@200}$19","","","","","","","BOSS死亡召唤","进入第七关","1","","","",""
"61353","0","","0","1","TRUE","","0","12","","","","","","{34754@200;34755@200;34756@200;34757@200;34758@200;34759@200;34760@200;34761@200;34762@200}$20","","","","","","","BOSS死亡召唤","进入第七关","1","","","",""
"61354","0","","0","1","TRUE","","0","12","","","","","","{34754@200;34755@200;34756@200;34757@200;34758@200;34759@200;34760@200;34761@200;34762@200}$21","","","","","","","BOSS死亡召唤","进入第七关","1","","","",""
"61355","0","","0","1","TRUE","","0","12","","","","","","{34754@200;34755@200;34756@200;34757@200;34758@200;34759@200;34760@200;34761@200;34762@200}$22","","","","","","","BOSS死亡召唤","进入第七关","1","","","",""
"61356","0","","0","1","TRUE","","0","12","","","","","","{34754@200;34755@200;34756@200;34757@200;34758@200;34759@200;34760@200;34761@200;34762@200}$23","","","","","","","BOSS死亡召唤","进入第七关","1","","","",""
"61357","0","","0","1","TRUE","","0","12","","","","","","{34763@200;34764@200;34765@200;34766@200;34767@200;34768@200;34769@200;34770@200;34771@200}$15","","","","","","","BOSS死亡召唤","进入第八关","1","","","",""
"61358","0","","0","1","TRUE","","0","12","","","","","","{34763@200;34764@200;34765@200;34766@200;34767@200;34768@200;34769@200;34770@200;34771@200}$16","","","","","","","BOSS死亡召唤","进入第八关","1","","","",""
"61359","0","","0","1","TRUE","","0","12","","","","","","{34763@200;34764@200;34765@200;34766@200;34767@200;34768@200;34769@200;34770@200;34771@200}$17","","","","","","","BOSS死亡召唤","进入第八关","1","","","",""
"61360","0","","0","1","TRUE","","0","12","","","","","","{34763@200;34764@200;34765@200;34766@200;34767@200;34768@200;34769@200;34770@200;34771@200}$18","","","","","","","BOSS死亡召唤","进入第八关","1","","","",""
"61361","0","","0","1","TRUE","","0","12","","","","","","{34763@200;34764@200;34765@200;34766@200;34767@200;34768@200;34769@200;34770@200;34771@200}$19","","","","","","","BOSS死亡召唤","进入第八关","1","","","",""
"61362","0","","0","1","TRUE","","0","12","","","","","","{34763@200;34764@200;34765@200;34766@200;34767@200;34768@200;34769@200;34770@200;34771@200}$20","","","","","","","BOSS死亡召唤","进入第八关","1","","","",""
"61363","0","","0","1","TRUE","","0","12","","","","","","{34763@200;34764@200;34765@200;34766@200;34767@200;34768@200;34769@200;34770@200;34771@200}$21","","","","","","","BOSS死亡召唤","进入第八关","1","","","",""
"61364","0","","0","1","TRUE","","0","12","","","","","","{34763@200;34764@200;34765@200;34766@200;34767@200;34768@200;34769@200;34770@200;34771@200}$22","","","","","","","BOSS死亡召唤","进入第八关","1","","","",""
"61365","0","","0","1","TRUE","","0","12","","","","","","{34763@200;34764@200;34765@200;34766@200;34767@200;34768@200;34769@200;34770@200;34771@200}$23","","","","","","","BOSS死亡召唤","进入第八关","1","","","",""
"61366","0","","0","1","TRUE","","0","12","","","","","","{34772@200;34773@200;34774@200;34775@200;34776@200;34777@200;34778@200;34779@200;34780@200}$15","","","","","","","BOSS死亡召唤","进入第九关","1","","","",""
"61367","0","","0","1","TRUE","","0","12","","","","","","{34772@200;34773@200;34774@200;34775@200;34776@200;34777@200;34778@200;34779@200;34780@200}$16","","","","","","","BOSS死亡召唤","进入第九关","1","","","",""
"61368","0","","0","1","TRUE","","0","12","","","","","","{34772@200;34773@200;34774@200;34775@200;34776@200;34777@200;34778@200;34779@200;34780@200}$17","","","","","","","BOSS死亡召唤","进入第九关","1","","","",""
"61369","0","","0","1","TRUE","","0","12","","","","","","{34772@200;34773@200;34774@200;34775@200;34776@200;34777@200;34778@200;34779@200;34780@200}$18","","","","","","","BOSS死亡召唤","进入第九关","1","","","",""
"61370","0","","0","1","TRUE","","0","12","","","","","","{34772@200;34773@200;34774@200;34775@200;34776@200;34777@200;34778@200;34779@200;34780@200}$19","","","","","","","BOSS死亡召唤","进入第九关","1","","","",""
"61371","0","","0","1","TRUE","","0","12","","","","","","{34772@200;34773@200;34774@200;34775@200;34776@200;34777@200;34778@200;34779@200;34780@200}$20","","","","","","","BOSS死亡召唤","进入第九关","1","","","",""
"61372","0","","0","1","TRUE","","0","12","","","","","","{34772@200;34773@200;34774@200;34775@200;34776@200;34777@200;34778@200;34779@200;34780@200}$21","","","","","","","BOSS死亡召唤","进入第九关","1","","","",""
"61373","0","","0","1","TRUE","","0","12","","","","","","{34772@200;34773@200;34774@200;34775@200;34776@200;34777@200;34778@200;34779@200;34780@200}$22","","","","","","","BOSS死亡召唤","进入第九关","1","","","",""
"61374","0","","0","1","TRUE","","0","12","","","","","","{34772@200;34773@200;34774@200;34775@200;34776@200;34777@200;34778@200;34779@200;34780@200}$23","","","","","","","BOSS死亡召唤","进入第九关","1","","","",""
"61375","0","","0","1","TRUE","","0","12","","","","","","{34809@200;34810@200;34811@200;34812@200;34813@200;34814@200;34815@200;34816@200;34817@200}$15","","","","","","","BOSS死亡召唤","进入第二关","1","","","",""
"61376","0","","0","1","TRUE","","0","12","","","","","","{34809@200;34810@200;34811@200;34812@200;34813@200;34814@200;34815@200;34816@200;34817@200}$16","","","","","","","BOSS死亡召唤","进入第二关","1","","","",""
"61377","0","","0","1","TRUE","","0","12","","","","","","{34809@200;34810@200;34811@200;34812@200;34813@200;34814@200;34815@200;34816@200;34817@200}$17","","","","","","","BOSS死亡召唤","进入第二关","1","","","",""
"61378","0","","0","1","TRUE","","0","12","","","","","","{34809@200;34810@200;34811@200;34812@200;34813@200;34814@200;34815@200;34816@200;34817@200}$18","","","","","","","BOSS死亡召唤","进入第二关","1","","","",""
"61379","0","","0","1","TRUE","","0","12","","","","","","{34809@200;34810@200;34811@200;34812@200;34813@200;34814@200;34815@200;34816@200;34817@200}$19","","","","","","","BOSS死亡召唤","进入第二关","1","","","",""
"61380","0","","0","1","TRUE","","0","12","","","","","","{34809@200;34810@200;34811@200;34812@200;34813@200;34814@200;34815@200;34816@200;34817@200}$20","","","","","","","BOSS死亡召唤","进入第二关","1","","","",""
"61381","0","","0","1","TRUE","","0","12","","","","","","{34809@200;34810@200;34811@200;34812@200;34813@200;34814@200;34815@200;34816@200;34817@200}$21","","","","","","","BOSS死亡召唤","进入第二关","1","","","",""
"61382","0","","0","1","TRUE","","0","12","","","","","","{34809@200;34810@200;34811@200;34812@200;34813@200;34814@200;34815@200;34816@200;34817@200}$22","","","","","","","BOSS死亡召唤","进入第二关","1","","","",""
"61383","0","","0","1","TRUE","","0","12","","","","","","{34809@200;34810@200;34811@200;34812@200;34813@200;34814@200;34815@200;34816@200;34817@200}$23","","","","","","","BOSS死亡召唤","进入第二关","1","","","",""
"61384","0","","0","1","TRUE","","0","12","","","","","","{34818@200;34819@200;34820@200;34821@200;34822@200;34823@200;34824@200;34825@200;34826@200}$15","","","","","","","BOSS死亡召唤","进入第三关","1","","","",""
"61385","0","","0","1","TRUE","","0","12","","","","","","{34818@200;34819@200;34820@200;34821@200;34822@200;34823@200;34824@200;34825@200;34826@200}$16","","","","","","","BOSS死亡召唤","进入第三关","1","","","",""
"61386","0","","0","1","TRUE","","0","12","","","","","","{34818@200;34819@200;34820@200;34821@200;34822@200;34823@200;34824@200;34825@200;34826@200}$17","","","","","","","BOSS死亡召唤","进入第三关","1","","","",""
"61387","0","","0","1","TRUE","","0","12","","","","","","{34818@200;34819@200;34820@200;34821@200;34822@200;34823@200;34824@200;34825@200;34826@200}$18","","","","","","","BOSS死亡召唤","进入第三关","1","","","",""
"61388","0","","0","1","TRUE","","0","12","","","","","","{34818@200;34819@200;34820@200;34821@200;34822@200;34823@200;34824@200;34825@200;34826@200}$19","","","","","","","BOSS死亡召唤","进入第三关","1","","","",""
"61389","0","","0","1","TRUE","","0","12","","","","","","{34818@200;34819@200;34820@200;34821@200;34822@200;34823@200;34824@200;34825@200;34826@200}$20","","","","","","","BOSS死亡召唤","进入第三关","1","","","",""
"61390","0","","0","1","TRUE","","0","12","","","","","","{34818@200;34819@200;34820@200;34821@200;34822@200;34823@200;34824@200;34825@200;34826@200}$21","","","","","","","BOSS死亡召唤","进入第三关","1","","","",""
"61391","0","","0","1","TRUE","","0","12","","","","","","{34818@200;34819@200;34820@200;34821@200;34822@200;34823@200;34824@200;34825@200;34826@200}$22","","","","","","","BOSS死亡召唤","进入第三关","1","","","",""
"61392","0","","0","1","TRUE","","0","12","","","","","","{34818@200;34819@200;34820@200;34821@200;34822@200;34823@200;34824@200;34825@200;34826@200}$23","","","","","","","BOSS死亡召唤","进入第三关","1","","","",""
"61393","0","","0","1","TRUE","","0","12","","","","","","{34827@200;34828@200;34829@200;34830@200;34831@200;34832@200;34833@200;34834@200;34835@200}$15","","","","","","","BOSS死亡召唤","进入第四关","1","","","",""
"61394","0","","0","1","TRUE","","0","12","","","","","","{34827@200;34828@200;34829@200;34830@200;34831@200;34832@200;34833@200;34834@200;34835@200}$16","","","","","","","BOSS死亡召唤","进入第四关","1","","","",""
"61395","0","","0","1","TRUE","","0","12","","","","","","{34827@200;34828@200;34829@200;34830@200;34831@200;34832@200;34833@200;34834@200;34835@200}$17","","","","","","","BOSS死亡召唤","进入第四关","1","","","",""
"61396","0","","0","1","TRUE","","0","12","","","","","","{34827@200;34828@200;34829@200;34830@200;34831@200;34832@200;34833@200;34834@200;34835@200}$18","","","","","","","BOSS死亡召唤","进入第四关","1","","","",""
"61397","0","","0","1","TRUE","","0","12","","","","","","{34827@200;34828@200;34829@200;34830@200;34831@200;34832@200;34833@200;34834@200;34835@200}$19","","","","","","","BOSS死亡召唤","进入第四关","1","","","",""
"61398","0","","0","1","TRUE","","0","12","","","","","","{34827@200;34828@200;34829@200;34830@200;34831@200;34832@200;34833@200;34834@200;34835@200}$20","","","","","","","BOSS死亡召唤","进入第四关","1","","","",""
"61399","0","","0","1","TRUE","","0","12","","","","","","{34827@200;34828@200;34829@200;34830@200;34831@200;34832@200;34833@200;34834@200;34835@200}$21","","","","","","","BOSS死亡召唤","进入第四关","1","","","",""
"61400","0","","0","1","TRUE","","0","12","","","","","","{34827@200;34828@200;34829@200;34830@200;34831@200;34832@200;34833@200;34834@200;34835@200}$22","","","","","","","BOSS死亡召唤","进入第四关","1","","","",""
"61401","0","","0","1","TRUE","","0","12","","","","","","{34827@200;34828@200;34829@200;34830@200;34831@200;34832@200;34833@200;34834@200;34835@200}$23","","","","","","","BOSS死亡召唤","进入第四关","1","","","",""
"61402","0","","0","1","TRUE","","0","12","","","","","","{34836@200;34837@200;34838@200;34839@200;34840@200;34841@200;34842@200;34843@200;34844@200}$15","","","","","","","BOSS死亡召唤","进入第五关","1","","","",""
"61403","0","","0","1","TRUE","","0","12","","","","","","{34836@200;34837@200;34838@200;34839@200;34840@200;34841@200;34842@200;34843@200;34844@200}$16","","","","","","","BOSS死亡召唤","进入第五关","1","","","",""
"61404","0","","0","1","TRUE","","0","12","","","","","","{34836@200;34837@200;34838@200;34839@200;34840@200;34841@200;34842@200;34843@200;34844@200}$17","","","","","","","BOSS死亡召唤","进入第五关","1","","","",""
"61405","0","","0","1","TRUE","","0","12","","","","","","{34836@200;34837@200;34838@200;34839@200;34840@200;34841@200;34842@200;34843@200;34844@200}$18","","","","","","","BOSS死亡召唤","进入第五关","1","","","",""
"61406","0","","0","1","TRUE","","0","12","","","","","","{34836@200;34837@200;34838@200;34839@200;34840@200;34841@200;34842@200;34843@200;34844@200}$19","","","","","","","BOSS死亡召唤","进入第五关","1","","","",""
"61407","0","","0","1","TRUE","","0","12","","","","","","{34836@200;34837@200;34838@200;34839@200;34840@200;34841@200;34842@200;34843@200;34844@200}$20","","","","","","","BOSS死亡召唤","进入第五关","1","","","",""
"61408","0","","0","1","TRUE","","0","12","","","","","","{34836@200;34837@200;34838@200;34839@200;34840@200;34841@200;34842@200;34843@200;34844@200}$21","","","","","","","BOSS死亡召唤","进入第五关","1","","","",""
"61409","0","","0","1","TRUE","","0","12","","","","","","{34836@200;34837@200;34838@200;34839@200;34840@200;34841@200;34842@200;34843@200;34844@200}$22","","","","","","","BOSS死亡召唤","进入第五关","1","","","",""
"61410","0","","0","1","TRUE","","0","12","","","","","","{34836@200;34837@200;34838@200;34839@200;34840@200;34841@200;34842@200;34843@200;34844@200}$23","","","","","","","BOSS死亡召唤","进入第五关","1","","","",""
"61411","0","","0","1","TRUE","","0","12","","","","","","{34845@200;34846@200;34847@200;34848@200;34849@200;34850@200;34851@200;34852@200;34853@200}$15","","","","","","","BOSS死亡召唤","进入第六关","1","","","",""
"61412","0","","0","1","TRUE","","0","12","","","","","","{34845@200;34846@200;34847@200;34848@200;34849@200;34850@200;34851@200;34852@200;34853@200}$16","","","","","","","BOSS死亡召唤","进入第六关","1","","","",""
"61413","0","","0","1","TRUE","","0","12","","","","","","{34845@200;34846@200;34847@200;34848@200;34849@200;34850@200;34851@200;34852@200;34853@200}$17","","","","","","","BOSS死亡召唤","进入第六关","1","","","",""
"61414","0","","0","1","TRUE","","0","12","","","","","","{34845@200;34846@200;34847@200;34848@200;34849@200;34850@200;34851@200;34852@200;34853@200}$18","","","","","","","BOSS死亡召唤","进入第六关","1","","","",""
"61415","0","","0","1","TRUE","","0","12","","","","","","{34845@200;34846@200;34847@200;34848@200;34849@200;34850@200;34851@200;34852@200;34853@200}$19","","","","","","","BOSS死亡召唤","进入第六关","1","","","",""
"61416","0","","0","1","TRUE","","0","12","","","","","","{34845@200;34846@200;34847@200;34848@200;34849@200;34850@200;34851@200;34852@200;34853@200}$20","","","","","","","BOSS死亡召唤","进入第六关","1","","","",""
"61417","0","","0","1","TRUE","","0","12","","","","","","{34845@200;34846@200;34847@200;34848@200;34849@200;34850@200;34851@200;34852@200;34853@200}$21","","","","","","","BOSS死亡召唤","进入第六关","1","","","",""
"61418","0","","0","1","TRUE","","0","12","","","","","","{34845@200;34846@200;34847@200;34848@200;34849@200;34850@200;34851@200;34852@200;34853@200}$22","","","","","","","BOSS死亡召唤","进入第六关","1","","","",""
"61419","0","","0","1","TRUE","","0","12","","","","","","{34845@200;34846@200;34847@200;34848@200;34849@200;34850@200;34851@200;34852@200;34853@200}$23","","","","","","","BOSS死亡召唤","进入第六关","1","","","",""
"61420","0","","0","1","TRUE","","0","12","","","","","","{34854@200;34855@200;34856@200;34857@200;34858@200;34859@200;34860@200;34861@200;34862@200}$15","","","","","","","BOSS死亡召唤","进入第七关","1","","","",""
"61421","0","","0","1","TRUE","","0","12","","","","","","{34854@200;34855@200;34856@200;34857@200;34858@200;34859@200;34860@200;34861@200;34862@200}$16","","","","","","","BOSS死亡召唤","进入第七关","1","","","",""
"61422","0","","0","1","TRUE","","0","12","","","","","","{34854@200;34855@200;34856@200;34857@200;34858@200;34859@200;34860@200;34861@200;34862@200}$17","","","","","","","BOSS死亡召唤","进入第七关","1","","","",""
"61423","0","","0","1","TRUE","","0","12","","","","","","{34854@200;34855@200;34856@200;34857@200;34858@200;34859@200;34860@200;34861@200;34862@200}$18","","","","","","","BOSS死亡召唤","进入第七关","1","","","",""
"61424","0","","0","1","TRUE","","0","12","","","","","","{34854@200;34855@200;34856@200;34857@200;34858@200;34859@200;34860@200;34861@200;34862@200}$19","","","","","","","BOSS死亡召唤","进入第七关","1","","","",""
"61425","0","","0","1","TRUE","","0","12","","","","","","{34854@200;34855@200;34856@200;34857@200;34858@200;34859@200;34860@200;34861@200;34862@200}$20","","","","","","","BOSS死亡召唤","进入第七关","1","","","",""
"61426","0","","0","1","TRUE","","0","12","","","","","","{34854@200;34855@200;34856@200;34857@200;34858@200;34859@200;34860@200;34861@200;34862@200}$21","","","","","","","BOSS死亡召唤","进入第七关","1","","","",""
"61427","0","","0","1","TRUE","","0","12","","","","","","{34854@200;34855@200;34856@200;34857@200;34858@200;34859@200;34860@200;34861@200;34862@200}$22","","","","","","","BOSS死亡召唤","进入第七关","1","","","",""
"61428","0","","0","1","TRUE","","0","12","","","","","","{34854@200;34855@200;34856@200;34857@200;34858@200;34859@200;34860@200;34861@200;34862@200}$23","","","","","","","BOSS死亡召唤","进入第七关","1","","","",""
"61429","0","","0","1","TRUE","","0","12","","","","","","{34863@200;34864@200;34865@200;34866@200;34867@200;34868@200;34869@200;34870@200;34871@200}$15","","","","","","","BOSS死亡召唤","进入第八关","1","","","",""
"61430","0","","0","1","TRUE","","0","12","","","","","","{34863@200;34864@200;34865@200;34866@200;34867@200;34868@200;34869@200;34870@200;34871@200}$16","","","","","","","BOSS死亡召唤","进入第八关","1","","","",""
"61431","0","","0","1","TRUE","","0","12","","","","","","{34863@200;34864@200;34865@200;34866@200;34867@200;34868@200;34869@200;34870@200;34871@200}$17","","","","","","","BOSS死亡召唤","进入第八关","1","","","",""
"61432","0","","0","1","TRUE","","0","12","","","","","","{34863@200;34864@200;34865@200;34866@200;34867@200;34868@200;34869@200;34870@200;34871@200}$18","","","","","","","BOSS死亡召唤","进入第八关","1","","","",""
"61433","0","","0","1","TRUE","","0","12","","","","","","{34863@200;34864@200;34865@200;34866@200;34867@200;34868@200;34869@200;34870@200;34871@200}$19","","","","","","","BOSS死亡召唤","进入第八关","1","","","",""
"61434","0","","0","1","TRUE","","0","12","","","","","","{34863@200;34864@200;34865@200;34866@200;34867@200;34868@200;34869@200;34870@200;34871@200}$20","","","","","","","BOSS死亡召唤","进入第八关","1","","","",""
"61435","0","","0","1","TRUE","","0","12","","","","","","{34863@200;34864@200;34865@200;34866@200;34867@200;34868@200;34869@200;34870@200;34871@200}$21","","","","","","","BOSS死亡召唤","进入第八关","1","","","",""
"61436","0","","0","1","TRUE","","0","12","","","","","","{34863@200;34864@200;34865@200;34866@200;34867@200;34868@200;34869@200;34870@200;34871@200}$22","","","","","","","BOSS死亡召唤","进入第八关","1","","","",""
"61437","0","","0","1","TRUE","","0","12","","","","","","{34863@200;34864@200;34865@200;34866@200;34867@200;34868@200;34869@200;34870@200;34871@200}$23","","","","","","","BOSS死亡召唤","进入第八关","1","","","",""
"61438","0","","0","1","TRUE","","0","12","","","","","","{34872@200;34873@200;34874@200;34875@200;34876@200;34877@200;34878@200;34879@200;34880@200}$15","","","","","","","BOSS死亡召唤","进入第九关","1","","","",""
"61439","0","","0","1","TRUE","","0","12","","","","","","{34872@200;34873@200;34874@200;34875@200;34876@200;34877@200;34878@200;34879@200;34880@200}$16","","","","","","","BOSS死亡召唤","进入第九关","1","","","",""
"61440","0","","0","1","TRUE","","0","12","","","","","","{34872@200;34873@200;34874@200;34875@200;34876@200;34877@200;34878@200;34879@200;34880@200}$17","","","","","","","BOSS死亡召唤","进入第九关","1","","","",""
"61441","0","","0","1","TRUE","","0","12","","","","","","{34872@200;34873@200;34874@200;34875@200;34876@200;34877@200;34878@200;34879@200;34880@200}$18","","","","","","","BOSS死亡召唤","进入第九关","1","","","",""
"61442","0","","0","1","TRUE","","0","12","","","","","","{34872@200;34873@200;34874@200;34875@200;34876@200;34877@200;34878@200;34879@200;34880@200}$19","","","","","","","BOSS死亡召唤","进入第九关","1","","","",""
"61443","0","","0","1","TRUE","","0","12","","","","","","{34872@200;34873@200;34874@200;34875@200;34876@200;34877@200;34878@200;34879@200;34880@200}$20","","","","","","","BOSS死亡召唤","进入第九关","1","","","",""
"61444","0","","0","1","TRUE","","0","12","","","","","","{34872@200;34873@200;34874@200;34875@200;34876@200;34877@200;34878@200;34879@200;34880@200}$21","","","","","","","BOSS死亡召唤","进入第九关","1","","","",""
"61445","0","","0","1","TRUE","","0","12","","","","","","{34872@200;34873@200;34874@200;34875@200;34876@200;34877@200;34878@200;34879@200;34880@200}$22","","","","","","","BOSS死亡召唤","进入第九关","1","","","",""
"61446","0","","0","1","TRUE","","0","12","","","","","","{34872@200;34873@200;34874@200;34875@200;34876@200;34877@200;34878@200;34879@200;34880@200}$23","","","","","","","BOSS死亡召唤","进入第九关","1","","","",""
"61447","0","","0","1","TRUE","","0","12","","","","","","{34881@200;34882@200;34883@200;34884@200;34885@200;34886@200;34887@200;34888@200;34889@200}$15","","","","","","","BOSS死亡召唤","进入最后一关","1","","","",""
"61448","0","","0","1","TRUE","","0","12","","","","","","{34881@200;34882@200;34883@200;34884@200;34885@200;34886@200;34887@200;34888@200;34889@200}$16","","","","","","","BOSS死亡召唤","进入最后一关","1","","","",""
"61449","0","","0","1","TRUE","","0","12","","","","","","{34881@200;34882@200;34883@200;34884@200;34885@200;34886@200;34887@200;34888@200;34889@200}$17","","","","","","","BOSS死亡召唤","进入最后一关","1","","","",""
"61450","0","","0","1","TRUE","","0","12","","","","","","{34881@200;34882@200;34883@200;34884@200;34885@200;34886@200;34887@200;34888@200;34889@200}$18","","","","","","","BOSS死亡召唤","进入最后一关","1","","","",""
"61451","0","","0","1","TRUE","","0","12","","","","","","{34881@200;34882@200;34883@200;34884@200;34885@200;34886@200;34887@200;34888@200;34889@200}$19","","","","","","","BOSS死亡召唤","进入最后一关","1","","","",""
"61452","0","","0","1","TRUE","","0","12","","","","","","{34881@200;34882@200;34883@200;34884@200;34885@200;34886@200;34887@200;34888@200;34889@200}$20","","","","","","","BOSS死亡召唤","进入最后一关","1","","","",""
"61453","0","","0","1","TRUE","","0","12","","","","","","{34881@200;34882@200;34883@200;34884@200;34885@200;34886@200;34887@200;34888@200;34889@200}$21","","","","","","","BOSS死亡召唤","进入最后一关","1","","","",""
"61454","0","","0","1","TRUE","","0","12","","","","","","{34881@200;34882@200;34883@200;34884@200;34885@200;34886@200;34887@200;34888@200;34889@200}$22","","","","","","","BOSS死亡召唤","进入最后一关","1","","","",""
"61455","0","","0","1","TRUE","","0","12","","","","","","{34881@200;34882@200;34883@200;34884@200;34885@200;34886@200;34887@200;34888@200;34889@200}$23","","","","","","","BOSS死亡召唤","进入最后一关","1","","","",""
"62000","0","","0","1","TRUE","","0","2","161050","","","","","","","","","","","","魔王火灵治疗","","","","","",""
"62001","0","","0","1","TRUE","","0","2","160004","","1","0","","","","","","","","0","第一回合怪物释放灵动九天","","","","","",""
"62002","0","","0","1","TRUE","","0","2","160004","","1","0","","","","","","","","0","第一回合怪物释放金刚护法","","","","","",""
"62003","0","","0","1","true","","0","4","","","1","0","","","","","","","","0","防御","","","","","",""
"62004","0","","0","1","true","","0","4","","","1","0","","","","","","","","0","防御","","","","","",""
"62005","0","","0","1","true","","0","4","","","1","0","","","","","","","","0","防御","","","","","",""
"62006","0","","0","1","true","","0","2","","2@1","1","0","","","","","","","","0","我方血量有不足80的","","","","","",""
"62007","0","","0","1","true","","0","2","","4@1","1","0","","","","","","","","0","敌方没有六道轮回BUFF","","","","","",""
"62008","0","","0","1","true","","0","2","","3@1","1","0","","","","","","","","0","敌方有隐身单位","","","","","",""
"62009","0","","0","1","true","","0","2","","1@0.5;2@0.5","1","0","","","","","","","","0","正常使用","","","","","",""
"62010","0","","0","1","true","","0","2","209209","","1","0","","","","","","","","0","敌方没有六道轮回BUFF","","","","","",""
"62011","0","","0","1","true","","0","2","209224","","1","0","","","","","","","","0","敌方有隐身单位","","","","","",""
"62012","0","","0","1","true","","0","2","420018","","1","0","","","","","","","","0","我方没有魔兽之印","","","","","",""
"62013","0","","0","1","true","","0","2","420022","","1","0","","","","","","","","0","我方没有圣灵之甲","","","","","",""
"62014","0","","0","1","true","","0","2","420015","","1","0","","","","","","","","0","我方没有圣灵之甲","","","","","",""
"62015","0","","0","1","true","","0","2","209213","","1","0","","","","","","","","0","我方没有圣灵之甲","","","","","",""
"62016","0","","0","1","true","","0","2","209217","","1","0","","","","","","","","0","我方没有圣灵之甲","","","","","",""
"62017","0","","0","1","true","","0","2","220108","","1","0","","","","","","","","0","四海生平","","","","","",""
"62018","0","","0","1","true","","0","2","160003","","1","0","","","","","","","94014","0","我方死亡单位-使用杨柳甘露","","","","","",""
"62019","0","","0","1","true","","0","2","160002","","1","0","","","","","","","99049","0","我方低于百分30血量单位-使用普渡众生","","","","","",""
"62020","0","","0","1","true","","0","2","163002","","1","0","","","","","","","99049","0","我方低于百分30血量单位-使用推气过功","","","","","",""
"62021","0","","0","1","true","","0","2","163004","","1","0","","","","","","","94014","0","我方死亡单位-使用我佛慈悲","","","","","",""
"62022","0","","0","1","TRUE","","0","2","140007","","1","0","","","","","","","99051","0","星官开局对玩家阵营释放一次魂锁判官","视之无形，听之无声，谓之幽冥。","","","","",""
"62023","0","","0","1","TRUE","","0","2","209210","","1","0","","","","","","","99052","0","对魂锁判官的单位进行集火","","","","","",""
"62024","0","","0","1","TRUE","","0","2","209214","","1","0","","","","","","","99052","0","对魂锁判官的单位进行集火","","","","","",""
"62025","0","","0","1","TRUE","","0","2","191001","","1","0","","","","","","","99052","0","对魂锁判官的单位进行集火","","","","","",""
"62026","0","","0","1","TRUE","","0","2","209218","","1","0","","","","","","","99052","0","对魂锁判官的单位进行集火","","","","","",""
"62027","0","","0","1","TRUE","","0","2","207005","","1","0","","","","","","","99052","0","对魂锁判官的单位进行集火","","","","","",""
"62028","0","","0","1","TRUE","","0","2","191001","","1","0","","","","","","","99052","0","对魂锁判官的单位进行集火","","","","","",""
"62029","0","","0","1","TRUE","","0","2","207009","","1","0","","","","","","","99052","0","对魂锁判官的单位进行集火","","","","","",""
"62030","0","","0","1","TRUE","","0","2","207006","","1","0","","","","","","","99052","0","对魂锁判官的单位进行集火","","","","","",""
"62031","0","","0","1","TRUE","","0","2","191002","","1","0","","","","","","","99052","0","对敌方带有死亡禁锢的单位进行集火-狮搏","","","","","",""
"62032","0","","0","1","TRUE","","0","2","209215","","1","0","","","","","","","99052","0","对敌方带有死亡禁锢的单位进行集火-三昧真火","","","","","",""
"62033","0","","0","1","TRUE","","0","2","209219","","1","0","","","","","","","99052","0","对敌方带有死亡禁锢的单位进行集火-月刃","","","","","",""
"62034","0","","0","1","TRUE","","0","2","207009","","1","0","","","","","","","99052","0","对敌方带有死亡禁锢的单位进行集火-壁垒击破","","","","","",""
"62035","0","","0","1","TRUE","","0","2","207015","","1","0","","","","","","","99052","0","对敌方带有死亡禁锢的单位进行集火-上古灵符","","","","","",""
"62036","0","","0","1","TRUE","","0","2","420024","","1","0","","","","","","","99052","0","对敌方带有死亡禁锢的单位进行集火-上古灵符","","","","","",""
"62037","0","","0","1","true","","0","2","160005","","1","0","","","","","","","99049","0","我方低于百分30血量单位-使用自在心法","","","","","",""
"62038","0","","0","1","true","","0","2","163007","","1","0","","","","","","","99049","0","我方低于百分30血量单位-使用普渡众生","","","","","",""
"62039","0","","0","1","true","","0","2","209228","","1","0","","","","","","","94014","0","我方死亡单位大于等于7-使用慈航普度---怪物用","","","","","",""
"62040","0","","0","1","TRUE","","0","9","","","","","100","","","","","","","","有大唐官府逃跑-门派闯关","<T t=""既然有同门在，那就不为难各位了。"" c=""FFFFF2DF"" f=""simhei-12""></T><E e=""219""></E>","","","","",""
"62041","0","","0","1","TRUE","","0","9","","","","","100","","","","","","","","有方寸山逃跑-门派闯关","<T t=""既然有同门在，那就不为难各位了。"" c=""FFFFF2DF"" f=""simhei-12""></T><E e=""219""></E>","","","","",""
"62042","0","","0","1","TRUE","","0","9","","","","","100","","","","","","","","有狮驼岭逃跑-门派闯关","<T t=""既然有同门在，那就不为难各位了。"" c=""FFFFF2DF"" f=""simhei-12""></T><E e=""219""></E>","","","","",""
"62043","0","","0","1","TRUE","","0","9","","","","","100","","","","","","","","有阴曹地府逃跑-门派闯关","<T t=""既然有同门在，那就不为难各位了。"" c=""FFFFF2DF"" f=""simhei-12""></T><E e=""219""></E>","","","","",""
"62044","0","","0","1","TRUE","","0","9","","","","","100","","","","","","","","有龙宫逃跑-门派闯关","<T t=""既然有同门在，那就不为难各位了。"" c=""FFFFF2DF"" f=""simhei-12""></T><E e=""219""></E>","","","","",""
"62045","0","","0","1","TRUE","","0","9","","","","","100","","","","","","","","有普陀山逃跑-门派闯关","<T t=""既然有同门在，那就不为难各位了。"" c=""FFFFF2DF"" f=""simhei-12""></T><E e=""219""></E>","","","","",""
"62046","0","","0","1","TRUE","","0","9","","","","","100","","","","","","","","有魔王寨逃跑-门派闯关","<T t=""既然有同门在，那就不为难各位了。"" c=""FFFFF2DF"" f=""simhei-12""></T><E e=""219""></E>","","","","",""
"62047","0","","0","1","TRUE","","0","9","","","","","100","","","","","","","","有月宫逃跑-门派闯关","<T t=""既然有同门在，那就不为难各位了。"" c=""FFFFF2DF"" f=""simhei-12""></T><E e=""219""></E>","","","","",""
"62048","0","","0","1","TRUE","","0","9","","","","","100","","","","","","","","有化生寺逃跑-门派闯关","<T t=""既然有同门在，那就不为难各位了。"" c=""FFFFF2DF"" f=""simhei-12""></T><E e=""219""></E>","","","","",""
"62049","0","","0","1","TRUE","","0","9","","","","","100","","","","","","","","大唐官府首席—第五回合逃跑","<T t=""不为难各位了，溜了溜了"" c=""FFFFF2DF"" f=""simhei-12""></T><E e=""116""></E>","","","","",""
"62050","0","","0","1","TRUE","","0","9","","","","","100","","","","","","","","方寸山首席—第五回合逃跑","<T t=""不为难各位了，溜了溜了"" c=""FFFFF2DF"" f=""simhei-12""></T><E e=""116""></E>","","","","",""
"62051","0","","0","1","TRUE","","0","9","","","","","100","","","","","","","","狮驼岭首席—第五回合逃跑","<T t=""不为难各位了，溜了溜了"" c=""FFFFF2DF"" f=""simhei-12""></T><E e=""116""></E>","","","","",""
"62052","0","","0","1","TRUE","","0","9","","","","","100","","","","","","","","阴曹地府首席—第五回合逃跑","<T t=""不为难各位了，溜了溜了"" c=""FFFFF2DF"" f=""simhei-12""></T><E e=""116""></E>","","","","",""
"62053","0","","0","1","TRUE","","0","9","","","","","100","","","","","","","","龙宫首席—第五回合逃跑","<T t=""不为难各位了，溜了溜了"" c=""FFFFF2DF"" f=""simhei-12""></T><E e=""116""></E>","","","","",""
"62054","0","","0","1","TRUE","","0","9","","","","","100","","","","","","","","普陀山首席—第五回合逃跑","<T t=""不为难各位了，溜了溜了"" c=""FFFFF2DF"" f=""simhei-12""></T><E e=""116""></E>","","","","",""
"62055","0","","0","1","TRUE","","0","9","","","","","100","","","","","","","","魔王寨首席—第五回合逃跑","<T t=""不为难各位了，溜了溜了"" c=""FFFFF2DF"" f=""simhei-12""></T><E e=""116""></E>","","","","",""
"62056","0","","0","1","TRUE","","0","9","","","","","100","","","","","","","","月宫首席—第五回合逃跑","<T t=""不为难各位了，溜了溜了"" c=""FFFFF2DF"" f=""simhei-12""></T><E e=""116""></E>","","","","",""
"62057","0","","0","1","TRUE","","0","9","","","","","100","","","","","","","","化生寺首席—第五回合逃跑","<T t=""不为难各位了，溜了溜了"" c=""FFFFF2DF"" f=""simhei-12""></T><E e=""116""></E>","","","","",""
"62058","0","","0","1","TRUE","","0","12","","","","","","{30887@1000}$25,{30887@1000}$27","","","","","","","大唐官府首席—召唤","<T t=""既然没有同门在~那就放开手脚咯。"" c=""FFFFF2DF"" f=""simhei-12""></T><E e=""209""></E>","","","","",""
"62059","0","","0","1","TRUE","","0","12","","","","","","{30890@1000}$25,{30890@1000}$27","","","","","","","方寸山首席—召唤","<T t=""既然没有同门在~那就放开手脚咯。"" c=""FFFFF2DF"" f=""simhei-12""></T><E e=""209""></E>","","","","",""
"62060","0","","0","1","TRUE","","0","12","","","","","","{30889@1000}$25,{30889@1000}$27","","","","","","","狮驼岭首席—召唤","<T t=""既然没有同门在~那就放开手脚咯。"" c=""FFFFF2DF"" f=""simhei-12""></T><E e=""209""></E>","","","","",""
"62061","0","","0","1","TRUE","","0","12","","","","","","{30891@1000}$25,{30891@1000}$27","","","","","","","阴曹地府首席—召唤","<T t=""既然没有同门在~那就放开手脚咯。"" c=""FFFFF2DF"" f=""simhei-12""></T><E e=""209""></E>","","","","",""
"62062","0","","0","1","TRUE","","0","12","","","","","","{30886@1000}$25,{30886@1000}$27","","","","","","","龙宫首席—召唤","<T t=""既然没有同门在~那就放开手脚咯。"" c=""FFFFF2DF"" f=""simhei-12""></T><E e=""209""></E>","","","","",""
"62063","0","","0","1","TRUE","","0","12","","","","","","{30888@1000}$25,{30888@1000}$27","","","","","","","普陀山首席—召唤","<T t=""既然没有同门在~那就放开手脚咯。"" c=""FFFFF2DF"" f=""simhei-12""></T><E e=""209""></E>","","","","",""
"62064","0","","0","1","TRUE","","0","12","","","","","","{30893@1000}$25,{30893@1000}$27","","","","","","","魔王寨首席—召唤","<T t=""既然没有同门在~那就放开手脚咯。"" c=""FFFFF2DF"" f=""simhei-12""></T><E e=""209""></E>","","","","",""
"62065","0","","0","1","TRUE","","0","12","","","","","","{30892@1000}$25,{30892@1000}$27","","","","","","","月宫首席—召唤","<T t=""既然没有同门在~那就放开手脚咯。"" c=""FFFFF2DF"" f=""simhei-12""></T><E e=""209""></E>","","","","",""
"62066","0","","0","1","TRUE","","0","12","","","","","","{30894@1000}$25,{30894@1000}$27","","","","","","","化生寺首席—召唤","<T t=""既然没有同门在~那就放开手脚咯。"" c=""FFFFF2DF"" f=""simhei-12""></T><E e=""209""></E>","","","","",""
"62067","0","","0","1","true","","0","2","209227","","1","0","","","","","","","","0","","<T t=""不是，辅助都不带的嘛？"" c=""FFFFF2DF"" f=""simhei-12""></T><E e=""166""></E>","","","","",""
"62068","0","","0","1","true","","0","2","209206","","1","0","","","","","","","94005","0","没被控制的单位","","","","","",""
"62069","0","","0","1","true","","0","2","209201","","1","0","","","","","","","95001","0","破血狂攻","","","","","",""
"62070","0","","0","1","true","","0","2","420012","","1","0","","","","","","","94056","0","水清决","","","","","",""
"62071","0","","0","1","true","","0","2","420017","","1","0","","","","","","","99069","0","野兽之力","","","","","",""
"62072","0","","0","1","true","","0","2","420016","","1","0","","","","","","","99069","0","笑里藏刀","","","","","",""
"63000","0","","0","1","true","","0","2","220004","","1","0","","","","","","","","0","万剑归一","","","","","",""
"63001","0","","0","1","true","","0","2","220001","","1","0","","","","","","","","0","横扫千军","","","","","",""
"63002","0","","0","1","true","","0","2","110003","","1","0","","","","","","","","0","对敌方进行横扫千军-杀气决状态","","","","","",""
"63003","0","","0","1","true","","0","2","110005","","1","0","","","","","","","","0","对敌方进行横扫千军-杀气决状态","","","","","",""
"64000","0","","0","1","true","","0","2","420030","","1","0","","","","","","","","0","使用罗汉金钟","","","","","",""
"64001","0","","0","1","true","","0","2","209217","","1","0","","","","","","","","0","金刚护法","","","","","",""
"64002","0","","0","1","true","","0","2","220102","","1","0","","","","","","","94014","0","使用我佛慈悲","","","","","",""
"64003","0","","0","1","true","","0","2","420015","","1","0","","","","","","","","0","我方被封4个单位-使用晶清决","","","","","",""
"64004","0","","0","1","true","","0","2","420020","","1","0","","","","","","","","0","敌方超过3个物理职业-使用河东狮吼","<T t=""物理这么多...."" c=""FFFFF2DF"" f=""simhei-12""></T><E e=""136""></E>","","","","",""
"64005","0","","0","1","true","","0","2","420030","","1","0","","","","","","","","0","敌方超过3个物理职业-使用罗汉金钟","<T t=""法系门派超过3个了阿喂~"" c=""FFFFF2DF"" f=""simhei-12""></T><E e=""173""></E>","","","","",""
"64006","0","","0","1","true","","0","2","420024","","1","0","","","","","","","","0","碎甲术","","","","","",""
"64007","0","","0","1","true","","0","2","220101","","1","0","","","","","","","","0","推气过功","","","","","",""
"65000","0","","0","1","true","","0","2","120007","","1","0","","","","","","","94005","0","幻音古钟","","","","","",""
"65001","0","","0","1","true","","0","2","120001","","1","0","","","","","","","","0","五雷咒","","","","","",""
"65002","0","","0","1","true","","0","2","120005","","1","0","","","","","","","99062","0","失心符","","","","","",""
"65003","0","","0","1","true","","0","2","209226","","1","0","","","","","","","99062","0","定身符","","","","","",""
"66000","0","","0","1","true","","0","2","150007","","1","0","","","","","","","","0","魔浪滔天","","","","","",""
"66001","0","","0","1","true","","0","2","150002","","1","0","","","","","","","94037","0","龙腾-对低血量","","","","","",""
"66002","0","","0","1","true","","0","2","150002","","1","0","","","","","","","","0","龙腾","","","","","",""
"66003","0","","0","1","true","","0","2","150005","","1","0","","","","","","","94041","0","清心","","","","","",""
"67000","0","","0","1","true","","0","2","162007","","1","0","","","","","","","","0","广寒清辉","","","","","",""
"67001","0","","0","1","true","","0","2","162002","","1","0","","","","","","","99066","0","碎玉击","","","","","",""
"67002","0","","0","1","true","","0","2","162003","","1","0","","","","","","","99067","0","月刃-对低血量","","","","","",""
"67003","0","","0","1","true","","0","2","162003","","1","0","","","","","","","","0","月刃","","","","","",""
"67100","0","","0","1","true","","0","2","160007","","1","0","","","","","","","","0","沐日慈悲","","","","","",""
"67101","0","","0","1","true","","0","2","209213","","1","0","","","","","","","","0","灵动九天-10个单位","","","","","",""
"67102","0","","0","1","true","","0","2","160003","","1","0","","","","","","","94014","0","杨柳甘露","","","","","",""
"67103","0","","0","1","true","","0","2","220108","","1","0","","","","","","","","0","四海升平","","","","","",""
"67104","0","","0","1","true","","0","2","220105","","1","0","","","","","","","99068","0","自在心法-进阶版","","","","","",""
"67105","0","","0","1","true","","0","2","220106","","1","0","","","","","","","94015","0","普渡众生-4个单位","","","","","",""
"67200","0","","0","1","true","","0","2","191007","","1","0","","","","","","","","0","鹰击长空","","","","","",""
"67201","0","","0","1","true","","0","2","191002","","1","0","","","","","","","","0","狮搏","","","","","",""
"67202","0","","0","1","true","","0","2","191005","","1","0","","","","","","","","0","连环击","","","","","",""
"67300","0","","0","1","true","","0","2","220107","","1","0","","","","","","","94014","0","地府-还阳术","","","","","",""
"67301","0","","0","1","true","","0","2","209209","","1","0","","","","","","","","0","地府-六道轮回","","","","","",""
"67302","0","","0","1","true","","0","2","209224","","1","0","","","","","","","","0","地府-幽冥鬼眼","","","","","",""
"67303","0","","0","1","true","","0","2","420017","","1","0","","","","","","","99070","0","对狮驼上野兽之力","","","","","",""
"67304","0","","0","1","true","","0","2","420014","","1","0","","","","","","","","0","玉清诀","","","","","",""
"67305","0","","0","1","true","","0","2","420030","","1","0","","","","","","","","0","罗汉金钟","","","","","",""
"67400","0","","0","1","true","","0","2","161002","","1","0","","","","","","","94037","0","三昧真火-对低血量","","","","","",""
"67401","0","","0","1","true","","0","2","161002","","1","0","","","","","","","","0","三昧真火","","","","","",""
"70001","0","","0","1","true","","0","12","","","","","","{29526@1000}$11,{29527@1000}$12,{29528@1000}$13","","","","","95002","0","召唤媛媛-","","","","","",""
"70002","0","","0","1","true","","0","","","","","","","","","","","","","0","媛媛第一回合说话","<T t=""蜃蛇，你到处散播魔气，今天你在劫难逃了！"" c=""FFFFF2DF"" f=""simhei-12""></T>","","","","",""
"70003","0","","0","1","true","","0","2","209227","","1","0","","","","","","","","0","媛媛第二回合放技能","<T t=""哼！师弟给我狠狠的打，它们放不了技能！"" c=""FFFFF2DF"" f=""simhei-12""></T>","","","","",""
"70004","0","","0","1","true","","0","","","","","","","","","","","","","0","媛媛第三回合说话","<T t=""嘻嘻~不强怎么做你师姐呢~"" c=""FFFFF2DF"" f=""simhei-12""></T><E e=""149""></E>","","","","",""
"70005","0","","0","1","true","","0","","","","","","","","","","","","95002","1","主角第三回合喊话","<T t=""卧槽，媛媛师姐你这么强的嘛。"" c=""FFFFF2DF"" f=""simhei-12""></T><E e=""124""></E>","","","","",""
"70006","0","","0","1","true","","0","2","420018","","1","0","","","","","","","","0","蜃蛇第一回合释放技能","<T t=""真是无知！"" c=""FFFFF2DF"" f=""simhei-12""></T>","","","","",""
"70007","0","","0","1","true","","0","","","","","","","","","","","","","0","蜃蛇第四回合说话","<T t=""就算你杀了我又如何！我还是能靠着魔气重生！"" c=""FFFFF2DF"" f=""simhei-12""></T>","","","","",""
"70008","0","","0","1","true","","0","2","220107","","1","0","","","","","","","94014","0","地府-还阳术","","","","","",""
"70009","0","","0","1","true","","0","","","","","","","","","","","","","0","劫镖强盗喊话","<T t=""打劫！"" c=""FFFFF2DF"" f=""simhei-12""></T>","","","","",""
"70010","0","","0","1","true","","0","","","","","","","","","","","","","0","贪吃鬼夜叉","<T t=""不就偷吃了几块糖醋排骨嘛~"" c=""FFFFF2DF"" f=""simhei-12""></T><E e=""191""></E>","","","","",""
"70011","0","","0","1","true","","0","","","","","","","","","","","","","0","龙女恶鬼","<T t=""这些长安人捉鬼太狠了呀！"" c=""FFFFF2DF"" f=""simhei-12""></T><E e=""152""></E>","","","","",""
"70012","0","","0","1","true","","0","","","","","","","","","","","","","0","马面恶鬼","<T t=""我不要回地府..."" c=""FFFFF2DF"" f=""simhei-12""></T><E e=""207""></E>","","","","",""
"70013","0","","0","1","true","","0","","","","","","","","","","","","","0","牛头恶鬼","<T t=""我才溜出来两天而已，我不要回去！"" c=""FFFFF2DF"" f=""simhei-12""></T><E e=""152""></E>","","","","",""
"70014","0","","0","1","true","","0","","","","","","","","","","","","","0","花妖恶鬼","<T t=""被长安人发现了"" c=""FFFFF2DF"" f=""simhei-12""></T><E e=""108""></E>","","","","",""
"80000","0","","0","1","true","","0","","","","","","","","","","","","","0","一江风喊话-40级秘境","<T t=""夫战，谋略也。运筹帷幄，伺机而动，乃必胜之道。"" c=""FFFFF2DF"" f=""simhei-11""></T>","","","","",""
"80001","0","","0","1","true","","0","","","","","","","","","","","","","0","鬼国公主喊话-40级秘境","<T t=""只要没有魂飞魄散，我都能复活！"" c=""FFFFF2DF"" f=""simhei-11""></T>","","","","",""
"80002","0","","0","1","true","","0","","","","","","","","","","","","","0","定山神喊话-40级秘境","<T t=""我站中间，我最强！"" c=""FFFFF2DF"" f=""simhei-11""></T>","","","","",""
"80003","0","","0","1","true","","0","","","","","","","","","","","","","0","桃小妖-40级秘境","<T t=""门派不同，速度也有所不同！"" c=""FFFFF2DF"" f=""simhei-11""></T>","","","","",""
"80004","0","","0","1","true","","0","2","209220","","1","0","","","","","","","","0","五雷咒","<T t=""封印，速度最快"" c=""FFFFF2DF"" f=""simhei-11""></T>","","","","",""
"80005","0","","0","1","true","","0","2","209206","","1","0","","","","","","","99062","0","失心符","<T t=""封印，速度最快"" c=""FFFFF2DF"" f=""simhei-11""></T>","","","","",""
"80006","0","","0","1","true","","0","2","209217","","1","0","","","","","","","","0","金刚护法","<T t=""治疗，速度次之"" c=""FFFFF2DF"" f=""simhei-11""></T>","","","","",""
"80007","0","","0","1","true","","0","2","209216","","1","0","","","","","","","","0","推气过功","<T t=""治疗，速度次之"" c=""FFFFF2DF"" f=""simhei-11""></T>","","","","",""
"80008","0","","0","1","true","","0","2","220102","","1","0","","","","","","","94014","0","使用我佛慈悲","<T t=""治疗，速度次之"" c=""FFFFF2DF"" f=""simhei-11""></T>","","","","",""
"80009","0","","0","1","true","","0","2","209205","","1","0","","","","","","","","0","横扫千军","<T t=""物理，速度中下"" c=""FFFFF2DF"" f=""simhei-11""></T>","","","","",""
"80010","0","","0","1","true","","0","2","209204","","1","0","","","","","","","","0","破釜","<T t=""物理，速度中下"" c=""FFFFF2DF"" f=""simhei-11""></T>","","","","",""
"80011","0","","0","1","true","","0","2","209210","","1","0","","","","","","","","0","龙卷雨击","<T t=""法术，速度最慢"" c=""FFFFF2DF"" f=""simhei-11""></T>","","","","",""
"80012","0","","0","1","true","","0","2","209211","","1","0","","","","","","","94037","0","龙腾-对低血量","<T t=""法术，速度最慢"" c=""FFFFF2DF"" f=""simhei-11""></T>","","","","",""
"80013","0","","0","1","true","","0","2","209211","","1","0","","","","","","","","0","龙腾","<T t=""法术，速度最慢"" c=""FFFFF2DF"" f=""simhei-11""></T>","","","","",""
"80014","0","","0","1","true","","0","","","","","","","","","","","","","0","掌灯人-40级秘境","<T t=""封印法术，你不得造次！"" c=""FFFFF2DF"" f=""simhei-11""></T>","","","","",""
"80015","0","","0","1","true","","0","2","209220","","1","0","","","","","","","","0","掌灯人-五雷咒","","","","","",""
"80016","0","","0","1","true","","0","2","209206","","1","0","","","","","","","99062","0","掌灯人-失心符","","","","","",""
"80017","0","","0","1","true","","0","","","","","","","","","","","","","0","灯芯儿-40级秘境","<T t=""死亡禁锢，永无复活之日！"" c=""FFFFF2DF"" f=""simhei-11""></T>","","","","",""
"80018","0","","0","1","true","","0","2","140007","","1","0","","","","","","","","0","魂锁判官","","","","","",""
"80019","0","","0","1","true","","0","","","","","","","","","","","","","0","百目鬼王-40级秘境","<T t=""隐忍一时，厚积薄发。"" c=""FFFFF2DF"" f=""simhei-11""></T>","","","","",""
"80020","0","","0","1","true","","0","2","140004","","1","0","","","","","","","99069","0","地府-修罗隐身","<T t=""我隐身，你打不到我。"" c=""FFFFF2DF"" f=""simhei-11""></T>","","","","",""
"80021","0","","0","1","true","","0","","","","","","","","","","","","","0","伏虎将军-40级秘境","<T t=""我大唐技艺的精妙之处，你可看仔细。"" c=""FFFFF2DF"" f=""simhei-11""></T>","","","","",""
"80022","0","","0","1","true","","0","2","209205","","1","0","","","","","","","99073","0","横扫千军","","","","","",""
"80023","0","","0","1","true","","0","2","209204","","1","0","","","","","","","","0","破釜","","","","","",""
"80024","0","","0","1","true","","0","","","","","","","","","","","","","0","灵台道人-40级秘境","<T t=""方寸心法需静心领悟，戒骄戒躁。"" c=""FFFFF2DF"" f=""simhei-11""></T>","","","","",""
"80025","0","","0","1","true","","0","2","209220","","1","0","","","","","","","","0","五雷咒","","","","","",""
"80026","0","","0","1","true","","0","2","209206","","1","0","","","","","","","99062","0","失心符","","","","","",""
"80027","0","","0","1","true","","0","2","150003","","1","0","","","","","","","99069","0","龙宫-逆鳞","<T t=""龙宫法术，博大精深。"" c=""FFFFF2DF"" f=""simhei-11""></T>","","","","",""
"80028","0","","0","1","true","","0","2","209211","","1","0","","","","","","","94037","0","龙腾-对低血量","","","","","",""
"80029","0","","0","1","true","","0","","","","","","","","","","","","","0","观音大士-40级秘境","<T t=""普陀讲求一颗慈悲之心，不知你可懂的？"" c=""FFFFF2DF"" f=""simhei-11""></T>","","","","",""
"80030","0","","0","1","true","","0","","","","","","","","","","","","","0","地藏王-40级秘境","<T t=""地府之境三界平等，轮回之道众生皆可参悟。"" c=""FFFFF2DF"" f=""simhei-11""></T>","","","","",""
"80031","0","","0","1","true","","0","2","140004","","1","0","","","","","","","99069","0","地府-修罗隐身","","","","","",""
"80032","0","","0","1","true","","0","2","420018","","1","0","","","","","","","","0","大大王-40级秘境-魔兽之印释放","<T t=""我狮驼岭，群妖无数，你可要小心了。"" c=""FFFFF2DF"" f=""simhei-11""></T>","","","","",""
"80033","0","","0","1","true","","0","2","161003","","1","0","","","","","","","99069","0","魔王-魔王降临+喊话","<T t=""魔王法术能驾驭风火之术，你天资如何，我一试便知！"" c=""FFFFF2DF"" f=""simhei-11""></T>","","","","",""
"80034","0","","0","1","true","","0","2","209215","","1","0","","","","","","","94037","0","三昧真火-对低血量","","","","","",""
"80035","0","","0","1","true","","0","2","209215","","1","0","","","","","","","","0","三昧真火","","","","","",""
"80036","0","","0","1","true","","0","2","420030","","1","0","","","","","","","99069","0","化生-使用罗汉+喊话","<T t=""化生佛门，悬壶济世，你可悟了？"" c=""FFFFF2DF"" f=""simhei-11""></T>","","","","",""
"80037","0","","0","1","true","","0","2","209217","","1","0","","","","","","","","0","金刚护法","","","","","",""
"80038","0","","0","1","true","","0","2","209216","","1","0","","","","","","","","0","推气过功","","","","","",""
"80039","0","","0","1","true","","0","2","220102","","1","0","","","","","","","94014","0","使用我佛慈悲","","","","","",""
"80040","0","","0","1","true","","0","2","162004","","1","0","","","","","","","99069","0","月宫-桂花醉","<T t=""我月宫门下清净无尘，无欲则刚。"" c=""FFFFF2DF"" f=""simhei-11""></T>","","","","",""
"80041","0","","0","1","true","","0","2","162002","","1","0","","","","","","","99066","0","碎玉击","","","","","",""
"80042","0","","0","1","true","","0","2","209219","","1","0","","","","","","","99067","0","月刃-对低血量","","","","","",""
"80043","0","","0","1","true","","0","2","209219","","1","0","","","","","","","","0","月刃","","","","","",""
"80044","0","","0","1","true","","0","2","420022","","1","0","","","","","","","","0","贪狼星君-开场喊话+圣灵之甲释放","<T t=""吾乃北斗天枢之贪狼，少侠是否做好准备了？"" c=""FFFFF2DF"" f=""simhei-11""></T>","","","","",""
"80045","0","","0","1","true","","0","2","191002","","1","0","","","","","","","","0","狮搏","","","","","",""
"80046","0","","0","1","true","","0","2","191005","","1","0","","","","","","","","0","连环击","","","","","",""
"80047","0","","0","1","true","","0","2","420018","","1","0","","","","","","","","0","破君星君-开场喊话+魔兽之印释放","<T t=""吾乃北斗天枢之破军，少侠是否做好准备了？"" c=""FFFFF2DF"" f=""simhei-11""></T>","","","","",""
"80048","0","","0","1","true","","0","2","207012","","1","0","","","","","","","99073","0","力劈对低血量","","","","","",""
"80049","0","","0","1","true","","0","2","150005","","1","0","","","","","","","94056","0","清心-龙宫","","","","","",""
"80050","0","","0","1","true","","0","2","209211","","1","0","","","","","","","94037","0","龙腾-对低血量","","","","","",""
"80051","0","","0","1","true","","0","2","209211","","1","0","","","","","","","","0","龙腾-战场只剩2个单位","","","","","",""
"80052","0","","0","1","true","","0","2","207009","","1","0","","","","","","","99073","0","壁垒对低血量","","","","","",""
"80053","0","","0","1","true","","0","2","420030","","1","0","","","","","","","99069","0","使用罗汉","","","","","",""
"80054","0","","0","1","true","","0","2","207015","","1","0","","","","","","","94037","0","上古灵符-对低血量","","","","","",""
"81000","0","","0","1","TRUE","","0","12","","","","","","{39416@1000}$20,{39417@1000}$21,{39418@1000}$22,{39419@1000}$23,{39420@1000}$24","","","","","","","5.10.15回合","出来把孩子们","2","","","",""
"81001","0","","0","1","TRUE","","0","12","","","","","","{39416@1000}$20,{39417@1000}$21,{39418@1000}$22,{39419@1000}$23,{39420@1000}$24","","","","","","","5.10.15回合","出来把孩子们","2","","","",""
"81002","0","","0","1","TRUE","","0","12","","","","","","{39416@1000}$20,{39417@1000}$21,{39418@1000}$22,{39419@1000}$23,{39420@1000}$24","","","","","","","5.10.15回合","出来把孩子们","2","","","",""
"81003","0","","0","1","TRUE","","0","12","","","","","","{39416@1000}$20,{39417@1000}$21,{39418@1000}$22,{39419@1000}$23,{39420@1000}$24","","","","","","","20.25.30回合","出来把孩子们","2","","","",""
"81004","0","","0","1","TRUE","","0","12","","","","","","{39413@1000}$20,{39414@1000}$21,{39415@1000}$22,{39416@1000}$23,{39417@1000}$24","","","","","","","20.25.30回合","出来把孩子们","2","","","",""
"81005","0","","0","1","TRUE","","0","12","","","","","","{39413@1000}$20,{39414@1000}$21,{39415@1000}$22,{39416@1000}$23,{39417@1000}$24","","","","","","","20.25.30回合","出来把孩子们","2","","","",""
"81006","0","","0","1","TRUE","","0","12","","","","","","{39413@1000}$20,{39414@1000}$21,{39415@1000}$22,{39416@1000}$23,{39417@1000}$24","","","","","","","35.40回合","出来把孩子们","2","","","",""
"81007","0","","0","1","TRUE","","0","12","","","","","","{39408@1000}$20,{39409@1000}$21,{39410@1000}$22,{39411@1000}$23,{39412@1000}$24","","","","","","","35.40回合","出来把孩子们","2","","","",""
"81008","0","","0","1","TRUE","","0","12","","","","","","{39408@1000}$20,{39409@1000}$21,{39410@1000}$22,{39411@1000}$23,{39412@1000}$24","","","","","","","45.50回合","出来把孩子们","2","","","",""
"81009","0","","0","1","TRUE","","0","12","","","","","","{39408@1000}$20,{39409@1000}$21,{39410@1000}$22,{39411@1000}$23,{39412@1000}$24","","","","","","","45.50回合","出来把孩子们，这是最后一波了。","2","","","",""
"82000","0","","0","1","TRUE","","0","12","","","","","","{39430@1000}$20,{39431@1000}$21,{39432@1000}$22,{39433@1000}$23,{39434@1000}$24","","","","","","","5.10.15回合","各位接招把。这是第一波。不要让我看不起你们。","2","","","",""
"82001","0","","0","1","TRUE","","0","12","","","","","","{39430@1000}$20,{39431@1000}$21,{39432@1000}$22,{39433@1000}$23,{39434@1000}$24","","","","","","","5.10.15回合","各位接招把。这是第二波。不要让我看不起你们。","2","","","",""
"82002","0","","0","1","TRUE","","0","12","","","","","","{39430@1000}$20,{39431@1000}$21,{39432@1000}$22,{39433@1000}$23,{39434@1000}$24","","","","","","","5.10.15回合","各位接招把。这是第三波。不要让我看不起你们。","2","","","",""
"82003","0","","0","1","TRUE","","0","12","","","","","","{39430@1000}$20,{39431@1000}$21,{39432@1000}$22,{39433@1000}$23,{39434@1000}$24","","","","","","","20.25.30回合","各位接招把。这是第四波。看来你们有点实力。希望你们还能接住。","2","","","",""
"82004","0","","0","1","TRUE","","0","12","","","","","","{39425@1000}$20,{39426@1000}$21,{39427@1000}$22,{39428@1000}$23,{39429@1000}$24","","","","","","","20.25.30回合","各位接招把。这是第五波。看来你们有点实力。希望你们还能接住。","2","","","",""
"82005","0","","0","1","TRUE","","0","12","","","","","","{39425@1000}$20,{39426@1000}$21,{39427@1000}$22,{39428@1000}$23,{39429@1000}$24","","","","","","","20.25.30回合","各位接招把。这是第六波。看来你们有点实力。希望你们还能接住。","2","","","",""
"82006","0","","0","1","TRUE","","0","12","","","","","","{39425@1000}$20,{39426@1000}$21,{39427@1000}$22,{39428@1000}$23,{39429@1000}$24","","","","","","","35.40回合","各位接招把。这是第七波。不要让我失望，胜利就在眼前。","2","","","",""
"82007","0","","0","1","TRUE","","0","12","","","","","","{39422@1000}$20,{39423@1000}$21,{39424@1000}$22,{39425@1000}$23,{39426@1000}$24","","","","","","","35.40回合","各位接招把。这是第八波。不要让我失望，胜利就在眼前。","2","","","",""
"82008","0","","0","1","TRUE","","0","12","","","","","","{39422@1000}$20,{39423@1000}$21,{39424@1000}$22,{39425@1000}$23,{39426@1000}$24","","","","","","","45.50回合","各位接招把。这是第九波。不要让我失望，胜利就在眼前。","2","","","",""
"82009","0","","0","1","TRUE","","0","12","","","","","","{39422@1000}$20,{39423@1000}$21,{39424@1000}$22,{39425@1000}$23,{39426@1000}$24","","","","","","","45.50回合","这是最后一关了。老哥我等下要去修仙了。我还会回来的。","2","","","",""
"83000","0","","0","1","TRUE","","0","12","","","","","","{39302@1000}$20,{39303@1000}$21,{39304@1000}$22,{39305@1000}$23,{39306@1000}$24","","","","","","","5.10.15回合","山神的孩子们出来","2","","","",""
"83001","0","","0","1","TRUE","","0","12","","","","","","{39302@1000}$20,{39303@1000}$21,{39304@1000}$22,{39305@1000}$23,{39306@1000}$24","","","","","","","5.10.15回合","山神的孩子们出来","2","","","",""
"83002","0","","0","1","TRUE","","0","12","","","","","","{39302@1000}$20,{39303@1000}$21,{39304@1000}$22,{39305@1000}$23,{39306@1000}$24","","","","","","","5.10.15回合","山神的孩子们出来","2","","","",""
"83003","0","","0","1","TRUE","","0","12","","","","","","{39302@1000}$20,{39303@1000}$21,{39304@1000}$22,{39305@1000}$23,{39306@1000}$24","","","","","","","20.25.30回合","山神的孩子们出来","2","","","",""
"83004","0","","0","1","TRUE","","0","12","","","","","","{39302@1000}$20,{39303@1000}$21,{39304@1000}$22,{39305@1000}$23,{39306@1000}$24","","","","","","","20.25.30回合","山神的孩子们出来","2","","","",""
"83005","0","","0","1","TRUE","","0","12","","","","","","{39302@1000}$20,{39303@1000}$21,{39304@1000}$22,{39305@1000}$23,{39306@1000}$24","","","","","","","20.25.30回合","山神的孩子们出来","2","","","",""
"83006","0","","0","1","TRUE","","0","12","","","","","","{39302@1000}$20,{39303@1000}$21,{39304@1000}$22,{39305@1000}$23,{39306@1000}$24","","","","","","","35.40回合","山神的孩子们出来","2","","","",""
"83007","0","","0","1","TRUE","","0","12","","","","","","{39302@1000}$20,{39303@1000}$21,{39304@1000}$22,{39305@1000}$23,{39306@1000}$24","","","","","","","35.40回合","山神的孩子们出来","2","","","",""
"83008","0","","0","1","TRUE","","0","12","","","","","","{39302@1000}$20,{39303@1000}$21,{39304@1000}$22,{39305@1000}$23,{39306@1000}$24","","","","","","","45.50回合","山神的孩子们出来","2","","","",""
"83009","0","","0","1","TRUE","","0","12","","","","","","{39302@1000}$20,{39303@1000}$21,{39304@1000}$22,{39305@1000}$23,{39306@1000}$24","","","","","","","45.50回合","山神的孩子们出来，这是最后一次。","2","","","",""
"52092","","","","","","","0","2","110002","","1","0","","","","","","","94023","0","自动对目标使用生命虹吸技能吸取生命","","","","","",""
"58560","0","","0","1","TRUE","","0","12","","","","","","{29060@1000}$21,{29060@1000}$22,{29060@1000}$23,{29060@1000}$24","","","","","95002","0","血量大于等于50%并且21位置没有单位时召唤怪物","响应召唤，前来助战！","","","","",""
"58561","0","","0","1","TRUE","","0","12","","","","","","{29060@1000}$21,{29060@1000}$22,{29060@1000}$23,{29060@1000}$24","","","","","95002","0","血量大于等于50%并且22位置没有单位时召唤怪物","响应召唤，前来助战！","","","","",""
"58562","0","","0","1","TRUE","","0","12","","","","","","{29060@1000}$21,{29060@1000}$22,{29060@1000}$23,{29060@1000}$24","","","","","95002","0","血量大于等于50%并且23位置没有单位时召唤怪物","响应召唤，前来助战！","","","","",""
"58563","0","","0","1","TRUE","","0","12","","","","","","{29060@1000}$21,{29060@1000}$22,{29060@1000}$23,{29060@1000}$24","","","","","95002","0","血量大于等于50%并且24位置没有单位时召唤怪物","响应召唤，前来助战！","","","","",""
"58564","0","","0","1","TRUE","","0","12","","","","","","{29060@1000}$15,{29060@1000}$16,{29060@1000}$17,{29060@1000}$18,{29060@1000}$19","","","","","95002","0","回合结束阶段BOSS清除自身无敌BUFF并让小怪逃跑","既然你们无力抵抗，速速退下！","","","","",""
"58565","0","","0","1","TRUE","","0","12","","","","","","{29060@1000}$15,{29060@1000}$16,{29060@1000}$17,{29060@1000}$18,{29060@1000}$19","","","","","95002","0","回合开始阶段BOSS清除自身无敌BUFF并让小怪逃跑","受死吧！","","","","",""
