"id","活动类型","备注","任务类型","类型下组id","后置任务","接任务npcid","任务栏任务名称","任务名称","任务目的","任务描述","追踪显示任务名","追踪描述","寻路跳转","是否自动完成","提交任务NPC","是否可任性","公会求助","世界求助","任务栏任务名称（交）","任务名称（交）","任务目的（交）","任务描述（交）","追踪显示任务名（交）","追踪描述（交）","接任务对话","目标NPC对话","交任务对话","任务完成后提示","奖励","匹配奖励方式","分级奖励","任务难度"
"1010001","1010000","师门送信","1","1","","1","师门任务","师门任务•送信($Number$/$Number1$)","<T t=""送信给"" c=""ff8c5e2a""></T><T t=""$NPCName$"" c=""FF02972C""></T>","<T t=""帮师傅送信给"" c=""ff8c5e2a""></T><T t=""$NPCName$"" c=""FF02972C""></T><T t=""这个可是讨好师傅的好机会啊"" c=""ff8c5e2a""></T>","师门•送信($Number$/$Number1$)","<T t=""帮师傅送信给"" c=""fffff2df""></T><T t=""$NPCName$"" c=""ff00ff00""></T>","1","1","","0","","","职业任务-送信($Number$/$Number1$)","职业任务-送信($Number$/$Number1$)","<T t=""送信给"" c=""ff5f3e22""></T><T t=""$NPCName$"" c=""ff005b0f""></T>","<T t=""帮职业导师送信给"" c=""ff5f3e22""></T><T t=""$NPCName$"" c=""ff005b0f""></T><T t=""这个可是讨好导师的好机会啊"" c=""ff5f3e22""></T>","职业任务-送信($Number$/$Number1$)","<T t=""帮职业导师送信给"" c=""ff5f3e22""></T><T t=""$NPCName$"" c=""ff005b0f""></T>","1","2","","","","","","1"
"1010002","1010000","师门采集1","2","5","","1","师门任务","师门任务•采集($Number$/$Number1$)","<T t=""去"" c=""ff8c5e2a""></T><T t=""$MapName$"" c=""FF02972C""></T><T t=""采集草药"" c=""ff8c5e2a""></T>","<T t=""前往"" c=""ff8c5e2a""></T><T t=""$MapName$"" c=""FF02972C""></T><T t=""采集草药，完成任务可获得一级药品"" c=""ff8c5e2a""></T><T t="""" c=""ff8c5e2a""></T>","师门•采集($Number$/$Number1$)","<T t=""前往"" c=""fffff2df""></T><T t=""$MapName$"" c=""ff00ff00""></T><T t=""采集草药"" c=""fffff2df""></T><T t=""(采集可获得一级药品)"" c=""ffffff00""></T>","1","1","","0","","","职业任务-巡逻($Number$/$Number1$)","职业任务-巡逻($Number$/$Number1$)","<T t=""去"" c=""ff5f3e22""></T><T t=""$MapName$"" c=""ff005b0f""></T><T t=""巡逻"" c=""ff5f3e22""></T>","<T t=""职业导师让你去"" c=""ff5f3e22""></T><T t=""$MapName$"" c=""ff005b0f""></T><T t=""巡逻"" c=""ff5f3e22""></T><T t=""教训一些不求上进的无良地痞"" c=""ff5f3e22""></T>","职业任务-巡逻($Number$/$Number1$)","<T t=""职业导师让你去"" c=""ff5f3e22""></T><T t=""$MapName$"" c=""ff005b0f""></T><T t=""巡逻"" c=""ff5f3e22""></T>","3","","","","5008","","","1"
"1010003","1010000","师门采集2","2","6","","1","师门任务","师门任务•采集($Number$/$Number1$)","<T t=""去"" c=""ff8c5e2a""></T><T t=""$MapName$"" c=""FF02972C""></T><T t=""采集草药"" c=""ff8c5e2a""></T>","<T t=""前往"" c=""ff8c5e2a""></T><T t=""$MapName$"" c=""FF02972C""></T><T t=""采集草药，完成任务可获得一级药品"" c=""ff8c5e2a""></T><T t="""" c=""ff8c5e2a""></T>","师门•采集($Number$/$Number1$)","<T t=""前往"" c=""fffff2df""></T><T t=""$MapName$"" c=""ff00ff00""></T><T t=""采集草药"" c=""fffff2df""></T><T t=""(采集可获得一级药品)"" c=""ffffff00""></T>","1","1","","0","","","职业任务-巡逻($Number$/$Number1$)","职业任务-巡逻($Number$/$Number1$)","<T t=""去"" c=""ff5f3e22""></T><T t=""$MapName$"" c=""ff005b0f""></T><T t=""巡逻"" c=""ff5f3e22""></T>","<T t=""职业导师让你去"" c=""ff5f3e22""></T><T t=""$MapName$"" c=""ff005b0f""></T><T t=""巡逻"" c=""ff5f3e22""></T><T t=""教训一些不求上进的无良地痞"" c=""ff5f3e22""></T>","职业任务-巡逻($Number$/$Number1$)","<T t=""职业导师让你去"" c=""ff5f3e22""></T><T t=""$MapName$"" c=""ff005b0f""></T><T t=""巡逻"" c=""ff5f3e22""></T>","3","","","","5008","","","1"
"1010004","1010000","师门采集3","2","7","","1","师门任务","师门任务•采集($Number$/$Number1$)","<T t=""去"" c=""ff8c5e2a""></T><T t=""$MapName$"" c=""FF02972C""></T><T t=""采集草药"" c=""ff8c5e2a""></T>","<T t=""前往"" c=""ff8c5e2a""></T><T t=""$MapName$"" c=""FF02972C""></T><T t=""采集草药，完成任务可获得一级药品"" c=""ff8c5e2a""></T><T t="""" c=""ff8c5e2a""></T>","师门•采集($Number$/$Number1$)","<T t=""前往"" c=""fffff2df""></T><T t=""$MapName$"" c=""ff00ff00""></T><T t=""采集草药"" c=""fffff2df""></T><T t=""(采集可获得一级药品)"" c=""ffffff00""></T>","1","1","","0","","","职业任务-巡逻($Number$/$Number1$)","职业任务-巡逻($Number$/$Number1$)","<T t=""去"" c=""ff5f3e22""></T><T t=""$MapName$"" c=""ff005b0f""></T><T t=""巡逻"" c=""ff5f3e22""></T>","<T t=""职业导师让你去"" c=""ff5f3e22""></T><T t=""$MapName$"" c=""ff005b0f""></T><T t=""巡逻"" c=""ff5f3e22""></T><T t=""教训一些不求上进的无良地痞"" c=""ff5f3e22""></T>","职业任务-巡逻($Number$/$Number1$)","<T t=""职业导师让你去"" c=""ff5f3e22""></T><T t=""$MapName$"" c=""ff005b0f""></T><T t=""巡逻"" c=""ff5f3e22""></T>","3","","","","5008","","","1"
"1010005","1010000","师门采集4","2","8","","1","师门任务","师门任务•采集($Number$/$Number1$)","<T t=""去"" c=""ff8c5e2a""></T><T t=""$MapName$"" c=""FF02972C""></T><T t=""采集草药"" c=""ff8c5e2a""></T>","<T t=""前往"" c=""ff8c5e2a""></T><T t=""$MapName$"" c=""FF02972C""></T><T t=""采集草药，完成任务可获得一级药品"" c=""ff8c5e2a""></T><T t="""" c=""ff8c5e2a""></T>","师门•采集($Number$/$Number1$)","<T t=""前往"" c=""fffff2df""></T><T t=""$MapName$"" c=""ff00ff00""></T><T t=""采集草药"" c=""fffff2df""></T><T t=""(采集可获得一级药品)"" c=""ffffff00""></T>","1","1","","0","","","职业任务-巡逻($Number$/$Number1$)","职业任务-巡逻($Number$/$Number1$)","<T t=""去"" c=""ff5f3e22""></T><T t=""$MapName$"" c=""ff005b0f""></T><T t=""巡逻"" c=""ff5f3e22""></T>","<T t=""职业导师让你去"" c=""ff5f3e22""></T><T t=""$MapName$"" c=""ff005b0f""></T><T t=""巡逻"" c=""ff5f3e22""></T><T t=""教训一些不求上进的无良地痞"" c=""ff5f3e22""></T>","职业任务-巡逻($Number$/$Number1$)","<T t=""职业导师让你去"" c=""ff5f3e22""></T><T t=""$MapName$"" c=""ff005b0f""></T><T t=""巡逻"" c=""ff5f3e22""></T>","3","","","","5008","","","1"
"1010006","1010000","师门采集5","2","9","","1","师门任务","师门任务•采集($Number$/$Number1$)","<T t=""去"" c=""ff8c5e2a""></T><T t=""$MapName$"" c=""FF02972C""></T><T t=""采集草药"" c=""ff8c5e2a""></T>","<T t=""前往"" c=""ff8c5e2a""></T><T t=""$MapName$"" c=""FF02972C""></T><T t=""采集草药，完成任务可获得一级药品"" c=""ff8c5e2a""></T><T t="""" c=""ff8c5e2a""></T>","师门•采集($Number$/$Number1$)","<T t=""前往"" c=""fffff2df""></T><T t=""$MapName$"" c=""ff00ff00""></T><T t=""采集草药"" c=""fffff2df""></T><T t=""(采集可获得一级药品)"" c=""ffffff00""></T>","1","1","","0","","","职业任务-巡逻($Number$/$Number1$)","职业任务-巡逻($Number$/$Number1$)","<T t=""去"" c=""ff5f3e22""></T><T t=""$MapName$"" c=""ff005b0f""></T><T t=""巡逻"" c=""ff5f3e22""></T>","<T t=""职业导师让你去"" c=""ff5f3e22""></T><T t=""$MapName$"" c=""ff005b0f""></T><T t=""巡逻"" c=""ff5f3e22""></T><T t=""教训一些不求上进的无良地痞"" c=""ff5f3e22""></T>","职业任务-巡逻($Number$/$Number1$)","<T t=""职业导师让你去"" c=""ff5f3e22""></T><T t=""$MapName$"" c=""ff005b0f""></T><T t=""巡逻"" c=""ff5f3e22""></T>","3","","","","5008","","","1"
"1010007","1010000","师门采集6","2","10","","1","师门任务","师门任务•采集($Number$/$Number1$)","<T t=""去"" c=""ff8c5e2a""></T><T t=""$MapName$"" c=""FF02972C""></T><T t=""采集草药"" c=""ff8c5e2a""></T>","<T t=""前往"" c=""ff8c5e2a""></T><T t=""$MapName$"" c=""FF02972C""></T><T t=""采集草药，完成任务可获得一级药品"" c=""ff8c5e2a""></T><T t="""" c=""ff8c5e2a""></T>","师门•采集($Number$/$Number1$)","<T t=""前往"" c=""fffff2df""></T><T t=""$MapName$"" c=""ff00ff00""></T><T t=""采集草药"" c=""fffff2df""></T><T t=""(采集可获得一级药品)"" c=""ffffff00""></T>","1","1","","0","","","职业任务-巡逻($Number$/$Number1$)","职业任务-巡逻($Number$/$Number1$)","<T t=""去"" c=""ff5f3e22""></T><T t=""$MapName$"" c=""ff005b0f""></T><T t=""巡逻"" c=""ff5f3e22""></T>","<T t=""职业导师让你去"" c=""ff5f3e22""></T><T t=""$MapName$"" c=""ff005b0f""></T><T t=""巡逻"" c=""ff5f3e22""></T><T t=""教训一些不求上进的无良地痞"" c=""ff5f3e22""></T>","职业任务-巡逻($Number$/$Number1$)","<T t=""职业导师让你去"" c=""ff5f3e22""></T><T t=""$MapName$"" c=""ff005b0f""></T><T t=""巡逻"" c=""ff5f3e22""></T>","3","","","","5008","","","1"
"1010008","1010000","师门内巡逻战斗","6","1","","1","师门任务","师门任务•巡逻($Number$/$Number1$)","<T t=""在"" c=""ff8c5e2a""></T><T t=""师门"" c=""FF02972C""></T><T t=""巡逻，看看是谁在捣乱。"" c=""ff8c5e2a""></T>","<T t=""在"" c=""ff8c5e2a""></T><T t=""师门"" c=""FF02972C""></T><T t=""巡逻"" c=""ff8c5e2a""></T><T t=""看看是谁在哪里调皮捣蛋"" c=""ff8c5e2a""></T>","师门•巡逻($Number$/$Number1$)","<T t=""在"" c=""fffff2df""></T><T t=""师门"" c=""ff00ff00""></T><T t=""巡逻，看看是谁在捣乱。"" c=""fffff2df""></T>","1","1","","0","","","职业任务-巡逻($Number$/$Number1$)","职业任务-巡逻($Number$/$Number1$)","<T t=""去"" c=""ff5f3e22""></T><T t=""$MapName$"" c=""ff005b0f""></T><T t=""巡逻"" c=""ff5f3e22""></T>","<T t=""职业导师让你去"" c=""ff5f3e22""></T><T t=""$MapName$"" c=""ff005b0f""></T><T t=""巡逻"" c=""ff5f3e22""></T><T t=""教训一些不求上进的无良地痞"" c=""ff5f3e22""></T>","职业任务-巡逻($Number$/$Number1$)","<T t=""职业导师让你去"" c=""ff5f3e22""></T><T t=""$MapName$"" c=""ff005b0f""></T><T t=""巡逻"" c=""ff5f3e22""></T>","3","","","","","","","1"
"1010009","1010000","师门寻物-炼药","4","3","","1","师门任务","师门任务•炼药($Number$/$Number1$)","<T t=""去找个"" c=""ff8c5e2a""></T><T t=""$ItemName$"" c=""FF02972C""></T><T t=""来"" c=""ff8c5e2a""></T>","<T t=""帮师傅找个"" c=""ff8c5e2a""></T><T t=""$ItemName$"" c=""FF02972C""></T><T t=""来"" c=""ff8c5e2a""></T><T t=""(拥有$Number2$/$Number3$)"" c=""FF02972C""></T><T t="""" c=""ff8c5e2a""></T>","师门•炼药($Number$/$Number1$)","<T t=""师傅让你寻个"" c=""fffff2df""></T><T t=""$ItemName$"" c=""ff00ff00""></T><T t=""来"" c=""fffff2df""></T><T t=""(拥有$Number2$/$Number3$)"" c=""ff00ff00""></T><T t=""上交高于$Number4$品质，可以获得额外奖励"" c=""ffffff00""></T><T t=""通过炼药获得"" c=""fffff2df""></T>","1","0","11@13104,12@13101,13@13102,14@13100,15@13105,16@13103,18@13106,17@13107,19@13108,21@13111,24@13110,25@13112,22@13109","0","","","职业任务-寻物($Number$/$Number1$)","职业任务-寻物($Number$/$Number1$)","<T t=""去找个"" c=""ff5f3e22""></T><T t=""$ItemName$"" c=""ff005b0f""></T><T t=""来"" c=""ff5f3e22""></T>","<T t=""职业导师让你去找个"" c=""ff5f3e22""></T><T t=""$ItemName$"" c=""ff005b0f""></T><T t=""来"" c=""ff5f3e22""></T><T t=""(拥有$Number2$/$Number3$)"" c=""ff005b0f""></T><T t=""用来补充联盟的日常消耗"" c=""ff5f3e22""></T>","职业任务-寻物($Number$/$Number1$)","<T t=""职业导师让你去找个"" c=""ff5f3e22""></T><T t=""$ItemName$"" c=""ff005b0f""></T><T t=""来"" c=""ff5f3e22""></T><T t=""(拥有$Number2$/$Number3$)"" c=""ff005b0f""></T>","7","","8","193124","5007","","","1"
"1010010","1010000","师门寻物-烹饪","4","4","","1","师门任务","师门任务•烹饪($Number$/$Number1$)","<T t=""去找个"" c=""ff8c5e2a""></T><T t=""$ItemName$"" c=""FF02972C""></T><T t=""来"" c=""ff8c5e2a""></T>","<T t=""帮师傅找个"" c=""ff8c5e2a""></T><T t=""$ItemName$"" c=""FF02972C""></T><T t=""来"" c=""ff8c5e2a""></T><T t=""(拥有$Number2$/$Number3$)"" c=""FF02972C""></T><T t="""" c=""ff8c5e2a""></T>","师门•烹饪($Number$/$Number1$)","<T t=""师傅让你寻个"" c=""fffff2df""></T><T t=""$ItemName$"" c=""ff00ff00""></T><T t=""来"" c=""fffff2df""></T><T t=""(拥有$Number2$/$Number3$)"" c=""ff00ff00""></T><T t=""上交高于$Number4$品质，可以获得额外奖励"" c=""ffffff00""></T><T t=""通过烹饪获得"" c=""fffff2df""></T>","1","0","11@13104,12@13101,13@13102,14@13100,15@13105,16@13103,18@13106,17@13107,19@13108,21@13111,24@13110,25@13112,22@13109","0","","","职业任务-寻物($Number$/$Number1$)","职业任务-寻物($Number$/$Number1$)","<T t=""去找个"" c=""ff5f3e22""></T><T t=""$ItemName$"" c=""ff005b0f""></T><T t=""来"" c=""ff5f3e22""></T>","<T t=""职业导师让你去找个"" c=""ff5f3e22""></T><T t=""$ItemName$"" c=""ff005b0f""></T><T t=""来"" c=""ff5f3e22""></T><T t=""(拥有$Number2$/$Number3$)"" c=""ff005b0f""></T><T t=""用来补充联盟的日常消耗"" c=""ff5f3e22""></T>","职业任务-寻物($Number$/$Number1$)","<T t=""职业导师让你去找个"" c=""ff5f3e22""></T><T t=""$ItemName$"" c=""ff005b0f""></T><T t=""来"" c=""ff5f3e22""></T><T t=""(拥有$Number2$/$Number3$)"" c=""ff005b0f""></T>","7","","8","193124","5007","","","1"
"1010011","1010000","师门寻物-环装","4","1","","1","师门任务","师门任务•寻物($Number$/$Number1$)","<T t=""去找个"" c=""ff8c5e2a""></T><T t=""$ItemName$"" c=""FF02972C""></T><T t=""来"" c=""ff8c5e2a""></T>","<T t=""帮师傅找个"" c=""ff8c5e2a""></T><T t=""$ItemName$"" c=""FF02972C""></T><T t=""来"" c=""ff8c5e2a""></T><T t=""(拥有$Number2$/$Number3$)"" c=""FF02972C""></T><T t=""上交可获得强化石"" c=""ff8c5e2a""></T>","师门•寻物($Number$/$Number1$)","<T t=""找个"" c=""fffff2df""></T><T t=""$ItemName$"" c=""ff00ff00""></T><T t=""来"" c=""fffff2df""></T><T t=""(拥有$Number2$/$Number3$)"" c=""ff00ff00""></T><T t=""打造或在兵器铺购买"" c=""fffff2df""></T><T t=""(上交可获得强化石)"" c=""ffffff00""></T>","1","0","11@13104,12@13101,13@13102,14@13100,15@13105,16@13103,18@13106,17@13107,19@13108,21@13111,24@13110,25@13112,22@13109","0","","","职业任务-寻物($Number$/$Number1$)","职业任务-寻物($Number$/$Number1$)","<T t=""去找个"" c=""ff5f3e22""></T><T t=""$ItemName$"" c=""ff005b0f""></T><T t=""来"" c=""ff5f3e22""></T>","<T t=""职业导师让你去找个"" c=""ff5f3e22""></T><T t=""$ItemName$"" c=""ff005b0f""></T><T t=""来"" c=""ff5f3e22""></T><T t=""(拥有$Number2$/$Number3$)"" c=""ff005b0f""></T><T t=""用来补充联盟的日常消耗"" c=""ff5f3e22""></T>","职业任务-寻物($Number$/$Number1$)","<T t=""职业导师让你去找个"" c=""ff5f3e22""></T><T t=""$ItemName$"" c=""ff005b0f""></T><T t=""来"" c=""ff5f3e22""></T><T t=""(拥有$Number2$/$Number3$)"" c=""ff005b0f""></T>","7","","8","193124","5004","","","1"
"1010012","1010000","师门收集-宠物","5","1","","1","师门任务","师门任务•寻宠($Number$/$Number1$)","<T t=""需求"" c=""ff8c5e2a""></T><T t=""$PetName$"" c=""FF02972C""></T>","<T t=""购买一只"" c=""ff8c5e2a""></T><T t=""$PetName$"" c=""FF02972C""></T><T t=""(拥有$Number2$/$Number3$)"" c=""FF02972C""></T><T t=""可前往花香香处购买，上交宠物概率获得金柳露"" c=""ff8c5e2a""></T>","师门•寻宠($Number$/$Number1$)","<T t=""购买一只"" c=""fffff2df""></T><T t=""$PetName$"" c=""ff00ff00""></T><T t=""(拥有$Number2$/$Number3$)"" c=""ff00ff00""></T><T t=""花香香处购买"" c=""fffff2df""></T><T t=""(上交概率获得金柳露)"" c=""ffffff00""></T>","1","0","11@13104,12@13101,13@13102,14@13100,15@13105,16@13103,18@13106,17@13107,19@13108,21@13111,24@13110,25@13112,22@13109","0","","","职业任务-捉宠($Number$/$Number1$)","职业任务-捉宠($Number$/$Number1$)","<T t=""去购买或去挂机场景捉"" c=""ff5f3e22""></T><T t=""$PetName$"" c=""ff005b0f""></T>","<T t=""职业导师让你去购买或去挂机场景捉"" c=""ff5f3e22""></T><T t=""$PetName$"" c=""ff005b0f""></T><T t=""(拥有$Number2$/$Number3$)"" c=""ff005b0f""></T><T t=""整天找这找那的联盟是有多穷啊！"" c=""ff5f3e22""></T>","职业任务-捉宠($Number$/$Number1$)","<T t=""职业导师让你去购买或去挂机场景捉"" c=""ff5f3e22""></T><T t=""$PetName$"" c=""ff005b0f""></T><T t=""(拥有$Number2$/$Number3$)"" c=""ff005b0f""></T>","7","","8","193125","5006","","","1"
"1010013","1010000","师门平定-长安地痞流氓","7","65","","1","师门任务","师门任务•平定($Number$/$Number1$)","<T t=""教训"" c=""ff8c5e2a""></T><T t=""$NPCName$"" c=""FF02972C""></T>","<T t=""前往"" c=""ff8c5e2a""></T><T t=""$MapName$"" c=""FF02972C""></T><T t=""教训"" c=""ff8c5e2a""></T><T t=""$NPCName$"" c=""FF02972C""></T>","师门•平定($Number$/$Number1$)","<T t=""前往"" c=""fffff2df""></T><T t=""$MapName$"" c=""ff00ff00""></T><T t=""教训"" c=""fffff2df""></T><T t=""$NPCName$"" c=""ff00ff00""></T>","1","1","","0","","","职业任务-巡逻($Number$/$Number1$)","职业任务-巡逻($Number$/$Number1$)","<T t=""去"" c=""ff5f3e22""></T><T t=""$MapName$"" c=""ff005b0f""></T><T t=""巡逻"" c=""ff5f3e22""></T>","<T t=""职业导师让你去"" c=""ff5f3e22""></T><T t=""$MapName$"" c=""ff005b0f""></T><T t=""巡逻"" c=""ff5f3e22""></T><T t=""教训一些不求上进的无良地痞"" c=""ff5f3e22""></T>","职业任务-巡逻($Number$/$Number1$)","<T t=""职业导师让你去"" c=""ff5f3e22""></T><T t=""$MapName$"" c=""ff005b0f""></T><T t=""巡逻"" c=""ff5f3e22""></T>","7","","8","","","","","1"
"1010014","1010000","师门挑战任务","7","66","","1","师门任务","师门任务•切磋($Number$/$Number1$)","<T t=""去和"" c=""ff8c5e2a""></T><T t=""$NPCName$"" c=""FF02972C""></T><T t=""进行友好切磋"" c=""ff8c5e2a""></T><T t=""来证明自己"" c=""ff8c5e2a""></T>","<T t=""去挑战"" c=""ff8c5e2a""></T><T t=""$NPCName$"" c=""FF02972C""></T><T t=""来"" c=""ff8c5e2a""></T><T t=""证明自己"" c=""ff8c5e2a""></T>","师门•切磋($Number$/$Number1$)","<T t=""去挑战"" c=""fffff2df""></T><T t=""$NPCName$"" c=""ff00ff00""></T><T t=""来证明自己，"" c=""fffff2df""></T><T t=""加油！"" c=""fffff2df""></T>","1","1","","0","","","职业任务-挑战($Number$/$Number1$)","职业任务-挑战($Number$/$Number1$)","<T t=""去挑战"" c=""ff5f3e22""></T><T t=""$NPCName$"" c=""ff005b0f""></T><T t=""来"" c=""ff5f3e22""></T><T t=""证明自己"" c=""ff5f3e22""></T>","<T t=""去挑战"" c=""ff5f3e22""></T><T t=""$NPCName$"" c=""ff005b0f""></T><T t=""来"" c=""ff5f3e22""></T><T t=""证明自己"" c=""ff5f3e22""></T>","职业任务-挑战($Number$/$Number1$)","<T t=""去挑战"" c=""ff5f3e22""></T><T t=""$NPCName$"" c=""ff005b0f""></T><T t=""来"" c=""ff5f3e22""></T><T t=""证明自己"" c=""ff5f3e22""></T>","7","","8","","","","","1"
"1010015","1010000","师门挑战任务","7","67","","1","师门任务","师门任务•切磋($Number$/$Number1$)","<T t=""去和"" c=""ff8c5e2a""></T><T t=""$NPCName$"" c=""FF02972C""></T><T t=""进行友好切磋"" c=""ff8c5e2a""></T><T t=""来证明自己"" c=""ff8c5e2a""></T>","<T t=""去挑战"" c=""ff8c5e2a""></T><T t=""$NPCName$"" c=""FF02972C""></T><T t=""来"" c=""ff8c5e2a""></T><T t=""证明自己"" c=""ff8c5e2a""></T>","师门•切磋($Number$/$Number1$)","<T t=""去挑战"" c=""fffff2df""></T><T t=""$NPCName$"" c=""ff00ff00""></T><T t=""来证明自己，"" c=""fffff2df""></T><T t=""加油！"" c=""fffff2df""></T>","1","1","","0","","","职业任务-挑战($Number$/$Number1$)","职业任务-挑战($Number$/$Number1$)","<T t=""去挑战"" c=""ff5f3e22""></T><T t=""$NPCName$"" c=""ff005b0f""></T><T t=""来"" c=""ff5f3e22""></T><T t=""证明自己"" c=""ff5f3e22""></T>","<T t=""去挑战"" c=""ff5f3e22""></T><T t=""$NPCName$"" c=""ff005b0f""></T><T t=""来"" c=""ff5f3e22""></T><T t=""证明自己"" c=""ff5f3e22""></T>","职业任务-挑战($Number$/$Number1$)","<T t=""去挑战"" c=""ff5f3e22""></T><T t=""$NPCName$"" c=""ff005b0f""></T><T t=""来"" c=""ff5f3e22""></T><T t=""证明自己"" c=""ff5f3e22""></T>","7","","8","","","","","1"
"1010016","1010000","师门挑战任务","7","68","","1","师门任务","师门任务•切磋($Number$/$Number1$)","<T t=""去和"" c=""ff8c5e2a""></T><T t=""$NPCName$"" c=""FF02972C""></T><T t=""进行友好切磋"" c=""ff8c5e2a""></T><T t=""来证明自己"" c=""ff8c5e2a""></T>","<T t=""去挑战"" c=""ff8c5e2a""></T><T t=""$NPCName$"" c=""FF02972C""></T><T t=""来"" c=""ff8c5e2a""></T><T t=""证明自己"" c=""ff8c5e2a""></T>","师门•切磋($Number$/$Number1$)","<T t=""去挑战"" c=""fffff2df""></T><T t=""$NPCName$"" c=""ff00ff00""></T><T t=""来证明自己，"" c=""fffff2df""></T><T t=""加油！"" c=""fffff2df""></T>","1","1","","0","","","职业任务-挑战($Number$/$Number1$)","职业任务-挑战($Number$/$Number1$)","<T t=""去挑战"" c=""ff5f3e22""></T><T t=""$NPCName$"" c=""ff005b0f""></T><T t=""来"" c=""ff5f3e22""></T><T t=""证明自己"" c=""ff5f3e22""></T>","<T t=""去挑战"" c=""ff5f3e22""></T><T t=""$NPCName$"" c=""ff005b0f""></T><T t=""来"" c=""ff5f3e22""></T><T t=""证明自己"" c=""ff5f3e22""></T>","职业任务-挑战($Number$/$Number1$)","<T t=""去挑战"" c=""ff5f3e22""></T><T t=""$NPCName$"" c=""ff005b0f""></T><T t=""来"" c=""ff5f3e22""></T><T t=""证明自己"" c=""ff5f3e22""></T>","7","","8","","","","","1"
"1010017","1010000","师门挑战任务","7","69","","1","师门任务","师门任务•切磋($Number$/$Number1$)","<T t=""去和"" c=""ff8c5e2a""></T><T t=""$NPCName$"" c=""FF02972C""></T><T t=""进行友好切磋"" c=""ff8c5e2a""></T><T t=""来证明自己"" c=""ff8c5e2a""></T>","<T t=""去挑战"" c=""ff8c5e2a""></T><T t=""$NPCName$"" c=""FF02972C""></T><T t=""来"" c=""ff8c5e2a""></T><T t=""证明自己"" c=""ff8c5e2a""></T>","师门•切磋($Number$/$Number1$)","<T t=""去挑战"" c=""fffff2df""></T><T t=""$NPCName$"" c=""ff00ff00""></T><T t=""来证明自己，"" c=""fffff2df""></T><T t=""加油！"" c=""fffff2df""></T>","1","1","","0","","","职业任务-挑战($Number$/$Number1$)","职业任务-挑战($Number$/$Number1$)","<T t=""去挑战"" c=""ff5f3e22""></T><T t=""$NPCName$"" c=""ff005b0f""></T><T t=""来"" c=""ff5f3e22""></T><T t=""证明自己"" c=""ff5f3e22""></T>","<T t=""去挑战"" c=""ff5f3e22""></T><T t=""$NPCName$"" c=""ff005b0f""></T><T t=""来"" c=""ff5f3e22""></T><T t=""证明自己"" c=""ff5f3e22""></T>","职业任务-挑战($Number$/$Number1$)","<T t=""去挑战"" c=""ff5f3e22""></T><T t=""$NPCName$"" c=""ff005b0f""></T><T t=""来"" c=""ff5f3e22""></T><T t=""证明自己"" c=""ff5f3e22""></T>","7","","8","","","","","1"
"1010018","1010000","师门挑战任务","7","70","","1","师门任务","师门任务•切磋($Number$/$Number1$)","<T t=""去和"" c=""ff8c5e2a""></T><T t=""$NPCName$"" c=""FF02972C""></T><T t=""进行友好切磋"" c=""ff8c5e2a""></T><T t=""来证明自己"" c=""ff8c5e2a""></T>","<T t=""去挑战"" c=""ff8c5e2a""></T><T t=""$NPCName$"" c=""FF02972C""></T><T t=""来"" c=""ff8c5e2a""></T><T t=""证明自己"" c=""ff8c5e2a""></T>","师门•切磋($Number$/$Number1$)","<T t=""去挑战"" c=""fffff2df""></T><T t=""$NPCName$"" c=""ff00ff00""></T><T t=""来证明自己，"" c=""fffff2df""></T><T t=""加油！"" c=""fffff2df""></T>","1","1","","0","","","职业任务-挑战($Number$/$Number1$)","职业任务-挑战($Number$/$Number1$)","<T t=""去挑战"" c=""ff5f3e22""></T><T t=""$NPCName$"" c=""ff005b0f""></T><T t=""来"" c=""ff5f3e22""></T><T t=""证明自己"" c=""ff5f3e22""></T>","<T t=""去挑战"" c=""ff5f3e22""></T><T t=""$NPCName$"" c=""ff005b0f""></T><T t=""来"" c=""ff5f3e22""></T><T t=""证明自己"" c=""ff5f3e22""></T>","职业任务-挑战($Number$/$Number1$)","<T t=""去挑战"" c=""ff5f3e22""></T><T t=""$NPCName$"" c=""ff005b0f""></T><T t=""来"" c=""ff5f3e22""></T><T t=""证明自己"" c=""ff5f3e22""></T>","7","","8","","","","","1"
"1010019","1010000","师门挑战任务","7","71","","1","师门任务","师门任务•切磋($Number$/$Number1$)","<T t=""去和"" c=""ff8c5e2a""></T><T t=""$NPCName$"" c=""FF02972C""></T><T t=""进行友好切磋"" c=""ff8c5e2a""></T><T t=""来证明自己"" c=""ff8c5e2a""></T>","<T t=""去挑战"" c=""ff8c5e2a""></T><T t=""$NPCName$"" c=""FF02972C""></T><T t=""来"" c=""ff8c5e2a""></T><T t=""证明自己"" c=""ff8c5e2a""></T>","师门•切磋($Number$/$Number1$)","<T t=""去挑战"" c=""fffff2df""></T><T t=""$NPCName$"" c=""ff00ff00""></T><T t=""来证明自己，"" c=""fffff2df""></T><T t=""加油！"" c=""fffff2df""></T>","1","1","","0","","","职业任务-挑战($Number$/$Number1$)","职业任务-挑战($Number$/$Number1$)","<T t=""去挑战"" c=""ff5f3e22""></T><T t=""$NPCName$"" c=""ff005b0f""></T><T t=""来"" c=""ff5f3e22""></T><T t=""证明自己"" c=""ff5f3e22""></T>","<T t=""去挑战"" c=""ff5f3e22""></T><T t=""$NPCName$"" c=""ff005b0f""></T><T t=""来"" c=""ff5f3e22""></T><T t=""证明自己"" c=""ff5f3e22""></T>","职业任务-挑战($Number$/$Number1$)","<T t=""去挑战"" c=""ff5f3e22""></T><T t=""$NPCName$"" c=""ff005b0f""></T><T t=""来"" c=""ff5f3e22""></T><T t=""证明自己"" c=""ff5f3e22""></T>","7","","8","","","","","1"
"1010020","1010000","师门挑战任务","7","72","","1","师门任务","师门任务•切磋($Number$/$Number1$)","<T t=""去和"" c=""ff8c5e2a""></T><T t=""$NPCName$"" c=""FF02972C""></T><T t=""进行友好切磋"" c=""ff8c5e2a""></T><T t=""来证明自己"" c=""ff8c5e2a""></T>","<T t=""去挑战"" c=""ff8c5e2a""></T><T t=""$NPCName$"" c=""FF02972C""></T><T t=""来"" c=""ff8c5e2a""></T><T t=""证明自己"" c=""ff8c5e2a""></T>","师门•切磋($Number$/$Number1$)","<T t=""去挑战"" c=""fffff2df""></T><T t=""$NPCName$"" c=""ff00ff00""></T><T t=""来证明自己，"" c=""fffff2df""></T><T t=""加油！"" c=""fffff2df""></T>","1","1","","0","","","职业任务-挑战($Number$/$Number1$)","职业任务-挑战($Number$/$Number1$)","<T t=""去挑战"" c=""ff5f3e22""></T><T t=""$NPCName$"" c=""ff005b0f""></T><T t=""来"" c=""ff5f3e22""></T><T t=""证明自己"" c=""ff5f3e22""></T>","<T t=""去挑战"" c=""ff5f3e22""></T><T t=""$NPCName$"" c=""ff005b0f""></T><T t=""来"" c=""ff5f3e22""></T><T t=""证明自己"" c=""ff5f3e22""></T>","职业任务-挑战($Number$/$Number1$)","<T t=""去挑战"" c=""ff5f3e22""></T><T t=""$NPCName$"" c=""ff005b0f""></T><T t=""来"" c=""ff5f3e22""></T><T t=""证明自己"" c=""ff5f3e22""></T>","7","","8","","","","","1"
"1010021","1010000","师门挑战任务","7","73","","1","师门任务","师门任务•切磋($Number$/$Number1$)","<T t=""去和"" c=""ff8c5e2a""></T><T t=""$NPCName$"" c=""FF02972C""></T><T t=""进行友好切磋"" c=""ff8c5e2a""></T><T t=""来证明自己"" c=""ff8c5e2a""></T>","<T t=""去挑战"" c=""ff8c5e2a""></T><T t=""$NPCName$"" c=""FF02972C""></T><T t=""来"" c=""ff8c5e2a""></T><T t=""证明自己"" c=""ff8c5e2a""></T>","师门•切磋($Number$/$Number1$)","<T t=""去挑战"" c=""fffff2df""></T><T t=""$NPCName$"" c=""ff00ff00""></T><T t=""来证明自己，"" c=""fffff2df""></T><T t=""加油！"" c=""fffff2df""></T>","1","1","","0","","","职业任务-挑战($Number$/$Number1$)","职业任务-挑战($Number$/$Number1$)","<T t=""去挑战"" c=""ff5f3e22""></T><T t=""$NPCName$"" c=""ff005b0f""></T><T t=""来"" c=""ff5f3e22""></T><T t=""证明自己"" c=""ff5f3e22""></T>","<T t=""去挑战"" c=""ff5f3e22""></T><T t=""$NPCName$"" c=""ff005b0f""></T><T t=""来"" c=""ff5f3e22""></T><T t=""证明自己"" c=""ff5f3e22""></T>","职业任务-挑战($Number$/$Number1$)","<T t=""去挑战"" c=""ff5f3e22""></T><T t=""$NPCName$"" c=""ff005b0f""></T><T t=""来"" c=""ff5f3e22""></T><T t=""证明自己"" c=""ff5f3e22""></T>","7","","8","","","","","1"
"1010022","1010000","师门挑战任务","7","74","","1","师门任务","师门任务•切磋($Number$/$Number1$)","<T t=""去和"" c=""ff8c5e2a""></T><T t=""$NPCName$"" c=""FF02972C""></T><T t=""进行友好切磋"" c=""ff8c5e2a""></T><T t=""来证明自己"" c=""ff8c5e2a""></T>","<T t=""去挑战"" c=""ff8c5e2a""></T><T t=""$NPCName$"" c=""FF02972C""></T><T t=""来"" c=""ff8c5e2a""></T><T t=""证明自己"" c=""ff8c5e2a""></T>","师门•切磋($Number$/$Number1$)","<T t=""去挑战"" c=""fffff2df""></T><T t=""$NPCName$"" c=""ff00ff00""></T><T t=""来证明自己，"" c=""fffff2df""></T><T t=""加油！"" c=""fffff2df""></T>","1","1","","0","","","职业任务-挑战($Number$/$Number1$)","职业任务-挑战($Number$/$Number1$)","<T t=""去挑战"" c=""ff5f3e22""></T><T t=""$NPCName$"" c=""ff005b0f""></T><T t=""来"" c=""ff5f3e22""></T><T t=""证明自己"" c=""ff5f3e22""></T>","<T t=""去挑战"" c=""ff5f3e22""></T><T t=""$NPCName$"" c=""ff005b0f""></T><T t=""来"" c=""ff5f3e22""></T><T t=""证明自己"" c=""ff5f3e22""></T>","职业任务-挑战($Number$/$Number1$)","<T t=""去挑战"" c=""ff5f3e22""></T><T t=""$NPCName$"" c=""ff005b0f""></T><T t=""来"" c=""ff5f3e22""></T><T t=""证明自己"" c=""ff5f3e22""></T>","7","","8","","","","","1"
"1030001","1030000","抓鬼任务1","7","14","","161501","捉鬼任务","捉鬼($Number$/$Number1$)","<T t=""捉拿"" c=""ff8c5e2a""></T><T t=""$NPCName$"" c=""FF02972C""></T>","<T t=""帮钟馗捉拿"" c=""ff8c5e2a""></T><T t=""$NPCName$"" c=""FF02972C""></T><T t=""不要让它在外面胡作非为"" c=""ff8c5e2a""></T>","捉鬼($Number$/$Number1$)","<T t=""前往"" c=""fffff2df""></T><T t=""$MapName$"" c=""ff00ff00""></T><T t=""捉拿"" c=""fffff2df""></T><T t=""$NPCName$"" c=""ff00ff00""></T><T t=""。"" c=""fffff2df""></T>","1","1","","0","","","捉鬼任务","捉鬼($Number$/$Number1$)","<T t=""捉拿"" c=""ff5f3e22""></T><T t=""$NPCName$"" c=""ff005b0f""></T>","<T t=""捉拿"" c=""ff5f3e22""></T><T t=""$NPCName$"" c=""ff005b0f""></T><T t=""让他知道什么叫法网恢恢疏而不漏"" c=""ff5f3e22""></T>","捉鬼($Number$/$Number1$)","<T t=""前往"" c=""ff5f3e22""></T><T t=""$MapName$"" c=""ff005b0f""></T><T t=""捉拿"" c=""ff5f3e22""></T><T t=""$NPCName$"" c=""ff005b0f""></T><T t=""。"" c=""ff5f3e22""></T>","10","","","","","","","1"
"1030002","1030000","抓鬼任务1","7","15","","161501","捉鬼任务","捉鬼($Number$/$Number1$)","<T t=""捉拿"" c=""ff8c5e2a""></T><T t=""$NPCName$"" c=""FF02972C""></T>","<T t=""帮钟馗捉拿"" c=""ff8c5e2a""></T><T t=""$NPCName$"" c=""FF02972C""></T><T t=""不要让它在外面胡作非为"" c=""ff8c5e2a""></T>","捉鬼($Number$/$Number1$)","<T t=""前往"" c=""fffff2df""></T><T t=""$MapName$"" c=""ff00ff00""></T><T t=""捉拿"" c=""fffff2df""></T><T t=""$NPCName$"" c=""ff00ff00""></T><T t=""。"" c=""fffff2df""></T>","1","1","","0","","","捉鬼任务","捉鬼($Number$/$Number1$)","<T t=""捉拿"" c=""ff5f3e22""></T><T t=""$NPCName$"" c=""ff005b0f""></T>","<T t=""捉拿"" c=""ff5f3e22""></T><T t=""$NPCName$"" c=""ff005b0f""></T><T t=""让他知道什么叫法网恢恢疏而不漏"" c=""ff5f3e22""></T>","捉鬼($Number$/$Number1$)","<T t=""前往"" c=""ff5f3e22""></T><T t=""$MapName$"" c=""ff005b0f""></T><T t=""捉拿"" c=""ff5f3e22""></T><T t=""$NPCName$"" c=""ff005b0f""></T><T t=""。"" c=""ff5f3e22""></T>","10","","","","","","","1"
"1030003","1030000","抓鬼任务3","7","16","","161501","捉鬼任务","捉鬼($Number$/$Number1$)","<T t=""捉拿"" c=""ff8c5e2a""></T><T t=""$NPCName$"" c=""FF02972C""></T>","<T t=""帮钟馗捉拿"" c=""ff8c5e2a""></T><T t=""$NPCName$"" c=""FF02972C""></T><T t=""不要让它在外面胡作非为"" c=""ff8c5e2a""></T>","捉鬼($Number$/$Number1$)","<T t=""前往"" c=""fffff2df""></T><T t=""$MapName$"" c=""ff00ff00""></T><T t=""捉拿"" c=""fffff2df""></T><T t=""$NPCName$"" c=""ff00ff00""></T><T t=""。"" c=""fffff2df""></T>","1","1","","0","","","捉鬼任务","捉鬼($Number$/$Number1$)","<T t=""捉拿"" c=""ff5f3e22""></T><T t=""$NPCName$"" c=""ff005b0f""></T>","<T t=""捉拿"" c=""ff5f3e22""></T><T t=""$NPCName$"" c=""ff005b0f""></T><T t=""让他知道什么叫法网恢恢疏而不漏"" c=""ff5f3e22""></T>","捉鬼($Number$/$Number1$)","<T t=""前往"" c=""ff5f3e22""></T><T t=""$MapName$"" c=""ff005b0f""></T><T t=""捉拿"" c=""ff5f3e22""></T><T t=""$NPCName$"" c=""ff005b0f""></T><T t=""。"" c=""ff5f3e22""></T>","10","","","","","","","1"
"1030004","1030000","抓鬼任务4","7","17","","161501","捉鬼任务","捉鬼($Number$/$Number1$)","<T t=""捉拿"" c=""ff8c5e2a""></T><T t=""$NPCName$"" c=""FF02972C""></T>","<T t=""帮钟馗捉拿"" c=""ff8c5e2a""></T><T t=""$NPCName$"" c=""FF02972C""></T><T t=""不要让它在外面胡作非为"" c=""ff8c5e2a""></T>","捉鬼($Number$/$Number1$)","<T t=""前往"" c=""fffff2df""></T><T t=""$MapName$"" c=""ff00ff00""></T><T t=""捉拿"" c=""fffff2df""></T><T t=""$NPCName$"" c=""ff00ff00""></T><T t=""。"" c=""fffff2df""></T>","1","1","","0","","","捉鬼任务","捉鬼($Number$/$Number1$)","<T t=""捉拿"" c=""ff5f3e22""></T><T t=""$NPCName$"" c=""ff005b0f""></T>","<T t=""捉拿"" c=""ff5f3e22""></T><T t=""$NPCName$"" c=""ff005b0f""></T><T t=""让他知道什么叫法网恢恢疏而不漏"" c=""ff5f3e22""></T>","捉鬼($Number$/$Number1$)","<T t=""前往"" c=""ff5f3e22""></T><T t=""$MapName$"" c=""ff005b0f""></T><T t=""捉拿"" c=""ff5f3e22""></T><T t=""$NPCName$"" c=""ff005b0f""></T><T t=""。"" c=""ff5f3e22""></T>","10","","","","","","","1"
"1030005","1030000","抓鬼任务5","7","18","","161501","捉鬼任务","捉鬼($Number$/$Number1$)","<T t=""捉拿"" c=""ff8c5e2a""></T><T t=""$NPCName$"" c=""FF02972C""></T>","<T t=""帮钟馗捉拿"" c=""ff8c5e2a""></T><T t=""$NPCName$"" c=""FF02972C""></T><T t=""不要让它在外面胡作非为"" c=""ff8c5e2a""></T>","捉鬼($Number$/$Number1$)","<T t=""前往"" c=""fffff2df""></T><T t=""$MapName$"" c=""ff00ff00""></T><T t=""捉拿"" c=""fffff2df""></T><T t=""$NPCName$"" c=""ff00ff00""></T><T t=""。"" c=""fffff2df""></T>","1","1","","0","","","捉鬼任务","捉鬼($Number$/$Number1$)","<T t=""捉拿"" c=""ff5f3e22""></T><T t=""$NPCName$"" c=""ff005b0f""></T>","<T t=""捉拿"" c=""ff5f3e22""></T><T t=""$NPCName$"" c=""ff005b0f""></T><T t=""让他知道什么叫法网恢恢疏而不漏"" c=""ff5f3e22""></T>","捉鬼($Number$/$Number1$)","<T t=""前往"" c=""ff5f3e22""></T><T t=""$MapName$"" c=""ff005b0f""></T><T t=""捉拿"" c=""ff5f3e22""></T><T t=""$NPCName$"" c=""ff005b0f""></T><T t=""。"" c=""ff5f3e22""></T>","10","","","","","","","1"
"1030006","1030000","抓鬼任务6","7","19","","161501","捉鬼任务","捉鬼($Number$/$Number1$)","<T t=""捉拿"" c=""ff8c5e2a""></T><T t=""$NPCName$"" c=""FF02972C""></T>","<T t=""帮钟馗捉拿"" c=""ff8c5e2a""></T><T t=""$NPCName$"" c=""FF02972C""></T><T t=""不要让它在外面胡作非为"" c=""ff8c5e2a""></T>","捉鬼($Number$/$Number1$)","<T t=""前往"" c=""fffff2df""></T><T t=""$MapName$"" c=""ff00ff00""></T><T t=""捉拿"" c=""fffff2df""></T><T t=""$NPCName$"" c=""ff00ff00""></T><T t=""。"" c=""fffff2df""></T>","1","1","","0","","","捉鬼任务","捉鬼($Number$/$Number1$)","<T t=""捉拿"" c=""ff5f3e22""></T><T t=""$NPCName$"" c=""ff005b0f""></T>","<T t=""捉拿"" c=""ff5f3e22""></T><T t=""$NPCName$"" c=""ff005b0f""></T><T t=""让他知道什么叫法网恢恢疏而不漏"" c=""ff5f3e22""></T>","捉鬼($Number$/$Number1$)","<T t=""前往"" c=""ff5f3e22""></T><T t=""$MapName$"" c=""ff005b0f""></T><T t=""捉拿"" c=""ff5f3e22""></T><T t=""$NPCName$"" c=""ff005b0f""></T><T t=""。"" c=""ff5f3e22""></T>","10","","","","","","","1"
"1030007","1030000","抓鬼任务7","7","20","","161501","捉鬼任务","捉鬼($Number$/$Number1$)","<T t=""捉拿"" c=""ff8c5e2a""></T><T t=""$NPCName$"" c=""FF02972C""></T>","<T t=""帮钟馗捉拿"" c=""ff8c5e2a""></T><T t=""$NPCName$"" c=""FF02972C""></T><T t=""不要让它在外面胡作非为"" c=""ff8c5e2a""></T>","捉鬼($Number$/$Number1$)","<T t=""前往"" c=""fffff2df""></T><T t=""$MapName$"" c=""ff00ff00""></T><T t=""捉拿"" c=""fffff2df""></T><T t=""$NPCName$"" c=""ff00ff00""></T><T t=""。"" c=""fffff2df""></T>","1","1","","0","","","捉鬼任务","捉鬼($Number$/$Number1$)","<T t=""捉拿"" c=""ff5f3e22""></T><T t=""$NPCName$"" c=""ff005b0f""></T>","<T t=""捉拿"" c=""ff5f3e22""></T><T t=""$NPCName$"" c=""ff005b0f""></T><T t=""让他知道什么叫法网恢恢疏而不漏"" c=""ff5f3e22""></T>","捉鬼($Number$/$Number1$)","<T t=""前往"" c=""ff5f3e22""></T><T t=""$MapName$"" c=""ff005b0f""></T><T t=""捉拿"" c=""ff5f3e22""></T><T t=""$NPCName$"" c=""ff005b0f""></T><T t=""。"" c=""ff5f3e22""></T>","10","","","","","","","1"
"1030008","1030000","抓鬼任务8","7","21","","161501","捉鬼任务","捉鬼($Number$/$Number1$)","<T t=""捉拿"" c=""ff8c5e2a""></T><T t=""$NPCName$"" c=""FF02972C""></T>","<T t=""帮钟馗捉拿"" c=""ff8c5e2a""></T><T t=""$NPCName$"" c=""FF02972C""></T><T t=""不要让它在外面胡作非为"" c=""ff8c5e2a""></T>","捉鬼($Number$/$Number1$)","<T t=""前往"" c=""fffff2df""></T><T t=""$MapName$"" c=""ff00ff00""></T><T t=""捉拿"" c=""fffff2df""></T><T t=""$NPCName$"" c=""ff00ff00""></T><T t=""。"" c=""fffff2df""></T>","1","1","","0","","","捉鬼任务","捉鬼($Number$/$Number1$)","<T t=""捉拿"" c=""ff5f3e22""></T><T t=""$NPCName$"" c=""ff005b0f""></T>","<T t=""捉拿"" c=""ff5f3e22""></T><T t=""$NPCName$"" c=""ff005b0f""></T><T t=""让他知道什么叫法网恢恢疏而不漏"" c=""ff5f3e22""></T>","捉鬼($Number$/$Number1$)","<T t=""前往"" c=""ff5f3e22""></T><T t=""$MapName$"" c=""ff005b0f""></T><T t=""捉拿"" c=""ff5f3e22""></T><T t=""$NPCName$"" c=""ff005b0f""></T><T t=""。"" c=""ff5f3e22""></T>","10","","","","","","","1"
"1030009","1030000","抓鬼任务9","7","22","","161501","捉鬼任务","捉鬼($Number$/$Number1$)","<T t=""捉拿"" c=""ff8c5e2a""></T><T t=""$NPCName$"" c=""FF02972C""></T>","<T t=""帮钟馗捉拿"" c=""ff8c5e2a""></T><T t=""$NPCName$"" c=""FF02972C""></T><T t=""不要让它在外面胡作非为"" c=""ff8c5e2a""></T>","捉鬼($Number$/$Number1$)","<T t=""前往"" c=""fffff2df""></T><T t=""$MapName$"" c=""ff00ff00""></T><T t=""捉拿"" c=""fffff2df""></T><T t=""$NPCName$"" c=""ff00ff00""></T><T t=""。"" c=""fffff2df""></T>","1","1","","0","","","捉鬼任务","捉鬼($Number$/$Number1$)","<T t=""捉拿"" c=""ff5f3e22""></T><T t=""$NPCName$"" c=""ff005b0f""></T>","<T t=""捉拿"" c=""ff5f3e22""></T><T t=""$NPCName$"" c=""ff005b0f""></T><T t=""让他知道什么叫法网恢恢疏而不漏"" c=""ff5f3e22""></T>","捉鬼($Number$/$Number1$)","<T t=""前往"" c=""ff5f3e22""></T><T t=""$MapName$"" c=""ff005b0f""></T><T t=""捉拿"" c=""ff5f3e22""></T><T t=""$NPCName$"" c=""ff005b0f""></T><T t=""。"" c=""ff5f3e22""></T>","10","","","","","","","1"
"1030010","1030000","抓鬼任务10","7","23","","161501","捉鬼任务","捉鬼($Number$/$Number1$)","<T t=""捉拿"" c=""ff8c5e2a""></T><T t=""$NPCName$"" c=""FF02972C""></T>","<T t=""帮钟馗捉拿"" c=""ff8c5e2a""></T><T t=""$NPCName$"" c=""FF02972C""></T><T t=""不要让它在外面胡作非为"" c=""ff8c5e2a""></T>","捉鬼($Number$/$Number1$)","<T t=""前往"" c=""fffff2df""></T><T t=""$MapName$"" c=""ff00ff00""></T><T t=""捉拿"" c=""fffff2df""></T><T t=""$NPCName$"" c=""ff00ff00""></T><T t=""。"" c=""fffff2df""></T>","1","1","","0","","","捉鬼任务","捉鬼($Number$/$Number1$)","<T t=""捉拿"" c=""ff5f3e22""></T><T t=""$NPCName$"" c=""ff005b0f""></T>","<T t=""捉拿"" c=""ff5f3e22""></T><T t=""$NPCName$"" c=""ff005b0f""></T><T t=""让他知道什么叫法网恢恢疏而不漏"" c=""ff5f3e22""></T>","捉鬼($Number$/$Number1$)","<T t=""前往"" c=""ff5f3e22""></T><T t=""$MapName$"" c=""ff005b0f""></T><T t=""捉拿"" c=""ff5f3e22""></T><T t=""$NPCName$"" c=""ff005b0f""></T><T t=""。"" c=""ff5f3e22""></T>","10","","","","","","","1"
"1030011","1030000","鬼王-后续加入","7","24","","161501","捉鬼任务","捉鬼($Number$/$Number1$)","<T t=""捉拿"" c=""ff8c5e2a""></T><T t=""$NPCName$"" c=""FF02972C""></T>","<T t=""帮钟馗捉拿"" c=""ff8c5e2a""></T><T t=""$NPCName$"" c=""FF02972C""></T><T t=""不要让它在外面胡作非为"" c=""ff8c5e2a""></T>","捉鬼($Number$/$Number1$)","<T t=""捉拿"" c=""fffff2df""></T><T t=""$NPCName$"" c=""ff00ff00""></T><T t=""不要让它在外面胡作非为，吓到小朋友就不好了。"" c=""fffff2df""></T>","1","1","","0","","","捉鬼任务","捉鬼($Number$/$Number1$)","<T t=""捉拿"" c=""ff5f3e22""></T><T t=""$NPCName$"" c=""ff005b0f""></T>","<T t=""捉拿"" c=""ff5f3e22""></T><T t=""$NPCName$"" c=""ff005b0f""></T><T t=""让他知道什么叫法网恢恢疏而不漏"" c=""ff5f3e22""></T>","捉鬼($Number$/$Number1$)","<T t=""前往"" c=""ff5f3e22""></T><T t=""$MapName$"" c=""ff005b0f""></T><T t=""捉拿"" c=""ff5f3e22""></T><T t=""$NPCName$"" c=""ff005b0f""></T><T t=""。"" c=""ff5f3e22""></T>","10","","","","","","","1"
"1050001","1050000","平定安邦","8","1","","0","平定安邦","平定安邦","<T t=""组队击杀"" c=""ff8c5e2a""></T><T t=""（$Number$/$Number1$）"" c=""FF02972C""></T><T t=""怪物"" c=""ff8c5e2a""></T>","<T t=""与好友组队在任意战斗中击杀"" c=""ff8c5e2a""></T><T t=""（$Number$/$Number1$）"" c=""FF02972C""></T><T t=""怪物"" c=""ff5f3e22""></T><T t=""。"" c=""ff8c5e2a""></T>","平定安邦","<T t=""与好友组队下随意战斗中击杀"" c=""fffff2df""></T><T t=""（$Number$/$Number1$）"" c=""ff00ff00""></T><T t=""怪物"" c=""fffff2df""></T>","1","1","","0","","","好友试炼","好友试炼","<T t=""与好友组队在任意战斗中击杀"" c=""ff5f3e22""></T><T t=""（$Number$/$Number1$）"" c=""ff005b0f""></T><T t=""怪物"" c=""ff5f3e22""></T>","<T t=""与好友组队在任意战斗中击杀"" c=""ff5f3e22""></T><T t=""（$Number$/$Number1$）"" c=""ff005b0f""></T><T t=""怪物"" c=""ff5f3e22""></T><T t=""真正的勇士，从来都是用战绩说话"" c=""ff5f3e22""></T>","好友试炼","<T t=""与好友组队在任意战斗中击杀"" c=""ff5f3e22""></T><T t=""（$Number$/$Number1$）"" c=""ff005b0f""></T><T t=""怪物"" c=""ff5f3e22""></T>","11","","","150543","","","","1"
"1060001","1060000","帮派青龙任务-收集1级宝石","4","47","","161301","帮派任务","帮派•物资($Number$/$Number1$)","<T t=""寻找一颗"" c=""ff8c5e2a""></T><T t=""$ItemName$"" c=""FF02972C""></T><T t=""交给青龙总管"" c=""ff8c5e2a""></T>","<T t=""寻找一颗"" c=""ff8c5e2a""></T><T t=""$ItemName$"" c=""FF02972C""></T><T t=""交给青龙总管"" c=""ff8c5e2a""></T><T t=""(拥有$Number2$/$Number3$)"" c=""FF02972C""></T><T t=""。"" c=""ff8c5e2a""></T>","帮派•物资($Number$/$Number1$)","<T t=""寻找一颗"" c=""fffff2df""></T><T t=""$ItemName$"" c=""ff00ff00""></T><T t=""交给青龙总管"" c=""fffff2df""></T><T t=""(拥有$Number2$/$Number3$)"" c=""ff00ff00""></T>","1","1","11@161301,12@161301,13@161301,14@161301,15@161301,16@161301,17@161301,18@161301,19@161301,21@161301,24@161301,25@161301,22@161301","0","","","帮派•物资($Number$/$Number1$)","帮派•物资($Number$/$Number1$)","<T t=""去找个"" c=""ff5f3e22""></T><T t=""$ItemName$"" c=""ff005b0f""></T><T t=""来"" c=""ff5f3e22""></T>","<T t=""沉鱼让你去找个"" c=""ff5f3e22""></T><T t=""$ItemName$"" c=""ff005b0f""></T><T t=""来"" c=""ff5f3e22""></T><T t=""(拥有$Number2$/$Number3$)"" c=""ff005b0f""></T><T t=""亮晶晶的石头什么的最有爱了"" c=""ff5f3e22""></T>","沉鱼-物资($Number$/$Number1$)","<T t=""沉鱼让你去找个"" c=""ff5f3e22""></T><T t=""$ItemName$"" c=""ff005b0f""></T><T t=""来"" c=""ff5f3e22""></T><T t=""(拥有$Number2$/$Number3$)"" c=""ff005b0f""></T>","7","","27","193124","5611","","","1"
"1060002","1060000","帮派青龙任务-收集40级精铁","4","48","","161301","帮派任务","帮派•物资($Number$/$Number1$)","<T t=""去寻个"" c=""ff8c5e2a""></T><T t=""$ItemName$"" c=""FF02972C""></T><T t=""交给青龙总管"" c=""ff8c5e2a""></T>","<T t=""前去寻找"" c=""ff8c5e2a""></T><T t=""$ItemName$"" c=""FF02972C""></T><T t=""交给青龙总管"" c=""ff8c5e2a""></T><T t=""(拥有$Number2$/$Number3$)"" c=""FF02972C""></T><T t=""。"" c=""ff8c5e2a""></T>","帮派•物资($Number$/$Number1$)","<T t=""寻找一块"" c=""fffff2df""></T><T t=""40级$ItemName$"" c=""ff00ff00""></T><T t=""交给青龙总管"" c=""fffff2df""></T><T t=""(拥有$Number2$/$Number3$)"" c=""ff00ff00""></T>","1","1","11@161301,12@161301,13@161301,14@161301,15@161301,16@161301,17@161301,18@161301,19@161301,21@161301,24@161301,25@161301,22@161301","0","","","帮派•物资($Number$/$Number1$)","帮派•物资($Number$/$Number1$)","<T t=""去找个"" c=""ff5f3e22""></T><T t=""$ItemName$"" c=""ff005b0f""></T><T t=""来"" c=""ff5f3e22""></T>","<T t=""闭月让你去找个"" c=""ff5f3e22""></T><T t=""$ItemName$"" c=""ff005b0f""></T><T t=""来"" c=""ff5f3e22""></T><T t=""(拥有$Number2$/$Number3$)"" c=""ff005b0f""></T><T t=""上交高于$Number4$品质，可以获得额外奖励"" c=""ff005b0f""></T><T t=""兵马未动粮草先行，这是要和谁开战吗？"" c=""ff5f3e22""></T>","闭月-粮草($Number$/$Number1$)","<T t=""闭月让你去找个"" c=""ff5f3e22""></T><T t=""$ItemName$"" c=""ff005b0f""></T><T t=""来"" c=""ff5f3e22""></T><T t=""(拥有$Number2$/$Number3$)"" c=""ff005b0f""></T><T t=""上交高于$Number4$品质，可以获得额外奖励"" c=""ff005b0f""></T>","7","","27","193124","5612","","","1"
"1060003","1060000","帮派青龙任务-收集50级精铁","4","49","","161301","帮派任务","帮派•物资($Number$/$Number1$)","<T t=""去寻个"" c=""ff8c5e2a""></T><T t=""$ItemName$"" c=""FF02972C""></T><T t=""交给青龙总管"" c=""ff8c5e2a""></T>","<T t=""前去寻找"" c=""ff8c5e2a""></T><T t=""$ItemName$"" c=""FF02972C""></T><T t=""交给青龙总管"" c=""ff8c5e2a""></T><T t=""(拥有$Number2$/$Number3$)"" c=""FF02972C""></T><T t=""。"" c=""ff8c5e2a""></T>","帮派•物资($Number$/$Number1$)","<T t=""寻找一块"" c=""fffff2df""></T><T t=""50级$ItemName$"" c=""ff00ff00""></T><T t=""交给青龙总管"" c=""fffff2df""></T><T t=""(拥有$Number2$/$Number3$)"" c=""ff00ff00""></T>","1","1","11@161301,12@161301,13@161301,14@161301,15@161301,16@161301,17@161301,18@161301,19@161301,21@161301,24@161301,25@161301,22@161301","0","","","帮派•物资($Number$/$Number1$)","帮派•物资($Number$/$Number1$)","<T t=""去找个"" c=""ff5f3e22""></T><T t=""$ItemName$"" c=""ff005b0f""></T><T t=""来"" c=""ff5f3e22""></T>","<T t=""闭月让你去找个"" c=""ff5f3e22""></T><T t=""$ItemName$"" c=""ff005b0f""></T><T t=""来"" c=""ff5f3e22""></T><T t=""(拥有$Number2$/$Number3$)"" c=""ff005b0f""></T><T t=""上交高于$Number4$品质，可以获得额外奖励"" c=""ff005b0f""></T><T t=""兵马未动粮草先行，这是要和谁开战吗？"" c=""ff5f3e22""></T>","闭月-粮草($Number$/$Number1$)","<T t=""闭月让你去找个"" c=""ff5f3e22""></T><T t=""$ItemName$"" c=""ff005b0f""></T><T t=""来"" c=""ff5f3e22""></T><T t=""(拥有$Number2$/$Number3$)"" c=""ff005b0f""></T><T t=""上交高于$Number4$品质，可以获得额外奖励"" c=""ff005b0f""></T>","7","","27","193124","5613","","","1"
"1060004","1060000","帮派青龙任务-收集40级环装","4","50","","161301","帮派任务","帮派•物资($Number$/$Number1$)","<T t=""去寻个"" c=""ff8c5e2a""></T><T t=""$ItemName$"" c=""FF02972C""></T><T t=""交给青龙总管"" c=""ff8c5e2a""></T>","<T t=""前去寻找"" c=""ff8c5e2a""></T><T t=""$ItemName$"" c=""FF02972C""></T><T t=""交给青龙总管"" c=""ff8c5e2a""></T><T t=""(拥有$Number2$/$Number3$)"" c=""FF02972C""></T><T t=""。"" c=""ff8c5e2a""></T>","帮派•物资($Number$/$Number1$)","<T t=""寻找一件"" c=""fffff2df""></T><T t=""$ItemName$"" c=""ff00ff00""></T><T t=""交给青龙总管"" c=""fffff2df""></T><T t=""(拥有$Number2$/$Number3$)"" c=""ff00ff00""></T>","1","1","11@161301,12@161301,13@161301,14@161301,15@161301,16@161301,17@161301,18@161301,19@161301,21@161301,24@161301,25@161301,22@161301","0","","","帮派•物资($Number$/$Number1$)","帮派•物资($Number$/$Number1$)","<T t=""去找个"" c=""ff5f3e22""></T><T t=""$ItemName$"" c=""ff005b0f""></T><T t=""来"" c=""ff5f3e22""></T>","<T t=""羞花让你去找个"" c=""ff5f3e22""></T><T t=""$ItemName$"" c=""ff005b0f""></T><T t=""来"" c=""ff5f3e22""></T><T t=""(拥有$Number2$/$Number3$)"" c=""ff005b0f""></T><T t=""上交高于$Number4$品质，可以获得额外奖励"" c=""ff005b0f""></T><T t=""兵马未动粮草先行，这是要和谁开战吗？"" c=""ff5f3e22""></T>","羞花-战备($Number$/$Number1$)","<T t=""羞花让你去找个"" c=""ff5f3e22""></T><T t=""$ItemName$"" c=""ff005b0f""></T><T t=""来"" c=""ff5f3e22""></T><T t=""(拥有$Number2$/$Number3$)"" c=""ff005b0f""></T><T t=""上交高于$Number4$品质，可以获得额外奖励"" c=""ff005b0f""></T>","7","","27","193124","5614","","","1"
"1060005","1060000","帮派青龙任务-收集50级环装","4","51","","161301","帮派任务","帮派•物资($Number$/$Number1$)","<T t=""去寻个"" c=""ff8c5e2a""></T><T t=""$ItemName$"" c=""FF02972C""></T><T t=""交给青龙总管"" c=""ff8c5e2a""></T>","<T t=""前去寻找"" c=""ff8c5e2a""></T><T t=""$ItemName$"" c=""FF02972C""></T><T t=""交给青龙总管"" c=""ff8c5e2a""></T><T t=""(拥有$Number2$/$Number3$)"" c=""FF02972C""></T><T t=""。"" c=""ff8c5e2a""></T>","帮派•物资($Number$/$Number1$)","<T t=""寻找一件"" c=""fffff2df""></T><T t=""$ItemName$"" c=""ff00ff00""></T><T t=""交给青龙总管"" c=""fffff2df""></T><T t=""(拥有$Number2$/$Number3$)"" c=""ff00ff00""></T>","1","1","11@161301,12@161301,13@161301,14@161301,15@161301,16@161301,17@161301,18@161301,19@161301,21@161301,24@161301,25@161301,22@161301","0","","","帮派•物资($Number$/$Number1$)","帮派•物资($Number$/$Number1$)","<T t=""去寻找"" c=""ff5f3e22""></T><T t=""$ItemName$"" c=""ff005b0f""></T><T t=""来"" c=""ff5f3e22""></T>","<T t=""沉鱼让你去寻找"" c=""ff5f3e22""></T><T t=""$ItemName$"" c=""ff005b0f""></T><T t=""来"" c=""ff5f3e22""></T><T t=""(拥有$Number2$/$Number3$)"" c=""ff005b0f""></T><T t=""人吗！难免有个头疼脑热的"" c=""ff5f3e22""></T>","沉鱼-药材($Number$/$Number1$)","<T t=""沉鱼让你去寻找"" c=""ff5f3e22""></T><T t=""$ItemName$"" c=""ff005b0f""></T><T t=""来"" c=""ff5f3e22""></T><T t=""(拥有$Number2$/$Number3$)"" c=""ff005b0f""></T><T t=""人吗！难免有个头疼脑热的"" c=""ff5f3e22""></T>","7","","27","193124","5615","","","1"
"1060006","1060000","帮派青龙任务-收集烹饪","4","52","","161301","帮派任务","帮派•物资($Number$/$Number1$)","<T t=""去寻个"" c=""ff8c5e2a""></T><T t=""$ItemName$"" c=""FF02972C""></T><T t=""交给青龙总管"" c=""ff8c5e2a""></T>","<T t=""前去寻找"" c=""ff8c5e2a""></T><T t=""$ItemName$"" c=""FF02972C""></T><T t=""交给青龙总管"" c=""ff8c5e2a""></T><T t=""(拥有$Number2$/$Number3$)"" c=""FF02972C""></T><T t=""上交烹饪，可额外获得帮贡。"" c=""ff8c5e2a""></T>","帮派•物资($Number$/$Number1$)","<T t=""寻找"" c=""fffff2df""></T><T t=""$ItemName$"" c=""ff00ff00""></T><T t=""交给青龙总管"" c=""fffff2df""></T><T t=""(拥有$Number2$/$Number3$)"" c=""ff00ff00""></T><T t=""可获得双倍帮贡。"" c=""fffff2df""></T>","1","1","11@161301,12@161301,13@161301,14@161301,15@161301,16@161301,17@161301,18@161301,19@161301,21@161301,24@161301,25@161301,22@161301","0","","","帮派•物资($Number$/$Number1$)","帮派•物资($Number$/$Number1$)","<T t=""去找个"" c=""ff5f3e22""></T><T t=""$ItemName$"" c=""ff005b0f""></T><T t=""来"" c=""ff5f3e22""></T>","<T t=""闭月让你去找个"" c=""ff5f3e22""></T><T t=""$ItemName$"" c=""ff005b0f""></T><T t=""来"" c=""ff5f3e22""></T><T t=""(拥有$Number2$/$Number3$)"" c=""ff005b0f""></T><T t=""看来公会也不富裕啊！"" c=""ff5f3e22""></T>","闭月-军备($Number$/$Number1$)","<T t=""闭月让你去找个"" c=""ff5f3e22""></T><T t=""$ItemName$"" c=""ff005b0f""></T><T t=""来"" c=""ff5f3e22""></T><T t=""(拥有$Number2$/$Number3$)"" c=""ff005b0f""></T>","7","","27","193124","5616","","","1"
"1060007","1060000","帮派青龙任务-收集药物","4","53","","161301","帮派任务","帮派•物资($Number$/$Number1$)","<T t=""去寻个"" c=""ff8c5e2a""></T><T t=""$ItemName$"" c=""FF02972C""></T><T t=""交给青龙总管"" c=""ff8c5e2a""></T>","<T t=""前去寻找"" c=""ff8c5e2a""></T><T t=""$ItemName$"" c=""FF02972C""></T><T t=""交给青龙总管"" c=""ff8c5e2a""></T><T t=""(拥有$Number2$/$Number3$)"" c=""FF02972C""></T><T t=""上交药物，可额外获得帮贡。"" c=""ff8c5e2a""></T>","帮派•物资($Number$/$Number1$)","<T t=""寻找"" c=""fffff2df""></T><T t=""$ItemName$"" c=""ff00ff00""></T><T t=""交给青龙总管"" c=""fffff2df""></T><T t=""(拥有$Number2$/$Number3$)"" c=""ff00ff00""></T><T t=""可获得双倍帮贡。"" c=""fffff2df""></T>","1","1","11@161301,12@161301,13@161301,14@161301,15@161301,16@161301,17@161301,18@161301,19@161301,21@161301,24@161301,25@161301,22@161301","0","","","帮派•物资($Number$/$Number1$)","帮派•物资($Number$/$Number1$)","<T t=""去找个"" c=""ff5f3e22""></T><T t=""$ItemName$"" c=""ff005b0f""></T><T t=""来"" c=""ff5f3e22""></T>","<T t=""闭月让你去找个"" c=""ff5f3e22""></T><T t=""$ItemName$"" c=""ff005b0f""></T><T t=""来"" c=""ff5f3e22""></T><T t=""(拥有$Number2$/$Number3$)"" c=""ff005b0f""></T><T t=""看来公会也不富裕啊！"" c=""ff5f3e22""></T>","闭月-军备($Number$/$Number1$)","<T t=""闭月让你去找个"" c=""ff5f3e22""></T><T t=""$ItemName$"" c=""ff005b0f""></T><T t=""来"" c=""ff5f3e22""></T><T t=""(拥有$Number2$/$Number3$)"" c=""ff005b0f""></T>","7","","27","193124","5616","","","1"
"1060008","1060000","帮派白虎任务-帮派巡逻","6","2","","161301","帮派任务","帮派•巡逻($Number$/$Number1$)","<T t=""在"" c=""ff8c5e2a""></T><T t=""$MapName$"" c=""FF02972C""></T><T t=""巡逻，肃清捣乱的强盗"" c=""ff8c5e2a""></T>","<T t=""在"" c=""ff8c5e2a""></T><T t=""$MapName$"" c=""FF02972C""></T><T t=""巡逻，肃清捣乱的强盗"" c=""ff8c5e2a""></T>","帮派•巡逻($Number$/$Number1$)","<T t=""在"" c=""fffff2df""></T><T t=""$MapName$"" c=""ff00ff00""></T><T t=""巡逻，肃清捣乱的强盗"" c=""fffff2df""></T>","3","1","","0","","","帮派•巡逻($Number$/$Number1$)","帮派•巡逻($Number$/$Number1$)","<T t=""去"" c=""ff5f3e22""></T><T t=""$MapName$"" c=""ff005b0f""></T><T t=""巡逻"" c=""ff5f3e22""></T>","<T t=""羞花让你去"" c=""ff5f3e22""></T><T t=""$MapName$"" c=""ff005b0f""></T><T t=""巡逻，肃清捣乱分子"" c=""ff5f3e22""></T>","羞花-公会巡逻($Number$/$Number1$)","<T t=""羞花让你去"" c=""ff5f3e22""></T><T t=""$MapName$"" c=""ff005b0f""></T><T t=""巡逻，肃清捣乱分子"" c=""ff5f3e22""></T>","6","","","150540","","","","1"
"1060009","1060000","帮派青龙任务-帮派宣读公告1","2","3","","161301","帮派任务","帮派•宣读公告($Number$/$Number1$)","<T t=""去"" c=""ff8c5e2a""></T><T t=""$MapName$"" c=""FF02972C""></T><T t=""宣读公告"" c=""ff8c5e2a""></T>","<T t=""你去"" c=""ff8c5e2a""></T><T t=""$MapName$"" c=""FF02972C""></T><T t=""宣读公告，宣扬帮派章程"" c=""ff8c5e2a""></T>","帮派•宣读公告($Number$/$Number1$)","<T t=""去"" c=""fffff2df""></T><T t=""$MapName$"" c=""ff00ff00""></T><T t=""宣读公告，宣扬帮派章程"" c=""fffff2df""></T>","1","1","","0","","","帮派•宣读公告($Number$/$Number1$)","帮派•宣读公告($Number$/$Number1$)","<T t=""去"" c=""ff5f3e22""></T><T t=""$MapName$"" c=""ff005b0f""></T><T t=""宣读公告"" c=""ff5f3e22""></T>","<T t=""闭月让你去"" c=""ff5f3e22""></T><T t=""$MapName$"" c=""ff005b0f""></T><T t=""宣读公告，宣扬公会章程"" c=""ff5f3e22""></T>","闭月-宣读公告($Number$/$Number1$)","<T t=""闭月让你去"" c=""ff5f3e22""></T><T t=""$MapName$"" c=""ff005b0f""></T><T t=""宣读公告，宣扬公会章程"" c=""ff5f3e22""></T>","16","","","160444","","","","1"
"1060010","1060000","帮派青龙任务-帮派宣读公告2","2","4","","161301","帮派任务","帮派•张贴告示($Number$/$Number1$)","<T t=""去"" c=""ff8c5e2a""></T><T t=""$MapName$"" c=""FF02972C""></T><T t=""张贴告示"" c=""ff8c5e2a""></T>","<T t=""你去"" c=""ff8c5e2a""></T><T t=""$MapName$"" c=""FF02972C""></T><T t=""张贴告示，为帮派的壮大贡献力量吧!"" c=""ff8c5e2a""></T>","帮派•张贴告示($Number$/$Number1$)","<T t=""去"" c=""fffff2df""></T><T t=""$MapName$"" c=""ff00ff00""></T><T t=""张贴告示，为帮派的壮大贡献力量吧!"" c=""fffff2df""></T>","1","1","","0","","","帮派•张贴告示($Number$/$Number1$)","帮派•张贴告示($Number$/$Number1$)","<T t=""去"" c=""ff5f3e22""></T><T t=""$MapName$"" c=""ff005b0f""></T><T t=""张贴告示"" c=""ff5f3e22""></T>","<T t=""闭月让你去"" c=""ff5f3e22""></T><T t=""$MapName$"" c=""ff005b0f""></T><T t=""张贴告示，为公会的壮大贡献力量吧!"" c=""ff5f3e22""></T>","闭月-张贴告示($Number$/$Number1$)","<T t=""闭月让你去"" c=""ff5f3e22""></T><T t=""$MapName$"" c=""ff005b0f""></T><T t=""张贴告示，为公会的壮大贡献力量吧!"" c=""ff5f3e22""></T>","17","","","160445","","","","1"
"1070001","1070000","师门特殊任务","9","1","","1","切磋任务","特殊任务•切磋($Number$/$Number1$)","<T t=""去和"" c=""ff8c5e2a""></T><T t=""$NPCName$"" c=""FF02972C""></T><T t=""进行友好切磋"" c=""ff8c5e2a""></T><T t=""来证明自己"" c=""ff8c5e2a""></T>","<T t=""去挑战"" c=""ff8c5e2a""></T><T t=""$NPCName$"" c=""FF02972C""></T><T t=""来"" c=""ff8c5e2a""></T><T t=""证明自己"" c=""ff8c5e2a""></T>","师门•切磋($Number$/$Number1$)","<T t=""去挑战"" c=""fffff2df""></T><T t=""$NPCName$"" c=""ff00ff00""></T><T t=""来证明自己，"" c=""fffff2df""></T><T t=""加油！"" c=""fffff2df""></T>","1","1","","0","","","职业任务-挑战($Number$/$Number1$)","职业任务-挑战($Number$/$Number1$)","<T t=""去挑战"" c=""ff5f3e22""></T><T t=""$NPCName$"" c=""ff005b0f""></T><T t=""来"" c=""ff5f3e22""></T><T t=""证明自己"" c=""ff5f3e22""></T>","<T t=""去挑战"" c=""ff5f3e22""></T><T t=""$NPCName$"" c=""ff005b0f""></T><T t=""来"" c=""ff5f3e22""></T><T t=""证明自己"" c=""ff5f3e22""></T>","职业任务-挑战($Number$/$Number1$)","<T t=""去挑战"" c=""ff5f3e22""></T><T t=""$NPCName$"" c=""ff005b0f""></T><T t=""来"" c=""ff5f3e22""></T><T t=""证明自己"" c=""ff5f3e22""></T>","7","","8","","","","","1"
"1070002","1070000","收集商店40环装","4","7","","1","特殊职业任务","特殊职业任务-寻物","<T t=""去帮门派师父找个"" c=""ff5f3e22""></T><T t=""$ItemName$"" c=""ff005b0f""></T><T t=""来"" c=""ff5f3e22""></T>","<T t=""去帮门派师父找寻失落多年的"" c=""ff5f3e22""></T><T t=""$ItemName$"" c=""ff005b0f""></T><T t=""来"" c=""ff5f3e22""></T><T t=""(拥有$Number2$/$Number3$)"" c=""ff005b0f""></T><T t=""看起来这并不是一件简单的事情"" c=""ff5f3e22""></T>","特殊职业任务-寻物","<T t=""去帮门派师父找个"" c=""fffff2df""></T><T t=""$ItemName$"" c=""ff00ff00""></T><T t=""来"" c=""fffff2df""></T><T t=""(拥有$Number2$/$Number3$)"" c=""ff00ff00""></T><T t=""商店可购买"" c=""fffff2df""></T>","1","0","11@13104,12@13101,13@13102,14@13100,15@13105,16@13103,18@13106,17@13107,19@13108,21@13111,24@13110,25@13112,22@13109","0","","","特殊职业任务-寻物","特殊职业任务-寻物","<T t=""去帮门派师父找个"" c=""ff5f3e22""></T><T t=""$ItemName$"" c=""ff005b0f""></T><T t=""来"" c=""ff5f3e22""></T>","<T t=""去帮门派师父找个"" c=""ff5f3e22""></T><T t=""$ItemName$"" c=""ff005b0f""></T><T t=""来"" c=""ff5f3e22""></T><T t=""(拥有$Number2$/$Number3$)"" c=""ff005b0f""></T>","特殊职业任务-寻物","<T t=""去帮门派师父找个"" c=""ff5f3e22""></T><T t=""$ItemName$"" c=""ff005b0f""></T><T t=""来"" c=""ff5f3e22""></T><T t=""(拥有$Number2$/$Number3$)"" c=""ff005b0f""></T>","","","21","","","","","1"
"1070003","1070000","","7","8","","1","特殊职业任务","特殊职业任务-试炼","<T t=""去"" c=""ff5f3e22""></T><T t=""$MapName$"" c=""ff005b0f""></T><T t=""击败"" c=""ff5f3e22""></T><T t=""$NPCName$"" c=""ff005b0f""></T>","<T t=""你的表现门派师父很满意，他让你去"" c=""ff5f3e22""></T><T t=""$MapName$"" c=""ff005b0f""></T><T t=""击败"" c=""ff5f3e22""></T><T t=""$NPCName$"" c=""ff005b0f""></T><T t=""来证明自己，做好这件事相信一定会有很多好处"" c=""ff5f3e22""></T>","特殊职业任务-试炼","<T t=""门派师父让你去"" c=""fffff2df""></T><T t=""$MapName$"" c=""ff00ff00""></T><T t=""击败"" c=""fffff2df""></T><T t=""$NPCName$"" c=""ff00ff00""></T>","1","1","","0","","","特殊职业任务-试炼","特殊职业任务-试炼","<T t=""去"" c=""ff5f3e22""></T><T t=""$MapName$"" c=""ff005b0f""></T><T t=""击败"" c=""ff5f3e22""></T><T t=""$NPCName$"" c=""ff005b0f""></T>","<T t=""门派师父让你去"" c=""ff5f3e22""></T><T t=""$MapName$"" c=""ff005b0f""></T><T t=""击败"" c=""ff5f3e22""></T><T t=""$NPCName$"" c=""ff005b0f""></T><T t=""告诉他什么叫人外有人"" c=""ff5f3e22""></T>","特殊职业任务-试炼","<T t=""门派师父让你去"" c=""ff5f3e22""></T><T t=""$MapName$"" c=""ff005b0f""></T><T t=""击败"" c=""ff5f3e22""></T><T t=""$NPCName$"" c=""ff005b0f""></T><T t=""告诉他什么叫人外有人"" c=""ff5f3e22""></T>","","","","","","","","1"
"1070004","1070000","","1","3","","1","特殊职业任务","特殊职业任务-回复","<T t=""回复"" c=""ff5f3e22""></T><T t=""$NPCName$"" c=""ff005b0f""></T>","<T t=""回复"" c=""ff5f3e22""></T><T t=""$NPCName$"" c=""ff005b0f""></T><T t=""事情都办完了"" c=""ff5f3e22""></T>","特殊职业任务-回复","<T t=""回复"" c=""fffff2df""></T><T t=""$NPCName$"" c=""ff00ff00""></T><T t=""事情都办完了"" c=""fffff2df""></T>","1","1","","0","","","特殊职业任务-回复","特殊职业任务-回复","<T t=""回复"" c=""ff5f3e22""></T><T t=""$NPCName$"" c=""ff005b0f""></T>","<T t=""回复"" c=""ff5f3e22""></T><T t=""$NPCName$"" c=""ff005b0f""></T><T t=""事情都办完了"" c=""ff5f3e22""></T>","特殊职业任务-回复","<T t=""回复"" c=""ff5f3e22""></T><T t=""$NPCName$"" c=""ff005b0f""></T><T t=""事情都办完了"" c=""ff5f3e22""></T>","","13","","","","","","1"
"1070005","1070000","","7","4","","1","特殊职业任务","特殊职业任务-心魔","<T t=""门派师父让你去"" c=""ff5f3e22""></T><T t=""$MapName$"" c=""ff005b0f""></T><T t=""击败"" c=""ff5f3e22""></T><T t=""$NPCName$"" c=""ff005b0f""></T>","<T t=""门派师父让你去"" c=""ff5f3e22""></T><T t=""$MapName$"" c=""ff005b0f""></T><T t=""击败"" c=""ff5f3e22""></T><T t=""$NPCName$"" c=""ff005b0f""></T><T t=""自己才是最难战胜的敌人"" c=""ff5f3e22""></T>","特殊职业任务-心魔","<T t=""门派师父让你去"" c=""fffff2df""></T><T t=""$MapName$"" c=""ff00ff00""></T><T t=""击败"" c=""fffff2df""></T><T t=""$NPCName$"" c=""ff00ff00""></T>","1","1","","0","","","特殊职业任务-心魔","特殊职业任务-心魔","<T t=""门派师父让你去"" c=""ff5f3e22""></T><T t=""$MapName$"" c=""ff005b0f""></T><T t=""击败"" c=""ff5f3e22""></T><T t=""$NPCName$"" c=""ff005b0f""></T>","<T t=""门派师父让你去"" c=""ff5f3e22""></T><T t=""$MapName$"" c=""ff005b0f""></T><T t=""击败"" c=""ff5f3e22""></T><T t=""$NPCName$"" c=""ff005b0f""></T><T t=""自己才是最难战胜的敌人"" c=""ff5f3e22""></T>","特殊职业任务-心魔","<T t=""门派师父让你去"" c=""ff5f3e22""></T><T t=""$MapName$"" c=""ff005b0f""></T><T t=""击败"" c=""ff5f3e22""></T><T t=""$NPCName$"" c=""ff005b0f""></T><T t=""自己才是最难战胜的敌人"" c=""ff5f3e22""></T>","","","","","","","","1"
"1090001","1090000","","9","2","","1","捉妖大圣","捉妖大圣($Number$/$Number1$)","<T t=""降妖"" c=""ff5f3e22""></T><T t=""$NPCName$"" c=""ff005b0f""></T>","<T t=""降妖"" c=""ff5f3e22""></T><T t=""$NPCName$"" c=""ff005b0f""></T><T t=""请快点将其捉拿！"" c=""ff5f3e22""></T>","捉妖大圣($Number$/$Number1$)","<T t=""降妖"" c=""fffff2df""></T><T t=""$NPCName$"" c=""ff00ff00""></T><T t=""请快点将其捉拿！"" c=""fffff2df""></T>","1","1","","0","","","捉妖大圣($Number$/$Number1$)","捉妖大圣($Number$/$Number1$)","<T t=""降妖"" c=""ff5f3e22""></T><T t=""$NPCName$"" c=""ff005b0f""></T>","<T t=""降妖"" c=""ff5f3e22""></T><T t=""$NPCName$"" c=""ff005b0f""></T><T t=""请快点将其捉拿！"" c=""ff5f3e22""></T>","捉妖大圣($Number$/$Number1$)","<T t=""降妖"" c=""ff5f3e22""></T><T t=""$NPCName$"" c=""ff005b0f""></T><T t=""请快点将其捉拿！"" c=""ff5f3e22""></T>","10","","","","","","","1"
"1090002","1090000","","9","3","","1","捉妖大圣","捉妖大圣($Number$/$Number1$)","<T t=""降妖"" c=""ff5f3e22""></T><T t=""$NPCName$"" c=""ff005b0f""></T>","<T t=""降妖"" c=""ff5f3e22""></T><T t=""$NPCName$"" c=""ff005b0f""></T><T t=""请快点将其捉拿！"" c=""ff5f3e22""></T>","捉妖大圣($Number$/$Number1$)","<T t=""降妖"" c=""fffff2df""></T><T t=""$NPCName$"" c=""ff00ff00""></T><T t=""请快点将其捉拿！"" c=""fffff2df""></T>","1","1","","0","","","捉妖大圣($Number$/$Number1$)","捉妖大圣($Number$/$Number1$)","<T t=""降妖"" c=""ff5f3e22""></T><T t=""$NPCName$"" c=""ff005b0f""></T>","<T t=""降妖"" c=""ff5f3e22""></T><T t=""$NPCName$"" c=""ff005b0f""></T><T t=""请快点将其捉拿！"" c=""ff5f3e22""></T>","捉妖大圣($Number$/$Number1$)","<T t=""降妖"" c=""ff5f3e22""></T><T t=""$NPCName$"" c=""ff005b0f""></T><T t=""请快点将其捉拿！"" c=""ff5f3e22""></T>","10","","","","","","","1"
"1090003","1090000","","9","4","","1","捉妖大圣","捉妖大圣($Number$/$Number1$)","<T t=""降妖"" c=""ff5f3e22""></T><T t=""$NPCName$"" c=""ff005b0f""></T>","<T t=""降妖"" c=""ff5f3e22""></T><T t=""$NPCName$"" c=""ff005b0f""></T><T t=""请快点将其捉拿！"" c=""ff5f3e22""></T>","捉妖大圣($Number$/$Number1$)","<T t=""降妖"" c=""fffff2df""></T><T t=""$NPCName$"" c=""ff00ff00""></T><T t=""请快点将其捉拿！"" c=""fffff2df""></T>","1","1","","0","","","捉妖大圣($Number$/$Number1$)","捉妖大圣($Number$/$Number1$)","<T t=""降妖"" c=""ff5f3e22""></T><T t=""$NPCName$"" c=""ff005b0f""></T>","<T t=""降妖"" c=""ff5f3e22""></T><T t=""$NPCName$"" c=""ff005b0f""></T><T t=""请快点将其捉拿！"" c=""ff5f3e22""></T>","捉妖大圣($Number$/$Number1$)","<T t=""降妖"" c=""ff5f3e22""></T><T t=""$NPCName$"" c=""ff005b0f""></T><T t=""请快点将其捉拿！"" c=""ff5f3e22""></T>","10","","","","","","","1"
"1090004","1090000","","9","5","","1","捉妖大圣","捉妖大圣($Number$/$Number1$)","<T t=""降妖"" c=""ff5f3e22""></T><T t=""$NPCName$"" c=""ff005b0f""></T>","<T t=""降妖"" c=""ff5f3e22""></T><T t=""$NPCName$"" c=""ff005b0f""></T><T t=""请快点将其捉拿！"" c=""ff5f3e22""></T>","捉妖大圣($Number$/$Number1$)","<T t=""降妖"" c=""fffff2df""></T><T t=""$NPCName$"" c=""ff00ff00""></T><T t=""请快点将其捉拿！"" c=""fffff2df""></T>","1","1","","0","","","捉妖大圣($Number$/$Number1$)","捉妖大圣($Number$/$Number1$)","<T t=""降妖"" c=""ff5f3e22""></T><T t=""$NPCName$"" c=""ff005b0f""></T>","<T t=""降妖"" c=""ff5f3e22""></T><T t=""$NPCName$"" c=""ff005b0f""></T><T t=""请快点将其捉拿！"" c=""ff5f3e22""></T>","捉妖大圣($Number$/$Number1$)","<T t=""降妖"" c=""ff5f3e22""></T><T t=""$NPCName$"" c=""ff005b0f""></T><T t=""请快点将其捉拿！"" c=""ff5f3e22""></T>","10","","","","","","","1"
"1090005","1090000","","9","6","","1","捉妖大圣","捉妖大圣($Number$/$Number1$)","<T t=""降妖"" c=""ff5f3e22""></T><T t=""$NPCName$"" c=""ff005b0f""></T>","<T t=""降妖"" c=""ff5f3e22""></T><T t=""$NPCName$"" c=""ff005b0f""></T><T t=""请快点将其捉拿！"" c=""ff5f3e22""></T>","捉妖大圣($Number$/$Number1$)","<T t=""降妖"" c=""fffff2df""></T><T t=""$NPCName$"" c=""ff00ff00""></T><T t=""请快点将其捉拿！"" c=""fffff2df""></T>","1","1","","0","","","捉妖大圣($Number$/$Number1$)","捉妖大圣($Number$/$Number1$)","<T t=""降妖"" c=""ff5f3e22""></T><T t=""$NPCName$"" c=""ff005b0f""></T>","<T t=""降妖"" c=""ff5f3e22""></T><T t=""$NPCName$"" c=""ff005b0f""></T><T t=""请快点将其捉拿！"" c=""ff5f3e22""></T>","捉妖大圣($Number$/$Number1$)","<T t=""降妖"" c=""ff5f3e22""></T><T t=""$NPCName$"" c=""ff005b0f""></T><T t=""请快点将其捉拿！"" c=""ff5f3e22""></T>","10","","","","","","","1"
"1110001","1110000","","7","6","","1","通缉天灾","通缉天灾($Number$/$Number1$)","<T t=""捉拿"" c=""ff5f3e22""></T><T t=""$NPCName$"" c=""ff005b0f""></T>","<T t=""捉拿"" c=""ff5f3e22""></T><T t=""$NPCName$"" c=""ff005b0f""></T><T t=""让他知道什么叫法网恢恢疏而不漏"" c=""ff5f3e22""></T>","通缉天灾($Number$/$Number1$)","<T t=""捉拿"" c=""fffff2df""></T><T t=""$NPCName$"" c=""ff00ff00""></T><T t=""让他知道什么叫法网恢恢疏而不漏"" c=""fffff2df""></T>","1","1","","0","","","通缉天灾($Number$/$Number1$)","通缉天灾($Number$/$Number1$)","<T t=""捉拿"" c=""ff5f3e22""></T><T t=""$NPCName$"" c=""ff005b0f""></T>","<T t=""捉拿"" c=""ff5f3e22""></T><T t=""$NPCName$"" c=""ff005b0f""></T><T t=""让他知道什么叫法网恢恢疏而不漏"" c=""ff5f3e22""></T>","通缉天灾($Number$/$Number1$)","<T t=""捉拿"" c=""ff5f3e22""></T><T t=""$NPCName$"" c=""ff005b0f""></T><T t=""让他知道什么叫法网恢恢疏而不漏"" c=""ff5f3e22""></T>","10","","","","","","","1"
"1110002","1110000","","7","6","","1","通缉天灾","通缉天灾($Number$/$Number1$)","<T t=""捉拿"" c=""ff5f3e22""></T><T t=""$NPCName$"" c=""ff005b0f""></T>","<T t=""捉拿"" c=""ff5f3e22""></T><T t=""$NPCName$"" c=""ff005b0f""></T><T t=""让他知道什么叫法网恢恢疏而不漏"" c=""ff5f3e22""></T>","通缉天灾($Number$/$Number1$)","<T t=""捉拿"" c=""fffff2df""></T><T t=""$NPCName$"" c=""ff00ff00""></T><T t=""让他知道什么叫法网恢恢疏而不漏"" c=""fffff2df""></T>","1","1","","0","","","通缉天灾($Number$/$Number1$)","通缉天灾($Number$/$Number1$)","<T t=""捉拿"" c=""ff5f3e22""></T><T t=""$NPCName$"" c=""ff005b0f""></T>","<T t=""捉拿"" c=""ff5f3e22""></T><T t=""$NPCName$"" c=""ff005b0f""></T><T t=""让他知道什么叫法网恢恢疏而不漏"" c=""ff5f3e22""></T>","通缉天灾($Number$/$Number1$)","<T t=""捉拿"" c=""ff5f3e22""></T><T t=""$NPCName$"" c=""ff005b0f""></T><T t=""让他知道什么叫法网恢恢疏而不漏"" c=""ff5f3e22""></T>","10","","","","","","","1"
"1110003","1110000","","7","6","","1","通缉天灾","通缉天灾($Number$/$Number1$)","<T t=""捉拿"" c=""ff5f3e22""></T><T t=""$NPCName$"" c=""ff005b0f""></T>","<T t=""捉拿"" c=""ff5f3e22""></T><T t=""$NPCName$"" c=""ff005b0f""></T><T t=""让他知道什么叫法网恢恢疏而不漏"" c=""ff5f3e22""></T>","通缉天灾($Number$/$Number1$)","<T t=""捉拿"" c=""fffff2df""></T><T t=""$NPCName$"" c=""ff00ff00""></T><T t=""让他知道什么叫法网恢恢疏而不漏"" c=""fffff2df""></T>","1","1","","0","","","通缉天灾($Number$/$Number1$)","通缉天灾($Number$/$Number1$)","<T t=""捉拿"" c=""ff5f3e22""></T><T t=""$NPCName$"" c=""ff005b0f""></T>","<T t=""捉拿"" c=""ff5f3e22""></T><T t=""$NPCName$"" c=""ff005b0f""></T><T t=""让他知道什么叫法网恢恢疏而不漏"" c=""ff5f3e22""></T>","通缉天灾($Number$/$Number1$)","<T t=""捉拿"" c=""ff5f3e22""></T><T t=""$NPCName$"" c=""ff005b0f""></T><T t=""让他知道什么叫法网恢恢疏而不漏"" c=""ff5f3e22""></T>","10","","","","","","","1"
"1110004","1110000","","7","6","","1","通缉天灾","通缉天灾($Number$/$Number1$)","<T t=""捉拿"" c=""ff5f3e22""></T><T t=""$NPCName$"" c=""ff005b0f""></T>","<T t=""捉拿"" c=""ff5f3e22""></T><T t=""$NPCName$"" c=""ff005b0f""></T><T t=""让他知道什么叫法网恢恢疏而不漏"" c=""ff5f3e22""></T>","通缉天灾($Number$/$Number1$)","<T t=""捉拿"" c=""fffff2df""></T><T t=""$NPCName$"" c=""ff00ff00""></T><T t=""让他知道什么叫法网恢恢疏而不漏"" c=""fffff2df""></T>","1","1","","0","","","通缉天灾($Number$/$Number1$)","通缉天灾($Number$/$Number1$)","<T t=""捉拿"" c=""ff5f3e22""></T><T t=""$NPCName$"" c=""ff005b0f""></T>","<T t=""捉拿"" c=""ff5f3e22""></T><T t=""$NPCName$"" c=""ff005b0f""></T><T t=""让他知道什么叫法网恢恢疏而不漏"" c=""ff5f3e22""></T>","通缉天灾($Number$/$Number1$)","<T t=""捉拿"" c=""ff5f3e22""></T><T t=""$NPCName$"" c=""ff005b0f""></T><T t=""让他知道什么叫法网恢恢疏而不漏"" c=""ff5f3e22""></T>","10","","","","","","","1"
"1110005","1110000","","7","6","","1","通缉天灾","通缉天灾($Number$/$Number1$)","<T t=""捉拿"" c=""ff5f3e22""></T><T t=""$NPCName$"" c=""ff005b0f""></T>","<T t=""捉拿"" c=""ff5f3e22""></T><T t=""$NPCName$"" c=""ff005b0f""></T><T t=""让他知道什么叫法网恢恢疏而不漏"" c=""ff5f3e22""></T>","通缉天灾($Number$/$Number1$)","<T t=""捉拿"" c=""fffff2df""></T><T t=""$NPCName$"" c=""ff00ff00""></T><T t=""让他知道什么叫法网恢恢疏而不漏"" c=""fffff2df""></T>","1","1","","0","","","通缉天灾($Number$/$Number1$)","通缉天灾($Number$/$Number1$)","<T t=""捉拿"" c=""ff5f3e22""></T><T t=""$NPCName$"" c=""ff005b0f""></T>","<T t=""捉拿"" c=""ff5f3e22""></T><T t=""$NPCName$"" c=""ff005b0f""></T><T t=""让他知道什么叫法网恢恢疏而不漏"" c=""ff5f3e22""></T>","通缉天灾($Number$/$Number1$)","<T t=""捉拿"" c=""ff5f3e22""></T><T t=""$NPCName$"" c=""ff005b0f""></T><T t=""让他知道什么叫法网恢恢疏而不漏"" c=""ff5f3e22""></T>","10","","","","","","","1"
"1120001","1120000","一级师门称谓任务","7","9","","2","称谓挑战","一级师门称谓($Number$/$Number1$)","<T t=""找到"" c=""ff8c5e2a""></T><T t=""$NPCName$"" c=""FF02972C""></T>","<T t=""想要领取称谓？让我看看你的修炼成果。正好刚才有只"" c=""ff8c5e2a""></T><T t=""$NPCName$"" c=""FF02972C""></T><T t=""不知道怎么发狂了，不知跑到哪里，快去把它带回来."" c=""ff8c5e2a""></T>","一级师门称谓($Number$/$Number1$)","<T t=""找到"" c=""fffff2df""></T><T t=""$NPCName$"" c=""ff00ff00""></T>","1","1","","0","","","一级职业称谓($Number$/$Number1$)","一级职业称谓($Number$/$Number1$)","<T t=""找到"" c=""ff5f3e22""></T><T t=""$NPCName$"" c=""ff005b0f""></T>","<T t=""想要领取称谓？让我看看你的修炼成果。正好刚才有只"" c=""ff5f3e22""></T><T t=""$NPCName$"" c=""ff005b0f""></T><T t=""不知道怎么发狂了，不知跑到哪里，快去把它带回来."" c=""ff5f3e22""></T>","一级职业称谓($Number$/$Number1$)","<T t=""想要领取称谓？让我看看你的修炼成果。正好刚才有只"" c=""ff5f3e22""></T><T t=""$NPCName$"" c=""ff005b0f""></T><T t=""不知道怎么发狂了，不知跑到哪里，快去把它带回来."" c=""ff5f3e22""></T>","19","","20","","","","","1"
"1130001","1130000","二级师门称谓任务","7","10","","2","称谓挑战","二级师门称谓($Number$/$Number1$)","<T t=""找到"" c=""ff8c5e2a""></T><T t=""$NPCName$"" c=""FF02972C""></T>","<T t=""想要领取称谓？让我看看你的修炼成果。正好刚才有只"" c=""ff8c5e2a""></T><T t=""$NPCName$"" c=""FF02972C""></T><T t=""不知道怎么发狂了，不知跑到哪里，快去把它带回来."" c=""ff8c5e2a""></T>","二级师门称谓($Number$/$Number1$)","<T t=""找到"" c=""fffff2df""></T><T t=""$NPCName$"" c=""ff00ff00""></T>","1","1","","0","","","二级职业称谓($Number$/$Number1$)","二级职业称谓($Number$/$Number1$)","<T t=""找到"" c=""ff5f3e22""></T><T t=""$NPCName$"" c=""ff005b0f""></T>","<T t=""想要领取称谓？让我看看你的修炼成果。正好刚才有只"" c=""ff5f3e22""></T><T t=""$NPCName$"" c=""ff005b0f""></T><T t=""不知道怎么发狂了，不知跑到哪里，快去把它带回来."" c=""ff5f3e22""></T>","二级职业称谓($Number$/$Number1$)","<T t=""想要领取称谓？让我看看你的修炼成果。正好刚才有只"" c=""ff5f3e22""></T><T t=""$NPCName$"" c=""ff005b0f""></T><T t=""不知道怎么发狂了，不知跑到哪里，快去把它带回来."" c=""ff5f3e22""></T>","19","","20","","","","","1"
"1140001","1140000","三级师门称谓任务","7","11","","2","称谓挑战","三级师门称谓($Number$/$Number1$)","<T t=""找到"" c=""ff8c5e2a""></T><T t=""$NPCName$"" c=""FF02972C""></T>","<T t=""想要领取称谓？让我看看你的修炼成果。正好刚才有只"" c=""ff8c5e2a""></T><T t=""$NPCName$"" c=""FF02972C""></T><T t=""不知道怎么发狂了，不知跑到哪里，快去把它带回来."" c=""ff8c5e2a""></T>","三级师门称谓($Number$/$Number1$)","<T t=""找到"" c=""fffff2df""></T><T t=""$NPCName$"" c=""ff00ff00""></T>","1","1","","0","","","三级职业称谓($Number$/$Number1$)","三级职业称谓($Number$/$Number1$)","<T t=""找到"" c=""ff5f3e22""></T><T t=""$NPCName$"" c=""ff005b0f""></T>","<T t=""想要领取称谓？让我看看你的修炼成果。正好刚才有只"" c=""ff5f3e22""></T><T t=""$NPCName$"" c=""ff005b0f""></T><T t=""不知道怎么发狂了，不知跑到哪里，快去把它带回来."" c=""ff5f3e22""></T>","三级职业称谓($Number$/$Number1$)","<T t=""想要领取称谓？让我看看你的修炼成果。正好刚才有只"" c=""ff5f3e22""></T><T t=""$NPCName$"" c=""ff005b0f""></T><T t=""不知道怎么发狂了，不知跑到哪里，快去把它带回来."" c=""ff5f3e22""></T>","19","","20","","","","","1"
"1040001","1040000","宝图任务","7","3","","161510","宝图任务","宝图任务","<T t=""前往"" c=""ff5f3e22""></T><T t=""$MapName$"" c=""ff005b0f""></T><T t=""战胜"" c=""ff5f3e22""></T><T t=""$NPCName$"" c=""ff005b0f""></T>","<T t=""前往"" c=""ff5f3e22""></T><T t=""$MapName$"" c=""ff005b0f""></T><T t=""战胜"" c=""ff5f3e22""></T><T t=""$NPCName$"" c=""ff005b0f""></T><T t=""看看他身上是否藏有藏宝图"" c=""ff5f3e22""></T>","宝图任务($Number$/$Number1$)","<T t=""前往"" c=""fffff2df""></T><T t=""$MapName$"" c=""ff00ff00""></T><T t=""战胜"" c=""fffff2df""></T><T t=""$NPCName$"" c=""ff00ff00""></T>","1","1","","1","","","宝图任务($Number$/$Number1$)","宝图任务($Number$/$Number1$)","<T t=""前往"" c=""ff5f3e22""></T><T t=""$MapName$"" c=""ff005b0f""></T><T t=""追捕"" c=""ff5f3e22""></T><T t=""$NPCName$"" c=""ff005b0f""></T>","<T t=""前往"" c=""ff5f3e22""></T><T t=""$MapName$"" c=""ff005b0f""></T><T t=""追捕"" c=""ff5f3e22""></T><T t=""$NPCName$"" c=""ff005b0f""></T><T t=""看看他身上是否藏有藏宝图"" c=""ff5f3e22""></T>","考古任务($Number$/$Number1$)","<T t=""前往"" c=""ff5f3e22""></T><T t=""$MapName$"" c=""ff005b0f""></T><T t=""追捕"" c=""ff5f3e22""></T><T t=""$NPCName$"" c=""ff005b0f""></T>","11","","","","","","","1"
"1980001","1980000","运镖任务-追回","7","75","","260013","运镖任务","镖银•追回($Number$/$Number1$)","<T t=""前往"" c=""ff8c5e2a""></T><T t=""$MapName$"" c=""FF02972C""></T><T t=""找到劫镖的劫匪，并追回镖银"" c=""ff8c5e2a""></T>","<T t=""前往"" c=""ff8c5e2a""></T><T t=""$MapName$"" c=""FF02972C""></T><T t=""找到劫镖的劫匪，并追回镖银"" c=""ff8c5e2a""></T>","镖银•追回($Number$/$Number1$)","<T t=""前往"" c=""fffff2df""></T><T t=""$MapName$"" c=""ff00ff00""></T><T t=""找到劫镖的劫匪，并追回镖银"" c=""fffff2df""></T>","1","1","","0","","","镖银•追回($Number$/$Number1$)","镖银•追回($Number$/$Number1$)","<T t=""去"" c=""ff5f3e22""></T><T t=""$MapName$"" c=""ff005b0f""></T><T t=""找到劫镖的劫匪，并追回镖银"" c=""ff5f3e22""></T>","<T t=""去"" c=""ff5f3e22""></T><T t=""$MapName$"" c=""ff005b0f""></T><T t=""找到劫镖的劫匪，并追回镖银"" c=""ff5f3e22""></T>","追回镖银($Number$/$Number1$)","<T t=""去"" c=""ff5f3e22""></T><T t=""$MapName$"" c=""ff005b0f""></T><T t=""找到劫镖的劫匪，并追回镖银"" c=""ff5f3e22""></T>","25","","","","7117","","","1"
"1980002","1980000","运镖任务-追回","7","76","","260013","运镖任务","镖银•追回($Number$/$Number1$)","<T t=""前往"" c=""ff8c5e2a""></T><T t=""$MapName$"" c=""FF02972C""></T><T t=""找到劫镖的劫匪，并追回镖银"" c=""ff8c5e2a""></T>","<T t=""前往"" c=""ff8c5e2a""></T><T t=""$MapName$"" c=""FF02972C""></T><T t=""找到劫镖的劫匪，并追回镖银"" c=""ff8c5e2a""></T>","镖银•追回($Number$/$Number1$)","<T t=""前往"" c=""fffff2df""></T><T t=""$MapName$"" c=""ff00ff00""></T><T t=""找到劫镖的劫匪，并追回镖银"" c=""fffff2df""></T>","1","1","","0","","","镖银•追回($Number$/$Number1$)","镖银•追回($Number$/$Number1$)","<T t=""去"" c=""ff5f3e22""></T><T t=""$MapName$"" c=""ff005b0f""></T><T t=""找到劫镖的劫匪，并追回镖银"" c=""ff5f3e22""></T>","<T t=""去"" c=""ff5f3e22""></T><T t=""$MapName$"" c=""ff005b0f""></T><T t=""找到劫镖的劫匪，并追回镖银"" c=""ff5f3e22""></T>","追回镖银($Number$/$Number1$)","<T t=""去"" c=""ff5f3e22""></T><T t=""$MapName$"" c=""ff005b0f""></T><T t=""找到劫镖的劫匪，并追回镖银"" c=""ff5f3e22""></T>","25","","","","7117","","","1"
"1980003","1980000","运镖任务-上交","4","46","","260013","运镖任务","镖银•上交($Number$/$Number1$)","<T t=""将追回的镖银送给"" c=""ff8c5e2a""></T><T t=""程咬金"" c=""FF02972C""></T>","<T t=""把追回的镖银上交给"" c=""ff8c5e2a""></T><T t=""程咬金"" c=""FF02972C""></T><T t=""概率获得高级押镖宝箱"" c=""ff8c5e2a""></T>","镖银•上交($Number$/$Number1$)","<T t=""将追回的"" c=""fffff2df""></T><T t=""镖银"" c=""ff00ff00""></T><T t=""上交给"" c=""fffff2df""></T><T t=""程咬金"" c=""ff00ff00""></T>","1","0","11@13104,12@13104,13@13104,14@13104,15@13104,16@13104,17@13104,18@13104,19@13104,21@13104,24@13104,25@13104,22@13104","0","","","镖银•上交($Number$/$Number1$)","镖银•上交($Number$/$Number1$)","<T t=""去"" c=""ff5f3e22""></T><T t=""$MapName$"" c=""ff005b0f""></T><T t=""找到劫镖的劫匪，并追回镖银"" c=""ff5f3e22""></T>","<T t=""去"" c=""ff5f3e22""></T><T t=""$MapName$"" c=""ff005b0f""></T><T t=""找到劫镖的劫匪，并追回镖银"" c=""ff5f3e22""></T>","追回镖银($Number$/$Number1$)","<T t=""去"" c=""ff5f3e22""></T><T t=""$MapName$"" c=""ff005b0f""></T><T t=""找到劫镖的劫匪，并追回镖银"" c=""ff5f3e22""></T>","25","","26","193440","7118","","","1"
"1980004","1980000","运镖任务-上交","4","46","","260013","运镖任务","镖银•上交($Number$/$Number1$)","<T t=""将追回的镖银送给"" c=""ff8c5e2a""></T><T t=""菩提祖师"" c=""FF02972C""></T>","<T t=""把追回的镖银上交给"" c=""ff8c5e2a""></T><T t=""菩提祖师"" c=""FF02972C""></T><T t=""概率获得高级押镖宝箱"" c=""ff8c5e2a""></T>","镖银•上交($Number$/$Number1$)","<T t=""将追回的"" c=""fffff2df""></T><T t=""镖银"" c=""ff00ff00""></T><T t=""上交给"" c=""fffff2df""></T><T t=""菩提祖师"" c=""ff00ff00""></T>","1","0","11@13104,12@13104,13@13104,14@13104,15@13104,16@13104,17@13104,18@13104,19@13104,21@13104,24@13104,25@13104,22@13105","0","","","镖银•上交($Number$/$Number1$)","镖银•上交($Number$/$Number1$)","<T t=""去"" c=""ff5f3e22""></T><T t=""$MapName$"" c=""ff005b0f""></T><T t=""找到劫镖的劫匪，并追回镖银"" c=""ff5f3e22""></T>","<T t=""去"" c=""ff5f3e22""></T><T t=""$MapName$"" c=""ff005b0f""></T><T t=""找到劫镖的劫匪，并追回镖银"" c=""ff5f3e22""></T>","追回镖银($Number$/$Number1$)","<T t=""去"" c=""ff5f3e22""></T><T t=""$MapName$"" c=""ff005b0f""></T><T t=""找到劫镖的劫匪，并追回镖银"" c=""ff5f3e22""></T>","25","","26","193440","7118","","","1"
"1980005","1980000","运镖任务-上交","4","46","","260013","运镖任务","镖银•上交($Number$/$Number1$)","<T t=""将追回的镖银送给"" c=""ff8c5e2a""></T><T t=""空度禅师"" c=""FF02972C""></T>","<T t=""把追回的镖银上交给"" c=""ff8c5e2a""></T><T t=""空度禅师"" c=""FF02972C""></T><T t=""概率获得高级押镖宝箱"" c=""ff8c5e2a""></T>","镖银•上交($Number$/$Number1$)","<T t=""将追回的"" c=""fffff2df""></T><T t=""镖银"" c=""ff00ff00""></T><T t=""上交给"" c=""fffff2df""></T><T t=""空度禅师"" c=""ff00ff00""></T>","1","0","11@13104,12@13104,13@13104,14@13104,15@13104,16@13104,17@13104,18@13104,19@13104,21@13104,24@13104,25@13104,22@13106","0","","","镖银•上交($Number$/$Number1$)","镖银•上交($Number$/$Number1$)","<T t=""去"" c=""ff5f3e22""></T><T t=""$MapName$"" c=""ff005b0f""></T><T t=""找到劫镖的劫匪，并追回镖银"" c=""ff5f3e22""></T>","<T t=""去"" c=""ff5f3e22""></T><T t=""$MapName$"" c=""ff005b0f""></T><T t=""找到劫镖的劫匪，并追回镖银"" c=""ff5f3e22""></T>","追回镖银($Number$/$Number1$)","<T t=""去"" c=""ff5f3e22""></T><T t=""$MapName$"" c=""ff005b0f""></T><T t=""找到劫镖的劫匪，并追回镖银"" c=""ff5f3e22""></T>","25","","26","193440","7118","","","1"
"1980006","1980000","运镖任务-上交","4","46","","260013","运镖任务","镖银•上交($Number$/$Number1$)","<T t=""将追回的镖银送给"" c=""ff8c5e2a""></T><T t=""东海龙王"" c=""FF02972C""></T>","<T t=""把追回的镖银上交给"" c=""ff8c5e2a""></T><T t=""东海龙王"" c=""FF02972C""></T><T t=""概率获得高级押镖宝箱"" c=""ff8c5e2a""></T>","镖银•上交($Number$/$Number1$)","<T t=""将追回的"" c=""fffff2df""></T><T t=""镖银"" c=""ff00ff00""></T><T t=""上交给"" c=""fffff2df""></T><T t=""东海龙王"" c=""ff00ff00""></T>","1","0","11@13104,12@13104,13@13104,14@13104,15@13104,16@13104,17@13104,18@13104,19@13104,21@13104,24@13104,25@13104,22@13107","0","","","镖银•上交($Number$/$Number1$)","镖银•上交($Number$/$Number1$)","<T t=""去"" c=""ff5f3e22""></T><T t=""$MapName$"" c=""ff005b0f""></T><T t=""找到劫镖的劫匪，并追回镖银"" c=""ff5f3e22""></T>","<T t=""去"" c=""ff5f3e22""></T><T t=""$MapName$"" c=""ff005b0f""></T><T t=""找到劫镖的劫匪，并追回镖银"" c=""ff5f3e22""></T>","追回镖银($Number$/$Number1$)","<T t=""去"" c=""ff5f3e22""></T><T t=""$MapName$"" c=""ff005b0f""></T><T t=""找到劫镖的劫匪，并追回镖银"" c=""ff5f3e22""></T>","25","","26","193440","7118","","","1"
"1980007","1980000","运镖任务-上交","4","46","","260013","运镖任务","镖银•上交($Number$/$Number1$)","<T t=""将追回的镖银送给"" c=""ff8c5e2a""></T><T t=""嫦娥仙子"" c=""FF02972C""></T>","<T t=""把追回的镖银上交给"" c=""ff8c5e2a""></T><T t=""嫦娥仙子"" c=""FF02972C""></T><T t=""概率获得高级押镖宝箱"" c=""ff8c5e2a""></T>","镖银•上交($Number$/$Number1$)","<T t=""将追回的"" c=""fffff2df""></T><T t=""镖银"" c=""ff00ff00""></T><T t=""上交给"" c=""fffff2df""></T><T t=""嫦娥仙子"" c=""ff00ff00""></T>","1","0","11@13104,12@13104,13@13104,14@13104,15@13104,16@13104,17@13104,18@13104,19@13104,21@13104,24@13104,25@13104,22@13108","0","","","镖银•上交($Number$/$Number1$)","镖银•上交($Number$/$Number1$)","<T t=""去"" c=""ff5f3e22""></T><T t=""$MapName$"" c=""ff005b0f""></T><T t=""找到劫镖的劫匪，并追回镖银"" c=""ff5f3e22""></T>","<T t=""去"" c=""ff5f3e22""></T><T t=""$MapName$"" c=""ff005b0f""></T><T t=""找到劫镖的劫匪，并追回镖银"" c=""ff5f3e22""></T>","追回镖银($Number$/$Number1$)","<T t=""去"" c=""ff5f3e22""></T><T t=""$MapName$"" c=""ff005b0f""></T><T t=""找到劫镖的劫匪，并追回镖银"" c=""ff5f3e22""></T>","25","","26","193440","7118","","","1"
"1980008","1980000","运镖任务-上交","4","46","","260013","运镖任务","镖银•上交($Number$/$Number1$)","<T t=""将追回的镖银送给"" c=""ff8c5e2a""></T><T t=""观音娘娘"" c=""FF02972C""></T>","<T t=""把追回的镖银上交给"" c=""ff8c5e2a""></T><T t=""观音娘娘"" c=""FF02972C""></T><T t=""概率获得高级押镖宝箱"" c=""ff8c5e2a""></T>","镖银•上交($Number$/$Number1$)","<T t=""将追回的"" c=""fffff2df""></T><T t=""镖银"" c=""ff00ff00""></T><T t=""上交给"" c=""fffff2df""></T><T t=""观音娘娘"" c=""ff00ff00""></T>","1","0","11@13104,12@13104,13@13104,14@13104,15@13104,16@13104,17@13104,18@13104,19@13104,21@13104,24@13104,25@13104,22@13109","0","","","镖银•上交($Number$/$Number1$)","镖银•上交($Number$/$Number1$)","<T t=""去"" c=""ff5f3e22""></T><T t=""$MapName$"" c=""ff005b0f""></T><T t=""找到劫镖的劫匪，并追回镖银"" c=""ff5f3e22""></T>","<T t=""去"" c=""ff5f3e22""></T><T t=""$MapName$"" c=""ff005b0f""></T><T t=""找到劫镖的劫匪，并追回镖银"" c=""ff5f3e22""></T>","追回镖银($Number$/$Number1$)","<T t=""去"" c=""ff5f3e22""></T><T t=""$MapName$"" c=""ff005b0f""></T><T t=""找到劫镖的劫匪，并追回镖银"" c=""ff5f3e22""></T>","25","","26","193440","7118","","","1"
"1980009","1980000","运镖任务-上交","4","46","","260013","运镖任务","镖银•上交($Number$/$Number1$)","<T t=""将追回的镖银送给"" c=""ff8c5e2a""></T><T t=""大大王"" c=""FF02972C""></T>","<T t=""把追回的镖银上交给"" c=""ff8c5e2a""></T><T t=""大大王"" c=""FF02972C""></T><T t=""概率获得高级押镖宝箱"" c=""ff8c5e2a""></T>","镖银•上交($Number$/$Number1$)","<T t=""将追回的"" c=""fffff2df""></T><T t=""镖银"" c=""ff00ff00""></T><T t=""上交给"" c=""fffff2df""></T><T t=""大大王"" c=""ff00ff00""></T>","1","0","11@13104,12@13104,13@13104,14@13104,15@13104,16@13104,17@13104,18@13104,19@13104,21@13104,24@13104,25@13104,22@13110","0","","","镖银•上交($Number$/$Number1$)","镖银•上交($Number$/$Number1$)","<T t=""去"" c=""ff5f3e22""></T><T t=""$MapName$"" c=""ff005b0f""></T><T t=""找到劫镖的劫匪，并追回镖银"" c=""ff5f3e22""></T>","<T t=""去"" c=""ff5f3e22""></T><T t=""$MapName$"" c=""ff005b0f""></T><T t=""找到劫镖的劫匪，并追回镖银"" c=""ff5f3e22""></T>","追回镖银($Number$/$Number1$)","<T t=""去"" c=""ff5f3e22""></T><T t=""$MapName$"" c=""ff005b0f""></T><T t=""找到劫镖的劫匪，并追回镖银"" c=""ff5f3e22""></T>","25","","26","193440","7118","","","1"
"1980010","1980000","运镖任务-上交","4","46","","260013","运镖任务","镖银•上交($Number$/$Number1$)","<T t=""将追回的镖银送给"" c=""ff8c5e2a""></T><T t=""牛魔王"" c=""FF02972C""></T>","<T t=""把追回的镖银上交给"" c=""ff8c5e2a""></T><T t=""牛魔王"" c=""FF02972C""></T><T t=""概率获得高级押镖宝箱"" c=""ff8c5e2a""></T>","镖银•上交($Number$/$Number1$)","<T t=""将追回的"" c=""fffff2df""></T><T t=""镖银"" c=""ff00ff00""></T><T t=""上交给"" c=""fffff2df""></T><T t=""牛魔王"" c=""ff00ff00""></T>","1","0","11@13104,12@13104,13@13104,14@13104,15@13104,16@13104,17@13104,18@13104,19@13104,21@13104,24@13104,25@13104,22@13111","0","","","镖银•上交($Number$/$Number1$)","镖银•上交($Number$/$Number1$)","<T t=""去"" c=""ff5f3e22""></T><T t=""$MapName$"" c=""ff005b0f""></T><T t=""找到劫镖的劫匪，并追回镖银"" c=""ff5f3e22""></T>","<T t=""去"" c=""ff5f3e22""></T><T t=""$MapName$"" c=""ff005b0f""></T><T t=""找到劫镖的劫匪，并追回镖银"" c=""ff5f3e22""></T>","追回镖银($Number$/$Number1$)","<T t=""去"" c=""ff5f3e22""></T><T t=""$MapName$"" c=""ff005b0f""></T><T t=""找到劫镖的劫匪，并追回镖银"" c=""ff5f3e22""></T>","25","","26","193440","7118","","","1"
"1980011","1980000","运镖任务-上交","4","46","","260013","运镖任务","镖银•上交($Number$/$Number1$)","<T t=""将追回的镖银送给"" c=""ff8c5e2a""></T><T t=""地藏王"" c=""FF02972C""></T>","<T t=""把追回的镖银上交给"" c=""ff8c5e2a""></T><T t=""地藏王"" c=""FF02972C""></T><T t=""概率获得高级押镖宝箱"" c=""ff8c5e2a""></T>","镖银•上交($Number$/$Number1$)","<T t=""将追回的"" c=""fffff2df""></T><T t=""镖银"" c=""ff00ff00""></T><T t=""上交给"" c=""fffff2df""></T><T t=""地藏王"" c=""ff00ff00""></T>","1","0","11@13104,12@13104,13@13104,14@13104,15@13104,16@13104,17@13104,18@13104,19@13104,21@13104,24@13104,25@13104,22@13112","0","","","镖银•上交($Number$/$Number1$)","镖银•上交($Number$/$Number1$)","<T t=""去"" c=""ff5f3e22""></T><T t=""$MapName$"" c=""ff005b0f""></T><T t=""找到劫镖的劫匪，并追回镖银"" c=""ff5f3e22""></T>","<T t=""去"" c=""ff5f3e22""></T><T t=""$MapName$"" c=""ff005b0f""></T><T t=""找到劫镖的劫匪，并追回镖银"" c=""ff5f3e22""></T>","追回镖银($Number$/$Number1$)","<T t=""去"" c=""ff5f3e22""></T><T t=""$MapName$"" c=""ff005b0f""></T><T t=""找到劫镖的劫匪，并追回镖银"" c=""ff5f3e22""></T>","25","","26","193440","7118","","","1"
"1950001","1950000","每日领取礼物","1","10","","161536","膜拜任务","膜拜任务-瞻仰($Number$/$Number1$)","<T t=""找到排行榜第一的大佬！"" c=""ffF08080""></T><T t=""$NPCName$"" c=""ffFFA500""></T><T t=""膜拜他的英姿！"" c=""ffF08080""></T>","<T t=""找到排行榜第一的大佬！"" c=""ffF08080""></T><T t=""$NPCName$"" c=""ffFFA500""></T><T t=""膜拜他的英姿！"" c=""ffF08080""></T>","膜拜任务-瞻仰($Number$/$Number1$)","<T t=""找到排行榜第一的大佬！"" c=""ffF08080""></T><T t=""$NPCName$"" c=""ffFFA500""></T><T t=""膜拜他的英姿！"" c=""ffF08080""></T>","1","1","","0","","","膜拜任务-瞻仰($Number$/$Number1$)","膜拜任务-瞻仰($Number$/$Number1$)","<T t=""找到排行榜第一的大佬！"" c=""ffF08080""></T><T t=""$NPCName$"" c=""ffFFA500""></T><T t=""膜拜他的英姿！"" c=""ffF08080""></T>","<T t=""找到排行榜第一的大佬！"" c=""ffF08080""></T><T t=""$NPCName$"" c=""ffFFA500""></T><T t=""膜拜他的英姿！"" c=""ffF08080""></T>","膜拜任务-瞻仰($Number$/$Number1$)","<T t=""找到排行榜第一的大佬！"" c=""ffF08080""></T><T t=""$NPCName$"" c=""ffFFA500""></T><T t=""膜拜他的英姿！"" c=""ffF08080""></T>","","40","","","","","","1"
"1250001","1250000","膜拜任务","1","12","","0","膜拜任务","膜拜任务-瞻仰($Number$/$Number1$)","<T t=""找到排行榜第一的大佬！"" c=""ff5f3e22""></T><T t=""$NPCName$"" c=""ff005b0f""></T><T t=""膜拜他的英姿！"" c=""ff5f3e22""></T>","<T t=""找到排行榜第一的大佬！"" c=""ff5f3e22""></T><T t=""$NPCName$"" c=""ff005b0f""></T><T t=""膜拜他的英姿！"" c=""ff5f3e22""></T>","膜拜任务-瞻仰($Number$/$Number1$)","<T t=""找到排行榜第一的大佬！"" c=""ff5f3e22""></T><T t=""$NPCName$"" c=""ff005b0f""></T><T t=""膜拜他的英姿！"" c=""ff5f3e22""></T>","1","1","","0","","","膜拜任务-瞻仰($Number$/$Number1$)","膜拜任务-瞻仰($Number$/$Number1$)","<T t=""找到排行榜第一的大佬！"" c=""ff5f3e22""></T><T t=""$NPCName$"" c=""ff005b0f""></T><T t=""膜拜他的英姿！"" c=""ff5f3e22""></T>","<T t=""找到排行榜第一的大佬！"" c=""ff5f3e22""></T><T t=""$NPCName$"" c=""ff005b0f""></T><T t=""膜拜他的英姿！"" c=""ff5f3e22""></T>","膜拜任务-瞻仰($Number$/$Number1$)","<T t=""找到排行榜第一的大佬！"" c=""ff5f3e22""></T><T t=""$NPCName$"" c=""ff005b0f""></T><T t=""膜拜他的英姿！"" c=""ff5f3e22""></T>","","40","","","","","","1"
"1260001","1260000","膜拜任务","1","13","","0","膜拜任务","膜拜任务-瞻仰($Number$/$Number1$)","<T t=""找到排行榜第二的大佬！"" c=""ff5f3e22""></T><T t=""$NPCName$"" c=""ff005b0f""></T><T t=""膜拜他的英姿！"" c=""ff5f3e22""></T>","<T t=""找到排行榜第二的大佬！"" c=""ff5f3e22""></T><T t=""$NPCName$"" c=""ff005b0f""></T><T t=""膜拜他的英姿！"" c=""ff5f3e22""></T>","膜拜任务-瞻仰($Number$/$Number1$)","<T t=""找到排行榜第二的大佬！"" c=""ff5f3e22""></T><T t=""$NPCName$"" c=""ff005b0f""></T><T t=""膜拜他的英姿！"" c=""ff5f3e22""></T>","1","1","","0","","","膜拜任务-瞻仰($Number$/$Number1$)","膜拜任务-瞻仰($Number$/$Number1$)","<T t=""找到排行榜第二的大佬！"" c=""ff5f3e22""></T><T t=""$NPCName$"" c=""ff005b0f""></T><T t=""膜拜他的英姿！"" c=""ff5f3e22""></T>","<T t=""找到排行榜第二的大佬！"" c=""ff5f3e22""></T><T t=""$NPCName$"" c=""ff005b0f""></T><T t=""膜拜他的英姿！"" c=""ff5f3e22""></T>","膜拜任务-瞻仰($Number$/$Number1$)","<T t=""找到排行榜第二的大佬！"" c=""ff5f3e22""></T><T t=""$NPCName$"" c=""ff005b0f""></T><T t=""膜拜他的英姿！"" c=""ff5f3e22""></T>","","40","","","","","","1"
"1270001","1270000","膜拜任务","1","14","","0","膜拜任务","膜拜任务-瞻仰($Number$/$Number1$)","<T t=""找到排行榜第三的大佬！"" c=""ff5f3e22""></T><T t=""$NPCName$"" c=""ff005b0f""></T><T t=""膜拜他的英姿！"" c=""ff5f3e22""></T>","<T t=""找到排行榜第三的大佬！"" c=""ff5f3e22""></T><T t=""$NPCName$"" c=""ff005b0f""></T><T t=""膜拜他的英姿！"" c=""ff5f3e22""></T>","膜拜任务-瞻仰($Number$/$Number1$)","<T t=""找到排行榜第三的大佬！"" c=""ff5f3e22""></T><T t=""$NPCName$"" c=""ff005b0f""></T><T t=""膜拜他的英姿！"" c=""ff5f3e22""></T>","1","1","","0","","","膜拜任务-瞻仰($Number$/$Number1$)","膜拜任务-瞻仰($Number$/$Number1$)","<T t=""找到排行榜第三的大佬！"" c=""ff5f3e22""></T><T t=""$NPCName$"" c=""ff005b0f""></T><T t=""膜拜他的英姿！"" c=""ff5f3e22""></T>","<T t=""找到排行榜第三的大佬！"" c=""ff5f3e22""></T><T t=""$NPCName$"" c=""ff005b0f""></T><T t=""膜拜他的英姿！"" c=""ff5f3e22""></T>","膜拜任务-瞻仰($Number$/$Number1$)","<T t=""找到排行榜第三的大佬！"" c=""ff5f3e22""></T><T t=""$NPCName$"" c=""ff005b0f""></T><T t=""膜拜他的英姿！"" c=""ff5f3e22""></T>","","40","","","","","","1"
"1240001","1240000","经验环拜访","1","1","","1","经验环","经验环•拜访($Number$/$Number1$)","<T t=""拜访给"" c=""ff8c5e2a""></T><T t=""$NPCName$"" c=""FF02972C""></T>","<T t=""帮陆萧然拜访给"" c=""ff8c5e2a""></T><T t=""$NPCName$"" c=""FF02972C""></T><T t=""这个可是讨好他的好机会啊"" c=""ff8c5e2a""></T>","经验环•拜访($Number$/$Number1$)","<T t=""帮陆萧然拜访给"" c=""fffff2df""></T><T t=""$NPCName$"" c=""ff00ff00""></T>","1","1","","0","","","经验环-拜访($Number$/$Number1$)","经验环-拜访($Number$/$Number1$)","<T t=""拜访给"" c=""ff5f3e22""></T><T t=""$NPCName$"" c=""ff005b0f""></T>","<T t=""帮陆萧然拜访给"" c=""ff5f3e22""></T><T t=""$NPCName$"" c=""ff005b0f""></T><T t=""这个可是他的好机会啊"" c=""ff5f3e22""></T>","经验环-拜访($Number$/$Number1$)","<T t=""帮陆萧然拜访给"" c=""ff5f3e22""></T><T t=""$NPCName$"" c=""ff005b0f""></T>","1","2","","193124","","","","1"
"1240002","1240000","经验环寻物-炼药","4","3","","1","经验环","经验环•炼药($Number$/$Number1$)","<T t=""去找个"" c=""ff8c5e2a""></T><T t=""$ItemName$"" c=""FF02972C""></T><T t=""来"" c=""ff8c5e2a""></T>","<T t=""帮陆萧然找个"" c=""ff8c5e2a""></T><T t=""$ItemName$"" c=""FF02972C""></T><T t=""来"" c=""ff8c5e2a""></T><T t=""(拥有$Number2$/$Number3$)"" c=""FF02972C""></T><T t="""" c=""ff8c5e2a""></T>","经验环•炼药($Number$/$Number1$)","<T t=""陆萧然让你寻个"" c=""fffff2df""></T><T t=""$ItemName$"" c=""ff00ff00""></T><T t=""来"" c=""fffff2df""></T><T t=""(拥有$Number2$/$Number3$)"" c=""ff00ff00""></T><T t=""上交高于$Number4$品质，"" c=""ffffff00""></T><T t=""通过炼药获得。"" c=""fffff2df""></T>","1","0","11@161403,12@161403,13@161403,14@161403,15@161403,16@161403,17@161403,18@161403,19@161403,20@161403,21@161403,22@161403,23@161403,24@161403,25@161403","0","","","经验环-寻物($Number$/$Number1$)","经验环-寻物($Number$/$Number1$)","<T t=""去找个"" c=""ff5f3e22""></T><T t=""$ItemName$"" c=""ff005b0f""></T><T t=""来"" c=""ff5f3e22""></T>","<T t=""陆萧然让你去找个"" c=""ff5f3e22""></T><T t=""$ItemName$"" c=""ff005b0f""></T><T t=""来"" c=""ff5f3e22""></T><T t=""(拥有$Number2$/$Number3$)"" c=""ff005b0f""></T><T t=""用来补充你的日常消耗"" c=""ff5f3e22""></T>","经验环-寻物($Number$/$Number1$)","<T t=""陆萧然让你去找个"" c=""ff5f3e22""></T><T t=""$ItemName$"" c=""ff005b0f""></T><T t=""来"" c=""ff5f3e22""></T><T t=""(拥有$Number2$/$Number3$)"" c=""ff005b0f""></T>","7","","8","193124","","","","1"
"1240003","1240000","经验环寻物-烹饪","4","4","","1","经验环","经验环•烹饪($Number$/$Number1$)","<T t=""去找个"" c=""ff8c5e2a""></T><T t=""$ItemName$"" c=""FF02972C""></T><T t=""来"" c=""ff8c5e2a""></T>","<T t=""帮陆萧然找个"" c=""ff8c5e2a""></T><T t=""$ItemName$"" c=""FF02972C""></T><T t=""来"" c=""ff8c5e2a""></T><T t=""(拥有$Number2$/$Number3$)"" c=""FF02972C""></T><T t="""" c=""ff8c5e2a""></T>","经验环•烹饪($Number$/$Number1$)","<T t=""陆萧然让你寻个"" c=""fffff2df""></T><T t=""$ItemName$"" c=""ff00ff00""></T><T t=""来"" c=""fffff2df""></T><T t=""(拥有$Number2$/$Number3$)"" c=""ff00ff00""></T><T t=""上交高于$Number4$品质，"" c=""ffffff00""></T><T t=""通过烹饪获得。"" c=""fffff2df""></T>","1","0","11@161403,12@161403,13@161403,14@161403,15@161403,16@161403,17@161403,18@161403,19@161403,20@161403,21@161403,22@161403,23@161403,24@161403,25@161403","0","","","经验环-寻物($Number$/$Number1$)","经验环-寻物($Number$/$Number1$)","<T t=""去找个"" c=""ff5f3e22""></T><T t=""$ItemName$"" c=""ff005b0f""></T><T t=""来"" c=""ff5f3e22""></T>","<T t=""陆萧然让你去找个"" c=""ff5f3e22""></T><T t=""$ItemName$"" c=""ff005b0f""></T><T t=""来"" c=""ff5f3e22""></T><T t=""(拥有$Number2$/$Number3$)"" c=""ff005b0f""></T><T t=""用来补充你的日常消耗"" c=""ff5f3e22""></T>","经验环-寻物($Number$/$Number1$)","<T t=""陆萧然让你去找个"" c=""ff5f3e22""></T><T t=""$ItemName$"" c=""ff005b0f""></T><T t=""来"" c=""ff5f3e22""></T><T t=""(拥有$Number2$/$Number3$)"" c=""ff005b0f""></T>","7","","8","193124","","","","1"
"1240004","1240000","经验环寻物-环装","4","54","","1","经验环","经验环•寻物($Number$/$Number1$)","<T t=""去找个"" c=""ff8c5e2a""></T><T t=""$ItemName$"" c=""FF02972C""></T><T t=""来"" c=""ff8c5e2a""></T>","<T t=""帮陆萧然找个"" c=""ff8c5e2a""></T><T t=""$ItemName$"" c=""FF02972C""></T><T t=""来"" c=""ff8c5e2a""></T><T t=""(拥有$Number2$/$Number3$)"" c=""FF02972C""></T>","经验环•寻物($Number$/$Number1$)","<T t=""找个"" c=""fffff2df""></T><T t=""$ItemName$"" c=""ff00ff00""></T><T t=""来"" c=""fffff2df""></T><T t=""(拥有$Number2$/$Number3$)"" c=""ff00ff00""></T><T t=""打造或在兵器铺购买。"" c=""fffff2df""></T>","1","0","11@161403,12@161403,13@161403,14@161403,15@161403,16@161403,17@161403,18@161403,19@161403,20@161403,21@161403,22@161403,23@161403,24@161403,25@161403","0","","","经验环-寻物($Number$/$Number1$)","经验环-寻物($Number$/$Number1$)","<T t=""去找个"" c=""ff5f3e22""></T><T t=""$ItemName$"" c=""ff005b0f""></T><T t=""来"" c=""ff5f3e22""></T>","<T t=""陆萧然让你去找个"" c=""ff5f3e22""></T><T t=""$ItemName$"" c=""ff005b0f""></T><T t=""来"" c=""ff5f3e22""></T><T t=""(拥有$Number2$/$Number3$)"" c=""ff005b0f""></T><T t=""用来补充你的日常消耗"" c=""ff5f3e22""></T>","经验环-寻物($Number$/$Number1$)","<T t=""陆萧然让你去找个"" c=""ff5f3e22""></T><T t=""$ItemName$"" c=""ff005b0f""></T><T t=""来"" c=""ff5f3e22""></T><T t=""(拥有$Number2$/$Number3$)"" c=""ff005b0f""></T>","7","","8","193124","","","","1"
"1240005","1240000","经验环收集-宠物","5","1","","1","经验环","经验环•寻宠($Number$/$Number1$)","<T t=""需求"" c=""ff8c5e2a""></T><T t=""$PetName$"" c=""FF02972C""></T>","<T t=""购买一只"" c=""ff8c5e2a""></T><T t=""$PetName$"" c=""FF02972C""></T><T t=""(拥有$Number2$/$Number3$)"" c=""FF02972C""></T><T t=""可前往花香香处购买。"" c=""ff8c5e2a""></T>","经验环•寻宠($Number$/$Number1$)","<T t=""购买一只"" c=""fffff2df""></T><T t=""$PetName$"" c=""ff00ff00""></T><T t=""(拥有$Number2$/$Number3$)"" c=""ff00ff00""></T><T t=""花香香处购买。"" c=""fffff2df""></T>","1","0","11@161403,12@161403,13@161403,14@161403,15@161403,16@161403,17@161403,18@161403,19@161403,20@161403,21@161403,22@161403,23@161403,24@161403,25@161403","0","","","经验环-捉宠($Number$/$Number1$)","经验环-捉宠($Number$/$Number1$)","<T t=""去购买或去挂机场景捉"" c=""ff5f3e22""></T><T t=""$PetName$"" c=""ff005b0f""></T>","<T t=""陆萧然让你去购买或去挂机场景捉"" c=""ff5f3e22""></T><T t=""$PetName$"" c=""ff005b0f""></T><T t=""(拥有$Number2$/$Number3$)"" c=""ff005b0f""></T><T t=""整天找这找那的你是有多穷啊！"" c=""ff5f3e22""></T>","经验环-捉宠($Number$/$Number1$)","<T t=""陆萧然让你去购买或去挂机场景捉"" c=""ff5f3e22""></T><T t=""$PetName$"" c=""ff005b0f""></T><T t=""(拥有$Number2$/$Number3$)"" c=""ff005b0f""></T>","7","","8","193125","","","","1"
"1240006","1240000","经验环挑战任务","7","77","","1","经验环","经验环•切磋($Number$/$Number1$)","<T t=""快去消灭"" c=""ff8c5e2a""></T><T t=""$NPCName$"" c=""FF02972C""></T><T t=""它又在到处捣乱"" c=""ff8c5e2a""></T><T t=""谋害过往行人"" c=""ff8c5e2a""></T>","<T t=""去挑战"" c=""ff8c5e2a""></T><T t=""$NPCName$"" c=""FF02972C""></T><T t=""来"" c=""ff8c5e2a""></T><T t=""证明自己"" c=""ff8c5e2a""></T>","经验环•切磋($Number$/$Number1$)","<T t=""去挑战"" c=""fffff2df""></T><T t=""$NPCName$"" c=""ff00ff00""></T><T t=""来证明自己，"" c=""fffff2df""></T><T t=""加油！"" c=""fffff2df""></T>","1","1","","0","","","经验环-挑战($Number$/$Number1$)","经验环-挑战($Number$/$Number1$)","<T t=""去挑战"" c=""ff5f3e22""></T><T t=""$NPCName$"" c=""ff005b0f""></T><T t=""来"" c=""ff5f3e22""></T><T t=""证明自己"" c=""ff5f3e22""></T>","<T t=""去挑战"" c=""ff5f3e22""></T><T t=""$NPCName$"" c=""ff005b0f""></T><T t=""来"" c=""ff5f3e22""></T><T t=""证明自己"" c=""ff5f3e22""></T>","经验环-挑战($Number$/$Number1$)","<T t=""去挑战"" c=""ff5f3e22""></T><T t=""$NPCName$"" c=""ff005b0f""></T><T t=""来"" c=""ff5f3e22""></T><T t=""证明自己"" c=""ff5f3e22""></T>","7","","8","193124","","","","1"
"1240007","1240000","经验环挑战任务","7","78","","1","经验环","经验环•切磋($Number$/$Number1$)","<T t=""快去消灭"" c=""ff8c5e2a""></T><T t=""$NPCName$"" c=""FF02972C""></T><T t=""它又在到处捣乱"" c=""ff8c5e2a""></T><T t=""谋害过往行人"" c=""ff8c5e2a""></T>","<T t=""去挑战"" c=""ff8c5e2a""></T><T t=""$NPCName$"" c=""FF02972C""></T><T t=""来"" c=""ff8c5e2a""></T><T t=""证明自己"" c=""ff8c5e2a""></T>","经验环•切磋($Number$/$Number1$)","<T t=""去挑战"" c=""fffff2df""></T><T t=""$NPCName$"" c=""ff00ff00""></T><T t=""来证明自己，"" c=""fffff2df""></T><T t=""加油！"" c=""fffff2df""></T>","1","1","","0","","","经验环-挑战($Number$/$Number1$)","经验环-挑战($Number$/$Number1$)","<T t=""去挑战"" c=""ff5f3e22""></T><T t=""$NPCName$"" c=""ff005b0f""></T><T t=""来"" c=""ff5f3e22""></T><T t=""证明自己"" c=""ff5f3e22""></T>","<T t=""去挑战"" c=""ff5f3e22""></T><T t=""$NPCName$"" c=""ff005b0f""></T><T t=""来"" c=""ff5f3e22""></T><T t=""证明自己"" c=""ff5f3e22""></T>","经验环-挑战($Number$/$Number1$)","<T t=""去挑战"" c=""ff5f3e22""></T><T t=""$NPCName$"" c=""ff005b0f""></T><T t=""来"" c=""ff5f3e22""></T><T t=""证明自己"" c=""ff5f3e22""></T>","7","","8","193124","","","","1"
"1240008","1240000","经验环挑战任务","7","79","","1","经验环","经验环•切磋($Number$/$Number1$)","<T t=""快去消灭"" c=""ff8c5e2a""></T><T t=""$NPCName$"" c=""FF02972C""></T><T t=""它又在到处捣乱"" c=""ff8c5e2a""></T><T t=""谋害过往行人"" c=""ff8c5e2a""></T>","<T t=""去挑战"" c=""ff8c5e2a""></T><T t=""$NPCName$"" c=""FF02972C""></T><T t=""来"" c=""ff8c5e2a""></T><T t=""证明自己"" c=""ff8c5e2a""></T>","经验环•切磋($Number$/$Number1$)","<T t=""去挑战"" c=""fffff2df""></T><T t=""$NPCName$"" c=""ff00ff00""></T><T t=""来证明自己，"" c=""fffff2df""></T><T t=""加油！"" c=""fffff2df""></T>","1","1","","0","","","经验环-挑战($Number$/$Number1$)","经验环-挑战($Number$/$Number1$)","<T t=""去挑战"" c=""ff5f3e22""></T><T t=""$NPCName$"" c=""ff005b0f""></T><T t=""来"" c=""ff5f3e22""></T><T t=""证明自己"" c=""ff5f3e22""></T>","<T t=""去挑战"" c=""ff5f3e22""></T><T t=""$NPCName$"" c=""ff005b0f""></T><T t=""来"" c=""ff5f3e22""></T><T t=""证明自己"" c=""ff5f3e22""></T>","经验环-挑战($Number$/$Number1$)","<T t=""去挑战"" c=""ff5f3e22""></T><T t=""$NPCName$"" c=""ff005b0f""></T><T t=""来"" c=""ff5f3e22""></T><T t=""证明自己"" c=""ff5f3e22""></T>","7","","8","193124","","","","1"
"1240009","1240000","经验环挑战任务","7","80","","1","经验环","经验环•切磋($Number$/$Number1$)","<T t=""快去消灭"" c=""ff8c5e2a""></T><T t=""$NPCName$"" c=""FF02972C""></T><T t=""它又在到处捣乱"" c=""ff8c5e2a""></T><T t=""谋害过往行人"" c=""ff8c5e2a""></T>","<T t=""去挑战"" c=""ff8c5e2a""></T><T t=""$NPCName$"" c=""FF02972C""></T><T t=""来"" c=""ff8c5e2a""></T><T t=""证明自己"" c=""ff8c5e2a""></T>","经验环•切磋($Number$/$Number1$)","<T t=""去挑战"" c=""fffff2df""></T><T t=""$NPCName$"" c=""ff00ff00""></T><T t=""来证明自己，"" c=""fffff2df""></T><T t=""加油！"" c=""fffff2df""></T>","1","1","","0","","","经验环-挑战($Number$/$Number1$)","经验环-挑战($Number$/$Number1$)","<T t=""去挑战"" c=""ff5f3e22""></T><T t=""$NPCName$"" c=""ff005b0f""></T><T t=""来"" c=""ff5f3e22""></T><T t=""证明自己"" c=""ff5f3e22""></T>","<T t=""去挑战"" c=""ff5f3e22""></T><T t=""$NPCName$"" c=""ff005b0f""></T><T t=""来"" c=""ff5f3e22""></T><T t=""证明自己"" c=""ff5f3e22""></T>","经验环-挑战($Number$/$Number1$)","<T t=""去挑战"" c=""ff5f3e22""></T><T t=""$NPCName$"" c=""ff005b0f""></T><T t=""来"" c=""ff5f3e22""></T><T t=""证明自己"" c=""ff5f3e22""></T>","7","","8","193124","","","","1"
"1240010","1240000","经验环挑战任务","7","81","","1","经验环","经验环•切磋($Number$/$Number1$)","<T t=""快去消灭"" c=""ff8c5e2a""></T><T t=""$NPCName$"" c=""FF02972C""></T><T t=""它又在到处捣乱"" c=""ff8c5e2a""></T><T t=""谋害过往行人"" c=""ff8c5e2a""></T>","<T t=""去挑战"" c=""ff8c5e2a""></T><T t=""$NPCName$"" c=""FF02972C""></T><T t=""来"" c=""ff8c5e2a""></T><T t=""证明自己"" c=""ff8c5e2a""></T>","经验环•切磋($Number$/$Number1$)","<T t=""去挑战"" c=""fffff2df""></T><T t=""$NPCName$"" c=""ff00ff00""></T><T t=""来证明自己，"" c=""fffff2df""></T><T t=""加油！"" c=""fffff2df""></T>","1","1","","0","","","经验环-挑战($Number$/$Number1$)","经验环-挑战($Number$/$Number1$)","<T t=""去挑战"" c=""ff5f3e22""></T><T t=""$NPCName$"" c=""ff005b0f""></T><T t=""来"" c=""ff5f3e22""></T><T t=""证明自己"" c=""ff5f3e22""></T>","<T t=""去挑战"" c=""ff5f3e22""></T><T t=""$NPCName$"" c=""ff005b0f""></T><T t=""来"" c=""ff5f3e22""></T><T t=""证明自己"" c=""ff5f3e22""></T>","经验环-挑战($Number$/$Number1$)","<T t=""去挑战"" c=""ff5f3e22""></T><T t=""$NPCName$"" c=""ff005b0f""></T><T t=""来"" c=""ff5f3e22""></T><T t=""证明自己"" c=""ff5f3e22""></T>","7","","8","193124","","","","1"
"1240011","1240000","经验环挑战任务","7","82","","1","经验环","经验环•切磋($Number$/$Number1$)","<T t=""快去消灭"" c=""ff8c5e2a""></T><T t=""$NPCName$"" c=""FF02972C""></T><T t=""它又在到处捣乱"" c=""ff8c5e2a""></T><T t=""谋害过往行人"" c=""ff8c5e2a""></T>","<T t=""去挑战"" c=""ff8c5e2a""></T><T t=""$NPCName$"" c=""FF02972C""></T><T t=""来"" c=""ff8c5e2a""></T><T t=""证明自己"" c=""ff8c5e2a""></T>","经验环•切磋($Number$/$Number1$)","<T t=""去挑战"" c=""fffff2df""></T><T t=""$NPCName$"" c=""ff00ff00""></T><T t=""来证明自己，"" c=""fffff2df""></T><T t=""加油！"" c=""fffff2df""></T>","1","1","","0","","","经验环-挑战($Number$/$Number1$)","经验环-挑战($Number$/$Number1$)","<T t=""去挑战"" c=""ff5f3e22""></T><T t=""$NPCName$"" c=""ff005b0f""></T><T t=""来"" c=""ff5f3e22""></T><T t=""证明自己"" c=""ff5f3e22""></T>","<T t=""去挑战"" c=""ff5f3e22""></T><T t=""$NPCName$"" c=""ff005b0f""></T><T t=""来"" c=""ff5f3e22""></T><T t=""证明自己"" c=""ff5f3e22""></T>","经验环-挑战($Number$/$Number1$)","<T t=""去挑战"" c=""ff5f3e22""></T><T t=""$NPCName$"" c=""ff005b0f""></T><T t=""来"" c=""ff5f3e22""></T><T t=""证明自己"" c=""ff5f3e22""></T>","7","","8","193124","","","","1"
"1240012","1240000","经验环挑战任务","7","83","","1","经验环","经验环•切磋($Number$/$Number1$)","<T t=""快去消灭"" c=""ff8c5e2a""></T><T t=""$NPCName$"" c=""FF02972C""></T><T t=""它又在到处捣乱"" c=""ff8c5e2a""></T><T t=""谋害过往行人"" c=""ff8c5e2a""></T>","<T t=""去挑战"" c=""ff8c5e2a""></T><T t=""$NPCName$"" c=""FF02972C""></T><T t=""来"" c=""ff8c5e2a""></T><T t=""证明自己"" c=""ff8c5e2a""></T>","经验环•切磋($Number$/$Number1$)","<T t=""去挑战"" c=""fffff2df""></T><T t=""$NPCName$"" c=""ff00ff00""></T><T t=""来证明自己，"" c=""fffff2df""></T><T t=""加油！"" c=""fffff2df""></T>","1","1","","0","","","经验环-挑战($Number$/$Number1$)","经验环-挑战($Number$/$Number1$)","<T t=""去挑战"" c=""ff5f3e22""></T><T t=""$NPCName$"" c=""ff005b0f""></T><T t=""来"" c=""ff5f3e22""></T><T t=""证明自己"" c=""ff5f3e22""></T>","<T t=""去挑战"" c=""ff5f3e22""></T><T t=""$NPCName$"" c=""ff005b0f""></T><T t=""来"" c=""ff5f3e22""></T><T t=""证明自己"" c=""ff5f3e22""></T>","经验环-挑战($Number$/$Number1$)","<T t=""去挑战"" c=""ff5f3e22""></T><T t=""$NPCName$"" c=""ff005b0f""></T><T t=""来"" c=""ff5f3e22""></T><T t=""证明自己"" c=""ff5f3e22""></T>","7","","8","193124","","","","1"
"1240013","1240000","经验环挑战任务","7","84","","1","经验环","经验环•切磋($Number$/$Number1$)","<T t=""快去消灭"" c=""ff8c5e2a""></T><T t=""$NPCName$"" c=""FF02972C""></T><T t=""它又在到处捣乱"" c=""ff8c5e2a""></T><T t=""谋害过往行人"" c=""ff8c5e2a""></T>","<T t=""去挑战"" c=""ff8c5e2a""></T><T t=""$NPCName$"" c=""FF02972C""></T><T t=""来"" c=""ff8c5e2a""></T><T t=""证明自己"" c=""ff8c5e2a""></T>","经验环•切磋($Number$/$Number1$)","<T t=""去挑战"" c=""fffff2df""></T><T t=""$NPCName$"" c=""ff00ff00""></T><T t=""来证明自己，"" c=""fffff2df""></T><T t=""加油！"" c=""fffff2df""></T>","1","1","","0","","","经验环-挑战($Number$/$Number1$)","经验环-挑战($Number$/$Number1$)","<T t=""去挑战"" c=""ff5f3e22""></T><T t=""$NPCName$"" c=""ff005b0f""></T><T t=""来"" c=""ff5f3e22""></T><T t=""证明自己"" c=""ff5f3e22""></T>","<T t=""去挑战"" c=""ff5f3e22""></T><T t=""$NPCName$"" c=""ff005b0f""></T><T t=""来"" c=""ff5f3e22""></T><T t=""证明自己"" c=""ff5f3e22""></T>","经验环-挑战($Number$/$Number1$)","<T t=""去挑战"" c=""ff5f3e22""></T><T t=""$NPCName$"" c=""ff005b0f""></T><T t=""来"" c=""ff5f3e22""></T><T t=""证明自己"" c=""ff5f3e22""></T>","7","","8","193124","","","","1"
"1240014","1240000","经验环挑战任务","7","85","","1","经验环","经验环•切磋($Number$/$Number1$)","<T t=""快去消灭"" c=""ff8c5e2a""></T><T t=""$NPCName$"" c=""FF02972C""></T><T t=""它又在到处捣乱"" c=""ff8c5e2a""></T><T t=""谋害过往行人"" c=""ff8c5e2a""></T>","<T t=""去挑战"" c=""ff8c5e2a""></T><T t=""$NPCName$"" c=""FF02972C""></T><T t=""来"" c=""ff8c5e2a""></T><T t=""证明自己"" c=""ff8c5e2a""></T>","经验环•切磋($Number$/$Number1$)","<T t=""去挑战"" c=""fffff2df""></T><T t=""$NPCName$"" c=""ff00ff00""></T><T t=""来证明自己，"" c=""fffff2df""></T><T t=""加油！"" c=""fffff2df""></T>","1","1","","0","","","经验环-挑战($Number$/$Number1$)","经验环-挑战($Number$/$Number1$)","<T t=""去挑战"" c=""ff5f3e22""></T><T t=""$NPCName$"" c=""ff005b0f""></T><T t=""来"" c=""ff5f3e22""></T><T t=""证明自己"" c=""ff5f3e22""></T>","<T t=""去挑战"" c=""ff5f3e22""></T><T t=""$NPCName$"" c=""ff005b0f""></T><T t=""来"" c=""ff5f3e22""></T><T t=""证明自己"" c=""ff5f3e22""></T>","经验环-挑战($Number$/$Number1$)","<T t=""去挑战"" c=""ff5f3e22""></T><T t=""$NPCName$"" c=""ff005b0f""></T><T t=""来"" c=""ff5f3e22""></T><T t=""证明自己"" c=""ff5f3e22""></T>","7","","8","193124","","","","1"
"1150001","1150000","","7","86","","170152","年兽","年兽($Number$/$Number1$)","<T t=""驱赶"" c=""ff5f3e22""></T><T t=""$NPCName$"" c=""ff005b0f""></T>","<T t=""驱赶"" c=""ff5f3e22""></T><T t=""$NPCName$"" c=""ff005b0f""></T><T t=""岁岁平安,蛇年大吉"" c=""ff5f3e22""></T>","岁岁平安,蛇年大吉($Number$/$Number1$)","<T t=""驱赶"" c=""fffff2df""></T><T t=""$NPCName$"" c=""ff00ff00""></T><T t=""岁岁平安,蛇年大吉"" c=""fffff2df""></T>","1","1","","0","","","岁岁平安,蛇年大吉($Number$/$Number1$)","岁岁平安,蛇年大吉($Number$/$Number1$)","<T t=""驱赶"" c=""ff5f3e22""></T><T t=""$NPCName$"" c=""ff005b0f""></T>","<T t=""驱赶"" c=""ff5f3e22""></T><T t=""$NPCName$"" c=""ff005b0f""></T><T t=""岁岁平安,蛇年大吉"" c=""ff5f3e22""></T>","岁岁平安,蛇年大吉($Number$/$Number1$)","<T t=""驱赶"" c=""ff5f3e22""></T><T t=""$NPCName$"" c=""ff005b0f""></T><T t=""岁岁平安,蛇年大吉"" c=""ff5f3e22""></T>","10","","","","","","","1"
"1150002","1150000","","7","87","","170152","年兽","年兽($Number$/$Number1$)","<T t=""驱赶"" c=""ff5f3e22""></T><T t=""$NPCName$"" c=""ff005b0f""></T>","<T t=""驱赶"" c=""ff5f3e22""></T><T t=""$NPCName$"" c=""ff005b0f""></T><T t=""岁岁平安,蛇年大吉"" c=""ff5f3e22""></T>","岁岁平安,蛇年大吉($Number$/$Number1$)","<T t=""驱赶"" c=""fffff2df""></T><T t=""$NPCName$"" c=""ff00ff00""></T><T t=""岁岁平安,蛇年大吉"" c=""fffff2df""></T>","1","1","","0","","","岁岁平安,蛇年大吉($Number$/$Number1$)","岁岁平安,蛇年大吉($Number$/$Number1$)","<T t=""驱赶"" c=""ff5f3e22""></T><T t=""$NPCName$"" c=""ff005b0f""></T>","<T t=""驱赶"" c=""ff5f3e22""></T><T t=""$NPCName$"" c=""ff005b0f""></T><T t=""岁岁平安,蛇年大吉"" c=""ff5f3e22""></T>","岁岁平安,蛇年大吉($Number$/$Number1$)","<T t=""驱赶"" c=""ff5f3e22""></T><T t=""$NPCName$"" c=""ff005b0f""></T><T t=""岁岁平安,蛇年大吉"" c=""ff5f3e22""></T>","10","","","","","","","1"
"1150003","1150000","","7","88","","170152","年兽","年兽($Number$/$Number1$)","<T t=""驱赶"" c=""ff5f3e22""></T><T t=""$NPCName$"" c=""ff005b0f""></T>","<T t=""驱赶"" c=""ff5f3e22""></T><T t=""$NPCName$"" c=""ff005b0f""></T><T t=""岁岁平安,蛇年大吉"" c=""ff5f3e22""></T>","岁岁平安,蛇年大吉($Number$/$Number1$)","<T t=""驱赶"" c=""fffff2df""></T><T t=""$NPCName$"" c=""ff00ff00""></T><T t=""岁岁平安,蛇年大吉"" c=""fffff2df""></T>","1","1","","0","","","岁岁平安,蛇年大吉($Number$/$Number1$)","岁岁平安,蛇年大吉($Number$/$Number1$)","<T t=""驱赶"" c=""ff5f3e22""></T><T t=""$NPCName$"" c=""ff005b0f""></T>","<T t=""驱赶"" c=""ff5f3e22""></T><T t=""$NPCName$"" c=""ff005b0f""></T><T t=""岁岁平安,蛇年大吉"" c=""ff5f3e22""></T>","岁岁平安,蛇年大吉($Number$/$Number1$)","<T t=""驱赶"" c=""ff5f3e22""></T><T t=""$NPCName$"" c=""ff005b0f""></T><T t=""岁岁平安,蛇年大吉"" c=""ff5f3e22""></T>","10","","","","","","","1"
"1150004","1150000","","7","89","","170152","年兽","年兽($Number$/$Number1$)","<T t=""驱赶"" c=""ff5f3e22""></T><T t=""$NPCName$"" c=""ff005b0f""></T>","<T t=""驱赶"" c=""ff5f3e22""></T><T t=""$NPCName$"" c=""ff005b0f""></T><T t=""岁岁平安,蛇年大吉"" c=""ff5f3e22""></T>","岁岁平安,蛇年大吉($Number$/$Number1$)","<T t=""驱赶"" c=""fffff2df""></T><T t=""$NPCName$"" c=""ff00ff00""></T><T t=""岁岁平安,蛇年大吉"" c=""fffff2df""></T>","1","1","","0","","","岁岁平安,蛇年大吉($Number$/$Number1$)","岁岁平安,蛇年大吉($Number$/$Number1$)","<T t=""驱赶"" c=""ff5f3e22""></T><T t=""$NPCName$"" c=""ff005b0f""></T>","<T t=""驱赶"" c=""ff5f3e22""></T><T t=""$NPCName$"" c=""ff005b0f""></T><T t=""岁岁平安,蛇年大吉"" c=""ff5f3e22""></T>","岁岁平安,蛇年大吉($Number$/$Number1$)","<T t=""驱赶"" c=""ff5f3e22""></T><T t=""$NPCName$"" c=""ff005b0f""></T><T t=""岁岁平安,蛇年大吉"" c=""ff5f3e22""></T>","10","","","","","","","1"
"1150005","1150000","","7","90","","170152","年兽","年兽($Number$/$Number1$)","<T t=""驱赶"" c=""ff5f3e22""></T><T t=""$NPCName$"" c=""ff005b0f""></T>","<T t=""驱赶"" c=""ff5f3e22""></T><T t=""$NPCName$"" c=""ff005b0f""></T><T t=""岁岁平安,蛇年大吉"" c=""ff5f3e22""></T>","岁岁平安,蛇年大吉($Number$/$Number1$)","<T t=""驱赶"" c=""fffff2df""></T><T t=""$NPCName$"" c=""ff00ff00""></T><T t=""岁岁平安,蛇年大吉"" c=""fffff2df""></T>","1","1","","0","","","岁岁平安,蛇年大吉($Number$/$Number1$)","岁岁平安,蛇年大吉($Number$/$Number1$)","<T t=""驱赶"" c=""ff5f3e22""></T><T t=""$NPCName$"" c=""ff005b0f""></T>","<T t=""驱赶"" c=""ff5f3e22""></T><T t=""$NPCName$"" c=""ff005b0f""></T><T t=""岁岁平安,蛇年大吉"" c=""ff5f3e22""></T>","岁岁平安,蛇年大吉($Number$/$Number1$)","<T t=""驱赶"" c=""ff5f3e22""></T><T t=""$NPCName$"" c=""ff005b0f""></T><T t=""岁岁平安,蛇年大吉"" c=""ff5f3e22""></T>","10","","","","","","","1"
"1150006","1150000","","7","91","","170152","年兽","年兽($Number$/$Number1$)","<T t=""驱赶"" c=""ff5f3e22""></T><T t=""$NPCName$"" c=""ff005b0f""></T>","<T t=""驱赶"" c=""ff5f3e22""></T><T t=""$NPCName$"" c=""ff005b0f""></T><T t=""岁岁平安,蛇年大吉"" c=""ff5f3e22""></T>","岁岁平安,蛇年大吉($Number$/$Number1$)","<T t=""驱赶"" c=""fffff2df""></T><T t=""$NPCName$"" c=""ff00ff00""></T><T t=""岁岁平安,蛇年大吉"" c=""fffff2df""></T>","1","1","","0","","","岁岁平安,蛇年大吉($Number$/$Number1$)","岁岁平安,蛇年大吉($Number$/$Number1$)","<T t=""驱赶"" c=""ff5f3e22""></T><T t=""$NPCName$"" c=""ff005b0f""></T>","<T t=""驱赶"" c=""ff5f3e22""></T><T t=""$NPCName$"" c=""ff005b0f""></T><T t=""岁岁平安,蛇年大吉"" c=""ff5f3e22""></T>","岁岁平安,蛇年大吉($Number$/$Number1$)","<T t=""驱赶"" c=""ff5f3e22""></T><T t=""$NPCName$"" c=""ff005b0f""></T><T t=""岁岁平安,蛇年大吉"" c=""ff5f3e22""></T>","10","","","","","","","1"
"1150007","1150000","","7","92","","170152","年兽","年兽($Number$/$Number1$)","<T t=""驱赶"" c=""ff5f3e22""></T><T t=""$NPCName$"" c=""ff005b0f""></T>","<T t=""驱赶"" c=""ff5f3e22""></T><T t=""$NPCName$"" c=""ff005b0f""></T><T t=""岁岁平安,蛇年大吉"" c=""ff5f3e22""></T>","岁岁平安,蛇年大吉($Number$/$Number1$)","<T t=""驱赶"" c=""fffff2df""></T><T t=""$NPCName$"" c=""ff00ff00""></T><T t=""岁岁平安,蛇年大吉"" c=""fffff2df""></T>","1","1","","0","","","岁岁平安,蛇年大吉($Number$/$Number1$)","岁岁平安,蛇年大吉($Number$/$Number1$)","<T t=""驱赶"" c=""ff5f3e22""></T><T t=""$NPCName$"" c=""ff005b0f""></T>","<T t=""驱赶"" c=""ff5f3e22""></T><T t=""$NPCName$"" c=""ff005b0f""></T><T t=""岁岁平安,蛇年大吉"" c=""ff5f3e22""></T>","岁岁平安,蛇年大吉($Number$/$Number1$)","<T t=""驱赶"" c=""ff5f3e22""></T><T t=""$NPCName$"" c=""ff005b0f""></T><T t=""岁岁平安,蛇年大吉"" c=""ff5f3e22""></T>","10","","","","","","","1"
"1150008","1150000","","7","93","","170152","年兽","年兽($Number$/$Number1$)","<T t=""驱赶"" c=""ff5f3e22""></T><T t=""$NPCName$"" c=""ff005b0f""></T>","<T t=""驱赶"" c=""ff5f3e22""></T><T t=""$NPCName$"" c=""ff005b0f""></T><T t=""岁岁平安,蛇年大吉"" c=""ff5f3e22""></T>","岁岁平安,蛇年大吉($Number$/$Number1$)","<T t=""驱赶"" c=""fffff2df""></T><T t=""$NPCName$"" c=""ff00ff00""></T><T t=""岁岁平安,蛇年大吉"" c=""fffff2df""></T>","1","1","","0","","","岁岁平安,蛇年大吉($Number$/$Number1$)","岁岁平安,蛇年大吉($Number$/$Number1$)","<T t=""驱赶"" c=""ff5f3e22""></T><T t=""$NPCName$"" c=""ff005b0f""></T>","<T t=""驱赶"" c=""ff5f3e22""></T><T t=""$NPCName$"" c=""ff005b0f""></T><T t=""岁岁平安,蛇年大吉"" c=""ff5f3e22""></T>","岁岁平安,蛇年大吉($Number$/$Number1$)","<T t=""驱赶"" c=""ff5f3e22""></T><T t=""$NPCName$"" c=""ff005b0f""></T><T t=""岁岁平安,蛇年大吉"" c=""ff5f3e22""></T>","10","","","","","","","1"
"1150009","1150000","","7","94","","170152","年兽","年兽($Number$/$Number1$)","<T t=""驱赶"" c=""ff5f3e22""></T><T t=""$NPCName$"" c=""ff005b0f""></T>","<T t=""驱赶"" c=""ff5f3e22""></T><T t=""$NPCName$"" c=""ff005b0f""></T><T t=""岁岁平安,蛇年大吉"" c=""ff5f3e22""></T>","岁岁平安,蛇年大吉($Number$/$Number1$)","<T t=""驱赶"" c=""fffff2df""></T><T t=""$NPCName$"" c=""ff00ff00""></T><T t=""岁岁平安,蛇年大吉"" c=""fffff2df""></T>","1","1","","0","","","岁岁平安,蛇年大吉($Number$/$Number1$)","岁岁平安,蛇年大吉($Number$/$Number1$)","<T t=""驱赶"" c=""ff5f3e22""></T><T t=""$NPCName$"" c=""ff005b0f""></T>","<T t=""驱赶"" c=""ff5f3e22""></T><T t=""$NPCName$"" c=""ff005b0f""></T><T t=""岁岁平安,蛇年大吉"" c=""ff5f3e22""></T>","岁岁平安,蛇年大吉($Number$/$Number1$)","<T t=""驱赶"" c=""ff5f3e22""></T><T t=""$NPCName$"" c=""ff005b0f""></T><T t=""岁岁平安,蛇年大吉"" c=""ff5f3e22""></T>","10","","","","","","","1"
"1150010","1150000","","7","95","","170152","年兽","年兽($Number$/$Number1$)","<T t=""驱赶"" c=""ff5f3e22""></T><T t=""$NPCName$"" c=""ff005b0f""></T>","<T t=""驱赶"" c=""ff5f3e22""></T><T t=""$NPCName$"" c=""ff005b0f""></T><T t=""岁岁平安,蛇年大吉"" c=""ff5f3e22""></T>","岁岁平安,蛇年大吉($Number$/$Number1$)","<T t=""驱赶"" c=""fffff2df""></T><T t=""$NPCName$"" c=""ff00ff00""></T><T t=""岁岁平安,蛇年大吉"" c=""fffff2df""></T>","1","1","","0","","","岁岁平安,蛇年大吉($Number$/$Number1$)","岁岁平安,蛇年大吉($Number$/$Number1$)","<T t=""驱赶"" c=""ff5f3e22""></T><T t=""$NPCName$"" c=""ff005b0f""></T>","<T t=""驱赶"" c=""ff5f3e22""></T><T t=""$NPCName$"" c=""ff005b0f""></T><T t=""岁岁平安,蛇年大吉"" c=""ff5f3e22""></T>","岁岁平安,蛇年大吉($Number$/$Number1$)","<T t=""驱赶"" c=""ff5f3e22""></T><T t=""$NPCName$"" c=""ff005b0f""></T><T t=""岁岁平安,蛇年大吉"" c=""ff5f3e22""></T>","10","","","","","","","1"
