07-05 10:24:42:614[INFO]<main>-log4j init over!
07-05 10:24:42:728[FATAL]<main>-mkdb start begin
07-05 10:24:42:744[INFO]<main>-System.load(/home/game/common/sdk_server/libdb_amd64.so)
Java HotSpot(TM) 64-Bit Server VM warning: You have loaded library /home/game/common/sdk_server/libdb_amd64.so which might have disabled stack guard. The VM will try to fix the stack guard now.
It's highly recommended that you fix the library with 'execstack -c <libfile>', or link it with '-z noexecstack'.
07-05 10:24:42:763[FATAL]<main>-mkdb start end
07-05 10:24:42:768[DEBUG]<main>-Pre load refunds list:refunds.csv
07-05 10:24:42:771[DEBUG]<main>-Config.load(sdk.config.xml) (defaultplattype = 1 jmxrmiport = 2701 jmxserverport = 2702 httpserverip = 0.0.0.0 httpserverport = 8081 xiooutputsecurity =  xioinputsecurity =  redisserverip = 127.0.0.1 redisserverport = 6379)
07-05 10:24:42:771[DEBUG]<main>-Config.load plat classname = com.locojoy.sdk.plats.LocojoyPlat plattype = 1
07-05 10:24:42:775[DEBUG]<main>-LocojoyPlat.init (gameid = 88 httpurl = http://127.0.0.1:88/api/game/sdk httpcallbackapi = /locojoycallback httpconfig = (connecttimeout = 15000 readtimeout = 5000) )
07-05 10:24:42:776[DEBUG]<main>-Config.load plat classname = com.locojoy.sdk.plats.OneSdkPlat plattype = 2
07-05 10:24:42:777[DEBUG]<main>-LocojoyPlat.init (gameid = 88 httpurl = http://billingtest.locojoy.com/api/1sdk/Login.ashx httpcallbackapi =  httpconfig = (connecttimeout = 15000 readtimeout = 5000) )
07-05 10:24:42:778[DEBUG]<main>-Config.load plat classname = com.locojoy.sdk.plats.Hybrid plattype = 9999
07-05 10:24:42:778[DEBUG]<main>-Hybrid.init (platprocessdefault = ljpl)
07-05 10:24:42:779[WARN]<main>-=====Start allow robot name startwith 'mt3robot' login in Config!Maybe not security!=====
07-05 10:24:42:781[DEBUG]<main>-Config.initChargeRefundInfo chargeRefunds size:0
07-05 10:24:42:992[INFO]<Thread-5>-ServersId:

07-05 10:24:42:996[INFO]<main>-mkio.Engine started
07-05 10:24:55:449[DEBUG]<mkio.Engine.2>-mkio.Protocol execute type=8900 class=openau.RegistGameServerRequest this=(1,B10,16777343,169083146,0,)
07-05 10:24:55:449[DEBUG]<mkio.Engine.2>-execute(1,B10,16777343,169083146,0,)
07-05 10:24:55:450[INFO]<mkdb.Worker..35>-RegistGameServerRequest.process serverid=1000000001,plattype=1,ptprocess=1
07-05 10:24:55:450[DEBUG]<mkdb.Worker..35>-mkio.send type=8901 class=openau.RegistGameServerResponse this=(1,)
07-05 10:25:42:849[INFO]<mkdb.Checkpoint>----------------- begin ----------------
07-05 10:25:42:850[INFO]<mkdb.Checkpoint>-marshalN=1/0
07-05 10:25:42:850[INFO]<mkdb.Checkpoint>-snapshot=0 marshal0=0
07-05 10:25:42:851[INFO]<mkdb.Checkpoint>-flush=0
07-05 10:25:42:851[INFO]<mkdb.Checkpoint>------------------ end -----------------
07-05 10:25:42:993[INFO]<Thread-5>-ServersId:
[1000000001/127.0.0.1:38384]

07-05 10:25:56:565[DEBUG]<mkio.Engine.2>-mkio.Rpc.request execute type=8903 class=openau.AuAnyLogin this=((B6,B6,B16,B12,1622939419,1,88,B32,B10,B0,B0,B0,), (0,-1,B0,B0,0,B0,))
07-05 10:25:56:566[DEBUG]<mkio.Engine.2>-execute((B6,B6,B16,B12,1622939419,1,88,B32,B10,B0,B0,B0,), (0,-1,B0,B0,0,B0,))
07-05 10:25:56:566[DEBUG]<mkdb.Worker..36>-LocojoyPlat.userLogin account=www123,
,session=www123loginipstr=27.23.188.96,loginip=1622939419,plattype=1,gameid=88,serverid=1000000001,selfchannel=,childchannel=,deviceid=
07-05 10:25:56:566[DEBUG]<mkdb.Worker..36>-LocojoyPlat.userLogin account=www123!Isn't the allow robot name(mt3robot)!Will do sdk http login!
07-05 10:25:56:566[DEBUG]<mkdb.Worker..36>-LocojoyPlat.userLogin start doHttpLogin serverid=1000000001,selfchannel=
07-05 10:25:56:567[DEBUG]<mkdb.Worker..36>-HttpIO.getRequest url = http://127.0.0.1:88/api/game/sdk?account=www123&password=www123&serverId=1000000001
07-05 10:25:56:682[DEBUG]<mkdb.Worker..36>-LocojoyPlat.userLogin finish doHttpLogin serverid=1000000001,selfchannel=
07-05 10:25:56:682[DEBUG]<mkdb.Worker..36>-LocojoyPlat.userLogin doHttpLogin={"Code":"1","Channel":"1","PlatformId":"1","Account":"www123","Message":"登录成功!","Session":"261b7c6ee97b3e614e3b354ebfab238bb3228dec035de131d3594c505604454c","BindTicket":"","BindTicketExpire":0,"request_id":"7246f3b78c33a529"}
07-05 10:25:56:687[DEBUG]<mkdb.Worker..36>-LocojoyPlat.userLogin make account=1@@1@@www123
07-05 10:25:56:697[DEBUG]<mkdb.Worker..36>-LocojoyPlat.onUserLoginSucceed plat=ljpl,account=1@@1@@www123,userid=1
07-05 10:25:56:697[DEBUG]<mkdb.Worker..36>-mkio.send type=8903 class=openau.AuAnyLogin this=((B6,B6,B16,B12,1622939419,1,88,B32,B10,B0,B0,B0,), (0,1,B4,B12,0,B0,))
07-05 10:26:00:145[DEBUG]<mkio.Engine.2>-mkio.Protocol execute type=8920 class=openau.DataBetweenAuAnyAndGS this=(1,9001,2,B24,0,)
07-05 10:26:00:145[DEBUG]<mkio.Engine.2>-execute(1,9001,2,B24,0,)
07-05 10:26:00:149[INFO]<mkdb.Worker.procedure.39>-PGetChargeRefundInfo.userid:1,username:1@@1@@www123,ousername:1@@1@@www123,config charge:null,chargeRe:null
07-05 10:26:00:150[INFO]<mkdb.Worker.procedure.39>-PGetChargeRefundInfo.user 1in server 1000000001cannot charge refund.
07-05 10:26:00:150[DEBUG]<mkdb.Worker.procedure.39>-mkio.send type=8920 class=openau.DataBetweenAuAnyAndGS this=(1,9002,1,B2,0,)
07-05 10:26:00:350[DEBUG]<mkio.Engine.2>-mkio.Protocol execute type=8920 class=openau.DataBetweenAuAnyAndGS this=(1,9001,2,B24,0,)
07-05 10:26:00:350[DEBUG]<mkio.Engine.2>-execute(1,9001,2,B24,0,)
07-05 10:26:00:354[INFO]<mkdb.Worker.procedure.42>-PGetChargeRefundInfo.userid:1,username:1@@1@@www123,ousername:1@@1@@www123,config charge:null,chargeRe:null
07-05 10:26:00:354[INFO]<mkdb.Worker.procedure.42>-PGetChargeRefundInfo.user 1in server 1000000001cannot charge refund.
07-05 10:26:00:354[DEBUG]<mkdb.Worker.procedure.42>-mkio.send type=8920 class=openau.DataBetweenAuAnyAndGS this=(1,9002,1,B2,0,)
07-05 10:26:42:912[INFO]<mkdb.Checkpoint>----------------- begin ----------------
07-05 10:26:42:913[INFO]<mkdb.Checkpoint>-marshalN=1/0
07-05 10:26:42:913[INFO]<mkdb.Checkpoint>-snapshot=0 marshal0=0
07-05 10:26:42:914[INFO]<mkdb.Checkpoint>-flush=0
07-05 10:26:42:914[INFO]<mkdb.Checkpoint>------------------ end -----------------
07-05 10:26:42:993[INFO]<Thread-5>-ServersId:
[1000000001/127.0.0.1:38384]

07-05 10:27:42:974[INFO]<mkdb.Checkpoint>----------------- begin ----------------
07-05 10:27:42:974[INFO]<mkdb.Checkpoint>-marshalN=1/0
07-05 10:27:42:974[INFO]<mkdb.Checkpoint>-snapshot=0 marshal0=0
07-05 10:27:42:974[INFO]<mkdb.Checkpoint>-flush=0
07-05 10:27:42:974[INFO]<mkdb.Checkpoint>------------------ end -----------------
07-05 10:27:42:993[INFO]<Thread-5>-ServersId:
[1000000001/127.0.0.1:38384]

07-05 10:28:42:994[INFO]<Thread-5>-ServersId:
[1000000001/127.0.0.1:38384]

07-05 10:28:43:041[INFO]<mkdb.Checkpoint>----------------- begin ----------------
07-05 10:28:43:041[INFO]<mkdb.Checkpoint>-marshalN=1/0
07-05 10:28:43:041[INFO]<mkdb.Checkpoint>-snapshot=0 marshal0=0
07-05 10:28:43:042[INFO]<mkdb.Checkpoint>-flush=0
07-05 10:28:43:042[INFO]<mkdb.Checkpoint>------------------ end -----------------
07-05 10:29:42:994[INFO]<Thread-5>-ServersId:
[1000000001/127.0.0.1:38384]

07-05 10:29:43:102[INFO]<mkdb.Checkpoint>----------------- begin ----------------
07-05 10:29:43:103[INFO]<mkdb.Checkpoint>-marshalN=1/0
07-05 10:29:43:103[INFO]<mkdb.Checkpoint>-snapshot=0 marshal0=0
07-05 10:29:43:103[INFO]<mkdb.Checkpoint>-flush=0
07-05 10:29:43:103[INFO]<mkdb.Checkpoint>------------------ end -----------------
07-05 10:29:54:590[DEBUG]<mkio.Engine.2>-mkio.Protocol execute type=8058 class=gnet.AuGameKeepAlive this=(1783218594589,)
07-05 10:29:54:590[DEBUG]<mkio.Engine.2>-execute(1783218594589,)
07-05 10:29:54:590[DEBUG]<mkdb.Worker..45>-mkio.send type=8058 class=gnet.AuGameKeepAlive this=(1783218594589,)
07-05 10:30:42:994[INFO]<Thread-5>-ServersId:
[1000000001/127.0.0.1:38384]

07-05 10:30:43:170[INFO]<mkdb.Checkpoint>----------------- begin ----------------
07-05 10:30:43:170[INFO]<mkdb.Checkpoint>-marshalN=1/0
07-05 10:30:43:170[INFO]<mkdb.Checkpoint>-snapshot=0 marshal0=0
07-05 10:30:43:171[INFO]<mkdb.Checkpoint>-flush=0
07-05 10:30:43:171[INFO]<mkdb.Checkpoint>------------------ end -----------------
07-05 10:31:42:995[INFO]<Thread-5>-ServersId:
[1000000001/127.0.0.1:38384]

07-05 10:31:43:235[INFO]<mkdb.Checkpoint>----------------- begin ----------------
07-05 10:31:43:235[INFO]<mkdb.Checkpoint>-marshalN=1/0
07-05 10:31:43:236[INFO]<mkdb.Checkpoint>-snapshot=0 marshal0=0
07-05 10:31:43:236[INFO]<mkdb.Checkpoint>-flush=0
07-05 10:31:43:236[INFO]<mkdb.Checkpoint>------------------ end -----------------
07-05 10:32:42:995[INFO]<Thread-5>-ServersId:
[1000000001/127.0.0.1:38384]

07-05 10:32:43:303[INFO]<mkdb.Checkpoint>----------------- begin ----------------
07-05 10:32:43:303[INFO]<mkdb.Checkpoint>-marshalN=1/0
07-05 10:32:43:303[INFO]<mkdb.Checkpoint>-snapshot=0 marshal0=0
07-05 10:32:43:303[INFO]<mkdb.Checkpoint>-flush=0
07-05 10:32:43:303[INFO]<mkdb.Checkpoint>------------------ end -----------------
07-05 10:33:42:995[INFO]<Thread-5>-ServersId:
[1000000001/127.0.0.1:38384]

07-05 10:33:43:359[INFO]<mkdb.Checkpoint>----------------- begin ----------------
07-05 10:33:43:359[INFO]<mkdb.Checkpoint>-marshalN=1/0
07-05 10:33:43:360[INFO]<mkdb.Checkpoint>-snapshot=0 marshal0=0
07-05 10:33:43:360[INFO]<mkdb.Checkpoint>-flush=0
07-05 10:33:43:360[INFO]<mkdb.Checkpoint>------------------ end -----------------
07-05 10:34:42:996[INFO]<Thread-5>-ServersId:
[1000000001/127.0.0.1:38384]

07-05 10:34:43:411[INFO]<mkdb.Checkpoint>----------------- begin ----------------
07-05 10:34:43:412[INFO]<mkdb.Checkpoint>-marshalN=1/0
07-05 10:34:43:412[INFO]<mkdb.Checkpoint>-snapshot=0 marshal0=0
07-05 10:34:43:412[INFO]<mkdb.Checkpoint>-flush=0
07-05 10:34:43:412[INFO]<mkdb.Checkpoint>------------------ end -----------------
07-05 10:34:54:887[DEBUG]<mkio.Engine.2>-mkio.Protocol execute type=8058 class=gnet.AuGameKeepAlive this=(1783218894887,)
07-05 10:34:54:888[DEBUG]<mkio.Engine.2>-execute(1783218894887,)
07-05 10:34:54:888[DEBUG]<mkdb.Worker..47>-mkio.send type=8058 class=gnet.AuGameKeepAlive this=(1783218894887,)
07-05 10:35:42:996[INFO]<Thread-5>-ServersId:
[1000000001/127.0.0.1:38384]

07-05 10:35:43:465[INFO]<mkdb.Checkpoint>----------------- begin ----------------
07-05 10:35:43:465[INFO]<mkdb.Checkpoint>-marshalN=1/0
07-05 10:35:43:466[INFO]<mkdb.Checkpoint>-snapshot=0 marshal0=0
07-05 10:35:43:466[INFO]<mkdb.Checkpoint>-flush=0
07-05 10:35:43:466[INFO]<mkdb.Checkpoint>------------------ end -----------------
07-05 10:36:42:996[INFO]<Thread-5>-ServersId:
[1000000001/127.0.0.1:38384]

07-05 10:36:43:522[INFO]<mkdb.Checkpoint>----------------- begin ----------------
07-05 10:36:43:522[INFO]<mkdb.Checkpoint>-marshalN=1/0
07-05 10:36:43:522[INFO]<mkdb.Checkpoint>-snapshot=0 marshal0=0
07-05 10:36:43:522[INFO]<mkdb.Checkpoint>-flush=0
07-05 10:36:43:522[INFO]<mkdb.Checkpoint>------------------ end -----------------
07-05 10:37:42:997[INFO]<Thread-5>-ServersId:
[1000000001/127.0.0.1:38384]

07-05 10:37:43:583[INFO]<mkdb.Checkpoint>----------------- begin ----------------
07-05 10:37:43:583[INFO]<mkdb.Checkpoint>-marshalN=1/0
07-05 10:37:43:583[INFO]<mkdb.Checkpoint>-snapshot=0 marshal0=0
07-05 10:37:43:583[INFO]<mkdb.Checkpoint>-flush=0
07-05 10:37:43:583[INFO]<mkdb.Checkpoint>------------------ end -----------------
07-05 10:38:42:997[INFO]<Thread-5>-ServersId:
[1000000001/127.0.0.1:38384]

07-05 10:38:43:645[INFO]<mkdb.Checkpoint>----------------- begin ----------------
07-05 10:38:43:645[INFO]<mkdb.Checkpoint>-marshalN=1/0
07-05 10:38:43:645[INFO]<mkdb.Checkpoint>-snapshot=0 marshal0=0
07-05 10:38:43:645[INFO]<mkdb.Checkpoint>-flush=0
07-05 10:38:43:645[INFO]<mkdb.Checkpoint>------------------ end -----------------
07-05 10:39:42:997[INFO]<Thread-5>-ServersId:
[1000000001/127.0.0.1:38384]

07-05 10:39:43:701[INFO]<mkdb.Checkpoint>----------------- begin ----------------
07-05 10:39:43:701[INFO]<mkdb.Checkpoint>-marshalN=1/0
07-05 10:39:43:701[INFO]<mkdb.Checkpoint>-snapshot=0 marshal0=0
07-05 10:39:43:702[INFO]<mkdb.Checkpoint>-flush=0
07-05 10:39:43:702[INFO]<mkdb.Checkpoint>------------------ end -----------------
07-05 10:39:54:180[DEBUG]<mkio.Engine.2>-mkio.Protocol execute type=8058 class=gnet.AuGameKeepAlive this=(1783219194180,)
07-05 10:39:54:181[DEBUG]<mkio.Engine.2>-execute(1783219194180,)
07-05 10:39:54:181[DEBUG]<mkdb.Worker..49>-mkio.send type=8058 class=gnet.AuGameKeepAlive this=(1783219194180,)
07-05 10:40:42:998[INFO]<Thread-5>-ServersId:
[1000000001/127.0.0.1:38384]

07-05 10:40:43:760[INFO]<mkdb.Checkpoint>----------------- begin ----------------
07-05 10:40:43:760[INFO]<mkdb.Checkpoint>-marshalN=1/0
07-05 10:40:43:760[INFO]<mkdb.Checkpoint>-snapshot=0 marshal0=0
07-05 10:40:43:760[INFO]<mkdb.Checkpoint>-flush=0
07-05 10:40:43:760[INFO]<mkdb.Checkpoint>------------------ end -----------------
07-05 10:41:42:998[INFO]<Thread-5>-ServersId:
[1000000001/127.0.0.1:38384]

07-05 10:41:43:822[INFO]<mkdb.Checkpoint>----------------- begin ----------------
07-05 10:41:43:823[INFO]<mkdb.Checkpoint>-marshalN=1/0
07-05 10:41:43:823[INFO]<mkdb.Checkpoint>-snapshot=0 marshal0=0
07-05 10:41:43:823[INFO]<mkdb.Checkpoint>-flush=0
07-05 10:41:43:823[INFO]<mkdb.Checkpoint>------------------ end -----------------
07-05 10:42:42:998[INFO]<Thread-5>-ServersId:
[1000000001/127.0.0.1:38384]

07-05 10:42:43:884[INFO]<mkdb.Checkpoint>----------------- begin ----------------
07-05 10:42:43:884[INFO]<mkdb.Checkpoint>-marshalN=1/0
07-05 10:42:43:884[INFO]<mkdb.Checkpoint>-snapshot=0 marshal0=0
07-05 10:42:43:884[INFO]<mkdb.Checkpoint>-flush=0
07-05 10:42:43:884[INFO]<mkdb.Checkpoint>------------------ end -----------------
07-05 10:43:42:999[INFO]<Thread-5>-ServersId:
[1000000001/127.0.0.1:38384]

07-05 10:43:43:944[INFO]<mkdb.Checkpoint>----------------- begin ----------------
07-05 10:43:43:944[INFO]<mkdb.Checkpoint>-marshalN=1/0
07-05 10:43:43:944[INFO]<mkdb.Checkpoint>-snapshot=0 marshal0=0
07-05 10:43:43:944[INFO]<mkdb.Checkpoint>-flush=0
07-05 10:43:43:944[INFO]<mkdb.Checkpoint>------------------ end -----------------
07-05 10:44:42:999[INFO]<Thread-5>-ServersId:
[1000000001/127.0.0.1:38384]

07-05 10:44:44:004[INFO]<mkdb.Checkpoint>----------------- begin ----------------
07-05 10:44:44:005[INFO]<mkdb.Checkpoint>-marshalN=1/0
07-05 10:44:44:005[INFO]<mkdb.Checkpoint>-snapshot=0 marshal0=0
07-05 10:44:44:005[INFO]<mkdb.Checkpoint>-flush=0
07-05 10:44:44:005[INFO]<mkdb.Checkpoint>------------------ end -----------------
07-05 10:44:54:472[DEBUG]<mkio.Engine.2>-mkio.Protocol execute type=8058 class=gnet.AuGameKeepAlive this=(1783219494472,)
07-05 10:44:54:472[DEBUG]<mkio.Engine.2>-execute(1783219494472,)
07-05 10:44:54:473[DEBUG]<mkdb.Worker..51>-mkio.send type=8058 class=gnet.AuGameKeepAlive this=(1783219494472,)
07-05 10:45:43:000[INFO]<Thread-5>-ServersId:
[1000000001/127.0.0.1:38384]

07-05 10:45:44:067[INFO]<mkdb.Checkpoint>----------------- begin ----------------
07-05 10:45:44:067[INFO]<mkdb.Checkpoint>-marshalN=1/0
07-05 10:45:44:067[INFO]<mkdb.Checkpoint>-snapshot=0 marshal0=0
07-05 10:45:44:067[INFO]<mkdb.Checkpoint>-flush=0
07-05 10:45:44:067[INFO]<mkdb.Checkpoint>------------------ end -----------------
07-05 10:46:43:000[INFO]<Thread-5>-ServersId:
[1000000001/127.0.0.1:38384]

07-05 10:46:44:129[INFO]<mkdb.Checkpoint>----------------- begin ----------------
07-05 10:46:44:129[INFO]<mkdb.Checkpoint>-marshalN=1/0
07-05 10:46:44:129[INFO]<mkdb.Checkpoint>-snapshot=0 marshal0=0
07-05 10:46:44:129[INFO]<mkdb.Checkpoint>-flush=0
07-05 10:46:44:129[INFO]<mkdb.Checkpoint>------------------ end -----------------
07-05 10:47:43:000[INFO]<Thread-5>-ServersId:
[1000000001/127.0.0.1:38384]

07-05 10:47:44:190[INFO]<mkdb.Checkpoint>----------------- begin ----------------
07-05 10:47:44:190[INFO]<mkdb.Checkpoint>-marshalN=1/0
07-05 10:47:44:191[INFO]<mkdb.Checkpoint>-snapshot=0 marshal0=0
07-05 10:47:44:191[INFO]<mkdb.Checkpoint>-flush=0
07-05 10:47:44:191[INFO]<mkdb.Checkpoint>------------------ end -----------------
07-05 10:48:43:001[INFO]<Thread-5>-ServersId:
[1000000001/127.0.0.1:38384]

07-05 10:48:44:255[INFO]<mkdb.Checkpoint>----------------- begin ----------------
07-05 10:48:44:256[INFO]<mkdb.Checkpoint>-marshalN=1/0
07-05 10:48:44:256[INFO]<mkdb.Checkpoint>-snapshot=0 marshal0=0
07-05 10:48:44:256[INFO]<mkdb.Checkpoint>-flush=0
07-05 10:48:44:256[INFO]<mkdb.Checkpoint>------------------ end -----------------
07-05 10:49:43:001[INFO]<Thread-5>-ServersId:
[1000000001/127.0.0.1:38384]

07-05 10:49:44:313[INFO]<mkdb.Checkpoint>----------------- begin ----------------
07-05 10:49:44:314[INFO]<mkdb.Checkpoint>-marshalN=1/0
07-05 10:49:44:314[INFO]<mkdb.Checkpoint>-snapshot=0 marshal0=0
07-05 10:49:44:314[INFO]<mkdb.Checkpoint>-flush=0
07-05 10:49:44:314[INFO]<mkdb.Checkpoint>------------------ end -----------------
07-05 10:49:54:763[DEBUG]<mkio.Engine.2>-mkio.Protocol execute type=8058 class=gnet.AuGameKeepAlive this=(1783219794763,)
07-05 10:49:54:763[DEBUG]<mkio.Engine.2>-execute(1783219794763,)
07-05 10:49:54:764[DEBUG]<mkdb.Worker..53>-mkio.send type=8058 class=gnet.AuGameKeepAlive this=(1783219794763,)
07-05 10:50:43:002[INFO]<Thread-5>-ServersId:
[1000000001/127.0.0.1:38384]

07-05 10:50:44:365[INFO]<mkdb.Checkpoint>----------------- begin ----------------
07-05 10:50:44:366[INFO]<mkdb.Checkpoint>-marshalN=1/0
07-05 10:50:44:366[INFO]<mkdb.Checkpoint>-snapshot=0 marshal0=0
07-05 10:50:44:366[INFO]<mkdb.Checkpoint>-flush=0
07-05 10:50:44:366[INFO]<mkdb.Checkpoint>------------------ end -----------------
07-05 10:51:43:002[INFO]<Thread-5>-ServersId:
[1000000001/127.0.0.1:38384]

07-05 10:51:44:419[INFO]<mkdb.Checkpoint>----------------- begin ----------------
07-05 10:51:44:419[INFO]<mkdb.Checkpoint>-marshalN=1/0
07-05 10:51:44:419[INFO]<mkdb.Checkpoint>-snapshot=0 marshal0=0
07-05 10:51:44:419[INFO]<mkdb.Checkpoint>-flush=0
07-05 10:51:44:419[INFO]<mkdb.Checkpoint>------------------ end -----------------
07-05 10:52:43:002[INFO]<Thread-5>-ServersId:
[1000000001/127.0.0.1:38384]

07-05 10:52:44:472[INFO]<mkdb.Checkpoint>----------------- begin ----------------
07-05 10:52:44:473[INFO]<mkdb.Checkpoint>-marshalN=1/0
07-05 10:52:44:473[INFO]<mkdb.Checkpoint>-snapshot=0 marshal0=0
07-05 10:52:44:473[INFO]<mkdb.Checkpoint>-flush=0
07-05 10:52:44:473[INFO]<mkdb.Checkpoint>------------------ end -----------------
07-05 10:53:43:002[INFO]<Thread-5>-ServersId:
[1000000001/127.0.0.1:38384]

07-05 10:53:44:530[INFO]<mkdb.Checkpoint>----------------- begin ----------------
07-05 10:53:44:530[INFO]<mkdb.Checkpoint>-marshalN=1/0
07-05 10:53:44:530[INFO]<mkdb.Checkpoint>-snapshot=0 marshal0=0
07-05 10:53:44:530[INFO]<mkdb.Checkpoint>-flush=0
07-05 10:53:44:530[INFO]<mkdb.Checkpoint>------------------ end -----------------
07-05 10:54:43:003[INFO]<Thread-5>-ServersId:
[1000000001/127.0.0.1:38384]

07-05 10:54:44:591[INFO]<mkdb.Checkpoint>----------------- begin ----------------
07-05 10:54:44:592[INFO]<mkdb.Checkpoint>-marshalN=1/0
07-05 10:54:44:592[INFO]<mkdb.Checkpoint>-snapshot=0 marshal0=0
07-05 10:54:44:592[INFO]<mkdb.Checkpoint>-flush=0
07-05 10:54:44:592[INFO]<mkdb.Checkpoint>------------------ end -----------------
07-05 10:54:54:065[DEBUG]<mkio.Engine.2>-mkio.Protocol execute type=8058 class=gnet.AuGameKeepAlive this=(1783220094064,)
07-05 10:54:54:065[DEBUG]<mkio.Engine.2>-execute(1783220094064,)
07-05 10:54:54:065[DEBUG]<mkdb.Worker..55>-mkio.send type=8058 class=gnet.AuGameKeepAlive this=(1783220094064,)
07-05 10:55:43:003[INFO]<Thread-5>-ServersId:
[1000000001/127.0.0.1:38384]

07-05 10:55:44:655[INFO]<mkdb.Checkpoint>----------------- begin ----------------
07-05 10:55:44:655[INFO]<mkdb.Checkpoint>-marshalN=1/0
07-05 10:55:44:655[INFO]<mkdb.Checkpoint>-snapshot=0 marshal0=0
07-05 10:55:44:656[INFO]<mkdb.Checkpoint>-flush=0
07-05 10:55:44:656[INFO]<mkdb.Checkpoint>------------------ end -----------------
07-05 10:56:43:003[INFO]<Thread-5>-ServersId:
[1000000001/127.0.0.1:38384]

07-05 10:56:44:715[INFO]<mkdb.Checkpoint>----------------- begin ----------------
07-05 10:56:44:715[INFO]<mkdb.Checkpoint>-marshalN=1/0
07-05 10:56:44:715[INFO]<mkdb.Checkpoint>-snapshot=0 marshal0=0
07-05 10:56:44:715[INFO]<mkdb.Checkpoint>-flush=0
07-05 10:56:44:716[INFO]<mkdb.Checkpoint>------------------ end -----------------
07-05 10:57:43:004[INFO]<Thread-5>-ServersId:
[1000000001/127.0.0.1:38384]

07-05 10:57:44:768[INFO]<mkdb.Checkpoint>----------------- begin ----------------
07-05 10:57:44:769[INFO]<mkdb.Checkpoint>-marshalN=1/0
07-05 10:57:44:769[INFO]<mkdb.Checkpoint>-snapshot=0 marshal0=0
07-05 10:57:44:769[INFO]<mkdb.Checkpoint>-flush=0
07-05 10:57:44:769[INFO]<mkdb.Checkpoint>------------------ end -----------------
07-05 10:58:43:004[INFO]<Thread-5>-ServersId:
[1000000001/127.0.0.1:38384]

07-05 10:58:44:824[INFO]<mkdb.Checkpoint>----------------- begin ----------------
07-05 10:58:44:824[INFO]<mkdb.Checkpoint>-marshalN=1/0
07-05 10:58:44:824[INFO]<mkdb.Checkpoint>-snapshot=0 marshal0=0
07-05 10:58:44:824[INFO]<mkdb.Checkpoint>-flush=0
07-05 10:58:44:824[INFO]<mkdb.Checkpoint>------------------ end -----------------
07-05 10:59:43:004[INFO]<Thread-5>-ServersId:
[1000000001/127.0.0.1:38384]

07-05 10:59:44:883[INFO]<mkdb.Checkpoint>----------------- begin ----------------
07-05 10:59:44:884[INFO]<mkdb.Checkpoint>-marshalN=1/0
07-05 10:59:44:884[INFO]<mkdb.Checkpoint>-snapshot=0 marshal0=0
07-05 10:59:44:884[INFO]<mkdb.Checkpoint>-flush=0
07-05 10:59:44:884[INFO]<mkdb.Checkpoint>------------------ end -----------------
07-05 10:59:54:346[DEBUG]<mkio.Engine.2>-mkio.Protocol execute type=8058 class=gnet.AuGameKeepAlive this=(1783220394346,)
07-05 10:59:54:346[DEBUG]<mkio.Engine.2>-execute(1783220394346,)
07-05 10:59:54:346[DEBUG]<mkdb.Worker..57>-mkio.send type=8058 class=gnet.AuGameKeepAlive this=(1783220394346,)
07-05 11:00:43:005[INFO]<Thread-5>-ServersId:
[1000000001/127.0.0.1:38384]

07-05 11:00:44:947[INFO]<mkdb.Checkpoint>----------------- begin ----------------
07-05 11:00:44:947[INFO]<mkdb.Checkpoint>-marshalN=1/0
07-05 11:00:44:947[INFO]<mkdb.Checkpoint>-snapshot=0 marshal0=0
07-05 11:00:44:947[INFO]<mkdb.Checkpoint>-flush=0
07-05 11:00:44:947[INFO]<mkdb.Checkpoint>------------------ end -----------------
07-05 11:01:43:005[INFO]<Thread-5>-ServersId:
[1000000001/127.0.0.1:38384]

07-05 11:01:45:011[INFO]<mkdb.Checkpoint>----------------- begin ----------------
07-05 11:01:45:011[INFO]<mkdb.Checkpoint>-marshalN=1/0
07-05 11:01:45:012[INFO]<mkdb.Checkpoint>-snapshot=0 marshal0=0
07-05 11:01:45:012[INFO]<mkdb.Checkpoint>-flush=0
07-05 11:01:45:012[INFO]<mkdb.Checkpoint>------------------ end -----------------
07-05 11:02:43:005[INFO]<Thread-5>-ServersId:
[1000000001/127.0.0.1:38384]

07-05 11:02:45:076[INFO]<mkdb.Checkpoint>----------------- begin ----------------
07-05 11:02:45:076[INFO]<mkdb.Checkpoint>-marshalN=1/0
07-05 11:02:45:077[INFO]<mkdb.Checkpoint>-snapshot=0 marshal0=0
07-05 11:02:45:077[INFO]<mkdb.Checkpoint>-flush=0
07-05 11:02:45:077[INFO]<mkdb.Checkpoint>------------------ end -----------------
07-05 11:03:43:005[INFO]<Thread-5>-ServersId:
[1000000001/127.0.0.1:38384]

07-05 11:03:45:144[INFO]<mkdb.Checkpoint>----------------- begin ----------------
07-05 11:03:45:144[INFO]<mkdb.Checkpoint>-marshalN=1/0
07-05 11:03:45:144[INFO]<mkdb.Checkpoint>-snapshot=0 marshal0=0
07-05 11:03:45:144[INFO]<mkdb.Checkpoint>-flush=0
07-05 11:03:45:144[INFO]<mkdb.Checkpoint>------------------ end -----------------
07-05 11:04:43:006[INFO]<Thread-5>-ServersId:
[1000000001/127.0.0.1:38384]

07-05 11:04:45:203[INFO]<mkdb.Checkpoint>----------------- begin ----------------
07-05 11:04:45:203[INFO]<mkdb.Checkpoint>-marshalN=1/0
07-05 11:04:45:203[INFO]<mkdb.Checkpoint>-snapshot=0 marshal0=0
07-05 11:04:45:203[INFO]<mkdb.Checkpoint>-flush=0
07-05 11:04:45:203[INFO]<mkdb.Checkpoint>------------------ end -----------------
07-05 11:04:54:612[DEBUG]<mkio.Engine.2>-mkio.Protocol execute type=8058 class=gnet.AuGameKeepAlive this=(1783220694611,)
07-05 11:04:54:612[DEBUG]<mkio.Engine.2>-execute(1783220694611,)
07-05 11:04:54:612[DEBUG]<mkdb.Worker..59>-mkio.send type=8058 class=gnet.AuGameKeepAlive this=(1783220694611,)
07-05 11:05:43:006[INFO]<Thread-5>-ServersId:
[1000000001/127.0.0.1:38384]

07-05 11:05:45:256[INFO]<mkdb.Checkpoint>----------------- begin ----------------
07-05 11:05:45:256[INFO]<mkdb.Checkpoint>-marshalN=1/0
07-05 11:05:45:256[INFO]<mkdb.Checkpoint>-snapshot=0 marshal0=0
07-05 11:05:45:256[INFO]<mkdb.Checkpoint>-flush=0
07-05 11:05:45:256[INFO]<mkdb.Checkpoint>------------------ end -----------------
07-05 11:06:43:006[INFO]<Thread-5>-ServersId:
[1000000001/127.0.0.1:38384]

07-05 11:06:45:313[INFO]<mkdb.Checkpoint>----------------- begin ----------------
07-05 11:06:45:313[INFO]<mkdb.Checkpoint>-marshalN=1/0
07-05 11:06:45:313[INFO]<mkdb.Checkpoint>-snapshot=0 marshal0=0
07-05 11:06:45:313[INFO]<mkdb.Checkpoint>-flush=0
07-05 11:06:45:313[INFO]<mkdb.Checkpoint>------------------ end -----------------
07-05 11:07:43:006[INFO]<Thread-5>-ServersId:
[1000000001/127.0.0.1:38384]

07-05 11:07:45:372[INFO]<mkdb.Checkpoint>----------------- begin ----------------
07-05 11:07:45:372[INFO]<mkdb.Checkpoint>-marshalN=1/0
07-05 11:07:45:372[INFO]<mkdb.Checkpoint>-snapshot=0 marshal0=0
07-05 11:07:45:372[INFO]<mkdb.Checkpoint>-flush=0
07-05 11:07:45:372[INFO]<mkdb.Checkpoint>------------------ end -----------------
07-05 11:08:43:007[INFO]<Thread-5>-ServersId:
[1000000001/127.0.0.1:38384]

07-05 11:08:45:435[INFO]<mkdb.Checkpoint>----------------- begin ----------------
07-05 11:08:45:435[INFO]<mkdb.Checkpoint>-marshalN=1/0
07-05 11:08:45:435[INFO]<mkdb.Checkpoint>-snapshot=0 marshal0=0
07-05 11:08:45:435[INFO]<mkdb.Checkpoint>-flush=0
07-05 11:08:45:435[INFO]<mkdb.Checkpoint>------------------ end -----------------
07-05 11:09:43:007[INFO]<Thread-5>-ServersId:
[1000000001/127.0.0.1:38384]

07-05 11:09:45:495[INFO]<mkdb.Checkpoint>----------------- begin ----------------
07-05 11:09:45:495[INFO]<mkdb.Checkpoint>-marshalN=1/0
07-05 11:09:45:495[INFO]<mkdb.Checkpoint>-snapshot=0 marshal0=0
07-05 11:09:45:495[INFO]<mkdb.Checkpoint>-flush=0
07-05 11:09:45:495[INFO]<mkdb.Checkpoint>------------------ end -----------------
07-05 11:09:54:893[DEBUG]<mkio.Engine.2>-mkio.Protocol execute type=8058 class=gnet.AuGameKeepAlive this=(1783220994892,)
07-05 11:09:54:893[DEBUG]<mkio.Engine.2>-execute(1783220994892,)
07-05 11:09:54:893[DEBUG]<mkdb.Worker..61>-mkio.send type=8058 class=gnet.AuGameKeepAlive this=(1783220994892,)
07-05 11:10:43:007[INFO]<Thread-5>-ServersId:
[1000000001/127.0.0.1:38384]

07-05 11:10:45:557[INFO]<mkdb.Checkpoint>----------------- begin ----------------
07-05 11:10:45:557[INFO]<mkdb.Checkpoint>-marshalN=1/0
07-05 11:10:45:557[INFO]<mkdb.Checkpoint>-snapshot=0 marshal0=0
07-05 11:10:45:557[INFO]<mkdb.Checkpoint>-flush=0
07-05 11:10:45:557[INFO]<mkdb.Checkpoint>------------------ end -----------------
07-05 11:11:43:008[INFO]<Thread-5>-ServersId:
[1000000001/127.0.0.1:38384]

07-05 11:11:45:620[INFO]<mkdb.Checkpoint>----------------- begin ----------------
07-05 11:11:45:620[INFO]<mkdb.Checkpoint>-marshalN=1/0
07-05 11:11:45:620[INFO]<mkdb.Checkpoint>-snapshot=0 marshal0=0
07-05 11:11:45:620[INFO]<mkdb.Checkpoint>-flush=0
07-05 11:11:45:620[INFO]<mkdb.Checkpoint>------------------ end -----------------
07-05 11:12:43:008[INFO]<Thread-5>-ServersId:
[1000000001/127.0.0.1:38384]

07-05 11:12:45:686[INFO]<mkdb.Checkpoint>----------------- begin ----------------
07-05 11:12:45:686[INFO]<mkdb.Checkpoint>-marshalN=1/0
07-05 11:12:45:686[INFO]<mkdb.Checkpoint>-snapshot=0 marshal0=0
07-05 11:12:45:686[INFO]<mkdb.Checkpoint>-flush=0
07-05 11:12:45:686[INFO]<mkdb.Checkpoint>------------------ end -----------------
07-05 11:13:43:008[INFO]<Thread-5>-ServersId:
[1000000001/127.0.0.1:38384]

07-05 11:13:45:753[INFO]<mkdb.Checkpoint>----------------- begin ----------------
07-05 11:13:45:754[INFO]<mkdb.Checkpoint>-marshalN=1/0
07-05 11:13:45:754[INFO]<mkdb.Checkpoint>-snapshot=0 marshal0=0
07-05 11:13:45:754[INFO]<mkdb.Checkpoint>-flush=0
07-05 11:13:45:754[INFO]<mkdb.Checkpoint>------------------ end -----------------
07-05 11:14:43:008[INFO]<Thread-5>-ServersId:
[1000000001/127.0.0.1:38384]

07-05 11:14:45:818[INFO]<mkdb.Checkpoint>----------------- begin ----------------
07-05 11:14:45:818[INFO]<mkdb.Checkpoint>-marshalN=1/0
07-05 11:14:45:818[INFO]<mkdb.Checkpoint>-snapshot=0 marshal0=0
07-05 11:14:45:818[INFO]<mkdb.Checkpoint>-flush=0
07-05 11:14:45:818[INFO]<mkdb.Checkpoint>------------------ end -----------------
07-05 11:14:54:194[DEBUG]<mkio.Engine.2>-mkio.Protocol execute type=8058 class=gnet.AuGameKeepAlive this=(1783221294193,)
07-05 11:14:54:194[DEBUG]<mkio.Engine.2>-execute(1783221294193,)
07-05 11:14:54:194[DEBUG]<mkdb.Worker..63>-mkio.send type=8058 class=gnet.AuGameKeepAlive this=(1783221294193,)
07-05 11:15:43:009[INFO]<Thread-5>-ServersId:
[1000000001/127.0.0.1:38384]

07-05 11:15:45:873[INFO]<mkdb.Checkpoint>----------------- begin ----------------
07-05 11:15:45:873[INFO]<mkdb.Checkpoint>-marshalN=1/0
07-05 11:15:45:873[INFO]<mkdb.Checkpoint>-snapshot=0 marshal0=0
07-05 11:15:45:873[INFO]<mkdb.Checkpoint>-flush=0
07-05 11:15:45:873[INFO]<mkdb.Checkpoint>------------------ end -----------------
07-05 11:16:43:009[INFO]<Thread-5>-ServersId:
[1000000001/127.0.0.1:38384]

07-05 11:16:45:927[INFO]<mkdb.Checkpoint>----------------- begin ----------------
07-05 11:16:45:927[INFO]<mkdb.Checkpoint>-marshalN=1/0
07-05 11:16:45:927[INFO]<mkdb.Checkpoint>-snapshot=0 marshal0=0
07-05 11:16:45:927[INFO]<mkdb.Checkpoint>-flush=0
07-05 11:16:45:927[INFO]<mkdb.Checkpoint>------------------ end -----------------
07-05 11:17:43:009[INFO]<Thread-5>-ServersId:
[1000000001/127.0.0.1:38384]

07-05 11:17:45:981[INFO]<mkdb.Checkpoint>----------------- begin ----------------
07-05 11:17:45:982[INFO]<mkdb.Checkpoint>-marshalN=1/0
07-05 11:17:45:982[INFO]<mkdb.Checkpoint>-snapshot=0 marshal0=0
07-05 11:17:45:982[INFO]<mkdb.Checkpoint>-flush=0
07-05 11:17:45:982[INFO]<mkdb.Checkpoint>------------------ end -----------------
07-05 11:18:43:009[INFO]<Thread-5>-ServersId:
[1000000001/127.0.0.1:38384]

07-05 11:18:46:035[INFO]<mkdb.Checkpoint>----------------- begin ----------------
07-05 11:18:46:035[INFO]<mkdb.Checkpoint>-marshalN=1/0
07-05 11:18:46:035[INFO]<mkdb.Checkpoint>-snapshot=0 marshal0=0
07-05 11:18:46:035[INFO]<mkdb.Checkpoint>-flush=0
07-05 11:18:46:035[INFO]<mkdb.Checkpoint>------------------ end -----------------
07-05 11:19:43:010[INFO]<Thread-5>-ServersId:
[1000000001/127.0.0.1:38384]

07-05 11:19:46:090[INFO]<mkdb.Checkpoint>----------------- begin ----------------
07-05 11:19:46:090[INFO]<mkdb.Checkpoint>-marshalN=1/0
07-05 11:19:46:090[INFO]<mkdb.Checkpoint>-snapshot=0 marshal0=0
07-05 11:19:46:090[INFO]<mkdb.Checkpoint>-flush=0
07-05 11:19:46:090[INFO]<mkdb.Checkpoint>------------------ end -----------------
07-05 11:19:54:497[DEBUG]<mkio.Engine.2>-mkio.Protocol execute type=8058 class=gnet.AuGameKeepAlive this=(1783221594496,)
07-05 11:19:54:497[DEBUG]<mkio.Engine.2>-execute(1783221594496,)
07-05 11:19:54:497[DEBUG]<mkdb.Worker..65>-mkio.send type=8058 class=gnet.AuGameKeepAlive this=(1783221594496,)
07-05 11:20:43:010[INFO]<Thread-5>-ServersId:
[1000000001/127.0.0.1:38384]

07-05 11:20:46:142[INFO]<mkdb.Checkpoint>----------------- begin ----------------
07-05 11:20:46:143[INFO]<mkdb.Checkpoint>-marshalN=1/0
07-05 11:20:46:143[INFO]<mkdb.Checkpoint>-snapshot=0 marshal0=0
07-05 11:20:46:143[INFO]<mkdb.Checkpoint>-flush=0
07-05 11:20:46:143[INFO]<mkdb.Checkpoint>------------------ end -----------------
07-05 11:21:43:010[INFO]<Thread-5>-ServersId:
[1000000001/127.0.0.1:38384]

07-05 11:21:46:198[INFO]<mkdb.Checkpoint>----------------- begin ----------------
07-05 11:21:46:198[INFO]<mkdb.Checkpoint>-marshalN=1/0
07-05 11:21:46:198[INFO]<mkdb.Checkpoint>-snapshot=0 marshal0=0
07-05 11:21:46:198[INFO]<mkdb.Checkpoint>-flush=0
07-05 11:21:46:198[INFO]<mkdb.Checkpoint>------------------ end -----------------
07-05 11:22:43:010[INFO]<Thread-5>-ServersId:
[1000000001/127.0.0.1:38384]

07-05 11:22:46:255[INFO]<mkdb.Checkpoint>----------------- begin ----------------
07-05 11:22:46:255[INFO]<mkdb.Checkpoint>-marshalN=1/0
07-05 11:22:46:255[INFO]<mkdb.Checkpoint>-snapshot=0 marshal0=0
07-05 11:22:46:255[INFO]<mkdb.Checkpoint>-flush=0
07-05 11:22:46:255[INFO]<mkdb.Checkpoint>------------------ end -----------------
07-05 11:23:43:011[INFO]<Thread-5>-ServersId:
[1000000001/127.0.0.1:38384]

07-05 11:23:46:316[INFO]<mkdb.Checkpoint>----------------- begin ----------------
07-05 11:23:46:317[INFO]<mkdb.Checkpoint>-marshalN=1/0
07-05 11:23:46:317[INFO]<mkdb.Checkpoint>-snapshot=0 marshal0=0
07-05 11:23:46:317[INFO]<mkdb.Checkpoint>-flush=0
07-05 11:23:46:317[INFO]<mkdb.Checkpoint>------------------ end -----------------
07-05 11:24:43:011[INFO]<Thread-5>-ServersId:
[1000000001/127.0.0.1:38384]

07-05 11:24:46:380[INFO]<mkdb.Checkpoint>----------------- begin ----------------
07-05 11:24:46:380[INFO]<mkdb.Checkpoint>-marshalN=1/0
07-05 11:24:46:380[INFO]<mkdb.Checkpoint>-snapshot=0 marshal0=0
07-05 11:24:46:380[INFO]<mkdb.Checkpoint>-flush=0
07-05 11:24:46:380[INFO]<mkdb.Checkpoint>------------------ end -----------------
07-05 11:24:54:320[DEBUG]<mkio.Engine.2>-mkio.Protocol execute type=8058 class=gnet.AuGameKeepAlive this=(1783221894320,)
07-05 11:24:54:320[DEBUG]<mkio.Engine.2>-execute(1783221894320,)
07-05 11:24:54:320[DEBUG]<mkdb.Worker..67>-mkio.send type=8058 class=gnet.AuGameKeepAlive this=(1783221894320,)
07-05 11:25:43:011[INFO]<Thread-5>-ServersId:
[1000000001/127.0.0.1:38384]

07-05 11:25:46:443[INFO]<mkdb.Checkpoint>----------------- begin ----------------
07-05 11:25:46:443[INFO]<mkdb.Checkpoint>-marshalN=1/0
07-05 11:25:46:443[INFO]<mkdb.Checkpoint>-snapshot=0 marshal0=0
07-05 11:25:46:443[INFO]<mkdb.Checkpoint>-flush=0
07-05 11:25:46:443[INFO]<mkdb.Checkpoint>------------------ end -----------------
07-05 11:26:43:012[INFO]<Thread-5>-ServersId:
[1000000001/127.0.0.1:38384]

07-05 11:26:46:508[INFO]<mkdb.Checkpoint>----------------- begin ----------------
07-05 11:26:46:508[INFO]<mkdb.Checkpoint>-marshalN=1/0
07-05 11:26:46:508[INFO]<mkdb.Checkpoint>-snapshot=0 marshal0=0
07-05 11:26:46:508[INFO]<mkdb.Checkpoint>-flush=0
07-05 11:26:46:508[INFO]<mkdb.Checkpoint>------------------ end -----------------
07-05 11:27:43:012[INFO]<Thread-5>-ServersId:
[1000000001/127.0.0.1:38384]

07-05 11:27:46:572[INFO]<mkdb.Checkpoint>----------------- begin ----------------
07-05 11:27:46:572[INFO]<mkdb.Checkpoint>-marshalN=1/0
07-05 11:27:46:572[INFO]<mkdb.Checkpoint>-snapshot=0 marshal0=0
07-05 11:27:46:572[INFO]<mkdb.Checkpoint>-flush=0
07-05 11:27:46:572[INFO]<mkdb.Checkpoint>------------------ end -----------------
07-05 11:28:43:012[INFO]<Thread-5>-ServersId:
[1000000001/127.0.0.1:38384]

07-05 11:28:46:632[INFO]<mkdb.Checkpoint>----------------- begin ----------------
07-05 11:28:46:633[INFO]<mkdb.Checkpoint>-marshalN=1/0
07-05 11:28:46:633[INFO]<mkdb.Checkpoint>-snapshot=0 marshal0=0
07-05 11:28:46:633[INFO]<mkdb.Checkpoint>-flush=0
07-05 11:28:46:633[INFO]<mkdb.Checkpoint>------------------ end -----------------
07-05 11:29:43:012[INFO]<Thread-5>-ServersId:
[1000000001/127.0.0.1:38384]

07-05 11:29:46:690[INFO]<mkdb.Checkpoint>----------------- begin ----------------
07-05 11:29:46:690[INFO]<mkdb.Checkpoint>-marshalN=1/0
07-05 11:29:46:690[INFO]<mkdb.Checkpoint>-snapshot=0 marshal0=0
07-05 11:29:46:690[INFO]<mkdb.Checkpoint>-flush=0
07-05 11:29:46:690[INFO]<mkdb.Checkpoint>------------------ end -----------------
07-05 11:29:54:618[DEBUG]<mkio.Engine.2>-mkio.Protocol execute type=8058 class=gnet.AuGameKeepAlive this=(1783222194618,)
07-05 11:29:54:618[DEBUG]<mkio.Engine.2>-execute(1783222194618,)
07-05 11:29:54:619[DEBUG]<mkdb.Worker..69>-mkio.send type=8058 class=gnet.AuGameKeepAlive this=(1783222194618,)
07-05 11:30:43:013[INFO]<Thread-5>-ServersId:
[1000000001/127.0.0.1:38384]

07-05 11:30:46:747[INFO]<mkdb.Checkpoint>----------------- begin ----------------
07-05 11:30:46:748[INFO]<mkdb.Checkpoint>-marshalN=1/0
07-05 11:30:46:748[INFO]<mkdb.Checkpoint>-snapshot=0 marshal0=0
07-05 11:30:46:748[INFO]<mkdb.Checkpoint>-flush=0
07-05 11:30:46:748[INFO]<mkdb.Checkpoint>------------------ end -----------------
07-05 11:31:43:013[INFO]<Thread-5>-ServersId:
[1000000001/127.0.0.1:38384]

07-05 11:31:46:808[INFO]<mkdb.Checkpoint>----------------- begin ----------------
07-05 11:31:46:808[INFO]<mkdb.Checkpoint>-marshalN=1/0
07-05 11:31:46:808[INFO]<mkdb.Checkpoint>-snapshot=0 marshal0=0
07-05 11:31:46:808[INFO]<mkdb.Checkpoint>-flush=0
07-05 11:31:46:808[INFO]<mkdb.Checkpoint>------------------ end -----------------
07-05 11:32:43:013[INFO]<Thread-5>-ServersId:
[1000000001/127.0.0.1:38384]

07-05 11:32:46:867[INFO]<mkdb.Checkpoint>----------------- begin ----------------
07-05 11:32:46:867[INFO]<mkdb.Checkpoint>-marshalN=1/0
07-05 11:32:46:867[INFO]<mkdb.Checkpoint>-snapshot=0 marshal0=0
07-05 11:32:46:867[INFO]<mkdb.Checkpoint>-flush=0
07-05 11:32:46:867[INFO]<mkdb.Checkpoint>------------------ end -----------------
07-05 11:33:43:013[INFO]<Thread-5>-ServersId:
[1000000001/127.0.0.1:38384]

07-05 11:33:46:919[INFO]<mkdb.Checkpoint>----------------- begin ----------------
07-05 11:33:46:919[INFO]<mkdb.Checkpoint>-marshalN=1/0
07-05 11:33:46:919[INFO]<mkdb.Checkpoint>-snapshot=0 marshal0=0
07-05 11:33:46:919[INFO]<mkdb.Checkpoint>-flush=0
07-05 11:33:46:919[INFO]<mkdb.Checkpoint>------------------ end -----------------
07-05 11:34:43:014[INFO]<Thread-5>-ServersId:
[1000000001/127.0.0.1:38384]

07-05 11:34:46:972[INFO]<mkdb.Checkpoint>----------------- begin ----------------
07-05 11:34:46:972[INFO]<mkdb.Checkpoint>-marshalN=1/0
07-05 11:34:46:972[INFO]<mkdb.Checkpoint>-snapshot=0 marshal0=0
07-05 11:34:46:972[INFO]<mkdb.Checkpoint>-flush=0
07-05 11:34:46:972[INFO]<mkdb.Checkpoint>------------------ end -----------------
07-05 11:34:54:885[DEBUG]<mkio.Engine.2>-mkio.Protocol execute type=8058 class=gnet.AuGameKeepAlive this=(1783222494884,)
07-05 11:34:54:885[DEBUG]<mkio.Engine.2>-execute(1783222494884,)
07-05 11:34:54:885[DEBUG]<mkdb.Worker..71>-mkio.send type=8058 class=gnet.AuGameKeepAlive this=(1783222494884,)
07-05 11:35:43:014[INFO]<Thread-5>-ServersId:
[1000000001/127.0.0.1:38384]

07-05 11:35:47:025[INFO]<mkdb.Checkpoint>----------------- begin ----------------
07-05 11:35:47:025[INFO]<mkdb.Checkpoint>-marshalN=1/0
07-05 11:35:47:025[INFO]<mkdb.Checkpoint>-snapshot=0 marshal0=0
07-05 11:35:47:025[INFO]<mkdb.Checkpoint>-flush=0
07-05 11:35:47:025[INFO]<mkdb.Checkpoint>------------------ end -----------------
07-05 11:36:43:014[INFO]<Thread-5>-ServersId:
[1000000001/127.0.0.1:38384]

07-05 11:36:47:074[INFO]<mkdb.Checkpoint>----------------- begin ----------------
07-05 11:36:47:074[INFO]<mkdb.Checkpoint>-marshalN=1/0
07-05 11:36:47:074[INFO]<mkdb.Checkpoint>-snapshot=0 marshal0=0
07-05 11:36:47:074[INFO]<mkdb.Checkpoint>-flush=0
07-05 11:36:47:074[INFO]<mkdb.Checkpoint>------------------ end -----------------
07-05 11:37:43:014[INFO]<Thread-5>-ServersId:
[1000000001/127.0.0.1:38384]

07-05 11:37:47:130[INFO]<mkdb.Checkpoint>----------------- begin ----------------
07-05 11:37:47:130[INFO]<mkdb.Checkpoint>-marshalN=1/0
07-05 11:37:47:130[INFO]<mkdb.Checkpoint>-snapshot=0 marshal0=0
07-05 11:37:47:130[INFO]<mkdb.Checkpoint>-flush=0
07-05 11:37:47:130[INFO]<mkdb.Checkpoint>------------------ end -----------------
07-05 11:38:43:014[INFO]<Thread-5>-ServersId:
[1000000001/127.0.0.1:38384]

07-05 11:38:47:186[INFO]<mkdb.Checkpoint>----------------- begin ----------------
07-05 11:38:47:186[INFO]<mkdb.Checkpoint>-marshalN=1/0
07-05 11:38:47:186[INFO]<mkdb.Checkpoint>-snapshot=0 marshal0=0
07-05 11:38:47:186[INFO]<mkdb.Checkpoint>-flush=0
07-05 11:38:47:186[INFO]<mkdb.Checkpoint>------------------ end -----------------
07-05 11:39:43:015[INFO]<Thread-5>-ServersId:
[1000000001/127.0.0.1:38384]

07-05 11:39:47:244[INFO]<mkdb.Checkpoint>----------------- begin ----------------
07-05 11:39:47:244[INFO]<mkdb.Checkpoint>-marshalN=1/0
07-05 11:39:47:244[INFO]<mkdb.Checkpoint>-snapshot=0 marshal0=0
07-05 11:39:47:244[INFO]<mkdb.Checkpoint>-flush=0
07-05 11:39:47:244[INFO]<mkdb.Checkpoint>------------------ end -----------------
07-05 11:39:54:183[DEBUG]<mkio.Engine.2>-mkio.Protocol execute type=8058 class=gnet.AuGameKeepAlive this=(1783222794182,)
07-05 11:39:54:183[DEBUG]<mkio.Engine.2>-execute(1783222794182,)
07-05 11:39:54:183[DEBUG]<mkdb.Worker..73>-mkio.send type=8058 class=gnet.AuGameKeepAlive this=(1783222794182,)
07-05 11:40:43:015[INFO]<Thread-5>-ServersId:
[1000000001/127.0.0.1:38384]

07-05 11:40:47:303[INFO]<mkdb.Checkpoint>----------------- begin ----------------
07-05 11:40:47:304[INFO]<mkdb.Checkpoint>-marshalN=1/0
07-05 11:40:47:304[INFO]<mkdb.Checkpoint>-snapshot=0 marshal0=0
07-05 11:40:47:304[INFO]<mkdb.Checkpoint>-flush=0
07-05 11:40:47:304[INFO]<mkdb.Checkpoint>------------------ end -----------------
07-05 11:41:43:015[INFO]<Thread-5>-ServersId:
[1000000001/127.0.0.1:38384]

07-05 11:41:47:360[INFO]<mkdb.Checkpoint>----------------- begin ----------------
07-05 11:41:47:360[INFO]<mkdb.Checkpoint>-marshalN=1/0
07-05 11:41:47:361[INFO]<mkdb.Checkpoint>-snapshot=0 marshal0=0
07-05 11:41:47:361[INFO]<mkdb.Checkpoint>-flush=0
07-05 11:41:47:361[INFO]<mkdb.Checkpoint>------------------ end -----------------
07-05 11:42:43:015[INFO]<Thread-5>-ServersId:
[1000000001/127.0.0.1:38384]

07-05 11:42:47:428[INFO]<mkdb.Checkpoint>----------------- begin ----------------
07-05 11:42:47:428[INFO]<mkdb.Checkpoint>-marshalN=1/0
07-05 11:42:47:428[INFO]<mkdb.Checkpoint>-snapshot=0 marshal0=0
07-05 11:42:47:428[INFO]<mkdb.Checkpoint>-flush=0
07-05 11:42:47:428[INFO]<mkdb.Checkpoint>------------------ end -----------------
07-05 11:43:43:015[INFO]<Thread-5>-ServersId:
[1000000001/127.0.0.1:38384]

07-05 11:43:47:493[INFO]<mkdb.Checkpoint>----------------- begin ----------------
07-05 11:43:47:493[INFO]<mkdb.Checkpoint>-marshalN=1/0
07-05 11:43:47:493[INFO]<mkdb.Checkpoint>-snapshot=0 marshal0=0
07-05 11:43:47:493[INFO]<mkdb.Checkpoint>-flush=0
07-05 11:43:47:493[INFO]<mkdb.Checkpoint>------------------ end -----------------
07-05 11:44:43:016[INFO]<Thread-5>-ServersId:
[1000000001/127.0.0.1:38384]

07-05 11:44:47:557[INFO]<mkdb.Checkpoint>----------------- begin ----------------
07-05 11:44:47:557[INFO]<mkdb.Checkpoint>-marshalN=1/0
07-05 11:44:47:557[INFO]<mkdb.Checkpoint>-snapshot=0 marshal0=0
07-05 11:44:47:557[INFO]<mkdb.Checkpoint>-flush=0
07-05 11:44:47:557[INFO]<mkdb.Checkpoint>------------------ end -----------------
07-05 11:44:54:480[DEBUG]<mkio.Engine.2>-mkio.Protocol execute type=8058 class=gnet.AuGameKeepAlive this=(1783223094480,)
07-05 11:44:54:481[DEBUG]<mkio.Engine.2>-execute(1783223094480,)
07-05 11:44:54:481[DEBUG]<mkdb.Worker..75>-mkio.send type=8058 class=gnet.AuGameKeepAlive this=(1783223094480,)
07-05 11:45:43:016[INFO]<Thread-5>-ServersId:
[1000000001/127.0.0.1:38384]

07-05 11:45:47:624[INFO]<mkdb.Checkpoint>----------------- begin ----------------
07-05 11:45:47:624[INFO]<mkdb.Checkpoint>-marshalN=1/0
07-05 11:45:47:624[INFO]<mkdb.Checkpoint>-snapshot=0 marshal0=0
07-05 11:45:47:624[INFO]<mkdb.Checkpoint>-flush=0
07-05 11:45:47:624[INFO]<mkdb.Checkpoint>------------------ end -----------------
07-05 11:46:43:016[INFO]<Thread-5>-ServersId:
[1000000001/127.0.0.1:38384]

07-05 11:46:47:689[INFO]<mkdb.Checkpoint>----------------- begin ----------------
07-05 11:46:47:689[INFO]<mkdb.Checkpoint>-marshalN=1/0
07-05 11:46:47:689[INFO]<mkdb.Checkpoint>-snapshot=0 marshal0=0
07-05 11:46:47:689[INFO]<mkdb.Checkpoint>-flush=0
07-05 11:46:47:689[INFO]<mkdb.Checkpoint>------------------ end -----------------
07-05 11:47:43:016[INFO]<Thread-5>-ServersId:
[1000000001/127.0.0.1:38384]

07-05 11:47:47:746[INFO]<mkdb.Checkpoint>----------------- begin ----------------
07-05 11:47:47:746[INFO]<mkdb.Checkpoint>-marshalN=1/0
07-05 11:47:47:746[INFO]<mkdb.Checkpoint>-snapshot=0 marshal0=0
07-05 11:47:47:746[INFO]<mkdb.Checkpoint>-flush=0
07-05 11:47:47:746[INFO]<mkdb.Checkpoint>------------------ end -----------------
07-05 11:48:43:016[INFO]<Thread-5>-ServersId:
[1000000001/127.0.0.1:38384]

07-05 11:48:47:798[INFO]<mkdb.Checkpoint>----------------- begin ----------------
07-05 11:48:47:798[INFO]<mkdb.Checkpoint>-marshalN=1/0
07-05 11:48:47:798[INFO]<mkdb.Checkpoint>-snapshot=0 marshal0=0
07-05 11:48:47:798[INFO]<mkdb.Checkpoint>-flush=0
07-05 11:48:47:798[INFO]<mkdb.Checkpoint>------------------ end -----------------
07-05 11:49:43:017[INFO]<Thread-5>-ServersId:
[1000000001/127.0.0.1:38384]

07-05 11:49:47:851[INFO]<mkdb.Checkpoint>----------------- begin ----------------
07-05 11:49:47:851[INFO]<mkdb.Checkpoint>-marshalN=1/0
07-05 11:49:47:851[INFO]<mkdb.Checkpoint>-snapshot=0 marshal0=0
07-05 11:49:47:851[INFO]<mkdb.Checkpoint>-flush=0
07-05 11:49:47:851[INFO]<mkdb.Checkpoint>------------------ end -----------------
07-05 11:49:54:775[DEBUG]<mkio.Engine.2>-mkio.Protocol execute type=8058 class=gnet.AuGameKeepAlive this=(1783223394774,)
07-05 11:49:54:775[DEBUG]<mkio.Engine.2>-execute(1783223394774,)
07-05 11:49:54:775[DEBUG]<mkdb.Worker..77>-mkio.send type=8058 class=gnet.AuGameKeepAlive this=(1783223394774,)
07-05 11:50:43:017[INFO]<Thread-5>-ServersId:
[1000000001/127.0.0.1:38384]

07-05 11:50:47:905[INFO]<mkdb.Checkpoint>----------------- begin ----------------
07-05 11:50:47:905[INFO]<mkdb.Checkpoint>-marshalN=1/0
07-05 11:50:47:905[INFO]<mkdb.Checkpoint>-snapshot=0 marshal0=0
07-05 11:50:47:905[INFO]<mkdb.Checkpoint>-flush=0
07-05 11:50:47:905[INFO]<mkdb.Checkpoint>------------------ end -----------------
07-05 11:51:43:017[INFO]<Thread-5>-ServersId:
[1000000001/127.0.0.1:38384]

07-05 11:51:47:958[INFO]<mkdb.Checkpoint>----------------- begin ----------------
07-05 11:51:47:958[INFO]<mkdb.Checkpoint>-marshalN=1/0
07-05 11:51:47:958[INFO]<mkdb.Checkpoint>-snapshot=0 marshal0=0
07-05 11:51:47:958[INFO]<mkdb.Checkpoint>-flush=0
07-05 11:51:47:958[INFO]<mkdb.Checkpoint>------------------ end -----------------
07-05 11:52:43:018[INFO]<Thread-5>-ServersId:
[1000000001/127.0.0.1:38384]

07-05 11:52:48:011[INFO]<mkdb.Checkpoint>----------------- begin ----------------
07-05 11:52:48:011[INFO]<mkdb.Checkpoint>-marshalN=1/0
07-05 11:52:48:011[INFO]<mkdb.Checkpoint>-snapshot=0 marshal0=0
07-05 11:52:48:011[INFO]<mkdb.Checkpoint>-flush=0
07-05 11:52:48:011[INFO]<mkdb.Checkpoint>------------------ end -----------------
07-05 11:53:43:018[INFO]<Thread-5>-ServersId:
[1000000001/127.0.0.1:38384]

07-05 11:53:48:065[INFO]<mkdb.Checkpoint>----------------- begin ----------------
07-05 11:53:48:065[INFO]<mkdb.Checkpoint>-marshalN=1/0
07-05 11:53:48:065[INFO]<mkdb.Checkpoint>-snapshot=0 marshal0=0
07-05 11:53:48:065[INFO]<mkdb.Checkpoint>-flush=0
07-05 11:53:48:065[INFO]<mkdb.Checkpoint>------------------ end -----------------
07-05 11:54:43:018[INFO]<Thread-5>-ServersId:
[1000000001/127.0.0.1:38384]

07-05 11:54:48:117[INFO]<mkdb.Checkpoint>----------------- begin ----------------
07-05 11:54:48:117[INFO]<mkdb.Checkpoint>-marshalN=1/0
07-05 11:54:48:117[INFO]<mkdb.Checkpoint>-snapshot=0 marshal0=0
07-05 11:54:48:117[INFO]<mkdb.Checkpoint>-flush=0
07-05 11:54:48:117[INFO]<mkdb.Checkpoint>------------------ end -----------------
07-05 11:54:54:071[DEBUG]<mkio.Engine.2>-mkio.Protocol execute type=8058 class=gnet.AuGameKeepAlive this=(1783223694070,)
07-05 11:54:54:071[DEBUG]<mkio.Engine.2>-execute(1783223694070,)
07-05 11:54:54:071[DEBUG]<mkdb.Worker..79>-mkio.send type=8058 class=gnet.AuGameKeepAlive this=(1783223694070,)
07-05 11:55:40:325[DEBUG]<mkio.Engine.2>-mkio.Rpc.request execute type=8903 class=openau.AuAnyLogin this=((B6,B6,B16,B12,1622939419,1,88,B32,B10,B0,B0,B0,), (0,-1,B0,B0,0,B0,))
07-05 11:55:40:325[DEBUG]<mkio.Engine.2>-execute((B6,B6,B16,B12,1622939419,1,88,B32,B10,B0,B0,B0,), (0,-1,B0,B0,0,B0,))
07-05 11:55:40:325[DEBUG]<mkdb.Worker..80>-LocojoyPlat.userLogin account=www123,
,session=www123loginipstr=27.23.188.96,loginip=1622939419,plattype=1,gameid=88,serverid=1000000001,selfchannel=,childchannel=,deviceid=
07-05 11:55:40:326[DEBUG]<mkdb.Worker..80>-LocojoyPlat.userLogin account=www123!Isn't the allow robot name(mt3robot)!Will do sdk http login!
07-05 11:55:40:326[DEBUG]<mkdb.Worker..80>-LocojoyPlat.userLogin start doHttpLogin serverid=1000000001,selfchannel=
07-05 11:55:40:326[DEBUG]<mkdb.Worker..80>-HttpIO.getRequest url = http://127.0.0.1:88/api/game/sdk?account=www123&password=www123&serverId=1000000001
07-05 11:55:40:440[DEBUG]<mkdb.Worker..80>-LocojoyPlat.userLogin finish doHttpLogin serverid=1000000001,selfchannel=
07-05 11:55:40:440[DEBUG]<mkdb.Worker..80>-LocojoyPlat.userLogin doHttpLogin={"Code":"1","Channel":"1","PlatformId":"1","Account":"www123","Message":"登录成功!","Session":"c8cddad5bf3f9e90b75caac3542c70bd7bc588a74137afe670ac55e2d909dacb","BindTicket":"","BindTicketExpire":0,"request_id":"e211248c652dcc30"}
07-05 11:55:40:440[DEBUG]<mkdb.Worker..80>-LocojoyPlat.userLogin make account=1@@1@@www123
07-05 11:55:40:440[DEBUG]<mkdb.Worker..80>-LocojoyPlat.onUserLoginSucceed plat=ljpl,account=1@@1@@www123,userid=1
07-05 11:55:40:440[DEBUG]<mkdb.Worker..80>-mkio.send type=8903 class=openau.AuAnyLogin this=((B6,B6,B16,B12,1622939419,1,88,B32,B10,B0,B0,B0,), (0,1,B4,B12,0,B0,))
07-05 11:55:43:018[INFO]<Thread-5>-ServersId:
[1000000001/127.0.0.1:38384]

07-05 11:55:43:150[DEBUG]<mkio.Engine.2>-mkio.Protocol execute type=8920 class=openau.DataBetweenAuAnyAndGS this=(1,9001,2,B24,0,)
07-05 11:55:43:150[DEBUG]<mkio.Engine.2>-execute(1,9001,2,B24,0,)
07-05 11:55:43:150[INFO]<mkdb.Worker.procedure.83>-PGetChargeRefundInfo.userid:1,username:1@@1@@www123,ousername:1@@1@@www123,config charge:null,chargeRe:null
07-05 11:55:43:150[INFO]<mkdb.Worker.procedure.83>-PGetChargeRefundInfo.user 1in server 1000000001cannot charge refund.
07-05 11:55:43:151[DEBUG]<mkdb.Worker.procedure.83>-mkio.send type=8920 class=openau.DataBetweenAuAnyAndGS this=(1,9002,1,B2,0,)
07-05 11:55:43:360[DEBUG]<mkio.Engine.2>-mkio.Protocol execute type=8920 class=openau.DataBetweenAuAnyAndGS this=(1,9001,2,B24,0,)
07-05 11:55:43:360[DEBUG]<mkio.Engine.2>-execute(1,9001,2,B24,0,)
07-05 11:55:43:361[INFO]<mkdb.Worker.procedure.86>-PGetChargeRefundInfo.userid:1,username:1@@1@@www123,ousername:1@@1@@www123,config charge:null,chargeRe:null
07-05 11:55:43:361[INFO]<mkdb.Worker.procedure.86>-PGetChargeRefundInfo.user 1in server 1000000001cannot charge refund.
07-05 11:55:43:361[DEBUG]<mkdb.Worker.procedure.86>-mkio.send type=8920 class=openau.DataBetweenAuAnyAndGS this=(1,9002,1,B2,0,)
07-05 11:55:48:175[INFO]<mkdb.Checkpoint>----------------- begin ----------------
07-05 11:55:48:175[INFO]<mkdb.Checkpoint>-marshalN=1/0
07-05 11:55:48:175[INFO]<mkdb.Checkpoint>-snapshot=0 marshal0=0
07-05 11:55:48:175[INFO]<mkdb.Checkpoint>-flush=0
07-05 11:55:48:175[INFO]<mkdb.Checkpoint>------------------ end -----------------
07-05 11:56:43:018[INFO]<Thread-5>-ServersId:
[1000000001/127.0.0.1:38384]

07-05 11:56:48:227[INFO]<mkdb.Checkpoint>----------------- begin ----------------
07-05 11:56:48:227[INFO]<mkdb.Checkpoint>-marshalN=1/0
07-05 11:56:48:227[INFO]<mkdb.Checkpoint>-snapshot=0 marshal0=0
07-05 11:56:48:227[INFO]<mkdb.Checkpoint>-flush=0
07-05 11:56:48:227[INFO]<mkdb.Checkpoint>------------------ end -----------------
07-05 11:57:43:019[INFO]<Thread-5>-ServersId:
[1000000001/127.0.0.1:38384]

07-05 11:57:48:277[INFO]<mkdb.Checkpoint>----------------- begin ----------------
07-05 11:57:48:278[INFO]<mkdb.Checkpoint>-marshalN=1/0
07-05 11:57:48:278[INFO]<mkdb.Checkpoint>-snapshot=0 marshal0=0
07-05 11:57:48:278[INFO]<mkdb.Checkpoint>-flush=0
07-05 11:57:48:278[INFO]<mkdb.Checkpoint>------------------ end -----------------
07-05 11:58:43:019[INFO]<Thread-5>-ServersId:
[1000000001/127.0.0.1:38384]

07-05 11:58:48:333[INFO]<mkdb.Checkpoint>----------------- begin ----------------
07-05 11:58:48:333[INFO]<mkdb.Checkpoint>-marshalN=1/0
07-05 11:58:48:333[INFO]<mkdb.Checkpoint>-snapshot=0 marshal0=0
07-05 11:58:48:333[INFO]<mkdb.Checkpoint>-flush=0
07-05 11:58:48:333[INFO]<mkdb.Checkpoint>------------------ end -----------------
07-05 11:59:43:019[INFO]<Thread-5>-ServersId:
[1000000001/127.0.0.1:38384]

07-05 11:59:48:387[INFO]<mkdb.Checkpoint>----------------- begin ----------------
07-05 11:59:48:387[INFO]<mkdb.Checkpoint>-marshalN=1/0
07-05 11:59:48:387[INFO]<mkdb.Checkpoint>-snapshot=0 marshal0=0
07-05 11:59:48:387[INFO]<mkdb.Checkpoint>-flush=0
07-05 11:59:48:387[INFO]<mkdb.Checkpoint>------------------ end -----------------
07-05 11:59:54:232[DEBUG]<mkio.Engine.2>-mkio.Protocol execute type=8058 class=gnet.AuGameKeepAlive this=(1783223994231,)
07-05 11:59:54:232[DEBUG]<mkio.Engine.2>-execute(1783223994231,)
07-05 11:59:54:232[DEBUG]<mkdb.Worker..89>-mkio.send type=8058 class=gnet.AuGameKeepAlive this=(1783223994231,)
07-05 12:00:43:019[INFO]<Thread-5>-ServersId:
[1000000001/127.0.0.1:38384]

07-05 12:00:48:444[INFO]<mkdb.Checkpoint>----------------- begin ----------------
07-05 12:00:48:444[INFO]<mkdb.Checkpoint>-marshalN=1/0
07-05 12:00:48:444[INFO]<mkdb.Checkpoint>-snapshot=0 marshal0=0
07-05 12:00:48:444[INFO]<mkdb.Checkpoint>-flush=0
07-05 12:00:48:444[INFO]<mkdb.Checkpoint>------------------ end -----------------
07-05 12:01:43:020[INFO]<Thread-5>-ServersId:
[1000000001/127.0.0.1:38384]

07-05 12:01:48:501[INFO]<mkdb.Checkpoint>----------------- begin ----------------
07-05 12:01:48:501[INFO]<mkdb.Checkpoint>-marshalN=1/0
07-05 12:01:48:501[INFO]<mkdb.Checkpoint>-snapshot=0 marshal0=0
07-05 12:01:48:501[INFO]<mkdb.Checkpoint>-flush=0
07-05 12:01:48:501[INFO]<mkdb.Checkpoint>------------------ end -----------------
07-05 12:02:43:020[INFO]<Thread-5>-ServersId:
[1000000001/127.0.0.1:38384]

07-05 12:02:48:561[INFO]<mkdb.Checkpoint>----------------- begin ----------------
07-05 12:02:48:561[INFO]<mkdb.Checkpoint>-marshalN=1/0
07-05 12:02:48:561[INFO]<mkdb.Checkpoint>-snapshot=0 marshal0=0
07-05 12:02:48:561[INFO]<mkdb.Checkpoint>-flush=0
07-05 12:02:48:561[INFO]<mkdb.Checkpoint>------------------ end -----------------
07-05 12:03:43:020[INFO]<Thread-5>-ServersId:
[1000000001/127.0.0.1:38384]

07-05 12:03:48:620[INFO]<mkdb.Checkpoint>----------------- begin ----------------
07-05 12:03:48:620[INFO]<mkdb.Checkpoint>-marshalN=1/0
07-05 12:03:48:620[INFO]<mkdb.Checkpoint>-snapshot=0 marshal0=0
07-05 12:03:48:620[INFO]<mkdb.Checkpoint>-flush=0
07-05 12:03:48:620[INFO]<mkdb.Checkpoint>------------------ end -----------------
07-05 12:04:43:020[INFO]<Thread-5>-ServersId:
[1000000001/127.0.0.1:38384]

07-05 12:04:48:681[INFO]<mkdb.Checkpoint>----------------- begin ----------------
07-05 12:04:48:681[INFO]<mkdb.Checkpoint>-marshalN=1/0
07-05 12:04:48:681[INFO]<mkdb.Checkpoint>-snapshot=0 marshal0=0
07-05 12:04:48:681[INFO]<mkdb.Checkpoint>-flush=0
07-05 12:04:48:681[INFO]<mkdb.Checkpoint>------------------ end -----------------
07-05 12:04:54:533[DEBUG]<mkio.Engine.2>-mkio.Protocol execute type=8058 class=gnet.AuGameKeepAlive this=(1783224294532,)
07-05 12:04:54:533[DEBUG]<mkio.Engine.2>-execute(1783224294532,)
07-05 12:04:54:533[DEBUG]<mkdb.Worker..91>-mkio.send type=8058 class=gnet.AuGameKeepAlive this=(1783224294532,)
07-05 12:05:43:021[INFO]<Thread-5>-ServersId:
[1000000001/127.0.0.1:38384]

07-05 12:05:48:742[INFO]<mkdb.Checkpoint>----------------- begin ----------------
07-05 12:05:48:742[INFO]<mkdb.Checkpoint>-marshalN=1/0
07-05 12:05:48:742[INFO]<mkdb.Checkpoint>-snapshot=0 marshal0=0
07-05 12:05:48:742[INFO]<mkdb.Checkpoint>-flush=0
07-05 12:05:48:742[INFO]<mkdb.Checkpoint>------------------ end -----------------
07-05 12:06:43:021[INFO]<Thread-5>-ServersId:
[1000000001/127.0.0.1:38384]

07-05 12:06:48:801[INFO]<mkdb.Checkpoint>----------------- begin ----------------
07-05 12:06:48:801[INFO]<mkdb.Checkpoint>-marshalN=1/0
07-05 12:06:48:801[INFO]<mkdb.Checkpoint>-snapshot=0 marshal0=0
07-05 12:06:48:801[INFO]<mkdb.Checkpoint>-flush=0
07-05 12:06:48:801[INFO]<mkdb.Checkpoint>------------------ end -----------------
07-05 12:07:43:021[INFO]<Thread-5>-ServersId:
[1000000001/127.0.0.1:38384]

07-05 12:07:48:858[INFO]<mkdb.Checkpoint>----------------- begin ----------------
07-05 12:07:48:858[INFO]<mkdb.Checkpoint>-marshalN=1/0
07-05 12:07:48:859[INFO]<mkdb.Checkpoint>-snapshot=0 marshal0=0
07-05 12:07:48:859[INFO]<mkdb.Checkpoint>-flush=0
07-05 12:07:48:859[INFO]<mkdb.Checkpoint>------------------ end -----------------
07-05 12:08:43:021[INFO]<Thread-5>-ServersId:
[1000000001/127.0.0.1:38384]

07-05 12:08:48:915[INFO]<mkdb.Checkpoint>----------------- begin ----------------
07-05 12:08:48:915[INFO]<mkdb.Checkpoint>-marshalN=1/0
07-05 12:08:48:915[INFO]<mkdb.Checkpoint>-snapshot=0 marshal0=0
07-05 12:08:48:915[INFO]<mkdb.Checkpoint>-flush=0
07-05 12:08:48:915[INFO]<mkdb.Checkpoint>------------------ end -----------------
07-05 12:09:43:021[INFO]<Thread-5>-ServersId:
[1000000001/127.0.0.1:38384]

07-05 12:09:48:972[INFO]<mkdb.Checkpoint>----------------- begin ----------------
07-05 12:09:48:972[INFO]<mkdb.Checkpoint>-marshalN=1/0
07-05 12:09:48:972[INFO]<mkdb.Checkpoint>-snapshot=0 marshal0=0
07-05 12:09:48:972[INFO]<mkdb.Checkpoint>-flush=0
07-05 12:09:48:972[INFO]<mkdb.Checkpoint>------------------ end -----------------
07-05 12:09:54:828[DEBUG]<mkio.Engine.2>-mkio.Protocol execute type=8058 class=gnet.AuGameKeepAlive this=(1783224594827,)
07-05 12:09:54:828[DEBUG]<mkio.Engine.2>-execute(1783224594827,)
07-05 12:09:54:828[DEBUG]<mkdb.Worker..93>-mkio.send type=8058 class=gnet.AuGameKeepAlive this=(1783224594827,)
07-05 12:10:43:022[INFO]<Thread-5>-ServersId:
[1000000001/127.0.0.1:38384]

07-05 12:10:49:030[INFO]<mkdb.Checkpoint>----------------- begin ----------------
07-05 12:10:49:031[INFO]<mkdb.Checkpoint>-marshalN=1/0
07-05 12:10:49:031[INFO]<mkdb.Checkpoint>-snapshot=0 marshal0=0
07-05 12:10:49:031[INFO]<mkdb.Checkpoint>-flush=0
07-05 12:10:49:031[INFO]<mkdb.Checkpoint>------------------ end -----------------
07-05 12:11:43:022[INFO]<Thread-5>-ServersId:
[1000000001/127.0.0.1:38384]

07-05 12:11:49:086[INFO]<mkdb.Checkpoint>----------------- begin ----------------
07-05 12:11:49:087[INFO]<mkdb.Checkpoint>-marshalN=1/0
07-05 12:11:49:087[INFO]<mkdb.Checkpoint>-snapshot=0 marshal0=0
07-05 12:11:49:087[INFO]<mkdb.Checkpoint>-flush=0
07-05 12:11:49:087[INFO]<mkdb.Checkpoint>------------------ end -----------------
07-05 12:12:43:022[INFO]<Thread-5>-ServersId:
[1000000001/127.0.0.1:38384]

07-05 12:12:49:142[INFO]<mkdb.Checkpoint>----------------- begin ----------------
07-05 12:12:49:142[INFO]<mkdb.Checkpoint>-marshalN=1/0
07-05 12:12:49:142[INFO]<mkdb.Checkpoint>-snapshot=0 marshal0=0
07-05 12:12:49:142[INFO]<mkdb.Checkpoint>-flush=0
07-05 12:12:49:142[INFO]<mkdb.Checkpoint>------------------ end -----------------
07-05 12:13:43:022[INFO]<Thread-5>-ServersId:
[1000000001/127.0.0.1:38384]

07-05 12:13:49:199[INFO]<mkdb.Checkpoint>----------------- begin ----------------
07-05 12:13:49:199[INFO]<mkdb.Checkpoint>-marshalN=1/0
07-05 12:13:49:199[INFO]<mkdb.Checkpoint>-snapshot=0 marshal0=0
07-05 12:13:49:199[INFO]<mkdb.Checkpoint>-flush=0
07-05 12:13:49:199[INFO]<mkdb.Checkpoint>------------------ end -----------------
07-05 12:14:43:023[INFO]<Thread-5>-ServersId:
[1000000001/127.0.0.1:38384]

07-05 12:14:49:256[INFO]<mkdb.Checkpoint>----------------- begin ----------------
07-05 12:14:49:256[INFO]<mkdb.Checkpoint>-marshalN=1/0
07-05 12:14:49:256[INFO]<mkdb.Checkpoint>-snapshot=0 marshal0=0
07-05 12:14:49:256[INFO]<mkdb.Checkpoint>-flush=0
07-05 12:14:49:256[INFO]<mkdb.Checkpoint>------------------ end -----------------
07-05 12:14:54:122[DEBUG]<mkio.Engine.2>-mkio.Protocol execute type=8058 class=gnet.AuGameKeepAlive this=(1783224894121,)
07-05 12:14:54:122[DEBUG]<mkio.Engine.2>-execute(1783224894121,)
07-05 12:14:54:122[DEBUG]<mkdb.Worker..95>-mkio.send type=8058 class=gnet.AuGameKeepAlive this=(1783224894121,)
07-05 12:15:43:023[INFO]<Thread-5>-ServersId:
[1000000001/127.0.0.1:38384]

07-05 12:15:49:317[INFO]<mkdb.Checkpoint>----------------- begin ----------------
07-05 12:15:49:317[INFO]<mkdb.Checkpoint>-marshalN=1/0
07-05 12:15:49:317[INFO]<mkdb.Checkpoint>-snapshot=0 marshal0=0
07-05 12:15:49:317[INFO]<mkdb.Checkpoint>-flush=0
07-05 12:15:49:317[INFO]<mkdb.Checkpoint>------------------ end -----------------
07-05 12:16:43:023[INFO]<Thread-5>-ServersId:
[1000000001/127.0.0.1:38384]

07-05 12:16:49:370[INFO]<mkdb.Checkpoint>----------------- begin ----------------
07-05 12:16:49:370[INFO]<mkdb.Checkpoint>-marshalN=1/0
07-05 12:16:49:370[INFO]<mkdb.Checkpoint>-snapshot=0 marshal0=0
07-05 12:16:49:370[INFO]<mkdb.Checkpoint>-flush=0
07-05 12:16:49:370[INFO]<mkdb.Checkpoint>------------------ end -----------------
07-05 12:17:43:023[INFO]<Thread-5>-ServersId:
[1000000001/127.0.0.1:38384]

07-05 12:17:49:427[INFO]<mkdb.Checkpoint>----------------- begin ----------------
07-05 12:17:49:427[INFO]<mkdb.Checkpoint>-marshalN=1/0
07-05 12:17:49:427[INFO]<mkdb.Checkpoint>-snapshot=0 marshal0=0
07-05 12:17:49:427[INFO]<mkdb.Checkpoint>-flush=0
07-05 12:17:49:427[INFO]<mkdb.Checkpoint>------------------ end -----------------
07-05 12:17:56:034[WARN]<mkdb.Backup>-backup FULL begin
07-05 12:17:56:035[DEBUG]<mkdb.Backup>-copy /home/game/common/sdk_server/mkdb/dbdata/locojoyplatusers mbackup/20260705121756/dbdata
07-05 12:17:56:035[DEBUG]<mkdb.Backup>-copy /home/game/common/sdk_server/mkdb/dbdata/_sys_ mbackup/20260705121756/dbdata
07-05 12:17:56:035[DEBUG]<mkdb.Backup>-copy /home/game/common/sdk_server/mkdb/dbdata/locojoyplatordergametoplat mbackup/20260705121756/dbdata
07-05 12:17:56:035[DEBUG]<mkdb.Backup>-copy /home/game/common/sdk_server/mkdb/dbdata/locojoyplatorderinfos mbackup/20260705121756/dbdata
07-05 12:17:56:035[DEBUG]<mkdb.Backup>-copy /home/game/common/sdk_server/mkdb/dbdata/userschargerefund mbackup/20260705121756/dbdata
07-05 12:17:56:035[DEBUG]<mkdb.Backup>-copy /home/game/common/sdk_server/mkdb/dbdata/users mbackup/20260705121756/dbdata
07-05 12:17:56:036[DEBUG]<mkdb.Backup>-copy /home/game/common/sdk_server/mkdb/dblogs/log.6a337b6a mbackup/20260705121756/dblogs
07-05 12:17:56:036[WARN]<mkdb.Backup>-backup FULL end
07-05 12:18:43:023[INFO]<Thread-5>-ServersId:
[1000000001/127.0.0.1:38384]

07-05 12:18:49:481[INFO]<mkdb.Checkpoint>----------------- begin ----------------
07-05 12:18:49:481[INFO]<mkdb.Checkpoint>-marshalN=1/0
07-05 12:18:49:481[INFO]<mkdb.Checkpoint>-snapshot=0 marshal0=0
07-05 12:18:49:481[INFO]<mkdb.Checkpoint>-flush=0
07-05 12:18:49:481[INFO]<mkdb.Checkpoint>------------------ end -----------------
07-05 12:19:43:024[INFO]<Thread-5>-ServersId:
[1000000001/127.0.0.1:38384]

07-05 12:19:49:532[INFO]<mkdb.Checkpoint>----------------- begin ----------------
07-05 12:19:49:532[INFO]<mkdb.Checkpoint>-marshalN=1/0
07-05 12:19:49:533[INFO]<mkdb.Checkpoint>-snapshot=0 marshal0=0
07-05 12:19:49:533[INFO]<mkdb.Checkpoint>-flush=0
07-05 12:19:49:533[INFO]<mkdb.Checkpoint>------------------ end -----------------
07-05 12:19:54:423[DEBUG]<mkio.Engine.2>-mkio.Protocol execute type=8058 class=gnet.AuGameKeepAlive this=(1783225194423,)
07-05 12:19:54:424[DEBUG]<mkio.Engine.2>-execute(1783225194423,)
07-05 12:19:54:424[DEBUG]<mkdb.Worker..98>-mkio.send type=8058 class=gnet.AuGameKeepAlive this=(1783225194423,)
07-05 12:20:43:024[INFO]<Thread-5>-ServersId:
[1000000001/127.0.0.1:38384]

07-05 12:20:49:584[INFO]<mkdb.Checkpoint>----------------- begin ----------------
07-05 12:20:49:584[INFO]<mkdb.Checkpoint>-marshalN=1/0
07-05 12:20:49:584[INFO]<mkdb.Checkpoint>-snapshot=0 marshal0=0
07-05 12:20:49:584[INFO]<mkdb.Checkpoint>-flush=0
07-05 12:20:49:584[INFO]<mkdb.Checkpoint>------------------ end -----------------
07-05 12:21:43:024[INFO]<Thread-5>-ServersId:
[1000000001/127.0.0.1:38384]

07-05 12:21:49:638[INFO]<mkdb.Checkpoint>----------------- begin ----------------
07-05 12:21:49:638[INFO]<mkdb.Checkpoint>-marshalN=1/0
07-05 12:21:49:638[INFO]<mkdb.Checkpoint>-snapshot=0 marshal0=0
07-05 12:21:49:638[INFO]<mkdb.Checkpoint>-flush=0
07-05 12:21:49:638[INFO]<mkdb.Checkpoint>------------------ end -----------------
07-05 12:22:43:025[INFO]<Thread-5>-ServersId:
[1000000001/127.0.0.1:38384]

07-05 12:22:49:692[INFO]<mkdb.Checkpoint>----------------- begin ----------------
07-05 12:22:49:692[INFO]<mkdb.Checkpoint>-marshalN=1/0
07-05 12:22:49:692[INFO]<mkdb.Checkpoint>-snapshot=0 marshal0=0
07-05 12:22:49:692[INFO]<mkdb.Checkpoint>-flush=0
07-05 12:22:49:692[INFO]<mkdb.Checkpoint>------------------ end -----------------
07-05 12:23:43:025[INFO]<Thread-5>-ServersId:
[1000000001/127.0.0.1:38384]

07-05 12:23:49:748[INFO]<mkdb.Checkpoint>----------------- begin ----------------
07-05 12:23:49:748[INFO]<mkdb.Checkpoint>-marshalN=1/0
07-05 12:23:49:748[INFO]<mkdb.Checkpoint>-snapshot=0 marshal0=0
07-05 12:23:49:748[INFO]<mkdb.Checkpoint>-flush=0
07-05 12:23:49:748[INFO]<mkdb.Checkpoint>------------------ end -----------------
07-05 12:24:43:025[INFO]<Thread-5>-ServersId:
[1000000001/127.0.0.1:38384]

07-05 12:24:49:802[INFO]<mkdb.Checkpoint>----------------- begin ----------------
07-05 12:24:49:802[INFO]<mkdb.Checkpoint>-marshalN=1/0
07-05 12:24:49:803[INFO]<mkdb.Checkpoint>-snapshot=0 marshal0=0
07-05 12:24:49:803[INFO]<mkdb.Checkpoint>-flush=0
07-05 12:24:49:803[INFO]<mkdb.Checkpoint>------------------ end -----------------
07-05 12:24:54:707[DEBUG]<mkio.Engine.2>-mkio.Protocol execute type=8058 class=gnet.AuGameKeepAlive this=(1783225494706,)
07-05 12:24:54:707[DEBUG]<mkio.Engine.2>-execute(1783225494706,)
07-05 12:24:54:707[DEBUG]<mkdb.Worker..100>-mkio.send type=8058 class=gnet.AuGameKeepAlive this=(1783225494706,)
07-05 12:25:43:026[INFO]<Thread-5>-ServersId:
[1000000001/127.0.0.1:38384]

07-05 12:25:49:855[INFO]<mkdb.Checkpoint>----------------- begin ----------------
07-05 12:25:49:856[INFO]<mkdb.Checkpoint>-marshalN=1/0
07-05 12:25:49:856[INFO]<mkdb.Checkpoint>-snapshot=0 marshal0=0
07-05 12:25:49:856[INFO]<mkdb.Checkpoint>-flush=0
07-05 12:25:49:856[INFO]<mkdb.Checkpoint>------------------ end -----------------
07-05 12:26:43:026[INFO]<Thread-5>-ServersId:
[1000000001/127.0.0.1:38384]

07-05 12:26:49:909[INFO]<mkdb.Checkpoint>----------------- begin ----------------
07-05 12:26:49:910[INFO]<mkdb.Checkpoint>-marshalN=1/0
07-05 12:26:49:910[INFO]<mkdb.Checkpoint>-snapshot=0 marshal0=0
07-05 12:26:49:910[INFO]<mkdb.Checkpoint>-flush=0
07-05 12:26:49:910[INFO]<mkdb.Checkpoint>------------------ end -----------------
07-05 12:27:43:026[INFO]<Thread-5>-ServersId:
[1000000001/127.0.0.1:38384]

07-05 12:27:49:965[INFO]<mkdb.Checkpoint>----------------- begin ----------------
07-05 12:27:49:965[INFO]<mkdb.Checkpoint>-marshalN=1/0
07-05 12:27:49:965[INFO]<mkdb.Checkpoint>-snapshot=0 marshal0=0
07-05 12:27:49:965[INFO]<mkdb.Checkpoint>-flush=0
07-05 12:27:49:965[INFO]<mkdb.Checkpoint>------------------ end -----------------
07-05 12:28:43:026[INFO]<Thread-5>-ServersId:
[1000000001/127.0.0.1:38384]

07-05 12:28:50:020[INFO]<mkdb.Checkpoint>----------------- begin ----------------
07-05 12:28:50:020[INFO]<mkdb.Checkpoint>-marshalN=1/0
07-05 12:28:50:020[INFO]<mkdb.Checkpoint>-snapshot=0 marshal0=0
07-05 12:28:50:020[INFO]<mkdb.Checkpoint>-flush=0
07-05 12:28:50:020[INFO]<mkdb.Checkpoint>------------------ end -----------------
07-05 12:29:43:026[INFO]<Thread-5>-ServersId:
[1000000001/127.0.0.1:38384]

07-05 12:29:50:075[INFO]<mkdb.Checkpoint>----------------- begin ----------------
07-05 12:29:50:076[INFO]<mkdb.Checkpoint>-marshalN=1/0
07-05 12:29:50:076[INFO]<mkdb.Checkpoint>-snapshot=0 marshal0=0
07-05 12:29:50:076[INFO]<mkdb.Checkpoint>-flush=0
07-05 12:29:50:076[INFO]<mkdb.Checkpoint>------------------ end -----------------
07-05 12:29:54:994[DEBUG]<mkio.Engine.2>-mkio.Protocol execute type=8058 class=gnet.AuGameKeepAlive this=(1783225794994,)
07-05 12:29:54:994[DEBUG]<mkio.Engine.2>-execute(1783225794994,)
07-05 12:29:54:995[DEBUG]<mkdb.Worker..102>-mkio.send type=8058 class=gnet.AuGameKeepAlive this=(1783225794994,)
07-05 12:30:43:027[INFO]<Thread-5>-ServersId:
[1000000001/127.0.0.1:38384]

07-05 12:30:50:132[INFO]<mkdb.Checkpoint>----------------- begin ----------------
07-05 12:30:50:132[INFO]<mkdb.Checkpoint>-marshalN=1/0
07-05 12:30:50:132[INFO]<mkdb.Checkpoint>-snapshot=0 marshal0=0
07-05 12:30:50:132[INFO]<mkdb.Checkpoint>-flush=0
07-05 12:30:50:132[INFO]<mkdb.Checkpoint>------------------ end -----------------
07-05 12:31:43:027[INFO]<Thread-5>-ServersId:
[1000000001/127.0.0.1:38384]

07-05 12:31:50:188[INFO]<mkdb.Checkpoint>----------------- begin ----------------
07-05 12:31:50:188[INFO]<mkdb.Checkpoint>-marshalN=1/0
07-05 12:31:50:188[INFO]<mkdb.Checkpoint>-snapshot=0 marshal0=0
07-05 12:31:50:188[INFO]<mkdb.Checkpoint>-flush=0
07-05 12:31:50:188[INFO]<mkdb.Checkpoint>------------------ end -----------------
07-05 12:32:43:027[INFO]<Thread-5>-ServersId:
[1000000001/127.0.0.1:38384]

07-05 12:32:50:245[INFO]<mkdb.Checkpoint>----------------- begin ----------------
07-05 12:32:50:246[INFO]<mkdb.Checkpoint>-marshalN=1/0
07-05 12:32:50:246[INFO]<mkdb.Checkpoint>-snapshot=0 marshal0=0
07-05 12:32:50:246[INFO]<mkdb.Checkpoint>-flush=0
07-05 12:32:50:246[INFO]<mkdb.Checkpoint>------------------ end -----------------
07-05 12:33:43:027[INFO]<Thread-5>-ServersId:
[1000000001/127.0.0.1:38384]

07-05 12:33:50:305[INFO]<mkdb.Checkpoint>----------------- begin ----------------
07-05 12:33:50:305[INFO]<mkdb.Checkpoint>-marshalN=1/0
07-05 12:33:50:305[INFO]<mkdb.Checkpoint>-snapshot=0 marshal0=0
07-05 12:33:50:305[INFO]<mkdb.Checkpoint>-flush=0
07-05 12:33:50:305[INFO]<mkdb.Checkpoint>------------------ end -----------------
07-05 12:34:43:028[INFO]<Thread-5>-ServersId:
[1000000001/127.0.0.1:38384]

07-05 12:34:50:365[INFO]<mkdb.Checkpoint>----------------- begin ----------------
07-05 12:34:50:365[INFO]<mkdb.Checkpoint>-marshalN=1/0
07-05 12:34:50:365[INFO]<mkdb.Checkpoint>-snapshot=0 marshal0=0
07-05 12:34:50:365[INFO]<mkdb.Checkpoint>-flush=0
07-05 12:34:50:365[INFO]<mkdb.Checkpoint>------------------ end -----------------
07-05 12:34:54:297[DEBUG]<mkio.Engine.2>-mkio.Protocol execute type=8058 class=gnet.AuGameKeepAlive this=(1783226094297,)
07-05 12:34:54:297[DEBUG]<mkio.Engine.2>-execute(1783226094297,)
07-05 12:34:54:297[DEBUG]<mkdb.Worker..104>-mkio.send type=8058 class=gnet.AuGameKeepAlive this=(1783226094297,)
07-05 12:35:43:028[INFO]<Thread-5>-ServersId:
[1000000001/127.0.0.1:38384]

07-05 12:35:50:426[INFO]<mkdb.Checkpoint>----------------- begin ----------------
07-05 12:35:50:426[INFO]<mkdb.Checkpoint>-marshalN=1/0
07-05 12:35:50:426[INFO]<mkdb.Checkpoint>-snapshot=0 marshal0=0
07-05 12:35:50:426[INFO]<mkdb.Checkpoint>-flush=0
07-05 12:35:50:426[INFO]<mkdb.Checkpoint>------------------ end -----------------
07-05 12:36:43:028[INFO]<Thread-5>-ServersId:
[1000000001/127.0.0.1:38384]

07-05 12:36:50:488[INFO]<mkdb.Checkpoint>----------------- begin ----------------
07-05 12:36:50:488[INFO]<mkdb.Checkpoint>-marshalN=1/0
07-05 12:36:50:488[INFO]<mkdb.Checkpoint>-snapshot=0 marshal0=0
07-05 12:36:50:488[INFO]<mkdb.Checkpoint>-flush=0
07-05 12:36:50:488[INFO]<mkdb.Checkpoint>------------------ end -----------------
07-05 12:37:43:028[INFO]<Thread-5>-ServersId:
[1000000001/127.0.0.1:38384]

07-05 12:37:50:545[INFO]<mkdb.Checkpoint>----------------- begin ----------------
07-05 12:37:50:545[INFO]<mkdb.Checkpoint>-marshalN=1/0
07-05 12:37:50:545[INFO]<mkdb.Checkpoint>-snapshot=0 marshal0=0
07-05 12:37:50:545[INFO]<mkdb.Checkpoint>-flush=0
07-05 12:37:50:545[INFO]<mkdb.Checkpoint>------------------ end -----------------
07-05 12:38:43:029[INFO]<Thread-5>-ServersId:
[1000000001/127.0.0.1:38384]

07-05 12:38:50:601[INFO]<mkdb.Checkpoint>----------------- begin ----------------
07-05 12:38:50:601[INFO]<mkdb.Checkpoint>-marshalN=1/0
07-05 12:38:50:601[INFO]<mkdb.Checkpoint>-snapshot=0 marshal0=0
07-05 12:38:50:601[INFO]<mkdb.Checkpoint>-flush=0
07-05 12:38:50:601[INFO]<mkdb.Checkpoint>------------------ end -----------------
07-05 12:39:43:029[INFO]<Thread-5>-ServersId:
[1000000001/127.0.0.1:38384]

07-05 12:39:50:662[INFO]<mkdb.Checkpoint>----------------- begin ----------------
07-05 12:39:50:662[INFO]<mkdb.Checkpoint>-marshalN=1/0
07-05 12:39:50:662[INFO]<mkdb.Checkpoint>-snapshot=0 marshal0=0
07-05 12:39:50:662[INFO]<mkdb.Checkpoint>-flush=0
07-05 12:39:50:662[INFO]<mkdb.Checkpoint>------------------ end -----------------
07-05 12:39:54:601[DEBUG]<mkio.Engine.2>-mkio.Protocol execute type=8058 class=gnet.AuGameKeepAlive this=(1783226394600,)
07-05 12:39:54:601[DEBUG]<mkio.Engine.2>-execute(1783226394600,)
07-05 12:39:54:601[DEBUG]<mkdb.Worker..106>-mkio.send type=8058 class=gnet.AuGameKeepAlive this=(1783226394600,)
07-05 12:40:43:029[INFO]<Thread-5>-ServersId:
[1000000001/127.0.0.1:38384]

07-05 12:40:50:718[INFO]<mkdb.Checkpoint>----------------- begin ----------------
07-05 12:40:50:718[INFO]<mkdb.Checkpoint>-marshalN=1/0
07-05 12:40:50:718[INFO]<mkdb.Checkpoint>-snapshot=0 marshal0=0
07-05 12:40:50:718[INFO]<mkdb.Checkpoint>-flush=0
07-05 12:40:50:719[INFO]<mkdb.Checkpoint>------------------ end -----------------
07-05 12:41:43:029[INFO]<Thread-5>-ServersId:
[1000000001/127.0.0.1:38384]

07-05 12:41:50:777[INFO]<mkdb.Checkpoint>----------------- begin ----------------
07-05 12:41:50:777[INFO]<mkdb.Checkpoint>-marshalN=1/0
07-05 12:41:50:777[INFO]<mkdb.Checkpoint>-snapshot=0 marshal0=0
07-05 12:41:50:777[INFO]<mkdb.Checkpoint>-flush=0
07-05 12:41:50:777[INFO]<mkdb.Checkpoint>------------------ end -----------------
07-05 12:42:43:029[INFO]<Thread-5>-ServersId:
[1000000001/127.0.0.1:38384]

07-05 12:42:50:835[INFO]<mkdb.Checkpoint>----------------- begin ----------------
07-05 12:42:50:835[INFO]<mkdb.Checkpoint>-marshalN=1/0
07-05 12:42:50:835[INFO]<mkdb.Checkpoint>-snapshot=0 marshal0=0
07-05 12:42:50:835[INFO]<mkdb.Checkpoint>-flush=0
07-05 12:42:50:835[INFO]<mkdb.Checkpoint>------------------ end -----------------
07-05 12:43:43:030[INFO]<Thread-5>-ServersId:
[1000000001/127.0.0.1:38384]

07-05 12:43:50:893[INFO]<mkdb.Checkpoint>----------------- begin ----------------
07-05 12:43:50:893[INFO]<mkdb.Checkpoint>-marshalN=1/0
07-05 12:43:50:893[INFO]<mkdb.Checkpoint>-snapshot=0 marshal0=0
07-05 12:43:50:893[INFO]<mkdb.Checkpoint>-flush=0
07-05 12:43:50:893[INFO]<mkdb.Checkpoint>------------------ end -----------------
07-05 12:44:43:030[INFO]<Thread-5>-ServersId:
[1000000001/127.0.0.1:38384]

07-05 12:44:50:952[INFO]<mkdb.Checkpoint>----------------- begin ----------------
07-05 12:44:50:952[INFO]<mkdb.Checkpoint>-marshalN=1/0
07-05 12:44:50:952[INFO]<mkdb.Checkpoint>-snapshot=0 marshal0=0
07-05 12:44:50:952[INFO]<mkdb.Checkpoint>-flush=0
07-05 12:44:50:952[INFO]<mkdb.Checkpoint>------------------ end -----------------
07-05 12:44:54:892[DEBUG]<mkio.Engine.2>-mkio.Protocol execute type=8058 class=gnet.AuGameKeepAlive this=(1783226694892,)
07-05 12:44:54:892[DEBUG]<mkio.Engine.2>-execute(1783226694892,)
07-05 12:44:54:893[DEBUG]<mkdb.Worker..108>-mkio.send type=8058 class=gnet.AuGameKeepAlive this=(1783226694892,)
07-05 12:45:43:030[INFO]<Thread-5>-ServersId:
[1000000001/127.0.0.1:38384]

07-05 12:45:51:011[INFO]<mkdb.Checkpoint>----------------- begin ----------------
07-05 12:45:51:011[INFO]<mkdb.Checkpoint>-marshalN=1/0
07-05 12:45:51:011[INFO]<mkdb.Checkpoint>-snapshot=0 marshal0=0
07-05 12:45:51:011[INFO]<mkdb.Checkpoint>-flush=0
07-05 12:45:51:011[INFO]<mkdb.Checkpoint>------------------ end -----------------
07-05 12:46:43:030[INFO]<Thread-5>-ServersId:
[1000000001/127.0.0.1:38384]

07-05 12:46:51:065[INFO]<mkdb.Checkpoint>----------------- begin ----------------
07-05 12:46:51:065[INFO]<mkdb.Checkpoint>-marshalN=1/0
07-05 12:46:51:065[INFO]<mkdb.Checkpoint>-snapshot=0 marshal0=0
07-05 12:46:51:065[INFO]<mkdb.Checkpoint>-flush=0
07-05 12:46:51:065[INFO]<mkdb.Checkpoint>------------------ end -----------------
07-05 12:47:43:031[INFO]<Thread-5>-ServersId:
[1000000001/127.0.0.1:38384]

07-05 12:47:51:116[INFO]<mkdb.Checkpoint>----------------- begin ----------------
07-05 12:47:51:116[INFO]<mkdb.Checkpoint>-marshalN=1/0
07-05 12:47:51:116[INFO]<mkdb.Checkpoint>-snapshot=0 marshal0=0
07-05 12:47:51:116[INFO]<mkdb.Checkpoint>-flush=0
07-05 12:47:51:116[INFO]<mkdb.Checkpoint>------------------ end -----------------
07-05 12:48:43:031[INFO]<Thread-5>-ServersId:
[1000000001/127.0.0.1:38384]

07-05 12:48:51:168[INFO]<mkdb.Checkpoint>----------------- begin ----------------
07-05 12:48:51:168[INFO]<mkdb.Checkpoint>-marshalN=1/0
07-05 12:48:51:168[INFO]<mkdb.Checkpoint>-snapshot=0 marshal0=0
07-05 12:48:51:168[INFO]<mkdb.Checkpoint>-flush=0
07-05 12:48:51:168[INFO]<mkdb.Checkpoint>------------------ end -----------------
07-05 12:49:43:031[INFO]<Thread-5>-ServersId:
[1000000001/127.0.0.1:38384]

07-05 12:49:51:223[INFO]<mkdb.Checkpoint>----------------- begin ----------------
07-05 12:49:51:223[INFO]<mkdb.Checkpoint>-marshalN=1/0
07-05 12:49:51:223[INFO]<mkdb.Checkpoint>-snapshot=0 marshal0=0
07-05 12:49:51:223[INFO]<mkdb.Checkpoint>-flush=0
07-05 12:49:51:223[INFO]<mkdb.Checkpoint>------------------ end -----------------
07-05 12:49:54:182[DEBUG]<mkio.Engine.2>-mkio.Protocol execute type=8058 class=gnet.AuGameKeepAlive this=(1783226994182,)
07-05 12:49:54:182[DEBUG]<mkio.Engine.2>-execute(1783226994182,)
07-05 12:49:54:183[DEBUG]<mkdb.Worker..110>-mkio.send type=8058 class=gnet.AuGameKeepAlive this=(1783226994182,)
07-05 12:50:43:031[INFO]<Thread-5>-ServersId:
[1000000001/127.0.0.1:38384]

07-05 12:50:51:279[INFO]<mkdb.Checkpoint>----------------- begin ----------------
07-05 12:50:51:279[INFO]<mkdb.Checkpoint>-marshalN=1/0
07-05 12:50:51:279[INFO]<mkdb.Checkpoint>-snapshot=0 marshal0=0
07-05 12:50:51:279[INFO]<mkdb.Checkpoint>-flush=0
07-05 12:50:51:279[INFO]<mkdb.Checkpoint>------------------ end -----------------
07-05 12:51:43:031[INFO]<Thread-5>-ServersId:
[1000000001/127.0.0.1:38384]

07-05 12:51:51:334[INFO]<mkdb.Checkpoint>----------------- begin ----------------
07-05 12:51:51:334[INFO]<mkdb.Checkpoint>-marshalN=1/0
07-05 12:51:51:334[INFO]<mkdb.Checkpoint>-snapshot=0 marshal0=0
07-05 12:51:51:334[INFO]<mkdb.Checkpoint>-flush=0
07-05 12:51:51:334[INFO]<mkdb.Checkpoint>------------------ end -----------------
07-05 12:52:43:032[INFO]<Thread-5>-ServersId:
[1000000001/127.0.0.1:38384]

07-05 12:52:51:386[INFO]<mkdb.Checkpoint>----------------- begin ----------------
07-05 12:52:51:386[INFO]<mkdb.Checkpoint>-marshalN=1/0
07-05 12:52:51:386[INFO]<mkdb.Checkpoint>-snapshot=0 marshal0=0
07-05 12:52:51:386[INFO]<mkdb.Checkpoint>-flush=0
07-05 12:52:51:386[INFO]<mkdb.Checkpoint>------------------ end -----------------
07-05 12:53:43:032[INFO]<Thread-5>-ServersId:
[1000000001/127.0.0.1:38384]

07-05 12:53:51:441[INFO]<mkdb.Checkpoint>----------------- begin ----------------
07-05 12:53:51:441[INFO]<mkdb.Checkpoint>-marshalN=1/0
07-05 12:53:51:441[INFO]<mkdb.Checkpoint>-snapshot=0 marshal0=0
07-05 12:53:51:441[INFO]<mkdb.Checkpoint>-flush=0
07-05 12:53:51:441[INFO]<mkdb.Checkpoint>------------------ end -----------------
07-05 12:54:43:032[INFO]<Thread-5>-ServersId:
[1000000001/127.0.0.1:38384]

07-05 12:54:51:495[INFO]<mkdb.Checkpoint>----------------- begin ----------------
07-05 12:54:51:495[INFO]<mkdb.Checkpoint>-marshalN=1/0
07-05 12:54:51:495[INFO]<mkdb.Checkpoint>-snapshot=0 marshal0=0
07-05 12:54:51:495[INFO]<mkdb.Checkpoint>-flush=0
07-05 12:54:51:495[INFO]<mkdb.Checkpoint>------------------ end -----------------
07-05 12:54:54:479[DEBUG]<mkio.Engine.2>-mkio.Protocol execute type=8058 class=gnet.AuGameKeepAlive this=(1783227294479,)
07-05 12:54:54:479[DEBUG]<mkio.Engine.2>-execute(1783227294479,)
07-05 12:54:54:480[DEBUG]<mkdb.Worker..112>-mkio.send type=8058 class=gnet.AuGameKeepAlive this=(1783227294479,)
07-05 12:55:43:032[INFO]<Thread-5>-ServersId:
[1000000001/127.0.0.1:38384]

07-05 12:55:51:548[INFO]<mkdb.Checkpoint>----------------- begin ----------------
07-05 12:55:51:548[INFO]<mkdb.Checkpoint>-marshalN=1/0
07-05 12:55:51:548[INFO]<mkdb.Checkpoint>-snapshot=0 marshal0=0
07-05 12:55:51:548[INFO]<mkdb.Checkpoint>-flush=0
07-05 12:55:51:548[INFO]<mkdb.Checkpoint>------------------ end -----------------
07-05 12:56:43:033[INFO]<Thread-5>-ServersId:
[1000000001/127.0.0.1:38384]

07-05 12:56:51:603[INFO]<mkdb.Checkpoint>----------------- begin ----------------
07-05 12:56:51:603[INFO]<mkdb.Checkpoint>-marshalN=1/0
07-05 12:56:51:604[INFO]<mkdb.Checkpoint>-snapshot=0 marshal0=0
07-05 12:56:51:604[INFO]<mkdb.Checkpoint>-flush=0
07-05 12:56:51:604[INFO]<mkdb.Checkpoint>------------------ end -----------------
07-05 12:57:43:033[INFO]<Thread-5>-ServersId:
[1000000001/127.0.0.1:38384]

07-05 12:57:51:656[INFO]<mkdb.Checkpoint>----------------- begin ----------------
07-05 12:57:51:657[INFO]<mkdb.Checkpoint>-marshalN=1/0
07-05 12:57:51:657[INFO]<mkdb.Checkpoint>-snapshot=0 marshal0=0
07-05 12:57:51:657[INFO]<mkdb.Checkpoint>-flush=0
07-05 12:57:51:657[INFO]<mkdb.Checkpoint>------------------ end -----------------
07-05 12:58:43:033[INFO]<Thread-5>-ServersId:
[1000000001/127.0.0.1:38384]

07-05 12:58:51:707[INFO]<mkdb.Checkpoint>----------------- begin ----------------
07-05 12:58:51:708[INFO]<mkdb.Checkpoint>-marshalN=1/0
07-05 12:58:51:708[INFO]<mkdb.Checkpoint>-snapshot=0 marshal0=0
07-05 12:58:51:708[INFO]<mkdb.Checkpoint>-flush=0
07-05 12:58:51:708[INFO]<mkdb.Checkpoint>------------------ end -----------------
07-05 12:59:43:033[INFO]<Thread-5>-ServersId:
[1000000001/127.0.0.1:38384]

07-05 12:59:51:762[INFO]<mkdb.Checkpoint>----------------- begin ----------------
07-05 12:59:51:762[INFO]<mkdb.Checkpoint>-marshalN=1/0
07-05 12:59:51:762[INFO]<mkdb.Checkpoint>-snapshot=0 marshal0=0
07-05 12:59:51:762[INFO]<mkdb.Checkpoint>-flush=0
07-05 12:59:51:762[INFO]<mkdb.Checkpoint>------------------ end -----------------
07-05 12:59:54:765[DEBUG]<mkio.Engine.2>-mkio.Protocol execute type=8058 class=gnet.AuGameKeepAlive this=(1783227594765,)
07-05 12:59:54:765[DEBUG]<mkio.Engine.2>-execute(1783227594765,)
07-05 12:59:54:766[DEBUG]<mkdb.Worker..114>-mkio.send type=8058 class=gnet.AuGameKeepAlive this=(1783227594765,)
07-05 13:00:43:034[INFO]<Thread-5>-ServersId:
[1000000001/127.0.0.1:38384]

07-05 13:00:51:816[INFO]<mkdb.Checkpoint>----------------- begin ----------------
07-05 13:00:51:816[INFO]<mkdb.Checkpoint>-marshalN=1/0
07-05 13:00:51:816[INFO]<mkdb.Checkpoint>-snapshot=0 marshal0=0
07-05 13:00:51:816[INFO]<mkdb.Checkpoint>-flush=0
07-05 13:00:51:816[INFO]<mkdb.Checkpoint>------------------ end -----------------
07-05 13:01:43:034[INFO]<Thread-5>-ServersId:
[1000000001/127.0.0.1:38384]

07-05 13:01:51:870[INFO]<mkdb.Checkpoint>----------------- begin ----------------
07-05 13:01:51:870[INFO]<mkdb.Checkpoint>-marshalN=1/0
07-05 13:01:51:870[INFO]<mkdb.Checkpoint>-snapshot=0 marshal0=0
07-05 13:01:51:870[INFO]<mkdb.Checkpoint>-flush=0
07-05 13:01:51:870[INFO]<mkdb.Checkpoint>------------------ end -----------------
07-05 13:02:43:034[INFO]<Thread-5>-ServersId:
[1000000001/127.0.0.1:38384]

07-05 13:02:51:925[INFO]<mkdb.Checkpoint>----------------- begin ----------------
07-05 13:02:51:925[INFO]<mkdb.Checkpoint>-marshalN=1/0
07-05 13:02:51:925[INFO]<mkdb.Checkpoint>-snapshot=0 marshal0=0
07-05 13:02:51:925[INFO]<mkdb.Checkpoint>-flush=0
07-05 13:02:51:925[INFO]<mkdb.Checkpoint>------------------ end -----------------
07-05 13:03:43:034[INFO]<Thread-5>-ServersId:
[1000000001/127.0.0.1:38384]

07-05 13:03:51:979[INFO]<mkdb.Checkpoint>----------------- begin ----------------
07-05 13:03:51:979[INFO]<mkdb.Checkpoint>-marshalN=1/0
07-05 13:03:51:979[INFO]<mkdb.Checkpoint>-snapshot=0 marshal0=0
07-05 13:03:51:979[INFO]<mkdb.Checkpoint>-flush=0
07-05 13:03:51:979[INFO]<mkdb.Checkpoint>------------------ end -----------------
07-05 13:04:43:035[INFO]<Thread-5>-ServersId:
[1000000001/127.0.0.1:38384]

07-05 13:04:52:031[INFO]<mkdb.Checkpoint>----------------- begin ----------------
07-05 13:04:52:031[INFO]<mkdb.Checkpoint>-marshalN=1/0
07-05 13:04:52:031[INFO]<mkdb.Checkpoint>-snapshot=0 marshal0=0
07-05 13:04:52:031[INFO]<mkdb.Checkpoint>-flush=0
07-05 13:04:52:031[INFO]<mkdb.Checkpoint>------------------ end -----------------
07-05 13:04:54:058[DEBUG]<mkio.Engine.2>-mkio.Protocol execute type=8058 class=gnet.AuGameKeepAlive this=(1783227894057,)
07-05 13:04:54:058[DEBUG]<mkio.Engine.2>-execute(1783227894057,)
07-05 13:04:54:058[DEBUG]<mkdb.Worker..116>-mkio.send type=8058 class=gnet.AuGameKeepAlive this=(1783227894057,)
07-05 13:04:59:639[DEBUG]<pool-2-thread-1>-HttpServerHandler url = / args = null
07-05 13:05:00:012[DEBUG]<pool-2-thread-1>-HttpServerHandler url = /favicon.ico args = null
07-05 13:05:00:395[DEBUG]<pool-2-thread-1>-HttpServerHandler url = /mcp args = {"id":1,"jsonrpc":"2.0","method":"initialize","params":{"capabilities":{},"clientInfo":{"name":"client","version":"0"},"protocolVersion":"2025-03-26"}}
07-05 13:05:01:017[DEBUG]<pool-2-thread-1>-HttpServerHandler url = / args = {"id":1,"jsonrpc":"2.0","method":"initialize","params":{"capabilities":{},"clientInfo":{"name":"client","version":"0"},"protocolVersion":"2025-03-26"}}
07-05 13:05:01:392[DEBUG]<pool-2-thread-1>-HttpServerHandler url = /sse args = null
07-05 13:05:43:035[INFO]<Thread-5>-ServersId:
[1000000001/127.0.0.1:38384]

07-05 13:05:52:085[INFO]<mkdb.Checkpoint>----------------- begin ----------------
07-05 13:05:52:086[INFO]<mkdb.Checkpoint>-marshalN=1/0
07-05 13:05:52:086[INFO]<mkdb.Checkpoint>-snapshot=0 marshal0=0
07-05 13:05:52:086[INFO]<mkdb.Checkpoint>-flush=0
07-05 13:05:52:086[INFO]<mkdb.Checkpoint>------------------ end -----------------
07-05 13:06:43:035[INFO]<Thread-5>-ServersId:
[1000000001/127.0.0.1:38384]

07-05 13:06:52:138[INFO]<mkdb.Checkpoint>----------------- begin ----------------
07-05 13:06:52:138[INFO]<mkdb.Checkpoint>-marshalN=1/0
07-05 13:06:52:138[INFO]<mkdb.Checkpoint>-snapshot=0 marshal0=0
07-05 13:06:52:138[INFO]<mkdb.Checkpoint>-flush=0
07-05 13:06:52:138[INFO]<mkdb.Checkpoint>------------------ end -----------------
07-05 13:07:43:035[INFO]<Thread-5>-ServersId:
[1000000001/127.0.0.1:38384]

07-05 13:07:52:191[INFO]<mkdb.Checkpoint>----------------- begin ----------------
07-05 13:07:52:191[INFO]<mkdb.Checkpoint>-marshalN=1/0
07-05 13:07:52:191[INFO]<mkdb.Checkpoint>-snapshot=0 marshal0=0
07-05 13:07:52:191[INFO]<mkdb.Checkpoint>-flush=0
07-05 13:07:52:191[INFO]<mkdb.Checkpoint>------------------ end -----------------
07-05 13:08:43:035[INFO]<Thread-5>-ServersId:
[1000000001/127.0.0.1:38384]

07-05 13:08:52:243[INFO]<mkdb.Checkpoint>----------------- begin ----------------
07-05 13:08:52:244[INFO]<mkdb.Checkpoint>-marshalN=1/0
07-05 13:08:52:244[INFO]<mkdb.Checkpoint>-snapshot=0 marshal0=0
07-05 13:08:52:244[INFO]<mkdb.Checkpoint>-flush=0
07-05 13:08:52:244[INFO]<mkdb.Checkpoint>------------------ end -----------------
07-05 13:09:43:036[INFO]<Thread-5>-ServersId:
[1000000001/127.0.0.1:38384]

07-05 13:09:52:297[INFO]<mkdb.Checkpoint>----------------- begin ----------------
07-05 13:09:52:297[INFO]<mkdb.Checkpoint>-marshalN=1/0
07-05 13:09:52:297[INFO]<mkdb.Checkpoint>-snapshot=0 marshal0=0
07-05 13:09:52:297[INFO]<mkdb.Checkpoint>-flush=0
07-05 13:09:52:297[INFO]<mkdb.Checkpoint>------------------ end -----------------
07-05 13:09:54:358[DEBUG]<mkio.Engine.2>-mkio.Protocol execute type=8058 class=gnet.AuGameKeepAlive this=(1783228194357,)
07-05 13:09:54:358[DEBUG]<mkio.Engine.2>-execute(1783228194357,)
07-05 13:09:54:358[DEBUG]<mkdb.Worker..119>-mkio.send type=8058 class=gnet.AuGameKeepAlive this=(1783228194357,)
07-05 13:10:43:036[INFO]<Thread-5>-ServersId:
[1000000001/127.0.0.1:38384]

07-05 13:10:52:356[INFO]<mkdb.Checkpoint>----------------- begin ----------------
07-05 13:10:52:356[INFO]<mkdb.Checkpoint>-marshalN=1/0
07-05 13:10:52:356[INFO]<mkdb.Checkpoint>-snapshot=0 marshal0=0
07-05 13:10:52:356[INFO]<mkdb.Checkpoint>-flush=0
07-05 13:10:52:356[INFO]<mkdb.Checkpoint>------------------ end -----------------
07-05 13:11:43:036[INFO]<Thread-5>-ServersId:
[1000000001/127.0.0.1:38384]

07-05 13:11:52:405[INFO]<mkdb.Checkpoint>----------------- begin ----------------
07-05 13:11:52:405[INFO]<mkdb.Checkpoint>-marshalN=1/0
07-05 13:11:52:405[INFO]<mkdb.Checkpoint>-snapshot=0 marshal0=0
07-05 13:11:52:405[INFO]<mkdb.Checkpoint>-flush=0
07-05 13:11:52:405[INFO]<mkdb.Checkpoint>------------------ end -----------------
07-05 13:12:43:036[INFO]<Thread-5>-ServersId:
[1000000001/127.0.0.1:38384]

07-05 13:12:52:457[INFO]<mkdb.Checkpoint>----------------- begin ----------------
07-05 13:12:52:458[INFO]<mkdb.Checkpoint>-marshalN=1/0
07-05 13:12:52:458[INFO]<mkdb.Checkpoint>-snapshot=0 marshal0=0
07-05 13:12:52:458[INFO]<mkdb.Checkpoint>-flush=0
07-05 13:12:52:458[INFO]<mkdb.Checkpoint>------------------ end -----------------
07-05 13:13:43:037[INFO]<Thread-5>-ServersId:
[1000000001/127.0.0.1:38384]

07-05 13:13:52:510[INFO]<mkdb.Checkpoint>----------------- begin ----------------
07-05 13:13:52:510[INFO]<mkdb.Checkpoint>-marshalN=1/0
07-05 13:13:52:510[INFO]<mkdb.Checkpoint>-snapshot=0 marshal0=0
07-05 13:13:52:510[INFO]<mkdb.Checkpoint>-flush=0
07-05 13:13:52:510[INFO]<mkdb.Checkpoint>------------------ end -----------------
07-05 13:14:43:037[INFO]<Thread-5>-ServersId:
[1000000001/127.0.0.1:38384]

07-05 13:14:52:564[INFO]<mkdb.Checkpoint>----------------- begin ----------------
07-05 13:14:52:565[INFO]<mkdb.Checkpoint>-marshalN=1/0
07-05 13:14:52:565[INFO]<mkdb.Checkpoint>-snapshot=0 marshal0=0
07-05 13:14:52:565[INFO]<mkdb.Checkpoint>-flush=0
07-05 13:14:52:565[INFO]<mkdb.Checkpoint>------------------ end -----------------
07-05 13:14:54:653[DEBUG]<mkio.Engine.2>-mkio.Protocol execute type=8058 class=gnet.AuGameKeepAlive this=(1783228494653,)
07-05 13:14:54:653[DEBUG]<mkio.Engine.2>-execute(1783228494653,)
07-05 13:14:54:654[DEBUG]<mkdb.Worker..121>-mkio.send type=8058 class=gnet.AuGameKeepAlive this=(1783228494653,)
07-05 13:15:43:037[INFO]<Thread-5>-ServersId:
[1000000001/127.0.0.1:38384]

07-05 13:15:52:618[INFO]<mkdb.Checkpoint>----------------- begin ----------------
07-05 13:15:52:618[INFO]<mkdb.Checkpoint>-marshalN=1/0
07-05 13:15:52:618[INFO]<mkdb.Checkpoint>-snapshot=0 marshal0=0
07-05 13:15:52:618[INFO]<mkdb.Checkpoint>-flush=0
07-05 13:15:52:618[INFO]<mkdb.Checkpoint>------------------ end -----------------
07-05 13:16:43:037[INFO]<Thread-5>-ServersId:
[1000000001/127.0.0.1:38384]

07-05 13:16:52:672[INFO]<mkdb.Checkpoint>----------------- begin ----------------
07-05 13:16:52:672[INFO]<mkdb.Checkpoint>-marshalN=1/0
07-05 13:16:52:672[INFO]<mkdb.Checkpoint>-snapshot=0 marshal0=0
07-05 13:16:52:672[INFO]<mkdb.Checkpoint>-flush=0
07-05 13:16:52:672[INFO]<mkdb.Checkpoint>------------------ end -----------------
07-05 13:17:43:037[INFO]<Thread-5>-ServersId:
[1000000001/127.0.0.1:38384]

07-05 13:17:52:722[INFO]<mkdb.Checkpoint>----------------- begin ----------------
07-05 13:17:52:723[INFO]<mkdb.Checkpoint>-marshalN=1/0
07-05 13:17:52:723[INFO]<mkdb.Checkpoint>-snapshot=0 marshal0=0
07-05 13:17:52:723[INFO]<mkdb.Checkpoint>-flush=0
07-05 13:17:52:723[INFO]<mkdb.Checkpoint>------------------ end -----------------
07-05 13:18:43:038[INFO]<Thread-5>-ServersId:
[1000000001/127.0.0.1:38384]

07-05 13:18:52:778[INFO]<mkdb.Checkpoint>----------------- begin ----------------
07-05 13:18:52:778[INFO]<mkdb.Checkpoint>-marshalN=1/0
07-05 13:18:52:778[INFO]<mkdb.Checkpoint>-snapshot=0 marshal0=0
07-05 13:18:52:778[INFO]<mkdb.Checkpoint>-flush=0
07-05 13:18:52:778[INFO]<mkdb.Checkpoint>------------------ end -----------------
07-05 13:19:43:038[INFO]<Thread-5>-ServersId:
[1000000001/127.0.0.1:38384]

07-05 13:19:52:831[INFO]<mkdb.Checkpoint>----------------- begin ----------------
07-05 13:19:52:831[INFO]<mkdb.Checkpoint>-marshalN=1/0
07-05 13:19:52:831[INFO]<mkdb.Checkpoint>-snapshot=0 marshal0=0
07-05 13:19:52:831[INFO]<mkdb.Checkpoint>-flush=0
07-05 13:19:52:831[INFO]<mkdb.Checkpoint>------------------ end -----------------
07-05 13:19:54:933[DEBUG]<mkio.Engine.2>-mkio.Protocol execute type=8058 class=gnet.AuGameKeepAlive this=(1783228794933,)
07-05 13:19:54:933[DEBUG]<mkio.Engine.2>-execute(1783228794933,)
07-05 13:19:54:934[DEBUG]<mkdb.Worker..123>-mkio.send type=8058 class=gnet.AuGameKeepAlive this=(1783228794933,)
07-05 13:20:06:502[DEBUG]<pool-2-thread-2>-HttpServerHandler url = /SDK/webLanguage args = null
07-05 13:20:43:038[INFO]<Thread-5>-ServersId:
[1000000001/127.0.0.1:38384]

07-05 13:20:52:883[INFO]<mkdb.Checkpoint>----------------- begin ----------------
07-05 13:20:52:884[INFO]<mkdb.Checkpoint>-marshalN=1/0
07-05 13:20:52:884[INFO]<mkdb.Checkpoint>-snapshot=0 marshal0=0
07-05 13:20:52:884[INFO]<mkdb.Checkpoint>-flush=0
07-05 13:20:52:884[INFO]<mkdb.Checkpoint>------------------ end -----------------
07-05 13:21:43:038[INFO]<Thread-5>-ServersId:
[1000000001/127.0.0.1:38384]

07-05 13:21:52:936[INFO]<mkdb.Checkpoint>----------------- begin ----------------
07-05 13:21:52:936[INFO]<mkdb.Checkpoint>-marshalN=1/0
07-05 13:21:52:936[INFO]<mkdb.Checkpoint>-snapshot=0 marshal0=0
07-05 13:21:52:936[INFO]<mkdb.Checkpoint>-flush=0
07-05 13:21:52:937[INFO]<mkdb.Checkpoint>------------------ end -----------------
07-05 13:22:43:038[INFO]<Thread-5>-ServersId:
[1000000001/127.0.0.1:38384]

07-05 13:22:52:989[INFO]<mkdb.Checkpoint>----------------- begin ----------------
07-05 13:22:52:989[INFO]<mkdb.Checkpoint>-marshalN=1/0
07-05 13:22:52:989[INFO]<mkdb.Checkpoint>-snapshot=0 marshal0=0
07-05 13:22:52:989[INFO]<mkdb.Checkpoint>-flush=0
07-05 13:22:52:989[INFO]<mkdb.Checkpoint>------------------ end -----------------
07-05 13:23:43:039[INFO]<Thread-5>-ServersId:
[1000000001/127.0.0.1:38384]

07-05 13:23:53:042[INFO]<mkdb.Checkpoint>----------------- begin ----------------
07-05 13:23:53:042[INFO]<mkdb.Checkpoint>-marshalN=1/0
07-05 13:23:53:042[INFO]<mkdb.Checkpoint>-snapshot=0 marshal0=0
07-05 13:23:53:042[INFO]<mkdb.Checkpoint>-flush=0
07-05 13:23:53:042[INFO]<mkdb.Checkpoint>------------------ end -----------------
07-05 13:24:43:039[INFO]<Thread-5>-ServersId:
[1000000001/127.0.0.1:38384]

07-05 13:24:53:097[INFO]<mkdb.Checkpoint>----------------- begin ----------------
07-05 13:24:53:097[INFO]<mkdb.Checkpoint>-marshalN=1/0
07-05 13:24:53:097[INFO]<mkdb.Checkpoint>-snapshot=0 marshal0=0
07-05 13:24:53:097[INFO]<mkdb.Checkpoint>-flush=0
07-05 13:24:53:097[INFO]<mkdb.Checkpoint>------------------ end -----------------
07-05 13:24:54:221[DEBUG]<mkio.Engine.2>-mkio.Protocol execute type=8058 class=gnet.AuGameKeepAlive this=(1783229094221,)
07-05 13:24:54:221[DEBUG]<mkio.Engine.2>-execute(1783229094221,)
07-05 13:24:54:222[DEBUG]<mkdb.Worker..126>-mkio.send type=8058 class=gnet.AuGameKeepAlive this=(1783229094221,)
07-05 13:25:37:492[DEBUG]<pool-2-thread-3>-HttpServerHandler url = /manager/html args = null
07-05 13:25:43:039[INFO]<Thread-5>-ServersId:
[1000000001/127.0.0.1:38384]

07-05 13:25:53:150[INFO]<mkdb.Checkpoint>----------------- begin ----------------
07-05 13:25:53:150[INFO]<mkdb.Checkpoint>-marshalN=1/0
07-05 13:25:53:150[INFO]<mkdb.Checkpoint>-snapshot=0 marshal0=0
07-05 13:25:53:150[INFO]<mkdb.Checkpoint>-flush=0
07-05 13:25:53:150[INFO]<mkdb.Checkpoint>------------------ end -----------------
07-05 13:26:43:040[INFO]<Thread-5>-ServersId:
[1000000001/127.0.0.1:38384]

07-05 13:26:53:202[INFO]<mkdb.Checkpoint>----------------- begin ----------------
07-05 13:26:53:202[INFO]<mkdb.Checkpoint>-marshalN=1/0
07-05 13:26:53:202[INFO]<mkdb.Checkpoint>-snapshot=0 marshal0=0
07-05 13:26:53:202[INFO]<mkdb.Checkpoint>-flush=0
07-05 13:26:53:202[INFO]<mkdb.Checkpoint>------------------ end -----------------
07-05 13:27:15:686[DEBUG]<mkio.Engine.2>-mkio.Rpc.request execute type=8903 class=openau.AuAnyLogin this=((B6,B6,B16,B12,1622939419,1,88,B32,B10,B0,B0,B0,), (0,-1,B0,B0,0,B0,))
07-05 13:27:15:686[DEBUG]<mkio.Engine.2>-execute((B6,B6,B16,B12,1622939419,1,88,B32,B10,B0,B0,B0,), (0,-1,B0,B0,0,B0,))
07-05 13:27:15:687[DEBUG]<mkdb.Worker..128>-LocojoyPlat.userLogin account=www123,
,session=www123loginipstr=27.23.188.96,loginip=1622939419,plattype=1,gameid=88,serverid=1000000001,selfchannel=,childchannel=,deviceid=
07-05 13:27:15:687[DEBUG]<mkdb.Worker..128>-LocojoyPlat.userLogin account=www123!Isn't the allow robot name(mt3robot)!Will do sdk http login!
07-05 13:27:15:687[DEBUG]<mkdb.Worker..128>-LocojoyPlat.userLogin start doHttpLogin serverid=1000000001,selfchannel=
07-05 13:27:15:687[DEBUG]<mkdb.Worker..128>-HttpIO.getRequest url = http://127.0.0.1:88/api/game/sdk?account=www123&password=www123&serverId=1000000001
07-05 13:27:15:796[DEBUG]<mkdb.Worker..128>-LocojoyPlat.userLogin finish doHttpLogin serverid=1000000001,selfchannel=
07-05 13:27:15:796[DEBUG]<mkdb.Worker..128>-LocojoyPlat.userLogin doHttpLogin={"Code":"1","Channel":"1","PlatformId":"1","Account":"www123","Message":"登录成功!","Session":"7e2120b7db41000d9082a20fdd48060941153f07d4d754793899a62698bbd37b","BindTicket":"","BindTicketExpire":0,"request_id":"1cd62c4299bd11ae"}
07-05 13:27:15:796[DEBUG]<mkdb.Worker..128>-LocojoyPlat.userLogin make account=1@@1@@www123
07-05 13:27:15:797[DEBUG]<mkdb.Worker..128>-LocojoyPlat.onUserLoginSucceed plat=ljpl,account=1@@1@@www123,userid=1
07-05 13:27:15:797[DEBUG]<mkdb.Worker..128>-mkio.send type=8903 class=openau.AuAnyLogin this=((B6,B6,B16,B12,1622939419,1,88,B32,B10,B0,B0,B0,), (0,1,B4,B12,0,B0,))
07-05 13:27:19:618[DEBUG]<mkio.Engine.2>-mkio.Protocol execute type=8920 class=openau.DataBetweenAuAnyAndGS this=(1,9001,2,B24,0,)
07-05 13:27:19:618[DEBUG]<mkio.Engine.2>-execute(1,9001,2,B24,0,)
07-05 13:27:19:619[INFO]<mkdb.Worker.procedure.131>-PGetChargeRefundInfo.userid:1,username:1@@1@@www123,ousername:1@@1@@www123,config charge:null,chargeRe:null
07-05 13:27:19:619[INFO]<mkdb.Worker.procedure.131>-PGetChargeRefundInfo.user 1in server 1000000001cannot charge refund.
07-05 13:27:19:619[DEBUG]<mkdb.Worker.procedure.131>-mkio.send type=8920 class=openau.DataBetweenAuAnyAndGS this=(1,9002,1,B2,0,)
07-05 13:27:19:829[DEBUG]<mkio.Engine.2>-mkio.Protocol execute type=8920 class=openau.DataBetweenAuAnyAndGS this=(1,9001,2,B24,0,)
07-05 13:27:19:829[DEBUG]<mkio.Engine.2>-execute(1,9001,2,B24,0,)
07-05 13:27:19:830[INFO]<mkdb.Worker.procedure.134>-PGetChargeRefundInfo.userid:1,username:1@@1@@www123,ousername:1@@1@@www123,config charge:null,chargeRe:null
07-05 13:27:19:830[INFO]<mkdb.Worker.procedure.134>-PGetChargeRefundInfo.user 1in server 1000000001cannot charge refund.
07-05 13:27:19:830[DEBUG]<mkdb.Worker.procedure.134>-mkio.send type=8920 class=openau.DataBetweenAuAnyAndGS this=(1,9002,1,B2,0,)
07-05 13:27:43:040[INFO]<Thread-5>-ServersId:
[1000000001/127.0.0.1:38384]

07-05 13:27:53:252[INFO]<mkdb.Checkpoint>----------------- begin ----------------
07-05 13:27:53:252[INFO]<mkdb.Checkpoint>-marshalN=1/0
07-05 13:27:53:253[INFO]<mkdb.Checkpoint>-snapshot=0 marshal0=0
07-05 13:27:53:253[INFO]<mkdb.Checkpoint>-flush=0
07-05 13:27:53:253[INFO]<mkdb.Checkpoint>------------------ end -----------------
07-05 13:28:43:040[INFO]<Thread-5>-ServersId:
[1000000001/127.0.0.1:38384]

07-05 13:28:53:306[INFO]<mkdb.Checkpoint>----------------- begin ----------------
07-05 13:28:53:307[INFO]<mkdb.Checkpoint>-marshalN=1/0
07-05 13:28:53:307[INFO]<mkdb.Checkpoint>-snapshot=0 marshal0=0
07-05 13:28:53:307[INFO]<mkdb.Checkpoint>-flush=0
07-05 13:28:53:307[INFO]<mkdb.Checkpoint>------------------ end -----------------
07-05 13:29:43:040[INFO]<Thread-5>-ServersId:
[1000000001/127.0.0.1:38384]

07-05 13:29:53:368[INFO]<mkdb.Checkpoint>----------------- begin ----------------
07-05 13:29:53:368[INFO]<mkdb.Checkpoint>-marshalN=1/0
07-05 13:29:53:368[INFO]<mkdb.Checkpoint>-snapshot=0 marshal0=0
07-05 13:29:53:368[INFO]<mkdb.Checkpoint>-flush=0
07-05 13:29:53:368[INFO]<mkdb.Checkpoint>------------------ end -----------------
07-05 13:29:54:981[DEBUG]<mkio.Engine.2>-mkio.Protocol execute type=8058 class=gnet.AuGameKeepAlive this=(1783229394981,)
07-05 13:29:54:981[DEBUG]<mkio.Engine.2>-execute(1783229394981,)
07-05 13:29:54:981[DEBUG]<mkdb.Worker..137>-mkio.send type=8058 class=gnet.AuGameKeepAlive this=(1783229394981,)
07-05 13:30:43:041[INFO]<Thread-5>-ServersId:
[1000000001/127.0.0.1:38384]

07-05 13:30:53:429[INFO]<mkdb.Checkpoint>----------------- begin ----------------
07-05 13:30:53:429[INFO]<mkdb.Checkpoint>-marshalN=1/0
07-05 13:30:53:429[INFO]<mkdb.Checkpoint>-snapshot=0 marshal0=0
07-05 13:30:53:429[INFO]<mkdb.Checkpoint>-flush=0
07-05 13:30:53:429[INFO]<mkdb.Checkpoint>------------------ end -----------------
07-05 13:31:43:041[INFO]<Thread-5>-ServersId:
[1000000001/127.0.0.1:38384]

07-05 13:31:53:486[INFO]<mkdb.Checkpoint>----------------- begin ----------------
07-05 13:31:53:486[INFO]<mkdb.Checkpoint>-marshalN=1/0
07-05 13:31:53:486[INFO]<mkdb.Checkpoint>-snapshot=0 marshal0=0
07-05 13:31:53:486[INFO]<mkdb.Checkpoint>-flush=0
07-05 13:31:53:486[INFO]<mkdb.Checkpoint>------------------ end -----------------
07-05 13:32:43:041[INFO]<Thread-5>-ServersId:
[1000000001/127.0.0.1:38384]

07-05 13:32:53:542[INFO]<mkdb.Checkpoint>----------------- begin ----------------
07-05 13:32:53:542[INFO]<mkdb.Checkpoint>-marshalN=1/0
07-05 13:32:53:543[INFO]<mkdb.Checkpoint>-snapshot=0 marshal0=0
07-05 13:32:53:543[INFO]<mkdb.Checkpoint>-flush=0
07-05 13:32:53:543[INFO]<mkdb.Checkpoint>------------------ end -----------------
07-05 13:33:43:041[INFO]<Thread-5>-ServersId:
[1000000001/127.0.0.1:38384]

07-05 13:33:53:597[INFO]<mkdb.Checkpoint>----------------- begin ----------------
07-05 13:33:53:597[INFO]<mkdb.Checkpoint>-marshalN=1/0
07-05 13:33:53:597[INFO]<mkdb.Checkpoint>-snapshot=0 marshal0=0
07-05 13:33:53:597[INFO]<mkdb.Checkpoint>-flush=0
07-05 13:33:53:597[INFO]<mkdb.Checkpoint>------------------ end -----------------
07-05 13:34:43:041[INFO]<Thread-5>-ServersId:
[1000000001/127.0.0.1:38384]

07-05 13:34:53:653[INFO]<mkdb.Checkpoint>----------------- begin ----------------
07-05 13:34:53:653[INFO]<mkdb.Checkpoint>-marshalN=1/0
07-05 13:34:53:653[INFO]<mkdb.Checkpoint>-snapshot=0 marshal0=0
07-05 13:34:53:654[INFO]<mkdb.Checkpoint>-flush=0
07-05 13:34:53:654[INFO]<mkdb.Checkpoint>------------------ end -----------------
07-05 13:34:54:288[DEBUG]<mkio.Engine.2>-mkio.Protocol execute type=8058 class=gnet.AuGameKeepAlive this=(1783229694288,)
07-05 13:34:54:288[DEBUG]<mkio.Engine.2>-execute(1783229694288,)
07-05 13:34:54:288[DEBUG]<mkdb.Worker..139>-mkio.send type=8058 class=gnet.AuGameKeepAlive this=(1783229694288,)
07-05 13:35:43:042[INFO]<Thread-5>-ServersId:
[1000000001/127.0.0.1:38384]

07-05 13:35:53:713[INFO]<mkdb.Checkpoint>----------------- begin ----------------
07-05 13:35:53:713[INFO]<mkdb.Checkpoint>-marshalN=1/0
07-05 13:35:53:713[INFO]<mkdb.Checkpoint>-snapshot=0 marshal0=0
07-05 13:35:53:713[INFO]<mkdb.Checkpoint>-flush=0
07-05 13:35:53:713[INFO]<mkdb.Checkpoint>------------------ end -----------------
07-05 13:36:43:042[INFO]<Thread-5>-ServersId:
[1000000001/127.0.0.1:38384]

07-05 13:36:53:774[INFO]<mkdb.Checkpoint>----------------- begin ----------------
07-05 13:36:53:774[INFO]<mkdb.Checkpoint>-marshalN=1/0
07-05 13:36:53:774[INFO]<mkdb.Checkpoint>-snapshot=0 marshal0=0
07-05 13:36:53:774[INFO]<mkdb.Checkpoint>-flush=0
07-05 13:36:53:774[INFO]<mkdb.Checkpoint>------------------ end -----------------
07-05 13:37:43:042[INFO]<Thread-5>-ServersId:
[1000000001/127.0.0.1:38384]

07-05 13:37:53:826[INFO]<mkdb.Checkpoint>----------------- begin ----------------
07-05 13:37:53:826[INFO]<mkdb.Checkpoint>-marshalN=1/0
07-05 13:37:53:826[INFO]<mkdb.Checkpoint>-snapshot=0 marshal0=0
07-05 13:37:53:826[INFO]<mkdb.Checkpoint>-flush=0
07-05 13:37:53:826[INFO]<mkdb.Checkpoint>------------------ end -----------------
07-05 13:38:43:042[INFO]<Thread-5>-ServersId:
[1000000001/127.0.0.1:38384]

07-05 13:38:53:879[INFO]<mkdb.Checkpoint>----------------- begin ----------------
07-05 13:38:53:879[INFO]<mkdb.Checkpoint>-marshalN=1/0
07-05 13:38:53:879[INFO]<mkdb.Checkpoint>-snapshot=0 marshal0=0
07-05 13:38:53:879[INFO]<mkdb.Checkpoint>-flush=0
07-05 13:38:53:879[INFO]<mkdb.Checkpoint>------------------ end -----------------
07-05 13:39:43:042[INFO]<Thread-5>-ServersId:
[1000000001/127.0.0.1:38384]

07-05 13:39:53:934[INFO]<mkdb.Checkpoint>----------------- begin ----------------
07-05 13:39:53:934[INFO]<mkdb.Checkpoint>-marshalN=1/0
07-05 13:39:53:934[INFO]<mkdb.Checkpoint>-snapshot=0 marshal0=0
07-05 13:39:53:934[INFO]<mkdb.Checkpoint>-flush=0
07-05 13:39:53:934[INFO]<mkdb.Checkpoint>------------------ end -----------------
07-05 13:39:54:577[DEBUG]<mkio.Engine.2>-mkio.Protocol execute type=8058 class=gnet.AuGameKeepAlive this=(1783229994577,)
07-05 13:39:54:577[DEBUG]<mkio.Engine.2>-execute(1783229994577,)
07-05 13:39:54:578[DEBUG]<mkdb.Worker..142>-mkio.send type=8058 class=gnet.AuGameKeepAlive this=(1783229994577,)
07-05 13:40:43:043[INFO]<Thread-5>-ServersId:
[1000000001/127.0.0.1:38384]

07-05 13:40:53:988[INFO]<mkdb.Checkpoint>----------------- begin ----------------
07-05 13:40:53:988[INFO]<mkdb.Checkpoint>-marshalN=1/0
07-05 13:40:53:988[INFO]<mkdb.Checkpoint>-snapshot=0 marshal0=0
07-05 13:40:53:989[INFO]<mkdb.Checkpoint>-flush=0
07-05 13:40:53:989[INFO]<mkdb.Checkpoint>------------------ end -----------------
07-05 13:41:43:043[INFO]<Thread-5>-ServersId:
[1000000001/127.0.0.1:38384]

07-05 13:41:54:043[INFO]<mkdb.Checkpoint>----------------- begin ----------------
07-05 13:41:54:043[INFO]<mkdb.Checkpoint>-marshalN=1/0
07-05 13:41:54:043[INFO]<mkdb.Checkpoint>-snapshot=0 marshal0=0
07-05 13:41:54:043[INFO]<mkdb.Checkpoint>-flush=0
07-05 13:41:54:043[INFO]<mkdb.Checkpoint>------------------ end -----------------
07-05 13:42:43:043[INFO]<Thread-5>-ServersId:
[1000000001/127.0.0.1:38384]

07-05 13:42:54:096[INFO]<mkdb.Checkpoint>----------------- begin ----------------
07-05 13:42:54:096[INFO]<mkdb.Checkpoint>-marshalN=1/0
07-05 13:42:54:096[INFO]<mkdb.Checkpoint>-snapshot=0 marshal0=0
07-05 13:42:54:096[INFO]<mkdb.Checkpoint>-flush=0
07-05 13:42:54:096[INFO]<mkdb.Checkpoint>------------------ end -----------------
07-05 13:43:43:043[INFO]<Thread-5>-ServersId:
[1000000001/127.0.0.1:38384]

07-05 13:43:54:149[INFO]<mkdb.Checkpoint>----------------- begin ----------------
07-05 13:43:54:149[INFO]<mkdb.Checkpoint>-marshalN=1/0
07-05 13:43:54:149[INFO]<mkdb.Checkpoint>-snapshot=0 marshal0=0
07-05 13:43:54:149[INFO]<mkdb.Checkpoint>-flush=0
07-05 13:43:54:149[INFO]<mkdb.Checkpoint>------------------ end -----------------
07-05 13:44:43:043[INFO]<Thread-5>-ServersId:
[1000000001/127.0.0.1:38384]

07-05 13:44:54:205[INFO]<mkdb.Checkpoint>----------------- begin ----------------
07-05 13:44:54:205[INFO]<mkdb.Checkpoint>-marshalN=1/0
07-05 13:44:54:205[INFO]<mkdb.Checkpoint>-snapshot=0 marshal0=0
07-05 13:44:54:205[INFO]<mkdb.Checkpoint>-flush=0
07-05 13:44:54:205[INFO]<mkdb.Checkpoint>------------------ end -----------------
07-05 13:44:54:867[DEBUG]<mkio.Engine.2>-mkio.Protocol execute type=8058 class=gnet.AuGameKeepAlive this=(1783230294866,)
07-05 13:44:54:867[DEBUG]<mkio.Engine.2>-execute(1783230294866,)
07-05 13:44:54:867[DEBUG]<mkdb.Worker..144>-mkio.send type=8058 class=gnet.AuGameKeepAlive this=(1783230294866,)
07-05 13:45:43:044[INFO]<Thread-5>-ServersId:
[1000000001/127.0.0.1:38384]

07-05 13:45:54:261[INFO]<mkdb.Checkpoint>----------------- begin ----------------
07-05 13:45:54:261[INFO]<mkdb.Checkpoint>-marshalN=1/0
07-05 13:45:54:261[INFO]<mkdb.Checkpoint>-snapshot=0 marshal0=0
07-05 13:45:54:261[INFO]<mkdb.Checkpoint>-flush=0
07-05 13:45:54:261[INFO]<mkdb.Checkpoint>------------------ end -----------------
07-05 13:46:43:044[INFO]<Thread-5>-ServersId:
[1000000001/127.0.0.1:38384]

07-05 13:46:54:316[INFO]<mkdb.Checkpoint>----------------- begin ----------------
07-05 13:46:54:316[INFO]<mkdb.Checkpoint>-marshalN=1/0
07-05 13:46:54:316[INFO]<mkdb.Checkpoint>-snapshot=0 marshal0=0
07-05 13:46:54:316[INFO]<mkdb.Checkpoint>-flush=0
07-05 13:46:54:316[INFO]<mkdb.Checkpoint>------------------ end -----------------
07-05 13:47:43:044[INFO]<Thread-5>-ServersId:
[1000000001/127.0.0.1:38384]

07-05 13:47:54:370[INFO]<mkdb.Checkpoint>----------------- begin ----------------
07-05 13:47:54:370[INFO]<mkdb.Checkpoint>-marshalN=1/0
07-05 13:47:54:370[INFO]<mkdb.Checkpoint>-snapshot=0 marshal0=0
07-05 13:47:54:370[INFO]<mkdb.Checkpoint>-flush=0
07-05 13:47:54:370[INFO]<mkdb.Checkpoint>------------------ end -----------------
07-05 13:48:43:044[INFO]<Thread-5>-ServersId:
[1000000001/127.0.0.1:38384]

07-05 13:48:54:426[INFO]<mkdb.Checkpoint>----------------- begin ----------------
07-05 13:48:54:426[INFO]<mkdb.Checkpoint>-marshalN=1/0
07-05 13:48:54:426[INFO]<mkdb.Checkpoint>-snapshot=0 marshal0=0
07-05 13:48:54:426[INFO]<mkdb.Checkpoint>-flush=0
07-05 13:48:54:426[INFO]<mkdb.Checkpoint>------------------ end -----------------
07-05 13:49:43:045[INFO]<Thread-5>-ServersId:
[1000000001/127.0.0.1:38384]

07-05 13:49:54:166[DEBUG]<mkio.Engine.2>-mkio.Protocol execute type=8058 class=gnet.AuGameKeepAlive this=(1783230594165,)
07-05 13:49:54:166[DEBUG]<mkio.Engine.2>-execute(1783230594165,)
07-05 13:49:54:166[DEBUG]<mkdb.Worker..146>-mkio.send type=8058 class=gnet.AuGameKeepAlive this=(1783230594165,)
07-05 13:49:54:480[INFO]<mkdb.Checkpoint>----------------- begin ----------------
07-05 13:49:54:480[INFO]<mkdb.Checkpoint>-marshalN=1/0
07-05 13:49:54:480[INFO]<mkdb.Checkpoint>-snapshot=0 marshal0=0
07-05 13:49:54:480[INFO]<mkdb.Checkpoint>-flush=0
07-05 13:49:54:480[INFO]<mkdb.Checkpoint>------------------ end -----------------
07-05 13:50:43:045[INFO]<Thread-5>-ServersId:
[1000000001/127.0.0.1:38384]

07-05 13:50:54:534[INFO]<mkdb.Checkpoint>----------------- begin ----------------
07-05 13:50:54:534[INFO]<mkdb.Checkpoint>-marshalN=1/0
07-05 13:50:54:534[INFO]<mkdb.Checkpoint>-snapshot=0 marshal0=0
07-05 13:50:54:534[INFO]<mkdb.Checkpoint>-flush=0
07-05 13:50:54:534[INFO]<mkdb.Checkpoint>------------------ end -----------------
07-05 13:51:43:045[INFO]<Thread-5>-ServersId:
[1000000001/127.0.0.1:38384]

07-05 13:51:54:590[INFO]<mkdb.Checkpoint>----------------- begin ----------------
07-05 13:51:54:590[INFO]<mkdb.Checkpoint>-marshalN=1/0
07-05 13:51:54:590[INFO]<mkdb.Checkpoint>-snapshot=0 marshal0=0
07-05 13:51:54:590[INFO]<mkdb.Checkpoint>-flush=0
07-05 13:51:54:590[INFO]<mkdb.Checkpoint>------------------ end -----------------
07-05 13:52:43:045[INFO]<Thread-5>-ServersId:
[1000000001/127.0.0.1:38384]

07-05 13:52:54:645[INFO]<mkdb.Checkpoint>----------------- begin ----------------
07-05 13:52:54:645[INFO]<mkdb.Checkpoint>-marshalN=1/0
07-05 13:52:54:645[INFO]<mkdb.Checkpoint>-snapshot=0 marshal0=0
07-05 13:52:54:645[INFO]<mkdb.Checkpoint>-flush=0
07-05 13:52:54:645[INFO]<mkdb.Checkpoint>------------------ end -----------------
07-05 13:53:43:045[INFO]<Thread-5>-ServersId:
[1000000001/127.0.0.1:38384]

07-05 13:53:54:697[INFO]<mkdb.Checkpoint>----------------- begin ----------------
07-05 13:53:54:697[INFO]<mkdb.Checkpoint>-marshalN=1/0
07-05 13:53:54:697[INFO]<mkdb.Checkpoint>-snapshot=0 marshal0=0
07-05 13:53:54:697[INFO]<mkdb.Checkpoint>-flush=0
07-05 13:53:54:697[INFO]<mkdb.Checkpoint>------------------ end -----------------
07-05 13:54:43:045[INFO]<Thread-5>-ServersId:
[1000000001/127.0.0.1:38384]

07-05 13:54:54:100[DEBUG]<mkio.Engine.2>-mkio.Protocol execute type=8058 class=gnet.AuGameKeepAlive this=(1783230894100,)
07-05 13:54:54:100[DEBUG]<mkio.Engine.2>-execute(1783230894100,)
07-05 13:54:54:100[DEBUG]<mkdb.Worker..148>-mkio.send type=8058 class=gnet.AuGameKeepAlive this=(1783230894100,)
07-05 13:54:54:754[INFO]<mkdb.Checkpoint>----------------- begin ----------------
07-05 13:54:54:754[INFO]<mkdb.Checkpoint>-marshalN=1/0
07-05 13:54:54:754[INFO]<mkdb.Checkpoint>-snapshot=0 marshal0=0
07-05 13:54:54:754[INFO]<mkdb.Checkpoint>-flush=0
07-05 13:54:54:754[INFO]<mkdb.Checkpoint>------------------ end -----------------
07-05 13:55:43:046[INFO]<Thread-5>-ServersId:
[1000000001/127.0.0.1:38384]

07-05 13:55:54:811[INFO]<mkdb.Checkpoint>----------------- begin ----------------
07-05 13:55:54:811[INFO]<mkdb.Checkpoint>-marshalN=1/0
07-05 13:55:54:811[INFO]<mkdb.Checkpoint>-snapshot=0 marshal0=0
07-05 13:55:54:811[INFO]<mkdb.Checkpoint>-flush=0
07-05 13:55:54:811[INFO]<mkdb.Checkpoint>------------------ end -----------------
07-05 13:56:43:046[INFO]<Thread-5>-ServersId:
[1000000001/127.0.0.1:38384]

07-05 13:56:54:869[INFO]<mkdb.Checkpoint>----------------- begin ----------------
07-05 13:56:54:869[INFO]<mkdb.Checkpoint>-marshalN=1/0
07-05 13:56:54:869[INFO]<mkdb.Checkpoint>-snapshot=0 marshal0=0
07-05 13:56:54:869[INFO]<mkdb.Checkpoint>-flush=0
07-05 13:56:54:869[INFO]<mkdb.Checkpoint>------------------ end -----------------
07-05 13:57:43:046[INFO]<Thread-5>-ServersId:
[1000000001/127.0.0.1:38384]

07-05 13:57:54:925[INFO]<mkdb.Checkpoint>----------------- begin ----------------
07-05 13:57:54:925[INFO]<mkdb.Checkpoint>-marshalN=1/0
07-05 13:57:54:925[INFO]<mkdb.Checkpoint>-snapshot=0 marshal0=0
07-05 13:57:54:925[INFO]<mkdb.Checkpoint>-flush=0
07-05 13:57:54:925[INFO]<mkdb.Checkpoint>------------------ end -----------------
07-05 13:58:43:046[INFO]<Thread-5>-ServersId:
[1000000001/127.0.0.1:38384]

07-05 13:58:54:978[INFO]<mkdb.Checkpoint>----------------- begin ----------------
07-05 13:58:54:978[INFO]<mkdb.Checkpoint>-marshalN=1/0
07-05 13:58:54:978[INFO]<mkdb.Checkpoint>-snapshot=0 marshal0=0
07-05 13:58:54:978[INFO]<mkdb.Checkpoint>-flush=0
07-05 13:58:54:978[INFO]<mkdb.Checkpoint>------------------ end -----------------
07-05 13:59:43:047[INFO]<Thread-5>-ServersId:
[1000000001/127.0.0.1:38384]

07-05 13:59:54:396[DEBUG]<mkio.Engine.2>-mkio.Protocol execute type=8058 class=gnet.AuGameKeepAlive this=(1783231194395,)
07-05 13:59:54:396[DEBUG]<mkio.Engine.2>-execute(1783231194395,)
07-05 13:59:54:396[DEBUG]<mkdb.Worker..150>-mkio.send type=8058 class=gnet.AuGameKeepAlive this=(1783231194395,)
07-05 13:59:55:031[INFO]<mkdb.Checkpoint>----------------- begin ----------------
07-05 13:59:55:031[INFO]<mkdb.Checkpoint>-marshalN=1/0
07-05 13:59:55:031[INFO]<mkdb.Checkpoint>-snapshot=0 marshal0=0
07-05 13:59:55:031[INFO]<mkdb.Checkpoint>-flush=0
07-05 13:59:55:031[INFO]<mkdb.Checkpoint>------------------ end -----------------
07-05 14:00:43:047[INFO]<Thread-5>-ServersId:
[1000000001/127.0.0.1:38384]

07-05 14:00:55:087[INFO]<mkdb.Checkpoint>----------------- begin ----------------
07-05 14:00:55:087[INFO]<mkdb.Checkpoint>-marshalN=1/0
07-05 14:00:55:087[INFO]<mkdb.Checkpoint>-snapshot=0 marshal0=0
07-05 14:00:55:087[INFO]<mkdb.Checkpoint>-flush=0
07-05 14:00:55:087[INFO]<mkdb.Checkpoint>------------------ end -----------------
07-05 14:01:43:047[INFO]<Thread-5>-ServersId:
[1000000001/127.0.0.1:38384]

07-05 14:01:55:142[INFO]<mkdb.Checkpoint>----------------- begin ----------------
07-05 14:01:55:142[INFO]<mkdb.Checkpoint>-marshalN=1/0
07-05 14:01:55:142[INFO]<mkdb.Checkpoint>-snapshot=0 marshal0=0
07-05 14:01:55:142[INFO]<mkdb.Checkpoint>-flush=0
07-05 14:01:55:142[INFO]<mkdb.Checkpoint>------------------ end -----------------
07-05 14:02:43:047[INFO]<Thread-5>-ServersId:
[1000000001/127.0.0.1:38384]

07-05 14:02:55:195[INFO]<mkdb.Checkpoint>----------------- begin ----------------
07-05 14:02:55:195[INFO]<mkdb.Checkpoint>-marshalN=1/0
07-05 14:02:55:195[INFO]<mkdb.Checkpoint>-snapshot=0 marshal0=0
07-05 14:02:55:195[INFO]<mkdb.Checkpoint>-flush=0
07-05 14:02:55:195[INFO]<mkdb.Checkpoint>------------------ end -----------------
07-05 14:03:43:048[INFO]<Thread-5>-ServersId:
[1000000001/127.0.0.1:38384]

07-05 14:03:55:248[INFO]<mkdb.Checkpoint>----------------- begin ----------------
07-05 14:03:55:248[INFO]<mkdb.Checkpoint>-marshalN=1/0
07-05 14:03:55:248[INFO]<mkdb.Checkpoint>-snapshot=0 marshal0=0
07-05 14:03:55:248[INFO]<mkdb.Checkpoint>-flush=0
07-05 14:03:55:248[INFO]<mkdb.Checkpoint>------------------ end -----------------
07-05 14:04:43:048[INFO]<Thread-5>-ServersId:
[1000000001/127.0.0.1:38384]

07-05 14:04:54:702[DEBUG]<mkio.Engine.2>-mkio.Protocol execute type=8058 class=gnet.AuGameKeepAlive this=(1783231494702,)
07-05 14:04:54:702[DEBUG]<mkio.Engine.2>-execute(1783231494702,)
07-05 14:04:54:703[DEBUG]<mkdb.Worker..152>-mkio.send type=8058 class=gnet.AuGameKeepAlive this=(1783231494702,)
07-05 14:04:55:303[INFO]<mkdb.Checkpoint>----------------- begin ----------------
07-05 14:04:55:303[INFO]<mkdb.Checkpoint>-marshalN=1/0
07-05 14:04:55:303[INFO]<mkdb.Checkpoint>-snapshot=0 marshal0=0
07-05 14:04:55:303[INFO]<mkdb.Checkpoint>-flush=0
07-05 14:04:55:303[INFO]<mkdb.Checkpoint>------------------ end -----------------
07-05 14:05:43:048[INFO]<Thread-5>-ServersId:
[1000000001/127.0.0.1:38384]

07-05 14:05:55:355[INFO]<mkdb.Checkpoint>----------------- begin ----------------
07-05 14:05:55:355[INFO]<mkdb.Checkpoint>-marshalN=1/0
07-05 14:05:55:355[INFO]<mkdb.Checkpoint>-snapshot=0 marshal0=0
07-05 14:05:55:355[INFO]<mkdb.Checkpoint>-flush=0
07-05 14:05:55:355[INFO]<mkdb.Checkpoint>------------------ end -----------------
07-05 14:06:43:048[INFO]<Thread-5>-ServersId:
[1000000001/127.0.0.1:38384]

07-05 14:06:55:410[INFO]<mkdb.Checkpoint>----------------- begin ----------------
07-05 14:06:55:410[INFO]<mkdb.Checkpoint>-marshalN=1/0
07-05 14:06:55:410[INFO]<mkdb.Checkpoint>-snapshot=0 marshal0=0
07-05 14:06:55:410[INFO]<mkdb.Checkpoint>-flush=0
07-05 14:06:55:410[INFO]<mkdb.Checkpoint>------------------ end -----------------
07-05 14:07:43:048[INFO]<Thread-5>-ServersId:
[1000000001/127.0.0.1:38384]

07-05 14:07:55:463[INFO]<mkdb.Checkpoint>----------------- begin ----------------
07-05 14:07:55:464[INFO]<mkdb.Checkpoint>-marshalN=1/0
07-05 14:07:55:464[INFO]<mkdb.Checkpoint>-snapshot=0 marshal0=0
07-05 14:07:55:464[INFO]<mkdb.Checkpoint>-flush=0
07-05 14:07:55:464[INFO]<mkdb.Checkpoint>------------------ end -----------------
07-05 14:08:43:048[INFO]<Thread-5>-ServersId:
[1000000001/127.0.0.1:38384]

07-05 14:08:55:518[INFO]<mkdb.Checkpoint>----------------- begin ----------------
07-05 14:08:55:518[INFO]<mkdb.Checkpoint>-marshalN=1/0
07-05 14:08:55:518[INFO]<mkdb.Checkpoint>-snapshot=0 marshal0=0
07-05 14:08:55:518[INFO]<mkdb.Checkpoint>-flush=0
07-05 14:08:55:518[INFO]<mkdb.Checkpoint>------------------ end -----------------
07-05 14:09:43:049[INFO]<Thread-5>-ServersId:
[1000000001/127.0.0.1:38384]

07-05 14:09:54:970[DEBUG]<mkio.Engine.2>-mkio.Protocol execute type=8058 class=gnet.AuGameKeepAlive this=(1783231794969,)
07-05 14:09:54:970[DEBUG]<mkio.Engine.2>-execute(1783231794969,)
07-05 14:09:54:970[DEBUG]<mkdb.Worker..154>-mkio.send type=8058 class=gnet.AuGameKeepAlive this=(1783231794969,)
07-05 14:09:55:569[INFO]<mkdb.Checkpoint>----------------- begin ----------------
07-05 14:09:55:569[INFO]<mkdb.Checkpoint>-marshalN=1/0
07-05 14:09:55:569[INFO]<mkdb.Checkpoint>-snapshot=0 marshal0=0
07-05 14:09:55:569[INFO]<mkdb.Checkpoint>-flush=0
07-05 14:09:55:569[INFO]<mkdb.Checkpoint>------------------ end -----------------
07-05 14:10:43:049[INFO]<Thread-5>-ServersId:
[1000000001/127.0.0.1:38384]

07-05 14:10:46:508[DEBUG]<mkio.Engine.2>-mkio.Rpc.request execute type=8903 class=openau.AuAnyLogin this=((B6,B6,B16,B12,1622939419,1,88,B32,B10,B0,B0,B0,), (0,-1,B0,B0,0,B0,))
07-05 14:10:46:508[DEBUG]<mkio.Engine.2>-execute((B6,B6,B16,B12,1622939419,1,88,B32,B10,B0,B0,B0,), (0,-1,B0,B0,0,B0,))
07-05 14:10:46:509[DEBUG]<mkdb.Worker..155>-LocojoyPlat.userLogin account=www123,
,session=www123loginipstr=27.23.188.96,loginip=1622939419,plattype=1,gameid=88,serverid=1000000001,selfchannel=,childchannel=,deviceid=
07-05 14:10:46:509[DEBUG]<mkdb.Worker..155>-LocojoyPlat.userLogin account=www123!Isn't the allow robot name(mt3robot)!Will do sdk http login!
07-05 14:10:46:509[DEBUG]<mkdb.Worker..155>-LocojoyPlat.userLogin start doHttpLogin serverid=1000000001,selfchannel=
07-05 14:10:46:509[DEBUG]<mkdb.Worker..155>-HttpIO.getRequest url = http://127.0.0.1:88/api/game/sdk?account=www123&password=www123&serverId=1000000001
07-05 14:10:46:622[DEBUG]<mkdb.Worker..155>-LocojoyPlat.userLogin finish doHttpLogin serverid=1000000001,selfchannel=
07-05 14:10:46:622[DEBUG]<mkdb.Worker..155>-LocojoyPlat.userLogin doHttpLogin={"Code":"1","Channel":"1","PlatformId":"1","Account":"www123","Message":"登录成功!","Session":"9433bfe5ac9480c7efdc1cb2546ecf40e425795be9279c7f428353f0fbe35421","BindTicket":"","BindTicketExpire":0,"request_id":"060c4f6dc96cfcf1"}
07-05 14:10:46:622[DEBUG]<mkdb.Worker..155>-LocojoyPlat.userLogin make account=1@@1@@www123
07-05 14:10:46:622[DEBUG]<mkdb.Worker..155>-LocojoyPlat.onUserLoginSucceed plat=ljpl,account=1@@1@@www123,userid=1
07-05 14:10:46:622[DEBUG]<mkdb.Worker..155>-mkio.send type=8903 class=openau.AuAnyLogin this=((B6,B6,B16,B12,1622939419,1,88,B32,B10,B0,B0,B0,), (0,1,B4,B12,0,B0,))
07-05 14:10:49:420[DEBUG]<mkio.Engine.2>-mkio.Protocol execute type=8920 class=openau.DataBetweenAuAnyAndGS this=(1,9001,2,B24,0,)
07-05 14:10:49:421[DEBUG]<mkio.Engine.2>-execute(1,9001,2,B24,0,)
07-05 14:10:49:421[INFO]<mkdb.Worker.procedure.158>-PGetChargeRefundInfo.userid:1,username:1@@1@@www123,ousername:1@@1@@www123,config charge:null,chargeRe:null
07-05 14:10:49:421[INFO]<mkdb.Worker.procedure.158>-PGetChargeRefundInfo.user 1in server 1000000001cannot charge refund.
07-05 14:10:49:421[DEBUG]<mkdb.Worker.procedure.158>-mkio.send type=8920 class=openau.DataBetweenAuAnyAndGS this=(1,9002,1,B2,0,)
07-05 14:10:49:643[DEBUG]<mkio.Engine.2>-mkio.Protocol execute type=8920 class=openau.DataBetweenAuAnyAndGS this=(1,9001,2,B24,0,)
07-05 14:10:49:643[DEBUG]<mkio.Engine.2>-execute(1,9001,2,B24,0,)
07-05 14:10:49:643[INFO]<mkdb.Worker.procedure.160>-PGetChargeRefundInfo.userid:1,username:1@@1@@www123,ousername:1@@1@@www123,config charge:null,chargeRe:null
07-05 14:10:49:643[INFO]<mkdb.Worker.procedure.160>-PGetChargeRefundInfo.user 1in server 1000000001cannot charge refund.
07-05 14:10:49:643[DEBUG]<mkdb.Worker.procedure.160>-mkio.send type=8920 class=openau.DataBetweenAuAnyAndGS this=(1,9002,1,B2,0,)
07-05 14:10:55:623[INFO]<mkdb.Checkpoint>----------------- begin ----------------
07-05 14:10:55:623[INFO]<mkdb.Checkpoint>-marshalN=1/0
07-05 14:10:55:623[INFO]<mkdb.Checkpoint>-snapshot=0 marshal0=0
07-05 14:10:55:623[INFO]<mkdb.Checkpoint>-flush=0
07-05 14:10:55:623[INFO]<mkdb.Checkpoint>------------------ end -----------------
07-05 14:11:43:049[INFO]<Thread-5>-ServersId:
[1000000001/127.0.0.1:38384]

07-05 14:11:55:673[INFO]<mkdb.Checkpoint>----------------- begin ----------------
07-05 14:11:55:673[INFO]<mkdb.Checkpoint>-marshalN=1/0
07-05 14:11:55:673[INFO]<mkdb.Checkpoint>-snapshot=0 marshal0=0
07-05 14:11:55:673[INFO]<mkdb.Checkpoint>-flush=0
07-05 14:11:55:673[INFO]<mkdb.Checkpoint>------------------ end -----------------
07-05 14:12:43:049[INFO]<Thread-5>-ServersId:
[1000000001/127.0.0.1:38384]

07-05 14:12:55:725[INFO]<mkdb.Checkpoint>----------------- begin ----------------
07-05 14:12:55:725[INFO]<mkdb.Checkpoint>-marshalN=1/0
07-05 14:12:55:725[INFO]<mkdb.Checkpoint>-snapshot=0 marshal0=0
07-05 14:12:55:725[INFO]<mkdb.Checkpoint>-flush=0
07-05 14:12:55:725[INFO]<mkdb.Checkpoint>------------------ end -----------------
07-05 14:13:43:049[INFO]<Thread-5>-ServersId:
[1000000001/127.0.0.1:38384]

07-05 14:13:55:781[INFO]<mkdb.Checkpoint>----------------- begin ----------------
07-05 14:13:55:781[INFO]<mkdb.Checkpoint>-marshalN=1/0
07-05 14:13:55:781[INFO]<mkdb.Checkpoint>-snapshot=0 marshal0=0
07-05 14:13:55:781[INFO]<mkdb.Checkpoint>-flush=0
07-05 14:13:55:781[INFO]<mkdb.Checkpoint>------------------ end -----------------
07-05 14:14:43:050[INFO]<Thread-5>-ServersId:
[1000000001/127.0.0.1:38384]

07-05 14:14:54:084[DEBUG]<mkio.Engine.2>-mkio.Protocol execute type=8058 class=gnet.AuGameKeepAlive this=(1783232094083,)
07-05 14:14:54:084[DEBUG]<mkio.Engine.2>-execute(1783232094083,)
07-05 14:14:54:084[DEBUG]<mkdb.Worker..38>-mkio.send type=8058 class=gnet.AuGameKeepAlive this=(1783232094083,)
07-05 14:14:55:833[INFO]<mkdb.Checkpoint>----------------- begin ----------------
07-05 14:14:55:833[INFO]<mkdb.Checkpoint>-marshalN=1/0
07-05 14:14:55:833[INFO]<mkdb.Checkpoint>-snapshot=0 marshal0=0
07-05 14:14:55:833[INFO]<mkdb.Checkpoint>-flush=0
07-05 14:14:55:833[INFO]<mkdb.Checkpoint>------------------ end -----------------
07-05 14:15:43:050[INFO]<Thread-5>-ServersId:
[1000000001/127.0.0.1:38384]

07-05 14:15:55:888[INFO]<mkdb.Checkpoint>----------------- begin ----------------
07-05 14:15:55:888[INFO]<mkdb.Checkpoint>-marshalN=1/0
07-05 14:15:55:888[INFO]<mkdb.Checkpoint>-snapshot=0 marshal0=0
07-05 14:15:55:888[INFO]<mkdb.Checkpoint>-flush=0
07-05 14:15:55:888[INFO]<mkdb.Checkpoint>------------------ end -----------------
07-05 14:16:43:050[INFO]<Thread-5>-ServersId:
[1000000001/127.0.0.1:38384]

07-05 14:16:55:940[INFO]<mkdb.Checkpoint>----------------- begin ----------------
07-05 14:16:55:940[INFO]<mkdb.Checkpoint>-marshalN=1/0
07-05 14:16:55:941[INFO]<mkdb.Checkpoint>-snapshot=0 marshal0=0
07-05 14:16:55:941[INFO]<mkdb.Checkpoint>-flush=0
07-05 14:16:55:941[INFO]<mkdb.Checkpoint>------------------ end -----------------
07-05 14:17:43:050[INFO]<Thread-5>-ServersId:
[1000000001/127.0.0.1:38384]

07-05 14:17:55:994[INFO]<mkdb.Checkpoint>----------------- begin ----------------
07-05 14:17:55:994[INFO]<mkdb.Checkpoint>-marshalN=1/0
07-05 14:17:55:994[INFO]<mkdb.Checkpoint>-snapshot=0 marshal0=0
07-05 14:17:55:994[INFO]<mkdb.Checkpoint>-flush=0
07-05 14:17:55:994[INFO]<mkdb.Checkpoint>------------------ end -----------------
07-05 14:18:43:050[INFO]<Thread-5>-ServersId:
[1000000001/127.0.0.1:38384]

07-05 14:18:56:046[INFO]<mkdb.Checkpoint>----------------- begin ----------------
07-05 14:18:56:046[INFO]<mkdb.Checkpoint>-marshalN=1/0
07-05 14:18:56:046[INFO]<mkdb.Checkpoint>-snapshot=0 marshal0=0
07-05 14:18:56:047[INFO]<mkdb.Checkpoint>-flush=0
07-05 14:18:56:047[INFO]<mkdb.Checkpoint>------------------ end -----------------
07-05 14:19:43:051[INFO]<Thread-5>-ServersId:
[1000000001/127.0.0.1:38384]

07-05 14:19:54:386[DEBUG]<mkio.Engine.2>-mkio.Protocol execute type=8058 class=gnet.AuGameKeepAlive this=(1783232394386,)
07-05 14:19:54:386[DEBUG]<mkio.Engine.2>-execute(1783232394386,)
07-05 14:19:54:386[DEBUG]<mkdb.Worker..40>-mkio.send type=8058 class=gnet.AuGameKeepAlive this=(1783232394386,)
07-05 14:19:56:100[INFO]<mkdb.Checkpoint>----------------- begin ----------------
07-05 14:19:56:100[INFO]<mkdb.Checkpoint>-marshalN=1/0
07-05 14:19:56:100[INFO]<mkdb.Checkpoint>-snapshot=0 marshal0=0
07-05 14:19:56:100[INFO]<mkdb.Checkpoint>-flush=0
07-05 14:19:56:100[INFO]<mkdb.Checkpoint>------------------ end -----------------
07-05 14:20:43:051[INFO]<Thread-5>-ServersId:
[1000000001/127.0.0.1:38384]

07-05 14:20:56:155[INFO]<mkdb.Checkpoint>----------------- begin ----------------
07-05 14:20:56:155[INFO]<mkdb.Checkpoint>-marshalN=1/0
07-05 14:20:56:155[INFO]<mkdb.Checkpoint>-snapshot=0 marshal0=0
07-05 14:20:56:155[INFO]<mkdb.Checkpoint>-flush=0
07-05 14:20:56:155[INFO]<mkdb.Checkpoint>------------------ end -----------------
07-05 14:21:43:051[INFO]<Thread-5>-ServersId:
[1000000001/127.0.0.1:38384]

07-05 14:21:56:208[INFO]<mkdb.Checkpoint>----------------- begin ----------------
07-05 14:21:56:209[INFO]<mkdb.Checkpoint>-marshalN=1/0
07-05 14:21:56:209[INFO]<mkdb.Checkpoint>-snapshot=0 marshal0=0
07-05 14:21:56:209[INFO]<mkdb.Checkpoint>-flush=0
07-05 14:21:56:209[INFO]<mkdb.Checkpoint>------------------ end -----------------
07-05 14:22:43:051[INFO]<Thread-5>-ServersId:
[1000000001/127.0.0.1:38384]

07-05 14:22:56:261[INFO]<mkdb.Checkpoint>----------------- begin ----------------
07-05 14:22:56:262[INFO]<mkdb.Checkpoint>-marshalN=1/0
07-05 14:22:56:262[INFO]<mkdb.Checkpoint>-snapshot=0 marshal0=0
07-05 14:22:56:262[INFO]<mkdb.Checkpoint>-flush=0
07-05 14:22:56:262[INFO]<mkdb.Checkpoint>------------------ end -----------------
07-05 14:23:43:052[INFO]<Thread-5>-ServersId:
[1000000001/127.0.0.1:38384]

07-05 14:23:56:315[INFO]<mkdb.Checkpoint>----------------- begin ----------------
07-05 14:23:56:315[INFO]<mkdb.Checkpoint>-marshalN=1/0
07-05 14:23:56:315[INFO]<mkdb.Checkpoint>-snapshot=0 marshal0=0
07-05 14:23:56:315[INFO]<mkdb.Checkpoint>-flush=0
07-05 14:23:56:315[INFO]<mkdb.Checkpoint>------------------ end -----------------
07-05 14:24:43:052[INFO]<Thread-5>-ServersId:
[1000000001/127.0.0.1:38384]

07-05 14:24:54:667[DEBUG]<mkio.Engine.2>-mkio.Protocol execute type=8058 class=gnet.AuGameKeepAlive this=(1783232694667,)
07-05 14:24:54:667[DEBUG]<mkio.Engine.2>-execute(1783232694667,)
07-05 14:24:54:667[DEBUG]<mkdb.Worker..41>-mkio.send type=8058 class=gnet.AuGameKeepAlive this=(1783232694667,)
07-05 14:24:56:367[INFO]<mkdb.Checkpoint>----------------- begin ----------------
07-05 14:24:56:368[INFO]<mkdb.Checkpoint>-marshalN=1/0
07-05 14:24:56:368[INFO]<mkdb.Checkpoint>-snapshot=0 marshal0=0
07-05 14:24:56:368[INFO]<mkdb.Checkpoint>-flush=0
07-05 14:24:56:368[INFO]<mkdb.Checkpoint>------------------ end -----------------
07-05 14:25:43:053[INFO]<Thread-5>-ServersId:
[1000000001/127.0.0.1:38384]

07-05 14:25:56:422[INFO]<mkdb.Checkpoint>----------------- begin ----------------
07-05 14:25:56:422[INFO]<mkdb.Checkpoint>-marshalN=1/0
07-05 14:25:56:422[INFO]<mkdb.Checkpoint>-snapshot=0 marshal0=0
07-05 14:25:56:422[INFO]<mkdb.Checkpoint>-flush=0
07-05 14:25:56:422[INFO]<mkdb.Checkpoint>------------------ end -----------------
07-05 14:26:43:053[INFO]<Thread-5>-ServersId:
[1000000001/127.0.0.1:38384]

07-05 14:26:56:476[INFO]<mkdb.Checkpoint>----------------- begin ----------------
07-05 14:26:56:476[INFO]<mkdb.Checkpoint>-marshalN=1/0
07-05 14:26:56:476[INFO]<mkdb.Checkpoint>-snapshot=0 marshal0=0
07-05 14:26:56:476[INFO]<mkdb.Checkpoint>-flush=0
07-05 14:26:56:476[INFO]<mkdb.Checkpoint>------------------ end -----------------
07-05 14:27:43:053[INFO]<Thread-5>-ServersId:
[1000000001/127.0.0.1:38384]

07-05 14:27:56:532[INFO]<mkdb.Checkpoint>----------------- begin ----------------
07-05 14:27:56:532[INFO]<mkdb.Checkpoint>-marshalN=1/0
07-05 14:27:56:532[INFO]<mkdb.Checkpoint>-snapshot=0 marshal0=0
07-05 14:27:56:532[INFO]<mkdb.Checkpoint>-flush=0
07-05 14:27:56:532[INFO]<mkdb.Checkpoint>------------------ end -----------------
07-05 14:28:43:053[INFO]<Thread-5>-ServersId:
[1000000001/127.0.0.1:38384]

07-05 14:28:56:587[INFO]<mkdb.Checkpoint>----------------- begin ----------------
07-05 14:28:56:587[INFO]<mkdb.Checkpoint>-marshalN=1/0
07-05 14:28:56:587[INFO]<mkdb.Checkpoint>-snapshot=0 marshal0=0
07-05 14:28:56:587[INFO]<mkdb.Checkpoint>-flush=0
07-05 14:28:56:587[INFO]<mkdb.Checkpoint>------------------ end -----------------
07-05 14:29:43:053[INFO]<Thread-5>-ServersId:
[1000000001/127.0.0.1:38384]

07-05 14:29:54:966[DEBUG]<mkio.Engine.2>-mkio.Protocol execute type=8058 class=gnet.AuGameKeepAlive this=(1783232994965,)
07-05 14:29:54:966[DEBUG]<mkio.Engine.2>-execute(1783232994965,)
07-05 14:29:54:966[DEBUG]<mkdb.Worker..43>-mkio.send type=8058 class=gnet.AuGameKeepAlive this=(1783232994965,)
07-05 14:29:56:641[INFO]<mkdb.Checkpoint>----------------- begin ----------------
07-05 14:29:56:641[INFO]<mkdb.Checkpoint>-marshalN=1/0
07-05 14:29:56:641[INFO]<mkdb.Checkpoint>-snapshot=0 marshal0=0
07-05 14:29:56:641[INFO]<mkdb.Checkpoint>-flush=0
07-05 14:29:56:641[INFO]<mkdb.Checkpoint>------------------ end -----------------
07-05 14:30:43:054[INFO]<Thread-5>-ServersId:
[1000000001/127.0.0.1:38384]

07-05 14:30:56:694[INFO]<mkdb.Checkpoint>----------------- begin ----------------
07-05 14:30:56:694[INFO]<mkdb.Checkpoint>-marshalN=1/0
07-05 14:30:56:694[INFO]<mkdb.Checkpoint>-snapshot=0 marshal0=0
07-05 14:30:56:694[INFO]<mkdb.Checkpoint>-flush=0
07-05 14:30:56:694[INFO]<mkdb.Checkpoint>------------------ end -----------------
07-05 14:31:43:054[INFO]<Thread-5>-ServersId:
[1000000001/127.0.0.1:38384]

07-05 14:31:56:747[INFO]<mkdb.Checkpoint>----------------- begin ----------------
07-05 14:31:56:747[INFO]<mkdb.Checkpoint>-marshalN=1/0
07-05 14:31:56:747[INFO]<mkdb.Checkpoint>-snapshot=0 marshal0=0
07-05 14:31:56:747[INFO]<mkdb.Checkpoint>-flush=0
07-05 14:31:56:747[INFO]<mkdb.Checkpoint>------------------ end -----------------
07-05 14:32:43:054[INFO]<Thread-5>-ServersId:
[1000000001/127.0.0.1:38384]

07-05 14:32:56:798[INFO]<mkdb.Checkpoint>----------------- begin ----------------
07-05 14:32:56:798[INFO]<mkdb.Checkpoint>-marshalN=1/0
07-05 14:32:56:798[INFO]<mkdb.Checkpoint>-snapshot=0 marshal0=0
07-05 14:32:56:798[INFO]<mkdb.Checkpoint>-flush=0
07-05 14:32:56:798[INFO]<mkdb.Checkpoint>------------------ end -----------------
07-05 14:33:43:054[INFO]<Thread-5>-ServersId:
[1000000001/127.0.0.1:38384]

07-05 14:33:56:847[INFO]<mkdb.Checkpoint>----------------- begin ----------------
07-05 14:33:56:847[INFO]<mkdb.Checkpoint>-marshalN=1/0
07-05 14:33:56:847[INFO]<mkdb.Checkpoint>-snapshot=0 marshal0=0
07-05 14:33:56:847[INFO]<mkdb.Checkpoint>-flush=0
07-05 14:33:56:847[INFO]<mkdb.Checkpoint>------------------ end -----------------
07-05 14:34:43:054[INFO]<Thread-5>-ServersId:
[1000000001/127.0.0.1:38384]

07-05 14:34:54:265[DEBUG]<mkio.Engine.2>-mkio.Protocol execute type=8058 class=gnet.AuGameKeepAlive this=(1783233294264,)
07-05 14:34:54:265[DEBUG]<mkio.Engine.2>-execute(1783233294264,)
07-05 14:34:54:265[DEBUG]<mkdb.Worker..45>-mkio.send type=8058 class=gnet.AuGameKeepAlive this=(1783233294264,)
07-05 14:34:56:902[INFO]<mkdb.Checkpoint>----------------- begin ----------------
07-05 14:34:56:902[INFO]<mkdb.Checkpoint>-marshalN=1/0
07-05 14:34:56:902[INFO]<mkdb.Checkpoint>-snapshot=0 marshal0=0
07-05 14:34:56:902[INFO]<mkdb.Checkpoint>-flush=0
07-05 14:34:56:902[INFO]<mkdb.Checkpoint>------------------ end -----------------
07-05 14:35:43:055[INFO]<Thread-5>-ServersId:
[1000000001/127.0.0.1:38384]

07-05 14:35:56:955[INFO]<mkdb.Checkpoint>----------------- begin ----------------
07-05 14:35:56:955[INFO]<mkdb.Checkpoint>-marshalN=1/0
07-05 14:35:56:955[INFO]<mkdb.Checkpoint>-snapshot=0 marshal0=0
07-05 14:35:56:955[INFO]<mkdb.Checkpoint>-flush=0
07-05 14:35:56:955[INFO]<mkdb.Checkpoint>------------------ end -----------------
07-05 14:36:43:055[INFO]<Thread-5>-ServersId:
[1000000001/127.0.0.1:38384]

07-05 14:36:57:009[INFO]<mkdb.Checkpoint>----------------- begin ----------------
07-05 14:36:57:009[INFO]<mkdb.Checkpoint>-marshalN=1/0
07-05 14:36:57:009[INFO]<mkdb.Checkpoint>-snapshot=0 marshal0=0
07-05 14:36:57:009[INFO]<mkdb.Checkpoint>-flush=0
07-05 14:36:57:010[INFO]<mkdb.Checkpoint>------------------ end -----------------
07-05 14:37:43:055[INFO]<Thread-5>-ServersId:
[1000000001/127.0.0.1:38384]

07-05 14:37:57:062[INFO]<mkdb.Checkpoint>----------------- begin ----------------
07-05 14:37:57:063[INFO]<mkdb.Checkpoint>-marshalN=1/0
07-05 14:37:57:063[INFO]<mkdb.Checkpoint>-snapshot=0 marshal0=0
07-05 14:37:57:063[INFO]<mkdb.Checkpoint>-flush=0
07-05 14:37:57:063[INFO]<mkdb.Checkpoint>------------------ end -----------------
07-05 14:38:43:055[INFO]<Thread-5>-ServersId:
[1000000001/127.0.0.1:38384]

07-05 14:38:57:121[INFO]<mkdb.Checkpoint>----------------- begin ----------------
07-05 14:38:57:121[INFO]<mkdb.Checkpoint>-marshalN=1/0
07-05 14:38:57:121[INFO]<mkdb.Checkpoint>-snapshot=0 marshal0=0
07-05 14:38:57:121[INFO]<mkdb.Checkpoint>-flush=0
07-05 14:38:57:121[INFO]<mkdb.Checkpoint>------------------ end -----------------
07-05 14:39:43:056[INFO]<Thread-5>-ServersId:
[1000000001/127.0.0.1:38384]

07-05 14:39:54:562[DEBUG]<mkio.Engine.2>-mkio.Protocol execute type=8058 class=gnet.AuGameKeepAlive this=(1783233594562,)
07-05 14:39:54:563[DEBUG]<mkio.Engine.2>-execute(1783233594562,)
07-05 14:39:54:563[DEBUG]<mkdb.Worker..47>-mkio.send type=8058 class=gnet.AuGameKeepAlive this=(1783233594562,)
07-05 14:39:57:177[INFO]<mkdb.Checkpoint>----------------- begin ----------------
07-05 14:39:57:177[INFO]<mkdb.Checkpoint>-marshalN=1/0
07-05 14:39:57:177[INFO]<mkdb.Checkpoint>-snapshot=0 marshal0=0
07-05 14:39:57:177[INFO]<mkdb.Checkpoint>-flush=0
07-05 14:39:57:177[INFO]<mkdb.Checkpoint>------------------ end -----------------
07-05 14:40:43:056[INFO]<Thread-5>-ServersId:
[1000000001/127.0.0.1:38384]

07-05 14:40:57:232[INFO]<mkdb.Checkpoint>----------------- begin ----------------
07-05 14:40:57:232[INFO]<mkdb.Checkpoint>-marshalN=1/0
07-05 14:40:57:232[INFO]<mkdb.Checkpoint>-snapshot=0 marshal0=0
07-05 14:40:57:232[INFO]<mkdb.Checkpoint>-flush=0
07-05 14:40:57:232[INFO]<mkdb.Checkpoint>------------------ end -----------------
07-05 14:41:43:056[INFO]<Thread-5>-ServersId:
[1000000001/127.0.0.1:38384]

07-05 14:41:57:289[INFO]<mkdb.Checkpoint>----------------- begin ----------------
07-05 14:41:57:289[INFO]<mkdb.Checkpoint>-marshalN=1/0
07-05 14:41:57:289[INFO]<mkdb.Checkpoint>-snapshot=0 marshal0=0
07-05 14:41:57:289[INFO]<mkdb.Checkpoint>-flush=0
07-05 14:41:57:289[INFO]<mkdb.Checkpoint>------------------ end -----------------
07-05 14:42:43:056[INFO]<Thread-5>-ServersId:
[1000000001/127.0.0.1:38384]

07-05 14:42:57:349[INFO]<mkdb.Checkpoint>----------------- begin ----------------
07-05 14:42:57:349[INFO]<mkdb.Checkpoint>-marshalN=1/0
07-05 14:42:57:349[INFO]<mkdb.Checkpoint>-snapshot=0 marshal0=0
07-05 14:42:57:349[INFO]<mkdb.Checkpoint>-flush=0
07-05 14:42:57:349[INFO]<mkdb.Checkpoint>------------------ end -----------------
07-05 14:43:43:056[INFO]<Thread-5>-ServersId:
[1000000001/127.0.0.1:38384]

07-05 14:43:57:406[INFO]<mkdb.Checkpoint>----------------- begin ----------------
07-05 14:43:57:406[INFO]<mkdb.Checkpoint>-marshalN=1/0
07-05 14:43:57:406[INFO]<mkdb.Checkpoint>-snapshot=0 marshal0=0
07-05 14:43:57:407[INFO]<mkdb.Checkpoint>-flush=0
07-05 14:43:57:407[INFO]<mkdb.Checkpoint>------------------ end -----------------
07-05 14:44:43:057[INFO]<Thread-5>-ServersId:
[1000000001/127.0.0.1:38384]

07-05 14:44:54:848[DEBUG]<mkio.Engine.2>-mkio.Protocol execute type=8058 class=gnet.AuGameKeepAlive this=(1783233894847,)
07-05 14:44:54:848[DEBUG]<mkio.Engine.2>-execute(1783233894847,)
07-05 14:44:54:848[DEBUG]<mkdb.Worker..49>-mkio.send type=8058 class=gnet.AuGameKeepAlive this=(1783233894847,)
07-05 14:44:57:467[INFO]<mkdb.Checkpoint>----------------- begin ----------------
07-05 14:44:57:467[INFO]<mkdb.Checkpoint>-marshalN=1/0
07-05 14:44:57:467[INFO]<mkdb.Checkpoint>-snapshot=0 marshal0=0
07-05 14:44:57:467[INFO]<mkdb.Checkpoint>-flush=0
07-05 14:44:57:467[INFO]<mkdb.Checkpoint>------------------ end -----------------
07-05 14:45:04:033[DEBUG]<mkio.Engine.2>-mkio.Rpc.request execute type=8903 class=openau.AuAnyLogin this=((B6,B6,B16,B12,1622939419,1,88,B32,B10,B0,B0,B0,), (0,-1,B0,B0,0,B0,))
07-05 14:45:04:033[DEBUG]<mkio.Engine.2>-execute((B6,B6,B16,B12,1622939419,1,88,B32,B10,B0,B0,B0,), (0,-1,B0,B0,0,B0,))
07-05 14:45:04:033[DEBUG]<mkdb.Worker..51>-LocojoyPlat.userLogin account=www123,
,session=www123loginipstr=27.23.188.96,loginip=1622939419,plattype=1,gameid=88,serverid=1000000001,selfchannel=,childchannel=,deviceid=
07-05 14:45:04:033[DEBUG]<mkdb.Worker..51>-LocojoyPlat.userLogin account=www123!Isn't the allow robot name(mt3robot)!Will do sdk http login!
07-05 14:45:04:033[DEBUG]<mkdb.Worker..51>-LocojoyPlat.userLogin start doHttpLogin serverid=1000000001,selfchannel=
07-05 14:45:04:033[DEBUG]<mkdb.Worker..51>-HttpIO.getRequest url = http://127.0.0.1:88/api/game/sdk?account=www123&password=www123&serverId=1000000001
07-05 14:45:04:145[DEBUG]<mkdb.Worker..51>-LocojoyPlat.userLogin finish doHttpLogin serverid=1000000001,selfchannel=
07-05 14:45:04:145[DEBUG]<mkdb.Worker..51>-LocojoyPlat.userLogin doHttpLogin={"Code":"1","Channel":"1","PlatformId":"1","Account":"www123","Message":"登录成功!","Session":"27f6c37fb7a4ffa470554aa229d37943ec1ef7879ede394bd87ec15950740966","BindTicket":"","BindTicketExpire":0,"request_id":"d239e2245e19a01b"}
07-05 14:45:04:145[DEBUG]<mkdb.Worker..51>-LocojoyPlat.userLogin make account=1@@1@@www123
07-05 14:45:04:145[DEBUG]<mkdb.Worker..51>-LocojoyPlat.onUserLoginSucceed plat=ljpl,account=1@@1@@www123,userid=1
07-05 14:45:04:145[DEBUG]<mkdb.Worker..51>-mkio.send type=8903 class=openau.AuAnyLogin this=((B6,B6,B16,B12,1622939419,1,88,B32,B10,B0,B0,B0,), (0,1,B4,B12,0,B0,))
07-05 14:45:06:954[DEBUG]<mkio.Engine.2>-mkio.Protocol execute type=8920 class=openau.DataBetweenAuAnyAndGS this=(1,9001,2,B24,0,)
07-05 14:45:06:954[DEBUG]<mkio.Engine.2>-execute(1,9001,2,B24,0,)
07-05 14:45:06:955[INFO]<mkdb.Worker.procedure.169>-PGetChargeRefundInfo.userid:1,username:1@@1@@www123,ousername:1@@1@@www123,config charge:null,chargeRe:null
07-05 14:45:06:955[INFO]<mkdb.Worker.procedure.169>-PGetChargeRefundInfo.user 1in server 1000000001cannot charge refund.
07-05 14:45:06:955[DEBUG]<mkdb.Worker.procedure.169>-mkio.send type=8920 class=openau.DataBetweenAuAnyAndGS this=(1,9002,1,B2,0,)
07-05 14:45:07:159[DEBUG]<mkio.Engine.2>-mkio.Protocol execute type=8920 class=openau.DataBetweenAuAnyAndGS this=(1,9001,2,B24,0,)
07-05 14:45:07:159[DEBUG]<mkio.Engine.2>-execute(1,9001,2,B24,0,)
07-05 14:45:07:159[INFO]<mkdb.Worker.procedure.170>-PGetChargeRefundInfo.userid:1,username:1@@1@@www123,ousername:1@@1@@www123,config charge:null,chargeRe:null
07-05 14:45:07:159[INFO]<mkdb.Worker.procedure.170>-PGetChargeRefundInfo.user 1in server 1000000001cannot charge refund.
07-05 14:45:07:159[DEBUG]<mkdb.Worker.procedure.170>-mkio.send type=8920 class=openau.DataBetweenAuAnyAndGS this=(1,9002,1,B2,0,)
07-05 14:45:43:057[INFO]<Thread-5>-ServersId:
[1000000001/127.0.0.1:38384]

07-05 14:45:57:525[INFO]<mkdb.Checkpoint>----------------- begin ----------------
07-05 14:45:57:525[INFO]<mkdb.Checkpoint>-marshalN=1/0
07-05 14:45:57:525[INFO]<mkdb.Checkpoint>-snapshot=0 marshal0=0
07-05 14:45:57:525[INFO]<mkdb.Checkpoint>-flush=0
07-05 14:45:57:525[INFO]<mkdb.Checkpoint>------------------ end -----------------
07-05 14:46:43:057[INFO]<Thread-5>-ServersId:
[1000000001/127.0.0.1:38384]

07-05 14:46:57:581[INFO]<mkdb.Checkpoint>----------------- begin ----------------
07-05 14:46:57:581[INFO]<mkdb.Checkpoint>-marshalN=1/0
07-05 14:46:57:581[INFO]<mkdb.Checkpoint>-snapshot=0 marshal0=0
07-05 14:46:57:581[INFO]<mkdb.Checkpoint>-flush=0
07-05 14:46:57:581[INFO]<mkdb.Checkpoint>------------------ end -----------------
07-05 14:47:43:057[INFO]<Thread-5>-ServersId:
[1000000001/127.0.0.1:38384]

07-05 14:47:57:636[INFO]<mkdb.Checkpoint>----------------- begin ----------------
07-05 14:47:57:636[INFO]<mkdb.Checkpoint>-marshalN=1/0
07-05 14:47:57:636[INFO]<mkdb.Checkpoint>-snapshot=0 marshal0=0
07-05 14:47:57:636[INFO]<mkdb.Checkpoint>-flush=0
07-05 14:47:57:636[INFO]<mkdb.Checkpoint>------------------ end -----------------
07-05 14:48:43:057[INFO]<Thread-5>-ServersId:
[1000000001/127.0.0.1:38384]

07-05 14:48:57:686[INFO]<mkdb.Checkpoint>----------------- begin ----------------
07-05 14:48:57:686[INFO]<mkdb.Checkpoint>-marshalN=1/0
07-05 14:48:57:686[INFO]<mkdb.Checkpoint>-snapshot=0 marshal0=0
07-05 14:48:57:686[INFO]<mkdb.Checkpoint>-flush=0
07-05 14:48:57:686[INFO]<mkdb.Checkpoint>------------------ end -----------------
07-05 14:49:43:057[INFO]<Thread-5>-ServersId:
[1000000001/127.0.0.1:38384]

07-05 14:49:54:662[DEBUG]<mkio.Engine.2>-mkio.Protocol execute type=8058 class=gnet.AuGameKeepAlive this=(1783234194661,)
07-05 14:49:54:662[DEBUG]<mkio.Engine.2>-execute(1783234194661,)
07-05 14:49:54:662[DEBUG]<mkdb.Worker..61>-mkio.send type=8058 class=gnet.AuGameKeepAlive this=(1783234194661,)
07-05 14:49:57:735[INFO]<mkdb.Checkpoint>----------------- begin ----------------
07-05 14:49:57:735[INFO]<mkdb.Checkpoint>-marshalN=1/0
07-05 14:49:57:735[INFO]<mkdb.Checkpoint>-snapshot=0 marshal0=0
07-05 14:49:57:735[INFO]<mkdb.Checkpoint>-flush=0
07-05 14:49:57:735[INFO]<mkdb.Checkpoint>------------------ end -----------------
07-05 14:50:24:194[DEBUG]<mkio.Engine.2>-mkio.Rpc.request execute type=8903 class=openau.AuAnyLogin this=((B6,B6,B16,B12,1622939419,1,88,B32,B10,B0,B0,B0,), (0,-1,B0,B0,0,B0,))
07-05 14:50:24:194[DEBUG]<mkio.Engine.2>-execute((B6,B6,B16,B12,1622939419,1,88,B32,B10,B0,B0,B0,), (0,-1,B0,B0,0,B0,))
07-05 14:50:24:194[DEBUG]<mkdb.Worker..63>-LocojoyPlat.userLogin account=www123,
,session=www123loginipstr=27.23.188.96,loginip=1622939419,plattype=1,gameid=88,serverid=1000000001,selfchannel=,childchannel=,deviceid=
07-05 14:50:24:194[DEBUG]<mkdb.Worker..63>-LocojoyPlat.userLogin account=www123!Isn't the allow robot name(mt3robot)!Will do sdk http login!
07-05 14:50:24:194[DEBUG]<mkdb.Worker..63>-LocojoyPlat.userLogin start doHttpLogin serverid=1000000001,selfchannel=
07-05 14:50:24:194[DEBUG]<mkdb.Worker..63>-HttpIO.getRequest url = http://127.0.0.1:88/api/game/sdk?account=www123&password=www123&serverId=1000000001
07-05 14:50:24:306[DEBUG]<mkdb.Worker..63>-LocojoyPlat.userLogin finish doHttpLogin serverid=1000000001,selfchannel=
07-05 14:50:24:306[DEBUG]<mkdb.Worker..63>-LocojoyPlat.userLogin doHttpLogin={"Code":"1","Channel":"1","PlatformId":"1","Account":"www123","Message":"登录成功!","Session":"c3624930ce703403387dca1a05d9c80954d4dd00ffc880d6f809500e11ff47db","BindTicket":"","BindTicketExpire":0,"request_id":"39d490ac08d46ab4"}
07-05 14:50:24:306[DEBUG]<mkdb.Worker..63>-LocojoyPlat.userLogin make account=1@@1@@www123
07-05 14:50:24:306[DEBUG]<mkdb.Worker..63>-LocojoyPlat.onUserLoginSucceed plat=ljpl,account=1@@1@@www123,userid=1
07-05 14:50:24:306[DEBUG]<mkdb.Worker..63>-mkio.send type=8903 class=openau.AuAnyLogin this=((B6,B6,B16,B12,1622939419,1,88,B32,B10,B0,B0,B0,), (0,1,B4,B12,0,B0,))
07-05 14:50:27:501[DEBUG]<mkio.Engine.2>-mkio.Protocol execute type=8920 class=openau.DataBetweenAuAnyAndGS this=(1,9001,2,B24,0,)
07-05 14:50:27:501[DEBUG]<mkio.Engine.2>-execute(1,9001,2,B24,0,)
07-05 14:50:27:502[INFO]<mkdb.Worker.procedure.173>-PGetChargeRefundInfo.userid:1,username:1@@1@@www123,ousername:1@@1@@www123,config charge:null,chargeRe:null
07-05 14:50:27:502[INFO]<mkdb.Worker.procedure.173>-PGetChargeRefundInfo.user 1in server 1000000001cannot charge refund.
07-05 14:50:27:502[DEBUG]<mkdb.Worker.procedure.173>-mkio.send type=8920 class=openau.DataBetweenAuAnyAndGS this=(1,9002,1,B2,0,)
07-05 14:50:27:699[DEBUG]<mkio.Engine.2>-mkio.Protocol execute type=8920 class=openau.DataBetweenAuAnyAndGS this=(1,9001,2,B24,0,)
07-05 14:50:27:699[DEBUG]<mkio.Engine.2>-execute(1,9001,2,B24,0,)
07-05 14:50:27:700[INFO]<mkdb.Worker.procedure.174>-PGetChargeRefundInfo.userid:1,username:1@@1@@www123,ousername:1@@1@@www123,config charge:null,chargeRe:null
07-05 14:50:27:700[INFO]<mkdb.Worker.procedure.174>-PGetChargeRefundInfo.user 1in server 1000000001cannot charge refund.
07-05 14:50:27:700[DEBUG]<mkdb.Worker.procedure.174>-mkio.send type=8920 class=openau.DataBetweenAuAnyAndGS this=(1,9002,1,B2,0,)
07-05 14:50:43:058[INFO]<Thread-5>-ServersId:
[1000000001/127.0.0.1:38384]

07-05 14:50:57:788[INFO]<mkdb.Checkpoint>----------------- begin ----------------
07-05 14:50:57:788[INFO]<mkdb.Checkpoint>-marshalN=1/0
07-05 14:50:57:788[INFO]<mkdb.Checkpoint>-snapshot=0 marshal0=0
07-05 14:50:57:788[INFO]<mkdb.Checkpoint>-flush=0
07-05 14:50:57:788[INFO]<mkdb.Checkpoint>------------------ end -----------------
07-05 14:51:43:058[INFO]<Thread-5>-ServersId:
[1000000001/127.0.0.1:38384]

07-05 14:51:57:844[INFO]<mkdb.Checkpoint>----------------- begin ----------------
07-05 14:51:57:844[INFO]<mkdb.Checkpoint>-marshalN=1/0
07-05 14:51:57:844[INFO]<mkdb.Checkpoint>-snapshot=0 marshal0=0
07-05 14:51:57:844[INFO]<mkdb.Checkpoint>-flush=0
07-05 14:51:57:844[INFO]<mkdb.Checkpoint>------------------ end -----------------
07-05 14:52:43:058[INFO]<Thread-5>-ServersId:
[1000000001/127.0.0.1:38384]

07-05 14:52:57:901[INFO]<mkdb.Checkpoint>----------------- begin ----------------
07-05 14:52:57:901[INFO]<mkdb.Checkpoint>-marshalN=1/0
07-05 14:52:57:901[INFO]<mkdb.Checkpoint>-snapshot=0 marshal0=0
07-05 14:52:57:901[INFO]<mkdb.Checkpoint>-flush=0
07-05 14:52:57:901[INFO]<mkdb.Checkpoint>------------------ end -----------------
07-05 14:53:43:058[INFO]<Thread-5>-ServersId:
[1000000001/127.0.0.1:38384]

07-05 14:53:57:958[INFO]<mkdb.Checkpoint>----------------- begin ----------------
07-05 14:53:57:958[INFO]<mkdb.Checkpoint>-marshalN=1/0
07-05 14:53:57:958[INFO]<mkdb.Checkpoint>-snapshot=0 marshal0=0
07-05 14:53:57:958[INFO]<mkdb.Checkpoint>-flush=0
07-05 14:53:57:958[INFO]<mkdb.Checkpoint>------------------ end -----------------
07-05 14:54:43:058[INFO]<Thread-5>-ServersId:
[1000000001/127.0.0.1:38384]

07-05 14:54:54:953[DEBUG]<mkio.Engine.2>-mkio.Protocol execute type=8058 class=gnet.AuGameKeepAlive this=(1783234494953,)
07-05 14:54:54:953[DEBUG]<mkio.Engine.2>-execute(1783234494953,)
07-05 14:54:54:953[DEBUG]<mkdb.Worker..73>-mkio.send type=8058 class=gnet.AuGameKeepAlive this=(1783234494953,)
07-05 14:54:58:015[INFO]<mkdb.Checkpoint>----------------- begin ----------------
07-05 14:54:58:015[INFO]<mkdb.Checkpoint>-marshalN=1/0
07-05 14:54:58:015[INFO]<mkdb.Checkpoint>-snapshot=0 marshal0=0
07-05 14:54:58:015[INFO]<mkdb.Checkpoint>-flush=0
07-05 14:54:58:015[INFO]<mkdb.Checkpoint>------------------ end -----------------
07-05 14:55:43:059[INFO]<Thread-5>-ServersId:
[1000000001/127.0.0.1:38384]

07-05 14:55:58:070[INFO]<mkdb.Checkpoint>----------------- begin ----------------
07-05 14:55:58:070[INFO]<mkdb.Checkpoint>-marshalN=1/0
07-05 14:55:58:070[INFO]<mkdb.Checkpoint>-snapshot=0 marshal0=0
07-05 14:55:58:070[INFO]<mkdb.Checkpoint>-flush=0
07-05 14:55:58:070[INFO]<mkdb.Checkpoint>------------------ end -----------------
07-05 14:56:43:059[INFO]<Thread-5>-ServersId:
[1000000001/127.0.0.1:38384]

07-05 14:56:58:128[INFO]<mkdb.Checkpoint>----------------- begin ----------------
07-05 14:56:58:128[INFO]<mkdb.Checkpoint>-marshalN=1/0
07-05 14:56:58:128[INFO]<mkdb.Checkpoint>-snapshot=0 marshal0=0
07-05 14:56:58:128[INFO]<mkdb.Checkpoint>-flush=0
07-05 14:56:58:128[INFO]<mkdb.Checkpoint>------------------ end -----------------
07-05 14:57:43:059[INFO]<Thread-5>-ServersId:
[1000000001/127.0.0.1:38384]

07-05 14:57:58:182[INFO]<mkdb.Checkpoint>----------------- begin ----------------
07-05 14:57:58:182[INFO]<mkdb.Checkpoint>-marshalN=1/0
07-05 14:57:58:182[INFO]<mkdb.Checkpoint>-snapshot=0 marshal0=0
07-05 14:57:58:182[INFO]<mkdb.Checkpoint>-flush=0
07-05 14:57:58:182[INFO]<mkdb.Checkpoint>------------------ end -----------------
07-05 14:58:43:059[INFO]<Thread-5>-ServersId:
[1000000001/127.0.0.1:38384]

07-05 14:58:58:240[INFO]<mkdb.Checkpoint>----------------- begin ----------------
07-05 14:58:58:240[INFO]<mkdb.Checkpoint>-marshalN=1/0
07-05 14:58:58:240[INFO]<mkdb.Checkpoint>-snapshot=0 marshal0=0
07-05 14:58:58:240[INFO]<mkdb.Checkpoint>-flush=0
07-05 14:58:58:240[INFO]<mkdb.Checkpoint>------------------ end -----------------
07-05 14:59:43:059[INFO]<Thread-5>-ServersId:
[1000000001/127.0.0.1:38384]

07-05 14:59:54:251[DEBUG]<mkio.Engine.2>-mkio.Protocol execute type=8058 class=gnet.AuGameKeepAlive this=(1783234794250,)
07-05 14:59:54:251[DEBUG]<mkio.Engine.2>-execute(1783234794250,)
07-05 14:59:54:251[DEBUG]<mkdb.Worker..75>-mkio.send type=8058 class=gnet.AuGameKeepAlive this=(1783234794250,)
07-05 14:59:58:298[INFO]<mkdb.Checkpoint>----------------- begin ----------------
07-05 14:59:58:298[INFO]<mkdb.Checkpoint>-marshalN=1/0
07-05 14:59:58:298[INFO]<mkdb.Checkpoint>-snapshot=0 marshal0=0
07-05 14:59:58:298[INFO]<mkdb.Checkpoint>-flush=0
07-05 14:59:58:298[INFO]<mkdb.Checkpoint>------------------ end -----------------
07-05 15:00:43:060[INFO]<Thread-5>-ServersId:
[1000000001/127.0.0.1:38384]

07-05 15:00:58:356[INFO]<mkdb.Checkpoint>----------------- begin ----------------
07-05 15:00:58:356[INFO]<mkdb.Checkpoint>-marshalN=1/0
07-05 15:00:58:356[INFO]<mkdb.Checkpoint>-snapshot=0 marshal0=0
07-05 15:00:58:356[INFO]<mkdb.Checkpoint>-flush=0
07-05 15:00:58:356[INFO]<mkdb.Checkpoint>------------------ end -----------------
07-05 15:01:43:060[INFO]<Thread-5>-ServersId:
[1000000001/127.0.0.1:38384]

07-05 15:01:58:411[INFO]<mkdb.Checkpoint>----------------- begin ----------------
07-05 15:01:58:411[INFO]<mkdb.Checkpoint>-marshalN=1/0
07-05 15:01:58:411[INFO]<mkdb.Checkpoint>-snapshot=0 marshal0=0
07-05 15:01:58:411[INFO]<mkdb.Checkpoint>-flush=0
07-05 15:01:58:411[INFO]<mkdb.Checkpoint>------------------ end -----------------
07-05 15:02:43:060[INFO]<Thread-5>-ServersId:
[1000000001/127.0.0.1:38384]

07-05 15:02:58:470[INFO]<mkdb.Checkpoint>----------------- begin ----------------
07-05 15:02:58:470[INFO]<mkdb.Checkpoint>-marshalN=1/0
07-05 15:02:58:470[INFO]<mkdb.Checkpoint>-snapshot=0 marshal0=0
07-05 15:02:58:470[INFO]<mkdb.Checkpoint>-flush=0
07-05 15:02:58:470[INFO]<mkdb.Checkpoint>------------------ end -----------------
07-05 15:03:43:060[INFO]<Thread-5>-ServersId:
[1000000001/127.0.0.1:38384]

07-05 15:03:58:523[INFO]<mkdb.Checkpoint>----------------- begin ----------------
07-05 15:03:58:523[INFO]<mkdb.Checkpoint>-marshalN=1/0
07-05 15:03:58:523[INFO]<mkdb.Checkpoint>-snapshot=0 marshal0=0
07-05 15:03:58:523[INFO]<mkdb.Checkpoint>-flush=0
07-05 15:03:58:523[INFO]<mkdb.Checkpoint>------------------ end -----------------
07-05 15:04:43:060[INFO]<Thread-5>-ServersId:
[1000000001/127.0.0.1:38384]

07-05 15:04:54:546[DEBUG]<mkio.Engine.2>-mkio.Protocol execute type=8058 class=gnet.AuGameKeepAlive this=(1783235094546,)
07-05 15:04:54:546[DEBUG]<mkio.Engine.2>-execute(1783235094546,)
07-05 15:04:54:546[DEBUG]<mkdb.Worker..77>-mkio.send type=8058 class=gnet.AuGameKeepAlive this=(1783235094546,)
07-05 15:04:58:581[INFO]<mkdb.Checkpoint>----------------- begin ----------------
07-05 15:04:58:581[INFO]<mkdb.Checkpoint>-marshalN=1/0
07-05 15:04:58:582[INFO]<mkdb.Checkpoint>-snapshot=0 marshal0=0
07-05 15:04:58:582[INFO]<mkdb.Checkpoint>-flush=0
07-05 15:04:58:582[INFO]<mkdb.Checkpoint>------------------ end -----------------
07-05 15:05:43:061[INFO]<Thread-5>-ServersId:
[1000000001/127.0.0.1:38384]

07-05 15:05:58:637[INFO]<mkdb.Checkpoint>----------------- begin ----------------
07-05 15:05:58:637[INFO]<mkdb.Checkpoint>-marshalN=1/0
07-05 15:05:58:638[INFO]<mkdb.Checkpoint>-snapshot=0 marshal0=0
07-05 15:05:58:638[INFO]<mkdb.Checkpoint>-flush=0
07-05 15:05:58:638[INFO]<mkdb.Checkpoint>------------------ end -----------------
07-05 15:06:43:061[INFO]<Thread-5>-ServersId:
[1000000001/127.0.0.1:38384]

07-05 15:06:58:692[INFO]<mkdb.Checkpoint>----------------- begin ----------------
07-05 15:06:58:692[INFO]<mkdb.Checkpoint>-marshalN=1/0
07-05 15:06:58:692[INFO]<mkdb.Checkpoint>-snapshot=0 marshal0=0
07-05 15:06:58:692[INFO]<mkdb.Checkpoint>-flush=0
07-05 15:06:58:692[INFO]<mkdb.Checkpoint>------------------ end -----------------
07-05 15:07:43:061[INFO]<Thread-5>-ServersId:
[1000000001/127.0.0.1:38384]

07-05 15:07:58:747[INFO]<mkdb.Checkpoint>----------------- begin ----------------
07-05 15:07:58:747[INFO]<mkdb.Checkpoint>-marshalN=1/0
07-05 15:07:58:747[INFO]<mkdb.Checkpoint>-snapshot=0 marshal0=0
07-05 15:07:58:747[INFO]<mkdb.Checkpoint>-flush=0
07-05 15:07:58:747[INFO]<mkdb.Checkpoint>------------------ end -----------------
07-05 15:08:43:061[INFO]<Thread-5>-ServersId:
[1000000001/127.0.0.1:38384]

07-05 15:08:58:804[INFO]<mkdb.Checkpoint>----------------- begin ----------------
07-05 15:08:58:804[INFO]<mkdb.Checkpoint>-marshalN=1/0
07-05 15:08:58:804[INFO]<mkdb.Checkpoint>-snapshot=0 marshal0=0
07-05 15:08:58:804[INFO]<mkdb.Checkpoint>-flush=0
07-05 15:08:58:804[INFO]<mkdb.Checkpoint>------------------ end -----------------
07-05 15:09:43:061[INFO]<Thread-5>-ServersId:
[1000000001/127.0.0.1:38384]

07-05 15:09:54:851[DEBUG]<mkio.Engine.2>-mkio.Protocol execute type=8058 class=gnet.AuGameKeepAlive this=(1783235394850,)
07-05 15:09:54:851[DEBUG]<mkio.Engine.2>-execute(1783235394850,)
07-05 15:09:54:851[DEBUG]<mkdb.Worker..79>-mkio.send type=8058 class=gnet.AuGameKeepAlive this=(1783235394850,)
07-05 15:09:58:860[INFO]<mkdb.Checkpoint>----------------- begin ----------------
07-05 15:09:58:860[INFO]<mkdb.Checkpoint>-marshalN=1/0
07-05 15:09:58:860[INFO]<mkdb.Checkpoint>-snapshot=0 marshal0=0
07-05 15:09:58:860[INFO]<mkdb.Checkpoint>-flush=0
07-05 15:09:58:860[INFO]<mkdb.Checkpoint>------------------ end -----------------
07-05 15:10:43:061[INFO]<Thread-5>-ServersId:
[1000000001/127.0.0.1:38384]

07-05 15:10:58:921[INFO]<mkdb.Checkpoint>----------------- begin ----------------
07-05 15:10:58:921[INFO]<mkdb.Checkpoint>-marshalN=1/0
07-05 15:10:58:921[INFO]<mkdb.Checkpoint>-snapshot=0 marshal0=0
07-05 15:10:58:921[INFO]<mkdb.Checkpoint>-flush=0
07-05 15:10:58:921[INFO]<mkdb.Checkpoint>------------------ end -----------------
07-05 15:11:43:062[INFO]<Thread-5>-ServersId:
[1000000001/127.0.0.1:38384]

07-05 15:11:58:973[INFO]<mkdb.Checkpoint>----------------- begin ----------------
07-05 15:11:58:973[INFO]<mkdb.Checkpoint>-marshalN=1/0
07-05 15:11:58:973[INFO]<mkdb.Checkpoint>-snapshot=0 marshal0=0
07-05 15:11:58:973[INFO]<mkdb.Checkpoint>-flush=0
07-05 15:11:58:973[INFO]<mkdb.Checkpoint>------------------ end -----------------
07-05 15:12:43:062[INFO]<Thread-5>-ServersId:
[1000000001/127.0.0.1:38384]

07-05 15:12:59:027[INFO]<mkdb.Checkpoint>----------------- begin ----------------
07-05 15:12:59:028[INFO]<mkdb.Checkpoint>-marshalN=1/0
07-05 15:12:59:028[INFO]<mkdb.Checkpoint>-snapshot=0 marshal0=0
07-05 15:12:59:028[INFO]<mkdb.Checkpoint>-flush=0
07-05 15:12:59:028[INFO]<mkdb.Checkpoint>------------------ end -----------------
07-05 15:13:43:062[INFO]<Thread-5>-ServersId:
[1000000001/127.0.0.1:38384]

07-05 15:13:59:083[INFO]<mkdb.Checkpoint>----------------- begin ----------------
07-05 15:13:59:083[INFO]<mkdb.Checkpoint>-marshalN=1/0
07-05 15:13:59:083[INFO]<mkdb.Checkpoint>-snapshot=0 marshal0=0
07-05 15:13:59:083[INFO]<mkdb.Checkpoint>-flush=0
07-05 15:13:59:083[INFO]<mkdb.Checkpoint>------------------ end -----------------
07-05 15:14:43:062[INFO]<Thread-5>-ServersId:
[1000000001/127.0.0.1:38384]

07-05 15:14:54:133[DEBUG]<mkio.Engine.2>-mkio.Protocol execute type=8058 class=gnet.AuGameKeepAlive this=(1783235694132,)
07-05 15:14:54:133[DEBUG]<mkio.Engine.2>-execute(1783235694132,)
07-05 15:14:54:133[DEBUG]<mkdb.Worker..80>-mkio.send type=8058 class=gnet.AuGameKeepAlive this=(1783235694132,)
07-05 15:14:59:137[INFO]<mkdb.Checkpoint>----------------- begin ----------------
07-05 15:14:59:137[INFO]<mkdb.Checkpoint>-marshalN=1/0
07-05 15:14:59:137[INFO]<mkdb.Checkpoint>-snapshot=0 marshal0=0
07-05 15:14:59:137[INFO]<mkdb.Checkpoint>-flush=0
07-05 15:14:59:137[INFO]<mkdb.Checkpoint>------------------ end -----------------
07-05 15:15:43:062[INFO]<Thread-5>-ServersId:
[1000000001/127.0.0.1:38384]

07-05 15:15:59:192[INFO]<mkdb.Checkpoint>----------------- begin ----------------
07-05 15:15:59:192[INFO]<mkdb.Checkpoint>-marshalN=1/0
07-05 15:15:59:192[INFO]<mkdb.Checkpoint>-snapshot=0 marshal0=0
07-05 15:15:59:193[INFO]<mkdb.Checkpoint>-flush=0
07-05 15:15:59:193[INFO]<mkdb.Checkpoint>------------------ end -----------------
07-05 15:16:43:063[INFO]<Thread-5>-ServersId:
[1000000001/127.0.0.1:38384]

07-05 15:16:59:247[INFO]<mkdb.Checkpoint>----------------- begin ----------------
07-05 15:16:59:247[INFO]<mkdb.Checkpoint>-marshalN=1/0
07-05 15:16:59:247[INFO]<mkdb.Checkpoint>-snapshot=0 marshal0=0
07-05 15:16:59:247[INFO]<mkdb.Checkpoint>-flush=0
07-05 15:16:59:247[INFO]<mkdb.Checkpoint>------------------ end -----------------
07-05 15:17:43:063[INFO]<Thread-5>-ServersId:
[1000000001/127.0.0.1:38384]

07-05 15:17:59:302[INFO]<mkdb.Checkpoint>----------------- begin ----------------
07-05 15:17:59:302[INFO]<mkdb.Checkpoint>-marshalN=1/0
07-05 15:17:59:302[INFO]<mkdb.Checkpoint>-snapshot=0 marshal0=0
07-05 15:17:59:302[INFO]<mkdb.Checkpoint>-flush=0
07-05 15:17:59:302[INFO]<mkdb.Checkpoint>------------------ end -----------------
07-05 15:18:43:063[INFO]<Thread-5>-ServersId:
[1000000001/127.0.0.1:38384]

07-05 15:18:59:354[INFO]<mkdb.Checkpoint>----------------- begin ----------------
07-05 15:18:59:354[INFO]<mkdb.Checkpoint>-marshalN=1/0
07-05 15:18:59:354[INFO]<mkdb.Checkpoint>-snapshot=0 marshal0=0
07-05 15:18:59:354[INFO]<mkdb.Checkpoint>-flush=0
07-05 15:18:59:354[INFO]<mkdb.Checkpoint>------------------ end -----------------
07-05 15:19:43:063[INFO]<Thread-5>-ServersId:
[1000000001/127.0.0.1:38384]

07-05 15:19:54:402[DEBUG]<mkio.Engine.2>-mkio.Protocol execute type=8058 class=gnet.AuGameKeepAlive this=(1783235994402,)
07-05 15:19:54:402[DEBUG]<mkio.Engine.2>-execute(1783235994402,)
07-05 15:19:54:403[DEBUG]<mkdb.Worker..82>-mkio.send type=8058 class=gnet.AuGameKeepAlive this=(1783235994402,)
07-05 15:19:59:407[INFO]<mkdb.Checkpoint>----------------- begin ----------------
07-05 15:19:59:407[INFO]<mkdb.Checkpoint>-marshalN=1/0
07-05 15:19:59:407[INFO]<mkdb.Checkpoint>-snapshot=0 marshal0=0
07-05 15:19:59:407[INFO]<mkdb.Checkpoint>-flush=0
07-05 15:19:59:407[INFO]<mkdb.Checkpoint>------------------ end -----------------
07-05 15:20:43:063[INFO]<Thread-5>-ServersId:
[1000000001/127.0.0.1:38384]

07-05 15:20:59:461[INFO]<mkdb.Checkpoint>----------------- begin ----------------
07-05 15:20:59:461[INFO]<mkdb.Checkpoint>-marshalN=1/0
07-05 15:20:59:461[INFO]<mkdb.Checkpoint>-snapshot=0 marshal0=0
07-05 15:20:59:461[INFO]<mkdb.Checkpoint>-flush=0
07-05 15:20:59:461[INFO]<mkdb.Checkpoint>------------------ end -----------------
07-05 15:21:43:063[INFO]<Thread-5>-ServersId:
[1000000001/127.0.0.1:38384]

07-05 15:21:59:516[INFO]<mkdb.Checkpoint>----------------- begin ----------------
07-05 15:21:59:516[INFO]<mkdb.Checkpoint>-marshalN=1/0
07-05 15:21:59:516[INFO]<mkdb.Checkpoint>-snapshot=0 marshal0=0
07-05 15:21:59:516[INFO]<mkdb.Checkpoint>-flush=0
07-05 15:21:59:516[INFO]<mkdb.Checkpoint>------------------ end -----------------
07-05 15:22:43:064[INFO]<Thread-5>-ServersId:
[1000000001/127.0.0.1:38384]

07-05 15:22:59:569[INFO]<mkdb.Checkpoint>----------------- begin ----------------
07-05 15:22:59:569[INFO]<mkdb.Checkpoint>-marshalN=1/0
07-05 15:22:59:569[INFO]<mkdb.Checkpoint>-snapshot=0 marshal0=0
07-05 15:22:59:569[INFO]<mkdb.Checkpoint>-flush=0
07-05 15:22:59:569[INFO]<mkdb.Checkpoint>------------------ end -----------------
07-05 15:23:43:064[INFO]<Thread-5>-ServersId:
[1000000001/127.0.0.1:38384]

07-05 15:23:59:623[INFO]<mkdb.Checkpoint>----------------- begin ----------------
07-05 15:23:59:623[INFO]<mkdb.Checkpoint>-marshalN=1/0
07-05 15:23:59:623[INFO]<mkdb.Checkpoint>-snapshot=0 marshal0=0
07-05 15:23:59:623[INFO]<mkdb.Checkpoint>-flush=0
07-05 15:23:59:623[INFO]<mkdb.Checkpoint>------------------ end -----------------
07-05 15:24:43:064[INFO]<Thread-5>-ServersId:
[1000000001/127.0.0.1:38384]

07-05 15:24:54:673[DEBUG]<mkio.Engine.2>-mkio.Protocol execute type=8058 class=gnet.AuGameKeepAlive this=(1783236294672,)
07-05 15:24:54:673[DEBUG]<mkio.Engine.2>-execute(1783236294672,)
07-05 15:24:54:673[DEBUG]<mkdb.Worker..84>-mkio.send type=8058 class=gnet.AuGameKeepAlive this=(1783236294672,)
07-05 15:24:59:677[INFO]<mkdb.Checkpoint>----------------- begin ----------------
07-05 15:24:59:677[INFO]<mkdb.Checkpoint>-marshalN=1/0
07-05 15:24:59:677[INFO]<mkdb.Checkpoint>-snapshot=0 marshal0=0
07-05 15:24:59:677[INFO]<mkdb.Checkpoint>-flush=0
07-05 15:24:59:677[INFO]<mkdb.Checkpoint>------------------ end -----------------
07-05 15:25:43:065[INFO]<Thread-5>-ServersId:
[1000000001/127.0.0.1:38384]

07-05 15:25:59:731[INFO]<mkdb.Checkpoint>----------------- begin ----------------
07-05 15:25:59:731[INFO]<mkdb.Checkpoint>-marshalN=1/0
07-05 15:25:59:732[INFO]<mkdb.Checkpoint>-snapshot=0 marshal0=0
07-05 15:25:59:732[INFO]<mkdb.Checkpoint>-flush=0
07-05 15:25:59:732[INFO]<mkdb.Checkpoint>------------------ end -----------------
07-05 15:26:43:065[INFO]<Thread-5>-ServersId:
[1000000001/127.0.0.1:38384]

07-05 15:26:59:782[INFO]<mkdb.Checkpoint>----------------- begin ----------------
07-05 15:26:59:782[INFO]<mkdb.Checkpoint>-marshalN=1/0
07-05 15:26:59:782[INFO]<mkdb.Checkpoint>-snapshot=0 marshal0=0
07-05 15:26:59:782[INFO]<mkdb.Checkpoint>-flush=0
07-05 15:26:59:782[INFO]<mkdb.Checkpoint>------------------ end -----------------
07-05 15:27:43:065[INFO]<Thread-5>-ServersId:
[1000000001/127.0.0.1:38384]

07-05 15:27:59:837[INFO]<mkdb.Checkpoint>----------------- begin ----------------
07-05 15:27:59:837[INFO]<mkdb.Checkpoint>-marshalN=1/0
07-05 15:27:59:837[INFO]<mkdb.Checkpoint>-snapshot=0 marshal0=0
07-05 15:27:59:837[INFO]<mkdb.Checkpoint>-flush=0
07-05 15:27:59:837[INFO]<mkdb.Checkpoint>------------------ end -----------------
07-05 15:28:43:065[INFO]<Thread-5>-ServersId:
[1000000001/127.0.0.1:38384]

07-05 15:28:59:892[INFO]<mkdb.Checkpoint>----------------- begin ----------------
07-05 15:28:59:892[INFO]<mkdb.Checkpoint>-marshalN=1/0
07-05 15:28:59:892[INFO]<mkdb.Checkpoint>-snapshot=0 marshal0=0
07-05 15:28:59:892[INFO]<mkdb.Checkpoint>-flush=0
07-05 15:28:59:892[INFO]<mkdb.Checkpoint>------------------ end -----------------
07-05 15:29:43:065[INFO]<Thread-5>-ServersId:
[1000000001/127.0.0.1:38384]

07-05 15:29:54:950[DEBUG]<mkio.Engine.2>-mkio.Protocol execute type=8058 class=gnet.AuGameKeepAlive this=(1783236594950,)
07-05 15:29:54:950[DEBUG]<mkio.Engine.2>-execute(1783236594950,)
07-05 15:29:54:950[DEBUG]<mkdb.Worker..85>-mkio.send type=8058 class=gnet.AuGameKeepAlive this=(1783236594950,)
07-05 15:29:59:945[INFO]<mkdb.Checkpoint>----------------- begin ----------------
07-05 15:29:59:945[INFO]<mkdb.Checkpoint>-marshalN=1/0
07-05 15:29:59:945[INFO]<mkdb.Checkpoint>-snapshot=0 marshal0=0
07-05 15:29:59:945[INFO]<mkdb.Checkpoint>-flush=0
07-05 15:29:59:945[INFO]<mkdb.Checkpoint>------------------ end -----------------
07-05 15:30:43:066[INFO]<Thread-5>-ServersId:
[1000000001/127.0.0.1:38384]

07-05 15:30:59:997[INFO]<mkdb.Checkpoint>----------------- begin ----------------
07-05 15:30:59:998[INFO]<mkdb.Checkpoint>-marshalN=1/0
07-05 15:30:59:998[INFO]<mkdb.Checkpoint>-snapshot=0 marshal0=0
07-05 15:30:59:998[INFO]<mkdb.Checkpoint>-flush=0
07-05 15:30:59:998[INFO]<mkdb.Checkpoint>------------------ end -----------------
07-05 15:31:43:066[INFO]<Thread-5>-ServersId:
[1000000001/127.0.0.1:38384]

07-05 15:32:00:053[INFO]<mkdb.Checkpoint>----------------- begin ----------------
07-05 15:32:00:053[INFO]<mkdb.Checkpoint>-marshalN=1/0
07-05 15:32:00:053[INFO]<mkdb.Checkpoint>-snapshot=0 marshal0=0
07-05 15:32:00:053[INFO]<mkdb.Checkpoint>-flush=0
07-05 15:32:00:053[INFO]<mkdb.Checkpoint>------------------ end -----------------
07-05 15:32:43:066[INFO]<Thread-5>-ServersId:
[1000000001/127.0.0.1:38384]

07-05 15:33:00:107[INFO]<mkdb.Checkpoint>----------------- begin ----------------
07-05 15:33:00:107[INFO]<mkdb.Checkpoint>-marshalN=1/0
07-05 15:33:00:107[INFO]<mkdb.Checkpoint>-snapshot=0 marshal0=0
07-05 15:33:00:107[INFO]<mkdb.Checkpoint>-flush=0
07-05 15:33:00:107[INFO]<mkdb.Checkpoint>------------------ end -----------------
07-05 15:33:43:066[INFO]<Thread-5>-ServersId:
[1000000001/127.0.0.1:38384]

07-05 15:34:00:160[INFO]<mkdb.Checkpoint>----------------- begin ----------------
07-05 15:34:00:160[INFO]<mkdb.Checkpoint>-marshalN=1/0
07-05 15:34:00:160[INFO]<mkdb.Checkpoint>-snapshot=0 marshal0=0
07-05 15:34:00:160[INFO]<mkdb.Checkpoint>-flush=0
07-05 15:34:00:160[INFO]<mkdb.Checkpoint>------------------ end -----------------
07-05 15:34:43:066[INFO]<Thread-5>-ServersId:
[1000000001/127.0.0.1:38384]

07-05 15:34:54:248[DEBUG]<mkio.Engine.2>-mkio.Protocol execute type=8058 class=gnet.AuGameKeepAlive this=(1783236894247,)
07-05 15:34:54:248[DEBUG]<mkio.Engine.2>-execute(1783236894247,)
07-05 15:34:54:248[DEBUG]<mkdb.Worker..87>-mkio.send type=8058 class=gnet.AuGameKeepAlive this=(1783236894247,)
07-05 15:35:00:215[INFO]<mkdb.Checkpoint>----------------- begin ----------------
07-05 15:35:00:215[INFO]<mkdb.Checkpoint>-marshalN=1/0
07-05 15:35:00:215[INFO]<mkdb.Checkpoint>-snapshot=0 marshal0=0
07-05 15:35:00:215[INFO]<mkdb.Checkpoint>-flush=0
07-05 15:35:00:215[INFO]<mkdb.Checkpoint>------------------ end -----------------
07-05 15:35:43:066[INFO]<Thread-5>-ServersId:
[1000000001/127.0.0.1:38384]

07-05 15:36:00:267[INFO]<mkdb.Checkpoint>----------------- begin ----------------
07-05 15:36:00:268[INFO]<mkdb.Checkpoint>-marshalN=1/0
07-05 15:36:00:268[INFO]<mkdb.Checkpoint>-snapshot=0 marshal0=0
07-05 15:36:00:268[INFO]<mkdb.Checkpoint>-flush=0
07-05 15:36:00:268[INFO]<mkdb.Checkpoint>------------------ end -----------------
07-05 15:36:43:067[INFO]<Thread-5>-ServersId:
[1000000001/127.0.0.1:38384]

07-05 15:37:00:320[INFO]<mkdb.Checkpoint>----------------- begin ----------------
07-05 15:37:00:320[INFO]<mkdb.Checkpoint>-marshalN=1/0
07-05 15:37:00:320[INFO]<mkdb.Checkpoint>-snapshot=0 marshal0=0
07-05 15:37:00:320[INFO]<mkdb.Checkpoint>-flush=0
07-05 15:37:00:320[INFO]<mkdb.Checkpoint>------------------ end -----------------
07-05 15:37:43:067[INFO]<Thread-5>-ServersId:
[1000000001/127.0.0.1:38384]

07-05 15:38:00:374[INFO]<mkdb.Checkpoint>----------------- begin ----------------
07-05 15:38:00:374[INFO]<mkdb.Checkpoint>-marshalN=1/0
07-05 15:38:00:374[INFO]<mkdb.Checkpoint>-snapshot=0 marshal0=0
07-05 15:38:00:374[INFO]<mkdb.Checkpoint>-flush=0
07-05 15:38:00:374[INFO]<mkdb.Checkpoint>------------------ end -----------------
07-05 15:38:43:067[INFO]<Thread-5>-ServersId:
[1000000001/127.0.0.1:38384]

07-05 15:39:00:427[INFO]<mkdb.Checkpoint>----------------- begin ----------------
07-05 15:39:00:427[INFO]<mkdb.Checkpoint>-marshalN=1/0
07-05 15:39:00:427[INFO]<mkdb.Checkpoint>-snapshot=0 marshal0=0
07-05 15:39:00:427[INFO]<mkdb.Checkpoint>-flush=0
07-05 15:39:00:427[INFO]<mkdb.Checkpoint>------------------ end -----------------
07-05 15:39:43:067[INFO]<Thread-5>-ServersId:
[1000000001/127.0.0.1:38384]

07-05 15:39:54:548[DEBUG]<mkio.Engine.2>-mkio.Protocol execute type=8058 class=gnet.AuGameKeepAlive this=(1783237194547,)
07-05 15:39:54:548[DEBUG]<mkio.Engine.2>-execute(1783237194547,)
07-05 15:39:54:548[DEBUG]<mkdb.Worker..89>-mkio.send type=8058 class=gnet.AuGameKeepAlive this=(1783237194547,)
07-05 15:40:00:482[INFO]<mkdb.Checkpoint>----------------- begin ----------------
07-05 15:40:00:482[INFO]<mkdb.Checkpoint>-marshalN=1/0
07-05 15:40:00:482[INFO]<mkdb.Checkpoint>-snapshot=0 marshal0=0
07-05 15:40:00:482[INFO]<mkdb.Checkpoint>-flush=0
07-05 15:40:00:482[INFO]<mkdb.Checkpoint>------------------ end -----------------
07-05 15:40:43:067[INFO]<Thread-5>-ServersId:
[1000000001/127.0.0.1:38384]

07-05 15:41:00:537[INFO]<mkdb.Checkpoint>----------------- begin ----------------
07-05 15:41:00:537[INFO]<mkdb.Checkpoint>-marshalN=1/0
07-05 15:41:00:537[INFO]<mkdb.Checkpoint>-snapshot=0 marshal0=0
07-05 15:41:00:537[INFO]<mkdb.Checkpoint>-flush=0
07-05 15:41:00:537[INFO]<mkdb.Checkpoint>------------------ end -----------------
07-05 15:41:43:068[INFO]<Thread-5>-ServersId:
[1000000001/127.0.0.1:38384]

07-05 15:42:00:590[INFO]<mkdb.Checkpoint>----------------- begin ----------------
07-05 15:42:00:590[INFO]<mkdb.Checkpoint>-marshalN=1/0
07-05 15:42:00:590[INFO]<mkdb.Checkpoint>-snapshot=0 marshal0=0
07-05 15:42:00:590[INFO]<mkdb.Checkpoint>-flush=0
07-05 15:42:00:590[INFO]<mkdb.Checkpoint>------------------ end -----------------
07-05 15:42:43:068[INFO]<Thread-5>-ServersId:
[1000000001/127.0.0.1:38384]

07-05 15:43:00:646[INFO]<mkdb.Checkpoint>----------------- begin ----------------
07-05 15:43:00:646[INFO]<mkdb.Checkpoint>-marshalN=1/0
07-05 15:43:00:646[INFO]<mkdb.Checkpoint>-snapshot=0 marshal0=0
07-05 15:43:00:646[INFO]<mkdb.Checkpoint>-flush=0
07-05 15:43:00:646[INFO]<mkdb.Checkpoint>------------------ end -----------------
07-05 15:43:43:068[INFO]<Thread-5>-ServersId:
[1000000001/127.0.0.1:38384]

07-05 15:44:00:701[INFO]<mkdb.Checkpoint>----------------- begin ----------------
07-05 15:44:00:701[INFO]<mkdb.Checkpoint>-marshalN=1/0
07-05 15:44:00:701[INFO]<mkdb.Checkpoint>-snapshot=0 marshal0=0
07-05 15:44:00:701[INFO]<mkdb.Checkpoint>-flush=0
07-05 15:44:00:701[INFO]<mkdb.Checkpoint>------------------ end -----------------
07-05 15:44:43:068[INFO]<Thread-5>-ServersId:
[1000000001/127.0.0.1:38384]

07-05 15:44:54:852[DEBUG]<mkio.Engine.2>-mkio.Protocol execute type=8058 class=gnet.AuGameKeepAlive this=(1783237494851,)
07-05 15:44:54:852[DEBUG]<mkio.Engine.2>-execute(1783237494851,)
07-05 15:44:54:852[DEBUG]<mkdb.Worker..91>-mkio.send type=8058 class=gnet.AuGameKeepAlive this=(1783237494851,)
07-05 15:45:00:755[INFO]<mkdb.Checkpoint>----------------- begin ----------------
07-05 15:45:00:755[INFO]<mkdb.Checkpoint>-marshalN=1/0
07-05 15:45:00:755[INFO]<mkdb.Checkpoint>-snapshot=0 marshal0=0
07-05 15:45:00:755[INFO]<mkdb.Checkpoint>-flush=0
07-05 15:45:00:755[INFO]<mkdb.Checkpoint>------------------ end -----------------
07-05 15:45:43:068[INFO]<Thread-5>-ServersId:
[1000000001/127.0.0.1:38384]

07-05 15:46:00:807[INFO]<mkdb.Checkpoint>----------------- begin ----------------
07-05 15:46:00:807[INFO]<mkdb.Checkpoint>-marshalN=1/0
07-05 15:46:00:807[INFO]<mkdb.Checkpoint>-snapshot=0 marshal0=0
07-05 15:46:00:807[INFO]<mkdb.Checkpoint>-flush=0
07-05 15:46:00:807[INFO]<mkdb.Checkpoint>------------------ end -----------------
07-05 15:46:43:069[INFO]<Thread-5>-ServersId:
[1000000001/127.0.0.1:38384]

07-05 15:47:00:862[INFO]<mkdb.Checkpoint>----------------- begin ----------------
07-05 15:47:00:863[INFO]<mkdb.Checkpoint>-marshalN=1/0
07-05 15:47:00:863[INFO]<mkdb.Checkpoint>-snapshot=0 marshal0=0
07-05 15:47:00:863[INFO]<mkdb.Checkpoint>-flush=0
07-05 15:47:00:863[INFO]<mkdb.Checkpoint>------------------ end -----------------
07-05 15:47:43:069[INFO]<Thread-5>-ServersId:
[1000000001/127.0.0.1:38384]

07-05 15:48:00:914[INFO]<mkdb.Checkpoint>----------------- begin ----------------
07-05 15:48:00:914[INFO]<mkdb.Checkpoint>-marshalN=1/0
07-05 15:48:00:914[INFO]<mkdb.Checkpoint>-snapshot=0 marshal0=0
07-05 15:48:00:914[INFO]<mkdb.Checkpoint>-flush=0
07-05 15:48:00:914[INFO]<mkdb.Checkpoint>------------------ end -----------------
07-05 15:48:43:069[INFO]<Thread-5>-ServersId:
[1000000001/127.0.0.1:38384]

07-05 15:49:00:972[INFO]<mkdb.Checkpoint>----------------- begin ----------------
07-05 15:49:00:973[INFO]<mkdb.Checkpoint>-marshalN=1/0
07-05 15:49:00:973[INFO]<mkdb.Checkpoint>-snapshot=0 marshal0=0
07-05 15:49:00:973[INFO]<mkdb.Checkpoint>-flush=0
07-05 15:49:00:973[INFO]<mkdb.Checkpoint>------------------ end -----------------
07-05 15:49:43:069[INFO]<Thread-5>-ServersId:
[1000000001/127.0.0.1:38384]

07-05 15:49:54:155[DEBUG]<mkio.Engine.2>-mkio.Protocol execute type=8058 class=gnet.AuGameKeepAlive this=(1783237794155,)
07-05 15:49:54:155[DEBUG]<mkio.Engine.2>-execute(1783237794155,)
07-05 15:49:54:155[DEBUG]<mkdb.Worker..93>-mkio.send type=8058 class=gnet.AuGameKeepAlive this=(1783237794155,)
07-05 15:50:01:025[INFO]<mkdb.Checkpoint>----------------- begin ----------------
07-05 15:50:01:025[INFO]<mkdb.Checkpoint>-marshalN=1/0
07-05 15:50:01:025[INFO]<mkdb.Checkpoint>-snapshot=0 marshal0=0
07-05 15:50:01:025[INFO]<mkdb.Checkpoint>-flush=0
07-05 15:50:01:025[INFO]<mkdb.Checkpoint>------------------ end -----------------
07-05 15:50:43:069[INFO]<Thread-5>-ServersId:
[1000000001/127.0.0.1:38384]

07-05 15:51:01:074[INFO]<mkdb.Checkpoint>----------------- begin ----------------
07-05 15:51:01:074[INFO]<mkdb.Checkpoint>-marshalN=1/0
07-05 15:51:01:074[INFO]<mkdb.Checkpoint>-snapshot=0 marshal0=0
07-05 15:51:01:074[INFO]<mkdb.Checkpoint>-flush=0
07-05 15:51:01:074[INFO]<mkdb.Checkpoint>------------------ end -----------------
07-05 15:51:43:070[INFO]<Thread-5>-ServersId:
[1000000001/127.0.0.1:38384]

07-05 15:52:01:127[INFO]<mkdb.Checkpoint>----------------- begin ----------------
07-05 15:52:01:127[INFO]<mkdb.Checkpoint>-marshalN=1/0
07-05 15:52:01:127[INFO]<mkdb.Checkpoint>-snapshot=0 marshal0=0
07-05 15:52:01:127[INFO]<mkdb.Checkpoint>-flush=0
07-05 15:52:01:127[INFO]<mkdb.Checkpoint>------------------ end -----------------
07-05 15:52:43:070[INFO]<Thread-5>-ServersId:
[1000000001/127.0.0.1:38384]

07-05 15:53:01:180[INFO]<mkdb.Checkpoint>----------------- begin ----------------
07-05 15:53:01:180[INFO]<mkdb.Checkpoint>-marshalN=1/0
07-05 15:53:01:180[INFO]<mkdb.Checkpoint>-snapshot=0 marshal0=0
07-05 15:53:01:180[INFO]<mkdb.Checkpoint>-flush=0
07-05 15:53:01:180[INFO]<mkdb.Checkpoint>------------------ end -----------------
07-05 15:53:43:070[INFO]<Thread-5>-ServersId:
[1000000001/127.0.0.1:38384]

07-05 15:54:01:236[INFO]<mkdb.Checkpoint>----------------- begin ----------------
07-05 15:54:01:236[INFO]<mkdb.Checkpoint>-marshalN=1/0
07-05 15:54:01:236[INFO]<mkdb.Checkpoint>-snapshot=0 marshal0=0
07-05 15:54:01:236[INFO]<mkdb.Checkpoint>-flush=0
07-05 15:54:01:236[INFO]<mkdb.Checkpoint>------------------ end -----------------
07-05 15:54:43:070[INFO]<Thread-5>-ServersId:
[1000000001/127.0.0.1:38384]

07-05 15:54:54:455[DEBUG]<mkio.Engine.2>-mkio.Protocol execute type=8058 class=gnet.AuGameKeepAlive this=(1783238094454,)
07-05 15:54:54:455[DEBUG]<mkio.Engine.2>-execute(1783238094454,)
07-05 15:54:54:455[DEBUG]<mkdb.Worker..95>-mkio.send type=8058 class=gnet.AuGameKeepAlive this=(1783238094454,)
07-05 15:55:01:291[INFO]<mkdb.Checkpoint>----------------- begin ----------------
07-05 15:55:01:291[INFO]<mkdb.Checkpoint>-marshalN=1/0
07-05 15:55:01:291[INFO]<mkdb.Checkpoint>-snapshot=0 marshal0=0
07-05 15:55:01:291[INFO]<mkdb.Checkpoint>-flush=0
07-05 15:55:01:291[INFO]<mkdb.Checkpoint>------------------ end -----------------
07-05 15:55:43:070[INFO]<Thread-5>-ServersId:
[1000000001/127.0.0.1:38384]

07-05 15:56:01:343[INFO]<mkdb.Checkpoint>----------------- begin ----------------
07-05 15:56:01:343[INFO]<mkdb.Checkpoint>-marshalN=1/0
07-05 15:56:01:343[INFO]<mkdb.Checkpoint>-snapshot=0 marshal0=0
07-05 15:56:01:343[INFO]<mkdb.Checkpoint>-flush=0
07-05 15:56:01:343[INFO]<mkdb.Checkpoint>------------------ end -----------------
07-05 15:56:43:070[INFO]<Thread-5>-ServersId:
[1000000001/127.0.0.1:38384]

07-05 15:57:01:394[INFO]<mkdb.Checkpoint>----------------- begin ----------------
07-05 15:57:01:394[INFO]<mkdb.Checkpoint>-marshalN=1/0
07-05 15:57:01:394[INFO]<mkdb.Checkpoint>-snapshot=0 marshal0=0
07-05 15:57:01:394[INFO]<mkdb.Checkpoint>-flush=0
07-05 15:57:01:394[INFO]<mkdb.Checkpoint>------------------ end -----------------
07-05 15:57:43:071[INFO]<Thread-5>-ServersId:
[1000000001/127.0.0.1:38384]

07-05 15:58:01:447[INFO]<mkdb.Checkpoint>----------------- begin ----------------
07-05 15:58:01:447[INFO]<mkdb.Checkpoint>-marshalN=1/0
07-05 15:58:01:447[INFO]<mkdb.Checkpoint>-snapshot=0 marshal0=0
07-05 15:58:01:447[INFO]<mkdb.Checkpoint>-flush=0
07-05 15:58:01:447[INFO]<mkdb.Checkpoint>------------------ end -----------------
07-05 15:58:43:071[INFO]<Thread-5>-ServersId:
[1000000001/127.0.0.1:38384]

07-05 15:59:01:499[INFO]<mkdb.Checkpoint>----------------- begin ----------------
07-05 15:59:01:499[INFO]<mkdb.Checkpoint>-marshalN=1/0
07-05 15:59:01:499[INFO]<mkdb.Checkpoint>-snapshot=0 marshal0=0
07-05 15:59:01:499[INFO]<mkdb.Checkpoint>-flush=0
07-05 15:59:01:499[INFO]<mkdb.Checkpoint>------------------ end -----------------
07-05 15:59:43:071[INFO]<Thread-5>-ServersId:
[1000000001/127.0.0.1:38384]

07-05 15:59:54:746[DEBUG]<mkio.Engine.2>-mkio.Protocol execute type=8058 class=gnet.AuGameKeepAlive this=(1783238394746,)
07-05 15:59:54:746[DEBUG]<mkio.Engine.2>-execute(1783238394746,)
07-05 15:59:54:746[DEBUG]<mkdb.Worker..98>-mkio.send type=8058 class=gnet.AuGameKeepAlive this=(1783238394746,)
07-05 16:00:01:552[INFO]<mkdb.Checkpoint>----------------- begin ----------------
07-05 16:00:01:552[INFO]<mkdb.Checkpoint>-marshalN=1/0
07-05 16:00:01:552[INFO]<mkdb.Checkpoint>-snapshot=0 marshal0=0
07-05 16:00:01:552[INFO]<mkdb.Checkpoint>-flush=0
07-05 16:00:01:552[INFO]<mkdb.Checkpoint>------------------ end -----------------
07-05 16:00:43:071[INFO]<Thread-5>-ServersId:
[1000000001/127.0.0.1:38384]

07-05 16:01:01:604[INFO]<mkdb.Checkpoint>----------------- begin ----------------
07-05 16:01:01:604[INFO]<mkdb.Checkpoint>-marshalN=1/0
07-05 16:01:01:605[INFO]<mkdb.Checkpoint>-snapshot=0 marshal0=0
07-05 16:01:01:605[INFO]<mkdb.Checkpoint>-flush=0
07-05 16:01:01:605[INFO]<mkdb.Checkpoint>------------------ end -----------------
07-05 16:01:43:071[INFO]<Thread-5>-ServersId:
[1000000001/127.0.0.1:38384]

07-05 16:02:01:658[INFO]<mkdb.Checkpoint>----------------- begin ----------------
07-05 16:02:01:658[INFO]<mkdb.Checkpoint>-marshalN=1/0
07-05 16:02:01:658[INFO]<mkdb.Checkpoint>-snapshot=0 marshal0=0
07-05 16:02:01:658[INFO]<mkdb.Checkpoint>-flush=0
07-05 16:02:01:658[INFO]<mkdb.Checkpoint>------------------ end -----------------
07-05 16:02:43:072[INFO]<Thread-5>-ServersId:
[1000000001/127.0.0.1:38384]

07-05 16:03:01:711[INFO]<mkdb.Checkpoint>----------------- begin ----------------
07-05 16:03:01:711[INFO]<mkdb.Checkpoint>-marshalN=1/0
07-05 16:03:01:711[INFO]<mkdb.Checkpoint>-snapshot=0 marshal0=0
07-05 16:03:01:711[INFO]<mkdb.Checkpoint>-flush=0
07-05 16:03:01:711[INFO]<mkdb.Checkpoint>------------------ end -----------------
07-05 16:03:43:072[INFO]<Thread-5>-ServersId:
[1000000001/127.0.0.1:38384]

07-05 16:04:01:765[INFO]<mkdb.Checkpoint>----------------- begin ----------------
07-05 16:04:01:765[INFO]<mkdb.Checkpoint>-marshalN=1/0
07-05 16:04:01:765[INFO]<mkdb.Checkpoint>-snapshot=0 marshal0=0
07-05 16:04:01:765[INFO]<mkdb.Checkpoint>-flush=0
07-05 16:04:01:765[INFO]<mkdb.Checkpoint>------------------ end -----------------
07-05 16:04:43:072[INFO]<Thread-5>-ServersId:
[1000000001/127.0.0.1:38384]

07-05 16:04:54:034[DEBUG]<mkio.Engine.2>-mkio.Protocol execute type=8058 class=gnet.AuGameKeepAlive this=(1783238694034,)
07-05 16:04:54:035[DEBUG]<mkio.Engine.2>-execute(1783238694034,)
07-05 16:04:54:035[DEBUG]<mkdb.Worker..100>-mkio.send type=8058 class=gnet.AuGameKeepAlive this=(1783238694034,)
07-05 16:05:01:820[INFO]<mkdb.Checkpoint>----------------- begin ----------------
07-05 16:05:01:820[INFO]<mkdb.Checkpoint>-marshalN=1/0
07-05 16:05:01:820[INFO]<mkdb.Checkpoint>-snapshot=0 marshal0=0
07-05 16:05:01:820[INFO]<mkdb.Checkpoint>-flush=0
07-05 16:05:01:820[INFO]<mkdb.Checkpoint>------------------ end -----------------
07-05 16:05:43:072[INFO]<Thread-5>-ServersId:
[1000000001/127.0.0.1:38384]

07-05 16:06:01:874[INFO]<mkdb.Checkpoint>----------------- begin ----------------
07-05 16:06:01:874[INFO]<mkdb.Checkpoint>-marshalN=1/0
07-05 16:06:01:874[INFO]<mkdb.Checkpoint>-snapshot=0 marshal0=0
07-05 16:06:01:874[INFO]<mkdb.Checkpoint>-flush=0
07-05 16:06:01:874[INFO]<mkdb.Checkpoint>------------------ end -----------------
07-05 16:06:43:072[INFO]<Thread-5>-ServersId:
[1000000001/127.0.0.1:38384]

07-05 16:07:01:927[INFO]<mkdb.Checkpoint>----------------- begin ----------------
07-05 16:07:01:927[INFO]<mkdb.Checkpoint>-marshalN=1/0
07-05 16:07:01:927[INFO]<mkdb.Checkpoint>-snapshot=0 marshal0=0
07-05 16:07:01:927[INFO]<mkdb.Checkpoint>-flush=0
07-05 16:07:01:927[INFO]<mkdb.Checkpoint>------------------ end -----------------
07-05 16:07:43:073[INFO]<Thread-5>-ServersId:
[1000000001/127.0.0.1:38384]

07-05 16:08:01:980[INFO]<mkdb.Checkpoint>----------------- begin ----------------
07-05 16:08:01:980[INFO]<mkdb.Checkpoint>-marshalN=1/0
07-05 16:08:01:980[INFO]<mkdb.Checkpoint>-snapshot=0 marshal0=0
07-05 16:08:01:980[INFO]<mkdb.Checkpoint>-flush=0
07-05 16:08:01:980[INFO]<mkdb.Checkpoint>------------------ end -----------------
07-05 16:08:43:073[INFO]<Thread-5>-ServersId:
[1000000001/127.0.0.1:38384]

07-05 16:09:02:036[INFO]<mkdb.Checkpoint>----------------- begin ----------------
07-05 16:09:02:036[INFO]<mkdb.Checkpoint>-marshalN=1/0
07-05 16:09:02:037[INFO]<mkdb.Checkpoint>-snapshot=0 marshal0=0
07-05 16:09:02:037[INFO]<mkdb.Checkpoint>-flush=0
07-05 16:09:02:037[INFO]<mkdb.Checkpoint>------------------ end -----------------
07-05 16:09:43:073[INFO]<Thread-5>-ServersId:
[1000000001/127.0.0.1:38384]

07-05 16:09:54:340[DEBUG]<mkio.Engine.2>-mkio.Protocol execute type=8058 class=gnet.AuGameKeepAlive this=(1783238994340,)
07-05 16:09:54:340[DEBUG]<mkio.Engine.2>-execute(1783238994340,)
07-05 16:09:54:340[DEBUG]<mkdb.Worker..102>-mkio.send type=8058 class=gnet.AuGameKeepAlive this=(1783238994340,)
07-05 16:10:02:092[INFO]<mkdb.Checkpoint>----------------- begin ----------------
07-05 16:10:02:093[INFO]<mkdb.Checkpoint>-marshalN=1/0
07-05 16:10:02:093[INFO]<mkdb.Checkpoint>-snapshot=0 marshal0=0
07-05 16:10:02:093[INFO]<mkdb.Checkpoint>-flush=0
07-05 16:10:02:093[INFO]<mkdb.Checkpoint>------------------ end -----------------
07-05 16:10:43:073[INFO]<Thread-5>-ServersId:
[1000000001/127.0.0.1:38384]

07-05 16:11:02:141[INFO]<mkdb.Checkpoint>----------------- begin ----------------
07-05 16:11:02:142[INFO]<mkdb.Checkpoint>-marshalN=1/0
07-05 16:11:02:142[INFO]<mkdb.Checkpoint>-snapshot=0 marshal0=0
07-05 16:11:02:142[INFO]<mkdb.Checkpoint>-flush=0
07-05 16:11:02:142[INFO]<mkdb.Checkpoint>------------------ end -----------------
07-05 16:11:43:073[INFO]<Thread-5>-ServersId:
[1000000001/127.0.0.1:38384]

07-05 16:12:02:195[INFO]<mkdb.Checkpoint>----------------- begin ----------------
07-05 16:12:02:195[INFO]<mkdb.Checkpoint>-marshalN=1/0
07-05 16:12:02:195[INFO]<mkdb.Checkpoint>-snapshot=0 marshal0=0
07-05 16:12:02:195[INFO]<mkdb.Checkpoint>-flush=0
07-05 16:12:02:195[INFO]<mkdb.Checkpoint>------------------ end -----------------
07-05 16:12:43:074[INFO]<Thread-5>-ServersId:
[1000000001/127.0.0.1:38384]

07-05 16:13:02:247[INFO]<mkdb.Checkpoint>----------------- begin ----------------
07-05 16:13:02:247[INFO]<mkdb.Checkpoint>-marshalN=1/0
07-05 16:13:02:247[INFO]<mkdb.Checkpoint>-snapshot=0 marshal0=0
07-05 16:13:02:247[INFO]<mkdb.Checkpoint>-flush=0
07-05 16:13:02:247[INFO]<mkdb.Checkpoint>------------------ end -----------------
07-05 16:13:43:074[INFO]<Thread-5>-ServersId:
[1000000001/127.0.0.1:38384]

07-05 16:14:02:303[INFO]<mkdb.Checkpoint>----------------- begin ----------------
07-05 16:14:02:303[INFO]<mkdb.Checkpoint>-marshalN=1/0
07-05 16:14:02:303[INFO]<mkdb.Checkpoint>-snapshot=0 marshal0=0
07-05 16:14:02:303[INFO]<mkdb.Checkpoint>-flush=0
07-05 16:14:02:303[INFO]<mkdb.Checkpoint>------------------ end -----------------
07-05 16:14:43:074[INFO]<Thread-5>-ServersId:
[1000000001/127.0.0.1:38384]

07-05 16:14:54:966[DEBUG]<mkio.Engine.2>-mkio.Protocol execute type=8058 class=gnet.AuGameKeepAlive this=(1783239294966,)
07-05 16:14:54:966[DEBUG]<mkio.Engine.2>-execute(1783239294966,)
07-05 16:14:54:966[DEBUG]<mkdb.Worker..104>-mkio.send type=8058 class=gnet.AuGameKeepAlive this=(1783239294966,)
07-05 16:15:02:362[INFO]<mkdb.Checkpoint>----------------- begin ----------------
07-05 16:15:02:362[INFO]<mkdb.Checkpoint>-marshalN=1/0
07-05 16:15:02:362[INFO]<mkdb.Checkpoint>-snapshot=0 marshal0=0
07-05 16:15:02:362[INFO]<mkdb.Checkpoint>-flush=0
07-05 16:15:02:362[INFO]<mkdb.Checkpoint>------------------ end -----------------
07-05 16:15:43:074[INFO]<Thread-5>-ServersId:
[1000000001/127.0.0.1:38384]

07-05 16:16:02:414[INFO]<mkdb.Checkpoint>----------------- begin ----------------
07-05 16:16:02:414[INFO]<mkdb.Checkpoint>-marshalN=1/0
07-05 16:16:02:414[INFO]<mkdb.Checkpoint>-snapshot=0 marshal0=0
07-05 16:16:02:414[INFO]<mkdb.Checkpoint>-flush=0
07-05 16:16:02:414[INFO]<mkdb.Checkpoint>------------------ end -----------------
07-05 16:16:43:074[INFO]<Thread-5>-ServersId:
[1000000001/127.0.0.1:38384]

07-05 16:17:02:470[INFO]<mkdb.Checkpoint>----------------- begin ----------------
07-05 16:17:02:470[INFO]<mkdb.Checkpoint>-marshalN=1/0
07-05 16:17:02:470[INFO]<mkdb.Checkpoint>-snapshot=0 marshal0=0
07-05 16:17:02:470[INFO]<mkdb.Checkpoint>-flush=0
07-05 16:17:02:470[INFO]<mkdb.Checkpoint>------------------ end -----------------
07-05 16:17:43:075[INFO]<Thread-5>-ServersId:
[1000000001/127.0.0.1:38384]

07-05 16:18:02:527[INFO]<mkdb.Checkpoint>----------------- begin ----------------
07-05 16:18:02:527[INFO]<mkdb.Checkpoint>-marshalN=1/0
07-05 16:18:02:527[INFO]<mkdb.Checkpoint>-snapshot=0 marshal0=0
07-05 16:18:02:527[INFO]<mkdb.Checkpoint>-flush=0
07-05 16:18:02:527[INFO]<mkdb.Checkpoint>------------------ end -----------------
07-05 16:18:43:075[INFO]<Thread-5>-ServersId:
[1000000001/127.0.0.1:38384]

07-05 16:19:02:584[INFO]<mkdb.Checkpoint>----------------- begin ----------------
07-05 16:19:02:584[INFO]<mkdb.Checkpoint>-marshalN=1/0
07-05 16:19:02:584[INFO]<mkdb.Checkpoint>-snapshot=0 marshal0=0
07-05 16:19:02:584[INFO]<mkdb.Checkpoint>-flush=0
07-05 16:19:02:584[INFO]<mkdb.Checkpoint>------------------ end -----------------
07-05 16:19:43:075[INFO]<Thread-5>-ServersId:
[1000000001/127.0.0.1:38384]

07-05 16:19:54:263[DEBUG]<mkio.Engine.2>-mkio.Protocol execute type=8058 class=gnet.AuGameKeepAlive this=(1783239594263,)
07-05 16:19:54:263[DEBUG]<mkio.Engine.2>-execute(1783239594263,)
07-05 16:19:54:263[DEBUG]<mkdb.Worker..106>-mkio.send type=8058 class=gnet.AuGameKeepAlive this=(1783239594263,)
07-05 16:20:02:645[INFO]<mkdb.Checkpoint>----------------- begin ----------------
07-05 16:20:02:645[INFO]<mkdb.Checkpoint>-marshalN=1/0
07-05 16:20:02:645[INFO]<mkdb.Checkpoint>-snapshot=0 marshal0=0
07-05 16:20:02:645[INFO]<mkdb.Checkpoint>-flush=0
07-05 16:20:02:645[INFO]<mkdb.Checkpoint>------------------ end -----------------
07-05 16:20:43:075[INFO]<Thread-5>-ServersId:
[1000000001/127.0.0.1:38384]

07-05 16:21:02:704[INFO]<mkdb.Checkpoint>----------------- begin ----------------
07-05 16:21:02:704[INFO]<mkdb.Checkpoint>-marshalN=1/0
07-05 16:21:02:704[INFO]<mkdb.Checkpoint>-snapshot=0 marshal0=0
07-05 16:21:02:704[INFO]<mkdb.Checkpoint>-flush=0
07-05 16:21:02:704[INFO]<mkdb.Checkpoint>------------------ end -----------------
07-05 16:21:43:075[INFO]<Thread-5>-ServersId:
[1000000001/127.0.0.1:38384]

07-05 16:22:02:765[INFO]<mkdb.Checkpoint>----------------- begin ----------------
07-05 16:22:02:766[INFO]<mkdb.Checkpoint>-marshalN=1/0
07-05 16:22:02:766[INFO]<mkdb.Checkpoint>-snapshot=0 marshal0=0
07-05 16:22:02:766[INFO]<mkdb.Checkpoint>-flush=0
07-05 16:22:02:766[INFO]<mkdb.Checkpoint>------------------ end -----------------
07-05 16:22:43:075[INFO]<Thread-5>-ServersId:
[1000000001/127.0.0.1:38384]

07-05 16:23:02:830[INFO]<mkdb.Checkpoint>----------------- begin ----------------
07-05 16:23:02:830[INFO]<mkdb.Checkpoint>-marshalN=1/0
07-05 16:23:02:830[INFO]<mkdb.Checkpoint>-snapshot=0 marshal0=0
07-05 16:23:02:830[INFO]<mkdb.Checkpoint>-flush=0
07-05 16:23:02:830[INFO]<mkdb.Checkpoint>------------------ end -----------------
07-05 16:23:43:076[INFO]<Thread-5>-ServersId:
[1000000001/127.0.0.1:38384]

07-05 16:24:02:888[INFO]<mkdb.Checkpoint>----------------- begin ----------------
07-05 16:24:02:888[INFO]<mkdb.Checkpoint>-marshalN=1/0
07-05 16:24:02:888[INFO]<mkdb.Checkpoint>-snapshot=0 marshal0=0
07-05 16:24:02:888[INFO]<mkdb.Checkpoint>-flush=0
07-05 16:24:02:888[INFO]<mkdb.Checkpoint>------------------ end -----------------
07-05 16:24:43:076[INFO]<Thread-5>-ServersId:
[1000000001/127.0.0.1:38384]

07-05 16:24:54:571[DEBUG]<mkio.Engine.2>-mkio.Protocol execute type=8058 class=gnet.AuGameKeepAlive this=(1783239894570,)
07-05 16:24:54:571[DEBUG]<mkio.Engine.2>-execute(1783239894570,)
07-05 16:24:54:571[DEBUG]<mkdb.Worker..108>-mkio.send type=8058 class=gnet.AuGameKeepAlive this=(1783239894570,)
07-05 16:25:02:947[INFO]<mkdb.Checkpoint>----------------- begin ----------------
07-05 16:25:02:947[INFO]<mkdb.Checkpoint>-marshalN=1/0
07-05 16:25:02:947[INFO]<mkdb.Checkpoint>-snapshot=0 marshal0=0
07-05 16:25:02:947[INFO]<mkdb.Checkpoint>-flush=0
07-05 16:25:02:947[INFO]<mkdb.Checkpoint>------------------ end -----------------
07-05 16:25:43:076[INFO]<Thread-5>-ServersId:
[1000000001/127.0.0.1:38384]

07-05 16:26:03:001[INFO]<mkdb.Checkpoint>----------------- begin ----------------
07-05 16:26:03:001[INFO]<mkdb.Checkpoint>-marshalN=1/0
07-05 16:26:03:001[INFO]<mkdb.Checkpoint>-snapshot=0 marshal0=0
07-05 16:26:03:001[INFO]<mkdb.Checkpoint>-flush=0
07-05 16:26:03:001[INFO]<mkdb.Checkpoint>------------------ end -----------------
07-05 16:26:43:077[INFO]<Thread-5>-ServersId:
[1000000001/127.0.0.1:38384]

07-05 16:27:03:054[INFO]<mkdb.Checkpoint>----------------- begin ----------------
07-05 16:27:03:055[INFO]<mkdb.Checkpoint>-marshalN=1/0
07-05 16:27:03:055[INFO]<mkdb.Checkpoint>-snapshot=0 marshal0=0
07-05 16:27:03:055[INFO]<mkdb.Checkpoint>-flush=0
07-05 16:27:03:055[INFO]<mkdb.Checkpoint>------------------ end -----------------
07-05 16:27:43:077[INFO]<Thread-5>-ServersId:
[1000000001/127.0.0.1:38384]

07-05 16:28:03:109[INFO]<mkdb.Checkpoint>----------------- begin ----------------
07-05 16:28:03:109[INFO]<mkdb.Checkpoint>-marshalN=1/0
07-05 16:28:03:109[INFO]<mkdb.Checkpoint>-snapshot=0 marshal0=0
07-05 16:28:03:109[INFO]<mkdb.Checkpoint>-flush=0
07-05 16:28:03:109[INFO]<mkdb.Checkpoint>------------------ end -----------------
07-05 16:28:43:077[INFO]<Thread-5>-ServersId:
[1000000001/127.0.0.1:38384]

07-05 16:29:03:160[INFO]<mkdb.Checkpoint>----------------- begin ----------------
07-05 16:29:03:161[INFO]<mkdb.Checkpoint>-marshalN=1/0
07-05 16:29:03:161[INFO]<mkdb.Checkpoint>-snapshot=0 marshal0=0
07-05 16:29:03:161[INFO]<mkdb.Checkpoint>-flush=0
07-05 16:29:03:161[INFO]<mkdb.Checkpoint>------------------ end -----------------
07-05 16:29:43:077[INFO]<Thread-5>-ServersId:
[1000000001/127.0.0.1:38384]

07-05 16:29:54:840[DEBUG]<mkio.Engine.2>-mkio.Protocol execute type=8058 class=gnet.AuGameKeepAlive this=(1783240194839,)
07-05 16:29:54:840[DEBUG]<mkio.Engine.2>-execute(1783240194839,)
07-05 16:29:54:840[DEBUG]<mkdb.Worker..110>-mkio.send type=8058 class=gnet.AuGameKeepAlive this=(1783240194839,)
07-05 16:30:03:214[INFO]<mkdb.Checkpoint>----------------- begin ----------------
07-05 16:30:03:214[INFO]<mkdb.Checkpoint>-marshalN=1/0
07-05 16:30:03:214[INFO]<mkdb.Checkpoint>-snapshot=0 marshal0=0
07-05 16:30:03:214[INFO]<mkdb.Checkpoint>-flush=0
07-05 16:30:03:214[INFO]<mkdb.Checkpoint>------------------ end -----------------
07-05 16:30:43:077[INFO]<Thread-5>-ServersId:
[1000000001/127.0.0.1:38384]

07-05 16:31:03:268[INFO]<mkdb.Checkpoint>----------------- begin ----------------
07-05 16:31:03:268[INFO]<mkdb.Checkpoint>-marshalN=1/0
07-05 16:31:03:268[INFO]<mkdb.Checkpoint>-snapshot=0 marshal0=0
07-05 16:31:03:268[INFO]<mkdb.Checkpoint>-flush=0
07-05 16:31:03:268[INFO]<mkdb.Checkpoint>------------------ end -----------------
07-05 16:31:43:078[INFO]<Thread-5>-ServersId:
[1000000001/127.0.0.1:38384]

07-05 16:32:03:323[INFO]<mkdb.Checkpoint>----------------- begin ----------------
07-05 16:32:03:323[INFO]<mkdb.Checkpoint>-marshalN=1/0
07-05 16:32:03:323[INFO]<mkdb.Checkpoint>-snapshot=0 marshal0=0
07-05 16:32:03:324[INFO]<mkdb.Checkpoint>-flush=0
07-05 16:32:03:324[INFO]<mkdb.Checkpoint>------------------ end -----------------
07-05 16:32:43:078[INFO]<Thread-5>-ServersId:
[1000000001/127.0.0.1:38384]

07-05 16:33:03:376[INFO]<mkdb.Checkpoint>----------------- begin ----------------
07-05 16:33:03:376[INFO]<mkdb.Checkpoint>-marshalN=1/0
07-05 16:33:03:376[INFO]<mkdb.Checkpoint>-snapshot=0 marshal0=0
07-05 16:33:03:376[INFO]<mkdb.Checkpoint>-flush=0
07-05 16:33:03:376[INFO]<mkdb.Checkpoint>------------------ end -----------------
07-05 16:33:43:078[INFO]<Thread-5>-ServersId:
[1000000001/127.0.0.1:38384]

07-05 16:34:03:433[INFO]<mkdb.Checkpoint>----------------- begin ----------------
07-05 16:34:03:433[INFO]<mkdb.Checkpoint>-marshalN=1/0
07-05 16:34:03:433[INFO]<mkdb.Checkpoint>-snapshot=0 marshal0=0
07-05 16:34:03:433[INFO]<mkdb.Checkpoint>-flush=0
07-05 16:34:03:433[INFO]<mkdb.Checkpoint>------------------ end -----------------
07-05 16:34:43:078[INFO]<Thread-5>-ServersId:
[1000000001/127.0.0.1:38384]

07-05 16:34:54:110[DEBUG]<mkio.Engine.2>-mkio.Protocol execute type=8058 class=gnet.AuGameKeepAlive this=(1783240494109,)
07-05 16:34:54:110[DEBUG]<mkio.Engine.2>-execute(1783240494109,)
07-05 16:34:54:110[DEBUG]<mkdb.Worker..112>-mkio.send type=8058 class=gnet.AuGameKeepAlive this=(1783240494109,)
07-05 16:35:03:490[INFO]<mkdb.Checkpoint>----------------- begin ----------------
07-05 16:35:03:490[INFO]<mkdb.Checkpoint>-marshalN=1/0
07-05 16:35:03:490[INFO]<mkdb.Checkpoint>-snapshot=0 marshal0=0
07-05 16:35:03:490[INFO]<mkdb.Checkpoint>-flush=0
07-05 16:35:03:490[INFO]<mkdb.Checkpoint>------------------ end -----------------
07-05 16:35:43:078[INFO]<Thread-5>-ServersId:
[1000000001/127.0.0.1:38384]

07-05 16:36:03:548[INFO]<mkdb.Checkpoint>----------------- begin ----------------
07-05 16:36:03:549[INFO]<mkdb.Checkpoint>-marshalN=1/0
07-05 16:36:03:549[INFO]<mkdb.Checkpoint>-snapshot=0 marshal0=0
07-05 16:36:03:549[INFO]<mkdb.Checkpoint>-flush=0
07-05 16:36:03:549[INFO]<mkdb.Checkpoint>------------------ end -----------------
07-05 16:36:43:079[INFO]<Thread-5>-ServersId:
[1000000001/127.0.0.1:38384]

07-05 16:37:03:606[INFO]<mkdb.Checkpoint>----------------- begin ----------------
07-05 16:37:03:606[INFO]<mkdb.Checkpoint>-marshalN=1/0
07-05 16:37:03:606[INFO]<mkdb.Checkpoint>-snapshot=0 marshal0=0
07-05 16:37:03:606[INFO]<mkdb.Checkpoint>-flush=0
07-05 16:37:03:606[INFO]<mkdb.Checkpoint>------------------ end -----------------
07-05 16:37:43:079[INFO]<Thread-5>-ServersId:
[1000000001/127.0.0.1:38384]

07-05 16:38:03:664[INFO]<mkdb.Checkpoint>----------------- begin ----------------
07-05 16:38:03:664[INFO]<mkdb.Checkpoint>-marshalN=1/0
07-05 16:38:03:664[INFO]<mkdb.Checkpoint>-snapshot=0 marshal0=0
07-05 16:38:03:664[INFO]<mkdb.Checkpoint>-flush=0
07-05 16:38:03:664[INFO]<mkdb.Checkpoint>------------------ end -----------------
07-05 16:38:43:079[INFO]<Thread-5>-ServersId:
[1000000001/127.0.0.1:38384]

07-05 16:39:03:720[INFO]<mkdb.Checkpoint>----------------- begin ----------------
07-05 16:39:03:720[INFO]<mkdb.Checkpoint>-marshalN=1/0
07-05 16:39:03:720[INFO]<mkdb.Checkpoint>-snapshot=0 marshal0=0
07-05 16:39:03:720[INFO]<mkdb.Checkpoint>-flush=0
07-05 16:39:03:720[INFO]<mkdb.Checkpoint>------------------ end -----------------
07-05 16:39:43:079[INFO]<Thread-5>-ServersId:
[1000000001/127.0.0.1:38384]

07-05 16:39:54:411[DEBUG]<mkio.Engine.2>-mkio.Protocol execute type=8058 class=gnet.AuGameKeepAlive this=(1783240794411,)
07-05 16:39:54:411[DEBUG]<mkio.Engine.2>-execute(1783240794411,)
07-05 16:39:54:411[DEBUG]<mkdb.Worker..114>-mkio.send type=8058 class=gnet.AuGameKeepAlive this=(1783240794411,)
07-05 16:40:03:779[INFO]<mkdb.Checkpoint>----------------- begin ----------------
07-05 16:40:03:779[INFO]<mkdb.Checkpoint>-marshalN=1/0
07-05 16:40:03:779[INFO]<mkdb.Checkpoint>-snapshot=0 marshal0=0
07-05 16:40:03:779[INFO]<mkdb.Checkpoint>-flush=0
07-05 16:40:03:779[INFO]<mkdb.Checkpoint>------------------ end -----------------
07-05 16:40:43:079[INFO]<Thread-5>-ServersId:
[1000000001/127.0.0.1:38384]

07-05 16:41:03:843[INFO]<mkdb.Checkpoint>----------------- begin ----------------
07-05 16:41:03:843[INFO]<mkdb.Checkpoint>-marshalN=1/0
07-05 16:41:03:843[INFO]<mkdb.Checkpoint>-snapshot=0 marshal0=0
07-05 16:41:03:843[INFO]<mkdb.Checkpoint>-flush=0
07-05 16:41:03:843[INFO]<mkdb.Checkpoint>------------------ end -----------------
07-05 16:41:43:080[INFO]<Thread-5>-ServersId:
[1000000001/127.0.0.1:38384]

07-05 16:42:03:895[INFO]<mkdb.Checkpoint>----------------- begin ----------------
07-05 16:42:03:895[INFO]<mkdb.Checkpoint>-marshalN=1/0
07-05 16:42:03:895[INFO]<mkdb.Checkpoint>-snapshot=0 marshal0=0
07-05 16:42:03:895[INFO]<mkdb.Checkpoint>-flush=0
07-05 16:42:03:895[INFO]<mkdb.Checkpoint>------------------ end -----------------
07-05 16:42:43:080[INFO]<Thread-5>-ServersId:
[1000000001/127.0.0.1:38384]

07-05 16:43:03:948[INFO]<mkdb.Checkpoint>----------------- begin ----------------
07-05 16:43:03:948[INFO]<mkdb.Checkpoint>-marshalN=1/0
07-05 16:43:03:949[INFO]<mkdb.Checkpoint>-snapshot=0 marshal0=0
07-05 16:43:03:949[INFO]<mkdb.Checkpoint>-flush=0
07-05 16:43:03:949[INFO]<mkdb.Checkpoint>------------------ end -----------------
07-05 16:43:43:080[INFO]<Thread-5>-ServersId:
[1000000001/127.0.0.1:38384]

07-05 16:44:04:002[INFO]<mkdb.Checkpoint>----------------- begin ----------------
07-05 16:44:04:002[INFO]<mkdb.Checkpoint>-marshalN=1/0
07-05 16:44:04:002[INFO]<mkdb.Checkpoint>-snapshot=0 marshal0=0
07-05 16:44:04:002[INFO]<mkdb.Checkpoint>-flush=0
07-05 16:44:04:002[INFO]<mkdb.Checkpoint>------------------ end -----------------
07-05 16:44:43:080[INFO]<Thread-5>-ServersId:
[1000000001/127.0.0.1:38384]

07-05 16:44:54:707[DEBUG]<mkio.Engine.2>-mkio.Protocol execute type=8058 class=gnet.AuGameKeepAlive this=(1783241094706,)
07-05 16:44:54:707[DEBUG]<mkio.Engine.2>-execute(1783241094706,)
07-05 16:44:54:707[DEBUG]<mkdb.Worker..116>-mkio.send type=8058 class=gnet.AuGameKeepAlive this=(1783241094706,)
07-05 16:45:04:057[INFO]<mkdb.Checkpoint>----------------- begin ----------------
07-05 16:45:04:057[INFO]<mkdb.Checkpoint>-marshalN=1/0
07-05 16:45:04:057[INFO]<mkdb.Checkpoint>-snapshot=0 marshal0=0
07-05 16:45:04:057[INFO]<mkdb.Checkpoint>-flush=0
07-05 16:45:04:057[INFO]<mkdb.Checkpoint>------------------ end -----------------
07-05 16:45:43:080[INFO]<Thread-5>-ServersId:
[1000000001/127.0.0.1:38384]

07-05 16:46:04:112[INFO]<mkdb.Checkpoint>----------------- begin ----------------
07-05 16:46:04:112[INFO]<mkdb.Checkpoint>-marshalN=1/0
07-05 16:46:04:113[INFO]<mkdb.Checkpoint>-snapshot=0 marshal0=0
07-05 16:46:04:113[INFO]<mkdb.Checkpoint>-flush=0
07-05 16:46:04:113[INFO]<mkdb.Checkpoint>------------------ end -----------------
07-05 16:46:43:080[INFO]<Thread-5>-ServersId:
[1000000001/127.0.0.1:38384]

07-05 16:47:04:164[INFO]<mkdb.Checkpoint>----------------- begin ----------------
07-05 16:47:04:164[INFO]<mkdb.Checkpoint>-marshalN=1/0
07-05 16:47:04:164[INFO]<mkdb.Checkpoint>-snapshot=0 marshal0=0
07-05 16:47:04:164[INFO]<mkdb.Checkpoint>-flush=0
07-05 16:47:04:164[INFO]<mkdb.Checkpoint>------------------ end -----------------
07-05 16:47:43:081[INFO]<Thread-5>-ServersId:
[1000000001/127.0.0.1:38384]

07-05 16:48:04:219[INFO]<mkdb.Checkpoint>----------------- begin ----------------
07-05 16:48:04:219[INFO]<mkdb.Checkpoint>-marshalN=1/0
07-05 16:48:04:219[INFO]<mkdb.Checkpoint>-snapshot=0 marshal0=0
07-05 16:48:04:219[INFO]<mkdb.Checkpoint>-flush=0
07-05 16:48:04:219[INFO]<mkdb.Checkpoint>------------------ end -----------------
07-05 16:48:43:081[INFO]<Thread-5>-ServersId:
[1000000001/127.0.0.1:38384]

07-05 16:49:04:272[INFO]<mkdb.Checkpoint>----------------- begin ----------------
07-05 16:49:04:273[INFO]<mkdb.Checkpoint>-marshalN=1/0
07-05 16:49:04:273[INFO]<mkdb.Checkpoint>-snapshot=0 marshal0=0
07-05 16:49:04:273[INFO]<mkdb.Checkpoint>-flush=0
07-05 16:49:04:273[INFO]<mkdb.Checkpoint>------------------ end -----------------
07-05 16:49:43:081[INFO]<Thread-5>-ServersId:
[1000000001/127.0.0.1:38384]

07-05 16:49:54:008[DEBUG]<mkio.Engine.2>-mkio.Protocol execute type=8058 class=gnet.AuGameKeepAlive this=(1783241394007,)
07-05 16:49:54:008[DEBUG]<mkio.Engine.2>-execute(1783241394007,)
07-05 16:49:54:008[DEBUG]<mkdb.Worker..119>-mkio.send type=8058 class=gnet.AuGameKeepAlive this=(1783241394007,)
07-05 16:50:04:327[INFO]<mkdb.Checkpoint>----------------- begin ----------------
07-05 16:50:04:327[INFO]<mkdb.Checkpoint>-marshalN=1/0
07-05 16:50:04:327[INFO]<mkdb.Checkpoint>-snapshot=0 marshal0=0
07-05 16:50:04:327[INFO]<mkdb.Checkpoint>-flush=0
07-05 16:50:04:327[INFO]<mkdb.Checkpoint>------------------ end -----------------
07-05 16:50:43:081[INFO]<Thread-5>-ServersId:
[1000000001/127.0.0.1:38384]

07-05 16:51:03:251[DEBUG]<mkio.Engine.2>-mkio.Rpc.request execute type=8903 class=openau.AuAnyLogin this=((B6,B6,B16,B12,1622939419,1,88,B32,B10,B0,B0,B0,), (0,-1,B0,B0,0,B0,))
07-05 16:51:03:251[DEBUG]<mkio.Engine.2>-execute((B6,B6,B16,B12,1622939419,1,88,B32,B10,B0,B0,B0,), (0,-1,B0,B0,0,B0,))
07-05 16:51:03:252[DEBUG]<mkdb.Worker..121>-LocojoyPlat.userLogin account=www123,
,session=www123loginipstr=27.23.188.96,loginip=1622939419,plattype=1,gameid=88,serverid=1000000001,selfchannel=,childchannel=,deviceid=
07-05 16:51:03:252[DEBUG]<mkdb.Worker..121>-LocojoyPlat.userLogin account=www123!Isn't the allow robot name(mt3robot)!Will do sdk http login!
07-05 16:51:03:252[DEBUG]<mkdb.Worker..121>-LocojoyPlat.userLogin start doHttpLogin serverid=1000000001,selfchannel=
07-05 16:51:03:252[DEBUG]<mkdb.Worker..121>-HttpIO.getRequest url = http://127.0.0.1:88/api/game/sdk?account=www123&password=www123&serverId=1000000001
07-05 16:51:03:368[DEBUG]<mkdb.Worker..121>-LocojoyPlat.userLogin finish doHttpLogin serverid=1000000001,selfchannel=
07-05 16:51:03:368[DEBUG]<mkdb.Worker..121>-LocojoyPlat.userLogin doHttpLogin={"Code":"1","Channel":"1","PlatformId":"1","Account":"www123","Message":"登录成功!","Session":"0e9c1ff8913be483760d6797a1d6f7228411d3edf47f1a3c6ebfe94b3b77af86","BindTicket":"","BindTicketExpire":0,"request_id":"e6eefac4106bd095"}
07-05 16:51:03:368[DEBUG]<mkdb.Worker..121>-LocojoyPlat.userLogin make account=1@@1@@www123
07-05 16:51:03:368[DEBUG]<mkdb.Worker..121>-LocojoyPlat.onUserLoginSucceed plat=ljpl,account=1@@1@@www123,userid=1
07-05 16:51:03:368[DEBUG]<mkdb.Worker..121>-mkio.send type=8903 class=openau.AuAnyLogin this=((B6,B6,B16,B12,1622939419,1,88,B32,B10,B0,B0,B0,), (0,1,B4,B12,0,B0,))
07-05 16:51:04:382[INFO]<mkdb.Checkpoint>----------------- begin ----------------
07-05 16:51:04:382[INFO]<mkdb.Checkpoint>-marshalN=1/0
07-05 16:51:04:382[INFO]<mkdb.Checkpoint>-snapshot=0 marshal0=0
07-05 16:51:04:382[INFO]<mkdb.Checkpoint>-flush=0
07-05 16:51:04:382[INFO]<mkdb.Checkpoint>------------------ end -----------------
07-05 16:51:06:315[DEBUG]<mkio.Engine.2>-mkio.Protocol execute type=8920 class=openau.DataBetweenAuAnyAndGS this=(1,9001,2,B24,0,)
07-05 16:51:06:316[DEBUG]<mkio.Engine.2>-execute(1,9001,2,B24,0,)
07-05 16:51:06:316[INFO]<mkdb.Worker.procedure.201>-PGetChargeRefundInfo.userid:1,username:1@@1@@www123,ousername:1@@1@@www123,config charge:null,chargeRe:null
07-05 16:51:06:316[INFO]<mkdb.Worker.procedure.201>-PGetChargeRefundInfo.user 1in server 1000000001cannot charge refund.
07-05 16:51:06:316[DEBUG]<mkdb.Worker.procedure.201>-mkio.send type=8920 class=openau.DataBetweenAuAnyAndGS this=(1,9002,1,B2,0,)
07-05 16:51:06:525[DEBUG]<mkio.Engine.2>-mkio.Protocol execute type=8920 class=openau.DataBetweenAuAnyAndGS this=(1,9001,2,B24,0,)
07-05 16:51:06:525[DEBUG]<mkio.Engine.2>-execute(1,9001,2,B24,0,)
07-05 16:51:06:526[INFO]<mkdb.Worker.procedure.202>-PGetChargeRefundInfo.userid:1,username:1@@1@@www123,ousername:1@@1@@www123,config charge:null,chargeRe:null
07-05 16:51:06:526[INFO]<mkdb.Worker.procedure.202>-PGetChargeRefundInfo.user 1in server 1000000001cannot charge refund.
07-05 16:51:06:526[DEBUG]<mkdb.Worker.procedure.202>-mkio.send type=8920 class=openau.DataBetweenAuAnyAndGS this=(1,9002,1,B2,0,)
07-05 16:51:43:081[INFO]<Thread-5>-ServersId:
[1000000001/127.0.0.1:38384]

07-05 16:52:03:746[DEBUG]<mkio.Engine.2>-mkio.Rpc.request execute type=8903 class=openau.AuAnyLogin this=((B6,B6,B16,B12,1622939419,1,88,B32,B10,B0,B0,B0,), (0,-1,B0,B0,0,B0,))
07-05 16:52:03:747[DEBUG]<mkio.Engine.2>-execute((B6,B6,B16,B12,1622939419,1,88,B32,B10,B0,B0,B0,), (0,-1,B0,B0,0,B0,))
07-05 16:52:03:747[DEBUG]<mkdb.Worker..132>-LocojoyPlat.userLogin account=www123,
,session=www123loginipstr=27.23.188.96,loginip=1622939419,plattype=1,gameid=88,serverid=1000000001,selfchannel=,childchannel=,deviceid=
07-05 16:52:03:747[DEBUG]<mkdb.Worker..132>-LocojoyPlat.userLogin account=www123!Isn't the allow robot name(mt3robot)!Will do sdk http login!
07-05 16:52:03:747[DEBUG]<mkdb.Worker..132>-LocojoyPlat.userLogin start doHttpLogin serverid=1000000001,selfchannel=
07-05 16:52:03:747[DEBUG]<mkdb.Worker..132>-HttpIO.getRequest url = http://127.0.0.1:88/api/game/sdk?account=www123&password=www123&serverId=1000000001
07-05 16:52:03:861[DEBUG]<mkdb.Worker..132>-LocojoyPlat.userLogin finish doHttpLogin serverid=1000000001,selfchannel=
07-05 16:52:03:861[DEBUG]<mkdb.Worker..132>-LocojoyPlat.userLogin doHttpLogin={"Code":"1","Channel":"1","PlatformId":"1","Account":"www123","Message":"登录成功!","Session":"2fc01a0d7547d2538b58dba78b53395d96b438feaed08581d6b2c0d30ea99fb2","BindTicket":"","BindTicketExpire":0,"request_id":"4259b82342893407"}
07-05 16:52:03:862[DEBUG]<mkdb.Worker..132>-LocojoyPlat.userLogin make account=1@@1@@www123
07-05 16:52:03:862[DEBUG]<mkdb.Worker..132>-LocojoyPlat.onUserLoginSucceed plat=ljpl,account=1@@1@@www123,userid=1
07-05 16:52:03:862[DEBUG]<mkdb.Worker..132>-mkio.send type=8903 class=openau.AuAnyLogin this=((B6,B6,B16,B12,1622939419,1,88,B32,B10,B0,B0,B0,), (0,1,B4,B12,0,B0,))
07-05 16:52:04:344[DEBUG]<mkio.Engine.2>-mkio.Protocol execute type=8920 class=openau.DataBetweenAuAnyAndGS this=(1,9001,2,B24,0,)
07-05 16:52:04:344[DEBUG]<mkio.Engine.2>-execute(1,9001,2,B24,0,)
07-05 16:52:04:345[INFO]<mkdb.Worker.procedure.204>-PGetChargeRefundInfo.userid:1,username:1@@1@@www123,ousername:1@@1@@www123,config charge:null,chargeRe:null
07-05 16:52:04:345[INFO]<mkdb.Worker.procedure.204>-PGetChargeRefundInfo.user 1in server 1000000001cannot charge refund.
07-05 16:52:04:345[DEBUG]<mkdb.Worker.procedure.204>-mkio.send type=8920 class=openau.DataBetweenAuAnyAndGS this=(1,9002,1,B2,0,)
07-05 16:52:04:368[DEBUG]<mkio.Engine.2>-mkio.Protocol execute type=8920 class=openau.DataBetweenAuAnyAndGS this=(1,9001,2,B24,0,)
07-05 16:52:04:368[DEBUG]<mkio.Engine.2>-execute(1,9001,2,B24,0,)
07-05 16:52:04:369[INFO]<mkdb.Worker.procedure.205>-PGetChargeRefundInfo.userid:1,username:1@@1@@www123,ousername:1@@1@@www123,config charge:null,chargeRe:null
07-05 16:52:04:369[INFO]<mkdb.Worker.procedure.205>-PGetChargeRefundInfo.user 1in server 1000000001cannot charge refund.
07-05 16:52:04:369[DEBUG]<mkdb.Worker.procedure.205>-mkio.send type=8920 class=openau.DataBetweenAuAnyAndGS this=(1,9002,1,B2,0,)
07-05 16:52:04:437[INFO]<mkdb.Checkpoint>----------------- begin ----------------
07-05 16:52:04:438[INFO]<mkdb.Checkpoint>-marshalN=1/0
07-05 16:52:04:438[INFO]<mkdb.Checkpoint>-snapshot=0 marshal0=0
07-05 16:52:04:438[INFO]<mkdb.Checkpoint>-flush=0
07-05 16:52:04:438[INFO]<mkdb.Checkpoint>------------------ end -----------------
07-05 16:52:43:082[INFO]<Thread-5>-ServersId:
[1000000001/127.0.0.1:38384]

07-05 16:52:48:344[DEBUG]<pool-2-thread-6>-HttpServerHandler url = / args = null
07-05 16:53:04:492[INFO]<mkdb.Checkpoint>----------------- begin ----------------
07-05 16:53:04:492[INFO]<mkdb.Checkpoint>-marshalN=1/0
07-05 16:53:04:493[INFO]<mkdb.Checkpoint>-snapshot=0 marshal0=0
07-05 16:53:04:493[INFO]<mkdb.Checkpoint>-flush=0
07-05 16:53:04:493[INFO]<mkdb.Checkpoint>------------------ end -----------------
07-05 16:53:43:082[INFO]<Thread-5>-ServersId:
[1000000001/127.0.0.1:38384]

07-05 16:54:04:544[INFO]<mkdb.Checkpoint>----------------- begin ----------------
07-05 16:54:04:544[INFO]<mkdb.Checkpoint>-marshalN=1/0
07-05 16:54:04:544[INFO]<mkdb.Checkpoint>-snapshot=0 marshal0=0
07-05 16:54:04:544[INFO]<mkdb.Checkpoint>-flush=0
07-05 16:54:04:544[INFO]<mkdb.Checkpoint>------------------ end -----------------
07-05 16:54:43:082[INFO]<Thread-5>-ServersId:
[1000000001/127.0.0.1:38384]

07-05 16:54:54:544[DEBUG]<mkio.Engine.2>-mkio.Protocol execute type=8058 class=gnet.AuGameKeepAlive this=(1783241694543,)
07-05 16:54:54:544[DEBUG]<mkio.Engine.2>-execute(1783241694543,)
07-05 16:54:54:544[DEBUG]<mkdb.Worker..142>-mkio.send type=8058 class=gnet.AuGameKeepAlive this=(1783241694543,)
07-05 16:55:04:600[INFO]<mkdb.Checkpoint>----------------- begin ----------------
07-05 16:55:04:600[INFO]<mkdb.Checkpoint>-marshalN=1/0
07-05 16:55:04:600[INFO]<mkdb.Checkpoint>-snapshot=0 marshal0=0
07-05 16:55:04:600[INFO]<mkdb.Checkpoint>-flush=0
07-05 16:55:04:600[INFO]<mkdb.Checkpoint>------------------ end -----------------
07-05 16:55:43:082[INFO]<Thread-5>-ServersId:
[1000000001/127.0.0.1:38384]

07-05 16:56:04:653[INFO]<mkdb.Checkpoint>----------------- begin ----------------
07-05 16:56:04:653[INFO]<mkdb.Checkpoint>-marshalN=1/0
07-05 16:56:04:653[INFO]<mkdb.Checkpoint>-snapshot=0 marshal0=0
07-05 16:56:04:653[INFO]<mkdb.Checkpoint>-flush=0
07-05 16:56:04:653[INFO]<mkdb.Checkpoint>------------------ end -----------------
07-05 16:56:43:082[INFO]<Thread-5>-ServersId:
[1000000001/127.0.0.1:38384]

07-05 16:57:04:709[INFO]<mkdb.Checkpoint>----------------- begin ----------------
07-05 16:57:04:709[INFO]<mkdb.Checkpoint>-marshalN=1/0
07-05 16:57:04:709[INFO]<mkdb.Checkpoint>-snapshot=0 marshal0=0
07-05 16:57:04:709[INFO]<mkdb.Checkpoint>-flush=0
07-05 16:57:04:709[INFO]<mkdb.Checkpoint>------------------ end -----------------
07-05 16:57:43:082[INFO]<Thread-5>-ServersId:
[1000000001/127.0.0.1:38384]

07-05 16:58:04:763[INFO]<mkdb.Checkpoint>----------------- begin ----------------
07-05 16:58:04:763[INFO]<mkdb.Checkpoint>-marshalN=1/0
07-05 16:58:04:763[INFO]<mkdb.Checkpoint>-snapshot=0 marshal0=0
07-05 16:58:04:763[INFO]<mkdb.Checkpoint>-flush=0
07-05 16:58:04:763[INFO]<mkdb.Checkpoint>------------------ end -----------------
07-05 16:58:43:083[INFO]<Thread-5>-ServersId:
[1000000001/127.0.0.1:38384]

07-05 16:59:04:817[INFO]<mkdb.Checkpoint>----------------- begin ----------------
07-05 16:59:04:817[INFO]<mkdb.Checkpoint>-marshalN=1/0
07-05 16:59:04:817[INFO]<mkdb.Checkpoint>-snapshot=0 marshal0=0
07-05 16:59:04:817[INFO]<mkdb.Checkpoint>-flush=0
07-05 16:59:04:817[INFO]<mkdb.Checkpoint>------------------ end -----------------
07-05 16:59:43:083[INFO]<Thread-5>-ServersId:
[1000000001/127.0.0.1:38384]

07-05 16:59:54:837[DEBUG]<mkio.Engine.2>-mkio.Protocol execute type=8058 class=gnet.AuGameKeepAlive this=(1783241994836,)
07-05 16:59:54:837[DEBUG]<mkio.Engine.2>-execute(1783241994836,)
07-05 16:59:54:837[DEBUG]<mkdb.Worker..144>-mkio.send type=8058 class=gnet.AuGameKeepAlive this=(1783241994836,)
07-05 17:00:04:873[INFO]<mkdb.Checkpoint>----------------- begin ----------------
07-05 17:00:04:873[INFO]<mkdb.Checkpoint>-marshalN=1/0
07-05 17:00:04:873[INFO]<mkdb.Checkpoint>-snapshot=0 marshal0=0
07-05 17:00:04:874[INFO]<mkdb.Checkpoint>-flush=0
07-05 17:00:04:874[INFO]<mkdb.Checkpoint>------------------ end -----------------
07-05 17:00:43:083[INFO]<Thread-5>-ServersId:
[1000000001/127.0.0.1:38384]

07-05 17:01:04:937[INFO]<mkdb.Checkpoint>----------------- begin ----------------
07-05 17:01:04:937[INFO]<mkdb.Checkpoint>-marshalN=1/0
07-05 17:01:04:937[INFO]<mkdb.Checkpoint>-snapshot=0 marshal0=0
07-05 17:01:04:937[INFO]<mkdb.Checkpoint>-flush=0
07-05 17:01:04:937[INFO]<mkdb.Checkpoint>------------------ end -----------------
07-05 17:01:43:083[INFO]<Thread-5>-ServersId:
[1000000001/127.0.0.1:38384]

07-05 17:02:04:992[INFO]<mkdb.Checkpoint>----------------- begin ----------------
07-05 17:02:04:992[INFO]<mkdb.Checkpoint>-marshalN=1/0
07-05 17:02:04:992[INFO]<mkdb.Checkpoint>-snapshot=0 marshal0=0
07-05 17:02:04:992[INFO]<mkdb.Checkpoint>-flush=0
07-05 17:02:04:992[INFO]<mkdb.Checkpoint>------------------ end -----------------
07-05 17:02:43:083[INFO]<Thread-5>-ServersId:
[1000000001/127.0.0.1:38384]

07-05 17:03:05:044[INFO]<mkdb.Checkpoint>----------------- begin ----------------
07-05 17:03:05:044[INFO]<mkdb.Checkpoint>-marshalN=1/0
07-05 17:03:05:044[INFO]<mkdb.Checkpoint>-snapshot=0 marshal0=0
07-05 17:03:05:044[INFO]<mkdb.Checkpoint>-flush=0
07-05 17:03:05:044[INFO]<mkdb.Checkpoint>------------------ end -----------------
07-05 17:03:43:084[INFO]<Thread-5>-ServersId:
[1000000001/127.0.0.1:38384]

07-05 17:04:05:098[INFO]<mkdb.Checkpoint>----------------- begin ----------------
07-05 17:04:05:098[INFO]<mkdb.Checkpoint>-marshalN=1/0
07-05 17:04:05:098[INFO]<mkdb.Checkpoint>-snapshot=0 marshal0=0
07-05 17:04:05:098[INFO]<mkdb.Checkpoint>-flush=0
07-05 17:04:05:098[INFO]<mkdb.Checkpoint>------------------ end -----------------
07-05 17:04:43:084[INFO]<Thread-5>-ServersId:
[1000000001/127.0.0.1:38384]

07-05 17:04:54:133[DEBUG]<mkio.Engine.2>-mkio.Protocol execute type=8058 class=gnet.AuGameKeepAlive this=(1783242294133,)
07-05 17:04:54:133[DEBUG]<mkio.Engine.2>-execute(1783242294133,)
07-05 17:04:54:134[DEBUG]<mkdb.Worker..146>-mkio.send type=8058 class=gnet.AuGameKeepAlive this=(1783242294133,)
07-05 17:05:05:157[INFO]<mkdb.Checkpoint>----------------- begin ----------------
07-05 17:05:05:157[INFO]<mkdb.Checkpoint>-marshalN=1/0
07-05 17:05:05:157[INFO]<mkdb.Checkpoint>-snapshot=0 marshal0=0
07-05 17:05:05:157[INFO]<mkdb.Checkpoint>-flush=0
07-05 17:05:05:157[INFO]<mkdb.Checkpoint>------------------ end -----------------
07-05 17:05:43:084[INFO]<Thread-5>-ServersId:
[1000000001/127.0.0.1:38384]

07-05 17:06:05:212[INFO]<mkdb.Checkpoint>----------------- begin ----------------
07-05 17:06:05:212[INFO]<mkdb.Checkpoint>-marshalN=1/0
07-05 17:06:05:212[INFO]<mkdb.Checkpoint>-snapshot=0 marshal0=0
07-05 17:06:05:212[INFO]<mkdb.Checkpoint>-flush=0
07-05 17:06:05:213[INFO]<mkdb.Checkpoint>------------------ end -----------------
07-05 17:06:43:084[INFO]<Thread-5>-ServersId:
[1000000001/127.0.0.1:38384]

07-05 17:07:05:267[INFO]<mkdb.Checkpoint>----------------- begin ----------------
07-05 17:07:05:267[INFO]<mkdb.Checkpoint>-marshalN=1/0
07-05 17:07:05:267[INFO]<mkdb.Checkpoint>-snapshot=0 marshal0=0
07-05 17:07:05:267[INFO]<mkdb.Checkpoint>-flush=0
07-05 17:07:05:267[INFO]<mkdb.Checkpoint>------------------ end -----------------
07-05 17:07:43:084[INFO]<Thread-5>-ServersId:
[1000000001/127.0.0.1:38384]

07-05 17:08:05:318[INFO]<mkdb.Checkpoint>----------------- begin ----------------
07-05 17:08:05:318[INFO]<mkdb.Checkpoint>-marshalN=1/0
07-05 17:08:05:318[INFO]<mkdb.Checkpoint>-snapshot=0 marshal0=0
07-05 17:08:05:318[INFO]<mkdb.Checkpoint>-flush=0
07-05 17:08:05:318[INFO]<mkdb.Checkpoint>------------------ end -----------------
07-05 17:08:43:085[INFO]<Thread-5>-ServersId:
[1000000001/127.0.0.1:38384]

07-05 17:09:05:373[INFO]<mkdb.Checkpoint>----------------- begin ----------------
07-05 17:09:05:373[INFO]<mkdb.Checkpoint>-marshalN=1/0
07-05 17:09:05:373[INFO]<mkdb.Checkpoint>-snapshot=0 marshal0=0
07-05 17:09:05:373[INFO]<mkdb.Checkpoint>-flush=0
07-05 17:09:05:373[INFO]<mkdb.Checkpoint>------------------ end -----------------
07-05 17:09:43:085[INFO]<Thread-5>-ServersId:
[1000000001/127.0.0.1:38384]

07-05 17:09:54:419[DEBUG]<mkio.Engine.2>-mkio.Protocol execute type=8058 class=gnet.AuGameKeepAlive this=(1783242594419,)
07-05 17:09:54:419[DEBUG]<mkio.Engine.2>-execute(1783242594419,)
07-05 17:09:54:419[DEBUG]<mkdb.Worker..148>-mkio.send type=8058 class=gnet.AuGameKeepAlive this=(1783242594419,)
07-05 17:10:05:430[INFO]<mkdb.Checkpoint>----------------- begin ----------------
07-05 17:10:05:430[INFO]<mkdb.Checkpoint>-marshalN=1/0
07-05 17:10:05:430[INFO]<mkdb.Checkpoint>-snapshot=0 marshal0=0
07-05 17:10:05:430[INFO]<mkdb.Checkpoint>-flush=0
07-05 17:10:05:430[INFO]<mkdb.Checkpoint>------------------ end -----------------
07-05 17:10:43:085[INFO]<Thread-5>-ServersId:
[1000000001/127.0.0.1:38384]

07-05 17:11:05:485[INFO]<mkdb.Checkpoint>----------------- begin ----------------
07-05 17:11:05:485[INFO]<mkdb.Checkpoint>-marshalN=1/0
07-05 17:11:05:485[INFO]<mkdb.Checkpoint>-snapshot=0 marshal0=0
07-05 17:11:05:485[INFO]<mkdb.Checkpoint>-flush=0
07-05 17:11:05:485[INFO]<mkdb.Checkpoint>------------------ end -----------------
07-05 17:11:43:085[INFO]<Thread-5>-ServersId:
[1000000001/127.0.0.1:38384]

07-05 17:12:05:540[INFO]<mkdb.Checkpoint>----------------- begin ----------------
07-05 17:12:05:540[INFO]<mkdb.Checkpoint>-marshalN=1/0
07-05 17:12:05:540[INFO]<mkdb.Checkpoint>-snapshot=0 marshal0=0
07-05 17:12:05:540[INFO]<mkdb.Checkpoint>-flush=0
07-05 17:12:05:540[INFO]<mkdb.Checkpoint>------------------ end -----------------
07-05 17:12:43:085[INFO]<Thread-5>-ServersId:
[1000000001/127.0.0.1:38384]

07-05 17:12:53:745[DEBUG]<pool-2-thread-7>-HttpServerHandler url = / args = null
07-05 17:13:05:594[INFO]<mkdb.Checkpoint>----------------- begin ----------------
07-05 17:13:05:594[INFO]<mkdb.Checkpoint>-marshalN=1/0
07-05 17:13:05:594[INFO]<mkdb.Checkpoint>-snapshot=0 marshal0=0
07-05 17:13:05:594[INFO]<mkdb.Checkpoint>-flush=0
07-05 17:13:05:594[INFO]<mkdb.Checkpoint>------------------ end -----------------
07-05 17:13:43:085[INFO]<Thread-5>-ServersId:
[1000000001/127.0.0.1:38384]

07-05 17:14:05:649[INFO]<mkdb.Checkpoint>----------------- begin ----------------
07-05 17:14:05:649[INFO]<mkdb.Checkpoint>-marshalN=1/0
07-05 17:14:05:649[INFO]<mkdb.Checkpoint>-snapshot=0 marshal0=0
07-05 17:14:05:649[INFO]<mkdb.Checkpoint>-flush=0
07-05 17:14:05:649[INFO]<mkdb.Checkpoint>------------------ end -----------------
07-05 17:14:43:086[INFO]<Thread-5>-ServersId:
[1000000001/127.0.0.1:38384]

07-05 17:14:54:695[DEBUG]<mkio.Engine.2>-mkio.Protocol execute type=8058 class=gnet.AuGameKeepAlive this=(1783242894695,)
07-05 17:14:54:695[DEBUG]<mkio.Engine.2>-execute(1783242894695,)
07-05 17:14:54:695[DEBUG]<mkdb.Worker..150>-mkio.send type=8058 class=gnet.AuGameKeepAlive this=(1783242894695,)
07-05 17:15:05:704[INFO]<mkdb.Checkpoint>----------------- begin ----------------
07-05 17:15:05:704[INFO]<mkdb.Checkpoint>-marshalN=1/0
07-05 17:15:05:704[INFO]<mkdb.Checkpoint>-snapshot=0 marshal0=0
07-05 17:15:05:704[INFO]<mkdb.Checkpoint>-flush=0
07-05 17:15:05:704[INFO]<mkdb.Checkpoint>------------------ end -----------------
07-05 17:15:12:511[DEBUG]<pool-2-thread-8>-HttpServerHandler url = /favicon.ico args = null
07-05 17:15:43:086[INFO]<Thread-5>-ServersId:
[1000000001/127.0.0.1:38384]

07-05 17:16:05:760[INFO]<mkdb.Checkpoint>----------------- begin ----------------
07-05 17:16:05:761[INFO]<mkdb.Checkpoint>-marshalN=1/0
07-05 17:16:05:761[INFO]<mkdb.Checkpoint>-snapshot=0 marshal0=0
07-05 17:16:05:761[INFO]<mkdb.Checkpoint>-flush=0
07-05 17:16:05:761[INFO]<mkdb.Checkpoint>------------------ end -----------------
07-05 17:16:43:086[INFO]<Thread-5>-ServersId:
[1000000001/127.0.0.1:38384]

07-05 17:17:05:811[INFO]<mkdb.Checkpoint>----------------- begin ----------------
07-05 17:17:05:811[INFO]<mkdb.Checkpoint>-marshalN=1/0
07-05 17:17:05:811[INFO]<mkdb.Checkpoint>-snapshot=0 marshal0=0
07-05 17:17:05:811[INFO]<mkdb.Checkpoint>-flush=0
07-05 17:17:05:811[INFO]<mkdb.Checkpoint>------------------ end -----------------
07-05 17:17:43:086[INFO]<Thread-5>-ServersId:
[1000000001/127.0.0.1:38384]

07-05 17:18:05:866[INFO]<mkdb.Checkpoint>----------------- begin ----------------
07-05 17:18:05:866[INFO]<mkdb.Checkpoint>-marshalN=1/0
07-05 17:18:05:866[INFO]<mkdb.Checkpoint>-snapshot=0 marshal0=0
07-05 17:18:05:866[INFO]<mkdb.Checkpoint>-flush=0
07-05 17:18:05:866[INFO]<mkdb.Checkpoint>------------------ end -----------------
07-05 17:18:43:086[INFO]<Thread-5>-ServersId:
[1000000001/127.0.0.1:38384]

07-05 17:19:05:919[INFO]<mkdb.Checkpoint>----------------- begin ----------------
07-05 17:19:05:919[INFO]<mkdb.Checkpoint>-marshalN=1/0
07-05 17:19:05:919[INFO]<mkdb.Checkpoint>-snapshot=0 marshal0=0
07-05 17:19:05:920[INFO]<mkdb.Checkpoint>-flush=0
07-05 17:19:05:920[INFO]<mkdb.Checkpoint>------------------ end -----------------
07-05 17:19:43:087[INFO]<Thread-5>-ServersId:
[1000000001/127.0.0.1:38384]

07-05 17:19:54:178[DEBUG]<mkio.Engine.2>-mkio.Protocol execute type=8058 class=gnet.AuGameKeepAlive this=(1783243194177,)
07-05 17:19:54:178[DEBUG]<mkio.Engine.2>-execute(1783243194177,)
07-05 17:19:54:178[DEBUG]<mkdb.Worker..152>-mkio.send type=8058 class=gnet.AuGameKeepAlive this=(1783243194177,)
07-05 17:20:05:975[INFO]<mkdb.Checkpoint>----------------- begin ----------------
07-05 17:20:05:975[INFO]<mkdb.Checkpoint>-marshalN=1/0
07-05 17:20:05:975[INFO]<mkdb.Checkpoint>-snapshot=0 marshal0=0
07-05 17:20:05:975[INFO]<mkdb.Checkpoint>-flush=0
07-05 17:20:05:975[INFO]<mkdb.Checkpoint>------------------ end -----------------
07-05 17:20:43:087[INFO]<Thread-5>-ServersId:
[1000000001/127.0.0.1:38384]

07-05 17:21:06:029[INFO]<mkdb.Checkpoint>----------------- begin ----------------
07-05 17:21:06:029[INFO]<mkdb.Checkpoint>-marshalN=1/0
07-05 17:21:06:029[INFO]<mkdb.Checkpoint>-snapshot=0 marshal0=0
07-05 17:21:06:029[INFO]<mkdb.Checkpoint>-flush=0
07-05 17:21:06:029[INFO]<mkdb.Checkpoint>------------------ end -----------------
07-05 17:21:43:087[INFO]<Thread-5>-ServersId:
[1000000001/127.0.0.1:38384]

07-05 17:22:06:083[INFO]<mkdb.Checkpoint>----------------- begin ----------------
07-05 17:22:06:083[INFO]<mkdb.Checkpoint>-marshalN=1/0
07-05 17:22:06:083[INFO]<mkdb.Checkpoint>-snapshot=0 marshal0=0
07-05 17:22:06:083[INFO]<mkdb.Checkpoint>-flush=0
07-05 17:22:06:083[INFO]<mkdb.Checkpoint>------------------ end -----------------
07-05 17:22:43:087[INFO]<Thread-5>-ServersId:
[1000000001/127.0.0.1:38384]

07-05 17:23:06:138[INFO]<mkdb.Checkpoint>----------------- begin ----------------
07-05 17:23:06:138[INFO]<mkdb.Checkpoint>-marshalN=1/0
07-05 17:23:06:138[INFO]<mkdb.Checkpoint>-snapshot=0 marshal0=0
07-05 17:23:06:138[INFO]<mkdb.Checkpoint>-flush=0
07-05 17:23:06:138[INFO]<mkdb.Checkpoint>------------------ end -----------------
07-05 17:23:43:087[INFO]<Thread-5>-ServersId:
[1000000001/127.0.0.1:38384]

07-05 17:24:06:192[INFO]<mkdb.Checkpoint>----------------- begin ----------------
07-05 17:24:06:192[INFO]<mkdb.Checkpoint>-marshalN=1/0
07-05 17:24:06:193[INFO]<mkdb.Checkpoint>-snapshot=0 marshal0=0
07-05 17:24:06:193[INFO]<mkdb.Checkpoint>-flush=0
07-05 17:24:06:193[INFO]<mkdb.Checkpoint>------------------ end -----------------
07-05 17:24:43:088[INFO]<Thread-5>-ServersId:
[1000000001/127.0.0.1:38384]

07-05 17:24:54:488[DEBUG]<mkio.Engine.2>-mkio.Protocol execute type=8058 class=gnet.AuGameKeepAlive this=(1783243494488,)
07-05 17:24:54:488[DEBUG]<mkio.Engine.2>-execute(1783243494488,)
07-05 17:24:54:488[DEBUG]<mkdb.Worker..154>-mkio.send type=8058 class=gnet.AuGameKeepAlive this=(1783243494488,)
07-05 17:25:06:247[INFO]<mkdb.Checkpoint>----------------- begin ----------------
07-05 17:25:06:247[INFO]<mkdb.Checkpoint>-marshalN=1/0
07-05 17:25:06:247[INFO]<mkdb.Checkpoint>-snapshot=0 marshal0=0
07-05 17:25:06:247[INFO]<mkdb.Checkpoint>-flush=0
07-05 17:25:06:247[INFO]<mkdb.Checkpoint>------------------ end -----------------
07-05 17:25:43:088[INFO]<Thread-5>-ServersId:
[1000000001/127.0.0.1:38384]

07-05 17:26:06:299[INFO]<mkdb.Checkpoint>----------------- begin ----------------
07-05 17:26:06:299[INFO]<mkdb.Checkpoint>-marshalN=1/0
07-05 17:26:06:299[INFO]<mkdb.Checkpoint>-snapshot=0 marshal0=0
07-05 17:26:06:299[INFO]<mkdb.Checkpoint>-flush=0
07-05 17:26:06:299[INFO]<mkdb.Checkpoint>------------------ end -----------------
07-05 17:26:43:088[INFO]<Thread-5>-ServersId:
[1000000001/127.0.0.1:38384]

07-05 17:27:06:351[INFO]<mkdb.Checkpoint>----------------- begin ----------------
07-05 17:27:06:352[INFO]<mkdb.Checkpoint>-marshalN=1/0
07-05 17:27:06:352[INFO]<mkdb.Checkpoint>-snapshot=0 marshal0=0
07-05 17:27:06:352[INFO]<mkdb.Checkpoint>-flush=0
07-05 17:27:06:352[INFO]<mkdb.Checkpoint>------------------ end -----------------
07-05 17:27:35:958[DEBUG]<mkio.Engine.2>-mkio.Rpc.request execute type=8903 class=openau.AuAnyLogin this=((B6,B6,B16,B12,1622939419,1,88,B32,B10,B0,B0,B0,), (0,-1,B0,B0,0,B0,))
07-05 17:27:35:958[DEBUG]<mkio.Engine.2>-execute((B6,B6,B16,B12,1622939419,1,88,B32,B10,B0,B0,B0,), (0,-1,B0,B0,0,B0,))
07-05 17:27:35:958[DEBUG]<mkdb.Worker..155>-LocojoyPlat.userLogin account=www123,
,session=www123loginipstr=27.23.188.96,loginip=1622939419,plattype=1,gameid=88,serverid=1000000001,selfchannel=,childchannel=,deviceid=
07-05 17:27:35:958[DEBUG]<mkdb.Worker..155>-LocojoyPlat.userLogin account=www123!Isn't the allow robot name(mt3robot)!Will do sdk http login!
07-05 17:27:35:958[DEBUG]<mkdb.Worker..155>-LocojoyPlat.userLogin start doHttpLogin serverid=1000000001,selfchannel=
07-05 17:27:35:958[DEBUG]<mkdb.Worker..155>-HttpIO.getRequest url = http://127.0.0.1:88/api/game/sdk?account=www123&password=www123&serverId=1000000001
07-05 17:27:36:070[DEBUG]<mkdb.Worker..155>-LocojoyPlat.userLogin finish doHttpLogin serverid=1000000001,selfchannel=
07-05 17:27:36:070[DEBUG]<mkdb.Worker..155>-LocojoyPlat.userLogin doHttpLogin={"Code":"1","Channel":"1","PlatformId":"1","Account":"www123","Message":"登录成功!","Session":"86024d6b2f6dbe25f87a5b535a6650c6524e6b0f5c4c1764aa47f0f5ca1c4b43","BindTicket":"","BindTicketExpire":0,"request_id":"a13cbf8004775e08"}
07-05 17:27:36:070[DEBUG]<mkdb.Worker..155>-LocojoyPlat.userLogin make account=1@@1@@www123
07-05 17:27:36:070[DEBUG]<mkdb.Worker..155>-LocojoyPlat.onUserLoginSucceed plat=ljpl,account=1@@1@@www123,userid=1
07-05 17:27:36:070[DEBUG]<mkdb.Worker..155>-mkio.send type=8903 class=openau.AuAnyLogin this=((B6,B6,B16,B12,1622939419,1,88,B32,B10,B0,B0,B0,), (0,1,B4,B12,0,B0,))
07-05 17:27:39:908[DEBUG]<mkio.Engine.2>-mkio.Protocol execute type=8920 class=openau.DataBetweenAuAnyAndGS this=(1,9001,2,B24,0,)
07-05 17:27:39:908[DEBUG]<mkio.Engine.2>-execute(1,9001,2,B24,0,)
07-05 17:27:39:908[INFO]<mkdb.Worker.procedure.217>-PGetChargeRefundInfo.userid:1,username:1@@1@@www123,ousername:1@@1@@www123,config charge:null,chargeRe:null
07-05 17:27:39:908[INFO]<mkdb.Worker.procedure.217>-PGetChargeRefundInfo.user 1in server 1000000001cannot charge refund.
07-05 17:27:39:909[DEBUG]<mkdb.Worker.procedure.217>-mkio.send type=8920 class=openau.DataBetweenAuAnyAndGS this=(1,9002,1,B2,0,)
07-05 17:27:40:119[DEBUG]<mkio.Engine.2>-mkio.Protocol execute type=8920 class=openau.DataBetweenAuAnyAndGS this=(1,9001,2,B24,0,)
07-05 17:27:40:119[DEBUG]<mkio.Engine.2>-execute(1,9001,2,B24,0,)
07-05 17:27:40:119[INFO]<mkdb.Worker.procedure.218>-PGetChargeRefundInfo.userid:1,username:1@@1@@www123,ousername:1@@1@@www123,config charge:null,chargeRe:null
07-05 17:27:40:119[INFO]<mkdb.Worker.procedure.218>-PGetChargeRefundInfo.user 1in server 1000000001cannot charge refund.
07-05 17:27:40:119[DEBUG]<mkdb.Worker.procedure.218>-mkio.send type=8920 class=openau.DataBetweenAuAnyAndGS this=(1,9002,1,B2,0,)
07-05 17:27:43:089[INFO]<Thread-5>-ServersId:
[1000000001/127.0.0.1:38384]

07-05 17:27:47:592[DEBUG]<mkio.Engine.2>-mkio.Rpc.request execute type=8903 class=openau.AuAnyLogin this=((B6,B6,B16,B12,1622939419,1,88,B32,B10,B0,B0,B0,), (0,-1,B0,B0,0,B0,))
07-05 17:27:47:592[DEBUG]<mkio.Engine.2>-execute((B6,B6,B16,B12,1622939419,1,88,B32,B10,B0,B0,B0,), (0,-1,B0,B0,0,B0,))
07-05 17:27:47:592[DEBUG]<mkdb.Worker..38>-LocojoyPlat.userLogin account=www123,
,session=www123loginipstr=27.23.188.96,loginip=1622939419,plattype=1,gameid=88,serverid=1000000001,selfchannel=,childchannel=,deviceid=
07-05 17:27:47:592[DEBUG]<mkdb.Worker..38>-LocojoyPlat.userLogin account=www123!Isn't the allow robot name(mt3robot)!Will do sdk http login!
07-05 17:27:47:592[DEBUG]<mkdb.Worker..38>-LocojoyPlat.userLogin start doHttpLogin serverid=1000000001,selfchannel=
07-05 17:27:47:592[DEBUG]<mkdb.Worker..38>-HttpIO.getRequest url = http://127.0.0.1:88/api/game/sdk?account=www123&password=www123&serverId=1000000001
07-05 17:27:47:702[DEBUG]<mkdb.Worker..38>-LocojoyPlat.userLogin finish doHttpLogin serverid=1000000001,selfchannel=
07-05 17:27:47:702[DEBUG]<mkdb.Worker..38>-LocojoyPlat.userLogin doHttpLogin={"Code":"1","Channel":"1","PlatformId":"1","Account":"www123","Message":"登录成功!","Session":"dc13a9f9a5a463011fd7062e7c280df108042dd6631ecbb7106327b4f0e56b5b","BindTicket":"","BindTicketExpire":0,"request_id":"9fb44b29b32593f3"}
07-05 17:27:47:702[DEBUG]<mkdb.Worker..38>-LocojoyPlat.userLogin make account=1@@1@@www123
07-05 17:27:47:702[DEBUG]<mkdb.Worker..38>-LocojoyPlat.onUserLoginSucceed plat=ljpl,account=1@@1@@www123,userid=1
07-05 17:27:47:703[DEBUG]<mkdb.Worker..38>-mkio.send type=8903 class=openau.AuAnyLogin this=((B6,B6,B16,B12,1622939419,1,88,B32,B10,B0,B0,B0,), (0,1,B4,B12,0,B0,))
07-05 17:27:48:220[DEBUG]<mkio.Engine.2>-mkio.Protocol execute type=8920 class=openau.DataBetweenAuAnyAndGS this=(1,9001,2,B24,0,)
07-05 17:27:48:220[DEBUG]<mkio.Engine.2>-execute(1,9001,2,B24,0,)
07-05 17:27:48:220[INFO]<mkdb.Worker.procedure.220>-PGetChargeRefundInfo.userid:1,username:1@@1@@www123,ousername:1@@1@@www123,config charge:null,chargeRe:null
07-05 17:27:48:220[INFO]<mkdb.Worker.procedure.220>-PGetChargeRefundInfo.user 1in server 1000000001cannot charge refund.
07-05 17:27:48:220[DEBUG]<mkdb.Worker.procedure.220>-mkio.send type=8920 class=openau.DataBetweenAuAnyAndGS this=(1,9002,1,B2,0,)
07-05 17:27:48:249[DEBUG]<mkio.Engine.2>-mkio.Protocol execute type=8920 class=openau.DataBetweenAuAnyAndGS this=(1,9001,2,B24,0,)
07-05 17:27:48:249[DEBUG]<mkio.Engine.2>-execute(1,9001,2,B24,0,)
07-05 17:27:48:249[INFO]<mkdb.Worker.procedure.221>-PGetChargeRefundInfo.userid:1,username:1@@1@@www123,ousername:1@@1@@www123,config charge:null,chargeRe:null
07-05 17:27:48:249[INFO]<mkdb.Worker.procedure.221>-PGetChargeRefundInfo.user 1in server 1000000001cannot charge refund.
07-05 17:27:48:249[DEBUG]<mkdb.Worker.procedure.221>-mkio.send type=8920 class=openau.DataBetweenAuAnyAndGS this=(1,9002,1,B2,0,)
07-05 17:27:51:458[DEBUG]<mkio.Engine.2>-mkio.Rpc.request execute type=8903 class=openau.AuAnyLogin this=((B6,B6,B16,B12,1622939419,1,88,B32,B10,B0,B0,B0,), (0,-1,B0,B0,0,B0,))
07-05 17:27:51:458[DEBUG]<mkio.Engine.2>-execute((B6,B6,B16,B12,1622939419,1,88,B32,B10,B0,B0,B0,), (0,-1,B0,B0,0,B0,))
07-05 17:27:51:458[DEBUG]<mkdb.Worker..47>-LocojoyPlat.userLogin account=www123,
,session=www123loginipstr=27.23.188.96,loginip=1622939419,plattype=1,gameid=88,serverid=1000000001,selfchannel=,childchannel=,deviceid=
07-05 17:27:51:458[DEBUG]<mkdb.Worker..47>-LocojoyPlat.userLogin account=www123!Isn't the allow robot name(mt3robot)!Will do sdk http login!
07-05 17:27:51:458[DEBUG]<mkdb.Worker..47>-LocojoyPlat.userLogin start doHttpLogin serverid=1000000001,selfchannel=
07-05 17:27:51:458[DEBUG]<mkdb.Worker..47>-HttpIO.getRequest url = http://127.0.0.1:88/api/game/sdk?account=www123&password=www123&serverId=1000000001
07-05 17:27:51:599[DEBUG]<mkdb.Worker..47>-LocojoyPlat.userLogin finish doHttpLogin serverid=1000000001,selfchannel=
07-05 17:27:51:600[DEBUG]<mkdb.Worker..47>-LocojoyPlat.userLogin doHttpLogin={"Code":"1","Channel":"1","PlatformId":"1","Account":"www123","Message":"登录成功!","Session":"ed961d6548d33bee1ef1838ed99d3775bb7693e084e75232960e45efb5537d94","BindTicket":"","BindTicketExpire":0,"request_id":"c1816880b4af87c3"}
07-05 17:27:51:600[DEBUG]<mkdb.Worker..47>-LocojoyPlat.userLogin make account=1@@1@@www123
07-05 17:27:51:600[DEBUG]<mkdb.Worker..47>-LocojoyPlat.onUserLoginSucceed plat=ljpl,account=1@@1@@www123,userid=1
07-05 17:27:51:600[DEBUG]<mkdb.Worker..47>-mkio.send type=8903 class=openau.AuAnyLogin this=((B6,B6,B16,B12,1622939419,1,88,B32,B10,B0,B0,B0,), (0,1,B4,B12,0,B0,))
07-05 17:27:52:331[DEBUG]<mkio.Engine.2>-mkio.Protocol execute type=8920 class=openau.DataBetweenAuAnyAndGS this=(1,9001,2,B24,0,)
07-05 17:27:52:331[DEBUG]<mkio.Engine.2>-execute(1,9001,2,B24,0,)
07-05 17:27:52:331[INFO]<mkdb.Worker.procedure.39>-PGetChargeRefundInfo.userid:1,username:1@@1@@www123,ousername:1@@1@@www123,config charge:null,chargeRe:null
07-05 17:27:52:331[INFO]<mkdb.Worker.procedure.39>-PGetChargeRefundInfo.user 1in server 1000000001cannot charge refund.
07-05 17:27:52:331[DEBUG]<mkdb.Worker.procedure.39>-mkio.send type=8920 class=openau.DataBetweenAuAnyAndGS this=(1,9002,1,B2,0,)
07-05 17:27:52:358[DEBUG]<mkio.Engine.2>-mkio.Protocol execute type=8920 class=openau.DataBetweenAuAnyAndGS this=(1,9001,2,B24,0,)
07-05 17:27:52:358[DEBUG]<mkio.Engine.2>-execute(1,9001,2,B24,0,)
07-05 17:27:52:359[INFO]<mkdb.Worker.procedure.42>-PGetChargeRefundInfo.userid:1,username:1@@1@@www123,ousername:1@@1@@www123,config charge:null,chargeRe:null
07-05 17:27:52:359[INFO]<mkdb.Worker.procedure.42>-PGetChargeRefundInfo.user 1in server 1000000001cannot charge refund.
07-05 17:27:52:359[DEBUG]<mkdb.Worker.procedure.42>-mkio.send type=8920 class=openau.DataBetweenAuAnyAndGS this=(1,9002,1,B2,0,)
07-05 17:27:55:900[DEBUG]<mkio.Engine.2>-mkio.Rpc.request execute type=8903 class=openau.AuAnyLogin this=((B6,B6,B16,B12,1622939419,1,88,B32,B10,B0,B0,B0,), (0,-1,B0,B0,0,B0,))
07-05 17:27:55:900[DEBUG]<mkio.Engine.2>-execute((B6,B6,B16,B12,1622939419,1,88,B32,B10,B0,B0,B0,), (0,-1,B0,B0,0,B0,))
07-05 17:27:55:900[DEBUG]<mkdb.Worker..57>-LocojoyPlat.userLogin account=www123,
,session=www123loginipstr=27.23.188.96,loginip=1622939419,plattype=1,gameid=88,serverid=1000000001,selfchannel=,childchannel=,deviceid=
07-05 17:27:55:900[DEBUG]<mkdb.Worker..57>-LocojoyPlat.userLogin account=www123!Isn't the allow robot name(mt3robot)!Will do sdk http login!
07-05 17:27:55:900[DEBUG]<mkdb.Worker..57>-LocojoyPlat.userLogin start doHttpLogin serverid=1000000001,selfchannel=
07-05 17:27:55:900[DEBUG]<mkdb.Worker..57>-HttpIO.getRequest url = http://127.0.0.1:88/api/game/sdk?account=www123&password=www123&serverId=1000000001
07-05 17:27:56:012[DEBUG]<mkdb.Worker..57>-LocojoyPlat.userLogin finish doHttpLogin serverid=1000000001,selfchannel=
07-05 17:27:56:012[DEBUG]<mkdb.Worker..57>-LocojoyPlat.userLogin doHttpLogin={"Code":"1","Channel":"1","PlatformId":"1","Account":"www123","Message":"登录成功!","Session":"ece3d595f42c35efaa20a1b5a13974ff90aed23374e434eeadf3b9c73e7d0bbd","BindTicket":"","BindTicketExpire":0,"request_id":"f33e38168ab9d946"}
07-05 17:27:56:012[DEBUG]<mkdb.Worker..57>-LocojoyPlat.userLogin make account=1@@1@@www123
07-05 17:27:56:013[DEBUG]<mkdb.Worker..57>-LocojoyPlat.onUserLoginSucceed plat=ljpl,account=1@@1@@www123,userid=1
07-05 17:27:56:013[DEBUG]<mkdb.Worker..57>-mkio.send type=8903 class=openau.AuAnyLogin this=((B6,B6,B16,B12,1622939419,1,88,B32,B10,B0,B0,B0,), (0,1,B4,B12,0,B0,))
07-05 17:27:56:522[DEBUG]<mkio.Engine.2>-mkio.Protocol execute type=8920 class=openau.DataBetweenAuAnyAndGS this=(1,9001,2,B24,0,)
07-05 17:27:56:522[DEBUG]<mkio.Engine.2>-execute(1,9001,2,B24,0,)
07-05 17:27:56:522[INFO]<mkdb.Worker.procedure.83>-PGetChargeRefundInfo.userid:1,username:1@@1@@www123,ousername:1@@1@@www123,config charge:null,chargeRe:null
07-05 17:27:56:522[INFO]<mkdb.Worker.procedure.83>-PGetChargeRefundInfo.user 1in server 1000000001cannot charge refund.
07-05 17:27:56:522[DEBUG]<mkdb.Worker.procedure.83>-mkio.send type=8920 class=openau.DataBetweenAuAnyAndGS this=(1,9002,1,B2,0,)
07-05 17:27:56:526[DEBUG]<mkio.Engine.2>-mkio.Protocol execute type=8920 class=openau.DataBetweenAuAnyAndGS this=(1,9001,2,B24,0,)
07-05 17:27:56:526[DEBUG]<mkio.Engine.2>-execute(1,9001,2,B24,0,)
07-05 17:27:56:526[INFO]<mkdb.Worker.procedure.86>-PGetChargeRefundInfo.userid:1,username:1@@1@@www123,ousername:1@@1@@www123,config charge:null,chargeRe:null
07-05 17:27:56:526[INFO]<mkdb.Worker.procedure.86>-PGetChargeRefundInfo.user 1in server 1000000001cannot charge refund.
07-05 17:27:56:526[DEBUG]<mkdb.Worker.procedure.86>-mkio.send type=8920 class=openau.DataBetweenAuAnyAndGS this=(1,9002,1,B2,0,)
07-05 17:28:06:406[INFO]<mkdb.Checkpoint>----------------- begin ----------------
07-05 17:28:06:406[INFO]<mkdb.Checkpoint>-marshalN=1/0
07-05 17:28:06:406[INFO]<mkdb.Checkpoint>-snapshot=0 marshal0=0
07-05 17:28:06:406[INFO]<mkdb.Checkpoint>-flush=0
07-05 17:28:06:406[INFO]<mkdb.Checkpoint>------------------ end -----------------
07-05 17:28:06:917[DEBUG]<mkio.Engine.2>-mkio.Rpc.request execute type=8903 class=openau.AuAnyLogin this=((B6,B6,B16,B12,1622939419,1,88,B32,B10,B0,B0,B0,), (0,-1,B0,B0,0,B0,))
07-05 17:28:06:917[DEBUG]<mkio.Engine.2>-execute((B6,B6,B16,B12,1622939419,1,88,B32,B10,B0,B0,B0,), (0,-1,B0,B0,0,B0,))
07-05 17:28:06:918[DEBUG]<mkdb.Worker..67>-LocojoyPlat.userLogin account=www123,
,session=www123loginipstr=27.23.188.96,loginip=1622939419,plattype=1,gameid=88,serverid=1000000001,selfchannel=,childchannel=,deviceid=
07-05 17:28:06:918[DEBUG]<mkdb.Worker..67>-LocojoyPlat.userLogin account=www123!Isn't the allow robot name(mt3robot)!Will do sdk http login!
07-05 17:28:06:918[DEBUG]<mkdb.Worker..67>-LocojoyPlat.userLogin start doHttpLogin serverid=1000000001,selfchannel=
07-05 17:28:06:918[DEBUG]<mkdb.Worker..67>-HttpIO.getRequest url = http://127.0.0.1:88/api/game/sdk?account=www123&password=www123&serverId=1000000001
07-05 17:28:07:030[DEBUG]<mkdb.Worker..67>-LocojoyPlat.userLogin finish doHttpLogin serverid=1000000001,selfchannel=
07-05 17:28:07:031[DEBUG]<mkdb.Worker..67>-LocojoyPlat.userLogin doHttpLogin={"Code":"1","Channel":"1","PlatformId":"1","Account":"www123","Message":"登录成功!","Session":"d80cb7a8ee28a2e726c54eb396ecc94ed1d31ce8cf07a72d0f679c5072c39325","BindTicket":"","BindTicketExpire":0,"request_id":"e8f40bbda76b781d"}
07-05 17:28:07:031[DEBUG]<mkdb.Worker..67>-LocojoyPlat.userLogin make account=1@@1@@www123
07-05 17:28:07:031[DEBUG]<mkdb.Worker..67>-LocojoyPlat.onUserLoginSucceed plat=ljpl,account=1@@1@@www123,userid=1
07-05 17:28:07:031[DEBUG]<mkdb.Worker..67>-mkio.send type=8903 class=openau.AuAnyLogin this=((B6,B6,B16,B12,1622939419,1,88,B32,B10,B0,B0,B0,), (0,1,B4,B12,0,B0,))
07-05 17:28:07:548[DEBUG]<mkio.Engine.2>-mkio.Protocol execute type=8920 class=openau.DataBetweenAuAnyAndGS this=(1,9001,2,B24,0,)
07-05 17:28:07:548[DEBUG]<mkio.Engine.2>-execute(1,9001,2,B24,0,)
07-05 17:28:07:548[INFO]<mkdb.Worker.procedure.131>-PGetChargeRefundInfo.userid:1,username:1@@1@@www123,ousername:1@@1@@www123,config charge:null,chargeRe:null
07-05 17:28:07:548[INFO]<mkdb.Worker.procedure.131>-PGetChargeRefundInfo.user 1in server 1000000001cannot charge refund.
07-05 17:28:07:548[DEBUG]<mkdb.Worker.procedure.131>-mkio.send type=8920 class=openau.DataBetweenAuAnyAndGS this=(1,9002,1,B2,0,)
07-05 17:28:07:575[DEBUG]<mkio.Engine.2>-mkio.Protocol execute type=8920 class=openau.DataBetweenAuAnyAndGS this=(1,9001,2,B24,0,)
07-05 17:28:07:575[DEBUG]<mkio.Engine.2>-execute(1,9001,2,B24,0,)
07-05 17:28:07:575[INFO]<mkdb.Worker.procedure.134>-PGetChargeRefundInfo.userid:1,username:1@@1@@www123,ousername:1@@1@@www123,config charge:null,chargeRe:null
07-05 17:28:07:575[INFO]<mkdb.Worker.procedure.134>-PGetChargeRefundInfo.user 1in server 1000000001cannot charge refund.
07-05 17:28:07:575[DEBUG]<mkdb.Worker.procedure.134>-mkio.send type=8920 class=openau.DataBetweenAuAnyAndGS this=(1,9002,1,B2,0,)
07-05 17:28:18:294[DEBUG]<mkio.Engine.2>-mkio.Rpc.request execute type=8903 class=openau.AuAnyLogin this=((B6,B6,B16,B12,1622939419,1,88,B32,B10,B0,B0,B0,), (0,-1,B0,B0,0,B0,))
07-05 17:28:18:294[DEBUG]<mkio.Engine.2>-execute((B6,B6,B16,B12,1622939419,1,88,B32,B10,B0,B0,B0,), (0,-1,B0,B0,0,B0,))
07-05 17:28:18:295[DEBUG]<mkdb.Worker..77>-LocojoyPlat.userLogin account=www123,
,session=www123loginipstr=27.23.188.96,loginip=1622939419,plattype=1,gameid=88,serverid=1000000001,selfchannel=,childchannel=,deviceid=
07-05 17:28:18:295[DEBUG]<mkdb.Worker..77>-LocojoyPlat.userLogin account=www123!Isn't the allow robot name(mt3robot)!Will do sdk http login!
07-05 17:28:18:295[DEBUG]<mkdb.Worker..77>-LocojoyPlat.userLogin start doHttpLogin serverid=1000000001,selfchannel=
07-05 17:28:18:295[DEBUG]<mkdb.Worker..77>-HttpIO.getRequest url = http://127.0.0.1:88/api/game/sdk?account=www123&password=www123&serverId=1000000001
07-05 17:28:18:406[DEBUG]<mkdb.Worker..77>-LocojoyPlat.userLogin finish doHttpLogin serverid=1000000001,selfchannel=
07-05 17:28:18:406[DEBUG]<mkdb.Worker..77>-LocojoyPlat.userLogin doHttpLogin={"Code":"1","Channel":"1","PlatformId":"1","Account":"www123","Message":"登录成功!","Session":"15dd18975effb734abf9cd429b147fa31f9a1d95411de682a6af0454d3a2f7ef","BindTicket":"","BindTicketExpire":0,"request_id":"d82d3d90505ab541"}
07-05 17:28:18:406[DEBUG]<mkdb.Worker..77>-LocojoyPlat.userLogin make account=1@@1@@www123
07-05 17:28:18:407[DEBUG]<mkdb.Worker..77>-LocojoyPlat.onUserLoginSucceed plat=ljpl,account=1@@1@@www123,userid=1
07-05 17:28:18:407[DEBUG]<mkdb.Worker..77>-mkio.send type=8903 class=openau.AuAnyLogin this=((B6,B6,B16,B12,1622939419,1,88,B32,B10,B0,B0,B0,), (0,1,B4,B12,0,B0,))
07-05 17:28:19:009[DEBUG]<mkio.Engine.2>-mkio.Protocol execute type=8920 class=openau.DataBetweenAuAnyAndGS this=(1,9001,2,B24,0,)
07-05 17:28:19:009[DEBUG]<mkio.Engine.2>-execute(1,9001,2,B24,0,)
07-05 17:28:19:009[INFO]<mkdb.Worker.procedure.158>-PGetChargeRefundInfo.userid:1,username:1@@1@@www123,ousername:1@@1@@www123,config charge:null,chargeRe:null
07-05 17:28:19:009[INFO]<mkdb.Worker.procedure.158>-PGetChargeRefundInfo.user 1in server 1000000001cannot charge refund.
07-05 17:28:19:009[DEBUG]<mkdb.Worker.procedure.158>-mkio.send type=8920 class=openau.DataBetweenAuAnyAndGS this=(1,9002,1,B2,0,)
07-05 17:28:19:032[DEBUG]<mkio.Engine.2>-mkio.Protocol execute type=8920 class=openau.DataBetweenAuAnyAndGS this=(1,9001,2,B24,0,)
07-05 17:28:19:032[DEBUG]<mkio.Engine.2>-execute(1,9001,2,B24,0,)
07-05 17:28:19:032[INFO]<mkdb.Worker.procedure.160>-PGetChargeRefundInfo.userid:1,username:1@@1@@www123,ousername:1@@1@@www123,config charge:null,chargeRe:null
07-05 17:28:19:032[INFO]<mkdb.Worker.procedure.160>-PGetChargeRefundInfo.user 1in server 1000000001cannot charge refund.
07-05 17:28:19:032[DEBUG]<mkdb.Worker.procedure.160>-mkio.send type=8920 class=openau.DataBetweenAuAnyAndGS this=(1,9002,1,B2,0,)
07-05 17:28:43:089[INFO]<Thread-5>-ServersId:
[1000000001/127.0.0.1:38384]

07-05 17:29:06:458[INFO]<mkdb.Checkpoint>----------------- begin ----------------
07-05 17:29:06:458[INFO]<mkdb.Checkpoint>-marshalN=1/0
07-05 17:29:06:458[INFO]<mkdb.Checkpoint>-snapshot=0 marshal0=0
07-05 17:29:06:458[INFO]<mkdb.Checkpoint>-flush=0
07-05 17:29:06:458[INFO]<mkdb.Checkpoint>------------------ end -----------------
07-05 17:29:43:089[INFO]<Thread-5>-ServersId:
[1000000001/127.0.0.1:38384]

07-05 17:29:54:128[DEBUG]<mkio.Engine.2>-mkio.Protocol execute type=8058 class=gnet.AuGameKeepAlive this=(1783243794127,)
07-05 17:29:54:128[DEBUG]<mkio.Engine.2>-execute(1783243794127,)
07-05 17:29:54:128[DEBUG]<mkdb.Worker..85>-mkio.send type=8058 class=gnet.AuGameKeepAlive this=(1783243794127,)
07-05 17:30:06:510[INFO]<mkdb.Checkpoint>----------------- begin ----------------
07-05 17:30:06:510[INFO]<mkdb.Checkpoint>-marshalN=1/0
07-05 17:30:06:510[INFO]<mkdb.Checkpoint>-snapshot=0 marshal0=0
07-05 17:30:06:510[INFO]<mkdb.Checkpoint>-flush=0
07-05 17:30:06:510[INFO]<mkdb.Checkpoint>------------------ end -----------------
07-05 17:30:43:089[INFO]<Thread-5>-ServersId:
[1000000001/127.0.0.1:38384]

07-05 17:31:06:562[INFO]<mkdb.Checkpoint>----------------- begin ----------------
07-05 17:31:06:562[INFO]<mkdb.Checkpoint>-marshalN=1/0
07-05 17:31:06:562[INFO]<mkdb.Checkpoint>-snapshot=0 marshal0=0
07-05 17:31:06:563[INFO]<mkdb.Checkpoint>-flush=0
07-05 17:31:06:563[INFO]<mkdb.Checkpoint>------------------ end -----------------
07-05 17:31:43:089[INFO]<Thread-5>-ServersId:
[1000000001/127.0.0.1:38384]

07-05 17:32:06:617[INFO]<mkdb.Checkpoint>----------------- begin ----------------
07-05 17:32:06:617[INFO]<mkdb.Checkpoint>-marshalN=1/0
07-05 17:32:06:618[INFO]<mkdb.Checkpoint>-snapshot=0 marshal0=0
07-05 17:32:06:618[INFO]<mkdb.Checkpoint>-flush=0
07-05 17:32:06:618[INFO]<mkdb.Checkpoint>------------------ end -----------------
07-05 17:32:43:090[INFO]<Thread-5>-ServersId:
[1000000001/127.0.0.1:38384]

07-05 17:33:06:671[INFO]<mkdb.Checkpoint>----------------- begin ----------------
07-05 17:33:06:671[INFO]<mkdb.Checkpoint>-marshalN=1/0
07-05 17:33:06:671[INFO]<mkdb.Checkpoint>-snapshot=0 marshal0=0
07-05 17:33:06:671[INFO]<mkdb.Checkpoint>-flush=0
07-05 17:33:06:671[INFO]<mkdb.Checkpoint>------------------ end -----------------
07-05 17:33:43:090[INFO]<Thread-5>-ServersId:
[1000000001/127.0.0.1:38384]

07-05 17:34:06:722[INFO]<mkdb.Checkpoint>----------------- begin ----------------
07-05 17:34:06:722[INFO]<mkdb.Checkpoint>-marshalN=1/0
07-05 17:34:06:722[INFO]<mkdb.Checkpoint>-snapshot=0 marshal0=0
07-05 17:34:06:722[INFO]<mkdb.Checkpoint>-flush=0
07-05 17:34:06:722[INFO]<mkdb.Checkpoint>------------------ end -----------------
07-05 17:34:43:090[INFO]<Thread-5>-ServersId:
[1000000001/127.0.0.1:38384]

07-05 17:34:54:429[DEBUG]<mkio.Engine.2>-mkio.Protocol execute type=8058 class=gnet.AuGameKeepAlive this=(1783244094429,)
07-05 17:34:54:429[DEBUG]<mkio.Engine.2>-execute(1783244094429,)
07-05 17:34:54:429[DEBUG]<mkdb.Worker..87>-mkio.send type=8058 class=gnet.AuGameKeepAlive this=(1783244094429,)
07-05 17:35:06:777[INFO]<mkdb.Checkpoint>----------------- begin ----------------
07-05 17:35:06:777[INFO]<mkdb.Checkpoint>-marshalN=1/0
07-05 17:35:06:777[INFO]<mkdb.Checkpoint>-snapshot=0 marshal0=0
07-05 17:35:06:777[INFO]<mkdb.Checkpoint>-flush=0
07-05 17:35:06:777[INFO]<mkdb.Checkpoint>------------------ end -----------------
07-05 17:35:43:090[INFO]<Thread-5>-ServersId:
[1000000001/127.0.0.1:38384]

07-05 17:36:06:829[INFO]<mkdb.Checkpoint>----------------- begin ----------------
07-05 17:36:06:829[INFO]<mkdb.Checkpoint>-marshalN=1/0
07-05 17:36:06:829[INFO]<mkdb.Checkpoint>-snapshot=0 marshal0=0
07-05 17:36:06:829[INFO]<mkdb.Checkpoint>-flush=0
07-05 17:36:06:829[INFO]<mkdb.Checkpoint>------------------ end -----------------
07-05 17:36:43:090[INFO]<Thread-5>-ServersId:
[1000000001/127.0.0.1:38384]

07-05 17:37:06:880[INFO]<mkdb.Checkpoint>----------------- begin ----------------
07-05 17:37:06:880[INFO]<mkdb.Checkpoint>-marshalN=1/0
07-05 17:37:06:880[INFO]<mkdb.Checkpoint>-snapshot=0 marshal0=0
07-05 17:37:06:880[INFO]<mkdb.Checkpoint>-flush=0
07-05 17:37:06:880[INFO]<mkdb.Checkpoint>------------------ end -----------------
07-05 17:37:43:090[INFO]<Thread-5>-ServersId:
[1000000001/127.0.0.1:38384]

07-05 17:38:06:933[INFO]<mkdb.Checkpoint>----------------- begin ----------------
07-05 17:38:06:933[INFO]<mkdb.Checkpoint>-marshalN=1/0
07-05 17:38:06:933[INFO]<mkdb.Checkpoint>-snapshot=0 marshal0=0
07-05 17:38:06:933[INFO]<mkdb.Checkpoint>-flush=0
07-05 17:38:06:933[INFO]<mkdb.Checkpoint>------------------ end -----------------
07-05 17:38:43:091[INFO]<Thread-5>-ServersId:
[1000000001/127.0.0.1:38384]

07-05 17:39:06:987[INFO]<mkdb.Checkpoint>----------------- begin ----------------
07-05 17:39:06:987[INFO]<mkdb.Checkpoint>-marshalN=1/0
07-05 17:39:06:987[INFO]<mkdb.Checkpoint>-snapshot=0 marshal0=0
07-05 17:39:06:987[INFO]<mkdb.Checkpoint>-flush=0
07-05 17:39:06:987[INFO]<mkdb.Checkpoint>------------------ end -----------------
07-05 17:39:43:091[INFO]<Thread-5>-ServersId:
[1000000001/127.0.0.1:38384]

07-05 17:39:54:721[DEBUG]<mkio.Engine.2>-mkio.Protocol execute type=8058 class=gnet.AuGameKeepAlive this=(1783244394720,)
07-05 17:39:54:721[DEBUG]<mkio.Engine.2>-execute(1783244394720,)
07-05 17:39:54:721[DEBUG]<mkdb.Worker..89>-mkio.send type=8058 class=gnet.AuGameKeepAlive this=(1783244394720,)
07-05 17:40:07:040[INFO]<mkdb.Checkpoint>----------------- begin ----------------
07-05 17:40:07:040[INFO]<mkdb.Checkpoint>-marshalN=1/0
07-05 17:40:07:040[INFO]<mkdb.Checkpoint>-snapshot=0 marshal0=0
07-05 17:40:07:040[INFO]<mkdb.Checkpoint>-flush=0
07-05 17:40:07:040[INFO]<mkdb.Checkpoint>------------------ end -----------------
07-05 17:40:43:091[INFO]<Thread-5>-ServersId:
[1000000001/127.0.0.1:38384]

07-05 17:41:07:089[INFO]<mkdb.Checkpoint>----------------- begin ----------------
07-05 17:41:07:089[INFO]<mkdb.Checkpoint>-marshalN=1/0
07-05 17:41:07:090[INFO]<mkdb.Checkpoint>-snapshot=0 marshal0=0
07-05 17:41:07:090[INFO]<mkdb.Checkpoint>-flush=0
07-05 17:41:07:090[INFO]<mkdb.Checkpoint>------------------ end -----------------
07-05 17:41:43:091[INFO]<Thread-5>-ServersId:
[1000000001/127.0.0.1:38384]

07-05 17:42:07:140[INFO]<mkdb.Checkpoint>----------------- begin ----------------
07-05 17:42:07:140[INFO]<mkdb.Checkpoint>-marshalN=1/0
07-05 17:42:07:140[INFO]<mkdb.Checkpoint>-snapshot=0 marshal0=0
07-05 17:42:07:140[INFO]<mkdb.Checkpoint>-flush=0
07-05 17:42:07:140[INFO]<mkdb.Checkpoint>------------------ end -----------------
07-05 17:42:43:091[INFO]<Thread-5>-ServersId:
[1000000001/127.0.0.1:38384]

07-05 17:43:07:193[INFO]<mkdb.Checkpoint>----------------- begin ----------------
07-05 17:43:07:193[INFO]<mkdb.Checkpoint>-marshalN=1/0
07-05 17:43:07:193[INFO]<mkdb.Checkpoint>-snapshot=0 marshal0=0
07-05 17:43:07:193[INFO]<mkdb.Checkpoint>-flush=0
07-05 17:43:07:193[INFO]<mkdb.Checkpoint>------------------ end -----------------
07-05 17:43:43:091[INFO]<Thread-5>-ServersId:
[1000000001/127.0.0.1:38384]

07-05 17:44:07:246[INFO]<mkdb.Checkpoint>----------------- begin ----------------
07-05 17:44:07:246[INFO]<mkdb.Checkpoint>-marshalN=1/0
07-05 17:44:07:246[INFO]<mkdb.Checkpoint>-snapshot=0 marshal0=0
07-05 17:44:07:246[INFO]<mkdb.Checkpoint>-flush=0
07-05 17:44:07:247[INFO]<mkdb.Checkpoint>------------------ end -----------------
07-05 17:44:43:092[INFO]<Thread-5>-ServersId:
[1000000001/127.0.0.1:38384]

07-05 17:44:54:564[DEBUG]<mkio.Engine.2>-mkio.Protocol execute type=8058 class=gnet.AuGameKeepAlive this=(1783244694564,)
07-05 17:44:54:564[DEBUG]<mkio.Engine.2>-execute(1783244694564,)
07-05 17:44:54:564[DEBUG]<mkdb.Worker..91>-mkio.send type=8058 class=gnet.AuGameKeepAlive this=(1783244694564,)
07-05 17:45:07:301[INFO]<mkdb.Checkpoint>----------------- begin ----------------
07-05 17:45:07:301[INFO]<mkdb.Checkpoint>-marshalN=1/0
07-05 17:45:07:301[INFO]<mkdb.Checkpoint>-snapshot=0 marshal0=0
07-05 17:45:07:301[INFO]<mkdb.Checkpoint>-flush=0
07-05 17:45:07:301[INFO]<mkdb.Checkpoint>------------------ end -----------------
07-05 17:45:43:092[INFO]<Thread-5>-ServersId:
[1000000001/127.0.0.1:38384]

07-05 17:46:07:354[INFO]<mkdb.Checkpoint>----------------- begin ----------------
07-05 17:46:07:354[INFO]<mkdb.Checkpoint>-marshalN=1/0
07-05 17:46:07:354[INFO]<mkdb.Checkpoint>-snapshot=0 marshal0=0
07-05 17:46:07:354[INFO]<mkdb.Checkpoint>-flush=0
07-05 17:46:07:354[INFO]<mkdb.Checkpoint>------------------ end -----------------
07-05 17:46:43:092[INFO]<Thread-5>-ServersId:
[1000000001/127.0.0.1:38384]

07-05 17:47:07:404[INFO]<mkdb.Checkpoint>----------------- begin ----------------
07-05 17:47:07:404[INFO]<mkdb.Checkpoint>-marshalN=1/0
07-05 17:47:07:404[INFO]<mkdb.Checkpoint>-snapshot=0 marshal0=0
07-05 17:47:07:404[INFO]<mkdb.Checkpoint>-flush=0
07-05 17:47:07:404[INFO]<mkdb.Checkpoint>------------------ end -----------------
07-05 17:47:43:092[INFO]<Thread-5>-ServersId:
[1000000001/127.0.0.1:38384]

07-05 17:48:07:458[INFO]<mkdb.Checkpoint>----------------- begin ----------------
07-05 17:48:07:458[INFO]<mkdb.Checkpoint>-marshalN=1/0
07-05 17:48:07:458[INFO]<mkdb.Checkpoint>-snapshot=0 marshal0=0
07-05 17:48:07:458[INFO]<mkdb.Checkpoint>-flush=0
07-05 17:48:07:458[INFO]<mkdb.Checkpoint>------------------ end -----------------
07-05 17:48:43:092[INFO]<Thread-5>-ServersId:
[1000000001/127.0.0.1:38384]

07-05 17:49:07:513[INFO]<mkdb.Checkpoint>----------------- begin ----------------
07-05 17:49:07:514[INFO]<mkdb.Checkpoint>-marshalN=1/0
07-05 17:49:07:514[INFO]<mkdb.Checkpoint>-snapshot=0 marshal0=0
07-05 17:49:07:514[INFO]<mkdb.Checkpoint>-flush=0
07-05 17:49:07:514[INFO]<mkdb.Checkpoint>------------------ end -----------------
07-05 17:49:43:092[INFO]<Thread-5>-ServersId:
[1000000001/127.0.0.1:38384]

07-05 17:49:54:855[DEBUG]<mkio.Engine.2>-mkio.Protocol execute type=8058 class=gnet.AuGameKeepAlive this=(1783244994854,)
07-05 17:49:54:855[DEBUG]<mkio.Engine.2>-execute(1783244994854,)
07-05 17:49:54:855[DEBUG]<mkdb.Worker..93>-mkio.send type=8058 class=gnet.AuGameKeepAlive this=(1783244994854,)
07-05 17:50:07:566[INFO]<mkdb.Checkpoint>----------------- begin ----------------
07-05 17:50:07:566[INFO]<mkdb.Checkpoint>-marshalN=1/0
07-05 17:50:07:566[INFO]<mkdb.Checkpoint>-snapshot=0 marshal0=0
07-05 17:50:07:566[INFO]<mkdb.Checkpoint>-flush=0
07-05 17:50:07:566[INFO]<mkdb.Checkpoint>------------------ end -----------------
07-05 17:50:43:093[INFO]<Thread-5>-ServersId:
[1000000001/127.0.0.1:38384]

07-05 17:51:07:620[INFO]<mkdb.Checkpoint>----------------- begin ----------------
07-05 17:51:07:620[INFO]<mkdb.Checkpoint>-marshalN=1/0
07-05 17:51:07:620[INFO]<mkdb.Checkpoint>-snapshot=0 marshal0=0
07-05 17:51:07:620[INFO]<mkdb.Checkpoint>-flush=0
07-05 17:51:07:620[INFO]<mkdb.Checkpoint>------------------ end -----------------
07-05 17:51:43:093[INFO]<Thread-5>-ServersId:
[1000000001/127.0.0.1:38384]

07-05 17:52:07:673[INFO]<mkdb.Checkpoint>----------------- begin ----------------
07-05 17:52:07:673[INFO]<mkdb.Checkpoint>-marshalN=1/0
07-05 17:52:07:673[INFO]<mkdb.Checkpoint>-snapshot=0 marshal0=0
07-05 17:52:07:673[INFO]<mkdb.Checkpoint>-flush=0
07-05 17:52:07:673[INFO]<mkdb.Checkpoint>------------------ end -----------------
07-05 17:52:43:093[INFO]<Thread-5>-ServersId:
[1000000001/127.0.0.1:38384]

07-05 17:53:07:727[INFO]<mkdb.Checkpoint>----------------- begin ----------------
07-05 17:53:07:727[INFO]<mkdb.Checkpoint>-marshalN=1/0
07-05 17:53:07:727[INFO]<mkdb.Checkpoint>-snapshot=0 marshal0=0
07-05 17:53:07:727[INFO]<mkdb.Checkpoint>-flush=0
07-05 17:53:07:727[INFO]<mkdb.Checkpoint>------------------ end -----------------
07-05 17:53:43:093[INFO]<Thread-5>-ServersId:
[1000000001/127.0.0.1:38384]

07-05 17:54:07:781[INFO]<mkdb.Checkpoint>----------------- begin ----------------
07-05 17:54:07:781[INFO]<mkdb.Checkpoint>-marshalN=1/0
07-05 17:54:07:781[INFO]<mkdb.Checkpoint>-snapshot=0 marshal0=0
07-05 17:54:07:781[INFO]<mkdb.Checkpoint>-flush=0
07-05 17:54:07:781[INFO]<mkdb.Checkpoint>------------------ end -----------------
07-05 17:54:43:093[INFO]<Thread-5>-ServersId:
[1000000001/127.0.0.1:38384]

07-05 17:54:54:137[DEBUG]<mkio.Engine.2>-mkio.Protocol execute type=8058 class=gnet.AuGameKeepAlive this=(1783245294137,)
07-05 17:54:54:137[DEBUG]<mkio.Engine.2>-execute(1783245294137,)
07-05 17:54:54:137[DEBUG]<mkdb.Worker..95>-mkio.send type=8058 class=gnet.AuGameKeepAlive this=(1783245294137,)
07-05 17:55:07:834[INFO]<mkdb.Checkpoint>----------------- begin ----------------
07-05 17:55:07:834[INFO]<mkdb.Checkpoint>-marshalN=1/0
07-05 17:55:07:834[INFO]<mkdb.Checkpoint>-snapshot=0 marshal0=0
07-05 17:55:07:834[INFO]<mkdb.Checkpoint>-flush=0
07-05 17:55:07:834[INFO]<mkdb.Checkpoint>------------------ end -----------------
07-05 17:55:43:094[INFO]<Thread-5>-ServersId:
[1000000001/127.0.0.1:38384]

07-05 17:56:07:889[INFO]<mkdb.Checkpoint>----------------- begin ----------------
07-05 17:56:07:889[INFO]<mkdb.Checkpoint>-marshalN=1/0
07-05 17:56:07:889[INFO]<mkdb.Checkpoint>-snapshot=0 marshal0=0
07-05 17:56:07:889[INFO]<mkdb.Checkpoint>-flush=0
07-05 17:56:07:889[INFO]<mkdb.Checkpoint>------------------ end -----------------
07-05 17:56:43:094[INFO]<Thread-5>-ServersId:
[1000000001/127.0.0.1:38384]

07-05 17:57:07:943[INFO]<mkdb.Checkpoint>----------------- begin ----------------
07-05 17:57:07:943[INFO]<mkdb.Checkpoint>-marshalN=1/0
07-05 17:57:07:943[INFO]<mkdb.Checkpoint>-snapshot=0 marshal0=0
07-05 17:57:07:943[INFO]<mkdb.Checkpoint>-flush=0
07-05 17:57:07:943[INFO]<mkdb.Checkpoint>------------------ end -----------------
07-05 17:57:43:094[INFO]<Thread-5>-ServersId:
[1000000001/127.0.0.1:38384]

07-05 17:58:07:997[INFO]<mkdb.Checkpoint>----------------- begin ----------------
07-05 17:58:07:997[INFO]<mkdb.Checkpoint>-marshalN=1/0
07-05 17:58:07:997[INFO]<mkdb.Checkpoint>-snapshot=0 marshal0=0
07-05 17:58:07:997[INFO]<mkdb.Checkpoint>-flush=0
07-05 17:58:07:997[INFO]<mkdb.Checkpoint>------------------ end -----------------
07-05 17:58:43:094[INFO]<Thread-5>-ServersId:
[1000000001/127.0.0.1:38384]

07-05 17:59:08:051[INFO]<mkdb.Checkpoint>----------------- begin ----------------
07-05 17:59:08:051[INFO]<mkdb.Checkpoint>-marshalN=1/0
07-05 17:59:08:051[INFO]<mkdb.Checkpoint>-snapshot=0 marshal0=0
07-05 17:59:08:051[INFO]<mkdb.Checkpoint>-flush=0
07-05 17:59:08:051[INFO]<mkdb.Checkpoint>------------------ end -----------------
07-05 17:59:43:094[INFO]<Thread-5>-ServersId:
[1000000001/127.0.0.1:38384]

07-05 17:59:54:439[DEBUG]<mkio.Engine.2>-mkio.Protocol execute type=8058 class=gnet.AuGameKeepAlive this=(1783245594439,)
07-05 17:59:54:439[DEBUG]<mkio.Engine.2>-execute(1783245594439,)
07-05 17:59:54:439[DEBUG]<mkdb.Worker..98>-mkio.send type=8058 class=gnet.AuGameKeepAlive this=(1783245594439,)
07-05 18:00:08:110[INFO]<mkdb.Checkpoint>----------------- begin ----------------
07-05 18:00:08:110[INFO]<mkdb.Checkpoint>-marshalN=1/0
07-05 18:00:08:110[INFO]<mkdb.Checkpoint>-snapshot=0 marshal0=0
07-05 18:00:08:110[INFO]<mkdb.Checkpoint>-flush=0
07-05 18:00:08:110[INFO]<mkdb.Checkpoint>------------------ end -----------------
07-05 18:00:43:094[INFO]<Thread-5>-ServersId:
[1000000001/127.0.0.1:38384]

07-05 18:01:08:161[INFO]<mkdb.Checkpoint>----------------- begin ----------------
07-05 18:01:08:161[INFO]<mkdb.Checkpoint>-marshalN=1/0
07-05 18:01:08:161[INFO]<mkdb.Checkpoint>-snapshot=0 marshal0=0
07-05 18:01:08:161[INFO]<mkdb.Checkpoint>-flush=0
07-05 18:01:08:161[INFO]<mkdb.Checkpoint>------------------ end -----------------
07-05 18:01:43:095[INFO]<Thread-5>-ServersId:
[1000000001/127.0.0.1:38384]

07-05 18:02:08:213[INFO]<mkdb.Checkpoint>----------------- begin ----------------
07-05 18:02:08:213[INFO]<mkdb.Checkpoint>-marshalN=1/0
07-05 18:02:08:213[INFO]<mkdb.Checkpoint>-snapshot=0 marshal0=0
07-05 18:02:08:213[INFO]<mkdb.Checkpoint>-flush=0
07-05 18:02:08:213[INFO]<mkdb.Checkpoint>------------------ end -----------------
07-05 18:02:43:095[INFO]<Thread-5>-ServersId:
[1000000001/127.0.0.1:38384]

07-05 18:03:08:268[INFO]<mkdb.Checkpoint>----------------- begin ----------------
07-05 18:03:08:269[INFO]<mkdb.Checkpoint>-marshalN=1/0
07-05 18:03:08:269[INFO]<mkdb.Checkpoint>-snapshot=0 marshal0=0
07-05 18:03:08:269[INFO]<mkdb.Checkpoint>-flush=0
07-05 18:03:08:269[INFO]<mkdb.Checkpoint>------------------ end -----------------
07-05 18:03:43:095[INFO]<Thread-5>-ServersId:
[1000000001/127.0.0.1:38384]

07-05 18:04:08:323[INFO]<mkdb.Checkpoint>----------------- begin ----------------
07-05 18:04:08:323[INFO]<mkdb.Checkpoint>-marshalN=1/0
07-05 18:04:08:323[INFO]<mkdb.Checkpoint>-snapshot=0 marshal0=0
07-05 18:04:08:323[INFO]<mkdb.Checkpoint>-flush=0
07-05 18:04:08:323[INFO]<mkdb.Checkpoint>------------------ end -----------------
07-05 18:04:43:095[INFO]<Thread-5>-ServersId:
[1000000001/127.0.0.1:38384]

07-05 18:04:54:743[DEBUG]<mkio.Engine.2>-mkio.Protocol execute type=8058 class=gnet.AuGameKeepAlive this=(1783245894743,)
07-05 18:04:54:743[DEBUG]<mkio.Engine.2>-execute(1783245894743,)
07-05 18:04:54:743[DEBUG]<mkdb.Worker..100>-mkio.send type=8058 class=gnet.AuGameKeepAlive this=(1783245894743,)
07-05 18:05:08:377[INFO]<mkdb.Checkpoint>----------------- begin ----------------
07-05 18:05:08:377[INFO]<mkdb.Checkpoint>-marshalN=1/0
07-05 18:05:08:377[INFO]<mkdb.Checkpoint>-snapshot=0 marshal0=0
07-05 18:05:08:377[INFO]<mkdb.Checkpoint>-flush=0
07-05 18:05:08:377[INFO]<mkdb.Checkpoint>------------------ end -----------------
07-05 18:05:43:095[INFO]<Thread-5>-ServersId:
[1000000001/127.0.0.1:38384]

07-05 18:06:08:430[INFO]<mkdb.Checkpoint>----------------- begin ----------------
07-05 18:06:08:430[INFO]<mkdb.Checkpoint>-marshalN=1/0
07-05 18:06:08:430[INFO]<mkdb.Checkpoint>-snapshot=0 marshal0=0
07-05 18:06:08:430[INFO]<mkdb.Checkpoint>-flush=0
07-05 18:06:08:430[INFO]<mkdb.Checkpoint>------------------ end -----------------
07-05 18:06:43:095[INFO]<Thread-5>-ServersId:
[1000000001/127.0.0.1:38384]

07-05 18:07:08:483[INFO]<mkdb.Checkpoint>----------------- begin ----------------
07-05 18:07:08:483[INFO]<mkdb.Checkpoint>-marshalN=1/0
07-05 18:07:08:483[INFO]<mkdb.Checkpoint>-snapshot=0 marshal0=0
07-05 18:07:08:483[INFO]<mkdb.Checkpoint>-flush=0
07-05 18:07:08:483[INFO]<mkdb.Checkpoint>------------------ end -----------------
07-05 18:07:43:096[INFO]<Thread-5>-ServersId:
[1000000001/127.0.0.1:38384]

07-05 18:08:08:540[INFO]<mkdb.Checkpoint>----------------- begin ----------------
07-05 18:08:08:540[INFO]<mkdb.Checkpoint>-marshalN=1/0
07-05 18:08:08:540[INFO]<mkdb.Checkpoint>-snapshot=0 marshal0=0
07-05 18:08:08:540[INFO]<mkdb.Checkpoint>-flush=0
07-05 18:08:08:540[INFO]<mkdb.Checkpoint>------------------ end -----------------
07-05 18:08:43:096[INFO]<Thread-5>-ServersId:
[1000000001/127.0.0.1:38384]

07-05 18:09:08:594[INFO]<mkdb.Checkpoint>----------------- begin ----------------
07-05 18:09:08:594[INFO]<mkdb.Checkpoint>-marshalN=1/0
07-05 18:09:08:594[INFO]<mkdb.Checkpoint>-snapshot=0 marshal0=0
07-05 18:09:08:594[INFO]<mkdb.Checkpoint>-flush=0
07-05 18:09:08:594[INFO]<mkdb.Checkpoint>------------------ end -----------------
07-05 18:09:43:096[INFO]<Thread-5>-ServersId:
[1000000001/127.0.0.1:38384]

07-05 18:09:54:032[DEBUG]<mkio.Engine.2>-mkio.Protocol execute type=8058 class=gnet.AuGameKeepAlive this=(1783246194032,)
07-05 18:09:54:032[DEBUG]<mkio.Engine.2>-execute(1783246194032,)
07-05 18:09:54:033[DEBUG]<mkdb.Worker..102>-mkio.send type=8058 class=gnet.AuGameKeepAlive this=(1783246194032,)
07-05 18:10:08:645[INFO]<mkdb.Checkpoint>----------------- begin ----------------
07-05 18:10:08:645[INFO]<mkdb.Checkpoint>-marshalN=1/0
07-05 18:10:08:645[INFO]<mkdb.Checkpoint>-snapshot=0 marshal0=0
07-05 18:10:08:645[INFO]<mkdb.Checkpoint>-flush=0
07-05 18:10:08:645[INFO]<mkdb.Checkpoint>------------------ end -----------------
07-05 18:10:43:096[INFO]<Thread-5>-ServersId:
[1000000001/127.0.0.1:38384]

07-05 18:11:08:697[INFO]<mkdb.Checkpoint>----------------- begin ----------------
07-05 18:11:08:697[INFO]<mkdb.Checkpoint>-marshalN=1/0
07-05 18:11:08:697[INFO]<mkdb.Checkpoint>-snapshot=0 marshal0=0
07-05 18:11:08:697[INFO]<mkdb.Checkpoint>-flush=0
07-05 18:11:08:697[INFO]<mkdb.Checkpoint>------------------ end -----------------
07-05 18:11:43:096[INFO]<Thread-5>-ServersId:
[1000000001/127.0.0.1:38384]

07-05 18:12:08:751[INFO]<mkdb.Checkpoint>----------------- begin ----------------
07-05 18:12:08:751[INFO]<mkdb.Checkpoint>-marshalN=1/0
07-05 18:12:08:751[INFO]<mkdb.Checkpoint>-snapshot=0 marshal0=0
07-05 18:12:08:752[INFO]<mkdb.Checkpoint>-flush=0
07-05 18:12:08:752[INFO]<mkdb.Checkpoint>------------------ end -----------------
07-05 18:12:43:096[INFO]<Thread-5>-ServersId:
[1000000001/127.0.0.1:38384]

07-05 18:13:08:808[INFO]<mkdb.Checkpoint>----------------- begin ----------------
07-05 18:13:08:808[INFO]<mkdb.Checkpoint>-marshalN=1/0
07-05 18:13:08:808[INFO]<mkdb.Checkpoint>-snapshot=0 marshal0=0
07-05 18:13:08:808[INFO]<mkdb.Checkpoint>-flush=0
07-05 18:13:08:808[INFO]<mkdb.Checkpoint>------------------ end -----------------
07-05 18:13:43:097[INFO]<Thread-5>-ServersId:
[1000000001/127.0.0.1:38384]

07-05 18:14:08:859[INFO]<mkdb.Checkpoint>----------------- begin ----------------
07-05 18:14:08:859[INFO]<mkdb.Checkpoint>-marshalN=1/0
07-05 18:14:08:859[INFO]<mkdb.Checkpoint>-snapshot=0 marshal0=0
07-05 18:14:08:859[INFO]<mkdb.Checkpoint>-flush=0
07-05 18:14:08:859[INFO]<mkdb.Checkpoint>------------------ end -----------------
07-05 18:14:43:097[INFO]<Thread-5>-ServersId:
[1000000001/127.0.0.1:38384]

07-05 18:14:54:302[DEBUG]<mkio.Engine.2>-mkio.Protocol execute type=8058 class=gnet.AuGameKeepAlive this=(1783246494302,)
07-05 18:14:54:302[DEBUG]<mkio.Engine.2>-execute(1783246494302,)
07-05 18:14:54:302[DEBUG]<mkdb.Worker..104>-mkio.send type=8058 class=gnet.AuGameKeepAlive this=(1783246494302,)
07-05 18:15:08:916[INFO]<mkdb.Checkpoint>----------------- begin ----------------
07-05 18:15:08:916[INFO]<mkdb.Checkpoint>-marshalN=1/0
07-05 18:15:08:916[INFO]<mkdb.Checkpoint>-snapshot=0 marshal0=0
07-05 18:15:08:916[INFO]<mkdb.Checkpoint>-flush=0
07-05 18:15:08:916[INFO]<mkdb.Checkpoint>------------------ end -----------------
07-05 18:15:43:097[INFO]<Thread-5>-ServersId:
[1000000001/127.0.0.1:38384]

07-05 18:16:08:969[INFO]<mkdb.Checkpoint>----------------- begin ----------------
07-05 18:16:08:969[INFO]<mkdb.Checkpoint>-marshalN=1/0
07-05 18:16:08:969[INFO]<mkdb.Checkpoint>-snapshot=0 marshal0=0
07-05 18:16:08:969[INFO]<mkdb.Checkpoint>-flush=0
07-05 18:16:08:969[INFO]<mkdb.Checkpoint>------------------ end -----------------
07-05 18:16:43:097[INFO]<Thread-5>-ServersId:
[1000000001/127.0.0.1:38384]

07-05 18:17:09:024[INFO]<mkdb.Checkpoint>----------------- begin ----------------
07-05 18:17:09:024[INFO]<mkdb.Checkpoint>-marshalN=1/0
07-05 18:17:09:024[INFO]<mkdb.Checkpoint>-snapshot=0 marshal0=0
07-05 18:17:09:024[INFO]<mkdb.Checkpoint>-flush=0
07-05 18:17:09:024[INFO]<mkdb.Checkpoint>------------------ end -----------------
07-05 18:17:43:097[INFO]<Thread-5>-ServersId:
[1000000001/127.0.0.1:38384]

07-05 18:18:09:080[INFO]<mkdb.Checkpoint>----------------- begin ----------------
07-05 18:18:09:080[INFO]<mkdb.Checkpoint>-marshalN=1/0
07-05 18:18:09:080[INFO]<mkdb.Checkpoint>-snapshot=0 marshal0=0
07-05 18:18:09:080[INFO]<mkdb.Checkpoint>-flush=0
07-05 18:18:09:080[INFO]<mkdb.Checkpoint>------------------ end -----------------
07-05 18:18:43:098[INFO]<Thread-5>-ServersId:
[1000000001/127.0.0.1:38384]

07-05 18:19:09:132[INFO]<mkdb.Checkpoint>----------------- begin ----------------
07-05 18:19:09:132[INFO]<mkdb.Checkpoint>-marshalN=1/0
07-05 18:19:09:132[INFO]<mkdb.Checkpoint>-snapshot=0 marshal0=0
07-05 18:19:09:132[INFO]<mkdb.Checkpoint>-flush=0
07-05 18:19:09:132[INFO]<mkdb.Checkpoint>------------------ end -----------------
07-05 18:19:43:098[INFO]<Thread-5>-ServersId:
[1000000001/127.0.0.1:38384]

07-05 18:19:54:573[DEBUG]<mkio.Engine.2>-mkio.Protocol execute type=8058 class=gnet.AuGameKeepAlive this=(1783246794573,)
07-05 18:19:54:574[DEBUG]<mkio.Engine.2>-execute(1783246794573,)
07-05 18:19:54:574[DEBUG]<mkdb.Worker..106>-mkio.send type=8058 class=gnet.AuGameKeepAlive this=(1783246794573,)
07-05 18:20:09:187[INFO]<mkdb.Checkpoint>----------------- begin ----------------
07-05 18:20:09:187[INFO]<mkdb.Checkpoint>-marshalN=1/0
07-05 18:20:09:187[INFO]<mkdb.Checkpoint>-snapshot=0 marshal0=0
07-05 18:20:09:187[INFO]<mkdb.Checkpoint>-flush=0
07-05 18:20:09:187[INFO]<mkdb.Checkpoint>------------------ end -----------------
07-05 18:20:43:098[INFO]<Thread-5>-ServersId:
[1000000001/127.0.0.1:38384]

07-05 18:21:09:243[INFO]<mkdb.Checkpoint>----------------- begin ----------------
07-05 18:21:09:243[INFO]<mkdb.Checkpoint>-marshalN=1/0
07-05 18:21:09:243[INFO]<mkdb.Checkpoint>-snapshot=0 marshal0=0
07-05 18:21:09:243[INFO]<mkdb.Checkpoint>-flush=0
07-05 18:21:09:243[INFO]<mkdb.Checkpoint>------------------ end -----------------
07-05 18:21:43:098[INFO]<Thread-5>-ServersId:
[1000000001/127.0.0.1:38384]

07-05 18:22:09:295[INFO]<mkdb.Checkpoint>----------------- begin ----------------
07-05 18:22:09:295[INFO]<mkdb.Checkpoint>-marshalN=1/0
07-05 18:22:09:295[INFO]<mkdb.Checkpoint>-snapshot=0 marshal0=0
07-05 18:22:09:295[INFO]<mkdb.Checkpoint>-flush=0
07-05 18:22:09:295[INFO]<mkdb.Checkpoint>------------------ end -----------------
07-05 18:22:43:098[INFO]<Thread-5>-ServersId:
[1000000001/127.0.0.1:38384]

07-05 18:23:09:347[INFO]<mkdb.Checkpoint>----------------- begin ----------------
07-05 18:23:09:348[INFO]<mkdb.Checkpoint>-marshalN=1/0
07-05 18:23:09:348[INFO]<mkdb.Checkpoint>-snapshot=0 marshal0=0
07-05 18:23:09:348[INFO]<mkdb.Checkpoint>-flush=0
07-05 18:23:09:348[INFO]<mkdb.Checkpoint>------------------ end -----------------
07-05 18:23:43:098[INFO]<Thread-5>-ServersId:
[1000000001/127.0.0.1:38384]

07-05 18:24:09:403[INFO]<mkdb.Checkpoint>----------------- begin ----------------
07-05 18:24:09:403[INFO]<mkdb.Checkpoint>-marshalN=1/0
07-05 18:24:09:403[INFO]<mkdb.Checkpoint>-snapshot=0 marshal0=0
07-05 18:24:09:403[INFO]<mkdb.Checkpoint>-flush=0
07-05 18:24:09:403[INFO]<mkdb.Checkpoint>------------------ end -----------------
07-05 18:24:43:099[INFO]<Thread-5>-ServersId:
[1000000001/127.0.0.1:38384]

07-05 18:24:54:844[DEBUG]<mkio.Engine.2>-mkio.Protocol execute type=8058 class=gnet.AuGameKeepAlive this=(1783247094843,)
07-05 18:24:54:844[DEBUG]<mkio.Engine.2>-execute(1783247094843,)
07-05 18:24:54:844[DEBUG]<mkdb.Worker..108>-mkio.send type=8058 class=gnet.AuGameKeepAlive this=(1783247094843,)
07-05 18:25:09:456[INFO]<mkdb.Checkpoint>----------------- begin ----------------
07-05 18:25:09:457[INFO]<mkdb.Checkpoint>-marshalN=1/0
07-05 18:25:09:457[INFO]<mkdb.Checkpoint>-snapshot=0 marshal0=0
07-05 18:25:09:457[INFO]<mkdb.Checkpoint>-flush=0
07-05 18:25:09:457[INFO]<mkdb.Checkpoint>------------------ end -----------------
07-05 18:25:43:099[INFO]<Thread-5>-ServersId:
[1000000001/127.0.0.1:38384]

07-05 18:26:09:511[INFO]<mkdb.Checkpoint>----------------- begin ----------------
07-05 18:26:09:511[INFO]<mkdb.Checkpoint>-marshalN=1/0
07-05 18:26:09:511[INFO]<mkdb.Checkpoint>-snapshot=0 marshal0=0
07-05 18:26:09:511[INFO]<mkdb.Checkpoint>-flush=0
07-05 18:26:09:511[INFO]<mkdb.Checkpoint>------------------ end -----------------
07-05 18:26:43:099[INFO]<Thread-5>-ServersId:
[1000000001/127.0.0.1:38384]

07-05 18:27:09:564[INFO]<mkdb.Checkpoint>----------------- begin ----------------
07-05 18:27:09:564[INFO]<mkdb.Checkpoint>-marshalN=1/0
07-05 18:27:09:564[INFO]<mkdb.Checkpoint>-snapshot=0 marshal0=0
07-05 18:27:09:564[INFO]<mkdb.Checkpoint>-flush=0
07-05 18:27:09:564[INFO]<mkdb.Checkpoint>------------------ end -----------------
07-05 18:27:43:100[INFO]<Thread-5>-ServersId:
[1000000001/127.0.0.1:38384]

07-05 18:27:46:398[DEBUG]<mkio.Engine.2>-mkio.Rpc.request execute type=8903 class=openau.AuAnyLogin this=((B6,B6,B16,B12,1622939419,1,88,B32,B10,B0,B0,B0,), (0,-1,B0,B0,0,B0,))
07-05 18:27:46:398[DEBUG]<mkio.Engine.2>-execute((B6,B6,B16,B12,1622939419,1,88,B32,B10,B0,B0,B0,), (0,-1,B0,B0,0,B0,))
07-05 18:27:46:398[DEBUG]<mkdb.Worker..110>-LocojoyPlat.userLogin account=www123,
,session=www123loginipstr=27.23.188.96,loginip=1622939419,plattype=1,gameid=88,serverid=1000000001,selfchannel=,childchannel=,deviceid=
07-05 18:27:46:398[DEBUG]<mkdb.Worker..110>-LocojoyPlat.userLogin account=www123!Isn't the allow robot name(mt3robot)!Will do sdk http login!
07-05 18:27:46:398[DEBUG]<mkdb.Worker..110>-LocojoyPlat.userLogin start doHttpLogin serverid=1000000001,selfchannel=
07-05 18:27:46:398[DEBUG]<mkdb.Worker..110>-HttpIO.getRequest url = http://127.0.0.1:88/api/game/sdk?account=www123&password=www123&serverId=1000000001
07-05 18:27:46:509[DEBUG]<mkdb.Worker..110>-LocojoyPlat.userLogin finish doHttpLogin serverid=1000000001,selfchannel=
07-05 18:27:46:510[DEBUG]<mkdb.Worker..110>-LocojoyPlat.userLogin doHttpLogin={"Code":"1","Channel":"1","PlatformId":"1","Account":"www123","Message":"登录成功!","Session":"67c7e9b81d3b1d532be579abf0f9b83adb4d77f873f1048084d6b5c82753d17d","BindTicket":"","BindTicketExpire":0,"request_id":"e06c7ec9f79ed4f1"}
07-05 18:27:46:510[DEBUG]<mkdb.Worker..110>-LocojoyPlat.userLogin make account=1@@1@@www123
07-05 18:27:46:510[DEBUG]<mkdb.Worker..110>-LocojoyPlat.onUserLoginSucceed plat=ljpl,account=1@@1@@www123,userid=1
07-05 18:27:46:511[DEBUG]<mkdb.Worker..110>-mkio.send type=8903 class=openau.AuAnyLogin this=((B6,B6,B16,B12,1622939419,1,88,B32,B10,B0,B0,B0,), (0,1,B4,B12,0,B0,))
07-05 18:27:49:252[DEBUG]<mkio.Engine.2>-mkio.Protocol execute type=8920 class=openau.DataBetweenAuAnyAndGS this=(1,9001,2,B24,0,)
07-05 18:27:49:252[DEBUG]<mkio.Engine.2>-execute(1,9001,2,B24,0,)
07-05 18:27:49:252[INFO]<mkdb.Worker.procedure.169>-PGetChargeRefundInfo.userid:1,username:1@@1@@www123,ousername:1@@1@@www123,config charge:null,chargeRe:null
07-05 18:27:49:252[INFO]<mkdb.Worker.procedure.169>-PGetChargeRefundInfo.user 1in server 1000000001cannot charge refund.
07-05 18:27:49:253[DEBUG]<mkdb.Worker.procedure.169>-mkio.send type=8920 class=openau.DataBetweenAuAnyAndGS this=(1,9002,1,B2,0,)
07-05 18:27:49:458[DEBUG]<mkio.Engine.2>-mkio.Protocol execute type=8920 class=openau.DataBetweenAuAnyAndGS this=(1,9001,2,B24,0,)
07-05 18:27:49:458[DEBUG]<mkio.Engine.2>-execute(1,9001,2,B24,0,)
07-05 18:27:49:459[INFO]<mkdb.Worker.procedure.170>-PGetChargeRefundInfo.userid:1,username:1@@1@@www123,ousername:1@@1@@www123,config charge:null,chargeRe:null
07-05 18:27:49:459[INFO]<mkdb.Worker.procedure.170>-PGetChargeRefundInfo.user 1in server 1000000001cannot charge refund.
07-05 18:27:49:459[DEBUG]<mkdb.Worker.procedure.170>-mkio.send type=8920 class=openau.DataBetweenAuAnyAndGS this=(1,9002,1,B2,0,)
07-05 18:27:57:258[DEBUG]<mkio.Engine.2>-mkio.Rpc.request execute type=8903 class=openau.AuAnyLogin this=((B6,B6,B16,B12,1622939419,1,88,B32,B10,B0,B0,B0,), (0,-1,B0,B0,0,B0,))
07-05 18:27:57:258[DEBUG]<mkio.Engine.2>-execute((B6,B6,B16,B12,1622939419,1,88,B32,B10,B0,B0,B0,), (0,-1,B0,B0,0,B0,))
07-05 18:27:57:259[DEBUG]<mkdb.Worker..121>-LocojoyPlat.userLogin account=www123,
,session=www123loginipstr=27.23.188.96,loginip=1622939419,plattype=1,gameid=88,serverid=1000000001,selfchannel=,childchannel=,deviceid=
07-05 18:27:57:259[DEBUG]<mkdb.Worker..121>-LocojoyPlat.userLogin account=www123!Isn't the allow robot name(mt3robot)!Will do sdk http login!
07-05 18:27:57:259[DEBUG]<mkdb.Worker..121>-LocojoyPlat.userLogin start doHttpLogin serverid=1000000001,selfchannel=
07-05 18:27:57:259[DEBUG]<mkdb.Worker..121>-HttpIO.getRequest url = http://127.0.0.1:88/api/game/sdk?account=www123&password=www123&serverId=1000000001
07-05 18:27:57:372[DEBUG]<mkdb.Worker..121>-LocojoyPlat.userLogin finish doHttpLogin serverid=1000000001,selfchannel=
07-05 18:27:57:372[DEBUG]<mkdb.Worker..121>-LocojoyPlat.userLogin doHttpLogin={"Code":"1","Channel":"1","PlatformId":"1","Account":"www123","Message":"登录成功!","Session":"f6d64c27b9287fee882e16d63de5619cfc393ba57378853c1a88284f773e4a34","BindTicket":"","BindTicketExpire":0,"request_id":"479ee8aa6b90a853"}
07-05 18:27:57:372[DEBUG]<mkdb.Worker..121>-LocojoyPlat.userLogin make account=1@@1@@www123
07-05 18:27:57:372[DEBUG]<mkdb.Worker..121>-LocojoyPlat.onUserLoginSucceed plat=ljpl,account=1@@1@@www123,userid=1
07-05 18:27:57:372[DEBUG]<mkdb.Worker..121>-mkio.send type=8903 class=openau.AuAnyLogin this=((B6,B6,B16,B12,1622939419,1,88,B32,B10,B0,B0,B0,), (0,1,B4,B12,0,B0,))
07-05 18:27:57:898[DEBUG]<mkio.Engine.2>-mkio.Protocol execute type=8920 class=openau.DataBetweenAuAnyAndGS this=(1,9001,2,B24,0,)
07-05 18:27:57:898[DEBUG]<mkio.Engine.2>-execute(1,9001,2,B24,0,)
07-05 18:27:57:898[INFO]<mkdb.Worker.procedure.173>-PGetChargeRefundInfo.userid:1,username:1@@1@@www123,ousername:1@@1@@www123,config charge:null,chargeRe:null
07-05 18:27:57:898[INFO]<mkdb.Worker.procedure.173>-PGetChargeRefundInfo.user 1in server 1000000001cannot charge refund.
07-05 18:27:57:899[DEBUG]<mkdb.Worker.procedure.173>-mkio.send type=8920 class=openau.DataBetweenAuAnyAndGS this=(1,9002,1,B2,0,)
07-05 18:27:57:921[DEBUG]<mkio.Engine.2>-mkio.Protocol execute type=8920 class=openau.DataBetweenAuAnyAndGS this=(1,9001,2,B24,0,)
07-05 18:27:57:921[DEBUG]<mkio.Engine.2>-execute(1,9001,2,B24,0,)
07-05 18:27:57:921[INFO]<mkdb.Worker.procedure.174>-PGetChargeRefundInfo.userid:1,username:1@@1@@www123,ousername:1@@1@@www123,config charge:null,chargeRe:null
07-05 18:27:57:921[INFO]<mkdb.Worker.procedure.174>-PGetChargeRefundInfo.user 1in server 1000000001cannot charge refund.
07-05 18:27:57:921[DEBUG]<mkdb.Worker.procedure.174>-mkio.send type=8920 class=openau.DataBetweenAuAnyAndGS this=(1,9002,1,B2,0,)
07-05 18:28:02:406[DEBUG]<mkio.Engine.2>-mkio.Rpc.request execute type=8903 class=openau.AuAnyLogin this=((B6,B6,B16,B12,1622939419,1,88,B32,B10,B0,B0,B0,), (0,-1,B0,B0,0,B0,))
07-05 18:28:02:406[DEBUG]<mkio.Engine.2>-execute((B6,B6,B16,B12,1622939419,1,88,B32,B10,B0,B0,B0,), (0,-1,B0,B0,0,B0,))
07-05 18:28:02:407[DEBUG]<mkdb.Worker..132>-LocojoyPlat.userLogin account=www123,
,session=www123loginipstr=27.23.188.96,loginip=1622939419,plattype=1,gameid=88,serverid=1000000001,selfchannel=,childchannel=,deviceid=
07-05 18:28:02:407[DEBUG]<mkdb.Worker..132>-LocojoyPlat.userLogin account=www123!Isn't the allow robot name(mt3robot)!Will do sdk http login!
07-05 18:28:02:407[DEBUG]<mkdb.Worker..132>-LocojoyPlat.userLogin start doHttpLogin serverid=1000000001,selfchannel=
07-05 18:28:02:407[DEBUG]<mkdb.Worker..132>-HttpIO.getRequest url = http://127.0.0.1:88/api/game/sdk?account=www123&password=www123&serverId=1000000001
07-05 18:28:02:526[DEBUG]<mkdb.Worker..132>-LocojoyPlat.userLogin finish doHttpLogin serverid=1000000001,selfchannel=
07-05 18:28:02:526[DEBUG]<mkdb.Worker..132>-LocojoyPlat.userLogin doHttpLogin={"Code":"1","Channel":"1","PlatformId":"1","Account":"www123","Message":"登录成功!","Session":"ea343913b0844e51f4d2cb7007a8b325964bed101b252d1ef2aa4405c2a8a37e","BindTicket":"","BindTicketExpire":0,"request_id":"ced9916656fa9472"}
07-05 18:28:02:526[DEBUG]<mkdb.Worker..132>-LocojoyPlat.userLogin make account=1@@1@@www123
07-05 18:28:02:526[DEBUG]<mkdb.Worker..132>-LocojoyPlat.onUserLoginSucceed plat=ljpl,account=1@@1@@www123,userid=1
07-05 18:28:02:526[DEBUG]<mkdb.Worker..132>-mkio.send type=8903 class=openau.AuAnyLogin this=((B6,B6,B16,B12,1622939419,1,88,B32,B10,B0,B0,B0,), (0,1,B4,B12,0,B0,))
07-05 18:28:03:060[DEBUG]<mkio.Engine.2>-mkio.Protocol execute type=8920 class=openau.DataBetweenAuAnyAndGS this=(1,9001,2,B24,0,)
07-05 18:28:03:060[DEBUG]<mkio.Engine.2>-execute(1,9001,2,B24,0,)
07-05 18:28:03:060[INFO]<mkdb.Worker.procedure.201>-PGetChargeRefundInfo.userid:1,username:1@@1@@www123,ousername:1@@1@@www123,config charge:null,chargeRe:null
07-05 18:28:03:060[INFO]<mkdb.Worker.procedure.201>-PGetChargeRefundInfo.user 1in server 1000000001cannot charge refund.
07-05 18:28:03:060[DEBUG]<mkdb.Worker.procedure.201>-mkio.send type=8920 class=openau.DataBetweenAuAnyAndGS this=(1,9002,1,B2,0,)
07-05 18:28:03:084[DEBUG]<mkio.Engine.2>-mkio.Protocol execute type=8920 class=openau.DataBetweenAuAnyAndGS this=(1,9001,2,B24,0,)
07-05 18:28:03:084[DEBUG]<mkio.Engine.2>-execute(1,9001,2,B24,0,)
07-05 18:28:03:085[INFO]<mkdb.Worker.procedure.202>-PGetChargeRefundInfo.userid:1,username:1@@1@@www123,ousername:1@@1@@www123,config charge:null,chargeRe:null
07-05 18:28:03:085[INFO]<mkdb.Worker.procedure.202>-PGetChargeRefundInfo.user 1in server 1000000001cannot charge refund.
07-05 18:28:03:085[DEBUG]<mkdb.Worker.procedure.202>-mkio.send type=8920 class=openau.DataBetweenAuAnyAndGS this=(1,9002,1,B2,0,)
07-05 18:28:07:694[DEBUG]<mkio.Engine.2>-mkio.Rpc.request execute type=8903 class=openau.AuAnyLogin this=((B6,B6,B16,B12,1622939419,1,88,B32,B10,B0,B0,B0,), (0,-1,B0,B0,0,B0,))
07-05 18:28:07:694[DEBUG]<mkio.Engine.2>-execute((B6,B6,B16,B12,1622939419,1,88,B32,B10,B0,B0,B0,), (0,-1,B0,B0,0,B0,))
07-05 18:28:07:694[DEBUG]<mkdb.Worker..142>-LocojoyPlat.userLogin account=www123,
,session=www123loginipstr=27.23.188.96,loginip=1622939419,plattype=1,gameid=88,serverid=1000000001,selfchannel=,childchannel=,deviceid=
07-05 18:28:07:694[DEBUG]<mkdb.Worker..142>-LocojoyPlat.userLogin account=www123!Isn't the allow robot name(mt3robot)!Will do sdk http login!
07-05 18:28:07:694[DEBUG]<mkdb.Worker..142>-LocojoyPlat.userLogin start doHttpLogin serverid=1000000001,selfchannel=
07-05 18:28:07:694[DEBUG]<mkdb.Worker..142>-HttpIO.getRequest url = http://127.0.0.1:88/api/game/sdk?account=www123&password=www123&serverId=1000000001
07-05 18:28:07:807[DEBUG]<mkdb.Worker..142>-LocojoyPlat.userLogin finish doHttpLogin serverid=1000000001,selfchannel=
07-05 18:28:07:807[DEBUG]<mkdb.Worker..142>-LocojoyPlat.userLogin doHttpLogin={"Code":"1","Channel":"1","PlatformId":"1","Account":"www123","Message":"登录成功!","Session":"b96a2df668f6edead3f333d0457066c81eaf7d15519a68790c1abcc11c7c3718","BindTicket":"","BindTicketExpire":0,"request_id":"91d87d9ce80f053a"}
07-05 18:28:07:807[DEBUG]<mkdb.Worker..142>-LocojoyPlat.userLogin make account=1@@1@@www123
07-05 18:28:07:807[DEBUG]<mkdb.Worker..142>-LocojoyPlat.onUserLoginSucceed plat=ljpl,account=1@@1@@www123,userid=1
07-05 18:28:07:807[DEBUG]<mkdb.Worker..142>-mkio.send type=8903 class=openau.AuAnyLogin this=((B6,B6,B16,B12,1622939419,1,88,B32,B10,B0,B0,B0,), (0,1,B4,B12,0,B0,))
07-05 18:28:08:625[DEBUG]<mkio.Engine.2>-mkio.Protocol execute type=8920 class=openau.DataBetweenAuAnyAndGS this=(1,9001,2,B24,0,)
07-05 18:28:08:625[DEBUG]<mkio.Engine.2>-execute(1,9001,2,B24,0,)
07-05 18:28:08:626[INFO]<mkdb.Worker.procedure.204>-PGetChargeRefundInfo.userid:1,username:1@@1@@www123,ousername:1@@1@@www123,config charge:null,chargeRe:null
07-05 18:28:08:626[INFO]<mkdb.Worker.procedure.204>-PGetChargeRefundInfo.user 1in server 1000000001cannot charge refund.
07-05 18:28:08:626[DEBUG]<mkdb.Worker.procedure.204>-mkio.send type=8920 class=openau.DataBetweenAuAnyAndGS this=(1,9002,1,B2,0,)
07-05 18:28:08:646[DEBUG]<mkio.Engine.2>-mkio.Protocol execute type=8920 class=openau.DataBetweenAuAnyAndGS this=(1,9001,2,B24,0,)
07-05 18:28:08:646[DEBUG]<mkio.Engine.2>-execute(1,9001,2,B24,0,)
07-05 18:28:08:646[INFO]<mkdb.Worker.procedure.205>-PGetChargeRefundInfo.userid:1,username:1@@1@@www123,ousername:1@@1@@www123,config charge:null,chargeRe:null
07-05 18:28:08:646[INFO]<mkdb.Worker.procedure.205>-PGetChargeRefundInfo.user 1in server 1000000001cannot charge refund.
07-05 18:28:08:646[DEBUG]<mkdb.Worker.procedure.205>-mkio.send type=8920 class=openau.DataBetweenAuAnyAndGS this=(1,9002,1,B2,0,)
07-05 18:28:09:618[INFO]<mkdb.Checkpoint>----------------- begin ----------------
07-05 18:28:09:618[INFO]<mkdb.Checkpoint>-marshalN=1/0
07-05 18:28:09:618[INFO]<mkdb.Checkpoint>-snapshot=0 marshal0=0
07-05 18:28:09:618[INFO]<mkdb.Checkpoint>-flush=0
07-05 18:28:09:618[INFO]<mkdb.Checkpoint>------------------ end -----------------
07-05 18:28:43:100[INFO]<Thread-5>-ServersId:
[1000000001/127.0.0.1:38384]

07-05 18:29:09:674[INFO]<mkdb.Checkpoint>----------------- begin ----------------
07-05 18:29:09:674[INFO]<mkdb.Checkpoint>-marshalN=1/0
07-05 18:29:09:674[INFO]<mkdb.Checkpoint>-snapshot=0 marshal0=0
07-05 18:29:09:674[INFO]<mkdb.Checkpoint>-flush=0
07-05 18:29:09:674[INFO]<mkdb.Checkpoint>------------------ end -----------------
07-05 18:29:43:100[INFO]<Thread-5>-ServersId:
[1000000001/127.0.0.1:38384]

07-05 18:29:54:754[DEBUG]<mkio.Engine.2>-mkio.Protocol execute type=8058 class=gnet.AuGameKeepAlive this=(1783247394754,)
07-05 18:29:54:754[DEBUG]<mkio.Engine.2>-execute(1783247394754,)
07-05 18:29:54:754[DEBUG]<mkdb.Worker..152>-mkio.send type=8058 class=gnet.AuGameKeepAlive this=(1783247394754,)
07-05 18:30:09:724[INFO]<mkdb.Checkpoint>----------------- begin ----------------
07-05 18:30:09:724[INFO]<mkdb.Checkpoint>-marshalN=1/0
07-05 18:30:09:724[INFO]<mkdb.Checkpoint>-snapshot=0 marshal0=0
07-05 18:30:09:724[INFO]<mkdb.Checkpoint>-flush=0
07-05 18:30:09:724[INFO]<mkdb.Checkpoint>------------------ end -----------------
07-05 18:30:43:100[INFO]<Thread-5>-ServersId:
[1000000001/127.0.0.1:38384]

