"序号","题目","选项1","选项2","选项3","选项4","正确答案","正确奖励id","错误奖励id","精灵id"
"1","歌曲《怒放的生命》《北京北京》演唱者是？","汪峰","张信哲","王力宏","张惠妹","1","5870","5880",""
"2","歌曲《海阔天空》《光辉岁月》演唱者是？","Beyond","张信哲","王力宏","张惠妹","1","5870","5880",""
"3","以下哪首歌不是凤凰传奇演唱的？","大约在冬季","月亮之上","自由飞翔","荷塘月色","1","5870","5880",""
"4","歌曲《吻别》《一千个伤心的理由》演唱者是？","张学友","张信哲","王力宏","张惠妹","1","5870","5880",""
"5","忘情水的演唱者是？","刘德华","郭富城","古天乐","周笔畅","1","5870","5880",""
"6","歌曲《单身情歌》是谁的成名曲？","林志炫","张雨生","莫文蔚","郑源","1","5870","5880",""
"7","歌曲《勇气》是谁的成名曲？","梁静茹","张雨生","莫文蔚","郑源","1","5870","5880",""
"8","周杰伦和谁一起演唱的“千里之外”？","费玉清","阿信","林俊杰","古巨基","1","5870","5880",""
"9","歌颂友情的歌曲《朋友》由谁演唱的？","周华健","刘欢","古巨基","崔健","1","5870","5880",""
"10","下面哪首歌适合身份是情侣的人听？","今天你要嫁给我","父亲","朋友","找朋友","1","5870","5880",""
"11","歌曲《那些年》是谁的成名曲？","胡夏","张雨生","莫文蔚","郑源","1","5870","5880",""
"12","歌曲《董小姐》演唱者是？","宋冬野","周杰伦","张杰","魏晨","1","5870","5880",""
"13","歌曲《时间煮雨》演唱者是？","郁可唯","周杰伦","张杰","魏晨","1","5870","5880",""
"14","歌曲《那女孩对我说》是谁的成名曲？","黄义达","邓紫棋","华晨宇","王菲","1","5870","5880",""
"15","歌曲《爱的初体验》是谁的成名曲？","张震岳","邓紫棋","华晨宇","王菲","1","5870","5880",""
"16","歌曲《祝你平安》是谁的成名曲？","孙悦","邓紫棋","华晨宇","王菲","1","5870","5880",""
"17","关于情侣分手的情歌是哪一首？","分手快乐","好好恋爱","爱神","十七岁的雨季","1","5870","5880",""
"18","《情歌王》是谁的专辑里的歌曲？","古巨基","周华健","刘欢","张杰","1","5870","5880",""
"19","歌曲《天涯》是谁的成名曲？","爱乐团","邓紫棋","华晨宇","王菲","1","5870","5880",""
"20","歌曲《电台情歌》是谁的成名曲？","莫文蔚","邓紫棋","华晨宇","王菲","1","5870","5880",""
"21","歌曲《桃花朵朵开》是谁的成名曲？","阿牛","邓紫棋","华晨宇","王菲","1","5870","5880",""
"22","歌曲《孤单北半球》是谁的成名曲？","欧得洋","邓紫棋","华晨宇","王菲","1","5870","5880",""
"23","歌曲《传奇》《因为爱情》演唱者是？","王菲","周传雄","张雨生","张靓颖","1","5870","5880",""
"24","歌曲《最炫民族风》《荷塘月色》演唱者是？","凤凰传奇","周传雄","张雨生","张靓颖","1","5870","5880",""
"25","周杰伦的哪首歌唱出了中医的精髓？","本草纲目","一路向北","清明雨上","双节棍","1","5870","5880",""
"26","歌曲《做我老婆好不好》演唱者是？","徐誉滕","周杰伦","张杰","魏晨","1","5870","5880",""
"27","歌曲《一个像夏天一个像秋天》演唱者是？","范玮琪","周杰伦","张杰","魏晨","1","5870","5880",""
"28","歌曲《约定》演唱者是？","周慧","周杰伦","张杰","魏晨","1","5870","5880",""
"29","歌曲《月半小夜曲》演唱者是？","李克勤","周杰伦","张杰","魏晨","1","5870","5880",""
"30","歌曲《说谎》演唱者是？","林宥嘉","周杰伦","张杰","魏晨","1","5870","5880",""
"31","歌曲《香水有毒》是谁的成名曲？","胡杨林","张惠妹","五月天","王杰","1","5870","5880",""
"32","歌曲《七月七日晴》是谁的成名曲？","吴慧欣","张惠妹","五月天","王杰","1","5870","5880",""
"33","歌曲《光辉岁月》是谁的成名曲？","Beyond","张惠妹","五月天","王杰","1","5870","5880",""
"34","歌曲《我是女生》是谁的成名曲？","徐怀钰","邓紫棋","华晨宇","王菲","1","5870","5880",""
"35","歌曲《看我72变》是谁的成名曲？","蔡依林","张惠妹","五月天","王杰","1","5870","5880",""
"36","歌曲《猪之歌》是谁的成名曲？","香香","邓紫棋","华晨宇","王菲","1","5870","5880",""
"37","《大笑江湖》这首歌是由谁演唱的？","小沈阳","宋小宝","刀郎","伍佰","1","5870","5880",""
"38","歌曲《一直很安静》《寂寞在唱歌》演唱者是？","阿桑","周传雄","张雨生","张靓颖","1","5870","5880",""
"39","歌曲《泡沫》《后会无期》演唱者是？","邓紫棋","周传雄","张雨生","张靓颖","1","5870","5880",""
"40","歌曲《同桌的你》是谁的成名曲？","老狼","张雨生","莫文蔚","郑源","1","5870","5880",""
"41","歌曲《你是我的眼》是谁的成名曲？","林宥嘉","张雨生","莫文蔚","郑源","1","5870","5880",""
"42","歌曲《需要人陪》演唱者是？","王力宏","周杰伦","张杰","魏晨","1","5870","5880",""
"43","歌曲《对你爱不完》是谁的成名曲？","郭富城","张惠妹","五月天","王杰","1","5870","5880",""
"44","歌曲《十七岁的雨季》是谁的成名曲？","林志颖","张惠妹","五月天","王杰","1","5870","5880",""
"45","歌曲《花心》是谁的成名曲？","周华健","张雨生","莫文蔚","郑源","1","5870","5880",""
"46","歌曲《有多少爱可以重来》是谁的成名曲？","迪克牛仔","张国荣","苏打绿","周传雄","1","5870","5880",""
"47","歌曲《青花瓷》《烟花易冷》演唱者是？","周杰伦","张信哲","王力宏","张惠妹","1","5870","5880",""
"48","歌曲《放生》演唱者是？","范逸臣","周杰伦","张杰","魏晨","1","5870","5880",""
"49","歌曲《无所谓》《空城》演唱者是？","杨坤","张信哲","王力宏","张惠妹","1","5870","5880",""
"50","歌曲《水手》是谁的成名曲？","郑智化","张国荣","苏打绿","周传雄","1","5870","5880",""
"51","歌曲《天使的翅膀》是谁的成名曲？","安琥","张国荣","苏打绿","周传雄","1","5870","5880",""
"52","歌曲《偏爱》是谁的成名曲？","张芸京","张国荣","苏打绿","周传雄","1","5870","5880",""
"53","歌曲《空白格》演唱者是？","杨宗纬","周杰伦","张杰","魏晨","1","5870","5880",""
"54","歌曲《何必在一起》《逆战》演唱者是？","张杰","张信哲","王力宏","张惠妹","1","5870","5880",""
"55","歌曲《甜蜜蜜》《月亮代表我的心》演唱者是？","邓丽君","张信哲","王力宏","张惠妹","1","5870","5880",""
"56","歌曲《背叛》是谁的成名曲？","曹格","伍佰","范玮琪","宋祖英","1","5870","5880",""
"57","歌曲《小情歌》是谁的成名曲？","苏打绿","刘欢","齐秦","成龙","1","5870","5880",""
"58","歌曲《家乡》是谁的成名曲？","韩红","伍佰","范玮琪","宋祖英","1","5870","5880",""
"59","歌曲《江南》是谁的成名曲？","林俊杰","伍佰","范玮琪","宋祖英","1","5870","5880",""
"60","歌曲《勇气》《可惜不是你》演唱者是？","梁静茹","郁可唯","曲婉婷","许巍","1","5870","5880",""
"61","神曲《江南style》的主唱是？","鸟叔","龚琳娜","凤凰传奇","梁静茹","1","5870","5880",""
"62","王菲演唱了苏轼的水调歌头的一首歌是？","明月几时有","把酒问青天念奴娇","念奴娇","锄禾","1","5870","5880",""
"63","歌曲《爱笑的眼睛》演唱者是？","林俊杰","周杰伦","张杰","魏晨","1","5870","5880",""
"64","歌曲《断点》是谁的成名曲？","张敬轩","刘欢","齐秦","成龙","1","5870","5880",""
"65","歌曲《花好月圆》是谁唱的？","任贤齐","成龙","李宇春","周笔畅","1","5870","5880",""
"66","歌曲《小苹果》演唱者是？","筷子兄弟","张学友","陈楚生","潘玮柏","1","5870","5880",""
"67","歌曲《爱如潮水》是谁的成名曲？","张信哲","刘欢","齐秦","成龙","1","5870","5880",""
"68","歌曲《阴天》演唱者是？","莫文蔚","周杰伦","张杰","魏晨","1","5870","5880",""
"69","代表作品《下沙》、《诗人的眼泪》是哪位台湾创作型歌手演唱？","游鸿明","李宗盛","郑智化","周杰伦","1","5870","5880",""
"70","歌曲《童话》是谁的成名曲？","光良","刘欢","齐秦","成龙","1","5870","5880",""
"71","歌曲《大约在冬季》是谁的成名曲？","齐秦","方大同","陈楚生","郭富城","1","5870","5880",""
"72","歌曲《时间都去哪儿了》演唱者是？","王铮亮","张学友","陈楚生","潘玮柏","1","5870","5880",""
"73","歌曲《该死的温柔》是谁的成名曲？","马天宇","方大同","陈楚生","郭富城","1","5870","5880",""
"74","歌曲《记事本》是谁的成名曲？","陈慧琳","刘欢","齐秦","成龙","1","5870","5880",""
"75","歌曲《感恩的心》是谁的成名曲？","欧阳菲菲","方大同","陈楚生","郭富城","1","5870","5880",""
"76","歌曲《当你孤单你会想起谁》是谁的成名曲？","张栋梁","方大同","陈楚生","郭富城","1","5870","5880",""
"77","演唱过《看我七十二变》《舞娘》等歌曲的台湾女歌手是谁？","蔡依林","王心凌","萧亚轩","张韶涵","1","5870","5880",""
"78","歌曲《心太软》是谁的成名曲？","任贤齐","刘欢","齐秦","成龙","1","5870","5880",""
"79","歌曲《我们都是好孩子》是谁的成名曲？","王筝","方大同","陈楚生","郭富城","1","5870","5880",""
"80","歌曲《喜欢你》《龙卷风》演唱者是？","G.E.M邓紫棋","张学友","陈楚生","潘玮柏","1","5870","5880",""
"81","歌曲《梦醒时分》是谁的成名曲？","陈淑桦","方大同","陈楚生","郭富城","1","5870","5880",""
"82","中华人民共和国国歌原名是什么？","义勇军进行曲","马赛进行曲","风云儿女","大路歌","1","5870","5880",""
"83","下列歌曲哪一首不是儿歌？","勇气","小燕子","数鸭子","两只老虎","1","5870","5880",""
"84","歌曲《痴心绝对》是谁的成名曲？","李圣杰","方大同","陈楚生","郭富城","1","5870","5880",""
"85","歌曲《星语心愿》是谁的成名曲？","张柏芝","张惠妹","五月天","王杰","1","5870","5880",""
"86","歌曲《棉花糖》是谁的成名曲？","至上励合","张惠妹","五月天","王杰","1","5870","5880",""
"87","歌曲《老男孩》是谁的成名曲？","筷子兄弟","那英","周杰伦","陈奕迅","1","5870","5880",""
"88","歌曲《千千阙歌》是谁的成名曲？","陈慧娴","那英","周杰伦","陈奕迅","1","5870","5880",""
"89","歌曲《我的歌声里》是谁的成名曲？","曲婉婷","那英","周杰伦","陈奕迅","1","5870","5880",""
"90","歌曲《走在冷风中》演唱者是？","刘思涵","周杰伦","张杰","魏晨","1","5870","5880",""
"91","歌曲《如果这都不算爱》演唱者是？","张学友","周杰伦","张杰","魏晨","1","5870","5880",""
"92","歌曲《你把我灌醉》是谁的成名曲？","黄大炜","张惠妹","五月天","王杰","1","5870","5880",""
"93","歌曲《红日》是谁的成名曲？","李克勤","那英","周杰伦","陈奕迅","1","5870","5880",""
"94","歌曲《无所谓》是谁的成名曲？","杨坤","那英","周杰伦","陈奕迅","1","5870","5880",""
"95","歌曲《独角戏》是谁的成名曲？","许茹芸","张惠妹","五月天","王杰","1","5870","5880",""
"96","歌曲《白桦树》是谁的成名曲？","朴树","张国荣","苏打绿","周传雄","1","5870","5880",""
"97","歌曲《想你的夜》是谁的成名曲？","关喆","伍佰","范玮琪","宋祖英","1","5870","5880",""
"98","歌曲《2002年的第一场雪》是谁的成名曲？","刀郎","张国荣","苏打绿","周传雄","1","5870","5880",""
"99","歌曲《城里的月光》是谁的成名曲？","许美静","伍佰","范玮琪","宋祖英","1","5870","5880",""
"100","歌曲《倔强》是谁的成名曲？","五月天","伍佰","范玮琪","宋祖英","1","5870","5880",""
"101","歌曲《平凡之路》演唱者是？","朴树","张学友","陈楚生","潘玮柏","1","5870","5880",""
"102","歌曲《相见恨晚》是谁的成名曲？","彭佳慧","那英","周杰伦","陈奕迅","1","5870","5880",""
"103","歌曲《一场游戏一场梦》是谁的成名曲？","王杰","那英","周杰伦","陈奕迅","1","5870","5880",""
"104","歌曲《最熟悉的陌生人》是谁的成名曲？","萧亚轩","张雨生","莫文蔚","郑源","1","5870","5880",""
"105","歌曲《流星雨》是谁的成名曲？","F4","张惠妹","五月天","王杰","1","5870","5880",""
"106","歌曲《在他乡》是谁的成名曲？","水木年华","张惠妹","五月天","王杰","1","5870","5880",""
"107","歌曲《青春修炼手册》《幸运符号》演唱者是？","TFBOYS","张学友","陈楚生","潘玮柏","1","5870","5880",""
"108","歌曲《海绵宝宝》演唱者是？","回音哥","周杰伦","张杰","魏晨","1","5870","5880",""
"109","“433”“352”“442”阵型是哪种运动的术语？","足球","网球","橄榄球","篮球","1","5870","5880",""
"110","一般国际足球赛的比赛时间为？","90分钟","60分钟","30分钟","10分钟","1","5870","5880",""
"111","2014的世界杯中，中国队共参加了几场比赛？","少年，没有中国队","5场","2场","3场","1","5870","5880",""
"112","2014年世界杯在哪里举行？","巴西","中国","日本","北京","1","5870","5880",""
"113","国际足球联合会的英文缩写为什么？","FIFA","FOOT","GOLF","FC","1","5870","5880",""
"114","被国际足联评为20世纪的世纪足球小姐的中国足球运动员是谁？","孙雯","韩端","徐媛","汪宁宁","1","5870","5880",""
"115","运动员为了提高成绩而违法服用的禁药统称为什么？","兴奋剂","维他命","抗生素","红牛","1","5870","5880",""
"116","阿里巴巴掌门人马云，要收购中国哪家足球俱乐部股权？","广州恒大","北京国安","杭州绿城","中国队","1","5870","5880",""
"117","足球比赛时，驱逐球员出场用的牌子为？","红色","黄色","绿色","白色","1","5870","5880",""
"118","号称“世界第一运动”的项目是？","足球","篮球","乒乓球","排球","1","5870","5880",""
"119","曾获亚洲足球先生的中国足球运动员是谁？","范志毅","孙祥","邵佳一","郝海东","1","5870","5880",""
"120","梅西是哪个国家的？","阿根廷","巴西","丹麦","法国","1","5870","5880",""
"121","哪只球队被网友及球迷称为历史上最稳定的足球队？","中国队","日本队","韩国队","朝鲜队","1","5870","5880",""
"122","第一个登陆欧洲足球冠军联赛的中国球员是？","孙祥","高峰","范志毅","姚明","1","5870","5880",""
"123","下列哪个大洲的足球赛最好看？","欧洲杯","亚洲杯","美洲杯","非洲杯","1","5870","5880",""
"124","现代足球的发源地是哪？","英国","美国","中国","法国","1","5870","5880",""
"125","C罗是哪个国家的？","葡萄牙","西班牙","巴西","英国","1","5870","5880",""
"126","足球比赛时，可替换人数为？","3人","2人","1人","4人","1","5870","5880",""
"127","足球比赛中裁判员单臂上举握拳的手势表示什么意思？","比赛结束","任意球","点球","换人","1","5870","5880",""
"128","足球比赛中，掷界外球方法有两种，助跑和？","原地","跳跃","凌空","脚踢","1","5870","5880",""
"129","足球比赛时，替换球员应从哪里入场？","中线","中圈","球门线","底线处","1","5870","5880",""
"130","第一届世界杯在哪里举行？","乌拉圭","巴西","德国","阿根廷","1","5870","5880",""
"131","足球运动员布冯是哪国门将？","意大利","德国","巴西","英格兰","1","5870","5880",""
"132","足球比赛开球时，守方每一位队员需站在开球点多少码以外？","10码","12码","15码","15码以外","1","5870","5880",""
"133","足球比赛时，当球碰到球门柱及角旗弹回场内，则比赛应该怎样？","继续","停止","出界","判罚球门球","1","5870","5880",""
"134","足球比赛时，球由防守者踢出底线，判什么球？","角球","球门球","十二码罚球","自由球","1","5870","5880",""
"135","足球比赛中，执行头顶球时特别先要固定身体哪个部位？","颈部","肩部","头顶","腰部","1","5870","5880",""
"136","足球比赛中，以下哪一个区域为守门员的保护区？","六码","十八码","十二码","二十码","1","5870","5880",""
"137","2008年北京奥运会足球比赛冠军是哪个国家？","阿根廷","中国","美国","巴西","1","5870","5880",""
"138","足球运动员宣布“挂靴”，表示什么意思？","退役","提升为队长","更换俱乐部","任职国家队","1","5870","5880",""
"139","以下哪个是英格兰球星？","鲁尼","浙尼","苏尼","贵尼","1","5870","5880",""
"140","2002年中国男子国家足球队主教练是？","米卢","油卢","盐卢","柴卢","1","5870","5880",""
"141","2018年世界杯在哪举行？","俄罗斯","德国","南非","卡塔尔","1","5870","5880",""
"142","2004年的欧洲杯在哪里进行？","葡萄牙","比利时","德国","荷兰","1","5870","5880",""
"143","世界杯历史上最快的进球是多少秒？","11","10","12","13","1","5870","5880",""
"144","中国队于2002世界杯失球几个？","9","5","7","11","1","5870","5880",""
"145","世界足球无冕之王是？","荷兰","巴西","意大利","德国","1","5870","5880",""
"146","中国队所参加过的亚洲杯最好的成绩是？","亚军","季军","冠军","殿军","1","5870","5880",""
"147","巴西足球巨星罗纳尔迪尼奥招牌过人动作是？","牛尾巴","钟摆式过人","马赛回旋","踩单车","1","5870","5880",""
"148","著名守门员王大雷目前效力于中超的哪支球队？","山东鲁能","广东恒大","北京现代","广东八一","1","5870","5880",""
"149","2014世界杯四分之一决赛，巴西—哥伦比亚中骨裂退赛的是谁？","内马尔","罗本","C罗","小罗","1","5870","5880",""
"150","世界杯历史上，以下球队，哪支球队击败过强大的中国队？","哥斯达黎加","英格兰","意大利","德国","1","5870","5880",""
"151","足球比赛时，球由防守者踢出底线，判什么球？","角球","球门球","点球","任意球","1","5870","5880",""
"152","足球比赛中，以下不能直接得分的定位球是？","间接任意球","球门球","中圈开球","角球","1","5870","5880",""
"153","足球比赛中，“四三三”阵型中有几个边卫？","2","1","3","4","1","5870","5880",""
"154","中国足球队获得世界杯决赛阶段参赛权是第几届？","17届","18届","19届","20届","1","5870","5880",""
"155","把对方控制的球夺过来，踢出去或破坏掉，什么行为？","抢球","截球","踢球","停球","1","5870","5880",""
"156","罚点球时，罚球点至球门线的距离为多少米？","11米","9.15米","12米","13米","1","5870","5880",""
"157","足球比赛中，缓冲来球的力量是什么动作的关键？","停球","踢球","运球","顶球","1","5870","5880",""
"158","成为第一个两次主办世界杯决赛阶段比赛的国家是？","墨西哥","乌拉圭","巴西","意大利","1","5870","5880",""
"159","世界杯足球赛每几年举办一次？","4","3","2","1","1","5870","5880",""
"160","世界杯足球比赛中，中场休息的时间为？","15分钟","10分钟","20分钟","5分钟","1","5870","5880",""
"161","古代足球称为？","蹴鞠","毽子","藤球","蹴球","1","5870","5880",""
"162","贝克汉姆是哪个运动项目的运动员？","足球","篮球","乒乓球","排球","1","5870","5880",""
"163","下列不属于罗纳尔多的绰号是？","C罗","肥罗","外星人","大罗","1","5870","5880",""
"164","亚洲拥有几个参加世界杯的名额？","4.5个","6个","8个","12个","1","5870","5880",""
"165","被赞誉为“亚洲第一前锋”的是？","郝海东","毛彪","李玮峰","曹阳","1","5870","5880",""
"166","梅西代表哪个国家队出战世界杯？","阿根廷","巴塞罗那","西班牙","玻利维亚","1","5870","5880",""
"167","中国足球唯一一次闯入世界杯是在？","韩日世界杯","德国世界杯","法国世界杯","巴西世界杯","1","5870","5880",""
"168","亚洲俱乐部足球最高等级的赛事是？","亚冠联赛","欧冠联赛","世界杯","大力神杯","1","5870","5880",""
"169","2013年哪只中国球队进亚冠八强？","广州恒大","江苏舜天","北京国安","贵州人和","1","5870","5880",""
"170","下列哪个联赛不是欧洲足球五大联赛？","巴甲","英超","西甲","德甲","1","5870","5880",""
"171","被称为“橙衣军团”的是哪支国家足球队？","荷兰","德国","墨西哥","巴西","1","5870","5880",""
"172","罗纳尔多是哪个国家的著名足球运动员？","巴西","荷兰","英国","意大利","1","5870","5880",""
"173","全垒打是哪个体育项目的得分手段之一？","棒球","垒球","橄榄球","门球","1","5870","5880",""
"174","球场上经常“端着肩膀”的我国国脚是？","范志毅","郝海东","杨晨","宿茂臻","1","5870","5880",""
"175","首届女足世界杯足球赛在哪个国家举行？","中国","韩国","日本","美国","1","5870","5880",""
"176","三星2012伦敦奥运会形象大使是谁？","贝克汉姆","姚明","马拉多纳","朴泰桓","1","5870","5880",""
"177","世界杯中的三巨头是指德国，意大利和哪个国家？","巴西","英国","法国","加拿大","1","5870","5880",""
"178","迄今为止当选世界“足球先生”时最年轻的球星是谁？","罗纳尔多","马拉多纳","贝克汉姆","卡卡","1","5870","5880",""
"179","辣妹维多利亚的丈夫，曾效力于曼联俱乐部的英格兰球员是？","贝克汉姆","吉格斯","乔丹","刘国梁","1","5870","5880",""
"180","1986年世界杯上演了“上帝之手”的足球运动员是谁？","马拉多纳","贝利","罗纳尔多","贝克汉姆","1","5870","5880",""
"181","2014年巴西足球世界杯吉祥物是什么？","三色犰狳","三色龙","公鸡","恐龙","1","5870","5880",""
"182","NBA篮球比赛中，正常情况下，全场一共分为几节进行？","4节","5节","2节","8节","1","5870","5880",""
"183","乔丹的绰号？","飞人","狂人","闪电","大鲨鱼","1","5870","5880",""
"184","在篮球比赛中，灌篮得几分？","2分","1分","3分","4分","1","5870","5880",""
"185","篮球比赛中，谁可以提出暂停申请？","教练员","球队成员","球队队长","球队老板","1","5870","5880",""
"186","美国第一大职业篮球赛事是？","NBA","CBA","WNBA","UFO","1","5870","5880",""
"187","美国篮球梦之队首次亮相并夺冠于哪届奥运会上？","巴塞罗那","亚特兰大","悉尼","北京","1","5870","5880",""
"188","NBA共有多少支球队？","30支","35支","25支","11支","1","5870","5880",""
"189","篮球球星韦德代言的品牌是？","李宁","耐克","阿迪达斯","安踏","1","5870","5880",""
"190","篮球球星科比、詹姆斯代言的品牌是？","耐克","阿迪达斯","双星","安尔乐","1","5870","5880",""
"191","姚明的身高是？","2.26米","1.89米","2.15米","1.96米","1","5870","5880",""
"192","NBA篮球比赛中拥有球权的队必须在获得球后多少秒内投篮？","24秒","18秒","30秒","59秒","1","5870","5880",""
"193","NBA规则里罚球的球员应在多少秒内完成罚球动作？","10秒","12秒","15秒","20秒","1","5870","5880",""
"194","迈克尔.乔丹在芝加哥公牛担任什么位置？","后卫","前锋","中锋","教练","1","5870","5880",""
"195","第一个登陆NBA的中国篮球运动员是谁？","王治郅","姚明","巴特尔","王芳","1","5870","5880",""
"196","篮球比赛双方打成平局需要进行决胜，决胜期时间为多少分钟？","5","3","4","2","1","5870","5880",""
"197","篮球比赛中的违反体育道德犯规的罚则是？","两罚一掷","界外球","一罚一掷","直接驱逐出场","1","5870","5880",""
"198","国际篮球一场比赛应该由四节组成，每节多少分钟？","10分钟","12分钟","15分钟","20分钟","1","5870","5880",""
"199","篮球比赛中，当执行跳球时，每名跳球队员可以合法拍球几次？","2","1","3","4","1","5870","5880",""
"200","一场正式的篮球比赛的时间是多少分钟？","40分钟","35分钟","45分钟","50分钟","1","5870","5880",""
"201","篮球比赛中，进攻队员在后场控球后必须几秒钟内使球进入前场？","8","3","5","10","1","5870","5880",""
"202","篮球运动最早传入的亚洲国家是？","中国","俄罗斯","韩国","日本","1","5870","5880",""
"203","迈克尔.乔丹为哪支球队带来了6座总冠军奖杯？","公牛","奇才","火箭","快船","1","5870","5880",""
"204","芝加哥公牛队6冠期间，队里的第二核心是谁？","皮蓬","罗德曼","杰克逊","克劳斯","1","5870","5880",""
"205","NBA赛季，在季后赛中，共有多少支球队参加比赛？","16支","12支","20支","24支","1","5870","5880",""
"206","篮球队员的号码因跟裁判的手势有关而没有哪三个号码？","1、2、3","1、3、5","2、4、6","30、31、32","1","5870","5880",""
"207","“空中接力”“挡拆”是哪项体育运动的专业术语？","篮球","足球","曲棍球","棒球","1","5870","5880",""
"208","有8个篮球队参加单淘汰比赛，共有几场比赛？","7","10","12","16","1","5870","5880",""
"209","姚明曾效力于NBA哪个球队？","休斯顿火箭队","迈阿密热火队","芝加哥公牛队","洛杉矶湖人队","1","5870","5880",""
"210","篮球运动起源于哪个国家？","美国","中国","法国","日本","1","5870","5880",""
"211","下列不属于篮球假动作的是？","排山倒海","变向运球","眼神骗人","假投真传","1","5870","5880",""
"212","中国篮球协会的英文缩写是？","CBA","NBA","WNBA","UFO","1","5870","5880",""
"213","NBA一共分几个联盟？","两个","三个","四个","三十个","1","5870","5880",""
"214","NBA每个联盟由几个赛区组成？","三个","四个","五个","两个","1","5870","5880",""
"215","NBA每个赛区有几只球队？","五个","两个","三个","四个","1","5870","5880",""
"216","篮球赛场上，每队上场球员有几个？","5个","6个","10个","11个","1","5870","5880",""
"217","下列不属于篮球基本控球技巧的是？","投篮","跨下前后抛球","颈部盘球","持球","1","5870","5880",""
"218","NBA技术统计缩写中“AST”代表什么含义？","助攻次数","篮板球数","投篮成功次数","罚篮成功数","1","5870","5880",""
"219","NBA技术统计缩写中“F”代表什么含义？","前锋","中锋","后卫","替补","1","5870","5880",""
"220","篮球运动的创始人奈史密斯出生于哪里？","加拿大","美国","英国","法国","1","5870","5880",""
"221","篮球运动从美国最早传入的国家是？","法国","巴西","中国","印度","1","5870","5880",""
"222","NBA季后赛一共有多少支球队参加？","16","12","20","24","1","5870","5880",""
"223","NBA正式比赛中，篮筐的高度是多少？","3.05米","2.96米","3.15米","3.26米","1","5870","5880",""
"224","NBA球星迈克尔·乔丹最初效力于哪只球队？","芝加哥公牛队","华盛顿奇才队","夏洛特山猫队","迈阿密热火队","1","5870","5880",""
"225","篮球比赛中历史上哪只球队获得总冠军最多？","凯尔特人队","湖人队","尼克斯队","公牛队","1","5870","5880",""
"226","姚明哪一年宣布正式退役？","2011年","2012年","2013年","2014年","1","5870","5880",""
"227","篮球比赛中最多能带着球走多少步？","三步","五步","十步","不限","1","5870","5880",""
"228","一场正规篮球比赛有几个裁判？","3","4","5","6","1","5870","5880",""
"229","NBA球星林书豪毕业于哪所大学？","哈佛","哈工大","牛津","哥伦比亚","1","5870","5880",""
"230","NBA中，曾和姚明在火箭队搭档的著名球星是谁？","麦迪","卡特","加内特","奥尼尔","1","5870","5880",""
"231","2012年夏天，林书豪与哪个篮球队签订了一份三年的合同？","火箭队","森林狼","湖人队","76人队","1","5870","5880",""
"232","2013-2014赛季NBA共有多少支球队进入季后赛？","16支","17支","18支","19支","1","5870","5880",""
"233","2014年CBA全明星赛在哪个城市举行？","北京","洛杉矶","巴黎","悉尼","1","5870","5880",""
"234","绰号“三分雨”，广东宏远队队长是中国哪位篮球明星？","朱芳雨","易建联","姚明","王治郅","1","5870","5880",""
"235","以下哪位是羽毛球运动员？","林丹","姚明","孙继海","邓亚萍","1","5870","5880",""
"236","以下哪位是篮球运动员？","科比·布莱恩特","邵佳一","罗纳尔多","贝克汉姆","1","5870","5880",""
"237","以下曾经效力于休斯顿火箭队的球星是？","姚明","科比·布莱恩特","奥尼尔","罗纳尔多","1","5870","5880",""
"238","吃、碰、扛是那种传统娱乐活动中的术语？","麻将","围棋","纸牌","国际象棋","1","5870","5880",""
"239","以下哪位是网球运动员？","李娜","林丹","邓亚萍","姚明","1","5870","5880",""
"240","以下曾经效力于芝加哥公牛队的球星是？","乔丹","科比·布莱恩特","奥尼尔","罗纳尔多","1","5870","5880",""
"241","以下哪位是跳水运动员？","郭晶晶","林丹","邓亚萍","姚明","1","5870","5880",""
"242","以下哪位是体操运动员？","李小双","刘翔","郝海东","邓亚萍","1","5870","5880",""
"243","以下哪位是足球运动员？","孙雯","姚明","田亮","邓亚萍","1","5870","5880",""
"244","以下哪位是跳水运动员？","伏明霞","林丹","邓亚萍","姚明","1","5870","5880",""
"245","以下哪位是体操运动员？","李宁","刘翔","郝海东","邓亚萍","1","5870","5880",""
"246","以下哪位是体操运动员？","李小鹏","刘翔","郝海东","邓亚萍","1","5870","5880",""
"247","以下哪位是跳水运动员？","田亮","林丹","邓亚萍","姚明","1","5870","5880",""
"248","以下哪位是乒乓球运动员？","刘国栋","刘璇","刘翔","郝海东","1","5870","5880",""
"249","以下哪位是足球运动员？","郝海东","姚明","田亮","邓亚萍","1","5870","5880",""
"250","跳水运动员郭晶晶的老公是？","霍启刚","邵佳一","林丹","郝海东","1","5870","5880",""
"251","以下哪位是体操运动员？","杨威","刘翔","郝海东","邓亚萍","1","5870","5880",""
"252","足球比赛中的帽子戏法是指一名球员一场比赛仅几个球？","3","4","5","6","1","5870","5880",""
"253","刘翔是什么项目运动员？","田径","体操","游泳","跳水","1","5870","5880",""
"254","李小双是什么项目运动员？","体操","田径","游泳","跳水","1","5870","5880",""
"255","cindy（森蝶）的爸爸是哪位体育明星？","田亮","林丹","姚明","孙继海","1","5870","5880",""
"256","以下哪位是足球运动员？","孙继海","姚明","田亮","邓亚萍","1","5870","5880",""
"257","李宁是什么项目运动员？","体操","田径","游泳","跳水","1","5870","5880",""
"258","以下哪位是乒乓球运动员？","邓亚萍","刘璇","刘翔","郝海东","1","5870","5880",""
"259","跳水运动员田亮的老婆是？","叶一茜","李湘","林心如","杨幂","1","5870","5880",""
"260","以下哪位是足球运动员？","范志毅","姚明","田亮","邓亚萍","1","5870","5880",""
"261","体操运动员杨威的老婆是？","杨云","郭晶晶","刘璇","孙雯","1","5870","5880",""
"262","以下哪位是篮球运动员？","易建联","郭晶晶","田亮","邓亚萍","1","5870","5880",""
"263","以下哪位是足球运动员？","贝克汉姆","奥尼尔","科比·布莱恩特","姚明","1","5870","5880",""
"264","以下哪位是乒乓球运动员？","孔令辉","刘璇","刘翔","郝海东","1","5870","5880",""
"265","姚明是什么项目运动员？","篮球","足球","田径","游泳","1","5870","5880",""
"266","以下哪位是篮球运动员？","姚明","郭晶晶","田亮","邓亚萍","1","5870","5880",""
"267","杨阳洋的爸爸是哪位体育明星？","杨威","杨康","田亮","杨过","1","5870","5880",""
"268","以下哪位是足球运动员？","罗纳尔多","奥尼尔","科比·布莱恩特","姚明","1","5870","5880",""
"269","以下哪位是足球运动员？","马拉多纳","奥尼尔","科比·布莱恩特","姚明","1","5870","5880",""
"270","以下哪位是篮球运动员？","王治郅","郭晶晶","田亮","邓亚萍","1","5870","5880",""
"271","以下哪位是足球运动员？","范佩西","奥尼尔","科比·布莱恩特","姚明","1","5870","5880",""
"272","以下哪位是足球运动员？","梅西","奥尼尔","科比·布莱恩特","姚明","1","5870","5880",""
"273","以下哪位是篮球运动员？","奥尼尔","邵佳一","罗纳尔多","贝克汉姆","1","5870","5880",""
"274","以下哪位是田径运动员？","刘翔","姚明","郝海东","邓亚萍","1","5870","5880",""
"275","跨栏是以下谁的强项？","刘翔","姚明","郝海东","邓亚萍","1","5870","5880",""
"276","以下哪位是体操运动员？","刘璇","刘翔","郝海东","邓亚萍","1","5870","5880",""
"277","吃、碰、杠是那种传统娱乐活动中的术语？","麻将","围棋","纸牌","国际象棋","1","5870","5880",""
"278","麻将中除了东南西北中之外，还有什么牌只有一个字？","发","白","万","筒","1","5870","5880",""
"279","现在乒乓球比赛是多少分制？","11","15","21","12","1","5870","5880",""
"280","被中国誉为国球的运动是？","兵乓球","篮球","排球","足球","1","5870","5880",""
"281","邓亚萍是从事以下哪一个运动项目？","乒乓球","足球","网球","跳远","1","5870","5880",""
"282","2008年北京奥运会中取得男乒冠军的是谁？","马琳","王皓","王励勤","马龙","1","5870","5880",""
"283","2008年北京奥运会取得男乒冠军的是谁？","马琳","王皓","王励勤","马龙","1","5870","5880",""
"284","在体育项目中称为我国的“国球”是什么球？","乒乓球","羽毛球","篮球","排球","1","5870","5880",""
"285","乒乓球双打比赛时两个队员应该？","交错击球","连续击球","无序击球","每人击球2下","1","5870","5880",""
"286","乒乓球正规比赛单打采用？","五局三胜制","七局四胜制","三局二胜制","六局四胜制","1","5870","5880",""
"287","乒乓球比赛中不持球拍的手？","不可以击球","可以击球","可放在球台上","可再拿一拍","1","5870","5880",""
"288","乒乓球一局比赛中10平时，多得几分的一方胜利？","2","1","4","3","1","5870","5880",""
"289","乒乓球发球时手抛球后球没有碰上球拍落地判？","为失分","重发球","得分","扣分","1","5870","5880",""
"290","乒乓球运动起源于？","英国","日本","中国","法国","1","5870","5880",""
"291","下列哪位乒球好手是左手握拍？","王涛","王皓","张继科","王励勤","1","5870","5880",""
"292","下列采用直板打法的乒乓球好手是？","王皓","张继科","王励勤","孔令辉","1","5870","5880",""
"293","被称为老瓦的瑞典乒乓球运动员是？","瓦尔德内尔","施瓦辛格","拉尔森","科比","1","5870","5880",""
"294","猴子扬眉吐气（打一奥运明星）？","孙杨","刘翔","姚明","杨威","1","5870","5880",""
"295","北京奥运会是第几届？","29","28","30","27","1","5870","5880",""
"296","任北京奥运会开幕式的导演是谁？","张艺谋","陈凯歌","陈维亚","张继刚","1","5870","5880",""
"297","奥运会开幕式哪一个国家最后一个入场？","主办国","中国","美国","法国","1","5870","5880",""
"298","棉花铺路（打一奥运项目）？","柔道","足球","击剑","举重","1","5870","5880",""
"299","在中国被称为体操王子的是谁？","李宁","李小双","田亮","李逵","1","5870","5880",""
"300","跳马、平衡木、高低杠在奥运会上都属于哪种体育项目？","体操","田径","游泳","举重","1","5870","5880",""
"301","2004年奥运会在哪里举办？","雅典","北京","东京","洛杉矶","1","5870","5880",""
"302","悉尼奥运会是第几届奥运会？","27","26","28","29","1","5870","5880",""
"303","冰镇全球（打一奥运项目）？","冰球","滑冰","体操","游泳","1","5870","5880",""
"304","中国女排奥运会最多获得过几连冠？","5","3","8","4","1","5870","5880",""
"305","两兵相残争第一（打一奥运项目）？","乒乓球","游泳","篮球","跳水","1","5870","5880",""
"306","帮助中国拿到奥运会第一枚金牌的是？","许海峰","邓亚萍","李宁","刘翔","1","5870","5880",""
"307","第29界奥林匹克运动会会徽又名什么？","中国印舞动的北京","五彩祥云","搏动的行星","动感全球","1","5870","5880",""
"308","香港承办了北京奥运会的哪项比赛？","马术比赛","摔跤比赛","帆船","棒球","1","5870","5880",""
"309","帮助中国拿到奥运会第一枚金牌的是谁？","许海峰","李宁","邓亚萍","王义夫","1","5870","5880",""
"310","第一届奥运会是在哪个国家举行的？","希腊","英国","美国","中国","1","5870","5880",""
"311","奥运会的举办周期是多少天？","16","10","12","108","1","5870","5880",""
"312","获得奥运会金牌最多的中国选手是？","伏明霞、邓亚萍","邓亚萍、李宁","李宁、伏明霞","李宁、耐克","1","5870","5880",""
"313","古代奥运会争夺最为激烈残酷的比赛是什么？","角斗","摔跤","斗牛","拳击","1","5870","5880",""
"314","奥运会旗是“五色环”旗，其中黄色环代表什么？","亚洲","非洲","美洲","欧洲","1","5870","5880",""
"315","奥运歌曲《北京欢迎你》的曲作者是谁？","小柯","李宗盛","张亚东","捞仔","1","5870","5880",""
"316","哪种是径赛项目，是一个集体项目，发展协作能力？","接力跑","跳高","篮球","手球","1","5870","5880",""
"317","短跑不包括哪个部分？","竞走","起跑","途中跑","冲刺跑","1","5870","5880",""
"318","国际比赛中短跑的起跑姿势只有一种，请问是那种？","蹲踞式","站立式","全蹲式","跳跃式","1","5870","5880",""
"319","中国奥运的“梦之队”是？","中国跳水队","中国篮球队","中国体操队","中国田径队","1","5870","5880",""
"320","不属于2008年北京奥运会的三大理念的是？","经济奥运","绿色奥运","科技奥运","人文奥运","1","5870","5880",""
"321","2008年北京奥运会的什么项目比赛在香港举行？","马术","帆船","足球","篮球","1","5870","5880",""
"322","中国第一位奥运形象大使是谁？","邓亚萍","成龙","杨澜","姚明","1","5870","5880",""
"323","中国北京在哪一年赢得了第二十九届奥运会的举办权？","2001年","2002年","2000年","1999年","1","5870","5880",""
"324","中国奥运史上获金牌数最多的体育项目是？","跳水队","乒乓球队","射击队","体操队","1","5870","5880",""
"325","奥林匹克日是哪一天？","6.23","6.27","5.2","4.12","1","5870","5880",""
"326","奥林匹克会旗-五环旗的设计者是？","顾拜旦","劳伦斯","萨马兰奇","欧文","1","5870","5880",""
"327","2008奥运会开幕式是在哪一天？","2008年8月8号","2008年7月13号","2008年8月24号","2008年8月6号","1","5870","5880",""
"328","中国第一枚奥运会体操金牌获得者是？","李宁","李小双","桑兰","杨威","1","5870","5880",""
"329","北京申奥成功后当天的庆祝晚会会场在？","中华世纪坛","天安门广场","工人体育场","人民大会堂","1","5870","5880",""
"330","雅典2004奥运火炬北京传递活动的终点是在？","颐和园","人民大会堂","天安门广场","故宫","1","5870","5880",""
"331","奥运会上的马拉松比赛的起源与什么有关？","战争","爱情","科技","一个人的故事","1","5870","5880",""
"332","北京奥运会开幕式上中国代表团的主旗手是谁？","姚明","李宁","刘璇","易建联","1","5870","5880",""
"333","奥运步枪射击比赛靶心什么颜色？","黑色","红色","白色","黄色","1","5870","5880",""
"334","奥运击剑比赛所用的剑中哪种最轻？","花剑","佩剑","重剑","倚天剑","1","5870","5880",""
"335","奥运五环的颜色代表什么？","不同肤色的人","不同国旗","不同的语言","不同的思想","1","5870","5880",""
"336","北京申奥的第一位形象大使是？","成龙","刘德华","周润发","郭德纲","1","5870","5880",""
"337","现代第一届夏季奥运会在哪里举行？","雅典","纽约","罗马","巴西","1","5870","5880",""
"338","奥运会比赛第三名所得的勋章是哪个？","铜牌","银牌","金牌","铝牌","1","5870","5880",""
"339","下列哪一个不是奥运会的口号？","更猛","更高","更快","更强","1","5870","5880",""
"340","2008年北京奥运会吉祥物？","福娃","海狸","棕熊","老虎","1","5870","5880",""
"341","奥林匹克会旗底色为什么颜色？","白","红","蓝","黑","1","5870","5880",""
"342","北京奥运会的吉祥物有多少个？","5","4","3","6","1","5870","5880",""
"343","2012年国际奥委会主席是？","雅克罗格","达蒙","斯特凡","施瓦辛格","1","5870","5880",""
"344","2014年冬奥会将在哪里举办？","索契","温哥华","都灵","哈尔滨","1","5870","5880",""
"345","刘翔在雅典奥运会的夺冠成绩是？","12秒91","12秒92","12秒88","13秒08","1","5870","5880",""
"346","下列哪项不是北京奥运会的主题？","原始奥运","绿色奥运","人文奥运","科技奥运","1","5870","5880",""
"347","北京奥运会田径比赛场地叫什么？","鸟巢","五棵松","水立方","老山自行车馆","1","5870","5880",""
"348","2012年伦敦奥运会的口号是？","激励一代人","和平友好","互助互利","强强联合","1","5870","5880",""
"349","什么是奥运会最权威的形象标志？","会徽","会旗","吉祥物","徽章","1","5870","5880",""
"350","古代奥运会反映什么体育的特点？","奴隶制","封建制","远古制","现代","1","5870","5880",""
"351","奥运五环旗中的绿色环代表哪里？","澳洲","美洲","欧洲","亚洲","1","5870","5880",""
"352","奥运会兴奋剂检查的常规方法是？","尿样、血液检测","毛发检测","体液、血液检测","体液检测","1","5870","5880",""
"353","下面哪个亚洲国家没有举办奥运会？","印度","中国","韩国","日本","1","5870","5880",""
"354","2010年亚运会在哪个城市举办？","广州","多哈","北京","东京","1","5870","5880",""
"355","下列哪项不属于奥运会的禁用药物？","红花油","利尿剂","麻醉止痛剂","刺激剂","1","5870","5880",""
"356","08年北京奥运会的主题曲是什么？","我和你","你和我","我和他","北京欢迎你","1","5870","5880",""
"357","奥运会中的跳台跳水的跳台有几米？","10米","5米","6米","12米","1","5870","5880",""
"358","奥林匹克会旗是在谁建议下确定的？","顾拜旦","萨马兰奇","罗格","基拉宁","1","5870","5880",""
"359","北京奥运会羽毛球男子单打冠军是？","林丹","梁启超","龚自珍","林则徐","1","5870","5880",""
"360","奥运会的五环旗，五个环代表什么？","地球五大洲","人类的五大种群","地球五大洋","金木水火土","1","5870","5880",""
"361","下列哪个城市不是北京奥运会的协办城市？","深圳","青岛","香港","秦皇岛","1","5870","5880",""
"362","北京奥运会火炬设计中体现的中国元素是？","祥云","旗袍","景泰蓝","粽子","1","5870","5880",""
"363","奥运圣火首次登顶珠穆朗玛峰是在哪一年？","2008年","2012年","1988年","2000年","1","5870","5880",""
"364","悉尼奥运会开幕式中谁在水中点燃圣火？","弗里曼","萨马兰奇","罗格","基拉宁","1","5870","5880",""
"365","北京奥运开幕式上红遍全球的小演员是？","林妙可","林心如","李嫣","金铭","1","5870","5880",""
"366","以下哪个亚洲国家还没有举办过奥运会？","泰国","中国","日本","韩国","1","5870","5880",""
"367","2008年奥运会吉祥物的设计者是？","韩美林","靳尚谊","徐晓钟","季羡林","1","5870","5880",""
"368","奥运会的五环中代表美洲是什么颜色？","红","黑","绿","蓝","1","5870","5880",""
"369","现代奥林匹克运动诞生的重要标志是？","第一届雅典奥运会","顾拜旦的诞生","顾拜旦思想的形成","古希腊奥运会","1","5870","5880",""
"370","奥运会田径比赛中，接力比赛有4×100米接力和4×多少米接力？","400米","200米","800米","1000米","1","5870","5880",""
"371","2008年奥运会申办候选城市包括:北京、巴黎、多伦多、大阪和？","伊斯坦布尔","莫斯科","罗马","南非","1","5870","5880",""
"372","古代奥运会是希腊人献给谁的祭礼赛会？","宙斯","萨马兰奇","阿波罗","罗格","1","5870","5880",""
"373","悉尼奥运会三个吉祥物都是动物，以下哪个动物不是吉祥物？","考拉","笑翠鸟","鸭嘴兽","针鼹","1","5870","5880",""
"374","1996年奥运会上点燃主火炬是美国拳击传奇运动员，他是？","阿里","鲁道夫","皮埃茨克斯基","科比","1","5870","5880",""
"375","世界游泳锦标赛最长的是男子1500米什么泳式？","自由泳","蛙泳","仰泳","标准泳","1","5870","5880",""
"376","属于无氧耐力的运动项目是？","200米游泳竞赛","骑单车","快走","登山","1","5870","5880",""
"377","女子游泳衣称“比基尼”，这个名字源于什么名？","小岛","城堡","人名","海洋名","1","5870","5880",""
"378","现代五项中的游泳采用什么泳姿？","自由泳","蝶泳","仰泳","狗刨","1","5870","5880",""
"379","正确的蛙泳动作周期应该有以下几个阶段？","划手 蹬腿 滑行","蹬腿 滑行","划手 蹬腿 ","划手 滑行","1","5870","5880",""
"380","个人混合泳比赛中，四种泳姿的顺序为？","蝶、仰、蛙、自","蛙、仰、蝶、自","仰、蛙、蝶、自","自、蛙、蝶、仰","1","5870","5880",""
"381","游泳运动员的心率比一般人？","慢而有力","快而有力","慢而无力","快而无力","1","5870","5880",""
"382","游泳刚下水时，首先要先熟悉水性，包括？","3种都是","水压","折射","水温","1","5870","5880",""
"383","自由泳向右边换气时，此时右手应在？","臀部旁边","身体前面","水中呈S形","空中","1","5870","5880",""
"384","游泳比赛中，混合式接力的第一式为？","仰","蝶","自","蛙","1","5870","5880",""
"385","室内游泳好还是室外游泳好？","水质相当，室外好","水质相当，室内好","室内好","室外好","1","5870","5880",""
"386","游泳前什么时候吃饭较好？","1个小时","20分钟","3个小时","5个小时","1","5870","5880",""
"387","比赛泳池的标准长度为？","25M和50M","50M和100M","25M和100M","20M和100M","1","5870","5880",""
"388","蝶泳的配合技术多为？","两次腿一次手","一次腿一次手","三次腿一次手","一次腿两次手","1","5870","5880",""
"389","在正式游泳比赛中，哪一种游距不是蛙泳比赛的项目？","400米","200米","100米","50米","1","5870","5880",""
"390","游泳比赛时，运动员如在“出发信号”发出前出发，应判？","取消比赛资格","成绩有效","名次最后","重新出发","1","5870","5880",""
"391","多名游泳运动员在“出发信号”发出前出发时，应判谁犯规？","所有抢跳者","起带头作用者","重新组织出发","前两位抢跳者","1","5870","5880",""
"392","游泳比赛时，哪一种护具可以配戴？","泳镜","鼻夹","耳塞","脚蹼","1","5870","5880",""
"393","在游泳比赛中，泳速最慢的姿势是？","蛙泳","仰泳","蝶泳","自由泳","1","5870","5880",""
"394","重大游泳比赛的决赛场次一般安排在？","晚上","上午","下午","凌晨","1","5870","5880",""
"395","蛙泳吸气的时机为？","双手内收于胸前时","手向前平身时","双手伸直在前时","随时都可以","1","5870","5880",""
"396","成人初学游泳应先学习？","蛙泳","自由泳","踩水","仰泳","1","5870","5880",""
"397","不宜带入泳池的物品？","都不可以","毛巾","拖鞋","隐形眼镜","1","5870","5880",""
"398","奥运会游泳比赛池中设有多少泳道？","8","9","12","16","1","5870","5880",""
"399","郭晶晶是哪项运动的运动员？","跳水","乒乓球","网球","台球","1","5870","5880",""
"400","哪个国家的跳水队被称为“梦之队”？","中国","美国","加拿大","英国","1","5870","5880",""
"401","2012伦敦奥运会上，孙杨获得了400米游泳哪个项目的冠军？","自由泳","蝶泳","蛙泳","仰泳","1","5870","5880",""
"402","下面哪一位被称为中国的跳水皇后？","郭晶晶","叶诗文","邓亚萍","李娜","1","5870","5880",""
"403","中国一对水上花样游泳双胞胎组合是哪两人？","蒋文文和蒋婷婷","蒋文文和刘鸥","蒋婷婷和黄雪辰","刘鸥和黄雪辰","1","5870","5880",""
"404","下列哪位武术家是迷踪拳的创始人？","霍元甲","黄飞鸿","杜心武","李小龙","1","5870","5880",""
"405","是谁第一次将中国功夫引入好莱坞？","李小龙","霍元甲","李连杰","周润发","1","5870","5880",""
"406","太极拳的发明地是哪里？","河南-温县","四川峨眉山","广东佛山","北京","1","5870","5880",""
"407","跆拳道是起源于哪国的民间武艺？","古代朝鲜","古代日本","古代中国","古代埃及","1","5870","5880",""
"408","武术在民国时期被称为？","国术","角抵","相博","拳勇","1","5870","5880",""
"409","韩国的国技武术是？","跆拳道","散打","相扑","拳击","1","5870","5880",""
"410","世界武术锦标赛每几年举行一次？","4年","3年","2年","1年","1","5870","5880",""
"411","跆拳道古称跆跟、花郎道，是起源于哪国的民间武艺？","古代朝鲜","古代中国","古代日本","古代埃及","1","5870","5880",""
"412","哪项运动腿法技术占主导地位？","跆拳道","泰拳","柔道","散打","1","5870","5880",""
"413","两人拿毛巾扎着丁字裤徙手较量的比赛是？","相扑","摔跤","散打","搏击","1","5870","5880",""
"414","跆拳道中，级位最高者的腰带是什么颜色？","黑色","白色","蓝色","绿色","1","5870","5880",""
"415","正式的拳击比赛一回合是多少分钟？","3分钟","5分钟","10分钟","1分钟","1","5870","5880",""
"416","柔道比赛中不允许抓对手哪个部位？","腰部以下","头部","胸部","肩部","1","5870","5880",""
"417","柔道最高段位腰带是什么颜色？","红色","蓝色","紫色","灰色","1","5870","5880",""
"418","柔道起源于哪个国家？","日本","韩国","马来西亚","柬埔寨","1","5870","5880",""
"419","“四两拨千斤”是用来形容我国传统武术中的哪种拳法？","太极拳","罗汉拳","咏春拳","螳螂拳","1","5870","5880",""
"420","泰拳起源于哪个国家？","泰国","缅甸","印度","中国","1","5870","5880",""
"421","职业拳赛的记分方法是多少分制？","10","100","2","50","1","5870","5880",""
"422","击剑运动员仲满使用的是什么剑？","佩剑","重剑","花剑","轻剑","1","5870","5880",""
"423","李小龙学习咏春拳，师从哪位大师？","叶问","黄飞鸿","咏春","李国豪","1","5870","5880",""
"424","以腾空、旋踢脚法而闻名的韩国格斗术是？","跆拳道","醉拳","武术","功夫","1","5870","5880",""
"425","下面属于我国传统的民族体育运动的是？","太极拳、太极剑","柔道","跆拳道","足球","1","5870","5880",""
"426","“李宁交叉”“李小鹏跳”是哪项体育运动的专业术语？","体操","跳远","跳高","游泳","1","5870","5880",""
"427","羽毛球界被称为超级丹的运动员是谁？","林丹","李宗伟","王丹丹","张宁","1","5870","5880",""
"428","标准田径场地是？","400米","800米","1500米","200米","1","5870","5880",""
"429","在斯诺克台球中母球是什么颜色？","白色","红色","黑色","蓝色","1","5870","5880",""
"430","“人生能有几回搏”这句名言最初出自哪位运动员？","容国团","许海峰","郎平","刘翔","1","5870","5880",""
"431","我国第一位获得“欧文斯奖”的田径运动员是？","王军霞","刘翔","劳义","田亮","1","5870","5880",""
"432","每年的哪天为全民健身日？","8.8","8.9","8.1","9.1","1","5870","5880",""
"433","体育运动中，技巧类包括？","前滚翻","仰卧起坐","俯卧撑","原地踏步","1","5870","5880",""
"434","请问长跑运动可以抢道么？","可以","不可以","裁判允许后可以","会被赶出比赛","1","5870","5880",""
"435","田径运动主要包括哪两大方面？","田赛、径赛","跨栏跑、田赛","径赛、投掷","体操、竞技","1","5870","5880",""
"436","中国象棋中，马走日字的路线，那么象走什么字的路线？","田字","十字","直线","口字","1","5870","5880",""
"437","耐久跑的呼吸方法，一般采用什么呼吸？","鼻和口同时","鼻呼吸","口呼吸","不呼吸","1","5870","5880",""
"438","正式棒球比赛的场地是什么形状的?","扇形","长方形","圆形","正方形","1","5870","5880",""
"439","F1方程式赛车比赛中获得冠军，开什么酒来庆祝？","香槟酒","红葡萄酒","XO","大炮","1","5870","5880",""
"440","在羽毛球单打比赛中，一名运动员连续击球几次，谓之连击？","2","3","4","5","1","5870","5880",""
"441","排球比赛发球时可以在球场什么地方发球？","端线后任意一处","端线上","端线内","球场中间","1","5870","5880",""
"442","以下那种球类比赛只有女子比赛？","垒球","手球","水球","冰球","1","5870","5880",""
"443","举重比赛一个运动员有几次试举机会？","3","4","5","6","1","5870","5880",""
"444","世界上用拍子进行的球类项目中，哪一项是球速最快的？","羽毛球","网球","板羽球","乒乓球","1","5870","5880",""
"445","被称为F1之王的舒马赫上次退役时从哪个车队退役的？","法拉利","迈凯轮","雷洛","丰田","1","5870","5880",""
"446","世界大学生运动会每几年举办一届？","2","4","6","8","1","5870","5880",""
"447","世界卫生组织在1992年明确指出:世界上最好的运动是什么？","散步","游泳","登山","慢跑","1","5870","5880",""
"448","2011年获得法网冠军的中国女子网球运动员是谁？","李娜","郑洁","晏紫","孙甜甜","1","5870","5880",""
"449","下列何种运动，在位置安排上会有一个守门员的是？","全都是","曲棍球","手球","足球","1","5870","5880",""
"450","“体育运动之母”是指？","田径","足球","篮球","体操","1","5870","5880",""
"451","在双杠的支撑摆动动作中，应以哪个部位为轴摆动？","肩","手","腿","腰","1","5870","5880",""
"452","中国体育健儿首次夺得金牌的集体项目是？","女排","男排","男足","女足","1","5870","5880",""
"453","请选出下列运动方式中的有氧运动项目？","慢骑自行车","跳远","举重","快速跑","1","5870","5880",""
"454","不是“世界排球三赛”的是？","残奥会比赛","世界杯赛","世界锦标赛","奥运会比赛","1","5870","5880",""
"455","目前世界上最大的体育场是？","马拉卡纳体育场","韩城体育场","莱泊兹哥中央体育场","伦吨温布利大球场","1","5870","5880",""
"456","背跃式跳高身体在杆上成什么姿势？","背弓","弓形","水平","坐立","1","5870","5880",""
"457","背跃式跳高身体过杆后，以什么部位先接触海绵包？","肩部","头部","背部","臀部","1","5870","5880",""
"458","下列对围棋的开局规则表述正确的是？","执黑者先走","执白者先走","投币定先后","裁决决定谁先走","1","5870","5880",""
"459","被公认为体育运动和健美体魄象征的雕像是？","掷铁饼者","掷铅球者","肌肉男","大力水手","1","5870","5880",""
"460","冰球比赛中每队上场？","6人","5人","11人","8人","1","5870","5880",""
"461","下列体育项目哪项不是奥运会“五项全能”之一？","跳高","跳远","标枪","掷铁饼","1","5870","5880",""
"462","高尔夫球运动的运动场上共有多少个球洞？","18","16","28","10","1","5870","5880",""
"463","正式体操比赛规定男子有四项必须穿长裤，下列不属于的是？","跳马","吊环","鞍马","单杠","1","5870","5880",""
"464","下列哪项比赛替补队员可以在任何时候入场比赛？","手球","足球","冰球","篮球","1","5870","5880",""
"465","比赛时，一队白帽，另一队蓝帽，守门员红帽，这是什么比赛？","水球","手球","冰球","足球","1","5870","5880",""
"466","跳竹杆是我国哪个少数民族的传统体育运动？","黎族","傣族","壮族","汉族","1","5870","5880",""
"467","举重比赛的级别是按照选手的那项数据划分的？","体重","身高","肌肉","力量","1","5870","5880",""
"468","斯诺克比赛当中，打进一颗黑色的球加多少分？","7分","8分","9分","10分","1","5870","5880",""
"469","在美式台球比赛中，开球前通常将目标球排列成什么形状？","三角形","菱形","正方形","一字形","1","5870","5880",""
"470","“收官”是源于中国哪种传统棋类运动的术语？","围棋","象棋","军棋","五子棋","1","5870","5880",""
"471","刘翔从起跑到上第一个栏需要几步？","7步","8步","9步","10步","1","5870","5880",""
"472","体操运动员上器械前抹在手上的白色粉末是什么？","镁粉","滑石粉","云母粉","石灰粉","1","5870","5880",""
"473","举重比赛中，最重的杠铃片是什么颜色？","红色","白色","黄色","彩色","1","5870","5880",""
"474","曲棍球比赛一支队伍多少人？","11人","13人","6人","24人","1","5870","5880",""
"475","排球中的垫球一般是用身体的哪个部位来迎击球？","手臂","手掌","头部","胸部","1","5870","5880",""
"476","现代体育运动会“火炬传递”中常用的火炬燃料是？","丁烷和煤油","酒精","汽油","柴油","1","5870","5880",""
"477","人们最初发明滑冰，是把它作为？","交通工具","娱乐竞技","玩具","捕鱼工具","1","5870","5880",""
"478","马拉松跑全程为多少米，属超长距离跑项目？","42．195千米","41．195千米","43．196千米","44．197千米","1","5870","5880",""
"479","因7夺法网冠军而成为史上拿下法网冠军最多的球员是谁？","纳达尔","阿加西","费德勒","德约科维奇","1","5870","5880",""
"480","世界羽毛球男子团体赛的最高荣誉杯赛叫什么杯？","汤姆斯杯","尤尼克斯杯","尤伯杯","苏迪曼杯","1","5870","5880",""
"481","世界网坛被称为红土之王的是？","纳达尔","德约科维奇","达维登科","费德勒","1","5870","5880",""
"482","台球又被称为什么？","桌球","棒球","乒乓球","篮球","1","5870","5880",""
"483","“本垒打”是哪项运动的运动术语？","棒球","网球","乒乓球","篮球","1","5870","5880",""
"484","学生的户外课程叫做什么？","体育课","文化课","数学课","美术课","1","5870","5880",""
"485","体操运动员李小双的哥哥是谁？","李大双","陈一冰","邹凯","刘翔","1","5870","5880",""
"486","下列哪个不是跳远的空中动作？","跳跃式","蹲踞式","走步式","挺身式","1","5870","5880",""
"487","竞走是什么性的田径运动项目？","耐力","速度","力量","弹跳","1","5870","5880",""
"488","使田亮“一跳而红”的比赛是？","悉尼奥运会","雅典奥运会","北京奥运会","伦敦奥运会","1","5870","5880",""
"489","国际象棋中黑白子共有多少个？","32个","18个","22个","33个","1","5870","5880",""
"490","申雪赵宏博从事的是哪项运动？","花样滑冰","体操","乒乓球","跳水","1","5870","5880",""
"491","国际象棋中双方共有多少个兵？","16","15","14","13","1","5870","5880",""
"492","冰壶运动共几名队员上场比赛？","4个","3个","6个","11个","1","5870","5880",""
"493","隋唐时期最盛行的体育活动是？","马球和足球","射箭和摔跤","围棋和击剑","秋千和拔河","1","5870","5880",""
"494","在国家体育馆举行的活动不包括？","体操比赛","开幕式","闭幕式","足球比赛","1","5870","5880",""
"495","跳杀技术是哪项球类运动的技术？","羽毛球","乒乓球","排球","毽球","1","5870","5880",""
"496","深陷禁药丑闻的环法赛七冠王是？","阿姆斯特朗","乌尔里希","安杜兰","舒马赫","1","5870","5880",""
"497","斯诺克台球中一共有多少颗红球？","15颗","9颗","12颗","18颗","1","5870","5880",""
"498","标准的高尔夫球场有多少个球洞？","18个","12个","16个","14个","1","5870","5880",""
"499","冰球运动起源于哪个北美洲国家？","加拿大","冰岛","芬兰","瑞士","1","5870","5880",""
"500","下面哪种比赛项目没有世界记录？","马拉松","射击","跳高","游泳","1","5870","5880",""
"501","奥运会排球比赛中一方上场人数为？","6","5","7","8","1","5870","5880",""
"502","世界上最高水平的男子健美比赛是？","奥林匹克先生比赛","米其林先生比赛","高富帅健美比赛","白富美健美比赛","1","5870","5880",""
"503","竞走时脚着地的方法是什么先着地？","脚跟","脚尖","脚掌","脚掌外侧","1","5870","5880",""
"504","网球中的“S”球指的是怎样的球？","发球制胜的球","“S”型的球","落网的球","出界球","1","5870","5880",""
"505","仰卧起坐主要锻炼什么部位的肌肉？","腹部","臀部","背部","肩部","1","5870","5880",""
"506","长期跟踪报道刘翔的央视女记者是？","冬日娜","春妮","梁毅苗","韩乔生","1","5870","5880",""
"507","斯诺克中，每颗红球代表的分值是？","1分","2分","7分","10分","1","5870","5880",""
"508","2008年奥运火炬的名字叫什么？","祥云","花纹","花色","浮云","1","5870","5880",""
"509","在足球中会以什么方式选择开球权？","掷硬币","抽签","指定","扔球","1","5870","5880",""
"510","正式棒球比赛的场地是什么形状的？","扇形","矩形","方形","三角形","1","5870","5880",""
"511","长跑运动会后，身体一般生理变化为？","心跳加快呼吸加深","心态平稳","脉搏细弱","肌肉松弛","1","5870","5880",""
"512","中国有史以来的第一个“棋圣”是谁？","聂卫平","聂荣","李昌镐","曹熏铉","1","5870","5880",""
"513","下列不在“铁人三项”比赛项目之列的是？","骑马","公路自行车","天然水域游泳","公路长跑","1","5870","5880",""
"514","4*100接力跑，第一棒采用什么起跑？","蹲踞式","半蹲式","站立式","行进式","1","5870","5880",""
"515","有“舒米”称号的著名德国F1赛车手是？","舒马赫","舒克","舒伯特","舒淇","1","5870","5880",""
"516","哪种舞蹈被称为“跳跃和旋转的艺术”？","芭蕾","霹雳舞","现代舞","迪斯科","1","5870","5880",""
"517","被称为“冰上伉俪”的著名花滑组合是？","申雪/赵宏博","林丹/谢杏芳","王/周洋","李妮娜/韩晓鹏","1","5870","5880",""
"518","田径赛中的接力赛是由什么演变而来的？","搬运木头","砍伐树木","挖土豆","扔飞碟","1","5870","5880",""
"519","人体任何运动都是通过什么组织完成的？","肌肉","骨骼","关节","神经","1","5870","5880",""
"520","北京奥运会中国一共获得了多少块金牌？","51块","68块","49块","108块","1","5870","5880",""
"521","保龄球比赛中在球道终端放置几个瓶子？","10","9","7","3","1","5870","5880",""
"522","网球运动中最古老和最具声望的赛事是？","温网公开赛","澳网公开赛","美网公开赛","中网公开赛","1","5870","5880",""
"523","目前世界上最大的体育场是在哪个国家？","巴西","美国","英国","中国","1","5870","5880",""
"524","举重运动员在比赛前多长时间开始称重？","2小时","1小时","10分钟","半小时","1","5870","5880",""
"525","蹲踞式起跑时，眼睛最好注视哪个位置？","起跑线前一米处","终点线","双脚后方","发令员","1","5870","5880",""
"526","排球比赛中单打每局比赛先得几分获胜？","25分","21分","11分","15分","1","5870","5880",""
"527","男子羽毛球单打每局比赛先得几分获胜？","21分","11分","25分","15分","1","5870","5880",""
"528","2012年郎平带领的是哪支女排队伍？","广东","天津","上海","八一","1","5870","5880",""
"529","“探头”“一传”“短平快”等术语是哪项体育运动的常用语？","排球","足球","篮球","橄榄球","1","5870","5880",""
"530","竞走中，受几次警告即被取消比赛资格？","3","5","6","1","1","5870","5880",""
"531","2004年9月，F1开始使用中国哪个城市的国际赛车场作为比赛赛道？","上海","珠海","漠河","喀什","1","5870","5880",""
"532","网球比赛中，运动员每一分有几次发球机会？","2","3","4","1","1","5870","5880",""
"533","2004年雅典奥运会中国女排获得冠军的决赛对手是？","俄罗斯","白俄罗斯","日本","韩国","1","5870","5880",""
"534","下列运动员中，谁是体操运动员？","刘璇","郭晶晶","李娜","姚明","1","5870","5880",""
"535","一张台球桌上有几个球袋？","6","4","8","10","1","5870","5880",""
"536","田径运动中唯一的集体项目是哪项？","接力赛","拔河","体操","花样游泳","1","5870","5880",""
"537","著名羽毛球运动员林丹的爱人也是一名羽毛球运动员，是？","谢杏芳","郭晶晶","赵芸蕾","伏明霞","1","5870","5880",""
"538","2014年全球比赛奖金最高的女性运动员是谁？","小威廉姆斯","李娜","张怡宁","伏明霞","1","5870","5880",""
"539","郎平是什么项目的运动员？","排球","足球","篮球","羽毛球","1","5870","5880",""
"540","被英国媒体称为“东方之星”的中国男子台球运动员是？","丁俊晖","刘国梁","孔令辉","王皓","1","5870","5880",""
"541","“这一刻他不是一个人在战斗！”出自于谁的激情解说？","黄健翔","宋世雄","韩乔生","段暄","1","5870","5880",""
"542","“收官之战”一词，其中“收官”二字最初是什么的术语？","围棋","书法","绘画","音律","1","5870","5880",""
"543","与林丹交手30次，近年来击败林丹最多的羽毛球运动员是？","李宗伟","陶菲克","马琳","刘国梁","1","5870","5880",""
"544","刘翔是110米跨栏的名将，请问男子110米栏有几个栏？","10个","9个","11个","12个","1","5870","5880",""
"545","以下哪个不属于体操？","投篮","平衡木","吊环","高低杠","1","5870","5880",""
"546","以下哪位是羽毛球运动员？","林丹","姚明","孙继海","邓亚萍","1","5870","5880",""
"547","以下哪位是网球运动员？","李娜","林丹","邓亚萍","姚明","1","5870","5880",""
"548","以下哪位是跳水运动员？","郭晶晶","林丹","邓亚萍","姚明","1","5870","5880",""
"549","以下哪位是跳水运动员？","伏明霞","林丹","邓亚萍","姚明","1","5870","5880",""
"550","以下哪位是跳水运动员？","田亮","林丹","邓亚萍","姚明","1","5870","5880",""
"551","跳水运动员郭晶晶的老公是？","霍启刚","邵佳一","林丹","郝海东","1","5870","5880",""
"552","以下哪位是游泳运动员？","孙杨","林丹","邓亚萍","姚明","1","5870","5880",""
"553","cindy（森蝶）的爸爸是哪位体育明星？","田亮","林丹","姚明","孙继海","1","5870","5880",""
"554","跳水运动员田亮的老婆是？","叶一茜","李湘","林心如","杨幂","1","5870","5880",""
"555","以下哪位是篮球运动员？","易建联","郭晶晶","田亮","邓亚萍","1","5870","5880",""
"556","以下哪位是篮球运动员？","姚明","郭晶晶","田亮","邓亚萍","1","5870","5880",""
"557","以下哪位是篮球运动员？","王治郅","郭晶晶","田亮","邓亚萍","1","5870","5880",""
"558","以下哪位是篮球运动员？","奥尼尔","邵佳一","罗纳尔多","贝克汉姆","1","5870","5880",""
"559","以下哪位是篮球运动员？","科比·布莱恩特","邵佳一","罗纳尔多","贝克汉姆","1","5870","5880",""
"560","以下哪位是篮球运动员？","林书豪","邵佳一","罗纳尔多","贝克汉姆","1","5870","5880",""
"561","以下效力于洛杉矶湖人的球星是？","科比·布莱恩特","克里斯","阿伦·艾佛森","姚明","1","5870","5880",""
"562","乔丹哪国著名篮球运动员？","美国","英国","法国","中国","1","5870","5880",""
"563","以下曾经效力于休斯顿火箭队的球星是？","姚明","科比·布莱恩特","奥尼尔","罗纳尔多","1","5870","5880",""
"564","以下曾经效力于芝加哥公牛队的球星是？","乔丹","科比·布莱恩特","奥尼尔","罗纳尔多","1","5870","5880",""
"565","以下哪位是足球运动员？","孙雯","姚明","田亮","邓亚萍","1","5870","5880",""
"566","以下哪位是足球运动员？","郝海东","姚明","田亮","邓亚萍","1","5870","5880",""
"567","以下哪位是足球运动员？","孙继海","姚明","田亮","邓亚萍","1","5870","5880",""
"568","以下哪位是足球运动员？","范志毅","姚明","田亮","邓亚萍","1","5870","5880",""
"569","以下哪位是足球运动员？","贝克汉姆","奥尼尔","科比·布莱恩特","姚明","1","5870","5880",""
"570","以下哪位是足球运动员？","罗纳尔多","奥尼尔","科比·布莱恩特","姚明","1","5870","5880",""
"571","以下哪位是足球运动员？","马拉多纳","奥尼尔","科比·布莱恩特","姚明","1","5870","5880",""
"572","以下哪位是足球运动员？","范佩西","奥尼尔","科比·布莱恩特","姚明","1","5870","5880",""
"573","以下哪位是足球运动员？","梅西","奥尼尔","科比·布莱恩特","姚明","1","5870","5880",""
"574","贝克汉姆是哪国足球运动员？","英国","美国","德国","中国","1","5870","5880",""
"575","罗纳尔多是哪国足球运动员？","巴西","伊朗","法国","韩国","1","5870","5880",""
"576","马拉多纳是哪国足球运动员？","阿根廷","巴西","瑞士","中国","1","5870","5880",""
"577","以下哪位是田径运动员？","刘翔","姚明","郝海东","邓亚萍","1","5870","5880",""
"578","跨栏是以下谁的强项？","刘翔","姚明","郝海东","邓亚萍","1","5870","5880",""
"579","以下哪位是体操运动员？","刘璇","刘翔","郝海东","邓亚萍","1","5870","5880",""
"580","以下哪位是体操运动员？","李小双","刘翔","郝海东","邓亚萍","1","5870","5880",""
"581","以下哪位是体操运动员？","杨威","刘翔","郝海东","邓亚萍","1","5870","5880",""
"582","体操运动员杨威的老婆是？","杨云","郭晶晶","刘璇","孙雯","1","5870","5880",""
"583","以下哪位是体操运动员？","李宁","刘翔","郝海东","邓亚萍","1","5870","5880",""
"584","以下哪位是体操运动员？","李小鹏","刘翔","郝海东","邓亚萍","1","5870","5880",""
"585","刘翔是什么项目运动员？","田径","体操","游泳","跳水","1","5870","5880",""
"586","李小双是什么项目运动员？","体操","田径","游泳","跳水","1","5870","5880",""
"587","李宁是什么项目运动员？","体操","田径","游泳","跳水","1","5870","5880",""
"588","姚明是什么项目运动员？","篮球","足球","田径","游泳","1","5870","5880",""
"589","杨阳洋的爸爸是哪位体育明星？","杨威","杨康","田亮","杨过","1","5870","5880",""
"590","以下哪位是乒乓球运动员？","孔令辉","刘璇","刘翔","郝海东","1","5870","5880",""
"591","以下哪位是乒乓球运动员？","邓亚萍","刘璇","刘翔","郝海东","1","5870","5880",""
"592","以下哪位是乒乓球运动员？","刘国栋","刘璇","刘翔","郝海东","1","5870","5880",""
"593","下面不属于体操运动员的是？","范冰冰","杨威","杨云","程菲","1","5870","5880",""
"594","截拳道之父是我国哪位已故武打明星？","李小龙","李小璐","甄子丹","叶问","1","5870","5880",""
"595","佛山“无影脚”是哪一位武术大师的绝技？","黄飞鸿","李小龙","成龙","洪金宝","1","5870","5880",""
"596","田亮和郭晶晶曾经被称为组合的名字叫？","亮晶晶","透心凉","明星跳跃","星跳水立方","1","5870","5880",""
"597","欧洲三大电影节不包括？","瑞典电影节","威尼斯电影节","柏林国际电影节","戛纳电影节","1","5870","5880",""
"598","电影《101次求婚》最后黄渤在中国梦想秀演唱的歌曲是？","爱情宣言","爱你没错","爱的世界只有你","我们都是好孩子","1","5870","5880",""
"599","李冰冰在电影《天下无贼》中扮演？","女贼","警察","傻根","打劫的","1","5870","5880",""
"600","对《武林外传》中郭芙蓉的描述正确的是？","野蛮女友","温柔大方","妖媚动人","搞传销的","1","5870","5880",""
"601","电影《西游记之大闹天宫》孙悟空饰演者是？","甄子丹","郭富城","何润东","周星驰","1","5870","5880",""
"602","电影《心花路放》黄渤、徐峥两人在马路上一起唱的歌名是？","敢问路在何方","去大理","亲爱的小孩","我的要求并不算高","1","5870","5880",""
"603","《快乐大本营》最初的女主持人是？","李湘","何炅","谢娜","李维嘉","1","5870","5880",""
"604","《非诚勿扰》有多少位女嘉宾？","24","21","20","10","1","5870","5880",""
"605","电视剧《康熙王朝》主题曲的最后一句:我真的还想再活多少年？","500年","一万年","100年","一光年","1","5870","5880",""
"606","下面哪个不是电影《大话西游》的参演演员？","张国荣","周星驰","吴孟达","莫文蔚","1","5870","5880",""
"607","《武林外传》中郭芙蓉的扮演者是？","姚晨","佟丽娜","穆婷婷","宋丹丹","1","5870","5880",""
"608","电影《心花路放》黄渤好基友郝义的扮演者是？","徐峥","金秀贤","冯绍峰","黄晓明","1","5870","5880",""
"609","电影《喜剧之王》中大明星杜鹃儿的扮演者是？","莫文蔚","刘嘉玲","杨千嬅","张曼玉","1","5870","5880",""
"610","电影《长江7号》扮演周星驰儿子的是？","徐娇","林妙可","阿尔法","尤浩然","1","5870","5880",""
"611","电影《人在囧途》中王宝强、徐峥谁的火车票是假的？","徐峥","王宝强","都是假的","都是真的","1","5870","5880",""
"612","电影《天下无贼》傻根的扮演者是？","王宝强","刘德华","葛优","刘若英","1","5870","5880",""
"613","电视剧《裸婚》中的女主角是？","姚笛","袁姗姗","徐若瑄","姚晨","1","5870","5880",""
"614","姚晨在《潜伏》中饰演哪个角色？","王翠平","玉翠","王翠翠","翠花","1","5870","5880",""
"615","电影《人再囧途之泰囧》王宝强职业是？","卖葱油饼","运动员","汽车司机","歌手","1","5870","5880",""
"616","《武林外传》中白展堂的扮演者是？","沙溢","邓超","吴秀波","唐国强","1","5870","5880",""
"617","Eason是香港哪位歌手的外文名？","陈奕迅","陈小春","郭富城","刘德华","1","5870","5880",""
"618","范冰冰出演过下列哪部电影？","手机","中国合伙人","致青春","小时代","1","5870","5880",""
"619","电影《唐伯虎点秋香》中唐伯虎喊道的小强是一只？","蟑螂","蚂蚁","蚯蚓","蚂蚱","1","5870","5880",""
"620","蜡笔小新中，小新的狗狗叫什么名字？","小白","小黄","小黑","小花","1","5870","5880",""
"621","张国荣版的电影《倩女幽魂》故事均源于？","聊斋志异","西游记","红楼梦","三国","1","5870","5880",""
"622","电影《灵魂战车》的男主演是？","尼古拉斯·凯奇","保罗·沃克","摩根·弗里曼","保罗·韦斯利","1","5870","5880",""
"623","电影《大话西游》的男主演是？","周星驰","梅艳芳","张学友","伍佰","1","5870","5880",""
"624","电影《宝贝计划》窃匪百达通的扮演者是？","古天乐","成龙","张国荣","黄晓明","1","5870","5880",""
"625","《潜伏》里的男主角是？","孙红雷","祖峰","吴刚","王志飞","1","5870","5880",""
"626","《还珠格格》的编剧是？","琼瑶","金庸","古龙","宁财神","1","5870","5880",""
"627","电影《西游记之大闹天宫》玉帝饰演者是？","周润发","郭富城","周星驰","甄子丹","1","5870","5880",""
"628","唐伯虎三点的是？","秋香","春桃","夏菊","冬梅","1","5870","5880",""
"629","电影《色·戒》女主角王佳芝的扮演者是？","汤唯","范冰冰","舒淇","刘亦菲","1","5870","5880",""
"630","电影《喜剧之王》中舞小姐柳飘飘的扮演者是？","张柏芝","巩俐","周迅","斯琴高娃","1","5870","5880",""
"631","《天下无贼》电影中，扮演傻根的是？","王宝强","刘德华","黄宝强","黄渤","1","5870","5880",""
"632","以下哪位演员主演《古惑仔》这部电影？","郑伊健","刘德华","方文山","任达华","1","5870","5880",""
"633","《中国梦想秀》梦想大使是？","周立波","赵忠祥","崔永元","白岩松","1","5870","5880",""
"634","电影《心花路放》既文艺又不着调”的女青年康小雨是谁扮演的？","袁泉","高圆圆","杨幂","汤唯","1","5870","5880",""
"635","“飞天奖”是？","电视剧奖","电影奖","音乐奖","舞蹈奖","1","5870","5880",""
"636","爱情公寓中爱情公寓的拍摄地在哪？","上海","北京","深圳","广州","1","5870","5880",""
"637","爱情公寓中爱情公寓导演是谁？","韦正","李安","宁财神","黄渤","1","5870","5880",""
"638","爱情公寓中曾小贤的扮演者是谁？","陈赫","陆毅","郭京飞","佟大为","1","5870","5880",""
"639","爱情公寓中胡一菲的扮演者是谁？","娄艺潇","邓家佳","赵霁","李金铭","1","5870","5880",""
"640","爱情公寓中口头禅“好男人就是我，我就是____”？","曾小贤","张伟","关谷神奇","吕子乔","1","5870","5880",""
"641","邓婕版的《康熙微服私访记》中康熙皇帝是谁饰演的？","张国立","张铁林","陈道明","成龙","1","5870","5880",""
"642","琼瑶剧《还珠格格》中，小燕子和紫薇在皇宫里居住的地方叫？","漱芳斋","乾清宫","永寿宫","公主府","1","5870","5880",""
"643","琼瑶剧《还珠格格》中，赵薇饰演的角色是？","小燕子","紫薇","金锁","容嬷嬷","1","5870","5880",""
"644","《杨家将》中，手执皇上御赐龙头拐杖的老太太叫什么？","佘太君","杨八妹","穆桂英","杨排风","1","5870","5880",""
"645","在电视剧《新白娘子传奇》中，官人是对什么身份的人的称呼？","丈夫","公公","兄长","法海","1","5870","5880",""
"646","《七侠五义》中“五鼠”的白玉堂人称？","锦毛鼠","钻地鼠","飞天鼠","御猫","1","5870","5880",""
"647","1986版《西游记》中孙悟空的扮演者是叫什么名字？","六小龄童","张卫健","陈浩民","翁海清","1","5870","5880",""
"648","电视剧《情深深雨蒙蒙》中饰演“杜飞”的是哪位台湾男星？","苏有朋","高鑫","古巨基","何书桓","1","5870","5880",""
"649","影视剧《亮剑》的主人公是？","李云龙","许三多","余则成","高城","1","5870","5880",""
"650","电视剧《将爱情进行到底》的主题曲《等你爱我》原唱是谁？","陈明","谢雨欣","孙悦","周笔畅","1","5870","5880",""
"651","李小璐在电视剧《奋斗》中饰演？","杨晓芸","夏琳","米莱","陆涛","1","5870","5880",""
"652","赵薇的成名电视剧是？","还珠格格","情深深雨蒙蒙","老房有喜","京华烟云","1","5870","5880",""
"653","范冰冰在《还珠格格》中出演什么角色？","金锁","小燕子","紫薇","柳红","1","5870","5880",""
"654","《步步惊心》的女主角是？","刘诗诗","杨紫","戚薇","倪萍","1","5870","5880",""
"655","电视剧《甄嬛传》中甄嬛的扮演者是谁？","孙俪","李小璐","范冰冰","张韶涵","1","5870","5880",""
"656","高圆圆出演的电视剧是？","咱们结婚吧","相爱十年","产科医生","犀利仁师","1","5870","5880",""
"657","《打狗棍》中饰演戴天理的是？","巍子","陈宝国","沙溢","陶虹","1","5870","5880",""
"658","《新济公活佛》是由谁主演的？","陈浩民","陈小春","蔡依林","成龙","1","5870","5880",""
"659","《新济公活佛》属于什么类型的电视剧？","神话剧","穿越剧","家庭剧","农村剧","1","5870","5880",""
"660","下列哪部属于军旅剧？","勇敢的心","新济公活佛","古剑奇谭","来自星星的你","1","5870","5880",""
"661","陈浩民在《新济公活佛》中的角色是？","穷和尚","翩翩书生","皇帝","妖孽","1","5870","5880",""
"662","请问《打狗棍》的主演是？","王巍","文章","林子聪","杨志刚","1","5870","5880",""
"663","《打狗棍》中有一个什么帮？","杆子帮","乞丐帮","托托帮","乌托帮","1","5870","5880",""
"664","《武林外传》中佟湘玉的扮演者是？","闫妮","倪虹洁","岳丽娜","董洁","1","5870","5880",""
"665","《武林外传》里李大嘴是谁演的？","姜超","朱雨辰","杨志刚","陈浩民","1","5870","5880",""
"666","《武林外传》中谁是“关中大侠”？","吕秀才","佟湘玉","白展堂","郭芙蓉","1","5870","5880",""
"667","饰演《武林外传》中吕秀才的是？","喻恩泰","杜淳","李宗翰","陈键锋","1","5870","5880",""
"668","吕秀才在《武林外传》中是个什么角色？","百无一用的书生","纨绔子弟","皇帝","土匪头子","1","5870","5880",""
"669","《武林外传》中郭芙蓉的身份是什么？","女侠","乞丐","老板娘","浣衣女","1","5870","5880",""
"670","《武林外传》里的李大嘴喜欢谁？","杨慧兰","佟湘玉","白展堂","郭芙蓉","1","5870","5880",""
"671","李大嘴在《武林外传》中的职业是？","厨子","秀才","郎中","跑堂","1","5870","5880",""
"672","《武林外传》里谁最胖最笨？","李大嘴","佟湘玉","吕秀才","老邢","1","5870","5880",""
"673","李大嘴在《武林外传》里的名字又叫？","李秀莲","李莲英","李连杰","李志伟","1","5870","5880",""
"674","《武林外传》中吕秀才的名字叫？","吕轻侯","吕吕","吕良伟","吕波","1","5870","5880",""
"675","《武林外传》里谁是掌柜的？","佟湘玉","吕秀才","李大嘴","燕小六","1","5870","5880",""
"676","《武林外传》里李大嘴还有个绰号叫？","嘴哥","好汉","好基友","李家沟","1","5870","5880",""
"677","《武林外传》中吕轻侯的口头禅是？","子曾经曰过","我倒","葵花点穴手","如来神掌","1","5870","5880",""
"678","《武林外传》里吕轻侯的出生地是？","七侠镇","李家沟","尚书里","鸳鸯巷","1","5870","5880",""
"679","《武林外传》中的吕秀才是什么个性的人？","胆小","爱冒险","欺凌弱小","喜欢笑动物","1","5870","5880",""
"680","《武林外传》里郭芙蓉爱称吕秀才为？","侯哥","候总","帅帅","大萌","1","5870","5880",""
"681","《武林外传》中谁杀了姬无命？","吕轻侯","白展堂","佟湘玉","老邢","1","5870","5880",""
"682","《武林外传》中吕秀才说的是什么话？","普通话","天津话","河南话","山东话","1","5870","5880",""
"683","《武林外传》中李大嘴说的是什么话？","东北话","普通话","江苏话","山西话","1","5870","5880",""
"684","《武林外传》中佟湘玉说的是什么话？","山西话","四川话","上海话","江苏话","1","5870","5880",""
"685","《武林外传》中郭芙蓉说的是什么话？","普通话","云南话","河北话","湖南话","1","5870","5880",""
"686","对《武林外传》中佟湘玉的描述正确的是？","抠门","好吃懒做","身患重病","知识渊博","1","5870","5880",""
"687","《武林外传》里佟湘玉的出生是？","龙门镖局的千金","格格","侠女","县官","1","5870","5880",""
"688","《武林外传》的编剧是谁？","宁财神","冯小刚","郭达","蔡明","1","5870","5880",""
"689","《武林外传》里的燕小六绰号是？","小六六","小燕子","燕赤侠","花衣男","1","5870","5880",""
"690","燕小六在《武林外传》中说的是哪个地方的方言？","天津","北京","四川","湖南","1","5870","5880",""
"691","《武林外传》中燕小六一激动会怎么样？","拔刀","抠脚","撞墙","打牌","1","5870","5880",""
"692","燕小六在《武林外传》里的职业是？","捕头","叫花子","客栈老板","教书先生","1","5870","5880",""
"693","传说的“盗圣”是《武林外传》中的谁？","白展堂","郭芙蓉","吕轻侯","燕小六","1","5870","5880",""
"694","热播剧《勇敢的心》的男主角是谁？","杨志刚","文章","陈浩民","吴秀波","1","5870","5880",""
"695","《特种兵之火凤凰》说的是什么故事？","女子特战队","缉毒大队","刑侦大队","敢死队","1","5870","5880",""
"696","《特种兵之火凤凰》属于什么类型的电视剧？","军旅剧","古装剧","悬疑剧","家庭剧","1","5870","5880",""
"697","《我是特种兵》是谁主演的？","吴京","成龙","李连杰","甄子丹","1","5870","5880",""
"698","《亮剑》是什么类型的电视？","军旅剧","穿越剧","古装剧","言情剧","1","5870","5880",""
"699","《亮剑》中的李云龙的职位是？","团长","旅长","战士","排长","1","5870","5880",""
"700","《咱们结婚吧》女主演是？","高圆圆","周迅","陈乔恩","王珞丹","1","5870","5880",""
"701","《潜伏》中的女主演是谁？","姚晨","刘诗诗","张歆艺","杨幂","1","5870","5880",""
"702","《蜗居》是由哪个男艺人主演？","文章","黄海波","李幼斌","何政军","1","5870","5880",""
"703","《蜗居》中女主角叫什么？","海藻","海草","海带","海萍","1","5870","5880",""
"704","《潜伏》中余则成和王翠萍是？","名誉夫妻","自由恋爱","指腹为婚","娃娃亲","1","5870","5880",""
"705","《还珠格格》属于什么类型的连续剧？","古装剧","穿越剧","悬疑剧","罪案剧","1","5870","5880",""
"706","在《还珠格格》中饰演小燕子的是？","赵薇","林心如","颖儿","舒畅","1","5870","5880",""
"707","《还珠格格》中的皇阿玛是谁？","张铁林","苏有朋","霍建华","李易峰","1","5870","5880",""
"708","《还珠格格》中小燕子喜欢谁？","永琪","三阿哥","尔泰","尔康","1","5870","5880",""
"709","《还珠格格》中谁才是真正的格格？","紫薇","小燕子","赛娅","香妃","1","5870","5880",""
"710","《还珠格格》里箫剑与小燕子是什么关系？","兄妹","情人","夫妻","姐弟","1","5870","5880",""
"711","《还珠格格》第几部不是由赵薇饰演的？","第三部","第一部","第二部","每部都是","1","5870","5880",""
"712","《还珠格格》里饰演金锁的女艺人是？","范冰冰","黄奕","王艳","林心如","1","5870","5880",""
"713","《还珠格格》中永琪扮演者是？","苏有朋","周杰","张铁林","黄晓明","1","5870","5880",""
"714","《还珠格格》里小燕子的性格是怎样的？","活泼叛逆","温婉贤淑","柔情似水","娇滴滴","1","5870","5880",""
"715","《还珠格格》中夏紫薇的母亲是谁？","夏雨荷","夏天","皇后","香妃","1","5870","5880",""
"716","《还珠格格》中的永琪是皇帝的第几个儿子？","第五个","第一个","第二个","第三个","1","5870","5880",""
"717","《一仆二主》中张嘉译的身份是？","私人司机","老板","造型师","干部","1","5870","5880",""
"718","《一仆二主》中闫妮饰演的是怎样的女人？","女老板","打工妹","发廊妹","酒店前台","1","5870","5880",""
"719","《一仆二主》中杨树的女儿叫什么？","杨树苗","杨喵","杨桃","杨萌","1","5870","5880",""
"720","《家有儿女》中的妈妈是谁扮演的？","宋丹丹","章子怡","杨紫","刘诗诗","1","5870","5880",""
"721","《生活启示录》中的于小强扮演者是？","闫妮","闫学晶","贾玲","唐嫣","1","5870","5880",""
"722","《铜牙铁齿纪晓岚》中的纪晓岚饰演者是？","张国立","张铁林","王刚","陈宝国","1","5870","5880",""
"723","《铜牙铁齿纪晓岚》中的皇上饰演者是？","张铁林","王刚","钟汉良","张一山","1","5870","5880",""
"724","《铜牙铁齿纪晓岚》中的和珅饰演者是？","王刚","刘全","张嘉译","李健","1","5870","5880",""
"725","《铜牙铁齿纪晓岚》中的杜小月饰演者是？","袁立","范冰冰","刘萌萌","马苏","1","5870","5880",""
"726","《铜牙铁齿纪晓岚》里谁和纪晓岚是对立面？","和珅","乾隆","太后","白娘子","1","5870","5880",""
"727","由杨幂主演的穿越剧是下列哪个？","宫","奋斗","金婚","幸福像花儿一样","1","5870","5880",""
"728","《浪漫樱花》中的男主角是谁？","郭富城","汤姆·汉克斯","莱昂纳多","布拉·德皮特","1","5870","5880",""
"729","下面哪部影片被评为""金扫帚奖-最令人失望影片""的电影？","私人订制","血滴子","十二生肖","毒战","1","5870","5880",""
"730","赵薇参演过下列哪部电影？","画皮","阿凡达","无间道","非诚勿扰","1","5870","5880",""
"731","《鹿鼎记》影视剧中，剧中主人公是谁？","韦小宝","海大富","毛十八","双儿","1","5870","5880",""
"732","《白蛇传》中，白蛇救出许仙，引来大水淹了哪座寺庙？","金山寺","少林寺","南山寺","清凉寺","1","5870","5880",""
"733","因《戏说乾隆》红透大陆的男艺人是？","郑少秋","何家劲","邓光荣","郑伊健","1","5870","5880",""
"734","以都敏俊，千颂伊为主角现今最火热的韩剧是？","来自星星的你","蓝色生死恋","继承者门","24小时","1","5870","5880",""
"735","《来自星星的你》千颂伊同款笔记本是哪个牌子的？","三星","苹果","戴尔","创维","1","5870","5880",""
"736","性爱大师的主演是？","迈克尔·辛","约翰·本杰明","安德鲁·林肯","迈克·沃格尔","1","5870","5880",""
"737","韩国电视剧《天国的阶梯》的男主角是谁？","权相宇","崔智友","李敏镐","金城武","1","5870","5880",""
"738","“两个基友一只狗”讲的是哪部电影？","心花路放","人再囧途之泰囧","人在囧途","整容日记","1","5870","5880",""
"739","电影《少林足球》男主演是？","周星驰","刘德华","葛优","梁朝伟","1","5870","5880",""
"740","2014年央视春晚与庾澄庆演唱情非得已的韩国明星是？","李敏镐","金秀贤","郑容和","金宇彬","1","5870","5880",""
"741","电影《国产凌凌漆》中凌凌漆的扮演者是？","周星驰","李连杰","谢霆锋","梁朝伟","1","5870","5880",""
"742","湖南卫视《爸爸去哪儿》第一季中谁的爸爸是男模？","天天","cindy（森蝶）","石头","Kimi","1","5870","5880",""
"743","非常6+1的节目主持人是谁？","李咏","朱军","毕福剑","周涛","1","5870","5880",""
"744","影星刘嘉玲的老公是谁？","梁朝伟","刘德华","黎明","张学友","1","5870","5880",""
"745","下列演员中哪一位是韩国人？","李敏镐","韩庚","吴尊","陈楚生","1","5870","5880",""
"746","电影《人再囧途之泰囧》极品囧人王宝的扮演者是？","王宝强","孙红雷","黄渤","徐峥","1","5870","5880",""
"747","下面哪个艺人不是赵本山的徒弟？","毕福剑","宋小宝","小沈阳","王小利","1","5870","5880",""
"748","《冰封侠》第一部叫什么名字？","冰封:重生之门","催眠大师","爱我一生一世","大河儿女","1","5870","5880",""
"749","下面哪一部电影不是励志电影？","心花路放","阿甘正传","当幸福来敲门","肖申克的救赎","1","5870","5880",""
"750","以下哪个是《复仇者联盟》里面的人物？","绿巨人","舒克","擎天柱","黑猫警长","1","5870","5880",""
"751","电影《功夫》中包租婆绝技是？","狮吼功","太极拳","八卦棍","十二路谭腿","1","5870","5880",""
"752","因饰演角色白娘子而深入人心的女演员是？","赵雅芝","叶童","翁美玲","赵薇","1","5870","5880",""
"753","电影《西游·降魔篇》是由谁监制、编剧、导演的古装神话电影？","周星驰","吴孟达","冯小刚","张艺谋","1","5870","5880",""
"754","《天天向上》七个主持人合称？","天天兄弟","天天向上","天天达人","魔幻达人","1","5870","5880",""
"755","电影《人在囧途》中王宝强的职业是？","挤奶工","保姆","清洁工","老板","1","5870","5880",""
"756","著名导演冯小刚的妻子是著名演员？","徐帆","徐静蕾","高圆圆","柳岩","1","5870","5880",""
"757","电影《后会无期》刘莺莺台球厅女老板刘莺莺的扮演者是？","袁泉","高圆圆","杨幂","汤唯","1","5870","5880",""
"758","电影《西游·降魔篇》女主角是？","舒淇","高圆圆","杨幂","汤唯","1","5870","5880",""
"759","舒淇获得过下列哪个奖项？","台湾金马奖","诺贝尔奖","格莱美音乐奖","奥斯卡金像奖","1","5870","5880",""
"760","电影《心花路放》二手音响店老板，过气歌手是谁扮演的？","黄渤","徐峥","王宝强","文章","1","5870","5880",""
"761","电影《唐伯虎点秋香》中卖身汉小狗叫什么？","旺财","汪汪","小狗","菜菜","1","5870","5880",""
"762","电影《食神》中以哪种食物重出江湖？","爆浆濑尿牛丸","超级佛跳墙","肥肠面","杂碎面","1","5870","5880",""
"763","电影《国产凌凌漆》中作为凌凌漆在香港的联络人的扮演者是？","袁咏仪","张柏芝","莫文蔚","张敏","1","5870","5880",""
"764","电影《少林足球》中饰演少林足球队教练的是？","吴孟达","黄秋生","刘烨","石磊","1","5870","5880",""
"765","电影《十二生肖》由谁执导的一部电影？","成龙","周星驰","刘德华","周润发","1","5870","5880",""
"766","主持《快乐大本营》《百变大咖秀》的著名男主持人是？","何炅","海涛","孟非","华少","1","5870","5880",""
"767","湖南卫视《爸爸去哪儿》第一季中谁的爸爸是电影导演？","angela","cindy（森蝶）","石头","Kimi","1","5870","5880",""
"768","电影《失恋33天》男主角由谁扮演？","文章","吴尊","张亚东","李民浩","1","5870","5880",""
"769","电影《色·戒》中女主角是谁扮演的？","汤唯","章子怡","刘嘉玲","李小璐","1","5870","5880",""
"770","2014年郭敬明指导的同名小说翻拍的电影叫什么？","小时代3刺进时代","小时代3","小时代","小时代2","1","5870","5880",""
"771","2004年武侠巨献《十面埋伏》的导演是？","张艺谋","吴宇森","李安","陈凯歌","1","5870","5880",""
"772","电影《宝贝计划》包租公从李氏富豪的家中偷出的是？","小宝宝","珠宝","人民币","手机","1","5870","5880",""
"773","电影《人在囧途》中王宝强扮演的是哪个角色？","牛耿","李成功","美丽","大马","1","5870","5880",""
"774","中国好声音第一季冠军是？","梁博","吴莫愁","金志文","李代沫","1","5870","5880",""
"775","中国好声音的评委之一，以沙哑的嗓音演唱歌曲的创作歌手是？","杨坤","那英","齐秦","汪峰","1","5870","5880",""
"776","以下谁参演了爸爸去哪第二季？","陆毅","吴克群","林俊杰","邵佳一","1","5870","5880",""
"777","非诚勿扰的主持人是？","孟非","何炅","邱启明","毕福剑","1","5870","5880",""
"778","娱乐节目《爸爸去哪儿》第一季中“爸爸”没有谁？","文章","田亮","王岳伦","林志颖","1","5870","5880",""
"779","《一周立波秀》的主持人是？","周立波","孟非","乐嘉","郭德纲","1","5870","5880",""
"780","我是歌手第二季冠军是谁？","韩磊","罗大佑","周杰伦","羽泉","1","5870","5880",""
"781","湖南卫视《爸爸去哪儿》第一季里面童星有几个男孩？","3个男孩","2个男孩","1个男孩","没有男孩","1","5870","5880",""
"782","湖南卫视《爸爸去哪儿》第一季中以下童星谁的年龄最大？","石头","Kimi","cindy （森蝶）","angela","1","5870","5880",""
"783","湖南卫视《爸爸去哪儿》第一季中哪位童星被称为“小小志”？","Kimi","天天","石头","村长","1","5870","5880",""
"784","湖南卫视热播娱乐节目《我是歌手》为什么LOGO图标是“7”？","7位歌手竟演","7天连锁酒店赞助","每期7场比赛","节目7点开始","1","5870","5880",""
"785","人称“快嘴”的《中国好声音》主持人是哪一位？","华少","何炅","李湘","朱丹","1","5870","5880",""
"786","台湾的综艺天王，主持过《我猜我猜我猜猜猜》的是哪位主持人？","吴宗宪","黄子佼","陶晶莹","蔡康永","1","5870","5880",""
"787","湖南卫视综艺节目《天天向上》不包括哪位主持人？","管艺","汪涵","欧弟","田源","1","5870","5880",""
"788","下列哪个综艺节目由小S徐熙娣主持？","康熙来了","非诚勿扰","我爱记歌词","快乐大本营","1","5870","5880",""
"789","《爸爸去哪了》第二季，姚明和几个孩子的爸爸们在打什么球？","篮球","羽毛球","网球","棒球","1","5870","5880",""
"790","2014年央视春晚中主持人阵容新增的成员是？","张国立","周杰伦","倪萍","孟非","1","5870","5880",""
"791","中国好声音第一季杨坤最喜欢说的话？","32场演唱会","呵呵","你是我的","带你一起飞","1","5870","5880",""
"792","28年作为央视春节联欢晚会结尾曲的歌曲叫什么名字？","难忘今宵","同一首歌","快乐就是这么简单","新年快乐","1","5870","5880",""
"793","《快乐大本营》是哪个电视台的节目？","湖南卫视","东南电视台","TVB","CCTV","1","5870","5880",""
"794","谁是性感女主播？","柳岩","倪萍","杨澜","赵忠祥","1","5870","5880",""
"795","谁是中央电视台著名主持人？","董卿","谢楠","朱丹","沈星","1","5870","5880",""
"796","《中国最强音》的女主持人是谁？","朱丹","伊一","李黎","李莉","1","5870","5880",""
"797","小S在《康熙来了》中的主持搭档是谁？","蔡康永","吴宗宪","李咏","朱军","1","5870","5880",""
"798","中国好声音是什么？","选秀节目","相亲节目","小品","相声","1","5870","5880",""
"799","哪一位不是中国好声音的导师？","黄渤","那英","汪峰","杨坤","1","5870","5880",""
"800","梁博是哪个导师战队的？","那英","汪峰","齐秦","庾澄庆","1","5870","5880",""
"801","为可口可乐歌舞广告代言的好声音学员？","吴莫愁","萱萱","陈冰","贾乃亮","1","5870","5880",""
"802","吸毒被抓的好声音学员是？","李代沫","李天一","李刚","张炜","1","5870","5880",""
"803","李代沫在好声音唱的第一首歌是？","我的歌声里","我的小屋里","我的水壶里","我的书包里","1","5870","5880",""
"804","张惠妹的梦想导师是？","王力宏","汪峰","徐锦江","周杰伦","1","5870","5880",""
"805","中国好声音导师中三朝元老？","那英","刘欢","汪峰","杨坤","1","5870","5880",""
"806","以阿拉蕾造型出现在好声音中的学员是？","徐海星","张炜","金志文","姚贝娜","1","5870","5880",""
"807","第三季好声音中自称网店店主的学员是？","李嘉格","邓紫棋","张碧晨","刘明香","1","5870","5880",""
"808","被爆身价三十亿的好声音学员是？","陈冰","李冰","张碧晨","魏雪漫","1","5870","5880",""
"809","好声音至今为止出了几季？","3","2","1","4","1","5870","5880",""
"810","佳宁组合说的是几个人？","2","3","4","5","1","5870","5880",""
"811","中国好声音第二季网络独播版权是谁的？","搜狐","新浪","腾讯","金山","1","5870","5880",""
"812","阚立文在第二季《中国好声音》令导师转身歌曲？","那些年","那些花","那些鸟","那些妞","1","5870","5880",""
"813","钟伟强参加好声音时的年龄？","60","50","40","30","1","5870","5880",""
"814","钟伟强最终选择了哪位导师？","汪峰","那英","哈林","王力宏","1","5870","5880",""
"815","赵露在好声音演唱的第一首歌是？","我是一只小小鸟","我是谁","我看见","我走了","1","5870","5880",""
"816","好声音三朝元老是哪里人？","东北","西北","河北","华北","1","5870","5880",""
"817","32是哪个战队的代名词？","杨坤","汪峰","张惠妹","刘欢","1","5870","5880",""
"818","杨门女将中“杨门”指的是？","杨坤","刘欢","那英","哈林","1","5870","5880",""
"819","《热情的沙漠》是哪位导师的作品？","哈林","那英","刘欢","汪峰","1","5870","5880",""
"820","好声音的制作公司？","灿星","东星","洪兴","绍兴","1","5870","5880",""
"821","好声音第二季第一个出场的是？","刘雅婷","袁娅维","丁丁","金志文","1","5870","5880",""
"822","张碧晨是哪个韩国组合的成员？","sunny days","summer day","flower days","moon days","1","5870","5880",""
"823","陈冰是从事什么行业的？","金融","传媒","美容","汽车","1","5870","5880",""
"824","好声音中被称为“蘑菇头”的是？","李琦","李刚","赵露","袁娅维","1","5870","5880",""
"825","下列哪位明星是新疆籍演员？","佟丽娅","那英","杨幂","林青霞","1","5870","5880",""
"826","《百变大咖秀》是什么内容的娱乐节目？","明星模仿","唱歌","跳舞","访谈类","1","5870","5880",""
"827","电影《逆战》中周杰伦的亲生哥哥是哪位演员扮演的？","谢霆锋","张杰","梁朝伟","林俊杰","1","5870","5880",""
"828","张国荣版的电影《倩女幽魂》讲述了书生宁采臣到什么地方躲雨？","兰若寺","金山寺","悬空寺","少林寺","1","5870","5880",""
"829","电影《韩城攻略》冷面职员Owen的扮演者是？","任贤齐","古天乐","周渝民","何炅","1","5870","5880",""
"830","电影《功夫之王》孙悟空的扮演者是？","李连杰","谢霆锋","古巨基","洪金宝","1","5870","5880",""
"831","“成全别人，恶心自己”的这句台词出自哪个电影？","私人订制","手机","甲方乙方","疯狂的石头","1","5870","5880",""
"832","《尖峰时刻2》中的中国女明星是？","章子怡","李冰冰","李嘉欣","全智贤","1","5870","5880",""
"833","《变形金刚》大黄蜂变形后是一辆什么车？","雪佛兰科迈罗","克尔维特Z7","福特野马","道奇蝰蛇","1","5870","5880",""
"834","曾饰演许文强，小马哥，赌神，等经典角色的香港男影星是谁？","周润发","成龙","狄龙","甄子丹","1","5870","5880",""
"835","《七龙珠》请问乌龙向神龙许下了什么愿望？","我要内裤","我要有很多钱","我要变得强大","希望世界和平","1","5870","5880",""
"836","《灌篮高手》里谁是湘北女生心中的王子？","流川枫","仙道","樱木花道","藤真","1","5870","5880",""
"837","《机器猫》的作者是？","藤子不二雄","赤松健","宫博","宫崎骏","1","5870","5880",""
"838","“变形金刚”系列电影的导演是哪一位？","迈克尔贝","斯皮尔伯格","乔治卢卡斯","吕克贝松","1","5870","5880",""
"839","“变形金刚3”中，擎天柱的师傅是谁？","御天敌","补天士","捍天尊","通天晓","1","5870","5880",""
"840","“变形金刚4”的票房在哪个国家最高？","中国","日本","美国","英国","1","5870","5880",""
"841","《变形金刚》擎天柱的台湾译名是？","柯柏文","和博文","康柏文","康师傅","1","5870","5880",""
"842","哪吒闹海中，哪吒的爸爸叫？","李靖","罗毅","雷震子","黄飞虎","1","5870","5880",""
"843","《丑小鸭》中，丑小鸭最后变成了哪种美丽的动物？","白天鹅","金孔雀","火凤凰","小黄狗","1","5870","5880",""
"844","喜羊羊与灰太狼中，灰太狼老婆叫什么？","红太狼","蓝太狼","金太狼","花太狼","1","5870","5880",""
"845","喜羊羊与灰太狼中，红太狼最擅长的武器是什么？","平底锅","木棒","弹弓","短剑","1","5870","5880",""
"846","多啦a梦和谁住在一起？","大雄","宜静","强夫","大胖","1","5870","5880",""
"847","Tom和Jerry是哪部动画片的角色？","猫和老鼠","海尔兄弟","海贼王","机器猫","1","5870","5880",""
"848","喜羊羊与灰太狼中，最懒的羊是？","懒羊羊","沸羊羊","美羊羊","喜羊羊","1","5870","5880",""
"849","喜羊羊与灰太狼中，背着包的羊是哪个？","喜羊羊","美羊羊","懒羊羊","暖羊羊","1","5870","5880",""
"850","喜羊羊与灰太狼中，灰太狼的儿子叫什么名字？","小灰灰","小灰狼","灰小狼","小小灰","1","5870","5880",""
"851","喜羊羊与灰太狼中，逍洒哥和蛋蛋怎样才能合体？","把蛋蛋吞下去","大喊合体吧","组合","互相撞击","1","5870","5880",""
"852","喜羊羊与灰太狼中，逍洒哥和蛋蛋合体后必杀技叫什么？","画个圈圈诅咒你","画个圈圈歌颂你","画个圈圈祝福你","画个圈圈赞美你","1","5870","5880",""
"853","喜羊羊与灰太狼中，灰太狼认识的第一只羊是谁吗？","懒羊羊","美羊羊","喜羊羊","沸羊羊","1","5870","5880",""
"854","喜羊羊与灰太狼中，灰太狼的口头禅是什么？","我一定会回来的！","有没有搞错啊！","我想到了！","老婆，我好爱你！","1","5870","5880",""
"855","喜羊羊与灰太狼中，灰太狼的太太太太太爷爷叫什么？","武大狼","忍太郎","红太狼","刀狼","1","5870","5880",""
"856","喜羊羊与灰太狼中，哪只狼不吃羊？（不包括抓不到羊的）","蕉太狼","黑太狼","灰太狼","红太狼","1","5870","5880",""
"857","以下哪个不是我叫MT国足“圣骑士光棍团”成员？","战战","骑骑","圣圣","光光","1","5870","5880",""
"858","著名卡通形象米老鼠有几根手指？","4","5","3","2","1","5870","5880",""
"859","下面哪部动画片是宫崎骏的作品？","龙猫","龙斗士星矢","阿拉蕾","犬夜叉","1","5870","5880",""
"860","圣斗士中被称为“不死鸟”的是？","一辉","星矢","紫龙","奔波霸","1","5870","5880",""
"861","世界动画大国是哪两个？","美国与日本","中国与日本","韩国与日本","意大利与日本","1","5870","5880",""
"862","中国第一部水墨动画片？","小蝌蚪找妈妈","大闹画室","小鲤鱼历险记","阿凡提","1","5870","5880",""
"863","中国第一部集数最长的动画片？","喜洋洋与灰太狼","大闹画室","葫芦娃","七龙珠","1","5870","5880",""
"864","哪吒有什么宝器？","乾坤圈","打神鞭","三尖叉","宝塔","1","5870","5880",""
"865","《宝莲灯》当中“二郎神”是主人公“沉香”的？","舅舅","叔叔","伯伯","表哥","1","5870","5880",""
"866","哈利波特是谁？","一个英国小男孩","一个英国小女孩","一个法国小男孩","一个法国小女孩","1","5870","5880",""
"867","《网球王子》中被称为青学的“黄金搭档”是谁？","大石和菊丸","越前和英二","桃城和熏","周助和国光","1","5870","5880",""
"868","《花木兰》是哪国制作的动画片？","美国","中国","日本","法国","1","5870","5880",""
"869","《胜利投手》以什么运动为题材？","棒球","拳击","网球","足球","1","5870","5880",""
"870","下列作品中，哪一部是对未来世界的想象？","铁臂阿童木","幽灵公主","美少女战士","圣斗士星矢","1","5870","5880",""
"871","火影鸣人体内的尾兽是什么动物？","狐狸","狗","老虎","豹子","1","5870","5880",""
"872","赛车总动员中板牙是一辆？","拖车","公交车","小汽车","警车","1","5870","5880",""
"873","“真相只有一个”这句话在哪一部动漫中最经典？","名侦探柯南","侦探学院","血色星期一","左目侦探EYE","1","5870","5880",""
"874","“代表月亮消灭你”是出自哪一部动漫的经典台词？","美少女战士","会长是女仆","樱兰高校男公关部","天堂之吻","1","5870","5880",""
"875","《火影忍者》的男一号是谁？","鸣人","自来也","佐助","卡卡西","1","5870","5880",""
"876","《海贼王》的男一号是谁？","路飞","索隆","香吉士","香克斯","1","5870","5880",""
"877","《宠物小精灵》里，小智的第一只宠物小精灵是？","皮卡丘","小火龙","杰尼龟","妙蛙种子","1","5870","5880",""
"878","《蜡笔小新》里小新的妹妹叫什么？","小葵","娜娜子","美伢","妮妮","1","5870","5880",""
"879","《樱桃小丸子》中，丸尾怎么称呼他妈？","母亲大人","妈","妈妈","老妈","1","5870","5880",""
"880","《七龙珠》里，悟空的第二个孩子叫什么？","悟天","悟饭","特兰克斯","小芳","1","5870","5880",""
"881","《大耳朵图图》的爸爸妈妈叫什么名字？","英俊和美丽","风流和倜傥","英俊和潇洒","帅气和漂亮","1","5870","5880",""
"882","葫芦娃中，会隐身的六娃，衣服是什么颜色的？","蓝色","红色","紫色","黄色","1","5870","5880",""
"883","圣斗士的作者是谁？","车田正美","井上雄彦","富坚义博","高桥留美子","1","5870","5880",""
"884","《变形金刚》中的大黄蜂，其标志为一个十字，属于哪个品牌？","雪佛兰","别克","劳斯莱斯","雷诺","1","5870","5880",""
"885","变形金刚中，变形为卡车的是？","擎天柱","大黄蜂","御天敌","通天晓","1","5870","5880",""
"886","大象大象你的鼻子怎么那么长，以下哪部动画片使用了这句歌词？","蜡笔小新","樱桃小丸子","舒克和贝塔","熊出没","1","5870","5880",""
"887","《米老鼠和唐老鸭》中，布鲁托是一只什么动物？","狗","老鼠","猫","牛","1","5870","5880",""
"888","葫芦娃中，以下哪一只是葫芦兄弟大战的妖怪？","蛇精","老鼠精","大象精","苍蝇精","1","5870","5880",""
"889","熊大，熊二和光头强请问这三个名字是哪部动画中出现的？","熊出没","小熊","嘟嘟熊","三只熊","1","5870","5880",""
"890","著名卡通形象“阿狸”、“桃子”都是以什么动物为原型的？","狐狸","猫咪","狗","老虎","1","5870","5880",""
"891","大力水手吃了什么，肌肉就会变得很强壮？","菠菜","芹菜","萝卜","南瓜","1","5870","5880",""
"892","动画儿歌《蓝精灵》，蓝精灵齐心合力打败了那个巫师？","格格巫","宅急便","拉兹夫人","大巫师","1","5870","5880",""
"893","动画片《阿凡提》中，阿凡提的坐骑是一只什么动物？","驴","羊","马","老虎","1","5870","5880",""
"894","动画片中，常用一连串的哪个英文字母表示某人熟睡的状态？","Z","M","A","C","1","5870","5880",""
"895","美国卡通形象“史努比”是一只什么动物？","狗","猫","狐狸","鸭子","1","5870","5880",""
"896","《中华小当家》主要讲的内容是关于？","厨艺","艺妓","医术","武术","1","5870","5880",""
"897","电影《变形金刚》中，与擎天柱作对的反派首领叫什么？","威震天","路障","眩晕","轰天雷","1","5870","5880",""
"898","“我勒个去”、“我勒个擦”、“加勒个油”、来自哪部搞笑动画？","日和","万万没想到","我叫MT","一休哥","1","5870","5880",""
"899","童话故事里，灰姑娘在离开王子时丢了什么东西？","水晶鞋","火柴","食物","帽子","1","5870","5880",""
"900","谁是慈母星，南斗最后之将？","尤莉亚","米莉亚","玲","王昭君","1","5870","5880",""
"901","“城市猎人”是哪位漫画家的杰作？","北条司","迁本现三","武论凯","宁财神","1","5870","5880",""
"902","“城市猎人”的男主角是？","冴羽獠","绯雨闲丸","御千鹤","成龙","1","5870","5880",""
"903","国产经典动画“大闹天宫”出自哪年？","1964年","1954年","1961年","2013年","1","5870","5880",""
"904","“葫芦兄弟”到底是几兄弟？","七兄弟","六兄弟","九兄弟","金陵十三弟","1","5870","5880",""
"905","“葫芦兄弟”中，铜头铁臂的是谁？","三娃","四娃","六娃","蜈蚣精","1","5870","5880",""
"906","《变形金刚》声波的仇敌是？","录音机","显微镜","通天晓","莽汉","1","5870","5880",""
"907","“浪客剑心”的作者是？","和月伸宏","大友克洋","斋藤一","木下藤吉郎","1","5870","5880",""
"908","一辉是什么星座的战士？","凤凰座","火鸟座","狮子座","皇后座","1","5870","5880",""
"909","“圣斗士星矢”的作者是谁？","车田正美","大河原邦男","明日圭佑","姿三四郎","1","5870","5880",""
"910","“圣斗士星矢”中庐山升龙霸是谁的必杀技？","紫龙","苍龙","冰河","穆先生","1","5870","5880",""
"911","“圣斗士星矢”中星矢的老师是谁？","魔铃","白鬼","卡谬","金铃","1","5870","5880",""
"912","《海贼王》中第一男主角叫什么？","路飞","张飞","沙里飞","孟飞","1","5870","5880",""
"913","“打雷啦，下雨啦，快收衣服啊！”是《大话西游》中谁台词？","唐僧","孙悟空","猪八戒","红孩儿","1","5870","5880",""
"914","电影《后会无期》在旅途中负责吆喝的领头人马浩汉的扮演者是？","冯绍峰","陆毅","文章","言承旭","1","5870","5880",""
"915","电影《赌神》的男主演是？","周润发","王晶","任达华","甄子丹","1","5870","5880",""
"916","电影《十二生肖》的男主演是？","成龙","李连杰","洪金宝","刘德华","1","5870","5880",""
"917","“两个男人一张床，好囧”讲的是下面哪部电影？","人在囧途","人再囧途之泰囧","心花路放","疯狂的石头","1","5870","5880",""
"918","“她整的不是容，是命运”形容的哪部电影？","整容日记","人在囧途","人再囧途之泰囧","心花路放","1","5870","5880",""
"919","大S与小S共同主持的综艺节目？","娱乐百分百","快乐大本营","非诚勿扰","我爱记歌词","1","5870","5880",""
"920","电影《逃学威龙》中飞虎队第一号杀手周星星的扮演者？","周星驰","吴孟达","张敏","周杰伦","1","5870","5880",""
"921","电影《101次求婚》黄渤饰演的黄达求婚多少次成功？","101","99","100","1","1","5870","5880",""
"922","电影《醉拳》的男主演是？","成龙","洪金宝","葛优","黄渤","1","5870","5880",""
"923","《我叫MT》中大小姐的仆人是？","方砖","会长","暗夜男","劣人","1","5870","5880",""
"924","电影《功夫》中最大的帮派是？","斧头帮","黑手党","山口组","鳄鱼帮","1","5870","5880",""
"925","周杰伦自导自演的电影处女作是？","不能说的秘密","逆战","满城尽带黄金甲","天台爱情","1","5870","5880",""
"926","电影《唐伯虎点秋香》“江南四大才子”之首是？","唐伯虎","祝枝山","文征明","徐祯卿","1","5870","5880",""
"927","下面那个角色不是电影《功夫》中的？","令狐冲","火云邪神","神雕侠侣","天残地缺","1","5870","5880",""
"928","电影《分手大师》的拍摄地点是？","毛里求斯","威尼斯","济州岛","好望角","1","5870","5880",""
"929","《致我们终将逝去的青春》这部电影的导演是谁？","赵薇","张艺谋","林心如","于仁泰","1","5870","5880",""
"930","电影《食神》中食神的扮演者是？","周星驰","孙红雷","黄渤","徐峥","1","5870","5880",""
"931","《不见不散》《甲方乙方》出自哪一位著名导演？","冯小刚","张艺谋","周星驰","徐静蕾","1","5870","5880",""
"932","张卫健的代表作不包括以下哪一个？","人在囧途","西游记","笑傲江湖","少年张三丰","1","5870","5880",""
"933","电影《天下无贼》中刘若英扮演是谁的老婆？","刘德华","王宝强","葛优","冯小刚","1","5870","5880",""
"934","张国荣版的电影《倩女幽魂》的女主角是？","王祖贤","张曼玉","林青霞","关之琳","1","5870","5880",""
"935","张柏芝和谢霆锋共同出演过哪部电影？","无极","钢铁侠","古墓丽影","碟中谍","1","5870","5880",""
"936","以下哪档节目是歌手选秀类节目？","中国好声音","非你莫属","非诚勿扰","职来职往","1","5870","5880",""
"937","《杀破狼》是一部什么样电影？","警匪功夫片","爱情片","科幻片","恐怖片","1","5870","5880",""
"938","电影《唐伯虎点秋香》中唐伯虎有几名妻子？","九","十","六","一","1","5870","5880",""
"939","电影《功夫》中包租婆和包租公称号是？","神雕侠侣","东方不败","独孤求败","华英雄","1","5870","5880",""
"940","电影《无人区》律师潘肖的扮演者？","徐峥","黄渤","王宝强","余男","1","5870","5880",""
"941","电影《长江7号》小外星人的名字是？","长江七号","ET","瓦力","伊娃","1","5870","5880",""
"942","下面哪一步不是《非诚勿扰》的流程内容？","领证结婚","爱之初体验","爱之再判断","爱之终决选","1","5870","5880",""
"943","下列哪部电影是关于整容的？","整容日记","惊天魔盗团","催眠大师","爱我一生一世","1","5870","5880",""
"944","《神偷奶爸》是哪个国家的电影？","美国","日本","中国","韩国","1","5870","5880",""
"945","电影《神话》女主角玉漱的扮演者是？","金喜善","杨幂","刘诗诗","唐嫣","1","5870","5880",""
"946","电影《老男孩》是什么兄弟的大作？","筷子兄弟","华谊兄弟","葫芦七兄弟","内维尔兄弟","1","5870","5880",""
"947","电影《101次求婚》黄渤饰演的黄达职业是什么？","包工头","老板","出租车司机","黄牛","1","5870","5880",""
"948","电影《那些年，我们一起追的女孩》女主角沈佳宜的扮演者是？","陈妍希","高圆圆","杨幂","汤唯","1","5870","5880",""
"949","电影《大话西游之月光宝盒》至尊宝对谁一见钟情？","白晶晶","紫霞仙子","春三十娘","铁扇公主","1","5870","5880",""
"950","电影《唐伯虎点秋香》唐家的仇人是？","夺命书生","秋香","宁王","小李飞刀","1","5870","5880",""
"951","《快乐大本营》的主题曲？","快乐你懂的","可惜不是你","唱得响亮","如果我们换一换","1","5870","5880",""
"952","下列属于“快乐家族”的成员是？","谢娜","李湘","何洁","汪涵","1","5870","5880",""
"953","电影《孤岛惊魂》香港影星陈小春携手谁主演的?","杨幂","唐嫣","张檬","刘涛","1","5870","5880",""
"954","《快乐大本营》的哪个台的综艺性娱乐节目？","湖南卫视","江苏卫视","深圳卫视","北京卫视","1","5870","5880",""
"955","下面哪一部不是关于吸血鬼的美剧？","篮球火","暮光之城","吸血鬼日记","吸血鬼骑士","1","5870","5880",""
"956","有着“绵羊音”称号的女歌手叫做？","曾轶可","李宇春","周笔畅","刘惜君","1","5870","5880",""
"957","邓超首次自导自演的“超氏喜剧”电影是？","分手大师","中国合伙人","李米的猜想","四大名捕","1","5870","5880",""
"958","北京遇上西雅图的男主演是？","吴秀波","孙红雷","杨烁","汤唯","1","5870","5880",""
"959","请问《变形金刚4》有中国哪位女星参演？","李冰冰","范冰冰","林熙蕾","杨恭如","1","5870","5880",""
"960","电影《功夫之王》冷血白发魔女霓裳白的扮演者是？","李冰冰","宋佳","李小璐","王珞丹","1","5870","5880",""
"961","电影《忠犬八公的故事》是改编自哪里的真实故事？","日本","美国","中国","新加坡","1","5870","5880",""
"962","电影《101次求婚》中志玲姐姐扮演的叶熏是一个乐团的？","大提琴手","长笛","大号","钢片琴","1","5870","5880",""
"963","著名演员成龙，本名姓什么？","房","成","胡","赵","1","5870","5880",""
"964","电影《十二生肖》中要被扔进火山口里面的兽首是？","龙首","鼠首","兔首","鸡首","1","5870","5880",""
"965","有亚洲小旋风称号的明星是谁？","林志颖","苏有朋","吴奇隆","金城武","1","5870","5880",""
"966","跟郭德纲经常合作的相声演员是？","于谦","何云伟","大张伟","郭富城","1","5870","5880",""
"967","下面哪部电影不是讲吸血鬼与狼人的故事？","变形金刚","黑夜传说","暮光之城","范海辛","1","5870","5880",""
"968","电影《食神》中双刀火鸡的扮演者是？","莫文蔚","张柏芝","林凤娇","林青霞","1","5870","5880",""
"969","电影《人在囧途》以什么为背景？","春运","国庆","相亲","结婚","1","5870","5880",""
"970","电影《宝贝计划》百达通妻子PakYin的扮演者是？","蔡卓妍","林依晨","周迅","赵薇","1","5870","5880",""
"971","张国荣版的电影《倩女幽魂》中道士燕赤霞的扮演者是？","午马","张学友","黎明","刘德华","1","5870","5880",""
"972","电影《人在囧途之泰囧》的导演是？","徐铮","黄渤","王宝强","冯小刚","1","5870","5880",""
"973","电影《大话西游之月光宝盒》中白晶晶是？","白骨精","蜘蛛精","神仙","狐狸精","1","5870","5880",""
"974","《快乐大本营》的主持团体？","快乐家族","天天兄弟","快乐星期天","快乐么么哒","1","5870","5880",""
"975","电影《功夫之王》神秘而寡言的默僧强人的扮演者是？","李连杰","钟汉良","张铁林","黎明","1","5870","5880",""
"976","参演电影《窃听风云3》的演员是？","古天乐","欧阳震华","谢霆锋","陈冠希","1","5870","5880",""
"977","《快乐大本营》一共有几位主持人？","5","1","2","6","1","5870","5880",""
"978","下列属于“天天兄弟”的成员是？","汪涵","何炅","谢娜","维嘉","1","5870","5880",""
"979","电影《西游记之大闹天宫》魔界之王牛魔王饰演者是？","郭富城","甄子丹","何润东","周星驰","1","5870","5880",""
"980","电影《唐伯虎点秋香》中武状元喜欢？","石榴姐","秋香","华夫人","唐伯虎","1","5870","5880",""
"981","电影《少林足球》为了增加球队实力，推广什么武学？","少林","武当","峨眉","华山","1","5870","5880",""
"982","电影《功夫》中哑女的扮演者是？","黄圣依","梁咏琪","王珞丹","张馨予","1","5870","5880",""
"983","谁是羽泉组合中的一员？","陈羽凡","李健","林志颖","郭富城","1","5870","5880",""
"984","《少年黄飞鸿》中，黄飞鸿是谁的儿子？","黄麒英","黄绮珊","黄忠","黄狄","1","5870","5880",""
"985","电影《侏罗纪公园》主要的是讲述什么动物？","恐龙","鳄鱼","巨蟒","异性","1","5870","5880",""
"986","《快乐大本营》的首播时间？","每周六20:10","每周六18:00","每周日20:10","每周日18:00","1","5870","5880",""
"987","著名的综艺节目主持人吴宗宪是哪里人？","台湾人","香港人","上海人","新加坡人","1","5870","5880",""
"988","与王刚、张铁林合称“铁三角”的是？","张国立","陈宝国","陈道明","陈明","1","5870","5880",""
"989","电影《大话西游之大圣娶亲》又名？","仙履奇缘","月光宝盒","梦回西游","西游记","1","5870","5880",""
"990","电影《金刚》中的金刚最后被带到了哪座什么城市？","纽约","洛杉矶","休斯顿","迈阿密","1","5870","5880",""
"991","Twins成员除了钟欣桐还有一个是谁？","蔡卓妍","周丽淇","容祖儿","泳儿","1","5870","5880",""
"992","电影《功夫》中星仔周星驰练成的武功是？","如来神掌","葵花宝典","辟邪剑谱","降龙十八掌","1","5870","5880",""
"993","电影《心花路放》讲述了在生活中遭遇了情感危机的耿浩是谁扮演？","黄渤","陈道明","廖凡","陈冠希","1","5870","5880",""
"994","电影《人在囧途》中下面哪个不是王宝强睡觉的习惯？","穿衣服睡觉","梦话","磨牙","放屁","1","5870","5880",""
"995","香港著名演员曾志伟的女儿叫什么名字？","曾宝仪","曾之乔","曾华倩","曾轶可","1","5870","5880",""
"996","章子怡在《梅兰芳》中扮演谁？","孟小冬","梅兰芳","福芝芳","邱白如","1","5870","5880",""
"997","无厘头是哪个演员经常用于电影中的表演方式？","周星驰","陈凯歌","刘德华","梁朝伟","1","5870","5880",""
"998","邓超自己第一个导演的电影叫什么？","分手大师","结合大师","拆散大师","小三世界","1","5870","5880",""
"999","电影《审死官》中扮演周星驰老婆的是？","梅艳芳","吴孟达","吴家丽","章子怡","1","5870","5880",""
"1000","中国第一部微电影是什么？","老男孩","干爹","青春期","田埂上的梦","1","5870","5880",""
"1001","电影《失恋33天》女主角由谁扮演？","白百合","杨幂","马伊琍","张靓颖","1","5870","5880",""
"1002","下列人物中，谁是相声演员？","郭德纲","赵本山","潘长江","范伟","1","5870","5880",""
"1003","电影《金刚》中金刚在什么岛上被发现？","骷髅岛","济州岛","冰岛","珊瑚岛","1","5870","5880",""
"1004","电影《大话西游之大圣娶亲》牛魔王要纳谁为妾？","紫霞","白晶晶","铁扇公主","蜘蛛精","1","5870","5880",""
"1005","什么电影在在亚洲甚至世界范围掀起了一阵“野蛮风潮”？","我的野蛮女友","野蛮师姐","继承者","来着星星的你","1","5870","5880",""
"1006","电影《金刚》中的金刚是什么动物？","大猩猩","老虎","狮子","大象","1","5870","5880",""
"1007","电影《人再囧途之泰囧》是谁首次自编、自导、自演的？","徐峥","王宝强","孙红雷","李冰冰","1","5870","5880",""
"1008","电影《后会无期》颓废的文艺青年江河的扮演者是？","陈柏霖","陆毅","文章","言承旭","1","5870","5880",""
"1009","《大灌篮》电影情节主要与什么有关？","篮球","跑车漂移","钢琴","武术","1","5870","5880",""
"1010","电影《小时代》中饰演霸气女王“顾里”的是？","郭采洁","杨幂","郭碧婷","谢依霖","1","5870","5880",""
"1011","林志玲与周杰伦共同主演的电影是？","刺陵","致青春","非诚勿扰","集结号","1","5870","5880",""
"1012","电影《整容日记》毕业在即的名牌大学生郭晶的扮演者是？","白百合","刘嘉玲","杨千嬅","张曼玉","1","5870","5880",""
"1013","电影《人再囧途之泰囧》王宝强影片最后给谁按摩？","范冰冰","李冰冰","杨幂","汤唯","1","5870","5880",""
"1014","《唐伯虎点秋香》中，蟑螂名为？","小强","小李","小智","旺财","1","5870","5880",""
"1015","电影《特务迷城》女主角咏的扮演者是？","徐若瑄","杨幂","刘诗诗","唐嫣","1","5870","5880",""
"1016","电影《让子弹飞》的导演是？","姜文","杨坤","王宝强","黄渤","1","5870","5880",""
"1017","下面哪一部电影讲的是“美女和野兽”？","金刚","我的野蛮女友","人在囧途","功夫","1","5870","5880",""
"1018","香港僵尸系列电影将西方吸血鬼及僵尸融入香港僵尸片的第一人是？","林正英","洪金宝","钱小豪","郑则仕","1","5870","5880",""
"1019","哪位女星主演了获奖电影《我的父亲母亲》？","章子怡","汤唯","张曼玉","刘嘉玲","1","5870","5880",""
"1020","电影《不能说的秘密》中周杰伦的女友扮演者是？","桂纶镁","杨幂","刘诗诗","张馨予","1","5870","5880",""
"1021","电影《功夫》号称“天下第一杀人魔”的是？","火云邪神","神雕侠侣","金毛狮王","黄药师","1","5870","5880",""
"1022","电影《审死官》中广州有名的状师宋世杰的扮演者是？","周星驰","李连杰","谢霆锋","梁朝伟","1","5870","5880",""
"1023","电影《全城热恋》中张学友和谁是一对恋人？","刘若英","大S","徐若瑄","Angelababy","1","5870","5880",""
"1024","《哈利波特》系列电影中，负责送信件的鸟类是什么？","猫头鹰","信鸽","海鸥","大雁","1","5870","5880",""
"1025","《流星花园》里的男主角是？","F4","刘德华","张学友","郭富城","1","5870","5880",""
"1026","电影《唐伯虎点秋香》中秋香被什么武功打的变丑了？","面目全非脚","还我漂漂拳","猛龙摆尾","恶魔审判","1","5870","5880",""
"1027","章子怡担任制片并主演的电影是？","非常完美","梅兰芳","刺陵","暮光之城","1","5870","5880",""
"1028","电影《A计划》马如龙上司洪天赐的扮演者是？","元彪","梁朝伟","张国荣","曾志伟","1","5870","5880",""
"1029","黄渤没有参演下面哪部电影？","大闹天宫","人再囧途之泰囧","西游·降魔篇","无人区","1","5870","5880",""
"1030","《非诚勿扰》的男主角是葛优，请问女主角是谁？","舒淇","芙蓉姐姐","董卿","倪萍","1","5870","5880",""
"1031","电影《A计划》马如龙的好兄弟卓一飞的扮演者是？","洪金宝","周润发","周星驰","张家辉","1","5870","5880",""
"1032","电影《大话西游之大圣娶亲》紫霞和青霞本是佛祖的？","灯芯","罗汉","佛珠","莲花座","1","5870","5880",""
"1033","哪个不是电影《四大名捕》的角色名称？","多情","冷血","追命","铁手","1","5870","5880",""
"1034","杨幂在《新红楼梦》中出演哪个角色？","晴雯","潘金莲","杨贵妃","武则天","1","5870","5880",""
"1035","电影《西游·降魔篇》男主角是？","文章","成龙","周星驰","刘德华","1","5870","5880",""
"1036","电影《国产凌凌漆》中周星驰因长期被上级弃用，而沦为？","卖肉摊主","挤奶工","保姆","清洁工","1","5870","5880",""
"1037","电影《心花路放》发廊妹周丽娟的扮演者是？","周冬雨","高圆圆","杨幂","汤唯","1","5870","5880",""
"1038","电影《人在囧途》因为不能携带液体而被王宝强喝掉的是？","牛奶","矿泉水","啤酒","酸梅汤","1","5870","5880",""
"1039","陈凯歌导演的《无极》又被网友戏称一个什么引发的血案？","馒头","石头","窝窝头","马铃薯","1","5870","5880",""
"1040","歌曲《平凡之路》是什么电影的主题曲？","后会无期","北京北京","爱的供养","时间都去哪儿了","1","5870","5880",""
"1041","头戴礼帽，足登大皮靴，走路像鸭子的著名喜剧演员是谁？","卓别林","憨豆","吴君如","周星驰","1","5870","5880",""
"1042","下面不是《快乐大本营》中的游戏是？","冰桶挑战","谁是卧底","心有灵犀","天才笨笨碰","1","5870","5880",""
"1043","电影《后会无期》偷走了浩汉的车扬长而去的阿吕的扮演者是？","钟汉良","高华阳","韩寒","汤唯","1","5870","5880",""
"1044","《赌神》电影中的赌神是哪位电影明星扮演？","周润发","刘德华","梁朝伟","张家辉","1","5870","5880",""
"1045","李小龙主演的《精武门》中，他一脚踢烂了写有哪四个字的牌匾？","东亚病夫","东亚共荣","草菅人命","巴嘎雅路","1","5870","5880",""
"1046","张柏芝演唱过哪部电影的主题曲？","星语心愿","天生一对","夺命金","倾城之泪","1","5870","5880",""
"1047","张国荣版的电影《倩女幽魂》中的姥姥是什么妖？","树妖","猫妖","黑山老妖","蛇妖","1","5870","5880",""
"1048","下面哪位是《我爱记歌词》主持人？","华少","谢娜","谢楠","小S","1","5870","5880",""
"1049","电影《西游记之大闹天宫》二郎神饰演者是？","何润东","郭富城","周星驰","甄子丹","1","5870","5880",""
"1050","电影《长江7号》袁老师的扮演者是？","张雨绮","李冰冰","桂纶镁","章子怡","1","5870","5880",""
"1051","《尖峰时刻》系列电影是由哪位香港明星主演？","成龙","周润发","刘德华","李连杰","1","5870","5880",""
"1052","《无间道》电影中，以下演员哪位扮演警察中的卧底？","刘德华","梁朝伟","任达华","黄秋生","1","5870","5880",""
"1053","电影《唐伯虎点秋香》秋香的扮演者？","巩俐","郑佩佩","苑琼丹","温翠苹","1","5870","5880",""
"1054","电影《色·戒》男主角易默成的扮演者是？","梁朝伟","陆毅","文章","言承旭","1","5870","5880",""
"1055","《私人订制》的导演是谁？","冯小刚","陆毅","吴奇隆","苏有朋","1","5870","5880",""
"1056","下面哪位是《中国好声音》主持人？","华少","孟非","何炅","汪涵","1","5870","5880",""
"1057","《人再囧途之泰囧》电影中饰演商业成功人士徐朗的是？","徐峥","黄渤","王宝强","刘德华","1","5870","5880",""
"1058","邓超饰冷血，刘亦菲饰无情，请问是以下哪部电影中的人物？","四大名捕","楚留香传奇","逃出生天","窃听风云","1","5870","5880",""
"1059","栏目口号是“相信梦想，相信奇迹！”的节目？","中国达人秀","中国梦想秀","中国好声音","嗨！2014","1","5870","5880",""
"1060","哪一个英文字母，让无数的人认识佐罗，也代表着正义？","Z","P","A","G","1","5870","5880",""
"1061","电影《101次求婚》女主角台湾第一美女是？","林志玲","汤唯","张曼玉","邓紫棋","1","5870","5880",""
"1062","戛纳电影节在哪国举办？","法国","日本","中国","印度","1","5870","5880",""
"1063","电影《A计划》水警士官马如龙的扮演者是？","成龙","夏雨","何润东","马天宇","1","5870","5880",""
"1064","《泰坦尼克号》中，年老的Rose扔进海里的蓝色钻石叫什么？","海洋之心","海洋之石","海蓝之星","海蓝之家","1","5870","5880",""
"1065","下列哪部电视剧由大S主演？","流星花园","玉观音","北京爱情故事","青蛇","1","5870","5880",""
"1066","张柏芝出演的首部电影？","喜剧之王","阿凡达","蜘蛛侠","海底总动员","1","5870","5880",""
"1067","电影《韩城攻略》女主角JJ的女飞贼的扮演者是？","舒淇","赵雅芝","林青霞","章子怡","1","5870","5880",""
"1068","《非常了得》播出平台？","江苏卫视","湖南卫视","东方卫视","山西卫视","1","5870","5880",""
"1069","王宝强与范冰冰共同出演的电影是？","泰囧","黄河绝恋","天下无贼","北京爱情故事","1","5870","5880",""
"1070","《非常了得》由王牌主持人孟非和相声名嘴谁联合主持？","郭德纲","于谦","马三立","侯宝林","1","5870","5880",""
"1071","电影《私人订制》是什么兄弟传媒股份有限公司出品的喜剧电影？","华谊兄弟","筷子兄弟","葫芦七兄弟","内维尔兄弟","1","5870","5880",""
"1072","请问《舌尖上的中国》这部纪录片讲述的是？","中国美食","民间乐器","中国古董","中国风景","1","5870","5880",""
"1073","《致我们终将逝去的青春》的主题曲叫什么？","致青春","红日","因为爱情","同桌的你","1","5870","5880",""
"1074","电视剧《北京爱情故事》中的“拜金女”由谁扮演？","杨幂","刘晓庆","林青霞","大S","1","5870","5880",""
"1075","电影《人再囧途之泰囧》王宝强去泰国旅行是为了？","种下""健康树""","祈祷","看人妖","学习泰拳","1","5870","5880",""
"1076","电影《西游记之大闹天宫》孙悟空喜欢？","九尾狐","铁扇公主","女娲","嫦娥","1","5870","5880",""
"1077","电影《功夫》中流浪汉骗卖武林秘籍给阿星卖了多少钱？","十块","一块","五块","九块","1","5870","5880",""
"1078","电影《小时代》有几位女主角？","3","6","1","2","1","5870","5880",""
"1079","电影《宝贝计划》育婴师Melody的扮演者是？","高圆圆","林心如","黄圣依","闫妮","1","5870","5880",""
"1080","小S的中文名字？","徐熙娣","徐熙媛","徐若宣","徐熙娴","1","5870","5880",""
"1081","电影《仙履奇缘》中谁拔出紫霞手中的紫青宝剑？","至尊宝","唐僧","猪八戒","牛魔王","1","5870","5880",""
"1082","李冰冰参演过哪部好莱坞影片？","生化危机5","无间道","致青春","中国合伙人","1","5870","5880",""
"1083","电影《宝贝计划》的主题曲？","爸妈的话","大笑江湖","爱情呼叫转移","冲上云霄","1","5870","5880",""
"1084","在《雪花秘扇》中的韩国演员是谁？","全智贤","范冰冰","林志玲","大S","1","5870","5880",""
"1085","谁凭借电影《云水谣》获得华表奖和百花奖？","李冰冰","宋丹丹","蔡明","董卿","1","5870","5880",""
"1086","电影《那些年，我们一起追的女孩》男主角柯景腾的扮演者是？","柯震东","马天宇","汪东城","佟大为","1","5870","5880",""
"1087","电影《唐伯虎点秋香》唐伯虎怎么进入的华府？","卖身","卖肾","卖切糕","当老师","1","5870","5880",""
"1088","孙俪主演的成名电视剧是？","玉观音","继承者","浪漫满屋","来自星星的你","1","5870","5880",""
"1089","孙俪和邓超共同出演的军旅电视剧是？","幸福像花儿一样","亮剑","武工队","地道战","1","5870","5880",""
"1090","电影《喜剧之王》中男主角是？","周星驰","梁家辉","黎明","郭富城","1","5870","5880",""
"1091","《非诚勿扰》播出平台是？","江苏卫视","湖南卫视","东方卫视","山西卫视","1","5870","5880",""
"1092","电影《长江7号》男主角民工老爸的扮演者是？","周星驰","周润发","张艺谋","夏雨","1","5870","5880",""
"1093","电影《西游记之大闹天宫》铁扇公主饰演者是？","陈乔恩","李冰冰","桂纶镁","章子怡","1","5870","5880",""
"1094","电影《人在囧途》的老板的饰演者是？","徐峥","刘德华","林正英","况国华","1","5870","5880",""
"1095","电影《101次求婚》上演屌丝逆袭的男主角是？","黄渤","秦海璐","高以翔","陈正道","1","5870","5880",""
"1096","电影《大话西游》主题曲歌名叫什么？","一生所爱","女人花","如果没有你","大海","1","5870","5880",""
"1097","电影《韩城攻略》男主角林贵仁的扮演者是？","梁朝伟","言承旭","林志颖","黄晓明","1","5870","5880",""
"1098","电影《审死官》是谁领衔主演的一部香港无厘头喜剧电影？","周星驰","李连杰","谢霆锋","梁朝伟","1","5870","5880",""
"1099","黎姿参演的电视剧是？","金枝欲孽","金婚","奋斗","甄嬛传","1","5870","5880",""
"1100","电影《倩女幽魂》主题曲是？","倩女幽魂","道道道","笑傲江湖","铁血丹心","1","5870","5880",""
"1101","曾在法国戛纳电影节上获得最佳导演奖的华人导演有？","李安、张艺谋","吴宇森、谢晋","王家卫、杨德昌","姜文、陆川","1","5870","5880",""
"1102","电影《私人订制》的导演是谁？","冯小刚","张艺谋","黄秋生","吴镇宇","1","5870","5880",""
"1103","电影《国产凌凌漆》中周星驰使用的刀上刻的是什么字？","民族英雄-小平赠","天外飞仙","屠龙刀","孤独求败","1","5870","5880",""
"1104","电影《少林足球》中讲的是什么队打败“魔鬼队”的故事？","少林队","巴西队","太极队","裸奔队","1","5870","5880",""
"1105","电影《食神》中星爷在什么哪学的厨艺？","少林寺厨房","蓝翔","新东方","北大青鸟","1","5870","5880",""
"1106","电影《神话》男主角蒙毅的扮演者是？","成龙","谢霆锋","古巨基","洪金宝","1","5870","5880",""
"1107","高圆圆与陈凯歌导演合作的电影是？","搜索","天下无贼","十面埋伏","英雄","1","5870","5880",""
"1108","电影《宝贝计划》窃匪人字拖的扮演者是？","成龙","古天乐","黄晓明","张国荣","1","5870","5880",""
"1109","电影《功夫之王》报仇心切的侠女金燕子的扮演者是？","刘亦菲","杨幂","刘诗诗","唐嫣","1","5870","5880",""
"1110","电影《一生一世》的男主演是？","谢霆锋","陈冠希","冯德伦","冯绍峰","1","5870","5880",""
"1111","主演电影《敢死队3》的有哪位演员？","杰森·斯坦森饰","尼古拉斯·凯奇","托马斯·桑斯特","成龙","1","5870","5880",""
"1112","电影《小时代》中的女汉子是谁？","唐宛如","南湘","顾里","林萧","1","5870","5880",""
"1113","电影《人在囧途》中徐峥饰演的老板外号？","灰太狼","喜洋洋","包包大人","泰哥","1","5870","5880",""
"1114","电影《特务迷城》男主角袁小北的扮演者是？","成龙","谢霆锋","古巨基","洪金宝","1","5870","5880",""
"1115","系列电影《加勒比海盗》是哪间电影公司的作品？","迪士尼","梦工厂","好莱坞","华纳","1","5870","5880",""
"1116","电影《食神》中食神大赛电以深情的什么重回食神之位？","黯然销魂饭","超级佛跳墙","爆浆濑尿牛丸","杂碎面","1","5870","5880",""
"1117","电影《人在囧途》中飞机因为什么返航？","遇大雨，无法降落","王宝强的一句话","飞机出现故障","飞行员喝多了","1","5870","5880",""
"1118","《嗨！2014》的快乐大使是？","庾澄庆、谢娜","白百合、羽泉","谢娜、张杰","孙俪、邓超","1","5870","5880",""
"1119","李冰冰凭借哪部电影获得台湾电影金马奖？","风声","天下无贼","变形金刚","X战警","1","5870","5880",""
"1120","电影《后会无期》浩汉青梅竹马的邻家女孩周沫的扮演者是？","陈乔恩","高圆圆","杨幂","汤唯","1","5870","5880",""
"1121","电影《宝贝计划》和人字拖、百达通一起的包租公的扮演者是？","许冠文","林志颖","黄晓明","古天乐","1","5870","5880",""
"1122","著名导演李安凭借下列哪部电影获得奥斯卡最佳导演奖？","断背山","色戒","喜宴","卧虎藏龙","1","5870","5880",""
"1123","张国荣的“哥哥”称号来至于哪部电影？","倩女幽魂","英雄本色","阿飞正传","霸王别姬","1","5870","5880",""
"1124","电影《特务迷城》特工廖有的扮演者是？","曾志伟","钟汉良","张铁林","黎明","1","5870","5880",""
"1125","《美国队长2》是哪部电影的延续？","美国队长","霍比特人","速度与激情","四大名捕","1","5870","5880",""
"1126","电影《国产凌凌漆》中发明了种种疯狂的武器道具的是？","达闻西","凌凌漆","金枪客","瞎子","1","5870","5880",""
"1127","电影《全城热恋》中谢霆锋和谁是一对恋人？","大S","刘若英","徐若瑄","Angelababy","1","5870","5880",""
"1128","2014年张震主演的的关于锦衣卫的电影叫什么？","绣春刀","刮胡刀","王者刀","袖里刀","1","5870","5880",""
"1129","在电影《绣春刀》里锦衣卫都穿着什么衣服？","飞鱼服","官府","紧身服","黑衣服","1","5870","5880",""
"1130","2014年有几个漫威电影？","3","4","5","2","1","5870","5880",""
"1131","2014年关于中国神话的电影是什么？","大闹天宫","大闹地府","大闹人间","大难狐狸洞","1","5870","5880",""
"1132","2014年根据圣经故事改编的电影是什么？","NOAH","FINK","NONYA","KONGL","1","5870","5880",""
"1133","2016年引爆全球玩家的游戏改编电影是哪部？","魔兽世界","X战警","浪客剑心","名侦探柯南","1","5870","5880",""
"1134","《敢死队3》里有几个中国演员？","1","3","2","4","1","5870","5880",""
"1135","2014年巨石强森主演的电影是什么？","大力神.色雷斯之战","大力神","宙斯之子","力量的战争","1","5870","5880",""
"1136","保罗沃克完整参演的最后一部电影是什么？","暴力街区","强暴超人","飞起来的人","跑酷达人","1","5870","5880",""
"1137","白发魔女传是范冰冰和谁演的？","黄晓明","张亮","古天乐","薛凯琪","1","5870","5880",""
"1138","筷子兄弟的最新电影叫什么？","老男孩猛龙过江","筷子兄弟","梦想秀","来吧来吧粉丝们","1","5870","5880",""
"1139","x战警里X教授的腿是怎么治好的？","野兽的药","吸烟","吃水果","多睡觉","1","5870","5880",""
"1140","下列哪一部是抗战电影？","地道战","老男孩猛龙过江","前任攻略","分手大师","1","5870","5880",""
"1141","007系列电影中，特工男主角的名字叫什么？","邦德","赫本","克雷斯","布鲁斯南","1","5870","5880",""
"1142","哪部描写风月的文学名著被改编为港产影片次数最多？","金瓶梅","西游记","红楼梦","警世通言","1","5870","5880",""
"1143","古天乐在哪部戏里饰演了独臂英雄？","神雕侠侣","封神榜","中华赌侠","门徒","1","5870","5880",""
"1144","请问下列哪些是张国荣的电影作品？","霸王别姬","重庆森林","旺角卡门","英雄本色","1","5870","5880",""
"1145","徐克电影笑傲江湖东方不败的东方不败由哪位女演员扮演的？","林青霞","张曼玉","王祖贤","梅艳芳","1","5870","5880",""
"1146","目前已经上映哈利波特系列电影已经到了第几部？","第七部","第六部","第五部","第八部","1","5870","5880",""
"1147","以下哪个影星主演了2014年最新上映的《澳门风云》？","周润发","吴奇隆","成龙","刘德华","1","5870","5880",""
"1148","以下哪部作品是香港著名导演王晶导演的？","赌神","暗战","霸王别姬","毒战","1","5870","5880",""
"1149","《赌神》电影中的赌圣所指哪位电影明星？","周星驰","刘德华","张国荣","梁朝伟","1","5870","5880",""
"1150","以下哪部电影是张敏与周星驰合作的？","武状元苏乞儿","喜剧之王","十兄弟","黄飞鸿","1","5870","5880",""
"1151","关之琳，李连杰和金城武合作的影视作品是？","冒险王","大腕","锦绣前程","黄飞鸿","1","5870","5880",""
"1152","“时间都去哪了”这首歌是哪部电影的插曲？","私人定制","大腕","澳门风云","毒枭","1","5870","5880",""
"1153","《警察故事2013》中成龙与以下哪位演员合作？","刘烨","孙红雷","谢霆锋","吴彦祖","1","5870","5880",""
"1154","以下哪一部电影不是周润发的代表作？","十二生肖","赌神","上海滩","卧虎藏龙","1","5870","5880",""
"1155","杜琪峰执导的电影《毒战》，剧中饰演禁毒总队队长张雷的是？","孙红雷","刘烨","吴彦祖","谢霆锋","1","5870","5880",""
"1156","《暗战》是由杜琪峰执导的香港电影，刘青云与哪位一起出演？","刘德华","周润发","成龙","任达华","1","5870","5880",""
"1157","以下未参演周星驰电影《西游·降魔篇》的演员是？","王宝强","文章","舒淇","黄渤","1","5870","5880",""
"1158","没有出演《赤壁》电影的演员是？","章子怡","林志玲","金城武","梁朝伟","1","5870","5880",""
"1159","杜琪峰导演，任达华和邵美琪拍摄的电影是？","机动部队","黑道风云","激战","十月围城","1","5870","5880",""
"1160","影视是一种什么艺术？","影视性","描述性","叙事性","表演性","1","5870","5880",""
"1161","电影《无间道》是在哪里拍摄的？","香港","台湾","好莱坞","中国大陆","1","5870","5880",""
"1162","《第101次求婚》的女主角是谁？","林志玲","刘诗诗","杨颖","梁咏琪","1","5870","5880",""
"1163","人们常说的“北爱”指哪部电视剧？","北京爱情故事","北京夏天","北大荒","假如爱有天意","1","5870","5880",""
"1164","电影宫1又称《宫锁心玉》，宫2又称《宫锁珠帘》，宫3又称为？","宫锁连城","步步惊情","我为宫狂","甄嬛传","1","5870","5880",""
"1165","成龙和古天乐合拍的喜剧电影，剧情围绕1个婴儿展开，片名？","宝贝计划","小鬼当家","超级奶爸","A计划","1","5870","5880",""
"1166","李晨主演的《北京爱情故事》中，该片的导演兼男主角叫什么？","陈思成","张译","杜淳","李晨","1","5870","5880",""
"1167","黄百鸣拍的鬼怪题材的系列电影是什么系列？","开心鬼","我和僵尸有个约会","阴阳路","僵尸先生","1","5870","5880",""
"1168","徐克电影《狄仁杰之通天帝国》中，刘德华饰演哪个角色？","狄仁杰","元芳","锦衣卫","皇帝贴身太监","1","5870","5880",""
"1169","影视剧中客栈的客人会称呼站在柜台中算账的店主为什么？","掌柜","伙计","老板","会计","1","5870","5880",""
"1170","《狂暴飞车》《国家宝藏》等电影的男主角都是哪位美国男演员？","尼古拉斯凯奇","汤姆克鲁斯","布鲁斯","亚当桑德勒","1","5870","5880",""
"1171","机器人擎天柱、大黄蜂都是马克尔·贝导演的哪部电影中的角色？","变形金刚","终结者","英雄联盟","绿巨人","1","5870","5880",""
"1172","章子怡凭借哪部影片扬名海外？","卧虎藏龙","艺妓回忆录","十面埋伏","富春山居图","1","5870","5880",""
"1173","汤唯主演的哪部电影成为华语爱情片票房冠军？","北京遇上西雅图","建党伟业","建国大业","夜宴","1","5870","5880",""
"1174","以下哪位明星荣获《无间道III》最佳男主角奖？","刘德华","黄秋生","梁朝伟","张家辉","1","5870","5880",""
"1175","梁朝伟在《一代宗师》扮演？","叶问","霍元甲","陈王廷","张三丰","1","5870","5880",""
"1176","《陀枪师姐》、《法证先锋》的主演是以下哪位演员？","欧阳震华","万梓良","陈浩民","麦家琪","1","5870","5880",""
"1177","热播剧《四大名捕》《四大名捕2》中的“诸葛神侯”是？","黄秋生","刘青云","古天乐","许志安","1","5870","5880",""
"1178","在元旦.春节期间上映的电影被统称为什么片？","贺岁片","大片","年末片","喜剧片","1","5870","5880",""
"1179","《满城尽带黄金甲》里，饰演周润发儿子的是？","周杰伦","冯德伦","古天乐","谢霆锋","1","5870","5880",""
"1180","电影《北京遇上西雅图》的男主角是谁？","吴秀波","黄晓明","李晨","文章","1","5870","5880",""
"1181","《大话西游》的片尾曲是什么？","一生所爱","only  you","两个人的烟火","大话西游","1","5870","5880",""
"1182","英年早逝的“民国影后”是谁？","阮玲玉","林徽因","陆小曼","张爱玲","1","5870","5880",""
"1183","以下哪部是史蒂文.斯皮尔伯格的代表作？","侏罗纪公园","星球大战","变形金刚","2046","1","5870","5880",""
"1184","电影《钢铁侠》中“钢铁侠”的扮演者是下面哪一位演员？","小罗伯特唐尼","汤姆克鲁斯","布拉德皮特","周润发","1","5870","5880",""
"1185","电影《投名状》改编自清末四大奇案之一，请问是哪个奇案？","张文祥刺马案","太原奇案","名伶杨月楼冤案","窦娥冤","1","5870","5880",""
"1186","关之琳与葛优主演的冯小刚电影是？","大腕","十面埋伏","手机","十七岁的单车","1","5870","5880",""
"1187","谁在电影《山楂树之恋》中饰演女主角静秋？","周冬雨","舒畅","王珞丹","章子怡","1","5870","5880",""
"1188","《天机·富春山居图》是刘德华和哪位台湾女艺人合作的？","林志玲","林心如","林嘉欣","萧蔷","1","5870","5880",""
"1189","下列哪部电影不是谢霆锋参演？","叶问","情癫大圣","玉观音","无极","1","5870","5880",""
"1190","哪位女星与古天乐搭档出演了《河东狮吼》？","张柏芝","杨千嬅","吴君如","李若彤","1","5870","5880",""
"1191","《喜马拉亚星》的主演？","郑中基","欧阳震华","古天乐","林子聪","1","5870","5880",""
"1192","2014年有一个新的名侦探柯南的电影叫啥？","异次元的狙击手","第十四个目标","第十一个前锋","绝海的警探","1","5870","5880",""
"1193","在X战警逆转未来里是谁让狼叔的思想回到了过去？","幻影猫","X教授","X老师","凤凰","1","5870","5880",""
"1194","X战警逆转未来中过去的万磁王被关在哪里？","五角大楼地下","地下室","厕所","小黑屋","1","5870","5880",""
"1195","x战警里X教授和魔形女是什么时候认识的？","小时候","9岁","15岁","上初中","1","5870","5880",""
"1196","在X战警中闪烁的扮演着是谁？","范冰冰","李冰冰","王冰冰","郭冰冰","1","5870","5880",""
"1197","X战警中有一个跑的很快的人叫什么？","快银","快铁","快冰","闪电","1","5870","5880",""
"1198","X战警逆转未来中万磁王杀了谁才被关起来的？","肯尼迪","布什","奥巴马","里根","1","5870","5880",""
"1199","变形金刚里出现了几部车？","N部","280","17","9","1","5870","5880",""
"1200","X战警中野兽是什么颜色的？","蓝色","绿色","黄色","黑色","1","5870","5880",""
"1201","X战警逆转未来里未来的哨兵机器人是谁的能力做的？","魔形女","快银女","速冻人","火男","1","5870","5880",""
"1202","逆转未来中哨兵机器人有几个样品？","8","7","3","9","1","5870","5880",""
"1203","X战警逆转未来中风暴女是短发还是长发？","短发","中发","长发","卷发","1","5870","5880",""
"1204","X战警中那个胖黑人bishop是什么能力？","吸收再释放","转移","红色能力","厉害的能力","1","5870","5880",""
"1205","X战警中冰人是被什么能力杀死的？","黑子的能量","火","掐死的","能力转换","1","5870","5880",""
"1206","超凡蜘蛛侠2里有几个反面角色？","3","2","1","4","1","5870","5880",""
"1207","超凡蜘蛛侠2里他的好友变成了什么？","绿魔","蓝魔","红魔","黄魔","1","5870","5880",""
"1208","美国队长2里美国队长最后穿的是什么？","以前的作战服","现在的作战服","未来的作战服","乞丐服","1","5870","5880",""
"1209","美国队长2里猎鹰以前是干什么的？","美国伞兵","厨师","运动员","医生","1","5870","5880",""
"1210","美国队长和冬日战士是什么朋友？","战友","朋友","邻居","发小","1","5870","5880",""
"1211","美国队长2中国上映日期？","2014.4.4","2014.5.21","2014.4.13","2014.2.28","1","5870","5880",""
"1212","美国队长2里黑寡妇是哪国人？","俄罗斯","德国","美国","法国","1","5870","5880",""
"1213","僵尸世界大战中男主演是谁？","布拉德皮特","马修福克斯","本泽马乔治","马克福斯特","1","5870","5880",""
"1214","僵尸世界大战中僵尸对什么敏感？","声音","血液","香味","食物","1","5870","5880",""
"1215","僵尸世界大战中僵尸对什么人视而不见？","身患不治之症的人","身上有痣的人","吃过面包的人","上过WC的人","1","5870","5880",""
"1216","僵尸世界大战中一号感染者在哪里？","韩国","朝鲜","日本","俄罗斯","1","5870","5880",""
"1217","极品飞车电影是什么游戏改编的？","极品飞车","极品卡车","疯狂急速","致命狂飙","1","5870","5880",""
"1218","极品飞车电影哪个公司发行的？","迪士尼","二十世纪福克斯","哥伦比亚","环球","1","5870","5880",""
"1219","霍比特人2的副标题叫什么？","史矛革之战","巨龙前夜","毁灭之事","矮子的旅行","1","5870","5880",""
"1220","霍比特人史矛革之战里有几个矮人？","13","12","10","15","1","5870","5880",""
"1221","史矛革之战里矮人们以前住在哪里？","孤山","华山","灵山","黄山","1","5870","5880",""
"1222","史矛革之战中幽暗密林的王子是谁扮演的？","奥兰多布鲁姆","理查德阿里迪奇","肯斯托特","迪恩奥戈尔曼","1","5870","5880",""
"1223","史矛革之战里矮人都灵部领袖叫什么？","索林橡木盾","比尔博巴金斯","朵力","阿索格","1","5870","5880",""
"1224","史矛革之战里的龙叫什么？","史矛革","蓝龙","红龙","黑龙","1","5870","5880",""
"1225","霍比特人现在一共有几部？","3","2","5","1","1","5870","5880",""
"1226","猩球黎明里猩猩的领袖叫什么？","凯撒","亚当","诶撒","星明","1","5870","5880",""
"1227","机械战警是被什么改成机械人的？","警察","厨师","老师","士兵","1","5870","5880",""
"1228","300勇士帝国崛起穿蓝色披风的是哪国士兵？","希腊","波斯","法国","葡萄牙","1","5870","5880",""
"1229","300勇士帝国崛起中阿尔忒弥西亚是谁扮演的？","伊娃格林","琳娜海蒂","海格力斯","菲拉福斯特","1","5870","5880",""
"1230","超验骇客的主演是谁？","约翰尼德普","丽贝卡凤","摩根弗里曼","德古拉思凯奇","1","5870","5880",""
"1231","超验骇客的主演死后去了哪里？","人工智能","信号","钢铁侠","死神","1","5870","5880",""
"1232","沉睡魔咒的主演是谁？","安吉丽娜朱莉","丽丝凯奇","凯特琳","柏林特丽丝","1","5870","5880",""
"1233","沉睡魔咒是什么童话故事改编的？","睡美人","爱丽丝梦游仙境","白雪公主与七矮人","阿拉丁神灯","1","5870","5880",""
"1234","沉睡魔咒电影最后是谁让公主醒了的？","玛琳菲森","王子","国王","路人","1","5870","5880",""
"1235","沉睡魔咒里王子是干嘛的？","打酱油的","救公主的","和亲的","攻打王国的","1","5870","5880",""
"1236","忍者神龟是受到什么原因变成的人形？","辐射","吃了薯片","用了成长快乐","穿了马甲","1","5870","5880",""
"1237","明日边缘是谁主演？","汤姆克鲁斯","岂可盖瑞","马丁斯基","马丁路德金","1","5870","5880",""
"1238","明日边缘里第7小队有几个人？","7","5","8","9","1","5870","5880",""
"1239","明日边缘阿汤哥因为什么有了外星人的能力？","融合外星人的血液","吃了汉堡","变成艺术家","喝了圣水","1","5870","5880",""
"1240","电影分歧者分为几个派别？","5","6","3","2","1","5870","5880",""
"1241","分歧者里什么才算分歧者？","具备特质","变成异性","成为堕落者","变成领袖","1","5870","5880",""
"1242","分歧者里一个人能有几个特质？","1","2","3","5","1","5870","5880",""
"1243","雪国列车是谁主演？","克里斯埃文斯","蒂尔达斯文顿","杰森斯坦森","施瓦辛格","1","5870","5880",""
"1244","雪国列车里吃的蛋白糕是什么做的？","虫子","蛋糕","鱼","面包","1","5870","5880",""
"1245","明日边缘里人类对抗的是什么？","拟态","老虎","ET","数码宝贝","1","5870","5880",""
"1246","雪国列车里有几个生态车厢？","2","3","4","1","1","5870","5880",""
"1247","京城81号电影原名叫什么？","朝内81号","朝外81好","京都81号","惊天81号","1","5870","5880",""
"1248","曼德拉传电影里曼德拉是谁？","南非总统","非洲总统","黑人总统","欧洲总统","1","5870","5880",""
"1249","电影《大话西游之月光宝盒》脚底有三颗痣的人？","至尊宝","瞎子","牛魔王","二当家","1","5870","5880",""
"1250","章子怡凭借哪部影片拿到金马奖？","一代宗师","刺陵","梅兰芳","非诚勿扰","1","5870","5880",""
"1251","《我是歌手》在哪个电视台播出？","湖南卫视","TVB","CCTV5","南方卫视","1","5870","5880",""
"1252","下列哪部电影是关于催眠的？","催眠大师","惊天魔盗团","爱我一生一世","大河儿女","1","5870","5880",""
"1253","电影《审死官》中扮演广州知县的是？","吴孟达","李连杰","谢霆锋","梁朝伟","1","5870","5880",""
"1254","电影《泰囧》里面的演员不包括谁？","李咏","黄渤","徐铮","范冰冰","1","5870","5880",""
"1255","Beyond乐队的灵魂人物是？","黄家驹","黄家强","黄贯中","白哲","1","5870","5880",""
"1256","《天天向上》的主持人欧弟的全名是？","欧汉声","欧阳修","欧得洋","欧弟弟","1","5870","5880",""
"1257","电影《唐伯虎点秋香》唐伯虎的扮演者是？","周星驰","梁家仁","吴镇宇","陈百祥","1","5870","5880",""
"1258","电影《逃学威龙》的故事发生在什么地方？","学校","商城","电影院","酒店","1","5870","5880",""
"1259","《我叫MT》动漫中会长和大小姐是什么关系？","兄妹","父女","情侣","没关系","1","5870","5880",""
"1260","电影《后会无期》担任编剧及导演的是？","韩寒","张艺谋","冯小刚","徐克","1","5870","5880",""
"1261","电影《金刚》中的金刚为了保护女主演大战什么动物？","恐龙","草泥马","老虎","狮子","1","5870","5880",""
"1262","电影《画皮》里狐狸精是由谁扮演的？","周迅","赵薇","孙俪","杨幂","1","5870","5880",""
"1263","电影《少林足球》以太极功夫制造馒头的阿梅是？","赵薇","张艾嘉","林凤娇","林青霞","1","5870","5880",""
"1264","香港电影金像奖中，以下哪位曾荣获多次影帝殊荣？","梁朝伟","周润发","刘德华","黄秋生","1","5870","5880",""
"1265","2011年央视春晚，周杰伦与哪位女明星合作曲目《兰亭序》？","林志玲","蔡依林","温岚","侯佩岑","1","5870","5880",""
"1266","动作巨星成龙与洪金宝﹑元奎、元华、元彬、元德、元彪被称为？","七小福","七人帮","七个小矮人","七小子","1","5870","5880",""
"1267","经典情歌《水晶》是由任贤齐和哪位台湾女歌手演唱的？","徐怀钰","梁咏琪","周惠","邓丽君","1","5870","5880",""
"1268","徐静蕾的成名电视剧是？","将爱情进行到底","媳妇的美好时代","浪漫满屋","奋斗","1","5870","5880",""
"1269","徐静蕾导演的哪部电影票房破亿？","杜拉拉升职记","大腕","十面埋伏","我的父亲母亲","1","5870","5880",""
"1270","范冰冰祖籍哪里？","山东","黑龙江","湖南","朝鲜","1","5870","5880",""
"1271","林志玲与下列F4的哪位成员谈过恋爱？","言承旭","周渝民","吴建豪","朱孝天","1","5870","5880",""
"1272","哪位女星三次出任戛纳国际电影节评委？","章子怡","李冰冰","范冰冰","李嘉欣","1","5870","5880",""
"1273","林青霞是哪个地区的著名演员？","台湾","香港","中国大陆","新加坡","1","5870","5880",""
"1274","目前三星叠式冰箱的代言人是？","全智贤","赵薇","李敏镐","林允儿","1","5870","5880",""
"1275","三星HU9800电视机的代言人是？","金秀贤","全智贤","金贤重","尹恩惠","1","5870","5880",""
"1276","下列哪部是关于战争类的连续剧？","士兵突击3","私人订制","饥饿游戏","分歧者","1","5870","5880",""
"1277","《大刀记》是什么运动类连续剧？","武术","足球","体操","游泳","1","5870","5880",""
"1278","纪录片《1927·南京记忆》在哪个城市开机？","南京","北京","上海","天津","1","5870","5880",""
"1279","《武林外传》中，李秀莲外号叫什么？","李大嘴","李大胖","李寻欢","李刚","1","5870","5880",""
"1280","《裸婚时代》中刘易阳的扮演者是？","文章","刘天佐","彭冠英","魏智","1","5870","5880",""
"1281","王宝强在《士兵突击》里饰演的角色是？","许三多","傻根","王宝","伍六一","1","5870","5880",""
"1282","《舌尖上的中国2》是一部什么纪录片？","美食","体育","娱乐","军事","1","5870","5880",""
"1283","电视剧《玉观音》中，安心一直佩戴的饰物是？","玉观音","玉手镯","玉耳环","金项链","1","5870","5880",""
"1284","电视剧《仙剑奇侠传》中赵灵儿的扮演者是？","刘亦菲","安以轩","杨昆","孙莉","1","5870","5880",""
"1285","电视剧《仙剑奇侠传》中李逍遥的扮演者是？","胡歌","彭于晏","谢君豪","徐锦江","1","5870","5880",""
"1286","电视剧《仙剑奇侠传》是一部什么类型的电视剧？","古装奇幻","穿越","琼瑶","战争","1","5870","5880",""
"1287","中国第一部由电玩游戏改编的电视剧是？","仙剑奇侠传","新济公活佛","封神英雄榜","铁血武工队","1","5870","5880",""
"1288","电视剧《仙剑奇侠传三》的女主演是？","杨幂","刘亦菲","王珞丹","李小璐","1","5870","5880",""
"1289","电视剧《古剑奇谭》杨幂饰演？","风晴雪","百里屠苏","襄铃","巽芳","1","5870","5880",""
"1290","电视剧《古剑奇谭》中讲到哪个门派？","天墉城","蜀山","唐门","少林寺","1","5870","5880",""
"1291","电视剧《风中奇缘》中瑾瑜大漠狼女扮演者是？","刘诗诗","陈法拉","石小群","张可颐","1","5870","5880",""
"1292","彭于晏在电视剧《风中奇缘》中饰演？","卫无忌","昭阳公主","莫循","万谦","1","5870","5880",""
"1293","“好男人就是我，我就是曾小贤”出自哪部的电视剧？","爱情公寓","爱情回来了","大丈夫","奋斗","1","5870","5880",""
"1294","穿越剧《宫》中扮演洛晴川一角的是？","杨幂","刘诗诗","郑爽","刘亦菲","1","5870","5880",""
"1295","出演过《神雕侠侣》中“小东邪”郭襄的是？","杨幂","黄圣依","王珞丹","刘亦菲","1","5870","5880",""
"1296","杨幂出演过下面哪一部剧中角色？","仙剑奇侠传三","仙剑奇侠传","新济公活佛","封神英雄榜","1","5870","5880",""
"1297","在《倚天屠龙记》电视剧中饰演峨眉派掌门周芷若的是？","高圆圆","贾静雯","白百合","孙俪","1","5870","5880",""
"1298","电视剧《步步惊心》中饰演马尔泰·若曦的女星是？","刘诗诗","郑爽","刘亦菲","杨幂","1","5870","5880",""
"1299","电视剧《步步惊心》中饰演爱新觉罗·胤禛的男星是？","吴奇隆","彭于晏","谢君豪","徐锦江","1","5870","5880",""
"1300","电视剧《步步惊心》中饰演爱新觉罗·胤祥的男星是？","袁弘","彭于晏","谢君豪","徐锦江","1","5870","5880",""
"1301","下面哪一部不是穿越电视剧？","铁血武工队","寻秦记","步步惊情","回到三国","1","5870","5880",""
"1302","电视剧《红高粱》女主演是？","周迅","黄圣依","张柏芝","干露露","1","5870","5880",""
"1303","TVB电视剧《使徒行者》男主演是？","苗侨伟","欧阳震华","万梓良","刘烨","1","5870","5880",""
"1304","电视剧《离婚律师》男主演是？","吴秀波","张国立","张嘉译","黄海波","1","5870","5880",""
"1305","86版《西游记》孙悟空的扮演者是？","六小龄童","冯小刚","郭德纲","张艺谋","1","5870","5880",""
"1306","电视剧《北京爱情故事》中程锋的外号是？","疯子","傻子","瞎子","瘸子","1","5870","5880",""
"1307","电视剧《武林外传》中郭芙蓉的扮演者是？","姚晨","范冰冰","林心如","赵薇","1","5870","5880",""
"1308","电视剧《蜗居》中的女主角海藻是由谁扮演的？","李念","郭德纲","周杰伦","梁咏琪","1","5870","5880",""
"1309","琼瑶剧《还珠格格》中金锁最后嫁给了谁？","柳青","尔康","五阿哥","皇上","1","5870","5880",""
"1310","哪个作品不是有范冰冰主演的？","甄嬛传","武媚娘传奇","观音山","金大班","1","5870","5880",""
"1311","《武媚娘传奇》中女一号是谁？","范冰冰","孙俪","赵薇","林心如","1","5870","5880",""
"1312","狄仁杰的助手是谁？","元芳","华生","毛利小五郎","展昭","1","5870","5880",""
"1313","电视剧《命中注定我爱你》是哪个女明星演的？","陈乔恩","田馥甄","陈嘉桦","林依晨","1","5870","5880",""
"1314","95年TVB版《神雕侠侣》当中，杨过的扮演者是谁？","古天乐","刘德华","郭富城","李亚鹏","1","5870","5880",""
"1315","美剧《绿箭侠》中奥利弗·奎恩是一名？","富二代","记者","程序员","科学家","1","5870","5880",""
"1316","美剧《吸血鬼日记》中凯瑟琳·皮尔斯是一名？","吸血鬼","狼人","巫女","普通人","1","5870","5880",""
"1317","美剧《吸血鬼日记》通过什么改编？","小说","漫画","童话","传说","1","5870","5880",""
"1318","《我是歌手》中黄绮珊原名？","黄晓霞","黄妹妹","黄潇潇","黄一一","1","5870","5880",""
"1319","台湾第一届《超级星光大道》总冠军是谁？","林宥嘉","张杰","周笔畅","周杰伦","1","5870","5880",""
"1320","浙江卫视2014年热播的综艺节目是什么？","奔跑吧兄弟","天气预报","新闻联播","人文深呼吸","1","5870","5880",""
"1321","湖南卫视《百变大咖秀》的主持人是何炅与哪位艺人？","谢娜","吴昕","李维嘉","杜海涛","1","5870","5880",""
"1322","江苏卫视节目《非诚勿扰》中女嘉宾出场时放的什么音乐？","少女时代","小苹果","匆匆那年","暖暖","1","5870","5880",""
"1323","快乐大本营一共几位主持人？","5","6","7","4","1","5870","5880",""
"1324","动画片《熊出没》森林的保护者是？","熊兄弟","光头强","山羊","狮子","1","5870","5880",""
"1325","动画片《熊出没》破坏森林、采伐原木的是？","光头强","熊兄弟","啄木鸟","蚯蚓","1","5870","5880",""
"1326","动画片《喜羊羊与灰太狼》中最聪明的羊？","喜洋洋","懒洋洋","美羊羊","沸羊羊","1","5870","5880",""
"1327","动画片《喜羊羊与灰太狼》中最爱美的羊？","美羊羊","懒洋洋","喜洋洋","沸羊羊","1","5870","5880",""
"1328","动画片《喜羊羊与灰太狼》中村长是？","慢羊羊","懒洋洋","喜洋洋","沸羊羊","1","5870","5880",""
"1329","动画片《葫芦娃兄弟》中一共几个娃？","7","6","8","5","1","5870","5880",""
"1330","灰姑娘掉的是什么鞋？","水晶鞋","皮鞋","布鞋","草鞋","1","5870","5880",""
"1331","电影《人再囧途之泰囧》极品囧人王宝宝的扮演者是？","王宝强","孙红雷","黄渤","徐峥","1","5870","5880",""
"1332","创造内地贺岁片之风，《甲方乙方》的导演是？","冯小刚","郭德纲","郑伊健","何炅","1","5870","5880",""
"1333","“如果我多一张船票，你会不会跟我一起走”出自哪部电影？","花样年华","匆匆那年","一生一世","致青春","1","5870","5880",""
"1334","电影《忠犬八公的故事》是真实发生在哪里的故事？","日本","意大利","比利时","中国","1","5870","5880",""
"1335","徐克电影《笑傲江湖》中东方不败的扮演者？","林青霞","林绿霞","林紫霞","林黄霞","1","5870","5880",""
"1336","电影《功夫熊猫》中，熊猫大侠的名字叫什么？","阿宝","阿喵","阿狗","阿旺","1","5870","5880",""
"1337","《一帘幽梦》的女主角叫什么？","紫菱","小红","李四","张三","1","5870","5880",""
"1338","《义勇军进行曲》是哪部电影的主题曲？","风云儿女","一生一世","匆匆那年","致青春","1","5870","5880",""
"1339","电影《重庆森林》的导演是？","王家卫","张艺谋","冯小刚","姜文","1","5870","5880",""
"1340","《爸爸去哪儿2大电影》主题曲？","么么哒","萌萌哒","草草哒","乖乖哒","1","5870","5880",""
"1341","《色戒》原作者是谁？","张爱玲","范冰冰","林心如","赵薇","1","5870","5880",""
"1342","经典台词“向我开炮！”出自中国哪一部老电影？","英雄儿女","家有儿女","地雷战","铁道游击队","1","5870","5880",""
"1343","女演员马伊琍的丈夫叫什么？","文章","莫言","刘烨","邓超","1","5870","5880",""
"1344","女演员马伊琍的女儿叫什么？","文爱马","文爱瑜","文爱曹","文爱杨","1","5870","5880",""
"1345","歌手孙燕姿是哪国人？","新加坡","韩国人","马来西亚人","文莱人","1","5870","5880",""
"1346","刘烨是哪个社团社长？","火华社","红火社","花样社","光明社","1","5870","5880",""
"1347","著名笑星，最常与郭达搭档演出小品的女演员是？","蔡明","范冰冰","林心如","赵薇","1","5870","5880",""
"1348","有“小甜甜”外号的美国流行天后是？","布兰妮","范冰冰","张曼玉","赵薇","1","5870","5880",""
"1349","香港演员罗家英的妻子是？","汪明荃","姚晨","蔡明","布兰妮","1","5870","5880",""
"1350","香港演员郑伊健的新婚妻子是？","蒙嘉慧","范冰冰","林心如","赵薇","1","5870","5880",""
"1351","香港著名导演陈可辛的妻子是？","吴君如","陈乔恩","林青霞","袁珊珊","1","5870","5880",""
"1352","周杰伦出生于？","台湾","月亮湾","河湾","峡湾","1","5870","5880",""
"1353","世界三大男高音中的帕瓦罗蒂是哪国人？","意大利","英国","法国","德国","1","5870","5880",""
"1354","言承旭、周渝民、吴建豪、朱孝天当年的组合名叫什么？","F4","TFboys","EXO","bigbang","1","5870","5880",""
"1355","周杰伦的专辑叶惠美中，叶惠美是周杰伦的什么人？","妈妈","情人","初恋","老师","1","5870","5880",""
"1356","“奶茶”是哪位艺人的昵称？","刘若英","梁咏琪","林心如","范冰冰","1","5870","5880",""
"1357","本名是“阿密特”的台湾天后级歌手是谁？","张惠妹","刘若英","梁咏琪","林心如","1","5870","5880",""
"1358","演员房祖名的爸爸是哪位著名功夫巨星？","成龙","洪金宝","谢霆锋","何炅","1","5870","5880",""
"1359","周迅被粉丝称为？","周公子","迅哥","周哥","迅姐","1","5870","5880",""
"1360","以下哪个没有当过春晚的主持人？","汪涵","李勇","朱军","毕福剑","1","5870","5880",""
"1361","春晚的闭幕歌曲是？","难忘今宵","同一首歌","同一个祝福","北京欢迎你","1","5870","5880",""
"1362","“百步穿杨”正确的理解？","形容人射箭本领高","形容跑步快","形容树长的大","形容时间过的快","1","5870","5880",""
"1363","下列成语中来自《三国演义》的成语是？","草船借箭","掩耳盗铃","声东击西","肝胆相照","1","5870","5880",""
"1364","下列成语中含有一个动物的成语是？","守株待兔","龙跃凤鸣","车水马龙","指鹿为马","1","5870","5880",""
"1365","“水面如镜”常用来形容？","湖泊","溪流","海洋","天空","1","5870","5880",""
"1366","“蓬荜生辉”一词中的“蓬荜”原指房子的？","门","房檐","门槛","窗户","1","5870","5880",""
"1367","成语“机不可失”的下句是？","时不再来","失不再来","诗不再来","尸不再来","1","5870","5880",""
"1368","不幸的事情接二连三地发生，猜成语？","祸不单行","飞来横祸","乐极生悲","好事成双","1","5870","5880",""
"1369","比喻失势后重新恢复地位，我们常说什么再起？","东山","南山","西山","北山","1","5870","5880",""
"1370","成语“前人栽树”的下一句是？","后人乘凉","用之不竭","取之不尽","乱砍乱伐","1","5870","5880",""
"1371","吃着油条看唱歌，打一成语？","油腔滑调","表里不一","望洋兴叹","感慨万千","1","5870","5880",""
"1372","成语“明修栈道”下一句是什么？","暗度陈仓","破釜沉舟","偷梁换柱","背水一战","1","5870","5880",""
"1373","描写人物动作的成语？","手舞足蹈","提心吊胆","欣喜若狂","悬崖勒马","1","5870","5880",""
"1374","比喻不顾事实，随口乱说的成语是？","信口雌黄","画蛇添足","对牛弹琴","水落石出","1","5870","5880",""
"1375","成语“兵马未动”的下一句是？","粮草先行","主帅失踪","胜负已定","全军覆没","1","5870","5880",""
"1376","成语“得道多助”下一句是什么？","失道寡助","络绎不绝","自命不凡","乐极生悲","1","5870","5880",""
"1377","形容年轻人有出息，可以造就的成语是？","孺子可教","屠龙之技","乐极生悲","与虎谋皮","1","5870","5880",""
"1378","描写人物心情的成语？","心平气和","手舞足蹈","舍己为人","纹丝不动","1","5870","5880",""
"1379","“来龙去脉”的成语产生于？","风水勘探","历史研究","政治事件","风土人情","1","5870","5880",""
"1380","歇后语:大象的鼻子，打一成语是？","能屈能伸","分崩离析","反目为仇","风餐露宿","1","5870","5880",""
"1381","己所不欲的下一句是？","勿施于人","不给别人","不要乱丢","能忍就扔","1","5870","5880",""
"1382","成语“以卵击石”中的“卵”是指什么？","鸡蛋","蚕卵","一种石头的名字","鹅蛋","1","5870","5880",""
"1383","下列哪个词语形容速度快？","风驰电掣","锦上添花","风调雨顺","画蛇添足","1","5870","5880",""
"1384","沉香木当柴烧，打一成语是？","用材不当","大兵小将","一来二去","说三道四","1","5870","5880",""
"1385","比喻愚蠢自欺的掩饰行为的成语是？","掩耳盗铃","百尺竿头","天下无双","无功受禄","1","5870","5880",""
"1386","正月十六办婚事打一常用成语？","喜出望外","喜上眉梢","皆大欢喜","双喜临门","1","5870","5880",""
"1387","“坐井观天”是哪个动物坐在井里？","青蛙","狐狸","兔子","田鼠","1","5870","5880",""
"1388","形容地方遥远偏僻的成语是？","天涯海角","风吹草动","见怪不怪","从善如流","1","5870","5880",""
"1389","下列哪个词语是形容漂亮的女人？","如花似玉","纯爷们儿","女汉子","青年","1","5870","5880",""
"1390","有个成语叫做惊弓之什么？","鸟","虎","驴","海龟","1","5870","5880",""
"1391","欢乐过度会招来悲伤之事，这是？","乐极生悲","任劳任怨","无所畏惧","九死一生","1","5870","5880",""
"1392","“小鸟依人”一词一般形容下列哪个选项？","年轻的妻子","壮汉","老头","好汉","1","5870","5880",""
"1393","成语“天下兴亡”下一句是？","匹夫有责","与我无关","我的责任","镜花水月","1","5870","5880",""
"1394","“屡见不鲜”的“鲜”字的本意是指？","新杀的禽兽","新捕的鱼","新来的门客","稀有之物","1","5870","5880",""
"1395","成语“闻鸡起舞”和“中流击楫”是出自哪们古代将领的故事？","祖逖","戚继光","岳飞","郑成功","1","5870","5880",""
"1396","“弄璋之喜”是指？","生了男孩","搬家","新婚","升官","1","5870","5880",""
"1397","成语“凿壁偷光”是出自哪位古代人物的苦学故事？","匡衡","孔子","车胤","司马光","1","5870","5880",""
"1398","“入木三分”这个成语原本是用来形容什么的？","书法","文章","力气","眼神","1","5870","5880",""
"1399","成语“白驹过隙”比喻？","时光飞逝","速度飞快","马很白","道路太窄","1","5870","5880",""
"1400","下面哪个成语和曹操有关？","望梅止渴","画饼充饥","亡羊补牢","讳疾忌医","1","5870","5880",""
"1401","“疱丁解牛”形容做事得心应手，“疱丁”指的是什么？","叫“丁”的厨师","叫“疱”的厨师","年轻力壮的厨师","叫“疱”的白丁","1","5870","5880",""
"1402","成语黄粱一梦中的黄粱指的是？","小米","玉米","高粱","屋顶","1","5870","5880",""
"1403","成语请君入瓮，请的是谁入瓮？","周兴","来俊臣","司马懿","武大郎","1","5870","5880",""
"1404","诉尽心中无限事打一常用成语？","畅所欲言","千言万语","自言自语","言传身教","1","5870","5880",""
"1405","朝辞白帝，暮至江陵？（猜成语）","一日千里","一诺无辞","一成一旅","一天一日","1","5870","5880",""
"1406","相逢何必曾相识？（猜成语）","一见如故","义无反顾","忘年之交","两小无猜","1","5870","5880",""
"1407","举头望明月，低头思故乡。（猜成语）","触景生情","景中含情","四目相望","兴高采烈","1","5870","5880",""
"1408","成语“闻鸡起舞”中，舞的是哪种兵器？","剑","刀","棍","枪","1","5870","5880",""
"1409","“名花解语”是用来形容什么的？","美女善解人意","女子美丽","花朵艳丽","花通人性","1","5870","5880",""
"1410","“汗流浃背”的典故出自西汉周勃，他“汗流浃背”的原因是？","答不出皇帝的问题","衣服穿太多","劳动太卖力","打仗太用力","1","5870","5880",""
"1411","“后来居上”原是说后生在哪方面超过了前辈？","官职","绘画","武艺","财富","1","5870","5880",""
"1412","“落花流水”的本义是指形容什么季节的景象？","残春","寒冬","深秋","严冬","1","5870","5880",""
"1413","“白壁无瑕”的“瑕”是指玉上的？","小斑点","小洞","裂痕","染色","1","5870","5880",""
"1414","“莘莘学子”一词的“莘莘”是什么意思？","众多","勤奋","优秀","吃苦耐劳","1","5870","5880",""
"1415","“美仑美奂”起初是用来形容？","新建的房子","新做的衣服","新年的餐宴","新婚的装饰","1","5870","5880",""
"1416","下列成语中含有两个动物的成语是？","鸡鸣狗盗","黔驴技穷","画蛇添足","袖手傍观","1","5870","5880",""
"1417","下列成语中含有人体器官的成语是？","眉清目秀","如鱼得水","狼吞虎咽","千军万马","1","5870","5880",""
"1418","下列成语中含有一组近义词的成语是？","眼疾手快","口出不逊","袖手傍观","鸟语花香","1","5870","5880",""
"1419","下列成语中含有一组反义词的成语是？","东倒西歪","七拼八凑","头破血流","盲人摸象","1","5870","5880",""
"1420","下列成语中描写春天美好的成语是？","生机勃勃","举足轻重","天经地义","乍暖还寒","1","5870","5880",""
"1421","下列成语中来自寓言故事的成语是？","惊弓之鸟","春意盎然","南腔北调","以少胜多","1","5870","5880",""
"1422","下列成语中来自历史故事的成语是？","程门立雪","刻舟求剑","由此及彼","积蚊成雷","1","5870","5880",""
"1423","下列成语中描写友情的成语是？","情同手足","暗渡陈仓","蜻蜓点水","弄假成真","1","5870","5880",""
"1424","下列成语中描写山的成语是？","峰峦雄伟","拔刀相助","海誓山盟","春暖花开","1","5870","5880",""
"1425","下列成语中描写稀少的成语是？","凤毛麟角","兵不厌诈","和风细雨","转危为安","1","5870","5880",""
"1426","下列成语中描写热闹繁华的成语是？","花花世界","锦绣山河","海誓山盟","沧海一粟","1","5870","5880",""
"1427","下列成语中描写容貌的成语是？","沉鱼落雁","水泄不通","地动山摇","拔刀相助","1","5870","5880",""
"1428","下列成语中描写体貌的成语是？","老态龙钟","举袖为云","崇山峻岭","推心置腹","1","5870","5880",""
"1429","下列成语中描写心理活动的成语是？","忐忑不安","虎背熊腰","冰清玉洁","春色满圆","1","5870","5880",""
"1430","下列成语中描写骄傲的成语是？","孤芳自赏","心猿意马","威风凛凛","空前绝后","1","5870","5880",""
"1431","下列成语中描写人物品质的成语是？","兢兢业业","人欢马叫","雍容华贵","心慈面善","1","5870","5880",""
"1432","下列成语中描写夏天的成语是？","鸟语蝉鸣","明眸皓齿","门庭若市","高山深涧","1","5870","5880",""
"1433","下列成语中描写秋天的成语是？","金桂飘香","克己奉公","万木葱茏","情同手足","1","5870","5880",""
"1434","下列成语中描写傍晚的成语是？","华灯初上","舍死忘生","秋菊傲骨","其貌不扬","1","5870","5880",""
"1435","下列成语中描写早晨的成语是？","万物初醒","夜幕低垂","枝繁叶茂","天高云淡","1","5870","5880",""
"1436","下列成语中描写村庄的成语是？","小桥流水","落落大方","雄鸡报晓","赤胆忠心","1","5870","5880",""
"1437","下列成语中描写彩虹的成语是？","彩桥横空","孤芳自赏","天高云淡","刀山火海","1","5870","5880",""
"1438","下列成语中描写天空的成语是？","碧空如洗","山幽路辟","夕阳西斜","如花似玉","1","5870","5880",""
"1439","描写“冬天穿着夏天的鞋子”的成语是？","葛屦履霜","草木苍翠","竹篱瓦舍","大腹便便","1","5870","5880",""
"1440","“暗送秋波”秋波旧时指什么？","秋天的水波","秋天的菠菜","秋天的声波","爱慕的眼神","1","5870","5880",""
"1441","“燕语莺呼”中莺是什么鸟？","黄鹂","黄莺","麻雀","白鹭","1","5870","5880",""
"1442","和“鱼龙曼衍”意思相近的成语是？","鱼龙混杂","若隐若现","恬不知耻","自鸣得意","1","5870","5880",""
"1443","“负暄之献”中暄是什么意思？","阳光","问候","责骂","命令","1","5870","5880",""
"1444","“乘龙快婿”是形容什么？","好女婿","好儿子","好女儿","好哥哥","1","5870","5880",""
"1445","“壁立千仞，无欲则什么”《对联》","刚","钢","冈","肛","1","5870","5880",""
"1446","白日依山尽，什么入海流？《登鹳雀楼》","黄河","长江","河水","江水","1","5870","5880",""
"1447","慈母手中线，下一句是什么？《游子吟》","游子身上衣","临行密密缝","意恐迟迟归","晴翠接荒城","1","5870","5880",""
"1448","“路漫漫其修远兮，吾将上下而什么”《离骚》","求索","摸索","探索","搜索","1","5870","5880",""
"1449","夜阑卧听风吹雨，下一句是什么？《十一月四日》","铁马冰河入梦来","铁马冰河春梦来","千军万马入梦来","戈壁沙漠入梦来","1","5870","5880",""
"1450","“不入虎穴，焉得什么？”《后汉书·班超传》","虎子","虎骨","虎皮","虎鞭","1","5870","5880",""
"1451","挥一挥衣袖，下一句是什么？（再别康桥）","不带走一片云彩","我甘心做一条水草","沉淀着彩虹似的梦","沉默是今晚的康桥","1","5870","5880",""
"1452","“故人西辞黄鹤楼，烟花三月下扬州”中“故人”是谁？","孟浩然","李白","汪伦","王维","1","5870","5880",""
"1453","“少壮不努力，老大徒什么。”","伤悲","悲伤","忧伤","蛋疼","1","5870","5880",""
"1454","马致远的《天净沙.秋思》中，夕阳西下，断肠人在哪儿？","天涯","猫扑","海角","酒吧","1","5870","5880",""
"1455","“飞流直下三千尺，疑是银河落九天”指的是哪个风景区？","庐山","丹霞山","飞来峰","九华山","1","5870","5880",""
"1456","“天下兴亡，谁有责”《日知录·正始》","匹夫","人人","女子","公民","1","5870","5880",""
"1457","生当作人杰，下一句是什么？《夏日绝句》","死亦为鬼雄","死亦为鬼王","死后做鬼王","死后做土豪","1","5870","5880",""
"1458","宝剑锋从磨砺出，下一句是什么？《警世贤文》","梅花香自苦寒来","梅花香自风雪来","梅花香从苦寒来","菜花香自苦寒来","1","5870","5880",""
"1459","“桃李满天下”的“桃李“指什么？","学生","朋友","水果","情人","1","5870","5880",""
"1460","诗句“海上升明月”的下一句是？","天涯共此时","疑是地上霜","红掌拨清波","手可摘星辰","1","5870","5880",""
"1461","两情若是久长时，下一句是什么？","又岂在朝朝暮暮","便胜却人间无数","金风玉露一相逢","该是两人成婚日","1","5870","5880",""
"1462","人有悲欢离合，下一句是什么？","月有阴晴圆缺","有钱终成眷属","有情痛苦终生","此事古难全","1","5870","5880",""
"1463","“问君能有几多愁”诗句的下句是？","恰似一江春水向东流","往事知多少","雕栏玉砌应犹在","恰似一群太监上青楼","1","5870","5880",""
"1464","文章本天成，下一句是什么？","妙手偶得之","一世也无成","夜来大狗熊","夜来睡不着","1","5870","5880",""
"1465","清水出芙蓉，下一句是什么？","天然去雕饰","蠢猪各不同","出淤泥而不染","大千网络绿映红","1","5870","5880",""
"1466","待到山花烂漫时，下一句是什么？","她在丛中笑","我便奋力把花采","牧童遥指杏花村","路边野花不要采","1","5870","5880",""
"1467","天若有情天亦老，下一句是什么？","人间正道是沧桑","后宫佳丽三千人","千山万水总是情","不可沽名学霸王","1","5870","5880",""
"1468","身无彩凤双飞翼，下一句是什么？","心有灵犀一点通","画楼西畔桂堂东","走马兰台类转蓬","分曹射覆蜡灯红","1","5870","5880",""
"1469","清明时节雨纷纷，下一句是什么？《清明》","路上行人欲断魂","牧童遥指杏花村","借问酒家何处有","停车坐爱枫林晚","1","5870","5880",""
"1470","好雨知时节，下一句是什么？《春夜喜雨》","当春乃发生","润物细无声","随风潜入夜","红掌拨清波","1","5870","5880",""
"1471","出淤泥而不染，下一句是什么？《爱莲说》","濯清涟而不妖","晋陶渊明独爱菊","可爱者甚蕃","世人甚爱牡丹","1","5870","5880",""
"1472","“出淤泥而不染，濯清涟而不妖”形容的是哪种花？","莲花","牡丹","月季","玫瑰","1","5870","5880",""
"1473","一骑红尘妃子笑，下一句是什么？《过华清宫绝句》","无人知是荔枝来","长安回望绣城堆","山顶千门次第开","主人忘归客不发","1","5870","5880",""
"1474","月落乌啼霜满天，下一句是什么？《枫桥夜泊》","江枫渔火对愁眠","姑苏城外寒山寺","夜半钟声到客船","秦时明月汉时关","1","5870","5880",""
"1475","海内存知己，下一句是什么？《送杜少府之任蜀州》","天涯若比邻","海外无知己","海外找知己","天涯何处无芳草","1","5870","5880",""
"1476","夜来风雨声，花落知下一句是什么？《春晓》","多少","长短","大小","秋风","1","5870","5880",""
"1477","两个什么_鸣翠柳，一行白鹭上青天？《绝句》","黄鹂","鹦鹉","麻雀","喜鹊","1","5870","5880",""
"1478","千山鸟飞绝，万径人什么？《江雪》","踪灭","失踪","不还","未去","1","5870","5880",""
"1479","什么乌啼霜满天，江枫渔火对愁眠？《枫桥夜泊》","月落","日出","星星","流星","1","5870","5880",""
"1480","葡萄什么夜光杯，欲饮琵琶马上催？《凉州词》","美酒","水果","菠萝","蔬菜","1","5870","5880",""
"1481","“横眉冷对千夫指，俯首甘为孺子牛”出自我国哪位著名作家？","鲁迅","老舍","郭沫若","闻一多","1","5870","5880",""
"1482","前一句是什么，春风吹又生？","野火烧不尽","斩草不除根","离离原上草","一岁一枯荣","1","5870","5880",""
"1483","两个黄鹂鸣翠柳，一行白鹭上什么？","青天","蓝天","西天","南天","1","5870","5880",""
"1484","但使龙城飞将在，不教胡马渡什么？《出塞》","阴山","阳关","鬼门关","五台山","1","5870","5880",""
"1485","朝辞白帝什么间，千里江陵一日还？《早发白帝城》","彩云","白云","天地","在人","1","5870","5880",""
"1486","夜来风雨声，下一句是什么？《春晓》","花落知多少","春眠不觉晓","处处闻啼鸟","低头思故乡","1","5870","5880",""
"1487","谈笑有鸿儒，下一句是什么？《陋室铭》","往来无白丁","草色入帘青","无案牍之劳形","西蜀子云亭","1","5870","5880",""
"1488","“王师北定中原日，家祭无忘告乃翁”中“王师”指的是？","宋","唐","元","中华民国","1","5870","5880",""
"1489","宋朝词人苏轼的弟弟是谁？","苏辙","苏洵","苏东坡","苏有朋","1","5870","5880",""
"1490","李白比杜甫大几岁？","11","12","13","14","1","5870","5880",""
"1491","诗词“一枝红杏出墙来”描写的是？","春天","杏树","少妇","少女","1","5870","5880",""
"1492","“一骑红尘妃子笑，无人知是荔枝来”中“妃子”指的是谁？","杨玉环","甄嬛","江青","褒姒","1","5870","5880",""
"1493","“人生若只如初见，何事秋风悲画扇”的作者是谁？","纳兰性德","白居易","班婕妤","李清照","1","5870","5880",""
"1494","《长信宫怨》是描写谁的故事？","班婕妤","赵合德","赵飞燕","李清照","1","5870","5880",""
"1495","“老夫聊发少年狂”的下句是？","左牵黄，右擎苍","不思量，也不忘","自思量，不难忘","治肾亏，不含糖","1","5870","5880",""
"1496","“遗民泪尽胡尘里，南望王师又一年”中“胡尘”是指？","元","西夏","辽","苏联","1","5870","5880",""
"1497","“三十功名尘与土”的下句是？","八千里路云和月","五千年的风和雨","八千里的风和沙","八百后宫妻与妾","1","5870","5880",""
"1498","“沧海月明珠有泪”的下句是？","蓝田日暖玉生烟","蓝田玉暖日生烟","蓝田玉暖日升烟","蓝田日暖玉升烟","1","5870","5880",""
"1499","“十年生死两茫茫，不思量，自难忘”是怀念？","亡妻","爱妾","兄弟","朋友","1","5870","5880",""
"1500","见过了你，眼中再无其他女子。下列比较贴切的诗词是？","曾经沧海难为水","除去巫山不是雨","感时花溅泪","润物细无声","1","5870","5880",""
"1501","“闺中少妇不知愁，春日凝妆上什么楼”？","翠","青","红","花","1","5870","5880",""
"1502","少年听雨歌楼上，下一句是什么？","红烛昏罗帐","倚柱昏罗裳","红烛曼罗帐","倚柱昏罗帐","1","5870","5880",""
"1503","王昌龄的“黄沙百战穿金甲，不破楼兰终不还。”的题目是？","从军行","镇西关","边塞","塞外行","1","5870","5880",""
"1504","“忽如一夜春风来，千树万树梨花开。”是描写？","雪景","梨花","春风","白发","1","5870","5880",""
"1505","“南朝四百八十寺，多少楼台烟雨中。”的作者？","杜牧","杜甫","李贺","李商隐","1","5870","5880",""
"1506","死时有大批妓女送行的著名词人是？","柳永","董永","李商隐","陆游","1","5870","5880",""
"1507","《洛神赋》的作者是？","曹植","曹丕","嵇康","刘伶","1","5870","5880",""
"1508","“咬定青山不放松，立根原在破岩中”描写的是哪种植物？","竹","松树","梅","柏树","1","5870","5880",""
"1509","“合昏尚知时，鸳鸯不独宿”中的“合昏”指的是？","合欢花","合欢树","夕颜","木槿","1","5870","5880",""
"1510","“醉翁之意不在酒，意在什么也”？","山水之间","沛公","美妇","美景","1","5870","5880",""
"1511","李白的《将进酒》中“会须一饮多少杯”？","三百","四百","八百","六百","1","5870","5880",""
"1512","元稹在《闻乐天左降江州司马》中贬谪的朋友是？","白居易","苏轼","杜甫","高适","1","5870","5880",""
"1513","王维人称“诗佛”，他的字是？","摩诘","摩羯","魔羯","魔劫","1","5870","5880",""
"1514","“商女不知亡国恨”的下一句是？","隔江犹唱后庭花","隔江犹爆后庭花","倚江犹唱后庭菊","隔江犹唱菊花台","1","5870","5880",""
"1515","“几家夫妇同罗帐”下一句？","几家飘零在外头","几家欢喜几家仇","几家欢喜几家愁","几家离人独自流","1","5870","5880",""
"1516","《春江晚景》中“竹外桃花三两枝”的下一句是什么？","春江水暖鸭先知","春江水暖鸡先知","春江水暖我先知","春江水暖你先知","1","5870","5880",""
"1517","白居易《钱塘湖春行》中“几处早莺争暖树”的下句是？","谁家新燕啄春泥","谁家春燕啄新泥","谁家春燕啄水泥","谁家新燕啄淤泥","1","5870","5880",""
"1518","李煜《浪淘沙》中，流水落花春去也，下一句是什么？","天上人间","天上天下","人间天堂","水上乐园","1","5870","5880",""
"1519","《题都城南庄》中“去年今日此门中”的下一句是？","人面桃花相映红","人面菊花相映红","人面香腮相映红","人面玫瑰相映红","1","5870","5880",""
"1520","“眼前有景道不得，崔郎题诗在上头”是哪一首诗？","登黄鹤楼","登鹳雀楼","登金陵凤凰台","登滕王阁","1","5870","5880",""
"1521","李白《把酒问月》中，今人不见古时月，下一句是什么？","今月曾经照古人","此月曾经照古人","此月曾经陪古人","今月古时照良人","1","5870","5880",""
"1522","“不妨高卧，冰壶凉簟”说的是谁？","辛弃疾","陶渊明","陆游","陈元龙","1","5870","5880",""
"1523","“香山居士”是下面哪位文人的号？","白居易","欧阳修","李白","元稹","1","5870","5880",""
"1524","《白雪歌送武判官归京》“北风卷地白草折”的下一句是什么？","胡天八月即飞雪","胡天七月即飞雪","胡天九月即飞雪","胡天六月即飞雪","1","5870","5880",""
"1525","李煜《浪淘沙》中，流水落花春去也，下一句是什么？","天上人间","天上天下","人间天堂","水上乐园","1","5870","5880",""
"1526","“东边日出西边雨，道是无晴却有晴”出自？","竹枝词","木槿词","来生词","咏物词","1","5870","5880",""
"1527","问君能有几多愁，下一句是什么？","恰似一江春水向东流","恰似一江秋水向东流","恰似一汪清泉向东流","恰似一江秋水向西流","1","5870","5880",""
"1528","“平生不会相思，才会相思，便害相思”出自？","折桂令","葬花吟","乡思","忆亡妻","1","5870","5880",""
"1529","“愿得一心人，白首不相离”出自？","白头吟","白首吟","良人赋","良人吟","1","5870","5880",""
"1530","“曾经沧海难为水，除去巫山不是云”出自？","离思","相思","回忆","离人","1","5870","5880",""
"1531","此情可待成追忆？下一句是什么？《锦瑟》","只是当时已惘然","只是当时没注意","只是当时已结婚","只是当时没看见","1","5870","5880",""
"1532","前一句是什么，此恨绵绵无绝期？《长恨歌》","天长地久有时尽","天长地久有尽时","天地长久有尽时","天上人间有时尽","1","5870","5880",""
"1533","衣带渐宽终不悔，下一句是什么？《蝶恋花》","为伊消得人憔悴","减肥消得人憔悴","相思在心头","刚下眉头却上心头","1","5870","5880",""
"1534","“不是花中偏爱菊，此花开尽更无花”出自？","菊花","雏菊","小嫩菊","赏菊","1","5870","5880",""
"1535","沾衣欲湿杏花雨，下一句是什么？《绝句》","吹面不寒杨柳风","吹面不含杨柳风","耳边响起驼铃声","二月春风似剪刀","1","5870","5880",""
"1536","“何须浅碧轻红色，自是花中第一流”出自？","鹧鸪天·桂花","鹧鸪天·牡丹","鹧鸪天·含羞草","鹧鸪天·昙花","1","5870","5880",""
"1537","不要人夸好颜色，下一句是什么？《墨梅》","只留清气满乾坤","只留清气在人间","只留清气在凡间","只留清香满乾坤","1","5870","5880",""
"1538","蓦然回首，那人却在，下一句是什么？《青玉案》","灯火阑珊处","打飞机","玩手机","萤火阑珊处","1","5870","5880",""
"1539","“身无彩凤双飞翼，心有灵犀一点通”出自？","无题","佚名","锦瑟","鸳鸯","1","5870","5880",""
"1540","海上生明月，下一句是什么？《望月怀远》","天涯共此时","一起上天涯","船上人两双","月照旅人心","1","5870","5880",""
"1541","“明月松间照，清泉石上流”出自？","山居秋暝","山居春暝","秋名山居","秋名山幽灵","1","5870","5880",""
"1542","野旷天低树，下一句是什么？《宿建德江》","江清月近人","江清月勾人","江清月撩人","江清月勾魂","1","5870","5880",""
"1543","“当时明月在，曾照彩云归”出自？","临江仙","临江人","临江神","临江鬼","1","5870","5880",""
"1544","“我寄愁心与明月，随君直到夜朗西”出自？","闻王昌龄","闻王语嫣","闻王昭君","闻王诗龄","1","5870","5880",""
"1545","“好雨知时节，当春乃发生”出自？","春夜喜雨","雨夜喜春","夜雨寄北","春夜听雨","1","5870","5880",""
"1546","天街小雨润如酥，下一句是什么？","草色遥看近却无","青山遥看近却无","小河遥看如青龙","青草遥看近却无","1","5870","5880",""
"1547","前一句是什么，深巷明朝卖杏花？","小楼一夜听春雨","春宵一刻值千金","小楼一夜听秋雨","独卧小楼听夜雨","1","5870","5880",""
"1548","前一句是什么，吹面不寒杨柳风？《绝句》","沾衣欲湿杏花雨","欲满沾衣杏花雨","花雨沾衣湿淋漓","沾衣欲湿梨花雨","1","5870","5880",""
"1549","三军可夺帅也，下一句是什么？《论语·子罕》","匹夫不可夺志也","匹夫不可夺妻也","匹夫不可夺手机也","匹夫不可夺钱也","1","5870","5880",""
"1550","生于忧患，而死于什么？《孟子·告子下》","安乐","脑残","撸管","享乐","1","5870","5880",""
"1551","“不鸣则已，一鸣什么”？》《史记·滑稽列传》","惊人","吓人","死人","丢人","1","5870","5880",""
"1552","《陈涉世家》描写的谁的故事？","陈胜","陈涉","陈圆圆","陈冠希","1","5870","5880",""
"1553","“烈士暮年，壮心不已”出自？","龟虽寿","老马记","战马集","龟仙人","1","5870","5880",""
"1554","千磨万击还坚劲，下一句是什么？《竹石》","任尔东西南北风","任尔五六七八万","任尔雨打风吹去","任尔摸爬滚打踢","1","5870","5880",""
"1555","“笔落惊什么，诗成泣鬼神”《寄李十二白二十韵》","风雨","天地","乾坤","国家","1","5870","5880",""
"1556","“出师未捷身先死，长使英雄泪什么”《蜀相》","满襟","满脸","满裳","结晶","1","5870","5880",""
"1557","不畏浮云遮望眼，下一句是什么？《登飞来峰》","自缘身在最高层","只愿身在最高层","只缘身在此山中","只缘身在最高处","1","5870","5880",""
"1558","“春雨惊春清谷天”中第二个“春”指什么节气？","春分","立春","春至","惊蛰","1","5870","5880",""
"1559","“人不可有傲气，但不可无傲骨”是谁的座右铭？","徐悲鸿","周恩来","李大钊","孙中山","1","5870","5880",""
"1560","“天下兴亡，匹夫有责”是哪位思想家的名言？","顾炎武","黄宗羲","王夫之","王充","1","5870","5880",""
"1561","“床前明月光”中“床”指的是什么？","井上的围栏","窗户","卧具","席梦思","1","5870","5880",""
"1562","“但愿人长久，千里共婵娟”，其中婵娟指的是什么？","月亮","姻缘","美梦","美女","1","5870","5880",""
"1563","“一问三不知”出自《左传》，说的是哪“三不知”？","开始、经过、结果","姓名、性别、生辰","天文、地理、文学","孔子、孟子、老子","1","5870","5880",""
"1564","李清照词中的“绿肥红瘦”描写的是什么季节的景色？","晚春","仲夏","晚秋","早春","1","5870","5880",""
"1565","“爆竹声中一岁除，春风送暖入屠苏”屠苏指？","酒","苏州","酥肉","房屋","1","5870","5880",""
"1566","“揭竿为旗，斩木为兵”形容的是哪一场起义？","陈胜吴广起义","绿林起义","黄巾起义","赤眉起义","1","5870","5880",""
"1567","“己所不欲，勿施于人”是谁的名言？","孔子","老子","曹操","鲁迅","1","5870","5880",""
"1568","八月雪花飞塞北，秋来归雁向何方（猜地名）？","湖南","湖北","重庆","四川","1","5870","5880",""
"1569","“大珠小珠落玉盘”所形容的是什么乐器的弹奏声？","琵琶","古筝","吉他","六弦琴","1","5870","5880",""
"1570","“天生我材必有用，千金散尽还复来”是出自？","将进酒","北国风光","春","三毛流浪记","1","5870","5880",""
"1571","号“六一居士”的是？","欧阳修","陆游","欧阳春","李白","1","5870","5880",""
"1572","寻寻觅觅冷冷清清凄凄惨惨戚戚是出自宋朝那位词人之手？","李清照","老舍","徐志摩","杜甫","1","5870","5880",""
"1573","“似曾相识燕归来”的上一句是？","无可奈何花落去","啥时才能归故里","有朋自西方来","与燕齐飞","1","5870","5880",""
"1574","“好来宝”是哪个民族的即兴诗？","蒙古族","维吾尔族","汉族","壮族","1","5870","5880",""
"1575","《天方夜谭》用“谭”字而不用“谈”字？","古代写文章的避讳","作者写作手法","美观","古代没有谈","1","5870","5880",""
"1576","古诗的体制称为“风雅颂”，其中“雅”指？","王朝正声","北朝偏声","高雅","别致","1","5870","5880",""
"1577","“智者千虑，必有一失”语出？","晏子春秋","李尔王","论语","本草纲目","1","5870","5880",""
"1578","文章本无成，下一句是什么？","妙手偶得之","一世也无成","夜来大狗熊","夜来睡不着","1","5870","5880",""
"1579","“山外青山楼外楼”在原诗《题临安邸》中的下句是？","西湖歌舞几时休","暖风熏得游人醉","直把杭州作汴州","一缕清风荡前忧","1","5870","5880",""
"1580","“蜃楼疑海上，鸟道没云中”赞美的是？","悬空寺","少林寺","峨眉山","武当山","1","5870","5880",""
"1581","身无彩凤双飞翼，心有灵犀一点通是哪一个诗人的诗句？","李商隐","李白","陆游","陶渊明","1","5870","5880",""
"1582","“碧云天，黄叶地，北雁南飞”语出？","西厢记","红楼梦","西游记","水浒传","1","5870","5880",""
"1583","“近水楼台先得月”的下一句是？","向阳花木易为春","花月美景自有道","江水润物细无声","春水风光岂无情","1","5870","5880",""
"1584","忧劳可以兴国，下一句是什么？","逸豫可以亡身","闭目可以养神","宁静么可以致远","淡泊可以明志","1","5870","5880",""
"1585","座中泣下谁最多？下一句是什么？","江州司马青衫湿","哭哭啼啼真啰嗦","主人忘归客不发","同是天涯沦落人","1","5870","5880",""
"1586","西塞山前白鹭飞，下一句是什么？","桃花流水鳜鱼肥","满腹失望伤透心","劝君莫再寻网友","明日出家奔少林","1","5870","5880",""
"1587","远上寒山石径斜，下一句是什么？","白云深处有人家","借问美女何处有","牧童遥指三里屯","独钓寒江雪","1","5870","5880",""
"1588","停车坐爱枫林晚，下一句是什么？","霜叶红于二月花","人生得意须尽欢","春风吹又生","举头望明月","1","5870","5880",""
"1589","君子成人之美，下一句是什么？","不成人之恶","小人夺人所爱","小人长戚戚","温润如玉","1","5870","5880",""
"1590","穷则独善其身，下一句是什么？","达则兼济天下","富则妻妾成群","先天下之忧而忧","忧以天下","1","5870","5880",""
"1591","前一句是什么，为有暗香来？","遥知不是雪","此歌三千字","墙角数枝梅","傲骨梅无仰面花","1","5870","5880",""
"1592","书到用时方恨少，下一句是什么？","事非经过不知难","钱到月底不够花","是固教然后知困","学到最后也白搭","1","5870","5880",""
"1593","君自故乡来，下一句是什么？《杂诗》","应知故乡事","应该上网吧","我从西方来","孤舟蓑笠翁","1","5870","5880",""
"1594","天生我材必有用，下一句是什么？","千金散尽还复来","人生得意须尽欢","船到桥头自然直","老鼠儿子会打洞","1","5870","5880",""
"1595","昔闻洞庭水，下一句是什么？《登岳阳楼》","今上岳阳楼","吴楚东南坼","乾坤日夜浮","恨别鸟惊心","1","5870","5880",""
"1596","葡萄美酒夜光杯，下一句是什么？《凉州词》","欲饮琵琶马上催","古来征战几人回","醉卧沙场君莫笑","疑是银河落九天","1","5870","5880",""
"1597","朝辞白帝彩云间，下一句是什么？《早发白帝城》","千里江陵一日还","轻舟已过万重山","两岸猿声啼不住","夜半钟声到客船","1","5870","5880",""
"1598","但使龙城飞将在，下一句是什么？《出塞》","不教胡马渡阴山","万里长征人未还","一片孤城万仞山","万条垂下绿丝绦","1","5870","5880",""
"1599","大漠沙如雪，下一句是什么？《马诗》","燕山月似钩","何当金络脑","快走踏清秋","相看两不厌","1","5870","5880",""
"1600","明日复明日，下一句是什么？《明日歌》","明日何其多","万事成蹉跎","我生待明日","只在此山中","1","5870","5880",""
"1601","天门中断楚江开，下一句是什么？《望天门山》","碧水东流至此回","两岸青山相对出","孤帆一片日边来","不知何处是他乡","1","5870","5880",""
"1602","少小离家老大回，下一句是什么？《回乡偶书》","乡音无改鬓毛衰","儿童相见不相识","笑问客从何处来","每逢佳节倍思亲","1","5870","5880",""
"1603","洛阳亲友如相问，下一句是什么？《芙蓉楼送辛渐》","一片冰心在玉壶","寒雨连江夜入吴","平明送客楚山孤","悔教夫婿觅封侯","1","5870","5880",""
"1604","劝君莫惜金缕衣，下一句是什么？《金缕衣》","劝君惜取少年时","花开堪折直须折","莫待无花空折枝","常得君王带笑看","1","5870","5880",""
"1605","故人西辞黄鹤楼，下一句是什么？《送孟浩然之广陵》","烟花三月下扬州","寒雨连江夜入吴","每逢佳节倍思亲","万里长征人未还","1","5870","5880",""
"1606","李白《长干行》诗中有“郎骑竹马来，绕床弄青梅。”所指？","青梅竹马","两小无猜","天长地久","幸福美满","1","5870","5880",""
"1607","此曲只应天上有，下一句是什么？《赠花卿》","人间能得几回闻","半入江风半入云","锦城丝管日纷纷","夜半钟声到客船","1","5870","5880",""
"1608","什么远上白云间，一片孤城万仞山？《凉州词》","黄河","长江","白塔","故宫","1","5870","5880",""
"1609","等闲识得东风面，万紫什么总是春？《春日》","千红","蓝天","红绿","黑白","1","5870","5880",""
"1610","死去原知万事空，但悲不见什么同？《示儿》","九州","五洲","九大","五大","1","5870","5880",""
"1611","离离原上草，什么一枯荣？《赋得古原草送别》","一岁","十岁","百岁","千岁","1","5870","5880",""
"1612","儿童相见不相识，笑问什么从何处来？《回乡偶书》","客","人","你","我","1","5870","5880",""
"1613","只在此山中，什么不知处？《寻隐者不遇》","云深","天高","地阔","平原","1","5870","5880",""
"1614","君看一叶舟，出没什么波里？《江上渔者》","风","云","海","雨","1","5870","5880",""
"1615","横看成岭侧成峰，远近高低什么？《题西林壁》","各不同","都相同","都一样","各种各样","1","5870","5880",""
"1616","青青子衿，悠悠我什么？《短歌行》","心","身","肺","思","1","5870","5880",""
"1617","“飞流直下三千尺，疑是银河落九天”指的是哪个风景区？","庐山","泰山","黄山","华山","1","5870","5880",""
"1618","“白日依山尽，黄河入海流”描写的是？","鹳雀楼","黄鹤楼","黄山","金山","1","5870","5880",""
"1619","光阴似箭，下一句是什么？《增广贤文》","日月如梭","岁月如梭","日月如刀","岁月如刀","1","5870","5880",""
"1620","“海纳百川，下一句是什么？壁立千仞，无欲则刚”","有容乃大","包容乃大","包容奶大","有容奶大","1","5870","5880",""
"1621","穷则独善其身，下一句是什么？《孟子》","达则兼善天下","达则兼济天下","达则一统天下","达则包容天下","1","5870","5880",""
"1622","“业精于勤，荒于嬉”——《进学解》出自？","韩愈","韩遂","韩非子","韩寒","1","5870","5880",""
"1623","发奋忘食，乐以忘优，下一句是什么？《论语》","不知老之将至","不知老子将至","不知祸之将至","不知死之将至","1","5870","5880",""
"1624","“读万卷书，什么万里路”——刘彝","行","走","跑","爬","1","5870","5880",""
"1625","“穷则变，变则通”出自？","易经","易筋经","周易","易大师","1","5870","5880",""
"1626","“锲而不舍，金石可镂”《劝学篇》的作者？","荀子","老子","孔子","孟子","1","5870","5880",""
"1627","“羌笛何须怨杨柳，春风不度玉门关”出自？","凉州词","幽州词","北海词","西域词","1","5870","5880",""
"1628","“秦时明月汉时关，万里长征人未还”《出塞》的作者？","王昌龄","岑参","王翰","崔护","1","5870","5880",""
"1629","“三山半落青天外，二水中分什么”李白","白鹭洲","鹦鹉洲","赤水洲","南美洲","1","5870","5880",""
"1630","莫愁前路无知己，下一句是什么？《别董大》","天下谁人不识君","西出阳关无故人","春风不度玉门关","万里长征人未还","1","5870","5880",""
"1631","“月落乌啼霜满天，江枫渔火对愁眠”的作者？","张继","张济","张骥","张季","1","5870","5880",""
"1632","晴空一鹤排云上，下一句是什么？刘禹锡","便引诗情到碧霄","碧海千舟踏浪行","一夜征人尽望乡","野渡无人舟自横","1","5870","5880",""
"1633","“旧时王谢堂前燕，飞入寻常百姓家”出自？","乌衣巷","青衣巷","三坊七巷","南锣鼓巷","1","5870","5880",""
"1634","“侯门一入深似海，从此萧郎是路人”出自？","赠婢","赠妾","赠友","赠前妻","1","5870","5880",""
"1635","“秋风生渭水，落叶满长安”《江上忆吴处士》","贾岛","贾似道","贾政","贾宝玉","1","5870","5880",""
"1636","衰兰送客咸阳道，下一句是什么？《金铜仙人辞汉歌》","天若有情天亦老","多少楼台烟雨中","江流曲似九回肠","霜叶红于二月花","1","5870","5880",""
"1637","算术（5+5）*8=？","80","45","18","28","1","5870","5880",""
"1638","假设1=5、2=10、3=15、4=20，那么5等于几？","1","10","100","40","1","5870","5880",""
"1639","正方体有多少个面？","6个","5个","4个","8个","1","5870","5880",""
"1640","56？14=42","减","加","乘","除","1","5870","5880",""
"1641","算术10+10*10=？","110","1000","1100","100","1","5870","5880",""
"1642","一件衣服是50元，打八折，请问需要多少钱买这件衣服？","40元","50元","60元","20元","1","5870","5880",""
"1643","算术（5+5）*8*9*10*0=？","0","128","256","10","1","5870","5880",""
"1644","陈景润是被哪个数学家发掘并培养的？","华罗庚","钱学森","苏步青","陈省身","1","5870","5880",""
"1645","去年买一股票，当年下跌了20%，今年上涨百分之几才能保持原值？","0.25","0.3","0.2","0.15","1","5870","5880",""
"1646","把一根10米长的钢管切成1米长小管，需要切几次？","9次","8次","10次","12次","1","5870","5880",""
"1647","农夫有17只羊，除了9只以外都病死了，农夫还剩几只羊？","9只","8只","4只","1只不剩","1","5870","5880",""
"1648","1024？4=256","除","加","乘","减","1","5870","5880",""
"1649","32？4=8","除","加","乘","减","1","5870","5880",""
"1650","听,其中有声音？(打一字)","嘶","斯","试","想","1","5870","5880",""
"1651","初升的太阳？（打一字）","昇","祥","撒","我","1","5870","5880",""
"1652","屋下一只狗？（打一字）","戾","全","去","玩","1","5870","5880",""
"1653","太阳玩滑板，月亮旁边看？（打一字）","胆","明","日","月","1","5870","5880",""
"1654","咬掉一口？（打一字）","交","叫","跳","挑","1","5870","5880",""
"1655","抓鸡？（打一字）","擒","错","是","发","1","5870","5880",""
"1656","二层楼开四方窗？（打一字）","噩","晶","品","自","1","5870","5880",""
"1657","独生子？打一字","兀","饿","问","把","1","5870","5880",""
"1658","一寸之口？（打一字）","団","国","网","图","1","5870","5880",""
"1659","疑点有二？(打一字)","凝","飞","都","说","1","5870","5880",""
"1660","王者之道？（打一字）","璐","但","才","事","1","5870","5880",""
"1661","春秋各一半？（打一字）","秦","都","份","饿","1","5870","5880",""
"1662","人中之王？（打一字）","全","她","给","能","1","5870","5880",""
"1663","田头上长草？(打一字)","苗","填","想","问","1","5870","5880",""
"1664","鱼一条，没有田没有刀？（打一字）","一","二","三","田","1","5870","5880",""
"1665","依山傍水？打一字","汕","水","泳","浪","1","5870","5880",""
"1666","军人的泪？（打一字）","浑","哭","浴","渔","1","5870","5880",""
"1667","此字不难猜，孔子猜三天？（打一字）","晶","品","日","年","1","5870","5880",""
"1668","丰富的水源？（打一字）","沣","丰","洗","河","1","5870","5880",""
"1669","口中还有一口？（打一字）","回","日","月","国","1","5870","5880",""
"1670","少了尾巴的兔子有力气？（打一字）","勉","兔","免","力","1","5870","5880",""
"1671","鱼头鱼身蛇尾巴？（打一字）","龟","渔","水","蛇","1","5870","5880",""
"1672","睡眠之前？(打一字)","目","日","眼","阳","1","5870","5880",""
"1673","石头下面有水？（打一字）","泵","水","石","丘","1","5870","5880",""
"1674","三只眼睛？（打一字）","瞐","品","淼","磊","1","5870","5880",""
"1675","不用手？（打一字）","挽","去","免","收","1","5870","5880",""
"1676","家没有男人？(打一字)","嫁","楠","男","钕","1","5870","5880",""
"1677","十五天？（打一字）","胖","月","过","去","1","5870","5880",""
"1678","本人养鸟？（打一字）","鹅","我","鸟","袅","1","5870","5880",""
"1679","分手？（打一字）","扮","月","收","取","1","5870","5880",""
"1680","山丘边的虫子？（打一字）","蚯","越","岳","虫","1","5870","5880",""
"1681","口中一朵云？（打一字）","囩","国","渔","玉","1","5870","5880",""
"1682","昏倒的女子？（打一字）","婚","嫁","晕","昏","1","5870","5880",""
"1683","你的弓？（打一字）","弥","弹","弓","取","1","5870","5880",""
"1684","洛阳城内草飞扬？（打一字）","落","洛","络","咯","1","5870","5880",""
"1685","泼水节上水尽无？（打一字）","发","渔","洒","河","1","5870","5880",""
"1686","田中？打一字","十","口","苗","庙","1","5870","5880",""
"1687","虫虫是单身？（打一字）","蝉","虫","蟲","单","1","5870","5880",""
"1688","一斗米？（打一字）","料","科","祥","米","1","5870","5880",""
"1689","洒水了？打一字","西","洒","水","油","1","5870","5880",""
"1690","句中多十？（打一字）","甸","局","句","巨","1","5870","5880",""
"1691","鲜鱼吃多了？(打一字)","羊","渔","雨","鱼","1","5870","5880",""
"1692","狗嘴？（打一字）","吠","犬","扣","抠","1","5870","5880",""
"1693","春取头，夏取半？（打一字）","麦","日","秋","田","1","5870","5880",""
"1694","石头撑起一座山？（打一字）","岩","山","石","屎","1","5870","5880",""
"1695","盲目行动？（打一字）","亡","目","钼","忘","1","5870","5880",""
"1696","还少些车辆？（打一字）","软","车","辆","欠","1","5870","5880",""
"1697","火不够？（打一字）","炊","活","火","伙","1","5870","5880",""
"1698","工业用水？（打一字）","汞","水","巩","游","1","5870","5880",""
"1699","两只蚂蚁抬根杠，一只蚂蚁杠上望？","六","三","九","七","1","5870","5880",""
"1700","象脚鼓是哪个民族的打击乐器？","傣族","壮族","汉族","维吾尔族","1","5870","5880",""
"1701","西洋乐器小提琴有几根弦？","4根","3根","5根","2根","1","5870","5880",""
"1702","马头琴是我国哪一民族的拉弦乐器？","蒙古族","维吾尔族","朝鲜族","回族","1","5870","5880",""
"1703","六弦琴是什么乐器的别称？","吉他","古筝","小提琴","钢琴","1","5870","5880",""
"1704","素有“马里奥之父”美誉的著名游戏制作人是谁？","宫本茂","宫崎骏","冈本吉起","大友克洋","1","5870","5880",""
"1705","(神题)汽车会飞？（猜一种饮料）","咖啡","可口可乐","柠檬茶","奶昔","1","5870","5880",""
"1706","(神题)公共厕所（猜一外国首都）","伦敦","东京","首尔","北京","1","5870","5880",""
"1707","(神题)男人内裤（打一三国人名）？","关羽","刘备","曹操","诸葛亮","1","5870","5880",""
"1708","(神题)把蓝色的衣服放到黄河里，会发生什么状况？","衣服被打湿了","衣服变成黄色了","衣服丢了","衣服变成绿色了","1","5870","5880",""
"1709","(神题)人在不饥渴时也需要的是什么水？","薪水","苏打水","自来水","矿泉水","1","5870","5880",""
"1710","(神题)脱了红袍子，是个白胖子，去了白胖子，是个黑圆子？","荔枝","桂圆","花生","菠萝","1","5870","5880",""
"1711","(神题)鸭蛋一打有多少个？","0个","12个","10个","25个","1","5870","5880",""
"1712","(神题)环球旅行？（猜一现代香港名星）","周星驰","刘德华","张国荣","金喜善","1","5870","5880",""
"1713","(神题)船出长江口（猜地名）？","上海","西藏","北京","越南","1","5870","5880",""
"1714","(神题)一点登机，三点抵川（猜地名）？","杭州","四川","苏州","贵州","1","5870","5880",""
"1715","(神题)广阔国境皆安定（猜地名）？","辽宁","哈尔滨","宁夏","北京","1","5870","5880",""
"1716","(神题)新版的纸币，竟然印得不一样，为什么？","号码不一样","价码不同","印错了","不是一个人印的","1","5870","5880",""
"1717","(神题)卖水的人看到河会怎么想？","这些都是钱","想买","想喝","跳下去","1","5870","5880",""
"1718","(神题)为什么警察要系白皮带？","裤子会掉","美观","庄严","个人爱好","1","5870","5880",""
"1719","(神题)为什么冲天炮射不到星星？","星星会闪","准星不准","星星太高","炮口太小","1","5870","5880",""
"1720","(神题)为什么离婚的人越来越多？","结婚的越来越多","价值关不同","男女比例失调","缺乏安全感","1","5870","5880",""
"1721","(神题)猪皮是用来作什么的呢？","包猪肉用的","吃的","美容用的","包饺子用的","1","5870","5880",""
"1722","(神题)煮一个蛋要四分钟，煮八个蛋要几分钟？","四分钟","三十二分钟","十分钟","2个小时","1","5870","5880",""
"1723","(神题)八点钟和九点钟有什么不一样？","差一点","数字","说法","指针位置","1","5870","5880",""
"1724","(神题)什么酒价格最贵？","喜酒","白酒","洋酒","啤酒","1","5870","5880",""
"1725","(神题)考试时应注意什么？","监考老师","审题","不讲话","不答卷","1","5870","5880",""
"1726","(神题)放大镜不能放大的东西是什么？","角度","宽度","长度","高度","1","5870","5880",""
"1727","(神题)猩猩最讨厌什么线？","平行线","交叉线","反射线","紫外线","1","5870","5880",""
"1728","(神题)巧克力和西红柿打架，巧克力赢了，为什么呢？","巧克力棒","西红柿弱爆了","实力差距太大","巧克力比较黑","1","5870","5880",""
"1729","(神题)哪种动物最没有方向感？","麋鹿","猪","猫","导盲犬","1","5870","5880",""
"1730","(神题)猪圈里的猪出来了，怎么办？（猜一个明星）","王力宏","巩俐","韩红","仔仔","1","5870","5880",""
"1731","(神题)谁给刘德华喝忘情水？","啊哈","女朋友","孟婆","上帝","1","5870","5880",""
"1732","(神题)什么鱼最白痴？","鲨鱼","鲸鱼","河豚","金鱼","1","5870","5880",""
"1733","(神题)哪个门派的教徒不会撒谎啊？","全真教","山林寺","武当派","邪教","1","5870","5880",""
"1734","(神题)米的妈妈是谁？","花","水稻","农民","叶子","1","5870","5880",""
"1735","(神题)历史上哪个人跑的最快？","曹操","刘备","秦始皇","武大郎","1","5870","5880",""
"1736","(神题)用椰子和西瓜打头哪一个比较痛？","头","椰子","西瓜","一样痛","1","5870","5880",""
"1737","(神题)唐僧师徒4个，唐僧死了，还有几个人？","没有人","2个人","3个人","还有两只猴","1","5870","5880",""
"1738","(神题)耶稣是哪一国人？","天国","中国","美国","印第安人","1","5870","5880",""
"1739","(神题)键盘上F1，F2，F3，F4最帅的是哪个键？","F4","F2","F1","F3","1","5870","5880",""
"1740","(神题)圣诞夜，圣诞老人放进袜子的第一件东西是什么？","脚","礼物","雪花","空气","1","5870","5880",""
"1741","(神题)水浒剧组去动物园拍戏，什么动物不会来？","老虎","狮子","大象","鸵鸟","1","5870","5880",""
"1742","(神题)稀饭，烧饼，馒头，包子哪一个最贵？","稀饭","烧饼","馒头","包子","1","5870","5880",""
"1743","(神题)我国哪个城市的人最正直？","深圳","北京","上海","武汉","1","5870","5880",""
"1744","(神题)甲，乙，丙，丁哪个字最酷？","丁","甲","乙","丙","1","5870","5880",""
"1745","(神题)历史上哪个帝王当老公最不称职？","夫差","勾践","秦皇","汉武","1","5870","5880",""
"1746","(神题)月亮上有过外星人吗？","有","没有","不知道","有神仙","1","5870","5880",""
"1747","(神题)番茄炒蛋哪个先下锅？","油","番茄","蛋","都不是","1","5870","5880",""
"1748","(神题)“耳朵像蒲扇，身子像小山，鼻子长又长，帮人把活干”？","大象","长颈鹿","树袋熊","猪","1","5870","5880",""
"1749","(神题)谜语“两个胖子”指的是我国安徽省那座城市？","合肥","芜湖","肥西","大理","1","5870","5880",""
"1750","(神题)自小在一起，目前少联系（猜一字）？","省","苜","沙","幸","1","5870","5880",""
"1751","(神题)什么东西往上升永远掉不下来？","年龄","电梯","温度计","飞机","1","5870","5880",""
"1752","(神题)如果诸葛亮活着，世界现在会有什么不同？","会多一个人","科技更发达","生活水平提高","中国经济第一","1","5870","5880",""
"1753","(神题)小明知道试卷的答案，为什么还频频看同学的？","小明是老师","知道的不全","帮助同学作弊","暗恋那个同学","1","5870","5880",""
"1754","(神题)说它是牛不是牛，力小能背房子走？","蜗牛","水牛","犀牛","奶牛","1","5870","5880",""
"1755","(神题)一口咬去多半截？（猜一字）","名","夕","口","少","1","5870","5880",""
"1756","(神题)天最顶上是什么？","是“一”","是宇宙","是银河","是神仙","1","5870","5880",""
"1757","(神题)有一种牛皮最容易被戳穿，那是什么牛皮？","吹牛皮","犀牛皮","水牛皮","野牛皮","1","5870","5880",""
"1758","(神题)进门要说芝麻开门.进门后说什么？","芝麻关门","芝麻好吃","芝麻开花","吃嘛嘛香","1","5870","5880",""
"1759","(神题)从前有个女孩叫小文，后来她有了男朋友，她就改名叫神马了？","小六","小月月","凤姐","春哥","1","5870","5880",""
"1760","(神题)什么书的毛病最多？","医书","读书","诗经","散文","1","5870","5880",""
"1761","(神题)最坚固的锁，最怕什么？","钥匙","开锁专家","高水平小偷","最厉害的小偷","1","5870","5880",""
"1762","(神题)麦兜自己洗澡，猜一近代文学作家？","朱自清","老舍","巴金","鲁迅","1","5870","5880",""
"1763","(神题)一群女孩洗澡，突然一个男人闯入，你觉得她们应该遮住哪儿？","男人的眼睛","不遮","下半身","上半身","1","5870","5880",""
"1764","(神题)情人节晚上，男生跟女生睡前一定做的事是什么？","闭上眼睛","想。。。","洗澡","接吻","1","5870","5880",""
"1765","(神题)吃苹果的时候吃到几条虫最可怕？","半条","1条","3条","没吃到","1","5870","5880",""
"1766","(神题)视力疲劳？（打一个字）","眨","樊","暮","囚","1","5870","5880",""
"1767","(神题)拆信。（打一城市名）？","开封","邯郸","承德","洛阳","1","5870","5880",""
"1768","X战警:天启中天启被谁打败的？","凤凰女","镭射眼","快银","X教授","1","5870","5880",""
"1769","X战警:天启中天启被中国影迷叫做什么？","移动的3D打印机","法老王","绿脸","大傻","1","5870","5880",""
"1770","X战警:天启快银出场打吃豆人游戏时，背后电视里放映的是什么？","霹雳游侠","超人","金刚狼","海绵宝宝","1","5870","5880",""
"1771","疯狂动物城中，尼克是什么动物？","红狐","熊","狼","豺狗","1","5870","5880",""
"1772","疯狂动物城中，朱迪是什么动物？","灰兔","白兔","安哥拉兔","家兔","1","5870","5880",""
"1773","疯狂动物城中，闪电是什么动物？","树懒","水獭","狐猴","长尾猴","1","5870","5880",""
"1774","疯狂动物城中，大先生是什么动物？","鼩鼱","企鹅","海豹","仓鼠","1","5870","5880",""
"1775","疯狂动物城中，牛局长是什么动物？","非洲水牛","牦牛","黄牛","奶牛","1","5870","5880",""
"1776","疯狂动物城中，夏奇羊是什么动物？","瞪羚","梅花鹿","藏羚羊","绵羊","1","5870","5880",""
"1777","X战警:第一战中X教授因为什么瘫痪的？","被子弹击中","从楼上摔下来","从楼梯上滚下来","被金刚狼揍的","1","5870","5880",""
"1778","X战警:第一战中，汉克因为什么变成了野兽？","注射药剂","被刺激","被辐射","被改造","1","5870","5880",""
"1779","蝙蝠侠大战超人中，蝙蝠侠为什么没有杀死超人？","妈妈名字一样","其实两人是基友","蝙蝠侠手下留情","打歪了","1","5870","5880",""
"1780","蝙蝠侠大战超人中，神奇女侠是有谁扮演的？","盖尔加朵","安琪莉娜朱莉","米拉乔沃维奇","泽塔琼斯","1","5870","5880",""
"1781","蝙蝠侠大战超人中，正义联盟中没在预告中出现的是谁？","火星猎人","海王","闪电侠","钢骨","1","5870","5880",""
"1782","参演独立日2的国内影星是谁？","杨颖","范冰冰","李冰冰","章子怡","1","5870","5880",""
"1783","电影生化危机中，李冰冰饰演的是谁？","艾达","克莱尔","吉尔","雪莉","1","5870","5880",""
"1784","美国队长3中，钢铁侠为什么与队长反目成仇？","父母之仇","队长背叛","因为女人","太自负","1","5870","5880",""
"1785","X战警:天启中，快银是谁的儿子？","万磁王","X教授","金刚狼","野兽","1","5870","5880",""
"1786","X战警:天启中，谁不是天启四骑士之一？","魔形女","天使","风暴女","灵蝶","1","5870","5880",""
"1787","死侍的能力是什么？","超强自愈不死之身","能量转换","心灵感应","瞬间移动","1","5870","5880",""
"1788","死侍电影最后，摘掉面罩后戴的是谁的面具？","休杰克曼","马修麦康纳","布拉德皮特","小罗伯特唐尼","1","5870","5880",""
"1789","复仇者联盟中，雷神的能力来源于什么？","雷神之锤","盔甲","天生就有","奥丁","1","5870","5880",""
"1790","2015年上映的星球大战是该系列的第几作？","7","6","8","10","1","5870","5880",""
"1791","蚁人的蚁人套装没有什么能力？","吸收能量","变换大小","超速移动","力量强化","1","5870","5880",""
"1792","侏罗纪世界中，最后的变异霸王龙被什么龙杀死？","沧龙","霸王龙","迅猛龙","翼龙","1","5870","5880",""
"1793","功夫熊猫3中，天煞的武器很像哪个游戏角色的武器？","奎托斯","隼龙","但丁","源氏","1","5870","5880",""
"1794","速度与激情7最后是向哪位演员致敬？","保罗沃克","范迪塞尔","巨石强森","杰森斯坦森","1","5870","5880",""
"1795","八恶人与下面哪一部电影是同一个导演？","被解放的姜戈","速度与激情7","变形金刚4","超人归来","1","5870","5880",""
"1796","电影十二公民是效仿哪部电影拍摄的？","十二怒汉","十二猴子","十二生肖","十面埋伏","1","5870","5880",""
"1797","老炮儿中，六爷是怎么死的？","心脏病发作","车祸","被人砍死","脑溢血","1","5870","5880",""
"1798","老炮儿中，被划伤的车是哪个牌子？","法拉利","布加迪","阿斯顿马丁","保时捷","1","5870","5880",""
"1799","寻龙诀是根据哪部小说改编的？","鬼吹灯","盗墓笔记","西藏禁书","茅山道士","1","5870","5880",""
"1800","猩球崛起中，凯撒是什么猩猩？","黑猩猩","金刚猩猩","山魈","银背大猩猩","1","5870","5880",""
"1801","星球崛起中，凯撒为何拥有超出正常动物范畴的智商？","生物实验","基因突变","大脑移植","超能力","1","5870","5880",""
"1802","纪录片竞相灭绝采用的什么题材？","濒临灭绝的动物","水源污染","大气污染","温室效应","1","5870","5880",""
"1803","星际穿越的主演是谁？","马修麦康纳","马特达蒙","布拉德皮特","塞缪尔杰克逊","1","5870","5880",""
"1804","火星救援的主要是谁？","马特达蒙","马修麦康纳","奥兰多布鲁姆","迈克尔法斯宾德","1","5870","5880",""
"1805","荒野猎人中小李子险些被什么动物杀死？","熊","虎","豹","狮子","1","5870","5880",""
"1806","华尔街之狼中，小李子饰演的乔丹贝尔福特靠贩卖什么发家？","垃圾股票","蓝筹股","普通股票","债券","1","5870","5880",""
"1807","火锅英雄讲述发生在哪个省的故事？","四川","东北","广东","湖南","1","5870","5880",""
"1808","小李子靠哪部电影拿下奥斯卡小金人？","荒野猎人","华尔街之狼","盗梦空间","禁闭岛","1","5870","5880",""
"1809","变形金刚4中，紧闭变形后是什么武器？","狙击枪","自走炮","坦克","激光枪","1","5870","5880",""
"1810","变形金刚3中，御天敌变形后是什么车？","消防车","救护车","卡车","装甲车","1","5870","5880",""
