"编号","名称","原模型替换备注","玩法调用","称谓","造型id","随机造型id","显示血量","显示大血条","显示等级","战斗单位类型","怪物类型","特殊类型","职业","类型","大小比例","area1colour","area2colour","对应宠物","颜色几率id","是否绑定","等级模式","NPC等级","怪物匹配最小等级","怪物匹配最大等级","能否捕捉","能否捕捉2","捕捉几率","逃跑几率","免疫状态id","反击几率","反击伤害系数","初始属性点","初始属性分配类型","每级新增属性点","每级体质加点","每级智力加点","每级力量加点","每级耐力加点","每级敏捷加点","怪物体资","怪物法资","怪物攻资","怪物防资","怪物速资","怪物躲资","怪物成长率","治疗强度成长","控制命中成长","控制抗性成长","暗雷加点1","暗雷加点2","暗雷加点3","暗雷加点4","技能1编号","技能2编号","技能3编号","技能4编号","技能5编号","技能6编号","技能7编号","技能1出现几率","技能2出现几率","技能3出现几率","技能4出现几率","技能5出现几率","技能6出现几率","技能7出现几率","技能1施放几率","技能2施放几率","技能3施放几率","技能4施放几率","技能5施放几率","技能6施放几率","技能7施放几率","AI编号","金属性吸收","木属性吸收","水属性吸收","火属性吸收","土属性吸收","加强封印","封印抗性","外功暴击等级","外功暴击程度","外功暴击抗性","内功暴击等级","内功暴击抗性","内功暴击程度","反击等级","反击程度","单场反击次数","反击抗性","外功反震等级","外功反震程度","外功反震抗性","连击率","连击次数","追击率","追击次数","修炼等级基准","物攻修炼等级","物防修炼等级","法攻修炼等级","法防修炼等级","强封修炼等级","封抗修炼等级","技能1系数","技能2系数","技能3系数","技能4系数","技能5系数","技能6系数","技能7系数","技能1常数","技能2常数","技能3常数","技能4常数","技能5常数","技能6常数","技能7常数"
"22000","大海龟","小软","","","","","1","","0","4","1","","","2","1","0","0","500201","1","0","5","0","0","150","1","true","666","0","-1","0","0","50","1","5","1","1","1","1","1","2850","1060","950","790","0","1250","976","4","10","10","0.2;0.2;0.2;0.2;0.2","0.3;0.2;0.2;0.2;0.1","0.1;0.3;0.3;0.2;0.1","0.2;0.3;0.2;0.2;0.1","206003","206023","","","","","","333","333","","","","","","0","0","0","","","","","","-1.0","-1.0","-1.0","-1.0","-1.0","-1","-1","-1","-1.0","-1","-1","-1","-1.0","-1","-1.0","-1","-1","-1","-1.0","-1","-1.0","-1","-1.0","-1","0","0","0","0","0","0","0","2.0","2.0","2.0","2.0","2.0","2.0","","1.0","1.0","1.0","1.0","1.0","1.0",""
"22001","护卫","小软","","","","","1","","0","4","1","","","2","1","0","0","500202","1","0","5","0","0","150","1","true","666","0","-1","0","0","50","1","5","1","1","1","1","1","2850","1060","950","790","0","1200","976","4","10","10","0.2;0.2;0.2;0.2;0.2","0.3;0.2;0.2;0.2;0.1","0.1;0.3;0.3;0.2;0.1","0.2;0.3;0.2;0.2;0.1","206003","206023","","","","","","333","333","","","","","","0","0","0","","","","","","-1.0","-1.0","-1.0","-1.0","-1.0","-1","-1","-1","-1.0","-1","-1","-1","-1.0","-1","-1.0","-1","-1","-1","-1.0","-1","-1.0","-1","-1.0","-1","0","0","0","0","0","0","0","2.0","2.0","2.0","2.0","2.0","2.0","","1.0","1.0","1.0","1.0","1.0","1.0",""
"22002","泡泡","小软","","","","","1","","0","4","1","","","2","1","0","0","500203","1","0","5","0","0","150","1","true","666","0","-1","0","0","50","1","5","1","1","1","1","1","2850","1060","950","790","0","1200","976","4","10","10","0.2;0.2;0.2;0.2;0.2","0.3;0.2;0.2;0.2;0.1","0.1;0.3;0.3;0.2;0.1","0.2;0.3;0.2;0.2;0.1","206003","206023","","","","","","333","333","","","","","","0","0","0","","","","","","-1.0","-1.0","-1.0","-1.0","-1.0","-1","-1","-1","-1.0","-1","-1","-1","-1.0","-1","-1.0","-1","-1","-1","-1.0","-1","-1.0","-1","-1.0","-1","0","0","0","0","0","0","0","2.0","2.0","2.0","2.0","2.0","2.0","","1.0","1.0","1.0","1.0","1.0","1.0",""
"22003","巨蛙","迅猛龙","","","","","1","","0","4","1","","","2","1","0","0","500204","1","0","5","0","0","150","1","true","666","0","-1","0","0","50","1","5","1","1","1","1","1","2455","1090","985","655","0","1300","976","4","10","10","0.2;0.2;0.2;0.2;0.2","0.3;0.2;0.2;0.2;0.1","0.1;0.3;0.3;0.2;0.1","0.2;0.3;0.2;0.2;0.1","206002","206003","206023","","","","","333","333","333","","","","","0","0","0","","","","","","-1.0","-1.0","-1.0","-1.0","-1.0","-1","-1","-1","-1.0","-1","-1","-1","-1.0","-1","-1.0","-1","-1","-1","-1.0","-1","-1.0","-1","-1.0","-1","0","0","0","0","0","0","0","2.0","2.0","2.0","2.0","2.0","2.0","","1.0","1.0","1.0","1.0","1.0","1.0",""
"22004","树怪","迅猛龙","","","","","1","","0","4","1","","","2","1","0","0","500205","1","0","5","0","0","150","1","true","666","0","-1","0","0","50","1","5","1","1","1","1","1","2455","1090","985","655","0","1350","976","4","10","10","0.2;0.2;0.2;0.2;0.2","0.3;0.2;0.2;0.2;0.1","0.1;0.3;0.3;0.2;0.1","0.2;0.3;0.2;0.2;0.1","206002","206003","206023","","","","","333","333","333","","","","","0","0","0","","","","","","-1.0","-1.0","-1.0","-1.0","-1.0","-1","-1","-1","-1.0","-1","-1","-1","-1.0","-1","-1.0","-1","-1","-1","-1.0","-1","-1.0","-1","-1.0","-1","0","0","0","0","0","0","0","2.0","2.0","2.0","2.0","2.0","2.0","","1.0","1.0","1.0","1.0","1.0","1.0",""
"22005","野猪","羊头怪","","","","","1","","0","4","1","","","2","1","0","0","500206","1","0","5","0","0","150","1","true","666","0","-1","0","0","50","1","5","1","1","1","1","1","2035","1125","1015","845","0","1300","1006","4","10","10","0.2;0.2;0.2;0.2;0.2","0.3;0.2;0.2;0.2;0.1","0.1;0.3;0.3;0.2;0.1","0.2;0.3;0.2;0.2;0.1","206002","206003","206023","206033","","","","1001","333","333","333","","","","0","0","0","","","","","","-1.0","-1.0","-1.0","-1.0","-1.0","-1","-1","-1","-1.0","-1","-1","-1","-1.0","-1","-1.0","-1","-1","-1","-1.0","-1","-1.0","-1","-1.0","-1","0","0","0","0","0","0","0","2.0","2.0","2.0","2.0","2.0","2.0","","1.0","1.0","1.0","1.0","1.0","1.0",""
"22006","黑熊精","牛头","","","","","1","","0","4","1","","","2","1","0","0","500207","1","0","5","0","0","150","1","true","666","0","-1","0","0","50","1","5","1","1","1","1","1","3140","1165","1050","870","0","1400","1036","4","10","10","0.2;0.2;0.2;0.2;0.2","0.3;0.2;0.2;0.2;0.1","0.1;0.3;0.3;0.2;0.1","0.2;0.3;0.2;0.2;0.1","206003","206002","206015","206026","","","","1001","333","333","333","","","","0","0","0","0","","","","","-1.0","-1.0","-1.0","-1.0","-1.0","-1","-1","-1","-1.0","-1","-1","-1","-1.0","-1","-1.0","-1","-1","-1","-1.0","-1","-1.0","-1","-1.0","-1","0","0","0","0","0","0","0","2.0","2.0","2.0","2.0","2.0","2.0","","1.0","1.0","1.0","1.0","1.0","1.0",""
"22007","骷髅怪","牛头","","","","","1","","0","4","1","","","2","1","0","0","500208","1","0","5","0","0","150","1","true","666","0","-1","0","0","50","1","5","1","1","1","1","1","3140","1165","1050","870","0","1450","1036","4","10","10","0.2;0.2;0.2;0.2;0.2","0.3;0.2;0.2;0.2;0.1","0.1;0.3;0.3;0.2;0.1","0.2;0.3;0.2;0.2;0.1","206003","206002","206015","206026","","","","1001","333","333","333","","","","0","0","0","0","","","","","-1.0","-1.0","-1.0","-1.0","-1.0","-1","-1","-1","-1.0","-1","-1","-1","-1.0","-1","-1.0","-1","-1","-1","-1.0","-1","-1.0","-1","-1.0","-1","0","0","0","0","0","0","0","2.0","2.0","2.0","2.0","2.0","2.0","","1.0","1.0","1.0","1.0","1.0","1.0",""
"22008","老虎","牛头","","","","","1","","0","4","1","","","2","1","0","0","500209","1","0","5","0","0","150","1","true","666","0","-1","0","0","50","1","5","1","1","1","1","1","3140","1165","1050","870","0","1450","1036","4","10","10","0.2;0.2;0.2;0.2;0.2","0.3;0.2;0.2;0.2;0.1","0.1;0.3;0.3;0.2;0.1","0.2;0.3;0.2;0.2;0.1","206003","206002","206015","206026","","","","1001","333","333","333","","","","0","0","0","0","","","","","-1.0","-1.0","-1.0","-1.0","-1.0","-1","-1","-1","-1.0","-1","-1","-1","-1.0","-1","-1.0","-1","-1","-1","-1.0","-1","-1.0","-1","-1.0","-1","0","0","0","0","0","0","0","2.0","2.0","2.0","2.0","2.0","2.0","","1.0","1.0","1.0","1.0","1.0","1.0",""
"22009","强盗","马面","","","","","1","","0","4","1","","","2","1","0","0","500210","1","0","5","0","0","150","1","true","666","0","-1","0","0","50","1","5","1","1","1","1","1","3140","1745","695","695","0","1350","1036","4","10","10","0.2;0.2;0.2;0.2;0.2","0.3;0.2;0.2;0.2;0.1","0.1;0.3;0.3;0.2;0.1","0.2;0.3;0.2;0.2;0.1","207001","206033","206011","206023","","","","1001","333","333","333","","","","0","0","0","0","","","","","-1.0","-1.0","-1.0","-1.0","-1.0","-1","-1","-1","-1.0","-1","-1","-1","-1.0","-1","-1.0","-1","-1","-1","-1.0","-1","-1.0","-1","-1.0","-1","0","0","0","0","0","0","0","2.0","2.0","2.0","2.0","2.0","2.0","","1.0","1.0","1.0","1.0","1.0","1.0",""
"22010","山贼","马面","","","","","1","","0","4","1","","","2","1","0","0","500211","1","0","5","0","0","150","1","true","666","0","-1","0","0","50","1","5","1","1","1","1","1","3140","1745","695","695","0","1250","1036","4","10","10","0.2;0.2;0.2;0.2;0.2","0.3;0.2;0.2;0.2;0.1","0.1;0.3;0.3;0.2;0.1","0.2;0.3;0.2;0.2;0.1","207001","206033","206011","206023","","","","1001","333","333","333","","","","0","0","0","0","","","","","-1.0","-1.0","-1.0","-1.0","-1.0","-1","-1","-1","-1.0","-1","-1","-1","-1.0","-1","-1.0","-1","-1","-1","-1.0","-1","-1.0","-1","-1.0","-1","0","0","0","0","0","0","0","2.0","2.0","2.0","2.0","2.0","2.0","","1.0","1.0","1.0","1.0","1.0","1.0",""
"22011","羊头怪","龟丞相","","","","","1","","0","4","1","","","2","1","0","0","500212","1","0","5","0","0","150","1","true","666","0","-1","0","0","50","1","5","1","1","1","1","1","2095","1165","1050","870","0","1450","1036","4","10","10","0.2;0.2;0.2;0.2;0.2","0.3;0.2;0.2;0.2;0.1","0.1;0.3;0.3;0.2;0.1","0.2;0.3;0.2;0.2;0.1","206004","206001","206018","206033","","","","1001","333","333","333","","","","0","0","0","0","","","","","-1.0","-1.0","-1.0","-1.0","-1.0","-1","-1","-1","-1.0","-1","-1","-1","-1.0","-1","-1.0","-1","-1","-1","-1.0","-1","-1.0","-1","-1.0","-1","0","0","0","0","0","0","0","2.0","2.0","2.0","2.0","2.0","2.0","","1.0","1.0","1.0","1.0","1.0","1.0",""
"22012","孤魂野鬼","虾兵","","","","","1","","0","4","1","","","2","1","0","0","500213","1","0","5","0","0","150","1","true","666","0","-1","0","0","50","1","5","1","1","1","1","1","3240","1800","720","720","0","1250","1066","4","10","10","0.2;0.2;0.2;0.2;0.2","0.3;0.2;0.2;0.2;0.1","0.1;0.3;0.3;0.2;0.1","0.2;0.3;0.2;0.2;0.1","206066","207008","206054","206053","","","","1001","333","333","333","","","","0","500","0","0","","","","","-1.0","-1.0","-1.0","-1.0","-1.0","-1","-1","-1","-1.0","-1","-1","-1","-1.0","-1","-1.0","-1","-1","-1","-1.0","-1","-1.0","-1","-1.0","-1","0","0","0","0","0","0","0","2.0","2.0","2.0","2.0","2.0","2.0","","1.0","1.0","1.0","1.0","1.0","1.0",""
"22013","狼","虾兵","","","","","1","","0","4","1","","","2","1","0","0","500214","1","0","5","0","0","150","1","true","666","0","-1","0","0","50","1","5","1","1","1","1","1","3240","1800","720","720","0","1450","1066","4","10","10","0.2;0.2;0.2;0.2;0.2","0.3;0.2;0.2;0.2;0.1","0.1;0.3;0.3;0.2;0.1","0.2;0.3;0.2;0.2;0.1","206066","207008","206054","206053","","","","1001","333","333","333","","","","0","500","0","0","","","","","-1.0","-1.0","-1.0","-1.0","-1.0","-1","-1","-1","-1.0","-1","-1","-1","-1.0","-1","-1.0","-1","-1","-1","-1.0","-1","-1.0","-1","-1.0","-1","0","0","0","0","0","0","0","2.0","2.0","2.0","2.0","2.0","2.0","","1.0","1.0","1.0","1.0","1.0","1.0",""
"22014","牛妖","虾兵","","","","","1","","0","4","1","","","2","1","0","0","500215","1","0","5","0","0","150","1","true","666","0","-1","0","0","50","1","5","1","1","1","1","1","3240","1800","720","720","0","1450","1066","4","10","10","0.2;0.2;0.2;0.2;0.2","0.3;0.2;0.2;0.2;0.1","0.1;0.3;0.3;0.2;0.1","0.2;0.3;0.2;0.2;0.1","206066","207008","206054","206053","","","","1001","333","333","333","","","","0","500","0","0","","","","","-1.0","-1.0","-1.0","-1.0","-1.0","-1","-1","-1","-1.0","-1","-1","-1","-1.0","-1","-1.0","-1","-1","-1","-1.0","-1","-1.0","-1","-1.0","-1","0","0","0","0","0","0","0","2.0","2.0","2.0","2.0","2.0","2.0","","1.0","1.0","1.0","1.0","1.0","1.0",""
"22015","虾兵","蟹将","","","","","1","","0","4","1","","","2","1","0","0","500216","1","0","5","0","0","150","1","true","666","0","-1","0","0","50","1","5","1","1","1","1","1","2700","1200","1080","720","0","1200","1066","4","10","10","0.2;0.2;0.2;0.2;0.2","0.3;0.2;0.2;0.2;0.1","0.1;0.3;0.3;0.2;0.1","0.2;0.3;0.2;0.2;0.1","206067","206002","206001","206026","","","","1001","333","333","333","","","","0","0","0","0","","","","","-1.0","-1.0","-1.0","-1.0","-1.0","-1","-1","-1","-1.0","-1","-1","-1","-1.0","-1","-1.0","-1","-1","-1","-1.0","-1","-1.0","-1","-1.0","-1","0","0","0","0","0","0","0","2.0","2.0","2.0","2.0","2.0","2.0","","1.0","1.0","1.0","1.0","1.0","1.0",""
"22016","蟹将","蟹将","","","","","1","","0","4","1","","","2","1","0","0","500217","1","0","5","0","0","150","1","true","666","0","-1","0","0","50","1","5","1","1","1","1","1","2700","1200","1080","720","0","1350","1066","4","10","10","0.2;0.2;0.2;0.2;0.2","0.3;0.2;0.2;0.2;0.1","0.1;0.3;0.3;0.2;0.1","0.2;0.3;0.2;0.2;0.1","206067","206002","206001","206026","","","","1001","333","333","333","","","","0","0","0","0","","","","","-1.0","-1.0","-1.0","-1.0","-1.0","-1","-1","-1","-1.0","-1","-1","-1","-1.0","-1","-1.0","-1","-1","-1","-1.0","-1","-1.0","-1","-1.0","-1","0","0","0","0","0","0","0","2.0","2.0","2.0","2.0","2.0","2.0","","1.0","1.0","1.0","1.0","1.0","1.0",""
"22017","马面","远古瑞兽","","","","","1","","0","4","1","","","2","1","0","0","500218","1","0","5","0","0","150","1","true","666","0","-1","0","0","50","1","5","1","1","1","1","1","3240","1200","1080","720","0","1500","1066","4","10","10","0.2;0.2;0.2;0.2;0.2","0.3;0.2;0.2;0.2;0.1","0.1;0.3;0.3;0.2;0.1","0.2;0.3;0.2;0.2;0.1","206066","206003","206033","206016","","","","1001","333","333","333","","","","0","0","0","0","","","","","-1.0","-1.0","-1.0","-1.0","-1.0","-1","-1","-1","-1.0","-1","-1","-1","-1.0","-1","-1.0","-1","-1","-1","-1.0","-1","-1.0","-1","-1.0","-1","0","0","0","0","0","0","0","2.0","2.0","2.0","2.0","2.0","2.0","","1.0","1.0","1.0","1.0","1.0","1.0",""
"22018","牛头","野猪","","","","","1","","0","4","1","","","2","1","0","0","500219","1","0","5","0","0","150","1","true","666","0","-1","0","0","50","1","5","1","1","1","1","1","3365","1245","1125","935","0","1400","1096","4","10","10","0.2;0.2;0.2;0.2;0.2","0.3;0.2;0.2;0.2;0.1","0.1;0.3;0.3;0.2;0.1","0.2;0.3;0.2;0.2;0.1","206053","206050","206037","206020","","","","1001","333","333","333","","","","0","0","0","0","","","","","-1.0","-1.0","-1.0","-1.0","-1.0","-1","-1","-1","-1.0","-1","-1","-1","-1.0","-1","-1.0","-1","-1","-1","-1.0","-1","-1.0","-1","-1.0","-1","0","0","0","0","0","0","0","2.0","2.0","2.0","2.0","2.0","2.0","","1.0","1.0","1.0","1.0","1.0","1.0",""
"22019","千年僵尸","野猪","","","","","1","","0","4","1","","","2","1","0","0","500220","1","0","5","0","0","150","1","true","666","0","-1","0","0","50","1","5","1","1","1","1","1","3365","1245","1125","935","0","1550","1096","4","10","10","0.2;0.2;0.2;0.2;0.2","0.3;0.2;0.2;0.2;0.1","0.1;0.3;0.3;0.2;0.1","0.2;0.3;0.2;0.2;0.1","206053","206050","206037","206020","","","","1001","333","333","333","","","","0","0","0","0","","","","","-1.0","-1.0","-1.0","-1.0","-1.0","-1","-1","-1","-1.0","-1","-1","-1","-1.0","-1","-1.0","-1","-1","-1","-1.0","-1","-1.0","-1","-1.0","-1","0","0","0","0","0","0","0","2.0","2.0","2.0","2.0","2.0","2.0","","1.0","1.0","1.0","1.0","1.0","1.0",""
"22020","蜘蛛精","野猪","","","","","1","","0","4","1","","","2","1","0","0","500221","1","0","5","0","0","150","1","true","666","0","-1","0","0","50","1","5","1","1","1","1","1","3365","1245","1125","935","0","1550","1096","4","10","10","0.2;0.2;0.2;0.2;0.2","0.3;0.2;0.2;0.2;0.1","0.1;0.3;0.3;0.2;0.1","0.2;0.3;0.2;0.2;0.1","206053","206050","206037","206020","","","","1001","333","333","333","","","","0","0","0","0","","","","","-1.0","-1.0","-1.0","-1.0","-1.0","-1","-1","-1","-1.0","-1","-1","-1","-1.0","-1","-1.0","-1","-1","-1","-1.0","-1","-1.0","-1","-1.0","-1","0","0","0","0","0","0","0","2.0","2.0","2.0","2.0","2.0","2.0","","1.0","1.0","1.0","1.0","1.0","1.0",""
"22021","古代瑞兽","吸血蝙蝠","","","","","1","","0","4","1","","","2","1","0","0","500222","1","0","5","0","0","150","1","true","666","0","-1","0","0","50","1","5","1","1","1","1","1","2810","1245","1125","750","0","1500","1096","4","10","10","0.2;0.2;0.2;0.2;0.2","0.3;0.2;0.2;0.2;0.1","0.1;0.3;0.3;0.2;0.1","0.2;0.3;0.2;0.2;0.1","206049","206019","206072","206037","","","","1001","333","333","333","","","","0","0","0","0","","","","","-1.0","-1.0","-1.0","-1.0","-1.0","-1","-1","-1","-1.0","-1","-1","-1","-1.0","-1","-1.0","-1","-1","-1","-1.0","-1","-1.0","-1","-1.0","-1","0","0","0","0","0","0","0","2.0","2.0","2.0","2.0","2.0","2.0","","1.0","1.0","1.0","1.0","1.0","1.0",""
"22022","雷鸟人","吸血蝙蝠","","","","","1","","0","4","1","","","2","1","0","0","500223","1","0","5","0","0","150","1","true","666","0","-1","0","0","50","1","5","1","1","1","1","1","2810","1245","1125","750","0","1200","1096","4","10","10","0.2;0.2;0.2;0.2;0.2","0.3;0.2;0.2;0.2;0.1","0.1;0.3;0.3;0.2;0.1","0.2;0.3;0.2;0.2;0.1","206049","206019","206072","206037","","","","1001","333","333","333","","","","0","0","0","0","","","","","-1.0","-1.0","-1.0","-1.0","-1.0","-1","-1","-1","-1.0","-1","-1","-1","-1.0","-1","-1.0","-1","-1","-1","-1.0","-1","-1.0","-1","-1.0","-1","0","0","0","0","0","0","0","2.0","2.0","2.0","2.0","2.0","2.0","","1.0","1.0","1.0","1.0","1.0","1.0",""
"22023","兔子怪","鲛将军","","","","","1","","0","4","1","","","2","1","0","0","500224","1","0","5","0","0","150","1","true","666","0","-1","0","0","50","1","5","1","1","1","1","1","3365","1875","750","935","0","1200","1096","4","10","10","0.2;0.2;0.2;0.2;0.2","0.3;0.2;0.2;0.2;0.1","0.1;0.3;0.3;0.2;0.1","0.2;0.3;0.2;0.2;0.1","206058","206030","207001","206014","","","","1001","333","333","333","","","","0","0","0","0","","","","","-1.0","-1.0","-1.0","-1.0","-1.0","-1","-1","-1","-1.0","-1","-1","-1","-1.0","-1","-1.0","-1","-1","-1","-1.0","-1","-1.0","-1","-1.0","-1","0","0","0","0","0","0","0","2.0","2.0","2.0","2.0","2.0","2.0","","1.0","1.0","1.0","1.0","1.0","1.0",""
"22024","地狱战神","千年僵尸","","","","","1","","0","4","1","","","2","1","0","0","500225","1","0","5","0","0","150","1","true","666","0","-1","0","0","50","1","5","1","1","1","1","1","2915","1295","1165","780","0","1200","1126","4","10","10","0.2;0.2;0.2;0.2;0.2","0.3;0.2;0.2;0.2;0.1","0.1;0.3;0.3;0.2;0.1","0.2;0.3;0.2;0.2;0.1","206005","206019","206037","206001","","","","1001","333","333","333","","","","0","0","0","0","","","","","-1.0","-1.0","-1.0","-1.0","-1.0","-1","-1","-1","-1.0","-1","-1","-1","-1.0","-1","-1.0","-1","-1","-1","-1.0","-1","-1.0","-1","-1.0","-1","0","0","0","0","0","0","0","2.0","2.0","2.0","2.0","2.0","2.0","","1.0","1.0","1.0","1.0","1.0","1.0",""
"22025","风波","千年僵尸","","","","","1","","0","4","1","","","2","1","0","0","500226","1","0","5","0","0","150","1","true","666","0","-1","0","0","50","1","5","1","1","1","1","1","2915","1295","1165","780","0","1450","1126","4","10","10","0.2;0.2;0.2;0.2;0.2","0.3;0.2;0.2;0.2;0.1","0.1;0.3;0.3;0.2;0.1","0.2;0.3;0.2;0.2;0.1","206005","206019","206037","206001","","","","1001","333","333","333","","","","0","0","0","0","","","","","-1.0","-1.0","-1.0","-1.0","-1.0","-1","-1","-1","-1.0","-1","-1","-1","-1.0","-1","-1.0","-1","-1","-1","-1.0","-1","-1.0","-1","-1.0","-1","0","0","0","0","0","0","0","2.0","2.0","2.0","2.0","2.0","2.0","","1.0","1.0","1.0","1.0","1.0","1.0",""
"22026","天兵","千年僵尸","","","","","1","","0","4","1","","","2","1","0","0","500227","1","0","5","0","0","150","1","true","666","0","-1","0","0","50","1","5","1","1","1","1","1","2915","1295","1165","780","0","1450","1126","4","10","10","0.2;0.2;0.2;0.2;0.2","0.3;0.2;0.2;0.2;0.1","0.1;0.3;0.3;0.2;0.1","0.2;0.3;0.2;0.2;0.1","206005","206019","206037","206001","","","","1001","333","333","333","","","","0","0","0","0","","","","","-1.0","-1.0","-1.0","-1.0","-1.0","-1","-1","-1","-1.0","-1","-1","-1","-1.0","-1","-1.0","-1","-1","-1","-1.0","-1","-1.0","-1","-1.0","-1","0","0","0","0","0","0","0","2.0","2.0","2.0","2.0","2.0","2.0","","1.0","1.0","1.0","1.0","1.0","1.0",""
"22027","凤凰仙子","孤魂野鬼","","","","","1","","0","4","1","","","2","1","0","0","500228","1","0","5","0","0","150","1","true","666","0","-1","0","0","50","1","5","1","1","1","1","1","2335","1940","780","1165","0","1250","1126","4","10","10","0.2;0.2;0.2;0.2;0.2","0.3;0.2;0.2;0.2;0.1","0.1;0.3;0.3;0.2;0.1","0.2;0.3;0.2;0.2;0.1","206029","206032","207003","206006","","","","1001","333","333","333","","","","0","500","0","0","","","","","-1.0","-1.0","-1.0","-1.0","-1.0","-1","-1","-1","-1.0","-1","-1","-1","-1.0","-1","-1.0","-1","-1","-1","-1.0","-1","-1.0","-1","-1.0","-1","0","0","0","0","0","0","0","2.0","2.0","2.0","2.0","2.0","2.0","","1.0","1.0","1.0","1.0","1.0","1.0",""
"22028","蛟龙","孤魂野鬼","","","","","1","","0","4","1","","","2","1","0","0","500229","1","0","5","0","0","150","1","true","666","0","-1","0","0","50","1","5","1","1","1","1","1","2335","1940","780","1165","0","1700","1126","4","10","10","0.2;0.2;0.2;0.2;0.2","0.3;0.2;0.2;0.2;0.1","0.1;0.3;0.3;0.2;0.1","0.2;0.3;0.2;0.2;0.1","206029","206032","207003","206006","","","","1001","333","333","333","","","","0","500","0","0","","","","","-1.0","-1.0","-1.0","-1.0","-1.0","-1","-1","-1","-1.0","-1","-1","-1","-1.0","-1","-1.0","-1","-1","-1","-1.0","-1","-1.0","-1","-1.0","-1","0","0","0","0","0","0","0","2.0","2.0","2.0","2.0","2.0","2.0","","1.0","1.0","1.0","1.0","1.0","1.0",""
"22029","嘲风","布雨神君","","","","","1","","0","4","1","","","2","1","0","0","500230","1","0","5","0","0","150","1","true","666","0","-1","0","0","50","1","5","1","1","1","1","1","3500","1620","1165","780","0","1800","1126","4","10","10","0.2;0.2;0.2;0.2;0.2","0.3;0.2;0.2;0.2;0.1","0.1;0.3;0.3;0.2;0.1","0.2;0.3;0.2;0.2;0.1","206063","206017","206005","206004","206036","","","1001","1001","333","333","333","","","0","0","0","0","0","","","","-1.0","-1.0","-1.0","-1.0","-1.0","-1","-1","-1","-1.0","-1","-1","-1","-1.0","-1","-1.0","-1","-1","-1","-1.0","-1","-1.0","-1","-1.0","-1","0","0","0","0","0","0","0","2.0","2.0","2.0","2.0","2.0","2.0","","1.0","1.0","1.0","1.0","1.0","1.0",""
"22030","吸血鬼","夜叉","","","","","1","","0","4","1","","","2","1","0","0","500231","1","0","5","0","0","150","1","true","666","0","-1","0","0","50","1","5","1","1","1","1","1","3025","2015","805","1210","0","1750","1156","4","10","10","0.2;0.2;0.2;0.2;0.2","0.3;0.2;0.2;0.2;0.1","0.1;0.3;0.3;0.2;0.1","0.2;0.3;0.2;0.2;0.1","206058","207007","206046","206011","","","","1001","333","333","333","","","","0","500","0","0","","","","","-1.0","-1.0","-1.0","-1.0","-1.0","-1","-1","-1","-1.0","-1","-1","-1","-1.0","-1","-1.0","-1","-1","-1","-1.0","-1","-1.0","-1","-1.0","-1","0","0","0","0","0","0","0","2.0","2.0","2.0","2.0","2.0","2.0","","1.0","1.0","1.0","1.0","1.0","1.0",""
"22031","芙蓉仙子","夜叉","","","","","1","","0","4","1","","","2","1","0","0","500232","1","0","5","0","0","150","1","true","666","0","-1","0","0","50","1","5","1","1","1","1","1","3025","2015","805","1210","0","1800","1156","4","10","10","0.2;0.2;0.2;0.2;0.2","0.3;0.2;0.2;0.2;0.1","0.1;0.3;0.3;0.2;0.1","0.2;0.3;0.2;0.2;0.1","206058","207007","206046","206011","","","","1001","333","333","333","","","","0","500","0","0","","","","","-1.0","-1.0","-1.0","-1.0","-1.0","-1","-1","-1","-1.0","-1","-1","-1","-1.0","-1","-1.0","-1","-1","-1","-1.0","-1","-1.0","-1","-1.0","-1","0","0","0","0","0","0","0","2.0","2.0","2.0","2.0","2.0","2.0","","1.0","1.0","1.0","1.0","1.0","1.0",""
"22032","如意仙子","夜叉","","","","","1","","0","4","1","","","2","1","0","0","500233","1","0","5","0","0","150","1","true","666","0","-1","0","0","50","1","5","1","1","1","1","1","3025","2015","805","1210","0","1800","1156","4","10","10","0.2;0.2;0.2;0.2;0.2","0.3;0.2;0.2;0.2;0.1","0.1;0.3;0.3;0.2;0.1","0.2;0.3;0.2;0.2;0.1","206058","207007","206046","206011","","","","1001","333","333","333","","","","0","500","0","0","","","","","-1.0","-1.0","-1.0","-1.0","-1.0","-1","-1","-1","-1.0","-1","-1","-1","-1.0","-1","-1.0","-1","-1","-1","-1.0","-1","-1.0","-1","-1.0","-1","0","0","0","0","0","0","0","2.0","2.0","2.0","2.0","2.0","2.0","","1.0","1.0","1.0","1.0","1.0","1.0",""
"22033","星灵仙子","幽莹娃娃","","","","","1","","0","4","1","","","2","1","0","0","500234","1","0","5","0","0","150","1","true","666","0","-1","0","0","50","1","5","1","1","1","1","1","3630","1340","1010","1210","0","1850","1156","4","10","10","0.2;0.2;0.2;0.2;0.2","0.3;0.2;0.2;0.2;0.1","0.1;0.3;0.3;0.2;0.1","0.2;0.3;0.2;0.2;0.1","206058","206057","206067","206001","","","","1001","333","333","333","","","","0","0","0","0","","","","","-1.0","-1.0","-1.0","-1.0","-1.0","-1","-1","-1","-1.0","-1","-1","-1","-1.0","-1","-1.0","-1","-1","-1","-1.0","-1","-1.0","-1","-1.0","-1","0","0","0","0","0","0","0","2.0","2.0","2.0","2.0","2.0","2.0","","1.0","1.0","1.0","1.0","1.0","1.0",""
"22034","巡游天神","幽莹娃娃","","","","","1","","0","4","1","","","2","1","0","0","500235","1","0","5","0","0","150","1","true","666","0","-1","0","0","50","1","5","1","1","1","1","1","3630","1340","1010","1210","0","1800","1156","4","10","10","0.2;0.2;0.2;0.2;0.2","0.3;0.2;0.2;0.2;0.1","0.1;0.3;0.3;0.2;0.1","0.2;0.3;0.2;0.2;0.1","206058","206057","206067","206001","","","","1001","333","333","333","","","","0","0","0","0","","","","","-1.0","-1.0","-1.0","-1.0","-1.0","-1","-1","-1","-1.0","-1","-1","-1","-1.0","-1","-1.0","-1","-1","-1","-1.0","-1","-1.0","-1","-1.0","-1","0","0","0","0","0","0","0","2.0","2.0","2.0","2.0","2.0","2.0","","1.0","1.0","1.0","1.0","1.0","1.0",""
"22035","律法女娲","鞭笞者","","","","","1","","0","4","1","","","2","1","0","0","500236","1","0","5","0","0","150","1","true","666","0","-1","0","0","50","1","5","1","1","1","1","1","3025","1340","1210","805","0","1850","1156","4","10","10","0.2;0.2;0.2;0.2;0.2","0.3;0.2;0.2;0.2;0.1","0.1;0.3;0.3;0.2;0.1","0.2;0.3;0.2;0.2;0.1","206050","206039","206001","206019","","","","1001","333","333","333","","","","0","0","0","0","","","","","-1.0","-1.0","-1.0","-1.0","-1.0","-1","-1","-1","-1.0","-1","-1","-1","-1.0","-1","-1.0","-1","-1","-1","-1.0","-1","-1.0","-1","-1.0","-1","0","0","0","0","0","0","0","2.0","2.0","2.0","2.0","2.0","2.0","","1.0","1.0","1.0","1.0","1.0","1.0",""
"22036","幽灵","蟠桃童子","","","","","1","","0","4","1","","","2","1","0","0","500237","1","0","5","0","0","150","1","true","666","0","-1","0","0","50","1","5","1","1","1","1","1","3760","1390","1255","835","0","1850","1186","4","10","10","0.2;0.2;0.2;0.2;0.2","0.3;0.2;0.2;0.2;0.1","0.1;0.3;0.3;0.2;0.1","0.2;0.3;0.2;0.2;0.1","206058","206039","206037","206023","","","","1001","333","333","333","","","","0","0","0","0","0","","","","-1.0","-1.0","-1.0","-1.0","-1.0","-1","-1","-1","-1.0","-1","-1","-1","-1.0","-1","-1.0","-1","-1","-1","-1.0","-1","-1.0","-1","-1.0","-1","0","0","0","0","0","0","0","2.0","2.0","2.0","2.0","2.0","2.0","","1.0","1.0","1.0","1.0","1.0","1.0",""
"22037","鬼将","蟠桃童子","","","","","1","","0","4","1","","","2","1","0","0","500238","1","0","5","0","0","150","1","true","666","0","-1","0","0","50","1","5","1","1","1","1","1","3760","1390","1255","835","0","1850","1186","4","10","10","0.2;0.2;0.2;0.2;0.2","0.3;0.2;0.2;0.2;0.1","0.1;0.3;0.3;0.2;0.1","0.2;0.3;0.2;0.2;0.1","206058","206039","206037","206023","","","","1001","333","333","333","","","","0","0","0","0","0","","","","-1.0","-1.0","-1.0","-1.0","-1.0","-1","-1","-1","-1.0","-1","-1","-1","-1.0","-1","-1.0","-1","-1","-1","-1.0","-1","-1.0","-1","-1.0","-1","0","0","0","0","0","0","0","2.0","2.0","2.0","2.0","2.0","2.0","","1.0","1.0","1.0","1.0","1.0","1.0",""
"22038","净瓶女娲","蟠桃童子","","","","","1","","0","4","1","","","2","1","0","0","500239","1","0","5","0","0","150","1","true","666","0","-1","0","0","50","1","5","1","1","1","1","1","3760","1390","1255","835","0","1850","1186","4","10","10","0.2;0.2;0.2;0.2;0.2","0.3;0.2;0.2;0.2;0.1","0.1;0.3;0.3;0.2;0.1","0.2;0.3;0.2;0.2;0.1","206058","206039","206037","206023","","","","1001","333","333","333","","","","0","0","0","0","0","","","","-1.0","-1.0","-1.0","-1.0","-1.0","-1","-1","-1","-1.0","-1","-1","-1","-1.0","-1","-1.0","-1","-1","-1","-1.0","-1","-1.0","-1","-1.0","-1","0","0","0","0","0","0","0","2.0","2.0","2.0","2.0","2.0","2.0","","1.0","1.0","1.0","1.0","1.0","1.0",""
"22039","灵符女娲","天兵","","","","","1","","0","4","1","","","2","1","0","0","500240","1","0","5","0","0","150","1","true","666","0","-1","0","0","50","1","5","1","1","1","1","1","2505","2090","835","1255","0","1850","1186","4","10","10","0.2;0.2;0.2;0.2;0.2","0.3;0.2;0.2;0.2;0.1","0.1;0.3;0.3;0.2;0.1","0.2;0.3;0.2;0.2;0.1","206059","207005","206043","206060","","","","1001","333","333","333","","","","0","500","0","0","","","","","-1.0","-1.0","-1.0","-1.0","-1.0","-1","-1","-1","-1.0","-1","-1","-1","-1.0","-1","-1.0","-1","-1","-1","-1.0","-1","-1.0","-1","-1.0","-1","0","0","0","0","0","0","0","2.0","2.0","2.0","2.0","2.0","2.0","","1.0","1.0","1.0","1.0","1.0","1.0",""
"22040","巴蛇","天兵","","","","","1","","0","4","1","","","2","1","0","0","500241","1","0","5","0","0","150","1","true","666","0","-1","0","0","50","1","5","1","1","1","1","1","2505","2090","835","1255","0","1850","1186","4","10","10","0.2;0.2;0.2;0.2;0.2","0.3;0.2;0.2;0.2;0.1","0.1;0.3;0.3;0.2;0.1","0.2;0.3;0.2;0.2;0.1","206059","207005","206043","206060","","","","1001","333","333","333","","","","0","500","0","0","","","","","-1.0","-1.0","-1.0","-1.0","-1.0","-1","-1","-1","-1.0","-1","-1","-1","-1.0","-1","-1.0","-1","-1","-1","-1.0","-1","-1.0","-1","-1.0","-1","0","0","0","0","0","0","0","2.0","2.0","2.0","2.0","2.0","2.0","","1.0","1.0","1.0","1.0","1.0","1.0",""
"22041","大力金刚","芙蓉仙子","","","","","1","","0","4","1","","","2","1","0","0","500242","1","0","5","0","0","150","1","true","666","0","-1","0","0","50","1","5","1","1","1","1","1","3760","1740","1255","835","0","1850","1186","4","10","10","0.2;0.2;0.2;0.2;0.2","0.3;0.2;0.2;0.2;0.1","0.1;0.3;0.3;0.2;0.1","0.2;0.3;0.2;0.2;0.1","206066","206072","206003","206028","206033","","","1001","1001","333","333","333","","","0","0","0","0","","","","","-1.0","-1.0","-1.0","-1.0","-1.0","-1","-1","-1","-1.0","-1","-1","-1","-1.0","-1","-1.0","-1","-1","-1","-1.0","-1","-1.0","-1","-1.0","-1","0","0","0","0","0","0","0","2.0","2.0","2.0","2.0","2.0","2.0","","1.0","1.0","1.0","1.0","1.0","1.0",""
"22042","灵鹤","绿飞龙","","","","","1","","0","4","1","","","2","1","0","0","500243","1","0","5","0","0","150","1","true","666","0","-1","0","0","50","1","5","1","1","1","1","1","3890","2160","865","865","0","1850","1216","4","10","10","0.2;0.2;0.2;0.2;0.2","0.3;0.2;0.2;0.2;0.1","0.1;0.3;0.3;0.2;0.1","0.2;0.3;0.2;0.2;0.1","206056","207008","206043","206045","","","","1001","333","333","333","","","","0","0","0","0","","","","","-1.0","-1.0","-1.0","-1.0","-1.0","-1","-1","-1","-1.0","-1","-1","-1","-1.0","-1","-1.0","-1","-1","-1","-1.0","-1","-1.0","-1","-1.0","-1","0","0","0","0","0","0","0","2.0","2.0","2.0","2.0","2.0","2.0","","1.0","1.0","1.0","1.0","1.0","1.0",""
"22043","龙龟","绿飞龙","","","","","1","","0","4","1","","","2","1","0","0","500244","1","0","5","0","0","150","1","true","666","0","-1","0","0","50","1","5","1","1","1","1","1","3890","2160","865","865","0","1850","1216","4","10","10","0.2;0.2;0.2;0.2;0.2","0.3;0.2;0.2;0.2;0.1","0.1;0.3;0.3;0.2;0.1","0.2;0.3;0.2;0.2;0.1","206056","207008","206043","206045","","","","1001","333","333","333","","","","0","0","0","0","","","","","-1.0","-1.0","-1.0","-1.0","-1.0","-1","-1","-1","-1.0","-1","-1","-1","-1.0","-1","-1.0","-1","-1","-1","-1.0","-1","-1.0","-1","-1.0","-1","0","0","0","0","0","0","0","2.0","2.0","2.0","2.0","2.0","2.0","","1.0","1.0","1.0","1.0","1.0","1.0",""
"22044","噬天虎","绿飞龙","","","","","1","","0","4","1","","","2","1","0","0","500245","1","0","5","0","0","150","1","true","666","0","-1","0","0","50","1","5","1","1","1","1","1","3890","2160","865","865","0","1850","1216","4","10","10","0.2;0.2;0.2;0.2;0.2","0.3;0.2;0.2;0.2;0.1","0.1;0.3;0.3;0.2;0.1","0.2;0.3;0.2;0.2;0.1","206056","207008","206043","206045","","","","1001","333","333","333","","","","0","0","0","0","","","","","-1.0","-1.0","-1.0","-1.0","-1.0","-1","-1","-1","-1.0","-1","-1","-1","-1.0","-1","-1.0","-1","-1","-1","-1.0","-1","-1.0","-1","-1.0","-1","0","0","0","0","0","0","0","2.0","2.0","2.0","2.0","2.0","2.0","","1.0","1.0","1.0","1.0","1.0","1.0",""
"22045","夜罗刹","猴小仙","","","","","1","","0","4","1","","","2","1","0","0","500246","1","0","5","0","0","150","1","true","666","0","-1","0","0","50","1","5","1","1","1","1","1","2590","1440","1295","1080","0","1850","1216","4","10","10","0.2;0.2;0.2;0.2;0.2","0.3;0.2;0.2;0.2;0.1","0.1;0.3;0.3;0.2;0.1","0.2;0.3;0.2;0.2;0.1","206001","206056","206065","206005","","","","1001","333","333","333","","","","0","500","0","0","","","","","-1.0","-1.0","-1.0","-1.0","-1.0","-1","-1","-1","-1.0","-1","-1","-1","-1.0","-1","-1.0","-1","-1","-1","-1.0","-1","-1.0","-1","-1.0","-1","0","0","0","0","0","0","0","2.0","2.0","2.0","2.0","2.0","2.0","","1.0","1.0","1.0","1.0","1.0","1.0",""
"22046","踏云兽","猴小仙","","","","","1","","0","4","1","","","2","1","0","0","500247","1","0","5","0","0","150","1","true","666","0","-1","0","0","50","1","5","1","1","1","1","1","2590","1440","1295","1080","0","1850","1216","4","10","10","0.2;0.2;0.2;0.2;0.2","0.3;0.2;0.2;0.2;0.1","0.1;0.3;0.3;0.2;0.1","0.2;0.3;0.2;0.2;0.1","206001","206056","206065","206005","","","","1001","333","333","333","","","","0","500","0","0","","","","","-1.0","-1.0","-1.0","-1.0","-1.0","-1","-1","-1","-1.0","-1","-1","-1","-1.0","-1","-1.0","-1","-1","-1","-1.0","-1","-1.0","-1","-1.0","-1","0","0","0","0","0","0","0","2.0","2.0","2.0","2.0","2.0","2.0","","1.0","1.0","1.0","1.0","1.0","1.0",""
"22047","雾中仙","骨飞龙","","","","","1","","0","4","1","","","2","1","0","0","500248","1","0","5","0","0","150","1","true","666","0","-1","0","0","50","1","5","1","1","1","1","1","3240","1440","865","1295","0","1850","1216","4","10","10","0.2;0.2;0.2;0.2;0.2","0.3;0.2;0.2;0.2;0.1","0.1;0.3;0.3;0.2;0.1","0.2;0.3;0.2;0.2;0.1","206060","206050","206058","206059","","","","1001","333","333","333","","","","0","0","0","0","","","","","-1.0","-1.0","-1.0","-1.0","-1.0","-1","-1","-1","-1.0","-1","-1","-1","-1.0","-1","-1.0","-1","-1","-1","-1.0","-1","-1.0","-1","-1.0","-1","0","0","0","0","0","0","0","2.0","2.0","2.0","2.0","2.0","2.0","","1.0","1.0","1.0","1.0","1.0","1.0",""
"22048","炎魔神","炎魔使者","","","","","1","","0","4","1","","","2","1","0","0","500249","1","0","5","0","0","150","1","true","666","0","-1","0","0","50","1","5","1","1","1","1","1","4020","2230","890","1115","0","1850","1246","4","10","10","0.2;0.2;0.2;0.2;0.2","0.3;0.2;0.2;0.2;0.1","0.1;0.3;0.3;0.2;0.1","0.2;0.3;0.2;0.2;0.1","206070","207005","206051","206060","","","","1001","333","333","333","","","","0","0","500","0","0","","","","-1.0","-1.0","-1.0","-1.0","-1.0","-1","-1","-1","-1.0","-1","-1","-1","-1.0","-1","-1.0","-1","-1","-1","-1.0","-1","-1.0","-1","-1.0","-1","0","0","0","0","0","0","0","2.0","2.0","2.0","2.0","2.0","2.0","","1.0","1.0","1.0","1.0","1.0","1.0",""
"22049","修罗傀儡鬼","炎魔使者","","","","","1","","0","4","1","","","2","1","0","0","500250","1","0","5","0","0","150","1","true","666","0","-1","0","0","50","1","5","1","1","1","1","1","4020","2230","890","1115","0","1250","1246","4","10","10","0.2;0.2;0.2;0.2;0.2","0.3;0.2;0.2;0.2;0.1","0.1;0.3;0.3;0.2;0.1","0.2;0.3;0.2;0.2;0.1","206070","207005","206051","206060","","","","1001","333","333","333","","","","0","0","500","0","0","","","","-1.0","-1.0","-1.0","-1.0","-1.0","-1","-1","-1","-1.0","-1","-1","-1","-1.0","-1","-1.0","-1","-1","-1","-1.0","-1","-1.0","-1","-1.0","-1","0","0","0","0","0","0","0","2.0","2.0","2.0","2.0","2.0","2.0","","1.0","1.0","1.0","1.0","1.0","1.0",""
"22050","修罗傀儡妖","炎魔使者","","","","","1","","0","4","1","","","2","1","0","0","500251","1","0","5","0","0","150","1","true","666","0","-1","0","0","50","1","5","1","1","1","1","1","4020","2230","890","1115","0","1250","1246","4","10","10","0.2;0.2;0.2;0.2;0.2","0.3;0.2;0.2;0.2;0.1","0.1;0.3;0.3;0.2;0.1","0.2;0.3;0.2;0.2;0.1","206070","207005","206051","206060","","","","1001","333","333","333","","","","0","0","500","0","0","","","","-1.0","-1.0","-1.0","-1.0","-1.0","-1","-1","-1","-1.0","-1","-1","-1","-1.0","-1","-1.0","-1","-1","-1","-1.0","-1","-1.0","-1","-1.0","-1","0","0","0","0","0","0","0","2.0","2.0","2.0","2.0","2.0","2.0","","1.0","1.0","1.0","1.0","1.0","1.0",""
"22051","狂豹","凤凰仙子","","","","","1","","0","4","1","","","2","1","0","0","500252","1","0","5","0","0","150","1","true","666","0","-1","0","0","50","1","5","1","1","1","1","1","4020","1860","1115","1340","0","1200","1246","4","10","10","0.2;0.2;0.2;0.2;0.2","0.3;0.2;0.2;0.2;0.1","0.1;0.3;0.3;0.2;0.1","0.2;0.3;0.2;0.2;0.1","206050","206058","206057","206067","","","","1001","333","333","333","","","","0","0","0","0","","","","","-1.0","-1.0","-1.0","-1.0","-1.0","-1","-1","-1","-1.0","-1","-1","-1","-1.0","-1","-1.0","-1","-1","-1","-1.0","-1","-1.0","-1","-1.0","-1","0","0","0","0","0","0","0","2.0","2.0","2.0","2.0","2.0","2.0","","1.0","1.0","1.0","1.0","1.0","1.0",""
"22052","罗汉","凤凰仙子","","","","","1","","0","4","1","","","2","1","0","0","500253","1","0","5","0","0","150","1","true","666","0","-1","0","0","50","1","5","1","1","1","1","1","4020","1860","1115","1340","0","1300","1246","4","10","10","0.2;0.2;0.2;0.2;0.2","0.3;0.2;0.2;0.2;0.1","0.1;0.3;0.3;0.2;0.1","0.2;0.3;0.2;0.2;0.1","206050","206058","206057","206067","","","","1001","333","333","333","","","","0","0","0","0","","","","","-1.0","-1.0","-1.0","-1.0","-1.0","-1","-1","-1","-1.0","-1","-1","-1","-1.0","-1","-1.0","-1","-1","-1","-1.0","-1","-1.0","-1","-1.0","-1","0","0","0","0","0","0","0","2.0","2.0","2.0","2.0","2.0","2.0","","1.0","1.0","1.0","1.0","1.0","1.0",""
"22053","腾蛇","鬼剑","","","","","1","","0","4","1","","","2","1","0","0","500254","1","0","5","0","0","150","1","true","666","0","-1","0","0","50","1","5","1","1","1","1","1","2680","2230","890","1340","0","1350","1246","4","10","10","0.2;0.2;0.2;0.2;0.2","0.3;0.2;0.2;0.2;0.1","0.1;0.3;0.3;0.2;0.1","0.2;0.3;0.2;0.2;0.1","206043","207006","206046","206045","","","","1001","333","333","333","","","","0","500","0","0","","","","","-1.0","-1.0","-1.0","-1.0","-1.0","-1","-1","-1","-1.0","-1","-1","-1","-1.0","-1","-1.0","-1","-1","-1","-1.0","-1","-1.0","-1","-1.0","-1","0","0","0","0","0","0","0","2.0","2.0","2.0","2.0","2.0","2.0","","1.0","1.0","1.0","1.0","1.0","1.0",""
"22054","蓝龙","忘川童子","","","","","1","","0","4","1","","","2","1","0","0","500255","1","0","5","0","0","150","1","true","666","0","-1","0","0","50","1","5","1","1","1","1","1","2765","1535","1380","1155","0","1300","1276","4","10","10","0.2;0.2;0.2;0.2;0.2","0.3;0.2;0.2;0.2;0.1","0.1;0.3;0.3;0.2;0.1","0.2;0.3;0.2;0.2;0.1","206072","206052","206058","206038","206051","","","1001","333","333","333","333","","","0","0","0","0","","","","","-1.0","-1.0","-1.0","-1.0","-1.0","-1","-1","-1","-1.0","-1","-1","-1","-1.0","-1","-1.0","-1","-1","-1","-1.0","-1","-1.0","-1","-1.0","-1","0","0","0","0","0","0","0","2.0","2.0","2.0","2.0","2.0","2.0","","1.0","1.0","1.0","1.0","1.0","1.0",""
"22055","蝎子精","忘川童子","","","","","1","","0","4","1","","","2","1","0","0","500256","1","0","5","0","0","150","1","true","666","0","-1","0","0","50","1","5","1","1","1","1","1","2765","1535","1380","1155","0","1400","1276","4","10","10","0.2;0.2;0.2;0.2;0.2","0.3;0.2;0.2;0.2;0.1","0.1;0.3;0.3;0.2;0.1","0.2;0.3;0.2;0.2;0.1","206072","206052","206058","206038","206051","","","1001","333","333","333","333","","","0","0","0","0","","","","","-1.0","-1.0","-1.0","-1.0","-1.0","-1","-1","-1","-1.0","-1","-1","-1","-1.0","-1","-1.0","-1","-1","-1","-1.0","-1","-1.0","-1","-1.0","-1","0","0","0","0","0","0","0","2.0","2.0","2.0","2.0","2.0","2.0","","1.0","1.0","1.0","1.0","1.0","1.0",""
"22056","持国","忘川童子","","","","","1","","0","4","1","","","2","1","0","0","500257","1","0","5","0","0","150","1","true","666","0","-1","0","0","50","1","5","1","1","1","1","1","2765","1535","1380","1155","0","1400","1276","4","10","10","0.2;0.2;0.2;0.2;0.2","0.3;0.2;0.2;0.2;0.1","0.1;0.3;0.3;0.2;0.1","0.2;0.3;0.2;0.2;0.1","206072","206052","206058","206038","206051","","","1001","333","333","333","333","","","0","0","0","0","","","","","-1.0","-1.0","-1.0","-1.0","-1.0","-1","-1","-1","-1.0","-1","-1","-1","-1.0","-1","-1.0","-1","-1","-1","-1.0","-1","-1.0","-1","-1.0","-1","0","0","0","0","0","0","0","2.0","2.0","2.0","2.0","2.0","2.0","","1.0","1.0","1.0","1.0","1.0","1.0",""
"22057","百足将军","武罗仙子","","","","","1","","0","4","1","","","2","1","0","0","500258","1","0","5","0","0","150","1","true","666","0","-1","0","0","50","1","5","1","1","1","1","1","4145","1535","1380","920","0","1450","1276","4","10","10","0.2;0.2;0.2;0.2;0.2","0.3;0.2;0.2;0.2;0.1","0.1;0.3;0.3;0.2;0.1","0.2;0.3;0.2;0.2;0.1","206040","206066","206069","206039","206049","","","1001","333","333","333","333","","","0","0","0","0","","","","","-1.0","-1.0","-1.0","-1.0","-1.0","-1","-1","-1","-1.0","-1","-1","-1","-1.0","-1","-1.0","-1","-1","-1","-1.0","-1","-1.0","-1","-1.0","-1","0","0","0","0","0","0","0","2.0","2.0","2.0","2.0","2.0","2.0","","1.0","1.0","1.0","1.0","1.0","1.0",""
"22058","蚌精","武罗仙子","","","","","1","","0","4","1","","","2","1","0","0","500259","1","0","5","0","0","150","1","true","666","0","-1","0","0","50","1","5","1","1","1","1","1","4145","1535","1380","920","0","1350","1276","4","10","10","0.2;0.2;0.2;0.2;0.2","0.3;0.2;0.2;0.2;0.1","0.1;0.3;0.3;0.2;0.1","0.2;0.3;0.2;0.2;0.1","206040","206066","206069","206039","206049","","","1001","333","333","333","333","","","0","0","0","0","","","","","-1.0","-1.0","-1.0","-1.0","-1.0","-1","-1","-1","-1.0","-1","-1","-1","-1.0","-1","-1.0","-1","-1","-1","-1.0","-1","-1.0","-1","-1.0","-1","0","0","0","0","0","0","0","2.0","2.0","2.0","2.0","2.0","2.0","","1.0","1.0","1.0","1.0","1.0","1.0",""
"22059","画魂","噬天虎","","","","","1","","0","4","1","","","2","1","0","0","500260","1","0","5","0","0","150","1","true","666","0","-1","0","0","50","1","5","1","1","1","1","1","4145","2305","920","1155","0","1250","1276","4","10","10","0.2;0.2;0.2;0.2;0.2","0.3;0.2;0.2;0.2;0.1","0.1;0.3;0.3;0.2;0.1","0.2;0.3;0.2;0.2;0.1","207006","206065","206064","206063","206062","","","1001","333","333","333","333","","","500","0","0","0","0","","","","-1.0","-1.0","-1.0","-1.0","-1.0","-1","-1","-1","-1.0","-1","-1","-1","-1.0","-1","-1.0","-1","-1","-1","-1.0","-1","-1.0","-1","-1.0","-1","0","0","0","0","0","0","0","2.0","2.0","2.0","2.0","2.0","2.0","","1.0","1.0","1.0","1.0","1.0","1.0",""
"22060","碧水夜叉","小软精英","","","","","1","","0","4","2","","","2","1","0","0","500261","1","0","5","10","0","150","1","true","666","0","-1","0","0","50","1","5","1","1","1","1","1","2850","1060","950","790","0","1450","976","4","10","10","0.2;0.2;0.2;0.2;0.2","0.3;0.2;0.2;0.2;0.1","0.1;0.3;0.3;0.2;0.1","0.2;0.3;0.2;0.2;0.1","206003","206023","","","","","","333","333","","","","","","0","0","0","","","","","","-1.0","-1.0","-1.0","-1.0","-1.0","-1","-1","-1","-1.0","-1","-1","-1","-1.0","-1","-1.0","-1","-1","-1","-1.0","-1","-1.0","-1","-1.0","-1","0","0","0","0","0","0","0","2.0","2.0","2.0","2.0","2.0","2.0","","1.0","1.0","1.0","1.0","1.0","1.0",""
"22061","花妖","小软精英","","","","","1","","0","4","2","","","2","1","0","0","500262","1","0","5","0","0","150","1","true","666","0","-1","0","0","50","1","5","1","1","1","1","1","2850","1060","950","790","0","1250","976","4","10","10","0.2;0.2;0.2;0.2;0.2","0.3;0.2;0.2;0.2;0.1","0.1;0.3;0.3;0.2;0.1","0.2;0.3;0.2;0.2;0.1","206003","206023","","","","","","333","333","","","","","","0","0","0","","","","","","-1.0","-1.0","-1.0","-1.0","-1.0","-1","-1","-1","-1.0","-1","-1","-1","-1.0","-1","-1.0","-1","-1","-1","-1.0","-1","-1.0","-1","-1.0","-1","0","0","0","0","0","0","0","2.0","2.0","2.0","2.0","2.0","2.0","","1.0","1.0","1.0","1.0","1.0","1.0",""
"22062","蝴蝶仙子","小软精英","","","","","1","","0","4","2","","","2","1","0","0","500263","1","0","5","0","0","150","1","true","666","0","-1","0","0","50","1","5","1","1","1","1","1","2850","1060","950","790","0","1250","976","4","10","10","0.2;0.2;0.2;0.2;0.2","0.3;0.2;0.2;0.2;0.1","0.1;0.3;0.3;0.2;0.1","0.2;0.3;0.2;0.2;0.1","206003","206023","","","","","","333","333","","","","","","0","0","0","","","","","","-1.0","-1.0","-1.0","-1.0","-1.0","-1","-1","-1","-1.0","-1","-1","-1","-1.0","-1","-1.0","-1","-1","-1","-1.0","-1","-1.0","-1","-1.0","-1","0","0","0","0","0","0","0","2.0","2.0","2.0","2.0","2.0","2.0","","1.0","1.0","1.0","1.0","1.0","1.0",""
"22063","狐狸精","老虎精英","","","","","1","","0","4","2","","","2","1","0","0","500264","1","0","5","0","0","150","1","true","666","0","-1","0","0","50","1","5","1","1","1","1","1","2455","1090","985","655","0","1450","976","4","10","10","0.2;0.2;0.2;0.2;0.2","0.3;0.2;0.2;0.2;0.1","0.1;0.3;0.3;0.2;0.1","0.2;0.3;0.2;0.2;0.1","206002","206003","206023","","","","","333","333","333","","","","","0","0","0","","","","","","-1.0","-1.0","-1.0","-1.0","-1.0","-1","-1","-1","-1.0","-1","-1","-1","-1.0","-1","-1.0","-1","-1","-1","-1.0","-1","-1.0","-1","-1.0","-1","0","0","0","0","0","0","0","2.0","2.0","2.0","2.0","2.0","2.0","","1.0","1.0","1.0","1.0","1.0","1.0",""
"22064","鲛人","老虎精英","","","","","1","","0","4","2","","","2","1","0","0","500265","1","0","5","0","0","150","1","true","666","0","-1","0","0","50","1","5","1","1","1","1","1","2455","1090","985","655","0","1200","976","4","10","10","0.2;0.2;0.2;0.2;0.2","0.3;0.2;0.2;0.2;0.1","0.1;0.3;0.3;0.2;0.1","0.2;0.3;0.2;0.2;0.1","206002","206003","206023","","","","","333","333","333","","","","","0","0","0","","","","","","-1.0","-1.0","-1.0","-1.0","-1.0","-1","-1","-1","-1.0","-1","-1","-1","-1.0","-1","-1.0","-1","-1","-1","-1.0","-1","-1.0","-1","-1.0","-1","0","0","0","0","0","0","0","2.0","2.0","2.0","2.0","2.0","2.0","","1.0","1.0","1.0","1.0","1.0","1.0",""
"22065","机关鸟","羊头怪精英","","","","","1","","0","4","2","","","2","1","0","0","500266","1","0","5","0","0","150","1","true","666","0","-1","0","0","50","1","5","1","1","1","1","1","2035","1125","1015","845","0","1350","1006","4","10","10","0.2;0.2;0.2;0.2;0.2","0.3;0.2;0.2;0.2;0.1","0.1;0.3;0.3;0.2;0.1","0.2;0.3;0.2;0.2;0.1","206002","206003","206023","206033","","","","1001","333","333","333","","","","0","0","0","","","","","","-1.0","-1.0","-1.0","-1.0","-1.0","-1","-1","-1","-1.0","-1","-1","-1","-1.0","-1","-1.0","-1","-1","-1","-1.0","-1","-1.0","-1","-1.0","-1","0","0","0","0","0","0","0","2.0","2.0","2.0","2.0","2.0","2.0","","1.0","1.0","1.0","1.0","1.0","1.0",""
"22066","锦毛貂精","牛头精英","","","","","1","","0","4","2","","","2","1","0","0","500267","1","0","5","0","0","150","1","true","666","0","-1","0","0","50","1","5","1","1","1","1","1","3140","1165","1050","870","0","1500","1036","4","10","10","0.2;0.2;0.2;0.2;0.2","0.3;0.2;0.2;0.2;0.1","0.1;0.3;0.3;0.2;0.1","0.2;0.3;0.2;0.2;0.1","206003","206002","206015","206026","","","","1001","333","333","333","","","","0","0","0","0","","","","","-1.0","-1.0","-1.0","-1.0","-1.0","-1","-1","-1","-1.0","-1","-1","-1","-1.0","-1","-1.0","-1","-1","-1","-1.0","-1","-1.0","-1","-1.0","-1","0","0","0","0","0","0","0","2.0","2.0","2.0","2.0","2.0","2.0","","1.0","1.0","1.0","1.0","1.0","1.0",""
"22067","千年蛇魅","牛头精英","","","","","1","","0","4","2","","","2","1","0","0","500268","1","0","5","0","0","150","1","true","666","0","-1","0","0","50","1","5","1","1","1","1","1","3140","1165","1050","870","0","1400","1036","4","10","10","0.2;0.2;0.2;0.2;0.2","0.3;0.2;0.2;0.2;0.1","0.1;0.3;0.3;0.2;0.1","0.2;0.3;0.2;0.2;0.1","206003","206002","206015","206026","","","","1001","333","333","333","","","","0","0","0","0","","","","","-1.0","-1.0","-1.0","-1.0","-1.0","-1","-1","-1","-1.0","-1","-1","-1","-1.0","-1","-1.0","-1","-1","-1","-1.0","-1","-1.0","-1","-1.0","-1","0","0","0","0","0","0","0","2.0","2.0","2.0","2.0","2.0","2.0","","1.0","1.0","1.0","1.0","1.0","1.0",""
"22068","鼠先锋","牛头精英","","","","","1","","0","4","2","","","2","1","0","0","500269","1","0","5","0","0","150","1","true","666","0","-1","0","0","50","1","5","1","1","1","1","1","3140","1165","1050","870","0","1400","1036","4","10","10","0.2;0.2;0.2;0.2;0.2","0.3;0.2;0.2;0.2;0.1","0.1;0.3;0.3;0.2;0.1","0.2;0.3;0.2;0.2;0.1","206003","206002","206015","206026","","","","1001","333","333","333","","","","0","0","0","0","","","","","-1.0","-1.0","-1.0","-1.0","-1.0","-1","-1","-1","-1.0","-1","-1","-1","-1.0","-1","-1.0","-1","-1","-1","-1.0","-1","-1.0","-1","-1.0","-1","0","0","0","0","0","0","0","2.0","2.0","2.0","2.0","2.0","2.0","","1.0","1.0","1.0","1.0","1.0","1.0",""
"22069","天将","马面精英","","","","","1","","0","4","2","","","2","1","0","0","500270","1","0","5","0","0","150","1","true","666","0","-1","0","0","50","1","5","1","1","1","1","1","3140","1745","695","695","0","1550","1036","4","10","10","0.2;0.2;0.2;0.2;0.2","0.3;0.2;0.2;0.2;0.1","0.1;0.3;0.3;0.2;0.1","0.2;0.3;0.2;0.2;0.1","207001","206033","206011","206023","","","","1001","333","333","333","","","","0","0","0","0","","","","","-1.0","-1.0","-1.0","-1.0","-1.0","-1","-1","-1","-1.0","-1","-1","-1","-1.0","-1","-1.0","-1","-1","-1","-1.0","-1","-1.0","-1","-1.0","-1","0","0","0","0","0","0","0","2.0","2.0","2.0","2.0","2.0","2.0","","1.0","1.0","1.0","1.0","1.0","1.0",""
"22070","小龙女","马面精英","","","","","1","","0","4","2","","","2","1","0","0","500271","1","0","5","0","0","150","1","true","666","0","-1","0","0","50","1","5","1","1","1","1","1","3140","1745","695","695","0","1500","1036","4","10","10","0.2;0.2;0.2;0.2;0.2","0.3;0.2;0.2;0.2;0.1","0.1;0.3;0.3;0.2;0.1","0.2;0.3;0.2;0.2;0.1","207001","206033","206011","206023","","","","1001","333","333","333","","","","0","0","0","0","","","","","-1.0","-1.0","-1.0","-1.0","-1.0","-1","-1","-1","-1.0","-1","-1","-1","-1.0","-1","-1.0","-1","-1","-1","-1.0","-1","-1.0","-1","-1.0","-1","0","0","0","0","0","0","0","2.0","2.0","2.0","2.0","2.0","2.0","","1.0","1.0","1.0","1.0","1.0","1.0",""
"22071","犀牛将军人","龟丞相精英","","","","","1","","0","4","2","","","2","1","0","0","500272","1","0","5","0","0","150","1","true","666","0","-1","0","0","50","1","5","1","1","1","1","1","2095","1165","1050","870","0","1200","1036","4","10","10","0.2;0.2;0.2;0.2;0.2","0.3;0.2;0.2;0.2;0.1","0.1;0.3;0.3;0.2;0.1","0.2;0.3;0.2;0.2;0.1","206004","206001","206018","206033","","","","1001","333","333","333","","","","0","0","0","0","","","","","-1.0","-1.0","-1.0","-1.0","-1.0","-1","-1","-1","-1.0","-1","-1","-1","-1.0","-1","-1.0","-1","-1","-1","-1.0","-1","-1.0","-1","-1.0","-1","0","0","0","0","0","0","0","2.0","2.0","2.0","2.0","2.0","2.0","","1.0","1.0","1.0","1.0","1.0","1.0",""
"22072","犀牛将军兽","虾兵精英","","","","","1","","0","4","2","","","2","1","0","0","500273","1","0","5","0","0","150","1","true","666","0","-1","0","0","50","1","5","1","1","1","1","1","3240","1800","720","720","0","1200","1066","4","10","10","0.2;0.2;0.2;0.2;0.2","0.3;0.2;0.2;0.2;0.1","0.1;0.3;0.3;0.2;0.1","0.2;0.3;0.2;0.2;0.1","206066","207008","206054","206053","","","","1001","333","333","333","","","","0","500","0","0","","","","","-1.0","-1.0","-1.0","-1.0","-1.0","-1","-1","-1","-1.0","-1","-1","-1","-1.0","-1","-1.0","-1","-1","-1","-1.0","-1","-1.0","-1","-1.0","-1","0","0","0","0","0","0","0","2.0","2.0","2.0","2.0","2.0","2.0","","1.0","1.0","1.0","1.0","1.0","1.0",""
"22073","野猪精","虾兵精英","","","","","1","","0","4","2","","","2","1","0","0","500274","1","0","5","0","0","150","1","true","666","0","-1","0","0","50","1","5","1","1","1","1","1","3240","1800","720","720","0","1200","1066","4","10","10","0.2;0.2;0.2;0.2;0.2","0.3;0.2;0.2;0.2;0.1","0.1;0.3;0.3;0.2;0.1","0.2;0.3;0.2;0.2;0.1","206066","207008","206054","206053","","","","1001","333","333","333","","","","0","500","0","0","","","","","-1.0","-1.0","-1.0","-1.0","-1.0","-1","-1","-1","-1.0","-1","-1","-1","-1.0","-1","-1.0","-1","-1","-1","-1.0","-1","-1.0","-1","-1.0","-1","0","0","0","0","0","0","0","2.0","2.0","2.0","2.0","2.0","2.0","","1.0","1.0","1.0","1.0","1.0","1.0",""
"22074","阴阳伞","虾兵精英","","","","","1","","0","4","2","","","2","1","0","0","500275","1","0","5","0","0","150","1","true","666","0","-1","0","0","50","1","5","1","1","1","1","1","3240","1800","720","720","0","1200","1066","4","10","10","0.2;0.2;0.2;0.2;0.2","0.3;0.2;0.2;0.2;0.1","0.1;0.3;0.3;0.2;0.1","0.2;0.3;0.2;0.2;0.1","206066","207008","206054","206053","","","","1001","333","333","333","","","","0","500","0","0","","","","","-1.0","-1.0","-1.0","-1.0","-1.0","-1","-1","-1","-1.0","-1","-1","-1","-1.0","-1","-1.0","-1","-1","-1","-1.0","-1","-1.0","-1","-1.0","-1","0","0","0","0","0","0","0","2.0","2.0","2.0","2.0","2.0","2.0","","1.0","1.0","1.0","1.0","1.0","1.0",""
"22075","雨师","蟹将精英","","","","","1","","0","4","2","","","2","1","0","0","500276","1","0","5","0","0","150","1","true","666","0","-1","0","0","50","1","5","1","1","1","1","1","2700","1200","1080","720","0","1450","1066","4","10","10","0.2;0.2;0.2;0.2;0.2","0.3;0.2;0.2;0.2;0.1","0.1;0.3;0.3;0.2;0.1","0.2;0.3;0.2;0.2;0.1","206067","206002","206001","206026","","","","1001","333","333","333","","","","0","0","0","0","","","","","-1.0","-1.0","-1.0","-1.0","-1.0","-1","-1","-1","-1.0","-1","-1","-1","-1.0","-1","-1.0","-1","-1","-1","-1.0","-1","-1.0","-1","-1.0","-1","0","0","0","0","0","0","0","2.0","2.0","2.0","2.0","2.0","2.0","","1.0","1.0","1.0","1.0","1.0","1.0",""
"22076","花果山猴子","蟹将精英","","","","","1","","0","4","2","","","2","1","0","0","500277","1","0","5","0","0","150","1","true","666","0","-1","0","0","50","1","5","1","1","1","1","1","2700","1200","1080","720","0","1250","1066","4","10","10","0.2;0.2;0.2;0.2;0.2","0.3;0.2;0.2;0.2;0.1","0.1;0.3;0.3;0.2;0.1","0.2;0.3;0.2;0.2;0.1","206067","206002","206001","206026","","","","1001","333","333","333","","","","0","0","0","0","","","","","-1.0","-1.0","-1.0","-1.0","-1.0","-1","-1","-1","-1.0","-1","-1","-1","-1.0","-1","-1.0","-1","-1","-1","-1.0","-1","-1.0","-1","-1.0","-1","0","0","0","0","0","0","0","2.0","2.0","2.0","2.0","2.0","2.0","","1.0","1.0","1.0","1.0","1.0","1.0",""
"22077","长眉灵猴","远古瑞兽精英","","","","","1","","0","4","2","","","2","1","0","0","500278","1","0","5","0","0","150","1","true","666","0","-1","0","0","50","1","5","1","1","1","1","1","3240","1200","1080","720","0","1700","1066","4","10","10","0.2;0.2;0.2;0.2;0.2","0.3;0.2;0.2;0.2;0.1","0.1;0.3;0.3;0.2;0.1","0.2;0.3;0.2;0.2;0.1","206066","206003","206033","206016","","","","1001","333","333","333","","","","0","0","0","0","","","","","-1.0","-1.0","-1.0","-1.0","-1.0","-1","-1","-1","-1.0","-1","-1","-1","-1.0","-1","-1.0","-1","-1","-1","-1.0","-1","-1.0","-1","-1.0","-1","0","0","0","0","0","0","0","2.0","2.0","2.0","2.0","2.0","2.0","","1.0","1.0","1.0","1.0","1.0","1.0",""
"22078","机关兽","野猪精英","","","","","1","","0","4","2","","","2","1","0","0","500279","1","0","5","0","0","150","1","true","666","0","-1","0","0","50","1","5","1","1","1","1","1","3365","1245","1125","935","0","1800","1096","4","10","10","0.2;0.2;0.2;0.2;0.2","0.3;0.2;0.2;0.2;0.1","0.1;0.3;0.3;0.2;0.1","0.2;0.3;0.2;0.2;0.1","206053","206050","206037","206020","","","","1001","333","333","333","","","","0","0","0","0","","","","","-1.0","-1.0","-1.0","-1.0","-1.0","-1","-1","-1","-1.0","-1","-1","-1","-1.0","-1","-1.0","-1","-1","-1","-1.0","-1","-1.0","-1","-1.0","-1","0","0","0","0","0","0","0","2.0","2.0","2.0","2.0","2.0","2.0","","1.0","1.0","1.0","1.0","1.0","1.0",""
"22079","连弩车","野猪精英","","","","","1","","0","4","2","","","2","1","0","0","500280","1","0","5","0","0","150","1","true","666","0","-1","0","0","50","1","5","1","1","1","1","1","3365","1245","1125","935","0","1750","1096","4","10","10","0.2;0.2;0.2;0.2;0.2","0.3;0.2;0.2;0.2;0.1","0.1;0.3;0.3;0.2;0.1","0.2;0.3;0.2;0.2;0.1","206053","206050","206037","206020","","","","1001","333","333","333","","","","0","0","0","0","","","","","-1.0","-1.0","-1.0","-1.0","-1.0","-1","-1","-1","-1.0","-1","-1","-1","-1.0","-1","-1.0","-1","-1","-1","-1.0","-1","-1.0","-1","-1.0","-1","0","0","0","0","0","0","0","2.0","2.0","2.0","2.0","2.0","2.0","","1.0","1.0","1.0","1.0","1.0","1.0",""
"22080","闪气妖","野猪精英","","","","","1","","0","4","2","","","2","1","0","0","500281","1","0","5","0","0","150","1","true","666","0","-1","0","0","50","1","5","1","1","1","1","1","3365","1245","1125","935","0","1750","1096","4","10","10","0.2;0.2;0.2;0.2;0.2","0.3;0.2;0.2;0.2;0.1","0.1;0.3;0.3;0.2;0.1","0.2;0.3;0.2;0.2;0.1","206053","206050","206037","206020","","","","1001","333","333","333","","","","0","0","0","0","","","","","-1.0","-1.0","-1.0","-1.0","-1.0","-1","-1","-1","-1.0","-1","-1","-1","-1.0","-1","-1.0","-1","-1","-1","-1.0","-1","-1.0","-1","-1.0","-1","0","0","0","0","0","0","0","2.0","2.0","2.0","2.0","2.0","2.0","","1.0","1.0","1.0","1.0","1.0","1.0",""
"22081","龟丞相","吸血蝙蝠精英","","","","","1","","0","4","2","","","2","1","0","0","500282","1","0","5","0","0","150","1","true","666","0","-1","0","0","50","1","5","1","1","1","1","1","2810","1245","1125","750","0","1800","1096","4","10","10","0.2;0.2;0.2;0.2;0.2","0.3;0.2;0.2;0.2;0.1","0.1;0.3;0.3;0.2;0.1","0.2;0.3;0.2;0.2;0.1","206049","206019","206072","206037","","","","1001","333","333","333","","","","0","0","0","0","","","","","-1.0","-1.0","-1.0","-1.0","-1.0","-1","-1","-1","-1.0","-1","-1","-1","-1.0","-1","-1.0","-1","-1","-1","-1.0","-1","-1.0","-1","-1.0","-1","0","0","0","0","0","0","0","2.0","2.0","2.0","2.0","2.0","2.0","","1.0","1.0","1.0","1.0","1.0","1.0",""
"22082","赌徒","吸血蝙蝠精英","","","","","1","","0","4","2","","","2","1","0","0","500283","1","0","5","0","0","150","1","true","666","0","-1","0","0","50","1","5","1","1","1","1","1","2810","1245","1125","750","0","1850","1096","4","10","10","0.2;0.2;0.2;0.2;0.2","0.3;0.2;0.2;0.2;0.1","0.1;0.3;0.3;0.2;0.1","0.2;0.3;0.2;0.2;0.1","206049","206019","206072","206037","","","","1001","333","333","333","","","","0","0","0","0","","","","","-1.0","-1.0","-1.0","-1.0","-1.0","-1","-1","-1","-1.0","-1","-1","-1","-1.0","-1","-1.0","-1","-1","-1","-1.0","-1","-1.0","-1","-1.0","-1","0","0","0","0","0","0","0","2.0","2.0","2.0","2.0","2.0","2.0","","1.0","1.0","1.0","1.0","1.0","1.0",""
"22083","海毛虫","鲛将军精英","","","","","1","","0","4","2","","","2","1","0","0","500284","1","0","5","0","0","150","1","true","666","0","-1","0","0","50","1","5","1","1","1","1","1","3365","1875","750","935","0","1800","1096","4","10","10","0.2;0.2;0.2;0.2;0.2","0.3;0.2;0.2;0.2;0.1","0.1;0.3;0.3;0.2;0.1","0.2;0.3;0.2;0.2;0.1","206058","206030","207001","206014","","","","1001","333","333","333","","","","0","0","0","0","","","","","-1.0","-1.0","-1.0","-1.0","-1.0","-1","-1","-1","-1.0","-1","-1","-1","-1.0","-1","-1.0","-1","-1","-1","-1.0","-1","-1.0","-1","-1.0","-1","0","0","0","0","0","0","0","2.0","2.0","2.0","2.0","2.0","2.0","","1.0","1.0","1.0","1.0","1.0","1.0",""
"22084","白熊","千年僵尸精英","","","","","1","","0","4","2","","","2","1","0","0","500285","1","0","5","0","0","150","1","true","666","0","-1","0","0","50","1","5","1","1","1","1","1","2915","1295","1165","780","0","1850","1126","4","10","10","0.2;0.2;0.2;0.2;0.2","0.3;0.2;0.2;0.2;0.1","0.1;0.3;0.3;0.2;0.1","0.2;0.3;0.2;0.2;0.1","206005","206019","206037","206001","","","","1001","333","333","333","","","","0","0","0","0","","","","","-1.0","-1.0","-1.0","-1.0","-1.0","-1","-1","-1","-1.0","-1","-1","-1","-1.0","-1","-1.0","-1","-1","-1","-1.0","-1","-1.0","-1","-1.0","-1","0","0","0","0","0","0","0","2.0","2.0","2.0","2.0","2.0","2.0","","1.0","1.0","1.0","1.0","1.0","1.0",""
"22085","大蝙蝠","千年僵尸精英","","","","","1","","0","4","2","","","2","1","0","0","500286","1","0","5","0","0","150","1","true","666","0","-1","0","0","50","1","5","1","1","1","1","1","2915","1295","1165","780","0","1850","1126","4","10","10","0.2;0.2;0.2;0.2;0.2","0.3;0.2;0.2;0.2;0.1","0.1;0.3;0.3;0.2;0.1","0.2;0.3;0.2;0.2;0.1","206005","206019","206037","206001","","","","1001","333","333","333","","","","0","0","0","0","","","","","-1.0","-1.0","-1.0","-1.0","-1.0","-1","-1","-1","-1.0","-1","-1","-1","-1.0","-1","-1.0","-1","-1","-1","-1.0","-1","-1.0","-1","-1.0","-1","0","0","0","0","0","0","0","2.0","2.0","2.0","2.0","2.0","2.0","","1.0","1.0","1.0","1.0","1.0","1.0",""
"22086","蛤蟆精","千年僵尸精英","","","","","1","","0","4","2","","","2","1","0","0","500287","1","0","5","0","0","150","1","true","666","0","-1","0","0","50","1","5","1","1","1","1","1","2915","1295","1165","780","0","1850","1126","4","10","10","0.2;0.2;0.2;0.2;0.2","0.3;0.2;0.2;0.2;0.1","0.1;0.3;0.3;0.2;0.1","0.2;0.3;0.2;0.2;0.1","206005","206019","206037","206001","","","","1001","333","333","333","","","","0","0","0","0","","","","","-1.0","-1.0","-1.0","-1.0","-1.0","-1","-1","-1","-1.0","-1","-1","-1","-1.0","-1","-1.0","-1","-1","-1","-1.0","-1","-1.0","-1","-1.0","-1","0","0","0","0","0","0","0","2.0","2.0","2.0","2.0","2.0","2.0","","1.0","1.0","1.0","1.0","1.0","1.0",""
"22087","黑山老妖","孤魂野鬼精英","","","","","1","","0","4","2","","","2","1","0","0","500288","1","0","5","0","0","150","1","true","666","0","-1","0","0","50","1","5","1","1","1","1","1","2335","1940","780","1165","0","1850","1126","4","10","10","0.2;0.2;0.2;0.2;0.2","0.3;0.2;0.2;0.2;0.1","0.1;0.3;0.3;0.2;0.1","0.2;0.3;0.2;0.2;0.1","206029","206032","207003","206006","","","","1001","333","333","333","","","","0","500","0","0","","","","","-1.0","-1.0","-1.0","-1.0","-1.0","-1","-1","-1","-1.0","-1","-1","-1","-1.0","-1","-1.0","-1","-1","-1","-1.0","-1","-1.0","-1","-1.0","-1","0","0","0","0","0","0","0","2.0","2.0","2.0","2.0","2.0","2.0","","1.0","1.0","1.0","1.0","1.0","1.0",""
"22088","谛听","孤魂野鬼精英","","","","","1","","0","4","2","","","2","1","0","0","500289","1","0","5","0","0","150","1","true","666","0","-1","0","0","50","1","5","1","1","1","1","1","2335","1940","780","1165","0","1850","1126","4","10","10","0.2;0.2;0.2;0.2;0.2","0.3;0.2;0.2;0.2;0.1","0.1;0.3;0.3;0.2;0.1","0.2;0.3;0.2;0.2;0.1","206029","206032","207003","206006","","","","1001","333","333","333","","","","0","500","0","0","","","","","-1.0","-1.0","-1.0","-1.0","-1.0","-1","-1","-1","-1.0","-1","-1","-1","-1.0","-1","-1.0","-1","-1","-1","-1.0","-1","-1.0","-1","-1.0","-1","0","0","0","0","0","0","0","2.0","2.0","2.0","2.0","2.0","2.0","","1.0","1.0","1.0","1.0","1.0","1.0",""
"22089","大海龟","布雨神君精英","","","","","1","","0","4","2","","","2","1","0","0","500201","1","0","5","0","0","150","1","true","666","0","-1","0","0","50","1","5","1","1","1","1","1","3500","1620","1165","780","0","1850","1126","4","10","10","0.2;0.2;0.2;0.2;0.2","0.3;0.2;0.2;0.2;0.1","0.1;0.3;0.3;0.2;0.1","0.2;0.3;0.2;0.2;0.1","206063","206017","206005","206004","206036","","","1001","1001","333","333","333","","","0","0","0","0","0","","","","-1.0","-1.0","-1.0","-1.0","-1.0","-1","-1","-1","-1.0","-1","-1","-1","-1.0","-1","-1.0","-1","-1","-1","-1.0","-1","-1.0","-1","-1.0","-1","0","0","0","0","0","0","0","2.0","2.0","2.0","2.0","2.0","2.0","","1.0","1.0","1.0","1.0","1.0","1.0",""
"22090","护卫","夜叉精英","","","","","1","","0","4","2","","","2","1","0","0","500202","1","0","5","0","0","150","1","true","666","0","-1","0","0","50","1","5","1","1","1","1","1","3025","2015","805","1210","0","1850","1156","4","10","10","0.2;0.2;0.2;0.2;0.2","0.3;0.2;0.2;0.2;0.1","0.1;0.3;0.3;0.2;0.1","0.2;0.3;0.2;0.2;0.1","206058","207007","206046","206011","","","","1001","333","333","333","","","","0","500","0","0","","","","","-1.0","-1.0","-1.0","-1.0","-1.0","-1","-1","-1","-1.0","-1","-1","-1","-1.0","-1","-1.0","-1","-1","-1","-1.0","-1","-1.0","-1","-1.0","-1","0","0","0","0","0","0","0","2.0","2.0","2.0","2.0","2.0","2.0","","1.0","1.0","1.0","1.0","1.0","1.0",""
"22091","泡泡","夜叉精英","","","","","1","","0","4","2","","","2","1","0","0","500203","1","0","5","0","0","150","1","true","666","0","-1","0","0","50","1","5","1","1","1","1","1","3025","2015","805","1210","0","1850","1156","4","10","10","0.2;0.2;0.2;0.2;0.2","0.3;0.2;0.2;0.2;0.1","0.1;0.3;0.3;0.2;0.1","0.2;0.3;0.2;0.2;0.1","206058","207007","206046","206011","","","","1001","333","333","333","","","","0","500","0","0","","","","","-1.0","-1.0","-1.0","-1.0","-1.0","-1","-1","-1","-1.0","-1","-1","-1","-1.0","-1","-1.0","-1","-1","-1","-1.0","-1","-1.0","-1","-1.0","-1","0","0","0","0","0","0","0","2.0","2.0","2.0","2.0","2.0","2.0","","1.0","1.0","1.0","1.0","1.0","1.0",""
"22092","巨蛙","夜叉精英","","","","","1","","0","4","2","","","2","1","0","0","500204","1","0","5","0","0","150","1","true","666","0","-1","0","0","50","1","5","1","1","1","1","1","3025","2015","805","1210","0","1850","1156","4","10","10","0.2;0.2;0.2;0.2;0.2","0.3;0.2;0.2;0.2;0.1","0.1;0.3;0.3;0.2;0.1","0.2;0.3;0.2;0.2;0.1","206058","207007","206046","206011","","","","1001","333","333","333","","","","0","500","0","0","","","","","-1.0","-1.0","-1.0","-1.0","-1.0","-1","-1","-1","-1.0","-1","-1","-1","-1.0","-1","-1.0","-1","-1","-1","-1.0","-1","-1.0","-1","-1.0","-1","0","0","0","0","0","0","0","2.0","2.0","2.0","2.0","2.0","2.0","","1.0","1.0","1.0","1.0","1.0","1.0",""
"22093","树怪","幽莹娃娃精英","","","","","1","","0","4","2","","","2","1","0","0","500205","1","0","5","0","0","150","1","true","666","0","-1","0","0","50","1","5","1","1","1","1","1","3630","1340","1010","1210","0","1850","1156","4","10","10","0.2;0.2;0.2;0.2;0.2","0.3;0.2;0.2;0.2;0.1","0.1;0.3;0.3;0.2;0.1","0.2;0.3;0.2;0.2;0.1","206058","206057","206067","206001","","","","1001","333","333","333","","","","0","0","0","0","","","","","-1.0","-1.0","-1.0","-1.0","-1.0","-1","-1","-1","-1.0","-1","-1","-1","-1.0","-1","-1.0","-1","-1","-1","-1.0","-1","-1.0","-1","-1.0","-1","0","0","0","0","0","0","0","2.0","2.0","2.0","2.0","2.0","2.0","","1.0","1.0","1.0","1.0","1.0","1.0",""
"22094","野猪","幽莹娃娃精英","","","","","1","","0","4","2","","","2","1","0","0","500206","1","0","5","0","0","150","1","true","666","0","-1","0","0","50","1","5","1","1","1","1","1","3630","1340","1010","1210","0","1850","1156","4","10","10","0.2;0.2;0.2;0.2;0.2","0.3;0.2;0.2;0.2;0.1","0.1;0.3;0.3;0.2;0.1","0.2;0.3;0.2;0.2;0.1","206058","206057","206067","206001","","","","1001","333","333","333","","","","0","0","0","0","","","","","-1.0","-1.0","-1.0","-1.0","-1.0","-1","-1","-1","-1.0","-1","-1","-1","-1.0","-1","-1.0","-1","-1","-1","-1.0","-1","-1.0","-1","-1.0","-1","0","0","0","0","0","0","0","2.0","2.0","2.0","2.0","2.0","2.0","","1.0","1.0","1.0","1.0","1.0","1.0",""
"22095","黑熊精","鞭笞者精英","","","","","1","","0","4","2","","","2","1","0","0","500207","1","0","5","0","0","150","1","true","666","0","-1","0","0","50","1","5","1","1","1","1","1","3025","1340","1210","805","0","1850","1156","4","10","10","0.2;0.2;0.2;0.2;0.2","0.3;0.2;0.2;0.2;0.1","0.1;0.3;0.3;0.2;0.1","0.2;0.3;0.2;0.2;0.1","206050","206039","206001","206019","","","","1001","333","333","333","","","","0","0","0","0","","","","","-1.0","-1.0","-1.0","-1.0","-1.0","-1","-1","-1","-1.0","-1","-1","-1","-1.0","-1","-1.0","-1","-1","-1","-1.0","-1","-1.0","-1","-1.0","-1","0","0","0","0","0","0","0","2.0","2.0","2.0","2.0","2.0","2.0","","1.0","1.0","1.0","1.0","1.0","1.0",""
"22096","骷髅怪","蟠桃童子精英","","","","","1","","0","4","2","","","2","1","0","0","500208","1","0","5","0","0","150","1","true","666","0","-1","0","0","50","1","5","1","1","1","1","1","3760","1390","1255","835","0","1850","1186","4","10","10","0.2;0.2;0.2;0.2;0.2","0.3;0.2;0.2;0.2;0.1","0.1;0.3;0.3;0.2;0.1","0.2;0.3;0.2;0.2;0.1","206058","206039","206037","206023","","","","1001","333","333","333","","","","0","0","0","0","0","","","","-1.0","-1.0","-1.0","-1.0","-1.0","-1","-1","-1","-1.0","-1","-1","-1","-1.0","-1","-1.0","-1","-1","-1","-1.0","-1","-1.0","-1","-1.0","-1","0","0","0","0","0","0","0","2.0","2.0","2.0","2.0","2.0","2.0","","1.0","1.0","1.0","1.0","1.0","1.0",""
"22097","老虎","蟠桃童子精英","","","","","1","","0","4","2","","","2","1","0","0","500209","1","0","5","0","0","150","1","true","666","0","-1","0","0","50","1","5","1","1","1","1","1","3760","1390","1255","835","0","1250","1186","4","10","10","0.2;0.2;0.2;0.2;0.2","0.3;0.2;0.2;0.2;0.1","0.1;0.3;0.3;0.2;0.1","0.2;0.3;0.2;0.2;0.1","206058","206039","206037","206023","","","","1001","333","333","333","","","","0","0","0","0","0","","","","-1.0","-1.0","-1.0","-1.0","-1.0","-1","-1","-1","-1.0","-1","-1","-1","-1.0","-1","-1.0","-1","-1","-1","-1.0","-1","-1.0","-1","-1.0","-1","0","0","0","0","0","0","0","2.0","2.0","2.0","2.0","2.0","2.0","","1.0","1.0","1.0","1.0","1.0","1.0",""
"22098","强盗","蟠桃童子精英","","","","","1","","0","4","2","","","2","1","0","0","500210","1","0","5","0","0","150","1","true","666","0","-1","0","0","50","1","5","1","1","1","1","1","3760","1390","1255","835","0","1250","1186","4","10","10","0.2;0.2;0.2;0.2;0.2","0.3;0.2;0.2;0.2;0.1","0.1;0.3;0.3;0.2;0.1","0.2;0.3;0.2;0.2;0.1","206058","206039","206037","206023","","","","1001","333","333","333","","","","0","0","0","0","0","","","","-1.0","-1.0","-1.0","-1.0","-1.0","-1","-1","-1","-1.0","-1","-1","-1","-1.0","-1","-1.0","-1","-1","-1","-1.0","-1","-1.0","-1","-1.0","-1","0","0","0","0","0","0","0","2.0","2.0","2.0","2.0","2.0","2.0","","1.0","1.0","1.0","1.0","1.0","1.0",""
"22099","山贼","天兵精英","","","","","1","","0","4","2","","","2","1","0","0","500211","1","0","5","0","0","150","1","true","666","0","-1","0","0","50","1","5","1","1","1","1","1","2505","2090","835","1255","0","1200","1186","4","10","10","0.2;0.2;0.2;0.2;0.2","0.3;0.2;0.2;0.2;0.1","0.1;0.3;0.3;0.2;0.1","0.2;0.3;0.2;0.2;0.1","206059","207005","206043","206060","","","","1001","333","333","333","","","","0","500","0","0","","","","","-1.0","-1.0","-1.0","-1.0","-1.0","-1","-1","-1","-1.0","-1","-1","-1","-1.0","-1","-1.0","-1","-1","-1","-1.0","-1","-1.0","-1","-1.0","-1","0","0","0","0","0","0","0","2.0","2.0","2.0","2.0","2.0","2.0","","1.0","1.0","1.0","1.0","1.0","1.0",""
"22100","羊头怪","天兵精英","","","","","1","","0","4","2","","","2","1","0","0","500212","1","0","5","0","0","150","1","true","666","0","-1","0","0","50","1","5","1","1","1","1","1","2505","2090","835","1255","0","1300","1186","4","10","10","0.2;0.2;0.2;0.2;0.2","0.3;0.2;0.2;0.2;0.1","0.1;0.3;0.3;0.2;0.1","0.2;0.3;0.2;0.2;0.1","206059","207005","206043","206060","","","","1001","333","333","333","","","","0","500","0","0","","","","","-1.0","-1.0","-1.0","-1.0","-1.0","-1","-1","-1","-1.0","-1","-1","-1","-1.0","-1","-1.0","-1","-1","-1","-1.0","-1","-1.0","-1","-1.0","-1","0","0","0","0","0","0","0","2.0","2.0","2.0","2.0","2.0","2.0","","1.0","1.0","1.0","1.0","1.0","1.0",""
"22101","孤魂野鬼","芙蓉仙子精英","","","","","1","","0","4","2","","","2","1","0","0","500213","1","0","5","0","0","150","1","true","666","0","-1","0","0","50","1","5","1","1","1","1","1","3760","1740","1255","835","0","1350","1186","4","10","10","0.2;0.2;0.2;0.2;0.2","0.3;0.2;0.2;0.2;0.1","0.1;0.3;0.3;0.2;0.1","0.2;0.3;0.2;0.2;0.1","206066","206072","206003","206028","206033","","","1001","1001","333","333","333","","","0","0","0","0","","","","","-1.0","-1.0","-1.0","-1.0","-1.0","-1","-1","-1","-1.0","-1","-1","-1","-1.0","-1","-1.0","-1","-1","-1","-1.0","-1","-1.0","-1","-1.0","-1","0","0","0","0","0","0","0","2.0","2.0","2.0","2.0","2.0","2.0","","1.0","1.0","1.0","1.0","1.0","1.0",""
"22102","狼","绿飞龙精英","","","","","1","","0","4","2","","","2","1","0","0","500214","1","0","5","0","0","150","1","true","666","0","-1","0","0","50","1","5","1","1","1","1","1","3890","2160","865","865","0","1300","1216","4","10","10","0.2;0.2;0.2;0.2;0.2","0.3;0.2;0.2;0.2;0.1","0.1;0.3;0.3;0.2;0.1","0.2;0.3;0.2;0.2;0.1","206056","207008","206043","206045","","","","1001","333","333","333","","","","0","0","0","0","","","","","-1.0","-1.0","-1.0","-1.0","-1.0","-1","-1","-1","-1.0","-1","-1","-1","-1.0","-1","-1.0","-1","-1","-1","-1.0","-1","-1.0","-1","-1.0","-1","0","0","0","0","0","0","0","2.0","2.0","2.0","2.0","2.0","2.0","","1.0","1.0","1.0","1.0","1.0","1.0",""
"22103","牛妖","绿飞龙精英","","","","","1","","0","4","2","","","2","1","0","0","500215","1","0","5","0","0","150","1","true","666","0","-1","0","0","50","1","5","1","1","1","1","1","3890","2160","865","865","0","1400","1216","4","10","10","0.2;0.2;0.2;0.2;0.2","0.3;0.2;0.2;0.2;0.1","0.1;0.3;0.3;0.2;0.1","0.2;0.3;0.2;0.2;0.1","206056","207008","206043","206045","","","","1001","333","333","333","","","","0","0","0","0","","","","","-1.0","-1.0","-1.0","-1.0","-1.0","-1","-1","-1","-1.0","-1","-1","-1","-1.0","-1","-1.0","-1","-1","-1","-1.0","-1","-1.0","-1","-1.0","-1","0","0","0","0","0","0","0","2.0","2.0","2.0","2.0","2.0","2.0","","1.0","1.0","1.0","1.0","1.0","1.0",""
"22104","虾兵","绿飞龙精英","","","","","1","","0","4","2","","","2","1","0","0","500216","1","0","5","0","0","150","1","true","666","0","-1","0","0","50","1","5","1","1","1","1","1","3890","2160","865","865","0","1400","1216","4","10","10","0.2;0.2;0.2;0.2;0.2","0.3;0.2;0.2;0.2;0.1","0.1;0.3;0.3;0.2;0.1","0.2;0.3;0.2;0.2;0.1","206056","207008","206043","206045","","","","1001","333","333","333","","","","0","0","0","0","","","","","-1.0","-1.0","-1.0","-1.0","-1.0","-1","-1","-1","-1.0","-1","-1","-1","-1.0","-1","-1.0","-1","-1","-1","-1.0","-1","-1.0","-1","-1.0","-1","0","0","0","0","0","0","0","2.0","2.0","2.0","2.0","2.0","2.0","","1.0","1.0","1.0","1.0","1.0","1.0",""
"22105","蟹将","猴小仙精英","","","","","1","","0","4","2","","","2","1","0","0","500217","1","0","5","0","0","150","1","true","666","0","-1","0","0","50","1","5","1","1","1","1","1","2590","1440","1295","1080","0","1450","1216","4","10","10","0.2;0.2;0.2;0.2;0.2","0.3;0.2;0.2;0.2;0.1","0.1;0.3;0.3;0.2;0.1","0.2;0.3;0.2;0.2;0.1","206001","206056","206065","206005","","","","1001","333","333","333","","","","0","500","0","0","","","","","-1.0","-1.0","-1.0","-1.0","-1.0","-1","-1","-1","-1.0","-1","-1","-1","-1.0","-1","-1.0","-1","-1","-1","-1.0","-1","-1.0","-1","-1.0","-1","0","0","0","0","0","0","0","2.0","2.0","2.0","2.0","2.0","2.0","","1.0","1.0","1.0","1.0","1.0","1.0",""
"22106","马面","猴小仙精英","","","","","1","","0","4","2","","","2","1","0","0","500218","1","0","5","0","0","150","1","true","666","0","-1","0","0","50","1","5","1","1","1","1","1","2590","1440","1295","1080","0","1350","1216","4","10","10","0.2;0.2;0.2;0.2;0.2","0.3;0.2;0.2;0.2;0.1","0.1;0.3;0.3;0.2;0.1","0.2;0.3;0.2;0.2;0.1","206001","206056","206065","206005","","","","1001","333","333","333","","","","0","500","0","0","","","","","-1.0","-1.0","-1.0","-1.0","-1.0","-1","-1","-1","-1.0","-1","-1","-1","-1.0","-1","-1.0","-1","-1","-1","-1.0","-1","-1.0","-1","-1.0","-1","0","0","0","0","0","0","0","2.0","2.0","2.0","2.0","2.0","2.0","","1.0","1.0","1.0","1.0","1.0","1.0",""
"22107","牛头","骨飞龙精英","","","","","1","","0","4","2","","","2","1","0","0","500219","1","0","5","0","0","150","1","true","666","0","-1","0","0","50","1","5","1","1","1","1","1","3240","1440","865","1295","0","1250","1216","4","10","10","0.2;0.2;0.2;0.2;0.2","0.3;0.2;0.2;0.2;0.1","0.1;0.3;0.3;0.2;0.1","0.2;0.3;0.2;0.2;0.1","206060","206050","206058","206059","","","","1001","333","333","333","","","","0","0","0","0","","","","","-1.0","-1.0","-1.0","-1.0","-1.0","-1","-1","-1","-1.0","-1","-1","-1","-1.0","-1","-1.0","-1","-1","-1","-1.0","-1","-1.0","-1","-1.0","-1","0","0","0","0","0","0","0","2.0","2.0","2.0","2.0","2.0","2.0","","1.0","1.0","1.0","1.0","1.0","1.0",""
"22108","千年僵尸","炎魔使者精英","","","","","1","","0","4","2","","","2","1","0","0","500220","1","0","5","0","0","150","1","true","666","0","-1","0","0","50","1","5","1","1","1","1","1","4020","2230","890","1115","0","1450","1246","4","10","10","0.2;0.2;0.2;0.2;0.2","0.3;0.2;0.2;0.2;0.1","0.1;0.3;0.3;0.2;0.1","0.2;0.3;0.2;0.2;0.1","206070","207005","206051","206060","","","","1001","333","333","333","","","","0","0","500","0","0","","","","-1.0","-1.0","-1.0","-1.0","-1.0","-1","-1","-1","-1.0","-1","-1","-1","-1.0","-1","-1.0","-1","-1","-1","-1.0","-1","-1.0","-1","-1.0","-1","0","0","0","0","0","0","0","2.0","2.0","2.0","2.0","2.0","2.0","","1.0","1.0","1.0","1.0","1.0","1.0",""
"22109","蜘蛛精","炎魔使者精英","","","","","1","","0","4","2","","","2","1","0","0","500221","1","0","5","0","0","150","1","true","666","0","-1","0","0","50","1","5","1","1","1","1","1","4020","2230","890","1115","0","1250","1246","4","10","10","0.2;0.2;0.2;0.2;0.2","0.3;0.2;0.2;0.2;0.1","0.1;0.3;0.3;0.2;0.1","0.2;0.3;0.2;0.2;0.1","206070","207005","206051","206060","","","","1001","333","333","333","","","","0","0","500","0","0","","","","-1.0","-1.0","-1.0","-1.0","-1.0","-1","-1","-1","-1.0","-1","-1","-1","-1.0","-1","-1.0","-1","-1","-1","-1.0","-1","-1.0","-1","-1.0","-1","0","0","0","0","0","0","0","2.0","2.0","2.0","2.0","2.0","2.0","","1.0","1.0","1.0","1.0","1.0","1.0",""
"22110","古代瑞兽","炎魔使者精英","","","","","1","","0","4","2","","","2","1","0","0","500222","1","0","5","0","0","150","1","true","666","0","-1","0","0","50","1","5","1","1","1","1","1","4020","2230","890","1115","0","1250","1246","4","10","10","0.2;0.2;0.2;0.2;0.2","0.3;0.2;0.2;0.2;0.1","0.1;0.3;0.3;0.2;0.1","0.2;0.3;0.2;0.2;0.1","206070","207005","206051","206060","","","","1001","333","333","333","","","","0","0","500","0","0","","","","-1.0","-1.0","-1.0","-1.0","-1.0","-1","-1","-1","-1.0","-1","-1","-1","-1.0","-1","-1.0","-1","-1","-1","-1.0","-1","-1.0","-1","-1.0","-1","0","0","0","0","0","0","0","2.0","2.0","2.0","2.0","2.0","2.0","","1.0","1.0","1.0","1.0","1.0","1.0",""
"22111","雷鸟人","凤凰仙子精英","","","","","1","","0","4","2","","","2","1","0","0","500223","1","0","5","0","0","150","1","true","666","0","-1","0","0","50","1","5","1","1","1","1","1","4020","1860","1115","1340","0","1450","1246","4","10","10","0.2;0.2;0.2;0.2;0.2","0.3;0.2;0.2;0.2;0.1","0.1;0.3;0.3;0.2;0.1","0.2;0.3;0.2;0.2;0.1","206050","206058","206057","206067","","","","1001","333","333","333","","","","0","0","0","0","","","","","-1.0","-1.0","-1.0","-1.0","-1.0","-1","-1","-1","-1.0","-1","-1","-1","-1.0","-1","-1.0","-1","-1","-1","-1.0","-1","-1.0","-1","-1.0","-1","0","0","0","0","0","0","0","2.0","2.0","2.0","2.0","2.0","2.0","","1.0","1.0","1.0","1.0","1.0","1.0",""
"22112","兔子怪","凤凰仙子精英","","","","","1","","0","4","2","","","2","1","0","0","500224","1","0","5","0","0","150","1","true","666","0","-1","0","0","50","1","5","1","1","1","1","1","4020","1860","1115","1340","0","1200","1246","4","10","10","0.2;0.2;0.2;0.2;0.2","0.3;0.2;0.2;0.2;0.1","0.1;0.3;0.3;0.2;0.1","0.2;0.3;0.2;0.2;0.1","206050","206058","206057","206067","","","","1001","333","333","333","","","","0","0","0","0","","","","","-1.0","-1.0","-1.0","-1.0","-1.0","-1","-1","-1","-1.0","-1","-1","-1","-1.0","-1","-1.0","-1","-1","-1","-1.0","-1","-1.0","-1","-1.0","-1","0","0","0","0","0","0","0","2.0","2.0","2.0","2.0","2.0","2.0","","1.0","1.0","1.0","1.0","1.0","1.0",""
"22113","地狱战神","鬼剑精英","","","","","1","","0","4","2","","","2","1","0","0","500225","1","0","5","0","0","150","1","true","666","0","-1","0","0","50","1","5","1","1","1","1","1","2680","2230","890","1340","0","1350","1246","4","10","10","0.2;0.2;0.2;0.2;0.2","0.3;0.2;0.2;0.2;0.1","0.1;0.3;0.3;0.2;0.1","0.2;0.3;0.2;0.2;0.1","206043","207006","206046","206045","","","","1001","333","333","333","","","","0","500","0","0","","","","","-1.0","-1.0","-1.0","-1.0","-1.0","-1","-1","-1","-1.0","-1","-1","-1","-1.0","-1","-1.0","-1","-1","-1","-1.0","-1","-1.0","-1","-1.0","-1","0","0","0","0","0","0","0","2.0","2.0","2.0","2.0","2.0","2.0","","1.0","1.0","1.0","1.0","1.0","1.0",""
"22114","风波","忘川童子精英","","","","","1","","0","4","2","","","2","1","0","0","500226","1","0","5","0","0","150","1","true","666","0","-1","0","0","50","1","5","1","1","1","1","1","2765","1535","1380","1155","0","1500","1276","4","10","10","0.2;0.2;0.2;0.2;0.2","0.3;0.2;0.2;0.2;0.1","0.1;0.3;0.3;0.2;0.1","0.2;0.3;0.2;0.2;0.1","206072","206052","206058","206038","206051","","","1001","333","333","333","333","","","0","0","0","0","","","","","-1.0","-1.0","-1.0","-1.0","-1.0","-1","-1","-1","-1.0","-1","-1","-1","-1.0","-1","-1.0","-1","-1","-1","-1.0","-1","-1.0","-1","-1.0","-1","0","0","0","0","0","0","0","2.0","2.0","2.0","2.0","2.0","2.0","","1.0","1.0","1.0","1.0","1.0","1.0",""
"22115","天兵","忘川童子精英","","","","","1","","0","4","2","","","2","1","0","0","500227","1","0","5","0","0","150","1","true","666","0","-1","0","0","50","1","5","1","1","1","1","1","2765","1535","1380","1155","0","1400","1276","4","10","10","0.2;0.2;0.2;0.2;0.2","0.3;0.2;0.2;0.2;0.1","0.1;0.3;0.3;0.2;0.1","0.2;0.3;0.2;0.2;0.1","206072","206052","206058","206038","206051","","","1001","333","333","333","333","","","0","0","0","0","","","","","-1.0","-1.0","-1.0","-1.0","-1.0","-1","-1","-1","-1.0","-1","-1","-1","-1.0","-1","-1.0","-1","-1","-1","-1.0","-1","-1.0","-1","-1.0","-1","0","0","0","0","0","0","0","2.0","2.0","2.0","2.0","2.0","2.0","","1.0","1.0","1.0","1.0","1.0","1.0",""
"22116","凤凰仙子","忘川童子精英","","","","","1","","0","4","2","","","2","1","0","0","500228","1","0","5","0","0","150","1","true","666","0","-1","0","0","50","1","5","1","1","1","1","1","2765","1535","1380","1155","0","1400","1276","4","10","10","0.2;0.2;0.2;0.2;0.2","0.3;0.2;0.2;0.2;0.1","0.1;0.3;0.3;0.2;0.1","0.2;0.3;0.2;0.2;0.1","206072","206052","206058","206038","206051","","","1001","333","333","333","333","","","0","0","0","0","","","","","-1.0","-1.0","-1.0","-1.0","-1.0","-1","-1","-1","-1.0","-1","-1","-1","-1.0","-1","-1.0","-1","-1","-1","-1.0","-1","-1.0","-1","-1.0","-1","0","0","0","0","0","0","0","2.0","2.0","2.0","2.0","2.0","2.0","","1.0","1.0","1.0","1.0","1.0","1.0",""
"22117","蛟龙","武罗仙子精英","","","","","1","","0","4","2","","","2","1","0","0","500229","1","0","5","0","0","150","1","true","666","0","-1","0","0","50","1","5","1","1","1","1","1","4145","1535","1380","920","0","1550","1276","4","10","10","0.2;0.2;0.2;0.2;0.2","0.3;0.2;0.2;0.2;0.1","0.1;0.3;0.3;0.2;0.1","0.2;0.3;0.2;0.2;0.1","206040","206066","206069","206039","206049","","","1001","333","333","333","333","","","0","0","0","0","","","","","-1.0","-1.0","-1.0","-1.0","-1.0","-1","-1","-1","-1.0","-1","-1","-1","-1.0","-1","-1.0","-1","-1","-1","-1.0","-1","-1.0","-1","-1.0","-1","0","0","0","0","0","0","0","2.0","2.0","2.0","2.0","2.0","2.0","","1.0","1.0","1.0","1.0","1.0","1.0",""
"22118","嘲风","武罗仙子精英","","","","","1","","0","4","2","","","2","1","0","0","500230","1","0","5","0","0","150","1","true","666","0","-1","0","0","50","1","5","1","1","1","1","1","4145","1535","1380","920","0","1500","1276","4","10","10","0.2;0.2;0.2;0.2;0.2","0.3;0.2;0.2;0.2;0.1","0.1;0.3;0.3;0.2;0.1","0.2;0.3;0.2;0.2;0.1","206040","206066","206069","206039","206049","","","1001","333","333","333","333","","","0","0","0","0","","","","","-1.0","-1.0","-1.0","-1.0","-1.0","-1","-1","-1","-1.0","-1","-1","-1","-1.0","-1","-1.0","-1","-1","-1","-1.0","-1","-1.0","-1","-1.0","-1","0","0","0","0","0","0","0","2.0","2.0","2.0","2.0","2.0","2.0","","1.0","1.0","1.0","1.0","1.0","1.0",""
"22119","吸血鬼","噬天虎精英","","","","","1","","0","4","2","","","2","1","0","0","500231","1","0","5","0","0","150","1","true","666","0","-1","0","0","50","1","5","1","1","1","1","1","4145","2305","920","1155","0","1200","1276","4","10","10","0.2;0.2;0.2;0.2;0.2","0.3;0.2;0.2;0.2;0.1","0.1;0.3;0.3;0.2;0.1","0.2;0.3;0.2;0.2;0.1","207006","206065","206064","206063","206062","","","1001","333","333","333","333","","","500","0","0","0","0","","","","-1.0","-1.0","-1.0","-1.0","-1.0","-1","-1","-1","-1.0","-1","-1","-1","-1.0","-1","-1.0","-1","-1","-1","-1.0","-1","-1.0","-1","-1.0","-1","0","0","0","0","0","0","0","2.0","2.0","2.0","2.0","2.0","2.0","","1.0","1.0","1.0","1.0","1.0","1.0",""
"22120","芙蓉仙子","野猪宝宝","","野猪宝宝","","","1","","0","4","3","","","2","1","0","0","500232","1","0","5","0","0","150","1","true","666","0","-1","0","0","50","1","5","1","1","1","1","1","3040","3800","1130","1410","0","1200","976","4","10","10","0.2;0.2;0.2;0.2;0.2","0.3;0.2;0.2;0.2;0.1","0.1;0.3;0.3;0.2;0.1","0.2;0.3;0.2;0.2;0.1","206003","206023","","","","","","333","333","","","","","","0","0","0","","","","","20001","-1.0","-1.0","-1.0","-1.0","-1.0","-1","-1","-1","-1.0","-1","-1","-1","-1.0","-1","-1.0","-1","-1","-1","-1.0","-1","-1.0","-1","-1.0","-1","0","0","0","0","0","0","0","2.0","2.0","2.0","2.0","2.0","2.0","","1.0","1.0","1.0","1.0","1.0","1.0",""
"22121","如意仙子","老虎宝宝","","老虎宝宝","","","1","","0","4","3","","","2","1","0","0","500233","1","0","5","0","0","150","1","true","666","0","-1","0","0","50","1","5","1","1","1","1","1","2620","3280","1160","1460","0","1200","976","4","10","10","0.2;0.2;0.2;0.2;0.2","0.3;0.2;0.2;0.2;0.1","0.1;0.3;0.3;0.2;0.1","0.2;0.3;0.2;0.2;0.1","206002","206003","206023","","","","","333","333","333","","","","","0","0","0","","","","","20001","-1.0","-1.0","-1.0","-1.0","-1.0","-1","-1","-1","-1.0","-1","-1","-1","-1.0","-1","-1.0","-1","-1","-1","-1.0","-1","-1.0","-1","-1.0","-1","0","0","0","0","0","0","0","2.0","2.0","2.0","2.0","2.0","2.0","","1.0","1.0","1.0","1.0","1.0","1.0",""
"22122","星灵仙子","羊头怪宝宝","","羊头怪宝宝","","","1","","0","4","3","","","2","1","0","0","500234","1","0","5","0","0","150","1","true","666","0","-1","0","0","50","1","5","1","1","1","1","1","2440","1350","1215","1015","0","1450","1006","4","10","10","0.2;0.2;0.2;0.2;0.2","0.3;0.2;0.2;0.2;0.1","0.1;0.3;0.3;0.2;0.1","0.2;0.3;0.2;0.2;0.1","206002","206003","206023","206033","","","","1001","333","333","333","","","","0","0","0","","","","","20001","-1.0","-1.0","-1.0","-1.0","-1.0","-1","-1","-1","-1.0","-1","-1","-1","-1.0","-1","-1.0","-1","-1","-1","-1.0","-1","-1.0","-1","-1.0","-1","0","0","0","0","0","0","0","2.0","2.0","2.0","2.0","2.0","2.0","","1.0","1.0","1.0","1.0","1.0","1.0",""
"22123","巡游天神","泡泡宝宝","","泡泡宝宝","","","1","","0","4","3","","","2","1","0","0","500235","1","0","5","0","0","150","1","true","666","0","-1","0","0","50","1","5","1","1","1","1","1","2710","3380","1200","1500","0","1250","1006","4","10","10","0.2;0.2;0.2;0.2;0.2","0.3;0.2;0.2;0.2;0.1","0.1;0.3;0.3;0.2;0.1","0.2;0.3;0.2;0.2;0.1","206002","206003","206021","206013","","","","1000","333","333","333","","","","500","0","0","0","","","","20001","-1.0","-1.0","-1.0","-1.0","-1.0","-1","-1","-1","-1.0","-1","-1","-1","-1.0","-1","-1.0","-1","-1","-1","-1.0","-1","-1.0","-1","-1.0","-1","0","0","0","0","0","0","0","2.0","2.0","2.0","2.0","2.0","2.0","","1.0","1.0","1.0","1.0","1.0","1.0",""
"22124","律法女娲","牛头宝宝","","牛头宝宝","","","1","","0","4","3","","","2","1","0","0","500236","1","0","5","0","0","150","1","true","666","0","-1","0","0","50","1","5","1","1","1","1","1","3350","4190","1240","1550","0","1700","1036","4","10","10","0.2;0.2;0.2;0.2;0.2","0.3;0.2;0.2;0.2;0.1","0.1;0.3;0.3;0.2;0.1","0.2;0.3;0.2;0.2;0.1","206003","206002","206015","206026","","","","1000","333","333","333","","","","0","0","0","0","","","","20001","-1.0","-1.0","-1.0","-1.0","-1.0","-1","-1","-1","-1.0","-1","-1","-1","-1.0","-1","-1.0","-1","-1","-1","-1.0","-1","-1.0","-1","-1.0","-1","0","0","0","0","0","0","0","2.0","2.0","2.0","2.0","2.0","2.0","","1.0","1.0","1.0","1.0","1.0","1.0",""
"22125","幽灵","马面宝宝","","马面宝宝","","","1","","0","4","3","","","2","1","0","0","500237","1","0","5","0","0","150","1","true","666","0","-1","0","0","50","1","5","1","1","1","1","1","3350","4190","1860","2330","0","1800","1036","4","10","10","0.2;0.2;0.2;0.2;0.2","0.3;0.2;0.2;0.2;0.1","0.1;0.3;0.3;0.2;0.1","0.2;0.3;0.2;0.2;0.1","207001","206033","206011","206023","","","","1000","333","333","333","","","","0","0","0","0","","","","20001","-1.0","-1.0","-1.0","-1.0","-1.0","-1","-1","-1","-1.0","-1","-1","-1","-1.0","-1","-1.0","-1","-1","-1","-1.0","-1","-1.0","-1","-1.0","-1","0","0","0","0","0","0","0","2.0","2.0","2.0","2.0","2.0","2.0","","1.0","1.0","1.0","1.0","1.0","1.0",""
"22126","鬼将","龟丞相宝宝","","龟丞相宝宝","","","1","","0","4","3","","","2","1","0","0","500238","1","0","5","0","0","150","1","true","666","0","-1","0","0","50","1","5","1","1","1","1","1","2230","2790","1240","1550","0","1750","1036","4","10","10","0.2;0.2;0.2;0.2;0.2","0.3;0.2;0.2;0.2;0.1","0.1;0.3;0.3;0.2;0.1","0.2;0.3;0.2;0.2;0.1","206004","206001","206018","206033","","","","1000","333","333","333","","","","0","0","0","0","","","","20001","-1.0","-1.0","-1.0","-1.0","-1.0","-1","-1","-1","-1.0","-1","-1","-1","-1.0","-1","-1.0","-1","-1","-1","-1.0","-1","-1.0","-1","-1.0","-1","0","0","0","0","0","0","0","2.0","2.0","2.0","2.0","2.0","2.0","","1.0","1.0","1.0","1.0","1.0","1.0",""
"22127","净瓶女娲","净瓶女娲宝宝","","净瓶女娲宝宝","","","1","","0","4","3","","","2","1","0","0","500239","1","0","5","0","0","150","1","true","666","0","-1","0","0","50","1","5","1","1","1","1","1","2790","3490","1860","2330","0","1800","1036","4","10","10","0.2;0.2;0.2;0.2;0.2","0.3;0.2;0.2;0.2;0.1","0.1;0.3;0.3;0.2;0.1","0.2;0.3;0.2;0.2;0.1","207006","207002","206048","206070","206026","","","1000","333","333","333","333","","","500","500","0","0","","","","20001","-1.0","-1.0","-1.0","-1.0","-1.0","-1","-1","-1","-1.0","-1","-1","-1","-1.0","-1","-1.0","-1","-1","-1","-1.0","-1","-1.0","-1","-1.0","-1","0","0","0","0","0","0","0","2.0","2.0","2.0","2.0","2.0","2.0","","1.0","1.0","1.0","1.0","1.0","1.0",""
"22128","灵符女娲","虾兵宝宝","","虾兵宝宝","","","1","","0","4","3","","","2","1","0","0","500240","1","0","5","0","0","150","1","true","666","0","-1","0","0","50","1","5","1","1","1","1","1","3460","4320","1920","2400","0","1850","1066","4","10","10","0.2;0.2;0.2;0.2;0.2","0.3;0.2;0.2;0.2;0.1","0.1;0.3;0.3;0.2;0.1","0.2;0.3;0.2;0.2;0.1","206066","207008","206054","206053","","","","1000","333","333","333","","","","0","500","0","0","","","","20001","-1.0","-1.0","-1.0","-1.0","-1.0","-1","-1","-1","-1.0","-1","-1","-1","-1.0","-1","-1.0","-1","-1","-1","-1.0","-1","-1.0","-1","-1.0","-1","0","0","0","0","0","0","0","2.0","2.0","2.0","2.0","2.0","2.0","","1.0","1.0","1.0","1.0","1.0","1.0",""
"22129","巴蛇","蟹将宝宝","","蟹将宝宝","","","1","","0","4","3","","","2","1","0","0","500241","1","0","5","0","0","150","1","true","666","0","-1","0","0","50","1","5","1","1","1","1","1","2880","3600","1280","1600","0","1800","1066","4","10","10","0.2;0.2;0.2;0.2;0.2","0.3;0.2;0.2;0.2;0.1","0.1;0.3;0.3;0.2;0.1","0.2;0.3;0.2;0.2;0.1","206067","206002","206001","206026","","","","1000","333","333","333","","","","0","0","0","0","","","","20001","-1.0","-1.0","-1.0","-1.0","-1.0","-1","-1","-1","-1.0","-1","-1","-1","-1.0","-1","-1.0","-1","-1","-1","-1.0","-1","-1.0","-1","-1.0","-1","0","0","0","0","0","0","0","2.0","2.0","2.0","2.0","2.0","2.0","","1.0","1.0","1.0","1.0","1.0","1.0",""
"22130","大力金刚","远古瑞兽宝宝","","远古瑞兽宝宝","","","1","","0","4","3","","","2","1","0","0","500242","1","0","5","0","0","150","1","true","666","0","-1","0","0","50","1","5","1","1","1","1","1","3460","4320","1280","1600","0","1850","1066","4","10","10","0.2;0.2;0.2;0.2;0.2","0.3;0.2;0.2;0.2;0.1","0.1;0.3;0.3;0.2;0.1","0.2;0.3;0.2;0.2;0.1","206066","206003","206033","206016","","","","1000","333","333","333","","","","0","0","0","0","","","","20001","-1.0","-1.0","-1.0","-1.0","-1.0","-1","-1","-1","-1.0","-1","-1","-1","-1.0","-1","-1.0","-1","-1","-1","-1.0","-1","-1.0","-1","-1.0","-1","0","0","0","0","0","0","0","2.0","2.0","2.0","2.0","2.0","2.0","","1.0","1.0","1.0","1.0","1.0","1.0",""
"22131","灵鹤","灵符女娲宝宝","","灵符女娲宝宝","","","1","","0","4","3","","","2","1","0","0","500243","1","0","5","0","0","150","1","true","666","0","-1","0","0","50","1","5","1","1","1","1","1","2300","2880","1920","2400","0","1850","1066","4","10","10","0.2;0.2;0.2;0.2;0.2","0.3;0.2;0.2;0.2;0.1","0.1;0.3;0.3;0.2;0.1","0.2;0.3;0.2;0.2;0.1","207008","206067","206046","206054","206053","","","1000","333","333","333","333","","","500","0","0","0","","","","20001","-1.0","-1.0","-1.0","-1.0","-1.0","-1","-1","-1","-1.0","-1","-1","-1","-1.0","-1","-1.0","-1","-1","-1","-1.0","-1","-1.0","-1","-1.0","-1","0","0","0","0","0","0","0","2.0","2.0","2.0","2.0","2.0","2.0","","1.0","1.0","1.0","1.0","1.0","1.0",""
"22132","龙龟","野猪宝宝","","鲛将军宝宝","","","1","","0","4","3","","","2","1","0","0","500244","1","0","5","0","0","150","1","true","666","0","-1","0","0","50","1","5","1","1","1","1","1","3590","4490","1330","1660","0","1850","1096","4","10","10","0.2;0.2;0.2;0.2;0.2","0.3;0.2;0.2;0.2;0.1","0.1;0.3;0.3;0.2;0.1","0.2;0.3;0.2;0.2;0.1","206053","206050","206037","206020","","","","1000","333","333","333","","","","0","0","0","0","","","","20001","-1.0","-1.0","-1.0","-1.0","-1.0","-1","-1","-1","-1.0","-1","-1","-1","-1.0","-1","-1.0","-1","-1","-1","-1.0","-1","-1.0","-1","-1.0","-1","0","0","0","0","0","0","0","2.0","2.0","2.0","2.0","2.0","2.0","","1.0","1.0","1.0","1.0","1.0","1.0",""
"22133","噬天虎","吸血蝙蝠宝宝","","蚌仙子宝宝","","","1","","0","4","3","","","2","1","0","0","500245","1","0","5","0","0","150","1","true","666","0","-1","0","0","50","1","5","1","1","1","1","1","3000","3740","1330","1660","0","1850","1096","4","10","10","0.2;0.2;0.2;0.2;0.2","0.3;0.2;0.2;0.2;0.1","0.1;0.3;0.3;0.2;0.1","0.2;0.3;0.2;0.2;0.1","206049","206019","206072","206037","","","","1000","333","333","333","","","","0","0","0","0","","","","20001","-1.0","-1.0","-1.0","-1.0","-1.0","-1","-1","-1","-1.0","-1","-1","-1","-1.0","-1","-1.0","-1","-1","-1","-1.0","-1","-1.0","-1","-1.0","-1","0","0","0","0","0","0","0","2.0","2.0","2.0","2.0","2.0","2.0","","1.0","1.0","1.0","1.0","1.0","1.0",""
"22134","夜罗刹","鲛将军宝宝","","龙女宝宝","","","1","","0","4","3","","","2","1","0","0","500246","1","0","5","0","0","150","1","true","666","0","-1","0","0","50","1","5","1","1","1","1","1","3590","4490","2000","2500","0","1850","1096","4","10","10","0.2;0.2;0.2;0.2;0.2","0.3;0.2;0.2;0.2;0.1","0.1;0.3;0.3;0.2;0.1","0.2;0.3;0.2;0.2;0.1","206058","206030","207001","206014","","","","1000","333","333","333","","","","0","0","0","0","","","","20001","-1.0","-1.0","-1.0","-1.0","-1.0","-1","-1","-1","-1.0","-1","-1","-1","-1.0","-1","-1.0","-1","-1","-1","-1.0","-1","-1.0","-1","-1.0","-1","0","0","0","0","0","0","0","2.0","2.0","2.0","2.0","2.0","2.0","","1.0","1.0","1.0","1.0","1.0","1.0",""
"22135","踏云兽","律法女娲宝宝","","律法女娲宝宝","","","1","","0","4","3","","","2","1","0","0","500247","1","0","5","0","0","150","1","true","666","0","-1","0","0","50","1","5","1","1","1","1","1","2400","3000","2000","2500","0","1850","1096","4","10","10","0.2;0.2;0.2;0.2;0.2","0.3;0.2;0.2;0.2;0.1","0.1;0.3;0.3;0.2;0.1","0.2;0.3;0.2;0.2;0.1","207006","206048","206014","206045","206030","","","1000","333","333","333","333","","","500","0","0","0","","","","20001","-1.0","-1.0","-1.0","-1.0","-1.0","-1","-1","-1","-1.0","-1","-1","-1","-1.0","-1","-1.0","-1","-1","-1","-1.0","-1","-1.0","-1","-1.0","-1","0","0","0","0","0","0","0","2.0","2.0","2.0","2.0","2.0","2.0","","1.0","1.0","1.0","1.0","1.0","1.0",""
"22136","雾中仙","千年僵尸宝宝","","千年僵尸宝宝","","","1","","0","4","3","","","2","1","0","0","500248","1","0","5","0","0","150","1","true","666","0","-1","0","0","50","1","5","1","1","1","1","1","3110","3890","1380","1730","0","1850","1126","4","10","10","0.2;0.2;0.2;0.2;0.2","0.3;0.2;0.2;0.2;0.1","0.1;0.3;0.3;0.2;0.1","0.2;0.3;0.2;0.2;0.1","206005","206019","206037","206001","","","","1000","333","333","333","","","","0","0","0","0","","","","20001","-1.0","-1.0","-1.0","-1.0","-1.0","-1","-1","-1","-1.0","-1","-1","-1","-1.0","-1","-1.0","-1","-1","-1","-1.0","-1","-1.0","-1","-1.0","-1","0","0","0","0","0","0","0","2.0","2.0","2.0","2.0","2.0","2.0","","1.0","1.0","1.0","1.0","1.0","1.0",""
"22137","炎魔神","孤魂野鬼宝宝","","孤魂野鬼宝宝","","","1","","0","4","3","","","2","1","0","0","500249","1","0","5","0","0","150","1","true","666","0","-1","0","0","50","1","5","1","1","1","1","1","2490","3110","2070","2590","0","1850","1126","4","10","10","0.2;0.2;0.2;0.2;0.2","0.3;0.2;0.2;0.2;0.1","0.1;0.3;0.3;0.2;0.1","0.2;0.3;0.2;0.2;0.1","206029","206032","207003","206006","","","","1000","333","333","333","","","","0","500","0","0","","","","20001","-1.0","-1.0","-1.0","-1.0","-1.0","-1","-1","-1","-1.0","-1","-1","-1","-1.0","-1","-1.0","-1","-1","-1","-1.0","-1","-1.0","-1","-1.0","-1","0","0","0","0","0","0","0","2.0","2.0","2.0","2.0","2.0","2.0","","1.0","1.0","1.0","1.0","1.0","1.0",""
"22138","修罗傀儡鬼","芙蓉仙子宝宝","","忘川童子宝宝","","","1","","0","4","3","","","2","1","0","0","500250","1","0","5","0","0","150","1","true","666","0","-1","0","0","50","1","5","1","1","1","1","1","3730","4670","1730","2160","0","1850","1126","4","10","10","0.2;0.2;0.2;0.2;0.2","0.3;0.2;0.2;0.2;0.1","0.1;0.3;0.3;0.2;0.1","0.2;0.3;0.2;0.2;0.1","206063","206017","206005","206004","206036","","","1000","1000","333","333","333","","","0","0","0","0","0","","","20001","-1.0","-1.0","-1.0","-1.0","-1.0","-1","-1","-1","-1.0","-1","-1","-1","-1.0","-1","-1.0","-1","-1","-1","-1.0","-1","-1.0","-1","-1.0","-1","0","0","0","0","0","0","0","2.0","2.0","2.0","2.0","2.0","2.0","","1.0","1.0","1.0","1.0","1.0","1.0",""
"22139","修罗傀儡妖","蜃蛇宝宝","","蜃蛇宝宝","","","1","","0","4","3","","","2","1","0","0","500251","1","0","5","0","0","150","1","true","666","0","-1","0","0","50","1","5","1","1","1","1","1","2490","3110","1380","1730","0","1850","1126","4","10","10","0.2;0.2;0.2;0.2;0.2","0.3;0.2;0.2;0.2;0.1","0.1;0.3;0.3;0.2;0.1","0.2;0.3;0.2;0.2;0.1","206049","207012","206027","206005","206031","","","1000","333","333","333","333","","","500","0","0","0","","","","20001","-1.0","-1.0","-1.0","-1.0","-1.0","-1","-1","-1","-1.0","-1","-1","-1","-1.0","-1","-1.0","-1","-1","-1","-1.0","-1","-1.0","-1","-1.0","-1","0","0","0","0","0","0","0","2.0","2.0","2.0","2.0","2.0","2.0","","1.0","1.0","1.0","1.0","1.0","1.0",""
"22140","狂豹","吸血鬼宝宝","","吸血鬼宝宝","","","1","","0","4","3","","","2","1","0","0","500252","1","0","5","0","0","150","1","true","666","0","-1","0","0","50","1","5","1","1","1","1","1","3730","4670","2070","2590","0","1850","1126","4","10","10","0.2;0.2;0.2;0.2;0.2","0.3;0.2;0.2;0.2;0.1","0.1;0.3;0.3;0.2;0.1","0.2;0.3;0.2;0.2;0.1","206030","207016","206027","206033","206032","","","1000","333","333","333","333","","","500","0","0","0","","","","20001","-1.0","-1.0","-1.0","-1.0","-1.0","-1","-1","-1","-1.0","-1","-1","-1","-1.0","-1","-1.0","-1","-1","-1","-1.0","-1","-1.0","-1","-1.0","-1","0","0","0","0","0","0","0","2.0","2.0","2.0","2.0","2.0","2.0","","1.0","1.0","1.0","1.0","1.0","1.0",""
"22141","罗汉","夜叉宝宝","","夜叉宝宝","","","1","","0","4","3","","","2","1","0","0","500253","1","0","5","0","0","150","1","true","666","0","-1","0","0","50","1","5","1","1","1","1","1","3230","4030","2150","2690","0","1850","1156","4","10","10","0.2;0.2;0.2;0.2;0.2","0.3;0.2;0.2;0.2;0.1","0.1;0.3;0.3;0.2;0.1","0.2;0.3;0.2;0.2;0.1","206058","207007","206046","206011","","","","1000","333","333","333","","","","0","500","0","0","","","","20001","-1.0","-1.0","-1.0","-1.0","-1.0","-1","-1","-1","-1.0","-1","-1","-1","-1.0","-1","-1.0","-1","-1","-1","-1.0","-1","-1.0","-1","-1.0","-1","0","0","0","0","0","0","0","2.0","2.0","2.0","2.0","2.0","2.0","","1.0","1.0","1.0","1.0","1.0","1.0",""
"22142","腾蛇","幽莹娃娃宝宝","","幽莹娃娃宝宝","","","1","","0","4","3","","","2","1","0","0","500254","1","0","5","0","0","150","1","true","666","0","-1","0","0","50","1","5","1","1","1","1","1","3870","4840","1430","1790","0","1850","1156","4","10","10","0.2;0.2;0.2;0.2;0.2","0.3;0.2;0.2;0.2;0.1","0.1;0.3;0.3;0.2;0.1","0.2;0.3;0.2;0.2;0.1","206058","206057","206067","206001","","","","1000","333","333","333","","","","0","0","0","0","","","","20001","-1.0","-1.0","-1.0","-1.0","-1.0","-1","-1","-1","-1.0","-1","-1","-1","-1.0","-1","-1.0","-1","-1","-1","-1.0","-1","-1.0","-1","-1.0","-1","0","0","0","0","0","0","0","2.0","2.0","2.0","2.0","2.0","2.0","","1.0","1.0","1.0","1.0","1.0","1.0",""
"22143","蓝龙","鞭笞者宝宝","","鬼将宝宝","","","1","","0","4","3","","","2","1","0","0","500255","1","0","5","0","0","150","1","true","666","0","-1","0","0","50","1","5","1","1","1","1","1","3230","4030","1430","1790","0","1850","1156","4","10","10","0.2;0.2;0.2;0.2;0.2","0.3;0.2;0.2;0.2;0.1","0.1;0.3;0.3;0.2;0.1","0.2;0.3;0.2;0.2;0.1","206050","206039","206001","206019","","","","1000","333","333","333","","","","0","0","0","0","","","","20001","-1.0","-1.0","-1.0","-1.0","-1.0","-1","-1","-1","-1.0","-1","-1","-1","-1.0","-1","-1.0","-1","-1","-1","-1.0","-1","-1.0","-1","-1.0","-1","0","0","0","0","0","0","0","2.0","2.0","2.0","2.0","2.0","2.0","","1.0","1.0","1.0","1.0","1.0","1.0",""
"22144","蝎子精","幽冥书生宝宝","","腐女灵兽","","","1","","0","4","3","","","2","1","0","0","500256","1","0","5","0","0","150","1","true","666","0","-1","0","0","50","1","5","1","1","1","1","1","3870","4840","1430","1790","0","1850","1156","4","10","10","0.2;0.2;0.2;0.2;0.2","0.3;0.2;0.2;0.2;0.1","0.1;0.3;0.3;0.2;0.1","0.2;0.3;0.2;0.2;0.1","206048","207014","206019","206021","206022","","","1000","333","333","333","333","","","500","0","0","0","","","","20001","-1.0","-1.0","-1.0","-1.0","-1.0","-1","-1","-1","-1.0","-1","-1","-1","-1.0","-1","-1.0","-1","-1","-1","-1.0","-1","-1.0","-1","-1.0","-1","0","0","0","0","0","0","0","2.0","2.0","2.0","2.0","2.0","2.0","","1.0","1.0","1.0","1.0","1.0","1.0",""
"22145","持国","蟠桃童子宝宝","","摧毁者宝宝","","","1","","0","4","3","","","2","1","0","0","500257","1","0","5","0","0","150","1","true","666","0","-1","0","0","50","1","5","1","1","1","1","1","4010","5010","1480","1860","0","1850","1186","4","10","10","0.2;0.2;0.2;0.2;0.2","0.3;0.2;0.2;0.2;0.1","0.1;0.3;0.3;0.2;0.1","0.2;0.3;0.2;0.2;0.1","206058","206039","206037","206023","","","","1000","333","333","333","","","","0","0","0","0","0","","","20001","-1.0","-1.0","-1.0","-1.0","-1.0","-1","-1","-1","-1.0","-1","-1","-1","-1.0","-1","-1.0","-1","-1","-1","-1.0","-1","-1.0","-1","-1.0","-1","0","0","0","0","0","0","0","2.0","2.0","2.0","2.0","2.0","2.0","","1.0","1.0","1.0","1.0","1.0","1.0",""
"22146","百足将军","天兵宝宝","","蟠桃童子宝宝","","","1","","0","4","3","","","2","1","0","0","500258","1","0","5","0","0","150","1","true","666","0","-1","0","0","50","1","5","1","1","1","1","1","2670","3340","2230","2780","0","1850","1186","4","10","10","0.2;0.2;0.2;0.2;0.2","0.3;0.2;0.2;0.2;0.1","0.1;0.3;0.3;0.2;0.1","0.2;0.3;0.2;0.2;0.1","206059","207005","206043","206060","","","","1000","333","333","333","","","","0","500","0","0","","","","20001","-1.0","-1.0","-1.0","-1.0","-1.0","-1","-1","-1","-1.0","-1","-1","-1","-1.0","-1","-1.0","-1","-1","-1","-1.0","-1","-1.0","-1","-1.0","-1","0","0","0","0","0","0","0","2.0","2.0","2.0","2.0","2.0","2.0","","1.0","1.0","1.0","1.0","1.0","1.0",""
"22147","蚌精","巨灵神将宝宝","","食人魔宝宝","","","1","","0","4","3","","","2","1","0","0","500259","1","0","5","0","0","150","1","true","666","0","-1","0","0","50","1","5","1","1","1","1","1","4010","5010","1860","2320","0","1850","1186","4","10","10","0.2;0.2;0.2;0.2;0.2","0.3;0.2;0.2;0.2;0.1","0.1;0.3;0.3;0.2;0.1","0.2;0.3;0.2;0.2;0.1","206066","206072","206003","206028","206033","","","1000","1000","333","333","333","","","0","0","0","0","","","","20001","-1.0","-1.0","-1.0","-1.0","-1.0","-1","-1","-1","-1.0","-1","-1","-1","-1.0","-1","-1.0","-1","-1","-1","-1.0","-1","-1.0","-1","-1.0","-1","0","0","0","0","0","0","0","2.0","2.0","2.0","2.0","2.0","2.0","","1.0","1.0","1.0","1.0","1.0","1.0",""
"22148","画魂","御风童子宝宝","","变形者灵兽","","","1","","0","4","3","","","2","1","0","0","500260","1","0","5","0","0","150","1","true","666","0","-1","0","0","50","1","5","1","1","1","1","1","2670","3340","1480","1860","0","1850","1186","4","10","10","0.2;0.2;0.2;0.2;0.2","0.3;0.2;0.2;0.2;0.1","0.1;0.3;0.3;0.2;0.1","0.2;0.3;0.2;0.2;0.1","206066","207009","206069","206012","206033","","","1000","333","333","333","333","","","0","0","0","0","","","","20001","-1.0","-1.0","-1.0","-1.0","-1.0","-1","-1","-1","-1.0","-1","-1","-1","-1.0","-1","-1.0","-1","-1","-1","-1.0","-1","-1.0","-1","-1.0","-1","0","0","0","0","0","0","0","2.0","2.0","2.0","2.0","2.0","2.0","","1.0","1.0","1.0","1.0","1.0","1.0",""
"22149","碧水夜叉","绿飞龙宝宝","","珍露童子宝宝","","","1","","0","4","3","","","2","1","0","0","500261","1","0","5","0","0","150","1","true","666","0","-1","0","0","50","1","5","1","1","1","1","1","4150","5180","2300","2880","0","1850","1216","4","10","10","0.2;0.2;0.2;0.2;0.2","0.3;0.2;0.2;0.2;0.1","0.1;0.3;0.3;0.2;0.1","0.2;0.3;0.2;0.2;0.1","206056","207008","206043","206045","","","","1000","333","333","333","","","","0","0","0","0","","","","20001","-1.0","-1.0","-1.0","-1.0","-1.0","-1","-1","-1","-1.0","-1","-1","-1","-1.0","-1","-1.0","-1","-1","-1","-1.0","-1","-1.0","-1","-1.0","-1","0","0","0","0","0","0","0","2.0","2.0","2.0","2.0","2.0","2.0","","1.0","1.0","1.0","1.0","1.0","1.0",""
"22150","花妖","猴小仙宝宝","","猴小仙宝宝","","","1","","0","4","3","","","2","1","0","0","500262","1","0","5","0","0","150","1","true","666","0","-1","0","0","50","1","5","1","1","1","1","1","2760","3460","1540","1920","0","1850","1216","4","10","10","0.2;0.2;0.2;0.2;0.2","0.3;0.2;0.2;0.2;0.1","0.1;0.3;0.3;0.2;0.1","0.2;0.3;0.2;0.2;0.1","206001","206056","206065","206005","","","","1000","333","333","333","","","","0","500","0","0","","","","20001","-1.0","-1.0","-1.0","-1.0","-1.0","-1","-1","-1","-1.0","-1","-1","-1","-1.0","-1","-1.0","-1","-1","-1","-1.0","-1","-1.0","-1","-1.0","-1","0","0","0","0","0","0","0","2.0","2.0","2.0","2.0","2.0","2.0","","1.0","1.0","1.0","1.0","1.0","1.0",""
"22151","蝴蝶仙子","芙蓉仙子宝宝","","黑龙宝宝","","","1","","0","4","3","","","2","1","0","0","500263","1","0","5","0","0","150","1","true","666","0","-1","0","0","50","1","5","1","1","1","1","1","3460","4320","1540","1920","0","1850","1216","4","10","10","0.2;0.2;0.2;0.2;0.2","0.3;0.2;0.2;0.2;0.1","0.1;0.3;0.3;0.2;0.1","0.2;0.3;0.2;0.2;0.1","206060","206050","206058","206059","","","","1000","333","333","333","","","","0","0","0","0","","","","20001","-1.0","-1.0","-1.0","-1.0","-1.0","-1","-1","-1","-1.0","-1","-1","-1","-1.0","-1","-1.0","-1","-1","-1","-1.0","-1","-1.0","-1","-1.0","-1","0","0","0","0","0","0","0","2.0","2.0","2.0","2.0","2.0","2.0","","1.0","1.0","1.0","1.0","1.0","1.0",""
"22152","狐狸精","巡游天神宝宝","","绿龙灵兽","","","1","","0","4","3","","","2","1","0","0","500264","1","0","5","0","0","150","1","true","666","0","-1","0","0","50","1","5","1","1","1","1","1","4150","5180","1540","1920","0","1850","1216","4","10","10","0.2;0.2;0.2;0.2;0.2","0.3;0.2;0.2;0.2;0.1","0.1;0.3;0.3;0.2;0.1","0.2;0.3;0.2;0.2;0.1","206069","207015","206009","206014","206015","","","1000","333","333","333","333","","","0","500","0","0","0","","","20001","-1.0","-1.0","-1.0","-1.0","-1.0","-1","-1","-1","-1.0","-1","-1","-1","-1.0","-1","-1.0","-1","-1","-1","-1.0","-1","-1.0","-1","-1.0","-1","0","0","0","0","0","0","0","2.0","2.0","2.0","2.0","2.0","2.0","","1.0","1.0","1.0","1.0","1.0","1.0",""
"22153","鲛人","炎魔使者宝宝","","蛟龙宝宝","","","1","","0","4","3","","","2","1","0","0","500265","1","0","5","0","0","150","1","true","666","0","-1","0","0","50","1","5","1","1","1","1","1","4290","5360","2380","2980","0","1850","1246","4","10","10","0.2;0.2;0.2;0.2;0.2","0.3;0.2;0.2;0.2;0.1","0.1;0.3;0.3;0.2;0.1","0.2;0.3;0.2;0.2;0.1","206070","207005","206051","206060","","","","1000","333","333","333","","","","0","0","500","0","0","","","20001","-1.0","-1.0","-1.0","-1.0","-1.0","-1","-1","-1","-1.0","-1","-1","-1","-1.0","-1","-1.0","-1","-1","-1","-1.0","-1","-1.0","-1","-1.0","-1","0","0","0","0","0","0","0","2.0","2.0","2.0","2.0","2.0","2.0","","1.0","1.0","1.0","1.0","1.0","1.0",""
"22154","机关鸟","凤凰仙子宝宝","","凤凰仙子宝宝","","","1","","0","4","3","","","2","1","0","0","500266","1","0","5","0","0","150","1","true","666","0","-1","0","0","50","1","5","1","1","1","1","1","4290","5360","1980","2480","0","1850","1246","4","10","10","0.2;0.2;0.2;0.2;0.2","0.3;0.2;0.2;0.2;0.1","0.1;0.3;0.3;0.2;0.1","0.2;0.3;0.2;0.2;0.1","206050","206058","206057","206067","","","","1000","333","333","333","","","","0","0","0","0","","","","20001","-1.0","-1.0","-1.0","-1.0","-1.0","-1","-1","-1","-1.0","-1","-1","-1","-1.0","-1","-1.0","-1","-1","-1","-1.0","-1","-1.0","-1","-1.0","-1","0","0","0","0","0","0","0","2.0","2.0","2.0","2.0","2.0","2.0","","1.0","1.0","1.0","1.0","1.0","1.0",""
"22155","锦毛貂精","鬼剑宝宝","","鬼剑宝宝","","","1","","0","4","3","","","2","1","0","0","500267","1","0","5","0","0","150","1","true","666","0","-1","0","0","50","1","5","1","1","1","1","1","2860","3570","2380","2980","0","1850","1246","4","10","10","0.2;0.2;0.2;0.2;0.2","0.3;0.2;0.2;0.2;0.1","0.1;0.3;0.3;0.2;0.1","0.2;0.3;0.2;0.2;0.1","206043","207006","206046","206045","","","","1000","333","333","333","","","","0","500","0","0","","","","20001","-1.0","-1.0","-1.0","-1.0","-1.0","-1","-1","-1","-1.0","-1","-1","-1","-1.0","-1","-1.0","-1","-1","-1","-1.0","-1","-1.0","-1","-1.0","-1","0","0","0","0","0","0","0","2.0","2.0","2.0","2.0","2.0","2.0","","1.0","1.0","1.0","1.0","1.0","1.0",""
"22156","千年蛇魅","羽云仙子宝宝","","羽云仙子宝宝","","","1","","0","4","3","","","2","1","0","0","500268","1","0","5","0","0","150","1","true","666","0","-1","0","0","50","1","5","1","1","1","1","1","4290","5360","1590","1980","0","1850","1246","4","10","10","0.2;0.2;0.2;0.2;0.2","0.3;0.2;0.2;0.2;0.1","0.1;0.3;0.3;0.2;0.1","0.2;0.3;0.2;0.2;0.1","206054","207013","206073","206003","206020","","","1000","333","333","333","333","","","0","500","0","0","","","","20001","-1.0","-1.0","-1.0","-1.0","-1.0","-1","-1","-1","-1.0","-1","-1","-1","-1.0","-1","-1.0","-1","-1","-1","-1.0","-1","-1.0","-1","-1.0","-1","0","0","0","0","0","0","0","2.0","2.0","2.0","2.0","2.0","2.0","","1.0","1.0","1.0","1.0","1.0","1.0",""
"22157","鼠先锋","布雨神君宝宝","","芙蓉仙子宝宝","","","1","","0","4","3","","","2","1","0","0","500269","1","0","5","0","0","150","1","true","666","0","-1","0","0","50","1","5","1","1","1","1","1","2950","3690","1640","2050","0","1850","1276","4","10","10","0.2;0.2;0.2;0.2;0.2","0.3;0.2;0.2;0.2;0.1","0.1;0.3;0.3;0.2;0.1","0.2;0.3;0.2;0.2;0.1","206072","206052","206058","206038","206051","","","1000","333","333","333","333","","","0","0","0","0","","","","20001","-1.0","-1.0","-1.0","-1.0","-1.0","-1","-1","-1","-1.0","-1","-1","-1","-1.0","-1","-1.0","-1","-1","-1","-1.0","-1","-1.0","-1","-1.0","-1","0","0","0","0","0","0","0","2.0","2.0","2.0","2.0","2.0","2.0","","1.0","1.0","1.0","1.0","1.0","1.0",""
"22158","天将","武罗仙子宝宝","","武罗仙子宝宝","","","1","","0","4","3","","","2","1","0","0","500270","1","0","5","0","0","150","1","true","666","0","-1","0","0","50","1","5","1","1","1","1","1","4420","5530","1640","2050","0","1850","1276","4","10","10","0.2;0.2;0.2;0.2;0.2","0.3;0.2;0.2;0.2;0.1","0.1;0.3;0.3;0.2;0.1","0.2;0.3;0.2;0.2;0.1","206040","206066","206069","206039","206049","","","1000","333","333","333","333","","","0","0","0","0","","","","20001","-1.0","-1.0","-1.0","-1.0","-1.0","-1","-1","-1","-1.0","-1","-1","-1","-1.0","-1","-1.0","-1","-1","-1","-1.0","-1","-1.0","-1","-1.0","-1","0","0","0","0","0","0","0","2.0","2.0","2.0","2.0","2.0","2.0","","1.0","1.0","1.0","1.0","1.0","1.0",""
"22159","小龙女","噬天虎宝宝","","女妖宝宝","","","1","","0","4","3","","","2","1","0","0","500271","1","0","5","0","0","150","1","true","666","0","-1","0","0","50","1","5","1","1","1","1","1","4420","5530","2460","3070","0","1850","1276","4","10","10","0.2;0.2;0.2;0.2;0.2","0.3;0.2;0.2;0.2;0.1","0.1;0.3;0.3;0.2;0.1","0.2;0.3;0.2;0.2;0.1","207006","206065","206064","206063","206062","","","1000","333","333","333","333","","","500","0","0","0","0","","","20001","-1.0","-1.0","-1.0","-1.0","-1.0","-1","-1","-1","-1.0","-1","-1","-1","-1.0","-1","-1.0","-1","-1","-1","-1.0","-1","-1.0","-1","-1.0","-1","0","0","0","0","0","0","0","2.0","2.0","2.0","2.0","2.0","2.0","","1.0","1.0","1.0","1.0","1.0","1.0",""
"22160","犀牛将军人","雾中仙宝宝","","雾中仙宝宝","","","1","","0","4","3","","","2","1","0","0","500272","1","0","5","0","0","150","1","true","666","0","-1","0","0","50","1","5","1","1","1","1","1","3690","4610","1640","2050","0","1850","1276","4","10","10","0.2;0.2;0.2;0.2;0.2","0.3;0.2;0.2;0.2;0.1","0.1;0.3;0.3;0.2;0.1","0.2;0.3;0.2;0.2;0.1","206056","207010","206060","206054","206070","","","1000","333","333","333","333","","","0","500","0","0","0","","","20001","-1.0","-1.0","-1.0","-1.0","-1.0","-1","-1","-1","-1.0","-1","-1","-1","-1.0","-1","-1.0","-1","-1","-1","-1.0","-1","-1.0","-1","-1.0","-1","0","0","0","0","0","0","0","2.0","2.0","2.0","2.0","2.0","2.0","","1.0","1.0","1.0","1.0","1.0","1.0",""
"22161","犀牛将军兽","变异野猪宝宝","","变异野猪宝宝","","","1","","0","4","3","","","2","1","1","0","500273","1","0","5","0","0","150","1","true","666","0","-1","0","0","50","1","5","1","1","1","1","1","3270","4110","1210","1520","0","1850","976","4","10","10","0.2;0.2;0.2;0.2;0.2","0.3;0.2;0.2;0.2;0.1","0.1;0.3;0.3;0.2;0.1","0.2;0.3;0.2;0.2;0.1","206003","206023","","","","","","333","333","","","","","","0","0","0","","","","","20001","-1.0","-1.0","-1.0","-1.0","-1.0","-1","-1","-1","-1.0","-1","-1","-1","-1.0","-1","-1.0","-1","-1","-1","-1.0","-1","-1.0","-1","-1.0","-1","0","0","0","0","0","0","0","2.0","2.0","2.0","2.0","2.0","2.0","","1.0","1.0","1.0","1.0","1.0","1.0",""
"22162","野猪精","变异老虎宝宝","","变异老虎宝宝","","","1","","0","4","3","","","2","1","1","0","500274","1","0","5","0","0","150","1","true","666","0","-1","0","0","50","1","5","1","1","1","1","1","2820","3540","1250","1570","0","1850","976","4","10","10","0.2;0.2;0.2;0.2;0.2","0.3;0.2;0.2;0.2;0.1","0.1;0.3;0.3;0.2;0.1","0.2;0.3;0.2;0.2;0.1","206002","206003","206023","","","","","333","333","333","","","","","0","0","0","","","","","20001","-1.0","-1.0","-1.0","-1.0","-1.0","-1","-1","-1","-1.0","-1","-1","-1","-1.0","-1","-1.0","-1","-1","-1","-1.0","-1","-1.0","-1","-1.0","-1","0","0","0","0","0","0","0","2.0","2.0","2.0","2.0","2.0","2.0","","1.0","1.0","1.0","1.0","1.0","1.0",""
"22163","阴阳伞","变异羊头怪宝宝","","变异羊头怪宝宝","","","1","","0","4","3","","","2","1","1","0","500275","1","0","5","0","0","150","1","true","666","0","-1","0","0","50","1","5","1","1","1","1","1","2625","1455","1310","1095","0","1850","1006","4","10","10","0.2;0.2;0.2;0.2;0.2","0.3;0.2;0.2;0.2;0.1","0.1;0.3;0.3;0.2;0.1","0.2;0.3;0.2;0.2;0.1","206002","206003","206023","206033","","","","1001","333","333","333","","","","0","0","0","","","","","20001","-1.0","-1.0","-1.0","-1.0","-1.0","-1","-1","-1","-1.0","-1","-1","-1","-1.0","-1","-1.0","-1","-1","-1","-1.0","-1","-1.0","-1","-1.0","-1","0","0","0","0","0","0","0","2.0","2.0","2.0","2.0","2.0","2.0","","1.0","1.0","1.0","1.0","1.0","1.0",""
"22164","雨师","变异泡泡宝宝","","变异泡泡宝宝","","","1","","0","4","3","","","2","1","1","0","500276","1","0","5","0","0","150","1","true","666","0","-1","0","0","50","1","5","1","1","1","1","1","2910","3650","1290","1620","0","1850","1006","4","10","10","0.2;0.2;0.2;0.2;0.2","0.3;0.2;0.2;0.2;0.1","0.1;0.3;0.3;0.2;0.1","0.2;0.3;0.2;0.2;0.1","206002","206003","206021","206013","","","","1000","333","333","333","","","","500","0","0","0","","","","20001","-1.0","-1.0","-1.0","-1.0","-1.0","-1","-1","-1","-1.0","-1","-1","-1","-1.0","-1","-1.0","-1","-1","-1","-1.0","-1","-1.0","-1","-1.0","-1","0","0","0","0","0","0","0","2.0","2.0","2.0","2.0","2.0","2.0","","1.0","1.0","1.0","1.0","1.0","1.0",""
"22165","花果山猴子","变异牛头宝宝","","变异牛头宝宝","","","1","","0","4","3","","","2","1","1","1","500277","1","0","5","0","0","150","1","true","666","0","-1","0","0","50","1","5","1","1","1","1","1","3600","4530","1330","1680","0","1850","1036","4","10","10","0.2;0.2;0.2;0.2;0.2","0.3;0.2;0.2;0.2;0.1","0.1;0.3;0.3;0.2;0.1","0.2;0.3;0.2;0.2;0.1","206003","206002","206015","206026","","","","1000","333","333","333","","","","0","0","0","0","","","","20001","-1.0","-1.0","-1.0","-1.0","-1.0","-1","-1","-1","-1.0","-1","-1","-1","-1.0","-1","-1.0","-1","-1","-1","-1.0","-1","-1.0","-1","-1.0","-1","0","0","0","0","0","0","0","2.0","2.0","2.0","2.0","2.0","2.0","","1.0","1.0","1.0","1.0","1.0","1.0",""
"22166","长眉灵猴","变异马面宝宝","","变异马面宝宝","","","1","","0","4","3","","","2","1","1","0","500278","1","0","5","0","0","150","1","true","666","0","-1","0","0","50","1","5","1","1","1","1","1","3600","4530","2000","2510","0","1850","1036","4","10","10","0.2;0.2;0.2;0.2;0.2","0.3;0.2;0.2;0.2;0.1","0.1;0.3;0.3;0.2;0.1","0.2;0.3;0.2;0.2;0.1","207001","206033","206011","206023","","","","1000","333","333","333","","","","0","0","0","0","","","","20001","-1.0","-1.0","-1.0","-1.0","-1.0","-1","-1","-1","-1.0","-1","-1","-1","-1.0","-1","-1.0","-1","-1","-1","-1.0","-1","-1.0","-1","-1.0","-1","0","0","0","0","0","0","0","2.0","2.0","2.0","2.0","2.0","2.0","","1.0","1.0","1.0","1.0","1.0","1.0",""
"22167","机关兽","变异龟丞相宝宝","","变异龟丞相宝宝","","","1","","0","4","3","","","2","1","1","1","500279","1","0","5","0","0","150","1","true","666","0","-1","0","0","50","1","5","1","1","1","1","1","2400","3020","1330","1680","0","1850","1036","4","10","10","0.2;0.2;0.2;0.2;0.2","0.3;0.2;0.2;0.2;0.1","0.1;0.3;0.3;0.2;0.1","0.2;0.3;0.2;0.2;0.1","206004","206001","206018","206033","","","","1000","333","333","333","","","","0","0","0","0","","","","20001","-1.0","-1.0","-1.0","-1.0","-1.0","-1","-1","-1","-1.0","-1","-1","-1","-1.0","-1","-1.0","-1","-1","-1","-1.0","-1","-1.0","-1","-1.0","-1","0","0","0","0","0","0","0","2.0","2.0","2.0","2.0","2.0","2.0","","1.0","1.0","1.0","1.0","1.0","1.0",""
"22168","连弩车","变异净瓶女娲宝宝","","变异净瓶女娲宝宝","","","1","","0","4","3","","","2","1","1","0","500280","1","0","5","0","0","150","1","true","666","0","-1","0","0","50","1","5","1","1","1","1","1","3000","3770","2000","2510","0","1850","1036","4","10","10","0.2;0.2;0.2;0.2;0.2","0.3;0.2;0.2;0.2;0.1","0.1;0.3;0.3;0.2;0.1","0.2;0.3;0.2;0.2;0.1","207006","207002","206048","206070","206026","","","1000","333","333","333","333","","","500","500","0","0","","","","20001","-1.0","-1.0","-1.0","-1.0","-1.0","-1","-1","-1","-1.0","-1","-1","-1","-1.0","-1","-1.0","-1","-1","-1","-1.0","-1","-1.0","-1","-1.0","-1","0","0","0","0","0","0","0","2.0","2.0","2.0","2.0","2.0","2.0","","1.0","1.0","1.0","1.0","1.0","1.0",""
"22169","闪气妖","变异虾兵宝宝","","变异虾兵宝宝","","","1","","0","4","3","","","2","1","1","0","500281","1","0","5","0","0","150","1","true","666","0","-1","0","0","50","1","5","1","1","1","1","1","3720","4670","2060","2590","0","1850","1066","4","10","10","0.2;0.2;0.2;0.2;0.2","0.3;0.2;0.2;0.2;0.1","0.1;0.3;0.3;0.2;0.1","0.2;0.3;0.2;0.2;0.1","206066","207008","206054","206053","","","","1000","333","333","333","","","","0","500","0","0","","","","20001","-1.0","-1.0","-1.0","-1.0","-1.0","-1","-1","-1","-1.0","-1","-1","-1","-1.0","-1","-1.0","-1","-1","-1","-1.0","-1","-1.0","-1","-1.0","-1","0","0","0","0","0","0","0","2.0","2.0","2.0","2.0","2.0","2.0","","1.0","1.0","1.0","1.0","1.0","1.0",""
"22170","龟丞相","变异蟹将宝宝","","变异蟹将宝宝","","","1","","0","4","3","","","2","1","1","0","500282","1","0","5","0","0","150","1","true","666","0","-1","0","0","50","1","5","1","1","1","1","1","3100","3890","1380","1730","0","1850","1066","4","10","10","0.2;0.2;0.2;0.2;0.2","0.3;0.2;0.2;0.2;0.1","0.1;0.3;0.3;0.2;0.1","0.2;0.3;0.2;0.2;0.1","206067","206002","206001","206026","","","","1000","333","333","333","","","","0","0","0","0","","","","20001","-1.0","-1.0","-1.0","-1.0","-1.0","-1","-1","-1","-1.0","-1","-1","-1","-1.0","-1","-1.0","-1","-1","-1","-1.0","-1","-1.0","-1","-1.0","-1","0","0","0","0","0","0","0","2.0","2.0","2.0","2.0","2.0","2.0","","1.0","1.0","1.0","1.0","1.0","1.0",""
"22171","赌徒","变异远古瑞兽宝宝","","变异远古瑞兽宝宝","","","1","","0","4","3","","","2","1","1","0","500283","1","0","5","0","0","150","1","true","666","0","-1","0","0","50","1","5","1","1","1","1","1","3720","4670","1380","1730","0","1850","1066","4","10","10","0.2;0.2;0.2;0.2;0.2","0.3;0.2;0.2;0.2;0.1","0.1;0.3;0.3;0.2;0.1","0.2;0.3;0.2;0.2;0.1","206066","206003","206033","206016","","","","1000","333","333","333","","","","0","0","0","0","","","","20001","-1.0","-1.0","-1.0","-1.0","-1.0","-1","-1","-1","-1.0","-1","-1","-1","-1.0","-1","-1.0","-1","-1","-1","-1.0","-1","-1.0","-1","-1.0","-1","0","0","0","0","0","0","0","2.0","2.0","2.0","2.0","2.0","2.0","","1.0","1.0","1.0","1.0","1.0","1.0",""
"22172","海毛虫","变异灵符女娲宝宝","","变异灵符女娲宝宝","","","1","","0","4","3","","","2","1","1","0","500284","1","0","5","0","0","150","1","true","666","0","-1","0","0","50","1","5","1","1","1","1","1","2480","3110","2060","2590","0","1850","1066","4","10","10","0.2;0.2;0.2;0.2;0.2","0.3;0.2;0.2;0.2;0.1","0.1;0.3;0.3;0.2;0.1","0.2;0.3;0.2;0.2;0.1","207008","206067","206046","206054","206053","","","1000","333","333","333","333","","","500","0","0","0","","","","20001","-1.0","-1.0","-1.0","-1.0","-1.0","-1","-1","-1","-1.0","-1","-1","-1","-1.0","-1","-1.0","-1","-1","-1","-1.0","-1","-1.0","-1","-1.0","-1","0","0","0","0","0","0","0","2.0","2.0","2.0","2.0","2.0","2.0","","1.0","1.0","1.0","1.0","1.0","1.0",""
"22173","白熊","变异野猪宝宝","","变异鲛将军宝宝","","","1","","0","4","3","","","2","1","1","0","500285","1","0","5","0","0","150","1","true","666","0","-1","0","0","50","1","5","1","1","1","1","1","3860","4850","1430","1800","0","1850","1096","4","10","10","0.2;0.2;0.2;0.2;0.2","0.3;0.2;0.2;0.2;0.1","0.1;0.3;0.3;0.2;0.1","0.2;0.3;0.2;0.2;0.1","206053","206050","206037","206020","","","","1000","333","333","333","","","","0","0","0","0","","","","20001","-1.0","-1.0","-1.0","-1.0","-1.0","-1","-1","-1","-1.0","-1","-1","-1","-1.0","-1","-1.0","-1","-1","-1","-1.0","-1","-1.0","-1","-1.0","-1","0","0","0","0","0","0","0","2.0","2.0","2.0","2.0","2.0","2.0","","1.0","1.0","1.0","1.0","1.0","1.0",""
"22174","大蝙蝠","变异吸血蝙蝠宝宝","","变异蚌仙子宝宝","","","1","","0","4","3","","","2","1","1","0","500286","1","0","5","0","0","150","1","true","666","0","-1","0","0","50","1","5","1","1","1","1","1","3220","4040","1430","1800","0","1850","1096","4","10","10","0.2;0.2;0.2;0.2;0.2","0.3;0.2;0.2;0.2;0.1","0.1;0.3;0.3;0.2;0.1","0.2;0.3;0.2;0.2;0.1","206049","206019","206072","206037","","","","1000","333","333","333","","","","0","0","0","0","","","","20001","-1.0","-1.0","-1.0","-1.0","-1.0","-1","-1","-1","-1.0","-1","-1","-1","-1.0","-1","-1.0","-1","-1","-1","-1.0","-1","-1.0","-1","-1.0","-1","0","0","0","0","0","0","0","2.0","2.0","2.0","2.0","2.0","2.0","","1.0","1.0","1.0","1.0","1.0","1.0",""
"22175","蛤蟆精","变异鲛将军宝宝","","变异龙女宝宝","","","1","","0","4","3","","","2","1","1","1","500287","1","0","5","0","0","150","1","true","666","0","-1","0","0","50","1","5","1","1","1","1","1","3860","4850","2150","2700","0","1850","1096","4","10","10","0.2;0.2;0.2;0.2;0.2","0.3;0.2;0.2;0.2;0.1","0.1;0.3;0.3;0.2;0.1","0.2;0.3;0.2;0.2;0.1","206058","206030","207001","206014","","","","1000","333","333","333","","","","0","0","0","0","","","","20001","-1.0","-1.0","-1.0","-1.0","-1.0","-1","-1","-1","-1.0","-1","-1","-1","-1.0","-1","-1.0","-1","-1","-1","-1.0","-1","-1.0","-1","-1.0","-1","0","0","0","0","0","0","0","2.0","2.0","2.0","2.0","2.0","2.0","","1.0","1.0","1.0","1.0","1.0","1.0",""
"22176","黑山老妖","变异律法女娲宝宝","","变异律法女娲宝宝","","","1","","0","4","3","","","2","1","1","0","500288","1","0","5","0","0","150","1","true","666","0","-1","0","0","50","1","5","1","1","1","1","1","2580","3230","2150","2700","0","1850","1096","4","10","10","0.2;0.2;0.2;0.2;0.2","0.3;0.2;0.2;0.2;0.1","0.1;0.3;0.3;0.2;0.1","0.2;0.3;0.2;0.2;0.1","207006","206048","206014","206045","206030","","","1000","333","333","333","333","","","500","0","0","0","","","","20001","-1.0","-1.0","-1.0","-1.0","-1.0","-1","-1","-1","-1.0","-1","-1","-1","-1.0","-1","-1.0","-1","-1","-1","-1.0","-1","-1.0","-1","-1.0","-1","0","0","0","0","0","0","0","2.0","2.0","2.0","2.0","2.0","2.0","","1.0","1.0","1.0","1.0","1.0","1.0",""
"22177","谛听","变异千年僵尸宝宝","","变异千年僵尸宝宝","","","1","","0","4","3","","","2","1","1","1","500289","1","0","5","0","0","150","1","true","666","0","-1","0","0","50","1","5","1","1","1","1","1","3340","4200","1490","1870","0","1850","1126","4","10","10","0.2;0.2;0.2;0.2;0.2","0.3;0.2;0.2;0.2;0.1","0.1;0.3;0.3;0.2;0.1","0.2;0.3;0.2;0.2;0.1","206005","206019","206037","206001","","","","1000","333","333","333","","","","0","0","0","0","","","","20001","-1.0","-1.0","-1.0","-1.0","-1.0","-1","-1","-1","-1.0","-1","-1","-1","-1.0","-1","-1.0","-1","-1","-1","-1.0","-1","-1.0","-1","-1.0","-1","0","0","0","0","0","0","0","2.0","2.0","2.0","2.0","2.0","2.0","","1.0","1.0","1.0","1.0","1.0","1.0",""
"22178","大海龟","变异孤魂野鬼宝宝","","变异孤魂野鬼宝宝","","","1","","0","4","3","","","2","1","1","0","500201","1","0","5","0","0","150","1","true","666","0","-1","0","0","50","1","5","1","1","1","1","1","2670","3360","2230","2800","0","1850","1126","4","10","10","0.2;0.2;0.2;0.2;0.2","0.3;0.2;0.2;0.2;0.1","0.1;0.3;0.3;0.2;0.1","0.2;0.3;0.2;0.2;0.1","206029","206032","207003","206006","","","","1000","333","333","333","","","","0","500","0","0","","","","20001","-1.0","-1.0","-1.0","-1.0","-1.0","-1","-1","-1","-1.0","-1","-1","-1","-1.0","-1","-1.0","-1","-1","-1","-1.0","-1","-1.0","-1","-1.0","-1","0","0","0","0","0","0","0","2.0","2.0","2.0","2.0","2.0","2.0","","1.0","1.0","1.0","1.0","1.0","1.0",""
"22179","护卫","变异芙蓉仙子宝宝","","变异忘川童子宝宝","","","1","","0","4","3","","","2","1","1","0","500202","1","0","5","0","0","150","1","true","666","0","-1","0","0","50","1","5","1","1","1","1","1","4010","5040","1860","2330","0","1850","1126","4","10","10","0.2;0.2;0.2;0.2;0.2","0.3;0.2;0.2;0.2;0.1","0.1;0.3;0.3;0.2;0.1","0.2;0.3;0.2;0.2;0.1","206063","206017","206005","206004","206036","","","1000","1000","333","333","333","","","0","0","0","0","0","","","20001","-1.0","-1.0","-1.0","-1.0","-1.0","-1","-1","-1","-1.0","-1","-1","-1","-1.0","-1","-1.0","-1","-1","-1","-1.0","-1","-1.0","-1","-1.0","-1","0","0","0","0","0","0","0","2.0","2.0","2.0","2.0","2.0","2.0","","1.0","1.0","1.0","1.0","1.0","1.0",""
"22180","泡泡","变异蜃蛇宝宝","","变异蜃蛇宝宝","","","1","","0","4","3","","","2","1","1","1","500203","1","0","5","0","0","150","1","true","666","0","-1","0","0","50","1","5","1","1","1","1","1","2670","3360","1490","1870","0","1850","1126","4","10","10","0.2;0.2;0.2;0.2;0.2","0.3;0.2;0.2;0.2;0.1","0.1;0.3;0.3;0.2;0.1","0.2;0.3;0.2;0.2;0.1","206049","207012","206027","206005","206031","","","1000","333","333","333","333","","","500","0","0","0","","","","20001","-1.0","-1.0","-1.0","-1.0","-1.0","-1","-1","-1","-1.0","-1","-1","-1","-1.0","-1","-1.0","-1","-1","-1","-1.0","-1","-1.0","-1","-1.0","-1","0","0","0","0","0","0","0","2.0","2.0","2.0","2.0","2.0","2.0","","1.0","1.0","1.0","1.0","1.0","1.0",""
"22181","巨蛙","变异吸血鬼宝宝","","变异吸血鬼宝宝","","","1","","0","4","3","","","2","1","1","1","500204","1","0","5","0","0","150","1","true","666","0","-1","0","0","50","1","5","1","1","1","1","1","4010","5040","2230","2800","0","1850","1126","4","10","10","0.2;0.2;0.2;0.2;0.2","0.3;0.2;0.2;0.2;0.1","0.1;0.3;0.3;0.2;0.1","0.2;0.3;0.2;0.2;0.1","206030","207016","206027","206033","206032","","","1000","333","333","333","333","","","500","0","0","0","","","","20001","-1.0","-1.0","-1.0","-1.0","-1.0","-1","-1","-1","-1.0","-1","-1","-1","-1.0","-1","-1.0","-1","-1","-1","-1.0","-1","-1.0","-1","-1.0","-1","0","0","0","0","0","0","0","2.0","2.0","2.0","2.0","2.0","2.0","","1.0","1.0","1.0","1.0","1.0","1.0",""
"22182","树怪","变异夜叉宝宝","","变异夜叉宝宝","","","1","","0","4","3","","","2","1","1","0","500205","1","0","5","0","0","150","1","true","666","0","-1","0","0","50","1","5","1","1","1","1","1","3470","4350","2310","2900","0","1850","1156","4","10","10","0.2;0.2;0.2;0.2;0.2","0.3;0.2;0.2;0.2;0.1","0.1;0.3;0.3;0.2;0.1","0.2;0.3;0.2;0.2;0.1","206058","207007","206046","206011","","","","1000","333","333","333","","","","0","500","0","0","","","","20001","-1.0","-1.0","-1.0","-1.0","-1.0","-1","-1","-1","-1.0","-1","-1","-1","-1.0","-1","-1.0","-1","-1","-1","-1.0","-1","-1.0","-1","-1.0","-1","0","0","0","0","0","0","0","2.0","2.0","2.0","2.0","2.0","2.0","","1.0","1.0","1.0","1.0","1.0","1.0",""
"22183","野猪","变异幽莹娃娃宝宝","","变异幽莹娃娃宝宝","","","1","","0","4","3","","","2","1","1","1","500206","1","0","5","0","0","150","1","true","666","0","-1","0","0","50","1","5","1","1","1","1","1","4160","5230","1540","1940","0","1850","1156","4","10","10","0.2;0.2;0.2;0.2;0.2","0.3;0.2;0.2;0.2;0.1","0.1;0.3;0.3;0.2;0.1","0.2;0.3;0.2;0.2;0.1","206058","206057","206067","206001","","","","1000","333","333","333","","","","0","0","0","0","","","","20001","-1.0","-1.0","-1.0","-1.0","-1.0","-1","-1","-1","-1.0","-1","-1","-1","-1.0","-1","-1.0","-1","-1","-1","-1.0","-1","-1.0","-1","-1.0","-1","0","0","0","0","0","0","0","2.0","2.0","2.0","2.0","2.0","2.0","","1.0","1.0","1.0","1.0","1.0","1.0",""
"22184","黑熊精","变异鞭笞者宝宝","","变异鬼将宝宝","","","1","","0","4","3","","","2","1","1","1","500207","1","0","5","0","0","150","1","true","666","0","-1","0","0","50","1","5","1","1","1","1","1","3470","4350","1540","1940","0","1850","1156","4","10","10","0.2;0.2;0.2;0.2;0.2","0.3;0.2;0.2;0.2;0.1","0.1;0.3;0.3;0.2;0.1","0.2;0.3;0.2;0.2;0.1","206050","206039","206001","206019","","","","1000","333","333","333","","","","0","0","0","0","","","","20001","-1.0","-1.0","-1.0","-1.0","-1.0","-1","-1","-1","-1.0","-1","-1","-1","-1.0","-1","-1.0","-1","-1","-1","-1.0","-1","-1.0","-1","-1.0","-1","0","0","0","0","0","0","0","2.0","2.0","2.0","2.0","2.0","2.0","","1.0","1.0","1.0","1.0","1.0","1.0",""
"22185","骷髅怪","变异幽冥书生宝宝","","变异腐女灵兽","","","1","","0","4","3","","","2","1","1","0","500208","1","0","5","0","0","150","1","true","666","0","-1","0","0","50","1","5","1","1","1","1","1","4160","5230","1540","1940","0","1850","1156","4","10","10","0.2;0.2;0.2;0.2;0.2","0.3;0.2;0.2;0.2;0.1","0.1;0.3;0.3;0.2;0.1","0.2;0.3;0.2;0.2;0.1","206048","207014","206019","206021","206022","","","1000","333","333","333","333","","","500","0","0","0","","","","20001","-1.0","-1.0","-1.0","-1.0","-1.0","-1","-1","-1","-1.0","-1","-1","-1","-1.0","-1","-1.0","-1","-1","-1","-1.0","-1","-1.0","-1","-1.0","-1","0","0","0","0","0","0","0","2.0","2.0","2.0","2.0","2.0","2.0","","1.0","1.0","1.0","1.0","1.0","1.0",""
"22186","老虎","变异蟠桃童子宝宝","","变异摧毁者宝宝","","","1","","0","4","3","","","2","1","1","0","500209","1","0","5","0","0","150","1","true","666","0","-1","0","0","50","1","5","1","1","1","1","1","4310","5410","1600","2000","0","1850","1186","4","10","10","0.2;0.2;0.2;0.2;0.2","0.3;0.2;0.2;0.2;0.1","0.1;0.3;0.3;0.2;0.1","0.2;0.3;0.2;0.2;0.1","206058","206039","206037","206023","","","","1000","333","333","333","","","","0","0","0","0","0","","","20001","-1.0","-1.0","-1.0","-1.0","-1.0","-1","-1","-1","-1.0","-1","-1","-1","-1.0","-1","-1.0","-1","-1","-1","-1.0","-1","-1.0","-1","-1.0","-1","0","0","0","0","0","0","0","2.0","2.0","2.0","2.0","2.0","2.0","","1.0","1.0","1.0","1.0","1.0","1.0",""
"22187","强盗","变异天兵宝宝","","变异蟠桃童子宝宝","","","1","","0","4","3","","","2","1","1","0","500210","1","0","5","0","0","150","1","true","666","0","-1","0","0","50","1","5","1","1","1","1","1","2870","3610","2390","3010","0","1850","1186","4","10","10","0.2;0.2;0.2;0.2;0.2","0.3;0.2;0.2;0.2;0.1","0.1;0.3;0.3;0.2;0.1","0.2;0.3;0.2;0.2;0.1","206059","207005","206043","206060","","","","1000","333","333","333","","","","0","500","0","0","","","","20001","-1.0","-1.0","-1.0","-1.0","-1.0","-1","-1","-1","-1.0","-1","-1","-1","-1.0","-1","-1.0","-1","-1","-1","-1.0","-1","-1.0","-1","-1.0","-1","0","0","0","0","0","0","0","2.0","2.0","2.0","2.0","2.0","2.0","","1.0","1.0","1.0","1.0","1.0","1.0",""
"22188","山贼","变异巨灵神将宝宝","","变异食人魔宝宝","","","1","","0","4","3","","","2","1","1","0","500211","1","0","5","0","0","150","1","true","666","0","-1","0","0","50","1","5","1","1","1","1","1","4310","5410","2000","2510","0","1850","1186","4","10","10","0.2;0.2;0.2;0.2;0.2","0.3;0.2;0.2;0.2;0.1","0.1;0.3;0.3;0.2;0.1","0.2;0.3;0.2;0.2;0.1","206066","206072","206003","206028","206033","","","1000","1000","333","333","333","","","0","0","0","0","","","","20001","-1.0","-1.0","-1.0","-1.0","-1.0","-1","-1","-1","-1.0","-1","-1","-1","-1.0","-1","-1.0","-1","-1","-1","-1.0","-1","-1.0","-1","-1.0","-1","0","0","0","0","0","0","0","2.0","2.0","2.0","2.0","2.0","2.0","","1.0","1.0","1.0","1.0","1.0","1.0",""
"22189","羊头怪","变异御风童子宝宝","","变异变形者灵兽","","","1","","0","4","3","","","2","1","1","0","500212","1","0","5","0","0","150","1","true","666","0","-1","0","0","50","1","5","1","1","1","1","1","2870","3610","1600","2000","0","1850","1186","4","10","10","0.2;0.2;0.2;0.2;0.2","0.3;0.2;0.2;0.2;0.1","0.1;0.3;0.3;0.2;0.1","0.2;0.3;0.2;0.2;0.1","206066","207009","206069","206012","206033","","","1000","333","333","333","333","","","0","0","0","0","","","","20001","-1.0","-1.0","-1.0","-1.0","-1.0","-1","-1","-1","-1.0","-1","-1","-1","-1.0","-1","-1.0","-1","-1","-1","-1.0","-1","-1.0","-1","-1.0","-1","0","0","0","0","0","0","0","2.0","2.0","2.0","2.0","2.0","2.0","","1.0","1.0","1.0","1.0","1.0","1.0",""
"22190","孤魂野鬼","变异绿飞龙宝宝","","变异珍露童子宝宝","","","1","","0","4","3","","","2","1","1","0","500213","1","0","5","0","0","150","1","true","666","0","-1","0","0","50","1","5","1","1","1","1","1","4460","5600","2480","3110","0","1850","1216","4","10","10","0.2;0.2;0.2;0.2;0.2","0.3;0.2;0.2;0.2;0.1","0.1;0.3;0.3;0.2;0.1","0.2;0.3;0.2;0.2;0.1","206056","207008","206043","206045","","","","1000","333","333","333","","","","0","0","0","0","","","","20001","-1.0","-1.0","-1.0","-1.0","-1.0","-1","-1","-1","-1.0","-1","-1","-1","-1.0","-1","-1.0","-1","-1","-1","-1.0","-1","-1.0","-1","-1.0","-1","0","0","0","0","0","0","0","2.0","2.0","2.0","2.0","2.0","2.0","","1.0","1.0","1.0","1.0","1.0","1.0",""
"22191","狼","变异猴小仙宝宝","","变异猴小仙宝宝","","","1","","0","4","3","","","2","1","1","1","500214","1","0","5","0","0","150","1","true","666","0","-1","0","0","50","1","5","1","1","1","1","1","2970","3730","1650","2070","0","1850","1216","4","10","10","0.2;0.2;0.2;0.2;0.2","0.3;0.2;0.2;0.2;0.1","0.1;0.3;0.3;0.2;0.1","0.2;0.3;0.2;0.2;0.1","206001","206056","206065","206005","","","","1000","333","333","333","","","","0","500","0","0","","","","20001","-1.0","-1.0","-1.0","-1.0","-1.0","-1","-1","-1","-1.0","-1","-1","-1","-1.0","-1","-1.0","-1","-1","-1","-1.0","-1","-1.0","-1","-1.0","-1","0","0","0","0","0","0","0","2.0","2.0","2.0","2.0","2.0","2.0","","1.0","1.0","1.0","1.0","1.0","1.0",""
"22192","牛妖","变异芙蓉仙子宝宝","","变异黑龙宝宝","","","1","","0","4","3","","","2","1","1","1","500215","1","0","5","0","0","150","1","true","666","0","-1","0","0","50","1","5","1","1","1","1","1","3720","4670","1650","2070","0","1850","1216","4","10","10","0.2;0.2;0.2;0.2;0.2","0.3;0.2;0.2;0.2;0.1","0.1;0.3;0.3;0.2;0.1","0.2;0.3;0.2;0.2;0.1","206060","206050","206058","206059","","","","1000","333","333","333","","","","0","0","0","0","","","","20001","-1.0","-1.0","-1.0","-1.0","-1.0","-1","-1","-1","-1.0","-1","-1","-1","-1.0","-1","-1.0","-1","-1","-1","-1.0","-1","-1.0","-1","-1.0","-1","0","0","0","0","0","0","0","2.0","2.0","2.0","2.0","2.0","2.0","","1.0","1.0","1.0","1.0","1.0","1.0",""
"22193","虾兵","变异巡游天神宝宝","","变异绿龙灵兽","","","1","","0","4","3","","","2","1","1","0","500216","1","0","5","0","0","150","1","true","666","0","-1","0","0","50","1","5","1","1","1","1","1","4460","5600","1650","2070","0","1850","1216","4","10","10","0.2;0.2;0.2;0.2;0.2","0.3;0.2;0.2;0.2;0.1","0.1;0.3;0.3;0.2;0.1","0.2;0.3;0.2;0.2;0.1","206069","207015","206009","206014","206015","","","1000","333","333","333","333","","","0","500","0","0","0","","","20001","-1.0","-1.0","-1.0","-1.0","-1.0","-1","-1","-1","-1.0","-1","-1","-1","-1.0","-1","-1.0","-1","-1","-1","-1.0","-1","-1.0","-1","-1.0","-1","0","0","0","0","0","0","0","2.0","2.0","2.0","2.0","2.0","2.0","","1.0","1.0","1.0","1.0","1.0","1.0",""
"22194","蟹将","变异炎魔使者宝宝","","变异蛟龙宝宝","","","1","","0","4","3","","","2","1","1","0","500217","1","0","5","0","0","150","1","true","666","0","-1","0","0","50","1","5","1","1","1","1","1","4610","5790","2560","3210","0","1850","1246","4","10","10","0.2;0.2;0.2;0.2;0.2","0.3;0.2;0.2;0.2;0.1","0.1;0.3;0.3;0.2;0.1","0.2;0.3;0.2;0.2;0.1","206070","207005","206051","206060","","","","1000","333","333","333","","","","0","0","500","0","0","","","20001","-1.0","-1.0","-1.0","-1.0","-1.0","-1","-1","-1","-1.0","-1","-1","-1","-1.0","-1","-1.0","-1","-1","-1","-1.0","-1","-1.0","-1","-1.0","-1","0","0","0","0","0","0","0","2.0","2.0","2.0","2.0","2.0","2.0","","1.0","1.0","1.0","1.0","1.0","1.0",""
"22195","马面","变异凤凰仙子宝宝","","变异凤凰仙子宝宝","","","1","","0","4","3","","","2","1","1","0","500218","1","0","5","0","0","150","1","true","666","0","-1","0","0","50","1","5","1","1","1","1","1","4610","5790","2130","2680","0","1850","1246","4","10","10","0.2;0.2;0.2;0.2;0.2","0.3;0.2;0.2;0.2;0.1","0.1;0.3;0.3;0.2;0.1","0.2;0.3;0.2;0.2;0.1","206050","206058","206057","206067","","","","1000","333","333","333","","","","0","0","0","0","","","","20001","-1.0","-1.0","-1.0","-1.0","-1.0","-1","-1","-1","-1.0","-1","-1","-1","-1.0","-1","-1.0","-1","-1","-1","-1.0","-1","-1.0","-1","-1.0","-1","0","0","0","0","0","0","0","2.0","2.0","2.0","2.0","2.0","2.0","","1.0","1.0","1.0","1.0","1.0","1.0",""
"22196","牛头","变异鬼剑宝宝","","变异鬼剑宝宝","","","1","","0","4","3","","","2","1","1","0","500219","1","0","5","0","0","150","1","true","666","0","-1","0","0","50","1","5","1","1","1","1","1","3070","3860","2560","3210","0","1850","1246","4","10","10","0.2;0.2;0.2;0.2;0.2","0.3;0.2;0.2;0.2;0.1","0.1;0.3;0.3;0.2;0.1","0.2;0.3;0.2;0.2;0.1","206043","207006","206046","206045","","","","1000","333","333","333","","","","0","500","0","0","","","","20001","-1.0","-1.0","-1.0","-1.0","-1.0","-1","-1","-1","-1.0","-1","-1","-1","-1.0","-1","-1.0","-1","-1","-1","-1.0","-1","-1.0","-1","-1.0","-1","0","0","0","0","0","0","0","2.0","2.0","2.0","2.0","2.0","2.0","","1.0","1.0","1.0","1.0","1.0","1.0",""
"22197","千年僵尸","变异羽云仙子宝宝","","变异羽云仙子宝宝","","","1","","0","4","3","","","2","1","1","0","500220","1","0","5","0","0","150","1","true","666","0","-1","0","0","50","1","5","1","1","1","1","1","4610","5790","1710","2140","0","1850","1246","4","10","10","0.2;0.2;0.2;0.2;0.2","0.3;0.2;0.2;0.2;0.1","0.1;0.3;0.3;0.2;0.1","0.2;0.3;0.2;0.2;0.1","206054","207013","206073","206003","206020","","","1000","333","333","333","333","","","0","500","0","0","","","","20001","-1.0","-1.0","-1.0","-1.0","-1.0","-1","-1","-1","-1.0","-1","-1","-1","-1.0","-1","-1.0","-1","-1","-1","-1.0","-1","-1.0","-1","-1.0","-1","0","0","0","0","0","0","0","2.0","2.0","2.0","2.0","2.0","2.0","","1.0","1.0","1.0","1.0","1.0","1.0",""
"22198","蜘蛛精","变异布雨神君","","变异芙蓉仙子宝宝","","","1","","0","4","3","","","2","1","1","0","500221","1","0","5","0","0","150","1","true","666","0","-1","0","0","50","1","5","1","1","1","1","1","3170","3980","1760","2210","0","1850","1276","4","10","10","0.2;0.2;0.2;0.2;0.2","0.3;0.2;0.2;0.2;0.1","0.1;0.3;0.3;0.2;0.1","0.2;0.3;0.2;0.2;0.1","206072","206052","206058","206038","206051","","","1000","333","333","333","333","","","0","0","0","0","","","","20001","-1.0","-1.0","-1.0","-1.0","-1.0","-1","-1","-1","-1.0","-1","-1","-1","-1.0","-1","-1.0","-1","-1","-1","-1.0","-1","-1.0","-1","-1.0","-1","0","0","0","0","0","0","0","2.0","2.0","2.0","2.0","2.0","2.0","","1.0","1.0","1.0","1.0","1.0","1.0",""
"22199","古代瑞兽","变异武罗仙子宝宝","","变异武罗仙子宝宝","","","1","","0","4","3","","","2","1","1","0","500222","1","0","5","0","0","150","1","true","666","0","-1","0","0","50","1","5","1","1","1","1","1","4760","5970","1760","2210","0","1850","1276","4","10","10","0.2;0.2;0.2;0.2;0.2","0.3;0.2;0.2;0.2;0.1","0.1;0.3;0.3;0.2;0.1","0.2;0.3;0.2;0.2;0.1","206040","206066","206069","206039","206049","","","1000","333","333","333","333","","","0","0","0","0","","","","20001","-1.0","-1.0","-1.0","-1.0","-1.0","-1","-1","-1","-1.0","-1","-1","-1","-1.0","-1","-1.0","-1","-1","-1","-1.0","-1","-1.0","-1","-1.0","-1","0","0","0","0","0","0","0","2.0","2.0","2.0","2.0","2.0","2.0","","1.0","1.0","1.0","1.0","1.0","1.0",""
"22200","雷鸟人","变异噬天虎宝宝","","变异女妖宝宝","","","1","","0","4","3","","","2","1","1","0","500223","1","0","5","0","0","150","1","true","666","0","-1","0","0","50","1","5","1","1","1","1","1","4760","5970","2640","3320","0","1850","1276","4","10","10","0.2;0.2;0.2;0.2;0.2","0.3;0.2;0.2;0.2;0.1","0.1;0.3;0.3;0.2;0.1","0.2;0.3;0.2;0.2;0.1","207006","206065","206064","206063","206062","","","1000","333","333","333","333","","","500","0","0","0","0","","","20001","-1.0","-1.0","-1.0","-1.0","-1.0","-1","-1","-1","-1.0","-1","-1","-1","-1.0","-1","-1.0","-1","-1","-1","-1.0","-1","-1.0","-1","-1.0","-1","0","0","0","0","0","0","0","2.0","2.0","2.0","2.0","2.0","2.0","","1.0","1.0","1.0","1.0","1.0","1.0",""
"22201","兔子怪","变异雾中仙宝宝","","变异雾中仙宝宝","","","1","","0","4","3","","","2","1","1","0","500224","1","0","5","0","0","150","1","true","666","0","-1","0","0","50","1","5","1","1","1","1","1","3960","4980","1760","2210","0","1850","1276","4","10","10","0.2;0.2;0.2;0.2;0.2","0.3;0.2;0.2;0.2;0.1","0.1;0.3;0.3;0.2;0.1","0.2;0.3;0.2;0.2;0.1","206056","207010","206060","206054","206070","","","1000","333","333","333","333","","","0","500","0","0","0","","","20001","-1.0","-1.0","-1.0","-1.0","-1.0","-1","-1","-1","-1.0","-1","-1","-1","-1.0","-1","-1.0","-1","-1","-1","-1.0","-1","-1.0","-1","-1.0","-1","0","0","0","0","0","0","0","2.0","2.0","2.0","2.0","2.0","2.0","","1.0","1.0","1.0","1.0","1.0","1.0",""
"22202","地狱战神","羊头怪","","","","","1","","0","4","1","","","2","1","0","0","500225","1","0","5","0","0","150","1","true","666","0","-1","0","0","50","1","5","1","1","1","1","1","3045","1125","1015","845","0","1300","1006","4","10","10","0.2;0.2;0.2;0.2;0.2","0.3;0.2;0.2;0.2;0.1","0.1;0.3;0.3;0.2;0.1","0.2;0.3;0.2;0.2;0.1","1010160","206001","206035","206021","206024","","","1001","333","333","333","","","","0","0","0","","","","","","-1.0","-1.0","-1.0","-1.0","-1.0","-1","-1","-1","-1.0","-1","-1","-1","-1.0","-1","-1.0","-1","-1","-1","-1.0","-1","-1.0","-1","-1.0","-1","0","0","0","0","0","0","0","2.0","2.0","2.0","2.0","2.0","2.0","","1.0","1.0","1.0","1.0","1.0","1.0",""
"22203","风波","羊头怪精英","","","","","1","","0","4","2","","","2","1","0","0","500226","1","0","5","0","0","150","1","true","666","0","-1","0","0","50","1","5","1","1","1","1","1","3045","1125","1015","845","0","1350","1006","4","10","10","0.2;0.2;0.2;0.2;0.2","0.3;0.2;0.2;0.2;0.1","0.1;0.3;0.3;0.2;0.1","0.2;0.3;0.2;0.2;0.1","1010160","206001","206035","206021","206024","","","1001","333","333","333","","","","0","0","0","","","","","","-1.0","-1.0","-1.0","-1.0","-1.0","-1","-1","-1","-1.0","-1","-1","-1","-1.0","-1","-1.0","-1","-1","-1","-1.0","-1","-1.0","-1","-1.0","-1","0","0","0","0","0","0","0","2.0","2.0","2.0","2.0","2.0","2.0","","1.0","1.0","1.0","1.0","1.0","1.0",""
"22204","天兵","羊头怪宝宝","","","","","1","","0","4","3","","","2","1","0","0","500227","1","0","5","0","0","150","1","true","666","0","-1","0","0","50","1","5","1","1","1","1","1","3655","1350","1215","1015","0","1450","1006","4","10","10","0.2;0.2;0.2;0.2;0.2","0.3;0.2;0.2;0.2;0.1","0.1;0.3;0.3;0.2;0.1","0.2;0.3;0.2;0.2;0.1","1010160","206001","206035","206021","206024","","","1001","333","333","333","","","","0","0","0","","","","","20001","-1.0","-1.0","-1.0","-1.0","-1.0","-1","-1","-1","-1.0","-1","-1","-1","-1.0","-1","-1.0","-1","-1","-1","-1.0","-1","-1.0","-1","-1.0","-1","0","0","0","0","0","0","0","2.0","2.0","2.0","2.0","2.0","2.0","","1.0","1.0","1.0","1.0","1.0","1.0",""
"22205","凤凰仙子","变异羊头怪宝宝","","","","","1","","0","4","3","","","2","1","1","0","500228","1","0","5","0","0","150","1","true","666","0","-1","0","0","50","1","5","1","1","1","1","1","3940","1455","1310","1095","0","1850","1006","4","10","10","0.2;0.2;0.2;0.2;0.2","0.3;0.2;0.2;0.2;0.1","0.1;0.3;0.3;0.2;0.1","0.2;0.3;0.2;0.2;0.1","1010160","206001","206035","206021","206024","","","1001","333","333","333","","","","0","0","0","","","","","20001","-1.0","-1.0","-1.0","-1.0","-1.0","-1","-1","-1","-1.0","-1","-1","-1","-1.0","-1","-1.0","-1","-1","-1","-1.0","-1","-1.0","-1","-1.0","-1","0","0","0","0","0","0","0","2.0","2.0","2.0","2.0","2.0","2.0","","1.0","1.0","1.0","1.0","1.0","1.0",""
"22220","蛟龙","野猪宝宝","精英副本","","","","1","","0","4","3","","","2","1","0","0","500229","1","0","5","0","0","150","1","true","333","0","-1","0","0","50","1","5","300","1","1","1","1","3040","3800","1130","1410","0","1200","976","4","10","10","0.2;0.2;0.2;0.2;0.2","0.3;0.2;0.2;0.2;0.1","0.1;0.3;0.3;0.2;0.1","0.2;0.3;0.2;0.2;0.1","206003","206023","","","","","","333","333","","","","","","0","0","0","","","","","17100;17155","-1.0","-1.0","-1.0","-1.0","-1.0","-1","-1","-1","-1.0","-1","-1","-1","-1.0","-1","-1.0","-1","-1","-1","-1.0","-1","-1.0","-1","-1.0","-1","0","0","0","0","0","0","0","2.0","2.0","2.0","2.0","2.0","2.0","","1.0","1.0","1.0","1.0","1.0","1.0",""
"22221","嘲风","老虎宝宝","精英副本","","","","1","","0","4","3","","","2","1","0","0","500230","1","0","5","0","0","150","1","true","333","0","-1","0","0","50","1","5","300","1","1","1","1","2620","3280","1160","1460","0","1200","976","4","10","10","0.2;0.2;0.2;0.2;0.2","0.3;0.2;0.2;0.2;0.1","0.1;0.3;0.3;0.2;0.1","0.2;0.3;0.2;0.2;0.1","206002","206003","206023","","","","","333","333","333","","","","","0","0","0","","","","","17100;17155","-1.0","-1.0","-1.0","-1.0","-1.0","-1","-1","-1","-1.0","-1","-1","-1","-1.0","-1","-1.0","-1","-1","-1","-1.0","-1","-1.0","-1","-1.0","-1","0","0","0","0","0","0","0","2.0","2.0","2.0","2.0","2.0","2.0","","1.0","1.0","1.0","1.0","1.0","1.0",""
"22222","吸血鬼","羊头怪宝宝","精英副本","","","","1","","0","4","3","","","2","1","0","0","500231","1","0","5","0","0","150","1","true","333","0","-1","0","0","50","1","5","300","1","1","1","1","2170","2710","1200","1500","0","1450","1006","4","10","10","0.2;0.2;0.2;0.2;0.2","0.3;0.2;0.2;0.2;0.1","0.1;0.3;0.3;0.2;0.1","0.2;0.3;0.2;0.2;0.1","206001","206035","206023","206033","","","","333","333","333","333","","","","0","0","0","","","","","17100;17155","-1.0","-1.0","-1.0","-1.0","-1.0","-1","-1","-1","-1.0","-1","-1","-1","-1.0","-1","-1.0","-1","-1","-1","-1.0","-1","-1.0","-1","-1.0","-1","0","0","0","0","0","0","0","2.0","2.0","2.0","2.0","2.0","2.0","","1.0","1.0","1.0","1.0","1.0","1.0",""
"22223","芙蓉仙子","泡泡宝宝","精英副本","","","","1","","0","4","3","","","2","1","0","0","500232","1","0","5","0","0","150","1","true","333","0","-1","0","0","50","1","5","300","1","1","1","1","2710","3380","1200","1500","0","1250","1006","4","10","10","0.2;0.2;0.2;0.2;0.2","0.3;0.2;0.2;0.2;0.1","0.1;0.3;0.3;0.2;0.1","0.2;0.3;0.2;0.2;0.1","206002","206003","206021","206013","","","","1000","333","333","333","","","","500","0","0","0","","","","17100;17155","-1.0","-1.0","-1.0","-1.0","-1.0","-1","-1","-1","-1.0","-1","-1","-1","-1.0","-1","-1.0","-1","-1","-1","-1.0","-1","-1.0","-1","-1.0","-1","0","0","0","0","0","0","0","2.0","2.0","2.0","2.0","2.0","2.0","","1.0","1.0","1.0","1.0","1.0","1.0",""
"22224","如意仙子","牛头宝宝","精英副本","","","","1","","0","4","3","","","2","1","0","0","500233","1","0","5","0","0","150","1","true","333","0","-1","0","0","50","1","5","300","1","1","1","1","3350","4190","1240","1550","0","1700","1036","4","10","10","0.2;0.2;0.2;0.2;0.2","0.3;0.2;0.2;0.2;0.1","0.1;0.3;0.3;0.2;0.1","0.2;0.3;0.2;0.2;0.1","206003","206002","206015","206026","","","","1000","333","333","333","","","","0","0","0","0","","","","17100;17155","-1.0","-1.0","-1.0","-1.0","-1.0","-1","-1","-1","-1.0","-1","-1","-1","-1.0","-1","-1.0","-1","-1","-1","-1.0","-1","-1.0","-1","-1.0","-1","0","0","0","0","0","0","0","2.0","2.0","2.0","2.0","2.0","2.0","","1.0","1.0","1.0","1.0","1.0","1.0",""
"22225","星灵仙子","马面宝宝","精英副本","","","","1","","0","4","3","","","2","1","0","0","500234","1","0","5","0","0","150","1","true","333","0","-1","0","0","50","1","5","300","1","1","1","1","3350","4190","1860","2330","0","1800","1036","4","10","10","0.2;0.2;0.2;0.2;0.2","0.3;0.2;0.2;0.2;0.1","0.1;0.3;0.3;0.2;0.1","0.2;0.3;0.2;0.2;0.1","207001","206033","206011","206023","","","","1000","333","333","333","","","","0","0","0","0","","","","17100;17155","-1.0","-1.0","-1.0","-1.0","-1.0","-1","-1","-1","-1.0","-1","-1","-1","-1.0","-1","-1.0","-1","-1","-1","-1.0","-1","-1.0","-1","-1.0","-1","0","0","0","0","0","0","0","2.0","2.0","2.0","2.0","2.0","2.0","","1.0","1.0","1.0","1.0","1.0","1.0",""
"22226","巡游天神","龟丞相宝宝","精英副本","","","","1","","0","4","3","","","2","1","0","0","500235","1","0","5","0","0","150","1","true","333","0","-1","0","0","50","1","5","300","1","1","1","1","2230","2790","1240","1550","0","1750","1036","4","10","10","0.2;0.2;0.2;0.2;0.2","0.3;0.2;0.2;0.2;0.1","0.1;0.3;0.3;0.2;0.1","0.2;0.3;0.2;0.2;0.1","206004","206001","206018","206033","","","","1000","333","333","333","","","","0","0","0","0","","","","17100;17155","-1.0","-1.0","-1.0","-1.0","-1.0","-1","-1","-1","-1.0","-1","-1","-1","-1.0","-1","-1.0","-1","-1","-1","-1.0","-1","-1.0","-1","-1.0","-1","0","0","0","0","0","0","0","2.0","2.0","2.0","2.0","2.0","2.0","","1.0","1.0","1.0","1.0","1.0","1.0",""
"22227","律法女娲","净瓶女娲宝宝","精英副本","","","","1","","0","4","3","","","2","1","0","0","500236","1","0","5","0","0","150","1","true","333","0","-1","0","0","50","1","5","1000","1","1","1","1","2790","3490","1860","2330","0","1800","1036","4","10","10","0.2;0.2;0.2;0.2;0.2","0.3;0.2;0.2;0.2;0.1","0.1;0.3;0.3;0.2;0.1","0.2;0.3;0.2;0.2;0.1","207006","207002","206048","206070","206026","","","1000","333","333","333","333","","","500","500","0","0","","","","17100;17155","-1.0","-1.0","-1.0","-1.0","-1.0","-1","-1","-1","-1.0","-1","-1","-1","-1.0","-1","-1.0","-1","-1","-1","-1.0","-1","-1.0","-1","-1.0","-1","0","0","0","0","0","0","0","2.0","2.0","2.0","2.0","2.0","2.0","","1.0","1.0","1.0","1.0","1.0","1.0",""
"22228","幽灵","虾兵宝宝","精英副本","","","","1","","0","4","3","","","2","1","0","0","500237","1","0","5","0","0","150","1","true","333","0","-1","0","0","50","1","5","300","1","1","1","1","3460","4320","1920","2400","0","1850","1066","4","10","10","0.2;0.2;0.2;0.2;0.2","0.3;0.2;0.2;0.2;0.1","0.1;0.3;0.3;0.2;0.1","0.2;0.3;0.2;0.2;0.1","206066","207008","206054","206053","","","","1000","333","333","333","","","","0","500","0","0","","","","17100;17155","-1.0","-1.0","-1.0","-1.0","-1.0","-1","-1","-1","-1.0","-1","-1","-1","-1.0","-1","-1.0","-1","-1","-1","-1.0","-1","-1.0","-1","-1.0","-1","0","0","0","0","0","0","0","2.0","2.0","2.0","2.0","2.0","2.0","","1.0","1.0","1.0","1.0","1.0","1.0",""
"22229","鬼将","蟹将宝宝","精英副本","","","","1","","0","4","3","","","2","1","0","0","500238","1","0","5","0","0","150","1","true","333","0","-1","0","0","50","1","5","300","1","1","1","1","2880","3600","1280","1600","0","1800","1066","4","10","10","0.2;0.2;0.2;0.2;0.2","0.3;0.2;0.2;0.2;0.1","0.1;0.3;0.3;0.2;0.1","0.2;0.3;0.2;0.2;0.1","206067","206002","206001","206026","","","","1000","333","333","333","","","","0","0","0","0","","","","17100;17155","-1.0","-1.0","-1.0","-1.0","-1.0","-1","-1","-1","-1.0","-1","-1","-1","-1.0","-1","-1.0","-1","-1","-1","-1.0","-1","-1.0","-1","-1.0","-1","0","0","0","0","0","0","0","2.0","2.0","2.0","2.0","2.0","2.0","","1.0","1.0","1.0","1.0","1.0","1.0",""
"22230","净瓶女娲","远古瑞兽宝宝","精英副本","","","","1","","0","4","3","","","2","1","0","0","500239","1","0","5","0","0","150","1","true","333","0","-1","0","0","50","1","5","300","1","1","1","1","3460","4320","1280","1600","0","1850","1066","4","10","10","0.2;0.2;0.2;0.2;0.2","0.3;0.2;0.2;0.2;0.1","0.1;0.3;0.3;0.2;0.1","0.2;0.3;0.2;0.2;0.1","206066","206003","206033","206016","","","","1000","333","333","333","","","","0","0","0","0","","","","17100;17155","-1.0","-1.0","-1.0","-1.0","-1.0","-1","-1","-1","-1.0","-1","-1","-1","-1.0","-1","-1.0","-1","-1","-1","-1.0","-1","-1.0","-1","-1.0","-1","0","0","0","0","0","0","0","2.0","2.0","2.0","2.0","2.0","2.0","","1.0","1.0","1.0","1.0","1.0","1.0",""
"22231","灵符女娲","灵符女娲宝宝","精英副本","","","","1","","0","4","3","","","2","1","0","0","500240","1","0","5","0","0","150","1","true","333","0","-1","0","0","50","1","5","1000","1","1","1","1","2300","2880","1920","2400","0","1850","1066","4","10","10","0.2;0.2;0.2;0.2;0.2","0.3;0.2;0.2;0.2;0.1","0.1;0.3;0.3;0.2;0.1","0.2;0.3;0.2;0.2;0.1","207008","206067","206046","206054","206053","","","1000","333","333","333","333","","","500","0","0","0","","","","17100;17155","-1.0","-1.0","-1.0","-1.0","-1.0","-1","-1","-1","-1.0","-1","-1","-1","-1.0","-1","-1.0","-1","-1","-1","-1.0","-1","-1.0","-1","-1.0","-1","0","0","0","0","0","0","0","2.0","2.0","2.0","2.0","2.0","2.0","","1.0","1.0","1.0","1.0","1.0","1.0",""
"22232","巴蛇","野猪宝宝","精英副本","","","","1","","0","4","3","","","2","1","0","0","500241","1","0","5","0","0","150","1","true","333","0","-1","0","0","50","1","5","300","1","1","1","1","3590","4490","1330","1660","0","1850","1096","4","10","10","0.2;0.2;0.2;0.2;0.2","0.3;0.2;0.2;0.2;0.1","0.1;0.3;0.3;0.2;0.1","0.2;0.3;0.2;0.2;0.1","206053","206050","206037","206020","","","","1000","333","333","333","","","","0","0","0","0","","","","17100;17155","-1.0","-1.0","-1.0","-1.0","-1.0","-1","-1","-1","-1.0","-1","-1","-1","-1.0","-1","-1.0","-1","-1","-1","-1.0","-1","-1.0","-1","-1.0","-1","0","0","0","0","0","0","0","2.0","2.0","2.0","2.0","2.0","2.0","","1.0","1.0","1.0","1.0","1.0","1.0",""
"22233","大力金刚","吸血蝙蝠宝宝","精英副本","","","","1","","0","4","3","","","2","1","0","0","500242","1","0","5","0","0","150","1","true","333","0","-1","0","0","50","1","5","300","1","1","1","1","3000","3740","1330","1660","0","1850","1096","4","10","10","0.2;0.2;0.2;0.2;0.2","0.3;0.2;0.2;0.2;0.1","0.1;0.3;0.3;0.2;0.1","0.2;0.3;0.2;0.2;0.1","206049","206019","206072","206037","","","","1000","333","333","333","","","","0","0","0","0","","","","17100;17155","-1.0","-1.0","-1.0","-1.0","-1.0","-1","-1","-1","-1.0","-1","-1","-1","-1.0","-1","-1.0","-1","-1","-1","-1.0","-1","-1.0","-1","-1.0","-1","0","0","0","0","0","0","0","2.0","2.0","2.0","2.0","2.0","2.0","","1.0","1.0","1.0","1.0","1.0","1.0",""
"22234","灵鹤","鲛将军宝宝","精英副本","","","","1","","0","4","3","","","2","1","0","0","500243","1","0","5","0","0","150","1","true","333","0","-1","0","0","50","1","5","300","1","1","1","1","3590","4490","2000","2500","0","1850","1096","4","10","10","0.2;0.2;0.2;0.2;0.2","0.3;0.2;0.2;0.2;0.1","0.1;0.3;0.3;0.2;0.1","0.2;0.3;0.2;0.2;0.1","206058","206030","207001","206014","","","","1000","333","333","333","","","","0","0","0","0","","","","17100;17155","-1.0","-1.0","-1.0","-1.0","-1.0","-1","-1","-1","-1.0","-1","-1","-1","-1.0","-1","-1.0","-1","-1","-1","-1.0","-1","-1.0","-1","-1.0","-1","0","0","0","0","0","0","0","2.0","2.0","2.0","2.0","2.0","2.0","","1.0","1.0","1.0","1.0","1.0","1.0",""
"22235","龙龟","律法女娲宝宝","精英副本","","","","1","","0","4","3","","","2","1","0","0","500244","1","0","5","0","0","150","1","true","333","0","-1","0","0","50","1","5","1000","1","1","1","1","2400","3000","2000","2500","0","1850","1096","4","10","10","0.2;0.2;0.2;0.2;0.2","0.3;0.2;0.2;0.2;0.1","0.1;0.3;0.3;0.2;0.1","0.2;0.3;0.2;0.2;0.1","207006","206048","206014","206045","206030","","","1000","333","333","333","333","","","500","0","0","0","","","","17100;17155","-1.0","-1.0","-1.0","-1.0","-1.0","-1","-1","-1","-1.0","-1","-1","-1","-1.0","-1","-1.0","-1","-1","-1","-1.0","-1","-1.0","-1","-1.0","-1","0","0","0","0","0","0","0","2.0","2.0","2.0","2.0","2.0","2.0","","1.0","1.0","1.0","1.0","1.0","1.0",""
"22236","噬天虎","千年僵尸宝宝","精英副本","","","","1","","0","4","3","","","2","1","0","0","500245","1","0","5","0","0","150","1","true","333","0","-1","0","0","50","1","5","300","1","1","1","1","3110","3890","1380","1730","0","1850","1126","4","10","10","0.2;0.2;0.2;0.2;0.2","0.3;0.2;0.2;0.2;0.1","0.1;0.3;0.3;0.2;0.1","0.2;0.3;0.2;0.2;0.1","206005","206019","206037","206001","","","","1000","333","333","333","","","","0","0","0","0","","","","17100;17155","-1.0","-1.0","-1.0","-1.0","-1.0","-1","-1","-1","-1.0","-1","-1","-1","-1.0","-1","-1.0","-1","-1","-1","-1.0","-1","-1.0","-1","-1.0","-1","0","0","0","0","0","0","0","2.0","2.0","2.0","2.0","2.0","2.0","","1.0","1.0","1.0","1.0","1.0","1.0",""
"22237","夜罗刹","孤魂野鬼宝宝","精英副本","","","","1","","0","4","3","","","2","1","0","0","500246","1","0","5","0","0","150","1","true","333","0","-1","0","0","50","1","5","300","1","1","1","1","2490","3110","2070","2590","0","1850","1126","4","10","10","0.2;0.2;0.2;0.2;0.2","0.3;0.2;0.2;0.2;0.1","0.1;0.3;0.3;0.2;0.1","0.2;0.3;0.2;0.2;0.1","206029","206032","207003","206006","","","","1000","333","333","333","","","","0","500","0","0","","","","17100;17155","-1.0","-1.0","-1.0","-1.0","-1.0","-1","-1","-1","-1.0","-1","-1","-1","-1.0","-1","-1.0","-1","-1","-1","-1.0","-1","-1.0","-1","-1.0","-1","0","0","0","0","0","0","0","2.0","2.0","2.0","2.0","2.0","2.0","","1.0","1.0","1.0","1.0","1.0","1.0",""
"22238","踏云兽","芙蓉仙子宝宝","精英副本","","","","1","","0","4","3","","","2","1","0","0","500247","1","0","5","0","0","150","1","true","333","0","-1","0","0","50","1","5","300","1","1","1","1","3730","4670","1730","2160","0","1850","1126","4","10","10","0.2;0.2;0.2;0.2;0.2","0.3;0.2;0.2;0.2;0.1","0.1;0.3;0.3;0.2;0.1","0.2;0.3;0.2;0.2;0.1","206063","206017","206005","206004","206036","","","1000","1000","333","333","333","","","0","0","0","0","0","","","17100;17155","-1.0","-1.0","-1.0","-1.0","-1.0","-1","-1","-1","-1.0","-1","-1","-1","-1.0","-1","-1.0","-1","-1","-1","-1.0","-1","-1.0","-1","-1.0","-1","0","0","0","0","0","0","0","2.0","2.0","2.0","2.0","2.0","2.0","","1.0","1.0","1.0","1.0","1.0","1.0",""
"22239","雾中仙","蜃蛇宝宝","精英副本","","","","1","","0","4","3","","","2","1","0","0","500248","1","0","5","0","0","150","1","true","333","0","-1","0","0","50","1","5","1000","1","1","1","1","2490","3110","1380","1730","0","1850","1126","4","10","10","0.2;0.2;0.2;0.2;0.2","0.3;0.2;0.2;0.2;0.1","0.1;0.3;0.3;0.2;0.1","0.2;0.3;0.2;0.2;0.1","206049","207012","206027","206005","206031","","","1000","333","333","333","333","","","500","0","0","0","","","","17100;17155","-1.0","-1.0","-1.0","-1.0","-1.0","-1","-1","-1","-1.0","-1","-1","-1","-1.0","-1","-1.0","-1","-1","-1","-1.0","-1","-1.0","-1","-1.0","-1","0","0","0","0","0","0","0","2.0","2.0","2.0","2.0","2.0","2.0","","1.0","1.0","1.0","1.0","1.0","1.0",""
"22240","炎魔神","吸血鬼宝宝","精英副本","","","","1","","0","4","3","","","2","1","0","0","500249","1","0","5","0","0","150","1","true","333","0","-1","0","0","50","1","5","1000","1","1","1","1","3730","4670","2070","2590","0","1850","1126","4","10","10","0.2;0.2;0.2;0.2;0.2","0.3;0.2;0.2;0.2;0.1","0.1;0.3;0.3;0.2;0.1","0.2;0.3;0.2;0.2;0.1","206030","207016","206027","206033","206032","","","1000","333","333","333","333","","","500","0","0","0","","","","17100;17155","-1.0","-1.0","-1.0","-1.0","-1.0","-1","-1","-1","-1.0","-1","-1","-1","-1.0","-1","-1.0","-1","-1","-1","-1.0","-1","-1.0","-1","-1.0","-1","0","0","0","0","0","0","0","2.0","2.0","2.0","2.0","2.0","2.0","","1.0","1.0","1.0","1.0","1.0","1.0",""
"22241","修罗傀儡鬼","夜叉宝宝","精英副本","","","","1","","0","4","3","","","2","1","0","0","500250","1","0","5","0","0","150","1","true","333","0","-1","0","0","50","1","5","300","1","1","1","1","3230","4030","2150","2690","0","1850","1156","4","10","10","0.2;0.2;0.2;0.2;0.2","0.3;0.2;0.2;0.2;0.1","0.1;0.3;0.3;0.2;0.1","0.2;0.3;0.2;0.2;0.1","206058","207007","206046","206011","","","","1000","333","333","333","","","","0","500","0","0","","","","17100;17155","-1.0","-1.0","-1.0","-1.0","-1.0","-1","-1","-1","-1.0","-1","-1","-1","-1.0","-1","-1.0","-1","-1","-1","-1.0","-1","-1.0","-1","-1.0","-1","0","0","0","0","0","0","0","2.0","2.0","2.0","2.0","2.0","2.0","","1.0","1.0","1.0","1.0","1.0","1.0",""
"22242","修罗傀儡妖","幽莹娃娃宝宝","精英副本","","","","1","","0","4","3","","","2","1","0","0","500251","1","0","5","0","0","150","1","true","333","0","-1","0","0","50","1","5","300","1","1","1","1","3870","4840","1430","1790","0","1850","1156","4","10","10","0.2;0.2;0.2;0.2;0.2","0.3;0.2;0.2;0.2;0.1","0.1;0.3;0.3;0.2;0.1","0.2;0.3;0.2;0.2;0.1","206058","206057","206067","206001","","","","1000","333","333","333","","","","0","0","0","0","","","","17100;17155","-1.0","-1.0","-1.0","-1.0","-1.0","-1","-1","-1","-1.0","-1","-1","-1","-1.0","-1","-1.0","-1","-1","-1","-1.0","-1","-1.0","-1","-1.0","-1","0","0","0","0","0","0","0","2.0","2.0","2.0","2.0","2.0","2.0","","1.0","1.0","1.0","1.0","1.0","1.0",""
"22243","狂豹","鞭笞者宝宝","精英副本","","","","1","","0","4","3","","","2","1","0","0","500252","1","0","5","0","0","150","1","true","333","0","-1","0","0","50","1","5","300","1","1","1","1","3230","4030","1430","1790","0","1850","1156","4","10","10","0.2;0.2;0.2;0.2;0.2","0.3;0.2;0.2;0.2;0.1","0.1;0.3;0.3;0.2;0.1","0.2;0.3;0.2;0.2;0.1","206050","206039","206001","206019","","","","1000","333","333","333","","","","0","0","0","0","","","","17100;17155","-1.0","-1.0","-1.0","-1.0","-1.0","-1","-1","-1","-1.0","-1","-1","-1","-1.0","-1","-1.0","-1","-1","-1","-1.0","-1","-1.0","-1","-1.0","-1","0","0","0","0","0","0","0","2.0","2.0","2.0","2.0","2.0","2.0","","1.0","1.0","1.0","1.0","1.0","1.0",""
"22244","罗汉","幽冥书生宝宝","精英副本","","","","1","","0","4","3","","","2","1","0","0","500253","1","0","5","0","0","150","1","true","333","0","-1","0","0","50","1","5","1000","1","1","1","1","3870","4840","1430","1790","0","1850","1156","4","10","10","0.2;0.2;0.2;0.2;0.2","0.3;0.2;0.2;0.2;0.1","0.1;0.3;0.3;0.2;0.1","0.2;0.3;0.2;0.2;0.1","206048","207014","206019","206021","206022","","","1000","333","333","333","333","","","500","0","0","0","","","","17100;17155","-1.0","-1.0","-1.0","-1.0","-1.0","-1","-1","-1","-1.0","-1","-1","-1","-1.0","-1","-1.0","-1","-1","-1","-1.0","-1","-1.0","-1","-1.0","-1","0","0","0","0","0","0","0","2.0","2.0","2.0","2.0","2.0","2.0","","1.0","1.0","1.0","1.0","1.0","1.0",""
"22245","腾蛇","蟠桃童子宝宝","精英副本","","","","1","","0","4","3","","","2","1","0","0","500254","1","0","5","0","0","150","1","true","333","0","-1","0","0","50","1","5","300","1","1","1","1","4010","5010","1480","1860","0","1850","1186","4","10","10","0.2;0.2;0.2;0.2;0.2","0.3;0.2;0.2;0.2;0.1","0.1;0.3;0.3;0.2;0.1","0.2;0.3;0.2;0.2;0.1","206058","206039","206037","206023","","","","1000","333","333","333","","","","0","0","0","0","0","","","17100;17155","-1.0","-1.0","-1.0","-1.0","-1.0","-1","-1","-1","-1.0","-1","-1","-1","-1.0","-1","-1.0","-1","-1","-1","-1.0","-1","-1.0","-1","-1.0","-1","0","0","0","0","0","0","0","2.0","2.0","2.0","2.0","2.0","2.0","","1.0","1.0","1.0","1.0","1.0","1.0",""
"22246","蓝龙","天兵宝宝","精英副本","","","","1","","0","4","3","","","2","1","0","0","500255","1","0","5","0","0","150","1","true","333","0","-1","0","0","50","1","5","300","1","1","1","1","2670","3340","2230","2780","0","1850","1186","4","10","10","0.2;0.2;0.2;0.2;0.2","0.3;0.2;0.2;0.2;0.1","0.1;0.3;0.3;0.2;0.1","0.2;0.3;0.2;0.2;0.1","206059","207005","206043","206060","","","","1000","333","333","333","","","","0","500","0","0","","","","17100;17155","-1.0","-1.0","-1.0","-1.0","-1.0","-1","-1","-1","-1.0","-1","-1","-1","-1.0","-1","-1.0","-1","-1","-1","-1.0","-1","-1.0","-1","-1.0","-1","0","0","0","0","0","0","0","2.0","2.0","2.0","2.0","2.0","2.0","","1.0","1.0","1.0","1.0","1.0","1.0",""
"22247","蝎子精","巨灵神将宝宝","精英副本","","","","1","","0","4","3","","","2","1","0","0","500256","1","0","5","0","0","150","1","true","333","0","-1","0","0","50","1","5","300","1","1","1","1","4010","5010","1860","2320","0","1850","1186","4","10","10","0.2;0.2;0.2;0.2;0.2","0.3;0.2;0.2;0.2;0.1","0.1;0.3;0.3;0.2;0.1","0.2;0.3;0.2;0.2;0.1","206066","206072","206003","206028","206033","","","1000","1000","333","333","333","","","0","0","0","0","","","","17100;17155","-1.0","-1.0","-1.0","-1.0","-1.0","-1","-1","-1","-1.0","-1","-1","-1","-1.0","-1","-1.0","-1","-1","-1","-1.0","-1","-1.0","-1","-1.0","-1","0","0","0","0","0","0","0","2.0","2.0","2.0","2.0","2.0","2.0","","1.0","1.0","1.0","1.0","1.0","1.0",""
"22248","持国","御风童子宝宝","精英副本","","","","1","","0","4","3","","","2","1","0","0","500257","1","0","5","0","0","150","1","true","333","0","-1","0","0","50","1","5","1000","1","1","1","1","2670","3340","1480","1860","0","1850","1186","4","10","10","0.2;0.2;0.2;0.2;0.2","0.3;0.2;0.2;0.2;0.1","0.1;0.3;0.3;0.2;0.1","0.2;0.3;0.2;0.2;0.1","206066","207009","206069","206012","206033","","","1000","333","333","333","333","","","0","0","0","0","","","","17100;17155","-1.0","-1.0","-1.0","-1.0","-1.0","-1","-1","-1","-1.0","-1","-1","-1","-1.0","-1","-1.0","-1","-1","-1","-1.0","-1","-1.0","-1","-1.0","-1","0","0","0","0","0","0","0","2.0","2.0","2.0","2.0","2.0","2.0","","1.0","1.0","1.0","1.0","1.0","1.0",""
"22249","百足将军","绿飞龙宝宝","精英副本","","","","1","","0","4","3","","","2","1","0","0","500258","1","0","5","0","0","150","1","true","333","0","-1","0","0","50","1","5","300","1","1","1","1","4150","5180","2300","2880","0","1850","1216","4","10","10","0.2;0.2;0.2;0.2;0.2","0.3;0.2;0.2;0.2;0.1","0.1;0.3;0.3;0.2;0.1","0.2;0.3;0.2;0.2;0.1","206056","207008","206043","206045","","","","1000","333","333","333","","","","0","0","0","0","","","","17100;17155","-1.0","-1.0","-1.0","-1.0","-1.0","-1","-1","-1","-1.0","-1","-1","-1","-1.0","-1","-1.0","-1","-1","-1","-1.0","-1","-1.0","-1","-1.0","-1","0","0","0","0","0","0","0","2.0","2.0","2.0","2.0","2.0","2.0","","1.0","1.0","1.0","1.0","1.0","1.0",""
"22250","蚌精","猴小仙宝宝","精英副本","","","","1","","0","4","3","","","2","1","0","0","500259","1","0","5","0","0","150","1","true","333","0","-1","0","0","50","1","5","300","1","1","1","1","2760","3460","1540","1920","0","1850","1216","4","10","10","0.2;0.2;0.2;0.2;0.2","0.3;0.2;0.2;0.2;0.1","0.1;0.3;0.3;0.2;0.1","0.2;0.3;0.2;0.2;0.1","206001","206056","206065","206005","","","","1000","333","333","333","","","","0","500","0","0","","","","17100;17155","-1.0","-1.0","-1.0","-1.0","-1.0","-1","-1","-1","-1.0","-1","-1","-1","-1.0","-1","-1.0","-1","-1","-1","-1.0","-1","-1.0","-1","-1.0","-1","0","0","0","0","0","0","0","2.0","2.0","2.0","2.0","2.0","2.0","","1.0","1.0","1.0","1.0","1.0","1.0",""
"22251","画魂","芙蓉仙子宝宝","精英副本","","","","1","","0","4","3","","","2","1","0","0","500260","1","0","5","0","0","150","1","true","333","0","-1","0","0","50","1","5","300","1","1","1","1","3460","4320","1540","1920","0","1850","1216","4","10","10","0.2;0.2;0.2;0.2;0.2","0.3;0.2;0.2;0.2;0.1","0.1;0.3;0.3;0.2;0.1","0.2;0.3;0.2;0.2;0.1","206060","206050","206058","206059","","","","1000","333","333","333","","","","0","0","0","0","","","","17100;17155","-1.0","-1.0","-1.0","-1.0","-1.0","-1","-1","-1","-1.0","-1","-1","-1","-1.0","-1","-1.0","-1","-1","-1","-1.0","-1","-1.0","-1","-1.0","-1","0","0","0","0","0","0","0","2.0","2.0","2.0","2.0","2.0","2.0","","1.0","1.0","1.0","1.0","1.0","1.0",""
"22252","碧水夜叉","巡游天神宝宝","精英副本","","","","1","","0","4","3","","","2","1","0","0","500261","1","0","5","0","0","150","1","true","333","0","-1","0","0","50","1","5","1000","1","1","1","1","4150","5180","1540","1920","0","1850","1216","4","10","10","0.2;0.2;0.2;0.2;0.2","0.3;0.2;0.2;0.2;0.1","0.1;0.3;0.3;0.2;0.1","0.2;0.3;0.2;0.2;0.1","206069","207015","206009","206014","206015","","","1000","333","333","333","333","","","0","500","0","0","0","","","17100;17155","-1.0","-1.0","-1.0","-1.0","-1.0","-1","-1","-1","-1.0","-1","-1","-1","-1.0","-1","-1.0","-1","-1","-1","-1.0","-1","-1.0","-1","-1.0","-1","0","0","0","0","0","0","0","2.0","2.0","2.0","2.0","2.0","2.0","","1.0","1.0","1.0","1.0","1.0","1.0",""
"22253","花妖","炎魔使者宝宝","精英副本","","","","1","","0","4","3","","","2","1","0","0","500262","1","0","5","0","0","150","1","true","333","0","-1","0","0","50","1","5","300","1","1","1","1","4290","5360","2380","2980","0","1850","1246","4","10","10","0.2;0.2;0.2;0.2;0.2","0.3;0.2;0.2;0.2;0.1","0.1;0.3;0.3;0.2;0.1","0.2;0.3;0.2;0.2;0.1","206070","207005","206051","206060","","","","1000","333","333","333","","","","0","0","500","0","0","","","17100;17155","-1.0","-1.0","-1.0","-1.0","-1.0","-1","-1","-1","-1.0","-1","-1","-1","-1.0","-1","-1.0","-1","-1","-1","-1.0","-1","-1.0","-1","-1.0","-1","0","0","0","0","0","0","0","2.0","2.0","2.0","2.0","2.0","2.0","","1.0","1.0","1.0","1.0","1.0","1.0",""
"22254","蝴蝶仙子","凤凰仙子宝宝","精英副本","","","","1","","0","4","3","","","2","1","0","0","500263","1","0","5","0","0","150","1","true","333","0","-1","0","0","50","1","5","300","1","1","1","1","4290","5360","1980","2480","0","1850","1246","4","10","10","0.2;0.2;0.2;0.2;0.2","0.3;0.2;0.2;0.2;0.1","0.1;0.3;0.3;0.2;0.1","0.2;0.3;0.2;0.2;0.1","206050","206058","206057","206067","","","","1000","333","333","333","","","","0","0","0","0","","","","17100;17155","-1.0","-1.0","-1.0","-1.0","-1.0","-1","-1","-1","-1.0","-1","-1","-1","-1.0","-1","-1.0","-1","-1","-1","-1.0","-1","-1.0","-1","-1.0","-1","0","0","0","0","0","0","0","2.0","2.0","2.0","2.0","2.0","2.0","","1.0","1.0","1.0","1.0","1.0","1.0",""
"22255","狐狸精","鬼剑宝宝","精英副本","","","","1","","0","4","3","","","2","1","0","0","500264","1","0","5","0","0","150","1","true","333","0","-1","0","0","50","1","5","300","1","1","1","1","2860","3570","2380","2980","0","1850","1246","4","10","10","0.2;0.2;0.2;0.2;0.2","0.3;0.2;0.2;0.2;0.1","0.1;0.3;0.3;0.2;0.1","0.2;0.3;0.2;0.2;0.1","206043","207006","206046","206045","","","","1000","333","333","333","","","","0","500","0","0","","","","17100;17155","-1.0","-1.0","-1.0","-1.0","-1.0","-1","-1","-1","-1.0","-1","-1","-1","-1.0","-1","-1.0","-1","-1","-1","-1.0","-1","-1.0","-1","-1.0","-1","0","0","0","0","0","0","0","2.0","2.0","2.0","2.0","2.0","2.0","","1.0","1.0","1.0","1.0","1.0","1.0",""
"22256","鲛人","羽云仙子宝宝","精英副本","","","","1","","0","4","3","","","2","1","0","0","500265","1","0","5","0","0","150","1","true","333","0","-1","0","0","50","1","5","1000","1","1","1","1","4290","5360","1590","1980","0","1850","1246","4","10","10","0.2;0.2;0.2;0.2;0.2","0.3;0.2;0.2;0.2;0.1","0.1;0.3;0.3;0.2;0.1","0.2;0.3;0.2;0.2;0.1","206054","207013","206073","206003","206020","","","1000","333","333","333","333","","","0","500","0","0","","","","17100;17155","-1.0","-1.0","-1.0","-1.0","-1.0","-1","-1","-1","-1.0","-1","-1","-1","-1.0","-1","-1.0","-1","-1","-1","-1.0","-1","-1.0","-1","-1.0","-1","0","0","0","0","0","0","0","2.0","2.0","2.0","2.0","2.0","2.0","","1.0","1.0","1.0","1.0","1.0","1.0",""
"22257","机关鸟","布雨神君宝宝","精英副本","","","","1","","0","4","3","","","2","1","0","0","500266","1","0","5","0","0","150","1","true","333","0","-1","0","0","50","1","5","300","1","1","1","1","2950","3690","1640","2050","0","1850","1276","4","10","10","0.2;0.2;0.2;0.2;0.2","0.3;0.2;0.2;0.2;0.1","0.1;0.3;0.3;0.2;0.1","0.2;0.3;0.2;0.2;0.1","206072","206052","206058","206038","206051","","","1000","333","333","333","333","","","0","0","0","0","","","","17100;17155","-1.0","-1.0","-1.0","-1.0","-1.0","-1","-1","-1","-1.0","-1","-1","-1","-1.0","-1","-1.0","-1","-1","-1","-1.0","-1","-1.0","-1","-1.0","-1","0","0","0","0","0","0","0","2.0","2.0","2.0","2.0","2.0","2.0","","1.0","1.0","1.0","1.0","1.0","1.0",""
"22258","锦毛貂精","武罗仙子宝宝","精英副本","","","","1","","0","4","3","","","2","1","0","0","500267","1","0","5","0","0","150","1","true","333","0","-1","0","0","50","1","5","300","1","1","1","1","4420","5530","1640","2050","0","1850","1276","4","10","10","0.2;0.2;0.2;0.2;0.2","0.3;0.2;0.2;0.2;0.1","0.1;0.3;0.3;0.2;0.1","0.2;0.3;0.2;0.2;0.1","206040","206066","206069","206039","206049","","","1000","333","333","333","333","","","0","0","0","0","","","","17100;17155","-1.0","-1.0","-1.0","-1.0","-1.0","-1","-1","-1","-1.0","-1","-1","-1","-1.0","-1","-1.0","-1","-1","-1","-1.0","-1","-1.0","-1","-1.0","-1","0","0","0","0","0","0","0","2.0","2.0","2.0","2.0","2.0","2.0","","1.0","1.0","1.0","1.0","1.0","1.0",""
"22259","千年蛇魅","噬天虎宝宝","精英副本","","","","1","","0","4","3","","","2","1","0","0","500268","1","0","5","0","0","150","1","true","333","0","-1","0","0","50","1","5","300","1","1","1","1","4420","5530","2460","3070","0","1850","1276","4","10","10","0.2;0.2;0.2;0.2;0.2","0.3;0.2;0.2;0.2;0.1","0.1;0.3;0.3;0.2;0.1","0.2;0.3;0.2;0.2;0.1","207006","206065","206064","206063","206062","","","1000","333","333","333","333","","","500","0","0","0","0","","","17100;17155","-1.0","-1.0","-1.0","-1.0","-1.0","-1","-1","-1","-1.0","-1","-1","-1","-1.0","-1","-1.0","-1","-1","-1","-1.0","-1","-1.0","-1","-1.0","-1","0","0","0","0","0","0","0","2.0","2.0","2.0","2.0","2.0","2.0","","1.0","1.0","1.0","1.0","1.0","1.0",""
"22260","鼠先锋","雾中仙宝宝","精英副本","","","","1","","0","4","3","","","2","1","0","0","500269","1","0","5","0","0","150","1","true","333","0","-1","0","0","50","1","5","1000","1","1","1","1","3690","4610","1640","2050","0","1850","1276","4","10","10","0.2;0.2;0.2;0.2;0.2","0.3;0.2;0.2;0.2;0.1","0.1;0.3;0.3;0.2;0.1","0.2;0.3;0.2;0.2;0.1","206056","207010","206060","206054","206070","","","1000","333","333","333","333","","","0","500","0","0","0","","","17100;17155","-1.0","-1.0","-1.0","-1.0","-1.0","-1","-1","-1","-1.0","-1","-1","-1","-1.0","-1","-1.0","-1","-1","-1","-1.0","-1","-1.0","-1","-1.0","-1","0","0","0","0","0","0","0","2.0","2.0","2.0","2.0","2.0","2.0","","1.0","1.0","1.0","1.0","1.0","1.0",""
"22261","天将","变异野猪宝宝","精英副本","","","","1","","0","4","3","","","2","1","1","0","500270","1","0","5","0","0","150","1","true","333","0","-1","0","0","50","1","5","300","1","1","1","1","3270","4110","1210","1520","0","1850","976","4","10","10","0.2;0.2;0.2;0.2;0.2","0.3;0.2;0.2;0.2;0.1","0.1;0.3;0.3;0.2;0.1","0.2;0.3;0.2;0.2;0.1","206003","206023","","","","","","333","333","","","","","","0","0","0","","","","","17100;17155","-1.0","-1.0","-1.0","-1.0","-1.0","-1","-1","-1","-1.0","-1","-1","-1","-1.0","-1","-1.0","-1","-1","-1","-1.0","-1","-1.0","-1","-1.0","-1","0","0","0","0","0","0","0","2.0","2.0","2.0","2.0","2.0","2.0","","1.0","1.0","1.0","1.0","1.0","1.0",""
"22262","小龙女","变异老虎宝宝","精英副本","","","","1","","0","4","3","","","2","1","1","0","500271","1","0","5","0","0","150","1","true","333","0","-1","0","0","50","1","5","300","1","1","1","1","2820","3540","1250","1570","0","1850","976","4","10","10","0.2;0.2;0.2;0.2;0.2","0.3;0.2;0.2;0.2;0.1","0.1;0.3;0.3;0.2;0.1","0.2;0.3;0.2;0.2;0.1","206002","206003","206023","","","","","333","333","333","","","","","0","0","0","","","","","17100;17155","-1.0","-1.0","-1.0","-1.0","-1.0","-1","-1","-1","-1.0","-1","-1","-1","-1.0","-1","-1.0","-1","-1","-1","-1.0","-1","-1.0","-1","-1.0","-1","0","0","0","0","0","0","0","2.0","2.0","2.0","2.0","2.0","2.0","","1.0","1.0","1.0","1.0","1.0","1.0",""
"22263","犀牛将军人","变异羊头怪宝宝","精英副本","","","","1","","0","4","3","","","2","1","1","0","500272","1","0","5","0","0","150","1","true","333","0","-1","0","0","50","1","5","300","1","1","1","1","2330","2920","1290","1620","0","1850","1006","4","10","10","0.2;0.2;0.2;0.2;0.2","0.3;0.2;0.2;0.2;0.1","0.1;0.3;0.3;0.2;0.1","0.2;0.3;0.2;0.2;0.1","206001","206035","206023","206033","","","","333","333","333","333","","","","0","0","0","","","","","17100;17155","-1.0","-1.0","-1.0","-1.0","-1.0","-1","-1","-1","-1.0","-1","-1","-1","-1.0","-1","-1.0","-1","-1","-1","-1.0","-1","-1.0","-1","-1.0","-1","0","0","0","0","0","0","0","2.0","2.0","2.0","2.0","2.0","2.0","","1.0","1.0","1.0","1.0","1.0","1.0",""
"22264","犀牛将军兽","变异泡泡宝宝","精英副本","","","","1","","0","4","3","","","2","1","1","0","500273","1","0","5","0","0","150","1","true","333","0","-1","0","0","50","1","5","300","1","1","1","1","2910","3650","1290","1620","0","1850","1006","4","10","10","0.2;0.2;0.2;0.2;0.2","0.3;0.2;0.2;0.2;0.1","0.1;0.3;0.3;0.2;0.1","0.2;0.3;0.2;0.2;0.1","206002","206003","206021","206013","","","","1000","333","333","333","","","","500","0","0","0","","","","17100;17155","-1.0","-1.0","-1.0","-1.0","-1.0","-1","-1","-1","-1.0","-1","-1","-1","-1.0","-1","-1.0","-1","-1","-1","-1.0","-1","-1.0","-1","-1.0","-1","0","0","0","0","0","0","0","2.0","2.0","2.0","2.0","2.0","2.0","","1.0","1.0","1.0","1.0","1.0","1.0",""
"22265","野猪精","变异牛头宝宝","精英副本","","","","1","","0","4","3","","","2","1","1","1","500274","1","0","5","0","0","150","1","true","333","0","-1","0","0","50","1","5","300","1","1","1","1","3600","4530","1330","1680","0","1850","1036","4","10","10","0.2;0.2;0.2;0.2;0.2","0.3;0.2;0.2;0.2;0.1","0.1;0.3;0.3;0.2;0.1","0.2;0.3;0.2;0.2;0.1","206003","206002","206015","206026","","","","1000","333","333","333","","","","0","0","0","0","","","","17100;17155","-1.0","-1.0","-1.0","-1.0","-1.0","-1","-1","-1","-1.0","-1","-1","-1","-1.0","-1","-1.0","-1","-1","-1","-1.0","-1","-1.0","-1","-1.0","-1","0","0","0","0","0","0","0","2.0","2.0","2.0","2.0","2.0","2.0","","1.0","1.0","1.0","1.0","1.0","1.0",""
"22266","阴阳伞","变异马面宝宝","精英副本","","","","1","","0","4","3","","","2","1","1","0","500275","1","0","5","0","0","150","1","true","333","0","-1","0","0","50","1","5","300","1","1","1","1","3600","4530","2000","2510","0","1850","1036","4","10","10","0.2;0.2;0.2;0.2;0.2","0.3;0.2;0.2;0.2;0.1","0.1;0.3;0.3;0.2;0.1","0.2;0.3;0.2;0.2;0.1","207001","206033","206011","206023","","","","1000","333","333","333","","","","0","0","0","0","","","","17100;17155","-1.0","-1.0","-1.0","-1.0","-1.0","-1","-1","-1","-1.0","-1","-1","-1","-1.0","-1","-1.0","-1","-1","-1","-1.0","-1","-1.0","-1","-1.0","-1","0","0","0","0","0","0","0","2.0","2.0","2.0","2.0","2.0","2.0","","1.0","1.0","1.0","1.0","1.0","1.0",""
"22267","雨师","变异龟丞相宝宝","精英副本","","","","1","","0","4","3","","","2","1","1","1","500276","1","0","5","0","0","150","1","true","333","0","-1","0","0","50","1","5","300","1","1","1","1","2400","3020","1330","1680","0","1850","1036","4","10","10","0.2;0.2;0.2;0.2;0.2","0.3;0.2;0.2;0.2;0.1","0.1;0.3;0.3;0.2;0.1","0.2;0.3;0.2;0.2;0.1","206004","206001","206018","206033","","","","1000","333","333","333","","","","0","0","0","0","","","","17100;17155","-1.0","-1.0","-1.0","-1.0","-1.0","-1","-1","-1","-1.0","-1","-1","-1","-1.0","-1","-1.0","-1","-1","-1","-1.0","-1","-1.0","-1","-1.0","-1","0","0","0","0","0","0","0","2.0","2.0","2.0","2.0","2.0","2.0","","1.0","1.0","1.0","1.0","1.0","1.0",""
"22268","花果山猴子","变异净瓶女娲宝宝","精英副本","","","","1","","0","4","3","","","2","1","1","0","500277","1","0","5","0","0","150","1","true","333","0","-1","0","0","50","1","5","1000","1","1","1","1","3000","3770","2000","2510","0","1850","1036","4","10","10","0.2;0.2;0.2;0.2;0.2","0.3;0.2;0.2;0.2;0.1","0.1;0.3;0.3;0.2;0.1","0.2;0.3;0.2;0.2;0.1","207006","207002","206048","206070","206026","","","1000","333","333","333","333","","","500","500","0","0","","","","17100;17155","-1.0","-1.0","-1.0","-1.0","-1.0","-1","-1","-1","-1.0","-1","-1","-1","-1.0","-1","-1.0","-1","-1","-1","-1.0","-1","-1.0","-1","-1.0","-1","0","0","0","0","0","0","0","2.0","2.0","2.0","2.0","2.0","2.0","","1.0","1.0","1.0","1.0","1.0","1.0",""
"22269","长眉灵猴","变异虾兵宝宝","精英副本","","","","1","","0","4","3","","","2","1","1","0","500278","1","0","5","0","0","150","1","true","333","0","-1","0","0","50","1","5","300","1","1","1","1","3720","4670","2060","2590","0","1850","1066","4","10","10","0.2;0.2;0.2;0.2;0.2","0.3;0.2;0.2;0.2;0.1","0.1;0.3;0.3;0.2;0.1","0.2;0.3;0.2;0.2;0.1","206066","207008","206054","206053","","","","1000","333","333","333","","","","0","500","0","0","","","","17100;17155","-1.0","-1.0","-1.0","-1.0","-1.0","-1","-1","-1","-1.0","-1","-1","-1","-1.0","-1","-1.0","-1","-1","-1","-1.0","-1","-1.0","-1","-1.0","-1","0","0","0","0","0","0","0","2.0","2.0","2.0","2.0","2.0","2.0","","1.0","1.0","1.0","1.0","1.0","1.0",""
"22270","机关兽","变异蟹将宝宝","精英副本","","","","1","","0","4","3","","","2","1","1","0","500279","1","0","5","0","0","150","1","true","333","0","-1","0","0","50","1","5","300","1","1","1","1","3100","3890","1380","1730","0","1850","1066","4","10","10","0.2;0.2;0.2;0.2;0.2","0.3;0.2;0.2;0.2;0.1","0.1;0.3;0.3;0.2;0.1","0.2;0.3;0.2;0.2;0.1","206067","206002","206001","206026","","","","1000","333","333","333","","","","0","0","0","0","","","","17100;17155","-1.0","-1.0","-1.0","-1.0","-1.0","-1","-1","-1","-1.0","-1","-1","-1","-1.0","-1","-1.0","-1","-1","-1","-1.0","-1","-1.0","-1","-1.0","-1","0","0","0","0","0","0","0","2.0","2.0","2.0","2.0","2.0","2.0","","1.0","1.0","1.0","1.0","1.0","1.0",""
"22271","连弩车","变异远古瑞兽宝宝","精英副本","","","","1","","0","4","3","","","2","1","1","0","500280","1","0","5","0","0","150","1","true","333","0","-1","0","0","50","1","5","300","1","1","1","1","3720","4670","1380","1730","0","1850","1066","4","10","10","0.2;0.2;0.2;0.2;0.2","0.3;0.2;0.2;0.2;0.1","0.1;0.3;0.3;0.2;0.1","0.2;0.3;0.2;0.2;0.1","206066","206003","206033","206016","","","","1000","333","333","333","","","","0","0","0","0","","","","17100;17155","-1.0","-1.0","-1.0","-1.0","-1.0","-1","-1","-1","-1.0","-1","-1","-1","-1.0","-1","-1.0","-1","-1","-1","-1.0","-1","-1.0","-1","-1.0","-1","0","0","0","0","0","0","0","2.0","2.0","2.0","2.0","2.0","2.0","","1.0","1.0","1.0","1.0","1.0","1.0",""
"22272","闪气妖","变异灵符女娲宝宝","精英副本","","","","1","","0","4","3","","","2","1","1","0","500281","1","0","5","0","0","150","1","true","333","0","-1","0","0","50","1","5","1000","1","1","1","1","2480","3110","2060","2590","0","1850","1066","4","10","10","0.2;0.2;0.2;0.2;0.2","0.3;0.2;0.2;0.2;0.1","0.1;0.3;0.3;0.2;0.1","0.2;0.3;0.2;0.2;0.1","207008","206067","206046","206054","206053","","","1000","333","333","333","333","","","500","0","0","0","","","","17100;17155","-1.0","-1.0","-1.0","-1.0","-1.0","-1","-1","-1","-1.0","-1","-1","-1","-1.0","-1","-1.0","-1","-1","-1","-1.0","-1","-1.0","-1","-1.0","-1","0","0","0","0","0","0","0","2.0","2.0","2.0","2.0","2.0","2.0","","1.0","1.0","1.0","1.0","1.0","1.0",""
"22273","龟丞相","变异野猪宝宝","精英副本","","","","1","","0","4","3","","","2","1","1","0","500282","1","0","5","0","0","150","1","true","333","0","-1","0","0","50","1","5","300","1","1","1","1","3860","4850","1430","1800","0","1850","1096","4","10","10","0.2;0.2;0.2;0.2;0.2","0.3;0.2;0.2;0.2;0.1","0.1;0.3;0.3;0.2;0.1","0.2;0.3;0.2;0.2;0.1","206053","206050","206037","206020","","","","1000","333","333","333","","","","0","0","0","0","","","","17100;17155","-1.0","-1.0","-1.0","-1.0","-1.0","-1","-1","-1","-1.0","-1","-1","-1","-1.0","-1","-1.0","-1","-1","-1","-1.0","-1","-1.0","-1","-1.0","-1","0","0","0","0","0","0","0","2.0","2.0","2.0","2.0","2.0","2.0","","1.0","1.0","1.0","1.0","1.0","1.0",""
"22274","赌徒","变异吸血蝙蝠宝宝","精英副本","","","","1","","0","4","3","","","2","1","1","0","500283","1","0","5","0","0","150","1","true","333","0","-1","0","0","50","1","5","300","1","1","1","1","3220","4040","1430","1800","0","1850","1096","4","10","10","0.2;0.2;0.2;0.2;0.2","0.3;0.2;0.2;0.2;0.1","0.1;0.3;0.3;0.2;0.1","0.2;0.3;0.2;0.2;0.1","206049","206019","206072","206037","","","","1000","333","333","333","","","","0","0","0","0","","","","17100;17155","-1.0","-1.0","-1.0","-1.0","-1.0","-1","-1","-1","-1.0","-1","-1","-1","-1.0","-1","-1.0","-1","-1","-1","-1.0","-1","-1.0","-1","-1.0","-1","0","0","0","0","0","0","0","2.0","2.0","2.0","2.0","2.0","2.0","","1.0","1.0","1.0","1.0","1.0","1.0",""
"22275","海毛虫","变异鲛将军宝宝","精英副本","","","","1","","0","4","3","","","2","1","1","1","500284","1","0","5","0","0","150","1","true","333","0","-1","0","0","50","1","5","300","1","1","1","1","3860","4850","2150","2700","0","1850","1096","4","10","10","0.2;0.2;0.2;0.2;0.2","0.3;0.2;0.2;0.2;0.1","0.1;0.3;0.3;0.2;0.1","0.2;0.3;0.2;0.2;0.1","206058","206030","207001","206014","","","","1000","333","333","333","","","","0","0","0","0","","","","17100;17155","-1.0","-1.0","-1.0","-1.0","-1.0","-1","-1","-1","-1.0","-1","-1","-1","-1.0","-1","-1.0","-1","-1","-1","-1.0","-1","-1.0","-1","-1.0","-1","0","0","0","0","0","0","0","2.0","2.0","2.0","2.0","2.0","2.0","","1.0","1.0","1.0","1.0","1.0","1.0",""
"22276","白熊","变异律法女娲宝宝","精英副本","","","","1","","0","4","3","","","2","1","1","0","500285","1","0","5","0","0","150","1","true","333","0","-1","0","0","50","1","5","1000","1","1","1","1","2580","3230","2150","2700","0","1850","1096","4","10","10","0.2;0.2;0.2;0.2;0.2","0.3;0.2;0.2;0.2;0.1","0.1;0.3;0.3;0.2;0.1","0.2;0.3;0.2;0.2;0.1","207006","206048","206014","206045","206030","","","1000","333","333","333","333","","","500","0","0","0","","","","17100;17155","-1.0","-1.0","-1.0","-1.0","-1.0","-1","-1","-1","-1.0","-1","-1","-1","-1.0","-1","-1.0","-1","-1","-1","-1.0","-1","-1.0","-1","-1.0","-1","0","0","0","0","0","0","0","2.0","2.0","2.0","2.0","2.0","2.0","","1.0","1.0","1.0","1.0","1.0","1.0",""
"22277","大蝙蝠","变异千年僵尸宝宝","精英副本","","","","1","","0","4","3","","","2","1","1","1","500286","1","0","5","0","0","150","1","true","333","0","-1","0","0","50","1","5","300","1","1","1","1","3340","4200","1490","1870","0","1850","1126","4","10","10","0.2;0.2;0.2;0.2;0.2","0.3;0.2;0.2;0.2;0.1","0.1;0.3;0.3;0.2;0.1","0.2;0.3;0.2;0.2;0.1","206005","206019","206037","206001","","","","1000","333","333","333","","","","0","0","0","0","","","","17100;17155","-1.0","-1.0","-1.0","-1.0","-1.0","-1","-1","-1","-1.0","-1","-1","-1","-1.0","-1","-1.0","-1","-1","-1","-1.0","-1","-1.0","-1","-1.0","-1","0","0","0","0","0","0","0","2.0","2.0","2.0","2.0","2.0","2.0","","1.0","1.0","1.0","1.0","1.0","1.0",""
"22278","蛤蟆精","变异孤魂野鬼宝宝","精英副本","","","","1","","0","4","3","","","2","1","1","0","500287","1","0","5","0","0","150","1","true","333","0","-1","0","0","50","1","5","300","1","1","1","1","2670","3360","2230","2800","0","1850","1126","4","10","10","0.2;0.2;0.2;0.2;0.2","0.3;0.2;0.2;0.2;0.1","0.1;0.3;0.3;0.2;0.1","0.2;0.3;0.2;0.2;0.1","206029","206032","207003","206006","","","","1000","333","333","333","","","","0","500","0","0","","","","17100;17155","-1.0","-1.0","-1.0","-1.0","-1.0","-1","-1","-1","-1.0","-1","-1","-1","-1.0","-1","-1.0","-1","-1","-1","-1.0","-1","-1.0","-1","-1.0","-1","0","0","0","0","0","0","0","2.0","2.0","2.0","2.0","2.0","2.0","","1.0","1.0","1.0","1.0","1.0","1.0",""
"22279","黑山老妖","变异芙蓉仙子宝宝","精英副本","","","","1","","0","4","3","","","2","1","1","0","500288","1","0","5","0","0","150","1","true","333","0","-1","0","0","50","1","5","300","1","1","1","1","4010","5040","1860","2330","0","1850","1126","4","10","10","0.2;0.2;0.2;0.2;0.2","0.3;0.2;0.2;0.2;0.1","0.1;0.3;0.3;0.2;0.1","0.2;0.3;0.2;0.2;0.1","206063","206017","206005","206004","206036","","","1000","1000","333","333","333","","","0","0","0","0","0","","","17100;17155","-1.0","-1.0","-1.0","-1.0","-1.0","-1","-1","-1","-1.0","-1","-1","-1","-1.0","-1","-1.0","-1","-1","-1","-1.0","-1","-1.0","-1","-1.0","-1","0","0","0","0","0","0","0","2.0","2.0","2.0","2.0","2.0","2.0","","1.0","1.0","1.0","1.0","1.0","1.0",""
"22280","谛听","变异蜃蛇宝宝","精英副本","","","","1","","0","4","3","","","2","1","1","1","500289","1","0","5","0","0","150","1","true","333","0","-1","0","0","50","1","5","1000","1","1","1","1","2670","3360","1490","1870","0","1850","1126","4","10","10","0.2;0.2;0.2;0.2;0.2","0.3;0.2;0.2;0.2;0.1","0.1;0.3;0.3;0.2;0.1","0.2;0.3;0.2;0.2;0.1","206049","207012","206027","206005","206031","","","1000","333","333","333","333","","","500","0","0","0","","","","17100;17155","-1.0","-1.0","-1.0","-1.0","-1.0","-1","-1","-1","-1.0","-1","-1","-1","-1.0","-1","-1.0","-1","-1","-1","-1.0","-1","-1.0","-1","-1.0","-1","0","0","0","0","0","0","0","2.0","2.0","2.0","2.0","2.0","2.0","","1.0","1.0","1.0","1.0","1.0","1.0",""
"22281","大海龟","变异吸血鬼宝宝","精英副本","","","","1","","0","4","3","","","2","1","1","1","500201","1","0","5","0","0","150","1","true","333","0","-1","0","0","50","1","5","1000","1","1","1","1","4010","5040","2230","2800","0","1850","1126","4","10","10","0.2;0.2;0.2;0.2;0.2","0.3;0.2;0.2;0.2;0.1","0.1;0.3;0.3;0.2;0.1","0.2;0.3;0.2;0.2;0.1","206030","207016","206027","206033","206032","","","1000","333","333","333","333","","","500","0","0","0","","","","17100;17155","-1.0","-1.0","-1.0","-1.0","-1.0","-1","-1","-1","-1.0","-1","-1","-1","-1.0","-1","-1.0","-1","-1","-1","-1.0","-1","-1.0","-1","-1.0","-1","0","0","0","0","0","0","0","2.0","2.0","2.0","2.0","2.0","2.0","","1.0","1.0","1.0","1.0","1.0","1.0",""
"22282","护卫","变异夜叉宝宝","精英副本","","","","1","","0","4","3","","","2","1","1","0","500202","1","0","5","0","0","150","1","true","333","0","-1","0","0","50","1","5","300","1","1","1","1","3470","4350","2310","2900","0","1850","1156","4","10","10","0.2;0.2;0.2;0.2;0.2","0.3;0.2;0.2;0.2;0.1","0.1;0.3;0.3;0.2;0.1","0.2;0.3;0.2;0.2;0.1","206058","207007","206046","206011","","","","1000","333","333","333","","","","0","500","0","0","","","","17100;17155","-1.0","-1.0","-1.0","-1.0","-1.0","-1","-1","-1","-1.0","-1","-1","-1","-1.0","-1","-1.0","-1","-1","-1","-1.0","-1","-1.0","-1","-1.0","-1","0","0","0","0","0","0","0","2.0","2.0","2.0","2.0","2.0","2.0","","1.0","1.0","1.0","1.0","1.0","1.0",""
"22283","泡泡","变异幽莹娃娃宝宝","精英副本","","","","1","","0","4","3","","","2","1","1","1","500203","1","0","5","0","0","150","1","true","333","0","-1","0","0","50","1","5","300","1","1","1","1","4160","5230","1540","1940","0","1850","1156","4","10","10","0.2;0.2;0.2;0.2;0.2","0.3;0.2;0.2;0.2;0.1","0.1;0.3;0.3;0.2;0.1","0.2;0.3;0.2;0.2;0.1","206058","206057","206067","206001","","","","1000","333","333","333","","","","0","0","0","0","","","","17100;17155","-1.0","-1.0","-1.0","-1.0","-1.0","-1","-1","-1","-1.0","-1","-1","-1","-1.0","-1","-1.0","-1","-1","-1","-1.0","-1","-1.0","-1","-1.0","-1","0","0","0","0","0","0","0","2.0","2.0","2.0","2.0","2.0","2.0","","1.0","1.0","1.0","1.0","1.0","1.0",""
"22284","巨蛙","变异鞭笞者宝宝","精英副本","","","","1","","0","4","3","","","2","1","1","1","500204","1","0","5","0","0","150","1","true","333","0","-1","0","0","50","1","5","300","1","1","1","1","3470","4350","1540","1940","0","1850","1156","4","10","10","0.2;0.2;0.2;0.2;0.2","0.3;0.2;0.2;0.2;0.1","0.1;0.3;0.3;0.2;0.1","0.2;0.3;0.2;0.2;0.1","206050","206039","206001","206019","","","","1000","333","333","333","","","","0","0","0","0","","","","17100;17155","-1.0","-1.0","-1.0","-1.0","-1.0","-1","-1","-1","-1.0","-1","-1","-1","-1.0","-1","-1.0","-1","-1","-1","-1.0","-1","-1.0","-1","-1.0","-1","0","0","0","0","0","0","0","2.0","2.0","2.0","2.0","2.0","2.0","","1.0","1.0","1.0","1.0","1.0","1.0",""
"22285","树怪","变异幽冥书生宝宝","精英副本","","","","1","","0","4","3","","","2","1","1","0","500205","1","0","5","0","0","150","1","true","333","0","-1","0","0","50","1","5","1000","1","1","1","1","4160","5230","1540","1940","0","1850","1156","4","10","10","0.2;0.2;0.2;0.2;0.2","0.3;0.2;0.2;0.2;0.1","0.1;0.3;0.3;0.2;0.1","0.2;0.3;0.2;0.2;0.1","206048","207014","206019","206021","206022","","","1000","333","333","333","333","","","500","0","0","0","","","","17100;17155","-1.0","-1.0","-1.0","-1.0","-1.0","-1","-1","-1","-1.0","-1","-1","-1","-1.0","-1","-1.0","-1","-1","-1","-1.0","-1","-1.0","-1","-1.0","-1","0","0","0","0","0","0","0","2.0","2.0","2.0","2.0","2.0","2.0","","1.0","1.0","1.0","1.0","1.0","1.0",""
"22286","野猪","变异蟠桃童子宝宝","精英副本","","","","1","","0","4","3","","","2","1","1","0","500206","1","0","5","0","0","150","1","true","333","0","-1","0","0","50","1","5","300","1","1","1","1","4310","5410","1600","2000","0","1850","1186","4","10","10","0.2;0.2;0.2;0.2;0.2","0.3;0.2;0.2;0.2;0.1","0.1;0.3;0.3;0.2;0.1","0.2;0.3;0.2;0.2;0.1","206058","206039","206037","206023","","","","1000","333","333","333","","","","0","0","0","0","0","","","17100;17155","-1.0","-1.0","-1.0","-1.0","-1.0","-1","-1","-1","-1.0","-1","-1","-1","-1.0","-1","-1.0","-1","-1","-1","-1.0","-1","-1.0","-1","-1.0","-1","0","0","0","0","0","0","0","2.0","2.0","2.0","2.0","2.0","2.0","","1.0","1.0","1.0","1.0","1.0","1.0",""
"22287","黑熊精","变异天兵宝宝","精英副本","","","","1","","0","4","3","","","2","1","1","0","500207","1","0","5","0","0","150","1","true","333","0","-1","0","0","50","1","5","300","1","1","1","1","2870","3610","2390","3010","0","1850","1186","4","10","10","0.2;0.2;0.2;0.2;0.2","0.3;0.2;0.2;0.2;0.1","0.1;0.3;0.3;0.2;0.1","0.2;0.3;0.2;0.2;0.1","206059","207005","206043","206060","","","","1000","333","333","333","","","","0","500","0","0","","","","17100;17155","-1.0","-1.0","-1.0","-1.0","-1.0","-1","-1","-1","-1.0","-1","-1","-1","-1.0","-1","-1.0","-1","-1","-1","-1.0","-1","-1.0","-1","-1.0","-1","0","0","0","0","0","0","0","2.0","2.0","2.0","2.0","2.0","2.0","","1.0","1.0","1.0","1.0","1.0","1.0",""
"22288","骷髅怪","变异巨灵神将宝宝","精英副本","","","","1","","0","4","3","","","2","1","1","0","500208","1","0","5","0","0","150","1","true","333","0","-1","0","0","50","1","5","300","1","1","1","1","4310","5410","2000","2510","0","1850","1186","4","10","10","0.2;0.2;0.2;0.2;0.2","0.3;0.2;0.2;0.2;0.1","0.1;0.3;0.3;0.2;0.1","0.2;0.3;0.2;0.2;0.1","206066","206072","206003","206028","206033","","","1000","1000","333","333","333","","","0","0","0","0","","","","17100;17155","-1.0","-1.0","-1.0","-1.0","-1.0","-1","-1","-1","-1.0","-1","-1","-1","-1.0","-1","-1.0","-1","-1","-1","-1.0","-1","-1.0","-1","-1.0","-1","0","0","0","0","0","0","0","2.0","2.0","2.0","2.0","2.0","2.0","","1.0","1.0","1.0","1.0","1.0","1.0",""
"22289","老虎","变异御风童子宝宝","精英副本","","","","1","","0","4","3","","","2","1","1","0","500209","1","0","5","0","0","150","1","true","333","0","-1","0","0","50","1","5","1000","1","1","1","1","2870","3610","1600","2000","0","1850","1186","4","10","10","0.2;0.2;0.2;0.2;0.2","0.3;0.2;0.2;0.2;0.1","0.1;0.3;0.3;0.2;0.1","0.2;0.3;0.2;0.2;0.1","206066","207009","206069","206012","206033","","","1000","333","333","333","333","","","0","0","0","0","","","","17100;17155","-1.0","-1.0","-1.0","-1.0","-1.0","-1","-1","-1","-1.0","-1","-1","-1","-1.0","-1","-1.0","-1","-1","-1","-1.0","-1","-1.0","-1","-1.0","-1","0","0","0","0","0","0","0","2.0","2.0","2.0","2.0","2.0","2.0","","1.0","1.0","1.0","1.0","1.0","1.0",""
"22290","强盗","变异绿飞龙宝宝","精英副本","","","","1","","0","4","3","","","2","1","1","0","500210","1","0","5","0","0","150","1","true","333","0","-1","0","0","50","1","5","300","1","1","1","1","4460","5600","2480","3110","0","1850","1216","4","10","10","0.2;0.2;0.2;0.2;0.2","0.3;0.2;0.2;0.2;0.1","0.1;0.3;0.3;0.2;0.1","0.2;0.3;0.2;0.2;0.1","206056","207008","206043","206045","","","","1000","333","333","333","","","","0","0","0","0","","","","17100;17155","-1.0","-1.0","-1.0","-1.0","-1.0","-1","-1","-1","-1.0","-1","-1","-1","-1.0","-1","-1.0","-1","-1","-1","-1.0","-1","-1.0","-1","-1.0","-1","0","0","0","0","0","0","0","2.0","2.0","2.0","2.0","2.0","2.0","","1.0","1.0","1.0","1.0","1.0","1.0",""
"22291","山贼","变异猴小仙宝宝","精英副本","","","","1","","0","4","3","","","2","1","1","1","500211","1","0","5","0","0","150","1","true","333","0","-1","0","0","50","1","5","300","1","1","1","1","2970","3730","1650","2070","0","1850","1216","4","10","10","0.2;0.2;0.2;0.2;0.2","0.3;0.2;0.2;0.2;0.1","0.1;0.3;0.3;0.2;0.1","0.2;0.3;0.2;0.2;0.1","206001","206056","206065","206005","","","","1000","333","333","333","","","","0","500","0","0","","","","17100;17155","-1.0","-1.0","-1.0","-1.0","-1.0","-1","-1","-1","-1.0","-1","-1","-1","-1.0","-1","-1.0","-1","-1","-1","-1.0","-1","-1.0","-1","-1.0","-1","0","0","0","0","0","0","0","2.0","2.0","2.0","2.0","2.0","2.0","","1.0","1.0","1.0","1.0","1.0","1.0",""
"22292","羊头怪","变异芙蓉仙子宝宝","精英副本","","","","1","","0","4","3","","","2","1","1","1","500212","1","0","5","0","0","150","1","true","333","0","-1","0","0","50","1","5","300","1","1","1","1","3720","4670","1650","2070","0","1850","1216","4","10","10","0.2;0.2;0.2;0.2;0.2","0.3;0.2;0.2;0.2;0.1","0.1;0.3;0.3;0.2;0.1","0.2;0.3;0.2;0.2;0.1","206060","206050","206058","206059","","","","1000","333","333","333","","","","0","0","0","0","","","","17100;17155","-1.0","-1.0","-1.0","-1.0","-1.0","-1","-1","-1","-1.0","-1","-1","-1","-1.0","-1","-1.0","-1","-1","-1","-1.0","-1","-1.0","-1","-1.0","-1","0","0","0","0","0","0","0","2.0","2.0","2.0","2.0","2.0","2.0","","1.0","1.0","1.0","1.0","1.0","1.0",""
"22293","孤魂野鬼","变异巡游天神宝宝","精英副本","","","","1","","0","4","3","","","2","1","1","0","500213","1","0","5","0","0","150","1","true","333","0","-1","0","0","50","1","5","1000","1","1","1","1","4460","5600","1650","2070","0","1850","1216","4","10","10","0.2;0.2;0.2;0.2;0.2","0.3;0.2;0.2;0.2;0.1","0.1;0.3;0.3;0.2;0.1","0.2;0.3;0.2;0.2;0.1","206069","207015","206009","206014","206015","","","1000","333","333","333","333","","","0","500","0","0","0","","","17100;17155","-1.0","-1.0","-1.0","-1.0","-1.0","-1","-1","-1","-1.0","-1","-1","-1","-1.0","-1","-1.0","-1","-1","-1","-1.0","-1","-1.0","-1","-1.0","-1","0","0","0","0","0","0","0","2.0","2.0","2.0","2.0","2.0","2.0","","1.0","1.0","1.0","1.0","1.0","1.0",""
"22294","狼","变异炎魔使者宝宝","精英副本","","","","1","","0","4","3","","","2","1","1","0","500214","1","0","5","0","0","150","1","true","333","0","-1","0","0","50","1","5","300","1","1","1","1","4610","5790","2560","3210","0","1850","1246","4","10","10","0.2;0.2;0.2;0.2;0.2","0.3;0.2;0.2;0.2;0.1","0.1;0.3;0.3;0.2;0.1","0.2;0.3;0.2;0.2;0.1","206070","207005","206051","206060","","","","1000","333","333","333","","","","0","0","500","0","0","","","17100;17155","-1.0","-1.0","-1.0","-1.0","-1.0","-1","-1","-1","-1.0","-1","-1","-1","-1.0","-1","-1.0","-1","-1","-1","-1.0","-1","-1.0","-1","-1.0","-1","0","0","0","0","0","0","0","2.0","2.0","2.0","2.0","2.0","2.0","","1.0","1.0","1.0","1.0","1.0","1.0",""
"22295","牛妖","变异凤凰仙子宝宝","精英副本","","","","1","","0","4","3","","","2","1","1","0","500215","1","0","5","0","0","150","1","true","333","0","-1","0","0","50","1","5","300","1","1","1","1","4610","5790","2130","2680","0","1850","1246","4","10","10","0.2;0.2;0.2;0.2;0.2","0.3;0.2;0.2;0.2;0.1","0.1;0.3;0.3;0.2;0.1","0.2;0.3;0.2;0.2;0.1","206050","206058","206057","206067","","","","1000","333","333","333","","","","0","0","0","0","","","","17100;17155","-1.0","-1.0","-1.0","-1.0","-1.0","-1","-1","-1","-1.0","-1","-1","-1","-1.0","-1","-1.0","-1","-1","-1","-1.0","-1","-1.0","-1","-1.0","-1","0","0","0","0","0","0","0","2.0","2.0","2.0","2.0","2.0","2.0","","1.0","1.0","1.0","1.0","1.0","1.0",""
"22296","虾兵","变异鬼剑宝宝","精英副本","","","","1","","0","4","3","","","2","1","1","0","500216","1","0","5","0","0","150","1","true","333","0","-1","0","0","50","1","5","300","1","1","1","1","3070","3860","2560","3210","0","1850","1246","4","10","10","0.2;0.2;0.2;0.2;0.2","0.3;0.2;0.2;0.2;0.1","0.1;0.3;0.3;0.2;0.1","0.2;0.3;0.2;0.2;0.1","206043","207006","206046","206045","","","","1000","333","333","333","","","","0","500","0","0","","","","17100;17155","-1.0","-1.0","-1.0","-1.0","-1.0","-1","-1","-1","-1.0","-1","-1","-1","-1.0","-1","-1.0","-1","-1","-1","-1.0","-1","-1.0","-1","-1.0","-1","0","0","0","0","0","0","0","2.0","2.0","2.0","2.0","2.0","2.0","","1.0","1.0","1.0","1.0","1.0","1.0",""
"22297","蟹将","变异羽云仙子宝宝","精英副本","","","","1","","0","4","3","","","2","1","1","0","500217","1","0","5","0","0","150","1","true","333","0","-1","0","0","50","1","5","1000","1","1","1","1","4610","5790","1710","2140","0","1850","1246","4","10","10","0.2;0.2;0.2;0.2;0.2","0.3;0.2;0.2;0.2;0.1","0.1;0.3;0.3;0.2;0.1","0.2;0.3;0.2;0.2;0.1","206054","207013","206073","206003","206020","","","1000","333","333","333","333","","","0","500","0","0","","","","17100;17155","-1.0","-1.0","-1.0","-1.0","-1.0","-1","-1","-1","-1.0","-1","-1","-1","-1.0","-1","-1.0","-1","-1","-1","-1.0","-1","-1.0","-1","-1.0","-1","0","0","0","0","0","0","0","2.0","2.0","2.0","2.0","2.0","2.0","","1.0","1.0","1.0","1.0","1.0","1.0",""
"22298","马面","变异布雨神君","精英副本","","","","1","","0","4","3","","","2","1","1","0","500218","1","0","5","0","0","150","1","true","333","0","-1","0","0","50","1","5","300","1","1","1","1","3170","3980","1760","2210","0","1850","1276","4","10","10","0.2;0.2;0.2;0.2;0.2","0.3;0.2;0.2;0.2;0.1","0.1;0.3;0.3;0.2;0.1","0.2;0.3;0.2;0.2;0.1","206072","206052","206058","206038","206051","","","1000","333","333","333","333","","","0","0","0","0","","","","17100;17155","-1.0","-1.0","-1.0","-1.0","-1.0","-1","-1","-1","-1.0","-1","-1","-1","-1.0","-1","-1.0","-1","-1","-1","-1.0","-1","-1.0","-1","-1.0","-1","0","0","0","0","0","0","0","2.0","2.0","2.0","2.0","2.0","2.0","","1.0","1.0","1.0","1.0","1.0","1.0",""
"22299","牛头","变异武罗仙子宝宝","精英副本","","","","1","","0","4","3","","","2","1","1","0","500219","1","0","5","0","0","150","1","true","333","0","-1","0","0","50","1","5","300","1","1","1","1","4760","5970","1760","2210","0","1850","1276","4","10","10","0.2;0.2;0.2;0.2;0.2","0.3;0.2;0.2;0.2;0.1","0.1;0.3;0.3;0.2;0.1","0.2;0.3;0.2;0.2;0.1","206040","206066","206069","206039","206049","","","1000","333","333","333","333","","","0","0","0","0","","","","17100;17155","-1.0","-1.0","-1.0","-1.0","-1.0","-1","-1","-1","-1.0","-1","-1","-1","-1.0","-1","-1.0","-1","-1","-1","-1.0","-1","-1.0","-1","-1.0","-1","0","0","0","0","0","0","0","2.0","2.0","2.0","2.0","2.0","2.0","","1.0","1.0","1.0","1.0","1.0","1.0",""
"22300","千年僵尸","变异噬天虎宝宝","精英副本","","","","1","","0","4","3","","","2","1","1","0","500220","1","0","5","0","0","150","1","true","333","0","-1","0","0","50","1","5","300","1","1","1","1","4760","5970","2640","3320","0","1850","1276","4","10","10","0.2;0.2;0.2;0.2;0.2","0.3;0.2;0.2;0.2;0.1","0.1;0.3;0.3;0.2;0.1","0.2;0.3;0.2;0.2;0.1","207006","206065","206064","206063","206062","","","1000","333","333","333","333","","","500","0","0","0","0","","","17100;17155","-1.0","-1.0","-1.0","-1.0","-1.0","-1","-1","-1","-1.0","-1","-1","-1","-1.0","-1","-1.0","-1","-1","-1","-1.0","-1","-1.0","-1","-1.0","-1","0","0","0","0","0","0","0","2.0","2.0","2.0","2.0","2.0","2.0","","1.0","1.0","1.0","1.0","1.0","1.0",""
"22301","蜘蛛精","变异雾中仙宝宝","精英副本","","","","1","","0","4","3","","","2","1","1","0","500221","1","0","5","0","0","150","1","true","333","0","-1","0","0","50","1","5","1000","1","1","1","1","3960","4980","1760","2210","0","1850","1276","4","10","10","0.2;0.2;0.2;0.2;0.2","0.3;0.2;0.2;0.2;0.1","0.1;0.3;0.3;0.2;0.1","0.2;0.3;0.2;0.2;0.1","206056","207010","206060","206054","206070","","","1000","333","333","333","333","","","0","500","0","0","0","","","17100;17155","-1.0","-1.0","-1.0","-1.0","-1.0","-1","-1","-1","-1.0","-1","-1","-1","-1.0","-1","-1.0","-1","-1","-1","-1.0","-1","-1.0","-1","-1.0","-1","0","0","0","0","0","0","0","2.0","2.0","2.0","2.0","2.0","2.0","","1.0","1.0","1.0","1.0","1.0","1.0",""
"22420","鬼将","野猪宝宝","宝宝幼儿园","","","","1","","0","4","3","","","2","1","0","0","520753","1","0","5","0","0","150","1","true","333","0","-1","0","0","50","1","5","1000","1","1","1","1","3040","3800","1130","1410","0","1200","976","4","10","10","0.2;0.2;0.2;0.2;0.2","0.3;0.2;0.2;0.2;0.1","0.1;0.3;0.3;0.2;0.1","0.2;0.3;0.2;0.2;0.1","206066","206038","207011","206011","206025","","","1001","333","333","333","333","","","0","0","0","","","","","20001","-1.0","-1.0","-1.0","-1.0","-1.0","-1","-1","-1","-1.0","-1","-1","-1","-1.0","-1","-1.0","-1","-1","-1","-1.0","-1","-1.0","-1","-1.0","-1","0","0","0","0","0","0","0","2.0","2.0","2.0","2.0","2.0","2.0","","1.0","1.0","1.0","1.0","1.0","1.0",""
"22421","幽冥书生","老虎宝宝","宝宝幼儿园","","","","1","","0","4","3","","","2","1","0","0","520754","1","0","5","0","0","150","1","true","333","0","-1","0","0","50","1","5","1000","1","1","1","1","2620","3280","1160","1460","0","1200","976","4","10","10","0.2;0.2;0.2;0.2;0.2","0.3;0.2;0.2;0.2;0.1","0.1;0.3;0.3;0.2;0.1","0.2;0.3;0.2;0.2;0.1","206066","207013","206048","206022","206025","","","1001","333","333","333","333","","","0","0","0","","","","","20001","-1.0","-1.0","-1.0","-1.0","-1.0","-1","-1","-1","-1.0","-1","-1","-1","-1.0","-1","-1.0","-1","-1","-1","-1.0","-1","-1.0","-1","-1.0","-1","0","0","0","0","0","0","0","2.0","2.0","2.0","2.0","2.0","2.0","","1.0","1.0","1.0","1.0","1.0","1.0",""
"22422","巨灵神将","羊头怪宝宝","宝宝幼儿园","","","","1","","0","4","3","","","2","1","0","0","520803","1","0","5","0","0","150","1","true","333","0","-1","0","0","50","1","5","1000","1","1","1","1","2170","2710","1200","1500","0","1450","1006","4","10","10","0.2;0.2;0.2;0.2;0.2","0.3;0.2;0.2;0.2;0.1","0.1;0.3;0.3;0.2;0.1","0.2;0.3;0.2;0.2;0.1","206041","207012","206067","206023","206025","","","1001","333","333","333","333","","","0","0","0","","","","","20001","-1.0","-1.0","-1.0","-1.0","-1.0","-1","-1","-1","-1.0","-1","-1","-1","-1.0","-1","-1.0","-1","-1","-1","-1.0","-1","-1.0","-1","-1.0","-1","0","0","0","0","0","0","0","2.0","2.0","2.0","2.0","2.0","2.0","","1.0","1.0","1.0","1.0","1.0","1.0",""
"22423","巡游天神","泡泡宝宝","宝宝幼儿园","","","","1","","0","4","3","","","2","1","0","0","520854","1","0","5","0","0","150","1","true","333","0","-1","0","0","50","1","5","1000","1","1","1","1","2710","3380","1200","1500","0","1250","1006","4","10","10","0.2;0.2;0.2;0.2;0.2","0.3;0.2;0.2;0.2;0.1","0.1;0.3;0.3;0.2;0.1","0.2;0.3;0.2;0.2;0.1","206067","207019","206055","206005","206025","","","1001","333","333","333","333","","","500","0","0","0","","","","20001","-1.0","-1.0","-1.0","-1.0","-1.0","-1","-1","-1","-1.0","-1","-1","-1","-1.0","-1","-1.0","-1","-1","-1","-1.0","-1","-1.0","-1","-1.0","-1","0","0","0","0","0","0","0","2.0","2.0","2.0","2.0","2.0","2.0","","1.0","1.0","1.0","1.0","1.0","1.0",""
"22424","噬天虎","牛头宝宝","宝宝幼儿园","","","","1","","0","4","3","","","2","1","0","0","520951","1","0","5","0","0","150","1","true","333","0","-1","0","0","50","1","5","1000","1","1","1","1","3350","4190","1240","1550","0","1700","1036","4","10","10","0.2;0.2;0.2;0.2;0.2","0.3;0.2;0.2;0.2;0.1","0.1;0.3;0.3;0.2;0.1","0.2;0.3;0.2;0.2;0.1","206040","207009","206039","206023","206025","","","1001","333","333","333","333","","","0","0","0","0","","","","20001","-1.0","-1.0","-1.0","-1.0","-1.0","-1","-1","-1","-1.0","-1","-1","-1","-1.0","-1","-1.0","-1","-1","-1","-1.0","-1","-1.0","-1","-1.0","-1","0","0","0","0","0","0","0","2.0","2.0","2.0","2.0","2.0","2.0","","1.0","1.0","1.0","1.0","1.0","1.0",""
"22425","雾中仙","马面宝宝","宝宝幼儿园","","","","1","","0","4","3","","","2","1","0","0","520952","1","0","5","0","0","150","1","true","333","0","-1","0","0","50","1","5","1000","1","1","1","1","3350","4190","1860","2330","0","1800","1036","4","10","10","0.2;0.2;0.2;0.2;0.2","0.3;0.2;0.2;0.2;0.1","0.1;0.3;0.3;0.2;0.1","0.2;0.3;0.2;0.2;0.1","207008","206051","206019","207016","206025","","","1001","333","333","333","333","","","0","0","0","0","","","","20001","-1.0","-1.0","-1.0","-1.0","-1.0","-1","-1","-1","-1.0","-1","-1","-1","-1.0","-1","-1.0","-1","-1","-1","-1.0","-1","-1.0","-1","-1.0","-1","0","0","0","0","0","0","0","2.0","2.0","2.0","2.0","2.0","2.0","","1.0","1.0","1.0","1.0","1.0","1.0",""
"22426","灵符女娲","龟丞相宝宝","宝宝幼儿园","","","","1","","0","4","3","","","2","1","0","0","521052","1","0","5","0","0","150","1","true","333","0","-1","0","0","50","1","5","1000","1","1","1","1","2230","2790","1240","1550","0","1750","1036","4","10","10","0.2;0.2;0.2;0.2;0.2","0.3;0.2;0.2;0.2;0.1","0.1;0.3;0.3;0.2;0.1","0.2;0.3;0.2;0.2;0.1","207005","207015","206009","206060","206048","","","1001","333","333","333","333","","","0","0","0","0","","","","20001","-1.0","-1.0","-1.0","-1.0","-1.0","-1","-1","-1","-1.0","-1","-1","-1","-1.0","-1","-1.0","-1","-1","-1","-1.0","-1","-1.0","-1","-1.0","-1","0","0","0","0","0","0","0","2.0","2.0","2.0","2.0","2.0","2.0","","1.0","1.0","1.0","1.0","1.0","1.0",""
"22427","律法女娲","净瓶女娲宝宝","宝宝幼儿园","","","","1","","0","4","3","","","2","1","0","0","521053","1","0","5","0","0","150","1","true","333","0","-1","0","0","50","1","5","1000","1","1","1","1","2790","3490","1860","2330","0","1800","1036","4","10","10","0.2;0.2;0.2;0.2;0.2","0.3;0.2;0.2;0.2;0.1","0.1;0.3;0.3;0.2;0.1","0.2;0.3;0.2;0.2;0.1","206055","207014","206004","206042","206050","","","1001","333","333","333","333","","","500","500","0","0","","","","20001","-1.0","-1.0","-1.0","-1.0","-1.0","-1","-1","-1","-1.0","-1","-1","-1","-1.0","-1","-1.0","-1","-1","-1","-1.0","-1","-1.0","-1","-1.0","-1","0","0","0","0","0","0","0","2.0","2.0","2.0","2.0","2.0","2.0","","1.0","1.0","1.0","1.0","1.0","1.0",""
"22428","鬼剑","虾兵宝宝","宝宝幼儿园","","","","1","","0","4","3","","","2","1","0","0","521101","1","0","5","0","0","150","1","true","333","0","-1","0","0","50","1","5","1000","1","1","1","1","3460","4320","1920","2400","0","1850","1066","4","10","10","0.2;0.2;0.2;0.2;0.2","0.3;0.2;0.2;0.2;0.1","0.1;0.3;0.3;0.2;0.1","0.2;0.3;0.2;0.2;0.1","206041","207010","206002","206067","206065","","","1001","333","333","333","333","","","0","500","0","0","","","","20001","-1.0","-1.0","-1.0","-1.0","-1.0","-1","-1","-1","-1.0","-1","-1","-1","-1.0","-1","-1.0","-1","-1","-1","-1.0","-1","-1.0","-1","-1.0","-1","0","0","0","0","0","0","0","2.0","2.0","2.0","2.0","2.0","2.0","","1.0","1.0","1.0","1.0","1.0","1.0",""
"22429","嘲风","蟹将宝宝","宝宝幼儿园","","","","1","","0","4","3","","","2","1","0","0","521102","1","0","5","0","0","150","1","true","333","0","-1","0","0","50","1","5","1000","1","1","1","1","2880","3600","1280","1600","0","1800","1066","4","10","10","0.2;0.2;0.2;0.2;0.2","0.3;0.2;0.2;0.2;0.1","0.1;0.3;0.3;0.2;0.1","0.2;0.3;0.2;0.2;0.1","206070","206048","206053","206058","206059","207212","","1001","333","333","333","333","333","","0","0","0","0","","","","20001","-1.0","-1.0","-1.0","-1.0","-1.0","-1","-1","-1","-1.0","-1","-1","-1","-1.0","-1","-1.0","-1","-1","-1","-1.0","-1","-1.0","-1","-1.0","-1","0","0","0","0","0","0","0","2.0","2.0","2.0","2.0","2.0","2.0","","1.0","1.0","1.0","1.0","1.0","1.0",""
"22430","大力金刚","远古瑞兽宝宝","宝宝幼儿园","","","","1","","0","4","3","","","2","1","0","0","500330","1","0","5","0","0","150","1","true","333","0","-1","0","0","50","1","5","1000","1","1","1","1","3460","4320","1280","1600","0","1850","1066","4","10","10","0.2;0.2;0.2;0.2;0.2","0.3;0.2;0.2;0.2;0.1","0.1;0.3;0.3;0.2;0.1","0.2;0.3;0.2;0.2;0.1","206040","207012","206041","206067","206014","","","1001","333","1001","333","333","","","0","0","0","0","","","","20001","-1.0","-1.0","-1.0","-1.0","-1.0","-1","-1","-1","-1.0","-1","-1","-1","-1.0","-1","-1.0","-1","-1","-1","-1.0","-1","-1.0","-1","-1.0","-1","0","0","0","0","0","0","0","2.0","2.0","2.0","2.0","2.0","2.0","","1.0","1.0","1.0","1.0","1.0","1.0",""
"22431","如意仙子","灵符女娲宝宝","宝宝幼儿园","","","","1","","0","4","3","","","2","1","0","0","500233","1","0","5","0","0","150","1","true","333","0","-1","0","0","50","1","5","1000","1","1","1","1","2300","2880","1920","2400","0","1850","1066","4","10","10","0.2;0.2;0.2;0.2;0.2","0.3;0.2;0.2;0.2;0.1","0.1;0.3;0.3;0.2;0.1","0.2;0.3;0.2;0.2;0.1","207008","206067","206046","206054","206053","","","1000","333","333","333","333","","","500","0","0","0","","","","20001","-1.0","-1.0","-1.0","-1.0","-1.0","-1","-1","-1","-1.0","-1","-1","-1","-1.0","-1","-1.0","-1","-1","-1","-1.0","-1","-1.0","-1","-1.0","-1","0","0","0","0","0","0","0","2.0","2.0","2.0","2.0","2.0","2.0","","1.0","1.0","1.0","1.0","1.0","1.0",""
"22432","星灵仙子","野猪宝宝","宝宝幼儿园","","","","1","","0","4","3","","","2","1","0","0","500234","1","0","5","0","0","150","1","true","333","0","-1","0","0","50","1","5","1000","1","1","1","1","3590","4490","1330","1660","0","1850","1096","4","10","10","0.2;0.2;0.2;0.2;0.2","0.3;0.2;0.2;0.2;0.1","0.1;0.3;0.3;0.2;0.1","0.2;0.3;0.2;0.2;0.1","206053","206050","206037","206020","","","","1000","333","333","333","","","","0","0","0","0","","","","20001","-1.0","-1.0","-1.0","-1.0","-1.0","-1","-1","-1","-1.0","-1","-1","-1","-1.0","-1","-1.0","-1","-1","-1","-1.0","-1","-1.0","-1","-1.0","-1","0","0","0","0","0","0","0","2.0","2.0","2.0","2.0","2.0","2.0","","1.0","1.0","1.0","1.0","1.0","1.0",""
"22433","巡游天神","吸血蝙蝠宝宝","宝宝幼儿园","","","","1","","0","4","3","","","2","1","0","0","500235","1","0","5","0","0","150","1","true","333","0","-1","0","0","50","1","5","1000","1","1","1","1","3000","3740","1330","1660","0","1850","1096","4","10","10","0.2;0.2;0.2;0.2;0.2","0.3;0.2;0.2;0.2;0.1","0.1;0.3;0.3;0.2;0.1","0.2;0.3;0.2;0.2;0.1","206049","206019","206072","206037","","","","1000","333","333","333","","","","0","0","0","0","","","","20001","-1.0","-1.0","-1.0","-1.0","-1.0","-1","-1","-1","-1.0","-1","-1","-1","-1.0","-1","-1.0","-1","-1","-1","-1.0","-1","-1.0","-1","-1.0","-1","0","0","0","0","0","0","0","2.0","2.0","2.0","2.0","2.0","2.0","","1.0","1.0","1.0","1.0","1.0","1.0",""
"22434","律法女娲","鲛将军宝宝","宝宝幼儿园","","","","1","","0","4","3","","","2","1","0","0","500236","1","0","5","0","0","150","1","true","333","0","-1","0","0","50","1","5","1000","1","1","1","1","3590","4490","2000","2500","0","1850","1096","4","10","10","0.2;0.2;0.2;0.2;0.2","0.3;0.2;0.2;0.2;0.1","0.1;0.3;0.3;0.2;0.1","0.2;0.3;0.2;0.2;0.1","206058","206030","207001","206014","","","","1000","333","333","333","","","","0","0","0","0","","","","20001","-1.0","-1.0","-1.0","-1.0","-1.0","-1","-1","-1","-1.0","-1","-1","-1","-1.0","-1","-1.0","-1","-1","-1","-1.0","-1","-1.0","-1","-1.0","-1","0","0","0","0","0","0","0","2.0","2.0","2.0","2.0","2.0","2.0","","1.0","1.0","1.0","1.0","1.0","1.0",""
"22435","幽灵","律法女娲宝宝","宝宝幼儿园","","","","1","","0","4","3","","","2","1","0","0","500237","1","0","5","0","0","150","1","true","333","0","-1","0","0","50","1","5","1000","1","1","1","1","2400","3000","2000","2500","0","1850","1096","4","10","10","0.2;0.2;0.2;0.2;0.2","0.3;0.2;0.2;0.2;0.1","0.1;0.3;0.3;0.2;0.1","0.2;0.3;0.2;0.2;0.1","207006","206048","206014","206045","206030","","","1000","333","333","333","333","","","500","0","0","0","","","","20001","-1.0","-1.0","-1.0","-1.0","-1.0","-1","-1","-1","-1.0","-1","-1","-1","-1.0","-1","-1.0","-1","-1","-1","-1.0","-1","-1.0","-1","-1.0","-1","0","0","0","0","0","0","0","2.0","2.0","2.0","2.0","2.0","2.0","","1.0","1.0","1.0","1.0","1.0","1.0",""
"22436","鬼将","千年僵尸宝宝","宝宝幼儿园","","","","1","","0","4","3","","","2","1","0","0","500238","1","0","5","0","0","150","1","true","333","0","-1","0","0","50","1","5","1000","1","1","1","1","3110","3890","1380","1730","0","1850","1126","4","10","10","0.2;0.2;0.2;0.2;0.2","0.3;0.2;0.2;0.2;0.1","0.1;0.3;0.3;0.2;0.1","0.2;0.3;0.2;0.2;0.1","206005","206019","206037","206001","","","","1000","333","333","333","","","","0","0","0","0","","","","20001","-1.0","-1.0","-1.0","-1.0","-1.0","-1","-1","-1","-1.0","-1","-1","-1","-1.0","-1","-1.0","-1","-1","-1","-1.0","-1","-1.0","-1","-1.0","-1","0","0","0","0","0","0","0","2.0","2.0","2.0","2.0","2.0","2.0","","1.0","1.0","1.0","1.0","1.0","1.0",""
"22437","净瓶女娲","孤魂野鬼宝宝","宝宝幼儿园","","","","1","","0","4","3","","","2","1","0","0","500239","1","0","5","0","0","150","1","true","333","0","-1","0","0","50","1","5","1000","1","1","1","1","2490","3110","2070","2590","0","1850","1126","4","10","10","0.2;0.2;0.2;0.2;0.2","0.3;0.2;0.2;0.2;0.1","0.1;0.3;0.3;0.2;0.1","0.2;0.3;0.2;0.2;0.1","206029","206032","207003","206006","","","","1000","333","333","333","","","","0","500","0","0","","","","20001","-1.0","-1.0","-1.0","-1.0","-1.0","-1","-1","-1","-1.0","-1","-1","-1","-1.0","-1","-1.0","-1","-1","-1","-1.0","-1","-1.0","-1","-1.0","-1","0","0","0","0","0","0","0","2.0","2.0","2.0","2.0","2.0","2.0","","1.0","1.0","1.0","1.0","1.0","1.0",""
"22438","灵符女娲","芙蓉仙子宝宝","宝宝幼儿园","","","","1","","0","4","3","","","2","1","0","0","500240","1","0","5","0","0","150","1","true","333","0","-1","0","0","50","1","5","1000","1","1","1","1","3730","4670","1730","2160","0","1850","1126","4","10","10","0.2;0.2;0.2;0.2;0.2","0.3;0.2;0.2;0.2;0.1","0.1;0.3;0.3;0.2;0.1","0.2;0.3;0.2;0.2;0.1","206063","206017","206005","206004","206036","","","1000","1000","333","333","333","","","0","0","0","0","0","","","20001","-1.0","-1.0","-1.0","-1.0","-1.0","-1","-1","-1","-1.0","-1","-1","-1","-1.0","-1","-1.0","-1","-1","-1","-1.0","-1","-1.0","-1","-1.0","-1","0","0","0","0","0","0","0","2.0","2.0","2.0","2.0","2.0","2.0","","1.0","1.0","1.0","1.0","1.0","1.0",""
"22439","巴蛇","蜃蛇宝宝","宝宝幼儿园","","","","1","","0","4","3","","","2","1","0","0","500241","1","0","5","0","0","150","1","true","333","0","-1","0","0","50","1","5","1000","1","1","1","1","2490","3110","1380","1730","0","1850","1126","4","10","10","0.2;0.2;0.2;0.2;0.2","0.3;0.2;0.2;0.2;0.1","0.1;0.3;0.3;0.2;0.1","0.2;0.3;0.2;0.2;0.1","206049","207012","206027","206005","206031","","","1000","333","333","333","333","","","500","0","0","0","","","","20001","-1.0","-1.0","-1.0","-1.0","-1.0","-1","-1","-1","-1.0","-1","-1","-1","-1.0","-1","-1.0","-1","-1","-1","-1.0","-1","-1.0","-1","-1.0","-1","0","0","0","0","0","0","0","2.0","2.0","2.0","2.0","2.0","2.0","","1.0","1.0","1.0","1.0","1.0","1.0",""
"22440","大力金刚","吸血鬼宝宝","宝宝幼儿园","","","","1","","0","4","3","","","2","1","0","0","500242","1","0","5","0","0","150","1","true","333","0","-1","0","0","50","1","5","1000","1","1","1","1","3730","4670","2070","2590","0","1850","1126","4","10","10","0.2;0.2;0.2;0.2;0.2","0.3;0.2;0.2;0.2;0.1","0.1;0.3;0.3;0.2;0.1","0.2;0.3;0.2;0.2;0.1","206030","207016","206027","206033","206032","","","1000","333","333","333","333","","","500","0","0","0","","","","20001","-1.0","-1.0","-1.0","-1.0","-1.0","-1","-1","-1","-1.0","-1","-1","-1","-1.0","-1","-1.0","-1","-1","-1","-1.0","-1","-1.0","-1","-1.0","-1","0","0","0","0","0","0","0","2.0","2.0","2.0","2.0","2.0","2.0","","1.0","1.0","1.0","1.0","1.0","1.0",""
"22441","灵鹤","夜叉宝宝","宝宝幼儿园","","","","1","","0","4","3","","","2","1","0","0","500243","1","0","5","0","0","150","1","true","333","0","-1","0","0","50","1","5","1000","1","1","1","1","3230","4030","2150","2690","0","1850","1156","4","10","10","0.2;0.2;0.2;0.2;0.2","0.3;0.2;0.2;0.2;0.1","0.1;0.3;0.3;0.2;0.1","0.2;0.3;0.2;0.2;0.1","206058","207007","206046","206011","","","","1000","333","333","333","","","","0","500","0","0","","","","20001","-1.0","-1.0","-1.0","-1.0","-1.0","-1","-1","-1","-1.0","-1","-1","-1","-1.0","-1","-1.0","-1","-1","-1","-1.0","-1","-1.0","-1","-1.0","-1","0","0","0","0","0","0","0","2.0","2.0","2.0","2.0","2.0","2.0","","1.0","1.0","1.0","1.0","1.0","1.0",""
"22442","龙龟","幽莹娃娃宝宝","宝宝幼儿园","","","","1","","0","4","3","","","2","1","0","0","500244","1","0","5","0","0","150","1","true","333","0","-1","0","0","50","1","5","1000","1","1","1","1","3870","4840","1430","1790","0","1850","1156","4","10","10","0.2;0.2;0.2;0.2;0.2","0.3;0.2;0.2;0.2;0.1","0.1;0.3;0.3;0.2;0.1","0.2;0.3;0.2;0.2;0.1","206058","206057","206067","206001","","","","1000","333","333","333","","","","0","0","0","0","","","","20001","-1.0","-1.0","-1.0","-1.0","-1.0","-1","-1","-1","-1.0","-1","-1","-1","-1.0","-1","-1.0","-1","-1","-1","-1.0","-1","-1.0","-1","-1.0","-1","0","0","0","0","0","0","0","2.0","2.0","2.0","2.0","2.0","2.0","","1.0","1.0","1.0","1.0","1.0","1.0",""
"22443","噬天虎","鞭笞者宝宝","宝宝幼儿园","","","","1","","0","4","3","","","2","1","0","0","500245","1","0","5","0","0","150","1","true","333","0","-1","0","0","50","1","5","1000","1","1","1","1","3230","4030","1430","1790","0","1850","1156","4","10","10","0.2;0.2;0.2;0.2;0.2","0.3;0.2;0.2;0.2;0.1","0.1;0.3;0.3;0.2;0.1","0.2;0.3;0.2;0.2;0.1","206050","206039","206001","206019","","","","1000","333","333","333","","","","0","0","0","0","","","","20001","-1.0","-1.0","-1.0","-1.0","-1.0","-1","-1","-1","-1.0","-1","-1","-1","-1.0","-1","-1.0","-1","-1","-1","-1.0","-1","-1.0","-1","-1.0","-1","0","0","0","0","0","0","0","2.0","2.0","2.0","2.0","2.0","2.0","","1.0","1.0","1.0","1.0","1.0","1.0",""
"22444","夜罗刹","幽冥书生宝宝","宝宝幼儿园","","","","1","","0","4","3","","","2","1","0","0","500246","1","0","5","0","0","150","1","true","333","0","-1","0","0","50","1","5","1000","1","1","1","1","3870","4840","1430","1790","0","1850","1156","4","10","10","0.2;0.2;0.2;0.2;0.2","0.3;0.2;0.2;0.2;0.1","0.1;0.3;0.3;0.2;0.1","0.2;0.3;0.2;0.2;0.1","206048","207014","206019","206021","206022","","","1000","333","333","333","333","","","500","0","0","0","","","","20001","-1.0","-1.0","-1.0","-1.0","-1.0","-1","-1","-1","-1.0","-1","-1","-1","-1.0","-1","-1.0","-1","-1","-1","-1.0","-1","-1.0","-1","-1.0","-1","0","0","0","0","0","0","0","2.0","2.0","2.0","2.0","2.0","2.0","","1.0","1.0","1.0","1.0","1.0","1.0",""
"22445","踏云兽","蟠桃童子宝宝","宝宝幼儿园","","","","1","","0","4","3","","","2","1","0","0","500247","1","0","5","0","0","150","1","true","333","0","-1","0","0","50","1","5","1000","1","1","1","1","4010","5010","1480","1860","0","1850","1186","4","10","10","0.2;0.2;0.2;0.2;0.2","0.3;0.2;0.2;0.2;0.1","0.1;0.3;0.3;0.2;0.1","0.2;0.3;0.2;0.2;0.1","206058","206039","206037","206023","","","","1000","333","333","333","","","","0","0","0","0","0","","","20001","-1.0","-1.0","-1.0","-1.0","-1.0","-1","-1","-1","-1.0","-1","-1","-1","-1.0","-1","-1.0","-1","-1","-1","-1.0","-1","-1.0","-1","-1.0","-1","0","0","0","0","0","0","0","2.0","2.0","2.0","2.0","2.0","2.0","","1.0","1.0","1.0","1.0","1.0","1.0",""
"22446","雾中仙","天兵宝宝","宝宝幼儿园","","","","1","","0","4","3","","","2","1","0","0","500248","1","0","5","0","0","150","1","true","333","0","-1","0","0","50","1","5","1000","1","1","1","1","2670","3340","2230","2780","0","1850","1186","4","10","10","0.2;0.2;0.2;0.2;0.2","0.3;0.2;0.2;0.2;0.1","0.1;0.3;0.3;0.2;0.1","0.2;0.3;0.2;0.2;0.1","206059","207005","206043","206060","","","","1000","333","333","333","","","","0","500","0","0","","","","20001","-1.0","-1.0","-1.0","-1.0","-1.0","-1","-1","-1","-1.0","-1","-1","-1","-1.0","-1","-1.0","-1","-1","-1","-1.0","-1","-1.0","-1","-1.0","-1","0","0","0","0","0","0","0","2.0","2.0","2.0","2.0","2.0","2.0","","1.0","1.0","1.0","1.0","1.0","1.0",""
"22447","炎魔神","巨灵神将宝宝","宝宝幼儿园","","","","1","","0","4","3","","","2","1","0","0","500249","1","0","5","0","0","150","1","true","333","0","-1","0","0","50","1","5","1000","1","1","1","1","4010","5010","1860","2320","0","1850","1186","4","10","10","0.2;0.2;0.2;0.2;0.2","0.3;0.2;0.2;0.2;0.1","0.1;0.3;0.3;0.2;0.1","0.2;0.3;0.2;0.2;0.1","206066","206072","206003","206028","206033","","","1000","1000","333","333","333","","","0","0","0","0","","","","20001","-1.0","-1.0","-1.0","-1.0","-1.0","-1","-1","-1","-1.0","-1","-1","-1","-1.0","-1","-1.0","-1","-1","-1","-1.0","-1","-1.0","-1","-1.0","-1","0","0","0","0","0","0","0","2.0","2.0","2.0","2.0","2.0","2.0","","1.0","1.0","1.0","1.0","1.0","1.0",""
"22448","修罗傀儡鬼","御风童子宝宝","宝宝幼儿园","","","","1","","0","4","3","","","2","1","0","0","500250","1","0","5","0","0","150","1","true","333","0","-1","0","0","50","1","5","1000","1","1","1","1","2670","3340","1480","1860","0","1850","1186","4","10","10","0.2;0.2;0.2;0.2;0.2","0.3;0.2;0.2;0.2;0.1","0.1;0.3;0.3;0.2;0.1","0.2;0.3;0.2;0.2;0.1","206066","207009","206069","206012","206033","","","1000","333","333","333","333","","","0","0","0","0","","","","20001","-1.0","-1.0","-1.0","-1.0","-1.0","-1","-1","-1","-1.0","-1","-1","-1","-1.0","-1","-1.0","-1","-1","-1","-1.0","-1","-1.0","-1","-1.0","-1","0","0","0","0","0","0","0","2.0","2.0","2.0","2.0","2.0","2.0","","1.0","1.0","1.0","1.0","1.0","1.0",""
"22449","修罗傀儡妖","绿飞龙宝宝","宝宝幼儿园","","","","1","","0","4","3","","","2","1","0","0","500251","1","0","5","0","0","150","1","true","333","0","-1","0","0","50","1","5","1000","1","1","1","1","4150","5180","2300","2880","0","1850","1216","4","10","10","0.2;0.2;0.2;0.2;0.2","0.3;0.2;0.2;0.2;0.1","0.1;0.3;0.3;0.2;0.1","0.2;0.3;0.2;0.2;0.1","206056","207008","206043","206045","","","","1000","333","333","333","","","","0","0","0","0","","","","20001","-1.0","-1.0","-1.0","-1.0","-1.0","-1","-1","-1","-1.0","-1","-1","-1","-1.0","-1","-1.0","-1","-1","-1","-1.0","-1","-1.0","-1","-1.0","-1","0","0","0","0","0","0","0","2.0","2.0","2.0","2.0","2.0","2.0","","1.0","1.0","1.0","1.0","1.0","1.0",""
"22450","狂豹","猴小仙宝宝","宝宝幼儿园","","","","1","","0","4","3","","","2","1","0","0","500252","1","0","5","0","0","150","1","true","333","0","-1","0","0","50","1","5","1000","1","1","1","1","2760","3460","1540","1920","0","1850","1216","4","10","10","0.2;0.2;0.2;0.2;0.2","0.3;0.2;0.2;0.2;0.1","0.1;0.3;0.3;0.2;0.1","0.2;0.3;0.2;0.2;0.1","206001","206056","206065","206005","","","","1000","333","333","333","","","","0","500","0","0","","","","20001","-1.0","-1.0","-1.0","-1.0","-1.0","-1","-1","-1","-1.0","-1","-1","-1","-1.0","-1","-1.0","-1","-1","-1","-1.0","-1","-1.0","-1","-1.0","-1","0","0","0","0","0","0","0","2.0","2.0","2.0","2.0","2.0","2.0","","1.0","1.0","1.0","1.0","1.0","1.0",""
"22451","罗汉","芙蓉仙子宝宝","宝宝幼儿园","","","","1","","0","4","3","","","2","1","0","0","500253","1","0","5","0","0","150","1","true","333","0","-1","0","0","50","1","5","1000","1","1","1","1","3460","4320","1540","1920","0","1850","1216","4","10","10","0.2;0.2;0.2;0.2;0.2","0.3;0.2;0.2;0.2;0.1","0.1;0.3;0.3;0.2;0.1","0.2;0.3;0.2;0.2;0.1","206060","206050","206058","206059","","","","1000","333","333","333","","","","0","0","0","0","","","","20001","-1.0","-1.0","-1.0","-1.0","-1.0","-1","-1","-1","-1.0","-1","-1","-1","-1.0","-1","-1.0","-1","-1","-1","-1.0","-1","-1.0","-1","-1.0","-1","0","0","0","0","0","0","0","2.0","2.0","2.0","2.0","2.0","2.0","","1.0","1.0","1.0","1.0","1.0","1.0",""
"22452","腾蛇","巡游天神宝宝","宝宝幼儿园","","","","1","","0","4","3","","","2","1","0","0","500254","1","0","5","0","0","150","1","true","333","0","-1","0","0","50","1","5","1000","1","1","1","1","4150","5180","1540","1920","0","1850","1216","4","10","10","0.2;0.2;0.2;0.2;0.2","0.3;0.2;0.2;0.2;0.1","0.1;0.3;0.3;0.2;0.1","0.2;0.3;0.2;0.2;0.1","206069","207015","206009","206014","206015","","","1000","333","333","333","333","","","0","500","0","0","0","","","20001","-1.0","-1.0","-1.0","-1.0","-1.0","-1","-1","-1","-1.0","-1","-1","-1","-1.0","-1","-1.0","-1","-1","-1","-1.0","-1","-1.0","-1","-1.0","-1","0","0","0","0","0","0","0","2.0","2.0","2.0","2.0","2.0","2.0","","1.0","1.0","1.0","1.0","1.0","1.0",""
"22453","蓝龙","炎魔使者宝宝","宝宝幼儿园","","","","1","","0","4","3","","","2","1","0","0","500255","1","0","5","0","0","150","1","true","333","0","-1","0","0","50","1","5","1000","1","1","1","1","4290","5360","2380","2980","0","1850","1246","4","10","10","0.2;0.2;0.2;0.2;0.2","0.3;0.2;0.2;0.2;0.1","0.1;0.3;0.3;0.2;0.1","0.2;0.3;0.2;0.2;0.1","206070","207005","206051","206060","","","","1000","333","333","333","","","","0","0","500","0","0","","","20001","-1.0","-1.0","-1.0","-1.0","-1.0","-1","-1","-1","-1.0","-1","-1","-1","-1.0","-1","-1.0","-1","-1","-1","-1.0","-1","-1.0","-1","-1.0","-1","0","0","0","0","0","0","0","2.0","2.0","2.0","2.0","2.0","2.0","","1.0","1.0","1.0","1.0","1.0","1.0",""
"22454","蝎子精","凤凰仙子宝宝","宝宝幼儿园","","","","1","","0","4","3","","","2","1","0","0","500256","1","0","5","0","0","150","1","true","333","0","-1","0","0","50","1","5","1000","1","1","1","1","4290","5360","1980","2480","0","1850","1246","4","10","10","0.2;0.2;0.2;0.2;0.2","0.3;0.2;0.2;0.2;0.1","0.1;0.3;0.3;0.2;0.1","0.2;0.3;0.2;0.2;0.1","206050","206058","206057","206067","","","","1000","333","333","333","","","","0","0","0","0","","","","20001","-1.0","-1.0","-1.0","-1.0","-1.0","-1","-1","-1","-1.0","-1","-1","-1","-1.0","-1","-1.0","-1","-1","-1","-1.0","-1","-1.0","-1","-1.0","-1","0","0","0","0","0","0","0","2.0","2.0","2.0","2.0","2.0","2.0","","1.0","1.0","1.0","1.0","1.0","1.0",""
"22455","持国","鬼剑宝宝","宝宝幼儿园","","","","1","","0","4","3","","","2","1","0","0","500257","1","0","5","0","0","150","1","true","333","0","-1","0","0","50","1","5","1000","1","1","1","1","2860","3570","2380","2980","0","1850","1246","4","10","10","0.2;0.2;0.2;0.2;0.2","0.3;0.2;0.2;0.2;0.1","0.1;0.3;0.3;0.2;0.1","0.2;0.3;0.2;0.2;0.1","206043","207006","206046","206045","","","","1000","333","333","333","","","","0","500","0","0","","","","20001","-1.0","-1.0","-1.0","-1.0","-1.0","-1","-1","-1","-1.0","-1","-1","-1","-1.0","-1","-1.0","-1","-1","-1","-1.0","-1","-1.0","-1","-1.0","-1","0","0","0","0","0","0","0","2.0","2.0","2.0","2.0","2.0","2.0","","1.0","1.0","1.0","1.0","1.0","1.0",""
"22456","百足将军","羽云仙子宝宝","宝宝幼儿园","","","","1","","0","4","3","","","2","1","0","0","500258","1","0","5","0","0","150","1","true","333","0","-1","0","0","50","1","5","1000","1","1","1","1","4290","5360","1590","1980","0","1850","1246","4","10","10","0.2;0.2;0.2;0.2;0.2","0.3;0.2;0.2;0.2;0.1","0.1;0.3;0.3;0.2;0.1","0.2;0.3;0.2;0.2;0.1","206054","207013","206073","206003","206020","","","1000","333","333","333","333","","","0","500","0","0","","","","20001","-1.0","-1.0","-1.0","-1.0","-1.0","-1","-1","-1","-1.0","-1","-1","-1","-1.0","-1","-1.0","-1","-1","-1","-1.0","-1","-1.0","-1","-1.0","-1","0","0","0","0","0","0","0","2.0","2.0","2.0","2.0","2.0","2.0","","1.0","1.0","1.0","1.0","1.0","1.0",""
"22457","蚌精","布雨神君宝宝","宝宝幼儿园","","","","1","","0","4","3","","","2","1","0","0","500259","1","0","5","0","0","150","1","true","333","0","-1","0","0","50","1","5","1000","1","1","1","1","2950","3690","1640","2050","0","1850","1276","4","10","10","0.2;0.2;0.2;0.2;0.2","0.3;0.2;0.2;0.2;0.1","0.1;0.3;0.3;0.2;0.1","0.2;0.3;0.2;0.2;0.1","206072","206052","206058","206038","206051","","","1000","333","333","333","333","","","0","0","0","0","","","","20001","-1.0","-1.0","-1.0","-1.0","-1.0","-1","-1","-1","-1.0","-1","-1","-1","-1.0","-1","-1.0","-1","-1","-1","-1.0","-1","-1.0","-1","-1.0","-1","0","0","0","0","0","0","0","2.0","2.0","2.0","2.0","2.0","2.0","","1.0","1.0","1.0","1.0","1.0","1.0",""
"22458","画魂","武罗仙子宝宝","宝宝幼儿园","","","","1","","0","4","3","","","2","1","0","0","500260","1","0","5","0","0","150","1","true","333","0","-1","0","0","50","1","5","1000","1","1","1","1","4420","5530","1640","2050","0","1850","1276","4","10","10","0.2;0.2;0.2;0.2;0.2","0.3;0.2;0.2;0.2;0.1","0.1;0.3;0.3;0.2;0.1","0.2;0.3;0.2;0.2;0.1","206040","206066","206069","206039","206049","","","1000","333","333","333","333","","","0","0","0","0","","","","20001","-1.0","-1.0","-1.0","-1.0","-1.0","-1","-1","-1","-1.0","-1","-1","-1","-1.0","-1","-1.0","-1","-1","-1","-1.0","-1","-1.0","-1","-1.0","-1","0","0","0","0","0","0","0","2.0","2.0","2.0","2.0","2.0","2.0","","1.0","1.0","1.0","1.0","1.0","1.0",""
"22459","碧水夜叉","噬天虎宝宝","宝宝幼儿园","","","","1","","0","4","3","","","2","1","0","0","500261","1","0","5","0","0","150","1","true","333","0","-1","0","0","50","1","5","1000","1","1","1","1","4420","5530","2460","3070","0","1850","1276","4","10","10","0.2;0.2;0.2;0.2;0.2","0.3;0.2;0.2;0.2;0.1","0.1;0.3;0.3;0.2;0.1","0.2;0.3;0.2;0.2;0.1","207006","206065","206064","206063","206062","","","1000","333","333","333","333","","","500","0","0","0","0","","","20001","-1.0","-1.0","-1.0","-1.0","-1.0","-1","-1","-1","-1.0","-1","-1","-1","-1.0","-1","-1.0","-1","-1","-1","-1.0","-1","-1.0","-1","-1.0","-1","0","0","0","0","0","0","0","2.0","2.0","2.0","2.0","2.0","2.0","","1.0","1.0","1.0","1.0","1.0","1.0",""
"22460","花妖","雾中仙宝宝","宝宝幼儿园","","","","1","","0","4","3","","","2","1","0","0","500262","1","0","5","0","0","150","1","true","333","0","-1","0","0","50","1","5","1000","1","1","1","1","3690","4610","1640","2050","0","1850","1276","4","10","10","0.2;0.2;0.2;0.2;0.2","0.3;0.2;0.2;0.2;0.1","0.1;0.3;0.3;0.2;0.1","0.2;0.3;0.2;0.2;0.1","206056","207010","206060","206054","206070","","","1000","333","333","333","333","","","0","500","0","0","0","","","20001","-1.0","-1.0","-1.0","-1.0","-1.0","-1","-1","-1","-1.0","-1","-1","-1","-1.0","-1","-1.0","-1","-1","-1","-1.0","-1","-1.0","-1","-1.0","-1","0","0","0","0","0","0","0","2.0","2.0","2.0","2.0","2.0","2.0","","1.0","1.0","1.0","1.0","1.0","1.0",""
"22461","蝴蝶仙子","变异野猪宝宝","宝宝幼儿园","","","","1","","0","4","3","","","2","1","1","0","500263","1","0","5","0","0","150","1","true","333","0","-1","0","0","50","1","5","1000","1","1","1","1","3270","4110","1210","1520","0","1850","976","4","10","10","0.2;0.2;0.2;0.2;0.2","0.3;0.2;0.2;0.2;0.1","0.1;0.3;0.3;0.2;0.1","0.2;0.3;0.2;0.2;0.1","206003","206023","","","","","","333","333","","","","","","0","0","0","","","","","20001","-1.0","-1.0","-1.0","-1.0","-1.0","-1","-1","-1","-1.0","-1","-1","-1","-1.0","-1","-1.0","-1","-1","-1","-1.0","-1","-1.0","-1","-1.0","-1","0","0","0","0","0","0","0","2.0","2.0","2.0","2.0","2.0","2.0","","1.0","1.0","1.0","1.0","1.0","1.0",""
"22462","狐狸精","变异老虎宝宝","宝宝幼儿园","","","","1","","0","4","3","","","2","1","1","0","500264","1","0","5","0","0","150","1","true","333","0","-1","0","0","50","1","5","1000","1","1","1","1","2820","3540","1250","1570","0","1850","976","4","10","10","0.2;0.2;0.2;0.2;0.2","0.3;0.2;0.2;0.2;0.1","0.1;0.3;0.3;0.2;0.1","0.2;0.3;0.2;0.2;0.1","206002","206003","206023","","","","","333","333","333","","","","","0","0","0","","","","","20001","-1.0","-1.0","-1.0","-1.0","-1.0","-1","-1","-1","-1.0","-1","-1","-1","-1.0","-1","-1.0","-1","-1","-1","-1.0","-1","-1.0","-1","-1.0","-1","0","0","0","0","0","0","0","2.0","2.0","2.0","2.0","2.0","2.0","","1.0","1.0","1.0","1.0","1.0","1.0",""
"22463","鲛人","变异羊头怪宝宝","宝宝幼儿园","","","","1","","0","4","3","","","2","1","1","0","500265","1","0","5","0","0","150","1","true","333","0","-1","0","0","50","1","5","1000","1","1","1","1","2330","2920","1290","1620","0","1850","1006","4","10","10","0.2;0.2;0.2;0.2;0.2","0.3;0.2;0.2;0.2;0.1","0.1;0.3;0.3;0.2;0.1","0.2;0.3;0.2;0.2;0.1","206001","206035","206023","206033","","","","333","333","333","333","","","","0","0","0","","","","","20001","-1.0","-1.0","-1.0","-1.0","-1.0","-1","-1","-1","-1.0","-1","-1","-1","-1.0","-1","-1.0","-1","-1","-1","-1.0","-1","-1.0","-1","-1.0","-1","0","0","0","0","0","0","0","2.0","2.0","2.0","2.0","2.0","2.0","","1.0","1.0","1.0","1.0","1.0","1.0",""
"22464","机关鸟","变异泡泡宝宝","宝宝幼儿园","","","","1","","0","4","3","","","2","1","1","0","500266","1","0","5","0","0","150","1","true","333","0","-1","0","0","50","1","5","1000","1","1","1","1","2910","3650","1290","1620","0","1850","1006","4","10","10","0.2;0.2;0.2;0.2;0.2","0.3;0.2;0.2;0.2;0.1","0.1;0.3;0.3;0.2;0.1","0.2;0.3;0.2;0.2;0.1","206002","206003","206021","206013","","","","1000","333","333","333","","","","500","0","0","0","","","","20001","-1.0","-1.0","-1.0","-1.0","-1.0","-1","-1","-1","-1.0","-1","-1","-1","-1.0","-1","-1.0","-1","-1","-1","-1.0","-1","-1.0","-1","-1.0","-1","0","0","0","0","0","0","0","2.0","2.0","2.0","2.0","2.0","2.0","","1.0","1.0","1.0","1.0","1.0","1.0",""
"22465","锦毛貂精","变异牛头宝宝","宝宝幼儿园","","","","1","","0","4","3","","","2","1","1","1","500267","1","0","5","0","0","150","1","true","333","0","-1","0","0","50","1","5","1000","1","1","1","1","3600","4530","1330","1680","0","1850","1036","4","10","10","0.2;0.2;0.2;0.2;0.2","0.3;0.2;0.2;0.2;0.1","0.1;0.3;0.3;0.2;0.1","0.2;0.3;0.2;0.2;0.1","206003","206002","206015","206026","","","","1000","333","333","333","","","","0","0","0","0","","","","20001","-1.0","-1.0","-1.0","-1.0","-1.0","-1","-1","-1","-1.0","-1","-1","-1","-1.0","-1","-1.0","-1","-1","-1","-1.0","-1","-1.0","-1","-1.0","-1","0","0","0","0","0","0","0","2.0","2.0","2.0","2.0","2.0","2.0","","1.0","1.0","1.0","1.0","1.0","1.0",""
"22466","千年蛇魅","变异马面宝宝","宝宝幼儿园","","","","1","","0","4","3","","","2","1","1","0","500268","1","0","5","0","0","150","1","true","333","0","-1","0","0","50","1","5","1000","1","1","1","1","3600","4530","2000","2510","0","1850","1036","4","10","10","0.2;0.2;0.2;0.2;0.2","0.3;0.2;0.2;0.2;0.1","0.1;0.3;0.3;0.2;0.1","0.2;0.3;0.2;0.2;0.1","207001","206033","206011","206023","","","","1000","333","333","333","","","","0","0","0","0","","","","20001","-1.0","-1.0","-1.0","-1.0","-1.0","-1","-1","-1","-1.0","-1","-1","-1","-1.0","-1","-1.0","-1","-1","-1","-1.0","-1","-1.0","-1","-1.0","-1","0","0","0","0","0","0","0","2.0","2.0","2.0","2.0","2.0","2.0","","1.0","1.0","1.0","1.0","1.0","1.0",""
"22467","鼠先锋","变异龟丞相宝宝","宝宝幼儿园","","","","1","","0","4","3","","","2","1","1","1","500269","1","0","5","0","0","150","1","true","333","0","-1","0","0","50","1","5","1000","1","1","1","1","2400","3020","1330","1680","0","1850","1036","4","10","10","0.2;0.2;0.2;0.2;0.2","0.3;0.2;0.2;0.2;0.1","0.1;0.3;0.3;0.2;0.1","0.2;0.3;0.2;0.2;0.1","206004","206001","206018","206033","","","","1000","333","333","333","","","","0","0","0","0","","","","20001","-1.0","-1.0","-1.0","-1.0","-1.0","-1","-1","-1","-1.0","-1","-1","-1","-1.0","-1","-1.0","-1","-1","-1","-1.0","-1","-1.0","-1","-1.0","-1","0","0","0","0","0","0","0","2.0","2.0","2.0","2.0","2.0","2.0","","1.0","1.0","1.0","1.0","1.0","1.0",""
"22468","天将","变异净瓶女娲宝宝","宝宝幼儿园","","","","1","","0","4","3","","","2","1","1","0","500270","1","0","5","0","0","150","1","true","333","0","-1","0","0","50","1","5","1000","1","1","1","1","3000","3770","2000","2510","0","1850","1036","4","10","10","0.2;0.2;0.2;0.2;0.2","0.3;0.2;0.2;0.2;0.1","0.1;0.3;0.3;0.2;0.1","0.2;0.3;0.2;0.2;0.1","207006","207002","206048","206070","206026","","","1000","333","333","333","333","","","500","500","0","0","","","","20001","-1.0","-1.0","-1.0","-1.0","-1.0","-1","-1","-1","-1.0","-1","-1","-1","-1.0","-1","-1.0","-1","-1","-1","-1.0","-1","-1.0","-1","-1.0","-1","0","0","0","0","0","0","0","2.0","2.0","2.0","2.0","2.0","2.0","","1.0","1.0","1.0","1.0","1.0","1.0",""
"22469","小龙女","变异虾兵宝宝","宝宝幼儿园","","","","1","","0","4","3","","","2","1","1","0","500271","1","0","5","0","0","150","1","true","333","0","-1","0","0","50","1","5","1000","1","1","1","1","3720","4670","2060","2590","0","1850","1066","4","10","10","0.2;0.2;0.2;0.2;0.2","0.3;0.2;0.2;0.2;0.1","0.1;0.3;0.3;0.2;0.1","0.2;0.3;0.2;0.2;0.1","206066","207008","206054","206053","","","","1000","333","333","333","","","","0","500","0","0","","","","20001","-1.0","-1.0","-1.0","-1.0","-1.0","-1","-1","-1","-1.0","-1","-1","-1","-1.0","-1","-1.0","-1","-1","-1","-1.0","-1","-1.0","-1","-1.0","-1","0","0","0","0","0","0","0","2.0","2.0","2.0","2.0","2.0","2.0","","1.0","1.0","1.0","1.0","1.0","1.0",""
"22470","犀牛将军人","变异蟹将宝宝","宝宝幼儿园","","","","1","","0","4","3","","","2","1","1","0","500272","1","0","5","0","0","150","1","true","333","0","-1","0","0","50","1","5","1000","1","1","1","1","3100","3890","1380","1730","0","1850","1066","4","10","10","0.2;0.2;0.2;0.2;0.2","0.3;0.2;0.2;0.2;0.1","0.1;0.3;0.3;0.2;0.1","0.2;0.3;0.2;0.2;0.1","206067","206002","206001","206026","","","","1000","333","333","333","","","","0","0","0","0","","","","20001","-1.0","-1.0","-1.0","-1.0","-1.0","-1","-1","-1","-1.0","-1","-1","-1","-1.0","-1","-1.0","-1","-1","-1","-1.0","-1","-1.0","-1","-1.0","-1","0","0","0","0","0","0","0","2.0","2.0","2.0","2.0","2.0","2.0","","1.0","1.0","1.0","1.0","1.0","1.0",""
"22471","犀牛将军兽","变异远古瑞兽宝宝","宝宝幼儿园","","","","1","","0","4","3","","","2","1","1","0","500273","1","0","5","0","0","150","1","true","333","0","-1","0","0","50","1","5","1000","1","1","1","1","3720","4670","1380","1730","0","1850","1066","4","10","10","0.2;0.2;0.2;0.2;0.2","0.3;0.2;0.2;0.2;0.1","0.1;0.3;0.3;0.2;0.1","0.2;0.3;0.2;0.2;0.1","206066","206003","206033","206016","","","","1000","333","333","333","","","","0","0","0","0","","","","20001","-1.0","-1.0","-1.0","-1.0","-1.0","-1","-1","-1","-1.0","-1","-1","-1","-1.0","-1","-1.0","-1","-1","-1","-1.0","-1","-1.0","-1","-1.0","-1","0","0","0","0","0","0","0","2.0","2.0","2.0","2.0","2.0","2.0","","1.0","1.0","1.0","1.0","1.0","1.0",""
"22472","野猪精","变异灵符女娲宝宝","宝宝幼儿园","","","","1","","0","4","3","","","2","1","1","0","500274","1","0","5","0","0","150","1","true","333","0","-1","0","0","50","1","5","1000","1","1","1","1","2480","3110","2060","2590","0","1850","1066","4","10","10","0.2;0.2;0.2;0.2;0.2","0.3;0.2;0.2;0.2;0.1","0.1;0.3;0.3;0.2;0.1","0.2;0.3;0.2;0.2;0.1","207008","206067","206046","206054","206053","","","1000","333","333","333","333","","","500","0","0","0","","","","20001","-1.0","-1.0","-1.0","-1.0","-1.0","-1","-1","-1","-1.0","-1","-1","-1","-1.0","-1","-1.0","-1","-1","-1","-1.0","-1","-1.0","-1","-1.0","-1","0","0","0","0","0","0","0","2.0","2.0","2.0","2.0","2.0","2.0","","1.0","1.0","1.0","1.0","1.0","1.0",""
"22473","阴阳伞","变异野猪宝宝","宝宝幼儿园","","","","1","","0","4","3","","","2","1","1","0","500275","1","0","5","0","0","150","1","true","333","0","-1","0","0","50","1","5","1000","1","1","1","1","3860","4850","1430","1800","0","1850","1096","4","10","10","0.2;0.2;0.2;0.2;0.2","0.3;0.2;0.2;0.2;0.1","0.1;0.3;0.3;0.2;0.1","0.2;0.3;0.2;0.2;0.1","206053","206050","206037","206020","","","","1000","333","333","333","","","","0","0","0","0","","","","20001","-1.0","-1.0","-1.0","-1.0","-1.0","-1","-1","-1","-1.0","-1","-1","-1","-1.0","-1","-1.0","-1","-1","-1","-1.0","-1","-1.0","-1","-1.0","-1","0","0","0","0","0","0","0","2.0","2.0","2.0","2.0","2.0","2.0","","1.0","1.0","1.0","1.0","1.0","1.0",""
"22474","雨师","变异吸血蝙蝠宝宝","宝宝幼儿园","","","","1","","0","4","3","","","2","1","1","0","500276","1","0","5","0","0","150","1","true","333","0","-1","0","0","50","1","5","1000","1","1","1","1","3220","4040","1430","1800","0","1850","1096","4","10","10","0.2;0.2;0.2;0.2;0.2","0.3;0.2;0.2;0.2;0.1","0.1;0.3;0.3;0.2;0.1","0.2;0.3;0.2;0.2;0.1","206049","206019","206072","206037","","","","1000","333","333","333","","","","0","0","0","0","","","","20001","-1.0","-1.0","-1.0","-1.0","-1.0","-1","-1","-1","-1.0","-1","-1","-1","-1.0","-1","-1.0","-1","-1","-1","-1.0","-1","-1.0","-1","-1.0","-1","0","0","0","0","0","0","0","2.0","2.0","2.0","2.0","2.0","2.0","","1.0","1.0","1.0","1.0","1.0","1.0",""
"22475","花果山猴子","变异鲛将军宝宝","宝宝幼儿园","","","","1","","0","4","3","","","2","1","1","1","500277","1","0","5","0","0","150","1","true","333","0","-1","0","0","50","1","5","1000","1","1","1","1","3860","4850","2150","2700","0","1850","1096","4","10","10","0.2;0.2;0.2;0.2;0.2","0.3;0.2;0.2;0.2;0.1","0.1;0.3;0.3;0.2;0.1","0.2;0.3;0.2;0.2;0.1","206058","206030","207001","206014","","","","1000","333","333","333","","","","0","0","0","0","","","","20001","-1.0","-1.0","-1.0","-1.0","-1.0","-1","-1","-1","-1.0","-1","-1","-1","-1.0","-1","-1.0","-1","-1","-1","-1.0","-1","-1.0","-1","-1.0","-1","0","0","0","0","0","0","0","2.0","2.0","2.0","2.0","2.0","2.0","","1.0","1.0","1.0","1.0","1.0","1.0",""
"22476","长眉灵猴","变异律法女娲宝宝","宝宝幼儿园","","","","1","","0","4","3","","","2","1","1","0","500278","1","0","5","0","0","150","1","true","333","0","-1","0","0","50","1","5","1000","1","1","1","1","2580","3230","2150","2700","0","1850","1096","4","10","10","0.2;0.2;0.2;0.2;0.2","0.3;0.2;0.2;0.2;0.1","0.1;0.3;0.3;0.2;0.1","0.2;0.3;0.2;0.2;0.1","207006","206048","206014","206045","206030","","","1000","333","333","333","333","","","500","0","0","0","","","","20001","-1.0","-1.0","-1.0","-1.0","-1.0","-1","-1","-1","-1.0","-1","-1","-1","-1.0","-1","-1.0","-1","-1","-1","-1.0","-1","-1.0","-1","-1.0","-1","0","0","0","0","0","0","0","2.0","2.0","2.0","2.0","2.0","2.0","","1.0","1.0","1.0","1.0","1.0","1.0",""
"22477","机关兽","变异千年僵尸宝宝","宝宝幼儿园","","","","1","","0","4","3","","","2","1","1","1","500279","1","0","5","0","0","150","1","true","333","0","-1","0","0","50","1","5","1000","1","1","1","1","3340","4200","1490","1870","0","1850","1126","4","10","10","0.2;0.2;0.2;0.2;0.2","0.3;0.2;0.2;0.2;0.1","0.1;0.3;0.3;0.2;0.1","0.2;0.3;0.2;0.2;0.1","206005","206019","206037","206001","","","","1000","333","333","333","","","","0","0","0","0","","","","20001","-1.0","-1.0","-1.0","-1.0","-1.0","-1","-1","-1","-1.0","-1","-1","-1","-1.0","-1","-1.0","-1","-1","-1","-1.0","-1","-1.0","-1","-1.0","-1","0","0","0","0","0","0","0","2.0","2.0","2.0","2.0","2.0","2.0","","1.0","1.0","1.0","1.0","1.0","1.0",""
"22478","连弩车","变异孤魂野鬼宝宝","宝宝幼儿园","","","","1","","0","4","3","","","2","1","1","0","500280","1","0","5","0","0","150","1","true","333","0","-1","0","0","50","1","5","1000","1","1","1","1","2670","3360","2230","2800","0","1850","1126","4","10","10","0.2;0.2;0.2;0.2;0.2","0.3;0.2;0.2;0.2;0.1","0.1;0.3;0.3;0.2;0.1","0.2;0.3;0.2;0.2;0.1","206029","206032","207003","206006","","","","1000","333","333","333","","","","0","500","0","0","","","","20001","-1.0","-1.0","-1.0","-1.0","-1.0","-1","-1","-1","-1.0","-1","-1","-1","-1.0","-1","-1.0","-1","-1","-1","-1.0","-1","-1.0","-1","-1.0","-1","0","0","0","0","0","0","0","2.0","2.0","2.0","2.0","2.0","2.0","","1.0","1.0","1.0","1.0","1.0","1.0",""
"22479","闪气妖","变异芙蓉仙子宝宝","宝宝幼儿园","","","","1","","0","4","3","","","2","1","1","0","500281","1","0","5","0","0","150","1","true","333","0","-1","0","0","50","1","5","1000","1","1","1","1","4010","5040","1860","2330","0","1850","1126","4","10","10","0.2;0.2;0.2;0.2;0.2","0.3;0.2;0.2;0.2;0.1","0.1;0.3;0.3;0.2;0.1","0.2;0.3;0.2;0.2;0.1","206063","206017","206005","206004","206036","","","1000","1000","333","333","333","","","0","0","0","0","0","","","20001","-1.0","-1.0","-1.0","-1.0","-1.0","-1","-1","-1","-1.0","-1","-1","-1","-1.0","-1","-1.0","-1","-1","-1","-1.0","-1","-1.0","-1","-1.0","-1","0","0","0","0","0","0","0","2.0","2.0","2.0","2.0","2.0","2.0","","1.0","1.0","1.0","1.0","1.0","1.0",""
"22480","龟丞相","变异蜃蛇宝宝","宝宝幼儿园","","","","1","","0","4","3","","","2","1","1","1","500282","1","0","5","0","0","150","1","true","333","0","-1","0","0","50","1","5","1000","1","1","1","1","2670","3360","1490","1870","0","1850","1126","4","10","10","0.2;0.2;0.2;0.2;0.2","0.3;0.2;0.2;0.2;0.1","0.1;0.3;0.3;0.2;0.1","0.2;0.3;0.2;0.2;0.1","206049","207012","206027","206005","206031","","","1000","333","333","333","333","","","500","0","0","0","","","","20001","-1.0","-1.0","-1.0","-1.0","-1.0","-1","-1","-1","-1.0","-1","-1","-1","-1.0","-1","-1.0","-1","-1","-1","-1.0","-1","-1.0","-1","-1.0","-1","0","0","0","0","0","0","0","2.0","2.0","2.0","2.0","2.0","2.0","","1.0","1.0","1.0","1.0","1.0","1.0",""
"22481","赌徒","变异吸血鬼宝宝","宝宝幼儿园","","","","1","","0","4","3","","","2","1","1","1","500283","1","0","5","0","0","150","1","true","333","0","-1","0","0","50","1","5","1000","1","1","1","1","4010","5040","2230","2800","0","1850","1126","4","10","10","0.2;0.2;0.2;0.2;0.2","0.3;0.2;0.2;0.2;0.1","0.1;0.3;0.3;0.2;0.1","0.2;0.3;0.2;0.2;0.1","206030","207016","206027","206033","206032","","","1000","333","333","333","333","","","500","0","0","0","","","","20001","-1.0","-1.0","-1.0","-1.0","-1.0","-1","-1","-1","-1.0","-1","-1","-1","-1.0","-1","-1.0","-1","-1","-1","-1.0","-1","-1.0","-1","-1.0","-1","0","0","0","0","0","0","0","2.0","2.0","2.0","2.0","2.0","2.0","","1.0","1.0","1.0","1.0","1.0","1.0",""
"22482","海毛虫","变异夜叉宝宝","宝宝幼儿园","","","","1","","0","4","3","","","2","1","1","0","500284","1","0","5","0","0","150","1","true","333","0","-1","0","0","50","1","5","1000","1","1","1","1","3470","4350","2310","2900","0","1850","1156","4","10","10","0.2;0.2;0.2;0.2;0.2","0.3;0.2;0.2;0.2;0.1","0.1;0.3;0.3;0.2;0.1","0.2;0.3;0.2;0.2;0.1","206058","207007","206046","206011","","","","1000","333","333","333","","","","0","500","0","0","","","","20001","-1.0","-1.0","-1.0","-1.0","-1.0","-1","-1","-1","-1.0","-1","-1","-1","-1.0","-1","-1.0","-1","-1","-1","-1.0","-1","-1.0","-1","-1.0","-1","0","0","0","0","0","0","0","2.0","2.0","2.0","2.0","2.0","2.0","","1.0","1.0","1.0","1.0","1.0","1.0",""
"22483","白熊","变异幽莹娃娃宝宝","宝宝幼儿园","","","","1","","0","4","3","","","2","1","1","1","500285","1","0","5","0","0","150","1","true","333","0","-1","0","0","50","1","5","1000","1","1","1","1","4160","5230","1540","1940","0","1850","1156","4","10","10","0.2;0.2;0.2;0.2;0.2","0.3;0.2;0.2;0.2;0.1","0.1;0.3;0.3;0.2;0.1","0.2;0.3;0.2;0.2;0.1","206058","206057","206067","206001","","","","1000","333","333","333","","","","0","0","0","0","","","","20001","-1.0","-1.0","-1.0","-1.0","-1.0","-1","-1","-1","-1.0","-1","-1","-1","-1.0","-1","-1.0","-1","-1","-1","-1.0","-1","-1.0","-1","-1.0","-1","0","0","0","0","0","0","0","2.0","2.0","2.0","2.0","2.0","2.0","","1.0","1.0","1.0","1.0","1.0","1.0",""
"22484","大蝙蝠","变异鞭笞者宝宝","宝宝幼儿园","","","","1","","0","4","3","","","2","1","1","1","500286","1","0","5","0","0","150","1","true","333","0","-1","0","0","50","1","5","1000","1","1","1","1","3470","4350","1540","1940","0","1850","1156","4","10","10","0.2;0.2;0.2;0.2;0.2","0.3;0.2;0.2;0.2;0.1","0.1;0.3;0.3;0.2;0.1","0.2;0.3;0.2;0.2;0.1","206050","206039","206001","206019","","","","1000","333","333","333","","","","0","0","0","0","","","","20001","-1.0","-1.0","-1.0","-1.0","-1.0","-1","-1","-1","-1.0","-1","-1","-1","-1.0","-1","-1.0","-1","-1","-1","-1.0","-1","-1.0","-1","-1.0","-1","0","0","0","0","0","0","0","2.0","2.0","2.0","2.0","2.0","2.0","","1.0","1.0","1.0","1.0","1.0","1.0",""
"22485","蛤蟆精","变异幽冥书生宝宝","宝宝幼儿园","","","","1","","0","4","3","","","2","1","1","0","500287","1","0","5","0","0","150","1","true","333","0","-1","0","0","50","1","5","1000","1","1","1","1","4160","5230","1540","1940","0","1850","1156","4","10","10","0.2;0.2;0.2;0.2;0.2","0.3;0.2;0.2;0.2;0.1","0.1;0.3;0.3;0.2;0.1","0.2;0.3;0.2;0.2;0.1","206048","207014","206019","206021","206022","","","1000","333","333","333","333","","","500","0","0","0","","","","20001","-1.0","-1.0","-1.0","-1.0","-1.0","-1","-1","-1","-1.0","-1","-1","-1","-1.0","-1","-1.0","-1","-1","-1","-1.0","-1","-1.0","-1","-1.0","-1","0","0","0","0","0","0","0","2.0","2.0","2.0","2.0","2.0","2.0","","1.0","1.0","1.0","1.0","1.0","1.0",""
"22486","黑山老妖","变异蟠桃童子宝宝","宝宝幼儿园","","","","1","","0","4","3","","","2","1","1","0","500288","1","0","5","0","0","150","1","true","333","0","-1","0","0","50","1","5","1000","1","1","1","1","4310","5410","1600","2000","0","1850","1186","4","10","10","0.2;0.2;0.2;0.2;0.2","0.3;0.2;0.2;0.2;0.1","0.1;0.3;0.3;0.2;0.1","0.2;0.3;0.2;0.2;0.1","206058","206039","206037","206023","","","","1000","333","333","333","","","","0","0","0","0","0","","","20001","-1.0","-1.0","-1.0","-1.0","-1.0","-1","-1","-1","-1.0","-1","-1","-1","-1.0","-1","-1.0","-1","-1","-1","-1.0","-1","-1.0","-1","-1.0","-1","0","0","0","0","0","0","0","2.0","2.0","2.0","2.0","2.0","2.0","","1.0","1.0","1.0","1.0","1.0","1.0",""
"22487","谛听","变异天兵宝宝","宝宝幼儿园","","","","1","","0","4","3","","","2","1","1","0","500289","1","0","5","0","0","150","1","true","333","0","-1","0","0","50","1","5","1000","1","1","1","1","2870","3610","2390","3010","0","1850","1186","4","10","10","0.2;0.2;0.2;0.2;0.2","0.3;0.2;0.2;0.2;0.1","0.1;0.3;0.3;0.2;0.1","0.2;0.3;0.2;0.2;0.1","206059","207005","206043","206060","","","","1000","333","333","333","","","","0","500","0","0","","","","20001","-1.0","-1.0","-1.0","-1.0","-1.0","-1","-1","-1","-1.0","-1","-1","-1","-1.0","-1","-1.0","-1","-1","-1","-1.0","-1","-1.0","-1","-1.0","-1","0","0","0","0","0","0","0","2.0","2.0","2.0","2.0","2.0","2.0","","1.0","1.0","1.0","1.0","1.0","1.0",""
"22488","雨师","变异巨灵神将宝宝","宝宝幼儿园","","","","1","","0","4","3","","","2","1","1","0","500276","1","0","5","0","0","150","1","true","333","0","-1","0","0","50","1","5","1000","1","1","1","1","4310","5410","2000","2510","0","1850","1186","4","10","10","0.2;0.2;0.2;0.2;0.2","0.3;0.2;0.2;0.2;0.1","0.1;0.3;0.3;0.2;0.1","0.2;0.3;0.2;0.2;0.1","206066","206072","206003","206028","206033","","","1000","1000","333","333","333","","","0","0","0","0","","","","20001","-1.0","-1.0","-1.0","-1.0","-1.0","-1","-1","-1","-1.0","-1","-1","-1","-1.0","-1","-1.0","-1","-1","-1","-1.0","-1","-1.0","-1","-1.0","-1","0","0","0","0","0","0","0","2.0","2.0","2.0","2.0","2.0","2.0","","1.0","1.0","1.0","1.0","1.0","1.0",""
"22489","花果山猴子","变异御风童子宝宝","宝宝幼儿园","","","","1","","0","4","3","","","2","1","1","0","500277","1","0","5","0","0","150","1","true","333","0","-1","0","0","50","1","5","1000","1","1","1","1","2870","3610","1600","2000","0","1850","1186","4","10","10","0.2;0.2;0.2;0.2;0.2","0.3;0.2;0.2;0.2;0.1","0.1;0.3;0.3;0.2;0.1","0.2;0.3;0.2;0.2;0.1","206066","207009","206069","206012","206033","","","1000","333","333","333","333","","","0","0","0","0","","","","20001","-1.0","-1.0","-1.0","-1.0","-1.0","-1","-1","-1","-1.0","-1","-1","-1","-1.0","-1","-1.0","-1","-1","-1","-1.0","-1","-1.0","-1","-1.0","-1","0","0","0","0","0","0","0","2.0","2.0","2.0","2.0","2.0","2.0","","1.0","1.0","1.0","1.0","1.0","1.0",""
"22490","长眉灵猴","变异绿飞龙宝宝","宝宝幼儿园","","","","1","","0","4","3","","","2","1","1","0","500278","1","0","5","0","0","150","1","true","333","0","-1","0","0","50","1","5","1000","1","1","1","1","4460","5600","2480","3110","0","1850","1216","4","10","10","0.2;0.2;0.2;0.2;0.2","0.3;0.2;0.2;0.2;0.1","0.1;0.3;0.3;0.2;0.1","0.2;0.3;0.2;0.2;0.1","206056","207008","206043","206045","","","","1000","333","333","333","","","","0","0","0","0","","","","20001","-1.0","-1.0","-1.0","-1.0","-1.0","-1","-1","-1","-1.0","-1","-1","-1","-1.0","-1","-1.0","-1","-1","-1","-1.0","-1","-1.0","-1","-1.0","-1","0","0","0","0","0","0","0","2.0","2.0","2.0","2.0","2.0","2.0","","1.0","1.0","1.0","1.0","1.0","1.0",""
"22491","机关兽","变异猴小仙宝宝","宝宝幼儿园","","","","1","","0","4","3","","","2","1","1","1","500279","1","0","5","0","0","150","1","true","333","0","-1","0","0","50","1","5","1000","1","1","1","1","2970","3730","1650","2070","0","1850","1216","4","10","10","0.2;0.2;0.2;0.2;0.2","0.3;0.2;0.2;0.2;0.1","0.1;0.3;0.3;0.2;0.1","0.2;0.3;0.2;0.2;0.1","206001","206056","206065","206005","","","","1000","333","333","333","","","","0","500","0","0","","","","20001","-1.0","-1.0","-1.0","-1.0","-1.0","-1","-1","-1","-1.0","-1","-1","-1","-1.0","-1","-1.0","-1","-1","-1","-1.0","-1","-1.0","-1","-1.0","-1","0","0","0","0","0","0","0","2.0","2.0","2.0","2.0","2.0","2.0","","1.0","1.0","1.0","1.0","1.0","1.0",""
"22492","连弩车","变异芙蓉仙子宝宝","宝宝幼儿园","","","","1","","0","4","3","","","2","1","1","1","500280","1","0","5","0","0","150","1","true","333","0","-1","0","0","50","1","5","1000","1","1","1","1","3720","4670","1650","2070","0","1850","1216","4","10","10","0.2;0.2;0.2;0.2;0.2","0.3;0.2;0.2;0.2;0.1","0.1;0.3;0.3;0.2;0.1","0.2;0.3;0.2;0.2;0.1","206060","206050","206058","206059","","","","1000","333","333","333","","","","0","0","0","0","","","","20001","-1.0","-1.0","-1.0","-1.0","-1.0","-1","-1","-1","-1.0","-1","-1","-1","-1.0","-1","-1.0","-1","-1","-1","-1.0","-1","-1.0","-1","-1.0","-1","0","0","0","0","0","0","0","2.0","2.0","2.0","2.0","2.0","2.0","","1.0","1.0","1.0","1.0","1.0","1.0",""
"22493","闪气妖","变异巡游天神宝宝","宝宝幼儿园","","","","1","","0","4","3","","","2","1","1","0","500281","1","0","5","0","0","150","1","true","333","0","-1","0","0","50","1","5","1000","1","1","1","1","4460","5600","1650","2070","0","1850","1216","4","10","10","0.2;0.2;0.2;0.2;0.2","0.3;0.2;0.2;0.2;0.1","0.1;0.3;0.3;0.2;0.1","0.2;0.3;0.2;0.2;0.1","206069","207015","206009","206014","206015","","","1000","333","333","333","333","","","0","500","0","0","0","","","20001","-1.0","-1.0","-1.0","-1.0","-1.0","-1","-1","-1","-1.0","-1","-1","-1","-1.0","-1","-1.0","-1","-1","-1","-1.0","-1","-1.0","-1","-1.0","-1","0","0","0","0","0","0","0","2.0","2.0","2.0","2.0","2.0","2.0","","1.0","1.0","1.0","1.0","1.0","1.0",""
"22494","龟丞相","变异炎魔使者宝宝","宝宝幼儿园","","","","1","","0","4","3","","","2","1","1","0","500282","1","0","5","0","0","150","1","true","333","0","-1","0","0","50","1","5","1000","1","1","1","1","4610","5790","2560","3210","0","1850","1246","4","10","10","0.2;0.2;0.2;0.2;0.2","0.3;0.2;0.2;0.2;0.1","0.1;0.3;0.3;0.2;0.1","0.2;0.3;0.2;0.2;0.1","206070","207005","206051","206060","","","","1000","333","333","333","","","","0","0","500","0","0","","","20001","-1.0","-1.0","-1.0","-1.0","-1.0","-1","-1","-1","-1.0","-1","-1","-1","-1.0","-1","-1.0","-1","-1","-1","-1.0","-1","-1.0","-1","-1.0","-1","0","0","0","0","0","0","0","2.0","2.0","2.0","2.0","2.0","2.0","","1.0","1.0","1.0","1.0","1.0","1.0",""
"22495","赌徒","变异凤凰仙子宝宝","宝宝幼儿园","","","","1","","0","4","3","","","2","1","1","0","500283","1","0","5","0","0","150","1","true","333","0","-1","0","0","50","1","5","1000","1","1","1","1","4610","5790","2130","2680","0","1850","1246","4","10","10","0.2;0.2;0.2;0.2;0.2","0.3;0.2;0.2;0.2;0.1","0.1;0.3;0.3;0.2;0.1","0.2;0.3;0.2;0.2;0.1","206050","206058","206057","206067","","","","1000","333","333","333","","","","0","0","0","0","","","","20001","-1.0","-1.0","-1.0","-1.0","-1.0","-1","-1","-1","-1.0","-1","-1","-1","-1.0","-1","-1.0","-1","-1","-1","-1.0","-1","-1.0","-1","-1.0","-1","0","0","0","0","0","0","0","2.0","2.0","2.0","2.0","2.0","2.0","","1.0","1.0","1.0","1.0","1.0","1.0",""
"22496","海毛虫","变异鬼剑宝宝","宝宝幼儿园","","","","1","","0","4","3","","","2","1","1","0","500284","1","0","5","0","0","150","1","true","333","0","-1","0","0","50","1","5","1000","1","1","1","1","3070","3860","2560","3210","0","1850","1246","4","10","10","0.2;0.2;0.2;0.2;0.2","0.3;0.2;0.2;0.2;0.1","0.1;0.3;0.3;0.2;0.1","0.2;0.3;0.2;0.2;0.1","206043","207006","206046","206045","","","","1000","333","333","333","","","","0","500","0","0","","","","20001","-1.0","-1.0","-1.0","-1.0","-1.0","-1","-1","-1","-1.0","-1","-1","-1","-1.0","-1","-1.0","-1","-1","-1","-1.0","-1","-1.0","-1","-1.0","-1","0","0","0","0","0","0","0","2.0","2.0","2.0","2.0","2.0","2.0","","1.0","1.0","1.0","1.0","1.0","1.0",""
"22497","白熊","变异羽云仙子宝宝","宝宝幼儿园","","","","1","","0","4","3","","","2","1","1","0","500285","1","0","5","0","0","150","1","true","333","0","-1","0","0","50","1","5","1000","1","1","1","1","4610","5790","1710","2140","0","1850","1246","4","10","10","0.2;0.2;0.2;0.2;0.2","0.3;0.2;0.2;0.2;0.1","0.1;0.3;0.3;0.2;0.1","0.2;0.3;0.2;0.2;0.1","206054","207013","206073","206003","206020","","","1000","333","333","333","333","","","0","500","0","0","","","","20001","-1.0","-1.0","-1.0","-1.0","-1.0","-1","-1","-1","-1.0","-1","-1","-1","-1.0","-1","-1.0","-1","-1","-1","-1.0","-1","-1.0","-1","-1.0","-1","0","0","0","0","0","0","0","2.0","2.0","2.0","2.0","2.0","2.0","","1.0","1.0","1.0","1.0","1.0","1.0",""
"22498","大蝙蝠","变异布雨神君","宝宝幼儿园","","","","1","","0","4","3","","","2","1","1","1","500286","1","0","5","0","0","150","1","true","333","0","-1","0","0","50","1","5","1000","1","1","1","1","3170","3980","1760","2210","0","1850","1276","4","10","10","0.2;0.2;0.2;0.2;0.2","0.3;0.2;0.2;0.2;0.1","0.1;0.3;0.3;0.2;0.1","0.2;0.3;0.2;0.2;0.1","206072","206052","206058","206038","206051","","","1000","333","333","333","333","","","0","0","0","0","","","","20001","-1.0","-1.0","-1.0","-1.0","-1.0","-1","-1","-1","-1.0","-1","-1","-1","-1.0","-1","-1.0","-1","-1","-1","-1.0","-1","-1.0","-1","-1.0","-1","0","0","0","0","0","0","0","2.0","2.0","2.0","2.0","2.0","2.0","","1.0","1.0","1.0","1.0","1.0","1.0",""
"22499","蛤蟆精","变异武罗仙子宝宝","宝宝幼儿园","","","","1","","0","4","3","","","2","1","1","0","500287","1","0","5","0","0","150","1","true","333","0","-1","0","0","50","1","5","1000","1","1","1","1","4760","5970","1760","2210","0","1850","1276","4","10","10","0.2;0.2;0.2;0.2;0.2","0.3;0.2;0.2;0.2;0.1","0.1;0.3;0.3;0.2;0.1","0.2;0.3;0.2;0.2;0.1","206040","206066","206069","206039","206049","","","1000","333","333","333","333","","","0","0","0","0","","","","20001","-1.0","-1.0","-1.0","-1.0","-1.0","-1","-1","-1","-1.0","-1","-1","-1","-1.0","-1","-1.0","-1","-1","-1","-1.0","-1","-1.0","-1","-1.0","-1","0","0","0","0","0","0","0","2.0","2.0","2.0","2.0","2.0","2.0","","1.0","1.0","1.0","1.0","1.0","1.0",""
"22500","黑山老妖","变异噬天虎宝宝","宝宝幼儿园","","","","1","","0","4","3","","","2","1","1","1","500288","1","0","5","0","0","150","1","true","333","0","-1","0","0","50","1","5","1000","1","1","1","1","4760","5970","2640","3320","0","1850","1276","4","10","10","0.2;0.2;0.2;0.2;0.2","0.3;0.2;0.2;0.2;0.1","0.1;0.3;0.3;0.2;0.1","0.2;0.3;0.2;0.2;0.1","207006","206065","206064","206063","206062","","","1000","333","333","333","333","","","500","0","0","0","0","","","20001","-1.0","-1.0","-1.0","-1.0","-1.0","-1","-1","-1","-1.0","-1","-1","-1","-1.0","-1","-1.0","-1","-1","-1","-1.0","-1","-1.0","-1","-1.0","-1","0","0","0","0","0","0","0","2.0","2.0","2.0","2.0","2.0","2.0","","1.0","1.0","1.0","1.0","1.0","1.0",""
"22501","谛听","变异雾中仙宝宝","宝宝幼儿园","","","","1","","0","4","3","","","2","1","1","0","500289","1","0","5","0","0","150","1","true","333","0","-1","0","0","50","1","5","1000","1","1","1","1","3960","4980","1760","2210","0","1850","1276","4","10","10","0.2;0.2;0.2;0.2;0.2","0.3;0.2;0.2;0.2;0.1","0.1;0.3;0.3;0.2;0.1","0.2;0.3;0.2;0.2;0.1","206056","207010","206060","206054","206070","","","1000","333","333","333","333","","","0","500","0","0","0","","","20001","-1.0","-1.0","-1.0","-1.0","-1.0","-1","-1","-1","-1.0","-1","-1","-1","-1.0","-1","-1.0","-1","-1","-1","-1.0","-1","-1.0","-1","-1.0","-1","0","0","0","0","0","0","0","2.0","2.0","2.0","2.0","2.0","2.0","","1.0","1.0","1.0","1.0","1.0","1.0",""
"22502","超级土地公公","超级土地公公","宝宝幼儿园","","","","1","","0","4","3","","","2","1","1","0","911101","1","0","5","0","0","300","1","true","1000","0","-1","0","0","50","1","5","1000","50","50","50","50","3960","4980","1760","2210","0","1850","1276","4","10","10","0.2;0.2;0.2;0.2;0.2","0.3;0.2;0.2;0.2;0.1","0.1;0.3;0.3;0.2;0.1","0.2;0.3;0.2;0.2;0.1","207110","206044","206057","206043","206051","206069","207251","1000","1000","1000","333","333","333","333","0","500","0","0","0","0","0","20001","-1.0","-1.0","-1.0","-1.0","-1.0","-1","-1","-1","-1.0","-1","-1","-1","-1.0","-1","-1.0","-1","-1","-1","-1.0","-1","-1.0","-1","-1.0","-1","0","0","0","0","0","0","0","2.0","2.0","2.0","2.0","2.0","2.0","2.0","1.0","1.0","1.0","1.0","1.0","1.0","1.0"
"22503","超级麒麟","超级麒麟","宝宝幼儿园","","","","1","","0","4","3","","","2","1","1","0","911102","1","0","5","0","0","300","1","true","1000","0","-1","0","0","50","1","5","1000","50","50","50","50","3960","4980","1760","2210","0","1850","1276","4","10","10","0.2;0.2;0.2;0.2;0.2","0.3;0.2;0.2;0.2;0.1","0.1;0.3;0.3;0.2;0.1","0.2;0.3;0.2;0.2;0.1","207120","207256","207263","206046","206043","206047","206044","1000","1000","1000","333","333","333","333","0","500","0","0","0","0","0","20001","-1.0","-1.0","-1.0","-1.0","-1.0","-1","-1","-1","-1.0","-1","-1","-1","-1.0","-1","-1.0","-1","-1","-1","-1.0","-1","-1.0","-1","-1.0","-1","0","0","0","0","0","0","0","2.0","2.0","2.0","2.0","2.0","2.0","2.0","1.0","1.0","1.0","1.0","1.0","1.0","1.0"
"22504","超级神羊","超级神羊","宝宝幼儿园","","","","1","","0","4","3","","","2","1","1","0","911103","1","0","5","0","0","300","1","true","1000","0","-1","0","0","50","1","5","1000","50","50","50","50","3960","4980","1760","2210","0","1850","1276","4","10","10","0.2;0.2;0.2;0.2;0.2","0.3;0.2;0.2;0.2;0.1","0.1;0.3;0.3;0.2;0.1","0.2;0.3;0.2;0.2;0.1","207194","206046","206043","207213","206047","206050","","1000","1000","1000","333","333","333","","0","500","0","0","0","0","","20001","-1.0","-1.0","-1.0","-1.0","-1.0","-1","-1","-1","-1.0","-1","-1","-1","-1.0","-1","-1.0","-1","-1","-1","-1.0","-1","-1.0","-1","-1.0","-1","0","0","0","0","0","0","0","2.0","2.0","2.0","2.0","2.0","2.0","","1.0","1.0","1.0","1.0","1.0","1.0",""
"22505","超级神鸡","超级神鸡","宝宝幼儿园","","","","1","","0","4","3","","","2","1","1","0","911104","1","0","5","0","0","300","1","true","1000","0","-1","0","0","50","1","5","1000","50","50","50","50","3960","4980","1760","2210","0","1850","1276","4","10","10","0.2;0.2;0.2;0.2;0.2","0.3;0.2;0.2;0.2;0.1","0.1;0.3;0.3;0.2;0.1","0.2;0.3;0.2;0.2;0.1","207019","206039","207257","206038","207212","206051","","1000","1000","1000","333","333","333","","0","500","0","0","0","0","","20001","-1.0","-1.0","-1.0","-1.0","-1.0","-1","-1","-1","-1.0","-1","-1","-1","-1.0","-1","-1.0","-1","-1","-1","-1.0","-1","-1.0","-1","-1.0","-1","0","0","0","0","0","0","0","2.0","2.0","2.0","2.0","2.0","2.0","","1.0","1.0","1.0","1.0","1.0","1.0",""
"22506","超级兔仙","超级兔仙","宝宝幼儿园","","","","1","","0","4","3","","","2","1","1","0","911105","1","0","5","0","0","300","1","true","1000","0","-1","0","0","50","1","5","1000","50","50","50","50","3960","4980","1760","2210","0","1850","1276","4","10","10","0.2;0.2;0.2;0.2;0.2","0.3;0.2;0.2;0.2;0.1","0.1;0.3;0.3;0.2;0.1","0.2;0.3;0.2;0.2;0.1","207289","206044","206050","207256","206056","207260","","1000","1000","1000","333","333","333","","0","500","0","0","0","0","","20001","-1.0","-1.0","-1.0","-1.0","-1.0","-1","-1","-1","-1.0","-1","-1","-1","-1.0","-1","-1.0","-1","-1","-1","-1.0","-1","-1.0","-1","-1.0","-1","0","0","0","0","0","0","0","2.0","2.0","2.0","2.0","2.0","2.0","","1.0","1.0","1.0","1.0","1.0","1.0",""
"22507","超级白龙马","超级白龙马","宝宝幼儿园","","","","1","","0","4","3","","","2","1","1","0","911106","1","0","5","0","0","300","1","true","1000","0","-1","0","0","50","1","5","1000","50","50","50","50","3960","4980","1760","2210","0","1850","1276","4","10","10","0.2;0.2;0.2;0.2;0.2","0.3;0.2;0.2;0.2;0.1","0.1;0.3;0.3;0.2;0.1","0.2;0.3;0.2;0.2;0.1","207108","206046","206044","207263","206047","207202","","1000","1000","1000","333","333","333","","0","500","0","0","0","0","","20001","-1.0","-1.0","-1.0","-1.0","-1.0","-1","-1","-1","-1.0","-1","-1","-1","-1.0","-1","-1.0","-1","-1","-1","-1.0","-1","-1.0","-1","-1.0","-1","0","0","0","0","0","0","0","2.0","2.0","2.0","2.0","2.0","2.0","","1.0","1.0","1.0","1.0","1.0","1.0",""
"22508","超级大熊猫","超级大熊猫","宝宝幼儿园","","","","1","","0","4","3","","","2","1","1","0","911107","1","0","5","0","0","300","1","true","1000","0","-1","0","0","50","1","5","1000","50","50","50","50","3960","4980","1760","2210","0","1850","1276","4","10","10","0.2;0.2;0.2;0.2;0.2","0.3;0.2;0.2;0.2;0.1","0.1;0.3;0.3;0.2;0.1","0.2;0.3;0.2;0.2;0.1","207202","206038","207212","207228","206040","206049","","1000","1000","1000","333","333","333","","0","500","0","0","0","0","","20001","-1.0","-1.0","-1.0","-1.0","-1.0","-1","-1","-1","-1.0","-1","-1","-1","-1.0","-1","-1.0","-1","-1","-1","-1.0","-1","-1.0","-1","-1.0","-1","0","0","0","0","0","0","0","2.0","2.0","2.0","2.0","2.0","2.0","","1.0","1.0","1.0","1.0","1.0","1.0",""
"22509","超级泡泡","超级泡泡","宝宝幼儿园","","","","1","","0","4","3","","","2","1","1","0","911108","1","0","5","0","0","300","1","true","1000","0","-1","0","0","50","1","5","1000","50","50","50","50","3960","4980","1760","2210","0","1850","1276","4","10","10","0.2;0.2;0.2;0.2;0.2","0.3;0.2;0.2;0.2;0.1","0.1;0.3;0.3;0.2;0.1","0.2;0.3;0.2;0.2;0.1","207019","206039","207257","206038","207212","206051","","1000","1000","1000","333","333","333","","0","500","0","0","0","0","","20001","-1.0","-1.0","-1.0","-1.0","-1.0","-1","-1","-1","-1.0","-1","-1","-1","-1.0","-1","-1.0","-1","-1","-1","-1.0","-1","-1.0","-1","-1.0","-1","0","0","0","0","0","0","0","2.0","2.0","2.0","2.0","2.0","2.0","","1.0","1.0","1.0","1.0","1.0","1.0",""
"22510","超级白猿","超级白猿","宝宝幼儿园","","","","1","","0","4","3","","","2","1","1","0","911109","1","0","5","0","0","300","1","true","1000","0","-1","0","0","50","1","5","1000","50","50","50","50","3960","4980","1760","2210","0","1850","1276","4","10","10","0.2;0.2;0.2;0.2;0.2","0.3;0.2;0.2;0.2;0.1","0.1;0.3;0.3;0.2;0.1","0.2;0.3;0.2;0.2;0.1","207112","206039","206057","206038","206051","206069","207251","1000","1000","1000","333","333","333","333","0","500","0","0","0","0","0","20001","-1.0","-1.0","-1.0","-1.0","-1.0","-1","-1","-1","-1.0","-1","-1","-1","-1.0","-1","-1.0","-1","-1","-1","-1.0","-1","-1.0","-1","-1.0","-1","0","0","0","0","0","0","0","2.0","2.0","2.0","2.0","2.0","2.0","2.0","1.0","1.0","1.0","1.0","1.0","1.0","1.0"
"22511","超级赤炎兽","超级赤炎兽","宝宝幼儿园","","","","1","","0","4","3","","","2","1","1","0","911110","1","0","5","0","0","300","1","true","1000","0","-1","0","0","50","1","5","1000","50","50","50","50","3960","4980","1760","2210","0","1850","1276","4","10","10","0.2;0.2;0.2;0.2;0.2","0.3;0.2;0.2;0.2;0.1","0.1;0.3;0.3;0.2;0.1","0.2;0.3;0.2;0.2;0.1","207120","207256","207263","206046","206043","206047","206044","1000","1000","1000","333","333","333","333","0","500","0","0","0","0","0","20001","-1.0","-1.0","-1.0","-1.0","-1.0","-1","-1","-1","-1.0","-1","-1","-1","-1.0","-1","-1.0","-1","-1","-1","-1.0","-1","-1.0","-1","-1.0","-1","0","0","0","0","0","0","0","2.0","2.0","2.0","2.0","2.0","2.0","2.0","1.0","1.0","1.0","1.0","1.0","1.0","1.0"
"22512","超级大象","超级大象","宝宝幼儿园","","","","1","","0","4","3","","","2","1","1","0","911111","1","0","5","0","0","300","1","true","1000","0","-1","0","0","50","1","5","1000","50","50","50","50","3960","4980","1760","2210","0","1850","1276","4","10","10","0.2;0.2;0.2;0.2;0.2","0.3;0.2;0.2;0.2;0.1","0.1;0.3;0.3;0.2;0.1","0.2;0.3;0.2;0.2;0.1","207251","206058","206057","207202","206074","206055","206073","1000","1000","1000","333","333","333","333","0","500","0","0","0","0","0","20001","-1.0","-1.0","-1.0","-1.0","-1.0","-1","-1","-1","-1.0","-1","-1","-1","-1.0","-1","-1.0","-1","-1","-1","-1.0","-1","-1.0","-1","-1.0","-1","0","0","0","0","0","0","0","2.0","2.0","2.0","2.0","2.0","2.0","2.0","1.0","1.0","1.0","1.0","1.0","1.0","1.0"
"22513","超级金猴","超级金猴","宝宝幼儿园","","","","1","","0","4","3","","","2","1","1","0","911112","1","0","5","0","0","300","1","true","1000","0","-1","0","0","50","1","5","1000","50","50","50","50","3960","4980","1760","2210","0","1850","1276","4","10","10","0.2;0.2;0.2;0.2;0.2","0.3;0.2;0.2;0.2;0.1","0.1;0.3;0.3;0.2;0.1","0.2;0.3;0.2;0.2;0.1","207289","206044","206050","207256","206056","207260","","1000","1000","1000","333","333","333","","0","500","0","0","0","0","","20001","-1.0","-1.0","-1.0","-1.0","-1.0","-1","-1","-1","-1.0","-1","-1","-1","-1.0","-1","-1.0","-1","-1","-1","-1.0","-1","-1.0","-1","-1.0","-1","0","0","0","0","0","0","0","2.0","2.0","2.0","2.0","2.0","2.0","","1.0","1.0","1.0","1.0","1.0","1.0",""
"22514","超级筋斗云","超级筋斗云","宝宝幼儿园","","","","1","","0","4","3","","","2","1","1","0","911113","1","0","5","0","0","300","1","true","1000","0","-1","0","0","50","1","5","1000","50","50","50","50","3960","4980","1760","2210","0","1850","1276","4","10","10","0.2;0.2;0.2;0.2;0.2","0.3;0.2;0.2;0.2;0.1","0.1;0.3;0.3;0.2;0.1","0.2;0.3;0.2;0.2;0.1","207202","206057","207251","206068","206053","206050","","1000","1000","1000","333","333","333","","0","500","0","0","0","0","","20001","-1.0","-1.0","-1.0","-1.0","-1.0","-1","-1","-1","-1.0","-1","-1","-1","-1.0","-1","-1.0","-1","-1","-1","-1.0","-1","-1.0","-1","-1.0","-1","0","0","0","0","0","0","0","2.0","2.0","2.0","2.0","2.0","2.0","","1.0","1.0","1.0","1.0","1.0","1.0",""
"22515","超级灵鹿","超级灵鹿","宝宝幼儿园","","","","1","","0","4","3","","","2","1","1","0","911114","1","0","5","0","0","300","1","true","1000","0","-1","0","0","50","1","5","1000","50","50","50","50","3960","4980","1760","2210","0","1850","1276","4","10","10","0.2;0.2;0.2;0.2;0.2","0.3;0.2;0.2;0.2;0.1","0.1;0.3;0.3;0.2;0.1","0.2;0.3;0.2;0.2;0.1","207108","206046","206044","207263","206047","207202","","1000","1000","1000","333","333","333","","0","500","0","0","0","0","","20001","-1.0","-1.0","-1.0","-1.0","-1.0","-1","-1","-1","-1.0","-1","-1","-1","-1.0","-1","-1.0","-1","-1","-1","-1.0","-1","-1.0","-1","-1.0","-1","0","0","0","0","0","0","0","2.0","2.0","2.0","2.0","2.0","2.0","","1.0","1.0","1.0","1.0","1.0","1.0",""
"22516","超级人参果","超级人参果","宝宝幼儿园","","","","1","","0","4","3","","","2","1","1","0","911115","1","0","5","0","0","300","1","true","1000","0","-1","0","0","50","1","5","1000","50","50","50","50","3960","4980","1760","2210","0","1850","1276","4","10","10","0.2;0.2;0.2;0.2;0.2","0.3;0.2;0.2;0.2;0.1","0.1;0.3;0.3;0.2;0.1","0.2;0.3;0.2;0.2;0.1","206051","207137","206044","206045","207256","206069","","1000","1000","1000","333","333","333","","0","500","0","0","0","0","","20001","-1.0","-1.0","-1.0","-1.0","-1.0","-1","-1","-1","-1.0","-1","-1","-1","-1.0","-1","-1.0","-1","-1","-1","-1.0","-1","-1.0","-1","-1.0","-1","0","0","0","0","0","0","0","2.0","2.0","2.0","2.0","2.0","2.0","","1.0","1.0","1.0","1.0","1.0","1.0",""
"22517","超级六耳猕猴","超级六耳猕猴","宝宝幼儿园","","","","1","","0","4","3","","","2","1","1","0","911116","1","0","5","0","0","300","1","true","1000","0","-1","0","0","50","1","5","1000","50","50","50","50","3960","4980","1760","2210","0","1850","1276","4","10","10","0.2;0.2;0.2;0.2;0.2","0.3;0.2;0.2;0.2;0.1","0.1;0.3;0.3;0.2;0.1","0.2;0.3;0.2;0.2;0.1","207108","206056","206046","207113","207263","206047","","1000","1000","1000","333","333","333","","0","500","0","0","0","0","","20001","-1.0","-1.0","-1.0","-1.0","-1.0","-1","-1","-1","-1.0","-1","-1","-1","-1.0","-1","-1.0","-1","-1","-1","-1.0","-1","-1.0","-1","-1.0","-1","0","0","0","0","0","0","0","2.0","2.0","2.0","2.0","2.0","2.0","","1.0","1.0","1.0","1.0","1.0","1.0",""
"22518","超级神虎","超级神虎","宝宝幼儿园","","","","1","","0","4","3","","","2","1","1","0","911117","1","0","5","0","0","300","1","true","1000","0","-1","0","0","50","1","5","1000","50","50","50","50","3960","4980","1760","2210","0","1850","1276","4","10","10","0.2;0.2;0.2;0.2;0.2","0.3;0.2;0.2;0.2;0.1","0.1;0.3;0.3;0.2;0.1","0.2;0.3;0.2;0.2;0.1","207251","206042","206074","206073","206049","206039","206039","1000","1000","1000","333","333","333","333","0","500","0","0","0","0","0","20001","-1.0","-1.0","-1.0","-1.0","-1.0","-1","-1","-1","-1.0","-1","-1","-1","-1.0","-1","-1.0","-1","-1","-1","-1.0","-1","-1.0","-1","-1.0","-1","0","0","0","0","0","0","0","2.0","2.0","2.0","2.0","2.0","2.0","2.0","1.0","1.0","1.0","1.0","1.0","1.0","1.0"
"22519","超级神马","超级神马","宝宝幼儿园","","","","1","","0","4","3","","","2","1","1","0","911118","1","0","5","0","0","300","1","true","1000","0","-1","0","0","50","1","5","1000","50","50","50","50","3960","4980","1760","2210","0","1850","1276","4","10","10","0.2;0.2;0.2;0.2;0.2","0.3;0.2;0.2;0.2;0.1","0.1;0.3;0.3;0.2;0.1","0.2;0.3;0.2;0.2;0.1","207235","207114","206058","206057","206056","206051","","1000","1000","1000","333","333","333","","0","500","0","0","0","0","","20001","-1.0","-1.0","-1.0","-1.0","-1.0","-1","-1","-1","-1.0","-1","-1","-1","-1.0","-1","-1.0","-1","-1","-1","-1.0","-1","-1.0","-1","-1.0","-1","0","0","0","0","0","0","0","2.0","2.0","2.0","2.0","2.0","2.0","","1.0","1.0","1.0","1.0","1.0","1.0",""
"22520","超级神牛","超级神牛","宝宝幼儿园","","","","1","","0","4","3","","","2","1","1","0","911119","1","0","5","0","0","300","1","true","1000","0","-1","0","0","50","1","5","1000","50","50","50","50","3960","4980","1760","2210","0","1850","1276","4","10","10","0.2;0.2;0.2;0.2;0.2","0.3;0.2;0.2;0.2;0.1","0.1;0.3;0.3;0.2;0.1","0.2;0.3;0.2;0.2;0.1","207013","206038","207212","206040","206057","207251","206051","1000","1000","1000","333","333","333","333","0","500","0","0","0","0","0","20001","-1.0","-1.0","-1.0","-1.0","-1.0","-1","-1","-1","-1.0","-1","-1","-1","-1.0","-1","-1.0","-1","-1","-1","-1.0","-1","-1.0","-1","-1.0","-1","0","0","0","0","0","0","0","2.0","2.0","2.0","2.0","2.0","2.0","2.0","1.0","1.0","1.0","1.0","1.0","1.0","1.0"
"22521","超级大鹏鸟","超级大鹏鸟","宝宝幼儿园","","","","1","","0","4","3","","","2","1","1","0","911120","1","0","5","0","0","300","1","true","1000","0","-1","0","0","50","1","5","1000","50","50","50","50","3960","4980","1760","2210","0","1850","1276","4","10","10","0.2;0.2;0.2;0.2;0.2","0.3;0.2;0.2;0.2;0.1","0.1;0.3;0.3;0.2;0.1","0.2;0.3;0.2;0.2;0.1","207202","207229","206056","207286","206039","207262","","1000","1000","1000","333","333","333","","0","500","0","0","0","0","","20001","-1.0","-1.0","-1.0","-1.0","-1.0","-1","-1","-1","-1.0","-1","-1","-1","-1.0","-1","-1.0","-1","-1","-1","-1.0","-1","-1.0","-1","-1.0","-1","0","0","0","0","0","0","0","2.0","2.0","2.0","2.0","2.0","2.0","","1.0","1.0","1.0","1.0","1.0","1.0",""
"22522","超级神蛇","超级神蛇","宝宝幼儿园","","","","1","","0","4","3","","","2","1","1","0","911121","1","0","5","0","0","300","1","true","1000","0","-1","0","0","50","1","5","1000","50","50","50","50","3960","4980","1760","2210","0","1850","1276","4","10","10","0.2;0.2;0.2;0.2;0.2","0.3;0.2;0.2;0.2;0.1","0.1;0.3;0.3;0.2;0.1","0.2;0.3;0.2;0.2;0.1","207259","207258","207260","207102","206072","206056","","1000","1000","1000","333","333","333","","0","500","0","0","0","0","","20001","-1.0","-1.0","-1.0","-1.0","-1.0","-1","-1","-1","-1.0","-1","-1","-1","-1.0","-1","-1.0","-1","-1","-1","-1.0","-1","-1.0","-1","-1.0","-1","0","0","0","0","0","0","0","2.0","2.0","2.0","2.0","2.0","2.0","","1.0","1.0","1.0","1.0","1.0","1.0",""
"22523","超级神兔","超级神兔","宝宝幼儿园","","","","1","","0","4","3","","","2","1","1","0","911122","1","0","5","0","0","300","1","true","1000","0","-1","0","0","50","1","5","1000","50","50","50","50","3960","4980","1760","2210","0","1850","1276","4","10","10","0.2;0.2;0.2;0.2;0.2","0.3;0.2;0.2;0.2;0.1","0.1;0.3;0.3;0.2;0.1","0.2;0.3;0.2;0.2;0.1","207202","207229","206056","207286","206039","207262","","1000","1000","1000","333","333","333","","0","500","0","0","0","0","","20001","-1.0","-1.0","-1.0","-1.0","-1.0","-1","-1","-1","-1.0","-1","-1","-1","-1.0","-1","-1.0","-1","-1","-1","-1.0","-1","-1.0","-1","-1.0","-1","0","0","0","0","0","0","0","2.0","2.0","2.0","2.0","2.0","2.0","","1.0","1.0","1.0","1.0","1.0","1.0",""
"22524","超级神龙","超级神龙","宝宝幼儿园","","","","1","","0","4","3","","","2","1","1","0","911123","1","0","5","0","0","300","1","true","1000","0","-1","0","0","50","1","5","1000","50","50","50","50","3960","4980","1760","2210","0","1850","1276","4","10","10","0.2;0.2;0.2;0.2;0.2","0.3;0.2;0.2;0.2;0.1","0.1;0.3;0.3;0.2;0.1","0.2;0.3;0.2;0.2;0.1","207251","206042","206074","206073","206049","206039","206039","1000","1000","1000","333","333","333","333","0","500","0","0","0","0","0","20001","-1.0","-1.0","-1.0","-1.0","-1.0","-1","-1","-1","-1.0","-1","-1","-1","-1.0","-1","-1.0","-1","-1","-1","-1.0","-1","-1.0","-1","-1.0","-1","0","0","0","0","0","0","0","2.0","2.0","2.0","2.0","2.0","2.0","2.0","1.0","1.0","1.0","1.0","1.0","1.0","1.0"
"22525","超级猪小戒","超级猪小戒","宝宝幼儿园","","","","1","","0","4","3","","","2","1","1","0","911124","1","0","5","0","0","300","1","true","1000","0","-1","0","0","50","1","5","1000","50","50","50","50","3960","4980","1760","2210","0","1850","1276","4","10","10","0.2;0.2;0.2;0.2;0.2","0.3;0.2;0.2;0.2;0.1","0.1;0.3;0.3;0.2;0.1","0.2;0.3;0.2;0.2;0.1","207237","207202","206056","207287","206039","207262","","1000","1000","1000","333","333","333","","0","500","0","0","0","0","","20001","-1.0","-1.0","-1.0","-1.0","-1.0","-1","-1","-1","-1.0","-1","-1","-1","-1.0","-1","-1.0","-1","-1","-1","-1.0","-1","-1.0","-1","-1.0","-1","0","0","0","0","0","0","0","2.0","2.0","2.0","2.0","2.0","2.0","","1.0","1.0","1.0","1.0","1.0","1.0",""
"22526","进阶蚌精","进阶蚌精","宝宝幼儿园","","","","1","","0","4","3","","","2","1","1","0","500315","1","0","5","0","0","300","1","true","1000","0","-1","0","0","50","1","5","1000","50","50","50","50","3960","4980","1760","2210","0","1850","1276","4","10","10","0.2;0.2;0.2;0.2;0.2","0.3;0.2;0.2;0.2;0.1","0.1;0.3;0.3;0.2;0.1","0.2;0.3;0.2;0.2;0.1","207202","206058","207251","206060","206053","","","1000","1000","333","333","333","","","0","500","0","0","0","","","20001","-1.0","-1.0","-1.0","-1.0","-1.0","-1","-1","-1","-1.0","-1","-1","-1","-1.0","-1","-1.0","-1","-1","-1","-1.0","-1","-1.0","-1","-1.0","-1","0","0","0","0","0","0","0","2.0","2.0","2.0","2.0","2.0","2.0","","1.0","1.0","1.0","1.0","1.0","1.0",""
"22527","进阶超级飞天","进阶超级飞天","宝宝幼儿园","","","","1","","0","4","3","","","2","1","1","0","500316","1","0","5","0","0","300","1","true","1000","0","-1","0","0","50","1","5","1000","50","50","50","50","3960","4980","1760","2210","0","1850","1276","4","10","10","0.2;0.2;0.2;0.2;0.2","0.3;0.2;0.2;0.2;0.1","0.1;0.3;0.3;0.2;0.1","0.2;0.3;0.2;0.2;0.1","207256","206046","206069","207137","206051","","","1000","1000","333","333","333","","","0","500","0","0","0","","","20001","-1.0","-1.0","-1.0","-1.0","-1.0","-1","-1","-1","-1.0","-1","-1","-1","-1.0","-1","-1.0","-1","-1","-1","-1.0","-1","-1.0","-1","-1.0","-1","0","0","0","0","0","0","0","2.0","2.0","2.0","2.0","2.0","2.0","","1.0","1.0","1.0","1.0","1.0","1.0",""
"22528","进阶谛听","进阶谛听","宝宝幼儿园","","","","1","","0","4","3","","","2","1","1","0","500317","1","0","5","0","0","300","1","true","1000","0","-1","0","0","50","1","5","1000","50","50","50","50","3960","4980","1760","2210","0","1850","1276","4","10","10","0.2;0.2;0.2;0.2;0.2","0.3;0.2;0.2;0.2;0.1","0.1;0.3;0.3;0.2;0.1","0.2;0.3;0.2;0.2;0.1","207250","207264","206038","207212","207254","","","1000","1000","333","333","333","","","0","500","0","0","0","","","20001","-1.0","-1.0","-1.0","-1.0","-1.0","-1","-1","-1","-1.0","-1","-1","-1","-1.0","-1","-1.0","-1","-1","-1","-1.0","-1","-1.0","-1","-1.0","-1","0","0","0","0","0","0","0","2.0","2.0","2.0","2.0","2.0","2.0","","1.0","1.0","1.0","1.0","1.0","1.0",""
"22529","进阶广目巡守","进阶广目巡守","宝宝幼儿园","","","","1","","0","4","3","","","2","1","1","0","500318","1","0","5","0","0","300","1","true","1000","0","-1","0","0","50","1","5","1000","50","50","50","50","3960","4980","1760","2210","0","1850","1276","4","10","10","0.2;0.2;0.2;0.2;0.2","0.3;0.2;0.2;0.2;0.1","0.1;0.3;0.3;0.2;0.1","0.2;0.3;0.2;0.2;0.1","206040","207013","207007","206038","207254","","","333","333","333","333","333","","","0","500","0","0","0","","","20001","-1.0","-1.0","-1.0","-1.0","-1.0","-1","-1","-1","-1.0","-1","-1","-1","-1.0","-1","-1.0","-1","-1","-1","-1.0","-1","-1.0","-1","-1.0","-1","0","0","0","0","0","0","0","2.0","2.0","2.0","2.0","2.0","2.0","","1.0","1.0","1.0","1.0","1.0","1.0",""
"22530","进阶增长巡守","进阶增长巡守","宝宝幼儿园","","","","1","","0","4","3","","","2","1","1","0","500319","1","0","5","0","0","300","1","true","1000","0","-1","0","0","50","1","5","1000","50","50","50","50","3960","4980","1760","2210","0","1850","1276","4","10","10","0.2;0.2;0.2;0.2;0.2","0.3;0.2;0.2;0.2;0.1","0.1;0.3;0.3;0.2;0.1","0.2;0.3;0.2;0.2;0.1","207250","207254","206038","206056","206049","","","1000","1000","333","333","333","","","0","500","0","0","0","","","20001","-1.0","-1.0","-1.0","-1.0","-1.0","-1","-1","-1","-1.0","-1","-1","-1","-1.0","-1","-1.0","-1","-1","-1","-1.0","-1","-1.0","-1","-1.0","-1","0","0","0","0","0","0","0","2.0","2.0","2.0","2.0","2.0","2.0","","1.0","1.0","1.0","1.0","1.0","1.0",""
"22531","进阶鬼将","进阶鬼将","宝宝幼儿园","","","","1","","0","4","3","","","2","1","1","0","500320","1","0","5","0","0","300","1","true","1000","0","-1","0","0","50","1","5","1000","50","50","50","50","3960","4980","1760","2210","0","1850","1276","4","10","10","0.2;0.2;0.2;0.2;0.2","0.3;0.2;0.2;0.2;0.1","0.1;0.3;0.3;0.2;0.1","0.2;0.3;0.2;0.2;0.1","207257","206073","206038","207212","206058","206055","","1000","1000","333","333","333","333","","0","500","0","0","0","","","20001","-1.0","-1.0","-1.0","-1.0","-1.0","-1","-1","-1","-1.0","-1","-1","-1","-1.0","-1","-1.0","-1","-1","-1","-1.0","-1","-1.0","-1","-1.0","-1","0","0","0","0","0","0","0","2.0","2.0","2.0","2.0","2.0","2.0","","1.0","1.0","1.0","1.0","1.0","1.0",""
"22532","进阶天兵","进阶天兵","宝宝幼儿园","","","","1","","0","4","3","","","2","1","1","0","500321","1","0","5","0","0","300","1","true","1000","0","-1","0","0","50","1","5","1000","50","50","50","50","3960","4980","1760","2210","0","1850","1276","4","10","10","0.2;0.2;0.2;0.2;0.2","0.3;0.2;0.2;0.2;0.1","0.1;0.3;0.3;0.2;0.1","0.2;0.3;0.2;0.2;0.1","206040","207013","207007","206038","207254","","","1000","1000","333","333","333","","","0","500","0","0","0","","","20001","-1.0","-1.0","-1.0","-1.0","-1.0","-1","-1","-1","-1.0","-1","-1","-1","-1.0","-1","-1.0","-1","-1","-1","-1.0","-1","-1.0","-1","-1.0","-1","0","0","0","0","0","0","0","2.0","2.0","2.0","2.0","2.0","2.0","","1.0","1.0","1.0","1.0","1.0","1.0",""
"22533","进阶花妖","进阶花妖","宝宝幼儿园","","","","1","","0","4","3","","","2","1","1","0","500322","1","0","5","0","0","300","1","true","1000","0","-1","0","0","50","1","5","1000","50","50","50","50","3960","4980","1760","2210","0","1850","1276","4","10","10","0.2;0.2;0.2;0.2;0.2","0.3;0.2;0.2;0.2;0.1","0.1;0.3;0.3;0.2;0.1","0.2;0.3;0.2;0.2;0.1","207229","206045","206043","207213","207255","","","1000","1000","333","333","333","","","0","500","0","0","0","","","20001","-1.0","-1.0","-1.0","-1.0","-1.0","-1","-1","-1","-1.0","-1","-1","-1","-1.0","-1","-1.0","-1","-1","-1","-1.0","-1","-1.0","-1","-1.0","-1","0","0","0","0","0","0","0","2.0","2.0","2.0","2.0","2.0","2.0","","1.0","1.0","1.0","1.0","1.0","1.0",""
"22534","进阶玄珠林仙","进阶玄珠林仙","宝宝幼儿园","","","","1","","0","4","3","","","2","1","1","0","500323","1","0","5","0","0","300","1","true","1000","0","-1","0","0","50","1","5","1000","50","50","50","50","3960","4980","1760","2210","0","1850","1276","4","10","10","0.2;0.2;0.2;0.2;0.2","0.3;0.2;0.2;0.2;0.1","0.1;0.3;0.3;0.2;0.1","0.2;0.3;0.2;0.2;0.1","207230","206058","206046","206046","207256","","","1000","1000","333","333","333","","","0","500","0","0","0","","","20001","-1.0","-1.0","-1.0","-1.0","-1.0","-1","-1","-1","-1.0","-1","-1","-1","-1.0","-1","-1.0","-1","-1","-1","-1.0","-1","-1.0","-1","-1.0","-1","0","0","0","0","0","0","0","2.0","2.0","2.0","2.0","2.0","2.0","","1.0","1.0","1.0","1.0","1.0","1.0",""
"22535","进阶混沌兽","进阶混沌兽","宝宝幼儿园","","","","1","","0","4","3","","","2","1","1","0","500324","1","0","5","0","0","300","1","true","1000","0","-1","0","0","50","1","5","1000","50","50","50","50","3960","4980","1760","2210","0","1850","1276","4","10","10","0.2;0.2;0.2;0.2;0.2","0.3;0.2;0.2;0.2;0.1","0.1;0.3;0.3;0.2;0.1","0.2;0.3;0.2;0.2;0.1","207019","207010","206038","206056","207212","","","1000","1000","333","333","333","","","0","500","0","0","0","","","20001","-1.0","-1.0","-1.0","-1.0","-1.0","-1","-1","-1","-1.0","-1","-1","-1","-1.0","-1","-1.0","-1","-1","-1","-1.0","-1","-1.0","-1","-1.0","-1","0","0","0","0","0","0","0","2.0","2.0","2.0","2.0","2.0","2.0","","1.0","1.0","1.0","1.0","1.0","1.0",""
"22536","进阶鲛人","进阶鲛人","宝宝幼儿园","","","","1","","0","4","3","","","2","1","1","0","500325","1","0","5","0","0","300","1","true","1000","0","-1","0","0","50","1","5","1000","50","50","50","50","3960","4980","1760","2210","0","1850","1276","4","10","10","0.2;0.2;0.2;0.2;0.2","0.3;0.2;0.2;0.2;0.1","0.1;0.3;0.3;0.2;0.1","0.2;0.3;0.2;0.2;0.1","207261","207235","206056","206038","207264","","","1000","1000","333","333","333","","","0","500","0","0","0","","","20001","-1.0","-1.0","-1.0","-1.0","-1.0","-1","-1","-1","-1.0","-1","-1","-1","-1.0","-1","-1.0","-1","-1","-1","-1.0","-1","-1.0","-1","-1.0","-1","0","0","0","0","0","0","0","2.0","2.0","2.0","2.0","2.0","2.0","","1.0","1.0","1.0","1.0","1.0","1.0",""
"22537","进阶白无常","进阶白无常","宝宝幼儿园","","","","1","","0","4","3","","","2","1","1","0","500326","1","0","5","0","0","300","1","true","1000","0","-1","0","0","50","1","5","1000","50","50","50","50","3960","4980","1760","2210","0","1850","1276","4","10","10","0.2;0.2;0.2;0.2;0.2","0.3;0.2;0.2;0.2;0.1","0.1;0.3;0.3;0.2;0.1","0.2;0.3;0.2;0.2;0.1","207012","206066","206050","206040","207254","206038","","1000","1000","1000","333","333","333","","0","500","0","0","0","","","20001","-1.0","-1.0","-1.0","-1.0","-1.0","-1","-1","-1","-1.0","-1","-1","-1","-1.0","-1","-1.0","-1","-1","-1","-1.0","-1","-1.0","-1","-1.0","-1","0","0","0","0","0","0","0","2.0","2.0","2.0","2.0","2.0","2.0","","1.0","1.0","1.0","1.0","1.0","1.0",""
"22538","进阶蛟龙","进阶蛟龙","宝宝幼儿园","","","","1","","0","4","3","","","2","1","1","0","500327","1","0","5","0","0","300","1","true","1000","0","-1","0","0","50","1","5","1000","50","50","50","50","3960","4980","1760","2210","0","1850","1276","4","10","10","0.2;0.2;0.2;0.2;0.2","0.3;0.2;0.2;0.2;0.1","0.1;0.3;0.3;0.2;0.1","0.2;0.3;0.2;0.2;0.1","206047","207289","207108","206046","207202","","","1000","333","333","333","333","","","0","500","0","0","0","","","20001","-1.0","-1.0","-1.0","-1.0","-1.0","-1","-1","-1","-1.0","-1","-1","-1","-1.0","-1","-1.0","-1","-1","-1","-1.0","-1","-1.0","-1","-1.0","-1","0","0","0","0","0","0","0","2.0","2.0","2.0","2.0","2.0","2.0","","1.0","1.0","1.0","1.0","1.0","1.0",""
"22539","进阶龙龟","进阶龙龟","宝宝幼儿园","","","","1","","0","4","3","","","2","1","1","0","500328","1","0","5","0","0","300","1","true","1000","0","-1","0","0","50","1","5","1000","50","50","50","50","3960","4980","1760","2210","0","1850","1276","4","10","10","0.2;0.2;0.2;0.2;0.2","0.3;0.2;0.2;0.2;0.1","0.1;0.3;0.3;0.2;0.1","0.2;0.3;0.2;0.2;0.1","207288","206063","207287","206060","206058","","","1000","1000","333","333","333","","","0","500","0","0","0","","","20001","-1.0","-1.0","-1.0","-1.0","-1.0","-1","-1","-1","-1.0","-1","-1","-1","-1.0","-1","-1.0","-1","-1","-1","-1.0","-1","-1.0","-1","-1.0","-1","0","0","0","0","0","0","0","2.0","2.0","2.0","2.0","2.0","2.0","","1.0","1.0","1.0","1.0","1.0","1.0",""
"22540","进阶独角鬼王","进阶独角鬼王","宝宝幼儿园","","","","1","","0","4","3","","","2","1","1","0","500329","1","0","5","0","0","300","1","true","1000","0","-1","0","0","50","1","5","1000","50","50","50","50","3960","4980","1760","2210","0","1850","1276","4","10","10","0.2;0.2;0.2;0.2;0.2","0.3;0.2;0.2;0.2;0.1","0.1;0.3;0.3;0.2;0.1","0.2;0.3;0.2;0.2;0.1","207228","206040","206074","207254","206038","207261","","1000","1000","1000","333","333","333","","0","500","0","0","0","","","20001","-1.0","-1.0","-1.0","-1.0","-1.0","-1","-1","-1","-1.0","-1","-1","-1","-1.0","-1","-1.0","-1","-1","-1","-1.0","-1","-1.0","-1","-1.0","-1","0","0","0","0","0","0","0","2.0","2.0","2.0","2.0","2.0","2.0","","1.0","1.0","1.0","1.0","1.0","1.0",""
"22541","进阶巨石守卫","进阶巨石守卫","宝宝幼儿园","","","","1","","0","4","3","","","2","1","1","0","500330","1","0","5","0","0","300","1","true","1000","0","-1","0","0","50","1","5","1000","50","50","50","50","3960","4980","1760","2210","0","1850","1276","4","10","10","0.2;0.2;0.2;0.2;0.2","0.3;0.2;0.2;0.2;0.1","0.1;0.3;0.3;0.2;0.1","0.2;0.3;0.2;0.2;0.1","207287","206039","207231","206038","206042","","","1000","1000","333","333","333","","","0","500","0","0","0","","","20001","-1.0","-1.0","-1.0","-1.0","-1.0","-1","-1","-1","-1.0","-1","-1","-1","-1.0","-1","-1.0","-1","-1","-1","-1.0","-1","-1.0","-1","-1.0","-1","0","0","0","0","0","0","0","2.0","2.0","2.0","2.0","2.0","2.0","","1.0","1.0","1.0","1.0","1.0","1.0",""
"22542","进阶蜃气妖","进阶蜃气妖","宝宝幼儿园","","","","1","","0","4","3","","","2","1","1","0","500331","1","0","5","0","0","300","1","true","1000","0","-1","0","0","50","1","5","1000","50","50","50","50","3960","4980","1760","2210","0","1850","1276","4","10","10","0.2;0.2;0.2;0.2;0.2","0.3;0.2;0.2;0.2;0.1","0.1;0.3;0.3;0.2;0.1","0.2;0.3;0.2;0.2;0.1","207229","207265","206046","207256","207263","","","1000","1000","333","333","333","","","0","500","0","0","0","","","20001","-1.0","-1.0","-1.0","-1.0","-1.0","-1","-1","-1","-1.0","-1","-1","-1","-1.0","-1","-1.0","-1","-1","-1","-1.0","-1","-1.0","-1","-1.0","-1","0","0","0","0","0","0","0","2.0","2.0","2.0","2.0","2.0","2.0","","1.0","1.0","1.0","1.0","1.0","1.0",""
"22543","进阶夜游神","进阶夜游神","宝宝幼儿园","","","","1","","0","4","3","","","2","1","1","0","500332","1","0","5","0","0","300","1","true","1000","0","-1","0","0","50","1","5","1000","50","50","50","50","3960","4980","1760","2210","0","1850","1276","4","10","10","0.2;0.2;0.2;0.2;0.2","0.3;0.2;0.2;0.2;0.1","0.1;0.3;0.3;0.2;0.1","0.2;0.3;0.2;0.2;0.1","207256","207263","207265","207229","206046","","","1000","1000","333","333","333","","","0","500","0","0","0","","","20001","-1.0","-1.0","-1.0","-1.0","-1.0","-1","-1","-1","-1.0","-1","-1","-1","-1.0","-1","-1.0","-1","-1","-1","-1.0","-1","-1.0","-1","-1.0","-1","0","0","0","0","0","0","0","2.0","2.0","2.0","2.0","2.0","2.0","","1.0","1.0","1.0","1.0","1.0","1.0",""
"22544","进阶天将","进阶天将","宝宝幼儿园","","","","1","","0","4","3","","","2","1","1","0","500333","1","0","5","0","0","300","1","true","1000","0","-1","0","0","50","1","5","1000","50","50","50","50","3960","4980","1760","2210","0","1850","1276","4","10","10","0.2;0.2;0.2;0.2;0.2","0.3;0.2;0.2;0.2;0.1","0.1;0.3;0.3;0.2;0.1","0.2;0.3;0.2;0.2;0.1","206057","207257","206038","206039","207212","206060","","1000","1000","333","333","333","333","","0","500","0","0","0","","","20001","-1.0","-1.0","-1.0","-1.0","-1.0","-1","-1","-1","-1.0","-1","-1","-1","-1.0","-1","-1.0","-1","-1","-1","-1.0","-1","-1.0","-1","-1.0","-1","0","0","0","0","0","0","0","2.0","2.0","2.0","2.0","2.0","2.0","","1.0","1.0","1.0","1.0","1.0","1.0",""
"22545","进阶雾中仙","进阶雾中仙","宝宝幼儿园","","","","1","","0","4","3","","","2","1","1","0","500334","1","0","5","0","0","300","1","true","1000","0","-1","0","0","50","1","5","1000","50","50","50","50","3960","4980","1760","2210","0","1850","1276","4","10","10","0.2;0.2;0.2;0.2;0.2","0.3;0.2;0.2;0.2;0.1","0.1;0.3;0.3;0.2;0.1","0.2;0.3;0.2;0.2;0.1","207137","206045","206043","207213","207255","","","1000","1000","333","333","333","","","0","500","0","0","0","","","20001","-1.0","-1.0","-1.0","-1.0","-1.0","-1","-1","-1","-1.0","-1","-1","-1","-1.0","-1","-1.0","-1","-1","-1","-1.0","-1","-1.0","-1","-1.0","-1","0","0","0","0","0","0","0","2.0","2.0","2.0","2.0","2.0","2.0","","1.0","1.0","1.0","1.0","1.0","1.0",""
"22546","进阶吸血鬼","进阶吸血鬼","宝宝幼儿园","","","","1","","0","4","3","","","2","1","1","0","500335","1","0","5","0","0","300","1","true","1000","0","-1","0","0","50","1","5","1000","50","50","50","50","3960","4980","1760","2210","0","1850","1276","4","10","10","0.2;0.2;0.2;0.2;0.2","0.3;0.2;0.2;0.2;0.1","0.1;0.3;0.3;0.2;0.1","0.2;0.3;0.2;0.2;0.1","207287","206066","207288","206067","206058","","","1000","1000","333","333","333","","","0","500","0","0","0","","","20001","-1.0","-1.0","-1.0","-1.0","-1.0","-1","-1","-1","-1.0","-1","-1","-1","-1.0","-1","-1.0","-1","-1","-1","-1.0","-1","-1.0","-1","-1.0","-1","0","0","0","0","0","0","0","2.0","2.0","2.0","2.0","2.0","2.0","","1.0","1.0","1.0","1.0","1.0","1.0",""
"22547","进阶夜罗刹","进阶夜罗刹","宝宝幼儿园","","","","1","","0","4","3","","","2","1","1","0","500336","1","0","5","0","0","300","1","true","1000","0","-1","0","0","50","1","5","1000","50","50","50","50","3960","4980","1760","2210","0","1850","1276","4","10","10","0.2;0.2;0.2;0.2;0.2","0.3;0.2;0.2;0.2;0.1","0.1;0.3;0.3;0.2;0.1","0.2;0.3;0.2;0.2;0.1","207261","207010","206056","206038","207264","","","1000","1000","333","333","333","","","0","500","0","0","0","","","20001","-1.0","-1.0","-1.0","-1.0","-1.0","-1","-1","-1","-1.0","-1","-1","-1","-1.0","-1","-1.0","-1","-1","-1","-1.0","-1","-1.0","-1","-1.0","-1","0","0","0","0","0","0","0","2.0","2.0","2.0","2.0","2.0","2.0","","1.0","1.0","1.0","1.0","1.0","1.0",""
"22548","进阶黑无常","进阶黑无常","宝宝幼儿园","","","","1","","0","4","3","","","2","1","1","0","500337","1","0","5","0","0","300","1","true","1000","0","-1","0","0","50","1","5","1000","50","50","50","50","3960","4980","1760","2210","0","1850","1276","4","10","10","0.2;0.2;0.2;0.2;0.2","0.3;0.2;0.2;0.2;0.1","0.1;0.3;0.3;0.2;0.1","0.2;0.3;0.2;0.2;0.1","207017","206066","206048","206040","207254","206038","","1000","1000","1000","333","333","333","","0","500","0","0","0","","","20001","-1.0","-1.0","-1.0","-1.0","-1.0","-1","-1","-1","-1.0","-1","-1","-1","-1.0","-1","-1.0","-1","-1","-1","-1.0","-1","-1.0","-1","-1.0","-1","0","0","0","0","0","0","0","2.0","2.0","2.0","2.0","2.0","2.0","","1.0","1.0","1.0","1.0","1.0","1.0",""
"22549","进阶日游神","进阶日游神","宝宝幼儿园","","","","1","","0","4","3","","","2","1","1","0","500338","1","0","5","0","0","300","1","true","1000","0","-1","0","0","50","1","5","1000","50","50","50","50","3960","4980","1760","2210","0","1850","1276","4","10","10","0.2;0.2;0.2;0.2;0.2","0.3;0.2;0.2;0.2;0.1","0.1;0.3;0.3;0.2;0.1","0.2;0.3;0.2;0.2;0.1","207230","207263","206046","207256","206046","","","1000","1000","333","333","333","","","0","500","0","0","0","","","20001","-1.0","-1.0","-1.0","-1.0","-1.0","-1","-1","-1","-1.0","-1","-1","-1","-1.0","-1","-1.0","-1","-1","-1","-1.0","-1","-1.0","-1","-1.0","-1","0","0","0","0","0","0","0","2.0","2.0","2.0","2.0","2.0","2.0","","1.0","1.0","1.0","1.0","1.0","1.0",""
"22550","进阶大力金刚","进阶大力金刚","宝宝幼儿园","","","","1","","0","4","3","","","2","1","1","0","510002","1","0","5","0","0","300","1","true","1000","0","-1","0","0","50","1","5","1000","50","50","50","50","3960","4980","1760","2210","0","1850","1276","4","10","10","0.2;0.2;0.2;0.2;0.2","0.3;0.2;0.2;0.2;0.1","0.1;0.3;0.3;0.2;0.1","0.2;0.3;0.2;0.2;0.1","206040","207013","206038","207007","207254","","","1000","1000","1000","333","333","","","0","500","0","0","0","","","20001","-1.0","-1.0","-1.0","-1.0","-1.0","-1","-1","-1","-1.0","-1","-1","-1","-1.0","-1","-1.0","-1","-1","-1","-1.0","-1","-1.0","-1","-1.0","-1","0","0","0","0","0","0","0","2.0","2.0","2.0","2.0","2.0","2.0","","1.0","1.0","1.0","1.0","1.0","1.0",""
"22551","进阶谛听","进阶谛听","宝宝幼儿园","","","","1","","0","4","3","","","2","1","1","0","510006","1","0","5","0","0","300","1","true","1000","0","-1","0","0","50","1","5","1000","50","50","50","50","3960","4980","1760","2210","0","1850","1276","4","10","10","0.2;0.2;0.2;0.2;0.2","0.3;0.2;0.2;0.2;0.1","0.1;0.3;0.3;0.2;0.1","0.2;0.3;0.2;0.2;0.1","207194","206047","206045","207255","206056","","","1000","1000","333","333","333","","","0","500","0","0","0","","","20001","-1.0","-1.0","-1.0","-1.0","-1.0","-1","-1","-1","-1.0","-1","-1","-1","-1.0","-1","-1.0","-1","-1","-1","-1.0","-1","-1.0","-1","-1.0","-1","0","0","0","0","0","0","0","2.0","2.0","2.0","2.0","2.0","2.0","","1.0","1.0","1.0","1.0","1.0","1.0",""
"22552","进阶山贼","进阶山贼","宝宝幼儿园","","","","1","","0","4","3","","","2","1","1","0","510007","1","0","5","0","0","300","1","true","1000","0","-1","0","0","50","1","5","1000","50","50","50","50","3960","4980","1760","2210","0","1850","1276","4","10","10","0.2;0.2;0.2;0.2;0.2","0.3;0.2;0.2;0.2;0.1","0.1;0.3;0.3;0.2;0.1","0.2;0.3;0.2;0.2;0.1","206052","206040","206069","206050","206070","206054","","1000","1000","1000","1000","333","","","0","500","0","0","0","","","20001","-1.0","-1.0","-1.0","-1.0","-1.0","-1","-1","-1","-1.0","-1","-1","-1","-1.0","-1","-1.0","-1","-1","-1","-1.0","-1","-1.0","-1","-1.0","-1","0","0","0","0","0","0","0","2.0","2.0","2.0","2.0","2.0","2.0","","1.0","1.0","1.0","1.0","1.0","1.0",""
