"编号","类型","显示名","道具名颜色","颜色品质","造型编号","单位","等级","需求等级","排序ID","可否摧毁","可否摆摊上架","点卡服可否摆摊上架","道具生效时间","道具过期时间","使用后持续时间（s）","默认有效时间","可否卖店","是否绑定","是否拾取绑定","是否下线消失","战斗内使用对象","战斗内使用者对象","战斗外使用对象","使用后是否消耗","最大堆叠数量","最大拥有数量","删除后服务器保留天数","珍品找回消耗","描述","功能说明","售卖商店类型","售卖NPCID","道具使用方法","道具类名","道具类名1","使用按钮功能类型","使用按钮功能参数1","使用按钮功能参数2","使用按钮功能参数3","加锁时能否消耗","需求锻造等级","需求裁缝等级","需求炼金等级","临时类型","获取途径1","获取途径2","获取途径3","获取途径4","获取途径5","获取途径6","获取途径7","获取途径8","获取途径9","是否珍品","是否稀有","摆摊冻结时间","寻路特殊处理","特殊用途1","特殊用途2","特殊用途3","特殊用途4","特殊用途5","是否可回收","回收道具ID","回收道具数量","可否分解","分解成道具","分解数量"
"111111","96","下面用于显示：编号1","ff6ddcf6","4","1158","个","0","90","5500","true","0","0","0","0","0","0","0","false","false","false","0","0","1","1","999","0","0","5000000","大量的金钱。","金钱","","0","使用方法：直接获得金钱","","","0","","","","0","","","","","","","","","","","","","","","1","","","","","","","","0","0","0","0","0","0"
"36984","96","金钱","ff6ddcf6","4","1186","个","0","90","5500","true","0","0","0","0","0","0","0","false","false","false","0","0","1","1","999","0","0","5000000","三界中通行的货币。可以购买别人摊位上的好东西，有时候还可以在商城里买到一些珍贵物品。","金钱","","0","使用方法：直接获得金钱","","","0","","","","0","","","","","","","","","","","","","","","1","","","","","","","","0","0","0","0","0","0"
"36985","96","经验","ff6ddcf6","4","1177","个","0","90","5500","true","0","0","0","0","0","0","0","false","false","false","0","0","1","1","999","0","0","5000000","经验","经验","","0","使用方法：直接获得经验","","","0","","","","0","","","","","","","","","","","","","","","1","","","","","","","","0","0","0","0","0","0"
"330101","4262","$parameter1$银币","ff6ddcf6","4","1185","个","0","1","7100","true","0","0","0","0","0","0","0","false","false","false","0","0","1","1","999","0","0","5000000","玩家个人的货币，无法流通。用于提升角色能力。","金钱","","0","使用方法：直接获得金钱","","","0","","","","0","","","","","","","","","","","","","","","1","","","","","","","","0","0","0","0","0","0"
"330102","4262","$parameter1$经验","ff6ddcf6","4","1177","个","0","1","7100","true","0","0","0","0","0","0","0","false","false","false","0","0","1","1","999","0","0","5000000","经验","经验","","0","使用方法：直接获得经验","","","0","","","","0","","","","","","","","","","","","","","","1","","","","","","","","0","0","0","0","0","0"
"330103","4262","$parameter1$仙玉","ff6ddcf6","4","782","个","0","1","7100","true","0","0","0","0","0","0","0","false","false","false","0","0","1","1","999","0","0","5000000","仙玉","仙玉","","0","使用方法：直接获得经验","","","0","","","","0","","","","","","","","","","","","","","","1","","","","","","","","0","0","0","0","0","0"
"330104","4262","$parameter1$金币","ff6ddcf6","4","1186","个","0","1","7100","true","0","0","0","0","0","0","0","false","false","false","0","0","1","1","999","0","0","5000000","三界中通行的货币。可以购买别人摊位上的好东西，有时候还可以在商城里买到一些珍贵物品。","摆摊交易","","0","使用方法：直接获得金币","","","0","","","","0","","","","","","","","","","","","","","","1","","","","","","","","0","0","0","0","0","0"
"330105","4262","$parameter1$VIP经验","ff6ddcf6","4","1207","个","0","1","7100","true","0","0","0","0","0","0","0","false","false","false","0","0","1","1","999","0","0","5000000","VIP经验","VIP经验","","0","使用方法：直接获得金币","","","0","","","","0","","","","","","","","","","","","","","","1","","","","","","","","0","0","0","0","0","0"
"330000","4262","金币","ff6ddcf6","4","1186","个","0","1","7100","true","0","0","0","0","0","0","0","false","false","false","0","0","1","1","999","0","0","5000000","三界中通行的货币。可以购买别人摊位上的好东西，有时候还可以在商城里买到一些珍贵物品。","摆摊交易","","0","使用方法：直接获得金币","","","0","","","","0","","","","","","","","","","","","","","","1","","","","","","","","0","0","0","0","0","0"
"330100","4262","帮派技能","ff6ddcf6","4","233","个","0","1","7100","true","0","0","0","0","0","0","0","false","false","false","0","0","1","1","999","0","0","5000000","学习帮派技能，可以烹饪食物或炼制三级药品","制作烹饪或炼药","","0","","","","0","","","","0","","","","","","","","","","","","","","","1","","","","","","","","0","0","0","0","0","0"
"111137","96","下面用于福利面板等级礼包","ff6ddcf6","4","1158","个","0","90","5500","true","0","0","0","0","0","0","0","false","false","false","0","0","1","1","9999","0","0","5000000","大量的金钱。","金钱","","0","使用方法：直接获得金钱","","","0","","","","0","","","","","","","","","","","","","","","1","","","","","","","","","","","","",""
"334000","166","升级礼包","fffff2df","1","1252","个","0","1","1996","false","0","0","0","0","0","0","0","false","false","false","0","0","1","1","1","0","0","0","欢迎进入追梦西游2，只要升级，好礼源源不断！","打开获得奖励","","","","","","","","","","","","","","","","","","","","","","","","","","","","","","","","","","","","","",""
"334001","166","10级礼包","fffff2df","1","1252","个","0","10","1996","false","0","0","0","0","0","0","0","false","false","false","0","0","1","1","1","0","0","0","努力升到10级，打开获得奖励！","打开获得奖励","","","","","","","","","","","","","","","","","","","","","","","","","","","","","","","","","","","","","",""
"334002","166","20级礼包","fffff2df","1","1252","个","0","20","1996","false","0","0","0","0","0","0","0","false","false","false","0","0","1","1","1","0","0","0","努力升到20级，打开获得奖励！","打开获得奖励","","","","","","","","","","","","","","","","","","","","","","","","","","","","","","","","","","","","","",""
"334003","166","30级礼包","fffff2df","1","1252","个","0","30","1996","false","0","0","0","0","0","0","0","false","false","false","0","0","1","1","1","0","0","0","努力升到30级，打开获得奖励！","打开获得奖励","","","","","","","","","","","","","","","","","","","","","","","","","","","","","","","","","","","","","",""
"334004","166","40级礼包","fffff2df","1","1252","个","0","40","1996","false","0","0","0","0","0","0","0","false","false","false","0","0","1","1","1","0","0","0","努力升到40级，打开获得奖励！","打开获得奖励","","","","","","","","","","","","","","","","","","","","","","","","","","","","","","","","","","","","","",""
"334005","166","50级礼包","fffff2df","1","1252","个","0","50","1996","false","0","0","0","0","0","0","0","false","false","false","0","0","1","1","1","0","0","0","努力升到50级，打开获得奖励！","打开获得奖励","","","","","","","","","","","","","","","","","","","","","","","","","","","","","","","","","","","","","",""
"334006","166","60级礼包","fffff2df","1","1252","个","0","60","1996","false","0","0","0","0","0","0","0","false","false","false","0","0","1","1","1","0","0","0","努力升到60级，打开获得奖励！","打开获得奖励","","","","","","","","","","","","","","","","","","","","","","","","","","","","","","","","","","","","","",""
"334007","166","70级礼包","fffff2df","1","1252","个","0","70","1996","false","0","0","0","0","0","0","0","false","false","false","0","0","1","1","1","0","0","0","努力升到70级，打开获得奖励！","打开获得奖励","","","","","","","","","","","","","","","","","","","","","","","","","","","","","","","","","","","","","",""
"334008","166","80级礼包","fffff2df","1","1252","个","0","80","1996","false","0","0","0","0","0","0","0","false","false","false","0","0","1","1","1","0","0","0","努力升到80级，打开获得奖励！","打开获得奖励","","","","","","","","","","","","","","","","","","","","","","","","","","","","","","","","","","","","","",""
"334009","166","90级礼包","fffff2df","1","1252","个","0","90","1996","false","0","0","0","0","0","0","0","false","false","false","0","0","1","1","1","0","0","0","努力升到90级，打开获得奖励！","打开获得奖励","","","","","","","","","","","","","","","","","","","","","","","","","","","","","","","","","","","","","",""
"334010","166","100级礼包","fffff2df","1","1252","个","0","100","1996","false","0","0","0","0","0","0","0","false","false","false","0","0","1","1","1","0","0","0","努力升到90级，打开获得奖励！","打开获得奖励","","","","","","","","","","","","","","","","","","","","","","","","","","","","","","","","","","","","","",""
"334011","166","110级礼包","fffff2df","1","1252","个","0","110","1996","false","0","0","0","0","0","0","0","false","false","false","0","0","1","1","1","0","0","0","努力升到90级，打开获得奖励！","打开获得奖励","","","","","","","","","","","","","","","","","","","","","","","","","","","","","","","","","","","","","",""
"334012","166","120级礼包","fffff2df","1","1252","个","0","120","1996","false","0","0","0","0","0","0","0","false","false","false","0","0","1","1","1","0","0","0","努力升到90级，打开获得奖励！","打开获得奖励","","","","","","","","","","","","","","","","","","","","","","","","","","","","","","","","","","","","","",""
"111112","96","下面物品用于打造/修理：编号2","ff6ddcf6","4","1158","个","0","90","5500","true","0","0","0","0","0","0","0","false","false","false","0","0","1","1","999","0","0","5000000","1.战书待修改ID。2.四个强化石礼包目前暂时无用，但不可删除","金钱","","0","使用方法：直接获得金钱","","","0","","","","0","","","","","","","","","","","","","","","1","","","","","","","","0","0","0","0","0","0"
"40007","2470","玄黄无极石","ff6ddcf6","4","1269","块","0","1","5600","true","0","1","0","0","0","0","0","false","false","false","0","0","1","1","99999","0","0","5000000","产自玄黄无极石的奇石，触手温凉，它能让珍兽现身，需要提前准备99个神兜兜！","使用兑换珍兽","4","161506","NPC兑换","玄黄无极石","","","","","","0","","","","","4","5","","","","","","","","","1","","","","","","","","0","0","0","0","0","0"
"40008","2470","青龙石","ff6ddcf6","4","1304","块","0","1","5600","true","0","1","0","0","0","0","0","false","false","false","0","0","1","1","99999","0","0","5000000","带有灵气的石头，是打造武器的必须材料。","装备打造材料","4","161506","使用方法：装备打造中使用","强化石","","3","6","","","0","","","","","4","5","","","","","","","","","1","","","","","","","","0","0","0","0","0","0"
"40009","2470","朱雀石","ff6ddcf6","4","1306","块","0","1","5600","true","0","1","0","0","0","0","0","false","false","false","0","0","1","1","99999","0","0","5000000","带有灵气的石头，是打造头盔的必须材料。","装备打造材料","4","161506","使用方法：装备打造中使用","强化石","","3","6","","","0","","","","","4","5","","","","","","","","","1","","","","","","","","0","0","0","0","0","0"
"40010","2470","白虎石","ff6ddcf6","4","1305","块","0","1","5600","true","0","1","0","0","0","0","0","false","false","false","0","0","1","1","99999","0","0","5000000","带有灵气的石头，是打造衣服的必须材料。","装备打造材料","4","161506","使用方法：装备打造中使用","强化石","","3","6","","","0","","","","","4","5","","","","","","","","","1","","","","","","","","0","0","0","0","0","0"
"40011","2470","玄武石","ff6ddcf6","4","1307","块","0","1","5600","true","0","1","0","0","0","0","0","false","false","false","0","0","1","1","99999","0","0","5000000","带有灵气的石头，是打造项链、腰带、鞋子的必须材料。","装备打造材料","4","161506","使用方法：装备打造中使用","强化石","","3","6","","","0","","","","","4","5","","","","","","","","","1","","","","","","","","0","0","0","0","0","0"
"40012","150","修理符","ff6ddcf6","4","1308","张","0","1","5600","true","0","0","0","0","0","0","0","false","false","false","0","0","1","1","99999","0","0","5000000","修理装备必备材料。","装备修理材料","4","161506","使用方法：装备打造中使用","符箓","","0","","","","0","","","","","4","3","","","","","","","","","1","","","","","","","","0","0","0","0","0","0"
"40013","150","珍珠","ff6ddcf6","4","1276","颗","0","1","5600","true","0","1","0","0","0","0","0","false","false","false","0","0","1","1","999","0","0","5000000","光彩夺目，晶莹圆润，是呈送御前的不二人选。可以为神兵利器补充耐久度。","装备修理材料","4","161506","使用方法：装备打造中使用","珍珠","","3","8","","","0","","","","","4","3","","","","","","","","","1","","","","","","","","0","0","0","0","0","0"
"40014","2470","战书","ff6ddcf6","4","1246","份","0","1","5600","true","1","1","0","0","0","0","0","false","false","false","0","0","1","1","999","0","0","5000000","可对其它玩家进行强行PK","PK道具","4","161506","使用方法：强制PK使用","材料","","","","","","0","","","","","","","","","","","","","","","1","","","","","","","","0","0","0","0","0","0"
"40015","4518","强化石礼包","ff6ddcf6","4","1248","个","0","1","5600","true","0","0","0","0","0","0","0","false","false","false","0","0","1","1","999","0","0","5000000","带有灵气的石头，是强化打造项链、腰带、鞋子的材料。","装备打造材料","","","","","","","","","","","","","","","","","","","","","","","","","1","","","","","","","","0","0","0","0","0","0"
"40016","4518","强化石礼包","ff6ddcf6","4","1248","个","0","1","5600","true","0","0","0","0","0","0","0","false","false","false","0","0","1","1","999","0","0","5000000","带有灵气的石头，是强化打造项链、腰带、鞋子的材料。","装备打造材料","","","","","","","","","","","","","","","","","","","","","","","","","1","","","","","","","","0","0","0","0","0","0"
"40017","4518","强化石礼包","ff6ddcf6","4","1248","个","0","1","5600","true","0","0","0","0","0","0","0","false","false","false","0","0","1","1","999","0","0","5000000","带有灵气的石头，是强化打造项链、腰带、鞋子的材料。","装备打造材料","","","","","","","","","","","","","","","","","","","","","","","","","1","","","","","","","","0","0","0","0","0","0"
"40018","4518","强化石礼包","ff6ddcf6","4","1248","个","0","1","5600","true","0","0","0","0","0","0","0","false","false","false","0","0","1","1","999","0","0","5000000","带有灵气的石头，是强化打造项链、腰带、鞋子的材料。","装备打造材料","","","","","","","","","","","","","","","","","","","","","","","","","1","","","","","","","","0","0","0","0","0","0"
"40019","4262","强化石礼包","ff6ddcf6","4","1248","个","0","1","7100","true","0","0","0","0","0","0","0","false","false","false","0","0","1","1","999","0","0","5000000","打开可获得青龙石，朱雀石，白虎石，玄武石各1个。","获得道具","","","","礼包","","","","","","","","","","","","","","","","","","","","","1","","","","","","","","0","0","0","0","0","0"
"40020","4262","强化石礼包•壹","ff6ddcf6","4","1248","个","0","1","7100","true","0","0","0","0","0","0","0","false","false","false","0","0","1","1","999","0","0","5000000","打开可获得青龙石，朱雀石，白虎石，玄武石各2个。","获得道具","","","","礼包","","","","","","","","","","","","","","","","","","","","","1","","","","","","","","0","0","0","0","0","0"
"40021","4262","强化石礼包•贰","ff6ddcf6","4","1248","个","0","1","7100","true","0","0","0","0","0","0","0","false","false","false","0","0","1","1","999","0","0","5000000","打开可获得青龙石，朱雀石，白虎石，玄武石各3个。","获得道具","","","","礼包","","","","","","","","","","","","","","","","","","","","","1","","","","","","","","0","0","0","0","0","0"
"40022","4262","强化石礼包•叁","ff6ddcf6","4","1248","个","0","1","7100","true","0","0","0","0","0","0","0","false","false","false","0","0","1","1","999","0","0","5000000","打开可获得青龙石，朱雀石，白虎石，玄武石各4个。","获得道具","","","","礼包","","","","","","","","","","","","","","","","","","","","","1","","","","","","","","0","0","0","0","0","0"
"40023","4262","强化石礼包•四","ff6ddcf6","4","1248","个","0","1","7100","true","0","0","0","0","0","0","0","false","false","false","0","0","1","1","999","0","0","5000000","打开可获得青龙石，朱雀石，白虎石，玄武石各5个。","获得道具","","","","礼包","","","","","","","","","","","","","","","","","","","","","1","","","","","","","","0","0","0","0","0","0"
"40024","4262","强化石礼包•五","ff6ddcf6","4","1248","个","0","1","7100","true","0","0","0","0","0","0","0","false","false","false","0","0","1","1","999","0","0","5000000","打开可获得青龙石，朱雀石，白虎石，玄武石各10个。","获得道具","","","","礼包","","","","","","","","","","","","","","","","","","","","","1","","","","","","","","0","0","0","0","0","0"
"111113","96","下面物品用于人物属性类：编号3","ff6ddcf6","4","1158","个","0","90","5500","true","0","0","0","0","0","0","0","false","false","false","0","0","1","1","999","0","0","5000000","大量的金钱。","金钱","","0","使用方法：直接获得金钱","","","0","","","","0","","","","","","","","","","","","","","","1","","","","","","","","0","0","0","0","0","0"
"331000","294","人参果•木","ff6ddcf6","4","1199","个","0","1","7012","true","1","1","0","0","0","0","0","false","false","false","0","0","1","1","999","0","0","5000000","听说镇元大仙的后院才有这种水果，只有神仙吃得到，使用者将已分配的2点体质属性还原为潜能点。","重置角色潜能","4","161506","使用方法：点击使用","","","3","48","","","0","","","","","","","","","","","","","","","1","30","","","","","","","0","0","0","0","0","0"
"331001","294","人参果•火","ff6ddcf6","4","1206","个","0","1","7012","true","1","1","0","0","0","0","0","false","false","false","0","0","1","1","999","0","0","5000000","听说镇元大仙的后院才有这种水果，只有神仙吃得到，使用者将已分配的2点魔力属性还原为潜能点。","重置角色潜能","4","161506","使用方法：点击使用","","","3","48","","","0","","","","","","","","","","","","","","","1","30","","","","","","","0","0","0","0","0","0"
"331002","294","人参果•金","ff6ddcf6","4","1201","个","0","1","7012","true","1","1","0","0","0","0","0","false","false","false","0","0","1","1","999","0","0","5000000","听说镇元大仙的后院才有这种水果，只有神仙吃得到，使用者将已分配的2点力量属性还原为潜能点。","重置角色潜能","4","161506","使用方法：点击使用","","","3","48","","","0","","","","","","","","","","","","","","","1","30","","","","","","","0","0","0","0","0","0"
"331003","294","人参果•土","ff6ddcf6","4","1212","个","0","1","7012","true","1","1","0","0","0","0","0","false","false","false","0","0","1","1","999","0","0","5000000","听说镇元大仙的后院才有这种水果，只有神仙吃得到，使用者将已分配的2点耐力属性还原为潜能点。","重置角色潜能","4","161506","使用方法：点击使用","","","3","48","","","0","","","","","","","","","","","","","","","1","30","","","","","","","0","0","0","0","0","0"
"331004","294","人参果•水","ff6ddcf6","4","1205","个","0","1","7012","true","1","1","0","0","0","0","0","false","false","false","0","0","1","1","999","0","0","5000000","听说镇元大仙的后院才有这种水果，只有神仙吃得到，使用者将已分配的2点敏捷属性还原为潜能点。","重置角色潜能","4","161506","使用方法：点击使用","","","3","48","","","0","","","","","","","","","","","","","","","1","30","","","","","","","0","0","0","0","0","0"
"331005","294","千年人参果","ff6ddcf6","4","1196","个","0","1","7011","true","0","0","0","0","0","0","0","false","false","false","0","0","1","1","999","0","0","5000000","听说镇元大仙的后院才有这种水果，只有神仙吃得到，使用者将所有已分配的属性还原为潜能点。","重置角色潜能","4","161506","使用方法：点击使用","","","3","48","","","0","","","","","","","","","","","","","","","1","","","","","","","","0","0","0","0","0","0"
"400158","598","百年蟠桃•木","FF00b1ff","3","2286","个","0","1","7012","TRUE","0","0","0","0","0","0","0","FALSE","FALSE","FALSE","0","0","1","1","9999","0","0","0","百年蟠桃吃完激活潜能，增加1点体质属性点。","增加角色体质","4","161506","使用方法：点击使用","","","0","48","","","0","","","","","4","","","","","","","","","","","","","","","","","","0","0","0","0","0","0"
"400159","598","百年蟠桃•火","FF00b1ff","3","2293","个","0","1","7012","TRUE","0","0","0","0","0","0","0","FALSE","FALSE","FALSE","0","0","1","1","9999","0","0","0","百年蟠桃吃完激活潜能，增加1点智力属性点。","增加角色智力","4","161506","使用方法：点击使用","","","0","48","","","0","","","","","4","","","","","","","","","","","","","","","","","","0","0","0","0","0","0"
"400160","598","百年蟠桃•金","FF00b1ff","3","2285","个","0","1","7012","TRUE","0","0","0","0","0","0","0","FALSE","FALSE","FALSE","0","0","1","1","9999","0","0","0","百年蟠桃吃完激活潜能，增加1点力量属性点。","增加角色力量","4","161506","使用方法：点击使用","","","0","48","","","0","","","","","4","","","","","","","","","","","","","","","","","","0","0","0","0","0","0"
"400161","598","百年蟠桃•土","FF00b1ff","3","2291","个","0","1","7012","TRUE","0","0","0","0","0","0","0","FALSE","FALSE","FALSE","0","0","1","1","9999","0","0","0","百年蟠桃吃完激活潜能，增加1点耐力属性点。","增加角色耐力","4","161506","使用方法：点击使用","","","0","48","","","0","","","","","4","","","","","","","","","","","","","","","","","","0","0","0","0","0","0"
"400162","598","百年蟠桃•水","FF00b1ff","3","2295","个","0","1","7012","TRUE","0","0","0","0","0","0","0","FALSE","FALSE","FALSE","0","0","1","1","9999","0","0","0","百年蟠桃吃完激活潜能，增加1点敏捷属性点。","增加角色敏捷","4","161506","使用方法：点击使用","","","0","48","","","0","","","","","4","","","","","","","","","","","","","","","","","","0","0","0","0","0","0"
"400163","598","千年蟠桃","FFff46f0","4","2400","个","0","1","7011","TRUE","0","0","0","0","0","0","0","FALSE","FALSE","FALSE","0","0","1","1","9999","0","0","0","千年蟠桃吃完激活天能，增加各属性1点。","增加角色全属性","4","161506","使用方法：点击使用","","","0","48","","","0","","","","","4","","","","","","","","","","1","","","","","","","","0","0","0","0","0","0"
"400164","598","万年蟠桃","FFff46f0","4","2398","个","0","1","7011","TRUE","0","0","0","0","0","0","0","FALSE","FALSE","FALSE","0","0","1","1","9999","0","0","0","万年蟠桃吃完激活天能，增加各属性100点。","增加角色全属性","4","161506","使用方法：点击使用","","","0","48","","","0","","","","","4","","","","","","","","","","1","","","","","","","","0","0","0","0","0","0"
"400165","598","蚩尤金丹*金","FF00b1ff","3","3196","个","0","1","7012","TRUE","0","0","0","0","0","0","0","FALSE","FALSE","FALSE","0","0","1","1","9999","0","0","0","蚩尤金丹吃完激活潜能，增加1000点体质属性点。","增加角色体质","4","161506","使用方法：点击使用","","","0","48","","","0","","","","","4","","","","","","","","","","","","","","","","","","0","0","0","0","0","0"
"400166","598","蚩尤金丹*木","FF00b1ff","3","3196","个","0","1","7012","TRUE","0","0","0","0","0","0","0","FALSE","FALSE","FALSE","0","0","1","1","9999","0","0","0","蚩尤金丹吃完激活潜能，增加1000点智力属性点。","增加角色智力","4","161506","使用方法：点击使用","","","0","48","","","0","","","","","4","","","","","","","","","","","","","","","","","","0","0","0","0","0","0"
"400167","598","蚩尤金丹*水","FF00b1ff","3","3196","个","0","1","7012","TRUE","0","0","0","0","0","0","0","FALSE","FALSE","FALSE","0","0","1","1","9999","0","0","0","蚩尤金丹吃完激活潜能，增加1000点力量属性点。","增加角色力量","4","161506","使用方法：点击使用","","","0","48","","","0","","","","","4","","","","","","","","","","","","","","","","","","0","0","0","0","0","0"
"400168","598","蚩尤金丹*火","FF00b1ff","3","3196","个","0","1","7012","TRUE","0","0","0","0","0","0","0","FALSE","FALSE","FALSE","0","0","1","1","9999","0","0","0","蚩尤金丹吃完激活潜能，增加1000点耐力属性点。","增加角色耐力","4","161506","使用方法：点击使用","","","0","48","","","0","","","","","4","","","","","","","","","","","","","","","","","","0","0","0","0","0","0"
"400169","598","蚩尤金丹*土","FF00b1ff","3","3196","个","0","1","7012","TRUE","0","0","0","0","0","0","0","FALSE","FALSE","FALSE","0","0","1","1","9999","0","0","0","蚩尤金丹吃完激活潜能，增加1000点敏捷属性点。","增加角色敏捷","4","161506","使用方法：点击使用","","","0","48","","","0","","","","","4","","","","","","","","","","","","","","","","","","0","0","0","0","0","0"
"400170","598","自在天魔赤丹*金","FF00b1ff","3","3192","个","0","1","7012","TRUE","0","0","0","0","0","0","0","FALSE","FALSE","FALSE","0","0","1","1","9999","0","0","0","自在天魔赤丹吃完激活潜能，增加500点体质属性点。","增加角色体质","4","161506","使用方法：点击使用","","","0","48","","","0","","","","","4","","","","","","","","","","","","","","","","","","0","0","0","0","0","0"
"400171","598","自在天魔赤丹*木","FF00b1ff","3","3192","个","0","1","7012","TRUE","0","0","0","0","0","0","0","FALSE","FALSE","FALSE","0","0","1","1","9999","0","0","0","自在天魔赤丹吃完激活潜能，增加500点智力属性点。","增加角色智力","4","161506","使用方法：点击使用","","","0","48","","","0","","","","","4","","","","","","","","","","","","","","","","","","0","0","0","0","0","0"
"400172","598","自在天魔赤丹*水","FF00b1ff","3","3192","个","0","1","7012","TRUE","0","0","0","0","0","0","0","FALSE","FALSE","FALSE","0","0","1","1","9999","0","0","0","自在天魔赤丹吃完激活潜能，增加500点力量属性点。","增加角色力量","4","161506","使用方法：点击使用","","","0","48","","","0","","","","","4","","","","","","","","","","","","","","","","","","0","0","0","0","0","0"
"400173","598","自在天魔赤丹*火","FF00b1ff","3","3192","个","0","1","7012","TRUE","0","0","0","0","0","0","0","FALSE","FALSE","FALSE","0","0","1","1","9999","0","0","0","自在天魔赤丹吃完激活潜能，增加500点耐力属性点。","增加角色耐力","4","161506","使用方法：点击使用","","","0","48","","","0","","","","","4","","","","","","","","","","","","","","","","","","0","0","0","0","0","0"
"400174","598","自在天魔赤丹*土","FF00b1ff","3","3192","个","0","1","7012","TRUE","0","0","0","0","0","0","0","FALSE","FALSE","FALSE","0","0","1","1","9999","0","0","0","自在天魔赤丹吃完激活潜能，增加500点敏捷属性点。","增加角色敏捷","4","161506","使用方法：点击使用","","","0","48","","","0","","","","","4","","","","","","","","","","","","","","","","","","0","0","0","0","0","0"
"111114","96","下面是临时符：编号4","ff6ddcf6","4","1158","个","0","90","5500","true","0","0","0","0","0","0","0","false","false","false","0","0","1","1","999","0","0","5000000","大量的金钱。","金钱","","0","使用方法：直接获得金钱","","","0","","","","0","","","","","","","","","","","","","","","1","","","","","","","","0","0","0","0","0","0"
"331201","358","临时符","ff6ddcf6","4","1697","张","150","1","7023","true","1","1","0","0","0","0","0","false","false","false","0","0","1","1","1","0","0","5000000","神奇的符咒，可以给特定部位的装备附加临时属性，效果持续12小时。","<T t=""给衣服附加临时$parameter1$-$parameter2$气血"" c=""ff00ff00""></T>","3","161506","使用方法：点击使用","","","0","","","","0","","","","1","","","","","","","","","","","1","30","","气血符","","","","","0","0","0","0","0","0"
"331202","358","临时符","ff6ddcf6","4","1693","张","150","1","7023","true","1","1","0","0","0","0","0","false","false","false","0","0","1","1","1","0","0","5000000","神奇的符咒，可以给特定部位的装备附加临时属性，效果持续12小时。","<T t=""给武器附加临时$parameter1$-$parameter2$物理伤害"" c=""ff00ff00""></T>","3","161506","使用方法：点击使用","","","0","","","","0","","","","2","","","","","","","","","","","1","30","","物理伤害符","","","","","0","0","0","0","0","0"
"331203","358","临时符","ff6ddcf6","4","1691","张","150","1","7023","true","1","1","0","0","0","0","0","false","false","false","0","0","1","1","1","0","0","5000000","神奇的符咒，可以给特定部位的装备附加临时属性，效果持续12小时。","<T t=""给项链附加临时$parameter1$-$parameter2$法术伤害"" c=""ff00ff00""></T>","3","161506","使用方法：点击使用","","","0","","","","0","","","","3","","","","","","","","","","","1","30","","法术伤害符","","","","","0","0","0","0","0","0"
"331204","358","临时符","ff6ddcf6","4","1695","张","150","1","7023","true","1","1","0","0","0","0","0","false","false","false","0","0","1","1","1","0","0","5000000","神奇的符咒，可以给特定部位的装备附加临时属性，效果持续12小时。","<T t=""给头盔附加临时$parameter1$-$parameter2$物理防御"" c=""ff00ff00""></T>","3","161506","使用方法：点击使用","","","0","","","","0","","","","4","","","","","","","","","","","1","30","","物理防御符","","","","","0","0","0","0","0","0"
"331205","358","临时符","ff6ddcf6","4","1696","张","150","1","7023","true","1","1","0","0","0","0","0","false","false","false","0","0","1","1","1","0","0","5000000","神奇的符咒，可以给特定部位的装备附加临时属性，效果持续12小时。","<T t=""给鞋子附加临时$parameter1$-$parameter2$法术防御"" c=""ff00ff00""></T>","3","161506","使用方法：点击使用","","","0","","","","0","","","","5","","","","","","","","","","","1","30","","法术防御符","","","","","0","0","0","0","0","0"
"331206","358","临时符","ff6ddcf6","4","1690","张","150","1","7023","true","1","1","0","0","0","0","0","false","false","false","0","0","1","1","1","0","0","5000000","神奇的符咒，可以给特定部位的装备附加临时属性，效果持续12小时。","<T t=""给腰带附加临时$parameter1$-$parameter2$愤怒"" c=""ff00ff00""></T>","3","161506","使用方法：点击使用","","","0","","","","0","","","","6","","","","","","","","","","","1","30","","愤怒符","","","","","0","0","0","0","0","0"
"331207","358","临时符","ff6ddcf6","4","1694","张","150","1","7023","true","1","1","0","0","0","0","0","false","false","false","0","0","1","1","1","0","0","5000000","神奇的符咒，可以给特定部位的装备附加临时属性，效果持续12小时。","<T t=""给武器附加临时$parameter1$-$parameter2$治疗强度"" c=""ff00ff00""></T>","3","161506","使用方法：点击使用","","","0","","","","0","","","","7","","","","","","","","","","","1","30","","治疗强度符","","","","","0","0","0","0","0","0"
"331208","358","临时符","ff6ddcf6","4","1689","张","150","1","7023","true","1","1","0","0","0","0","0","false","false","false","0","0","1","1","1","0","0","5000000","神奇的符咒，可以给特定部位的装备附加临时属性，效果持续12小时。","<T t=""给衣服附加临时$parameter1$-$parameter2$封印命中"" c=""ff00ff00""></T>","3","161506","使用方法：点击使用","","","0","","","","0","","","","8","","","","","","","","","","","1","30","","封印命中符","","","","","0","0","0","0","0","0"
"331209","358","临时符","ff6ddcf6","4","1692","张","150","1","7023","true","1","1","0","0","0","0","0","false","false","false","0","0","1","1","1","0","0","5000000","神奇的符咒，可以给特定部位的装备附加临时属性，效果持续12小时。","<T t=""给鞋子附加临时$parameter1$-$parameter2$速度"" c=""ff00ff00""></T>","3","161506","使用方法：点击使用","","","0","","","","0","","","","9","","","","","","","","","","","1","30","","速度符","","","","","0","0","0","0","0","0"
"111115","96","下面是五宝/藏宝图：编号5","ff6ddcf6","4","1158","个","0","90","5500","true","0","0","0","0","0","0","0","false","false","false","0","0","1","1","999","0","0","5000000","大量的金钱。","金钱","","0","使用方法：直接获得金钱","","","0","","","","0","","","","","","","","","","","","","","","1","","","","","","","","0","0","0","0","0","0"
"331350","374","金刚石","ff6ddcf6","4","1179","个","0","1","7024","true","1","1","0","0","0","0","0","false","false","false","0","0","1","1","99999","0","0","5000000","最坚硬美丽的石头，传说中的五宝之一。集齐五宝获得高级藏宝图。","藏宝图合成材料","4","0","使用方法：高级藏宝图合成中使用","","","1","161510","","","0","","","","","","","","","","","","","","","1","30","","","","","","","0","0","0","0","0","0"
"331351","374","定魂珠","ff6ddcf6","4","1191","个","0","1","7024","true","1","1","0","0","0","0","0","false","false","false","0","0","1","1","99999","0","0","5000000","可以用来寻找散失在人间的鬼混的奇妙宝珠，是传说中的五宝之一。集齐五宝获得高级藏宝图。","藏宝图合成材料","4","0","使用方法：高级藏宝图合成中使用","","","1","161510","","","0","","","","","","","","","","","","","","","1","30","","","","","","","0","0","0","0","0","0"
"331352","374","避水珠","ff6ddcf6","4","1189","个","0","1","7025","true","1","1","0","0","0","0","1137","false","false","false","0","0","1","1","99999","0","0","5000000","用这件宝物，不熟水性之人也可以去到深海底，传说中的五宝之一。集齐五宝获得高级藏宝图。","藏宝图合成材料","4","0","使用方法：高级藏宝图合成中使用","","","1","161510","","","0","","","","","","","","","","","","","","","1","30","","","","","","","0","0","0","0","0","0"
"331353","374","夜光珠","ff6ddcf6","4","1181","个","0","1","7025","true","1","1","0","0","0","0","1138","false","false","false","0","0","1","1","99999","0","0","5000000","能够在夜里发光的明珠，传说中的五宝之一。集齐五宝获得高级藏宝图。","藏宝图合成材料","4","0","使用方法：高级藏宝图合成中使用","","","1","161510","","","0","","","","","","","","","","","","","","","1","30","","","","","","","0","0","0","0","0","0"
"331354","374","龙鳞","ff6ddcf6","4","1184","个","0","1","7025","true","1","1","0","0","0","0","1139","false","false","false","0","0","1","1","99999","0","0","5000000","龙珠下颚的鳞，愤怒和威力的象征，传说中的五宝之一。集齐五宝获得高级藏宝图。","藏宝图合成材料","4","0","使用方法：高级藏宝图合成中使用","","","1","161510","","","0","","","","","","","","","","","","","","","1","30","","","","","","","0","0","0","0","0","0"
"331300","118","藏宝图","ff6ddcf6","4","1253","张","0","25","7081","true","0","0","0","0","0","0","0","false","false","false","0","0","1","1","1","0","0","5000000","普通藏宝图，能帮助挖宝的人找到埋藏宝藏的地点。","挖宝挖宝","","0","使用方法:在寻宝界面直接使用","","","4","","","","0","","","","","","","","","","","","","","","1","7","","","","","","","0","0","0","0","0","0"
"331301","198","高级藏宝图","ff6ddcf6","4","1180","张","0","25","7080","true","0","0","0","0","0","0","0","false","false","false","0","0","1","1","1","0","0","5000000","高级藏宝图，能帮助挖宝的人找到埋藏稀世珍宝的地点。","挖宝挖宝","","0","使用方法:在寻宝界面直接使用","","","4","","","","0","","","","","","","","","","","","","","","1","7","","","","","","","0","0","0","0","0","0"
"331302","4262","高级藏宝图","ff6ddcf6","4","1180","张","0","25","7081","true","0","0","0","0","0","0","0","false","false","false","0","0","1","1","1","0","0","5000000","高级藏宝图，打开获得28888金币和奇珍异宝。","挖宝挖宝","","0","使用方法:在寻宝界面直接使用","宝图","","","","","","0","","","","","","","","","","","","","","","1","7","","","","","","","0","0","0","0","0","0"
"777777","96","下面是五宝/坐骑：编号坐骑","ff6ddcf6","4","1158","个","0","90","5500","true","0","0","0","0","0","0","0","false","false","false","0","0","1","1","999","0","0","5000000","大量的金钱。","金钱","","0","使用方法：直接获得金钱","","","0","","","","0","","","","","","","","","","","","","","","1","","","","","","","","0","0","0","0","0","0"
"331401","390","可爱云","FFff46f0","4","2066","匹","1","1","7060","true","0","1","0","0","0","0","0","false","false","false","0","0","1","1","1","0","60","1000","乘坐获得：25点物理伤害 20点法术伤害","坐骑","","0","使用方法：点击乘骑","坐骑","","","","","","0","","","","","","","","","","","","","","1","1","30","","Lv.1","","","","","","","","","",""
"331402","390","流沙葫","FFff46f0","4","2007","匹","1","1","7060","true","0","1","0","0","0","0","0","false","false","false","0","0","1","1","1","0","60","1000","乘坐获得：25点物理伤害 20点法术伤害","坐骑","","0","使用方法：点击乘骑","坐骑","","","","","","0","","","","","","","","","","","","","","1","1","30","","Lv.1","","","","","","","","","",""
"331403","390","丹须虾","FFff46f0","4","2078","匹","1","1","7060","true","0","1","0","0","0","0","0","false","false","false","0","0","1","1","1","0","60","1000","乘坐获得：25点物理伤害 20点法术伤害","坐骑","","0","使用方法：点击乘骑","坐骑","","","","","","0","","","","","","","","","","","","","","1","1","30","","Lv.1","","","","","","","","","",""
"331404","390","望月吼","FFff46f0","4","2073","匹","1","1","7060","true","0","1","0","0","0","0","0","false","false","false","0","0","1","1","1","0","60","1000","乘坐获得：25点物理伤害 20点法术伤害","坐骑","","0","使用方法：点击乘骑","坐骑","","","","","","0","","","","","","","","","","","","","","1","1","30","","Lv.1","","","","","","","","","",""
"331405","390","龙羽枭","FFff46f0","4","2079","匹","1","1","7060","true","0","1","0","0","0","0","0","false","false","false","0","0","1","1","1","0","60","1000","乘坐获得：25点物理伤害 20点法术伤害","坐骑","","0","使用方法：点击乘骑","坐骑","","","","","","0","","","","","","","","","","","","","","1","1","30","","Lv.1","","","","","","","","","",""
"331406","390","四不像","FFff46f0","4","2082","匹","1","1","7060","true","0","1","0","0","0","0","0","false","false","false","0","0","1","1","1","0","60","1000","乘坐获得：25点物理伤害 20点物理防御","坐骑","","0","使用方法：点击乘骑","坐骑","","","","","","0","","","","","","","","","","","","","","1","1","30","","Lv.1","","","","","","","","","",""
"331407","390","灵月驼","FFff46f0","4","2087","匹","1","1","7060","true","0","1","0","0","0","0","0","false","false","false","0","0","1","1","1","0","60","1000","乘坐获得：25点物理伤害 20点物理防御","坐骑","","0","使用方法：点击乘骑","坐骑","","","","","","0","","","","","","","","","","","","","","1","1","30","","Lv.1","","","","","","","","","",""
"331408","390","岩溶牛","FFff46f0","4","2074","匹","1","1","7060","true","0","1","0","0","0","0","0","false","false","false","0","0","1","1","1","0","60","1000","乘坐获得：25点物理伤害 20点物理防御","坐骑","","0","使用方法：点击乘骑","坐骑","","","","","","0","","","","","","","","","","","","","","1","1","30","","Lv.1","","","","","","","","","",""
"331409","390","蝶语莺","FFff46f0","4","2085","匹","1","1","7060","true","0","1","0","0","0","0","0","false","false","false","0","0","1","1","1","0","60","1000","乘坐获得：25点物理伤害 20点物理防御","坐骑","","0","使用方法：点击乘骑","坐骑","","","","","","0","","","","","","","","","","","","","","1","1","30","","Lv.1","","","","","","","","","",""
"331410","390","龙灵猫","FFff46f0","4","2081","匹","1","1","7060","true","0","1","0","0","0","0","0","false","false","false","0","0","1","1","1","0","60","1000","乘坐获得：25点物理伤害 20点物理防御","坐骑","","0","使用方法：点击乘骑","坐骑","","","","","","0","","","","","","","","","","","","","","1","1","30","","Lv.1","","","","","","","","","",""
"331411","390","冰晶虎","FFff46f0","4","2083","匹","1","1","7060","true","0","1","0","0","0","0","0","false","false","false","0","0","1","1","1","0","60","1000","乘坐获得：25点物理伤害 20点法术防御","坐骑","","0","使用方法：点击乘骑","坐骑","","","","","","0","","","","","","","","","","","","","","1","1","30","","Lv.1","","","","","","","","","",""
"331412","390","羊咩咩","FFff46f0","4","1981","匹","1","1","7060","true","0","1","0","0","0","0","0","false","false","false","0","0","1","1","1","0","60","1000","乘坐获得：25点物理伤害 20点法术防御","坐骑","","0","使用方法：点击乘骑","坐骑","","","","","","0","","","","","","","","","","","","","","1","1","30","","Lv.1","","","","","","","","","",""
"331413","390","金玉鲤","FFff46f0","4","2000","匹","1","1","7060","true","0","1","0","0","0","0","0","false","false","false","0","0","1","1","1","0","60","1000","乘坐获得：25点物理伤害 20点法术防御","坐骑","","0","使用方法：点击乘骑","坐骑","","","","","","0","","","","","","","","","","","","","","1","1","30","","Lv.1","","","","","","","","","",""
"331414","390","竹团团","FFff46f0","4","2041","匹","1","1","7060","true","0","1","0","0","0","0","0","false","false","false","0","0","1","1","1","0","60","1000","乘坐获得：25点物理伤害 20点法术防御","坐骑","","0","使用方法：点击乘骑","坐骑","","","","","","0","","","","","","","","","","","","","","1","1","30","","Lv.1","","","","","","","","","",""
"331415","390","九霄鹏","FFff46f0","4","1675","匹","1","1","7060","true","0","1","0","0","0","0","0","false","false","false","0","0","1","1","1","0","60","1000","乘坐获得：25点物理伤害 20点法术防御","坐骑","","0","使用方法：点击乘骑","坐骑","","","","","","0","","","","","","","","","","","","","","1","1","30","","Lv.1","","","","","","","","","",""
"331416","390","比翼飞","FFff46f0","4","2044","匹","1","1","7060","true","0","1","0","0","0","0","0","false","false","false","0","0","1","1","1","0","60","1000","乘坐获得：20点法术伤害 20点物理防御","坐骑","","0","使用方法：点击乘骑","坐骑","","","","","","0","","","","","","","","","","","","","","1","1","30","","Lv.1","","","","","","","","","",""
"331417","390","开明兽","FFff46f0","4","2028","匹","1","1","7060","true","0","1","0","0","0","0","0","false","false","false","0","0","1","1","1","0","60","1000","乘坐获得：20点法术伤害 20点物理防御","坐骑","","0","使用方法：点击乘骑","坐骑","","","","","","0","","","","","","","","","","","","","","1","1","30","","Lv.1","","","","","","","","","",""
"331418","390","吉庆兽","FFff46f0","4","2054","匹","1","1","7060","true","0","1","0","0","0","0","0","false","false","false","0","0","1","1","1","0","60","1000","乘坐获得：20点法术伤害 20点物理防御","坐骑","","0","使用方法：点击乘骑","坐骑","","","","","","0","","","","","","","","","","","","","","1","1","30","","Lv.1","","","","","","","","","",""
"331419","390","炎爆龙","FFff46f0","4","2031","匹","1","1","7060","true","0","1","0","0","0","0","0","false","false","false","0","0","1","1","1","0","60","1000","乘坐获得：20点法术伤害 20点物理防御","坐骑","","0","使用方法：点击乘骑","坐骑","","","","","","0","","","","","","","","","","","","","","1","1","30","","Lv.1","","","","","","","","","",""
"331420","390","天地棋局","FFff46f0","4","30416","匹","1","1","7060","true","0","1","0","0","0","0","0","false","false","false","0","0","1","1","1","0","60","1000","乘坐获得：20点法术伤害 20点物理防御","坐骑","","0","使用方法：点击乘骑","坐骑","","","","","","0","","","","","","","","","","","","","","1","1","30","","Lv.1","","","","","","","","","",""
"331421","390","童话书·日","FFff46f0","4","30360","匹","1","1","7060","true","0","1","0","0","0","0","0","false","false","false","0","0","1","1","1","0","60","1000","乘坐获得：20点法术伤害 20点法术防御","坐骑","","0","使用方法：点击乘骑","坐骑","","","","","","0","","","","","","","","","","","","","","1","1","30","","Lv.1","","","","","","","","","",""
"331422","390","童话书·夜","FFff46f0","4","30361","匹","1","1","7060","true","0","1","0","0","0","0","0","false","false","false","0","0","1","1","1","0","60","1000","乘坐获得：20点法术伤害 20点法术防御","坐骑","","0","使用方法：点击乘骑","坐骑","","","","","","0","","","","","","","","","","","","","","1","1","30","","Lv.1","","","","","","","","","",""
"331423","390","一路发","FFff46f0","4","30365","匹","1","1","7060","true","0","1","0","0","0","0","0","false","false","false","0","0","1","1","1","0","60","1000","乘坐获得：20点法术伤害 20点法术防御","坐骑","","0","使用方法：点击乘骑","坐骑","","","","","","0","","","","","","","","","","","","","","1","1","30","","Lv.1","","","","","","","","","",""
"331424","390","招财虎","FFff46f0","4","1687","匹","1","1","7060","true","0","1","0","0","0","0","0","false","false","false","0","0","1","1","1","0","60","1000","乘坐获得：20点法术伤害 20点法术防御","坐骑","","0","使用方法：点击乘骑","坐骑","","","","","","0","","","","","","","","","","","","","","1","1","30","","Lv.1","","","","","","","","","",""
"331425","390","琉璃雪","FFff46f0","4","30339","匹","1","1","7060","true","0","1","0","0","0","0","0","false","false","false","0","0","1","1","1","0","60","1000","乘坐获得：20点法术伤害 20点法术防御","坐骑","","0","使用方法：点击乘骑","坐骑","","","","","","0","","","","","","","","","","","","","","1","1","30","","Lv.1","","","","","","","","","",""
"331426","390","雷电","FFff46f0","4","30337","匹","1","1","7060","true","0","1","0","0","0","0","0","false","false","false","0","0","1","1","1","0","60","1000","乘坐获得：20点物理防御 20点法术防御","坐骑","","0","使用方法：点击乘骑","坐骑","","","","","","0","","","","","","","","","","","","","","1","1","30","","Lv.1","","","","","","","","","",""
"331427","390","仙人掌","FFff46f0","4","2067","匹","1","1","7060","true","0","1","0","0","0","0","0","false","false","false","0","0","1","1","1","0","60","1000","乘坐获得：20点物理防御 20点法术防御","坐骑","","0","使用方法：点击乘骑","坐骑","","","","","","0","","","","","","","","","","","","","","1","1","30","","Lv.1","","","","","","","","","",""
"331428","390","好梦云","FFff46f0","4","2107","匹","1","1","7060","true","0","1","0","0","0","0","0","false","false","false","0","0","1","1","1","0","60","1000","乘坐获得：20点物理防御 20点法术防御","坐骑","","0","使用方法：点击乘骑","坐骑","","","","","","0","","","","","","","","","","","","","","1","1","30","","Lv.1","","","","","","","","","",""
"331429","390","睡梦云","FFff46f0","4","2113","匹","1","1","7060","true","0","1","0","0","0","0","0","false","false","false","0","0","1","1","1","0","60","1000","乘坐获得：20点物理防御 20点法术防御","坐骑","","0","使用方法：点击乘骑","坐骑","","","","","","0","","","","","","","","","","","","","","1","1","30","","Lv.1","","","","","","","","","",""
"331430","390","丰雪嘟嘟","FFff46f0","4","2047","匹","1","1","7060","true","0","1","0","0","0","0","0","false","false","false","0","0","1","1","1","0","60","1000","乘坐获得：20点物理防御 20点法术防御","坐骑","","0","使用方法：点击乘骑","坐骑","","","","","","0","","","","","","","","","","","","","","1","1","30","","Lv.1","","","","","","","","","",""
"331431","390","北冥鲲（篮）","FFff46f0","4","1982","匹","1","1","7060","true","0","1","0","0","0","0","0","false","false","false","0","0","1","1","1","0","60","1000","乘坐获得： 200点气血 15点速度","坐骑","","0","使用方法：点击乘骑","坐骑","","","","","","0","","","","","","","","","","","","","","1","1","30","","Lv.1","","","","","","","","","",""
"331432","390","冰晶鹿","FFff46f0","4","1983","匹","1","1","7060","true","0","1","0","0","0","0","0","false","false","false","0","0","1","1","1","0","60","1000","乘坐获得： 200点气血 15点速度","坐骑","","0","使用方法：点击乘骑","坐骑","","","","","","0","","","","","","","","","","","","","","1","1","30","","Lv.1","","","","","","","","","",""
"331433","390","猛犸象","FFff46f0","4","2004","匹","1","1","7060","true","0","1","0","0","0","0","0","false","false","false","0","0","1","1","1","0","60","1000","乘坐获得： 200点气血 15点速度","坐骑","","0","使用方法：点击乘骑","坐骑","","","","","","0","","","","","","","","","","","","","","1","1","30","","Lv.1","","","","","","","","","",""
"331434","390","蓝瞳兔","FFff46f0","4","2003","匹","1","1","7060","true","0","1","0","0","0","0","0","false","false","false","0","0","1","1","1","0","60","1000","乘坐获得： 200点气血 15点速度","坐骑","","0","使用方法：点击乘骑","坐骑","","","","","","0","","","","","","","","","","","","","","1","1","30","","Lv.1","","","","","","","","","",""
"331435","390","雪嘟嘟","FFff46f0","4","2026","匹","1","1","7060","true","0","1","0","0","0","0","0","false","false","false","0","0","1","1","1","0","60","1000","乘坐获得： 200点气血 15点速度","坐骑","","0","使用方法：点击乘骑","坐骑","","","","","","0","","","","","","","","","","","","","","1","1","30","","Lv.1","","","","","","","","","",""
"331436","390","小锦鲤","FFff46f0","4","2001","匹","1","1","7060","true","0","1","0","0","0","0","0","false","false","false","0","0","1","1","1","0","60","1000","乘坐获得：20点物理防御 15点速度","坐骑","","0","使用方法：点击乘骑","坐骑","","","","","","0","","","","","","","","","","","","","","1","1","30","","Lv.1","","","","","","","","","",""
"331437","390","琉璃雪","FFff46f0","4","2008","匹","1","1","7060","true","0","1","0","0","0","0","0","false","false","false","0","0","1","1","1","0","60","1000","乘坐获得：20点物理防御 15点速度","坐骑","","0","使用方法：点击乘骑","坐骑","","","","","","0","","","","","","","","","","","","","","1","1","30","","Lv.1","","","","","","","","","",""
"331438","390","超人小柴","FFff46f0","4","1679","匹","1","1","7060","true","0","1","0","0","0","0","0","false","false","false","0","0","1","1","1","0","60","1000","乘坐获得：20点物理防御 15点速度","坐骑","","0","使用方法：点击乘骑","坐骑","","","","","","0","","","","","","","","","","","","","","1","1","30","","Lv.1","","","","","","","","","",""
"331439","390","雪绒鸭","FFff46f0","4","2076","匹","1","1","7060","true","0","1","0","0","0","0","0","false","false","false","0","0","1","1","1","0","60","1000","乘坐获得： 20法术防御 15点速度","坐骑","","0","使用方法：点击乘骑","坐骑","","","","","","0","","","","","","","","","","","","","","1","1","30","","Lv.1","","","","","","","","","",""
"331440","390","暖绒熊","FFff46f0","4","1947","匹","1","1","7060","true","0","1","0","0","0","0","0","false","false","false","0","0","1","1","1","0","60","1000","乘坐获得： 20法术防御 15点速度","坐骑","","0","使用方法：点击乘骑","坐骑","","","","","","0","","","","","","","","","","","","","","1","1","30","","Lv.1","","","","","","","","","",""
"331441","390","雪云狮","FFff46f0","4","2029","匹","1","1","7060","true","0","1","0","0","0","0","0","false","false","false","0","0","1","1","1","0","60","1000","雪云狮","坐骑商城","","0","使用方法：点击乘骑","坐骑","","","","","","0","","","","","","","","","","","","","","1","1","30","","Lv.1","","","","","","","","","",""
"331442","390","天元狮","FFff46f0","4","1686","匹","1","1","7060","true","0","1","0","0","0","0","0","false","false","false","0","0","1","1","1","0","60","1000","天元狮","坐骑抽奖","","0","使用方法：点击乘骑","坐骑","","","","","","0","","","","","","","","","","","","","","1","1","30","","Lv.1","","","","","","","","","",""
"331443","390","玄天虎","FFff46f0","4","1921","匹","1","1","7060","true","0","1","0","0","0","0","0","false","false","false","0","0","1","1","1","0","60","1000","玄天虎","坐骑商城","","0","使用方法：点击乘骑","坐骑","","","","","","0","","","","","","","","","","","","","","1","1","30","","Lv.1","","","","","","","","","",""
"331444","390","冥翼虎","FFff46f0","4","30417","匹","1","1","7060","true","0","1","0","0","0","0","0","false","false","false","0","0","1","1","1","0","60","1000","冥翼虎","坐骑抽奖","","0","使用方法：点击乘骑","坐骑","","","","","","0","","","","","","","","","","","","","","1","1","30","","Lv.1","","","","","","","","","",""
"331445","390","炎翼虎","FFff46f0","4","30418","匹","1","1","7060","true","0","1","0","0","0","0","0","false","false","false","0","0","1","1","1","0","60","1000","炎翼虎","坐骑抽奖","","0","使用方法：点击乘骑","坐骑","","","","","","0","","","","","","","","","","","","","","1","1","30","","Lv.1","","","","","","","","","",""
"331446","390","冰翔虎","FFff46f0","4","2048","匹","1","1","7060","true","0","1","0","0","0","0","0","false","false","false","0","0","1","1","1","0","60","1000","冰翔虎","坐骑商城","","0","使用方法：点击乘骑","坐骑","","","","","","0","","","","","","","","","","","","","","1","1","30","","Lv.1","","","","","","","","","",""
"331447","390","花猫","FFff46f0","4","1939","匹","1","1","7060","true","0","1","0","0","0","0","0","false","false","false","0","0","1","1","1","0","60","1000","花猫","坐骑商城","","0","使用方法：点击乘骑","坐骑","","","","","","0","","","","","","","","","","","","","","1","1","30","","Lv.1","","","","","","","","","",""
"331448","390","光猫","FFff46f0","4","1949","匹","1","1","7060","true","0","1","0","0","0","0","0","false","false","false","0","0","1","1","1","0","60","1000","光猫","坐骑商城","","0","使用方法：点击乘骑","坐骑","","","","","","0","","","","","","","","","","","","","","1","1","30","","Lv.1","","","","","","","","","",""
"331449","390","七彩毛驴","FFff46f0","4","1676","匹","1","1","7060","true","0","1","0","0","0","0","0","false","false","false","0","0","1","1","1","0","60","1000","七彩毛驴","坐骑抽奖","","0","使用方法：点击乘骑","坐骑","","","","","","0","","","","","","","","","","","","","","1","1","30","","Lv.1","","","","","","","","","",""
"331450","390","彩小驴","FFff46f0","4","2050","匹","1","1","7060","true","0","1","0","0","0","0","0","false","false","false","0","0","1","1","1","0","60","1000","彩小驴","坐骑抽奖","","0","使用方法：点击乘骑","坐骑","","","","","","0","","","","","","","","","","","","","","1","1","30","","Lv.1","","","","","","","","","",""
"331451","390","粉小驴","FFff46f0","4","2089","匹","1","1","7060","true","0","1","0","0","0","0","0","false","false","false","0","0","1","1","1","0","60","1000","粉小驴","坐骑抽奖","","0","使用方法：点击乘骑","坐骑","","","","","","0","","","","","","","","","","","","","","1","1","30","","Lv.1","","","","","","","","","",""
"331452","390","毛小驴","FFff46f0","4","2060","匹","1","1","7060","true","0","1","0","0","0","0","0","false","false","false","0","0","1","1","1","0","60","1000","毛小驴","坐骑抽奖","","0","使用方法：点击乘骑","坐骑","","","","","","0","","","","","","","","","","","","","","1","1","30","","Lv.1","","","","","","","","","",""
"331453","390","流星马","FFff46f0","4","1684","匹","1","1","7060","true","0","1","0","0","0","0","0","false","false","false","0","0","1","1","1","0","60","1000","流星马","坐骑抽奖","","0","使用方法：点击乘骑","坐骑","","","","","","0","","","","","","","","","","","","","","1","1","30","","Lv.1","","","","","","","","","",""
"331454","390","幽冥马","FFff46f0","4","1929","匹","1","1","7060","true","0","1","0","0","0","0","0","false","false","false","0","0","1","1","1","0","60","1000","幽冥马","坐骑商城","","0","使用方法：点击乘骑","坐骑","","","","","","0","","","","","","","","","","","","","","1","1","30","","Lv.1","","","","","","","","","",""
"331455","390","绝影马","FFff46f0","4","1932","匹","1","1","7060","true","0","1","0","0","0","0","0","false","false","false","0","0","1","1","1","0","60","1000","绝影马","坐骑商城","","0","使用方法：点击乘骑","坐骑","","","","","","0","","","","","","","","","","","","","","1","1","30","","Lv.1","","","","","","","","","",""
"331456","390","飞焰马","FFff46f0","4","1991","匹","1","1","7060","true","0","1","0","0","0","0","0","false","false","false","0","0","1","1","1","0","60","1000","飞焰马","坐骑抽奖","","0","使用方法：点击乘骑","坐骑","","","","","","0","","","","","","","","","","","","","","1","1","30","","Lv.1","","","","","","","","","",""
"331457","390","彩虹马","FFff46f0","4","1930","匹","1","1","7060","true","0","1","0","0","0","0","0","false","false","false","0","0","1","1","1","0","60","1000","彩虹马","坐骑商城","","0","使用方法：点击乘骑","坐骑","","","","","","0","","","","","","","","","","","","","","1","1","30","","Lv.1","","","","","","","","","",""
"331458","390","云龙马","FFff46f0","4","1673","匹","1","1","7060","true","0","1","0","0","0","0","0","false","false","false","0","0","1","1","1","0","60","1000","云龙马","坐骑抽奖","","0","使用方法：点击乘骑","坐骑","","","","","","0","","","","","","","","","","","","","","1","1","30","","Lv.1","","","","","","","","","",""
"331459","390","时空马","FFff46f0","4","1990","匹","1","1","7060","true","0","1","0","0","0","0","0","false","false","false","0","0","1","1","1","0","60","1000","时空马","坐骑商城","","0","使用方法：点击乘骑","坐骑","","","","","","0","","","","","","","","","","","","","","1","1","30","","Lv.1","","","","","","","","","",""
"331460","390","风灵马","FFff46f0","4","1959","匹","1","1","7060","true","0","1","0","0","0","0","0","false","false","false","0","0","1","1","1","0","60","1000","风灵马","坐骑商城","","0","使用方法：点击乘骑","坐骑","","","","","","0","","","","","","","","","","","","","","1","1","30","","Lv.1","","","","","","","","","",""
"331461","390","白龙马","FFff46f0","4","2038","匹","1","1","7060","true","0","1","0","0","0","0","0","false","false","false","0","0","1","1","1","0","60","1000","白龙马","坐骑商城","","0","使用方法：点击乘骑","坐骑","","","","","","0","","","","","","","","","","","","","","1","1","30","","Lv.1","","","","","","","","","",""
"331462","390","魔晶狼","FFff46f0","4","1931","匹","1","1","7060","true","0","1","0","0","0","0","0","false","false","false","0","0","1","1","1","0","60","1000","魔晶狼","坐骑商城","","0","使用方法：点击乘骑","坐骑","","","","","","0","","","","","","","","","","","","","","1","1","30","","Lv.1","","","","","","","","","",""
"331463","390","风怒麟","FFff46f0","4","1933","匹","1","1","7060","true","0","1","0","0","0","0","0","false","false","false","0","0","1","1","1","0","60","1000","风怒麟","坐骑商城","","0","使用方法：点击乘骑","坐骑","","","","","","0","","","","","","","","","","","","","","1","1","30","","Lv.1","","","","","","","","","",""
"331464","390","仙瑞麟","FFff46f0","4","1985","匹","1","1","7060","true","0","1","0","0","0","0","0","false","false","false","0","0","1","1","1","0","60","1000","仙瑞麟","坐骑商城","","0","使用方法：点击乘骑","坐骑","","","","","","0","","","","","","","","","","","","","","1","1","30","","Lv.1","","","","","","","","","",""
"331465","390","月影鹿","FFff46f0","4","1942","匹","1","1","7060","true","0","1","0","0","0","0","0","false","false","false","0","0","1","1","1","0","60","1000","月影鹿","坐骑商城","","0","使用方法：点击乘骑","坐骑","","","","","","0","","","","","","","","","","","","","","1","1","30","","Lv.1","","","","","","","","","",""
"331466","390","萌萌龙","FFff46f0","4","1937","匹","1","1","7060","true","0","1","0","0","0","0","0","false","false","false","0","0","1","1","1","0","60","1000","萌萌龙","坐骑商城","","0","使用方法：点击乘骑","坐骑","","","","","","0","","","","","","","","","","","","","","1","1","30","","Lv.1","","","","","","","","","",""
"331467","390","黑金豹","FFff46f0","4","1940","匹","1","1","7060","true","0","1","0","0","0","0","0","false","false","false","0","0","1","1","1","0","60","1000","暗影豹","坐骑抽奖","","0","使用方法：点击乘骑","坐骑","","","","","","0","","","","","","","","","","","","","","1","1","30","","Lv.1","","","","","","","","","",""
"331468","390","小阿狸","FFff46f0","4","1941","匹","1","1","7060","true","0","1","0","0","0","0","0","false","false","false","0","0","1","1","1","0","60","1000","小阿狸","坐骑商城","","0","使用方法：点击乘骑","坐骑","","","","","","0","","","","","","","","","","","","","","1","1","30","","Lv.1","","","","","","","","","",""
"331469","390","小柯","FFff46f0","4","1943","匹","1","1","7060","true","0","1","0","0","0","0","0","false","false","false","0","0","1","1","1","0","60","1000","小柯","坐骑商城","","0","使用方法：点击乘骑","坐骑","","","","","","0","","","","","","","","","","","","","","1","1","30","","Lv.1","","","","","","","","","",""
"331470","390","福猪猪","FFff46f0","4","1945","匹","1","1","7060","true","0","1","0","0","0","0","0","false","false","false","0","0","1","1","1","0","60","1000","福猪猪","坐骑商城","","0","使用方法：点击乘骑","坐骑","","","","","","0","","","","","","","","","","","","","","1","1","30","","Lv.1","","","","","","","","","",""
"331471","390","小鼬鼬","FFff46f0","4","1946","匹","1","1","7060","true","0","1","0","0","0","0","0","false","false","false","0","0","1","1","1","0","60","1000","小鼬鼬","坐骑商城","","0","使用方法：点击乘骑","坐骑","","","","","","0","","","","","","","","","","","","","","1","1","30","","Lv.1","","","","","","","","","",""
"331472","390","星云兽","FFff46f0","4","1948","匹","1","1","7060","true","0","1","0","0","0","0","0","false","false","false","0","0","1","1","1","0","60","1000","星云兽","坐骑商城","","0","使用方法：点击乘骑","坐骑","","","","","","0","","","","","","","","","","","","","","1","1","30","","Lv.1","","","","","","","","","",""
"331473","390","奶雷兔","FFff46f0","4","1950","匹","1","1","7060","true","0","1","0","0","0","0","0","false","false","false","0","0","1","1","1","0","60","1000","奶雷兔","坐骑商城","","0","使用方法：点击乘骑","坐骑","","","","","","0","","","","","","","","","","","","","","1","1","30","","Lv.1","","","","","","","","","",""
"331474","390","雪绒狐","FFff46f0","4","1955","匹","1","1","7060","true","0","1","0","0","0","0","0","false","false","false","0","0","1","1","1","0","60","1000","雪绒狐","坐骑商城","","0","使用方法：点击乘骑","坐骑","","","","","","0","","","","","","","","","","","","","","1","1","30","","Lv.1","","","","","","","","","",""
"331475","390","充偶虎","FFff46f0","4","2117","匹","1","1","7060","true","0","1","0","0","0","0","0","false","false","false","0","0","1","1","1","0","60","1000","充偶虎","坐骑商城","","0","使用方法：点击乘骑","坐骑","","","","","","0","","","","","","","","","","","","","","1","1","30","","Lv.1","","","","","","","","","",""
"331476","390","翼海马","FFff46f0","4","1976","匹","1","1","7060","true","0","1","0","0","0","0","0","false","false","false","0","0","1","1","1","0","60","1000","翼海马","坐骑商城","","0","使用方法：点击乘骑","坐骑","","","","","","0","","","","","","","","","","","","","","1","1","30","","Lv.1","","","","","","","","","",""
"331477","390","奇旅喵","FFff46f0","4","1995","匹","1","1","7060","true","0","1","0","0","0","0","0","false","false","false","0","0","1","1","1","0","60","1000","奇旅喵","坐骑商城","","0","使用方法：点击乘骑","坐骑","","","","","","0","","","","","","","","","","","","","","1","1","30","","Lv.1","","","","","","","","","",""
"331478","390","灰猫","FFff46f0","4","1998","匹","1","1","7060","true","0","1","0","0","0","0","0","false","false","false","0","0","1","1","1","0","60","1000","灰猫","坐骑商城","","0","使用方法：点击乘骑","坐骑","","","","","","0","","","","","","","","","","","","","","1","1","30","","Lv.1","","","","","","","","","",""
"331479","390","锦鲤","FFff46f0","4","2105","匹","1","1","7060","true","0","1","0","0","0","0","0","false","false","false","0","0","1","1","1","0","60","1000","锦鲤","坐骑商城","","0","使用方法：点击乘骑","坐骑","","","","","","0","","","","","","","","","","","","","","1","1","30","","Lv.1","","","","","","","","","",""
"331480","390","蒙面酷猫","FFff46f0","4","1677","匹","1","1","7060","true","0","1","0","0","0","0","0","false","false","false","0","0","1","1","1","0","60","1000","蒙面酷猫","坐骑抽奖","","0","使用方法：点击乘骑","坐骑","","","","","","0","","","","","","","","","","","","","","1","1","30","","Lv.1","","","","","","","","","",""
"331481","390","海洋霸主","FFff46f0","4","30367","匹","1","1","7060","true","0","1","0","0","0","0","0","false","false","false","0","0","1","1","1","0","60","1000","海洋霸主","坐骑抽奖","","0","使用方法：点击乘骑","坐骑","","","","","","0","","","","","","","","","","","","","","1","1","30","","Lv.1","","","","","","","","","",""
"331482","390","天使猪猪","FFff46f0","4","2022","匹","1","1","7060","true","0","1","0","0","0","0","0","false","false","false","0","0","1","1","1","0","60","1000","天使猪猪","坐骑商城","","0","使用方法：点击乘骑","坐骑","","","","","","0","","","","","","","","","","","","","","1","1","30","","Lv.1","","","","","","","","","",""
"331483","390","巡洋鲨","FFff46f0","4","1952","匹","1","1","7060","true","0","1","0","0","0","0","0","false","false","false","0","0","1","1","1","0","60","1000","巡洋鲨","坐骑商城","","0","使用方法：点击乘骑","坐骑","","","","","","0","","","","","","","","","","","","","","1","1","30","","Lv.1","","","","","","","","","",""
"331484","390","布偶熊","FFff46f0","4","1957","匹","1","1","7060","true","0","1","0","0","0","0","0","false","false","false","0","0","1","1","1","0","60","1000","布偶熊","坐骑商城","","0","使用方法：点击乘骑","坐骑","","","","","","0","","","","","","","","","","","","","","1","1","30","","Lv.1","","","","","","","","","",""
"331485","390","食月逐影","FFff46f0","4","1920","匹","1","1","7060","true","0","1","0","0","0","0","0","false","false","false","0","0","1","1","1","0","60","1000","食月逐影","坐骑商城","","0","使用方法：点击乘骑","坐骑","","","","","","0","","","","","","","","","","","","","","1","1","30","","Lv.1","","","","","","","","","",""
"331486","390","天狗踏月","FFff46f0","4","1922","匹","1","1","7060","true","0","1","0","0","0","0","0","false","false","false","0","0","1","1","1","0","60","1000","天狗踏月","坐骑商城","","0","使用方法：点击乘骑","坐骑","","","","","","0","","","","","","","","","","","","","","1","1","30","","Lv.1","","","","","","","","","",""
"331487","390","月豹","FFff46f0","4","1923","匹","1","1","7060","true","0","1","0","0","0","0","0","false","false","false","0","0","1","1","1","0","60","1000","月豹","坐骑商城","","0","使用方法：点击乘骑","坐骑","","","","","","0","","","","","","","","","","","","","","1","1","30","","Lv.1","","","","","","","","","",""
"331488","390","风雷羚（炎）","FFff46f0","4","1925","匹","1","1","7060","true","0","1","0","0","0","0","0","false","false","false","0","0","1","1","1","0","60","1000","风雷羚（炎）","坐骑商城","","0","使用方法：点击乘骑","坐骑","","","","","","0","","","","","","","","","","","","","","1","1","30","","Lv.1","","","","","","","","","",""
"331489","390","一尾狐","FFff46f0","4","1926","匹","1","1","7060","true","0","1","0","0","0","0","0","false","false","false","0","0","1","1","1","0","60","1000","一尾狐","坐骑商城","","0","使用方法：点击乘骑","坐骑","","","","","","0","","","","","","","","","","","","","","1","1","30","","Lv.1","","","","","","","","","",""
"331490","390","黑耀鹿","FFff46f0","4","1929","匹","1","1","7060","true","0","1","0","0","0","0","0","false","false","false","0","0","1","1","1","0","60","1000","黑耀鹿","坐骑商城","","0","使用方法：点击乘骑","坐骑","","","","","","0","","","","","","","","","","","","","","1","1","30","","Lv.1","","","","","","","","","",""
"331491","390","三尾狐","FFff46f0","4","2013","匹","1","1","7060","true","0","1","0","0","0","0","0","false","false","false","0","0","1","1","1","0","60","1000","三尾狐","坐骑商城","","0","使用方法：点击乘骑","坐骑","","","","","","0","","","","","","","","","","","","","","1","1","30","","Lv.1","","","","","","","","","",""
"331492","390","孺子牛","FFff46f0","4","2015","匹","1","1","7060","true","0","1","0","0","0","0","0","false","false","false","0","0","1","1","1","0","60","1000","孺子牛","坐骑商城","","0","使用方法：点击乘骑","坐骑","","","","","","0","","","","","","","","","","","","","","1","1","30","","Lv.1","","","","","","","","","",""
"331493","390","天狗","FFff46f0","4","1922","匹","1","1","7060","true","0","1","0","0","0","0","0","false","false","false","0","0","1","1","1","0","60","1000","天狗","坐骑商城","","0","使用方法：点击乘骑","坐骑","","","","","","0","","","","","","","","","","","","","","1","1","30","","Lv.1","","","","","","","","","",""
"331494","390","黑天狗","FFff46f0","4","2056","匹","1","1","7060","true","0","1","0","0","0","0","0","false","false","false","0","0","1","1","1","0","60","1000","黑天狗","坐骑商城","","0","使用方法：点击乘骑","坐骑","","","","","","0","","","","","","","","","","","","","","1","1","30","","Lv.1","","","","","","","","","",""
"331495","390","熔岩犀","FFff46f0","4","2021","匹","1","1","7060","true","0","1","0","0","0","0","0","false","false","false","0","0","1","1","1","0","60","1000","熔岩犀","坐骑商城","","0","使用方法：点击乘骑","坐骑","","","","","","0","","","","","","","","","","","","","","1","1","30","","Lv.1","","","","","","","","","",""
"331496","390","巡林猪","FFff46f0","4","2030","匹","1","1","7060","true","0","1","0","0","0","0","0","false","false","false","0","0","1","1","1","0","60","1000","巡林猪","坐骑商城","","0","使用方法：点击乘骑","坐骑","","","","","","0","","","","","","","","","","","","","","1","1","30","","Lv.1","","","","","","","","","",""
"331497","390","阴阳牛","FFff46f0","4","2034","匹","1","1","7060","true","0","1","0","0","0","0","0","false","false","false","0","0","1","1","1","0","60","1000","阴阳牛","坐骑商城","","0","使用方法：点击乘骑","坐骑","","","","","","0","","","","","","","","","","","","","","1","1","30","","Lv.1","","","","","","","","","",""
"331498","390","哮天犬","FFff46f0","4","2023","匹","1","1","7060","true","0","1","0","0","0","0","0","false","false","false","0","0","1","1","1","0","60","1000","哮天犬","坐骑商城","","0","使用方法：点击乘骑","坐骑","","","","","","0","","","","","","","","","","","","","","1","1","30","","Lv.1","","","","","","","","","",""
"331499","390","星云兽","FFff46f0","4","2018","匹","1","1","7060","true","0","1","0","0","0","0","0","false","false","false","0","0","1","1","1","0","60","1000","星云兽","坐骑商城","","0","使用方法：点击乘骑","坐骑","","","","","","0","","","","","","","","","","","","","","1","1","30","","Lv.1","","","","","","","","","",""
"331500","390","熊猫儿","FFff46f0","4","2025","匹","1","1","7060","true","0","1","0","0","0","0","0","false","false","false","0","0","1","1","1","0","60","1000","熊猫儿","坐骑抽奖","","0","使用方法：点击乘骑","坐骑","","","","","","0","","","","","","","","","","","","","","1","1","30","","Lv.1","","","","","","","","","",""
"331501","390","枯骨龙•粉","FFff46f0","4","2035","匹","1","1","7060","true","0","1","0","0","0","0","0","false","false","false","0","0","1","1","1","0","60","1000","枯骨龙","坐骑抽奖","","0","使用方法：点击乘骑","坐骑","","","","","","0","","","","","","","","","","","","","","1","1","30","","Lv.1","","","","","","","","","",""
"331502","390","芭蕉扇","FFff46f0","4","2104","匹","1","1","7060","true","0","1","0","0","0","0","0","false","false","false","0","0","1","1","1","0","60","1000","芭蕉扇","坐骑商城","","0","使用方法：点击乘骑","坐骑","","","","","","0","","","","","","","","","","","","","","1","1","30","","Lv.1","","","","","","","","","",""
"331503","390","七彩羽","FFff46f0","4","2108","匹","1","1","7060","true","0","1","0","0","0","0","0","false","false","false","0","0","1","1","1","0","60","1000","七彩羽","坐骑商城","","0","使用方法：点击乘骑","坐骑","","","","","","0","","","","","","","","","","","","","","1","1","30","","Lv.1","","","","","","","","","",""
"331504","390","雷云","FFff46f0","4","2109","匹","1","1","7060","true","0","1","0","0","0","0","0","false","false","false","0","0","1","1","1","0","60","1000","雷云","坐骑商城","","0","使用方法：点击乘骑","坐骑","","","","","","0","","","","","","","","","","","","","","1","1","30","","Lv.1","","","","","","","","","",""
"331505","390","彩云","FFff46f0","4","2110","匹","1","1","7060","true","0","1","0","0","0","0","0","false","false","false","0","0","1","1","1","0","60","1000","彩云","坐骑商城","","0","使用方法：点击乘骑","坐骑","","","","","","0","","","","","","","","","","","","","","1","1","30","","Lv.1","","","","","","","","","",""
"331506","390","最靓的仔","FFff46f0","4","3608","匹","1","1","7060","true","0","1","0","0","0","0","0","false","false","false","0","0","1","1","1","0","60","1000","最靓的仔","坐骑商城","","0","使用方法：点击乘骑","坐骑","","","","","","0","","","","","","","","","","","","","","1","1","30","","Lv.1","","","","","","","","","",""
"331507","390","天下第一高手","FFff46f0","4","3612","匹","1","1","7060","true","0","1","0","0","0","0","0","false","false","false","0","0","1","1","1","0","60","1000","天下第一高手","坐骑商城","","0","使用方法：点击乘骑","坐骑","","","","","","0","","","","","","","","","","","","","","1","1","30","","Lv.1","","","","","","","","","",""
"331508","390","住在海边喜欢浪","FFff46f0","4","3613","匹","1","1","7060","true","0","1","0","0","0","0","0","false","false","false","0","0","1","1","1","0","60","1000","住在海边喜欢浪","坐骑抽奖","","0","使用方法：点击乘骑","坐骑","","","","","","0","","","","","","","","","","","","","","1","1","30","","Lv.1","","","","","","","","","",""
"331509","390","九天碧落笑黄泉","FFff46f0","4","3614","匹","1","1","7060","true","0","1","0","0","0","0","0","false","false","false","0","0","1","1","1","0","60","1000","九天碧落笑黄泉","坐骑商城","","0","使用方法：点击乘骑","坐骑","","","","","","0","","","","","","","","","","","","","","1","1","30","","Lv.1","","","","","","","","","",""
"331510","390","不死不休独未央","FFff46f0","4","3609","匹","1","1","7060","true","0","1","0","0","0","0","0","false","false","false","0","0","1","1","1","0","60","1000","不死不休独未央","坐骑商城","","0","使用方法：点击乘骑","坐骑","","","","","","0","","","","","","","","","","","","","","1","1","30","","Lv.1","","","","","","","","","",""
"331511","390","无欲无求帝空镜","FFff46f0","4","3615","匹","1","1","7060","true","0","1","0","0","0","0","0","false","false","false","0","0","1","1","1","0","60","1000","无欲无求帝空镜","坐骑抽奖","","0","使用方法：点击乘骑","坐骑","","","","","","0","","","","","","","","","","","","","","1","1","30","","Lv.1","","","","","","","","","",""
"331512","390","富甲天下","FFff46f0","4","3618","匹","1","1","7060","true","0","1","0","0","0","0","0","false","false","false","0","0","1","1","1","0","60","1000","富甲天下","坐骑抽奖","","0","使用方法：点击乘骑","坐骑","","","","","","0","","","","","","","","","","","","","","1","1","30","","Lv.1","","","","","","","","","",""
"331513","390","大哥的女人","FFff46f0","4","3619","匹","1","1","7060","true","0","1","0","0","0","0","0","false","false","false","0","0","1","1","1","0","60","1000","大哥的女人","坐骑抽奖","","0","使用方法：点击乘骑","坐骑","","","","","","0","","","","","","","","","","","","","","1","1","30","","Lv.1","","","","","","","","","",""
"331514","390","大富大贵","FFff46f0","4","3610","匹","1","1","7060","true","0","1","0","0","0","0","0","false","false","false","0","0","1","1","1","0","60","1000","大富大贵","坐骑抽奖","","0","使用方法：点击乘骑","坐骑","","","","","","0","","","","","","","","","","","","","","1","1","30","","Lv.1","","","","","","","","","",""
"331515","390","来啊•快活呀","FFff46f0","4","3616","匹","1","1","7060","true","0","1","0","0","0","0","0","false","false","false","0","0","1","1","1","0","60","1000","来啊•快活呀","坐骑抽奖","","0","使用方法：点击乘骑","坐骑","","","","","","0","","","","","","","","","","","","","","1","1","30","","Lv.1","","","","","","","","","",""
"331516","390","咒印封邪•吾定乾坤","FFff46f0","4","3620","匹","1","1","7060","true","0","1","0","0","0","0","0","false","false","false","0","0","1","1","1","0","60","1000","咒印封邪•吾定乾坤","坐骑抽奖","","0","使用方法：点击乘骑","坐骑","","","","","","0","","","","","","","","","","","","","","1","1","30","","Lv.1","","","","","","","","","",""
"331517","390","跟我皮•我让你跟我皮","FFff46f0","4","3622","匹","1","1","7060","true","0","1","0","0","0","0","0","false","false","false","0","0","1","1","1","0","60","1000","逆风神豪•唯吾独尊","坐骑抽奖","","0","使用方法：点击乘骑","坐骑","","","","","","0","","","","","","","","","","","","","","1","1","30","","Lv.1","","","","","","","","","",""
"331518","390","不良人一•辈子都是","FFff46f0","4","3611","匹","1","1","7060","true","0","1","0","0","0","0","0","false","false","false","0","0","1","1","1","0","60","1000","不良人一•辈子都是","坐骑抽奖","","0","使用方法：点击乘骑","坐骑","","","","","","0","","","","","","","","","","","","","","1","1","30","","Lv.1","","","","","","","","","",""
"331519","390","佛不度我•我便弑佛","FFff46f0","4","3617","匹","1","1","7060","true","0","1","0","0","0","0","0","false","false","false","0","0","1","1","1","0","60","1000","佛不度我•我便弑佛","坐骑抽奖","","0","使用方法：点击乘骑","坐骑","","","","","","0","","","","","","","","","","","","","","1","1","30","","Lv.1","","","","","","","","","",""
"331520","390","逆风霸主•不服来战","FFff46f0","4","3621","匹","1","1","7060","true","0","1","0","0","0","0","0","false","false","false","0","0","1","1","1","0","60","1000","逆风霸主•不服来战","坐骑抽奖","","0","使用方法：点击乘骑","坐骑","","","","","","0","","","","","","","","","","","","","","1","1","30","","Lv.1","","","","","","","","","",""
"331521","390","逆风西游•冠名大佬","FFff46f0","4","3623","匹","1","1","7060","true","0","1","0","0","0","0","0","false","false","false","0","0","1","1","1","0","60","1000","游龙戏水","坐骑商城","","0","使用方法：点击乘骑","坐骑","","","","","","0","","","","","","","","","","","","","","1","1","30","","Lv.1","","","","","","","","","",""
"331522","390","有钱真的可以为所欲为","FFff46f0","4","3627","匹","1","1","7060","true","0","1","0","0","0","0","0","false","false","false","0","0","1","1","1","0","60","1000","有钱真的可以为所欲为","坐骑商城","","0","使用方法：点击乘骑","坐骑","","","","","","0","","","","","","","","","","","","","","1","1","30","","Lv.1","","","","","","","","","",""
"331523","390","雕虫小技•竟敢班门弄","FFff46f0","4","3633","匹","1","1","7060","true","0","1","0","0","0","0","0","false","false","false","0","0","1","1","1","0","60","1000","雕虫小技•竟敢班门弄","坐骑商城","","0","使用方法：点击乘骑","坐骑","","","","","","0","","","","","","","","","","","","","","1","1","30","","Lv.1","","","","","","","","","",""
"331524","390","一个月几百块玩什么命","FFff46f0","4","3637","匹","1","1","7060","true","0","1","0","0","0","0","0","false","false","false","0","0","1","1","1","0","60","1000","一个月几百块玩什么命","坐骑商城","","0","使用方法：点击乘骑","坐骑","","","","","","0","","","","","","","","","","","","","","1","1","30","","Lv.1","","","","","","","","","",""
"111116","96","下面是助战（已全部解锁）","ff6ddcf6","4","1158","个","0","90","5500","true","0","0","0","0","0","0","0","false","false","false","0","0","1","1","999","0","0","5000000","暂时无用，因为系统已经全部解锁了所有助战，所以不用发放。已隐藏。","金钱","","0","使用方法：直接获得金钱","","","0","","","","0","","","","","","","","","","","","","","","1","","","","","","","","0","0","0","0","0","0"
"332000","518","蝎子精（7天）","ff6ddcf6","4","30204","个","0","1","5600","true","0","0","0","0","10800","0","0","false","false","false","0","0","1","1","1","0","0","5000000","增加七天使用时间","可使用伙伴","","","使用方法：点击使用","","","0","","","","0","","","","","","","","","","","","","","","1","","","","","","","","0","0","0","0","0","0"
"332001","518","蝎子精（30天）","ff6ddcf6","4","30204","个","0","1","5600","true","0","0","0","0","25200","0","0","false","false","false","0","0","1","1","1","0","0","5000000","增加三十天使用时间","可使用伙伴","","","使用方法：点击使用","","","0","","","","0","","","","","","","","","","","","","","","1","","","","","","","","0","0","0","0","0","0"
"332002","518","蝎子精（永久）","ff6ddcf6","4","30204","个","0","1","5600","true","0","0","0","0","0","0","0","false","false","false","0","0","1","1","1","0","0","5000000","获得永久使用权","可使用伙伴","","","使用方法：点击使用","","","0","","","","0","","","","","","","","","","","","","","","1","","","","","","","","0","0","0","0","0","0"
"332003","518","孙悟空（7天）","ff6ddcf6","4","30253","个","0","1","5600","true","0","0","0","0","10800","0","0","false","false","false","0","0","1","1","1","0","0","5000000","增加七天使用时间","可使用伙伴","","","使用方法：点击使用","","","0","","","","0","","","","","","","","","","","","","","","1","","","","","","","","0","0","0","0","0","0"
"332004","518","孙悟空（30天）","ff6ddcf6","4","30253","个","0","1","5600","true","0","0","0","0","25200","0","0","false","false","false","0","0","1","1","1","0","0","5000000","增加三十天使用时间","可使用伙伴","","","使用方法：点击使用","","","0","","","","0","","","","","","","","","","","","","","","1","","","","","","","","0","0","0","0","0","0"
"332005","518","孙悟空（永久）","ff6ddcf6","4","30253","个","0","1","5600","true","0","0","0","0","0","0","0","false","false","false","0","0","1","1","1","0","0","5000000","获得永久使用权","可使用伙伴","","","使用方法：点击使用","","","0","","","","0","","","","","","","","","","","","","","","1","","","","","","","","0","0","0","0","0","0"
"332006","518","李天王（7天）","ff6ddcf6","4","30243","个","0","1","5600","true","0","0","0","0","10800","0","0","false","false","false","0","0","1","1","1","0","0","5000000","增加七天使用时间","可使用伙伴","","","使用方法：点击使用","","","0","","","","0","","","","","","","","","","","","","","","1","","","","","","","","0","0","0","0","0","0"
"332007","518","李天王（30天）","ff6ddcf6","4","30243","个","0","1","5600","true","0","0","0","0","25200","0","0","false","false","false","0","0","1","1","1","0","0","5000000","增加三十天使用时间","可使用伙伴","","","使用方法：点击使用","","","0","","","","0","","","","","","","","","","","","","","","1","","","","","","","","0","0","0","0","0","0"
"332008","518","李天王（永久）","ff6ddcf6","4","30243","个","0","1","5600","true","0","0","0","0","0","0","0","false","false","false","0","0","1","1","1","0","0","5000000","获得永久使用权","可使用伙伴","","","使用方法：点击使用","","","0","","","","0","","","","","","","","","","","","","","","1","","","","","","","","0","0","0","0","0","0"
"332009","518","程咬金（7天）","ff6ddcf6","4","30302","个","0","1","5600","true","0","0","0","0","10800","0","0","false","false","false","0","0","1","1","1","0","0","5000000","增加七天使用时间","可使用伙伴","","","使用方法：点击使用","","","0","","","","0","","","","","","","","","","","","","","","1","","","","","","","","0","0","0","0","0","0"
"332010","518","程咬金（30天）","ff6ddcf6","4","30302","个","0","1","5600","true","0","0","0","0","25200","0","0","false","false","false","0","0","1","1","1","0","0","5000000","增加三十天使用时间","可使用伙伴","","","使用方法：点击使用","","","0","","","","0","","","","","","","","","","","","","","","1","","","","","","","","0","0","0","0","0","0"
"332011","518","程咬金（永久）","ff6ddcf6","4","30302","个","0","1","5600","true","0","0","0","0","0","0","0","false","false","false","0","0","1","1","1","0","0","5000000","获得永久使用权","可使用伙伴","","","使用方法：点击使用","","","0","","","","0","","","","","","","","","","","","","","","1","","","","","","","","0","0","0","0","0","0"
"332012","518","黄袍怪（7天）","ff6ddcf6","4","30306","个","0","1","5600","true","0","0","0","0","10800","0","0","false","false","false","0","0","1","1","1","0","0","5000000","增加七天使用时间","可使用伙伴","","","使用方法：点击使用","","","0","","","","0","","","","","","","","","","","","","","","1","","","","","","","","0","0","0","0","0","0"
"332013","518","黄袍怪（30天）","ff6ddcf6","4","30306","个","0","1","5600","true","0","0","0","0","25200","0","0","false","false","false","0","0","1","1","1","0","0","5000000","增加三十天使用时间","可使用伙伴","","","使用方法：点击使用","","","0","","","","0","","","","","","","","","","","","","","","1","","","","","","","","0","0","0","0","0","0"
"332014","518","黄袍怪（永久）","ff6ddcf6","4","30306","个","0","1","5600","true","0","0","0","0","0","0","0","false","false","false","0","0","1","1","1","0","0","5000000","获得永久使用权","可使用伙伴","","","使用方法：点击使用","","","0","","","","0","","","","","","","","","","","","","","","1","","","","","","","","0","0","0","0","0","0"
"332015","518","地藏菩萨（7天）","ff6ddcf6","4","30303","个","0","1","5600","true","0","0","0","0","10800","0","0","false","false","false","0","0","1","1","1","0","0","5000000","增加七天使用时间","可使用伙伴","","","使用方法：点击使用","","","0","","","","0","","","","","","","","","","","","","","","1","","","","","","","","0","0","0","0","0","0"
"332016","518","地藏菩萨（30天）","ff6ddcf6","4","30303","个","0","1","5600","true","0","0","0","0","25200","0","0","false","false","false","0","0","1","1","1","0","0","5000000","增加三十天使用时间","可使用伙伴","","","使用方法：点击使用","","","0","","","","0","","","","","","","","","","","","","","","1","","","","","","","","0","0","0","0","0","0"
"332017","518","地藏菩萨（永久）","ff6ddcf6","4","30303","个","0","1","5600","true","0","0","0","0","0","0","0","false","false","false","0","0","1","1","1","0","0","5000000","获得永久使用权","可使用伙伴","","","使用方法：点击使用","","","0","","","","0","","","","","","","","","","","","","","","1","","","","","","","","0","0","0","0","0","0"
"332018","518","蝎子精（7天）","ff6ddcf6","4","30201","个","0","1","5600","true","0","0","0","0","10800","0","0","false","false","false","0","0","1","1","1","0","0","5000000","增加七天使用时间","可使用伙伴","","","使用方法：点击使用","","","0","","","","0","","","","","","","","","","","","","","","1","","","","","","","","0","0","0","0","0","0"
"332019","518","蝎子精（30天）","ff6ddcf6","4","30201","个","0","1","5600","true","0","0","0","0","25200","0","0","false","false","false","0","0","1","1","1","0","0","5000000","增加三十天使用时间","可使用伙伴","","","使用方法：点击使用","","","0","","","","0","","","","","","","","","","","","","","","1","","","","","","","","0","0","0","0","0","0"
"332020","518","蝎子精（永久）","ff6ddcf6","4","30201","个","0","1","5600","true","0","0","0","0","0","0","0","false","false","false","0","0","1","1","1","0","0","5000000","获得永久使用权","可使用伙伴","","","使用方法：点击使用","","","0","","","","0","","","","","","","","","","","","","","","1","","","","","","","","0","0","0","0","0","0"
"332021","518","沙和尚（7天）","ff6ddcf6","4","30296","个","0","1","5600","true","0","0","0","0","10800","0","0","false","false","false","0","0","1","1","1","0","0","5000000","增加七天使用时间","可使用伙伴","","","使用方法：点击使用","","","0","","","","0","","","","","","","","","","","","","","","1","","","","","","","","0","0","0","0","0","0"
"332022","518","沙和尚（30天）","ff6ddcf6","4","30296","个","0","1","5600","true","0","0","0","0","25200","0","0","false","false","false","0","0","1","1","1","0","0","5000000","增加三十天使用时间","可使用伙伴","","","使用方法：点击使用","","","0","","","","0","","","","","","","","","","","","","","","1","","","","","","","","0","0","0","0","0","0"
"332023","518","沙和尚（永久）","ff6ddcf6","4","30296","个","0","1","5600","true","0","0","0","0","0","0","0","false","false","false","0","0","1","1","1","0","0","5000000","获得永久使用权","可使用伙伴","","","使用方法：点击使用","","","0","","","","0","","","","","","","","","","","","","","","1","","","","","","","","0","0","0","0","0","0"
"332024","518","大鹏王（7天）","ff6ddcf6","4","30261","个","0","1","5600","true","0","0","0","0","10800","0","0","false","false","false","0","0","1","1","1","0","0","5000000","增加七天使用时间","可使用伙伴","","","使用方法：点击使用","","","0","","","","0","","","","","","","","","","","","","","","1","","","","","","","","0","0","0","0","0","0"
"332025","518","大鹏王（30天）","ff6ddcf6","4","30261","个","0","1","5600","true","0","0","0","0","25200","0","0","false","false","false","0","0","1","1","1","0","0","5000000","增加三十天使用时间","可使用伙伴","","","使用方法：点击使用","","","0","","","","0","","","","","","","","","","","","","","","1","","","","","","","","0","0","0","0","0","0"
"332026","518","大鹏王（永久）","ff6ddcf6","4","30261","个","0","1","5600","true","0","0","0","0","0","0","0","false","false","false","0","0","1","1","1","0","0","5000000","获得永久使用权","可使用伙伴","","","使用方法：点击使用","","","0","","","","0","","","","","","","","","","","","","","","1","","","","","","","","0","0","0","0","0","0"
"332027","518","白象王（7天）","ff6ddcf6","4","30333","个","0","1","5600","true","0","0","0","0","10800","0","0","false","false","false","0","0","1","1","1","0","0","5000000","增加七天使用时间","可使用伙伴","","","使用方法：点击使用","","","0","","","","0","","","","","","","","","","","","","","","1","","","","","","","","0","0","0","0","0","0"
"332028","518","白象王（30天）","ff6ddcf6","4","30333","个","0","1","5600","true","0","0","0","0","25200","0","0","false","false","false","0","0","1","1","1","0","0","5000000","增加三十天使用时间","可使用伙伴","","","使用方法：点击使用","","","0","","","","0","","","","","","","","","","","","","","","1","","","","","","","","0","0","0","0","0","0"
"332029","518","白象王（永久）","ff6ddcf6","4","30333","个","0","1","5600","true","0","0","0","0","0","0","0","false","false","false","0","0","1","1","1","0","0","5000000","获得永久使用权","可使用伙伴","","","使用方法：点击使用","","","0","","","","0","","","","","","","","","","","","","","","1","","","","","","","","0","0","0","0","0","0"
"332030","518","青狮王（7天）","ff6ddcf6","4","30313","个","0","1","5600","true","0","0","0","0","10800","0","0","false","false","false","0","0","1","1","1","0","0","5000000","增加七天使用时间","可使用伙伴","","","使用方法：点击使用","","","0","","","","0","","","","","","","","","","","","","","","1","","","","","","","","0","0","0","0","0","0"
"332031","518","青狮王（30天）","ff6ddcf6","4","30313","个","0","1","5600","true","0","0","0","0","25200","0","0","false","false","false","0","0","1","1","1","0","0","5000000","增加三十天使用时间","可使用伙伴","","","使用方法：点击使用","","","0","","","","0","","","","","","","","","","","","","","","1","","","","","","","","0","0","0","0","0","0"
"332032","518","青狮王（永久）","ff6ddcf6","4","30313","个","0","1","5600","true","0","0","0","0","0","0","0","false","false","false","0","0","1","1","1","0","0","5000000","获得永久使用权","可使用伙伴","","","使用方法：点击使用","","","0","","","","0","","","","","","","","","","","","","","","1","","","","","","","","0","0","0","0","0","0"
"332033","518","镇元子（7天）","ff6ddcf6","4","30255","个","0","1","5600","true","0","0","0","0","10800","0","0","false","false","false","0","0","1","1","1","0","0","5000000","增加七天使用时间","可使用伙伴","","","使用方法：点击使用","","","0","","","","0","","","","","","","","","","","","","","","1","","","","","","","","0","0","0","0","0","0"
"332034","518","镇元子（30天）","ff6ddcf6","4","30255","个","0","1","5600","true","0","0","0","0","25200","0","0","false","false","false","0","0","1","1","1","0","0","5000000","增加三十天使用时间","可使用伙伴","","","使用方法：点击使用","","","0","","","","0","","","","","","","","","","","","","","","1","","","","","","","","0","0","0","0","0","0"
"332035","518","镇元子（永久）","ff6ddcf6","4","30255","个","0","1","5600","true","0","0","0","0","0","0","0","false","false","false","0","0","1","1","1","0","0","5000000","获得永久使用权","可使用伙伴","","","使用方法：点击使用","","","0","","","","0","","","","","","","","","","","","","","","1","","","","","","","","0","0","0","0","0","0"
"332036","518","飞霞（7天）","ff6ddcf6","4","30223","个","0","1","5600","true","0","0","0","0","10800","0","0","false","false","false","0","0","1","1","1","0","0","5000000","增加七天使用时间","可使用伙伴","","","使用方法：点击使用","","","0","","","","0","","","","","","","","","","","","","","","1","","","","","","","","0","0","0","0","0","0"
"332037","518","飞霞（30天）","ff6ddcf6","4","30223","个","0","1","5600","true","0","0","0","0","25200","0","0","false","false","false","0","0","1","1","1","0","0","5000000","增加三十天使用时间","可使用伙伴","","","使用方法：点击使用","","","0","","","","0","","","","","","","","","","","","","","","1","","","","","","","","0","0","0","0","0","0"
"332038","518","飞霞（永久）","ff6ddcf6","4","30223","个","0","1","5600","true","0","0","0","0","0","0","0","false","false","false","0","0","1","1","1","0","0","5000000","获得永久使用权","可使用伙伴","","","使用方法：点击使用","","","0","","","","0","","","","","","","","","","","","","","","1","","","","","","","","0","0","0","0","0","0"
"332039","518","太白金星（7天）","ff6ddcf6","4","30315","个","0","1","5600","true","0","0","0","0","10800","0","0","false","false","false","0","0","1","1","1","0","0","5000000","增加七天使用时间","可使用伙伴","","","使用方法：点击使用","","","0","","","","0","","","","","","","","","","","","","","","1","","","","","","","","0","0","0","0","0","0"
"332040","518","太白金星（30天）","ff6ddcf6","4","30315","个","0","1","5600","true","0","0","0","0","25200","0","0","false","false","false","0","0","1","1","1","0","0","5000000","增加三十天使用时间","可使用伙伴","","","使用方法：点击使用","","","0","","","","0","","","","","","","","","","","","","","","1","","","","","","","","0","0","0","0","0","0"
"332041","518","太白金星（永久）","ff6ddcf6","4","30315","个","0","1","5600","true","0","0","0","0","0","0","0","false","false","false","0","0","1","1","1","0","0","5000000","获得永久使用权","可使用伙伴","","","使用方法：点击使用","","","0","","","","0","","","","","","","","","","","","","","","1","","","","","","","","0","0","0","0","0","0"
"332042","518","小白龙（7天）","ff6ddcf6","4","30263","个","0","1","5600","true","0","0","0","0","10800","0","0","false","false","false","0","0","1","1","1","0","0","5000000","增加七天使用时间","可使用伙伴","","","使用方法：点击使用","","","0","","","","0","","","","","","","","","","","","","","","1","","","","","","","","0","0","0","0","0","0"
"332043","518","小白龙（30天）","ff6ddcf6","4","30263","个","0","1","5600","true","0","0","0","0","25200","0","0","false","false","false","0","0","1","1","1","0","0","5000000","增加三十天使用时间","可使用伙伴","","","使用方法：点击使用","","","0","","","","0","","","","","","","","","","","","","","","1","","","","","","","","0","0","0","0","0","0"
"332044","518","小白龙（永久）","ff6ddcf6","4","30263","个","0","1","5600","true","0","0","0","0","0","0","0","false","false","false","0","0","1","1","1","0","0","5000000","获得永久使用权","可使用伙伴","","","使用方法：点击使用","","","0","","","","0","","","","","","","","","","","","","","","1","","","","","","","","0","0","0","0","0","0"
"332045","518","西海龙王（7天）","ff6ddcf6","4","30257","个","0","1","5600","true","0","0","0","0","10800","0","0","false","false","false","0","0","1","1","1","0","0","5000000","增加七天使用时间","可使用伙伴","","","使用方法：点击使用","","","0","","","","0","","","","","","","","","","","","","","","1","","","","","","","","0","0","0","0","0","0"
"332046","518","西海龙王（30天）","ff6ddcf6","4","30257","个","0","1","5600","true","0","0","0","0","25200","0","0","false","false","false","0","0","1","1","1","0","0","5000000","增加三十天使用时间","可使用伙伴","","","使用方法：点击使用","","","0","","","","0","","","","","","","","","","","","","","","1","","","","","","","","0","0","0","0","0","0"
"332047","518","西海龙王（永久）","ff6ddcf6","4","30257","个","0","1","5600","true","0","0","0","0","0","0","0","false","false","false","0","0","1","1","1","0","0","5000000","获得永久使用权","可使用伙伴","","","使用方法：点击使用","","","0","","","","0","","","","","","","","","","","","","","","1","","","","","","","","0","0","0","0","0","0"
"332048","518","玉面狐狸（7天）","ff6ddcf6","4","30303","个","0","1","5600","true","0","0","0","0","10800","0","0","false","false","false","0","0","1","1","1","0","0","5000000","增加七天使用时间","可使用伙伴","","","使用方法：点击使用","","","0","","","","0","","","","","","","","","","","","","","","1","","","","","","","","0","0","0","0","0","0"
"332049","518","玉面狐狸（30天）","ff6ddcf6","4","30303","个","0","1","5600","true","0","0","0","0","25200","0","0","false","false","false","0","0","1","1","1","0","0","5000000","增加三十天使用时间","可使用伙伴","","","使用方法：点击使用","","","0","","","","0","","","","","","","","","","","","","","","1","","","","","","","","0","0","0","0","0","0"
"332050","518","玉面狐狸（永久）","ff6ddcf6","4","30303","个","0","1","5600","true","0","0","0","0","0","0","0","false","false","false","0","0","1","1","1","0","0","5000000","获得永久使用权","可使用伙伴","","","使用方法：点击使用","","","0","","","","0","","","","","","","","","","","","","","","1","","","","","","","","0","0","0","0","0","0"
"332051","518","唐僧（7天）","ff6ddcf6","4","30311","个","0","1","5600","true","0","0","0","0","10800","0","0","false","false","false","0","0","1","1","1","0","0","5000000","增加七天使用时间","可使用伙伴","","","使用方法：点击使用","","","0","","","","0","","","","","","","","","","","","","","","1","","","","","","","","0","0","0","0","0","0"
"332052","518","唐僧（30天）","ff6ddcf6","4","30311","个","0","1","5600","true","0","0","0","0","25200","0","0","false","false","false","0","0","1","1","1","0","0","5000000","增加三十天使用时间","可使用伙伴","","","使用方法：点击使用","","","0","","","","0","","","","","","","","","","","","","","","1","","","","","","","","0","0","0","0","0","0"
"332053","518","唐僧（永久）","ff6ddcf6","4","30311","个","0","1","5600","true","0","0","0","0","0","0","0","false","false","false","0","0","1","1","1","0","0","5000000","获得永久使用权","可使用伙伴","","","使用方法：点击使用","","","0","","","","0","","","","","","","","","","","","","","","1","","","","","","","","0","0","0","0","0","0"
"332054","518","唐僧（7天）","ff6ddcf6","4","30307","个","0","1","5600","true","0","0","0","0","10800","0","0","false","false","false","0","0","1","1","1","0","0","5000000","增加七天使用时间","可使用伙伴","","","使用方法：点击使用","","","0","","","","0","","","","","","","","","","","","","","","1","","","","","","","","0","0","0","0","0","0"
"332055","518","唐僧（30天）","ff6ddcf6","4","30307","个","0","1","5600","true","0","0","0","0","25200","0","0","false","false","false","0","0","1","1","1","0","0","5000000","增加三十天使用时间","可使用伙伴","","","使用方法：点击使用","","","0","","","","0","","","","","","","","","","","","","","","1","","","","","","","","0","0","0","0","0","0"
"332056","518","唐僧（永久）","ff6ddcf6","4","30307","个","0","1","5600","true","0","0","0","0","0","0","0","false","false","false","0","0","1","1","1","0","0","5000000","获得永久使用权","可使用伙伴","","","使用方法：点击使用","","","0","","","","0","","","","","","","","","","","","","","","1","","","","","","","","0","0","0","0","0","0"
"332057","518","百花羞（7天）","ff6ddcf6","4","30225","个","0","1","5600","true","0","0","0","0","10800","0","0","false","false","false","0","0","1","1","1","0","0","5000000","增加七天使用时间","可使用伙伴","","","使用方法：点击使用","","","0","","","","0","","","","","","","","","","","","","","","1","","","","","","","","0","0","0","0","0","0"
"332058","518","百花羞（30天）","ff6ddcf6","4","30225","个","0","1","5600","true","0","0","0","0","25200","0","0","false","false","false","0","0","1","1","1","0","0","5000000","增加三十天使用时间","可使用伙伴","","","使用方法：点击使用","","","0","","","","0","","","","","","","","","","","","","","","1","","","","","","","","0","0","0","0","0","0"
"332059","518","百花羞（永久）","ff6ddcf6","4","30225","个","0","1","5600","true","0","0","0","0","0","0","0","false","false","false","0","0","1","1","1","0","0","5000000","获得永久使用权","可使用伙伴","","","使用方法：点击使用","","","0","","","","0","","","","","","","","","","","","","","","1","","","","","","","","0","0","0","0","0","0"
"332060","518","仙女（7天）","ff6ddcf6","4","30205","个","0","1","5600","true","0","0","0","0","10800","0","0","false","false","false","0","0","1","1","1","0","0","5000000","增加七天使用时间","可使用伙伴","","","使用方法：点击使用","","","0","","","","0","","","","","","","","","","","","","","","1","","","","","","","","0","0","0","0","0","0"
"332061","518","仙女（30天）","ff6ddcf6","4","30205","个","0","1","5600","true","0","0","0","0","25200","0","0","false","false","false","0","0","1","1","1","0","0","5000000","增加三十天使用时间","可使用伙伴","","","使用方法：点击使用","","","0","","","","0","","","","","","","","","","","","","","","1","","","","","","","","0","0","0","0","0","0"
"332062","518","仙女（永久）","ff6ddcf6","4","30205","个","0","1","5600","true","0","0","0","0","0","0","0","false","false","false","0","0","1","1","1","0","0","5000000","获得永久使用权","可使用伙伴","","","使用方法：点击使用","","","0","","","","0","","","","","","","","","","","","","","","1","","","","","","","","0","0","0","0","0","0"
"332063","518","玉面狐狸（7天）","ff6ddcf6","4","30312","个","0","1","5600","true","0","0","0","0","10800","0","0","false","false","false","0","0","1","1","1","0","0","5000000","增加七天使用时间","可使用伙伴","","","使用方法：点击使用","","","0","","","","0","","","","","","","","","","","","","","","1","","","","","","","","0","0","0","0","0","0"
"332064","518","玉面狐狸（30天）","ff6ddcf6","4","30312","个","0","1","5600","true","0","0","0","0","25200","0","0","false","false","false","0","0","1","1","1","0","0","5000000","增加三十天使用时间","可使用伙伴","","","使用方法：点击使用","","","0","","","","0","","","","","","","","","","","","","","","1","","","","","","","","0","0","0","0","0","0"
"332065","518","玉面狐狸（永久）","ff6ddcf6","4","30312","个","0","1","5600","true","0","0","0","0","0","0","0","false","false","false","0","0","1","1","1","0","0","5000000","获得永久使用权","可使用伙伴","","","使用方法：点击使用","","","0","","","","0","","","","","","","","","","","","","","","1","","","","","","","","0","0","0","0","0","0"
"332066","518","书生（7天）","ff6ddcf6","4","30245","个","0","1","5600","true","0","0","0","0","10800","0","0","false","false","false","0","0","1","1","1","0","0","5000000","增加七天使用时间","可使用伙伴","","","使用方法：点击使用","","","0","","","","0","","","","","","","","","","","","","","","1","","","","","","","","0","0","0","0","0","0"
"332067","518","书生（30天）","ff6ddcf6","4","30245","个","0","1","5600","true","0","0","0","0","25200","0","0","false","false","false","0","0","1","1","1","0","0","5000000","增加三十天使用时间","可使用伙伴","","","使用方法：点击使用","","","0","","","","0","","","","","","","","","","","","","","","1","","","","","","","","0","0","0","0","0","0"
"332068","518","书生（永久）","ff6ddcf6","4","30245","个","0","1","5600","true","0","0","0","0","0","0","0","false","false","false","0","0","1","1","1","0","0","5000000","获得永久使用权","可使用伙伴","","","使用方法：点击使用","","","0","","","","0","","","","","","","","","","","","","","","1","","","","","","","","0","0","0","0","0","0"
"332069","518","红孩儿（7天）","ff6ddcf6","4","30254","个","0","1","5600","true","0","0","0","0","10800","0","0","false","false","false","0","0","1","1","1","0","0","5000000","增加七天使用时间","可使用伙伴","","","使用方法：点击使用","","","0","","","","0","","","","","","","","","","","","","","","1","","","","","","","","0","0","0","0","0","0"
"332070","518","红孩儿（30天）","ff6ddcf6","4","30254","个","0","1","5600","true","0","0","0","0","25200","0","0","false","false","false","0","0","1","1","1","0","0","5000000","增加三十天使用时间","可使用伙伴","","","使用方法：点击使用","","","0","","","","0","","","","","","","","","","","","","","","1","","","","","","","","0","0","0","0","0","0"
"332071","518","红孩儿（永久）","ff6ddcf6","4","30254","个","0","1","5600","true","0","0","0","0","0","0","0","false","false","false","0","0","1","1","1","0","0","5000000","获得永久使用权","可使用伙伴","","","使用方法：点击使用","","","0","","","","0","","","","","","","","","","","","","","","1","","","","","","","","0","0","0","0","0","0"
"332072","518","哪咤（7天）","ff6ddcf6","4","30304","个","0","1","5600","true","0","0","0","0","10800","0","0","false","false","false","0","0","1","1","1","0","0","5000000","增加七天使用时间","可使用伙伴","","","使用方法：点击使用","","","0","","","","0","","","","","","","","","","","","","","","1","","","","","","","","0","0","0","0","0","0"
"332073","518","哪咤（30天）","ff6ddcf6","4","30304","个","0","1","5600","true","0","0","0","0","25200","0","0","false","false","false","0","0","1","1","1","0","0","5000000","增加三十天使用时间","可使用伙伴","","","使用方法：点击使用","","","0","","","","0","","","","","","","","","","","","","","","1","","","","","","","","0","0","0","0","0","0"
"332074","518","哪咤（永久）","ff6ddcf6","4","30304","个","0","1","5600","true","0","0","0","0","0","0","0","false","false","false","0","0","1","1","1","0","0","5000000","获得永久使用权","可使用伙伴","","","使用方法：点击使用","","","0","","","","0","","","","","","","","","","","","","","","1","","","","","","","","0","0","0","0","0","0"
"332075","518","九头虫（7天）","ff6ddcf6","4","30317","个","0","1","5600","true","0","0","0","0","10800","0","0","false","false","false","0","0","1","1","1","0","0","5000000","增加七天使用时间","可使用伙伴","","","使用方法：点击使用","","","0","","","","0","","","","","","","","","","","","","","","1","","","","","","","","0","0","0","0","0","0"
"332076","518","九头虫（30天）","ff6ddcf6","4","30317","个","0","1","5600","true","0","0","0","0","25200","0","0","false","false","false","0","0","1","1","1","0","0","5000000","增加三十天使用时间","可使用伙伴","","","使用方法：点击使用","","","0","","","","0","","","","","","","","","","","","","","","1","","","","","","","","0","0","0","0","0","0"
"332077","518","九头虫（永久）","ff6ddcf6","4","30317","个","0","1","5600","true","0","0","0","0","0","0","0","false","false","false","0","0","1","1","1","0","0","5000000","获得永久使用权","可使用伙伴","","","使用方法：点击使用","","","0","","","","0","","","","","","","","","","","","","","","1","","","","","","","","0","0","0","0","0","0"
"332078","518","呆贼（7天）","ff6ddcf6","4","30202","个","0","1","5600","true","0","0","0","0","10800","0","0","false","false","false","0","0","1","1","1","0","0","5000000","增加七天使用时间","可使用伙伴","","","使用方法：点击使用","","","0","","","","0","","","","","","","","","","","","","","","1","","","","","","","","0","0","0","0","0","0"
"332079","518","呆贼（30天）","ff6ddcf6","4","30202","个","0","1","5600","true","0","0","0","0","25200","0","0","false","false","false","0","0","1","1","1","0","0","5000000","增加三十天使用时间","可使用伙伴","","","使用方法：点击使用","","","0","","","","0","","","","","","","","","","","","","","","1","","","","","","","","0","0","0","0","0","0"
"332080","518","呆贼（永久）","ff6ddcf6","4","30202","个","0","1","5600","true","0","0","0","0","0","0","0","false","false","false","0","0","1","1","1","0","0","5000000","获得永久使用权","可使用伙伴","","","使用方法：点击使用","","","0","","","","0","","","","","","","","","","","","","","","1","","","","","","","","0","0","0","0","0","0"
"332081","518","猪八戒（7天）","ff6ddcf6","4","30259","个","0","1","5600","true","0","0","0","0","10800","0","0","false","false","false","0","0","1","1","1","0","0","5000000","增加七天使用时间","可使用伙伴","","","使用方法：点击使用","","","0","","","","0","","","","","","","","","","","","","","","1","","","","","","","","0","0","0","0","0","0"
"332082","518","猪八戒（30天）","ff6ddcf6","4","30259","个","0","1","5600","true","0","0","0","0","25200","0","0","false","false","false","0","0","1","1","1","0","0","5000000","增加三十天使用时间","可使用伙伴","","","使用方法：点击使用","","","0","","","","0","","","","","","","","","","","","","","","1","","","","","","","","0","0","0","0","0","0"
"332083","518","猪八戒（永久）","ff6ddcf6","4","30259","个","0","1","5600","true","0","0","0","0","0","0","0","false","false","false","0","0","1","1","1","0","0","5000000","获得永久使用权","可使用伙伴","","","使用方法：点击使用","","","0","","","","0","","","","","","","","","","","","","","","1","","","","","","","","0","0","0","0","0","0"
"332084","518","大当家（7天）","ff6ddcf6","4","30310","个","0","1","5600","true","0","0","0","0","10800","0","0","false","false","false","0","0","1","1","1","0","0","5000000","增加七天使用时间","可使用伙伴","","","使用方法：点击使用","","","0","","","","0","","","","","","","","","","","","","","","1","","","","","","","","0","0","0","0","0","0"
"332085","518","大当家（30天）","ff6ddcf6","4","30310","个","0","1","5600","true","0","0","0","0","25200","0","0","false","false","false","0","0","1","1","1","0","0","5000000","增加三十天使用时间","可使用伙伴","","","使用方法：点击使用","","","0","","","","0","","","","","","","","","","","","","","","1","","","","","","","","0","0","0","0","0","0"
"332086","518","大当家（永久）","ff6ddcf6","4","30310","个","0","1","5600","true","0","0","0","0","0","0","0","false","false","false","0","0","1","1","1","0","0","5000000","获得永久使用权","可使用伙伴","","","使用方法：点击使用","","","0","","","","0","","","","","","","","","","","","","","","1","","","","","","","","0","0","0","0","0","0"
"332087","518","玉兔精（7天）","ff6ddcf6","4","30262","个","0","1","5600","true","0","0","0","0","10800","0","0","false","false","false","0","0","1","1","1","0","0","5000000","增加七天使用时间","可使用伙伴","","","使用方法：点击使用","","","0","","","","0","","","","","","","","","","","","","","","1","","","","","","","","0","0","0","0","0","0"
"332088","518","玉兔精（30天）","ff6ddcf6","4","30262","个","0","1","5600","true","0","0","0","0","25200","0","0","false","false","false","0","0","1","1","1","0","0","5000000","增加三十天使用时间","可使用伙伴","","","使用方法：点击使用","","","0","","","","0","","","","","","","","","","","","","","","1","","","","","","","","0","0","0","0","0","0"
"332089","518","玉兔精（永久）","ff6ddcf6","4","30262","个","0","1","5600","true","0","0","0","0","0","0","0","false","false","false","0","0","1","1","1","0","0","5000000","获得永久使用权","可使用伙伴","","","使用方法：点击使用","","","0","","","","0","","","","","","","","","","","","","","","1","","","","","","","","0","0","0","0","0","0"
"332090","518","黑无常（7天）","ff6ddcf6","4","30322","个","0","1","5600","true","0","0","0","0","10800","0","0","false","false","false","0","0","1","1","1","0","0","5000000","增加七天使用时间","可使用伙伴","","","使用方法：点击使用","","","0","","","","0","","","","","","","","","","","","","","","1","","","","","","","","0","0","0","0","0","0"
"332091","518","黑无常（30天）","ff6ddcf6","4","30322","个","0","1","5600","true","0","0","0","0","25200","0","0","false","false","false","0","0","1","1","1","0","0","5000000","增加三十天使用时间","可使用伙伴","","","使用方法：点击使用","","","0","","","","0","","","","","","","","","","","","","","","1","","","","","","","","0","0","0","0","0","0"
"332092","518","黑无常（永久）","ff6ddcf6","4","30322","个","0","1","5600","true","0","0","0","0","0","0","0","false","false","false","0","0","1","1","1","0","0","5000000","获得永久使用权","可使用伙伴","","","使用方法：点击使用","","","0","","","","0","","","","","","","","","","","","","","","1","","","","","","","","0","0","0","0","0","0"
"332093","518","金角大王（7天）","ff6ddcf6","4","30277","个","0","1","5600","true","0","0","0","0","10800","0","0","false","false","false","0","0","1","1","1","0","0","5000000","增加七天使用时间","可使用伙伴","","","使用方法：点击使用","","","0","","","","0","","","","","","","","","","","","","","","1","","","","","","","","0","0","0","0","0","0"
"332094","518","金角大王（30天）","ff6ddcf6","4","30277","个","0","1","5600","true","0","0","0","0","25200","0","0","false","false","false","0","0","1","1","1","0","0","5000000","增加三十天使用时间","可使用伙伴","","","使用方法：点击使用","","","0","","","","0","","","","","","","","","","","","","","","1","","","","","","","","0","0","0","0","0","0"
"332095","518","金角大王（永久）","ff6ddcf6","4","30277","个","0","1","5600","true","0","0","0","0","0","0","0","false","false","false","0","0","1","1","1","0","0","5000000","获得永久使用权","可使用伙伴","","","使用方法：点击使用","","","0","","","","0","","","","","","","","","","","","","","","1","","","","","","","","0","0","0","0","0","0"
"332096","518","菩提老祖（7天）","ff6ddcf6","4","30314","个","0","1","5600","true","0","0","0","0","10800","0","0","false","false","false","0","0","1","1","1","0","0","5000000","增加七天使用时间","可使用伙伴","","","使用方法：点击使用","","","0","","","","0","","","","","","","","","","","","","","","1","","","","","","","","0","0","0","0","0","0"
"332097","518","菩提老祖（30天）","ff6ddcf6","4","30314","个","0","1","5600","true","0","0","0","0","25200","0","0","false","false","false","0","0","1","1","1","0","0","5000000","增加三十天使用时间","可使用伙伴","","","使用方法：点击使用","","","0","","","","0","","","","","","","","","","","","","","","1","","","","","","","","0","0","0","0","0","0"
"332098","518","菩提老祖（永久）","ff6ddcf6","4","30314","个","0","1","5600","true","0","0","0","0","0","0","0","false","false","false","0","0","1","1","1","0","0","5000000","获得永久使用权","可使用伙伴","","","使用方法：点击使用","","","0","","","","0","","","","","","","","","","","","","","","1","","","","","","","","0","0","0","0","0","0"
"332099","518","菩提老祖（7天）备用","ff6ddcf6","4","30314","个","0","1","5600","true","0","0","0","0","10800","0","0","false","false","false","0","0","1","1","1","0","0","5000000","增加七天使用时间","可使用伙伴","","","使用方法：点击使用","","","0","","","","0","","","","","","","","","","","","","","","1","","","","","","","","0","0","0","0","0","0"
"332100","518","菩提老祖（30天）备用","ff6ddcf6","4","30314","个","0","1","5600","true","0","0","0","0","25200","0","0","false","false","false","0","0","1","1","1","0","0","5000000","增加三十天使用时间","可使用伙伴","","","使用方法：点击使用","","","0","","","","0","","","","","","","","","","","","","","","1","","","","","","","","0","0","0","0","0","0"
"332101","518","菩提老祖（永久）备用","ff6ddcf6","4","30314","个","0","1","5600","true","0","0","0","0","0","0","0","false","false","false","0","0","1","1","1","0","0","5000000","获得永久使用权","可使用伙伴","","","使用方法：点击使用","","","0","","","","0","","","","","","","","","","","","","","","1","","","","","","","","0","0","0","0","0","0"
"111117","96","下面是打造符：编号6","ff6ddcf6","4","1158","个","0","90","5500","true","0","0","0","0","0","0","0","false","false","false","0","0","1","1","999","0","0","5000000","要根据生活技能表进行序号排序，目前只需要120级的","金钱","","0","使用方法：直接获得金钱","","","0","","","","0","","","","","","","","","","","","","","","1","","","","","","","","0","0","0","0","0","0"
"331101","310","10打造符","ff6ddcf6","4","1308","张","10","1","7020","true","1","1","0","0","0","0","0","false","false","false","0","0","1","1","9999","0","0","5000000","用于打造或修理武器，等级不能低于装备等级","","3","161506","使用方法：点击使用","","","3","6","","","0","10","","","","3","1","","","","","","","","","1","30","","","","","","10级","0","0","0","0","0","0"
"331102","310","20打造符","ff6ddcf6","4","1308","张","20","1","7020","true","1","1","0","0","0","0","0","false","false","false","0","0","1","1","9999","0","0","5000000","用于打造或修理武器，等级不能低于装备等级","","3","161506","使用方法：点击使用","","","3","6","","","0","20","","","","3","1","","","","","","","","","1","30","","","","","","20级","0","0","0","0","0","0"
"331103","310","30打造符","ff6ddcf6","4","1308","张","30","1","7020","true","1","1","0","0","0","0","0","false","false","false","0","0","1","1","9999","0","0","5000000","用于打造或修理武器，等级不能低于装备等级","","3","161506","使用方法：点击使用","","","3","6","","","0","30","","","","3","1","","","","","","","","","1","30","","","","","","30级","0","0","0","0","0","0"
"331104","310","40打造符","ff6ddcf6","4","1308","张","40","1","7020","true","1","1","0","0","0","0","0","false","false","false","0","0","1","1","9999","0","0","5000000","用于打造或修理武器，等级不能低于装备等级","","3","161506","使用方法：点击使用","","","3","6","","","0","40","","","","3","1","","","","","","","","","1","30","","","","","","40级","0","0","0","0","0","0"
"331105","310","50打造符","ff6ddcf6","4","1308","张","50","1","7020","true","1","1","0","0","0","0","0","false","false","false","0","0","1","1","9999","0","0","5000000","用于打造或修理武器，等级不能低于装备等级","","3","161506","使用方法：点击使用","","","3","6","","","0","50","","","","3","1","","","","","","","","","1","30","","","","","","50级","0","0","0","0","0","0"
"331106","310","60打造符","ff6ddcf6","4","1308","张","60","1","7020","true","1","1","0","0","0","0","0","false","false","false","0","0","1","1","9999","0","0","5000000","用于打造或修理武器，等级不能低于装备等级","","3","161506","使用方法：点击使用","","","3","6","","","0","60","","","","3","2","1","","","","","","","","1","30","","","","","","60级","0","0","0","0","0","0"
"331107","310","70打造符","ff6ddcf6","4","1308","张","70","1","7020","true","1","1","0","0","0","0","0","false","false","false","0","0","1","1","9999","0","0","5000000","用于打造或修理武器，等级不能低于装备等级","","3","161506","使用方法：点击使用","","","3","6","","","0","70","","","","3","2","1","","","","","","","","1","30","","","","","","70级","0","0","0","0","0","0"
"331108","310","80打造符","ff6ddcf6","4","1308","张","80","1","7020","true","1","1","0","0","0","0","0","false","false","false","0","0","1","1","9999","0","0","5000000","用于打造或修理武器，等级不能低于装备等级","","3","161506","使用方法：点击使用","","","3","6","","","0","80","","","","3","2","1","","","","","","","","1","30","","","","","","80级","0","0","0","0","0","0"
"331109","310","90打造符","ff6ddcf6","4","1308","张","90","1","7020","true","1","1","0","0","0","0","0","false","false","false","0","0","1","1","9999","0","0","5000000","用于打造或修理武器，等级不能低于装备等级","","3","161506","使用方法：点击使用","","","3","6","","","0","90","","","","3","2","1","","","","","","","","1","30","","","","","","90级","0","0","0","0","0","0"
"331110","310","100打造符","ff6ddcf6","4","1308","张","100","1","7020","true","1","1","0","0","0","0","0","false","false","false","0","0","1","1","9999","0","0","5000000","用于打造或修理武器，等级不能低于装备等级","","3","161506","使用方法：点击使用","","","3","6","","","0","100","","","","3","2","1","","","","","","","","1","30","","","","","","100级","0","0","0","0","0","0"
"331111","310","110打造符","ff6ddcf6","4","1308","张","110","1","7020","true","1","1","0","0","0","0","0","false","false","false","0","0","1","1","9999","0","0","5000000","用于打造或修理武器，等级不能低于装备等级","","3","161506","使用方法：点击使用","","","3","6","","","0","110","","","","3","2","4","","","","","","","","1","30","","","","","","110级","0","0","0","0","0","0"
"331112","310","120打造符","ff6ddcf6","4","1308","张","120","1","7020","true","1","1","0","0","0","0","0","false","false","false","0","0","1","1","9999","0","0","5000000","用于打造或修理武器，等级不能低于装备等级","","3","161506","使用方法：点击使用","","","3","6","","","0","120","","","","3","2","4","","","","","","","","1","30","","","","","","120级","0","0","0","0","0","0"
"331113","310","130打造符","ff6ddcf6","4","1308","张","130","1","7020","true","1","1","0","0","0","0","0","false","false","false","0","0","1","1","9999","0","0","5000000","用于打造或修理武器，等级不能低于装备等级","","3","161506","使用方法：点击使用","","","3","6","","","0","130","","","","3","2","4","","","","","","","","1","30","","","","","","120级","0","0","0","0","0","0"
"331114","310","140打造符","ff6ddcf6","4","1308","张","140","1","7020","true","1","1","0","0","0","0","0","false","false","false","0","0","1","1","9999","0","0","5000000","用于打造或修理武器，等级不能低于装备等级","","3","161506","使用方法：点击使用","","","3","6","","","0","140","","","","3","2","4","","","","","","","","1","30","","","","","","120级","0","0","0","0","0","0"
"331115","310","150打造符","ff6ddcf6","4","1308","张","150","1","7020","true","1","1","0","0","0","0","0","false","false","false","0","0","1","1","9999","0","0","5000000","用于打造或修理武器，等级不能低于装备等级","","3","161506","使用方法：点击使用","","","3","6","","","0","150","","","","3","2","4","","","","","","","","1","30","","","","","","120级","0","0","0","0","0","0"
"331116","310","160打造符","ff6ddcf6","4","1308","张","160","1","7020","true","1","1","0","0","0","0","0","false","false","false","0","0","1","1","9999","0","0","5000000","用于打造或修理武器，等级不能低于装备等级","","3","161506","使用方法：点击使用","","","3","6","","","0","160","","","","3","2","4","","","","","","","","1","30","","","","","","120级","0","0","0","0","0","0"
"331117","310","170打造符","ff6ddcf6","4","1308","张","170","1","7020","true","1","1","0","0","0","0","0","false","false","false","0","0","1","1","9999","9999","0","5000000","用于打造或修理武器，等级不能低于装备等级","","3","161506","使用方法：点击使用","","","3","6","","","0","","","","","3","2","","","","","","","","","1","","","","","","","170级","0","0","0","0","0","0"
"331118","310","180打造符","ff6ddcf6","4","1308","张","180","1","7020","true","1","1","0","0","0","0","0","false","false","false","0","0","1","1","9999","9999","0","5000000","用于打造或修理武器，等级不能低于装备等级","","3","161506","使用方法：点击使用","","","3","6","","","0","","","","","3","2","","","","","","","","","1","","","","","","","180级","0","0","0","0","0","0"
"331119","310","190打造符","ff6ddcf6","4","1308","张","190","1","7020","true","1","1","0","0","0","0","0","false","false","false","0","0","1","1","9999","9999","0","5000000","用于打造或修理武器，等级不能低于装备等级","","3","161506","使用方法：点击使用","","","3","6","","","0","","","","","3","2","","","","","","","","","1","","","","","","","190级","0","0","0","0","0","0"
"331120","310","200打造符","ff6ddcf6","4","1308","张","200","1","7020","true","1","1","0","0","0","0","0","false","false","false","0","0","1","1","9999","9999","0","5000000","用于打造或修理武器，等级不能低于装备等级","","3","161506","使用方法：点击使用","","","3","6","","","0","","","","","3","2","","","","","","","","","1","","","","","","","200级","0","0","0","0","0","0"
"111118","96","下面是裁缝符：编号7","ff6ddcf6","4","1158","个","0","90","5500","true","0","0","0","0","0","0","0","false","false","false","0","0","1","1","999","0","0","5000000","要根据生活技能表进行序号排序，目前只需要120级的","金钱","","0","使用方法：直接获得金钱","","","0","","","","0","","","","","","","","","","","","","","","1","","","","","","","0级","0","0","0","0","0","0"
"331131","326","10裁缝符","ff6ddcf6","4","1309","张","10","1","7021","true","1","1","0","0","0","0","0","false","false","false","0","0","1","1","9999","0","0","5000000","用于打造或修理衣服、头盔，等级不能低于装备等级","","3","161506","使用方法：点击使用","","","3","6","","","0","","10","","","3","1","","","","","","","","","1","30","","","","","","10级","0","0","0","0","0","0"
"331132","326","20裁缝符","ff6ddcf6","4","1309","张","20","1","7021","true","1","1","0","0","0","0","0","false","false","false","0","0","1","1","9999","0","0","5000000","用于打造或修理衣服、头盔，等级不能低于装备等级","","3","161506","使用方法：点击使用","","","3","6","","","0","","20","","","3","1","","","","","","","","","1","30","","","","","","20级","0","0","0","0","0","0"
"331133","326","30裁缝符","ff6ddcf6","4","1309","张","30","1","7021","true","1","1","0","0","0","0","0","false","false","false","0","0","1","1","9999","0","0","5000000","用于打造或修理衣服、头盔，等级不能低于装备等级","","3","161506","使用方法：点击使用","","","3","6","","","0","","30","","","3","1","","","","","","","","","1","30","","","","","","30级","0","0","0","0","0","0"
"331134","326","40裁缝符","ff6ddcf6","4","1309","张","40","1","7021","true","1","1","0","0","0","0","0","false","false","false","0","0","1","1","9999","0","0","5000000","用于打造或修理衣服、头盔，等级不能低于装备等级","","3","161506","使用方法：点击使用","","","3","6","","","0","","40","","","3","1","","","","","","","","","1","30","","","","","","40级","0","0","0","0","0","0"
"331135","326","50裁缝符","ff6ddcf6","4","1309","张","50","1","7021","true","1","1","0","0","0","0","0","false","false","false","0","0","1","1","9999","0","0","5000000","用于打造或修理衣服、头盔，等级不能低于装备等级","","3","161506","使用方法：点击使用","","","3","6","","","0","","50","","","3","1","","","","","","","","","1","30","","","","","","50级","0","0","0","0","0","0"
"331136","326","60裁缝符","ff6ddcf6","4","1309","张","60","1","7021","true","1","1","0","0","0","0","0","false","false","false","0","0","1","1","9999","0","0","5000000","用于打造或修理衣服、头盔，等级不能低于装备等级","","3","161506","使用方法：点击使用","","","3","6","","","0","","60","","","3","2","1","","","","","","","","1","30","","","","","","60级","0","0","0","0","0","0"
"331137","326","70裁缝符","ff6ddcf6","4","1309","张","70","1","7021","true","1","1","0","0","0","0","0","false","false","false","0","0","1","1","9999","0","0","5000000","用于打造或修理衣服、头盔，等级不能低于装备等级","","3","161506","使用方法：点击使用","","","3","6","","","0","","70","","","3","2","1","","","","","","","","1","30","","","","","","70级","0","0","0","0","0","0"
"331138","326","80裁缝符","ff6ddcf6","4","1309","张","80","1","7021","true","1","1","0","0","0","0","0","false","false","false","0","0","1","1","9999","0","0","5000000","用于打造或修理衣服、头盔，等级不能低于装备等级","","3","161506","使用方法：点击使用","","","3","6","","","0","","80","","","3","2","1","","","","","","","","1","30","","","","","","80级","0","0","0","0","0","0"
"331139","326","90裁缝符","ff6ddcf6","4","1309","张","90","1","7021","true","1","1","0","0","0","0","0","false","false","false","0","0","1","1","9999","0","0","5000000","用于打造或修理衣服、头盔，等级不能低于装备等级","","3","161506","使用方法：点击使用","","","3","6","","","0","","90","","","3","2","1","","","","","","","","1","30","","","","","","90级","0","0","0","0","0","0"
"331140","326","100裁缝符","ff6ddcf6","4","1309","张","100","1","7021","true","1","1","0","0","0","0","0","false","false","false","0","0","1","1","9999","0","0","5000000","用于打造或修理衣服、头盔，等级不能低于装备等级","","3","161506","使用方法：点击使用","","","3","6","","","0","","100","","","3","2","1","","","","","","","","1","30","","","","","","100级","0","0","0","0","0","0"
"331141","326","110裁缝符","ff6ddcf6","4","1309","张","110","1","7021","true","1","1","0","0","0","0","0","false","false","false","0","0","1","1","9999","0","0","5000000","用于打造或修理衣服、头盔，等级不能低于装备等级","","3","161506","使用方法：点击使用","","","3","6","","","0","","110","","","3","2","4","","","","","","","","1","30","","","","","","110级","0","0","0","0","0","0"
"331142","326","120裁缝符","ff6ddcf6","4","1309","张","120","1","7021","true","1","1","0","0","0","0","0","false","false","false","0","0","1","1","9999","0","0","5000000","用于打造或修理衣服、头盔，等级不能低于装备等级","","3","161506","使用方法：点击使用","","","3","6","","","0","","120","","","3","2","4","","","","","","","","1","30","","","","","","120级","0","0","0","0","0","0"
"331143","326","130裁缝符","ff6ddcf6","4","1309","张","130","1","7021","true","1","1","0","0","0","0","0","false","false","false","0","0","1","1","9999","0","0","5000000","用于打造或修理衣服、头盔，等级不能低于装备等级","","3","161506","使用方法：点击使用","","","3","6","","","0","","130","","","3","2","4","","","","","","","","1","30","","","","","","120级","0","0","0","0","0","0"
"331144","326","140裁缝符","ff6ddcf6","4","1309","张","140","1","7021","true","1","1","0","0","0","0","0","false","false","false","0","0","1","1","9999","0","0","5000000","用于打造或修理衣服、头盔，等级不能低于装备等级","","3","161506","使用方法：点击使用","","","3","6","","","0","","140","","","3","2","4","","","","","","","","1","30","","","","","","120级","0","0","0","0","0","0"
"331145","326","150裁缝符","ff6ddcf6","4","1309","张","150","1","7021","true","1","1","0","0","0","0","0","false","false","false","0","0","1","1","9999","0","0","5000000","用于打造或修理衣服、头盔，等级不能低于装备等级","","3","161506","使用方法：点击使用","","","3","6","","","0","","150","","","3","2","4","","","","","","","","1","30","","","","","","120级","0","0","0","0","0","0"
"331146","326","160裁缝符","ff6ddcf6","4","1309","张","160","1","7021","true","1","1","0","0","0","0","0","false","false","false","0","0","1","1","9999","0","0","5000000","用于打造或修理衣服、头盔，等级不能低于装备等级","","3","161506","使用方法：点击使用","","","3","6","","","0","","160","","","3","2","4","","","","","","","","1","30","","","","","","120级","0","0","0","0","0","0"
"331147","326","170裁缝符","ff6ddcf6","4","1309","张","170","1","7021","true","1","1","0","0","0","0","0","false","false","false","0","0","1","1","9999","9999","0","5000000","用于打造或修理衣服、头盔，等级不能低于装备等级","","3","161506","使用方法：点击使用","","","3","6","","","0","","","","","3","2","","","","","","","","","1","","","","","","","170级","0","0","0","0","0","0"
"331148","326","180裁缝符","ff6ddcf6","4","1309","张","180","1","7021","true","1","1","0","0","0","0","0","false","false","false","0","0","1","1","9999","9999","0","5000000","用于打造或修理衣服、头盔，等级不能低于装备等级","","3","161506","使用方法：点击使用","","","3","6","","","0","","","","","3","2","","","","","","","","","1","","","","","","","180级","0","0","0","0","0","0"
"331149","326","190裁缝符","ff6ddcf6","4","1309","张","190","1","7021","true","1","1","0","0","0","0","0","false","false","false","0","0","1","1","9999","9999","0","5000000","用于打造或修理衣服、头盔，等级不能低于装备等级","","3","161506","使用方法：点击使用","","","3","6","","","0","","","","","3","2","","","","","","","","","1","","","","","","","190级","0","0","0","0","0","0"
"331150","326","200裁缝符","ff6ddcf6","4","1309","张","200","1","7021","true","1","1","0","0","0","0","0","false","false","false","0","0","1","1","9999","9999","0","5000000","用于打造或修理衣服、头盔，等级不能低于装备等级","","3","161506","使用方法：点击使用","","","3","6","","","0","","","","","3","2","","","","","","","","","1","","","","","","","200级","0","0","0","0","0","0"
"111119","96","下面是炼金符：编号8","ff6ddcf6","4","1158","个","0","90","5500","true","0","0","0","0","0","0","0","false","false","false","0","0","1","1","999","0","0","5000000","要根据生活技能表进行序号排序，目前只需要120级的","金钱","","0","使用方法：直接获得金钱","","","0","","","","0","","","","","","","","","","","","","","","1","","","","","","","0级","0","0","0","0","0","0"
"331161","342","10炼金符","ff6ddcf6","4","1310","张","10","1","7022","true","1","1","0","0","0","0","0","false","false","false","0","0","1","1","9999","0","0","5000000","用于打造或修理项链、鞋子、腰带，等级不能低于装备等级","","3","161506","使用方法：点击使用","","","3","6","","","0","","","10","","3","1","","","","","","","","","1","30","","","","","","10级","0","0","0","0","0","0"
"331162","342","20炼金符","ff6ddcf6","4","1310","张","20","1","7022","true","1","1","0","0","0","0","0","false","false","false","0","0","1","1","9999","0","0","5000000","用于打造或修理项链、鞋子、腰带，等级不能低于装备等级","","3","161506","使用方法：点击使用","","","3","6","","","0","","","20","","3","1","","","","","","","","","1","30","","","","","","20级","0","0","0","0","0","0"
"331163","342","30炼金符","ff6ddcf6","4","1310","张","30","1","7022","true","1","1","0","0","0","0","0","false","false","false","0","0","1","1","9999","0","0","5000000","用于打造或修理项链、鞋子、腰带，等级不能低于装备等级","","3","161506","使用方法：点击使用","","","3","6","","","0","","","30","","3","1","","","","","","","","","1","30","","","","","","30级","0","0","0","0","0","0"
"331164","342","40炼金符","ff6ddcf6","4","1310","张","40","1","7022","true","1","1","0","0","0","0","0","false","false","false","0","0","1","1","9999","0","0","5000000","用于打造或修理项链、鞋子、腰带，等级不能低于装备等级","","3","161506","使用方法：点击使用","","","3","6","","","0","","","40","","3","1","","","","","","","","","1","30","","","","","","40级","0","0","0","0","0","0"
"331165","342","50炼金符","ff6ddcf6","4","1310","张","50","1","7022","true","1","1","0","0","0","0","0","false","false","false","0","0","1","1","9999","0","0","5000000","用于打造或修理项链、鞋子、腰带，等级不能低于装备等级","","3","161506","使用方法：点击使用","","","3","6","","","0","","","50","","3","1","","","","","","","","","1","30","","","","","","50级","0","0","0","0","0","0"
"331166","342","60炼金符","ff6ddcf6","4","1310","张","60","1","7022","true","1","1","0","0","0","0","0","false","false","false","0","0","1","1","9999","0","0","5000000","用于打造或修理项链、鞋子、腰带，等级不能低于装备等级","","3","161506","使用方法：点击使用","","","3","6","","","0","","","60","","3","2","1","","","","","","","","1","30","","","","","","60级","0","0","0","0","0","0"
"331167","342","70炼金符","ff6ddcf6","4","1310","张","70","1","7022","true","1","1","0","0","0","0","0","false","false","false","0","0","1","1","9999","0","0","5000000","用于打造或修理项链、鞋子、腰带，等级不能低于装备等级","","3","161506","使用方法：点击使用","","","3","6","","","0","","","70","","3","2","1","","","","","","","","1","30","","","","","","70级","0","0","0","0","0","0"
"331168","342","80炼金符","ff6ddcf6","4","1310","张","80","1","7022","true","1","1","0","0","0","0","0","false","false","false","0","0","1","1","9999","0","0","5000000","用于打造或修理项链、鞋子、腰带，等级不能低于装备等级","","3","161506","使用方法：点击使用","","","3","6","","","0","","","80","","3","2","1","","","","","","","","1","30","","","","","","80级","0","0","0","0","0","0"
"331169","342","90炼金符","ff6ddcf6","4","1310","张","90","1","7022","true","1","1","0","0","0","0","0","false","false","false","0","0","1","1","9999","0","0","5000000","用于打造或修理项链、鞋子、腰带，等级不能低于装备等级","","3","161506","使用方法：点击使用","","","3","6","","","0","","","90","","3","2","1","","","","","","","","1","30","","","","","","90级","0","0","0","0","0","0"
"331170","342","100炼金符","ff6ddcf6","4","1310","张","100","1","7022","true","1","1","0","0","0","0","0","false","false","false","0","0","1","1","9999","0","0","5000000","用于打造或修理项链、鞋子、腰带，等级不能低于装备等级","","3","161506","使用方法：点击使用","","","3","6","","","0","","","100","","3","2","1","","","","","","","","1","30","","","","","","100级","0","0","0","0","0","0"
"331171","342","110炼金符","ff6ddcf6","4","1310","张","110","1","7022","true","1","1","0","0","0","0","0","false","false","false","0","0","1","1","9999","0","0","5000000","用于打造或修理项链、鞋子、腰带，等级不能低于装备等级","","3","161506","使用方法：点击使用","","","3","6","","","0","","","110","","3","2","4","","","","","","","","1","30","","","","","","110级","0","0","0","0","0","0"
"331172","342","120炼金符","ff6ddcf6","4","1310","张","120","1","7022","true","1","1","0","0","0","0","0","false","false","false","0","0","1","1","9999","0","0","5000000","用于打造或修理项链、鞋子、腰带，等级不能低于装备等级","","3","161506","使用方法：点击使用","","","3","6","","","0","","","120","","3","2","4","","","","","","","","1","30","","","","","","120级","0","0","0","0","0","0"
"331173","342","130炼金符","ff6ddcf6","4","1310","张","130","1","7022","true","1","1","0","0","0","0","0","false","false","false","0","0","1","1","9999","0","0","5000000","用于打造或修理项链、鞋子、腰带，等级不能低于装备等级","","3","161506","使用方法：点击使用","","","3","6","","","0","","","130","","3","2","4","","","","","","","","1","30","","","","","","120级","0","0","0","0","0","0"
"331174","342","140炼金符","ff6ddcf6","4","1310","张","140","1","7022","true","1","1","0","0","0","0","0","false","false","false","0","0","1","1","9999","0","0","5000000","用于打造或修理项链、鞋子、腰带，等级不能低于装备等级","","3","161506","使用方法：点击使用","","","3","6","","","0","","","140","","3","2","4","","","","","","","","1","30","","","","","","120级","0","0","0","0","0","0"
"331175","342","150炼金符","ff6ddcf6","4","1310","张","150","1","7022","true","1","1","0","0","0","0","0","false","false","false","0","0","1","1","9999","0","0","5000000","用于打造或修理项链、鞋子、腰带，等级不能低于装备等级","","3","161506","使用方法：点击使用","","","3","6","","","0","","","150","","3","2","4","","","","","","","","1","30","","","","","","120级","0","0","0","0","0","0"
"331176","342","160炼金符","ff6ddcf6","4","1310","张","160","1","7022","true","1","1","0","0","0","0","0","false","false","false","0","0","1","1","9999","0","0","5000000","用于打造或修理项链、鞋子、腰带，等级不能低于装备等级","","3","161506","使用方法：点击使用","","","3","6","","","0","","","160","","3","2","4","","","","","","","","1","30","","","","","","120级","0","0","0","0","0","0"
"331177","342","170炼金符","ff6ddcf6","4","1310","张","170","1","7022","true","1","1","0","0","0","0","0","false","false","false","0","0","1","1","9999","9999","0","5000000","用于打造或修理项链、鞋子、腰带，等级不能低于装备等级","","3","161506","使用方法：点击使用","","","3","6","","","0","","","","","3","2","","","","","","","","","1","","","","","","","170级","0","0","0","0","0","0"
"331178","342","180炼金符","ff6ddcf6","4","1310","张","180","1","7022","true","1","1","0","0","0","0","0","false","false","false","0","0","1","1","9999","9999","0","5000000","用于打造或修理项链、鞋子、腰带，等级不能低于装备等级","","3","161506","使用方法：点击使用","","","3","6","","","0","","","","","3","2","","","","","","","","","1","","","","","","","180级","0","0","0","0","0","0"
"331179","342","190炼金符","ff6ddcf6","4","1310","张","190","1","7022","true","1","1","0","0","0","0","0","false","false","false","0","0","1","1","9999","9999","0","5000000","用于打造或修理项链、鞋子、腰带，等级不能低于装备等级","","3","161506","使用方法：点击使用","","","3","6","","","0","","","","","3","2","","","","","","","","","1","","","","","","","190级","0","0","0","0","0","0"
"331180","342","200炼金符","ff6ddcf6","4","1310","张","200","1","7022","true","1","1","0","0","0","0","0","false","false","false","0","0","1","1","9999","9999","0","5000000","用于打造或修理项链、鞋子、腰带，等级不能低于装备等级","","3","161506","使用方法：点击使用","","","3","6","","","0","","","","","3","2","","","","","","","","","1","","","","","","","200级","0","0","0","0","0","0"
"111120","96","下面是百炼精铁：编号9","ff6ddcf6","4","1158","个","0","90","5500","true","0","0","0","0","0","0","0","false","false","false","0","0","1","1","999","0","0","5000000","添加新等级时需要根据序号排序，不然打造界面不读取物品等级","金钱","","0","使用方法：直接获得金钱","","","0","","","","0","","","","","","","","","","","","","","","1","","","","","","","0级","0","0","0","0","0","0"
"341101","310","10•百炼精铁","ff6ddcf6","4","1311","块","10","1","5500","true","0","0","0","0","0","0","0","false","false","false","0","0","1","1","9999","0","0","5000000","精炼百铁而成，这材料正是为神兵而存在的。","","2","161506","使用方法：点击使用","","","3","6","","","0","","","","","1","7","","","","","","","","","1","","","","","","","10级","0","0","0","0","0","0"
"341102","310","20•百炼精铁","ff6ddcf6","4","1311","块","20","1","5500","true","0","0","0","0","0","0","0","false","false","false","0","0","1","1","9999","0","0","5000000","精炼百铁而成，这材料正是为神兵而存在的。","","2","161506","使用方法：点击使用","","","3","6","","","0","","","","","1","7","","","","","","","","","1","","","","","","","20级","0","0","0","0","0","0"
"341103","310","30•百炼精铁","ff6ddcf6","4","1311","块","30","1","5500","true","0","0","0","0","0","0","0","false","false","false","0","0","1","1","9999","0","0","5000000","精炼百铁而成，这材料正是为神兵而存在的。","","2","161506","使用方法：点击使用","","","3","6","","","0","","","","","1","7","","","","","","","","","1","","","","","","","30级","0","0","0","0","0","0"
"341104","310","40•百炼精铁","ff6ddcf6","4","1311","块","40","1","5500","true","0","0","0","0","0","0","1101","false","false","false","0","0","1","1","9999","0","0","5000000","精炼百铁而成，这材料正是为神兵而存在的。","","2","161506","使用方法：点击使用","","","3","6","","","0","","","","","1","7","","","","","","","","","1","","","","","","","40级","0","0","0","0","0","0"
"341105","310","50•百炼精铁","ff6ddcf6","4","1311","块","50","1","5500","true","0","0","0","0","0","0","1102","false","false","false","0","0","1","1","9999","0","0","5000000","精炼百铁而成，这材料正是为神兵而存在的。","","2","161506","使用方法：点击使用","","","3","6","","","0","","","","","1","7","","","","","","","","","1","","","","","","","50级","0","0","0","0","0","0"
"341106","310","60•百炼精铁","ff6ddcf6","4","1311","块","60","1","5500","true","0","0","0","0","0","0","1103","false","false","false","0","0","1","1","9999","0","0","5000000","精炼百铁而成，这材料正是为神兵而存在的。","","2","161506","使用方法：点击使用","","","3","6","","","0","","","","","1","7","","","","","","","","","1","","","","","","","60级","0","0","0","0","0","0"
"341107","310","70•百炼精铁","ff6ddcf6","4","1311","块","70","1","5500","true","0","0","0","0","0","0","1104","false","false","false","0","0","1","1","9999","0","0","5000000","精炼百铁而成，这材料正是为神兵而存在的。","","2","161506","使用方法：点击使用","","","3","6","","","0","","","","","1","7","","","","","","","","","1","","","","","","","70级","0","0","0","0","0","0"
"341108","310","80•百炼精铁","ff6ddcf6","4","1311","块","80","1","5500","true","1","1","0","0","0","0","0","false","false","false","0","0","1","1","9999","0","60","5000000","精炼百铁而成，这材料正是为神兵而存在的。","","3","161506","使用方法：点击使用","","","3","6","","","0","","","","","1","7","","","","","","","","1","1","30","","","","","","80级","0","0","0","0","0","0"
"341109","310","90•百炼精铁","ff6ddcf6","4","1311","块","90","1","5500","true","1","1","0","0","0","0","0","false","false","false","0","0","1","1","9999","0","60","5000000","精炼百铁而成，这材料正是为神兵而存在的。","","3","161506","使用方法：点击使用","","","3","6","","","0","","","","","2","7","4","","","","","","","1","1","30","","","","","","90级","0","0","0","0","0","0"
"341110","310","100•百炼精铁","ff6ddcf6","4","1311","块","100","1","5500","true","1","1","0","0","0","0","0","false","false","false","0","0","1","1","9999","0","60","5000000","精炼百铁而成，这材料正是为神兵而存在的。","","3","161506","使用方法：点击使用","","","3","6","","","0","","","","","2","7","4","","","","","","","1","1","30","","","","","","100级","0","0","0","0","0","0"
"341111","310","110•百炼精铁","ff6ddcf6","4","1311","块","110","1","5500","true","0","0","0","0","0","0","0","false","false","false","0","0","1","1","9999","0","60","5000000","精炼百铁而成，这材料正是为神兵而存在的。","","3","161506","使用方法：点击使用","","","3","6","","","0","","","","","2","7","4","","","","","","","1","1","30","","","","","","110级","0","0","0","0","0","0"
"341112","310","120•百炼精铁","ff6ddcf6","4","1311","块","120","1","5500","true","0","0","0","0","0","0","0","false","false","false","0","0","1","1","9999","0","60","5000000","精炼百铁而成，这材料正是为神兵而存在的。","","3","161506","使用方法：点击使用","","","3","6","","","0","","","","","2","7","4","","","","","","","1","1","30","","","","","","120级","0","0","0","0","0","0"
"341113","310","130•百炼精铁","ff6ddcf6","4","1311","块","130","1","5500","true","0","0","0","0","0","0","0","false","false","false","0","0","1","1","9999","0","60","5000000","精炼百铁而成，这材料正是为神兵而存在的。","","3","161506","使用方法：点击使用","","","3","6","","","0","","","","","2","7","4","","","","","","","1","1","30","","","","","","120级","0","0","0","0","0","0"
"341114","310","140•百炼精铁","ff6ddcf6","4","1311","块","140","1","5500","true","0","0","0","0","0","0","0","false","false","false","0","0","1","1","9999","0","60","5000000","精炼百铁而成，这材料正是为神兵而存在的。","","3","161506","使用方法：点击使用","","","3","6","","","0","","","","","2","7","4","","","","","","","1","1","30","","","","","","120级","0","0","0","0","0","0"
"341115","310","150•百炼精铁","ff6ddcf6","4","1311","块","150","1","5500","true","0","0","0","0","0","0","0","false","false","false","0","0","1","1","9999","0","60","5000000","精炼百铁而成，这材料正是为神兵而存在的。","","3","161506","使用方法：点击使用","","","3","6","","","0","","","","","2","7","4","","","","","","","1","1","30","","","","","","120级","0","0","0","0","0","0"
"341116","310","160•百炼精铁","ff6ddcf6","4","1311","块","160","1","5500","true","0","0","0","0","0","0","0","false","false","false","0","0","1","1","9999","0","60","5000000","精炼百铁而成，这材料正是为神兵而存在的。","","3","161506","使用方法：点击使用","","","3","6","","","0","","","","","2","7","4","","","","","","","1","1","30","","","","","","120级","0","0","0","0","0","0"
"341117","310","170•百炼精铁","ff6ddcf6","4","1311","块","170","1","5500","true","0","0","0","0","0","0","0","false","false","false","0","0","1","1","9999","9999","60","5000000","精炼百铁而成，这材料正是为神兵而存在的。","","3","161506","使用方法：点击使用","","","3","6","","","0","","","","","2","7","","","","","","","","1","1","","","","","","","170级","0","0","0","0","0","0"
"341118","310","180•百炼精铁","ff6ddcf6","4","1311","块","180","1","5500","true","0","0","0","0","0","0","0","false","false","false","0","0","1","1","9999","9999","60","5000000","精炼百铁而成，这材料正是为神兵而存在的。","","3","161506","使用方法：点击使用","","","3","6","","","0","","","","","2","7","","","","","","","","1","1","","","","","","","180级","0","0","0","0","0","0"
"341119","310","190•百炼精铁","ff6ddcf6","4","1311","块","190","1","5500","true","0","0","0","0","0","0","0","false","false","false","0","0","1","1","9999","9999","60","5000000","精炼百铁而成，这材料正是为神兵而存在的。","","3","161506","使用方法：点击使用","","","3","6","","","0","","","","","2","7","","","","","","","","1","1","","","","","","","190级","0","0","0","0","0","0"
"341120","310","200•百炼精铁","ff6ddcf6","4","1311","块","200","1","5500","true","0","0","0","0","0","0","0","false","false","false","0","0","1","1","9999","9999","60","5000000","精炼百铁而成，这材料正是为神兵而存在的。","","3","161506","使用方法：点击使用","","","3","6","","","0","","","","","2","7","","","","","","","","1","1","","","","","","","200级","0","0","0","0","0","0"
"111121","96","制造书，60级以下已隐藏：编号10","ff6ddcf6","4","1158","个","0","90","5500","true","0","0","0","0","0","0","0","false","false","false","0","0","1","1","999","0","0","5000000","添加新等级时需要根据序号排序，不然打造界面不读取物品等级","金钱","","0","使用方法：直接获得金钱","","","0","","","","0","","","","","","","","","","","","","","","1","","","","","","","0级","0","0","0","0","0","0"
"350000","422","制造书•剑","ff6ddcf6","4","1312","本","1","1","7050","true","0","0","0","0","0","0","0","false","false","false","0","0","1","1","999","0","0","5000000","<T t=""角色限制：剑侠客"" c=""FFFFF2DF"" f=""simhei-11""></T><B></B><B></B><T t=""记载剑打造方法的书卷，可以和百炼精铁一起打造装备。"" c=""FFFFF2DF"" f=""simhei-11""></T>","","2","161506","使用方法：点击使用","","","3","6","","","0","","","","","1","","","","","","","","","","1","","","","","","","1级","0","0","0","0","0","0"
"350001","422","制造书•枪","ff6ddcf6","4","1313","本","1","1","7050","true","0","0","0","0","0","0","0","false","false","false","0","0","1","1","999","0","0","5000000","<T t=""角色限制：龙太子"" c=""FFFFF2DF"" f=""simhei-11""></T><B></B><B></B><T t=""记载枪打造方法的书卷，可以和百炼精铁一起打造装备。"" c=""FFFFF2DF"" f=""simhei-11""></T>","","2","161506","使用方法：点击使用","","","3","6","","","0","","","","","1","","","","","","","","","","1","","","","","","","1级","0","0","0","0","0","0"
"350002","422","制造书•斧钺","ff6ddcf6","4","1314","本","1","1","7050","true","0","0","0","0","0","0","0","false","false","false","0","0","1","1","999","0","0","5000000","<T t=""角色限制：虎头怪"" c=""FFFFF2DF"" f=""simhei-11""></T><B></B><B></B><T t=""记载斧钺打造方法的书卷，可以和百炼精铁一起打造装备。"" c=""FFFFF2DF"" f=""simhei-11""></T>","","2","161506","使用方法：点击使用","","","3","6","","","0","","","","","1","","","","","","","","","","1","","","","","","","1级","0","0","0","0","0","0"
"350003","422","制造书•扇","ff6ddcf6","4","1315","本","1","1","7050","true","0","0","0","0","0","0","0","false","false","false","0","0","1","1","999","0","0","5000000","<T t=""角色限制：逍遥生"" c=""FFFFF2DF"" f=""simhei-11""></T><B></B><B></B><T t=""记载扇子打造方法的书卷，可以和百炼精铁一起打造装备。"" c=""FFFFF2DF"" f=""simhei-11""></T>","","2","161506","使用方法：点击使用","","","3","6","","","0","","","","","1","","","","","","","","","","1","","","","","","","1级","0","0","0","0","0","0"
"350004","422","制造书•魔棒","ff6ddcf6","4","1316","本","1","1","7050","true","0","0","0","0","0","0","0","false","false","false","0","0","1","1","999","0","0","5000000","<T t=""角色限制：玄彩娥"" c=""FFFFF2DF"" f=""simhei-11""></T><B></B><B></B><T t=""记载魔棒打造方法的书卷，可以和百炼精铁一起打造装备。"" c=""FFFFF2DF"" f=""simhei-11""></T>","","2","161506","使用方法：点击使用","","","3","6","","","0","","","","","1","","","","","","","","","","1","","","","","","","1级","0","0","0","0","0","0"
"350005","422","制造书•爪刺","ff6ddcf6","4","1317","本","1","1","7050","true","0","0","0","0","0","0","0","false","false","false","0","0","1","1","999","0","0","5000000","<T t=""角色限制：骨精灵"" c=""FFFFF2DF"" f=""simhei-11""></T><B></B><B></B><T t=""记载爪刺打造方法的书卷，可以和百炼精铁一起打造装备。"" c=""FFFFF2DF"" f=""simhei-11""></T>","","2","161506","使用方法：点击使用","","","3","6","","","0","","","","","1","","","","","","","","","","1","","","","","","","1级","0","0","0","0","0","0"
"350006","422","制造书•锤","ff6ddcf6","4","1318","本","1","1","7050","true","0","0","0","0","0","0","0","false","false","false","0","0","1","1","999","0","0","5000000","<T t=""角色限制：神天兵"" c=""FFFFF2DF"" f=""simhei-11""></T><B></B><B></B><T t=""记载锤打造方法的书卷，可以和百炼精铁一起打造装备。"" c=""FFFFF2DF"" f=""simhei-11""></T>","","2","161506","使用方法：点击使用","","","3","6","","","0","","","","","1","","","","","","","","","","1","","","","","","","1级","0","0","0","0","0","0"
"350007","422","制造书•鞭","ff6ddcf6","4","1319","本","1","1","7050","true","0","0","0","0","0","0","0","false","false","false","0","0","1","1","999","0","0","5000000","<T t=""角色限制：狐美人"" c=""FFFFF2DF"" f=""simhei-11""></T><B></B><B></B><T t=""记载鞭打造方法的书卷，可以和百炼精铁一起打造装备。"" c=""FFFFF2DF"" f=""simhei-11""></T>","","2","161506","使用方法：点击使用","","","3","6","","","0","","","","","1","","","","","","","","","","1","","","","","","","1级","0","0","0","0","0","0"
"350008","422","制造书•环圈","ff6ddcf6","4","1320","本","1","1","7050","true","0","0","0","0","0","0","0","false","false","false","0","0","1","1","999","0","0","5000000","<T t=""角色限制：飞燕女"" c=""FFFFF2DF"" f=""simhei-11""></T><B></B><B></B><T t=""记载环圈打造方法的书卷，可以和百炼精铁一起打造装备。"" c=""FFFFF2DF"" f=""simhei-11""></T>","","2","161506","使用方法：点击使用","","","3","6","","","0","","","","","1","","","","","","","","","","1","","","","","","","1级","0","0","0","0","0","0"
"350009","422","制造书•弓","ff6ddcf6","4","1321","本","1","1","7050","true","0","0","0","0","0","0","0","false","false","false","0","0","1","1","999","0","0","5000000","<T t=""角色限制：杀破狼"" c=""FFFFF2DF"" f=""simhei-11""></T><B></B><B></B><T t=""记载弓打造方法的书卷，可以和百炼精铁一起打造装备。"" c=""FFFFF2DF"" f=""simhei-11""></T>","","2","161506","使用方法：点击使用","","","3","6","","","0","","","","","1","","","","","","","","","","1","","","","","","","1级","0","0","0","0","0","0"
"350010","422","制造书•飘带","ff6ddcf6","4","1322","本","1","1","7050","true","0","0","0","0","0","0","0","false","false","false","0","0","1","1","999","0","0","5000000","<T t=""角色限制：舞天姬"" c=""FFFFF2DF"" f=""simhei-11""></T><B></B><B></B><T t=""记载飘带打造方法的书卷，可以和百炼精铁一起打造装备。"" c=""FFFFF2DF"" f=""simhei-11""></T>","","2","161506","使用方法：点击使用","","","3","6","","","0","","","","","1","","","","","","","","","","1","","","","","","","1级","0","0","0","0","0","0"
"350011","422","制造书•宝珠","ff6ddcf6","4","1323","本","1","1","7050","true","0","0","0","0","0","0","0","false","false","false","0","0","1","1","999","0","0","5000000","<T t=""角色限制：梦玲珑"" c=""FFFFF2DF"" f=""simhei-11""></T><B></B><B></B><T t=""记载宝珠打造方法的书卷，可以和百炼精铁一起打造装备。"" c=""FFFFF2DF"" f=""simhei-11""></T>","","2","161506","使用方法：点击使用","","","3","6","","","0","","","","","1","","","","","","","","","","1","","","","","","","1级","0","0","0","0","0","0"
"350012","422","制造书•长刀","ff6ddcf6","4","1324","本","1","1","7050","true","0","0","0","0","0","0","0","false","false","false","0","0","1","1","999","0","0","5000000","<T t=""角色限制：巨魔王"" c=""FFFFF2DF"" f=""simhei-11""></T><B></B><B></B><T t=""记载长刀打造方法的书卷，可以和百炼精铁一起打造装备。"" c=""FFFFF2DF"" f=""simhei-11""></T>","","2","161506","使用方法：点击使用","","","3","6","","","0","","","","","1","","","","","","","","","","1","","","","","","","1级","0","0","0","0","0","0"
"350013","422","制造书•双短剑","ff6ddcf6","4","1325","本","1","1","7050","true","0","0","0","0","0","0","0","false","false","false","0","0","1","1","999","0","0","5000000","<T t=""角色限制：英女侠"" c=""FFFFF2DF"" f=""simhei-11""></T><B></B><B></B><T t=""记载双短剑打造方法的书卷，可以和百炼精铁一起打造装备。"" c=""FFFFF2DF"" f=""simhei-11""></T>","","2","161506","使用方法：点击使用","","","3","6","","","0","","","","","1","","","","","","","","","","1","","","","","","","1级","0","0","0","0","0","0"
"350014","422","制造书•降魔杵","ff6ddcf6","4","1326","本","1","1","7050","true","0","0","0","0","0","0","0","false","false","false","0","0","1","1","999","0","0","5000000","<T t=""角色限制：羽灵神"" c=""FFFFF2DF"" f=""simhei-11""></T><B></B><B></B><T t=""记载降魔杵打造方法的书卷，可以和百炼精铁一起打造装备。"" c=""FFFFF2DF"" f=""simhei-11""></T>","","2","161506","使用方法：点击使用","","","3","6","","","0","","","","","1","","","","","","","","","","1","","","","","","","1级","0","0","0","0","0","0"
"350015","422","制造书•法杖","ff6ddcf6","4","1327","本","1","1","7050","true","0","0","0","0","0","0","0","false","false","false","0","0","1","1","999","0","0","5000000","<T t=""角色限制：巫蛮儿"" c=""FFFFF2DF"" f=""simhei-11""></T><B></B><B></B><T t=""记载法杖打造方法的书卷，可以和百炼精铁一起打造装备。"" c=""FFFFF2DF"" f=""simhei-11""></T>","","2","161506","使用方法：点击使用","","","3","6","","","0","","","","","1","","","","","","","","","","1","","","","","","","1级","0","0","0","0","0","0"
"350016","422","制造书•弯刀","ff6ddcf6","4","1328","本","1","1","7050","true","0","0","0","0","0","0","0","false","false","false","0","0","1","1","999","0","0","5000000","<T t=""角色限制：漠少君"" c=""FFFFF2DF"" f=""simhei-11""></T><B></B><B></B><T t=""记载弯刀打造方法的书卷，可以和百炼精铁一起打造装备。"" c=""FFFFF2DF"" f=""simhei-11""></T>","","2","161506","使用方法：点击使用","","","3","6","","","0","","","","","1","","","","","","","","","","1","","","","","","","1级","0","0","0","0","0","0"
"350017","422","制造书•男衣","ff6ddcf6","4","1329","本","1","1","7051","true","0","0","0","0","0","0","0","false","false","false","0","0","1","1","999","0","0","5000000","<T t=""性别限制：男"" c=""FFFFF2DF"" f=""simhei-11""></T><B></B><B></B><T t=""记载男衣打造方法的书卷，可以和百炼精铁一起打造装备。"" c=""FFFFF2DF"" f=""simhei-11""></T>","","2","161506","使用方法：点击使用","","","3","6","","","0","","","","","1","","","","","","","","","","1","","","","","","","1级","0","0","0","0","0","0"
"350018","422","制造书•女衣","ff6ddcf6","4","1330","本","1","1","7052","true","0","0","0","0","0","0","0","false","false","false","0","0","1","1","999","0","0","5000000","<T t=""性别限制：女"" c=""FFFFF2DF"" f=""simhei-11""></T><B></B><B></B><T t=""记载女衣打造方法的书卷，可以和百炼精铁一起打造装备。"" c=""FFFFF2DF"" f=""simhei-11""></T>","","2","161506","使用方法：点击使用","","","3","6","","","0","","","","","1","","","","","","","","","","1","","","","","","","1级","0","0","0","0","0","0"
"350019","422","制造书•头盔","ff6ddcf6","4","1331","本","1","1","7053","true","0","0","0","0","0","0","0","false","false","false","0","0","1","1","999","0","0","5000000","<T t=""性别限制：男"" c=""FFFFF2DF"" f=""simhei-11""></T><B></B><B></B><T t=""记载头盔打造方法的书卷，可以和百炼精铁一起打造装备。"" c=""FFFFF2DF"" f=""simhei-11""></T>","","2","161506","使用方法：点击使用","","","3","6","","","0","","","","","1","","","","","","","","","","1","","","","","","","1级","0","0","0","0","0","0"
"350020","422","制造书•发钗","ff6ddcf6","4","1332","本","1","1","7054","true","0","0","0","0","0","0","0","false","false","false","0","0","1","1","999","0","0","5000000","<T t=""性别限制：女"" c=""FFFFF2DF"" f=""simhei-11""></T><B></B><B></B><T t=""记载发钗打造方法的书卷，可以和百炼精铁一起打造装备。"" c=""FFFFF2DF"" f=""simhei-11""></T>","","2","161506","使用方法：点击使用","","","3","6","","","0","","","","","1","","","","","","","","","","1","","","","","","","1级","0","0","0","0","0","0"
"350021","422","制造书•项链","ff6ddcf6","4","1333","本","1","1","7055","true","0","0","0","0","0","0","0","false","false","false","0","0","1","1","999","0","0","5000000","<T t=""记载项链打造方法的书卷，可以和百炼精铁一起打造装备。"" c=""FFFFF2DF"" f=""simhei-11""></T>","","2","161506","使用方法：点击使用","","","3","6","","","0","","","","","1","","","","","","","","","","1","","","","","","","1级","0","0","0","0","0","0"
"350022","422","制造书•腰带","ff6ddcf6","4","1334","本","1","1","7056","true","0","0","0","0","0","0","0","false","false","false","0","0","1","1","999","0","0","5000000","<T t=""记载腰带打造方法的书卷，可以和百炼精铁一起打造装备。"" c=""FFFFF2DF"" f=""simhei-11""></T>","","2","161506","使用方法：点击使用","","","3","6","","","0","","","","","1","","","","","","","","","","1","","","","","","","1级","0","0","0","0","0","0"
"350023","422","制造书•鞋子","ff6ddcf6","4","1335","本","1","1","7057","true","0","0","0","0","0","0","0","false","false","false","0","0","1","1","999","0","0","5000000","<T t=""记载鞋子打造方法的书卷，可以和百炼精铁一起打造装备。"" c=""FFFFF2DF"" f=""simhei-11""></T>","","2","161506","使用方法：点击使用","","","3","6","","","0","","","","","1","","","","","","","","","","1","","","","","","","1级","0","0","0","0","0","0"
"350100","422","制造书•剑","ff6ddcf6","4","1312","本","10","1","7050","true","0","0","0","0","0","0","0","false","false","false","0","0","1","1","999","0","0","5000000","<T t=""角色限制：剑侠客"" c=""FFFFF2DF"" f=""simhei-11""></T><B></B><B></B><T t=""记载剑打造方法的书卷，可以和百炼精铁一起打造装备。"" c=""FFFFF2DF"" f=""simhei-11""></T>","","2","161506","使用方法：点击使用","","","3","6","","","0","","","","","1","","","","","","","","","","1","","","","","","","10级","0","0","0","0","0","0"
"350101","422","制造书•枪","ff6ddcf6","4","1313","本","10","1","7050","true","0","0","0","0","0","0","0","false","false","false","0","0","1","1","999","0","0","5000000","<T t=""角色限制：龙太子"" c=""FFFFF2DF"" f=""simhei-11""></T><B></B><B></B><T t=""记载枪打造方法的书卷，可以和百炼精铁一起打造装备。"" c=""FFFFF2DF"" f=""simhei-11""></T>","","2","161506","使用方法：点击使用","","","3","6","","","0","","","","","1","","","","","","","","","","1","","","","","","","10级","0","0","0","0","0","0"
"350102","422","制造书•斧钺","ff6ddcf6","4","1314","本","10","1","7050","true","0","0","0","0","0","0","0","false","false","false","0","0","1","1","999","0","0","5000000","<T t=""角色限制：虎头怪"" c=""FFFFF2DF"" f=""simhei-11""></T><B></B><B></B><T t=""记载斧钺打造方法的书卷，可以和百炼精铁一起打造装备。"" c=""FFFFF2DF"" f=""simhei-11""></T>","","2","161506","使用方法：点击使用","","","3","6","","","0","","","","","1","","","","","","","","","","1","","","","","","","10级","0","0","0","0","0","0"
"350103","422","制造书•扇","ff6ddcf6","4","1315","本","10","1","7050","true","0","0","0","0","0","0","0","false","false","false","0","0","1","1","999","0","0","5000000","<T t=""角色限制：逍遥生"" c=""FFFFF2DF"" f=""simhei-11""></T><B></B><B></B><T t=""记载扇子打造方法的书卷，可以和百炼精铁一起打造装备。"" c=""FFFFF2DF"" f=""simhei-11""></T>","","2","161506","使用方法：点击使用","","","3","6","","","0","","","","","1","","","","","","","","","","1","","","","","","","10级","0","0","0","0","0","0"
"350104","422","制造书•魔棒","ff6ddcf6","4","1316","本","10","1","7050","true","0","0","0","0","0","0","0","false","false","false","0","0","1","1","999","0","0","5000000","<T t=""角色限制：玄彩娥"" c=""FFFFF2DF"" f=""simhei-11""></T><B></B><B></B><T t=""记载魔棒打造方法的书卷，可以和百炼精铁一起打造装备。"" c=""FFFFF2DF"" f=""simhei-11""></T>","","2","161506","使用方法：点击使用","","","3","6","","","0","","","","","1","","","","","","","","","","1","","","","","","","10级","0","0","0","0","0","0"
"350105","422","制造书•爪刺","ff6ddcf6","4","1317","本","10","1","7050","true","0","0","0","0","0","0","0","false","false","false","0","0","1","1","999","0","0","5000000","<T t=""角色限制：骨精灵"" c=""FFFFF2DF"" f=""simhei-11""></T><B></B><B></B><T t=""记载爪刺打造方法的书卷，可以和百炼精铁一起打造装备。"" c=""FFFFF2DF"" f=""simhei-11""></T>","","2","161506","使用方法：点击使用","","","3","6","","","0","","","","","1","","","","","","","","","","1","","","","","","","10级","0","0","0","0","0","0"
"350106","422","制造书•锤","ff6ddcf6","4","1318","本","10","1","7050","true","0","0","0","0","0","0","0","false","false","false","0","0","1","1","999","0","0","5000000","<T t=""角色限制：神天兵"" c=""FFFFF2DF"" f=""simhei-11""></T><B></B><B></B><T t=""记载锤打造方法的书卷，可以和百炼精铁一起打造装备。"" c=""FFFFF2DF"" f=""simhei-11""></T>","","2","161506","使用方法：点击使用","","","3","6","","","0","","","","","1","","","","","","","","","","1","","","","","","","10级","0","0","0","0","0","0"
"350107","422","制造书•鞭","ff6ddcf6","4","1319","本","10","1","7050","true","0","0","0","0","0","0","0","false","false","false","0","0","1","1","999","0","0","5000000","<T t=""角色限制：狐美人"" c=""FFFFF2DF"" f=""simhei-11""></T><B></B><B></B><T t=""记载鞭打造方法的书卷，可以和百炼精铁一起打造装备。"" c=""FFFFF2DF"" f=""simhei-11""></T>","","2","161506","使用方法：点击使用","","","3","6","","","0","","","","","1","","","","","","","","","","1","","","","","","","10级","0","0","0","0","0","0"
"350108","422","制造书•环圈","ff6ddcf6","4","1320","本","10","1","7050","true","0","0","0","0","0","0","0","false","false","false","0","0","1","1","999","0","0","5000000","<T t=""角色限制：飞燕女"" c=""FFFFF2DF"" f=""simhei-11""></T><B></B><B></B><T t=""记载环圈打造方法的书卷，可以和百炼精铁一起打造装备。"" c=""FFFFF2DF"" f=""simhei-11""></T>","","2","161506","使用方法：点击使用","","","3","6","","","0","","","","","1","","","","","","","","","","1","","","","","","","10级","0","0","0","0","0","0"
"350109","422","制造书•弓","ff6ddcf6","4","1321","本","10","1","7050","true","0","0","0","0","0","0","0","false","false","false","0","0","1","1","999","0","0","5000000","<T t=""角色限制：杀破狼"" c=""FFFFF2DF"" f=""simhei-11""></T><B></B><B></B><T t=""记载弓打造方法的书卷，可以和百炼精铁一起打造装备。"" c=""FFFFF2DF"" f=""simhei-11""></T>","","2","161506","使用方法：点击使用","","","3","6","","","0","","","","","1","","","","","","","","","","1","","","","","","","10级","0","0","0","0","0","0"
"350110","422","制造书•飘带","ff6ddcf6","4","1322","本","10","1","7050","true","0","0","0","0","0","0","0","false","false","false","0","0","1","1","999","0","0","5000000","<T t=""角色限制：舞天姬"" c=""FFFFF2DF"" f=""simhei-11""></T><B></B><B></B><T t=""记载飘带打造方法的书卷，可以和百炼精铁一起打造装备。"" c=""FFFFF2DF"" f=""simhei-11""></T>","","2","161506","使用方法：点击使用","","","3","6","","","0","","","","","1","","","","","","","","","","1","","","","","","","10级","0","0","0","0","0","0"
"350111","422","制造书•宝珠","ff6ddcf6","4","1323","本","10","1","7050","true","0","0","0","0","0","0","0","false","false","false","0","0","1","1","999","0","0","5000000","<T t=""角色限制：梦玲珑"" c=""FFFFF2DF"" f=""simhei-11""></T><B></B><B></B><T t=""记载宝珠打造方法的书卷，可以和百炼精铁一起打造装备。"" c=""FFFFF2DF"" f=""simhei-11""></T>","","2","161506","使用方法：点击使用","","","3","6","","","0","","","","","1","","","","","","","","","","1","","","","","","","10级","0","0","0","0","0","0"
"350112","422","制造书•长刀","ff6ddcf6","4","1324","本","10","1","7050","true","0","0","0","0","0","0","0","false","false","false","0","0","1","1","999","0","0","5000000","<T t=""角色限制：巨魔王"" c=""FFFFF2DF"" f=""simhei-11""></T><B></B><B></B><T t=""记载长刀打造方法的书卷，可以和百炼精铁一起打造装备。"" c=""FFFFF2DF"" f=""simhei-11""></T>","","2","161506","使用方法：点击使用","","","3","6","","","0","","","","","1","","","","","","","","","","1","","","","","","","10级","0","0","0","0","0","0"
"350113","422","制造书•双短剑","ff6ddcf6","4","1325","本","10","1","7050","true","0","0","0","0","0","0","0","false","false","false","0","0","1","1","999","0","0","5000000","<T t=""角色限制：英女侠"" c=""FFFFF2DF"" f=""simhei-11""></T><B></B><B></B><T t=""记载双短剑打造方法的书卷，可以和百炼精铁一起打造装备。"" c=""FFFFF2DF"" f=""simhei-11""></T>","","2","161506","使用方法：点击使用","","","3","6","","","0","","","","","1","","","","","","","","","","1","","","","","","","10级","0","0","0","0","0","0"
"350114","422","制造书•降魔杵","ff6ddcf6","4","1326","本","10","1","7050","true","0","0","0","0","0","0","0","false","false","false","0","0","1","1","999","0","0","5000000","<T t=""角色限制：羽灵神"" c=""FFFFF2DF"" f=""simhei-11""></T><B></B><B></B><T t=""记载降魔杵打造方法的书卷，可以和百炼精铁一起打造装备。"" c=""FFFFF2DF"" f=""simhei-11""></T>","","2","161506","使用方法：点击使用","","","3","6","","","0","","","","","1","","","","","","","","","","1","","","","","","","10级","0","0","0","0","0","0"
"350115","422","制造书•法杖","ff6ddcf6","4","1327","本","10","1","7050","true","0","0","0","0","0","0","0","false","false","false","0","0","1","1","999","0","0","5000000","<T t=""角色限制：巫蛮儿"" c=""FFFFF2DF"" f=""simhei-11""></T><B></B><B></B><T t=""记载法杖打造方法的书卷，可以和百炼精铁一起打造装备。"" c=""FFFFF2DF"" f=""simhei-11""></T>","","2","161506","使用方法：点击使用","","","3","6","","","0","","","","","1","","","","","","","","","","1","","","","","","","10级","0","0","0","0","0","0"
"350116","422","制造书•弯刀","ff6ddcf6","4","1328","本","10","1","7050","true","0","0","0","0","0","0","0","false","false","false","0","0","1","1","999","0","0","5000000","<T t=""角色限制：漠少君"" c=""FFFFF2DF"" f=""simhei-11""></T><B></B><B></B><T t=""记载弯刀打造方法的书卷，可以和百炼精铁一起打造装备。"" c=""FFFFF2DF"" f=""simhei-11""></T>","","2","161506","使用方法：点击使用","","","3","6","","","0","","","","","1","","","","","","","","","","1","","","","","","","10级","0","0","0","0","0","0"
"350117","422","制造书•男衣","ff6ddcf6","4","1329","本","10","1","7051","true","0","0","0","0","0","0","0","false","false","false","0","0","1","1","999","0","0","5000000","<T t=""性别限制：男"" c=""FFFFF2DF"" f=""simhei-11""></T><B></B><B></B><T t=""记载男衣打造方法的书卷，可以和百炼精铁一起打造装备。"" c=""FFFFF2DF"" f=""simhei-11""></T>","","2","161506","使用方法：点击使用","","","3","6","","","0","","","","","1","","","","","","","","","","1","","","","","","","10级","0","0","0","0","0","0"
"350118","422","制造书•女衣","ff6ddcf6","4","1330","本","10","1","7052","true","0","0","0","0","0","0","0","false","false","false","0","0","1","1","999","0","0","5000000","<T t=""性别限制：女"" c=""FFFFF2DF"" f=""simhei-11""></T><B></B><B></B><T t=""记载女衣打造方法的书卷，可以和百炼精铁一起打造装备。"" c=""FFFFF2DF"" f=""simhei-11""></T>","","2","161506","使用方法：点击使用","","","3","6","","","0","","","","","1","","","","","","","","","","1","","","","","","","10级","0","0","0","0","0","0"
"350119","422","制造书•头盔","ff6ddcf6","4","1331","本","10","1","7053","true","0","0","0","0","0","0","0","false","false","false","0","0","1","1","999","0","0","5000000","<T t=""性别限制：男"" c=""FFFFF2DF"" f=""simhei-11""></T><B></B><B></B><T t=""记载头盔打造方法的书卷，可以和百炼精铁一起打造装备。"" c=""FFFFF2DF"" f=""simhei-11""></T>","","2","161506","使用方法：点击使用","","","3","6","","","0","","","","","1","","","","","","","","","","1","","","","","","","10级","0","0","0","0","0","0"
"350120","422","制造书•发钗","ff6ddcf6","4","1332","本","10","1","7054","true","0","0","0","0","0","0","0","false","false","false","0","0","1","1","999","0","0","5000000","<T t=""性别限制：女"" c=""FFFFF2DF"" f=""simhei-11""></T><B></B><B></B><T t=""记载发钗打造方法的书卷，可以和百炼精铁一起打造装备。"" c=""FFFFF2DF"" f=""simhei-11""></T>","","2","161506","使用方法：点击使用","","","3","6","","","0","","","","","1","","","","","","","","","","1","","","","","","","10级","0","0","0","0","0","0"
"350121","422","制造书•项链","ff6ddcf6","4","1333","本","10","1","7055","true","0","0","0","0","0","0","0","false","false","false","0","0","1","1","999","0","0","5000000","<T t=""记载项链打造方法的书卷，可以和百炼精铁一起打造装备。"" c=""FFFFF2DF"" f=""simhei-11""></T>","","2","161506","使用方法：点击使用","","","3","6","","","0","","","","","1","","","","","","","","","","1","","","","","","","10级","0","0","0","0","0","0"
"350122","422","制造书•腰带","ff6ddcf6","4","1334","本","10","1","7056","true","0","0","0","0","0","0","0","false","false","false","0","0","1","1","999","0","0","5000000","<T t=""记载腰带打造方法的书卷，可以和百炼精铁一起打造装备。"" c=""FFFFF2DF"" f=""simhei-11""></T>","","2","161506","使用方法：点击使用","","","3","6","","","0","","","","","1","","","","","","","","","","1","","","","","","","10级","0","0","0","0","0","0"
"350123","422","制造书•鞋子","ff6ddcf6","4","1335","本","10","1","7057","true","0","0","0","0","0","0","0","false","false","false","0","0","1","1","999","0","0","5000000","<T t=""记载鞋子打造方法的书卷，可以和百炼精铁一起打造装备。"" c=""FFFFF2DF"" f=""simhei-11""></T>","","2","161506","使用方法：点击使用","","","3","6","","","0","","","","","1","","","","","","","","","","1","","","","","","","10级","0","0","0","0","0","0"
"350200","422","制造书•剑","ff6ddcf6","4","1312","本","20","1","7050","true","0","0","0","0","0","0","0","false","false","false","0","0","1","1","999","0","0","5000000","<T t=""角色限制：剑侠客"" c=""FFFFF2DF"" f=""simhei-11""></T><B></B><B></B><T t=""记载剑打造方法的书卷，可以和百炼精铁一起打造装备。"" c=""FFFFF2DF"" f=""simhei-11""></T>","","2","161506","使用方法：点击使用","","","3","6","","","0","","","","","1","","","","","","","","","","1","","","","","","","20级","0","0","0","0","0","0"
"350201","422","制造书•枪","ff6ddcf6","4","1313","本","20","1","7050","true","0","0","0","0","0","0","0","false","false","false","0","0","1","1","999","0","0","5000000","<T t=""角色限制：龙太子"" c=""FFFFF2DF"" f=""simhei-11""></T><B></B><B></B><T t=""记载枪打造方法的书卷，可以和百炼精铁一起打造装备。"" c=""FFFFF2DF"" f=""simhei-11""></T>","","2","161506","使用方法：点击使用","","","3","6","","","0","","","","","1","","","","","","","","","","1","","","","","","","20级","0","0","0","0","0","0"
"350202","422","制造书•斧钺","ff6ddcf6","4","1314","本","20","1","7050","true","0","0","0","0","0","0","0","false","false","false","0","0","1","1","999","0","0","5000000","<T t=""角色限制：虎头怪"" c=""FFFFF2DF"" f=""simhei-11""></T><B></B><B></B><T t=""记载斧钺打造方法的书卷，可以和百炼精铁一起打造装备。"" c=""FFFFF2DF"" f=""simhei-11""></T>","","2","161506","使用方法：点击使用","","","3","6","","","0","","","","","1","","","","","","","","","","1","","","","","","","20级","0","0","0","0","0","0"
"350203","422","制造书•扇","ff6ddcf6","4","1315","本","20","1","7050","true","0","0","0","0","0","0","0","false","false","false","0","0","1","1","999","0","0","5000000","<T t=""角色限制：逍遥生"" c=""FFFFF2DF"" f=""simhei-11""></T><B></B><B></B><T t=""记载扇子打造方法的书卷，可以和百炼精铁一起打造装备。"" c=""FFFFF2DF"" f=""simhei-11""></T>","","2","161506","使用方法：点击使用","","","3","6","","","0","","","","","1","","","","","","","","","","1","","","","","","","20级","0","0","0","0","0","0"
"350204","422","制造书•魔棒","ff6ddcf6","4","1316","本","20","1","7050","true","0","0","0","0","0","0","0","false","false","false","0","0","1","1","999","0","0","5000000","<T t=""角色限制：玄彩娥"" c=""FFFFF2DF"" f=""simhei-11""></T><B></B><B></B><T t=""记载魔棒打造方法的书卷，可以和百炼精铁一起打造装备。"" c=""FFFFF2DF"" f=""simhei-11""></T>","","2","161506","使用方法：点击使用","","","3","6","","","0","","","","","1","","","","","","","","","","1","","","","","","","20级","0","0","0","0","0","0"
"350205","422","制造书•爪刺","ff6ddcf6","4","1317","本","20","1","7050","true","0","0","0","0","0","0","0","false","false","false","0","0","1","1","999","0","0","5000000","<T t=""角色限制：骨精灵"" c=""FFFFF2DF"" f=""simhei-11""></T><B></B><B></B><T t=""记载爪刺打造方法的书卷，可以和百炼精铁一起打造装备。"" c=""FFFFF2DF"" f=""simhei-11""></T>","","2","161506","使用方法：点击使用","","","3","6","","","0","","","","","1","","","","","","","","","","1","","","","","","","20级","0","0","0","0","0","0"
"350206","422","制造书•锤","ff6ddcf6","4","1318","本","20","1","7050","true","0","0","0","0","0","0","0","false","false","false","0","0","1","1","999","0","0","5000000","<T t=""角色限制：神天兵"" c=""FFFFF2DF"" f=""simhei-11""></T><B></B><B></B><T t=""记载锤打造方法的书卷，可以和百炼精铁一起打造装备。"" c=""FFFFF2DF"" f=""simhei-11""></T>","","2","161506","使用方法：点击使用","","","3","6","","","0","","","","","1","","","","","","","","","","1","","","","","","","20级","0","0","0","0","0","0"
"350207","422","制造书•鞭","ff6ddcf6","4","1319","本","20","1","7050","true","0","0","0","0","0","0","0","false","false","false","0","0","1","1","999","0","0","5000000","<T t=""角色限制：狐美人"" c=""FFFFF2DF"" f=""simhei-11""></T><B></B><B></B><T t=""记载鞭打造方法的书卷，可以和百炼精铁一起打造装备。"" c=""FFFFF2DF"" f=""simhei-11""></T>","","2","161506","使用方法：点击使用","","","3","6","","","0","","","","","1","","","","","","","","","","1","","","","","","","20级","0","0","0","0","0","0"
"350208","422","制造书•环圈","ff6ddcf6","4","1320","本","20","1","7050","true","0","0","0","0","0","0","0","false","false","false","0","0","1","1","999","0","0","5000000","<T t=""角色限制：飞燕女"" c=""FFFFF2DF"" f=""simhei-11""></T><B></B><B></B><T t=""记载环圈打造方法的书卷，可以和百炼精铁一起打造装备。"" c=""FFFFF2DF"" f=""simhei-11""></T>","","2","161506","使用方法：点击使用","","","3","6","","","0","","","","","1","","","","","","","","","","1","","","","","","","20级","0","0","0","0","0","0"
"350209","422","制造书•弓","ff6ddcf6","4","1321","本","20","1","7050","true","0","0","0","0","0","0","0","false","false","false","0","0","1","1","999","0","0","5000000","<T t=""角色限制：杀破狼"" c=""FFFFF2DF"" f=""simhei-11""></T><B></B><B></B><T t=""记载弓打造方法的书卷，可以和百炼精铁一起打造装备。"" c=""FFFFF2DF"" f=""simhei-11""></T>","","2","161506","使用方法：点击使用","","","3","6","","","0","","","","","1","","","","","","","","","","1","","","","","","","20级","0","0","0","0","0","0"
"350210","422","制造书•飘带","ff6ddcf6","4","1322","本","20","1","7050","true","0","0","0","0","0","0","0","false","false","false","0","0","1","1","999","0","0","5000000","<T t=""角色限制：舞天姬"" c=""FFFFF2DF"" f=""simhei-11""></T><B></B><B></B><T t=""记载飘带打造方法的书卷，可以和百炼精铁一起打造装备。"" c=""FFFFF2DF"" f=""simhei-11""></T>","","2","161506","使用方法：点击使用","","","3","6","","","0","","","","","1","","","","","","","","","","1","","","","","","","20级","0","0","0","0","0","0"
"350211","422","制造书•宝珠","ff6ddcf6","4","1323","本","20","1","7050","true","0","0","0","0","0","0","0","false","false","false","0","0","1","1","999","0","0","5000000","<T t=""角色限制：梦玲珑"" c=""FFFFF2DF"" f=""simhei-11""></T><B></B><B></B><T t=""记载宝珠打造方法的书卷，可以和百炼精铁一起打造装备。"" c=""FFFFF2DF"" f=""simhei-11""></T>","","2","161506","使用方法：点击使用","","","3","6","","","0","","","","","1","","","","","","","","","","1","","","","","","","20级","0","0","0","0","0","0"
"350212","422","制造书•长刀","ff6ddcf6","4","1324","本","20","1","7050","true","0","0","0","0","0","0","0","false","false","false","0","0","1","1","999","0","0","5000000","<T t=""角色限制：巨魔王"" c=""FFFFF2DF"" f=""simhei-11""></T><B></B><B></B><T t=""记载长刀打造方法的书卷，可以和百炼精铁一起打造装备。"" c=""FFFFF2DF"" f=""simhei-11""></T>","","2","161506","使用方法：点击使用","","","3","6","","","0","","","","","1","","","","","","","","","","1","","","","","","","20级","0","0","0","0","0","0"
"350213","422","制造书•双短剑","ff6ddcf6","4","1325","本","20","1","7050","true","0","0","0","0","0","0","0","false","false","false","0","0","1","1","999","0","0","5000000","<T t=""角色限制：英女侠"" c=""FFFFF2DF"" f=""simhei-11""></T><B></B><B></B><T t=""记载双短剑打造方法的书卷，可以和百炼精铁一起打造装备。"" c=""FFFFF2DF"" f=""simhei-11""></T>","","2","161506","使用方法：点击使用","","","3","6","","","0","","","","","1","","","","","","","","","","1","","","","","","","20级","0","0","0","0","0","0"
"350214","422","制造书•降魔杵","ff6ddcf6","4","1326","本","20","1","7050","true","0","0","0","0","0","0","0","false","false","false","0","0","1","1","999","0","0","5000000","<T t=""角色限制：羽灵神"" c=""FFFFF2DF"" f=""simhei-11""></T><B></B><B></B><T t=""记载降魔杵打造方法的书卷，可以和百炼精铁一起打造装备。"" c=""FFFFF2DF"" f=""simhei-11""></T>","","2","161506","使用方法：点击使用","","","3","6","","","0","","","","","1","","","","","","","","","","1","","","","","","","20级","0","0","0","0","0","0"
"350215","422","制造书•法杖","ff6ddcf6","4","1327","本","20","1","7050","true","0","0","0","0","0","0","0","false","false","false","0","0","1","1","999","0","0","5000000","<T t=""角色限制：巫蛮儿"" c=""FFFFF2DF"" f=""simhei-11""></T><B></B><B></B><T t=""记载法杖打造方法的书卷，可以和百炼精铁一起打造装备。"" c=""FFFFF2DF"" f=""simhei-11""></T>","","2","161506","使用方法：点击使用","","","3","6","","","0","","","","","1","","","","","","","","","","1","","","","","","","20级","0","0","0","0","0","0"
"350216","422","制造书•弯刀","ff6ddcf6","4","1328","本","20","1","7050","true","0","0","0","0","0","0","0","false","false","false","0","0","1","1","999","0","0","5000000","<T t=""角色限制：漠少君"" c=""FFFFF2DF"" f=""simhei-11""></T><B></B><B></B><T t=""记载弯刀打造方法的书卷，可以和百炼精铁一起打造装备。"" c=""FFFFF2DF"" f=""simhei-11""></T>","","2","161506","使用方法：点击使用","","","3","6","","","0","","","","","1","","","","","","","","","","1","","","","","","","20级","0","0","0","0","0","0"
"350217","422","制造书•男衣","ff6ddcf6","4","1329","本","20","1","7051","true","0","0","0","0","0","0","0","false","false","false","0","0","1","1","999","0","0","5000000","<T t=""性别限制：男"" c=""FFFFF2DF"" f=""simhei-11""></T><B></B><B></B><T t=""记载男衣打造方法的书卷，可以和百炼精铁一起打造装备。"" c=""FFFFF2DF"" f=""simhei-11""></T>","","2","161506","使用方法：点击使用","","","3","6","","","0","","","","","1","","","","","","","","","","1","","","","","","","20级","0","0","0","0","0","0"
"350218","422","制造书•女衣","ff6ddcf6","4","1330","本","20","1","7052","true","0","0","0","0","0","0","0","false","false","false","0","0","1","1","999","0","0","5000000","<T t=""性别限制：女"" c=""FFFFF2DF"" f=""simhei-11""></T><B></B><B></B><T t=""记载女衣打造方法的书卷，可以和百炼精铁一起打造装备。"" c=""FFFFF2DF"" f=""simhei-11""></T>","","2","161506","使用方法：点击使用","","","3","6","","","0","","","","","1","","","","","","","","","","1","","","","","","","20级","0","0","0","0","0","0"
"350219","422","制造书•头盔","ff6ddcf6","4","1331","本","20","1","7053","true","0","0","0","0","0","0","0","false","false","false","0","0","1","1","999","0","0","5000000","<T t=""性别限制：男"" c=""FFFFF2DF"" f=""simhei-11""></T><B></B><B></B><T t=""记载头盔打造方法的书卷，可以和百炼精铁一起打造装备。"" c=""FFFFF2DF"" f=""simhei-11""></T>","","2","161506","使用方法：点击使用","","","3","6","","","0","","","","","1","","","","","","","","","","1","","","","","","","20级","0","0","0","0","0","0"
"350220","422","制造书•发钗","ff6ddcf6","4","1332","本","20","1","7054","true","0","0","0","0","0","0","0","false","false","false","0","0","1","1","999","0","0","5000000","<T t=""性别限制：女"" c=""FFFFF2DF"" f=""simhei-11""></T><B></B><B></B><T t=""记载发钗打造方法的书卷，可以和百炼精铁一起打造装备。"" c=""FFFFF2DF"" f=""simhei-11""></T>","","2","161506","使用方法：点击使用","","","3","6","","","0","","","","","1","","","","","","","","","","1","","","","","","","20级","0","0","0","0","0","0"
"350221","422","制造书•项链","ff6ddcf6","4","1333","本","20","1","7055","true","0","0","0","0","0","0","0","false","false","false","0","0","1","1","999","0","0","5000000","<T t=""记载项链打造方法的书卷，可以和百炼精铁一起打造装备。"" c=""FFFFF2DF"" f=""simhei-11""></T>","","2","161506","使用方法：点击使用","","","3","6","","","0","","","","","1","","","","","","","","","","1","","","","","","","20级","0","0","0","0","0","0"
"350222","422","制造书•腰带","ff6ddcf6","4","1334","本","20","1","7056","true","0","0","0","0","0","0","0","false","false","false","0","0","1","1","999","0","0","5000000","<T t=""记载腰带打造方法的书卷，可以和百炼精铁一起打造装备。"" c=""FFFFF2DF"" f=""simhei-11""></T>","","2","161506","使用方法：点击使用","","","3","6","","","0","","","","","1","","","","","","","","","","1","","","","","","","20级","0","0","0","0","0","0"
"350223","422","制造书•鞋子","ff6ddcf6","4","1335","本","20","1","7057","true","0","0","0","0","0","0","0","false","false","false","0","0","1","1","999","0","0","5000000","<T t=""记载鞋子打造方法的书卷，可以和百炼精铁一起打造装备。"" c=""FFFFF2DF"" f=""simhei-11""></T>","","2","161506","使用方法：点击使用","","","3","6","","","0","","","","","1","","","","","","","","","","1","","","","","","","20级","0","0","0","0","0","0"
"350300","422","制造书•剑","ff6ddcf6","4","1312","本","30","1","7050","true","0","0","0","0","0","0","0","false","false","false","0","0","1","1","999","0","0","5000000","<T t=""角色限制：剑侠客"" c=""FFFFF2DF"" f=""simhei-11""></T><B></B><B></B><T t=""记载剑打造方法的书卷，可以和百炼精铁一起打造装备。"" c=""FFFFF2DF"" f=""simhei-11""></T>","","2","161506","使用方法：点击使用","","","3","6","","","0","","","","","1","","","","","","","","","","1","","","","","","","30级","0","0","0","0","0","0"
"350301","422","制造书•枪","ff6ddcf6","4","1313","本","30","1","7050","true","0","0","0","0","0","0","0","false","false","false","0","0","1","1","999","0","0","5000000","<T t=""角色限制：龙太子"" c=""FFFFF2DF"" f=""simhei-11""></T><B></B><B></B><T t=""记载枪打造方法的书卷，可以和百炼精铁一起打造装备。"" c=""FFFFF2DF"" f=""simhei-11""></T>","","2","161506","使用方法：点击使用","","","3","6","","","0","","","","","1","","","","","","","","","","1","","","","","","","30级","0","0","0","0","0","0"
"350302","422","制造书•斧钺","ff6ddcf6","4","1314","本","30","1","7050","true","0","0","0","0","0","0","0","false","false","false","0","0","1","1","999","0","0","5000000","<T t=""角色限制：虎头怪"" c=""FFFFF2DF"" f=""simhei-11""></T><B></B><B></B><T t=""记载斧钺打造方法的书卷，可以和百炼精铁一起打造装备。"" c=""FFFFF2DF"" f=""simhei-11""></T>","","2","161506","使用方法：点击使用","","","3","6","","","0","","","","","1","","","","","","","","","","1","","","","","","","30级","0","0","0","0","0","0"
"350303","422","制造书•扇","ff6ddcf6","4","1315","本","30","1","7050","true","0","0","0","0","0","0","0","false","false","false","0","0","1","1","999","0","0","5000000","<T t=""角色限制：逍遥生"" c=""FFFFF2DF"" f=""simhei-11""></T><B></B><B></B><T t=""记载扇子打造方法的书卷，可以和百炼精铁一起打造装备。"" c=""FFFFF2DF"" f=""simhei-11""></T>","","2","161506","使用方法：点击使用","","","3","6","","","0","","","","","1","","","","","","","","","","1","","","","","","","30级","0","0","0","0","0","0"
"350304","422","制造书•魔棒","ff6ddcf6","4","1316","本","30","1","7050","true","0","0","0","0","0","0","0","false","false","false","0","0","1","1","999","0","0","5000000","<T t=""角色限制：玄彩娥"" c=""FFFFF2DF"" f=""simhei-11""></T><B></B><B></B><T t=""记载魔棒打造方法的书卷，可以和百炼精铁一起打造装备。"" c=""FFFFF2DF"" f=""simhei-11""></T>","","2","161506","使用方法：点击使用","","","3","6","","","0","","","","","1","","","","","","","","","","1","","","","","","","30级","0","0","0","0","0","0"
"350305","422","制造书•爪刺","ff6ddcf6","4","1317","本","30","1","7050","true","0","0","0","0","0","0","0","false","false","false","0","0","1","1","999","0","0","5000000","<T t=""角色限制：骨精灵"" c=""FFFFF2DF"" f=""simhei-11""></T><B></B><B></B><T t=""记载爪刺打造方法的书卷，可以和百炼精铁一起打造装备。"" c=""FFFFF2DF"" f=""simhei-11""></T>","","2","161506","使用方法：点击使用","","","3","6","","","0","","","","","1","","","","","","","","","","1","","","","","","","30级","0","0","0","0","0","0"
"350306","422","制造书•锤","ff6ddcf6","4","1318","本","30","1","7050","true","0","0","0","0","0","0","0","false","false","false","0","0","1","1","999","0","0","5000000","<T t=""角色限制：神天兵"" c=""FFFFF2DF"" f=""simhei-11""></T><B></B><B></B><T t=""记载锤打造方法的书卷，可以和百炼精铁一起打造装备。"" c=""FFFFF2DF"" f=""simhei-11""></T>","","2","161506","使用方法：点击使用","","","3","6","","","0","","","","","1","","","","","","","","","","1","","","","","","","30级","0","0","0","0","0","0"
"350307","422","制造书•鞭","ff6ddcf6","4","1319","本","30","1","7050","true","0","0","0","0","0","0","0","false","false","false","0","0","1","1","999","0","0","5000000","<T t=""角色限制：狐美人"" c=""FFFFF2DF"" f=""simhei-11""></T><B></B><B></B><T t=""记载鞭打造方法的书卷，可以和百炼精铁一起打造装备。"" c=""FFFFF2DF"" f=""simhei-11""></T>","","2","161506","使用方法：点击使用","","","3","6","","","0","","","","","1","","","","","","","","","","1","","","","","","","30级","0","0","0","0","0","0"
"350308","422","制造书•环圈","ff6ddcf6","4","1320","本","30","1","7050","true","0","0","0","0","0","0","0","false","false","false","0","0","1","1","999","0","0","5000000","<T t=""角色限制：飞燕女"" c=""FFFFF2DF"" f=""simhei-11""></T><B></B><B></B><T t=""记载环圈打造方法的书卷，可以和百炼精铁一起打造装备。"" c=""FFFFF2DF"" f=""simhei-11""></T>","","2","161506","使用方法：点击使用","","","3","6","","","0","","","","","1","","","","","","","","","","1","","","","","","","30级","0","0","0","0","0","0"
"350309","422","制造书•弓","ff6ddcf6","4","1321","本","30","1","7050","true","0","0","0","0","0","0","0","false","false","false","0","0","1","1","999","0","0","5000000","<T t=""角色限制：杀破狼"" c=""FFFFF2DF"" f=""simhei-11""></T><B></B><B></B><T t=""记载弓打造方法的书卷，可以和百炼精铁一起打造装备。"" c=""FFFFF2DF"" f=""simhei-11""></T>","","2","161506","使用方法：点击使用","","","3","6","","","0","","","","","1","","","","","","","","","","1","","","","","","","30级","0","0","0","0","0","0"
"350310","422","制造书•飘带","ff6ddcf6","4","1322","本","30","1","7050","true","0","0","0","0","0","0","0","false","false","false","0","0","1","1","999","0","0","5000000","<T t=""角色限制：舞天姬"" c=""FFFFF2DF"" f=""simhei-11""></T><B></B><B></B><T t=""记载飘带打造方法的书卷，可以和百炼精铁一起打造装备。"" c=""FFFFF2DF"" f=""simhei-11""></T>","","2","161506","使用方法：点击使用","","","3","6","","","0","","","","","1","","","","","","","","","","1","","","","","","","30级","0","0","0","0","0","0"
"350311","422","制造书•宝珠","ff6ddcf6","4","1323","本","30","1","7050","true","0","0","0","0","0","0","0","false","false","false","0","0","1","1","999","0","0","5000000","<T t=""角色限制：梦玲珑"" c=""FFFFF2DF"" f=""simhei-11""></T><B></B><B></B><T t=""记载宝珠打造方法的书卷，可以和百炼精铁一起打造装备。"" c=""FFFFF2DF"" f=""simhei-11""></T>","","2","161506","使用方法：点击使用","","","3","6","","","0","","","","","1","","","","","","","","","","1","","","","","","","30级","0","0","0","0","0","0"
"350312","422","制造书•长刀","ff6ddcf6","4","1324","本","30","1","7050","true","0","0","0","0","0","0","0","false","false","false","0","0","1","1","999","0","0","5000000","<T t=""角色限制：巨魔王"" c=""FFFFF2DF"" f=""simhei-11""></T><B></B><B></B><T t=""记载长刀打造方法的书卷，可以和百炼精铁一起打造装备。"" c=""FFFFF2DF"" f=""simhei-11""></T>","","2","161506","使用方法：点击使用","","","3","6","","","0","","","","","1","","","","","","","","","","1","","","","","","","30级","0","0","0","0","0","0"
"350313","422","制造书•双短剑","ff6ddcf6","4","1325","本","30","1","7050","true","0","0","0","0","0","0","0","false","false","false","0","0","1","1","999","0","0","5000000","<T t=""角色限制：英女侠"" c=""FFFFF2DF"" f=""simhei-11""></T><B></B><B></B><T t=""记载双短剑打造方法的书卷，可以和百炼精铁一起打造装备。"" c=""FFFFF2DF"" f=""simhei-11""></T>","","2","161506","使用方法：点击使用","","","3","6","","","0","","","","","1","","","","","","","","","","1","","","","","","","30级","0","0","0","0","0","0"
"350314","422","制造书•降魔杵","ff6ddcf6","4","1326","本","30","1","7050","true","0","0","0","0","0","0","0","false","false","false","0","0","1","1","999","0","0","5000000","<T t=""角色限制：羽灵神"" c=""FFFFF2DF"" f=""simhei-11""></T><B></B><B></B><T t=""记载降魔杵打造方法的书卷，可以和百炼精铁一起打造装备。"" c=""FFFFF2DF"" f=""simhei-11""></T>","","2","161506","使用方法：点击使用","","","3","6","","","0","","","","","1","","","","","","","","","","1","","","","","","","30级","0","0","0","0","0","0"
"350315","422","制造书•法杖","ff6ddcf6","4","1327","本","30","1","7050","true","0","0","0","0","0","0","0","false","false","false","0","0","1","1","999","0","0","5000000","<T t=""角色限制：巫蛮儿"" c=""FFFFF2DF"" f=""simhei-11""></T><B></B><B></B><T t=""记载法杖打造方法的书卷，可以和百炼精铁一起打造装备。"" c=""FFFFF2DF"" f=""simhei-11""></T>","","2","161506","使用方法：点击使用","","","3","6","","","0","","","","","1","","","","","","","","","","1","","","","","","","30级","0","0","0","0","0","0"
"350316","422","制造书•弯刀","ff6ddcf6","4","1328","本","30","1","7050","true","0","0","0","0","0","0","0","false","false","false","0","0","1","1","999","0","0","5000000","<T t=""角色限制：漠少君"" c=""FFFFF2DF"" f=""simhei-11""></T><B></B><B></B><T t=""记载弯刀打造方法的书卷，可以和百炼精铁一起打造装备。"" c=""FFFFF2DF"" f=""simhei-11""></T>","","2","161506","使用方法：点击使用","","","3","6","","","0","","","","","7","","","","","","","","","","1","","","","","","","30级","0","0","0","0","0","0"
"350317","422","制造书•男衣","ff6ddcf6","4","1329","本","30","1","7051","true","0","0","0","0","0","0","0","false","false","false","0","0","1","1","999","0","0","5000000","<T t=""性别限制：男"" c=""FFFFF2DF"" f=""simhei-11""></T><B></B><B></B><T t=""记载男衣打造方法的书卷，可以和百炼精铁一起打造装备。"" c=""FFFFF2DF"" f=""simhei-11""></T>","","2","161506","使用方法：点击使用","","","3","6","","","0","","","","","7","","","","","","","","","","1","","","","","","","30级","0","0","0","0","0","0"
"350318","422","制造书•女衣","ff6ddcf6","4","1330","本","30","1","7052","true","0","0","0","0","0","0","0","false","false","false","0","0","1","1","999","0","0","5000000","<T t=""性别限制：女"" c=""FFFFF2DF"" f=""simhei-11""></T><B></B><B></B><T t=""记载女衣打造方法的书卷，可以和百炼精铁一起打造装备。"" c=""FFFFF2DF"" f=""simhei-11""></T>","","2","161506","使用方法：点击使用","","","3","6","","","0","","","","","7","","","","","","","","","","1","","","","","","","30级","0","0","0","0","0","0"
"350319","422","制造书•头盔","ff6ddcf6","4","1331","本","30","1","7053","true","0","0","0","0","0","0","0","false","false","false","0","0","1","1","999","0","0","5000000","<T t=""性别限制：男"" c=""FFFFF2DF"" f=""simhei-11""></T><B></B><B></B><T t=""记载头盔打造方法的书卷，可以和百炼精铁一起打造装备。"" c=""FFFFF2DF"" f=""simhei-11""></T>","","2","161506","使用方法：点击使用","","","3","6","","","0","","","","","7","","","","","","","","","","1","","","","","","","30级","0","0","0","0","0","0"
"350320","422","制造书•发钗","ff6ddcf6","4","1332","本","30","1","7054","true","0","0","0","0","0","0","0","false","false","false","0","0","1","1","999","0","0","5000000","<T t=""性别限制：女"" c=""FFFFF2DF"" f=""simhei-11""></T><B></B><B></B><T t=""记载发钗打造方法的书卷，可以和百炼精铁一起打造装备。"" c=""FFFFF2DF"" f=""simhei-11""></T>","","2","161506","使用方法：点击使用","","","3","6","","","0","","","","","7","","","","","","","","","","1","","","","","","","30级","0","0","0","0","0","0"
"350321","422","制造书•项链","ff6ddcf6","4","1333","本","30","1","7055","true","0","0","0","0","0","0","0","false","false","false","0","0","1","1","999","0","0","5000000","<T t=""记载项链打造方法的书卷，可以和百炼精铁一起打造装备。"" c=""FFFFF2DF"" f=""simhei-11""></T>","","2","161506","使用方法：点击使用","","","3","6","","","0","","","","","7","","","","","","","","","","1","","","","","","","30级","0","0","0","0","0","0"
"350322","422","制造书•腰带","ff6ddcf6","4","1334","本","30","1","7056","true","0","0","0","0","0","0","0","false","false","false","0","0","1","1","999","0","0","5000000","<T t=""记载腰带打造方法的书卷，可以和百炼精铁一起打造装备。"" c=""FFFFF2DF"" f=""simhei-11""></T>","","2","161506","使用方法：点击使用","","","3","6","","","0","","","","","7","","","","","","","","","","1","","","","","","","30级","0","0","0","0","0","0"
"350323","422","制造书•鞋子","ff6ddcf6","4","1335","本","30","1","7057","true","0","0","0","0","0","0","0","false","false","false","0","0","1","1","999","0","0","5000000","<T t=""记载鞋子打造方法的书卷，可以和百炼精铁一起打造装备。"" c=""FFFFF2DF"" f=""simhei-11""></T>","","2","161506","使用方法：点击使用","","","3","6","","","0","","","","","7","","","","","","","","","","1","","","","","","","30级","0","0","0","0","0","0"
"350400","422","制造书•剑","ff6ddcf6","4","1312","本","40","1","7050","true","0","0","0","0","0","0","1105","false","false","false","0","0","1","1","999","0","0","5000000","<T t=""角色限制：剑侠客"" c=""FFFFF2DF"" f=""simhei-11""></T><B></B><B></B><T t=""记载剑打造方法的书卷，可以和百炼精铁一起打造装备。"" c=""FFFFF2DF"" f=""simhei-11""></T>","","2","161506","使用方法：点击使用","","","3","6","","","0","","","","","1","7","","","","","","","","","1","","","","","","","40级","0","0","0","0","0","0"
"350401","422","制造书•枪","ff6ddcf6","4","1313","本","40","1","7050","true","0","0","0","0","0","0","1109","false","false","false","0","0","1","1","999","0","0","5000000","<T t=""角色限制：龙太子"" c=""FFFFF2DF"" f=""simhei-11""></T><B></B><B></B><T t=""记载枪打造方法的书卷，可以和百炼精铁一起打造装备。"" c=""FFFFF2DF"" f=""simhei-11""></T>","","2","161506","使用方法：点击使用","","","3","6","","","0","","","","","1","7","","","","","","","","","1","","","","","","","40级","0","0","0","0","0","0"
"350402","422","制造书•斧钺","ff6ddcf6","4","1314","本","40","1","7050","true","0","0","0","0","0","0","1113","false","false","false","0","0","1","1","999","0","0","5000000","<T t=""角色限制：虎头怪"" c=""FFFFF2DF"" f=""simhei-11""></T><B></B><B></B><T t=""记载斧钺打造方法的书卷，可以和百炼精铁一起打造装备。"" c=""FFFFF2DF"" f=""simhei-11""></T>","","2","161506","使用方法：点击使用","","","3","6","","","0","","","","","1","7","","","","","","","","","1","","","","","","","40级","0","0","0","0","0","0"
"350403","422","制造书•扇","ff6ddcf6","4","1315","本","40","1","7050","true","0","0","0","0","0","0","1117","false","false","false","0","0","1","1","999","0","0","5000000","<T t=""角色限制：逍遥生"" c=""FFFFF2DF"" f=""simhei-11""></T><B></B><B></B><T t=""记载扇子打造方法的书卷，可以和百炼精铁一起打造装备。"" c=""FFFFF2DF"" f=""simhei-11""></T>","","2","161506","使用方法：点击使用","","","3","6","","","0","","","","","1","7","","","","","","","","","1","","","","","","","40级","0","0","0","0","0","0"
"350404","422","制造书•魔棒","ff6ddcf6","4","1316","本","40","1","7050","true","0","0","0","0","0","0","1121","false","false","false","0","0","1","1","999","0","0","5000000","<T t=""角色限制：玄彩娥"" c=""FFFFF2DF"" f=""simhei-11""></T><B></B><B></B><T t=""记载魔棒打造方法的书卷，可以和百炼精铁一起打造装备。"" c=""FFFFF2DF"" f=""simhei-11""></T>","","2","161506","使用方法：点击使用","","","3","6","","","0","","","","","1","7","","","","","","","","","1","","","","","","","40级","0","0","0","0","0","0"
"350405","422","制造书•爪刺","ff6ddcf6","4","1317","本","40","1","7050","true","0","0","0","0","0","0","1125","false","false","false","0","0","1","1","999","0","0","5000000","<T t=""角色限制：骨精灵"" c=""FFFFF2DF"" f=""simhei-11""></T><B></B><B></B><T t=""记载爪刺打造方法的书卷，可以和百炼精铁一起打造装备。"" c=""FFFFF2DF"" f=""simhei-11""></T>","","2","161506","使用方法：点击使用","","","3","6","","","0","","","","","1","7","","","","","","","","","1","","","","","","","40级","0","0","0","0","0","0"
"350406","422","制造书•锤","ff6ddcf6","4","1318","本","40","1","7050","true","0","0","0","0","0","0","1129","false","false","false","0","0","1","1","999","0","0","5000000","<T t=""角色限制：神天兵"" c=""FFFFF2DF"" f=""simhei-11""></T><B></B><B></B><T t=""记载锤打造方法的书卷，可以和百炼精铁一起打造装备。"" c=""FFFFF2DF"" f=""simhei-11""></T>","","2","161506","使用方法：点击使用","","","3","6","","","0","","","","","1","7","","","","","","","","","1","","","","","","","40级","0","0","0","0","0","0"
"350407","422","制造书•鞭","ff6ddcf6","4","1319","本","40","1","7050","true","0","0","0","0","0","0","1133","false","false","false","0","0","1","1","999","0","0","5000000","<T t=""角色限制：狐美人"" c=""FFFFF2DF"" f=""simhei-11""></T><B></B><B></B><T t=""记载鞭打造方法的书卷，可以和百炼精铁一起打造装备。"" c=""FFFFF2DF"" f=""simhei-11""></T>","","2","161506","使用方法：点击使用","","","3","6","","","0","","","","","1","7","","","","","","","","","1","","","","","","","40级","0","0","0","0","0","0"
"350408","422","制造书•环圈","ff6ddcf6","4","1320","本","40","1","7050","true","0","0","0","0","0","0","1137","false","false","false","0","0","1","1","999","0","0","5000000","<T t=""角色限制：飞燕女"" c=""FFFFF2DF"" f=""simhei-11""></T><B></B><B></B><T t=""记载环圈打造方法的书卷，可以和百炼精铁一起打造装备。"" c=""FFFFF2DF"" f=""simhei-11""></T>","","2","161506","使用方法：点击使用","","","3","6","","","0","","","","","1","7","","","","","","","","","1","","","","","","","40级","0","0","0","0","0","0"
"350409","422","制造书•弓","ff6ddcf6","4","1321","本","40","1","7050","true","0","0","0","0","0","0","1141","false","false","false","0","0","1","1","999","0","0","5000000","<T t=""角色限制：杀破狼"" c=""FFFFF2DF"" f=""simhei-11""></T><B></B><B></B><T t=""记载弓打造方法的书卷，可以和百炼精铁一起打造装备。"" c=""FFFFF2DF"" f=""simhei-11""></T>","","2","161506","使用方法：点击使用","","","3","6","","","0","","","","","1","7","","","","","","","","","1","","","","","","","40级","0","0","0","0","0","0"
"350410","422","制造书•飘带","ff6ddcf6","4","1322","本","40","1","7050","true","0","0","0","0","0","0","1145","false","false","false","0","0","1","1","999","0","0","5000000","<T t=""角色限制：舞天姬"" c=""FFFFF2DF"" f=""simhei-11""></T><B></B><B></B><T t=""记载飘带打造方法的书卷，可以和百炼精铁一起打造装备。"" c=""FFFFF2DF"" f=""simhei-11""></T>","","2","161506","使用方法：点击使用","","","3","6","","","0","","","","","1","7","","","","","","","","","1","","","","","","","40级","0","0","0","0","0","0"
"350411","422","制造书•宝珠","ff6ddcf6","4","1323","本","40","1","7050","true","0","0","0","0","0","0","1149","false","false","false","0","0","1","1","999","0","0","5000000","<T t=""角色限制：梦玲珑"" c=""FFFFF2DF"" f=""simhei-11""></T><B></B><B></B><T t=""记载宝珠打造方法的书卷，可以和百炼精铁一起打造装备。"" c=""FFFFF2DF"" f=""simhei-11""></T>","","2","161506","使用方法：点击使用","","","3","6","","","0","","","","","1","7","","","","","","","","","1","","","","","","","40级","0","0","0","0","0","0"
"350412","422","制造书•长刀","ff6ddcf6","4","1324","本","40","1","7050","true","0","0","0","0","0","0","1153","false","false","false","0","0","1","1","999","0","0","5000000","<T t=""角色限制：巨魔王"" c=""FFFFF2DF"" f=""simhei-11""></T><B></B><B></B><T t=""记载长刀打造方法的书卷，可以和百炼精铁一起打造装备。"" c=""FFFFF2DF"" f=""simhei-11""></T>","","2","161506","使用方法：点击使用","","","3","6","","","0","","","","","1","7","","","","","","","","","1","","","","","","","40级","0","0","0","0","0","0"
"350413","422","制造书•双短剑","ff6ddcf6","4","1325","本","40","1","7050","true","0","0","0","0","0","0","1157","false","false","false","0","0","1","1","999","0","0","5000000","<T t=""角色限制：英女侠"" c=""FFFFF2DF"" f=""simhei-11""></T><B></B><B></B><T t=""记载双短剑打造方法的书卷，可以和百炼精铁一起打造装备。"" c=""FFFFF2DF"" f=""simhei-11""></T>","","2","161506","使用方法：点击使用","","","3","6","","","0","","","","","1","7","","","","","","","","","1","","","","","","","40级","0","0","0","0","0","0"
"350414","422","制造书•降魔杵","ff6ddcf6","4","1326","本","40","1","7050","true","0","0","0","0","0","0","1161","false","false","false","0","0","1","1","999","0","0","5000000","<T t=""角色限制：羽灵神"" c=""FFFFF2DF"" f=""simhei-11""></T><B></B><B></B><T t=""记载降魔杵打造方法的书卷，可以和百炼精铁一起打造装备。"" c=""FFFFF2DF"" f=""simhei-11""></T>","","2","161506","使用方法：点击使用","","","3","6","","","0","","","","","1","7","","","","","","","","","1","","","","","","","40级","0","0","0","0","0","0"
"350415","422","制造书•法杖","ff6ddcf6","4","1327","本","40","1","7050","true","0","0","0","0","0","0","1165","false","false","false","0","0","1","1","999","0","0","5000000","<T t=""角色限制：巫蛮儿"" c=""FFFFF2DF"" f=""simhei-11""></T><B></B><B></B><T t=""记载法杖打造方法的书卷，可以和百炼精铁一起打造装备。"" c=""FFFFF2DF"" f=""simhei-11""></T>","","2","161506","使用方法：点击使用","","","3","6","","","0","","","","","1","7","","","","","","","","","1","","","","","","","40级","0","0","0","0","0","0"
"350416","422","制造书•弯刀","ff6ddcf6","4","1328","本","40","1","7050","true","0","0","0","0","0","0","1169","false","false","false","0","0","1","1","999","0","0","5000000","<T t=""角色限制：漠少君"" c=""FFFFF2DF"" f=""simhei-11""></T><B></B><B></B><T t=""记载弯刀打造方法的书卷，可以和百炼精铁一起打造装备。"" c=""FFFFF2DF"" f=""simhei-11""></T>","","2","161506","使用方法：点击使用","","","3","6","","","0","","","","","1","7","","","","","","","","","1","","","","","","","40级","0","0","0","0","0","0"
"350417","422","制造书•男衣","ff6ddcf6","4","1329","本","40","1","7051","true","0","0","0","0","0","0","1173","false","false","false","0","0","1","1","999","0","0","5000000","<T t=""性别限制：男"" c=""FFFFF2DF"" f=""simhei-11""></T><B></B><B></B><T t=""记载男衣打造方法的书卷，可以和百炼精铁一起打造装备。"" c=""FFFFF2DF"" f=""simhei-11""></T>","","2","161506","使用方法：点击使用","","","3","6","","","0","","","","","1","7","","","","","","","","","1","","","","","","","40级","0","0","0","0","0","0"
"350418","422","制造书•女衣","ff6ddcf6","4","1330","本","40","1","7052","true","0","0","0","0","0","0","1177","false","false","false","0","0","1","1","999","0","0","5000000","<T t=""性别限制：女"" c=""FFFFF2DF"" f=""simhei-11""></T><B></B><B></B><T t=""记载女衣打造方法的书卷，可以和百炼精铁一起打造装备。"" c=""FFFFF2DF"" f=""simhei-11""></T>","","2","161506","使用方法：点击使用","","","3","6","","","0","","","","","1","7","","","","","","","","","1","","","","","","","40级","0","0","0","0","0","0"
"350419","422","制造书•头盔","ff6ddcf6","4","1331","本","40","1","7053","true","0","0","0","0","0","0","1181","false","false","false","0","0","1","1","999","0","0","5000000","<T t=""性别限制：男"" c=""FFFFF2DF"" f=""simhei-11""></T><B></B><B></B><T t=""记载头盔打造方法的书卷，可以和百炼精铁一起打造装备。"" c=""FFFFF2DF"" f=""simhei-11""></T>","","2","161506","使用方法：点击使用","","","3","6","","","0","","","","","1","7","","","","","","","","","1","","","","","","","40级","0","0","0","0","0","0"
"350420","422","制造书•发钗","ff6ddcf6","4","1332","本","40","1","7054","true","0","0","0","0","0","0","1185","false","false","false","0","0","1","1","999","0","0","5000000","<T t=""性别限制：女"" c=""FFFFF2DF"" f=""simhei-11""></T><B></B><B></B><T t=""记载发钗打造方法的书卷，可以和百炼精铁一起打造装备。"" c=""FFFFF2DF"" f=""simhei-11""></T>","","2","161506","使用方法：点击使用","","","3","6","","","0","","","","","1","7","","","","","","","","","1","","","","","","","40级","0","0","0","0","0","0"
"350421","422","制造书•项链","ff6ddcf6","4","1333","本","40","1","7055","true","0","0","0","0","0","0","1189","false","false","false","0","0","1","1","999","0","0","5000000","<T t=""记载项链打造方法的书卷，可以和百炼精铁一起打造装备。"" c=""FFFFF2DF"" f=""simhei-11""></T>","","2","161506","使用方法：点击使用","","","3","6","","","0","","","","","1","7","","","","","","","","","1","","","","","","","40级","0","0","0","0","0","0"
"350422","422","制造书•腰带","ff6ddcf6","4","1334","本","40","1","7056","true","0","0","0","0","0","0","1193","false","false","false","0","0","1","1","999","0","0","5000000","<T t=""记载腰带打造方法的书卷，可以和百炼精铁一起打造装备。"" c=""FFFFF2DF"" f=""simhei-11""></T>","","2","161506","使用方法：点击使用","","","3","6","","","0","","","","","1","7","","","","","","","","","1","","","","","","","40级","0","0","0","0","0","0"
"350423","422","制造书•鞋子","ff6ddcf6","4","1335","本","40","1","7057","true","0","0","0","0","0","0","1197","false","false","false","0","0","1","1","999","0","0","5000000","<T t=""记载鞋子打造方法的书卷，可以和百炼精铁一起打造装备。"" c=""FFFFF2DF"" f=""simhei-11""></T>","","2","161506","使用方法：点击使用","","","3","6","","","0","","","","","1","7","","","","","","","","","1","","","","","","","40级","0","0","0","0","0","0"
"","","","","","","","","","","","","","","","","","","","","","","","","","","","","","","","","","","","","","","","","","","","","","","","","","","","","","","","","","","","","","","","","","","","",""
"350500","422","50制造书•剑","ff6ddcf6","4","1312","本","50","1","7050","true","0","0","0","0","0","0","1106","false","false","false","0","0","1","1","999","0","0","5000000","<T t=""角色限制：剑侠客"" c=""FFFFF2DF"" f=""simhei-11""></T><B></B><B></B><T t=""记载剑打造方法的书卷，可以和百炼精铁一起打造装备。"" c=""FFFFF2DF"" f=""simhei-11""></T>","","2","161506","使用方法：点击使用","","","3","6","","","0","","","","","1","7","","","","","","","","","1","","","","","","","50级","0","0","0","0","0","0"
"350501","422","50制造书•枪","ff6ddcf6","4","1313","本","50","1","7050","true","0","0","0","0","0","0","1110","false","false","false","0","0","1","1","9999","0","0","5000000","<T t=""角色限制：龙太子"" c=""FFFFF2DF"" f=""simhei-11""></T><B></B><B></B><T t=""记载枪打造方法的书卷，可以和百炼精铁一起打造装备。"" c=""FFFFF2DF"" f=""simhei-11""></T>","","2","161506","使用方法：点击使用","","","3","6","","","0","","","","","1","7","","","","","","","","","1","","","","","","","50级","0","0","0","0","0","0"
"350502","422","50制造书•斧钺","ff6ddcf6","4","1314","本","50","1","7050","true","0","0","0","0","0","0","1114","false","false","false","0","0","1","1","9999","0","0","5000000","<T t=""角色限制：虎头怪"" c=""FFFFF2DF"" f=""simhei-11""></T><B></B><B></B><T t=""记载斧钺打造方法的书卷，可以和百炼精铁一起打造装备。"" c=""FFFFF2DF"" f=""simhei-11""></T>","","2","161506","使用方法：点击使用","","","3","6","","","0","","","","","1","7","","","","","","","","","1","","","","","","","50级","0","0","0","0","0","0"
"350503","422","50制造书•扇","ff6ddcf6","4","1315","本","50","1","7050","true","0","0","0","0","0","0","1118","false","false","false","0","0","1","1","9999","0","0","5000000","<T t=""角色限制：逍遥生"" c=""FFFFF2DF"" f=""simhei-11""></T><B></B><B></B><T t=""记载扇子打造方法的书卷，可以和百炼精铁一起打造装备。"" c=""FFFFF2DF"" f=""simhei-11""></T>","","2","161506","使用方法：点击使用","","","3","6","","","0","","","","","1","7","","","","","","","","","1","","","","","","","50级","0","0","0","0","0","0"
"350504","422","50制造书•魔棒","ff6ddcf6","4","1316","本","50","1","7050","true","0","0","0","0","0","0","1122","false","false","false","0","0","1","1","9999","0","0","5000000","<T t=""角色限制：玄彩娥"" c=""FFFFF2DF"" f=""simhei-11""></T><B></B><B></B><T t=""记载魔棒打造方法的书卷，可以和百炼精铁一起打造装备。"" c=""FFFFF2DF"" f=""simhei-11""></T>","","2","161506","使用方法：点击使用","","","3","6","","","0","","","","","1","7","","","","","","","","","1","","","","","","","50级","0","0","0","0","0","0"
"350505","422","50制造书•爪刺","ff6ddcf6","4","1317","本","50","1","7050","true","0","0","0","0","0","0","1126","false","false","false","0","0","1","1","9999","0","0","5000000","<T t=""角色限制：骨精灵"" c=""FFFFF2DF"" f=""simhei-11""></T><B></B><B></B><T t=""记载爪刺打造方法的书卷，可以和百炼精铁一起打造装备。"" c=""FFFFF2DF"" f=""simhei-11""></T>","","2","161506","使用方法：点击使用","","","3","6","","","0","","","","","1","7","","","","","","","","","1","","","","","","","50级","0","0","0","0","0","0"
"350506","422","50制造书•锤","ff6ddcf6","4","1318","本","50","1","7050","true","0","0","0","0","0","0","1130","false","false","false","0","0","1","1","9999","0","0","5000000","<T t=""角色限制：神天兵"" c=""FFFFF2DF"" f=""simhei-11""></T><B></B><B></B><T t=""记载锤打造方法的书卷，可以和百炼精铁一起打造装备。"" c=""FFFFF2DF"" f=""simhei-11""></T>","","2","161506","使用方法：点击使用","","","3","6","","","0","","","","","1","7","","","","","","","","","1","","","","","","","50级","0","0","0","0","0","0"
"350507","422","50制造书•鞭","ff6ddcf6","4","1319","本","50","1","7050","true","0","0","0","0","0","0","1134","false","false","false","0","0","1","1","9999","0","0","5000000","<T t=""角色限制：狐美人"" c=""FFFFF2DF"" f=""simhei-11""></T><B></B><B></B><T t=""记载鞭打造方法的书卷，可以和百炼精铁一起打造装备。"" c=""FFFFF2DF"" f=""simhei-11""></T>","","2","161506","使用方法：点击使用","","","3","6","","","0","","","","","1","7","","","","","","","","","1","","","","","","","50级","0","0","0","0","0","0"
"350508","422","50制造书•环圈","ff6ddcf6","4","1320","本","50","1","7050","true","0","0","0","0","0","0","1138","false","false","false","0","0","1","1","9999","0","0","5000000","<T t=""角色限制：飞燕女"" c=""FFFFF2DF"" f=""simhei-11""></T><B></B><B></B><T t=""记载环圈打造方法的书卷，可以和百炼精铁一起打造装备。"" c=""FFFFF2DF"" f=""simhei-11""></T>","","2","161506","使用方法：点击使用","","","3","6","","","0","","","","","1","7","","","","","","","","","1","","","","","","","50级","0","0","0","0","0","0"
"350509","422","50制造书•弓","ff6ddcf6","4","1321","本","50","1","7050","true","0","0","0","0","0","0","1142","false","false","false","0","0","1","1","9999","0","0","5000000","<T t=""角色限制：杀破狼"" c=""FFFFF2DF"" f=""simhei-11""></T><B></B><B></B><T t=""记载弓打造方法的书卷，可以和百炼精铁一起打造装备。"" c=""FFFFF2DF"" f=""simhei-11""></T>","","2","161506","使用方法：点击使用","","","3","6","","","0","","","","","1","7","","","","","","","","","1","","","","","","","50级","0","0","0","0","0","0"
"350510","422","50制造书•飘带","ff6ddcf6","4","1322","本","50","1","7050","true","0","0","0","0","0","0","1146","false","false","false","0","0","1","1","9999","0","0","5000000","<T t=""角色限制：舞天姬"" c=""FFFFF2DF"" f=""simhei-11""></T><B></B><B></B><T t=""记载飘带打造方法的书卷，可以和百炼精铁一起打造装备。"" c=""FFFFF2DF"" f=""simhei-11""></T>","","2","161506","使用方法：点击使用","","","3","6","","","0","","","","","1","7","","","","","","","","","1","","","","","","","50级","0","0","0","0","0","0"
"350511","422","50制造书•宝珠","ff6ddcf6","4","1323","本","50","1","7050","true","0","0","0","0","0","0","1150","false","false","false","0","0","1","1","9999","0","0","5000000","<T t=""角色限制：梦玲珑"" c=""FFFFF2DF"" f=""simhei-11""></T><B></B><B></B><T t=""记载宝珠打造方法的书卷，可以和百炼精铁一起打造装备。"" c=""FFFFF2DF"" f=""simhei-11""></T>","","2","161506","使用方法：点击使用","","","3","6","","","0","","","","","1","7","","","","","","","","","1","","","","","","","50级","0","0","0","0","0","0"
"350512","422","50制造书•长刀","ff6ddcf6","4","1324","本","50","1","7050","true","0","0","0","0","0","0","1154","false","false","false","0","0","1","1","9999","0","0","5000000","<T t=""角色限制：巨魔王"" c=""FFFFF2DF"" f=""simhei-11""></T><B></B><B></B><T t=""记载长刀打造方法的书卷，可以和百炼精铁一起打造装备。"" c=""FFFFF2DF"" f=""simhei-11""></T>","","2","161506","使用方法：点击使用","","","3","6","","","0","","","","","1","7","","","","","","","","","1","","","","","","","50级","0","0","0","0","0","0"
"350513","422","50制造书•双短剑","ff6ddcf6","4","1325","本","50","1","7050","true","0","0","0","0","0","0","1158","false","false","false","0","0","1","1","9999","0","0","5000000","<T t=""角色限制：英女侠"" c=""FFFFF2DF"" f=""simhei-11""></T><B></B><B></B><T t=""记载双短剑打造方法的书卷，可以和百炼精铁一起打造装备。"" c=""FFFFF2DF"" f=""simhei-11""></T>","","2","161506","使用方法：点击使用","","","3","6","","","0","","","","","1","7","","","","","","","","","1","","","","","","","50级","0","0","0","0","0","0"
"350514","422","50制造书•降魔杵","ff6ddcf6","4","1326","本","50","1","7050","true","0","0","0","0","0","0","1162","false","false","false","0","0","1","1","9999","0","0","5000000","<T t=""角色限制：羽灵神"" c=""FFFFF2DF"" f=""simhei-11""></T><B></B><B></B><T t=""记载降魔杵打造方法的书卷，可以和百炼精铁一起打造装备。"" c=""FFFFF2DF"" f=""simhei-11""></T>","","2","161506","使用方法：点击使用","","","3","6","","","0","","","","","1","7","","","","","","","","","1","","","","","","","50级","0","0","0","0","0","0"
"350515","422","50制造书•法杖","ff6ddcf6","4","1327","本","50","1","7050","true","0","0","0","0","0","0","1166","false","false","false","0","0","1","1","9999","0","0","5000000","<T t=""角色限制：巫蛮儿"" c=""FFFFF2DF"" f=""simhei-11""></T><B></B><B></B><T t=""记载法杖打造方法的书卷，可以和百炼精铁一起打造装备。"" c=""FFFFF2DF"" f=""simhei-11""></T>","","2","161506","使用方法：点击使用","","","3","6","","","0","","","","","1","7","","","","","","","","","1","","","","","","","50级","0","0","0","0","0","0"
"350516","422","50制造书•弯刀","ff6ddcf6","4","1328","本","50","1","7050","true","0","0","0","0","0","0","1170","false","false","false","0","0","1","1","9999","0","0","5000000","<T t=""角色限制：漠少君"" c=""FFFFF2DF"" f=""simhei-11""></T><B></B><B></B><T t=""记载弯刀打造方法的书卷，可以和百炼精铁一起打造装备。"" c=""FFFFF2DF"" f=""simhei-11""></T>","","2","161506","使用方法：点击使用","","","3","6","","","0","","","","","1","7","","","","","","","","","1","","","","","","","50级","0","0","0","0","0","0"
"350517","422","50制造书•男衣","ff6ddcf6","4","1329","本","50","1","7051","true","0","0","0","0","0","0","1174","false","false","false","0","0","1","1","9999","0","0","5000000","<T t=""性别限制：男"" c=""FFFFF2DF"" f=""simhei-11""></T><B></B><B></B><T t=""记载男衣打造方法的书卷，可以和百炼精铁一起打造装备。"" c=""FFFFF2DF"" f=""simhei-11""></T>","","2","161506","使用方法：点击使用","","","3","6","","","0","","","","","1","7","","","","","","","","","1","","","","","","","50级","0","0","0","0","0","0"
"350518","422","50制造书•女衣","ff6ddcf6","4","1330","本","50","1","7052","true","0","0","0","0","0","0","1178","false","false","false","0","0","1","1","9999","0","0","5000000","<T t=""性别限制：女"" c=""FFFFF2DF"" f=""simhei-11""></T><B></B><B></B><T t=""记载女衣打造方法的书卷，可以和百炼精铁一起打造装备。"" c=""FFFFF2DF"" f=""simhei-11""></T>","","2","161506","使用方法：点击使用","","","3","6","","","0","","","","","1","7","","","","","","","","","1","","","","","","","50级","0","0","0","0","0","0"
"350519","422","50制造书•头盔","ff6ddcf6","4","1331","本","50","1","7053","true","0","0","0","0","0","0","1182","false","false","false","0","0","1","1","9999","0","0","5000000","<T t=""性别限制：男"" c=""FFFFF2DF"" f=""simhei-11""></T><B></B><B></B><T t=""记载头盔打造方法的书卷，可以和百炼精铁一起打造装备。"" c=""FFFFF2DF"" f=""simhei-11""></T>","","2","161506","使用方法：点击使用","","","3","6","","","0","","","","","1","7","","","","","","","","","1","","","","","","","50级","0","0","0","0","0","0"
"350520","422","50制造书•发钗","ff6ddcf6","4","1332","本","50","1","7054","true","0","0","0","0","0","0","1186","false","false","false","0","0","1","1","9999","0","0","5000000","<T t=""性别限制：女"" c=""FFFFF2DF"" f=""simhei-11""></T><B></B><B></B><T t=""记载发钗打造方法的书卷，可以和百炼精铁一起打造装备。"" c=""FFFFF2DF"" f=""simhei-11""></T>","","2","161506","使用方法：点击使用","","","3","6","","","0","","","","","1","7","","","","","","","","","1","","","","","","","50级","0","0","0","0","0","0"
"350521","422","50制造书•项链","ff6ddcf6","4","1333","本","50","1","7055","true","0","0","0","0","0","0","1190","false","false","false","0","0","1","1","9999","0","0","5000000","<T t=""记载项链打造方法的书卷，可以和百炼精铁一起打造装备。"" c=""FFFFF2DF"" f=""simhei-11""></T>","","2","161506","使用方法：点击使用","","","3","6","","","0","","","","","1","7","","","","","","","","","1","","","","","","","50级","0","0","0","0","0","0"
"350522","422","50制造书•腰带","ff6ddcf6","4","1334","本","50","1","7056","true","0","0","0","0","0","0","1194","false","false","false","0","0","1","1","9999","0","0","5000000","<T t=""记载腰带打造方法的书卷，可以和百炼精铁一起打造装备。"" c=""FFFFF2DF"" f=""simhei-11""></T>","","2","161506","使用方法：点击使用","","","3","6","","","0","","","","","1","7","","","","","","","","","1","","","","","","","50级","0","0","0","0","0","0"
"350523","422","50制造书•鞋子","ff6ddcf6","4","1335","本","50","1","7057","true","0","0","0","0","0","0","1198","false","false","false","0","0","1","1","9999","0","0","5000000","<T t=""记载鞋子打造方法的书卷，可以和百炼精铁一起打造装备。"" c=""FFFFF2DF"" f=""simhei-11""></T>","","2","161506","使用方法：点击使用","","","3","6","","","0","","","","","1","7","","","","","","","","","1","","","","","","","50级","0","0","0","0","0","0"
"","","","","","","","","","","","","","","","","","","","","","","","","","","","","","","","","","","","","","","","","","","","","","","","","","","","","","","","","","","","","","","","","","","","",""
"350600","422","60制造书•剑","ff6ddcf6","4","1312","本","60","1","7050","true","0","0","0","0","0","0","1107","false","false","false","0","0","1","1","999","0","0","5000000","<T t=""角色限制：剑侠客"" c=""FFFFF2DF"" f=""simhei-11""></T><B></B><B></B><T t=""记载剑打造方法的书卷，可以和百炼精铁一起打造装备。"" c=""FFFFF2DF"" f=""simhei-11""></T>","","2","161506","使用方法：点击使用","","","3","6","","","0","","","","","1","7","","","","","","","","","1","","","","","","","60级","0","0","0","0","0","0"
"350601","422","60制造书•枪","ff6ddcf6","4","1313","本","60","1","7050","true","0","0","0","0","0","0","1111","false","false","false","0","0","1","1","9999","0","0","5000000","<T t=""角色限制：龙太子"" c=""FFFFF2DF"" f=""simhei-11""></T><B></B><B></B><T t=""记载枪打造方法的书卷，可以和百炼精铁一起打造装备。"" c=""FFFFF2DF"" f=""simhei-11""></T>","","2","161506","使用方法：点击使用","","","3","6","","","0","","","","","1","7","2","","","","","","","","1","","","","","","","60级","0","0","0","0","0","0"
"350602","422","60制造书•斧钺","ff6ddcf6","4","1314","本","60","1","7050","true","0","0","0","0","0","0","1115","false","false","false","0","0","1","1","9999","0","0","5000000","<T t=""角色限制：虎头怪"" c=""FFFFF2DF"" f=""simhei-11""></T><B></B><B></B><T t=""记载斧钺打造方法的书卷，可以和百炼精铁一起打造装备。"" c=""FFFFF2DF"" f=""simhei-11""></T>","","2","161506","使用方法：点击使用","","","3","6","","","0","","","","","1","7","2","","","","","","","","1","","","","","","","60级","0","0","0","0","0","0"
"350603","422","60制造书•扇","ff6ddcf6","4","1315","本","60","1","7050","true","0","0","0","0","0","0","1119","false","false","false","0","0","1","1","9999","0","0","5000000","<T t=""角色限制：逍遥生"" c=""FFFFF2DF"" f=""simhei-11""></T><B></B><B></B><T t=""记载扇子打造方法的书卷，可以和百炼精铁一起打造装备。"" c=""FFFFF2DF"" f=""simhei-11""></T>","","2","161506","使用方法：点击使用","","","3","6","","","0","","","","","1","7","2","","","","","","","","1","","","","","","","60级","0","0","0","0","0","0"
"350604","422","60制造书•魔棒","ff6ddcf6","4","1316","本","60","1","7050","true","0","0","0","0","0","0","1123","false","false","false","0","0","1","1","9999","0","0","5000000","<T t=""角色限制：玄彩娥"" c=""FFFFF2DF"" f=""simhei-11""></T><B></B><B></B><T t=""记载魔棒打造方法的书卷，可以和百炼精铁一起打造装备。"" c=""FFFFF2DF"" f=""simhei-11""></T>","","2","161506","使用方法：点击使用","","","3","6","","","0","","","","","1","7","2","","","","","","","","1","","","","","","","60级","0","0","0","0","0","0"
"350605","422","60制造书•爪刺","ff6ddcf6","4","1317","本","60","1","7050","true","0","0","0","0","0","0","1127","false","false","false","0","0","1","1","9999","0","0","5000000","<T t=""角色限制：骨精灵"" c=""FFFFF2DF"" f=""simhei-11""></T><B></B><B></B><T t=""记载爪刺打造方法的书卷，可以和百炼精铁一起打造装备。"" c=""FFFFF2DF"" f=""simhei-11""></T>","","2","161506","使用方法：点击使用","","","3","6","","","0","","","","","1","7","2","","","","","","","","1","","","","","","","60级","0","0","0","0","0","0"
"350606","422","60制造书•锤","ff6ddcf6","4","1318","本","60","1","7050","true","0","0","0","0","0","0","1131","false","false","false","0","0","1","1","9999","0","0","5000000","<T t=""角色限制：神天兵"" c=""FFFFF2DF"" f=""simhei-11""></T><B></B><B></B><T t=""记载锤打造方法的书卷，可以和百炼精铁一起打造装备。"" c=""FFFFF2DF"" f=""simhei-11""></T>","","2","161506","使用方法：点击使用","","","3","6","","","0","","","","","1","7","2","","","","","","","","1","","","","","","","60级","0","0","0","0","0","0"
"350607","422","60制造书•鞭","ff6ddcf6","4","1319","本","60","1","7050","true","0","0","0","0","0","0","1135","false","false","false","0","0","1","1","9999","0","0","5000000","<T t=""角色限制：狐美人"" c=""FFFFF2DF"" f=""simhei-11""></T><B></B><B></B><T t=""记载鞭打造方法的书卷，可以和百炼精铁一起打造装备。"" c=""FFFFF2DF"" f=""simhei-11""></T>","","2","161506","使用方法：点击使用","","","3","6","","","0","","","","","1","7","2","","","","","","","","1","","","","","","","60级","0","0","0","0","0","0"
"350608","422","60制造书•环圈","ff6ddcf6","4","1320","本","60","1","7050","true","0","0","0","0","0","0","1139","false","false","false","0","0","1","1","9999","0","0","5000000","<T t=""角色限制：飞燕女"" c=""FFFFF2DF"" f=""simhei-11""></T><B></B><B></B><T t=""记载环圈打造方法的书卷，可以和百炼精铁一起打造装备。"" c=""FFFFF2DF"" f=""simhei-11""></T>","","2","161506","使用方法：点击使用","","","3","6","","","0","","","","","1","7","2","","","","","","","","1","","","","","","","60级","0","0","0","0","0","0"
"350609","422","60制造书•弓","ff6ddcf6","4","1321","本","60","1","7050","true","0","0","0","0","0","0","1143","false","false","false","0","0","1","1","9999","0","0","5000000","<T t=""角色限制：杀破狼"" c=""FFFFF2DF"" f=""simhei-11""></T><B></B><B></B><T t=""记载弓打造方法的书卷，可以和百炼精铁一起打造装备。"" c=""FFFFF2DF"" f=""simhei-11""></T>","","2","161506","使用方法：点击使用","","","3","6","","","0","","","","","1","7","2","","","","","","","","1","","","","","","","60级","0","0","0","0","0","0"
"350610","422","60制造书•飘带","ff6ddcf6","4","1322","本","60","1","7050","true","0","0","0","0","0","0","1147","false","false","false","0","0","1","1","9999","0","0","5000000","<T t=""角色限制：舞天姬"" c=""FFFFF2DF"" f=""simhei-11""></T><B></B><B></B><T t=""记载飘带打造方法的书卷，可以和百炼精铁一起打造装备。"" c=""FFFFF2DF"" f=""simhei-11""></T>","","2","161506","使用方法：点击使用","","","3","6","","","0","","","","","1","7","2","","","","","","","","1","","","","","","","60级","0","0","0","0","0","0"
"350611","422","60制造书•宝珠","ff6ddcf6","4","1323","本","60","1","7050","true","0","0","0","0","0","0","1151","false","false","false","0","0","1","1","9999","0","0","5000000","<T t=""角色限制：梦玲珑"" c=""FFFFF2DF"" f=""simhei-11""></T><B></B><B></B><T t=""记载宝珠打造方法的书卷，可以和百炼精铁一起打造装备。"" c=""FFFFF2DF"" f=""simhei-11""></T>","","2","161506","使用方法：点击使用","","","3","6","","","0","","","","","1","7","2","","","","","","","","1","","","","","","","60级","0","0","0","0","0","0"
"350612","422","60制造书•长刀","ff6ddcf6","4","1324","本","60","1","7050","true","0","0","0","0","0","0","1155","false","false","false","0","0","1","1","9999","0","0","5000000","<T t=""角色限制：巨魔王"" c=""FFFFF2DF"" f=""simhei-11""></T><B></B><B></B><T t=""记载长刀打造方法的书卷，可以和百炼精铁一起打造装备。"" c=""FFFFF2DF"" f=""simhei-11""></T>","","2","161506","使用方法：点击使用","","","3","6","","","0","","","","","1","7","2","","","","","","","","1","","","","","","","60级","0","0","0","0","0","0"
"350613","422","60制造书•双短剑","ff6ddcf6","4","1325","本","60","1","7050","true","0","0","0","0","0","0","1159","false","false","false","0","0","1","1","9999","0","0","5000000","<T t=""角色限制：英女侠"" c=""FFFFF2DF"" f=""simhei-11""></T><B></B><B></B><T t=""记载双短剑打造方法的书卷，可以和百炼精铁一起打造装备。"" c=""FFFFF2DF"" f=""simhei-11""></T>","","2","161506","使用方法：点击使用","","","3","6","","","0","","","","","1","7","2","","","","","","","","1","","","","","","","60级","0","0","0","0","0","0"
"350614","422","60制造书•降魔杵","ff6ddcf6","4","1326","本","60","1","7050","true","0","0","0","0","0","0","1163","false","false","false","0","0","1","1","9999","0","0","5000000","<T t=""角色限制：羽灵神"" c=""FFFFF2DF"" f=""simhei-11""></T><B></B><B></B><T t=""记载降魔杵打造方法的书卷，可以和百炼精铁一起打造装备。"" c=""FFFFF2DF"" f=""simhei-11""></T>","","2","161506","使用方法：点击使用","","","3","6","","","0","","","","","1","7","2","","","","","","","","1","","","","","","","60级","0","0","0","0","0","0"
"350615","422","60制造书•法杖","ff6ddcf6","4","1327","本","60","1","7050","true","0","0","0","0","0","0","1167","false","false","false","0","0","1","1","9999","0","0","5000000","<T t=""角色限制：巫蛮儿"" c=""FFFFF2DF"" f=""simhei-11""></T><B></B><B></B><T t=""记载法杖打造方法的书卷，可以和百炼精铁一起打造装备。"" c=""FFFFF2DF"" f=""simhei-11""></T>","","2","161506","使用方法：点击使用","","","3","6","","","0","","","","","1","7","2","","","","","","","","1","","","","","","","60级","0","0","0","0","0","0"
"350616","422","60制造书•弯刀","ff6ddcf6","4","1328","本","60","1","7050","true","0","0","0","0","0","0","1171","false","false","false","0","0","1","1","9999","0","0","5000000","<T t=""角色限制：漠少君"" c=""FFFFF2DF"" f=""simhei-11""></T><B></B><B></B><T t=""记载弯刀打造方法的书卷，可以和百炼精铁一起打造装备。"" c=""FFFFF2DF"" f=""simhei-11""></T>","","2","161506","使用方法：点击使用","","","3","6","","","0","","","","","1","7","2","","","","","","","","1","","","","","","","60级","0","0","0","0","0","0"
"350617","422","60制造书•男衣","ff6ddcf6","4","1329","本","60","1","7051","true","0","0","0","0","0","0","1175","false","false","false","0","0","1","1","9999","0","0","5000000","<T t=""性别限制：男"" c=""FFFFF2DF"" f=""simhei-11""></T><B></B><B></B><T t=""记载男衣打造方法的书卷，可以和百炼精铁一起打造装备。"" c=""FFFFF2DF"" f=""simhei-11""></T>","","2","161506","使用方法：点击使用","","","3","6","","","0","","","","","1","7","2","","","","","","","","1","","","","","","","60级","0","0","0","0","0","0"
"350618","422","60制造书•女衣","ff6ddcf6","4","1330","本","60","1","7052","true","0","0","0","0","0","0","1179","false","false","false","0","0","1","1","9999","0","0","5000000","<T t=""性别限制：女"" c=""FFFFF2DF"" f=""simhei-11""></T><B></B><B></B><T t=""记载女衣打造方法的书卷，可以和百炼精铁一起打造装备。"" c=""FFFFF2DF"" f=""simhei-11""></T>","","2","161506","使用方法：点击使用","","","3","6","","","0","","","","","1","7","2","","","","","","","","1","","","","","","","60级","0","0","0","0","0","0"
"350619","422","60制造书•头盔","ff6ddcf6","4","1331","本","60","1","7053","true","0","0","0","0","0","0","1183","false","false","false","0","0","1","1","9999","0","0","5000000","<T t=""性别限制：男"" c=""FFFFF2DF"" f=""simhei-11""></T><B></B><B></B><T t=""记载头盔打造方法的书卷，可以和百炼精铁一起打造装备。"" c=""FFFFF2DF"" f=""simhei-11""></T>","","2","161506","使用方法：点击使用","","","3","6","","","0","","","","","1","7","2","","","","","","","","1","","","","","","","60级","0","0","0","0","0","0"
"350620","422","60制造书•发钗","ff6ddcf6","4","1332","本","60","1","7054","true","0","0","0","0","0","0","1187","false","false","false","0","0","1","1","9999","0","0","5000000","<T t=""性别限制：女"" c=""FFFFF2DF"" f=""simhei-11""></T><B></B><B></B><T t=""记载发钗打造方法的书卷，可以和百炼精铁一起打造装备。"" c=""FFFFF2DF"" f=""simhei-11""></T>","","2","161506","使用方法：点击使用","","","3","6","","","0","","","","","1","7","2","","","","","","","","1","","","","","","","60级","0","0","0","0","0","0"
"350621","422","60制造书•项链","ff6ddcf6","4","1333","本","60","1","7055","true","0","0","0","0","0","0","1191","false","false","false","0","0","1","1","9999","0","0","5000000","<T t=""记载项链打造方法的书卷，可以和百炼精铁一起打造装备。"" c=""FFFFF2DF"" f=""simhei-11""></T>","","2","161506","使用方法：点击使用","","","3","6","","","0","","","","","1","7","2","","","","","","","","1","","","","","","","60级","0","0","0","0","0","0"
"350622","422","60制造书•腰带","ff6ddcf6","4","1334","本","60","1","7056","true","0","0","0","0","0","0","1195","false","false","false","0","0","1","1","9999","0","0","5000000","<T t=""记载腰带打造方法的书卷，可以和百炼精铁一起打造装备。"" c=""FFFFF2DF"" f=""simhei-11""></T>","","2","161506","使用方法：点击使用","","","3","6","","","0","","","","","1","7","2","","","","","","","","1","","","","","","","60级","0","0","0","0","0","0"
"350623","422","60制造书•鞋子","ff6ddcf6","4","1335","本","60","1","7057","true","0","0","0","0","0","0","1199","false","false","false","0","0","1","1","999","0","0","5000000","<T t=""记载鞋子打造方法的书卷，可以和百炼精铁一起打造装备。"" c=""FFFFF2DF"" f=""simhei-11""></T>","","2","161506","使用方法：点击使用","","","3","6","","","0","","","","","1","7","2","","","","","","","","1","","","","","","","60级","0","0","0","0","0","0"
"111122","96","下面是制造书：70级：编号11","ff6ddcf6","4","1158","个","0","90","5500","true","0","0","0","0","0","0","1","false","false","false","0","0","1","1","999","0","0","5000000","添加新等级时需要根据序号排序，不然打造界面不读取物品等级","金钱","","0","使用方法：直接获得金钱","","","0","","","","0","","","","","","","","","","","","","","","1","","","","","","","0级","0","0","0","0","0","0"
"350700","422","70制造书•剑","ff6ddcf6","4","1312","本","70","1","7050","true","0","0","0","0","0","0","1108","false","false","false","0","0","1","1","9999","0","0","5000000","<T t=""角色限制：剑侠客"" c=""FFFFF2DF"" f=""simhei-11""></T><B></B><B></B><T t=""记载剑打造方法的书卷，可以和百炼精铁一起打造装备。"" c=""FFFFF2DF"" f=""simhei-11""></T>","","2","161506","使用方法：点击使用","","","3","6","","","0","","","","","1","7","2","","","","","","","","1","","","","","","","70级","0","0","0","0","0","0"
"350701","422","70制造书•枪","ff6ddcf6","4","1313","本","70","1","7050","true","0","0","0","0","0","0","1112","false","false","false","0","0","1","1","9999","0","0","5000000","<T t=""角色限制：龙太子"" c=""FFFFF2DF"" f=""simhei-11""></T><B></B><B></B><T t=""记载枪打造方法的书卷，可以和百炼精铁一起打造装备。"" c=""FFFFF2DF"" f=""simhei-11""></T>","","2","161506","使用方法：点击使用","","","3","6","","","0","","","","","1","7","2","","","","","","","","1","","","","","","","70级","0","0","0","0","0","0"
"350702","422","70制造书•斧钺","ff6ddcf6","4","1314","本","70","1","7050","true","0","0","0","0","0","0","1116","false","false","false","0","0","1","1","9999","0","0","5000000","<T t=""角色限制：虎头怪"" c=""FFFFF2DF"" f=""simhei-11""></T><B></B><B></B><T t=""记载斧钺打造方法的书卷，可以和百炼精铁一起打造装备。"" c=""FFFFF2DF"" f=""simhei-11""></T>","","2","161506","使用方法：点击使用","","","3","6","","","0","","","","","1","7","2","","","","","","","","1","","","","","","","70级","0","0","0","0","0","0"
"350703","422","70制造书•扇","ff6ddcf6","4","1315","本","70","1","7050","true","0","0","0","0","0","0","1120","false","false","false","0","0","1","1","9999","0","0","5000000","<T t=""角色限制：逍遥生"" c=""FFFFF2DF"" f=""simhei-11""></T><B></B><B></B><T t=""记载扇子打造方法的书卷，可以和百炼精铁一起打造装备。"" c=""FFFFF2DF"" f=""simhei-11""></T>","","2","161506","使用方法：点击使用","","","3","6","","","0","","","","","1","7","2","","","","","","","","1","","","","","","","70级","0","0","0","0","0","0"
"350704","422","70制造书•魔棒","ff6ddcf6","4","1316","本","70","1","7050","true","0","0","0","0","0","0","1124","false","false","false","0","0","1","1","9999","0","0","5000000","<T t=""角色限制：玄彩娥"" c=""FFFFF2DF"" f=""simhei-11""></T><B></B><B></B><T t=""记载魔棒打造方法的书卷，可以和百炼精铁一起打造装备。"" c=""FFFFF2DF"" f=""simhei-11""></T>","","2","161506","使用方法：点击使用","","","3","6","","","0","","","","","1","7","2","","","","","","","","1","","","","","","","70级","0","0","0","0","0","0"
"350705","422","70制造书•爪刺","ff6ddcf6","4","1317","本","70","1","7050","true","0","0","0","0","0","0","1128","false","false","false","0","0","1","1","9999","0","0","5000000","<T t=""角色限制：骨精灵"" c=""FFFFF2DF"" f=""simhei-11""></T><B></B><B></B><T t=""记载爪刺打造方法的书卷，可以和百炼精铁一起打造装备。"" c=""FFFFF2DF"" f=""simhei-11""></T>","","2","161506","使用方法：点击使用","","","3","6","","","0","","","","","1","7","2","","","","","","","","1","","","","","","","70级","0","0","0","0","0","0"
"350706","422","70制造书•锤","ff6ddcf6","4","1318","本","70","1","7050","true","0","0","0","0","0","0","1132","false","false","false","0","0","1","1","9999","0","0","5000000","<T t=""角色限制：神天兵"" c=""FFFFF2DF"" f=""simhei-11""></T><B></B><B></B><T t=""记载锤打造方法的书卷，可以和百炼精铁一起打造装备。"" c=""FFFFF2DF"" f=""simhei-11""></T>","","2","161506","使用方法：点击使用","","","3","6","","","0","","","","","1","7","2","","","","","","","","1","","","","","","","70级","0","0","0","0","0","0"
"350707","422","70制造书•鞭","ff6ddcf6","4","1319","本","70","1","7050","true","0","0","0","0","0","0","1136","false","false","false","0","0","1","1","9999","0","0","5000000","<T t=""角色限制：狐美人"" c=""FFFFF2DF"" f=""simhei-11""></T><B></B><B></B><T t=""记载鞭打造方法的书卷，可以和百炼精铁一起打造装备。"" c=""FFFFF2DF"" f=""simhei-11""></T>","","2","161506","使用方法：点击使用","","","3","6","","","0","","","","","1","7","2","","","","","","","","1","","","","","","","70级","0","0","0","0","0","0"
"350708","422","70制造书•环圈","ff6ddcf6","4","1320","本","70","1","7050","true","0","0","0","0","0","0","1140","false","false","false","0","0","1","1","9999","0","0","5000000","<T t=""角色限制：飞燕女"" c=""FFFFF2DF"" f=""simhei-11""></T><B></B><B></B><T t=""记载环圈打造方法的书卷，可以和百炼精铁一起打造装备。"" c=""FFFFF2DF"" f=""simhei-11""></T>","","2","161506","使用方法：点击使用","","","3","6","","","0","","","","","1","7","2","","","","","","","","1","","","","","","","70级","0","0","0","0","0","0"
"350709","422","70制造书•弓","ff6ddcf6","4","1321","本","70","1","7050","true","0","0","0","0","0","0","1144","false","false","false","0","0","1","1","9999","0","0","5000000","<T t=""角色限制：杀破狼"" c=""FFFFF2DF"" f=""simhei-11""></T><B></B><B></B><T t=""记载弓打造方法的书卷，可以和百炼精铁一起打造装备。"" c=""FFFFF2DF"" f=""simhei-11""></T>","","2","161506","使用方法：点击使用","","","3","6","","","0","","","","","1","7","2","","","","","","","","1","","","","","","","70级","0","0","0","0","0","0"
"350710","422","70制造书•飘带","ff6ddcf6","4","1322","本","70","1","7050","true","0","0","0","0","0","0","1148","false","false","false","0","0","1","1","9999","0","0","5000000","<T t=""角色限制：舞天姬"" c=""FFFFF2DF"" f=""simhei-11""></T><B></B><B></B><T t=""记载飘带打造方法的书卷，可以和百炼精铁一起打造装备。"" c=""FFFFF2DF"" f=""simhei-11""></T>","","2","161506","使用方法：点击使用","","","3","6","","","0","","","","","1","7","2","","","","","","","","1","","","","","","","70级","0","0","0","0","0","0"
"350711","422","70制造书•宝珠","ff6ddcf6","4","1323","本","70","1","7050","true","0","0","0","0","0","0","1152","false","false","false","0","0","1","1","9999","0","0","5000000","<T t=""角色限制：梦玲珑"" c=""FFFFF2DF"" f=""simhei-11""></T><B></B><B></B><T t=""记载宝珠打造方法的书卷，可以和百炼精铁一起打造装备。"" c=""FFFFF2DF"" f=""simhei-11""></T>","","2","161506","使用方法：点击使用","","","3","6","","","0","","","","","1","7","2","","","","","","","","1","","","","","","","70级","0","0","0","0","0","0"
"350712","422","70制造书•长刀","ff6ddcf6","4","1324","本","70","1","7050","true","0","0","0","0","0","0","1156","false","false","false","0","0","1","1","9999","0","0","5000000","<T t=""角色限制：巨魔王"" c=""FFFFF2DF"" f=""simhei-11""></T><B></B><B></B><T t=""记载长刀打造方法的书卷，可以和百炼精铁一起打造装备。"" c=""FFFFF2DF"" f=""simhei-11""></T>","","2","161506","使用方法：点击使用","","","3","6","","","0","","","","","1","7","2","","","","","","","","1","","","","","","","70级","0","0","0","0","0","0"
"350713","422","70制造书•双短剑","ff6ddcf6","4","1325","本","70","1","7050","true","0","0","0","0","0","0","1160","false","false","false","0","0","1","1","9999","0","0","5000000","<T t=""角色限制：英女侠"" c=""FFFFF2DF"" f=""simhei-11""></T><B></B><B></B><T t=""记载双短剑打造方法的书卷，可以和百炼精铁一起打造装备。"" c=""FFFFF2DF"" f=""simhei-11""></T>","","2","161506","使用方法：点击使用","","","3","6","","","0","","","","","1","7","2","","","","","","","","1","","","","","","","70级","0","0","0","0","0","0"
"350714","422","70制造书•降魔杵","ff6ddcf6","4","1326","本","70","1","7050","true","0","0","0","0","0","0","1164","false","false","false","0","0","1","1","9999","0","0","5000000","<T t=""角色限制：羽灵神"" c=""FFFFF2DF"" f=""simhei-11""></T><B></B><B></B><T t=""记载降魔杵打造方法的书卷，可以和百炼精铁一起打造装备。"" c=""FFFFF2DF"" f=""simhei-11""></T>","","2","161506","使用方法：点击使用","","","3","6","","","0","","","","","1","7","2","","","","","","","","1","","","","","","","70级","0","0","0","0","0","0"
"350715","422","70制造书•法杖","ff6ddcf6","4","1327","本","70","1","7050","true","0","0","0","0","0","0","1168","false","false","false","0","0","1","1","9999","0","0","5000000","<T t=""角色限制：巫蛮儿"" c=""FFFFF2DF"" f=""simhei-11""></T><B></B><B></B><T t=""记载法杖打造方法的书卷，可以和百炼精铁一起打造装备。"" c=""FFFFF2DF"" f=""simhei-11""></T>","","2","161506","使用方法：点击使用","","","3","6","","","0","","","","","1","7","2","","","","","","","","1","","","","","","","70级","0","0","0","0","0","0"
"350716","422","70制造书•弯刀","ff6ddcf6","4","1328","本","70","1","7050","true","0","0","0","0","0","0","1172","false","false","false","0","0","1","1","9999","0","0","5000000","<T t=""角色限制：漠少君"" c=""FFFFF2DF"" f=""simhei-11""></T><B></B><B></B><T t=""记载弯刀打造方法的书卷，可以和百炼精铁一起打造装备。"" c=""FFFFF2DF"" f=""simhei-11""></T>","","2","161506","使用方法：点击使用","","","3","6","","","0","","","","","1","7","2","","","","","","","","1","","","","","","","70级","0","0","0","0","0","0"
"350717","422","70制造书•男衣","ff6ddcf6","4","1329","本","70","1","7051","true","0","0","0","0","0","0","1176","false","false","false","0","0","1","1","9999","0","0","5000000","<T t=""性别限制：男"" c=""FFFFF2DF"" f=""simhei-11""></T><B></B><B></B><T t=""记载男衣打造方法的书卷，可以和百炼精铁一起打造装备。"" c=""FFFFF2DF"" f=""simhei-11""></T>","","2","161506","使用方法：点击使用","","","3","6","","","0","","","","","1","7","2","","","","","","","","1","","","","","","","70级","0","0","0","0","0","0"
"350718","422","70制造书•女衣","ff6ddcf6","4","1330","本","70","1","7052","true","0","0","0","0","0","0","1180","false","false","false","0","0","1","1","9999","0","0","5000000","<T t=""性别限制：女"" c=""FFFFF2DF"" f=""simhei-11""></T><B></B><B></B><T t=""记载女衣打造方法的书卷，可以和百炼精铁一起打造装备。"" c=""FFFFF2DF"" f=""simhei-11""></T>","","2","161506","使用方法：点击使用","","","3","6","","","0","","","","","1","7","2","","","","","","","","1","","","","","","","70级","0","0","0","0","0","0"
"350719","422","70制造书•头盔","ff6ddcf6","4","1331","本","70","1","7053","true","0","0","0","0","0","0","1184","false","false","false","0","0","1","1","9999","0","0","5000000","<T t=""性别限制：男"" c=""FFFFF2DF"" f=""simhei-11""></T><B></B><B></B><T t=""记载头盔打造方法的书卷，可以和百炼精铁一起打造装备。"" c=""FFFFF2DF"" f=""simhei-11""></T>","","2","161506","使用方法：点击使用","","","3","6","","","0","","","","","1","7","2","","","","","","","","1","","","","","","","70级","0","0","0","0","0","0"
"350720","422","70制造书•发钗","ff6ddcf6","4","1332","本","70","1","7054","true","0","0","0","0","0","0","1188","false","false","false","0","0","1","1","9999","0","0","5000000","<T t=""性别限制：女"" c=""FFFFF2DF"" f=""simhei-11""></T><B></B><B></B><T t=""记载发钗打造方法的书卷，可以和百炼精铁一起打造装备。"" c=""FFFFF2DF"" f=""simhei-11""></T>","","2","161506","使用方法：点击使用","","","3","6","","","0","","","","","1","7","2","","","","","","","","1","","","","","","","70级","0","0","0","0","0","0"
"350721","422","70制造书•项链","ff6ddcf6","4","1333","本","70","1","7055","true","0","0","0","0","0","0","1192","false","false","false","0","0","1","1","9999","0","0","5000000","<T t=""记载项链打造方法的书卷，可以和百炼精铁一起打造装备。"" c=""FFFFF2DF"" f=""simhei-11""></T>","","2","161506","使用方法：点击使用","","","3","6","","","0","","","","","1","7","2","","","","","","","","1","","","","","","","70级","0","0","0","0","0","0"
"350722","422","70制造书•腰带","ff6ddcf6","4","1334","本","70","1","7056","true","0","0","0","0","0","0","1196","false","false","false","0","0","1","1","9999","0","0","5000000","<T t=""记载腰带打造方法的书卷，可以和百炼精铁一起打造装备。"" c=""FFFFF2DF"" f=""simhei-11""></T>","","2","161506","使用方法：点击使用","","","3","6","","","0","","","","","1","7","2","","","","","","","","1","","","","","","","70级","0","0","0","0","0","0"
"350723","422","70制造书•鞋子","ff6ddcf6","4","1335","本","70","1","7057","true","0","0","0","0","0","0","1200","false","false","false","0","0","1","1","9999","0","0","5000000","<T t=""记载鞋子打造方法的书卷，可以和百炼精铁一起打造装备。"" c=""FFFFF2DF"" f=""simhei-11""></T>","","2","161506","使用方法：点击使用","","","3","6","","","0","","","","","1","7","2","","","","","","","","1","","","","","","","70级","0","0","0","0","0","0"
"111123","96","下面是制造书：80级：编号12","ff6ddcf6","4","1158","个","0","90","5500","true","0","0","0","0","0","0","0","false","false","false","0","0","1","1","999","0","0","5000000","添加新等级时需要根据序号排序，不然打造界面不读取物品等级","金钱","","0","使用方法：直接获得金钱","","","0","","","","0","","","","","","","","","","","","","","","1","","","","","","","0级","0","0","0","0","0","0"
"350800","422","80制造书•剑","ff6ddcf6","4","1312","本","80","1","7050","true","0","0","0","0","0","0","0","false","false","false","0","0","1","1","9999","0","0","5000000","<T t=""角色限制：剑侠客"" c=""FFFFF2DF"" f=""simhei-11""></T><B></B><B></B><T t=""记载剑打造方法的书卷，可以和百炼精铁一起打造装备。"" c=""FFFFF2DF"" f=""simhei-11""></T>","","2","161506","使用方法：点击使用","","","3","6","","","0","","","","","2","7","1","","","","","","","1","1","30","","","","","","80级","0","0","0","0","0","0"
"350801","422","80制造书•枪","ff6ddcf6","4","1313","本","80","1","7050","true","0","0","0","0","0","0","0","false","false","false","0","0","1","1","9999","0","0","5000000","<T t=""角色限制：龙太子"" c=""FFFFF2DF"" f=""simhei-11""></T><B></B><B></B><T t=""记载枪打造方法的书卷，可以和百炼精铁一起打造装备。"" c=""FFFFF2DF"" f=""simhei-11""></T>","","2","161506","使用方法：点击使用","","","3","6","","","0","","","","","2","7","1","","","","","","","1","1","30","","","","","","80级","0","0","0","0","0","0"
"350802","422","80制造书•斧钺","ff6ddcf6","4","1314","本","80","1","7050","true","0","0","0","0","0","0","0","false","false","false","0","0","1","1","9999","0","0","5000000","<T t=""角色限制：虎头怪"" c=""FFFFF2DF"" f=""simhei-11""></T><B></B><B></B><T t=""记载斧钺打造方法的书卷，可以和百炼精铁一起打造装备。"" c=""FFFFF2DF"" f=""simhei-11""></T>","","2","161506","使用方法：点击使用","","","3","6","","","0","","","","","2","7","1","","","","","","","1","1","30","","","","","","80级","0","0","0","0","0","0"
"350803","422","80制造书•扇","ff6ddcf6","4","1315","本","80","1","7050","true","0","0","0","0","0","0","0","false","false","false","0","0","1","1","9999","0","0","5000000","<T t=""角色限制：逍遥生"" c=""FFFFF2DF"" f=""simhei-11""></T><B></B><B></B><T t=""记载扇子打造方法的书卷，可以和百炼精铁一起打造装备。"" c=""FFFFF2DF"" f=""simhei-11""></T>","","2","161506","使用方法：点击使用","","","3","6","","","0","","","","","2","7","1","","","","","","","1","1","30","","","","","","80级","0","0","0","0","0","0"
"350804","422","80制造书•魔棒","ff6ddcf6","4","1316","本","80","1","7050","true","0","0","0","0","0","0","0","false","false","false","0","0","1","1","9999","0","0","5000000","<T t=""角色限制：玄彩娥"" c=""FFFFF2DF"" f=""simhei-11""></T><B></B><B></B><T t=""记载魔棒打造方法的书卷，可以和百炼精铁一起打造装备。"" c=""FFFFF2DF"" f=""simhei-11""></T>","","2","161506","使用方法：点击使用","","","3","6","","","0","","","","","2","7","1","","","","","","","1","1","30","","","","","","80级","0","0","0","0","0","0"
"350805","422","80制造书•爪刺","ff6ddcf6","4","1317","本","80","1","7050","true","0","0","0","0","0","0","0","false","false","false","0","0","1","1","9999","0","0","5000000","<T t=""角色限制：骨精灵"" c=""FFFFF2DF"" f=""simhei-11""></T><B></B><B></B><T t=""记载爪刺打造方法的书卷，可以和百炼精铁一起打造装备。"" c=""FFFFF2DF"" f=""simhei-11""></T>","","2","161506","使用方法：点击使用","","","3","6","","","0","","","","","2","7","1","","","","","","","1","1","30","","","","","","80级","0","0","0","0","0","0"
"350806","422","80制造书•锤","ff6ddcf6","4","1318","本","80","1","7050","true","0","0","0","0","0","0","0","false","false","false","0","0","1","1","9999","0","0","5000000","<T t=""角色限制：神天兵"" c=""FFFFF2DF"" f=""simhei-11""></T><B></B><B></B><T t=""记载锤打造方法的书卷，可以和百炼精铁一起打造装备。"" c=""FFFFF2DF"" f=""simhei-11""></T>","","2","161506","使用方法：点击使用","","","3","6","","","0","","","","","2","7","1","","","","","","","1","1","30","","","","","","80级","0","0","0","0","0","0"
"350807","422","80制造书•鞭","ff6ddcf6","4","1319","本","80","1","7050","true","0","0","0","0","0","0","0","false","false","false","0","0","1","1","9999","0","0","5000000","<T t=""角色限制：狐美人"" c=""FFFFF2DF"" f=""simhei-11""></T><B></B><B></B><T t=""记载鞭打造方法的书卷，可以和百炼精铁一起打造装备。"" c=""FFFFF2DF"" f=""simhei-11""></T>","","2","161506","使用方法：点击使用","","","3","6","","","0","","","","","2","7","1","","","","","","","1","1","30","","","","","","80级","0","0","0","0","0","0"
"350808","422","80制造书•环圈","ff6ddcf6","4","1320","本","80","1","7050","true","0","0","0","0","0","0","0","false","false","false","0","0","1","1","9999","0","0","5000000","<T t=""角色限制：飞燕女"" c=""FFFFF2DF"" f=""simhei-11""></T><B></B><B></B><T t=""记载环圈打造方法的书卷，可以和百炼精铁一起打造装备。"" c=""FFFFF2DF"" f=""simhei-11""></T>","","2","161506","使用方法：点击使用","","","3","6","","","0","","","","","2","7","1","","","","","","","1","1","30","","","","","","80级","0","0","0","0","0","0"
"350809","422","80制造书•弓","ff6ddcf6","4","1321","本","80","1","7050","true","0","0","0","0","0","0","0","false","false","false","0","0","1","1","9999","0","0","5000000","<T t=""角色限制：杀破狼"" c=""FFFFF2DF"" f=""simhei-11""></T><B></B><B></B><T t=""记载弓打造方法的书卷，可以和百炼精铁一起打造装备。"" c=""FFFFF2DF"" f=""simhei-11""></T>","","2","161506","使用方法：点击使用","","","3","6","","","0","","","","","2","7","1","","","","","","","1","1","30","","","","","","80级","0","0","0","0","0","0"
"350810","422","80制造书•飘带","ff6ddcf6","4","1322","本","80","1","7050","true","0","0","0","0","0","0","0","false","false","false","0","0","1","1","9999","0","0","5000000","<T t=""角色限制：舞天姬"" c=""FFFFF2DF"" f=""simhei-11""></T><B></B><B></B><T t=""记载飘带打造方法的书卷，可以和百炼精铁一起打造装备。"" c=""FFFFF2DF"" f=""simhei-11""></T>","","2","161506","使用方法：点击使用","","","3","6","","","0","","","","","2","7","1","","","","","","","1","1","30","","","","","","80级","0","0","0","0","0","0"
"350811","422","80制造书•宝珠","ff6ddcf6","4","1323","本","80","1","7050","true","0","0","0","0","0","0","0","false","false","false","0","0","1","1","9999","0","0","5000000","<T t=""角色限制：梦玲珑"" c=""FFFFF2DF"" f=""simhei-11""></T><B></B><B></B><T t=""记载宝珠打造方法的书卷，可以和百炼精铁一起打造装备。"" c=""FFFFF2DF"" f=""simhei-11""></T>","","2","161506","使用方法：点击使用","","","3","6","","","0","","","","","2","7","1","","","","","","","1","1","30","","","","","","80级","0","0","0","0","0","0"
"350812","422","80制造书•长刀","ff6ddcf6","4","1324","本","80","1","7050","true","0","0","0","0","0","0","0","false","false","false","0","0","1","1","9999","0","0","5000000","<T t=""角色限制：巨魔王"" c=""FFFFF2DF"" f=""simhei-11""></T><B></B><B></B><T t=""记载长刀打造方法的书卷，可以和百炼精铁一起打造装备。"" c=""FFFFF2DF"" f=""simhei-11""></T>","","2","161506","使用方法：点击使用","","","3","6","","","0","","","","","2","7","1","","","","","","","1","1","30","","","","","","80级","0","0","0","0","0","0"
"350813","422","80制造书•双短剑","ff6ddcf6","4","1325","本","80","1","7050","true","0","0","0","0","0","0","0","false","false","false","0","0","1","1","9999","0","0","5000000","<T t=""角色限制：英女侠"" c=""FFFFF2DF"" f=""simhei-11""></T><B></B><B></B><T t=""记载双短剑打造方法的书卷，可以和百炼精铁一起打造装备。"" c=""FFFFF2DF"" f=""simhei-11""></T>","","2","161506","使用方法：点击使用","","","3","6","","","0","","","","","2","7","1","","","","","","","1","1","30","","","","","","80级","0","0","0","0","0","0"
"350814","422","80制造书•降魔杵","ff6ddcf6","4","1326","本","80","1","7050","true","0","0","0","0","0","0","0","false","false","false","0","0","1","1","9999","0","0","5000000","<T t=""角色限制：羽灵神"" c=""FFFFF2DF"" f=""simhei-11""></T><B></B><B></B><T t=""记载降魔杵打造方法的书卷，可以和百炼精铁一起打造装备。"" c=""FFFFF2DF"" f=""simhei-11""></T>","","2","161506","使用方法：点击使用","","","3","6","","","0","","","","","2","7","1","","","","","","","1","1","30","","","","","","80级","0","0","0","0","0","0"
"350815","422","80制造书•法杖","ff6ddcf6","4","1327","本","80","1","7050","true","0","0","0","0","0","0","0","false","false","false","0","0","1","1","9999","0","0","5000000","<T t=""角色限制：巫蛮儿"" c=""FFFFF2DF"" f=""simhei-11""></T><B></B><B></B><T t=""记载法杖打造方法的书卷，可以和百炼精铁一起打造装备。"" c=""FFFFF2DF"" f=""simhei-11""></T>","","2","161506","使用方法：点击使用","","","3","6","","","0","","","","","2","7","1","","","","","","","1","1","30","","","","","","80级","0","0","0","0","0","0"
"350816","422","80制造书•弯刀","ff6ddcf6","4","1328","本","80","1","7050","true","0","0","0","0","0","0","0","false","false","false","0","0","1","1","9999","0","0","5000000","<T t=""角色限制：漠少君"" c=""FFFFF2DF"" f=""simhei-11""></T><B></B><B></B><T t=""记载弯刀打造方法的书卷，可以和百炼精铁一起打造装备。"" c=""FFFFF2DF"" f=""simhei-11""></T>","","2","161506","使用方法：点击使用","","","3","6","","","0","","","","","2","7","1","","","","","","","1","1","30","","","","","","80级","0","0","0","0","0","0"
"350817","422","80制造书•男衣","ff6ddcf6","4","1329","本","80","1","7051","true","0","0","0","0","0","0","0","false","false","false","0","0","1","1","9999","0","0","5000000","<T t=""性别限制：男"" c=""FFFFF2DF"" f=""simhei-11""></T><B></B><B></B><T t=""记载男衣打造方法的书卷，可以和百炼精铁一起打造装备。"" c=""FFFFF2DF"" f=""simhei-11""></T>","","2","161506","使用方法：点击使用","","","3","6","","","0","","","","","2","7","1","","","","","","","1","1","30","","","","","","80级","0","0","0","0","0","0"
"350818","422","80制造书•女衣","ff6ddcf6","4","1330","本","80","1","7052","true","0","0","0","0","0","0","0","false","false","false","0","0","1","1","9999","0","0","5000000","<T t=""性别限制：女"" c=""FFFFF2DF"" f=""simhei-11""></T><B></B><B></B><T t=""记载女衣打造方法的书卷，可以和百炼精铁一起打造装备。"" c=""FFFFF2DF"" f=""simhei-11""></T>","","2","161506","使用方法：点击使用","","","3","6","","","0","","","","","2","7","1","","","","","","","1","1","30","","","","","","80级","0","0","0","0","0","0"
"350819","422","80制造书•头盔","ff6ddcf6","4","1331","本","80","1","7053","true","0","0","0","0","0","0","0","false","false","false","0","0","1","1","9999","0","0","5000000","<T t=""性别限制：男"" c=""FFFFF2DF"" f=""simhei-11""></T><B></B><B></B><T t=""记载头盔打造方法的书卷，可以和百炼精铁一起打造装备。"" c=""FFFFF2DF"" f=""simhei-11""></T>","","2","161506","使用方法：点击使用","","","3","6","","","0","","","","","2","7","1","","","","","","","1","1","30","","","","","","80级","0","0","0","0","0","0"
"350820","422","80制造书•发钗","ff6ddcf6","4","1332","本","80","1","7054","true","0","0","0","0","0","0","0","false","false","false","0","0","1","1","9999","0","0","5000000","<T t=""性别限制：女"" c=""FFFFF2DF"" f=""simhei-11""></T><B></B><B></B><T t=""记载发钗打造方法的书卷，可以和百炼精铁一起打造装备。"" c=""FFFFF2DF"" f=""simhei-11""></T>","","2","161506","使用方法：点击使用","","","3","6","","","0","","","","","2","7","1","","","","","","","1","1","30","","","","","","80级","0","0","0","0","0","0"
"350821","422","80制造书•项链","ff6ddcf6","4","1333","本","80","1","7055","true","0","0","0","0","0","0","0","false","false","false","0","0","1","1","9999","0","0","5000000","<T t=""记载项链打造方法的书卷，可以和百炼精铁一起打造装备。"" c=""FFFFF2DF"" f=""simhei-11""></T>","","2","161506","使用方法：点击使用","","","3","6","","","0","","","","","2","7","1","","","","","","","1","1","30","","","","","","80级","0","0","0","0","0","0"
"350822","422","80制造书•腰带","ff6ddcf6","4","1334","本","80","1","7056","true","0","0","0","0","0","0","0","false","false","false","0","0","1","1","9999","0","0","5000000","<T t=""记载腰带打造方法的书卷，可以和百炼精铁一起打造装备。"" c=""FFFFF2DF"" f=""simhei-11""></T>","","2","161506","使用方法：点击使用","","","3","6","","","0","","","","","2","7","1","","","","","","","1","1","30","","","","","","80级","0","0","0","0","0","0"
"350823","422","80制造书•鞋子","ff6ddcf6","4","1335","本","80","1","7057","true","0","0","0","0","0","0","0","false","false","false","0","0","1","1","9999","0","0","5000000","<T t=""记载鞋子打造方法的书卷，可以和百炼精铁一起打造装备。"" c=""FFFFF2DF"" f=""simhei-11""></T>","","2","161506","使用方法：点击使用","","","3","6","","","0","","","","","2","7","1","","","","","","","1","1","30","","","","","","80级","0","0","0","0","0","0"
"111124","96","下面是制造书：90级：编号13","ff6ddcf6","4","1158","个","0","90","5500","true","0","0","0","0","0","0","0","false","false","false","0","0","1","1","999","0","0","5000000","添加新等级时需要根据序号排序，不然打造界面不读取物品等级","金钱","","0","使用方法：直接获得金钱","","","0","","","","0","","","","","","","","","","","","","","","1","","","","","","","0级","0","0","0","0","0","0"
"350900","422","90制造书•剑","ff6ddcf6","4","1312","本","90","1","7050","true","0","0","0","0","0","0","0","false","false","false","0","0","1","1","9999","0","0","5000000","<T t=""角色限制：剑侠客"" c=""FFFFF2DF"" f=""simhei-11""></T><B></B><B></B><T t=""记载剑打造方法的书卷，可以和百炼精铁一起打造装备。"" c=""FFFFF2DF"" f=""simhei-11""></T>","","2","161506","使用方法：点击使用","","","3","6","","","0","","","","","2","7","4","","","","","","","1","1","30","","","","","","90级","0","0","0","0","0","0"
"350901","422","90制造书•枪","ff6ddcf6","4","1313","本","90","1","7050","true","0","0","0","0","0","0","0","false","false","false","0","0","1","1","9999","0","0","5000000","<T t=""角色限制：龙太子"" c=""FFFFF2DF"" f=""simhei-11""></T><B></B><B></B><T t=""记载枪打造方法的书卷，可以和百炼精铁一起打造装备。"" c=""FFFFF2DF"" f=""simhei-11""></T>","","2","161506","使用方法：点击使用","","","3","6","","","0","","","","","2","7","4","","","","","","","1","1","30","","","","","","90级","0","0","0","0","0","0"
"350902","422","90制造书•斧钺","ff6ddcf6","4","1314","本","90","1","7050","true","0","0","0","0","0","0","0","false","false","false","0","0","1","1","9999","0","0","5000000","<T t=""角色限制：虎头怪"" c=""FFFFF2DF"" f=""simhei-11""></T><B></B><B></B><T t=""记载斧钺打造方法的书卷，可以和百炼精铁一起打造装备。"" c=""FFFFF2DF"" f=""simhei-11""></T>","","2","161506","使用方法：点击使用","","","3","6","","","0","","","","","2","7","4","","","","","","","1","1","30","","","","","","90级","0","0","0","0","0","0"
"350903","422","90制造书•扇","ff6ddcf6","4","1315","本","90","1","7050","true","0","0","0","0","0","0","0","false","false","false","0","0","1","1","9999","0","0","5000000","<T t=""角色限制：逍遥生"" c=""FFFFF2DF"" f=""simhei-11""></T><B></B><B></B><T t=""记载扇子打造方法的书卷，可以和百炼精铁一起打造装备。"" c=""FFFFF2DF"" f=""simhei-11""></T>","","2","161506","使用方法：点击使用","","","3","6","","","0","","","","","2","7","4","","","","","","","1","1","30","","","","","","90级","0","0","0","0","0","0"
"350904","422","90制造书•魔棒","ff6ddcf6","4","1316","本","90","1","7050","true","0","0","0","0","0","0","0","false","false","false","0","0","1","1","9999","0","0","5000000","<T t=""角色限制：玄彩娥"" c=""FFFFF2DF"" f=""simhei-11""></T><B></B><B></B><T t=""记载魔棒打造方法的书卷，可以和百炼精铁一起打造装备。"" c=""FFFFF2DF"" f=""simhei-11""></T>","","2","161506","使用方法：点击使用","","","3","6","","","0","","","","","2","7","4","","","","","","","1","1","30","","","","","","90级","0","0","0","0","0","0"
"350905","422","90制造书•爪刺","ff6ddcf6","4","1317","本","90","1","7050","true","0","0","0","0","0","0","0","false","false","false","0","0","1","1","9999","0","0","5000000","<T t=""角色限制：骨精灵"" c=""FFFFF2DF"" f=""simhei-11""></T><B></B><B></B><T t=""记载爪刺打造方法的书卷，可以和百炼精铁一起打造装备。"" c=""FFFFF2DF"" f=""simhei-11""></T>","","2","161506","使用方法：点击使用","","","3","6","","","0","","","","","2","7","4","","","","","","","1","1","30","","","","","","90级","0","0","0","0","0","0"
"350906","422","90制造书•锤","ff6ddcf6","4","1318","本","90","1","7050","true","0","0","0","0","0","0","0","false","false","false","0","0","1","1","9999","0","0","5000000","<T t=""角色限制：神天兵"" c=""FFFFF2DF"" f=""simhei-11""></T><B></B><B></B><T t=""记载锤打造方法的书卷，可以和百炼精铁一起打造装备。"" c=""FFFFF2DF"" f=""simhei-11""></T>","","2","161506","使用方法：点击使用","","","3","6","","","0","","","","","2","7","4","","","","","","","1","1","30","","","","","","90级","0","0","0","0","0","0"
"350907","422","90制造书•鞭","ff6ddcf6","4","1319","本","90","1","7050","true","0","0","0","0","0","0","0","false","false","false","0","0","1","1","9999","0","0","5000000","<T t=""角色限制：狐美人"" c=""FFFFF2DF"" f=""simhei-11""></T><B></B><B></B><T t=""记载鞭打造方法的书卷，可以和百炼精铁一起打造装备。"" c=""FFFFF2DF"" f=""simhei-11""></T>","","2","161506","使用方法：点击使用","","","3","6","","","0","","","","","2","7","4","","","","","","","1","1","30","","","","","","90级","0","0","0","0","0","0"
"350908","422","90制造书•环圈","ff6ddcf6","4","1320","本","90","1","7050","true","0","0","0","0","0","0","0","false","false","false","0","0","1","1","9999","0","0","5000000","<T t=""角色限制：飞燕女"" c=""FFFFF2DF"" f=""simhei-11""></T><B></B><B></B><T t=""记载环圈打造方法的书卷，可以和百炼精铁一起打造装备。"" c=""FFFFF2DF"" f=""simhei-11""></T>","","2","161506","使用方法：点击使用","","","3","6","","","0","","","","","2","7","4","","","","","","","1","1","30","","","","","","90级","0","0","0","0","0","0"
"350909","422","90制造书•弓","ff6ddcf6","4","1321","本","90","1","7050","true","0","0","0","0","0","0","0","false","false","false","0","0","1","1","9999","0","0","5000000","<T t=""角色限制：杀破狼"" c=""FFFFF2DF"" f=""simhei-11""></T><B></B><B></B><T t=""记载弓打造方法的书卷，可以和百炼精铁一起打造装备。"" c=""FFFFF2DF"" f=""simhei-11""></T>","","2","161506","使用方法：点击使用","","","3","6","","","0","","","","","2","7","4","","","","","","","1","1","30","","","","","","90级","0","0","0","0","0","0"
"350910","422","90制造书•飘带","ff6ddcf6","4","1322","本","90","1","7050","true","0","0","0","0","0","0","0","false","false","false","0","0","1","1","9999","0","0","5000000","<T t=""角色限制：舞天姬"" c=""FFFFF2DF"" f=""simhei-11""></T><B></B><B></B><T t=""记载飘带打造方法的书卷，可以和百炼精铁一起打造装备。"" c=""FFFFF2DF"" f=""simhei-11""></T>","","2","161506","使用方法：点击使用","","","3","6","","","0","","","","","2","7","4","","","","","","","1","1","30","","","","","","90级","0","0","0","0","0","0"
"350911","422","90制造书•宝珠","ff6ddcf6","4","1323","本","90","1","7050","true","0","0","0","0","0","0","0","false","false","false","0","0","1","1","9999","0","0","5000000","<T t=""角色限制：梦玲珑"" c=""FFFFF2DF"" f=""simhei-11""></T><B></B><B></B><T t=""记载宝珠打造方法的书卷，可以和百炼精铁一起打造装备。"" c=""FFFFF2DF"" f=""simhei-11""></T>","","2","161506","使用方法：点击使用","","","3","6","","","0","","","","","2","7","4","","","","","","","1","1","30","","","","","","90级","0","0","0","0","0","0"
"350912","422","90制造书•长刀","ff6ddcf6","4","1324","本","90","1","7050","true","0","0","0","0","0","0","0","false","false","false","0","0","1","1","9999","0","0","5000000","<T t=""角色限制：巨魔王"" c=""FFFFF2DF"" f=""simhei-11""></T><B></B><B></B><T t=""记载长刀打造方法的书卷，可以和百炼精铁一起打造装备。"" c=""FFFFF2DF"" f=""simhei-11""></T>","","2","161506","使用方法：点击使用","","","3","6","","","0","","","","","2","7","4","","","","","","","1","1","30","","","","","","90级","0","0","0","0","0","0"
"350913","422","90制造书•双短剑","ff6ddcf6","4","1325","本","90","1","7050","true","0","0","0","0","0","0","0","false","false","false","0","0","1","1","9999","0","0","5000000","<T t=""角色限制：英女侠"" c=""FFFFF2DF"" f=""simhei-11""></T><B></B><B></B><T t=""记载双短剑打造方法的书卷，可以和百炼精铁一起打造装备。"" c=""FFFFF2DF"" f=""simhei-11""></T>","","2","161506","使用方法：点击使用","","","3","6","","","0","","","","","2","7","4","","","","","","","1","1","30","","","","","","90级","0","0","0","0","0","0"
"350914","422","90制造书•降魔杵","ff6ddcf6","4","1326","本","90","1","7050","true","0","0","0","0","0","0","0","false","false","false","0","0","1","1","9999","0","0","5000000","<T t=""角色限制：羽灵神"" c=""FFFFF2DF"" f=""simhei-11""></T><B></B><B></B><T t=""记载降魔杵打造方法的书卷，可以和百炼精铁一起打造装备。"" c=""FFFFF2DF"" f=""simhei-11""></T>","","2","161506","使用方法：点击使用","","","3","6","","","0","","","","","2","7","4","","","","","","","1","1","30","","","","","","90级","0","0","0","0","0","0"
"350915","422","90制造书•法杖","ff6ddcf6","4","1327","本","90","1","7050","true","0","0","0","0","0","0","0","false","false","false","0","0","1","1","9999","0","0","5000000","<T t=""角色限制：巫蛮儿"" c=""FFFFF2DF"" f=""simhei-11""></T><B></B><B></B><T t=""记载法杖打造方法的书卷，可以和百炼精铁一起打造装备。"" c=""FFFFF2DF"" f=""simhei-11""></T>","","2","161506","使用方法：点击使用","","","3","6","","","0","","","","","2","7","4","","","","","","","1","1","30","","","","","","90级","0","0","0","0","0","0"
"350916","422","90制造书•弯刀","ff6ddcf6","4","1328","本","90","1","7050","true","0","0","0","0","0","0","0","false","false","false","0","0","1","1","9999","0","0","5000000","<T t=""角色限制：漠少君"" c=""FFFFF2DF"" f=""simhei-11""></T><B></B><B></B><T t=""记载弯刀打造方法的书卷，可以和百炼精铁一起打造装备。"" c=""FFFFF2DF"" f=""simhei-11""></T>","","2","161506","使用方法：点击使用","","","3","6","","","0","","","","","2","7","4","","","","","","","1","1","30","","","","","","90级","0","0","0","0","0","0"
"350917","422","90制造书•男衣","ff6ddcf6","4","1329","本","90","1","7051","true","0","0","0","0","0","0","0","false","false","false","0","0","1","1","9999","0","0","5000000","<T t=""性别限制：男"" c=""FFFFF2DF"" f=""simhei-11""></T><B></B><B></B><T t=""记载男衣打造方法的书卷，可以和百炼精铁一起打造装备。"" c=""FFFFF2DF"" f=""simhei-11""></T>","","2","161506","使用方法：点击使用","","","3","6","","","0","","","","","2","7","4","","","","","","","1","1","30","","","","","","90级","0","0","0","0","0","0"
"350918","422","90制造书•女衣","ff6ddcf6","4","1330","本","90","1","7052","true","0","0","0","0","0","0","0","false","false","false","0","0","1","1","9999","0","0","5000000","<T t=""性别限制：女"" c=""FFFFF2DF"" f=""simhei-11""></T><B></B><B></B><T t=""记载女衣打造方法的书卷，可以和百炼精铁一起打造装备。"" c=""FFFFF2DF"" f=""simhei-11""></T>","","2","161506","使用方法：点击使用","","","3","6","","","0","","","","","2","7","4","","","","","","","1","1","30","","","","","","90级","0","0","0","0","0","0"
"350919","422","90制造书•头盔","ff6ddcf6","4","1331","本","90","1","7053","true","0","0","0","0","0","0","0","false","false","false","0","0","1","1","9999","0","0","5000000","<T t=""性别限制：男"" c=""FFFFF2DF"" f=""simhei-11""></T><B></B><B></B><T t=""记载头盔打造方法的书卷，可以和百炼精铁一起打造装备。"" c=""FFFFF2DF"" f=""simhei-11""></T>","","2","161506","使用方法：点击使用","","","3","6","","","0","","","","","2","7","4","","","","","","","1","1","30","","","","","","90级","0","0","0","0","0","0"
"350920","422","90制造书•发钗","ff6ddcf6","4","1332","本","90","1","7054","true","0","0","0","0","0","0","0","false","false","false","0","0","1","1","9999","0","0","5000000","<T t=""性别限制：女"" c=""FFFFF2DF"" f=""simhei-11""></T><B></B><B></B><T t=""记载发钗打造方法的书卷，可以和百炼精铁一起打造装备。"" c=""FFFFF2DF"" f=""simhei-11""></T>","","2","161506","使用方法：点击使用","","","3","6","","","0","","","","","2","7","4","","","","","","","1","1","30","","","","","","90级","0","0","0","0","0","0"
"350921","422","90制造书•项链","ff6ddcf6","4","1333","本","90","1","7055","true","0","0","0","0","0","0","0","false","false","false","0","0","1","1","9999","0","0","5000000","<T t=""记载项链打造方法的书卷，可以和百炼精铁一起打造装备。"" c=""FFFFF2DF"" f=""simhei-11""></T>","","2","161506","使用方法：点击使用","","","3","6","","","0","","","","","2","7","4","","","","","","","1","1","30","","","","","","90级","0","0","0","0","0","0"
"350922","422","90制造书•腰带","ff6ddcf6","4","1334","本","90","1","7056","true","0","0","0","0","0","0","0","false","false","false","0","0","1","1","9999","0","0","5000000","<T t=""记载腰带打造方法的书卷，可以和百炼精铁一起打造装备。"" c=""FFFFF2DF"" f=""simhei-11""></T>","","2","161506","使用方法：点击使用","","","3","6","","","0","","","","","2","7","4","","","","","","","1","1","30","","","","","","90级","0","0","0","0","0","0"
"350923","422","90制造书•鞋子","ff6ddcf6","4","1335","本","90","1","7057","true","0","0","0","0","0","0","0","false","false","false","0","0","1","1","9999","0","0","5000000","<T t=""记载鞋子打造方法的书卷，可以和百炼精铁一起打造装备。"" c=""FFFFF2DF"" f=""simhei-11""></T>","","2","161506","使用方法：点击使用","","","3","6","","","0","","","","","2","7","4","","","","","","","1","1","30","","","","","","90级","0","0","0","0","0","0"
"111125","96","下面是制造书：100级：编号14","ff6ddcf6","4","1158","个","0","90","5500","true","0","0","0","0","0","0","0","false","false","false","0","0","1","1","999","0","0","5000000","添加新等级时需要根据序号排序，不然打造界面不读取物品等级","金钱","","0","使用方法：直接获得金钱","","","0","","","","0","","","","","","","4","","","","","","","","1","","","","","","","0级","0","0","0","0","0","0"
"351000","422","100制造书•剑","ff6ddcf6","4","1312","本","100","1","7050","true","0","0","0","0","0","0","0","false","false","false","0","0","1","1","9999","0","0","5000000","<T t=""角色限制：剑侠客"" c=""FFFFF2DF"" f=""simhei-11""></T><B></B><B></B><T t=""记载剑打造方法的书卷，可以和百炼精铁一起打造装备。"" c=""FFFFF2DF"" f=""simhei-11""></T>","","2","161506","使用方法：点击使用","","","3","6","","","0","","","","","2","7","4","","","","","","","1","1","30","","","","","","100级","0","0","0","0","0","0"
"351001","422","100制造书•枪","ff6ddcf6","4","1313","本","100","1","7050","true","0","0","0","0","0","0","0","false","false","false","0","0","1","1","9999","0","0","5000000","<T t=""角色限制：龙太子"" c=""FFFFF2DF"" f=""simhei-11""></T><B></B><B></B><T t=""记载枪打造方法的书卷，可以和百炼精铁一起打造装备。"" c=""FFFFF2DF"" f=""simhei-11""></T>","","2","161506","使用方法：点击使用","","","3","6","","","0","","","","","2","7","4","","","","","","","1","1","30","","","","","","100级","0","0","0","0","0","0"
"351002","422","100制造书•斧钺","ff6ddcf6","4","1314","本","100","1","7050","true","0","0","0","0","0","0","0","false","false","false","0","0","1","1","9999","0","0","5000000","<T t=""角色限制：虎头怪"" c=""FFFFF2DF"" f=""simhei-11""></T><B></B><B></B><T t=""记载斧钺打造方法的书卷，可以和百炼精铁一起打造装备。"" c=""FFFFF2DF"" f=""simhei-11""></T>","","2","161506","使用方法：点击使用","","","3","6","","","0","","","","","2","7","4","","","","","","","1","1","30","","","","","","100级","0","0","0","0","0","0"
"351003","422","100制造书•扇","ff6ddcf6","4","1315","本","100","1","7050","true","0","0","0","0","0","0","0","false","false","false","0","0","1","1","9999","0","0","5000000","<T t=""角色限制：逍遥生"" c=""FFFFF2DF"" f=""simhei-11""></T><B></B><B></B><T t=""记载扇子打造方法的书卷，可以和百炼精铁一起打造装备。"" c=""FFFFF2DF"" f=""simhei-11""></T>","","2","161506","使用方法：点击使用","","","3","6","","","0","","","","","2","7","4","","","","","","","1","1","30","","","","","","100级","0","0","0","0","0","0"
"351004","422","100制造书•魔棒","ff6ddcf6","4","1316","本","100","1","7050","true","0","0","0","0","0","0","0","false","false","false","0","0","1","1","9999","0","0","5000000","<T t=""角色限制：玄彩娥"" c=""FFFFF2DF"" f=""simhei-11""></T><B></B><B></B><T t=""记载魔棒打造方法的书卷，可以和百炼精铁一起打造装备。"" c=""FFFFF2DF"" f=""simhei-11""></T>","","2","161506","使用方法：点击使用","","","3","6","","","0","","","","","2","7","4","","","","","","","1","1","30","","","","","","100级","0","0","0","0","0","0"
"351005","422","100制造书•爪刺","ff6ddcf6","4","1317","本","100","1","7050","true","0","0","0","0","0","0","0","false","false","false","0","0","1","1","9999","0","0","5000000","<T t=""角色限制：骨精灵"" c=""FFFFF2DF"" f=""simhei-11""></T><B></B><B></B><T t=""记载爪刺打造方法的书卷，可以和百炼精铁一起打造装备。"" c=""FFFFF2DF"" f=""simhei-11""></T>","","2","161506","使用方法：点击使用","","","3","6","","","0","","","","","2","7","4","","","","","","","1","1","30","","","","","","100级","0","0","0","0","0","0"
"351006","422","100制造书•锤","ff6ddcf6","4","1318","本","100","1","7050","true","0","0","0","0","0","0","0","false","false","false","0","0","1","1","9999","0","0","5000000","<T t=""角色限制：神天兵"" c=""FFFFF2DF"" f=""simhei-11""></T><B></B><B></B><T t=""记载锤打造方法的书卷，可以和百炼精铁一起打造装备。"" c=""FFFFF2DF"" f=""simhei-11""></T>","","2","161506","使用方法：点击使用","","","3","6","","","0","","","","","2","7","4","","","","","","","1","1","30","","","","","","100级","0","0","0","0","0","0"
"351007","422","100制造书•鞭","ff6ddcf6","4","1319","本","100","1","7050","true","0","0","0","0","0","0","0","false","false","false","0","0","1","1","9999","0","0","5000000","<T t=""角色限制：狐美人"" c=""FFFFF2DF"" f=""simhei-11""></T><B></B><B></B><T t=""记载鞭打造方法的书卷，可以和百炼精铁一起打造装备。"" c=""FFFFF2DF"" f=""simhei-11""></T>","","2","161506","使用方法：点击使用","","","3","6","","","0","","","","","2","7","4","","","","","","","1","1","30","","","","","","100级","0","0","0","0","0","0"
"351008","422","100制造书•环圈","ff6ddcf6","4","1320","本","100","1","7050","true","0","0","0","0","0","0","0","false","false","false","0","0","1","1","9999","0","0","5000000","<T t=""角色限制：飞燕女"" c=""FFFFF2DF"" f=""simhei-11""></T><B></B><B></B><T t=""记载环圈打造方法的书卷，可以和百炼精铁一起打造装备。"" c=""FFFFF2DF"" f=""simhei-11""></T>","","2","161506","使用方法：点击使用","","","3","6","","","0","","","","","2","7","4","","","","","","","1","1","30","","","","","","100级","0","0","0","0","0","0"
"351009","422","100制造书•弓","ff6ddcf6","4","1321","本","100","1","7050","true","0","0","0","0","0","0","0","false","false","false","0","0","1","1","9999","0","0","5000000","<T t=""角色限制：杀破狼"" c=""FFFFF2DF"" f=""simhei-11""></T><B></B><B></B><T t=""记载弓打造方法的书卷，可以和百炼精铁一起打造装备。"" c=""FFFFF2DF"" f=""simhei-11""></T>","","2","161506","使用方法：点击使用","","","3","6","","","0","","","","","2","7","4","","","","","","","1","1","30","","","","","","100级","0","0","0","0","0","0"
"351010","422","100制造书•飘带","ff6ddcf6","4","1322","本","100","1","7050","true","0","0","0","0","0","0","0","false","false","false","0","0","1","1","9999","0","0","5000000","<T t=""角色限制：舞天姬"" c=""FFFFF2DF"" f=""simhei-11""></T><B></B><B></B><T t=""记载飘带打造方法的书卷，可以和百炼精铁一起打造装备。"" c=""FFFFF2DF"" f=""simhei-11""></T>","","2","161506","使用方法：点击使用","","","3","6","","","0","","","","","2","7","4","","","","","","","1","1","30","","","","","","100级","0","0","0","0","0","0"
"351011","422","100制造书•宝珠","ff6ddcf6","4","1323","本","100","1","7050","true","0","0","0","0","0","0","0","false","false","false","0","0","1","1","9999","0","0","5000000","<T t=""角色限制：梦玲珑"" c=""FFFFF2DF"" f=""simhei-11""></T><B></B><B></B><T t=""记载宝珠打造方法的书卷，可以和百炼精铁一起打造装备。"" c=""FFFFF2DF"" f=""simhei-11""></T>","","2","161506","使用方法：点击使用","","","3","6","","","0","","","","","2","7","4","","","","","","","1","1","30","","","","","","100级","0","0","0","0","0","0"
"351012","422","100制造书•长刀","ff6ddcf6","4","1324","本","100","1","7050","true","0","0","0","0","0","0","0","false","false","false","0","0","1","1","9999","0","0","5000000","<T t=""角色限制：巨魔王"" c=""FFFFF2DF"" f=""simhei-11""></T><B></B><B></B><T t=""记载长刀打造方法的书卷，可以和百炼精铁一起打造装备。"" c=""FFFFF2DF"" f=""simhei-11""></T>","","2","161506","使用方法：点击使用","","","3","6","","","0","","","","","2","7","4","","","","","","","1","1","30","","","","","","100级","0","0","0","0","0","0"
"351013","422","100制造书•双短剑","ff6ddcf6","4","1325","本","100","1","7050","true","0","0","0","0","0","0","0","false","false","false","0","0","1","1","9999","0","0","5000000","<T t=""角色限制：英女侠"" c=""FFFFF2DF"" f=""simhei-11""></T><B></B><B></B><T t=""记载双短剑打造方法的书卷，可以和百炼精铁一起打造装备。"" c=""FFFFF2DF"" f=""simhei-11""></T>","","2","161506","使用方法：点击使用","","","3","6","","","0","","","","","2","7","4","","","","","","","1","1","30","","","","","","100级","0","0","0","0","0","0"
"351014","422","100制造书•降魔杵","ff6ddcf6","4","1326","本","100","1","7050","true","0","0","0","0","0","0","0","false","false","false","0","0","1","1","9999","0","0","5000000","<T t=""角色限制：羽灵神"" c=""FFFFF2DF"" f=""simhei-11""></T><B></B><B></B><T t=""记载降魔杵打造方法的书卷，可以和百炼精铁一起打造装备。"" c=""FFFFF2DF"" f=""simhei-11""></T>","","2","161506","使用方法：点击使用","","","3","6","","","0","","","","","2","7","4","","","","","","","1","1","30","","","","","","100级","0","0","0","0","0","0"
"351015","422","100制造书•法杖","ff6ddcf6","4","1327","本","100","1","7050","true","0","0","0","0","0","0","0","false","false","false","0","0","1","1","9999","0","0","5000000","<T t=""角色限制：巫蛮儿"" c=""FFFFF2DF"" f=""simhei-11""></T><B></B><B></B><T t=""记载法杖打造方法的书卷，可以和百炼精铁一起打造装备。"" c=""FFFFF2DF"" f=""simhei-11""></T>","","2","161506","使用方法：点击使用","","","3","6","","","0","","","","","2","7","4","","","","","","","1","1","30","","","","","","100级","0","0","0","0","0","0"
"351016","422","100制造书•弯刀","ff6ddcf6","4","1328","本","100","1","7050","true","0","0","0","0","0","0","0","false","false","false","0","0","1","1","9999","0","0","5000000","<T t=""角色限制：漠少君"" c=""FFFFF2DF"" f=""simhei-11""></T><B></B><B></B><T t=""记载弯刀打造方法的书卷，可以和百炼精铁一起打造装备。"" c=""FFFFF2DF"" f=""simhei-11""></T>","","2","161506","使用方法：点击使用","","","3","6","","","0","","","","","2","7","4","","","","","","","1","1","30","","","","","","100级","0","0","0","0","0","0"
"351017","422","100制造书•男衣","ff6ddcf6","4","1329","本","100","1","7051","true","0","0","0","0","0","0","0","false","false","false","0","0","1","1","9999","0","0","5000000","<T t=""性别限制：男"" c=""FFFFF2DF"" f=""simhei-11""></T><B></B><B></B><T t=""记载男衣打造方法的书卷，可以和百炼精铁一起打造装备。"" c=""FFFFF2DF"" f=""simhei-11""></T>","","2","161506","使用方法：点击使用","","","3","6","","","0","","","","","2","7","4","","","","","","","1","1","30","","","","","","100级","0","0","0","0","0","0"
"351018","422","100制造书•女衣","ff6ddcf6","4","1330","本","100","1","7052","true","0","0","0","0","0","0","0","false","false","false","0","0","1","1","9999","0","0","5000000","<T t=""性别限制：女"" c=""FFFFF2DF"" f=""simhei-11""></T><B></B><B></B><T t=""记载女衣打造方法的书卷，可以和百炼精铁一起打造装备。"" c=""FFFFF2DF"" f=""simhei-11""></T>","","2","161506","使用方法：点击使用","","","3","6","","","0","","","","","2","7","4","","","","","","","1","1","30","","","","","","100级","0","0","0","0","0","0"
"351019","422","100制造书•头盔","ff6ddcf6","4","1331","本","100","1","7053","true","0","0","0","0","0","0","0","false","false","false","0","0","1","1","9999","0","0","5000000","<T t=""性别限制：男"" c=""FFFFF2DF"" f=""simhei-11""></T><B></B><B></B><T t=""记载头盔打造方法的书卷，可以和百炼精铁一起打造装备。"" c=""FFFFF2DF"" f=""simhei-11""></T>","","2","161506","使用方法：点击使用","","","3","6","","","0","","","","","2","7","4","","","","","","","1","1","30","","","","","","100级","0","0","0","0","0","0"
"351020","422","100制造书•发钗","ff6ddcf6","4","1332","本","100","1","7054","true","0","0","0","0","0","0","0","false","false","false","0","0","1","1","9999","0","0","5000000","<T t=""性别限制：女"" c=""FFFFF2DF"" f=""simhei-11""></T><B></B><B></B><T t=""记载发钗打造方法的书卷，可以和百炼精铁一起打造装备。"" c=""FFFFF2DF"" f=""simhei-11""></T>","","2","161506","使用方法：点击使用","","","3","6","","","0","","","","","2","7","4","","","","","","","1","1","30","","","","","","100级","0","0","0","0","0","0"
"351021","422","100制造书•项链","ff6ddcf6","4","1333","本","100","1","7055","true","0","0","0","0","0","0","0","false","false","false","0","0","1","1","9999","0","0","5000000","<T t=""记载项链打造方法的书卷，可以和百炼精铁一起打造装备。"" c=""FFFFF2DF"" f=""simhei-11""></T>","","2","161506","使用方法：点击使用","","","3","6","","","0","","","","","2","7","4","","","","","","","1","1","30","","","","","","100级","0","0","0","0","0","0"
"351022","422","100制造书•腰带","ff6ddcf6","4","1334","本","100","1","7056","true","0","0","0","0","0","0","0","false","false","false","0","0","1","1","9999","0","0","5000000","<T t=""记载腰带打造方法的书卷，可以和百炼精铁一起打造装备。"" c=""FFFFF2DF"" f=""simhei-11""></T>","","2","161506","使用方法：点击使用","","","3","6","","","0","","","","","2","7","4","","","","","","","1","1","30","","","","","","100级","0","0","0","0","0","0"
"351023","422","100制造书•鞋子","ff6ddcf6","4","1335","本","100","1","7057","true","0","0","0","0","0","0","0","false","false","false","0","0","1","1","9999","0","0","5000000","<T t=""记载鞋子打造方法的书卷，可以和百炼精铁一起打造装备。"" c=""FFFFF2DF"" f=""simhei-11""></T>","","2","161506","使用方法：点击使用","","","3","6","","","0","","","","","2","7","4","","","","","","","1","1","30","","","","","","100级","0","0","0","0","0","0"
"111126","96","下面是制造书：110级：编号15","ff6ddcf6","4","1158","个","0","90","5500","true","0","0","0","0","0","0","0","false","false","false","0","0","1","1","999","0","0","5000000","添加新等级时需要根据序号排序，不然打造界面不读取物品等级","金钱","","0","使用方法：直接获得金钱","","","0","","","","0","","","","","","","4","","","","","","","","1","","","","","","","0级","0","0","0","0","0","0"
"351100","422","110制造书•剑","ff6ddcf6","4","1312","本","110","1","7050","true","0","0","0","0","0","0","0","false","false","false","0","0","1","1","9999","0","0","5000000","<T t=""角色限制：剑侠客"" c=""FFFFF2DF"" f=""simhei-11""></T><B></B><B></B><T t=""记载剑打造方法的书卷，可以和百炼精铁一起打造装备。"" c=""FFFFF2DF"" f=""simhei-11""></T>","","2","161506","使用方法：点击使用","","","3","6","","","0","","","","","2","7","4","","","","","","","","1","","","","","","","110级","0","0","0","0","0","0"
"351101","422","110制造书•枪","ff6ddcf6","4","1313","本","110","1","7050","true","0","0","0","0","0","0","0","false","false","false","0","0","1","1","9999","0","0","5000000","<T t=""角色限制：龙太子"" c=""FFFFF2DF"" f=""simhei-11""></T><B></B><B></B><T t=""记载枪打造方法的书卷，可以和百炼精铁一起打造装备。"" c=""FFFFF2DF"" f=""simhei-11""></T>","","2","161506","使用方法：点击使用","","","3","6","","","0","","","","","2","7","4","","","","","","","","1","","","","","","","110级","0","0","0","0","0","0"
"351102","422","110制造书•斧钺","ff6ddcf6","4","1314","本","110","1","7050","true","0","0","0","0","0","0","0","false","false","false","0","0","1","1","9999","0","0","5000000","<T t=""角色限制：虎头怪"" c=""FFFFF2DF"" f=""simhei-11""></T><B></B><B></B><T t=""记载斧钺打造方法的书卷，可以和百炼精铁一起打造装备。"" c=""FFFFF2DF"" f=""simhei-11""></T>","","2","161506","使用方法：点击使用","","","3","6","","","0","","","","","2","7","4","","","","","","","","1","","","","","","","110级","0","0","0","0","0","0"
"351103","422","110制造书•扇","ff6ddcf6","4","1315","本","110","1","7050","true","0","0","0","0","0","0","0","false","false","false","0","0","1","1","9999","0","0","5000000","<T t=""角色限制：逍遥生"" c=""FFFFF2DF"" f=""simhei-11""></T><B></B><B></B><T t=""记载扇子打造方法的书卷，可以和百炼精铁一起打造装备。"" c=""FFFFF2DF"" f=""simhei-11""></T>","","2","161506","使用方法：点击使用","","","3","6","","","0","","","","","2","7","4","","","","","","","","1","","","","","","","110级","0","0","0","0","0","0"
"351104","422","110制造书•魔棒","ff6ddcf6","4","1316","本","110","1","7050","true","0","0","0","0","0","0","0","false","false","false","0","0","1","1","9999","0","0","5000000","<T t=""角色限制：玄彩娥"" c=""FFFFF2DF"" f=""simhei-11""></T><B></B><B></B><T t=""记载魔棒打造方法的书卷，可以和百炼精铁一起打造装备。"" c=""FFFFF2DF"" f=""simhei-11""></T>","","2","161506","使用方法：点击使用","","","3","6","","","0","","","","","2","7","4","","","","","","","","1","","","","","","","110级","0","0","0","0","0","0"
"351105","422","110制造书•爪刺","ff6ddcf6","4","1317","本","110","1","7050","true","0","0","0","0","0","0","0","false","false","false","0","0","1","1","9999","0","0","5000000","<T t=""角色限制：骨精灵"" c=""FFFFF2DF"" f=""simhei-11""></T><B></B><B></B><T t=""记载爪刺打造方法的书卷，可以和百炼精铁一起打造装备。"" c=""FFFFF2DF"" f=""simhei-11""></T>","","2","161506","使用方法：点击使用","","","3","6","","","0","","","","","2","7","4","","","","","","","","1","","","","","","","110级","0","0","0","0","0","0"
"351106","422","110制造书•锤","ff6ddcf6","4","1318","本","110","1","7050","true","0","0","0","0","0","0","0","false","false","false","0","0","1","1","9999","0","0","5000000","<T t=""角色限制：神天兵"" c=""FFFFF2DF"" f=""simhei-11""></T><B></B><B></B><T t=""记载锤打造方法的书卷，可以和百炼精铁一起打造装备。"" c=""FFFFF2DF"" f=""simhei-11""></T>","","2","161506","使用方法：点击使用","","","3","6","","","0","","","","","2","7","4","","","","","","","","1","","","","","","","110级","0","0","0","0","0","0"
"351107","422","110制造书•鞭","ff6ddcf6","4","1319","本","110","1","7050","true","0","0","0","0","0","0","0","false","false","false","0","0","1","1","9999","0","0","5000000","<T t=""角色限制：狐美人"" c=""FFFFF2DF"" f=""simhei-11""></T><B></B><B></B><T t=""记载鞭打造方法的书卷，可以和百炼精铁一起打造装备。"" c=""FFFFF2DF"" f=""simhei-11""></T>","","2","161506","使用方法：点击使用","","","3","6","","","0","","","","","2","7","4","","","","","","","","1","","","","","","","110级","0","0","0","0","0","0"
"351108","422","110制造书•环圈","ff6ddcf6","4","1320","本","110","1","7050","true","0","0","0","0","0","0","0","false","false","false","0","0","1","1","9999","0","0","5000000","<T t=""角色限制：飞燕女"" c=""FFFFF2DF"" f=""simhei-11""></T><B></B><B></B><T t=""记载环圈打造方法的书卷，可以和百炼精铁一起打造装备。"" c=""FFFFF2DF"" f=""simhei-11""></T>","","2","161506","使用方法：点击使用","","","3","6","","","0","","","","","2","7","4","","","","","","","","1","","","","","","","110级","0","0","0","0","0","0"
"351109","422","110制造书•弓","ff6ddcf6","4","1321","本","110","1","7050","true","0","0","0","0","0","0","0","false","false","false","0","0","1","1","9999","0","0","5000000","<T t=""角色限制：杀破狼"" c=""FFFFF2DF"" f=""simhei-11""></T><B></B><B></B><T t=""记载弓打造方法的书卷，可以和百炼精铁一起打造装备。"" c=""FFFFF2DF"" f=""simhei-11""></T>","","2","161506","使用方法：点击使用","","","3","6","","","0","","","","","2","7","4","","","","","","","","1","","","","","","","110级","0","0","0","0","0","0"
"351110","422","110制造书•飘带","ff6ddcf6","4","1322","本","110","1","7050","true","0","0","0","0","0","0","0","false","false","false","0","0","1","1","9999","0","0","5000000","<T t=""角色限制：舞天姬"" c=""FFFFF2DF"" f=""simhei-11""></T><B></B><B></B><T t=""记载飘带打造方法的书卷，可以和百炼精铁一起打造装备。"" c=""FFFFF2DF"" f=""simhei-11""></T>","","2","161506","使用方法：点击使用","","","3","6","","","0","","","","","2","7","4","","","","","","","","1","","","","","","","110级","0","0","0","0","0","0"
"351111","422","110制造书•宝珠","ff6ddcf6","4","1323","本","110","1","7050","true","0","0","0","0","0","0","0","false","false","false","0","0","1","1","9999","0","0","5000000","<T t=""角色限制：梦玲珑"" c=""FFFFF2DF"" f=""simhei-11""></T><B></B><B></B><T t=""记载宝珠打造方法的书卷，可以和百炼精铁一起打造装备。"" c=""FFFFF2DF"" f=""simhei-11""></T>","","2","161506","使用方法：点击使用","","","3","6","","","0","","","","","2","7","4","","","","","","","","1","","","","","","","110级","0","0","0","0","0","0"
"351112","422","110制造书•长刀","ff6ddcf6","4","1324","本","110","1","7050","true","0","0","0","0","0","0","0","false","false","false","0","0","1","1","9999","0","0","5000000","<T t=""角色限制：巨魔王"" c=""FFFFF2DF"" f=""simhei-11""></T><B></B><B></B><T t=""记载长刀打造方法的书卷，可以和百炼精铁一起打造装备。"" c=""FFFFF2DF"" f=""simhei-11""></T>","","2","161506","使用方法：点击使用","","","3","6","","","0","","","","","2","7","4","","","","","","","","1","","","","","","","110级","0","0","0","0","0","0"
"351113","422","110制造书•双短剑","ff6ddcf6","4","1325","本","110","1","7050","true","0","0","0","0","0","0","0","false","false","false","0","0","1","1","9999","0","0","5000000","<T t=""角色限制：英女侠"" c=""FFFFF2DF"" f=""simhei-11""></T><B></B><B></B><T t=""记载双短剑打造方法的书卷，可以和百炼精铁一起打造装备。"" c=""FFFFF2DF"" f=""simhei-11""></T>","","2","161506","使用方法：点击使用","","","3","6","","","0","","","","","2","7","4","","","","","","","","1","","","","","","","110级","0","0","0","0","0","0"
"351114","422","110制造书•降魔杵","ff6ddcf6","4","1326","本","110","1","7050","true","0","0","0","0","0","0","0","false","false","false","0","0","1","1","9999","0","0","5000000","<T t=""角色限制：羽灵神"" c=""FFFFF2DF"" f=""simhei-11""></T><B></B><B></B><T t=""记载降魔杵打造方法的书卷，可以和百炼精铁一起打造装备。"" c=""FFFFF2DF"" f=""simhei-11""></T>","","2","161506","使用方法：点击使用","","","3","6","","","0","","","","","2","7","4","","","","","","","","1","","","","","","","110级","0","0","0","0","0","0"
"351115","422","110制造书•法杖","ff6ddcf6","4","1327","本","110","1","7050","true","0","0","0","0","0","0","0","false","false","false","0","0","1","1","9999","0","0","5000000","<T t=""角色限制：巫蛮儿"" c=""FFFFF2DF"" f=""simhei-11""></T><B></B><B></B><T t=""记载法杖打造方法的书卷，可以和百炼精铁一起打造装备。"" c=""FFFFF2DF"" f=""simhei-11""></T>","","2","161506","使用方法：点击使用","","","3","6","","","0","","","","","2","7","4","","","","","","","","1","","","","","","","110级","0","0","0","0","0","0"
"351116","422","110制造书•弯刀","ff6ddcf6","4","1328","本","110","1","7050","true","0","0","0","0","0","0","0","false","false","false","0","0","1","1","9999","0","0","5000000","<T t=""角色限制：漠少君"" c=""FFFFF2DF"" f=""simhei-11""></T><B></B><B></B><T t=""记载弯刀打造方法的书卷，可以和百炼精铁一起打造装备。"" c=""FFFFF2DF"" f=""simhei-11""></T>","","2","161506","使用方法：点击使用","","","3","6","","","0","","","","","2","7","4","","","","","","","","1","","","","","","","110级","0","0","0","0","0","0"
"351117","422","110制造书•男衣","ff6ddcf6","4","1329","本","110","1","7051","true","0","0","0","0","0","0","0","false","false","false","0","0","1","1","9999","0","0","5000000","<T t=""性别限制：男"" c=""FFFFF2DF"" f=""simhei-11""></T><B></B><B></B><T t=""记载男衣打造方法的书卷，可以和百炼精铁一起打造装备。"" c=""FFFFF2DF"" f=""simhei-11""></T>","","2","161506","使用方法：点击使用","","","3","6","","","0","","","","","2","7","4","","","","","","","","1","","","","","","","110级","0","0","0","0","0","0"
"351118","422","110制造书•女衣","ff6ddcf6","4","1330","本","110","1","7052","true","0","0","0","0","0","0","0","false","false","false","0","0","1","1","9999","0","0","5000000","<T t=""性别限制：女"" c=""FFFFF2DF"" f=""simhei-11""></T><B></B><B></B><T t=""记载女衣打造方法的书卷，可以和百炼精铁一起打造装备。"" c=""FFFFF2DF"" f=""simhei-11""></T>","","2","161506","使用方法：点击使用","","","3","6","","","0","","","","","2","7","4","","","","","","","","1","","","","","","","110级","0","0","0","0","0","0"
"351119","422","110制造书•头盔","ff6ddcf6","4","1331","本","110","1","7053","true","0","0","0","0","0","0","0","false","false","false","0","0","1","1","9999","0","0","5000000","<T t=""性别限制：男"" c=""FFFFF2DF"" f=""simhei-11""></T><B></B><B></B><T t=""记载头盔打造方法的书卷，可以和百炼精铁一起打造装备。"" c=""FFFFF2DF"" f=""simhei-11""></T>","","2","161506","使用方法：点击使用","","","3","6","","","0","","","","","2","7","4","","","","","","","","1","","","","","","","110级","0","0","0","0","0","0"
"351120","422","110制造书•发钗","ff6ddcf6","4","1332","本","110","1","7054","true","0","0","0","0","0","0","0","false","false","false","0","0","1","1","9999","0","0","5000000","<T t=""性别限制：女"" c=""FFFFF2DF"" f=""simhei-11""></T><B></B><B></B><T t=""记载发钗打造方法的书卷，可以和百炼精铁一起打造装备。"" c=""FFFFF2DF"" f=""simhei-11""></T>","","2","161506","使用方法：点击使用","","","3","6","","","0","","","","","2","7","4","","","","","","","","1","","","","","","","110级","0","0","0","0","0","0"
"351121","422","110制造书•项链","ff6ddcf6","4","1333","本","110","1","7055","true","0","0","0","0","0","0","0","false","false","false","0","0","1","1","9999","0","0","5000000","<T t=""记载项链打造方法的书卷，可以和百炼精铁一起打造装备。"" c=""FFFFF2DF"" f=""simhei-11""></T>","","2","161506","使用方法：点击使用","","","3","6","","","0","","","","","2","7","4","","","","","","","","1","","","","","","","110级","0","0","0","0","0","0"
"351122","422","110制造书•腰带","ff6ddcf6","4","1334","本","110","1","7056","true","0","0","0","0","0","0","0","false","false","false","0","0","1","1","9999","0","0","5000000","<T t=""记载腰带打造方法的书卷，可以和百炼精铁一起打造装备。"" c=""FFFFF2DF"" f=""simhei-11""></T>","","2","161506","使用方法：点击使用","","","3","6","","","0","","","","","2","7","4","","","","","","","","1","","","","","","","110级","0","0","0","0","0","0"
"351123","422","110制造书•鞋子","ff6ddcf6","4","1335","本","110","1","7057","true","0","0","0","0","0","0","0","false","false","false","0","0","1","1","9999","0","0","5000000","<T t=""记载鞋子打造方法的书卷，可以和百炼精铁一起打造装备。"" c=""FFFFF2DF"" f=""simhei-11""></T>","","2","161506","使用方法：点击使用","","","3","6","","","0","","","","","2","7","4","","","","","","","","1","","","","","","","110级","0","0","0","0","0","0"
"111127","96","下面是制造书：120级：编号16","ff6ddcf6","4","1158","个","0","90","5500","true","0","0","0","0","0","0","0","false","false","false","0","0","1","1","999","0","0","5000000","添加新等级时需要根据序号排序，不然打造界面不读取物品等级","金钱","","0","使用方法：直接获得金钱","","","0","","","","0","","","","","","","4","","","","","","","","1","","","","","","","0级","0","0","0","0","0","0"
"351200","422","120制造书•剑","ff6ddcf6","4","1312","本","120","1","7050","true","0","0","0","0","0","0","0","false","false","false","0","0","1","1","9999","0","0","5000000","<T t=""角色限制：剑侠客"" c=""FFFFF2DF"" f=""simhei-11""></T><B></B><B></B><T t=""记载剑打造方法的书卷，可以和百炼精铁一起打造装备。"" c=""FFFFF2DF"" f=""simhei-11""></T>","","2","161506","使用方法：点击使用","","","3","6","","","0","","","","","2","7","4","","","","","","","","1","","","","","","","120级","0","0","0","0","0","0"
"351201","422","120制造书•枪","ff6ddcf6","4","1313","本","120","1","7050","true","0","0","0","0","0","0","0","false","false","false","0","0","1","1","9999","0","0","5000000","<T t=""角色限制：龙太子"" c=""FFFFF2DF"" f=""simhei-11""></T><B></B><B></B><T t=""记载枪打造方法的书卷，可以和百炼精铁一起打造装备。"" c=""FFFFF2DF"" f=""simhei-11""></T>","","2","161506","使用方法：点击使用","","","3","6","","","0","","","","","2","7","4","","","","","","","","1","","","","","","","120级","0","0","0","0","0","0"
"351202","422","120制造书•斧钺","ff6ddcf6","4","1314","本","120","1","7050","true","0","0","0","0","0","0","0","false","false","false","0","0","1","1","9999","0","0","5000000","<T t=""角色限制：虎头怪"" c=""FFFFF2DF"" f=""simhei-11""></T><B></B><B></B><T t=""记载斧钺打造方法的书卷，可以和百炼精铁一起打造装备。"" c=""FFFFF2DF"" f=""simhei-11""></T>","","2","161506","使用方法：点击使用","","","3","6","","","0","","","","","2","7","4","","","","","","","","1","","","","","","","120级","0","0","0","0","0","0"
"351203","422","120制造书•扇","ff6ddcf6","4","1315","本","120","1","7050","true","0","0","0","0","0","0","0","false","false","false","0","0","1","1","9999","0","0","5000000","<T t=""角色限制：逍遥生"" c=""FFFFF2DF"" f=""simhei-11""></T><B></B><B></B><T t=""记载扇子打造方法的书卷，可以和百炼精铁一起打造装备。"" c=""FFFFF2DF"" f=""simhei-11""></T>","","2","161506","使用方法：点击使用","","","3","6","","","0","","","","","2","7","4","","","","","","","","1","","","","","","","120级","0","0","0","0","0","0"
"351204","422","120制造书•魔棒","ff6ddcf6","4","1316","本","120","1","7050","true","0","0","0","0","0","0","0","false","false","false","0","0","1","1","9999","0","0","5000000","<T t=""角色限制：玄彩娥"" c=""FFFFF2DF"" f=""simhei-11""></T><B></B><B></B><T t=""记载魔棒打造方法的书卷，可以和百炼精铁一起打造装备。"" c=""FFFFF2DF"" f=""simhei-11""></T>","","2","161506","使用方法：点击使用","","","3","6","","","0","","","","","2","7","4","","","","","","","","1","","","","","","","120级","0","0","0","0","0","0"
"351205","422","120制造书•爪刺","ff6ddcf6","4","1317","本","120","1","7050","true","0","0","0","0","0","0","0","false","false","false","0","0","1","1","9999","0","0","5000000","<T t=""角色限制：骨精灵"" c=""FFFFF2DF"" f=""simhei-11""></T><B></B><B></B><T t=""记载爪刺打造方法的书卷，可以和百炼精铁一起打造装备。"" c=""FFFFF2DF"" f=""simhei-11""></T>","","2","161506","使用方法：点击使用","","","3","6","","","0","","","","","2","7","4","","","","","","","","1","","","","","","","120级","0","0","0","0","0","0"
"351206","422","120制造书•锤","ff6ddcf6","4","1318","本","120","1","7050","true","0","0","0","0","0","0","0","false","false","false","0","0","1","1","9999","0","0","5000000","<T t=""角色限制：神天兵"" c=""FFFFF2DF"" f=""simhei-11""></T><B></B><B></B><T t=""记载锤打造方法的书卷，可以和百炼精铁一起打造装备。"" c=""FFFFF2DF"" f=""simhei-11""></T>","","2","161506","使用方法：点击使用","","","3","6","","","0","","","","","2","7","4","","","","","","","","1","","","","","","","120级","0","0","0","0","0","0"
"351207","422","120制造书•鞭","ff6ddcf6","4","1319","本","120","1","7050","true","0","0","0","0","0","0","0","false","false","false","0","0","1","1","9999","0","0","5000000","<T t=""角色限制：狐美人"" c=""FFFFF2DF"" f=""simhei-11""></T><B></B><B></B><T t=""记载鞭打造方法的书卷，可以和百炼精铁一起打造装备。"" c=""FFFFF2DF"" f=""simhei-11""></T>","","2","161506","使用方法：点击使用","","","3","6","","","0","","","","","2","7","4","","","","","","","","1","","","","","","","120级","0","0","0","0","0","0"
"351208","422","120制造书•环圈","ff6ddcf6","4","1320","本","120","1","7050","true","0","0","0","0","0","0","0","false","false","false","0","0","1","1","9999","0","0","5000000","<T t=""角色限制：飞燕女"" c=""FFFFF2DF"" f=""simhei-11""></T><B></B><B></B><T t=""记载环圈打造方法的书卷，可以和百炼精铁一起打造装备。"" c=""FFFFF2DF"" f=""simhei-11""></T>","","2","161506","使用方法：点击使用","","","3","6","","","0","","","","","2","7","4","","","","","","","","1","","","","","","","120级","0","0","0","0","0","0"
"351209","422","120制造书•弓","ff6ddcf6","4","1321","本","120","1","7050","true","0","0","0","0","0","0","0","false","false","false","0","0","1","1","9999","0","0","5000000","<T t=""角色限制：杀破狼"" c=""FFFFF2DF"" f=""simhei-11""></T><B></B><B></B><T t=""记载弓打造方法的书卷，可以和百炼精铁一起打造装备。"" c=""FFFFF2DF"" f=""simhei-11""></T>","","2","161506","使用方法：点击使用","","","3","6","","","0","","","","","2","7","4","","","","","","","","1","","","","","","","120级","0","0","0","0","0","0"
"351210","422","120制造书•飘带","ff6ddcf6","4","1322","本","120","1","7050","true","0","0","0","0","0","0","0","false","false","false","0","0","1","1","9999","0","0","5000000","<T t=""角色限制：舞天姬"" c=""FFFFF2DF"" f=""simhei-11""></T><B></B><B></B><T t=""记载飘带打造方法的书卷，可以和百炼精铁一起打造装备。"" c=""FFFFF2DF"" f=""simhei-11""></T>","","2","161506","使用方法：点击使用","","","3","6","","","0","","","","","2","7","4","","","","","","","","1","","","","","","","120级","0","0","0","0","0","0"
"351211","422","120制造书•宝珠","ff6ddcf6","4","1323","本","120","1","7050","true","0","0","0","0","0","0","0","false","false","false","0","0","1","1","9999","0","0","5000000","<T t=""角色限制：梦玲珑"" c=""FFFFF2DF"" f=""simhei-11""></T><B></B><B></B><T t=""记载宝珠打造方法的书卷，可以和百炼精铁一起打造装备。"" c=""FFFFF2DF"" f=""simhei-11""></T>","","2","161506","使用方法：点击使用","","","3","6","","","0","","","","","2","7","4","","","","","","","","1","","","","","","","120级","0","0","0","0","0","0"
"351212","422","120制造书•长刀","ff6ddcf6","4","1324","本","120","1","7050","true","0","0","0","0","0","0","0","false","false","false","0","0","1","1","9999","0","0","5000000","<T t=""角色限制：巨魔王"" c=""FFFFF2DF"" f=""simhei-11""></T><B></B><B></B><T t=""记载长刀打造方法的书卷，可以和百炼精铁一起打造装备。"" c=""FFFFF2DF"" f=""simhei-11""></T>","","2","161506","使用方法：点击使用","","","3","6","","","0","","","","","2","7","4","","","","","","","","1","","","","","","","120级","0","0","0","0","0","0"
"351213","422","120制造书•双短剑","ff6ddcf6","4","1325","本","120","1","7050","true","0","0","0","0","0","0","0","false","false","false","0","0","1","1","9999","0","0","5000000","<T t=""角色限制：英女侠"" c=""FFFFF2DF"" f=""simhei-11""></T><B></B><B></B><T t=""记载双短剑打造方法的书卷，可以和百炼精铁一起打造装备。"" c=""FFFFF2DF"" f=""simhei-11""></T>","","2","161506","使用方法：点击使用","","","3","6","","","0","","","","","2","7","4","","","","","","","","1","","","","","","","120级","0","0","0","0","0","0"
"351214","422","120制造书•降魔杵","ff6ddcf6","4","1326","本","120","1","7050","true","0","0","0","0","0","0","0","false","false","false","0","0","1","1","9999","0","0","5000000","<T t=""角色限制：羽灵神"" c=""FFFFF2DF"" f=""simhei-11""></T><B></B><B></B><T t=""记载降魔杵打造方法的书卷，可以和百炼精铁一起打造装备。"" c=""FFFFF2DF"" f=""simhei-11""></T>","","2","161506","使用方法：点击使用","","","3","6","","","0","","","","","2","7","4","","","","","","","","1","","","","","","","120级","0","0","0","0","0","0"
"351215","422","120制造书•法杖","ff6ddcf6","4","1327","本","120","1","7050","true","0","0","0","0","0","0","0","false","false","false","0","0","1","1","9999","0","0","5000000","<T t=""角色限制：巫蛮儿"" c=""FFFFF2DF"" f=""simhei-11""></T><B></B><B></B><T t=""记载法杖打造方法的书卷，可以和百炼精铁一起打造装备。"" c=""FFFFF2DF"" f=""simhei-11""></T>","","2","161506","使用方法：点击使用","","","3","6","","","0","","","","","2","7","4","","","","","","","","1","","","","","","","120级","0","0","0","0","0","0"
"351216","422","120制造书•弯刀","ff6ddcf6","4","1328","本","120","1","7050","true","0","0","0","0","0","0","0","false","false","false","0","0","1","1","9999","0","0","5000000","<T t=""角色限制：漠少君"" c=""FFFFF2DF"" f=""simhei-11""></T><B></B><B></B><T t=""记载弯刀打造方法的书卷，可以和百炼精铁一起打造装备。"" c=""FFFFF2DF"" f=""simhei-11""></T>","","2","161506","使用方法：点击使用","","","3","6","","","0","","","","","2","7","4","","","","","","","","1","","","","","","","120级","0","0","0","0","0","0"
"351217","422","120制造书•男衣","ff6ddcf6","4","1329","本","120","1","7051","true","0","0","0","0","0","0","0","false","false","false","0","0","1","1","9999","0","0","5000000","<T t=""性别限制：男"" c=""FFFFF2DF"" f=""simhei-11""></T><B></B><B></B><T t=""记载男衣打造方法的书卷，可以和百炼精铁一起打造装备。"" c=""FFFFF2DF"" f=""simhei-11""></T>","","2","161506","使用方法：点击使用","","","3","6","","","0","","","","","2","7","4","","","","","","","","1","","","","","","","120级","0","0","0","0","0","0"
"351218","422","120制造书•女衣","ff6ddcf6","4","1330","本","120","1","7052","true","0","0","0","0","0","0","0","false","false","false","0","0","1","1","9999","0","0","5000000","<T t=""性别限制：女"" c=""FFFFF2DF"" f=""simhei-11""></T><B></B><B></B><T t=""记载女衣打造方法的书卷，可以和百炼精铁一起打造装备。"" c=""FFFFF2DF"" f=""simhei-11""></T>","","2","161506","使用方法：点击使用","","","3","6","","","0","","","","","2","7","4","","","","","","","","1","","","","","","","120级","0","0","0","0","0","0"
"351219","422","120制造书•头盔","ff6ddcf6","4","1331","本","120","1","7053","true","0","0","0","0","0","0","0","false","false","false","0","0","1","1","9999","0","0","5000000","<T t=""性别限制：男"" c=""FFFFF2DF"" f=""simhei-11""></T><B></B><B></B><T t=""记载头盔打造方法的书卷，可以和百炼精铁一起打造装备。"" c=""FFFFF2DF"" f=""simhei-11""></T>","","2","161506","使用方法：点击使用","","","3","6","","","0","","","","","2","7","4","","","","","","","","1","","","","","","","120级","0","0","0","0","0","0"
"351220","422","120制造书•发钗","ff6ddcf6","4","1332","本","120","1","7054","true","0","0","0","0","0","0","0","false","false","false","0","0","1","1","9999","0","0","5000000","<T t=""性别限制：女"" c=""FFFFF2DF"" f=""simhei-11""></T><B></B><B></B><T t=""记载发钗打造方法的书卷，可以和百炼精铁一起打造装备。"" c=""FFFFF2DF"" f=""simhei-11""></T>","","2","161506","使用方法：点击使用","","","3","6","","","0","","","","","2","7","4","","","","","","","","1","","","","","","","120级","0","0","0","0","0","0"
"351221","422","120制造书•项链","ff6ddcf6","4","1333","本","120","1","7055","true","0","0","0","0","0","0","0","false","false","false","0","0","1","1","9999","0","0","5000000","<T t=""记载项链打造方法的书卷，可以和百炼精铁一起打造装备。"" c=""FFFFF2DF"" f=""simhei-11""></T>","","2","161506","使用方法：点击使用","","","3","6","","","0","","","","","2","7","4","","","","","","","","1","","","","","","","120级","0","0","0","0","0","0"
"351222","422","120制造书•腰带","ff6ddcf6","4","1334","本","120","1","7056","true","0","0","0","0","0","0","0","false","false","false","0","0","1","1","9999","0","0","5000000","<T t=""记载腰带打造方法的书卷，可以和百炼精铁一起打造装备。"" c=""FFFFF2DF"" f=""simhei-11""></T>","","2","161506","使用方法：点击使用","","","3","6","","","0","","","","","2","7","4","","","","","","","","1","","","","","","","120级","0","0","0","0","0","0"
"351223","422","120制造书•鞋子","ff6ddcf6","4","1335","本","120","1","7057","true","0","0","0","0","0","0","0","false","false","false","0","0","1","1","9999","0","0","5000000","<T t=""记载鞋子打造方法的书卷，可以和百炼精铁一起打造装备。"" c=""FFFFF2DF"" f=""simhei-11""></T>","","2","161506","使用方法：点击使用","","","3","6","","","0","","","","","2","7","4","","","","","","","","1","","","","","","","120级","0","0","0","0","0","0"
"211111","96","下面是制造书：130级：编号17","ff6ddcf6","4","1158","个","0","90","5500","true","0","0","0","0","0","0","0","false","false","false","0","0","1","1","999","0","0","5000000","添加新等级时需要根据序号排序，不然打造界面不读取物品等级","金钱","","0","使用方法：直接获得金钱","","","0","","","","0","","","","","","","4","","","","","","","","1","","","","","","","0级","0","0","0","0","0","0"
"351300","422","130制造书•剑","ff6ddcf6","4","1312","本","130","1","7050","true","0","0","0","0","0","0","0","false","false","false","0","0","1","1","9999","0","0","5000000","<T t=""角色限制：剑侠客"" c=""FFFFF2DF"" f=""simhei-11""></T><B></B><B></B><T t=""记载剑打造方法的书卷，可以和百炼精铁一起打造装备。"" c=""FFFFF2DF"" f=""simhei-11""></T>","","2","161506","使用方法：点击使用","","","3","6","","","0","","","","","2","7","4","","","","","","","","1","","","","","","","120级","0","0","0","0","0","0"
"351301","422","130制造书•枪","ff6ddcf6","4","1313","本","130","1","7050","true","0","0","0","0","0","0","0","false","false","false","0","0","1","1","9999","0","0","5000000","<T t=""角色限制：龙太子"" c=""FFFFF2DF"" f=""simhei-11""></T><B></B><B></B><T t=""记载枪打造方法的书卷，可以和百炼精铁一起打造装备。"" c=""FFFFF2DF"" f=""simhei-11""></T>","","2","161506","使用方法：点击使用","","","3","6","","","0","","","","","2","7","4","","","","","","","","1","","","","","","","120级","0","0","0","0","0","0"
"351302","422","130制造书•斧钺","ff6ddcf6","4","1314","本","130","1","7050","true","0","0","0","0","0","0","0","false","false","false","0","0","1","1","9999","0","0","5000000","<T t=""角色限制：虎头怪"" c=""FFFFF2DF"" f=""simhei-11""></T><B></B><B></B><T t=""记载斧钺打造方法的书卷，可以和百炼精铁一起打造装备。"" c=""FFFFF2DF"" f=""simhei-11""></T>","","2","161506","使用方法：点击使用","","","3","6","","","0","","","","","2","7","4","","","","","","","","1","","","","","","","120级","0","0","0","0","0","0"
"351303","422","130制造书•扇","ff6ddcf6","4","1315","本","130","1","7050","true","0","0","0","0","0","0","0","false","false","false","0","0","1","1","9999","0","0","5000000","<T t=""角色限制：逍遥生"" c=""FFFFF2DF"" f=""simhei-11""></T><B></B><B></B><T t=""记载扇子打造方法的书卷，可以和百炼精铁一起打造装备。"" c=""FFFFF2DF"" f=""simhei-11""></T>","","2","161506","使用方法：点击使用","","","3","6","","","0","","","","","2","7","4","","","","","","","","1","","","","","","","120级","0","0","0","0","0","0"
"351304","422","130制造书•魔棒","ff6ddcf6","4","1316","本","130","1","7050","true","0","0","0","0","0","0","0","false","false","false","0","0","1","1","9999","0","0","5000000","<T t=""角色限制：玄彩娥"" c=""FFFFF2DF"" f=""simhei-11""></T><B></B><B></B><T t=""记载魔棒打造方法的书卷，可以和百炼精铁一起打造装备。"" c=""FFFFF2DF"" f=""simhei-11""></T>","","2","161506","使用方法：点击使用","","","3","6","","","0","","","","","2","7","4","","","","","","","","1","","","","","","","120级","0","0","0","0","0","0"
"351305","422","130制造书•爪刺","ff6ddcf6","4","1317","本","130","1","7050","true","0","0","0","0","0","0","0","false","false","false","0","0","1","1","9999","0","0","5000000","<T t=""角色限制：骨精灵"" c=""FFFFF2DF"" f=""simhei-11""></T><B></B><B></B><T t=""记载爪刺打造方法的书卷，可以和百炼精铁一起打造装备。"" c=""FFFFF2DF"" f=""simhei-11""></T>","","2","161506","使用方法：点击使用","","","3","6","","","0","","","","","2","7","4","","","","","","","","1","","","","","","","120级","0","0","0","0","0","0"
"351306","422","130制造书•锤","ff6ddcf6","4","1318","本","130","1","7050","true","0","0","0","0","0","0","0","false","false","false","0","0","1","1","9999","0","0","5000000","<T t=""角色限制：神天兵"" c=""FFFFF2DF"" f=""simhei-11""></T><B></B><B></B><T t=""记载锤打造方法的书卷，可以和百炼精铁一起打造装备。"" c=""FFFFF2DF"" f=""simhei-11""></T>","","2","161506","使用方法：点击使用","","","3","6","","","0","","","","","2","7","4","","","","","","","","1","","","","","","","120级","0","0","0","0","0","0"
"351307","422","130制造书•鞭","ff6ddcf6","4","1319","本","130","1","7050","true","0","0","0","0","0","0","0","false","false","false","0","0","1","1","9999","0","0","5000000","<T t=""角色限制：狐美人"" c=""FFFFF2DF"" f=""simhei-11""></T><B></B><B></B><T t=""记载鞭打造方法的书卷，可以和百炼精铁一起打造装备。"" c=""FFFFF2DF"" f=""simhei-11""></T>","","2","161506","使用方法：点击使用","","","3","6","","","0","","","","","2","7","4","","","","","","","","1","","","","","","","120级","0","0","0","0","0","0"
"351308","422","130制造书•环圈","ff6ddcf6","4","1320","本","130","1","7050","true","0","0","0","0","0","0","0","false","false","false","0","0","1","1","9999","0","0","5000000","<T t=""角色限制：飞燕女"" c=""FFFFF2DF"" f=""simhei-11""></T><B></B><B></B><T t=""记载环圈打造方法的书卷，可以和百炼精铁一起打造装备。"" c=""FFFFF2DF"" f=""simhei-11""></T>","","2","161506","使用方法：点击使用","","","3","6","","","0","","","","","2","7","4","","","","","","","","1","","","","","","","120级","0","0","0","0","0","0"
"351309","422","130制造书•弓","ff6ddcf6","4","1321","本","130","1","7050","true","0","0","0","0","0","0","0","false","false","false","0","0","1","1","9999","0","0","5000000","<T t=""角色限制：杀破狼"" c=""FFFFF2DF"" f=""simhei-11""></T><B></B><B></B><T t=""记载弓打造方法的书卷，可以和百炼精铁一起打造装备。"" c=""FFFFF2DF"" f=""simhei-11""></T>","","2","161506","使用方法：点击使用","","","3","6","","","0","","","","","2","7","4","","","","","","","","1","","","","","","","120级","0","0","0","0","0","0"
"351310","422","130制造书•飘带","ff6ddcf6","4","1322","本","130","1","7050","true","0","0","0","0","0","0","0","false","false","false","0","0","1","1","9999","0","0","5000000","<T t=""角色限制：舞天姬"" c=""FFFFF2DF"" f=""simhei-11""></T><B></B><B></B><T t=""记载飘带打造方法的书卷，可以和百炼精铁一起打造装备。"" c=""FFFFF2DF"" f=""simhei-11""></T>","","2","161506","使用方法：点击使用","","","3","6","","","0","","","","","2","7","4","","","","","","","","1","","","","","","","120级","0","0","0","0","0","0"
"351311","422","130制造书•宝珠","ff6ddcf6","4","1323","本","130","1","7050","true","0","0","0","0","0","0","0","false","false","false","0","0","1","1","9999","0","0","5000000","<T t=""角色限制：梦玲珑"" c=""FFFFF2DF"" f=""simhei-11""></T><B></B><B></B><T t=""记载宝珠打造方法的书卷，可以和百炼精铁一起打造装备。"" c=""FFFFF2DF"" f=""simhei-11""></T>","","2","161506","使用方法：点击使用","","","3","6","","","0","","","","","2","7","4","","","","","","","","1","","","","","","","120级","0","0","0","0","0","0"
"351312","422","130制造书•长刀","ff6ddcf6","4","1324","本","130","1","7050","true","0","0","0","0","0","0","0","false","false","false","0","0","1","1","9999","0","0","5000000","<T t=""角色限制：巨魔王"" c=""FFFFF2DF"" f=""simhei-11""></T><B></B><B></B><T t=""记载长刀打造方法的书卷，可以和百炼精铁一起打造装备。"" c=""FFFFF2DF"" f=""simhei-11""></T>","","2","161506","使用方法：点击使用","","","3","6","","","0","","","","","2","7","4","","","","","","","","1","","","","","","","120级","0","0","0","0","0","0"
"351313","422","130制造书•双短剑","ff6ddcf6","4","1325","本","130","1","7050","true","0","0","0","0","0","0","0","false","false","false","0","0","1","1","9999","0","0","5000000","<T t=""角色限制：英女侠"" c=""FFFFF2DF"" f=""simhei-11""></T><B></B><B></B><T t=""记载双短剑打造方法的书卷，可以和百炼精铁一起打造装备。"" c=""FFFFF2DF"" f=""simhei-11""></T>","","2","161506","使用方法：点击使用","","","3","6","","","0","","","","","2","7","4","","","","","","","","1","","","","","","","120级","0","0","0","0","0","0"
"351314","422","130制造书•降魔杵","ff6ddcf6","4","1326","本","130","1","7050","true","0","0","0","0","0","0","0","false","false","false","0","0","1","1","9999","0","0","5000000","<T t=""角色限制：羽灵神"" c=""FFFFF2DF"" f=""simhei-11""></T><B></B><B></B><T t=""记载降魔杵打造方法的书卷，可以和百炼精铁一起打造装备。"" c=""FFFFF2DF"" f=""simhei-11""></T>","","2","161506","使用方法：点击使用","","","3","6","","","0","","","","","2","7","4","","","","","","","","1","","","","","","","120级","0","0","0","0","0","0"
"351315","422","130制造书•法杖","ff6ddcf6","4","1327","本","130","1","7050","true","0","0","0","0","0","0","0","false","false","false","0","0","1","1","9999","0","0","5000000","<T t=""角色限制：巫蛮儿"" c=""FFFFF2DF"" f=""simhei-11""></T><B></B><B></B><T t=""记载法杖打造方法的书卷，可以和百炼精铁一起打造装备。"" c=""FFFFF2DF"" f=""simhei-11""></T>","","2","161506","使用方法：点击使用","","","3","6","","","0","","","","","2","7","4","","","","","","","","1","","","","","","","120级","0","0","0","0","0","0"
"351316","422","130制造书•弯刀","ff6ddcf6","4","1328","本","130","1","7050","true","0","0","0","0","0","0","0","false","false","false","0","0","1","1","9999","0","0","5000000","<T t=""角色限制：漠少君"" c=""FFFFF2DF"" f=""simhei-11""></T><B></B><B></B><T t=""记载弯刀打造方法的书卷，可以和百炼精铁一起打造装备。"" c=""FFFFF2DF"" f=""simhei-11""></T>","","2","161506","使用方法：点击使用","","","3","6","","","0","","","","","2","7","4","","","","","","","","1","","","","","","","120级","0","0","0","0","0","0"
"351317","422","130制造书•男衣","ff6ddcf6","4","1329","本","130","1","7051","true","0","0","0","0","0","0","0","false","false","false","0","0","1","1","9999","0","0","5000000","<T t=""性别限制：男"" c=""FFFFF2DF"" f=""simhei-11""></T><B></B><B></B><T t=""记载男衣打造方法的书卷，可以和百炼精铁一起打造装备。"" c=""FFFFF2DF"" f=""simhei-11""></T>","","2","161506","使用方法：点击使用","","","3","6","","","0","","","","","2","7","4","","","","","","","","1","","","","","","","120级","0","0","0","0","0","0"
"351318","422","130制造书•女衣","ff6ddcf6","4","1330","本","130","1","7052","true","0","0","0","0","0","0","0","false","false","false","0","0","1","1","9999","0","0","5000000","<T t=""性别限制：女"" c=""FFFFF2DF"" f=""simhei-11""></T><B></B><B></B><T t=""记载女衣打造方法的书卷，可以和百炼精铁一起打造装备。"" c=""FFFFF2DF"" f=""simhei-11""></T>","","2","161506","使用方法：点击使用","","","3","6","","","0","","","","","2","7","4","","","","","","","","1","","","","","","","120级","0","0","0","0","0","0"
"351319","422","130制造书•头盔","ff6ddcf6","4","1331","本","130","1","7053","true","0","0","0","0","0","0","0","false","false","false","0","0","1","1","9999","0","0","5000000","<T t=""性别限制：男"" c=""FFFFF2DF"" f=""simhei-11""></T><B></B><B></B><T t=""记载头盔打造方法的书卷，可以和百炼精铁一起打造装备。"" c=""FFFFF2DF"" f=""simhei-11""></T>","","2","161506","使用方法：点击使用","","","3","6","","","0","","","","","2","7","4","","","","","","","","1","","","","","","","120级","0","0","0","0","0","0"
"351320","422","130制造书•发钗","ff6ddcf6","4","1332","本","130","1","7054","true","0","0","0","0","0","0","0","false","false","false","0","0","1","1","9999","0","0","5000000","<T t=""性别限制：女"" c=""FFFFF2DF"" f=""simhei-11""></T><B></B><B></B><T t=""记载发钗打造方法的书卷，可以和百炼精铁一起打造装备。"" c=""FFFFF2DF"" f=""simhei-11""></T>","","2","161506","使用方法：点击使用","","","3","6","","","0","","","","","2","7","4","","","","","","","","1","","","","","","","120级","0","0","0","0","0","0"
"351321","422","130制造书•项链","ff6ddcf6","4","1333","本","130","1","7055","true","0","0","0","0","0","0","0","false","false","false","0","0","1","1","9999","0","0","5000000","<T t=""记载项链打造方法的书卷，可以和百炼精铁一起打造装备。"" c=""FFFFF2DF"" f=""simhei-11""></T>","","2","161506","使用方法：点击使用","","","3","6","","","0","","","","","2","7","4","","","","","","","","1","","","","","","","120级","0","0","0","0","0","0"
"351322","422","130制造书•腰带","ff6ddcf6","4","1334","本","130","1","7056","true","0","0","0","0","0","0","0","false","false","false","0","0","1","1","9999","0","0","5000000","<T t=""记载腰带打造方法的书卷，可以和百炼精铁一起打造装备。"" c=""FFFFF2DF"" f=""simhei-11""></T>","","2","161506","使用方法：点击使用","","","3","6","","","0","","","","","2","7","4","","","","","","","","1","","","","","","","120级","0","0","0","0","0","0"
"351323","422","130制造书•鞋子","ff6ddcf6","4","1335","本","130","1","7057","true","0","0","0","0","0","0","0","false","false","false","0","0","1","1","9999","0","0","5000000","<T t=""记载鞋子打造方法的书卷，可以和百炼精铁一起打造装备。"" c=""FFFFF2DF"" f=""simhei-11""></T>","","2","161506","使用方法：点击使用","","","3","6","","","0","","","","","2","7","4","","","","","","","","1","","","","","","","120级","0","0","0","0","0","0"
"211112","96","下面是制造书：140级：编号18","ff6ddcf6","4","1158","个","0","90","5500","true","0","0","0","0","0","0","0","false","false","false","0","0","1","1","999","0","0","5000000","添加新等级时需要根据序号排序，不然打造界面不读取物品等级","金钱","","0","使用方法：直接获得金钱","","","0","","","","0","","","","","","","4","","","","","","","","1","","","","","","","0级","0","0","0","0","0","0"
"351400","422","140制造书•剑","ff6ddcf6","4","1312","本","140","1","7050","true","0","0","0","0","0","0","0","false","false","false","0","0","1","1","9999","0","0","5000000","<T t=""角色限制：剑侠客"" c=""FFFFF2DF"" f=""simhei-11""></T><B></B><B></B><T t=""记载剑打造方法的书卷，可以和百炼精铁一起打造装备。"" c=""FFFFF2DF"" f=""simhei-11""></T>","","2","161506","使用方法：点击使用","","","3","6","","","0","","","","","2","7","4","","","","","","","","1","","","","","","","120级","0","0","0","0","0","0"
"351401","422","140制造书•枪","ff6ddcf6","4","1313","本","140","1","7050","true","0","0","0","0","0","0","0","false","false","false","0","0","1","1","9999","0","0","5000000","<T t=""角色限制：龙太子"" c=""FFFFF2DF"" f=""simhei-11""></T><B></B><B></B><T t=""记载枪打造方法的书卷，可以和百炼精铁一起打造装备。"" c=""FFFFF2DF"" f=""simhei-11""></T>","","2","161506","使用方法：点击使用","","","3","6","","","0","","","","","2","7","4","","","","","","","","1","","","","","","","120级","0","0","0","0","0","0"
"351402","422","140制造书•斧钺","ff6ddcf6","4","1314","本","140","1","7050","true","0","0","0","0","0","0","0","false","false","false","0","0","1","1","9999","0","0","5000000","<T t=""角色限制：虎头怪"" c=""FFFFF2DF"" f=""simhei-11""></T><B></B><B></B><T t=""记载斧钺打造方法的书卷，可以和百炼精铁一起打造装备。"" c=""FFFFF2DF"" f=""simhei-11""></T>","","2","161506","使用方法：点击使用","","","3","6","","","0","","","","","2","7","4","","","","","","","","1","","","","","","","120级","0","0","0","0","0","0"
"351403","422","140制造书•扇","ff6ddcf6","4","1315","本","140","1","7050","true","0","0","0","0","0","0","0","false","false","false","0","0","1","1","9999","0","0","5000000","<T t=""角色限制：逍遥生"" c=""FFFFF2DF"" f=""simhei-11""></T><B></B><B></B><T t=""记载扇子打造方法的书卷，可以和百炼精铁一起打造装备。"" c=""FFFFF2DF"" f=""simhei-11""></T>","","2","161506","使用方法：点击使用","","","3","6","","","0","","","","","2","7","4","","","","","","","","1","","","","","","","120级","0","0","0","0","0","0"
"351404","422","140制造书•魔棒","ff6ddcf6","4","1316","本","140","1","7050","true","0","0","0","0","0","0","0","false","false","false","0","0","1","1","9999","0","0","5000000","<T t=""角色限制：玄彩娥"" c=""FFFFF2DF"" f=""simhei-11""></T><B></B><B></B><T t=""记载魔棒打造方法的书卷，可以和百炼精铁一起打造装备。"" c=""FFFFF2DF"" f=""simhei-11""></T>","","2","161506","使用方法：点击使用","","","3","6","","","0","","","","","2","7","4","","","","","","","","1","","","","","","","120级","0","0","0","0","0","0"
"351405","422","140制造书•爪刺","ff6ddcf6","4","1317","本","140","1","7050","true","0","0","0","0","0","0","0","false","false","false","0","0","1","1","9999","0","0","5000000","<T t=""角色限制：骨精灵"" c=""FFFFF2DF"" f=""simhei-11""></T><B></B><B></B><T t=""记载爪刺打造方法的书卷，可以和百炼精铁一起打造装备。"" c=""FFFFF2DF"" f=""simhei-11""></T>","","2","161506","使用方法：点击使用","","","3","6","","","0","","","","","2","7","4","","","","","","","","1","","","","","","","120级","0","0","0","0","0","0"
"351406","422","140制造书•锤","ff6ddcf6","4","1318","本","140","1","7050","true","0","0","0","0","0","0","0","false","false","false","0","0","1","1","9999","0","0","5000000","<T t=""角色限制：神天兵"" c=""FFFFF2DF"" f=""simhei-11""></T><B></B><B></B><T t=""记载锤打造方法的书卷，可以和百炼精铁一起打造装备。"" c=""FFFFF2DF"" f=""simhei-11""></T>","","2","161506","使用方法：点击使用","","","3","6","","","0","","","","","2","7","4","","","","","","","","1","","","","","","","120级","0","0","0","0","0","0"
"351407","422","140制造书•鞭","ff6ddcf6","4","1319","本","140","1","7050","true","0","0","0","0","0","0","0","false","false","false","0","0","1","1","9999","0","0","5000000","<T t=""角色限制：狐美人"" c=""FFFFF2DF"" f=""simhei-11""></T><B></B><B></B><T t=""记载鞭打造方法的书卷，可以和百炼精铁一起打造装备。"" c=""FFFFF2DF"" f=""simhei-11""></T>","","2","161506","使用方法：点击使用","","","3","6","","","0","","","","","2","7","4","","","","","","","","1","","","","","","","120级","0","0","0","0","0","0"
"351408","422","140制造书•环圈","ff6ddcf6","4","1320","本","140","1","7050","true","0","0","0","0","0","0","0","false","false","false","0","0","1","1","9999","0","0","5000000","<T t=""角色限制：飞燕女"" c=""FFFFF2DF"" f=""simhei-11""></T><B></B><B></B><T t=""记载环圈打造方法的书卷，可以和百炼精铁一起打造装备。"" c=""FFFFF2DF"" f=""simhei-11""></T>","","2","161506","使用方法：点击使用","","","3","6","","","0","","","","","2","7","4","","","","","","","","1","","","","","","","120级","0","0","0","0","0","0"
"351409","422","140制造书•弓","ff6ddcf6","4","1321","本","140","1","7050","true","0","0","0","0","0","0","0","false","false","false","0","0","1","1","9999","0","0","5000000","<T t=""角色限制：杀破狼"" c=""FFFFF2DF"" f=""simhei-11""></T><B></B><B></B><T t=""记载弓打造方法的书卷，可以和百炼精铁一起打造装备。"" c=""FFFFF2DF"" f=""simhei-11""></T>","","2","161506","使用方法：点击使用","","","3","6","","","0","","","","","2","7","4","","","","","","","","1","","","","","","","120级","0","0","0","0","0","0"
"351410","422","140制造书•飘带","ff6ddcf6","4","1322","本","140","1","7050","true","0","0","0","0","0","0","0","false","false","false","0","0","1","1","9999","0","0","5000000","<T t=""角色限制：舞天姬"" c=""FFFFF2DF"" f=""simhei-11""></T><B></B><B></B><T t=""记载飘带打造方法的书卷，可以和百炼精铁一起打造装备。"" c=""FFFFF2DF"" f=""simhei-11""></T>","","2","161506","使用方法：点击使用","","","3","6","","","0","","","","","2","7","4","","","","","","","","1","","","","","","","120级","0","0","0","0","0","0"
"351411","422","140制造书•宝珠","ff6ddcf6","4","1323","本","140","1","7050","true","0","0","0","0","0","0","0","false","false","false","0","0","1","1","9999","0","0","5000000","<T t=""角色限制：梦玲珑"" c=""FFFFF2DF"" f=""simhei-11""></T><B></B><B></B><T t=""记载宝珠打造方法的书卷，可以和百炼精铁一起打造装备。"" c=""FFFFF2DF"" f=""simhei-11""></T>","","2","161506","使用方法：点击使用","","","3","6","","","0","","","","","2","7","4","","","","","","","","1","","","","","","","120级","0","0","0","0","0","0"
"351412","422","140制造书•长刀","ff6ddcf6","4","1324","本","140","1","7050","true","0","0","0","0","0","0","0","false","false","false","0","0","1","1","9999","0","0","5000000","<T t=""角色限制：巨魔王"" c=""FFFFF2DF"" f=""simhei-11""></T><B></B><B></B><T t=""记载长刀打造方法的书卷，可以和百炼精铁一起打造装备。"" c=""FFFFF2DF"" f=""simhei-11""></T>","","2","161506","使用方法：点击使用","","","3","6","","","0","","","","","2","7","4","","","","","","","","1","","","","","","","120级","0","0","0","0","0","0"
"351413","422","140制造书•双短剑","ff6ddcf6","4","1325","本","140","1","7050","true","0","0","0","0","0","0","0","false","false","false","0","0","1","1","9999","0","0","5000000","<T t=""角色限制：英女侠"" c=""FFFFF2DF"" f=""simhei-11""></T><B></B><B></B><T t=""记载双短剑打造方法的书卷，可以和百炼精铁一起打造装备。"" c=""FFFFF2DF"" f=""simhei-11""></T>","","2","161506","使用方法：点击使用","","","3","6","","","0","","","","","2","7","4","","","","","","","","1","","","","","","","120级","0","0","0","0","0","0"
"351414","422","140制造书•降魔杵","ff6ddcf6","4","1326","本","140","1","7050","true","0","0","0","0","0","0","0","false","false","false","0","0","1","1","9999","0","0","5000000","<T t=""角色限制：羽灵神"" c=""FFFFF2DF"" f=""simhei-11""></T><B></B><B></B><T t=""记载降魔杵打造方法的书卷，可以和百炼精铁一起打造装备。"" c=""FFFFF2DF"" f=""simhei-11""></T>","","2","161506","使用方法：点击使用","","","3","6","","","0","","","","","2","7","4","","","","","","","","1","","","","","","","120级","0","0","0","0","0","0"
"351415","422","140制造书•法杖","ff6ddcf6","4","1327","本","140","1","7050","true","0","0","0","0","0","0","0","false","false","false","0","0","1","1","9999","0","0","5000000","<T t=""角色限制：巫蛮儿"" c=""FFFFF2DF"" f=""simhei-11""></T><B></B><B></B><T t=""记载法杖打造方法的书卷，可以和百炼精铁一起打造装备。"" c=""FFFFF2DF"" f=""simhei-11""></T>","","2","161506","使用方法：点击使用","","","3","6","","","0","","","","","2","7","4","","","","","","","","1","","","","","","","120级","0","0","0","0","0","0"
"351416","422","140制造书•弯刀","ff6ddcf6","4","1328","本","140","1","7050","true","0","0","0","0","0","0","0","false","false","false","0","0","1","1","9999","0","0","5000000","<T t=""角色限制：漠少君"" c=""FFFFF2DF"" f=""simhei-11""></T><B></B><B></B><T t=""记载弯刀打造方法的书卷，可以和百炼精铁一起打造装备。"" c=""FFFFF2DF"" f=""simhei-11""></T>","","2","161506","使用方法：点击使用","","","3","6","","","0","","","","","2","7","4","","","","","","","","1","","","","","","","120级","0","0","0","0","0","0"
"351417","422","140制造书•男衣","ff6ddcf6","4","1329","本","140","1","7051","true","0","0","0","0","0","0","0","false","false","false","0","0","1","1","9999","0","0","5000000","<T t=""性别限制：男"" c=""FFFFF2DF"" f=""simhei-11""></T><B></B><B></B><T t=""记载男衣打造方法的书卷，可以和百炼精铁一起打造装备。"" c=""FFFFF2DF"" f=""simhei-11""></T>","","2","161506","使用方法：点击使用","","","3","6","","","0","","","","","2","7","4","","","","","","","","1","","","","","","","120级","0","0","0","0","0","0"
"351418","422","140制造书•女衣","ff6ddcf6","4","1330","本","140","1","7052","true","0","0","0","0","0","0","0","false","false","false","0","0","1","1","9999","0","0","5000000","<T t=""性别限制：女"" c=""FFFFF2DF"" f=""simhei-11""></T><B></B><B></B><T t=""记载女衣打造方法的书卷，可以和百炼精铁一起打造装备。"" c=""FFFFF2DF"" f=""simhei-11""></T>","","2","161506","使用方法：点击使用","","","3","6","","","0","","","","","2","7","4","","","","","","","","1","","","","","","","120级","0","0","0","0","0","0"
"351419","422","140制造书•头盔","ff6ddcf6","4","1331","本","140","1","7053","true","0","0","0","0","0","0","0","false","false","false","0","0","1","1","9999","0","0","5000000","<T t=""性别限制：男"" c=""FFFFF2DF"" f=""simhei-11""></T><B></B><B></B><T t=""记载头盔打造方法的书卷，可以和百炼精铁一起打造装备。"" c=""FFFFF2DF"" f=""simhei-11""></T>","","2","161506","使用方法：点击使用","","","3","6","","","0","","","","","2","7","4","","","","","","","","1","","","","","","","120级","0","0","0","0","0","0"
"351420","422","140制造书•发钗","ff6ddcf6","4","1332","本","140","1","7054","true","0","0","0","0","0","0","0","false","false","false","0","0","1","1","9999","0","0","5000000","<T t=""性别限制：女"" c=""FFFFF2DF"" f=""simhei-11""></T><B></B><B></B><T t=""记载发钗打造方法的书卷，可以和百炼精铁一起打造装备。"" c=""FFFFF2DF"" f=""simhei-11""></T>","","2","161506","使用方法：点击使用","","","3","6","","","0","","","","","2","7","4","","","","","","","","1","","","","","","","120级","0","0","0","0","0","0"
"351421","422","140制造书•项链","ff6ddcf6","4","1333","本","140","1","7055","true","0","0","0","0","0","0","0","false","false","false","0","0","1","1","9999","0","0","5000000","<T t=""记载项链打造方法的书卷，可以和百炼精铁一起打造装备。"" c=""FFFFF2DF"" f=""simhei-11""></T>","","2","161506","使用方法：点击使用","","","3","6","","","0","","","","","2","7","4","","","","","","","","1","","","","","","","120级","0","0","0","0","0","0"
"351422","422","140制造书•腰带","ff6ddcf6","4","1334","本","140","1","7056","true","0","0","0","0","0","0","0","false","false","false","0","0","1","1","9999","0","0","5000000","<T t=""记载腰带打造方法的书卷，可以和百炼精铁一起打造装备。"" c=""FFFFF2DF"" f=""simhei-11""></T>","","2","161506","使用方法：点击使用","","","3","6","","","0","","","","","2","7","4","","","","","","","","1","","","","","","","120级","0","0","0","0","0","0"
"351423","422","140制造书•鞋子","ff6ddcf6","4","1335","本","140","1","7057","true","0","0","0","0","0","0","0","false","false","false","0","0","1","1","9999","0","0","5000000","<T t=""记载鞋子打造方法的书卷，可以和百炼精铁一起打造装备。"" c=""FFFFF2DF"" f=""simhei-11""></T>","","2","161506","使用方法：点击使用","","","3","6","","","0","","","","","2","7","4","","","","","","","","1","","","","","","","120级","0","0","0","0","0","0"
"211113","96","下面是制造书：150级：编号19","ff6ddcf6","4","1158","个","0","90","5500","true","0","0","0","0","0","0","0","false","false","false","0","0","1","1","999","0","0","5000000","添加新等级时需要根据序号排序，不然打造界面不读取物品等级","金钱","","0","使用方法：直接获得金钱","","","0","","","","0","","","","","","","4","","","","","","","","1","","","","","","","0级","0","0","0","0","0","0"
"351500","422","150制造书•剑","ff6ddcf6","4","1312","本","150","1","7050","true","0","0","0","0","0","0","0","false","false","false","0","0","1","1","9999","0","0","5000000","<T t=""角色限制：剑侠客"" c=""FFFFF2DF"" f=""simhei-11""></T><B></B><B></B><T t=""记载剑打造方法的书卷，可以和百炼精铁一起打造装备。"" c=""FFFFF2DF"" f=""simhei-11""></T>","","2","161506","使用方法：点击使用","","","3","6","","","0","","","","","2","7","4","","","","","","","","1","","","","","","","120级","0","0","0","0","0","0"
"351501","422","150制造书•枪","ff6ddcf6","4","1313","本","150","1","7050","true","0","0","0","0","0","0","0","false","false","false","0","0","1","1","9999","0","0","5000000","<T t=""角色限制：龙太子"" c=""FFFFF2DF"" f=""simhei-11""></T><B></B><B></B><T t=""记载枪打造方法的书卷，可以和百炼精铁一起打造装备。"" c=""FFFFF2DF"" f=""simhei-11""></T>","","2","161506","使用方法：点击使用","","","3","6","","","0","","","","","2","7","4","","","","","","","","1","","","","","","","120级","0","0","0","0","0","0"
"351502","422","150制造书•斧钺","ff6ddcf6","4","1314","本","150","1","7050","true","0","0","0","0","0","0","0","false","false","false","0","0","1","1","9999","0","0","5000000","<T t=""角色限制：虎头怪"" c=""FFFFF2DF"" f=""simhei-11""></T><B></B><B></B><T t=""记载斧钺打造方法的书卷，可以和百炼精铁一起打造装备。"" c=""FFFFF2DF"" f=""simhei-11""></T>","","2","161506","使用方法：点击使用","","","3","6","","","0","","","","","2","7","4","","","","","","","","1","","","","","","","120级","0","0","0","0","0","0"
"351503","422","150制造书•扇","ff6ddcf6","4","1315","本","150","1","7050","true","0","0","0","0","0","0","0","false","false","false","0","0","1","1","9999","0","0","5000000","<T t=""角色限制：逍遥生"" c=""FFFFF2DF"" f=""simhei-11""></T><B></B><B></B><T t=""记载扇子打造方法的书卷，可以和百炼精铁一起打造装备。"" c=""FFFFF2DF"" f=""simhei-11""></T>","","2","161506","使用方法：点击使用","","","3","6","","","0","","","","","2","7","4","","","","","","","","1","","","","","","","120级","0","0","0","0","0","0"
"351504","422","150制造书•魔棒","ff6ddcf6","4","1316","本","150","1","7050","true","0","0","0","0","0","0","0","false","false","false","0","0","1","1","9999","0","0","5000000","<T t=""角色限制：玄彩娥"" c=""FFFFF2DF"" f=""simhei-11""></T><B></B><B></B><T t=""记载魔棒打造方法的书卷，可以和百炼精铁一起打造装备。"" c=""FFFFF2DF"" f=""simhei-11""></T>","","2","161506","使用方法：点击使用","","","3","6","","","0","","","","","2","7","4","","","","","","","","1","","","","","","","120级","0","0","0","0","0","0"
"351505","422","150制造书•爪刺","ff6ddcf6","4","1317","本","150","1","7050","true","0","0","0","0","0","0","0","false","false","false","0","0","1","1","9999","0","0","5000000","<T t=""角色限制：骨精灵"" c=""FFFFF2DF"" f=""simhei-11""></T><B></B><B></B><T t=""记载爪刺打造方法的书卷，可以和百炼精铁一起打造装备。"" c=""FFFFF2DF"" f=""simhei-11""></T>","","2","161506","使用方法：点击使用","","","3","6","","","0","","","","","2","7","4","","","","","","","","1","","","","","","","120级","0","0","0","0","0","0"
"351506","422","150制造书•锤","ff6ddcf6","4","1318","本","150","1","7050","true","0","0","0","0","0","0","0","false","false","false","0","0","1","1","9999","0","0","5000000","<T t=""角色限制：神天兵"" c=""FFFFF2DF"" f=""simhei-11""></T><B></B><B></B><T t=""记载锤打造方法的书卷，可以和百炼精铁一起打造装备。"" c=""FFFFF2DF"" f=""simhei-11""></T>","","2","161506","使用方法：点击使用","","","3","6","","","0","","","","","2","7","4","","","","","","","","1","","","","","","","120级","0","0","0","0","0","0"
"351507","422","150制造书•鞭","ff6ddcf6","4","1319","本","150","1","7050","true","0","0","0","0","0","0","0","false","false","false","0","0","1","1","9999","0","0","5000000","<T t=""角色限制：狐美人"" c=""FFFFF2DF"" f=""simhei-11""></T><B></B><B></B><T t=""记载鞭打造方法的书卷，可以和百炼精铁一起打造装备。"" c=""FFFFF2DF"" f=""simhei-11""></T>","","2","161506","使用方法：点击使用","","","3","6","","","0","","","","","2","7","4","","","","","","","","1","","","","","","","120级","0","0","0","0","0","0"
"351508","422","150制造书•环圈","ff6ddcf6","4","1320","本","150","1","7050","true","0","0","0","0","0","0","0","false","false","false","0","0","1","1","9999","0","0","5000000","<T t=""角色限制：飞燕女"" c=""FFFFF2DF"" f=""simhei-11""></T><B></B><B></B><T t=""记载环圈打造方法的书卷，可以和百炼精铁一起打造装备。"" c=""FFFFF2DF"" f=""simhei-11""></T>","","2","161506","使用方法：点击使用","","","3","6","","","0","","","","","2","7","4","","","","","","","","1","","","","","","","120级","0","0","0","0","0","0"
"351509","422","150制造书•弓","ff6ddcf6","4","1321","本","150","1","7050","true","0","0","0","0","0","0","0","false","false","false","0","0","1","1","9999","0","0","5000000","<T t=""角色限制：杀破狼"" c=""FFFFF2DF"" f=""simhei-11""></T><B></B><B></B><T t=""记载弓打造方法的书卷，可以和百炼精铁一起打造装备。"" c=""FFFFF2DF"" f=""simhei-11""></T>","","2","161506","使用方法：点击使用","","","3","6","","","0","","","","","2","7","4","","","","","","","","1","","","","","","","120级","0","0","0","0","0","0"
"351510","422","150制造书•飘带","ff6ddcf6","4","1322","本","150","1","7050","true","0","0","0","0","0","0","0","false","false","false","0","0","1","1","9999","0","0","5000000","<T t=""角色限制：舞天姬"" c=""FFFFF2DF"" f=""simhei-11""></T><B></B><B></B><T t=""记载飘带打造方法的书卷，可以和百炼精铁一起打造装备。"" c=""FFFFF2DF"" f=""simhei-11""></T>","","2","161506","使用方法：点击使用","","","3","6","","","0","","","","","2","7","4","","","","","","","","1","","","","","","","120级","0","0","0","0","0","0"
"351511","422","150制造书•宝珠","ff6ddcf6","4","1323","本","150","1","7050","true","0","0","0","0","0","0","0","false","false","false","0","0","1","1","9999","0","0","5000000","<T t=""角色限制：梦玲珑"" c=""FFFFF2DF"" f=""simhei-11""></T><B></B><B></B><T t=""记载宝珠打造方法的书卷，可以和百炼精铁一起打造装备。"" c=""FFFFF2DF"" f=""simhei-11""></T>","","2","161506","使用方法：点击使用","","","3","6","","","0","","","","","2","7","4","","","","","","","","1","","","","","","","120级","0","0","0","0","0","0"
"351512","422","150制造书•长刀","ff6ddcf6","4","1324","本","150","1","7050","true","0","0","0","0","0","0","0","false","false","false","0","0","1","1","9999","0","0","5000000","<T t=""角色限制：巨魔王"" c=""FFFFF2DF"" f=""simhei-11""></T><B></B><B></B><T t=""记载长刀打造方法的书卷，可以和百炼精铁一起打造装备。"" c=""FFFFF2DF"" f=""simhei-11""></T>","","2","161506","使用方法：点击使用","","","3","6","","","0","","","","","2","7","4","","","","","","","","1","","","","","","","120级","0","0","0","0","0","0"
"351513","422","150制造书•双短剑","ff6ddcf6","4","1325","本","150","1","7050","true","0","0","0","0","0","0","0","false","false","false","0","0","1","1","9999","0","0","5000000","<T t=""角色限制：英女侠"" c=""FFFFF2DF"" f=""simhei-11""></T><B></B><B></B><T t=""记载双短剑打造方法的书卷，可以和百炼精铁一起打造装备。"" c=""FFFFF2DF"" f=""simhei-11""></T>","","2","161506","使用方法：点击使用","","","3","6","","","0","","","","","2","7","4","","","","","","","","1","","","","","","","120级","0","0","0","0","0","0"
"351514","422","150制造书•降魔杵","ff6ddcf6","4","1326","本","150","1","7050","true","0","0","0","0","0","0","0","false","false","false","0","0","1","1","9999","0","0","5000000","<T t=""角色限制：羽灵神"" c=""FFFFF2DF"" f=""simhei-11""></T><B></B><B></B><T t=""记载降魔杵打造方法的书卷，可以和百炼精铁一起打造装备。"" c=""FFFFF2DF"" f=""simhei-11""></T>","","2","161506","使用方法：点击使用","","","3","6","","","0","","","","","2","7","4","","","","","","","","1","","","","","","","120级","0","0","0","0","0","0"
"351515","422","150制造书•法杖","ff6ddcf6","4","1327","本","150","1","7050","true","0","0","0","0","0","0","0","false","false","false","0","0","1","1","9999","0","0","5000000","<T t=""角色限制：巫蛮儿"" c=""FFFFF2DF"" f=""simhei-11""></T><B></B><B></B><T t=""记载法杖打造方法的书卷，可以和百炼精铁一起打造装备。"" c=""FFFFF2DF"" f=""simhei-11""></T>","","2","161506","使用方法：点击使用","","","3","6","","","0","","","","","2","7","4","","","","","","","","1","","","","","","","120级","0","0","0","0","0","0"
"351516","422","150制造书•弯刀","ff6ddcf6","4","1328","本","150","1","7050","true","0","0","0","0","0","0","0","false","false","false","0","0","1","1","9999","0","0","5000000","<T t=""角色限制：漠少君"" c=""FFFFF2DF"" f=""simhei-11""></T><B></B><B></B><T t=""记载弯刀打造方法的书卷，可以和百炼精铁一起打造装备。"" c=""FFFFF2DF"" f=""simhei-11""></T>","","2","161506","使用方法：点击使用","","","3","6","","","0","","","","","2","7","4","","","","","","","","1","","","","","","","120级","0","0","0","0","0","0"
"351517","422","150制造书•男衣","ff6ddcf6","4","1329","本","150","1","7051","true","0","0","0","0","0","0","0","false","false","false","0","0","1","1","9999","0","0","5000000","<T t=""性别限制：男"" c=""FFFFF2DF"" f=""simhei-11""></T><B></B><B></B><T t=""记载男衣打造方法的书卷，可以和百炼精铁一起打造装备。"" c=""FFFFF2DF"" f=""simhei-11""></T>","","2","161506","使用方法：点击使用","","","3","6","","","0","","","","","2","7","4","","","","","","","","1","","","","","","","120级","0","0","0","0","0","0"
"351518","422","150制造书•女衣","ff6ddcf6","4","1330","本","150","1","7052","true","0","0","0","0","0","0","0","false","false","false","0","0","1","1","9999","0","0","5000000","<T t=""性别限制：女"" c=""FFFFF2DF"" f=""simhei-11""></T><B></B><B></B><T t=""记载女衣打造方法的书卷，可以和百炼精铁一起打造装备。"" c=""FFFFF2DF"" f=""simhei-11""></T>","","2","161506","使用方法：点击使用","","","3","6","","","0","","","","","2","7","4","","","","","","","","1","","","","","","","120级","0","0","0","0","0","0"
"351519","422","150制造书•头盔","ff6ddcf6","4","1331","本","150","1","7053","true","0","0","0","0","0","0","0","false","false","false","0","0","1","1","9999","0","0","5000000","<T t=""性别限制：男"" c=""FFFFF2DF"" f=""simhei-11""></T><B></B><B></B><T t=""记载头盔打造方法的书卷，可以和百炼精铁一起打造装备。"" c=""FFFFF2DF"" f=""simhei-11""></T>","","2","161506","使用方法：点击使用","","","3","6","","","0","","","","","2","7","4","","","","","","","","1","","","","","","","120级","0","0","0","0","0","0"
"351520","422","150制造书•发钗","ff6ddcf6","4","1332","本","150","1","7054","true","0","0","0","0","0","0","0","false","false","false","0","0","1","1","9999","0","0","5000000","<T t=""性别限制：女"" c=""FFFFF2DF"" f=""simhei-11""></T><B></B><B></B><T t=""记载发钗打造方法的书卷，可以和百炼精铁一起打造装备。"" c=""FFFFF2DF"" f=""simhei-11""></T>","","2","161506","使用方法：点击使用","","","3","6","","","0","","","","","2","7","4","","","","","","","","1","","","","","","","120级","0","0","0","0","0","0"
"351521","422","150制造书•项链","ff6ddcf6","4","1333","本","150","1","7055","true","0","0","0","0","0","0","0","false","false","false","0","0","1","1","9999","0","0","5000000","<T t=""记载项链打造方法的书卷，可以和百炼精铁一起打造装备。"" c=""FFFFF2DF"" f=""simhei-11""></T>","","2","161506","使用方法：点击使用","","","3","6","","","0","","","","","2","7","4","","","","","","","","1","","","","","","","120级","0","0","0","0","0","0"
"351522","422","150制造书•腰带","ff6ddcf6","4","1334","本","150","1","7056","true","0","0","0","0","0","0","0","false","false","false","0","0","1","1","9999","0","0","5000000","<T t=""记载腰带打造方法的书卷，可以和百炼精铁一起打造装备。"" c=""FFFFF2DF"" f=""simhei-11""></T>","","2","161506","使用方法：点击使用","","","3","6","","","0","","","","","2","7","4","","","","","","","","1","","","","","","","120级","0","0","0","0","0","0"
"351523","422","150制造书•鞋子","ff6ddcf6","4","1335","本","150","1","7057","true","0","0","0","0","0","0","0","false","false","false","0","0","1","1","9999","0","0","5000000","<T t=""记载鞋子打造方法的书卷，可以和百炼精铁一起打造装备。"" c=""FFFFF2DF"" f=""simhei-11""></T>","","2","161506","使用方法：点击使用","","","3","6","","","0","","","","","2","7","4","","","","","","","","1","","","","","","","120级","0","0","0","0","0","0"
"211114","96","下面是制造书：160级：编号20","ff6ddcf6","4","1158","个","0","90","5500","true","0","0","0","0","0","0","0","false","false","false","0","0","1","1","999","0","0","5000000","添加新等级时需要根据序号排序，不然打造界面不读取物品等级","金钱","","0","使用方法：直接获得金钱","","","0","","","","0","","","","","","","4","","","","","","","","1","","","","","","","0级","0","0","0","0","0","0"
"351600","422","160制造书•剑","ff6ddcf6","4","1312","本","160","1","7050","true","0","0","0","0","0","0","0","false","false","false","0","0","1","1","9999","0","0","5000000","<T t=""角色限制：剑侠客"" c=""FFFFF2DF"" f=""simhei-11""></T><B></B><B></B><T t=""记载剑打造方法的书卷，可以和百炼精铁一起打造装备。"" c=""FFFFF2DF"" f=""simhei-11""></T>","","2","161506","使用方法：点击使用","","","3","6","","","0","","","","","2","7","4","","","","","","","","1","","","","","","","120级","0","0","0","0","0","0"
"351601","422","160制造书•枪","ff6ddcf6","4","1313","本","160","1","7050","true","0","0","0","0","0","0","0","false","false","false","0","0","1","1","9999","0","0","5000000","<T t=""角色限制：龙太子"" c=""FFFFF2DF"" f=""simhei-11""></T><B></B><B></B><T t=""记载枪打造方法的书卷，可以和百炼精铁一起打造装备。"" c=""FFFFF2DF"" f=""simhei-11""></T>","","2","161506","使用方法：点击使用","","","3","6","","","0","","","","","2","7","4","","","","","","","","1","","","","","","","120级","0","0","0","0","0","0"
"351602","422","160制造书•斧钺","ff6ddcf6","4","1314","本","160","1","7050","true","0","0","0","0","0","0","0","false","false","false","0","0","1","1","9999","0","0","5000000","<T t=""角色限制：虎头怪"" c=""FFFFF2DF"" f=""simhei-11""></T><B></B><B></B><T t=""记载斧钺打造方法的书卷，可以和百炼精铁一起打造装备。"" c=""FFFFF2DF"" f=""simhei-11""></T>","","2","161506","使用方法：点击使用","","","3","6","","","0","","","","","2","7","4","","","","","","","","1","","","","","","","120级","0","0","0","0","0","0"
"351603","422","160制造书•扇","ff6ddcf6","4","1315","本","160","1","7050","true","0","0","0","0","0","0","0","false","false","false","0","0","1","1","9999","0","0","5000000","<T t=""角色限制：逍遥生"" c=""FFFFF2DF"" f=""simhei-11""></T><B></B><B></B><T t=""记载扇子打造方法的书卷，可以和百炼精铁一起打造装备。"" c=""FFFFF2DF"" f=""simhei-11""></T>","","2","161506","使用方法：点击使用","","","3","6","","","0","","","","","2","7","4","","","","","","","","1","","","","","","","120级","0","0","0","0","0","0"
"351604","422","160制造书•魔棒","ff6ddcf6","4","1316","本","160","1","7050","true","0","0","0","0","0","0","0","false","false","false","0","0","1","1","9999","0","0","5000000","<T t=""角色限制：玄彩娥"" c=""FFFFF2DF"" f=""simhei-11""></T><B></B><B></B><T t=""记载魔棒打造方法的书卷，可以和百炼精铁一起打造装备。"" c=""FFFFF2DF"" f=""simhei-11""></T>","","2","161506","使用方法：点击使用","","","3","6","","","0","","","","","2","7","4","","","","","","","","1","","","","","","","120级","0","0","0","0","0","0"
"351605","422","160制造书•爪刺","ff6ddcf6","4","1317","本","160","1","7050","true","0","0","0","0","0","0","0","false","false","false","0","0","1","1","9999","0","0","5000000","<T t=""角色限制：骨精灵"" c=""FFFFF2DF"" f=""simhei-11""></T><B></B><B></B><T t=""记载爪刺打造方法的书卷，可以和百炼精铁一起打造装备。"" c=""FFFFF2DF"" f=""simhei-11""></T>","","2","161506","使用方法：点击使用","","","3","6","","","0","","","","","2","7","4","","","","","","","","1","","","","","","","120级","0","0","0","0","0","0"
"351606","422","160制造书•锤","ff6ddcf6","4","1318","本","160","1","7050","true","0","0","0","0","0","0","0","false","false","false","0","0","1","1","9999","0","0","5000000","<T t=""角色限制：神天兵"" c=""FFFFF2DF"" f=""simhei-11""></T><B></B><B></B><T t=""记载锤打造方法的书卷，可以和百炼精铁一起打造装备。"" c=""FFFFF2DF"" f=""simhei-11""></T>","","2","161506","使用方法：点击使用","","","3","6","","","0","","","","","2","7","4","","","","","","","","1","","","","","","","120级","0","0","0","0","0","0"
"351607","422","160制造书•鞭","ff6ddcf6","4","1319","本","160","1","7050","true","0","0","0","0","0","0","0","false","false","false","0","0","1","1","9999","0","0","5000000","<T t=""角色限制：狐美人"" c=""FFFFF2DF"" f=""simhei-11""></T><B></B><B></B><T t=""记载鞭打造方法的书卷，可以和百炼精铁一起打造装备。"" c=""FFFFF2DF"" f=""simhei-11""></T>","","2","161506","使用方法：点击使用","","","3","6","","","0","","","","","2","7","4","","","","","","","","1","","","","","","","120级","0","0","0","0","0","0"
"351608","422","160制造书•环圈","ff6ddcf6","4","1320","本","160","1","7050","true","0","0","0","0","0","0","0","false","false","false","0","0","1","1","9999","0","0","5000000","<T t=""角色限制：飞燕女"" c=""FFFFF2DF"" f=""simhei-11""></T><B></B><B></B><T t=""记载环圈打造方法的书卷，可以和百炼精铁一起打造装备。"" c=""FFFFF2DF"" f=""simhei-11""></T>","","2","161506","使用方法：点击使用","","","3","6","","","0","","","","","2","7","4","","","","","","","","1","","","","","","","120级","0","0","0","0","0","0"
"351609","422","160制造书•弓","ff6ddcf6","4","1321","本","160","1","7050","true","0","0","0","0","0","0","0","false","false","false","0","0","1","1","9999","0","0","5000000","<T t=""角色限制：杀破狼"" c=""FFFFF2DF"" f=""simhei-11""></T><B></B><B></B><T t=""记载弓打造方法的书卷，可以和百炼精铁一起打造装备。"" c=""FFFFF2DF"" f=""simhei-11""></T>","","2","161506","使用方法：点击使用","","","3","6","","","0","","","","","2","7","4","","","","","","","","1","","","","","","","120级","0","0","0","0","0","0"
"351610","422","160制造书•飘带","ff6ddcf6","4","1322","本","160","1","7050","true","0","0","0","0","0","0","0","false","false","false","0","0","1","1","9999","0","0","5000000","<T t=""角色限制：舞天姬"" c=""FFFFF2DF"" f=""simhei-11""></T><B></B><B></B><T t=""记载飘带打造方法的书卷，可以和百炼精铁一起打造装备。"" c=""FFFFF2DF"" f=""simhei-11""></T>","","2","161506","使用方法：点击使用","","","3","6","","","0","","","","","2","7","4","","","","","","","","1","","","","","","","120级","0","0","0","0","0","0"
"351611","422","160制造书•宝珠","ff6ddcf6","4","1323","本","160","1","7050","true","0","0","0","0","0","0","0","false","false","false","0","0","1","1","9999","0","0","5000000","<T t=""角色限制：梦玲珑"" c=""FFFFF2DF"" f=""simhei-11""></T><B></B><B></B><T t=""记载宝珠打造方法的书卷，可以和百炼精铁一起打造装备。"" c=""FFFFF2DF"" f=""simhei-11""></T>","","2","161506","使用方法：点击使用","","","3","6","","","0","","","","","2","7","4","","","","","","","","1","","","","","","","120级","0","0","0","0","0","0"
"351612","422","160制造书•长刀","ff6ddcf6","4","1324","本","160","1","7050","true","0","0","0","0","0","0","0","false","false","false","0","0","1","1","9999","0","0","5000000","<T t=""角色限制：巨魔王"" c=""FFFFF2DF"" f=""simhei-11""></T><B></B><B></B><T t=""记载长刀打造方法的书卷，可以和百炼精铁一起打造装备。"" c=""FFFFF2DF"" f=""simhei-11""></T>","","2","161506","使用方法：点击使用","","","3","6","","","0","","","","","2","7","4","","","","","","","","1","","","","","","","120级","0","0","0","0","0","0"
"351613","422","160制造书•双短剑","ff6ddcf6","4","1325","本","160","1","7050","true","0","0","0","0","0","0","0","false","false","false","0","0","1","1","9999","0","0","5000000","<T t=""角色限制：英女侠"" c=""FFFFF2DF"" f=""simhei-11""></T><B></B><B></B><T t=""记载双短剑打造方法的书卷，可以和百炼精铁一起打造装备。"" c=""FFFFF2DF"" f=""simhei-11""></T>","","2","161506","使用方法：点击使用","","","3","6","","","0","","","","","2","7","4","","","","","","","","1","","","","","","","120级","0","0","0","0","0","0"
"351614","422","160制造书•降魔杵","ff6ddcf6","4","1326","本","160","1","7050","true","0","0","0","0","0","0","0","false","false","false","0","0","1","1","9999","0","0","5000000","<T t=""角色限制：羽灵神"" c=""FFFFF2DF"" f=""simhei-11""></T><B></B><B></B><T t=""记载降魔杵打造方法的书卷，可以和百炼精铁一起打造装备。"" c=""FFFFF2DF"" f=""simhei-11""></T>","","2","161506","使用方法：点击使用","","","3","6","","","0","","","","","2","7","4","","","","","","","","1","","","","","","","120级","0","0","0","0","0","0"
"351615","422","160制造书•法杖","ff6ddcf6","4","1327","本","160","1","7050","true","0","0","0","0","0","0","0","false","false","false","0","0","1","1","9999","0","0","5000000","<T t=""角色限制：巫蛮儿"" c=""FFFFF2DF"" f=""simhei-11""></T><B></B><B></B><T t=""记载法杖打造方法的书卷，可以和百炼精铁一起打造装备。"" c=""FFFFF2DF"" f=""simhei-11""></T>","","2","161506","使用方法：点击使用","","","3","6","","","0","","","","","2","7","4","","","","","","","","1","","","","","","","120级","0","0","0","0","0","0"
"351616","422","160制造书•弯刀","ff6ddcf6","4","1328","本","160","1","7050","true","0","0","0","0","0","0","0","false","false","false","0","0","1","1","9999","0","0","5000000","<T t=""角色限制：漠少君"" c=""FFFFF2DF"" f=""simhei-11""></T><B></B><B></B><T t=""记载弯刀打造方法的书卷，可以和百炼精铁一起打造装备。"" c=""FFFFF2DF"" f=""simhei-11""></T>","","2","161506","使用方法：点击使用","","","3","6","","","0","","","","","2","7","4","","","","","","","","1","","","","","","","120级","0","0","0","0","0","0"
"351617","422","160制造书•男衣","ff6ddcf6","4","1329","本","160","1","7051","true","0","0","0","0","0","0","0","false","false","false","0","0","1","1","9999","0","0","5000000","<T t=""性别限制：男"" c=""FFFFF2DF"" f=""simhei-11""></T><B></B><B></B><T t=""记载男衣打造方法的书卷，可以和百炼精铁一起打造装备。"" c=""FFFFF2DF"" f=""simhei-11""></T>","","2","161506","使用方法：点击使用","","","3","6","","","0","","","","","2","7","4","","","","","","","","1","","","","","","","120级","0","0","0","0","0","0"
"351618","422","160制造书•女衣","ff6ddcf6","4","1330","本","160","1","7052","true","0","0","0","0","0","0","0","false","false","false","0","0","1","1","9999","0","0","5000000","<T t=""性别限制：女"" c=""FFFFF2DF"" f=""simhei-11""></T><B></B><B></B><T t=""记载女衣打造方法的书卷，可以和百炼精铁一起打造装备。"" c=""FFFFF2DF"" f=""simhei-11""></T>","","2","161506","使用方法：点击使用","","","3","6","","","0","","","","","2","7","4","","","","","","","","1","","","","","","","120级","0","0","0","0","0","0"
"351619","422","160制造书•头盔","ff6ddcf6","4","1331","本","160","1","7053","true","0","0","0","0","0","0","0","false","false","false","0","0","1","1","9999","0","0","5000000","<T t=""性别限制：男"" c=""FFFFF2DF"" f=""simhei-11""></T><B></B><B></B><T t=""记载头盔打造方法的书卷，可以和百炼精铁一起打造装备。"" c=""FFFFF2DF"" f=""simhei-11""></T>","","2","161506","使用方法：点击使用","","","3","6","","","0","","","","","2","7","4","","","","","","","","1","","","","","","","120级","0","0","0","0","0","0"
"351620","422","160制造书•发钗","ff6ddcf6","4","1332","本","160","1","7054","true","0","0","0","0","0","0","0","false","false","false","0","0","1","1","9999","0","0","5000000","<T t=""性别限制：女"" c=""FFFFF2DF"" f=""simhei-11""></T><B></B><B></B><T t=""记载发钗打造方法的书卷，可以和百炼精铁一起打造装备。"" c=""FFFFF2DF"" f=""simhei-11""></T>","","2","161506","使用方法：点击使用","","","3","6","","","0","","","","","2","7","4","","","","","","","","1","","","","","","","120级","0","0","0","0","0","0"
"351621","422","160制造书•项链","ff6ddcf6","4","1333","本","160","1","7055","true","0","0","0","0","0","0","0","false","false","false","0","0","1","1","9999","0","0","5000000","<T t=""记载项链打造方法的书卷，可以和百炼精铁一起打造装备。"" c=""FFFFF2DF"" f=""simhei-11""></T>","","2","161506","使用方法：点击使用","","","3","6","","","0","","","","","2","7","4","","","","","","","","1","","","","","","","120级","0","0","0","0","0","0"
"351622","422","160制造书•腰带","ff6ddcf6","4","1334","本","160","1","7056","true","0","0","0","0","0","0","0","false","false","false","0","0","1","1","9999","0","0","5000000","<T t=""记载腰带打造方法的书卷，可以和百炼精铁一起打造装备。"" c=""FFFFF2DF"" f=""simhei-11""></T>","","2","161506","使用方法：点击使用","","","3","6","","","0","","","","","2","7","4","","","","","","","","1","","","","","","","120级","0","0","0","0","0","0"
"351623","422","160制造书•鞋子","ff6ddcf6","4","1335","本","160","1","7057","true","0","0","0","0","0","0","0","false","false","false","0","0","1","1","9999","0","0","5000000","<T t=""记载鞋子打造方法的书卷，可以和百炼精铁一起打造装备。"" c=""FFFFF2DF"" f=""simhei-11""></T>","","2","161506","使用方法：点击使用","","","3","6","","","0","","","","","2","7","4","","","","","","","","1","","","","","","","120级","0","0","0","0","0","0"
"123456122","96","下面是制造书：170级：编号17","ff6ddcf6","4","1158","个","0","90","5500","true","0","0","0","0","0","0","0","false","false","false","0","0","1","1","999","9999","0","5000000","添加新等级时需要根据序号排序，不然打造界面不读取物品等级","金钱","","0","使用方法：直接获得金钱","","","0","","","","0","","","","","","","","","","","","","","","1","","","","","","","0级","0","0","0","0","0","0"
"351700","422","170制造书•剑","ff6ddcf6","4","1312","本","170","1","7050","true","0","0","0","0","0","0","0","false","false","false","0","0","1","1","9999","9999","0","5000000","<T t=""角色限制：剑侠客"" c=""FFFFF2DF"" f=""simhei-11""></T><B></B><B></B><T t=""记载剑打造方法的书卷，可以和百炼精铁一起打造装备。"" c=""FFFFF2DF"" f=""simhei-11""></T>","","2","161506","使用方法：点击使用","","","3","6","","","0","","","","","2","7","","","","","","","","","1","","","","","","","170级","0","0","0","0","0","0"
"351701","422","170制造书•枪","ff6ddcf6","4","1313","本","170","1","7050","true","0","0","0","0","0","0","0","false","false","false","0","0","1","1","9999","9999","0","5000000","<T t=""角色限制：龙太子"" c=""FFFFF2DF"" f=""simhei-11""></T><B></B><B></B><T t=""记载枪打造方法的书卷，可以和百炼精铁一起打造装备。"" c=""FFFFF2DF"" f=""simhei-11""></T>","","2","161506","使用方法：点击使用","","","3","6","","","0","","","","","2","7","","","","","","","","","1","","","","","","","170级","0","0","0","0","0","0"
"351702","422","170制造书•斧钺","ff6ddcf6","4","1314","本","170","1","7050","true","0","0","0","0","0","0","0","false","false","false","0","0","1","1","9999","9999","0","5000000","<T t=""角色限制：虎头怪"" c=""FFFFF2DF"" f=""simhei-11""></T><B></B><B></B><T t=""记载斧钺打造方法的书卷，可以和百炼精铁一起打造装备。"" c=""FFFFF2DF"" f=""simhei-11""></T>","","2","161506","使用方法：点击使用","","","3","6","","","0","","","","","2","7","","","","","","","","","1","","","","","","","170级","0","0","0","0","0","0"
"351703","422","170制造书•扇","ff6ddcf6","4","1315","本","170","1","7050","true","0","0","0","0","0","0","0","false","false","false","0","0","1","1","9999","9999","0","5000000","<T t=""角色限制：逍遥生"" c=""FFFFF2DF"" f=""simhei-11""></T><B></B><B></B><T t=""记载扇子打造方法的书卷，可以和百炼精铁一起打造装备。"" c=""FFFFF2DF"" f=""simhei-11""></T>","","2","161506","使用方法：点击使用","","","3","6","","","0","","","","","2","7","","","","","","","","","1","","","","","","","170级","0","0","0","0","0","0"
"351704","422","170制造书•魔棒","ff6ddcf6","4","1316","本","170","1","7050","true","0","0","0","0","0","0","0","false","false","false","0","0","1","1","9999","9999","0","5000000","<T t=""角色限制：玄彩娥"" c=""FFFFF2DF"" f=""simhei-11""></T><B></B><B></B><T t=""记载魔棒打造方法的书卷，可以和百炼精铁一起打造装备。"" c=""FFFFF2DF"" f=""simhei-11""></T>","","2","161506","使用方法：点击使用","","","3","6","","","0","","","","","2","7","","","","","","","","","1","","","","","","","170级","0","0","0","0","0","0"
"351705","422","170制造书•爪刺","ff6ddcf6","4","1317","本","170","1","7050","true","0","0","0","0","0","0","0","false","false","false","0","0","1","1","9999","9999","0","5000000","<T t=""角色限制：骨精灵"" c=""FFFFF2DF"" f=""simhei-11""></T><B></B><B></B><T t=""记载爪刺打造方法的书卷，可以和百炼精铁一起打造装备。"" c=""FFFFF2DF"" f=""simhei-11""></T>","","2","161506","使用方法：点击使用","","","3","6","","","0","","","","","2","7","","","","","","","","","1","","","","","","","170级","0","0","0","0","0","0"
"351706","422","170制造书•锤","ff6ddcf6","4","1318","本","170","1","7050","true","0","0","0","0","0","0","0","false","false","false","0","0","1","1","9999","9999","0","5000000","<T t=""角色限制：神天兵"" c=""FFFFF2DF"" f=""simhei-11""></T><B></B><B></B><T t=""记载锤打造方法的书卷，可以和百炼精铁一起打造装备。"" c=""FFFFF2DF"" f=""simhei-11""></T>","","2","161506","使用方法：点击使用","","","3","6","","","0","","","","","2","7","","","","","","","","","1","","","","","","","170级","0","0","0","0","0","0"
"351707","422","170制造书•鞭","ff6ddcf6","4","1319","本","170","1","7050","true","0","0","0","0","0","0","0","false","false","false","0","0","1","1","9999","9999","0","5000000","<T t=""角色限制：狐美人"" c=""FFFFF2DF"" f=""simhei-11""></T><B></B><B></B><T t=""记载鞭打造方法的书卷，可以和百炼精铁一起打造装备。"" c=""FFFFF2DF"" f=""simhei-11""></T>","","2","161506","使用方法：点击使用","","","3","6","","","0","","","","","2","7","","","","","","","","","1","","","","","","","170级","0","0","0","0","0","0"
"351708","422","170制造书•环圈","ff6ddcf6","4","1320","本","170","1","7050","true","0","0","0","0","0","0","0","false","false","false","0","0","1","1","9999","9999","0","5000000","<T t=""角色限制：飞燕女"" c=""FFFFF2DF"" f=""simhei-11""></T><B></B><B></B><T t=""记载环圈打造方法的书卷，可以和百炼精铁一起打造装备。"" c=""FFFFF2DF"" f=""simhei-11""></T>","","2","161506","使用方法：点击使用","","","3","6","","","0","","","","","2","7","","","","","","","","","1","","","","","","","170级","0","0","0","0","0","0"
"351709","422","170制造书•弓","ff6ddcf6","4","1321","本","170","1","7050","true","0","0","0","0","0","0","0","false","false","false","0","0","1","1","9999","9999","0","5000000","<T t=""角色限制：杀破狼"" c=""FFFFF2DF"" f=""simhei-11""></T><B></B><B></B><T t=""记载弓打造方法的书卷，可以和百炼精铁一起打造装备。"" c=""FFFFF2DF"" f=""simhei-11""></T>","","2","161506","使用方法：点击使用","","","3","6","","","0","","","","","2","7","","","","","","","","","1","","","","","","","170级","0","0","0","0","0","0"
"351710","422","170制造书•飘带","ff6ddcf6","4","1322","本","170","1","7050","true","0","0","0","0","0","0","0","false","false","false","0","0","1","1","9999","9999","0","5000000","<T t=""角色限制：舞天姬"" c=""FFFFF2DF"" f=""simhei-11""></T><B></B><B></B><T t=""记载飘带打造方法的书卷，可以和百炼精铁一起打造装备。"" c=""FFFFF2DF"" f=""simhei-11""></T>","","2","161506","使用方法：点击使用","","","3","6","","","0","","","","","2","7","","","","","","","","","1","","","","","","","170级","0","0","0","0","0","0"
"351711","422","170制造书•宝珠","ff6ddcf6","4","1323","本","170","1","7050","true","0","0","0","0","0","0","0","false","false","false","0","0","1","1","9999","9999","0","5000000","<T t=""角色限制：梦玲珑"" c=""FFFFF2DF"" f=""simhei-11""></T><B></B><B></B><T t=""记载宝珠打造方法的书卷，可以和百炼精铁一起打造装备。"" c=""FFFFF2DF"" f=""simhei-11""></T>","","2","161506","使用方法：点击使用","","","3","6","","","0","","","","","2","7","","","","","","","","","1","","","","","","","170级","0","0","0","0","0","0"
"351712","422","170制造书•长刀","ff6ddcf6","4","1324","本","170","1","7050","true","0","0","0","0","0","0","0","false","false","false","0","0","1","1","9999","9999","0","5000000","<T t=""角色限制：巨魔王"" c=""FFFFF2DF"" f=""simhei-11""></T><B></B><B></B><T t=""记载长刀打造方法的书卷，可以和百炼精铁一起打造装备。"" c=""FFFFF2DF"" f=""simhei-11""></T>","","2","161506","使用方法：点击使用","","","3","6","","","0","","","","","2","7","","","","","","","","","1","","","","","","","170级","0","0","0","0","0","0"
"351713","422","170制造书•双短剑","ff6ddcf6","4","1325","本","170","1","7050","true","0","0","0","0","0","0","0","false","false","false","0","0","1","1","9999","9999","0","5000000","<T t=""角色限制：英女侠"" c=""FFFFF2DF"" f=""simhei-11""></T><B></B><B></B><T t=""记载双短剑打造方法的书卷，可以和百炼精铁一起打造装备。"" c=""FFFFF2DF"" f=""simhei-11""></T>","","2","161506","使用方法：点击使用","","","3","6","","","0","","","","","2","7","","","","","","","","","1","","","","","","","170级","0","0","0","0","0","0"
"351714","422","170制造书•降魔杵","ff6ddcf6","4","1326","本","170","1","7050","true","0","0","0","0","0","0","0","false","false","false","0","0","1","1","9999","9999","0","5000000","<T t=""角色限制：羽灵神"" c=""FFFFF2DF"" f=""simhei-11""></T><B></B><B></B><T t=""记载降魔杵打造方法的书卷，可以和百炼精铁一起打造装备。"" c=""FFFFF2DF"" f=""simhei-11""></T>","","2","161506","使用方法：点击使用","","","3","6","","","0","","","","","2","7","","","","","","","","","1","","","","","","","170级","0","0","0","0","0","0"
"351715","422","170制造书•法杖","ff6ddcf6","4","1327","本","170","1","7050","true","0","0","0","0","0","0","0","false","false","false","0","0","1","1","9999","9999","0","5000000","<T t=""角色限制：巫蛮儿"" c=""FFFFF2DF"" f=""simhei-11""></T><B></B><B></B><T t=""记载法杖打造方法的书卷，可以和百炼精铁一起打造装备。"" c=""FFFFF2DF"" f=""simhei-11""></T>","","2","161506","使用方法：点击使用","","","3","6","","","0","","","","","2","7","","","","","","","","","1","","","","","","","170级","0","0","0","0","0","0"
"351716","422","170制造书•弯刀","ff6ddcf6","4","1328","本","170","1","7050","true","0","0","0","0","0","0","0","false","false","false","0","0","1","1","9999","9999","0","5000000","<T t=""角色限制：漠少君"" c=""FFFFF2DF"" f=""simhei-11""></T><B></B><B></B><T t=""记载弯刀打造方法的书卷，可以和百炼精铁一起打造装备。"" c=""FFFFF2DF"" f=""simhei-11""></T>","","2","161506","使用方法：点击使用","","","3","6","","","0","","","","","2","7","","","","","","","","","1","","","","","","","170级","0","0","0","0","0","0"
"351717","422","170制造书•男衣","ff6ddcf6","4","1329","本","170","1","7051","true","0","0","0","0","0","0","0","false","false","false","0","0","1","1","9999","9999","0","5000000","<T t=""性别限制：男"" c=""FFFFF2DF"" f=""simhei-11""></T><B></B><B></B><T t=""记载男衣打造方法的书卷，可以和百炼精铁一起打造装备。"" c=""FFFFF2DF"" f=""simhei-11""></T>","","2","161506","使用方法：点击使用","","","3","6","","","0","","","","","2","7","","","","","","","","","1","","","","","","","170级","0","0","0","0","0","0"
"351718","422","170制造书•女衣","ff6ddcf6","4","1330","本","170","1","7052","true","0","0","0","0","0","0","0","false","false","false","0","0","1","1","9999","9999","0","5000000","<T t=""性别限制：女"" c=""FFFFF2DF"" f=""simhei-11""></T><B></B><B></B><T t=""记载女衣打造方法的书卷，可以和百炼精铁一起打造装备。"" c=""FFFFF2DF"" f=""simhei-11""></T>","","2","161506","使用方法：点击使用","","","3","6","","","0","","","","","2","7","","","","","","","","","1","","","","","","","170级","0","0","0","0","0","0"
"351719","422","170制造书•头盔","ff6ddcf6","4","1331","本","170","1","7053","true","0","0","0","0","0","0","0","false","false","false","0","0","1","1","9999","9999","0","5000000","<T t=""性别限制：男"" c=""FFFFF2DF"" f=""simhei-11""></T><B></B><B></B><T t=""记载头盔打造方法的书卷，可以和百炼精铁一起打造装备。"" c=""FFFFF2DF"" f=""simhei-11""></T>","","2","161506","使用方法：点击使用","","","3","6","","","0","","","","","2","7","","","","","","","","","1","","","","","","","170级","0","0","0","0","0","0"
"351720","422","170制造书•发钗","ff6ddcf6","4","1332","本","170","1","7054","true","0","0","0","0","0","0","0","false","false","false","0","0","1","1","9999","9999","0","5000000","<T t=""性别限制：女"" c=""FFFFF2DF"" f=""simhei-11""></T><B></B><B></B><T t=""记载发钗打造方法的书卷，可以和百炼精铁一起打造装备。"" c=""FFFFF2DF"" f=""simhei-11""></T>","","2","161506","使用方法：点击使用","","","3","6","","","0","","","","","2","7","","","","","","","","","1","","","","","","","170级","0","0","0","0","0","0"
"351721","422","170制造书•项链","ff6ddcf6","4","1333","本","170","1","7055","true","0","0","0","0","0","0","0","false","false","false","0","0","1","1","9999","9999","0","5000000","<T t=""记载项链打造方法的书卷，可以和百炼精铁一起打造装备。"" c=""FFFFF2DF"" f=""simhei-11""></T>","","2","161506","使用方法：点击使用","","","3","6","","","0","","","","","2","7","","","","","","","","","1","","","","","","","170级","0","0","0","0","0","0"
"351722","422","170制造书•腰带","ff6ddcf6","4","1334","本","170","1","7056","true","0","0","0","0","0","0","0","false","false","false","0","0","1","1","9999","9999","0","5000000","<T t=""记载腰带打造方法的书卷，可以和百炼精铁一起打造装备。"" c=""FFFFF2DF"" f=""simhei-11""></T>","","2","161506","使用方法：点击使用","","","3","6","","","0","","","","","2","7","","","","","","","","","1","","","","","","","170级","0","0","0","0","0","0"
"351723","422","170制造书•鞋子","ff6ddcf6","4","1335","本","170","1","7057","true","0","0","0","0","0","0","0","false","false","false","0","0","1","1","9999","9999","0","5000000","<T t=""记载鞋子打造方法的书卷，可以和百炼精铁一起打造装备。"" c=""FFFFF2DF"" f=""simhei-11""></T>","","2","161506","使用方法：点击使用","","","3","6","","","0","","","","","2","7","","","","","","","","","1","","","","","","","170级","0","0","0","0","0","0"
"123456133","96","下面是制造书：180级：编号18","ff6ddcf6","4","1158","个","0","90","5500","true","0","0","0","0","0","0","0","false","false","false","0","0","1","1","999","9999","0","5000000","添加新等级时需要根据序号排序，不然打造界面不读取物品等级","金钱","","0","使用方法：直接获得金钱","","","0","","","","0","","","","","","","","","","","","","","","1","","","","","","","0级","0","0","0","0","0","0"
"351800","422","180制造书•剑","ff6ddcf6","4","1312","本","180","1","7050","true","0","0","0","0","0","0","0","false","false","false","0","0","1","1","9999","9999","0","5000000","<T t=""角色限制：剑侠客"" c=""FFFFF2DF"" f=""simhei-11""></T><B></B><B></B><T t=""记载剑打造方法的书卷，可以和百炼精铁一起打造装备。"" c=""FFFFF2DF"" f=""simhei-11""></T>","","2","161506","使用方法：点击使用","","","3","6","","","0","","","","","2","7","","","","","","","","","1","","","","","","","180级","0","0","0","0","0","0"
"351801","422","180制造书•枪","ff6ddcf6","4","1313","本","180","1","7050","true","0","0","0","0","0","0","0","false","false","false","0","0","1","1","9999","9999","0","5000000","<T t=""角色限制：龙太子"" c=""FFFFF2DF"" f=""simhei-11""></T><B></B><B></B><T t=""记载枪打造方法的书卷，可以和百炼精铁一起打造装备。"" c=""FFFFF2DF"" f=""simhei-11""></T>","","2","161506","使用方法：点击使用","","","3","6","","","0","","","","","2","7","","","","","","","","","1","","","","","","","180级","0","0","0","0","0","0"
"351802","422","180制造书•斧钺","ff6ddcf6","4","1314","本","180","1","7050","true","0","0","0","0","0","0","0","false","false","false","0","0","1","1","9999","9999","0","5000000","<T t=""角色限制：虎头怪"" c=""FFFFF2DF"" f=""simhei-11""></T><B></B><B></B><T t=""记载斧钺打造方法的书卷，可以和百炼精铁一起打造装备。"" c=""FFFFF2DF"" f=""simhei-11""></T>","","2","161506","使用方法：点击使用","","","3","6","","","0","","","","","2","7","","","","","","","","","1","","","","","","","180级","0","0","0","0","0","0"
"351803","422","180制造书•扇","ff6ddcf6","4","1315","本","180","1","7050","true","0","0","0","0","0","0","0","false","false","false","0","0","1","1","9999","9999","0","5000000","<T t=""角色限制：逍遥生"" c=""FFFFF2DF"" f=""simhei-11""></T><B></B><B></B><T t=""记载扇子打造方法的书卷，可以和百炼精铁一起打造装备。"" c=""FFFFF2DF"" f=""simhei-11""></T>","","2","161506","使用方法：点击使用","","","3","6","","","0","","","","","2","7","","","","","","","","","1","","","","","","","180级","0","0","0","0","0","0"
"351804","422","180制造书•魔棒","ff6ddcf6","4","1316","本","180","1","7050","true","0","0","0","0","0","0","0","false","false","false","0","0","1","1","9999","9999","0","5000000","<T t=""角色限制：玄彩娥"" c=""FFFFF2DF"" f=""simhei-11""></T><B></B><B></B><T t=""记载魔棒打造方法的书卷，可以和百炼精铁一起打造装备。"" c=""FFFFF2DF"" f=""simhei-11""></T>","","2","161506","使用方法：点击使用","","","3","6","","","0","","","","","2","7","","","","","","","","","1","","","","","","","180级","0","0","0","0","0","0"
"351805","422","180制造书•爪刺","ff6ddcf6","4","1317","本","180","1","7050","true","0","0","0","0","0","0","0","false","false","false","0","0","1","1","9999","9999","0","5000000","<T t=""角色限制：骨精灵"" c=""FFFFF2DF"" f=""simhei-11""></T><B></B><B></B><T t=""记载爪刺打造方法的书卷，可以和百炼精铁一起打造装备。"" c=""FFFFF2DF"" f=""simhei-11""></T>","","2","161506","使用方法：点击使用","","","3","6","","","0","","","","","2","7","","","","","","","","","1","","","","","","","180级","0","0","0","0","0","0"
"351806","422","180制造书•锤","ff6ddcf6","4","1318","本","180","1","7050","true","0","0","0","0","0","0","0","false","false","false","0","0","1","1","9999","9999","0","5000000","<T t=""角色限制：神天兵"" c=""FFFFF2DF"" f=""simhei-11""></T><B></B><B></B><T t=""记载锤打造方法的书卷，可以和百炼精铁一起打造装备。"" c=""FFFFF2DF"" f=""simhei-11""></T>","","2","161506","使用方法：点击使用","","","3","6","","","0","","","","","2","7","","","","","","","","","1","","","","","","","180级","0","0","0","0","0","0"
"351807","422","180制造书•鞭","ff6ddcf6","4","1319","本","180","1","7050","true","0","0","0","0","0","0","0","false","false","false","0","0","1","1","9999","9999","0","5000000","<T t=""角色限制：狐美人"" c=""FFFFF2DF"" f=""simhei-11""></T><B></B><B></B><T t=""记载鞭打造方法的书卷，可以和百炼精铁一起打造装备。"" c=""FFFFF2DF"" f=""simhei-11""></T>","","2","161506","使用方法：点击使用","","","3","6","","","0","","","","","2","7","","","","","","","","","1","","","","","","","180级","0","0","0","0","0","0"
"351808","422","180制造书•环圈","ff6ddcf6","4","1320","本","180","1","7050","true","0","0","0","0","0","0","0","false","false","false","0","0","1","1","9999","9999","0","5000000","<T t=""角色限制：飞燕女"" c=""FFFFF2DF"" f=""simhei-11""></T><B></B><B></B><T t=""记载环圈打造方法的书卷，可以和百炼精铁一起打造装备。"" c=""FFFFF2DF"" f=""simhei-11""></T>","","2","161506","使用方法：点击使用","","","3","6","","","0","","","","","2","7","","","","","","","","","1","","","","","","","180级","0","0","0","0","0","0"
"351809","422","180制造书•弓","ff6ddcf6","4","1321","本","180","1","7050","true","0","0","0","0","0","0","0","false","false","false","0","0","1","1","9999","9999","0","5000000","<T t=""角色限制：杀破狼"" c=""FFFFF2DF"" f=""simhei-11""></T><B></B><B></B><T t=""记载弓打造方法的书卷，可以和百炼精铁一起打造装备。"" c=""FFFFF2DF"" f=""simhei-11""></T>","","2","161506","使用方法：点击使用","","","3","6","","","0","","","","","2","7","","","","","","","","","1","","","","","","","180级","0","0","0","0","0","0"
"351810","422","180制造书•飘带","ff6ddcf6","4","1322","本","180","1","7050","true","0","0","0","0","0","0","0","false","false","false","0","0","1","1","9999","9999","0","5000000","<T t=""角色限制：舞天姬"" c=""FFFFF2DF"" f=""simhei-11""></T><B></B><B></B><T t=""记载飘带打造方法的书卷，可以和百炼精铁一起打造装备。"" c=""FFFFF2DF"" f=""simhei-11""></T>","","2","161506","使用方法：点击使用","","","3","6","","","0","","","","","2","7","","","","","","","","","1","","","","","","","180级","0","0","0","0","0","0"
"351811","422","180制造书•宝珠","ff6ddcf6","4","1323","本","180","1","7050","true","0","0","0","0","0","0","0","false","false","false","0","0","1","1","9999","9999","0","5000000","<T t=""角色限制：梦玲珑"" c=""FFFFF2DF"" f=""simhei-11""></T><B></B><B></B><T t=""记载宝珠打造方法的书卷，可以和百炼精铁一起打造装备。"" c=""FFFFF2DF"" f=""simhei-11""></T>","","2","161506","使用方法：点击使用","","","3","6","","","0","","","","","2","7","","","","","","","","","1","","","","","","","180级","0","0","0","0","0","0"
"351812","422","180制造书•长刀","ff6ddcf6","4","1324","本","180","1","7050","true","0","0","0","0","0","0","0","false","false","false","0","0","1","1","9999","9999","0","5000000","<T t=""角色限制：巨魔王"" c=""FFFFF2DF"" f=""simhei-11""></T><B></B><B></B><T t=""记载长刀打造方法的书卷，可以和百炼精铁一起打造装备。"" c=""FFFFF2DF"" f=""simhei-11""></T>","","2","161506","使用方法：点击使用","","","3","6","","","0","","","","","2","7","","","","","","","","","1","","","","","","","180级","0","0","0","0","0","0"
"351813","422","180制造书•双短剑","ff6ddcf6","4","1325","本","180","1","7050","true","0","0","0","0","0","0","0","false","false","false","0","0","1","1","9999","9999","0","5000000","<T t=""角色限制：英女侠"" c=""FFFFF2DF"" f=""simhei-11""></T><B></B><B></B><T t=""记载双短剑打造方法的书卷，可以和百炼精铁一起打造装备。"" c=""FFFFF2DF"" f=""simhei-11""></T>","","2","161506","使用方法：点击使用","","","3","6","","","0","","","","","2","7","","","","","","","","","1","","","","","","","180级","0","0","0","0","0","0"
"351814","422","180制造书•降魔杵","ff6ddcf6","4","1326","本","180","1","7050","true","0","0","0","0","0","0","0","false","false","false","0","0","1","1","9999","9999","0","5000000","<T t=""角色限制：羽灵神"" c=""FFFFF2DF"" f=""simhei-11""></T><B></B><B></B><T t=""记载降魔杵打造方法的书卷，可以和百炼精铁一起打造装备。"" c=""FFFFF2DF"" f=""simhei-11""></T>","","2","161506","使用方法：点击使用","","","3","6","","","0","","","","","2","7","","","","","","","","","1","","","","","","","180级","0","0","0","0","0","0"
"351815","422","180制造书•法杖","ff6ddcf6","4","1327","本","180","1","7050","true","0","0","0","0","0","0","0","false","false","false","0","0","1","1","9999","9999","0","5000000","<T t=""角色限制：巫蛮儿"" c=""FFFFF2DF"" f=""simhei-11""></T><B></B><B></B><T t=""记载法杖打造方法的书卷，可以和百炼精铁一起打造装备。"" c=""FFFFF2DF"" f=""simhei-11""></T>","","2","161506","使用方法：点击使用","","","3","6","","","0","","","","","2","7","","","","","","","","","1","","","","","","","180级","0","0","0","0","0","0"
"351816","422","180制造书•弯刀","ff6ddcf6","4","1328","本","180","1","7050","true","0","0","0","0","0","0","0","false","false","false","0","0","1","1","9999","9999","0","5000000","<T t=""角色限制：漠少君"" c=""FFFFF2DF"" f=""simhei-11""></T><B></B><B></B><T t=""记载弯刀打造方法的书卷，可以和百炼精铁一起打造装备。"" c=""FFFFF2DF"" f=""simhei-11""></T>","","2","161506","使用方法：点击使用","","","3","6","","","0","","","","","2","7","","","","","","","","","1","","","","","","","180级","0","0","0","0","0","0"
"351817","422","180制造书•男衣","ff6ddcf6","4","1329","本","180","1","7051","true","0","0","0","0","0","0","0","false","false","false","0","0","1","1","9999","9999","0","5000000","<T t=""性别限制：男"" c=""FFFFF2DF"" f=""simhei-11""></T><B></B><B></B><T t=""记载男衣打造方法的书卷，可以和百炼精铁一起打造装备。"" c=""FFFFF2DF"" f=""simhei-11""></T>","","2","161506","使用方法：点击使用","","","3","6","","","0","","","","","2","7","","","","","","","","","1","","","","","","","180级","0","0","0","0","0","0"
"351818","422","180制造书•女衣","ff6ddcf6","4","1330","本","180","1","7052","true","0","0","0","0","0","0","0","false","false","false","0","0","1","1","9999","9999","0","5000000","<T t=""性别限制：女"" c=""FFFFF2DF"" f=""simhei-11""></T><B></B><B></B><T t=""记载女衣打造方法的书卷，可以和百炼精铁一起打造装备。"" c=""FFFFF2DF"" f=""simhei-11""></T>","","2","161506","使用方法：点击使用","","","3","6","","","0","","","","","2","7","","","","","","","","","1","","","","","","","180级","0","0","0","0","0","0"
"351819","422","180制造书•头盔","ff6ddcf6","4","1331","本","180","1","7053","true","0","0","0","0","0","0","0","false","false","false","0","0","1","1","9999","9999","0","5000000","<T t=""性别限制：男"" c=""FFFFF2DF"" f=""simhei-11""></T><B></B><B></B><T t=""记载头盔打造方法的书卷，可以和百炼精铁一起打造装备。"" c=""FFFFF2DF"" f=""simhei-11""></T>","","2","161506","使用方法：点击使用","","","3","6","","","0","","","","","2","7","","","","","","","","","1","","","","","","","180级","0","0","0","0","0","0"
"351820","422","180制造书•发钗","ff6ddcf6","4","1332","本","180","1","7054","true","0","0","0","0","0","0","0","false","false","false","0","0","1","1","9999","9999","0","5000000","<T t=""性别限制：女"" c=""FFFFF2DF"" f=""simhei-11""></T><B></B><B></B><T t=""记载发钗打造方法的书卷，可以和百炼精铁一起打造装备。"" c=""FFFFF2DF"" f=""simhei-11""></T>","","2","161506","使用方法：点击使用","","","3","6","","","0","","","","","2","7","","","","","","","","","1","","","","","","","180级","0","0","0","0","0","0"
"351821","422","180制造书•项链","ff6ddcf6","4","1333","本","180","1","7055","true","0","0","0","0","0","0","0","false","false","false","0","0","1","1","9999","9999","0","5000000","<T t=""记载项链打造方法的书卷，可以和百炼精铁一起打造装备。"" c=""FFFFF2DF"" f=""simhei-11""></T>","","2","161506","使用方法：点击使用","","","3","6","","","0","","","","","2","7","","","","","","","","","1","","","","","","","180级","0","0","0","0","0","0"
"351822","422","180制造书•腰带","ff6ddcf6","4","1334","本","180","1","7056","true","0","0","0","0","0","0","0","false","false","false","0","0","1","1","9999","9999","0","5000000","<T t=""记载腰带打造方法的书卷，可以和百炼精铁一起打造装备。"" c=""FFFFF2DF"" f=""simhei-11""></T>","","2","161506","使用方法：点击使用","","","3","6","","","0","","","","","2","7","","","","","","","","","1","","","","","","","180级","0","0","0","0","0","0"
"351823","422","180制造书•鞋子","ff6ddcf6","4","1335","本","180","1","7057","true","0","0","0","0","0","0","0","false","false","false","0","0","1","1","9999","9999","0","5000000","<T t=""记载鞋子打造方法的书卷，可以和百炼精铁一起打造装备。"" c=""FFFFF2DF"" f=""simhei-11""></T>","","2","161506","使用方法：点击使用","","","3","6","","","0","","","","","2","7","","","","","","","","","1","","","","","","","180级","0","0","0","0","0","0"
"9999999","96","下面是制造书：190级：编号19","ff6ddcf6","4","1158","个","0","90","5500","true","0","0","0","0","0","0","0","false","false","false","0","0","1","1","999","9999","0","5000000","添加新等级时需要根据序号排序，不然打造界面不读取物品等级","金钱","","0","使用方法：直接获得金钱","","","0","","","","0","","","","","","","","","","","","","","","1","","","","","","","0级","0","0","0","0","0","0"
"351900","422","190制造书•剑","ff6ddcf6","4","1312","本","190","1","7050","true","0","0","0","0","0","0","0","false","false","false","0","0","1","1","9999","9999","0","5000000","<T t=""角色限制：剑侠客"" c=""FFFFF2DF"" f=""simhei-11""></T><B></B><B></B><T t=""记载剑打造方法的书卷，可以和百炼精铁一起打造装备。"" c=""FFFFF2DF"" f=""simhei-11""></T>","","2","161506","使用方法：点击使用","","","3","6","","","0","","","","","2","7","","","","","","","","","1","","","","","","","190级","0","0","0","0","0","0"
"351901","422","190制造书•枪","ff6ddcf6","4","1313","本","190","1","7050","true","0","0","0","0","0","0","0","false","false","false","0","0","1","1","9999","9999","0","5000000","<T t=""角色限制：龙太子"" c=""FFFFF2DF"" f=""simhei-11""></T><B></B><B></B><T t=""记载枪打造方法的书卷，可以和百炼精铁一起打造装备。"" c=""FFFFF2DF"" f=""simhei-11""></T>","","2","161506","使用方法：点击使用","","","3","6","","","0","","","","","2","7","","","","","","","","","1","","","","","","","190级","0","0","0","0","0","0"
"351902","422","190制造书•斧钺","ff6ddcf6","4","1314","本","190","1","7050","true","0","0","0","0","0","0","0","false","false","false","0","0","1","1","9999","9999","0","5000000","<T t=""角色限制：虎头怪"" c=""FFFFF2DF"" f=""simhei-11""></T><B></B><B></B><T t=""记载斧钺打造方法的书卷，可以和百炼精铁一起打造装备。"" c=""FFFFF2DF"" f=""simhei-11""></T>","","2","161506","使用方法：点击使用","","","3","6","","","0","","","","","2","7","","","","","","","","","1","","","","","","","190级","0","0","0","0","0","0"
"351903","422","190制造书•扇","ff6ddcf6","4","1315","本","190","1","7050","true","0","0","0","0","0","0","0","false","false","false","0","0","1","1","9999","9999","0","5000000","<T t=""角色限制：逍遥生"" c=""FFFFF2DF"" f=""simhei-11""></T><B></B><B></B><T t=""记载扇子打造方法的书卷，可以和百炼精铁一起打造装备。"" c=""FFFFF2DF"" f=""simhei-11""></T>","","2","161506","使用方法：点击使用","","","3","6","","","0","","","","","2","7","","","","","","","","","1","","","","","","","190级","0","0","0","0","0","0"
"351904","422","190制造书•魔棒","ff6ddcf6","4","1316","本","190","1","7050","true","0","0","0","0","0","0","0","false","false","false","0","0","1","1","9999","9999","0","5000000","<T t=""角色限制：玄彩娥"" c=""FFFFF2DF"" f=""simhei-11""></T><B></B><B></B><T t=""记载魔棒打造方法的书卷，可以和百炼精铁一起打造装备。"" c=""FFFFF2DF"" f=""simhei-11""></T>","","2","161506","使用方法：点击使用","","","3","6","","","0","","","","","2","7","","","","","","","","","1","","","","","","","190级","0","0","0","0","0","0"
"351905","422","190制造书•爪刺","ff6ddcf6","4","1317","本","190","1","7050","true","0","0","0","0","0","0","0","false","false","false","0","0","1","1","9999","9999","0","5000000","<T t=""角色限制：骨精灵"" c=""FFFFF2DF"" f=""simhei-11""></T><B></B><B></B><T t=""记载爪刺打造方法的书卷，可以和百炼精铁一起打造装备。"" c=""FFFFF2DF"" f=""simhei-11""></T>","","2","161506","使用方法：点击使用","","","3","6","","","0","","","","","2","7","","","","","","","","","1","","","","","","","190级","0","0","0","0","0","0"
"351906","422","190制造书•锤","ff6ddcf6","4","1318","本","190","1","7050","true","0","0","0","0","0","0","0","false","false","false","0","0","1","1","9999","9999","0","5000000","<T t=""角色限制：神天兵"" c=""FFFFF2DF"" f=""simhei-11""></T><B></B><B></B><T t=""记载锤打造方法的书卷，可以和百炼精铁一起打造装备。"" c=""FFFFF2DF"" f=""simhei-11""></T>","","2","161506","使用方法：点击使用","","","3","6","","","0","","","","","2","7","","","","","","","","","1","","","","","","","190级","0","0","0","0","0","0"
"351907","422","190制造书•鞭","ff6ddcf6","4","1319","本","190","1","7050","true","0","0","0","0","0","0","0","false","false","false","0","0","1","1","9999","9999","0","5000000","<T t=""角色限制：狐美人"" c=""FFFFF2DF"" f=""simhei-11""></T><B></B><B></B><T t=""记载鞭打造方法的书卷，可以和百炼精铁一起打造装备。"" c=""FFFFF2DF"" f=""simhei-11""></T>","","2","161506","使用方法：点击使用","","","3","6","","","0","","","","","2","7","","","","","","","","","1","","","","","","","190级","0","0","0","0","0","0"
"351908","422","190制造书•环圈","ff6ddcf6","4","1320","本","190","1","7050","true","0","0","0","0","0","0","0","false","false","false","0","0","1","1","9999","9999","0","5000000","<T t=""角色限制：飞燕女"" c=""FFFFF2DF"" f=""simhei-11""></T><B></B><B></B><T t=""记载环圈打造方法的书卷，可以和百炼精铁一起打造装备。"" c=""FFFFF2DF"" f=""simhei-11""></T>","","2","161506","使用方法：点击使用","","","3","6","","","0","","","","","2","7","","","","","","","","","1","","","","","","","190级","0","0","0","0","0","0"
"351909","422","190制造书•弓","ff6ddcf6","4","1321","本","190","1","7050","true","0","0","0","0","0","0","0","false","false","false","0","0","1","1","9999","9999","0","5000000","<T t=""角色限制：杀破狼"" c=""FFFFF2DF"" f=""simhei-11""></T><B></B><B></B><T t=""记载弓打造方法的书卷，可以和百炼精铁一起打造装备。"" c=""FFFFF2DF"" f=""simhei-11""></T>","","2","161506","使用方法：点击使用","","","3","6","","","0","","","","","2","7","","","","","","","","","1","","","","","","","190级","0","0","0","0","0","0"
"351910","422","190制造书•飘带","ff6ddcf6","4","1322","本","190","1","7050","true","0","0","0","0","0","0","0","false","false","false","0","0","1","1","9999","9999","0","5000000","<T t=""角色限制：舞天姬"" c=""FFFFF2DF"" f=""simhei-11""></T><B></B><B></B><T t=""记载飘带打造方法的书卷，可以和百炼精铁一起打造装备。"" c=""FFFFF2DF"" f=""simhei-11""></T>","","2","161506","使用方法：点击使用","","","3","6","","","0","","","","","2","7","","","","","","","","","1","","","","","","","190级","0","0","0","0","0","0"
"351911","422","190制造书•宝珠","ff6ddcf6","4","1323","本","190","1","7050","true","0","0","0","0","0","0","0","false","false","false","0","0","1","1","9999","9999","0","5000000","<T t=""角色限制：梦玲珑"" c=""FFFFF2DF"" f=""simhei-11""></T><B></B><B></B><T t=""记载宝珠打造方法的书卷，可以和百炼精铁一起打造装备。"" c=""FFFFF2DF"" f=""simhei-11""></T>","","2","161506","使用方法：点击使用","","","3","6","","","0","","","","","2","7","","","","","","","","","1","","","","","","","190级","0","0","0","0","0","0"
"351912","422","190制造书•长刀","ff6ddcf6","4","1324","本","190","1","7050","true","0","0","0","0","0","0","0","false","false","false","0","0","1","1","9999","9999","0","5000000","<T t=""角色限制：巨魔王"" c=""FFFFF2DF"" f=""simhei-11""></T><B></B><B></B><T t=""记载长刀打造方法的书卷，可以和百炼精铁一起打造装备。"" c=""FFFFF2DF"" f=""simhei-11""></T>","","2","161506","使用方法：点击使用","","","3","6","","","0","","","","","2","7","","","","","","","","","1","","","","","","","190级","0","0","0","0","0","0"
"351913","422","190制造书•双短剑","ff6ddcf6","4","1325","本","190","1","7050","true","0","0","0","0","0","0","0","false","false","false","0","0","1","1","9999","9999","0","5000000","<T t=""角色限制：英女侠"" c=""FFFFF2DF"" f=""simhei-11""></T><B></B><B></B><T t=""记载双短剑打造方法的书卷，可以和百炼精铁一起打造装备。"" c=""FFFFF2DF"" f=""simhei-11""></T>","","2","161506","使用方法：点击使用","","","3","6","","","0","","","","","2","7","","","","","","","","","1","","","","","","","190级","0","0","0","0","0","0"
"351914","422","190制造书•降魔杵","ff6ddcf6","4","1326","本","190","1","7050","true","0","0","0","0","0","0","0","false","false","false","0","0","1","1","9999","9999","0","5000000","<T t=""角色限制：羽灵神"" c=""FFFFF2DF"" f=""simhei-11""></T><B></B><B></B><T t=""记载降魔杵打造方法的书卷，可以和百炼精铁一起打造装备。"" c=""FFFFF2DF"" f=""simhei-11""></T>","","2","161506","使用方法：点击使用","","","3","6","","","0","","","","","2","7","","","","","","","","","1","","","","","","","190级","0","0","0","0","0","0"
"351915","422","190制造书•法杖","ff6ddcf6","4","1327","本","190","1","7050","true","0","0","0","0","0","0","0","false","false","false","0","0","1","1","9999","9999","0","5000000","<T t=""角色限制：巫蛮儿"" c=""FFFFF2DF"" f=""simhei-11""></T><B></B><B></B><T t=""记载法杖打造方法的书卷，可以和百炼精铁一起打造装备。"" c=""FFFFF2DF"" f=""simhei-11""></T>","","2","161506","使用方法：点击使用","","","3","6","","","0","","","","","2","7","","","","","","","","","1","","","","","","","190级","0","0","0","0","0","0"
"351916","422","190制造书•弯刀","ff6ddcf6","4","1328","本","190","1","7050","true","0","0","0","0","0","0","0","false","false","false","0","0","1","1","9999","9999","0","5000000","<T t=""角色限制：漠少君"" c=""FFFFF2DF"" f=""simhei-11""></T><B></B><B></B><T t=""记载弯刀打造方法的书卷，可以和百炼精铁一起打造装备。"" c=""FFFFF2DF"" f=""simhei-11""></T>","","2","161506","使用方法：点击使用","","","3","6","","","0","","","","","2","7","","","","","","","","","1","","","","","","","190级","0","0","0","0","0","0"
"351917","422","190制造书•男衣","ff6ddcf6","4","1329","本","190","1","7051","true","0","0","0","0","0","0","0","false","false","false","0","0","1","1","9999","9999","0","5000000","<T t=""性别限制：男"" c=""FFFFF2DF"" f=""simhei-11""></T><B></B><B></B><T t=""记载男衣打造方法的书卷，可以和百炼精铁一起打造装备。"" c=""FFFFF2DF"" f=""simhei-11""></T>","","2","161506","使用方法：点击使用","","","3","6","","","0","","","","","2","7","","","","","","","","","1","","","","","","","190级","0","0","0","0","0","0"
"351918","422","190制造书•女衣","ff6ddcf6","4","1330","本","190","1","7052","true","0","0","0","0","0","0","0","false","false","false","0","0","1","1","9999","9999","0","5000000","<T t=""性别限制：女"" c=""FFFFF2DF"" f=""simhei-11""></T><B></B><B></B><T t=""记载女衣打造方法的书卷，可以和百炼精铁一起打造装备。"" c=""FFFFF2DF"" f=""simhei-11""></T>","","2","161506","使用方法：点击使用","","","3","6","","","0","","","","","2","7","","","","","","","","","1","","","","","","","190级","0","0","0","0","0","0"
"351919","422","190制造书•头盔","ff6ddcf6","4","1331","本","190","1","7053","true","0","0","0","0","0","0","0","false","false","false","0","0","1","1","9999","9999","0","5000000","<T t=""性别限制：男"" c=""FFFFF2DF"" f=""simhei-11""></T><B></B><B></B><T t=""记载头盔打造方法的书卷，可以和百炼精铁一起打造装备。"" c=""FFFFF2DF"" f=""simhei-11""></T>","","2","161506","使用方法：点击使用","","","3","6","","","0","","","","","2","7","","","","","","","","","1","","","","","","","190级","0","0","0","0","0","0"
"351920","422","190制造书•发钗","ff6ddcf6","4","1332","本","190","1","7054","true","0","0","0","0","0","0","0","false","false","false","0","0","1","1","9999","9999","0","5000000","<T t=""性别限制：女"" c=""FFFFF2DF"" f=""simhei-11""></T><B></B><B></B><T t=""记载发钗打造方法的书卷，可以和百炼精铁一起打造装备。"" c=""FFFFF2DF"" f=""simhei-11""></T>","","2","161506","使用方法：点击使用","","","3","6","","","0","","","","","2","7","","","","","","","","","1","","","","","","","190级","0","0","0","0","0","0"
"351921","422","190制造书•项链","ff6ddcf6","4","1333","本","190","1","7055","true","0","0","0","0","0","0","0","false","false","false","0","0","1","1","9999","9999","0","5000000","<T t=""记载项链打造方法的书卷，可以和百炼精铁一起打造装备。"" c=""FFFFF2DF"" f=""simhei-11""></T>","","2","161506","使用方法：点击使用","","","3","6","","","0","","","","","2","7","","","","","","","","","1","","","","","","","190级","0","0","0","0","0","0"
"351922","422","190制造书•腰带","ff6ddcf6","4","1334","本","190","1","7056","true","0","0","0","0","0","0","0","false","false","false","0","0","1","1","9999","9999","0","5000000","<T t=""记载腰带打造方法的书卷，可以和百炼精铁一起打造装备。"" c=""FFFFF2DF"" f=""simhei-11""></T>","","2","161506","使用方法：点击使用","","","3","6","","","0","","","","","2","7","","","","","","","","","1","","","","","","","190级","0","0","0","0","0","0"
"351923","422","190制造书•鞋子","ff6ddcf6","4","1335","本","190","1","7057","true","0","0","0","0","0","0","0","false","false","false","0","0","1","1","9999","9999","0","5000000","<T t=""记载鞋子打造方法的书卷，可以和百炼精铁一起打造装备。"" c=""FFFFF2DF"" f=""simhei-11""></T>","","2","161506","使用方法：点击使用","","","3","6","","","0","","","","","2","7","","","","","","","","","1","","","","","","","190级","0","0","0","0","0","0"
"9999569","96","下面是制造书：200级：编号20","ff6ddcf6","4","1158","个","0","90","5500","true","0","0","0","0","0","0","0","false","false","false","0","0","1","1","999","9999","0","5000000","添加新等级时需要根据序号排序，不然打造界面不读取物品等级","金钱","","0","使用方法：直接获得金钱","","","0","","","","0","","","","","","","","","","","","","","","1","","","","","","","0级","0","0","0","0","0","0"
"352000","422","200制造书•剑","ff6ddcf6","4","1312","本","200","1","7050","true","0","0","0","0","0","0","0","false","false","false","0","0","1","1","9999","9999","0","5000000","<T t=""角色限制：剑侠客"" c=""FFFFF2DF"" f=""simhei-11""></T><B></B><B></B><T t=""记载剑打造方法的书卷，可以和百炼精铁一起打造装备。"" c=""FFFFF2DF"" f=""simhei-11""></T>","","2","161506","使用方法：点击使用","","","3","6","","","0","","","","","2","7","","","","","","","","","1","","","","","","","200级","0","0","0","0","0","0"
"352001","422","200制造书•枪","ff6ddcf6","4","1313","本","200","1","7050","true","0","0","0","0","0","0","0","false","false","false","0","0","1","1","9999","9999","0","5000000","<T t=""角色限制：龙太子"" c=""FFFFF2DF"" f=""simhei-11""></T><B></B><B></B><T t=""记载枪打造方法的书卷，可以和百炼精铁一起打造装备。"" c=""FFFFF2DF"" f=""simhei-11""></T>","","2","161506","使用方法：点击使用","","","3","6","","","0","","","","","2","7","","","","","","","","","1","","","","","","","200级","0","0","0","0","0","0"
"352002","422","200制造书•斧钺","ff6ddcf6","4","1314","本","200","1","7050","true","0","0","0","0","0","0","0","false","false","false","0","0","1","1","9999","9999","0","5000000","<T t=""角色限制：虎头怪"" c=""FFFFF2DF"" f=""simhei-11""></T><B></B><B></B><T t=""记载斧钺打造方法的书卷，可以和百炼精铁一起打造装备。"" c=""FFFFF2DF"" f=""simhei-11""></T>","","2","161506","使用方法：点击使用","","","3","6","","","0","","","","","2","7","","","","","","","","","1","","","","","","","200级","0","0","0","0","0","0"
"352003","422","200制造书•扇","ff6ddcf6","4","1315","本","200","1","7050","true","0","0","0","0","0","0","0","false","false","false","0","0","1","1","9999","9999","0","5000000","<T t=""角色限制：逍遥生"" c=""FFFFF2DF"" f=""simhei-11""></T><B></B><B></B><T t=""记载扇子打造方法的书卷，可以和百炼精铁一起打造装备。"" c=""FFFFF2DF"" f=""simhei-11""></T>","","2","161506","使用方法：点击使用","","","3","6","","","0","","","","","2","7","","","","","","","","","1","","","","","","","200级","0","0","0","0","0","0"
"352004","422","200制造书•魔棒","ff6ddcf6","4","1316","本","200","1","7050","true","0","0","0","0","0","0","0","false","false","false","0","0","1","1","9999","9999","0","5000000","<T t=""角色限制：玄彩娥"" c=""FFFFF2DF"" f=""simhei-11""></T><B></B><B></B><T t=""记载魔棒打造方法的书卷，可以和百炼精铁一起打造装备。"" c=""FFFFF2DF"" f=""simhei-11""></T>","","2","161506","使用方法：点击使用","","","3","6","","","0","","","","","2","7","","","","","","","","","1","","","","","","","200级","0","0","0","0","0","0"
"352005","422","200制造书•爪刺","ff6ddcf6","4","1317","本","200","1","7050","true","0","0","0","0","0","0","0","false","false","false","0","0","1","1","9999","9999","0","5000000","<T t=""角色限制：骨精灵"" c=""FFFFF2DF"" f=""simhei-11""></T><B></B><B></B><T t=""记载爪刺打造方法的书卷，可以和百炼精铁一起打造装备。"" c=""FFFFF2DF"" f=""simhei-11""></T>","","2","161506","使用方法：点击使用","","","3","6","","","0","","","","","2","7","","","","","","","","","1","","","","","","","200级","0","0","0","0","0","0"
"352006","422","200制造书•锤","ff6ddcf6","4","1318","本","200","1","7050","true","0","0","0","0","0","0","0","false","false","false","0","0","1","1","9999","9999","0","5000000","<T t=""角色限制：神天兵"" c=""FFFFF2DF"" f=""simhei-11""></T><B></B><B></B><T t=""记载锤打造方法的书卷，可以和百炼精铁一起打造装备。"" c=""FFFFF2DF"" f=""simhei-11""></T>","","2","161506","使用方法：点击使用","","","3","6","","","0","","","","","2","7","","","","","","","","","1","","","","","","","200级","0","0","0","0","0","0"
"352007","422","200制造书•鞭","ff6ddcf6","4","1319","本","200","1","7050","true","0","0","0","0","0","0","0","false","false","false","0","0","1","1","9999","9999","0","5000000","<T t=""角色限制：狐美人"" c=""FFFFF2DF"" f=""simhei-11""></T><B></B><B></B><T t=""记载鞭打造方法的书卷，可以和百炼精铁一起打造装备。"" c=""FFFFF2DF"" f=""simhei-11""></T>","","2","161506","使用方法：点击使用","","","3","6","","","0","","","","","2","7","","","","","","","","","1","","","","","","","200级","0","0","0","0","0","0"
"352008","422","200制造书•环圈","ff6ddcf6","4","1320","本","200","1","7050","true","0","0","0","0","0","0","0","false","false","false","0","0","1","1","9999","9999","0","5000000","<T t=""角色限制：飞燕女"" c=""FFFFF2DF"" f=""simhei-11""></T><B></B><B></B><T t=""记载环圈打造方法的书卷，可以和百炼精铁一起打造装备。"" c=""FFFFF2DF"" f=""simhei-11""></T>","","2","161506","使用方法：点击使用","","","3","6","","","0","","","","","2","7","","","","","","","","","1","","","","","","","200级","0","0","0","0","0","0"
"352009","422","200制造书•弓","ff6ddcf6","4","1321","本","200","1","7050","true","0","0","0","0","0","0","0","false","false","false","0","0","1","1","9999","9999","0","5000000","<T t=""角色限制：杀破狼"" c=""FFFFF2DF"" f=""simhei-11""></T><B></B><B></B><T t=""记载弓打造方法的书卷，可以和百炼精铁一起打造装备。"" c=""FFFFF2DF"" f=""simhei-11""></T>","","2","161506","使用方法：点击使用","","","3","6","","","0","","","","","2","7","","","","","","","","","1","","","","","","","200级","0","0","0","0","0","0"
"352010","422","200制造书•飘带","ff6ddcf6","4","1322","本","200","1","7050","true","0","0","0","0","0","0","0","false","false","false","0","0","1","1","9999","9999","0","5000000","<T t=""角色限制：舞天姬"" c=""FFFFF2DF"" f=""simhei-11""></T><B></B><B></B><T t=""记载飘带打造方法的书卷，可以和百炼精铁一起打造装备。"" c=""FFFFF2DF"" f=""simhei-11""></T>","","2","161506","使用方法：点击使用","","","3","6","","","0","","","","","2","7","","","","","","","","","1","","","","","","","200级","0","0","0","0","0","0"
"352011","422","200制造书•宝珠","ff6ddcf6","4","1323","本","200","1","7050","true","0","0","0","0","0","0","0","false","false","false","0","0","1","1","9999","9999","0","5000000","<T t=""角色限制：梦玲珑"" c=""FFFFF2DF"" f=""simhei-11""></T><B></B><B></B><T t=""记载宝珠打造方法的书卷，可以和百炼精铁一起打造装备。"" c=""FFFFF2DF"" f=""simhei-11""></T>","","2","161506","使用方法：点击使用","","","3","6","","","0","","","","","2","7","","","","","","","","","1","","","","","","","200级","0","0","0","0","0","0"
"352012","422","200制造书•长刀","ff6ddcf6","4","1324","本","200","1","7050","true","0","0","0","0","0","0","0","false","false","false","0","0","1","1","9999","9999","0","5000000","<T t=""角色限制：巨魔王"" c=""FFFFF2DF"" f=""simhei-11""></T><B></B><B></B><T t=""记载长刀打造方法的书卷，可以和百炼精铁一起打造装备。"" c=""FFFFF2DF"" f=""simhei-11""></T>","","2","161506","使用方法：点击使用","","","3","6","","","0","","","","","2","7","","","","","","","","","1","","","","","","","200级","0","0","0","0","0","0"
"352013","422","200制造书•双短剑","ff6ddcf6","4","1325","本","200","1","7050","true","0","0","0","0","0","0","0","false","false","false","0","0","1","1","9999","9999","0","5000000","<T t=""角色限制：英女侠"" c=""FFFFF2DF"" f=""simhei-11""></T><B></B><B></B><T t=""记载双短剑打造方法的书卷，可以和百炼精铁一起打造装备。"" c=""FFFFF2DF"" f=""simhei-11""></T>","","2","161506","使用方法：点击使用","","","3","6","","","0","","","","","2","7","","","","","","","","","1","","","","","","","200级","0","0","0","0","0","0"
"352014","422","200制造书•降魔杵","ff6ddcf6","4","1326","本","200","1","7050","true","0","0","0","0","0","0","0","false","false","false","0","0","1","1","9999","9999","0","5000000","<T t=""角色限制：羽灵神"" c=""FFFFF2DF"" f=""simhei-11""></T><B></B><B></B><T t=""记载降魔杵打造方法的书卷，可以和百炼精铁一起打造装备。"" c=""FFFFF2DF"" f=""simhei-11""></T>","","2","161506","使用方法：点击使用","","","3","6","","","0","","","","","2","7","","","","","","","","","1","","","","","","","200级","0","0","0","0","0","0"
"352015","422","200制造书•法杖","ff6ddcf6","4","1327","本","200","1","7050","true","0","0","0","0","0","0","0","false","false","false","0","0","1","1","9999","9999","0","5000000","<T t=""角色限制：巫蛮儿"" c=""FFFFF2DF"" f=""simhei-11""></T><B></B><B></B><T t=""记载法杖打造方法的书卷，可以和百炼精铁一起打造装备。"" c=""FFFFF2DF"" f=""simhei-11""></T>","","2","161506","使用方法：点击使用","","","3","6","","","0","","","","","2","7","","","","","","","","","1","","","","","","","200级","0","0","0","0","0","0"
"352016","422","200制造书•弯刀","ff6ddcf6","4","1328","本","200","1","7050","true","0","0","0","0","0","0","0","false","false","false","0","0","1","1","9999","9999","0","5000000","<T t=""角色限制：漠少君"" c=""FFFFF2DF"" f=""simhei-11""></T><B></B><B></B><T t=""记载弯刀打造方法的书卷，可以和百炼精铁一起打造装备。"" c=""FFFFF2DF"" f=""simhei-11""></T>","","2","161506","使用方法：点击使用","","","3","6","","","0","","","","","2","7","","","","","","","","","1","","","","","","","200级","0","0","0","0","0","0"
"352017","422","200制造书•男衣","ff6ddcf6","4","1329","本","200","1","7051","true","0","0","0","0","0","0","0","false","false","false","0","0","1","1","9999","9999","0","5000000","<T t=""性别限制：男"" c=""FFFFF2DF"" f=""simhei-11""></T><B></B><B></B><T t=""记载男衣打造方法的书卷，可以和百炼精铁一起打造装备。"" c=""FFFFF2DF"" f=""simhei-11""></T>","","2","161506","使用方法：点击使用","","","3","6","","","0","","","","","2","7","","","","","","","","","1","","","","","","","200级","0","0","0","0","0","0"
"352018","422","200制造书•女衣","ff6ddcf6","4","1330","本","200","1","7052","true","0","0","0","0","0","0","0","false","false","false","0","0","1","1","9999","9999","0","5000000","<T t=""性别限制：女"" c=""FFFFF2DF"" f=""simhei-11""></T><B></B><B></B><T t=""记载女衣打造方法的书卷，可以和百炼精铁一起打造装备。"" c=""FFFFF2DF"" f=""simhei-11""></T>","","2","161506","使用方法：点击使用","","","3","6","","","0","","","","","2","7","","","","","","","","","1","","","","","","","200级","0","0","0","0","0","0"
"352019","422","200制造书•头盔","ff6ddcf6","4","1331","本","200","1","7053","true","0","0","0","0","0","0","0","false","false","false","0","0","1","1","9999","9999","0","5000000","<T t=""性别限制：男"" c=""FFFFF2DF"" f=""simhei-11""></T><B></B><B></B><T t=""记载头盔打造方法的书卷，可以和百炼精铁一起打造装备。"" c=""FFFFF2DF"" f=""simhei-11""></T>","","2","161506","使用方法：点击使用","","","3","6","","","0","","","","","2","7","","","","","","","","","1","","","","","","","200级","0","0","0","0","0","0"
"352020","422","200制造书•发钗","ff6ddcf6","4","1332","本","200","1","7054","true","0","0","0","0","0","0","0","false","false","false","0","0","1","1","9999","9999","0","5000000","<T t=""性别限制：女"" c=""FFFFF2DF"" f=""simhei-11""></T><B></B><B></B><T t=""记载发钗打造方法的书卷，可以和百炼精铁一起打造装备。"" c=""FFFFF2DF"" f=""simhei-11""></T>","","2","161506","使用方法：点击使用","","","3","6","","","0","","","","","2","7","","","","","","","","","1","","","","","","","200级","0","0","0","0","0","0"
"352021","422","200制造书•项链","ff6ddcf6","4","1333","本","200","1","7055","true","0","0","0","0","0","0","0","false","false","false","0","0","1","1","9999","9999","0","5000000","<T t=""记载项链打造方法的书卷，可以和百炼精铁一起打造装备。"" c=""FFFFF2DF"" f=""simhei-11""></T>","","2","161506","使用方法：点击使用","","","3","6","","","0","","","","","2","7","","","","","","","","","1","","","","","","","200级","0","0","0","0","0","0"
"352022","422","200制造书•腰带","ff6ddcf6","4","1334","本","200","1","7056","true","0","0","0","0","0","0","0","false","false","false","0","0","1","1","9999","9999","0","5000000","<T t=""记载腰带打造方法的书卷，可以和百炼精铁一起打造装备。"" c=""FFFFF2DF"" f=""simhei-11""></T>","","2","161506","使用方法：点击使用","","","3","6","","","0","","","","","2","7","","","","","","","","","1","","","","","","","200级","0","0","0","0","0","0"
"352023","422","200制造书•鞋子","ff6ddcf6","4","1335","本","200","1","7057","true","0","0","0","0","0","0","0","false","false","false","0","0","1","1","9999","9999","0","5000000","<T t=""记载鞋子打造方法的书卷，可以和百炼精铁一起打造装备。"" c=""FFFFF2DF"" f=""simhei-11""></T>","","2","161506","使用方法：点击使用","","","3","6","","","0","","","","","2","7","","","","","","","","","1","","","","","","","200级","0","0","0","0","0","0"
"111128","96","下面是阵法书籍：编号17","ff6ddcf6","4","1158","个","0","90","5500","true","0","0","0","0","0","0","0","false","false","false","0","0","1","1","999","0","0","5000000","阵法","金钱","","0","使用方法：直接获得金钱","","","0","","","","0","","","","","","","","","","","","","","","1","","","","","","","","0","0","0","0","0","0"
"360000","262","阵法残卷","ff6ddcf6","4","1233","个","0","1","7001","true","0","0","0","0","0","0","0","false","false","false","0","0","1","2","500","0","0","5000000","可以增加任何阵法50点经验","合成阵法卷轴","","0","使用方法:双击激活元素","","","0","","","","0","","","","","","","","","","","","","","","","","","","","","","","0","0","0","0","0","0"
"360001","278","天覆阵","ff6ddcf6","4","1231","本","0","1","7000","true","0","0","0","0","0","0","1400","false","false","false","0","0","1","1","500","0","0","5000000","记录着天覆阵学习方法的卷轴","学习提升阵法","2","161506","使用方法:双击激活元素","","","0","","","","0","","","","","","","","","","","","","","","","","","","","","","","0","0","0","0","0","0"
"360002","278","地载阵","ff6ddcf6","4","1231","本","0","1","7000","true","0","0","0","0","0","0","1401","false","false","false","0","0","1","1","500","0","0","5000000","记录着地载阵学习方法的卷轴","学习提升阵法","2","161506","使用方法:双击激活元素","","","0","","","","0","","","","","","","","","","","","","","","","","","","","","","","0","0","0","0","0","0"
"360003","278","云垂阵","ff6ddcf6","4","1231","本","0","1","7000","true","0","0","0","0","0","0","1402","false","false","false","0","0","1","1","500","0","0","5000000","记录着云垂阵学习方法的卷轴","学习提升阵法","2","161506","使用方法:双击激活元素","","","0","","","","0","","","","","","","","","","","","","","","","","","","","","","","0","0","0","0","0","0"
"360004","278","鸟翔阵","ff6ddcf6","4","1231","本","0","1","7000","true","0","0","0","0","0","0","1403","false","false","false","0","0","1","1","500","0","0","5000000","记录着鸟翔阵学习方法的卷轴","学习提升阵法","2","161506","使用方法:双击激活元素","","","0","","","","0","","","","","","","","","","","","","","","","","","","","","","","0","0","0","0","0","0"
"360005","278","蛇蟠阵","ff6ddcf6","4","1231","本","0","1","7000","true","0","0","0","0","0","0","1404","false","false","false","0","0","1","1","500","0","0","5000000","记录着蛇蟠阵学习方法的卷轴","学习提升阵法","2","161506","使用方法:双击激活元素","","","0","","","","0","","","","","","","","","","","","","","","","","","","","","","","0","0","0","0","0","0"
"360006","278","龙飞阵","ff6ddcf6","4","1231","本","0","1","7000","true","0","0","0","0","0","0","1405","false","false","false","0","0","1","1","500","0","0","5000000","记录着龙飞阵学习方法的卷轴","学习提升阵法","2","161506","使用方法:双击激活元素","","","0","","","","0","","","","","","","","","","","","","","","","","","","","","","","0","0","0","0","0","0"
"360007","278","风扬阵","ff6ddcf6","4","1231","本","0","1","7000","true","0","0","0","0","0","0","1406","false","false","false","0","0","1","1","500","0","0","5000000","记录着风扬阵学习方法的卷轴","学习提升阵法","2","161506","使用方法:双击激活元素","","","0","","","","0","","","","","","","","","","","","","","","","","","","","","","","0","0","0","0","0","0"
"360008","278","虎翼阵","ff6ddcf6","4","1231","本","0","1","7000","true","0","0","0","0","0","0","1407","false","false","false","0","0","1","1","500","0","0","5000000","记录着虎翼阵学习方法的卷轴","学习提升阵法","2","161506","使用方法:双击激活元素","","","0","","","","0","","","","","","","","","","","","","","","","","","","","","","","0","0","0","0","0","0"
"360009","278","雷绝阵","ff6ddcf6","4","1231","本","0","1","7000","true","0","0","0","0","0","0","1408","false","false","false","0","0","1","1","500","0","0","5000000","记录着雷绝阵学习方法的卷轴","学习提升阵法","2","161506","使用方法:双击激活元素","","","0","","","","0","","","","","","","","","","","","","","","","","","","","","","","0","0","0","0","0","0"
"360010","278","鹰啸阵","ff6ddcf6","4","1231","本","0","1","7000","true","0","0","0","0","0","0","1409","false","false","false","0","0","1","1","500","0","0","5000000","记录着鹰啸阵学习方法的卷轴","学习提升阵法","2","161506","使用方法:双击激活元素","","","0","","","","0","","","","","","","","","","","","","","","","","","","","","","","0","0","0","0","0","0"
"111129","96","用于人物提升类的：编号18","ff6ddcf6","4","1158","个","0","90","5500","true","0","0","0","0","0","0","0","false","false","false","0","0","1","1","999","0","0","5000000","染色，九转，回梦丹，海马，改名，玫瑰等","金钱","","0","使用方法：直接获得金钱","","","0","","","","0","","","","","","","","","","","","","","","1","","","","","","","","0","0","0","0","0","0"
"334100","566","九转金丹","ff6ddcf6","4","1218","颗","0","1","7070","true","0","0","0","0","0","0","0","false","false","false","0","0","1","1","99999","0","0","5000000","可在修炼技能界面使用，每次增加10点人物修炼经验。","增加人物修炼经验","","","","","","3","20","","","","","","","","","","","","","","","","","","","","","","","","","","0","0","0","0","0","0"
"334101","550","修炼果","ff6ddcf6","4","1194","颗","0","1","7071","true","0","0","0","0","0","0","0","false","false","false","0","0","1","1","99999","0","0","5000000","可在修炼技能界面使用，每次增加10点宠物修炼经验。","增加宠物修炼经验","","","","","","3","47","","","","","","","","","","","","","","","","","","","","","","","","","","0","0","0","0","0","0"
"335101","4262","小海马","ff6ddcf6","4","1178","只","0","1","7100","true","0","1","0","0","0","0","0","false","false","false","0","0","1","1","99","0","0","5000000","生活在热带及温带深海，使用后回复100活力","回复100活力值","","","","活力","","","","","","","","","","","","","","","","","","","","","1","","","","","","","","0","0","0","0","0","0"
"335102","4262","海马","ff6ddcf6","4","1178","只","0","1","7100","true","0","1","0","0","0","0","0","false","false","false","0","0","1","1","99","0","0","5000000","生活在热带及温带深海，使用后回复500活力","回复500活力值","","","","活力","","","","","","","","","","","","","","","","","","","","","1","","","","","","","","0","0","0","0","0","0"
"336010","4278","回梦丹","ff6ddcf6","4","1190","颗","0","1","5500","true","0","1","0","0","0","0","0","false","false","false","0","0","1","1","99","0","0","5000000","集天地灵气、浴三界之火而成的金丹，使用后增加100点双倍点数。","提高奖励","4","161506","","丹药","","","","","","","","","","","","","","","","","","","","","","","","","","","","","0","0","0","0","0","0"
"338000","4262","心魔宝珠","ff6ddcf6","4","1164","颗","0","1","7100","true","0","0","0","0","0","0","0","false","false","false","0","0","1","1","99","0","0","5000000","汲取野外妖族精华而成的宝珠，蕴涵魔力，能迅速激发人的潜能。使用后获得大量经验，每天最多可使用10个。","打开获得经验","","","","奖励","","","","","","","","","","","","","","","","","","","","","","","","","","","","","0","0","0","0","0","0"
"338001","4518","队长礼包","ff6ddcf6","4","1252","个","0","1","5500","true","0","0","0","0","0","0","0","false","false","false","0","0","1","1","999","0","0","5000000","打开获得经验、概率获得特殊奖励、每日可开启10次。","打开获得奖励","","","","","","","","","","","","","","","","","","","","","","","","","","","","","","","","","0","0","0","0","0","0"
"339000","4534","花豆","ff6ddcf6","4","1227","颗","0","1","7201","true","1","1","0","0","0","0","0","false","false","false","0","0","1","1","99","0","0","5000000","漂亮的染料，可以改变人物头发和服饰颜色。","人物染色","","","","","","3","51","","","","","","","","","","","","","","","","","","1","30","","","","","","","0","0","0","0","0","0"
"339001","4534","彩果","ff6ddcf6","4","1225","颗","0","1","7200","true","1","1","0","0","0","0","0","false","false","false","0","0","1","1","99","0","0","5000000","非常难得的染色材料，能够改变人物头发和服饰的颜色。","人物染色","4","161506","","","","3","51","","","","","","","","","","","","","","","","","","1","30","","","","","","","0","0","0","0","0","0"
"339002","4550","幻色丹","ff6ddcf6","4","1073","颗","0","1","7203","true","1","1","0","0","0","0","0","false","false","false","0","0","1","1","99","0","0","5000000","漂亮的宠物染料，使用后可以让变异宠物变为不同的颜色。","宠物染色","4","161506","","","","3","51","","","","","","","","","","","","","","","","","","1","30","","","","","","","0","0","0","0","0","0"
"339003","4550","超级幻色丹","ff6ddcf6","4","1074","个","0","1","7202","true","0","0","0","0","0","0","0","false","false","false","0","0","1","1","99","0","0","5000000","神奇的宠物染色材料，可以改变非变异宝宝的颜色。","宠物染色","","","","","","1","161516","","","","","","","","","","","","","","","","","","1","30","","","","","","","0","0","0","0","0","0"
"337944","4614","改名卡","ff6ddcf6","4","1836","张","0","1","7503","true","0","1","0","0","0","0","0","false","false","false","0","0","1","1","99","0","0","5000000","您对现在的名字不满意吗？用它就能换个称心如意的好名字。小伙伴们快行动吧！","修改角色昵称","","","","","","","","","","","","","","","","","","","","","","","","","","","","","","","","","0","0","0","0","0","0"
"339103","4630","玫瑰花","ff6ddcf6","4","1165","朵","0","1","7506","true","1","1","0","0","0","0","0","false","false","false","0","0","1","1","99","0","0","5000000","赠送异性好友可增加99点好友度","好友赠送物品","4","161506","","","","3","65","","","","","","","","","","","","","","","","","","1","30","","","","","","","0","0","0","0","0","0"
"339104","4630","金兰花","ff6ddcf6","4","1176","朵","0","1","7505","true","1","1","0","0","0","0","0","false","false","false","0","0","1","1","99","0","0","5000000","赠送同性好友可增加99点好友度","好友赠送物品","4","161506","","","","3","65","","","","","","","","","","","","","","","","","","1","30","","","","","","","0","0","0","0","0","0"
"340039","4262","1万经验","ff6ddcf6","4","1177","个","0","1","7100","true","0","0","0","0","0","0","0","false","false","false","0","0","1","1","100","0","0","5000000","获得10000经验","经验","","0","使用方法：直接获得经验","","","0","","","","0","","","","","","","","","","","","","","","1","","","","","","","","0","0","0","0","0","0"
"339004","4262","锦衣兑换卡","ff6ddcf6","4","896","个","0","1","7100","true","0","0","0","0","0","0","0","false","false","false","0","0","1","1","999","0","0","5000000","凑齐10个可以在锦衣商城兑换自己喜欢的锦衣","","","","","锦衣","","3","85","","","","","","","","","","","","","","","","","","","","","","","","","","0","0","0","0","0","0"
"339005","4262","20万经验","ff6ddcf6","4","1177","个","0","1","7100","true","0","0","0","0","0","0","0","false","false","false","0","0","1","1","100","0","0","5000000","获得200000经验","经验","","0","使用方法：直接获得经验","","","0","","","","0","","","","","","","","","","","","","","","1","","","","","","","","0","0","0","0","0","0"
"339006","4262","100万经验","ff6ddcf6","4","1177","个","0","1","7100","true","0","0","0","0","0","0","0","false","false","false","0","0","1","1","100","0","0","5000000","获得1000000经验","经验","","0","使用方法：直接获得经验","","","0","","","","0","","","","","","","","","","","","","","","1","","","","","","","","0","0","0","0","0","0"
"339007","4262","1000万经验","ff6ddcf6","4","1177","个","0","1","7100","true","0","0","0","0","0","0","0","false","false","false","0","0","1","1","100","0","0","5000000","获得10000000经验","经验","","0","使用方法：直接获得经验","","","0","","","","0","","","","","","","","","","","","","","","1","","","","","","","","0","0","0","0","0","0"
"339008","2470","梦幻碎片","ff6ddcf6","4","1123","块","0","1","5600","true","0","1","0","0","0","0","0","false","false","false","0","0","1","1","999","0","0","5000000","周卡每日签到获得，集齐20张可在周卡处兑换宠物。","梦幻碎片","4","161506","商店签到","梦幻碎片","","","","","","0","","","","","4","5","","","","","","","","","1","","","","","","","","0","0","0","0","0","0"
"339009","2470","周卡兑换券","ff6ddcf6","4","1127","块","0","1","5600","true","0","1","0","0","0","0","0","false","false","false","0","0","1","1","999","0","0","5000000","用于兑换特殊周卡奖励","兑换道具","4","161506","商店兑换","周卡兑换券","","","","","","0","","","","","4","5","","","","","","","","","1","","","","","","","","0","0","0","0","0","0"
"111130","96","下面是变身卡：编号19","ff6ddcf6","4","1158","个","0","90","5500","true","0","0","0","0","0","0","0","false","false","false","0","0","1","1","999","0","0","5000000","添加新的变身卡时需要根据序号排序","金钱","","0","使用方法：直接获得金钱","","","0","","","","0","","","","","","","","","","","","","","","1","","","","","","","","0","0","0","0","0","0"
"610000","3734","惠岸行者变身卡","ff6ddcf6","5","834","张","0","1","8800","true","1","1","0","0","0","0","0","false","false","false","0","0","1","1","999","0","0","0","<T t=""变身卡效果"" c=""FFFFF2DF"" f=""simhei-11""></T><B></B><T t=""1、"" c=""FFFFF2DF"" f=""simhei-11""></T><T t=""气血+193"" c=""FF33FF00"" f=""simhei-11""></T>","一级变身卡","","","","","","","","","","","","","","","","","","","","","","","","1","1","7","","","","","","","0","0","0","0","0","0"
"610001","3734","铁扇公主变身卡","ff6ddcf6","5","863","张","0","1","8800","true","1","1","0","0","0","0","0","false","false","false","0","0","1","1","999","0","0","0","<T t=""变身卡效果"" c=""FFFFF2DF"" f=""simhei-11""></T><B></B><T t=""1、"" c=""FFFFF2DF"" f=""simhei-11""></T><T t=""法术伤害+32"" c=""FF33FF00"" f=""simhei-11""></T>","一级变身卡","","","","","","","","","","","","","","","","","","","","","","","","1","1","7","","","","","","","0","0","0","0","0","0"
"610002","3734","大当家变身卡","ff6ddcf6","5","839","张","0","1","8800","true","1","1","0","0","0","0","0","false","false","false","0","0","1","1","999","0","0","0","<T t=""变身卡效果"" c=""FFFFF2DF"" f=""simhei-11""></T><B></B><T t=""1、"" c=""FFFFF2DF"" f=""simhei-11""></T><T t=""物理攻击+45"" c=""FF33FF00"" f=""simhei-11""></T>","一级变身卡","","","","","","","","","","","","","","","","","","","","","","","","1","1","7","","","","","","","0","0","0","0","0","0"
"610003","3734","黑无常变身卡","ff6ddcf6","5","877","张","0","1","8800","true","1","1","0","0","0","0","0","false","false","false","0","0","1","1","999","0","0","0","<T t=""变身卡效果"" c=""FFFFF2DF"" f=""simhei-11""></T><B></B><T t=""1、"" c=""FFFFF2DF"" f=""simhei-11""></T><T t=""气血+497"" c=""FF33FF00"" f=""simhei-11""></T>","三级变身卡","","","","","","","","","","","","","","","","","","","","","","","","1","1","7","","","","","","","0","0","0","0","0","0"
"610004","3734","小白龙变身卡","ff6ddcf6","5","836","张","0","1","8800","true","1","1","0","0","0","0","0","false","false","false","0","0","1","1","999","0","0","0","<T t=""变身卡效果"" c=""FFFFF2DF"" f=""simhei-11""></T><B></B><T t=""1、"" c=""FFFFF2DF"" f=""simhei-11""></T><T t=""法术伤害+69"" c=""FF33FF00"" f=""simhei-11""></T>","三级变身卡","","","","","","","","","","","","","","","","","","","","","","","","1","1","7","","","","","","","0","0","0","0","0","0"
"610005","3734","猪八戒变身卡","ff6ddcf6","5","838","张","0","1","8800","true","1","1","0","0","0","0","0","false","false","false","0","0","1","1","999","0","0","0","<T t=""变身卡效果"" c=""FFFFF2DF"" f=""simhei-11""></T><B></B><T t=""1、"" c=""FFFFF2DF"" f=""simhei-11""></T><T t=""物理攻击+85"" c=""FF33FF00"" f=""simhei-11""></T>","三级变身卡","","","","","","","","","","","","","","","","","","","","","","","","1","1","7","","","","","","","0","0","0","0","0","0"
"610006","3734","白象王变身卡","ff6ddcf6","5","844","张","0","1","8800","true","1","1","0","0","0","0","0","false","false","false","0","0","1","1","999","0","0","0","<T t=""变身卡效果"" c=""FFFFF2DF"" f=""simhei-11""></T><B></B><T t=""1、"" c=""FFFFF2DF"" f=""simhei-11""></T><T t=""物理伤害+85"" c=""FF33FF00"" f=""simhei-11""></T><B></B><T t=""2、"" c=""FFFFF2DF"" f=""simhei-11""></T><T t=""物理暴击+4%"" c=""FF33FF00"" f=""simhei-11""></T>","五级变身卡","","","","","","","","","","","","","","","","","","","","","","","","1","1","7","","","","","","","0","0","0","0","0","0"
"610007","3734","唐僧变身卡","ff6ddcf6","5","853","张","0","1","8800","true","1","1","0","0","0","0","0","false","false","false","0","0","1","1","999","0","0","0","<T t=""变身卡效果"" c=""FFFFF2DF"" f=""simhei-11""></T><B></B><T t=""1、"" c=""FFFFF2DF"" f=""simhei-11""></T><T t=""气血+497"" c=""FF33FF00"" f=""simhei-11""></T><B></B><T t=""2、"" c=""FFFFF2DF"" f=""simhei-11""></T><T t=""防御+110"" c=""FF33FF00"" f=""simhei-11""></T>","五级变身卡","","","","","","","","","","","","","","","","","","","","","","","","1","1","7","","","","","","","0","0","0","0","0","0"
"610008","3734","紫霞仙子变身卡","ff6ddcf6","5","857","张","0","1","8800","true","1","1","0","0","0","0","0","false","false","false","0","0","1","1","999","0","0","0","<T t=""变身卡效果"" c=""FFFFF2DF"" f=""simhei-11""></T><B></B><T t=""1、"" c=""FFFFF2DF"" f=""simhei-11""></T><T t=""速度+64"" c=""FF33FF00"" f=""simhei-11""></T><B></B><T t=""2、"" c=""FFFFF2DF"" f=""simhei-11""></T><T t=""封印命中+72"" c=""FF33FF00"" f=""simhei-11""></T>","五级变身卡","","","","","","","","","","","","","","","","","","","","","","","","1","1","7","","","","","","","0","0","0","0","0","0"
"610009","3734","嫦娥变身卡","ff6ddcf6","5","871","张","0","1","8800","true","1","1","0","0","0","0","0","false","false","false","0","0","1","1","999","0","0","0","<T t=""变身卡效果"" c=""FFFFF2DF"" f=""simhei-11""></T><B></B><T t=""1、"" c=""FFFFF2DF"" f=""simhei-11""></T><T t=""法术伤害+63"" c=""FF33FF00"" f=""simhei-11""></T><B></B><T t=""2、"" c=""FFFFF2DF"" f=""simhei-11""></T><T t=""法术暴击+4%"" c=""FF33FF00"" f=""simhei-11""></T>","五级变身卡","","","","","","","","","","","","","","","","","","","","","","","","1","1","7","","","","","","","0","0","0","0","0","0"
"610010","3734","阎罗王变身卡","ff6ddcf6","5","851","张","0","1","8800","true","1","1","0","0","0","0","0","false","false","false","0","0","1","1","999","0","0","0","<T t=""变身卡效果"" c=""FFFFF2DF"" f=""simhei-11""></T><B></B><T t=""1、"" c=""FFFFF2DF"" f=""simhei-11""></T><T t=""气血+497"" c=""FF33FF00"" f=""simhei-11""></T><B></B><T t=""2、"" c=""FFFFF2DF"" f=""simhei-11""></T><T t=""治疗强度+96"" c=""FF33FF00"" f=""simhei-11""></T>","五级变身卡","","","","","","","","","","","","","","","","","","","","","","","","1","1","7","","","","","","","0","0","0","0","0","0"
"610011","3734","挽歌公主变身卡","ff6ddcf6","5","833","张","0","1","8800","true","1","1","0","0","0","0","0","false","false","false","0","0","1","1","999","0","0","0","<T t=""变身卡效果"" c=""FFFFF2DF"" f=""simhei-11""></T><B></B><T t=""1、"" c=""FFFFF2DF"" f=""simhei-11""></T><T t=""气血+755"" c=""FF33FF00"" f=""simhei-11""></T><B></B><T t=""2、"" c=""FFFFF2DF"" f=""simhei-11""></T><T t=""治疗强度+145"" c=""FF33FF00"" f=""simhei-11""></T><B></B><T t=""3、"" c=""FFFFF2DF"" f=""simhei-11""></T><T t=""附加技能："" c=""FFFFF2DF"" f=""simhei-11""></T><T t=""反震"" c=""FFFF0000"" f=""simhei-11""></T>","七级变身卡","","","","","","","","","","","","","","","","","","","","","","","","1","1","7","","","","","","","0","0","0","0","0","0"
"610012","3734","大鹏王变身卡","ff6ddcf6","5","840","张","0","1","8800","true","1","1","0","0","0","0","0","false","false","false","0","0","1","1","999","0","0","0","<T t=""变身卡效果"" c=""FFFFF2DF"" f=""simhei-11""></T><B></B><T t=""1、"" c=""FFFFF2DF"" f=""simhei-11""></T><T t=""物理伤害+138"" c=""FF33FF00"" f=""simhei-11""></T><B></B><T t=""2、"" c=""FFFFF2DF"" f=""simhei-11""></T><T t=""物理暴击+10%"" c=""FF33FF00"" f=""simhei-11""></T><B></B><T t=""3、"" c=""FFFFF2DF"" f=""simhei-11""></T><T t=""附加技能："" c=""FFFFF2DF"" f=""simhei-11""></T><T t=""驱鬼"" c=""FFFF0000"" f=""simhei-11""></T>","七级变身卡","","","","","","","","","","","","","","","","","","","","","","","","1","1","7","","","","","","","0","0","0","0","0","0"
"610013","3734","镇元子卡","ff6ddcf6","5","879","张","0","1","8800","true","1","1","0","0","0","0","0","false","false","false","0","0","1","1","999","0","0","0","<T t=""变身卡效果"" c=""FFFFF2DF"" f=""simhei-11""></T><B></B><T t=""1、"" c=""FFFFF2DF"" f=""simhei-11""></T><T t=""速度+98"" c=""FF33FF00"" f=""simhei-11""></T><B></B><T t=""2、"" c=""FFFFF2DF"" f=""simhei-11""></T><T t=""封印命中+115"" c=""FF33FF00"" f=""simhei-11""></T><B></B><T t=""3、"" c=""FFFFF2DF"" f=""simhei-11""></T><T t=""附加技能："" c=""FFFFF2DF"" f=""simhei-11""></T><T t=""敏捷"" c=""FFFF0000"" f=""simhei-11""></T>","七级变身卡","","","","","","","","","","","","","","","","","","","","","","","","1","1","7","","","","","","","0","0","0","0","0","0"
"610014","3734","红孩儿变身卡","ff6ddcf6","5","864","张","0","1","8800","true","1","1","0","0","0","0","0","false","false","false","0","0","1","1","999","0","0","0","<T t=""变身卡效果"" c=""FFFFF2DF"" f=""simhei-11""></T><B></B><T t=""1、"" c=""FFFFF2DF"" f=""simhei-11""></T><T t=""法术伤害+103"" c=""FF33FF00"" f=""simhei-11""></T><B></B><T t=""2、"" c=""FFFFF2DF"" f=""simhei-11""></T><T t=""法术暴击+10%"" c=""FF33FF00"" f=""simhei-11""></T><B></B><T t=""3、"" c=""FFFFF2DF"" f=""simhei-11""></T><T t=""附加技能："" c=""FFFFF2DF"" f=""simhei-11""></T><T t=""感知"" c=""FFFF0000"" f=""simhei-11""></T>","七级变身卡","","","","","","","","","","","","","","","","","","","","","","","","1","1","7","","","","","","","0","0","0","0","0","0"
"610015","3734","北海龙王变身卡","ff6ddcf6","5","842","张","0","1","8800","true","1","1","0","0","0","0","0","false","false","false","0","0","1","1","999","0","0","0","<T t=""变身卡效果"" c=""FFFFF2DF"" f=""simhei-11""></T><B></B><T t=""1、"" c=""FFFFF2DF"" f=""simhei-11""></T><T t=""法术伤害+103"" c=""FF33FF00"" f=""simhei-11""></T><B></B><T t=""2、"" c=""FFFFF2DF"" f=""simhei-11""></T><T t=""法术连击+8%"" c=""FF33FF00"" f=""simhei-11""></T><B></B><T t=""3、"" c=""FFFFF2DF"" f=""simhei-11""></T><T t=""附加技能："" c=""FFFFF2DF"" f=""simhei-11""></T><T t=""招架"" c=""FFFF0000"" f=""simhei-11""></T>","七级变身卡","","","","","","","","","","","","","","","","","","","","","","","","1","1","7","","","","","","","0","0","0","0","0","0"
"610016","3734","空度禅师变身卡","ff6ddcf6","5","870","张","0","1","8800","true","1","1","0","0","0","0","0","false","false","false","0","0","1","1","999","0","0","0","<T t=""变身卡效果"" c=""FFFFF2DF"" f=""simhei-11""></T><B></B><T t=""1、"" c=""FFFFF2DF"" f=""simhei-11""></T><T t=""气血+755"" c=""FF33FF00"" f=""simhei-11""></T><B></B><T t=""2、"" c=""FFFFF2DF"" f=""simhei-11""></T><T t=""治疗强度+145"" c=""FF33FF00"" f=""simhei-11""></T><B></B><T t=""3、"" c=""FFFFF2DF"" f=""simhei-11""></T><T t=""附加技能："" c=""FFFFF2DF"" f=""simhei-11""></T><T t=""高级反震"" c=""FFFF0000"" f=""simhei-11""></T>","九级变身卡","","","","","","","","","","","","","","","","","","","","","","","","1","1","7","","","","","","","0","0","0","0","0","0"
"610017","3734","牛魔王变身卡","ff6ddcf6","5","863","张","0","1","8800","true","1","1","0","0","0","0","0","false","false","false","0","0","1","1","999","0","0","0","<T t=""变身卡效果"" c=""FFFFF2DF"" f=""simhei-11""></T><B></B><T t=""1、"" c=""FFFFF2DF"" f=""simhei-11""></T><T t=""法术伤害+103"" c=""FF33FF00"" f=""simhei-11""></T><B></B><T t=""2、"" c=""FFFFF2DF"" f=""simhei-11""></T><T t=""法术暴击+10%"" c=""FF33FF00"" f=""simhei-11""></T><B></B><T t=""3、"" c=""FFFFF2DF"" f=""simhei-11""></T><T t=""附加技能："" c=""FFFFF2DF"" f=""simhei-11""></T><T t=""高级驱鬼"" c=""FFFF0000"" f=""simhei-11""></T>","九级变身卡","","","","","","","","","","","","","","","","","","","","","","","","1","1","7","","","","","","","0","0","0","0","0","0"
"610018","3734","东海龙王变身卡","ff6ddcf6","5","842","张","0","1","8800","true","1","1","0","0","0","0","0","false","false","false","0","0","1","1","999","0","0","0","<T t=""变身卡效果"" c=""FFFFF2DF"" f=""simhei-11""></T><B></B><T t=""1、"" c=""FFFFF2DF"" f=""simhei-11""></T><T t=""法术伤害+103"" c=""FF33FF00"" f=""simhei-11""></T><B></B><T t=""2、"" c=""FFFFF2DF"" f=""simhei-11""></T><T t=""法术暴击+8%"" c=""FF33FF00"" f=""simhei-11""></T><B></B><T t=""3、"" c=""FFFFF2DF"" f=""simhei-11""></T><T t=""附加技能："" c=""FFFFF2DF"" f=""simhei-11""></T><T t=""高级感知"" c=""FFFF0000"" f=""simhei-11""></T>","九级变身卡","","","","","","","","","","","","","","","","","","","","","","","","1","1","7","","","","","","","0","0","0","0","0","0"
"610019","3734","杨戬变身卡","ff6ddcf6","5","847","张","0","1","8800","true","1","1","0","0","0","0","0","false","false","false","0","0","1","1","999","0","0","0","<T t=""变身卡效果"" c=""FFFFF2DF"" f=""simhei-11""></T><B></B><T t=""1、"" c=""FFFFF2DF"" f=""simhei-11""></T><T t=""物理伤害+138"" c=""FF33FF00"" f=""simhei-11""></T><B></B><T t=""2、"" c=""FFFFF2DF"" f=""simhei-11""></T><T t=""伤害结果+10%"" c=""FF33FF00"" f=""simhei-11""></T><B></B><T t=""3、"" c=""FFFFF2DF"" f=""simhei-11""></T><T t=""附加技能："" c=""FFFFF2DF"" f=""simhei-11""></T><T t=""高级感知"" c=""FFFF0000"" f=""simhei-11""></T>","九级变身卡","","","","","","","","","","","","","","","","","","","","","","","","1","1","7","","","","","","","0","0","0","0","0","0"
"610020","3734","观音菩萨变身卡","ff6ddcf6","5","859","张","0","1","8800","true","1","1","0","0","0","0","0","false","false","false","0","0","1","1","999","0","0","0","<T t=""变身卡效果"" c=""FFFFF2DF"" f=""simhei-11""></T><B></B><T t=""1、"" c=""FFFFF2DF"" f=""simhei-11""></T><T t=""气血+755"" c=""FF33FF00"" f=""simhei-11""></T><B></B><T t=""2、"" c=""FFFFF2DF"" f=""simhei-11""></T><T t=""治疗强度+145"" c=""FF33FF00"" f=""simhei-11""></T><B></B><T t=""3、"" c=""FFFFF2DF"" f=""simhei-11""></T><T t=""附加技能："" c=""FFFFF2DF"" f=""simhei-11""></T><T t=""高级招架"" c=""FFFF0000"" f=""simhei-11""></T>","九级变身卡","","","","","","","","","","","","","","","","","","","","","","","","1","1","7","","","","","","","0","0","0","0","0","0"
"610021","3734","地藏菩萨变身卡","ff6ddcf6","5","850","张","0","1","8800","true","1","1","0","0","0","0","0","false","false","false","0","0","1","1","999","0","0","0","<T t=""变身卡效果"" c=""FFFFF2DF"" f=""simhei-11""></T><B></B><T t=""1、"" c=""FFFFF2DF"" f=""simhei-11""></T><T t=""气血+755"" c=""FF33FF00"" f=""simhei-11""></T><B></B><T t=""2、"" c=""FFFFF2DF"" f=""simhei-11""></T><T t=""防御+198"" c=""FF33FF00"" f=""simhei-11""></T><B></B><T t=""3、"" c=""FFFFF2DF"" f=""simhei-11""></T><T t=""附加技能："" c=""FFFFF2DF"" f=""simhei-11""></T><T t=""高级幸运"" c=""FFFF0000"" f=""simhei-11""></T>","九级变身卡","","","","","","","","","","","","","","","","","","","","","","","","1","1","7","","","","","","","0","0","0","0","0","0"
"610022","3734","九灵元圣变身卡","ff6ddcf6","5","845","张","0","1","8800","true","1","1","0","0","0","0","0","false","false","false","0","0","1","1","999","0","0","0","<T t=""变身卡效果"" c=""FFFFF2DF"" f=""simhei-11""></T><B></B><T t=""1、"" c=""FFFFF2DF"" f=""simhei-11""></T><T t=""物理伤害+138"" c=""FF33FF00"" f=""simhei-11""></T><B></B><T t=""2、"" c=""FFFFF2DF"" f=""simhei-11""></T><T t=""物理暴击+10%"" c=""FF33FF00"" f=""simhei-11""></T><B></B><T t=""3、"" c=""FFFFF2DF"" f=""simhei-11""></T><T t=""附加技能："" c=""FFFFF2DF"" f=""simhei-11""></T><T t=""高级驱鬼"" c=""FFFF0000"" f=""simhei-11""></T>","九级变身卡","","","","","","","","","","","","","","","","","","","","","","","","1","1","7","","","","","","","0","0","0","0","0","0"
"610023","3734","李天王变身卡","ff6ddcf6","5","846","张","0","1","8800","true","1","1","0","0","0","0","0","false","false","false","0","0","1","1","999","0","0","0","<T t=""变身卡效果"" c=""FFFFF2DF"" f=""simhei-11""></T><B></B><T t=""1、"" c=""FFFFF2DF"" f=""simhei-11""></T><T t=""物理伤害+138"" c=""FF33FF00"" f=""simhei-11""></T><B></B><T t=""2、"" c=""FFFFF2DF"" f=""simhei-11""></T><T t=""伤害结果+10%"" c=""FF33FF00"" f=""simhei-11""></T><B></B><T t=""3、"" c=""FFFFF2DF"" f=""simhei-11""></T><T t=""附加技能："" c=""FFFFF2DF"" f=""simhei-11""></T><T t=""高级驱鬼"" c=""FFFF0000"" f=""simhei-11""></T>","九级变身卡","","","","","","","","","","","","","","","","","","","","","","","","1","1","7","","","","","","","0","0","0","0","0","0"
"610024","3734","太白金星变身卡","ff6ddcf6","5","849","张","0","1","8800","true","1","1","0","0","0","0","0","false","false","false","0","0","1","1","999","0","0","0","<T t=""变身卡效果"" c=""FFFFF2DF"" f=""simhei-11""></T><B></B><T t=""1、"" c=""FFFFF2DF"" f=""simhei-11""></T><T t=""速度+98"" c=""FF33FF00"" f=""simhei-11""></T><B></B><T t=""2、"" c=""FFFFF2DF"" f=""simhei-11""></T><T t=""封印命中+115"" c=""FF33FF00"" f=""simhei-11""></T><B></B><T t=""3、"" c=""FFFFF2DF"" f=""simhei-11""></T><T t=""附加技能："" c=""FFFFF2DF"" f=""simhei-11""></T><T t=""高级敏捷"" c=""FFFF0000"" f=""simhei-11""></T>","九级变身卡","","","","","","","","","","","","","","","","","","","","","","","","1","1","7","","","","","","","0","0","0","0","0","0"
"610025","3734","孙悟空变身卡","ff6ddcf6","5","848","张","0","1","8800","true","1","1","0","0","0","0","0","false","false","false","0","0","1","1","999","0","0","0","<T t=""变身卡效果"" c=""FFFFF2DF"" f=""simhei-11""></T><B></B><T t=""1、"" c=""FFFFF2DF"" f=""simhei-11""></T><T t=""物理伤害+138"" c=""FF33FF00"" f=""simhei-11""></T><B></B><T t=""2、"" c=""FFFFF2DF"" f=""simhei-11""></T><T t=""物理暴击+10%"" c=""FF33FF00"" f=""simhei-11""></T><B></B><T t=""3、"" c=""FFFFF2DF"" f=""simhei-11""></T><T t=""附加技能："" c=""FFFFF2DF"" f=""simhei-11""></T><T t=""高级感知"" c=""FFFF0000"" f=""simhei-11""></T>","九级变身卡","","","","","","","","","","","","","","","","","","","","","","","","1","1","7","","","","","","","0","0","0","0","0","0"
"610026","3734","青莲仙女卡","ff6ddcf6","5","851","张","0","1","8800","true","1","0","0","0","0","0","0","false","false","false","0","0","1","1","999","0","0","0","变身该形象，获取被动效果①治疗强度+3%②法术防御-5%","九级变身卡","","","","","","","","","","","","","","","","","","","","","","","","1","1","","","","","","","","0","0","0","0","0","0"
"610027","3734","地藏菩萨卡","ff6ddcf6","5","850","张","0","1","8800","true","1","0","0","0","0","0","0","false","false","false","0","0","1","1","999","0","0","0","变身该形象，获取被动效果①治疗强度+5%②法术防御-10%","使用后变身能力提升","","","","","","","","","","","","","","","","","","","","","","","","1","1","","","","","","","","0","0","0","0","0","0"
"610029","3734","蝎子精卡","ff6ddcf6","5","858","张","0","1","8800","true","1","0","0","0","0","0","0","false","false","false","0","0","1","1","999","0","0","0","变身该形象，获取被动效果①治疗强度+7%②法术防御-15%","使用后变身能力提升","","","","","","","","","","","","","","","","","","","","","","","","1","1","","","","","","","","0","0","0","0","0","0"
"610030","3734","菩提老祖卡","ff6ddcf6","5","852","张","0","1","8800","true","1","0","0","0","0","0","0","false","false","false","0","0","1","1","999","0","0","0","变身该形象，获取被动效果①治疗强度+9%②法术防御-20%","使用后变身能力提升","","","","","","","","","","","","","","","","","","","","","","","","1","1","","","","","","","","0","0","0","0","0","0"
"610031","3734","太白金星卡","ff6ddcf6","5","849","张","0","1","8800","true","1","0","0","0","0","0","0","false","false","false","0","0","1","1","999","0","0","0","变身该形象，获取被动效果①治疗强度+11%②法术防御-25%","使用后变身能力提升","","","","","","","","","","","","","","","","","","","","","","","","1","1","","","","","","","","0","0","0","0","0","0"
"610032","3734","飞霞卡","ff6ddcf6","5","857","张","0","1","8800","true","1","0","0","0","0","0","0","false","false","false","0","0","1","1","999","0","0","0","变身该形象，获取被动效果①治疗强度+5%②防御-5%.法术防御-5%","使用后变身能力提升","","","","","","","","","","","","","","","","","","","","","","","","1","1","","","","","","","","0","0","0","0","0","0"
"610033","3734","白无常卡","ff6ddcf6","5","880","张","0","1","8800","true","1","0","0","0","0","0","0","false","false","false","0","0","1","1","999","0","0","0","变身该形象，获取被动效果①治疗强度+10%②防御-10%.法术防御-10%","使用后变身能力提升","","","","","","","","","","","","","","","","","","","","","","","","1","1","","","","","","","","0","0","0","0","0","0"
"610034","3734","镇元子卡","ff6ddcf6","5","879","张","0","1","8800","true","1","0","0","0","0","0","0","false","false","false","0","0","1","1","999","0","0","0","变身该形象，获取被动效果①封印+50②防御-5%","使用后变身能力提升","","","","","","","","","","","","","","","","","","","","","","","","1","1","","","","","","","","0","0","0","0","0","0"
"610035","3734","沙和尚卡","ff6ddcf6","5","878","张","0","1","8800","true","1","0","0","0","0","0","0","false","false","false","0","0","1","1","999","0","0","0","变身该形象，获取被动效果①封印+100②防御-10%","使用后变身能力提升","","","","","","","","","","","","","","","","","","","","","","","","1","1","","","","","","","","0","0","0","0","0","0"
"610036","3734","黑无常卡","ff6ddcf6","5","877","张","0","1","8800","true","1","0","0","0","0","0","0","false","false","false","0","0","1","1","999","0","0","0","变身该形象，获取被动效果①封印+150②防御-15%","使用后变身能力提升","","","","","","","","","","","","","","","","","","","","","","","","1","1","","","","","","","","0","0","0","0","0","0"
"610037","3734","玉面狐狸卡","ff6ddcf6","5","876","张","0","1","8800","true","1","0","0","0","0","0","0","false","false","false","0","0","1","1","999","0","0","0","变身该形象，获取被动效果①封印+200②防御-20%","使用后变身能力提升","","","","","","","","","","","","","","","","","","","","","","","","1","1","","","","","","","","0","0","0","0","0","0"
"610038","3734","老鼠精卡","ff6ddcf6","5","872","张","0","1","8800","true","1","0","0","0","0","0","0","false","false","false","0","0","1","1","999","0","0","0","变身该形象，获取被动效果①封印+3%②防御-5%","使用后变身能力提升","","","","","","","","","","","","","","","","","","","","","","","","1","1","","","","","","","","0","0","0","0","0","0"
"610039","3734","晚歌公主卡","ff6ddcf6","5","871","张","0","1","8800","true","1","0","0","0","0","0","0","false","false","false","0","0","1","1","999","0","0","0","变身该形象，获取被动效果①封印+5%②防御-10%","使用后变身能力提升","","","","","","","","","","","","","","","","","","","","","","","","1","1","","","","","","","","0","0","0","0","0","0"
"610040","3734","空度禅师卡","ff6ddcf6","5","870","张","0","1","8800","true","1","0","0","0","0","0","0","false","false","false","0","0","1","1","999","0","0","0","变身该形象，获取被动效果①封印+7%②防御-15%","使用后变身能力提升","","","","","","","","","","","","","","","","","","","","","","","","1","1","","","","","","","","0","0","0","0","0","0"
"610041","3734","孙婆婆卡","ff6ddcf6","5","875","张","0","1","8800","true","1","0","0","0","0","0","0","false","false","false","0","0","1","1","999","0","0","0","变身该形象，获取被动效果①封印+9%②防御-20%","使用后变身能力提升","","","","","","","","","","","","","","","","","","","","","","","","1","1","","","","","","","","0","0","0","0","0","0"
"610042","3734","月灵卡","ff6ddcf6","5","869","张","0","1","8800","true","1","0","0","0","0","0","0","false","false","false","0","0","1","1","999","0","0","0","变身该形象，获取被动效果①封印+11%②防御-25%","使用后变身能力提升","","","","","","","","","","","","","","","","","","","","","","","","1","1","","","","","","","","0","0","0","0","0","0"
"610043","3734","黄眉卡","ff6ddcf6","5","867","张","0","1","8800","true","1","0","0","0","0","0","0","false","false","false","0","0","1","1","999","0","0","0","变身该形象，获取被动效果①封印+5%②防御-5%.法术防御-5%","使用后变身能力提升","","","","","","","","","","","","","","","","","","","","","","","","1","1","","","","","","","","0","0","0","0","0","0"
"610044","3734","杏林仙卡","ff6ddcf6","5","866","张","0","1","8800","true","1","0","0","0","0","0","0","false","false","false","0","0","1","1","999","0","0","0","变身该形象，获取被动效果①封印+10%②防御-10%.法术防御-10%","使用后变身能力提升","","","","","","","","","","","","","","","","","","","","","","","","1","1","","","","","","","","0","0","0","0","0","0"
"610045","3734","法明长老卡","ff6ddcf6","5","874","张","0","1","8800","true","1","0","0","0","0","0","0","false","false","false","0","0","1","1","999","0","0","0","变身该形象，获取被动效果①物理暴击+10%②血量-10%.速度-10%","使用后变身能力提升","","","","","","","","","","","","","","","","","","","","","","","","1","1","","","","","","","","0","0","0","0","0","0"
"610046","3734","程咬金卡","ff6ddcf6","5","868","张","0","1","8800","true","1","0","0","0","0","0","0","false","false","false","0","0","1","1","999","0","0","0","变身该形象，获取被动效果①法术暴击+10%②血量-10%.速度-10%","使用后变身能力提升","","","","","","","","","","","","","","","","","","","","","","","","1","1","","","","","","","","0","0","0","0","0","0"
"640190","3734","取消变身卡","ff6ddcf6","5","1183","张","0","1","8800","true","1","0","0","0","0","0","0","false","false","false","0","0","1","1","999","0","0","0","取消变身","取消变身","","","","","","","","","","","","","","","","","","","","","","","","1","1","","","","","","","","0","0","0","0","0","0"
"640191","4262","随机变身卡包（小）","ff6ddcf6","4","737","个","0","1","7100","true","0","0","0","0","0","0","0","false","false","false","0","0","1","1","999","0","0","0","打开可以随机获得1-5级变身卡一张。","打开获得变身卡","","","","礼包","","","","","","","","","","","","","","","","","","","","","1","","","","","","","","0","0","0","0","0","0"
"640192","4262","随机变身卡包（大）","ff6ddcf6","4","737","个","0","1","7100","true","0","0","0","0","0","0","0","false","false","false","0","0","1","1","999","0","0","0","打开可以随机获得7-9级变身卡一张。","打开获得变身卡","","","","礼包","","","","","","","","","","","","","","","","","","","","","1","","","","","","","","0","0","0","0","0","0"
"111131","96","下面是装备进阶培养等材料：编号20","ff6ddcf6","4","1158","个","0","90","5500","true","0","0","0","0","0","0","0","false","false","false","0","0","1","1","999","0","0","5000000","每个品类需要控制在100以内，序号顺序要整洁","金钱","","0","使用方法：直接获得金钱","","","0","","","","0","","","","","","","","","","","","","","","1","","","","","","","","0","0","0","0","0","0"
"680000","4694","熔炼石：编号001","ff6ddcf6","5","1278","个","0","1","7502","true","1","1","0","0","0","0","0","false","false","false","0","0","1","1","1","0","0","5000000","用于装备熔炼","装备熔炼","","","","","","3","","","","","","","","","2","7","","","","","","","","1","1","30","","","","","","","0","0","0","0","0","0"
"680001","4694","60级•钨金","ff6ddcf6","5","1278","个","0","1","7502","true","1","1","0","0","0","0","0","false","false","false","0","0","9999","1","99999","0","0","5000000","<T t=""等级：60级"" c=""FFFFFF00"" f=""simhei-11""></T><B></B><T t=""一种十分稀有的矿产，其坚硬的性能受到广大铸造师们的喜爱，是熔炼装备的主要配料。熔炼需要钨金等级不低于装备等级。"" c=""fffff2df"" f=""simhei-11""></T>","装备熔炼","","","","钨金","","3","7","","","","","","","","2","4","7","","","","","","","0","","7","","","","","","当前熔炼的装备所需：","0","0","0","0","0","0"
"680002","4694","70级•钨金","ff6ddcf6","5","1278","个","0","1","7502","true","1","1","0","0","0","0","0","false","false","false","0","0","9999","1","99999","0","0","5000000","<T t=""等级：70级"" c=""FFFFFF00"" f=""simhei-11""></T><B></B><T t=""一种十分稀有的矿产，其坚硬的性能受到广大铸造师们的喜爱，是熔炼装备的主要配料。熔炼需要钨金等级不低于装备等级。"" c=""fffff2df"" f=""simhei-11""></T>","装备熔炼","","","","钨金","","3","7","","","","","","","","2","4","7","","","","","","","0","","7","","","","","","当前熔炼的装备所需：","0","0","0","0","0","0"
"680003","4694","80级•钨金","ff6ddcf6","5","1278","个","0","1","7502","true","1","1","0","0","0","0","0","false","false","false","0","0","9999","1","99999","0","0","5000000","<T t=""等级：80级"" c=""FFFFFF00"" f=""simhei-11""></T><B></B><T t=""一种十分稀有的矿产，其坚硬的性能受到广大铸造师们的喜爱，是熔炼装备的主要配料。熔炼需要钨金等级不低于装备等级。"" c=""fffff2df"" f=""simhei-11""></T>","装备熔炼","","","","钨金","","3","7","","","","","","","","2","4","7","","","","","","","0","","7","","","","","","当前熔炼的装备所需：","0","0","0","0","0","0"
"680004","4694","90级•钨金","ff6ddcf6","5","1278","个","0","1","7502","true","1","1","0","0","0","0","0","false","false","false","0","0","9999","1","99999","0","0","5000000","<T t=""等级：90级"" c=""FFFFFF00"" f=""simhei-11""></T><B></B><T t=""一种十分稀有的矿产，其坚硬的性能受到广大铸造师们的喜爱，是熔炼装备的主要配料。熔炼需要钨金等级不低于装备等级。"" c=""fffff2df"" f=""simhei-11""></T>","装备熔炼","","","","钨金","","3","7","","","","","","","","2","4","7","","","","","","","0","","7","","","","","","当前熔炼的装备所需：","0","0","0","0","0","0"
"680005","4694","100级•钨金","ff6ddcf6","5","1278","个","0","1","7502","true","1","1","0","0","0","0","0","false","false","false","0","0","9999","1","99999","0","0","5000000","<T t=""等级：100级"" c=""FFFFFF00"" f=""simhei-11""></T><B></B><T t=""一种十分稀有的矿产，其坚硬的性能受到广大铸造师们的喜爱，是熔炼装备的主要配料。熔炼需要钨金等级不低于装备等级。"" c=""fffff2df"" f=""simhei-11""></T>","装备熔炼","","","","钨金","","3","7","","","","","","","","2","4","7","","","","","","","0","","7","","","","","","当前熔炼的装备所需：","0","0","0","0","0","0"
"680006","4694","110级•钨金","ff6ddcf6","5","1278","个","0","1","7502","true","1","1","0","0","0","0","0","false","false","false","0","0","9999","1","99999","0","0","5000000","<T t=""等级：110级"" c=""FFFFFF00"" f=""simhei-11""></T><B></B><T t=""一种十分稀有的矿产，其坚硬的性能受到广大铸造师们的喜爱，是熔炼装备的主要配料。熔炼需要钨金等级不低于装备等级。"" c=""fffff2df"" f=""simhei-11""></T>","装备熔炼","","","","钨金","","3","7","","","","","","","","2","4","7","","","","","","","0","","7","","","","","","当前熔炼的装备所需：","0","0","0","0","0","0"
"680007","4694","120级•钨金","ff6ddcf6","5","1278","个","0","1","7502","true","1","1","0","0","0","0","0","false","false","false","0","0","9999","1","99999","0","0","5000000","<T t=""等级：120级"" c=""FFFFFF00"" f=""simhei-11""></T><B></B><T t=""一种十分稀有的矿产，其坚硬的性能受到广大铸造师们的喜爱，是熔炼装备的主要配料。熔炼需要钨金等级不低于装备等级。"" c=""fffff2df"" f=""simhei-11""></T>","装备熔炼","","","","钨金","","3","7","","","","","","","","2","4","7","","","","","","","0","","7","","","","","","当前熔炼的装备所需：","0","0","0","0","0","0"
"680008","4694","130级•钨金","ff6ddcf6","5","1278","个","0","1","7502","true","1","1","0","0","0","0","0","false","false","false","0","0","9999","1","99999","0","0","5000000","<T t=""等级：130级"" c=""FFFFFF00"" f=""simhei-11""></T><B></B><T t=""一种十分稀有的矿产，其坚硬的性能受到广大铸造师们的喜爱，是熔炼装备的主要配料。熔炼需要钨金等级不低于装备等级。"" c=""fffff2df"" f=""simhei-11""></T>","装备熔炼","","","","钨金","","3","7","","","","","","","","2","4","7","","","","","","","0","","7","","","","","","当前熔炼的装备所需：","0","0","0","0","0","0"
"680009","4694","140级•钨金","ff6ddcf6","5","1278","个","0","1","7502","true","1","1","0","0","0","0","0","false","false","false","0","0","9999","1","99999","0","0","5000000","<T t=""等级：140级"" c=""FFFFFF00"" f=""simhei-11""></T><B></B><T t=""一种十分稀有的矿产，其坚硬的性能受到广大铸造师们的喜爱，是熔炼装备的主要配料。熔炼需要钨金等级不低于装备等级。"" c=""fffff2df"" f=""simhei-11""></T>","装备熔炼","","","","钨金","","3","7","","","","","","","","2","4","7","","","","","","","0","","7","","","","","","当前熔炼的装备所需：","0","0","0","0","0","0"
"680010","4694","150级•钨金","ff6ddcf6","5","1278","个","0","1","7502","true","1","1","0","0","0","0","0","false","false","false","0","0","9999","1","99999","0","0","5000000","<T t=""等级：150级"" c=""FFFFFF00"" f=""simhei-11""></T><B></B><T t=""一种十分稀有的矿产，其坚硬的性能受到广大铸造师们的喜爱，是熔炼装备的主要配料。熔炼需要钨金等级不低于装备等级。"" c=""fffff2df"" f=""simhei-11""></T>","装备熔炼","","","","钨金","","3","7","","","","","","","","2","4","7","","","","","","","0","","7","","","","","","当前熔炼的装备所需：","0","0","0","0","0","0"
"680011","4694","160级•钨金","ff6ddcf6","5","1278","个","0","1","7502","true","1","1","0","0","0","0","0","false","false","false","0","0","9999","1","99999","0","0","5000000","<T t=""等级：160级"" c=""FFFFFF00"" f=""simhei-11""></T><B></B><T t=""一种十分稀有的矿产，其坚硬的性能受到广大铸造师们的喜爱，是熔炼装备的主要配料。熔炼需要钨金等级不低于装备等级。"" c=""fffff2df"" f=""simhei-11""></T>","装备熔炼","","","","钨金","","3","7","","","","","","","","2","4","7","","","","","","","0","","7","","","","","","当前熔炼的装备所需：","0","0","0","0","0","0"
"680012","4694","170级•钨金","ff6ddcf6","5","1278","个","0","1","7502","true","1","1","0","0","0","0","0","false","false","false","0","0","1","1","99999","0","0","5000000","<T t=""等级：170级"" c=""FFFFFF00"" f=""simhei-11""></T><B></B><T t=""一种十分稀有的矿产，其坚硬的性能受到广大铸造师们的喜爱，是熔炼装备的主要配料。熔炼需要钨金等级不低于装备等级。"" c=""fffff2df"" f=""simhei-11""></T>","装备熔炼","","","","钨金","","3","7","","","","","","","","2","7","","","","","","","","0","","","","","","","","当前熔炼的装备所需：","","","","","",""
"680013","4694","180级•钨金","ff6ddcf6","5","1278","个","0","1","7502","true","1","1","0","0","0","0","0","false","false","false","0","0","1","1","99999","0","0","5000000","<T t=""等级：180级"" c=""FFFFFF00"" f=""simhei-11""></T><B></B><T t=""一种十分稀有的矿产，其坚硬的性能受到广大铸造师们的喜爱，是熔炼装备的主要配料。熔炼需要钨金等级不低于装备等级。"" c=""fffff2df"" f=""simhei-11""></T>","装备熔炼","","","","钨金","","3","7","","","","","","","","2","7","","","","","","","","0","","","","","","","","当前熔炼的装备所需：","","","","","",""
"680014","4694","190级•钨金","ff6ddcf6","5","1278","个","0","1","7502","true","1","1","0","0","0","0","0","false","false","false","0","0","1","1","99999","0","0","5000000","<T t=""等级：190级"" c=""FFFFFF00"" f=""simhei-11""></T><B></B><T t=""一种十分稀有的矿产，其坚硬的性能受到广大铸造师们的喜爱，是熔炼装备的主要配料。熔炼需要钨金等级不低于装备等级。"" c=""fffff2df"" f=""simhei-11""></T>","装备熔炼","","","","钨金","","3","7","","","","","","","","2","7","","","","","","","","0","","","","","","","","当前熔炼的装备所需：","","","","","",""
"680015","4694","200级•钨金","ff6ddcf6","5","1278","个","0","1","7502","true","1","1","0","0","0","0","0","false","false","false","0","0","1","1","99999","0","0","5000000","<T t=""等级：200级"" c=""FFFFFF00"" f=""simhei-11""></T><B></B><T t=""一种十分稀有的矿产，其坚硬的性能受到广大铸造师们的喜爱，是熔炼装备的主要配料。熔炼需要钨金等级不低于装备等级。"" c=""fffff2df"" f=""simhei-11""></T>","装备熔炼","","","","钨金","","3","7","","","","","","","","2","7","","","","","","","","0","","","","","","","","当前熔炼的装备所需：","","","","","",""
"680100","4694","法宝精华：编号002","ff6ddcf6","5","1098","个","0","1","7503","true","1","1","0","0","0","0","0","false","false","false","0","0","1","1","99","0","0","5000000","用于法宝进阶","法宝精华","","","","","","3","","","","","","","","","2","7","","","","","","","","1","1","30","","","","","","","0","0","0","0","0","0"
"680101","4694","飞剑•精华","ff6ddcf6","5","1336","个","0","1","7503","true","1","1","0","0","0","0","0","false","false","false","0","0","9999","1","999","0","0","5000000","<T t=""孙悟空踢翻老君的炼丹炉时，一些法宝精华撒落到了三界。收集精华可以让对应法宝进阶。"" c=""fffff2df"" f=""simhei-11""></T><B></B><T t=""飞剑：提升佩戴者的物理伤害"" c=""fffff2df"" f=""simhei-11""></T>","法宝进阶","","","","法宝精华","","3","76","","","","","","","","2","7","","","","","","","","0","1","7","","","","","","","1","254301","1","0","0","0"
"680102","4694","附灵玉•精华","ff6ddcf6","5","1337","个","0","1","7503","true","1","1","0","0","0","0","0","false","false","false","0","0","9999","1","999","0","0","5000000","<T t=""孙悟空踢翻老君的炼丹炉时，一些法宝精华撒落到了三界。收集精华可以让对应法宝进阶。"" c=""fffff2df"" f=""simhei-11""></T><B></B><T t=""附灵玉：提升佩戴者的法术伤害"" c=""fffff2df"" f=""simhei-11""></T>","法宝进阶","","","","法宝精华","","3","76","","","","","","","","2","7","","","","","","","","0","1","7","","","","","","","1","254301","1","0","0","0"
"680103","4694","无量经•精华","ff6ddcf6","5","1338","个","0","1","7503","true","1","1","0","0","0","0","0","false","false","false","0","0","9999","1","999","0","0","5000000","<T t=""孙悟空踢翻老君的炼丹炉时，一些法宝精华撒落到了三界。收集精华可以让对应法宝进阶。"" c=""fffff2df"" f=""simhei-11""></T><B></B><T t=""无量经：提升佩戴者的气血"" c=""fffff2df"" f=""simhei-11""></T>","法宝进阶","","","","法宝精华","","3","76","","","","","","","","2","7","","","","","","","","0","1","7","","","","","","","1","254301","1","0","0","0"
"680104","4694","碧玉葫芦•精华","ff6ddcf6","5","1339","个","0","1","7503","true","1","1","0","0","0","0","0","false","false","false","0","0","9999","1","999","0","0","5000000","<T t=""孙悟空踢翻老君的炼丹炉时，一些法宝精华撒落到了三界。收集精华可以让对应法宝进阶。"" c=""fffff2df"" f=""simhei-11""></T><B></B><T t=""碧玉葫芦：提升佩戴者的治疗强度"" c=""fffff2df"" f=""simhei-11""></T>","法宝进阶","","","","法宝精华","","3","76","","","","","","","","2","7","","","","","","","","0","1","7","","","","","","","1","254301","1","0","0","0"
"680105","4694","金甲仙衣•精华","ff6ddcf6","5","1340","个","0","1","7503","true","1","1","0","0","0","0","0","false","false","false","0","0","9999","1","999","0","0","5000000","<T t=""孙悟空踢翻老君的炼丹炉时，一些法宝精华撒落到了三界。收集精华可以让对应法宝进阶。"" c=""fffff2df"" f=""simhei-11""></T><B></B><T t=""金甲仙衣：提升佩戴者的物理防御"" c=""fffff2df"" f=""simhei-11""></T>","法宝进阶","","","","法宝精华","","3","76","","","","","","","","2","7","","","","","","","","0","1","7","","","","","","","1","254301","1","0","0","0"
"680106","4694","降魔斗篷•精华","ff6ddcf6","5","1341","个","0","1","7503","true","1","1","0","0","0","0","0","false","false","false","0","0","9999","1","999","0","0","5000000","<T t=""孙悟空踢翻老君的炼丹炉时，一些法宝精华撒落到了三界。收集精华可以让对应法宝进阶。"" c=""fffff2df"" f=""simhei-11""></T><B></B><T t=""降魔斗篷：提升佩戴者的法术防御"" c=""fffff2df"" f=""simhei-11""></T>","法宝进阶","","","","法宝精华","","3","76","","","","","","","","2","7","","","","","","","","0","1","7","","","","","","","1","254301","1","0","0","0"
"680107","4694","风袋•精华","ff6ddcf6","5","1342","个","0","1","7503","true","1","1","0","0","0","0","0","false","false","false","0","0","9999","1","999","0","0","5000000","<T t=""孙悟空踢翻老君的炼丹炉时，一些法宝精华撒落到了三界。收集精华可以让对应法宝进阶。"" c=""fffff2df"" f=""simhei-11""></T><B></B><T t=""风袋：提升佩戴者的速度"" c=""fffff2df"" f=""simhei-11""></T>","法宝进阶","","","","法宝精华","","3","76","","","","","","","","2","7","","","","","","","","0","1","7","","","","","","","1","254301","1","0","0","0"
"680120","4694","鸣鸿刀•精华","ff6ddcf6","5","1368","个","0","1","7503","true","1","1","0","0","0","0","0","false","false","false","0","0","9999","1","999","0","0","5000000","<T t=""孙悟空踢翻老君的炼丹炉时，一些法宝精华撒落到了三界。收集精华可以让对应法宝进阶。"" c=""fffff2df"" f=""simhei-11""></T><B></B><T t=""鸣鸿刀：提升佩戴者输出属性"" c=""fffff2df"" f=""simhei-11""></T>","法宝进阶","","","","法宝精华","","3","76","","","","","","","","2","7","","","","","","","","0","1","7","","","","","","","1","254301","1","0","0","0"
"680121","4694","天师符•精华","ff6ddcf6","5","1369","个","0","1","7503","true","1","1","0","0","0","0","0","false","false","false","0","0","9999","1","999","0","0","5000000","<T t=""孙悟空踢翻老君的炼丹炉时，一些法宝精华撒落到了三界。收集精华可以让对应法宝进阶。"" c=""fffff2df"" f=""simhei-11""></T><B></B><T t=""天师符：提升佩戴者辅助属性"" c=""fffff2df"" f=""simhei-11""></T>","法宝进阶","","","","法宝精华","","3","76","","","","","","","","2","7","","","","","","","","0","1","7","","","","","","","1","254301","1","0","0","0"
"680122","4694","弥音禅钟•精华","ff6ddcf6","5","1370","个","0","1","7503","true","1","1","0","0","0","0","0","false","false","false","0","0","9999","1","999","0","0","5000000","<T t=""孙悟空踢翻老君的炼丹炉时，一些法宝精华撒落到了三界。收集精华可以让对应法宝进阶。"" c=""fffff2df"" f=""simhei-11""></T><B></B><T t=""弥音禅钟：提升佩戴者辅助属性"" c=""fffff2df"" f=""simhei-11""></T>","法宝进阶","","","","法宝精华","","3","76","","","","","","","","2","7","","","","","","","","0","1","7","","","","","","","1","254301","1","0","0","0"
"680123","4694","凝海珠•精华","ff6ddcf6","5","1371","个","0","1","7503","true","1","1","0","0","0","0","0","false","false","false","0","0","9999","1","999","0","0","5000000","<T t=""孙悟空踢翻老君的炼丹炉时，一些法宝精华撒落到了三界。收集精华可以让对应法宝进阶。"" c=""fffff2df"" f=""simhei-11""></T><B></B><T t=""凝海珠：提升佩戴者输出属性"" c=""fffff2df"" f=""simhei-11""></T>","法宝进阶","","","","法宝精华","","3","76","","","","","","","","2","7","","","","","","","","0","1","7","","","","","","","1","254301","1","0","0","0"
"680124","4694","琼华玉露•精华","ff6ddcf6","5","1373","个","0","1","7503","true","1","1","0","0","0","0","0","false","false","false","0","0","9999","1","999","0","0","5000000","<T t=""孙悟空踢翻老君的炼丹炉时，一些法宝精华撒落到了三界。收集精华可以让对应法宝进阶。"" c=""fffff2df"" f=""simhei-11""></T><B></B><T t=""琼华玉露：提升佩戴者辅助属性"" c=""fffff2df"" f=""simhei-11""></T>","法宝进阶","","","","法宝精华","","3","76","","","","","","","","2","7","","","","","","","","0","1","7","","","","","","","1","254301","1","0","0","0"
"680125","4694","无尘雪•精华","ff6ddcf6","5","1372","个","0","1","7503","true","1","1","0","0","0","0","0","false","false","false","0","0","9999","1","999","0","0","5000000","<T t=""孙悟空踢翻老君的炼丹炉时，一些法宝精华撒落到了三界。收集精华可以让对应法宝进阶。"" c=""fffff2df"" f=""simhei-11""></T><B></B><T t=""无尘雪：提升佩戴者输出属性"" c=""fffff2df"" f=""simhei-11""></T>","法宝进阶","","","","法宝精华","","3","76","","","","","","","","2","7","","","","","","","","0","1","7","","","","","","","1","254301","1","0","0","0"
"680126","4694","万兽圣令•精华","ff6ddcf6","5","1374","个","0","1","7503","true","1","1","0","0","0","0","0","false","false","false","0","0","9999","1","999","0","0","5000000","<T t=""孙悟空踢翻老君的炼丹炉时，一些法宝精华撒落到了三界。收集精华可以让对应法宝进阶。"" c=""fffff2df"" f=""simhei-11""></T><B></B><T t=""万兽圣令：提升佩戴者输出属性"" c=""fffff2df"" f=""simhei-11""></T>","法宝进阶","","","","法宝精华","","3","76","","","","","","","","2","7","","","","","","","","0","1","7","","","","","","","1","254301","1","0","0","0"
"680127","4694","烈焰杖•精华","ff6ddcf6","5","1375","个","0","1","7503","true","1","1","0","0","0","0","0","false","false","false","0","0","9999","1","999","0","0","5000000","<T t=""孙悟空踢翻老君的炼丹炉时，一些法宝精华撒落到了三界。收集精华可以让对应法宝进阶。"" c=""fffff2df"" f=""simhei-11""></T><B></B><T t=""烈焰杖：提升佩戴者输出属性"" c=""fffff2df"" f=""simhei-11""></T>","法宝进阶","","","","法宝精华","","3","76","","","","","","","","2","7","","","","","","","","0","1","7","","","","","","","1","254301","1","0","0","0"
"680128","4694","祭魄印•精华","ff6ddcf6","5","1376","个","0","1","7503","true","1","1","0","0","0","0","0","false","false","false","0","0","9999","1","999","0","0","5000000","<T t=""孙悟空踢翻老君的炼丹炉时，一些法宝精华撒落到了三界。收集精华可以让对应法宝进阶。"" c=""fffff2df"" f=""simhei-11""></T><B></B><T t=""祭魄印：提升佩戴者辅助属性"" c=""fffff2df"" f=""simhei-11""></T>","法宝进阶","","","","法宝精华","","3","76","","","","","","","","2","7","","","","","","","","0","1","7","","","","","","","1","254301","1","0","0","0"
"680129","4694","星海佩•精华","ff6ddcf6","5","1345","个","0","1","7503","true","1","1","0","0","0","0","0","false","false","false","0","0","9999","1","999","0","0","5000000","<T t=""孙悟空踢翻老君的炼丹炉时，一些法宝精华撒落到了三界。收集精华可以让对应法宝进阶。"" c=""fffff2df"" f=""simhei-11""></T><B></B><T t=""星海佩：提升佩戴者输出属性"" c=""fffff2df"" f=""simhei-11""></T>","法宝进阶","","","","法宝精华","","3","76","","","","","","","","2","7","","","","","","","","0","1","7","","","","","","","1","254301","1","0","0","0"
"680130","4694","沁香花藤•精华","ff6ddcf6","5","1346","个","0","1","7503","true","1","1","0","0","0","0","0","false","false","false","0","0","9999","1","999","0","0","5000000","<T t=""孙悟空踢翻老君的炼丹炉时，一些法宝精华撒落到了三界。收集精华可以让对应法宝进阶。"" c=""fffff2df"" f=""simhei-11""></T><B></B><T t=""沁香花藤：提升佩戴者辅助属性"" c=""fffff2df"" f=""simhei-11""></T>","法宝进阶","","","","法宝精华","","3","76","","","","","","","","2","7","","","","","","","","0","1","7","","","","","","","1","254301","1","0","0","0"
"680131","4694","灵明仙桃•精华","ff6ddcf6","5","1343","个","0","1","7503","true","1","1","0","0","0","0","0","false","false","false","0","0","9999","1","999","0","0","5000000","<T t=""孙悟空踢翻老君的炼丹炉时，一些法宝精华撒落到了三界。收集精华可以让对应法宝进阶。"" c=""fffff2df"" f=""simhei-11""></T><B></B><T t=""灵明仙桃：提升佩戴者输出属性"" c=""fffff2df"" f=""simhei-11""></T>","法宝进阶","","","","法宝精华","","3","76","","","","","","","","2","7","","","","","","","","0","1","7","","","","","","","1","254301","1","0","0","0"
"680132","4694","万鬼木鱼•精华","ff6ddcf6","5","1396","个","0","1","7503","true","1","1","0","0","0","0","0","false","false","false","0","0","9999","1","999","0","0","5000000","<T t=""孙悟空踢翻老君的炼丹炉时，一些法宝精华撒落到了三界。收集精华可以让对应法宝进阶。"" c=""fffff2df"" f=""simhei-11""></T><B></B><T t=""灵明仙桃：提升佩戴者输出属性"" c=""fffff2df"" f=""simhei-11""></T>","法宝进阶","","","","法宝精华","","3","76","","","","","","","","2","7","","","","","","","","0","1","7","","","","","","","1","254301","1","0","0","0"
"680200","4694","法宝精魄：编号003","ff6ddcf6","5","1098","个","0","1","7504","true","1","1","0","0","0","0","0","false","false","false","0","0","9999","1","99","0","0","5000000","用于法宝逆转","法宝逆转","","","","","","3","77","","","","","","","","2","7","","","","","","","","1","1","30","","","","","","","1","254301","1","0","0","0"
"680201","4694","飞剑•精魄","ff6ddcf6","5","1352","个","0","1","7504","true","1","1","0","0","0","0","0","false","false","false","0","0","9999","1","999","0","0","5000000","<T t=""孙悟空踢翻老君的炼丹炉时，一些法宝精魄撒落到了三界。收集精魄可以让对应法宝逆转两仪属性。"" c=""fffff2df"" f=""simhei-11""></T><B></B><T t=""飞剑：提升佩戴者的物理伤害"" c=""fffff2df"" f=""simhei-11""></T>","法宝逆转","","","","法宝精魄","","3","77","","","","","","","","2","7","","","","","","","","0","1","7","","","","","","","1","254301","1","0","0","0"
"680202","4694","附灵玉•精魄","ff6ddcf6","5","1353","个","0","1","7504","true","1","1","0","0","0","0","0","false","false","false","0","0","9999","1","999","0","0","5000000","<T t=""孙悟空踢翻老君的炼丹炉时，一些法宝精魄撒落到了三界。收集精魄可以让对应法宝逆转两仪属性。"" c=""fffff2df"" f=""simhei-11""></T><B></B><T t=""附灵玉：提升佩戴者的法术伤害"" c=""fffff2df"" f=""simhei-11""></T>","法宝逆转","","","","法宝精魄","","3","77","","","","","","","","2","7","","","","","","","","0","1","7","","","","","","","1","254301","1","0","0","0"
"680203","4694","无量经•精魄","ff6ddcf6","5","1354","个","0","1","7504","true","1","1","0","0","0","0","0","false","false","false","0","0","9999","1","999","0","0","5000000","<T t=""孙悟空踢翻老君的炼丹炉时，一些法宝精魄撒落到了三界。收集精魄可以让对应法宝逆转两仪属性。"" c=""fffff2df"" f=""simhei-11""></T><B></B><T t=""无量经：提升佩戴者的气血"" c=""fffff2df"" f=""simhei-11""></T>","法宝逆转","","","","法宝精魄","","3","77","","","","","","","","2","7","","","","","","","","0","1","7","","","","","","","1","254301","1","0","0","0"
"680204","4694","碧玉葫芦•精魄","ff6ddcf6","5","1355","个","0","1","7504","true","1","1","0","0","0","0","0","false","false","false","0","0","9999","1","999","0","0","5000000","<T t=""孙悟空踢翻老君的炼丹炉时，一些法宝精魄撒落到了三界。收集精魄可以让对应法宝逆转两仪属性。"" c=""fffff2df"" f=""simhei-11""></T><B></B><T t=""碧玉葫芦：提升佩戴者的治疗强度"" c=""fffff2df"" f=""simhei-11""></T>","法宝逆转","","","","法宝精魄","","3","77","","","","","","","","2","7","","","","","","","","0","1","7","","","","","","","1","254301","1","0","0","0"
"680205","4694","金甲仙衣•精魄","ff6ddcf6","5","1356","个","0","1","7504","true","1","1","0","0","0","0","0","false","false","false","0","0","9999","1","999","0","0","5000000","<T t=""孙悟空踢翻老君的炼丹炉时，一些法宝精魄撒落到了三界。收集精魄可以让对应法宝逆转两仪属性。"" c=""fffff2df"" f=""simhei-11""></T><B></B><T t=""金甲仙衣：提升佩戴者的物理防御"" c=""fffff2df"" f=""simhei-11""></T>","法宝逆转","","","","法宝精魄","","3","77","","","","","","","","2","7","","","","","","","","0","1","7","","","","","","","1","254301","1","0","0","0"
"680206","4694","降魔斗篷•精魄","ff6ddcf6","5","1357","个","0","1","7504","true","1","1","0","0","0","0","0","false","false","false","0","0","9999","1","999","0","0","5000000","<T t=""孙悟空踢翻老君的炼丹炉时，一些法宝精魄撒落到了三界。收集精魄可以让对应法宝逆转两仪属性。"" c=""fffff2df"" f=""simhei-11""></T><B></B><T t=""降魔斗篷：提升佩戴者的法术防御"" c=""fffff2df"" f=""simhei-11""></T>","法宝逆转","","","","法宝精魄","","3","77","","","","","","","","2","7","","","","","","","","0","1","7","","","","","","","1","254301","1","0","0","0"
"680207","4694","风袋•精魄","ff6ddcf6","5","1358","个","0","1","7504","true","1","1","0","0","0","0","0","false","false","false","0","0","9999","1","999","0","0","5000000","<T t=""孙悟空踢翻老君的炼丹炉时，一些法宝精魄撒落到了三界。收集精魄可以让对应法宝逆转两仪属性。"" c=""fffff2df"" f=""simhei-11""></T><B></B><T t=""风袋：提升佩戴者的速度"" c=""fffff2df"" f=""simhei-11""></T>","法宝逆转","","","","法宝精魄","","3","77","","","","","","","","2","7","","","","","","","","0","1","7","","","","","","","1","254301","1","0","0","0"
"680220","4694","鸣鸿刀•精魄","ff6ddcf6","5","1384","个","0","1","7504","true","1","1","0","0","0","0","0","false","false","false","0","0","9999","1","999","0","0","5000000","<T t=""孙悟空踢翻老君的炼丹炉时，一些法宝精魄撒落到了三界。收集精魄可以让对应法宝逆转两仪属性。"" c=""fffff2df"" f=""simhei-11""></T><B></B><T t=""鸣鸿刀：提升佩戴者输出属性"" c=""fffff2df"" f=""simhei-11""></T>","法宝逆转","","","","法宝精魄","","3","77","","","","","","","","2","7","","","","","","","","0","1","7","","","","","","","1","254301","1","0","0","0"
"680221","4694","天师符•精魄","ff6ddcf6","5","1385","个","0","1","7504","true","1","1","0","0","0","0","0","false","false","false","0","0","9999","1","999","0","0","5000000","<T t=""孙悟空踢翻老君的炼丹炉时，一些法宝精魄撒落到了三界。收集精魄可以让对应法宝逆转两仪属性。"" c=""fffff2df"" f=""simhei-11""></T><B></B><T t=""天师符：提升佩戴者辅助属性"" c=""fffff2df"" f=""simhei-11""></T>","法宝逆转","","","","法宝精魄","","3","77","","","","","","","","2","7","","","","","","","","0","1","7","","","","","","","1","254301","1","0","0","0"
"680222","4694","弥音禅钟•精魄","ff6ddcf6","5","1386","个","0","1","7504","true","1","1","0","0","0","0","0","false","false","false","0","0","9999","1","999","0","0","5000000","<T t=""孙悟空踢翻老君的炼丹炉时，一些法宝精魄撒落到了三界。收集精魄可以让对应法宝逆转两仪属性。"" c=""fffff2df"" f=""simhei-11""></T><B></B><T t=""弥音禅钟：提升佩戴者辅助属性"" c=""fffff2df"" f=""simhei-11""></T>","法宝逆转","","","","法宝精魄","","3","77","","","","","","","","2","7","","","","","","","","0","1","7","","","","","","","1","254301","1","0","0","0"
"680223","4694","凝海珠•精魄","ff6ddcf6","5","1387","个","0","1","7504","true","1","1","0","0","0","0","0","false","false","false","0","0","9999","1","999","0","0","5000000","<T t=""孙悟空踢翻老君的炼丹炉时，一些法宝精魄撒落到了三界。收集精魄可以让对应法宝逆转两仪属性。"" c=""fffff2df"" f=""simhei-11""></T><B></B><T t=""凝海珠：提升佩戴者输出属性"" c=""fffff2df"" f=""simhei-11""></T>","法宝逆转","","","","法宝精魄","","3","77","","","","","","","","2","7","","","","","","","","0","1","7","","","","","","","1","254301","1","0","0","0"
"680224","4694","琼华玉露•精魄","ff6ddcf6","5","1389","个","0","1","7504","true","1","1","0","0","0","0","0","false","false","false","0","0","9999","1","999","0","0","5000000","<T t=""孙悟空踢翻老君的炼丹炉时，一些法宝精魄撒落到了三界。收集精魄可以让对应法宝逆转两仪属性。"" c=""fffff2df"" f=""simhei-11""></T><B></B><T t=""琼华玉露：提升佩戴者辅助属性"" c=""fffff2df"" f=""simhei-11""></T>","法宝逆转","","","","法宝精魄","","3","77","","","","","","","","2","7","","","","","","","","0","1","7","","","","","","","1","254301","1","0","0","0"
"680225","4694","无尘雪•精魄","ff6ddcf6","5","1388","个","0","1","7504","true","1","1","0","0","0","0","0","false","false","false","0","0","9999","1","999","0","0","5000000","<T t=""孙悟空踢翻老君的炼丹炉时，一些法宝精魄撒落到了三界。收集精魄可以让对应法宝逆转两仪属性。"" c=""fffff2df"" f=""simhei-11""></T><B></B><T t=""无尘雪：提升佩戴者输出属性"" c=""fffff2df"" f=""simhei-11""></T>","法宝逆转","","","","法宝精魄","","3","77","","","","","","","","2","7","","","","","","","","0","1","7","","","","","","","1","254301","1","0","0","0"
"680226","4694","万兽圣令•精魄","ff6ddcf6","5","1390","个","0","1","7504","true","1","1","0","0","0","0","0","false","false","false","0","0","9999","1","999","0","0","5000000","<T t=""孙悟空踢翻老君的炼丹炉时，一些法宝精魄撒落到了三界。收集精魄可以让对应法宝逆转两仪属性。"" c=""fffff2df"" f=""simhei-11""></T><B></B><T t=""万兽圣令：提升佩戴者输出属性"" c=""fffff2df"" f=""simhei-11""></T>","法宝逆转","","","","法宝精魄","","3","77","","","","","","","","2","7","","","","","","","","0","1","7","","","","","","","1","254301","1","0","0","0"
"680227","4694","烈焰杖•精魄","ff6ddcf6","5","1391","个","0","1","7504","true","1","1","0","0","0","0","0","false","false","false","0","0","9999","1","999","0","0","5000000","<T t=""孙悟空踢翻老君的炼丹炉时，一些法宝精魄撒落到了三界。收集精魄可以让对应法宝逆转两仪属性。"" c=""fffff2df"" f=""simhei-11""></T><B></B><T t=""烈焰杖：提升佩戴者输出属性"" c=""fffff2df"" f=""simhei-11""></T>","法宝逆转","","","","法宝精魄","","3","77","","","","","","","","2","7","","","","","","","","0","1","7","","","","","","","1","254301","1","0","0","0"
"680228","4694","祭魄印•精魄","ff6ddcf6","5","1392","个","0","1","7504","true","1","1","0","0","0","0","0","false","false","false","0","0","9999","1","999","0","0","5000000","<T t=""孙悟空踢翻老君的炼丹炉时，一些法宝精魄撒落到了三界。收集精魄可以让对应法宝逆转两仪属性。"" c=""fffff2df"" f=""simhei-11""></T><B></B><T t=""祭魄印：提升佩戴者辅助属性"" c=""fffff2df"" f=""simhei-11""></T>","法宝逆转","","","","法宝精魄","","3","77","","","","","","","","2","7","","","","","","","","0","1","7","","","","","","","1","254301","1","0","0","0"
"680229","4694","星海佩•精魄","ff6ddcf6","5","1394","个","0","1","7504","true","1","1","0","0","0","0","0","false","false","false","0","0","9999","1","999","0","0","5000000","<T t=""孙悟空踢翻老君的炼丹炉时，一些法宝精魄撒落到了三界。收集精魄可以让对应法宝逆转两仪属性。"" c=""fffff2df"" f=""simhei-11""></T><B></B><T t=""星海佩：提升佩戴者输出属性"" c=""fffff2df"" f=""simhei-11""></T>","法宝逆转","","","","法宝精魄","","3","77","","","","","","","","2","7","","","","","","","","0","1","7","","","","","","","1","254301","1","0","0","0"
"680230","4694","沁香花藤•精魄","ff6ddcf6","5","1395","个","0","1","7504","true","1","1","0","0","0","0","0","false","false","false","0","0","9999","1","999","0","0","5000000","<T t=""孙悟空踢翻老君的炼丹炉时，一些法宝精魄撒落到了三界。收集精魄可以让对应法宝逆转两仪属性。"" c=""fffff2df"" f=""simhei-11""></T><B></B><T t=""沁香花藤：提升佩戴者辅助属性""c=""fffff2df"" f=""simhei-11""></T>","法宝逆转","","","","法宝精魄","","3","77","","","","","","","","2","7","","","","","","","","0","1","7","","","","","","","1","254301","1","0","0","0"
"680231","4694","灵明仙桃•精魄","ff6ddcf6","5","1393","个","0","1","7504","true","1","1","0","0","0","0","0","false","false","false","0","0","9999","1","999","0","0","5000000","<T t=""孙悟空踢翻老君的炼丹炉时，一些法宝精魄撒落到了三界。收集精魄可以让对应法宝逆转两仪属性。"" c=""fffff2df"" f=""simhei-11""></T><B></B><T t=""灵明仙桃：提升佩戴者输出属性"" c=""fffff2df"" f=""simhei-11""></T>","法宝逆转","","","","法宝精魄","","3","77","","","","","","","","2","7","","","","","","","","0","1","7","","","","","","","1","254301","1","0","0","0"
"680232","4694","万鬼木鱼•精魄","ff6ddcf6","5","1397","个","0","1","7504","true","1","1","0","0","0","0","0","false","false","false","0","0","9999","1","999","0","0","5000000","<T t=""孙悟空踢翻老君的炼丹炉时，一些法宝精魄撒落到了三界。收集精魄可以让对应法宝逆转两仪属性。"" c=""fffff2df"" f=""simhei-11""></T><B></B><T t=""灵明仙桃：提升佩戴者输出属性"" c=""fffff2df"" f=""simhei-11""></T>","法宝逆转","","","","法宝精魄","","3","77","","","","","","","","2","7","","","","","","","","0","1","7","","","","","","","1","254301","1","0","0","0"
"680300","4694","戒指类：编号004","ff6ddcf6","5","1098","个","0","1","7505","true","1","1","0","0","0","0","0","false","false","false","0","0","1","1","99","0","0","5000000","用于器灵套装点化","套装点化","","","","","","3","78","","","","","","","","2","7","","","","","","","","1","1","30","","","","","","","0","0","0","0","0","0"
"500120","4694","灵髓玉","ff6ddcf6","5","1272","块","0","1","7502","true","1","1","0","0","0","0","0","false","false","false","0","0","9999","1","99999","0","0","5000000","<T t=""来自仙缘洞天的珍稀玉石，可用于戒指属性洗炼。"" c=""fffff2df"" f=""simhei-11""></T>","戒指培养","","","","戒指材料","","3","81","","","","","","","","2","4","7","","","","","","","0","1","7","","","","","","","0","0","0","0","0","0"
"680301","4694","星魂石","ff6ddcf6","5","1274","个","0","1","7502","true","1","1","0","0","0","0","0","false","false","false","0","0","9999","1","99999","0","0","5000000","<T t=""来自仙缘洞天的灵石，可用于戒指升级。"" c=""fffff2df"" f=""simhei-11""></T>","戒指培养","","","","戒指材料","","3","81","","","","","","","","2","4","7","","","","","","","0","1","7","","","","","","","0","0","0","0","0","0"
"680302","4694","金芒石","ff6ddcf6","5","1287","块","0","1","7502","true","1","1","0","0","0","0","0","false","false","false","0","0","9999","1","99999","0","0","5000000","<T t=""来自仙缘洞天的奇珍宝石，可用于戒指品质洗炼。"" c=""fffff2df"" f=""simhei-11""></T>","戒指培养","","","","戒指材料","","3","81","","","","","","","","2","4","7","","","","","","","0","1","7","","","","","","","0","0","0","0","0","0"
"680303","4694","超级灵髓玉","ff6ddcf6","5","1272","块","0","1","7502","true","1","1","0","0","0","0","0","false","false","false","0","0","9999","1","99999","0","0","5000000","<T t=""来自仙缘洞天的珍稀玉石，可用于戒指属性洗炼。"" c=""fffff2df"" f=""simhei-11""></T>","戒指培养","","","","戒指材料","","3","81","","","","","","","","2","4","7","","","","","","","0","1","7","","","","","","","0","0","0","0","0","0"
"680304","4694","超级星魂石","ff6ddcf6","5","1274","个","0","1","7502","true","1","1","0","0","0","0","0","false","false","false","0","0","9999","1","99999","0","0","5000000","<T t=""来自仙缘洞天的灵石，可用于戒指升级。"" c=""fffff2df"" f=""simhei-11""></T>","戒指培养","","","","戒指材料","","3","81","","","","","","","","2","4","7","","","","","","","0","1","7","","","","","","","0","0","0","0","0","0"
"680305","4694","超级金芒石","ff6ddcf6","5","1287","块","0","1","7502","true","1","1","0","0","0","0","0","false","false","false","0","0","9999","1","99999","0","0","5000000","<T t=""来自仙缘洞天的奇珍宝石，可用于戒指品质洗炼。"" c=""fffff2df"" f=""simhei-11""></T>","戒指培养","","","","戒指材料","","3","81","","","","","","","","2","4","7","","","","","","","0","1","7","","","","","","","0","0","0","0","0","0"
"680400","4694","器灵开孔：编号005","ff6ddcf6","5","1284","个","0","1","7506","true","1","1","0","0","0","0","0","false","false","false","0","0","1","1","1","0","0","5000000","用于器灵开孔","器灵开孔","","","","","","3","79","","","","","","","","2","7","","","","","","","","1","1","30","","","","","","","0","0","0","0","0","0"
"680402","4694","70级•补天石","ff6ddcf6","5","1284","颗","0","1","7506","true","1","1","0","0","0","0","0","false","false","false","0","0","9999","1","999","0","0","5000000","<T t=""等级：70级"" c=""FFFFFF00"" f=""simhei-11""></T><B></B><T t=""传闻上古时期，此物用于补天，后经天庭开采流入人间。用于装备器灵开孔。"" c=""fffff2df"" f=""simhei-11""></T>","器灵开孔","","","","装备材料","","3","79","","","","","","","","2","4","7","","","","","","","0","1","7","","","","","","","0","0","0","0","0","0"
"680403","4694","80级•补天石","ff6ddcf6","5","1284","颗","0","1","7506","true","1","1","0","0","0","0","0","false","false","false","0","0","9999","1","999","0","0","5000000","<T t=""等级：80级"" c=""FFFFFF00"" f=""simhei-11""></T><B></B><T t=""传闻上古时期，此物用于补天，后经天庭开采流入人间。用于装备器灵开孔。"" c=""fffff2df"" f=""simhei-11""></T>","器灵开孔","","","","装备材料","","3","79","","","","","","","","2","4","7","","","","","","","0","1","7","","","","","","","0","0","0","0","0","0"
"680404","4694","90级•补天石","ff6ddcf6","5","1284","颗","0","1","7506","true","1","1","0","0","0","0","0","false","false","false","0","0","9999","1","999","0","0","5000000","<T t=""等级：90级"" c=""FFFFFF00"" f=""simhei-11""></T><B></B><T t=""传闻上古时期，此物用于补天，后经天庭开采流入人间。用于装备器灵开孔。"" c=""fffff2df"" f=""simhei-11""></T>","器灵开孔","","","","装备材料","","3","79","","","","","","","","2","4","7","","","","","","","0","1","7","","","","","","","0","0","0","0","0","0"
"680405","4694","100级•补天石","ff6ddcf6","5","1284","颗","0","1","7506","true","1","1","0","0","0","0","0","false","false","false","0","0","9999","1","999","0","0","5000000","<T t=""等级：100级"" c=""FFFFFF00"" f=""simhei-11""></T><B></B><T t=""传闻上古时期，此物用于补天，后经天庭开采流入人间。用于装备器灵开孔。"" c=""fffff2df"" f=""simhei-11""></T>","器灵开孔","","","","装备材料","","3","79","","","","","","","","2","4","7","","","","","","","0","1","7","","","","","","","0","0","0","0","0","0"
"680500","4694","器灵宝珠：编号006","ff6ddcf6","5","1281","个","0","1","7507","true","1","1","0","0","0","0","0","false","false","false","0","0","1","1","1","0","0","5000000","用于器灵镶嵌","器灵镶嵌","","","","","","3","80","","","","","","","","2","7","","","","","","","","1","1","30","","","","","","","0","0","0","0","0","0"
"400017","4598","淬灵露","ff6ddcf6","5","1273","颗","0","1","7505","true","1","1","0","0","0","0","0","false","false","false","0","0","999","1","999","0","0","5000000","<T t=""传闻此物只存在于昆仑山脉，是一种非常珍贵的奇异晶体，可用于装备点化套装属性。"" c=""fffff2df"" f=""simhei-11""></T>","套装点化","","","","器灵材料","","3","78","","","","","","","","2","4","7","","","","","","","0","1","7","","","","","","","0","0","0","0","0","0"
"400018","4694","超级淬灵露","ff6ddcf6","5","1284","颗","0","1","7506","true","1","1","0","0","0","0","0","false","false","false","0","0","999","1","999","0","0","5000000","<T t=""传闻上古时期，此物用于补天，后经天庭开采流入人间。用于装备器灵开孔。"" c=""fffff2df"" f=""simhei-11""></T>","器灵开孔","","","","器灵材料","","3","79","","","","","","","","2","4","7","","","","","","","0","1","7","","","","","","","0","0","0","0","0","0"
"680501","4694","器灵•剑歌","ff6ddcf6","5","1281","个","0","1","7507","true","1","1","0","0","0","0","0","false","false","false","0","0","1","1","999","0","0","5000000","<T t=""器灵属性"" c=""FFFFFF00"" f=""simhei-11""></T><B></B><T t=""  物理伤害 +8"" c=""FF00FF00"" f=""simhei-11""></T><B></B><T t="""" c=""FF00FF00"" f=""simhei-11""></T><T t=""  法术伤害 +6"" c=""FF00FF00"" f=""simhei-11""></T><B></B><T t=""  气血 +40"" c=""FF00FF00"" f=""simhei-11""></T><B></B><B></B><T t=""器灵宝珠："" c=""FFFFFF00"" f=""simhei-11""></T><T t=""来自天工阁的墨家巨匠们倾尽心血制作而出的宝珠。"" c=""FFFFF2DF"" f=""simhei-11""></T>","器灵镶嵌","","","点击物品使用","器灵","","3","80","","","","","","","","2","7","","","","","","","","1","1","7","","物理伤害 +8","法术伤害 +6","气血 +40","","","0","0","0","0","0","0"
"680502","4694","器灵•锋芒","ff6ddcf6","5","1281","个","0","1","7507","true","1","1","0","0","0","0","0","false","false","false","0","0","1","1","999","0","0","5000000","<T t=""器灵属性"" c=""FFFFFF00"" f=""simhei-11""></T><B></B><T t=""  物理伤害 +8"" c=""FF00FF00"" f=""simhei-11""></T><B></B><T t="""" c=""FF00FF00"" f=""simhei-11""></T><T t=""  法术伤害 +6"" c=""FF00FF00"" f=""simhei-11""></T><B></B><T t=""  速度 +8"" c=""FF00FF00"" f=""simhei-11""></T><B></B><B></B><T t=""器灵宝珠："" c=""FFFFFF00"" f=""simhei-11""></T><T t=""来自天工阁的墨家巨匠们倾尽心血制作而出的宝珠。"" c=""FFFFF2DF"" f=""simhei-11""></T>","器灵镶嵌","","","点击物品使用","器灵","","3","80","","","","","","","","2","7","","","","","","","","1","1","7","","物理伤害 +8","法术伤害 +6","速度 +8","","","0","0","0","0","0","0"
"680503","4694","器灵•固甲","ff6ddcf6","5","1281","个","0","1","7507","true","1","1","0","0","0","0","0","false","false","false","0","0","1","1","999","0","0","5000000","<T t=""器灵属性"" c=""FFFFFF00"" f=""simhei-11""></T><B></B><T t=""  物理防御 +12"" c=""FF00FF00"" f=""simhei-11""></T><B></B><T t="""" c=""FF00FF00"" f=""simhei-11""></T><T t=""  法术防御 +8"" c=""FF00FF00"" f=""simhei-11""></T><B></B><T t=""  气血 +40"" c=""FF00FF00"" f=""simhei-11""></T><B></B><B></B><T t=""器灵宝珠："" c=""FFFFFF00"" f=""simhei-11""></T><T t=""来自天工阁的墨家巨匠们倾尽心血制作而出的宝珠。"" c=""FFFFF2DF"" f=""simhei-11""></T>","器灵镶嵌","","","点击物品使用","器灵","","3","80","","","","","","","","2","7","","","","","","","","1","1","7","","物理防御 +12","法术防御 +8","气血 +40","","","0","0","0","0","0","0"
"680504","4694","器灵•雁行","ff6ddcf6","5","1281","个","0","1","7507","true","1","1","0","0","0","0","0","false","false","false","0","0","1","1","999","0","0","5000000","<T t=""器灵属性"" c=""FFFFFF00"" f=""simhei-11""></T><B></B><T t=""  物理防御 +12"" c=""FF00FF00"" f=""simhei-11""></T><B></B><T t="""" c=""FF00FF00"" f=""simhei-11""></T><T t=""  法术防御 +8"" c=""FF00FF00"" f=""simhei-11""></T><B></B><T t=""  速度 +8"" c=""FF00FF00"" f=""simhei-11""></T><B></B><B></B><T t=""器灵宝珠："" c=""FFFFFF00"" f=""simhei-11""></T><T t=""来自天工阁的墨家巨匠们倾尽心血制作而出的宝珠。"" c=""FFFFF2DF"" f=""simhei-11""></T>","器灵镶嵌","","","点击物品使用","器灵","","3","80","","","","","","","","2","7","","","","","","","","1","1","7","","物理防御 +12","法术防御 +8","速度 +8","","","0","0","0","0","0","0"
"680505","4694","器灵•征讨伐","ff6ddcf6","5","1281","个","0","1","7507","true","1","1","0","0","0","0","0","false","false","false","0","0","1","1","999","0","0","5000000","<T t=""器灵属性"" c=""FFFFFF00"" f=""simhei-11""></T><B></B><T t=""  物理伤害 +24"" c=""FF00FF00"" f=""simhei-11""></T><B></B><T t="""" c=""FF00FF00"" f=""simhei-11""></T><T t=""  法术伤害 +18"" c=""FF00FF00"" f=""simhei-11""></T><B></B><T t=""  气血 +120"" c=""FF00FF00"" f=""simhei-11""></T><B></B><B></B><T t=""器灵宝珠："" c=""FFFFFF00"" f=""simhei-11""></T><T t=""来自天工阁的墨家巨匠们倾尽心血制作而出的宝珠。"" c=""FFFFF2DF"" f=""simhei-11""></T>","器灵镶嵌","","","点击物品使用","器灵","","3","80","","","","","","","","2","7","","","","","","","","1","1","7","","物理伤害 +24","法术伤害 +18","气血 +120","","","0","0","0","0","0","0"
"680506","4694","器灵•龙虎势","ff6ddcf6","5","1281","个","0","1","7507","true","1","1","0","0","0","0","0","false","false","false","0","0","1","1","999","0","0","5000000","<T t=""器灵属性"" c=""FFFFFF00"" f=""simhei-11""></T><B></B><T t=""  物理伤害 +24"" c=""FF00FF00"" f=""simhei-11""></T><B></B><T t="""" c=""FF00FF00"" f=""simhei-11""></T><T t=""  法术伤害 +18"" c=""FF00FF00"" f=""simhei-11""></T><B></B><T t=""  速度 +24"" c=""FF00FF00"" f=""simhei-11""></T><B></B><B></B><T t=""器灵宝珠："" c=""FFFFFF00"" f=""simhei-11""></T><T t=""来自天工阁的墨家巨匠们倾尽心血制作而出的宝珠。"" c=""FFFFF2DF"" f=""simhei-11""></T>","器灵镶嵌","","","点击物品使用","器灵","","3","80","","","","","","","","2","7","","","","","","","","1","1","7","","物理伤害 +24","法术伤害 +18","速度 +24","","","0","0","0","0","0","0"
"680507","4694","器灵•金钟罩","ff6ddcf6","5","1281","个","0","1","7507","true","1","1","0","0","0","0","0","false","false","false","0","0","1","1","999","0","0","5000000","<T t=""器灵属性"" c=""FFFFFF00"" f=""simhei-11""></T><B></B><T t=""  物理防御 +36"" c=""FF00FF00"" f=""simhei-11""></T><B></B><T t="""" c=""FF00FF00"" f=""simhei-11""></T><T t=""  法术防御 +24"" c=""FF00FF00"" f=""simhei-11""></T><B></B><T t=""  气血 +120"" c=""FF00FF00"" f=""simhei-11""></T><B></B><B></B><T t=""器灵宝珠："" c=""FFFFFF00"" f=""simhei-11""></T><T t=""来自天工阁的墨家巨匠们倾尽心血制作而出的宝珠。"" c=""FFFFF2DF"" f=""simhei-11""></T>","器灵镶嵌","","","点击物品使用","器灵","","3","80","","","","","","","","2","7","","","","","","","","1","1","7","","物理防御 +36","法术防御 +24","气血 +120","","","0","0","0","0","0","0"
"680508","4694","器灵•青云心","ff6ddcf6","5","1281","个","0","1","7507","true","1","1","0","0","0","0","0","false","false","false","0","0","1","1","999","0","0","5000000","<T t=""器灵属性"" c=""FFFFFF00"" f=""simhei-11""></T><B></B><T t=""  物理防御 +36"" c=""FF00FF00"" f=""simhei-11""></T><B></B><T t="""" c=""FF00FF00"" f=""simhei-11""></T><T t=""  法术防御 +24"" c=""FF00FF00"" f=""simhei-11""></T><B></B><T t=""  速度 +24"" c=""FF00FF00"" f=""simhei-11""></T><B></B><B></B><T t=""器灵宝珠："" c=""FFFFFF00"" f=""simhei-11""></T><T t=""来自天工阁的墨家巨匠们倾尽心血制作而出的宝珠。"" c=""FFFFF2DF"" f=""simhei-11""></T>","器灵镶嵌","","","点击物品使用","器灵","","3","80","","","","","","","","2","7","","","","","","","","1","1","7","","物理防御 +36","法术防御 +24","速度 +24","","","0","0","0","0","0","0"
"680509","4694","器灵•青莲剑歌","ff6ddcf6","5","1281","个","0","1","7507","true","1","1","0","0","0","0","0","false","false","false","0","0","1","1","999","0","0","5000000","<T t=""器灵属性"" c=""FFFFFF00"" f=""simhei-11""></T><B></B><T t=""  物理伤害 +2%"" c=""FF00FF00"" f=""simhei-11""></T><B></B><T t="""" c=""FF00FF00"" f=""simhei-11""></T><T t=""  法术伤害 +2%"" c=""FF00FF00"" f=""simhei-11""></T><B></B><T t=""  气血 +5%"" c=""FF00FF00"" f=""simhei-11""></T><B></B><B></B><T t=""器灵宝珠："" c=""FFFFFF00"" f=""simhei-11""></T><T t=""来自天工阁的墨家巨匠们倾尽心血制作而出的宝珠。"" c=""FFFFF2DF"" f=""simhei-11""></T>","器灵镶嵌","","","点击物品使用","器灵","","3","80","","","","","","","","2","7","","","","","","","","1","1","7","","物理伤害 +2%","法术伤害 +2%","气血 +5%","","","0","0","0","0","0","0"
"680510","4694","器灵•佛莲噬心","ff6ddcf6","5","1281","个","0","1","7507","true","1","1","0","0","0","0","0","false","false","false","0","0","1","1","999","0","0","5000000","<T t=""器灵属性"" c=""FFFFFF00"" f=""simhei-11""></T><B></B><T t=""  物理伤害 +2%"" c=""FF00FF00"" f=""simhei-11""></T><B></B><T t="""" c=""FF00FF00"" f=""simhei-11""></T><T t=""  法术伤害 +2%"" c=""FF00FF00"" f=""simhei-11""></T><B></B><T t=""  速度 +2%"" c=""FF00FF00"" f=""simhei-11""></T><B></B><B></B><T t=""器灵宝珠："" c=""FFFFFF00"" f=""simhei-11""></T><T t=""来自天工阁的墨家巨匠们倾尽心血制作而出的宝珠。"" c=""FFFFF2DF"" f=""simhei-11""></T>","器灵镶嵌","","","点击物品使用","器灵","","3","80","","","","","","","","2","7","","","","","","","","1","1","7","","物理伤害 +2%","法术伤害 +2%","速度 +2%","","","0","0","0","0","0","0"
"680511","4694","器灵•固若金汤","ff6ddcf6","5","1281","个","0","1","7507","true","1","1","0","0","0","0","0","false","false","false","0","0","1","1","999","0","0","5000000","<T t=""器灵属性"" c=""FFFFFF00"" f=""simhei-11""></T><B></B><T t=""  物理防御 +2%"" c=""FF00FF00"" f=""simhei-11""></T><B></B><T t="""" c=""FF00FF00"" f=""simhei-11""></T><T t=""  法术防御 +2%"" c=""FF00FF00"" f=""simhei-11""></T><B></B><T t=""  气血 +5%"" c=""FF00FF00"" f=""simhei-11""></T><B></B><B></B><T t=""器灵宝珠："" c=""FFFFFF00"" f=""simhei-11""></T><T t=""来自天工阁的墨家巨匠们倾尽心血制作而出的宝珠。"" c=""FFFFF2DF"" f=""simhei-11""></T>","器灵镶嵌","","","点击物品使用","器灵","","3","80","","","","","","","","2","7","","","","","","","","1","1","7","","物理防御 +2%","法术防御 +2%","气血 +5%","","","0","0","0","0","0","0"
"680512","4694","器灵•镇海冲云","ff6ddcf6","5","1281","个","0","1","7507","true","1","1","0","0","0","0","0","false","false","false","0","0","1","1","999","0","0","5000000","<T t=""器灵属性"" c=""FFFFFF00"" f=""simhei-11""></T><B></B><T t=""  物理防御 +2%"" c=""FF00FF00"" f=""simhei-11""></T><B></B><T t="""" c=""FF00FF00"" f=""simhei-11""></T><T t=""  法术防御 +2%"" c=""FF00FF00"" f=""simhei-11""></T><B></B><T t=""  速度 +2%"" c=""FF00FF00"" f=""simhei-11""></T><B></B><B></B><T t=""器灵宝珠："" c=""FFFFFF00"" f=""simhei-11""></T><T t=""来自天工阁的墨家巨匠们倾尽心血制作而出的宝珠。"" c=""FFFFF2DF"" f=""simhei-11""></T>","器灵镶嵌","","","点击物品使用","器灵","","3","80","","","","","","","","2","7","","","","","","","","1","1","7","","物理防御 +2%","法术防御 +2%","速度 +2%","","","0","0","0","0","0","0"
"680600","4694","特技书：编号007","ff6ddcf6","5","1285","个","0","1","7507","true","1","1","0","0","0","0","0","false","false","false","0","0","1","1","1","0","0","5000000","用于器灵镶嵌","器灵镶嵌","","","","","","3","80","","","","","","","","2","7","","","","","","","","1","1","30","","","","","","","0","0","0","0","0","0"
"680601","4694","特技石•起死","ff6ddcf6","5","1279","张","0","1","7507","true","1","1","0","0","0","0","0","false","false","false","0","0","1","1","999","0","0","5000000","<T t=""特技：起死回生"" c=""FFFFFF00"" f=""simhei-11""></T><B></B><T t=""神奇的石头，携带各种强大的技能，可用于装备特技定制。"" c=""fffff2df"" f=""simhei-11""></T>","特技定制","","","点击物品适用","符箓","","3","82","","","","","","","","2","7","","","","","","","","1","1","7","","特技符•起死回生","替换特技•起死回生","消耗物品，并将当前特技替换为：起死回生","","","0","0","0","0","0","0"
"680602","4694","特技石•慈航","ff6ddcf6","5","1279","张","0","1","7507","true","1","1","0","0","0","0","0","false","false","false","0","0","1","1","999","0","0","5000000","<T t=""特技：慈航普度"" c=""FFFFFF00"" f=""simhei-11""></T><B></B><T t=""神奇的石头，携带各种强大的技能，可用于装备特技定制。"" c=""fffff2df"" f=""simhei-11""></T>","特技定制","","","点击物品适用","符箓","","3","82","","","","","","","","2","7","","","","","","","","1","1","7","","特技符•慈航普度","替换特技•慈航普度","消耗物品，并将当前特技替换为：慈航普度","","","0","0","0","0","0","0"
"680603","4694","特技石•水清","ff6ddcf6","5","1279","张","0","1","7507","true","1","1","0","0","0","0","0","false","false","false","0","0","1","1","999","0","0","5000000","<T t=""特技：水清决"" c=""FFFFFF00"" f=""simhei-11""></T><B></B><T t=""神奇的石头，携带各种强大的技能，可用于装备特技定制。"" c=""fffff2df"" f=""simhei-11""></T>","特技定制","","","点击物品适用","符箓","","3","82","","","","","","","","2","7","","","","","","","","1","1","7","","特技符•水清诀","替换特技•水清诀","消耗物品，并将当前特技替换为：水清诀","","","0","0","0","0","0","0"
"680604","4694","特技石•玉清","ff6ddcf6","5","1279","张","0","1","7507","true","1","1","0","0","0","0","0","false","false","false","0","0","1","1","999","0","0","5000000","<T t=""特技：玉清诀"" c=""FFFFFF00"" f=""simhei-11""></T><B></B><T t=""神奇的石头，携带各种强大的技能，可用于装备特技定制。"" c=""fffff2df"" f=""simhei-11""></T>","特技定制","","","点击物品适用","符箓","","3","82","","","","","","","","2","7","","","","","","","","1","1","7","","特技符•玉清诀","替换特技•玉清诀","消耗物品，并将当前特技替换为：玉清诀","","","0","0","0","0","0","0"
"680605","4694","特技石•晶清","ff6ddcf6","5","1279","张","0","1","7507","true","1","1","0","0","0","0","0","false","false","false","0","0","1","1","999","0","0","5000000","<T t=""特技：晶清决"" c=""FFFFFF00"" f=""simhei-11""></T><B></B><T t=""神奇的石头，携带各种强大的技能，可用于装备特技定制。"" c=""fffff2df"" f=""simhei-11""></T>","特技定制","","","点击物品适用","符箓","","3","82","","","","","","","","2","7","","","","","","","","1","1","7","","特技符•晶清诀","替换特技•晶清诀","消耗物品，并将当前特技替换为：晶清诀","","","0","0","0","0","0","0"
"680606","4694","特技石•笑里","ff6ddcf6","5","1279","张","0","1","7507","true","1","1","0","0","0","0","0","false","false","false","0","0","1","1","999","0","0","5000000","<T t=""特技：笑里藏刀"" c=""FFFFFF00"" f=""simhei-11""></T><B></B><T t=""神奇的石头，携带各种强大的技能，可用于装备特技定制。"" c=""fffff2df"" f=""simhei-11""></T>","特技定制","","","点击物品适用","符箓","","3","82","","","","","","","","2","7","","","","","","","","1","1","7","","特技符•笑里藏刀","替换特技•笑里藏刀","消耗物品，并将当前特技替换为：笑里藏刀","","","0","0","0","0","0","0"
"680607","4694","特技石•野兽","ff6ddcf6","5","1279","张","0","1","7507","true","1","1","0","0","0","0","0","false","false","false","0","0","1","1","999","0","0","5000000","<T t=""特技：野兽之力"" c=""FFFFFF00"" f=""simhei-11""></T><B></B><T t=""神奇的石头，携带各种强大的技能，可用于装备特技定制。"" c=""fffff2df"" f=""simhei-11""></T>","特技定制","","","点击物品适用","符箓","","3","82","","","","","","","","2","7","","","","","","","","1","1","7","","特技符•野兽之力","替换特技•野兽之力","消耗物品，并将当前特技替换为：野兽之力","","","0","0","0","0","0","0"
"680608","4694","特技石•放下","ff6ddcf6","5","1279","张","0","1","7507","true","1","1","0","0","0","0","0","false","false","false","0","0","1","1","999","0","0","5000000","<T t=""特技：放下屠刀"" c=""FFFFFF00"" f=""simhei-11""></T><B></B><T t=""神奇的石头，携带各种强大的技能，可用于装备特技定制。"" c=""fffff2df"" f=""simhei-11""></T>","特技定制","","","点击物品适用","符箓","","3","82","","","","","","","","2","7","","","","","","","","1","1","7","","特技符•放下屠刀","替换特技•放下屠刀","消耗物品，并将当前特技替换为：放下屠刀","","","0","0","0","0","0","0"
"680609","4694","特技石•光辉","ff6ddcf6","5","1279","张","0","1","7507","true","1","1","0","0","0","0","0","false","false","false","0","0","1","1","999","0","0","5000000","<T t=""特技：光辉之甲"" c=""FFFFFF00"" f=""simhei-11""></T><B></B><T t=""神奇的石头，携带各种强大的技能，可用于装备特技定制。"" c=""fffff2df"" f=""simhei-11""></T>","特技定制","","","点击物品适用","符箓","","3","82","","","","","","","","2","7","","","","","","","","1","1","7","","特技符•光辉之甲","替换特技•光辉之甲","消耗物品，并将当前特技替换为：光辉之甲","","","0","0","0","0","0","0"
"680610","4694","特技石•破甲","ff6ddcf6","5","1279","张","0","1","7507","true","1","1","0","0","0","0","0","false","false","false","0","0","1","1","999","0","0","5000000","<T t=""特技：破甲术"" c=""FFFFFF00"" f=""simhei-11""></T><B></B><T t=""神奇的石头，携带各种强大的技能，可用于装备特技定制。"" c=""fffff2df"" f=""simhei-11""></T>","特技定制","","","点击物品适用","符箓","","3","82","","","","","","","","2","7","","","","","","","","1","1","7","","特技符•破甲术","替换特技•破甲术","消耗物品，并将当前特技替换为：破甲术","","","0","0","0","0","0","0"
"680611","4694","特技石•流云","ff6ddcf6","5","1279","张","0","1","7507","true","1","1","0","0","0","0","0","false","false","false","0","0","1","1","999","0","0","5000000","<T t=""特技：流云诀"" c=""FFFFFF00"" f=""simhei-11""></T><B></B><T t=""神奇的石头，携带各种强大的技能，可用于装备特技定制。"" c=""fffff2df"" f=""simhei-11""></T>","特技定制","","","点击物品适用","符箓","","3","82","","","","","","","","2","7","","","","","","","","1","1","7","","特技符•流云诀","替换特技•流云诀","消耗物品，并将当前特技替换为：流云诀","","","0","0","0","0","0","0"
"680612","4694","特技石•凝滞","ff6ddcf6","5","1279","张","0","1","7507","true","1","1","0","0","0","0","0","false","false","false","0","0","1","1","999","0","0","5000000","<T t=""特技：凝滞术"" c=""FFFFFF00"" f=""simhei-11""></T><B></B><T t=""神奇的石头，携带各种强大的技能，可用于装备特技定制。"" c=""fffff2df"" f=""simhei-11""></T>","特技定制","","","点击物品适用","符箓","","3","82","","","","","","","","2","7","","","","","","","","1","1","7","","特技符•凝滞术","替换特技•凝滞术","消耗物品，并将当前特技替换为：凝滞术","","","0","0","0","0","0","0"
"680613","4694","特技石•太极","ff6ddcf6","5","1279","张","0","1","7507","true","1","1","0","0","0","0","0","false","false","false","0","0","1","1","999","0","0","5000000","<T t=""特技：太极护法"" c=""FFFFFF00"" f=""simhei-11""></T><B></B><T t=""神奇的石头，携带各种强大的技能，可用于装备特技定制。"" c=""fffff2df"" f=""simhei-11""></T>","特技定制","","","点击物品适用","符箓","","3","82","","","","","","","","2","7","","","","","","","","1","1","7","","特技符•太极护法","替换特技•太极护法","消耗物品，并将当前特技替换为：太极护法","","","0","0","0","0","0","0"
"680614","4694","特技石•罗汉","ff6ddcf6","5","1279","张","0","1","7507","true","1","1","0","0","0","0","0","false","false","false","0","0","1","1","999","0","0","5000000","<T t=""特技：罗汉金钟"" c=""FFFFFF00"" f=""simhei-11""></T><B></B><T t=""神奇的石头，携带各种强大的技能，可用于装备特技定制。"" c=""fffff2df"" f=""simhei-11""></T>","特技定制","","","点击物品适用","符箓","","3","82","","","","","","","","2","7","","","","","","","","1","1","7","","特技符•罗汉金钟","替换特技•罗汉金钟","消耗物品，并将当前特技替换为：罗汉金钟","","","0","0","0","0","0","0"
"680615","4694","特技石•破血","ff6ddcf6","5","1279","张","0","1","7507","true","1","1","0","0","0","0","0","false","false","false","0","0","1","1","999","0","0","5000000","<T t=""特技：破血狂攻"" c=""FFFFFF00"" f=""simhei-11""></T><B></B><T t=""神奇的石头，携带各种强大的技能，可用于装备特技定制。"" c=""fffff2df"" f=""simhei-11""></T>","特技定制","","","点击物品适用","符箓","","3","82","","","","","","","","2","7","","","","","","","","1","1","7","","特技符•破血狂攻","替换特技•破血狂攻","消耗物品，并将当前特技替换为：破血狂攻","","","0","0","0","0","0","0"
"680616","4694","特技石•弱点","ff6ddcf6","5","1279","张","0","1","7507","true","1","1","0","0","0","0","0","false","false","false","0","0","1","1","999","0","0","5000000","<T t=""特技：弱点击破"" c=""FFFFFF00"" f=""simhei-11""></T><B></B><T t=""神奇的石头，携带各种强大的技能，可用于装备特技定制。"" c=""fffff2df"" f=""simhei-11""></T>","特技定制","","","点击物品适用","符箓","","3","82","","","","","","","","2","7","","","","","","","","1","1","7","","特技符•弱点击破","替换特技•弱点击破","消耗物品，并将当前特技替换为：弱点击破","","","0","0","0","0","0","0"
"680617","4694","特技石•破碎","ff6ddcf6","5","1279","张","0","1","7507","true","1","1","0","0","0","0","0","false","false","false","0","0","1","1","999","0","0","5000000","<T t=""特技：破碎无双"" c=""FFFFFF00"" f=""simhei-11""></T><B></B><T t=""神奇的石头，携带各种强大的技能，可用于装备特技定制。"" c=""fffff2df"" f=""simhei-11""></T>","特技定制","","","点击物品适用","符箓","","3","82","","","","","","","","2","7","","","","","","","","1","1","7","","特技符•破碎无双","替换特技•破碎无双","消耗物品，并将当前特技替换为：破碎无双","","","0","0","0","0","0","0"
"680618","4694","特技石•野兽","ff6ddcf6","5","1279","张","0","1","7507","true","1","1","0","0","0","0","0","false","false","false","0","0","1","1","999","0","0","5000000","<T t=""特技：野兽之力"" c=""FFFFFF00"" f=""simhei-11""></T><B></B><T t=""神奇的石头，携带各种强大的技能，可用于装备特技定制。"" c=""fffff2df"" f=""simhei-11""></T>","特技定制","","","点击物品适用","符箓","","3","82","","","","","","","","2","7","","","","","","","","1","1","7","","特技符•野兽之力","替换特技•野兽之力","消耗物品，并将当前特技替换为：野兽之力","","","0","0","0","0","0","0"
"680619","4694","特技石•野兽","ff6ddcf6","5","1279","张","0","1","7507","true","1","1","0","0","0","0","0","false","false","false","0","0","1","1","999","0","0","5000000","<T t=""特技：野兽之力"" c=""FFFFFF00"" f=""simhei-11""></T><B></B><T t=""神奇的石头，携带各种强大的技能，可用于装备特技定制。"" c=""fffff2df"" f=""simhei-11""></T>","特技定制","","","点击物品适用","符箓","","3","82","","","","","","","","2","7","","","","","","","","1","1","7","","特技符•野兽之力","替换特技•野兽之力","消耗物品，并将当前特技替换为：野兽之力","","","0","0","0","0","0","0"
"680620","4694","特技石•野兽","ff6ddcf6","5","1279","张","0","1","7507","true","1","1","0","0","0","0","0","false","false","false","0","0","1","1","999","0","0","5000000","<T t=""特技：野兽之力"" c=""FFFFFF00"" f=""simhei-11""></T><B></B><T t=""神奇的石头，携带各种强大的技能，可用于装备特技定制。"" c=""fffff2df"" f=""simhei-11""></T>","特技定制","","","点击物品适用","符箓","","3","82","","","","","","","","2","7","","","","","","","","1","1","7","","特技符•野兽之力","替换特技•野兽之力","消耗物品，并将当前特技替换为：野兽之力","","","0","0","0","0","0","0"
"680621","4694","特技石•野兽","ff6ddcf6","5","1279","张","0","1","7507","true","1","1","0","0","0","0","0","false","false","false","0","0","1","1","999","0","0","5000000","<T t=""特技：野兽之力"" c=""FFFFFF00"" f=""simhei-11""></T><B></B><T t=""神奇的石头，携带各种强大的技能，可用于装备特技定制。"" c=""fffff2df"" f=""simhei-11""></T>","特技定制","","","点击物品适用","符箓","","3","82","","","","","","","","2","7","","","","","","","","1","1","7","","特技符•野兽之力","替换特技•野兽之力","消耗物品，并将当前特技替换为：野兽之力","","","0","0","0","0","0","0"
"680622","4262","特技石•礼包","ff6ddcf6","4","1772","个","0","1","7100","true","0","0","0","0","0","0","0","false","false","false","0","0","1","1","999","0","0","5000000","打开可以随机获得一个特技石","使用获得","","","","礼包","","","","","","","","","","","","","","","","","","","","","1","","","","","","","","0","0","0","0","0","0"
"111132","96","下面是神兽用的物品","ff6ddcf6","4","1158","个","0","90","5500","true","0","0","0","0","0","0","0","false","false","false","0","0","1","1","999","0","0","5000000","每个品类需要控制在100以内，序号顺序要整洁","金钱","","0","使用方法：直接获得金钱","","","0","","","","0","","","","","","","","","","","","","","","1","","","","","","","","0","0","0","0","0","0"
"680700","4694","神兜兜","ff6ddcf6","5","1230","个","0","1","7507","true","1","1","0","0","0","0","0","false","false","false","0","0","1","1","99999","0","0","5000000","<T t=""三界之内的神兽们最喜欢的玩具，积攒99个，神兽就会跟你回家哦。"" c=""FFFFF2DF"" f=""simhei-11""></T>","兑换神兽","","","点击物品使用","奇珍","","1","161509","","","","","","","","","","","","","","","","","1","1","7","","","","","","","0","0","0","0","0","0"
"680799","534","新手泡泡法","ff6ddcf6","5","30242","个","0","1","7508","true","0","0","0","0","0","0","0","false","false","false","0","0","1","1","1","0","0","5000000","打开可获得新手法术泡泡","使用获得宠物","","","点击物品使用","","","","","","","","","","","","","","","","","","","1","1","","","","","","","","","","0","0","0","0","0","0"
"680709","582","新人自选宝宝","ff6ddcf6","4","1754","个","0","1","7508","true","0","0","0","0","0","0","0","false","false","false","0","0","1","1","1","0","0","5000000","打开自选法术攻击宝宝","自由选择奖励","","","","宝宝自选","","3","73","","","","","","","","","","","","","","","","","","","","","","","","","","0","0","0","0","0","0"
"680713","4694","神兜兜*20","ff6ddcf6","5","1230","个","0","1","7507","true","1","1","0","0","0","0","0","false","false","false","0","0","1","1","999","0","0","5000000","<T t=""打开获得20个神兜兜。"" c=""FFFFF2DF"" f=""simhei-11""></T>","使用获得","","","点击物品使用","奇珍","","1","161509","","","","","","","","","","","","","","","","","1","1","7","","","","","","","0","0","0","0","0","0"
"680701","4694","神羊兑换券","ff6ddcf6","5","1704","张","0","1","7507","true","1","1","0","0","0","0","0","false","false","false","0","0","1","1","1","0","0","5000000","<T t=""此券可以在超级神羊使者处"" c=""FFFFF2DF"" f=""simhei-11""></T><B></B><T t=""兑换"" c=""FFFFF2DF"" f=""simhei-11""></T><T t=""“超级神羊”"" c=""FFFFFF00"" f=""simhei-11""></T><T t=""。"" c=""FFFFF2DF"" f=""simhei-11""></T>","兑换神兽","","","点击物品使用","礼券","","1","1615001","","","","","","","","","","","","","","","","","1","1","7","","","","","","","0","0","0","0","0","0"
"680702","4694","泡泡兑换券","ff6ddcf6","5","1705","张","0","1","7507","true","1","1","0","0","0","0","0","false","false","false","0","0","1","1","1","0","0","5000000","<T t=""此券可以在超级泡泡使者处"" c=""FFFFF2DF"" f=""simhei-11""></T><B></B><T t=""兑换"" c=""FFFFF2DF"" f=""simhei-11""></T><T t=""“超级泡泡”"" c=""FFFFFF00"" f=""simhei-11""></T><T t=""。"" c=""FFFFF2DF"" f=""simhei-11""></T>","兑换神兽","","","点击物品使用","礼券","","1","1615002","","","","","","","","","","","","","","","","","1","1","7","","","","","","","0","0","0","0","0","0"
"680703","4694","九色鹿兑换券","ff6ddcf6","5","1706","张","0","1","7507","true","1","1","0","0","0","0","0","false","false","false","0","0","1","1","1","0","0","5000000","<T t=""此券可以在超级九色鹿使者处"" c=""FFFFF2DF"" f=""simhei-11""></T><B></B><T t=""兑换"" c=""FFFFF2DF"" f=""simhei-11""></T><T t=""“超级九色鹿”"" c=""FFFFFF00"" f=""simhei-11""></T><T t=""。"" c=""FFFFF2DF"" f=""simhei-11""></T>","兑换神兽","","","点击物品使用","礼券","","1","1615003","","","","","","","","","","","","","","","","","1","1","7","","","","","","","0","0","0","0","0","0"
"680704","4694","大熊猫兑换券","ff6ddcf6","5","1707","张","0","1","7507","true","1","1","0","0","0","0","0","false","false","false","0","0","1","1","1","0","0","5000000","<T t=""此券可以在超级大熊猫使者处"" c=""FFFFF2DF"" f=""simhei-11""></T><B></B><T t=""兑换"" c=""FFFFF2DF"" f=""simhei-11""></T><T t=""“超级大熊猫”"" c=""FFFFFF00"" f=""simhei-11""></T><T t=""。"" c=""FFFFF2DF"" f=""simhei-11""></T>","兑换神兽","","","点击物品使用","礼券","","1","1615004","","","","","","","","","","","","","","","","","1","1","7","","","","","","","0","0","0","0","0","0"
"680705","4694","神鸡兑换券","ff6ddcf6","5","1708","张","0","1","7507","true","1","1","0","0","0","0","0","false","false","false","0","0","1","1","1","0","0","5000000","<T t=""此券可以在超级神鸡使者处"" c=""FFFFF2DF"" f=""simhei-11""></T><B></B><T t=""兑换"" c=""FFFFF2DF"" f=""simhei-11""></T><T t=""“超级神鸡”"" c=""FFFFFF00"" f=""simhei-11""></T><T t=""。"" c=""FFFFF2DF"" f=""simhei-11""></T>","兑换神兽","","","点击物品使用","礼券","","1","1611001","","","","","","","","","","","","","","","","","1","1","7","","","","","","","0","0","0","0","0","0"
"680706","4694","神猴兑换券","ff6ddcf6","5","1709","张","0","1","7507","true","1","1","0","0","0","0","0","false","false","false","0","0","1","1","1","0","0","5000000","<T t=""此券可以在超级神猴使者处"" c=""FFFFF2DF"" f=""simhei-11""></T><B></B><T t=""兑换"" c=""FFFFF2DF"" f=""simhei-11""></T><T t=""“超级神猴”"" c=""FFFFFF00"" f=""simhei-11""></T><T t=""。"" c=""FFFFF2DF"" f=""simhei-11""></T>","兑换神兽","","","点击物品使用","礼券","","1","1611002","","","","","","","","","","","","","","","","","1","1","7","","","","","","","0","0","0","0","0","0"
"680707","4694","赤焰兽兑换券","ff6ddcf6","5","1710","张","0","1","7507","true","1","1","0","0","0","0","0","false","false","false","0","0","1","1","1","0","0","5000000","<T t=""此券可以在超级赤焰兽使者处"" c=""FFFFF2DF"" f=""simhei-11""></T><B></B><T t=""兑换"" c=""FFFFF2DF"" f=""simhei-11""></T><T t=""“超级赤焰兽”"" c=""FFFFFF00"" f=""simhei-11""></T><T t=""。"" c=""FFFFF2DF"" f=""simhei-11""></T>","兑换神兽","","","点击物品使用","礼券","","1","1611003","","","","","","","","","","","","","","","","","1","1","7","","","","","","","0","0","0","0","0","0"
"680708","4694","神龙兑换券","ff6ddcf6","5","1711","张","0","1","7507","true","1","1","0","0","0","0","0","false","false","false","0","0","1","1","1","0","0","5000000","<T t=""此券可以在超级神龙使者处"" c=""FFFFF2DF"" f=""simhei-11""></T><B></B><T t=""兑换"" c=""FFFFF2DF"" f=""simhei-11""></T><T t=""“超级神龙”"" c=""FFFFFF00"" f=""simhei-11""></T><T t=""。"" c=""FFFFF2DF"" f=""simhei-11""></T>","兑换神兽","","","点击物品使用","礼券","","1","1611004","","","","","","","","","","","","","","","","","1","1","7","","","","","","","0","0","0","0","0","0"
"680721","534","超级神羊","ff6ddcf6","5","30326","个","0","1","7508","true","0","0","0","0","0","0","0","false","false","false","0","0","1","1","999","0","0","5000000","打开可获得超级神羊","使用获得宠物","","","","","","","","","","","","","","","","","","","","","","1","1","","","","","","","","","","0","","","0","0","0"
"680722","534","超级泡泡","ff6ddcf6","5","30327","个","0","1","7508","true","0","0","0","0","0","0","0","false","false","false","0","0","1","1","999","0","0","5000000","打开可获得超级泡泡","使用获得宠物","","","","","","","","","","","","","","","","","","","","","","1","1","","","","","","","","","","0","","","0","0","0"
"680723","534","超级九色鹿","ff6ddcf6","5","30328","个","0","1","7508","true","0","0","0","0","0","0","0","false","false","false","0","0","1","1","999","0","0","5000000","打开可获得超级九色鹿","使用获得宠物","","","","","","","","","","","","","","","","","","","","","","1","1","","","","","","","","","","0","","","0","0","0"
"680724","534","超级大熊猫","ff6ddcf6","5","30329","个","0","1","7508","true","0","0","0","0","0","0","0","false","false","false","0","0","1","1","999","0","0","5000000","打开可获得超级大熊猫","使用获得宠物","","","","","","","","","","","","","","","","","","","","","","1","1","","","","","","","","","","0","","","0","0","0"
"680725","534","超级神鸡","ff6ddcf6","5","30330","个","0","1","7508","true","0","0","0","0","0","0","0","false","false","false","0","0","1","1","999","0","0","5000000","打开可获得超级神鸡","使用获得宠物","","","","","","","","","","","","","","","","","","","","","","1","1","","","","","","","","","","0","","","0","0","0"
"680726","534","超级神猴","ff6ddcf6","5","30331","个","0","1","7508","true","0","0","0","0","0","0","0","false","false","false","0","0","1","1","999","0","0","5000000","打开可获得超级神猴","使用获得宠物","","","","","","","","","","","","","","","","","","","","","","1","1","","","","","","","","","","0","","","0","0","0"
"680727","534","超级赤焰兽","ff6ddcf6","5","30332","个","0","1","7508","true","0","0","0","0","0","0","0","false","false","false","0","0","1","1","999","0","0","5000000","打开可获得超级赤焰兽","使用获得宠物","","","","","","","","","","","","","","","","","","","","","","1","1","","","","","","","","","","0","","","0","0","0"
"680728","534","超级神龙","ff6ddcf6","5","30333","个","0","1","7508","true","0","0","0","0","0","0","0","false","false","false","0","0","1","1","999","0","0","5000000","打开可获得超级神龙","使用获得宠物","","","","","","","","","","","","","","","","","","","","","","1","1","","","","","","","","","","0","","","0","0","0"
"680729","534","超级神鼠","ff6ddcf6","5","30336","个","0","1","7508","true","0","0","0","0","0","0","0","false","false","false","0","0","1","1","999","0","0","5000000","打开可获得超级神鼠","使用获得宠物","","","","","","","","","","","","","","","","","","","","","","1","1","","","","","","","","","","0","","","0","0","0"
"680730","534","超级神虎","ff6ddcf6","5","30334","个","0","1","7508","true","0","0","0","0","0","0","0","false","false","false","0","0","1","1","999","0","0","5000000","打开可获得超级神虎","使用获得宠物","","","","","","","","","","","","","","","","","","","","","","1","1","","","","","","","","","","0","","","0","0","0"
"680731","534","超级神猪","ff6ddcf6","5","30335","个","0","1","7508","true","0","0","0","0","0","0","0","false","false","false","0","0","1","1","999","0","0","5000000","打开可获得超级神猪","使用获得宠物","","","","","","","","","","","","","","","","","","","","","","1","1","","","","","","","","","","0","","","0","0","0"
"680732","534","超级神牛","ff6ddcf6","5","30342","个","0","1","7508","true","0","0","0","0","0","0","0","false","false","false","0","0","1","1","999","0","0","5000000","打开可获得超级神牛","使用获得宠物","","","","","","","","","","","","","","","","","","","","","","1","1","","","","","","","","","","0","","","0","0","0"
"680733","534","新手吸血鬼","ff6ddcf6","5","30261","个","0","1","7508","true","0","0","0","0","0","0","0","false","false","false","0","0","1","1","999","0","0","5000000","<T t=""吸血鬼技能"" c=""FFFFF2DF"" f=""simhei-11""></T><B></B><T t=""高级必杀"" c=""FF33FF00"" f=""simhei-11""></T><B></B><T t=""高级连击"" c=""FF33FF00"" f=""simhei-11""></T><B></B><T t=""高级突进"" c=""FF33FF00"" f=""simhei-11""></T><B></B><T t=""高级强力"" c=""FF33FF00"" f=""simhei-11""></T><B></B><T t=""高级偷袭"" c=""FF33FF00"" f=""simhei-11""></T>","使用获得宠物","","","点击物品使用","","","","","","","","","","","","","","","","","","","1","1","","","","","","","","","","0","","","0","0","0"
"680800","4262","神兽随机包","ff6ddcf6","4","1784","个","0","1","7100","true","0","0","0","0","0","0","0","false","false","false","0","0","1","1","999","0","0","5000000","<T t=""打开可获得："" c=""FFFFF2DF"" f=""simhei-11""></T><B></B><T t=""神兽"" c=""FF00FF00"" f=""simhei-11""></T><T t=""随机礼包"" c=""FFFFF2DF"" f=""simhei-11""></T>","打开获得神兽","","","","礼包","","","","","","","","","","","","","","","","","","","","","1","","","","","","","","0","","","0","0","0"
"690100","534","鬼将","ff6ddcf6","5","30265","个","0","1","7508","true","0","0","0","0","0","0","0","false","false","false","0","0","1","1","999","0","0","5000000","鬼将","使用获得宠物","","","点击物品使用","","","","","","","","","","","","","","","","","","","1","1","","","","","","","","","","0","","","0","0","0"
"690101","534","幽冥书生","ff6ddcf6","5","30266","个","0","1","7508","true","0","0","0","0","0","0","0","false","false","false","0","0","1","1","999","0","0","5000000","幽冥书生","使用获得宠物","","","点击物品使用","","","","","","","","","","","","","","","","","","","1","1","","","","","","","","","","0","","","0","0","0"
"690102","534","巨灵神将","ff6ddcf6","5","30269","个","0","1","7508","true","0","0","0","0","0","0","0","false","false","false","0","0","1","1","999","0","0","5000000","巨灵神将","使用获得宠物","","","点击物品使用","","","","","","","","","","","","","","","","","","","1","1","","","","","","","","","","0","","","0","0","0"
"690103","534","珍露童子","ff6ddcf6","5","30270","个","0","1","7508","true","0","0","0","0","0","0","0","false","false","false","0","0","1","1","999","0","0","5000000","珍露童子","使用获得宠物","","","点击物品使用","","","","","","","","","","","","","","","","","","","1","1","","","","","","","","","","0","","","0","0","0"
"690104","534","巡游天神","ff6ddcf6","5","30273","个","0","1","7508","true","0","0","0","0","0","0","0","false","false","false","0","0","1","1","999","0","0","5000000","巡游天神","使用获得宠物","","","点击物品使用","","","","","","","","","","","","","","","","","","","1","1","","","","","","","","","","0","","","0","0","0"
"690105","534","噬天虎","ff6ddcf6","5","30277","个","0","1","7508","true","0","0","0","0","0","0","0","false","false","false","0","0","1","1","999","0","0","5000000","噬天虎","使用获得宠物","","","点击物品使用","","","","","","","","","","","","","","","","","","","1","1","","","","","","","","","","0","","","0","0","0"
"690106","534","雾中仙","ff6ddcf6","5","30278","个","0","1","7508","true","0","0","0","0","0","0","0","false","false","false","0","0","1","1","999","0","0","5000000","雾中仙","使用获得宠物","","","点击物品使用","","","","","","","","","","","","","","","","","","","1","1","","","","","","","","","","0","","","0","0","0"
"690107","534","净瓶女娲","ff6ddcf6","5","30281","个","0","1","7508","true","0","0","0","0","0","0","0","false","false","false","0","0","1","1","999","0","0","5000000","净瓶女娲","使用获得宠物","","","点击物品使用","","","","","","","","","","","","","","","","","","","1","1","","","","","","","","","","0","","","0","0","0"
"690108","534","灵符女娲","ff6ddcf6","5","30282","个","0","1","7508","true","0","0","0","0","0","0","0","false","false","false","0","0","1","1","999","0","0","5000000","灵符女娲","使用获得宠物","","","点击物品使用","","","","","","","","","","","","","","","","","","","1","1","","","","","","","","","","0","","","0","0","0"
"690109","534","律法女娲","ff6ddcf6","5","30283","个","0","1","7508","true","0","0","0","0","0","0","0","false","false","false","0","0","1","1","999","0","0","5000000","律法女娲","使用获得宠物","","","点击物品使用","","","","","","","","","","","","","","","","","","","1","1","","","","","","","","","","0","","","0","0","0"
"690110","534","鬼剑","ff6ddcf6","5","30291","个","0","1","7508","true","0","0","0","0","0","0","0","false","false","false","0","0","1","1","999","0","0","5000000","鬼剑","使用获得宠物","","","点击物品使用","","","","","","","","","","","","","","","","","","","1","1","","","","","","","","","","0","","","0","0","0"
"690111","534","嘲风","ff6ddcf6","5","30292","个","0","1","7508","true","0","0","0","0","0","0","0","false","false","false","0","0","1","1","999","0","0","5000000","嘲风","使用获得宠物","","","点击物品使用","","","","","","","","","","","","","","","","","","","1","1","","","","","","","","","","0","","","0","0","0"
"690001","534","火灵兽","ff6ddcf6","5","30284","个","0","1","7508","true","0","0","0","0","0","0","0","false","false","false","0","0","1","1","999","0","0","5000000","火灵兽","使用获得宠物","","","点击物品使用","","","","","","","","","","","","","","","","","","","1","1","","","","","","","","","","0","","","0","0","0"
"690002","534","雷灵兽","ff6ddcf6","5","30285","个","0","1","7508","true","0","0","0","0","0","0","0","false","false","false","0","0","1","1","999","0","0","5000000","雷灵兽","使用获得宠物","","","点击物品使用","","","","","","","","","","","","","","","","","","","1","1","","","","","","","","","","0","","","0","0","0"
"690003","534","水灵兽","ff6ddcf6","5","30286","个","0","1","7508","true","0","0","0","0","0","0","0","false","false","false","0","0","1","1","999","0","0","5000000","水灵兽","使用获得宠物","","","点击物品使用","","","","","","","","","","","","","","","","","","","1","1","","","","","","","","","","0","","","0","0","0"
"690004","534","土灵兽","ff6ddcf6","5","30287","个","0","1","7508","true","0","0","0","0","0","0","0","false","false","false","0","0","1","1","999","0","0","5000000","土灵兽","使用获得宠物","","","点击物品使用","","","","","","","","","","","","","","","","","","","1","1","","","","","","","","","","0","","","0","0","0"
"690005","534","吉里吉里","ff6ddcf6","5","30343","个","0","1","7508","true","0","0","0","0","0","0","0","false","false","false","0","0","1","1","999","0","0","5000000","吉里吉里","使用获得宠物","","","点击物品使用","","","","","","","","","","","","","","","","","","","1","1","","","","","","","","","","0","","","0","0","0"
"690006","534","咕噜咕噜","ff6ddcf6","5","30345","个","0","1","7508","true","0","0","0","0","0","0","0","false","false","false","0","0","1","1","999","0","0","5000000","咕噜咕噜","使用获得宠物","","","点击物品使用","","","","","","","","","","","","","","","","","","","1","1","","","","","","","","","","0","","","0","0","0"
"690007","534","齐天小圣","ff6ddcf6","5","30353","个","0","1","7508","true","0","0","0","0","0","0","0","false","false","false","0","0","1","1","999","0","0","5000000","齐天大圣","使用获得宠物","","","点击物品使用","","","","","","","","","","","","","","","","","","","1","1","","","","","","","","","","0","","","0","0","0"
"690008","534","星悟空","ff6ddcf6","5","2414","个","0","1","7508","true","0","0","0","0","0","0","0","false","false","false","0","0","1","1","999","0","0","5000000","黑夜吸血鬼","使用获得宠物","","","点击物品使用","","","","","","","","","","","","","","","","","","","1","1","","","","","","","","","","0","","","0","0","0"
"690009","534","暗神","ff6ddcf6","5","2410","个","0","1","7508","true","0","0","0","0","0","0","0","false","false","false","0","0","1","1","999","0","0","5000000","黑夜鬼将","使用获得宠物","","","点击物品使用","","","","","","","","","","","","","","","","","","","1","1","","","","","","","","","","0","","","0","0","0"
"690010","534","紫玲珑","ff6ddcf6","5","2413","个","0","1","7508","true","0","0","0","0","0","0","0","false","false","false","0","0","1","1","999","0","0","5000000","黑夜画魂","使用获得宠物","","","点击物品使用","","","","","","","","","","","","","","","","","","","1","1","","","","","","","","","","0","","","0","0","0"
"690011","534","灵灯童子","ff6ddcf6","5","2420","个","0","1","7508","true","0","0","0","0","0","0","0","false","false","false","0","0","1","1","999","0","0","5000000","黑夜月魅","使用获得宠物","","","点击物品使用","","","","","","","","","","","","","","","","","","","1","1","","","","","","","","","","0","","","0","0","0"
"690012","534","驭龙","ff6ddcf6","5","2416","个","0","1","7508","true","0","0","0","0","0","0","0","false","false","false","0","0","1","1","999","0","0","5000000","黑夜狂豹","使用获得宠物","","","点击物品使用","","","","","","","","","","","","","","","","","","","1","1","","","","","","","","","","0","","","0","0","0"
"690013","534","觉醒雪","ff6ddcf6","5","2409","个","0","1","7508","true","0","0","0","0","0","0","0","false","false","false","0","0","1","1","999","0","0","5000000","黑夜猫灵","使用获得宠物","","","点击物品使用","","","","","","","","","","","","","","","","","","","1","1","","","","","","","","","","0","","","0","0","0"
"690014","534","司雷","ff6ddcf6","5","2415","个","0","1","7508","true","0","0","0","0","0","0","0","false","false","false","0","0","1","1","999","0","0","5000000","黑夜魔化童子","使用获得宠物","","","点击物品使用","","","","","","","","","","","","","","","","","","","1","1","","","","","","","","","","0","","","0","0","0"
"690015","534","紫镰魅灵","ff6ddcf6","5","2408","个","0","1","7508","true","0","0","0","0","0","0","0","false","false","false","0","0","1","1","999","0","0","5000000","黑夜持国巡守","使用获得宠物","","","点击物品使用","","","","","","","","","","","","","","","","","","","1","1","","","","","","","","","","0","","","0","0","0"
"690016","534","琴仙","ff6ddcf6","5","30446","个","0","1","7508","true","0","0","0","0","0","0","0","false","false","false","0","0","1","1","999","0","0","5000000","琴仙","使用获得宠物","","","点击物品使用","","","","","","","","","","","","","","","","","","","1","1","","","","","","","","","","0","","","0","0","0"
"690017","534","月影灵仙","ff6ddcf6","5","30437","个","0","1","7508","true","0","0","0","0","0","0","0","false","false","false","0","0","1","1","999","0","0","5000000","月灵","使用获得宠物","","","点击物品使用","","","","","","","","","","","","","","","","","","","1","1","","","","","","","","","","0","","","0","0","0"
"690018","534","冰之守护","ff6ddcf6","5","30442","个","0","1","7508","true","0","0","0","0","0","0","0","false","false","false","0","0","1","1","999","0","0","5000000","冰灵","使用获得宠物","","","点击物品使用","","","","","","","","","","","","","","","","","","","1","1","","","","","","","","","","0","","","0","0","0"
"690019","534","终末之瞳","ff6ddcf6","5","30321","个","0","1","7508","true","0","0","0","0","0","0","0","false","false","false","0","0","1","1","999","0","0","5000000","黑暗战神","使用获得宠物","","","点击物品使用","","","","","","","","","","","","","","","","","","","1","1","","","","","","","","","","0","","","0","0","0"
"690020","534","归墟之主","ff6ddcf6","5","30324","个","0","1","7508","true","0","0","0","0","0","0","0","false","false","false","0","0","1","1","999","0","0","5000000","战魄鬼将","使用获得宠物","","","点击物品使用","","","","","","","","","","","","","","","","","","","1","1","","","","","","","","","","0","","","0","0","0"
"690021","534","青鸾仕女","ff6ddcf6","5","30344","个","0","1","7508","true","0","0","0","0","0","0","0","false","false","false","0","0","1","1","999","0","0","5000000","思辰仕女","使用获得宠物","","","点击物品使用","","","","","","","","","","","","","","","","","","","1","1","","","","","","","","","","0","","","0","0","0"
"690022","534","影舞苍灵","ff6ddcf6","5","30435","个","0","1","7508","true","0","0","0","0","0","0","0","false","false","false","0","0","1","1","999","0","0","5000000","小哪吒","使用获得宠物","","","点击物品使用","","","","","","","","","","","","","","","","","","","1","1","","","","","","","","","","0","","","0","0","0"
"690023","534","画中仙","ff6ddcf6","5","30445","个","0","1","7508","true","0","0","0","0","0","0","0","false","false","false","0","0","1","1","999","0","0","5000000","小黎","使用获得宠物","","","点击物品使用","","","","","","","","","","","","","","","","","","","1","1","","","","","","","","","","0","","","0","0","0"
"690024","534","蝶衣","ff6ddcf6","5","30423","个","0","1","7508","true","0","0","0","0","0","0","0","false","false","false","0","0","1","1","999","0","0","5000000","柠檬","使用获得宠物","","","点击物品使用","","","","","","","","","","","","","","","","","","","1","1","","","","","","","","","","0","","","0","0","0"
"690025","534","冰澜妖姬","ff6ddcf6","5","30443","个","0","1","7508","true","0","0","0","0","0","0","0","false","false","false","0","0","1","1","999","0","0","5000000","天女","使用获得宠物","","","点击物品使用","","","","","","","","","","","","","","","","","","","1","1","","","","","","","","","","0","","","0","0","0"
"","","以下2.0","","","","","","","","","","","","","","","","","","","","","","","","","","","","","","","","","","","","","","","","","","","","","","","","","","","","","","","","","","","","","","","","","",""
"690026","534","火灵兽☆☆","ff6ddcf6","5","30284","个","0","1","7508","true","0","0","0","0","0","0","0","false","false","false","0","0","1","1","999","0","0","5000000","火灵兽☆☆","使用获得宠物","","","点击物品使用","","","","","","","","","","","","","","","","","","","1","1","","","","","","","","","","0","","","0","0","0"
"690027","534","雷灵兽☆☆","ff6ddcf6","5","30285","个","0","1","7508","true","0","0","0","0","0","0","0","false","false","false","0","0","1","1","999","0","0","5000000","雷灵兽☆☆","使用获得宠物","","","点击物品使用","","","","","","","","","","","","","","","","","","","1","1","","","","","","","","","","0","","","0","0","0"
"690028","534","水灵兽☆☆","ff6ddcf6","5","30286","个","0","1","7508","true","0","0","0","0","0","0","0","false","false","false","0","0","1","1","999","0","0","5000000","水灵兽☆☆","使用获得宠物","","","点击物品使用","","","","","","","","","","","","","","","","","","","1","1","","","","","","","","","","0","","","0","0","0"
"690029","534","土灵兽☆☆","ff6ddcf6","5","30287","个","0","1","7508","true","0","0","0","0","0","0","0","false","false","false","0","0","1","1","999","0","0","5000000","土灵兽☆☆","使用获得宠物","","","点击物品使用","","","","","","","","","","","","","","","","","","","1","1","","","","","","","","","","0","","","0","0","0"
"690030","534","吉里吉里☆☆","ff6ddcf6","5","30343","个","0","1","7508","true","0","0","0","0","0","0","0","false","false","false","0","0","1","1","999","0","0","5000000","吉里吉里☆☆","使用获得宠物","","","点击物品使用","","","","","","","","","","","","","","","","","","","1","1","","","","","","","","","","0","","","0","0","0"
"690031","534","咕噜咕噜☆☆","ff6ddcf6","5","30345","个","0","1","7508","true","0","0","0","0","0","0","0","false","false","false","0","0","1","1","999","0","0","5000000","咕噜咕噜☆☆","使用获得宠物","","","点击物品使用","","","","","","","","","","","","","","","","","","","1","1","","","","","","","","","","0","","","0","0","0"
"690032","534","齐天小圣☆☆","ff6ddcf6","5","30353","个","0","1","7508","true","0","0","0","0","0","0","0","false","false","false","0","0","1","1","999","0","0","5000000","齐天小圣☆☆","使用获得宠物","","","点击物品使用","","","","","","","","","","","","","","","","","","","1","1","","","","","","","","","","0","","","0","0","0"
"690033","534","恶魔泡泡☆☆","ff6ddcf6","5","30299","个","0","1","7508","true","0","0","0","0","0","0","0","false","false","false","0","0","1","1","999","0","0","5000000","恶魔泡泡☆☆","使用获得宠物","","","点击物品使用","","","","","","","","","","","","","","","","","","","1","1","","","","","","","","","","0","","","0","0","0"
"690034","534","星悟空☆☆","ff6ddcf6","5","2414","个","0","1","7508","true","0","0","0","0","0","0","0","false","false","false","0","0","1","1","999","0","0","5000000","星悟空☆☆","使用获得宠物","","","点击物品使用","","","","","","","","","","","","","","","","","","","1","1","","","","","","","","","","0","","","0","0","0"
"690035","534","暗神☆☆","ff6ddcf6","5","2410","个","0","1","7508","true","0","0","0","0","0","0","0","false","false","false","0","0","1","1","999","0","0","5000000","暗神☆☆","使用获得宠物","","","点击物品使用","","","","","","","","","","","","","","","","","","","1","1","","","","","","","","","","0","","","0","0","0"
"690036","534","紫玲珑☆☆","ff6ddcf6","5","2413","个","0","1","7508","true","0","0","0","0","0","0","0","false","false","false","0","0","1","1","999","0","0","5000000","紫玲珑☆☆","使用获得宠物","","","点击物品使用","","","","","","","","","","","","","","","","","","","1","1","","","","","","","","","","0","","","0","0","0"
"690037","534","灵灯童子☆☆","ff6ddcf6","5","2420","个","0","1","7508","true","0","0","0","0","0","0","0","false","false","false","0","0","1","1","999","0","0","5000000","灵灯童子☆☆","使用获得宠物","","","点击物品使用","","","","","","","","","","","","","","","","","","","1","1","","","","","","","","","","0","","","0","0","0"
"690038","534","驭龙☆☆","ff6ddcf6","5","2416","个","0","1","7508","true","0","0","0","0","0","0","0","false","false","false","0","0","1","1","999","0","0","5000000","驭龙☆☆","使用获得宠物","","","点击物品使用","","","","","","","","","","","","","","","","","","","1","1","","","","","","","","","","0","","","0","0","0"
"690039","534","觉醒雪☆☆","ff6ddcf6","5","2409","个","0","1","7508","true","0","0","0","0","0","0","0","false","false","false","0","0","1","1","999","0","0","5000000","觉醒雪☆☆","使用获得宠物","","","点击物品使用","","","","","","","","","","","","","","","","","","","1","1","","","","","","","","","","0","","","0","0","0"
"690040","534","司雷☆☆","ff6ddcf6","5","2415","个","0","1","7508","true","0","0","0","0","0","0","0","false","false","false","0","0","1","1","999","0","0","5000000","司雷☆☆","使用获得宠物","","","点击物品使用","","","","","","","","","","","","","","","","","","","1","1","","","","","","","","","","0","","","0","0","0"
"690041","534","紫镰魅灵☆☆","ff6ddcf6","5","2408","个","0","1","7508","true","0","0","0","0","0","0","0","false","false","false","0","0","1","1","999","0","0","5000000","紫镰魅灵☆☆","使用获得宠物","","","点击物品使用","","","","","","","","","","","","","","","","","","","1","1","","","","","","","","","","0","","","0","0","0"
"690042","534","琴仙☆☆","ff6ddcf6","5","30446","个","0","1","7508","true","0","0","0","0","0","0","0","false","false","false","0","0","1","1","999","0","0","5000000","琴仙☆☆","使用获得宠物","","","点击物品使用","","","","","","","","","","","","","","","","","","","1","1","","","","","","","","","","0","","","0","0","0"
"690043","534","月影灵仙☆☆","ff6ddcf6","5","30437","个","0","1","7508","true","0","0","0","0","0","0","0","false","false","false","0","0","1","1","999","0","0","5000000","月影灵仙☆☆","使用获得宠物","","","点击物品使用","","","","","","","","","","","","","","","","","","","1","1","","","","","","","","","","0","","","0","0","0"
"690044","534","冰之守护☆☆","ff6ddcf6","5","30442","个","0","1","7508","true","0","0","0","0","0","0","0","false","false","false","0","0","1","1","999","0","0","5000000","冰之守护☆☆","使用获得宠物","","","点击物品使用","","","","","","","","","","","","","","","","","","","1","1","","","","","","","","","","0","","","0","0","0"
"690045","534","终末之瞳☆☆","ff6ddcf6","5","30321","个","0","1","7508","true","0","0","0","0","0","0","0","false","false","false","0","0","1","1","999","0","0","5000000","终末之瞳☆☆","使用获得宠物","","","点击物品使用","","","","","","","","","","","","","","","","","","","1","1","","","","","","","","","","0","","","0","0","0"
"690046","534","归墟之主☆☆","ff6ddcf6","5","30324","个","0","1","7508","true","0","0","0","0","0","0","0","false","false","false","0","0","1","1","999","0","0","5000000","归墟之主☆☆","使用获得宠物","","","点击物品使用","","","","","","","","","","","","","","","","","","","1","1","","","","","","","","","","0","","","0","0","0"
"690047","534","青鸾仕女☆☆","ff6ddcf6","5","30344","个","0","1","7508","true","0","0","0","0","0","0","0","false","false","false","0","0","1","1","999","0","0","5000000","青鸾仕女☆☆","使用获得宠物","","","点击物品使用","","","","","","","","","","","","","","","","","","","1","1","","","","","","","","","","0","","","0","0","0"
"690048","534","影舞苍灵☆☆","ff6ddcf6","5","30435","个","0","1","7508","true","0","0","0","0","0","0","0","false","false","false","0","0","1","1","999","0","0","5000000","影舞苍灵☆☆","使用获得宠物","","","点击物品使用","","","","","","","","","","","","","","","","","","","1","1","","","","","","","","","","0","","","0","0","0"
"690049","534","画中仙☆☆","ff6ddcf6","5","30445","个","0","1","7508","true","0","0","0","0","0","0","0","false","false","false","0","0","1","1","999","0","0","5000000","画中仙☆☆","使用获得宠物","","","点击物品使用","","","","","","","","","","","","","","","","","","","1","1","","","","","","","","","","0","","","0","0","0"
"690050","534","蝶衣☆☆","ff6ddcf6","5","30423","个","0","1","7508","true","0","0","0","0","0","0","0","false","false","false","0","0","1","1","999","0","0","5000000","蝶衣☆☆","使用获得宠物","","","点击物品使用","","","","","","","","","","","","","","","","","","","1","1","","","","","","","","","","0","","","0","0","0"
"690051","534","冰澜妖姬☆☆","ff6ddcf6","5","30443","个","0","1","7508","true","0","0","0","0","0","0","0","false","false","false","0","0","1","1","999","0","0","5000000","冰澜妖姬☆☆","使用获得宠物","","","点击物品使用","","","","","","","","","","","","","","","","","","","1","1","","","","","","","","","","0","","","0","0","0"
"","","以下3.0","","","","","","","","","","","","","","","","","","","","","","","","","","","","","","","","","","","","","","","","","","","","","","","","","","","","","","","","","","","","","","","","","",""
"690052","534","火灵兽☆☆☆","ff6ddcf6","5","30284","个","0","1","7508","true","0","0","0","0","0","0","0","false","false","false","0","0","1","1","999","0","0","5000000","火灵兽☆☆☆","使用获得宠物","","","点击物品使用","","","","","","","","","","","","","","","","","","","1","1","","","","","","","","","","0","","","0","0","0"
"690053","534","雷灵兽☆☆☆","ff6ddcf6","5","30285","个","0","1","7508","true","0","0","0","0","0","0","0","false","false","false","0","0","1","1","999","0","0","5000000","雷灵兽☆☆☆","使用获得宠物","","","点击物品使用","","","","","","","","","","","","","","","","","","","1","1","","","","","","","","","","0","","","0","0","0"
"690054","534","水灵兽☆☆☆","ff6ddcf6","5","30286","个","0","1","7508","true","0","0","0","0","0","0","0","false","false","false","0","0","1","1","999","0","0","5000000","水灵兽☆☆☆","使用获得宠物","","","点击物品使用","","","","","","","","","","","","","","","","","","","1","1","","","","","","","","","","0","","","0","0","0"
"690055","534","土灵兽☆☆☆","ff6ddcf6","5","30287","个","0","1","7508","true","0","0","0","0","0","0","0","false","false","false","0","0","1","1","999","0","0","5000000","土灵兽☆☆☆","使用获得宠物","","","点击物品使用","","","","","","","","","","","","","","","","","","","1","1","","","","","","","","","","0","","","0","0","0"
"690056","534","吉里吉里☆☆☆","ff6ddcf6","5","30343","个","0","1","7508","true","0","0","0","0","0","0","0","false","false","false","0","0","1","1","999","0","0","5000000","吉里吉里☆☆☆","使用获得宠物","","","点击物品使用","","","","","","","","","","","","","","","","","","","1","1","","","","","","","","","","0","","","0","0","0"
"690057","534","咕噜咕噜☆☆☆","ff6ddcf6","5","30345","个","0","1","7508","true","0","0","0","0","0","0","0","false","false","false","0","0","1","1","999","0","0","5000000","咕噜咕噜☆☆☆","使用获得宠物","","","点击物品使用","","","","","","","","","","","","","","","","","","","1","1","","","","","","","","","","0","","","0","0","0"
"690058","534","齐天小圣☆☆☆","ff6ddcf6","5","30353","个","0","1","7508","true","0","0","0","0","0","0","0","false","false","false","0","0","1","1","999","0","0","5000000","齐天小圣☆☆☆","使用获得宠物","","","点击物品使用","","","","","","","","","","","","","","","","","","","1","1","","","","","","","","","","0","","","0","0","0"
"690059","534","恶魔泡泡☆☆☆","ff6ddcf6","5","30299","个","0","1","7508","true","0","0","0","0","0","0","0","false","false","false","0","0","1","1","999","0","0","5000000","恶魔泡泡☆☆☆","使用获得宠物","","","点击物品使用","","","","","","","","","","","","","","","","","","","1","1","","","","","","","","","","0","","","0","0","0"
"690060","534","星悟空☆☆☆","ff6ddcf6","5","2414","个","0","1","7508","true","0","0","0","0","0","0","0","false","false","false","0","0","1","1","999","0","0","5000000","星悟空☆☆☆","使用获得宠物","","","点击物品使用","","","","","","","","","","","","","","","","","","","1","1","","","","","","","","","","0","","","0","0","0"
"690061","534","暗神☆☆☆","ff6ddcf6","5","2410","个","0","1","7508","true","0","0","0","0","0","0","0","false","false","false","0","0","1","1","999","0","0","5000000","暗神☆☆☆","使用获得宠物","","","点击物品使用","","","","","","","","","","","","","","","","","","","1","1","","","","","","","","","","0","","","0","0","0"
"690062","534","紫玲珑☆☆☆","ff6ddcf6","5","2413","个","0","1","7508","true","0","0","0","0","0","0","0","false","false","false","0","0","1","1","999","0","0","5000000","紫玲珑☆☆☆","使用获得宠物","","","点击物品使用","","","","","","","","","","","","","","","","","","","1","1","","","","","","","","","","0","","","0","0","0"
"690063","534","灵灯童子☆☆☆","ff6ddcf6","5","2420","个","0","1","7508","true","0","0","0","0","0","0","0","false","false","false","0","0","1","1","999","0","0","5000000","灵灯童子☆☆☆","使用获得宠物","","","点击物品使用","","","","","","","","","","","","","","","","","","","1","1","","","","","","","","","","0","","","0","0","0"
"690064","534","驭龙☆☆☆","ff6ddcf6","5","2416","个","0","1","7508","true","0","0","0","0","0","0","0","false","false","false","0","0","1","1","999","0","0","5000000","驭龙☆☆☆","使用获得宠物","","","点击物品使用","","","","","","","","","","","","","","","","","","","1","1","","","","","","","","","","0","","","0","0","0"
"690065","534","觉醒雪☆☆☆","ff6ddcf6","5","2409","个","0","1","7508","true","0","0","0","0","0","0","0","false","false","false","0","0","1","1","999","0","0","5000000","觉醒雪☆☆☆","使用获得宠物","","","点击物品使用","","","","","","","","","","","","","","","","","","","1","1","","","","","","","","","","0","","","0","0","0"
"690066","534","司雷☆☆☆","ff6ddcf6","5","2415","个","0","1","7508","true","0","0","0","0","0","0","0","false","false","false","0","0","1","1","999","0","0","5000000","司雷☆☆☆","使用获得宠物","","","点击物品使用","","","","","","","","","","","","","","","","","","","1","1","","","","","","","","","","0","","","0","0","0"
"690067","534","紫镰魅灵☆☆☆","ff6ddcf6","5","2408","个","0","1","7508","true","0","0","0","0","0","0","0","false","false","false","0","0","1","1","999","0","0","5000000","紫镰魅灵☆☆☆","使用获得宠物","","","点击物品使用","","","","","","","","","","","","","","","","","","","1","1","","","","","","","","","","0","","","0","0","0"
"690068","534","琴仙☆☆☆","ff6ddcf6","5","30446","个","0","1","7508","true","0","0","0","0","0","0","0","false","false","false","0","0","1","1","999","0","0","5000000","琴仙☆☆☆","使用获得宠物","","","点击物品使用","","","","","","","","","","","","","","","","","","","1","1","","","","","","","","","","0","","","0","0","0"
"690069","534","月影灵仙☆☆☆","ff6ddcf6","5","30437","个","0","1","7508","true","0","0","0","0","0","0","0","false","false","false","0","0","1","1","999","0","0","5000000","月影灵仙☆☆☆","使用获得宠物","","","点击物品使用","","","","","","","","","","","","","","","","","","","1","1","","","","","","","","","","0","","","0","0","0"
"690070","534","冰之守护☆☆☆","ff6ddcf6","5","30442","个","0","1","7508","true","0","0","0","0","0","0","0","false","false","false","0","0","1","1","999","0","0","5000000","冰之守护☆☆☆","使用获得宠物","","","点击物品使用","","","","","","","","","","","","","","","","","","","1","1","","","","","","","","","","0","","","0","0","0"
"690071","534","终末之瞳☆☆☆","ff6ddcf6","5","30321","个","0","1","7508","true","0","0","0","0","0","0","0","false","false","false","0","0","1","1","999","0","0","5000000","终末之瞳☆☆☆","使用获得宠物","","","点击物品使用","","","","","","","","","","","","","","","","","","","1","1","","","","","","","","","","0","","","0","0","0"
"690072","534","归墟之主☆☆☆","ff6ddcf6","5","30324","个","0","1","7508","true","0","0","0","0","0","0","0","false","false","false","0","0","1","1","999","0","0","5000000","归墟之主☆☆☆","使用获得宠物","","","点击物品使用","","","","","","","","","","","","","","","","","","","1","1","","","","","","","","","","0","","","0","0","0"
"690073","534","青鸾仕女☆☆☆","ff6ddcf6","5","30344","个","0","1","7508","true","0","0","0","0","0","0","0","false","false","false","0","0","1","1","999","0","0","5000000","青鸾仕女☆☆☆","使用获得宠物","","","点击物品使用","","","","","","","","","","","","","","","","","","","1","1","","","","","","","","","","0","","","0","0","0"
"690074","534","影舞苍灵☆☆☆","ff6ddcf6","5","30435","个","0","1","7508","true","0","0","0","0","0","0","0","false","false","false","0","0","1","1","999","0","0","5000000","影舞苍灵☆☆☆","使用获得宠物","","","点击物品使用","","","","","","","","","","","","","","","","","","","1","1","","","","","","","","","","0","","","0","0","0"
"690075","534","画中仙☆☆☆","ff6ddcf6","5","30445","个","0","1","7508","true","0","0","0","0","0","0","0","false","false","false","0","0","1","1","999","0","0","5000000","画中仙☆☆☆","使用获得宠物","","","点击物品使用","","","","","","","","","","","","","","","","","","","1","1","","","","","","","","","","0","","","0","0","0"
"690076","534","蝶衣☆☆☆","ff6ddcf6","5","30423","个","0","1","7508","true","0","0","0","0","0","0","0","false","false","false","0","0","1","1","999","0","0","5000000","蝶衣☆☆☆","使用获得宠物","","","点击物品使用","","","","","","","","","","","","","","","","","","","1","1","","","","","","","","","","0","","","0","0","0"
"690077","534","冰澜妖姬☆☆☆","ff6ddcf6","5","30443","个","0","1","7508","true","0","0","0","0","0","0","0","false","false","false","0","0","1","1","999","0","0","5000000","冰澜妖姬☆☆☆","使用获得宠物","","","点击物品使用","","","","","","","","","","","","","","","","","","","1","1","","","","","","","","","","0","","","0","0","0"
"","","以下4.0","","","","","","","","","","","","","","","","","","","","","","","","","","","","","","","","","","","","","","","","","","","","","","","","","","","","","","","","","","","","","","","","","",""
"690078","534","三太子敖烈","ff6ddcf6","5","2414","个","0","1","7508","true","0","0","0","0","0","0","0","false","false","false","0","0","1","1","999","0","0","5000000","三太子敖烈","使用获得宠物","","","点击物品使用","","","","","","","","","","","","","","","","","","","1","1","","","","","","","","","","0","","","0","0","0"
"690079","534","七公主熬凌","ff6ddcf6","5","2410","个","0","1","7508","true","0","0","0","0","0","0","0","false","false","false","0","0","1","1","999","0","0","5000000","七公主熬凌","使用获得宠物","","","点击物品使用","","","","","","","","","","","","","","","","","","","1","1","","","","","","","","","","0","","","0","0","0"
"690080","534","东皇太一","ff6ddcf6","5","2413","个","0","1","7508","true","0","0","0","0","0","0","0","false","false","false","0","0","1","1","999","0","0","5000000","东皇太一","使用获得宠物","","","点击物品使用","","","","","","","","","","","","","","","","","","","1","1","","","","","","","","","","0","","","0","0","0"
"690081","534","太阳神","ff6ddcf6","5","2420","个","0","1","7508","true","0","0","0","0","0","0","0","false","false","false","0","0","1","1","999","0","0","5000000","太阳神","使用获得宠物","","","点击物品使用","","","","","","","","","","","","","","","","","","","1","1","","","","","","","","","","0","","","0","0","0"
"690082","534","翅膀吕布","ff6ddcf6","5","2416","个","0","1","7508","true","0","0","0","0","0","0","0","false","false","false","0","0","1","1","999","0","0","5000000","翅膀吕布","使用获得宠物","","","点击物品使用","","","","","","","","","","","","","","","","","","","1","1","","","","","","","","","","0","","","0","0","0"
"690083","534","翅膀龙女","ff6ddcf6","5","2409","个","0","1","7508","true","0","0","0","0","0","0","0","false","false","false","0","0","1","1","999","0","0","5000000","翅膀龙女","使用获得宠物","","","点击物品使用","","","","","","","","","","","","","","","","","","","1","1","","","","","","","","","","0","","","0","0","0"
"690084","534","白骨精","ff6ddcf6","5","2415","个","0","1","7508","true","0","0","0","0","0","0","0","false","false","false","0","0","1","1","999","0","0","5000000","白骨精","使用获得宠物","","","点击物品使用","","","","","","","","","","","","","","","","","","","1","1","","","","","","","","","","0","","","0","0","0"
"690085","534","白虎战神","ff6ddcf6","5","2408","个","0","1","7508","true","0","0","0","0","0","0","0","false","false","false","0","0","1","1","999","0","0","5000000","白虎战神","使用获得宠物","","","点击物品使用","","","","","","","","","","","","","","","","","","","1","1","","","","","","","","","","0","","","0","0","0"
"690086","534","伽罗灵女","ff6ddcf6","5","2417","个","0","1","7508","true","0","0","0","0","0","0","0","false","false","false","0","0","1","1","999","0","0","5000000","伽罗灵女","使用获得宠物","","","点击物品使用","","","","","","","","","","","","","","","","","","","1","1","","","","","","","","","","0","","","0","0","0"
"690087","534","二郎圣君","ff6ddcf6","5","2407","个","0","1","7508","true","0","0","0","0","0","0","0","false","false","false","0","0","1","1","999","0","0","5000000","二郎圣君","使用获得宠物","","","点击物品使用","","","","","","","","","","","","","","","","","","","1","1","","","","","","","","","","0","","","0","0","0"
"690088","534","朝歌","ff6ddcf6","5","2411","个","0","1","7508","true","0","0","0","0","0","0","0","false","false","false","0","0","1","1","999","0","0","5000000","朝歌","使用获得宠物","","","点击物品使用","","","","","","","","","","","","","","","","","","","1","1","","","","","","","","","","0","","","0","0","0"
"","","以下1.8","","","","","","","","","","","","","","","","","","","","","","","","","","","","","","","","","","","","","","","","","","","","","","","","","","","","","","","","","","","","","","","","","",""
"691000","534","火灵兽☆","ff6ddcf6","5","30284","个","0","1","7508","true","0","0","0","0","0","0","0","false","false","false","0","0","1","1","999","0","0","5000000","火灵兽☆","使用获得宠物","","","点击物品使用","","","","","","","","","","","","","","","","","","","1","1","","","","","","","","","","0","","","0","0","0"
"691001","534","雷灵兽☆","ff6ddcf6","5","30285","个","0","1","7508","true","0","0","0","0","0","0","0","false","false","false","0","0","1","1","999","0","0","5000000","雷灵兽☆","使用获得宠物","","","点击物品使用","","","","","","","","","","","","","","","","","","","1","1","","","","","","","","","","0","","","0","0","0"
"691002","534","水灵兽☆","ff6ddcf6","5","30286","个","0","1","7508","true","0","0","0","0","0","0","0","false","false","false","0","0","1","1","999","0","0","5000000","水灵兽☆","使用获得宠物","","","点击物品使用","","","","","","","","","","","","","","","","","","","1","1","","","","","","","","","","0","","","0","0","0"
"691003","534","土灵兽☆","ff6ddcf6","5","30287","个","0","1","7508","true","0","0","0","0","0","0","0","false","false","false","0","0","1","1","999","0","0","5000000","土灵兽☆","使用获得宠物","","","点击物品使用","","","","","","","","","","","","","","","","","","","1","1","","","","","","","","","","0","","","0","0","0"
"691004","534","吉里吉里☆","ff6ddcf6","5","30343","个","0","1","7508","true","0","0","0","0","0","0","0","false","false","false","0","0","1","1","999","0","0","5000000","吉里吉里☆","使用获得宠物","","","点击物品使用","","","","","","","","","","","","","","","","","","","1","1","","","","","","","","","","0","","","0","0","0"
"691005","534","咕噜咕噜☆","ff6ddcf6","5","30345","个","0","1","7508","true","0","0","0","0","0","0","0","false","false","false","0","0","1","1","999","0","0","5000000","咕噜咕噜☆","使用获得宠物","","","点击物品使用","","","","","","","","","","","","","","","","","","","1","1","","","","","","","","","","0","","","0","0","0"
"691006","534","齐天小圣☆","ff6ddcf6","5","30353","个","0","1","7508","true","0","0","0","0","0","0","0","false","false","false","0","0","1","1","999","0","0","5000000","齐天小圣☆","使用获得宠物","","","点击物品使用","","","","","","","","","","","","","","","","","","","1","1","","","","","","","","","","0","","","0","0","0"
"691007","534","恶魔泡泡☆","ff6ddcf6","5","30299","个","0","1","7508","true","0","0","0","0","0","0","0","false","false","false","0","0","1","1","999","0","0","5000000","恶魔泡泡☆","使用获得宠物","","","点击物品使用","","","","","","","","","","","","","","","","","","","1","1","","","","","","","","","","0","","","0","0","0"
"691008","534","星悟空☆","ff6ddcf6","5","2414","个","0","1","7508","true","0","0","0","0","0","0","0","false","false","false","0","0","1","1","999","0","0","5000000","星悟空☆","使用获得宠物","","","点击物品使用","","","","","","","","","","","","","","","","","","","1","1","","","","","","","","","","0","","","0","0","0"
"691009","534","暗神☆","ff6ddcf6","5","2410","个","0","1","7508","true","0","0","0","0","0","0","0","false","false","false","0","0","1","1","999","0","0","5000000","暗神☆","使用获得宠物","","","点击物品使用","","","","","","","","","","","","","","","","","","","1","1","","","","","","","","","","0","","","0","0","0"
"691010","534","紫玲珑☆","ff6ddcf6","5","2413","个","0","1","7508","true","0","0","0","0","0","0","0","false","false","false","0","0","1","1","999","0","0","5000000","紫玲珑☆","使用获得宠物","","","点击物品使用","","","","","","","","","","","","","","","","","","","1","1","","","","","","","","","","0","","","0","0","0"
"691011","534","灵灯童子☆","ff6ddcf6","5","2420","个","0","1","7508","true","0","0","0","0","0","0","0","false","false","false","0","0","1","1","999","0","0","5000000","灵灯童子☆","使用获得宠物","","","点击物品使用","","","","","","","","","","","","","","","","","","","1","1","","","","","","","","","","0","","","0","0","0"
"691012","534","驭龙☆","ff6ddcf6","5","2416","个","0","1","7508","true","0","0","0","0","0","0","0","false","false","false","0","0","1","1","999","0","0","5000000","驭龙☆","使用获得宠物","","","点击物品使用","","","","","","","","","","","","","","","","","","","1","1","","","","","","","","","","0","","","0","0","0"
"691013","534","觉醒雪☆","ff6ddcf6","5","2409","个","0","1","7508","true","0","0","0","0","0","0","0","false","false","false","0","0","1","1","999","0","0","5000000","觉醒雪☆","使用获得宠物","","","点击物品使用","","","","","","","","","","","","","","","","","","","1","1","","","","","","","","","","0","","","0","0","0"
"691014","534","司雷☆","ff6ddcf6","5","2415","个","0","1","7508","true","0","0","0","0","0","0","0","false","false","false","0","0","1","1","999","0","0","5000000","司雷☆","使用获得宠物","","","点击物品使用","","","","","","","","","","","","","","","","","","","1","1","","","","","","","","","","0","","","0","0","0"
"691015","534","紫镰魅灵☆","ff6ddcf6","5","2408","个","0","1","7508","true","0","0","0","0","0","0","0","false","false","false","0","0","1","1","999","0","0","5000000","紫镰魅灵☆","使用获得宠物","","","点击物品使用","","","","","","","","","","","","","","","","","","","1","1","","","","","","","","","","0","","","0","0","0"
"691016","534","琴仙☆","ff6ddcf6","5","30446","个","0","1","7508","true","0","0","0","0","0","0","0","false","false","false","0","0","1","1","999","0","0","5000000","琴仙☆","使用获得宠物","","","点击物品使用","","","","","","","","","","","","","","","","","","","1","1","","","","","","","","","","0","","","0","0","0"
"691017","534","月影灵仙☆","ff6ddcf6","5","30437","个","0","1","7508","true","0","0","0","0","0","0","0","false","false","false","0","0","1","1","999","0","0","5000000","月影灵仙☆","使用获得宠物","","","点击物品使用","","","","","","","","","","","","","","","","","","","1","1","","","","","","","","","","0","","","0","0","0"
"691018","534","冰之守护☆","ff6ddcf6","5","30442","个","0","1","7508","true","0","0","0","0","0","0","0","false","false","false","0","0","1","1","999","0","0","5000000","冰之守护☆","使用获得宠物","","","点击物品使用","","","","","","","","","","","","","","","","","","","1","1","","","","","","","","","","0","","","0","0","0"
"691019","534","终末之瞳☆","ff6ddcf6","5","30321","个","0","1","7508","true","0","0","0","0","0","0","0","false","false","false","0","0","1","1","999","0","0","5000000","终末之瞳☆","使用获得宠物","","","点击物品使用","","","","","","","","","","","","","","","","","","","1","1","","","","","","","","","","0","","","0","0","0"
"691020","534","归墟之主☆","ff6ddcf6","5","30324","个","0","1","7508","true","0","0","0","0","0","0","0","false","false","false","0","0","1","1","999","0","0","5000000","归墟之主☆","使用获得宠物","","","点击物品使用","","","","","","","","","","","","","","","","","","","1","1","","","","","","","","","","0","","","0","0","0"
"691021","534","青鸾仕女☆","ff6ddcf6","5","30344","个","0","1","7508","true","0","0","0","0","0","0","0","false","false","false","0","0","1","1","999","0","0","5000000","青鸾仕女☆","使用获得宠物","","","点击物品使用","","","","","","","","","","","","","","","","","","","1","1","","","","","","","","","","0","","","0","0","0"
"691022","534","影舞苍灵☆","ff6ddcf6","5","30435","个","0","1","7508","true","0","0","0","0","0","0","0","false","false","false","0","0","1","1","999","0","0","5000000","影舞苍灵☆","使用获得宠物","","","点击物品使用","","","","","","","","","","","","","","","","","","","1","1","","","","","","","","","","0","","","0","0","0"
"691023","534","画中仙☆","ff6ddcf6","5","30445","个","0","1","7508","true","0","0","0","0","0","0","0","false","false","false","0","0","1","1","999","0","0","5000000","画中仙☆","使用获得宠物","","","点击物品使用","","","","","","","","","","","","","","","","","","","1","1","","","","","","","","","","0","","","0","0","0"
"691024","534","蝶衣☆","ff6ddcf6","5","30423","个","0","1","7508","true","0","0","0","0","0","0","0","false","false","false","0","0","1","1","999","0","0","5000000","蝶衣☆","使用获得宠物","","","点击物品使用","","","","","","","","","","","","","","","","","","","1","1","","","","","","","","","","0","","","0","0","0"
"691025","534","冰澜妖姬☆","ff6ddcf6","5","30443","个","0","1","7508","true","0","0","0","0","0","0","0","false","false","false","0","0","1","1","999","0","0","5000000","冰澜妖姬☆","使用获得宠物","","","点击物品使用","","","","","","","","","","","","","","","","","","","1","1","","","","","","","","","","0","","","0","0","0"
"111133","96","下面是礼包类","ff6ddcf6","4","1158","个","0","90","5500","true","0","0","0","0","0","0","0","false","false","false","0","0","1","1","999","0","0","5000000","每个品类需要控制在100以内，序号顺序要整洁","金钱","","0","使用方法：直接获得金钱","","","0","","","","0","","","","","","","","","","","","","","","1","","","","","","","","0","0","0","0","0","0"
"337942","4566","银钥匙","ff6ddcf6","4","1254","把","0","1","7501","true","0","0","0","0","0","0","0","false","false","false","0","0","1","1","999","0","0","5000000","一把银钥匙，可打开福缘•秘银宝箱。秘银宝箱每个整点都有可能出现。","打开秘银宝箱","","","","","","5","183707","","","","","","","","4","","","","","","","","","","1","","","1","秘银宝箱","","","","0","0","0","0","0","0"
"337943","4582","金钥匙","ff6ddcf6","4","1240","把","0","1","7500","true","0","0","0","0","0","0","0","false","false","false","0","0","1","1","999","0","0","5000000","一把金钥匙，可打开福缘•赤金宝箱。赤金宝箱每个整点都有可能出现。","打开赤金宝箱","","","","","","5","183706","","","","","","","","4","","","","","","","","","","1","","","3","","","","","0","0","0","0","0","0"
"710001","4262","银币袋","ff6ddcf6","4","1732","个","0","1","7100","true","0","0","0","0","0","0","0","false","false","false","0","0","1","1","999","0","0","5000000","让人看了头晕目眩的银袋子，里面装着1000000银币","打开获得银币","","","","货币","","","","","","","","","","","","","","","","","","","","","1","","","","","","","","0","0","0","0","0","0"
"710002","4262","金币箱子","ff6ddcf6","4","1761","个","0","1","7100","true","0","0","0","0","0","0","0","false","false","false","0","0","1","1","999","0","0","5000000","让人看了头晕目眩的金箱子，里面装着10000金币","打开获得金币","","","","货币","","","","","","","","","","","","","","","","","","","","","1","","","","","","","","0","0","0","0","0","0"
"710003","4262","吉祥锦囊","ff6ddcf6","4","1741","个","0","1","7100","true","0","0","0","0","0","0","0","false","false","false","0","0","1","1","999","0","0","5000000","打开可以获得一本低级魔兽要诀。","获得魔兽要诀","","","","礼包","","","","","","","","","","","","","","","","","","","","","1","","","","","","","","0","0","0","0","0","0"
"710004","4262","如意锦囊","ff6ddcf6","4","1745","个","0","1","7100","true","0","0","0","0","0","0","0","false","false","false","0","0","1","1","999","0","0","5000000","打开可以获得一本高级魔兽要诀。","获得魔兽要诀","","","","礼包","","","","","","","","","","","","","","","","","","","","","1","","","","","","","","0","0","0","0","0","0"
"710005","4262","丹心锦囊","ff6ddcf6","4","1170","个","0","1","7100","true","0","0","0","0","0","0","0","false","false","false","0","0","1","1","999","0","0","5000000","打开可以获得一颗宠物低级内丹。","获得宠物内丹","","","","礼包","","","","","","","","","","","","","","","","","","","","","1","","","","","","","","0","0","0","0","0","0"
"710006","4262","高级内丹袋","ff6ddcf6","4","1723","个","0","1","7100","true","0","0","0","0","0","0","0","false","false","false","0","0","1","1","999","0","0","5000000","打开可以获得一颗宠物高级内丹。","获得宠物内丹","","","","礼包","","","","","","","","","","","","","","","","","","","","","1","","","","","","","","0","0","0","0","0","0"
"710007","4262","低级宝石箱","ff6ddcf6","4","1725","个","0","1","7100","true","0","0","0","0","0","0","0","false","false","false","0","0","1","1","999","0","0","5000000","打开可以随机获得1-3级宝石1颗。","打开获得宝石","","","","礼包","","","","","","","","","","","","","","","","","","","","","1","","","","","","","","0","0","0","0","0","0"
"710008","4262","高级宝石箱","ff6ddcf6","4","1725","个","0","1","7100","true","0","0","0","0","0","0","0","false","false","false","0","0","1","1","999","0","0","5000000","打开可以随机获得4-6级宝石1颗。","打开获得宝石","","","","礼包","","","","","","","","","","","","","","","","","","","","","1","","","","","","","","0","0","0","0","0","0"
"710009","4262","法宝精华礼包","ff6ddcf6","4","1806","个","0","1","7100","true","0","0","0","0","0","0","0","false","false","false","0","0","1","1","999","0","0","5000000","<T t=""打开获得："" c=""FFFFF2DF"" f=""simhei-11""></T><T t=""法宝碎片*1"" c=""FF33FF00"" f=""simhei-11""></T><B></B><T t=""随机获得法宝精华一个。"" c=""FFFFF2DF"" f=""simhei-11""></T>","打开获得法宝精华","","","","礼包","","","","","","","","","","","","","","","","","","","","","1","","","","","","","","0","0","0","0","0","0"
"710010","4262","法宝精魄礼包","ff6ddcf6","4","1807","个","0","1","7100","true","0","0","0","0","0","0","0","false","false","false","0","0","1","1","999","0","0","5000000","<T t=""打开获得："" c=""FFFFF2DF"" f=""simhei-11""></T><T t=""法宝碎片*1"" c=""FF33FF00"" f=""simhei-11""></T><B></B><T t=""随机获得法宝精魄一个。"" c=""FFFFF2DF"" f=""simhei-11""></T>","打开获得法宝精魄","","","","礼包","","","","","","","","","","","","","","","","","","","","","1","","","","","","","","0","0","0","0","0","0"
"710011","4262","阵法箱子","ff6ddcf6","4","1251","个","0","1","7100","true","0","0","0","0","0","0","0","false","false","false","0","0","1","1","999","0","0","5000000","打开可以获得一本阵法。","打开获得阵法","","","","礼包","","","","","","","","","","","","","","","","","","","","","1","","","","","","","","0","0","0","0","0","0"
"710012","4262","人物修炼礼包","ff6ddcf6","4","1747","个","0","1","7100","true","0","0","0","0","0","0","0","false","false","false","0","0","1","1","999","0","0","5000000","打开可以获得九转金丹2颗。","打开获得道具","","","","礼包","","","","","","","","","","","","","","","","","","","","","1","","","","","","","","0","0","0","0","0","0"
"710013","4262","宠物修炼礼包","ff6ddcf6","4","1743","个","0","1","7100","true","0","0","0","0","0","0","0","false","false","false","0","0","1","1","999","0","0","5000000","打开可以获得修炼果2颗。","打开获得道具","","","","礼包","","","","","","","","","","","","","","","","","","","","","1","","","","","","","","0","0","0","0","0","0"
"710014","4262","五宝礼包","ff6ddcf6","4","1737","个","0","1","7100","true","0","0","0","0","0","0","0","false","false","false","0","0","1","1","999","0","0","5000000","打开可以随机获得五宝","打开获得五宝","","","","礼包","","","","","","","","","","","","","","","","","","","","","1","","","","","","","","0","0","0","0","0","0"
"710015","4262","人物培养礼包","ff6ddcf6","4","1251","个","0","1","7100","true","0","0","0","0","0","0","0","false","false","false","0","0","1","1","999","0","0","5000000","打开可以获得回梦丹1颗，九转金丹2颗。","打开获得道具","","","","礼包","","","","","","","","","","","","","","","","","","","","","1","","","","","","","","0","0","0","0","0","0"
"710016","4262","宠物培养礼包","ff6ddcf6","4","1251","个","0","1","7100","true","0","0","0","0","0","0","0","false","false","false","0","0","1","1","999","0","0","5000000","打开可以获得修炼果2颗，低级兽决袋1个。","打开获得道具","","","","礼包","","","","","","","","","","","","","","","","","","","","","1","","","","","","","","0","0","0","0","0","0"
"710017","4262","宠装积分•壹","ff6ddcf6","4","1788","个","0","1","7100","true","0","0","0","0","0","0","0","false","false","false","0","0","1","1","999","0","0","5000000","打开可获得10点宠装积分。","打开获得积分","","","","积分","","","","","","","","","","","","","","","","","","","","","1","","","","","","","","0","0","0","0","0","0"
"710018","4262","宠装积分•贰","ff6ddcf6","4","1788","个","0","1","7100","true","0","0","0","0","0","0","0","false","false","false","0","0","1","1","999","0","0","5000000","打开可获得30点宠装积分。","打开获得积分","","","","积分","","","","","","","","","","","","","","","","","","","","","1","","","","","","","","0","0","0","0","0","0"
"710019","4262","宠装积分•叁","ff6ddcf6","4","1788","个","0","1","7100","true","0","0","0","0","0","0","0","false","false","false","0","0","1","1","999","0","0","5000000","打开可获得50点宠装积分。","打开获得积分","","","","积分","","","","","","","","","","","","","","","","","","","","","1","","","","","","","","0","0","0","0","0","0"
"710020","4262","琉璃宠装礼包","ff6ddcf6","4","1784","个","0","1","7100","true","0","0","0","0","0","0","0","false","false","false","0","0","1","1","999","0","0","5000000","<T t=""打开可获得："" c=""FFFFF2DF"" f=""simhei-11""></T><B></B><T t=""琉璃宠装"" c=""FF00FF00"" f=""simhei-11""></T><T t=""其中一件。(属性随机)"" c=""FFFFF2DF"" f=""simhei-11""></T>","打开获得宠装","","","","礼包","","","","","","","","","","","","","","","","","","","","","1","","","","","","","","0","0","0","0","0","0"
"710021","4262","嵌金宠装礼包","ff6ddcf6","4","1785","个","0","1","7100","true","0","0","0","0","0","0","0","false","false","false","0","0","1","1","999","0","0","5000000","<T t=""打开可获得："" c=""FFFFF2DF"" f=""simhei-11""></T><B></B><T t=""嵌金宠装"" c=""FF00FF00"" f=""simhei-11""></T><T t=""其中一件。(属性随机)"" c=""FFFFF2DF"" f=""simhei-11""></T>","打开获得宠装","","","","礼包","","","","","","","","","","","","","","","","","","","","","1","","","","","","","","0","0","0","0","0","0"
"710022","4262","七星宠装礼包","ff6ddcf6","4","1786","个","0","1","7100","true","0","0","0","0","0","0","0","false","false","false","0","0","1","1","999","0","0","5000000","<T t=""打开可获得："" c=""FFFFF2DF"" f=""simhei-11""></T><B></B><T t=""七星宠装"" c=""FF00FF00"" f=""simhei-11""></T><T t=""其中一件。(属性随机)"" c=""FFFFF2DF"" f=""simhei-11""></T>","打开获得宠装","","","","礼包","","","","","","","","","","","","","","","","","","","","","1","","","","","","","","0","0","0","0","0","0"
"710023","4262","法宝碎片•1","ff6ddcf6","4","1800","个","0","1","7100","true","0","0","0","0","0","0","0","false","false","false","0","0","1","1","999","0","0","5000000","打开可获得1片法宝碎片。","使用获得法宝碎片","","","","碎片","","","","","","","","","","","","","","","","","","","","","1","","","","","","","","0","0","0","0","0","0"
"710024","4262","法宝碎片•5","ff6ddcf6","4","1800","个","0","1","7100","true","0","0","0","0","0","0","0","false","false","false","0","0","1","1","999","0","0","5000000","打开可获得5片法宝碎片。","使用获得法宝碎片","","","","碎片","","","","","","","","","","","","","","","","","","","","","1","","","","","","","","0","0","0","0","0","0"
"710025","4262","法宝碎片•10","ff6ddcf6","4","1800","个","0","1","7100","true","0","0","0","0","0","0","0","false","false","false","0","0","1","1","999","0","0","5000000","打开可获得10片法宝碎片。","使用获得法宝碎片","","","","碎片","","","","","","","","","","","","","","","","","","","","","1","","","","","","","","0","0","0","0","0","0"
"710026","4262","法宝碎片•20","ff6ddcf6","4","1800","个","0","1","7100","true","0","0","0","0","0","0","0","false","false","false","0","0","1","1","999","0","0","5000000","打开可获得20片法宝碎片。","使用获得法宝碎片","","","","碎片","","","","","","","","","","","","","","","","","","","","","1","","","","","","","","0","0","0","0","0","0"
"710027","4262","法宝碎片•30","ff6ddcf6","4","1800","个","0","1","7100","true","0","0","0","0","0","0","0","false","false","false","0","0","1","1","999","0","0","5000000","打开可获得30片法宝碎片。","使用获得法宝碎片","","","","碎片","","","","","","","","","","","","","","","","","","","","","1","","","","","","","","0","0","0","0","0","0"
"710028","4262","法宝灵气•1","ff6ddcf6","4","1801","个","0","1","7100","true","0","0","0","0","0","0","0","false","false","false","0","0","1","1","999","0","0","5000000","打开可获得1点法宝灵气。","打开获得法宝灵气","","","","灵气","","","","","","","","","","","","","","","","","","","","","1","","","","","","","","0","0","0","0","0","0"
"710029","4262","法宝灵气•5","ff6ddcf6","4","1801","个","0","1","7100","true","0","0","0","0","0","0","0","false","false","false","0","0","1","1","999","0","0","5000000","打开可获得5点法宝灵气。","打开获得法宝灵气","","","","灵气","","","","","","","","","","","","","","","","","","","","","1","","","","","","","","0","0","0","0","0","0"
"710030","4262","法宝灵气•10","ff6ddcf6","4","1801","个","0","1","7100","true","0","0","0","0","0","0","0","false","false","false","0","0","1","1","999","0","0","5000000","打开可获得10点法宝灵气。","打开获得法宝灵气","","","","灵气","","","","","","","","","","","","","","","","","","","","","1","","","","","","","","0","0","0","0","0","0"
"710031","4262","法宝灵气•20","ff6ddcf6","4","1801","个","0","1","7100","true","0","0","0","0","0","0","0","false","false","false","0","0","1","1","999","0","0","5000000","打开可获得20点法宝灵气。","打开获得法宝灵气","","","","灵气","","","","","","","","","","","","","","","","","","","","","1","","","","","","","","0","0","0","0","0","0"
"710032","4262","法宝灵气•30","ff6ddcf6","4","1801","个","0","1","7100","true","0","0","0","0","0","0","0","false","false","false","0","0","1","1","999","0","0","5000000","打开可获得30点法宝灵气。","打开获得法宝灵气","","","","灵气","","","","","","","","","","","","","","","","","","","","","1","","","","","","","","0","0","0","0","0","0"
"710033","4262","队长积分•壹","ff6ddcf6","4","1804","个","0","1","7100","true","0","0","0","0","0","0","0","false","false","false","0","0","1","1","999","0","0","5000000","打开可获得10点带队积分。","打开获得带队积分","","","","积分","","","","","","","","","","","","","","","","","","","","","1","","","","","","","","0","0","0","0","0","0"
"710034","4262","队长积分•贰","ff6ddcf6","4","1804","个","0","1","7100","true","0","0","0","0","0","0","0","false","false","false","0","0","1","1","999","0","0","5000000","打开可获得20点带队积分。","打开获得带队积分","","","","积分","","","","","","","","","","","","","","","","","","","","","1","","","","","","","","0","0","0","0","0","0"
"710035","4262","队长积分•叁","ff6ddcf6","4","1804","个","0","1","7100","true","0","0","0","0","0","0","0","false","false","false","0","0","1","1","999","0","0","5000000","打开可获得30点带队积分。","打开获得带队积分","","","","积分","","","","","","","","","","","","","","","","","","","","","1","","","","","","","","0","0","0","0","0","0"
"710036","4262","队长积分•四","ff6ddcf6","4","1804","个","0","1","7100","true","0","0","0","0","0","0","0","false","false","false","0","0","1","1","999","0","0","5000000","打开可获得40点带队积分。","打开获得带队积分","","","","积分","","","","","","","","","","","","","","","","","","","","","1","","","","","","","","0","0","0","0","0","0"
"710037","4262","队长积分•五","ff6ddcf6","4","1804","个","0","1","7100","true","0","0","0","0","0","0","0","false","false","false","0","0","1","1","999","0","0","5000000","打开可获得50点带队积分。","打开获得带队积分","","","","积分","","","","","","","","","","","","","","","","","","","","","1","","","","","","","","0","0","0","0","0","0"
"710038","4262","比武积分•壹","ff6ddcf6","4","1803","个","0","1","7100","true","0","0","0","0","0","0","0","false","false","false","0","0","1","1","999","0","0","5000000","打开可获得10点比武积分。","打开获得比武积分","","","","积分","","","","","","","","","","","","","","","","","","","","","1","","","","","","","","0","0","0","0","0","0"
"710039","4262","比武积分•贰","ff6ddcf6","4","1803","个","0","1","7100","true","0","0","0","0","0","0","0","false","false","false","0","0","1","1","999","0","0","5000000","打开可获得20点比武积分。","打开获得比武积分","","","","积分","","","","","","","","","","","","","","","","","","","","","1","","","","","","","","0","0","0","0","0","0"
"710040","4262","比武积分•叁","ff6ddcf6","4","1803","个","0","1","7100","true","0","0","0","0","0","0","0","false","false","false","0","0","1","1","999","0","0","5000000","打开可获得30点比武积分。","打开获得比武积分","","","","积分","","","","","","","","","","","","","","","","","","","","","1","","","","","","","","0","0","0","0","0","0"
"710041","4262","比武积分•四","ff6ddcf6","4","1803","个","0","1","7100","true","0","0","0","0","0","0","0","false","false","false","0","0","1","1","999","0","0","5000000","打开可获得40点比武积分。","打开获得比武积分","","","","积分","","","","","","","","","","","","","","","","","","","","","1","","","","","","","","0","0","0","0","0","0"
"710042","4262","比武积分•五","ff6ddcf6","4","1803","个","0","1","7100","true","0","0","0","0","0","0","0","false","false","false","0","0","1","1","999","0","0","5000000","打开可获得50点比武积分。","打开获得比武积分","","","","积分","","","","","","","","","","","","","","","","","","","","","1","","","","","","","","0","0","0","0","0","0"
"710043","4262","地煞积分•壹","ff6ddcf6","4","1806","个","0","1","7100","true","0","0","0","0","0","0","0","false","false","false","0","0","1","1","999","0","0","5000000","打开可获得1点地煞积分。","打开获得地煞积分","","","","积分","","","","","","","","","","","","","","","","","","","","","1","","","","","","","","0","0","0","0","0","0"
"710044","4262","地煞积分•贰","ff6ddcf6","4","1806","个","0","1","7100","true","0","0","0","0","0","0","0","false","false","false","0","0","1","1","999","0","0","5000000","打开可获得2点地煞积分。","打开获得地煞积分","","","","积分","","","","","","","","","","","","","","","","","","","","","1","","","","","","","","0","0","0","0","0","0"
"710045","4262","地煞积分•叁","ff6ddcf6","4","1806","个","0","1","7100","true","0","0","0","0","0","0","0","false","false","false","0","0","1","1","999","0","0","5000000","打开可获得3点地煞积分。","打开获得地煞积分","","","","积分","","","","","","","","","","","","","","","","","","","","","1","","","","","","","","0","0","0","0","0","0"
"710046","4262","地煞积分•四","ff6ddcf6","4","1806","个","0","1","7100","true","0","0","0","0","0","0","0","false","false","false","0","0","1","1","999","0","0","5000000","打开可获得4点地煞积分。","打开获得地煞积分","","","","积分","","","","","","","","","","","","","","","","","","","","","1","","","","","","","","0","0","0","0","0","0"
"710047","4262","地煞积分•五","ff6ddcf6","4","1806","个","0","1","7100","true","0","0","0","0","0","0","0","false","false","false","0","0","1","1","999","0","0","5000000","打开可获得5点地煞积分。","打开获得地煞积分","","","","积分","","","","","","","","","","","","","","","","","","","","","1","","","","","","","","0","0","0","0","0","0"
"710048","4262","天罡积分•壹","ff6ddcf6","4","1805","个","0","1","7100","true","0","0","0","0","0","0","0","false","false","false","0","0","1","1","999","0","0","5000000","打开可获得1点天罡积分。","打开获得天罡积分","","","","积分","","","","","","","","","","","","","","","","","","","","","1","","","","","","","","0","0","0","0","0","0"
"710049","4262","天罡积分•贰","ff6ddcf6","4","1805","个","0","1","7100","true","0","0","0","0","0","0","0","false","false","false","0","0","1","1","999","0","0","5000000","打开可获得2点天罡积分。","打开获得天罡积分","","","","积分","","","","","","","","","","","","","","","","","","","","","1","","","","","","","","0","0","0","0","0","0"
"710050","4262","天罡积分•叁","ff6ddcf6","4","1805","个","0","1","7100","true","0","0","0","0","0","0","0","false","false","false","0","0","1","1","999","0","0","5000000","打开可获得3点天罡积分。","打开获得天罡积分","","","","积分","","","","","","","","","","","","","","","","","","","","","1","","","","","","","","0","0","0","0","0","0"
"710051","4262","天罡积分•四","ff6ddcf6","4","1805","个","0","1","7100","true","0","0","0","0","0","0","0","false","false","false","0","0","1","1","999","0","0","5000000","打开可获得4点天罡积分。","打开获得天罡积分","","","","积分","","","","","","","","","","","","","","","","","","","","","1","","","","","","","","0","0","0","0","0","0"
"710052","4262","天罡积分•五","ff6ddcf6","4","1805","个","0","1","7100","true","0","0","0","0","0","0","0","false","false","false","0","0","1","1","999","0","0","5000000","打开可获得5点天罡积分。","打开获得天罡积分","","","","积分","","","","","","","","","","","","","","","","","","","","","1","","","","","","","","0","0","0","0","0","0"
"710053","582","法宝自选礼包","ff6ddcf6","4","1808","个","0","1","7100","true","0","0","0","0","0","0","0","false","false","false","0","0","1","1","999","0","0","5000000","可自由选择通用法宝一件。","自由选择奖励","","","","自选礼包","","3","73","","","","","","","","","","","","","","","","","","1","","","","","","","","0","0","0","0","0","0"
"710054","582","师门法宝自选礼包","ff6ddcf6","4","1809","个","0","1","7100","true","0","0","0","0","0","0","0","false","false","false","0","0","1","1","999","0","0","5000000","可自由选择师门法宝一件。","自由选择奖励","","","","自选礼包","","3","73","","","","","","","","","","","","","","","","","","1","","","","","","","","0","0","0","0","0","0"
"710055","582","坐骑自选礼包","ff6ddcf6","4","1252","个","0","1","7100","true","0","0","0","0","0","0","0","false","false","false","0","0","1","1","999","0","0","5000000","可自由选择坐骑一只。","自由选择奖励","","","","坐骑自选","","3","73","","","","","","","","","","","","","","","","","","1","","","","","","","","0","0","0","0","0","0"
"710056","4262","神兵礼包•90级","ff6ddcf6","4","1812","个","0","1","7100","true","0","0","0","0","0","0","0","false","false","false","0","0","1","1","999","0","0","5000000","打开可获得一本90级制造指南书和一块90级百炼精铁。","获得道具","","","","礼包","","","","","","","","","","","","","","","","","","","","","1","","","","","","","","0","0","0","0","0","0"
"710057","4262","神兵礼包•100级","ff6ddcf6","4","1812","个","0","1","7100","true","0","0","0","0","0","0","0","false","false","false","0","0","1","1","999","0","0","5000000","打开可获得一本100级制造指南书和一块100级百炼精铁。","获得道具","","","","礼包","","","","","","","","","","","","","","","","","","","","","1","","","","","","","","0","0","0","0","0","0"
"710058","582","特技符自选礼包","ff6ddcf6","4","1252","个","0","1","7100","true","0","0","0","0","0","0","0","false","false","false","0","0","1","1","999","0","0","5000000","可自由选择特技符一张。","自由选择奖励","","","","自选礼包","","3","73","","","","","","","","","","","","","","","","","","1","","","","","","","","0","0","0","0","0","0"
"710059","582","器灵自选礼包","ff6ddcf6","4","1252","个","0","1","7100","true","0","0","0","0","0","0","0","false","false","false","0","0","1","1","999","0","0","5000000","可自由选择器灵一件。","自由选择奖励","","","","自选礼包","","3","73","","","","","","","","","","","","","","","","","","1","","","","","","","","0","0","0","0","0","0"
"710060","4262","器灵培养礼包","ff6ddcf6","4","1252","个","0","1","7100","true","0","0","0","0","0","0","0","false","false","false","0","0","1","1","999","0","0","5000000","打开获得器灵一件，100级补天石10个。","获得道具","","","","礼包","","","","","","","","","","","","","","","","","","","","","1","","","","","","","","0","0","0","0","0","0"
"710061","4262","低级镖银盒子","ff6ddcf6","4","1747","个","0","1","7100","true","0","0","0","0","0","0","0","false","false","false","0","0","1","1","999","0","0","5000000","打开可会获得运镖奖励，也可集齐5个向郑镖头兑换一个高级镖银盒子。","获得奖励","","","","宝箱","","","","","","","","","","","","","","","","","","","","","1","","","","","","","","0","0","0","0","0","0"
"710062","4262","高级镖银盒子","ff6ddcf6","4","1778","个","0","1","7100","true","0","0","0","0","0","0","0","false","false","false","0","0","1","1","999","0","0","5000000","打开可会获得运镖奖励，比普通镖银盒子更容易获得高阶奖励。","获得奖励","","","","宝箱","","","","","","","","","","","","","","","","","","","","","1","","","","","","","","0","0","0","0","0","0"
"710063","4262","70锻造全套礼包","ff6ddcf6","4","1252","个","0","1","7100","true","0","0","0","0","0","0","0","false","false","false","0","0","1","1","999","0","0","5000000","打开可获得70级锻造大礼包~","获得道具","","","","礼包","","","","","","","","","","","","","","","","","","","","","1","","","","","","","","0","0","0","0","0","0"
"710203","582","神兵自选•60级","ff6ddcf6","4","1810","个","0","1","7100","true","0","0","0","0","0","0","0","false","false","false","0","0","1","1","999","0","0","5000000","可自选60级武器类制造指南书6本。","自由选择奖励","","","","自选礼包","","3","73","","","","","","","","","","","","","","","","","","1","","","","","","","","0","0","0","0","0","0"
"710064","582","神兵自选•70级","ff6ddcf6","4","1810","个","0","1","7100","true","0","0","0","0","0","0","0","false","false","false","0","0","1","1","999","0","0","5000000","可自选70级武器类制造指南书一本。","自由选择奖励","","","","自选礼包","","3","73","","","","","","","","","","","","","","","","","","1","","","","","","","","0","0","0","0","0","0"
"710065","582","锻造自选•70级","ff6ddcf6","4","1810","个","0","1","7100","true","0","0","0","0","0","0","0","false","false","false","0","0","1","1","999","0","0","5000000","可自选70级防具类制造指南书一本。","自由选择奖励","","","","自选礼包","","3","73","","","","","","","","","","","","","","","","","","1","","","","","","","","0","0","0","0","0","0"
"710066","582","神兵自选•80级","ff6ddcf6","4","1810","个","0","1","7100","true","0","0","0","0","0","0","0","false","false","false","0","0","1","1","999","0","0","5000000","可自选80级武器类制造指南书一本。","自由选择奖励","","","","自选礼包","","3","73","","","","","","","","","","","","","","","","","","1","","","","","","","","0","0","0","0","0","0"
"710067","582","锻造自选•80级","ff6ddcf6","4","1810","个","0","1","7100","true","0","0","0","0","0","0","0","false","false","false","0","0","1","1","999","0","0","5000000","可自选80级防具类制造指南书一本。","自由选择奖励","","","","自选礼包","","3","73","","","","","","","","","","","","","","","","","","1","","","","","","","","0","0","0","0","0","0"
"710068","582","神兵自选•90级","ff6ddcf6","4","1810","个","0","1","7100","true","0","0","0","0","0","0","0","false","false","false","0","0","1","1","999","0","0","5000000","可自选90级武器类制造指南书一本。","自由选择奖励","","","","自选礼包","","3","73","","","","","","","","","","","","","","","","","","1","","","","","","","","0","0","0","0","0","0"
"710069","582","锻造自选•90级","ff6ddcf6","4","1810","个","0","1","7100","true","0","0","0","0","0","0","0","false","false","false","0","0","1","1","999","0","0","5000000","可自选90级防具类制造指南书一本。","自由选择奖励","","","","自选礼包","","3","73","","","","","","","","","","","","","","","","","","1","","","","","","","","0","0","0","0","0","0"
"710070","582","神兵自选•100级","ff6ddcf6","4","1810","个","0","1","7100","true","0","0","0","0","0","0","0","false","false","false","0","0","1","1","999","0","0","5000000","可自选100级武器类制造指南书一本。","自由选择奖励","","","","自选礼包","","3","73","","","","","","","","","","","","","","","","","","1","","","","","","","","0","0","0","0","0","0"
"710071","582","锻造自选•100级","ff6ddcf6","4","1810","个","0","1","7100","true","0","0","0","0","0","0","0","false","false","false","0","0","1","1","999","0","0","5000000","可自选100级防具类制造指南书一本。","自由选择奖励","","","","自选礼包","","3","73","","","","","","","","","","","","","","","","","","1","","","","","","","","0","0","0","0","0","0"
"710200","582","法宝精华•自选","ff6ddcf6","4","1808","个","0","1","7100","true","0","0","0","0","0","0","0","false","false","false","0","0","1","1","999","0","0","5000000","可自选法宝精华一件。","自由选择奖励","","","","自选礼包","","3","73","","","","","","","","","","","","","","","","","","1","","","","","","","","0","0","0","0","0","0"
"710201","582","法宝精魄•自选","ff6ddcf6","4","1808","个","0","1","7100","true","0","0","0","0","0","0","0","false","false","false","0","0","1","1","999","0","0","5000000","可自选法宝精魄一件。","自由选择奖励","","","","自选礼包","","3","73","","","","","","","","","","","","","","","","","","1","","","","","","","","0","0","0","0","0","0"
"580002","582","50级自选礼包","ff6ddcf6","4","1252","个","0","1","7100","true","0","0","0","0","0","0","0","false","false","false","0","0","1","1","999","0","0","5000000","可自由选择一套50级装备","自由选择奖励","","","","装备自选","","3","73","","","","","","","","","","","","","","","","","","1","","","","","","","","0","0","0","0","0","0"
"710202","582","高级兽决自选礼包","ff6ddcf6","4","1808","个","0","1","7100","true","0","0","0","0","0","0","0","false","false","false","0","0","1","1","999","0","0","5000000","可自由选择一本高级兽决。","自由选择奖励","","","","自选礼包","","3","73","","","","","","","","","","","","","","","","","","1","","","","","","","","0","0","0","0","0","0"
"710072","4262","回梦丹礼包","ff6ddcf6","4","1102","个","0","1","7100","true","0","0","0","0","0","0","0","false","false","false","0","0","1","1","999","0","0","5000000","打开可获得回梦丹10个。","获得道具","","","","礼包","","","","","","","","","","","","","","","","","","","","","1","","","","","","","","0","0","0","0","0","0"
"710073","4262","金柳露礼包","ff6ddcf6","4","1102","个","0","1","7100","true","0","0","0","0","0","0","0","false","false","false","0","0","1","1","999","0","0","5000000","打开可获得金柳露10个。","获得道具","","","","礼包","","","","","","","","","","","","","","","","","","","","","1","","","","","","","","0","0","0","0","0","0"
"710074","4262","幸运币","ff6ddcf6","4","30447","个","0","1","7100","true","0","0","0","0","0","0","0","false","false","false","0","0","1","1","99999","0","0","5000000","打开获得：250000幸运值","幸运值","","","","幸运值","","","","","","","","","","","","","","","","","","","","","1","","","","","","","","0","0","0","0","0","0"
"710075","4262","挑战积分•一","ff6ddcf6","4","30447","个","0","1","7100","true","0","0","0","0","0","0","0","false","false","false","0","0","1","1","99999","0","0","5000000","打开可获得：1000点挑战积分。","挑战积分","","","","积分","","","","","","","","","","","","","","","","","","","","","1","","","","","","","","0","0","0","0","0","0"
"710076","4262","挑战积分•二","ff6ddcf6","4","30447","个","0","1","7100","true","0","0","0","0","0","0","0","false","false","false","0","0","1","1","99999","0","0","5000000","打开可获得：2000点挑战积分。","挑战积分","","","","积分","","","","","","","","","","","","","","","","","","","","","1","","","","","","","","0","0","0","0","0","0"
"710077","4262","挑战积分•三","ff6ddcf6","4","30447","个","0","1","7100","true","0","0","0","0","0","0","0","false","false","false","0","0","1","1","99999","0","0","5000000","打开可获得：3000点挑战积分。","挑战积分","","","","积分","","","","","","","","","","","","","","","","","","","","","1","","","","","","","","0","0","0","0","0","0"
"710078","4262","挑战积分•四","ff6ddcf6","4","30447","个","0","1","7100","true","0","0","0","0","0","0","0","false","false","false","0","0","1","1","99999","0","0","5000000","打开可获得：4000点挑战积分。","挑战积分","","","","积分","","","","","","","","","","","","","","","","","","","","","1","","","","","","","","0","0","0","0","0","0"
"710079","4262","挑战积分•五","ff6ddcf6","4","30447","个","0","1","7100","true","0","0","0","0","0","0","0","false","false","false","0","0","1","1","99999","0","0","500000","打开可获得：5000点挑战积分。","挑战积分","","","","积分","","","","","","","","","","","","","","","","","","","","","1","","","","","","","","0","0","0","0","0","0"
"710080","4262","挑战积分•六","ff6ddcf6","4","30447","个","0","1","7100","true","0","0","0","0","0","0","0","false","false","false","0","0","1","1","99999","0","0","5000000","打开可获得：6000点挑战积分。","挑战积分","","","","积分","","","","","","","","","","","","","","","","","","","","","1","","","","","","","","0","0","0","0","0","0"
"710081","4262","挑战积分•七","ff6ddcf6","4","30447","个","0","1","7100","true","0","0","0","0","0","0","0","false","false","false","0","0","1","1","99999","0","0","5000000","打开可获得：7000点挑战积分。","挑战积分","","","","积分","","","","","","","","","","","","","","","","","","","","","1","","","","","","","","0","0","0","0","0","0"
"710082","4262","挑战积分•八","ff6ddcf6","4","30447","个","0","1","7100","true","0","0","0","0","0","0","0","false","false","false","0","0","1","1","99999","0","0","5000000","打开可获得：8000点挑战积分。","挑战积分","","","","积分","","","","","","","","","","","","","","","","","","","","","1","","","","","","","","0","0","0","0","0","0"
"710083","4262","挑战积分•九","ff6ddcf6","4","30447","个","0","1","7100","true","0","0","0","0","0","0","0","false","false","false","0","0","1","1","99999","0","0","5000000","打开可获得：9000点挑战积分。","挑战积分","","","","积分","","","","","","","","","","","","","","","","","","","","","1","","","","","","","","0","0","0","0","0","0"
"710084","4262","挑战积分•十","ff6ddcf6","4","30447","个","0","1","7100","true","0","0","0","0","0","0","0","false","false","false","0","0","1","1","99999","0","0","5000000","打开可获得：10000点挑战积分。","挑战积分","","","","积分","","","","","","","","","","","","","","","","","","","","","1","","","","","","","","0","0","0","0","0","0"
"710085","4262","挑战积分•十一","ff6ddcf6","4","30447","个","0","1","7100","true","0","0","0","0","0","0","0","false","false","false","0","0","1","1","99999","0","0","5000000","打开可获得：11000点挑战积分。","挑战积分","","","","积分","","","","","","","","","","","","","","","","","","","","","1","","","","","","","","0","0","0","0","0","0"
"710086","4262","挑战积分•十二","ff6ddcf6","4","30447","个","0","1","7100","true","0","0","0","0","0","0","0","false","false","false","0","0","1","1","99999","0","0","5000000","打开可获得：12000点挑战积分。","挑战积分","","","","积分","","","","","","","","","","","","","","","","","","","","","1","","","","","","","","0","0","0","0","0","0"
"710087","4262","挑战积分•十三","ff6ddcf6","4","30447","个","0","1","7100","true","0","0","0","0","0","0","0","false","false","false","0","0","1","1","99999","0","0","5000000","打开可获得：13000点挑战积分。","挑战积分","","","","积分","","","","","","","","","","","","","","","","","","","","","1","","","","","","","","0","0","0","0","0","0"
"710088","4262","挑战积分•十四","ff6ddcf6","4","30447","个","0","1","7100","true","0","0","0","0","0","0","0","false","false","false","0","0","1","1","99999","0","0","5000000","打开可获得：14000点挑战积分。","挑战积分","","","","积分","","","","","","","","","","","","","","","","","","","","","1","","","","","","","","0","0","0","0","0","0"
"710089","4262","挑战积分•十五","ff6ddcf6","4","30447","个","0","1","7100","true","0","0","0","0","0","0","0","false","false","false","0","0","1","1","99999","0","0","5000000","打开可获得：15000点挑战积分。","挑战积分","","","","积分","","","","","","","","","","","","","","","","","","","","","1","","","","","","","","0","0","0","0","0","0"
"111134","96","下面是称谓类","ff6ddcf6","4","1158","个","0","90","5500","true","0","0","0","0","0","0","0","false","false","false","0","0","1","1","999","0","0","5000000","每个品类需要控制在100以内，序号顺序要整洁","金钱","","0","使用方法：直接获得金钱","","","0","","","","0","","","","","","","","","","","","","","","1","","","","","","","","0","0","0","0","0","0"
"720001","150","地煞•初出茅庐","ff6ddcf6","4","1172","个","0","1","7100","true","0","0","0","0","0","0","0","false","false","false","0","0","1","1","1","0","0","5000000","由于你的出色表现，被给予该称谓","使用获得称谓","","","","称谓","","","","","","","","","","","","","","","","","","","","","1","","","","","","","","0","0","0","0","0","0"
"720002","150","地煞•小有所成","ff6ddcf6","4","1172","个","0","1","7100","true","0","0","0","0","0","0","0","false","false","false","0","0","1","1","1","0","0","5000000","由于你的出色表现，被给予该称谓","使用获得称谓","","","","称谓","","","","","","","","","","","","","","","","","","","","","1","","","","","","","","0","0","0","0","0","0"
"720003","150","地煞•伏虎斩妖","ff6ddcf6","4","1172","个","0","1","7100","true","0","0","0","0","0","0","0","false","false","false","0","0","1","1","1","0","0","5000000","由于你的出色表现，被给予该称谓","使用获得称谓","","","","称谓","","","","","","","","","","","","","","","","","","","","","1","","","","","","","","0","0","0","0","0","0"
"720004","150","地煞•御风神行","ff6ddcf6","4","1172","个","0","1","7100","true","0","0","0","0","0","0","0","false","false","false","0","0","1","1","1","0","0","5000000","由于你的出色表现，被给予该称谓","使用获得称谓","","","","称谓","","","","","","","","","","","","","","","","","","","","","1","","","","","","","","0","0","0","0","0","0"
"720005","150","地煞•履水吐焰","ff6ddcf6","4","1172","个","0","1","7100","true","0","0","0","0","0","0","0","false","false","false","0","0","1","1","1","0","0","5000000","由于你的出色表现，被给予该称谓","使用获得称谓","","","","称谓","","","","","","","","","","","","","","","","","","","","","1","","","","","","","","0","0","0","0","0","0"
"720006","150","地煞•移山覆海","ff6ddcf6","4","1172","个","0","1","7100","true","0","0","0","0","0","0","0","false","false","false","0","0","1","1","1","0","0","5000000","由于你的出色表现，被给予该称谓","使用获得称谓","","","","称谓","","","","","","","","","","","","","","","","","","","","","1","","","","","","","","0","0","0","0","0","0"
"720007","150","地煞•举火燎天","ff6ddcf6","4","1172","个","0","1","7100","true","0","0","0","0","0","0","0","false","false","false","0","0","1","1","1","0","0","5000000","由于你的出色表现，被给予该称谓","使用获得称谓","","","","称谓","","","","","","","","","","","","","","","","","","","","","1","","","","","","","","0","0","0","0","0","0"
"720008","150","地煞•承星载物","ff6ddcf6","4","1172","个","0","1","7100","true","0","0","0","0","0","0","0","false","false","false","0","0","1","1","1","0","0","5000000","由于你的出色表现，被给予该称谓","使用获得称谓","","","","称谓","","","","","","","","","","","","","","","","","","","","","1","","","","","","","","0","0","0","0","0","0"
"720101","150","称号•神羊使者","ff6ddcf6","4","1173","个","0","1","7100","true","0","0","0","0","0","0","0","false","false","false","0","0","1","1","1","0","0","5000000","<T t=""使用获得称谓："" c=""FFFFF2DF"" f=""simhei-11""></T><T t=""神羊使者"" c=""FF6DDCF6"" f=""simhei-11""></T><B></B><T t=""称谓属性："" c=""FFFFF2DF"" f=""simhei-11""></T><T t=""物法伤害+5，物法防御+5"" c=""FF33FF00"" f=""simhei-11""></T>","使用获得称谓","","","","称谓","","","","","","","","","","","","","","","","","","","","","1","","","","","","","","0","0","0","0","0","0"
"720102","150","称号•泡泡使者","ff6ddcf6","4","1173","个","0","1","7100","true","0","0","0","0","0","0","0","false","false","false","0","0","1","1","1","0","0","5000000","<T t=""使用获得称谓："" c=""FFFFF2DF"" f=""simhei-11""></T><T t=""泡泡使者"" c=""FF6DDCF6"" f=""simhei-11""></T><B></B><T t=""称谓属性："" c=""FFFFF2DF"" f=""simhei-11""></T><T t=""物法伤害+5，物法防御+5"" c=""FF33FF00"" f=""simhei-11""></T>","使用获得称谓","","","","称谓","","","","","","","","","","","","","","","","","","","","","1","","","","","","","","0","0","0","0","0","0"
"720103","150","称号•九色鹿使者","ff6ddcf6","4","1173","个","0","1","7100","true","0","0","0","0","0","0","0","false","false","false","0","0","1","1","1","0","0","5000000","<T t=""使用获得称谓："" c=""FFFFF2DF"" f=""simhei-11""></T><T t=""九色鹿使者"" c=""FF6DDCF6"" f=""simhei-11""></T><B></B><T t=""称谓属性："" c=""FFFFF2DF"" f=""simhei-11""></T><T t=""物法伤害+5，物法防御+5"" c=""FF33FF00"" f=""simhei-11""></T>","使用获得称谓","","","","称谓","","","","","","","","","","","","","","","","","","","","","1","","","","","","","","0","0","0","0","0","0"
"720104","150","称号•大熊猫使者","ff6ddcf6","4","1173","个","0","1","7100","true","0","0","0","0","0","0","0","false","false","false","0","0","1","1","1","0","0","5000000","<T t=""使用获得称谓："" c=""FFFFF2DF"" f=""simhei-11""></T><T t=""大熊猫使者"" c=""FF6DDCF6"" f=""simhei-11""></T><B></B><T t=""称谓属性："" c=""FFFFF2DF"" f=""simhei-11""></T><T t=""物法伤害+5，物法防御+5"" c=""FF33FF00"" f=""simhei-11""></T>","使用获得称谓","","","","称谓","","","","","","","","","","","","","","","","","","","","","1","","","","","","","","0","0","0","0","0","0"
"720105","150","称号•神鸡使者","ff6ddcf6","4","1173","个","0","1","7100","true","0","0","0","0","0","0","0","false","false","false","0","0","1","1","1","0","0","5000000","<T t=""使用获得称谓："" c=""FFFFF2DF"" f=""simhei-11""></T><T t=""神鸡使者"" c=""FF6DDCF6"" f=""simhei-11""></T><B></B><T t=""称谓属性："" c=""FFFFF2DF"" f=""simhei-11""></T><T t=""物法伤害+5，物法防御+5"" c=""FF33FF00"" f=""simhei-11""></T>","使用获得称谓","","","","称谓","","","","","","","","","","","","","","","","","","","","","1","","","","","","","","0","0","0","0","0","0"
"720106","150","称号•神猴使者","ff6ddcf6","4","1173","个","0","1","7100","true","0","0","0","0","0","0","0","false","false","false","0","0","1","1","1","0","0","5000000","<T t=""使用获得称谓："" c=""FFFFF2DF"" f=""simhei-11""></T><T t=""神猴使者"" c=""FF6DDCF6"" f=""simhei-11""></T><B></B><T t=""称谓属性："" c=""FFFFF2DF"" f=""simhei-11""></T><T t=""物法伤害+5，物法防御+5"" c=""FF33FF00"" f=""simhei-11""></T>","使用获得称谓","","","","称谓","","","","","","","","","","","","","","","","","","","","","1","","","","","","","","0","0","0","0","0","0"
"720107","150","称号•赤焰兽使者","ff6ddcf6","4","1173","个","0","1","7100","true","0","0","0","0","0","0","0","false","false","false","0","0","1","1","1","0","0","5000000","<T t=""使用获得称谓："" c=""FFFFF2DF"" f=""simhei-11""></T><T t=""赤焰兽使者"" c=""FF6DDCF6"" f=""simhei-11""></T><B></B><T t=""称谓属性："" c=""FFFFF2DF"" f=""simhei-11""></T><T t=""物法伤害+5，物法防御+5"" c=""FF33FF00"" f=""simhei-11""></T>","使用获得称谓","","","","称谓","","","","","","","","","","","","","","","","","","","","","1","","","","","","","","0","0","0","0","0","0"
"720108","150","称号•神龙使者","ff6ddcf6","4","1173","个","0","1","7100","true","0","0","0","0","0","0","0","false","false","false","0","0","1","1","1","0","0","5000000","<T t=""使用获得称谓："" c=""FFFFF2DF"" f=""simhei-11""></T><T t=""神龙使者"" c=""FF6DDCF6"" f=""simhei-11""></T><B></B><T t=""称谓属性："" c=""FFFFF2DF"" f=""simhei-11""></T><T t=""物法伤害+5，物法防御+5"" c=""FF33FF00"" f=""simhei-11""></T>","使用获得称谓","","","","称谓","","","","","","","","","","","","","","","","","","","","","1","","","","","","","","0","0","0","0","0","0"
"720201","150","称号•炼妖大师","ff6ddcf6","4","1172","个","0","1","7100","true","0","0","0","0","0","0","0","false","false","false","0","0","1","1","1","0","0","5000000","<T t=""使用获得称谓："" c=""FFFFF2DF"" f=""simhei-11""></T><T t=""炼妖大师"" c=""FF6DDCF6"" f=""simhei-11""></T><B></B><T t=""称谓属性："" c=""FFFFF2DF"" f=""simhei-11""></T><T t=""物法伤害+10，物法防御+10"" c=""FF33FF00"" f=""simhei-11""></T>","使用获得称谓","","","","称谓","","","","","","","","","","","","","","","","","","","","","1","","","","","","","","0","0","0","0","0","0"
"720202","150","称号•神宠拥有者","ff6ddcf6","4","1172","个","0","1","7100","true","0","0","0","0","0","0","0","false","false","false","0","0","1","1","1","0","0","5000000","<T t=""使用获得称谓："" c=""FFFFF2DF"" f=""simhei-11""></T><T t=""神宠拥有者"" c=""FF6DDCF6"" f=""simhei-11""></T><B></B><T t=""称谓属性："" c=""FFFFF2DF"" f=""simhei-11""></T><T t=""物法伤害+10，物法防御+10"" c=""FF33FF00"" f=""simhei-11""></T>","使用获得称谓","","","","称谓","","","","","","","","","","","","","","","","","","","","","1","","","","","","","","0","0","0","0","0","0"
"720203","150","称号•谨遵师嘱","ff6ddcf6","4","1173","个","0","1","7100","true","0","0","0","0","0","0","0","false","false","false","0","0","1","1","1","0","0","5000000","<T t=""使用获得称谓："" c=""FFFFF2DF"" f=""simhei-11""></T><T t=""谨遵师嘱"" c=""FF6DDCF6"" f=""simhei-11""></T><B></B><T t=""称谓属性："" c=""FFFFF2DF"" f=""simhei-11""></T><T t=""物法伤害+5，物法防御+5"" c=""FF33FF00"" f=""simhei-11""></T>","使用获得称谓","","","","称谓","","","","","","","","","","","","","","","","","","","","","1","","","","","","","","0","0","0","0","0","0"
"720204","150","称号•强盗克星","ff6ddcf6","4","1173","个","0","1","7100","true","0","0","0","0","0","0","0","false","false","false","0","0","1","1","1","0","0","5000000","<T t=""使用获得称谓："" c=""FFFFF2DF"" f=""simhei-11""></T><T t=""强盗克星"" c=""FF6DDCF6"" f=""simhei-11""></T><B></B><T t=""称谓属性："" c=""FFFFF2DF"" f=""simhei-11""></T><T t=""物法伤害+5，物法防御+5"" c=""FF33FF00"" f=""simhei-11""></T>","使用获得称谓","","","","称谓","","","","","","","","","","","","","","","","","","","","","1","","","","","","","","0","0","0","0","0","0"
"720205","150","称号•智慧过人","ff6ddcf6","4","1173","个","0","1","7100","true","0","0","0","0","0","0","0","false","false","false","0","0","1","1","1","0","0","5000000","<T t=""使用获得称谓："" c=""FFFFF2DF"" f=""simhei-11""></T><T t=""智慧过人"" c=""FF6DDCF6"" f=""simhei-11""></T><B></B><T t=""称谓属性："" c=""FFFFF2DF"" f=""simhei-11""></T><T t=""物法伤害+5，物法防御+5"" c=""FF33FF00"" f=""simhei-11""></T>","使用获得称谓","","","","称谓","","","","","","","","","","","","","","","","","","","","","1","","","","","","","","0","0","0","0","0","0"
"720206","150","称号•运镖之王","ff6ddcf6","4","1173","个","0","1","7100","true","0","0","0","0","0","0","0","false","false","false","0","0","1","1","1","0","0","5000000","<T t=""使用获得称谓："" c=""FFFFF2DF"" f=""simhei-11""></T><T t=""运镖之王"" c=""FF6DDCF6"" f=""simhei-11""></T><B></B><T t=""称谓属性："" c=""FFFFF2DF"" f=""simhei-11""></T><T t=""物法伤害+5，物法防御+5"" c=""FF33FF00"" f=""simhei-11""></T>","使用获得称谓","","","","称谓","","","","","","","","","","","","","","","","","","","","","1","","","","","","","","0","0","0","0","0","0"
"720207","150","称号•中流砥柱","ff6ddcf6","4","1173","个","0","1","7100","true","0","0","0","0","0","0","0","false","false","false","0","0","1","1","1","0","0","5000000","<T t=""使用获得称谓："" c=""FFFFF2DF"" f=""simhei-11""></T><T t=""中流砥柱"" c=""FF6DDCF6"" f=""simhei-11""></T><B></B><T t=""称谓属性："" c=""FFFFF2DF"" f=""simhei-11""></T><T t=""物法伤害+5，物法防御+5"" c=""FF33FF00"" f=""simhei-11""></T>","使用获得称谓","","","","称谓","","","","","","","","","","","","","","","","","","","","","1","","","","","","","","0","0","0","0","0","0"
"720208","150","称号•钟馗在世","ff6ddcf6","4","1173","个","0","1","7100","true","0","0","0","0","0","0","0","false","false","false","0","0","1","1","1","0","0","5000000","<T t=""使用获得称谓："" c=""FFFFF2DF"" f=""simhei-11""></T><T t=""钟馗在世"" c=""FF6DDCF6"" f=""simhei-11""></T><B></B><T t=""称谓属性："" c=""FFFFF2DF"" f=""simhei-11""></T><T t=""物法伤害+5，物法防御+5"" c=""FF33FF00"" f=""simhei-11""></T>","使用获得称谓","","","","称谓","","","","","","","","","","","","","","","","","","","","","1","","","","","","","","0","0","0","0","0","0"
"720209","150","称号•乐于助人","ff6ddcf6","4","1173","个","0","1","7100","true","0","0","0","0","0","0","0","false","false","false","0","0","1","1","1","0","0","5000000","<T t=""使用获得称谓："" c=""FFFFF2DF"" f=""simhei-11""></T><T t=""乐于助人"" c=""FF6DDCF6"" f=""simhei-11""></T><B></B><T t=""称谓属性："" c=""FFFFF2DF"" f=""simhei-11""></T><T t=""物法伤害+5，物法防御+5"" c=""FF33FF00"" f=""simhei-11""></T>","使用获得称谓","","","","称谓","","","","","","","","","","","","","","","","","","","","","1","","","","","","","","0","0","0","0","0","0"
"720210","150","称号•锻造达人","ff6ddcf6","4","1173","个","0","1","7100","true","0","0","0","0","0","0","0","false","false","false","0","0","1","1","1","0","0","5000000","<T t=""使用获得称谓："" c=""FFFFF2DF"" f=""simhei-11""></T><T t=""锻造达人"" c=""FF6DDCF6"" f=""simhei-11""></T><B></B><T t=""称谓属性："" c=""FFFFF2DF"" f=""simhei-11""></T><T t=""物法伤害+5，物法防御+5"" c=""FF33FF00"" f=""simhei-11""></T>","使用获得称谓","","","","称谓","","","","","","","","","","","","","","","","","","","","","1","","","","","","","","0","0","0","0","0","0"
"720211","150","称号•全身十三段","ff6ddcf6","4","1172","个","0","1","7100","true","0","0","0","0","0","0","0","false","false","false","0","0","1","1","1","0","0","5000000","<T t=""使用获得称谓："" c=""FFFFF2DF"" f=""simhei-11""></T><T t=""全身十三段"" c=""FF6DDCF6"" f=""simhei-11""></T><B></B><T t=""称谓属性："" c=""FFFFF2DF"" f=""simhei-11""></T><T t=""物法伤害+10，物法防御+10"" c=""FF33FF00"" f=""simhei-11""></T>","使用获得称谓","","","","称谓","","","","","","","","","","","","","","","","","","","","","1","","","","","","","","0","0","0","0","0","0"
"720300","150","称号•追梦西游2","ff6ddcf6","4","1172","个","0","1","7100","true","0","0","0","0","0","36000","0","false","false","false","0","0","1","1","1","0","0","5000000","<T t=""使用获得称谓："" c=""FFFFF2DF"" f=""simhei-11""></T><T t=""追梦西游2"" c=""FF6DDCF6"" f=""simhei-11""></T><B></B><T t=""称谓属性："" c=""FFFFF2DF"" f=""simhei-11""></T><T t=""双倍物品、金币、经验掉落(持续10小时)"" c=""FF33FF00"" f=""simhei-11""></T>","使用获得称谓","","","","称谓","","","","","","","","","","","","","","","","","","","","","1","","","","","","","","0","0","0","0","0","0"
"720301","150","跟我皮","ff6ddcf6","4","1172","个","0","1","7100","true","0","0","0","0","0","36000","0","false","false","false","0","0","1","1","1","0","0","5000000","","使用获得称谓","","","","称谓","","","","","","","","","","","","","","","","","","","","","1","","","","","","","","0","0","0","0","0","0"
"720302","150","食屎呀你","ff6ddcf6","4","1172","个","0","1","7100","true","0","0","0","0","0","36000","0","false","false","false","0","0","1","1","1","0","0","5000000","","使用获得称谓","","","","称谓","","","","","","","","","","","","","","","","","","","","","1","","","","","","","","0","0","0","0","0","0"
"720303","150","东莞动手","ff6ddcf6","4","1172","个","0","1","7100","true","0","0","0","0","0","36000","0","false","false","false","0","0","1","1","1","0","0","5000000","","使用获得称谓","","","","称谓","","","","","","","","","","","","","","","","","","","","","1","","","","","","","","0","0","0","0","0","0"
"720304","150","我命由我不由天","ff6ddcf6","4","1172","个","0","1","7100","true","0","0","0","0","0","36000","0","false","false","false","0","0","1","1","1","0","0","5000000","","使用获得称谓","","","","称谓","","","","","","","","","","","","","","","","","","","","","1","","","","","","","","0","0","0","0","0","0"
"720305","150","你简直比无法无天","ff6ddcf6","4","1172","个","0","1","7100","true","0","0","0","0","0","36000","0","false","false","false","0","0","1","1","1","0","0","5000000","","使用获得称谓","","","","称谓","","","","","","","","","","","","","","","","","","","","","1","","","","","","","","0","0","0","0","0","0"
"720306","150","所谓富贵险中求","ff6ddcf6","4","1172","个","0","1","7100","true","0","0","0","0","0","36000","0","false","false","false","0","0","1","1","1","0","0","5000000","","使用获得称谓","","","","称谓","","","","","","","","","","","","","","","","","","","","","1","","","","","","","","0","0","0","0","0","0"
"720307","150","要兄弟还是要黄金","ff6ddcf6","4","1172","个","0","1","7100","true","0","0","0","0","0","36000","0","false","false","false","0","0","1","1","1","0","0","5000000","","使用获得称谓","","","","称谓","","","","","","","","","","","","","","","","","","","","","1","","","","","","","","0","0","0","0","0","0"
"720308","150","我没做大哥很久了","ff6ddcf6","4","1172","个","0","1","7100","true","0","0","0","0","0","36000","0","false","false","false","0","0","1","1","1","0","0","5000000","","使用获得称谓","","","","称谓","","","","","","","","","","","","","","","","","","","","","1","","","","","","","","0","0","0","0","0","0"
"720309","150","衣冠不整不许入内","ff6ddcf6","4","1172","个","0","1","7100","true","0","0","0","0","0","36000","0","false","false","false","0","0","1","1","1","0","0","5000000","","使用获得称谓","","","","称谓","","","","","","","","","","","","","","","","","","","","","1","","","","","","","","0","0","0","0","0","0"
"720310","150","出来混要说话算话","ff6ddcf6","4","1172","个","0","1","7100","true","0","0","0","0","0","36000","0","false","false","false","0","0","1","1","1","0","0","5000000","","使用获得称谓","","","","称谓","","","","","","","","","","","","","","","","","","","","","1","","","","","","","","0","0","0","0","0","0"
"720311","150","铜锣湾只有一个浩南","ff6ddcf6","4","1172","个","0","1","7100","true","0","0","0","0","0","36000","0","false","false","false","0","0","1","1","1","0","0","5000000","","使用获得称谓","","","","称谓","","","","","","","","","","","","","","","","","","","","","1","","","","","","","","0","0","0","0","0","0"
"720312","150","一个月几百块玩什么命","ff6ddcf6","4","1172","个","0","1","7100","true","0","0","0","0","0","36000","0","false","false","false","0","0","1","1","1","0","0","5000000","","使用获得称谓","","","","称谓","","","","","","","","","","","","","","","","","","","","","1","","","","","","","","0","0","0","0","0","0"
"720313","150","有钱真的可以为所欲为","ff6ddcf6","4","1172","个","0","1","7100","true","0","0","0","0","0","36000","0","false","false","false","0","0","1","1","1","0","0","5000000","","使用获得称谓","","","","称谓","","","","","","","","","","","","","","","","","","","","","1","","","","","","","","0","0","0","0","0","0"
"720314","150","生死有命富贵在天","ff6ddcf6","4","1172","个","0","1","7100","true","0","0","0","0","0","36000","0","false","false","false","0","0","1","1","1","0","0","5000000","","使用获得称谓","","","","称谓","","","","","","","","","","","","","","","","","","","","","1","","","","","","","","0","0","0","0","0","0"
"720315","150","他娘的意大利炮呢","ff6ddcf6","4","1172","个","0","1","7100","true","0","0","0","0","0","36000","0","false","false","false","0","0","1","1","1","0","0","5000000","","使用获得称谓","","","","称谓","","","","","","","","","","","","","","","","","","","","","1","","","","","","","","0","0","0","0","0","0"
"720316","150","十二点后我说的算","ff6ddcf6","4","1172","个","0","1","7100","true","0","0","0","0","0","36000","0","false","false","false","0","0","1","1","1","0","0","5000000","","使用获得称谓","","","","称谓","","","","","","","","","","","","","","","","","","","","","1","","","","","","","","0","0","0","0","0","0"
"720317","150","还有王法吗还有法律吗","ff6ddcf6","4","1172","个","0","1","7100","true","0","0","0","0","0","36000","0","false","false","false","0","0","1","1","1","0","0","5000000","","使用获得称谓","","","","称谓","","","","","","","","","","","","","","","","","","","","","1","","","","","","","","0","0","0","0","0","0"
"720318","150","雕虫小技竟敢班门弄","ff6ddcf6","4","1172","个","0","1","7100","true","0","0","0","0","0","36000","0","false","false","false","0","0","1","1","1","0","0","5000000","","使用获得称谓","","","","称谓","","","","","","","","","","","","","","","","","","","","","1","","","","","","","","0","0","0","0","0","0"
"720319","150","我话讲完了谁赞同谁反对","ff6ddcf6","4","1172","个","0","1","7100","true","0","0","0","0","0","36000","0","false","false","false","0","0","1","1","1","0","0","5000000","","使用获得称谓","","","","称谓","","","","","","","","","","","","","","","","","","","","","1","","","","","","","","0","0","0","0","0","0"
"720320","150","二十一点","ff6ddcf6","4","1172","个","0","1","7100","true","0","0","0","0","0","36000","0","false","false","false","0","0","1","1","1","0","0","5000000","","使用获得称谓","","","","称谓","","","","","","","","","","","","","","","","","","","","","1","","","","","","","","0","0","0","0","0","0"
"111135","96","下面是标识类，用于活动显示","ff6ddcf6","4","1158","个","0","90","5500","true","0","0","0","0","0","0","0","false","false","false","0","0","1","1","999","0","0","5000000","每个品类需要控制在100以内，序号顺序要整洁","金钱","","0","使用方法：直接获得金钱","","","0","","","","0","","","","","","","","","","","","","","","1","","","","","","","","0","0","0","0","0","0"
"254001","4262","银币","ff6ddcf6","4","1185","个","0","1","7100","true","0","0","0","0","0","0","0","false","false","false","0","0","1","1","999","0","0","5000000","三界中通行的货币，可以购买商会中的物品。","商会交易","","","","货币","","","","","","","","","","","","","","","","","","","","","","","","","","","","","0","0","0","0","0","0"
"254002","4262","金币","ff6ddcf6","4","1186","个","0","1","7100","true","0","0","0","0","0","0","0","false","false","false","0","0","1","1","999","0","0","5000000","三界中通行的货币。可以购买别人摊位上的好东西，有时候还可以在商城里买到一些珍贵物品。","摆摊交易","","","","货币","","","","","","","","","","","","","","","","","","","","","","","","","","","","","0","0","0","0","0","0"
"254003","4262","经验","ff6ddcf6","4","1177","个","0","1","7100","true","0","0","0","0","0","0","0","false","false","false","0","0","1","1","999","0","0","5000000","人物经验，可以用来提升人物等级。","人物升级","","","","经验","","","","","","","","","","","","","","","","","","","","","","","","","","","","","0","0","0","0","0","0"
"254004","4262","制造指南书","ff6ddcf6","4","1701","个","0","1","7100","true","0","0","0","0","0","0","0","false","false","false","0","0","1","1","999","0","0","5000000","记载着各类装备打造方法的指南书，可以和百炼精铁一起打造装备。","打造装备","","","","打造材料","","","","","","","","","","","","","","","","","","","","","","","","","","","","","0","0","0","0","0","0"
"254005","4262","百炼精铁","ff6ddcf6","4","1311","个","0","1","7100","true","0","0","0","0","0","0","0","false","false","false","0","0","1","1","999","0","0","5000000","精炼百铁而成，这材料正是为神兵而存在的。","打造装备","","","","打造材料","","","","","","","","","","","","","","","","","","","","","","","","","","","","","0","0","0","0","0","0"
"254006","4262","五宝","ff6ddcf6","4","1179","个","0","1","7100","true","0","0","0","0","0","0","0","false","false","false","0","0","1","1","999","0","0","5000000","五宝包含:金刚石、定魂珠、夜光珠、龙鳞、避水珠。集齐五宝获得高级藏宝图。","兑换高级宝图","","","","五宝","","","","","","","","","","","","","","","","","","","","","","","","","","","","","0","0","0","0","0","0"
"254009","4262","法宝灵气","ff6ddcf6","4","1801","个","0","1","7100","true","0","0","0","0","0","0","0","false","false","false","0","0","1","1","999","0","0","5000000","可用于兑换各类精华精魄等。","法宝兑换","","","","法宝材料","","","","","","","","","","","","","","","","","","","","","","","","","","","","","0","0","0","0","0","0"
"254010","4262","法宝碎片","ff6ddcf6","4","1800","个","0","1","7100","true","0","0","0","0","0","0","0","false","false","false","0","0","1","1","999","0","0","5000000","可用于兑换各类法宝和精华精魄等。","法宝兑换","","","","法宝材料","","","","","","","","","","","","","","","","","","","","","","","","","","","","","0","0","0","0","0","0"
"254011","4262","阵法书","ff6ddcf6","4","1231","个","0","1","7100","true","0","0","0","0","0","0","0","false","false","false","0","0","1","1","999","0","0","5000000","用于学习阵法或者提升阵法等级。","阵法学习","","","","阵法书","","","","","","","","","","","","","","","","","","","","","","","","","","","","","0","0","0","0","0","0"
"254012","4262","宝石","ff6ddcf6","4","1257","个","0","1","7100","true","0","0","0","0","0","0","0","false","false","false","0","0","1","1","999","0","0","5000000","可以镶嵌在道具上的宝石，增加人物属性。","装备镶嵌","","","","宝石","","","","","","","","","","","","","","","","","","","","","","","","","","","","","0","0","0","0","0","0"
"254013","4262","强化石","ff6ddcf6","4","1304","个","0","1","7100","true","0","0","0","0","0","0","0","false","false","false","0","0","1","1","999","0","0","5000000","带有灵气的石头，是打造装备的必备材料。","打造装备","","","","强化石","","","","","","","","","","","","","","","","","","","","","","","","","","","","","0","0","0","0","0","0"
"254014","4262","帮贡","ff6ddcf6","4","1167","个","0","1","7100","true","0","0","0","0","0","0","0","false","false","false","0","0","1","1","999","0","0","5000000","帮派贡献度，是学习帮派技能的必要条件。","学习帮派技能","","","","货币","","","","","","","","","","","","","","","","","","","","","","","","","","","","","0","0","0","0","0","0"
"254017","150","镖银盒子","ff6ddcf6","4","1773","个","0","1","7100","false","0","0","0","0","0","0","0","false","false","false","0","0","1","1","1","0","0","5000000","追回的镖银，请上交到任务NPC处。","押镖任务","","","","任务","","","","","","","","","","","","","","","","","","","","","","","","","","","","","0","0","0","0","0","0"
"254020","4262","印诀书礼包","ff6ddcf6","4","1826","本","10","1","7057","true","0","0","0","0","0","0","0","false","false","false","0","0","1","1","999","0","0","5000000","<T t=""来自星辰的力量汇聚在这份卷轴上是用于打造出印书的指南书，打开随机获得一本星印书。"" c=""FFFFF2DF"" f=""simhei-11""></T>","星印书礼包","","","","星印材料","","","","","","","","","","","","","","","","","","","","","","","","","","","","","0","0","0","0","0","0"
"111136","96","下面是货币类","ff6ddcf6","4","1158","个","0","90","5500","true","0","0","0","0","0","0","0","false","false","false","0","0","1","1","999","0","0","5000000","每个品类需要控制在100以内，序号顺序要整洁","金钱","","0","使用方法：直接获得金钱","","","0","","","","0","","","","","","","","","","","","","","","1","","","","","","","","0","0","0","0","0","0"
"254101","4262","师门贡献x1","ff6ddcf6","4","1805","个","0","1","7100","true","0","0","0","0","0","0","0","false","false","false","0","0","1","1","999","0","0","5000000","打开可获得师门贡献x2","打开获得积分","","","","门贡","","","","","","","","","","","","","","","","","","","","","","","","","","","","","0","0","0","0","0","0"
"254102","4262","师门贡献x2","ff6ddcf6","4","1805","个","0","1","7100","true","0","0","0","0","0","0","0","false","false","false","0","0","1","1","999","0","0","5000000","打开可获得师门贡献x2","打开获得积分","","","","门贡","","","","","","","","","","","","","","","","","","","","","","","","","","","","","0","0","0","0","0","0"
"254103","4262","师门贡献x3","ff6ddcf6","4","1805","个","0","1","7100","true","0","0","0","0","0","0","0","false","false","false","0","0","1","1","999","0","0","5000000","打开可获得师门贡献x3","打开获得积分","","","","门贡","","","","","","","","","","","","","","","","","","","","","","","","","","","","","0","0","0","0","0","0"
"254104","4262","师门贡献x4","ff6ddcf6","4","1805","个","0","1","7100","true","0","0","0","0","0","0","0","false","false","false","0","0","1","1","999","0","0","5000000","打开可获得师门贡献x4","打开获得积分","","","","门贡","","","","","","","","","","","","","","","","","","","","","","","","","","","","","0","0","0","0","0","0"
"254105","4262","师门贡献x5","ff6ddcf6","4","1805","个","0","1","7100","true","0","0","0","0","0","0","0","false","false","false","0","0","1","1","999","0","0","5000000","打开可获得师门贡献x5","打开获得积分","","","","门贡","","","","","","","","","","","","","","","","","","","","","","","","","","","","","0","0","0","0","0","0"
"254106","4262","副本积分x1","ff6ddcf6","4","1805","个","0","1","7100","true","0","0","0","0","0","0","0","false","false","false","0","0","1","1","999","0","0","5000000","打开可获得副本积分x1","打开获得积分","","","","积分","","","","","","","","","","","","","","","","","","","","","","","","","","","","","0","0","0","0","0","0"
"254107","4262","副本积分x2","ff6ddcf6","4","1805","个","0","1","7100","true","0","0","0","0","0","0","0","false","false","false","0","0","1","1","999","0","0","5000000","打开可获得副本积分x2","打开获得积分","","","","积分","","","","","","","","","","","","","","","","","","","","","","","","","","","","","0","0","0","0","0","0"
"254108","4262","副本积分x3","ff6ddcf6","4","1805","个","0","1","7100","true","0","0","0","0","0","0","0","false","false","false","0","0","1","1","999","0","0","5000000","打开可获得副本积分x3","打开获得积分","","","","积分","","","","","","","","","","","","","","","","","","","","","","","","","","","","","0","0","0","0","0","0"
"254109","4262","副本积分x4","ff6ddcf6","4","1805","个","0","1","7100","true","0","0","0","0","0","0","0","false","false","false","0","0","1","1","999","0","0","5000000","打开可获得副本积分x4","打开获得积分","","","","积分","","","","","","","","","","","","","","","","","","","","","","","","","","","","","0","0","0","0","0","0"
"254110","4262","副本积分x5","ff6ddcf6","4","1805","个","0","1","7100","true","0","0","0","0","0","0","0","false","false","false","0","0","1","1","999","0","0","5000000","打开可获得副本积分x5","打开获得积分","","","","积分","","","","","","","","","","","","","","","","","","","","","","","","","","","","","0","0","0","0","0","0"
"254111","4262","秘境积分x1","ff6ddcf6","4","1805","个","0","1","7100","true","0","0","0","0","0","0","0","false","false","false","0","0","1","1","999","0","0","5000000","打开可获得秘境积分x1","打开获得积分","","","","积分","","","","","","","","","","","","","","","","","","","","","","","","","","","","","0","0","0","0","0","0"
"254112","4262","秘境积分x2","ff6ddcf6","4","1805","个","0","1","7100","true","0","0","0","0","0","0","0","false","false","false","0","0","1","1","999","0","0","5000000","打开可获得秘境积分x2","打开获得积分","","","","积分","","","","","","","","","","","","","","","","","","","","","","","","","","","","","0","0","0","0","0","0"
"254113","4262","秘境积分x3","ff6ddcf6","4","1805","个","0","1","7100","true","0","0","0","0","0","0","0","false","false","false","0","0","1","1","999","0","0","5000000","打开可获得秘境积分x3","打开获得积分","","","","积分","","","","","","","","","","","","","","","","","","","","","","","","","","","","","0","0","0","0","0","0"
"254114","4262","秘境积分x4","ff6ddcf6","4","1805","个","0","1","7100","true","0","0","0","0","0","0","0","false","false","false","0","0","1","1","999","0","0","5000000","打开可获得秘境积分x4","打开获得积分","","","","积分","","","","","","","","","","","","","","","","","","","","","","","","","","","","","0","0","0","0","0","0"
"254115","4262","秘境积分x5","ff6ddcf6","4","1805","个","0","1","7100","true","0","0","0","0","0","0","0","false","false","false","0","0","1","1","999","0","0","5000000","打开可获得秘境积分x5","打开获得积分","","","","积分","","","","","","","","","","","","","","","","","","","","","","","","","","","","","0","0","0","0","0","0"
"254116","4262","地煞积分x1","ff6ddcf6","4","1805","个","0","1","7100","true","0","0","0","0","0","0","0","false","false","false","0","0","1","1","999","0","0","5000000","打开可获得地煞积分x1","打开获得积分","","","","积分","","","","","","","","","","","","","","","","","","","","","","","","","","","","","0","0","0","0","0","0"
"254117","4262","地煞积分x2","ff6ddcf6","4","1805","个","0","1","7100","true","0","0","0","0","0","0","0","false","false","false","0","0","1","1","999","0","0","5000000","打开可获得地煞积分x2","打开获得积分","","","","积分","","","","","","","","","","","","","","","","","","","","","","","","","","","","","0","0","0","0","0","0"
"254118","4262","地煞积分x3","ff6ddcf6","4","1805","个","0","1","7100","true","0","0","0","0","0","0","0","false","false","false","0","0","1","1","999","0","0","5000000","打开可获得地煞积分x3","打开获得积分","","","","积分","","","","","","","","","","","","","","","","","","","","","","","","","","","","","0","0","0","0","0","0"
"254119","4262","地煞积分x4","ff6ddcf6","4","1805","个","0","1","7100","true","0","0","0","0","0","0","0","false","false","false","0","0","1","1","999","0","0","5000000","打开可获得地煞积分x4","打开获得积分","","","","积分","","","","","","","","","","","","","","","","","","","","","","","","","","","","","0","0","0","0","0","0"
"254120","4262","地煞积分x5","ff6ddcf6","4","1805","个","0","1","7100","true","0","0","0","0","0","0","0","false","false","false","0","0","1","1","999","0","0","5000000","打开可获得地煞积分x5","打开获得积分","","","","积分","","","","","","","","","","","","","","","","","","","","","","","","","","","","","0","0","0","0","0","0"
"254121","4262","天罡积分x1","ff6ddcf6","4","1805","个","0","1","7100","true","0","0","0","0","0","0","0","false","false","false","0","0","1","1","999","0","0","5000000","打开可获得天罡积分x1","打开获得积分","","","","积分","","","","","","","","","","","","","","","","","","","","","","","","","","","","","0","0","0","0","0","0"
"254122","4262","天罡积分x2","ff6ddcf6","4","1805","个","0","1","7100","true","0","0","0","0","0","0","0","false","false","false","0","0","1","1","999","0","0","5000000","打开可获得天罡积分x2","打开获得积分","","","","积分","","","","","","","","","","","","","","","","","","","","","","","","","","","","","0","0","0","0","0","0"
"254123","4262","天罡积分x3","ff6ddcf6","4","1805","个","0","1","7100","true","0","0","0","0","0","0","0","false","false","false","0","0","1","1","999","0","0","5000000","打开可获得天罡积分x3","打开获得积分","","","","积分","","","","","","","","","","","","","","","","","","","","","","","","","","","","","0","0","0","0","0","0"
"254124","4262","天罡积分x4","ff6ddcf6","4","1805","个","0","1","7100","true","0","0","0","0","0","0","0","false","false","false","0","0","1","1","999","0","0","5000000","打开可获得天罡积分x4","打开获得积分","","","","积分","","","","","","","","","","","","","","","","","","","","","","","","","","","","","0","0","0","0","0","0"
"254125","4262","天罡积分x5","ff6ddcf6","4","1805","个","0","1","7100","true","0","0","0","0","0","0","0","false","false","false","0","0","1","1","999","0","0","5000000","打开可获得天罡积分x5","打开获得积分","","","","积分","","","","","","","","","","","","","","","","","","","","","","","","","","","","","0","0","0","0","0","0"
"254126","4262","宠装积分x1","ff6ddcf6","4","1805","个","0","1","7100","true","0","0","0","0","0","0","0","false","false","false","0","0","1","1","999","0","0","5000000","打开可获得宠装积分x1","打开获得积分","","","","积分","","","","","","","","","","","","","","","","","","","","","","","","","","","","","0","0","0","0","0","0"
"254127","4262","宠装积分x2","ff6ddcf6","4","1805","个","0","1","7100","true","0","0","0","0","0","0","0","false","false","false","0","0","1","1","999","0","0","5000000","打开可获得宠装积分x2","打开获得积分","","","","积分","","","","","","","","","","","","","","","","","","","","","","","","","","","","","0","0","0","0","0","0"
"254128","4262","宠装积分x3","ff6ddcf6","4","1805","个","0","1","7100","true","0","0","0","0","0","0","0","false","false","false","0","0","1","1","999","0","0","5000000","打开可获得宠装积分x3","打开获得积分","","","","积分","","","","","","","","","","","","","","","","","","","","","","","","","","","","","0","0","0","0","0","0"
"254129","4262","宠装积分x4","ff6ddcf6","4","1805","个","0","1","7100","true","0","0","0","0","0","0","0","false","false","false","0","0","1","1","999","0","0","5000000","打开可获得宠装积分x4","打开获得积分","","","","积分","","","","","","","","","","","","","","","","","","","","","","","","","","","","","0","0","0","0","0","0"
"254130","4262","宠装积分x5","ff6ddcf6","4","1805","个","0","1","7100","true","0","0","0","0","0","0","0","false","false","false","0","0","1","1","999","0","0","5000000","打开可获得宠装积分x5","打开获得积分","","","","积分","","","","","","","","","","","","","","","","","","","","","","","","","","","","","0","0","0","0","0","0"
"254131","4262","带队积分x1","ff6ddcf6","4","1805","个","0","1","7100","true","0","0","0","0","0","0","0","false","false","false","0","0","1","1","999","0","0","5000000","打开可获得带队积分x1","打开获得积分","","","","积分","","","","","","","","","","","","","","","","","","","","","","","","","","","","","0","0","0","0","0","0"
"254132","4262","带队积分x2","ff6ddcf6","4","1805","个","0","1","7100","true","0","0","0","0","0","0","0","false","false","false","0","0","1","1","999","0","0","5000000","打开可获得带队积分x2","打开获得积分","","","","积分","","","","","","","","","","","","","","","","","","","","","","","","","","","","","0","0","0","0","0","0"
"254133","4262","带队积分x3","ff6ddcf6","4","1805","个","0","1","7100","true","0","0","0","0","0","0","0","false","false","false","0","0","1","1","999","0","0","5000000","打开可获得带队积分x3","打开获得积分","","","","积分","","","","","","","","","","","","","","","","","","","","","","","","","","","","","0","0","0","0","0","0"
"254134","4262","带队积分x4","ff6ddcf6","4","1805","个","0","1","7100","true","0","0","0","0","0","0","0","false","false","false","0","0","1","1","999","0","0","5000000","打开可获得带队积分x4","打开获得积分","","","","积分","","","","","","","","","","","","","","","","","","","","","","","","","","","","","0","0","0","0","0","0"
"254135","4262","带队积分x5","ff6ddcf6","4","1805","个","0","1","7100","true","0","0","0","0","0","0","0","false","false","false","0","0","1","1","999","0","0","5000000","打开可获得带队积分x5","打开获得积分","","","","积分","","","","","","","","","","","","","","","","","","","","","","","","","","","","","0","0","0","0","0","0"
"254136","4262","门派贡献x1","ff6ddcf6","4","1167","个","0","1","7100","true","0","0","0","0","0","0","0","false","false","false","0","0","1","1","999","0","0","5000000","打开可获得门派贡献x1","打开获得帮贡","","","","帮贡","","","","","","","","","","","","","","","","","","","","","","","","","","","","","0","0","0","0","0","0"
"254137","4262","门派贡献x2","ff6ddcf6","4","1167","个","0","1","7100","true","0","0","0","0","0","0","0","false","false","false","0","0","1","1","999","0","0","5000000","打开可获得门派贡献x2","打开获得帮贡","","","","帮贡","","","","","","","","","","","","","","","","","","","","","","","","","","","","","0","0","0","0","0","0"
"254138","4262","门派贡献x3","ff6ddcf6","4","1167","个","0","1","7100","true","0","0","0","0","0","0","0","false","false","false","0","0","1","1","999","0","0","5000000","打开可获得门派贡献x3","打开获得帮贡","","","","帮贡","","","","","","","","","","","","","","","","","","","","","","","","","","","","","0","0","0","0","0","0"
"254139","4262","门派贡献x4","ff6ddcf6","4","1167","个","0","1","7100","true","0","0","0","0","0","0","0","false","false","false","0","0","1","1","999","0","0","5000000","打开可获得门派贡献x4","打开获得帮贡","","","","帮贡","","","","","","","","","","","","","","","","","","","","","","","","","","","","","0","0","0","0","0","0"
"254140","4262","门派贡献x5","ff6ddcf6","4","1167","个","0","1","7100","true","0","0","0","0","0","0","0","false","false","false","0","0","1","1","999","0","0","5000000","打开可获得门派贡献x5","打开获得帮贡","","","","帮贡","","","","","","","","","","","","","","","","","","","","","","","","","","","","","0","0","0","0","0","0"
"254141","4262","100帮派贡献","ff6ddcf6","4","1167","个","0","1","7100","true","0","0","0","0","0","0","0","false","false","false","0","0","1","1","999","0","0","5000000","打开可获得100帮派贡献","打开获得帮贡","","","","帮贡","","","","","","","","","","","","","","","","","","","","","","","","","","","","","0","0","0","0","0","0"
"254142","4262","200帮派贡献","ff6ddcf6","4","1167","个","0","1","7100","true","0","0","0","0","0","0","0","false","false","false","0","0","1","1","999","0","0","5000000","打开可获得200帮派贡献","打开获得帮贡","","","","帮贡","","","","","","","","","","","","","","","","","","","","","","","","","","","","","0","0","0","0","0","0"
"254143","4262","500帮派贡献","ff6ddcf6","4","1167","个","0","1","7100","true","0","0","0","0","0","0","0","false","false","false","0","0","1","1","999","0","0","5000000","打开可获得500帮派贡献","打开获得帮贡","","","","帮贡","","","","","","","","","","","","","","","","","","","","","","","","","","","","","0","0","0","0","0","0"
"254144","4262","800帮派贡献","ff6ddcf6","4","1167","个","0","1","7100","true","0","0","0","0","0","0","0","false","false","false","0","0","1","1","999","0","0","5000000","打开可获得800帮派贡献","打开获得帮贡","","","","帮贡","","","","","","","","","","","","","","","","","","","","","","","","","","","","","0","0","0","0","0","0"
"254145","4262","1000帮派贡献","ff6ddcf6","4","1167","个","0","1","7100","true","0","0","0","0","0","0","0","false","false","false","0","0","1","1","999","0","0","5000000","打开可获得1000帮派贡献","打开获得帮贡","","","","帮贡","","","","","","","","","","","","","","","","","","","","","","","","","","","","","0","0","0","0","0","0"
"254146","4262","2000帮派贡献","ff6ddcf6","4","1167","个","0","1","7100","true","0","0","0","0","0","0","0","false","false","false","0","0","1","1","999","0","0","5000000","打开可获得2000帮派贡献","打开获得帮贡","","","","帮贡","","","","","","","","","","","","","","","","","","","","","","","","","","","","","0","0","0","0","0","0"
"254147","4262","3000帮派贡献","ff6ddcf6","4","1167","个","0","1","7100","true","0","0","0","0","0","0","0","false","false","false","0","0","1","1","999","0","0","5000000","打开可获得3000帮派贡献","打开获得帮贡","","","","帮贡","","","","","","","","","","","","","","","","","","","","","","","","","","","","","0","0","0","0","0","0"
"254148","4262","4000帮派贡献","ff6ddcf6","4","1167","个","0","1","7100","true","0","0","0","0","0","0","0","false","false","false","0","0","1","1","999","0","0","5000000","打开可获得4000帮派贡献","打开获得帮贡","","","","帮贡","","","","","","","","","","","","","","","","","","","","","","","","","","","","","0","0","0","0","0","0"
"254149","4262","5000帮派贡献","ff6ddcf6","4","1167","个","0","1","7100","true","0","0","0","0","0","0","0","false","false","false","0","0","1","1","999","0","0","5000000","打开可获得5000帮派贡献","打开获得帮贡","","","","帮贡","","","","","","","","","","","","","","","","","","","","","","","","","","","","","0","0","0","0","0","0"
"254150","4262","10000帮派贡献","ff6ddcf6","4","1167","个","0","1","7100","true","0","0","0","0","0","0","0","false","false","false","0","0","1","1","999","0","0","5000000","打开可获得10000帮派贡献","打开获得帮贡","","","","帮贡","","","","","","","","","","","","","","","","","","","","","","","","","","","","","0","0","0","0","0","0"
"254151","4262","100000银币","ff6ddcf6","4","1185","个","0","1","7100","true","0","0","0","0","0","0","0","false","false","false","0","0","1","1","20","0","0","5000000","可以获得100000银币。","获得银币","","","","货币","","","","","","","","","","","","","","","","","","","","","","","","","","","","","0","0","0","0","",""
"254152","4262","200000银币","ff6ddcf6","4","1185","个","0","1","7100","true","0","0","0","0","0","0","0","false","false","false","0","0","1","1","20","0","0","5000000","可以获得200000银币。","获得银币","","","","货币","","","","","","","","","","","","","","","","","","","","","","","","","","","","","0","0","0","0","",""
"254153","4262","300000银币","ff6ddcf6","4","1185","个","0","1","7100","true","0","0","0","0","0","0","0","false","false","false","0","0","1","1","20","0","0","5000000","可以获得300000银币。","获得银币","","","","货币","","","","","","","","","","","","","","","","","","","","","","","","","","","","","0","0","0","0","",""
"254154","4262","400000银币","ff6ddcf6","4","1185","个","0","1","7100","true","0","0","0","0","0","0","0","false","false","false","0","0","1","1","20","0","0","5000000","可以获得400000银币。","获得银币","","","","货币","","","","","","","","","","","","","","","","","","","","","","","","","","","","","0","0","0","0","",""
"254155","4262","500000银币","ff6ddcf6","4","1185","个","0","1","7100","true","0","0","0","0","0","0","0","false","false","false","0","0","1","1","20","0","0","5000000","可以获得500000银币。","获得银币","","","","货币","","","","","","","","","","","","","","","","","","","","","","","","","","","","","0","0","0","0","",""
"254156","4262","600000银币","ff6ddcf6","4","1185","个","0","1","7100","true","0","0","0","0","0","0","0","false","false","false","0","0","1","1","20","0","0","5000000","可以获得600000银币。","获得银币","","","","货币","","","","","","","","","","","","","","","","","","","","","","","","","","","","","0","0","0","0","",""
"254157","4262","700000银币","ff6ddcf6","4","1185","个","0","1","7100","true","0","0","0","0","0","0","0","false","false","false","0","0","1","1","20","0","0","5000000","可以获得700000银币。","获得银币","","","","货币","","","","","","","","","","","","","","","","","","","","","","","","","","","","","0","0","0","0","",""
"254158","4262","800000银币","ff6ddcf6","4","1185","个","0","1","7100","true","0","0","0","0","0","0","0","false","false","false","0","0","1","1","20","0","0","5000000","可以获得800000银币。","获得银币","","","","货币","","","","","","","","","","","","","","","","","","","","","","","","","","","","","0","0","0","0","",""
"254159","4262","900000银币","ff6ddcf6","4","1185","个","0","1","7100","true","0","0","0","0","0","0","0","false","false","false","0","0","1","1","20","0","0","5000000","可以获得900000银币。","获得银币","","","","货币","","","","","","","","","","","","","","","","","","","","","","","","","","","","","0","0","0","0","",""
"254160","4262","1000000银币","ff6ddcf6","4","1185","个","0","1","7100","true","0","0","0","0","0","0","0","false","false","false","0","0","1","1","20","0","0","5000000","可以获得1000000银币。","获得银币","","","","货币","","","","","","","","","","","","","","","","","","","","","","","","","","","","","0","0","0","0","",""
"254161","4262","1000金币","ff6ddcf6","4","1186","个","0","1","7100","true","0","0","0","0","0","0","0","false","false","false","0","0","1","1","20","0","0","5000000","可以获得1000金币。","获得金币","","","","货币","","","","","","","","","","","","","","","","","","","","","","","","","","","","","0","0","0","0","",""
"254162","4262","2000金币","ff6ddcf6","4","1186","个","0","1","7100","true","0","0","0","0","0","0","0","false","false","false","0","0","1","1","20","0","0","5000000","可以获得2000金币。","获得金币","","","","货币","","","","","","","","","","","","","","","","","","","","","","","","","","","","","0","0","0","0","",""
"254163","4262","3000金币","ff6ddcf6","4","1186","个","0","1","7100","true","0","0","0","0","0","0","0","false","false","false","0","0","1","1","20","0","0","5000000","可以获得3000金币。","获得金币","","","","货币","","","","","","","","","","","","","","","","","","","","","","","","","","","","","0","0","0","0","",""
"254164","4262","4000金币","ff6ddcf6","4","1186","个","0","1","7100","true","0","0","0","0","0","0","0","false","false","false","0","0","1","1","20","0","0","5000000","可以获得4000金币。","获得金币","","","","货币","","","","","","","","","","","","","","","","","","","","","","","","","","","","","0","0","0","0","",""
"254165","4262","5000金币","ff6ddcf6","4","1186","个","0","1","7100","true","0","0","0","0","0","0","0","false","false","false","0","0","1","1","20","0","0","5000000","可以获得5000金币。","获得金币","","","","货币","","","","","","","","","","","","","","","","","","","","","","","","","","","","","0","0","0","0","",""
"254166","4262","6000金币","ff6ddcf6","4","1186","个","0","1","7100","true","0","0","0","0","0","0","0","false","false","false","0","0","1","1","20","0","0","5000000","可以获得6000金币。","获得金币","","","","货币","","","","","","","","","","","","","","","","","","","","","","","","","","","","","0","0","0","0","",""
"254167","4262","7000金币","ff6ddcf6","4","1186","个","0","1","7100","true","0","0","0","0","0","0","0","false","false","false","0","0","1","1","20","0","0","5000000","可以获得7000金币。","获得金币","","","","货币","","","","","","","","","","","","","","","","","","","","","","","","","","","","","0","0","0","0","",""
"254168","4262","8000金币","ff6ddcf6","4","1186","个","0","1","7100","true","0","0","0","0","0","0","0","false","false","false","0","0","1","1","20","0","0","5000000","可以获得8000金币。","获得金币","","","","货币","","","","","","","","","","","","","","","","","","","","","","","","","","","","","0","0","0","0","",""
"254169","4262","9000金币","ff6ddcf6","4","1186","个","0","1","7100","true","0","0","0","0","0","0","0","false","false","false","0","0","1","1","20","0","0","5000000","可以获得9000金币。","获得金币","","","","货币","","","","","","","","","","","","","","","","","","","","","","","","","","","","","0","0","0","0","",""
"254170","4262","10000金币","ff6ddcf6","4","1186","个","0","1","7100","true","0","0","0","0","0","0","0","false","false","false","0","0","1","1","20","0","0","5000000","可以获得10000金币。","获得金币","","","","货币","","","","","","","","","","","","","","","","","","","","","","","","","","","","","0","0","0","0","",""
"111436","96","以下用于金/银箱子-不可发送","ff6ddcf6","4","1158","个","0","90","5500","true","0","0","0","0","0","0","0","false","false","false","0","0","1","1","999","0","0","5000000","每个品类需要控制在100以内，序号顺序要整洁","金钱","","0","使用方法：直接获得金钱","","","0","","","","0","","","","","","","","","","","","","","","1","","","","","","","","0","0","0","0","0","0"
"254201","4262","60万银币","ff6ddcf6","4","1185","个","0","1","7100","true","0","0","0","0","0","0","0","false","false","false","0","0","1","1","999","0","0","5000000","三界中通行的货币，可以购买商会中的物品。","使用获得银币","","","","银币","","","","","","","","","","","","","","","","","","","","","","","","","","","","","0","0","0","0","0","0"
"254202","4262","120万银币","ff6ddcf6","4","1185","个","0","1","7100","true","0","0","0","0","0","0","0","false","false","false","0","0","1","1","999","0","0","5000000","三界中通行的货币，可以购买商会中的物品。","使用获得银币","","","","银币","","","","","","","","","","","","","","","","","","","","","","","","","","","","","0","0","0","0","0","0"
"254203","4262","180万银币","ff6ddcf6","4","1185","个","0","1","7100","true","0","0","0","0","0","0","0","false","false","false","0","0","1","1","999","0","0","5000000","三界中通行的货币，可以购买商会中的物品。","使用获得银币","","","","银币","","","","","","","","","","","","","","","","","","","","","","","","","","","","","0","0","0","0","0","0"
"254204","4262","250万银币","ff6ddcf6","4","1185","个","0","1","7100","true","0","0","0","0","0","0","0","false","false","false","0","0","1","1","999","0","0","5000000","三界中通行的货币，可以购买商会中的物品。","使用获得银币","","","","银币","","","","","","","","","","","","","","","","","","","","","","","","","","","","","0","0","0","0","0","0"
"254205","4262","500万银币","ff6ddcf6","4","1185","个","0","1","7100","true","0","0","0","0","0","0","0","false","false","false","0","0","1","1","999","0","0","5000000","三界中通行的货币，可以购买商会中的物品。","使用获得银币","","","","银币","","","","","","","","","","","","","","","","","","","","","","","","","","","","","0","0","0","0","0","0"
"254301","4262","6000金币","ff6ddcf6","4","1186","个","0","1","7100","true","0","0","0","0","0","0","0","false","false","false","0","0","1","1","999","0","0","5000000","三界中通行的货币。可以购买别人摊位上的好东西，有时候还可以在商城里买到一些珍贵物品。","使用获得金币","","","","金币","","","","","","","","","","","","","","","","","","","","","","","","","","","","","0","0","0","0","0","0"
"254302","4262","12000金币","ff6ddcf6","4","1186","个","0","1","7100","true","0","0","0","0","0","0","0","false","false","false","0","0","1","1","999","0","0","5000000","三界中通行的货币。可以购买别人摊位上的好东西，有时候还可以在商城里买到一些珍贵物品。","使用获得金币","","","","金币","","","","","","","","","","","","","","","","","","","","","","","","","","","","","0","0","0","0","0","0"
"254303","4262","18000金币","ff6ddcf6","4","1186","个","0","1","7100","true","0","0","0","0","0","0","0","false","false","false","0","0","1","1","999","0","0","5000000","三界中通行的货币。可以购买别人摊位上的好东西，有时候还可以在商城里买到一些珍贵物品。","使用获得金币","","","","金币","","","","","","","","","","","","","","","","","","","","","","","","","","","","","0","0","0","0","0","0"
"254304","4262","24000金币","ff6ddcf6","4","1186","个","0","1","7100","true","0","0","0","0","0","0","0","false","false","false","0","0","1","1","999","0","0","5000000","三界中通行的货币。可以购买别人摊位上的好东西，有时候还可以在商城里买到一些珍贵物品。","使用获得金币","","","","金币","","","","","","","","","","","","","","","","","","","","","","","","","","","","","0","0","0","0","0","0"
"254305","4262","30000金币","ff6ddcf6","4","1186","个","0","1","7100","true","0","0","0","0","0","0","0","false","false","false","0","0","1","1","999","0","0","5000000","三界中通行的货币。可以购买别人摊位上的好东西，有时候还可以在商城里买到一些珍贵物品。","使用获得金币","","","","金币","","","","","","","","","","","","","","","","","","","","","","","","","","","","","0","0","0","0","0","0"
"254313","4262","50000金币","ff6ddcf6","4","1186","个","0","1","7100","true","0","0","0","0","0","0","0","false","false","false","0","0","1","1","999","0","0","5000000","三界中通行的货币。可以购买别人摊位上的好东西，有时候还可以在商城里买到一些珍贵物品。","使用获得金币","","","","金币","","","","","","","","","","","","","","","","","","","","","","","","","","","","","0","0","0","0","0","0"
"254306","4262","88888金币","ff6ddcf6","4","1186","个","0","1","7100","true","0","0","0","0","0","0","0","false","false","false","0","0","1","1","999","0","0","5000000","三界中通行的货币。可以购买别人摊位上的好东西，有时候还可以在商城里买到一些珍贵物品。","使用获得金币","","","","金币","","","","","","","","","","","","","","","","","","","","","","","","","","","","","0","0","0","0","0","0"
"254307","4262","100000金币","ff6ddcf6","4","1186","个","0","1","7100","true","0","0","0","0","0","0","0","false","false","false","0","0","1","1","999","0","0","5000000","三界中通行的货币。可以购买别人摊位上的好东西，有时候还可以在商城里买到一些珍贵物品。","使用获得金币","","","","金币","","","","","","","","","","","","","","","","","","","","","","","","","","","","","0","0","0","0","0","0"
"254308","4262","300000金币","ff6ddcf6","4","1186","个","0","1","7100","true","0","0","0","0","0","0","0","false","false","false","0","0","1","1","999","0","0","5000000","三界中通行的货币。可以购买别人摊位上的好东西，有时候还可以在商城里买到一些珍贵物品。","使用获得金币","","","","金币","","","","","","","","","","","","","","","","","","","","","","","","","","","","","0","0","0","0","0","0"
"254309","4262","500000金币","ff6ddcf6","4","1186","个","0","1","7100","true","0","0","0","0","0","0","0","false","false","false","0","0","1","1","999","0","0","5000000","三界中通行的货币。可以购买别人摊位上的好东西，有时候还可以在商城里买到一些珍贵物品。","使用获得金币","","","","金币","","","","","","","","","","","","","","","","","","","","","","","","","","","","","0","0","0","0","0","0"
"254310","4262","800000金币","ff6ddcf6","4","1186","个","0","1","7100","true","0","0","0","0","0","0","0","false","false","false","0","0","1","1","999","0","0","5000000","三界中通行的货币。可以购买别人摊位上的好东西，有时候还可以在商城里买到一些珍贵物品。","使用获得金币","","","","金币","","","","","","","","","","","","","","","","","","","","","","","","","","","","","0","0","0","0","0","0"
"254311","4262","1000000金币","ff6ddcf6","4","1186","个","0","1","7100","true","0","0","0","0","0","0","0","false","false","false","0","0","1","1","999","0","0","5000000","三界中通行的货币。可以购买别人摊位上的好东西，有时候还可以在商城里买到一些珍贵物品。","使用获得金币","","","","金币","","","","","","","","","","","","","","","","","","","","","","","","","","","","","0","0","0","0","0","0"
"254312","4262","3000000金币","ff6ddcf6","4","1186","个","0","1","7100","true","0","0","0","0","0","0","0","false","false","false","0","0","1","1","999","0","0","5000000","三界中通行的货币。可以购买别人摊位上的好东西，有时候还可以在商城里买到一些珍贵物品。","使用获得金币","","","","金币","","","","","","","","","","","","","","","","","","","","","","","","","","","","","0","0","0","0","0","0"
"254360","4262","典藏九九金条","ff6ddcf6","4","891","个","0","1","7100","true","0","0","0","0","0","0","0","false","false","false","0","0","1","1","99","0","0","5000000","打开获得1000W金币","使用获得金币","","","","金币","","","","","","","","","","","","","","","","","","","","","","","","","","","","","0","0","0","0","0","0"
"254361","4262","九九金条","ff6ddcf6","4","891","个","0","1","7100","true","0","0","0","0","0","0","0","false","false","false","0","0","1","1","99","0","0","5000000","打开获得100W金币","使用获得金币","","","","金币","","","","","","","","","","","","","","","","","","","","","","","","","","","","","0","0","0","0","0","0"
"254400","4262","低级五宝礼包","ff6ddcf6","4","1184","个","0","1","7100","true","0","0","0","0","0","0","0","false","false","false","0","0","1","1","999","0","0","5000000","可获得避水珠/夜光珠/龙鳞，其一","兑换高级宝图","","","","五宝","","","","","","","","","","","","","","","","","","","","","","","","","","","","","0","0","0","0","0","0"
"254401","4262","高级五宝礼包","ff6ddcf6","4","1179","个","0","1","7100","true","0","0","0","0","0","0","0","false","false","false","0","0","1","1","999","0","0","5000000","可获得金刚石/定魂珠、其一","兑换高级宝图","","","","五宝","","","","","","","","","","","","","","","","","","","","","","","","","","","","","0","0","0","0","0","0"
"254402","4262","魔兽要诀","ff6ddcf6","4","1168","个","0","1","7100","true","0","0","0","0","0","0","0","false","false","false","0","0","1","1","999","0","0","5000000","宠物学习后可以获得新的技能。","宠物学习技能","","","","魔兽要诀","","","","","","","","","","","","","","","","","","","","","","","","","","","","","0","0","0","0","0","0"
"254403","4262","高级魔兽要诀","ff6ddcf6","4","1169","个","0","1","7100","true","0","0","0","0","0","0","0","false","false","false","0","0","1","1","999","0","0","5000000","宠物学习后可以获得新的高级技能。","宠物学习技能","","","","魔兽要诀","","","","","","","","","","","","","","","","","","","","","","","","","","","","","0","0","0","0","0","0"
"254404","4262","低级内丹","ff6ddcf6","4","1170","个","0","1","7100","true","0","0","0","0","0","0","0","false","false","false","0","0","1","1","999","0","0","5000000","随机低级内丹，用于学习宠物低级内丹效果。","宠物学习内丹","","","","宠物内丹","","","","","","","","","","","","","","","","","","","","","","","","","","","","","0","0","0","0","0","0"
"254405","4262","高级内丹","ff6ddcf6","4","1171","个","0","1","7100","true","0","0","0","0","0","0","0","false","false","false","0","0","1","1","999","0","0","5000000","随机高级内丹，用于学习宠物高级内丹效果。","宠物学习内丹","","","","宠物内丹","","","","","","","","","","","","","","","","","","","","","","","","","","","","","0","0","0","0","0","0"
"254406","4262","法宝精华•低","ff6ddcf6","4","1806","个","0","1","7100","true","0","0","0","0","0","0","0","false","false","false","0","0","1","1","999","0","0","5000000","获得1个随机法宝精华。","获得法宝精华","","","","法宝","","","","","","","","","","","","","","","","","","","","","","","","","","","","","0","0","0","0","0","0"
"254407","4262","法宝精魄•低","ff6ddcf6","4","1807","个","0","1","7100","true","0","0","0","0","0","0","0","false","false","false","0","0","1","1","999","0","0","5000000","获得1个随机法宝精魄。","获得法宝精魄","","","","法宝","","","","","","","","","","","","","","","","","","","","","","","","","","","","","0","0","0","0","0","0"
"254408","4262","法宝精华•高","ff6ddcf6","4","1806","个","0","1","7100","true","0","0","0","0","0","0","0","false","false","false","0","0","1","1","999","0","0","5000000","打开获得2个随机法宝精华。","获得法宝精华","","","","法宝","","","","","","","","","","","","","","","","","","","","","","","","","","","","","0","0","0","0","0","0"
"254409","4262","法宝精魄•高","ff6ddcf6","4","1807","个","0","1","7100","true","0","0","0","0","0","0","0","false","false","false","0","0","1","1","999","0","0","5000000","打开获得2个随机法宝精魄。","获得法宝精魄","","","","法宝","","","","","","","","","","","","","","","","","","","","","","","","","","","","","0","0","0","0","0","0"
"254410","4262","低级器灵","ff6ddcf6","5","1281","个","0","1","7507","true","1","1","0","0","0","0","0","false","false","false","0","0","1","1","999","0","0","5000000","打开随机获得：低级器灵一个","器灵镶嵌","","","","器灵","","","","","","","","","","","","","","","","","","","","","","","","","","","","","0","0","0","0","0","0"
"254411","4262","中级器灵","ff6ddcf6","5","1281","个","0","1","7507","true","1","1","0","0","0","0","0","false","false","false","0","0","1","1","999","0","0","5000000","打开随机获得：中级器灵一个","器灵镶嵌","","","","器灵","","","","","","","","","","","","","","","","","","","","","","","","","","","","","0","0","0","0","0","0"
"254412","4262","高级器灵","ff6ddcf6","5","1281","个","0","1","7507","true","1","1","0","0","0","0","0","false","false","false","0","0","1","1","999","0","0","5000000","打开随机获得：高级器灵一个","器灵镶嵌","","","","器灵","","","","","","","","","","","","","","","","","","","","","","","","","","","","","0","0","0","0","0","0"
"254413","4262","神兽兑换券","ff6ddcf6","5","1704","张","0","1","7507","true","1","1","0","0","0","0","0","false","false","false","0","0","1","1","999","0","0","5000000","打开随机获得：超级神兽兑换卷一张。","兑换神兽","","","","礼券","","","","","","","","","","","","","","","","","","","","","","","","","","","","","0","0","0","0","0","0"
"254414","4262","强化石礼包","ff6ddcf6","4","1248","个","0","1","7100","true","0","0","0","0","0","0","0","false","false","false","0","0","1","1","999","0","0","5000000","随机获得1个强化石","获得道具","","","","礼包","","","","","","","","","","","","","","","","","","","","","","","","","","","","","0","0","0","0","0","0"
"254415","4262","强化石礼包","ff6ddcf6","4","1248","个","0","1","7100","true","0","0","0","0","0","0","0","false","false","false","0","0","1","1","999","0","0","5000000","随机获得3个强化石","获得道具","","","","礼包","","","","","","","","","","","","","","","","","","","","","","","","","","","","","0","0","0","0","0","0"
"254416","4262","初级宠物技能要诀","ff6ddcf6","4","1168","个","0","1","7100","true","0","0","0","0","0","0","0","false","false","false","0","0","1","1","999","0","0","5000000","宠物学习后可以获得新的技能。","宠物学习技能","","","","魔兽要诀","","","","","","","","","","","","","","","","","","","","","","","","","","","","","0","0","0","0","0","0"
"254417","4262","高级宠物技能要诀","ff6ddcf6","4","1169","个","0","1","7100","true","0","0","0","0","0","0","0","false","false","false","0","0","1","1","999","0","0","5000000","宠物学习后可以获得新的高级技能。","宠物学习技能","","","","魔兽要诀","","","","","","","","","","","","","","","","","","","","","","","","","","","","","0","0","0","0","0","0"
"255999","4262","下面是主线赠送类","ff6ddcf6","4","1252","个","0","1","7100","true","0","0","0","0","0","0","0","false","false","false","0","0","1","1","20","0","0","5000000","打开可获得：新手装备自选包以及银币100000。","获得奖励","","","","礼包","","","","","","","","","","","","","","","","","","","","","1","","","","","","","","0","0","0","0","0","0"
"255000","4262","新手礼包•0级","ff6ddcf6","4","1252","个","0","1","7100","true","0","0","0","0","0","0","0","false","false","false","0","0","1","1","20","0","0","5000000","打开可获得：新手装备自选包以及银币100000。","获得奖励","","","","礼包","","","","","","","","","","","","","","","","","","","","","1","","","","","","","","0","0","0","0","0","0"
"255001","4262","剑侠客•装备包","ff6ddcf6","4","1252","个","0","1","7100","true","0","0","0","0","0","0","0","false","false","false","0","0","1","1","20","0","0","5000000","<T t=""角色要求："" c=""FFFFF2DF"" f=""simhei-11""></T><T t=""剑侠客"" c=""FF33FF00"" f=""simhei-11""></T><B></B><T t=""打开获得："" c=""FFFFF2DF"" f=""simhei-11""></T><T t=""新手装备一套"" c=""FFFFF2DF"" f=""simhei-11""></T>","获得奖励","","","","礼包","","","","","","","","","","","","","","","","","","","","","1","","","","","","","","0","0","0","0","0","0"
"255002","4262","逍遥生•装备包","ff6ddcf6","4","1252","个","0","1","7100","true","0","0","0","0","0","0","0","false","false","false","0","0","1","1","20","0","0","5000000","<T t=""角色要求："" c=""FFFFF2DF"" f=""simhei-11""></T><T t=""逍遥生"" c=""FF33FF00"" f=""simhei-11""></T><B></B><T t=""打开获得："" c=""FFFFF2DF"" f=""simhei-11""></T><T t=""新手装备一套"" c=""FFFFF2DF"" f=""simhei-11""></T>","获得奖励","","","","礼包","","","","","","","","","","","","","","","","","","","","","1","","","","","","","","0","0","0","0","0","0"
"255003","4262","漠少君•装备包","ff6ddcf6","4","1252","个","0","1","7100","true","0","0","0","0","0","0","0","false","false","false","0","0","1","1","20","0","0","5000000","<T t=""角色要求："" c=""FFFFF2DF"" f=""simhei-11""></T><T t=""漠少君"" c=""FF33FF00"" f=""simhei-11""></T><B></B><T t=""打开获得："" c=""FFFFF2DF"" f=""simhei-11""></T><T t=""新手装备一套"" c=""FFFFF2DF"" f=""simhei-11""></T>","获得奖励","","","","礼包","","","","","","","","","","","","","","","","","","","","","1","","","","","","","","0","0","0","0","0","0"
"255004","4262","飞燕女•装备包","ff6ddcf6","4","1252","个","0","1","7100","true","0","0","0","0","0","0","0","false","false","false","0","0","1","1","20","0","0","5000000","<T t=""角色要求："" c=""FFFFF2DF"" f=""simhei-11""></T><T t=""飞燕女"" c=""FF33FF00"" f=""simhei-11""></T><B></B><T t=""打开获得："" c=""FFFFF2DF"" f=""simhei-11""></T><T t=""新手装备一套"" c=""FFFFF2DF"" f=""simhei-11""></T>","获得奖励","","","","礼包","","","","","","","","","","","","","","","","","","","","","1","","","","","","","","0","0","0","0","0","0"
"255005","4262","英女侠•装备包","ff6ddcf6","4","1252","个","0","1","7100","true","0","0","0","0","0","0","0","false","false","false","0","0","1","1","20","0","0","5000000","<T t=""角色要求："" c=""FFFFF2DF"" f=""simhei-11""></T><T t=""英女侠"" c=""FF33FF00"" f=""simhei-11""></T><B></B><T t=""打开获得："" c=""FFFFF2DF"" f=""simhei-11""></T><T t=""新手装备一套"" c=""FFFFF2DF"" f=""simhei-11""></T>","获得奖励","","","","礼包","","","","","","","","","","","","","","","","","","","","","1","","","","","","","","0","0","0","0","0","0"
"255006","4262","巫蛮儿•装备包","ff6ddcf6","4","1252","个","0","1","7100","true","0","0","0","0","0","0","0","false","false","false","0","0","1","1","20","0","0","5000000","<T t=""角色要求："" c=""FFFFF2DF"" f=""simhei-11""></T><T t=""巫蛮儿"" c=""FF33FF00"" f=""simhei-11""></T><B></B><T t=""打开获得："" c=""FFFFF2DF"" f=""simhei-11""></T><T t=""新手装备一套"" c=""FFFFF2DF"" f=""simhei-11""></T>","获得奖励","","","","礼包","","","","","","","","","","","","","","","","","","","","","1","","","","","","","","0","0","0","0","0","0"
"255007","4262","龙太子•装备包","ff6ddcf6","4","1252","个","0","1","7100","true","0","0","0","0","0","0","0","false","false","false","0","0","1","1","20","0","0","5000000","<T t=""角色要求："" c=""FFFFF2DF"" f=""simhei-11""></T><T t=""龙太子"" c=""FF33FF00"" f=""simhei-11""></T><B></B><T t=""打开获得："" c=""FFFFF2DF"" f=""simhei-11""></T><T t=""新手装备一套"" c=""FFFFF2DF"" f=""simhei-11""></T>","获得奖励","","","","礼包","","","","","","","","","","","","","","","","","","","","","1","","","","","","","","0","0","0","0","0","0"
"255008","4262","神天兵•装备包","ff6ddcf6","4","1252","个","0","1","7100","true","0","0","0","0","0","0","0","false","false","false","0","0","1","1","20","0","0","5000000","<T t=""角色要求："" c=""FFFFF2DF"" f=""simhei-11""></T><T t=""神天兵"" c=""FF33FF00"" f=""simhei-11""></T><B></B><T t=""打开获得："" c=""FFFFF2DF"" f=""simhei-11""></T><T t=""新手装备一套"" c=""FFFFF2DF"" f=""simhei-11""></T>","获得奖励","","","","礼包","","","","","","","","","","","","","","","","","","","","","1","","","","","","","","0","0","0","0","0","0"
"255009","4262","羽灵神•装备包","ff6ddcf6","4","1252","个","0","1","7100","true","0","0","0","0","0","0","0","false","false","false","0","0","1","1","20","0","0","5000000","<T t=""角色要求："" c=""FFFFF2DF"" f=""simhei-11""></T><T t=""羽灵神"" c=""FF33FF00"" f=""simhei-11""></T><B></B><T t=""打开获得："" c=""FFFFF2DF"" f=""simhei-11""></T><T t=""新手装备一套"" c=""FFFFF2DF"" f=""simhei-11""></T>","获得奖励","","","","礼包","","","","","","","","","","","","","","","","","","","","","1","","","","","","","","0","0","0","0","0","0"
"255010","4262","舞天姬•装备包","ff6ddcf6","4","1252","个","0","1","7100","true","0","0","0","0","0","0","0","false","false","false","0","0","1","1","20","0","0","5000000","<T t=""角色要求："" c=""FFFFF2DF"" f=""simhei-11""></T><T t=""舞天姬"" c=""FF33FF00"" f=""simhei-11""></T><B></B><T t=""打开获得："" c=""FFFFF2DF"" f=""simhei-11""></T><T t=""新手装备一套"" c=""FFFFF2DF"" f=""simhei-11""></T>","获得奖励","","","","礼包","","","","","","","","","","","","","","","","","","","","","1","","","","","","","","0","0","0","0","0","0"
"255011","4262","梦玲珑•装备包","ff6ddcf6","4","1252","个","0","1","7100","true","0","0","0","0","0","0","0","false","false","false","0","0","1","1","20","0","0","5000000","<T t=""角色要求："" c=""FFFFF2DF"" f=""simhei-11""></T><T t=""梦玲珑"" c=""FF33FF00"" f=""simhei-11""></T><B></B><T t=""打开获得："" c=""FFFFF2DF"" f=""simhei-11""></T><T t=""新手装备一套"" c=""FFFFF2DF"" f=""simhei-11""></T>","获得奖励","","","","礼包","","","","","","","","","","","","","","","","","","","","","1","","","","","","","","0","0","0","0","0","0"
"255012","4262","玄彩娥•装备包","ff6ddcf6","4","1252","个","0","1","7100","true","0","0","0","0","0","0","0","false","false","false","0","0","1","1","20","0","0","5000000","<T t=""角色要求："" c=""FFFFF2DF"" f=""simhei-11""></T><T t=""玄彩娥"" c=""FF33FF00"" f=""simhei-11""></T><B></B><T t=""打开获得："" c=""FFFFF2DF"" f=""simhei-11""></T><T t=""新手装备一套"" c=""FFFFF2DF"" f=""simhei-11""></T>","获得奖励","","","","礼包","","","","","","","","","","","","","","","","","","","","","1","","","","","","","","0","0","0","0","0","0"
"255013","4262","杀破狼•装备包","ff6ddcf6","4","1252","个","0","1","7100","true","0","0","0","0","0","0","0","false","false","false","0","0","1","1","20","0","0","5000000","<T t=""角色要求："" c=""FFFFF2DF"" f=""simhei-11""></T><T t=""杀破狼"" c=""FF33FF00"" f=""simhei-11""></T><B></B><T t=""打开获得："" c=""FFFFF2DF"" f=""simhei-11""></T><T t=""新手装备一套"" c=""FFFFF2DF"" f=""simhei-11""></T>","获得奖励","","","","礼包","","","","","","","","","","","","","","","","","","","","","1","","","","","","","","0","0","0","0","0","0"
"255014","4262","虎头怪•装备包","ff6ddcf6","4","1252","个","0","1","7100","true","0","0","0","0","0","0","0","false","false","false","0","0","1","1","20","0","0","5000000","<T t=""角色要求："" c=""FFFFF2DF"" f=""simhei-11""></T><T t=""虎头怪"" c=""FF33FF00"" f=""simhei-11""></T><B></B><T t=""打开获得："" c=""FFFFF2DF"" f=""simhei-11""></T><T t=""新手装备一套"" c=""FFFFF2DF"" f=""simhei-11""></T>","获得奖励","","","","礼包","","","","","","","","","","","","","","","","","","","","","1","","","","","","","","0","0","0","0","0","0"
"255015","4262","巨魔王•装备包","ff6ddcf6","4","1252","个","0","1","7100","true","0","0","0","0","0","0","0","false","false","false","0","0","1","1","20","0","0","5000000","<T t=""角色要求："" c=""FFFFF2DF"" f=""simhei-11""></T><T t=""巨魔王"" c=""FF33FF00"" f=""simhei-11""></T><B></B><T t=""打开获得："" c=""FFFFF2DF"" f=""simhei-11""></T><T t=""新手装备一套"" c=""FFFFF2DF"" f=""simhei-11""></T>","获得奖励","","","","礼包","","","","","","","","","","","","","","","","","","","","","1","","","","","","","","0","0","0","0","0","0"
"255016","4262","骨精灵•装备包","ff6ddcf6","4","1252","个","0","1","7100","true","0","0","0","0","0","0","0","false","false","false","0","0","1","1","20","0","0","5000000","<T t=""角色要求："" c=""FFFFF2DF"" f=""simhei-11""></T><T t=""骨精灵"" c=""FF33FF00"" f=""simhei-11""></T><B></B><T t=""打开获得："" c=""FFFFF2DF"" f=""simhei-11""></T><T t=""新手装备一套"" c=""FFFFF2DF"" f=""simhei-11""></T>","获得奖励","","","","礼包","","","","","","","","","","","","","","","","","","","","","1","","","","","","","","0","0","0","0","0","0"
"255017","4262","狐美人•装备包","ff6ddcf6","4","1252","个","0","1","7100","true","0","0","0","0","0","0","0","false","false","false","0","0","1","1","20","0","0","5000000","<T t=""角色要求："" c=""FFFFF2DF"" f=""simhei-11""></T><T t=""狐美人"" c=""FF33FF00"" f=""simhei-11""></T><B></B><T t=""打开获得："" c=""FFFFF2DF"" f=""simhei-11""></T><T t=""新手装备一套"" c=""FFFFF2DF"" f=""simhei-11""></T>","获得奖励","","","","礼包","","","","","","","","","","","","","","","","","","","","","1","","","","","","","","0","0","0","0","0","0"
"256001","582","新手装备自选包","ff6ddcf6","4","1252","个","0","1","7100","true","0","0","0","0","0","0","0","false","false","false","0","0","1","1","20","0","0","5000000","自由选择礼包，请选择对应的角色装备礼包。","自由选择奖励","","","","自选礼包","","3","73","","","","","","","","","","","","","","","","","","1","","","","","","","","0","0","0","0","0","0"
"256002","4262","新手锻造礼包","ff6ddcf6","4","1252","个","0","1","7100","true","0","0","0","0","0","0","0","false","false","false","0","0","1","1","20","0","0","5000000","<T t=""打开获得：60级打造材料一套"" c=""FFFFF2DF"" f=""simhei-11""></T>","获得打造材料","","","","礼包","","","","","","","","","","","","","","","","","","","","","1","","","","","","","","0","0","0","0","0","0"
"256003","582","武器自选•60级","ff6ddcf6","4","1252","个","0","1","7100","true","0","0","0","0","0","0","0","false","false","false","0","0","1","1","20","0","0","5000000","可自选60级武器类制造指南书一本。","自由选择奖励","","","","自选礼包","","3","73","","","","","","","","","","","","","","","","","","1","","","","","","","","0","0","0","0","0","0"
"256004","582","锻造自选•60级","ff6ddcf6","4","1252","个","0","1","7100","true","0","0","0","0","0","0","0","false","false","false","0","0","1","1","20","0","0","5000000","可自选60级防具类制造指南书。","自由选择奖励","","","","自选礼包","","3","73","","","","","","","","","","","","","","","","","","1","","","","","","","","0","0","0","0","0","0"
"256005","582","新手装备自选礼包","ff6ddcf6","4","1252","个","0","1","7100","true","0","0","0","0","0","0","0","false","false","false","0","0","1","1","20","0","0","5000000","自由选择礼包，请选择对应的角色六件装备礼包。","自由选择奖励","","","","自选礼包","","3","73","","","","","","","","","","","","","","","","","","1","","","","","","","","0","0","0","0","0","0"
"99999","4262","下面是宠物装备打造用","ff6ddcf6","4","1733","个","0","1","7100","true","0","0","0","0","0","0","0","false","false","false","0","0","1","1","20","0","0","5000000","让人看了头晕目眩的银袋子，里面装着1000000银币","打开获得银币","","","","货币","","","","","","","","","","","","","","","","","","","","","1","","","","","","","","0","0","0","0","0","0"
"257001","150","炼妖石","ff6ddcf6","4","1798","颗","0","1","7100","true","1","0","0","0","0","0","0","false","false","false","0","0","1","1","999","0","0","5000000","<T t=""上古天神遗留下来得石头，可以通过合成获得天眼珠。"" c=""FFFFF2DF"" f=""simhei-11""></T>","合成天眼珠","","","","宠装材料","","3","84","","","","","","","","7","","","","","","","","","","1","7","","","","","","","0","0","0","0","0","0"
"257002","150","三眼天珠","ff6ddcf6","4","1813","颗","0","1","7100","true","1","0","0","0","0","0","0","false","false","false","0","0","1","1","999","0","0","5000000","<T t=""等级：65级"" c=""FFFFFF00"" f=""simhei-11""></T><B></B><T t=""炼妖石合成产出的天眼珠，可锻造65级宠物装备。"" c=""FFFFF2DF"" f=""simhei-11""></T>","宠物装备锻造","","","","天眼珠","","3","83","","","","","","","","2","7","","","","","","","","","1","7","","","","","","","0","0","0","0","0","0"
"257003","150","六眼天珠","ff6ddcf6","4","1814","颗","0","1","7100","true","1","0","0","0","0","0","0","false","false","false","0","0","1","1","999","0","0","5000000","<T t=""等级：85级"" c=""FFFFFF00"" f=""simhei-11""></T><B></B><T t=""炼妖石合成产出的天眼珠，可锻造85级宠物装备。"" c=""FFFFF2DF"" f=""simhei-11""></T>","宠物装备锻造","","","","天眼珠","","3","83","","","","","","","","2","7","","","","","","","","","1","7","","","","","","","0","0","0","0","0","0"
"257004","150","九眼天珠","ff6ddcf6","4","1815","颗","0","1","7100","true","1","0","0","0","0","0","0","false","false","false","0","0","1","1","999","0","0","5000000","<T t=""等级：105级"" c=""FFFFFF00"" f=""simhei-11""></T><B></B><T t=""炼妖石合成产出的天眼珠，可锻造105级宠物装备。"" c=""FFFFF2DF"" f=""simhei-11""></T>","宠物装备锻造","","","","天眼珠","","3","83","","","","","","","","2","7","","","","","","","","","1","7","","","","","","","0","0","0","0","0","0"
"257005","150","锻造书•护腕","ff6ddcf6","4","1816","本","0","1","7100","true","1","0","0","0","0","0","1302","false","false","false","0","0","1","1","999","0","0","5000000","<T t=""等级：65级"" c=""FFFFFF00"" f=""simhei-11""></T><B></B><T t=""上古锻造图册，用于锻造宠物护腕。"" c=""FFFFF2DF"" f=""simhei-11""></T>","宠物装备锻造","","","","锻造书","","3","83","","","","","","","","1","7","","","","","","","","","1","7","","","","","","","0","0","0","0","0","0"
"257006","150","锻造书•项圈","ff6ddcf6","4","1817","本","0","1","7100","true","1","0","0","0","0","0","1305","false","false","false","0","0","1","1","999","0","0","5000000","<T t=""等级：65级"" c=""FFFFFF00"" f=""simhei-11""></T><B></B><T t=""上古锻造图册，用于锻造宠物项圈。"" c=""FFFFF2DF"" f=""simhei-11""></T>","宠物装备锻造","","","","锻造书","","3","83","","","","","","","","1","7","","","","","","","","","1","7","","","","","","","0","0","0","0","0","0"
"257007","150","锻造书•衣甲","ff6ddcf6","4","1818","本","0","1","7100","true","1","0","0","0","0","0","1308","false","false","false","0","0","1","1","999","0","0","5000000","<T t=""等级：65级"" c=""FFFFFF00"" f=""simhei-11""></T><B></B><T t=""上古锻造图册，用于锻造宠物衣甲。"" c=""FFFFF2DF"" f=""simhei-11""></T>","宠物装备锻造","","","","锻造书","","3","83","","","","","","","","1","7","","","","","","","","","1","7","","","","","","","0","0","0","0","0","0"
"257008","150","锻造书•护腕","ff6ddcf6","4","1816","本","0","1","7100","true","1","0","0","0","0","0","1303","false","false","false","0","0","1","1","999","0","0","5000000","<T t=""等级：85级"" c=""FFFFFF00"" f=""simhei-11""></T><B></B><T t=""上古锻造图册，用于锻造宠物护腕。"" c=""FFFFF2DF"" f=""simhei-11""></T>","宠物装备锻造","","","","锻造书","","3","83","","","","","","","","1","7","","","","","","","","","1","7","","","","","","","0","0","0","0","0","0"
"257009","150","锻造书•项圈","ff6ddcf6","4","1817","本","0","1","7100","true","1","0","0","0","0","0","1306","false","false","false","0","0","1","1","999","0","0","5000000","<T t=""等级：85级"" c=""FFFFFF00"" f=""simhei-11""></T><B></B><T t=""上古锻造图册，用于锻造宠物项圈。"" c=""FFFFF2DF"" f=""simhei-11""></T>","宠物装备锻造","","","","锻造书","","3","83","","","","","","","","1","7","","","","","","","","","1","7","","","","","","","0","0","0","0","0","0"
"257010","150","锻造书•衣甲","ff6ddcf6","4","1818","本","0","1","7100","true","1","0","0","0","0","0","1309","false","false","false","0","0","1","1","999","0","0","5000000","<T t=""等级：85级"" c=""FFFFFF00"" f=""simhei-11""></T><B></B><T t=""上古锻造图册，用于锻造宠物衣甲。"" c=""FFFFF2DF"" f=""simhei-11""></T>","宠物装备锻造","","","","锻造书","","3","83","","","","","","","","1","7","","","","","","","","","1","7","","","","","","","0","0","0","0","0","0"
"257011","150","锻造书•护腕","ff6ddcf6","4","1816","本","0","1","7100","true","1","0","0","0","0","0","1304","false","false","false","0","0","1","1","999","0","0","5000000","<T t=""等级：105级"" c=""FFFFFF00"" f=""simhei-11""></T><B></B><T t=""上古锻造图册，用于锻造宠物护腕。"" c=""FFFFF2DF"" f=""simhei-11""></T>","宠物装备锻造","","","","锻造书","","3","83","","","","","","","","1","7","","","","","","","","","1","7","","","","","","","0","0","0","0","0","0"
"257012","150","锻造书•项圈","ff6ddcf6","4","1817","本","0","1","7100","true","1","0","0","0","0","0","1307","false","false","false","0","0","1","1","999","0","0","5000000","<T t=""等级：105级"" c=""FFFFFF00"" f=""simhei-11""></T><B></B><T t=""上古锻造图册，用于锻造宠物项圈。"" c=""FFFFF2DF"" f=""simhei-11""></T>","宠物装备锻造","","","","锻造书","","3","83","","","","","","","","1","7","","","","","","","","","1","7","","","","","","","0","0","0","0","0","0"
"257013","150","锻造书•衣甲","ff6ddcf6","4","1818","本","0","1","7100","true","1","0","0","0","0","0","1310","false","false","false","0","0","1","1","999","0","0","5000000","<T t=""等级：105级"" c=""FFFFFF00"" f=""simhei-11""></T><B></B><T t=""上古锻造图册，用于锻造宠物衣甲。"" c=""FFFFF2DF"" f=""simhei-11""></T>","宠物装备锻造","","","","锻造书","","3","83","","","","","","","","1","7","","","","","","","","","1","7","","","","","","","0","0","0","0","0","0"
"154123","96","下面是星印用品","ff6ddcf6","4","1158","个","0","90","5500","true","0","0","0","0","0","0","0","false","false","false","0","0","1","1","1","0","0","5000000","添加新物品需要根据序号排序","金钱","","0","使用方法：直接获得金钱","","","0","","","","0","","","","","","","","","","","","","","","1","","","","","","","","0","0","0","0","0","0"
"258001","150","环蛇•印诀书","ff6ddcf6","4","1826","本","10","1","7057","true","0","0","0","0","0","0","0","false","false","false","0","0","1","1","999","0","0","5000000","<T t=""来自星辰的力量汇聚在这份卷轴上是用于打造出环蛇印的指南书。"" c=""FFFFF2DF"" f=""simhei-11""></T>","打造星印","2","161506","使用方法：点击使用","蛇印书","","3","6","","","1","","","","","2","4","7","","","","","","","1","1","30","","","","","","","0","0","0","0","0","0"
"258002","150","卧虎•印诀书","ff6ddcf6","4","1827","本","10","1","7057","true","0","0","0","0","0","0","0","false","false","false","0","0","1","1","999","0","0","5000000","<T t=""来自星辰的力量汇聚在这份卷轴上是用于打造出卧虎印的指南书。"" c=""FFFFF2DF"" f=""simhei-11""></T>","打造星印","2","161506","使用方法：点击使用","虎印书","","3","6","","","1","","","","","2","4","7","","","","","","","1","1","30","","","","","","","0","0","0","0","0","0"
"258003","150","斗牛•印诀书","ff6ddcf6","4","1835","本","10","1","7057","true","0","0","0","0","0","0","0","false","false","false","0","0","1","1","999","0","0","5000000","<T t=""来自星辰的力量汇聚在这份卷轴上是用于打造出斗牛印的指南书。"" c=""FFFFF2DF"" f=""simhei-11""></T>","打造星印","2","161506","使用方法：点击使用","牛印书","","3","6","","","1","","","","","2","4","7","","","","","","","1","1","30","","","","","","","0","0","0","0","0","0"
"258004","150","追兔•印诀书","ff6ddcf6","4","1828","本","10","1","7057","true","0","0","0","0","0","0","0","false","false","false","0","0","1","1","999","0","0","5000000","<T t=""来自星辰的力量汇聚在这份卷轴上是用于打造出追兔印的指南书。"" c=""FFFFF2DF"" f=""simhei-11""></T>","打造星印","2","161506","使用方法：点击使用","兔印书","","3","6","","","1","","","","","2","4","7","","","","","","","1","1","30","","","","","","","0","0","0","0","0","0"
"258005","150","游龙•印诀书","ff6ddcf6","4","1829","本","10","1","7057","true","0","0","0","0","0","0","0","false","false","false","0","0","1","1","999","0","0","5000000","<T t=""来自星辰的力量汇聚在这份卷轴上是用于打造出游龙印的指南书。"" c=""FFFFF2DF"" f=""simhei-11""></T>","打造星印","2","161506","使用方法：点击使用","龙印书","","3","6","","","1","","","","","2","4","7","","","","","","","1","1","30","","","","","","","0","0","0","0","0","0"
"258006","150","安羊•印诀书","ff6ddcf6","4","1830","本","10","1","7057","true","0","0","0","0","0","0","0","false","false","false","0","0","1","1","999","0","0","5000000","<T t=""来自星辰的力量汇聚在这份卷轴上是用于打造出安羊印的指南书。"" c=""FFFFF2DF"" f=""simhei-11""></T>","打造星印","2","161506","使用方法：点击使用","羊印书","","3","6","","","1","","","","","2","4","7","","","","","","","1","1","30","","","","","","","0","0","0","0","0","0"
"258007","150","环蛇极•印诀书","ff6ddcf6","4","3206","本","10","1","7057","true","0","0","0","0","0","0","0","false","false","false","0","0","1","1","999","0","0","5000000","<T t=""来自星辰的力量汇聚在这份卷轴上是用于打造出卧虎印的指南书，打造必出星印•极。"" c=""FFFFF2DF"" f=""simhei-11""></T>","打造极品星印","2","161506","使用方法：点击使用","蛇印书","","3","6","","","1","","","","","2","4","7","","","","","","","1","1","30","","","","","","","0","0","0","0","0","0"
"258008","150","卧虎极•印诀书","ff6ddcf6","4","3195","本","10","1","7057","true","0","0","0","0","0","0","0","false","false","false","0","0","1","1","999","0","0","5000000","<T t=""来自星辰的力量汇聚在这份卷轴上是用于打造出卧虎印的指南书，打造必出星印•极。"" c=""FFFFF2DF"" f=""simhei-11""></T>","打造极品星印","2","161506","使用方法：点击使用","虎印书","","3","6","","","1","","","","","2","4","7","","","","","","","1","1","30","","","","","","","0","0","0","0","0","0"
"258009","150","斗牛极•印诀书","ff6ddcf6","4","3204","本","10","1","7057","true","0","0","0","0","0","0","0","false","false","false","0","0","1","1","999","0","0","5000000","<T t=""来自星辰的力量汇聚在这份卷轴上是用于打造出卧虎印的指南书，打造必出星印•极。"" c=""FFFFF2DF"" f=""simhei-11""></T>","打造极品星印","2","161506","使用方法：点击使用","牛印书","","3","6","","","1","","","","","2","4","7","","","","","","","1","1","30","","","","","","","0","0","0","0","0","0"
"258010","150","追兔极•印诀书","ff6ddcf6","4","3201","本","10","1","7057","true","0","0","0","0","0","0","0","false","false","false","0","0","1","1","999","0","0","5000000","<T t=""来自星辰的力量汇聚在这份卷轴上是用于打造出卧虎印的指南书，打造必出星印•极。"" c=""FFFFF2DF"" f=""simhei-11""></T>","打造极品星印","2","161506","使用方法：点击使用","兔印书","","3","6","","","1","","","","","2","4","7","","","","","","","1","1","30","","","","","","","0","0","0","0","0","0"
"258011","150","游龙极•印诀书","ff6ddcf6","4","3205","本","10","1","7057","true","0","0","0","0","0","0","0","false","false","false","0","0","1","1","999","0","0","5000000","<T t=""来自星辰的力量汇聚在这份卷轴上是用于打造出卧虎印的指南书，打造必出星印•极。"" c=""FFFFF2DF"" f=""simhei-11""></T>","打造极品星印","2","161506","使用方法：点击使用","龙印书","","3","6","","","1","","","","","2","4","7","","","","","","","1","1","30","","","","","","","0","0","0","0","0","0"
"258012","150","安羊极•印诀书","ff6ddcf6","4","3203","本","10","1","7057","true","0","0","0","0","0","0","0","false","false","false","0","0","1","1","999","0","0","5000000","<T t=""来自星辰的力量汇聚在这份卷轴上是用于打造出卧虎印的指南书，打造必出星印•极。"" c=""FFFFF2DF"" f=""simhei-11""></T>","打造极品星印","2","161506","使用方法：点击使用","羊印书","","3","6","","","1","","","","","2","4","7","","","","","","","1","1","30","","","","","","","0","0","0","0","0","0"
"258100","2470","月华石","ff6ddcf6","4","1832","块","10","1","7059","true","0","1","0","0","0","0","0","false","false","false","0","0","1","1","99999","0","0","5000000","<T t=""带有月华能量的石头，可以用于锻造星印。"" c=""FFFFF2DF"" f=""simhei-11""></T>","打造星印","4","161506","使用方法：装备打造中使用","星印材料","","3","6","","","1","","","","","2","4","7","","","","","","","","1","30","","","","","","10级","0","0","0","0","0","0"
"258101","2470","日光石","ff6ddcf6","4","1833","块","10","1","7059","true","0","1","0","0","0","0","0","false","false","false","0","0","1","1","99999","0","0","5000000","<T t=""带有日光能量的石头，可以用于锻造星印。"" c=""FFFFF2DF"" f=""simhei-11""></T>","打造星印","4","161506","使用方法：装备打造中使用","星印材料","","3","6","","","1","","","","","2","4","7","","","","","","","","1","30","","","","","","10级","0","0","0","0","0","0"
"258102","2470","万物之灵","ff6ddcf6","4","1834","颗","10","1","7058","true","0","1","0","0","0","0","0","false","false","false","0","0","1","1","99999","0","0","5000000","<T t=""动心起念幻化的万物灵魄，置于星轮之上点化，现星印之形。"" c=""FFFFF2DF"" f=""simhei-11""></T>","打造星印","4","161506","使用方法：装备打造中使用","星印材料","","3","6","","","1","","","","","2","4","7","","","","","","","1","1","30","","","","","","10级","0","0","0","0","0","0"
"258103","150","点星锤","ff6ddcf6","4","1840","颗","0","1","7058","true","0","1","0","0","0","0","0","false","false","false","0","0","1","1","99999","0","0","5000000","<T t=""炼化星印用的锤子，能锤去星印的杂质，让星印散发更多威能。"" c=""FFFFF2DF"" f=""simhei-11""></T>","星印炼化","4","161506","使用方法：装备打造中使用","炼化","","3","6","","","1","","","","","2","4","7","","","","","","","1","1","30","","","","","","10级","0","0","0","0","0","0"
"258104","150","星印精魄","ff6ddcf6","4","1839","颗","0","1","7058","true","0","1","0","0","0","0","0","false","false","false","0","0","1","1","99999","0","0","5000000","<T t=""合成要求："" c=""FFFFF2DF"" f=""simhei-11""></T><T t=""10个"" c=""FF33FF00"" f=""simhei-11""></T><B></B><T t=""分解星印得到的精魄，可在炼印界面合成为点星锤。"" c=""FFFFF2DF"" f=""simhei-11""></T>","合成点星锤","4","161506","使用方法：装备打造中使用","合成材料","","3","6","","","1","","","","","2","4","7","","","","","","","","1","30","","","","","","10级","0","0","0","0","0","0"
"258999","96","下面是月卡、福利类、充值","ff6ddcf6","4","1158","个","0","90","5500","true","0","0","0","0","0","0","0","false","false","false","0","0","1","1","1","0","0","5000000","添加新物品需要根据序号排序","金钱","","0","使用方法：直接获得金钱","","","0","","","","0","","","","","","","","","","","","","","","1","","","","","","","","0","0","0","0","0","0"
"259000","2470","追梦西游•超值周卡","ff6ddcf6","4","1246","张","0","1","7100","true","0","0","0","0","0","0","0","false","false","false","0","0","1","1","9999","0","0","5000000","<T t=""可在福利周卡界面激活专属福利。"" c=""FFFFF2DF"" f=""simhei-11""></T>","周卡激活","","","","卡券","","3","66","","","","","","","","","","","","","","","","","","1","","","","","","","","0","0","0","0","0","0"
"259001","4262","7元仙玉券","ff6ddcf6","4","1247","个","0","1","5000","true","0","0","0","0","0","0","0","false","false","false","0","0","1","1","20","0","0","5000000","<T t=""使用可获得："" c=""FFFFF2DF"" f=""simhei-11""></T><T t=""赠送700仙玉，但是激活首充礼包"" c=""FF33FF00"" f=""simhei-11""></T>","获得充值金额","","","","充值券","","","","","","","","","","","","","","","","","","","","","1","","","","","","","","0","0","0","0","0","0"
"259002","4262","周卡•装备强化包","ff6ddcf6","4","1749","个","0","1","5000","true","0","0","0","0","0","0","0","false","false","false","0","0","1","1","20","0","0","5000000","<T t=""打开获得："" c=""FFFFF2DF"" f=""simhei-11""></T><T t=""100000银币"" c=""FFFFF2DF"" f=""simhei-11""></T><T t="""" c=""FF33FF00"" f=""simhei-11""></T><B></B><T t=""青龙石x10"" c=""FF33FF00"" f=""simhei-11""></T><T t=""、"" c=""FFFFF2DF"" f=""simhei-11""></T><T t=""白虎石x10"" c=""FF33FF00"" f=""simhei-11""></T><B></B><T t=""玄武石x10"" c=""FF33FF00"" f=""simhei-11""></T><T t=""、"" c=""FFFFF2DF"" f=""simhei-11""></T><T t=""朱雀石x10"" c=""FF33FF00"" f=""simhei-11""></T>","获得奖励","","","","月卡礼包","","","","","","","","","","","","","","","","","","","","","1","","","","","","","","0","0","0","0","0","0"
"259003","4262","周卡•宠物培养包","ff6ddcf6","4","1776","个","0","1","5000","true","0","0","0","0","0","0","0","false","false","false","0","0","1","1","20","0","0","5000000","<T t=""打开获得："" c=""FFFFF2DF"" f=""simhei-11""></T><T t=""金柳露x5"" c=""FF33FF00"" f=""simhei-11""></T><B></B><T t=""随机获得其一："" c=""FFFFF2DF"" f=""simhei-11""></T><T t="""" c=""FFFFF2DF"" f=""simhei-11""></T><T t=""低级兽决x1"" c=""FFFFFF00"" f=""simhei-11""></T><T t=""、"" c=""FFFFF2DF"" f=""simhei-11""></T><T t=""超级金柳露x2"" c=""FFFFFF00"" f=""simhei-11""></T><T t=""、"" c=""FFFFF2DF"" f=""simhei-11""></T><T t=""元宵x2"" c=""FFFFFF00"" f=""simhei-11""></T><T t=""、"" c=""FFFFF2DF"" f=""simhei-11""></T><T t=""炼兽真经x1"" c=""FFFFFF00"" f=""simhei-11""></T><T t="""" c=""FFFFF2DF"" f=""simhei-11""></T>","获得奖励","","","","月卡礼包","","","","","","","","","","","","","","","","","","","","","1","","","","","","","","0","0","0","0","0","0"
"259004","4262","周卡•人物培养包","ff6ddcf6","4","1729","个","0","1","5000","true","0","0","0","0","0","0","0","false","false","false","0","0","1","1","20","0","0","5000000","<T t=""打开获得："" c=""FFFFF2DF"" f=""simhei-11""></T><T t=""回梦丹x2"" c=""FF33FF00"" f=""simhei-11""></T><T t=""、"" c=""FFFFF2DF"" f=""simhei-11""></T><T t=""小海马x2"" c=""FF33FF00"" f=""simhei-11""></T><B></B><T t="""" c=""FF33FF00"" f=""simhei-11""></T><T t=""概率获得其一："" c=""FFFFF2DF"" f=""simhei-11""></T><T t="""" c=""FFFFF2DF"" f=""simhei-11""></T><T t=""银钥匙x1"" c=""FFFFFF00"" f=""simhei-11""></T><T t=""、"" c=""FFFFF2DF"" f=""simhei-11""></T><T t=""金钥匙x1"" c=""FFFFFF00"" f=""simhei-11""></T><T t="""" c=""FFFFF2DF"" f=""simhei-11""></T>","获得奖励","","","","月卡礼包","","","","","","","","","","","","","","","","","","","","","1","","","","","","","","0","0","0","0","0","0"
"259005","4262","周卡•法宝培养包","ff6ddcf6","4","1808","个","0","1","5000","true","0","0","0","0","0","0","0","false","false","false","0","0","1","1","20","0","0","5000000","<T t=""打开获得："" c=""FFFFF2DF"" f=""simhei-11""></T><T t=""法宝碎片*5"" c=""FF33FF00"" f=""simhei-11""></T><B></B><T t="""" c=""FF33FF00"" f=""simhei-11""></T><T t=""概率获得其一："" c=""FFFFF2DF"" f=""simhei-11""></T><T t="""" c=""FFFFF2DF"" f=""simhei-11""></T><T t=""法宝精华x1"" c=""FFFFFF00"" f=""simhei-11""></T><T t=""、"" c=""FFFFF2DF"" f=""simhei-11""></T><T t=""法宝精魄x1"" c=""FFFFFF00"" f=""simhei-11""></T><T t="""" c=""FFFFF2DF"" f=""simhei-11""></T>","获得奖励","","","","月卡礼包","","","","","","","","","","","","","","","","","","","","","1","","","","","","","","0","0","0","0","0","0"
"259100","4262","6元首充券","ff6ddcf6","4","1247","张","0","1","5000","true","0","0","0","0","0","0","0","false","false","false","0","0","1","1","20","0","0","5000000","<T t=""打开可获得："" c=""FFFFF2DF"" f=""simhei-11""></T><T t=""600仙玉"" c=""FF33FF00"" f=""simhei-11""></T>","获得货币","","","","仙玉券","","","","","","","","","","","","","","","","","","","","","","","","","","","","","0","0","0","0","0","0"
"259101","4262","30元首充券","ff6ddcf6","4","1247","张","0","1","5000","true","0","0","0","0","0","0","0","false","false","false","0","0","1","1","20","0","0","5000000","<T t=""打开可获得："" c=""FFFFF2DF"" f=""simhei-11""></T><T t=""3000仙玉"" c=""FF33FF00"" f=""simhei-11""></T>","获得货币","","","","仙玉券","","","","","","","","","","","","","","","","","","","","","","","","","","","","","0","0","0","0","0","0"
"259102","4262","68元充值券","ff6ddcf6","4","1247","张","0","1","5000","true","0","0","0","0","0","0","0","false","false","false","0","0","1","1","20","0","0","5000000","<T t=""打开可获得："" c=""FFFFF2DF"" f=""simhei-11""></T><T t=""6888仙玉"" c=""FF33FF00"" f=""simhei-11""></T>","获得货币","","","","仙玉券","","","","","","","","","","","","","","","","","","","","","","","","","","","","","0","0","0","0","0","0"
"259103","4262","98元充值券","ff6ddcf6","4","1247","张","0","1","5000","true","0","0","0","0","0","0","0","false","false","false","0","0","1","1","20","0","0","5000000","<T t=""打开可获得："" c=""FFFFF2DF"" f=""simhei-11""></T><T t=""9800仙玉"" c=""FF33FF00"" f=""simhei-11""></T>","获得货币","","","","仙玉券","","","","","","","","","","","","","","","","","","","","","","","","","","","","","0","0","0","0","0","0"
"259104","4262","120元充值券","ff6ddcf6","4","1247","张","0","1","5000","true","0","0","0","0","0","0","0","false","false","false","0","0","1","1","20","0","0","5000000","<T t=""打开可获得："" c=""FFFFF2DF"" f=""simhei-11""></T><T t=""13000仙玉"" c=""FF33FF00"" f=""simhei-11""></T>","获得货币","","","","仙玉券","","","","","","","","","","","","","","","","","","","","","","","","","","","","","0","0","0","0","0","0"
"259105","4262","298元充值券","ff6ddcf6","4","1247","张","0","1","5000","true","0","0","0","0","0","0","0","false","false","false","0","0","1","1","20","0","0","5000000","<T t=""打开可获得："" c=""FFFFF2DF"" f=""simhei-11""></T><T t=""29888仙玉"" c=""FF33FF00"" f=""simhei-11""></T>","获得货币","","","","仙玉券","","","","","","","","","","","","","","","","","","","","","","","","","","","","","0","0","0","0","0","0"
"259106","4262","498元充值券","ff6ddcf6","4","1247","张","0","1","5000","true","0","0","0","0","0","0","0","false","false","false","0","0","1","1","20","0","0","5000000","<T t=""打开可获得："" c=""FFFFF2DF"" f=""simhei-11""></T><T t=""49800仙玉"" c=""FF33FF00"" f=""simhei-11""></T>","获得货币","","","","仙玉券","","","","","","","","","","","","","","","","","","","","","","","","","","","","","0","0","0","0","0","0"
"259107","4262","648元充值券","ff6ddcf6","4","1247","张","0","1","5000","true","0","0","0","0","0","0","0","false","false","false","0","0","1","1","20","0","0","5000000","<T t=""打开可获得："" c=""FFFFF2DF"" f=""simhei-11""></T><T t=""64888仙玉"" c=""FF33FF00"" f=""simhei-11""></T>","获得货币","","","","仙玉券","","","","","","","","","","","","","","","","","","","","","","","","","","","","","0","0","0","0","0","0"
"259108","4262","1280元充值券","ff6ddcf6","4","1247","张","0","1","5000","true","0","0","0","0","0","0","0","false","false","false","0","0","1","1","20","0","0","5000000","<T t=""打开可获得："" c=""FFFFF2DF"" f=""simhei-11""></T><T t=""128888仙玉"" c=""FF33FF00"" f=""simhei-11""></T>","获得货币","","","","仙玉券","","","","","","","","","","","","","","","","","","","","","","","","","","","","","0","0","0","0","0","0"
"259200","4262","68元双倍充值卷","ff6ddcf6","4","1247","张","0","1","5000","true","0","0","0","0","0","0","0","false","false","false","0","0","1","1","20","0","0","5000000","<T t=""打开可获得："" c=""FFFFF2DF"" f=""simhei-11""></T><T t=""13600仙玉"" c=""FF33FF00"" f=""simhei-11""></T>","获得货币","","","","仙玉券","","","","","","","","","","","","","","","","","","","","","","","","","","","","","0","0","0","0","0","0"
"259201","4262","128元双倍充值卷","ff6ddcf6","4","1247","张","0","1","5000","true","0","0","0","0","0","0","0","false","false","false","0","0","1","1","20","0","0","5000000","<T t=""打开可获得："" c=""FFFFF2DF"" f=""simhei-11""></T><T t=""25600仙玉"" c=""FF33FF00"" f=""simhei-11""></T>","获得货币","","","","仙玉券","","","","","","","","","","","","","","","","","","","","","","","","","","","","","0","0","0","0","0","0"
"259202","4262","328元双倍充值卷","ff6ddcf6","4","1247","张","0","1","5000","true","0","0","0","0","0","0","0","false","false","false","0","0","1","1","20","0","0","5000000","<T t=""打开可获得："" c=""FFFFF2DF"" f=""simhei-11""></T><T t=""65600仙玉"" c=""FF33FF00"" f=""simhei-11""></T>","获得货币","","","","仙玉券","","","","","","","","","","","","","","","","","","","","","","","","","","","","","0","0","0","0","0","0"
"259203","4262","648元双倍充值卷","ff6ddcf6","4","1247","张","0","1","5000","true","0","0","0","0","0","0","0","false","false","false","0","0","1","1","20","0","0","5000000","<T t=""打开可获得："" c=""FFFFF2DF"" f=""simhei-11""></T><T t=""129600仙玉"" c=""FF33FF00"" f=""simhei-11""></T>","获得货币","","","","仙玉券","","","","","","","","","","","","","","","","","","","","","","","","","","","","","0","0","0","0","0","0"
"259204","4262","1280元双倍充值卷","ff6ddcf6","4","1247","张","0","1","5000","true","0","0","0","0","0","0","0","false","false","false","0","0","1","1","20","0","0","5000000","<T t=""打开可获得："" c=""FFFFF2DF"" f=""simhei-11""></T><T t=""256000仙玉"" c=""FF33FF00"" f=""simhei-11""></T>","获得货币","","","","仙玉券","","","","","","","","","","","","","","","","","","","","","","","","","","","","","0","0","0","0","0","0"
"259205","4262","2580元双倍充值卷","ff6ddcf6","4","1247","张","0","1","5000","true","0","0","0","0","0","0","0","false","false","false","0","0","1","1","20","0","0","5000000","<T t=""打开可获得："" c=""FFFFF2DF"" f=""simhei-11""></T><T t=""516000仙玉"" c=""FF33FF00"" f=""simhei-11""></T>","获得货币","","","","仙玉券","","","","","","","","","","","","","","","","","","","","","","","","","","","","","0","0","0","0","0","0"
"259206","4262","5580元双倍充值卷","ff6ddcf6","4","1247","张","0","1","5000","true","0","0","0","0","0","0","0","false","false","false","0","0","1","1","20","0","0","5000000","<T t=""打开可获得："" c=""FFFFF2DF"" f=""simhei-11""></T><T t=""1116000仙玉"" c=""FF33FF00"" f=""simhei-11""></T>","获得货币","","","","仙玉券","","","","","","","","","","","","","","","","","","","","","","","","","","","","","0","0","0","0","0","0"
"259207","4262","12800元双倍充值卷","ff6ddcf6","4","1247","张","0","1","5000","true","0","0","0","0","0","0","0","false","false","false","0","0","1","1","20","0","0","5000000","<T t=""打开可获得："" c=""FFFFF2DF"" f=""simhei-11""></T><T t=""2560000仙玉"" c=""FF33FF00"" f=""simhei-11""></T>","获得货币","","","","仙玉券","","","","","","","","","","","","","","","","","","","","","","","","","","","","","0","0","0","0","0","0"
"259270","4518","198超值三倍充值礼包","ff6ddcf6","4","1752","张","0","1","5000","true","0","0","0","0","0","0","0","false","false","false","0","0","1","1","20","0","0","5000000","<T t=""打开可获得："" c=""FFFFF2DF"" f=""simhei-11""></T><T t=""59400仙玉 高兽决*3 金钥匙*3 神兜兜*30"" c=""FF33FF00"" f=""simhei-11""></T>","打开获得道具","4","161506","","","","","","","","","","","","","","","","","","","","","","","","","","","","","","","0","0","0","0","0","0"
"259280","4518","200累充礼包","ff6ddcf6","4","1752","个","0","1","5500","true","0","0","0","0","0","0","0","false","false","false","0","0","1","1","999","0","0","5000000","感谢你为追梦西游2做出的卓越贡献","打开获得道具","4","161506","","","","","","","","","","","","","","","","","","","","","","","1","","","","","","","","0","0","0","0","0","0"
"259281","4518","500累充礼包","ff6ddcf6","4","1752","个","0","1","5500","true","0","0","0","0","0","0","0","false","false","false","0","0","1","1","999","0","0","5000000","感谢你为追梦西游2做出的卓越贡献","打开获得道具","4","161506","","","","","","","","","","","","","","","","","","","","","","","1","","","","","","","","0","0","0","0","0","0"
"259282","4518","1000累充礼包","ff6ddcf6","4","1752","个","0","1","5500","true","0","0","0","0","0","0","0","false","false","false","0","0","1","1","999","0","0","5000000","感谢你为追梦西游2做出的卓越贡献","打开获得道具","4","161506","","","","","","","","","","","","","","","","","","","","","","","1","","","","","","","","0","0","0","0","0","0"
"259283","4518","3000累充礼包","ff6ddcf6","4","1752","个","0","1","5500","true","0","0","0","0","0","0","0","false","false","false","0","0","1","1","999","0","0","5000000","感谢你为追梦西游2做出的卓越贡献","打开获得道具","4","161506","","","","","","","","","","","","","","","","","","","","","","","1","","","","","","","","0","0","0","0","0","0"
"259284","4518","5000累充礼包","ff6ddcf6","4","1752","个","0","1","5500","true","0","0","0","0","0","0","0","false","false","false","0","0","1","1","999","0","0","5000000","感谢你为追梦西游2做出的卓越贡献","打开获得道具","4","161506","","","","","","","","","","","","","","","","","","","","","","","1","","","","","","","","0","0","0","0","0","0"
"259285","4518","8000累充礼包","ff6ddcf6","4","1752","个","0","1","5500","true","0","0","0","0","0","0","0","false","false","false","0","0","1","1","999","0","0","5000000","感谢你为追梦西游2做出的卓越贡献","打开获得道具","4","161506","","","","","","","","","","","","","","","","","","","","","","","1","","","","","","","","0","0","0","0","0","0"
"259300","4262","20仙玉卷","ff6ddcf6","4","1247","张","0","1","5000","true","0","0","0","0","0","0","0","false","false","false","0","0","1","1","999","0","0","5000000","<T t=""打开可获得："" c=""FFFFF2DF"" f=""simhei-11""></T><T t=""20仙玉"" c=""FF33FF00"" f=""simhei-11""></T>","获得货币","","","","仙玉券","","","","","","","","","","","","","","","","","","","","","","","","","","","","","0","0","0","0","0","0"
"259301","4262","50仙玉卷","ff6ddcf6","4","1247","张","0","1","5000","true","0","0","0","0","0","0","0","false","false","false","0","0","1","1","999","0","0","5000000","<T t=""打开可获得："" c=""FFFFF2DF"" f=""simhei-11""></T><T t=""50仙玉"" c=""FF33FF00"" f=""simhei-11""></T>","获得货币","","","","仙玉券","","","","","","","","","","","","","","","","","","","","","","","","","","","","","0","0","0","0","0","0"
"259302","4262","100仙玉卷","ff6ddcf6","4","1247","张","0","1","5000","true","0","0","0","0","0","0","0","false","false","false","0","0","1","1","999","0","0","5000000","<T t=""打开可获得："" c=""FFFFF2DF"" f=""simhei-11""></T><T t=""100仙玉"" c=""FF33FF00"" f=""simhei-11""></T>","获得货币","","","","仙玉券","","","","","","","","","","","","","","","","","","","","","","","","","","","","","0","0","0","0","0","0"
"259303","4262","500仙玉卷","ff6ddcf6","4","1247","张","0","1","5000","true","0","0","0","0","0","0","0","false","false","false","0","0","1","1","999","0","0","5000000","<T t=""打开可获得："" c=""FFFFF2DF"" f=""simhei-11""></T><T t=""500仙玉"" c=""FF33FF00"" f=""simhei-11""></T>","获得货币","","","","仙玉券","","","","","","","","","","","","","","","","","","","","","","","","","","","","","0","0","0","0","0","0"
"259304","4262","1000仙玉卷","ff6ddcf6","4","1247","张","0","1","5000","true","0","0","0","0","0","0","0","false","false","false","0","0","1","1","999","0","0","5000000","<T t=""打开可获得："" c=""FFFFF2DF"" f=""simhei-11""></T><T t=""1000仙玉"" c=""FF33FF00"" f=""simhei-11""></T>","获得货币","","","","仙玉券","","","","","","","","","","","","","","","","","","","","","","","","","","","","","0","0","0","0","0","0"
"259305","4262","3000仙玉卷","ff6ddcf6","4","1247","张","0","1","5000","true","0","0","0","0","0","0","0","false","false","false","0","0","1","1","999","0","0","5000000","<T t=""打开可获得："" c=""FFFFF2DF"" f=""simhei-11""></T><T t=""3000仙玉"" c=""FF33FF00"" f=""simhei-11""></T>","获得货币","","","","仙玉券","","","","","","","","","","","","","","","","","","","","","","","","","","","","","0","0","0","0","0","0"
"259306","4262","5000仙玉卷","ff6ddcf6","4","1247","张","0","1","5000","true","0","0","0","0","0","0","0","false","false","false","0","0","1","1","999","0","0","5000000","<T t=""打开可获得："" c=""FFFFF2DF"" f=""simhei-11""></T><T t=""5000仙玉"" c=""FF33FF00"" f=""simhei-11""></T>","获得货币","","","","仙玉券","","","","","","","","","","","","","","","","","","","","","","","","","","","","","0","0","0","0","0","0"
"259307","4262","8000仙玉卷","ff6ddcf6","4","1247","张","0","1","5000","true","0","0","0","0","0","0","0","false","false","false","0","0","1","1","999","0","0","5000000","<T t=""打开可获得："" c=""FFFFF2DF"" f=""simhei-11""></T><T t=""8000仙玉"" c=""FF33FF00"" f=""simhei-11""></T>","获得货币","","","","仙玉券","","","","","","","","","","","","","","","","","","","","","","","","","","","","","0","0","0","0","0","0"
"259308","4262","10000仙玉卷","ff6ddcf6","4","1247","张","0","1","5000","true","0","0","0","0","0","0","0","false","false","false","0","0","1","1","999","0","0","5000000","<T t=""打开可获得："" c=""FFFFF2DF"" f=""simhei-11""></T><T t=""10000仙玉"" c=""FF33FF00"" f=""simhei-11""></T>","获得货币","","","","仙玉券","","","","","","","","","","","","","","","","","","","","","","","","","","","","","0","0","0","0","0","0"
"259309","4262","20000仙玉卷","ff6ddcf6","4","1247","张","0","1","5000","true","0","0","0","0","0","0","0","false","false","false","0","0","1","1","999","0","0","5000000","<T t=""打开可获得："" c=""FFFFF2DF"" f=""simhei-11""></T><T t=""20000仙玉"" c=""FF33FF00"" f=""simhei-11""></T>","获得货币","","","","仙玉券","","","","","","","","","","","","","","","","","","","","","","","","","","","","","0","0","0","0","0","0"
"259310","4262","50000仙玉卷","ff6ddcf6","4","1247","张","0","1","5000","true","0","0","0","0","0","0","0","false","false","false","0","0","1","1","999","0","0","5000000","<T t=""打开可获得："" c=""FFFFF2DF"" f=""simhei-11""></T><T t=""50000仙玉"" c=""FF33FF00"" f=""simhei-11""></T>","获得货币","","","","仙玉券","","","","","","","","","","","","","","","","","","","","","","","","","","","","","0","0","0","0","0","0"
"259311","4262","100000仙玉卷","ff6ddcf6","4","1247","张","0","1","5000","true","0","0","0","0","0","0","0","false","false","false","0","0","1","1","999","0","0","5000000","<T t=""打开可获得："" c=""FFFFF2DF"" f=""simhei-11""></T><T t=""100000仙玉"" c=""FF33FF00"" f=""simhei-11""></T>","获得货币","","","","仙玉券","","","","","","","","","","","","","","","","","","","","","","","","","","","","","0","0","0","0","0","0"
"132130","96","下面是经脉道具","ff6ddcf6","4","1158","个","0","90","5500","true","0","0","0","0","0","0","0","false","false","false","0","0","1","1","999","0","0","5000000","下面是待删除整理区域","金钱","","0","使用方法：直接获得金钱","","","0","","","","0","","","","","","","","","","","","","","","1","","","","","","","","0","0","0","0","0","0"
"260003","2470","星辰碎片","ff6ddcf6","5","1348","个","0","1","7502","true","1","1","0","0","0","0","0","false","false","false","0","0","1","1","9999","0","0","5000000","用于兑换经脉","","","","","","","","","","","","","","","","","","","","","","","","","","1","1","","","","","","","","","","","",""
"260004","2470","星辰碎玉","ff6ddcf6","5","1349","个","0","1","7502","true","1","1","0","0","0","0","0","false","false","false","0","0","1","1","9999","0","0","5000000","用于兑换经脉","","","","","","","","","","","","","","","","","","","","","","","","","","1","1","","","","","","","","","","","",""
"260005","758","星辰晶石","ff6ddcf6","5","1347","个","0","1","7502","true","1","1","0","0","0","0","0","false","false","false","0","0","1","1","9999","0","0","5000000","用于兑换经脉","","","","","","","","","","","","","","","","","","","","","","","","","","1","1","","","","","","","","","","","",""
"132131","96","下面是待删除整理区域","ff6ddcf6","4","1158","个","0","90","5500","true","0","0","0","0","0","0","0","false","false","false","0","0","1","1","999","0","0","5000000","下面是待删除整理区域","金钱","","0","使用方法：直接获得金钱","","","0","","","","0","","","","","","","","","","","","","","","1","","","","","","","","0","0","0","0","0","0"
"336000","4262","银币","ff6ddcf6","4","783","个","0","1","7100","true","0","0","0","0","0","0","0","false","false","false","0","0","1","1","100","0","0","5000000","玩家个人的货币，无法流通。用于提升角色能力。","货币","","","","","","","","","","","","","","","","","","","","","","","","","","","","","","","","","0","0","0","0","0","0"
"336001","4262","金币","ff6ddcf6","4","784","个","0","1","7100","true","0","0","0","0","0","0","0","false","false","false","0","0","1","1","100","0","0","5000000","流通的货币。可以再摆摊和商城购买珍贵物品。","摆摊交易","","","","","","","","","","","","","","","","","","","","","","","","","1","","","","","","","","0","0","0","0","0","0"
"336002","4262","帮派贡献","ff6ddcf6","4","1417","个","0","1","7100","true","0","0","0","0","0","0","0","false","false","false","0","0","1","1","100","0","0","5000000","帮派贡献度，学习帮派技能的必要条件。","学习帮派技能","","","","","","","","","","","","","","","","","","","","","","","","","1","","","","","","","","0","0","0","0","0","0"
"336003","4262","绿色品质装备","ff6ddcf6","4","1522","套","0","1","7100","true","0","0","0","0","0","0","0","false","false","false","0","0","1","1","100","0","0","5000000","有几率掉落所有门派绿色品质装备。","交易、装备","","","","","","","","","","","","","","","","","","","","","","","","","1","","","","","","","","0","0","0","0","0","0"
"336004","4262","60环装","ff6ddcf6","4","1532","套","0","1","7100","true","0","0","0","0","0","0","0","false","false","false","0","0","1","1","100","0","0","5000000","系统掉落的60级装备","交易、装备","","","","","","","","","","","","","","","","","","","","","","","","","1","","","","","","","","0","0","0","0","0","0"
"336005","4262","百炼精铁","ff6ddcf6","4","1010","块","0","1","7100","true","0","0","0","0","0","0","0","false","false","false","0","0","1","1","100","0","0","5000000","幽幽寒光，打造装备用的基础材料。","打造装备","","","","","","","","","","","","","","","","","","","","","","","","","1","","","","","","","","0","0","0","0","0","0"
"336006","4262","强化石随机礼包","ff6ddcf6","4","807","块","0","1","7100","true","0","0","0","0","0","0","0","false","false","false","0","0","1","1","100","0","0","5000000","随机获青龙石、白虎石、朱雀石、玄武石其中1个。","强化打造装备","","","","","","","","","","","","","","","","","","","","","","","","","1","","","","","","","","0","0","0","0","0","0"
"336007","4262","宝石","ff6ddcf6","4","1149","块","0","1","7100","true","0","0","0","0","0","0","0","false","false","false","0","0","1","1","100","0","0","5000000","可以镶嵌在装备上的宝石，增加人物属性。","装备镶嵌","","","","","","","","","","","","","","","","","","","","","","","","","1","","","","","","","","0","0","0","0","0","0"
"336009","4262","五宝礼包","ff6ddcf6","4","1182","个","0","1","7100","true","0","0","0","0","0","0","0","false","false","false","0","0","1","1","100","0","0","5000000","龙骸包括：巨龙之魂，巨龙之血，巨龙之眼，巨龙之骨，巨龙之鳞。集齐可兑换高级藏宝图。","兑换高级藏宝图","","","","","","","","","","","","","","","","","","","","","","","","","1","","","","","","","","0","0","0","0","0","0"
"336011","4262","荣誉","ff6ddcf6","4","775","个","0","1","7100","true","0","0","0","0","0","0","0","false","false","false","0","0","1","1","100","0","0","5000000","参与竞技场活动可以获得荣誉，荣誉可以荣誉商店中兑换商品。","荣誉货币","","","","","","","","","","","","","","","","","","","","","","","","","1","","","","","","","","0","0","0","0","0","0"
"336013","4262","蓝色品质装备","ff6ddcf6","4","1522","套","0","1","7100","true","0","0","0","0","0","0","0","false","false","false","0","0","1","1","100","0","0","5000000","有几率掉落所有门派蓝色品质装备。","交易、装备","","","","","","","","","","","","","","","","","","","","","","","","","1","","","","","","","","0","0","0","0","0","0"
"336014","4262","紫色品质装备","ff6ddcf6","4","1532","套","0","1","7100","true","0","0","0","0","0","0","0","false","false","false","0","0","1","1","100","0","0","5000000","有几率掉落所有门派紫色品质装备。","交易、装备","","","","","","","","","","","","","","","","","","","","","","","","","1","","","","","","","","0","0","0","0","0","0"
"337000","4518","青龙石*5礼包","ff6ddcf6","4","807","个","0","1","5500","true","0","0","0","0","0","0","0","false","false","false","0","0","1","1","999","0","0","5000000","内含5个青龙石","打开获得道具","4","161506","","","","","","","","","","","","","","","","","","","","","","","1","","","","","","","","0","0","0","0","0","0"
"337001","4518","朱雀石*5礼包","ff6ddcf6","4","807","个","0","1","5500","true","0","0","0","0","0","0","0","false","false","false","0","0","1","1","999","0","0","5000000","内含5个朱雀石","打开获得道具","4","161506","","","","","","","","","","","","","","","","","","","","","","","1","","","","","","","","0","0","0","0","0","0"
"337002","4518","白虎石*5礼包","ff6ddcf6","4","807","个","0","1","5500","true","0","0","0","0","0","0","0","false","false","false","0","0","1","1","999","0","0","5000000","内含5个白虎石","打开获得道具","4","161506","","","","","","","","","","","","","","","","","","","","","","","1","","","","","","","","0","0","0","0","0","0"
"337003","4518","玄武石*5礼包","ff6ddcf6","4","807","个","0","1","5500","true","0","0","0","0","0","0","0","false","false","false","0","0","1","1","999","0","0","5000000","内含5个玄武石","打开获得道具","4","161506","","","","","","","","","","","","","","","","","","","","","","","1","","","","","","","","0","0","0","0","0","0"
"337004","4518","宠物培养礼包","ff6ddcf6","4","1233","个","0","1","5500","true","0","0","0","0","0","0","0","false","false","false","0","0","1","1","999","0","0","5000000","内含1个炼兽真经和3个资质培养丹","打开获得道具","4","161506","","","","","","","","","","","","","","","","","","","","","","","1","","","","","","","","0","0","0","0","0","0"
"337005","4518","专精签到礼包","ff6ddcf6","4","1294","个","0","1","5500","true","0","0","0","0","0","0","0","false","false","false","0","0","1","1","999","0","0","5000000","打开后可获得时九转金丹和修炼果各20个。","打开获得专精道具","","","","","","","","","","","","","","","","","","","","","","","","","1","","","","","","","","0","0","0","0","0","0"
"337006","4518","宠物提升礼包","ff6ddcf6","4","1233","个","0","1","5500","true","0","0","0","0","0","0","0","false","false","false","0","0","1","1","999","0","0","5000000","打开获得营养套餐*1、修炼果*10，让宠物宝宝更好地成长吧！","打开获得奖励","","","","","","","","","","","","","","","","","","","","","","","","","1","","","","","","","","0","0","0","0","0","0"
"337007","4518","强化石礼包","ff6ddcf6","4","807","个","0","1","5500","true","0","0","0","0","0","0","0","false","false","false","0","0","1","1","999","0","0","5000000","内含青龙石、朱雀石、白虎石、玄武石各1个。","惊喜礼物","","","","","","","","","","","","","","","","","","","","","","","","","1","","","","","","","","0","0","0","0","0","0"
"337008","4518","9级宝石箱子","ff6ddcf6","4","1211","个","0","1","5500","true","0","0","0","0","0","0","0","false","false","false","0","0","1","1","999","0","0","5000000","打开获得一个1级宝石","打开获得宝石","","","","","","","","","","","","","","","","","","","","","","","","","1","","","","","","","","0","0","0","0","0","0"
"337009","4518","队长礼盒","ff6ddcf6","4","1233","个","0","1","5500","true","0","0","0","0","0","0","0","false","false","false","0","0","1","1","999","0","0","5000000","打开和获得经验以及特殊奖励、每日可打开20次。","打开获得奖励","","","","","","","","","","","","","","","","","","","","","","","","","","","","","","","","","0","0","0","0","0","0"
"337010","4518","阵法箱子","ff6ddcf6","4","1778","个","0","1","5500","true","0","0","0","0","0","0","0","false","false","false","0","0","1","1","999","0","0","5000000","打开可随机获得一本阵法书","打开获得阵法","","","","","","","","","","","","","","","","","","","","","","","","","1","","","","","","","","0","0","0","0","0","0"
"337011","4518","40级打造材料礼包","ff6ddcf6","4","1151","个","0","1","5500","true","0","0","0","0","0","0","0","false","false","false","0","0","1","1","999","0","0","5000000","打开获得40级武器图纸、40级武器模具、40级百炼精铁","打造礼包","","","","","","","","","","","","","","","","","","","","","","","","","1","","","","","","","","0","0","0","0","0","0"
"337012","4518","吉祥锦囊","ff6ddcf6","4","1294","个","0","1","5500","true","0","0","0","0","0","0","0","false","false","false","0","0","1","1","999","0","0","5000000","使用后随机获得一本低级兽诀以及一枚心魔宝珠","打开获得道具","","","","","","","","","","","","","","","","","","","","","","","","","1","","","","","","","","0","0","0","0","0","0"
"337013","4518","如意礼盒","ff6ddcf6","4","1233","个","0","1","5500","true","0","0","0","0","0","0","0","false","false","false","0","0","1","1","999","0","0","5000000","使用后随机获得一本高级兽诀","打开获得道具","","","","","","","","","","","","","","","","","","","","","","","","","1","","","","","","","","0","0","0","0","0","0"
"337014","4518","幸运礼盒","ff6ddcf6","4","1294","个","0","1","5500","true","0","0","0","0","0","0","0","false","false","false","0","0","1","1","999","0","0","5000000","使用后随机获得一本低级兽诀","打开获得道具","","","","","","","","","","","","","","","","","","","","","","","","","1","","","","","","","","0","0","0","0","0","0"
"337900","4518","秘境冠军宝箱","ff6ddcf6","4","1232","个","0","1","5500","true","0","0","0","0","0","0","0","false","false","false","0","0","1","1","999","0","0","5000000","使用后随机可以获得稀有道具","打开获得道具","","","","","","","","","","","","","","","","","","","","","","","","","1","","","","","","","","0","0","0","0","0","0"
"337901","4518","冠军试炼宝箱","ff6ddcf6","4","1232","个","0","1","5500","true","0","0","0","0","0","0","0","false","false","false","0","0","1","1","999","0","0","5000000","门派闯关第一名","打开获得道具","","","","","","","","","","","","","","","","","","","","","","","","","1","","","","","","","","0","0","0","0","0","0"
"337903","4518","40级装备宝箱","ff6ddcf6","4","1211","个","0","1","5500","true","0","0","0","0","0","0","0","false","false","false","0","0","1","1","999","0","0","5000000","使用后随机可以获得40环装","打开获得道具","","","","","","","","","","","","","","","","","","","","","","","","","1","","","","","","","","0","0","0","0","0","0"
"337904","4518","40级装备宝箱","ff6ddcf6","4","1211","个","0","1","5500","true","0","0","0","0","0","0","0","false","false","false","0","0","1","1","999","0","0","5000000","使用后随机可以获得40环装","打开获得道具","","","","","","","","","","","","","","","","","","","","","","","","","1","","","","","","","","0","0","0","0","0","0"
"337905","4518","40级装备宝箱","ff6ddcf6","4","1211","个","0","1","5500","true","0","0","0","0","0","0","0","false","false","false","0","0","1","1","999","0","0","5000000","使用后随机可以获得40环装","打开获得道具","","","","","","","","","","","","","","","","","","","","","","","","","1","","","","","","","","0","0","0","0","0","0"
"337906","4518","40级装备宝箱","ff6ddcf6","4","1211","个","0","1","5500","true","0","0","0","0","0","0","0","false","false","false","0","0","1","1","999","0","0","5000000","使用后随机可以获得40环装","打开获得道具","","","","","","","","","","","","","","","","","","","","","","","","","1","","","","","","","","0","0","0","0","0","0"
"337907","4518","40级装备宝箱","ff6ddcf6","4","1211","个","0","1","5500","true","0","0","0","0","0","0","0","false","false","false","0","0","1","1","999","0","0","5000000","使用后随机可以获得40环装","打开获得道具","","","","","","","","","","","","","","","","","","","","","","","","","1","","","","","","","","0","0","0","0","0","0"
"337908","4518","60级紫装备宝箱刀男","ff6ddcf6","4","1211","个","0","1","5500","true","0","0","0","0","0","0","0","false","false","false","0","0","1","1","999","0","0","5000000","使用后随机可以获得60环装","打开获得道具","","","","","","","","","","","","","","","","","","","","","","","","","1","","","","","","","","0","0","0","0","0","0"
"337909","4518","60级紫装备宝箱锤男","ff6ddcf6","4","1211","个","0","1","5500","true","0","0","0","0","0","0","0","false","false","false","0","0","1","1","999","0","0","5000000","使用后随机可以获得60环装","打开获得道具","","","","","","","","","","","","","","","","","","","","","","","","","1","","","","","","","","0","0","0","0","0","0"
"337910","4518","60级紫装备宝箱匕首男","ff6ddcf6","4","1211","个","0","1","5500","true","0","0","0","0","0","0","0","false","false","false","0","0","1","1","999","0","0","5000000","使用后随机可以获得60环装","打开获得道具","","","","","","","","","","","","","","","","","","","","","","","","","1","","","","","","","","0","0","0","0","0","0"
"337911","4518","60级紫装备宝箱爪男","ff6ddcf6","4","1211","个","0","1","5500","true","0","0","0","0","0","0","0","false","false","false","0","0","1","1","999","0","0","5000000","使用后随机可以获得60环装","打开获得道具","","","","","","","","","","","","","","","","","","","","","","","","","1","","","","","","","","0","0","0","0","0","0"
"337912","4518","60级紫装备宝箱魔杖男","ff6ddcf6","4","1211","个","0","1","5500","true","0","0","0","0","0","0","0","false","false","false","0","0","1","1","999","0","0","5000000","使用后随机可以获得60环装","打开获得道具","","","","","","","","","","","","","","","","","","","","","","","","","1","","","","","","","","0","0","0","0","0","0"
"337913","4518","60级紫装备宝箱法杖男","ff6ddcf6","4","1036","个","0","1","5500","true","0","0","0","0","0","0","0","false","false","false","0","0","1","1","999","0","0","5000000","使用后随机可以获得60环装","打开获得道具","","","","","","","","","","","","","","","","","","","","","","","","","1","","","","","","","","0","0","0","0","0","0"
"337914","4518","60级紫装备宝箱刀女","ff6ddcf6","4","1211","个","0","1","5500","true","0","0","0","0","0","0","0","false","false","false","0","0","1","1","999","0","0","5000000","使用后随机可以获得60环装","打开获得道具","","","","","","","","","","","","","","","","","","","","","","","","","1","","","","","","","","0","0","0","0","0","0"
"337915","4518","60级紫装备宝箱锤女","ff6ddcf6","4","1211","个","0","1","5500","true","0","0","0","0","0","0","0","false","false","false","0","0","1","1","999","0","0","5000000","使用后随机可以获得60环装","打开获得道具","","","","","","","","","","","","","","","","","","","","","","","","","1","","","","","","","","0","0","0","0","0","0"
"337916","4518","60级紫装备宝箱匕首女","ff6ddcf6","4","1211","个","0","1","5500","true","0","0","0","0","0","0","0","false","false","false","0","0","1","1","999","0","0","5000000","使用后随机可以获得60环装","打开获得道具","","","","","","","","","","","","","","","","","","","","","","","","","1","","","","","","","","0","0","0","0","0","0"
"337917","4518","60级紫装备宝箱爪女","ff6ddcf6","4","1211","个","0","1","5500","true","0","0","0","0","0","0","0","false","false","false","0","0","1","1","999","0","0","5000000","使用后随机可以获得60环装","打开获得道具","","","","","","","","","","","","","","","","","","","","","","","","","1","","","","","","","","0","0","0","0","0","0"
"337918","4518","60级紫装备宝箱魔杖女","ff6ddcf6","4","1211","个","0","1","5500","true","0","0","0","0","0","0","0","false","false","false","0","0","1","1","999","0","0","5000000","使用后随机可以获得60环装","打开获得道具","","","","","","","","","","","","","","","","","","","","","","","","","1","","","","","","","","0","0","0","0","0","0"
"337919","4518","60级紫装备宝箱法杖女","ff6ddcf6","4","1036","个","0","1","5500","true","0","0","0","0","0","0","0","false","false","false","0","0","1","1","999","0","0","5000000","使用后随机可以获得60环装","打开获得道具","","","","","","","","","","","","","","","","","","","","","","","","","1","","","","","","","","0","0","0","0","0","0"
"337920","4518","60级紫装备宝箱男全套","ff6ddcf6","5","1211","个","0","1","5500","true","0","0","0","0","0","0","0","false","false","false","0","0","1","1","999","0","0","5000000","使用后随机可以获得60环装","打开获得道具","","","","","","","","","","","","","","","","","","","","","","","","","1","","","","","","","","0","0","0","0","0","0"
"337921","4518","60级紫装备宝箱女全套","ff6ddcf6","4","1211","个","0","1","5500","true","0","0","0","0","0","0","0","false","false","false","0","0","1","1","999","0","0","5000000","使用后随机可以获得60环装","打开获得道具","","","","","","","","","","","","","","","","","","","","","","","","","1","","","","","","","","0","0","0","0","0","0"
"337928","4518","冠军试炼宝箱","ff6ddcf6","4","1232","个","0","1","5500","true","0","0","0","0","0","0","0","false","false","false","0","0","1","1","999","0","0","5000000","门派闯关第二名","打开获得道具","","","","","","","","","","","","","","","","","","","","","","","","","1","","","","","","","","0","0","0","0","0","0"
"337929","4518","冠军试炼宝箱","ff6ddcf6","4","1232","个","0","1","5500","true","0","0","0","0","0","0","0","false","false","false","0","0","1","1","999","0","0","5000000","门派闯关第三名","打开获得道具","","","","","","","","","","","","","","","","","","","","","","","","","1","","","","","","","","0","0","0","0","0","0"
"337930","4518","冰封王座宝箱","ff6ddcf6","4","1232","个","0","1","5500","true","0","0","0","0","0","0","0","false","false","false","0","0","1","1","999","0","0","5000000","使用后随机可以获得稀有道具","打开获得道具","","","","","","","","","","","","","","","","","","","","","","","","","1","","","","","","","","0","0","0","0","0","0"
"337931","4518","冰封王座宝箱","ff6ddcf6","4","1232","个","0","1","5500","true","0","0","0","0","0","0","0","false","false","false","0","0","1","1","999","0","0","5000000","使用后随机可以获得稀有道具","打开获得道具","","","","","","","","","","","","","","","","","","","","","","","","","1","","","","","","","","0","0","0","0","0","0"
"337932","4518","冰封王座宝箱","ff6ddcf6","4","1232","个","0","1","5500","true","0","0","0","0","0","0","0","false","false","false","0","0","1","1","999","0","0","5000000","使用后随机可以获得稀有道具","打开获得道具","","","","","","","","","","","","","","","","","","","","","","","","","1","","","","","","","","0","0","0","0","0","0"
"337933","4518","冰封王座宝箱","ff6ddcf6","4","1232","个","0","1","5500","true","0","0","0","0","0","0","0","false","false","false","0","0","1","1","999","0","0","5000000","使用后随机可以获得稀有道具","打开获得道具","","","","","","","","","","","","","","","","","","","","","","","","","1","","","","","","","","0","0","0","0","0","0"
"337934","4518","冰封王座宝箱","ff6ddcf6","4","1232","个","0","1","5500","true","0","0","0","0","0","0","0","false","false","false","0","0","1","1","999","0","0","5000000","使用后随机可以获得稀有道具","打开获得道具","","","","","","","","","","","","","","","","","","","","","","","","","1","","","","","","","","0","0","0","0","0","0"
"337935","4518","冰封王座宝箱","ff6ddcf6","4","1232","个","0","1","5500","true","0","0","0","0","0","0","0","false","false","false","0","0","1","1","999","0","0","5000000","使用后随机可以获得稀有道具","打开获得道具","","","","","","","","","","","","","","","","","","","","","","","","","1","","","","","","","","0","0","0","0","0","0"
"337936","4518","冰封王座宝箱","ff6ddcf6","4","1232","个","0","1","5500","true","0","0","0","0","0","0","0","false","false","false","0","0","1","1","999","0","0","5000000","使用后随机可以获得稀有道具","打开获得道具","","","","","","","","","","","","","","","","","","","","","","","","","1","","","","","","","","0","0","0","0","0","0"
"337937","4518","冰封王座宝箱","ff6ddcf6","4","1232","个","0","1","5500","true","0","0","0","0","0","0","0","false","false","false","0","0","1","1","999","0","0","5000000","使用后随机可以获得稀有道具","打开获得道具","","","","","","","","","","","","","","","","","","","","","","","","","1","","","","","","","","0","0","0","0","0","0"
"337938","4518","冰封王座宝箱","ff6ddcf6","4","1232","个","0","1","5500","true","0","0","0","0","0","0","0","false","false","false","0","0","1","1","999","0","0","5000000","使用后随机可以获得稀有道具","打开获得道具","","","","","","","","","","","","","","","","","","","","","","","","","1","","","","","","","","0","0","0","0","0","0"
"337940","4518","魔兽要诀","ff6ddcf6","4","1288","个","0","1","5500","true","0","0","0","0","0","0","0","false","false","false","0","0","1","1","999","0","0","5000000","宠物学习后可以获得新的技能。","宠物学习技能","","","","","","","","","","","","","","","","","","","","","","","","","1","","","","","","","","0","0","0","0","0","0"
"337941","4518","高级五宝礼包","ff6ddcf6","4","1289","个","0","1","5500","true","0","0","0","0","0","0","0","false","false","false","0","0","1","1","999","0","60","5000000","随机获得巨龙之魂和巨龙之血中的一个。","兑换高级藏宝图","","","","","","","","","","","","","","","","","","","","","","","","1","1","","","","","","","","0","0","0","0","0","0"
"337945","4518","9级宝石箱子","ff6ddcf6","4","1211","个","0","1","5500","true","0","0","0","0","0","0","0","false","false","false","0","0","1","1","999","0","0","5000000","打开获得一个9级宝石","打开获得宝石","","","","","","","","","","","","","","","","","","","","","","","","","1","","","","","","","","0","0","0","0","0","0"
"337946","4518","帮派BOSS击杀宝箱","ff6ddcf6","4","1232","个","0","1","5500","true","0","0","0","0","0","0","0","false","false","false","0","0","1","1","999","0","0","5000000","使用后获得帮派副本BOSS击杀奖励","打开获得道具","","","","","","","","","","","","","","","","","","","","","","","","","1","","","","","","","","0","0","0","0","0","0"
"337947","4518","融核之心通关宝箱","ff6ddcf6","4","1232","个","0","1","5500","true","0","0","0","0","0","0","0","false","false","false","0","0","1","1","999","0","0","5000000","使用后获得帮派副本通关奖励","打开获得道具","","","","","","","","","","","","","","","","","","","","","","","","","1","","","","","","","","0","0","0","0","0","0"
"337948","4518","黑龙巢穴通关宝箱","ff6ddcf6","4","1232","个","0","1","5500","true","0","0","0","0","0","0","0","false","false","false","0","0","1","1","999","0","0","5000000","使用后获得帮派副本通关奖励","打开获得道具","","","","","","","","","","","","","","","","","","","","","","","","","1","","","","","","","","0","0","0","0","0","0"
"337949","4518","双子神庙通关宝箱","ff6ddcf6","4","1232","个","0","1","5500","true","0","0","0","0","0","0","0","false","false","false","0","0","1","1","999","0","0","5000000","使用后获得帮派副本通关奖励","打开获得道具","","","","","","","","","","","","","","","","","","","","","","","","","1","","","","","","","","0","0","0","0","0","0"
"337950","4518","刀锋之巢通关宝箱","ff6ddcf6","4","1232","个","0","1","5500","true","0","0","0","0","0","0","0","false","false","false","0","0","1","1","999","0","0","5000000","使用后获得帮派副本通关奖励","打开获得道具","","","","","","","","","","","","","","","","","","","","","","","","","1","","","","","","","","0","0","0","0","0","0"
"337951","4518","帮派本5通关宝箱","ff6ddcf6","4","1232","个","0","1","5500","true","0","0","0","0","0","0","0","false","false","false","0","0","1","1","999","0","0","5000000","使用后获得帮派副本通关奖励","打开获得道具","","","","","","","","","","","","","","","","","","","","","","","","","1","","","","","","","","0","0","0","0","0","0"
"337952","4518","帮派本6通关宝箱","ff6ddcf6","4","1232","个","0","1","5500","true","0","0","0","0","0","0","0","false","false","false","0","0","1","1","999","0","0","5000000","使用后获得帮派副本通关奖励","打开获得道具","","","","","","","","","","","","","","","","","","","","","","","","","1","","","","","","","","0","0","0","0","0","0"
"337953","4518","帮派本7通关宝箱","ff6ddcf6","4","1232","个","0","1","5500","true","0","0","0","0","0","0","0","false","false","false","0","0","1","1","999","0","0","5000000","使用后获得帮派副本通关奖励","打开获得道具","","","","","","","","","","","","","","","","","","","","","","","","","1","","","","","","","","0","0","0","0","0","0"
"337954","4518","帮派本8通关宝箱","ff6ddcf6","4","1232","个","0","1","5500","true","0","0","0","0","0","0","0","false","false","false","0","0","1","1","999","0","0","5000000","使用后获得帮派副本通关奖励","打开获得道具","","","","","","","","","","","","","","","","","","","","","","","","","1","","","","","","","","0","0","0","0","0","0"
"337955","4518","帮派资金盒子","ff6ddcf6","4","1763","个","0","1","5500","true","0","0","0","0","0","0","0","false","false","false","0","0","1","1","9999","0","0","5000000","打开获得：帮派资金帮贡和其他物品奖励","打开获得道具","","","","","","","","","","","","","","","","","","","","","","","","","1","","","","","","","","0","0","0","0","0","0"
"339100","150","答题卡•壹","ff6ddcf6","4","1178","个","0","1","5500","true","0","0","0","0","0","0","0","false","false","false","0","0","1","1","999","0","0","5000000","只能在科举考试会试中使用，使用后去掉一个错误答案","问答道具","","","","","","","","","","","","","","","","","","","","","","","","","1","","","","","","","","0","0","0","0","0","0"
"339101","150","答题卡•贰","ff6ddcf6","4","1179","个","0","1","5500","true","0","0","0","0","0","0","0","false","false","false","0","0","1","1","999","0","0","5000000","只能在科举考试会试中使用，使用自动选择正确答案并完成该题","问答道具","","","","","","","","","","","","","","","","","","","","","","","","","1","","","","","","","","0","0","0","0","0","0"
"339107","4518","还原卷轴","ff6ddcf6","4","1059","张","0","1","5600","true","1","1","0","0","0","0","0","false","false","false","0","0","1","1","999","0","0","5000000","听说镇元大仙的后院才有这种水果，只有神仙吃得到，使用者将已分配的2点体质属性还原为潜能点。","洗去角色潜能点","","","","","","","","","","","","","","","","","","","","","","","","","1","","","","","","","","0","0","0","0","0","0"
"339108","4262","金币","ff6ddcf6","4","784","个","0","1","7100","true","0","0","0","0","0","0","0","false","false","false","0","0","1","1","100","0","0","5000000","使用后获得6000金币","打开获得金币","","","","","","","","","","","","","","","","","","","","","","","","","1","","","","","","","","0","0","0","0","0","0"
"339109","4518","五宝礼包","ff6ddcf6","4","1182","个","0","1","5500","true","0","0","0","0","0","0","0","false","false","false","0","0","1","1","999","0","60","5000000","随机获得巨龙之魂和巨龙之血中的一个。","兑换高级藏宝图","","","","","","","","","","","","","","","","","","","","","","","","1","1","","","","","","","","0","0","0","0","0","0"
"340001","2470","百炼精铁","ff6ddcf6","4","1010","块","0","1","5500","true","0","0","0","0","0","0","0","false","false","false","0","0","1","1","999","0","0","5000000","幽幽寒光，打造装备用的基础材料。（玩家可以按照等级获得相应的材料）","装备打造材料","2","161506","使用方法：点击使用","","","3","6","","","0","","","","","","","","","","","","","","","1","","","","","","","","0","0","0","0","0","0"
"340002","422","打造图纸","ff6ddcf6","4","1009","张","0","1","5500","true","0","0","0","0","0","0","0","false","false","false","0","0","1","1","999","0","0","5000000","记录（武器类）打造方法的图纸，可以和精铁一起打造装备。（玩家可以按照等级获得相应的材料）","装备打造材料","3","161506","使用方法：点击使用","","","3","6","","","0","","","","","","","","","","","","","","","1","","","","","","","","0","0","0","0","0","0"
"340003","49","魔兽要诀","ff6ddcf6","4","1095","个","0","1","5500","true","0","0","0","0","0","0","0","false","false","false","0","0","1","1","999","0","0","5000000","宠物学习后可以获得新的技能。","宠物学习技能","3","161506","","","","","","","","","","","","","","","","","","","","","","","1","","1","","","","","","0","0","0","0","0","0"
"340010","4518","比武大会宝箱","ff6ddcf6","4","1778","个","0","1","5500","true","0","0","0","0","0","0","0","false","false","false","0","0","1","1","999","0","0","5000000","比武大会1-5名宝箱，使用后获得比武大会排名奖励","打开获得道具","","","","","","","","","","","","","","","","","","","","","","","","","1","","","","","","","","0","0","0","0","0","0"
"340011","4518","比武大会宝箱","ff6ddcf6","4","1778","个","0","1","5500","true","0","0","0","0","0","0","0","false","false","false","0","0","1","1","999","0","0","5000000","比武大会6-10名宝箱，使用后获得比武大会排名奖励","打开获得道具","","","","","","","","","","","","","","","","","","","","","","","","","1","","","","","","","","0","0","0","0","0","0"
"340012","4518","比武大会宝箱","ff6ddcf6","4","1778","个","0","1","5500","true","0","0","0","0","0","0","0","false","false","false","0","0","1","1","999","0","0","5000000","比武大会11-15名宝箱，使用后获得比武大会排名奖励","打开获得道具","","","","","","","","","","","","","","","","","","","","","","","","","1","","","","","","","","0","0","0","0","0","0"
"340020","4518","科举考试第1名","ff6ddcf6","4","1778","个","0","1","5500","true","0","0","0","0","0","0","0","false","false","false","0","0","1","1","999","0","0","5000000","使用后获得科举考试排名奖励","打开获得道具","","","","","","","","","","","","","","","","","","","","","","","","","1","","","","","","","","0","0","0","0","0","0"
"340021","4518","科举考试第2名","ff6ddcf6","4","1778","个","0","1","5500","true","0","0","0","0","0","0","0","false","false","false","0","0","1","1","999","0","0","5000000","使用后获得科举考试排名奖励","打开获得道具","","","","","","","","","","","","","","","","","","","","","","","","","1","","","","","","","","0","0","0","0","0","0"
"340022","4518","科举考试第3名","ff6ddcf6","4","1778","个","0","1","5500","true","0","0","0","0","0","0","0","false","false","false","0","0","1","1","999","0","0","5000000","使用后获得科举考试排名奖励","打开获得道具","","","","","","","","","","","","","","","","","","","","","","","","","1","","","","","","","","0","0","0","0","0","0"
"340023","4518","2级宝石箱子","ff6ddcf6","4","1778","个","0","1","5500","true","0","0","0","0","0","0","0","false","false","false","0","0","1","1","999","0","0","5000000","使用后随机可以获得2级宝石","打开获得宝石","","","","","","","","","","","","","","","","","","","","","","","","","1","","","","","","","","0","0","0","0","0","0"
"340024","4662","神器糖果","ff6ddcf6","5","1362","个","0","1","7520","true","0","0","0","0","0","0","0","false","false","false","0","0","1","1","999","0","0","5000000","使用后获得100荣誉值，并将天赐宝箱撒向随机地图，每人只能开启2个。也可兑换160神器。","全服发放福利","","","","","","","","","","","","","","","","","","","","","","","","","1","30","","","","","","","0","0","0","0","0","0"
"340025","4646","摇钱树","ff6ddcf6","5","1177","颗","0","1","7521","true","0","1","0","0","0","0","0","false","false","false","0","0","1","1","999","0","0","5000000","获得500荣誉值，在身边种下摇钱树，被照料500次（或30分钟后消失）。照料人数越多，种树者获得的银币越多，最多500万银币。每日限购3个","获得银币及荣誉值","4","161506","","","","","","","","","","","","","","","","","","","","","","","1","30","","","","","","","0","0","0","0","0","0"
"340026","4518","花卉","ff6ddcf6","4","1154","朵","0","1","5500","true","1","1","0","0","0","0","0","false","false","false","0","0","1","1","999","0","0","5000000","随机可获得玫瑰花、金兰花","增加好友度","","","","","","","","","","","","","","","","","","","","","","","","","1","","","","","","","","0","0","0","0","0","0"
"340027","4518","五宝礼包","ff6ddcf6","4","1233","个","0","1","5500","true","0","0","0","0","0","0","0","false","false","false","0","0","1","1","999","0","0","5000000","使用后获得巨龙之魂和巨龙之血各一个。","打开获得道具","","","","","","","","","","","","","","","","","","","","","","","","","1","","","","","","","","0","0","0","0","0","0"
"340040","4518","宝石礼包","ff6ddcf6","4","1211","个","0","1","7100","true","0","0","0","0","0","0","0","false","false","false","0","0","1","1","999","0","0","5000000","使用后获得1颗2级宝石","打开获得道具","","","","","","","","","","","","","","","","","","","","","","","","","1","","","","","","","","0","0","0","0","0","0"
"340041","582","修炼礼包","ff6ddcf6","4","1077","个","0","1","7100","true","0","0","0","0","0","0","0","false","false","false","0","0","1","1","999","0","0","5000000","使用后可获得修炼果与九转金丹共3个，数量可自由分配。","打开获得道具","","","","","","3","73","","","","","","","","","","","","","","","","","","1","","","","","","","","0","0","0","0","0","0"
"340042","582","强化石礼包","ff6ddcf6","4","1234","个","0","1","7100","true","0","0","0","0","0","0","0","false","false","false","0","0","1","1","999","0","0","5000000","使用后可获得2颗原石，种类与数量可自由分配。","打开获得道具","","","","","","3","73","","","","","","","","","","","","","","","","","","1","","","","","","","","0","0","0","0","0","0"
"340043","4262","银币","ff6ddcf6","4","783","个","0","1","7100","true","0","0","0","0","0","0","0","false","false","false","0","0","1","1","100","0","0","5000000","可获得5000*您当前等级的银币","货币","","","","","","","","","","","","","","","","","","","","","","","","","1","","","","","","","","0","0","0","0","0","0"
"340044","582","强化石大礼包","ff6ddcf6","4","1234","个","0","1","7100","true","0","0","0","0","0","0","0","false","false","false","0","0","1","1","999","0","0","5000000","使用后可获得20颗原石，种类与数量可自由分配。","打开获得道具","","","","","","3","73","","","","","","","","","","","","","","","","","","1","","","","","","","","0","0","0","0","0","0"
"340045","4518","帮派战胜利宝箱","ff6ddcf6","4","1232","个","0","1","5500","true","0","0","0","0","0","0","0","false","false","false","0","0","1","1","999","0","0","5000000","使用后获得帮派战胜利宝箱奖励","打开获得道具","","","","","","","","","","","","","","","","","","","","","","","","","1","","","","","","","","0","0","0","0","0","0"
"340046","4518","帮派战庆贺宝箱","ff6ddcf6","4","1232","个","0","1","5500","true","0","0","0","0","0","0","0","false","false","false","0","0","1","1","999","0","0","5000000","使用后获得帮派战庆贺宝箱奖励","打开获得道具","","","","","","","","","","","","","","","","","","","","","","","","","1","","","","","","","","0","0","0","0","0","0"
"340047","4518","帮派战五连胜宝箱","ff6ddcf6","4","1232","个","0","1","5500","true","0","0","0","0","0","0","0","false","false","false","0","0","1","1","999","0","0","5000000","使用后获得帮派战五连胜奖励","打开获得道具","","","","","","","","","","","","","","","","","","","","","","","","","1","","","","","","","","0","0","0","0","0","0"
"340048","4518","招募紫装礼包","ff6ddcf6","4","1234","个","0","1","5500","true","0","0","0","0","0","0","0","false","false","false","0","0","1","1","999","0","0","5000000","使用后获得20级紫装一套！","打开获得装备","","","","","","","","","","","","","","","","","","","","","","","","","1","","","","","","","","0","0","0","0","0","0"
"340049","4518","1级宝石箱子","ff6ddcf6","4","1725","个","0","1","5500","true","0","0","0","0","0","0","0","false","false","false","0","0","1","1","999","0","0","5000000","使用后随机获得一颗1级宝石","打开获得宝石","","","","","","","","","","","","","","","","","","","","","","","","","1","","","","","","","","0","0","0","0","0","0"
"340050","4518","2级宝石箱子","ff6ddcf6","4","1725","个","0","1","5500","true","0","0","0","0","0","0","0","false","false","false","0","0","1","1","999","0","0","5000000","使用后随机获得一颗2级宝石","打开获得宝石","","","","","","","","","","","","","","","","","","","","","","","","","1","","","","","","","","0","0","0","0","0","0"
"340051","4518","3级宝石箱子","ff6ddcf6","4","1725","个","0","1","5500","true","0","0","0","0","0","0","0","false","false","false","0","0","1","1","999","0","0","5000000","使用后随机获得一颗3级宝石","打开获得宝石","","","","","","","","","","","","","","","","","","","","","","","","","1","","","","","","","","0","0","0","0","0","0"
"340052","4518","4级宝石箱子","ff6ddcf6","4","1725","个","0","1","5500","true","0","0","0","0","0","0","0","false","false","false","0","0","1","1","999","0","0","5000000","使用后随机获得一颗4级宝石","打开获得宝石","","","","","","","","","","","","","","","","","","","","","","","","","1","","","","","","","","0","0","0","0","0","0"
"340062","4518","金柳露礼包","ff6ddcf6","4","1234","个","0","1","7100","true","0","0","0","0","0","0","0","false","false","false","0","0","1","1","999","0","0","5000000","使用后获得2个金柳露","打开获得道具","","","","","","","","","","","","","","","","","","","","","","","","","1","","","","","","","","0","0","0","0","0","0"
"340063","4518","九转金丹礼包","ff6ddcf6","4","1234","个","0","1","7100","true","0","0","0","0","0","0","0","false","false","false","0","0","1","1","999","0","0","5000000","使用后获得2个九转金丹","打开获得道具","","","","","","","","","","","","","","","","","","","","","","","","","1","","","","","","","","0","0","0","0","0","0"
"340064","4518","修炼果礼包","ff6ddcf6","4","1234","个","0","1","7100","true","0","0","0","0","0","0","0","false","false","false","0","0","1","1","999","0","0","5000000","使用后获得2个修炼果","打开获得道具","","","","","","","","","","","","","","","","","","","","","","","","","1","","","","","","","","0","0","0","0","0","0"
"340065","150","五品定远将军","ff6ddcf6","4","1234","个","0","1","7100","true","0","0","0","0","0","604800","0","false","false","false","0","0","1","1","999","0","0","5000000","感谢你为三界做出的卓越贡献","使用获得称号","","","","","","","","","","","","","","","","","","","","","","","","","1","","","","","","","","0","0","0","0","0","0"
"340066","150","九品儒林郎","ff6ddcf6","4","1234","个","0","1","7100","true","0","0","0","0","0","604800","0","false","false","false","0","0","1","1","999","0","0","5000000","感谢你为三界做出的卓越贡献","使用获得称号","","","","","","","","","","","","","","","","","","","","","","","","","1","","","","","","","","0","0","0","0","0","0"
"340067","150","七品武骑尉","ff6ddcf6","4","1234","个","0","1","7100","true","0","0","0","0","0","604800","0","false","false","false","0","0","1","1","999","0","0","5000000","感谢你为三界做出的卓越贡献","使用获得称号","","","","","","","","","","","","","","","","","","","","","","","","","1","","","","","","","","0","0","0","0","0","0"
"340068","150","帮派战冠军卡","ff6ddcf6","4","1234","个","0","1","7100","true","0","0","0","0","0","604800","0","false","false","false","0","0","1","1","999","0","0","5000000","帮派战冠军的象征，内有冠军专属奖励。","使用获得称号","","","","","","","","","","","","","","","","","","","","","","","","","1","","","","","","","","0","0","0","0","0","0"
"340069","150","帮派战亚军卡","ff6ddcf6","4","1234","个","0","1","7100","true","0","0","0","0","0","604800","0","false","false","false","0","0","1","1","999","0","0","5000000","帮派战亚军的象征，内有亚军专属奖励。","使用获得称号","","","","","","","","","","","","","","","","","","","","","","","","","1","","","","","","","","0","0","0","0","0","0"
"340070","150","帮派战季军卡","ff6ddcf6","4","1234","个","0","1","7100","true","0","0","0","0","0","604800","0","false","false","false","0","0","1","1","999","0","0","5000000","帮派战季军的象征，内有季军专属奖励。","使用获得称号","","","","","","","","","","","","","","","","","","","","","","","","","1","","","","","","","","0","0","0","0","0","0"
"340071","150","决战华山冠军卡","ff6ddcf6","4","1234","个","0","1","7100","true","0","0","0","0","0","604800","0","false","false","false","0","0","1","1","999","0","0","5000000","决战华山冠军的象征，内有冠军专属奖励。","使用获得称号","","","","","","","","","","","","","","","","","","","","","","","","","1","","","","","","","","0","0","0","0","0","0"
"340072","150","决战华山亚军卡","ff6ddcf6","4","1234","个","0","1","7100","true","0","0","0","0","0","604800","0","false","false","false","0","0","1","1","999","0","0","5000000","决战华山亚军的象征，内有亚军专属奖励。","使用获得称号","","","","","","","","","","","","","","","","","","","","","","","","","1","","","","","","","","0","0","0","0","0","0"
"340073","150","决战华山季军卡","ff6ddcf6","4","1234","个","0","1","7100","true","0","0","0","0","0","604800","0","false","false","false","0","0","1","1","999","0","0","5000000","决战华山季军的象征，内有季军专属奖励。","使用获得称号","","","","","","","","","","","","","","","","","","","","","","","","","1","","","","","","","","0","0","0","0","0","0"
"340074","150","领袖群伦卡","ff6ddcf6","4","1234","个","0","1","7100","true","0","0","0","0","0","604800","0","false","false","false","0","0","1","1","999","0","0","5000000","帮派会长的象征。","使用获得称号","","","","","","","","","","","","","","","","","","","","","","","","","1","","","","","","","","0","0","0","0","0","0"
"340075","150","决胜千里卡","ff6ddcf6","4","1234","个","0","1","7100","true","0","0","0","0","0","604800","0","false","false","false","0","0","1","1","999","0","0","5000000","帮派帮主的象征。","使用获得称号","","","","","","","","","","","","","","","","","","","","","","","","","1","","","","","","","","0","0","0","0","0","0"
"340076","150","君临天下卡","ff6ddcf6","4","1234","个","0","1","7100","true","0","0","0","0","0","604800","0","false","false","false","0","0","1","1","999","0","0","5000000","帮派帮主的象征。","使用获得称号","","","","","","","","","","","","","","","","","","","","","","","","","1","","","","","","","","0","0","0","0","0","0"
"340077","150","雄韬伟略卡","ff6ddcf6","4","1234","个","0","1","7100","true","0","0","0","0","0","604800","0","false","false","false","0","0","1","1","999","0","0","5000000","帮派帮主的象征。","使用获得称号","","","","","","","","","","","","","","","","","","","","","","","","","1","","","","","","","","0","0","0","0","0","0"
"340079","4518","科多兽","ff6ddcf6","4","1234","匹","0","1","7100","true","0","0","0","0","0","0","0","false","false","false","0","0","1","1","999","0","0","5000000","使用后获得科多兽坐骑","打开获得坐骑","","","","","","","","","","","","","","","","","","","","","","","","","1","","","","","","","","0","0","0","0","0","0"
"340102","150","大唐官府带头大哥","ff6ddcf6","4","1234","个","0","1","7100","true","0","0","0","0","0","604800","0","false","false","false","0","0","1","1","999","0","0","5000000","由于你的出色表现，被给予该称谓","使用获得称号","","","","","","","","","","","","","","","","","","","","","","","","","1","","","","","","","","0","0","0","0","0","0"
"340103","150","龙宫带头大哥","ff6ddcf6","4","1234","个","0","1","7100","true","0","0","0","0","0","604800","0","false","false","false","0","0","1","1","999","0","0","5000000","由于你的出色表现，被给予该称谓","使用获得称号","","","","","","","","","","","","","","","","","","","","","","","","","1","","","","","","","","0","0","0","0","0","0"
"340104","150","化生寺带头大哥","ff6ddcf6","4","1234","个","0","1","7100","true","0","0","0","0","0","604800","0","false","false","false","0","0","1","1","999","0","0","5000000","由于你的出色表现，被给予该称谓","使用获得称号","","","","","","","","","","","","","","","","","","","","","","","","","1","","","","","","","","0","0","0","0","0","0"
"340105","150","狮驼岭带头大哥","ff6ddcf6","4","1234","个","0","1","7100","true","0","0","0","0","0","604800","0","false","false","false","0","0","1","1","999","0","0","5000000","由于你的出色表现，被给予该称谓","使用获得称号","","","","","","","","","","","","","","","","","","","","","","","","","1","","","","","","","","0","0","0","0","0","0"
"340106","150","月宫带头大哥","ff6ddcf6","4","1234","个","0","1","7100","true","0","0","0","0","0","604800","0","false","false","false","0","0","1","1","999","0","0","5000000","由于你的出色表现，被给予该称谓","使用获得称号","","","","","","","","","","","","","","","","","","","","","","","","","1","","","","","","","","0","0","0","0","0","0"
"340107","150","魔王寨带头大哥","ff6ddcf6","4","1234","个","0","1","7100","true","0","0","0","0","0","604800","0","false","false","false","0","0","1","1","999","0","0","5000000","由于你的出色表现，被给予该称谓","使用获得称号","","","","","","","","","","","","","","","","","","","","","","","","","1","","","","","","","","0","0","0","0","0","0"
"340108","150","普陀山带头大哥","ff6ddcf6","4","1234","个","0","1","7100","true","0","0","0","0","0","604800","0","false","false","false","0","0","1","1","999","0","0","5000000","由于你的出色表现，被给予该称谓","使用获得称号","","","","","","","","","","","","","","","","","","","","","","","","","1","","","","","","","","0","0","0","0","0","0"
"340109","150","阴曹地府带头大哥","ff6ddcf6","4","1234","个","0","1","7100","true","0","0","0","0","0","604800","0","false","false","false","0","0","1","1","999","0","0","5000000","由于你的出色表现，被给予该称谓","使用获得称号","","","","","","","","","","","","","","","","","","","","","","","","","1","","","","","","","","0","0","0","0","0","0"
"340110","150","方寸山第带头大哥","ff6ddcf6","4","1234","个","0","1","7100","true","0","0","0","0","0","604800","0","false","false","false","0","0","1","1","999","0","0","5000000","由于你的出色表现，被给予该称谓","使用获得称号","","","","","","","","","","","","","","","","","","","","","","","","","1","","","","","","","","0","0","0","0","0","0"
"340111","150","五品定远将军","ff6ddcf6","4","1234","个","0","1","7100","true","0","0","0","0","0","604800","0","false","false","false","0","0","1","1","999","0","0","5000000","由于你的出色表现，被给予该称谓","使用获得称号","","","","","","","","","","","","","","","","","","","","","","","","","1","","","","","","","","0","0","0","0","0","0"
"340112","150","四品明威将军","ff6ddcf6","4","1234","个","0","1","7100","true","0","0","0","0","0","604800","0","false","false","false","0","0","1","1","999","0","0","5000000","由于你的出色表现，被给予该称谓","使用获得称号","","","","","","","","","","","","","","","","","","","","","","","","","1","","","","","","","","0","0","0","0","0","0"
"340113","150","四品忠武将军","ff6ddcf6","4","1234","个","0","1","7100","true","0","0","0","0","0","604800","0","false","false","false","0","0","1","1","999","0","0","5000000","由于你的出色表现，被给予该称谓","使用获得称号","","","","","","","","","","","","","","","","","","","","","","","","","1","","","","","","","","0","0","0","0","0","0"
"340114","150","三品怀化大将军","ff6ddcf6","4","1234","个","0","1","7100","true","0","0","0","0","0","604800","0","false","false","false","0","0","1","1","999","0","0","5000000","由于你的出色表现，被给予该称谓","使用获得称号","","","","","","","","","","","","","","","","","","","","","","","","","1","","","","","","","","0","0","0","0","0","0"
"340115","150","三品冠军大将军","ff6ddcf6","4","1234","个","0","1","7100","true","0","0","0","0","0","604800","0","false","false","false","0","0","1","1","999","0","0","5000000","由于你的出色表现，被给予该称谓","使用获得称号","","","","","","","","","","","","","","","","","","","","","","","","","1","","","","","","","","0","0","0","0","0","0"
"340116","150","二品镇军大将军","ff6ddcf6","4","1234","个","0","1","7100","true","0","0","0","0","0","604800","0","false","false","false","0","0","1","1","999","0","0","5000000","由于你的出色表现，被给予该称谓","使用获得称号","","","","","","","","","","","","","","","","","","","","","","","","","1","","","","","","","","0","0","0","0","0","0"
"340117","150","一品镇国大将军","ff6ddcf6","4","1234","个","0","1","7100","true","0","0","0","0","0","604800","0","false","false","false","0","0","1","1","999","0","0","5000000","由于你的出色表现，被给予该称谓","使用获得称号","","","","","","","","","","","","","","","","","","","","","","","","","1","","","","","","","","0","0","0","0","0","0"
"340118","150","当朝宰辅","ff6ddcf6","4","1234","个","0","1","7100","true","0","0","0","0","0","604800","0","false","false","false","0","0","1","1","999","0","0","5000000","由于你的出色表现，被给予该称谓","使用获得称号","","","","","","","","","","","","","","","","","","","","","","","","","1","","","","","","","","0","0","0","0","0","0"
"340119","150","长林王","ff6ddcf6","4","1234","个","0","1","7100","true","0","0","0","0","0","604800","0","false","false","false","0","0","1","1","999","0","0","5000000","由于你的出色表现，被给予该称谓","使用获得称号","","","","","","","","","","","","","","","","","","","","","","","","","1","","","","","","","","0","0","0","0","0","0"
"333099","4518","内丹礼包","ff6ddcf6","5","814","个","0","1","5500","true","0","0","0","0","0","0","0","false","false","false","0","0","1","1","999","0","0","5000000","使用后随机获得一个！","打开获得内丹","","","","","","","","","","","","","","","","","","","","","","","","","1","","","","","","","","0","0","0","0","0","0"
"340730","4518","挑战奖励","ff6ddcf6","4","40343","个","0","1","7011","true","0","0","0","0","0","0","0","false","false","false","0","0","1","1","999","0","0","5000000","挑战奖励","礼包","4","161506","使用方法：点击使用","","","0","48","","","0","","","","","","","","","","","","","","","1","","","","","","","","0","0","0","0","0","0"
"340823","4518","蚩尤挑战卷随机礼包","ff6ddcf6","4","1364","个","0","1","7506","true","1","1","0","0","0","0","0","false","false","false","0","0","1","1","999","0","0","5000000","蚩尤战神，自在天魔挑战劵！","蚩尤入场券","","","","","","","","","","","","","","","","","","","","","","","","","1","30","","","","","","","0","0","0","0","0","0"
"340824","4630","圣诞袜袜","ff6ddcf6","4","1387","个","0","1","7506","true","1","1","0","0","0","0","0","false","false","false","0","0","1","1","999","0","0","5000000","29个可在雪人处兑换奖品！","蚩尤入场券","","","","","","","","","","","","","","","","","","","","","","","","","1","30","","","","","","","0","0","0","0","0","0"
"340825","4518","圣诞礼包","ff6ddcf6","5","1386","个","0","1","5500","true","0","0","0","0","0","0","0","false","false","false","0","0","1","1","999","0","0","5000000","随机获得任何物品！","打开获得","","","","","","","","","","","","","","","","","","","","","","","","","1","","","","","","","","0","0","0","0","0","0"
"340826","4518","小金币礼包","ff6ddcf6","5","803","个","0","1","5500","true","0","0","0","0","0","0","0","false","false","false","0","0","1","1","999","0","0","5000000","随机获得金币数量!","打开获得","","","","","","","","","","","","","","","","","","","","","","","","","1","","","","","","","","0","0","0","0","0","0"
"340768","4518","特殊宠物兽决","ff6ddcf6","5","804","个","0","1","5500","true","0","0","0","0","0","0","0","false","false","false","0","0","1","1","999","0","0","5000000","使用后获得一本特殊的宠物技能书！","打开获得技能","","","","","","","","","","","","","","","","","","","","","","","","","1","","","","","","","","0","0","0","0","0","0"
"340769","582","特殊技能自选","ff6ddcf6","4","1252","个","0","1","7100","true","0","0","0","0","0","0","0","false","false","false","0","0","1","1","999","0","0","5000000","可自由选择特殊宠物技能","自由选择奖励","","","","自选礼包","","3","73","","","","","","","","","","","","","","","","","","1","","","","","","","","0","0","0","0","0","0"
"340780","4518","超级魔兽要诀","ff6ddcf6","5","801","个","0","1","5500","true","0","0","0","0","0","0","0","false","false","false","0","0","1","1","999","0","0","5000000","超级技必杀、法爆、爆伤、法爆伤4本必得其一！","宠物技能","","","","","","","","","","","","","","","","","","","","","","","","","1","","","","","","","","0","0","0","0","0","0"
"337939","4518","人生果随机包","ff6ddcf6","4","1065","个","0","1","5500","true","0","0","0","0","0","0","0","false","false","false","0","0","1","1","999","0","0","5000000","打开随机获得一个人生果","打开获得","","","","","","","","","","","","","","","","","","","","","","","","","1","","","","","","","","0","0","0","0","0","0"
"500138","150","武神坛精英组冠军","ff6ddcf6","5","1838","个","0","1","7100","true","0","0","0","0","0","0","0","false","false","false","5","0","1","1","999","0","0","5000000","武神坛第一名","使用获得称号","","","","","","","","","","","","","","","","","","","","","","","","","","","","","","","","","0","0","0","0","0","0"
"500377","4822","普通召唤令","ff6ddcf6","5","1903","个","0","1","5500","true","0","0","0","0","0","0","0","false","false","false","0","0","1","1","999","0","0","0","召唤令,牛逼你就来!","使用召唤地狱魔王!","","","","","","","","","","","","","","","","","","","","","","","","","","","","","","","","","0","0","0","0","0","0"
"500378","4822","鬼王召唤令","ff6ddcf6","5","1903","个","0","1","5500","true","0","0","0","0","0","0","0","false","false","false","0","0","1","1","999","0","0","0","召唤令,牛逼你就来!","使用召唤地狱魔王!","","","","","","","","","","","","","","","","","","","","","","","","","","","","","","","","","0","0","0","0","0","0"
"500379","4838","飞行旗子","ff6ddcf6","5","40298","个","0","1","5500","true","0","0","0","0","0","0","0","false","false","false","0","0","1","1","999","0","0","0","飞行旗子","飞行旗子","","","","","","","","","","","","","","","","","","","","","","","","","","","","","","","","","0","0","0","0","0","0"
"500380","4838","古老的飞行旗子","ff6ddcf6","5","40298","个","0","1","5500","true","0","0","0","0","0","0","0","false","false","false","0","0","1","1","999","0","0","0","这是一个很古老的飞行旗。使用可以穿梭时空。飞向古老的黄金古城。（在队伍中，非队长情况下使用会消失！！！）","飞行旗子","","","","","","","","","","","","","","","","","","","","","","","","","","","","","","","","","0","0","0","0","0","0"
"400813","150","结婚证","ff6ddcf6","4","886","个","0","1","8801","true","0","0","0","0","0","0","0","false","false","false","0","0","1","1","1","999","0","0","情投意合的两人可各持此书，组队前往长安月老处，结为伴侣！结婚后双方关系变为夫妻，并且获得特殊称号！（本服不存在性别歧视，所以，结婚不限制性别！）","结婚道具","4","1000000","","","","1","222390","","","","","","","","","","","","","","","","","1","1","","","","","","","","0","0","0","0","0","0"
"400814","150","财产分割协议","ff6ddcf6","4","1149","个","0","1","8801","true","0","0","0","0","0","0","0","false","false","false","0","0","1","1","1","999","0","0","和平离婚道具。感情破裂的双方各自持有此协议，组队前往长安月老处，和平离婚，即可退出夫妻关系！","和平离婚道具","4","1000000","","","","1","222390","","","","","","","","","","","","","","","","","1","1","","","","","","","","0","0","0","0","0","0"
"400815","150","一刀两断（强制离婚）","ff6ddcf6","4","1160","个","0","1","8801","true","0","0","0","0","0","0","0","false","false","false","0","0","1","1","1","999","0","0","强制离婚道具。当一方认为感情破裂，另一方还想挽回不愿离婚的时候，可单独持有此剪刀，前往长安月老处，强制离婚！不需要获得另一方的同意！强制离婚后，自动退出夫妻关系！","强制离婚道具","4","1000000","","","","1","222390","","","","","","","","","","","","","","","","","1","1","","","","","","","","0","0","0","0","0","0"
"400816","2470","千年人参","ff6ddcf6","5","888","个","0","1","7502","true","1","1","0","0","0","0","0","false","false","false","0","0","1","1","999","0","0","5000000","千年人参可以随机兑换一个孩子","领养孩子","","","","","","","","","","","","","","","","","","","","","","","","","","30","","","","","","","0","0","0","0","0","0"
"400817","2470","无根之水","ff6ddcf6","5","892","个","0","1","7502","true","1","1","0","0","0","0","0","false","false","false","0","0","1","1","999","0","0","5000000","千年人参+无根之水*10可以指定兑换一个孩子","领养孩子","","","","","","","","","","","","","","","","","","","","","","","","","","30","","","","","","","0","0","0","0","0","0"
"501027","2470","玲珑石(蓝)","ff6ddcf6","5","792","个","0","1","7502","true","1","1","0","0","0","0","0","false","false","false","0","0","1","1","999","0","0","5000000","点击宠物头像，在宠物技能页面下，点击领悟技能使用！","物理技能","","","","","","","","","","","","","","","","","","","","","","","","1","1","30","","","","","","","0","0","0","0","0","0"
"501028","2470","玲珑石(红)","ff6ddcf6","5","791","个","0","1","7502","true","1","1","0","0","0","0","0","false","false","false","0","0","1","1","999","0","0","5000000","点击宠物头像，在宠物技能页面下，点击领悟技能使用！","物理技能","","","","","","","","","","","","","","","","","","","","","","","","1","1","30","","","","","","","0","0","0","0","0","0"
"501029","2470","玲珑石(黄)","ff6ddcf6","5","790","个","0","1","7502","true","1","1","0","0","0","0","0","false","false","false","0","0","1","1","999","0","0","5000000","点击宠物头像，在宠物技能页面下，点击领悟技能使用！","物理技能","","","","","","","","","","","","","","","","","","","","","","","","1","1","30","","","","","","","0","0","0","0","0","0"
"560011","4726","比武冠军礼包","ff6ddcf6","4","1778","个","0","1","7051","true","0","0","0","0","0","10800","0","false","false","false","0","0","1","1","100","0","60","5000000","","礼包","","","","","","","","","","","","","","","","","","","","","","","","1","1","30","","","","","","","0","0","0","0","0","0"
"560012","4726","比武亚军礼包","ff6ddcf6","4","1778","个","0","1","7051","true","0","0","0","0","0","10800","0","false","false","false","0","0","1","1","100","0","60","5000000","","礼包","","","","","","","","","","","","","","","","","","","","","","","","1","1","30","","","","","","","0","0","0","0","0","0"
"560013","4726","比武季军礼包","ff6ddcf6","4","1778","个","0","1","7051","true","0","0","0","0","0","10800","0","false","false","false","0","0","1","1","100","0","60","5000000","","礼包","","","","","","","","","","","","","","","","","","","","","","","","1","1","30","","","","","","","0","0","0","0","0","0"
"560014","4726","秘境•第1名","ff6ddcf6","4","1778","个","0","1","7051","true","0","0","0","0","0","0","0","false","false","false","0","0","1","1","100","0","60","5000000","打开可获得10000金币，获得物品奖励。","获得特殊奖励","","","","","","","","","","","","","","","","","","","","","","","","1","1","30","","","","","","","0","0","0","0","0","0"
"560015","4726","秘境•第2名","ff6ddcf6","4","1778","个","0","1","7051","true","0","0","0","0","0","0","0","false","false","false","0","0","1","1","100","0","60","5000000","打开可获得8000金币，概率获得物品奖励。","获得特殊奖励","","","","","","","","","","","","","","","","","","","","","","","","1","1","30","","","","","","","0","0","0","0","0","0"
"560016","4726","秘境•第3名","ff6ddcf6","4","1778","个","0","1","7051","true","0","0","0","0","0","0","0","false","false","false","0","0","1","1","100","0","60","5000000","打开可获得6000金币，概率获得物品奖励。","获得特殊奖励","","","","","","","","","","","","","","","","","","","","","","","","1","1","30","","","","","","","0","0","0","0","0","0"
"560017","4726","秘境•第4名","ff6ddcf6","4","1778","个","0","1","7051","true","0","0","0","0","0","0","0","false","false","false","0","0","1","1","100","0","60","5000000","打开可获得3000金币，概率获得物品奖励。","获得特殊奖励","","","","","","","","","","","","","","","","","","","","","","","","1","1","30","","","","","","","0","0","0","0","0","0"
"560018","4726","秘境•第5名","ff6ddcf6","4","1778","个","0","1","7051","true","0","0","0","0","0","0","0","false","false","false","0","0","1","1","100","0","60","5000000","打开可获得3000金币，概率获得物品奖励。","获得特殊奖励","","","","","","","","","","","","","","","","","","","","","","","","1","1","30","","","","","","","0","0","0","0","0","0"
"560019","4726","秘境•第6名","ff6ddcf6","4","1778","个","0","1","7051","true","0","0","0","0","0","0","0","false","false","false","0","0","1","1","100","0","60","5000000","打开可获得3000金币，概率获得物品奖励。","获得特殊奖励","","","","","","","","","","","","","","","","","","","","","","","","1","1","30","","","","","","","0","0","0","0","0","0"
"560020","4726","秘境•第7名","ff6ddcf6","4","1778","个","0","1","7051","true","0","0","0","0","0","0","0","false","false","false","0","0","1","1","100","0","60","5000000","打开可获得3000金币，概率获得物品奖励。","获得特殊奖励","","","","","","","","","","","","","","","","","","","","","","","","1","1","30","","","","","","","0","0","0","0","0","0"
"570006","4726","秘境•第8名","ff6ddcf6","4","1778","个","0","1","7020","true","1","1","0","0","0","0","0","false","false","false","0","0","1","1","100","0","0","5000000","打开可获得3000金币，概率获得物品奖励。","获得特殊奖励","","","","","","","","","","","","","","","","","","","","","","","","1","1","30","","","","","","","0","0","0","0","0","0"
"570007","4726","秘境•第9名","ff6ddcf6","4","1778","个","0","1","7020","true","1","1","0","0","0","0","0","false","false","false","0","0","1","1","100","0","0","5000000","打开可获得3000金币，概率获得物品奖励。","获得特殊奖励","","","","","","","","","","","","","","","","","","","","","","","","1","1","30","","","","","","","0","0","0","0","0","0"
"570008","4726","秘境•第10名","ff6ddcf6","4","1778","个","0","1","7020","true","1","1","0","0","0","0","0","false","false","false","0","0","1","1","100","0","0","5000000","打开可获得3000金币，概率获得物品奖励。","获得特殊奖励","","","","","","","","","","","","","","","","","","","","","","","","1","1","30","","","","","","","0","0","0","0","0","0"
"570009","4726","门派闯关•第1名","ff6ddcf6","4","1778","个","0","1","7020","true","1","1","0","0","0","0","0","false","false","false","0","0","1","1","100","0","0","5000000","打开可获得10000金币，获得物品奖励。","获得奖励","","","","","","","","","","","","","","","","","","","","","","","","1","1","30","","","","","","","0","0","0","0","0","0"
"570010","4726","门派闯关•第2名","ff6ddcf6","4","1778","个","0","1","7020","true","1","1","0","0","0","0","0","false","false","false","0","0","1","1","100","0","0","5000000","打开可获得10000金币，概率获得物品奖励。","获得奖励","","","","","","","","","","","","","","","","","","","","","","","","1","1","30","","","","","","","0","0","0","0","0","0"
"570011","4726","门派闯关•第3名","ff6ddcf6","4","1778","个","0","1","7020","true","1","1","0","0","0","0","0","false","false","false","0","0","1","1","100","0","0","5000000","打开可获得10000金币，概率获得物品奖励。","获得奖励","","","","","","","","","","","","","","","","","","","","","","","","1","1","30","","","","","","","0","0","0","0","0","0"
"580003","4262","剑侠客•装备包","ff6ddcf6","4","1252","个","0","1","7100","true","0","0","0","0","0","0","0","false","false","false","0","0","1","1","20","0","0","5000000","<T t=""角色要求："" c=""FFFFF2DF"" f=""simhei-11""></T><T t=""剑侠客"" c=""FF33FF00"" f=""simhei-11""></T><B></B><T t=""打开获得："" c=""FFFFF2DF"" f=""simhei-11""></T><T t=""50级无级别装备一套"" c=""FFFFF2DF"" f=""simhei-11""></T>","获得奖励","","","","礼包","","","","","","","","","","","","","","","","","","","","","1","","","","","","","","0","0","0","0","0","0"
"580004","4262","逍遥生•装备包","ff6ddcf6","4","1252","个","0","1","7100","true","0","0","0","0","0","0","0","false","false","false","0","0","1","1","20","0","0","5000000","<T t=""角色要求："" c=""FFFFF2DF"" f=""simhei-11""></T><T t=""逍遥生"" c=""FF33FF00"" f=""simhei-11""></T><B></B><T t=""打开获得："" c=""FFFFF2DF"" f=""simhei-11""></T><T t=""50级无级别装备一套"" c=""FFFFF2DF"" f=""simhei-11""></T>","获得奖励","","","","礼包","","","","","","","","","","","","","","","","","","","","","1","","","","","","","","0","0","0","0","0","0"
"580005","4262","漠少君•装备包","ff6ddcf6","4","1252","个","0","1","7100","true","0","0","0","0","0","0","0","false","false","false","0","0","1","1","20","0","0","5000000","<T t=""角色要求："" c=""FFFFF2DF"" f=""simhei-11""></T><T t=""漠少君"" c=""FF33FF00"" f=""simhei-11""></T><B></B><T t=""打开获得："" c=""FFFFF2DF"" f=""simhei-11""></T><T t=""50级无级别装备一套"" c=""FFFFF2DF"" f=""simhei-11""></T>","获得奖励","","","","礼包","","","","","","","","","","","","","","","","","","","","","1","","","","","","","","0","0","0","0","0","0"
"580006","4262","飞燕女•装备包","ff6ddcf6","4","1252","个","0","1","7100","true","0","0","0","0","0","0","0","false","false","false","0","0","1","1","20","0","0","5000000","<T t=""角色要求："" c=""FFFFF2DF"" f=""simhei-11""></T><T t=""飞燕女"" c=""FF33FF00"" f=""simhei-11""></T><B></B><T t=""打开获得："" c=""FFFFF2DF"" f=""simhei-11""></T><T t=""50级无级别装备一套"" c=""FFFFF2DF"" f=""simhei-11""></T>","获得奖励","","","","礼包","","","","","","","","","","","","","","","","","","","","","1","","","","","","","","0","0","0","0","0","0"
"580007","4262","英女侠•装备包","ff6ddcf6","4","1252","个","0","1","7100","true","0","0","0","0","0","0","0","false","false","false","0","0","1","1","20","0","0","5000000","<T t=""角色要求："" c=""FFFFF2DF"" f=""simhei-11""></T><T t=""英女侠"" c=""FF33FF00"" f=""simhei-11""></T><B></B><T t=""打开获得："" c=""FFFFF2DF"" f=""simhei-11""></T><T t=""50级无级别装备一套"" c=""FFFFF2DF"" f=""simhei-11""></T>","获得奖励","","","","礼包","","","","","","","","","","","","","","","","","","","","","1","","","","","","","","0","0","0","0","0","0"
"580008","4262","巫蛮儿•装备包","ff6ddcf6","4","1252","个","0","1","7100","true","0","0","0","0","0","0","0","false","false","false","0","0","1","1","20","0","0","5000000","<T t=""角色要求："" c=""FFFFF2DF"" f=""simhei-11""></T><T t=""巫蛮儿"" c=""FF33FF00"" f=""simhei-11""></T><B></B><T t=""打开获得："" c=""FFFFF2DF"" f=""simhei-11""></T><T t=""50级无级别装备一套"" c=""FFFFF2DF"" f=""simhei-11""></T>","获得奖励","","","","礼包","","","","","","","","","","","","","","","","","","","","","1","","","","","","","","0","0","0","0","0","0"
"580009","4262","龙太子•装备包","ff6ddcf6","4","1252","个","0","1","7100","true","0","0","0","0","0","0","0","false","false","false","0","0","1","1","20","0","0","5000000","<T t=""角色要求："" c=""FFFFF2DF"" f=""simhei-11""></T><T t=""龙太子"" c=""FF33FF00"" f=""simhei-11""></T><B></B><T t=""打开获得："" c=""FFFFF2DF"" f=""simhei-11""></T><T t=""50级无级别装备一套"" c=""FFFFF2DF"" f=""simhei-11""></T>","获得奖励","","","","礼包","","","","","","","","","","","","","","","","","","","","","1","","","","","","","","0","0","0","0","0","0"
"580010","4262","神天兵•装备包","ff6ddcf6","4","1252","个","0","1","7100","true","0","0","0","0","0","0","0","false","false","false","0","0","1","1","20","0","0","5000000","<T t=""角色要求："" c=""FFFFF2DF"" f=""simhei-11""></T><T t=""神天兵"" c=""FF33FF00"" f=""simhei-11""></T><B></B><T t=""打开获得："" c=""FFFFF2DF"" f=""simhei-11""></T><T t=""50级无级别装备一套"" c=""FFFFF2DF"" f=""simhei-11""></T>","获得奖励","","","","礼包","","","","","","","","","","","","","","","","","","","","","1","","","","","","","","0","0","0","0","0","0"
"580011","4262","羽灵神•装备包","ff6ddcf6","4","1252","个","0","1","7100","true","0","0","0","0","0","0","0","false","false","false","0","0","1","1","20","0","0","5000000","<T t=""角色要求："" c=""FFFFF2DF"" f=""simhei-11""></T><T t=""羽灵神"" c=""FF33FF00"" f=""simhei-11""></T><B></B><T t=""打开获得："" c=""FFFFF2DF"" f=""simhei-11""></T><T t=""50级无级别装备一套"" c=""FFFFF2DF"" f=""simhei-11""></T>","获得奖励","","","","礼包","","","","","","","","","","","","","","","","","","","","","1","","","","","","","","0","0","0","0","0","0"
"580012","4262","舞天姬•装备包","ff6ddcf6","4","1252","个","0","1","7100","true","0","0","0","0","0","0","0","false","false","false","0","0","1","1","20","0","0","5000000","<T t=""角色要求："" c=""FFFFF2DF"" f=""simhei-11""></T><T t=""舞天姬"" c=""FF33FF00"" f=""simhei-11""></T><B></B><T t=""打开获得："" c=""FFFFF2DF"" f=""simhei-11""></T><T t=""50级无级别装备一套"" c=""FFFFF2DF"" f=""simhei-11""></T>","获得奖励","","","","礼包","","","","","","","","","","","","","","","","","","","","","1","","","","","","","","0","0","0","0","0","0"
"580013","4262","梦玲珑•装备包","ff6ddcf6","4","1252","个","0","1","7100","true","0","0","0","0","0","0","0","false","false","false","0","0","1","1","20","0","0","5000000","<T t=""角色要求："" c=""FFFFF2DF"" f=""simhei-11""></T><T t=""梦玲珑"" c=""FF33FF00"" f=""simhei-11""></T><B></B><T t=""打开获得："" c=""FFFFF2DF"" f=""simhei-11""></T><T t=""50级无级别装备一套"" c=""FFFFF2DF"" f=""simhei-11""></T>","获得奖励","","","","礼包","","","","","","","","","","","","","","","","","","","","","1","","","","","","","","0","0","0","0","0","0"
"580014","4262","玄彩娥•装备包","ff6ddcf6","4","1252","个","0","1","7100","true","0","0","0","0","0","0","0","false","false","false","0","0","1","1","20","0","0","5000000","<T t=""角色要求："" c=""FFFFF2DF"" f=""simhei-11""></T><T t=""玄彩娥"" c=""FF33FF00"" f=""simhei-11""></T><B></B><T t=""打开获得："" c=""FFFFF2DF"" f=""simhei-11""></T><T t=""50级无级别装备一套"" c=""FFFFF2DF"" f=""simhei-11""></T>","获得奖励","","","","礼包","","","","","","","","","","","","","","","","","","","","","1","","","","","","","","0","0","0","0","0","0"
"580015","4262","杀破狼•装备包","ff6ddcf6","4","1252","个","0","1","7100","true","0","0","0","0","0","0","0","false","false","false","0","0","1","1","20","0","0","5000000","<T t=""角色要求："" c=""FFFFF2DF"" f=""simhei-11""></T><T t=""杀破狼"" c=""FF33FF00"" f=""simhei-11""></T><B></B><T t=""打开获得："" c=""FFFFF2DF"" f=""simhei-11""></T><T t=""50级无级别装备一套"" c=""FFFFF2DF"" f=""simhei-11""></T>","获得奖励","","","","礼包","","","","","","","","","","","","","","","","","","","","","1","","","","","","","","0","0","0","0","0","0"
"580016","4262","虎头怪•装备包","ff6ddcf6","4","1252","个","0","1","7100","true","0","0","0","0","0","0","0","false","false","false","0","0","1","1","20","0","0","5000000","<T t=""角色要求："" c=""FFFFF2DF"" f=""simhei-11""></T><T t=""虎头怪"" c=""FF33FF00"" f=""simhei-11""></T><B></B><T t=""打开获得："" c=""FFFFF2DF"" f=""simhei-11""></T><T t=""50级无级别装备一套"" c=""FFFFF2DF"" f=""simhei-11""></T>","获得奖励","","","","礼包","","","","","","","","","","","","","","","","","","","","","1","","","","","","","","0","0","0","0","0","0"
"580017","4262","巨魔王•装备包","ff6ddcf6","4","1252","个","0","1","7100","true","0","0","0","0","0","0","0","false","false","false","0","0","1","1","20","0","0","5000000","<T t=""角色要求："" c=""FFFFF2DF"" f=""simhei-11""></T><T t=""巨魔王"" c=""FF33FF00"" f=""simhei-11""></T><B></B><T t=""打开获得："" c=""FFFFF2DF"" f=""simhei-11""></T><T t=""50级无级别装备一套"" c=""FFFFF2DF"" f=""simhei-11""></T>","获得奖励","","","","礼包","","","","","","","","","","","","","","","","","","","","","1","","","","","","","","0","0","0","0","0","0"
"580018","4262","骨精灵•装备包","ff6ddcf6","4","1252","个","0","1","7100","true","0","0","0","0","0","0","0","false","false","false","0","0","1","1","20","0","0","5000000","<T t=""角色要求："" c=""FFFFF2DF"" f=""simhei-11""></T><T t=""骨精灵"" c=""FF33FF00"" f=""simhei-11""></T><B></B><T t=""打开获得："" c=""FFFFF2DF"" f=""simhei-11""></T><T t=""50级无级别装备一套"" c=""FFFFF2DF"" f=""simhei-11""></T>","获得奖励","","","","礼包","","","","","","","","","","","","","","","","","","","","","1","","","","","","","","0","0","0","0","0","0"
"580019","4262","狐美人•装备包","ff6ddcf6","4","1252","个","0","1","7100","true","0","0","0","0","0","0","0","false","false","false","0","0","1","1","20","0","0","5000000","<T t=""角色要求："" c=""FFFFF2DF"" f=""simhei-11""></T><T t=""狐美人"" c=""FF33FF00"" f=""simhei-11""></T><B></B><T t=""打开获得："" c=""FFFFF2DF"" f=""simhei-11""></T><T t=""50级无级别装备一套"" c=""FFFFF2DF"" f=""simhei-11""></T>","获得奖励","","","","礼包","","","","","","","","","","","","","","","","","","","","","1","","","","","","","","0","0","0","0","0","0"
"600000","4518","新人福利礼包","ff6ddcf6","4","1754","个","0","1","5500","true","0","0","0","0","0","0","0","false","false","false","0","0","1","1","999","0","0","5000000","九转金丹，修炼果，神兜兜，回梦丹，心魔宝珠，花豆，彩果","打开获得道具","4","161506","","礼包","","","","","","","","","","","","","","","","","","","","","","","","","","","","","0","0","0","0","0","0"
"600001","4518","新人福利礼包","ff6ddcf6","4","1754","个","0","1","5500","true","0","0","0","0","0","0","0","false","false","false","0","0","1","1","999","0","0","5000000","银币3000W、九转金丹*50，修炼果*40、回梦丹*20，心魔宝*5、珠吉祥锦囊*5、神兜兜*10、固定坐骑*1、3级宝石礼盒*6（绑定、金钥匙*5、如意锦囊*3、银钥匙*10、50装备包、变异泡泡*1（泡泡可选物理和法术；物理则为四技能连击、必杀、强力、偷袭；法术则为水漫金山、法爆、法连、魔之心）、强化石礼包*1（四种石头各6个）、月华露*66、金币88888","打开获得道具","4","161506","","礼包","","","","","","","","","","","","","","","","","","","","","","","","","","","","","0","0","0","0","0","0"
"600002","4518","新人福利礼包2","ff6ddcf6","4","1754","个","0","1","5500","true","0","0","0","0","0","0","0","false","false","false","0","0","1","1","999","0","0","5000000","福利多多","打开获得道具","4","161506","","礼包","","","","","","","","","","","","","","","","","","","","","","","","","","","","","0","0","0","0","0","0"
"600003","4518","转服补偿礼包","ff6ddcf6","4","1754","个","0","1","5500","true","0","0","0","0","0","0","0","false","false","false","0","0","1","1","999","0","0","5000000","感谢大家的不离不弃，为了大家更好的体验所以换了一个抗攻击的服务器，之前服务器老是被人打，谢谢","打开获得道具","4","161506","","礼包","","","","","","","","","","","","","","","","","","","","","","","","","","","","","0","0","0","0","0","0"
"600004","4518","3000附属包","ff6ddcf6","4","1754","个","0","1","5500","true","0","0","0","0","0","0","0","false","false","false","0","0","1","1","999","0","0","5000000","感谢你为三界做出的卓越贡献","打开获得道具","4","161506","","礼包","","","","","","","","","","","","","","","","","","","","","","","","","","","","","0","0","0","0","0","0"
"600005","4518","5000附属包","ff6ddcf6","4","1754","个","0","1","5500","true","0","0","0","0","0","0","0","false","false","false","0","0","1","1","999","0","0","5000000","感谢你为三界做出的卓越贡献","打开获得道具","4","161506","","礼包","","","","","","","","","","","","","","","","","","","","","","","","","","","","","0","0","0","0","0","0"
"600006","4518","8000附属包","ff6ddcf6","4","1754","个","0","1","5500","true","0","0","0","0","0","0","0","false","false","false","0","0","1","1","999","0","0","5000000","感谢你为三界做出的卓越贡献","打开获得道具","4","161506","","礼包","","","","","","","","","","","","","","","","","","","","","","","","","","","","","0","0","0","0","0","0"
"600007","582","神兽自选礼包","ff6ddcf6","4","1252","个","0","1","7100","true","0","0","0","0","0","0","0","false","false","false","0","0","1","1","999","0","0","5000000","可自由选择神兽一只。","自由选择奖励","","","","神兽自选","","3","73","","","","","","","","","","","","","","","","","","1","","","","","","","","0","0","0","0","0","0"
"600008","4518","周卡培养包","ff6ddcf6","4","1754","个","0","1","5500","true","0","0","0","0","0","0","0","false","false","false","0","0","1","1","999","0","0","5000000","打开或得宠物、人物、法宝、强化四个培养包","打开获得道具","4","161506","","礼包","","","","","","","","","","","","","","","","","","","","","","","","","","","","","0","0","0","0","0","0"
"600015","4262","50万银币","ff6ddcf6","4","1185","个","0","1","7100","true","0","0","0","0","0","0","0","false","false","false","0","0","1","1","999","0","0","5000000","三界中通行的货币，可以购买商会中的物品。修炼，提升技能等等","使用获得银币","","","","银币","","","","","","","","","","","","","","","","","","","","","","","","","","","","","0","0","0","0","0","0"
"600016","4262","100万银币","ff6ddcf6","4","1185","个","0","1","7100","true","0","0","0","0","0","0","0","false","false","false","0","0","1","1","999","0","0","5000000","三界中通行的货币，可以购买商会中的物品。修炼，提升技能等等","使用获得银币","","","","银币","","","","","","","","","","","","","","","","","","","","","","","","","","","","","0","0","0","0","0","0"
"600017","4262","500万银币","ff6ddcf6","4","1185","个","0","1","7100","true","0","0","0","0","0","0","0","false","false","false","0","0","1","1","999","0","0","5000000","三界中通行的货币，可以购买商会中的物品。修炼，提升技能等等","使用获得银币","","","","银币","","","","","","","","","","","","","","","","","","","","","","","","","","","","","0","0","0","0","0","0"
"600018","582","6级宝石自选箱子","ff6ddcf6","4","1725","个","0","1","7100","true","0","0","0","0","0","0","0","false","false","false","0","0","1","1","999","0","0","5000000","可自由选择6级宝石一颗","自由选择奖励","","","","宝石","","3","73","","","","","","","","","","","","","","","","","","1","","","","","","","","0","0","0","0","0","0"
"600019","582","7级宝石自选箱子","ff6ddcf6","4","1725","个","0","1","7100","true","0","0","0","0","0","0","0","false","false","false","0","0","1","1","999","0","0","5000000","可自由选择7级宝石一颗","自由选择奖励","","","","宝石","","3","73","","","","","","","","","","","","","","","","","","1","","","","","","","","0","0","0","0","0","0"
"600020","582","8级宝石自选箱子","ff6ddcf6","4","1725","个","0","1","7100","true","0","0","0","0","0","0","0","false","false","false","0","0","1","1","999","0","0","5000000","可自由选择8级宝石一颗","自由选择奖励","","","","宝石","","3","73","","","","","","","","","","","","","","","","","","1","","","","","","","","0","0","0","0","0","0"
"600021","582","9级宝石自选箱子","ff6ddcf6","4","1725","个","0","1","7100","true","0","0","0","0","0","0","0","false","false","false","0","0","1","1","999","0","0","5000000","可自由选择9级宝石一颗","自由选择奖励","","","","宝石","","3","73","","","","","","","","","","","","","","","","","","1","","","","","","","","0","0","0","0","0","0"
"600022","582","10级宝石自选箱子","ff6ddcf6","4","1725","个","0","1","7100","true","0","0","0","0","0","0","0","false","false","false","0","0","1","1","999","0","0","5000000","可自由选择10级宝石一颗","自由选择奖励","","","","宝石","","3","73","","","","","","","","","","","","","","","","","","1","","","","","","","","0","0","0","0","0","0"
"600023","582","11级宝石自选箱子","ff6ddcf6","4","1725","个","0","1","7100","true","0","0","0","0","0","0","0","false","false","false","0","0","1","1","999","0","0","5000000","可自由选择11级宝石一颗","自由选择奖励","","","","宝石","","3","73","","","","","","","","","","","","","","","","","","1","","","","","","","","0","0","0","0","0","0"
"600024","582","12级宝石自选箱子","ff6ddcf6","4","1725","个","0","1","7100","true","0","0","0","0","0","0","0","false","false","false","0","0","1","1","999","0","0","5000000","可自由选择12级宝石一颗","自由选择奖励","","","","宝石","","3","73","","","","","","","","","","","","","","","","","","1","","","","","","","","0","0","0","0","0","0"
"600025","582","13级宝石自选箱子","ff6ddcf6","4","1725","个","0","1","7100","true","0","0","0","0","0","0","0","false","false","false","0","0","1","1","999","0","0","5000000","可自由选择13级宝石一颗","自由选择奖励","","","","宝石","","3","73","","","","","","","","","","","","","","","","","","1","","","","","","","","0","0","0","0","0","0"
"600026","582","14级宝石自选箱子","ff6ddcf6","4","1725","个","0","1","7100","true","0","0","0","0","0","0","0","false","false","false","0","0","1","1","999","0","0","5000000","可自由选择14级宝石一颗","自由选择奖励","","","","宝石","","3","73","","","","","","","","","","","","","","","","","","1","","","","","","","","0","0","0","0","0","0"
"600027","582","15级宝石自选箱子","ff6ddcf6","4","1725","个","0","1","7100","true","0","0","0","0","0","0","0","false","false","false","0","0","1","1","999","0","0","5000000","可自由选择15级宝石一颗","自由选择奖励","","","","宝石","","3","73","","","","","","","","","","","","","","","","","","1","","","","","","","","0","0","0","0","0","0"
"600028","582","顶级宠物自选礼包","ff6ddcf6","4","1252","个","0","1","7100","true","0","0","0","0","0","0","0","false","false","false","0","0","1","1","999","0","0","5000000","可自由选择狐一刀，霸天熊猫，灵仙子其中一只。","自由选择奖励","","","","神兽自选","","3","73","","","","","","","","","","","","","","","","","","1","","","","","","","","0","0","0","0","0","0"
"600032","582","黄蓝胖子自选礼包","ff6ddcf6","4","1252","个","0","1","7100","true","0","0","0","0","0","0","0","false","false","false","0","0","1","1","999","0","0","5000000","玄黄无极石打开或得自选追梦追梦一个或者咕噜咕噜一个","自由选择奖励","","","","神兽自选","","3","73","","","","","","","","","","","","","","","","","","1","","","","","","","","0","0","0","0","0","0"
"600033","4262","特殊技能随机包","ff6ddcf6","4","1745","个","0","1","7100","true","0","0","0","0","0","0","0","false","false","false","0","0","1","1","999","0","0","5000000","打开随机获得一本全套特殊高级魔兽要诀。","获得魔兽要诀","","","","礼包","","","","","","","","","","","","","","","","","","","","","1","","","","","","","","0","0","0","0","0","0"
"600034","4262","最新特殊技能全套","ff6ddcf6","4","1745","个","0","1","7100","true","0","0","0","0","0","0","0","false","false","false","0","0","1","1","999","0","0","5000000","打开随机获得一本最新宝宝特殊高级魔兽要诀。","获得魔兽要诀","","","","礼包","","","","","","","","","","","","","","","","","","","","","1","","","","","","","","0","0","0","0","0","0"
"600035","4262","神兜兜*5","ff6ddcf6","5","1252","个","0","1","7507","true","0","0","0","0","0","0","0","false","false","false","0","0","1","1","999","0","0","5000000","<T t=""打开获得5个神兜兜。"" c=""FFFFF2DF"" f=""simhei-11""></T>","使用获得","","","","奇珍","","","","","","","","","","","","","","","","","","","","","1","","","","","","","","0","0","0","0","0","0"
"600036","4262","神兜兜*15","ff6ddcf6","5","1252","个","0","1","7507","true","0","0","0","0","0","0","0","false","false","false","0","0","1","1","999","0","0","5000000","<T t=""打开获得15个神兜兜。"" c=""FFFFF2DF"" f=""simhei-11""></T>","使用获得","","","","奇珍","","","","","","","","","","","","","","","","","","","","","1","","","","","","","","0","0","0","0","0","0"
"600037","4262","神兜兜*50","ff6ddcf6","5","1252","个","0","1","7507","true","0","0","0","0","0","0","0","false","false","false","0","0","1","1","999","0","0","5000000","<T t=""打开获得50个神兜兜。"" c=""FFFFF2DF"" f=""simhei-11""></T>","使用获得","","","","奇珍","","","","","","","","","","","","","","","","","","","","","1","","","","","","","","0","0","0","0","0","0"
"600038","4262","神兜兜*100","ff6ddcf6","5","1252","个","0","1","7507","true","0","0","0","0","0","0","0","false","false","false","0","0","1","1","999","0","0","5000000","<T t=""打开获得100个神兜兜。"" c=""FFFFF2DF"" f=""simhei-11""></T>","使用获得","","","","奇珍","","","","","","","","","","","","","","","","","","","","","1","","","","","","","","0","0","0","0","0","0"
"600039","4262","神兜兜*500","ff6ddcf6","5","1252","个","0","1","7507","true","0","0","0","0","0","0","0","false","false","false","0","0","1","1","999","0","0","5000000","<T t=""打开获得500个神兜兜。"" c=""FFFFF2DF"" f=""simhei-11""></T>","使用获得","","","","奇珍","","","","","","","","","","","","","","","","","","","","","1","","","","","","","","0","0","0","0","0","0"
"600040","4262","200仙玉卷","ff6ddcf6","4","1247","张","0","1","5000","true","0","0","0","0","0","0","0","false","false","false","0","0","1","1","999","0","0","5000000","<T t=""打开可获得："" c=""FFFFF2DF"" f=""simhei-11""></T><T t=""200仙玉"" c=""FF33FF00"" f=""simhei-11""></T>","获得货币","","","","仙玉券","","","","","","","","","","","","","","","","","","","","","","","","","","","","","0","0","0","0","0","0"
"600041","4262","300仙玉卷","ff6ddcf6","4","1247","张","0","1","5000","true","0","0","0","0","0","0","0","false","false","false","0","0","1","1","999","0","0","5000000","<T t=""打开可获得："" c=""FFFFF2DF"" f=""simhei-11""></T><T t=""300仙玉"" c=""FF33FF00"" f=""simhei-11""></T>","获得货币","","","","仙玉券","","","","","","","","","","","","","","","","","","","","","","","","","","","","","0","0","0","0","0","0"
"600042","582","全套特殊技能自选礼包","ff6ddcf6","4","1252","个","0","1","7100","true","0","0","0","0","0","0","0","false","false","false","0","0","1","1","999","0","0","5000000","点开可领取一本自己想要的特殊技能","自由选择奖励","","","","兽决自选","","3","73","","","","","","","","","","","","","","","","","","1","","","","","","","","0","0","0","0","0","0"
"600043","582","印觉书自选礼包","ff6ddcf6","4","1826","个","0","1","7100","true","0","0","0","0","0","0","0","false","false","false","0","0","1","1","999","0","0","5000000","<T t=""来自星辰的力量汇聚在这份卷轴上是用于打造出印书的指南书，打开自选获得一本星印书。"" c=""FFFFF2DF"" f=""simhei-11""></T>","自由选择奖励","","","","兽决自选","","3","73","","","","","","","","","","","","","","","","","","1","","","","","","","","0","0","0","0","0","0"
"600044","582","3级四神珠自选礼包","ff6ddcf6","4","1252","个","0","1","7100","true","0","0","0","0","0","0","0","false","false","false","0","0","1","1","999","0","0","5000000","可自由选择3级四神珠一颗","自由选择奖励","","","","宝石","","3","73","","","","","","","","","","","","","","","","","","1","","","","","","","","0","0","0","0","0","0"
"600045","582","4级四神珠自选礼包","ff6ddcf6","4","1252","个","0","1","7100","true","0","0","0","0","0","0","0","false","false","false","0","0","1","1","999","0","0","5000000","可自由选择4级四神珠一颗","自由选择奖励","","","","宝石","","3","73","","","","","","","","","","","","","","","","","","1","","","","","","","","0","0","0","0","0","0"
"600046","582","5级四神珠自选礼包","ff6ddcf6","4","1252","个","0","1","7100","true","0","0","0","0","0","0","0","false","false","false","0","0","1","1","999","0","0","5000000","可自由选择5级四神珠一颗","自由选择奖励","","","","宝石","","3","73","","","","","","","","","","","","","","","","","","1","","","","","","","","0","0","0","0","0","0"
"600047","582","6级四神珠自选礼包","ff6ddcf6","4","1252","个","0","1","7100","true","0","0","0","0","0","0","0","false","false","false","0","0","1","1","999","0","0","5000000","可自由选择6级四神珠一颗","自由选择奖励","","","","宝石","","3","73","","","","","","","","","","","","","","","","","","1","","","","","","","","0","0","0","0","0","0"
"603056","582","10级四神珠自选礼包","ff6ddcf6","4","1252","个","0","1","7100","true","0","0","0","0","0","0","0","false","false","false","0","0","1","1","999","0","0","5000000","可自由选择10级四神珠一颗","自由选择奖励","","","","宝石","","3","73","","","","","","","","","","","","","","","","","","1","","","","","","","","0","0","0","0","0","0"
"600048","582","高级内丹自选礼包","ff6ddcf6","4","1252","个","0","1","7100","true","0","0","0","0","0","0","0","false","false","false","0","0","1","1","999","0","0","5000000","可自由选择一级高级内丹一颗","自由选择奖励","","","","宠物内丹","","3","73","","","","","","","","","","","","","","","","","","1","","","","","","","","0","0","0","0","0","0"
"600049","582","火雷水土四灵兽自选包","ff6ddcf6","4","1252","个","0","1","7100","true","0","0","0","0","0","0","0","false","false","false","0","0","1","1","999","0","0","5000000","可自由选择火雷水土四灵兽其中一个","自由选择奖励","","","","宠物","","3","73","","","","","","","","","","","","","","","","","","1","","","","","","","","0","0","0","0","0","0"
"600050","582","锻造书铁自选•110级","ff6ddcf6","4","1810","个","0","1","7100","true","0","0","0","0","0","0","0","false","false","false","0","0","1","1","999","0","0","5000000","可自选110级制造指南书一本。或者铁","自由选择奖励","","","","自选礼包","","3","73","","","","","","","","","","","","","","","","","","1","","","","","","","","0","0","0","0","0","0"
"600051","582","锻造书铁自选•120级","ff6ddcf6","4","1810","个","0","1","7100","true","0","0","0","0","0","0","0","false","false","false","0","0","1","1","999","0","0","5000000","可自选120级制造指南书一本。或者铁","自由选择奖励","","","","自选礼包","","3","73","","","","","","","","","","","","","","","","","","1","","","","","","","","0","0","0","0","0","0"
"603052","534","灵仙子2.0版","ff6ddcf6","5","30302","个","0","1","7508","true","0","0","0","0","0","0","0","false","false","false","0","0","1","1","999","0","0","5000000","打开可获得灵仙子","使用获得宠物","","","","","","","","","","","","","","","","","","","","","","1","1","","","","","","","","","","0","0","0","0","0","0"
"603053","534","狐一刀2.0版","ff6ddcf6","5","30297","个","0","1","7508","true","0","0","0","0","0","0","0","false","false","false","0","0","1","1","999","0","0","5000000","打开可获得狐一刀","使用获得宠物","","","","","","","","","","","","","","","","","","","","","","1","1","","","","","","","","","","0","0","0","0","0","0"
"603054","534","霸天熊猫2.0版","ff6ddcf6","5","30298","个","0","1","7508","true","0","0","0","0","0","0","0","false","false","false","0","0","1","1","999","0","0","5000000","打开可获得霸天熊猫","使用获得宠物","","","","","","","","","","","","","","","","","","","","","","1","1","","","","","","","","","","0","0","0","0","0","0"
"603055","582","2.0顶级宝宝自选礼包","ff6ddcf6","4","1252","个","0","1","7100","true","0","0","0","0","0","0","0","false","false","false","0","0","1","1","999","0","0","5000000","灵仙子、狐一刀、霸天熊猫自选礼包","自由选择奖励","","","","神兽自选","","3","73","","","","","","","","","","","","","","","","","","1","","","","","","","","0","0","0","0","0","0"
"600052","4518","30累充礼包（未用）","ff6ddcf6","4","1752","个","0","1","5500","true","0","0","0","0","0","0","0","false","false","false","0","0","1","1","999","0","0","5000000","打开获得500万银币、10W金币*1、金钥匙*5、金柳露*99、九转金丹*50、修炼果*50","打开获得道具","4","161506","","","","","","","","","","","","","","","","","","","","","","","1","","","","","","","","0","0","0","0","0","0"
"600053","4518","110-160装备指南","ff6ddcf6","4","1758","个","0","1","5500","true","0","0","0","0","0","0","0","false","false","false","0","0","1","1","999","0","0","5000000","可以获得110-160打造指南","打开获得道具","4","161506","","","","","","","","","","","","","","","","","","","","","","","1","","","","","","","","0","0","0","0","0","0"
"600054","4518","坐骑礼包","ff6ddcf6","4","1760","个","0","1","5500","true","0","0","0","0","0","0","0","false","false","false","0","0","1","1","999","0","0","5000000","获得随机坐骑礼包","打开获得道具","4","161506","","","","","","","","","","","","","","","","","","","","","","","1","","","","","","","","0","0","0","0","0","0"
"600055","4518","500累充礼包","ff6ddcf6","4","1752","个","0","1","5500","true","0","0","0","0","0","0","0","false","false","false","0","0","1","1","999","0","0","5000000","打开获得吉祥锦囊*20、丹心锦囊*20、高级藏宝图*5、金柳露*99、超级金柳露*50、净瓶玉露*50","打开获得道具","4","161506","","","","","","","","","","","","","","","","","","","","","","","1","","","","","","","","0","0","0","0","0","0"
"600056","4518","1000累充礼包","ff6ddcf6","4","1752","个","0","1","5500","true","0","0","0","0","0","0","0","false","false","false","0","0","1","1","999","0","0","5000000","打开获得如意锦囊*10、高级内丹袋*5、神兜兜*10、金柳露*199、超级金柳露*99、净瓶玉露*99","打开获得道具","4","161506","","","","","","","","","","","","","","","","","","","","","","","1","","","","","","","","0","0","0","0","0","0"
"600057","4518","2500累充礼包","ff6ddcf6","4","1752","个","0","1","5500","true","0","0","0","0","0","0","0","false","false","false","0","0","1","1","999","0","0","5000000","打开获得玄黄无极石*1、如意锦囊*10、高级内丹袋*5、金柳露*299、超级金柳露*199、净瓶玉露*199","打开获得道具","4","161506","","","","","","","","","","","","","","","","","","","","","","","1","","","","","","","","0","0","0","0","0","0"
"600058","4518","4000累充礼包","ff6ddcf6","4","1752","个","0","1","5500","true","0","0","0","0","0","0","0","false","false","false","0","0","1","1","999","0","0","5000000","打开获得特殊技能随机礼包*2、如意锦囊*10、高级内丹袋*5、神兜兜*20、元宵*99、炼兽真经*50","打开获得道具","4","161506","","","","","","","","","","","","","","","","","","","","","","","1","","","","","","","","0","0","0","0","0","0"
"600059","4518","7000累充礼包","ff6ddcf6","4","1752","个","0","1","5500","true","0","0","0","0","0","0","0","false","false","false","0","0","1","1","999","0","0","5000000","打开获得玄黄无极石*1、如意锦囊*20、高级内丹袋*10、神兜兜*20、吉祥锦囊*199、丹心锦囊*199","打开获得道具","4","161506","","","","","","","","","","","","","","","","","","","","","","","1","","","","","","","","0","0","0","0","0","0"
"600060","4518","10000累充礼包","ff6ddcf6","4","1752","个","0","1","5500","true","0","0","0","0","0","0","0","false","false","false","0","0","1","1","999","0","0","5000000","打开获得星辰碎片*1000、高级器灵*1、如意锦囊*20、神兜兜*30、高级内丹袋*10、100000追梦币*1","打开获得道具","4","161506","","","","","","","","","","","","","","","","","","","","","","","1","","","","","","","","0","0","0","0","0","0"
"600061","4518","15000累充礼包","ff6ddcf6","4","1752","个","0","1","5500","true","0","0","0","0","0","0","0","false","false","false","0","0","1","1","999","0","0","5000000","打开获得万灵果*1、金钥匙*99、神兜兜*50、法宝精华礼包*99、法宝精魄礼包*99、200000追梦币*1","打开获得道具","4","161506","","","","","","","","","","","","","","","","","","","","","","","1","","","","","","","","0","0","0","0","0","0"
"600062","4518","20000累充礼包","ff6ddcf6","4","1752","个","0","1","5500","true","0","0","0","0","0","0","0","false","false","false","0","0","1","1","999","0","0","5000000","打开获得玄黄无极石*1、特殊兽决随机礼包*2、金钥匙*50、神兜兜*99、法宝精华礼包*199、法宝精魄礼包*199","打开获得道具","4","161506","","","","","","","","","","","","","","","","","","","","","","","1","","","","","","","","0","0","0","0","0","0"
"600063","4518","25000累充礼包","ff6ddcf6","4","1752","个","0","1","5500","true","0","0","0","0","0","0","0","false","false","false","0","0","1","1","999","0","0","5000000","打开获得万灵果*2、神兜兜*99、70级钨金*50、法宝精华礼包*399、法宝精魄礼包*399、500000追梦币*1","打开获得道具","4","161506","","","","","","","","","","","","","","","","","","","","","","","1","","","","","","","","0","0","0","0","0","0"
"600300","4518","30000累充礼包（未用）","ff6ddcf6","4","1752","个","0","1","5500","true","0","0","0","0","0","0","0","false","false","false","0","0","1","1","999","0","0","5000000","120级钨金*18888,10级珠子自选包*12，2.0霸天熊猫/胡一刀/灵仙子自选*1，特级技能自选包*10","打开获得道具","4","161506","","","","","","","","","","","","","","","","","","","","","","","1","","","","","","","","0","0","0","0","0","0"
"600302","4518","50000累充礼包（未用）","ff6ddcf6","4","1752","个","0","1","5500","true","0","0","0","0","0","0","0","false","false","false","0","0","1","1","999","0","0","5000000","130级钨金*888,宝宝齐天大圣2.1成长一只，130无级别装备自选一件，顶级宠物自选礼包*5，神兜兜*9999","打开获得道具","4","161506","","","","","","","","","","","","","","","","","","","","","","","1","","","","","","","","0","0","0","0","0","0"
"600065","4518","98今日累充礼包","ff6ddcf6","4","1752","个","0","1","5500","true","0","0","0","0","0","0","0","false","false","false","0","0","1","1","999","0","0","5000000","打开获得吉祥锦囊*10、丹心锦囊*10、金柳露*99、超级金柳露*66、培养资质丹*10、5000追梦币*1","打开获得道具","4","161506","","","","","","","","","","","","","","","","","","","","","","","1","","","","","","","","0","0","0","0","0","0"
"600066","4518","198今日累充礼包","ff6ddcf6","4","1752","个","0","1","5500","true","0","0","0","0","0","0","0","false","false","false","0","0","1","1","999","0","0","5000000","打开获得神兽随机礼包*1、金柳露*99、超级金柳露*66、净瓶玉露*33、培养资质丹*20、15000追梦币*1","打开获得道具","4","161506","","","","","","","","","","","","","","","","","","","","","","","1","","","","","","","","0","0","0","0","0","0"
"600067","4518","468今日累充礼包","ff6ddcf6","4","1752","个","0","1","5500","true","0","0","0","0","0","0","0","false","false","false","0","0","1","1","999","0","0","5000000","打开获得神兜兜*15、金柳露*199、超级金柳露*99、净瓶玉露*66、培养资质丹*50、30000追梦币*1","打开获得道具","4","161506","","","","","","","","","","","","","","","","","","","","","","","1","","","","","","","","0","0","0","0","0","0"
"600068","4518","998今日累充礼包","ff6ddcf6","4","1752","个","0","1","5500","true","0","0","0","0","0","0","0","false","false","false","0","0","1","1","999","0","0","5000000","打开获得神兜兜*30、金钥匙*30、如意锦囊*10、高级内丹袋*5.炼兽真经*20、50000追梦币*1","打开获得道具","4","161506","","","","","","","","","","","","","","","","","","","","","","","1","","","","","","","","0","0","0","0","0","0"
"600069","4518","1500今日累充礼包","ff6ddcf6","4","1752","个","0","1","5500","true","0","0","0","0","0","0","0","false","false","false","0","0","1","1","999","0","0","5000000","打开获得高级器灵*1、神兜兜*50、70级钨金*30、如意锦囊*20、高级内丹袋*10、100000追梦币*1","打开获得道具","4","161506","","","","","","","","","","","","","","","","","","","","","","","1","","","","","","","","0","0","0","0","0","0"
"600070","4518","2000今日累充礼包","ff6ddcf6","4","1752","个","0","1","5500","true","0","0","0","0","0","0","0","false","false","false","0","0","1","1","999","0","0","5000000","打开获得随机特殊兽决*1、70级钨金*30、神兜兜*50、如意锦囊*20、高级内丹袋*20、150000追梦币*1","打开获得道具","4","161506","","","","","","","","","","","","","","","","","","","","","","","1","","","","","","","","0","0","0","0","0","0"
"600071","4518","5000今日累充礼包","ff6ddcf6","4","1752","个","0","1","5500","true","0","0","0","0","0","0","0","false","false","false","0","0","1","1","999","0","0","5000000","打开获得万灵果*2、70级钨金*99、神兜兜*99、如意锦囊*50、高级内丹袋*20、300000追梦币*1","打开获得道具","4","161506","","","","","","","","","","","","","","","","","","","","","","","1","","","","","","","","0","0","0","0","0","0"
"600301","4518","10000今日累充礼包（未用）","ff6ddcf6","4","1752","个","0","1","5500","true","0","0","0","0","0","0","0","false","false","false","0","0","1","1","999","0","0","5000000","打开获得霸天熊猫/胡一刀/灵仙子自选*2，特殊技能自选包*3，特技符自选包*2，器灵自选包*2，5J珠子自选包*9","打开获得道具","4","161506","","","","","","","","","","","","","","","","","","","","","","","1","","","","","","","","0","0","0","0","0","0"
"600072","4518","VIP666","ff6ddcf6","4","1754","个","0","1","5500","true","0","0","0","0","0","0","0","false","false","false","0","0","1","1","999","0","0","5000000","打开获得银币3000W、九转*50、修炼果*40、回梦丹*20、心魔宝珠*5、吉祥锦囊*5、神兜兜*10、固定坐骑*1、3级宝石祥子*6","打开获得道具","4","161506","","礼包","","","","","","","","","","","","","","","","","","","","","","","","","","","","","0","0","0","0","0","0"
"600073","4518","VIP999","ff6ddcf6","4","1754","个","0","1","5500","true","0","0","0","0","0","0","0","false","false","false","0","0","1","1","999","0","0","5000000","打开获得青龙石*20、白虎石*20、朱雀石*20、玄武石*20、法宝碎片*20、丹心锦囊*2、炼兽真经*2、元宵*2","打开获得道具","4","161506","","礼包","","","","","","","","","","","","","","","","","","","","","","","","","","","","","0","0","0","0","0","0"
"600074","4518","VIP888","ff6ddcf6","4","1754","个","0","1","5500","true","0","0","0","0","0","0","0","false","false","false","0","0","1","1","999","0","0","5000000","打开获得金钥匙*5、如意锦囊*3、银钥匙10*、变异泡泡自选、月华露*66、金币88888、三眼天珠*2、金柳露*10、超级金柳露*10","打开获得道具","4","161506","","礼包","","","","","","","","","","","","","","","","","","","","","","","","","","","","","0","0","0","0","0","0"
"600075","4518","ZB6666","ff6ddcf6","4","1754","个","0","1","5500","true","0","0","0","0","0","0","0","false","false","false","0","0","1","1","999","0","0","5000000","打开获得青龙石*20、白虎石*20、朱雀石*20、玄武石*20神兽自选*1","打开获得道具","4","161506","","礼包","","","","","","","","","","","","","","","","","","","","","","","","","","","","","0","0","0","0","0","0"
"600076","4518","ZB9999","ff6ddcf6","4","1754","个","0","1","5500","true","0","0","0","0","0","0","0","false","false","false","0","0","1","1","999","0","0","5000000","打开获得法宝碎片*20、宝石4级*6、神兜兜*20、丹心锦囊*2","打开获得道具","4","161506","","礼包","","","","","","","","","","","","","","","","","","","","","","","","","","","","","0","0","0","0","0","0"
"600077","4518","ZB8888","ff6ddcf6","4","1754","个","0","1","5500","true","0","0","0","0","0","0","0","false","false","false","0","0","1","1","999","0","0","5000000","打开获得金钥匙*3、银钥匙*5、月华露*66、金柳露*20、吉祥锦囊*5","打开获得道具","4","161506","","礼包","","","","","","","","","","","","","","","","","","","","","","","","","","","","","0","0","0","0","0","0"
"600078","4262","新手60级武器打造","ff6ddcf6","4","1252","个","0","1","7100","true","0","0","0","0","0","0","0","false","false","false","0","0","1","1","20","0","0","5000000","<T t=""打开获得：60级打造武器一套"" c=""FFFFF2DF"" f=""simhei-11""></T>","获得打造材料","","","","礼包","","","","","","","","","","","","","","","","","","","","","1","","","","","","","","0","0","0","0","0","0"
"600079","4262","198新人5倍充值","ff6ddcf6","4","1247","张","0","1","5000","true","0","0","0","0","0","0","0","false","false","false","0","0","1","1","20","0","0","5000000","<T t=""打开可获得："" c=""FFFFF2DF"" f=""simhei-11""></T><T t=""297000仙玉198VIP经验"" c=""FF33FF00"" f=""simhei-11""></T>","获得货币","","","","仙玉券","","","","","","","","","","","","","","","","","","","","","","","","","","","","","0","0","0","0","0","0"
"600080","4262","128元2倍充值","ff6ddcf6","4","1247","张","0","1","5000","true","0","0","0","0","0","0","0","false","false","false","0","0","1","1","20","0","0","5000000","<T t=""打开可获得："" c=""FFFFF2DF"" f=""simhei-11""></T><T t=""76800仙玉128vip经验"" c=""FF33FF00"" f=""simhei-11""></T>","获得货币","","","","仙玉券","","","","","","","","","","","","","","","","","","","","","","","","","","","","","0","0","0","0","0","0"
"600081","4262","520元2倍充值","ff6ddcf6","4","1247","张","0","1","5000","true","0","0","0","0","0","0","0","false","false","false","0","0","1","1","20","0","0","5000000","<T t=""打开可获得："" c=""FFFFF2DF"" f=""simhei-11""></T><T t=""312000仙玉520VIP经验"" c=""FF33FF00"" f=""simhei-11""></T>","获得货币","","","","仙玉券","","","","","","","","","","","","","","","","","","","","","","","","","","","","","0","0","0","0","0","0"
"600082","4262","1280元2倍充值","ff6ddcf6","4","1247","张","0","1","5000","true","0","0","0","0","0","0","0","false","false","false","0","0","1","1","20","0","0","5000000","<T t=""打开可获得："" c=""FFFFF2DF"" f=""simhei-11""></T><T t=""768000仙玉1280VIP经验"" c=""FF33FF00"" f=""simhei-11""></T>","获得货币","","","","仙玉券","","","","","","","","","","","","","","","","","","","","","","","","","","","","","0","0","0","0","0","0"
"600083","4262","1198元2倍充值（未用）","ff6ddcf6","4","1247","张","0","1","5000","true","0","0","0","0","0","0","0","false","false","false","0","0","1","1","20","0","0","5000000","<T t=""打开可获得："" c=""FFFFF2DF"" f=""simhei-11""></T><T t=""1437600仙玉1198VIP经验"" c=""FF33FF00"" f=""simhei-11""></T>","获得货币","","","","仙玉券","","","","","","","","","","","","","","","","","","","","","","","","","","","","","0","0","0","0","0","0"
"600084","4262","30元充值","ff6ddcf6","4","1247","张","0","1","5000","true","0","0","0","0","0","0","0","false","false","false","0","0","1","1","20","0","0","5000000","<T t=""打开可获得："" c=""FFFFF2DF"" f=""simhei-11""></T><T t=""9000仙玉30VIP经验"" c=""FF33FF00"" f=""simhei-11""></T>","获得货币","","","","仙玉券","","","","","","","","","","","","","","","","","","","","","","","","","","","","","0","0","0","0","0","0"
"600085","4262","98元充值","ff6ddcf6","4","1247","张","0","1","5000","true","0","0","0","0","0","0","0","false","false","false","0","0","1","1","20","0","0","5000000","<T t=""打开可获得："" c=""FFFFF2DF"" f=""simhei-11""></T><T t=""29400仙玉98VIP经验"" c=""FF33FF00"" f=""simhei-11""></T>","获得货币","","","","仙玉券","","","","","","","","","","","","","","","","","","","","","","","","","","","","","0","0","0","0","0","0"
"600086","4262","198元充值","ff6ddcf6","4","1247","张","0","1","5000","true","0","0","0","0","0","0","0","false","false","false","0","0","1","1","20","0","0","5000000","<T t=""打开可获得："" c=""FFFFF2DF"" f=""simhei-11""></T><T t=""59400仙玉198VIP经验"" c=""FF33FF00"" f=""simhei-11""></T>","获得货币","","","","仙玉券","","","","","","","","","","","","","","","","","","","","","","","","","","","","","0","0","0","0","0","0"
"600087","4262","328元充值","ff6ddcf6","4","1247","张","0","1","5000","true","0","0","0","0","0","0","0","false","false","false","0","0","1","1","20","0","0","5000000","<T t=""打开可获得："" c=""FFFFF2DF"" f=""simhei-11""></T><T t=""98400仙玉328VIP经验"" c=""FF33FF00"" f=""simhei-11""></T>","获得货币","","","","仙玉券","","","","","","","","","","","","","","","","","","","","","","","","","","","","","0","0","0","0","0","0"
"600088","4262","648元充值","ff6ddcf6","4","1247","张","0","1","5000","true","0","0","0","0","0","0","0","false","false","false","0","0","1","1","20","0","0","5000000","<T t=""打开可获得："" c=""FFFFF2DF"" f=""simhei-11""></T><T t=""194400仙玉648VIP经验"" c=""FF33FF00"" f=""simhei-11""></T>","获得货币","","","","仙玉券","","","","","","","","","","","","","","","","","","","","","","","","","","","","","0","0","0","0","0","0"
"600089","4262","488元充值（未用）","ff6ddcf6","4","1247","张","0","1","5000","true","0","0","0","0","0","0","0","false","false","false","0","0","1","1","20","0","0","5000000","<T t=""打开可获得："" c=""FFFFF2DF"" f=""simhei-11""></T><T t=""292800仙玉488VIP经验"" c=""FF33FF00"" f=""simhei-11""></T>","获得货币","","","","仙玉券","","","","","","","","","","","","","","","","","","","","","","","","","","","","","0","0","0","0","0","0"
"600090","4262","648元充值（未用）","ff6ddcf6","4","1247","张","0","1","5000","true","0","0","0","0","0","0","0","false","false","false","0","0","1","1","20","0","0","5000000","<T t=""打开可获得："" c=""FFFFF2DF"" f=""simhei-11""></T><T t=""388800仙玉648VIP经验"" c=""FF33FF00"" f=""simhei-11""></T>","获得货币","","","","仙玉券","","","","","","","","","","","","","","","","","","","","","","","","","","","","","0","0","0","0","0","0"
"600091","4262","1198元冲值（未用）","ff6ddcf6","4","1247","张","0","1","5000","true","0","0","0","0","0","0","0","false","false","false","0","0","1","1","20","0","0","5000000","<T t=""打开可获得："" c=""FFFFF2DF"" f=""simhei-11""></T><T t=""718800仙玉1198VIP经验"" c=""FF33FF00"" f=""simhei-11""></T>","获得货币","","","","仙玉券","","","","","","","","","","","","","","","","","","","","","","","","","","","","","0","0","0","0","0","0"
"600092","4262","春节98元4倍充值","ff6ddcf6","4","1247","张","0","1","5000","true","0","0","0","0","0","0","0","false","false","false","0","0","1","1","20","0","0","5000000","<T t=""打开可获得："" c=""FFFFF2DF"" f=""simhei-11""></T><T t=""235200仙玉98vip经验"" c=""FF33FF00"" f=""simhei-11""></T>","获得货币","","","","仙玉券","","","","","","","","","","","","","","","","","","","","","","","","","","","","","0","0","0","0","0","0"
"600093","4262","春节298元4倍充值","ff6ddcf6","4","1247","张","0","1","5000","true","0","0","0","0","0","0","0","false","false","false","0","0","1","1","20","0","0","5000000","<T t=""打开可获得："" c=""FFFFF2DF"" f=""simhei-11""></T><T t=""751200仙玉298VIP经验"" c=""FF33FF00"" f=""simhei-11""></T>","获得货币","","","","仙玉券","","","","","","","","","","","","","","","","","","","","","","","","","","","","","0","0","0","0","0","0"
"600094","4262","春节648元4倍充值","ff6ddcf6","4","1247","张","0","1","5000","true","0","0","0","0","0","0","0","false","false","false","0","0","1","1","20","0","0","5000000","<T t=""打开可获得："" c=""FFFFF2DF"" f=""simhei-11""></T><T t=""1555200仙玉648VIP经验"" c=""FF33FF00"" f=""simhei-11""></T>","获得货币","","","","仙玉券","","","","","","","","","","","","","","","","","","","","","","","","","","","","","0","0","0","0","0","0"
"600095","4262","春节1198元4倍充值","ff6ddcf6","4","1247","张","0","1","5000","true","0","0","0","0","0","0","0","false","false","false","0","0","1","1","20","0","0","5000000","<T t=""打开可获得："" c=""FFFFF2DF"" f=""simhei-11""></T><T t=""2875200仙玉1198VIP经验"" c=""FF33FF00"" f=""simhei-11""></T>","获得货币","","","","仙玉券","","","","","","","","","","","","","","","","","","","","","","","","","","","","","0","0","0","0","0","0"
"600096","4262","春节30元2倍充值","ff6ddcf6","4","1247","张","0","1","5000","true","0","0","0","0","0","0","0","false","false","false","0","0","1","1","20","0","0","5000000","<T t=""打开可获得："" c=""FFFFF2DF"" f=""simhei-11""></T><T t=""36000仙玉30VIP经验"" c=""FF33FF00"" f=""simhei-11""></T>","获得货币","","","","仙玉券","","","","","","","","","","","","","","","","","","","","","","","","","","","","","0","0","0","0","0","0"
"600097","4262","春节68元2倍充值","ff6ddcf6","4","1247","张","0","1","5000","true","0","0","0","0","0","0","0","false","false","false","0","0","1","1","20","0","0","5000000","<T t=""打开可获得："" c=""FFFFF2DF"" f=""simhei-11""></T><T t=""81600仙玉68VIP经验"" c=""FF33FF00"" f=""simhei-11""></T>","获得货币","","","","仙玉券","","","","","","","","","","","","","","","","","","","","","","","","","","","","","0","0","0","0","0","0"
"600098","4262","春节98元2倍充值","ff6ddcf6","4","1247","张","0","1","5000","true","0","0","0","0","0","0","0","false","false","false","0","0","1","1","20","0","0","5000000","<T t=""打开可获得："" c=""FFFFF2DF"" f=""simhei-11""></T><T t=""117600仙玉98VIP经验"" c=""FF33FF00"" f=""simhei-11""></T>","获得货币","","","","仙玉券","","","","","","","","","","","","","","","","","","","","","","","","","","","","","0","0","0","0","0","0"
"600099","4262","春节128元2倍充值","ff6ddcf6","4","1247","张","0","1","5000","true","0","0","0","0","0","0","0","false","false","false","0","0","1","1","20","0","0","5000000","<T t=""打开可获得："" c=""FFFFF2DF"" f=""simhei-11""></T><T t=""153600仙玉128VIP经验"" c=""FF33FF00"" f=""simhei-11""></T>","获得货币","","","","仙玉券","","","","","","","","","","","","","","","","","","","","","","","","","","","","","0","0","0","0","0","0"
"600100","4262","春节298元2倍充值","ff6ddcf6","4","1247","张","0","1","5000","true","0","0","0","0","0","0","0","false","false","false","0","0","1","1","20","0","0","5000000","<T t=""打开可获得："" c=""FFFFF2DF"" f=""simhei-11""></T><T t=""357600仙玉298VIP经验"" c=""FF33FF00"" f=""simhei-11""></T>","获得货币","","","","仙玉券","","","","","","","","","","","","","","","","","","","","","","","","","","","","","0","0","0","0","0","0"
"600101","4262","春节488元2倍充值","ff6ddcf6","4","1247","张","0","1","5000","true","0","0","0","0","0","0","0","false","false","false","0","0","1","1","20","0","0","5000000","<T t=""打开可获得："" c=""FFFFF2DF"" f=""simhei-11""></T><T t=""585600仙玉488VIP经验"" c=""FF33FF00"" f=""simhei-11""></T>","获得货币","","","","仙玉券","","","","","","","","","","","","","","","","","","","","","","","","","","","","","0","0","0","0","0","0"
"600102","4262","春节648元2倍充值","ff6ddcf6","4","1247","张","0","1","5000","true","0","0","0","0","0","0","0","false","false","false","0","0","1","1","20","0","0","5000000","<T t=""打开可获得："" c=""FFFFF2DF"" f=""simhei-11""></T><T t=""777600仙玉648VIP经验"" c=""FF33FF00"" f=""simhei-11""></T>","获得货币","","","","仙玉券","","","","","","","","","","","","","","","","","","","","","","","","","","","","","0","0","0","0","0","0"
"600103","4262","春节1198元2倍冲值","ff6ddcf6","4","1247","张","0","1","5000","true","0","0","0","0","0","0","0","false","false","false","0","0","1","1","20","0","0","5000000","<T t=""打开可获得："" c=""FFFFF2DF"" f=""simhei-11""></T><T t=""1437600仙玉1198VIP经验"" c=""FF33FF00"" f=""simhei-11""></T>","获得货币","","","","仙玉券","","","","","","","","","","","","","","","","","","","","","","","","","","","","","0","0","0","0","0","0"
"600200","4262","鞭炮","ff6ddcf6","4","30307","张","0","1","5000","true","0","0","0","0","0","0","0","false","false","false","0","0","1","1","999","0","0","5000000","<T t=""驱赶年兽获得的，打开随机："" c=""FFFFF2DF"" f=""simhei-11""></T><T t=""获得500到1万不等的仙玉"" c=""FF33FF00"" f=""simhei-11""></T>","点击使用","","","","鞭炮","","","","","","","","","","","","","","","","","","","","","","","","","","","","","0","0","0","0","0","0"
"600201","4518","120级•钨金*18888","ff6ddcf6","4","1752","个","0","1","5500","true","0","0","0","0","0","0","0","false","false","false","0","0","1","1","999","0","0","5000000","打开获得120级钨金18888个","打开获得道具","4","161506","","","","","","","","","","","","","","","","","","","","","","","1","","","","","","","","0","0","0","0","0","0"
"600400","4262","旧综合排名第1名","ff6ddcf6","4","1741","个","0","1","7100","true","0","0","0","0","0","0","0","false","false","false","0","0","1","1","999","0","0","5000000","打开可以获得10W仙玉*6;1W金币*10;100W银币*10;如意锦囊*10;金钥匙*20;120装备自选*1","点击使用","","","","礼包","","","","","","","","","","","","","","","","","","","","","1","","","","","","","","0","0","0","0","0","0"
"600401","4262","旧综合排名第2名","ff6ddcf6","4","1741","个","0","1","7100","true","0","0","0","0","0","0","0","false","false","false","0","0","1","1","999","0","0","5000000","打开可以获得10W仙玉*4;1W金币*8;100W银币*8;如意锦囊*8;金钥匙*15;110装备自选*1","点击使用","","","","礼包","","","","","","","","","","","","","","","","","","","","","1","","","","","","","","0","0","0","0","0","0"
"600402","4262","旧综合排名第3名","ff6ddcf6","4","1741","个","0","1","7100","true","0","0","0","0","0","0","0","false","false","false","0","0","1","1","999","0","0","5000000","打开可以获得10W仙玉*3;1W金币*5;100W银币*5;如意锦囊*5;金钥匙*10;100装备自选*1","点击使用","","","","礼包","","","","","","","","","","","","","","","","","","","","","1","","","","","","","","0","0","0","0","0","0"
"600403","4262","旧综合排名第4名","ff6ddcf6","4","1741","个","0","1","7100","true","0","0","0","0","0","0","0","false","false","false","0","0","1","1","999","0","0","5000000","打开可以获得10W仙玉*2;1W金币*3;100W银币*3;如意锦囊*3;金钥匙*5;90装备自选*1","点击使用","","","","礼包","","","","","","","","","","","","","","","","","","","","","1","","","","","","","","0","0","0","0","0","0"
"600404","4262","旧综合排名第5-10名","ff6ddcf6","4","1741","个","0","1","7100","true","0","0","0","0","0","0","0","false","false","false","0","0","1","1","999","0","0","5000000","打开可以获得1W仙玉*4;1W金币*2;100W银币*2;如意锦囊*2;金钥匙*2;80装备自选*1","点击使用","","","","礼包","","","","","","","","","","","","","","","","","","","","","1","","","","","","","","0","0","0","0","0","0"
"600500","4262","旧人物排名第1名","ff6ddcf6","4","1745","个","0","1","7100","true","0","0","0","0","0","0","0","false","false","false","0","0","1","1","999","0","0","5000000","打开可以获得10W仙玉*4;1W金币*10;100W银币*10;如意锦囊*10;金钥匙*10;100装备自选*1","点击使用","","","","礼包","","","","","","","","","","","","","","","","","","","","","1","","","","","","","","0","0","0","0","0","0"
"600501","4262","旧人物排名第2名","ff6ddcf6","4","1745","个","0","1","7100","true","0","0","0","0","0","0","0","false","false","false","0","0","1","1","999","0","0","5000000","打开可以获得10W仙玉*3;1W金币*7;100W银币*7;如意锦囊*7;金钥匙*7;90装备自选*1","点击使用","","","","礼包","","","","","","","","","","","","","","","","","","","","","1","","","","","","","","0","0","0","0","0","0"
"600502","4262","旧人物排名第3名","ff6ddcf6","4","1745","个","0","1","7100","true","0","0","0","0","0","0","0","false","false","false","0","0","1","1","999","0","0","5000000","打开可以获得10W仙玉*2;1W金币*5;100W银币*5;如意锦囊*5;金钥匙*5;80装备自选*1","点击使用","","","","礼包","","","","","","","","","","","","","","","","","","","","","1","","","","","","","","0","0","0","0","0","0"
"600503","4262","旧人物排名第4名","ff6ddcf6","4","1745","个","0","1","7100","true","0","0","0","0","0","0","0","false","false","false","0","0","1","1","999","0","0","5000000","打开可以获得10W仙玉*1;1W金币*4;100W银币*4;如意锦囊*4;金钥匙*4;70装备自选*1","点击使用","","","","礼包","","","","","","","","","","","","","","","","","","","","","1","","","","","","","","0","0","0","0","0","0"
"600504","4262","旧人物排名第5-10名","ff6ddcf6","4","1745","个","0","1","7100","true","0","0","0","0","0","0","0","false","false","false","0","0","1","1","999","0","0","5000000","打开可以获得1W仙玉*2;1W金币*2;100W银币*2;如意锦囊*2;金钥匙*2;银钥匙*2","点击使用","","","","礼包","","","","","","","","","","","","","","","","","","","","","1","","","","","","","","0","0","0","0","0","0"
"600600","4262","旧宠物排名第1名","ff6ddcf6","4","1741","个","0","1","7100","true","0","0","0","0","0","0","0","false","false","false","0","0","1","1","999","0","0","5000000","打开可以获得10W仙玉*4;1W金币*10;100W银币*10;如意锦囊*10;金钥匙*10;灵仙子排行","点击使用","","","","礼包","","","","","","","","","","","","","","","","","","","","","1","","","","","","","","0","0","0","0","0","0"
"600601","4262","旧宠物排名第2名","ff6ddcf6","4","1741","个","0","1","7100","true","0","0","0","0","0","0","0","false","false","false","0","0","1","1","999","0","0","5000000","打开可以获得10W仙玉*3;1W金币*7;100W银币*7;如意锦囊*7;金钥匙*7;狐一刀排行","点击使用","","","","礼包","","","","","","","","","","","","","","","","","","","","","1","","","","","","","","0","0","0","0","0","0"
"600602","4262","旧宠物排名第3名","ff6ddcf6","4","1741","个","0","1","7100","true","0","0","0","0","0","0","0","false","false","false","0","0","1","1","999","0","0","5000000","打开可以获得10W仙玉*2;1W金币*5;100W银币*5;如意锦囊*5;金钥匙*5;霸天熊猫排行","点击使用","","","","礼包","","","","","","","","","","","","","","","","","","","","","1","","","","","","","","0","0","0","0","0","0"
"600603","4262","旧宠物排名第4名","ff6ddcf6","4","1741","个","0","1","7100","true","0","0","0","0","0","0","0","false","false","false","0","0","1","1","999","0","0","5000000","打开可以获得10W仙玉*1;1W金币*4;100W银币*4;如意锦囊*4;金钥匙*4;汤圆排行","点击使用","","","","礼包","","","","","","","","","","","","","","","","","","","","","1","","","","","","","","0","0","0","0","0","0"
"600604","4262","旧宠物排名第5-10名","ff6ddcf6","4","1741","个","0","1","7100","true","0","0","0","0","0","0","0","false","false","false","0","0","1","1","999","0","0","5000000","打开可以获得1W仙玉*2;1W金币*2;100W银币*2;如意锦囊*2;金钥匙*2;银钥匙*2","点击使用","","","","礼包","","","","","","","","","","","","","","","","","","","","","1","","","","","","","","0","0","0","0","0","0"
"600605","4262","法宝碎片•100","ff6ddcf6","4","1800","个","0","1","7100","true","0","0","0","0","0","0","0","false","false","false","0","0","1","1","999","0","0","5000000","打开可获得100片法宝碎片。","使用获得法宝碎片","","","","碎片","","","","","","","","","","","","","","","","","","","","","1","","","","","","","","0","0","0","0","0","0"
"600700","4262","神兜兜*9999","ff6ddcf6","5","1252","个","0","1","7507","true","0","0","0","0","0","0","0","false","false","false","0","0","1","1","999","0","0","5000000","<T t=""打开获得9999个神兜兜。"" c=""FFFFF2DF"" f=""simhei-11""></T>","使用获得","","","","奇珍","","","","","","","","","","","","","","","","","","","","","1","","","","","","","","0","0","0","0","0","0"
"600606","4262","法宝精华礼包*5","ff6ddcf6","4","1806","个","0","1","7100","true","0","0","0","0","0","0","0","false","false","false","0","0","1","1","999","0","0","5000000","<T t=""打开获得："" c=""FFFFF2DF"" f=""simhei-11""></T><T t=""法宝碎片*5"" c=""FF33FF00"" f=""simhei-11""></T><B></B><T t=""随机获得法宝精华5个。"" c=""FFFFF2DF"" f=""simhei-11""></T>","打开获得法宝精华","","","","礼包","","","","","","","","","","","","","","","","","","","","","1","","","","","","","","0","0","0","0","0","0"
"600607","4262","法宝精魄礼包*5","ff6ddcf6","4","1807","个","0","1","7100","true","0","0","0","0","0","0","0","false","false","false","0","0","1","1","999","0","0","5000000","<T t=""打开获得："" c=""FFFFF2DF"" f=""simhei-11""></T><T t=""法宝碎片*5"" c=""FF33FF00"" f=""simhei-11""></T><B></B><T t=""随机获得法宝精魄5个。"" c=""FFFFF2DF"" f=""simhei-11""></T>","打开获得法宝精魄","","","","礼包","","","","","","","","","","","","","","","","","","","","","1","","","","","","","","0","0","0","0","0","0"
"600608","4518","金柳露*99","ff6ddcf6","4","1182","个","0","1","7100","true","0","0","0","0","0","0","0","false","false","false","0","0","1","1","999","0","0","5000000","使用后获得99个金柳露","打开获得道具","","","","","","","","","","","","","","","","","","","","","","","","","1","","","","","","","","0","0","0","0","0","0"
"600609","4518","九转金丹*99","ff6ddcf6","4","1218","个","0","1","7100","true","0","0","0","0","0","0","0","false","false","false","0","0","1","1","999","0","0","5000000","使用后获得99个九转金丹","打开获得道具","","","","","","","","","","","","","","","","","","","","","","","","","1","","","","","","","","0","0","0","0","0","0"
"600610","4518","修炼果*99","ff6ddcf6","4","1194","个","0","1","7100","true","0","0","0","0","0","0","0","false","false","false","0","0","1","1","999","0","0","5000000","使用后获得99个修炼果","打开获得道具","","","","","","","","","","","","","","","","","","","","","","","","","1","","","","","","","","0","0","0","0","0","0"
"600612","4518","神兜兜*20","ff6ddcf6","4","1230","个","0","1","7100","true","0","0","0","0","0","0","0","false","false","false","0","0","1","1","999","0","0","5000000","使用后获得20个神兜兜","打开获得道具","","","","","","","","","","","","","","","","","","","","","","","","","1","","","","","","","","0","0","0","0","0","0"
"600613","4518","青龙石*20","ff6ddcf6","4","1304","个","0","1","7100","true","0","0","0","0","0","0","0","false","false","false","0","0","1","1","999","0","0","5000000","使用后获得20个青龙石","打开获得道具","","","","","","","","","","","","","","","","","","","","","","","","","1","","","","","","","","0","0","0","0","0","0"
"600614","4518","朱雀石*20","ff6ddcf6","4","1306","个","0","1","7100","true","0","0","0","0","0","0","0","false","false","false","0","0","1","1","999","0","0","5000000","使用后获得20个朱雀石","打开获得道具","","","","","","","","","","","","","","","","","","","","","","","","","1","","","","","","","","0","0","0","0","0","0"
"600615","4518","白虎石*20","ff6ddcf6","4","1305","个","0","1","7100","true","0","0","0","0","0","0","0","false","false","false","0","0","1","1","999","0","0","5000000","使用后获得20个白虎石","打开获得道具","","","","","","","","","","","","","","","","","","","","","","","","","1","","","","","","","","0","0","0","0","0","0"
"600616","4518","玄武石*20","ff6ddcf6","4","1307","个","0","1","7100","true","0","0","0","0","0","0","0","false","false","false","0","0","1","1","999","0","0","5000000","使用后获得20个玄武石","打开获得道具","","","","","","","","","","","","","","","","","","","","","","","","","1","","","","","","","","0","0","0","0","0","0"
"600617","4518","如意锦囊*3","ff6ddcf6","4","1745","个","0","1","7100","true","0","0","0","0","0","0","0","false","false","false","0","0","1","1","999","0","0","5000000","使用后获得3个如意锦囊","打开获得道具","","","","","","","","","","","","","","","","","","","","","","","","","1","","","","","","","","0","0","0","0","0","0"
"600618","4518","高级内丹袋*2","ff6ddcf6","4","1723","个","0","1","7100","true","0","0","0","0","0","0","0","false","false","false","0","0","1","1","999","0","0","5000000","使用后获得2个高级内丹袋","打开获得道具","","","","","","","","","","","","","","","","","","","","","","","","","1","","","","","","","","0","0","0","0","0","0"
"600619","4262","98vip经验","ff6ddcf6","4","1247","张","0","1","5000","true","0","0","0","0","0","0","0","false","false","false","0","0","1","1","20","0","0","5000000","<T t=""打开可获得："" c=""FFFFF2DF"" f=""simhei-11""></T><T t=""18000仙玉30VIP经验"" c=""FF33FF00"" f=""simhei-11""></T>","获得货币","","","","仙玉券","","","","","","","","","","","","","","","","","","","","","","","","","","","","","0","0","0","0","0","0"
"600620","4262","198vip经验","ff6ddcf6","4","1247","张","0","1","5000","true","0","0","0","0","0","0","0","false","false","false","0","0","1","1","20","0","0","5000000","<T t=""打开可获得："" c=""FFFFF2DF"" f=""simhei-11""></T><T t=""18000仙玉30VIP经验"" c=""FF33FF00"" f=""simhei-11""></T>","获得货币","","","","仙玉券","","","","","","","","","","","","","","","","","","","","","","","","","","","","","0","0","0","0","0","0"
"600621","4262","298vip经验","ff6ddcf6","4","1247","张","0","1","5000","true","0","0","0","0","0","0","0","false","false","false","0","0","1","1","20","0","0","5000000","<T t=""打开可获得："" c=""FFFFF2DF"" f=""simhei-11""></T><T t=""18000仙玉30VIP经验"" c=""FF33FF00"" f=""simhei-11""></T>","获得货币","","","","仙玉券","","","","","","","","","","","","","","","","","","","","","","","","","","","","","0","0","0","0","0","0"
"600622","150","自动挂机7天","ff6ddcf6","4","1172","个","0","1","7100","true","0","0","0","0","0","0","0","false","false","false","0","0","1","1","1","0","0","5000000","<T t=""使用获得称谓："" c=""FFFFF2DF"" f=""simhei-11""></T><T t=""全身十三段"" c=""FF6DDCF6"" f=""simhei-11""></T><B></B><T t=""称谓属性："" c=""FFFFF2DF"" f=""simhei-11""></T><T t=""物法伤害+10，物法防御+10"" c=""FF33FF00"" f=""simhei-11""></T>","使用获得称谓","","","","称谓","","","","","","","","","","","","","","","","","","","","","1","","","","","","","","","","","","",""
"600623","150","自动挂机30天","ff6ddcf6","4","1172","个","0","1","7100","true","0","0","0","0","0","0","0","false","false","false","0","0","1","1","1","0","0","5000000","<T t=""使用获得称谓："" c=""FFFFF2DF"" f=""simhei-11""></T><T t=""全身十三段"" c=""FF6DDCF6"" f=""simhei-11""></T><B></B><T t=""称谓属性："" c=""FFFFF2DF"" f=""simhei-11""></T><T t=""物法伤害+10，物法防御+10"" c=""FF33FF00"" f=""simhei-11""></T>","使用获得称谓","","","","称谓","","","","","","","","","","","","","","","","","","","","","1","","","","","","","","","","","","",""
"600624","150","自动挂机永久","ff6ddcf6","4","1172","个","0","1","7100","true","0","0","0","0","0","0","0","false","false","false","0","0","1","1","1","0","0","5000000","<T t=""使用获得称谓："" c=""FFFFF2DF"" f=""simhei-11""></T><T t=""全身十三段"" c=""FF6DDCF6"" f=""simhei-11""></T><B></B><T t=""称谓属性："" c=""FFFFF2DF"" f=""simhei-11""></T><T t=""物法伤害+10，物法防御+10"" c=""FF33FF00"" f=""simhei-11""></T>","使用获得称谓","","","","称谓","","","","","","","","","","","","","","","","","","","","","1","","","","","","","","","","","","",""
"600625","150","自动挂机10分钟体验","ff6ddcf6","4","1172","个","0","1","7100","true","0","0","0","0","0","0","0","false","false","false","0","0","1","1","1","0","0","5000000","<T t=""使用获得称谓："" c=""FFFFF2DF"" f=""simhei-11""></T><T t=""全身十三段"" c=""FF6DDCF6"" f=""simhei-11""></T><B></B><T t=""称谓属性："" c=""FFFFF2DF"" f=""simhei-11""></T><T t=""物法伤害+10，物法防御+10"" c=""FF33FF00"" f=""simhei-11""></T>","使用获得称谓","","","","称谓","","","","","","","","","","","","","","","","","","","","","1","","","","","","","","","","","","",""
"600626","150","尊贵的离线队长365天","ff6ddcf6","4","1172","个","0","1","7100","true","0","0","0","0","0","0","0","false","false","false","0","0","1","1","1","0","0","5000000","<T t=""使用获得称谓："" c=""FFFFF2DF"" f=""simhei-11""></T><T t=""全身十三段"" c=""FF6DDCF6"" f=""simhei-11""></T><B></B><T t=""称谓属性："" c=""FFFFF2DF"" f=""simhei-11""></T><T t=""物法伤害+10，物法防御+10"" c=""FF33FF00"" f=""simhei-11""></T>","使用获得称谓","","","","称谓","","","","","","","","","","","","","","","","","","","","","1","","","","","","","","","","","","",""
"600627","150","尊贵的离线队长7天","ff6ddcf6","4","1172","个","0","1","7100","true","0","0","0","0","0","0","0","false","false","false","0","0","1","1","1","0","0","5000000","<T t=""使用获得称谓："" c=""FFFFF2DF"" f=""simhei-11""></T><T t=""全身十三段"" c=""FF6DDCF6"" f=""simhei-11""></T><B></B><T t=""称谓属性："" c=""FFFFF2DF"" f=""simhei-11""></T><T t=""物法伤害+10，物法防御+10"" c=""FF33FF00"" f=""simhei-11""></T>","使用获得称谓","","","","称谓","","","","","","","","","","","","","","","","","","","","","1","","","","","","","","","","","","",""
"600628","4262","120级制造书随机箱","ff6ddcf6","4","1766","个","0","1","5000","true","0","0","0","0","0","0","0","false","false","false","0","0","1","1","20","0","0","5000000","<T t=""使用后可以随机获得一本120级武器制造书"" c=""FFFFF2DF"" f=""simhei-11""></T>","获得坐骑","","","","礼包","","","","","","","","","","","","","","","","","","","","","1","","","","","","","","0","0","0","0","0","0"
"600629","4262","130级制造书随机箱","ff6ddcf6","4","1766","个","0","1","5000","true","0","0","0","0","0","0","0","false","false","false","0","0","1","1","20","0","0","5000000","<T t=""使用后可以随机获得一本130级武器制造书"" c=""FFFFF2DF"" f=""simhei-11""></T>","获得坐骑","","","","礼包","","","","","","","","","","","","","","","","","","","","","1","","","","","","","","0","0","0","0","0","0"
"600630","4262","140级制造书随机箱","ff6ddcf6","4","1766","个","0","1","5000","true","0","0","0","0","0","0","0","false","false","false","0","0","1","1","20","0","0","5000000","<T t=""使用后可以随机获得一本140级武器制造书"" c=""FFFFF2DF"" f=""simhei-11""></T>","获得坐骑","","","","礼包","","","","","","","","","","","","","","","","","","","","","1","","","","","","","","0","0","0","0","0","0"
"600631","4262","150级制造书随机箱","ff6ddcf6","4","1766","个","0","1","5000","true","0","0","0","0","0","0","0","false","false","false","0","0","1","1","20","0","0","5000000","<T t=""使用后可以随机获得一本150级武器制造书"" c=""FFFFF2DF"" f=""simhei-11""></T>","获得坐骑","","","","礼包","","","","","","","","","","","","","","","","","","","","","1","","","","","","","","0","0","0","0","0","0"
"600632","4262","160级制造书随机箱","ff6ddcf6","4","1766","个","0","1","5000","true","0","0","0","0","0","0","0","false","false","false","0","0","1","1","20","0","0","5000000","<T t=""使用后可以随机获得一本160级武器制造书"" c=""FFFFF2DF"" f=""simhei-11""></T>","获得坐骑","","","","礼包","","","","","","","","","","","","","","","","","","","","","1","","","","","","","","0","0","0","0","0","0"
"600633","4518","神兜兜*10","ff6ddcf6","4","1230","个","0","1","7100","true","0","0","0","0","0","0","0","false","false","false","0","0","1","1","999","0","0","5000000","使用后获得10个神兜兜","打开获得道具","","","","","","","","","","","","","","","","","","","","","","","","","1","","","","","","","","0","0","0","0","0","0"
"600634","150","自动挂机1天","ff6ddcf6","4","1172","个","0","1","7100","true","0","0","0","0","0","0","0","false","false","false","0","0","1","1","1","0","0","5000000","<T t=""使用获得称谓："" c=""FFFFF2DF"" f=""simhei-11""></T><T t=""全身十三段"" c=""FF6DDCF6"" f=""simhei-11""></T><B></B><T t=""称谓属性："" c=""FFFFF2DF"" f=""simhei-11""></T><T t=""物法伤害+10，物法防御+10"" c=""FF33FF00"" f=""simhei-11""></T>","使用获得称谓","","","","称谓","","","","","","","","","","","","","","","","","","","","","1","","","","","","","","","","","","",""
"600635","582","1级四神珠自选礼包","ff6ddcf6","4","1252","个","0","1","7100","true","0","0","0","0","0","0","0","false","false","false","0","0","1","1","999","0","0","5000000","可自由选择1级四神珠一颗","自由选择奖励","","","","宝石","","3","73","","","","","","","","","","","","","","","","","","1","","","","","","","","0","0","0","0","0","0"
"600636","582","2级四神珠自选礼包","ff6ddcf6","4","1252","个","0","1","7100","true","0","0","0","0","0","0","0","false","false","false","0","0","1","1","999","0","0","5000000","可自由选择2级四神珠一颗","自由选择奖励","","","","宝石","","3","73","","","","","","","","","","","","","","","","","","1","","","","","","","","0","0","0","0","0","0"
"600701","4262","30元充值券","ff6ddcf6","4","1247","张","0","1","5000","true","0","0","0","0","0","0","0","false","false","false","0","0","1","1","20","0","0","5000000","<T t=""打开可获得："" c=""FFFFF2DF"" f=""simhei-11""></T><T t=""90000仙玉"" c=""FF33FF00"" f=""simhei-11""></T>","获得货币","","","","仙玉券","","","","","","","","","","","","","","","","","","","","","","","","","","","","","0","0","0","0","0","0"
"600702","4262","68元充值券","ff6ddcf6","4","1247","张","0","1","5000","true","0","0","0","0","0","0","0","false","false","false","0","0","1","1","20","0","0","5000000","<T t=""打开可获得："" c=""FFFFF2DF"" f=""simhei-11""></T><T t=""210000仙玉"" c=""FF33FF00"" f=""simhei-11""></T>","获得货币","","","","仙玉券","","","","","","","","","","","","","","","","","","","","","","","","","","","","","0","0","0","0","0","0"
"600703","4262","98元充值券","ff6ddcf6","4","1247","张","0","1","5000","true","0","0","0","0","0","0","0","false","false","false","0","0","1","1","20","0","0","5000000","<T t=""打开可获得："" c=""FFFFF2DF"" f=""simhei-11""></T><T t=""310000仙玉"" c=""FF33FF00"" f=""simhei-11""></T>","获得货币","","","","仙玉券","","","","","","","","","","","","","","","","","","","","","","","","","","","","","0","0","0","0","0","0"
"600704","4262","198元充值券","ff6ddcf6","4","1247","张","0","1","5000","true","0","0","0","0","0","0","0","false","false","false","0","0","1","1","20","0","0","5000000","<T t=""打开可获得："" c=""FFFFF2DF"" f=""simhei-11""></T><T t=""630000仙玉"" c=""FF33FF00"" f=""simhei-11""></T>","获得货币","","","","仙玉券","","","","","","","","","","","","","","","","","","","","","","","","","","","","","0","0","0","0","0","0"
"600705","4262","258元充值券","ff6ddcf6","4","1247","张","0","1","5000","true","0","0","0","0","0","0","0","false","false","false","0","0","1","1","20","0","0","5000000","<T t=""打开可获得："" c=""FFFFF2DF"" f=""simhei-11""></T><T t=""850000仙玉"" c=""FF33FF00"" f=""simhei-11""></T>","获得货币","","","","仙玉券","","","","","","","","","","","","","","","","","","","","","","","","","","","","","0","0","0","0","0","0"
"600706","4262","549元充值券","ff6ddcf6","4","1247","张","0","1","5000","true","0","0","0","0","0","0","0","false","false","false","0","0","1","1","20","0","0","5000000","<T t=""打开可获得："" c=""FFFFF2DF"" f=""simhei-11""></T><T t=""1860000仙玉"" c=""FF33FF00"" f=""simhei-11""></T>","获得货币","","","","仙玉券","","","","","","","","","","","","","","","","","","","","","","","","","","","","","0","0","0","0","0","0"
"600707","4262","698元充值券","ff6ddcf6","4","1247","张","0","1","5000","true","0","0","0","0","0","0","0","false","false","false","0","0","1","1","20","0","0","5000000","<T t=""打开可获得："" c=""FFFFF2DF"" f=""simhei-11""></T><T t=""2800000仙玉"" c=""FF33FF00"" f=""simhei-11""></T>","获得货币","","","","仙玉券","","","","","","","","","","","","","","","","","","","","","","","","","","","","","0","0","0","0","0","0"
"580020","534","已废除","ff6ddcf6","5","1270","个","0","1","7508","true","0","0","0","0","0","0","0","false","false","false","0","0","1","1","999","0","0","5000000","<T t=""1、"" c=""FFFFF2DF"" f=""simhei-11""></T><T t=""每只宠物只能用4次万灵果"" c=""FF33FF00"" f=""simhei-11""></T><B></B><T t=""2、"" c=""FFFFF2DF"" f=""simhei-11""></T><T t=""购买后放包裹，然后给宠物打技能书百分之百成功并且加一个技能格子，打书成功自动扣除一个万灵果"" c=""FF33FF00"" f=""simhei-11""></T>","增加宠物技能格子","","","","","","","","","","","","","","","","","","","","","","","","","","","","","","","","","","","","","",""
"132132","96","下面是新加变异宠物","ff6ddcf6","4","1158","个","0","90","5500","true","0","0","0","0","0","0","0","false","false","false","0","0","1","1","999","0","0","5000000","下面是新加变异宠物","金钱","","0","使用方法：直接获得金钱","","","0","","","","0","","","","","","","","","","","","","","","1","","","","","","","","0","0","0","0","0","0"
"600801","534","变异幽冥书生","ff6ddcf6","5","30266","个","0","1","7508","true","0","0","0","0","0","0","0","false","false","false","0","0","1","1","99","0","0","5000000","打开可获得变异幽冥书生","使用获得宠物","","","","","","","","","","","","","","","","","","","","","","1","1","","","","","","","","","","0","0","30","0","0","0"
"600802","534","变异巨灵神将","ff6ddcf6","5","30269","个","0","1","7508","true","0","0","0","0","0","0","0","false","false","false","0","0","1","1","99","0","0","5000000","打开可获得变异巨灵神将","使用获得宠物","","","","","","","","","","","","","","","","","","","","","","1","1","","","","","","","","","","0","0","30","0","0","0"
"600803","534","变异巡游天神","ff6ddcf6","5","30273","个","0","1","7508","true","0","0","0","0","0","0","0","false","false","false","0","0","1","1","99","0","0","5000000","打开可获得变异巡游天神","使用获得宠物","","","","","","","","","","","","","","","","","","","","","","1","1","","","","","","","","","","0","0","30","0","0","0"
"600804","534","变异噬天虎","ff6ddcf6","5","30277","个","0","1","7508","true","0","0","0","0","0","0","0","false","false","false","0","0","1","1","99","0","0","5000000","打开可获得变异噬天虎","使用获得宠物","","","","","","","","","","","","","","","","","","","","","","1","1","","","","","","","","","","0","0","30","0","0","0"
"600805","534","变异雾中仙","ff6ddcf6","5","30278","个","0","1","7508","true","0","0","0","0","0","0","0","false","false","false","0","0","1","1","99","0","0","5000000","打开可获得变异雾中仙","使用获得宠物","","","","","","","","","","","","","","","","","","","","","","1","1","","","","","","","","","","0","0","30","0","0","0"
"600806","534","变异灵符女娲","ff6ddcf6","5","30282","个","0","1","7508","true","0","0","0","0","0","0","0","false","false","false","0","0","1","1","99","0","0","5000000","打开可获得变异灵符女娲","使用获得宠物","","","","","","","","","","","","","","","","","","","","","","1","1","","","","","","","","","","0","0","30","0","0","0"
"600807","534","变异律法女娲","ff6ddcf6","5","30283","个","0","1","7508","true","0","0","0","0","0","0","0","false","false","false","0","0","1","1","99","0","0","5000000","打开可获得变异律法女娲","使用获得宠物","","","","","","","","","","","","","","","","","","","","","","1","1","","","","","","","","","","0","0","30","0","0","0"
"600808","534","变异大力金刚","ff6ddcf6","5","30295","个","0","1","7508","true","0","0","0","0","0","0","0","false","false","false","0","0","1","1","99","0","0","5000000","打开可获得变异大力金刚","使用获得宠物","","","","","","","","","","","","","","","","","","","","","","1","1","","","","","","","","","","0","0","30","0","0","0"
"600809","534","变异龙龟","ff6ddcf6","5","30348","个","0","1","7508","true","0","0","0","0","0","0","0","false","false","false","0","0","1","1","99","0","0","5000000","打开可获得变异龙龟","使用获得宠物","","","","","","","","","","","","","","","","","","","","","","1","1","","","","","","","","","","0","0","30","0","0","0"
"600810","534","变异嘲讽","ff6ddcf6","5","30292","个","0","1","7508","true","0","0","0","0","0","0","0","false","false","false","0","0","1","1","99","0","0","5000000","打开可获得变异嘲讽","使用获得宠物","","","","","","","","","","","","","","","","","","","","","","1","1","","","","","","","","","","0","0","30","0","0","0"
"600811","534","变异铜臂","ff6ddcf6","5","30350","个","0","1","7508","true","0","0","0","0","0","0","0","false","false","false","0","0","1","1","99","0","0","5000000","打开可获得变异铜臂","使用获得宠物","","","","","","","","","","","","","","","","","","","","","","1","1","","","","","","","","","","0","0","30","0","0","0"
"600812","534","变异虎力大仙","ff6ddcf6","5","30300","个","0","1","7508","true","0","0","0","0","0","0","0","false","false","false","0","0","1","1","99","0","0","5000000","打开可获得变异虎力大仙","使用获得宠物","","","","","","","","","","","","","","","","","","","","","","1","1","","","","","","","","","","0","0","30","0","0","0"
"600813","534","变异元宝大王","ff6ddcf6","5","30352","个","0","1","7508","true","0","0","0","0","0","0","0","false","false","false","0","0","1","1","99","0","0","5000000","打开可获得元宝大王","使用获得宠物","","","","","","","","","","","","","","","","","","","","","","1","1","","","","","","","","","","0","0","30","0","0","0"
"600814","534","变异启明星","ff6ddcf6","5","30351","个","0","1","7508","true","0","0","0","0","0","0","0","false","false","false","0","0","1","1","99","0","0","5000000","打开可获得启明星","使用获得宠物","","","","","","","","","","","","","","","","","","","","","","1","1","","","","","","","","","","0","0","30","0","0","0"
"600815","534","变异绘舞天女","ff6ddcf6","5","30346","个","0","1","7508","true","0","0","0","0","0","0","0","false","false","false","0","0","1","1","99","0","0","5000000","打开可获得绘舞天女","使用获得宠物","","","","","","","","","","","","","","","","","","","","","","1","1","","","","","","","","","","0","0","30","0","0","0"
"600816","534","变异苏摩罗","ff6ddcf6","5","30349","个","0","1","7508","true","0","0","0","0","0","0","0","false","false","false","0","0","1","1","99","0","0","5000000","打开可获得苏摩罗","使用获得宠物","","","","","","","","","","","","","","","","","","","","","","1","1","","","","","","","","","","0","0","30","0","0","0"
"600817","4262","稀有宠物随机包","ff6ddcf6","5","738","个","0","1","7508","true","0","0","0","0","0","0","0","false","false","false","0","0","1","1","99","0","0","5000000","打开随机可获得稀有变异宠物","使用获得宠物","","","","礼包","","","","","","","","","","","","","","","","","","","","","1","","","","","","","","0","0","0","0","0","0"
"259999","96","下面是新加名人堂奖励","ff6ddcf6","4","1158","个","0","90","5500","true","0","0","0","0","0","0","0","false","false","false","0","0","1","1","1","0","0","5000000","添加新物品需要根据序号排序","金钱","","0","使用方法：直接获得金钱","","","0","","","","0","","","","","","","","","","","","","","","1","","","","","","","","0","0","0","0","0","0"
"600901","4262","综合排名第1名","ff6ddcf6","4","1741","个","0","1","7100","true","0","0","0","0","0","0","0","false","false","false","0","0","1","1","999","0","0","5000000","","点击使用","","","","礼包","","","","","","","","","","","","","","","","","","","","","1","","","","","","","","0","0","0","0","0","0"
"600902","4262","综合排名第2名","ff6ddcf6","4","1741","个","0","1","7100","true","0","0","0","0","0","0","0","false","false","false","0","0","1","1","999","0","0","5000000","","点击使用","","","","礼包","","","","","","","","","","","","","","","","","","","","","1","","","","","","","","0","0","0","0","0","0"
"600903","4262","综合排名第3名","ff6ddcf6","4","1741","个","0","1","7100","true","0","0","0","0","0","0","0","false","false","false","0","0","1","1","999","0","0","5000000","","点击使用","","","","礼包","","","","","","","","","","","","","","","","","","","","","1","","","","","","","","0","0","0","0","0","0"
"600904","4262","综合排名第4名","ff6ddcf6","4","1741","个","0","1","7100","true","0","0","0","0","0","0","0","false","false","false","0","0","1","1","999","0","0","5000000","","点击使用","","","","礼包","","","","","","","","","","","","","","","","","","","","","1","","","","","","","","0","0","0","0","0","0"
"600905","4262","综合排名第5-10名","ff6ddcf6","4","1741","个","0","1","7100","true","0","0","0","0","0","0","0","false","false","false","0","0","1","1","999","0","0","5000000","","点击使用","","","","礼包","","","","","","","","","","","","","","","","","","","","","1","","","","","","","","0","0","0","0","0","0"
"600906","4262","人物排名第1名","ff6ddcf6","4","1745","个","0","1","7100","true","0","0","0","0","0","0","0","false","false","false","0","0","1","1","999","0","0","5000000","","点击使用","","","","礼包","","","","","","","","","","","","","","","","","","","","","1","","","","","","","","0","0","0","0","0","0"
"600907","4262","人物排名第2名","ff6ddcf6","4","1745","个","0","1","7100","true","0","0","0","0","0","0","0","false","false","false","0","0","1","1","999","0","0","5000000","","点击使用","","","","礼包","","","","","","","","","","","","","","","","","","","","","1","","","","","","","","0","0","0","0","0","0"
"600908","4262","人物排名第3名","ff6ddcf6","4","1745","个","0","1","7100","true","0","0","0","0","0","0","0","false","false","false","0","0","1","1","999","0","0","5000000","","点击使用","","","","礼包","","","","","","","","","","","","","","","","","","","","","1","","","","","","","","0","0","0","0","0","0"
"600909","4262","人物排名第4名","ff6ddcf6","4","1745","个","0","1","7100","true","0","0","0","0","0","0","0","false","false","false","0","0","1","1","999","0","0","5000000","","点击使用","","","","礼包","","","","","","","","","","","","","","","","","","","","","1","","","","","","","","0","0","0","0","0","0"
"600910","4262","人物排名第5-10名","ff6ddcf6","4","1745","个","0","1","7100","true","0","0","0","0","0","0","0","false","false","false","0","0","1","1","999","0","0","5000000","","点击使用","","","","礼包","","","","","","","","","","","","","","","","","","","","","1","","","","","","","","0","0","0","0","0","0"
"600911","4262","宠物排名第1名","ff6ddcf6","4","1741","个","0","1","7100","true","0","0","0","0","0","0","0","false","false","false","0","0","1","1","999","0","0","5000000","","点击使用","","","","礼包","","","","","","","","","","","","","","","","","","","","","1","","","","","","","","0","0","0","0","0","0"
"600912","4262","宠物排名第2名","ff6ddcf6","4","1741","个","0","1","7100","true","0","0","0","0","0","0","0","false","false","false","0","0","1","1","999","0","0","5000000","","点击使用","","","","礼包","","","","","","","","","","","","","","","","","","","","","1","","","","","","","","0","0","0","0","0","0"
"600913","4262","宠物排名第3名","ff6ddcf6","4","1741","个","0","1","7100","true","0","0","0","0","0","0","0","false","false","false","0","0","1","1","999","0","0","5000000","","点击使用","","","","礼包","","","","","","","","","","","","","","","","","","","","","1","","","","","","","","0","0","0","0","0","0"
"600914","4262","宠物排名第4名","ff6ddcf6","4","1741","个","0","1","7100","true","0","0","0","0","0","0","0","false","false","false","0","0","1","1","999","0","0","5000000","","点击使用","","","","礼包","","","","","","","","","","","","","","","","","","","","","1","","","","","","","","0","0","0","0","0","0"
"600915","4262","宠物排名第5-10名","ff6ddcf6","4","1741","个","0","1","7100","true","0","0","0","0","0","0","0","false","false","false","0","0","1","1","999","0","0","5000000","","点击使用","","","","礼包","","","","","","","","","","","","","","","","","","","","","1","","","","","","","","0","0","0","0","0","0"
"810010","4262","西瓜","ff6ddcf6","4","1350","个","0","1","7100","true","0","0","0","0","0","0","0","false","false","false","0","0","1","1","999","0","0","5000000","打开可以随机获得金币","打开获得金币","","","","礼包","","","","","","","","","","","","","","","","","","","","","1","","","","","","","","0","0","0","0","0","0"
"810011","4262","雪糕","ff6ddcf6","4","1351","个","0","1","7100","true","0","0","0","0","0","0","0","false","false","false","0","0","1","1","999","0","0","5000000","打开可以随机获得仙玉","打开获得仙玉","","","","礼包","","","","","","","","","","","","","","","","","","","","","1","","","","","","","","0","0","0","0","0","0"
"810012","4262","泡泡王奖励","ff6ddcf6","4","1351","个","0","1","7100","true","0","0","0","0","0","0","0","false","false","false","0","0","1","1","999","0","0","5000000","<T t=""打开可获得："" c=""FFFFF2DF"" f=""simhei-11""></T><T t=""盲盒*2、神兜兜*4、1000仙玉券*2"" c=""FF33FF00"" f=""simhei-11""></T>","打开获得仙玉","","","","礼包","","","","","","","","","","","","","","","","","","","","","1","","","","","","","","0","0","0","0","0","0"
"810013","582","普通宠物专属内丹自选","ff6ddcf6","4","1808","个","0","1","7100","true","0","0","0","0","0","0","0","false","false","false","0","0","1","1","999","0","0","5000000","可自由选择普通宠物专属内丹一个","自由选择奖励","","","","自选礼包","","3","73","","","","","","","","","","","","","","","","","","1","","","","","","","","0","0","0","0","0","0"
"810014","582","稀有珍兽专属内丹自选","ff6ddcf6","4","1808","个","0","1","7100","true","0","0","0","0","0","0","0","false","false","false","0","0","1","1","999","0","0","5000000","可自由选择稀珍兽专属内丹一个","自由选择奖励","","","","自选礼包","","3","73","","","","","","","","","","","","","","","","","","1","","","","","","","","0","0","0","0","0","0"
"","","新物资","","","","","","","","","","","","","","","","","","","","","","","","","","","","","","","","","","","","","","","","","","","","","","","","","","","","","","","","","","","","","","","","","",""
"230001","182","1级红色纹饰","ff6495ED","3","2759","个","0","1","7100","true","0","0","0","0","0","0","0","false","false","false","0","0","1","1","1","0","0","0","三界灼热之气凝结而成的纹饰,可为坐骑统御的召唤灵提供对应属性","坐骑纹饰","","","","","","","","","","","","","","","1","","","","","","","","","5","","","","","","","","","","","","","",""
"230002","182","1级黄色纹饰","ff6495ED","3","2757","个","0","1","7100","true","0","0","0","0","0","0","0","false","false","false","0","0","1","1","1","0","0","0","三界混元之气凝结而成的纹饰,可为坐骑统御的召唤灵提供对应属性","坐骑纹饰","","","","","","","","","","","","","","","1","","","","","","","","","5","","","","","","","","","","","","","",""
"230003","182","1级蓝色纹饰","ff6495ED","3","2758","个","0","1","7100","true","0","0","0","0","0","0","0","false","false","false","0","0","1","1","1","0","0","0","三界轻灵之气凝结而成的纹饰，可为坐骑统御的召唤灵提供对应属性","坐骑纹饰","","","","","","","","","","","","","","","1","","","","","","","","","5","","","","","","","","","","","","","",""
"230004","182","2级红色纹饰","ff6495ED","3","2759","个","0","1","7100","true","0","0","0","0","0","0","0","false","false","false","0","0","1","1","1","0","0","0","三界灼热之气凝结而成的纹饰,可为坐骑统御的召唤灵提供对应属性","坐骑纹饰","","","","","","","","","","","","","","","1","","","","","","","","","5","","","","","","","","","","","","","",""
"230005","182","2级黄色纹饰","ff6495ED","3","2757","个","0","1","7100","true","0","0","0","0","0","0","0","false","false","false","0","0","1","1","1","0","0","0","三界混元之气凝结而成的纹饰,可为坐骑统御的召唤灵提供对应属性","坐骑纹饰","","","","","","","","","","","","","","","1","","","","","","","","","5","","","","","","","","","","","","","",""
"230006","182","2级蓝色纹饰","ff6495ED","3","2758","个","0","1","7100","true","0","0","0","0","0","0","0","false","false","false","0","0","1","1","1","0","0","0","三界轻灵之气凝结而成的纹饰，可为坐骑统御的召唤灵提供对应属性","坐骑纹饰","","","","","","","","","","","","","","","1","","","","","","","","","5","","","","","","","","","","","","","",""
"230007","182","3级红色纹饰","ff6495ED","3","2759","个","0","1","7100","true","0","0","0","0","0","0","0","false","false","false","0","0","1","1","1","0","0","0","三界灼热之气凝结而成的纹饰,可为坐骑统御的召唤灵提供对应属性","坐骑纹饰","","","","","","","","","","","","","","","1","","","","","","","","","5","","","","","","","","","","","","","",""
"230008","182","3级黄色纹饰","ff6495ED","3","2757","个","0","1","7100","true","0","0","0","0","0","0","0","false","false","false","0","0","1","1","1","0","0","0","三界混元之气凝结而成的纹饰,可为坐骑统御的召唤灵提供对应属性","坐骑纹饰","","","","","","","","","","","","","","","1","","","","","","","","","5","","","","","","","","","","","","","",""
"230009","182","3级蓝色纹饰","ff6495ED","3","2758","个","0","1","7100","true","0","0","0","0","0","0","0","false","false","false","0","0","1","1","1","0","0","0","三界轻灵之气凝结而成的纹饰，可为坐骑统御的召唤灵提供对应属性","坐骑纹饰","","","","","","","","","","","","","","","1","","","","","","","","","5","","","","","","","","","","","","","",""
"240007","4694","进阶•玄天石","ff6ddcf6","5","1098","颗","0","1","7506","true","1","1","0","0","0","0","0","false","false","false","0","0","1","1","999999","0","0","5000000","<T t=""传闻上古时期，此物用于补天，后经天庭开采流入人间。用于灵珠进阶。"" c=""fffff2df"" f=""simhei-11""></T>","灵珠进阶","","","","进阶材料","","3","79","","","","","","","","2","7","","","","","","","","0","1","","","","","","","","0","0","0","0","0","0"
"240008","4694","进阶•超级神锤","ff6ddcf6","5","1302","颗","0","1","7506","true","1","1","0","0","0","0","0","false","false","false","0","0","1","1","999999","0","0","5000000","<T t=""用于高阶宝石进阶。"" c=""fffff2df"" f=""simhei-11""></T>","宝石进阶","","","","进阶材料","","3","79","","","","","","","","2","7","","","","","","","","0","1","","","","","","","","0","0","0","0","0","0"
"240009","4694","万灵果","ff6ddcf6","5","1270","个","0","1","7507","true","1","1","0","0","0","0","0","false","false","false","0","0","1","1","99999","0","0","5000000","<T t=""1、"" c=""FFFFF2DF"" f=""simhei-11""></T><T t=""每只宠物最多能领悟到16技能"" c=""FF33FF00"" f=""simhei-11""></T><B></B><T t=""2、"" c=""FFFFF2DF"" f=""simhei-11""></T><T t=""在宠物领悟界面显示，可以替换心仪技能哦！"" c=""FF33FF00"" f=""simhei-11""></T>","领悟道具","","","点击物品使用","奇珍","","1","161509","","","","","","","","","","","","","","","","","1","1","7","","","","","","","0","0","0","0","0","0"
"240010","2470","专属法宝碎片1","ff6ddcf6","5","3202","个","0","1","7502","true","1","1","0","0","0","0","0","false","false","false","0","0","1","1","999","0","0","5000000","收集碎片可以用来兑宠物爱吃的棒棒糖","收集卡标","","","","材料","","","","","","","","","","","","","","","","","","","","","","","","","","","","","0","0","0","0","0","0"
"240011","2470","专属法宝碎片2","ff6ddcf6","5","3207","个","0","1","7502","true","1","1","0","0","0","0","0","false","false","false","0","0","1","1","999","0","0","5000000","收集碎片可以用来兑宠物爱吃的棒棒糖","收集卡标","","","","材料","","","","","","","","","","","","","","","","","","","","","","","","","","","","","0","0","0","0","0","0"
"240012","2470","专属法宝碎片3","ff6ddcf6","5","3194","个","0","1","7502","true","1","1","0","0","0","0","0","false","false","false","0","0","1","1","999","0","0","5000000","收集碎片可以用来兑宠物爱吃的棒棒糖","收集卡标","","","","材料","","","","","","","","","","","","","","","","","","","","","","","","","","","","","0","0","0","0","0","0"
"240013","2470","专属法宝碎片4","ff6ddcf6","5","3200","个","0","1","7502","true","1","1","0","0","0","0","0","false","false","false","0","0","1","1","999","0","0","5000000","收集碎片可以用来兑宠物爱吃的棒棒糖","收集卡标","","","","材料","","","","","","","","","","","","","","","","","","","","","","","","","","","","","0","0","0","0","0","0"
"240014","2470","蚩尤卡标5","ff6ddcf6","5","3200","个","0","1","7502","true","1","1","0","0","0","0","0","false","false","false","0","0","1","1","999","0","0","5000000","收集碎片可以用来兑宠物爱吃的棒棒糖","收集卡标","","","","材料","","","","","","","","","","","","","","","","","","","","","","","","","","","","","0","0","0","0","0","0"
"240015","2470","棒棒糖碎片1","ff6ddcf6","5","3197","个","0","1","7502","true","1","1","0","0","0","0","0","false","false","false","0","0","1","1","999","0","0","5000000","收集碎片可以用来兑换专属门派法宝","收集卡标","","","","材料","","","","","","","","","","","","","","","","","","","","","","","","","","","","","0","0","0","0","0","0"
"240016","2470","棒棒糖碎片2","ff6ddcf6","5","3198","个","0","1","7502","true","1","1","0","0","0","0","0","false","false","false","0","0","1","1","999","0","0","5000000","收集碎片可以用来兑换专属门派法宝","收集卡标","","","","材料","","","","","","","","","","","","","","","","","","","","","","","","","","","","","0","0","0","0","0","0"
"240017","2470","棒棒糖碎片3","ff6ddcf6","5","3193","个","0","1","7502","true","1","1","0","0","0","0","0","false","false","false","0","0","1","1","999","0","0","5000000","收集碎片可以用来兑换专属门派法宝","收集卡标","","","","材料","","","","","","","","","","","","","","","","","","","","","","","","","","","","","0","0","0","0","0","0"
"240018","2470","棒棒糖碎片4","ff6ddcf6","5","3199","个","0","1","7502","true","1","1","0","0","0","0","0","false","false","false","0","0","1","1","999","0","0","5000000","收集碎片可以用来兑换专属门派法宝","收集卡标","","","","材料","","","","","","","","","","","","","","","","","","","","","","","","","","","","","0","0","0","0","0","0"
"240019","2470","自在天魔卡标5","ff6ddcf6","5","3199","个","0","1","7502","true","1","1","0","0","0","0","0","false","false","false","0","0","1","1","999","0","0","5000000","收集碎片可以用来兑换专属门派法宝","收集卡标","","","","材料","","","","","","","","","","","","","","","","","","","","","","","","","","","","","0","0","0","0","0","0"
"","","神兜兜礼包","","","","","","","","","","","","","","","","","","","","","","","","","","","","","","","","","","","","","","","","","","","","","","","","","","","","","","","","","","","","","","","","","",""
"760001","4262","神兜兜*50000","ff6ddcf6","5","1230","个","0","1","7507","true","0","0","0","0","0","0","0","false","false","false","0","0","1","1","999","0","0","5000000","<T t=""打开获得50000个神兜兜。"" c=""FFFFF2DF"" f=""simhei-11""></T>","使用获得","","","","奇珍","","","","","","","","","","","","","","","","","","","","","1","","","","","","","","0","0","0","0","0","0"
"760002","4262","神兜兜*100000","ff6ddcf6","5","1230","个","0","1","7507","true","0","0","0","0","0","0","0","false","false","false","0","0","1","1","999999","0","0","5000000","<T t=""打开获得100000个神兜兜。"" c=""FFFFF2DF"" f=""simhei-11""></T>","使用获得","","","","奇珍","","","","","","","","","","","","","","","","","","","","","1","","","","","","","","0","0","0","0","0","0"
"760003","4262","神兜兜*100","ff6ddcf6","5","1230","个","0","1","7507","true","0","0","0","0","0","0","0","false","false","false","0","0","1","1","999","0","0","5000000","<T t=""打开获得100个神兜兜。"" c=""FFFFF2DF"" f=""simhei-11""></T>","使用获得","","","","奇珍","","","","","","","","","","","","","","","","","","","","","1","","","","","","","","0","0","0","0","0","0"
"760004","4262","神兜兜*200","ff6ddcf6","5","1230","个","0","1","7507","true","0","0","0","0","0","0","0","false","false","false","0","0","1","1","999","0","0","5000000","<T t=""打开获得200个神兜兜。"" c=""FFFFF2DF"" f=""simhei-11""></T>","使用获得","","","","奇珍","","","","","","","","","","","","","","","","","","","","","1","","","","","","","","0","0","0","0","0","0"
"760005","4262","神兜兜*500","ff6ddcf6","5","1230","个","0","1","7507","true","0","0","0","0","0","0","0","false","false","false","0","0","1","1","999","0","0","5000000","<T t=""打开获得500个神兜兜。"" c=""FFFFF2DF"" f=""simhei-11""></T>","使用获得","","","","奇珍","","","","","","","","","","","","","","","","","","","","","1","","","","","","","","0","0","0","0","0","0"
"760006","4262","神兜兜*666","ff6ddcf6","5","1230","个","0","1","7507","true","0","0","0","0","0","0","0","false","false","false","0","0","1","1","999","0","0","5000000","<T t=""打开获得666个神兜兜。"" c=""FFFFF2DF"" f=""simhei-11""></T>","使用获得","","","","奇珍","","","","","","","","","","","","","","","","","","","","","1","","","","","","","","0","0","0","0","0","0"
"760007","4262","神兜兜*888","ff6ddcf6","5","1230","个","0","1","7507","true","0","0","0","0","0","0","0","false","false","false","0","0","1","1","999","0","0","5000000","<T t=""打开获得888个神兜兜。"" c=""FFFFF2DF"" f=""simhei-11""></T>","使用获得","","","","奇珍","","","","","","","","","","","","","","","","","","","","","1","","","","","","","","0","0","0","0","0","0"
"760008","4262","神兜兜*999","ff6ddcf6","5","1230","个","0","1","7507","true","0","0","0","0","0","0","0","false","false","false","0","0","1","1","999","0","0","5000000","<T t=""打开获得999个神兜兜。"" c=""FFFFF2DF"" f=""simhei-11""></T>","使用获得","","","","奇珍","","","","","","","","","","","","","","","","","","","","","1","","","","","","","","0","0","0","0","0","0"
"760009","4262","神兜兜*1999","ff6ddcf6","5","1230","个","0","1","7507","true","0","0","0","0","0","0","0","false","false","false","0","0","1","1","999","0","0","5000000","<T t=""打开获得1999个神兜兜。"" c=""FFFFF2DF"" f=""simhei-11""></T>","使用获得","","","","奇珍","","","","","","","","","","","","","","","","","","","","","1","","","","","","","","0","0","0","0","0","0"
"760010","4262","神兜兜*4999","ff6ddcf6","5","1230","个","0","1","7507","true","0","0","0","0","0","0","0","false","false","false","0","0","1","1","999","0","0","5000000","<T t=""打开获得4999个神兜兜。"" c=""FFFFF2DF"" f=""simhei-11""></T>","使用获得","","","","奇珍","","","","","","","","","","","","","","","","","","","","","1","","","","","","","","0","0","0","0","0","0"
"","4694","新器灵","ff6ddcf6","5","1281","个","0","1","7507","true","1","1","0","0","0","0","0","false","false","false","0","0","1","1","1","0","0","5000000","用于器灵镶嵌","器灵镶嵌","","","","","","3","80","","","","","","","","2","7","","","","","","","","1","1","30","","","","","","","0","0","0","0","0","0"
"920000","4694","器灵•逆鳞","ff6ddcf6","5","1281","个","0","1","7507","true","1","1","0","0","0","0","0","false","false","false","0","0","1","1","99","0","0","5000000","<T t=""器灵属性"" c=""FFFFFF00"" f=""simhei-11""></T><B></B><T t=""  物理伤害 +3%"" c=""FF00FF00"" f=""simhei-11""></T><B></B><T t="""" c=""FF00FF00"" f=""simhei-11""></T><T t=""  法术伤害 +3%"" c=""FF00FF00"" f=""simhei-11""></T><B></B><T t=""  气血 +6%"" c=""FF00FF00"" f=""simhei-11""></T><B></B><B></B><T t=""器灵宝珠："" c=""FFFFFF00"" f=""simhei-11""></T><T t=""来自天工阁的墨家巨匠们倾尽心血制作而出的宝珠。"" c=""FFFFF3DF"" f=""simhei-11""></T>","器灵镶嵌","","","点击物品使用","器灵","","3","80","","","","","","","","2","7","","","","","","","","1","1","7","","物理伤害 +3%","法术伤害 +3%","气血 +6%","","","0","0","0","0","0","0"
"920001","4694","器灵•顺甲","ff6ddcf6","5","1281","个","0","1","7507","true","1","1","0","0","0","0","0","false","false","false","0","0","1","1","99","0","0","5000000","<T t=""器灵属性"" c=""FFFFFF00"" f=""simhei-11""></T><B></B><T t=""  物理伤害 +3%"" c=""FF00FF00"" f=""simhei-11""></T><B></B><T t="""" c=""FF00FF00"" f=""simhei-11""></T><T t=""  法术伤害 +3%"" c=""FF00FF00"" f=""simhei-11""></T><B></B><T t=""  速度 +3%"" c=""FF00FF00"" f=""simhei-11""></T><B></B><B></B><T t=""器灵宝珠："" c=""FFFFFF00"" f=""simhei-11""></T><T t=""来自天工阁的墨家巨匠们倾尽心血制作而出的宝珠。"" c=""FFFFF3DF"" f=""simhei-11""></T>","器灵镶嵌","","","点击物品使用","器灵","","3","80","","","","","","","","2","7","","","","","","","","1","1","7","","物理伤害 +3%","法术伤害 +3%","速度 +3%","","","0","0","0","0","0","0"
"920002","4694","器灵•安陆","ff6ddcf6","5","1281","个","0","1","7507","true","1","1","0","0","0","0","0","false","false","false","0","0","1","1","99","0","0","5000000","<T t=""器灵属性"" c=""FFFFFF00"" f=""simhei-11""></T><B></B><T t=""  物理防御 +3%"" c=""FF00FF00"" f=""simhei-11""></T><B></B><T t="""" c=""FF00FF00"" f=""simhei-11""></T><T t=""  法术防御 +3%"" c=""FF00FF00"" f=""simhei-11""></T><B></B><T t=""  气血 +6%"" c=""FF00FF00"" f=""simhei-11""></T><B></B><B></B><T t=""器灵宝珠："" c=""FFFFFF00"" f=""simhei-11""></T><T t=""来自天工阁的墨家巨匠们倾尽心血制作而出的宝珠。"" c=""FFFFF3DF"" f=""simhei-11""></T>","器灵镶嵌","","","点击物品使用","器灵","","3","80","","","","","","","","2","7","","","","","","","","1","1","7","","物理防御 +3%","法术防御 +3%","气血 +6%","","","0","0","0","0","0","0"
"920003","4694","器灵•齐云","ff6ddcf6","5","1281","个","0","1","7507","true","1","1","0","0","0","0","0","false","false","false","0","0","1","1","99","0","0","5000000","<T t=""器灵属性"" c=""FFFFFF00"" f=""simhei-11""></T><B></B><T t=""  物理防御 +3%"" c=""FF00FF00"" f=""simhei-11""></T><B></B><T t="""" c=""FF00FF00"" f=""simhei-11""></T><T t=""  法术防御 +3%"" c=""FF00FF00"" f=""simhei-11""></T><B></B><T t=""  速度 +3%"" c=""FF00FF00"" f=""simhei-11""></T><B></B><B></B><T t=""器灵宝珠："" c=""FFFFFF00"" f=""simhei-11""></T><T t=""来自天工阁的墨家巨匠们倾尽心血制作而出的宝珠。"" c=""FFFFF3DF"" f=""simhei-11""></T>","器灵镶嵌","","","点击物品使用","器灵","","3","80","","","","","","","","2","7","","","","","","","","1","1","7","","物理防御 +3%","法术防御 +3%","速度 +3%","","","0","0","0","0","0","0"
"920004","4694","器灵•照夜","ff6ddcf6","5","1281","个","0","1","7507","true","1","1","0","0","0","0","0","false","false","false","0","0","1","1","99","0","0","5000000","<T t=""器灵属性"" c=""FFFFFF00"" f=""simhei-11""></T><B></B><T t=""  物理伤害 +4%"" c=""FF00FF00"" f=""simhei-11""></T><B></B><T t="""" c=""FF00FF00"" f=""simhei-11""></T><T t=""  法术伤害 +4%"" c=""FF00FF00"" f=""simhei-11""></T><B></B><T t=""  气血 +7%"" c=""FF00FF00"" f=""simhei-11""></T><B></B><B></B><T t=""器灵宝珠："" c=""FFFFFF00"" f=""simhei-11""></T><T t=""来自天工阁的墨家巨匠们倾尽心血制作而出的宝珠。"" c=""FFFFF4DF"" f=""simhei-11""></T>","器灵镶嵌","","","点击物品使用","器灵","","3","80","","","","","","","","2","7","","","","","","","","1","1","7","","物理伤害 +4%","法术伤害 +4%","气血 +7%","","","0","0","0","0","0","0"
"920005","4694","器灵•青岚","ff6ddcf6","5","1281","个","0","1","7507","true","1","1","0","0","0","0","0","false","false","false","0","0","1","1","99","0","0","5000000","<T t=""器灵属性"" c=""FFFFFF00"" f=""simhei-11""></T><B></B><T t=""  物理伤害 +4%"" c=""FF00FF00"" f=""simhei-11""></T><B></B><T t="""" c=""FF00FF00"" f=""simhei-11""></T><T t=""  法术伤害 +4%"" c=""FF00FF00"" f=""simhei-11""></T><B></B><T t=""  速度 +4%"" c=""FF00FF00"" f=""simhei-11""></T><B></B><B></B><T t=""器灵宝珠："" c=""FFFFFF00"" f=""simhei-11""></T><T t=""来自天工阁的墨家巨匠们倾尽心血制作而出的宝珠。"" c=""FFFFF4DF"" f=""simhei-11""></T>","器灵镶嵌","","","点击物品使用","器灵","","3","80","","","","","","","","2","7","","","","","","","","1","1","7","","物理伤害 +4%","法术伤害 +4%","速度 +4%","","","0","0","0","0","0","0"
"920006","4694","器灵•灵泽","ff6ddcf6","5","1281","个","0","1","7507","true","1","1","0","0","0","0","0","false","false","false","0","0","1","1","99","0","0","5000000","<T t=""器灵属性"" c=""FFFFFF00"" f=""simhei-11""></T><B></B><T t=""  物理防御 +4%"" c=""FF00FF00"" f=""simhei-11""></T><B></B><T t="""" c=""FF00FF00"" f=""simhei-11""></T><T t=""  法术防御 +4%"" c=""FF00FF00"" f=""simhei-11""></T><B></B><T t=""  气血 +7%"" c=""FF00FF00"" f=""simhei-11""></T><B></B><B></B><T t=""器灵宝珠："" c=""FFFFFF00"" f=""simhei-11""></T><T t=""来自天工阁的墨家巨匠们倾尽心血制作而出的宝珠。"" c=""FFFFF4DF"" f=""simhei-11""></T>","器灵镶嵌","","","点击物品使用","器灵","","3","80","","","","","","","","2","7","","","","","","","","1","1","7","","物理防御 +4%","法术防御 +4%","气血 +7%","","","0","0","0","0","0","0"
"920007","4694","器灵•霁华","ff6ddcf6","5","1281","个","0","1","7507","true","1","1","0","0","0","0","0","false","false","false","0","0","1","1","99","0","0","5000000","<T t=""器灵属性"" c=""FFFFFF00"" f=""simhei-11""></T><B></B><T t=""  物理防御 +4%"" c=""FF00FF00"" f=""simhei-11""></T><B></B><T t="""" c=""FF00FF00"" f=""simhei-11""></T><T t=""  法术防御 +4%"" c=""FF00FF00"" f=""simhei-11""></T><B></B><T t=""  速度 +4%"" c=""FF00FF00"" f=""simhei-11""></T><B></B><B></B><T t=""器灵宝珠："" c=""FFFFFF00"" f=""simhei-11""></T><T t=""来自天工阁的墨家巨匠们倾尽心血制作而出的宝珠。"" c=""FFFFF4DF"" f=""simhei-11""></T>","器灵镶嵌","","","点击物品使用","器灵","","3","80","","","","","","","","2","7","","","","","","","","1","1","7","","物理防御 +4%","法术防御 +4%","速度 +4%","","","0","0","0","0","0","0"
"920008","4694","器灵•纤凝","ff6ddcf6","5","1281","个","0","1","7507","true","1","1","0","0","0","0","0","false","false","false","0","0","1","1","99","0","0","5000000","<T t=""器灵属性"" c=""FFFFFF00"" f=""simhei-11""></T><B></B><T t=""  物理伤害 +5%"" c=""FF00FF00"" f=""simhei-11""></T><B></B><T t="""" c=""FF00FF00"" f=""simhei-11""></T><T t=""  法术伤害 +5%"" c=""FF00FF00"" f=""simhei-11""></T><B></B><T t=""  气血 +8%"" c=""FF00FF00"" f=""simhei-11""></T><B></B><B></B><T t=""器灵宝珠："" c=""FFFFFF00"" f=""simhei-11""></T><T t=""来自天工阁的墨家巨匠们倾尽心血制作而出的宝珠。"" c=""FFFFF5DF"" f=""simhei-11""></T>","器灵镶嵌","","","点击物品使用","器灵","","3","80","","","","","","","","2","7","","","","","","","","1","1","7","","物理伤害 +5%","法术伤害 +5%","气血 +8%","","","0","0","0","0","0","0"
"920009","4694","器灵•山骨","ff6ddcf6","5","1281","个","0","1","7507","true","1","1","0","0","0","0","0","false","false","false","0","0","1","1","99","0","0","5000000","<T t=""器灵属性"" c=""FFFFFF00"" f=""simhei-11""></T><B></B><T t=""  物理伤害 +5%"" c=""FF00FF00"" f=""simhei-11""></T><B></B><T t="""" c=""FF00FF00"" f=""simhei-11""></T><T t=""  法术伤害 +5%"" c=""FF00FF00"" f=""simhei-11""></T><B></B><T t=""  速度 +5%"" c=""FF00FF00"" f=""simhei-11""></T><B></B><B></B><T t=""器灵宝珠："" c=""FFFFFF00"" f=""simhei-11""></T><T t=""来自天工阁的墨家巨匠们倾尽心血制作而出的宝珠。"" c=""FFFFF5DF"" f=""simhei-11""></T>","器灵镶嵌","","","点击物品使用","器灵","","3","80","","","","","","","","2","7","","","","","","","","1","1","7","","物理伤害 +5%","法术伤害 +5%","速度 +5%","","","0","0","0","0","0","0"
"920010","4694","器灵•缥缃","ff6ddcf6","5","1281","个","0","1","7507","true","1","1","0","0","0","0","0","false","false","false","0","0","1","1","99","0","0","5000000","<T t=""器灵属性"" c=""FFFFFF00"" f=""simhei-11""></T><B></B><T t=""  物理防御 +5%"" c=""FF00FF00"" f=""simhei-11""></T><B></B><T t="""" c=""FF00FF00"" f=""simhei-11""></T><T t=""  法术防御 +5%"" c=""FF00FF00"" f=""simhei-11""></T><B></B><T t=""  气血 +8%"" c=""FF00FF00"" f=""simhei-11""></T><B></B><B></B><T t=""器灵宝珠："" c=""FFFFFF00"" f=""simhei-11""></T><T t=""来自天工阁的墨家巨匠们倾尽心血制作而出的宝珠。"" c=""FFFFF5DF"" f=""simhei-11""></T>","器灵镶嵌","","","点击物品使用","器灵","","3","80","","","","","","","","2","7","","","","","","","","1","1","7","","物理防御 +5%","法术防御 +5%","气血 +8%","","","0","0","0","0","0","0"
"920011","4694","器灵•翠微","ff6ddcf6","5","1281","个","0","1","7507","true","1","1","0","0","0","0","0","false","false","false","0","0","1","1","99","0","0","5000000","<T t=""器灵属性"" c=""FFFFFF00"" f=""simhei-11""></T><B></B><T t=""  物理防御 +5%"" c=""FF00FF00"" f=""simhei-11""></T><B></B><T t="""" c=""FF00FF00"" f=""simhei-11""></T><T t=""  法术防御 +5%"" c=""FF00FF00"" f=""simhei-11""></T><B></B><T t=""  速度 +5%"" c=""FF00FF00"" f=""simhei-11""></T><B></B><B></B><T t=""器灵宝珠："" c=""FFFFFF00"" f=""simhei-11""></T><T t=""来自天工阁的墨家巨匠们倾尽心血制作而出的宝珠。"" c=""FFFFF5DF"" f=""simhei-11""></T>","器灵镶嵌","","","点击物品使用","器灵","","3","80","","","","","","","","2","7","","","","","","","","1","1","7","","物理防御 +5%","法术防御 +5%","速度 +5%","","","0","0","0","0","0","0"
"920012","4694","器灵•鹿梦","ff6ddcf6","5","1281","个","0","1","7507","true","1","1","0","0","0","0","0","false","false","false","0","0","1","1","99","0","0","5000000","<T t=""器灵属性"" c=""FFFFFF00"" f=""simhei-11""></T><B></B><T t=""  物理伤害 +6%"" c=""FF00FF00"" f=""simhei-11""></T><B></B><T t="""" c=""FF00FF00"" f=""simhei-11""></T><T t=""  法术伤害 +6%"" c=""FF00FF00"" f=""simhei-11""></T><B></B><T t=""  气血 +9%"" c=""FF00FF00"" f=""simhei-11""></T><B></B><B></B><T t=""器灵宝珠："" c=""FFFFFF00"" f=""simhei-11""></T><T t=""来自天工阁的墨家巨匠们倾尽心血制作而出的宝珠。"" c=""FFFFF6DF"" f=""simhei-11""></T>","器灵镶嵌","","","点击物品使用","器灵","","3","80","","","","","","","","2","7","","","","","","","","1","1","7","","物理伤害 +6%","法术伤害 +6%","气血 +9%","","","0","0","0","0","0","0"
"920013","4694","器灵•扶疏","ff6ddcf6","5","1281","个","0","1","7507","true","1","1","0","0","0","0","0","false","false","false","0","0","1","1","99","0","0","5000000","<T t=""器灵属性"" c=""FFFFFF00"" f=""simhei-11""></T><B></B><T t=""  物理伤害 +6%"" c=""FF00FF00"" f=""simhei-11""></T><B></B><T t="""" c=""FF00FF00"" f=""simhei-11""></T><T t=""  法术伤害 +6%"" c=""FF00FF00"" f=""simhei-11""></T><B></B><T t=""  速度 +6%"" c=""FF00FF00"" f=""simhei-11""></T><B></B><B></B><T t=""器灵宝珠："" c=""FFFFFF00"" f=""simhei-11""></T><T t=""来自天工阁的墨家巨匠们倾尽心血制作而出的宝珠。"" c=""FFFFF6DF"" f=""simhei-11""></T>","器灵镶嵌","","","点击物品使用","器灵","","3","80","","","","","","","","2","7","","","","","","","","1","1","7","","物理伤害 +6%","法术伤害 +6%","速度 +6%","","","0","0","0","0","0","0"
"920014","4694","器灵•绮陌","ff6ddcf6","5","1281","个","0","1","7507","true","1","1","0","0","0","0","0","false","false","false","0","0","1","1","99","0","0","5000000","<T t=""器灵属性"" c=""FFFFFF00"" f=""simhei-11""></T><B></B><T t=""  物理防御 +6%"" c=""FF00FF00"" f=""simhei-11""></T><B></B><T t="""" c=""FF00FF00"" f=""simhei-11""></T><T t=""  法术防御 +6%"" c=""FF00FF00"" f=""simhei-11""></T><B></B><T t=""  气血 +9%"" c=""FF00FF00"" f=""simhei-11""></T><B></B><B></B><T t=""器灵宝珠："" c=""FFFFFF00"" f=""simhei-11""></T><T t=""来自天工阁的墨家巨匠们倾尽心血制作而出的宝珠。"" c=""FFFFF6DF"" f=""simhei-11""></T>","器灵镶嵌","","","点击物品使用","器灵","","3","80","","","","","","","","2","7","","","","","","","","1","1","7","","物理防御 +6%","法术防御 +6%","气血 +9%","","","0","0","0","0","0","0"
"920015","4694","器灵•望舒","ff6ddcf6","5","1281","个","0","1","7507","true","1","1","0","0","0","0","0","false","false","false","0","0","1","1","99","0","0","5000000","<T t=""器灵属性"" c=""FFFFFF00"" f=""simhei-11""></T><B></B><T t=""  物理防御 +6%"" c=""FF00FF00"" f=""simhei-11""></T><B></B><T t="""" c=""FF00FF00"" f=""simhei-11""></T><T t=""  法术防御 +6%"" c=""FF00FF00"" f=""simhei-11""></T><B></B><T t=""  速度 +6%"" c=""FF00FF00"" f=""simhei-11""></T><B></B><B></B><T t=""器灵宝珠："" c=""FFFFFF00"" f=""simhei-11""></T><T t=""来自天工阁的墨家巨匠们倾尽心血制作而出的宝珠。"" c=""FFFFF6DF"" f=""simhei-11""></T>","器灵镶嵌","","","点击物品使用","器灵","","3","80","","","","","","","","2","7","","","","","","","","1","1","7","","物理防御 +6%","法术防御 +6%","速度 +6%","","","0","0","0","0","0","0"
"920016","4694","器灵•汀兰","ff6ddcf6","5","1281","个","0","1","7507","true","1","1","0","0","0","0","0","false","false","false","0","0","1","1","99","0","0","5000000","<T t=""器灵属性"" c=""FFFFFF00"" f=""simhei-11""></T><B></B><T t=""  物理伤害 +7%"" c=""FF00FF00"" f=""simhei-11""></T><B></B><T t="""" c=""FF00FF00"" f=""simhei-11""></T><T t=""  法术伤害 +7%"" c=""FF00FF00"" f=""simhei-11""></T><B></B><T t=""  气血 +10%"" c=""FF00FF00"" f=""simhei-11""></T><B></B><B></B><T t=""器灵宝珠："" c=""FFFFFF00"" f=""simhei-11""></T><T t=""来自天工阁的墨家巨匠们倾尽心血制作而出的宝珠。"" c=""FFFFF7DF"" f=""simhei-11""></T>","器灵镶嵌","","","点击物品使用","器灵","","3","80","","","","","","","","2","7","","","","","","","","1","1","7","","物理伤害 +7%","法术伤害 +7%","气血 +10%","","","0","0","0","0","0","0"
"920017","4694","器灵•星眠","ff6ddcf6","5","1281","个","0","1","7507","true","1","1","0","0","0","0","0","false","false","false","0","0","1","1","99","0","0","5000000","<T t=""器灵属性"" c=""FFFFFF00"" f=""simhei-11""></T><B></B><T t=""  物理伤害 +7%"" c=""FF00FF00"" f=""simhei-11""></T><B></B><T t="""" c=""FF00FF00"" f=""simhei-11""></T><T t=""  法术伤害 +7%"" c=""FF00FF00"" f=""simhei-11""></T><B></B><T t=""  速度 +7%"" c=""FF00FF00"" f=""simhei-11""></T><B></B><B></B><T t=""器灵宝珠："" c=""FFFFFF00"" f=""simhei-11""></T><T t=""来自天工阁的墨家巨匠们倾尽心血制作而出的宝珠。"" c=""FFFFF7DF"" f=""simhei-11""></T>","器灵镶嵌","","","点击物品使用","器灵","","3","80","","","","","","","","2","7","","","","","","","","1","1","7","","物理伤害 +7%","法术伤害 +7%","速度 +7%","","","0","0","0","0","0","0"
"920018","4694","器灵•雾屿","ff6ddcf6","5","1281","个","0","1","7507","true","1","1","0","0","0","0","0","false","false","false","0","0","1","1","99","0","0","5000000","<T t=""器灵属性"" c=""FFFFFF00"" f=""simhei-11""></T><B></B><T t=""  物理防御 +7%"" c=""FF00FF00"" f=""simhei-11""></T><B></B><T t="""" c=""FF00FF00"" f=""simhei-11""></T><T t=""  法术防御 +7%"" c=""FF00FF00"" f=""simhei-11""></T><B></B><T t=""  气血 +10%"" c=""FF00FF00"" f=""simhei-11""></T><B></B><B></B><T t=""器灵宝珠："" c=""FFFFFF00"" f=""simhei-11""></T><T t=""来自天工阁的墨家巨匠们倾尽心血制作而出的宝珠。"" c=""FFFFF7DF"" f=""simhei-11""></T>","器灵镶嵌","","","点击物品使用","器灵","","3","80","","","","","","","","2","7","","","","","","","","1","1","7","","物理防御 +7%","法术防御 +7%","气血 +10%","","","0","0","0","0","0","0"
"920019","4694","器灵•云舒","ff6ddcf6","5","1281","个","0","1","7507","true","1","1","0","0","0","0","0","false","false","false","0","0","1","1","99","0","0","5000000","<T t=""器灵属性"" c=""FFFFFF00"" f=""simhei-11""></T><B></B><T t=""  物理防御 +7%"" c=""FF00FF00"" f=""simhei-11""></T><B></B><T t="""" c=""FF00FF00"" f=""simhei-11""></T><T t=""  法术防御 +7%"" c=""FF00FF00"" f=""simhei-11""></T><B></B><T t=""  速度 +7%"" c=""FF00FF00"" f=""simhei-11""></T><B></B><B></B><T t=""器灵宝珠："" c=""FFFFFF00"" f=""simhei-11""></T><T t=""来自天工阁的墨家巨匠们倾尽心血制作而出的宝珠。"" c=""FFFFF7DF"" f=""simhei-11""></T>","器灵镶嵌","","","点击物品使用","器灵","","3","80","","","","","","","","2","7","","","","","","","","1","1","7","","物理防御 +7%","法术防御 +7%","速度 +7%","","","0","0","0","0","0","0"
"920020","4694","器灵•月徊","ff6ddcf6","5","1281","个","0","1","7507","true","1","1","0","0","0","0","0","false","false","false","0","0","1","1","99","0","0","5000000","<T t=""器灵属性"" c=""FFFFFF00"" f=""simhei-11""></T><B></B><T t=""  物理伤害 +8%"" c=""FF00FF00"" f=""simhei-11""></T><B></B><T t="""" c=""FF00FF00"" f=""simhei-11""></T><T t=""  法术伤害 +8%"" c=""FF00FF00"" f=""simhei-11""></T><B></B><T t=""  气血 +11%"" c=""FF00FF00"" f=""simhei-11""></T><B></B><B></B><T t=""器灵宝珠："" c=""FFFFFF00"" f=""simhei-11""></T><T t=""来自天工阁的墨家巨匠们倾尽心血制作而出的宝珠。"" c=""FFFFF8DF"" f=""simhei-11""></T>","器灵镶嵌","","","点击物品使用","器灵","","3","80","","","","","","","","2","7","","","","","","","","1","1","7","","物理伤害 +8%","法术伤害 +8%","气血 +11%","","","0","0","0","0","0","0"
"920021","4694","器灵•风软","ff6ddcf6","5","1281","个","0","1","7507","true","1","1","0","0","0","0","0","false","false","false","0","0","1","1","99","0","0","5000000","<T t=""器灵属性"" c=""FFFFFF00"" f=""simhei-11""></T><B></B><T t=""  物理伤害 +8%"" c=""FF00FF00"" f=""simhei-11""></T><B></B><T t="""" c=""FF00FF00"" f=""simhei-11""></T><T t=""  法术伤害 +8%"" c=""FF00FF00"" f=""simhei-11""></T><B></B><T t=""  速度 +8%"" c=""FF00FF00"" f=""simhei-11""></T><B></B><B></B><T t=""器灵宝珠："" c=""FFFFFF00"" f=""simhei-11""></T><T t=""来自天工阁的墨家巨匠们倾尽心血制作而出的宝珠。"" c=""FFFFF8DF"" f=""simhei-11""></T>","器灵镶嵌","","","点击物品使用","器灵","","3","80","","","","","","","","2","7","","","","","","","","1","1","7","","物理伤害 +8%","法术伤害 +8%","速度 +8%","","","0","0","0","0","0","0"
"920022","4694","器灵•雪笺","ff6ddcf6","5","1281","个","0","1","7507","true","1","1","0","0","0","0","0","false","false","false","0","0","1","1","99","0","0","5000000","<T t=""器灵属性"" c=""FFFFFF00"" f=""simhei-11""></T><B></B><T t=""  物理防御 +8%"" c=""FF00FF00"" f=""simhei-11""></T><B></B><T t="""" c=""FF00FF00"" f=""simhei-11""></T><T t=""  法术防御 +8%"" c=""FF00FF00"" f=""simhei-11""></T><B></B><T t=""  气血 +11%"" c=""FF00FF00"" f=""simhei-11""></T><B></B><B></B><T t=""器灵宝珠："" c=""FFFFFF00"" f=""simhei-11""></T><T t=""来自天工阁的墨家巨匠们倾尽心血制作而出的宝珠。"" c=""FFFFF8DF"" f=""simhei-11""></T>","器灵镶嵌","","","点击物品使用","器灵","","3","80","","","","","","","","2","7","","","","","","","","1","1","7","","物理防御 +8%","法术防御 +8%","气血 +11%","","","0","0","0","0","0","0"
"920023","4694","器灵•晚晴","ff6ddcf6","5","1281","个","0","1","7507","true","1","1","0","0","0","0","0","false","false","false","0","0","1","1","99","0","0","5000000","<T t=""器灵属性"" c=""FFFFFF00"" f=""simhei-11""></T><B></B><T t=""  物理防御 +8%"" c=""FF00FF00"" f=""simhei-11""></T><B></B><T t="""" c=""FF00FF00"" f=""simhei-11""></T><T t=""  法术防御 +8%"" c=""FF00FF00"" f=""simhei-11""></T><B></B><T t=""  速度 +8%"" c=""FF00FF00"" f=""simhei-11""></T><B></B><B></B><T t=""器灵宝珠："" c=""FFFFFF00"" f=""simhei-11""></T><T t=""来自天工阁的墨家巨匠们倾尽心血制作而出的宝珠。"" c=""FFFFF8DF"" f=""simhei-11""></T>","器灵镶嵌","","","点击物品使用","器灵","","3","80","","","","","","","","2","7","","","","","","","","1","1","7","","物理防御 +8%","法术防御 +8%","速度 +8%","","","0","0","0","0","0","0"
"920024","4694","器灵•疏影","ff6ddcf6","5","1281","个","0","1","7507","true","1","1","0","0","0","0","0","false","false","false","0","0","1","1","99","0","0","5000000","<T t=""器灵属性"" c=""FFFFFF00"" f=""simhei-11""></T><B></B><T t=""  物理伤害 +8%"" c=""FF00FF00"" f=""simhei-11""></T><B></B><T t="""" c=""FF00FF00"" f=""simhei-11""></T><T t=""  法术伤害 +8%"" c=""FF00FF00"" f=""simhei-11""></T><B></B><T t=""  气血 +12%"" c=""FF00FF00"" f=""simhei-11""></T><B></B><B></B><T t=""器灵宝珠："" c=""FFFFFF00"" f=""simhei-11""></T><T t=""来自天工阁的墨家巨匠们倾尽心血制作而出的宝珠。"" c=""FFFFF8DF"" f=""simhei-11""></T>","器灵镶嵌","","","点击物品使用","器灵","","3","80","","","","","","","","2","7","","","","","","","","1","1","7","","物理伤害 +9%","法术伤害 +9%","气血 +12%","","","0","0","0","0","0","0"
"920025","4694","器灵•清欢","ff6ddcf6","5","1281","个","0","1","7507","true","1","1","0","0","0","0","0","false","false","false","0","0","1","1","99","0","0","5000000","<T t=""器灵属性"" c=""FFFFFF00"" f=""simhei-11""></T><B></B><T t=""  物理伤害 +8%"" c=""FF00FF00"" f=""simhei-11""></T><B></B><T t="""" c=""FF00FF00"" f=""simhei-11""></T><T t=""  法术伤害 +8%"" c=""FF00FF00"" f=""simhei-11""></T><B></B><T t=""  速度 +8%"" c=""FF00FF00"" f=""simhei-11""></T><B></B><B></B><T t=""器灵宝珠："" c=""FFFFFF00"" f=""simhei-11""></T><T t=""来自天工阁的墨家巨匠们倾尽心血制作而出的宝珠。"" c=""FFFFF8DF"" f=""simhei-11""></T>","器灵镶嵌","","","点击物品使用","器灵","","3","80","","","","","","","","2","7","","","","","","","","1","1","7","","物理伤害 +9%","法术伤害 +9%","速度 +9%","","","0","0","0","0","0","0"
"920026","4694","器灵•枕星","ff6ddcf6","5","1281","个","0","1","7507","true","1","1","0","0","0","0","0","false","false","false","0","0","1","1","99","0","0","5000000","<T t=""器灵属性"" c=""FFFFFF00"" f=""simhei-11""></T><B></B><T t=""  物理防御 +8%"" c=""FF00FF00"" f=""simhei-11""></T><B></B><T t="""" c=""FF00FF00"" f=""simhei-11""></T><T t=""  法术防御 +8%"" c=""FF00FF00"" f=""simhei-11""></T><B></B><T t=""  气血 +12%"" c=""FF00FF00"" f=""simhei-11""></T><B></B><B></B><T t=""器灵宝珠："" c=""FFFFFF00"" f=""simhei-11""></T><T t=""来自天工阁的墨家巨匠们倾尽心血制作而出的宝珠。"" c=""FFFFF8DF"" f=""simhei-11""></T>","器灵镶嵌","","","点击物品使用","器灵","","3","80","","","","","","","","2","7","","","","","","","","1","1","7","","物理防御 +9%","法术防御 +9%","气血 +12%","","","0","0","0","0","0","0"
"920027","4694","器灵•漱月","ff6ddcf6","5","1281","个","0","1","7507","true","1","1","0","0","0","0","0","false","false","false","0","0","1","1","99","0","0","5000000","<T t=""器灵属性"" c=""FFFFFF00"" f=""simhei-11""></T><B></B><T t=""  物理防御 +8%"" c=""FF00FF00"" f=""simhei-11""></T><B></B><T t="""" c=""FF00FF00"" f=""simhei-11""></T><T t=""  法术防御 +8%"" c=""FF00FF00"" f=""simhei-11""></T><B></B><T t=""  速度 +8%"" c=""FF00FF00"" f=""simhei-11""></T><B></B><B></B><T t=""器灵宝珠："" c=""FFFFFF00"" f=""simhei-11""></T><T t=""来自天工阁的墨家巨匠们倾尽心血制作而出的宝珠。"" c=""FFFFF8DF"" f=""simhei-11""></T>","器灵镶嵌","","","点击物品使用","器灵","","3","80","","","","","","","","2","7","","","","","","","","1","1","7","","物理防御 +9%","法术防御 +9%","速度 +9%","","","0","0","0","0","0","0"
"920028","4694","器灵•栖鹤","ff6ddcf6","5","1281","个","0","1","7507","true","1","1","0","0","0","0","0","false","false","false","0","0","1","1","99","0","0","5000000","<T t=""器灵属性"" c=""FFFFFF00"" f=""simhei-11""></T><B></B><T t=""  物理伤害 +10%"" c=""FF00FF00"" f=""simhei-11""></T><B></B><T t="""" c=""FF00FF00"" f=""simhei-11""></T><T t=""  法术伤害 +10%"" c=""FF00FF00"" f=""simhei-11""></T><B></B><T t=""  气血 +13%"" c=""FF00FF00"" f=""simhei-11""></T><B></B><B></B><T t=""器灵宝珠："" c=""FFFFFF00"" f=""simhei-11""></T><T t=""来自天工阁的墨家巨匠们倾尽心血制作而出的宝珠。"" c=""FFFFF10DF"" f=""simhei-11""></T>","器灵镶嵌","","","点击物品使用","器灵","","3","80","","","","","","","","2","7","","","","","","","","1","1","7","","物理伤害 +10%","法术伤害 +10%","气血 +13%","","","0","0","0","0","0","0"
"920029","4694","器灵•听澜","ff6ddcf6","5","1281","个","0","1","7507","true","1","1","0","0","0","0","0","false","false","false","0","0","1","1","99","0","0","5000000","<T t=""器灵属性"" c=""FFFFFF00"" f=""simhei-11""></T><B></B><T t=""  物理伤害 +10%"" c=""FF00FF00"" f=""simhei-11""></T><B></B><T t="""" c=""FF00FF00"" f=""simhei-11""></T><T t=""  法术伤害 +10%"" c=""FF00FF00"" f=""simhei-11""></T><B></B><T t=""  速度 +10%"" c=""FF00FF00"" f=""simhei-11""></T><B></B><B></B><T t=""器灵宝珠："" c=""FFFFFF00"" f=""simhei-11""></T><T t=""来自天工阁的墨家巨匠们倾尽心血制作而出的宝珠。"" c=""FFFFF10DF"" f=""simhei-11""></T>","器灵镶嵌","","","点击物品使用","器灵","","3","80","","","","","","","","2","7","","","","","","","","1","1","7","","物理伤害 +10%","法术伤害 +10%","速度 +10%","","","0","0","0","0","0","0"
"920030","4694","器灵•酌光","ff6ddcf6","5","1281","个","0","1","7507","true","1","1","0","0","0","0","0","false","false","false","0","0","1","1","99","0","0","5000000","<T t=""器灵属性"" c=""FFFFFF00"" f=""simhei-11""></T><B></B><T t=""  物理防御 +10%"" c=""FF00FF00"" f=""simhei-11""></T><B></B><T t="""" c=""FF00FF00"" f=""simhei-11""></T><T t=""  法术防御 +10%"" c=""FF00FF00"" f=""simhei-11""></T><B></B><T t=""  气血 +13%"" c=""FF00FF00"" f=""simhei-11""></T><B></B><B></B><T t=""器灵宝珠："" c=""FFFFFF00"" f=""simhei-11""></T><T t=""来自天工阁的墨家巨匠们倾尽心血制作而出的宝珠。"" c=""FFFFF10DF"" f=""simhei-11""></T>","器灵镶嵌","","","点击物品使用","器灵","","3","80","","","","","","","","2","7","","","","","","","","1","1","7","","物理防御 +10%","法术防御 +10%","气血 +13%","","","0","0","0","0","0","0"
"920031","4694","器灵•心境","ff6ddcf6","5","1281","个","0","1","7507","true","1","1","0","0","0","0","0","false","false","false","0","0","1","1","99","0","0","5000000","<T t=""器灵属性"" c=""FFFFFF00"" f=""simhei-11""></T><B></B><T t=""  物理防御 +10%"" c=""FF00FF00"" f=""simhei-11""></T><B></B><T t="""" c=""FF00FF00"" f=""simhei-11""></T><T t=""  法术防御 +10%"" c=""FF00FF00"" f=""simhei-11""></T><B></B><T t=""  速度 +10%"" c=""FF00FF00"" f=""simhei-11""></T><B></B><B></B><T t=""器灵宝珠："" c=""FFFFFF00"" f=""simhei-11""></T><T t=""来自天工阁的墨家巨匠们倾尽心血制作而出的宝珠。"" c=""FFFFF10DF"" f=""simhei-11""></T>","器灵镶嵌","","","点击物品使用","器灵","","3","80","","","","","","","","2","7","","","","","","","","1","1","7","","物理防御 +10%","法术防御 +10%","速度 +10%","","","0","0","0","0","0","0"
"921000","4262","3%器灵随机礼包","ff6ddcf6","4","1740","个","0","1","7100","true","0","0","0","0","0","0","0","false","false","false","0","0","1","1","99","0","0","5000000","打开可以随机获得：3%器灵。","打开获得随机器灵","","","","礼包","","","","","","","","","","","","","","","","","","","","1","1","","","","","","","","0","0","0","0","0","0"
"921001","4262","4%器灵随机礼包","ff6ddcf6","4","1740","个","0","1","7100","true","0","0","0","0","0","0","0","false","false","false","0","0","1","1","99","0","0","5000000","打开可以随机获得：4%器灵。","打开获得随机器灵","","","","礼包","","","","","","","","","","","","","","","","","","","","1","1","","","","","","","","0","0","0","0","0","0"
"921002","4262","5%器灵随机礼包","ff6ddcf6","4","1740","个","0","1","7100","true","0","0","0","0","0","0","0","false","false","false","0","0","1","1","99","0","0","5000000","打开可以随机获得：5%器灵。","打开获得随机器灵","","","","礼包","","","","","","","","","","","","","","","","","","","","1","1","","","","","","","","0","0","0","0","0","0"
"921003","4262","6%器灵随机礼包","ff6ddcf6","4","1740","个","0","1","7100","true","0","0","0","0","0","0","0","false","false","false","0","0","1","1","99","0","0","5000000","打开可以随机获得：6%器灵。","打开获得随机器灵","","","","礼包","","","","","","","","","","","","","","","","","","","","1","1","","","","","","","","0","0","0","0","0","0"
"921004","2470","器灵碎片","ff6ddcf6","5","1279","个","0","1","7502","true","1","1","0","0","0","0","0","false","false","false","0","0","1","1","999","0","0","5000000","用于器灵合成","器灵材料","","","","材料","","","","","","","","","","","","","","","","","","","","","","","","","","","","","0","0","0","0","0","0"
"921005","2470","器灵之魂","ff6ddcf6","5","1844","个","0","1","7502","true","1","1","0","0","0","0","0","false","false","false","0","0","1","1","999","0","0","5000000","用于器灵合成","器灵材料","","","","材料","","","","","","","","","","","","","","","","","","","","","","","","","","","","","0","0","0","0","0","0"
"","4694","追梦商城礼包类","ff6ddcf6","5","1281","个","0","1","7507","true","1","1","0","0","0","0","0","false","false","false","0","0","1","1","1","0","0","5000000","用于器灵镶嵌","器灵镶嵌","","","","","","3","80","","","","","","","","2","7","","","","","","","","1","1","30","","","","","","","0","0","0","0","0","0"
"922001","4262","被动殊兽决礼包","ff6ddcf6","4","1759","个","0","1","7100","true","0","0","0","0","0","0","0","false","false","false","0","0","1","1","9999","0","0","5000000","打开可以获得随机被动兽决一本","随机特殊兽决","","","","礼包","","","","","","","","","","","","","","","","","","","","1","1","","","","","","","","0","0","0","0","0","0"
"922002","4262","主动殊兽决礼包","ff6ddcf6","4","1753","个","0","1","7100","true","0","0","0","0","0","0","0","false","false","false","0","0","1","1","9999","0","0","5000000","打开可以获得随机主动兽决一本","随机特殊兽决","","","","礼包","","","","","","","","","","","","","","","","","","","","1","1","","","","","","","","0","0","0","0","0","0"
"922003","4262","帮派大量资金盒子","ff6ddcf6","4","1763","个","0","1","7100","true","0","0","0","0","0","0","0","false","false","false","0","0","1","1","9999","0","0","5000000","打开获得：大量帮派资金帮贡和其他物品奖励","打开获得道具","","","","礼包","","","","","","","","","","","","","","","","","","","","1","1","","","","","","","","0","0","0","0","0","0"
"922004","4262","结婚礼包","ff6ddcf6","4","1748","个","0","1","7100","true","0","0","0","0","0","0","0","false","false","false","0","0","1","1","9999","0","0","5000000","打开获得：结婚戒指 千年人参","自由选择奖励","","","","礼包","","","","","","","","","","","","","","","","","","","","1","1","","","","","","","","0","0","0","0","0","0"
"922005","4262","蟠桃礼盒","ff6ddcf6","4","1779","个","0","1","7100","true","0","0","0","0","0","0","0","false","false","false","0","0","1","1","9999","0","0","5000000","打开获得：金木水火土仙桃各88个","打开获得道具","","","","礼包","","","","","","","","","","","","","","","","","","","","1","1","","","","","","","","0","0","0","0","0","0"
"922006","4262","15级宝石自选礼包","ff6ddcf6","4","1245","个","0","1","7100","true","0","0","0","0","0","0","0","false","false","false","0","0","1","1","9999","0","0","5000000","自选15级宝石","打开获得道具","","","","礼包","","","","","","","","","","","","","","","","","","","","1","1","","","","","","","","0","0","0","0","0","0"
"922007","4262","10级宝珠自选礼包","ff6ddcf6","4","1722","个","0","1","7100","true","0","0","0","0","0","0","0","false","false","false","0","0","1","1","9999","0","0","5000000","自选10级宝珠","打开获得道具","","","","礼包","","","","","","","","","","","","","","","","","","","","1","1","","","","","","","","0","0","0","0","0","0"
"922008","4262","110钨金礼包","ff6ddcf6","4","1727","个","0","1","7100","true","0","0","0","0","0","0","0","false","false","false","0","0","1","1","9999","0","0","5000000","打开可以获得：500个110钨金","打开获得道具","","","","礼包","","","","","","","","","","","","","","","","","","","","1","1","","","","","","","","0","0","0","0","0","0"
"922009","4262","120钨金礼包","ff6ddcf6","4","1727","个","0","1","7100","true","0","0","0","0","0","0","0","false","false","false","0","0","1","1","9999","0","0","5000000","打开可以获得：500个120钨金","打开获得道具","","","","礼包","","","","","","","","","","","","","","","","","","","","1","1","","","","","","","","0","0","0","0","0","0"
"922010","4262","130钨金礼包","ff6ddcf6","4","1727","个","0","1","7100","true","0","0","0","0","0","0","0","false","false","false","0","0","1","1","9999","0","0","5000000","打开可以获得：500个130钨金","打开获得道具","","","","礼包","","","","","","","","","","","","","","","","","","","","1","1","","","","","","","","0","0","0","0","0","0"
"922011","4262","140钨金礼包","ff6ddcf6","4","1727","个","0","1","7100","true","0","0","0","0","0","0","0","false","false","false","0","0","1","1","9999","0","0","5000000","打开可以获得：500个140钨金","打开获得道具","","","","礼包","","","","","","","","","","","","","","","","","","","","1","1","","","","","","","","0","0","0","0","0","0"
"922012","4262","150钨金礼包","ff6ddcf6","4","1727","个","0","1","7100","true","0","0","0","0","0","0","0","false","false","false","0","0","1","1","9999","0","0","5000000","打开可以获得：500个150钨金","打开获得道具","","","","礼包","","","","","","","","","","","","","","","","","","","","1","1","","","","","","","","0","0","0","0","0","0"
"922013","4262","160钨金礼包","ff6ddcf6","4","1727","个","0","1","7100","true","0","0","0","0","0","0","0","false","false","false","0","0","1","1","9999","0","0","5000000","打开可以获得：500个160钨金","打开获得道具","","","","礼包","","","","","","","","","","","","","","","","","","","","1","1","","","","","","","","0","0","0","0","0","0"
"","","装备和装备打造箱子","","","","","","","","","","","","","","","","","","","","","","","","","","","","","","","","","","","","","","","","","","","","","","","","","","","","","","","","","","","","","","","","","",""
"740001","582","锻造自选•110级","ff6ddcf6","4","1758","个","0","1","7100","true","0","0","0","0","0","0","0","false","false","false","0","0","1","1","20","0","0","5000000","可自选110级装备制造指南书一本。","自由选择奖励","","","","自选礼包","","3","73","","","","","","","","","","","","","","","","","","1","","","","","","","","0","0","0","0","0","0"
"740002","582","锻造自选•120级","ff6ddcf6","4","1758","个","0","1","7100","true","0","0","0","0","0","0","0","false","false","false","0","0","1","1","20","0","0","5000000","可自选120级装备制造指南书一本。","自由选择奖励","","","","自选礼包","","3","73","","","","","","","","","","","","","","","","","","1","","","","","","","","0","0","0","0","0","0"
"740003","582","锻造自选•130级","ff6ddcf6","4","1758","个","0","1","7100","true","0","0","0","0","0","0","0","false","false","false","0","0","1","1","20","0","0","5000000","可自选130级装备制造指南书一本。","自由选择奖励","","","","自选礼包","","3","73","","","","","","","","","","","","","","","","","","1","","","","","","","","0","0","0","0","0","0"
"740004","582","锻造自选•140级","ff6ddcf6","4","1758","个","0","1","7100","true","0","0","0","0","0","0","0","false","false","false","0","0","1","1","20","0","0","5000000","可自选140级装备制造指南书一本。","自由选择奖励","","","","自选礼包","","3","73","","","","","","","","","","","","","","","","","","1","","","","","","","","0","0","0","0","0","0"
"740005","582","锻造自选•150级","ff6ddcf6","4","1758","个","0","1","7100","true","0","0","0","0","0","0","0","false","false","false","0","0","1","1","20","0","0","5000000","可自选150级装备制造指南书一本。","自由选择奖励","","","","自选礼包","","3","73","","","","","","","","","","","","","","","","","","1","","","","","","","","0","0","0","0","0","0"
"740006","582","锻造自选•160级","ff6ddcf6","4","1758","个","0","1","7100","true","0","0","0","0","0","0","0","false","false","false","0","0","1","1","20","0","0","5000000","可自选160级装备制造指南书一本。","自由选择奖励","","","","自选礼包","","3","73","","","","","","","","","","","","","","","","","","1","","","","","","","","0","0","0","0","0","0"
"752001","4262","110级装备箱子","ff6ddcf6","4","1778","个","0","1","7100","true","0","0","0","0","0","0","0","false","false","false","0","0","1","1","999","0","0","5000000","随机获得一件110级装备有比较高几率获得无级别装备。注意：此类装备不能升星摆摊","随机装备奖励","","","","装备礼包","","","","","","","","","","","","","","","","","","","","","1","","","","","","","","0","0","0","0","0","0"
"752002","4262","120级装备箱子","ff6ddcf6","4","1778","个","0","1","7100","true","0","0","0","0","0","0","0","false","false","false","0","0","1","1","999","0","0","5000000","随机获得一件120级装备有比较高几率获得无级别装备。注意：此类装备不能升星摆摊","随机装备奖励","","","","装备礼包","","","","","","","","","","","","","","","","","","","","","1","","","","","","","","0","0","0","0","0","0"
"752003","4262","130级装备箱子","ff6ddcf6","4","1778","个","0","1","7100","true","0","0","0","0","0","0","0","false","false","false","0","0","1","1","999","0","0","5000000","随机获得一件130级装备有比较高几率获得无级别装备。注意：此类装备不能升星摆摊","随机装备奖励","","","","装备礼包","","","","","","","","","","","","","","","","","","","","","1","","","","","","","","0","0","0","0","0","0"
"752004","4262","140级装备箱子","ff6ddcf6","4","1778","个","0","1","7100","true","0","0","0","0","0","0","0","false","false","false","0","0","1","1","999","0","0","5000000","随机获得一件140级装备有比较高几率获得无级别装备。注意：此类装备不能升星摆摊","随机装备奖励","","","","装备礼包","","","","","","","","","","","","","","","","","","","","","1","","","","","","","","0","0","0","0","0","0"
"752005","4262","150级装备箱子","ff6ddcf6","4","1778","个","0","1","7100","true","0","0","0","0","0","0","0","false","false","false","0","0","1","1","999","0","0","5000000","随机获得一件150级装备有比较高几率获得无级别装备。注意：此类装备不能升星摆摊","随机装备奖励","","","","装备礼包","","","","","","","","","","","","","","","","","","","","","1","","","","","","","","0","0","0","0","0","0"
"752006","4262","160级装备箱子","ff6ddcf6","4","1778","个","0","1","7100","true","0","0","0","0","0","0","0","false","false","false","0","0","1","1","999","0","0","5000000","随机获得一件160级装备有比较高几率获得无级别装备。注意：此类装备不能升星摆摊","随机装备奖励","","","","装备礼包","","","","","","","","","","","","","","","","","","","","","1","","","","","","","","0","0","0","0","0","0"
"752007","4262","110锻造宝箱•剑","ff6ddcf6","4","1778","个","0","1","7100","true","0","0","0","0","0","0","0","false","false","false","0","0","1","1","999","0","0","5000000","随机获得一件110级装备有比较高几率获得无级别装备。注意：此类装备不能升星摆摊","随机装备奖励","","","","装备礼包","","","","","","","","","","","","","","","","","","","","","1","","","","","","","","0","0","0","0","0","0"
"752008","4262","110锻造宝箱•枪","ff6ddcf6","4","1778","个","0","1","7100","true","0","0","0","0","0","0","0","false","false","false","0","0","1","1","999","0","0","5000000","随机获得一件120级装备有比较高几率获得无级别装备。注意：此类装备不能升星摆摊","随机装备奖励","","","","装备礼包","","","","","","","","","","","","","","","","","","","","","1","","","","","","","","0","0","0","0","0","0"
"752009","4262","110锻造宝箱•斧钺","ff6ddcf6","4","1778","个","0","1","7100","true","0","0","0","0","0","0","0","false","false","false","0","0","1","1","999","0","0","5000000","随机获得一件130级装备有比较高几率获得无级别装备。注意：此类装备不能升星摆摊","随机装备奖励","","","","装备礼包","","","","","","","","","","","","","","","","","","","","","1","","","","","","","","0","0","0","0","0","0"
"752010","4262","110锻造宝箱•扇","ff6ddcf6","4","1778","个","0","1","7100","true","0","0","0","0","0","0","0","false","false","false","0","0","1","1","999","0","0","5000000","随机获得一件140级装备有比较高几率获得无级别装备。注意：此类装备不能升星摆摊","随机装备奖励","","","","装备礼包","","","","","","","","","","","","","","","","","","","","","1","","","","","","","","0","0","0","0","0","0"
"752011","4262","110锻造宝箱•魔棒","ff6ddcf6","4","1778","个","0","1","7100","true","0","0","0","0","0","0","0","false","false","false","0","0","1","1","999","0","0","5000000","随机获得一件150级装备有比较高几率获得无级别装备。注意：此类装备不能升星摆摊","随机装备奖励","","","","装备礼包","","","","","","","","","","","","","","","","","","","","","1","","","","","","","","0","0","0","0","0","0"
"752012","4262","110锻造宝箱•爪刺","ff6ddcf6","4","1778","个","0","1","7100","true","0","0","0","0","0","0","0","false","false","false","0","0","1","1","999","0","0","5000000","随机获得一件160级装备有比较高几率获得无级别装备。注意：此类装备不能升星摆摊","随机装备奖励","","","","装备礼包","","","","","","","","","","","","","","","","","","","","","1","","","","","","","","0","0","0","0","0","0"
"752013","4262","110锻造宝箱•锤","ff6ddcf6","4","1778","个","0","1","7100","true","0","0","0","0","0","0","0","false","false","false","0","0","1","1","999","0","0","5000000","随机获得一件110级装备有比较高几率获得无级别装备。注意：此类装备不能升星摆摊","随机装备奖励","","","","装备礼包","","","","","","","","","","","","","","","","","","","","","1","","","","","","","","0","0","0","0","0","0"
"752014","4262","110锻造宝箱•鞭","ff6ddcf6","4","1778","个","0","1","7100","true","0","0","0","0","0","0","0","false","false","false","0","0","1","1","999","0","0","5000000","随机获得一件120级装备有比较高几率获得无级别装备。注意：此类装备不能升星摆摊","随机装备奖励","","","","装备礼包","","","","","","","","","","","","","","","","","","","","","1","","","","","","","","0","0","0","0","0","0"
"752015","4262","110锻造宝箱•环圈","ff6ddcf6","4","1778","个","0","1","7100","true","0","0","0","0","0","0","0","false","false","false","0","0","1","1","999","0","0","5000000","随机获得一件130级装备有比较高几率获得无级别装备。注意：此类装备不能升星摆摊","随机装备奖励","","","","装备礼包","","","","","","","","","","","","","","","","","","","","","1","","","","","","","","0","0","0","0","0","0"
"752016","4262","110锻造宝箱•弓","ff6ddcf6","4","1778","个","0","1","7100","true","0","0","0","0","0","0","0","false","false","false","0","0","1","1","999","0","0","5000000","随机获得一件140级装备有比较高几率获得无级别装备。注意：此类装备不能升星摆摊","随机装备奖励","","","","装备礼包","","","","","","","","","","","","","","","","","","","","","1","","","","","","","","0","0","0","0","0","0"
"752017","4262","110锻造宝箱•飘带","ff6ddcf6","4","1778","个","0","1","7100","true","0","0","0","0","0","0","0","false","false","false","0","0","1","1","999","0","0","5000000","随机获得一件150级装备有比较高几率获得无级别装备。注意：此类装备不能升星摆摊","随机装备奖励","","","","装备礼包","","","","","","","","","","","","","","","","","","","","","1","","","","","","","","0","0","0","0","0","0"
"752018","4262","110锻造宝箱•宝珠","ff6ddcf6","4","1778","个","0","1","7100","true","0","0","0","0","0","0","0","false","false","false","0","0","1","1","999","0","0","5000000","随机获得一件160级装备有比较高几率获得无级别装备。注意：此类装备不能升星摆摊","随机装备奖励","","","","装备礼包","","","","","","","","","","","","","","","","","","","","","1","","","","","","","","0","0","0","0","0","0"
"752019","4262","110锻造宝箱•长刀","ff6ddcf6","4","1778","个","0","1","7100","true","0","0","0","0","0","0","0","false","false","false","0","0","1","1","999","0","0","5000000","随机获得一件110级装备有比较高几率获得无级别装备。注意：此类装备不能升星摆摊","随机装备奖励","","","","装备礼包","","","","","","","","","","","","","","","","","","","","","1","","","","","","","","0","0","0","0","0","0"
"752020","4262","110锻造宝箱•双短剑","ff6ddcf6","4","1778","个","0","1","7100","true","0","0","0","0","0","0","0","false","false","false","0","0","1","1","999","0","0","5000000","随机获得一件120级装备有比较高几率获得无级别装备。注意：此类装备不能升星摆摊","随机装备奖励","","","","装备礼包","","","","","","","","","","","","","","","","","","","","","1","","","","","","","","0","0","0","0","0","0"
"752021","4262","110锻造宝箱•降魔杵","ff6ddcf6","4","1778","个","0","1","7100","true","0","0","0","0","0","0","0","false","false","false","0","0","1","1","999","0","0","5000000","随机获得一件130级装备有比较高几率获得无级别装备。注意：此类装备不能升星摆摊","随机装备奖励","","","","装备礼包","","","","","","","","","","","","","","","","","","","","","1","","","","","","","","0","0","0","0","0","0"
"752022","4262","110锻造宝箱•法杖","ff6ddcf6","4","1778","个","0","1","7100","true","0","0","0","0","0","0","0","false","false","false","0","0","1","1","999","0","0","5000000","随机获得一件140级装备有比较高几率获得无级别装备。注意：此类装备不能升星摆摊","随机装备奖励","","","","装备礼包","","","","","","","","","","","","","","","","","","","","","1","","","","","","","","0","0","0","0","0","0"
"752023","4262","110锻造宝箱•弯刀","ff6ddcf6","4","1778","个","0","1","7100","true","0","0","0","0","0","0","0","false","false","false","0","0","1","1","999","0","0","5000000","随机获得一件150级装备有比较高几率获得无级别装备。注意：此类装备不能升星摆摊","随机装备奖励","","","","装备礼包","","","","","","","","","","","","","","","","","","","","","1","","","","","","","","0","0","0","0","0","0"
"752024","4262","110锻造宝箱•男衣","ff6ddcf6","4","1778","个","0","1","7100","true","0","0","0","0","0","0","0","false","false","false","0","0","1","1","999","0","0","5000000","随机获得一件160级装备有比较高几率获得无级别装备。注意：此类装备不能升星摆摊","随机装备奖励","","","","装备礼包","","","","","","","","","","","","","","","","","","","","","1","","","","","","","","0","0","0","0","0","0"
"752025","4262","110锻造宝箱•女衣","ff6ddcf6","4","1778","个","0","1","7100","true","0","0","0","0","0","0","0","false","false","false","0","0","1","1","999","0","0","5000000","随机获得一件110级装备有比较高几率获得无级别装备。注意：此类装备不能升星摆摊","随机装备奖励","","","","装备礼包","","","","","","","","","","","","","","","","","","","","","1","","","","","","","","0","0","0","0","0","0"
"752026","4262","110锻造宝箱•头盔","ff6ddcf6","4","1778","个","0","1","7100","true","0","0","0","0","0","0","0","false","false","false","0","0","1","1","999","0","0","5000000","随机获得一件120级装备有比较高几率获得无级别装备。注意：此类装备不能升星摆摊","随机装备奖励","","","","装备礼包","","","","","","","","","","","","","","","","","","","","","1","","","","","","","","0","0","0","0","0","0"
"752027","4262","110锻造宝箱•发钗","ff6ddcf6","4","1778","个","0","1","7100","true","0","0","0","0","0","0","0","false","false","false","0","0","1","1","999","0","0","5000000","随机获得一件130级装备有比较高几率获得无级别装备。注意：此类装备不能升星摆摊","随机装备奖励","","","","装备礼包","","","","","","","","","","","","","","","","","","","","","1","","","","","","","","0","0","0","0","0","0"
"752028","4262","110锻造宝箱•项链","ff6ddcf6","4","1778","个","0","1","7100","true","0","0","0","0","0","0","0","false","false","false","0","0","1","1","999","0","0","5000000","随机获得一件140级装备有比较高几率获得无级别装备。注意：此类装备不能升星摆摊","随机装备奖励","","","","装备礼包","","","","","","","","","","","","","","","","","","","","","1","","","","","","","","0","0","0","0","0","0"
"752029","4262","110锻造宝箱•腰带","ff6ddcf6","4","1778","个","0","1","7100","true","0","0","0","0","0","0","0","false","false","false","0","0","1","1","999","0","0","5000000","随机获得一件150级装备有比较高几率获得无级别装备。注意：此类装备不能升星摆摊","随机装备奖励","","","","装备礼包","","","","","","","","","","","","","","","","","","","","","1","","","","","","","","0","0","0","0","0","0"
"752030","4262","110锻造宝箱•鞋子","ff6ddcf6","4","1778","个","0","1","7100","true","0","0","0","0","0","0","0","false","false","false","0","0","1","1","999","0","0","5000000","随机获得一件160级装备有比较高几率获得无级别装备。注意：此类装备不能升星摆摊","随机装备奖励","","","","装备礼包","","","","","","","","","","","","","","","","","","","","","1","","","","","","","","0","0","0","0","0","0"
"752031","4262","120锻造宝箱•剑","ff6ddcf6","4","1778","个","0","1","7100","true","0","0","0","0","0","0","0","false","false","false","0","0","1","1","999","0","0","5000000","随机获得一件120级装备有比较高几率获得无级别装备。注意：此类装备不能升星摆摊","随机装备奖励","","","","装备礼包","","","","","","","","","","","","","","","","","","","","","1","","","","","","","","0","0","0","0","0","0"
"752032","4262","120锻造宝箱•枪","ff6ddcf6","4","1778","个","0","1","7100","true","0","0","0","0","0","0","0","false","false","false","0","0","1","1","999","0","0","5000000","随机获得一件130级装备有比较高几率获得无级别装备。注意：此类装备不能升星摆摊","随机装备奖励","","","","装备礼包","","","","","","","","","","","","","","","","","","","","","1","","","","","","","","0","0","0","0","0","0"
"752033","4262","120锻造宝箱•斧钺","ff6ddcf6","4","1778","个","0","1","7100","true","0","0","0","0","0","0","0","false","false","false","0","0","1","1","999","0","0","5000000","随机获得一件140级装备有比较高几率获得无级别装备。注意：此类装备不能升星摆摊","随机装备奖励","","","","装备礼包","","","","","","","","","","","","","","","","","","","","","1","","","","","","","","0","0","0","0","0","0"
"752034","4262","120锻造宝箱•扇","ff6ddcf6","4","1778","个","0","1","7100","true","0","0","0","0","0","0","0","false","false","false","0","0","1","1","999","0","0","5000000","随机获得一件150级装备有比较高几率获得无级别装备。注意：此类装备不能升星摆摊","随机装备奖励","","","","装备礼包","","","","","","","","","","","","","","","","","","","","","1","","","","","","","","0","0","0","0","0","0"
"752035","4262","120锻造宝箱•魔棒","ff6ddcf6","4","1778","个","0","1","7100","true","0","0","0","0","0","0","0","false","false","false","0","0","1","1","999","0","0","5000000","随机获得一件160级装备有比较高几率获得无级别装备。注意：此类装备不能升星摆摊","随机装备奖励","","","","装备礼包","","","","","","","","","","","","","","","","","","","","","1","","","","","","","","0","0","0","0","0","0"
"752036","4262","120锻造宝箱•爪刺","ff6ddcf6","4","1778","个","0","1","7100","true","0","0","0","0","0","0","0","false","false","false","0","0","1","1","999","0","0","5000000","随机获得一件110级装备有比较高几率获得无级别装备。注意：此类装备不能升星摆摊","随机装备奖励","","","","装备礼包","","","","","","","","","","","","","","","","","","","","","1","","","","","","","","0","0","0","0","0","0"
"752037","4262","120锻造宝箱•锤","ff6ddcf6","4","1778","个","0","1","7100","true","0","0","0","0","0","0","0","false","false","false","0","0","1","1","999","0","0","5000000","随机获得一件120级装备有比较高几率获得无级别装备。注意：此类装备不能升星摆摊","随机装备奖励","","","","装备礼包","","","","","","","","","","","","","","","","","","","","","1","","","","","","","","0","0","0","0","0","0"
"752038","4262","120锻造宝箱•鞭","ff6ddcf6","4","1778","个","0","1","7100","true","0","0","0","0","0","0","0","false","false","false","0","0","1","1","999","0","0","5000000","随机获得一件130级装备有比较高几率获得无级别装备。注意：此类装备不能升星摆摊","随机装备奖励","","","","装备礼包","","","","","","","","","","","","","","","","","","","","","1","","","","","","","","0","0","0","0","0","0"
"752039","4262","120锻造宝箱•环圈","ff6ddcf6","4","1778","个","0","1","7100","true","0","0","0","0","0","0","0","false","false","false","0","0","1","1","999","0","0","5000000","随机获得一件140级装备有比较高几率获得无级别装备。注意：此类装备不能升星摆摊","随机装备奖励","","","","装备礼包","","","","","","","","","","","","","","","","","","","","","1","","","","","","","","0","0","0","0","0","0"
"752040","4262","120锻造宝箱•弓","ff6ddcf6","4","1778","个","0","1","7100","true","0","0","0","0","0","0","0","false","false","false","0","0","1","1","999","0","0","5000000","随机获得一件150级装备有比较高几率获得无级别装备。注意：此类装备不能升星摆摊","随机装备奖励","","","","装备礼包","","","","","","","","","","","","","","","","","","","","","1","","","","","","","","0","0","0","0","0","0"
"752041","4262","120锻造宝箱•飘带","ff6ddcf6","4","1778","个","0","1","7100","true","0","0","0","0","0","0","0","false","false","false","0","0","1","1","999","0","0","5000000","随机获得一件160级装备有比较高几率获得无级别装备。注意：此类装备不能升星摆摊","随机装备奖励","","","","装备礼包","","","","","","","","","","","","","","","","","","","","","1","","","","","","","","0","0","0","0","0","0"
"752042","4262","120锻造宝箱•宝珠","ff6ddcf6","4","1778","个","0","1","7100","true","0","0","0","0","0","0","0","false","false","false","0","0","1","1","999","0","0","5000000","随机获得一件110级装备有比较高几率获得无级别装备。注意：此类装备不能升星摆摊","随机装备奖励","","","","装备礼包","","","","","","","","","","","","","","","","","","","","","1","","","","","","","","0","0","0","0","0","0"
"752043","4262","120锻造宝箱•长刀","ff6ddcf6","4","1778","个","0","1","7100","true","0","0","0","0","0","0","0","false","false","false","0","0","1","1","999","0","0","5000000","随机获得一件120级装备有比较高几率获得无级别装备。注意：此类装备不能升星摆摊","随机装备奖励","","","","装备礼包","","","","","","","","","","","","","","","","","","","","","1","","","","","","","","0","0","0","0","0","0"
"752044","4262","120锻造宝箱•双短剑","ff6ddcf6","4","1778","个","0","1","7100","true","0","0","0","0","0","0","0","false","false","false","0","0","1","1","999","0","0","5000000","随机获得一件130级装备有比较高几率获得无级别装备。注意：此类装备不能升星摆摊","随机装备奖励","","","","装备礼包","","","","","","","","","","","","","","","","","","","","","1","","","","","","","","0","0","0","0","0","0"
"752045","4262","120锻造宝箱•降魔杵","ff6ddcf6","4","1778","个","0","1","7100","true","0","0","0","0","0","0","0","false","false","false","0","0","1","1","999","0","0","5000000","随机获得一件140级装备有比较高几率获得无级别装备。注意：此类装备不能升星摆摊","随机装备奖励","","","","装备礼包","","","","","","","","","","","","","","","","","","","","","1","","","","","","","","0","0","0","0","0","0"
"752046","4262","120锻造宝箱•法杖","ff6ddcf6","4","1778","个","0","1","7100","true","0","0","0","0","0","0","0","false","false","false","0","0","1","1","999","0","0","5000000","随机获得一件150级装备有比较高几率获得无级别装备。注意：此类装备不能升星摆摊","随机装备奖励","","","","装备礼包","","","","","","","","","","","","","","","","","","","","","1","","","","","","","","0","0","0","0","0","0"
"752047","4262","120锻造宝箱•弯刀","ff6ddcf6","4","1778","个","0","1","7100","true","0","0","0","0","0","0","0","false","false","false","0","0","1","1","999","0","0","5000000","随机获得一件160级装备有比较高几率获得无级别装备。注意：此类装备不能升星摆摊","随机装备奖励","","","","装备礼包","","","","","","","","","","","","","","","","","","","","","1","","","","","","","","0","0","0","0","0","0"
"752048","4262","120锻造宝箱•男衣","ff6ddcf6","4","1778","个","0","1","7100","true","0","0","0","0","0","0","0","false","false","false","0","0","1","1","999","0","0","5000000","随机获得一件110级装备有比较高几率获得无级别装备。注意：此类装备不能升星摆摊","随机装备奖励","","","","装备礼包","","","","","","","","","","","","","","","","","","","","","1","","","","","","","","0","0","0","0","0","0"
"752049","4262","120锻造宝箱•女衣","ff6ddcf6","4","1778","个","0","1","7100","true","0","0","0","0","0","0","0","false","false","false","0","0","1","1","999","0","0","5000000","随机获得一件120级装备有比较高几率获得无级别装备。注意：此类装备不能升星摆摊","随机装备奖励","","","","装备礼包","","","","","","","","","","","","","","","","","","","","","1","","","","","","","","0","0","0","0","0","0"
"752050","4262","120锻造宝箱•头盔","ff6ddcf6","4","1778","个","0","1","7100","true","0","0","0","0","0","0","0","false","false","false","0","0","1","1","999","0","0","5000000","随机获得一件130级装备有比较高几率获得无级别装备。注意：此类装备不能升星摆摊","随机装备奖励","","","","装备礼包","","","","","","","","","","","","","","","","","","","","","1","","","","","","","","0","0","0","0","0","0"
"752051","4262","120锻造宝箱•发钗","ff6ddcf6","4","1778","个","0","1","7100","true","0","0","0","0","0","0","0","false","false","false","0","0","1","1","999","0","0","5000000","随机获得一件140级装备有比较高几率获得无级别装备。注意：此类装备不能升星摆摊","随机装备奖励","","","","装备礼包","","","","","","","","","","","","","","","","","","","","","1","","","","","","","","0","0","0","0","0","0"
"752052","4262","120锻造宝箱•项链","ff6ddcf6","4","1778","个","0","1","7100","true","0","0","0","0","0","0","0","false","false","false","0","0","1","1","999","0","0","5000000","随机获得一件150级装备有比较高几率获得无级别装备。注意：此类装备不能升星摆摊","随机装备奖励","","","","装备礼包","","","","","","","","","","","","","","","","","","","","","1","","","","","","","","0","0","0","0","0","0"
"752053","4262","120锻造宝箱•腰带","ff6ddcf6","4","1778","个","0","1","7100","true","0","0","0","0","0","0","0","false","false","false","0","0","1","1","999","0","0","5000000","随机获得一件160级装备有比较高几率获得无级别装备。注意：此类装备不能升星摆摊","随机装备奖励","","","","装备礼包","","","","","","","","","","","","","","","","","","","","","1","","","","","","","","0","0","0","0","0","0"
"752054","4262","120锻造宝箱•鞋子","ff6ddcf6","4","1778","个","0","1","7100","true","0","0","0","0","0","0","0","false","false","false","0","0","1","1","999","0","0","5000000","随机获得一件110级装备有比较高几率获得无级别装备。注意：此类装备不能升星摆摊","随机装备奖励","","","","装备礼包","","","","","","","","","","","","","","","","","","","","","1","","","","","","","","0","0","0","0","0","0"
"752055","4262","130锻造宝箱•剑","ff6ddcf6","4","1778","个","0","1","7100","true","0","0","0","0","0","0","0","false","false","false","0","0","1","1","999","0","0","5000000","随机获得一件130级装备有比较高几率获得无级别装备。注意：此类装备不能升星摆摊","随机装备奖励","","","","装备礼包","","","","","","","","","","","","","","","","","","","","","1","","","","","","","","0","0","0","0","0","0"
"752056","4262","130锻造宝箱•枪","ff6ddcf6","4","1778","个","0","1","7100","true","0","0","0","0","0","0","0","false","false","false","0","0","1","1","999","0","0","5000000","随机获得一件140级装备有比较高几率获得无级别装备。注意：此类装备不能升星摆摊","随机装备奖励","","","","装备礼包","","","","","","","","","","","","","","","","","","","","","1","","","","","","","","0","0","0","0","0","0"
"752057","4262","130锻造宝箱•斧钺","ff6ddcf6","4","1778","个","0","1","7100","true","0","0","0","0","0","0","0","false","false","false","0","0","1","1","999","0","0","5000000","随机获得一件150级装备有比较高几率获得无级别装备。注意：此类装备不能升星摆摊","随机装备奖励","","","","装备礼包","","","","","","","","","","","","","","","","","","","","","1","","","","","","","","0","0","0","0","0","0"
"752058","4262","130锻造宝箱•扇","ff6ddcf6","4","1778","个","0","1","7100","true","0","0","0","0","0","0","0","false","false","false","0","0","1","1","999","0","0","5000000","随机获得一件160级装备有比较高几率获得无级别装备。注意：此类装备不能升星摆摊","随机装备奖励","","","","装备礼包","","","","","","","","","","","","","","","","","","","","","1","","","","","","","","0","0","0","0","0","0"
"752059","4262","130锻造宝箱•魔棒","ff6ddcf6","4","1778","个","0","1","7100","true","0","0","0","0","0","0","0","false","false","false","0","0","1","1","999","0","0","5000000","随机获得一件110级装备有比较高几率获得无级别装备。注意：此类装备不能升星摆摊","随机装备奖励","","","","装备礼包","","","","","","","","","","","","","","","","","","","","","1","","","","","","","","0","0","0","0","0","0"
"752060","4262","130锻造宝箱•爪刺","ff6ddcf6","4","1778","个","0","1","7100","true","0","0","0","0","0","0","0","false","false","false","0","0","1","1","999","0","0","5000000","随机获得一件120级装备有比较高几率获得无级别装备。注意：此类装备不能升星摆摊","随机装备奖励","","","","装备礼包","","","","","","","","","","","","","","","","","","","","","1","","","","","","","","0","0","0","0","0","0"
"752061","4262","130锻造宝箱•锤","ff6ddcf6","4","1778","个","0","1","7100","true","0","0","0","0","0","0","0","false","false","false","0","0","1","1","999","0","0","5000000","随机获得一件130级装备有比较高几率获得无级别装备。注意：此类装备不能升星摆摊","随机装备奖励","","","","装备礼包","","","","","","","","","","","","","","","","","","","","","1","","","","","","","","0","0","0","0","0","0"
"752062","4262","130锻造宝箱•鞭","ff6ddcf6","4","1778","个","0","1","7100","true","0","0","0","0","0","0","0","false","false","false","0","0","1","1","999","0","0","5000000","随机获得一件140级装备有比较高几率获得无级别装备。注意：此类装备不能升星摆摊","随机装备奖励","","","","装备礼包","","","","","","","","","","","","","","","","","","","","","1","","","","","","","","0","0","0","0","0","0"
"752063","4262","130锻造宝箱•环圈","ff6ddcf6","4","1778","个","0","1","7100","true","0","0","0","0","0","0","0","false","false","false","0","0","1","1","999","0","0","5000000","随机获得一件150级装备有比较高几率获得无级别装备。注意：此类装备不能升星摆摊","随机装备奖励","","","","装备礼包","","","","","","","","","","","","","","","","","","","","","1","","","","","","","","0","0","0","0","0","0"
"752064","4262","130锻造宝箱•弓","ff6ddcf6","4","1778","个","0","1","7100","true","0","0","0","0","0","0","0","false","false","false","0","0","1","1","999","0","0","5000000","随机获得一件160级装备有比较高几率获得无级别装备。注意：此类装备不能升星摆摊","随机装备奖励","","","","装备礼包","","","","","","","","","","","","","","","","","","","","","1","","","","","","","","0","0","0","0","0","0"
"752065","4262","130锻造宝箱•飘带","ff6ddcf6","4","1778","个","0","1","7100","true","0","0","0","0","0","0","0","false","false","false","0","0","1","1","999","0","0","5000000","随机获得一件110级装备有比较高几率获得无级别装备。注意：此类装备不能升星摆摊","随机装备奖励","","","","装备礼包","","","","","","","","","","","","","","","","","","","","","1","","","","","","","","0","0","0","0","0","0"
"752066","4262","130锻造宝箱•宝珠","ff6ddcf6","4","1778","个","0","1","7100","true","0","0","0","0","0","0","0","false","false","false","0","0","1","1","999","0","0","5000000","随机获得一件120级装备有比较高几率获得无级别装备。注意：此类装备不能升星摆摊","随机装备奖励","","","","装备礼包","","","","","","","","","","","","","","","","","","","","","1","","","","","","","","0","0","0","0","0","0"
"752067","4262","130锻造宝箱•长刀","ff6ddcf6","4","1778","个","0","1","7100","true","0","0","0","0","0","0","0","false","false","false","0","0","1","1","999","0","0","5000000","随机获得一件130级装备有比较高几率获得无级别装备。注意：此类装备不能升星摆摊","随机装备奖励","","","","装备礼包","","","","","","","","","","","","","","","","","","","","","1","","","","","","","","0","0","0","0","0","0"
"752068","4262","130锻造宝箱•双短剑","ff6ddcf6","4","1778","个","0","1","7100","true","0","0","0","0","0","0","0","false","false","false","0","0","1","1","999","0","0","5000000","随机获得一件140级装备有比较高几率获得无级别装备。注意：此类装备不能升星摆摊","随机装备奖励","","","","装备礼包","","","","","","","","","","","","","","","","","","","","","1","","","","","","","","0","0","0","0","0","0"
"752069","4262","130锻造宝箱•降魔杵","ff6ddcf6","4","1778","个","0","1","7100","true","0","0","0","0","0","0","0","false","false","false","0","0","1","1","999","0","0","5000000","随机获得一件150级装备有比较高几率获得无级别装备。注意：此类装备不能升星摆摊","随机装备奖励","","","","装备礼包","","","","","","","","","","","","","","","","","","","","","1","","","","","","","","0","0","0","0","0","0"
"752070","4262","130锻造宝箱•法杖","ff6ddcf6","4","1778","个","0","1","7100","true","0","0","0","0","0","0","0","false","false","false","0","0","1","1","999","0","0","5000000","随机获得一件160级装备有比较高几率获得无级别装备。注意：此类装备不能升星摆摊","随机装备奖励","","","","装备礼包","","","","","","","","","","","","","","","","","","","","","1","","","","","","","","0","0","0","0","0","0"
"752071","4262","130锻造宝箱•弯刀","ff6ddcf6","4","1778","个","0","1","7100","true","0","0","0","0","0","0","0","false","false","false","0","0","1","1","999","0","0","5000000","随机获得一件110级装备有比较高几率获得无级别装备。注意：此类装备不能升星摆摊","随机装备奖励","","","","装备礼包","","","","","","","","","","","","","","","","","","","","","1","","","","","","","","0","0","0","0","0","0"
"752072","4262","130锻造宝箱•男衣","ff6ddcf6","4","1778","个","0","1","7100","true","0","0","0","0","0","0","0","false","false","false","0","0","1","1","999","0","0","5000000","随机获得一件120级装备有比较高几率获得无级别装备。注意：此类装备不能升星摆摊","随机装备奖励","","","","装备礼包","","","","","","","","","","","","","","","","","","","","","1","","","","","","","","0","0","0","0","0","0"
"752073","4262","130锻造宝箱•女衣","ff6ddcf6","4","1778","个","0","1","7100","true","0","0","0","0","0","0","0","false","false","false","0","0","1","1","999","0","0","5000000","随机获得一件130级装备有比较高几率获得无级别装备。注意：此类装备不能升星摆摊","随机装备奖励","","","","装备礼包","","","","","","","","","","","","","","","","","","","","","1","","","","","","","","0","0","0","0","0","0"
"752074","4262","130锻造宝箱•头盔","ff6ddcf6","4","1778","个","0","1","7100","true","0","0","0","0","0","0","0","false","false","false","0","0","1","1","999","0","0","5000000","随机获得一件140级装备有比较高几率获得无级别装备。注意：此类装备不能升星摆摊","随机装备奖励","","","","装备礼包","","","","","","","","","","","","","","","","","","","","","1","","","","","","","","0","0","0","0","0","0"
"752075","4262","130锻造宝箱•发钗","ff6ddcf6","4","1778","个","0","1","7100","true","0","0","0","0","0","0","0","false","false","false","0","0","1","1","999","0","0","5000000","随机获得一件150级装备有比较高几率获得无级别装备。注意：此类装备不能升星摆摊","随机装备奖励","","","","装备礼包","","","","","","","","","","","","","","","","","","","","","1","","","","","","","","0","0","0","0","0","0"
"752076","4262","130锻造宝箱•项链","ff6ddcf6","4","1778","个","0","1","7100","true","0","0","0","0","0","0","0","false","false","false","0","0","1","1","999","0","0","5000000","随机获得一件160级装备有比较高几率获得无级别装备。注意：此类装备不能升星摆摊","随机装备奖励","","","","装备礼包","","","","","","","","","","","","","","","","","","","","","1","","","","","","","","0","0","0","0","0","0"
"752077","4262","130锻造宝箱•腰带","ff6ddcf6","4","1778","个","0","1","7100","true","0","0","0","0","0","0","0","false","false","false","0","0","1","1","999","0","0","5000000","随机获得一件110级装备有比较高几率获得无级别装备。注意：此类装备不能升星摆摊","随机装备奖励","","","","装备礼包","","","","","","","","","","","","","","","","","","","","","1","","","","","","","","0","0","0","0","0","0"
"752078","4262","130锻造宝箱•鞋子","ff6ddcf6","4","1778","个","0","1","7100","true","0","0","0","0","0","0","0","false","false","false","0","0","1","1","999","0","0","5000000","随机获得一件120级装备有比较高几率获得无级别装备。注意：此类装备不能升星摆摊","随机装备奖励","","","","装备礼包","","","","","","","","","","","","","","","","","","","","","1","","","","","","","","0","0","0","0","0","0"
"752079","4262","140锻造宝箱•剑","ff6ddcf6","4","1778","个","0","1","7100","true","0","0","0","0","0","0","0","false","false","false","0","0","1","1","999","0","0","5000000","随机获得一件140级装备有比较高几率获得无级别装备。注意：此类装备不能升星摆摊","随机装备奖励","","","","装备礼包","","","","","","","","","","","","","","","","","","","","","1","","","","","","","","0","0","0","0","0","0"
"752080","4262","140锻造宝箱•枪","ff6ddcf6","4","1778","个","0","1","7100","true","0","0","0","0","0","0","0","false","false","false","0","0","1","1","999","0","0","5000000","随机获得一件150级装备有比较高几率获得无级别装备。注意：此类装备不能升星摆摊","随机装备奖励","","","","装备礼包","","","","","","","","","","","","","","","","","","","","","1","","","","","","","","0","0","0","0","0","0"
"752081","4262","140锻造宝箱•斧钺","ff6ddcf6","4","1778","个","0","1","7100","true","0","0","0","0","0","0","0","false","false","false","0","0","1","1","999","0","0","5000000","随机获得一件160级装备有比较高几率获得无级别装备。注意：此类装备不能升星摆摊","随机装备奖励","","","","装备礼包","","","","","","","","","","","","","","","","","","","","","1","","","","","","","","0","0","0","0","0","0"
"752082","4262","140锻造宝箱•扇","ff6ddcf6","4","1778","个","0","1","7100","true","0","0","0","0","0","0","0","false","false","false","0","0","1","1","999","0","0","5000000","随机获得一件110级装备有比较高几率获得无级别装备。注意：此类装备不能升星摆摊","随机装备奖励","","","","装备礼包","","","","","","","","","","","","","","","","","","","","","1","","","","","","","","0","0","0","0","0","0"
"752083","4262","140锻造宝箱•魔棒","ff6ddcf6","4","1778","个","0","1","7100","true","0","0","0","0","0","0","0","false","false","false","0","0","1","1","999","0","0","5000000","随机获得一件120级装备有比较高几率获得无级别装备。注意：此类装备不能升星摆摊","随机装备奖励","","","","装备礼包","","","","","","","","","","","","","","","","","","","","","1","","","","","","","","0","0","0","0","0","0"
"752084","4262","140锻造宝箱•爪刺","ff6ddcf6","4","1778","个","0","1","7100","true","0","0","0","0","0","0","0","false","false","false","0","0","1","1","999","0","0","5000000","随机获得一件130级装备有比较高几率获得无级别装备。注意：此类装备不能升星摆摊","随机装备奖励","","","","装备礼包","","","","","","","","","","","","","","","","","","","","","1","","","","","","","","0","0","0","0","0","0"
"752085","4262","140锻造宝箱•锤","ff6ddcf6","4","1778","个","0","1","7100","true","0","0","0","0","0","0","0","false","false","false","0","0","1","1","999","0","0","5000000","随机获得一件140级装备有比较高几率获得无级别装备。注意：此类装备不能升星摆摊","随机装备奖励","","","","装备礼包","","","","","","","","","","","","","","","","","","","","","1","","","","","","","","0","0","0","0","0","0"
"752086","4262","140锻造宝箱•鞭","ff6ddcf6","4","1778","个","0","1","7100","true","0","0","0","0","0","0","0","false","false","false","0","0","1","1","999","0","0","5000000","随机获得一件150级装备有比较高几率获得无级别装备。注意：此类装备不能升星摆摊","随机装备奖励","","","","装备礼包","","","","","","","","","","","","","","","","","","","","","1","","","","","","","","0","0","0","0","0","0"
"752087","4262","140锻造宝箱•环圈","ff6ddcf6","4","1778","个","0","1","7100","true","0","0","0","0","0","0","0","false","false","false","0","0","1","1","999","0","0","5000000","随机获得一件160级装备有比较高几率获得无级别装备。注意：此类装备不能升星摆摊","随机装备奖励","","","","装备礼包","","","","","","","","","","","","","","","","","","","","","1","","","","","","","","0","0","0","0","0","0"
"752088","4262","140锻造宝箱•弓","ff6ddcf6","4","1778","个","0","1","7100","true","0","0","0","0","0","0","0","false","false","false","0","0","1","1","999","0","0","5000000","随机获得一件110级装备有比较高几率获得无级别装备。注意：此类装备不能升星摆摊","随机装备奖励","","","","装备礼包","","","","","","","","","","","","","","","","","","","","","1","","","","","","","","0","0","0","0","0","0"
"752089","4262","140锻造宝箱•飘带","ff6ddcf6","4","1778","个","0","1","7100","true","0","0","0","0","0","0","0","false","false","false","0","0","1","1","999","0","0","5000000","随机获得一件120级装备有比较高几率获得无级别装备。注意：此类装备不能升星摆摊","随机装备奖励","","","","装备礼包","","","","","","","","","","","","","","","","","","","","","1","","","","","","","","0","0","0","0","0","0"
"752090","4262","140锻造宝箱•宝珠","ff6ddcf6","4","1778","个","0","1","7100","true","0","0","0","0","0","0","0","false","false","false","0","0","1","1","999","0","0","5000000","随机获得一件130级装备有比较高几率获得无级别装备。注意：此类装备不能升星摆摊","随机装备奖励","","","","装备礼包","","","","","","","","","","","","","","","","","","","","","1","","","","","","","","0","0","0","0","0","0"
"752091","4262","140锻造宝箱•长刀","ff6ddcf6","4","1778","个","0","1","7100","true","0","0","0","0","0","0","0","false","false","false","0","0","1","1","999","0","0","5000000","随机获得一件140级装备有比较高几率获得无级别装备。注意：此类装备不能升星摆摊","随机装备奖励","","","","装备礼包","","","","","","","","","","","","","","","","","","","","","1","","","","","","","","0","0","0","0","0","0"
"752092","4262","140锻造宝箱•双短剑","ff6ddcf6","4","1778","个","0","1","7100","true","0","0","0","0","0","0","0","false","false","false","0","0","1","1","999","0","0","5000000","随机获得一件150级装备有比较高几率获得无级别装备。注意：此类装备不能升星摆摊","随机装备奖励","","","","装备礼包","","","","","","","","","","","","","","","","","","","","","1","","","","","","","","0","0","0","0","0","0"
"752093","4262","140锻造宝箱•降魔杵","ff6ddcf6","4","1778","个","0","1","7100","true","0","0","0","0","0","0","0","false","false","false","0","0","1","1","999","0","0","5000000","随机获得一件160级装备有比较高几率获得无级别装备。注意：此类装备不能升星摆摊","随机装备奖励","","","","装备礼包","","","","","","","","","","","","","","","","","","","","","1","","","","","","","","0","0","0","0","0","0"
"752094","4262","140锻造宝箱•法杖","ff6ddcf6","4","1778","个","0","1","7100","true","0","0","0","0","0","0","0","false","false","false","0","0","1","1","999","0","0","5000000","随机获得一件110级装备有比较高几率获得无级别装备。注意：此类装备不能升星摆摊","随机装备奖励","","","","装备礼包","","","","","","","","","","","","","","","","","","","","","1","","","","","","","","0","0","0","0","0","0"
"752095","4262","140锻造宝箱•弯刀","ff6ddcf6","4","1778","个","0","1","7100","true","0","0","0","0","0","0","0","false","false","false","0","0","1","1","999","0","0","5000000","随机获得一件120级装备有比较高几率获得无级别装备。注意：此类装备不能升星摆摊","随机装备奖励","","","","装备礼包","","","","","","","","","","","","","","","","","","","","","1","","","","","","","","0","0","0","0","0","0"
"752096","4262","140锻造宝箱•男衣","ff6ddcf6","4","1778","个","0","1","7100","true","0","0","0","0","0","0","0","false","false","false","0","0","1","1","999","0","0","5000000","随机获得一件130级装备有比较高几率获得无级别装备。注意：此类装备不能升星摆摊","随机装备奖励","","","","装备礼包","","","","","","","","","","","","","","","","","","","","","1","","","","","","","","0","0","0","0","0","0"
"752097","4262","140锻造宝箱•女衣","ff6ddcf6","4","1778","个","0","1","7100","true","0","0","0","0","0","0","0","false","false","false","0","0","1","1","999","0","0","5000000","随机获得一件140级装备有比较高几率获得无级别装备。注意：此类装备不能升星摆摊","随机装备奖励","","","","装备礼包","","","","","","","","","","","","","","","","","","","","","1","","","","","","","","0","0","0","0","0","0"
"752098","4262","140锻造宝箱•头盔","ff6ddcf6","4","1778","个","0","1","7100","true","0","0","0","0","0","0","0","false","false","false","0","0","1","1","999","0","0","5000000","随机获得一件150级装备有比较高几率获得无级别装备。注意：此类装备不能升星摆摊","随机装备奖励","","","","装备礼包","","","","","","","","","","","","","","","","","","","","","1","","","","","","","","0","0","0","0","0","0"
"752099","4262","140锻造宝箱•发钗","ff6ddcf6","4","1778","个","0","1","7100","true","0","0","0","0","0","0","0","false","false","false","0","0","1","1","999","0","0","5000000","随机获得一件160级装备有比较高几率获得无级别装备。注意：此类装备不能升星摆摊","随机装备奖励","","","","装备礼包","","","","","","","","","","","","","","","","","","","","","1","","","","","","","","0","0","0","0","0","0"
"752100","4262","140锻造宝箱•项链","ff6ddcf6","4","1778","个","0","1","7100","true","0","0","0","0","0","0","0","false","false","false","0","0","1","1","999","0","0","5000000","随机获得一件110级装备有比较高几率获得无级别装备。注意：此类装备不能升星摆摊","随机装备奖励","","","","装备礼包","","","","","","","","","","","","","","","","","","","","","1","","","","","","","","0","0","0","0","0","0"
"752101","4262","140锻造宝箱•腰带","ff6ddcf6","4","1778","个","0","1","7100","true","0","0","0","0","0","0","0","false","false","false","0","0","1","1","999","0","0","5000000","随机获得一件120级装备有比较高几率获得无级别装备。注意：此类装备不能升星摆摊","随机装备奖励","","","","装备礼包","","","","","","","","","","","","","","","","","","","","","1","","","","","","","","0","0","0","0","0","0"
"752102","4262","140锻造宝箱•鞋子","ff6ddcf6","4","1778","个","0","1","7100","true","0","0","0","0","0","0","0","false","false","false","0","0","1","1","999","0","0","5000000","随机获得一件130级装备有比较高几率获得无级别装备。注意：此类装备不能升星摆摊","随机装备奖励","","","","装备礼包","","","","","","","","","","","","","","","","","","","","","1","","","","","","","","0","0","0","0","0","0"
"752103","4262","150锻造宝箱•剑","ff6ddcf6","4","1778","个","0","1","7100","true","0","0","0","0","0","0","0","false","false","false","0","0","1","1","999","0","0","5000000","随机获得一件150级装备有比较高几率获得无级别装备。注意：此类装备不能升星摆摊","随机装备奖励","","","","装备礼包","","","","","","","","","","","","","","","","","","","","","1","","","","","","","","0","0","0","0","0","0"
"752104","4262","150锻造宝箱•枪","ff6ddcf6","4","1778","个","0","1","7100","true","0","0","0","0","0","0","0","false","false","false","0","0","1","1","999","0","0","5000000","随机获得一件160级装备有比较高几率获得无级别装备。注意：此类装备不能升星摆摊","随机装备奖励","","","","装备礼包","","","","","","","","","","","","","","","","","","","","","1","","","","","","","","0","0","0","0","0","0"
"752105","4262","150锻造宝箱•斧钺","ff6ddcf6","4","1778","个","0","1","7100","true","0","0","0","0","0","0","0","false","false","false","0","0","1","1","999","0","0","5000000","随机获得一件110级装备有比较高几率获得无级别装备。注意：此类装备不能升星摆摊","随机装备奖励","","","","装备礼包","","","","","","","","","","","","","","","","","","","","","1","","","","","","","","0","0","0","0","0","0"
"752106","4262","150锻造宝箱•扇","ff6ddcf6","4","1778","个","0","1","7100","true","0","0","0","0","0","0","0","false","false","false","0","0","1","1","999","0","0","5000000","随机获得一件120级装备有比较高几率获得无级别装备。注意：此类装备不能升星摆摊","随机装备奖励","","","","装备礼包","","","","","","","","","","","","","","","","","","","","","1","","","","","","","","0","0","0","0","0","0"
"752107","4262","150锻造宝箱•魔棒","ff6ddcf6","4","1778","个","0","1","7100","true","0","0","0","0","0","0","0","false","false","false","0","0","1","1","999","0","0","5000000","随机获得一件130级装备有比较高几率获得无级别装备。注意：此类装备不能升星摆摊","随机装备奖励","","","","装备礼包","","","","","","","","","","","","","","","","","","","","","1","","","","","","","","0","0","0","0","0","0"
"752108","4262","150锻造宝箱•爪刺","ff6ddcf6","4","1778","个","0","1","7100","true","0","0","0","0","0","0","0","false","false","false","0","0","1","1","999","0","0","5000000","随机获得一件140级装备有比较高几率获得无级别装备。注意：此类装备不能升星摆摊","随机装备奖励","","","","装备礼包","","","","","","","","","","","","","","","","","","","","","1","","","","","","","","0","0","0","0","0","0"
"752109","4262","150锻造宝箱•锤","ff6ddcf6","4","1778","个","0","1","7100","true","0","0","0","0","0","0","0","false","false","false","0","0","1","1","999","0","0","5000000","随机获得一件150级装备有比较高几率获得无级别装备。注意：此类装备不能升星摆摊","随机装备奖励","","","","装备礼包","","","","","","","","","","","","","","","","","","","","","1","","","","","","","","0","0","0","0","0","0"
"752110","4262","150锻造宝箱•鞭","ff6ddcf6","4","1778","个","0","1","7100","true","0","0","0","0","0","0","0","false","false","false","0","0","1","1","999","0","0","5000000","随机获得一件160级装备有比较高几率获得无级别装备。注意：此类装备不能升星摆摊","随机装备奖励","","","","装备礼包","","","","","","","","","","","","","","","","","","","","","1","","","","","","","","0","0","0","0","0","0"
"752111","4262","150锻造宝箱•环圈","ff6ddcf6","4","1778","个","0","1","7100","true","0","0","0","0","0","0","0","false","false","false","0","0","1","1","999","0","0","5000000","随机获得一件110级装备有比较高几率获得无级别装备。注意：此类装备不能升星摆摊","随机装备奖励","","","","装备礼包","","","","","","","","","","","","","","","","","","","","","1","","","","","","","","0","0","0","0","0","0"
"752112","4262","150锻造宝箱•弓","ff6ddcf6","4","1778","个","0","1","7100","true","0","0","0","0","0","0","0","false","false","false","0","0","1","1","999","0","0","5000000","随机获得一件120级装备有比较高几率获得无级别装备。注意：此类装备不能升星摆摊","随机装备奖励","","","","装备礼包","","","","","","","","","","","","","","","","","","","","","1","","","","","","","","0","0","0","0","0","0"
"752113","4262","150锻造宝箱•飘带","ff6ddcf6","4","1778","个","0","1","7100","true","0","0","0","0","0","0","0","false","false","false","0","0","1","1","999","0","0","5000000","随机获得一件130级装备有比较高几率获得无级别装备。注意：此类装备不能升星摆摊","随机装备奖励","","","","装备礼包","","","","","","","","","","","","","","","","","","","","","1","","","","","","","","0","0","0","0","0","0"
"752114","4262","150锻造宝箱•宝珠","ff6ddcf6","4","1778","个","0","1","7100","true","0","0","0","0","0","0","0","false","false","false","0","0","1","1","999","0","0","5000000","随机获得一件140级装备有比较高几率获得无级别装备。注意：此类装备不能升星摆摊","随机装备奖励","","","","装备礼包","","","","","","","","","","","","","","","","","","","","","1","","","","","","","","0","0","0","0","0","0"
"752115","4262","150锻造宝箱•长刀","ff6ddcf6","4","1778","个","0","1","7100","true","0","0","0","0","0","0","0","false","false","false","0","0","1","1","999","0","0","5000000","随机获得一件150级装备有比较高几率获得无级别装备。注意：此类装备不能升星摆摊","随机装备奖励","","","","装备礼包","","","","","","","","","","","","","","","","","","","","","1","","","","","","","","0","0","0","0","0","0"
"752116","4262","150锻造宝箱•双短剑","ff6ddcf6","4","1778","个","0","1","7100","true","0","0","0","0","0","0","0","false","false","false","0","0","1","1","999","0","0","5000000","随机获得一件160级装备有比较高几率获得无级别装备。注意：此类装备不能升星摆摊","随机装备奖励","","","","装备礼包","","","","","","","","","","","","","","","","","","","","","1","","","","","","","","0","0","0","0","0","0"
"752117","4262","150锻造宝箱•降魔杵","ff6ddcf6","4","1778","个","0","1","7100","true","0","0","0","0","0","0","0","false","false","false","0","0","1","1","999","0","0","5000000","随机获得一件110级装备有比较高几率获得无级别装备。注意：此类装备不能升星摆摊","随机装备奖励","","","","装备礼包","","","","","","","","","","","","","","","","","","","","","1","","","","","","","","0","0","0","0","0","0"
"752118","4262","150锻造宝箱•法杖","ff6ddcf6","4","1778","个","0","1","7100","true","0","0","0","0","0","0","0","false","false","false","0","0","1","1","999","0","0","5000000","随机获得一件120级装备有比较高几率获得无级别装备。注意：此类装备不能升星摆摊","随机装备奖励","","","","装备礼包","","","","","","","","","","","","","","","","","","","","","1","","","","","","","","0","0","0","0","0","0"
"752119","4262","150锻造宝箱•弯刀","ff6ddcf6","4","1778","个","0","1","7100","true","0","0","0","0","0","0","0","false","false","false","0","0","1","1","999","0","0","5000000","随机获得一件130级装备有比较高几率获得无级别装备。注意：此类装备不能升星摆摊","随机装备奖励","","","","装备礼包","","","","","","","","","","","","","","","","","","","","","1","","","","","","","","0","0","0","0","0","0"
"752120","4262","150锻造宝箱•男衣","ff6ddcf6","4","1778","个","0","1","7100","true","0","0","0","0","0","0","0","false","false","false","0","0","1","1","999","0","0","5000000","随机获得一件140级装备有比较高几率获得无级别装备。注意：此类装备不能升星摆摊","随机装备奖励","","","","装备礼包","","","","","","","","","","","","","","","","","","","","","1","","","","","","","","0","0","0","0","0","0"
"752121","4262","150锻造宝箱•女衣","ff6ddcf6","4","1778","个","0","1","7100","true","0","0","0","0","0","0","0","false","false","false","0","0","1","1","999","0","0","5000000","随机获得一件150级装备有比较高几率获得无级别装备。注意：此类装备不能升星摆摊","随机装备奖励","","","","装备礼包","","","","","","","","","","","","","","","","","","","","","1","","","","","","","","0","0","0","0","0","0"
"752122","4262","150锻造宝箱•头盔","ff6ddcf6","4","1778","个","0","1","7100","true","0","0","0","0","0","0","0","false","false","false","0","0","1","1","999","0","0","5000000","随机获得一件160级装备有比较高几率获得无级别装备。注意：此类装备不能升星摆摊","随机装备奖励","","","","装备礼包","","","","","","","","","","","","","","","","","","","","","1","","","","","","","","0","0","0","0","0","0"
"752123","4262","150锻造宝箱•发钗","ff6ddcf6","4","1778","个","0","1","7100","true","0","0","0","0","0","0","0","false","false","false","0","0","1","1","999","0","0","5000000","随机获得一件110级装备有比较高几率获得无级别装备。注意：此类装备不能升星摆摊","随机装备奖励","","","","装备礼包","","","","","","","","","","","","","","","","","","","","","1","","","","","","","","0","0","0","0","0","0"
"752124","4262","150锻造宝箱•项链","ff6ddcf6","4","1778","个","0","1","7100","true","0","0","0","0","0","0","0","false","false","false","0","0","1","1","999","0","0","5000000","随机获得一件120级装备有比较高几率获得无级别装备。注意：此类装备不能升星摆摊","随机装备奖励","","","","装备礼包","","","","","","","","","","","","","","","","","","","","","1","","","","","","","","0","0","0","0","0","0"
"752125","4262","150锻造宝箱•腰带","ff6ddcf6","4","1778","个","0","1","7100","true","0","0","0","0","0","0","0","false","false","false","0","0","1","1","999","0","0","5000000","随机获得一件130级装备有比较高几率获得无级别装备。注意：此类装备不能升星摆摊","随机装备奖励","","","","装备礼包","","","","","","","","","","","","","","","","","","","","","1","","","","","","","","0","0","0","0","0","0"
"752126","4262","150锻造宝箱•鞋子","ff6ddcf6","4","1778","个","0","1","7100","true","0","0","0","0","0","0","0","false","false","false","0","0","1","1","999","0","0","5000000","随机获得一件140级装备有比较高几率获得无级别装备。注意：此类装备不能升星摆摊","随机装备奖励","","","","装备礼包","","","","","","","","","","","","","","","","","","","","","1","","","","","","","","0","0","0","0","0","0"
"752127","4262","160锻造宝箱•剑","ff6ddcf6","4","1778","个","0","1","7100","true","0","0","0","0","0","0","0","false","false","false","0","0","1","1","999","0","0","5000000","随机获得一件160级装备有比较高几率获得无级别装备。注意：此类装备不能升星摆摊","随机装备奖励","","","","装备礼包","","","","","","","","","","","","","","","","","","","","","1","","","","","","","","0","0","0","0","0","0"
"752128","4262","160锻造宝箱•枪","ff6ddcf6","4","1778","个","0","1","7100","true","0","0","0","0","0","0","0","false","false","false","0","0","1","1","999","0","0","5000000","随机获得一件110级装备有比较高几率获得无级别装备。注意：此类装备不能升星摆摊","随机装备奖励","","","","装备礼包","","","","","","","","","","","","","","","","","","","","","1","","","","","","","","0","0","0","0","0","0"
"752129","4262","160锻造宝箱•斧钺","ff6ddcf6","4","1778","个","0","1","7100","true","0","0","0","0","0","0","0","false","false","false","0","0","1","1","999","0","0","5000000","随机获得一件120级装备有比较高几率获得无级别装备。注意：此类装备不能升星摆摊","随机装备奖励","","","","装备礼包","","","","","","","","","","","","","","","","","","","","","1","","","","","","","","0","0","0","0","0","0"
"752130","4262","160锻造宝箱•扇","ff6ddcf6","4","1778","个","0","1","7100","true","0","0","0","0","0","0","0","false","false","false","0","0","1","1","999","0","0","5000000","随机获得一件130级装备有比较高几率获得无级别装备。注意：此类装备不能升星摆摊","随机装备奖励","","","","装备礼包","","","","","","","","","","","","","","","","","","","","","1","","","","","","","","0","0","0","0","0","0"
"752131","4262","160锻造宝箱•魔棒","ff6ddcf6","4","1778","个","0","1","7100","true","0","0","0","0","0","0","0","false","false","false","0","0","1","1","999","0","0","5000000","随机获得一件140级装备有比较高几率获得无级别装备。注意：此类装备不能升星摆摊","随机装备奖励","","","","装备礼包","","","","","","","","","","","","","","","","","","","","","1","","","","","","","","0","0","0","0","0","0"
"752132","4262","160锻造宝箱•爪刺","ff6ddcf6","4","1778","个","0","1","7100","true","0","0","0","0","0","0","0","false","false","false","0","0","1","1","999","0","0","5000000","随机获得一件150级装备有比较高几率获得无级别装备。注意：此类装备不能升星摆摊","随机装备奖励","","","","装备礼包","","","","","","","","","","","","","","","","","","","","","1","","","","","","","","0","0","0","0","0","0"
"752133","4262","160锻造宝箱•锤","ff6ddcf6","4","1778","个","0","1","7100","true","0","0","0","0","0","0","0","false","false","false","0","0","1","1","999","0","0","5000000","随机获得一件160级装备有比较高几率获得无级别装备。注意：此类装备不能升星摆摊","随机装备奖励","","","","装备礼包","","","","","","","","","","","","","","","","","","","","","1","","","","","","","","0","0","0","0","0","0"
"752134","4262","160锻造宝箱•鞭","ff6ddcf6","4","1778","个","0","1","7100","true","0","0","0","0","0","0","0","false","false","false","0","0","1","1","999","0","0","5000000","随机获得一件110级装备有比较高几率获得无级别装备。注意：此类装备不能升星摆摊","随机装备奖励","","","","装备礼包","","","","","","","","","","","","","","","","","","","","","1","","","","","","","","0","0","0","0","0","0"
"752135","4262","160锻造宝箱•环圈","ff6ddcf6","4","1778","个","0","1","7100","true","0","0","0","0","0","0","0","false","false","false","0","0","1","1","999","0","0","5000000","随机获得一件120级装备有比较高几率获得无级别装备。注意：此类装备不能升星摆摊","随机装备奖励","","","","装备礼包","","","","","","","","","","","","","","","","","","","","","1","","","","","","","","0","0","0","0","0","0"
"752136","4262","160锻造宝箱•弓","ff6ddcf6","4","1778","个","0","1","7100","true","0","0","0","0","0","0","0","false","false","false","0","0","1","1","999","0","0","5000000","随机获得一件130级装备有比较高几率获得无级别装备。注意：此类装备不能升星摆摊","随机装备奖励","","","","装备礼包","","","","","","","","","","","","","","","","","","","","","1","","","","","","","","0","0","0","0","0","0"
"752137","4262","160锻造宝箱•飘带","ff6ddcf6","4","1778","个","0","1","7100","true","0","0","0","0","0","0","0","false","false","false","0","0","1","1","999","0","0","5000000","随机获得一件140级装备有比较高几率获得无级别装备。注意：此类装备不能升星摆摊","随机装备奖励","","","","装备礼包","","","","","","","","","","","","","","","","","","","","","1","","","","","","","","0","0","0","0","0","0"
"752138","4262","160锻造宝箱•宝珠","ff6ddcf6","4","1778","个","0","1","7100","true","0","0","0","0","0","0","0","false","false","false","0","0","1","1","999","0","0","5000000","随机获得一件150级装备有比较高几率获得无级别装备。注意：此类装备不能升星摆摊","随机装备奖励","","","","装备礼包","","","","","","","","","","","","","","","","","","","","","1","","","","","","","","0","0","0","0","0","0"
"752139","4262","160锻造宝箱•长刀","ff6ddcf6","4","1778","个","0","1","7100","true","0","0","0","0","0","0","0","false","false","false","0","0","1","1","999","0","0","5000000","随机获得一件160级装备有比较高几率获得无级别装备。注意：此类装备不能升星摆摊","随机装备奖励","","","","装备礼包","","","","","","","","","","","","","","","","","","","","","1","","","","","","","","0","0","0","0","0","0"
"752140","4262","160锻造宝箱•双短剑","ff6ddcf6","4","1778","个","0","1","7100","true","0","0","0","0","0","0","0","false","false","false","0","0","1","1","999","0","0","5000000","随机获得一件110级装备有比较高几率获得无级别装备。注意：此类装备不能升星摆摊","随机装备奖励","","","","装备礼包","","","","","","","","","","","","","","","","","","","","","1","","","","","","","","0","0","0","0","0","0"
"752141","4262","160锻造宝箱•降魔杵","ff6ddcf6","4","1778","个","0","1","7100","true","0","0","0","0","0","0","0","false","false","false","0","0","1","1","999","0","0","5000000","随机获得一件120级装备有比较高几率获得无级别装备。注意：此类装备不能升星摆摊","随机装备奖励","","","","装备礼包","","","","","","","","","","","","","","","","","","","","","1","","","","","","","","0","0","0","0","0","0"
"752142","4262","160锻造宝箱•法杖","ff6ddcf6","4","1778","个","0","1","7100","true","0","0","0","0","0","0","0","false","false","false","0","0","1","1","999","0","0","5000000","随机获得一件130级装备有比较高几率获得无级别装备。注意：此类装备不能升星摆摊","随机装备奖励","","","","装备礼包","","","","","","","","","","","","","","","","","","","","","1","","","","","","","","0","0","0","0","0","0"
"752143","4262","160锻造宝箱•弯刀","ff6ddcf6","4","1778","个","0","1","7100","true","0","0","0","0","0","0","0","false","false","false","0","0","1","1","999","0","0","5000000","随机获得一件140级装备有比较高几率获得无级别装备。注意：此类装备不能升星摆摊","随机装备奖励","","","","装备礼包","","","","","","","","","","","","","","","","","","","","","1","","","","","","","","0","0","0","0","0","0"
"752144","4262","160锻造宝箱•男衣","ff6ddcf6","4","1778","个","0","1","7100","true","0","0","0","0","0","0","0","false","false","false","0","0","1","1","999","0","0","5000000","随机获得一件150级装备有比较高几率获得无级别装备。注意：此类装备不能升星摆摊","随机装备奖励","","","","装备礼包","","","","","","","","","","","","","","","","","","","","","1","","","","","","","","0","0","0","0","0","0"
"752145","4262","160锻造宝箱•女衣","ff6ddcf6","4","1778","个","0","1","7100","true","0","0","0","0","0","0","0","false","false","false","0","0","1","1","999","0","0","5000000","随机获得一件160级装备有比较高几率获得无级别装备。注意：此类装备不能升星摆摊","随机装备奖励","","","","装备礼包","","","","","","","","","","","","","","","","","","","","","1","","","","","","","","0","0","0","0","0","0"
"752146","4262","160锻造宝箱•头盔","ff6ddcf6","4","1778","个","0","1","7100","true","0","0","0","0","0","0","0","false","false","false","0","0","1","1","999","0","0","5000000","随机获得一件120级装备有比较高几率获得无级别装备。注意：此类装备不能升星摆摊","随机装备奖励","","","","装备礼包","","","","","","","","","","","","","","","","","","","","","1","","","","","","","","0","0","0","0","0","0"
"752147","4262","160锻造宝箱•发钗","ff6ddcf6","4","1778","个","0","1","7100","true","0","0","0","0","0","0","0","false","false","false","0","0","1","1","999","0","0","5000000","随机获得一件130级装备有比较高几率获得无级别装备。注意：此类装备不能升星摆摊","随机装备奖励","","","","装备礼包","","","","","","","","","","","","","","","","","","","","","1","","","","","","","","0","0","0","0","0","0"
"752148","4262","160锻造宝箱•项链","ff6ddcf6","4","1778","个","0","1","7100","true","0","0","0","0","0","0","0","false","false","false","0","0","1","1","999","0","0","5000000","随机获得一件140级装备有比较高几率获得无级别装备。注意：此类装备不能升星摆摊","随机装备奖励","","","","装备礼包","","","","","","","","","","","","","","","","","","","","","1","","","","","","","","0","0","0","0","0","0"
"752149","4262","160锻造宝箱•腰带","ff6ddcf6","4","1778","个","0","1","7100","true","0","0","0","0","0","0","0","false","false","false","0","0","1","1","999","0","0","5000000","随机获得一件150级装备有比较高几率获得无级别装备。注意：此类装备不能升星摆摊","随机装备奖励","","","","装备礼包","","","","","","","","","","","","","","","","","","","","","1","","","","","","","","0","0","0","0","0","0"
"752150","4262","160锻造宝箱•鞋子","ff6ddcf6","4","1778","个","0","1","7100","true","0","0","0","0","0","0","0","false","false","false","0","0","1","1","999","0","0","5000000","随机获得一件160级装备有比较高几率获得无级别装备。注意：此类装备不能升星摆摊","随机装备奖励","","","","装备礼包","","","","","","","","","","","","","","","","","","","","","1","","","","","","","","0","0","0","0","0","0"
"","","经验丹","","","","","","","","","","","","","","","","","","","","","","","","","","","","","","","","","","","","","","","","","","","","","","","","","","","","","","","","","","","","","","","","","",""
"923001","4262","小经验丹","ff6ddcf6","4","793","个","0","1","5500","true","0","0","0","0","0","0","0","false","false","false","0","0","1","1","9999","0","0","5000000","打开获得：少量经验","打开获得经验","","","","礼包","","","","","","","","","","","","","","","","","","","","1","1","","","","","","","","0","0","0","0","0","0"
"923002","4262","中经验丹","ff6ddcf6","4","793","个","0","1","5500","true","0","0","0","0","0","0","0","false","false","false","0","0","1","1","9999","0","0","5000000","打开获得：较多经验","打开获得经验","","","","礼包","","","","","","","","","","","","","","","","","","","","1","1","","","","","","","","0","0","0","0","0","0"
"923003","4262","大经验丹","ff6ddcf6","4","793","个","0","1","5500","true","0","0","0","0","0","0","0","false","false","false","0","0","1","1","9999","0","0","5000000","打开获得：大量经验","打开获得经验","","","","礼包","","","","","","","","","","","","","","","","","","","","1","1","","","","","","","","0","0","0","0","0","0"
"923004","4262","巨大经验丹","ff6ddcf6","4","790","个","0","1","5500","true","0","0","0","0","0","0","0","false","false","false","0","0","1","1","9999","0","0","5000000","打开获得：20000000经验","打开获得经验","","","","礼包","","","","","","","","","","","","","","","","","","","","1","1","","","","","","","","0","0","0","0","0","0"
"923005","4262","超巨量经验丹","ff6ddcf6","4","791","个","0","1","5500","true","0","0","0","0","0","0","0","false","false","false","0","0","1","1","9999","0","0","5000000","打开获得：1亿经验","打开获得经验","","","","礼包","","","","","","","","","","","","","","","","","","","","1","1","","","","","","","","0","0","0","0","0","0"
"923006","4262","500W经验丹","ff6ddcf6","4","792","个","0","1","5500","true","0","0","0","0","0","0","0","false","false","false","0","0","1","1","9999","0","0","5000000","打开获得：500万经验","打开获得经验","","","","礼包","","","","","","","","","","","","","","","","","","","","1","1","","","","","","","","0","0","0","0","0","0"
"","","以下测试礼包","","","","","","","","","","","","","","","","","","","","","","","","","","","","","","","","","","","","","","","","","","","","","","","","","","","","","","","","","","","","","","","","","",""
"924001","582","测试装备","ff6ddcf6","4","1727","个","0","1","7100","true","0","0","0","0","0","0","0","false","false","false","0","0","1","1","9999","0","0","5000000","打开获得：整套160装备","打开获得道具","","","","礼包","","3","73","","","","","","","","","","","","","","","","","1","1","","","","","","","","0","0","0","0","0","0"
"924002","582","测试法宝","ff6ddcf6","4","1727","个","0","1","7100","true","0","0","0","0","0","0","0","false","false","false","0","0","1","1","9999","0","0","5000000","打开获得：整套法宝","打开获得道具","","","","礼包","","3","73","","","","","","","","","","","","","","","","","1","1","","","","","","","","0","0","0","0","0","0"
"924003","582","测试星印","ff6ddcf6","4","1727","个","0","1","7100","true","0","0","0","0","0","0","0","false","false","false","0","0","1","1","9999","0","0","5000000","打开获得：整套星印","打开获得道具","","","","礼包","","3","73","","","","","","","","","","","","","","","","","1","1","","","","","","","","0","0","0","0","0","0"
"924004","582","测试戒指","ff6ddcf6","4","1727","个","0","1","7100","true","0","0","0","0","0","0","0","false","false","false","0","0","1","1","9999","0","0","5000000","打开获得：整套戒指","打开获得道具","","","","礼包","","3","73","","","","","","","","","","","","","","","","","1","1","","","","","","","","0","0","0","0","0","0"
"924005","4262","测试石头","ff6ddcf6","4","1727","个","0","1","7100","true","0","0","0","0","0","0","0","false","false","false","0","0","1","1","9999","0","0","5000000","打开可以获得：整套宝石","打开获得道具","","","","礼包","","","","","","","","","","","","","","","","","","","","1","1","","","","","","","","0","0","0","0","0","0"
"924006","4262","测试器灵","ff6ddcf6","4","1727","个","0","1","7100","true","0","0","0","0","0","0","0","false","false","false","0","0","1","1","9999","0","0","5000000","打开可以获得：整套器灵","打开获得道具","","","","礼包","","","","","","","","","","","","","","","","","","","","1","1","","","","","","","","0","0","0","0","0","0"
"924007","4262","测试宠物","ff6ddcf6","4","1727","个","0","1","7100","true","0","0","0","0","0","0","0","false","false","false","0","0","1","1","9999","0","0","5000000","打开可以获得：3.0宠物","打开获得道具","","","","礼包","","","","","","","","","","","","","","","","","","","","1","1","","","","","","","","0","0","0","0","0","0"
"924008","4262","测试道具1","ff6ddcf6","4","1727","个","0","1","7100","true","0","0","0","0","0","0","0","false","false","false","0","0","1","1","9999","0","0","5000000","打开可以获得：特殊兽决 神兜兜 周卡等物资","打开获得道具","","","","礼包","","","","","","","","","","","","","","","","","","","","1","1","","","","","","","","0","0","0","0","0","0"
"924009","4262","测试道具2","ff6ddcf6","4","1727","个","0","1","7100","true","0","0","0","0","0","0","0","false","false","false","0","0","1","1","9999","0","0","5000000","打开可以获得：特殊兽决 神兜兜 周卡等物资","打开获得道具","","","","礼包","","","","","","","","","","","","","","","","","","","","1","1","","","","","","","","0","0","0","0","0","0"
"924010","4262","无限仙玉礼包","ff6ddcf6","4","1727","个","0","1","7100","true","0","0","0","0","0","0","0","false","false","false","0","0","1","1","9999","0","0","5000000","打开可以获得：无限仙玉","打开获得道具","","","","礼包","","","","","","","","","","","","","","","","","","","","1","1","","","","","","","","0","0","0","0","0","0"
"924011","4262","宝石","ff6ddcf6","4","1727","个","0","1","7100","true","0","0","0","0","0","0","0","false","false","false","0","0","1","1","9999","0","0","5000000","打开可以获得：整套宝石","打开获得道具","","","","礼包","","","","","","","","","","","","","","","","","","","","1","1","","","","","","","","0","0","0","0","0","0"
"924012","4262","宝珠","ff6ddcf6","4","1727","个","0","1","7100","true","0","0","0","0","0","0","0","false","false","false","0","0","1","1","9999","0","0","5000000","打开可以获得：整套宝珠","打开获得道具","","","","礼包","","","","","","","","","","","","","","","","","","","","1","1","","","","","","","","0","0","0","0","0","0"
"924013","4262","灵石","ff6ddcf6","4","1727","个","0","1","7100","true","0","0","0","0","0","0","0","false","false","false","0","0","1","1","9999","0","0","5000000","打开可以获得：整套灵石","打开获得道具","","","","礼包","","","","","","","","","","","","","","","","","","","","1","1","","","","","","","","0","0","0","0","0","0"
"924014","4262","星辉石","ff6ddcf6","4","1727","个","0","1","7100","true","0","0","0","0","0","0","0","false","false","false","0","0","1","1","9999","0","0","5000000","打开可以获得：整套星辉石","打开获得道具","","","","礼包","","","","","","","","","","","","","","","","","","","","1","1","","","","","","","","0","0","0","0","0","0"
"924015","4262","特殊主动兽决1","ff6ddcf6","4","1727","个","0","1","7100","true","0","0","0","0","0","0","0","false","false","false","0","0","1","1","9999","0","0","5000000","打开可以获得：整套主动兽决","打开获得道具","","","","礼包","","","","","","","","","","","","","","","","","","","","1","1","","","","","","","","0","0","0","0","0","0"
"924016","4262","特殊主动兽决2","ff6ddcf6","4","1727","个","0","1","7100","true","0","0","0","0","0","0","0","false","false","false","0","0","1","1","9999","0","0","5000000","打开可以获得：整套被动兽决","打开获得道具","","","","礼包","","","","","","","","","","","","","","","","","","","","1","1","","","","","","","","0","0","0","0","0","0"
"924017","4262","特殊被动兽决1","ff6ddcf6","4","1727","个","0","1","7100","true","0","0","0","0","0","0","0","false","false","false","0","0","1","1","9999","0","0","5000000","打开可以获得：整套主动兽决","打开获得道具","","","","礼包","","","","","","","","","","","","","","","","","","","","1","1","","","","","","","","0","0","0","0","0","0"
"924018","4262","特殊被动兽决2","ff6ddcf6","4","1727","个","0","1","7100","true","0","0","0","0","0","0","0","false","false","false","0","0","1","1","9999","0","0","5000000","打开可以获得：整套被动兽决","打开获得道具","","","","礼包","","","","","","","","","","","","","","","","","","","","1","1","","","","","","","","0","0","0","0","0","0"
"924019","4262","测试大礼包","ff6ddcf6","4","1727","个","0","1","7100","true","0","0","0","0","0","0","0","false","false","false","0","0","1","1","9999","0","0","5000000","打开可以获得：惊喜测试大礼包","打开获得道具","","","","礼包","","","","","","","","","","","","","","","","","","","","1","1","","","","","","","","0","0","0","0","0","0"
"924020","4262","vip礼包","ff6ddcf6","4","1727","个","0","1","7100","true","0","0","0","0","0","0","0","false","false","false","0","0","1","1","9999","0","0","5000000","打开可以获得：vip","打开获得道具","","","","礼包","","","","","","","","","","","","","","","","","","","","1","1","","","","","","","","0","0","0","0","0","0"
"924021","4262","坐骑1","ff6ddcf6","4","1727","个","0","1","7100","true","0","0","0","0","0","0","0","false","false","false","0","0","1","1","9999","0","0","5000000","打开可以获得：坐骑","打开获得道具","","","","礼包","","","","","","","","","","","","","","","","","","","","1","1","","","","","","","","0","0","0","0","0","0"
"924022","4262","坐骑2","ff6ddcf6","4","1727","个","0","1","7100","true","0","0","0","0","0","0","0","false","false","false","0","0","1","1","9999","0","0","5000000","打开可以获得：坐骑","打开获得道具","","","","礼包","","","","","","","","","","","","","","","","","","","","1","1","","","","","","","","0","0","0","0","0","0"
"","","用于活动展示图标","","","","","","","","","","","","","","","","","","","","","","","","","","","","","","","","","","","","","","","","","","","","","","","","","","","","","","","","","","","","","","","","","",""
"927001","4262","110-160钨金","ff6ddcf6","4","1278","个","0","1","5000","TRUE","0","0","0","0","0","0","0","FALSE","FALSE","FALSE","0","0","1","1","20","0","0","5000000","110-160钨金","110-160钨金","","","","礼包","","","","","","","","","","","","","","","","","","","","","1","","","","","","","","0","0","0","0","0","0"
"927002","4262","宠物特殊兽决","ff6ddcf6","4","739","个","0","1","5000","TRUE","0","0","0","0","0","0","0","FALSE","FALSE","FALSE","0","0","1","1","20","0","0","5000000","宠物特殊兽决","宠物特殊兽决","","","","礼包","","","","","","","","","","","","","","","","","","","","","1","","","","","","","","0","0","0","0","0","0"
"927003","4262","宠物高级兽决","ff6ddcf6","4","1169","个","0","1","5000","TRUE","0","0","0","0","0","0","0","FALSE","FALSE","FALSE","0","0","1","1","20","0","0","5000000","宠物高级兽决","宠物高级兽决","","","","礼包","","","","","","","","","","","","","","","","","","","","","1","","","","","","","","0","0","0","0","0","0"
"927004","4262","宠物低级兽决","ff6ddcf6","4","1168","个","0","1","5000","TRUE","0","0","0","0","0","0","0","FALSE","FALSE","FALSE","0","0","1","1","20","0","0","5000000","宠物低级兽决","宠物低级兽决","","","","礼包","","","","","","","","","","","","","","","","","","","","","1","","","","","","","","0","0","0","0","0","0"
"927005","4262","110-160级随机钨金","ff6ddcf6","4","1278","个","0","1","5000","TRUE","0","0","0","0","0","0","0","FALSE","FALSE","FALSE","0","0","1","1","20","0","0","5000000","110-160级随机钨金","110-160级随机钨金","","","","礼包","","","","","","","","","","","","","","","","","","","","","1","","","","","","","","0","0","0","0","0","0"
"927006","4262","120级钨金","ff6ddcf6","4","1278","个","0","1","5000","TRUE","0","0","0","0","0","0","0","FALSE","FALSE","FALSE","0","0","1","1","20","0","0","5000000","120级钨金","120级钨金","","","","礼包","","","","","","","","","","","","","","","","","","","","","1","","","","","","","","0","0","0","0","0","0"
"927007","4262","130级钨金","ff6ddcf6","4","1278","个","0","1","5000","TRUE","0","0","0","0","0","0","0","FALSE","FALSE","FALSE","0","0","1","1","20","0","0","5000000","130级钨金","130级钨金","","","","礼包","","","","","","","","","","","","","","","","","","","","","1","","","","","","","","0","0","0","0","0","0"
"927008","4262","140级钨金","ff6ddcf6","4","1278","个","0","1","5000","TRUE","0","0","0","0","0","0","0","FALSE","FALSE","FALSE","0","0","1","1","20","0","0","5000000","140级钨金","140级钨金","","","","礼包","","","","","","","","","","","","","","","","","","","","","1","","","","","","","","0","0","0","0","0","0"
"927009","4262","150级钨金","ff6ddcf6","4","1278","个","0","1","5000","TRUE","0","0","0","0","0","0","0","FALSE","FALSE","FALSE","0","0","1","1","20","0","0","5000000","150级钨金","150级钨金","","","","礼包","","","","","","","","","","","","","","","","","","","","","1","","","","","","","","0","0","0","0","0","0"
"927010","4262","160级钨金","ff6ddcf6","4","1278","个","0","1","5000","TRUE","0","0","0","0","0","0","0","FALSE","FALSE","FALSE","0","0","1","1","20","0","0","5000000","160级钨金","160级钨金","","","","礼包","","","","","","","","","","","","","","","","","","","","","1","","","","","","","","0","0","0","0","0","0"
"927011","4262","海量金币","ff6ddcf6","4","1186","个","0","1","5000","TRUE","0","0","0","0","0","0","0","FALSE","FALSE","FALSE","0","0","1","1","20","0","0","5000000","海量金币","海量金币","","","","礼包","","","","","","","","","","","","","","","","","","","","","1","","","","","","","","0","0","0","0","0","0"
"927012","4262","随机神兜兜礼包","ff6ddcf6","4","1230","个","0","1","5000","TRUE","0","0","0","0","0","0","0","FALSE","FALSE","FALSE","0","0","1","1","20","0","0","5000000","随机神兜兜礼包","随机神兜兜礼包","","","","礼包","","","","","","","","","","","","","","","","","","","","","1","","","","","","","","0","0","0","0","0","0"
"927013","4262","神兜兜","ff6ddcf6","4","1230","个","0","1","5000","TRUE","0","0","0","0","0","0","0","FALSE","FALSE","FALSE","0","0","1","1","20","0","0","5000000","神兜兜","神兜兜","","","","礼包","","","","","","","","","","","","","","","","","","","","","1","","","","","","","","0","0","0","0","0","0"
"927014","4262","法宝精华礼包","ff6ddcf6","4","1806","个","0","1","5000","TRUE","0","0","0","0","0","0","0","FALSE","FALSE","FALSE","0","0","1","1","20","0","0","5000000","法宝精华礼包","法宝精华礼包","","","","礼包","","","","","","","","","","","","","","","","","","","","","1","","","","","","","","0","0","0","0","0","0"
"927015","4262","法宝精魄礼包","ff6ddcf6","4","1807","个","0","1","5000","TRUE","0","0","0","0","0","0","0","FALSE","FALSE","FALSE","0","0","1","1","20","0","0","5000000","法宝精魄礼包","法宝精魄礼包","","","","礼包","","","","","","","","","","","","","","","","","","","","","1","","","","","","","","0","0","0","0","0","0"
"927016","4262","随机纹饰","ff6ddcf6","4","2759","个","0","1","5000","TRUE","0","0","0","0","0","0","0","FALSE","FALSE","FALSE","0","0","1","1","20","0","0","5000000","随机纹饰","随机纹饰","","","","礼包","","","","","","","","","","","","","","","","","","","","","1","","","","","","","","0","0","0","0","0","0"
"927017","4262","随机器灵","ff6ddcf6","4","1281","个","0","1","5000","TRUE","0","0","0","0","0","0","0","FALSE","FALSE","FALSE","0","0","1","1","20","0","0","5000000","随机器灵","随机器灵","","","","礼包","","","","","","","","","","","","","","","","","","","","","1","","","","","","","","0","0","0","0","0","0"
"927018","4262","高级宝石箱","ff6ddcf6","4","1725","个","0","1","5000","TRUE","0","0","0","0","0","0","0","FALSE","FALSE","FALSE","0","0","1","1","20","0","0","5000000","高级宝石箱","高级宝石箱","","","","礼包","","","","","","","","","","","","","","","","","","","","","1","","","","","","","","0","0","0","0","0","0"
"927019","4262","中级宝石箱","ff6ddcf6","4","1725","个","0","1","5000","TRUE","0","0","0","0","0","0","0","FALSE","FALSE","FALSE","0","0","1","1","20","0","0","5000000","中级宝石箱","中级宝石箱","","","","礼包","","","","","","","","","","","","","","","","","","","","","1","","","","","","","","0","0","0","0","0","0"
"927020","4262","宝石箱","ff6ddcf6","4","1725","个","0","1","5000","TRUE","0","0","0","0","0","0","0","FALSE","FALSE","FALSE","0","0","1","1","20","0","0","5000000","宝石箱","宝石箱","","","","礼包","","","","","","","","","","","","","","","","","","","","","1","","","","","","","","0","0","0","0","0","0"
"927021","4262","高级宝珠箱","ff6ddcf6","4","1722","个","0","1","5000","TRUE","0","0","0","0","0","0","0","FALSE","FALSE","FALSE","0","0","1","1","20","0","0","5000000","高级宝珠箱","高级宝珠箱","","","","礼包","","","","","","","","","","","","","","","","","","","","","1","","","","","","","","0","0","0","0","0","0"
"927022","4262","中级宝珠箱","ff6ddcf6","4","1722","个","0","1","5000","TRUE","0","0","0","0","0","0","0","FALSE","FALSE","FALSE","0","0","1","1","20","0","0","5000000","中级宝珠箱","中级宝珠箱","","","","礼包","","","","","","","","","","","","","","","","","","","","","1","","","","","","","","0","0","0","0","0","0"
"927023","4262","宝珠箱","ff6ddcf6","4","1722","个","0","1","5000","TRUE","0","0","0","0","0","0","0","FALSE","FALSE","FALSE","0","0","1","1","20","0","0","5000000","宝珠箱","宝珠箱","","","","礼包","","","","","","","","","","","","","","","","","","","","","1","","","","","","","","0","0","0","0","0","0"
"927024","4262","120-160级锻造宝箱","ff6ddcf6","4","1778","个","0","1","5000","TRUE","0","0","0","0","0","0","0","FALSE","FALSE","FALSE","0","0","1","1","20","0","0","5000000","120-160级锻造宝箱","120-160级锻造宝箱","","","","礼包","","","","","","","","","","","","","","","","","","","","","1","","","","","","","","0","0","0","0","0","0"
"927025","4262","110-130级锻造宝箱","ff6ddcf6","4","1778","个","0","1","5000","TRUE","0","0","0","0","0","0","0","FALSE","FALSE","FALSE","0","0","1","1","20","0","0","5000000","110-130级锻造宝箱","110-130级锻造宝箱","","","","礼包","","","","","","","","","","","","","","","","","","","","","1","","","","","","","","0","0","0","0","0","0"
"927026","4262","宠物专属内丹","ff6ddcf6","4","40311","个","0","1","5000","TRUE","0","0","0","0","0","0","0","FALSE","FALSE","FALSE","0","0","1","1","20","0","0","5000000","宠物专属内丹","宠物专属内丹","","","","礼包","","","","","","","","","","","","","","","","","","","","","1","","","","","","","","0","0","0","0","0","0"
"927027","4262","110级制造指南书","ff6ddcf6","4","1312","个","0","1","5000","TRUE","0","0","0","0","0","0","0","FALSE","FALSE","FALSE","0","0","1","1","20","0","0","5000000","110级制造指南书","110级制造指南书","","","","礼包","","","","","","","","","","","","","","","","","","","","","1","","","","","","","","0","0","0","0","0","0"
"927028","4262","120级制造指南书","ff6ddcf6","4","1312","个","0","1","5000","TRUE","0","0","0","0","0","0","0","FALSE","FALSE","FALSE","0","0","1","1","20","0","0","5000000","120级制造指南书","120级制造指南书","","","","礼包","","","","","","","","","","","","","","","","","","","","","1","","","","","","","","0","0","0","0","0","0"
"927029","4262","130级制造指南书","ff6ddcf6","4","1312","个","0","1","5000","TRUE","0","0","0","0","0","0","0","FALSE","FALSE","FALSE","0","0","1","1","20","0","0","5000000","130级制造指南书","130级制造指南书","","","","礼包","","","","","","","","","","","","","","","","","","","","","1","","","","","","","","0","0","0","0","0","0"
"927030","4262","140级制造指南书","ff6ddcf6","4","1312","个","0","1","5000","TRUE","0","0","0","0","0","0","0","FALSE","FALSE","FALSE","0","0","1","1","20","0","0","5000000","140级制造指南书","140级制造指南书","","","","礼包","","","","","","","","","","","","","","","","","","","","","1","","","","","","","","0","0","0","0","0","0"
"927031","4262","150级制造指南书","ff6ddcf6","4","1312","个","0","1","5000","TRUE","0","0","0","0","0","0","0","FALSE","FALSE","FALSE","0","0","1","1","20","0","0","5000000","150级制造指南书","150级制造指南书","","","","礼包","","","","","","","","","","","","","","","","","","","","","1","","","","","","","","0","0","0","0","0","0"
"927032","4262","160级制造指南书","ff6ddcf6","4","1312","个","0","1","5000","TRUE","0","0","0","0","0","0","0","FALSE","FALSE","FALSE","0","0","1","1","20","0","0","5000000","160级制造指南书","160级制造指南书","","","","礼包","","","","","","","","","","","","","","","","","","","","","1","","","","","","","","0","0","0","0","0","0"
"927033","4262","110级百炼精铁","ff6ddcf6","4","1311","个","0","1","5000","TRUE","0","0","0","0","0","0","0","FALSE","FALSE","FALSE","0","0","1","1","20","0","0","5000000","110级百炼精铁","110级百炼精铁","","","","礼包","","","","","","","","","","","","","","","","","","","","","1","","","","","","","","0","0","0","0","0","0"
"927034","4262","120级百炼精铁","ff6ddcf6","4","1311","个","0","1","5000","TRUE","0","0","0","0","0","0","0","FALSE","FALSE","FALSE","0","0","1","1","20","0","0","5000000","120级百炼精铁","120级百炼精铁","","","","礼包","","","","","","","","","","","","","","","","","","","","","1","","","","","","","","0","0","0","0","0","0"
"927035","4262","130级百炼精铁","ff6ddcf6","4","1311","个","0","1","5000","TRUE","0","0","0","0","0","0","0","FALSE","FALSE","FALSE","0","0","1","1","20","0","0","5000000","130级百炼精铁","130级百炼精铁","","","","礼包","","","","","","","","","","","","","","","","","","","","","1","","","","","","","","0","0","0","0","0","0"
"927036","4262","140级百炼精铁","ff6ddcf6","4","1311","个","0","1","5000","TRUE","0","0","0","0","0","0","0","FALSE","FALSE","FALSE","0","0","1","1","20","0","0","5000000","140级百炼精铁","140级百炼精铁","","","","礼包","","","","","","","","","","","","","","","","","","","","","1","","","","","","","","0","0","0","0","0","0"
"927037","4262","150级百炼精铁","ff6ddcf6","4","1311","个","0","1","5000","TRUE","0","0","0","0","0","0","0","FALSE","FALSE","FALSE","0","0","1","1","20","0","0","5000000","150级百炼精铁","150级百炼精铁","","","","礼包","","","","","","","","","","","","","","","","","","","","","1","","","","","","","","0","0","0","0","0","0"
"927038","4262","160级百炼精铁","ff6ddcf6","4","1311","个","0","1","5000","TRUE","0","0","0","0","0","0","0","FALSE","FALSE","FALSE","0","0","1","1","20","0","0","5000000","160级百炼精铁","160级百炼精铁","","","","礼包","","","","","","","","","","","","","","","","","","","","","1","","","","","","","","0","0","0","0","0","0"
"927039","4262","变身卡","ff6ddcf6","4","847","个","0","1","5000","TRUE","0","0","0","0","0","0","0","FALSE","FALSE","FALSE","0","0","1","1","20","0","0","5000000","变身卡","变身卡","","","","礼包","","","","","","","","","","","","","","","","","","","","","1","","","","","","","","0","0","0","0","0","0"
"927040","4262","低级内丹","ff6ddcf6","4","443","个","0","1","5000","TRUE","0","0","0","0","0","0","0","FALSE","FALSE","FALSE","0","0","1","1","20","0","0","5000000","低级内丹","低级内丹","","","","礼包","","","","","","","","","","","","","","","","","","","","","1","","","","","","","","0","0","0","0","0","0"
"927041","4262","高级内丹","ff6ddcf6","4","448","个","0","1","5000","TRUE","0","0","0","0","0","0","0","FALSE","FALSE","FALSE","0","0","1","1","20","0","0","5000000","高级内丹","高级内丹","","","","礼包","","","","","","","","","","","","","","","","","","","","","1","","","","","","","","0","0","0","0","0","0"
"927042","4262","90-110级制造指南书","ff6ddcf6","4","1312","个","0","1","5000","TRUE","0","0","0","0","0","0","0","FALSE","FALSE","FALSE","0","0","1","1","20","0","0","5000000","90-110级制造指南书","90-110级制造指南书","","","","礼包","","","","","","","","","","","","","","","","","","","","","1","","","","","","","","0","0","0","0","0","0"
"927043","4262","特技符随机礼包","ff6ddcf6","4","1279","个","0","1","5000","TRUE","0","0","0","0","0","0","0","FALSE","FALSE","FALSE","0","0","1","1","20","0","0","5000000","特技符随机礼包","特技符随机礼包","","","","礼包","","","","","","","","","","","","","","","","","","","","","1","","","","","","","","0","0","0","0","0","0"
"927044","4262","坐骑随机礼包","ff6ddcf6","4","1921","个","0","1","5000","TRUE","0","0","0","0","0","0","0","FALSE","FALSE","FALSE","0","0","1","1","20","0","0","5000000","坐骑随机礼包","坐骑随机礼包","","","","礼包","","","","","","","","","","","","","","","","","","","","","1","","","","","","","","0","0","0","0","0","0"
"927045","4262","印诀书礼包","ff6ddcf6","4","1826","个","0","1","5000","TRUE","0","0","0","0","0","0","0","FALSE","FALSE","FALSE","0","0","1","1","20","0","0","5000000","印诀书礼包","印诀书礼包","","","","礼包","","","","","","","","","","","","","","","","","","","","","1","","","","","","","","0","0","0","0","0","0"
"927046","4262","戒指类升级材料","ff6ddcf6","4","1287","个","0","1","5000","TRUE","0","0","0","0","0","0","0","FALSE","FALSE","FALSE","0","0","1","1","20","0","0","5000000","戒指类升级材料","戒指类升级材料","","","","礼包","","","","","","","","","","","","","","","","","","","","","1","","","","","","","","0","0","0","0","0","0"
"927047","4262","110-140级制造指南书","ff6ddcf6","4","1312","个","0","1","5000","TRUE","0","0","0","0","0","0","0","FALSE","FALSE","FALSE","0","0","1","1","20","0","0","5000000","110-140级制造指南书","110-140级制造指南书","","","","礼包","","","","","","","","","","","","","","","","","","","","","1","","","","","","","","0","0","0","0","0","0"
"927048","4262","140-160级制造指南书","ff6ddcf6","4","1312","个","0","1","5000","TRUE","0","0","0","0","0","0","0","FALSE","FALSE","FALSE","0","0","1","1","20","0","0","5000000","140-160级制造指南书","140-160级制造指南书","","","","礼包","","","","","","","","","","","","","","","","","","","","","1","","","","","","","","0","0","0","0","0","0"
"927049","4262","高阶器灵","ff6ddcf6","4","1281","个","0","1","5000","TRUE","0","0","0","0","0","0","0","FALSE","FALSE","FALSE","0","0","1","1","20","0","0","5000000","高阶器灵","高阶器灵","","","","礼包","","","","","","","","","","","","","","","","","","","","","1","","","","","","","","0","0","0","0","0","0"
"927050","582","专属法宝自选礼包","ff6ddcf6","4","1809","个","0","1","7100","true","0","0","0","0","0","0","0","false","false","false","0","0","1","1","999","0","0","5000000","可自由选择专属师门法宝一件。","自由选择奖励","","","","自选礼包","","3","73","","","","","","","","","","","","","","","","","","1","","","","","","","","0","0","0","0","0","0"
"927051","4262","月卡兽决礼包","ff6ddcf6","4","1759","个","0","1","7100","true","0","0","0","0","0","0","0","false","false","false","0","0","1","1","999","0","0","5000000","有几率获得给力的特殊兽决","兽决礼包","","","","礼包","","","","","","","","","","","","","","","","","","","","1","1","","","","","","","","0","0","0","0","0","0"
"927052","4262","月卡1.8成长宠物礼包","ff6ddcf6","4","1753","个","0","1","7100","true","0","0","0","0","0","0","0","false","false","false","0","0","1","1","999","0","0","5000000","随机获得1.8成长宠物一只","随机宠物","","","","礼包","","","","","","","","","","","","","","","","","","","","1","1","","","","","","","","0","0","0","0","0","0"
"927053","4262","蟠桃礼盒","ff6ddcf6","4","1779","个","0","1","7100","true","0","0","0","0","0","0","0","false","false","false","0","0","1","1","999","0","0","5000000","随机获得金木水火土仙桃1颗","打开获得道具","","","","礼包","","","","","","","","","","","","","","","","","","","","1","1","","","","","","","","0","0","0","0","0","0"
"927054","2470","专属法宝碎片","ff6ddcf6","5","3200","个","0","1","7502","true","1","1","0","0","0","0","0","false","false","false","0","0","1","1","999","0","0","5000000","收集碎片可以用来兑宠物爱吃的棒棒糖","收集卡标","","","","材料","","","","","","","","","","","","","","","","","","","","","","","","","","","","","0","0","0","0","0","0"
"927055","2470","棒棒糖碎片","ff6ddcf6","5","3197","个","0","1","7502","true","1","1","0","0","0","0","0","false","false","false","0","0","1","1","999","0","0","5000000","收集碎片可以用来兑换专属门派法宝","收集卡标","","","","材料","","","","","","","","","","","","","","","","","","","","","","","","","","","","","0","0","0","0","0","0"
