id,名称,物品id1,物品id1权重,物品id2,物品id2权重,物品id3,物品id3权重,物品id4,物品id4权重,物品id5,物品id5权重,物品id6,物品id6权重,物品id7,物品id7权重,物品id8,物品id8权重,物品id9,物品id9权重,物品id10,物品id10权重,物品id11,物品id11权重,物品id12,物品id12权重,物品id13,物品id13权重,物品id14,物品id14权重,物品id15,物品id15权重,物品id16,物品id16权重,物品id17,物品id17权重,物品id18,物品id18权重,物品id19,物品id19权重,物品id20,物品id20权重,物品id21,物品id21权重,物品id22,物品id22权重,物品id23,物品id23权重,物品id24,物品id24权重,物品id25,物品id25权重,物品id26,物品id26权重,物品id27,物品id27权重,物品id28,物品id28权重,物品id29,物品id29权重,物品id30,物品id30权重,物品id31,物品id31权重,物品id32,物品id32权重,物品id33,物品id33权重,物品id34,物品id34权重,物品id35,物品id35权重,物品id36,物品id36权重,物品id37,物品id37权重,物品id38,物品id38权重,物品id39,物品id39权重,物品id40,物品id40权重,物品id41,物品id41权重,物品id42,物品id42权重,物品id43,物品id43权重,物品id44,物品id44权重,物品id45,物品id45权重,物品id46,物品id46权重,物品id47,物品id47权重,物品id48,物品id48权重,物品id49,物品id49权重,物品id50,物品id50权重,物品id51,物品id51权重,物品id52,物品id52权重,物品id53,物品id53权重,物品id54,物品id54权重,物品id55,物品id55权重,物品id56,物品id56权重,物品id57,物品id57权重,物品id58,物品id58权重,物品id59,物品id59权重,物品id60,物品id60权重,物品id61,物品id61权重,物品id62,物品id62权重,物品id63,物品id63权重,物品id64,物品id64权重,物品id65,物品id65权重,物品id66,物品id66权重,物品id67,物品id67权重,物品id68,物品id68权重,物品id69,物品id69权重,物品id70,物品id70权重,物品id71,物品id71权重,物品id72,物品id72权重,物品id73,物品id73权重,物品id74,物品id74权重,物品id75,物品id75权重,物品id76,物品id76权重,物品id77,物品id77权重,物品id78,物品id78权重
200001,测试用装备,41600,100,41601,100,41602,100,41603,100,41604,100,41605,100,,,,,,,,,,,,,,,,,,,,,,,,,,,,,,,,,,,,,,,,,,,,,,,,,,,,,,,,,,,,,,,,,,,,,,,,,,,,,,,,,,,,,,,,,,,,,,,,,,,,,,,,,,,,,,,,,,,,,,,,,,,,,,,,,,,,,,,,,,,,,,,,
200002,测试用任务奖励,4001207,100,4001208,100,4001309,100,4001310,100,4001411,100,4001512,100,4001613,100,,,,,,,,,,,,,,,,,,,,,,,,,,,,,,,,,,,,,,,,,,,,,,,,,,,,,,,,,,,,,,,,,,,,,,,,,,,,,,,,,,,,,,,,,,,,,,,,,,,,,,,,,,,,,,,,,,,,,,,,,,,,,,,,,,,,,,,,,,,,,,
200003,,4010207,100,4010208,100,4010309,100,4010310,100,4010411,100,4010512,100,4010613,100,,,,,,,,,,,,,,,,,,,,,,,,,,,,,,,,,,,,,,,,,,,,,,,,,,,,,,,,,,,,,,,,,,,,,,,,,,,,,,,,,,,,,,,,,,,,,,,,,,,,,,,,,,,,,,,,,,,,,,,,,,,,,,,,,,,,,,,,,,,,,,
200004,,4020207,100,4020208,100,4020309,100,4020310,100,4020411,100,4020512,100,4020613,100,,,,,,,,,,,,,,,,,,,,,,,,,,,,,,,,,,,,,,,,,,,,,,,,,,,,,,,,,,,,,,,,,,,,,,,,,,,,,,,,,,,,,,,,,,,,,,,,,,,,,,,,,,,,,,,,,,,,,,,,,,,,,,,,,,,,,,,,,,,,,,
200005,,4001101,100,4001102,100,4001103,100,4001104,100,4001105,100,4001106,100,,,,,,,,,,,,,,,,,,,,,,,,,,,,,,,,,,,,,,,,,,,,,,,,,,,,,,,,,,,,,,,,,,,,,,,,,,,,,,,,,,,,,,,,,,,,,,,,,,,,,,,,,,,,,,,,,,,,,,,,,,,,,,,,,,,,,,,,,,,,,,,,
200006,,4010101,100,4010102,100,4010103,100,4010104,100,4010105,100,4010106,100,,,,,,,,,,,,,,,,,,,,,,,,,,,,,,,,,,,,,,,,,,,,,,,,,,,,,,,,,,,,,,,,,,,,,,,,,,,,,,,,,,,,,,,,,,,,,,,,,,,,,,,,,,,,,,,,,,,,,,,,,,,,,,,,,,,,,,,,,,,,,,,,
200007,,4020101,100,4020102,100,4020103,100,4020104,100,4020105,100,4020106,100,,,,,,,,,,,,,,,,,,,,,,,,,,,,,,,,,,,,,,,,,,,,,,,,,,,,,,,,,,,,,,,,,,,,,,,,,,,,,,,,,,,,,,,,,,,,,,,,,,,,,,,,,,,,,,,,,,,,,,,,,,,,,,,,,,,,,,,,,,,,,,,,
200008,藏宝图,331300,100,,,,,,,,,,,,,,,,,,,,,,,,,,,,,,,,,,,,,,,,,,,,,,,,,,,,,,,,,,,,,,,,,,,,,,,,,,,,,,,,,,,,,,,,,,,,,,,,,,,,,,,,,,,,,,,,,,,,,,,,,,,,,,,,,,,,,,,,,,,,,,,,,,,,,,,,,,
200009,日常副本任务奖励,331350,20,331351,20,331352,50,331353,100,331354,100,35001,500,35002,500,35003,500,35004,500,35005,500,35006,500,35007,500,35008,500,35009,500,,,,,,,,,,,,,,,,,,,,,,,,,,,,,,,,,,,,,,,,,,,,,,,,,,,,,,,,,,,,,,,,,,,,,,,,,,,,,,,,,,,,,,,,,,,,,,,,,,,,,,,,,,,,,,,,,,,,,,,,,,,,,,,,
200010,职业任务奖励,35001,100,35002,100,35003,100,35004,100,35005,100,35006,100,35007,100,35008,100,35009,100,,,,,,,,,,,,,,,,,,,,,,,,,,,,,,,,,,,,,,,,,,,,,,,,,,,,,,,,,,,,,,,,,,,,,,,,,,,,,,,,,,,,,,,,,,,,,,,,,,,,,,,,,,,,,,,,,,,,,,,,,,,,,,,,,,,,,,,,,,
200011,一级宝石奖励,35001,100,35002,100,35003,100,35004,100,35005,100,35006,100,35007,100,35008,100,35009,100,,,,,,,,,,,,,,,,,,,,,,,,,,,,,,,,,,,,,,,,,,,,,,,,,,,,,,,,,,,,,,,,,,,,,,,,,,,,,,,,,,,,,,,,,,,,,,,,,,,,,,,,,,,,,,,,,,,,,,,,,,,,,,,,,,,,,,,,,,
200012,二级宝石奖励,35010,100,35011,100,35012,100,35013,100,35014,100,35015,100,35016,100,35017,100,35018,100,,,,,,,,,,,,,,,,,,,,,,,,,,,,,,,,,,,,,,,,,,,,,,,,,,,,,,,,,,,,,,,,,,,,,,,,,,,,,,,,,,,,,,,,,,,,,,,,,,,,,,,,,,,,,,,,,,,,,,,,,,,,,,,,,,,,,,,,,,
200013,三级宝石奖励,35019,100,35020,100,35021,100,35022,100,35023,100,35024,100,35025,100,35026,100,35027,100,,,,,,,,,,,,,,,,,,,,,,,,,,,,,,,,,,,,,,,,,,,,,,,,,,,,,,,,,,,,,,,,,,,,,,,,,,,,,,,,,,,,,,,,,,,,,,,,,,,,,,,,,,,,,,,,,,,,,,,,,,,,,,,,,,,,,,,,,,
200014,魔宠秘籍,311001,100,311002,100,311003,100,311004,100,311005,100,311006,100,311007,100,311008,100,311009,100,311010,100,311011,100,311012,100,311013,100,311014,100,311015,100,311016,100,311017,100,311018,100,311019,100,311020,100,311021,100,311022,100,311023,100,311024,100,311025,100,311026,100,311027,100,311028,100,311029,100,311030,100,311031,100,311032,100,311033,100,311034,100,311035,100,311036,100,311037,100,311075,100,311076,100,311077,100,311078,100,,,,,,,,,,,,,,,,,,,,,,,,,,,,,,,,,,,,,,,,,,,,,,,,,,,,,,,,,,,,,,,,,,,,,,,,,,
200015,高级魔宠秘籍,311038,100,311039,100,311040,100,311041,100,311042,100,311043,100,311044,100,311045,100,311046,100,311047,100,311048,100,311049,100,311050,100,311051,100,311052,100,311053,100,311054,100,311055,100,311056,100,311057,100,311058,100,311059,100,311060,100,311061,100,311062,100,311063,100,311064,100,311065,100,311066,100,311067,100,311068,100,311069,100,311070,100,311071,100,311072,100,311073,100,311074,100,311079,100,311080,100,311081,100,311082,100,,,,,,,,,,,,,,,,,,,,,,,,,,,,,,,,,,,,,,,,,,,,,,,,,,,,,,,,,,,,,,,,,,,,,,,,,,
200016,远古宝藏宝箱,331350,20,331351,20,331352,50,331353,100,331354,100,,,,,,,,,,,,,,,,,,,,,,,,,,,,,,,,,,,,,,,,,,,,,,,,,,,,,,,,,,,,,,,,,,,,,,,,,,,,,,,,,,,,,,,,,,,,,,,,,,,,,,,,,,,,,,,,,,,,,,,,,,,,,,,,,,,,,,,,,,,,,,,,,,
200017,40级蓝装库,6040101,50,6040102,50,6040103,50,6040104,50,6040105,50,6040106,50,6040207,100,6040208,100,6040309,100,6040310,100,6040411,100,6040512,100,6040613,100,,,,,,,,,,,,,,,,,,,,,,,,,,,,,,,,,,,,,,,,,,,,,,,,,,,,,,,,,,,,,,,,,,,,,,,,,,,,,,,,,,,,,,,,,,,,,,,,,,,,,,,,,,,,,,,,,,,,,,,,,,,,,,,,,,
200018,50级蓝装库,6050101,50,6050102,50,6050103,50,6050104,50,6050105,50,6050106,50,6050207,100,6050208,100,6050309,100,6050310,100,6050411,100,6050512,100,6050613,100,,,,,,,,,,,,,,,,,,,,,,,,,,,,,,,,,,,,,,,,,,,,,,,,,,,,,,,,,,,,,,,,,,,,,,,,,,,,,,,,,,,,,,,,,,,,,,,,,,,,,,,,,,,,,,,,,,,,,,,,,,,,,,,,,,
200019,60级蓝装库,6060101,50,6060102,50,6060103,50,6060104,50,6060105,50,6060106,50,6060207,100,6060208,100,6060309,100,6060310,100,6060411,100,6060512,100,6060613,100,,,,,,,,,,,,,,,,,,,,,,,,,,,,,,,,,,,,,,,,,,,,,,,,,,,,,,,,,,,,,,,,,,,,,,,,,,,,,,,,,,,,,,,,,,,,,,,,,,,,,,,,,,,,,,,,,,,,,,,,,,,,,,,,,,
200020,40级紫装库,7040101,50,7040102,50,7040103,50,7040104,50,7040105,50,7040106,50,7040207,100,7040208,100,7040309,100,7040310,100,7040411,100,7040512,100,7040613,100,,,,,,,,,,,,,,,,,,,,,,,,,,,,,,,,,,,,,,,,,,,,,,,,,,,,,,,,,,,,,,,,,,,,,,,,,,,,,,,,,,,,,,,,,,,,,,,,,,,,,,,,,,,,,,,,,,,,,,,,,,,,,,,,,,
200021,50级紫装库,7050101,50,7050102,50,7050103,50,7050104,50,7050105,50,7050106,50,7050207,100,7050208,100,7050309,100,7050310,100,7050411,100,7050512,100,7050613,100,,,,,,,,,,,,,,,,,,,,,,,,,,,,,,,,,,,,,,,,,,,,,,,,,,,,,,,,,,,,,,,,,,,,,,,,,,,,,,,,,,,,,,,,,,,,,,,,,,,,,,,,,,,,,,,,,,,,,,,,,,,,,,,,,,
200022,60级紫装库,7060101,50,7060102,50,7060103,50,7060104,50,7060105,50,7060106,50,7060207,100,7060208,100,7060309,100,7060310,100,7060411,100,7060512,100,7060613,100,,,,,,,,,,,,,,,,,,,,,,,,,,,,,,,,,,,,,,,,,,,,,,,,,,,,,,,,,,,,,,,,,,,,,,,,,,,,,,,,,,,,,,,,,,,,,,,,,,,,,,,,,,,,,,,,,,,,,,,,,,,,,,,,,,
200023,二级药库,320150,100,320151,100,320152,100,320153,100,,,,,,,,,,,,,,,,,,,,,,,,,,,,,,,,,,,,,,,,,,,,,,,,,,,,,,,,,,,,,,,,,,,,,,,,,,,,,,,,,,,,,,,,,,,,,,,,,,,,,,,,,,,,,,,,,,,,,,,,,,,,,,,,,,,,,,,,,,,,,,,,,,,,
200024,公会二级药库,320154,100,320155,100,320156,100,320157,100,,,,,,,,,,,,,,,,,,,,,,,,,,,,,,,,,,,,,,,,,,,,,,,,,,,,,,,,,,,,,,,,,,,,,,,,,,,,,,,,,,,,,,,,,,,,,,,,,,,,,,,,,,,,,,,,,,,,,,,,,,,,,,,,,,,,,,,,,,,,,,,,,,,,
200025,40-50蓝装混合库,6040101,35,6040102,35,6040103,35,6040104,35,6040105,35,6040106,35,6040207,70,6040208,70,6040309,70,6040310,70,6040411,70,6040512,70,6040613,70,6050101,15,6050102,15,6050103,15,6050104,15,6050105,15,6050106,15,6050207,30,6050208,30,6050309,30,6050310,30,6050411,30,6050512,30,6050613,30,,,,,,,,,,,,,,,,,,,,,,,,,,,,,,,,,,,,,,,,,,,,,,,,,,,,,,,,,,,,,,,,,,,,,,,,,,,,,,,,,,,,,,,,,,,,,,,,,,,,,,,,
200026,40-50紫装混合库A,7040101,50,7040102,50,7040103,50,7040104,50,7040105,50,7040106,50,7040207,100,7040208,100,7040309,100,7040310,100,7040411,100,7040512,100,7040613,100,7050101,10,7050102,10,7050103,10,7050104,10,7050105,10,7050106,10,7050207,20,7050208,20,7050309,20,7050310,20,7050411,20,7050512,20,7050613,20,,,,,,,,,,,,,,,,,,,,,,,,,,,,,,,,,,,,,,,,,,,,,,,,,,,,,,,,,,,,,,,,,,,,,,,,,,,,,,,,,,,,,,,,,,,,,,,,,,,,,,,,
200027,40-50紫装混合库B,7040101,50,7040102,50,7040103,50,7040104,50,7040105,50,7040106,50,7040207,100,7040208,100,7040309,100,7040310,100,7040411,100,7040512,100,7040613,100,7050101,15,7050102,15,7050103,15,7050104,15,7050105,15,7050106,15,7050207,30,7050208,30,7050309,30,7050310,30,7050411,30,7050512,30,7050613,30,,,,,,,,,,,,,,,,,,,,,,,,,,,,,,,,,,,,,,,,,,,,,,,,,,,,,,,,,,,,,,,,,,,,,,,,,,,,,,,,,,,,,,,,,,,,,,,,,,,,,,,,
200028,40-50-60蓝装混合库,6040101,30,6040102,30,6040103,30,6040104,30,6040105,30,6040106,30,6040207,60,6040208,60,6040309,60,6040310,60,6040411,60,6040512,60,6040613,60,6050101,30,6050102,30,6050103,30,6050104,30,6050105,30,6050106,30,6050207,60,6050208,60,6050309,60,6050310,60,6050411,60,6050512,60,6050613,60,6060101,5,6060102,5,6060103,5,6060104,5,6060105,5,6060106,5,6060207,10,6060208,10,6060309,10,6060310,10,6060411,10,6060512,10,6060613,10,,,,,,,,,,,,,,,,,,,,,,,,,,,,,,,,,,,,,,,,,,,,,,,,,,,,,,,,,,,,,,,,,,,,,,,,,,,,,,
200029,40-50-60紫装混合库,7040101,20,7040102,20,7040103,20,7040104,20,7040105,20,7040106,20,7040207,40,7040208,40,7040309,40,7040310,40,7040411,40,7040512,40,7040613,40,7050101,15,7050102,15,7050103,15,7050104,15,7050105,15,7050106,15,7050207,30,7050208,30,7050309,30,7050310,30,7050411,30,7050512,30,7050613,30,7060101,2,7060102,2,7060103,2,7060104,2,7060105,2,7060106,2,7060207,4,7060208,4,7060309,4,7060310,4,7060411,4,7060512,4,7060613,4,,,,,,,,,,,,,,,,,,,,,,,,,,,,,,,,,,,,,,,,,,,,,,,,,,,,,,,,,,,,,,,,,,,,,,,,,,,,,,
200030,50-60蓝装混合库,6050101,30,6050102,30,6050103,30,6050104,30,6050105,30,6050106,30,6050207,60,6050208,60,6050309,60,6050310,60,6050411,60,6050512,60,6050613,60,6060101,10,6060102,10,6060103,10,6060104,10,6060105,10,6060106,10,6060207,20,6060208,20,6060309,20,6060310,20,6060411,20,6060512,20,6060613,20,,,,,,,,,,,,,,,,,,,,,,,,,,,,,,,,,,,,,,,,,,,,,,,,,,,,,,,,,,,,,,,,,,,,,,,,,,,,,,,,,,,,,,,,,,,,,,,,,,,,,,,,
200031,50-60紫装混合库,7050101,15,7050102,15,7050103,15,7050104,15,7050105,15,7050106,15,7050207,30,7050208,30,7050309,30,7050310,30,7050411,30,7050512,30,7050613,30,7060101,5,7060102,5,7060103,5,7060104,5,7060105,5,7060106,5,7060207,10,7060208,10,7060309,10,7060310,10,7060411,10,7060512,10,7060613,10,,,,,,,,,,,,,,,,,,,,,,,,,,,,,,,,,,,,,,,,,,,,,,,,,,,,,,,,,,,,,,,,,,,,,,,,,,,,,,,,,,,,,,,,,,,,,,,,,,,,,,,,
200032,40-50精铁库,341104,50,341105,50,,,,,,,,,,,,,,,,,,,,,,,,,,,,,,,,,,,,,,,,,,,,,,,,,,,,,,,,,,,,,,,,,,,,,,,,,,,,,,,,,,,,,,,,,,,,,,,,,,,,,,,,,,,,,,,,,,,,,,,,,,,,,,,,,,,,,,,,,,,,,,,,,,,,,,,,
200033,50-60-70精铁库,341105,50,341106,50,341107,10,,,,,,,,,,,,,,,,,,,,,,,,,,,,,,,,,,,,,,,,,,,,,,,,,,,,,,,,,,,,,,,,,,,,,,,,,,,,,,,,,,,,,,,,,,,,,,,,,,,,,,,,,,,,,,,,,,,,,,,,,,,,,,,,,,,,,,,,,,,,,,,,,,,,,,
200034,40级环装库,4040101,80,4040102,80,4040103,80,4040104,80,4040105,80,4040106,80,4040207,80,4040208,80,4040309,80,4040310,80,4040411,80,4040512,80,4040613,80,5040101,20,5040102,20,5040103,20,5040104,20,5040105,20,5040106,20,5040207,20,5040208,20,5040309,20,5040310,20,5040411,20,5040512,20,5040613,20,,,,,,,,,,,,,,,,,,,,,,,,,,,,,,,,,,,,,,,,,,,,,,,,,,,,,,,,,,,,,,,,,,,,,,,,,,,,,,,,,,,,,,,,,,,,,,,,,,,,,,,,
200035,50级环装库,4050101,80,4050102,80,4050103,80,4050104,80,4050105,80,4050106,80,4050207,80,4050208,80,4050309,80,4050310,80,4050411,80,4050512,80,4050613,80,5050101,20,5050102,20,5050103,20,5050104,20,5050105,20,5050106,20,5050207,20,5050208,20,5050309,20,5050310,20,5050411,20,5050512,20,5050613,20,,,,,,,,,,,,,,,,,,,,,,,,,,,,,,,,,,,,,,,,,,,,,,,,,,,,,,,,,,,,,,,,,,,,,,,,,,,,,,,,,,,,,,,,,,,,,,,,,,,,,,,,
200036,60级环装库,4060101,80,4060102,80,4060103,80,4060104,80,4060105,80,4060106,80,4060207,80,4060208,80,4060309,80,4060310,80,4060411,80,4060512,80,4060613,80,5060101,20,5060102,20,5060103,20,5060104,20,5060105,20,5060106,20,5060207,20,5060208,20,5060309,20,5060310,20,5060411,20,5060512,20,5060613,20,,,,,,,,,,,,,,,,,,,,,,,,,,,,,,,,,,,,,,,,,,,,,,,,,,,,,,,,,,,,,,,,,,,,,,,,,,,,,,,,,,,,,,,,,,,,,,,,,,,,,,,,
200037,10-20-30精铁库,341101,20,341102,20,341103,20,,,,,,,,,,,,,,,,,,,,,,,,,,,,,,,,,,,,,,,,,,,,,,,,,,,,,,,,,,,,,,,,,,,,,,,,,,,,,,,,,,,,,,,,,,,,,,,,,,,,,,,,,,,,,,,,,,,,,,,,,,,,,,,,,,,,,,,,,,,,,,,,,,,,,,
200038,30-40精铁库,341103,50,341104,50,,,,,,,,,,,,,,,,,,,,,,,,,,,,,,,,,,,,,,,,,,,,,,,,,,,,,,,,,,,,,,,,,,,,,,,,,,,,,,,,,,,,,,,,,,,,,,,,,,,,,,,,,,,,,,,,,,,,,,,,,,,,,,,,,,,,,,,,,,,,,,,,,,,,,,,,
200039,30-40-50精铁库,341103,50,341104,50,341105,50,,,,,,,,,,,,,,,,,,,,,,,,,,,,,,,,,,,,,,,,,,,,,,,,,,,,,,,,,,,,,,,,,,,,,,,,,,,,,,,,,,,,,,,,,,,,,,,,,,,,,,,,,,,,,,,,,,,,,,,,,,,,,,,,,,,,,,,,,,,,,,,,,,,,,,
200040,40-50-60精铁库,341104,50,341105,50,341106,50,,,,,,,,,,,,,,,,,,,,,,,,,,,,,,,,,,,,,,,,,,,,,,,,,,,,,,,,,,,,,,,,,,,,,,,,,,,,,,,,,,,,,,,,,,,,,,,,,,,,,,,,,,,,,,,,,,,,,,,,,,,,,,,,,,,,,,,,,,,,,,,,,,,,,,
200041,50-60精铁库,341105,50,341106,50,,,,,,,,,,,,,,,,,,,,,,,,,,,,,,,,,,,,,,,,,,,,,,,,,,,,,,,,,,,,,,,,,,,,,,,,,,,,,,,,,,,,,,,,,,,,,,,,,,,,,,,,,,,,,,,,,,,,,,,,,,,,,,,,,,,,,,,,,,,,,,,,,,,,,,,,
200042,10-20-30制作书,350100,50,350101,50,350102,50,350103,50,350104,50,350105,50,350106,50,350107,50,350108,50,350109,50,350110,50,350111,50,350112,50,350200,50,350201,50,350202,50,350203,50,350204,50,350205,50,350206,50,350207,50,350208,50,350209,50,350210,50,350211,50,350212,50,350300,50,350301,50,350302,50,350303,50,350304,50,350305,50,350306,50,350307,50,350308,50,350309,50,350310,50,350311,50,350312,50,,,,,,,,,,,,,,,,,,,,,,,,,,,,,,,,,,,,,,,,,,,,,,,,,,,,,,,,,,,,,,,,,,,,,,,,,,,,,,
200043,30-40制作书,350300,50,350301,50,350302,50,350303,50,350304,50,350305,50,350306,50,350307,50,350308,50,350309,50,350310,50,350311,50,350312,50,350400,50,350401,50,350402,50,350403,50,350404,50,350405,50,350406,50,350407,50,350408,50,350409,50,350410,50,350411,50,350412,50,,,,,,,,,,,,,,,,,,,,,,,,,,,,,,,,,,,,,,,,,,,,,,,,,,,,,,,,,,,,,,,,,,,,,,,,,,,,,,,,,,,,,,,,,,,,,,,,,,,,,,,,
200044,30-40-50制作书,350300,50,350301,50,350302,50,350303,50,350304,50,350305,50,350306,50,350307,50,350308,50,350309,50,350310,50,350311,50,350312,50,350400,50,350401,50,350402,50,350403,50,350404,50,350405,50,350406,50,350407,50,350408,50,350409,50,350410,50,350411,50,350412,50,350500,50,350501,50,350502,50,350503,50,350504,50,350505,50,350506,50,350507,50,350508,50,350509,50,350510,50,350511,50,350512,50,,,,,,,,,,,,,,,,,,,,,,,,,,,,,,,,,,,,,,,,,,,,,,,,,,,,,,,,,,,,,,,,,,,,,,,,,,,,,,
200045,40-50-60制作书,350400,50,350401,50,350402,50,350403,50,350404,50,350405,50,350406,50,350407,50,350408,50,350409,50,350410,50,350411,50,350412,50,350500,50,350501,50,350502,50,350503,50,350504,50,350505,50,350506,50,350507,50,350508,50,350509,50,350510,50,350511,50,350512,50,350600,50,350601,50,350602,50,350603,50,350604,50,350605,50,350606,50,350607,50,350608,50,350609,50,350610,50,350611,50,350612,50,,,,,,,,,,,,,,,,,,,,,,,,,,,,,,,,,,,,,,,,,,,,,,,,,,,,,,,,,,,,,,,,,,,,,,,,,,,,,,
200046,50-60制作书,350500,50,350501,50,350502,50,350503,50,350504,50,350505,50,350506,50,350507,50,350508,50,350509,50,350510,50,350511,50,350512,50,350600,50,350601,50,350602,50,350603,50,350604,50,350605,50,350606,50,350607,50,350608,50,350609,50,350610,50,350611,50,350612,50,,,,,,,,,,,,,,,,,,,,,,,,,,,,,,,,,,,,,,,,,,,,,,,,,,,,,,,,,,,,,,,,,,,,,,,,,,,,,,,,,,,,,,,,,,,,,,,,,,,,,,,,
200047,40-50环装库,4040101,80,4040102,80,4040103,80,4040104,80,4040105,80,4040106,80,4040207,80,4040208,80,4040309,80,4040310,80,4040411,80,4040512,80,4040613,80,5040101,20,5040102,20,5040103,20,5040104,20,5040105,20,5040106,20,5040207,20,5040208,20,5040309,20,5040310,20,5040411,20,5040512,20,5040613,20,4050101,80,4050102,80,4050103,80,4050104,80,4050105,80,4050106,80,4050207,80,4050208,80,4050309,80,4050310,80,4050411,80,4050512,80,4050613,80,5050101,20,5050102,20,5050103,20,5050104,20,5050105,20,5050106,20,5050207,20,5050208,20,5050309,20,5050310,20,5050411,20,5050512,20,5050613,20,,,,,,,,,,,,,,,,,,,,,,,,,,,,,,,,,,,,,,,,,,,,,,,,,,,,
200048,50-60环装库,4050101,80,4050102,80,4050103,80,4050104,80,4050105,80,4050106,80,4050207,80,4050208,80,4050309,80,4050310,80,4050411,80,4050512,80,4050613,80,5050101,20,5050102,20,5050103,20,5050104,20,5050105,20,5050106,20,5050207,20,5050208,20,5050309,20,5050310,20,5050411,20,5050512,20,5050613,20,4060101,80,4060102,80,4060103,80,4060104,80,4060105,80,4060106,80,4060207,80,4060208,80,4060309,80,4060310,80,4060411,80,4060512,80,4060613,80,5060101,20,5060102,20,5060103,20,5060104,20,5060105,20,5060106,20,5060207,20,5060208,20,5060309,20,5060310,20,5060411,20,5060512,20,5060613,20,,,,,,,,,,,,,,,,,,,,,,,,,,,,,,,,,,,,,,,,,,,,,,,,,,,,
200049,光环库,360001,50,360002,50,360003,50,360004,50,360005,50,360006,50,360007,50,360008,50,360009,50,360010,50,,,,,,,,,,,,,,,,,,,,,,,,,,,,,,,,,,,,,,,,,,,,,,,,,,,,,,,,,,,,,,,,,,,,,,,,,,,,,,,,,,,,,,,,,,,,,,,,,,,,,,,,,,,,,,,,,,,,,,,,,,,,,,,,,,,,,,,,
200050,时读星读库,334100,50,334101,50,,,,,,,,,,,,,,,,,,,,,,,,,,,,,,,,,,,,,,,,,,,,,,,,,,,,,,,,,,,,,,,,,,,,,,,,,,,,,,,,,,,,,,,,,,,,,,,,,,,,,,,,,,,,,,,,,,,,,,,,,,,,,,,,,,,,,,,,,,,,,,,,,,,,,,,,
200051,强化石库,40008,50,40009,50,40010,50,40011,50,,,,,,,,,,,,,,,,,,,,,,,,,,,,,,,,,,,,,,,,,,,,,,,,,,,,,,,,,,,,,,,,,,,,,,,,,,,,,,,,,,,,,,,,,,,,,,,,,,,,,,,,,,,,,,,,,,,,,,,,,,,,,,,,,,,,,,,,,,,,,,,,,,,,
200052,光环箱子,360001,50,360002,50,360003,50,360004,50,360005,50,360006,50,360007,50,360008,50,360009,50,360010,50,,,,,,,,,,,,,,,,,,,,,,,,,,,,,,,,,,,,,,,,,,,,,,,,,,,,,,,,,,,,,,,,,,,,,,,,,,,,,,,,,,,,,,,,,,,,,,,,,,,,,,,,,,,,,,,,,,,,,,,,,,,,,,,,,,,,,,,,
200053,冠军试炼宝箱,331350,200,331351,200,311001,100,311002,100,311006,100,311007,100,331301,200,,,,,,,,,,,,,,,,,,,,,,,,,,,,,,,,,,,,,,,,,,,,,,,,,,,,,,,,,,,,,,,,,,,,,,,,,,,,,,,,,,,,,,,,,,,,,,,,,,,,,,,,,,,,,,,,,,,,,,,,,,,,,,,,,,,,,,,,,,,,,,
200054,冰封王座宝箱,331350,20,331351,20,331352,80,331353,80,331354,80,311002,50,311012,50,311001,50,311038,5,311039,5,311040,5,311041,5,311042,5,311043,5,311044,5,311045,5,311046,5,311047,5,311048,5,311049,5,311050,5,,,,,,,,,,,,,,,,,,,,,,,,,,,,,,,,,,,,,,,,,,,,,,,,,,,,,,,,,,,,,,,,,,,,,,,,,,,,,,,,,,,,,,,,,,,,,,,,,,,,,,,,,,,,,,,,,,
200055,冠军试炼普通掉落,320150,60,320151,60,320152,60,320153,60,320154,60,320155,60,320156,60,320157,60,35001,50,35002,50,35003,50,35004,50,35005,50,35006,50,35007,50,35008,50,35009,50,331352,25,331353,25,331354,25,331350,5,331351,5,331300,50,311001,3,311002,3,311003,5,311004,5,311005,3,311006,3,311007,3,311008,5,311009,3,311010,5,311011,5,311012,5,311013,5,311014,5,311015,5,311016,5,311017,5,311018,5,311019,5,311020,5,311021,5,311022,5,311023,5,311024,5,311025,5,311026,5,311027,5,311028,5,311029,5,311030,5,311031,5,311032,5,311033,5,,,,,,,,,,,,,,,,,,,,,,,,,,,,,,,,,,,,,,,,,,,,
200056,亚龙奖励,32037,60,32038,60,360000,30,35001,10,35002,10,35003,10,,,,,,,,,,,,,,,,,,,,,,,,,,,,,,,,,,,,,,,,,,,,,,,,,,,,,,,,,,,,,,,,,,,,,,,,,,,,,,,,,,,,,,,,,,,,,,,,,,,,,,,,,,,,,,,,,,,,,,,,,,,,,,,,,,,,,,,,,,,,,,,,
200057,巨龙奖励,360000,40,331300,50,35004,20,35005,20,331354,15,,,,,,,,,,,,,,,,,,,,,,,,,,,,,,,,,,,,,,,,,,,,,,,,,,,,,,,,,,,,,,,,,,,,,,,,,,,,,,,,,,,,,,,,,,,,,,,,,,,,,,,,,,,,,,,,,,,,,,,,,,,,,,,,,,,,,,,,,,,,,,,,,,
200058,巨龙精英奖励,360000,40,331300,50,35004,20,35005,20,331354,15,,,,,,,,,,,,,,,,,,,,,,,,,,,,,,,,,,,,,,,,,,,,,,,,,,,,,,,,,,,,,,,,,,,,,,,,,,,,,,,,,,,,,,,,,,,,,,,,,,,,,,,,,,,,,,,,,,,,,,,,,,,,,,,,,,,,,,,,,,,,,,,,,,
200059,冠军试炼宝箱,331350,150,331351,150,311003,150,311004,150,311008,150,311009,150,331301,100,,,,,,,,,,,,,,,,,,,,,,,,,,,,,,,,,,,,,,,,,,,,,,,,,,,,,,,,,,,,,,,,,,,,,,,,,,,,,,,,,,,,,,,,,,,,,,,,,,,,,,,,,,,,,,,,,,,,,,,,,,,,,,,,,,,,,,,,,,,,,,
200060,冠军试炼宝箱,331350,100,331351,100,311002,100,311005,250,311007,100,311010,250,331301,100,,,,,,,,,,,,,,,,,,,,,,,,,,,,,,,,,,,,,,,,,,,,,,,,,,,,,,,,,,,,,,,,,,,,,,,,,,,,,,,,,,,,,,,,,,,,,,,,,,,,,,,,,,,,,,,,,,,,,,,,,,,,,,,,,,,,,,,,,,,,,,
220000,冰封王座宝箱,311001,100,311002,100,311003,100,311004,100,311005,100,311006,100,311007,100,311008,100,311009,100,311010,100,311011,100,311012,100,311013,100,311014,100,311015,100,311016,100,311017,100,311018,100,311019,100,311020,100,311021,100,311022,100,311023,100,311024,100,311025,100,311026,100,311027,100,311028,100,311029,100,311030,100,311031,100,311032,100,311033,100,311034,100,311035,100,311036,100,311037,100,311075,100,311076,100,311077,100,311078,100,,,,,,,,,,,,,,,,,,,,,,,,,,,,,,,,,,,,,,,,,,,,,,,,,,,,,,,,,,,,,,,,,,,,,,,,,,
220001,冰封王座宝箱,40008,100,40009,100,40010,100,40011,100,,,,,,,,,,,,,,,,,,,,,,,,,,,,,,,,,,,,,,,,,,,,,,,,,,,,,,,,,,,,,,,,,,,,,,,,,,,,,,,,,,,,,,,,,,,,,,,,,,,,,,,,,,,,,,,,,,,,,,,,,,,,,,,,,,,,,,,,,,,,,,,,,,,,
200061,小血瓶蓝瓶库,32037,100,32038,100,,,,,,,,,,,,,,,,,,,,,,,,,,,,,,,,,,,,,,,,,,,,,,,,,,,,,,,,,,,,,,,,,,,,,,,,,,,,,,,,,,,,,,,,,,,,,,,,,,,,,,,,,,,,,,,,,,,,,,,,,,,,,,,,,,,,,,,,,,,,,,,,,,,,,,,,
200062,大血瓶蓝瓶库,32014,100,32015,100,,,,,,,,,,,,,,,,,,,,,,,,,,,,,,,,,,,,,,,,,,,,,,,,,,,,,,,,,,,,,,,,,,,,,,,,,,,,,,,,,,,,,,,,,,,,,,,,,,,,,,,,,,,,,,,,,,,,,,,,,,,,,,,,,,,,,,,,,,,,,,,,,,,,,,,,
200063,一级药库,320150,100,320151,100,320152,100,320153,100,,,,,,,,,,,,,,,,,,,,,,,,,,,,,,,,,,,,,,,,,,,,,,,,,,,,,,,,,,,,,,,,,,,,,,,,,,,,,,,,,,,,,,,,,,,,,,,,,,,,,,,,,,,,,,,,,,,,,,,,,,,,,,,,,,,,,,,,,,,,,,,,,,,,
200064,二级药库,320154,100,320155,100,320156,100,320157,100,,,,,,,,,,,,,,,,,,,,,,,,,,,,,,,,,,,,,,,,,,,,,,,,,,,,,,,,,,,,,,,,,,,,,,,,,,,,,,,,,,,,,,,,,,,,,,,,,,,,,,,,,,,,,,,,,,,,,,,,,,,,,,,,,,,,,,,,,,,,,,,,,,,,
200065,洗单点卷轴库,331000,100,331001,100,331002,100,331003,100,331004,100,,,,,,,,,,,,,,,,,,,,,,,,,,,,,,,,,,,,,,,,,,,,,,,,,,,,,,,,,,,,,,,,,,,,,,,,,,,,,,,,,,,,,,,,,,,,,,,,,,,,,,,,,,,,,,,,,,,,,,,,,,,,,,,,,,,,,,,,,,,,,,,,,,
200066,修炼丹库,334100,100,334101,100,,,,,,,,,,,,,,,,,,,,,,,,,,,,,,,,,,,,,,,,,,,,,,,,,,,,,,,,,,,,,,,,,,,,,,,,,,,,,,,,,,,,,,,,,,,,,,,,,,,,,,,,,,,,,,,,,,,,,,,,,,,,,,,,,,,,,,,,,,,,,,,,,,,,,,,,
200067,打造强化石库,40008,100,40009,100,40010,100,40011,100,,,,,,,,,,,,,,,,,,,,,,,,,,,,,,,,,,,,,,,,,,,,,,,,,,,,,,,,,,,,,,,,,,,,,,,,,,,,,,,,,,,,,,,,,,,,,,,,,,,,,,,,,,,,,,,,,,,,,,,,,,,,,,,,,,,,,,,,,,,,,,,,,,,,
200068,9级宝石库,35073,100,35074,100,35075,100,35076,100,35077,100,35078,100,35079,100,35080,100,35081,100,,,,,,,,,,,,,,,,,,,,,,,,,,,,,,,,,,,,,,,,,,,,,,,,,,,,,,,,,,,,,,,,,,,,,,,,,,,,,,,,,,,,,,,,,,,,,,,,,,,,,,,,,,,,,,,,,,,,,,,,,,,,,,,,,,,,,,,,,,
200069,2级宝石库,35010,100,35011,100,35012,100,35013,100,35014,100,35015,100,35016,100,35017,100,35018,100,,,,,,,,,,,,,,,,,,,,,,,,,,,,,,,,,,,,,,,,,,,,,,,,,,,,,,,,,,,,,,,,,,,,,,,,,,,,,,,,,,,,,,,,,,,,,,,,,,,,,,,,,,,,,,,,,,,,,,,,,,,,,,,,,,,,,,,,,,
200070,3级宝石库,35019,100,35020,100,35021,100,35022,100,35023,100,35024,100,35025,100,35026,100,35027,100,,,,,,,,,,,,,,,,,,,,,,,,,,,,,,,,,,,,,,,,,,,,,,,,,,,,,,,,,,,,,,,,,,,,,,,,,,,,,,,,,,,,,,,,,,,,,,,,,,,,,,,,,,,,,,,,,,,,,,,,,,,,,,,,,,,,,,,,,,
200071,低级魔兽要诀库,311001,100,311002,100,311003,100,311004,100,311005,100,311006,100,311007,100,311008,100,311009,100,311010,100,311011,100,311012,100,311013,100,311014,100,311015,100,311016,100,311017,100,311018,100,311019,100,311020,100,311021,100,311022,100,311023,100,311024,100,311025,100,311026,100,311027,100,311028,100,311029,100,311030,100,311031,100,311032,100,311033,100,311034,100,311035,100,311036,100,311037,100,311075,100,311076,100,311077,100,311078,100,,,,,,,,,,,,,,,,,,,,,,,,,,,,,,,,,,,,,,,,,,,,,,,,,,,,,,,,,,,,,,,,,,,,,,,,,,
200072,高级魔兽要诀库（氪金宝箱）,311038,100,311039,100,311040,100,311041,100,311042,100,311043,100,311044,100,311045,100,311046,100,311047,100,311048,100,311049,100,311050,100,311051,100,311052,100,311053,100,311054,100,311055,100,311056,100,311057,100,311058,100,311059,100,311060,100,311061,100,311062,100,311063,100,311064,100,311065,100,311066,100,311067,100,311068,100,311069,100,311070,100,311071,100,311072,100,311073,100,311074,100,311079,100,311080,100,311081,100,311082,100,,,,,,,,,,,,,,,,,,,,,,,,,,,,,,,,,,,,,,,,,,,,,,,,,,,,,,,,,,,,,,,,,,,,,,,,,,
200073,光环卷轴库,360001,100,360002,100,360003,100,360004,100,360005,100,360006,100,360007,100,360008,100,360009,100,360010,100,,,,,,,,,,,,,,,,,,,,,,,,,,,,,,,,,,,,,,,,,,,,,,,,,,,,,,,,,,,,,,,,,,,,,,,,,,,,,,,,,,,,,,,,,,,,,,,,,,,,,,,,,,,,,,,,,,,,,,,,,,,,,,,,,,,,,,,,
200074,珍稀五宝库,331350,100,331351,100,331352,100,331353,130,331354,160,,,,,,,,,,,,,,,,,,,,,,,,,,,,,,,,,,,,,,,,,,,,,,,,,,,,,,,,,,,,,,,,,,,,,,,,,,,,,,,,,,,,,,,,,,,,,,,,,,,,,,,,,,,,,,,,,,,,,,,,,,,,,,,,,,,,,,,,,,,,,,,,,,
200075,普通五宝库,331350,100,331351,100,331352,100,331353,130,331354,160,,,,,,,,,,,,,,,,,,,,,,,,,,,,,,,,,,,,,,,,,,,,,,,,,,,,,,,,,,,,,,,,,,,,,,,,,,,,,,,,,,,,,,,,,,,,,,,,,,,,,,,,,,,,,,,,,,,,,,,,,,,,,,,,,,,,,,,,,,,,,,,,,,
200076,坐骑库,331400,100,331401,300,331402,100,,,,,,,,,,,,,,,,,,,,,,,,,,,,,,,,,,,,,,,,,,,,,,,,,,,,,,,,,,,,,,,,,,,,,,,,,,,,,,,,,,,,,,,,,,,,,,,,,,,,,,,,,,,,,,,,,,,,,,,,,,,,,,,,,,,,,,,,,,,,,,,,,,,,,,
200077,10级打造图纸库,350100,100,350101,100,350102,100,350103,100,350104,100,350106,100,350107,100,350108,100,350109,50,350110,50,350111,50,350112,50,,,,,,,,,,,,,,,,,,,,,,,,,,,,,,,,,,,,,,,,,,,,,,,,,,,,,,,,,,,,,,,,,,,,,,,,,,,,,,,,,,,,,,,,,,,,,,,,,,,,,,,,,,,,,,,,,,,,,,,,,,,,,,,,,,,,
200078,20级打造图纸库,350200,100,350201,100,350202,100,350203,100,350204,100,350206,100,350207,100,350208,100,350209,50,350210,50,350211,50,350212,50,,,,,,,,,,,,,,,,,,,,,,,,,,,,,,,,,,,,,,,,,,,,,,,,,,,,,,,,,,,,,,,,,,,,,,,,,,,,,,,,,,,,,,,,,,,,,,,,,,,,,,,,,,,,,,,,,,,,,,,,,,,,,,,,,,,,
200079,30级打造图纸库,350300,100,350301,100,350302,100,350303,100,350304,100,350306,100,350307,100,350308,100,350309,50,350310,50,350311,50,350312,50,,,,,,,,,,,,,,,,,,,,,,,,,,,,,,,,,,,,,,,,,,,,,,,,,,,,,,,,,,,,,,,,,,,,,,,,,,,,,,,,,,,,,,,,,,,,,,,,,,,,,,,,,,,,,,,,,,,,,,,,,,,,,,,,,,,,
200080,40级打造图纸库,350400,100,350401,100,350402,100,350403,100,350404,100,350406,100,350407,100,350408,100,350409,50,350410,50,350411,50,350412,50,,,,,,,,,,,,,,,,,,,,,,,,,,,,,,,,,,,,,,,,,,,,,,,,,,,,,,,,,,,,,,,,,,,,,,,,,,,,,,,,,,,,,,,,,,,,,,,,,,,,,,,,,,,,,,,,,,,,,,,,,,,,,,,,,,,,
200081,50级打造图纸库,350500,100,350501,100,350502,100,350503,100,350504,100,350506,100,350507,100,350508,100,350509,50,350510,50,350511,50,350512,50,,,,,,,,,,,,,,,,,,,,,,,,,,,,,,,,,,,,,,,,,,,,,,,,,,,,,,,,,,,,,,,,,,,,,,,,,,,,,,,,,,,,,,,,,,,,,,,,,,,,,,,,,,,,,,,,,,,,,,,,,,,,,,,,,,,,
200082,60级打造图纸库,350600,100,350601,100,350602,100,350603,100,350604,100,350606,100,350607,100,350608,100,350609,50,350610,50,350611,50,350612,50,,,,,,,,,,,,,,,,,,,,,,,,,,,,,,,,,,,,,,,,,,,,,,,,,,,,,,,,,,,,,,,,,,,,,,,,,,,,,,,,,,,,,,,,,,,,,,,,,,,,,,,,,,,,,,,,,,,,,,,,,,,,,,,,,,,,
200083,70级打造图纸库,350700,100,350701,100,350702,100,350703,100,350704,100,350706,100,350707,100,350708,100,350709,50,350710,50,350711,50,350712,50,,,,,,,,,,,,,,,,,,,,,,,,,,,,,,,,,,,,,,,,,,,,,,,,,,,,,,,,,,,,,,,,,,,,,,,,,,,,,,,,,,,,,,,,,,,,,,,,,,,,,,,,,,,,,,,,,,,,,,,,,,,,,,,,,,,,
200084,80级打造图纸库,350800,100,350801,100,350802,100,350803,100,350804,100,350806,100,350807,100,350808,100,350809,50,350810,50,350811,50,350812,50,,,,,,,,,,,,,,,,,,,,,,,,,,,,,,,,,,,,,,,,,,,,,,,,,,,,,,,,,,,,,,,,,,,,,,,,,,,,,,,,,,,,,,,,,,,,,,,,,,,,,,,,,,,,,,,,,,,,,,,,,,,,,,,,,,,,
200085,90级打造图纸库,350900,100,350901,100,350902,100,350903,100,350904,100,350906,100,350907,100,350908,100,350909,50,350910,50,350911,50,350912,50,,,,,,,,,,,,,,,,,,,,,,,,,,,,,,,,,,,,,,,,,,,,,,,,,,,,,,,,,,,,,,,,,,,,,,,,,,,,,,,,,,,,,,,,,,,,,,,,,,,,,,,,,,,,,,,,,,,,,,,,,,,,,,,,,,,,
200086,100级打造图纸库,351000,100,351001,100,351002,100,351003,100,351004,100,351006,100,351007,100,351008,100,351009,50,351010,50,351011,50,351012,50,,,,,,,,,,,,,,,,,,,,,,,,,,,,,,,,,,,,,,,,,,,,,,,,,,,,,,,,,,,,,,,,,,,,,,,,,,,,,,,,,,,,,,,,,,,,,,,,,,,,,,,,,,,,,,,,,,,,,,,,,,,,,,,,,,,,
200087,110级打造图纸库,351100,100,351101,100,351102,100,351103,100,351104,100,351106,100,351107,100,351108,100,351109,50,351110,50,351111,50,351112,50,,,,,,,,,,,,,,,,,,,,,,,,,,,,,,,,,,,,,,,,,,,,,,,,,,,,,,,,,,,,,,,,,,,,,,,,,,,,,,,,,,,,,,,,,,,,,,,,,,,,,,,,,,,,,,,,,,,,,,,,,,,,,,,,,,,,
200088,120级打造图纸库,351200,100,351201,100,351202,100,351203,100,351204,100,351206,100,351207,100,351208,100,351209,50,351210,50,351211,50,351212,50,,,,,,,,,,,,,,,,,,,,,,,,,,,,,,,,,,,,,,,,,,,,,,,,,,,,,,,,,,,,,,,,,,,,,,,,,,,,,,,,,,,,,,,,,,,,,,,,,,,,,,,,,,,,,,,,,,,,,,,,,,,,,,,,,,,,
200089,130级打造图纸库,351300,100,351301,100,351302,100,351303,100,351304,100,351306,100,351307,100,351308,100,351309,50,351310,50,351311,50,351312,50,,,,,,,,,,,,,,,,,,,,,,,,,,,,,,,,,,,,,,,,,,,,,,,,,,,,,,,,,,,,,,,,,,,,,,,,,,,,,,,,,,,,,,,,,,,,,,,,,,,,,,,,,,,,,,,,,,,,,,,,,,,,,,,,,,,,
200090,140级打造图纸库,351400,100,351401,100,351402,100,351403,100,351404,100,351406,100,351407,100,351408,100,351409,50,351410,50,351411,50,351412,50,,,,,,,,,,,,,,,,,,,,,,,,,,,,,,,,,,,,,,,,,,,,,,,,,,,,,,,,,,,,,,,,,,,,,,,,,,,,,,,,,,,,,,,,,,,,,,,,,,,,,,,,,,,,,,,,,,,,,,,,,,,,,,,,,,,,
200091,150级打造图纸库,351500,100,351501,100,351502,100,351503,100,351504,100,351506,100,351507,100,351508,100,351509,50,351510,50,351511,50,351512,50,,,,,,,,,,,,,,,,,,,,,,,,,,,,,,,,,,,,,,,,,,,,,,,,,,,,,,,,,,,,,,,,,,,,,,,,,,,,,,,,,,,,,,,,,,,,,,,,,,,,,,,,,,,,,,,,,,,,,,,,,,,,,,,,,,,,
200092,10级环装库,4010101,100,4010102,100,4010103,100,4010104,100,4010105,100,4010207,100,4010208,100,4010309,100,4010310,100,4010411,100,4010512,100,4010613,100,,,,,,,,,,,,,,,,,,,,,,,,,,,,,,,,,,,,,,,,,,,,,,,,,,,,,,,,,,,,,,,,,,,,,,,,,,,,,,,,,,,,,,,,,,,,,,,,,,,,,,,,,,,,,,,,,,,,,,,,,,,,,,,,,,,,
200093,20级环装库,4020101,100,4020102,100,4020103,100,4020104,100,4020105,100,4020207,100,4020208,100,4020309,100,4020310,100,4020411,100,4020512,100,4020613,100,,,,,,,,,,,,,,,,,,,,,,,,,,,,,,,,,,,,,,,,,,,,,,,,,,,,,,,,,,,,,,,,,,,,,,,,,,,,,,,,,,,,,,,,,,,,,,,,,,,,,,,,,,,,,,,,,,,,,,,,,,,,,,,,,,,,
200094,30级环装库,4030101,100,4030102,100,4030103,100,4030104,100,4030105,100,4030207,100,4030208,100,4030309,100,4030310,100,4030411,100,4030512,100,4030613,100,,,,,,,,,,,,,,,,,,,,,,,,,,,,,,,,,,,,,,,,,,,,,,,,,,,,,,,,,,,,,,,,,,,,,,,,,,,,,,,,,,,,,,,,,,,,,,,,,,,,,,,,,,,,,,,,,,,,,,,,,,,,,,,,,,,,
200095,40级环装库,4040101,100,4040102,100,4040103,100,4040104,100,4040105,100,4040207,100,4040208,100,4040309,100,4040310,100,4040411,100,4040512,100,4040613,100,,,,,,,,,,,,,,,,,,,,,,,,,,,,,,,,,,,,,,,,,,,,,,,,,,,,,,,,,,,,,,,,,,,,,,,,,,,,,,,,,,,,,,,,,,,,,,,,,,,,,,,,,,,,,,,,,,,,,,,,,,,,,,,,,,,,
200096,50级环装库,4050101,100,4050102,100,4050103,100,4050104,100,4050105,100,4050207,100,4050208,100,4050309,100,4050310,100,4050411,100,4050512,100,4050613,100,,,,,,,,,,,,,,,,,,,,,,,,,,,,,,,,,,,,,,,,,,,,,,,,,,,,,,,,,,,,,,,,,,,,,,,,,,,,,,,,,,,,,,,,,,,,,,,,,,,,,,,,,,,,,,,,,,,,,,,,,,,,,,,,,,,,
200097,60级环装库,4060101,100,4060102,100,4060103,100,4060104,100,4060105,100,4060207,100,4060208,100,4060309,100,4060310,100,4060411,100,4060512,100,4060613,100,,,,,,,,,,,,,,,,,,,,,,,,,,,,,,,,,,,,,,,,,,,,,,,,,,,,,,,,,,,,,,,,,,,,,,,,,,,,,,,,,,,,,,,,,,,,,,,,,,,,,,,,,,,,,,,,,,,,,,,,,,,,,,,,,,,,
200098,70级环装库,4070101,100,4070102,100,4070103,100,4070104,100,4070105,100,4070207,100,4070208,100,4070309,100,4070310,100,4070411,100,4070512,100,4070613,100,,,,,,,,,,,,,,,,,,,,,,,,,,,,,,,,,,,,,,,,,,,,,,,,,,,,,,,,,,,,,,,,,,,,,,,,,,,,,,,,,,,,,,,,,,,,,,,,,,,,,,,,,,,,,,,,,,,,,,,,,,,,,,,,,,,,
200099,80级环装库,4080101,100,4080102,100,4080103,100,4080104,100,4080105,100,4080207,100,4080208,100,4080309,100,4080310,100,4080411,100,4080512,100,4080613,100,,,,,,,,,,,,,,,,,,,,,,,,,,,,,,,,,,,,,,,,,,,,,,,,,,,,,,,,,,,,,,,,,,,,,,,,,,,,,,,,,,,,,,,,,,,,,,,,,,,,,,,,,,,,,,,,,,,,,,,,,,,,,,,,,,,,
200100,90级环装库,4090101,100,4090102,100,4090103,100,4090104,100,4090105,100,4090207,100,4090208,100,4090309,100,4090310,100,4090411,100,4090512,100,4090613,100,,,,,,,,,,,,,,,,,,,,,,,,,,,,,,,,,,,,,,,,,,,,,,,,,,,,,,,,,,,,,,,,,,,,,,,,,,,,,,,,,,,,,,,,,,,,,,,,,,,,,,,,,,,,,,,,,,,,,,,,,,,,,,,,,,,,
200101,100级环装库,4100101,100,4100102,100,4100103,100,4100104,100,4100105,100,4100207,100,4100208,100,4100309,100,4100310,100,4100411,100,4100512,100,4100613,100,,,,,,,,,,,,,,,,,,,,,,,,,,,,,,,,,,,,,,,,,,,,,,,,,,,,,,,,,,,,,,,,,,,,,,,,,,,,,,,,,,,,,,,,,,,,,,,,,,,,,,,,,,,,,,,,,,,,,,,,,,,,,,,,,,,,
200102,110级环装库,4110101,100,4110102,100,4110103,100,4110104,100,4110105,100,4110207,100,4110208,100,4110309,100,4110310,100,4110411,100,4110512,100,4110613,100,,,,,,,,,,,,,,,,,,,,,,,,,,,,,,,,,,,,,,,,,,,,,,,,,,,,,,,,,,,,,,,,,,,,,,,,,,,,,,,,,,,,,,,,,,,,,,,,,,,,,,,,,,,,,,,,,,,,,,,,,,,,,,,,,,,,
200103,120级环装库,4120101,100,4120102,100,4120103,100,4120104,100,4120105,100,4120207,100,4120208,100,4120309,100,4120310,100,4120411,100,4120512,100,4120613,100,,,,,,,,,,,,,,,,,,,,,,,,,,,,,,,,,,,,,,,,,,,,,,,,,,,,,,,,,,,,,,,,,,,,,,,,,,,,,,,,,,,,,,,,,,,,,,,,,,,,,,,,,,,,,,,,,,,,,,,,,,,,,,,,,,,,
200104,130级环装库,4130101,100,4130102,100,4130103,100,4130104,100,4130105,100,4130207,100,4130208,100,4130309,100,4130310,100,4130411,100,4130512,100,4130613,100,,,,,,,,,,,,,,,,,,,,,,,,,,,,,,,,,,,,,,,,,,,,,,,,,,,,,,,,,,,,,,,,,,,,,,,,,,,,,,,,,,,,,,,,,,,,,,,,,,,,,,,,,,,,,,,,,,,,,,,,,,,,,,,,,,,,
200105,140级环装库,4140101,100,4140102,100,4140103,100,4140104,100,4140105,100,4140207,100,4140208,100,4140309,100,4140310,100,4140411,100,4140512,100,4140613,100,,,,,,,,,,,,,,,,,,,,,,,,,,,,,,,,,,,,,,,,,,,,,,,,,,,,,,,,,,,,,,,,,,,,,,,,,,,,,,,,,,,,,,,,,,,,,,,,,,,,,,,,,,,,,,,,,,,,,,,,,,,,,,,,,,,,
200106,150级环装库,4150101,100,4150102,100,4150103,100,4150104,100,4150105,100,4150207,100,4150208,100,4150309,100,4150310,100,4150411,100,4150512,100,4150613,100,,,,,,,,,,,,,,,,,,,,,,,,,,,,,,,,,,,,,,,,,,,,,,,,,,,,,,,,,,,,,,,,,,,,,,,,,,,,,,,,,,,,,,,,,,,,,,,,,,,,,,,,,,,,,,,,,,,,,,,,,,,,,,,,,,,,
200107,10级绿装库,5010101,100,5010102,100,5010103,100,5010104,100,5010105,100,5010207,100,5010208,100,5010309,100,5010310,100,5010411,100,5010512,100,5010613,100,,,,,,,,,,,,,,,,,,,,,,,,,,,,,,,,,,,,,,,,,,,,,,,,,,,,,,,,,,,,,,,,,,,,,,,,,,,,,,,,,,,,,,,,,,,,,,,,,,,,,,,,,,,,,,,,,,,,,,,,,,,,,,,,,,,,
200108,20级绿装库,5020101,100,5020102,100,5020103,100,5020104,100,5020105,100,5020207,100,5020208,100,5020309,100,5020310,100,5020411,100,5020512,100,5020613,100,,,,,,,,,,,,,,,,,,,,,,,,,,,,,,,,,,,,,,,,,,,,,,,,,,,,,,,,,,,,,,,,,,,,,,,,,,,,,,,,,,,,,,,,,,,,,,,,,,,,,,,,,,,,,,,,,,,,,,,,,,,,,,,,,,,,
200109,30级绿装库,5030101,100,5030102,100,5030103,100,5030104,100,5030105,100,5030207,100,5030208,100,5030309,100,5030310,100,5030411,100,5030512,100,5030613,100,,,,,,,,,,,,,,,,,,,,,,,,,,,,,,,,,,,,,,,,,,,,,,,,,,,,,,,,,,,,,,,,,,,,,,,,,,,,,,,,,,,,,,,,,,,,,,,,,,,,,,,,,,,,,,,,,,,,,,,,,,,,,,,,,,,,
200110,40级绿装库,5040101,100,5040102,100,5040103,100,5040104,100,5040105,100,5040207,100,5040208,100,5040309,100,5040310,100,5040411,100,5040512,100,5040613,100,,,,,,,,,,,,,,,,,,,,,,,,,,,,,,,,,,,,,,,,,,,,,,,,,,,,,,,,,,,,,,,,,,,,,,,,,,,,,,,,,,,,,,,,,,,,,,,,,,,,,,,,,,,,,,,,,,,,,,,,,,,,,,,,,,,,
200111,50级绿装库,5050101,100,5050102,100,5050103,100,5050104,100,5050105,100,5050207,100,5050208,100,5050309,100,5050310,100,5050411,100,5050512,100,5050613,100,,,,,,,,,,,,,,,,,,,,,,,,,,,,,,,,,,,,,,,,,,,,,,,,,,,,,,,,,,,,,,,,,,,,,,,,,,,,,,,,,,,,,,,,,,,,,,,,,,,,,,,,,,,,,,,,,,,,,,,,,,,,,,,,,,,,
200112,60级绿装库,5060101,100,5060102,100,5060103,100,5060104,100,5060105,100,5060207,100,5060208,100,5060309,100,5060310,100,5060411,100,5060512,100,5060613,100,,,,,,,,,,,,,,,,,,,,,,,,,,,,,,,,,,,,,,,,,,,,,,,,,,,,,,,,,,,,,,,,,,,,,,,,,,,,,,,,,,,,,,,,,,,,,,,,,,,,,,,,,,,,,,,,,,,,,,,,,,,,,,,,,,,,
200113,70级绿装库,5070101,100,5070102,100,5070103,100,5070104,100,5070105,100,5070207,100,5070208,100,5070309,100,5070310,100,5070411,100,5070512,100,5070613,100,,,,,,,,,,,,,,,,,,,,,,,,,,,,,,,,,,,,,,,,,,,,,,,,,,,,,,,,,,,,,,,,,,,,,,,,,,,,,,,,,,,,,,,,,,,,,,,,,,,,,,,,,,,,,,,,,,,,,,,,,,,,,,,,,,,,
200114,80级绿装库,5080101,100,5080102,100,5080103,100,5080104,100,5080105,100,5080207,100,5080208,100,5080309,100,5080310,100,5080411,100,5080512,100,5080613,100,,,,,,,,,,,,,,,,,,,,,,,,,,,,,,,,,,,,,,,,,,,,,,,,,,,,,,,,,,,,,,,,,,,,,,,,,,,,,,,,,,,,,,,,,,,,,,,,,,,,,,,,,,,,,,,,,,,,,,,,,,,,,,,,,,,,
200115,90级绿装库,5090101,100,5090102,100,5090103,100,5090104,100,5090105,100,5090207,100,5090208,100,5090309,100,5090310,100,5090411,100,5090512,100,5090613,100,,,,,,,,,,,,,,,,,,,,,,,,,,,,,,,,,,,,,,,,,,,,,,,,,,,,,,,,,,,,,,,,,,,,,,,,,,,,,,,,,,,,,,,,,,,,,,,,,,,,,,,,,,,,,,,,,,,,,,,,,,,,,,,,,,,,
200116,100级绿装库,5100101,100,5100102,100,5100103,100,5100104,100,5100105,100,5100207,100,5100208,100,5100309,100,5100310,100,5100411,100,5100512,100,5100613,100,,,,,,,,,,,,,,,,,,,,,,,,,,,,,,,,,,,,,,,,,,,,,,,,,,,,,,,,,,,,,,,,,,,,,,,,,,,,,,,,,,,,,,,,,,,,,,,,,,,,,,,,,,,,,,,,,,,,,,,,,,,,,,,,,,,,
200117,110级绿装库,5110101,100,5110102,100,5110103,100,5110104,100,5110105,100,5110207,100,5110208,100,5110309,100,5110310,100,5110411,100,5110512,100,5110613,100,,,,,,,,,,,,,,,,,,,,,,,,,,,,,,,,,,,,,,,,,,,,,,,,,,,,,,,,,,,,,,,,,,,,,,,,,,,,,,,,,,,,,,,,,,,,,,,,,,,,,,,,,,,,,,,,,,,,,,,,,,,,,,,,,,,,
200118,120级绿装库,5120101,100,5120102,100,5120103,100,5120104,100,5120105,100,5120207,100,5120208,100,5120309,100,5120310,100,5120411,100,5120512,100,5120613,100,,,,,,,,,,,,,,,,,,,,,,,,,,,,,,,,,,,,,,,,,,,,,,,,,,,,,,,,,,,,,,,,,,,,,,,,,,,,,,,,,,,,,,,,,,,,,,,,,,,,,,,,,,,,,,,,,,,,,,,,,,,,,,,,,,,,
200119,130级绿装库,5130101,100,5130102,100,5130103,100,5130104,100,5130105,100,5130207,100,5130208,100,5130309,100,5130310,100,5130411,100,5130512,100,5130613,100,,,,,,,,,,,,,,,,,,,,,,,,,,,,,,,,,,,,,,,,,,,,,,,,,,,,,,,,,,,,,,,,,,,,,,,,,,,,,,,,,,,,,,,,,,,,,,,,,,,,,,,,,,,,,,,,,,,,,,,,,,,,,,,,,,,,
200120,140级绿装库,5140101,100,5140102,100,5140103,100,5140104,100,5140105,100,5140207,100,5140208,100,5140309,100,5140310,100,5140411,100,5140512,100,5140613,100,,,,,,,,,,,,,,,,,,,,,,,,,,,,,,,,,,,,,,,,,,,,,,,,,,,,,,,,,,,,,,,,,,,,,,,,,,,,,,,,,,,,,,,,,,,,,,,,,,,,,,,,,,,,,,,,,,,,,,,,,,,,,,,,,,,,
200121,150级绿装库,5150101,100,5150102,100,5150103,100,5150104,100,5150105,100,5150207,100,5150208,100,5150309,100,5150310,100,5150411,100,5150512,100,5150613,100,,,,,,,,,,,,,,,,,,,,,,,,,,,,,,,,,,,,,,,,,,,,,,,,,,,,,,,,,,,,,,,,,,,,,,,,,,,,,,,,,,,,,,,,,,,,,,,,,,,,,,,,,,,,,,,,,,,,,,,,,,,,,,,,,,,,
200122,10级蓝装库,6010101,100,6010102,100,6010103,100,6010104,100,6010105,100,6010207,100,6010208,100,6010309,100,6010310,100,6010411,100,6010512,100,6010613,100,,,,,,,,,,,,,,,,,,,,,,,,,,,,,,,,,,,,,,,,,,,,,,,,,,,,,,,,,,,,,,,,,,,,,,,,,,,,,,,,,,,,,,,,,,,,,,,,,,,,,,,,,,,,,,,,,,,,,,,,,,,,,,,,,,,,
200123,20级蓝装库,6020101,100,6020102,100,6020103,100,6020104,100,6020105,100,6020207,100,6020208,100,6020309,100,6020310,100,6020411,100,6020512,100,6020613,100,,,,,,,,,,,,,,,,,,,,,,,,,,,,,,,,,,,,,,,,,,,,,,,,,,,,,,,,,,,,,,,,,,,,,,,,,,,,,,,,,,,,,,,,,,,,,,,,,,,,,,,,,,,,,,,,,,,,,,,,,,,,,,,,,,,,
200124,30级蓝装库,6030101,100,6030102,100,6030103,100,6030104,100,6030105,100,6030207,100,6030208,100,6030309,100,6030310,100,6030411,100,6030512,100,6030613,100,,,,,,,,,,,,,,,,,,,,,,,,,,,,,,,,,,,,,,,,,,,,,,,,,,,,,,,,,,,,,,,,,,,,,,,,,,,,,,,,,,,,,,,,,,,,,,,,,,,,,,,,,,,,,,,,,,,,,,,,,,,,,,,,,,,,
200125,40级蓝装库,6040101,100,6040102,100,6040103,100,6040104,100,6040105,100,6040207,100,6040208,100,6040309,100,6040310,100,6040411,100,6040512,100,6040613,100,,,,,,,,,,,,,,,,,,,,,,,,,,,,,,,,,,,,,,,,,,,,,,,,,,,,,,,,,,,,,,,,,,,,,,,,,,,,,,,,,,,,,,,,,,,,,,,,,,,,,,,,,,,,,,,,,,,,,,,,,,,,,,,,,,,,
200126,50级蓝装库,6050101,100,6050102,100,6050103,100,6050104,100,6050105,100,6050207,100,6050208,100,6050309,100,6050310,100,6050411,100,6050512,100,6050613,100,,,,,,,,,,,,,,,,,,,,,,,,,,,,,,,,,,,,,,,,,,,,,,,,,,,,,,,,,,,,,,,,,,,,,,,,,,,,,,,,,,,,,,,,,,,,,,,,,,,,,,,,,,,,,,,,,,,,,,,,,,,,,,,,,,,,
200127,60级蓝装库,6060101,100,6060102,100,6060103,100,6060104,100,6060105,100,6060207,100,6060208,100,6060309,100,6060310,100,6060411,100,6060512,100,6060613,100,,,,,,,,,,,,,,,,,,,,,,,,,,,,,,,,,,,,,,,,,,,,,,,,,,,,,,,,,,,,,,,,,,,,,,,,,,,,,,,,,,,,,,,,,,,,,,,,,,,,,,,,,,,,,,,,,,,,,,,,,,,,,,,,,,,,
200128,70级蓝装库,6070101,100,6070102,100,6070103,100,6070104,100,6070105,100,6070207,100,6070208,100,6070309,100,6070310,100,6070411,100,6070512,100,6070613,100,,,,,,,,,,,,,,,,,,,,,,,,,,,,,,,,,,,,,,,,,,,,,,,,,,,,,,,,,,,,,,,,,,,,,,,,,,,,,,,,,,,,,,,,,,,,,,,,,,,,,,,,,,,,,,,,,,,,,,,,,,,,,,,,,,,,
200129,80级蓝装库,6080101,100,6080102,100,6080103,100,6080104,100,6080105,100,6080207,100,6080208,100,6080309,100,6080310,100,6080411,100,6080512,100,6080613,100,,,,,,,,,,,,,,,,,,,,,,,,,,,,,,,,,,,,,,,,,,,,,,,,,,,,,,,,,,,,,,,,,,,,,,,,,,,,,,,,,,,,,,,,,,,,,,,,,,,,,,,,,,,,,,,,,,,,,,,,,,,,,,,,,,,,
200130,90级蓝装库,6090101,100,6090102,100,6090103,100,6090104,100,6090105,100,6090207,100,6090208,100,6090309,100,6090310,100,6090411,100,6090512,100,6090613,100,,,,,,,,,,,,,,,,,,,,,,,,,,,,,,,,,,,,,,,,,,,,,,,,,,,,,,,,,,,,,,,,,,,,,,,,,,,,,,,,,,,,,,,,,,,,,,,,,,,,,,,,,,,,,,,,,,,,,,,,,,,,,,,,,,,,
200131,100级蓝装库,6100101,100,6100102,100,6100103,100,6100104,100,6100105,100,6100207,100,6100208,100,6100309,100,6100310,100,6100411,100,6100512,100,6100613,100,,,,,,,,,,,,,,,,,,,,,,,,,,,,,,,,,,,,,,,,,,,,,,,,,,,,,,,,,,,,,,,,,,,,,,,,,,,,,,,,,,,,,,,,,,,,,,,,,,,,,,,,,,,,,,,,,,,,,,,,,,,,,,,,,,,,
200132,110级蓝装库,6110101,100,6110102,100,6110103,100,6110104,100,6110105,100,6110207,100,6110208,100,6110309,100,6110310,100,6110411,100,6110512,100,6110613,100,,,,,,,,,,,,,,,,,,,,,,,,,,,,,,,,,,,,,,,,,,,,,,,,,,,,,,,,,,,,,,,,,,,,,,,,,,,,,,,,,,,,,,,,,,,,,,,,,,,,,,,,,,,,,,,,,,,,,,,,,,,,,,,,,,,,
200133,120级蓝装库,6120101,100,6120102,100,6120103,100,6120104,100,6120105,100,6120207,100,6120208,100,6120309,100,6120310,100,6120411,100,6120512,100,6120613,100,,,,,,,,,,,,,,,,,,,,,,,,,,,,,,,,,,,,,,,,,,,,,,,,,,,,,,,,,,,,,,,,,,,,,,,,,,,,,,,,,,,,,,,,,,,,,,,,,,,,,,,,,,,,,,,,,,,,,,,,,,,,,,,,,,,,
200134,130级蓝装库,6130101,100,6130102,100,6130103,100,6130104,100,6130105,100,6130207,100,6130208,100,6130309,100,6130310,100,6130411,100,6130512,100,6130613,100,,,,,,,,,,,,,,,,,,,,,,,,,,,,,,,,,,,,,,,,,,,,,,,,,,,,,,,,,,,,,,,,,,,,,,,,,,,,,,,,,,,,,,,,,,,,,,,,,,,,,,,,,,,,,,,,,,,,,,,,,,,,,,,,,,,,
200135,140级蓝装库,6140101,100,6140102,100,6140103,100,6140104,100,6140105,100,6140207,100,6140208,100,6140309,100,6140310,100,6140411,100,6140512,100,6140613,100,,,,,,,,,,,,,,,,,,,,,,,,,,,,,,,,,,,,,,,,,,,,,,,,,,,,,,,,,,,,,,,,,,,,,,,,,,,,,,,,,,,,,,,,,,,,,,,,,,,,,,,,,,,,,,,,,,,,,,,,,,,,,,,,,,,,
200136,150级蓝装库,6150101,100,6150102,100,6150103,100,6150104,100,6150105,100,6150207,100,6150208,100,6150309,100,6150310,100,6150411,100,6150512,100,6150613,100,,,,,,,,,,,,,,,,,,,,,,,,,,,,,,,,,,,,,,,,,,,,,,,,,,,,,,,,,,,,,,,,,,,,,,,,,,,,,,,,,,,,,,,,,,,,,,,,,,,,,,,,,,,,,,,,,,,,,,,,,,,,,,,,,,,,
200137,10级紫装库,7010101,100,7010102,100,7010103,100,7010104,100,7010105,100,7010207,100,7010208,100,7010309,100,7010310,100,7010411,100,7010512,100,7010613,100,,,,,,,,,,,,,,,,,,,,,,,,,,,,,,,,,,,,,,,,,,,,,,,,,,,,,,,,,,,,,,,,,,,,,,,,,,,,,,,,,,,,,,,,,,,,,,,,,,,,,,,,,,,,,,,,,,,,,,,,,,,,,,,,,,,,
200138,20级紫装库,7020101,100,7020102,100,7020103,100,7020104,100,7020105,100,7020207,100,7020208,100,7020309,100,7020310,100,7020411,100,7020512,100,7020613,100,,,,,,,,,,,,,,,,,,,,,,,,,,,,,,,,,,,,,,,,,,,,,,,,,,,,,,,,,,,,,,,,,,,,,,,,,,,,,,,,,,,,,,,,,,,,,,,,,,,,,,,,,,,,,,,,,,,,,,,,,,,,,,,,,,,,
200139,30级紫装库,7030101,100,7030102,100,7030103,100,7030104,100,7030105,100,7030207,100,7030208,100,7030309,100,7030310,100,7030411,100,7030512,100,7030613,100,,,,,,,,,,,,,,,,,,,,,,,,,,,,,,,,,,,,,,,,,,,,,,,,,,,,,,,,,,,,,,,,,,,,,,,,,,,,,,,,,,,,,,,,,,,,,,,,,,,,,,,,,,,,,,,,,,,,,,,,,,,,,,,,,,,,
200140,40级紫装库,7040101,100,7040102,100,7040103,100,7040104,100,7040105,100,7040207,100,7040208,100,7040309,100,7040310,100,7040411,100,7040512,100,7040613,100,,,,,,,,,,,,,,,,,,,,,,,,,,,,,,,,,,,,,,,,,,,,,,,,,,,,,,,,,,,,,,,,,,,,,,,,,,,,,,,,,,,,,,,,,,,,,,,,,,,,,,,,,,,,,,,,,,,,,,,,,,,,,,,,,,,,
200141,50级紫装库,7050101,100,7050102,100,7050103,100,7050104,100,7050105,100,7050207,100,7050208,100,7050309,100,7050310,100,7050411,100,7050512,100,7050613,100,,,,,,,,,,,,,,,,,,,,,,,,,,,,,,,,,,,,,,,,,,,,,,,,,,,,,,,,,,,,,,,,,,,,,,,,,,,,,,,,,,,,,,,,,,,,,,,,,,,,,,,,,,,,,,,,,,,,,,,,,,,,,,,,,,,,
200142,60级紫装库,7060101,100,7060102,100,7060103,100,7060104,100,7060105,100,7060207,100,7060208,100,7060309,100,7060310,100,7060411,100,7060512,100,7060613,100,,,,,,,,,,,,,,,,,,,,,,,,,,,,,,,,,,,,,,,,,,,,,,,,,,,,,,,,,,,,,,,,,,,,,,,,,,,,,,,,,,,,,,,,,,,,,,,,,,,,,,,,,,,,,,,,,,,,,,,,,,,,,,,,,,,,
200143,70级紫装库,7070101,100,7070102,100,7070103,100,7070104,100,7070105,100,7070207,100,7070208,100,7070309,100,7070310,100,7070411,100,7070512,100,7070613,100,,,,,,,,,,,,,,,,,,,,,,,,,,,,,,,,,,,,,,,,,,,,,,,,,,,,,,,,,,,,,,,,,,,,,,,,,,,,,,,,,,,,,,,,,,,,,,,,,,,,,,,,,,,,,,,,,,,,,,,,,,,,,,,,,,,,
200144,80级紫装库,7080101,100,7080102,100,7080103,100,7080104,100,7080105,100,7080207,100,7080208,100,7080309,100,7080310,100,7080411,100,7080512,100,7080613,100,,,,,,,,,,,,,,,,,,,,,,,,,,,,,,,,,,,,,,,,,,,,,,,,,,,,,,,,,,,,,,,,,,,,,,,,,,,,,,,,,,,,,,,,,,,,,,,,,,,,,,,,,,,,,,,,,,,,,,,,,,,,,,,,,,,,
200145,90级紫装库,7090101,100,7090102,100,7090103,100,7090104,100,7090105,100,7090207,100,7090208,100,7090309,100,7090310,100,7090411,100,7090512,100,7090613,100,,,,,,,,,,,,,,,,,,,,,,,,,,,,,,,,,,,,,,,,,,,,,,,,,,,,,,,,,,,,,,,,,,,,,,,,,,,,,,,,,,,,,,,,,,,,,,,,,,,,,,,,,,,,,,,,,,,,,,,,,,,,,,,,,,,,
200146,100级紫装库,7100101,100,7100102,100,7100103,100,7100104,100,7100105,100,7100207,100,7100208,100,7100309,100,7100310,100,7100411,100,7100512,100,7100613,100,,,,,,,,,,,,,,,,,,,,,,,,,,,,,,,,,,,,,,,,,,,,,,,,,,,,,,,,,,,,,,,,,,,,,,,,,,,,,,,,,,,,,,,,,,,,,,,,,,,,,,,,,,,,,,,,,,,,,,,,,,,,,,,,,,,,
200147,110级紫装库,7110101,100,7110102,100,7110103,100,7110104,100,7110105,100,7110207,100,7110208,100,7110309,100,7110310,100,7110411,100,7110512,100,7110613,100,,,,,,,,,,,,,,,,,,,,,,,,,,,,,,,,,,,,,,,,,,,,,,,,,,,,,,,,,,,,,,,,,,,,,,,,,,,,,,,,,,,,,,,,,,,,,,,,,,,,,,,,,,,,,,,,,,,,,,,,,,,,,,,,,,,,
200148,120级紫装库,7120101,100,7120102,100,7120103,100,7120104,100,7120105,100,7120207,100,7120208,100,7120309,100,7120310,100,7120411,100,7120512,100,7120613,100,,,,,,,,,,,,,,,,,,,,,,,,,,,,,,,,,,,,,,,,,,,,,,,,,,,,,,,,,,,,,,,,,,,,,,,,,,,,,,,,,,,,,,,,,,,,,,,,,,,,,,,,,,,,,,,,,,,,,,,,,,,,,,,,,,,,
200149,130级紫装库,7130101,100,7130102,100,7130103,100,7130104,100,7130105,100,7130207,100,7130208,100,7130309,100,7130310,100,7130411,100,7130512,100,7130613,100,,,,,,,,,,,,,,,,,,,,,,,,,,,,,,,,,,,,,,,,,,,,,,,,,,,,,,,,,,,,,,,,,,,,,,,,,,,,,,,,,,,,,,,,,,,,,,,,,,,,,,,,,,,,,,,,,,,,,,,,,,,,,,,,,,,,
200150,140级紫装库,7140101,100,7140102,100,7140103,100,7140104,100,7140105,100,7140207,100,7140208,100,7140309,100,7140310,100,7140411,100,7140512,100,7140613,100,,,,,,,,,,,,,,,,,,,,,,,,,,,,,,,,,,,,,,,,,,,,,,,,,,,,,,,,,,,,,,,,,,,,,,,,,,,,,,,,,,,,,,,,,,,,,,,,,,,,,,,,,,,,,,,,,,,,,,,,,,,,,,,,,,,,
200151,150级紫装库,7150101,100,7150102,100,7150103,100,7150104,100,7150105,100,7150207,100,7150208,100,7150309,100,7150310,100,7150411,100,7150512,100,7150613,100,,,,,,,,,,,,,,,,,,,,,,,,,,,,,,,,,,,,,,,,,,,,,,,,,,,,,,,,,,,,,,,,,,,,,,,,,,,,,,,,,,,,,,,,,,,,,,,,,,,,,,,,,,,,,,,,,,,,,,,,,,,,,,,,,,,,
200152,10级橙装库,8010101,100,8010102,100,8010103,100,8010104,100,8010105,100,8010207,100,8010208,100,8010309,100,8010310,100,8010411,100,8010512,100,8010613,100,,,,,,,,,,,,,,,,,,,,,,,,,,,,,,,,,,,,,,,,,,,,,,,,,,,,,,,,,,,,,,,,,,,,,,,,,,,,,,,,,,,,,,,,,,,,,,,,,,,,,,,,,,,,,,,,,,,,,,,,,,,,,,,,,,,,
200153,10级橙装库,8020101,100,8020102,100,8020103,100,8020104,100,8020105,100,8020207,100,8020208,100,8020309,100,8020310,100,8020411,100,8020512,100,8020613,100,,,,,,,,,,,,,,,,,,,,,,,,,,,,,,,,,,,,,,,,,,,,,,,,,,,,,,,,,,,,,,,,,,,,,,,,,,,,,,,,,,,,,,,,,,,,,,,,,,,,,,,,,,,,,,,,,,,,,,,,,,,,,,,,,,,,
200154,10级橙装库,8030101,100,8030102,100,8030103,100,8030104,100,8030105,100,8030207,100,8030208,100,8030309,100,8030310,100,8030411,100,8030512,100,8030613,100,,,,,,,,,,,,,,,,,,,,,,,,,,,,,,,,,,,,,,,,,,,,,,,,,,,,,,,,,,,,,,,,,,,,,,,,,,,,,,,,,,,,,,,,,,,,,,,,,,,,,,,,,,,,,,,,,,,,,,,,,,,,,,,,,,,,
200155,10级橙装库,8040101,100,8040102,100,8040103,100,8040104,100,8040105,100,8040207,100,8040208,100,8040309,100,8040310,100,8040411,100,8040512,100,8040613,100,,,,,,,,,,,,,,,,,,,,,,,,,,,,,,,,,,,,,,,,,,,,,,,,,,,,,,,,,,,,,,,,,,,,,,,,,,,,,,,,,,,,,,,,,,,,,,,,,,,,,,,,,,,,,,,,,,,,,,,,,,,,,,,,,,,,
200156,10级橙装库,8050101,100,8050102,100,8050103,100,8050104,100,8050105,100,8050207,100,8050208,100,8050309,100,8050310,100,8050411,100,8050512,100,8050613,100,,,,,,,,,,,,,,,,,,,,,,,,,,,,,,,,,,,,,,,,,,,,,,,,,,,,,,,,,,,,,,,,,,,,,,,,,,,,,,,,,,,,,,,,,,,,,,,,,,,,,,,,,,,,,,,,,,,,,,,,,,,,,,,,,,,,
200157,10级橙装库,8060101,100,8060102,100,8060103,100,8060104,100,8060105,100,8060207,100,8060208,100,8060309,100,8060310,100,8060411,100,8060512,100,8060613,100,,,,,,,,,,,,,,,,,,,,,,,,,,,,,,,,,,,,,,,,,,,,,,,,,,,,,,,,,,,,,,,,,,,,,,,,,,,,,,,,,,,,,,,,,,,,,,,,,,,,,,,,,,,,,,,,,,,,,,,,,,,,,,,,,,,,
200158,10级橙装库,8070101,100,8070102,100,8070103,100,8070104,100,8070105,100,8070207,100,8070208,100,8070309,100,8070310,100,8070411,100,8070512,100,8070613,100,,,,,,,,,,,,,,,,,,,,,,,,,,,,,,,,,,,,,,,,,,,,,,,,,,,,,,,,,,,,,,,,,,,,,,,,,,,,,,,,,,,,,,,,,,,,,,,,,,,,,,,,,,,,,,,,,,,,,,,,,,,,,,,,,,,,
200159,10级橙装库,8080101,100,8080102,100,8080103,100,8080104,100,8080105,100,8080207,100,8080208,100,8080309,100,8080310,100,8080411,100,8080512,100,8080613,100,,,,,,,,,,,,,,,,,,,,,,,,,,,,,,,,,,,,,,,,,,,,,,,,,,,,,,,,,,,,,,,,,,,,,,,,,,,,,,,,,,,,,,,,,,,,,,,,,,,,,,,,,,,,,,,,,,,,,,,,,,,,,,,,,,,,
200160,10级橙装库,8090101,100,8090102,100,8090103,100,8090104,100,8090105,100,8090207,100,8090208,100,8090309,100,8090310,100,8090411,100,8090512,100,8090613,100,,,,,,,,,,,,,,,,,,,,,,,,,,,,,,,,,,,,,,,,,,,,,,,,,,,,,,,,,,,,,,,,,,,,,,,,,,,,,,,,,,,,,,,,,,,,,,,,,,,,,,,,,,,,,,,,,,,,,,,,,,,,,,,,,,,,
200161,10级橙装库,8100101,100,8100102,100,8100103,100,8100104,100,8100105,100,8100207,100,8100208,100,8100309,100,8100310,100,8100411,100,8100512,100,8100613,100,,,,,,,,,,,,,,,,,,,,,,,,,,,,,,,,,,,,,,,,,,,,,,,,,,,,,,,,,,,,,,,,,,,,,,,,,,,,,,,,,,,,,,,,,,,,,,,,,,,,,,,,,,,,,,,,,,,,,,,,,,,,,,,,,,,,
200162,10级橙装库,8110101,100,8110102,100,8110103,100,8110104,100,8110105,100,8110207,100,8110208,100,8110309,100,8110310,100,8110411,100,8110512,100,8110613,100,,,,,,,,,,,,,,,,,,,,,,,,,,,,,,,,,,,,,,,,,,,,,,,,,,,,,,,,,,,,,,,,,,,,,,,,,,,,,,,,,,,,,,,,,,,,,,,,,,,,,,,,,,,,,,,,,,,,,,,,,,,,,,,,,,,,
200163,10级橙装库,8120101,100,8120102,100,8120103,100,8120104,100,8120105,100,8120207,100,8120208,100,8120309,100,8120310,100,8120411,100,8120512,100,8120613,100,,,,,,,,,,,,,,,,,,,,,,,,,,,,,,,,,,,,,,,,,,,,,,,,,,,,,,,,,,,,,,,,,,,,,,,,,,,,,,,,,,,,,,,,,,,,,,,,,,,,,,,,,,,,,,,,,,,,,,,,,,,,,,,,,,,,
200164,10级橙装库,8130101,100,8130102,100,8130103,100,8130104,100,8130105,100,8130207,100,8130208,100,8130309,100,8130310,100,8130411,100,8130512,100,8130613,100,,,,,,,,,,,,,,,,,,,,,,,,,,,,,,,,,,,,,,,,,,,,,,,,,,,,,,,,,,,,,,,,,,,,,,,,,,,,,,,,,,,,,,,,,,,,,,,,,,,,,,,,,,,,,,,,,,,,,,,,,,,,,,,,,,,,
200165,10级橙装库,8140101,100,8140102,100,8140103,100,8140104,100,8140105,100,8140207,100,8140208,100,8140309,100,8140310,100,8140411,100,8140512,100,8140613,100,,,,,,,,,,,,,,,,,,,,,,,,,,,,,,,,,,,,,,,,,,,,,,,,,,,,,,,,,,,,,,,,,,,,,,,,,,,,,,,,,,,,,,,,,,,,,,,,,,,,,,,,,,,,,,,,,,,,,,,,,,,,,,,,,,,,
200166,10级橙装库,8150101,100,8150102,100,8150103,100,8150104,100,8150105,100,8150207,100,8150208,100,8150309,100,8150310,100,8150411,100,8150512,100,8150613,100,,,,,,,,,,,,,,,,,,,,,,,,,,,,,,,,,,,,,,,,,,,,,,,,,,,,,,,,,,,,,,,,,,,,,,,,,,,,,,,,,,,,,,,,,,,,,,,,,,,,,,,,,,,,,,,,,,,,,,,,,,,,,,,,,,,,
200167,硬肉干,320000,100,,,,,,,,,,,,,,,,,,,,,,,,,,,,,,,,,,,,,,,,,,,,,,,,,,,,,,,,,,,,,,,,,,,,,,,,,,,,,,,,,,,,,,,,,,,,,,,,,,,,,,,,,,,,,,,,,,,,,,,,,,,,,,,,,,,,,,,,,,,,,,,,,,,,,,,,,,
200168,恢复合剂,320100,100,,,,,,,,,,,,,,,,,,,,,,,,,,,,,,,,,,,,,,,,,,,,,,,,,,,,,,,,,,,,,,,,,,,,,,,,,,,,,,,,,,,,,,,,,,,,,,,,,,,,,,,,,,,,,,,,,,,,,,,,,,,,,,,,,,,,,,,,,,,,,,,,,,,,,,,,,,
200169,经验宝珠,338000,100,,,,,,,,,,,,,,,,,,,,,,,,,,,,,,,,,,,,,,,,,,,,,,,,,,,,,,,,,,,,,,,,,,,,,,,,,,,,,,,,,,,,,,,,,,,,,,,,,,,,,,,,,,,,,,,,,,,,,,,,,,,,,,,,,,,,,,,,,,,,,,,,,,,,,,,,,,
200170,歌唱水晶,336010,100,,,,,,,,,,,,,,,,,,,,,,,,,,,,,,,,,,,,,,,,,,,,,,,,,,,,,,,,,,,,,,,,,,,,,,,,,,,,,,,,,,,,,,,,,,,,,,,,,,,,,,,,,,,,,,,,,,,,,,,,,,,,,,,,,,,,,,,,,,,,,,,,,,,,,,,,,,
200171,修理宝石,40013,100,,,,,,,,,,,,,,,,,,,,,,,,,,,,,,,,,,,,,,,,,,,,,,,,,,,,,,,,,,,,,,,,,,,,,,,,,,,,,,,,,,,,,,,,,,,,,,,,,,,,,,,,,,,,,,,,,,,,,,,,,,,,,,,,,,,,,,,,,,,,,,,,,,,,,,,,,,
200172,光环卷轴碎片,360000,100,,,,,,,,,,,,,,,,,,,,,,,,,,,,,,,,,,,,,,,,,,,,,,,,,,,,,,,,,,,,,,,,,,,,,,,,,,,,,,,,,,,,,,,,,,,,,,,,,,,,,,,,,,,,,,,,,,,,,,,,,,,,,,,,,,,,,,,,,,,,,,,,,,,,,,,,,,
200173,营养套餐,310000,100,,,,,,,,,,,,,,,,,,,,,,,,,,,,,,,,,,,,,,,,,,,,,,,,,,,,,,,,,,,,,,,,,,,,,,,,,,,,,,,,,,,,,,,,,,,,,,,,,,,,,,,,,,,,,,,,,,,,,,,,,,,,,,,,,,,,,,,,,,,,,,,,,,,,,,,,,,
200174,高级营养套餐,310001,100,,,,,,,,,,,,,,,,,,,,,,,,,,,,,,,,,,,,,,,,,,,,,,,,,,,,,,,,,,,,,,,,,,,,,,,,,,,,,,,,,,,,,,,,,,,,,,,,,,,,,,,,,,,,,,,,,,,,,,,,,,,,,,,,,,,,,,,,,,,,,,,,,,,,,,,,,,
200175,资质影砂,310100,100,,,,,,,,,,,,,,,,,,,,,,,,,,,,,,,,,,,,,,,,,,,,,,,,,,,,,,,,,,,,,,,,,,,,,,,,,,,,,,,,,,,,,,,,,,,,,,,,,,,,,,,,,,,,,,,,,,,,,,,,,,,,,,,,,,,,,,,,,,,,,,,,,,,,,,,,,,
200176,兽王纲要,310101,100,,,,,,,,,,,,,,,,,,,,,,,,,,,,,,,,,,,,,,,,,,,,,,,,,,,,,,,,,,,,,,,,,,,,,,,,,,,,,,,,,,,,,,,,,,,,,,,,,,,,,,,,,,,,,,,,,,,,,,,,,,,,,,,,,,,,,,,,,,,,,,,,,,,,,,,,,,
200177,太阳井水,310102,100,,,,,,,,,,,,,,,,,,,,,,,,,,,,,,,,,,,,,,,,,,,,,,,,,,,,,,,,,,,,,,,,,,,,,,,,,,,,,,,,,,,,,,,,,,,,,,,,,,,,,,,,,,,,,,,,,,,,,,,,,,,,,,,,,,,,,,,,,,,,,,,,,,,,,,,,,,
200178,永恒井水,310103,100,,,,,,,,,,,,,,,,,,,,,,,,,,,,,,,,,,,,,,,,,,,,,,,,,,,,,,,,,,,,,,,,,,,,,,,,,,,,,,,,,,,,,,,,,,,,,,,,,,,,,,,,,,,,,,,,,,,,,,,,,,,,,,,,,,,,,,,,,,,,,,,,,,,,,,,,,,
200179,宠物零食,310200,100,,,,,,,,,,,,,,,,,,,,,,,,,,,,,,,,,,,,,,,,,,,,,,,,,,,,,,,,,,,,,,,,,,,,,,,,,,,,,,,,,,,,,,,,,,,,,,,,,,,,,,,,,,,,,,,,,,,,,,,,,,,,,,,,,,,,,,,,,,,,,,,,,,,,,,,,,,
200180,藏宝图,331300,100,,,,,,,,,,,,,,,,,,,,,,,,,,,,,,,,,,,,,,,,,,,,,,,,,,,,,,,,,,,,,,,,,,,,,,,,,,,,,,,,,,,,,,,,,,,,,,,,,,,,,,,,,,,,,,,,,,,,,,,,,,,,,,,,,,,,,,,,,,,,,,,,,,,,,,,,,,
200181,高级藏宝图,331301,100,,,,,,,,,,,,,,,,,,,,,,,,,,,,,,,,,,,,,,,,,,,,,,,,,,,,,,,,,,,,,,,,,,,,,,,,,,,,,,,,,,,,,,,,,,,,,,,,,,,,,,,,,,,,,,,,,,,,,,,,,,,,,,,,,,,,,,,,,,,,,,,,,,,,,,,,,,
200182,染色石,339000,100,,,,,,,,,,,,,,,,,,,,,,,,,,,,,,,,,,,,,,,,,,,,,,,,,,,,,,,,,,,,,,,,,,,,,,,,,,,,,,,,,,,,,,,,,,,,,,,,,,,,,,,,,,,,,,,,,,,,,,,,,,,,,,,,,,,,,,,,,,,,,,,,,,,,,,,,,,
200183,蜃楼石,339001,100,,,,,,,,,,,,,,,,,,,,,,,,,,,,,,,,,,,,,,,,,,,,,,,,,,,,,,,,,,,,,,,,,,,,,,,,,,,,,,,,,,,,,,,,,,,,,,,,,,,,,,,,,,,,,,,,,,,,,,,,,,,,,,,,,,,,,,,,,,,,,,,,,,,,,,,,,,
200184,梦魇染料,339002,100,,,,,,,,,,,,,,,,,,,,,,,,,,,,,,,,,,,,,,,,,,,,,,,,,,,,,,,,,,,,,,,,,,,,,,,,,,,,,,,,,,,,,,,,,,,,,,,,,,,,,,,,,,,,,,,,,,,,,,,,,,,,,,,,,,,,,,,,,,,,,,,,,,,,,,,,,,
200185,队长礼盒,337009,100,,,,,,,,,,,,,,,,,,,,,,,,,,,,,,,,,,,,,,,,,,,,,,,,,,,,,,,,,,,,,,,,,,,,,,,,,,,,,,,,,,,,,,,,,,,,,,,,,,,,,,,,,,,,,,,,,,,,,,,,,,,,,,,,,,,,,,,,,,,,,,,,,,,,,,,,,,
200186,10级铁,341101,100,,,,,,,,,,,,,,,,,,,,,,,,,,,,,,,,,,,,,,,,,,,,,,,,,,,,,,,,,,,,,,,,,,,,,,,,,,,,,,,,,,,,,,,,,,,,,,,,,,,,,,,,,,,,,,,,,,,,,,,,,,,,,,,,,,,,,,,,,,,,,,,,,,,,,,,,,,
200187,20级铁,341102,100,,,,,,,,,,,,,,,,,,,,,,,,,,,,,,,,,,,,,,,,,,,,,,,,,,,,,,,,,,,,,,,,,,,,,,,,,,,,,,,,,,,,,,,,,,,,,,,,,,,,,,,,,,,,,,,,,,,,,,,,,,,,,,,,,,,,,,,,,,,,,,,,,,,,,,,,,,
200188,30级铁,341103,100,,,,,,,,,,,,,,,,,,,,,,,,,,,,,,,,,,,,,,,,,,,,,,,,,,,,,,,,,,,,,,,,,,,,,,,,,,,,,,,,,,,,,,,,,,,,,,,,,,,,,,,,,,,,,,,,,,,,,,,,,,,,,,,,,,,,,,,,,,,,,,,,,,,,,,,,,,
200189,40级铁,341104,100,,,,,,,,,,,,,,,,,,,,,,,,,,,,,,,,,,,,,,,,,,,,,,,,,,,,,,,,,,,,,,,,,,,,,,,,,,,,,,,,,,,,,,,,,,,,,,,,,,,,,,,,,,,,,,,,,,,,,,,,,,,,,,,,,,,,,,,,,,,,,,,,,,,,,,,,,,
200190,50级铁,341105,100,,,,,,,,,,,,,,,,,,,,,,,,,,,,,,,,,,,,,,,,,,,,,,,,,,,,,,,,,,,,,,,,,,,,,,,,,,,,,,,,,,,,,,,,,,,,,,,,,,,,,,,,,,,,,,,,,,,,,,,,,,,,,,,,,,,,,,,,,,,,,,,,,,,,,,,,,,
200191,60级铁,341106,100,,,,,,,,,,,,,,,,,,,,,,,,,,,,,,,,,,,,,,,,,,,,,,,,,,,,,,,,,,,,,,,,,,,,,,,,,,,,,,,,,,,,,,,,,,,,,,,,,,,,,,,,,,,,,,,,,,,,,,,,,,,,,,,,,,,,,,,,,,,,,,,,,,,,,,,,,,
200192,70级铁,341107,100,,,,,,,,,,,,,,,,,,,,,,,,,,,,,,,,,,,,,,,,,,,,,,,,,,,,,,,,,,,,,,,,,,,,,,,,,,,,,,,,,,,,,,,,,,,,,,,,,,,,,,,,,,,,,,,,,,,,,,,,,,,,,,,,,,,,,,,,,,,,,,,,,,,,,,,,,,
200193,80级铁,341108,100,,,,,,,,,,,,,,,,,,,,,,,,,,,,,,,,,,,,,,,,,,,,,,,,,,,,,,,,,,,,,,,,,,,,,,,,,,,,,,,,,,,,,,,,,,,,,,,,,,,,,,,,,,,,,,,,,,,,,,,,,,,,,,,,,,,,,,,,,,,,,,,,,,,,,,,,,,
200194,90级铁,341109,100,,,,,,,,,,,,,,,,,,,,,,,,,,,,,,,,,,,,,,,,,,,,,,,,,,,,,,,,,,,,,,,,,,,,,,,,,,,,,,,,,,,,,,,,,,,,,,,,,,,,,,,,,,,,,,,,,,,,,,,,,,,,,,,,,,,,,,,,,,,,,,,,,,,,,,,,,,
200195,100级铁,341110,100,,,,,,,,,,,,,,,,,,,,,,,,,,,,,,,,,,,,,,,,,,,,,,,,,,,,,,,,,,,,,,,,,,,,,,,,,,,,,,,,,,,,,,,,,,,,,,,,,,,,,,,,,,,,,,,,,,,,,,,,,,,,,,,,,,,,,,,,,,,,,,,,,,,,,,,,,,
200196,110级铁,341111,100,,,,,,,,,,,,,,,,,,,,,,,,,,,,,,,,,,,,,,,,,,,,,,,,,,,,,,,,,,,,,,,,,,,,,,,,,,,,,,,,,,,,,,,,,,,,,,,,,,,,,,,,,,,,,,,,,,,,,,,,,,,,,,,,,,,,,,,,,,,,,,,,,,,,,,,,,,
200202,幸运宝箱高级兽决,311038,100,311039,100,311040,100,311041,100,311042,100,311043,100,311044,100,311045,100,311046,100,311047,100,311048,100,311049,100,311050,100,311051,100,311052,100,311053,100,311054,100,311055,100,311056,100,311057,100,311058,100,311059,100,311060,100,311061,100,311062,100,311063,100,311064,100,311065,100,311066,100,311067,100,311068,100,311069,100,311070,100,311071,100,311072,100,311073,100,311074,100,311079,100,311080,100,311081,100,311082,100,,,,,,,,,,,,,,,,,,,,,,,,,,,,,,,,,,,,,,,,,,,,,,,,,,,,,,,,,,,,,,,,,,,,,,,,,,
200203,幸运宝箱低级兽决,311001,100,311002,100,311003,100,311004,100,311005,100,311006,100,311007,100,311008,100,311009,100,311010,100,311011,100,311012,100,311013,100,311014,100,311015,100,311016,100,311017,100,311018,100,311019,100,311020,100,311021,100,311022,100,311023,100,311024,100,311025,100,311026,100,311027,100,311028,100,311029,100,311030,100,311031,100,311032,100,311033,100,311034,100,311035,100,311036,100,311037,100,311075,100,311076,100,311077,100,311078,100,,,,,,,,,,,,,,,,,,,,,,,,,,,,,,,,,,,,,,,,,,,,,,,,,,,,,,,,,,,,,,,,,,,,,,,,,,
200204,幸运宝箱五宝,331350,100,331351,100,331352,100,331353,100,331354,10000,,,,,,,,,,,,,,,,,,,,,,,,,,,,,,,,,,,,,,,,,,,,,,,,,,,,,,,,,,,,,,,,,,,,,,,,,,,,,,,,,,,,,,,,,,,,,,,,,,,,,,,,,,,,,,,,,,,,,,,,,,,,,,,,,,,,,,,,,,,,,,,,,,
200205,花,339103,100,339104,100,,,,,,,,,,,,,,,,,,,,,,,,,,,,,,,,,,,,,,,,,,,,,,,,,,,,,,,,,,,,,,,,,,,,,,,,,,,,,,,,,,,,,,,,,,,,,,,,,,,,,,,,,,,,,,,,,,,,,,,,,,,,,,,,,,,,,,,,,,,,,,,,,,,,,,,,
200206,还原卷轴库,331000,100,331001,100,331002,100,331003,100,331004,100,331005,100,,,,,,,,,,,,,,,,,,,,,,,,,,,,,,,,,,,,,,,,,,,,,,,,,,,,,,,,,,,,,,,,,,,,,,,,,,,,,,,,,,,,,,,,,,,,,,,,,,,,,,,,,,,,,,,,,,,,,,,,,,,,,,,,,,,,,,,,,,,,,,,,
200207,熔岩牛,331404,100,,,,,,,,,,,,,,,,,,,,,,,,,,,,,,,,,,,,,,,,,,,,,,,,,,,,,,,,,,,,,,,,,,,,,,,,,,,,,,,,,,,,,,,,,,,,,,,,,,,,,,,,,,,,,,,,,,,,,,,,,,,,,,,,,,,,,,,,,,,,,,,,,,,,,,,,,,
200208,2级宝石库,35010,100,35011,100,35012,100,35013,100,35014,100,35015,100,35016,100,35017,100,35018,100,,,,,,,,,,,,,,,,,,,,,,,,,,,,,,,,,,,,,,,,,,,,,,,,,,,,,,,,,,,,,,,,,,,,,,,,,,,,,,,,,,,,,,,,,,,,,,,,,,,,,,,,,,,,,,,,,,,,,,,,,,,,,,,,,,,,,,,,,,
200209,云雾狮,331403,100,,,,,,,,,,,,,,,,,,,,,,,,,,,,,,,,,,,,,,,,,,,,,,,,,,,,,,,,,,,,,,,,,,,,,,,,,,,,,,,,,,,,,,,,,,,,,,,,,,,,,,,,,,,,,,,,,,,,,,,,,,,,,,,,,,,,,,,,,,,,,,,,,,,,,,,,,,
200210,鸡小萌,331405,100,,,,,,,,,,,,,,,,,,,,,,,,,,,,,,,,,,,,,,,,,,,,,,,,,,,,,,,,,,,,,,,,,,,,,,,,,,,,,,,,,,,,,,,,,,,,,,,,,,,,,,,,,,,,,,,,,,,,,,,,,,,,,,,,,,,,,,,,,,,,,,,,,,,,,,,,,,
200211,独角驳,331400,100,,,,,,,,,,,,,,,,,,,,,,,,,,,,,,,,,,,,,,,,,,,,,,,,,,,,,,,,,,,,,,,,,,,,,,,,,,,,,,,,,,,,,,,,,,,,,,,,,,,,,,,,,,,,,,,,,,,,,,,,,,,,,,,,,,,,,,,,,,,,,,,,,,,,,,,,,,
200212,花卉,339103,100,339104,100,,,,,,,,,,,,,,,,,,,,,,,,,,,,,,,,,,,,,,,,,,,,,,,,,,,,,,,,,,,,,,,,,,,,,,,,,,,,,,,,,,,,,,,,,,,,,,,,,,,,,,,,,,,,,,,,,,,,,,,,,,,,,,,,,,,,,,,,,,,,,,,,,,,,,,,,
200213,哮天犬（七天）,331406,100,,,,,,,,,,,,,,,,,,,,,,,,,,,,,,,,,,,,,,,,,,,,,,,,,,,,,,,,,,,,,,,,,,,,,,,,,,,,,,,,,,,,,,,,,,,,,,,,,,,,,,,,,,,,,,,,,,,,,,,,,,,,,,,,,,,,,,,,,,,,,,,,,,,,,,,,,,
200214,云雾狮（七天）,331407,100,,,,,,,,,,,,,,,,,,,,,,,,,,,,,,,,,,,,,,,,,,,,,,,,,,,,,,,,,,,,,,,,,,,,,,,,,,,,,,,,,,,,,,,,,,,,,,,,,,,,,,,,,,,,,,,,,,,,,,,,,,,,,,,,,,,,,,,,,,,,,,,,,,,,,,,,,,
200215,鸡小萌（七天）,331408,100,,,,,,,,,,,,,,,,,,,,,,,,,,,,,,,,,,,,,,,,,,,,,,,,,,,,,,,,,,,,,,,,,,,,,,,,,,,,,,,,,,,,,,,,,,,,,,,,,,,,,,,,,,,,,,,,,,,,,,,,,,,,,,,,,,,,,,,,,,,,,,,,,,,,,,,,,,
200216,强化石库,40008,100,40009,100,40010,100,40011,100,,,,,,,,,,,,,,,,,,,,,,,,,,,,,,,,,,,,,,,,,,,,,,,,,,,,,,,,,,,,,,,,,,,,,,,,,,,,,,,,,,,,,,,,,,,,,,,,,,,,,,,,,,,,,,,,,,,,,,,,,,,,,,,,,,,,,,,,,,,,,,,,,,,,
200217,强化石*3库,40015,100,40016,100,40017,100,40018,100,,,,,,,,,,,,,,,,,,,,,,,,,,,,,,,,,,,,,,,,,,,,,,,,,,,,,,,,,,,,,,,,,,,,,,,,,,,,,,,,,,,,,,,,,,,,,,,,,,,,,,,,,,,,,,,,,,,,,,,,,,,,,,,,,,,,,,,,,,,,,,,,,,,,
200218,瑟夺宝令,337942,100,,,,,,,,,,,,,,,,,,,,,,,,,,,,,,,,,,,,,,,,,,,,,,,,,,,,,,,,,,,,,,,,,,,,,,,,,,,,,,,,,,,,,,,,,,,,,,,,,,,,,,,,,,,,,,,,,,,,,,,,,,,,,,,,,,,,,,,,,,,,,,,,,,,,,,,,,,
200219,氪至尊夺宝令,337943,100,,,,,,,,,,,,,,,,,,,,,,,,,,,,,,,,,,,,,,,,,,,,,,,,,,,,,,,,,,,,,,,,,,,,,,,,,,,,,,,,,,,,,,,,,,,,,,,,,,,,,,,,,,,,,,,,,,,,,,,,,,,,,,,,,,,,,,,,,,,,,,,,,,,,,,,,,,
200220,冠军试炼宝箱1,331350,200,331351,200,311001,100,311002,100,311006,100,311007,100,331301,200,,,,,,,,,,,,,,,,,,,,,,,,,,,,,,,,,,,,,,,,,,,,,,,,,,,,,,,,,,,,,,,,,,,,,,,,,,,,,,,,,,,,,,,,,,,,,,,,,,,,,,,,,,,,,,,,,,,,,,,,,,,,,,,,,,,,,,,,,,,,,,
200221,冠军试炼宝箱2,331350,150,331351,150,311003,150,311004,150,311008,150,311009,150,331301,100,,,,,,,,,,,,,,,,,,,,,,,,,,,,,,,,,,,,,,,,,,,,,,,,,,,,,,,,,,,,,,,,,,,,,,,,,,,,,,,,,,,,,,,,,,,,,,,,,,,,,,,,,,,,,,,,,,,,,,,,,,,,,,,,,,,,,,,,,,,,,,
200222,冠军试炼宝箱3,331350,100,331351,100,311002,100,311005,250,311007,100,311010,250,331301,100,,,,,,,,,,,,,,,,,,,,,,,,,,,,,,,,,,,,,,,,,,,,,,,,,,,,,,,,,,,,,,,,,,,,,,,,,,,,,,,,,,,,,,,,,,,,,,,,,,,,,,,,,,,,,,,,,,,,,,,,,,,,,,,,,,,,,,,,,,,,,,
200223,高级魔兽要诀库（高宝））,311038,400,311039,400,311040,250,311041,250,311042,400,311043,400,311044,400,311045,250,311046,250,311047,250,311048,241,311049,250,311050,241,311051,400,311052,241,311053,241,311054,241,311055,241,311056,250,311057,250,311058,241,311059,241,311060,241,311061,241,311062,241,311063,241,311064,241,311065,241,311066,250,311067,250,311068,250,311069,250,311070,241,311071,241,311072,241,311073,250,311074,250,311079,241,311080,241,311081,241,311082,241,,,,,,,,,,,,,,,,,,,,,,,,,,,,,,,,,,,,,,,,,,,,,,,,,,,,,,,,,,,,,,,,,,,,,,,,,,
200230,五宝库平均权重,331352,100,331353,100,331354,100,331350,100,331351,100,,,,,,,,,,,,,,,,,,,,,,,,,,,,,,,,,,,,,,,,,,,,,,,,,,,,,,,,,,,,,,,,,,,,,,,,,,,,,,,,,,,,,,,,,,,,,,,,,,,,,,,,,,,,,,,,,,,,,,,,,,,,,,,,,,,,,,,,,,,,,,,,,,
200231,1级宝石箱子,35001,100,35002,100,35003,100,35004,100,35005,100,35006,100,35007,100,35008,100,35009,100,,,,,,,,,,,,,,,,,,,,,,,,,,,,,,,,,,,,,,,,,,,,,,,,,,,,,,,,,,,,,,,,,,,,,,,,,,,,,,,,,,,,,,,,,,,,,,,,,,,,,,,,,,,,,,,,,,,,,,,,,,,,,,,,,,,,,,,,,,
200232,3级宝石箱子,35019,100,35020,100,35021,100,35022,100,35023,100,35024,100,35025,100,35026,100,35027,100,,,,,,,,,,,,,,,,,,,,,,,,,,,,,,,,,,,,,,,,,,,,,,,,,,,,,,,,,,,,,,,,,,,,,,,,,,,,,,,,,,,,,,,,,,,,,,,,,,,,,,,,,,,,,,,,,,,,,,,,,,,,,,,,,,,,,,,,,,
200233,4级宝石箱子,35028,100,35029,100,35030,100,35031,100,35032,100,35033,100,35034,100,35035,100,35036,100,,,,,,,,,,,,,,,,,,,,,,,,,,,,,,,,,,,,,,,,,,,,,,,,,,,,,,,,,,,,,,,,,,,,,,,,,,,,,,,,,,,,,,,,,,,,,,,,,,,,,,,,,,,,,,,,,,,,,,,,,,,,,,,,,,,,,,,,,,
200234,莫迪伦之书,331005,100,,,,,,,,,,,,,,,,,,,,,,,,,,,,,,,,,,,,,,,,,,,,,,,,,,,,,,,,,,,,,,,,,,,,,,,,,,,,,,,,,,,,,,,,,,,,,,,,,,,,,,,,,,,,,,,,,,,,,,,,,,,,,,,,,,,,,,,,,,,,,,,,,,,,,,,,,,
200235,纪元之书,334100,100,,,,,,,,,,,,,,,,,,,,,,,,,,,,,,,,,,,,,,,,,,,,,,,,,,,,,,,,,,,,,,,,,,,,,,,,,,,,,,,,,,,,,,,,,,,,,,,,,,,,,,,,,,,,,,,,,,,,,,,,,,,,,,,,,,,,,,,,,,,,,,,,,,,,,,,,,,
200236,永曦露水,334101,100,,,,,,,,,,,,,,,,,,,,,,,,,,,,,,,,,,,,,,,,,,,,,,,,,,,,,,,,,,,,,,,,,,,,,,,,,,,,,,,,,,,,,,,,,,,,,,,,,,,,,,,,,,,,,,,,,,,,,,,,,,,,,,,,,,,,,,,,,,,,,,,,,,,,,,,,,,
200237,科多兽,331402,100,,,,,,,,,,,,,,,,,,,,,,,,,,,,,,,,,,,,,,,,,,,,,,,,,,,,,,,,,,,,,,,,,,,,,,,,,,,,,,,,,,,,,,,,,,,,,,,,,,,,,,,,,,,,,,,,,,,,,,,,,,,,,,,,,,,,,,,,,,,,,,,,,,,,,,,,,,
200238,经验宝珠,338000,100,,,,,,,,,,,,,,,,,,,,,,,,,,,,,,,,,,,,,,,,,,,,,,,,,,,,,,,,,,,,,,,,,,,,,,,,,,,,,,,,,,,,,,,,,,,,,,,,,,,,,,,,,,,,,,,,,,,,,,,,,,,,,,,,,,,,,,,,,,,,,,,,,,,,,,,,,,
200239,歌唱水晶,336010,100,,,,,,,,,,,,,,,,,,,,,,,,,,,,,,,,,,,,,,,,,,,,,,,,,,,,,,,,,,,,,,,,,,,,,,,,,,,,,,,,,,,,,,,,,,,,,,,,,,,,,,,,,,,,,,,,,,,,,,,,,,,,,,,,,,,,,,,,,,,,,,,,,,,,,,,,,,
200240,神兜兜,339102,100,,,,,,,,,,,,,,,,,,,,,,,,,,,,,,,,,,,,,,,,,,,,,,,,,,,,,,,,,,,,,,,,,,,,,,,,,,,,,,,,,,,,,,,,,,,,,,,,,,,,,,,,,,,,,,,,,,,,,,,,,,,,,,,,,,,,,,,,,,,,,,,,,,,,,,,,,,
200300,刀,9100101,100,9110101,100,9120101,100,9130101,100,9140101,100,9150101,50,9160101,20,,,,,,,,,,,,,,,,,,,,,,,,,,,,,,,,,,,,,,,,,,,,,,,,,,,,,,,,,,,,,,,,,,,,,,,,,,,,,,,,,,,,,,,,,,,,,,,,,,,,,,,,,,,,,,,,,,,,,,,,,,,,,,,,,,,,,,,,,,,,,,
200301,扇子,9100102,100,9110102,100,9120102,100,9130102,100,9140102,100,9150102,50,9160102,20,,,,,,,,,,,,,,,,,,,,,,,,,,,,,,,,,,,,,,,,,,,,,,,,,,,,,,,,,,,,,,,,,,,,,,,,,,,,,,,,,,,,,,,,,,,,,,,,,,,,,,,,,,,,,,,,,,,,,,,,,,,,,,,,,,,,,,,,,,,,,,
200302,双环,9100103,100,9110103,100,9120103,100,9130103,100,9140103,100,9150103,50,9160103,20,,,,,,,,,,,,,,,,,,,,,,,,,,,,,,,,,,,,,,,,,,,,,,,,,,,,,,,,,,,,,,,,,,,,,,,,,,,,,,,,,,,,,,,,,,,,,,,,,,,,,,,,,,,,,,,,,,,,,,,,,,,,,,,,,,,,,,,,,,,,,,
200303,爪刺,9100104,100,9110104,100,9120104,100,9130104,100,9140104,100,9150104,50,9160104,20,,,,,,,,,,,,,,,,,,,,,,,,,,,,,,,,,,,,,,,,,,,,,,,,,,,,,,,,,,,,,,,,,,,,,,,,,,,,,,,,,,,,,,,,,,,,,,,,,,,,,,,,,,,,,,,,,,,,,,,,,,,,,,,,,,,,,,,,,,,,,,
200304,枪,9100105,100,9110105,100,9120105,100,9130105,100,9140105,100,9150105,50,9160105,20,,,,,,,,,,,,,,,,,,,,,,,,,,,,,,,,,,,,,,,,,,,,,,,,,,,,,,,,,,,,,,,,,,,,,,,,,,,,,,,,,,,,,,,,,,,,,,,,,,,,,,,,,,,,,,,,,,,,,,,,,,,,,,,,,,,,,,,,,,,,,,
200305,魔棒,9100106,100,9110106,100,9120106,100,9130106,100,9140106,100,9150106,50,9160106,20,,,,,,,,,,,,,,,,,,,,,,,,,,,,,,,,,,,,,,,,,,,,,,,,,,,,,,,,,,,,,,,,,,,,,,,,,,,,,,,,,,,,,,,,,,,,,,,,,,,,,,,,,,,,,,,,,,,,,,,,,,,,,,,,,,,,,,,,,,,,,,
200306,长斧,9100107,100,9110107,100,9120107,100,9130107,100,9140107,100,9150107,50,9160107,20,,,,,,,,,,,,,,,,,,,,,,,,,,,,,,,,,,,,,,,,,,,,,,,,,,,,,,,,,,,,,,,,,,,,,,,,,,,,,,,,,,,,,,,,,,,,,,,,,,,,,,,,,,,,,,,,,,,,,,,,,,,,,,,,,,,,,,,,,,,,,,
200307,锤子,9100108,100,9110108,100,9120108,100,9130108,100,9140108,100,9150108,50,9160108,20,,,,,,,,,,,,,,,,,,,,,,,,,,,,,,,,,,,,,,,,,,,,,,,,,,,,,,,,,,,,,,,,,,,,,,,,,,,,,,,,,,,,,,,,,,,,,,,,,,,,,,,,,,,,,,,,,,,,,,,,,,,,,,,,,,,,,,,,,,,,,,
200308,剑,9100109,100,9110109,100,9120109,100,9130109,100,9140109,100,9150109,50,9160109,20,,,,,,,,,,,,,,,,,,,,,,,,,,,,,,,,,,,,,,,,,,,,,,,,,,,,,,,,,,,,,,,,,,,,,,,,,,,,,,,,,,,,,,,,,,,,,,,,,,,,,,,,,,,,,,,,,,,,,,,,,,,,,,,,,,,,,,,,,,,,,,
200309,飘带,9100110,100,9110110,100,9120110,100,9130110,100,9140110,100,9150110,50,9160110,20,,,,,,,,,,,,,,,,,,,,,,,,,,,,,,,,,,,,,,,,,,,,,,,,,,,,,,,,,,,,,,,,,,,,,,,,,,,,,,,,,,,,,,,,,,,,,,,,,,,,,,,,,,,,,,,,,,,,,,,,,,,,,,,,,,,,,,,,,,,,,,
200310,男衣,9100207,100,9110207,100,9120207,100,9130207,100,9140207,100,9150207,50,9160207,20,,,,,,,,,,,,,,,,,,,,,,,,,,,,,,,,,,,,,,,,,,,,,,,,,,,,,,,,,,,,,,,,,,,,,,,,,,,,,,,,,,,,,,,,,,,,,,,,,,,,,,,,,,,,,,,,,,,,,,,,,,,,,,,,,,,,,,,,,,,,,,
200311,女衣,9100208,100,9110208,100,9120208,100,9130208,100,9140208,100,9150208,50,9160208,20,,,,,,,,,,,,,,,,,,,,,,,,,,,,,,,,,,,,,,,,,,,,,,,,,,,,,,,,,,,,,,,,,,,,,,,,,,,,,,,,,,,,,,,,,,,,,,,,,,,,,,,,,,,,,,,,,,,,,,,,,,,,,,,,,,,,,,,,,,,,,,
200312,男头盔,9100309,100,9110309,100,9120309,100,9130309,100,9140309,100,9150309,50,9160309,20,,,,,,,,,,,,,,,,,,,,,,,,,,,,,,,,,,,,,,,,,,,,,,,,,,,,,,,,,,,,,,,,,,,,,,,,,,,,,,,,,,,,,,,,,,,,,,,,,,,,,,,,,,,,,,,,,,,,,,,,,,,,,,,,,,,,,,,,,,,,,,
200313,女头饰,9100310,100,9110310,100,9120310,100,9130310,100,9140310,100,9150310,50,9160310,20,,,,,,,,,,,,,,,,,,,,,,,,,,,,,,,,,,,,,,,,,,,,,,,,,,,,,,,,,,,,,,,,,,,,,,,,,,,,,,,,,,,,,,,,,,,,,,,,,,,,,,,,,,,,,,,,,,,,,,,,,,,,,,,,,,,,,,,,,,,,,,
200314,项链,9100411,100,9110411,100,9120411,100,9130411,100,9140411,100,9150411,50,9160411,20,,,,,,,,,,,,,,,,,,,,,,,,,,,,,,,,,,,,,,,,,,,,,,,,,,,,,,,,,,,,,,,,,,,,,,,,,,,,,,,,,,,,,,,,,,,,,,,,,,,,,,,,,,,,,,,,,,,,,,,,,,,,,,,,,,,,,,,,,,,,,,
200315,腰带,9100512,100,9110512,100,9120512,100,9130512,100,9140512,100,9150512,50,9160512,20,,,,,,,,,,,,,,,,,,,,,,,,,,,,,,,,,,,,,,,,,,,,,,,,,,,,,,,,,,,,,,,,,,,,,,,,,,,,,,,,,,,,,,,,,,,,,,,,,,,,,,,,,,,,,,,,,,,,,,,,,,,,,,,,,,,,,,,,,,,,,,
200316,鞋子,9100613,100,9110613,100,9120613,100,9130613,100,9140613,100,9150613,50,9160613,20,,,,,,,,,,,,,,,,,,,,,,,,,,,,,,,,,,,,,,,,,,,,,,,,,,,,,,,,,,,,,,,,,,,,,,,,,,,,,,,,,,,,,,,,,,,,,,,,,,,,,,,,,,,,,,,,,,,,,,,,,,,,,,,,,,,,,,,,,,,,,,
200317,120无级别宝箱,9120101,100,9120102,100,9120103,100,9120104,100,9120105,100,9120106,100,9120107,100,9120108,100,9120109,100,9120110,100,9120207,100,9120208,100,9120309,100,9120310,100,9120411,100,9120512,100,9120613,100,,,,,,,,,,,,,,,,,,,,,,,,,,,,,,,,,,,,,,,,,,,,,,,,,,,,,,,,,,,,,,,,,,,,,,,,,,,,,,,,,,,,,,,,,,,,,,,,,,,,,,,,,,,,,,,,,,,,,,,,,,
200318,130无级别宝箱,9130101,100,9130102,100,9130103,100,9130104,100,9130105,100,9130106,100,9130107,100,9130108,100,9130109,100,9130110,100,9130207,100,9130208,100,9130309,100,9130310,100,9130411,100,9130512,100,9130613,100,,,,,,,,,,,,,,,,,,,,,,,,,,,,,,,,,,,,,,,,,,,,,,,,,,,,,,,,,,,,,,,,,,,,,,,,,,,,,,,,,,,,,,,,,,,,,,,,,,,,,,,,,,,,,,,,,,,,,,,,,,
200319,140无级别宝箱,9140101,100,9140102,100,9140103,100,9140104,100,9140105,100,9140106,100,9140107,100,9140108,100,9140109,100,9140110,100,9140207,100,9140208,100,9140309,100,9140310,100,9140411,100,9140512,100,9140613,100,,,,,,,,,,,,,,,,,,,,,,,,,,,,,,,,,,,,,,,,,,,,,,,,,,,,,,,,,,,,,,,,,,,,,,,,,,,,,,,,,,,,,,,,,,,,,,,,,,,,,,,,,,,,,,,,,,,,,,,,,,
200320,150无级别宝箱,9150101,100,9150102,100,9150103,100,9150104,100,9150105,100,9150106,100,9150107,100,9150108,100,9150109,100,9150110,100,9150207,100,9150208,100,9150309,100,9150310,100,9150411,100,9150512,100,9150613,100,,,,,,,,,,,,,,,,,,,,,,,,,,,,,,,,,,,,,,,,,,,,,,,,,,,,,,,,,,,,,,,,,,,,,,,,,,,,,,,,,,,,,,,,,,,,,,,,,,,,,,,,,,,,,,,,,,,,,,,,,,
200321,13级宝石箱子,35109,100,35110,100,35111,100,35112,100,35113,100,35114,100,35115,100,35116,100,35117,100,,,,,,,,,,,,,,,,,,,,,,,,,,,,,,,,,,,,,,,,,,,,,,,,,,,,,,,,,,,,,,,,,,,,,,,,,,,,,,,,,,,,,,,,,,,,,,,,,,,,,,,,,,,,,,,,,,,,,,,,,,,,,,,,,,,,,,,,,,
200322,14级宝石箱子,35118,100,35119,100,35120,100,35121,100,35122,100,35123,100,35124,100,35125,100,35126,100,,,,,,,,,,,,,,,,,,,,,,,,,,,,,,,,,,,,,,,,,,,,,,,,,,,,,,,,,,,,,,,,,,,,,,,,,,,,,,,,,,,,,,,,,,,,,,,,,,,,,,,,,,,,,,,,,,,,,,,,,,,,,,,,,,,,,,,,,,
200323,15级宝石箱子,35127,100,35128,100,35129,100,35130,100,35131,100,35132,100,35133,100,35134,100,35135,100,,,,,,,,,,,,,,,,,,,,,,,,,,,,,,,,,,,,,,,,,,,,,,,,,,,,,,,,,,,,,,,,,,,,,,,,,,,,,,,,,,,,,,,,,,,,,,,,,,,,,,,,,,,,,,,,,,,,,,,,,,,,,,,,,,,,,,,,,,
200324,16级宝石箱子,35136,100,35137,100,35138,100,35139,100,35140,100,35141,100,35142,100,35143,100,35144,100,,,,,,,,,,,,,,,,,,,,,,,,,,,,,,,,,,,,,,,,,,,,,,,,,,,,,,,,,,,,,,,,,,,,,,,,,,,,,,,,,,,,,,,,,,,,,,,,,,,,,,,,,,,,,,,,,,,,,,,,,,,,,,,,,,,,,,,,,,
200325,17级宝石箱子,35145,100,35146,100,35147,100,35148,100,35149,100,35150,100,35151,100,35152,100,35153,100,,,,,,,,,,,,,,,,,,,,,,,,,,,,,,,,,,,,,,,,,,,,,,,,,,,,,,,,,,,,,,,,,,,,,,,,,,,,,,,,,,,,,,,,,,,,,,,,,,,,,,,,,,,,,,,,,,,,,,,,,,,,,,,,,,,,,,,,,,
200326,18级宝石箱子,35154,100,35155,100,35156,100,35157,100,35158,100,35159,100,35160,100,35161,100,35162,100,,,,,,,,,,,,,,,,,,,,,,,,,,,,,,,,,,,,,,,,,,,,,,,,,,,,,,,,,,,,,,,,,,,,,,,,,,,,,,,,,,,,,,,,,,,,,,,,,,,,,,,,,,,,,,,,,,,,,,,,,,,,,,,,,,,,,,,,,,
200327,19级宝石箱子,35163,100,35164,100,35165,100,35166,100,35167,100,35168,100,35169,100,35170,100,35171,100,,,,,,,,,,,,,,,,,,,,,,,,,,,,,,,,,,,,,,,,,,,,,,,,,,,,,,,,,,,,,,,,,,,,,,,,,,,,,,,,,,,,,,,,,,,,,,,,,,,,,,,,,,,,,,,,,,,,,,,,,,,,,,,,,,,,,,,,,,
200328,20级宝石箱子,35172,100,35173,100,35174,100,35175,100,35176,100,35177,100,35178,100,35179,100,35180,100,,,,,,,,,,,,,,,,,,,,,,,,,,,,,,,,,,,,,,,,,,,,,,,,,,,,,,,,,,,,,,,,,,,,,,,,,,,,,,,,,,,,,,,,,,,,,,,,,,,,,,,,,,,,,,,,,,,,,,,,,,,,,,,,,,,,,,,,,,
200329,21级宝石箱子,35181,100,35182,100,35183,100,35184,100,35185,100,35186,100,35187,100,35188,100,35189,100,,,,,,,,,,,,,,,,,,,,,,,,,,,,,,,,,,,,,,,,,,,,,,,,,,,,,,,,,,,,,,,,,,,,,,,,,,,,,,,,,,,,,,,,,,,,,,,,,,,,,,,,,,,,,,,,,,,,,,,,,,,,,,,,,,,,,,,,,,
200330,22级宝石箱子,35190,100,35191,100,35192,100,35193,100,35194,100,35195,100,35196,100,35197,100,35198,100,,,,,,,,,,,,,,,,,,,,,,,,,,,,,,,,,,,,,,,,,,,,,,,,,,,,,,,,,,,,,,,,,,,,,,,,,,,,,,,,,,,,,,,,,,,,,,,,,,,,,,,,,,,,,,,,,,,,,,,,,,,,,,,,,,,,,,,,,,
200331,23级宝石箱子,35199,100,35200,100,35201,100,35202,100,35203,100,35204,100,35205,100,35206,100,35207,100,,,,,,,,,,,,,,,,,,,,,,,,,,,,,,,,,,,,,,,,,,,,,,,,,,,,,,,,,,,,,,,,,,,,,,,,,,,,,,,,,,,,,,,,,,,,,,,,,,,,,,,,,,,,,,,,,,,,,,,,,,,,,,,,,,,,,,,,,,
200332,24级宝石箱子,35208,100,35209,100,35210,100,35211,100,35212,100,35213,100,35214,100,35215,100,35216,100,,,,,,,,,,,,,,,,,,,,,,,,,,,,,,,,,,,,,,,,,,,,,,,,,,,,,,,,,,,,,,,,,,,,,,,,,,,,,,,,,,,,,,,,,,,,,,,,,,,,,,,,,,,,,,,,,,,,,,,,,,,,,,,,,,,,,,,,,,
200333,25级宝石箱子,35217,100,35218,100,35219,100,35220,100,35221,100,35222,100,35223,100,35224,100,35225,100,,,,,,,,,,,,,,,,,,,,,,,,,,,,,,,,,,,,,,,,,,,,,,,,,,,,,,,,,,,,,,,,,,,,,,,,,,,,,,,,,,,,,,,,,,,,,,,,,,,,,,,,,,,,,,,,,,,,,,,,,,,,,,,,,,,,,,,,,,
200334,26级宝石箱子,35226,100,35227,100,35228,100,35229,100,35230,100,35231,100,35232,100,35233,100,35234,100,,,,,,,,,,,,,,,,,,,,,,,,,,,,,,,,,,,,,,,,,,,,,,,,,,,,,,,,,,,,,,,,,,,,,,,,,,,,,,,,,,,,,,,,,,,,,,,,,,,,,,,,,,,,,,,,,,,,,,,,,,,,,,,,,,,,,,,,,,
200335,27级宝石箱子,35235,100,35236,100,35237,100,35238,100,35239,100,35240,100,35241,100,35242,100,35243,100,,,,,,,,,,,,,,,,,,,,,,,,,,,,,,,,,,,,,,,,,,,,,,,,,,,,,,,,,,,,,,,,,,,,,,,,,,,,,,,,,,,,,,,,,,,,,,,,,,,,,,,,,,,,,,,,,,,,,,,,,,,,,,,,,,,,,,,,,,
200336,28级宝石箱子,35244,100,35245,100,35246,100,35247,100,35248,100,35249,100,35250,100,35251,100,35252,100,,,,,,,,,,,,,,,,,,,,,,,,,,,,,,,,,,,,,,,,,,,,,,,,,,,,,,,,,,,,,,,,,,,,,,,,,,,,,,,,,,,,,,,,,,,,,,,,,,,,,,,,,,,,,,,,,,,,,,,,,,,,,,,,,,,,,,,,,,
200337,29级宝石箱子,35253,100,35254,100,35255,100,35256,100,35257,100,35258,100,35259,100,35260,100,35261,100,,,,,,,,,,,,,,,,,,,,,,,,,,,,,,,,,,,,,,,,,,,,,,,,,,,,,,,,,,,,,,,,,,,,,,,,,,,,,,,,,,,,,,,,,,,,,,,,,,,,,,,,,,,,,,,,,,,,,,,,,,,,,,,,,,,,,,,,,,
200338,30级宝石箱子,35262,100,35263,100,35264,100,35265,100,35266,100,35267,100,35268,100,35269,100,35270,100,,,,,,,,,,,,,,,,,,,,,,,,,,,,,,,,,,,,,,,,,,,,,,,,,,,,,,,,,,,,,,,,,,,,,,,,,,,,,,,,,,,,,,,,,,,,,,,,,,,,,,,,,,,,,,,,,,,,,,,,,,,,,,,,,,,,,,,,,,
200340,金币2万以内,333093,100,333094,100,333095,100,333096,300,333097,300,,,,,,,,,,,,,,,,,,,,,,,,,,,,,,,,,,,,,,,,,,,,,,,,,,,,,,,,,,,,,,,,,,,,,,,,,,,,,,,,,,,,,,,,,,,,,,,,,,,,,,,,,,,,,,,,,,,,,,,,,,,,,,,,,,,,,,,,,,,,,,,,,,
200341,500荣誉,340166,100,,,,,,,,,,,,,,,,,,,,,,,,,,,,,,,,,,,,,,,,,,,,,,,,,,,,,,,,,,,,,,,,,,,,,,,,,,,,,,,,,,,,,,,,,,,,,,,,,,,,,,,,,,,,,,,,,,,,,,,,,,,,,,,,,,,,,,,,,,,,,,,,,,,,,,,,,,
200342,150无级别宝箱,9150101,100,9150102,100,9150103,100,9150104,100,9150105,100,9150106,100,9150107,100,9150108,100,9150109,100,9150110,100,9150207,100,9150208,100,9150309,100,9150310,100,9150411,100,9150512,100,9150613,100,,,,,,,,,,,,,,,,,,,,,,,,,,,,,,,,,,,,,,,,,,,,,,,,,,,,,,,,,,,,,,,,,,,,,,,,,,,,,,,,,,,,,,,,,,,,,,,,,,,,,,,,,,,,,,,,,,,,,,,,,,
200343,孩子技能书,311093,100,311094,100,311095,100,311096,100,311097,100,311098,100,,,,,,,,,,,,,,,,,,,,,,,,,,,,,,,,,,,,,,,,,,,,,,,,,,,,,,,,,,,,,,,,,,,,,,,,,,,,,,,,,,,,,,,,,,,,,,,,,,,,,,,,,,,,,,,,,,,,,,,,,,,,,,,,,,,,,,,,,,,,,,,,
200344,神器大礼包160级,9160101,100,9160102,100,9160103,100,9160104,100,9160105,100,9160106,100,9160107,100,9160108,100,9160109,100,9160110,100,9160207,100,9160208,100,9160309,100,9160310,100,9160411,100,9160512,100,9160613,100,340823,1700,,,,,,,,,,,,,,,,,,,,,,,,,,,,,,,,,,,,,,,,,,,,,,,,,,,,,,,,,,,,,,,,,,,,,,,,,,,,,,,,,,,,,,,,,,,,,,,,,,,,,,,,,,,,,,,,,,,,,,,,
200345,装备道具,340159,100,340160,100,340239,300,340169,1000,340155,10,,,,,,,,,,,,,,,,,,,,,,,,,,,,,,,,,,,,,,,,,,,,,,,,,,,,,,,,,,,,,,,,,,,,,,,,,,,,,,,,,,,,,,,,,,,,,,,,,,,,,,,,,,,,,,,,,,,,,,,,,,,,,,,,,,,,,,,,,,,,,,,,,,
200347,洞察善恶重铸武魂战神纸鸢,340159,100,340160,100,311091,100,311092,300,,,,,,,,,,,,,,,,,,,,,,,,,,,,,,,,,,,,,,,,,,,,,,,,,,,,,,,,,,,,,,,,,,,,,,,,,,,,,,,,,,,,,,,,,,,,,,,,,,,,,,,,,,,,,,,,,,,,,,,,,,,,,,,,,,,,,,,,,,,,,,,,,,,,
200348,金币坐骑限量150的装备箱子,333093,100,333094,100,333095,100,333096,100,333097,100,331416,100,331417,100,331414,100,340153,100,,,,,,,,,,,,,,,,,,,,,,,,,,,,,,,,,,,,,,,,,,,,,,,,,,,,,,,,,,,,,,,,,,,,,,,,,,,,,,,,,,,,,,,,,,,,,,,,,,,,,,,,,,,,,,,,,,,,,,,,,,,,,,,,,,,,,,,,,,
200349,附加天罡地煞星,200351,100,200352,100,200353,100,,,,,,,,,,,,,,,,,,,,,,,,,,,,,,,,,,,,,,,,,,,,,,,,,,,,,,,,,,,,,,,,,,,,,,,,,,,,,,,,,,,,,,,,,,,,,,,,,,,,,,,,,,,,,,,,,,,,,,,,,,,,,,,,,,,,,,,,,,,,,,,,,,,,,,
200350,神器160武器加15宝石,9160101,100,9160102,100,9160103,100,9160104,100,9160105,100,9160106,100,9160107,100,9160108,100,9160109,100,9160110,100,9160207,100,9160208,100,9160309,100,9160310,100,9160411,100,9160512,100,9160613,100,35253,10,35254,10,35255,10,35256,10,35257,10,35258,10,35259,10,35260,10,35261,10,,,,,,,,,,,,,,,,,,,,,,,,,,,,,,,,,,,,,,,,,,,,,,,,,,,,,,,,,,,,,,,,,,,,,,,,,,,,,,,,,,,,,,,,,,,,,,,,,,,,,,,,
200351,地煞掉落100-150装备,9120101,100,9120102,100,9120103,100,9120104,100,9120105,100,9120106,100,9120107,100,9120108,100,9120109,100,9120110,100,9120207,100,9120208,100,9120309,100,9120310,100,9120411,100,9120512,100,9120613,100,9130101,100,9130102,100,9130103,100,9130104,100,9130105,100,9130106,100,9130107,100,9130108,100,9130109,100,9130110,100,9130207,100,9130208,100,9130309,100,9130310,100,9130411,100,9130512,100,9130613,100,9140101,100,9140102,100,9140103,100,9140104,100,9140105,100,9140106,100,9140107,100,9140108,100,9140109,100,9140110,100,9140207,100,9140208,100,9140309,100,9140310,100,9140411,100,9140512,100,9140613,100,9150101,100,9150102,100,9150103,100,9150104,100,9150105,100,9150106,100,9150107,100,9150108,100,9150109,100,9150110,100,9150207,100,9150208,100,9150309,100,9150310,100,9150411,100,9150512,100,9150613,100,,,,,,,,,,,,,,,,,,,,
200352,附加天罡地煞星,8110114,100,8110115,100,8110116,100,8110117,100,8110118,100,8110119,100,8110220,100,8110221,100,8110322,100,8110323,100,8110424,100,8110525,100,8110626,100,8140114,100,8140115,100,8140116,100,8140117,100,8140118,100,8140119,100,8140220,100,8140221,100,8140322,100,8140323,100,8140424,100,8140525,100,8140626,100,8270220,100,8270221,100,8270322,100,8270323,100,8270424,100,8270525,100,8270626,100,8280220,100,8280221,100,8280322,100,8280323,100,8280424,100,8280525,100,8280626,100,,,,,,,,,,,,,,,,,,,,,,,,,,,,,,,,,,,,,,,,,,,,,,,,,,,,,,,,,,,,,,,,,,,,,,,,,,,,
200353,附加天罡地煞星,8120114,100,8120115,100,8120116,100,8120117,100,8120118,100,8120119,100,8120220,100,8120221,100,8120322,100,8120323,100,8120424,100,8120525,100,8120626,100,8150114,100,8150115,100,8150116,100,8150117,100,8150118,100,8150119,100,8150220,100,8150221,100,8150322,100,8150323,100,8150424,100,8150525,100,8150626,100,8300220,100,8300221,100,8300322,100,8300323,100,8300424,100,8300525,100,8300626,100,8290220,100,8290221,100,8290322,100,8290323,100,8290424,100,8290525,100,8290626,100,,,,,,,,,,,,,,,,,,,,,,,,,,,,,,,,,,,,,,,,,,,,,,,,,,,,,,,,,,,,,,,,,,,,,,,,,,,,
200354,50声望+灵饰+50荣誉,340161,100,8590614,1,8590615,1,8590616,1,8590617,1,8590618,1,8590619,1,8590620,1,8590621,1,8590622,1,8590623,1,8590624,1,8590625,1,8590626,1,8590627,1,8590628,1,8590629,1,8590630,1,8590631,1,8590632,1,8590633,1,8590634,1,8590635,1,8590636,1,8590637,1,8590638,1,8590639,1,8590640,1,8590641,1,8590642,1,8590643,1,8590644,1,8590645,1,8590646,1,8590647,1,8590648,1,8590649,1,8590650,1,8590651,1,8590652,1,8590653,1,8590654,1,8590655,1,8590656,1,8590657,1,8590658,1,8590659,1,8590660,1,8590661,1,8590662,1,8590663,1,8590664,1,8590665,1,8590666,1,8590667,1,8590668,1,8590669,1,8590670,1,8590671,1,8590672,1,8590673,1,8590674,1,8590675,1,8590676,1,8590677,1,340168,100,,,,,,,,,,,,,,,,,,,,,,,,
200355,150声望+灵饰,340162,100,8590678,1,8590679,1,8590680,1,8590681,1,8590682,1,8590683,1,8590684,1,8590685,1,8590686,1,8590687,1,8590688,1,8590689,1,8590690,1,8590691,1,8590692,1,8590693,1,8590694,1,8590695,1,8590696,1,8590697,1,8590698,1,8590699,1,8590700,1,8590701,1,8590702,1,8590703,1,8590704,1,8590705,1,8590706,1,8590707,1,8590708,1,8590709,1,8590710,1,8590711,1,8590712,1,8590713,1,8590714,1,8590715,1,8590716,1,8590717,1,8590718,1,8590719,1,8590720,1,8590721,1,8590722,1,8590723,1,8590724,1,8590725,1,8590726,1,8590727,1,8590728,1,8590729,1,8590730,1,8590731,1,8590732,1,8590733,1,8590734,1,8590735,1,8590736,1,8590737,1,8590738,1,8590739,1,8590740,1,8590741,1,,,,,,,,,,,,,,,,,,,,,,,,,,
200356,250声望+灵饰,340163,100,8590742,1,8590743,1,8590744,1,8590745,1,8590746,1,8590747,1,8590748,1,8590749,1,8590750,1,8590751,1,8590752,1,8590753,1,8590754,1,8590755,1,8590756,1,8590757,1,8590758,1,8590759,1,8590760,1,8590761,1,8590762,1,8590763,1,8590764,1,8590765,1,8590766,1,8590767,1,8590768,1,8590769,1,8590770,1,8590771,1,8590772,1,8590773,1,8590774,1,8590775,1,8590776,1,8590777,1,8590778,1,8590779,1,8590780,1,8590781,1,8590782,1,8590783,1,8590784,1,8590785,1,8590786,1,8590787,1,8590788,1,8590789,1,8590790,1,8590791,1,8590792,1,8590793,1,8590794,1,8590795,1,8590796,1,8590797,1,8590798,1,8590799,1,8590800,1,8590801,1,8590802,1,8590803,1,8590804,1,8590805,1,,,,,,,,,,,,,,,,,,,,,,,,,,
200357,500声望+灵饰,340164,100,8590806,1,8590807,1,8590808,1,8590809,1,8590810,1,8590811,1,8590812,1,8590813,1,8590814,1,8590815,1,8590816,1,8590817,1,8590818,1,8590819,1,8590820,1,8590821,1,8590822,1,8590823,1,8590824,1,8590825,1,8590826,1,8590827,1,8590828,1,8590829,1,8590830,1,8590831,1,8590832,1,8590833,1,8590834,1,8590835,1,8590836,1,8590837,1,8590838,1,8590839,1,8590840,1,8590841,1,8590842,1,8590843,1,8590844,1,8590845,1,8590846,1,8590847,1,8590848,1,8590849,1,8590850,1,8590851,1,8590852,1,8590853,1,8590854,1,8590855,1,8590856,1,8590857,1,8590858,1,8590859,1,8590860,1,8590861,1,8590862,1,8590863,1,8590864,1,8590865,1,8590866,1,8590867,1,8590868,1,8590869,1,,,,,,,,,,,,,,,,,,,,,,,,,,
200358,5000声望,340165,100,,,,,,,,,,,,,,,,,,,,,,,,,,,,,,,,,,,,,,,,,,,,,,,,,,,,,,,,,,,,,,,,,,,,,,,,,,,,,,,,,,,,,,,,,,,,,,,,,,,,,,,,,,,,,,,,,,,,,,,,,,,,,,,,,,,,,,,,,,,,,,,,,,,,,,,,,,
200359,全部宝石1-13二八星宿之影,35035,100,35036,100,35037,100,35038,100,35039,100,35040,100,35041,100,35042,100,35043,100,35044,100,35045,100,35046,100,35047,100,35048,100,35049,100,35050,100,35051,100,35052,100,35053,100,35054,100,35055,100,35056,100,35057,100,35058,100,35059,100,35060,100,35061,100,35062,100,35063,100,35064,100,35065,100,35066,100,35067,100,35068,100,35069,100,35070,100,35071,100,35072,100,35073,100,35074,100,35075,100,35076,100,35077,100,35078,100,35079,100,35080,100,35081,100,35082,100,35083,100,35084,100,35085,100,35086,100,35087,100,35088,100,35089,100,35090,100,35091,100,35092,100,35093,100,35094,100,35095,100,35096,100,35097,100,35098,100,35099,100,35100,100,35101,100,35102,100,35103,100,35104,100,35105,100,35106,100,35107,100,35108,100,35109,100,35110,100,35111,100,35112,100
200360,全部宝石12-15知了王,35100,100,35101,100,35102,100,35103,100,35104,100,35105,100,35106,100,35107,100,35108,20,35109,20,35110,20,35111,20,35112,20,35113,20,35114,20,35115,20,35116,20,35117,20,35118,20,35119,20,35120,20,35121,20,35122,20,35123,20,35124,20,35125,20,35126,20,35127,20,35128,20,35129,20,35130,20,35131,20,35132,20,35133,20,35134,20,35135,20,,,,,,,,,,,,,,,,,,,,,,,,,,,,,,,,,,,,,,,,,,,,,,,,,,,,,,,,,,,,,,,,,,,,,,,,,,,,,,,,,,,,
200361,荣誉50,340168,100,340162,100,,,,,,,,,,,,,,,,,,,,,,,,,,,,,,,,,,,,,,,,,,,,,,,,,,,,,,,,,,,,,,,,,,,,,,,,,,,,,,,,,,,,,,,,,,,,,,,,,,,,,,,,,,,,,,,,,,,,,,,,,,,,,,,,,,,,,,,,,,,,,,,,,,,,,,,,
200362,16级宝石箱子+灵饰,35136,100,35137,100,35138,100,35139,100,35140,100,35141,100,35142,100,35143,100,35144,100,8590614,100,8590615,100,8590616,100,8590617,100,8590618,100,8590619,100,8590620,100,8590621,100,8590622,100,8590623,100,8590624,100,8590625,100,8590626,100,8590627,100,8590628,100,8590629,100,8590630,100,8590631,100,8590632,100,8590633,100,8590634,100,8590635,100,8590636,100,8590637,100,8590638,100,8590639,100,8590640,100,8590641,100,8590642,100,8590643,100,8590644,100,8590645,100,8590646,100,8590647,100,8590648,100,8590649,100,8590650,100,8590651,100,8590652,100,8590653,100,8590654,100,8590655,100,8590656,100,8590657,100,8590658,100,8590659,100,8590660,100,8590661,100,8590662,100,8590663,100,8590664,100,8590665,100,8590666,100,8590667,100,8590668,100,8590669,100,8590670,100,8590671,100,8590672,100,8590673,100,8590674,100,8590675,100,8590676,100,8590677,100,,,,,,,,,,
200363,17级宝石箱子+灵饰,35145,100,35146,100,35147,100,35148,100,35149,100,35150,100,35151,100,35152,100,35153,100,8590678,100,8590679,100,8590680,100,8590681,100,8590682,100,8590683,100,8590684,100,8590685,100,8590686,100,8590687,100,8590688,100,8590689,100,8590690,100,8590691,100,8590692,100,8590693,100,8590694,100,8590695,100,8590696,100,8590697,100,8590698,100,8590699,100,8590700,100,8590701,100,8590702,100,8590703,100,8590704,100,8590705,100,8590706,100,8590707,100,8590708,100,8590709,100,8590710,100,8590711,100,8590712,100,8590713,100,8590714,100,8590715,100,8590716,100,8590717,100,8590718,100,8590719,100,8590720,100,8590721,100,8590722,100,8590723,100,8590724,100,8590725,100,8590726,100,8590727,100,8590728,100,8590729,100,8590730,100,8590731,100,8590732,100,8590733,100,8590734,100,8590735,100,8590736,100,8590737,100,8590738,100,8590739,100,8590740,100,8590741,100,,,,,,,,,,
200364,18级宝石箱子+灵饰,35154,100,35155,100,35156,100,35157,100,35158,100,35159,100,35160,100,35161,100,35162,100,8590742,100,8590743,100,8590744,100,8590745,100,8590746,100,8590747,100,8590748,100,8590749,100,8590750,100,8590751,100,8590752,100,8590753,100,8590754,100,8590755,100,8590756,100,8590757,100,8590758,100,8590759,100,8590760,100,8590761,100,8590762,100,8590763,100,8590764,100,8590765,100,8590766,100,8590767,100,8590768,100,8590769,100,8590770,100,8590771,100,8590772,100,8590773,100,8590774,100,8590775,100,8590776,100,8590777,100,8590778,100,8590779,100,8590780,100,8590781,100,8590782,100,8590783,100,8590784,100,8590785,100,8590786,100,8590787,100,8590788,100,8590789,100,8590790,100,8590791,100,8590792,100,8590793,100,8590794,100,8590795,100,8590796,100,8590797,100,8590798,100,8590799,100,8590800,100,8590801,100,8590802,100,8590803,100,8590804,100,8590805,100,,,,,,,,,,
200365,19级宝石箱子+灵饰,35163,100,35164,100,35165,100,35166,100,35167,100,35168,100,35169,100,35170,100,35171,100,8590806,100,8590807,100,8590808,100,8590809,100,8590810,100,8590811,100,8590812,100,8590813,100,8590814,100,8590815,100,8590816,100,8590817,100,8590818,100,8590819,100,8590820,100,8590821,100,8590822,100,8590823,100,8590824,100,8590825,100,8590826,100,8590827,100,8590828,100,8590829,100,8590830,100,8590831,100,8590832,100,8590833,100,8590834,100,8590835,100,8590836,100,8590837,100,8590838,100,8590839,100,8590840,100,8590841,100,8590842,100,8590843,100,8590844,100,8590845,100,8590846,100,8590847,100,8590848,100,8590849,100,8590850,100,8590851,100,8590852,100,8590853,100,8590854,100,8590855,100,8590856,100,8590857,100,8590858,100,8590859,100,8590860,100,8590861,100,8590862,100,8590863,100,8590864,100,8590865,100,8590866,100,8590867,100,8590868,100,8590869,100,,,,,,,,,,
200366,20级宝石箱子+灵饰,35172,100,35173,100,35174,100,35175,100,35176,100,35177,100,35178,100,35179,100,35180,100,8590614,100,8590615,100,8590616,100,8590617,100,8590618,100,8590619,100,8590620,100,8590621,100,8590622,100,8590623,100,8590624,100,8590625,100,8590626,100,8590627,100,8590628,100,8590629,100,8590630,100,8590631,100,8590632,100,8590633,100,8590634,100,8590635,100,8590636,100,8590637,100,8590638,100,8590639,100,8590640,100,8590641,100,8590642,100,8590643,100,8590644,100,8590645,100,8590646,100,8590647,100,8590648,100,8590649,100,8590650,100,8590651,100,8590652,100,8590653,100,8590654,100,8590655,100,8590656,100,8590657,100,8590658,100,8590659,100,8590660,100,8590661,100,8590662,100,8590663,100,8590664,100,8590665,100,8590666,100,8590667,100,8590668,100,8590669,100,8590670,100,8590671,100,8590672,100,8590673,100,8590674,100,8590675,100,8590676,100,8590677,100,,,,,,,,,,
200367,21级宝石箱子+灵饰,35181,100,35182,100,35183,100,35184,100,35185,100,35186,100,35187,100,35188,100,35189,100,8590678,100,8590679,100,8590680,100,8590681,100,8590682,100,8590683,100,8590684,100,8590685,100,8590686,100,8590687,100,8590688,100,8590689,100,8590690,100,8590691,100,8590692,100,8590693,100,8590694,100,8590695,100,8590696,100,8590697,100,8590698,100,8590699,100,8590700,100,8590701,100,8590702,100,8590703,100,8590704,100,8590705,100,8590706,100,8590707,100,8590708,100,8590709,100,8590710,100,8590711,100,8590712,100,8590713,100,8590714,100,8590715,100,8590716,100,8590717,100,8590718,100,8590719,100,8590720,100,8590721,100,8590722,100,8590723,100,8590724,100,8590725,100,8590726,100,8590727,100,8590728,100,8590729,100,8590730,100,8590731,100,8590732,100,8590733,100,8590734,100,8590735,100,8590736,100,8590737,100,8590738,100,8590739,100,8590740,100,8590741,100,,,,,,,,,,
200368,22级宝石箱子+灵饰,35190,100,35191,100,35192,100,35193,100,35194,100,35195,100,35196,100,35197,100,35198,100,8590742,100,8590743,100,8590744,100,8590745,100,8590746,100,8590747,100,8590748,100,8590749,100,8590750,100,8590751,100,8590752,100,8590753,100,8590754,100,8590755,100,8590756,100,8590757,100,8590758,100,8590759,100,8590760,100,8590761,100,8590762,100,8590763,100,8590764,100,8590765,100,8590766,100,8590767,100,8590768,100,8590769,100,8590770,100,8590771,100,8590772,100,8590773,100,8590774,100,8590775,100,8590776,100,8590777,100,8590778,100,8590779,100,8590780,100,8590781,100,8590782,100,8590783,100,8590784,100,8590785,100,8590786,100,8590787,100,8590788,100,8590789,100,8590790,100,8590791,100,8590792,100,8590793,100,8590794,100,8590795,100,8590796,100,8590797,100,8590798,100,8590799,100,8590800,100,8590801,100,8590802,100,8590803,100,8590804,100,8590805,100,,,,,,,,,,
200369,23级宝石箱子+灵饰,35199,100,35200,100,35201,100,35202,100,35203,100,35204,100,35205,100,35206,100,35207,100,8590806,100,8590807,100,8590808,100,8590809,100,8590810,100,8590811,100,8590812,100,8590813,100,8590814,100,8590815,100,8590816,100,8590817,100,8590818,100,8590819,100,8590820,100,8590821,100,8590822,100,8590823,100,8590824,100,8590825,100,8590826,100,8590827,100,8590828,100,8590829,100,8590830,100,8590831,100,8590832,100,8590833,100,8590834,100,8590835,100,8590836,100,8590837,100,8590838,100,8590839,100,8590840,100,8590841,100,8590842,100,8590843,100,8590844,100,8590845,100,8590846,100,8590847,100,8590848,100,8590849,100,8590850,100,8590851,100,8590852,100,8590853,100,8590854,100,8590855,100,8590856,100,8590857,100,8590858,100,8590859,100,8590860,100,8590861,100,8590862,100,8590863,100,8590864,100,8590865,100,8590866,100,8590867,100,8590868,100,8590869,100,,,,,,,,,,
200370,24级宝石箱子,35208,100,35209,100,35210,100,35211,100,35212,100,35213,100,35214,100,35215,100,35216,100,,,,,,,,,,,,,,,,,,,,,,,,,,,,,,,,,,,,,,,,,,,,,,,,,,,,,,,,,,,,,,,,,,,,,,,,,,,,,,,,,,,,,,,,,,,,,,,,,,,,,,,,,,,,,,,,,,,,,,,,,,,,,,,,,,,,,,,,,,
200371,25级宝石箱子,35217,10,35218,10,35219,10,35220,10,35221,10,35222,10,35223,10,35224,10,35225,10,,,,,,,,,,,,,,,,,,,,,,,,,,,,,,,,,,,,,,,,,,,,,,,,,,,,,,,,,,,,,,,,,,,,,,,,,,,,,,,,,,,,,,,,,,,,,,,,,,,,,,,,,,,,,,,,,,,,,,,,,,,,,,,,,,,,,,,,,,
200372,26级宝石箱子,35226,10,35227,10,35228,10,35229,10,35230,10,35231,10,35232,10,35233,10,35234,10,,,,,,,,,,,,,,,,,,,,,,,,,,,,,,,,,,,,,,,,,,,,,,,,,,,,,,,,,,,,,,,,,,,,,,,,,,,,,,,,,,,,,,,,,,,,,,,,,,,,,,,,,,,,,,,,,,,,,,,,,,,,,,,,,,,,,,,,,,
200373,27级宝石箱子,35235,10,35236,10,35237,10,35238,10,35239,10,35240,10,35241,10,35242,10,35243,10,,,,,,,,,,,,,,,,,,,,,,,,,,,,,,,,,,,,,,,,,,,,,,,,,,,,,,,,,,,,,,,,,,,,,,,,,,,,,,,,,,,,,,,,,,,,,,,,,,,,,,,,,,,,,,,,,,,,,,,,,,,,,,,,,,,,,,,,,,
200374,28级宝石箱子,35244,10,35245,10,35246,10,35247,10,35248,10,35249,10,35250,10,35251,10,35252,10,,,,,,,,,,,,,,,,,,,,,,,,,,,,,,,,,,,,,,,,,,,,,,,,,,,,,,,,,,,,,,,,,,,,,,,,,,,,,,,,,,,,,,,,,,,,,,,,,,,,,,,,,,,,,,,,,,,,,,,,,,,,,,,,,,,,,,,,,,
200375,29级宝石箱子,35253,10,35254,10,35255,10,35256,10,35257,10,35258,10,35259,10,35260,10,35261,10,,,,,,,,,,,,,,,,,,,,,,,,,,,,,,,,,,,,,,,,,,,,,,,,,,,,,,,,,,,,,,,,,,,,,,,,,,,,,,,,,,,,,,,,,,,,,,,,,,,,,,,,,,,,,,,,,,,,,,,,,,,,,,,,,,,,,,,,,,
200376,30级宝石箱子,35262,10,35263,10,35264,10,35265,10,35266,10,35267,10,35268,10,35269,10,35270,100,,,,,,,,,,,,,,,,,,,,,,,,,,,,,,,,,,,,,,,,,,,,,,,,,,,,,,,,,,,,,,,,,,,,,,,,,,,,,,,,,,,,,,,,,,,,,,,,,,,,,,,,,,,,,,,,,,,,,,,,,,,,,,,,,,,,,,,,,,
200377,灵饰,8590646,30,8590647,30,8590648,30,8590649,30,8590650,30,8590651,30,8590652,30,8590653,30,8590654,30,8590655,30,8590656,30,8590657,30,8590658,30,8590659,30,8590660,30,8590661,30,8590662,20,8590663,20,8590664,20,8590665,20,8590666,20,8590667,20,8590668,20,8590669,20,8590670,20,8590671,20,8590672,20,8590673,20,8590674,20,8590675,20,8590676,20,8590677,20,,,,,,,,,,,,,,,,,,,,,,,,,,,,,,,,,,,,,,,,,,,,,,,,,,,,,,,,,,,,,,,,,,,,,,,,,,,,,,,,,,,,,,,,,,,,
200378,灵饰,8590614,100,8590615,100,8590616,100,8590617,100,8590618,100,8590619,100,8590620,100,8590621,100,8590622,100,8590623,100,8590624,100,8590625,100,8590626,100,8590627,100,8590628,100,8590629,100,8590630,100,8590631,100,8590632,100,8590633,100,8590634,100,8590635,100,8590636,100,8590637,100,8590638,100,8590639,100,8590640,100,8590641,100,8590642,100,8590643,100,8590644,100,8590645,100,8590646,100,8590647,100,8590648,100,8590649,100,8590650,100,8590651,100,8590652,100,8590653,100,8590654,100,8590655,100,8590656,100,8590657,100,8590658,100,8590659,100,8590660,100,8590661,100,8590662,100,8590663,100,8590664,100,8590665,100,8590666,100,8590667,100,8590668,100,8590669,100,8590670,100,8590671,100,8590672,100,8590673,100,8590674,100,8590675,100,8590676,100,8590677,100,,,,,,,,,,,,,,,,,,,,,,,,,,,,
200379,灵饰,8590614,100,8590615,100,8590616,100,8590617,100,8590618,100,8590619,100,8590620,100,8590621,100,8590622,100,8590623,100,8590624,100,8590625,100,8590626,100,8590627,100,8590628,100,8590629,100,8590630,100,8590631,100,8590632,100,8590633,100,8590634,100,8590635,100,8590636,100,8590637,100,8590638,100,8590639,100,8590640,100,8590641,100,8590642,100,8590643,100,8590644,100,8590645,100,8590646,100,8590647,100,8590648,100,8590649,100,8590650,100,8590651,100,8590652,100,8590653,100,8590654,100,8590655,100,8590656,100,8590657,100,8590658,100,8590659,100,8590660,100,8590661,100,8590662,100,8590663,100,8590664,100,8590665,100,8590666,100,8590667,100,8590668,100,8590669,100,8590670,100,8590671,100,8590672,100,8590673,100,8590674,100,8590675,100,8590676,100,8590677,100,,,,,,,,,,,,,,,,,,,,,,,,,,,,
200380,灵饰,8590614,100,8590615,100,8590616,100,8590617,100,8590618,100,8590619,100,8590620,100,8590621,100,8590622,100,8590623,100,8590624,100,8590625,100,8590626,100,8590627,100,8590628,100,8590629,100,8590630,100,8590631,100,8590632,100,8590633,100,8590634,100,8590635,100,8590636,100,8590637,100,8590638,100,8590639,100,8590640,100,8590641,100,8590642,100,8590643,100,8590644,100,8590645,100,8590646,100,8590647,100,8590648,100,8590649,100,8590650,100,8590651,100,8590652,100,8590653,100,8590654,100,8590655,100,8590656,100,8590657,100,8590658,100,8590659,100,8590660,100,8590661,100,8590662,100,8590663,100,8590664,100,8590665,100,8590666,100,8590667,100,8590668,100,8590669,100,8590670,100,8590671,100,8590672,100,8590673,100,8590674,100,8590675,100,8590676,100,8590677,100,,,,,,,,,,,,,,,,,,,,,,,,,,,,
200381,灵饰,8590614,100,8590615,100,8590616,100,8590617,100,8590618,100,8590619,100,8590620,100,8590621,100,8590622,100,8590623,100,8590624,100,8590625,100,8590626,100,8590627,100,8590628,100,8590629,100,8590630,100,8590631,100,8590632,100,8590633,100,8590634,100,8590635,100,8590636,100,8590637,100,8590638,100,8590639,100,8590640,100,8590641,100,8590642,100,8590643,100,8590644,100,8590645,100,8590646,100,8590647,100,8590648,100,8590649,100,8590650,100,8590651,100,8590652,100,8590653,100,8590654,100,8590655,100,8590656,100,8590657,100,8590658,100,8590659,100,8590660,100,8590661,100,8590662,100,8590663,100,8590664,100,8590665,100,8590666,100,8590667,100,8590668,100,8590669,100,8590670,100,8590671,100,8590672,100,8590673,100,8590674,100,8590675,100,8590676,100,8590677,100,,,,,,,,,,,,,,,,,,,,,,,,,,,,
200382,灵饰,8590614,100,8590615,100,8590616,100,8590617,100,8590618,100,8590619,100,8590620,100,8590621,100,8590622,100,8590623,100,8590624,100,8590625,100,8590626,100,8590627,100,8590628,100,8590629,100,8590630,100,8590631,100,8590632,100,8590633,100,8590634,100,8590635,100,8590636,100,8590637,100,8590638,100,8590639,100,8590640,100,8590641,100,8590642,100,8590643,100,8590644,100,8590645,100,8590646,100,8590647,100,8590648,100,8590649,100,8590650,100,8590651,100,8590652,100,8590653,100,8590654,100,8590655,100,8590656,100,8590657,100,8590658,100,8590659,100,8590660,100,8590661,100,8590662,100,8590663,100,8590664,100,8590665,100,8590666,100,8590667,100,8590668,100,8590669,100,8590670,100,8590671,100,8590672,100,8590673,100,8590674,100,8590675,100,8590676,100,8590677,100,,,,,,,,,,,,,,,,,,,,,,,,,,,,
200383,灵饰,8590614,100,8590615,100,8590616,100,8590617,100,8590618,100,8590619,100,8590620,100,8590621,100,8590622,100,8590623,100,8590624,100,8590625,100,8590626,100,8590627,100,8590628,100,8590629,100,8590630,100,8590631,100,8590632,100,8590633,100,8590634,100,8590635,100,8590636,100,8590637,100,8590638,100,8590639,100,8590640,100,8590641,100,8590642,100,8590643,100,8590644,100,8590645,100,8590646,100,8590647,100,8590648,100,8590649,100,8590650,100,8590651,100,8590652,100,8590653,100,8590654,100,8590655,100,8590656,100,8590657,100,8590658,100,8590659,100,8590660,100,8590661,100,8590662,100,8590663,100,8590664,100,8590665,100,8590666,100,8590667,100,8590668,100,8590669,100,8590670,100,8590671,100,8590672,100,8590673,100,8590674,100,8590675,100,8590676,100,8590677,100,,,,,,,,,,,,,,,,,,,,,,,,,,,,
200384,灵饰,8590614,100,8590615,100,8590616,100,8590617,100,8590618,100,8590619,100,8590620,100,8590621,100,8590622,100,8590623,100,8590624,100,8590625,100,8590626,100,8590627,100,8590628,100,8590629,100,8590630,100,8590631,100,8590632,100,8590633,100,8590634,100,8590635,100,8590636,100,8590637,100,8590638,100,8590639,100,8590640,100,8590641,100,8590642,100,8590643,100,8590644,100,8590645,100,8590646,100,8590647,100,8590648,100,8590649,100,8590650,100,8590651,100,8590652,100,8590653,100,8590654,100,8590655,100,8590656,100,8590657,100,8590658,100,8590659,100,8590660,100,8590661,100,8590662,100,8590663,100,8590664,100,8590665,100,8590666,100,8590667,100,8590668,100,8590669,100,8590670,100,8590671,100,8590672,100,8590673,100,8590674,100,8590675,100,8590676,100,8590677,100,,,,,,,,,,,,,,,,,,,,,,,,,,,,
200385,内丹礼包,311158,100,311159,100,311160,100,311161,100,311162,100,311163,100,311164,100,311165,100,311166,100,311167,100,311168,100,311169,100,311170,100,311171,100,311172,100,311173,100,311174,100,311175,100,311259,100,311260,100,311261,100,311262,100,311263,100,311264,100,311265,100,311266,100,311267,100,311215,100,311216,100,311217,100,,,,,,,,,,,,,,,,,,,,,,,,,,,,,,,,,,,,,,,,,,,,,,,,,,,,,,,,,,,,,,,,,,,,,,,,,,,,,,,,,,,,,,,,,,,,,,,,
200346,金夺宝令,337942,100,337943,30,341112,100,341113,100,341114,100,341115,100,,,,,,,,,,,,,,,,,,,,,,,,,,,,,,,,,,,,,,,,,,,,,,,,,,,,,,,,,,,,,,,,,,,,,,,,,,,,,,,,,,,,,,,,,,,,,,,,,,,,,,,,,,,,,,,,,,,,,,,,,,,,,,,,,,,,,,,,,,,,,,,,
200387,坐骑+金夺宝令,331400,100,331401,100,331402,100,331403,100,331404,100,331405,100,331406,100,331407,100,331408,100,331409,100,331410,100,331411,100,331412,100,331413,100,331414,100,331415,100,331416,100,331417,100,331418,100,331419,100,331420,100,331421,100,331422,100,331423,100,331424,100,331425,100,331426,100,331427,100,331428,100,337942,100,337943,100,,,,,,,,,,,,,,,,,,,,,,,,,,,,,,,,,,,,,,,,,,,,,,,,,,,,,,,,,,,,,,,,,,,,,,,,,,,,,,,,,,,,,,,,,,,,,,
200388,潜能果,331006,100,331007,100,331008,100,331009,100,331010,100,331011,5,,,,,,,,,,,,,,,,,,,,,,,,,,,,,,,,,,,,,,,,,,,,,,,,,,,,,,,,,,,,,,,,,,,,,,,,,,,,,,,,,,,,,,,,,,,,,,,,,,,,,,,,,,,,,,,,,,,,,,,,,,,,,,,,,,,,,,,,,,,,,,,,
200389,PK道具,40014,500,,,,,,,,,,,,,,,,,,,,,,,,,,,,,,,,,,,,,,,,,,,,,,,,,,,,,,,,,,,,,,,,,,,,,,,,,,,,,,,,,,,,,,,,,,,,,,,,,,,,,,,,,,,,,,,,,,,,,,,,,,,,,,,,,,,,,,,,,,,,,,,,,,,,,,,,,,
200390,金币,335012,1000,335013,100,335020,100,,,,,,,,,,,,,,,,,,,,,,,,,,,,,,,,,,,,,,,,,,,,,,,,,,,,,,,,,,,,,,,,,,,,,,,,,,,,,,,,,,,,,,,,,,,,,,,,,,,,,,,,,,,,,,,,,,,,,,,,,,,,,,,,,,,,,,,,,,,,,,,,,,,,,,
200391,PK道具+金币1000-20000,335012,1000,335013,100,335020,100,40014,300,,,,,,,,,,,,,,,,,,,,,,,,,,,,,,,,,,,,,,,,,,,,,,,,,,,,,,,,,,,,,,,,,,,,,,,,,,,,,,,,,,,,,,,,,,,,,,,,,,,,,,,,,,,,,,,,,,,,,,,,,,,,,,,,,,,,,,,,,,,,,,,,,,,,
200392,化圣金币100万-1万,340172,100,340173,100,340174,50,340175,20,333179,100,333093,200,333094,200,333095,200,333096,200,333097,200,339102,100,,,,,,,,,,,,,,,,,,,,,,,,,,,,,,,,,,,,,,,,,,,,,,,,,,,,,,,,,,,,,,,,,,,,,,,,,,,,,,,,,,,,,,,,,,,,,,,,,,,,,,,,,,,,,,,,,,,,,,,,,,,,,,,,,,,,,,
200393,130级装备,9130101,100,9130102,100,9130103,100,9130104,100,9130105,100,9130106,100,9130107,100,9130108,100,9130109,100,9130110,100,9130207,100,9130208,100,9130309,100,9130310,100,9130411,100,9130512,100,9130613,100,,,,,,,,,,,,,,,,,,,,,,,,,,,,,,,,,,,,,,,,,,,,,,,,,,,,,,,,,,,,,,,,,,,,,,,,,,,,,,,,,,,,,,,,,,,,,,,,,,,,,,,,,,,,,,,,,,,,,,,,,,
200394,米神图卷,340727,100,,,,,,,,,,,,,,,,,,,,,,,,,,,,,,,,,,,,,,,,,,,,,,,,,,,,,,,,,,,,,,,,,,,,,,,,,,,,,,,,,,,,,,,,,,,,,,,,,,,,,,,,,,,,,,,,,,,,,,,,,,,,,,,,,,,,,,,,,,,,,,,,,,,,,,,,,,
200395,110级装备,9110101,100,9110102,100,9110103,100,9110104,100,9110105,100,9110106,100,9110107,100,9110108,100,9110109,100,9110110,100,9110207,100,9110208,100,9110309,100,9110310,100,9110411,100,9110512,100,9110613,100,,,,,,,,,,,,,,,,,,,,,,,,,,,,,,,,,,,,,,,,,,,,,,,,,,,,,,,,,,,,,,,,,,,,,,,,,,,,,,,,,,,,,,,,,,,,,,,,,,,,,,,,,,,,,,,,,,,,,,,,,,
200396,法宝大礼包,8591138,80,8591139,80,8591140,80,8591141,80,8591142,80,8591143,50,8591144,50,8591145,50,8591146,50,8591147,50,8591148,50,8591149,30,8591150,30,8591151,30,8591152,30,8591153,30,8591154,30,8591155,10,8591156,10,8591157,10,8591158,10,8591159,10,8591160,10,,,,,,,,,,,,,,,,,,,,,,,,,,,,,,,,,,,,,,,,,,,,,,,,,,,,,,,,,,,,,,,,,,,,,,,,,,,,,,,,,,,,,,,,,,,,,,,,,,,,,,,,,,,,,,
200397,100-160装备,340200,100,340201,100,340202,100,340203,100,340204,100,340205,100,340206,100,340207,100,340208,100,340209,100,340210,100,340211,100,340212,100,340213,100,340214,100,340215,100,340216,100,,,,,,,,,,,,,,,,,,,,,,,,,,,,,,,,,,,,,,,,,,,,,,,,,,,,,,,,,,,,,,,,,,,,,,,,,,,,,,,,,,,,,,,,,,,,,,,,,,,,,,,,,,,,,,,,,,,,,,,,,,
200398,16、17级宝石,35136,100,35137,100,35138,100,35139,100,35140,100,35141,100,35142,100,35143,100,35144,100,35145,100,35146,100,35147,100,35148,100,35149,100,35150,100,35151,100,35152,100,35153,100,,,,,,,,,,,,,,,,,,,,,,,,,,,,,,,,,,,,,,,,,,,,,,,,,,,,,,,,,,,,,,,,,,,,,,,,,,,,,,,,,,,,,,,,,,,,,,,,,,,,,,,,,,,,,,,,,,,,,,,,
200399,17、18级宝石、100-10000金币、110无级别装备包,35145,100,35146,100,35147,100,35148,100,35149,100,35150,100,35151,100,35152,100,35153,100,35154,100,35155,100,35156,100,35157,100,35158,100,35159,100,35160,100,35161,100,35162,100,340728,100,340731,100,340732,100,340733,100,340734,100,340735,100,340736,100,,,,,,,,,,,,,,,,,,,,,,,,,,,,,,,,,,,,,,,,,,,,,,,,,,,,,,,,,,,,,,,,,,,,,,,,,,,,,,,,,,,,,,,,,,,,,,,,,,,,,,,,,,
200400,夺宝令+17、18级宝石、100-10000金币、110无级别装备包,340225,100,340226,100,340731,100,340732,100,340733,100,340734,100,340735,100,340736,100,340728,100,337942,100,,,,,,,,,,,,,,,,,,,,,,,,,,,,,,,,,,,,,,,,,,,,,,,,,,,,,,,,,,,,,,,,,,,,,,,,,,,,,,,,,,,,,,,,,,,,,,,,,,,,,,,,,,,,,,,,,,,,,,,,,,,,,,,,,,,,,,,,
200401,夺宝令+18、19级宝石、100-10000金币、120无级别装备包,340731,100,340732,100,340733,100,340734,100,340735,100,340736,100,340728,100,337942,100,340217,100,340226,100,340227,100,,,,,,,,,,,,,,,,,,,,,,,,,,,,,,,,,,,,,,,,,,,,,,,,,,,,,,,,,,,,,,,,,,,,,,,,,,,,,,,,,,,,,,,,,,,,,,,,,,,,,,,,,,,,,,,,,,,,,,,,,,,,,,,,,,,,,,
200402,夺宝令+19、20级宝石、100-10000金币、120-130无级别装备包,340227,100,340228,100,340731,100,340732,100,340733,100,340734,100,340735,100,340736,100,340728,100,340217,100,340218,100,,,,,,,,,,,,,,,,,,,,,,,,,,,,,,,,,,,,,,,,,,,,,,,,,,,,,,,,,,,,,,,,,,,,,,,,,,,,,,,,,,,,,,,,,,,,,,,,,,,,,,,,,,,,,,,,,,,,,,,,,,,,,,,,,,,,,,
200403,夺宝令+19、20级宝石、100-10000金币、概率掉落：130-140无级别装备包、神兜兜1个、强P道具,340227,100,340228,100,340731,100,340732,100,340733,100,340734,100,340735,100,340736,100,340728,100,340218,100,340219,100,339102,100,40014,100,,,,,,,,,,,,,,,,,,,,,,,,,,,,,,,,,,,,,,,,,,,,,,,,,,,,,,,,,,,,,,,,,,,,,,,,,,,,,,,,,,,,,,,,,,,,,,,,,,,,,,,,,,,,,,,,,,,,,,,,,,,,,,,,,,
200404,概率掉落：至尊夺宝令、130-140装备包、神兜兜、强P道具、0-2万金币,340218,100,340219,100,339102,100,40014,100,337943,100,333093,100,333094,100,333095,100,333096,100,333097,100,340731,100,340732,100,340733,100,340734,100,340735,100,340736,100,340728,100,,,,,,,,,,,,,,,,,,,,,,,,,,,,,,,,,,,,,,,,,,,,,,,,,,,,,,,,,,,,,,,,,,,,,,,,,,,,,,,,,,,,,,,,,,,,,,,,,,,,,,,,,,,,,,,,,,,,,,,,,,
200405,概率掉落：至尊夺宝令、140-150装备包、神兜兜、强P道具、内丹、法宝大礼包、1-3万金币,340736,100,340737,100,340738,100,340739,100,340740,100,340741,100,340742,100,340743,100,337943,100,340219,100,340220,100,333099,100,340729,100,,,,,,,,,,,,,,,,,,,,,,,,,,,,,,,,,,,,,,,,,,,,,,,,,,,,,,,,,,,,,,,,,,,,,,,,,,,,,,,,,,,,,,,,,,,,,,,,,,,,,,,,,,,,,,,,,,,,,,,,,,,,,,,,,,
200406,概率掉落：至尊夺宝令、140-150装备包、神兜兜、强P道具、内丹、法宝大礼包、2-4万金币,340740,100,340741,100,340742,100,340743,100,340744,100,340745,100,340746,100,337943,100,340219,100,340220,100,333099,100,340729,100,,,,,,,,,,,,,,,,,,,,,,,,,,,,,,,,,,,,,,,,,,,,,,,,,,,,,,,,,,,,,,,,,,,,,,,,,,,,,,,,,,,,,,,,,,,,,,,,,,,,,,,,,,,,,,,,,,,,,,,,,,,,,,,,,,,,
200407,概率掉落：至尊夺宝令、150-160装备包、神兜兜、强P道具、内丹、法宝、灵饰大礼包、3-5万金币、30级宝石,340743,100,340744,100,340745,100,340746,100,340747,100,340748,100,340749,100,340750,100,337943,100,340155,100,340220,100,333099,100,340729,100,340238,100,333098,100,,,,,,,,,,,,,,,,,,,,,,,,,,,,,,,,,,,,,,,,,,,,,,,,,,,,,,,,,,,,,,,,,,,,,,,,,,,,,,,,,,,,,,,,,,,,,,,,,,,,,,,,,,,,,,,,,,,,,,,,,,,,,,
200408,概率掉落：至尊夺宝令、150-160装备包、神兜兜、强P道具、内丹、法宝、灵饰大礼包、3-6万金币、30级宝石,340743,100,340744,100,340745,100,340746,100,340747,100,340748,100,340749,100,340750,100,340751,100,340752,100,340753,100,340754,100,340755,100,340756,100,337943,100,340155,100,340220,100,333099,100,340729,100,340238,100,333098,100,,,,,,,,,,,,,,,,,,,,,,,,,,,,,,,,,,,,,,,,,,,,,,,,,,,,,,,,,,,,,,,,,,,,,,,,,,,,,,,,,,,,,,,,,,,,,,,,,,,,,,,,,,,,,,,,,,
200409,必掉至尊夺宝令、160装备包、神兜兜、强P道具概率掉落：内丹、法宝、灵饰大礼包、4-8万金币、30级宝石,340746,100,340747,100,340748,100,340749,100,340750,100,340751,100,340752,100,340753,100,340754,100,340755,100,340756,100,340757,100,340758,100,340759,100,340760,100,340761,100,340762,100,333098,100,333099,100,340729,100,340238,100,,,,,,,,,,,,,,,,,,,,,,,,,,,,,,,,,,,,,,,,,,,,,,,,,,,,,,,,,,,,,,,,,,,,,,,,,,,,,,,,,,,,,,,,,,,,,,,,,,,,,,,,,,,,,,,,,,
200410,必掉至尊夺宝令、160装备包、神兜兜、强P道具概率掉落：内丹、法宝、灵饰大礼包、5-10万金币、30级宝石,340750,100,340751,100,340752,100,340753,100,340754,100,340755,100,340756,100,340757,100,340758,100,340759,100,340760,100,340761,100,340762,100,340763,100,340764,100,340765,100,340766,100,333098,100,333099,100,340729,100,340238,100,,,,,,,,,,,,,,,,,,,,,,,,,,,,,,,,,,,,,,,,,,,,,,,,,,,,,,,,,,,,,,,,,,,,,,,,,,,,,,,,,,,,,,,,,,,,,,,,,,,,,,,,,,,,,,,,,,
200411,必掉至尊夺宝令、160装备包、神兜兜、强P道具概率掉落：内丹、法宝、灵饰大礼包、5-10万金币、30级宝石,340750,100,340751,100,340752,100,340753,100,340754,100,340755,100,340756,100,340757,100,340758,100,340759,100,340760,100,340761,100,340762,100,340763,100,340764,100,340765,100,340766,100,333098,100,333099,100,340729,100,340238,100,,,,,,,,,,,,,,,,,,,,,,,,,,,,,,,,,,,,,,,,,,,,,,,,,,,,,,,,,,,,,,,,,,,,,,,,,,,,,,,,,,,,,,,,,,,,,,,,,,,,,,,,,,,,,,,,,,
200412,20-100万存折,333179,100,333180,100,333181,100,,,,,,,,,,,,,,,,,,,,,,,,,,,,,,,,,,,,,,,,,,,,,,,,,,,,,,,,,,,,,,,,,,,,,,,,,,,,,,,,,,,,,,,,,,,,,,,,,,,,,,,,,,,,,,,,,,,,,,,,,,,,,,,,,,,,,,,,,,,,,,,,,,,,,,
200413,迷神图卷可以开出200级超神器,340727,100,,,,,,,,,,,,,,,,,,,,,,,,,,,,,,,,,,,,,,,,,,,,,,,,,,,,,,,,,,,,,,,,,,,,,,,,,,,,,,,,,,,,,,,,,,,,,,,,,,,,,,,,,,,,,,,,,,,,,,,,,,,,,,,,,,,,,,,,,,,,,,,,,,,,,,,,,,
200414,必掉至尊夺宝令,337943,100,,,,,,,,,,,,,,,,,,,,,,,,,,,,,,,,,,,,,,,,,,,,,,,,,,,,,,,,,,,,,,,,,,,,,,,,,,,,,,,,,,,,,,,,,,,,,,,,,,,,,,,,,,,,,,,,,,,,,,,,,,,,,,,,,,,,,,,,,,,,,,,,,,,,,,,,,,
200415,必掉160装备包,340155,100,,,,,,,,,,,,,,,,,,,,,,,,,,,,,,,,,,,,,,,,,,,,,,,,,,,,,,,,,,,,,,,,,,,,,,,,,,,,,,,,,,,,,,,,,,,,,,,,,,,,,,,,,,,,,,,,,,,,,,,,,,,,,,,,,,,,,,,,,,,,,,,,,,,,,,,,,,
200421,100静脉,8590614,100,8590615,100,8590616,100,8590617,100,8590622,100,8590623,100,8590624,100,8590625,100,8590626,100,8590627,100,8590628,100,8590629,100,,,,,,,,,,,,,,,,,,,,,,,,,,,,,,,,,,,,,,,,,,,,,,,,,,,,,,,,,,,,,,,,,,,,,,,,,,,,,,,,,,,,,,,,,,,,,,,,,,,,,,,,,,,,,,,,,,,,,,,,,,,,,,,,,,,,
200422,120静脉,8590630,100,8590631,100,8590632,100,8590633,100,8590638,100,8590639,100,8590640,100,8590641,100,8590642,100,8590643,100,8590644,100,8590645,100,,,,,,,,,,,,,,,,,,,,,,,,,,,,,,,,,,,,,,,,,,,,,,,,,,,,,,,,,,,,,,,,,,,,,,,,,,,,,,,,,,,,,,,,,,,,,,,,,,,,,,,,,,,,,,,,,,,,,,,,,,,,,,,,,,,,
200423,140静脉,8590646,100,8590647,100,8590648,100,8590649,100,8590654,100,8590655,100,8590656,100,8590657,100,8590658,100,8590659,100,8590660,100,8590661,100,,,,,,,,,,,,,,,,,,,,,,,,,,,,,,,,,,,,,,,,,,,,,,,,,,,,,,,,,,,,,,,,,,,,,,,,,,,,,,,,,,,,,,,,,,,,,,,,,,,,,,,,,,,,,,,,,,,,,,,,,,,,,,,,,,,,
200424,160静脉,8590662,100,8590663,100,8590664,100,8590665,100,8590670,100,8590671,100,8590672,100,8590673,100,8590674,100,8590675,100,8590676,100,8590677,100,,,,,,,,,,,,,,,,,,,,,,,,,,,,,,,,,,,,,,,,,,,,,,,,,,,,,,,,,,,,,,,,,,,,,,,,,,,,,,,,,,,,,,,,,,,,,,,,,,,,,,,,,,,,,,,,,,,,,,,,,,,,,,,,,,,,
200425,16级宝石箱子,35136,100,35137,100,35138,100,35139,100,35140,100,35141,100,35142,100,35143,100,35144,100,,,,,,,,,,,,,,,,,,,,,,,,,,,,,,,,,,,,,,,,,,,,,,,,,,,,,,,,,,,,,,,,,,,,,,,,,,,,,,,,,,,,,,,,,,,,,,,,,,,,,,,,,,,,,,,,,,,,,,,,,,,,,,,,,,,,,,,,,,
200426,17级宝石箱子,35145,100,35146,100,35147,100,35148,100,35149,100,35150,100,35151,100,35152,100,35153,100,,,,,,,,,,,,,,,,,,,,,,,,,,,,,,,,,,,,,,,,,,,,,,,,,,,,,,,,,,,,,,,,,,,,,,,,,,,,,,,,,,,,,,,,,,,,,,,,,,,,,,,,,,,,,,,,,,,,,,,,,,,,,,,,,,,,,,,,,,
200427,18级宝石箱子,35154,100,35155,100,35156,100,35157,100,35158,100,35159,100,35160,100,35161,100,35162,100,,,,,,,,,,,,,,,,,,,,,,,,,,,,,,,,,,,,,,,,,,,,,,,,,,,,,,,,,,,,,,,,,,,,,,,,,,,,,,,,,,,,,,,,,,,,,,,,,,,,,,,,,,,,,,,,,,,,,,,,,,,,,,,,,,,,,,,,,,
200428,19级宝石箱子,35163,100,35164,100,35165,100,35166,100,35167,100,35168,100,35169,100,35170,100,35171,100,,,,,,,,,,,,,,,,,,,,,,,,,,,,,,,,,,,,,,,,,,,,,,,,,,,,,,,,,,,,,,,,,,,,,,,,,,,,,,,,,,,,,,,,,,,,,,,,,,,,,,,,,,,,,,,,,,,,,,,,,,,,,,,,,,,,,,,,,,
200429,20级宝石箱子,35172,100,35173,100,35174,100,35175,100,35176,100,35177,100,35178,100,35179,100,35180,100,,,,,,,,,,,,,,,,,,,,,,,,,,,,,,,,,,,,,,,,,,,,,,,,,,,,,,,,,,,,,,,,,,,,,,,,,,,,,,,,,,,,,,,,,,,,,,,,,,,,,,,,,,,,,,,,,,,,,,,,,,,,,,,,,,,,,,,,,,
200430,21级宝石箱子,35181,100,35182,100,35183,100,35184,100,35185,100,35186,100,35187,100,35188,100,35189,100,,,,,,,,,,,,,,,,,,,,,,,,,,,,,,,,,,,,,,,,,,,,,,,,,,,,,,,,,,,,,,,,,,,,,,,,,,,,,,,,,,,,,,,,,,,,,,,,,,,,,,,,,,,,,,,,,,,,,,,,,,,,,,,,,,,,,,,,,,
200431,22级宝石箱子,35190,100,35191,100,35192,100,35193,100,35194,100,35195,100,35196,100,35197,100,35198,100,,,,,,,,,,,,,,,,,,,,,,,,,,,,,,,,,,,,,,,,,,,,,,,,,,,,,,,,,,,,,,,,,,,,,,,,,,,,,,,,,,,,,,,,,,,,,,,,,,,,,,,,,,,,,,,,,,,,,,,,,,,,,,,,,,,,,,,,,,
200432,23级宝石箱子,35199,100,35200,100,35201,100,35202,100,35203,100,35204,100,35205,100,35206,100,35207,100,,,,,,,,,,,,,,,,,,,,,,,,,,,,,,,,,,,,,,,,,,,,,,,,,,,,,,,,,,,,,,,,,,,,,,,,,,,,,,,,,,,,,,,,,,,,,,,,,,,,,,,,,,,,,,,,,,,,,,,,,,,,,,,,,,,,,,,,,,
200433,24级宝石箱子,35208,100,35209,100,35210,100,35211,100,35212,100,35213,100,35214,100,35215,100,35216,100,,,,,,,,,,,,,,,,,,,,,,,,,,,,,,,,,,,,,,,,,,,,,,,,,,,,,,,,,,,,,,,,,,,,,,,,,,,,,,,,,,,,,,,,,,,,,,,,,,,,,,,,,,,,,,,,,,,,,,,,,,,,,,,,,,,,,,,,,,
200434,25级宝石箱子,35217,100,35218,100,35219,100,35220,100,35221,100,35222,100,35223,100,35224,100,35225,100,,,,,,,,,,,,,,,,,,,,,,,,,,,,,,,,,,,,,,,,,,,,,,,,,,,,,,,,,,,,,,,,,,,,,,,,,,,,,,,,,,,,,,,,,,,,,,,,,,,,,,,,,,,,,,,,,,,,,,,,,,,,,,,,,,,,,,,,,,
200435,26级宝石箱子,35226,100,35227,100,35228,100,35229,100,35230,100,35231,100,35232,100,35233,100,35234,100,,,,,,,,,,,,,,,,,,,,,,,,,,,,,,,,,,,,,,,,,,,,,,,,,,,,,,,,,,,,,,,,,,,,,,,,,,,,,,,,,,,,,,,,,,,,,,,,,,,,,,,,,,,,,,,,,,,,,,,,,,,,,,,,,,,,,,,,,,
200436,27级宝石箱子,35235,100,35236,100,35237,100,35238,100,35239,100,35240,100,35241,100,35242,100,35243,100,,,,,,,,,,,,,,,,,,,,,,,,,,,,,,,,,,,,,,,,,,,,,,,,,,,,,,,,,,,,,,,,,,,,,,,,,,,,,,,,,,,,,,,,,,,,,,,,,,,,,,,,,,,,,,,,,,,,,,,,,,,,,,,,,,,,,,,,,,
200437,28级宝石箱子,35244,100,35245,100,35246,100,35247,100,35248,100,35249,100,35250,100,35251,100,35252,100,,,,,,,,,,,,,,,,,,,,,,,,,,,,,,,,,,,,,,,,,,,,,,,,,,,,,,,,,,,,,,,,,,,,,,,,,,,,,,,,,,,,,,,,,,,,,,,,,,,,,,,,,,,,,,,,,,,,,,,,,,,,,,,,,,,,,,,,,,
200438,29级宝石箱子,35253,100,35254,100,35255,100,35256,100,35257,100,35258,100,35259,100,35260,100,35261,100,,,,,,,,,,,,,,,,,,,,,,,,,,,,,,,,,,,,,,,,,,,,,,,,,,,,,,,,,,,,,,,,,,,,,,,,,,,,,,,,,,,,,,,,,,,,,,,,,,,,,,,,,,,,,,,,,,,,,,,,,,,,,,,,,,,,,,,,,,
200439,30级宝石箱子,35262,100,35263,100,35264,100,35265,100,35266,100,35267,100,35268,100,35269,100,35270,100,,,,,,,,,,,,,,,,,,,,,,,,,,,,,,,,,,,,,,,,,,,,,,,,,,,,,,,,,,,,,,,,,,,,,,,,,,,,,,,,,,,,,,,,,,,,,,,,,,,,,,,,,,,,,,,,,,,,,,,,,,,,,,,,,,,,,,,,,,
200440,16-30,35163,100,35164,100,35165,100,35166,100,35167,100,35168,100,35169,100,35170,100,35171,100,35235,100,35236,100,35237,100,35238,100,35239,100,35240,100,35241,100,35242,100,35243,100,35136,100,35137,100,35138,100,35139,100,35140,100,35141,100,35142,100,35143,100,35144,100,35208,100,35209,100,35210,100,35211,100,35212,100,35213,100,35214,100,35215,100,35216,100,35181,100,35182,100,35183,100,35184,100,35185,100,35186,100,35187,100,35188,100,35189,100,35253,100,35254,100,35255,100,35256,100,35257,100,35258,100,35259,100,35260,100,35261,100,35154,100,35155,100,35156,100,35157,100,35158,100,35159,100,35160,100,35161,100,35162,100,35226,100,35227,100,35228,100,35229,100,35230,100,35231,100,35232,100,35233,100,35234,100,,,,,,,,,,,,
200441,16-30,35172,100,35173,100,35174,100,35175,100,35176,100,35177,100,35178,100,35179,100,35180,100,35244,100,35245,100,35246,100,35247,100,35248,100,35249,100,35250,100,35251,100,35252,100,35145,100,35146,100,35147,100,35148,100,35149,100,35150,100,35151,100,35152,100,35153,100,35217,100,35218,100,35219,100,35220,100,35221,100,35222,100,35223,100,35224,100,35225,100,35190,100,35191,100,35192,100,35193,100,35194,100,35195,100,35196,100,35197,100,35198,100,35262,100,35263,100,35264,100,35265,100,35266,100,35267,100,35268,100,35269,100,35270,100,35199,100,35200,100,35201,100,35202,100,35203,100,35204,100,35205,100,35206,100,35207,100,,,,,,,,,,,,,,,,,,,,,,,,,,,,,,
200442,千叶,310300,100,,,,,,,,,,,,,,,,,,,,,,,,,,,,,,,,,,,,,,,,,,,,,,,,,,,,,,,,,,,,,,,,,,,,,,,,,,,,,,,,,,,,,,,,,,,,,,,,,,,,,,,,,,,,,,,,,,,,,,,,,,,,,,,,,,,,,,,,,,,,,,,,,,,,,,,,,,
200443,神兜兜588,340101,100,,,,,,,,,,,,,,,,,,,,,,,,,,,,,,,,,,,,,,,,,,,,,,,,,,,,,,,,,,,,,,,,,,,,,,,,,,,,,,,,,,,,,,,,,,,,,,,,,,,,,,,,,,,,,,,,,,,,,,,,,,,,,,,,,,,,,,,,,,,,,,,,,,,,,,,,,,
200444,超级技能新的,311177,20,311182,20,311224,100,311226,100,,,,,,,,,,,,,,,,,,,,,,,,,,,,,,,,,,,,,,,,,,,,,,,,,,,,,,,,,,,,,,,,,,,,,,,,,,,,,,,,,,,,,,,,,,,,,,,,,,,,,,,,,,,,,,,,,,,,,,,,,,,,,,,,,,,,,,,,,,,,,,,,,,,,
200445,6级8级宝石箱子铁,337926,100,337927,100,341111,100,341112,100,341113,100,341114,100,341115,100,,,,,,,,,,,,,,,,,,,,,,,,,,,,,,,,,,,,,,,,,,,,,,,,,,,,,,,,,,,,,,,,,,,,,,,,,,,,,,,,,,,,,,,,,,,,,,,,,,,,,,,,,,,,,,,,,,,,,,,,,,,,,,,,,,,,,,,,,,,,,,
200446,10-1000金币,340731,100,340732,90,340733,80,340734,70,340735,60,340736,50,,,,,,,,,,,,,,,,,,,,,,,,,,,,,,,,,,,,,,,,,,,,,,,,,,,,,,,,,,,,,,,,,,,,,,,,,,,,,,,,,,,,,,,,,,,,,,,,,,,,,,,,,,,,,,,,,,,,,,,,,,,,,,,,,,,,,,,,,,,,,,,,
200447,1300-2800金币,340737,100,340738,90,340739,80,340740,70,340741,60,340742,50,,,,,,,,,,,,,,,,,,,,,,,,,,,,,,,,,,,,,,,,,,,,,,,,,,,,,,,,,,,,,,,,,,,,,,,,,,,,,,,,,,,,,,,,,,,,,,,,,,,,,,,,,,,,,,,,,,,,,,,,,,,,,,,,,,,,,,,,,,,,,,,,
200448,3100-4600金币,340743,100,340744,90,340745,80,340746,70,340747,60,340748,50,,,,,,,,,,,,,,,,,,,,,,,,,,,,,,,,,,,,,,,,,,,,,,,,,,,,,,,,,,,,,,,,,,,,,,,,,,,,,,,,,,,,,,,,,,,,,,,,,,,,,,,,,,,,,,,,,,,,,,,,,,,,,,,,,,,,,,,,,,,,,,,,
200449,4900-6400金币,340749,100,340750,90,340751,80,340752,70,340753,60,340754,50,,,,,,,,,,,,,,,,,,,,,,,,,,,,,,,,,,,,,,,,,,,,,,,,,,,,,,,,,,,,,,,,,,,,,,,,,,,,,,,,,,,,,,,,,,,,,,,,,,,,,,,,,,,,,,,,,,,,,,,,,,,,,,,,,,,,,,,,,,,,,,,,
200450,6700-8200金币,340755,100,340756,90,340757,80,340758,70,340759,60,340760,50,,,,,,,,,,,,,,,,,,,,,,,,,,,,,,,,,,,,,,,,,,,,,,,,,,,,,,,,,,,,,,,,,,,,,,,,,,,,,,,,,,,,,,,,,,,,,,,,,,,,,,,,,,,,,,,,,,,,,,,,,,,,,,,,,,,,,,,,,,,,,,,,
200451,8500-10000金币,340761,100,340762,90,340763,80,340764,70,340765,60,340766,50,,,,,,,,,,,,,,,,,,,,,,,,,,,,,,,,,,,,,,,,,,,,,,,,,,,,,,,,,,,,,,,,,,,,,,,,,,,,,,,,,,,,,,,,,,,,,,,,,,,,,,,,,,,,,,,,,,,,,,,,,,,,,,,,,,,,,,,,,,,,,,,,
200452,英雄值20-120,340781,100,340782,80,340783,60,340784,40,,,,,,,,,,,,,,,,,,,,,,,,,,,,,,,,,,,,,,,,,,,,,,,,,,,,,,,,,,,,,,,,,,,,,,,,,,,,,,,,,,,,,,,,,,,,,,,,,,,,,,,,,,,,,,,,,,,,,,,,,,,,,,,,,,,,,,,,,,,,,,,,,,,,
200453,装备130-150,340218,100,340219,80,340220,40,,,,,,,,,,,,,,,,,,,,,,,,,,,,,,,,,,,,,,,,,,,,,,,,,,,,,,,,,,,,,,,,,,,,,,,,,,,,,,,,,,,,,,,,,,,,,,,,,,,,,,,,,,,,,,,,,,,,,,,,,,,,,,,,,,,,,,,,,,,,,,,,,,,,,,
200419,坐骑大礼包1,331403,0,331404,0,331417,0,331418,0,331419,0,331425,0,331426,0,331428,0,331429,0,331430,0,331431,0,331434,0,331435,0,331436,0,331437,0,331438,0,331440,0,331441,0,331442,0,,,,,,,,,,,,,,,,,,,,,,,,,,,,,,,,,,,,,,,,,,,,,,,,,,,,,,,,,,,,,,,,,,,,,,,,,,,,,,,,,,,,,,,,,,,,,,,,,,,,,,,,,,,,,,,,,,,,,,
200454,坐骑大礼包2,331445,0,331448,0,331449,0,331450,0,331453,0,331455,0,331459,0,331460,0,331462,0,331464,0,331468,0,331471,0,331499,0,331510,0,331511,0,331513,0,777701,0,331523,0,,,,,,,,,,,,,,,,,,,,,,,,,,,,,,,,,,,,,,,,,,,,,,,,,,,,,,,,,,,,,,,,,,,,,,,,,,,,,,,,,,,,,,,,,,,,,,,,,,,,,,,,,,,,,,,,,,,,,,,,
200455,深渊少量9-199,340811,100,340812,100,340813,100,340814,100,340815,50,340816,30,340817,20,340818,20,340819,20,340820,20,340821,20,340822,20,,,,,,,,,,,,,,,,,,,,,,,,,,,,,,,,,,,,,,,,,,,,,,,,,,,,,,,,,,,,,,,,,,,,,,,,,,,,,,,,,,,,,,,,,,,,,,,,,,,,,,,,,,,,,,,,,,,,,,,,,,,,,,,,,,,,
200456,深渊少量9-37,340811,100,340812,50,340813,40,340814,30,,,,,,,,,,,,,,,,,,,,,,,,,,,,,,,,,,,,,,,,,,,,,,,,,,,,,,,,,,,,,,,,,,,,,,,,,,,,,,,,,,,,,,,,,,,,,,,,,,,,,,,,,,,,,,,,,,,,,,,,,,,,,,,,,,,,,,,,,,,,,,,,,,,,
200457,圣诞袜子,340824,100,,,,,,,,,,,,,,,,,,,,,,,,,,,,,,,,,,,,,,,,,,,,,,,,,,,,,,,,,,,,,,,,,,,,,,,,,,,,,,,,,,,,,,,,,,,,,,,,,,,,,,,,,,,,,,,,,,,,,,,,,,,,,,,,,,,,,,,,,,,,,,,,,,,,,,,,,,
200458,随机物品,340809,100,340810,100,340808,100,340774,100,340767,100,340732,100,340733,100,340734,100,340735,100,340221,100,340222,100,340223,100,340224,100,340217,100,340218,100,340219,100,340220,100,340161,100,340162,100,340163,100,331011,5,331403,100,331404,100,331405,100,331406,100,331407,100,331408,100,331409,100,331410,100,331411,100,331412,100,331413,100,331414,100,331415,100,331416,100,331417,100,331418,100,331419,100,331420,100,333093,1000,333094,1000,333095,1000,333096,1000,,,,,,,,,,,,,,,,,,,,,,,,,,,,,,,,,,,,,,,,,,,,,,,,,,,,,,,,,,,,,,,,,,,,,,
200459,金币随机100-10万,340731,100,340732,100,340733,100,340734,100,340735,100,340736,100,340737,100,340738,100,340739,100,340740,100,340741,100,340742,100,340743,100,340744,100,340745,100,340746,100,340747,100,340748,100,340749,100,340750,100,340751,100,340752,100,340753,100,340754,100,340755,30,340756,30,340757,30,340758,30,340759,30,340760,30,340761,30,340762,30,340763,30,340764,30,340765,30,340766,30,340172,100,340173,100,,,,,,,,,,,,,,,,,,,,,,,,,,,,,,,,,,,,,,,,,,,,,,,,,,,,,,,,,,,,,,,,,,,,,,,,,,,,,,,,
200416,PK道具,40014,100,,,,,,,,,,,,,,,,,,,,,,,,,,,,,,,,,,,,,,,,,,,,,,,,,,,,,,,,,,,,,,,,,,,,,,,,,,,,,,,,,,,,,,,,,,,,,,,,,,,,,,,,,,,,,,,,,,,,,,,,,,,,,,,,,,,,,,,,,,,,,,,,,,,,,,,,,,
200417,神兜兜,339102,100,,,,,,,,,,,,,,,,,,,,,,,,,,,,,,,,,,,,,,,,,,,,,,,,,,,,,,,,,,,,,,,,,,,,,,,,,,,,,,,,,,,,,,,,,,,,,,,,,,,,,,,,,,,,,,,,,,,,,,,,,,,,,,,,,,,,,,,,,,,,,,,,,,,,,,,,,,
200418,洗炼石,340160,100,,,,,,,,,,,,,,,,,,,,,,,,,,,,,,,,,,,,,,,,,,,,,,,,,,,,,,,,,,,,,,,,,,,,,,,,,,,,,,,,,,,,,,,,,,,,,,,,,,,,,,,,,,,,,,,,,,,,,,,,,,,,,,,,,,,,,,,,,,,,,,,,,,,,,,,,,,
200460,100金币,340731,100,,,,,,,,,,,,,,,,,,,,,,,,,,,,,,,,,,,,,,,,,,,,,,,,,,,,,,,,,,,,,,,,,,,,,,,,,,,,,,,,,,,,,,,,,,,,,,,,,,,,,,,,,,,,,,,,,,,,,,,,,,,,,,,,,,,,,,,,,,,,,,,,,,,,,,,,,,
200461,飞行棋,331302,100,331303,80,331304,70,331305,60,331306,30,331307,10,331308,10,331309,10,,,,,,,,,,,,,,,,,,,,,,,,,,,,,,,,,,,,,,,,,,,,,,,,,,,,,,,,,,,,,,,,,,,,,,,,,,,,,,,,,,,,,,,,,,,,,,,,,,,,,,,,,,,,,,,,,,,,,,,,,,,,,,,,,,,,,,,,,,,,
200462,110-130级百炼精铁,341111,100,341112,100,341113,100,,,,,,,,,,,,,,,,,,,,,,,,,,,,,,,,,,,,,,,,,,,,,,,,,,,,,,,,,,,,,,,,,,,,,,,,,,,,,,,,,,,,,,,,,,,,,,,,,,,,,,,,,,,,,,,,,,,,,,,,,,,,,,,,,,,,,,,,,,,,,,,,,,,,,,
200463,110-150级百炼精铁,341111,100,341112,100,341113,100,341114,100,341115,100,,,,,,,,,,,,,,,,,,,,,,,,,,,,,,,,,,,,,,,,,,,,,,,,,,,,,,,,,,,,,,,,,,,,,,,,,,,,,,,,,,,,,,,,,,,,,,,,,,,,,,,,,,,,,,,,,,,,,,,,,,,,,,,,,,,,,,,,,,,,,,,,,,
200464,130-150级百炼精铁,341113,100,341114,100,341115,100,,,,,,,,,,,,,,,,,,,,,,,,,,,,,,,,,,,,,,,,,,,,,,,,,,,,,,,,,,,,,,,,,,,,,,,,,,,,,,,,,,,,,,,,,,,,,,,,,,,,,,,,,,,,,,,,,,,,,,,,,,,,,,,,,,,,,,,,,,,,,,,,,,,,,,
200465,110级装备,9110101,100,9110102,100,9110103,100,9110104,100,9110105,100,9110106,100,9110107,100,9110108,100,9110109,100,9110110,100,9110207,100,9110208,100,9110309,100,9110310,100,9110411,100,9110512,100,9110613,100,,,,,,,,,,,,,,,,,,,,,,,,,,,,,,,,,,,,,,,,,,,,,,,,,,,,,,,,,,,,,,,,,,,,,,,,,,,,,,,,,,,,,,,,,,,,,,,,,,,,,,,,,,,,,,,,,,,,,,,,,,
200466,120级装备,9120101,100,9120102,100,9120103,100,9120104,100,9120105,100,9120106,100,9120107,100,9120108,100,9120109,100,9120110,100,9120207,100,9120208,100,9120309,100,9120310,100,9120411,100,9120512,100,9120613,100,,,,,,,,,,,,,,,,,,,,,,,,,,,,,,,,,,,,,,,,,,,,,,,,,,,,,,,,,,,,,,,,,,,,,,,,,,,,,,,,,,,,,,,,,,,,,,,,,,,,,,,,,,,,,,,,,,,,,,,,,,
200467,130级装备,9130101,100,9130102,100,9130103,100,9130104,100,9130105,100,9130106,100,9130107,100,9130108,100,9130109,100,9130110,100,9130207,100,9130208,100,9130309,100,9130310,100,9130411,100,9130512,100,9130613,100,,,,,,,,,,,,,,,,,,,,,,,,,,,,,,,,,,,,,,,,,,,,,,,,,,,,,,,,,,,,,,,,,,,,,,,,,,,,,,,,,,,,,,,,,,,,,,,,,,,,,,,,,,,,,,,,,,,,,,,,,,
200468,140级装备,9140101,100,9140102,100,9140103,100,9140104,100,9140105,100,9140106,100,9140107,100,9140108,100,9140109,100,9140110,100,9140207,100,9140208,100,9140309,100,9140310,100,9140411,100,9140512,100,9140613,100,,,,,,,,,,,,,,,,,,,,,,,,,,,,,,,,,,,,,,,,,,,,,,,,,,,,,,,,,,,,,,,,,,,,,,,,,,,,,,,,,,,,,,,,,,,,,,,,,,,,,,,,,,,,,,,,,,,,,,,,,,
200469,150级装备,9150101,100,9150102,100,9150103,100,9150104,100,9150105,100,9150106,100,9150107,100,9150108,100,9150109,100,9150110,100,9150207,100,9150208,100,9150309,100,9150310,100,9150411,100,9150512,100,9150613,100,,,,,,,,,,,,,,,,,,,,,,,,,,,,,,,,,,,,,,,,,,,,,,,,,,,,,,,,,,,,,,,,,,,,,,,,,,,,,,,,,,,,,,,,,,,,,,,,,,,,,,,,,,,,,,,,,,,,,,,,,,
200470,160级装备,9160101,100,9160102,100,9160103,100,9160104,100,9160105,100,9160106,100,9160107,100,9160108,100,9160109,50,9160110,50,9160207,50,9160208,50,9160309,50,9160310,50,9160411,50,9160512,50,9160613,50,,,,,,,,,,,,,,,,,,,,,,,,,,,,,,,,,,,,,,,,,,,,,,,,,,,,,,,,,,,,,,,,,,,,,,,,,,,,,,,,,,,,,,,,,,,,,,,,,,,,,,,,,,,,,,,,,,,,,,,,,,
200471,8级宝石,35064,100,35065,100,35066,100,35067,100,35068,100,35069,100,35070,100,35071,100,35072,100,,,,,,,,,,,,,,,,,,,,,,,,,,,,,,,,,,,,,,,,,,,,,,,,,,,,,,,,,,,,,,,,,,,,,,,,,,,,,,,,,,,,,,,,,,,,,,,,,,,,,,,,,,,,,,,,,,,,,,,,,,,,,,,,,,,,,,,,,,
200472,9级宝石,35073,100,35074,100,35075,100,35076,100,35077,100,35078,100,35079,100,35080,100,35081,100,,,,,,,,,,,,,,,,,,,,,,,,,,,,,,,,,,,,,,,,,,,,,,,,,,,,,,,,,,,,,,,,,,,,,,,,,,,,,,,,,,,,,,,,,,,,,,,,,,,,,,,,,,,,,,,,,,,,,,,,,,,,,,,,,,,,,,,,,,
200473,10级宝石,35082,100,35083,100,35084,100,35085,100,35086,100,35087,100,35088,100,35089,100,35090,100,,,,,,,,,,,,,,,,,,,,,,,,,,,,,,,,,,,,,,,,,,,,,,,,,,,,,,,,,,,,,,,,,,,,,,,,,,,,,,,,,,,,,,,,,,,,,,,,,,,,,,,,,,,,,,,,,,,,,,,,,,,,,,,,,,,,,,,,,,
200474,11级宝石,35091,100,35092,100,35093,100,35094,100,35095,100,35096,100,35097,100,35098,100,35099,100,,,,,,,,,,,,,,,,,,,,,,,,,,,,,,,,,,,,,,,,,,,,,,,,,,,,,,,,,,,,,,,,,,,,,,,,,,,,,,,,,,,,,,,,,,,,,,,,,,,,,,,,,,,,,,,,,,,,,,,,,,,,,,,,,,,,,,,,,,
200475,12级宝石,35100,100,35101,100,35102,100,35103,100,35104,100,35105,100,35106,100,35107,100,35108,100,,,,,,,,,,,,,,,,,,,,,,,,,,,,,,,,,,,,,,,,,,,,,,,,,,,,,,,,,,,,,,,,,,,,,,,,,,,,,,,,,,,,,,,,,,,,,,,,,,,,,,,,,,,,,,,,,,,,,,,,,,,,,,,,,,,,,,,,,,
200476,13级宝石,35109,100,35110,100,35111,100,35112,100,35113,100,35114,100,35115,100,35116,100,35117,100,,,,,,,,,,,,,,,,,,,,,,,,,,,,,,,,,,,,,,,,,,,,,,,,,,,,,,,,,,,,,,,,,,,,,,,,,,,,,,,,,,,,,,,,,,,,,,,,,,,,,,,,,,,,,,,,,,,,,,,,,,,,,,,,,,,,,,,,,,
200477,14级宝石,35118,100,35119,100,35120,100,35121,100,35122,100,35123,100,35124,100,35125,100,35126,100,,,,,,,,,,,,,,,,,,,,,,,,,,,,,,,,,,,,,,,,,,,,,,,,,,,,,,,,,,,,,,,,,,,,,,,,,,,,,,,,,,,,,,,,,,,,,,,,,,,,,,,,,,,,,,,,,,,,,,,,,,,,,,,,,,,,,,,,,,
200478,15级宝石,35127,100,35128,100,35129,100,35130,100,35131,100,35132,100,35133,100,35134,100,35135,100,,,,,,,,,,,,,,,,,,,,,,,,,,,,,,,,,,,,,,,,,,,,,,,,,,,,,,,,,,,,,,,,,,,,,,,,,,,,,,,,,,,,,,,,,,,,,,,,,,,,,,,,,,,,,,,,,,,,,,,,,,,,,,,,,,,,,,,,,,
200479,16级宝石,35136,100,35137,100,35138,100,35139,100,35140,100,35141,100,35142,100,35143,100,35144,100,,,,,,,,,,,,,,,,,,,,,,,,,,,,,,,,,,,,,,,,,,,,,,,,,,,,,,,,,,,,,,,,,,,,,,,,,,,,,,,,,,,,,,,,,,,,,,,,,,,,,,,,,,,,,,,,,,,,,,,,,,,,,,,,,,,,,,,,,,
200480,17级宝石,35145,100,35146,100,35147,100,35148,100,35149,100,35150,100,35151,100,35152,100,35153,100,,,,,,,,,,,,,,,,,,,,,,,,,,,,,,,,,,,,,,,,,,,,,,,,,,,,,,,,,,,,,,,,,,,,,,,,,,,,,,,,,,,,,,,,,,,,,,,,,,,,,,,,,,,,,,,,,,,,,,,,,,,,,,,,,,,,,,,,,,
200481,18级宝石,35154,100,35155,100,35156,100,35157,100,35158,100,35159,100,35160,100,35161,100,35162,100,,,,,,,,,,,,,,,,,,,,,,,,,,,,,,,,,,,,,,,,,,,,,,,,,,,,,,,,,,,,,,,,,,,,,,,,,,,,,,,,,,,,,,,,,,,,,,,,,,,,,,,,,,,,,,,,,,,,,,,,,,,,,,,,,,,,,,,,,,
200482,19级宝石,35163,100,35164,100,35165,100,35166,100,35167,100,35168,100,35169,100,35170,100,35171,100,,,,,,,,,,,,,,,,,,,,,,,,,,,,,,,,,,,,,,,,,,,,,,,,,,,,,,,,,,,,,,,,,,,,,,,,,,,,,,,,,,,,,,,,,,,,,,,,,,,,,,,,,,,,,,,,,,,,,,,,,,,,,,,,,,,,,,,,,,
200483,20级宝石,35172,100,35173,100,35174,100,35175,100,35176,100,35177,100,35178,100,35179,100,35180,100,,,,,,,,,,,,,,,,,,,,,,,,,,,,,,,,,,,,,,,,,,,,,,,,,,,,,,,,,,,,,,,,,,,,,,,,,,,,,,,,,,,,,,,,,,,,,,,,,,,,,,,,,,,,,,,,,,,,,,,,,,,,,,,,,,,,,,,,,,
200484,21级宝石,35181,100,35182,100,35183,100,35184,100,35185,100,35186,100,35187,100,35188,100,35189,100,,,,,,,,,,,,,,,,,,,,,,,,,,,,,,,,,,,,,,,,,,,,,,,,,,,,,,,,,,,,,,,,,,,,,,,,,,,,,,,,,,,,,,,,,,,,,,,,,,,,,,,,,,,,,,,,,,,,,,,,,,,,,,,,,,,,,,,,,,
200485,22级宝石,35190,100,35191,100,35192,100,35193,100,35194,100,35195,100,35196,100,35197,100,35198,100,,,,,,,,,,,,,,,,,,,,,,,,,,,,,,,,,,,,,,,,,,,,,,,,,,,,,,,,,,,,,,,,,,,,,,,,,,,,,,,,,,,,,,,,,,,,,,,,,,,,,,,,,,,,,,,,,,,,,,,,,,,,,,,,,,,,,,,,,,
200486,23级宝石,35199,100,35200,100,35201,100,35202,100,35203,100,35204,100,35205,100,35206,100,35207,100,,,,,,,,,,,,,,,,,,,,,,,,,,,,,,,,,,,,,,,,,,,,,,,,,,,,,,,,,,,,,,,,,,,,,,,,,,,,,,,,,,,,,,,,,,,,,,,,,,,,,,,,,,,,,,,,,,,,,,,,,,,,,,,,,,,,,,,,,,
200487,24级宝石,35208,100,35209,100,35210,100,35211,100,35212,100,35213,100,35214,100,35215,100,35216,100,,,,,,,,,,,,,,,,,,,,,,,,,,,,,,,,,,,,,,,,,,,,,,,,,,,,,,,,,,,,,,,,,,,,,,,,,,,,,,,,,,,,,,,,,,,,,,,,,,,,,,,,,,,,,,,,,,,,,,,,,,,,,,,,,,,,,,,,,,
200488,25级宝石,35217,100,35218,100,35219,100,35220,100,35221,100,35222,100,35223,100,35224,100,35225,100,,,,,,,,,,,,,,,,,,,,,,,,,,,,,,,,,,,,,,,,,,,,,,,,,,,,,,,,,,,,,,,,,,,,,,,,,,,,,,,,,,,,,,,,,,,,,,,,,,,,,,,,,,,,,,,,,,,,,,,,,,,,,,,,,,,,,,,,,,
200489,26级宝石,35226,100,35227,100,35228,100,35229,100,35230,100,35231,100,35232,100,35233,100,35234,100,,,,,,,,,,,,,,,,,,,,,,,,,,,,,,,,,,,,,,,,,,,,,,,,,,,,,,,,,,,,,,,,,,,,,,,,,,,,,,,,,,,,,,,,,,,,,,,,,,,,,,,,,,,,,,,,,,,,,,,,,,,,,,,,,,,,,,,,,,
200490,27级宝石,35235,100,35236,100,35237,100,35238,100,35239,100,35240,100,35241,100,35242,100,35243,100,,,,,,,,,,,,,,,,,,,,,,,,,,,,,,,,,,,,,,,,,,,,,,,,,,,,,,,,,,,,,,,,,,,,,,,,,,,,,,,,,,,,,,,,,,,,,,,,,,,,,,,,,,,,,,,,,,,,,,,,,,,,,,,,,,,,,,,,,,
200491,28级宝石,35244,100,35245,100,35246,100,35247,100,35248,100,35249,100,35250,100,35251,100,35252,100,,,,,,,,,,,,,,,,,,,,,,,,,,,,,,,,,,,,,,,,,,,,,,,,,,,,,,,,,,,,,,,,,,,,,,,,,,,,,,,,,,,,,,,,,,,,,,,,,,,,,,,,,,,,,,,,,,,,,,,,,,,,,,,,,,,,,,,,,,
200492,29级宝石,35253,100,35254,100,35255,100,35256,100,35257,100,35258,100,35259,100,35260,100,35261,100,,,,,,,,,,,,,,,,,,,,,,,,,,,,,,,,,,,,,,,,,,,,,,,,,,,,,,,,,,,,,,,,,,,,,,,,,,,,,,,,,,,,,,,,,,,,,,,,,,,,,,,,,,,,,,,,,,,,,,,,,,,,,,,,,,,,,,,,,,
200493,30级宝石,35262,100,35263,100,35264,100,35265,100,35266,100,35267,100,35268,100,35269,100,35270,100,,,,,,,,,,,,,,,,,,,,,,,,,,,,,,,,,,,,,,,,,,,,,,,,,,,,,,,,,,,,,,,,,,,,,,,,,,,,,,,,,,,,,,,,,,,,,,,,,,,,,,,,,,,,,,,,,,,,,,,,,,,,,,,,,,,,,,,,,,
200494,宝宝内丹,333099,100,,,,,,,,,,,,,,,,,,,,,,,,,,,,,,,,,,,,,,,,,,,,,,,,,,,,,,,,,,,,,,,,,,,,,,,,,,,,,,,,,,,,,,,,,,,,,,,,,,,,,,,,,,,,,,,,,,,,,,,,,,,,,,,,,,,,,,,,,,,,,,,,,,,,,,,,,,
200495,超级技能,340780,100,,,,,,,,,,,,,,,,,,,,,,,,,,,,,,,,,,,,,,,,,,,,,,,,,,,,,,,,,,,,,,,,,,,,,,,,,,,,,,,,,,,,,,,,,,,,,,,,,,,,,,,,,,,,,,,,,,,,,,,,,,,,,,,,,,,,,,,,,,,,,,,,,,,,,,,,,,
200496,至尊夺宝令,337943,100,,,,,,,,,,,,,,,,,,,,,,,,,,,,,,,,,,,,,,,,,,,,,,,,,,,,,,,,,,,,,,,,,,,,,,,,,,,,,,,,,,,,,,,,,,,,,,,,,,,,,,,,,,,,,,,,,,,,,,,,,,,,,,,,,,,,,,,,,,,,,,,,,,,,,,,,,,
200497,陨铁,340160,100,,,,,,,,,,,,,,,,,,,,,,,,,,,,,,,,,,,,,,,,,,,,,,,,,,,,,,,,,,,,,,,,,,,,,,,,,,,,,,,,,,,,,,,,,,,,,,,,,,,,,,,,,,,,,,,,,,,,,,,,,,,,,,,,,,,,,,,,,,,,,,,,,,,,,,,,,,
200498,深渊挑战卷,340159,100,,,,,,,,,,,,,,,,,,,,,,,,,,,,,,,,,,,,,,,,,,,,,,,,,,,,,,,,,,,,,,,,,,,,,,,,,,,,,,,,,,,,,,,,,,,,,,,,,,,,,,,,,,,,,,,,,,,,,,,,,,,,,,,,,,,,,,,,,,,,,,,,,,,,,,,,,,
200499,蚩尤分身，关照万象,311214,100,311145,100,,,,,,,,,,,,,,,,,,,,,,,,,,,,,,,,,,,,,,,,,,,,,,,,,,,,,,,,,,,,,,,,,,,,,,,,,,,,,,,,,,,,,,,,,,,,,,,,,,,,,,,,,,,,,,,,,,,,,,,,,,,,,,,,,,,,,,,,,,,,,,,,,,,,,,,,
200500,转生丹,340726,100,,,,,,,,,,,,,,,,,,,,,,,,,,,,,,,,,,,,,,,,,,,,,,,,,,,,,,,,,,,,,,,,,,,,,,,,,,,,,,,,,,,,,,,,,,,,,,,,,,,,,,,,,,,,,,,,,,,,,,,,,,,,,,,,,,,,,,,,,,,,,,,,,,,,,,,,,,
200501,神兜兜,339102,100,,,,,,,,,,,,,,,,,,,,,,,,,,,,,,,,,,,,,,,,,,,,,,,,,,,,,,,,,,,,,,,,,,,,,,,,,,,,,,,,,,,,,,,,,,,,,,,,,,,,,,,,,,,,,,,,,,,,,,,,,,,,,,,,,,,,,,,,,,,,,,,,,,,,,,,,,,
200502,夺宝令,337942,100,,,,,,,,,,,,,,,,,,,,,,,,,,,,,,,,,,,,,,,,,,,,,,,,,,,,,,,,,,,,,,,,,,,,,,,,,,,,,,,,,,,,,,,,,,,,,,,,,,,,,,,,,,,,,,,,,,,,,,,,,,,,,,,,,,,,,,,,,,,,,,,,,,,,,,,,,,
200503,强P,40014,100,,,,,,,,,,,,,,,,,,,,,,,,,,,,,,,,,,,,,,,,,,,,,,,,,,,,,,,,,,,,,,,,,,,,,,,,,,,,,,,,,,,,,,,,,,,,,,,,,,,,,,,,,,,,,,,,,,,,,,,,,,,,,,,,,,,,,,,,,,,,,,,,,,,,,,,,,,
200504,陨铁,340160,100,,,,,,,,,,,,,,,,,,,,,,,,,,,,,,,,,,,,,,,,,,,,,,,,,,,,,,,,,,,,,,,,,,,,,,,,,,,,,,,,,,,,,,,,,,,,,,,,,,,,,,,,,,,,,,,,,,,,,,,,,,,,,,,,,,,,,,,,,,,,,,,,,,,,,,,,,,
200505,装备碎片,340827,100,,,,,,,,,,,,,,,,,,,,,,,,,,,,,,,,,,,,,,,,,,,,,,,,,,,,,,,,,,,,,,,,,,,,,,,,,,,,,,,,,,,,,,,,,,,,,,,,,,,,,,,,,,,,,,,,,,,,,,,,,,,,,,,,,,,,,,,,,,,,,,,,,,,,,,,,,,
200506,陨铁,340160,100,,,,,,,,,,,,,,,,,,,,,,,,,,,,,,,,,,,,,,,,,,,,,,,,,,,,,,,,,,,,,,,,,,,,,,,,,,,,,,,,,,,,,,,,,,,,,,,,,,,,,,,,,,,,,,,,,,,,,,,,,,,,,,,,,,,,,,,,,,,,,,,,,,,,,,,,,,
200507,陨铁,340160,100,,,,,,,,,,,,,,,,,,,,,,,,,,,,,,,,,,,,,,,,,,,,,,,,,,,,,,,,,,,,,,,,,,,,,,,,,,,,,,,,,,,,,,,,,,,,,,,,,,,,,,,,,,,,,,,,,,,,,,,,,,,,,,,,,,,,,,,,,,,,,,,,,,,,,,,,,,
200508,陨铁,340160,100,,,,,,,,,,,,,,,,,,,,,,,,,,,,,,,,,,,,,,,,,,,,,,,,,,,,,,,,,,,,,,,,,,,,,,,,,,,,,,,,,,,,,,,,,,,,,,,,,,,,,,,,,,,,,,,,,,,,,,,,,,,,,,,,,,,,,,,,,,,,,,,,,,,,,,,,,,
200509,陨铁,340160,100,,,,,,,,,,,,,,,,,,,,,,,,,,,,,,,,,,,,,,,,,,,,,,,,,,,,,,,,,,,,,,,,,,,,,,,,,,,,,,,,,,,,,,,,,,,,,,,,,,,,,,,,,,,,,,,,,,,,,,,,,,,,,,,,,,,,,,,,,,,,,,,,,,,,,,,,,,
200510,陨铁,340160,101,,,,,,,,,,,,,,,,,,,,,,,,,,,,,,,,,,,,,,,,,,,,,,,,,,,,,,,,,,,,,,,,,,,,,,,,,,,,,,,,,,,,,,,,,,,,,,,,,,,,,,,,,,,,,,,,,,,,,,,,,,,,,,,,,,,,,,,,,,,,,,,,,,,,,,,,,,
200511,神级法宝,8591162,100,8591163,100,8591164,100,8591165,100,8591166,100,8591167,100,,,,,,,,,,,,,,,,,,,,,,,,,,,,,,,,,,,,,,,,,,,,,,,,,,,,,,,,,,,,,,,,,,,,,,,,,,,,,,,,,,,,,,,,,,,,,,,,,,,,,,,,,,,,,,,,,,,,,,,,,,,,,,,,,,,,,,,,,,,,,,,,
200512,神级静脉,8590678,100,8590679,100,8590680,100,8590681,100,8590686,100,8590687,100,8590688,100,8590689,100,8590690,100,8590691,100,8590692,100,8590693,100,,,,,,,,,,,,,,,,,,,,,,,,,,,,,,,,,,,,,,,,,,,,,,,,,,,,,,,,,,,,,,,,,,,,,,,,,,,,,,,,,,,,,,,,,,,,,,,,,,,,,,,,,,,,,,,,,,,,,,,,,,,,,,,,,,,,
200513,装备碎片,340827,100,,,,,,,,,,,,,,,,,,,,,,,,,,,,,,,,,,,,,,,,,,,,,,,,,,,,,,,,,,,,,,,,,,,,,,,,,,,,,,,,,,,,,,,,,,,,,,,,,,,,,,,,,,,,,,,,,,,,,,,,,,,,,,,,,,,,,,,,,,,,,,,,,,,,,,,,,,
200514,130书,351300,100,351301,100,351302,100,351303,100,351304,100,351305,100,351306,100,351307,100,351308,100,351309,100,351310,100,351311,100,351312,100,351313,100,351314,100,351315,100,351316,100,,,,,,,,,,,,,,,,,,,,,,,,,,,,,,,,,,,,,,,,,,,,,,,,,,,,,,,,,,,,,,,,,,,,,,,,,,,,,,,,,,,,,,,,,,,,,,,,,,,,,,,,,,,,,,,,,,,,,,,,,,
200515,130书,351300,100,351301,100,351302,100,351303,100,351304,100,351305,100,351306,100,351307,100,351308,100,351309,100,351310,100,351311,100,351312,100,351313,100,351314,100,351315,100,351316,100,,,,,,,,,,,,,,,,,,,,,,,,,,,,,,,,,,,,,,,,,,,,,,,,,,,,,,,,,,,,,,,,,,,,,,,,,,,,,,,,,,,,,,,,,,,,,,,,,,,,,,,,,,,,,,,,,,,,,,,,,,
200516,140书,351400,100,351401,100,351402,100,351403,100,351404,100,351405,100,351406,100,351407,100,351408,100,351409,100,351410,100,351411,100,351412,100,351413,100,351414,100,351415,100,351416,100,,,,,,,,,,,,,,,,,,,,,,,,,,,,,,,,,,,,,,,,,,,,,,,,,,,,,,,,,,,,,,,,,,,,,,,,,,,,,,,,,,,,,,,,,,,,,,,,,,,,,,,,,,,,,,,,,,,,,,,,,,
200517,150书,351500,100,351501,100,351502,100,351503,100,351504,100,351505,100,351506,100,351507,100,351508,100,351509,100,351510,100,351511,100,351512,100,351513,100,351514,100,351515,100,351516,100,,,,,,,,,,,,,,,,,,,,,,,,,,,,,,,,,,,,,,,,,,,,,,,,,,,,,,,,,,,,,,,,,,,,,,,,,,,,,,,,,,,,,,,,,,,,,,,,,,,,,,,,,,,,,,,,,,,,,,,,,,
200197,130级铁书,341113,100,351300,100,351301,100,351302,100,351303,100,351304,100,351305,100,351306,100,351307,100,351308,100,351309,100,351310,100,351311,100,351312,100,351313,100,351314,100,351315,100,351316,100,,,,,,,,,,,,,,,,,,,,,,,,,,,,,,,,,,,,,,,,,,,,,,,,,,,,,,,,,,,,,,,,,,,,,,,,,,,,,,,,,,,,,,,,,,,,,,,,,,,,,,,,,,,,,,,,,,,,,,,,
200198,130级铁书,341113,100,351300,100,351301,100,351302,100,351303,100,351304,100,351305,100,351306,100,351307,100,351308,100,351309,100,351310,100,351311,100,351312,100,351313,100,351314,100,351315,100,351316,100,,,,,,,,,,,,,,,,,,,,,,,,,,,,,,,,,,,,,,,,,,,,,,,,,,,,,,,,,,,,,,,,,,,,,,,,,,,,,,,,,,,,,,,,,,,,,,,,,,,,,,,,,,,,,,,,,,,,,,,,
200199,140级铁书,341114,100,351400,100,351401,100,351402,100,351403,100,351404,100,351405,100,351406,100,351407,100,351408,100,351409,100,351410,100,351411,100,351412,100,351413,100,351414,100,351415,100,351416,100,,,,,,,,,,,,,,,,,,,,,,,,,,,,,,,,,,,,,,,,,,,,,,,,,,,,,,,,,,,,,,,,,,,,,,,,,,,,,,,,,,,,,,,,,,,,,,,,,,,,,,,,,,,,,,,,,,,,,,,,
200200,150级铁书,341115,100,351500,100,351501,100,351502,100,351503,100,351504,100,351505,100,351506,100,351507,100,351508,100,351509,100,351510,100,351511,100,351512,100,351513,100,351514,100,351515,100,351516,100,,,,,,,,,,,,,,,,,,,,,,,,,,,,,,,,,,,,,,,,,,,,,,,,,,,,,,,,,,,,,,,,,,,,,,,,,,,,,,,,,,,,,,,,,,,,,,,,,,,,,,,,,,,,,,,,,,,,,,,,
200518,潜能果金木水火土,331006,1000,331007,100,331008,100,331009,1000,331010,1000,,,,,,,,,,,,,,,,,,,,,,,,,,,,,,,,,,,,,,,,,,,,,,,,,,,,,,,,,,,,,,,,,,,,,,,,,,,,,,,,,,,,,,,,,,,,,,,,,,,,,,,,,,,,,,,,,,,,,,,,,,,,,,,,,,,,,,,,,,,,,,,,,,
200519,1,310100,100,,,,,,,,,,,,,,,,,,,,,,,,,,,,,,,,,,,,,,,,,,,,,,,,,,,,,,,,,,,,,,,,,,,,,,,,,,,,,,,,,,,,,,,,,,,,,,,,,,,,,,,,,,,,,,,,,,,,,,,,,,,,,,,,,,,,,,,,,,,,,,,,,,,,,,,,,,
200520,2,310101,100,,,,,,,,,,,,,,,,,,,,,,,,,,,,,,,,,,,,,,,,,,,,,,,,,,,,,,,,,,,,,,,,,,,,,,,,,,,,,,,,,,,,,,,,,,,,,,,,,,,,,,,,,,,,,,,,,,,,,,,,,,,,,,,,,,,,,,,,,,,,,,,,,,,,,,,,,,
200521,3,310102,100,,,,,,,,,,,,,,,,,,,,,,,,,,,,,,,,,,,,,,,,,,,,,,,,,,,,,,,,,,,,,,,,,,,,,,,,,,,,,,,,,,,,,,,,,,,,,,,,,,,,,,,,,,,,,,,,,,,,,,,,,,,,,,,,,,,,,,,,,,,,,,,,,,,,,,,,,,
200522,4,310103,100,,,,,,,,,,,,,,,,,,,,,,,,,,,,,,,,,,,,,,,,,,,,,,,,,,,,,,,,,,,,,,,,,,,,,,,,,,,,,,,,,,,,,,,,,,,,,,,,,,,,,,,,,,,,,,,,,,,,,,,,,,,,,,,,,,,,,,,,,,,,,,,,,,,,,,,,,,
200523,蚩尤装备,9150101,100,9150102,100,9150103,100,9150104,100,9150105,100,9150106,100,9150107,100,9150108,100,9150109,100,9150110,100,9150207,100,9150208,100,9150309,100,9150310,100,9150411,100,9150512,100,9150613,100,,,,,,,,,,,,,,,,,,,,,,,,,,,,,,,,,,,,,,,,,,,,,,,,,,,,,,,,,,,,,,,,,,,,,,,,,,,,,,,,,,,,,,,,,,,,,,,,,,,,,,,,,,,,,,,,,,,,,,,,,,
200524,天魔装备,9160101,100,9160102,100,9160103,100,9160104,100,9160105,100,9160106,100,9160107,100,9160108,100,9160109,100,9160110,100,9160207,100,9160208,100,9160309,100,9160310,100,9160411,100,9160512,100,9160613,100,,,,,,,,,,,,,,,,,,,,,,,,,,,,,,,,,,,,,,,,,,,,,,,,,,,,,,,,,,,,,,,,,,,,,,,,,,,,,,,,,,,,,,,,,,,,,,,,,,,,,,,,,,,,,,,,,,,,,,,,,,
200525,蚩尤宝石,35352,100,35353,100,35354,100,35355,100,35356,100,35357,100,35358,100,35359,100,35360,100,,,,,,,,,,,,,,,,,,,,,,,,,,,,,,,,,,,,,,,,,,,,,,,,,,,,,,,,,,,,,,,,,,,,,,,,,,,,,,,,,,,,,,,,,,,,,,,,,,,,,,,,,,,,,,,,,,,,,,,,,,,,,,,,,,,,,,,,,,
200526,天魔宝石,35442,100,35443,100,35444,100,35445,100,35446,100,35447,100,35448,100,35449,100,35450,100,,,,,,,,,,,,,,,,,,,,,,,,,,,,,,,,,,,,,,,,,,,,,,,,,,,,,,,,,,,,,,,,,,,,,,,,,,,,,,,,,,,,,,,,,,,,,,,,,,,,,,,,,,,,,,,,,,,,,,,,,,,,,,,,,,,,,,,,,,
200527,千叶精华,340842,100,,,,,,,,,,,,,,,,,,,,,,,,,,,,,,,,,,,,,,,,,,,,,,,,,,,,,,,,,,,,,,,,,,,,,,,,,,,,,,,,,,,,,,,,,,,,,,,,,,,,,,,,,,,,,,,,,,,,,,,,,,,,,,,,,,,,,,,,,,,,,,,,,,,,,,,,,,
200386,特殊技能,311083,100,311084,100,311085,100,311086,100,311087,100,311088,100,311089,100,311090,100,311091,100,311092,100,311093,100,311094,100,311095,100,311096,100,311097,100,311098,100,311099,100,311100,100,311101,100,311102,100,311127,100,311128,5,311129,100,311130,100,311131,100,311132,100,311133,100,311123,100,311124,100,311125,100,311149,100,311214,5,311143,100,311144,100,311145,100,311146,100,311147,100,311148,100,311222,5,311238,100,311239,100,311240,100,311241,100,311242,100,311243,100,311244,100,311245,100,311246,100,311247,100,311248,100,311249,100,311250,100,311251,100,311252,100,311253,100,311254,20,311255,100,311256,100,311257,20,311177,20,311182,20,311224,100,311226,100,,,,,,,,,,,,,,,,,,,,,,,,,,,,,,
200420,特殊技能,311083,100,311084,100,311085,100,311086,100,311087,100,311088,100,311089,100,311090,100,311091,100,311092,100,311093,100,311094,100,311095,100,311096,100,311097,100,311098,100,311099,100,311100,100,311101,100,311102,100,311127,100,311128,5,311129,100,311130,100,311131,100,311132,100,311133,100,311123,100,311124,100,311125,100,311149,100,311214,5,311143,100,311144,100,311145,100,311146,100,311147,100,311148,100,311222,5,311238,100,311239,100,311240,100,311241,100,311242,100,311243,100,311244,100,311245,100,311246,100,311247,100,311248,100,311249,100,311250,100,311251,100,311252,100,311253,100,311254,20,311255,100,311256,100,311257,20,311177,20,311182,20,311224,100,311226,100,,,,,,,,,,,,,,,,,,,,,,,,,,,,,,
200528,16技能神兽随机,343000,100,343001,100,343002,100,343003,100,343004,100,343005,100,343006,100,343007,100,343008,100,343009,100,343010,100,343011,100,343012,100,343013,100,343014,100,343015,100,343016,100,343017,100,343018,100,343019,100,343020,100,343021,100,343022,100,343023,100,,,,,,,,,,,,,,,,,,,,,,,,,,,,,,,,,,,,,,,,,,,,,,,,,,,,,,,,,,,,,,,,,,,,,,,,,,,,,,,,,,,,,,,,,,,,,,,,,,,,,,,,,,,,
200529,材料商陨铁碎片,340160,100,340827,100,340842,100,340847,100,340159,100,,,,,,,,,,,,,,,,,,,,,,,,,,,,,,,,,,,,,,,,,,,,,,,,,,,,,,,,,,,,,,,,,,,,,,,,,,,,,,,,,,,,,,,,,,,,,,,,,,,,,,,,,,,,,,,,,,,,,,,,,,,,,,,,,,,,,,,,,,,,,,,,,,
200530,猴哥的赏赐,9170101,100,9170102,100,9170103,100,9170104,100,9170105,100,9170106,100,9170107,10,9170108,10,9170109,10,9170110,10,9170207,10,9170208,10,9170309,10,9170310,10,9170411,10,9170512,10,9170613,10,311214,10,311145,10,340869,10,340870,100,35352,200,35353,200,35354,200,35355,200,35356,200,35357,200,35358,200,35359,200,35360,200,337942,200,333099,200,,,,,,,,,,,,,,,,,,,,,,,,,,,,,,,,,,,,,,,,,,,,,,,,,,,,,,,,,,,,,,,,,,,,,,,,,,,,,,,,,,,,,,,,,,,,
200531,持有,340159,100,,,,,,,,,,,,,,,,,,,,,,,,,,,,,,,,,,,,,,,,,,,,,,,,,,,,,,,,,,,,,,,,,,,,,,,,,,,,,,,,,,,,,,,,,,,,,,,,,,,,,,,,,,,,,,,,,,,,,,,,,,,,,,,,,,,,,,,,,,,,,,,,,,,,,,,,,,
200532,天魔,340847,100,,,,,,,,,,,,,,,,,,,,,,,,,,,,,,,,,,,,,,,,,,,,,,,,,,,,,,,,,,,,,,,,,,,,,,,,,,,,,,,,,,,,,,,,,,,,,,,,,,,,,,,,,,,,,,,,,,,,,,,,,,,,,,,,,,,,,,,,,,,,,,,,,,,,,,,,,,
200533,静脉全部的100-160,8590614,100,8590615,100,8590616,100,8590617,100,8590622,100,8590623,100,8590624,100,8590625,100,8590626,100,8590627,100,8590628,100,8590629,100,8590646,100,8590647,100,8590648,100,8590649,100,8590654,100,8590655,100,8590656,100,8590657,100,8590658,100,8590659,100,8590660,100,8590661,100,8590630,100,8590631,100,8590632,100,8590633,100,8590638,100,8590639,100,8590640,100,8590641,100,8590642,100,8590643,100,8590644,100,8590645,100,8590662,100,8590663,100,8590664,100,8590665,100,8590670,100,8590671,100,8590672,100,8590673,100,8590674,100,8590675,100,8590676,100,8590677,100,,,,,,,,,,,,,,,,,,,,,,,,,,,,,,,,,,,,,,,,,,,,,,,,,,,,,,,,,,,,
200534,100戒指,8590618,100,8590619,100,8590620,100,8590621,100,,,,,,,,,,,,,,,,,,,,,,,,,,,,,,,,,,,,,,,,,,,,,,,,,,,,,,,,,,,,,,,,,,,,,,,,,,,,,,,,,,,,,,,,,,,,,,,,,,,,,,,,,,,,,,,,,,,,,,,,,,,,,,,,,,,,,,,,,,,,,,,,,,,,
200535,120戒指,8590634,100,8590635,100,8590636,100,8590637,100,,,,,,,,,,,,,,,,,,,,,,,,,,,,,,,,,,,,,,,,,,,,,,,,,,,,,,,,,,,,,,,,,,,,,,,,,,,,,,,,,,,,,,,,,,,,,,,,,,,,,,,,,,,,,,,,,,,,,,,,,,,,,,,,,,,,,,,,,,,,,,,,,,,,
200536,140戒指,8590650,100,8590651,100,8590652,100,8590653,100,,,,,,,,,,,,,,,,,,,,,,,,,,,,,,,,,,,,,,,,,,,,,,,,,,,,,,,,,,,,,,,,,,,,,,,,,,,,,,,,,,,,,,,,,,,,,,,,,,,,,,,,,,,,,,,,,,,,,,,,,,,,,,,,,,,,,,,,,,,,,,,,,,,,
200537,160戒指,8590666,100,8590667,100,8590668,100,8590669,100,,,,,,,,,,,,,,,,,,,,,,,,,,,,,,,,,,,,,,,,,,,,,,,,,,,,,,,,,,,,,,,,,,,,,,,,,,,,,,,,,,,,,,,,,,,,,,,,,,,,,,,,,,,,,,,,,,,,,,,,,,,,,,,,,,,,,,,,,,,,,,,,,,,,
200538,180戒指,8590682,100,8590683,100,8590684,100,8590685,100,,,,,,,,,,,,,,,,,,,,,,,,,,,,,,,,,,,,,,,,,,,,,,,,,,,,,,,,,,,,,,,,,,,,,,,,,,,,,,,,,,,,,,,,,,,,,,,,,,,,,,,,,,,,,,,,,,,,,,,,,,,,,,,,,,,,,,,,,,,,,,,,,,,,
200539,点化,400017,100,,,,,,,,,,,,,,,,,,,,,,,,,,,,,,,,,,,,,,,,,,,,,,,,,,,,,,,,,,,,,,,,,,,,,,,,,,,,,,,,,,,,,,,,,,,,,,,,,,,,,,,,,,,,,,,,,,,,,,,,,,,,,,,,,,,,,,,,,,,,,,,,,,,,,,,,,,
200540,限定坐骑,331516,100,331517,100,331518,100,331519,100,331520,100,331521,100,331522,100,331523,100,,,,,,,,,,,,,,,,,,,,,,,,,,,,,,,,,,,,,,,,,,,,,,,,,,,,,,,,,,,,,,,,,,,,,,,,,,,,,,,,,,,,,,,,,,,,,,,,,,,,,,,,,,,,,,,,,,,,,,,,,,,,,,,,,,,,,,,,,,,,
200541,副本大礼包,339102,100,500085,100,500092,100,,,,,,,,,,,,,,,,,,,,,,,,,,,,,,,,,,,,,,,,,,,,,,,,,,,,,,,,,,,,,,,,,,,,,,,,,,,,,,,,,,,,,,,,,,,,,,,,,,,,,,,,,,,,,,,,,,,,,,,,,,,,,,,,,,,,,,,,,,,,,,,,,,,,,,
200542,四阶宠物装备包,219004,100,219104,100,219204,100,,,,,,,,,,,,,,,,,,,,,,,,,,,,,,,,,,,,,,,,,,,,,,,,,,,,,,,,,,,,,,,,,,,,,,,,,,,,,,,,,,,,,,,,,,,,,,,,,,,,,,,,,,,,,,,,,,,,,,,,,,,,,,,,,,,,,,,,,,,,,,,,,,,,,,
200543,五阶宠物装备包,219005,100,219105,100,219205,100,,,,,,,,,,,,,,,,,,,,,,,,,,,,,,,,,,,,,,,,,,,,,,,,,,,,,,,,,,,,,,,,,,,,,,,,,,,,,,,,,,,,,,,,,,,,,,,,,,,,,,,,,,,,,,,,,,,,,,,,,,,,,,,,,,,,,,,,,,,,,,,,,,,,,,
200544,神级宠物装备包,219006,100,219106,100,219206,100,,,,,,,,,,,,,,,,,,,,,,,,,,,,,,,,,,,,,,,,,,,,,,,,,,,,,,,,,,,,,,,,,,,,,,,,,,,,,,,,,,,,,,,,,,,,,,,,,,,,,,,,,,,,,,,,,,,,,,,,,,,,,,,,,,,,,,,,,,,,,,,,,,,,,,
200545,1W仙玉,335105,100,,,,,,,,,,,,,,,,,,,,,,,,,,,,,,,,,,,,,,,,,,,,,,,,,,,,,,,,,,,,,,,,,,,,,,,,,,,,,,,,,,,,,,,,,,,,,,,,,,,,,,,,,,,,,,,,,,,,,,,,,,,,,,,,,,,,,,,,,,,,,,,,,,,,,,,,,,
200546,乌金,500096,100,,,,,,,,,,,,,,,,,,,,,,,,,,,,,,,,,,,,,,,,,,,,,,,,,,,,,,,,,,,,,,,,,,,,,,,,,,,,,,,,,,,,,,,,,,,,,,,,,,,,,,,,,,,,,,,,,,,,,,,,,,,,,,,,,,,,,,,,,,,,,,,,,,,,,,,,,,
200547,超级洗练石,400016,100,,,,,,,,,,,,,,,,,,,,,,,,,,,,,,,,,,,,,,,,,,,,,,,,,,,,,,,,,,,,,,,,,,,,,,,,,,,,,,,,,,,,,,,,,,,,,,,,,,,,,,,,,,,,,,,,,,,,,,,,,,,,,,,,,,,,,,,,,,,,,,,,,,,,,,,,,,
200548,幻化符,500131,100,,,,,,,,,,,,,,,,,,,,,,,,,,,,,,,,,,,,,,,,,,,,,,,,,,,,,,,,,,,,,,,,,,,,,,,,,,,,,,,,,,,,,,,,,,,,,,,,,,,,,,,,,,,,,,,,,,,,,,,,,,,,,,,,,,,,,,,,,,,,,,,,,,,,,,,,,,
200549,称号,331404,100,,,,,,,,,,,,,,,,,,,,,,,,,,,,,,,,,,,,,,,,,,,,,,,,,,,,,,,,,,,,,,,,,,,,,,,,,,,,,,,,,,,,,,,,,,,,,,,,,,,,,,,,,,,,,,,,,,,,,,,,,,,,,,,,,,,,,,,,,,,,,,,,,,,,,,,,,,
200550,二阶宠物装备包,219002,100,219102,100,219202,100,,,,,,,,,,,,,,,,,,,,,,,,,,,,,,,,,,,,,,,,,,,,,,,,,,,,,,,,,,,,,,,,,,,,,,,,,,,,,,,,,,,,,,,,,,,,,,,,,,,,,,,,,,,,,,,,,,,,,,,,,,,,,,,,,,,,,,,,,,,,,,,,,,,,,,
200551,三阶宠物装备包,219003,100,219103,100,219203,100,,,,,,,,,,,,,,,,,,,,,,,,,,,,,,,,,,,,,,,,,,,,,,,,,,,,,,,,,,,,,,,,,,,,,,,,,,,,,,,,,,,,,,,,,,,,,,,,,,,,,,,,,,,,,,,,,,,,,,,,,,,,,,,,,,,,,,,,,,,,,,,,,,,,,,
,,,,,,,,,,,,,,,,,,,,,,,,,,,,,,,,,,,,,,,,,,,,,,,,,,,,,,,,,,,,,,,,,,,,,,,,,,,,,,,,,,,,,,,,,,,,,,,,,,,,,,,,,,,,,,,,,,,,,,,,,,,,,,,,,,,,,,,,,,,,,,,,,,,,,,,,,,,,,
,,,,,,,,,,,,,,,,,,,,,,,,,,,,,,,,,,,,,,,,,,,,,,,,,,,,,,,,,,,,,,,,,,,,,,,,,,,,,,,,,,,,,,,,,,,,,,,,,,,,,,,,,,,,,,,,,,,,,,,,,,,,,,,,,,,,,,,,,,,,,,,,,,,,,,,,,,,,,
,,,,,,,,,,,,,,,,,,,,,,,,,,,,,,,,,,,,,,,,,,,,,,,,,,,,,,,,,,,,,,,,,,,,,,,,,,,,,,,,,,,,,,,,,,,,,,,,,,,,,,,,,,,,,,,,,,,,,,,,,,,,,,,,,,,,,,,,,,,,,,,,,,,,,,,,,,,,,
,,,,,,,,,,,,,,,,,,,,,,,,,,,,,,,,,,,,,,,,,,,,,,,,,,,,,,,,,,,,,,,,,,,,,,,,,,,,,,,,,,,,,,,,,,,,,,,,,,,,,,,,,,,,,,,,,,,,,,,,,,,,,,,,,,,,,,,,,,,,,,,,,,,,,,,,,,,,,
,,,,,,,,,,,,,,,,,,,,,,,,,,,,,,,,,,,,,,,,,,,,,,,,,,,,,,,,,,,,,,,,,,,,,,,,,,,,,,,,,,,,,,,,,,,,,,,,,,,,,,,,,,,,,,,,,,,,,,,,,,,,,,,,,,,,,,,,,,,,,,,,,,,,,,,,,,,,,
,,,,,,,,,,,,,,,,,,,,,,,,,,,,,,,,,,,,,,,,,,,,,,,,,,,,,,,,,,,,,,,,,,,,,,,,,,,,,,,,,,,,,,,,,,,,,,,,,,,,,,,,,,,,,,,,,,,,,,,,,,,,,,,,,,,,,,,,,,,,,,,,,,,,,,,,,,,,,
